v ATLAS
# This file was created by ATLAS version 5.32.1.R on Thu Oct  8 03:38:03 2026.
#SSF 2.0 generic
##############################################################################
#                    Copyright (c) 1984 - 2021                               #
#                    Silvaco Inc. All rights reserved                        #
#                                                                            #
# This file format and the following Key are copyright Silvaco Inc.          #
# You may not use, this format or key without reproducing this message in    #
# full and obtaining express written permission from Silvaco Inc.            #
#                                                                            #
# To obtain such permission please contact: Silvaco Inc.                     #
#                                           support@silvaco.com              #
#                                                                            #
# KEY=SVC86hn7562asdx                       PROD=345                         #
##############################################################################
Q 10000 1 "V[1]" 5 1201 7 1
Q 10001 1 "V[2]" 5 1201 7 2
Q 10002 1 "V[3]" 5 1201 7 3
X 1 Vdrain
X 2 Vgate
X 3 Rtap
X 4 Adev_drain
X 5 Adev_source
X 6 Adev_gate
X 7 Adev_tap
X 8 Adev_substrate
p 13 61 10000 10001 10002 82 1301 1302 1303 1304 1305 1306 1307 1308
d  1.0000000000e-09 6.9999996500e-07 -2.0000000000e-01 5.5962171178e-08 3.0000000000e+02 -7.7629611256e-14 3.7504182295e-14 5.5894711548e-15 7.7631213828e-14 -1.2290526289e-15 -3.7477265141e-14 -5.6095312031e-15 -3.3906992958e-14
d  2.0000000000e-09 1.3999999300e-06 -2.0000000000e-01 9.7728337840e-08 3.0000000000e+02 -7.8132281135e-14 3.4565977163e-14 9.7728624597e-15 7.8132270778e-14 -7.4463314166e-16 -3.4546021256e-14 -9.7727489044e-15 -3.2812709335e-14
d  3.0000000000e-09 2.0999998950e-06 -2.0000000000e-01 1.2549560852e-07 3.0000000000e+02 -7.8467466418e-14 3.3346257004e-14 1.2549531903e-14 7.8467476522e-14 -4.4903043685e-16 -3.3326212475e-14 -1.2549646566e-14 -3.2132778387e-14
d  4.2000000000e-09 2.9399998530e-06 -2.0000000000e-01 1.4548879271e-07 3.0000000000e+02 -7.8707989093e-14 3.2316481199e-14 1.4548869460e-14 7.8707991800e-14 -2.2962318851e-16 -3.2296468231e-14 -1.4548904222e-14 -3.1632857006e-14
d  5.6400000000e-09 3.9479998026e-06 -2.0000000000e-01 1.5795260480e-07 3.0000000000e+02 -7.8858130945e-14 3.1669001795e-14 1.5795229670e-14 7.8858138406e-14 -9.2888076918e-17 -3.1648967896e-14 -1.5795325755e-14 -3.1320845391e-14
d  7.3680000000e-09 5.1575997421e-06 -2.0000000000e-01 1.6438345576e-07 3.0000000000e+02 -7.8935691706e-14 3.1335264045e-14 1.6438273829e-14 7.8935706434e-14 -2.2346214814e-17 -3.1315198254e-14 -1.6438472219e-14 -3.1159859989e-14
d  9.4416000000e-09 6.6091196695e-06 -2.0000000000e-01 1.6682760966e-07 3.0000000000e+02 -7.8965167500e-14 3.1208372868e-14 1.6682667203e-14 7.8965183442e-14 4.4699968625e-18 -3.1188301225e-14 -1.6682898890e-14 -3.1098677751e-14
d  1.1929920000e-08 8.3509435825e-06 -2.0000000000e-01 1.6721266944e-07 3.0000000000e+02 -7.8969689299e-14 3.1188152606e-14 1.6721193698e-14 7.8969699273e-14 8.7064110991e-18 -3.1168105965e-14 -1.6721356733e-14 -3.1089027542e-14
d  1.4915904000e-08 1.0441132278e-05 -2.0000000000e-01 1.6689953954e-07 3.0000000000e+02 -7.8965321003e-14 3.1204006380e-14 1.6690040005e-14 7.8965309378e-14 5.2807868740e-18 -3.1184052042e-14 -1.6689866080e-14 -3.1096806009e-14
d  1.8499084800e-08 1.2949358713e-05 -2.0000000000e-01 1.6657402304e-07 3.0000000000e+02 -7.8960491193e-14 3.1219811985e-14 1.6657781784e-14 7.8960451013e-14 1.7487559962e-18 -3.1199979795e-14 -1.6657079329e-14 -3.1104835142e-14
d  2.2798901760e-08 1.5959230434e-05 -2.0000000000e-01 1.6641327967e-07 3.0000000000e+02 -7.8955916917e-14 3.1225708759e-14 1.6642622511e-14 7.8955804779e-14 8.4631880856e-20 -3.1206185808e-14 -1.6640409776e-14 -3.1108524919e-14
d  2.7958682112e-08 1.9571076500e-05 -2.0000000000e-01 1.6635453595e-07 3.0000000000e+02 -7.8947613669e-14 3.1221681575e-14 1.6639574558e-14 7.8947318496e-14 -2.5100828273e-19 -3.1202947097e-14 -1.6633017820e-14 -3.1108975982e-14
d  3.4150418534e-08 2.3905291779e-05 -2.0000000000e-01 1.6631380242e-07 3.0000000000e+02 -7.8934851781e-14 3.1210400402e-14 1.6640490614e-14 7.8934309330e-14 -1.5397140781e-19 -3.1192731904e-14 -1.6626892913e-14 -3.1108132473e-14
d  4.1580502241e-08 2.9106350114e-05 -2.0000000000e-01 1.6626971235e-07 3.0000000000e+02 -7.8922656078e-14 3.1197809315e-14 1.6641381773e-14 7.8921941470e-14 -5.7087990949e-20 -3.1180882652e-14 -1.6621056373e-14 -3.1107187503e-14
d  5.0496602690e-08 3.5347620115e-05 -2.0000000000e-01 1.6625304417e-07 3.0000000000e+02 -7.8919778960e-14 3.1191652533e-14 1.6641613902e-14 7.8919104242e-14 -2.9425170617e-20 -3.1174551165e-14 -1.6619725860e-14 -3.1106729317e-14
d  6.1195923227e-08 4.2837144117e-05 -2.0000000000e-01 1.6624571155e-07 3.0000000000e+02 -7.8919691924e-14 3.1192103525e-14 1.6641543113e-14 7.8919105602e-14 -2.6528753525e-20 -3.1174617170e-14 -1.6619733529e-14 -3.1106735938e-14
d  7.4035107873e-08 5.1824572920e-05 -2.0000000000e-01 1.6623884986e-07 3.0000000000e+02 -7.8919595812e-14 3.1192937162e-14 1.6641510948e-14 7.8919086906e-14 -3.3248127562e-20 -3.1175112585e-14 -1.6619698288e-14 -3.1106776554e-14
d  8.9442129448e-08 6.2609487483e-05 -2.0000000000e-01 1.6623312769e-07 3.0000000000e+02 -7.8919533060e-14 3.1193222021e-14 1.6641523736e-14 7.8919093097e-14 -3.2740303764e-20 -3.1175095044e-14 -1.6619708055e-14 -3.1106776182e-14
d  1.0793055534e-07 7.5551384958e-05 -2.0000000000e-01 1.6622819367e-07 3.0000000000e+02 -7.8919479273e-14 3.1193468703e-14 1.6641547763e-14 7.8919100031e-14 -3.2435339955e-20 -3.1175073907e-14 -1.6619730089e-14 -3.1106775127e-14
d  1.3011666640e-07 9.1081661929e-05 -2.0000000000e-01 1.6622391562e-07 3.0000000000e+02 -7.8919436055e-14 3.1193668354e-14 1.6641574625e-14 7.8919109688e-14 -3.1301765158e-20 -3.1175038498e-14 -1.6619754665e-14 -3.1106774402e-14
d  1.5673999969e-07 1.0971799429e-04 -2.0000000000e-01 1.6622026878e-07 3.0000000000e+02 -7.8919398730e-14 3.1193852392e-14 1.6641606977e-14 7.8919117904e-14 -3.2862247308e-20 -3.1175017811e-14 -1.6619783986e-14 -3.1106773781e-14
d  1.8868799962e-07 1.3208159313e-04 -2.0000000000e-01 1.6621720354e-07 3.0000000000e+02 -7.8919373007e-14 3.1194008065e-14 1.6641645086e-14 7.8919130962e-14 -3.2204742211e-20 -3.1174996342e-14 -1.6619818381e-14 -3.1106772900e-14
d  2.2702559955e-07 1.5891791174e-04 -2.0000000000e-01 1.6621468596e-07 3.0000000000e+02 -7.8919355177e-14 3.1194111462e-14 1.6641690594e-14 7.8919145743e-14 -3.2145577550e-20 -3.1174947313e-14 -1.6619859974e-14 -3.1106771968e-14
d  2.7303071946e-07 1.9112149406e-04 -2.0000000000e-01 1.6621267329e-07 3.0000000000e+02 -7.8919345430e-14 3.1194214009e-14 1.6641746002e-14 7.8919162986e-14 -3.2231432426e-20 -3.1174919394e-14 -1.6619909796e-14 -3.1106770803e-14
d  3.2823686335e-07 2.2976579285e-04 -2.0000000000e-01 1.6621113066e-07 3.0000000000e+02 -7.8919344619e-14 3.1194265076e-14 1.6641811201e-14 7.8919184074e-14 -3.2107649566e-20 -3.1174859197e-14 -1.6619969669e-14 -3.1106769372e-14
d  3.9448423602e-07 2.7613895140e-04 -2.0000000000e-01 1.6621003014e-07 3.0000000000e+02 -7.8919352119e-14 3.1194307057e-14 1.6641891165e-14 7.8919208812e-14 -3.2529510724e-20 -3.1174806705e-14 -1.6620041436e-14 -3.1106767762e-14
d  4.7398108322e-07 3.3178674166e-04 -2.0000000000e-01 1.6620934991e-07 3.0000000000e+02 -7.8919369979e-14 3.1194307650e-14 1.6641985298e-14 7.8919239641e-14 -3.1846100060e-20 -3.1174727255e-14 -1.6620127458e-14 -3.1106765628e-14
d  5.6937729986e-07 3.9856408998e-04 -2.0000000000e-01 1.6620908227e-07 3.0000000000e+02 -7.8919396673e-14 3.1194300913e-14 1.6642098886e-14 7.8919275311e-14 -3.2148155166e-20 -3.1174652916e-14 -1.6620230798e-14 -3.1106763261e-14
d  6.8385275984e-07 4.7869690795e-04 -2.0000000000e-01 1.6620922528e-07 3.0000000000e+02 -7.8919434456e-14 3.1194254020e-14 1.6642235493e-14 7.8919318274e-14 -3.2279951150e-20 -3.1174549049e-14 -1.6620354748e-14 -3.1106760376e-14
d  8.2122331180e-07 5.7485628952e-04 -2.0000000000e-01 1.6620978923e-07 3.0000000000e+02 -7.8919484667e-14 3.1194179488e-14 1.6642398881e-14 7.8919369968e-14 -3.2260082380e-20 -3.1174426580e-14 -1.6620503400e-14 -3.1106756853e-14
d  9.8606797417e-07 6.9024754740e-04 -2.0000000000e-01 1.6621079668e-07 3.0000000000e+02 -7.8919548762e-14 3.1194074424e-14 1.6642595303e-14 7.8919431847e-14 -3.2138863818e-20 -3.1174281254e-14 -1.6620681631e-14 -3.1106752651e-14
d  1.1838815690e-06 8.2871705686e-04 -2.0000000000e-01 1.6621228520e-07 3.0000000000e+02 -7.8919628566e-14 3.1193931734e-14 1.6642830526e-14 7.8919505626e-14 -3.2135405066e-20 -3.1174104786e-14 -1.6620895493e-14 -3.1106747583e-14
d  1.4212578828e-06 9.9488046822e-04 -2.0000000000e-01 1.6621430479e-07 3.0000000000e+02 -7.8919726903e-14 3.1193748689e-14 1.6643113455e-14 7.8919593899e-14 -3.2142549344e-20 -3.1173893440e-14 -1.6621151920e-14 -3.1106741537e-14
d  1.7061094594e-06 1.1942765618e-03 -2.0000000000e-01 1.6621692370e-07 3.0000000000e+02 -7.8919846752e-14 3.1193514546e-14 1.6643452854e-14 7.8919699295e-14 -3.2041271968e-20 -3.1173635603e-14 -1.6621459409e-14 -3.1106734176e-14
d  2.0479313512e-06 1.4335518742e-03 -2.0000000000e-01 1.6622022889e-07 3.0000000000e+02 -7.8919991559e-14 3.1193229788e-14 1.6643861549e-14 7.8919824763e-14 -3.2136327509e-20 -3.1173331032e-14 -1.6621828060e-14 -3.1106725257e-14
d  2.4581176215e-06 1.7206822490e-03 -2.0000000000e-01 1.6622432947e-07 3.0000000000e+02 -7.8920165966e-14 3.1192876399e-14 1.6644355380e-14 7.8919974289e-14 -3.2132801604e-20 -3.1172961093e-14 -1.6622269968e-14 -3.1106714477e-14
d  2.9503411458e-06 2.0652386988e-03 -2.0000000000e-01 1.6644681715e-07 3.0000000000e+02 -7.8961439494e-14 3.1210566325e-14 1.6622935993e-14 7.8961249190e-14 -1.7198275995e-20 -3.1190496320e-14 -1.6644816472e-14 -3.1107814696e-14
d  3.5410093749e-06 2.4787064385e-03 -2.0000000000e-01 1.6645183266e-07 3.0000000000e+02 -7.8960277367e-14 3.1253447960e-14 1.6623400579e-14 7.8960043036e-14 -3.7300230267e-20 -3.1233389522e-14 -1.6645295758e-14 -3.1110588906e-14
d  4.2498112499e-06 2.9748677262e-03 -2.0000000000e-01 1.6646026897e-07 3.0000000000e+02 -7.8960904351e-14 3.1242173576e-14 1.6624208351e-14 7.8960618165e-14 -3.2180474031e-20 -3.1222124798e-14 -1.6646120798e-14 -3.1109884430e-14
d  5.1003734999e-06 3.5702612714e-03 -2.0000000000e-01 1.6646977518e-07 3.0000000000e+02 -7.8961236181e-14 3.1241530339e-14 1.6625123331e-14 7.8960888587e-14 -3.2118241572e-20 -3.1221489623e-14 -1.6647055900e-14 -3.1109867501e-14
d  6.1210481999e-06 4.2847335257e-03 -2.0000000000e-01 1.6648109335e-07 3.0000000000e+02 -7.8961627233e-14 3.1240757995e-14 1.6626217846e-14 7.8961206634e-14 -3.2161340360e-20 -3.1220724007e-14 -1.6648174769e-14 -3.1109847103e-14
d  7.3458578398e-06 5.1421002308e-03 -2.0000000000e-01 1.6649458649e-07 3.0000000000e+02 -7.8962085509e-14 3.1239827795e-14 1.6627527978e-14 7.8961577872e-14 -3.2161110630e-20 -3.1219799420e-14 -1.6649513277e-14 -3.1109822242e-14
d  8.8156294078e-06 6.1709402769e-03 -2.0000000000e-01 1.6651069460e-07 3.0000000000e+02 -7.8962622973e-14 3.1238705955e-14 1.6629094905e-14 7.8962011367e-14 -3.2138649714e-20 -3.1218682261e-14 -1.6651115078e-14 -3.1109791905e-14
d  1.0579355289e-05 7.4055483323e-03 -2.0000000000e-01 1.6653094645e-07 3.0000000000e+02 -7.8963441684e-14 3.1237436576e-14 1.6652991977e-14 7.8962701150e-14 -3.6333719467e-20 -3.1217436484e-14 -1.6653094839e-14 -3.1109769738e-14
d  1.2695826347e-05 8.8870779987e-03 -2.0000000000e-01 1.6655426484e-07 3.0000000000e+02 -7.8964714379e-14 3.1214318661e-14 1.6655324498e-14 7.8963825689e-14 -3.0660453540e-20 -3.1194318585e-14 -1.6655426648e-14 -3.1108347606e-14
d  1.5235591617e-05 1.0664913598e-02 -2.0000000000e-01 1.6658143586e-07 3.0000000000e+02 -7.8965403041e-14 3.1217612202e-14 1.6658014004e-14 7.8964336568e-14 -3.2123479652e-20 -3.1197612121e-14 -1.6658143758e-14 -3.1108630175e-14
d  1.8283309940e-05 1.2798316318e-02 -2.0000000000e-01 1.6661400006e-07 3.0000000000e+02 -7.8966341392e-14 3.1215180534e-14 1.6661124918e-14 7.8965061593e-14 -3.2123398582e-20 -3.1195180391e-14 -1.6661400298e-14 -3.1108559831e-14
d  2.1940571928e-05 1.5358399582e-02 -2.0000000000e-01 1.6665283200e-07 3.0000000000e+02 -7.8967393091e-14 3.1212321311e-14 1.6664602665e-14 7.8965857319e-14 -3.2104171353e-20 -3.1192321016e-14 -1.6665283784e-14 -3.1108478943e-14
d  2.6329286314e-05 1.8430499498e-02 -2.0000000000e-01 1.6669915465e-07 3.0000000000e+02 -7.8968559944e-14 3.1209029469e-14 1.6666617839e-14 7.8966717170e-14 -3.1943817948e-20 -3.1189028278e-14 -1.6669917774e-14 -3.1108390160e-14
d  3.1595743576e-05 2.2117019398e-02 -2.0000000000e-01 1.6675438454e-07 3.0000000000e+02 -7.8969785499e-14 3.1207018418e-14 1.6675444317e-14 7.8967573797e-14 -3.2411861942e-20 -3.1187018420e-14 -1.6675438468e-14 -3.1108407735e-14
d  3.7915492292e-05 2.6540843277e-02 -2.0000000000e-01 1.6682023320e-07 3.0000000000e+02 -7.8971256042e-14 3.1197684521e-14 1.6682021576e-14 7.8968601958e-14 -3.2064348372e-20 -3.1177684520e-14 -1.6682023337e-14 -3.1107987407e-14
d  4.5499190750e-05 3.1849431933e-02 -2.0000000000e-01 1.6669301266e-07 3.0000000000e+02 -7.8934141990e-14 3.1174879461e-14 1.6666957624e-14 7.8930957160e-14 -3.1090504977e-20 -3.1154878971e-14 -1.6669302226e-14 -3.1106748348e-14
d  5.4599628900e-05 3.8219738319e-02 -2.0000000000e-01 1.6677639875e-07 3.0000000000e+02 -7.8933653227e-14 3.1168073968e-14 1.6676119313e-14 7.8929831314e-14 -3.2484216448e-20 -3.1148073703e-14 -1.6677640402e-14 -3.1106568557e-14
d  6.5520154680e-05 4.5864105983e-02 -2.0000000000e-01 1.6688336147e-07 3.0000000000e+02 -7.8934125803e-14 3.1156061362e-14 1.6687152729e-14 7.8929539433e-14 -3.2122568625e-20 -3.1136061190e-14 -1.6688336494e-14 -3.1106104137e-14
d  7.8624785616e-05 5.5037347179e-02 -2.0000000000e-01 1.6701530278e-07 3.0000000000e+02 -7.8934852450e-14 3.1143006296e-14 1.6700500957e-14 7.8929348744e-14 -3.2122431754e-20 -3.1123006172e-14 -1.6701530535e-14 -3.1105632443e-14
d  9.4350342739e-05 6.6045236615e-02 -2.0000000000e-01 1.6717842652e-07 3.0000000000e+02 -7.8935867664e-14 3.1127114421e-14 1.6716808859e-14 7.8929263165e-14 -3.2115776860e-20 -3.1107114317e-14 -1.6717842869e-14 -3.1105050416e-14
d  1.1322101129e-04 7.9254703938e-02 -2.0000000000e-01 1.6761273634e-07 3.0000000000e+02 -7.8980321643e-14 3.1126406106e-14 1.6761280670e-14 7.8972396173e-14 -3.2596012536e-20 -3.1106406107e-14 -1.6761273649e-14 -3.1105503201e-14
d  1.3586581354e-04 9.5106064726e-02 -2.0000000000e-01 1.6787443493e-07 3.0000000000e+02 -7.8983260419e-14 3.1101473836e-14 1.6787219495e-14 7.8973749817e-14 -3.1994919394e-20 -3.1081473820e-14 -1.6787443540e-14 -3.1104523534e-14
d  1.6303957625e-04 1.1412769767e-01 -2.0000000000e-01 1.6821068561e-07 3.0000000000e+02 -7.8987781228e-14 3.1072120136e-14 1.6821068677e-14 7.8976368458e-14 -3.2164512913e-20 -3.1052120136e-14 -1.6821068578e-14 -3.1103383260e-14
d  1.9564809150e-04 1.3695365721e-01 -2.0000000000e-01 1.6843348757e-07 3.0000000000e+02 -7.8954683959e-14 3.1016789138e-14 1.6843120701e-14 7.8940988596e-14 -3.1899520717e-20 -3.0996789127e-14 -1.6843348796e-14 -3.1100760822e-14
d  2.3477830980e-04 1.6434480865e-01 -2.0000000000e-01 1.6901320970e-07 3.0000000000e+02 -7.8964458051e-14 3.0968170976e-14 1.6901308362e-14 7.8948023571e-14 -3.2219954303e-20 -3.0948170976e-14 -1.6901320988e-14 -3.1098731688e-14
d  2.8173457177e-04 1.9721419038e-01 -2.0000000000e-01 1.6985966109e-07 3.0000000000e+02 -7.8989140450e-14 3.0907231390e-14 1.6985922098e-14 7.8969419031e-14 -3.2181079952e-20 -3.0887231389e-14 -1.6985966129e-14 -3.1096139664e-14
d  3.3808208612e-04 2.3665744845e-01 -2.0000000000e-01 1.7110165525e-07 3.0000000000e+02 -7.9033962640e-14 3.0827496546e-14 1.7110004681e-14 7.9010296897e-14 -3.2225464159e-20 -3.0807496542e-14 -1.7110165551e-14 -3.1092637122e-14
d  4.0569910334e-04 2.8398935814e-01 -2.0000000000e-01 1.7299928085e-07 3.0000000000e+02 -7.9114404076e-14 3.0718525632e-14 1.7299586234e-14 7.9086005142e-14 -3.2275760254e-20 -3.0698525624e-14 -1.7299928117e-14 -3.1087658035e-14
d  4.8683952401e-04 3.4078764977e-01 -2.0000000000e-01 1.7603073866e-07 3.0000000000e+02 -7.9259277035e-14 3.0562156590e-14 1.7603212997e-14 7.9225198270e-14 -3.2343935416e-20 -3.0542156593e-14 -1.7603073878e-14 -3.1080213646e-14
d  5.8420802881e-04 4.0894559972e-01 -2.0000000000e-01 1.8107772962e-07 3.0000000000e+02 -7.9519756990e-14 3.0322482340e-14 1.8107854289e-14 7.9478862430e-14 -3.2404475590e-20 -3.0302482341e-14 -1.8107772977e-14 -3.1068336728e-14
d  7.0105023458e-04 4.9073513967e-01 -2.0000000000e-01 1.8988144681e-07 3.0000000000e+02 -8.0005851600e-14 2.9939671710e-14 1.8988289713e-14 7.9956778085e-14 -3.2456280762e-20 -2.9919671712e-14 -1.8988144696e-14 -3.1048819534e-14
d  8.4046462879e-04 5.8832521073e-01 -2.0000000000e-01 2.0548041842e-07 3.0000000000e+02 -8.0907555088e-14 2.9304604470e-14 2.0547842885e-14 8.0848722567e-14 -3.2384057607e-20 -2.9284604468e-14 -2.0548041867e-14 -3.1015872749e-14
d  9.0649620157e-04 6.3454730937e-01 -2.0000000000e-01 2.1524594031e-07 3.0000000000e+02 -8.1501638680e-14 2.8936319607e-14 2.1524698887e-14 8.1438183949e-14 -3.2329774126e-20 -2.8916319609e-14 -2.1524594048e-14 -3.0997000229e-14
d  9.8573408891e-04 6.9001382773e-01 -2.0000000000e-01 2.2923644028e-07 3.0000000000e+02 -8.2373362409e-14 2.8429605520e-14 2.2923541289e-14 8.2304361027e-14 -3.2130914930e-20 -2.8409605517e-14 -2.2923644055e-14 -3.0970809369e-14
d  1.0808195537e-03 7.5657364977e-01 -2.0000000000e-01 2.4929199073e-07 3.0000000000e+02 -8.3671535692e-14 2.7750619878e-14 2.4928717063e-14 8.3595878329e-14 -3.1738833665e-20 -2.7730619870e-14 -2.4929199114e-14 -3.0935871434e-14
d  1.1378708326e-03 7.9650954299e-01 -2.0000000000e-01 2.6296749389e-07 3.0000000000e+02 -8.4596133908e-14 2.7325060842e-14 2.6296728475e-14 8.4516482954e-14 -3.1373198556e-20 -2.7305060841e-14 -2.6296749416e-14 -3.0914347557e-14
d  1.2063323673e-03 8.4443261486e-01 -2.0000000000e-01 2.8091897203e-07 3.0000000000e+02 -8.5856662683e-14 2.6811328359e-14 2.8092066909e-14 8.5772219421e-14 -3.0944994251e-20 -2.6791328363e-14 -2.8091897223e-14 -3.0888536060e-14
d  1.2166015975e-03 8.5162107564e-01 -2.0000000000e-01 2.8387628377e-07 3.0000000000e+02 -8.6086957737e-14 2.6746632436e-14 2.8385175354e-14 8.6001795694e-14 -3.1114080648e-20 -2.6726632154e-14 -2.8387628944e-14 -3.0885480093e-14
d  1.2289246737e-03 8.6024722858e-01 -2.0000000000e-01 2.8728206289e-07 3.0000000000e+02 -8.6331276292e-14 2.6659965910e-14 2.8727250207e-14 8.6245251597e-14 -3.0597740188e-20 -2.6639965785e-14 -2.8728206556e-14 -3.0881206175e-14
d  1.2437123652e-03 8.7059861210e-01 -2.0000000000e-01 2.9197097319e-07 3.0000000000e+02 -8.6723822967e-14 2.6582323824e-14 2.9197117765e-14 8.6636763106e-14 -3.1958423559e-20 -2.6562323826e-14 -2.9197097344e-14 -3.0877572711e-14
d  1.2614575950e-03 8.8302027233e-01 -2.0000000000e-01 2.9704828869e-07 3.0000000000e+02 -8.7094966072e-14 2.6450549481e-14 2.9704337409e-14 8.7006664055e-14 -3.0140740516e-20 -2.6430549437e-14 -2.9704828984e-14 -3.0871038863e-14
d  1.2827518707e-03 8.9792626460e-01 -2.0000000000e-01 3.0323200403e-07 3.0000000000e+02 -8.7551763239e-14 2.6295779956e-14 3.0322543457e-14 8.7461970624e-14 -3.0381643736e-20 -2.6275779906e-14 -3.0323200529e-14 -3.0863416889e-14
d  1.3083050016e-03 9.1581345533e-01 -2.0000000000e-01 3.1022752575e-07 3.0000000000e+02 -8.8026417894e-14 2.6079884388e-14 3.1021301687e-14 8.7934836570e-14 -2.9345671442e-20 -2.6059884295e-14 -3.1022752783e-14 -3.0852603483e-14
d  1.3389687587e-03 9.3727808420e-01 -2.0000000000e-01 3.1914044051e-07 3.0000000000e+02 -8.8687221905e-14 2.5858420682e-14 3.1913742966e-14 8.8593494100e-14 -2.9720352410e-20 -2.5838420666e-14 -3.1914044114e-14 -3.0841797355e-14
d  1.3757652671e-03 9.6303563885e-01 -2.0000000000e-01 3.2981245841e-07 3.0000000000e+02 -8.9484357069e-14 2.5597289210e-14 3.2981224088e-14 8.9388053505e-14 -2.9034323967e-20 -2.5577289209e-14 -3.2981245876e-14 -3.0829145783e-14
d  1.4199210773e-03 9.9394470443e-01 -2.0000000000e-01 3.4285172156e-07 3.0000000000e+02 -9.0499177273e-14 2.5318067883e-14 3.4284948813e-14 9.0399782805e-14 -2.8673107531e-20 -2.5298067875e-14 -3.4285172206e-14 -3.0815950534e-14
d  1.4464145634e-03 1.0124901438e+00 -2.0000000000e-01 3.5115704877e-07 3.0000000000e+02 -9.1200513247e-14 2.5192179559e-14 3.5115518385e-14 9.1099264235e-14 -2.8932924869e-20 -2.5172179549e-14 -3.5115704932e-14 -3.0810405019e-14
d  1.4623106551e-03 1.0236174074e+00 -2.0000000000e-01 3.5685627558e-07 3.0000000000e+02 -9.1742592957e-14 2.5164596929e-14 3.5685678310e-14 9.1640231215e-14 -3.0121236279e-20 -2.5144596934e-14 -3.5685627585e-14 -3.0809758894e-14
d  1.4813859651e-03 1.0369701237e+00 -2.0000000000e-01 3.6268758832e-07 3.0000000000e+02 -9.2222906745e-14 2.5065331234e-14 3.6268831667e-14 9.2119209731e-14 -2.7800323590e-20 -2.5045331240e-14 -3.6268758857e-14 -3.0805278723e-14
d  1.5042763371e-03 1.0529933833e+00 -2.0000000000e-01 3.6968103113e-07 3.0000000000e+02 -9.2805628525e-14 2.4951988190e-14 3.6968120978e-14 9.2700329186e-14 -2.8206109979e-20 -2.4931988191e-14 -3.6968103148e-14 -3.0800240263e-14
d  1.5180105603e-03 1.0626073391e+00 -2.0000000000e-01 3.7386756623e-07 3.0000000000e+02 -9.3158112659e-14 2.4887646830e-14 3.7386770841e-14 9.3051851924e-14 -2.8065952376e-20 -2.4867646832e-14 -3.7386756658e-14 -3.0797426671e-14
d  1.5344916281e-03 1.0741440860e+00 -2.0000000000e-01 3.7888240189e-07 3.0000000000e+02 -9.3583884525e-14 2.4813955655e-14 3.7888295093e-14 9.3476470115e-14 -2.7937912927e-20 -2.4793955660e-14 -3.7888240216e-14 -3.0794248009e-14
d  1.5542689095e-03 1.0879881823e+00 -2.0000000000e-01 3.8488400014e-07 3.0000000000e+02 -9.4098621021e-14 2.4730697681e-14 3.8488468013e-14 9.3989822201e-14 -2.7767216447e-20 -2.4710697687e-14 -3.8488400042e-14 -3.0790724717e-14
d  1.5780016472e-03 1.1046010978e+00 -2.0000000000e-01 3.9145390292e-07 3.0000000000e+02 -9.4623980849e-14 2.4603167467e-14 3.9146722328e-14 9.4513520716e-14 -2.6645836343e-20 -2.4583167559e-14 -3.9145390155e-14 -3.0784967051e-14
d  1.6064809324e-03 1.1245365965e+00 -2.0000000000e-01 3.9895550422e-07 3.0000000000e+02 -9.5217051166e-14 2.4450254722e-14 3.9895654186e-14 9.5104597505e-14 -2.6160375029e-20 -2.4430254728e-14 -3.9895550450e-14 -3.0778078800e-14
d  1.6150247180e-03 1.1305172461e+00 -2.0000000000e-01 4.0292074102e-07 3.0000000000e+02 -9.5685114179e-14 2.4515680885e-14 4.0292131746e-14 9.5572062453e-14 -3.1873661882e-20 -2.4495680894e-14 -4.0292074126e-14 -3.0782196635e-14
d  1.6252772607e-03 1.1376940256e+00 -2.0000000000e-01 4.0598939757e-07 3.0000000000e+02 -9.5959506716e-14 2.4486655700e-14 4.0598998198e-14 9.5845737312e-14 -2.5309643857e-20 -2.4466655709e-14 -4.0598939780e-14 -3.0781144162e-14
d  1.6375803119e-03 1.1463061610e+00 -2.0000000000e-01 4.0966555325e-07 3.0000000000e+02 -9.6290123234e-14 2.4449221824e-14 4.0966568851e-14 9.6175492617e-14 -2.7183499373e-20 -2.4429221826e-14 -4.0966555362e-14 -3.0779756841e-14
d  1.6523439734e-03 1.1566407235e+00 -2.0000000000e-01 4.1407671807e-07 3.0000000000e+02 -9.6690135526e-14 2.4408435270e-14 4.1407753724e-14 9.6574471452e-14 -2.7120145282e-20 -2.4388435279e-14 -4.1407671831e-14 -3.0778316084e-14
d  1.6700603671e-03 1.1690421985e+00 -2.0000000000e-01 4.1935641990e-07 3.0000000000e+02 -9.7172673884e-14 2.4363376224e-14 4.1935717324e-14 9.7055769663e-14 -2.7009355445e-20 -2.4343376231e-14 -4.1935642019e-14 -3.0776801017e-14
d  1.6913200396e-03 1.1839239685e+00 -2.0000000000e-01 4.2564131617e-07 3.0000000000e+02 -9.7750185285e-14 2.4312501779e-14 4.2562438901e-14 9.7631792920e-14 -2.6831511522e-20 -2.4292501650e-14 -4.2564131909e-14 -3.0775157394e-14
d  1.7040758431e-03 1.1928530305e+00 -2.0000000000e-01 4.2947696792e-07 3.0000000000e+02 -9.8110905128e-14 2.4291274336e-14 4.2947779201e-14 9.7991619823e-14 -2.7068991906e-20 -2.4271274346e-14 -4.2947696817e-14 -3.0774683530e-14
d  1.7193828073e-03 1.2035679049e+00 -2.0000000000e-01 4.3402425123e-07 3.0000000000e+02 -9.8537452267e-14 2.4260245025e-14 4.3403041924e-14 9.8417095461e-14 -2.6817390050e-20 -2.4240245091e-14 -4.3402425041e-14 -3.0773804987e-14
d  1.7285669858e-03 1.2099968296e+00 -2.0000000000e-01 4.3498534675e-07 3.0000000000e+02 -9.8504891013e-14 2.4137412235e-14 4.3500315115e-14 9.8383891266e-14 -2.0859799112e-20 -2.4117412514e-14 -4.3498534186e-14 -3.0767515793e-14
d  1.7395880001e-03 1.2177115392e+00 -2.0000000000e-01 4.3989693850e-07 3.0000000000e+02 -9.9095974008e-14 2.4230859344e-14 4.3989707498e-14 9.8974202854e-14 -3.4027288547e-20 -2.4210859346e-14 -4.3989693890e-14 -3.0773298332e-14
d  1.7528132171e-03 1.2269691906e+00 -2.0000000000e-01 4.4382235578e-07 3.0000000000e+02 -9.9470769081e-14 2.4212920172e-14 4.4382247456e-14 9.9348072161e-14 -2.5066839136e-20 -2.4192920173e-14 -4.4382235620e-14 -3.0773005924e-14
d  1.7686834776e-03 1.2380783724e+00 -2.0000000000e-01 4.4855539584e-07 3.0000000000e+02 -9.9925615762e-14 2.4193454715e-14 4.4856586048e-14 9.9801807899e-14 -2.6865685567e-20 -2.4173454822e-14 -4.4855539423e-14 -3.0772791029e-14
d  1.7877277902e-03 1.2514093906e+00 -2.0000000000e-01 4.5426042170e-07 3.0000000000e+02 -1.0047805026e-13 2.4173460141e-14 4.5426060433e-14 1.0035290932e-13 -2.6826077772e-20 -2.4153460143e-14 -4.5426042212e-14 -3.0772709593e-14
d  1.7991543777e-03 1.2594080014e+00 -2.0000000000e-01 4.5769773608e-07 3.0000000000e+02 -1.0081314913e-13 2.4164697705e-14 4.5769785842e-14 1.0068720833e-13 -2.6892865789e-20 -2.4144697707e-14 -4.5769773651e-14 -3.0772835299e-14
d  1.8128662828e-03 1.2690063345e+00 -2.0000000000e-01 4.6185073649e-07 3.0000000000e+02 -1.0122094926e-13 2.4155872154e-14 4.6185099906e-14 1.0109404862e-13 -2.6939072482e-20 -2.4135872157e-14 -4.6185073689e-14 -3.0773077160e-14
d  1.8210934258e-03 1.2747653343e+00 -2.0000000000e-01 4.6434342381e-07 3.0000000000e+02 -1.0146622464e-13 2.4151382689e-14 4.6434342450e-14 1.0133874811e-13 -2.6929338140e-20 -2.4131382689e-14 -4.6434342427e-14 -3.0773264505e-14
d  1.8309659975e-03 1.2816761341e+00 -2.0000000000e-01 4.6729137591e-07 3.0000000000e+02 -1.0175389627e-13 2.4143361917e-14 4.6728337638e-14 1.0162572869e-13 -2.6747097052e-20 -2.4123361786e-14 -4.6729137888e-14 -3.0773343215e-14
d  1.8428130834e-03 1.2899690939e+00 -2.0000000000e-01 4.7095575708e-07 3.0000000000e+02 -1.0212058763e-13 2.4142891070e-14 4.7095598970e-14 1.0199159072e-13 -2.7248727267e-20 -2.4122891074e-14 -4.7095575749e-14 -3.0773940330e-14
d  1.8570295866e-03 1.2999206456e+00 -2.0000000000e-01 4.7528270804e-07 3.0000000000e+02 -1.0254927789e-13 2.4136432714e-14 4.7526927492e-14 1.0241928586e-13 -2.6906133645e-20 -2.4116432561e-14 -4.7528271145e-14 -3.0774327522e-14
d  1.8740893904e-03 1.3118625077e+00 -2.0000000000e-01 4.7925879257e-07 3.0000000000e+02 -1.0287075179e-13 2.4063720594e-14 4.7925098640e-14 1.0273956556e-13 -2.4464886830e-20 -2.4043720520e-14 -4.7925879448e-14 -3.0771217646e-14
d  1.8945611550e-03 1.3261927422e+00 -2.0000000000e-01 4.8490640043e-07 3.0000000000e+02 -1.0341362805e-13 2.4039119850e-14 4.8487775948e-14 1.0328100884e-13 -2.6660149805e-20 -2.4019119623e-14 -4.8490640531e-14 -3.0770934166e-14
d  1.9191272724e-03 1.3433890235e+00 -2.0000000000e-01 4.9149540268e-07 3.0000000000e+02 -1.0404507163e-13 2.4011576327e-14 4.9148360589e-14 1.0391073275e-13 -2.5931897227e-20 -2.3991576249e-14 -4.9149540469e-14 -3.0770687929e-14
d  1.9338669429e-03 1.3537067923e+00 -2.0000000000e-01 4.9720162011e-07 3.0000000000e+02 -1.0470764743e-13 2.4094913810e-14 4.9719106864e-14 1.0457227678e-13 -2.9795431158e-20 -2.4074913706e-14 -4.9720162260e-14 -3.0776014369e-14
d  1.9515545475e-03 1.3660881149e+00 -2.0000000000e-01 5.0273096698e-07 3.0000000000e+02 -1.0527642141e-13 2.4109509388e-14 5.0272142314e-14 1.0513981262e-13 -2.6400527522e-20 -2.4089509301e-14 -5.0273096917e-14 -3.0777700124e-14
d  1.9727796730e-03 1.3809457020e+00 -2.0000000000e-01 5.0880007842e-07 3.0000000000e+02 -1.0586660128e-13 2.4090715727e-14 5.0879691519e-14 1.0572850672e-13 -2.6395333751e-20 -2.4070715703e-14 -5.0880007940e-14 -3.0777735583e-14
d  1.9982498236e-03 1.3987748066e+00 -2.0000000000e-01 5.1622145237e-07 3.0000000000e+02 -1.0660253747e-13 2.4081179961e-14 5.1620689223e-14 1.0646266002e-13 -2.6883503965e-20 -2.4061179868e-14 -5.1622145470e-14 -3.0778482510e-14
d  2.0135319139e-03 1.4094722693e+00 -2.0000000000e-01 5.2267106220e-07 3.0000000000e+02 -1.0736077013e-13 2.4186659587e-14 5.2265548188e-14 1.0721982294e-13 -3.1054469087e-20 -2.4166659440e-14 -5.2267106556e-14 -3.0785009001e-14
d  2.0227011681e-03 1.4158907469e+00 -2.0000000000e-01 5.2432071344e-07 3.0000000000e+02 -1.0744981274e-13 2.4115470769e-14 5.2436816031e-14 1.0730822350e-13 -2.2817637640e-20 -2.4095471513e-14 -5.2432069972e-14 -3.0781547159e-14
d  2.0337042732e-03 1.4235929200e+00 -2.0000000000e-01 5.3124532381e-07 3.0000000000e+02 -1.0836041997e-13 2.4318054584e-14 5.3124902388e-14 1.0821806067e-13 -3.9994179010e-20 -2.4298054638e-14 -5.3124532330e-14 -3.0793185615e-14
d  2.0469079992e-03 1.4328355278e+00 -2.0000000000e-01 5.3614893853e-07 3.0000000000e+02 -1.0887206776e-13 2.4339355446e-14 5.3614935581e-14 1.0872878421e-13 -2.6409123579e-20 -2.4319355451e-14 -5.3614893897e-14 -3.0794954295e-14
d  2.0627524705e-03 1.4439266572e+00 -2.0000000000e-01 5.4030723329e-07 3.0000000000e+02 -1.0920662087e-13 2.4260103998e-14 5.4029270405e-14 1.0906222825e-13 -2.5569374626e-20 -2.4240103850e-14 -5.4030723670e-14 -3.0791381383e-14
d  2.0722591533e-03 1.4505813348e+00 -2.0000000000e-01 5.4213817430e-07 3.0000000000e+02 -1.0930794421e-13 2.4181910073e-14 5.4215967992e-14 1.0916288600e-13 -2.4736767994e-20 -2.4161910398e-14 -5.4213816861e-14 -3.0787565933e-14
d  2.0836671726e-03 1.4585669479e+00 -2.0000000000e-01 5.4616771305e-07 3.0000000000e+02 -1.0973552792e-13 2.4203766231e-14 5.4623473455e-14 1.0958967100e-13 -3.0733400201e-20 -2.4183767181e-14 -5.4616769537e-14 -3.0789314758e-14
d  2.0973567958e-03 1.4681496837e+00 -2.0000000000e-01 5.5480530483e-07 3.0000000000e+02 -1.1084668273e-13 2.4433964482e-14 5.5481072495e-14 1.1069986774e-13 -3.8534444782e-20 -2.4413964546e-14 -5.5480530415e-14 -3.0802531138e-14
d  2.1137843436e-03 1.4796489666e+00 -2.0000000000e-01 5.5952443200e-07 3.0000000000e+02 -1.1123907504e-13 2.4360051479e-14 5.5951273250e-14 1.1109111018e-13 -2.3832532157e-20 -2.4340051364e-14 -5.5952443479e-14 -3.0799235436e-14
d  2.1334974010e-03 1.4934481060e+00 -2.0000000000e-01 5.6551300022e-07 3.0000000000e+02 -1.1177746495e-13 2.4299901541e-14 5.6549717779e-14 1.1162812017e-13 -2.8311355669e-20 -2.4279901411e-14 -5.6551300332e-14 -3.0796882200e-14
d  2.1428570000e-03 1.4999998250e+00 -2.0000000000e-01 5.7317735549e-07 3.0000000000e+02 -1.1280548247e-13 2.4545618123e-14 5.7319269603e-14 1.1265548243e-13 -4.3669355235e-20 -2.4525618350e-14 -5.7317735171e-14 -3.0810725172e-14
d  2.1540885188e-03 1.5078618878e+00 -2.0000000000e-01 5.7405819046e-07 3.0000000000e+02 -1.1267701677e-13 2.4340027964e-14 5.7409991179e-14 1.1252623044e-13 -1.4719852242e-20 -2.4320028564e-14 -5.7405817950e-14 -3.0799983427e-14
d  2.1675663413e-03 1.5172963631e+00 -2.0000000000e-01 5.8167685865e-07 3.0000000000e+02 -1.1359734382e-13 2.4488721806e-14 5.8165798651e-14 1.1344561424e-13 -3.9989558572e-20 -2.4468721580e-14 -5.8167686360e-14 -3.0808742250e-14
d  2.1837397284e-03 1.5286177334e+00 -2.0000000000e-01 5.8876733497e-07 3.0000000000e+02 -1.1434655112e-13 2.4526156188e-14 5.8874221384e-14 1.1419368941e-13 -3.0392608433e-20 -2.4506155937e-14 -5.8876734044e-14 -3.0811487683e-14
d  2.2031477929e-03 1.5422033779e+00 -2.0000000000e-01 5.9541760038e-07 3.0000000000e+02 -1.1494592152e-13 2.4461689655e-14 5.9539926143e-14 1.1479170122e-13 -2.8569203624e-20 -2.4441689502e-14 -5.9541760396e-14 -3.0808846199e-14
d  2.2147926315e-03 1.5503547646e+00 -2.0000000000e-01 6.0289487053e-07 3.0000000000e+02 -1.1585992516e-13 2.4616135443e-14 6.0287879379e-14 1.1570488973e-13 -3.9092856378e-20 -2.4596135244e-14 -6.0289487497e-14 -3.0817777776e-14
d  2.2287664380e-03 1.5601364286e+00 -2.0000000000e-01 6.0968648461e-07 3.0000000000e+02 -1.1658086004e-13 2.4656401741e-14 6.0964969194e-14 1.1642484651e-13 -3.1557066761e-20 -2.4636401316e-14 -6.0968649345e-14 -3.0820562115e-14
d  2.2371507218e-03 1.5660054270e+00 -2.0000000000e-01 6.1631748890e-07 3.0000000000e+02 -1.1741354463e-13 2.4817783847e-14 6.1631803051e-14 1.1725694408e-13 -4.3164236367e-20 -2.4797783856e-14 -6.1631748934e-14 -3.0829712521e-14
d  2.2472118624e-03 1.5730482251e+00 -2.0000000000e-01 6.2179929219e-07 3.0000000000e+02 -1.1799218269e-13 2.4842608984e-14 6.2180174491e-14 1.1783487786e-13 -3.2415640991e-20 -2.4822609023e-14 -6.2179929206e-14 -3.0831468755e-14
d  2.2592852312e-03 1.5814995828e+00 -2.0000000000e-01 6.2843293883e-07 3.0000000000e+02 -1.1868552887e-13 2.4870719556e-14 6.2843362617e-14 1.1852737891e-13 -3.5659963132e-20 -2.4850719565e-14 -6.2843293928e-14 -3.0833515386e-14
d  2.2737732737e-03 1.5916412120e+00 -2.0000000000e-01 6.3406704774e-07 3.0000000000e+02 -1.1914540529e-13 2.4771106333e-14 6.3405517713e-14 1.1898624121e-13 -3.0018287613e-20 -2.4751106201e-14 -6.3406705094e-14 -3.0828715017e-14
d  2.2911589247e-03 1.6038111671e+00 -2.0000000000e-01 6.4108819322e-07 3.0000000000e+02 -1.1976234373e-13 2.4687871998e-14 6.4104641846e-14 1.1960196272e-13 -3.2265977235e-20 -2.4667871609e-14 -6.4108820145e-14 -3.0824946480e-14
d  2.3120217059e-03 1.6184151132e+00 -2.0000000000e-01 6.5246826114e-07 3.0000000000e+02 -1.2097740585e-13 2.4759404283e-14 6.5244258141e-14 1.2081556440e-13 -3.7245199450e-20 -2.4739404083e-14 -6.5246826571e-14 -3.0829718243e-14
d  2.3370570433e-03 1.6359398485e+00 -2.0000000000e-01 6.6683555114e-07 3.0000000000e+02 -1.2251190874e-13 2.4847857653e-14 6.6680409608e-14 1.2234831482e-13 -3.6923227652e-20 -2.4827857449e-14 -6.6683555586e-14 -3.0835554402e-14
d  2.3520782458e-03 1.6464546897e+00 -2.0000000000e-01 6.7904072147e-07 3.0000000000e+02 -1.2395992506e-13 2.5061449077e-14 6.7901211550e-14 1.2379527967e-13 -4.4414437384e-20 -2.5041448803e-14 -6.7904072751e-14 -3.0847743393e-14
d  2.3701036887e-03 1.6590724991e+00 -2.0000000000e-01 6.8799465620e-07 3.0000000000e+02 -1.2476067626e-13 2.4973121201e-14 6.8796927970e-14 1.2459476908e-13 -3.1783160625e-20 -2.4953120973e-14 -6.8799466136e-14 -3.0843667036e-14
d  2.3917342202e-03 1.6742138705e+00 -2.0000000000e-01 7.0240178827e-07 3.0000000000e+02 -1.2629241332e-13 2.5054385602e-14 7.0236949110e-14 1.2612499200e-13 -4.1566033252e-20 -2.5034385360e-14 -7.0240179377e-14 -3.0848951862e-14
d  2.4176908581e-03 1.6923835160e+00 -2.0000000000e-01 7.2078779520e-07 3.0000000000e+02 -1.2824555769e-13 2.5160569726e-14 7.2073408566e-14 1.2807631945e-13 -4.1545007159e-20 -2.5140569390e-14 -7.2078780265e-14 -3.0855718078e-14
d  2.4332648408e-03 1.7032853034e+00 -2.0000000000e-01 7.3620182019e-07 3.0000000000e+02 -1.3004933859e-13 2.5407629585e-14 7.3618556874e-14 1.2987901011e-13 -5.0366088655e-20 -2.5387629434e-14 -7.3620182389e-14 -3.0869674791e-14
d  2.4519536201e-03 1.7163674482e+00 -2.0000000000e-01 7.4826705178e-07 3.0000000000e+02 -1.3115273486e-13 2.5309130251e-14 7.4821004635e-14 1.3098109826e-13 -3.6299838358e-20 -2.5289129757e-14 -7.4826706228e-14 -3.0865042981e-14
d  2.4743801552e-03 1.7320660220e+00 -2.0000000000e-01 7.6709606382e-07 3.0000000000e+02 -1.3314078588e-13 2.5407160267e-14 7.6705494286e-14 1.3296757937e-13 -4.7555986825e-20 -2.5387159970e-14 -7.6709607052e-14 -3.0871204942e-14
d  2.4878360762e-03 1.7414851663e+00 -2.0000000000e-01 7.8316236218e-07 3.0000000000e+02 -1.3503017100e-13 2.5670890621e-14 7.8316078643e-14 1.3485602249e-13 -5.6815411395e-20 -2.5650890604e-14 -7.8316236329e-14 -3.0885933036e-14
d  2.5039831815e-03 1.7527881394e+00 -2.0000000000e-01 7.9914945792e-07 3.0000000000e+02 -1.3670426838e-13 2.5742812168e-14 7.9913390679e-14 1.3652898961e-13 -4.7357651850e-20 -2.5722812012e-14 -7.9914946179e-14 -3.0890372555e-14
d  2.5233597078e-03 1.7663517072e+00 -2.0000000000e-01 8.1501967127e-07 3.0000000000e+02 -1.3817104073e-13 2.5627059835e-14 8.1497880661e-14 1.3799440567e-13 -4.4032482880e-20 -2.5607059494e-14 -8.1501967888e-14 -3.0884834058e-14
d  2.5466115394e-03 1.7826279885e+00 -2.0000000000e-01 8.3941274184e-07 3.0000000000e+02 -1.4073596780e-13 2.5742696089e-14 8.3935109447e-14 1.4055770515e-13 -5.4439334326e-20 -2.5722695660e-14 -8.3941275136e-14 -3.0891912407e-14
d  2.5605626384e-03 1.7923937572e+00 -2.0000000000e-01 8.5985133896e-07 3.0000000000e+02 -1.4310693686e-13 2.6051050166e-14 8.5984395494e-14 1.4292769750e-13 -6.5417005622e-20 -2.6031050090e-14 -8.5985134132e-14 -3.0908993459e-14
d  2.5773039571e-03 1.8041126798e+00 -2.0000000000e-01 8.8091447281e-07 3.0000000000e+02 -1.4530779115e-13 2.6140574723e-14 8.8089005326e-14 1.4512737996e-13 -5.5475972734e-20 -2.6120574487e-14 -8.8091447838e-14 -3.0914348940e-14
d  2.5873487484e-03 1.8111440333e+00 -2.0000000000e-01 8.9449544803e-07 3.0000000000e+02 -1.4674012183e-13 2.6209948514e-14 8.9444491562e-14 1.4655900762e-13 -6.1176692747e-20 -2.6189947793e-14 -8.9449546305e-14 -3.0918417251e-14
d  2.5994024979e-03 1.8195816575e+00 -2.0000000000e-01 9.1107103274e-07 3.0000000000e+02 -1.4846613489e-13 2.6276744087e-14 9.1105299888e-14 1.4828417679e-13 -6.1798907342e-20 -2.6256743846e-14 -9.1107103839e-14 -3.0922401021e-14
d  2.6138669972e-03 1.8297068066e+00 -2.0000000000e-01 9.3179047508e-07 3.0000000000e+02 -1.5061810489e-13 2.6348156907e-14 9.3178390932e-14 1.5043513423e-13 -6.3855029741e-20 -2.6328156834e-14 -9.3179047746e-14 -3.0926707082e-14
d  2.6225456969e-03 1.8357818960e+00 -2.0000000000e-01 9.4506871940e-07 3.0000000000e+02 -1.5201389748e-13 2.6410392306e-14 9.4505243182e-14 1.5183031936e-13 -6.6469789713e-20 -2.6390392037e-14 -9.4506872560e-14 -3.0930326203e-14
d  2.6329601365e-03 1.8430720034e+00 -2.0000000000e-01 9.6128370758e-07 3.0000000000e+02 -1.5370155015e-13 2.6474942607e-14 9.6125144113e-14 1.5351724309e-13 -6.6994680472e-20 -2.6454942109e-14 -9.6128371832e-14 -3.0934117721e-14
d  2.6454574639e-03 1.8518201322e+00 -2.0000000000e-01 9.8140016348e-07 3.0000000000e+02 -1.5578655655e-13 2.6543481826e-14 9.8136613976e-14 1.5560137467e-13 -6.8987263732e-20 -2.6523481387e-14 -9.8140017313e-14 -3.0938185562e-14
d  2.6604542569e-03 1.8623178867e+00 -2.0000000000e-01 1.0067294035e-06 3.0000000000e+02 -1.5841041402e-13 2.6627754451e-14 1.0067070392e-13 1.5822418231e-13 -7.1684925710e-20 -2.6607754210e-14 -1.0067294093e-13 -3.0943166424e-14
d  2.6694523327e-03 1.8686165395e+00 -2.0000000000e-01 1.0231450872e-06 3.0000000000e+02 -1.6013693206e-13 2.6705689613e-14 1.0231099621e-13 1.5995007056e-13 -7.5216122077e-20 -2.6685689054e-14 -1.0231450992e-13 -3.0947614882e-14
d  2.6802500236e-03 1.8761749227e+00 -2.0000000000e-01 1.0431562920e-06 3.0000000000e+02 -1.6221426808e-13 2.6779989045e-14 1.0430863201e-13 1.6202665089e-13 -7.5602984420e-20 -2.6759988002e-14 -1.0431563137e-13 -3.0951912757e-14
d  2.6932072528e-03 1.8852449827e+00 -2.0000000000e-01 1.0680840088e-06 3.0000000000e+02 -1.6479079268e-13 2.6859330388e-14 1.0680802925e-13 1.6460226820e-13 -7.8540903728e-20 -2.6839330342e-14 -1.0680840108e-13 -3.0956542269e-14
d  2.7087559277e-03 1.8961290546e+00 -2.0000000000e-01 1.0997284670e-06 3.0000000000e+02 -1.6806378038e-13 2.6956032627e-14 1.0996982513e-13 1.6787416758e-13 -8.1932588665e-20 -2.6936032314e-14 -1.0997284745e-13 -3.0962164959e-14
d  2.7180851327e-03 1.9026594978e+00 -2.0000000000e-01 1.1203125826e-06 3.0000000000e+02 -1.7022264264e-13 2.7051396746e-14 1.1202891507e-13 1.7003237679e-13 -8.6476476466e-20 -2.7031396387e-14 -1.1203125908e-13 -3.0967527128e-14
d  2.7292801787e-03 1.9104960295e+00 -2.0000000000e-01 1.1454827048e-06 3.0000000000e+02 -1.7282665144e-13 2.7134665225e-14 1.1454464440e-13 1.7263560200e-13 -8.7043589342e-20 -2.7114664704e-14 -1.1454827163e-13 -3.0972282707e-14
d  2.7427142338e-03 1.9198998677e+00 -2.0000000000e-01 1.1771624165e-06 3.0000000000e+02 -1.7609773118e-13 2.7231304652e-14 1.1771326978e-13 1.7590574132e-13 -9.1121534111e-20 -2.7211304296e-14 -1.1771624249e-13 -3.0977810808e-14
d  2.7507746669e-03 1.9255421706e+00 -2.0000000000e-01 1.1975686766e-06 3.0000000000e+02 -1.7822940588e-13 2.7315008349e-14 1.1975418872e-13 1.7803685180e-13 -9.5556541371e-20 -2.7295007873e-14 -1.1975686872e-13 -3.0982493562e-14
d  2.7604471866e-03 1.9323129340e+00 -2.0000000000e-01 1.2226125280e-06 3.0000000000e+02 -1.8081987515e-13 2.7398061818e-14 1.2225503414e-13 1.8062664416e-13 -9.6595915032e-20 -2.7378060785e-14 -1.2226125497e-13 -3.0987173345e-14
d  2.7662506985e-03 1.9363753921e+00 -2.0000000000e-01 1.2465715509e-06 3.0000000000e+02 -1.8371287183e-13 2.7871034267e-14 1.2465726616e-13 1.8351923429e-13 -1.4390010909e-19 -2.7851034294e-14 -1.2465715516e-13 -3.1012594660e-14
d  2.7732149127e-03 1.9412503418e+00 -2.0000000000e-01 1.2675958793e-06 3.0000000000e+02 -1.8587884467e-13 2.7928811774e-14 1.2675960994e-13 1.8568471963e-13 -9.4335736345e-20 -2.7908811779e-14 -1.2675958805e-13 -3.1015726924e-14
d  2.7815719697e-03 1.9471002814e+00 -2.0000000000e-01 1.2846833847e-06 3.0000000000e+02 -1.8720365608e-13 2.7564057563e-14 1.2846576635e-13 1.8700894619e-13 -7.4197143443e-20 -2.7544057068e-14 -1.2846833958e-13 -3.0996476309e-14
d  2.7916004381e-03 1.9541202090e+00 -2.0000000000e-01 1.3147439149e-06 3.0000000000e+02 -1.9030238741e-13 2.7650048523e-14 1.3147119888e-13 1.9010697555e-13 -1.1847579939e-19 -2.7630048011e-14 -1.3147439264e-13 -3.1001387709e-14
d  2.8036346003e-03 1.9625441221e+00 -2.0000000000e-01 1.3522468664e-06 3.0000000000e+02 -1.9415980621e-13 2.7750694047e-14 1.3521853823e-13 1.9396355208e-13 -1.1202980756e-19 -2.7730693225e-14 -1.3522468844e-13 -3.1007013574e-14
d  2.8180755948e-03 1.9726528177e+00 -2.0000000000e-01 1.3997408246e-06 3.0000000000e+02 -1.9903569799e-13 2.7870406239e-14 1.3996982794e-13 1.9883843288e-13 -1.1773500793e-19 -2.7850405766e-14 -1.3997408358e-13 -3.1013719706e-14
d  2.8267401916e-03 1.9787180352e+00 -2.0000000000e-01 1.4310457164e-06 3.0000000000e+02 -2.0230738082e-13 2.7999958013e-14 1.4310175922e-13 2.0210950916e-13 -1.2621227525e-19 -2.7979957549e-14 -1.4310457271e-13 -3.1020803832e-14
d  2.8319389496e-03 1.9823571656e+00 -2.0000000000e-01 1.4606171611e-06 3.0000000000e+02 -2.0587266405e-13 2.8578542089e-14 1.4606187531e-13 2.0567442832e-13 -1.8755160878e-19 -2.8558542132e-14 -1.4606171617e-13 -3.1051725404e-14
d  2.8381774593e-03 1.9867241221e+00 -2.0000000000e-01 1.4865501098e-06 3.0000000000e+02 -2.0853865018e-13 2.8650540845e-14 1.4865527747e-13 2.0833997775e-13 -1.1991743341e-19 -2.8630540914e-14 -1.4865501100e-13 -3.1055515662e-14
d  2.8456636708e-03 1.9919644700e+00 -2.0000000000e-01 1.5075219046e-06 3.0000000000e+02 -2.1015861536e-13 2.8195566084e-14 1.5074897749e-13 2.0995941912e-13 -9.1698369504e-20 -2.8175565395e-14 -1.5075219198e-13 -3.1031481501e-14
d  2.8546471247e-03 1.9982528874e+00 -2.0000000000e-01 1.5445571043e-06 3.0000000000e+02 -2.1397142704e-13 2.8297340550e-14 1.5445187589e-13 2.1377160198e-13 -1.5303789071e-19 -2.8277339864e-14 -1.5445571196e-13 -3.1037183281e-14
d  2.8571430000e-03 2.0000000000e+00 -2.0000000000e-01 1.5659123849e-06 3.0000000000e+02 -2.1673783804e-13 2.8893384237e-14 1.5658907284e-13 2.1653783830e-13 -2.5642426475e-19 -2.8873383141e-14 -1.5659124076e-13 -3.1069003215e-14
d  2.8601380503e-03 2.0020965351e+00 -2.0000000000e-01 1.5801608436e-06 3.0000000000e+02 -2.1820240109e-13 2.8940286168e-14 1.5801011778e-13 2.1800219221e-13 -1.0814982668e-19 -2.8920282974e-14 -1.5801609067e-13 -3.1071231904e-14
d  2.8637321107e-03 2.0046123773e+00 -2.0000000000e-01 1.5975218986e-06 3.0000000000e+02 -2.1998340600e-13 2.8981566689e-14 1.5975224238e-13 2.1978294476e-13 -1.5708690963e-19 -2.8961566712e-14 -1.5975218997e-13 -3.1073571365e-14
d  2.8680449832e-03 2.0076313879e+00 -2.0000000000e-01 1.6189132103e-06 3.0000000000e+02 -2.2218051075e-13 2.9030685970e-14 1.6189144007e-13 2.2197974760e-13 -1.6019271132e-19 -2.9010686015e-14 -1.6189132111e-13 -3.1076242077e-14
d  2.8732204302e-03 2.0112542006e+00 -2.0000000000e-01 1.6453023217e-06 3.0000000000e+02 -2.2489058572e-13 2.9099170964e-14 1.6453062239e-13 2.2468946027e-13 -1.6418057551e-19 -2.9079171085e-14 -1.6453023210e-13 -3.1079949129e-14
d  2.8794309665e-03 2.0156015758e+00 -2.0000000000e-01 1.6651233876e-06 3.0000000000e+02 -2.2631534922e-13 2.8569753463e-14 1.6650911459e-13 2.2611378931e-13 -9.7436773138e-20 -2.8549752630e-14 -1.6651234058e-13 -3.1051911992e-14
d  2.8868836102e-03 2.0208184261e+00 -2.0000000000e-01 1.7021513196e-06 3.0000000000e+02 -2.3012827201e-13 2.8671906319e-14 1.7021118513e-13 2.2992619044e-13 -1.8058462176e-19 -2.8651905469e-14 -1.7021513383e-13 -3.1057615625e-14
d  2.8958267826e-03 2.0270786464e+00 -2.0000000000e-01 1.7481529000e-06 3.0000000000e+02 -2.3485457983e-13 2.8791113801e-14 1.7481199440e-13 2.3465187217e-13 -1.6661689068e-19 -2.8771113209e-14 -1.7481529138e-13 -3.1064038348e-14
d  2.9065585894e-03 2.0345909108e+00 -2.0000000000e-01 1.7902683652e-06 3.0000000000e+02 -2.3852793067e-13 2.8277961344e-14 1.7901295512e-13 2.3832447238e-13 -1.2274482765e-19 -2.8257959267e-14 -1.7902684099e-13 -3.1037042005e-14
d  2.9129976735e-03 2.0390982695e+00 -2.0000000000e-01 1.8384870132e-06 3.0000000000e+02 -2.4418557798e-13 2.9067032632e-14 1.8384430390e-13 2.4398166847e-13 -2.4710084380e-19 -2.9047031657e-14 -1.8384870347e-13 -3.1079052960e-14
d  2.9207245744e-03 2.0445070999e+00 -2.0000000000e-01 1.8844415271e-06 3.0000000000e+02 -2.4890861282e-13 2.9194530179e-14 1.8843728132e-13 2.4870416260e-13 -1.6696883861e-19 -2.9174528752e-14 -1.8844415579e-13 -3.1085726097e-14
d  2.9253607150e-03 2.0477523981e+00 -2.0000000000e-01 1.9284779372e-06 3.0000000000e+02 -2.5415228555e-13 2.9990465497e-14 1.9284822547e-13 2.5394751027e-13 -2.9461709818e-19 -2.9970465630e-14 -1.9284779365e-13 -3.1127994857e-14
d  2.9309240837e-03 2.0516467560e+00 -2.0000000000e-01 1.9684071190e-06 3.0000000000e+02 -2.5824604893e-13 3.0087391470e-14 1.9684096958e-13 2.5804088424e-13 -1.8842521047e-19 -3.0067391544e-14 -1.9684071195e-13 -3.1132920597e-14
d  2.9376001261e-03 2.0563199854e+00 -2.0000000000e-01 2.0016786538e-06 3.0000000000e+02 -2.6089951134e-13 2.9446892897e-14 2.0016302536e-13 2.6069387972e-13 -1.4125649567e-19 -2.9426891734e-14 -2.0016786792e-13 -3.1099136995e-14
d  2.9456113769e-03 2.0619278608e+00 -2.0000000000e-01 2.0586393280e-06 3.0000000000e+02 -2.6674171780e-13 2.9582824371e-14 2.0585796692e-13 2.6653552545e-13 -2.3998367224e-19 -2.9562823177e-14 -2.0586393545e-13 -3.1106585265e-14
d  2.9504181275e-03 2.0652925860e+00 -2.0000000000e-01 2.1114837150e-06 3.0000000000e+02 -2.7296806017e-13 3.0475790728e-14 2.1114875707e-13 2.7276153087e-13 -3.3422650971e-19 -3.0455790843e-14 -2.1114837148e-13 -3.1153803457e-14
d  2.9561862281e-03 2.0693302562e+00 -2.0000000000e-01 2.1425688216e-06 3.0000000000e+02 -2.7532905101e-13 2.9770300220e-14 2.1425221893e-13 2.7512211840e-13 -1.1296410771e-19 -2.9750298924e-14 -2.1425688498e-13 -3.1116269324e-14
d  2.9631079489e-03 2.0741754605e+00 -2.0000000000e-01 2.1983975071e-06 3.0000000000e+02 -2.8106209580e-13 2.9908704094e-14 2.1983384156e-13 2.8085467874e-13 -2.7058559526e-19 -2.9888702725e-14 -2.1983975372e-13 -3.1123925440e-14
d  2.9672609813e-03 2.0770825831e+00 -2.0000000000e-01 2.2514478308e-06 3.0000000000e+02 -2.8736876847e-13 3.0858703329e-14 2.2514524839e-13 2.8716106017e-13 -3.8310478723e-19 -3.0838703489e-14 -2.2514478298e-13 -3.1174095636e-14
d  2.9722446203e-03 2.0805711302e+00 -2.0000000000e-01 2.2996057747e-06 3.0000000000e+02 -2.9230550020e-13 3.0977594532e-14 2.2996091479e-13 2.9209744305e-13 -2.4133178330e-19 -3.0957594641e-14 -2.2996057749e-13 -3.1180043099e-14
d  2.9782249870e-03 2.0847573867e+00 -2.0000000000e-01 2.3394594266e-06 3.0000000000e+02 -2.9547919555e-13 3.0205435586e-14 2.3394089152e-13 2.9527072027e-13 -1.7622393799e-19 -3.0185434233e-14 -2.3394594563e-13 -3.1139370174e-14
d  2.9854014271e-03 2.0897808945e+00 -2.0000000000e-01 2.4079914454e-06 3.0000000000e+02 -3.0251267203e-13 3.0373613685e-14 2.4078546329e-13 3.0230369509e-13 -3.0989036537e-19 -3.0353610630e-14 -2.4079915108e-13 -3.1148503461e-14
d  2.9940131552e-03 2.0958091038e+00 -2.0000000000e-01 2.4700254808e-06 3.0000000000e+02 -3.0792684309e-13 2.9626373731e-14 2.4698131448e-13 3.0771726383e-13 -1.9652508508e-19 -2.9606369780e-14 -2.4700255664e-13 -3.1109135217e-14
d  3.0043472289e-03 2.1030429551e+00 -2.0000000000e-01 2.5934843144e-06 3.0000000000e+02 -3.2151170050e-13 3.0794690078e-14 2.5933757223e-13 3.2130139702e-13 -3.8896390557e-19 -3.0774688397e-14 -2.5934843535e-13 -3.1170821493e-14
d  3.0105476731e-03 2.1073832658e+00 -2.0000000000e-01 2.6658191160e-06 3.0000000000e+02 -3.2900923591e-13 3.1045237518e-14 2.6656462498e-13 3.2879849915e-13 -3.2575491107e-19 -3.1025233547e-14 -2.6658192013e-13 -3.1183793885e-14
d  3.0179882062e-03 2.1125916387e+00 -2.0000000000e-01 2.7563950121e-06 3.0000000000e+02 -3.3828709255e-13 3.1264786982e-14 2.7562261358e-13 3.3807583490e-13 -3.4776110592e-19 -3.1244783349e-14 -2.7563950912e-13 -3.1195301130e-14
d  3.0224525261e-03 2.1157166625e+00 -2.0000000000e-01 2.8140161964e-06 3.0000000000e+02 -3.4420089397e-13 3.1404144553e-14 2.8139493069e-13 3.4398932304e-13 -3.6558179147e-19 -3.1384142418e-14 -2.8140162426e-13 -3.1202595945e-14
d  3.0278097099e-03 2.1194666909e+00 -2.0000000000e-01 2.8862715488e-06 3.0000000000e+02 -3.5161085927e-13 3.1576704233e-14 2.8861993177e-13 3.5139891338e-13 -3.7985551105e-19 -3.1556702075e-14 -2.8862715959e-13 -3.1211610851e-14
d  3.0342383305e-03 2.1239667251e+00 -2.0000000000e-01 2.9779163333e-06 3.0000000000e+02 -3.6100882572e-13 3.1798721282e-14 2.9778070294e-13 3.6079643015e-13 -4.0108530522e-19 -3.1778718561e-14 -2.9779163932e-13 -3.1223198392e-14
d  3.0419526752e-03 2.1293667661e+00 -2.0000000000e-01 3.0611073963e-06 3.0000000000e+02 -3.6826537241e-13 3.0788946447e-14 3.0608429779e-13 3.6805243822e-13 -2.7414579474e-19 -3.0768940961e-14 -3.0611075167e-13 -3.1170158432e-14
d  3.0465812820e-03 2.1326067908e+00 -2.0000000000e-01 3.1568318578e-06 3.0000000000e+02 -3.7939072555e-13 3.2250767960e-14 3.1567493067e-13 3.7917746583e-13 -6.1746989424e-19 -3.2230765420e-14 -3.1568319134e-13 -3.1247121165e-14
d  3.0521356102e-03 2.1364948203e+00 -2.0000000000e-01 3.2504563024e-06 3.0000000000e+02 -3.8898968858e-13 3.2492159573e-14 3.2503651878e-13 3.8877604013e-13 -4.0961390283e-19 -3.2472156949e-14 -3.2504563603e-13 -3.1259211421e-14
d  3.0588008040e-03 2.1411604557e+00 -2.0000000000e-01 3.3705569539e-06 3.0000000000e+02 -4.0129101392e-13 3.2764087621e-14 3.3703614699e-13 4.0107689997e-13 -4.9661215245e-19 -3.2744082933e-14 -3.3705570573e-13 -3.1273432472e-14
d  3.0627999203e-03 2.1439598370e+00 -2.0000000000e-01 3.4471027085e-06 3.0000000000e+02 -4.0913645208e-13 3.2946776339e-14 3.4470161853e-13 4.0892205723e-13 -5.1959758274e-19 -3.2926773259e-14 -3.4471027753e-13 -3.1282902997e-14
d  3.0675988598e-03 2.1473190945e+00 -2.0000000000e-01 3.5436694914e-06 3.0000000000e+02 -4.1903774547e-13 3.3177304475e-14 3.5435748580e-13 4.1882301478e-13 -5.4439639171e-19 -3.3157301321e-14 -3.5436695603e-13 -3.1294844943e-14
d  3.0733575873e-03 2.1513502035e+00 -2.0000000000e-01 3.6668779839e-06 3.0000000000e+02 -4.3167345995e-13 3.3476430239e-14 3.6667658458e-13 4.3145832628e-13 -5.7872951270e-19 -3.3456427127e-14 -3.6668780536e-13 -3.1310327406e-14
d  3.0768128238e-03 2.1537688689e+00 -2.0000000000e-01 3.7444690493e-06 3.0000000000e+02 -4.3961163772e-13 3.3643141010e-14 3.7443815890e-13 4.3939626214e-13 -5.9744814046e-19 -3.3623137407e-14 -3.7444691268e-13 -3.1318927185e-14
d  3.0809591075e-03 2.1566712674e+00 -2.0000000000e-01 3.8423166322e-06 3.0000000000e+02 -4.4964443332e-13 3.3883447525e-14 3.8422199353e-13 4.4942876760e-13 -6.2909029732e-19 -3.3863443795e-14 -3.8423167130e-13 -3.1331353540e-14
d  3.0859346481e-03 2.1601541456e+00 -2.0000000000e-01 3.9668045001e-06 3.0000000000e+02 -4.6241794383e-13 3.4190453640e-14 3.9666883820e-13 4.6220192999e-13 -6.6626824842e-19 -3.4170449911e-14 -3.9668045827e-13 -3.1347205533e-14
d  3.0919052967e-03 2.1643335995e+00 -2.0000000000e-01 4.1267626598e-06 3.0000000000e+02 -4.7881410013e-13 3.4569495069e-14 4.1266215417e-13 4.7859766858e-13 -7.1267454638e-19 -3.4549491297e-14 -4.1267627458e-13 -3.1366745769e-14
d  3.0954876859e-03 2.1668412718e+00 -2.0000000000e-01 4.2288723136e-06 3.0000000000e+02 -4.8927820328e-13 3.4804918019e-14 4.2287605697e-13 4.8906152089e-13 -7.4560410979e-19 -3.4784913582e-14 -4.2288724101e-13 -3.1378862767e-14
d  3.0997865529e-03 2.1698504785e+00 -2.0000000000e-01 4.3584741080e-06 3.0000000000e+02 -5.0257426214e-13 3.5131607630e-14 4.3583516349e-13 5.0235727897e-13 -7.8948978793e-19 -3.5111603077e-14 -4.3584742080e-13 -3.1395695344e-14
d  3.1049451933e-03 2.1734615266e+00 -2.0000000000e-01 4.5250442756e-06 3.0000000000e+02 -5.1967073177e-13 3.5546849488e-14 4.5248897752e-13 5.1945338787e-13 -8.4586193074e-19 -3.5526844708e-14 -4.5250443832e-13 -3.1417063843e-14
d  3.1080403775e-03 2.1756281555e+00 -2.0000000000e-01 4.6305739872e-06 3.0000000000e+02 -5.3047502387e-13 3.5780852723e-14 4.6304613647e-13 5.3025746305e-13 -8.7749088148e-19 -3.5760847546e-14 -4.6305740990e-13 -3.1429063499e-14
d  3.1117545986e-03 2.1782281101e+00 -2.0000000000e-01 4.7644719722e-06 3.0000000000e+02 -5.4421677104e-13 3.6122036276e-14 4.7643446299e-13 5.4399895044e-13 -9.3082092972e-19 -3.6102030796e-14 -4.7644720915e-13 -3.1446614578e-14
d  3.1162116640e-03 2.1813480557e+00 -2.0000000000e-01 4.9361330040e-06 3.0000000000e+02 -5.6184749364e-13 3.6561709868e-14 4.9359812604e-13 5.6162936131e-13 -9.9461872729e-19 -3.6541704435e-14 -4.9361331255e-13 -3.1469200469e-14
d  3.1215601423e-03 2.1850919904e+00 -2.0000000000e-01 5.1590736978e-06 3.0000000000e+02 -5.8472907519e-13 3.7118316020e-14 5.1587415382e-13 5.8451057121e-13 -1.0761353433e-18 -3.7098306127e-14 -5.1590739222e-13 -3.1497754973e-14
d  3.1247692294e-03 2.1873383512e+00 -2.0000000000e-01 5.3027224024e-06 3.0000000000e+02 -5.9946948504e-13 3.7477266281e-14 5.3030335272e-13 5.9925074537e-13 -1.1412690641e-18 -3.7457280057e-14 -5.3027221168e-13 -3.1516162908e-14
d  3.1286201338e-03 2.1900339842e+00 -2.0000000000e-01 5.4864925741e-06 3.0000000000e+02 -6.1834408844e-13 3.7951339342e-14 5.4863252991e-13 6.1812508816e-13 -1.2070589205e-18 -3.7931332410e-14 -5.4864927278e-13 -3.1540446238e-14
d  3.1332412191e-03 2.1932687437e+00 -2.0000000000e-01 5.7254458117e-06 3.0000000000e+02 -6.4290491677e-13 3.8580662312e-14 5.7252390253e-13 6.4268559358e-13 -1.3192801720e-18 -3.8560655185e-14 -5.7254459747e-13 -3.1572711234e-14
d  3.1360138703e-03 2.1952095995e+00 -2.0000000000e-01 5.9424904733e-06 3.0000000000e+02 -6.6768488129e-13 4.1496832117e-14 5.9425599161e-13 6.6746535883e-13 -2.0770107946e-18 -4.1476835673e-14 -5.9424904043e-13 -3.1724329057e-14
d  3.1393410518e-03 2.1975386264e+00 -2.0000000000e-01 6.1023451365e-06 3.0000000000e+02 -6.8156928937e-13 3.9520569217e-14 6.1021701765e-13 6.8134953922e-13 -8.4031480420e-19 -3.9500560824e-14 -6.1023453214e-13 -3.1619421531e-14
d  3.1433336695e-03 2.2003334586e+00 -2.0000000000e-01 6.3621190037e-06 3.0000000000e+02 -7.0829794162e-13 4.0219263666e-14 6.3618994297e-13 7.0807791272e-13 -1.7774412919e-18 -4.0199254905e-14 -6.3621192025e-13 -3.1656835301e-14
d  3.1481248107e-03 2.2036872573e+00 -2.0000000000e-01 6.7024621961e-06 3.0000000000e+02 -7.4329076471e-13 4.1130951995e-14 6.7022050792e-13 7.4307040107e-13 -1.7843068472e-18 -4.1110943470e-14 -6.7024623978e-13 -3.1703120936e-14
d  3.1509994955e-03 2.2056995366e+00 -2.0000000000e-01 6.9245394504e-06 3.0000000000e+02 -7.6612591508e-13 4.1716596000e-14 6.9243281007e-13 7.6590535004e-13 -1.9051041016e-18 -4.1696585569e-14 -6.9245396827e-13 -3.1733025395e-14
d  3.1544491172e-03 2.2081142716e+00 -2.0000000000e-01 7.2127459952e-06 3.0000000000e+02 -7.9579558576e-13 4.2539485981e-14 7.2125043057e-13 7.9557477997e-13 -2.0715710238e-18 -4.2519474821e-14 -7.2127462473e-13 -3.1775092370e-14
d  3.1585886633e-03 2.2110119537e+00 -2.0000000000e-01 7.5945826890e-06 3.0000000000e+02 -8.3512786084e-13 4.3627151027e-14 7.5942812798e-13 8.3490676650e-13 -2.2980277587e-18 -4.3607139463e-14 -7.5945829608e-13 -3.1830648120e-14
d  3.1610723909e-03 2.2127505630e+00 -2.0000000000e-01 7.9364405118e-06 3.0000000000e+02 -8.7367936455e-13 4.7765369355e-14 7.9364437302e-13 8.7345808941e-13 -3.5685598961e-18 -4.7745369539e-14 -7.9364405158e-13 -3.2045038683e-14
d  3.1640528640e-03 2.2148368941e+00 -2.0000000000e-01 8.2154631907e-06 3.0000000000e+02 -8.9901334343e-13 4.5354841018e-14 8.2152014836e-13 8.9879186679e-13 -1.7170386319e-18 -4.5334827032e-14 -8.2154635057e-13 -3.1916739673e-14
d  3.1676294318e-03 2.2173404914e+00 -2.0000000000e-01 8.6566261419e-06 3.0000000000e+02 -9.4452618404e-13 4.6660310318e-14 8.6562928481e-13 9.4430445874e-13 -3.2478614539e-18 -4.6640295519e-14 -8.6566264884e-13 -3.1985872959e-14
d  3.1697753725e-03 2.2188426498e+00 -2.0000000000e-01 9.0485236451e-06 3.0000000000e+02 -9.8876434314e-13 5.1450083282e-14 9.0485232636e-13 9.8854245889e-13 -4.6859973880e-18 -5.1430083257e-14 -9.0485236547e-13 -3.2233430605e-14
d  3.1723505013e-03 2.2206452399e+00 -2.0000000000e-01 9.3679626090e-06 3.0000000000e+02 -1.0178100743e-12 4.8729471386e-14 9.3676526259e-13 1.0175880194e-12 -2.2323036160e-18 -4.8709452212e-14 -9.3679630386e-13 -3.2088163801e-14
d  3.1754406559e-03 2.2228083480e+00 -2.0000000000e-01 9.8739668878e-06 3.0000000000e+02 -1.0700804525e-12 5.0293464139e-14 9.8735939389e-13 1.0698581829e-12 -4.2721111467e-18 -5.0273444974e-14 -9.8739673349e-13 -3.2171261100e-14
d  3.1772947486e-03 2.2241062128e+00 -2.0000000000e-01 1.0324109073e-05 3.0000000000e+02 -1.1209488275e-12 5.5847180945e-14 1.0324131702e-12 1.1207264160e-12 -6.1853463970e-18 -5.5827182675e-14 -1.0324109046e-12 -3.2458188341e-14
d  3.1795196599e-03 2.2256636507e+00 -2.0000000000e-01 1.0825005769e-05 3.0000000000e+02 -1.1728646586e-12 5.7625020901e-14 1.0825231063e-12 1.1726420840e-12 -4.9608547644e-18 -5.7605037009e-14 -1.0825005426e-12 -3.2545201087e-14
d  3.1821895535e-03 2.2275325760e+00 -2.0000000000e-01 1.1350437200e-05 3.0000000000e+02 -1.2225317868e-12 5.4868188252e-14 1.1350005468e-12 1.2223090488e-12 -4.2129890278e-18 -5.4848162576e-14 -1.1350437798e-12 -3.2401422909e-14
d  3.1853934257e-03 2.2297752865e+00 -2.0000000000e-01 1.2166743337e-05 3.0000000000e+02 -1.3070111398e-12 5.7568407620e-14 1.2166170598e-12 1.3067881825e-12 -6.5202895344e-18 -5.7548379368e-14 -1.2166744030e-12 -3.2542079543e-14
d  3.1873157491e-03 2.2311209128e+00 -2.0000000000e-01 1.2713135100e-05 3.0000000000e+02 -1.3634848902e-12 5.9296366850e-14 1.2712721745e-12 1.3632617950e-12 -6.7279594050e-18 -5.9276336431e-14 -1.2713135796e-12 -3.2629267793e-14
d  3.1896225371e-03 2.2327356643e+00 -2.0000000000e-01 1.3446123071e-05 3.0000000000e+02 -1.4393972233e-12 6.1807586484e-14 1.3445619483e-12 1.4391739707e-12 -7.6249761308e-18 -6.1787551840e-14 -1.3446123881e-12 -3.2757306079e-14
d  3.1910066099e-03 2.2337045153e+00 -2.0000000000e-01 1.4101521124e-05 3.0000000000e+02 -1.5133390836e-12 6.9772124172e-14 1.4101539042e-12 1.5131157123e-12 -1.1913994442e-17 -6.9752126006e-14 -1.4101521098e-12 -3.3169848224e-14
d  3.1926674973e-03 2.2348671364e+00 -2.0000000000e-01 1.4846157755e-05 3.0000000000e+02 -1.5907829656e-12 7.2658080303e-14 1.4846178259e-12 1.5905594779e-12 -9.8116225842e-18 -7.2638082266e-14 -1.4846157727e-12 -3.3310268638e-14
d  3.1946605622e-03 2.2362622817e+00 -2.0000000000e-01 1.5872361341e-05 3.0000000000e+02 -1.6976242609e-12 7.6660663881e-14 1.5872369147e-12 1.6974006343e-12 -1.2369013720e-17 -7.6640664501e-14 -1.5872361342e-12 -3.3516090033e-14
d  3.1970522400e-03 2.2379364561e+00 -2.0000000000e-01 1.7341187415e-05 3.0000000000e+02 -1.8506623513e-12 8.2511061645e-14 1.7341187867e-12 1.8504385577e-12 -1.4946114675e-17 -8.2491061675e-14 -1.7341187432e-12 -3.3814351197e-14
d  3.1984872467e-03 2.2389409607e+00 -2.0000000000e-01 1.8377731703e-05 3.0000000000e+02 -1.9587416948e-12 8.6722180701e-14 1.8377739287e-12 1.9585178002e-12 -1.7024581535e-17 -8.6702181447e-14 -1.8377731704e-12 -3.4029083066e-14
d  3.2002092547e-03 2.2401463663e+00 -2.0000000000e-01 1.9820921992e-05 3.0000000000e+02 -2.1093263201e-12 9.2677873350e-14 1.9820926966e-12 2.1091023052e-12 -2.0060793199e-17 -9.2657873806e-14 -1.9820922001e-12 -3.4332945968e-14
d  3.2012424595e-03 2.2408696096e+00 -2.0000000000e-01 2.0814079014e-05 3.0000000000e+02 -2.2130180150e-12 9.6841126412e-14 2.0814081875e-12 2.2127939279e-12 -2.2388758331e-17 -9.6821126804e-14 -2.0814079026e-12 -3.4545470417e-14
d  3.2024823053e-03 2.2417375016e+00 -2.0000000000e-01 2.2163287197e-05 3.0000000000e+02 -2.3539628183e-12 1.0256575884e-13 2.2163295177e-12 2.3537386440e-12 -2.5676662479e-17 -1.0254575987e-13 -2.2163287196e-12 -3.4837853499e-14
d  3.2039701202e-03 2.2427789720e+00 -2.0000000000e-01 2.4068805328e-05 3.0000000000e+02 -2.5531634042e-12 1.1079203443e-13 2.4068797506e-12 2.5529391269e-12 -3.0674878827e-17 -1.1077203360e-13 -2.4068805372e-12 -3.5258312482e-14
d  3.2048628092e-03 2.2434038543e+00 -2.0000000000e-01 2.5397706298e-05 3.0000000000e+02 -2.6921735999e-12 1.1661503349e-13 2.5397717389e-12 2.6919492586e-12 -3.4630327638e-17 -1.1659503525e-13 -2.5397706284e-12 -3.5556260236e-14
d  3.2059340360e-03 2.2441537130e+00 -2.0000000000e-01 2.7226570131e-05 3.0000000000e+02 -2.8835939706e-12 1.2472211640e-13 2.7226579811e-12 2.8833695544e-12 -4.0310073253e-17 -1.2470211784e-13 -2.7226570126e-12 -3.5971382392e-14
d  3.2072195081e-03 2.2450535434e+00 -2.0000000000e-01 2.9857905234e-05 3.0000000000e+02 -3.1592089644e-12 1.3658754866e-13 2.9857871519e-12 3.1589844621e-12 -4.9172617447e-17 -1.3656754453e-13 -2.9857905365e-12 -3.6579661182e-14
d  3.2079907913e-03 2.2455934417e+00 -2.0000000000e-01 3.1726486429e-05 3.0000000000e+02 -3.3550606686e-12 1.4514008710e-13 3.1726493864e-12 3.3548361085e-12 -5.6404181162e-17 -1.4512008846e-13 -3.1726486430e-12 -3.7018984337e-14
d  3.2089163313e-03 2.2462413196e+00 -2.0000000000e-01 3.4345399940e-05 3.0000000000e+02 -3.6297244682e-12 1.5726965441e-13 3.4345404480e-12 3.6294998436e-12 -6.7044926962e-17 -1.5724965518e-13 -3.4345399957e-12 -3.7642730690e-14
d  3.2100269792e-03 2.2470187731e+00 -2.0000000000e-01 3.8215932975e-05 3.0000000000e+02 -4.0359706418e-12 1.7550899397e-13 3.8215925602e-12 4.0357459408e-12 -8.4283487197e-17 -1.7548899293e-13 -3.8215933039e-12 -3.8582462771e-14
d  3.2106933679e-03 2.2474852452e+00 -2.0000000000e-01 4.1038592679e-05 3.0000000000e+02 -4.3324435274e-12 1.8900449387e-13 4.1038597206e-12 4.3322187782e-12 -9.8982334310e-17 -1.8898449483e-13 -4.1038592697e-12 -3.9280258609e-14
d  3.2114930344e-03 2.2480450117e+00 -2.0000000000e-01 4.5105558052e-05 3.0000000000e+02 -4.7598888258e-12 2.0870695455e-13 4.5105552140e-12 4.7596640221e-12 -1.2145183137e-16 -2.0868695338e-13 -4.5105558126e-12 -4.0300816264e-14
d  3.2124526342e-03 2.2487167315e+00 -2.0000000000e-01 5.1375009485e-05 3.0000000000e+02 -5.4193779789e-12 2.3960992074e-13 5.1375002679e-12 5.4191531083e-12 -1.6004062038e-16 -2.3958991963e-13 -5.1375009566e-12 -4.1906886743e-14
d  3.2130283941e-03 2.2491197634e+00 -2.0000000000e-01 5.6147252662e-05 3.0000000000e+02 -5.9217685534e-12 2.6348779146e-13 5.6147247463e-12 5.9215436424e-12 -1.9534273225e-16 -2.6346779019e-13 -5.6147252749e-12 -4.3155994173e-14
d  3.2137193059e-03 2.2496034017e+00 -2.0000000000e-01 6.3351799239e-05 3.0000000000e+02 -6.6807680844e-12 3.0005960667e-13 6.3351664470e-12 6.6805431497e-12 -2.5287750140e-16 -3.0003957603e-13 -6.3351800080e-12 -4.5075552232e-14
d  3.2145484001e-03 2.2501837676e+00 -2.0000000000e-01 7.5331756353e-05 3.0000000000e+02 -7.9440821765e-12 3.6199502371e-13 7.5331093329e-12 7.9438573037e-12 -3.6254444370e-16 -3.6197490017e-13 -7.5331759995e-12 -4.8347552787e-14
d  3.2150458567e-03 2.2505319871e+00 -2.0000000000e-01 8.5214788942e-05 3.0000000000e+02 -8.9872457415e-12 4.1398346163e-13 8.5214729639e-12 8.9870207034e-12 -4.7669484516e-16 -4.1396344501e-13 -8.5214789461e-12 -5.1131031917e-14
d  3.2156428045e-03 2.2509498506e+00 -2.0000000000e-01 1.0163660870e-04 3.0000000000e+02 -1.0722118481e-11 5.0169965586e-13 1.0163627216e-11 1.0721893487e-11 -6.8886223417e-16 -5.0167956859e-13 -1.0163661129e-11 -5.5864460135e-14
d  3.2160009732e-03 2.2512005687e+00 -2.0000000000e-01 1.1519657744e-04 3.0000000000e+02 -1.2155916995e-11 5.7525422672e-13 1.1519656495e-11 1.2155691879e-11 -9.0718645671e-16 -5.7523422185e-13 -1.1519657768e-11 -5.9905872675e-14
d  3.2164307756e-03 2.2515014304e+00 -2.0000000000e-01 1.3776077930e-04 3.0000000000e+02 -1.4543733822e-11 6.9933710019e-13 1.3776077041e-11 1.4543508675e-11 -1.3136588925e-15 -6.9931709699e-13 -1.3776077953e-11 -6.6797413366e-14
d  3.2166886571e-03 2.2516819474e+00 -2.0000000000e-01 1.5641707442e-04 3.0000000000e+02 -1.6519702833e-11 8.0334048958e-13 1.5641660201e-11 1.6519477887e-11 -1.7320851510e-15 -8.0332023327e-13 -1.5641708116e-11 -7.2718152900e-14
d  3.2169981149e-03 2.2518985678e+00 -2.0000000000e-01 1.8749683118e-04 3.0000000000e+02 -1.9813982240e-11 9.7877385884e-13 1.8749680434e-11 1.9813757065e-11 -2.5118650420e-15 -9.7875384536e-13 -1.8749683175e-11 -8.2850891526e-14
d  3.2173694642e-03 2.2521585123e+00 -2.0000000000e-01 2.4945045327e-04 3.0000000000e+02 -2.6388097988e-11 1.3344362326e-12 2.4945042611e-11 2.6387872792e-11 -4.4036946290e-15 -1.3344162216e-12 -2.4945045391e-11 -1.0399912683e-13
d  3.2175922737e-03 2.2523144790e+00 -2.0000000000e-01 3.1271016179e-04 3.0000000000e+02 -3.3110647072e-11 1.7048719038e-12 3.1270996098e-11 3.3110422026e-11 -7.1069085745e-15 -1.7048517816e-12 -3.1271016606e-11 -1.2744811595e-13
d  3.2178596453e-03 2.2525016391e+00 -2.0000000000e-01 4.5848132571e-04 3.0000000000e+02 -4.8623926938e-11 2.5752587137e-12 4.5848101420e-11 4.8623702147e-11 -1.4902891870e-14 -2.5752385465e-12 -4.5848133371e-11 -1.8543923398e-13
d  3.2180200682e-03 2.2526139351e+00 -2.0000000000e-01 6.4196658668e-04 3.0000000000e+02 -6.8198619621e-11 3.7023401579e-12 6.4196655011e-11 6.8198394433e-11 -2.9640784011e-14 -3.7023201284e-12 -6.4196658858e-11 -2.6978582457e-13
d  3.2181163219e-03 2.2526813127e+00 -2.0000000000e-01 8.4224365269e-04 3.0000000000e+02 -8.9625624861e-11 4.9706890649e-12 8.4224321162e-11 8.9625400702e-11 -5.2678011159e-14 -4.9706684497e-12 -8.4224367523e-11 -3.7768557928e-13
d  3.2182318264e-03 2.2527621658e+00 -2.0000000000e-01 1.3827871131e-03 3.0000000000e+02 -1.4760967976e-10 8.4901609300e-12 1.3827855706e-10 1.4760946213e-10 -1.3204668610e-13 -8.4901391309e-12 -1.3827872234e-10 -7.0856968044e-13
d  3.2183011291e-03 2.2528106777e+00 -2.0000000000e-01 2.2755320948e-03 3.0000000000e+02 -2.4404658129e-10 1.4705868405e-11 2.2755315140e-10 2.4404636102e-10 -3.4552599447e-13 -1.4705847435e-11 -2.2755321650e-10 -1.4418546401e-12
d  3.2183427107e-03 2.2528397848e+00 -2.0000000000e-01 3.6436541445e-03 3.0000000000e+02 -3.9348636349e-10 2.5220425485e-11 3.6436528793e-10 3.9348615506e-10 -8.7489035813e-13 -2.5220401865e-11 -3.6436543823e-10 -3.0254205688e-12
d  3.2183676597e-03 2.2528572491e+00 -2.0000000000e-01 5.5316244193e-03 3.0000000000e+02 -6.0284368191e-10 4.1617769506e-11 5.5316245488e-10 6.0284345416e-10 -1.9854704496e-12 -4.1617750149e-11 -5.5316243887e-10 -6.0778368416e-12
d  3.2183826290e-03 2.2528677277e+00 -2.0000000000e-01 7.7905657899e-03 3.0000000000e+02 -8.5802753573e-10 6.4075692023e-11 7.7905631488e-10 8.5802737628e-10 -3.8773705294e-12 -6.4075649067e-11 -7.7905668569e-10 -1.1017770849e-11
d  3.2184005923e-03 2.2528803020e+00 -2.0000000000e-01 1.5191622966e-02 3.0000000000e+02 -1.7097443138e-09 1.4698954135e-10 1.5191593437e-09 1.7097467042e-09 -1.2000282374e-11 -1.4698937475e-10 -1.5191652354e-09 -3.1591863133e-11
d  3.2184113703e-03 2.2528878465e+00 -2.0000000000e-01 3.0525841484e-02 3.0000000000e+02 -3.5583476816e-09 3.6933694038e-10 3.0525831489e-09 3.5583514090e-09 -3.8986313866e-11 -3.6933696553e-10 -3.0525881413e-09 -9.7440812040e-11
d  3.2184178370e-03 2.2528923733e+00 -2.0000000000e-01 5.5848590034e-02 3.0000000000e+02 -6.7868748333e-09 8.4210107181e-10 5.5848589925e-09 6.7868747159e-09 -1.0489908376e-10 -8.4210105393e-10 -5.5848591162e-09 -2.5501600217e-10
d  3.2184217171e-03 2.2528950893e+00 -2.0000000000e-01 8.6386565587e-02 3.0000000000e+02 -1.0820541503e-08 1.4943228735e-09 8.6386564560e-09 1.0820542134e-08 -2.0211386135e-10 -1.4943228477e-09 -8.6386574530e-09 -4.8544781123e-10
d  3.2184263732e-03 2.2528983486e+00 -2.0000000000e-01 1.5497936648e-01 3.0000000000e+02 -1.9630152501e-08 2.7832028138e-09 1.5497936625e-08 1.9630151895e-08 -3.9863742064e-10 -2.7832027724e-09 -1.5497936311e-08 -9.5037545489e-10
d  3.2184319605e-03 2.2529022597e+00 -2.0000000000e-01 2.8683505180e-01 3.0000000000e+02 -3.4919691698e-08 4.1683839136e-09 2.8683505195e-08 3.4919691601e-08 -6.1194001638e-10 -4.1683839011e-09 -2.8683505327e-08 -1.4558623273e-09
d  3.2184377139e-03 2.2529062871e+00 -2.0000000000e-01 4.3622090266e-01 3.0000000000e+02 -4.9591232332e-08 3.9970119867e-09 4.3622090275e-08 4.9591232265e-08 -5.8262442991e-10 -3.9970119716e-09 -4.3622090461e-08 -1.3895054072e-09
d  3.2184440501e-03 2.2529107224e+00 -2.0000000000e-01 5.6775890672e-01 3.0000000000e+02 -6.0783363690e-08 2.6984501208e-09 5.6775890601e-08 6.0783343210e-08 -3.8574779674e-10 -2.6984499186e-09 -5.6775870675e-08 -9.2327482144e-10
d  3.2184473702e-03 2.2529130465e+00 -2.0000000000e-01 6.1835804240e-01 3.0000000000e+02 -6.4812415554e-08 2.0077034392e-09 6.1835804105e-08 6.4812418436e-08 -2.8539097846e-10 -2.0077033768e-09 -6.1835807490e-08 -6.8351626748e-10
d  3.2184508724e-03 2.2529154981e+00 -2.0000000000e-01 6.5821385552e-01 3.0000000000e+02 -6.7923828156e-08 1.4197507464e-09 6.5821385545e-08 6.7923828071e-08 -2.0100930893e-10 -1.4197507232e-09 -6.5821385764e-08 -4.8168247181e-10
d  3.2184550750e-03 2.2529184399e+00 -2.0000000000e-01 6.9122071328e-01 3.0000000000e+02 -7.0451799665e-08 8.9891939863e-10 6.9122071320e-08 7.0451799574e-08 -1.2679992384e-10 -8.9891937565e-10 -6.9122071537e-08 -3.0400871646e-10
d  3.2184601182e-03 2.2529219701e+00 -2.0000000000e-01 7.1576745350e-01 3.0000000000e+02 -7.2304255112e-08 4.9221603643e-10 7.1576745341e-08 7.2304255022e-08 -6.9238779084e-11 -4.9221601366e-10 -7.1576745562e-08 -1.6605466914e-10
d  3.2184661699e-03 2.2529262063e+00 -2.0000000000e-01 7.3178515407e-01 3.0000000000e+02 -7.3501489912e-08 2.1862757457e-10 7.3178515485e-08 7.3501488509e-08 -3.0706359706e-11 -2.1862757600e-10 -7.3178514268e-08 -7.3640307169e-11
d  3.2184734321e-03 2.2529312898e+00 -2.0000000000e-01 7.4059086170e-01 3.0000000000e+02 -7.4156046176e-08 6.5641963216e-11 7.4059086160e-08 7.4156046101e-08 -9.2230967306e-12 -6.5641940860e-11 -7.4059086398e-08 -2.2094653725e-11
d  3.2184821466e-03 2.2529373900e+00 -2.0000000000e-01 7.4432671452e-01 3.0000000000e+02 -7.4433066647e-08 2.5104856440e-13 7.4432671530e-08 7.4433065275e-08 -5.3810509216e-14 -2.5104353508e-13 -7.4432670355e-08 -9.0069984907e-14
d  3.2184926040e-03 2.2529447102e+00 -2.0000000000e-01 7.4522318870e-01 3.0000000000e+02 -7.4499635415e-08 -1.5382246231e-11 7.4522318866e-08 7.4499635250e-08 2.1361787440e-12 1.5382266873e-11 -7.4522319006e-08 5.1653176826e-12
d  3.2185051530e-03 2.2529534944e+00 -2.0000000000e-01 7.4499947602e-01 3.0000000000e+02 -7.4483330632e-08 -1.1279665793e-11 7.4499947596e-08 7.4483330494e-08 1.5581738513e-12 1.1279686533e-11 -7.4499947765e-08 3.7793916100e-12
d  3.2185202117e-03 2.2529640355e+00 -2.0000000000e-01 7.4462027919e-01 3.0000000000e+02 -7.4455548539e-08 -4.4197708416e-12 7.4462027914e-08 7.4455548399e-08 5.9371624104e-13 4.4197914109e-12 -7.4462028079e-08 1.4661801848e-12
d  3.2185382822e-03 2.2529766849e+00 -2.0000000000e-01 7.4441370676e-01 3.0000000000e+02 -7.4440567038e-08 -5.7908171419e-13 7.4441370670e-08 7.4440566910e-08 5.3767166835e-14 5.7910223603e-13 -7.4441370849e-08 1.7105792723e-13
d  3.2185599667e-03 2.2529918641e+00 -2.0000000000e-01 7.4436758313e-01 3.0000000000e+02 -7.4437500354e-08 4.6682433693e-13 7.4436758334e-08 7.4437499758e-08 -9.3267345957e-14 -4.6680592381e-13 -7.4436758014e-08 -1.8166656927e-13
d  3.2185859882e-03 2.2530100791e+00 -2.0000000000e-01 7.4438817838e-01 3.0000000000e+02 -7.4439432977e-08 3.8095168462e-13 7.4438817341e-08 7.4439441472e-08 -8.1193725323e-14 -3.8090186375e-13 -7.4438826683e-08 -1.5269503284e-13
d  3.2186172140e-03 2.2530319371e+00 -2.0000000000e-01 7.4441841107e-01 3.0000000000e+02 -7.4442160014e-08 1.8050502159e-13 7.4441839135e-08 7.4442195366e-08 -5.3005724992e-14 -1.8038779491e-13 -7.4441876925e-08 -8.5066563110e-14
d  3.2186546849e-03 2.2530581668e+00 -2.0000000000e-01 7.4444524839e-01 3.0000000000e+02 -7.4444734719e-08 1.0675362312e-13 7.4444524809e-08 7.4444735050e-08 -4.2663477495e-14 -1.0673240703e-13 -7.4444525472e-08 -6.0242825839e-14
d  3.2186996500e-03 2.2530896423e+00 -2.0000000000e-01 7.4447265982e-01 3.0000000000e+02 -7.4447469504e-08 1.0239584940e-13 7.4447267189e-08 7.4447446350e-08 -4.2065553180e-14 -1.0241603748e-13 -7.4447243058e-08 -5.8794892273e-14
d  3.2187536081e-03 2.2531274130e+00 -2.0000000000e-01 7.4450492984e-01 3.0000000000e+02 -7.4450705526e-08 1.0848555341e-13 7.4450494634e-08 7.4450673224e-08 -4.2928843347e-14 -1.0851072386e-13 -7.4450460903e-08 -6.0851476259e-14
d  3.2188183579e-03 2.2531727378e+00 -2.0000000000e-01 7.4454395582e-01 3.0000000000e+02 -7.4454611175e-08 1.1054662977e-13 7.4454397533e-08 7.4454572186e-08 -4.3225393138e-14 -1.1057060367e-13 -7.4454356817e-08 -6.1546676557e-14
d  3.2188960576e-03 2.2532271276e+00 -2.0000000000e-01 7.4459092518e-01 3.0000000000e+02 -7.4459308166e-08 1.1057843363e-13 7.4459094883e-08 7.4459260033e-08 -4.3237708834e-14 -1.1060234010e-13 -7.4459044608e-08 -6.1558450531e-14
d  3.2189892972e-03 2.2532923954e+00 -2.0000000000e-01 7.4464729801e-01 3.0000000000e+02 -7.4464945269e-08 1.1044850245e-13 7.4464732700e-08 7.4464885284e-08 -4.3227620177e-14 -1.1047288023e-13 -7.4464670038e-08 -6.1516600296e-14
d  3.2191011848e-03 2.2533707167e+00 -2.0000000000e-01 7.4471493913e-01 3.0000000000e+02 -7.4471709371e-08 1.1042570902e-13 7.4471493924e-08 7.4471708918e-08 -4.3233707616e-14 -1.1040584598e-13 -7.4471493760e-08 -6.1485342545e-14
d  3.2192354498e-03 2.2534647022e+00 -2.0000000000e-01 7.4479611148e-01 3.0000000000e+02 -7.4479826726e-08 1.1054034258e-13 7.4479611163e-08 7.4479826177e-08 -4.3263677494e-14 -1.1052050186e-13 -7.4479610898e-08 -6.1519141378e-14
d  3.2193965679e-03 2.2535774849e+00 -2.0000000000e-01 7.4489351641e-01 3.0000000000e+02 -7.4489567205e-08 1.1052276746e-13 7.4489351663e-08 7.4489566506e-08 -4.3279167035e-14 -1.1050295808e-13 -7.4489351241e-08 -6.1510899136e-14
d  3.2195899096e-03 2.2537128241e+00 -2.0000000000e-01 7.4501040556e-01 3.0000000000e+02 -7.4501256147e-08 1.1055774139e-13 7.4501040556e-08 7.4501255918e-08 -4.3303556409e-14 -1.1053774273e-13 -7.4501040627e-08 -6.1514364466e-14
d  3.2198219197e-03 2.2538752311e+00 -2.0000000000e-01 7.4515067689e-01 3.0000000000e+02 -7.4515283308e-08 1.1048232070e-13 7.4515067689e-08 7.4515283092e-08 -4.3328092379e-14 -1.1046231818e-13 -7.4515067773e-08 -6.1510371694e-14
d  3.2201003318e-03 2.2540701195e+00 -2.0000000000e-01 7.4531900845e-01 3.0000000000e+02 -7.4532116496e-08 1.1049772628e-13 7.4531900842e-08 7.4532116339e-08 -4.3361599571e-14 -1.1047771125e-13 -7.4531900987e-08 -6.1512256421e-14
d  3.2204344263e-03 2.2543039857e+00 -2.0000000000e-01 7.4552101491e-01 3.0000000000e+02 -7.4552317182e-08 1.1049683545e-13 7.4552101481e-08 7.4552317172e-08 -4.3401110423e-14 -1.1047679610e-13 -7.4552101780e-08 -6.1513318320e-14
d  3.2208353396e-03 2.2545846250e+00 -2.0000000000e-01 7.4576343504e-01 3.0000000000e+02 -7.4576559243e-08 1.1049419428e-13 7.4576343491e-08 7.4576559299e-08 -4.3448516378e-14 -1.1047415180e-13 -7.4576343860e-08 -6.1514506842e-14
d  3.2213164357e-03 2.2549213922e+00 -2.0000000000e-01 7.4605435701e-01 3.0000000000e+02 -7.4605651497e-08 1.1048879618e-13 7.4605435688e-08 7.4605651560e-08 -4.3505381422e-14 -1.1046876010e-13 -7.4605436064e-08 -6.1515776965e-14
d  3.2218937510e-03 2.2553255129e+00 -2.0000000000e-01 7.4640348900e-01 3.0000000000e+02 -7.4640564765e-08 1.1048228757e-13 7.4640348891e-08 7.4640564741e-08 -4.3573719951e-14 -1.1046226677e-13 -7.4640349176e-08 -6.1517300911e-14
d  3.2225865293e-03 2.2558104577e+00 -2.0000000000e-01 7.4682248429e-01 3.0000000000e+02 -7.4682464376e-08 1.1050288523e-13 7.4682248425e-08 7.4682464241e-08 -4.3656964162e-14 -1.1048287751e-13 -7.4682248594e-08 -6.1520966212e-14
d  3.2234178633e-03 2.2563923915e+00 -2.0000000000e-01 7.4732533171e-01 3.0000000000e+02 -7.4732749218e-08 1.1049538047e-13 7.4732533179e-08 7.4732748823e-08 -4.3755799703e-14 -1.1047539245e-13 -7.4732533077e-08 -6.1523276979e-14
d  3.2244154640e-03 2.2570907120e+00 -2.0000000000e-01 7.4792882498e-01 3.0000000000e+02 -7.4793098664e-08 1.1049267170e-13 7.4792882532e-08 7.4793097653e-08 -4.3874915427e-14 -1.1047271789e-13 -7.4792881788e-08 -6.1526457977e-14
d  3.2256125850e-03 2.2579286966e+00 -2.0000000000e-01 7.4865312674e-01 3.0000000000e+02 -7.4865528983e-08 1.1048946021e-13 7.4865312773e-08 7.4865526484e-08 -4.4018220733e-14 -1.1046957119e-13 -7.4865310475e-08 -6.1530280685e-14
d  3.2270491301e-03 2.2589342781e+00 -2.0000000000e-01 7.4952244669e-01 3.0000000000e+02 -7.4952461152e-08 1.1048517071e-13 7.4952244679e-08 7.4952460702e-08 -4.4191252045e-14 -1.1046517980e-13 -7.4952244520e-08 -6.1534715157e-14
d  3.2287729842e-03 2.2601409760e+00 -2.0000000000e-01 7.5056585773e-01 3.0000000000e+02 -7.5056802464e-08 1.1046980245e-13 7.5056585797e-08 7.5056801672e-08 -4.4399081008e-14 -1.1044982149e-13 -7.5056585282e-08 -6.1539556902e-14
d  3.2308416092e-03 2.2615890134e+00 -2.0000000000e-01 7.5181827757e-01 3.0000000000e+02 -7.5182044700e-08 1.1046649368e-13 7.5181827821e-08 7.5182043006e-08 -4.4650304228e-14 -1.1044653467e-13 -7.5181826364e-08 -6.1546236707e-14
d  3.2333239592e-03 2.2633266583e+00 -2.0000000000e-01 7.5332165143e-01 3.0000000000e+02 -7.5332382390e-08 1.1045989271e-13 7.5332165311e-08 7.5332378306e-08 -4.4953512820e-14 -1.1043998213e-13 -7.5332161361e-08 -6.1554106950e-14
d  3.2363027791e-03 2.2654118321e+00 -2.0000000000e-01 7.5512637273e-01 3.0000000000e+02 -7.5512854886e-08 1.1045287029e-13 7.5512637286e-08 7.5512854376e-08 -4.5319940379e-14 -1.1043287575e-13 -7.5512637065e-08 -6.1563430517e-14
d  3.2398773631e-03 2.2679140408e+00 -2.0000000000e-01 7.5729300370e-01 3.0000000000e+02 -7.5729518425e-08 1.1043409125e-13 7.5729300239e-08 7.5729521234e-08 -4.5763024368e-14 -1.1041404278e-13 -7.5729303482e-08 -6.1574032782e-14
d  3.2441668638e-03 2.2709166911e+00 -2.0000000000e-01 7.5989434513e-01 3.0000000000e+02 -7.5989653104e-08 1.1042071562e-13 7.5989434328e-08 7.5989657193e-08 -4.6300374167e-14 -1.1040065847e-13 -7.5989438905e-08 -6.1587268447e-14
d  3.2493142647e-03 2.2745198716e+00 -2.0000000000e-01 7.6301793793e-01 3.0000000000e+02 -7.6302013034e-08 1.1040215964e-13 7.6301793520e-08 7.6302019193e-08 -4.6952602338e-14 -1.1038208954e-13 -7.6301800255e-08 -6.1602866824e-14
d  3.2554911458e-03 2.2788436881e+00 -2.0000000000e-01 7.6676908253e-01 3.0000000000e+02 -7.6677128284e-08 1.1037893234e-13 7.6676908233e-08 7.6677128522e-08 -4.7745866634e-14 -1.1035892810e-13 -7.6676908796e-08 -6.1621394065e-14
d  3.2629034031e-03 2.2840322680e+00 -2.0000000000e-01 7.7127451301e-01 3.0000000000e+02 -7.7127672293e-08 1.1035012841e-13 7.7127451280e-08 7.7127672565e-08 -4.8712671774e-14 -1.1033012464e-13 -7.7127451879e-08 -6.1643362163e-14
d  3.2717981118e-03 2.2902585638e+00 -2.0000000000e-01 7.7668681801e-01 3.0000000000e+02 -7.7668903965e-08 1.1031432447e-13 7.7668681776e-08 7.7668904322e-08 -4.9893625953e-14 -1.1029432082e-13 -7.7668682464e-08 -6.1669389215e-14
d  3.2824717623e-03 2.2977301187e+00 -2.0000000000e-01 7.8318983172e-01 3.0000000000e+02 -7.8319206769e-08 1.1026950123e-13 7.8318983167e-08 7.8319206659e-08 -5.1339034844e-14 -1.1024950062e-13 -7.8318983370e-08 -6.1700109715e-14
d  3.2952801429e-03 2.3066959847e+00 -2.0000000000e-01 7.9100518886e-01 3.0000000000e+02 -7.9100744241e-08 1.1021553045e-13 7.9100518885e-08 7.9100744047e-08 -5.3113493721e-14 -1.1019553030e-13 -7.9100519002e-08 -6.1736472993e-14
d  3.3029651713e-03 2.3120755043e+00 -2.0000000000e-01 7.9570049086e-01 3.0000000000e+02 -7.9570275513e-08 1.1018179841e-13 7.9570049060e-08 7.9570275914e-08 -5.4196842733e-14 -1.1016179444e-13 -7.9570049798e-08 -6.1757884492e-14
d  3.3121872053e-03 2.3185309278e+00 -2.0000000000e-01 8.0134078981e-01 3.0000000000e+02 -8.0134306711e-08 1.1014032711e-13 8.0134078950e-08 8.0134307236e-08 -5.5514822815e-14 -1.1012032269e-13 -8.0134079817e-08 -6.1783136881e-14
d  3.3232536461e-03 2.3262774360e+00 -2.0000000000e-01 8.0811760383e-01 3.0000000000e+02 -8.0811989700e-08 1.1009077525e-13 8.0811760377e-08 8.0811989631e-08 -5.7119269746e-14 -1.1007077446e-13 -8.0811760627e-08 -6.1813138539e-14
d  3.3365333751e-03 2.3355732458e+00 -2.0000000000e-01 8.1626179507e-01 3.0000000000e+02 -8.1626410763e-08 1.1003406558e-13 8.1626179507e-08 8.1626410545e-08 -5.9078388962e-14 -1.1001406552e-13 -8.1626179605e-08 -6.1848735013e-14
d  3.3524690499e-03 2.3467282176e+00 -2.0000000000e-01 8.2605183614e-01 3.0000000000e+02 -8.2605417235e-08 1.0996462198e-13 8.2605183613e-08 8.2605417028e-08 -6.1467619835e-14 -1.0994462189e-13 -8.2605183725e-08 -6.1890487774e-14
d  3.3620304548e-03 2.3534212007e+00 -2.0000000000e-01 8.3193462969e-01 3.0000000000e+02 -8.3193698025e-08 1.0992457061e-13 8.3193462928e-08 8.3193698816e-08 -6.2918394151e-14 -1.0990456564e-13 -8.3193464078e-08 -6.1915023504e-14
d  3.3735041407e-03 2.3614527804e+00 -2.0000000000e-01 8.3900256515e-01 3.0000000000e+02 -8.3900493312e-08 1.0987791087e-13 8.3900256508e-08 8.3900493245e-08 -6.4674356546e-14 -1.0985791010e-13 -8.3900256768e-08 -6.1944472830e-14
d  3.3872725637e-03 2.3710906760e+00 -2.0000000000e-01 8.4749625562e-01 3.0000000000e+02 -8.4749864469e-08 1.0982645137e-13 8.4749625562e-08 8.4749864233e-08 -6.6800400954e-14 -1.0980645136e-13 -8.4749625647e-08 -6.1979399488e-14
d  3.4037946713e-03 2.3826561508e+00 -2.0000000000e-01 8.5770595925e-01 3.0000000000e+02 -8.5770837389e-08 1.0976793187e-13 8.5770595923e-08 8.5770837192e-08 -6.9371230602e-14 -1.0974793174e-13 -8.5770596052e-08 -6.2020890277e-14
d  3.4137079359e-03 2.3895954357e+00 -2.0000000000e-01 8.6384066741e-01 3.0000000000e+02 -8.6384309747e-08 1.0973618392e-13 8.6384066687e-08 8.6384310907e-08 -7.0920384269e-14 -1.0971617759e-13 -8.6384068226e-08 -6.2045251765e-14
d  3.4256038534e-03 2.3979225775e+00 -2.0000000000e-01 8.7121098261e-01 3.0000000000e+02 -8.7121343127e-08 1.0970008568e-13 8.7121098255e-08 8.7121343039e-08 -7.2784283982e-14 -1.0968008504e-13 -8.7121098500e-08 -6.2074419535e-14
d  3.4398789544e-03 2.4079151477e+00 -2.0000000000e-01 8.8006766828e-01 3.0000000000e+02 -8.8007013934e-08 1.0966360601e-13 8.8006766822e-08 8.8007013853e-08 -7.5024660917e-14 -1.0964360546e-13 -8.8006767076e-08 -6.2109335438e-14
d  3.4570090756e-03 2.4199062319e+00 -2.0000000000e-01 8.9071310882e-01 3.0000000000e+02 -8.9071560683e-08 1.0962669359e-13 8.9071310882e-08 8.9071560443e-08 -7.7712987744e-14 -1.0960669359e-13 -8.9071310973e-08 -6.2150817989e-14
d  3.4672871483e-03 2.4271008825e+00 -2.0000000000e-01 8.9710934338e-01 3.0000000000e+02 -8.9711185757e-08 1.0960815848e-13 8.9710934268e-08 8.9711187431e-08 -7.9322475289e-14 -1.0958815038e-13 -8.9710936345e-08 -6.2175304904e-14
d  3.4796208356e-03 2.4357344631e+00 -2.0000000000e-01 9.0479356467e-01 3.0000000000e+02 -9.0479609827e-08 1.0959111444e-13 9.0479356461e-08 9.0479609762e-08 -8.1249530557e-14 -1.0957111374e-13 -9.0479356737e-08 -6.2204764518e-14
d  3.4944212603e-03 2.4460947599e+00 -2.0000000000e-01 9.1402705925e-01 3.0000000000e+02 -9.1402961613e-08 1.0957783885e-13 9.1402705817e-08 9.1402964347e-08 -8.3553506041e-14 -1.0955782922e-13 -9.1402708995e-08 -6.2240139493e-14
d  3.5121817700e-03 2.4585271160e+00 -2.0000000000e-01 9.2512480785e-01 3.0000000000e+02 -9.2512739259e-08 1.0957125128e-13 9.2512480776e-08 9.2512739276e-08 -8.6302798822e-14 -1.0955125058e-13 -9.2512481140e-08 -6.2282222433e-14
d  3.5228380757e-03 2.4659865297e+00 -2.0000000000e-01 9.3179250072e-01 3.0000000000e+02 -9.3179510213e-08 1.0957231095e-13 9.3179249978e-08 9.3179512608e-08 -8.7941849364e-14 -1.0955230052e-13 -9.3179252808e-08 -6.2307201050e-14
d  3.5356256427e-03 2.4749378261e+00 -2.0000000000e-01 9.3980251619e-01 3.0000000000e+02 -9.3980513753e-08 1.0957756680e-13 9.3980251490e-08 9.3980517145e-08 -8.9898411285e-14 -1.0955755346e-13 -9.3980255352e-08 -6.2337038752e-14
d  3.5509707230e-03 2.4856793818e+00 -2.0000000000e-01 9.4942700712e-01 3.0000000000e+02 -9.4942965233e-08 1.0959291186e-13 9.4942700574e-08 9.4942968914e-08 -9.2231237436e-14 -1.0957290000e-13 -9.4942704737e-08 -6.2372984727e-14
d  3.5693848195e-03 2.4985692487e+00 -2.0000000000e-01 9.6099405754e-01 3.0000000000e+02 -9.6099673127e-08 1.0962176909e-13 9.6099405743e-08 9.6099673215e-08 -9.5008708868e-14 -1.0960176826e-13 -9.6099406188e-08 -6.2416021705e-14
d  3.5714290000e-03 2.5000001750e+00 -2.0000000000e-01 9.6227930543e-01 3.0000000000e+02 -9.6228198229e-08 1.0962503091e-13 9.6227930621e-08 9.6228195740e-08 -9.5314689910e-14 -1.0960506734e-13 -9.6227928400e-08 -6.2420444242e-14
d  3.5738820167e-03 2.5017172866e+00 -2.0000000000e-01 9.6382190704e-01 3.0000000000e+02 -9.6382458768e-08 1.0963537489e-13 9.6382190910e-08 9.6382452600e-08 -9.5682226310e-14 -1.0961548763e-13 -9.6382184883e-08 -6.2426443996e-14
d  3.5768256366e-03 2.5037778205e+00 -2.0000000000e-01 9.6567346703e-01 3.0000000000e+02 -9.6567615220e-08 1.0963605802e-13 9.6567346741e-08 9.6567613899e-08 -9.6122217649e-14 -1.0961607497e-13 -9.6567345728e-08 -6.2432834855e-14
d  3.5803579806e-03 2.5062504611e+00 -2.0000000000e-01 9.6789596891e-01 3.0000000000e+02 -9.6789865952e-08 1.0964235043e-13 9.6789596769e-08 9.6789869220e-08 -9.6649666853e-14 -1.0962230421e-13 -9.6789600506e-08 -6.2440963529e-14
d  3.5845967934e-03 2.5092176299e+00 -2.0000000000e-01 9.7056387447e-01 3.0000000000e+02 -9.7056657160e-08 1.0965276249e-13 9.7056387413e-08 9.7056657916e-08 -9.7281581664e-14 -1.0963275152e-13 -9.7056388551e-08 -6.2450862530e-14
d  3.5896833688e-03 2.5127782325e+00 -2.0000000000e-01 9.7376665486e-01 3.0000000000e+02 -9.7376935981e-08 1.0966501557e-13 9.7376665442e-08 9.7376937010e-08 -9.8038223783e-14 -1.0964500399e-13 -9.7376666865e-08 -6.2462577206e-14
d  3.5957872592e-03 2.5170509556e+00 -2.0000000000e-01 9.7761184349e-01 3.0000000000e+02 -9.7761455780e-08 1.0968098250e-13 9.7761184264e-08 9.7761458022e-08 -9.8944010026e-14 -1.0966096381e-13 -9.7761186940e-08 -6.2476671195e-14
d  3.6031119277e-03 2.5221782233e+00 -2.0000000000e-01 9.8222871743e-01 3.0000000000e+02 -9.8223144296e-08 1.0970164435e-13 9.8222871647e-08 9.8223146848e-08 -1.0002790055e-13 -1.0968162693e-13 -9.8222874645e-08 -6.2493553893e-14
d  3.6119015298e-03 2.5283309445e+00 -2.0000000000e-01 9.8777274668e-01 3.0000000000e+02 -9.8777548566e-08 1.0972860838e-13 9.8777274563e-08 9.8777551414e-08 -1.0132444688e-13 -1.0970859244e-13 -9.8777277867e-08 -6.2513774896e-14
d  3.6224490525e-03 2.5357142099e+00 -2.0000000000e-01 9.9443099318e-01 3.0000000000e+02 -9.9443374829e-08 1.0976453845e-13 9.9443099185e-08 9.9443378533e-08 -1.0287496604e-13 -1.0974452164e-13 -9.9443103375e-08 -6.2538156498e-14
d  3.6351060796e-03 2.5445741285e+00 -2.0000000000e-01 1.0024285224e+00 3.0000000000e+02 -1.0024312968e-07 1.0981053658e-13 1.0024285205e-07 1.0024313520e-07 -1.0472857105e-13 -1.0979051635e-13 -1.0024285811e-07 -6.2566869557e-14
d  3.6502945122e-03 2.5552060308e+00 -2.0000000000e-01 1.0120364036e+00 3.0000000000e+02 -1.0120392012e-07 1.0987228758e-13 1.0120364016e-07 1.0120392608e-07 -1.0694509583e-13 -1.0985226962e-13 -1.0120364668e-07 -6.2601424278e-14
d  3.6685206313e-03 2.5679643135e+00 -2.0000000000e-01 1.0235811618e+00 3.0000000000e+02 -1.0235839871e-07 1.0995376551e-13 1.0235811616e-07 1.0235839903e-07 -1.0959721714e-13 -1.0993376412e-13 -1.0235811686e-07 -6.2642478662e-14
d  3.6903919742e-03 2.5832742528e+00 -2.0000000000e-01 1.0374594490e+00 3.0000000000e+02 -1.0374623082e-07 1.1009528880e-13 1.0374594487e-07 1.0374623125e-07 -1.1278276976e-13 -1.1007528745e-13 -1.0374594569e-07 -6.2702377702e-14
d  3.7035147800e-03 2.5924602164e+00 -2.0000000000e-01 1.0457980938e+00 3.0000000000e+02 -1.0458009731e-07 1.1016376110e-13 1.0457980936e-07 1.0458009775e-07 -1.1469193071e-13 -1.1014375910e-13 -1.0457981018e-07 -6.2730775790e-14
d  3.7192621469e-03 2.6034833726e+00 -2.0000000000e-01 1.0558149684e+00 3.0000000000e+02 -1.0558178718e-07 1.1024671772e-13 1.0558149682e-07 1.0558178768e-07 -1.1698770595e-13 -1.1022671569e-13 -1.0558149770e-07 -6.2763455740e-14
d  3.7381589872e-03 2.6167111602e+00 -2.0000000000e-01 1.0678500581e+00 3.0000000000e+02 -1.0678529908e-07 1.1035824796e-13 1.0678500579e-07 1.0678529969e-07 -1.1975780986e-13 -1.1033824604e-13 -1.0678500679e-07 -6.2804015472e-14
d  3.7608351955e-03 2.6325845052e+00 -2.0000000000e-01 1.0823130584e+00 3.0000000000e+02 -1.0823160266e-07 1.1050098456e-13 1.0823130581e-07 1.0823160341e-07 -1.2311463254e-13 -1.1048098274e-13 -1.0823130696e-07 -6.2852267250e-14
d  3.7744409205e-03 2.6421085122e+00 -2.0000000000e-01 1.0910015309e+00 3.0000000000e+02 -1.0910045206e-07 1.1058987663e-13 1.0910015306e-07 1.0910045282e-07 -1.2515002596e-13 -1.1056987388e-13 -1.0910015422e-07 -6.2880558361e-14
d  3.7907677905e-03 2.6535373207e+00 -2.0000000000e-01 1.1014380825e+00 3.0000000000e+02 -1.1014410985e-07 1.1070208817e-13 1.1014380822e-07 1.1014411070e-07 -1.2762082572e-13 -1.1068208538e-13 -1.1014380948e-07 -6.2914775521e-14
d  3.8103600345e-03 2.6672518908e+00 -2.0000000000e-01 1.1139766017e+00 3.0000000000e+02 -1.1139796496e-07 1.1084212178e-13 1.1139766013e-07 1.1139796599e-07 -1.3063581766e-13 -1.1082211912e-13 -1.1139766158e-07 -6.2955479036e-14
d  3.8338707273e-03 2.6837093749e+00 -2.0000000000e-01 1.1290435345e+00 3.0000000000e+02 -1.1290466217e-07 1.1101825714e-13 1.1290435340e-07 1.1290466339e-07 -1.3434211454e-13 -1.1099825464e-13 -1.1290435504e-07 -6.3004131766e-14
d  3.8479771430e-03 2.6935838654e+00 -2.0000000000e-01 1.1380942598e+00 3.0000000000e+02 -1.1380973712e-07 1.1112595729e-13 1.1380942593e-07 1.1380973836e-07 -1.3661842066e-13 -1.1110595352e-13 -1.1380942760e-07 -6.3032537732e-14
d  3.8649048418e-03 2.7054332540e+00 -2.0000000000e-01 1.1489654242e+00 3.0000000000e+02 -1.1489685652e-07 1.1126008367e-13 1.1489654237e-07 1.1489685790e-07 -1.3941114362e-13 -1.1124007985e-13 -1.1489654418e-07 -6.3066935858e-14
d  3.8852180804e-03 2.7196525203e+00 -2.0000000000e-01 1.1620252867e+00 3.0000000000e+02 -1.1620284644e-07 1.1142432338e-13 1.1620252862e-07 1.1620284808e-07 -1.4286229743e-13 -1.1140431973e-13 -1.1620253070e-07 -6.3107538435e-14
d  3.9095939667e-03 2.7367156399e+00 -2.0000000000e-01 1.1777198981e+00 3.0000000000e+02 -1.1777231217e-07 1.1165089489e-13 1.1777198975e-07 1.1777231406e-07 -1.4717415924e-13 -1.1163089150e-13 -1.1777199209e-07 -6.3163680454e-14
d  3.9242194985e-03 2.7469535116e+00 -2.0000000000e-01 1.1871469619e+00 3.0000000000e+02 -1.1871502137e-07 1.1176422396e-13 1.1871469612e-07 1.1871502330e-07 -1.4985360175e-13 -1.1174421882e-13 -1.1871469851e-07 -6.3188704724e-14
d  3.9417701366e-03 2.7592389577e+00 -2.0000000000e-01 1.1984692911e+00 3.0000000000e+02 -1.1984725779e-07 1.1191264007e-13 1.1984692904e-07 1.1984725992e-07 -1.5317611471e-13 -1.1189263488e-13 -1.1984693163e-07 -6.3221754843e-14
d  3.9628309024e-03 2.7739814930e+00 -2.0000000000e-01 1.2120700610e+00 3.0000000000e+02 -1.2120733917e-07 1.1209559722e-13 1.2120700602e-07 1.2120734167e-07 -1.5733248330e-13 -1.1207559228e-13 -1.2120700900e-07 -6.3261542016e-14
d  3.9881038213e-03 2.7916725353e+00 -2.0000000000e-01 1.2284106693e+00 3.0000000000e+02 -1.2284140554e-07 1.1231958657e-13 1.2284106685e-07 1.2284140839e-07 -1.6259326204e-13 -1.1229958200e-13 -1.2284107019e-07 -6.3308724572e-14
d  4.0032675726e-03 2.8022871607e+00 -2.0000000000e-01 1.2382251780e+00 3.0000000000e+02 -1.2382285988e-07 1.1245649248e-13 1.2382251771e-07 1.2382286282e-07 -1.6590726542e-13 -1.1243648553e-13 -1.2382252114e-07 -6.3336802648e-14
d  4.0214640743e-03 2.8150247112e+00 -2.0000000000e-01 1.2500124506e+00 3.0000000000e+02 -1.2500159150e-07 1.1262359481e-13 1.2500124496e-07 1.2500159471e-07 -1.7005682656e-13 -1.1260358780e-13 -1.2500124868e-07 -6.3370393751e-14
d  4.0432998762e-03 2.8303097718e+00 -2.0000000000e-01 1.2641710991e+00 3.0000000000e+02 -1.2641746185e-07 1.1282758697e-13 1.2641710980e-07 1.2641746557e-07 -1.7531083743e-13 -1.1280758035e-13 -1.2641711405e-07 -6.3410355034e-14
d  4.0695028385e-03 2.8486518445e+00 -2.0000000000e-01 1.2811811443e+00 3.0000000000e+02 -1.2811847342e-07 1.1307848157e-13 1.2811811431e-07 1.2811847763e-07 -1.8205969178e-13 -1.1305847547e-13 -1.2811811906e-07 -6.3458104090e-14
d  4.0852246159e-03 2.8596570882e+00 -2.0000000000e-01 1.2913972679e+00 3.0000000000e+02 -1.2914009027e-07 1.1323165225e-13 1.2913972667e-07 1.2914009463e-07 -1.8636650012e-13 -1.1321164289e-13 -1.2913973157e-07 -6.3486385472e-14
d  4.1040907488e-03 2.8728633805e+00 -2.0000000000e-01 1.3036664433e+00 3.0000000000e+02 -1.3036701349e-07 1.1341976144e-13 1.3036664420e-07 1.3036701824e-07 -1.9181909366e-13 -1.1339975203e-13 -1.3036664950e-07 -6.3520441999e-14
d  4.1267301083e-03 2.8887109314e+00 -2.0000000000e-01 1.3184033589e+00 3.0000000000e+02 -1.3184071233e-07 1.1365113849e-13 1.3184033575e-07 1.3184071777e-07 -1.9881812257e-13 -1.1363112968e-13 -1.3184034176e-07 -6.3561210198e-14
d  4.1538973396e-03 2.9077279923e+00 -2.0000000000e-01 1.3361072974e+00 3.0000000000e+02 -1.3361111566e-07 1.1393779695e-13 1.3361072972e-07 1.3361111631e-07 -2.0796308368e-13 -1.1391779576e-13 -1.3361073082e-07 -6.3610101928e-14
d  4.1701976784e-03 2.9191382289e+00 -2.0000000000e-01 1.3467397587e+00 3.0000000000e+02 -1.3467436792e-07 1.1411441837e-13 1.3467397584e-07 1.3467436862e-07 -2.1388817785e-13 -1.1409441650e-13 -1.3467397700e-07 -6.3639270407e-14
d  4.1897580850e-03 2.9328305129e+00 -2.0000000000e-01 1.3595085288e+00 3.0000000000e+02 -1.3595125278e-07 1.1433228737e-13 1.3595085285e-07 1.3595125359e-07 -2.2148774425e-13 -1.1431228547e-13 -1.3595085411e-07 -6.3674439127e-14
d  4.2132305729e-03 2.9492612536e+00 -2.0000000000e-01 1.3748450016e+00 3.0000000000e+02 -1.3748491029e-07 1.1460281009e-13 1.3748450013e-07 1.3748491126e-07 -2.3140115101e-13 -1.1458280828e-13 -1.3748450156e-07 -6.3716953425e-14
d  4.2413975583e-03 2.9689781424e+00 -2.0000000000e-01 1.3932684652e+00 3.0000000000e+02 -1.3932727026e-07 1.1494052707e-13 1.3932684648e-07 1.3932727141e-07 -2.4461589796e-13 -1.1492052537e-13 -1.3932684811e-07 -6.3768153720e-14
d  4.2582977496e-03 2.9808082757e+00 -2.0000000000e-01 1.4043326606e+00 3.0000000000e+02 -1.4043369876e-07 1.1515047638e-13 1.4043326603e-07 1.4043370000e-07 -2.5333211630e-13 -1.1513047370e-13 -1.4043326774e-07 -6.3798870061e-14
d  4.2785779791e-03 2.9950044357e+00 -2.0000000000e-01 1.4176194821e+00 3.0000000000e+02 -1.4176239257e-07 1.1541146367e-13 1.4176194817e-07 1.4176239396e-07 -2.6468824932e-13 -1.1539146094e-13 -1.4176195004e-07 -6.3835967209e-14
d  4.2857140000e-03 2.9999996500e+00 -2.0000000000e-01 1.4222972498e+00 3.0000000000e+02 -1.4223017369e-07 1.1550610960e-13 1.4222972486e-07 1.4223017833e-07 -2.6893855627e-13 -1.1548609095e-13 -1.4222973006e-07 -6.3849158161e-14
d  4.2942772250e-03 3.0059939072e+00 -2.0000000000e-01 1.4279122850e+00 3.0000000000e+02 -1.4279168264e-07 1.1562179305e-13 1.4279122837e-07 1.4279168771e-07 -2.7422895296e-13 -1.1560177240e-13 -1.4279123401e-07 -6.3865076807e-14
d  4.3045530950e-03 3.0131870159e+00 -2.0000000000e-01 1.4346527788e+00 3.0000000000e+02 -1.4346573882e-07 1.1576381960e-13 1.4346527785e-07 1.4346573957e-07 -2.8087004236e-13 -1.1574381624e-13 -1.4346527908e-07 -6.3884335389e-14
d  4.3168841391e-03 3.0218187463e+00 -2.0000000000e-01 1.4427448747e+00 3.0000000000e+02 -1.4427495703e-07 1.1593924115e-13 1.4427448743e-07 1.4427495815e-07 -2.8929445752e-13 -1.1591923740e-13 -1.4427448903e-07 -6.3907655228e-14
d  4.3316813919e-03 3.0321768227e+00 -2.0000000000e-01 1.4524603785e+00 3.0000000000e+02 -1.4524651849e-07 1.1615769240e-13 1.4524603780e-07 1.4524652034e-07 -3.0012375551e-13 -1.1613768771e-13 -1.4524604014e-07 -6.3935981422e-14
d  4.3494380953e-03 3.0446065145e+00 -2.0000000000e-01 1.4641261338e+00 3.0000000000e+02 -1.4641310850e-07 1.1643374728e-13 1.4641261333e-07 1.4641311054e-07 -3.1428463847e-13 -1.1641374307e-13 -1.4641261587e-07 -6.3970846357e-14
d  4.3707461394e-03 3.0595221446e+00 -2.0000000000e-01 1.4781351817e+00 3.0000000000e+02 -1.4781403262e-07 1.1678669750e-13 1.4781351811e-07 1.4781403489e-07 -3.3322113823e-13 -1.1676669367e-13 -1.4781352089e-07 -6.4013672854e-14
d  4.3963157923e-03 3.0774209008e+00 -2.0000000000e-01 1.4949604335e+00 3.0000000000e+02 -1.4949658442e-07 1.1724817289e-13 1.4949604329e-07 1.4949658699e-07 -3.5931197172e-13 -1.1722816935e-13 -1.4949604639e-07 -6.4067169315e-14
d  4.4269993758e-03 3.0988994081e+00 -2.0000000000e-01 1.5151650178e+00 3.0000000000e+02 -1.5151708089e-07 1.1781913965e-13 1.5151650170e-07 1.5151708386e-07 -3.9672919231e-13 -1.1779913633e-13 -1.5151650521e-07 -6.4119297039e-14
d  4.4638196760e-03 3.1246736170e+00 -2.0000000000e-01 1.5394397261e+00 3.0000000000e+02 -1.5394460956e-07 1.1870023098e-13 1.5394397252e-07 1.5394461311e-07 -4.5359113118e-13 -1.1868022777e-13 -1.5394397662e-07 -6.4214107002e-14
d  4.5080040362e-03 3.1556026676e+00 -2.0000000000e-01 1.5686025333e+00 3.0000000000e+02 -1.5686098561e-07 1.1992862539e-13 1.5686025323e-07 1.5686098992e-07 -5.4757186131e-13 -1.1990862223e-13 -1.5686025812e-07 -6.4320672376e-14
d  4.5345146523e-03 3.1741600979e+00 -2.0000000000e-01 1.5861162441e+00 3.0000000000e+02 -1.5861243422e-07 1.2085369085e-13 1.5861162439e-07 1.5861243493e-07 -6.2409895416e-13 -1.2083368981e-13 -1.5861162560e-07 -6.4395892323e-14
d  4.5663273917e-03 3.1964290144e+00 -2.0000000000e-01 1.6071480395e+00 3.0000000000e+02 -1.6071573915e-07 1.2227222091e-13 1.6071480393e-07 1.6071574003e-07 -7.4796237196e-13 -1.2225221979e-13 -1.6071480531e-07 -6.4506252772e-14
d  4.5854150353e-03 3.2097903642e+00 -2.0000000000e-01 1.6197749163e+00 3.0000000000e+02 -1.6197852719e-07 1.2337337950e-13 1.6197749160e-07 1.6197852815e-07 -8.4713711495e-13 -1.2335337772e-13 -1.6197749308e-07 -6.4587673011e-14
d  4.6083202077e-03 3.2258239841e+00 -2.0000000000e-01 1.6349347453e+00 3.0000000000e+02 -1.6349467027e-07 1.2510638745e-13 1.6349347450e-07 1.6349467137e-07 -1.0054605656e-12 -1.2508638562e-13 -1.6349347611e-07 -6.4711413165e-14
d  4.6358064145e-03 3.2450643279e+00 -2.0000000000e-01 1.6531371804e+00 3.0000000000e+02 -1.6531520742e-07 1.2828577537e-13 1.6531371803e-07 1.6531520745e-07 -1.2956939974e-12 -1.2826577498e-13 -1.6531371856e-07 -6.4928834827e-14
d  4.6522981386e-03 3.2566085342e+00 -2.0000000000e-01 1.6640640681e+00 3.0000000000e+02 -1.6640816897e-07 1.3133547811e-13 1.6640640678e-07 1.6640817035e-07 -1.5652210417e-12 -1.3131547539e-13 -1.6640640869e-07 -6.5130368854e-14
d  4.6720882075e-03 3.2704615817e+00 -2.0000000000e-01 1.6771816419e+00 3.0000000000e+02 -1.6772046930e-07 1.3772700747e-13 1.6771816415e-07 1.6772047082e-07 -2.1013686641e-12 -1.3770700469e-13 -1.6771816620e-07 -6.5544114757e-14
d  4.6839622488e-03 3.2787734102e+00 -2.0000000000e-01 1.6850548901e+00 3.0000000000e+02 -1.6850836211e-07 1.4491374696e-13 1.6850548892e-07 1.6850836630e-07 -2.6617060452e-12 -1.4489373690e-13 -1.6850549370e-07 -6.6001143346e-14
d  4.6982110984e-03 3.2887476044e+00 -2.0000000000e-01 1.6945053615e+00 3.0000000000e+02 -1.6945487396e-07 1.6535414114e-13 1.6945053611e-07 1.6945487524e-07 -4.1046939085e-12 -1.6533413761e-13 -1.6945053793e-07 -6.7288246666e-14
d  4.7067604082e-03 3.2947321210e+00 -2.0000000000e-01 1.7001767553e+00 3.0000000000e+02 -1.7002450177e-07 2.0477753083e-13 1.7001767545e-07 1.7002450532e-07 -6.5512459429e-12 -2.0475751780e-13 -1.7001767957e-07 -6.9745230309e-14
d  4.7118899940e-03 3.2983228309e+00 -2.0000000000e-01 1.7035795102e+00 3.0000000000e+02 -1.7036951035e-07 2.8937673868e-13 1.7035795099e-07 1.7036951138e-07 -1.1194493210e-11 -2.8935673071e-13 -1.7035795256e-07 -7.4976584922e-14
d  4.7149677455e-03 3.3004772569e+00 -2.0000000000e-01 1.7056190370e+00 3.0000000000e+02 -1.7058877938e-07 6.0010319984e-13 1.7056190370e-07 1.7058877902e-07 -2.6181054730e-11 -6.0008320050e-13 -1.7056190383e-07 -9.4044668225e-14
d  4.7158910710e-03 3.3011235846e+00 -2.0000000000e-01 1.7062284293e+00 3.0000000000e+02 -1.7066744065e-07 9.9107945990e-13 1.7062284293e-07 1.7066744045e-07 -4.3488506084e-11 -9.9105945596e-13 -1.7062284323e-07 -1.1765893042e-13
d  4.7164450663e-03 3.3015113813e+00 -2.0000000000e-01 1.7065898880e+00 3.0000000000e+02 -1.7073599766e-07 1.7631267461e-12 1.7065898879e-07 1.7073599760e-07 -7.5081306307e-11 -1.7631067314e-12 -1.7065898923e-07 -1.6397961563e-13
d  4.7167774634e-03 3.3017440593e+00 -2.0000000000e-01 1.7067943267e+00 3.0000000000e+02 -1.7083996587e-07 3.9486514116e-12 1.7067943267e-07 1.7083996560e-07 -1.5629050178e-10 -3.9486314047e-12 -1.7067943290e-07 -2.9358284117e-13
d  4.7168771826e-03 3.3018138627e+00 -2.0000000000e-01 1.7068465502e+00 3.0000000000e+02 -1.7091608199e-07 5.8884282960e-12 1.7068465502e-07 1.7091608182e-07 -2.2513308824e-10 -5.8884082535e-12 -1.7068465535e-07 -4.0498660052e-13
d  4.7169370141e-03 3.3018557448e+00 -2.0000000000e-01 1.7068700947e+00 3.0000000000e+02 -1.7099969175e-07 8.1383859992e-12 1.7068700941e-07 1.7099969405e-07 -3.0401128370e-10 -8.1383646803e-12 -1.7068701227e-07 -5.3212239586e-13
d  4.7170088119e-03 3.3019060032e+00 -2.0000000000e-01 1.7068637840e+00 3.0000000000e+02 -1.7126725123e-07 1.5552124029e-11 1.7068637837e-07 1.7126725187e-07 -5.6437731309e-10 -1.5552103538e-11 -1.7068637953e-07 -9.4296961800e-13
d  4.7170518905e-03 3.3019361583e+00 -2.0000000000e-01 1.7066849058e+00 3.0000000000e+02 -1.7224295574e-07 4.2077237700e-11 1.7066849058e-07 1.7224295549e-07 -1.5301069272e-09 -4.2077217595e-11 -1.7066849083e-07 -2.2805134904e-12
d  4.7170648141e-03 3.3019452048e+00 -2.0000000000e-01 1.7064174481e+00 3.0000000000e+02 -1.7343113965e-07 7.1937654254e-11 1.7064174474e-07 1.7343114183e-07 -2.7142460272e-09 -7.1937627300e-11 -1.7064174753e-07 -3.2108724365e-12
d  4.7170725683e-03 3.3019506327e+00 -2.0000000000e-01 1.7059130309e+00 3.0000000000e+02 -1.7549837000e-07 1.1999579883e-10 1.7059130304e-07 1.7549837147e-07 -4.7835284115e-09 -1.1999576852e-10 -1.7059130512e-07 -3.5421266749e-12
d  4.7170772208e-03 3.3019538895e+00 -2.0000000000e-01 1.7049486149e+00 3.0000000000e+02 -1.7920484946e-07 1.9487772437e-10 1.7049486144e-07 1.7920485096e-07 -8.5149409953e-09 -1.9487768535e-10 -1.7049486359e-07 -1.6870179673e-13
d  4.7170800123e-03 3.3019558435e+00 -2.0000000000e-01 1.7031072057e+00 3.0000000000e+02 -1.8595009389e-07 2.9758350998e-10 1.7031072053e-07 1.8595009469e-07 -1.5360194253e-08 -2.9758346934e-10 -1.7031072197e-07 1.8404991450e-11
d  4.7170816872e-03 3.3019570159e+00 -2.0000000000e-01 1.6996550355e+00 3.0000000000e+02 -1.9838029897e-07 3.9385320398e-10 1.6996550354e-07 1.9838029892e-07 -2.8109502296e-08 -3.9385317543e-10 -1.6996550404e-07 8.8560587306e-11
d  4.7170826921e-03 3.3019577194e+00 -2.0000000000e-01 1.6934865487e+00 3.0000000000e+02 -2.2128660355e-07 3.3078196018e-10 1.6934865487e-07 2.2128660347e-07 -5.1918097192e-08 -3.3078192752e-10 -1.6934865538e-07 3.1093102339e-10
d  4.7170832951e-03 3.3019581415e+00 -2.0000000000e-01 1.6835004082e+00 3.0000000000e+02 -2.6199815449e-07 -2.9351378107e-10 1.6835004083e-07 2.6199815397e-07 -9.4839453827e-08 2.9351378709e-10 -1.6835004071e-07 8.9782676462e-10
d  4.7170836569e-03 3.3019583947e+00 -2.0000000000e-01 1.6696442935e+00 3.0000000000e+02 -3.2803230478e-07 -2.0780220192e-09 1.6696442935e-07 3.2803230453e-07 -1.6526385108e-07 2.0780220478e-09 -1.6696442966e-07 2.1179541641e-09
d  4.7170838739e-03 3.3019585467e+00 -2.0000000000e-01 1.6537048035e+00 3.0000000000e+02 -4.2041619128e-07 -5.2937703595e-09 1.6537048035e-07 4.2041619101e-07 -2.6436853816e-07 5.2937703872e-09 -1.6537048061e-07 4.0290573640e-09
d  4.7170841344e-03 3.3019587290e+00 -2.0000000000e-01 1.6049659145e+00 3.0000000000e+02 -8.5571009424e-07 -1.8912753019e-08 1.6049659145e-07 8.5571009403e-07 -7.2592486042e-07 1.8912753052e-08 -1.6049659228e-07 1.1798605610e-08
d  4.7170844470e-03 3.3019589478e+00 -2.0000000000e-01 1.3097079988e+00 3.0000000000e+02 -2.4616414290e-05 -1.2518939590e-07 1.3097079960e-07 2.4616414727e-05 -2.4676565445e-05 1.2518939803e-07 -1.3097348086e-07 6.5934800543e-08
d  4.7170846920e-03 3.3019591193e+00 -2.0000000000e-01 1.2414837134e+00 3.0000000000e+02 -4.6228909955e-05 -1.3890323244e-09 1.2414837134e-07 4.6228909947e-05 -4.6105878350e-05 1.3890323215e-09 -1.2414835807e-07 -2.7226978240e-10
d  4.7170849682e-03 3.3019593126e+00 -2.0000000000e-01 1.2236000818e+00 3.0000000000e+02 -5.6371575048e-05 5.4607517368e-09 1.2236000809e-07 5.6371575270e-05 -5.6241375366e-05 -5.4607510937e-09 -1.2236040989e-07 -2.3787431852e-09
d  4.7170852753e-03 3.3019595276e+00 -2.0000000000e-01 1.2203262023e+00 3.0000000000e+02 -5.8340526630e-05 1.5646144220e-09 1.2203262007e-07 5.8340527036e-05 -5.8216044371e-05 -1.5646134123e-09 -1.2203335489e-07 -8.8469678461e-10
d  4.7170856439e-03 3.3019597856e+00 -2.0000000000e-01 1.2210076347e+00 3.0000000000e+02 -5.7896197229e-05 7.9761042464e-10 1.2210076348e-07 5.7896197219e-05 -5.7772866591e-05 -7.9761042361e-10 -1.2210074626e-07 -4.3227083102e-10
d  4.7170860862e-03 3.3019600953e+00 -2.0000000000e-01 1.2218040743e+00 3.0000000000e+02 -5.7428092387e-05 1.7125901073e-10 1.2218040743e-07 5.7428092382e-05 -5.7305652202e-05 -1.7125899816e-10 -1.2218039909e-07 -8.8522415794e-11
d  4.7170866170e-03 3.3019604668e+00 -2.0000000000e-01 1.2220257890e+00 3.0000000000e+02 -5.7300543378e-05 -3.1258231083e-11 1.2220257890e-07 5.7300543373e-05 -5.7178388815e-05 3.1258245167e-11 -1.2220257066e-07 1.6754021601e-11
d  4.7170872539e-03 3.3019609126e+00 -2.0000000000e-01 1.2220151341e+00 3.0000000000e+02 -5.7306983151e-05 -2.3985556333e-11 1.2220151342e-07 5.7306983124e-05 -5.7184818267e-05 2.3985546864e-11 -1.2220146200e-07 1.2619702982e-11
d  4.7170880182e-03 3.3019614477e+00 -2.0000000000e-01 1.2219921309e+00 3.0000000000e+02 -5.7320523565e-05 -3.5011817798e-12 1.2219921311e-07 5.7320523506e-05 -5.7198329742e-05 3.5011484836e-12 -1.2219909835e-07 1.8336453116e-12
d  4.7170889354e-03 3.3019620897e+00 -2.0000000000e-01 1.2219874878e+00 3.0000000000e+02 -5.7323481311e-05 8.5090888849e-13 1.2219874878e-07 5.7323481295e-05 -5.7201281267e-05 -8.5090042002e-13 -1.2219871837e-07 -4.5903668332e-13
d  4.7170900360e-03 3.3019628601e+00 -2.0000000000e-01 1.2219883412e+00 3.0000000000e+02 -5.7323308897e-05 4.1279258176e-13 1.2219883400e-07 5.7323309227e-05 -5.7201109100e-05 -4.1257140177e-13 -1.2219948637e-07 -2.2796903675e-13
d  4.7170913567e-03 3.3019637846e+00 -2.0000000000e-01 1.2219891391e+00 3.0000000000e+02 -5.7323233056e-05 8.6997472346e-14 1.2219891386e-07 5.7323233192e-05 -5.7201033864e-05 -8.6909057596e-14 -1.2219918484e-07 -5.6155078266e-14
d  4.7170929416e-03 3.3019648940e+00 -2.0000000000e-01 1.2219896836e+00 3.0000000000e+02 -5.7323381180e-05 5.7582364210e-14 1.2219896848e-07 5.7323380842e-05 -5.7201182454e-05 -5.7703083059e-14 -1.2219828996e-07 -4.0731652798e-14
d  4.7170948435e-03 3.3019662253e+00 -2.0000000000e-01 1.2219902863e+00 3.0000000000e+02 -5.7323588381e-05 6.6934974477e-14 1.2219902880e-07 5.7323587907e-05 -5.7201389723e-05 -6.7078425723e-14 -1.2219807078e-07 -4.5680048883e-14
d  4.7170971257e-03 3.3019678229e+00 -2.0000000000e-01 1.2219910203e+00 3.0000000000e+02 -5.7323830809e-05 6.9040041906e-14 1.2219910223e-07 5.7323830247e-05 -5.7201632172e-05 -6.9180852796e-14 -1.2219795874e-07 -4.6786685635e-14
d  4.7170998643e-03 3.3019697399e+00 -2.0000000000e-01 1.2219919041e+00 3.0000000000e+02 -5.7324120034e-05 6.8956427234e-14 1.2219919065e-07 5.7324119354e-05 -5.7201921435e-05 -6.9097440490e-14 -1.2219780391e-07 -4.6743328008e-14
d  4.7171031507e-03 3.3019720404e+00 -2.0000000000e-01 1.2219929645e+00 3.0000000000e+02 -5.7324467136e-05 6.8898128259e-14 1.2219929674e-07 5.7324466313e-05 -5.7202268588e-05 -6.9040071376e-14 -1.2219760983e-07 -4.6712975794e-14
d  4.7171070944e-03 3.3019748010e+00 -2.0000000000e-01 1.2219942370e+00 3.0000000000e+02 -5.7324883705e-05 6.8895455818e-14 1.2219942405e-07 5.7324882709e-05 -5.7202685217e-05 -6.9038187241e-14 -1.2219737633e-07 -4.6711900974e-14
d  4.7171118268e-03 3.3019781137e+00 -2.0000000000e-01 1.2219957639e+00 3.0000000000e+02 -5.7325383592e-05 6.8895642641e-14 1.2219957682e-07 5.7325382390e-05 -5.7203185178e-05 -6.9039025237e-14 -1.2219709586e-07 -4.6712372426e-14
d  4.7171175057e-03 3.3019820889e+00 -2.0000000000e-01 1.2219975963e+00 3.0000000000e+02 -5.7325983460e-05 6.8895333448e-14 1.2219976014e-07 5.7325982010e-05 -5.7203785135e-05 -6.9039262508e-14 -1.2219675892e-07 -4.6712420511e-14
d  4.7171243203e-03 3.3019868591e+00 -2.0000000000e-01 1.2219997951e+00 3.0000000000e+02 -5.7326703308e-05 6.8894912750e-14 1.2219998013e-07 5.7326701559e-05 -5.7204505089e-05 -6.9039299859e-14 -1.2219635426e-07 -4.6712428367e-14
d  4.7171324979e-03 3.3019925834e+00 -2.0000000000e-01 1.2220024337e+00 3.0000000000e+02 -5.7327567134e-05 6.8894545337e-14 1.2220024411e-07 5.7327565027e-05 -5.7205369043e-05 -6.9039314922e-14 -1.2219586841e-07 -4.6712441201e-14
d  4.7171423110e-03 3.3019994526e+00 -2.0000000000e-01 1.2220056000e+00 3.0000000000e+02 -5.7328603737e-05 6.8894266008e-14 1.2220056089e-07 5.7328601201e-05 -5.7206405800e-05 -6.9039353878e-14 -1.2219528520e-07 -4.6712458370e-14
d  4.7171540868e-03 3.3020076956e+00 -2.0000000000e-01 1.2220093996e+00 3.0000000000e+02 -5.7329847679e-05 6.8894012427e-14 1.2220094103e-07 5.7329844628e-05 -5.7207649927e-05 -6.9039363998e-14 -1.2219458521e-07 -4.6712477142e-14
d  4.7171682176e-03 3.3020175872e+00 -2.0000000000e-01 1.2220139591e+00 3.0000000000e+02 -5.7331340436e-05 6.8893871032e-14 1.2220139720e-07 5.7331336765e-05 -5.7209142905e-05 -6.9039439603e-14 -1.2219374518e-07 -4.6712501914e-14
d  4.7171851747e-03 3.3020294572e+00 -2.0000000000e-01 1.2220194305e+00 3.0000000000e+02 -5.7333131780e-05 6.8893703260e-14 1.2220194460e-07 5.7333127368e-05 -5.7210934515e-05 -6.9039448961e-14 -1.2219273717e-07 -4.6712530450e-14
d  4.7172055231e-03 3.3020437011e+00 -2.0000000000e-01 1.2220259962e+00 3.0000000000e+02 -5.7335281469e-05 6.8893050264e-14 1.2220259962e-07 5.7335281450e-05 -5.7213078774e-05 -6.8873638529e-14 -1.2220256048e-07 -4.6642579209e-14
d  4.7172299413e-03 3.3020607938e+00 -2.0000000000e-01 1.2220338752e+00 3.0000000000e+02 -5.7337861128e-05 6.9083042427e-14 1.2220338753e-07 5.7337861105e-05 -5.7215657648e-05 -6.9063632928e-14 -1.2220334029e-07 -4.6726734643e-14
d  4.7172592431e-03 3.3020813050e+00 -2.0000000000e-01 1.2220433298e+00 3.0000000000e+02 -5.7340956861e-05 6.9034539891e-14 1.2220433299e-07 5.7340956834e-05 -5.7218752442e-05 -6.9015131181e-14 -1.2220427615e-07 -4.6705356514e-14
d  4.7172944052e-03 3.3021059185e+00 -2.0000000000e-01 1.2220546755e+00 3.0000000000e+02 -5.7344671895e-05 6.9035300061e-14 1.2220546756e-07 5.7344671862e-05 -5.7222466347e-05 -6.9015891924e-14 -1.2220539921e-07 -4.6705704059e-14
d  4.7173365998e-03 3.3021354547e+00 -2.0000000000e-01 1.2220682904e+00 3.0000000000e+02 -5.7349130165e-05 6.9035265951e-14 1.2220682905e-07 5.7349130125e-05 -5.7226923262e-05 -6.9015858238e-14 -1.2220674688e-07 -4.6705752874e-14
d  4.7173872332e-03 3.3021708982e+00 -2.0000000000e-01 1.2220846284e+00 3.0000000000e+02 -5.7354480419e-05 6.9035336081e-14 1.2220846285e-07 5.7354480372e-05 -5.7232271892e-05 -6.9015928615e-14 -1.2220836412e-07 -4.6705848780e-14
d  4.7174479934e-03 3.3022134303e+00 -2.0000000000e-01 1.2221042341e+00 3.0000000000e+02 -5.7360901201e-05 6.9035425038e-14 1.2221042343e-07 5.7360901144e-05 -5.7238690724e-05 -6.9016017683e-14 -1.2221030484e-07 -4.6705964272e-14
d  4.7175209056e-03 3.3022644688e+00 -2.0000000000e-01 1.2221277612e+00 3.0000000000e+02 -5.7368606826e-05 6.9035521445e-14 1.2221277614e-07 5.7368606757e-05 -5.7246394008e-05 -6.9016114057e-14 -1.2221263375e-07 -4.6706102783e-14
d  4.7176084003e-03 3.3023257151e+00 -2.0000000000e-01 1.2221559940e+00 3.0000000000e+02 -5.7377854563e-05 6.9035645976e-14 1.2221559943e-07 5.7377854481e-05 -5.7255638937e-05 -6.9016238395e-14 -1.2221542852e-07 -4.6706269087e-14
d  4.7177133939e-03 3.3023992106e+00 -2.0000000000e-01 1.2221898739e+00 3.0000000000e+02 -5.7388953270e-05 6.9035793358e-14 1.2221898743e-07 5.7388953172e-05 -5.7266734274e-05 -6.9016385426e-14 -1.2221878235e-07 -4.6706468649e-14
d  4.7178393862e-03 3.3024874052e+00 -2.0000000000e-01 1.2222305305e+00 3.0000000000e+02 -5.7402273768e-05 6.9035967426e-14 1.2222305309e-07 5.7402273650e-05 -5.7280050727e-05 -6.9016558980e-14 -1.2222280708e-07 -4.6706708221e-14
d  4.7179905769e-03 3.3025932387e+00 -2.0000000000e-01 1.2222793193e+00 3.0000000000e+02 -5.7418261317e-05 6.9036174938e-14 1.2222793198e-07 5.7418261175e-05 -5.7296033423e-05 -6.9016765801e-14 -1.2222763698e-07 -4.6706995874e-14
d  4.7181720058e-03 3.3027202389e+00 -2.0000000000e-01 1.2223378673e+00 3.0000000000e+02 -5.7437450625e-05 6.9036424905e-14 1.2223378679e-07 5.7437450456e-05 -5.7315216907e-05 -6.9017014858e-14 -1.2223343317e-07 -4.6707341129e-14
d  4.7183897205e-03 3.3028726392e+00 -2.0000000000e-01 1.2224081269e+00 3.0000000000e+02 -5.7460483917e-05 6.9036732860e-14 1.2224081276e-07 5.7460483714e-05 -5.7338243210e-05 -6.9017321663e-14 -1.2224038904e-07 -4.6707755700e-14
d  4.7186509781e-03 3.3030555195e+00 -2.0000000000e-01 1.2224924413e+00 3.0000000000e+02 -5.7488132685e-05 6.9037098402e-14 1.2224924422e-07 5.7488132442e-05 -5.7365883590e-05 -6.9017685779e-14 -1.2224873672e-07 -4.6708253467e-14
d  4.7189644873e-03 3.3032749759e+00 -2.0000000000e-01 1.2225936229e+00 3.0000000000e+02 -5.7521323908e-05 6.9037538281e-14 1.2225936239e-07 5.7521323617e-05 -5.7399064747e-05 -6.9018123902e-14 -1.2225875488e-07 -4.6708851232e-14
d  4.7193406983e-03 3.3035383236e+00 -2.0000000000e-01 1.2227150467e+00 3.0000000000e+02 -5.7561171671e-05 6.9038069834e-14 1.2227150480e-07 5.7561171324e-05 -5.7438900430e-05 -6.9018653311e-14 -1.2227077800e-07 -4.6709569171e-14
d  4.7197921515e-03 3.3038543408e+00 -2.0000000000e-01 1.2228607641e+00 3.0000000000e+02 -5.7609015346e-05 6.9038710033e-14 1.2228607656e-07 5.7609014931e-05 -5.7486729608e-05 -6.9019290902e-14 -1.2228520769e-07 -4.6710431611e-14
d  4.7203338953e-03 3.3042335615e+00 -2.0000000000e-01 1.2230356375e+00 3.0000000000e+02 -5.7666465696e-05 6.9039432753e-14 1.2230356392e-07 5.7666465200e-05 -5.7544162558e-05 -6.9020010553e-14 -1.2230252594e-07 -4.6711451633e-14
d  4.7209839879e-03 3.3046886263e+00 -2.0000000000e-01 1.2232455035e+00 3.0000000000e+02 -5.7735460822e-05 6.9040369702e-14 1.2232455056e-07 5.7735460230e-05 -5.7613136803e-05 -6.9020943665e-14 -1.2232331208e-07 -4.6712697481e-14
d  4.7217640990e-03 3.3052347040e+00 -2.0000000000e-01 1.2234973689e+00 3.0000000000e+02 -5.7818333830e-05 6.9041506964e-14 1.2234973714e-07 5.7818333125e-05 -5.7695984748e-05 -6.9022076294e-14 -1.2234826131e-07 -4.6714196032e-14
d  4.7227002323e-03 3.3058899973e+00 -2.0000000000e-01 1.2237996450e+00 3.0000000000e+02 -5.7917895099e-05 6.9042879478e-14 1.2237996479e-07 5.7917894260e-05 -5.7795515936e-05 -6.9023443215e-14 -1.2237820889e-07 -4.6715996070e-14
d  4.7238235922e-03 3.3066763492e+00 -2.0000000000e-01 1.2241624254e+00 3.0000000000e+02 -5.8037534130e-05 6.9043716618e-14 1.2241624289e-07 5.8037533130e-05 -5.7915118864e-05 -6.9024275629e-14 -1.2241415013e-07 -4.6717796052e-14
d  4.7251716242e-03 3.3076199716e+00 -2.0000000000e-01 1.2245978344e+00 3.0000000000e+02 -5.8181338934e-05 6.9045164985e-14 1.2245978385e-07 5.8181337753e-05 -5.8058880325e-05 -6.9025714051e-14 -1.2245731260e-07 -4.6720210706e-14
d  4.7267892626e-03 3.3087523184e+00 -2.0000000000e-01 1.2251204384e+00 3.0000000000e+02 -5.8354245472e-05 6.9047942425e-14 1.2251204432e-07 5.8354244077e-05 -5.8231734834e-05 -6.9028481352e-14 -1.2250912708e-07 -4.6723461120e-14
d  4.7287304286e-03 3.3101111345e+00 -2.0000000000e-01 1.2257477265e+00 3.0000000000e+02 -5.8562224969e-05 6.9050975142e-14 1.2257477322e-07 5.8562223328e-05 -5.8439651871e-05 -6.9031502049e-14 -1.2257134146e-07 -4.6727242457e-14
d  4.7310598279e-03 3.3117417139e+00 -2.0000000000e-01 1.2265007086e+00 3.0000000000e+02 -5.8812509980e-05 6.9054704088e-14 1.2265007152e-07 5.8812508059e-05 -5.8689861889e-05 -6.9035216372e-14 -1.2264605487e-07 -4.6731805114e-14
d  4.7338551070e-03 3.3136984092e+00 -2.0000000000e-01 1.2274047013e+00 3.0000000000e+02 -5.9113892486e-05 6.9065364645e-14 1.2274047090e-07 5.9113890241e-05 -5.8991154346e-05 -6.9045861274e-14 -1.2273577970e-07 -4.6739327140e-14
d  4.7372094419e-03 3.3160464435e+00 -2.0000000000e-01 1.2284900617e+00 3.0000000000e+02 -5.9477054108e-05 6.9074293421e-14 1.2284900704e-07 5.9477051530e-05 -5.9354207790e-05 -6.9054766146e-14 -1.2284362392e-07 -4.6746996201e-14
d  4.7412346438e-03 3.3188640847e+00 -2.0000000000e-01 1.2297932185e+00 3.0000000000e+02 -5.9914987185e-05 6.9079851803e-14 1.2297932185e-07 5.9914987179e-05 -5.9792007755e-05 -6.9059852810e-14 -1.2297930813e-07 -4.6754409812e-14
d  4.7460648861e-03 3.3222452541e+00 -2.0000000000e-01 1.2313580479e+00 3.0000000000e+02 -6.0443604800e-05 6.9089101544e-14 1.2313580479e-07 6.0443604793e-05 -6.0320468887e-05 -6.9069102412e-14 -1.2313579049e-07 -4.6764393749e-14
d  4.7518611768e-03 3.3263026575e+00 -2.0000000000e-01 1.2332373744e+00 3.0000000000e+02 -6.1082455283e-05 6.9101286442e-14 1.2332373744e-07 6.1082455282e-05 -6.0959131431e-05 -6.9081286550e-14 -1.2332373538e-07 -4.6776484947e-14
d  4.7588167257e-03 3.3311715414e+00 -2.0000000000e-01 1.2354943477e+00 3.0000000000e+02 -6.1855754176e-05 6.9105027650e-14 1.2354943477e-07 6.1855754182e-05 -6.1732204619e-05 -6.9085027179e-14 -1.2354944635e-07 -4.6786224498e-14
d  4.7671633844e-03 3.3370142022e+00 -2.0000000000e-01 1.2382059227e+00 3.0000000000e+02 -6.2793165328e-05 6.9126713918e-14 1.2382059226e-07 6.2793165339e-05 -6.2669344607e-05 -6.9106713117e-14 -1.2382061601e-07 -4.6805530156e-14
d  4.7771793748e-03 3.3440253951e+00 -2.0000000000e-01 1.2414645474e+00 3.0000000000e+02 -6.3931783376e-05 6.9150831849e-14 1.2414645474e-07 6.3931783396e-05 -6.3807636783e-05 -6.9130830680e-14 -1.2414649684e-07 -4.6827537597e-14
d  4.7891985633e-03 3.3524388267e+00 -2.0000000000e-01 1.2453818799e+00 3.0000000000e+02 -6.5318119288e-05 6.9182510021e-14 1.2453818798e-07 6.5318119322e-05 -6.5193580946e-05 -6.9162508364e-14 -1.2453826069e-07 -4.6854736162e-14
d  4.8036215894e-03 3.3625349445e+00 -2.0000000000e-01 1.2500935964e+00 3.0000000000e+02 -6.7011276361e-05 6.9235279163e-14 1.2500935962e-07 6.7011276420e-05 -6.6886266822e-05 -6.9215276871e-14 -1.2500948266e-07 -4.6891702062e-14
d  4.8209292209e-03 3.3746502859e+00 -2.0000000000e-01 1.2557626445e+00 3.0000000000e+02 -6.9086022861e-05 6.9283936679e-14 1.2557626442e-07 6.9086022964e-05 -6.8960446369e-05 -6.9263933421e-14 -1.2557647916e-07 -4.6931232886e-14
d  4.8416983785e-03 3.3891886955e+00 -2.0000000000e-01 1.2625872888e+00 3.0000000000e+02 -7.1638779371e-05 6.9349620298e-14 1.2625872882e-07 7.1638779553e-05 -7.1512520335e-05 -6.9329615707e-14 -1.2625910226e-07 -4.6980717480e-14
d  4.8666213678e-03 3.4066347871e+00 -2.0000000000e-01 1.2708093730e+00 3.0000000000e+02 -7.4795316875e-05 6.9440446854e-14 1.2708093730e-07 7.4795316889e-05 -7.4668235807e-05 -6.9420446584e-14 -1.2708096474e-07 -4.7043556492e-14
d  4.8965289549e-03 3.4275700970e+00 -2.0000000000e-01 1.2807453499e+00 3.0000000000e+02 -7.8730182618e-05 6.9730733159e-14 1.2807453498e-07 7.8730182641e-05 -7.8602107941e-05 -6.9710732777e-14 -1.2807458344e-07 -4.7176543742e-14
d  4.9324180594e-03 3.4526924689e+00 -2.0000000000e-01 1.2927594456e+00 3.0000000000e+02 -8.3667700372e-05 6.9955205276e-14 1.2927594455e-07 8.3667700402e-05 -8.3538424279e-05 -6.9935204892e-14 -1.2927600608e-07 -4.7296070476e-14
d  4.9754849848e-03 3.4828393152e+00 -2.0000000000e-01 1.3072920751e+00 3.0000000000e+02 -8.9909282652e-05 7.0164368924e-14 1.3072920750e-07 8.9909282705e-05 -8.9778553274e-05 -7.0144368407e-14 -1.3072931274e-07 -4.7419623535e-14
d  5.0000000000e-03 3.4999998250e+00 -2.0000000000e-01 1.3156247633e+00 3.0000000000e+02 -9.3624443037e-05 7.0335085464e-14 1.3156247632e-07 9.3624443057e-05 -9.3492880423e-05 -7.0315085174e-14 -1.3156251595e-07 -4.7505668312e-14
d  5.0294180183e-03 3.5205924368e+00 -2.0000000000e-01 1.3256812057e+00 3.0000000000e+02 -9.8244029887e-05 7.0518562135e-14 1.3256812056e-07 9.8244029920e-05 -9.8111461615e-05 -7.0498561696e-14 -1.3256818653e-07 -4.7601652572e-14
d  5.0647196402e-03 3.5453035709e+00 -2.0000000000e-01 1.3378333256e+00 3.0000000000e+02 -1.0402941487e-04 7.0756473530e-14 1.3378333255e-07 1.0402941492e-04 -1.0389563137e-04 -7.0736472986e-14 -1.3378343540e-07 -4.7721919965e-14
d  5.1070815866e-03 3.5749569319e+00 -2.0000000000e-01 1.3525400659e+00 3.0000000000e+02 -1.1133831564e-04 7.1058018053e-14 1.3525400657e-07 1.1133831573e-04 -1.1120306143e-04 -7.1038017319e-14 -1.3525418352e-07 -4.7869941944e-14
d  5.1579159222e-03 3.6105409650e+00 -2.0000000000e-01 1.3703817231e+00 3.0000000000e+02 -1.2067428684e-04 7.1489003546e-14 1.3703817228e-07 1.2067428701e-04 -1.2053724839e-04 -7.1469002490e-14 -1.3703850107e-07 -4.8068726884e-14
d  5.2189171249e-03 3.6532418048e+00 -2.0000000000e-01 1.3920598211e+00 3.0000000000e+02 -1.3276054884e-04 7.1962446416e-14 1.3920598206e-07 1.3276054916e-04 -1.3262134246e-04 -7.1942444969e-14 -1.3920657365e-07 -4.8286466469e-14
d  5.2921185682e-03 3.7044828125e+00 -2.0000000000e-01 1.4184583590e+00 3.0000000000e+02 -1.4867681016e-04 7.2563544131e-14 1.4184583590e-07 1.4867681019e-04 -1.4853496418e-04 -7.2543544048e-14 -1.4184588198e-07 -4.8551862660e-14
d  5.3799603001e-03 3.7659720218e+00 -2.0000000000e-01 1.4508073542e+00 3.0000000000e+02 -1.7006832500e-04 7.3586530417e-14 1.4508073541e-07 1.7006832505e-04 -1.6992324411e-04 -7.3566530307e-14 -1.4508081874e-07 -4.8974548605e-14
d  5.4853703784e-03 3.8397590729e+00 -2.0000000000e-01 1.4908171213e+00 3.0000000000e+02 -1.9972148427e-04 7.5237524000e-14 1.4908171212e-07 1.9972148437e-04 -1.9957240237e-04 -7.5217523852e-14 -1.4908187418e-07 -4.9610739294e-14
d  5.6118624724e-03 3.9283035343e+00 -2.0000000000e-01 1.5403380403e+00 3.0000000000e+02 -2.4207828105e-04 7.6725910995e-14 1.5403380402e-07 2.4207828125e-04 -2.4192424699e-04 -7.6705910793e-14 -1.5403413744e-07 -5.0193421790e-14
d  5.7142860000e-03 4.0000000000e+00 -2.0000000000e-01 1.5816978895e+00 3.0000000000e+02 -2.8309221111e-04 7.8198482855e-14 1.5816978894e-07 2.8309221127e-04 -2.8293404109e-04 -7.8178482700e-14 -1.5817005775e-07 -5.0735736936e-14
d  5.8371942331e-03 4.0860357589e+00 -2.0000000000e-01 1.6328725929e+00 3.0000000000e+02 -3.4234622294e-04 8.0071490610e-14 1.6328725927e-07 3.4234622330e-04 -3.4218293534e-04 -8.0051490385e-14 -1.6328782501e-07 -5.1403935173e-14
d  5.9846841128e-03 4.1892786695e+00 -2.0000000000e-01 1.6964470894e+00 3.0000000000e+02 -4.3273225838e-04 8.2362429553e-14 1.6964470889e-07 4.3273225919e-04 -4.3256261312e-04 -8.2342429263e-14 -1.6964594089e-07 -5.2167239462e-14
d  6.1616719685e-03 4.3131701623e+00 -2.0000000000e-01 1.7770695286e+00 3.0000000000e+02 -5.8323786048e-04 8.6939951250e-14 1.7770695279e-07 5.8323786220e-04 -5.8306015266e-04 -8.6919950974e-14 -1.7770940149e-07 -5.3629198718e-14
d  6.3740573953e-03 4.4618399536e+00 -2.0000000000e-01 1.8790244884e+00 3.0000000000e+02 -8.6230560986e-04 9.1474149003e-14 1.8790244876e-07 8.6230561279e-04 -8.6211770617e-04 -9.1454148811e-14 -1.8790647302e-07 -5.4854864991e-14
d  6.6289199075e-03 4.6402437032e+00 -2.0000000000e-01 2.0017679619e+00 3.0000000000e+02 -1.4180187382e-03 9.2280868955e-14 2.0017679619e-07 1.4180187382e-03 -1.4178185612e-03 -9.2260868955e-14 -2.0017679635e-07 -5.4426927242e-14
d  6.9347549221e-03 4.8543282027e+00 -2.0000000000e-01 2.1357024492e+00 3.0000000000e+02 -2.3372809303e-03 8.5055559696e-14 2.1357024492e-07 2.3372809303e-03 -2.3370673599e-03 -8.5035559696e-14 -2.1357024494e-07 -5.1301337397e-14
d  7.1428570000e-03 4.9999996500e+00 -2.0000000000e-01 2.2199039531e+00 3.0000000000e+02 -3.0589840144e-03 8.2873640771e-14 2.2199039531e-07 3.0589840144e-03 -3.0587620239e-03 -8.2853640771e-14 -2.2199039634e-07 -5.0267751983e-14
d  7.3925794935e-03 5.1748053867e+00 -2.0000000000e-01 2.3103410886e+00 3.0000000000e+02 -3.9114725093e-03 7.6038820981e-14 2.3103410886e-07 3.9114725093e-03 -3.9112414751e-03 -7.6018820981e-14 -2.3103410913e-07 -4.7726951160e-14
d  7.6922464858e-03 5.3845722708e+00 -2.0000000000e-01 2.4046251120e+00 3.0000000000e+02 -4.8487448432e-03 6.9636782475e-14 2.4046251120e-07 4.8487448432e-03 -4.8485043805e-03 -6.9616782475e-14 -2.4046251210e-07 -4.5262893838e-14
d  8.0518468765e-03 5.6362925317e+00 -2.0000000000e-01 2.4987146125e+00 3.0000000000e+02 -5.8548426107e-03 6.3003663428e-14 2.4987146125e-07 5.8548426107e-03 -5.8545927391e-03 -6.2983663428e-14 -2.4987146131e-07 -4.2522740363e-14
d  8.4833673453e-03 5.9383568448e+00 -2.0000000000e-01 2.5905177868e+00 3.0000000000e+02 -6.9153470522e-03 5.7925349423e-14 2.5905177868e-07 6.9153470522e-03 -6.9150880003e-03 -5.7905349423e-14 -2.5905177888e-07 -4.0259303315e-14
d  8.5714290000e-03 6.0000000000e+00 -2.0000000000e-01 2.6076317733e+00 3.0000000000e+02 -7.1136777873e-03 5.8825284102e-14 2.6076317733e-07 7.1136777873e-03 -7.1134170241e-03 -5.8805284102e-14 -2.6076317791e-07 -4.0529033470e-14
d  8.6771029856e-03 5.9260282310e+00 -2.0000000000e-01 2.5870389970e+00 3.0000000000e+02 -6.8750386789e-03 -1.2365457531e-13 2.5870389970e-07 6.8750386789e-03 -6.8747799752e-03 1.2367457531e-13 -2.5870389970e-07 8.5092663168e-14
d  8.8039117684e-03 5.8372621082e+00 -2.0000000000e-01 2.5613796646e+00 3.0000000000e+02 -6.5780961502e-03 -6.0221575024e-14 2.5613796646e-07 6.5780961502e-03 -6.5778400123e-03 6.0241575024e-14 -2.5613796660e-07 4.1251771132e-14
d  8.9560823078e-03 5.7307427609e+00 -2.0000000000e-01 2.5290325228e+00 3.0000000000e+02 -6.2044437110e-03 -6.1427682352e-14 2.5290325228e-07 6.2044437110e-03 -6.2041908079e-03 6.1447682352e-14 -2.5290325251e-07 4.1813923894e-14
d  9.1386869550e-03 5.6029195440e+00 -2.0000000000e-01 2.4875904328e+00 3.0000000000e+02 -5.7267177678e-03 -6.3263954747e-14 2.4875904328e-07 5.7267177678e-03 -5.7264690089e-03 6.3283954747e-14 -2.4875904350e-07 4.2618042407e-14
d  9.3578125316e-03 5.4495316838e+00 -2.0000000000e-01 2.4311366349e+00 3.0000000000e+02 -5.1178536927e-03 -6.7915646005e-14 2.4311366349e-07 5.1178536927e-03 -5.1176105791e-03 6.7935646004e-14 -2.4311366337e-07 4.4555625771e-14
d  9.6207632236e-03 5.2654662516e+00 -2.0000000000e-01 2.3528135812e+00 3.0000000000e+02 -4.3294592343e-03 -7.3416088523e-14 2.3528135812e-07 4.3294592343e-03 -4.3292239531e-03 7.3436088523e-14 -2.3528135803e-07 4.6779995986e-14
d  9.9363040539e-03 5.0445877330e+00 -2.0000000000e-01 2.2441562988e+00 3.0000000000e+02 -3.2814013543e-03 -7.9768480970e-14 2.2441562988e-07 3.2814013543e-03 -3.2811769387e-03 7.9788480970e-14 -2.2441562954e-07 4.9209356557e-14
d  1.0000000000e-02 5.0000005833e+00 -2.0000000000e-01 2.2199044708e+00 3.0000000000e+02 -3.0589888264e-03 -8.1989393091e-14 2.2199044708e-07 3.0589888264e-03 -3.0587668361e-03 8.2009393091e-14 -2.2199044676e-07 5.0036068183e-14
d  1.0076435135e-02 4.9464960038e+00 -2.0000000000e-01 2.1896333900e+00 3.0000000000e+02 -2.7893697357e-03 -8.4225045358e-14 2.1896333900e-07 2.7893697357e-03 -2.7891507725e-03 8.4245045358e-14 -2.1896333781e-07 5.0879946993e-14
d  1.0168157298e-02 4.8822905083e+00 -2.0000000000e-01 2.1517211058e+00 3.0000000000e+02 -2.4674908209e-03 -8.6435049729e-14 2.1517211058e-07 2.4674908209e-03 -2.4672756490e-03 8.6455049729e-14 -2.1517211047e-07 5.1753528341e-14
d  1.0278223892e-02 4.8052439138e+00 -2.0000000000e-01 2.1069944803e+00 3.0000000000e+02 -2.1133854219e-03 -8.2763841775e-14 2.1069944803e-07 2.1133854219e-03 -2.1131747226e-03 8.2783841775e-14 -2.1069944908e-07 5.0678713142e-14
d  1.0410303806e-02 4.7127880004e+00 -2.0000000000e-01 2.0495904489e+00 3.0000000000e+02 -1.7086116767e-03 -8.8596759010e-14 2.0495904489e-07 1.7086116767e-03 -1.7084067178e-03 8.8616759010e-14 -2.0495905501e-07 5.2948459289e-14
d  1.0568799703e-02 4.6018409042e+00 -2.0000000000e-01 1.9757476439e+00 3.0000000000e+02 -1.2773087703e-03 -9.1997515952e-14 1.9757476439e-07 1.2773087703e-03 -1.2771111957e-03 9.2017515952e-14 -1.9757476637e-07 5.4457617021e-14
d  1.0758994779e-02 4.4687043888e+00 -2.0000000000e-01 1.8838046295e+00 3.0000000000e+02 -8.7869448322e-04 -9.1766399404e-14 1.8838046292e-07 8.7869448403e-04 -8.7850610260e-04 9.1786399461e-14 -1.8838157179e-07 5.4826254329e-14
d  1.0939431032e-02 4.3423990471e+00 -2.0000000000e-01 1.7968020439e+00 3.0000000000e+02 -6.2796506445e-04 -8.8766921810e-14 1.7968020436e-07 6.2796506517e-04 -6.2778538410e-04 8.8786921904e-14 -1.7968121571e-07 5.4242461892e-14
d  1.1084602285e-02 4.2407791989e+00 -2.0000000000e-01 1.7291433769e+00 3.0000000000e+02 -4.8824577821e-04 -8.5176521108e-14 1.7291433757e-07 4.8824578085e-04 -4.8807286279e-04 8.5196521782e-14 -1.7291819520e-07 5.3136918785e-14
d  1.1231448105e-02 4.1379871542e+00 -2.0000000000e-01 1.6645866241e+00 3.0000000000e+02 -3.8473235000e-04 -8.0431746867e-14 1.6645866241e-07 3.8473235010e-04 -3.8456589141e-04 8.0451746912e-14 -1.6645883038e-07 5.1544669300e-14
d  1.1407663088e-02 4.0146367006e+00 -2.0000000000e-01 1.5902817876e+00 3.0000000000e+02 -2.9233057227e-04 -7.8430834750e-14 1.5902817875e-07 2.9233057237e-04 -2.9217154415e-04 7.8450834809e-14 -1.5902835057e-07 5.0857944081e-14
d  1.1428570000e-02 4.0000018667e+00 -2.0000000000e-01 1.5816989779e+00 3.0000000000e+02 -2.8309340627e-04 -7.8173877794e-14 1.5816989769e-07 2.8309340748e-04 -2.8293523574e-04 7.8193882053e-14 -1.5817186699e-07 5.0737257693e-14
d  1.1453658294e-02 3.9824400660e+00 -2.0000000000e-01 1.5714633216e+00 3.0000000000e+02 -2.7241585535e-04 -7.7818364598e-14 1.5714633197e-07 2.7241585759e-04 -2.7225870770e-04 7.7838374355e-14 -1.5715002000e-07 5.0605787964e-14
d  1.1483764246e-02 3.9613659052e+00 -2.0000000000e-01 1.5592703497e+00 3.0000000000e+02 -2.6016081105e-04 -7.7399062437e-14 1.5592703465e-07 2.6016081473e-04 -2.6000488173e-04 7.7419076657e-14 -1.5593312116e-07 5.0451416276e-14
d  1.1519891389e-02 3.9360769122e+00 -2.0000000000e-01 1.5447678785e+00 3.0000000000e+02 -2.4620953434e-04 -7.6898963527e-14 1.5447678734e-07 2.4620953992e-04 -2.4605505393e-04 7.6918982970e-14 -1.5448611602e-07 5.0265103468e-14
d  1.1563243961e-02 3.9057301206e+00 -2.0000000000e-01 1.5275473201e+00 3.0000000000e+02 -2.3047959353e-04 -7.6323913379e-14 1.5275473200e-07 2.3047959370e-04 -2.3032683880e-04 7.6343913917e-14 -1.5275501811e-07 5.0047789738e-14
d  1.1615267047e-02 3.8693139707e+00 -2.0000000000e-01 1.5071590207e+00 3.0000000000e+02 -2.1295878366e-04 -7.5576630798e-14 1.5071590204e-07 2.1295878392e-04 -2.1280806770e-04 7.5596631576e-14 -1.5071635377e-07 4.9765108344e-14
d  1.1677694750e-02 3.8256145908e+00 -2.0000000000e-01 1.4830594762e+00 3.0000000000e+02 -1.9367503181e-04 -7.4832596301e-14 1.4830594758e-07 1.9367503218e-04 -1.9352672571e-04 7.4852597341e-14 -1.4830659775e-07 4.9472100186e-14
d  1.1752607994e-02 3.7731753349e+00 -2.0000000000e-01 1.4546642422e+00 3.0000000000e+02 -1.7276698328e-04 -7.3930464924e-14 1.4546642415e-07 1.7276698381e-04 -1.7262151655e-04 7.3950466369e-14 -1.4546738087e-07 4.9111024341e-14
d  1.1842503887e-02 3.7102482279e+00 -2.0000000000e-01 1.4214576279e+00 3.0000000000e+02 -1.5057012474e-04 -7.2579054284e-14 1.4214576279e-07 1.5057012478e-04 -1.5042797907e-04 7.2599054392e-14 -1.4214583644e-07 4.8581222519e-14
d  1.1950378958e-02 3.6347356994e+00 -2.0000000000e-01 1.3826316662e+00 3.0000000000e+02 -1.2739764453e-04 -7.1572530137e-14 1.3826316661e-07 1.2739764460e-04 -1.2725938143e-04 7.1592530307e-14 -1.3826328487e-07 4.8142823705e-14
d  1.2079829044e-02 3.5441206653e+00 -2.0000000000e-01 1.3372495554e+00 3.0000000000e+02 -1.0374634613e-04 -7.0691008411e-14 1.3372495553e-07 1.0374634614e-04 -1.0361262128e-04 7.0711008450e-14 -1.3372498285e-07 4.7718701406e-14
d  1.2142860000e-02 3.4999990083e+00 -2.0000000000e-01 1.3156243490e+00 3.0000000000e+02 -9.3624284650e-05 -7.0265417501e-14 1.3156243486e-07 9.3624284784e-05 -9.3492722201e-05 7.0285418242e-14 -1.3156270082e-07 4.7497453764e-14
d  1.2218497148e-02 3.4470530200e+00 -2.0000000000e-01 1.2900549012e+00 3.0000000000e+02 -8.2538904790e-05 -6.9823342863e-14 1.2900549011e-07 8.2538904799e-05 -8.2409899407e-05 6.9843342920e-14 -1.2900550934e-07 4.7257057308e-14
d  1.2309261725e-02 3.3835178340e+00 -2.0000000000e-01 1.2599223798e+00 3.0000000000e+02 -7.0634781894e-05 -6.9271739590e-14 1.2599223796e-07 7.0634781974e-05 -7.0508789686e-05 6.9291740063e-14 -1.2599240452e-07 4.6958535806e-14
d  1.2418179217e-02 3.3072756108e+00 -2.0000000000e-01 1.2244389026e+00 3.0000000000e+02 -5.8128849262e-05 -6.8899877893e-14 1.2244389026e-07 5.8128849266e-05 -5.8006405482e-05 6.8919877919e-14 -1.2244389996e-07 4.6687841113e-14
d  1.2548880208e-02 3.2157849430e+00 -2.0000000000e-01 1.1825803279e+00 3.0000000000e+02 -4.5337773191e-05 -6.8883290817e-14 1.1825803279e-07 4.5337773200e-05 -4.5219515262e-05 6.8903290875e-14 -1.1825805395e-07 4.6488172542e-14
d  1.2705721398e-02 3.1059961416e+00 -2.0000000000e-01 1.1331490129e+00 3.0000000000e+02 -3.2755222591e-05 -6.9180764561e-14 1.1331490128e-07 3.2755222599e-05 -3.2641907795e-05 6.9200764613e-14 -1.1331491942e-07 4.6324851604e-14
d  1.2857140000e-02 3.0000031500e+00 -2.0000000000e-01 1.0858879432e+00 3.0000000000e+02 -2.3041182317e-05 -7.0160042619e-14 1.0858879432e-07 2.3041182320e-05 -2.2932593634e-05 7.0180042649e-14 -1.0858880295e-07 4.6330182836e-14
d  1.3038842323e-02 2.8728115601e+00 -2.0000000000e-01 1.0292245008e+00 3.0000000000e+02 -1.4085919864e-05 -7.2252989497e-14 1.0292245008e-07 1.4085919867e-05 -1.3982997528e-05 7.2272989528e-14 -1.0292245743e-07 4.6523200425e-14
d  1.3256885110e-02 2.7201816522e+00 -2.0000000000e-01 9.6043416678e-01 3.0000000000e+02 -6.6801640068e-06 -7.6589744207e-14 9.6043416648e-08 6.6801640296e-06 -6.5841206863e-06 7.6609744484e-14 -9.6043466912e-08 4.7042117191e-14
d  1.3387710783e-02 2.6286037075e+00 -2.0000000000e-01 9.1830326314e-01 3.0000000000e+02 -3.7755945190e-06 -8.1094435818e-14 9.1830326309e-08 3.7755945213e-06 -3.6837643181e-06 8.1114435882e-14 -9.1830331844e-08 4.7601693013e-14
d  1.3544701589e-02 2.5187101738e+00 -2.0000000000e-01 8.6659592362e-01 3.0000000000e+02 -1.6111391649e-06 -8.7471907488e-14 8.6659591597e-08 1.6111393967e-06 -1.5244794514e-06 8.7491917403e-14 -8.6660081096e-08 4.8338453735e-14
d  1.3571430000e-02 2.5000002917e+00 -2.0000000000e-01 8.5765498080e-01 3.0000000000e+02 -1.3660681804e-06 -8.8950484985e-14 8.5765498079e-08 1.3660681802e-06 -1.2803028193e-06 8.8970485004e-14 -8.5765498355e-08 4.8499302367e-14
d  1.3603504093e-02 2.4775484331e+00 -2.0000000000e-01 8.4686920409e-01 3.0000000000e+02 -1.1122062507e-06 -9.0363082162e-14 8.4686920410e-08 1.1122062504e-06 -1.0275194691e-06 9.0383082147e-14 -8.4686920376e-08 4.8662383038e-14
d  1.3641993004e-02 2.4506062029e+00 -2.0000000000e-01 8.3383924952e-01 3.0000000000e+02 -8.6001467896e-07 -9.2067192545e-14 8.3383924953e-08 8.6001467849e-07 -7.7663089486e-07 9.2087192483e-14 -8.3383924583e-08 4.8865470124e-14
d  1.3688179697e-02 2.4182755266e+00 -2.0000000000e-01 8.1806291388e-01 3.0000000000e+02 -6.2305557268e-07 -9.4181582368e-14 8.1806291395e-08 6.2305557145e-07 -5.4124942536e-07 9.4201582058e-14 -8.1806289416e-08 4.9131977793e-14
d  1.3743603730e-02 2.3794787151e+00 -2.0000000000e-01 7.9888432368e-01 3.0000000000e+02 -4.1624390431e-07 -9.6953353421e-14 7.9888432335e-08 4.1624390743e-07 -3.3635561457e-07 9.6973354681e-14 -7.9888439343e-08 4.9512295819e-14
d  1.3810112568e-02 2.3329225412e+00 -2.0000000000e-01 7.7540582173e-01 3.0000000000e+02 -2.5219770053e-07 -1.0113956989e-13 7.7540579261e-08 2.5219789605e-07 -1.7465705741e-07 1.0115967334e-13 -7.7540989909e-08 5.0108727394e-14
d  1.3850017871e-02 2.3049888369e+00 -2.0000000000e-01 7.6104895919e-01 3.0000000000e+02 -1.8554599112e-07 -1.0527427711e-13 7.6104895511e-08 1.8554601183e-07 -1.0944122655e-07 1.0529430155e-13 -7.6104941157e-08 5.0578466325e-14
d  1.3873961053e-02 2.2882286143e+00 -2.0000000000e-01 7.5237641478e-01 3.0000000000e+02 -1.5388269129e-07 -1.0947937638e-13 7.5237642196e-08 1.5388265979e-07 -7.8645248340e-08 1.0949929468e-13 -7.5237571799e-08 5.0848375766e-14
d  1.3902692872e-02 2.2681163472e+00 -2.0000000000e-01 7.4198629099e-01 3.0000000000e+02 -1.2230642526e-07 -1.1745910606e-13 7.4198630707e-08 1.2230636790e-07 -4.8108034772e-08 1.1747890064e-13 -7.4198501816e-08 5.1212819969e-14
d  1.3919931963e-02 2.2560489870e+00 -2.0000000000e-01 7.3569341121e-01 3.0000000000e+02 -1.0648584875e-07 -1.2687055009e-13 7.3569342540e-08 1.0648580395e-07 -3.2916728904e-08 1.2689028178e-13 -7.3569253895e-08 5.1957829431e-14
d  1.3930275417e-02 2.2488085708e+00 -2.0000000000e-01 7.3177096130e-01 3.0000000000e+02 -9.8347753889e-08 -1.3452729416e-13 7.3177093188e-08 9.8347839848e-08 -2.5170784623e-08 1.3454814838e-13 -7.3177242959e-08 5.3185579955e-14
d  1.3942687563e-02 2.2401200714e+00 -2.0000000000e-01 7.2679543130e-01 3.0000000000e+02 -9.0078089615e-08 -1.4429744038e-13 7.2679544910e-08 9.0078041138e-08 -1.7398767922e-08 1.4431699648e-13 -7.2679472496e-08 5.4966441379e-14
d  1.3950134850e-02 2.2349069718e+00 -2.0000000000e-01 7.2368793836e-01 3.0000000000e+02 -8.5754045485e-08 -1.5464643249e-13 7.2368792600e-08 8.5754077326e-08 -1.3385450044e-08 1.5466688798e-13 -7.2368837973e-08 5.6021363401e-14
d  1.3959071595e-02 2.2286512522e+00 -2.0000000000e-01 7.2001306474e-01 3.0000000000e+02 -8.0678584425e-08 -1.8657279657e-13 7.2001304585e-08 8.0678630652e-08 -8.6775056191e-09 1.8659358347e-13 -7.2001368762e-08 5.7138538424e-14
d  1.3961752618e-02 2.2267745364e+00 -2.0000000000e-01 7.1899203840e-01 3.0000000000e+02 -7.9006268537e-08 -2.2823204435e-13 7.1899201975e-08 7.9006313229e-08 -7.1073386467e-09 2.2825401497e-13 -7.1899260821e-08 5.7992564090e-14
d  1.3963361232e-02 2.2256485068e+00 -2.0000000000e-01 7.1843405594e-01 3.0000000000e+02 -7.7882777795e-08 -2.8021948966e-13 7.1843404712e-08 7.7882798487e-08 -6.0397074495e-09 2.8024098191e-13 -7.1843430449e-08 5.9185282887e-14
d  1.3964326401e-02 2.2249728891e+00 -2.0000000000e-01 7.1813285114e-01 3.0000000000e+02 -7.7133184458e-08 -3.3368230476e-13 7.1813284390e-08 7.7133201179e-08 -5.3202913801e-09 3.3370397879e-13 -7.1813304158e-08 6.0666168541e-14
d  1.3964905502e-02 2.2245675185e+00 -2.0000000000e-01 7.1796816646e-01 3.0000000000e+02 -7.6647382643e-08 -3.8012013565e-13 7.1796815556e-08 7.6647407617e-08 -4.8510061072e-09 3.8014358488e-13 -7.1796843829e-08 6.2195152288e-14
d  1.3965600423e-02 2.2240810737e+00 -2.0000000000e-01 7.1779334424e-01 3.0000000000e+02 -7.6012820914e-08 -4.5783160192e-13 7.1779334681e-08 7.6012814808e-08 -4.2340092305e-09 4.5785083634e-13 -7.1779328211e-08 6.4822395038e-14
d  1.3966017376e-02 2.2237892069e+00 -2.0000000000e-01 7.1770061851e-01 3.0000000000e+02 -7.5604865432e-08 -5.2147289844e-13 7.1770062577e-08 7.5604848738e-08 -3.8353930191e-09 5.2149007925e-13 -7.1770044688e-08 6.7455645226e-14
d  1.3966267547e-02 2.2236140868e+00 -2.0000000000e-01 7.1764909717e-01 3.0000000000e+02 -7.5351066543e-08 -5.6745097703e-13 7.1764910198e-08 7.5351055587e-08 -3.5867939885e-09 5.6746818953e-13 -7.1764898710e-08 6.9554399442e-14
d  1.3966567753e-02 2.2234039426e+00 -2.0000000000e-01 7.1759167095e-01 3.0000000000e+02 -7.5036970082e-08 -6.3137079946e-13 7.1759167211e-08 7.5036967280e-08 -3.2785066981e-09 6.3139016921e-13 -7.1759164510e-08 7.2460683093e-14
d  1.3966928001e-02 2.2231517697e+00 -2.0000000000e-01 7.1752862678e-01 3.0000000000e+02 -7.4647491353e-08 -7.2319413106e-13 7.1752862962e-08 7.4647484809e-08 -2.8954286969e-09 7.2321281813e-13 -7.1752856250e-08 7.6925330159e-14
d  1.3967144149e-02 2.2230004659e+00 -2.0000000000e-01 7.1749276440e-01 3.0000000000e+02 -7.4409841389e-08 -7.8710810311e-13 7.1749276462e-08 7.4409840682e-08 -2.6614322732e-09 7.8712796100e-13 -7.1749276017e-08 8.0408962560e-14
d  1.3967403527e-02 2.2228189014e+00 -2.0000000000e-01 7.1745073229e-01 3.0000000000e+02 -7.4123095061e-08 -8.7212019855e-13 7.1745073235e-08 7.4123094702e-08 -2.3789788226e-09 8.7214016102e-13 -7.1745073162e-08 8.5142887609e-14
d  1.3967559154e-02 2.2227099627e+00 -2.0000000000e-01 7.1742536393e-01 3.0000000000e+02 -7.3951769542e-08 -9.2748437340e-13 7.1742536383e-08 7.3951769521e-08 -2.2102488179e-09 9.2750445426e-13 -7.1742536669e-08 8.8456735554e-14
d  1.3967745906e-02 2.2225792362e+00 -2.0000000000e-01 7.1739417306e-01 3.0000000000e+02 -7.3748353987e-08 -9.9710520621e-13 7.1739417294e-08 7.3748354006e-08 -2.0100262076e-09 9.9712529665e-13 -7.1739417622e-08 9.2695080595e-14
d  1.3967970008e-02 2.2224223644e+00 -2.0000000000e-01 7.1735460744e-01 3.0000000000e+02 -7.3509823377e-08 -1.0838681898e-12 7.1735460681e-08 7.3509824508e-08 -1.7755444342e-09 1.0838886124e-12 -7.1735462186e-08 9.8218065468e-14
d  1.3968104470e-02 2.2223282414e+00 -2.0000000000e-01 7.1732912664e-01 3.0000000000e+02 -7.3371027763e-08 -1.1364941264e-12 7.1732912596e-08 7.3371028971e-08 -1.6393532631e-09 1.1365147878e-12 -7.1732914181e-08 1.0179666942e-13
d  1.3968265824e-02 2.2222152937e+00 -2.0000000000e-01 7.1729626589e-01 3.0000000000e+02 -7.3210086280e-08 -1.1985546582e-12 7.1729626565e-08 7.3210086563e-08 -1.4817640643e-09 1.1985748761e-12 -7.1729627170e-08 1.0611752435e-13
d  1.3968459448e-02 2.2220797565e+00 -2.0000000000e-01 7.1725273618e-01 3.0000000000e+02 -7.3026873850e-08 -1.2682373596e-12 7.1725273369e-08 7.3026878923e-08 -1.3029793923e-09 1.2682592488e-12 -7.1725279032e-08 1.1124199914e-13
d  1.3968691798e-02 2.2219171119e+00 -2.0000000000e-01 7.1719333299e-01 3.0000000000e+02 -7.2824178696e-08 -1.3397452990e-12 7.1719333254e-08 7.2824179426e-08 -1.1063019858e-09 1.3397655798e-12 -7.1719334330e-08 1.1698529735e-13
d  1.3968970617e-02 2.2217219383e+00 -2.0000000000e-01 7.1711011054e-01 3.0000000000e+02 -7.2609307354e-08 -1.3995824982e-12 7.1711011032e-08 7.2609307602e-08 -8.9981827454e-10 1.3996026124e-12 -7.1711011599e-08 1.2268336889e-13
d  1.3969305201e-02 2.2214877301e+00 -2.0000000000e-01 7.1699199257e-01 3.0000000000e+02 -7.2394608060e-08 -1.4245475937e-12 7.1699199252e-08 7.2394607941e-08 -6.9696002426e-10 1.4245676141e-12 -7.1699199431e-08 1.2694170981e-13
d  1.3969706701e-02 2.2212066801e+00 -2.0000000000e-01 7.1682577556e-01 3.0000000000e+02 -7.2194680352e-08 -1.3932660470e-12 7.1682577529e-08 7.2194680705e-08 -5.1362396179e-10 1.3932861398e-12 -7.1682578204e-08 1.2817457775e-13
d  1.3970188501e-02 2.2208694202e+00 -2.0000000000e-01 7.1659845985e-01 3.0000000000e+02 -7.2020377296e-08 -1.3043549120e-12 7.1659845911e-08 7.2020378668e-08 -3.6196116848e-10 1.3043751214e-12 -7.1659847654e-08 1.2575261140e-13
d  1.3970766661e-02 2.2204647083e+00 -2.0000000000e-01 7.1629873419e-01 3.0000000000e+02 -7.1874613152e-08 -1.1782779498e-12 7.1629873411e-08 7.1874613107e-08 -2.4603827948e-10 1.1782979689e-12 -7.1629873668e-08 1.2049553566e-13
d  1.3971460453e-02 2.2199790540e+00 -2.0000000000e-01 7.1591622926e-01 3.0000000000e+02 -7.1753336775e-08 -1.0375982316e-12 7.1591622924e-08 7.1753336594e-08 -1.6286486295e-10 1.0376182352e-12 -7.1591623039e-08 1.1369821133e-13
d  1.3972293003e-02 2.2193962689e+00 -2.0000000000e-01 7.1543970341e-01 3.0000000000e+02 -7.1648920567e-08 -8.9753600144e-13 7.1543970332e-08 7.1648920535e-08 -1.0595389628e-10 8.9755601524e-13 -7.1543970602e-08 1.0640755292e-13
d  1.3973292064e-02 2.2186969267e+00 -2.0000000000e-01 7.1485539343e-01 3.0000000000e+02 -7.1552943579e-08 -7.6812109084e-13 7.1485539338e-08 7.1552943465e-08 -6.8271472772e-11 7.6814109737e-13 -7.1485539522e-08 9.9382598810e-14
d  1.3974490936e-02 2.2178577161e+00 -2.0000000000e-01 7.1414580375e-01 3.0000000000e+02 -7.1457674229e-08 -6.5376870124e-13 7.1414580373e-08 7.1457674043e-08 -4.3840366296e-11 6.5378870305e-13 -7.1414580483e-08 9.3014783551e-14
d  1.3975929584e-02 2.2168506634e+00 -2.0000000000e-01 7.1328885906e-01 3.0000000000e+02 -7.1356428138e-08 -5.5576277532e-13 7.1328885905e-08 7.1356427931e-08 -2.8185187769e-11 5.5578277594e-13 -7.1328885992e-08 8.7465369062e-14
d  1.3977655960e-02 2.2156422002e+00 -2.0000000000e-01 7.1225716605e-01 3.0000000000e+02 -7.1243358720e-08 -4.7363795666e-13 7.1225716605e-08 7.1243358510e-08 -1.8198239767e-11 4.7365795708e-13 -7.1225716689e-08 8.2760012559e-14
d  1.3979727612e-02 2.2141920443e+00 -2.0000000000e-01 7.1101719762e-01 3.0000000000e+02 -7.1113060986e-08 -4.0555405737e-13 7.1101719761e-08 7.1113060776e-08 -1.1825332148e-11 4.0557405770e-13 -7.1101719844e-08 7.8822980273e-14
d  1.3982213594e-02 2.2124518572e+00 -2.0000000000e-01 7.0952830165e-01 3.0000000000e+02 -7.0960151473e-08 -3.4932000787e-13 7.0952830165e-08 7.0960151257e-08 -7.7459006674e-12 3.4934000799e-13 -7.0952830241e-08 7.5544952000e-14
d  1.3985196773e-02 2.2103636327e+00 -2.0000000000e-01 7.0774145821e-01 3.0000000000e+02 -7.0778892415e-08 -3.0289738173e-13 7.0774145821e-08 7.0778892195e-08 -5.1220379951e-12 3.0291738176e-13 -7.0774145893e-08 7.2818147599e-14
d  1.3988776587e-02 2.2078577633e+00 -2.0000000000e-01 7.0559774274e-01 3.0000000000e+02 -7.0562861913e-08 -2.6483742130e-13 7.0559774270e-08 7.0562861790e-08 -3.4227710282e-12 2.6485742291e-13 -7.0559774442e-08 7.0565473221e-14
d  1.3993072365e-02 2.2048507200e+00 -2.0000000000e-01 7.0302646314e-01 3.0000000000e+02 -7.0304656708e-08 -2.3382240345e-13 7.0302646309e-08 7.0304656605e-08 -2.3126606006e-12 2.3384240508e-13 -7.0302646502e-08 6.8714821010e-14
d  1.3998227298e-02 2.2012422680e+00 -2.0000000000e-01 6.9994292909e-01 3.0000000000e+02 -6.9995597339e-08 -2.0866023193e-13 6.9994292706e-08 6.9995601526e-08 -1.5800200707e-12 2.0868028285e-13 -6.9994297386e-08 6.7199462228e-14
d  1.4004413217e-02 2.1969121257e+00 -2.0000000000e-01 6.9624577469e-01 3.0000000000e+02 -6.9625414503e-08 -1.8830749606e-13 6.9624577172e-08 6.9625420684e-08 -1.0910355342e-12 1.8832755786e-13 -6.9624583938e-08 6.5960028433e-14
d  1.4011836320e-02 2.1917159549e+00 -2.0000000000e-01 6.9181378167e-01 3.0000000000e+02 -6.9181902615e-08 -1.7183337995e-13 6.9181377868e-08 6.9181908824e-08 -7.6095531524e-13 1.7185343187e-13 -6.9181384665e-08 6.4942739622e-14
d  1.4020744044e-02 2.1854805499e+00 -2.0000000000e-01 6.8650212131e-01 3.0000000000e+02 -6.8650525407e-08 -1.5848344898e-13 6.8650211798e-08 6.8650532301e-08 -5.3559527216e-13 1.5850349706e-13 -6.8650219312e-08 6.4103334415e-14
d  1.4031433313e-02 2.1779980640e+00 -2.0000000000e-01 6.8013798501e-01 3.0000000000e+02 -6.8013967651e-08 -1.4766965722e-13 6.8013798499e-08 6.8013967470e-08 -3.7995981514e-13 1.4768965743e-13 -6.8013798606e-08 6.3406414171e-14
d  1.4044260435e-02 2.1690190808e+00 -2.0000000000e-01 6.7251541775e-01 3.0000000000e+02 -6.7251611600e-08 -1.3889217491e-13 6.7251541773e-08 6.7251611408e-08 -2.7127634528e-13 1.3891217503e-13 -6.7251541867e-08 6.2821565042e-14
d  1.4051956709e-02 2.1636316909e+00 -2.0000000000e-01 6.6794950986e-01 3.0000000000e+02 -6.6794982048e-08 -1.3501634966e-13 6.6794950721e-08 6.6794987350e-08 -2.2836888883e-13 1.3503638923e-13 -6.6794956571e-08 6.2552626465e-14
d  1.4061192237e-02 2.1571668230e+00 -2.0000000000e-01 6.6247803729e-01 3.0000000000e+02 -6.6247800213e-08 -1.3126637862e-13 6.6247803718e-08 6.6247800209e-08 -1.8977457548e-13 1.3128638004e-13 -6.6247804006e-08 6.2285859488e-14
d  1.4072274871e-02 2.1494089816e+00 -2.0000000000e-01 6.5592345128e-01 3.0000000000e+02 -6.5592311260e-08 -1.2766399238e-13 6.5592345127e-08 6.5592311064e-08 -1.5555574535e-13 1.2768399249e-13 -6.5592345213e-08 6.2019461743e-14
d  1.4078924451e-02 2.1447542767e+00 -2.0000000000e-01 6.5199658960e-01 3.0000000000e+02 -6.5199610955e-08 -1.2586127692e-13 6.5199658731e-08 6.5199615408e-08 -1.3947844123e-13 1.2588131664e-13 -6.5199663693e-08 6.1881011352e-14
d  1.4086903947e-02 2.1391686309e+00 -2.0000000000e-01 6.4729024390e-01 3.0000000000e+02 -6.4728962328e-08 -1.2396924648e-13 6.4729024151e-08 6.4728966955e-08 -1.2338022777e-13 1.2398928527e-13 -6.4729029296e-08 6.1731336523e-14
d  1.4096479343e-02 2.1324658559e+00 -2.0000000000e-01 6.4165118616e-01 3.0000000000e+02 -6.4165042852e-08 -1.2200587996e-13 6.4165118616e-08 6.4165042640e-08 -1.0755391290e-13 1.2202587997e-13 -6.4165118682e-08 6.1570167982e-14
d  1.4107969817e-02 2.1244225259e+00 -2.0000000000e-01 6.3489677211e-01 3.0000000000e+02 -6.3489588377e-08 -1.1999714004e-13 6.3489677210e-08 6.3489588199e-08 -9.2304441630e-14 1.2001714023e-13 -6.3489677309e-08 6.1397427798e-14
d  1.4114864102e-02 2.1195965279e+00 -2.0000000000e-01 6.3085071238e-01 3.0000000000e+02 -6.3084975923e-08 -1.1893805773e-13 6.3085071035e-08 6.3084979740e-08 -8.4671667996e-14 1.1895809174e-13 -6.3085075330e-08 6.1302172083e-14
d  1.4123137244e-02 2.1138053303e+00 -2.0000000000e-01 6.2600203301e-01 3.0000000000e+02 -6.2600101266e-08 -1.1779032915e-13 6.2600203082e-08 6.2600105361e-08 -7.6695896933e-14 1.1781036338e-13 -6.2600207670e-08 6.1195244238e-14
d  1.4133065014e-02 2.1068558932e+00 -2.0000000000e-01 6.2019320479e-01 3.0000000000e+02 -6.2019211604e-08 -1.1655467385e-13 6.2019320479e-08 6.2019211397e-08 -6.8502213152e-14 1.1657467388e-13 -6.2019320545e-08 6.1075232886e-14
d  1.4144978338e-02 2.0985165686e+00 -2.0000000000e-01 6.1323654667e-01 3.0000000000e+02 -6.1323538974e-08 -1.1524286782e-13 6.1323654667e-08 6.1323538770e-08 -6.0240309061e-14 1.1526286785e-13 -6.1323654734e-08 6.0941255322e-14
d  1.4152126333e-02 2.0935129739e+00 -2.0000000000e-01 6.0906992909e-01 3.0000000000e+02 -6.0906873717e-08 -1.1453020407e-13 6.0906992728e-08 6.0906876986e-08 -5.5952854146e-14 1.1455023322e-13 -6.0906996448e-08 6.0864865262e-14
d  1.4160703926e-02 2.0875086602e+00 -2.0000000000e-01 6.0407739062e-01 3.0000000000e+02 -6.0407616153e-08 -1.1373786784e-13 6.0407739061e-08 6.0407615957e-08 -5.1356481160e-14 1.1375786794e-13 -6.0407739135e-08 6.0776671157e-14
d  1.4170997038e-02 2.0803034838e+00 -2.0000000000e-01 5.9809711308e-01 3.0000000000e+02 -5.9809584519e-08 -1.1286456002e-13 5.9809711307e-08 5.9809584321e-08 -4.6503705986e-14 1.1288456008e-13 -5.9809711377e-08 6.0675273059e-14
d  1.4177172906e-02 2.0759803779e+00 -2.0000000000e-01 5.9451464231e-01 3.0000000000e+02 -5.9451335375e-08 -1.1237577697e-13 5.9451464070e-08 5.9451338187e-08 -4.3889495749e-14 1.1239580693e-13 -5.9451467310e-08 6.0616165621e-14
d  1.4184583946e-02 2.0707926509e+00 -2.0000000000e-01 5.9022134229e-01 3.0000000000e+02 -5.9022003115e-08 -1.1182175014e-13 5.9022134062e-08 5.9022006021e-08 -4.1008312768e-14 1.1184177921e-13 -5.9022137402e-08 6.0547292701e-14
d  1.4193477195e-02 2.0645673785e+00 -2.0000000000e-01 5.8507761439e-01 3.0000000000e+02 -5.8507627894e-08 -1.1119613354e-13 5.8507761439e-08 5.8507627689e-08 -3.7873345772e-14 1.1121613354e-13 -5.8507761498e-08 6.0466625151e-14
d  1.4204149094e-02 2.0570970516e+00 -2.0000000000e-01 5.7891709475e-01 3.0000000000e+02 -5.7891573360e-08 -1.1049628497e-13 5.7891709474e-08 5.7891573175e-08 -3.4511029799e-14 1.1051628510e-13 -5.7891709553e-08 6.0372583185e-14
d  1.4210552233e-02 2.0526148554e+00 -2.0000000000e-01 5.7522710781e-01 3.0000000000e+02 -5.7522573283e-08 -1.1009882375e-13 5.7522710636e-08 5.7522575721e-08 -3.2676441598e-14 1.1011884971e-13 -5.7522713481e-08 6.0317046836e-14
d  1.4218236000e-02 2.0472362201e+00 -2.0000000000e-01 5.7080543942e-01 3.0000000000e+02 -5.7080404923e-08 -1.0964418373e-13 5.7080543790e-08 5.7080407476e-08 -3.0635028282e-14 1.0966420925e-13 -5.7080546757e-08 6.0251632799e-14
d  1.4227456520e-02 2.0407818576e+00 -2.0000000000e-01 5.6550860737e-01 3.0000000000e+02 -5.6550720068e-08 -1.0912484322e-13 5.6550860737e-08 5.6550719865e-08 -2.8389951382e-14 1.0914484323e-13 -5.6550860795e-08 6.0174409702e-14
d  1.4238521145e-02 2.0330366227e+00 -2.0000000000e-01 5.5916574532e-01 3.0000000000e+02 -5.5916432104e-08 -1.0853657663e-13 5.5916574530e-08 5.5916431931e-08 -2.5953505706e-14 1.0855657682e-13 -5.5916574617e-08 6.0083346770e-14
d  1.4245159919e-02 2.0283894817e+00 -2.0000000000e-01 5.5536710389e-01 3.0000000000e+02 -5.5536567011e-08 -1.0819740674e-13 5.5536710260e-08 5.5536569087e-08 -2.4611234635e-14 1.0821742895e-13 -5.5536712723e-08 6.0028883346e-14
d  1.4253126449e-02 2.0228129126e+00 -2.0000000000e-01 5.5081578216e-01 3.0000000000e+02 -5.5081433786e-08 -1.0780903997e-13 5.5081578214e-08 5.5081433615e-08 -2.3106292066e-14 1.0782904026e-13 -5.5081578302e-08 5.9964746811e-14
d  1.4262686285e-02 2.0161210296e+00 -2.0000000000e-01 5.4536442211e-01 3.0000000000e+02 -5.4536296636e-08 -1.0735967734e-13 5.4536442210e-08 5.4536296438e-08 -2.1437493254e-14 1.0737967737e-13 -5.4536442269e-08 5.9888469764e-14
d  1.4274158087e-02 2.0080907700e+00 -2.0000000000e-01 5.3883766414e-01 3.0000000000e+02 -5.3883619614e-08 -1.0684581553e-13 5.3883766413e-08 5.3883619429e-08 -1.9609659886e-14 1.0686581563e-13 -5.3883766483e-08 5.9797830906e-14
d  1.4285710000e-02 2.0000044333e+00 -2.0000000000e-01 5.3228190483e-01 3.0000000000e+02 -5.3228042595e-08 -1.0635162285e-13 5.3228190481e-08 5.3228042422e-08 -1.7938261282e-14 1.0637162301e-13 -5.3228190562e-08 5.9707268713e-14
d  1.4292641148e-02 1.9951526313e+00 -2.0000000000e-01 5.2835651291e-01 3.0000000000e+02 -5.2835502813e-08 -1.0606502705e-13 5.2835651181e-08 5.2835504490e-08 -1.7008097698e-14 1.0608504528e-13 -5.2835653221e-08 5.9653084559e-14
d  1.4300958525e-02 1.9893304689e+00 -2.0000000000e-01 5.2365409884e-01 3.0000000000e+02 -5.2365260748e-08 -1.0573358406e-13 5.2365409878e-08 5.2365260651e-08 -1.5954531273e-14 1.0575358499e-13 -5.2365410039e-08 5.9588604542e-14
d  1.4310939378e-02 1.9823438740e+00 -2.0000000000e-01 5.1802290028e-01 3.0000000000e+02 -5.1802140185e-08 -1.0534214206e-13 5.1802290027e-08 5.1802139995e-08 -1.4781630313e-14 1.0536214213e-13 -5.1802290088e-08 5.9511221684e-14
d  1.4316927889e-02 1.9781519171e+00 -2.0000000000e-01 5.1465036684e-01 3.0000000000e+02 -5.1464886450e-08 -1.0511537279e-13 5.1465036587e-08 5.1464887868e-08 -1.4117245865e-14 1.0513539137e-13 -5.1465038350e-08 5.9464823831e-14
d  1.4324114103e-02 1.9731215687e+00 -2.0000000000e-01 5.1060954603e-01 3.0000000000e+02 -5.1060803935e-08 -1.0484637804e-13 5.1060954603e-08 5.1060803747e-08 -1.3357893352e-14 1.0486637815e-13 -5.1060954665e-08 5.9408765696e-14
d  1.4332737560e-02 1.9670851507e+00 -2.0000000000e-01 5.0576951411e-01 3.0000000000e+02 -5.0576800248e-08 -1.0453800780e-13 5.0576951404e-08 5.0576800169e-08 -1.2490258522e-14 1.0455800887e-13 -5.0576951580e-08 5.9342767412e-14
d  1.4343085708e-02 1.9598414491e+00 -2.0000000000e-01 4.9997443945e-01 3.0000000000e+02 -4.9997292269e-08 -1.0416678599e-13 4.9997443944e-08 4.9997292089e-08 -1.1528230305e-14 1.0418678611e-13 -4.9997444011e-08 5.9263000481e-14
d  1.4349294597e-02 1.9554952282e+00 -2.0000000000e-01 4.9650422787e-01 3.0000000000e+02 -4.9650270823e-08 -1.0395295394e-13 4.9650422699e-08 4.9650272050e-08 -1.0979271099e-14 1.0397297018e-13 -4.9650424259e-08 5.9215363965e-14
d  1.4356745263e-02 1.9502797630e+00 -2.0000000000e-01 4.9234680989e-01 3.0000000000e+02 -4.9234528706e-08 -1.0369923659e-13 4.9234680985e-08 4.9234528573e-08 -1.0349787403e-14 1.0371923726e-13 -4.9234681100e-08 5.9157961052e-14
d  1.4365686063e-02 1.9440212049e+00 -2.0000000000e-01 4.8736782257e-01 3.0000000000e+02 -4.8736629624e-08 -1.0340017508e-13 4.8736782256e-08 4.8736629431e-08 -9.6343071525e-15 1.0342017510e-13 -4.8736782307e-08 5.9089154240e-14
d  1.4376415023e-02 1.9365109351e+00 -2.0000000000e-01 4.8140747832e-01 3.0000000000e+02 -4.8140594826e-08 -1.0304929849e-13 4.8140747830e-08 4.8140594657e-08 -8.8274857898e-15 1.0306929868e-13 -4.8140747905e-08 5.9006251642e-14
d  1.4382852399e-02 1.9320047732e+00 -2.0000000000e-01 4.7783887349e-01 3.0000000000e+02 -4.7783734139e-08 -1.0284228883e-13 4.7783887349e-08 4.7783733948e-08 -8.3685055379e-15 1.0286228885e-13 -4.7783887399e-08 5.8956537245e-14
d  1.4390577250e-02 1.9265973789e+00 -2.0000000000e-01 4.7356413273e-01 3.0000000000e+02 -4.7356259838e-08 -1.0259875369e-13 4.7356413268e-08 4.7356259715e-08 -7.8404354203e-15 1.0261875444e-13 -4.7356413390e-08 5.8896885627e-14
d  1.4399847072e-02 1.9201085058e+00 -2.0000000000e-01 4.6844547247e-01 3.0000000000e+02 -4.6844393572e-08 -1.0230845086e-13 4.6844547247e-08 4.6844393382e-08 -7.2395376170e-15 1.0232845088e-13 -4.6844547296e-08 5.8824850162e-14
d  1.4410970857e-02 1.9123218580e+00 -2.0000000000e-01 4.6231905687e-01 3.0000000000e+02 -4.6231751756e-08 -1.0196916840e-13 4.6231905687e-08 4.6231751567e-08 -6.5591636662e-15 1.0198916842e-13 -4.6231905735e-08 5.8738674605e-14
d  1.4417645129e-02 1.9076498694e+00 -2.0000000000e-01 4.5865164364e-01 3.0000000000e+02 -4.5865010297e-08 -1.0176785544e-13 4.5865164361e-08 4.5865010162e-08 -6.1709668770e-15 1.0178785607e-13 -4.5865164466e-08 5.8686593641e-14
d  1.4425654254e-02 1.9020434830e+00 -2.0000000000e-01 4.5425916361e-01 3.0000000000e+02 -4.5425762146e-08 -1.0152982257e-13 4.5425916356e-08 4.5425762034e-08 -5.7232116679e-15 1.0154982341e-13 -4.5425916485e-08 5.8624129286e-14
d  1.4435265205e-02 1.8953158194e+00 -2.0000000000e-01 4.4900039042e-01 3.0000000000e+02 -4.4899884674e-08 -1.0124655997e-13 4.4900039042e-08 4.4899884489e-08 -5.2135669321e-15 1.0126656001e-13 -4.4900039091e-08 5.8548928356e-14
d  1.4446798346e-02 1.8872426230e+00 -2.0000000000e-01 4.4270758784e-01 3.0000000000e+02 -4.4270604260e-08 -1.0091331394e-13 4.4270758784e-08 4.4270604076e-08 -4.6343046219e-15 1.0093331398e-13 -4.4270758833e-08 5.8458435049e-14
d  1.4453718231e-02 1.8823987052e+00 -2.0000000000e-01 4.3894129116e-01 3.0000000000e+02 -4.3893974512e-08 -1.0071477009e-13 4.3894129111e-08 4.3893974392e-08 -4.3027245100e-15 1.0073477085e-13 -4.3894129227e-08 5.8403508804e-14
d  1.4462022092e-02 1.8765860038e+00 -2.0000000000e-01 4.3443107479e-01 3.0000000000e+02 -4.3442952790e-08 -1.0048088409e-13 4.3443107473e-08 4.3442952691e-08 -3.9188945538e-15 1.0050088503e-13 -4.3443107612e-08 5.8337958478e-14
d  1.4471986726e-02 1.8696107621e+00 -2.0000000000e-01 4.2903238495e-01 3.0000000000e+02 -4.2903083731e-08 -1.0019935694e-13 4.2903238495e-08 4.2903083551e-08 -3.4836319487e-15 1.0021935700e-13 -4.2903238546e-08 5.8258580221e-14
d  1.4477965506e-02 1.8654256171e+00 -2.0000000000e-01 4.2580031969e-01 3.0000000000e+02 -4.2579877165e-08 -1.0003361941e-13 4.2580031967e-08 4.2579877014e-08 -3.2311809516e-15 1.0005361989e-13 -4.2580032047e-08 5.8210869245e-14
d  1.4485140043e-02 1.8604034431e+00 -2.0000000000e-01 4.2192896046e-01 3.0000000000e+02 -4.2192741202e-08 -9.9835804532e-14 4.2192896042e-08 4.2192741062e-08 -2.9378167226e-15 9.9855805111e-14 -4.2192896134e-08 5.8153528282e-14
d  1.4493749486e-02 1.8543768343e+00 -2.0000000000e-01 4.1729364901e-01 3.0000000000e+02 -4.1729210014e-08 -9.9603840573e-14 4.1729364894e-08 4.1729209927e-08 -2.5946594480e-15 9.9623841615e-14 -4.1729365041e-08 5.8084677709e-14
d  1.4504080818e-02 1.8471449037e+00 -2.0000000000e-01 4.1174715203e-01 3.0000000000e+02 -4.1174560328e-08 -9.9299580398e-14 4.1174715202e-08 4.1174560156e-08 -2.2133020929e-15 9.9319580513e-14 -4.1174715257e-08 5.7994223384e-14
d  1.4510279618e-02 1.8428057454e+00 -2.0000000000e-01 4.0842760920e-01 3.0000000000e+02 -4.0842606049e-08 -9.9125000233e-14 4.0842760917e-08 4.0842605903e-08 -1.9900696924e-15 9.9145000745e-14 -4.0842760999e-08 5.7941178423e-14
d  1.4517718177e-02 1.8375987554e+00 -2.0000000000e-01 4.0445205515e-01 3.0000000000e+02 -4.0445050636e-08 -9.8929504946e-14 4.0445205512e-08 4.0445050501e-08 -1.7284607572e-15 9.8949505560e-14 -4.0445205604e-08 5.7881869002e-14
d  1.4526644448e-02 1.8313503674e+00 -2.0000000000e-01 3.9969288726e-01 3.0000000000e+02 -3.9969133843e-08 -9.8696684132e-14 3.9969288719e-08 3.9969133764e-08 -1.4192094069e-15 9.8716685237e-14 -3.9969288871e-08 5.7808754391e-14
d  1.4537355974e-02 1.8238523018e+00 -2.0000000000e-01 3.9399848214e-01 3.0000000000e+02 -3.9399693367e-08 -9.8407633453e-14 3.9399848213e-08 3.9399693204e-08 -1.0801209240e-15 9.8427633626e-14 -3.9399848273e-08 5.7720450751e-14
d  1.4543782889e-02 1.8193534624e+00 -2.0000000000e-01 3.9059061421e-01 3.0000000000e+02 -3.9058906596e-08 -9.8238714336e-14 3.9059061418e-08 3.9058906455e-08 -8.7977295464e-16 9.8258714886e-14 -3.9059061501e-08 5.7667028123e-14
d  1.4551495187e-02 1.8139548552e+00 -2.0000000000e-01 3.8650990970e-01 3.0000000000e+02 -3.8650836176e-08 -9.8037312104e-14 3.8650990966e-08 3.8650836048e-08 -6.4630235438e-16 9.8057312781e-14 -3.8650991062e-08 5.7602997000e-14
d  1.4560749945e-02 1.8074765265e+00 -2.0000000000e-01 3.8162574045e-01 3.0000000000e+02 -3.8162419298e-08 -9.7796205607e-14 3.8162574045e-08 3.8162419119e-08 -3.7669850803e-16 9.7816205619e-14 -3.8162574084e-08 5.7525667572e-14
d  1.4571855654e-02 1.7997025321e+00 -2.0000000000e-01 3.7578306418e-01 3.0000000000e+02 -3.7578151737e-08 -9.7510908862e-14 3.7578306418e-08 3.7578151558e-08 -6.5955343259e-17 9.7530908867e-14 -3.7578306456e-08 5.7432916806e-14
d  1.4578519080e-02 1.7950381354e+00 -2.0000000000e-01 3.7228711177e-01 3.0000000000e+02 -3.7228556542e-08 -9.7340476163e-14 3.7228711173e-08 3.7228556407e-08 1.1395047419e-16 9.7360476756e-14 -3.7228711259e-08 5.7376883736e-14
d  1.4586515191e-02 1.7894408594e+00 -2.0000000000e-01 3.6810157529e-01 3.0000000000e+02 -3.6810002953e-08 -9.7137516637e-14 3.6810157524e-08 3.6810002832e-08 3.2388304642e-16 9.7157517369e-14 -3.6810157623e-08 5.7309602513e-14
d  1.4596110524e-02 1.7827241283e+00 -2.0000000000e-01 3.6309284367e-01 3.0000000000e+02 -3.6309129872e-08 -9.6894609747e-14 3.6309284367e-08 3.6309129695e-08 5.6610057657e-16 9.6914609765e-14 -3.6309284405e-08 5.7228500845e-14
d  1.4607624923e-02 1.7746640508e+00 -2.0000000000e-01 3.5710238384e-01 3.0000000000e+02 -3.5710083990e-08 -9.6608970935e-14 3.5710238383e-08 3.5710083822e-08 8.4621744168e-16 9.6628971019e-14 -3.5710238429e-08 5.7131801089e-14
d  1.4614533563e-02 1.7698280044e+00 -2.0000000000e-01 3.5351839309e-01 3.0000000000e+02 -3.5351684970e-08 -9.6445812258e-14 3.5351839305e-08 3.5351684841e-08 1.0097872561e-15 9.6465812905e-14 -3.5351839393e-08 5.7075908836e-14
d  1.4622823931e-02 1.7640247487e+00 -2.0000000000e-01 3.4922785392e-01 3.0000000000e+02 -3.4922631128e-08 -9.6246971710e-14 3.4922785387e-08 3.4922631013e-08 1.2002920636e-15 9.6266972485e-14 -3.4922785488e-08 5.7007217672e-14
d  1.4632772372e-02 1.7570608418e+00 -2.0000000000e-01 3.4409463211e-01 3.0000000000e+02 -3.4409309068e-08 -9.5994859840e-14 3.4409463211e-08 3.4409308895e-08 1.4176900564e-15 9.6014859866e-14 -3.4409463248e-08 5.6919777917e-14
d  1.4644710501e-02 1.7487041535e+00 -2.0000000000e-01 3.3795725332e-01 3.0000000000e+02 -3.3795571338e-08 -9.5697608624e-14 3.3795725331e-08 3.3795571167e-08 1.6696342998e-15 9.5717608659e-14 -3.3795725369e-08 5.6815195295e-14
d  1.4651873379e-02 1.7436901405e+00 -2.0000000000e-01 3.3428672709e-01 3.0000000000e+02 -3.3428518810e-08 -9.5519052870e-14 3.3428672704e-08 3.3428518685e-08 1.8157985794e-15 9.5539053544e-14 -3.3428672792e-08 5.6751664740e-14
d  1.4660468832e-02 1.7376733250e+00 -2.0000000000e-01 3.2989399542e-01 3.0000000000e+02 -3.2989245761e-08 -9.5305652769e-14 3.2989399537e-08 3.2989245651e-08 1.9867242023e-15 9.5325653579e-14 -3.2989399639e-08 5.6675138849e-14
d  1.4670783376e-02 1.7304531463e+00 -2.0000000000e-01 3.2463995084e-01 3.0000000000e+02 -3.2463841454e-08 -9.5049548834e-14 3.2463995083e-08 3.2463841284e-08 2.1829120904e-15 9.5069548875e-14 -3.2463995120e-08 5.6582985068e-14
d  1.4676972103e-02 1.7261210391e+00 -2.0000000000e-01 3.2149661442e-01 3.0000000000e+02 -3.2149507905e-08 -9.4896607973e-14 3.2149661440e-08 3.2149507757e-08 2.2978686756e-15 9.4916608370e-14 -3.2149661499e-08 5.6527214035e-14
d  1.4684398574e-02 1.7209225105e+00 -2.0000000000e-01 3.1773368079e-01 3.0000000000e+02 -3.1773214657e-08 -9.4713064782e-14 3.1773368076e-08 3.1773214516e-08 2.4325753632e-15 9.4733065265e-14 -3.1773368142e-08 5.6460001614e-14
d  1.4693310340e-02 1.7146842761e+00 -2.0000000000e-01 3.1323133363e-01 3.0000000000e+02 -3.1322980081e-08 -9.4494160354e-14 3.1323133356e-08 3.1322979975e-08 2.5913119916e-15 9.4514161197e-14 -3.1323133460e-08 5.6378820247e-14
d  1.4704004459e-02 1.7071983949e+00 -2.0000000000e-01 3.0784764062e-01 3.0000000000e+02 -3.0784610962e-08 -9.4228785711e-14 3.0784764061e-08 3.0784610797e-08 2.7716939151e-15 9.4248785773e-14 -3.0784764098e-08 5.6280559079e-14
d  1.4710420931e-02 1.7027068661e+00 -2.0000000000e-01 3.0462750221e-01 3.0000000000e+02 -3.0462597232e-08 -9.4071131916e-14 3.0462750219e-08 3.0462597087e-08 2.8778142213e-15 9.4091132330e-14 -3.0462750277e-08 5.6221276770e-14
d  1.4718120696e-02 1.6973170317e+00 -2.0000000000e-01 3.0077338289e-01 3.0000000000e+02 -3.0077185435e-08 -9.3881958460e-14 3.0077338286e-08 3.0077185299e-08 3.0021985295e-15 9.3901958973e-14 -3.0077338353e-08 5.6149852070e-14
d  1.4727360415e-02 1.6908492303e+00 -2.0000000000e-01 2.9616303566e-01 3.0000000000e+02 -2.9616150876e-08 -9.3656485766e-14 2.9616303560e-08 2.9616150774e-08 3.1494035145e-15 9.3676486636e-14 -2.9616303663e-08 5.6063530905e-14
d  1.4738448078e-02 1.6830878686e+00 -2.0000000000e-01 2.9065179772e-01 3.0000000000e+02 -2.9065027293e-08 -9.3382394626e-14 2.9065179771e-08 2.9065027132e-08 3.3151786434e-15 9.3402394708e-14 -2.9065179809e-08 5.5959069222e-14
d  1.4751753273e-02 1.6737742346e+00 -2.0000000000e-01 2.8406910618e-01 3.0000000000e+02 -2.8406758396e-08 -9.3056780018e-14 2.8406910617e-08 2.8406758242e-08 3.5089329623e-15 9.3076780142e-14 -2.8406910660e-08 5.5832769633e-14
d  1.4767719507e-02 1.6625978738e+00 -2.0000000000e-01 2.7621475533e-01 3.0000000000e+02 -2.7621323623e-08 -9.2669036525e-14 2.7621475528e-08 2.7621323501e-08 3.7345830516e-15 9.2689036874e-14 -2.7621475605e-08 5.5679675274e-14
d  1.4777299248e-02 1.6558920573e+00 -2.0000000000e-01 2.7152591417e-01 3.0000000000e+02 -2.7152439715e-08 -9.2431164679e-14 2.7152591417e-08 2.7152439551e-08 3.8576760439e-15 9.2451164708e-14 -2.7152591447e-08 5.5586196728e-14
d  1.4788794937e-02 1.6478450775e+00 -2.0000000000e-01 2.6592313823e-01 3.0000000000e+02 -2.6592162366e-08 -9.2149935246e-14 2.6592313823e-08 2.6592162207e-08 4.0052156101e-15 9.2169935306e-14 -2.6592313855e-08 5.5473450637e-14
d  1.4802589763e-02 1.6381887018e+00 -2.0000000000e-01 2.5923450078e-01 3.0000000000e+02 -2.5923298923e-08 -9.1812538106e-14 2.5923450071e-08 2.5923298821e-08 4.1755445458e-15 9.1832538694e-14 -2.5923450166e-08 5.5336958251e-14
d  1.4810866659e-02 1.6323948764e+00 -2.0000000000e-01 2.5523967386e-01 3.0000000000e+02 -2.5523816417e-08 -9.1609757692e-14 2.5523967381e-08 2.5523816302e-08 4.2740501864e-15 9.1629758389e-14 -2.5523967460e-08 5.5253993377e-14
d  1.4820798934e-02 1.6254422859e+00 -2.0000000000e-01 2.5046423400e-01 3.0000000000e+02 -2.5046272656e-08 -9.1367870806e-14 2.5046423393e-08 2.5046272552e-08 4.3898494438e-15 9.1387871609e-14 -2.5046423484e-08 5.5154048487e-14
d  1.4832717664e-02 1.6170991772e+00 -2.0000000000e-01 2.4476039809e-01 3.0000000000e+02 -2.4475889348e-08 -9.1074300718e-14 2.4476039809e-08 2.4475889187e-08 4.5204793367e-15 9.1094300728e-14 -2.4476039834e-08 5.5032838332e-14
d  1.4839868902e-02 1.6120933120e+00 -2.0000000000e-01 2.4135221918e-01 3.0000000000e+02 -2.4135071628e-08 -9.0898630746e-14 2.4135221915e-08 2.4135071491e-08 4.5974042539e-15 9.0918631162e-14 -2.4135221966e-08 5.4959186787e-14
d  1.4848450387e-02 1.6060862738e+00 -2.0000000000e-01 2.3727649456e-01 3.0000000000e+02 -2.3727499374e-08 -9.0688504132e-14 2.3727649453e-08 2.3727499243e-08 4.6875836254e-15 9.0708504614e-14 -2.3727649510e-08 5.4870651110e-14
d  1.4858748170e-02 1.5988778280e+00 -2.0000000000e-01 2.3240611159e-01 3.0000000000e+02 -2.3240461328e-08 -9.0436964844e-14 2.3240611152e-08 2.3240461222e-08 4.7938387619e-15 9.0456965595e-14 -2.3240611236e-08 5.4763466200e-14
d  1.4871105509e-02 1.5902276929e+00 -2.0000000000e-01 2.2659149394e-01 3.0000000000e+02 -2.2658999877e-08 -9.0131771890e-14 2.2659149388e-08 2.2658999771e-08 4.9135387802e-15 9.0151772513e-14 -2.2659149470e-08 5.4633222059e-14
d  1.4878519913e-02 1.5850376119e+00 -2.0000000000e-01 2.2311850184e-01 3.0000000000e+02 -2.2311700858e-08 -8.9949202954e-14 2.2311850181e-08 2.2311700722e-08 4.9835181116e-15 8.9969203359e-14 -2.2311850229e-08 5.4554198681e-14
d  1.4887417197e-02 1.5788095147e+00 -2.0000000000e-01 2.1896668975e-01 3.0000000000e+02 -2.1896519881e-08 -8.9730270861e-14 2.1896668972e-08 2.1896519750e-08 5.0655181842e-15 8.9750271323e-14 -2.1896669025e-08 5.4458857679e-14
d  1.4898093938e-02 1.5713357980e+00 -2.0000000000e-01 2.1400745430e-01 3.0000000000e+02 -2.1400596616e-08 -8.9467724760e-14 2.1400745424e-08 2.1400596504e-08 5.1612236823e-15 8.9487725413e-14 -2.1400745497e-08 5.4343498845e-14
d  1.4910906028e-02 1.5623673380e+00 -2.0000000000e-01 2.0808979642e-01 3.0000000000e+02 -2.0808831174e-08 -8.9151173808e-14 2.0808979641e-08 2.0808831028e-08 5.2703168634e-15 8.9171173926e-14 -2.0808979673e-08 5.4203385265e-14
d  1.4918593281e-02 1.5569862620e+00 -2.0000000000e-01 2.0455692572e-01 3.0000000000e+02 -2.0455544317e-08 -8.8960500505e-14 2.0455692569e-08 2.0455544182e-08 5.3334748382e-15 8.8980500887e-14 -2.0455692614e-08 5.4117904052e-14
d  1.4927817985e-02 1.5505289708e+00 -2.0000000000e-01 2.0033524032e-01 3.0000000000e+02 -2.0033376034e-08 -8.8731560427e-14 2.0033524029e-08 2.0033375904e-08 5.4071629611e-15 8.8751560869e-14 -2.0033524078e-08 5.4014704685e-14
d  1.4938887631e-02 1.5427802214e+00 -2.0000000000e-01 1.9529505894e-01 3.0000000000e+02 -1.9529358209e-08 -8.8456897459e-14 1.9529505888e-08 1.9529358096e-08 5.4924818406e-15 8.8476898076e-14 -1.9529505956e-08 5.3889777234e-14
d  1.4952171205e-02 1.5334817221e+00 -2.0000000000e-01 1.8928454164e-01 3.0000000000e+02 -1.8928306861e-08 -8.8126723484e-14 1.8928454164e-08 1.8928306710e-08 5.5902881986e-15 8.8146723505e-14 -1.8928454185e-08 5.3737905058e-14
d  1.4960141349e-02 1.5279026225e+00 -2.0000000000e-01 1.8569824188e-01 3.0000000000e+02 -1.8569677120e-08 -8.7927647301e-14 1.8569824185e-08 1.8569676987e-08 5.6463275857e-15 8.7947647673e-14 -1.8569824226e-08 5.3645123845e-14
d  1.4969705523e-02 1.5212077030e+00 -2.0000000000e-01 1.8141473219e-01 3.0000000000e+02 -1.8141326436e-08 -8.7689190588e-14 1.8141473216e-08 1.8141326308e-08 5.7115773712e-15 8.7709191029e-14 -1.8141473262e-08 5.3533218495e-14
d  1.4981182531e-02 1.5131737996e+00 -2.0000000000e-01 1.7630382215e-01 3.0000000000e+02 -1.7630235777e-08 -8.7402379792e-14 1.7630382209e-08 1.7630235671e-08 5.7879748061e-15 8.7422380477e-14 -1.7630382278e-08 5.3396970679e-14
d  1.4994954941e-02 1.5035331155e+00 -2.0000000000e-01 1.7021355064e-01 3.0000000000e+02 -1.7021209042e-08 -8.7060060088e-14 1.7021355054e-08 1.7021208959e-08 5.8773065391e-15 8.7080060953e-14 -1.7021355148e-08 5.3231386511e-14
d  1.5000000000e-02 1.5000015750e+00 -2.0000000000e-01 1.6799442891e-01 3.0000000000e+02 -1.6799297039e-08 -8.6927315549e-14 1.6799442890e-08 1.6799296892e-08 5.9014169481e-15 8.6947315650e-14 -1.6799442911e-08 5.3168879969e-14
d  1.5006054071e-02 1.4957637265e+00 -2.0000000000e-01 1.6533996449e-01 3.0000000000e+02 -1.6533850789e-08 -8.6776116460e-14 1.6533996449e-08 1.6533850643e-08 5.9364585238e-15 8.6796116566e-14 -1.6533996469e-08 5.3094475122e-14
d  1.5013318956e-02 1.4906783082e+00 -2.0000000000e-01 1.6216692816e-01 3.0000000000e+02 -1.6216547387e-08 -8.6592610620e-14 1.6216692815e-08 1.6216547246e-08 5.9772575939e-15 8.6612610828e-14 -1.6216692841e-08 5.3004441302e-14
d  1.5022036819e-02 1.4845758063e+00 -2.0000000000e-01 1.5837722487e-01 3.0000000000e+02 -1.5837577340e-08 -8.6372284473e-14 1.5837722485e-08 1.5837577207e-08 6.0243748707e-15 8.6392284810e-14 -1.5837722519e-08 5.2895204565e-14
d  1.5032498253e-02 1.4772528040e+00 -2.0000000000e-01 1.5385576375e-01 3.0000000000e+02 -1.5385431570e-08 -8.6107307392e-14 1.5385576371e-08 1.5385431443e-08 6.0783171113e-15 8.6127307771e-14 -1.5385576411e-08 5.2762360672e-14
d  1.5038775114e-02 1.4728590027e+00 -2.0000000000e-01 1.5115676445e-01 3.0000000000e+02 -1.5115531849e-08 -8.5948137054e-14 1.5115676444e-08 1.5115531707e-08 6.1090529389e-15 8.5968137216e-14 -1.5115676466e-08 5.2681423827e-14
d  1.5046307347e-02 1.4675864410e+00 -2.0000000000e-01 1.4793187437e-01 3.0000000000e+02 -1.4793043093e-08 -8.5757130796e-14 1.4793187435e-08 1.4793042956e-08 6.1448088286e-15 8.5777131048e-14 -1.4793187461e-08 5.2583639043e-14
d  1.5055346027e-02 1.4612593670e+00 -2.0000000000e-01 1.4408228594e-01 3.0000000000e+02 -1.4408084556e-08 -8.5527393243e-14 1.4408228592e-08 1.4408084423e-08 6.1858021800e-15 8.5547393527e-14 -1.4408228621e-08 5.2464920204e-14
d  1.5060769235e-02 1.4574631227e+00 -2.0000000000e-01 1.4178328411e-01 3.0000000000e+02 -1.4178184561e-08 -8.5389065646e-14 1.4178328411e-08 1.4178184417e-08 6.2091425158e-15 8.5409065731e-14 -1.4178328428e-08 5.2392515940e-14
d  1.5067277084e-02 1.4529076294e+00 -2.0000000000e-01 1.3903524938e-01 3.0000000000e+02 -1.3903381312e-08 -8.5223213876e-14 1.3903524937e-08 1.3903381172e-08 6.2363093778e-15 8.5243214051e-14 -1.3903524957e-08 5.2305147343e-14
d  1.5075086503e-02 1.4474410375e+00 -2.0000000000e-01 1.3575326787e-01 3.0000000000e+02 -1.3575183433e-08 -8.5024613493e-14 1.3575326785e-08 1.3575183297e-08 6.2675817466e-15 8.5044613725e-14 -1.3575326809e-08 5.2199425057e-14
d  1.5084457807e-02 1.4408811272e+00 -2.0000000000e-01 1.3183775129e-01 3.0000000000e+02 -1.3183632107e-08 -8.4785888346e-14 1.3183775128e-08 1.3183631971e-08 6.3029537527e-15 8.4805888539e-14 -1.3183775151e-08 5.2070749907e-14
d  1.5090080588e-02 1.4369451810e+00 -2.0000000000e-01 1.2950057257e-01 3.0000000000e+02 -1.2949914436e-08 -8.4642516746e-14 1.2950057257e-08 1.2949914296e-08 6.3228163220e-15 8.4662516851e-14 -1.2950057273e-08 5.1992201211e-14
d  1.5096827927e-02 1.4322220456e+00 -2.0000000000e-01 1.2670811712e-01 3.0000000000e+02 -1.2670669134e-08 -8.4470871944e-14 1.2670811711e-08 1.2670668995e-08 6.3457703359e-15 8.4490872084e-14 -1.2670811729e-08 5.1897397804e-14
d  1.5104924732e-02 1.4265542831e+00 -2.0000000000e-01 1.2337490703e-01 3.0000000000e+02 -1.2337348420e-08 -8.4264638722e-14 1.2337490706e-08 1.2337348266e-08 6.3717293409e-15 8.4284638406e-14 -1.2337490704e-08 5.1782231410e-14
d  1.5109782816e-02 1.4231536256e+00 -2.0000000000e-01 1.2138438455e-01 3.0000000000e+02 -1.2138296350e-08 -8.4140888798e-14 1.2138438454e-08 1.2138296209e-08 6.3862489189e-15 8.4160888867e-14 -1.2138438468e-08 5.1712014559e-14
d  1.5115612516e-02 1.4190728366e+00 -2.0000000000e-01 1.1900517444e-01 3.0000000000e+02 -1.1900375555e-08 -8.3992759738e-14 1.1900517443e-08 1.1900375415e-08 6.4030097673e-15 8.4012759824e-14 -1.1900517458e-08 5.1627305286e-14
d  1.5122608156e-02 1.4141758898e+00 -2.0000000000e-01 1.1616383744e-01 3.0000000000e+02 -1.1616242116e-08 -8.3815174649e-14 1.1616383746e-08 1.1616241967e-08 6.4219475693e-15 8.3835174410e-14 -1.1616383749e-08 5.1524592621e-14
d  1.5131002925e-02 1.4082995537e+00 -2.0000000000e-01 1.1277425841e-01 3.0000000000e+02 -1.1277284462e-08 -8.3632289482e-14 1.1277425872e-08 1.1277284175e-08 6.4766374455e-15 8.3652285342e-14 -1.1277425705e-08 5.1401564757e-14
d  1.5136039786e-02 1.4047737520e+00 -2.0000000000e-01 1.1075113865e-01 3.0000000000e+02 -1.1074972743e-08 -8.3478139593e-14 1.1075113864e-08 1.1074972604e-08 6.4544725774e-15 8.3498139661e-14 -1.1075113877e-08 5.1323570361e-14
d  1.5142084019e-02 1.4005427899e+00 -2.0000000000e-01 1.0833405422e-01 3.0000000000e+02 -1.0833264531e-08 -8.3322241024e-14 1.0833405424e-08 1.0833264381e-08 6.4672758026e-15 8.3342240623e-14 -1.0833405423e-08 5.1231194275e-14
d  1.5149337099e-02 1.3954656355e+00 -2.0000000000e-01 1.0544909895e-01 3.0000000000e+02 -1.0544769283e-08 -8.3141181196e-14 1.0544909912e-08 1.0544769072e-08 6.4815269866e-15 8.3161178740e-14 -1.0544909834e-08 5.1119433630e-14
d  1.5153688947e-02 1.3924193428e+00 -2.0000000000e-01 1.0372636177e-01 3.0000000000e+02 -1.0372495727e-08 -8.3035860001e-14 1.0372635794e-08 1.0372497218e-08 6.4926350650e-15 8.3055944852e-14 -1.0372637819e-08 5.1051628301e-14
d  1.5158911164e-02 1.3887637916e+00 -2.0000000000e-01 1.0166732256e-01 3.0000000000e+02 -1.0166592006e-08 -8.2910723573e-14 1.0166733589e-08 1.0166586273e-08 6.5024943086e-15 8.2930448248e-14 -1.0166726671e-08 5.0969470882e-14
d  1.5165177825e-02 1.3843771302e+00 -2.0000000000e-01 9.9208505115e-02 3.0000000000e+02 -9.9207105149e-09 -8.2752166450e-14 9.9208505256e-09 9.9207103183e-09 6.5072518437e-15 8.2772164043e-14 -9.9208504632e-09 5.0869904512e-14
d  1.5172697818e-02 1.3791131365e+00 -2.0000000000e-01 9.6275505630e-02 3.0000000000e+02 -9.6274108342e-09 -8.2574623725e-14 9.6275506785e-09 9.6274102298e-09 6.5317574753e-15 8.2594607461e-14 -9.6275501062e-09 5.0748647212e-14
d  1.5177209814e-02 1.3759547403e+00 -2.0000000000e-01 9.4525035000e-02 3.0000000000e+02 -9.4523639734e-09 -8.2458291829e-14 9.4525036152e-09 9.4523633799e-09 6.5244760313e-15 8.2478267638e-14 -9.4525030534e-09 5.0674218468e-14
d  1.5182624209e-02 1.3721646648e+00 -2.0000000000e-01 9.2433812582e-02 3.0000000000e+02 -9.2432419518e-09 -8.2324135097e-14 9.2433812677e-09 9.2432417776e-09 6.5264108174e-15 8.2344133240e-14 -9.2433812304e-09 5.0584726026e-14
d  1.5189121483e-02 1.3676165742e+00 -2.0000000000e-01 8.9937998073e-02 3.0000000000e+02 -8.9936607471e-09 -8.2170784112e-14 8.9937998748e-09 8.9936603527e-09 6.5381418410e-15 8.2190773239e-14 -8.9937995587e-09 5.0476166377e-14
d  1.5193019848e-02 1.3648877199e+00 -2.0000000000e-01 8.8447745885e-02 3.0000000000e+02 -8.8446356953e-09 -8.2074998395e-14 8.8447744523e-09 8.8446360681e-09 6.5346611566e-15 8.2095031177e-14 -8.8447751067e-09 5.0409827245e-14
d  1.5197697885e-02 1.3616130947e+00 -2.0000000000e-01 8.6666689312e-02 3.0000000000e+02 -8.6665302240e-09 -8.1965656907e-14 8.6666721176e-09 8.6665183486e-09 6.5371509062e-15 8.1984943137e-14 -8.6666571991e-09 5.0329489623e-14
d  1.5203311530e-02 1.3576835444e+00 -2.0000000000e-01 8.4539977514e-02 3.0000000000e+02 -8.4538592700e-09 -8.1836628470e-14 8.4539978021e-09 8.4538589502e-09 6.5380920069e-15 8.1856619098e-14 -8.4539975758e-09 5.0233877689e-14
d  1.5210047904e-02 1.3529680841e+00 -2.0000000000e-01 8.2003348222e-02 3.0000000000e+02 -8.2001966161e-09 -8.1676582413e-14 8.2003348240e-09 8.2001964744e-09 6.5372077428e-15 8.1696582137e-14 -8.2003348239e-09 5.0115117098e-14
d  1.5214089728e-02 1.3501388079e+00 -2.0000000000e-01 8.0489553766e-02 3.0000000000e+02 -8.0488173299e-09 -8.1588089413e-14 8.0489562621e-09 8.0488141203e-09 6.5379055710e-15 8.1607888202e-14 -8.0489523096e-09 5.0043474426e-14
d  1.5218939917e-02 1.3467436765e+00 -2.0000000000e-01 7.8681203721e-02 3.0000000000e+02 -7.8679825220e-09 -8.1481753523e-14 7.8681211284e-09 7.8679798035e-09 6.5354735771e-15 8.1501593741e-14 -7.8681177958e-09 4.9957130471e-14
d  1.5224760144e-02 1.3426695188e+00 -2.0000000000e-01 7.6523145568e-02 3.0000000000e+02 -7.6521769347e-09 -8.1350051655e-14 7.6523148751e-09 7.6521757318e-09 6.5355669545e-15 8.1369996318e-14 -7.6523134957e-09 4.9851717460e-14
d  1.5231744416e-02 1.3377805295e+00 -2.0000000000e-01 7.3950960875e-02 3.0000000000e+02 -7.3949587396e-09 -8.1213608629e-14 7.3950958077e-09 7.3949595246e-09 6.5337511073e-15 8.1233648617e-14 -7.3950970137e-09 4.9724645957e-14
d  1.5235934980e-02 1.3348471360e+00 -2.0000000000e-01 7.2416946474e-02 3.0000000000e+02 -7.2415574737e-09 -8.1129748521e-14 7.2417011755e-09 7.2415364570e-09 6.5256874037e-15 8.1148354965e-14 -7.2416737685e-09 4.9645514795e-14
d  1.5240963656e-02 1.3313270637e+00 -2.0000000000e-01 7.0585451558e-02 3.0000000000e+02 -7.0584081764e-09 -8.1027091175e-14 7.0585454355e-09 7.0584071646e-09 6.5212009741e-15 8.1047035764e-14 -7.0585442841e-09 4.9553438102e-14
d  1.5246998067e-02 1.3271029770e+00 -2.0000000000e-01 6.8401275203e-02 3.0000000000e+02 -6.8399907786e-09 -8.0908116284e-14 6.8401338175e-09 6.8399712365e-09 6.5145400553e-15 8.0927092025e-14 -6.8401081156e-09 4.9436692953e-14
d  1.5250618714e-02 1.3245685250e+00 -2.0000000000e-01 6.7097984708e-02 3.0000000000e+02 -6.7096618688e-09 -8.0851073540e-14 6.7098012365e-09 6.7096534395e-09 6.5078552684e-15 8.0870399080e-14 -6.7097901793e-09 4.9369438481e-14
d  1.5254963490e-02 1.3215271826e+00 -2.0000000000e-01 6.5541276044e-02 3.0000000000e+02 -6.5539911733e-09 -8.0765169644e-14 6.5541289510e-09 6.5539870646e-09 6.4999448701e-15 8.0784864918e-14 -6.5541236338e-09 4.9284147803e-14
d  1.5260177221e-02 1.3178775716e+00 -2.0000000000e-01 6.3683773812e-02 3.0000000000e+02 -6.3682411457e-09 -8.0675087240e-14 6.3683779622e-09 6.3682393252e-09 6.4919823137e-15 8.0694979459e-14 -6.3683756987e-09 4.9182375042e-14
d  1.5263305460e-02 1.3156878051e+00 -2.0000000000e-01 6.2574854368e-02 3.0000000000e+02 -6.2573493186e-09 -8.0631896402e-14 6.2574870060e-09 6.2573447556e-09 6.4852035874e-15 8.0651458016e-14 -6.2574810108e-09 4.9120811963e-14
d  1.5267059347e-02 1.3130600852e+00 -2.0000000000e-01 6.1249734041e-02 3.0000000000e+02 -6.1248374219e-09 -8.0575439761e-14 6.1249831028e-09 6.1248102705e-09 6.4772209217e-15 8.0592926264e-14 -6.1249463848e-09 4.9045180121e-14
d  1.5271564011e-02 1.3099068214e+00 -2.0000000000e-01 5.9667700123e-02 3.0000000000e+02 -5.9666341862e-09 -8.0520152750e-14 5.9667705841e-09 5.9666324818e-09 6.4693874163e-15 8.0540031453e-14 -5.9667684445e-09 4.8959345918e-14
d  1.5276969607e-02 1.3061229048e+00 -2.0000000000e-01 5.7781102551e-02 3.0000000000e+02 -5.7779746253e-09 -8.0441557517e-14 5.7781109540e-09 5.7779726049e-09 6.4558547717e-15 8.0461436368e-14 -5.7781083708e-09 4.8847508912e-14
d  1.5280212965e-02 1.3038525548e+00 -2.0000000000e-01 5.6655406272e-02 3.0000000000e+02 -5.6654051051e-09 -8.0409647935e-14 5.6655466144e-09 5.6653892886e-09 6.4467474682e-15 8.0428082062e-14 -5.6655249434e-09 4.8781274481e-14
d  1.5284104995e-02 1.3011281349e+00 -2.0000000000e-01 5.5310832277e-02 3.0000000000e+02 -5.5309478293e-09 -8.0376438467e-14 5.5310850152e-09 5.5309430860e-09 6.4373497142e-15 8.0396005703e-14 -5.5310786191e-09 4.8704406451e-14
d  1.5288775430e-02 1.2978588310e+00 -2.0000000000e-01 5.3706468455e-02 3.0000000000e+02 -5.3705115991e-09 -8.0328687642e-14 5.3706478076e-09 5.3705090200e-09 6.4239405131e-15 8.0348497679e-14 -5.3706444011e-09 4.8606688001e-14
d  1.5291577692e-02 1.2958972486e+00 -2.0000000000e-01 5.2748673356e-02 3.0000000000e+02 -5.2747321732e-09 -8.0313779119e-14 5.2748696379e-09 5.2747263813e-09 6.4152434687e-15 8.0333088791e-14 -5.2748616770e-09 4.8548634817e-14
d  1.5294940405e-02 1.2935433498e+00 -2.0000000000e-01 5.1604128123e-02 3.0000000000e+02 -5.1602777459e-09 -8.0297722188e-14 5.1604134165e-09 5.1602761495e-09 6.4053421728e-15 8.0317554583e-14 -5.1604113500e-09 4.8479913007e-14
d  1.5298975662e-02 1.2907186711e+00 -2.0000000000e-01 5.0237661291e-02 3.0000000000e+02 -5.0236311756e-09 -8.0279356482e-14 5.0237669506e-09 5.0236290712e-09 6.3923554035e-15 8.0299171067e-14 -5.0237641583e-09 4.8395078066e-14
d  1.5301396815e-02 1.2890238640e+00 -2.0000000000e-01 4.9421470109e-02 3.0000000000e+02 -4.9420121192e-09 -8.0277114832e-14 4.9421462359e-09 4.9420137840e-09 6.3844165800e-15 8.0297382520e-14 -4.9421488102e-09 4.8345016237e-14
d  1.5304302200e-02 1.2869900954e+00 -2.0000000000e-01 4.8445719917e-02 3.0000000000e+02 -4.8444371732e-09 -8.0273951763e-14 4.8445815079e-09 4.8444152481e-09 6.3730308545e-15 8.0290912376e-14 -4.8445501936e-09 4.8280821414e-14
d  1.5307788661e-02 1.2845495731e+00 -2.0000000000e-01 4.7280126322e-02 3.0000000000e+02 -4.7278778825e-09 -8.0293856558e-14 4.7280147898e-09 4.7278728399e-09 6.3635299244e-15 8.0313297323e-14 -4.7280077216e-09 4.8213800952e-14
d  1.5311972415e-02 1.2816209463e+00 -2.0000000000e-01 4.5889147723e-02 3.0000000000e+02 -4.5887801182e-09 -8.0296101537e-14 4.5889159708e-09 4.5887772897e-09 6.3469917998e-15 8.0315849889e-14 -4.5889120760e-09 4.8122206813e-14
d  1.5314482667e-02 1.2798637702e+00 -2.0000000000e-01 4.5058635676e-02 3.0000000000e+02 -4.5057289562e-09 -8.0316957760e-14 4.5058651814e-09 4.5057253404e-09 6.3375418596e-15 8.0336437011e-14 -4.5058600832e-09 4.8069660228e-14
d  1.5317494970e-02 1.2777551589e+00 -2.0000000000e-01 4.4066070208e-02 3.0000000000e+02 -4.4064724558e-09 -8.0345793612e-14 4.4066081151e-09 4.4064699902e-09 6.3262612846e-15 8.0365467903e-14 -4.4066046867e-09 4.8006858586e-14
d  1.5321109733e-02 1.2752248254e+00 -2.0000000000e-01 4.2880860639e-02 3.0000000000e+02 -4.2879515479e-09 -8.0385107297e-14 4.2880868110e-09 4.2879498346e-09 6.3120855408e-15 8.0404927763e-14 -4.2880844820e-09 4.7930596841e-14
d  1.5323278591e-02 1.2737066253e+00 -2.0000000000e-01 4.2172829860e-02 3.0000000000e+02 -4.2171484920e-09 -8.0417634606e-14 4.2172816709e-09 4.2171510284e-09 6.3034964175e-15 8.0438125431e-14 -4.2172856550e-09 4.7885459283e-14
d  1.5325881221e-02 1.2718847851e+00 -2.0000000000e-01 4.1326268503e-02 3.0000000000e+02 -4.1324923799e-09 -8.0458433765e-14 4.1326380256e-09 4.1324698222e-09 6.2908074497e-15 8.0474589179e-14 -4.1326044155e-09 4.7826435861e-14
d  1.5329004376e-02 1.2696985770e+00 -2.0000000000e-01 4.0314802194e-02 3.0000000000e+02 -4.0313457495e-09 -8.0541141045e-14 4.0314833603e-09 4.0313393287e-09 6.2816001998e-15 8.0560271636e-14 -4.0314739276e-09 4.7769566745e-14
d  1.5332752163e-02 1.2670751272e+00 -2.0000000000e-01 3.9107469483e-02 3.0000000000e+02 -3.9106124966e-09 -8.0610392140e-14 3.9107481442e-09 3.9106099906e-09 6.2638713850e-15 8.0630126441e-14 -3.9107445722e-09 4.7687154318e-14
d  1.5335000835e-02 1.2655010573e+00 -2.0000000000e-01 3.8386434228e-02 3.0000000000e+02 -3.8385089599e-09 -8.0677455974e-14 3.8386438083e-09 3.8385081048e-09 6.2545547752e-15 8.0697322058e-14 -3.8386426978e-09 4.7641553865e-14
d  1.5337699241e-02 1.2636121734e+00 -2.0000000000e-01 3.7524519551e-02 3.0000000000e+02 -3.7523174732e-09 -8.0763510558e-14 3.7524539729e-09 3.7523135715e-09 6.2427762091e-15 8.0782866394e-14 -3.7524481820e-09 4.7586045270e-14
d  1.5340937328e-02 1.2613455128e+00 -2.0000000000e-01 3.6495011987e-02 3.0000000000e+02 -3.6493666777e-09 -8.0880979983e-14 3.6495020396e-09 3.6493649812e-09 6.2293640117e-15 8.0900765453e-14 -3.6494996315e-09 4.7521807342e-14
d  1.5344823033e-02 1.2586255200e+00 -2.0000000000e-01 3.5266509048e-02 3.0000000000e+02 -3.5265163178e-09 -8.1040192746e-14 3.5266533518e-09 3.5265116585e-09 6.2121467030e-15 8.1059695919e-14 -3.5266463737e-09 4.7443610058e-14
d  1.5347154456e-02 1.2569935244e+00 -2.0000000000e-01 3.4533021916e-02 3.0000000000e+02 -3.4531675432e-09 -8.1158083996e-14 3.4533028508e-09 3.4531662636e-09 6.2023902865e-15 8.1177872649e-14 -3.4533010407e-09 4.7399245133e-14
d  1.5349952164e-02 1.2550351296e+00 -2.0000000000e-01 3.3656395482e-02 3.0000000000e+02 -3.3655048172e-09 -8.1304546473e-14 3.3656459550e-09 3.3654936042e-09 6.1892728009e-15 8.1322667195e-14 -3.3656284597e-09 4.7343417300e-14
d  1.5353309413e-02 1.2526850558e+00 -2.0000000000e-01 3.2609511291e-02 3.0000000000e+02 -3.2608162657e-09 -8.1513337856e-14 3.2609531494e-09 3.2608126521e-09 6.1767562394e-15 8.1532869030e-14 -3.2609476429e-09 4.7284676613e-14
d  1.5355323763e-02 1.2512750116e+00 -2.0000000000e-01 3.1984047321e-02 3.0000000000e+02 -3.1982697821e-09 -8.1646134540e-14 3.1984040298e-09 3.1982707930e-09 6.1676531287e-15 8.1666396576e-14 -3.1984058720e-09 4.7246708529e-14
d  1.5357740982e-02 1.2495829585e+00 -2.0000000000e-01 3.1236088302e-02 3.0000000000e+02 -3.1234737562e-09 -8.1821051694e-14 3.1236122047e-09 3.1234682198e-09 6.1567474973e-15 8.1839901085e-14 -3.1236034192e-09 4.7202011010e-14
d  1.5360641645e-02 1.2475524948e+00 -2.0000000000e-01 3.0342226910e-02 3.0000000000e+02 -3.0340874371e-09 -8.2063201687e-14 3.0342244133e-09 3.0340845402e-09 6.1464416679e-15 8.2082739810e-14 -3.0342199208e-09 4.7155615684e-14
d  1.5362382043e-02 1.2463342165e+00 -2.0000000000e-01 2.9807841433e-02 3.0000000000e+02 -2.9806487712e-09 -8.2215809421e-14 2.9807813846e-09 2.9806527664e-09 6.1397581387e-15 8.2237020745e-14 -2.9807882688e-09 4.7127333543e-14
d  1.5364470521e-02 1.2448722826e+00 -2.0000000000e-01 2.9168459998e-02 3.0000000000e+02 -2.9167104744e-09 -8.2406684050e-14 2.9168521598e-09 2.9167012047e-09 6.1292411857e-15 8.2424214033e-14 -2.9168368518e-09 4.7088680250e-14
d  1.5366976694e-02 1.2431179620e+00 -2.0000000000e-01 2.8403822684e-02 3.0000000000e+02 -2.8402465109e-09 -8.2691981502e-14 2.8403830801e-09 2.8402451697e-09 6.1238932867e-15 8.2711726879e-14 -2.8403810537e-09 4.7059485724e-14
d  1.5369984102e-02 1.2410127772e+00 -2.0000000000e-01 2.7490022904e-02 3.0000000000e+02 -2.7488662522e-09 -8.3018896591e-14 2.7490037169e-09 2.7488639814e-09 6.1116027443e-15 8.3038548852e-14 -2.7490001455e-09 4.7012500867e-14
d  1.5371788546e-02 1.2397496663e+00 -2.0000000000e-01 2.6943664595e-02 3.0000000000e+02 -2.6942302118e-09 -8.3258514191e-14 2.6943642578e-09 2.6942331389e-09 6.1070563848e-15 8.3279408897e-14 -2.6943695153e-09 4.6991978362e-14
d  1.5373953880e-02 1.2382339333e+00 -2.0000000000e-01 2.6289875273e-02 3.0000000000e+02 -2.6288510165e-09 -8.3550375106e-14 2.6289905843e-09 2.6288466860e-09 6.0991643416e-15 8.3569246274e-14 -2.6289833206e-09 4.6962732979e-14
d  1.5376552280e-02 1.2364150536e+00 -2.0000000000e-01 2.5507858247e-02 3.0000000000e+02 -2.5506489446e-09 -8.3956011863e-14 2.5507896397e-09 2.5506435160e-09 6.0943197746e-15 8.3974924288e-14 -2.5507805196e-09 4.6939546041e-14
d  1.5378111320e-02 1.2353237259e+00 -2.0000000000e-01 2.5039952373e-02 3.0000000000e+02 -2.5038581161e-09 -8.4215704623e-14 2.5039915073e-09 2.5038627112e-09 6.0920963479e-15 8.4237514366e-14 -2.5039999626e-09 4.6927930841e-14
d  1.5379982168e-02 1.2340141325e+00 -2.0000000000e-01 2.4479709582e-02 3.0000000000e+02 -2.4478335387e-09 -8.4524091918e-14 2.4479725076e-09 2.4478314632e-09 6.0852983723e-15 8.4543408901e-14 -2.4479690070e-09 4.6905609253e-14
d  1.5382227186e-02 1.2324426205e+00 -2.0000000000e-01 2.3809061801e-02 3.0000000000e+02 -2.3807683305e-09 -8.4977101219e-14 2.3809075343e-09 2.3807664713e-09 6.0849483569e-15 8.4996642578e-14 -2.3809044455e-09 4.6898104624e-14
d  1.5384921208e-02 1.2305568061e+00 -2.0000000000e-01 2.3006550667e-02 3.0000000000e+02 -2.3005166690e-09 -8.5536030950e-14 2.3006593338e-09 2.3005110159e-09 6.0817576469e-15 8.5554933282e-14 -2.3006495361e-09 4.6884649644e-14
d  1.5386537620e-02 1.2294253174e+00 -2.0000000000e-01 2.2526153089e-02 3.0000000000e+02 -2.2524765280e-09 -8.5925474602e-14 2.2526116899e-09 2.2524806291e-09 6.0836346278e-15 8.5947100983e-14 -2.2526195390e-09 4.6886689283e-14
d  1.5388477316e-02 1.2280675310e+00 -2.0000000000e-01 2.1950677897e-02 3.0000000000e+02 -2.1949285344e-09 -8.6389281691e-14 2.1950695455e-09 2.1949263730e-09 6.0811619147e-15 8.6408568762e-14 -2.1950657516e-09 4.6879590331e-14
d  1.5390804950e-02 1.2264381874e+00 -2.0000000000e-01 2.1261328249e-02 3.0000000000e+02 -2.1259929052e-09 -8.7048931882e-14 2.1261403219e-09 2.1259839179e-09 6.0858425712e-15 8.7066632539e-14 -2.1261239566e-09 4.6891008860e-14
d  1.5392201531e-02 1.2254605812e+00 -2.0000000000e-01 2.0848295485e-02 3.0000000000e+02 -2.0846891870e-09 -8.7486282144e-14 2.0848254058e-09 2.0846934132e-09 6.0922276225e-15 8.7508545331e-14 -2.0848339044e-09 4.6907029335e-14
d  1.5393877428e-02 1.2242874537e+00 -2.0000000000e-01 2.0353163125e-02 3.0000000000e+02 -2.0351754224e-09 -8.7978764934e-14 2.0353143434e-09 2.0351773617e-09 6.0920333187e-15 8.7999737935e-14 -2.0353183785e-09 4.6909298152e-14
d  1.5395888504e-02 1.2228797008e+00 -2.0000000000e-01 1.9759487053e-02 3.0000000000e+02 -1.9758070617e-09 -8.8706118142e-14 1.9759496986e-09 1.9758058724e-09 6.1021188077e-15 8.8725748110e-14 -1.9759476394e-09 4.6938480368e-14
d  1.5398301795e-02 1.2211903973e+00 -2.0000000000e-01 1.9047523420e-02 3.0000000000e+02 -1.9046097131e-09 -8.9640595813e-14 1.9047532570e-09 1.9046085892e-09 6.1154485583e-15 8.9660343675e-14 -1.9047513415e-09 4.6979082832e-14
d  1.5399749770e-02 1.2201768152e+00 -2.0000000000e-01 1.8620476369e-02 3.0000000000e+02 -1.8619043467e-09 -9.0262231940e-14 1.8620424901e-09 1.8619091617e-09 6.1258847725e-15 9.0284848821e-14 -1.8620525819e-09 4.7011234543e-14
d  1.5401487340e-02 1.2189605167e+00 -2.0000000000e-01 1.8107937879e-02 3.0000000000e+02 -1.8106496413e-09 -9.1050496401e-14 1.8107999247e-09 1.8106436584e-09 6.1360272570e-15 9.1067690230e-14 -1.8107879220e-09 4.7046843573e-14
d  1.5403572424e-02 1.2175009584e+00 -2.0000000000e-01 1.7492383236e-02 3.0000000000e+02 -1.7490929916e-09 -9.2162910779e-14 1.7492391867e-09 1.7490920232e-09 6.1628837386e-15 9.2182619075e-14 -1.7492374780e-09 4.7126400792e-14
d  1.5404823474e-02 1.2166252235e+00 -2.0000000000e-01 1.7122729468e-02 3.0000000000e+02 -1.7121268685e-09 -9.2840423599e-14 1.7122696151e-09 1.7121295646e-09 6.1755880148e-15 9.2862523556e-14 -1.7122757709e-09 4.7168170660e-14
d  1.5406324734e-02 1.2155743416e+00 -2.0000000000e-01 1.6678597014e-02 3.0000000000e+02 -1.6677126273e-09 -9.3742476723e-14 1.6678554647e-09 1.6677160817e-09 6.1955886712e-15 9.3764885947e-14 -1.6678632845e-09 4.7231584244e-14
d  1.5408126247e-02 1.2143132833e+00 -2.0000000000e-01 1.6144540483e-02 3.0000000000e+02 -1.6143056507e-09 -9.4946072713e-14 1.6144576370e-09 1.6143023969e-09 6.2236590324e-15 9.4964558014e-14 -1.6144509140e-09 4.7321154325e-14
d  1.5410288062e-02 1.2128000133e+00 -2.0000000000e-01 1.5501552910e-02 3.0000000000e+02 -1.5500050942e-09 -9.6581742273e-14 1.5501574483e-09 1.5500030384e-09 6.2681913343e-15 9.6601085181e-14 -1.5501533563e-09 4.7459133543e-14
d  1.5411585150e-02 1.2118920513e+00 -2.0000000000e-01 1.5114474080e-02 3.0000000000e+02 -1.5112960119e-09 -9.7659037278e-14 1.5114422729e-09 1.5112997937e-09 6.2972058010e-15 9.7682079218e-14 -1.5114513194e-09 4.7551142991e-14
d  1.5413141657e-02 1.2108024969e+00 -2.0000000000e-01 1.4648292033e-02 3.0000000000e+02 -1.4646762182e-09 -9.9064023163e-14 1.4648266667e-09 1.4646780151e-09 6.3350378355e-15 9.9085372453e-14 -1.4648311259e-09 4.7672473563e-14
d  1.5415009465e-02 1.2094950317e+00 -2.0000000000e-01 1.4085788858e-02 3.0000000000e+02 -1.4084237247e-09 -1.0100958017e-13 1.4085809490e-09 1.4084219904e-09 6.3939364373e-15 1.0102878139e-13 -1.4085772719e-09 4.7856595224e-14
d  1.5416130150e-02 1.2087105525e+00 -2.0000000000e-01 1.3746483247e-02 3.0000000000e+02 -1.3744917096e-09 -1.0231009714e-13 1.3746465024e-09 1.3744927774e-09 6.4340138368e-15 1.0233145943e-13 -1.3746495177e-09 4.7982884192e-14
d  1.5417474972e-02 1.2077691775e+00 -2.0000000000e-01 1.3337127634e-02 3.0000000000e+02 -1.3335542407e-09 -1.0398437089e-13 1.3337075713e-09 1.3335574932e-09 6.4867385029e-15 1.0400787600e-13 -1.3337161457e-09 4.8148751447e-14
d  1.5419088758e-02 1.2066395275e+00 -2.0000000000e-01 1.2842134925e-02 3.0000000000e+02 -1.2840523980e-09 -1.0624586686e-13 1.2842150858e-09 1.2840512015e-09 6.5586444268e-15 1.0626507330e-13 -1.2842124162e-09 4.8376288819e-14
d  1.5421025301e-02 1.2052839476e+00 -2.0000000000e-01 1.2241586975e-02 3.0000000000e+02 -1.2239940222e-09 -1.0940673530e-13 1.2241599097e-09 1.2239930569e-09 6.6663026486e-15 1.0942630525e-13 -1.2241578529e-09 4.8712377360e-14
d  1.5422187227e-02 1.2044705996e+00 -2.0000000000e-01 1.1877455455e-02 3.0000000000e+02 -1.1875784289e-09 -1.1155082110e-13 1.1877430342e-09 1.1875797360e-09 6.7363195834e-15 1.1157261371e-13 -1.1877469781e-09 4.8936654389e-14
d  1.5423581539e-02 1.2034945820e+00 -2.0000000000e-01 1.1435835989e-02 3.0000000000e+02 -1.1434131475e-09 -1.1445564191e-13 1.1435781317e-09 1.1434161019e-09 6.8367688958e-15 1.1447915946e-13 -1.1435866825e-09 4.9253382073e-14
d  1.5425254712e-02 1.2023233609e+00 -2.0000000000e-01 1.0897804548e-02 3.0000000000e+02 -1.0896053726e-09 -1.1849102756e-13 1.0897811705e-09 1.0896048358e-09 6.9775397860e-15 1.1851069226e-13 -1.0897800387e-09 4.9698746914e-14
d  1.5427262520e-02 1.2009178956e+00 -2.0000000000e-01 1.0237918159e-02 3.0000000000e+02 -1.0236100316e-09 -1.2434413780e-13 1.0237930487e-09 1.0236091764e-09 7.1869004676e-15 1.2436373605e-13 -1.0237910807e-09 5.0360309647e-14
d  1.5428467205e-02 1.2000746164e+00 -2.0000000000e-01 9.8336599326e-03 3.0000000000e+02 -9.8317944576e-10 -1.2851126294e-13 9.8336367565e-10 9.8318041692e-10 7.3267560483e-15 1.2853286142e-13 -9.8336708887e-10 5.0816751133e-14
d  1.5429912827e-02 1.1990626813e+00 -2.0000000000e-01 9.3381741685e-03 3.0000000000e+02 -9.3362409735e-10 -1.3439646450e-13 9.3381253373e-10 9.3362621893e-10 7.5335677451e-15 1.3441950473e-13 -9.3381966598e-10 5.1482455413e-14
d  1.5431647573e-02 1.1978483593e+00 -2.0000000000e-01 8.7251474192e-03 3.0000000000e+02 -8.7231152295e-10 -1.4301011993e-13 8.7251546255e-10 8.7231106614e-10 7.8347547540e-15 1.4302979535e-13 -8.7251440499e-10 5.2458652056e-14
d  1.5433729269e-02 1.1963911729e+00 -2.0000000000e-01 7.9561052539e-03 3.0000000000e+02 -7.9539198735e-10 -1.5638813651e-13 7.9561248725e-10 7.9539095178e-10 8.2923561018e-15 1.5640752749e-13 -7.9560960864e-10 5.3963858947e-14
d  1.5434978286e-02 1.1955168610e+00 -2.0000000000e-01 7.4753464066e-03 3.0000000000e+02 -7.4730461911e-10 -1.6651710687e-13 7.4753720064e-10 7.4730360623e-10 8.5921376309e-15 1.6653534010e-13 -7.4753374431e-10 5.5018852377e-14
d  1.5435727697e-02 1.1949922739e+00 -2.0000000000e-01 7.1792662054e-03 3.0000000000e+02 -7.1768859798e-10 -1.7361526200e-13 7.1792958790e-10 7.1768771031e-10 8.7877661045e-15 1.7363084292e-13 -7.1792584478e-10 5.5732273179e-14
d  1.5436626989e-02 1.1943627693e+00 -2.0000000000e-01 6.8147221759e-03 3.0000000000e+02 -6.8122306627e-10 -1.8343741701e-13 6.8147327825e-10 6.8122268182e-10 9.0756199226e-15 1.8345595639e-13 -6.8147195049e-10 5.6754810985e-14
d  1.5437706140e-02 1.1936073639e+00 -2.0000000000e-01 6.3620426628e-03 3.0000000000e+02 -6.3593952987e-10 -1.9722597913e-13 6.3620669806e-10 6.3593880352e-10 9.4581721893e-15 1.9724334291e-13 -6.3620365482e-10 5.8151266561e-14
d  1.5438353630e-02 1.1931541206e+00 -2.0000000000e-01 6.0824715300e-03 3.0000000000e+02 -6.0797190955e-10 -2.0665459382e-13 6.0824762075e-10 6.0797169739e-10 9.6789598819e-15 2.0667372784e-13 -6.0824705919e-10 5.9029948835e-14
d  1.5439130619e-02 1.1926102287e+00 -2.0000000000e-01 5.7384294225e-03 3.0000000000e+02 -5.7355346309e-10 -2.1939601990e-13 5.7384357575e-10 5.7355322382e-10 9.9715555607e-15 2.1941492952e-13 -5.7384282083e-10 6.0207806965e-14
d  1.5439596812e-02 1.1922838935e+00 -2.0000000000e-01 5.5276318677e-03 3.0000000000e+02 -5.5246442352e-10 -2.2780252823e-13 5.5276514024e-10 5.5246399647e-10 1.0135005848e-14 2.2781708882e-13 -5.5276286992e-10 6.0928849444e-14
d  1.5440156244e-02 1.1918922913e+00 -2.0000000000e-01 5.2701883066e-03 3.0000000000e+02 -5.2670791205e-10 -2.3882317862e-13 5.2701894369e-10 5.2670777570e-10 1.0348135846e-14 2.3884288541e-13 -5.2701881351e-10 6.1873627166e-14
d  1.5440491903e-02 1.1916573300e+00 -2.0000000000e-01 5.1134923044e-03 3.0000000000e+02 -5.1103063156e-10 -2.4580763052e-13 5.1134954319e-10 5.1103047115e-10 1.0459642320e-14 2.4582635924e-13 -5.1134918752e-10 6.2427446978e-14
d  1.5440894694e-02 1.1913753764e+00 -2.0000000000e-01 4.9232596348e-03 3.0000000000e+02 -4.9199755959e-10 -2.5477051783e-13 4.9232664912e-10 4.9199735261e-10 1.0601329657e-14 2.5478791822e-13 -4.9232587163e-10 6.3136094075e-14
d  1.5441378043e-02 1.1910370321e+00 -2.0000000000e-01 4.6919063248e-03 3.0000000000e+02 -4.6884971587e-10 -2.6625036029e-13 4.6919055227e-10 4.6884960692e-10 1.0765790746e-14 2.6627060930e-13 -4.6919064354e-10 6.4012155490e-14
d  1.5441668053e-02 1.1908340256e+00 -2.0000000000e-01 4.5516877210e-03 3.0000000000e+02 -4.5482008401e-10 -2.7343171244e-13 4.5516903438e-10 4.5481993553e-10 1.0841727572e-14 2.7345045230e-13 -4.5516874099e-10 6.4508927115e-14
d  1.5442016064e-02 1.1905904177e+00 -2.0000000000e-01 4.3821538427e-03 3.0000000000e+02 -4.3785692445e-10 -2.8250086989e-13 4.3821470379e-10 4.3785687937e-10 1.0935664191e-14 2.8252392247e-13 -4.3821546391e-10 6.5133272035e-14
d  1.5442433678e-02 1.1902980882e+00 -2.0000000000e-01 4.1770990794e-03 3.0000000000e+02 -4.1733921288e-10 -2.9380753583e-13 4.1770941031e-10 4.1733914697e-10 1.1028674898e-14 2.9382937133e-13 -4.1770996464e-10 6.5868785572e-14
d  1.5442684246e-02 1.1901226905e+00 -2.0000000000e-01 4.0534307406e-03 3.0000000000e+02 -4.0496487641e-10 -3.0085106285e-13 4.0534324293e-10 4.0496474115e-10 1.1062634438e-14 3.0087010827e-13 -4.0534305658e-10 6.6280310935e-14
d  1.5442984928e-02 1.1899122133e+00 -2.0000000000e-01 3.9045593611e-03 3.0000000000e+02 -3.9006844505e-10 -3.0973913513e-13 3.9045551653e-10 3.9006836517e-10 1.1105346484e-14 3.0976135119e-13 -3.9045597939e-10 6.6793892273e-14
d  1.5443345746e-02 1.1896596407e+00 -2.0000000000e-01 3.7254935208e-03 3.0000000000e+02 -3.7215042684e-10 -3.2047753168e-13 3.7255088851e-10 3.7215016798e-10 1.1126311126e-14 3.2049083877e-13 -3.7254920110e-10 6.7364821746e-14
d  1.5443562237e-02 1.1895080971e+00 -2.0000000000e-01 3.6180194027e-03 3.0000000000e+02 -3.6139607406e-10 -3.2721869718e-13 3.6180200641e-10 3.6139594959e-10 1.1125356672e-14 3.2723825903e-13 -3.6180193437e-10 6.7693684482e-14
d  1.5443822026e-02 1.1893262448e+00 -2.0000000000e-01 3.4891737054e-03 3.0000000000e+02 -3.4850308238e-10 -3.3521009569e-13 3.4891713624e-10 3.4850298240e-10 1.1106972342e-14 3.3523154688e-13 -3.4891739230e-10 6.8052748129e-14
d  1.5444133773e-02 1.1891080220e+00 -2.0000000000e-01 3.3349740122e-03 3.0000000000e+02 -3.3307285921e-10 -3.4509060570e-13 3.3349882984e-10 3.3307262783e-10 1.1067591971e-14 3.4510329086e-13 -3.3349727664e-10 6.8464558562e-14
d  1.5444320821e-02 1.1889770883e+00 -2.0000000000e-01 3.2428178010e-03 3.0000000000e+02 -3.2385109048e-10 -3.5114606886e-13 3.2428280596e-10 3.2385089631e-10 1.1028246968e-14 3.5115812638e-13 -3.2428169174e-10 6.8688308000e-14
d  1.5444545279e-02 1.1888199679e+00 -2.0000000000e-01 3.1327214774e-03 3.0000000000e+02 -3.1283407486e-10 -3.5831141356e-13 3.1327203367e-10 3.1283396409e-10 1.0970183171e-14 3.5833223948e-13 -3.1327215756e-10 6.8931849854e-14
d  1.5444814628e-02 1.1886314234e+00 -2.0000000000e-01 3.0015029944e-03 3.0000000000e+02 -2.9970338537e-10 -3.6692485188e-13 3.0015012530e-10 2.9970327853e-10 1.0880162933e-14 3.6694589605e-13 -3.0015031353e-10 6.9185773565e-14
d  1.5444976238e-02 1.1885182967e+00 -2.0000000000e-01 2.9233471969e-03 3.0000000000e+02 -2.9188256365e-10 -3.7211531222e-13 2.9233519609e-10 2.9188241368e-10 1.0810230256e-14 3.7213101194e-13 -2.9233468162e-10 6.9309076646e-14
d  1.5445170169e-02 1.1883825447e+00 -2.0000000000e-01 2.8302278153e-03 3.0000000000e+02 -2.8256434820e-10 -3.7840103649e-13 2.8302272543e-10 2.8256423292e-10 1.0723677357e-14 3.7842151019e-13 -2.8302278616e-10 6.9454955249e-14
d  1.5445402887e-02 1.1882196423e+00 -2.0000000000e-01 2.7195824057e-03 3.0000000000e+02 -2.7149239628e-10 -3.8574735734e-13 2.7195986124e-10 2.7149217786e-10 1.0597167741e-14 3.8575600992e-13 -2.7195812209e-10 6.9576876380e-14
d  1.5445542518e-02 1.1881219008e+00 -2.0000000000e-01 2.6538407292e-03 3.0000000000e+02 -2.6491383430e-10 -3.9031292380e-13 2.6538466060e-10 2.6491368085e-10 1.0517454755e-14 3.9032675015e-13 -2.6538402817e-10 6.9651438033e-14
d  1.5445710075e-02 1.1880046111e+00 -2.0000000000e-01 2.5756560783e-03 3.0000000000e+02 -2.5709022328e-10 -3.9539941595e-13 2.5756557938e-10 2.5709010611e-10 1.0406801721e-14 3.9541969561e-13 -2.5756561019e-10 6.9692880854e-14
d  1.5445911143e-02 1.1878638634e+00 -2.0000000000e-01 2.4829433333e-03 3.0000000000e+02 -2.4781287599e-10 -4.0154589115e-13 2.4829469014e-10 2.4781273740e-10 1.0264043072e-14 4.0156298016e-13 -2.4829430887e-10 6.9725405572e-14
d  1.5446031784e-02 1.1877794148e+00 -2.0000000000e-01 2.4279405811e-03 3.0000000000e+02 -2.4230903799e-10 -4.0519156171e-13 2.4279451506e-10 2.4230889458e-10 1.0170065711e-14 4.0520598266e-13 -2.4279402436e-10 6.9729378168e-14
d  1.5446176553e-02 1.1876780764e+00 -2.0000000000e-01 2.3625990562e-03 3.0000000000e+02 -2.3577069754e-10 -4.0959536986e-13 2.3625989090e-10 2.3577057954e-10 1.0057066808e-14 4.0961553806e-13 -2.3625990691e-10 6.9729944937e-14
d  1.5446350276e-02 1.1875564704e+00 -2.0000000000e-01 2.2852003959e-03 3.0000000000e+02 -2.2802595224e-10 -4.1456942079e-13 2.2852001144e-10 2.2802583492e-10 9.9069337408e-15 4.1458968787e-13 -2.2852004169e-10 6.9691712353e-14
d  1.5446454510e-02 1.1874835068e+00 -2.0000000000e-01 2.2393175055e-03 3.0000000000e+02 -2.2343481515e-10 -4.1755774852e-13 2.2393198516e-10 2.2343468468e-10 9.8116801115e-15 4.1757442291e-13 -2.2393173348e-10 6.9658604994e-14
d  1.5446579590e-02 1.1873959505e+00 -2.0000000000e-01 2.1848354408e-03 3.0000000000e+02 -2.1798325998e-10 -4.2111646613e-13 2.1848227318e-10 2.1798320316e-10 9.6999203595e-15 4.2115332762e-13 -2.1848363448e-10 6.9624148163e-14
d  1.5446729687e-02 1.1872908829e+00 -2.0000000000e-01 2.1203232567e-03 3.0000000000e+02 -2.1152819440e-10 -4.2496763191e-13 2.1203102368e-10 2.1152813709e-10 9.5479531352e-15 4.2500198899e-13 -2.1203241139e-10 6.9526038221e-14
d  1.5446909803e-02 1.1871648018e+00 -2.0000000000e-01 2.0442158835e-03 3.0000000000e+02 -2.0391298078e-10 -4.2981358658e-13 2.0442156884e-10 2.0391286295e-10 9.3629338339e-15 4.2983376527e-13 -2.0442158974e-10 6.9413851038e-14
d  1.5447017872e-02 1.1870891531e+00 -2.0000000000e-01 1.9992607658e-03 3.0000000000e+02 -1.9941488230e-10 -4.3272269321e-13 1.9992582688e-10 1.9941477478e-10 9.2511382480e-15 4.3274610839e-13 -1.9992609369e-10 6.9346152194e-14
d  1.5447147556e-02 1.1869983747e+00 -2.0000000000e-01 1.9460421168e-03 3.0000000000e+02 -1.9409005515e-10 -4.3587014417e-13 1.9460339728e-10 1.9408997192e-10 9.1092447341e-15 4.3590057029e-13 -1.9460426482e-10 6.9233485851e-14
d  1.5447303176e-02 1.1868894406e+00 -2.0000000000e-01 1.8832616627e-03 3.0000000000e+02 -1.8780862267e-10 -4.3951691733e-13 1.8832617571e-10 1.8780850359e-10 8.9300905511e-15 4.3953681682e-13 -1.8832616589e-10 6.9073558668e-14
d  1.5447489920e-02 1.1867587197e+00 -2.0000000000e-01 1.8095361906e-03 3.0000000000e+02 -1.8043223226e-10 -4.4392082746e-13 1.8095360272e-10 1.8043211424e-10 8.7151726662e-15 4.4394097202e-13 -1.8095362015e-10 6.8884433677e-14
d  1.5447601967e-02 1.1866802872e+00 -2.0000000000e-01 1.7661645470e-03 3.0000000000e+02 -1.7609291817e-10 -4.4630668761e-13 1.7661580277e-10 1.7609282543e-10 8.5814608066e-15 4.4633529149e-13 -1.7661649521e-10 6.8749819419e-14
d  1.5447736422e-02 1.1865861681e+00 -2.0000000000e-01 1.7149958824e-03 3.0000000000e+02 -1.7097362300e-10 -4.4895107491e-13 1.7149958240e-10 1.7097350457e-10 8.4127875734e-15 4.4897114704e-13 -1.7149958875e-10 6.8560600573e-14
d  1.5447897769e-02 1.1864732253e+00 -2.0000000000e-01 1.6548851111e-03 3.0000000000e+02 -1.6495980087e-10 -4.5227904495e-13 1.6548744817e-10 1.6495972157e-10 8.2165141148e-15 4.5230996471e-13 -1.6548856894e-10 6.8354462548e-14
d  1.5448091386e-02 1.1863376938e+00 -2.0000000000e-01 1.5846512720e-03 3.0000000000e+02 -1.5793347927e-10 -4.5558526629e-13 1.5846511708e-10 1.5793336099e-10 7.9638680720e-15 4.5560535271e-13 -1.5846512786e-10 6.8039090520e-14
d  1.5448207556e-02 1.1862563750e+00 -2.0000000000e-01 1.5435187590e-03 3.0000000000e+02 -1.5381859408e-10 -4.5772296526e-13 1.5435144388e-10 1.5381849057e-10 7.8176739878e-15 4.5774846700e-13 -1.5435190038e-10 6.7868743294e-14
d  1.5448346959e-02 1.1861587923e+00 -2.0000000000e-01 1.4951716547e-03 3.0000000000e+02 -1.4898212840e-10 -4.5977829788e-13 1.4951725534e-10 1.4898200675e-10 7.6319140418e-15 4.5979722648e-13 -1.4951716078e-10 6.7618569650e-14
d  1.5448514244e-02 1.1860416932e+00 -2.0000000000e-01 1.4386307474e-03 3.0000000000e+02 -1.4332614764e-10 -4.6232856814e-13 1.4386234656e-10 1.4332605257e-10 7.4144063572e-15 4.6235578903e-13 -1.4386311053e-10 6.7333956537e-14
d  1.5448714985e-02 1.1859011742e+00 -2.0000000000e-01 1.3729263708e-03 3.0000000000e+02 -1.3675382871e-10 -4.6469958116e-13 1.3729171258e-10 1.3675373852e-10 7.1439368696e-15 4.6472720544e-13 -1.3729267841e-10 6.6939759086e-14
d  1.5448955875e-02 1.1857325514e+00 -2.0000000000e-01 1.2971921558e-03 3.0000000000e+02 -1.2917864458e-10 -4.6729494938e-13 1.2971923789e-10 1.2917852536e-10 6.8189098894e-15 4.6731479635e-13 -1.2971921480e-10 6.6453417910e-14
d  1.5449100409e-02 1.1856313778e+00 -2.0000000000e-01 1.2533763700e-03 3.0000000000e+02 -1.2479625063e-10 -4.6871787642e-13 1.2533712721e-10 1.2479614655e-10 6.6291693556e-15 4.6874308919e-13 -1.2533766034e-10 6.6165846957e-14
d  1.5449273850e-02 1.1855099694e+00 -2.0000000000e-01 1.2024061683e-03 3.0000000000e+02 -1.1969855389e-10 -4.6986791313e-13 1.2024014960e-10 1.1969844805e-10 6.3951853413e-15 4.6989238623e-13 -1.2024063717e-10 6.5780640711e-14
d  1.5449481978e-02 1.1853642793e+00 -2.0000000000e-01 1.1435536118e-03 3.0000000000e+02 -1.1381285335e-10 -4.7110592951e-13 1.1435538013e-10 1.1381273433e-10 6.1174221973e-15 4.7112577856e-13 -1.1435536055e-10 6.5317161666e-14
d  1.5449731733e-02 1.1851894512e+00 -2.0000000000e-01 1.0762302192e-03 3.0000000000e+02 -1.0708051405e-10 -4.7209550604e-13 1.0762305190e-10 1.0708039481e-10 5.7892656674e-15 4.7211530738e-13 -1.0762302097e-10 6.4746749452e-14
d  1.5449881586e-02 1.1850845543e+00 -2.0000000000e-01 1.0375345375e-03 3.0000000000e+02 -1.0321120223e-10 -4.7235925556e-13 1.0375313370e-10 1.0321109133e-10 5.5976459810e-15 4.7238241448e-13 -1.0375346676e-10 6.4398519002e-14
d  1.5450061409e-02 1.1849586781e+00 -2.0000000000e-01 9.9275816959e-04 3.0000000000e+02 -9.8734159740e-11 -4.7233384685e-13 9.9275515937e-11 9.8734048080e-11 5.3671651119e-15 4.7235662882e-13 -9.9275828555e-11 6.3962398661e-14
d  1.5450277197e-02 1.1848076266e+00 -2.0000000000e-01 9.4137823494e-04 3.0000000000e+02 -9.3597248830e-11 -4.7208557470e-13 9.4137820499e-11 9.3597130413e-11 5.0960917433e-15 4.7210559774e-13 -9.4137823691e-11 6.3438773206e-14
d  1.5450536142e-02 1.1846263648e+00 -2.0000000000e-01 8.8302884719e-04 3.0000000000e+02 -8.7764119638e-11 -4.7129653600e-13 8.8302430715e-11 8.7764010203e-11 4.7810382765e-15 4.7131944206e-13 -8.8302898709e-11 6.2806015447e-14
d  1.5450691509e-02 1.1845176078e+00 -2.0000000000e-01 8.4969832727e-04 3.0000000000e+02 -8.4432390834e-11 -4.7040603895e-13 8.4969642235e-11 8.4432276145e-11 4.5984469295e-15 4.7042785353e-13 -8.4969839613e-11 6.2417795344e-14
d  1.5450877950e-02 1.1843870993e+00 -2.0000000000e-01 8.1132004011e-04 3.0000000000e+02 -8.0596401011e-11 -4.6932664993e-13 8.1132019844e-11 8.0596282274e-11 4.3841657428e-15 4.6934650871e-13 -8.1132003558e-11 6.1960678662e-14
d  1.5451101679e-02 1.1842304891e+00 -2.0000000000e-01 7.6753276758e-04 3.0000000000e+02 -7.6220224143e-11 -4.6763442698e-13 7.6753027410e-11 7.6220110109e-11 4.1342855291e-15 4.6765627854e-13 -7.6753284326e-11 6.1406452419e-14
d  1.5451370154e-02 1.1840425569e+00 -2.0000000000e-01 7.1813153615e-04 3.0000000000e+02 -7.1283612287e-11 -4.6499584519e-13 7.1812828777e-11 7.1283499183e-11 3.8452561691e-15 4.6501785327e-13 -7.1813162354e-11 6.0731605990e-14
d  1.5451692323e-02 1.1838170383e+00 -2.0000000000e-01 6.6315770450e-04 3.0000000000e+02 -6.5791025303e-11 -4.6133710057e-13 6.6315443308e-11 6.5790911815e-11 3.5176276432e-15 4.6135878431e-13 -6.6315778233e-11 5.9933897251e-14
d  1.5451885625e-02 1.1836817271e+00 -2.0000000000e-01 6.3230819178e-04 3.0000000000e+02 -6.2709190254e-11 -4.5884061669e-13 6.3230698228e-11 6.2709073676e-11 3.3362200660e-15 4.5886154250e-13 -6.3230822582e-11 5.9469130176e-14
d  1.5452117587e-02 1.1835193536e+00 -2.0000000000e-01 5.9729701606e-04 3.0000000000e+02 -5.9212093263e-11 -4.5565069572e-13 5.9729587672e-11 5.9211976502e-11 3.1246559324e-15 4.5567151244e-13 -5.9729704624e-11 5.8913409741e-14
d  1.5452395942e-02 1.1833245055e+00 -2.0000000000e-01 5.5803367986e-04 3.0000000000e+02 -5.5290924964e-11 -4.5138329202e-13 5.5803058508e-11 5.5290810619e-11 2.8827274318e-15 4.5140513944e-13 -5.5803375124e-11 5.8247302436e-14
d  1.5452729967e-02 1.1830906878e+00 -2.0000000000e-01 5.1462974127e-04 3.0000000000e+02 -5.0957138027e-11 -4.4578507163e-13 5.1462948010e-11 5.0957020026e-11 2.6115641822e-15 4.4580520148e-13 -5.1462974704e-11 5.7460275095e-14
d  1.5452930382e-02 1.1829503972e+00 -2.0000000000e-01 4.9040377479e-04 3.0000000000e+02 -4.8538650306e-11 -4.4234356973e-13 4.9040318146e-11 4.8538532710e-11 2.4650178120e-15 4.4236400798e-13 -4.9040378961e-11 5.7014936704e-14
d  1.5453170881e-02 1.1827820484e+00 -2.0000000000e-01 4.6301942816e-04 3.0000000000e+02 -4.5805336797e-11 -4.3790542248e-13 4.6301885493e-11 4.5805219155e-11 2.2943156179e-15 4.3792581901e-13 -4.6301944163e-11 5.6474082778e-14
d  1.5453459479e-02 1.1825800299e+00 -2.0000000000e-01 4.3244269185e-04 3.0000000000e+02 -4.2754011792e-11 -4.3239417549e-13 4.3244198271e-11 4.2753894258e-11 2.1013047038e-15 4.3241458408e-13 -4.3244270637e-11 5.5838642202e-14
d  1.5453805796e-02 1.1823376076e+00 -2.0000000000e-01 3.9879720225e-04 3.0000000000e+02 -3.9397302897e-11 -4.2550697304e-13 3.9879565155e-11 3.9397186104e-11 1.8884012373e-15 4.2552771735e-13 -3.9879722953e-11 5.5097616945e-14
d  1.5454221377e-02 1.1820467010e+00 -2.0000000000e-01 3.6241262660e-04 3.0000000000e+02 -3.5768486717e-11 -4.1693051837e-13 3.6241168988e-11 3.5768369294e-11 1.6577859600e-15 4.1695089295e-13 -3.6241264106e-11 5.4239546477e-14
d  1.5454470726e-02 1.1818721570e+00 -2.0000000000e-01 3.4248179906e-04 3.0000000000e+02 -3.3781233080e-11 -4.1171753366e-13 3.4248149456e-11 3.3781115148e-11 1.5375457433e-15 4.1173771441e-13 -3.4248180498e-11 5.3755441309e-14
d  1.5454769944e-02 1.1816627042e+00 -2.0000000000e-01 3.2028283532e-04 3.0000000000e+02 -3.1568415435e-11 -4.0537476743e-13 3.2028296489e-11 3.1568297167e-11 1.3995040384e-15 4.0539469540e-13 -3.2028283342e-11 5.3181827535e-14
d  1.5455129006e-02 1.1814113608e+00 -2.0000000000e-01 2.9591498950e-04 3.0000000000e+02 -2.9140168812e-11 -3.9767380843e-13 2.9591467330e-11 2.9140050896e-11 1.2471197396e-15 3.9769395490e-13 -2.9591499450e-11 5.2513848670e-14
d  1.5455559881e-02 1.1811097487e+00 -2.0000000000e-01 2.6961924290e-04 3.0000000000e+02 -2.6520824981e-11 -3.8835063593e-13 2.6961906733e-11 2.6520706982e-11 1.0837057280e-15 3.8837070369e-13 -2.6961924542e-11 5.1744460407e-14
d  1.5456076930e-02 1.1807478143e+00 -2.0000000000e-01 2.4180184223e-04 3.0000000000e+02 -2.3751253450e-11 -3.7723335235e-13 2.4180189438e-11 2.3751135346e-11 9.1290860812e-16 3.7725333557e-13 -2.4180184189e-11 5.0871923137e-14
d  1.5456387160e-02 1.1805306536e+00 -2.0000000000e-01 2.2684201695e-04 3.0000000000e+02 -2.2262447149e-11 -3.7064690320e-13 2.2684191085e-11 2.2262329157e-11 8.2741151399e-16 3.7066695381e-13 -2.2684201863e-11 5.0384166090e-14
d  1.5456759435e-02 1.1802700608e+00 -2.0000000000e-01 2.1041310443e-04 3.0000000000e+02 -2.0628077025e-11 -3.6277524465e-13 2.1041313036e-11 2.0627958985e-11 7.3030130060e-16 3.6279523307e-13 -2.1041310431e-11 4.9810588598e-14
d  1.5457206166e-02 1.1799573495e+00 -2.0000000000e-01 1.9266340474e-04 3.0000000000e+02 -1.8863140836e-11 -3.5352441934e-13 1.9266328456e-11 1.8863022898e-11 6.2554517077e-16 3.5354446409e-13 -1.9266340625e-11 4.9153920570e-14
d  1.5457742243e-02 1.1795820958e+00 -2.0000000000e-01 1.7384528880e-04 3.0000000000e+02 -1.6993039686e-11 -3.4265086230e-13 1.7384546877e-11 1.6992921651e-11 5.1640427604e-16 3.4267080644e-13 -1.7384528728e-11 4.8407872576e-14
d  1.5458385535e-02 1.1791317915e+00 -2.0000000000e-01 1.5432005676e-04 3.0000000000e+02 -1.5054047196e-11 -3.3008290977e-13 1.5431985718e-11 1.5053929357e-11 4.0591441441e-16 3.3010296140e-13 -1.5432005852e-11 4.7574453963e-14
d  1.5459157485e-02 1.1785914262e+00 -2.0000000000e-01 1.3454772376e-04 3.0000000000e+02 -1.3092250420e-11 -3.1565674262e-13 1.3454755590e-11 1.3092132614e-11 2.9733491013e-16 3.1567677883e-13 -1.3454772504e-11 4.6651215983e-14
d  1.5459620656e-02 1.1782672071e+00 -2.0000000000e-01 1.2429292704e-04 3.0000000000e+02 -1.2075578287e-11 -3.0740744596e-13 1.2429314798e-11 1.2075460389e-11 2.4709098264e-16 3.0742737539e-13 -1.2429292527e-11 4.6144708377e-14
d  1.5460176460e-02 1.1778781441e+00 -2.0000000000e-01 1.1333453433e-04 3.0000000000e+02 -1.0989901603e-11 -2.9789291505e-13 1.1333558867e-11 1.0989783503e-11 1.9102927953e-16 2.9791259963e-13 -1.1333452603e-11 4.5563999992e-14
d  1.5460843425e-02 1.1774112686e+00 -2.0000000000e-01 1.0184978975e-04 3.0000000000e+02 -9.8530217429e-12 -2.8704334202e-13 1.0184969253e-11 9.8529040272e-12 1.3299195354e-16 2.8706336627e-13 -1.0184979051e-11 4.4912532165e-14
d  1.5461643784e-02 1.1768510179e+00 -2.0000000000e-01 9.0074251236e-05 3.0000000000e+02 -8.6885340751e-12 -2.7470527273e-13 9.0075100076e-12 8.6884161973e-12 7.5266347448e-17 2.7472509623e-13 -9.0074246444e-12 4.4186391665e-14
d  1.5462604214e-02 1.1761787171e+00 -2.0000000000e-01 7.8290242759e-05 3.0000000000e+02 -7.5246544668e-12 -2.6106943705e-13 7.8290252273e-12 7.5245368470e-12 2.0174253651e-17 2.6108943540e-13 -7.8290242791e-12 4.3399468383e-14
d  1.5463180472e-02 1.1757753366e+00 -2.0000000000e-01 7.2233528721e-05 3.0000000000e+02 -6.9271109930e-12 -2.5337664689e-13 7.2233528983e-12 6.9269934154e-12 -4.7448282719e-18 2.5339664683e-13 -7.2233528791e-12 4.2966083199e-14
d  1.5463871981e-02 1.1752912800e+00 -2.0000000000e-01 6.5800303952e-05 3.0000000000e+02 -6.2930152020e-12 -2.4466758375e-13 6.5800304279e-12 6.2928976728e-12 -3.2358461018e-17 2.4468758368e-13 -6.5800304016e-12 4.2476613569e-14
d  1.5464701793e-02 1.1747104121e+00 -2.0000000000e-01 5.9098223508e-05 3.0000000000e+02 -5.6331618840e-12 -2.3488777534e-13 5.9098226075e-12 5.6330444125e-12 -6.0680532245e-17 2.3490777483e-13 -5.9098223554e-12 4.1931646346e-14
d  1.5465697567e-02 1.1740133707e+00 -2.0000000000e-01 5.2265528376e-05 3.0000000000e+02 -4.9613643211e-12 -2.2403570105e-13 5.2265511944e-12 4.9612469221e-12 -8.8337756666e-17 2.2405570379e-13 -5.2265528497e-12 4.1333352935e-14
d  1.5466892495e-02 1.1731769209e+00 -2.0000000000e-01 4.5462971635e-05 3.0000000000e+02 -4.2936345102e-12 -2.1218204561e-13 4.5462971233e-12 4.2935171925e-12 -1.1449432367e-16 2.1220204566e-13 -4.5462971682e-12 4.0686641723e-14
d  1.5468326410e-02 1.1721731811e+00 -2.0000000000e-01 3.8861143515e-05 3.0000000000e+02 -3.6469051313e-12 -1.9944521695e-13 3.8861144092e-12 3.6467879139e-12 -1.3837253197e-16 1.9946521688e-13 -3.8861143553e-12 3.9998687454e-14
d  1.5470047107e-02 1.1709686935e+00 -2.0000000000e-01 3.2327566205e-05 3.0000000000e+02 -2.9995622225e-12 -1.9375282773e-13 3.2325624643e-12 2.9994452879e-12 -1.5315116264e-16 1.9377301605e-13 -3.2327571011e-12 3.9692869729e-14
d  1.5471079525e-02 1.1702460009e+00 -2.0000000000e-01 2.9393338388e-05 3.0000000000e+02 -2.7224140124e-12 -1.7834781935e-13 2.9393348378e-12 2.7222969869e-12 -1.7328874904e-16 1.7836781792e-13 -2.9393338385e-12 3.8864704484e-14
d  1.5472318427e-02 1.1693787697e+00 -2.0000000000e-01 2.6262723730e-05 3.0000000000e+02 -2.4176630934e-12 -1.7041459557e-13 2.6262732710e-12 2.4175461547e-12 -1.7604744555e-16 1.7043459437e-13 -2.6262723728e-12 3.8456971076e-14
d  1.5473805109e-02 1.1683380924e+00 -2.0000000000e-01 2.3118524967e-05 3.0000000000e+02 -2.1122970230e-12 -1.6183548819e-13 2.3118533041e-12 2.1121801887e-12 -1.8665083160e-16 1.6185548729e-13 -2.3118524969e-12 3.8001274496e-14
d  1.5475589128e-02 1.1670892796e+00 -2.0000000000e-01 2.0029463586e-05 3.0000000000e+02 -1.8130354347e-12 -1.5268097347e-13 2.0029480609e-12 1.8129187248e-12 -1.9498195068e-16 1.5270097189e-13 -2.0029463570e-12 3.7520017591e-14
d  1.5477729951e-02 1.1655907042e+00 -2.0000000000e-01 1.7066952788e-05 3.0000000000e+02 -1.5269053709e-12 -1.4306835895e-13 1.7067317595e-12 1.5267887936e-12 -2.0239351992e-16 1.4308833062e-13 -1.7066952149e-12 3.7016392955e-14
d  1.5480298938e-02 1.1637924137e+00 -2.0000000000e-01 1.4196229109e-05 3.0000000000e+02 -1.2467968616e-12 -1.3647085650e-13 1.4195447707e-12 1.2466805143e-12 -2.0730114349e-16 1.3649090715e-13 -1.4196230290e-12 3.6674707258e-14
d  1.5483381722e-02 1.1616344652e+00 -2.0000000000e-01 1.1640685392e-05 3.0000000000e+02 -1.0026177739e-12 -1.2565089577e-13 1.1640346586e-12 1.0025016218e-12 -2.1406382573e-16 1.2567091408e-13 -1.1640685824e-12 3.6108448497e-14
d  1.5485231393e-02 1.1603396960e+00 -2.0000000000e-01 1.0487195659e-05 3.0000000000e+02 -8.9581016676e-13 -1.1755993476e-13 1.0487221586e-12 8.9569413182e-13 -2.1683774939e-16 1.1757993269e-13 -1.0487195625e-12 3.5684708619e-14
d  1.5487450998e-02 1.1587859731e+00 -2.0000000000e-01 9.2827252365e-06 3.0000000000e+02 -7.8121718782e-13 -1.1196637494e-13 9.2827269272e-13 7.8110130917e-13 -2.1781195367e-16 1.1198637481e-13 -9.2827252431e-13 3.5395669211e-14
d  1.5490114524e-02 1.1569215055e+00 -2.0000000000e-01 8.0947228209e-06 3.0000000000e+02 -6.6862061976e-13 -1.0607822800e-13 8.0947426525e-13 6.6850492703e-13 -2.2009043954e-16 1.0609822677e-13 -8.0947228026e-13 3.5088870807e-14
d  1.5493310755e-02 1.1546841445e+00 -2.0000000000e-01 6.9467787801e-06 3.0000000000e+02 -5.6022107683e-13 -9.9995907032e-14 6.9469098557e-13 5.6010560524e-13 -2.2179750946e-16 1.0001590024e-13 -6.9467786413e-13 3.4772751465e-14
d  1.5497146232e-02 1.1519993112e+00 -2.0000000000e-01 5.8665072526e-06 3.0000000000e+02 -4.5884717096e-13 -9.3677529780e-14 5.8665094903e-13 4.5873197098e-13 -2.2326073465e-16 9.3697529683e-14 -5.8665072564e-13 3.4444247733e-14
d  1.5501748805e-02 1.1487775113e+00 -2.0000000000e-01 4.8454477402e-06 3.0000000000e+02 -3.6225881684e-13 -8.8432208092e-14 4.8452371996e-13 3.6214394257e-13 -2.2417563646e-16 8.8452215684e-14 -4.8454479072e-13 3.4172995080e-14
d  1.5507271892e-02 1.1449113514e+00 -2.0000000000e-01 3.9438116728e-06 3.0000000000e+02 -2.7876269794e-13 -8.2095967967e-14 3.9435241961e-13 2.7864821069e-13 -2.2523157714e-16 8.2115976610e-14 -3.9438118605e-13 3.3843121185e-14
d  1.5510585744e-02 1.1425916554e+00 -2.0000000000e-01 3.5401467759e-06 3.0000000000e+02 -2.4291110456e-13 -7.7801647378e-14 3.5401472289e-13 2.4279684539e-13 -2.2564821607e-16 7.7821647358e-14 -3.5401467790e-13 3.3617742866e-14
d  1.5514562367e-02 1.1398080203e+00 -2.0000000000e-01 3.1192649634e-06 3.0000000000e+02 -2.0436326605e-13 -7.4441193220e-14 3.1192660795e-13 2.0424928523e-13 -2.2565820008e-16 7.4461193174e-14 -3.1192649656e-13 3.3442982433e-14
d  1.5519334314e-02 1.1364676581e+00 -2.0000000000e-01 2.7061190821e-06 3.0000000000e+02 -1.6674833254e-13 -7.0923628399e-14 2.7061196638e-13 1.6663468577e-13 -2.2590855987e-16 7.0943628379e-14 -2.7061190844e-13 3.3259435434e-14
d  1.5525060651e-02 1.1324592235e+00 -2.0000000000e-01 2.3089700089e-06 3.0000000000e+02 -1.3082724765e-13 -6.7317722680e-14 2.3089996435e-13 1.3071400142e-13 -2.2599698813e-16 6.7337721826e-14 -2.3089699938e-13 3.3071250062e-14
d  1.5531932255e-02 1.1276491020e+00 -2.0000000000e-01 1.9364352571e-06 3.0000000000e+02 -9.7436132336e-14 -6.3645969608e-14 1.9364360694e-13 9.7323367418e-14 -2.2597990352e-16 6.3665969589e-14 -1.9364352587e-13 3.2879363880e-14
d  1.5540178180e-02 1.1218769562e+00 -2.0000000000e-01 1.5876293756e-06 3.0000000000e+02 -6.6042392632e-14 -6.0332229181e-14 1.5876093621e-13 6.5930205078e-14 -2.2580610579e-16 6.0352229582e-14 -1.5876293854e-13 3.2706470051e-14
d  1.5550073290e-02 1.1149503812e+00 -2.0000000000e-01 1.2862093333e-06 3.0000000000e+02 -4.0002977022e-14 -5.6435650055e-14 1.2861906906e-13 3.9891482092e-14 -2.2559134840e-16 5.6455650366e-14 -1.2862093409e-13 3.2501685775e-14
d  1.5561947422e-02 1.1066384912e+00 -2.0000000000e-01 1.0135058037e-06 3.0000000000e+02 -1.6106557080e-14 -5.3223892485e-14 1.0134821860e-13 1.5995893343e-14 -2.2512508149e-16 5.3243892814e-14 -1.0135058113e-13 3.2333342704e-14
d  1.5576196380e-02 1.0966642233e+00 -2.0000000000e-01 7.8199482439e-07 3.0000000000e+02 3.6572526302e-15 -5.0008340234e-14 7.8198001627e-14 -3.7669189961e-15 -2.2457203200e-16 5.0028340406e-14 -7.8199482862e-14 3.2164044629e-14
d  1.5593295130e-02 1.0846951017e+00 -2.0000000000e-01 5.8836537933e-07 3.0000000000e+02 1.9815295154e-14 -4.6962344999e-14 5.8835362329e-14 -1.9923764628e-14 -2.2382926668e-16 4.6982345112e-14 -5.8836538219e-14 3.2003158464e-14
d  1.5613813630e-02 1.0703321558e+00 -2.0000000000e-01 4.2848058287e-07 3.0000000000e+02 3.2890659481e-14 -4.4193019701e-14 4.2846926815e-14 -3.2997692669e-14 -2.2289898505e-16 4.4213019792e-14 -4.2848058511e-14 3.1856401458e-14
d  1.5638435830e-02 1.0530966207e+00 -2.0000000000e-01 2.9847628953e-07 3.0000000000e+02 4.3282103602e-14 -4.1712733925e-14 2.9846841198e-14 -4.3387413248e-14 -2.2176052065e-16 4.1732733978e-14 -2.9847629087e-14 3.1724452860e-14
d  1.5667982470e-02 1.0324139787e+00 -2.0000000000e-01 1.9411688828e-07 3.0000000000e+02 5.1415550706e-14 -3.9523683872e-14 1.9409713433e-14 -5.1518792073e-14 -2.2038509563e-16 3.9543683982e-14 -1.9411689064e-14 3.1607466029e-14
d  1.5685710454e-02 1.0200043934e+00 -2.0000000000e-01 1.4898390291e-07 3.0000000000e+02 5.4819041602e-14 -3.8467546605e-14 1.4897721344e-14 -5.4921042028e-14 -2.1955835356e-16 3.8487546660e-14 -1.4898390412e-14 3.1550366947e-14
d  1.5706984034e-02 1.0051128911e+00 -2.0000000000e-01 1.0554587538e-07 3.0000000000e+02 5.8086151959e-14 -3.7444154702e-14 1.0554450282e-14 -5.8186663245e-14 -2.1857193487e-16 3.7464154712e-14 -1.0554587569e-14 3.1495193883e-14
d  1.5714290000e-02 9.9999871667e-01 -2.0000000000e-01 9.2754816503e-08 3.0000000000e+02 5.9042943310e-14 -3.7137943998e-14 9.2759134259e-15 -5.9142943200e-14 -2.1823391535e-16 3.7157943920e-14 -9.2754815098e-15 3.1478525491e-14
d  1.5723057159e-02 9.9386170731e-01 -2.0000000000e-01 7.8680108962e-08 3.0000000000e+02 6.0088729502e-14 -3.6794444997e-14 7.8684267133e-15 -6.0188115690e-14 -2.1783049658e-16 3.6814444920e-14 -7.8680107563e-15 3.1459942492e-14
d  1.5733577749e-02 9.8649729609e-01 -2.0000000000e-01 6.3312239535e-08 3.0000000000e+02 6.1225360356e-14 -3.6413438913e-14 6.3340735621e-15 -6.1324010187e-14 -2.1734752456e-16 3.6433438473e-14 -6.3312231154e-15 3.1439322269e-14
d  1.5746202458e-02 9.7766000262e-01 -2.0000000000e-01 4.6844124539e-08 3.0000000000e+02 6.2428875073e-14 -3.5993441535e-14 4.6844199376e-15 -6.2526641074e-14 -2.1677005305e-16 3.6013441534e-14 -4.6844124568e-15 3.1416542567e-14
d  1.5761352108e-02 9.6705525046e-01 -2.0000000000e-01 2.9391804323e-08 3.0000000000e+02 6.3696092868e-14 -3.5535846175e-14 2.9391871898e-15 -6.3792798393e-14 -2.1608020271e-16 3.5555846174e-14 -2.9391804338e-15 3.1391656168e-14
d  1.5779531688e-02 9.5432954786e-01 -2.0000000000e-01 1.1245569594e-08 3.0000000000e+02 6.5000780196e-14 -3.5050821575e-14 1.1245669221e-15 -6.5096213151e-14 -2.1525699733e-16 3.5070821574e-14 -1.1245569588e-15 3.1365198831e-14
d  1.5801347185e-02 9.3905870475e-01 -2.0000000000e-01 -7.2725168565e-09 3.0000000000e+02 6.6318104671e-14 -3.4541714614e-14 -7.2724331824e-16 -6.6412010541e-14 -2.1427602225e-16 3.4561714614e-14 7.2725168757e-16 3.1337317326e-14
d  1.5827525780e-02 9.2073369301e-01 -2.0000000000e-01 -2.5802666374e-08 3.0000000000e+02 6.7621939121e-14 -3.4018339845e-14 -2.5802534886e-15 -6.7714012491e-14 -2.1310895167e-16 3.4038339844e-14 2.5802666416e-15 3.1308511975e-14
d  1.5858940095e-02 8.9874367893e-01 -2.0000000000e-01 -4.3970880126e-08 3.0000000000e+02 6.8887056584e-14 -3.3492184934e-14 -4.3970726195e-15 -6.8976930952e-14 -2.1172319148e-16 3.3512184934e-14 4.3970880185e-15 3.1279370462e-14
d  1.5896637273e-02 8.7235566203e-01 -2.0000000000e-01 -6.1407957908e-08 3.0000000000e+02 7.0090054980e-14 -3.2976018929e-14 -6.1407644693e-15 -7.0177290546e-14 -2.1008155158e-16 3.2996018927e-14 6.1407957995e-15 3.1250547607e-14
d  1.5941873886e-02 8.4069004175e-01 -2.0000000000e-01 -7.7790716241e-08 3.0000000000e+02 7.1213997242e-14 -3.2484341730e-14 -7.7790104939e-15 -7.1298066247e-14 -2.0814200780e-16 3.2504341728e-14 7.7790716361e-15 3.1222793958e-14
d  1.5996157822e-02 8.0269129741e-01 -2.0000000000e-01 -9.2844131252e-08 3.0000000000e+02 7.2246712336e-14 -3.2031590040e-14 -9.2843867145e-15 -7.2326981466e-14 -2.0585772893e-16 3.2051590040e-14 9.2844131360e-15 3.1196858021e-14
d  1.6061298545e-02 7.5709280421e-01 -2.0000000000e-01 -1.0636437105e-07 3.0000000000e+02 7.3183228553e-14 -3.1632184007e-14 -1.0636429240e-14 -7.3258937834e-14 -2.0317729953e-16 3.1652184007e-14 1.0636437116e-14 3.1173493213e-14
d  1.6139467412e-02 7.0237461236e-01 -2.0000000000e-01 -1.1821872167e-07 3.0000000000e+02 7.4024768206e-14 -3.1299756562e-14 -1.1821870362e-14 -7.4095005667e-14 -2.0004541065e-16 3.1319756562e-14 1.1821872179e-14 3.1153419214e-14
d  1.6233270053e-02 6.3671278215e-01 -2.0000000000e-01 -1.2835707996e-07 3.0000000000e+02 7.4779902719e-14 -3.1046949611e-14 -1.2835707212e-14 -7.4843573997e-14 -1.9640406327e-16 3.1066949611e-14 1.2835708009e-14 3.1137317104e-14
d  1.6345833223e-02 5.5791858589e-01 -2.0000000000e-01 -1.3680323188e-07 3.0000000000e+02 7.5461653036e-14 -3.0883583561e-14 -1.3680407621e-14 -7.5517444895e-14 -1.9219446716e-16 3.0903583562e-14 1.3680323200e-14 3.1125730114e-14
d  1.6480909026e-02 4.6336555038e-01 -2.0000000000e-01 -1.4368809501e-07 3.0000000000e+02 7.6090529203e-14 -3.0816288987e-14 -1.4368904338e-14 -7.6136865757e-14 -1.8735970357e-16 3.0836288988e-14 1.4368809513e-14 3.1119046691e-14
d  1.6642999990e-02 3.4990190777e-01 -2.0000000000e-01 -1.4926215202e-07 3.0000000000e+02 7.6692689727e-14 -3.0845904661e-14 -1.4926108105e-14 -7.6727679918e-14 -1.8184826563e-16 3.0865904660e-14 1.4926215219e-14 3.1117341660e-14
d  1.6837509147e-02 2.1374553664e-01 -2.0000000000e-01 -1.5392806572e-07 3.0000000000e+02 7.7303888724e-14 -3.0967833090e-14 -1.5392808548e-14 -7.7325263278e-14 -1.7561836754e-16 3.0987833090e-14 1.5392806588e-14 3.1120365284e-14
d  1.7070920135e-02 5.0357891283e-02 -2.0000000000e-01 -1.5826699978e-07 3.0000000000e+02 7.7983435950e-14 -3.1182285321e-14 -1.5826732489e-14 -7.7988471739e-14 -1.6864284105e-16 3.1202285321e-14 1.5826699993e-14 3.1128102047e-14
d  1.7142860000e-02 0.0000000000e+00 -2.0000000000e-01 -1.5963352423e-07 3.0000000000e+02 7.8216130540e-14 -3.1267877372e-14 -1.5963093049e-14 -7.8216130541e-14 -1.6659486368e-16 3.1287877367e-14 1.5963352448e-14 3.1131621434e-14
