v ATLAS
# This file was created by ATLAS version 5.32.1.R on Thu Oct  8 05:33:47 2026.
#SSF 2.0 generic
##############################################################################
#                    Copyright (c) 1984 - 2021                               #
#                    Silvaco Inc. All rights reserved                        #
#                                                                            #
# This file format and the following Key are copyright Silvaco Inc.          #
# You may not use, this format or key without reproducing this message in    #
# full and obtaining express written permission from Silvaco Inc.            #
#                                                                            #
# To obtain such permission please contact: Silvaco Inc.                     #
#                                           support@silvaco.com              #
#                                                                            #
# KEY=SVC86hn7562asdx                       PROD=345                         #
##############################################################################
Q 10000 1 "V[1]" 5 1201 7 1
Q 10001 1 "V[2]" 5 1201 7 2
Q 10002 1 "V[3]" 5 1201 7 3
X 1 Vdrain
X 2 Vgate
X 3 Rtap
X 4 Adev_drain
X 5 Adev_source
X 6 Adev_gate
X 7 Adev_tap
X 8 Adev_substrate
p 13 61 10000 10001 10002 82 1301 1302 1303 1304 1305 1306 1307 1308
d  1.0000000000e-09 6.9999996500e-07 0.0000000000e+00 5.5037918835e-08 3.0000000000e+02 -7.7263379642e-14 3.6746443105e-14 5.4974018143e-15 7.7264866911e-14 -1.1648126720e-15 -3.6739902299e-14 -5.5163323230e-15 -3.3838026565e-14
d  2.0000000000e-09 1.3999999300e-06 0.0000000000e+00 9.6058045340e-08 3.0000000000e+02 -7.7749767536e-14 3.4648449749e-14 9.6058568305e-15 7.7749749138e-14 -7.2344038682e-16 -3.4648530039e-14 -9.6056506086e-15 -3.2811146486e-14
d  3.0000000000e-09 2.0999998950e-06 0.0000000000e+00 1.2326849681e-07 3.0000000000e+02 -7.8073325342e-14 3.3185228303e-14 1.2326825069e-14 7.8073333725e-14 -4.2952880832e-16 -3.3185190516e-14 -1.2326922139e-14 -3.2122813896e-14
d  4.2000000000e-09 2.9399998530e-06 0.0000000000e+00 1.4280403102e-07 3.0000000000e+02 -7.8304883619e-14 3.2174322185e-14 1.4280399472e-14 7.8304884413e-14 -2.1859166953e-16 -3.2174317399e-14 -1.4280412291e-14 -3.1631410045e-14
d  5.6400000000e-09 3.9479998026e-06 0.0000000000e+00 1.5493311264e-07 3.0000000000e+02 -7.8448785823e-14 3.1541680401e-14 1.5493302242e-14 7.8448787682e-14 -8.7665861878e-17 -3.1541670490e-14 -1.5493330282e-14 -3.1325965822e-14
d  7.3680000000e-09 5.1575997421e-06 0.0000000000e+00 1.6115272873e-07 3.0000000000e+02 -7.8522657671e-14 3.1217573848e-14 1.6115236748e-14 7.8522664676e-14 -2.0542159647e-17 -3.1217540781e-14 -1.6115336286e-14 -3.1169335705e-14
d  9.4416000000e-09 6.6091196695e-06 0.0000000000e+00 1.6348906223e-07 3.0000000000e+02 -7.8550595983e-14 3.1095926383e-14 1.6348813010e-14 7.8550611492e-14 4.6707154726e-18 -3.1095855282e-14 -1.6349042556e-14 -3.1110518859e-14
d  1.1929920000e-08 8.3509435825e-06 0.0000000000e+00 1.6383641353e-07 3.0000000000e+02 -7.8554912986e-14 3.1077930073e-14 1.6383488399e-14 7.8554934263e-14 8.4239701738e-18 -3.1077832847e-14 -1.6383827773e-14 -3.1101798202e-14
d  1.4915904000e-08 1.0441132278e-05 0.0000000000e+00 1.6352175909e-07 3.0000000000e+02 -7.8551052102e-14 3.1094437618e-14 1.6352042706e-14 7.8551067105e-14 5.0221344518e-18 -3.1094367059e-14 -1.6352311203e-14 -3.1109720419e-14
d  1.8499084800e-08 1.2949358713e-05 0.0000000000e+00 1.6320478834e-07 3.0000000000e+02 -7.8546564152e-14 3.1110233257e-14 1.6320564238e-14 7.8546554283e-14 1.6313884274e-18 -3.1110270958e-14 -1.6320406571e-14 -3.1117620048e-14
d  2.2798901760e-08 1.5959230434e-05 0.0000000000e+00 1.6305500769e-07 3.0000000000e+02 -7.8543481611e-14 3.1116669143e-14 1.6306041269e-14 7.8543434796e-14 6.3099498343e-20 -3.1116867970e-14 -1.6305119588e-14 -3.1121212302e-14
d  2.7958682112e-08 1.9571076500e-05 0.0000000000e+00 1.6300027410e-07 3.0000000000e+02 -7.8535622536e-14 3.1113518540e-14 1.6303240279e-14 7.8535396603e-14 -2.4275393612e-19 -3.1114503452e-14 -1.6298139155e-14 -3.1121652297e-14
d  3.4150418534e-08 2.3905291779e-05 0.0000000000e+00 1.6296128597e-07 3.0000000000e+02 -7.8523339927e-14 3.1102690652e-14 1.6304178235e-14 7.8522870004e-14 -1.4456663069e-19 -3.1104747059e-14 -1.6292186214e-14 -3.1120791784e-14
d  4.1580502241e-08 2.9106350114e-05 0.0000000000e+00 1.6291513029e-07 3.0000000000e+02 -7.8510732246e-14 3.1090310489e-14 1.6305041104e-14 7.8510074712e-14 -5.2333521317e-20 -3.1093190523e-14 -1.6285991850e-14 -3.1119822783e-14
d  5.0496602690e-08 3.5347620115e-05 0.0000000000e+00 1.6288745267e-07 3.0000000000e+02 -7.8505146015e-14 3.1082623353e-14 1.6305277303e-14 7.8504475917e-14 -2.6524078537e-20 -3.1085556359e-14 -1.6283122662e-14 -3.1119253887e-14
d  6.1195923227e-08 4.2837144117e-05 0.0000000000e+00 1.6288012869e-07 3.0000000000e+02 -7.8505096077e-14 3.1081698384e-14 1.6305208917e-14 7.8504514013e-14 -2.3385601708e-20 -3.1084240729e-14 -1.6283139168e-14 -3.1119165957e-14
d  7.4035107873e-08 5.1824572920e-05 0.0000000000e+00 1.6287325523e-07 3.0000000000e+02 -7.8504998040e-14 3.1082884816e-14 1.6305181668e-14 7.8504492891e-14 -3.0544946531e-20 -3.1085084764e-14 -1.6283108203e-14 -3.1119232402e-14
d  8.9442129448e-08 6.2609487483e-05 0.0000000000e+00 1.6286754300e-07 3.0000000000e+02 -7.8504940916e-14 3.1083171161e-14 1.6305199730e-14 7.8504504266e-14 -3.0022380805e-20 -3.1085064955e-14 -1.6283123882e-14 -3.1119231794e-14
d  1.0793055534e-07 7.5551384958e-05 0.0000000000e+00 1.6286263131e-07 3.0000000000e+02 -7.8504893936e-14 3.1083421326e-14 1.6305230547e-14 7.8504517575e-14 -2.9724651629e-20 -3.1085044149e-14 -1.6283152171e-14 -3.1119230829e-14
d  1.3011666640e-07 9.1081661929e-05 0.0000000000e+00 1.6285839793e-07 3.0000000000e+02 -7.8504858759e-14 3.1083622776e-14 1.6305265411e-14 7.8504534887e-14 -2.8499791827e-20 -3.1085007798e-14 -1.6283184700e-14 -3.1119230063e-14
d  1.5673999969e-07 1.0971799429e-04 0.0000000000e+00 1.6285481569e-07 3.0000000000e+02 -7.8504831231e-14 3.1083808518e-14 1.6305306584e-14 7.8504552564e-14 -3.0110934344e-20 -3.1084986435e-14 -1.6283223501e-14 -3.1119229445e-14
d  1.8868799962e-07 1.3208159313e-04 0.0000000000e+00 1.6285183864e-07 3.0000000000e+02 -7.8504816545e-14 3.1083965791e-14 1.6305355250e-14 7.8504576359e-14 -2.9455736301e-20 -3.1084964538e-14 -1.6283269267e-14 -3.1119228627e-14
d  2.2702559955e-07 1.5891791174e-04 0.0000000000e+00 1.6284943430e-07 3.0000000000e+02 -7.8504811887e-14 3.1084070395e-14 1.6305414643e-14 7.8504604036e-14 -2.9210638405e-20 -3.1084915057e-14 -1.6283324218e-14 -3.1119227785e-14
d  2.7303071946e-07 1.9112149406e-04 0.0000000000e+00 1.6284756732e-07 3.0000000000e+02 -7.8504818205e-14 3.1084172353e-14 1.6305485627e-14 7.8504637113e-14 -2.9474459810e-20 -3.1084885098e-14 -1.6283390405e-14 -3.1119226556e-14
d  3.2823686335e-07 2.2976579285e-04 0.0000000000e+00 1.6284620463e-07 3.0000000000e+02 -7.8504836577e-14 3.1084224167e-14 1.6305570748e-14 7.8504677176e-14 -2.9240470603e-20 -3.1084824466e-14 -1.6283469699e-14 -3.1119225232e-14
d  3.9448423602e-07 2.7613895140e-04 0.0000000000e+00 1.6284532644e-07 3.0000000000e+02 -7.8504866744e-14 3.1084264584e-14 1.6305673108e-14 7.8504724411e-14 -2.9655752353e-20 -3.1084769374e-14 -1.6283564971e-14 -3.1119223594e-14
d  4.7398108322e-07 3.3178674166e-04 0.0000000000e+00 1.6284491609e-07 3.0000000000e+02 -7.8504911691e-14 3.1084265226e-14 1.6305794922e-14 7.8504782177e-14 -2.8956189221e-20 -3.1084689125e-14 -1.6283679005e-14 -3.1119221603e-14
d  5.6937729986e-07 3.9856408998e-04 0.0000000000e+00 1.6284497621e-07 3.0000000000e+02 -7.8504971023e-14 3.1084256552e-14 1.6305941072e-14 7.8504850360e-14 -2.9377053344e-20 -3.1084612126e-14 -1.6283815998e-14 -3.1119219272e-14
d  6.8385275984e-07 4.7869690795e-04 0.0000000000e+00 1.6284551593e-07 3.0000000000e+02 -7.8505047767e-14 3.1084207951e-14 1.6306117275e-14 7.8504932174e-14 -2.9474863771e-20 -3.1084505952e-14 -1.6283980338e-14 -3.1119216501e-14
d  8.2122331180e-07 5.7485628952e-04 0.0000000000e+00 1.6284655741e-07 3.0000000000e+02 -7.8505144775e-14 3.1084130676e-14 1.6306327820e-14 7.8505030575e-14 -2.9442259413e-20 -3.1084380236e-14 -1.6284177350e-14 -3.1119213076e-14
d  9.8606797417e-07 6.9024754740e-04 0.0000000000e+00 1.6284813906e-07 3.0000000000e+02 -7.8505264806e-14 3.1084022491e-14 1.6306581046e-14 7.8505148312e-14 -2.9346571174e-20 -3.1084231371e-14 -1.6284413499e-14 -3.1119209020e-14
d  1.1838815690e-06 8.2871705686e-04 0.0000000000e+00 1.6285031742e-07 3.0000000000e+02 -7.8505411659e-14 3.1083875219e-14 1.6306884637e-14 7.8505289074e-14 -2.9349958908e-20 -3.1084049972e-14 -1.6284696757e-14 -3.1119204078e-14
d  1.4212578828e-06 9.9488046822e-04 0.0000000000e+00 1.6285316470e-07 3.0000000000e+02 -7.8505590158e-14 3.1083686087e-14 1.6307248325e-14 7.8505457456e-14 -2.9338986761e-20 -3.1083832240e-14 -1.6285036309e-14 -3.1119198147e-14
d  1.7061094594e-06 1.1942765618e-03 0.0000000000e+00 1.6285677574e-07 3.0000000000e+02 -7.8505806048e-14 3.1083446619e-14 1.6307686264e-14 7.8505658846e-14 -2.9222052620e-20 -3.1083568841e-14 -1.6285443290e-14 -3.1119191068e-14
d  2.0479313512e-06 1.4335518742e-03 0.0000000000e+00 1.6286127010e-07 3.0000000000e+02 -7.8506065849e-14 3.1083153109e-14 1.6308210768e-14 7.8505899270e-14 -2.9341163236e-20 -3.1083255309e-14 -1.6285931111e-14 -3.1119182311e-14
d  2.4581176215e-06 1.7206822490e-03 0.0000000000e+00 1.6308644179e-07 3.0000000000e+02 -7.8547232228e-14 3.1100432164e-14 1.6286679176e-14 7.8547079422e-14 -1.1669479259e-20 -3.1100347460e-14 -1.6308806588e-14 -3.1120322546e-14
d  2.9503411458e-06 2.0652386988e-03 0.0000000000e+00 1.6309176591e-07 3.0000000000e+02 -7.8546302025e-14 3.1142139384e-14 1.6287172095e-14 7.8546111582e-14 -3.5422945049e-20 -3.1142068670e-14 -1.6309312179e-14 -3.1123210805e-14
d  3.5410093749e-06 2.4787064385e-03 0.0000000000e+00 1.6310107665e-07 3.0000000000e+02 -7.8547048933e-14 3.1131243950e-14 1.6288066047e-14 7.8546814485e-14 -2.9406645030e-20 -3.1131184922e-14 -1.6310220848e-14 -3.1122481457e-14
d  4.2498112499e-06 2.9748677262e-03 0.0000000000e+00 1.6311149601e-07 3.0000000000e+02 -7.8547555381e-14 3.1130688538e-14 1.6289073069e-14 7.8547269098e-14 -2.9300659112e-20 -3.1130639270e-14 -1.6311244073e-14 -3.1122467886e-14
d  5.1003734999e-06 3.5702612714e-03 0.0000000000e+00 1.6312388891e-07 3.0000000000e+02 -7.8548156898e-14 3.1130023960e-14 1.6290276311e-14 7.8547809223e-14 -2.9310560959e-20 -3.1129982835e-14 -1.6312467749e-14 -3.1122451634e-14
d  6.1210481999e-06 4.2847335257e-03 0.0000000000e+00 1.6313864682e-07 3.0000000000e+02 -7.8548867928e-14 3.1129226860e-14 1.6291714650e-14 7.8548447260e-14 -2.9332306517e-20 -3.1129192531e-14 -1.6313930513e-14 -3.1122431887e-14
d  7.3458578398e-06 5.1421002308e-03 0.0000000000e+00 1.6315622091e-07 3.0000000000e+02 -7.8549705174e-14 3.1128265909e-14 1.6293433127e-14 7.8549197480e-14 -2.9336349243e-20 -3.1128237250e-14 -1.6315677049e-14 -3.1122407708e-14
d  8.8156294078e-06 6.1709402769e-03 0.0000000000e+00 1.6317807611e-07 3.0000000000e+02 -7.8550859416e-14 3.1127178555e-14 1.6317717469e-14 7.8550242344e-14 -3.4263989225e-20 -3.1127178458e-14 -1.6317807814e-14 -3.1122394516e-14
d  1.0579355289e-05 7.4055483323e-03 0.0000000000e+00 1.6320351546e-07 3.0000000000e+02 -7.8552520588e-14 3.1104906642e-14 1.6320262697e-14 7.8551780051e-14 -2.7579757154e-20 -3.1104906562e-14 -1.6320351715e-14 -3.1120927298e-14
d  1.2695826347e-05 8.8870779987e-03 0.0000000000e+00 1.6323300914e-07 3.0000000000e+02 -7.8553743608e-14 3.1108357456e-14 1.6323206173e-14 7.8552854917e-14 -2.9307451554e-20 -3.1108357385e-14 -1.6323301067e-14 -3.1121235354e-14
d  1.5235591617e-05 1.0664913598e-02 0.0000000000e+00 1.6326828846e-07 3.0000000000e+02 -7.8555308490e-14 3.1106280132e-14 1.6326660178e-14 7.8554242023e-14 -2.9312829416e-20 -3.1106280027e-14 -1.6326829064e-14 -3.1121178388e-14
d  1.8283309940e-05 1.2798316318e-02 0.0000000000e+00 1.6331024074e-07 3.0000000000e+02 -7.8557112776e-14 3.1103816626e-14 1.6330660297e-14 7.8555832987e-14 -2.9304241368e-20 -3.1103816437e-14 -1.6331024452e-14 -3.1121111782e-14
d  2.1940571928e-05 1.5358399582e-02 0.0000000000e+00 1.6336008329e-07 3.0000000000e+02 -7.8559179122e-14 3.1100901339e-14 1.6335130010e-14 7.8557643368e-14 -2.9270559354e-20 -3.1100900959e-14 -1.6336009074e-14 -3.1121034253e-14
d  2.6329286314e-05 1.8430499498e-02 0.0000000000e+00 1.6341930577e-07 3.0000000000e+02 -7.8561533863e-14 3.1097584898e-14 1.6336453410e-14 7.8559691261e-14 -2.8989160861e-20 -3.1097582923e-14 -1.6341934379e-14 -3.1120952450e-14
d  3.1595743576e-05 2.2117019398e-02 0.0000000000e+00 1.6348948869e-07 3.0000000000e+02 -7.8564089419e-14 3.1097184193e-14 1.6348956043e-14 7.8561877716e-14 -2.9772736596e-20 -3.1097184195e-14 -1.6348948882e-14 -3.1121098649e-14
d  3.7915492292e-05 2.6540843277e-02 0.0000000000e+00 1.6357280770e-07 3.0000000000e+02 -7.8567205413e-14 3.1085343707e-14 1.6357278420e-14 7.8564551329e-14 -2.9186467816e-20 -3.1085343706e-14 -1.6357280787e-14 -3.1120500218e-14
d  4.5499190750e-05 3.1849431933e-02 0.0000000000e+00 1.6345740508e-07 3.0000000000e+02 -7.8530994263e-14 3.1062823827e-14 1.6344017828e-14 7.8527809402e-14 -2.8278816323e-20 -3.1062823467e-14 -1.6345741213e-14 -3.1119220714e-14
d  5.4599628900e-05 3.8219738319e-02 0.0000000000e+00 1.6356949846e-07 3.0000000000e+02 -7.8533638318e-14 3.1055569652e-14 1.6355547674e-14 7.8529816400e-14 -2.9639859668e-20 -3.1055569408e-14 -1.6356950330e-14 -3.1119026351e-14
d  6.5520154680e-05 4.5864105983e-02 0.0000000000e+00 1.6370467558e-07 3.0000000000e+02 -7.8536716145e-14 3.1044031990e-14 1.6369355908e-14 7.8532129770e-14 -2.9286583117e-20 -3.1044031829e-14 -1.6370467883e-14 -3.1118595061e-14
d  7.8624785616e-05 5.5037347179e-02 0.0000000000e+00 1.6387347281e-07 3.0000000000e+02 -7.8541179080e-14 3.1030949857e-14 1.6385981405e-14 7.8535675383e-14 -2.9289222363e-20 -3.1030949692e-14 -1.6387347613e-14 -3.1118126672e-14
d  9.4350342739e-05 6.6045236615e-02 0.0000000000e+00 1.6407999365e-07 3.0000000000e+02 -7.8546511691e-14 3.1015414282e-14 1.6406215949e-14 7.8539907208e-14 -2.9288837753e-20 -3.1015414103e-14 -1.6407999725e-14 -3.1117571188e-14
d  1.1322101129e-04 7.9254703938e-02 0.0000000000e+00 1.6455660734e-07 3.0000000000e+02 -7.8593573488e-14 3.1013405488e-14 1.6455654843e-14 7.8585648017e-14 -2.9753450026e-20 -3.1013405487e-14 -1.6455660751e-14 -3.1118014547e-14
d  1.3586581354e-04 9.5106064726e-02 0.0000000000e+00 1.6487895175e-07 3.0000000000e+02 -7.8602096301e-14 3.0987279331e-14 1.6487684435e-14 7.8592585698e-14 -2.9167957019e-20 -3.0987279316e-14 -1.6487895219e-14 -3.1116940420e-14
d  1.6303957625e-04 1.1412769767e-01 0.0000000000e+00 1.6529287698e-07 3.0000000000e+02 -7.8613730164e-14 3.0957462716e-14 1.6529009094e-14 7.8602317398e-14 -2.9340239877e-20 -3.0957462699e-14 -1.6529287746e-14 -3.1115747980e-14
d  1.9564809150e-04 1.3695365721e-01 0.0000000000e+00 1.6564309780e-07 3.0000000000e+02 -7.8595186393e-14 3.0904232433e-14 1.6563847131e-14 7.8581491032e-14 -2.9130204499e-20 -3.0904232410e-14 -1.6564309840e-14 -3.1113145794e-14
d  2.3477830980e-04 1.6434480865e-01 0.0000000000e+00 1.6635039307e-07 3.0000000000e+02 -7.8615416916e-14 3.0853410981e-14 1.6634717684e-14 7.8598982438e-14 -2.9400337133e-20 -3.0853410968e-14 -1.6635039348e-14 -3.1110890263e-14
d  2.8173457177e-04 1.9721419038e-01 0.0000000000e+00 1.6740021603e-07 3.0000000000e+02 -7.8658665325e-14 3.0791010436e-14 1.6739942616e-14 7.8638943907e-14 -2.9422810230e-20 -3.0791010433e-14 -1.6740021624e-14 -3.1108080977e-14
d  3.3808208612e-04 2.3665744845e-01 0.0000000000e+00 1.6897239837e-07 3.0000000000e+02 -7.8735508217e-14 3.0710245324e-14 1.6897125845e-14 7.8711842473e-14 -2.9501650697e-20 -3.0710245321e-14 -1.6897239860e-14 -3.1104319740e-14
d  4.0569910334e-04 2.8398935814e-01 0.0000000000e+00 1.7141971672e-07 3.0000000000e+02 -7.8870199777e-14 3.0600871662e-14 1.7141703486e-14 7.8841800842e-14 -2.9628698938e-20 -3.0600871655e-14 -1.7141971702e-14 -3.1099007094e-14
d  4.8683952401e-04 3.4078764977e-01 0.0000000000e+00 1.7544822007e-07 3.0000000000e+02 -7.9115192521e-14 3.0445352209e-14 1.7544886711e-14 7.9081113755e-14 -2.9846188086e-20 -3.0445352210e-14 -1.7544822023e-14 -3.1091116185e-14
d  5.8420802881e-04 4.0894559972e-01 0.0000000000e+00 1.8243977400e-07 3.0000000000e+02 -7.9570568667e-14 3.0207044709e-14 1.8243915955e-14 7.9529674107e-14 -3.0194248364e-20 -3.0207044708e-14 -1.8243977420e-14 -3.1078482618e-14
d  7.0105023458e-04 4.9073513967e-01 0.0000000000e+00 1.9542929561e-07 3.0000000000e+02 -8.0476635591e-14 2.9826888200e-14 1.9542824172e-14 8.0427562077e-14 -3.0843232421e-20 -2.9826888198e-14 -1.9542929583e-14 -3.1057708180e-14
d  7.6924002473e-04 5.3846799039e-01 0.0000000000e+00 2.0622555501e-07 3.0000000000e+02 -8.1268496583e-14 2.9549473953e-14 2.0622658183e-14 8.1214649784e-14 -3.1461350358e-20 -2.9549473955e-14 -2.0622555517e-14 -3.1042461276e-14
d  8.5106777292e-04 5.9574741126e-01 0.0000000000e+00 2.2324692798e-07 3.0000000000e+02 -8.2553917034e-14 2.9149174476e-14 2.2324479691e-14 8.2494342294e-14 -3.2328086863e-20 -2.9149174472e-14 -2.2324692829e-14 -3.1020211592e-14
d  9.4926107074e-04 6.6448271630e-01 0.0000000000e+00 2.5080213570e-07 3.0000000000e+02 -8.4713239115e-14 2.8578094559e-14 2.5079768952e-14 8.4646790845e-14 -3.3588689663e-20 -2.8578094552e-14 -2.5080213609e-14 -3.0988420513e-14
d  1.0081770494e-03 7.0572389932e-01 0.0000000000e+00 2.7171139555e-07 3.0000000000e+02 -8.6411192606e-14 2.8201436305e-14 2.7170905753e-14 8.6340620218e-14 -3.4577249609e-20 -2.8201436299e-14 -2.7171139593e-14 -3.0967716846e-14
d  1.0788762239e-03 7.5521331895e-01 0.0000000000e+00 3.0138213589e-07 3.0000000000e+02 -8.8868831507e-14 2.7713914141e-14 3.0137604336e-14 8.8793310180e-14 -3.5708458492e-20 -2.7713914127e-14 -3.0138213647e-14 -3.0940917507e-14
d  1.1000859762e-03 7.7006014484e-01 0.0000000000e+00 3.1190771661e-07 3.0000000000e+02 -8.9807517217e-14 2.7603688994e-14 3.1190708896e-14 8.9730511203e-14 -3.6964372429e-20 -2.7603688990e-14 -3.1190771699e-14 -3.0935233328e-14
d  1.1255376790e-03 7.8787633590e-01 0.0000000000e+00 3.2457689713e-07 3.0000000000e+02 -9.0889191594e-14 2.7427175703e-14 3.2457269074e-14 9.0810403967e-14 -3.6474847953e-20 -2.7427175676e-14 -3.2457689797e-14 -3.0925646287e-14
d  1.1408087007e-03 7.9856605054e-01 0.0000000000e+00 3.3335340191e-07 3.0000000000e+02 -9.1711174740e-14 2.7373048111e-14 3.3335342700e-14 9.1631318135e-14 -3.8780295863e-20 -2.7373048111e-14 -3.3335340224e-14 -3.0923070278e-14
d  1.1591339267e-03 8.1139370811e-01 0.0000000000e+00 3.4329648873e-07 3.0000000000e+02 -9.2571633523e-14 2.7244702738e-14 3.4328779492e-14 9.2490494171e-14 -3.7031749441e-20 -2.7244702662e-14 -3.4329649054e-14 -3.0916118701e-14
d  1.1701290623e-03 8.1909030265e-01 0.0000000000e+00 3.4843391687e-07 3.0000000000e+02 -9.2938785752e-14 2.7106303252e-14 3.4842105364e-14 9.2856876761e-14 -3.5038629424e-20 -2.7106303084e-14 -3.4843392042e-14 -3.0908233527e-14
d  1.1833232250e-03 8.2832621610e-01 0.0000000000e+00 3.5697558791e-07 3.0000000000e+02 -9.3770338237e-14 2.7083566746e-14 3.5697564428e-14 9.3687505616e-14 -4.1698750364e-20 -2.7083566747e-14 -3.5697558826e-14 -3.0907500090e-14
d  1.1991562203e-03 8.3940931224e-01 0.0000000000e+00 3.6628822899e-07 3.0000000000e+02 -9.4589869760e-14 2.6975019557e-14 3.6628849094e-14 9.4505928828e-14 -3.7590906300e-20 -2.6975019560e-14 -3.6628822930e-14 -3.0901669172e-14
d  1.2086560175e-03 8.4605916992e-01 0.0000000000e+00 3.7200256681e-07 3.0000000000e+02 -9.5094716723e-14 2.6911594101e-14 3.7200247841e-14 9.5010110806e-14 -3.8654799315e-20 -2.6911594100e-14 -3.7200256721e-14 -3.0898290671e-14
d  1.2200557741e-03 8.5403899914e-01 0.0000000000e+00 3.7774336235e-07 3.0000000000e+02 -9.5507811750e-14 2.6758504890e-14 3.7773783317e-14 9.5422407869e-14 -3.5136785822e-20 -2.6758504812e-14 -3.7774336422e-14 -3.0889573508e-14
d  1.2337354820e-03 8.6361479421e-01 0.0000000000e+00 3.8744598967e-07 3.0000000000e+02 -9.6467452276e-14 2.6747667304e-14 3.8744810323e-14 9.6381090790e-14 -4.3191336679e-20 -2.6747667329e-14 -3.8744598958e-14 -3.0889609934e-14
d  1.2501511315e-03 8.7510574828e-01 0.0000000000e+00 3.9791738791e-07 3.0000000000e+02 -9.7401785518e-14 2.6638330491e-14 3.9791719488e-14 9.7314274943e-14 -3.8420092340e-20 -2.6638330489e-14 -3.9791738834e-14 -3.0883801858e-14
d  1.2698499109e-03 8.8889489317e-01 0.0000000000e+00 4.1090538689e-07 3.0000000000e+02 -9.8572270961e-14 2.6515569861e-14 4.1090558046e-14 9.8483381471e-14 -3.9955619345e-20 -2.6515569863e-14 -4.1090538727e-14 -3.0877374222e-14
d  1.2816691785e-03 8.9716838011e-01 0.0000000000e+00 4.1886084333e-07 3.0000000000e+02 -9.9291360748e-14 2.6441988449e-14 4.1886399467e-14 9.9201643901e-14 -4.0125071377e-20 -2.6441988487e-14 -4.1886084302e-14 -3.0873532139e-14
d  1.2958522997e-03 9.0709656443e-01 0.0000000000e+00 4.2859227842e-07 3.0000000000e+02 -1.0017504749e-13 2.6355762357e-14 4.2858763449e-14 1.0008433785e-13 -4.0425567684e-20 -2.6355762305e-14 -4.2859227987e-14 -3.0869051432e-14
d  1.3043621724e-03 9.1305347503e-01 0.0000000000e+00 4.3450801229e-07 3.0000000000e+02 -1.0071315613e-13 2.6305254650e-14 4.3450780472e-14 1.0062185079e-13 -4.0579000058e-20 -2.6305254647e-14 -4.3450801280e-14 -3.0866441906e-14
d  1.3145740196e-03 9.2020176774e-01 0.0000000000e+00 4.4171040484e-07 3.0000000000e+02 -1.0137134002e-13 2.6244795104e-14 4.4170899863e-14 1.0127931985e-13 -4.0826263143e-20 -2.6244795082e-14 -4.4171040570e-14 -3.0863321578e-14
d  1.3268282363e-03 9.2877971899e-01 0.0000000000e+00 4.5046142362e-07 3.0000000000e+02 -1.0217242177e-13 2.6173860585e-14 4.5046230755e-14 1.0207954380e-13 -4.1042106902e-20 -2.6173860597e-14 -4.5046142385e-14 -3.0859678704e-14
d  1.3415332964e-03 9.3907326050e-01 0.0000000000e+00 4.6114756835e-07 3.0000000000e+02 -1.0315525515e-13 2.6091017841e-14 4.6115049908e-14 1.0306134782e-13 -4.1380842729e-20 -2.6091017873e-14 -4.6114756819e-14 -3.0855450862e-14
d  1.3503563324e-03 9.4524938540e-01 0.0000000000e+00 4.6765767598e-07 3.0000000000e+02 -1.0375674024e-13 2.6043078739e-14 4.6765626452e-14 1.0366221531e-13 -4.1563734747e-20 -2.6043078716e-14 -4.6765767689e-14 -3.0853024819e-14
d  1.3609439756e-03 9.5266073528e-01 0.0000000000e+00 4.7553946130e-07 3.0000000000e+02 -1.0448546532e-13 2.5986385952e-14 4.7553957507e-14 1.0439019925e-13 -4.1753704420e-20 -2.5986385954e-14 -4.7553946174e-14 -3.0850165283e-14
d  1.3736491475e-03 9.6155435514e-01 0.0000000000e+00 4.8513439394e-07 3.0000000000e+02 -1.0537635920e-13 2.5919837320e-14 4.8513439024e-14 1.0528020376e-13 -4.2067180297e-20 -2.5919837320e-14 -4.8513439442e-14 -3.0846826410e-14
d  1.3888953537e-03 9.7222669898e-01 0.0000000000e+00 4.9679561493e-07 3.0000000000e+02 -1.0646116896e-13 2.5841486858e-14 4.9678849178e-14 1.0636394631e-13 -4.2317258961e-20 -2.5841486782e-14 -4.9679561690e-14 -3.0842915080e-14
d  1.3980430774e-03 9.7863010528e-01 0.0000000000e+00 5.0392928417e-07 3.0000000000e+02 -1.0713041491e-13 2.5799625048e-14 5.0392947326e-14 1.0703255190e-13 -4.2724737491e-20 -2.5799625051e-14 -5.0392928461e-14 -3.0840881075e-14
d  1.4090203459e-03 9.8631419284e-01 0.0000000000e+00 5.0996203897e-07 3.0000000000e+02 -1.0751952175e-13 2.5595155347e-14 5.0998949074e-14 1.0742089023e-13 -3.4815173764e-20 -2.5595155750e-14 -5.0996203170e-14 -3.0829185877e-14
d  1.4221930681e-03 9.9553509791e-01 0.0000000000e+00 5.2272490984e-07 3.0000000000e+02 -1.0889834183e-13 2.5689491115e-14 5.2272541002e-14 1.0879878832e-13 -5.1456784485e-20 -2.5689491121e-14 -5.2272491025e-14 -3.0835560219e-14
d  1.4300967014e-03 1.0010676409e+00 0.0000000000e+00 5.2906937111e-07 3.0000000000e+02 -1.0949731533e-13 2.5656422873e-14 5.2906855940e-14 1.0939720857e-13 -4.1940342352e-20 -2.5656422859e-14 -5.2906937192e-14 -3.0833970627e-14
d  1.4395810614e-03 1.0077066926e+00 0.0000000000e+00 5.3674572601e-07 3.0000000000e+02 -1.1022271680e-13 2.5615516132e-14 5.3674583259e-14 1.1012194613e-13 -4.3543501774e-20 -2.5615516134e-14 -5.3674572651e-14 -3.0832018206e-14
d  1.4509622934e-03 1.0156735546e+00 0.0000000000e+00 5.4308821822e-07 3.0000000000e+02 -1.1062688177e-13 2.5396892098e-14 5.4311171496e-14 1.1052531432e-13 -3.4945505969e-20 -2.5396892431e-14 -5.4308821232e-14 -3.0819520312e-14
d  1.4646197717e-03 1.0252337890e+00 0.0000000000e+00 5.5701011433e-07 3.0000000000e+02 -1.1215013269e-13 2.5518326315e-14 5.5701019770e-14 1.1204760931e-13 -5.3345184431e-20 -2.5518326316e-14 -5.5701011487e-14 -3.0827533412e-14
d  1.4728142588e-03 1.0309699296e+00 0.0000000000e+00 5.6386250461e-07 3.0000000000e+02 -1.1280361758e-13 2.5488210038e-14 5.6382391244e-14 1.1270052076e-13 -4.2692555799e-20 -2.5488209364e-14 -5.6386251820e-14 -3.0826135939e-14
d  1.4826476432e-03 1.0378532983e+00 0.0000000000e+00 5.7217133791e-07 3.0000000000e+02 -1.1359769394e-13 2.5455338497e-14 5.7217356813e-14 1.1349390860e-13 -4.4839512726e-20 -2.5455338534e-14 -5.7217133778e-14 -3.0824686459e-14
d  1.4944477045e-03 1.0461133408e+00 0.0000000000e+00 5.7881598717e-07 3.0000000000e+02 -1.1401425107e-13 2.5216072802e-14 5.7881924072e-14 1.1390963973e-13 -3.4923284881e-20 -2.5216072846e-14 -5.7881598689e-14 -3.0810998216e-14
d  1.5015277413e-03 1.0510693663e+00 0.0000000000e+00 5.8797012391e-07 3.0000000000e+02 -1.1511672926e-13 2.5394030656e-14 5.8796935024e-14 1.1501162233e-13 -5.9993569754e-20 -2.5394030640e-14 -5.8797012480e-14 -3.0822040150e-14
d  1.5100237854e-03 1.0570165969e+00 0.0000000000e+00 5.9531739671e-07 3.0000000000e+02 -1.1582241883e-13 2.5363987294e-14 5.9529698844e-14 1.1571671727e-13 -4.0216827086e-20 -2.5363986908e-14 -5.9531740476e-14 -3.0820645874e-14
d  1.5202190384e-03 1.0641532737e+00 0.0000000000e+00 6.0426219155e-07 3.0000000000e+02 -1.1668551637e-13 2.5334997093e-14 6.0426461381e-14 1.1657910103e-13 -4.5848789429e-20 -2.5334997131e-14 -6.0426219142e-14 -3.0819454321e-14
d  1.5324533420e-03 1.0727172857e+00 0.0000000000e+00 6.1508558069e-07 3.0000000000e+02 -1.1772994023e-13 2.5295793055e-14 6.1508538488e-14 1.1762266850e-13 -4.5945448845e-20 -2.5295793053e-14 -6.1508558135e-14 -3.0817747532e-14
d  1.5471345062e-03 1.0829941002e+00 0.0000000000e+00 6.2584630696e-07 3.0000000000e+02 -1.1862674998e-13 2.5125644326e-14 6.2584031582e-14 1.1851845058e-13 -4.0776369990e-20 -2.5125644261e-14 -6.2584630888e-14 -3.0808358567e-14
d  1.5647519034e-03 1.0953262776e+00 0.0000000000e+00 6.3957484446e-07 3.0000000000e+02 -1.1986110101e-13 2.4992416873e-14 6.3956425043e-14 1.1975156841e-13 -4.4042013950e-20 -2.4992416776e-14 -6.3957484702e-14 -3.0801349593e-14
d  1.5858927799e-03 1.1101248904e+00 0.0000000000e+00 6.5775043018e-07 3.0000000000e+02 -1.2162788810e-13 2.4941802337e-14 6.5774895175e-14 1.2151687561e-13 -4.6403148908e-20 -2.4941802326e-14 -6.5775043106e-14 -3.0799442530e-14
d  1.5985773059e-03 1.1190040582e+00 0.0000000000e+00 6.7074185118e-07 3.0000000000e+02 -1.2301179035e-13 2.5018834728e-14 6.7073533286e-14 1.2289988996e-13 -5.0642539100e-20 -2.5018834655e-14 -6.7074185330e-14 -3.0804685075e-14
d  1.6061880214e-03 1.1243315588e+00 0.0000000000e+00 6.8041427121e-07 3.0000000000e+02 -1.2412986908e-13 2.5162392069e-14 6.8041464377e-14 1.2401743593e-13 -5.7050489015e-20 -2.5162392076e-14 -6.8041427175e-14 -3.0813615833e-14
d  1.6153208801e-03 1.1307245595e+00 0.0000000000e+00 6.8925476702e-07 3.0000000000e+02 -1.2499921390e-13 2.5147635879e-14 6.8926004884e-14 1.2488614142e-13 -4.5289846013e-20 -2.5147635972e-14 -6.8925476590e-14 -3.0813173410e-14
d  1.6262803105e-03 1.1383961604e+00 0.0000000000e+00 6.9999612919e-07 3.0000000000e+02 -1.2605590830e-13 2.5129447118e-14 6.9999559531e-14 1.2594206869e-13 -4.9329613494e-20 -2.5129447110e-14 -6.9999613004e-14 -3.0812650856e-14
d  1.6394316270e-03 1.1476020815e+00 0.0000000000e+00 7.0999898986e-07 3.0000000000e+02 -1.2686507498e-13 2.4948163738e-14 7.0997626629e-14 1.2675031486e-13 -4.1804528517e-20 -2.4948163460e-14 -7.0999899606e-14 -3.0802533352e-14
d  1.6552132068e-03 1.1586491868e+00 0.0000000000e+00 7.2207700024e-07 3.0000000000e+02 -1.2788905300e-13 2.4773197944e-14 7.2210570400e-14 1.2777318799e-13 -4.4543842046e-20 -2.4773198237e-14 -7.2207699513e-14 -3.0792956379e-14
d  1.6741511025e-03 1.1719057132e+00 0.0000000000e+00 7.4049799819e-07 3.0000000000e+02 -1.2976422178e-13 2.4801913231e-14 7.4047880191e-14 1.2964703127e-13 -5.1448248312e-20 -2.4801913067e-14 -7.4049800223e-14 -3.0795633072e-14
d  1.6855138400e-03 1.1798596290e+00 0.0000000000e+00 7.5366714885e-07 3.0000000000e+02 -1.3120789780e-13 2.4918828348e-14 7.5363917863e-14 1.3108991194e-13 -5.5101673113e-20 -2.4918827996e-14 -7.5366715657e-14 -3.0803139058e-14
d  1.6991491249e-03 1.1894043280e+00 0.0000000000e+00 7.6736548472e-07 3.0000000000e+02 -1.3257215606e-13 2.4914579857e-14 7.6735730705e-14 1.3245321566e-13 -4.8882465479e-20 -2.4914579760e-14 -7.6736548740e-14 -3.0803548491e-14
d  1.7155114668e-03 1.2008579667e+00 0.0000000000e+00 7.8157044115e-07 3.0000000000e+02 -1.3385445236e-13 2.4780194948e-14 7.8155321070e-14 1.3373436662e-13 -4.6113570375e-20 -2.4780194778e-14 -7.8157044534e-14 -3.0796390180e-14
d  1.7351462771e-03 1.2146023333e+00 0.0000000000e+00 8.0121201583e-07 3.0000000000e+02 -1.3581533201e-13 2.4774828525e-14 8.0118991524e-14 1.3569387184e-13 -5.2432145978e-20 -2.4774828343e-14 -8.0121202033e-14 -3.0797052886e-14
d  1.7587080495e-03 1.2310955731e+00 0.0000000000e+00 8.2416124031e-07 3.0000000000e+02 -1.3805859704e-13 2.4723305841e-14 8.2413592938e-14 1.3793548755e-13 -5.0387026915e-20 -2.4723305667e-14 -8.2416124472e-14 -3.0795151608e-14
d  1.7728451129e-03 1.2409915170e+00 0.0000000000e+00 8.4025743219e-07 3.0000000000e+02 -1.3975526043e-13 2.4802119081e-14 8.4024511089e-14 1.3963116132e-13 -5.6007114304e-20 -2.4802118956e-14 -8.4025743554e-14 -3.0800505205e-14
d  1.7898095890e-03 1.2528666497e+00 0.0000000000e+00 8.5854984224e-07 3.0000000000e+02 -1.4159502941e-13 2.4812198189e-14 8.5852946989e-14 1.4146974281e-13 -5.3053273559e-20 -2.4812197996e-14 -8.5854984701e-14 -3.0801907324e-14
d  1.8101669604e-03 1.2671168089e+00 0.0000000000e+00 8.8097106788e-07 3.0000000000e+02 -1.4384685146e-13 2.4818890312e-14 8.8092184609e-14 1.4372013993e-13 -5.4960887426e-20 -2.4818889921e-14 -8.8097107679e-14 -3.0803271853e-14
d  1.8345958060e-03 1.2842170000e+00 0.0000000000e+00 9.0735920250e-07 3.0000000000e+02 -1.4644205833e-13 2.4775813744e-14 9.0731592797e-14 1.4631363675e-13 -5.4515250323e-20 -2.4775813458e-14 -9.0735920942e-14 -3.0801875844e-14
d  1.8492531133e-03 1.2944771146e+00 0.0000000000e+00 9.2638158974e-07 3.0000000000e+02 -1.4846972743e-13 2.4889668969e-14 9.2635983788e-14 1.4834027979e-13 -6.1752092226e-20 -2.4889668757e-14 -9.2638159499e-14 -3.0809286530e-14
d  1.8668418821e-03 1.3067892522e+00 0.0000000000e+00 9.4804924202e-07 3.0000000000e+02 -1.5066788629e-13 2.4919735952e-14 9.4802398336e-14 1.5053720745e-13 -5.8301266781e-20 -2.4919735720e-14 -9.4804924771e-14 -3.0811860577e-14
d  1.8721185128e-03 1.3104828934e+00 0.0000000000e+00 9.6352349987e-07 3.0000000000e+02 -1.5272886894e-13 2.5401079380e-14 9.6351178963e-14 1.5259782073e-13 -1.0483644122e-19 -2.5401079096e-14 -9.6352350637e-14 -3.0840564286e-14
d  1.8784504696e-03 1.3149152630e+00 0.0000000000e+00 9.7304631654e-07 3.0000000000e+02 -1.5369234137e-13 2.5417515613e-14 9.7311062244e-14 1.5356084940e-13 -5.0276340928e-20 -2.5417517243e-14 -9.7304628574e-14 -3.0841698777e-14
d  1.8860488177e-03 1.3202341064e+00 0.0000000000e+00 9.8477684018e-07 3.0000000000e+02 -1.5488408792e-13 2.5427177112e-14 9.8477711483e-14 1.5475206450e-13 -6.7582191961e-20 -2.5427177118e-14 -9.8477684105e-14 -3.0842632799e-14
d  1.8951668355e-03 1.3266167185e+00 0.0000000000e+00 9.9908926298e-07 3.0000000000e+02 -1.5633433267e-13 2.5449359048e-14 9.9908948102e-14 1.5620167100e-13 -6.8819004740e-20 -2.5449359052e-14 -9.9908926390e-14 -3.0844337394e-14
d  1.9061084568e-03 1.3342758530e+00 0.0000000000e+00 1.0112200261e-06 3.0000000000e+02 -1.5728739257e-13 2.5201721503e-14 1.0112091511e-13 1.5715396504e-13 -5.3033953605e-20 -2.5201721343e-14 -1.0112200303e-13 -3.0830195804e-14
d  1.9192384023e-03 1.3434668145e+00 0.0000000000e+00 1.0285664208e-06 3.0000000000e+02 -1.5892357006e-13 2.5106771884e-14 1.0285179998e-13 1.5878922359e-13 -6.5430467602e-20 -2.5106771291e-14 -1.0285664338e-13 -3.0825208608e-14
d  1.9271163697e-03 1.3489813913e+00 0.0000000000e+00 1.0483219574e-06 3.0000000000e+02 -1.6135499516e-13 2.5538026298e-14 1.0483222358e-13 1.6122009702e-13 -9.9138081170e-20 -2.5538026304e-14 -1.0483219583e-13 -3.0851000732e-14
d  1.9365699305e-03 1.3555988836e+00 0.0000000000e+00 1.0588167939e-06 3.0000000000e+02 -1.6212687754e-13 2.5273496413e-14 1.0588060404e-13 1.6199131771e-13 -4.3324927607e-20 -2.5273496230e-14 -1.0588167986e-13 -3.0835723018e-14
d  1.9422420670e-03 1.3595693789e+00 0.0000000000e+00 1.0734268472e-06 3.0000000000e+02 -1.6391162431e-13 2.5578163011e-14 1.0734045472e-13 1.6377566752e-13 -1.0316544344e-19 -2.5578162450e-14 -1.0734268592e-13 -3.0854008941e-14
d  1.9490486308e-03 1.3643339733e+00 0.0000000000e+00 1.0856022561e-06 3.0000000000e+02 -1.6515162433e-13 2.5601667416e-14 1.0855545205e-13 1.6501519126e-13 -6.6027425450e-20 -2.5601666291e-14 -1.0856022793e-13 -3.0855598722e-14
d  1.9572165073e-03 1.3700514866e+00 0.0000000000e+00 1.1005007880e-06 3.0000000000e+02 -1.6666660696e-13 2.5624861914e-14 1.1005013061e-13 1.6652960180e-13 -7.6972372838e-20 -2.5624861924e-14 -1.1005007889e-13 -3.0857323898e-14
d  1.9670179592e-03 1.3769125026e+00 0.0000000000e+00 1.1125293867e-06 3.0000000000e+02 -1.6757409137e-13 2.5341562849e-14 1.1125178911e-13 1.6743640018e-13 -5.6343134936e-20 -2.5341562661e-14 -1.1125293916e-13 -3.0841037574e-14
d  1.9787797014e-03 1.3851457217e+00 0.0000000000e+00 1.1320786211e-06 3.0000000000e+02 -1.6951438408e-13 2.5326624129e-14 1.1320571102e-13 1.6937586961e-13 -7.7948189195e-20 -2.5326623835e-14 -1.1320786282e-13 -3.0840701238e-14
d  1.9858367467e-03 1.3900856532e+00 0.0000000000e+00 1.1519247698e-06 3.0000000000e+02 -1.7192367402e-13 2.5726997417e-14 1.1518844457e-13 1.7178466570e-13 -1.0764361278e-19 -2.5726996602e-14 -1.1519247871e-13 -3.0864574688e-14
d  1.9900709739e-03 1.3930496121e+00 0.0000000000e+00 1.1603709190e-06 3.0000000000e+02 -1.7278331185e-13 2.5745779433e-14 1.1603707315e-13 1.7264400689e-13 -7.5276242568e-20 -2.5745779427e-14 -1.1603709203e-13 -3.0865780632e-14
d  1.9951520466e-03 1.3966063628e+00 0.0000000000e+00 1.1706808880e-06 3.0000000000e+02 -1.7383350556e-13 2.5757629760e-14 1.1706786819e-13 1.7369384494e-13 -8.2741219617e-20 -2.5757629690e-14 -1.1706808905e-13 -3.0866695707e-14
d  2.0012493337e-03 1.4008744636e+00 0.0000000000e+00 1.1832127954e-06 3.0000000000e+02 -1.7510692682e-13 2.5777668586e-14 1.1831827031e-13 1.7496683960e-13 -8.3484694945e-20 -2.5777667795e-14 -1.1832128121e-13 -3.0868118415e-14
d  2.0085660783e-03 1.4059961845e+00 0.0000000000e+00 1.1986542695e-06 3.0000000000e+02 -1.7668256492e-13 2.5808576487e-14 1.1986189548e-13 1.7654196554e-13 -8.5553888323e-20 -2.5808575713e-14 -1.1986542861e-13 -3.0870229097e-14
d  2.0173461719e-03 1.4121422497e+00 0.0000000000e+00 1.2103879103e-06 3.0000000000e+02 -1.7751976207e-13 2.5489602818e-14 1.2103805634e-13 1.7737854789e-13 -5.9235889291e-20 -2.5489602684e-14 -1.2103879142e-13 -3.0851809386e-14
d  2.0278822841e-03 1.4195175279e+00 0.0000000000e+00 1.2313183382e-06 3.0000000000e+02 -1.7964797456e-13 2.5518560864e-14 1.2312929625e-13 1.7950602294e-13 -8.9770499600e-20 -2.5518560477e-14 -1.2313183473e-13 -3.0854000856e-14
d  2.0342039514e-03 1.4239426948e+00 0.0000000000e+00 1.2516189510e-06 3.0000000000e+02 -1.8210466979e-13 2.5922117132e-14 1.2516195601e-13 1.8196227551e-13 -1.1945540694e-19 -2.5922117146e-14 -1.2516189520e-13 -3.0877982880e-14
d  2.0417899522e-03 1.4292528951e+00 0.0000000000e+00 1.2691014048e-06 3.0000000000e+02 -1.8388753445e-13 2.5954383223e-14 1.2691018253e-13 1.8374460915e-13 -8.0316190688e-20 -2.5954383231e-14 -1.2691014059e-13 -3.0880087902e-14
d  2.0508931532e-03 1.4356251355e+00 0.0000000000e+00 1.2827644092e-06 3.0000000000e+02 -1.8489294156e-13 2.5612563342e-14 1.2827498356e-13 1.8474937914e-13 -6.4042413603e-20 -2.5612563085e-14 -1.2827644157e-13 -3.0860372357e-14
d  2.0563550738e-03 1.4394484797e+00 0.0000000000e+00 1.3023277375e-06 3.0000000000e+02 -1.8728747765e-13 2.6024663750e-14 1.3023281595e-13 1.8714353280e-13 -1.3537008388e-19 -2.6024663761e-14 -1.3023277386e-13 -3.0884885205e-14
d  2.0629093785e-03 1.4440364927e+00 0.0000000000e+00 1.3185288813e-06 3.0000000000e+02 -1.8894003878e-13 2.6056191926e-14 1.3185292408e-13 1.8879563513e-13 -8.2819377793e-20 -2.6056191935e-14 -1.3185288824e-13 -3.0886873560e-14
d  2.0668419613e-03 1.4467893006e+00 0.0000000000e+00 1.3284615622e-06 3.0000000000e+02 -1.8995351217e-13 2.6074441055e-14 1.3284614740e-13 1.8980883324e-13 -9.7496237957e-20 -2.6074441052e-14 -1.3284615636e-13 -3.0888120521e-14
d  2.0715610607e-03 1.4500926700e+00 0.0000000000e+00 1.3405690654e-06 3.0000000000e+02 -1.9118893679e-13 2.6097501616e-14 1.3405654497e-13 1.9104392755e-13 -9.8662105900e-20 -2.6097501493e-14 -1.3405690692e-13 -3.0889651298e-14
d  2.0772239799e-03 1.4540567132e+00 0.0000000000e+00 1.3552840181e-06 3.0000000000e+02 -1.9268679657e-13 2.6122041693e-14 1.3553557958e-13 1.9254139031e-13 -1.0012290250e-19 -2.6122043724e-14 -1.3552839794e-13 -3.0891303904e-14
d  2.0840194830e-03 1.4588135652e+00 0.0000000000e+00 1.3734451873e-06 3.0000000000e+02 -1.9454325639e-13 2.6154944910e-14 1.3734459628e-13 1.9439737503e-13 -1.0170413611e-19 -2.6154944928e-14 -1.3734451883e-13 -3.0893486644e-14
d  2.0921740867e-03 1.4645217875e+00 0.0000000000e+00 1.3867886560e-06 3.0000000000e+02 -1.9546997900e-13 2.5774165793e-14 1.3867738803e-13 1.9532352692e-13 -6.6940341076e-20 -2.5774165503e-14 -1.3867886632e-13 -3.0871434787e-14
d  2.0970668490e-03 1.4679467209e+00 0.0000000000e+00 1.4074364782e-06 3.0000000000e+02 -1.9802027744e-13 2.6230020192e-14 1.4075185610e-13 1.9787348207e-13 -1.5612521469e-19 -2.6230022583e-14 -1.4074364324e-13 -3.0898480876e-14
d  2.1029381637e-03 1.4720566410e+00 0.0000000000e+00 1.4241070717e-06 3.0000000000e+02 -1.9972535945e-13 2.6261908760e-14 1.4241074795e-13 1.9957815378e-13 -8.9578551933e-20 -2.6261908771e-14 -1.4241070729e-13 -3.0900423942e-14
d  2.1099837413e-03 1.4769885450e+00 0.0000000000e+00 1.4445900368e-06 3.0000000000e+02 -2.0181641289e-13 2.6307618211e-14 1.4445904906e-13 2.0166871403e-13 -1.0913679026e-19 -2.6307618221e-14 -1.4445900380e-13 -3.0903393348e-14
d  2.1184384344e-03 1.4829068300e+00 0.0000000000e+00 1.4601004068e-06 3.0000000000e+02 -2.0293411724e-13 2.5896206956e-14 1.4600372671e-13 2.0278582697e-13 -7.2289126242e-20 -2.5896205759e-14 -1.4601004325e-13 -3.0879569459e-14
d  2.1285840662e-03 1.4900087718e+00 0.0000000000e+00 1.4861661827e-06 3.0000000000e+02 -2.0551531198e-13 2.5872739982e-14 1.4861427366e-13 2.0536631124e-13 -1.0969621488e-19 -2.5872739611e-14 -1.4861661918e-13 -3.0878658027e-14
d  2.1407588243e-03 1.4985311021e+00 0.0000000000e+00 1.5198927036e-06 3.0000000000e+02 -2.0896564389e-13 2.5941418089e-14 1.5198673555e-13 2.0881579092e-13 -1.0842753077e-19 -2.5941417755e-14 -1.5198927121e-13 -3.0883125685e-14
d  2.1428570000e-03 1.4999998250e+00 0.0000000000e+00 1.5366332626e-06 3.0000000000e+02 -2.1127311894e-13 2.6535490347e-14 1.5366333542e-13 2.1112311896e-13 -2.3463702698e-19 -2.6535490352e-14 -1.5366332641e-13 -3.0918163235e-14
d  2.1453748108e-03 1.5017622925e+00 0.0000000000e+00 1.5449873953e-06 3.0000000000e+02 -2.1212194140e-13 2.6556662133e-14 1.5450206979e-13 2.1197176464e-13 -6.6081751298e-20 -2.6556664251e-14 -1.5449873560e-13 -3.0919144754e-14
d  2.1483961838e-03 1.5038772534e+00 0.0000000000e+00 1.5552319212e-06 3.0000000000e+02 -2.1317100294e-13 2.6575187335e-14 1.5552320384e-13 2.1302061521e-13 -1.2176659203e-19 -2.6575187341e-14 -1.5552319226e-13 -3.0920442905e-14
d  2.1520218313e-03 1.5064152066e+00 0.0000000000e+00 1.5676579856e-06 3.0000000000e+02 -2.1443957111e-13 2.6601371367e-14 1.5676581508e-13 2.1428892959e-13 -1.2309783167e-19 -2.6601371375e-14 -1.5676579870e-13 -3.0922099324e-14
d  2.1563726084e-03 1.5094607504e+00 0.0000000000e+00 1.5828136749e-06 3.0000000000e+02 -2.1598696985e-13 2.6630731590e-14 1.5828121419e-13 2.1583602379e-13 -1.2476849340e-19 -2.6630731534e-14 -1.5828136776e-13 -3.0923965440e-14
d  2.1615935409e-03 1.5131154030e+00 0.0000000000e+00 1.6012964623e-06 3.0000000000e+02 -2.1787127266e-13 2.6664398508e-14 1.6013290480e-13 2.1771996082e-13 -1.2668472895e-19 -2.6664399507e-14 -1.6012964441e-13 -3.0926111865e-14
d  2.1678586598e-03 1.5175009860e+00 0.0000000000e+00 1.6241007899e-06 3.0000000000e+02 -2.2020233561e-13 2.6709864836e-14 1.6240532539e-13 2.2005058591e-13 -1.2918692234e-19 -2.6709863621e-14 -1.6241008159e-13 -3.0928981161e-14
d  2.1753768026e-03 1.5227636857e+00 0.0000000000e+00 1.6406784445e-06 3.0000000000e+02 -2.2135250599e-13 2.6234370772e-14 1.6406365989e-13 2.2120022993e-13 -8.1060718452e-20 -2.6234369880e-14 -1.6406784642e-13 -3.0901393814e-14
d  2.1798876883e-03 1.5259213055e+00 0.0000000000e+00 1.6667231754e-06 3.0000000000e+02 -2.2456504383e-13 2.6804806411e-14 1.6667049669e-13 2.2441245188e-13 -2.0335461376e-19 -2.6804805836e-14 -1.6667231884e-13 -3.0935080647e-14
d  2.1853007511e-03 1.5297104493e+00 0.0000000000e+00 1.6877781716e-06 3.0000000000e+02 -2.2671783547e-13 2.6851057876e-14 1.6877787405e-13 2.2656486442e-13 -1.1381772807e-19 -2.6851057893e-14 -1.6877781729e-13 -3.0937771369e-14
d  2.1917964264e-03 1.5342574218e+00 0.0000000000e+00 1.7136198108e-06 3.0000000000e+02 -2.2935088785e-13 2.6894293465e-14 1.7136222145e-13 2.2919746209e-13 -1.3906651351e-19 -2.6894293524e-14 -1.7136198114e-13 -3.0940554178e-14
d  2.1995912369e-03 1.5397137888e+00 0.0000000000e+00 1.7330999214e-06 3.0000000000e+02 -2.3075738556e-13 2.6382871799e-14 1.7330774258e-13 2.3060341434e-13 -8.8873897597e-20 -2.6382871337e-14 -1.7330999326e-13 -3.0910895926e-14
d  2.2042681231e-03 1.5429876090e+00 0.0000000000e+00 1.7625474946e-06 3.0000000000e+02 -2.3436920058e-13 2.7010286569e-14 1.7625478275e-13 2.3421490182e-13 -2.1884289842e-19 -2.7010286580e-14 -1.7625474962e-13 -3.0947886467e-14
d  2.2098803866e-03 1.5469161933e+00 0.0000000000e+00 1.7867517896e-06 3.0000000000e+02 -2.3684123196e-13 2.7061008885e-14 1.7867448837e-13 2.3668654040e-13 -1.2412351547e-19 -2.7061008688e-14 -1.7867517953e-13 -3.0950823119e-14
d  2.2166151028e-03 1.5516304944e+00 0.0000000000e+00 1.8046669356e-06 3.0000000000e+02 -2.3810355522e-13 2.6560557797e-14 1.8046089299e-13 2.3794839265e-13 -9.2122430370e-20 -2.6560556418e-14 -1.8046669653e-13 -3.0921820891e-14
d  2.2246967623e-03 1.5572876557e+00 0.0000000000e+00 1.8364478454e-06 3.0000000000e+02 -2.4129869159e-13 2.6576019564e-14 1.8364212211e-13 2.4114296303e-13 -1.5404657779e-19 -2.6576019036e-14 -1.8364478581e-13 -3.0923120335e-14
d  2.2343947536e-03 1.5640762493e+00 0.0000000000e+00 1.8737869017e-06 3.0000000000e+02 -2.4499394290e-13 2.6536007759e-14 1.8737831756e-13 2.4483753530e-13 -1.3721706178e-19 -2.6536007697e-14 -1.8737869048e-13 -3.0921081067e-14
d  2.2402135484e-03 1.5681494055e+00 0.0000000000e+00 1.9149664566e-06 3.0000000000e+02 -2.4999729326e-13 2.7368291378e-14 1.9149872434e-13 2.4984047814e-13 -2.3494312089e-19 -2.7368291886e-14 -1.9149664481e-13 -3.0969900164e-14
d  2.2437048253e-03 1.5705932992e+00 0.0000000000e+00 1.9325860336e-06 3.0000000000e+02 -2.5179631435e-13 2.7407732460e-14 1.9325860101e-13 2.5163925502e-13 -1.5036984253e-19 -2.7407732459e-14 -1.9325860355e-13 -3.0972118774e-14
d  2.2478943575e-03 1.5735259716e+00 0.0000000000e+00 1.9542628796e-06 3.0000000000e+02 -2.5401019258e-13 2.7452514550e-14 1.9542607654e-13 2.5385284000e-13 -1.7147850103e-19 -2.7452514469e-14 -1.9542628831e-13 -3.0974885988e-14
d  2.2529217963e-03 1.5770451785e+00 0.0000000000e+00 1.9809376828e-06 3.0000000000e+02 -2.5673401635e-13 2.7504674010e-14 1.9809379090e-13 2.5657631183e-13 -1.7500610250e-19 -2.7504674017e-14 -1.9809376847e-13 -3.0978069186e-14
d  2.2589547227e-03 1.5812682268e+00 0.0000000000e+00 2.0138790924e-06 3.0000000000e+02 -2.6009788119e-13 2.7569658618e-14 2.0138867401e-13 2.5993975430e-13 -1.7942537904e-19 -2.7569658821e-14 -2.0138790903e-13 -3.0982025350e-14
d  2.2661942345e-03 1.5863358848e+00 0.0000000000e+00 2.0384243196e-06 3.0000000000e+02 -2.6187529071e-13 2.6928807629e-14 2.0384232616e-13 2.6171665713e-13 -1.0895887169e-19 -2.6928807606e-14 -2.0384243221e-13 -3.0944842941e-14
d  2.2705379415e-03 1.5893764796e+00 0.0000000000e+00 2.0755805451e-06 3.0000000000e+02 -2.6641647584e-13 2.7704518552e-14 2.0755807589e-13 2.6625753819e-13 -2.8584385230e-19 -2.7704518559e-14 -2.0755805470e-13 -3.0990410982e-14
d  2.2757503900e-03 1.5930251933e+00 0.0000000000e+00 2.1064156257e-06 3.0000000000e+02 -2.6956532864e-13 2.7771749186e-14 2.1064113721e-13 2.6940602617e-13 -1.5926139316e-19 -2.7771749056e-14 -2.1064156304e-13 -3.0994195247e-14
d  2.2820053281e-03 1.5974036498e+00 0.0000000000e+00 2.1447552406e-06 3.0000000000e+02 -2.7348093962e-13 2.7847269851e-14 2.1447554033e-13 2.7332119925e-13 -1.9782459099e-19 -2.7847269855e-14 -2.1447552426e-13 -3.0998822491e-14
d  2.2895112539e-03 1.6026577976e+00 0.0000000000e+00 2.1744211275e-06 3.0000000000e+02 -2.7572314712e-13 2.7161602565e-14 2.1743857601e-13 2.7556288165e-13 -1.2306107297e-19 -2.7161601812e-14 -2.1744211454e-13 -3.0959067394e-14
d  2.2940148093e-03 1.6058102862e+00 0.0000000000e+00 2.2169130598e-06 3.0000000000e+02 -2.8086985570e-13 2.8006656567e-14 2.2169147286e-13 2.8070927466e-13 -3.1113286225e-19 -2.8006656620e-14 -2.2169130610e-13 -3.1008626296e-14
d  2.2994190759e-03 1.6095932726e+00 0.0000000000e+00 2.2532365195e-06 3.0000000000e+02 -2.8458013012e-13 2.8083404508e-14 2.2532157622e-13 2.8441917101e-13 -1.7921707134e-19 -2.8083403894e-14 -2.2532365343e-13 -3.1012940182e-14
d  2.3026616358e-03 1.6118630645e+00 0.0000000000e+00 2.2756833752e-06 3.0000000000e+02 -2.8687200856e-13 2.8129024876e-14 2.2756828450e-13 2.8671082227e-13 -2.1747349619e-19 -2.8129024853e-14 -2.2756833779e-13 -3.1015740247e-14
d  2.3065527077e-03 1.6145868147e+00 0.0000000000e+00 2.3032477007e-06 3.0000000000e+02 -2.8968725295e-13 2.8181524743e-14 2.3032440101e-13 2.8952579432e-13 -2.2158406525e-19 -2.8181524592e-14 -2.3032477060e-13 -3.1018884677e-14
d  2.3112219941e-03 1.6178553149e+00 0.0000000000e+00 2.3371775295e-06 3.0000000000e+02 -2.9315222732e-13 2.8250016997e-14 2.3371776366e-13 2.9299044179e-13 -2.2673790950e-19 -2.8250017000e-14 -2.3371775318e-13 -3.1022974568e-14
d  2.3168251376e-03 1.6217775152e+00 0.0000000000e+00 2.3791700246e-06 3.0000000000e+02 -2.9744095344e-13 2.8333596884e-14 2.3791706486e-13 2.9727877568e-13 -2.3318240804e-19 -2.8333596901e-14 -2.3791700266e-13 -3.1027958903e-14
d  2.3235489099e-03 1.6264841556e+00 0.0000000000e+00 2.4106677932e-06 3.0000000000e+02 -2.9976043233e-13 2.7548499725e-14 2.4106611575e-13 2.9959778398e-13 -1.3750654046e-19 -2.7548499567e-14 -2.4106677989e-13 -3.0982433960e-14
d  2.3316174366e-03 1.6321321240e+00 0.0000000000e+00 2.4624040945e-06 3.0000000000e+02 -3.0486706322e-13 2.7480795233e-14 2.4623542084e-13 3.0470385046e-13 -2.2740162548e-19 -2.7480794246e-14 -2.4624041180e-13 -3.0978920084e-14
d  2.3364585527e-03 1.6355209051e+00 0.0000000000e+00 2.5206751135e-06 3.0000000000e+02 -3.1194682767e-13 2.8663643517e-14 2.5206759525e-13 3.1178327557e-13 -3.7566759290e-19 -2.8663643542e-14 -2.5206751155e-13 -3.1047832178e-14
d  2.3422678919e-03 1.6395874424e+00 0.0000000000e+00 2.5707390030e-06 3.0000000000e+02 -3.1706270540e-13 2.8772322767e-14 2.5706971221e-13 3.1689874710e-13 -2.1973468013e-19 -2.8772321616e-14 -2.5707390294e-13 -3.1053914105e-14
d  2.3492390990e-03 1.6444672871e+00 0.0000000000e+00 2.6100962050e-06 3.0000000000e+02 -3.2009324549e-13 2.7917548486e-14 2.6100824996e-13 3.1992879890e-13 -1.6152145671e-19 -2.7917548172e-14 -2.6100962142e-13 -3.1004482168e-14
d  2.3576045475e-03 1.6503231008e+00 0.0000000000e+00 2.7043013831e-06 3.0000000000e+02 -3.3073125424e-13 2.9059919971e-14 2.7043048531e-13 3.3056622190e-13 -3.8411522255e-19 -2.9059920037e-14 -2.7043013844e-13 -3.1071191957e-14
d  2.3626238167e-03 1.6538365890e+00 0.0000000000e+00 2.7541021161e-06 3.0000000000e+02 -3.3581963670e-13 2.9167011409e-14 2.7540969521e-13 3.3565425310e-13 -2.8149999645e-19 -2.9167011263e-14 -2.7541021219e-13 -3.1077243779e-14
d  2.3686469396e-03 1.6580527748e+00 0.0000000000e+00 2.7931245438e-06 3.0000000000e+02 -3.3881123687e-13 2.8306506761e-14 2.7931514024e-13 3.3864543130e-13 -1.7866166720e-19 -2.8306507473e-14 -2.7931245316e-13 -3.1027413467e-14
d  2.3758746871e-03 1.6631121978e+00 0.0000000000e+00 2.8587437105e-06 3.0000000000e+02 -3.4543206671e-13 2.8354569447e-14 2.8586701834e-13 3.4526575625e-13 -3.0441797130e-19 -2.8354567824e-14 -2.8587437483e-13 -3.1030608018e-14
d  2.3802113356e-03 1.6661478516e+00 0.0000000000e+00 2.9252531597e-06 3.0000000000e+02 -3.5335312529e-13 2.9558540631e-14 2.9252147158e-13 3.5318651099e-13 -4.6162626423e-19 -2.9558539372e-14 -2.9252531886e-13 -3.1100527645e-14
d  2.3854153138e-03 1.6697906362e+00 0.0000000000e+00 2.9835557978e-06 3.0000000000e+02 -3.5922164705e-13 2.9600359397e-14 2.9835346299e-13 3.5905466825e-13 -2.7770368925e-19 -2.9600358748e-14 -2.9835558143e-13 -3.1102624010e-14
d  2.3916600877e-03 1.6741619777e+00 0.0000000000e+00 3.0319476360e-06 3.0000000000e+02 -3.6306546681e-13 2.8656912274e-14 3.0318834121e-13 3.6289805135e-13 -2.1110354533e-19 -2.8656910633e-14 -3.0319476740e-13 -3.1048141163e-14
d  2.3954069520e-03 1.6767847826e+00 0.0000000000e+00 3.0988419607e-06 3.0000000000e+02 -3.7111265733e-13 2.9934067655e-14 3.0988422891e-13 3.7094497884e-13 -5.5041614454e-19 -2.9934067668e-14 -3.0988419635e-13 -3.1122562641e-14
d  2.3999031892e-03 1.6799321484e+00 0.0000000000e+00 3.1515248616e-06 3.0000000000e+02 -3.7623851186e-13 2.9804575833e-14 3.1514975781e-13 3.7607051902e-13 -2.6924825186e-19 -2.9804574865e-14 -3.1515248848e-13 -3.1114559081e-14
d  2.4052986738e-03 1.6837089875e+00 0.0000000000e+00 3.2289458919e-06 3.0000000000e+02 -3.8441222556e-13 3.0214186624e-14 3.2289129211e-13 3.8424385508e-13 -4.2936118133e-19 -3.0214185649e-14 -3.2289459157e-13 -3.1138539829e-14
d  2.4117732553e-03 1.6882411943e+00 0.0000000000e+00 3.2884241848e-06 3.0000000000e+02 -3.8918794015e-13 2.9103976328e-14 3.2883737848e-13 3.8901911663e-13 -2.2872914701e-19 -2.9103975087e-14 -3.2884242149e-13 -3.1074229119e-14
d  2.4156580043e-03 1.6909605184e+00 0.0000000000e+00 3.3611776048e-06 3.0000000000e+02 -3.9767145640e-13 3.0237714534e-14 3.3611470883e-13 3.9750236078e-13 -5.7064648934e-19 -3.0237713419e-14 -3.3611776313e-13 -3.1140273511e-14
d  2.4203197030e-03 1.6942237074e+00 0.0000000000e+00 3.4370665993e-06 3.0000000000e+02 -4.0571112941e-13 3.0676152614e-14 3.4370125543e-13 4.0554170780e-13 -4.1697021515e-19 -3.0676150766e-14 -3.4370666415e-13 -3.1165216796e-14
d  2.4231167222e-03 1.6961816207e+00 0.0000000000e+00 3.4817094432e-06 3.0000000000e+02 -4.1027307049e-13 3.0766461514e-14 3.4817102241e-13 4.1010345231e-13 -4.3801957499e-19 -3.0766461554e-14 -3.4817094459e-13 -3.1170453085e-14
d  2.4264731453e-03 1.6985311168e+00 0.0000000000e+00 3.5369813978e-06 3.0000000000e+02 -4.1592098388e-13 3.0874927437e-14 3.5369685590e-13 4.1575113099e-13 -4.5766322828e-19 -3.0874926826e-14 -3.5369814138e-13 -3.1176731338e-14
d  2.4305008529e-03 1.7013505120e+00 0.0000000000e+00 3.6057121643e-06 3.0000000000e+02 -4.2294500691e-13 3.1019383270e-14 3.6057123557e-13 4.2277487186e-13 -4.7370933555e-19 -3.1019383277e-14 -3.6057121677e-13 -3.1185066482e-14
d  2.4353341022e-03 1.7047337863e+00 0.0000000000e+00 3.6917956297e-06 3.0000000000e+02 -4.3174447492e-13 3.1198507746e-14 3.6917855161e-13 4.3157400169e-13 -4.9331075251e-19 -3.1198507413e-14 -3.6917956405e-13 -3.1195388969e-14
d  2.4382340517e-03 1.7067637508e+00 0.0000000000e+00 3.7454641170e-06 3.0000000000e+02 -4.3723281597e-13 3.1314923571e-14 3.7454197657e-13 4.3706214038e-13 -5.0619199212e-19 -3.1314921399e-14 -3.7454641652e-13 -3.1202088719e-14
d  2.4417139911e-03 1.7091997083e+00 0.0000000000e+00 3.8118294622e-06 3.0000000000e+02 -4.4401476111e-13 3.1453837200e-14 3.8118094277e-13 4.4384384149e-13 -5.2162093445e-19 -3.1453836281e-14 -3.8118294850e-13 -3.1210078348e-14
d  2.4458899185e-03 1.7121228573e+00 0.0000000000e+00 3.8946782295e-06 3.0000000000e+02 -4.5248593796e-13 3.1627316601e-14 3.8946243149e-13 4.5231472653e-13 -5.4179234691e-19 -3.1627314542e-14 -3.8946782767e-13 -3.1220048782e-14
d  2.4509010312e-03 1.7156306361e+00 0.0000000000e+00 3.9638923946e-06 3.0000000000e+02 -4.5816989895e-13 3.0459658114e-14 3.9638428162e-13 4.5799833662e-13 -3.3503000745e-19 -3.0459656537e-14 -3.9638924325e-13 -3.1152571633e-14
d  2.4539076989e-03 1.7177353034e+00 0.0000000000e+00 4.0515291923e-06 3.0000000000e+02 -4.6854406024e-13 3.1973035517e-14 4.0515075095e-13 4.6837228710e-13 -8.5674252096e-19 -3.1973034493e-14 -4.0515292175e-13 -3.1240484796e-14
d  2.4575157001e-03 1.7202609041e+00 0.0000000000e+00 4.1316404576e-06 3.0000000000e+02 -4.7673631516e-13 3.2153596564e-14 4.1315564639e-13 4.7656429056e-13 -5.0891449788e-19 -3.2153592851e-14 -4.1316405392e-13 -3.1250073953e-14
d  2.4618453016e-03 1.7232916249e+00 0.0000000000e+00 4.2325652052e-06 3.0000000000e+02 -4.8705845030e-13 3.2371567639e-14 4.2325008934e-13 4.8688612220e-13 -6.2910809008e-19 -3.2371565273e-14 -4.2325652599e-13 -3.1262744726e-14
d  2.4644430625e-03 1.7251100575e+00 0.0000000000e+00 4.2956624285e-06 3.0000000000e+02 -4.9351127127e-13 3.2507083067e-14 4.2956580367e-13 4.9333876036e-13 -6.4683440606e-19 -3.2507082827e-14 -4.2956624377e-13 -3.1270494931e-14
d  2.4675603755e-03 1.7272921765e+00 0.0000000000e+00 4.3738826644e-06 3.0000000000e+02 -5.0150852724e-13 3.2666810574e-14 4.3738616631e-13 5.0133579843e-13 -6.6638088920e-19 -3.2666809499e-14 -4.3738826910e-13 -3.1279620596e-14
d  2.4713011511e-03 1.7299107193e+00 0.0000000000e+00 4.4716535749e-06 3.0000000000e+02 -5.1150786194e-13 3.2878867340e-14 4.4716548622e-13 5.1133487084e-13 -6.9463606882e-19 -3.2878867394e-14 -4.4716535782e-13 -3.1291737614e-14
d  2.4757900819e-03 1.7330529707e+00 0.0000000000e+00 4.5949702598e-06 3.0000000000e+02 -5.2412251217e-13 3.3144068046e-14 4.5949703640e-13 5.2394920687e-13 -7.2928841530e-19 -3.3144068050e-14 -4.5949702643e-13 -3.1306872794e-14
d  2.4811767989e-03 1.7368236724e+00 0.0000000000e+00 4.7523304470e-06 3.0000000000e+02 -5.4022155349e-13 3.3487592326e-14 4.7523310963e-13 5.4004787112e-13 -7.7522579140e-19 -3.3487592345e-14 -4.7523304513e-13 -3.1326458264e-14
d  2.4844088290e-03 1.7390860934e+00 0.0000000000e+00 4.8520651515e-06 3.0000000000e+02 -5.5042625189e-13 3.3706211243e-14 4.8520684250e-13 5.5025234322e-13 -8.0575095373e-19 -3.3706211386e-14 -4.8520651533e-13 -3.1338904185e-14
d  2.4882872652e-03 1.7418009986e+00 0.0000000000e+00 4.9774807073e-06 3.0000000000e+02 -5.6325993744e-13 3.3982077131e-14 4.9774791434e-13 5.6308575738e-13 -8.4442516830e-19 -3.3982077067e-14 -4.9774807136e-13 -3.1354602143e-14
d  2.4929413887e-03 1.7450588848e+00 0.0000000000e+00 5.1369648532e-06 3.0000000000e+02 -5.7958172827e-13 3.4335796789e-14 5.1369650163e-13 5.7940722237e-13 -8.9496628335e-19 -3.4335796794e-14 -5.1369648582e-13 -3.1374714925e-14
d  2.4985263368e-03 1.7489683483e+00 0.0000000000e+00 5.2868416241e-06 3.0000000000e+02 -5.9302140099e-13 3.2871234338e-14 5.2868517540e-13 5.9284650398e-13 -6.2949684681e-19 -3.2871234627e-14 -5.2868416227e-13 -3.1290335083e-14
d  2.5018773057e-03 1.7513140264e+00 0.0000000000e+00 5.4477250182e-06 3.0000000000e+02 -6.1142510279e-13 3.5049321592e-14 5.4477099409e-13 6.1124997170e-13 -1.3402065302e-18 -3.5049320955e-14 -5.4477250374e-13 -3.1415974884e-14
d  2.5058984683e-03 1.7541288401e+00 0.0000000000e+00 5.5586901576e-06 3.0000000000e+02 -6.2077189977e-13 3.3412160628e-14 5.5586033886e-13 6.2059648863e-13 -5.0230466386e-19 -3.3412157194e-14 -5.5586902385e-13 -3.1320677405e-14
d  2.5107238635e-03 1.7575066166e+00 0.0000000000e+00 5.7380597107e-06 3.0000000000e+02 -6.3910164645e-13 3.3771442349e-14 5.7379863194e-13 6.3892589720e-13 -1.0572176218e-18 -3.3771439933e-14 -5.7380597713e-13 -3.1342136057e-14
d  2.5136191006e-03 1.7595332824e+00 0.0000000000e+00 5.9038779024e-06 3.0000000000e+02 -6.5819076137e-13 3.6141025451e-14 5.9038767536e-13 6.5801480807e-13 -1.5413895386e-18 -3.6141025395e-14 -5.9038779095e-13 -3.1477982288e-14
d  2.5170933851e-03 1.7619652815e+00 0.0000000000e+00 6.0658064882e-06 3.0000000000e+02 -6.7457357685e-13 3.6331454746e-14 6.0658028649e-13 6.7439738041e-13 -1.0356849574e-18 -3.6331454580e-14 -6.0658064979e-13 -3.1487505479e-14
d  2.5212625266e-03 1.7648836804e+00 0.0000000000e+00 6.2843564064e-06 3.0000000000e+02 -6.9716799656e-13 3.7030681172e-14 6.2843572127e-13 6.9699150818e-13 -1.3559402409e-18 -3.7030681202e-14 -6.2843564120e-13 -3.1527601516e-14
d  2.5262654963e-03 1.7683857590e+00 0.0000000000e+00 6.4799335977e-06 3.0000000000e+02 -7.1442417722e-13 3.4850077850e-14 6.4798225489e-13 7.1424734095e-13 -8.5117601653e-19 -3.4850074329e-14 -6.4799336867e-13 -3.1402153347e-14
d  2.5292672781e-03 1.7704870062e+00 0.0000000000e+00 6.7038624320e-06 3.0000000000e+02 -7.4019711755e-13 3.8028695479e-14 6.7038592450e-13 7.4002006892e-13 -2.0532889215e-18 -3.8028695329e-14 -6.7038624420e-13 -3.1585077166e-14
d  2.5328694163e-03 1.7730085028e+00 0.0000000000e+00 6.8620081062e-06 3.0000000000e+02 -7.5388350651e-13 3.6042683056e-14 6.8618799239e-13 7.5370620875e-13 -7.6279879579e-19 -3.6042677397e-14 -6.8620082394e-13 -3.1469253420e-14
d  2.5350306992e-03 1.7745214007e+00 0.0000000000e+00 7.0476179486e-06 3.0000000000e+02 -7.7546603351e-13 3.8882387682e-14 7.0475952016e-13 7.7528858203e-13 -2.3536025182e-18 -3.8882386190e-14 -7.0476179873e-13 -3.1633552194e-14
d  2.5376242387e-03 1.7763368783e+00 0.0000000000e+00 7.2104357302e-06 3.0000000000e+02 -7.9143139742e-13 3.8600774690e-14 7.2107626863e-13 7.9125375447e-13 -1.2692189646e-18 -3.8600794769e-14 -7.2104353064e-13 -3.1615004525e-14
d  2.5407364861e-03 1.7785154514e+00 0.0000000000e+00 7.4524004932e-06 3.0000000000e+02 -8.1696776954e-13 3.9848830985e-14 7.4523963825e-13 8.1678991811e-13 -2.0253275342e-18 -3.9848830775e-14 -7.4524005053e-13 -3.1686929637e-14
d  2.5444711830e-03 1.7811297391e+00 0.0000000000e+00 7.6671959306e-06 3.0000000000e+02 -8.3613088403e-13 3.7674378932e-14 7.6671442263e-13 8.3595277239e-13 -1.1958450322e-18 -3.7674376734e-14 -7.6671959886e-13 -3.1561458233e-14
d  2.5489528193e-03 1.7842668843e+00 0.0000000000e+00 7.9827780672e-06 3.0000000000e+02 -8.6792774767e-13 3.7882757016e-14 7.9826155424e-13 8.6774932507e-13 -1.8579356307e-18 -3.7882751273e-14 -7.9827782130e-13 -3.1574157479e-14
d  2.5516418011e-03 1.7861491714e+00 0.0000000000e+00 8.2868580754e-06 3.0000000000e+02 -9.0264655006e-13 4.1951772216e-14 8.2868528534e-13 9.0246793530e-13 -2.9699225240e-18 -4.1951771942e-14 -8.2868580898e-13 -3.1806394514e-14
d  2.5548685792e-03 1.7884079160e+00 0.0000000000e+00 8.5158779125e-06 3.0000000000e+02 -9.2298218677e-13 3.9556833038e-14 8.5156646203e-13 9.2280335217e-13 -1.2476914420e-18 -3.9556822538e-14 -8.5158781600e-13 -3.1666769090e-14
d  2.5568046460e-03 1.7897631627e+00 0.0000000000e+00 8.7724725792e-06 3.0000000000e+02 -9.5251852738e-13 4.3202691578e-14 8.7724600582e-13 9.5233955150e-13 -3.5471171959e-18 -4.3202690662e-14 -8.7724726077e-13 -3.1877297660e-14
d  2.5591279263e-03 1.7913894588e+00 0.0000000000e+00 9.0318847970e-06 3.0000000000e+02 -9.7914275458e-13 4.3867297655e-14 9.0317887146e-13 9.7896361891e-13 -2.3762377763e-18 -4.3867291075e-14 -9.0318849497e-13 -3.1911877364e-14
d  2.5619158626e-03 1.7933410141e+00 0.0000000000e+00 9.3679632324e-06 3.0000000000e+02 -1.0136596043e-12 4.4726880869e-14 9.3679637196e-13 1.0134802702e-12 -2.9216605289e-18 -4.4726880896e-14 -9.3679632411e-13 -3.1960809741e-14
d  2.5652613861e-03 1.7956828805e+00 0.0000000000e+00 9.6951759708e-06 3.0000000000e+02 -1.0436119526e-12 4.2103922367e-14 9.6950626096e-13 1.0434323879e-12 -2.0728389103e-18 -4.2103916995e-14 -9.6951761069e-13 -3.1810186393e-14
d  2.5672687002e-03 1.7970880003e+00 0.0000000000e+00 1.0036669330e-05 3.0000000000e+02 -1.0823730366e-12 4.6440006074e-14 1.0036670356e-12 1.0821933277e-12 -4.4624255259e-18 -4.6440006146e-14 -1.0036669338e-12 -3.2059180130e-14
d  2.5696774772e-03 1.7987741441e+00 0.0000000000e+00 1.0398074983e-05 3.0000000000e+02 -1.1194941775e-12 4.7401254121e-14 1.0398074806e-12 1.1193143001e-12 -3.2380865362e-18 -4.7401254109e-14 -1.0398074994e-12 -3.2110013850e-14
d  2.5725680095e-03 1.8007975166e+00 0.0000000000e+00 1.0749468132e-05 3.0000000000e+02 -1.1515846405e-12 4.4510358443e-14 1.0749230630e-12 1.1514045691e-12 -2.5374611193e-18 -4.4510345409e-14 -1.0749468447e-12 -3.1944782274e-14
d  2.5743023289e-03 1.8020115401e+00 0.0000000000e+00 1.1119330639e-05 3.0000000000e+02 -1.1936683574e-12 4.9313046823e-14 1.1119298867e-12 1.1934881575e-12 -5.5624851052e-18 -4.9313044230e-14 -1.1119330707e-12 -3.2220809657e-14
d  2.5763835122e-03 1.8034683684e+00 0.0000000000e+00 1.1508070485e-05 3.0000000000e+02 -1.2336156422e-12 5.0359610247e-14 1.1508073267e-12 1.2334352953e-12 -3.9737470161e-18 -5.0359610460e-14 -1.1508070492e-12 -3.2275495529e-14
d  2.5788809321e-03 1.8052165622e+00 0.0000000000e+00 1.1884923737e-05 3.0000000000e+02 -1.2679679457e-12 4.7195863556e-14 1.1884805591e-12 1.2677874288e-12 -3.1049512641e-18 -4.7195856047e-14 -1.1884923922e-12 -3.2094784534e-14
d  2.5818778361e-03 1.8073143949e+00 0.0000000000e+00 1.2456840464e-05 3.0000000000e+02 -1.3264983342e-12 4.8444885625e-14 1.2456723005e-12 1.3263176074e-12 -4.8445949015e-18 -4.8444879424e-14 -1.2456840628e-12 -3.2167455491e-14
d  2.5836759784e-03 1.8085730945e+00 0.0000000000e+00 1.2966337668e-05 3.0000000000e+02 -1.3836867566e-12 5.4331736474e-14 1.2966339314e-12 1.3835058992e-12 -7.1032824279e-18 -5.4331736603e-14 -1.2966337678e-12 -3.2501680576e-14
d  2.5858337493e-03 1.8100835340e+00 0.0000000000e+00 1.3532419150e-05 3.0000000000e+02 -1.4419272299e-12 5.5924069864e-14 1.3532400807e-12 1.4417462224e-12 -5.6941789023e-18 -5.5924068516e-14 -1.3532419195e-12 -3.2586694494e-14
d  2.5884230743e-03 1.8118960614e+00 0.0000000000e+00 1.4115257371e-05 3.0000000000e+02 -1.4966096344e-12 5.2510155564e-14 1.4114901218e-12 1.4964284607e-12 -4.7193605347e-18 -5.2510133795e-14 -1.4115257913e-12 -3.2391705268e-14
d  2.5899766693e-03 1.8129835778e+00 0.0000000000e+00 1.4695829530e-05 3.0000000000e+02 -1.5617475671e-12 5.9175473759e-14 1.4695828442e-12 1.5615662688e-12 -9.5170421557e-18 -5.9175473659e-14 -1.4695829547e-12 -3.2773885575e-14
d  2.5918409833e-03 1.8142885976e+00 0.0000000000e+00 1.5339480092e-05 3.0000000000e+02 -1.6280112522e-12 6.1012752792e-14 1.5339478222e-12 1.6278298234e-12 -7.4136705586e-18 -6.1012752633e-14 -1.5339480111e-12 -3.2870754035e-14
d  2.5940781601e-03 1.8158546212e+00 0.0000000000e+00 1.6004252608e-05 3.0000000000e+02 -1.6905132156e-12 5.7245366521e-14 1.6004001243e-12 1.6903316431e-12 -6.1728829282e-18 -5.7245348730e-14 -1.6004253054e-12 -3.2655628618e-14
d  2.5954204661e-03 1.8167942355e+00 0.0000000000e+00 1.6663081261e-05 3.0000000000e+02 -1.7644347059e-12 6.4809985163e-14 1.6662986368e-12 1.7642530321e-12 -1.2408114611e-17 -6.4809975167e-14 -1.6663081503e-12 -3.3089991422e-14
d  2.5970312334e-03 1.8179217725e+00 0.0000000000e+00 1.7394075612e-05 3.0000000000e+02 -1.8397376883e-12 6.6957808932e-14 1.7394075417e-12 1.8395558962e-12 -9.6760381810e-18 -6.6957808913e-14 -1.7394075630e-12 -3.3202407393e-14
d  2.5989641542e-03 1.8192748170e+00 0.0000000000e+00 1.8376133602e-05 3.0000000000e+02 -1.9410101783e-12 6.9835304426e-14 1.8376097298e-12 1.9408282529e-12 -1.1905466858e-17 -6.9835301457e-14 -1.8376133692e-12 -3.3365028226e-14
d  2.6001239066e-03 1.8200866436e+00 0.0000000000e+00 1.9026013834e-05 3.0000000000e+02 -2.0080019696e-12 7.1745709261e-14 1.9026065666e-12 2.0078199574e-12 -1.2823736825e-17 -7.1745715584e-14 -1.9026013711e-12 -3.3471656892e-14
d  2.6015156096e-03 1.8210608357e+00 0.0000000000e+00 1.9876168505e-05 3.0000000000e+02 -2.0956879682e-12 7.4257161963e-14 1.9876181488e-12 2.0955058612e-12 -1.4081966854e-17 -7.4257163444e-14 -1.9876168491e-12 -3.3611943318e-14
d  2.6031856531e-03 1.8222298661e+00 0.0000000000e+00 2.1013575700e-05 3.0000000000e+02 -2.2130331771e-12 7.7676945460e-14 2.1013575551e-12 2.2128509541e-12 -1.5830326213e-17 -7.7676945446e-14 -2.1013575722e-12 -3.3802951717e-14
d  2.6051897053e-03 1.8236327026e+00 0.0000000000e+00 2.2265672554e-05 3.0000000000e+02 -2.3337944214e-12 7.3470958906e-14 2.2265129936e-12 2.3336120952e-12 -1.3186098928e-17 -7.3470916197e-14 -2.2265673669e-12 -3.3560099147e-14
d  2.6063921367e-03 1.8244744045e+00 0.0000000000e+00 2.3446674498e-05 3.0000000000e+02 -2.4642370467e-12 8.5086135401e-14 2.3446678866e-12 2.4640545989e-12 -2.4320577992e-17 -8.5086135913e-14 -2.3446674509e-12 -3.4225870521e-14
d  2.6078350543e-03 1.8254844467e+00 0.0000000000e+00 2.4849029960e-05 3.0000000000e+02 -2.6089995473e-12 8.9452689282e-14 2.4849025481e-12 2.6088169992e-12 -2.1164987704e-17 -8.9452688791e-14 -2.4849029997e-12 -3.4457919259e-14
d  2.6087008049e-03 1.8260904721e+00 0.0000000000e+00 2.5786578162e-05 3.0000000000e+02 -2.7058516853e-12 9.2364950648e-14 2.5786567916e-12 2.7056690772e-12 -2.4549892159e-17 -9.2364948973e-14 -2.5786578226e-12 -3.4623707975e-14
d  2.6097397055e-03 1.8268177025e+00 0.0000000000e+00 2.7020712139e-05 3.0000000000e+02 -2.8333538210e-12 9.6234494754e-14 2.7020712877e-12 2.8331711392e-12 -2.7140785342e-17 -9.6234494867e-14 -2.7020712163e-12 -3.4840120957e-14
d  2.6109863864e-03 1.8276903791e+00 0.0000000000e+00 2.8685418309e-05 3.0000000000e+02 -3.0053870969e-12 1.0149942460e-13 2.8685418158e-12 3.0052043279e-12 -3.0799699439e-17 -1.0149942458e-13 -2.8685418338e-12 -3.5134683075e-14
d  2.6124824033e-03 1.8287375909e+00 0.0000000000e+00 3.1009206408e-05 3.0000000000e+02 -3.2456155040e-12 1.0892445726e-13 3.1009232362e-12 3.2454326278e-12 -3.6300776893e-17 -1.0892445999e-13 -3.1009206368e-12 -3.5550395292e-14
d  2.6133800135e-03 1.8293659180e+00 0.0000000000e+00 3.2610998036e-05 3.0000000000e+02 -3.4112634715e-12 1.1409853830e-13 3.2610882821e-12 3.4110805474e-12 -4.0556086710e-17 -1.1409852020e-13 -3.2610998499e-12 -3.5840349104e-14
d  2.6144571457e-03 1.8301199105e+00 0.0000000000e+00 3.4788580063e-05 3.0000000000e+02 -3.6365073197e-12 1.2119784706e-13 3.4789099087e-12 3.6363242496e-12 -4.6571015841e-17 -1.2119792327e-13 -3.4788578230e-12 -3.6238508987e-14
d  2.6157497044e-03 1.8310247015e+00 0.0000000000e+00 3.7865967419e-05 3.0000000000e+02 -3.9549491423e-12 1.3128472703e-13 3.7865967963e-12 3.9547660398e-12 -5.5637319113e-17 -1.3128472710e-13 -3.7865967455e-12 -3.6804788859e-14
d  2.6165252396e-03 1.8315675762e+00 0.0000000000e+00 4.0012650724e-05 3.0000000000e+02 -4.1771555658e-12 1.3844034794e-13 4.0012600840e-12 4.1769724156e-12 -6.2846039487e-17 -1.3844033887e-13 -4.0012650982e-12 -3.7207270733e-14
d  2.6174558819e-03 1.8322190257e+00 0.0000000000e+00 4.2966514616e-05 3.0000000000e+02 -4.4830051429e-12 1.4834065496e-13 4.2966507514e-12 4.4828219219e-12 -7.3147511733e-17 -1.4834065376e-13 -4.2966514689e-12 -3.7764687652e-14
d  2.6185726526e-03 1.8330007651e+00 0.0000000000e+00 4.7213076052e-05 3.0000000000e+02 -4.9228685906e-12 1.6271720879e-13 4.7212935641e-12 4.9226853106e-12 -8.9147537233e-17 -1.6271718907e-13 -4.7213076635e-12 -3.8575558945e-14
d  2.6192427150e-03 1.8334698088e+00 0.0000000000e+00 5.0225332923e-05 3.0000000000e+02 -5.2349878300e-12 1.7302499135e-13 5.0225479374e-12 5.2348044593e-12 -1.0217230179e-16 -1.7302502214e-13 -5.0225332217e-12 -3.9158788179e-14
d  2.6200467899e-03 1.8340326612e+00 0.0000000000e+00 5.4440603927e-05 3.0000000000e+02 -5.6718949879e-12 1.8753813185e-13 5.4440603847e-12 5.6717115847e-12 -1.2121522203e-16 -1.8753813184e-13 -5.4440603981e-12 -3.9981211080e-14
d  2.6210116797e-03 1.8347080841e+00 0.0000000000e+00 6.0651866189e-05 3.0000000000e+02 -6.3159383291e-12 2.0920622513e-13 6.0651855967e-12 6.3157548602e-12 -1.5189241453e-16 -2.0920622348e-13 -6.0651866297e-12 -4.1212577504e-14
d  2.6215906137e-03 1.8351133378e+00 0.0000000000e+00 6.5166557505e-05 3.0000000000e+02 -6.7842382218e-12 2.2510276024e-13 6.5166871273e-12 6.7840546462e-12 -1.7787056654e-16 -2.2510283643e-13 -6.5166555640e-12 -4.2120793518e-14
d  2.6222853344e-03 1.8355996423e+00 0.0000000000e+00 7.1645448176e-05 3.0000000000e+02 -7.4565026557e-12 2.4810626159e-13 7.1646422883e-12 7.4563188822e-12 -2.1726100612e-16 -2.4810648232e-13 -7.1645442376e-12 -4.3438397298e-14
d  2.6231189992e-03 1.8361832077e+00 0.0000000000e+00 8.1563022732e-05 3.0000000000e+02 -8.4860169240e-12 2.8372867919e-13 8.1563004558e-12 8.4858333100e-12 -2.8396635576e-16 -2.8372867580e-13 -8.1563022915e-12 -4.5488310261e-14
d  2.6236191981e-03 1.8365333469e+00 0.0000000000e+00 8.9054871660e-05 3.0000000000e+02 -9.2640486685e-12 3.1097177476e-13 8.9054873034e-12 9.2638650148e-12 -3.4428723389e-16 -3.1097177514e-13 -8.9054871739e-12 -4.7070783095e-14
d  2.6242194368e-03 1.8369535139e+00 0.0000000000e+00 1.0026206329e-04 3.0000000000e+02 -1.0428350905e-11 3.5205040314e-13 1.0026206474e-11 1.0428167210e-11 -4.4102712724e-16 -3.5205040352e-13 -1.0026206338e-11 -4.9467894175e-14
d  2.6245795801e-03 1.8372056142e+00 0.0000000000e+00 1.0853945150e-04 3.0000000000e+02 -1.1288595278e-11 3.8266864265e-13 1.0853945299e-11 1.1288411557e-11 -5.2418606305e-16 -3.8266864323e-13 -1.0853945159e-11 -5.1273345497e-14
d  2.6250117519e-03 1.8375081345e+00 0.0000000000e+00 1.2062423694e-04 3.0000000000e+02 -1.2544921717e-11 4.2772005272e-13 1.2062422381e-11 1.2544737971e-11 -6.5327220595e-16 -4.2772004794e-13 -1.2062423719e-11 -5.3942940449e-14
d  2.6255303581e-03 1.8378711588e+00 0.0000000000e+00 1.3962291638e-04 3.0000000000e+02 -1.4520842153e-11 4.9926591615e-13 1.3962292262e-11 1.4520658363e-11 -8.8013427047e-16 -4.9926591802e-13 -1.3962291646e-11 -5.8222931045e-14
d  2.6258415219e-03 1.8380889734e+00 0.0000000000e+00 1.5437264678e-04 3.0000000000e+02 -1.6055552326e-11 5.5536512264e-13 1.5437282219e-11 1.6055368435e-11 -1.0939816712e-15 -5.5536520158e-13 -1.5437264478e-11 -6.1643525012e-14
d  2.6262149184e-03 1.8383503509e+00 0.0000000000e+00 1.7712032719e-04 3.0000000000e+02 -1.8423319912e-11 6.4263518463e-13 1.7711993992e-11 1.8423136280e-11 -1.4515633960e-15 -6.4263502265e-13 -1.7712033214e-11 -6.7013943824e-14
d  2.6266629942e-03 1.8386640040e+00 0.0000000000e+00 2.1627930429e-04 3.0000000000e+02 -2.2501457951e-11 7.9466260716e-13 2.1627924936e-11 2.2501274119e-11 -2.1631248160e-15 -7.9466258843e-13 -2.1627930518e-11 -7.6540127992e-14
d  2.6269318396e-03 1.8388521958e+00 0.0000000000e+00 2.4981085358e-04 3.0000000000e+02 -2.5995816168e-11 9.2649221233e-13 2.4981072645e-11 2.5995632376e-11 -2.9453504188e-15 -9.2649214695e-13 -2.4981085587e-11 -8.5114452532e-14
d  2.6272544542e-03 1.8390780260e+00 0.0000000000e+00 3.0817609069e-04 3.0000000000e+02 -3.2081330467e-11 1.1585132990e-12 3.0817611356e-11 3.2081146538e-11 -4.4897466414e-15 -1.1585133098e-12 -3.0817609060e-11 -1.0054185436e-13
d  2.6274480229e-03 1.8392135241e+00 0.0000000000e+00 3.5888474222e-04 3.0000000000e+02 -3.7372538423e-11 1.3628549804e-12 3.5888626483e-11 3.7372352905e-11 -6.2027102442e-15 -1.3628560680e-12 -3.5888470812e-11 -1.1481995522e-13
d  2.6276803054e-03 1.8393761218e+00 0.0000000000e+00 4.4893179539e-04 3.0000000000e+02 -4.6774060252e-11 1.7297169052e-12 4.4893191005e-11 4.6773876163e-11 -9.6752134188e-15 -1.7297169805e-12 -4.4893179303e-11 -1.4125897080e-13
d  2.6279590444e-03 1.8395712391e+00 0.0000000000e+00 6.5504818761e-04 3.0000000000e+02 -6.8316438140e-11 2.5848256571e-12 6.5505109993e-11 6.8316247896e-11 -1.9744546237e-14 -2.5848271316e-12 -6.5504809935e-11 -2.0687549153e-13
d  2.6281262878e-03 1.8396883095e+00 0.0000000000e+00 9.0947622972e-04 3.0000000000e+02 -9.4961989526e-11 3.6733635752e-12 9.0947414100e-11 9.4961811643e-11 -3.8454368088e-14 -3.6733619796e-12 -9.0947631946e-11 -3.0230173633e-13
d  2.6282266338e-03 1.8397585517e+00 0.0000000000e+00 1.1805889381e-03 3.0000000000e+02 -1.2342263498e-10 4.8740809021e-12 1.1805889589e-10 1.2342245093e-10 -6.6630457470e-14 -4.8740809298e-12 -1.1805889381e-10 -4.2293997330e-13
d  2.6283470491e-03 1.8398428424e+00 0.0000000000e+00 1.8682072070e-03 3.0000000000e+02 -1.9574986058e-10 8.0034213560e-12 1.8682071364e-10 1.9574967706e-10 -1.5574574392e-13 -8.0034212768e-12 -1.8682072150e-10 -7.6976064016e-13
d  2.6284192982e-03 1.8398934168e+00 0.0000000000e+00 2.8683563739e-03 3.0000000000e+02 -3.0152599634e-10 1.2891427015e-11 2.8683622322e-10 3.0152575252e-10 -3.5784112413e-13 -1.2891436722e-11 -2.8683556036e-10 -1.4409161347e-12
d  2.6284626477e-03 1.8399237614e+00 0.0000000000e+00 4.1407253983e-03 3.0000000000e+02 -4.3713640645e-10 1.9723867491e-11 4.1407159220e-10 4.3713635142e-10 -7.4486252444e-13 -1.9723839946e-11 -4.1407271778e-10 -2.5949746004e-12
d  2.6284886574e-03 1.8399419682e+00 0.0000000000e+00 5.5342295769e-03 3.0000000000e+02 -5.8694432218e-10 2.7968054173e-11 5.5342295236e-10 5.8694413908e-10 -1.3271312275e-12 -2.7968053901e-11 -5.5342295961e-10 -4.2262713691e-12
d  2.6285198690e-03 1.8399638163e+00 0.0000000000e+00 9.1832600238e-03 3.0000000000e+02 -9.8199645212e-10 5.1144418703e-11 9.1832597807e-10 9.8199627684e-10 -3.2075272215e-12 -5.1144417711e-11 -9.1832601384e-10 -9.3182212109e-12
d  2.6285385960e-03 1.8399769252e+00 0.0000000000e+00 1.4406863463e-02 3.0000000000e+02 -1.5579997715e-09 9.0510937873e-11 1.4406854614e-09 1.5580000963e-09 -7.1929821966e-12 -9.0510884858e-11 -1.4406869547e-09 -1.9609280377e-11
d  2.6285610684e-03 1.8399926559e+00 0.0000000000e+00 3.8944601138e-02 3.0000000000e+02 -4.3120255625e-09 3.0206265280e-10 3.8944601652e-09 4.3120256714e-09 -3.2499307850e-11 -3.0206266512e-10 -3.8944603954e-09 -8.3003466163e-11
d  2.6285678101e-03 1.8399973751e+00 0.0000000000e+00 5.6795009062e-02 3.0000000000e+02 -6.4185844308e-09 5.1682222903e-10 5.6795008601e-09 6.4185843921e-09 -6.3615387381e-11 -5.1682222389e-10 -5.6795010681e-09 -1.5864571675e-10
d  2.6285759001e-03 1.8400030381e+00 0.0000000000e+00 9.4648053894e-02 3.0000000000e+02 -1.0802290324e-08 9.1406100826e-10 9.4648053920e-09 1.0802290110e-08 -1.2234629210e-10 -9.1406100809e-10 -9.4648053686e-09 -3.0107745382e-10
d  2.6285856082e-03 1.8400098337e+00 0.0000000000e+00 1.7041164625e-01 3.0000000000e+02 -1.9158139805e-08 1.4257454538e-09 1.7041164473e-08 1.9158136762e-08 -2.0076678813e-10 -1.4257453800e-09 -1.7041161875e-08 -4.9046271127e-10
d  2.6285914330e-03 1.8400139111e+00 0.0000000000e+00 2.2671429026e-01 3.0000000000e+02 -2.4956505815e-08 1.5334070702e-09 2.2671429008e-08 2.4956506065e-08 -2.1853615654e-10 -1.5334070714e-09 -2.2671429484e-08 -5.3313331571e-10
d  2.6285984229e-03 1.8400188040e+00 0.0000000000e+00 2.9218893432e-01 3.0000000000e+02 -3.1243003555e-08 1.3574127868e-09 2.9218893342e-08 3.1243005144e-08 -1.9382250254e-10 -1.3574127807e-09 -2.9218895254e-08 -4.7287462952e-10
d  2.6286068106e-03 1.8400246754e+00 0.0000000000e+00 3.5455009221e-01 3.0000000000e+02 -3.6860804027e-08 9.4387914195e-10 3.5455009168e-08 3.6860804673e-08 -1.3420596187e-10 -9.4387913538e-10 -3.5455010099e-08 -3.2770950997e-10
d  2.6286168759e-03 1.8400317212e+00 0.0000000000e+00 4.0254199586e-01 3.0000000000e+02 -4.0986931965e-08 4.9288734768e-10 4.0254199578e-08 4.0986931883e-08 -6.9632647322e-11 -4.9288734651e-10 -4.0254199730e-08 -1.7021217837e-10
d  2.6286286301e-03 1.8400399491e+00 0.0000000000e+00 4.3125131328e-01 3.0000000000e+02 -4.3389171248e-08 1.7789596436e-10 4.3125130842e-08 4.3389176044e-08 -2.4994723140e-11 -1.7789590005e-10 -4.3125136460e-08 -6.1148954723e-11
d  2.6286427352e-03 1.8400498226e+00 0.0000000000e+00 4.4467076660e-01 3.0000000000e+02 -4.4498026825e-08 2.0914126931e-11 4.4467076646e-08 4.4498026775e-08 -2.9084631869e-12 -2.0914125334e-11 -4.4467076841e-08 -7.1273952448e-12
d  2.6286596613e-03 1.8400616709e+00 0.0000000000e+00 4.4851416351e-01 3.0000000000e+02 -4.4814335028e-08 -2.4962515552e-11 4.4851414366e-08 4.4814353815e-08 3.5185027789e-12 2.4962706377e-11 -4.4851435685e-08 8.6006754617e-12
d  2.6286799725e-03 1.8400758888e+00 0.0000000000e+00 4.4824225270e-01 3.0000000000e+02 -4.4792286071e-08 -2.1519958376e-11 4.4824225262e-08 4.4792285971e-08 3.0240724953e-12 2.1519959048e-11 -4.4824225400e-08 7.3952862784e-12
d  2.6287043461e-03 1.8400929502e+00 0.0000000000e+00 4.4719575937e-01 3.0000000000e+02 -4.4706566817e-08 -8.7788910147e-12 4.4719575909e-08 4.4706566922e-08 1.2273193450e-12 8.7788928366e-12 -4.4719576274e-08 3.0031603216e-12
d  2.6287335943e-03 1.8401134240e+00 0.0000000000e+00 4.4658618728e-01 3.0000000000e+02 -4.4656740656e-08 -1.2865633409e-12 4.4658618715e-08 4.4656740608e-08 1.7093379362e-13 1.2865640159e-12 -4.4658618910e-08 4.2079754177e-13
d  2.6287686922e-03 1.8401379925e+00 0.0000000000e+00 4.4643563160e-01 3.0000000000e+02 -4.4644680585e-08 7.2958915195e-13 4.4643563151e-08 4.4644680502e-08 -1.1336931729e-13 -7.2958875557e-13 -4.4643563306e-08 -2.7424251630e-13
d  2.6288108096e-03 1.8401674747e+00 0.0000000000e+00 4.4647062070e-01 3.0000000000e+02 -4.4647932557e-08 5.6335185386e-13 4.4647053889e-08 4.4648025362e-08 -8.9882631647e-14 -5.6305943667e-13 -4.4647155607e-08 -2.1681187002e-13
d  2.6288613505e-03 1.8402028534e+00 0.0000000000e+00 4.4652571943e-01 3.0000000000e+02 -4.4652913371e-08 2.0738713779e-13 4.4652556948e-08 4.4653088560e-08 -3.9666042407e-14 -2.0694693250e-13 -4.4652748122e-08 -9.4026876684e-14
d  2.6289219997e-03 1.8402453078e+00 0.0000000000e+00 4.4656606169e-01 3.0000000000e+02 -4.4656770980e-08 8.8550857547e-14 4.4656597344e-08 4.4656876861e-08 -2.2963629791e-14 -8.8338057850e-14 -4.4656712649e-08 -5.3177360513e-14
d  2.6289947786e-03 1.8402962530e+00 0.0000000000e+00 4.4660274696e-01 3.0000000000e+02 -4.4660435172e-08 8.5503818939e-14 4.4660268182e-08 4.4660515304e-08 -2.2556885508e-14 -8.5374762925e-14 -4.4660355282e-08 -5.2171227996e-14
d  2.6290821134e-03 1.8403573873e+00 0.0000000000e+00 4.4664568185e-01 3.0000000000e+02 -4.4664743811e-08 9.5683930249e-14 4.4664560427e-08 4.4664841573e-08 -2.3997936773e-14 -9.5557548444e-14 -4.4664666398e-08 -5.5680639570e-14
d  2.6291869151e-03 1.8404307485e+00 0.0000000000e+00 4.4669800356e-01 3.0000000000e+02 -4.4669980143e-08 9.8491480812e-14 4.4669790397e-08 4.4670108403e-08 -2.4398627382e-14 -9.8357998478e-14 -4.4669929081e-08 -5.6643467713e-14
d  2.6293126771e-03 1.8405187819e+00 0.0000000000e+00 4.4676107660e-01 3.0000000000e+02 -4.4676287325e-08 9.8412420897e-14 4.4676107596e-08 4.4676287982e-08 -2.4422971556e-14 -9.8411714959e-14 -4.4676108547e-08 -5.6687915296e-14
d  2.6294635915e-03 1.8406244220e+00 0.0000000000e+00 4.4683675750e-01 3.0000000000e+02 -4.4683854852e-08 9.7947127303e-14 4.4683675668e-08 4.4683855752e-08 -2.4366948140e-14 -9.7946389473e-14 -4.4683676880e-08 -5.6529472641e-14
d  2.6296446889e-03 1.8407511902e+00 0.0000000000e+00 4.4692757986e-01 3.0000000000e+02 -4.4692937182e-08 9.8034436849e-14 4.4692757891e-08 4.4692938290e-08 -2.4388379342e-14 -9.8033722460e-14 -4.4692759324e-08 -5.6556033784e-14
d  2.6298620057e-03 1.8409033119e+00 0.0000000000e+00 4.4703657068e-01 3.0000000000e+02 -4.4703836279e-08 9.8090973766e-14 4.4703657066e-08 4.4703836124e-08 -2.4403328146e-14 -9.8090960697e-14 -4.4703657142e-08 -5.6560968526e-14
d  2.6301227858e-03 1.8410858580e+00 0.0000000000e+00 4.4716736930e-01 3.0000000000e+02 -4.4716916165e-08 9.8014074199e-14 4.4716736923e-08 4.4716916068e-08 -2.4416458802e-14 -9.8014041947e-14 -4.4716737062e-08 -5.6556922064e-14
d  2.6304357220e-03 1.8413049133e+00 0.0000000000e+00 4.4732434251e-01 3.0000000000e+02 -4.4732613516e-08 9.8038620564e-14 4.4732434235e-08 4.4732613561e-08 -2.4436436389e-14 -9.8038551349e-14 -4.4732434525e-08 -5.6560910758e-14
d  2.6308112454e-03 1.8415677797e+00 0.0000000000e+00 4.4751273155e-01 3.0000000000e+02 -4.4751452454e-08 9.8047146060e-14 4.4751273131e-08 4.4751452605e-08 -2.4459651322e-14 -9.8047063015e-14 -4.4751273534e-08 -5.6563984388e-14
d  2.6312618735e-03 1.8418832193e+00 0.0000000000e+00 4.4773882884e-01 3.0000000000e+02 -4.4774062226e-08 9.8056989099e-14 4.4773882857e-08 4.4774062430e-08 -2.4487559347e-14 -9.8056909973e-14 -4.4773883317e-08 -5.6567647820e-14
d  2.6318026272e-03 1.8422617469e+00 0.0000000000e+00 4.4801018951e-01 3.0000000000e+02 -4.4801198343e-08 9.8066923539e-14 4.4801018922e-08 4.4801198580e-08 -2.4521075169e-14 -9.8066852761e-14 -4.4801019417e-08 -5.6571910986e-14
d  2.6324515317e-03 1.8427159800e+00 0.0000000000e+00 4.4833588555e-01 3.0000000000e+02 -4.4833768007e-08 9.8090701361e-14 4.4833588518e-08 4.4833768346e-08 -2.4561823660e-14 -9.8090628719e-14 -4.4833589123e-08 -5.6577874056e-14
d  2.6332302170e-03 1.8432610598e+00 0.0000000000e+00 4.4872681169e-01 3.0000000000e+02 -4.4872860694e-08 9.8102547591e-14 4.4872681119e-08 4.4872861240e-08 -2.4610314818e-14 -9.8102463917e-14 -4.4872681944e-08 -5.6583816890e-14
d  2.6341646394e-03 1.8439151554e+00 0.0000000000e+00 4.4919605392e-01 3.0000000000e+02 -4.4919785004e-08 9.8124407699e-14 4.4919605310e-08 4.4919786017e-08 -2.4668999479e-14 -9.8124294215e-14 -4.4919606634e-08 -5.6591493162e-14
d  2.6352859464e-03 1.8447000702e+00 0.0000000000e+00 4.4975933293e-01 3.0000000000e+02 -4.4976113010e-08 9.8149517045e-14 4.4975933137e-08 4.4976115107e-08 -2.4739687949e-14 -9.8149337943e-14 -4.4975935620e-08 -5.6600611043e-14
d  2.6366315146e-03 1.8456419680e+00 0.0000000000e+00 4.5043553901e-01 3.0000000000e+02 -4.5043733744e-08 9.8179566143e-14 4.5043553573e-08 4.5043738391e-08 -2.4824903456e-14 -9.8179251958e-14 -4.5043558778e-08 -5.6611533166e-14
d  2.6382461966e-03 1.8467722453e+00 0.0000000000e+00 4.5124737691e-01 3.0000000000e+02 -4.5124917686e-08 9.8215038044e-14 4.5124736965e-08 4.5124928245e-08 -2.4927617356e-14 -9.8214459081e-14 -4.5124748481e-08 -5.6624563627e-14
d  2.6401838149e-03 1.8481285780e+00 0.0000000000e+00 4.5222214376e-01 3.0000000000e+02 -4.5222394560e-08 9.8260566034e-14 4.5222214364e-08 4.5222394562e-08 -2.5055513928e-14 -9.8260557719e-14 -4.5222214607e-08 -5.6640945849e-14
d  2.6425089569e-03 1.8497561774e+00 0.0000000000e+00 4.5339267110e-01 3.0000000000e+02 -4.5339447516e-08 9.8311463498e-14 4.5339267084e-08 4.5339447717e-08 -2.5208039930e-14 -9.8311449213e-14 -4.5339267541e-08 -5.6659395795e-14
d  2.6452991273e-03 1.8517092965e+00 0.0000000000e+00 4.5479846522e-01 3.0000000000e+02 -4.5480027200e-08 9.8376465074e-14 4.5479846522e-08 4.5480027021e-08 -2.5394099131e-14 -9.8376464888e-14 -4.5479846574e-08 -5.6682331199e-14
d  2.6486473318e-03 1.8540530396e+00 0.0000000000e+00 4.5648708791e-01 3.0000000000e+02 -4.5648889796e-08 9.8443002966e-14 4.5648708790e-08 4.5648889623e-08 -2.5620856099e-14 -9.8443002663e-14 -4.5648708848e-08 -5.6708867483e-14
d  2.6526651772e-03 1.8568655312e+00 0.0000000000e+00 4.5851584211e-01 3.0000000000e+02 -4.5851765617e-08 9.8533105300e-14 4.5851583564e-08 4.5851775208e-08 -2.5899097837e-14 -9.8532899235e-14 -4.5851594035e-08 -5.6741396992e-14
d  2.6574865917e-03 1.8602405212e+00 0.0000000000e+00 4.6095380610e-01 3.0000000000e+02 -4.6095562503e-08 9.8639478054e-14 4.6095380599e-08 4.6095562475e-08 -2.6241621943e-14 -9.8639475287e-14 -4.6095380815e-08 -5.6780576521e-14
d  2.6632722890e-03 1.8642905091e+00 0.0000000000e+00 4.6388431728e-01 3.0000000000e+02 -4.6388614216e-08 9.8762917834e-14 4.6388431727e-08 4.6388614053e-08 -2.6664965792e-14 -9.8762917492e-14 -4.6388431798e-08 -5.6826596468e-14
d  2.6702151258e-03 1.8691504946e+00 0.0000000000e+00 4.6740804347e-01 3.0000000000e+02 -4.6740987565e-08 9.8911330489e-14 4.6740804343e-08 4.6740987431e-08 -2.7191785532e-14 -9.8911329864e-14 -4.6740804446e-08 -5.6881943865e-14
d  2.6785465300e-03 1.8749824773e+00 0.0000000000e+00 4.7164673970e-01 3.0000000000e+02 -4.7164858094e-08 9.9087890683e-14 4.7164673970e-08 4.7164857908e-08 -2.7853180767e-14 -9.9087890672e-14 -4.7164674019e-08 -5.6948144023e-14
d  2.6885442150e-03 1.8819808564e+00 0.0000000000e+00 4.7674781882e-01 3.0000000000e+02 -4.7674967130e-08 9.9295360055e-14 4.7674781882e-08 4.7674966943e-08 -2.8689674394e-14 -9.9295360051e-14 -4.7674781931e-08 -5.7026798403e-14
d  2.6945428261e-03 1.8861798839e+00 0.0000000000e+00 4.7981609624e-01 3.0000000000e+02 -4.7981795567e-08 9.9417696963e-14 4.7981609621e-08 4.7981795427e-08 -2.9215147779e-14 -9.9417696373e-14 -4.7981609721e-08 -5.7073560892e-14
d  2.7017411593e-03 1.8912187169e+00 0.0000000000e+00 4.8350555187e-01 3.0000000000e+02 -4.8350741987e-08 9.9562644581e-14 4.8350555183e-08 4.8350741862e-08 -2.9870182902e-14 -9.9562643858e-14 -4.8350555300e-08 -5.7129462115e-14
d  2.7103791591e-03 1.8972653165e+00 0.0000000000e+00 4.8794368802e-01 3.0000000000e+02 -4.8794556666e-08 9.9734874199e-14 4.8794368802e-08 4.8794556478e-08 -3.0694848035e-14 -9.9734874179e-14 -4.8794368853e-08 -5.7196193518e-14
d  2.7207447590e-03 1.9045212361e+00 0.0000000000e+00 4.9328491887e-01 3.0000000000e+02 -4.9328681070e-08 9.9933278023e-14 4.9328491882e-08 4.9328680953e-08 -3.1735290342e-14 -9.9933277467e-14 -4.9328492009e-08 -5.7275358825e-14
d  2.7269641189e-03 1.9088747878e+00 0.0000000000e+00 4.9649772754e-01 3.0000000000e+02 -4.9649962770e-08 1.0005575441e-13 4.9649772750e-08 4.9649962640e-08 -3.2397516070e-14 -1.0005575373e-13 -4.9649772864e-08 -5.7322902344e-14
d  2.7344273507e-03 1.9140990498e+00 0.0000000000e+00 5.0036106639e-01 3.0000000000e+02 -5.0036297674e-08 1.0019571349e-13 5.0036106634e-08 5.0036297562e-08 -3.3218263312e-14 -1.0019571265e-13 -5.0036106769e-08 -5.7379422944e-14
d  2.7433832290e-03 1.9203681643e+00 0.0000000000e+00 5.0500845956e-01 3.0000000000e+02 -5.0501038262e-08 1.0036213590e-13 5.0500845956e-08 5.0501038076e-08 -3.4254929141e-14 -1.0036213585e-13 -5.0500846013e-08 -5.7446570485e-14
d  2.7487567560e-03 1.9241296330e+00 0.0000000000e+00 5.0780284148e-01 3.0000000000e+02 -5.0780477240e-08 1.0045947997e-13 5.0780284134e-08 5.0780477280e-08 -3.4902338569e-14 -1.0045947698e-13 -5.0780284432e-08 -5.7486612942e-14
d  2.7552049883e-03 1.9286433954e+00 0.0000000000e+00 5.1116195759e-01 3.0000000000e+02 -5.1116389818e-08 1.0057445878e-13 5.1116195757e-08 5.1116389670e-08 -3.5706373596e-14 -1.0057445825e-13 -5.1116195855e-08 -5.7534346377e-14
d  2.7629428671e-03 1.9340599103e+00 0.0000000000e+00 5.1520176387e-01 3.0000000000e+02 -5.1520371658e-08 1.0072085807e-13 5.1520176381e-08 5.1520371566e-08 -3.6709708667e-14 -1.0072085707e-13 -5.1520176539e-08 -5.7595823319e-14
d  2.7722283217e-03 1.9405597281e+00 0.0000000000e+00 5.2006229525e-01 3.0000000000e+02 -5.2006426319e-08 1.0089613545e-13 5.2006229524e-08 5.2006426138e-08 -3.7983706126e-14 -1.0089613535e-13 -5.2006229590e-08 -5.7668292201e-14
d  2.7777995944e-03 1.9444596189e+00 0.0000000000e+00 5.2298485812e-01 3.0000000000e+02 -5.2298683522e-08 1.0098129151e-13 5.2298485796e-08 5.2298683601e-08 -3.8776655232e-14 -1.0098128821e-13 -5.2298486137e-08 -5.7705934060e-14
d  2.7844851217e-03 1.9491394877e+00 0.0000000000e+00 5.2649809618e-01 3.0000000000e+02 -5.2650008473e-08 1.0109034018e-13 5.2649809614e-08 5.2650008333e-08 -3.9763518416e-14 -1.0109033956e-13 -5.2649809726e-08 -5.7753823117e-14
d  2.7925077545e-03 1.9547553304e+00 0.0000000000e+00 5.3072280956e-01 3.0000000000e+02 -5.3072481232e-08 1.0121844535e-13 5.3072280956e-08 5.3072481038e-08 -4.0999248120e-14 -1.0121844534e-13 -5.3072281010e-08 -5.7810781972e-14
d  2.8021349138e-03 1.9614943416e+00 0.0000000000e+00 5.3580507371e-01 3.0000000000e+02 -5.3580709423e-08 1.0136633231e-13 5.3580507369e-08 5.3580709251e-08 -4.2558318520e-14 -1.0136633212e-13 -5.3580507449e-08 -5.7878165822e-14
d  2.8079112094e-03 1.9655377483e+00 0.0000000000e+00 5.3886098276e-01 3.0000000000e+02 -5.3886301432e-08 1.0145238514e-13 5.3886098257e-08 5.3886301562e-08 -4.3535384105e-14 -1.0145238141e-13 -5.3886098657e-08 -5.7918019172e-14
d  2.8148427641e-03 1.9703898363e+00 0.0000000000e+00 5.4253446684e-01 3.0000000000e+02 -5.4253651201e-08 1.0155107131e-13 5.4253446680e-08 5.4253651070e-08 -4.4750011001e-14 -1.0155107061e-13 -5.4253446804e-08 -5.7964962200e-14
d  2.8231606297e-03 1.9762123420e+00 0.0000000000e+00 5.4695135026e-01 3.0000000000e+02 -5.4695341221e-08 1.0165531616e-13 5.4695135026e-08 5.4695341025e-08 -4.6270461901e-14 -1.0165531615e-13 -5.4695135082e-08 -5.8016759139e-14
d  2.8331420685e-03 1.9831993488e+00 0.0000000000e+00 5.5226440070e-01 3.0000000000e+02 -5.5226648384e-08 1.0178676645e-13 5.5226440070e-08 5.5226648187e-08 -4.8191395467e-14 -1.0178676644e-13 -5.5226440126e-08 -5.8082344304e-14
d  2.8391309317e-03 1.9873915528e+00 0.0000000000e+00 5.5545906014e-01 3.0000000000e+02 -5.5546115655e-08 1.0186751053e-13 5.5545905992e-08 5.5546115862e-08 -4.9396239020e-14 -1.0186750618e-13 -5.5545906476e-08 -5.8122765169e-14
d  2.8463175676e-03 1.9924221977e+00 0.0000000000e+00 5.5929943452e-01 3.0000000000e+02 -5.5930154732e-08 1.0195988015e-13 5.5929943448e-08 5.5930154612e-08 -5.0893888112e-14 -1.0195987936e-13 -5.5929943588e-08 -5.8170478647e-14
d  2.8549415307e-03 1.9984589716e+00 0.0000000000e+00 5.6391764504e-01 3.0000000000e+02 -5.6391977828e-08 1.0206932353e-13 5.6391764504e-08 5.6391977632e-08 -5.2771923787e-14 -1.0206932350e-13 -5.6391764563e-08 -5.8227508585e-14
d  2.8571430000e-03 2.0000000000e+00 0.0000000000e+00 5.6509826142e-01 3.0000000000e+02 -5.6510040002e-08 1.0209656759e-13 5.6509826141e-08 5.6510039807e-08 -5.3265153549e-14 -1.0209656746e-13 -5.6509826203e-08 -5.8242100665e-14
d  2.8597847631e-03 2.0018492341e+00 0.0000000000e+00 5.6651591702e-01 3.0000000000e+02 -5.6651806212e-08 1.0212888551e-13 5.6651591702e-08 5.6651806018e-08 -5.3864791877e-14 -1.0212888534e-13 -5.6651591765e-08 -5.8259476078e-14
d  2.8629548789e-03 2.0040683150e+00 0.0000000000e+00 5.6821842797e-01 3.0000000000e+02 -5.6822058098e-08 1.0216775402e-13 5.6821842797e-08 5.6822057905e-08 -5.4595648934e-14 -1.0216775385e-13 -5.6821842861e-08 -5.8280452779e-14
d  2.8667590178e-03 2.0067312121e+00 0.0000000000e+00 5.7026333538e-01 3.0000000000e+02 -5.7026549802e-08 1.0221292579e-13 5.7026333534e-08 5.7026549658e-08 -5.5488885257e-14 -1.0221292474e-13 -5.7026333651e-08 -5.8305274203e-14
d  2.8713239845e-03 2.0099266887e+00 0.0000000000e+00 5.7271994086e-01 3.0000000000e+02 -5.7272211530e-08 1.0226603809e-13 5.7271994072e-08 5.7272211581e-08 -5.6584589179e-14 -1.0226603419e-13 -5.7271994395e-08 -5.8334901513e-14
d  2.8768019445e-03 2.0137612605e+00 0.0000000000e+00 5.7567177094e-01 3.0000000000e+02 -5.7567395986e-08 1.0232847085e-13 5.7567177076e-08 5.7567396122e-08 -5.7934353805e-14 -1.0232846653e-13 -5.7567177488e-08 -5.8370321741e-14
d  2.8833754966e-03 2.0183627467e+00 0.0000000000e+00 5.7921957284e-01 3.0000000000e+02 -5.7922177963e-08 1.0240130874e-13 5.7921957282e-08 5.7922177794e-08 -5.9605301634e-14 -1.0240130839e-13 -5.7921957374e-08 -5.8412566576e-14
d  2.8912637590e-03 2.0238845301e+00 0.0000000000e+00 5.8348498062e-01 3.0000000000e+02 -5.8348720958e-08 1.0248591350e-13 5.8348498062e-08 5.8348720755e-08 -6.1685972543e-14 -1.0248591350e-13 -5.8348498121e-08 -5.8462893612e-14
d  2.9007296740e-03 2.0305106703e+00 0.0000000000e+00 5.8861499811e-01 3.0000000000e+02 -5.8861725472e-08 1.0258259720e-13 5.8861499810e-08 5.8861725289e-08 -6.4294261980e-14 -1.0258259706e-13 -5.8861499889e-08 -5.8522639810e-14
d  2.9064092229e-03 2.0344863543e+00 0.0000000000e+00 5.9169901679e-01 3.0000000000e+02 -5.9170129057e-08 1.0263842185e-13 5.9169901657e-08 5.9170129271e-08 -6.5919002896e-14 -1.0263841737e-13 -5.9169902155e-08 -5.8558116964e-14
d  2.9132246817e-03 2.0392571752e+00 0.0000000000e+00 5.9540577784e-01 3.0000000000e+02 -5.9540807281e-08 1.0270346622e-13 5.9540577784e-08 5.9540807092e-08 -6.7929430973e-14 -1.0270346607e-13 -5.9540577859e-08 -5.8600625645e-14
d  2.9214032322e-03 2.0449821603e+00 0.0000000000e+00 5.9986241331e-01 3.0000000000e+02 -5.9986473456e-08 1.0277871004e-13 5.9986241331e-08 5.9986473252e-08 -7.0430822214e-14 -1.0277871003e-13 -5.9986241392e-08 -5.8651231396e-14
d  2.9312174928e-03 2.0518521424e+00 0.0000000000e+00 6.0522256195e-01 3.0000000000e+02 -6.0522491598e-08 1.0286362708e-13 6.0522256193e-08 6.0522491422e-08 -7.3562982952e-14 -1.0286362689e-13 -6.0522256284e-08 -5.8711112145e-14
d  2.9371060492e-03 2.0559741316e+00 0.0000000000e+00 6.0844500528e-01 3.0000000000e+02 -6.0844737966e-08 1.0291279275e-13 6.0844500501e-08 6.0844738285e-08 -7.5512038233e-14 -1.0291278743e-13 -6.0844501114e-08 -5.8746752135e-14
d  2.9441723168e-03 2.0609205187e+00 0.0000000000e+00 6.1231818580e-01 3.0000000000e+02 -6.1232058516e-08 1.0296455075e-13 6.1231818534e-08 6.1232059214e-08 -7.7915560177e-14 -1.0296454223e-13 -6.1231819545e-08 -5.8788779294e-14
d  2.9526518380e-03 2.0668561832e+00 0.0000000000e+00 6.1697495730e-01 3.0000000000e+02 -6.1697738784e-08 1.0302959624e-13 6.1697495730e-08 6.1697738579e-08 -8.0913853633e-14 -1.0302959623e-13 -6.1697495793e-08 -5.8839231657e-14
d  2.9628272634e-03 2.0739789807e+00 0.0000000000e+00 6.2257590527e-01 3.0000000000e+02 -6.2257837458e-08 1.0310586964e-13 6.2257590527e-08 6.2257837251e-08 -8.4656316491e-14 -1.0310586963e-13 -6.2257590591e-08 -5.8899309856e-14
d  2.9689325186e-03 2.0782526591e+00 0.0000000000e+00 6.2594315151e-01 3.0000000000e+02 -6.2594564483e-08 1.0314630296e-13 6.2594315116e-08 6.2594564958e-08 -8.6981315525e-14 -1.0314629644e-13 -6.2594315896e-08 -5.8934719922e-14
d  2.9762588249e-03 2.0833810733e+00 0.0000000000e+00 6.2999041638e-01 3.0000000000e+02 -6.2999293931e-08 1.0319346875e-13 6.2999041592e-08 6.2999294642e-08 -8.9851283387e-14 -1.0319346059e-13 -6.2999042620e-08 -5.8976953445e-14
d  2.9850503925e-03 2.0895351702e+00 0.0000000000e+00 6.3485654506e-01 3.0000000000e+02 -6.3485910464e-08 1.0324746533e-13 6.3485654506e-08 6.3485910257e-08 -9.3411141126e-14 -1.0324746532e-13 -6.3485654572e-08 -5.9027224168e-14
d  2.9956002735e-03 2.0969200866e+00 0.0000000000e+00 6.4070937245e-01 3.0000000000e+02 -6.4071197763e-08 1.0330712689e-13 6.4070937242e-08 6.4071197619e-08 -9.7849882740e-14 -1.0330712649e-13 -6.4070937375e-08 -5.9086833185e-14
d  3.0019302021e-03 2.1013510364e+00 0.0000000000e+00 6.4422810341e-01 3.0000000000e+02 -6.4423073683e-08 1.0334305274e-13 6.4422810298e-08 6.4423074356e-08 -1.0060296560e-13 -1.0334304481e-13 -6.4422811288e-08 -5.9122508558e-14
d  3.0095261165e-03 2.1066681762e+00 0.0000000000e+00 6.4845745686e-01 3.0000000000e+02 -6.4846012500e-08 1.0338001341e-13 6.4845745635e-08 6.4846013330e-08 -1.0399344802e-13 -1.0338000470e-13 -6.4845746792e-08 -5.9164267757e-14
d  3.0186412137e-03 2.1130487440e+00 0.0000000000e+00 6.5354256313e-01 3.0000000000e+02 -6.5354527418e-08 1.0342452607e-13 6.5354256313e-08 6.5354527211e-08 -1.0818905628e-13 -1.0342452604e-13 -6.5354256383e-08 -5.9214506646e-14
d  3.0241102721e-03 2.1168770846e+00 0.0000000000e+00 6.5659876837e-01 3.0000000000e+02 -6.5660150580e-08 1.0344922371e-13 6.5659876807e-08 6.5660150993e-08 -1.1077261832e-13 -1.0344921730e-13 -6.5659877527e-08 -5.9244182783e-14
d  3.0306731421e-03 2.1214710934e+00 0.0000000000e+00 6.6027127800e-01 3.0000000000e+02 -6.6027404774e-08 1.0347786512e-13 6.6027127748e-08 6.6027405643e-08 -1.1393874959e-13 -1.0347785479e-13 -6.6027128947e-08 -5.9279665526e-14
d  3.0385485861e-03 2.1269839039e+00 0.0000000000e+00 6.6468554976e-01 3.0000000000e+02 -6.6468835920e-08 1.0351093714e-13 6.6468554918e-08 6.6468836904e-08 -1.1783255246e-13 -1.0351092769e-13 -6.6468556238e-08 -5.9321994090e-14
d  3.0479991189e-03 2.1335992766e+00 0.0000000000e+00 6.6999305038e-01 3.0000000000e+02 -6.6999590879e-08 1.0354816777e-13 6.6999305038e-08 6.6999590678e-08 -1.2264037424e-13 -1.0354816769e-13 -6.6999305118e-08 -5.9372171504e-14
d  3.0536694386e-03 2.1375685001e+00 0.0000000000e+00 6.7318294333e-01 3.0000000000e+02 -6.7318583180e-08 1.0356932650e-13 6.7318294296e-08 6.7318583752e-08 -1.2559535907e-13 -1.0356931889e-13 -6.7318295186e-08 -5.9401882822e-14
d  3.0604738222e-03 2.1423315684e+00 0.0000000000e+00 6.7701613150e-01 3.0000000000e+02 -6.7701905675e-08 1.0359411675e-13 6.7701613090e-08 6.7701906737e-08 -1.2921091946e-13 -1.0359410523e-13 -6.7701614494e-08 -5.9437519867e-14
d  3.0686390826e-03 2.1480472504e+00 0.0000000000e+00 6.8162359359e-01 3.0000000000e+02 -6.8162656395e-08 1.0362372075e-13 6.8162359294e-08 6.8162657567e-08 -1.3364887777e-13 -1.0362371040e-13 -6.8162360815e-08 -5.9480190635e-14
d  3.0784373950e-03 2.1549060687e+00 0.0000000000e+00 6.8716345031e-01 3.0000000000e+02 -6.8716647619e-08 1.0365726624e-13 6.8716345030e-08 6.8716647429e-08 -1.3911556603e-13 -1.0365726608e-13 -6.8716345125e-08 -5.9530707763e-14
d  3.0843163824e-03 2.1590213597e+00 0.0000000000e+00 6.9049302281e-01 3.0000000000e+02 -6.9049608271e-08 1.0367668801e-13 6.9049302234e-08 6.9049609069e-08 -1.4246843496e-13 -1.0367667873e-13 -6.9049303364e-08 -5.9560581032e-14
d  3.0913711674e-03 2.1639597090e+00 0.0000000000e+00 6.9449407910e-01 3.0000000000e+02 -6.9449718055e-08 1.0369916665e-13 6.9449407842e-08 6.9449719322e-08 -1.4656357165e-13 -1.0369915400e-13 -6.9449409463e-08 -5.9596358571e-14
d  3.0998369093e-03 2.1698857280e+00 0.0000000000e+00 6.9930331800e-01 3.0000000000e+02 -6.9930647032e-08 1.0372649198e-13 6.9930331726e-08 6.9930648443e-08 -1.5157951259e-13 -1.0372648051e-13 -6.9930333498e-08 -5.9639051708e-14
d  3.1099957996e-03 2.1769969509e+00 0.0000000000e+00 7.0508580415e-01 3.0000000000e+02 -7.0508901895e-08 1.0375894900e-13 7.0508580413e-08 7.0508901716e-08 -1.5774270871e-13 -1.0375894878e-13 -7.0508580524e-08 -5.9689898285e-14
d  3.1160911338e-03 2.1812636846e+00 0.0000000000e+00 7.0856121452e-01 3.0000000000e+02 -7.0856446753e-08 1.0377873027e-13 7.0856121392e-08 7.0856447857e-08 -1.6151455848e-13 -1.0377871885e-13 -7.0856122844e-08 -5.9720032507e-14
d  3.1234055348e-03 2.1863837651e+00 0.0000000000e+00 7.1273753893e-01 3.0000000000e+02 -7.1274083854e-08 1.0380134629e-13 7.1273753815e-08 7.1274085360e-08 -1.6611310102e-13 -1.0380133240e-13 -7.1273755690e-08 -5.9756152249e-14
d  3.1321828161e-03 2.1925278616e+00 0.0000000000e+00 7.1775747217e-01 3.0000000000e+02 -7.1776082871e-08 1.0383023784e-13 7.1775747131e-08 7.1776084573e-08 -1.7173367309e-13 -1.0383022506e-13 -7.1775749210e-08 -5.9799302765e-14
d  3.1427155535e-03 2.1999007775e+00 0.0000000000e+00 7.2379331464e-01 3.0000000000e+02 -7.2379674095e-08 1.0386535134e-13 7.2379331464e-08 7.2379673877e-08 -1.7862249761e-13 -1.0386535133e-13 -7.2379331539e-08 -5.9850700692e-14
d  3.1490351960e-03 2.2043245270e+00 0.0000000000e+00 7.2742100339e-01 3.0000000000e+02 -7.2742447229e-08 1.0388632384e-13 7.2742100263e-08 7.2742448716e-08 -1.8282914184e-13 -1.0388630991e-13 -7.2742102120e-08 -5.9881078432e-14
d  3.1566187670e-03 2.2096330264e+00 0.0000000000e+00 7.3178032625e-01 3.0000000000e+02 -7.3178384699e-08 1.0391305782e-13 7.3178032536e-08 7.3178386501e-08 -1.8794894238e-13 -1.0391304245e-13 -7.3178034721e-08 -5.9917748002e-14
d  3.1657190522e-03 2.2160032257e+00 0.0000000000e+00 7.3702021530e-01 3.0000000000e+02 -7.3702379926e-08 1.0394570612e-13 7.3702021430e-08 7.3702381997e-08 -1.9419376545e-13 -1.0394569174e-13 -7.3702023896e-08 -5.9961314648e-14
d  3.1766393944e-03 2.2236474649e+00 0.0000000000e+00 7.4332046297e-01 3.0000000000e+02 -7.4332412421e-08 1.0398546910e-13 7.4332046294e-08 7.4332412277e-08 -2.0182884912e-13 -1.0398546869e-13 -7.4332046449e-08 -6.0012966221e-14
d  3.1831915997e-03 2.2282340084e+00 0.0000000000e+00 7.4710706561e-01 3.0000000000e+02 -7.4711077398e-08 1.0401312653e-13 7.4710706468e-08 7.4711079338e-08 -2.0648352505e-13 -1.0401310988e-13 -7.4710708799e-08 -6.0044101123e-14
d  3.1910542461e-03 2.2337378606e+00 0.0000000000e+00 7.5165731230e-01 3.0000000000e+02 -7.5166107792e-08 1.0404300957e-13 7.5165731127e-08 7.5166109957e-08 -2.1213906466e-13 -1.0404299245e-13 -7.5165733694e-08 -6.0080870644e-14
d  3.2004894218e-03 2.2403424832e+00 0.0000000000e+00 7.5712664312e-01 3.0000000000e+02 -7.5713047847e-08 1.0408358390e-13 7.5712664196e-08 7.5713050347e-08 -2.1902617721e-13 -1.0408356776e-13 -7.5712667113e-08 -6.0125013381e-14
d  3.2118116326e-03 2.2482680304e+00 0.0000000000e+00 7.6370273341e-01 3.0000000000e+02 -7.6370665388e-08 1.0413482066e-13 7.6370273341e-08 7.6370665164e-08 -2.2743277461e-13 -1.0413482065e-13 -7.6370273418e-08 -6.0177687392e-14
d  3.2186049591e-03 2.2530233587e+00 0.0000000000e+00 7.6765508351e-01 3.0000000000e+02 -7.6765905578e-08 1.0416715238e-13 7.6765508242e-08 7.6765907939e-08 -2.3254916426e-13 -1.0416713361e-13 -7.6765511014e-08 -6.0209030548e-14
d  3.2267569509e-03 2.2587297527e+00 0.0000000000e+00 7.7240447474e-01 3.0000000000e+02 -7.7240850991e-08 1.0420783636e-13 7.7240447356e-08 7.7240853552e-08 -2.3876030172e-13 -1.0420781752e-13 -7.7240450338e-08 -6.0246611356e-14
d  3.2365393410e-03 2.2655774254e+00 0.0000000000e+00 7.7811313040e-01 3.0000000000e+02 -7.7811724211e-08 1.0425943398e-13 7.7811312903e-08 7.7811727281e-08 -2.4631584681e-13 -1.0425941557e-13 -7.7811316414e-08 -6.0291545041e-14
d  3.2424087751e-03 2.2696860291e+00 0.0000000000e+00 7.8154317188e-01 3.0000000000e+02 -7.8154733003e-08 1.0429052156e-13 7.8154317106e-08 7.8154734752e-08 -2.5090148074e-13 -1.0429050517e-13 -7.8154319242e-08 -6.0317967895e-14
d  3.2494520960e-03 2.2746163535e+00 0.0000000000e+00 7.8566405075e-01 3.0000000000e+02 -7.8566826521e-08 1.0433233938e-13 7.8566404952e-08 7.8566829270e-08 -2.5645694174e-13 -1.0433231637e-13 -7.8566408131e-08 -6.0350581194e-14
d  3.2579040811e-03 2.2805327427e+00 0.0000000000e+00 7.9061595139e-01 3.0000000000e+02 -7.9062023416e-08 1.0438215243e-13 7.9061595006e-08 7.9062026415e-08 -2.6319840517e-13 -1.0438213180e-13 -7.9061598446e-08 -6.0388811892e-14
d  3.2680464632e-03 2.2876324099e+00 0.0000000000e+00 7.9656798860e-01 3.0000000000e+02 -7.9657235445e-08 1.0444519711e-13 7.9656798699e-08 7.9657239155e-08 -2.7139666132e-13 -1.0444517630e-13 -7.9656802878e-08 -6.0434553923e-14
d  3.2741318924e-03 2.2918922101e+00 0.0000000000e+00 8.0014428476e-01 3.0000000000e+02 -8.0014870104e-08 1.0448459764e-13 8.0014428372e-08 8.0014872447e-08 -2.7637187959e-13 -1.0448457746e-13 -8.0014431128e-08 -6.0461902871e-14
d  3.2814344076e-03 2.2970039704e+00 0.0000000000e+00 8.0444080421e-01 3.0000000000e+02 -8.0444528158e-08 1.0453315946e-13 8.0444080282e-08 8.0444531363e-08 -2.8239847687e-13 -1.0453313433e-13 -8.0444083937e-08 -6.0494456610e-14
d  3.2901974257e-03 2.3031380828e+00 0.0000000000e+00 8.0960375115e-01 3.0000000000e+02 -8.0960830268e-08 1.0459462997e-13 8.0960374963e-08 8.0960833807e-08 -2.8971275933e-13 -1.0459460717e-13 -8.0960378966e-08 -6.0533762503e-14
d  3.3007130475e-03 2.3104990177e+00 0.0000000000e+00 8.1580946297e-01 3.0000000000e+02 -8.1581410472e-08 1.0467173629e-13 8.1580946106e-08 8.1581415015e-08 -2.9861003564e-13 -1.0467171245e-13 -8.1580951153e-08 -6.0580717732e-14
d  3.3070224205e-03 2.3149155786e+00 0.0000000000e+00 8.1953816743e-01 3.0000000000e+02 -8.1954286395e-08 1.0471918061e-13 8.1953816609e-08 8.1954289514e-08 -3.0401136612e-13 -1.0471915574e-13 -8.1953820175e-08 -6.0608613401e-14
d  3.3145936682e-03 2.3202154517e+00 0.0000000000e+00 8.2401778995e-01 3.0000000000e+02 -8.2402255286e-08 1.0477833033e-13 8.2401778836e-08 8.2402259059e-08 -3.1055702717e-13 -1.0477830264e-13 -8.2401783082e-08 -6.0642074916e-14
d  3.3236791654e-03 2.3265752994e+00 0.0000000000e+00 8.2940073222e-01 3.0000000000e+02 -8.2940557578e-08 1.0485173928e-13 8.2940073047e-08 8.2940561802e-08 -3.1850634701e-13 -1.0485171380e-13 -8.2940077761e-08 -6.0682135483e-14
d  3.3345817620e-03 2.3342071167e+00 0.0000000000e+00 8.3587080870e-01 3.0000000000e+02 -8.3587575046e-08 1.0494356195e-13 8.3587080640e-08 8.3587580667e-08 -3.2818587123e-13 -1.0494353431e-13 -8.3587086808e-08 -6.0730006223e-14
d  3.3411233200e-03 2.3387862071e+00 0.0000000000e+00 8.3975834489e-01 3.0000000000e+02 -8.3976334635e-08 1.0500086802e-13 8.3975834323e-08 8.3976338655e-08 -3.3406846074e-13 -1.0500083818e-13 -8.3975838827e-08 -6.0758722290e-14
d  3.3489731896e-03 2.3442811155e+00 0.0000000000e+00 8.4442875370e-01 3.0000000000e+02 -8.4443382758e-08 1.0507103077e-13 8.4442875188e-08 8.4443387211e-08 -3.4120459435e-13 -1.0507100014e-13 -8.4442880142e-08 -6.0792845223e-14
d  3.3583930331e-03 2.3508750056e+00 0.0000000000e+00 8.5004090570e-01 3.0000000000e+02 -8.5004606766e-08 1.0515833245e-13 8.5004090364e-08 8.5004611860e-08 -3.4988363260e-13 -1.0515830366e-13 -8.5004095984e-08 -6.0833786855e-14
d  3.3696968453e-03 2.3587876737e+00 0.0000000000e+00 8.5678643840e-01 3.0000000000e+02 -8.5679170786e-08 1.0526801068e-13 8.5678643563e-08 8.5679177791e-08 -3.6047349980e-13 -1.0526797838e-13 -8.5678651167e-08 -6.0882945997e-14
d  3.3832614199e-03 2.3682828755e+00 0.0000000000e+00 8.6489662958e-01 3.0000000000e+02 -8.6490203077e-08 1.0540532446e-13 8.6489662956e-08 8.6490202898e-08 -3.7344935007e-13 -1.0540532425e-13 -8.6489663102e-08 -6.0941510762e-14
d  3.3914001647e-03 2.3739799966e+00 0.0000000000e+00 8.6977077869e-01 3.0000000000e+02 -8.6977626042e-08 1.0549132828e-13 8.6977077653e-08 8.6977631520e-08 -3.8138204110e-13 -1.0549129704e-13 -8.6977083672e-08 -6.0976277292e-14
d  3.4011666584e-03 2.3808165419e+00 0.0000000000e+00 8.7562762078e-01 3.0000000000e+02 -8.7563320075e-08 1.0559586521e-13 8.7562761830e-08 8.7563326415e-08 -3.9105760148e-13 -1.0559583175e-13 -8.7562768743e-08 -6.1017976950e-14
d  3.4128864509e-03 2.3890203962e+00 0.0000000000e+00 8.8266703303e-01 3.0000000000e+02 -8.8267273336e-08 1.0572819895e-13 8.8266703292e-08 8.8267273399e-08 -4.0290963567e-13 -1.0572819768e-13 -8.8266703693e-08 -6.1068039067e-14
d  3.4269502019e-03 2.3988650214e+00 0.0000000000e+00 8.9113024415e-01 3.0000000000e+02 -8.9113609273e-08 1.0589351713e-13 8.9113024414e-08 8.9113609044e-08 -4.1750841903e-13 -1.0589351709e-13 -8.9113024515e-08 -6.1127806139e-14
d  3.4438267031e-03 2.4106785716e+00 0.0000000000e+00 9.0130865938e-01 3.0000000000e+02 -9.0131469194e-08 1.0610220031e-13 9.0130865938e-08 9.0131468953e-08 -4.3562386082e-13 -1.0610220031e-13 -9.0130866028e-08 -6.1199273700e-14
d  3.4539526038e-03 2.4177667018e+00 0.0000000000e+00 9.0742734778e-01 3.0000000000e+02 -9.0743349414e-08 1.0623165133e-13 9.0742734767e-08 9.0743349471e-08 -4.4683002133e-13 -1.0623165007e-13 -9.0742735168e-08 -6.1241713893e-14
d  3.4661036846e-03 2.4262724579e+00 0.0000000000e+00 9.1478117522e-01 3.0000000000e+02 -9.1478746186e-08 1.0639311422e-13 9.1478117506e-08 9.1478746384e-08 -4.6064379110e-13 -1.0639311249e-13 -9.1478118054e-08 -6.1292971268e-14
d  3.4806849816e-03 2.4364793653e+00 0.0000000000e+00 9.2362188858e-01 3.0000000000e+02 -9.2362834936e-08 1.0659243361e-13 9.2362188858e-08 9.2362834713e-08 -4.7779499678e-13 -1.0659243355e-13 -9.2362188971e-08 -6.1353809928e-14
d  3.4981825381e-03 2.4487276542e+00 0.0000000000e+00 9.3425355799e-01 3.0000000000e+02 -9.3426023694e-08 1.0684060002e-13 9.3425355798e-08 9.3426023476e-08 -4.9928946825e-13 -1.0684059994e-13 -9.3425355919e-08 -6.1426460095e-14
d  3.5086810719e-03 2.4560766275e+00 0.0000000000e+00 9.4064431537e-01 3.0000000000e+02 -9.4065113043e-08 1.0699333097e-13 9.4064431522e-08 9.4065113222e-08 -5.1270386584e-13 -1.0699332929e-13 -9.4064432056e-08 -6.1469559952e-14
d  3.5212793125e-03 2.4648953955e+00 0.0000000000e+00 9.4832467551e-01 3.0000000000e+02 -9.4833165957e-08 1.0718105281e-13 9.4832467528e-08 9.4833166357e-08 -5.2936225878e-13 -1.0718105043e-13 -9.4832468292e-08 -6.1521215257e-14
d  3.5363972013e-03 2.4754779171e+00 0.0000000000e+00 9.5755738315e-01 3.0000000000e+02 -9.5756457887e-08 1.0741300060e-13 9.5755738290e-08 9.5756458380e-08 -5.5023255332e-13 -1.0741299835e-13 -9.5755739152e-08 -6.1583110796e-14
d  3.5545386678e-03 2.4881769430e+00 0.0000000000e+00 9.6865969494e-01 3.0000000000e+02 -9.6866715874e-08 1.0769988688e-13 9.6865969465e-08 9.6866716471e-08 -5.7667692034e-13 -1.0769988476e-13 -9.6865970438e-08 -6.1657009515e-14
d  3.5714290000e-03 2.5000001750e+00 0.0000000000e+00 9.7901849576e-01 3.0000000000e+02 -9.7902622446e-08 1.0797452764e-13 9.7901849545e-08 9.7902623107e-08 -6.0282253356e-13 -1.0797452531e-13 -9.7901850585e-08 -6.1725092528e-14
d  3.5916973987e-03 2.5141880534e+00 0.0000000000e+00 9.9147665643e-01 3.0000000000e+02 -9.9148472510e-08 1.0831575142e-13 9.9147665639e-08 9.9148472355e-08 -6.3639476327e-13 -1.0831575120e-13 -9.9147665838e-08 -6.1806397353e-14
d  3.6038584379e-03 2.5227007804e+00 0.0000000000e+00 9.9896570619e-01 3.0000000000e+02 -9.9897399167e-08 1.0852715294e-13 9.9896570588e-08 9.9897399846e-08 -6.5781506573e-13 -1.0852714992e-13 -9.9896571650e-08 -6.1854615667e-14
d  3.6184516849e-03 2.5329160528e+00 0.0000000000e+00 1.0079663623e+00 3.0000000000e+02 -1.0079749223e-07 1.0878738492e-13 1.0079663619e-07 1.0079749314e-07 -6.8493893205e-13 -1.0878738138e-13 -1.0079663750e-07 -6.1912769872e-14
d  3.6359635813e-03 2.5451743797e+00 0.0000000000e+00 1.0187866432e+00 3.0000000000e+02 -1.0187955556e-07 1.0911441519e-13 1.0187866428e-07 1.0187955661e-07 -7.1978329916e-13 -1.0911441195e-13 -1.0187866573e-07 -6.1982590064e-14
d  3.6569778571e-03 2.5598843720e+00 0.0000000000e+00 1.0317985940e+00 3.0000000000e+02 -1.0318079677e-07 1.0953018042e-13 1.0317985934e-07 1.0318079814e-07 -7.6541609331e-13 -1.0953017709e-13 -1.0317986113e-07 -6.2067139529e-14
d  3.6695864225e-03 2.5687103673e+00 0.0000000000e+00 1.0396198736e+00 3.0000000000e+02 -1.0396295470e-07 1.0979122273e-13 1.0396198731e-07 1.0396295587e-07 -7.9507420595e-13 -1.0979121840e-13 -1.0396198888e-07 -6.2117386444e-14
d  3.6847167011e-03 2.5793015618e+00 0.0000000000e+00 1.0490191521e+00 3.0000000000e+02 -1.0490292115e-07 1.1012118429e-13 1.0490191516e-07 1.0490292256e-07 -8.3326874587e-13 -1.1012117956e-13 -1.0490191699e-07 -6.2178778087e-14
d  3.7028730353e-03 2.5920109951e+00 0.0000000000e+00 1.0603177180e+00 3.0000000000e+02 -1.0603282838e-07 1.1054082342e-13 1.0603177174e-07 1.0603282999e-07 -8.8342245750e-13 -1.1054081906e-13 -1.0603177377e-07 -6.2253220161e-14
d  3.7246606364e-03 2.6072623151e+00 0.0000000000e+00 1.0739034598e+00 3.0000000000e+02 -1.0739147075e-07 1.1108092456e-13 1.0739034591e-07 1.0739147281e-07 -9.5097803787e-13 -1.1108092012e-13 -1.0739034841e-07 -6.2344083398e-14
d  3.7508057577e-03 2.6255638991e+00 0.0000000000e+00 1.0902447860e+00 3.0000000000e+02 -1.0902569833e-07 1.1178368538e-13 1.0902447860e-07 1.0902569807e-07 -1.0451189726e-12 -1.1178368538e-13 -1.0902447871e-07 -6.2454850234e-14
d  3.7664928305e-03 2.6365448495e+00 0.0000000000e+00 1.1000692046e+00 3.0000000000e+02 -1.1000820550e-07 1.1223862372e-13 1.1000692045e-07 1.1000820539e-07 -1.1099047760e-12 -1.1223862337e-13 -1.1000692072e-07 -6.2522331548e-14
d  3.7853173178e-03 2.6497219900e+00 0.0000000000e+00 1.1118774661e+00 3.0000000000e+02 -1.1118912023e-07 1.1282881438e-13 1.1118774660e-07 1.1118912014e-07 -1.1978107415e-12 -1.1282881400e-13 -1.1118774689e-07 -6.2605845361e-14
d  3.8079067026e-03 2.6655345585e+00 0.0000000000e+00 1.1260741343e+00 3.0000000000e+02 -1.1260891175e-07 1.1362029504e-13 1.1260741342e-07 1.1260891170e-07 -1.3216093644e-12 -1.1362029464e-13 -1.1260741376e-07 -6.2710936087e-14
d  3.8350139644e-03 2.6845096408e+00 0.0000000000e+00 1.1431475780e+00 3.0000000000e+02 -1.1431644154e-07 1.1474567230e-13 1.1431475780e-07 1.1431644129e-07 -1.5057645873e-12 -1.1474567229e-13 -1.1431475793e-07 -6.2847367641e-14
d  3.8431461429e-03 2.6902021655e+00 0.0000000000e+00 1.1482774106e+00 3.0000000000e+02 -1.1482948999e-07 1.1513559316e-13 1.1482774105e-07 1.1482948985e-07 -1.5705194504e-12 -1.1513559264e-13 -1.1482774131e-07 -6.2891115921e-14
d  3.8529047571e-03 2.6970331951e+00 0.0000000000e+00 1.1544378375e+00 3.0000000000e+02 -1.1544561830e-07 1.1564839997e-13 1.1544378375e-07 1.1544561818e-07 -1.6555649850e-12 -1.1564839933e-13 -1.1544378402e-07 -6.2946747399e-14
d  3.8646150942e-03 2.7052304307e+00 0.0000000000e+00 1.1618369995e+00 3.0000000000e+02 -1.1618564998e-07 1.1633619168e-13 1.1618369994e-07 1.1618564992e-07 -1.7702925675e-12 -1.1633619098e-13 -1.1618370027e-07 -6.3018756973e-14
d  3.8786674987e-03 2.7150671133e+00 0.0000000000e+00 1.1707254127e+00 3.0000000000e+02 -1.1707465285e-07 1.1729827277e-13 1.1707254127e-07 1.1707465260e-07 -1.9307739247e-12 -1.1729827269e-13 -1.1707254142e-07 -6.3114008167e-14
d  3.8955303841e-03 2.7268711325e+00 0.0000000000e+00 1.1814048393e+00 3.0000000000e+02 -1.1814283356e-07 1.1871013844e-13 1.1814048393e-07 1.1814283332e-07 -2.1672901323e-12 -1.1871013838e-13 -1.1814048407e-07 -6.3245545097e-14
d  3.9056481153e-03 2.7339535440e+00 0.0000000000e+00 1.1878193638e+00 3.0000000000e+02 -1.1878445932e-07 1.1973760622e-13 1.1878193638e-07 1.1878445906e-07 -2.3394711427e-12 -1.1973760616e-13 -1.1878193652e-07 -6.3336409012e-14
d  3.9177893928e-03 2.7424524379e+00 0.0000000000e+00 1.1955234712e+00 3.0000000000e+02 -1.1955511942e-07 1.2121337769e-13 1.1955234712e-07 1.1955511917e-07 -2.5872254346e-12 -1.2121337762e-13 -1.1955234727e-07 -6.3461950423e-14
d  3.9323589258e-03 2.7526511104e+00 0.0000000000e+00 1.2047778863e+00 3.0000000000e+02 -1.2048094456e-07 1.2347972824e-13 1.2047778863e-07 1.2048094429e-07 -2.9684048524e-12 -1.2347972823e-13 -1.2047778876e-07 -6.3646399394e-14
d  3.9411006456e-03 2.7587703140e+00 0.0000000000e+00 1.2103354193e+00 3.0000000000e+02 -1.2103698952e-07 1.2520742015e-13 1.2103354193e-07 1.2103698950e-07 -3.2581998703e-12 -1.2520741916e-13 -1.2103354231e-07 -6.3781715468e-14
d  3.9515907093e-03 2.7661133582e+00 0.0000000000e+00 1.2170092020e+00 3.0000000000e+02 -1.2170480774e-07 1.2783008609e-13 1.2170092020e-07 1.2170480748e-07 -3.6953286323e-12 -1.2783008603e-13 -1.2170092034e-07 -6.3981578252e-14
d  3.9578847476e-03 2.7705191848e+00 0.0000000000e+00 1.2210159391e+00 3.0000000000e+02 -1.2210580959e-07 1.2980699946e-13 1.2210159384e-07 1.2210581166e-07 -4.0213469432e-12 -1.2980698673e-13 -1.2210159637e-07 -6.4128831585e-14
d  3.9654375935e-03 2.7758061767e+00 0.0000000000e+00 1.2258276979e+00 3.0000000000e+02 -1.2258747064e-07 1.3281093359e-13 1.2258276970e-07 1.2258747394e-07 -4.5032734633e-12 -1.3281091538e-13 -1.2258277349e-07 -6.4359128500e-14
d  3.9745010086e-03 2.7821505669e+00 0.0000000000e+00 1.2316054067e+00 3.0000000000e+02 -1.2316602245e-07 1.3769381195e-13 1.2316054057e-07 1.2316602604e-07 -5.2789717818e-12 -1.3769379544e-13 -1.2316054467e-07 -6.4707252376e-14
d  3.9853771067e-03 2.7897638352e+00 0.0000000000e+00 1.2385433791e+00 3.0000000000e+02 -1.2386128635e-07 1.4731587587e-13 1.2385433790e-07 1.2386128647e-07 -6.7353357478e-12 -1.4731587443e-13 -1.2385433844e-07 -6.5382446196e-14
d  3.9919027655e-03 2.7943317962e+00 0.0000000000e+00 1.2427085458e+00 3.0000000000e+02 -1.2427921165e-07 1.5711941794e-13 1.2427085457e-07 1.2427921163e-07 -8.1334880375e-12 -1.5711941657e-13 -1.2427085496e-07 -6.6058781691e-14
d  3.9997335562e-03 2.7998133493e+00 0.0000000000e+00 1.2477088864e+00 3.0000000000e+02 -1.2478224597e-07 1.7956320825e-13 1.2477088864e-07 1.2478224574e-07 -1.1109761897e-11 -1.7956320796e-13 -1.2477088883e-07 -6.7591324948e-14
d  4.0044320305e-03 2.8031022812e+00 0.0000000000e+00 1.2507099707e+00 3.0000000000e+02 -1.2508582395e-07 2.0779001058e-13 1.2507099707e-07 1.2508582368e-07 -1.4549198613e-11 -2.0779001050e-13 -1.2507099720e-07 -6.9496686858e-14
d  4.0072511152e-03 2.8050756404e+00 0.0000000000e+00 1.2525107205e+00 3.0000000000e+02 -1.2526944623e-07 2.3869239390e-13 1.2525107205e-07 1.2526944589e-07 -1.8063520996e-11 -2.3869239470e-13 -1.2525107211e-07 -7.1565772968e-14
d  4.0106340167e-03 2.8074436713e+00 0.0000000000e+00 1.2546709437e+00 3.0000000000e+02 -1.2549425471e-07 3.2166661117e-13 1.2546709437e-07 1.2549425444e-07 -2.6761164598e-11 -3.2166661101e-13 -1.2546709451e-07 -7.7102002790e-14
d  4.0126637576e-03 2.8088644899e+00 0.0000000000e+00 1.2559653097e+00 3.0000000000e+02 -1.2563691959e-07 4.5788026929e-13 1.2559653097e-07 1.2563691931e-07 -3.9844228561e-11 -4.5788026913e-13 -1.2559653111e-07 -8.6101689380e-14
d  4.0138816022e-03 2.8097169811e+00 0.0000000000e+00 1.2567391883e+00 3.0000000000e+02 -1.2573337538e-07 6.6965673663e-13 1.2567391883e-07 1.2573337511e-07 -5.8686535432e-11 -6.6965673608e-13 -1.2567391897e-07 -9.9950668582e-14
d  4.0146123089e-03 2.8102284757e+00 0.0000000000e+00 1.2571998460e+00 3.0000000000e+02 -1.2580537262e-07 9.7489816336e-13 1.2571998460e-07 1.2580537246e-07 -8.4293007573e-11 -9.7489815722e-13 -1.2571998485e-07 -1.1970416193e-13
d  4.0150507330e-03 2.8105353726e+00 0.0000000000e+00 1.2574719741e+00 3.0000000000e+02 -1.2586480993e-07 1.3687834560e-12 1.2574719741e-07 1.2586480985e-07 -1.1609844467e-10 -1.3687834393e-12 -1.2574719774e-07 -1.4489480919e-13
d  4.0153137874e-03 2.8107195106e+00 0.0000000000e+00 1.2576310468e+00 3.0000000000e+02 -1.2591636059e-07 1.8162937492e-12 1.2576310466e-07 1.2591636098e-07 -1.5126606605e-10 -1.8162936576e-12 -1.2576310547e-07 -1.7315269311e-13
d  4.0156294527e-03 2.8109404763e+00 0.0000000000e+00 1.2578058476e+00 3.0000000000e+02 -1.2603880463e-07 3.1915072178e-12 1.2578058474e-07 1.2603880482e-07 -2.5476883648e-10 -3.1915071495e-12 -1.2578058536e-07 -2.5913009635e-13
d  4.0158188519e-03 2.8110730558e+00 0.0000000000e+00 1.2578637145e+00 3.0000000000e+02 -1.2628718154e-07 6.5416897263e-12 1.2578637145e-07 1.2628718132e-07 -4.9380682471e-10 -6.5416897090e-12 -1.2578637165e-07 -4.6118063819e-13
d  4.0158756716e-03 2.8111128296e+00 0.0000000000e+00 1.2578521174e+00 3.0000000000e+02 -1.2646543722e-07 9.0434136061e-12 1.2578521158e-07 1.2646544232e-07 -6.7058472070e-10 -9.0434101540e-12 -1.2578521726e-07 -5.9693425413e-13
d  4.0159438554e-03 2.8111605582e+00 0.0000000000e+00 1.2577371794e+00 3.0000000000e+02 -1.2704157804e-07 1.7221576546e-11 1.2577371781e-07 1.2704158212e-07 -1.2496147789e-09 -1.7221573328e-11 -1.2577372246e-07 -1.0233952280e-12
d  4.0159847656e-03 2.8111891953e+00 0.0000000000e+00 1.2571995918e+00 3.0000000000e+02 -1.2900320708e-07 4.3358089838e-11 1.2571995923e-07 1.2900320532e-07 -3.2378591520e-09 -4.3358092390e-11 -1.2571995775e-07 -2.0303958251e-12
d  4.0159970386e-03 2.8111977865e+00 0.0000000000e+00 1.2565466725e+00 3.0000000000e+02 -1.3112216487e-07 6.7011287409e-11 1.2565466718e-07 1.3112216667e-07 -5.3989160186e-09 -6.7011279286e-11 -1.2565466953e-07 -1.5702333180e-12
d  4.0160044025e-03 2.8112029412e+00 0.0000000000e+00 1.2555625672e+00 3.0000000000e+02 -1.3417470818e-07 9.5898630805e-11 1.2555625669e-07 1.3417470871e-07 -8.5235331528e-09 -9.5898624456e-11 -1.2555625769e-07 9.8087700712e-13
d  4.0160088208e-03 2.8112060340e+00 0.0000000000e+00 1.2542410072e+00 3.0000000000e+02 -1.3816202299e-07 1.2473598269e-10 1.2542409923e-07 1.3816206165e-07 -1.2620830460e-08 -1.2473544458e-10 -1.2542414292e-07 7.6471601272e-12
d  4.0160141228e-03 2.8112097454e+00 0.0000000000e+00 1.2478084251e+00 3.0000000000e+02 -1.5800442279e-07 2.1391903829e-10 1.2478084278e-07 1.5800441423e-07 -3.3069611764e-08 -2.1391917038e-10 -1.2478083012e-07 5.9946199326e-11
d  4.0160157133e-03 2.8112108588e+00 0.0000000000e+00 1.2415281052e+00 3.0000000000e+02 -1.7829658366e-07 1.1120189392e-10 1.2415281051e-07 1.7829658346e-07 -5.4221410716e-08 -1.1120189123e-10 -1.2415281075e-07 1.8883819050e-10
d  4.0160166677e-03 2.8112115268e+00 0.0000000000e+00 1.2343316353e+00 3.0000000000e+02 -2.0372198537e-07 -1.2077926798e-10 1.2343316351e-07 2.0372198561e-07 -8.0796741704e-08 1.2077929532e-10 -1.2343316437e-07 3.8714167450e-10
d  4.0160178129e-03 2.8112123285e+00 0.0000000000e+00 1.2140579909e+00 3.0000000000e+02 -2.9382993644e-07 -9.4796272293e-10 1.2140579909e-07 2.9382993656e-07 -1.7442366676e-07 9.4796273853e-10 -1.2140579999e-07 1.0515674106e-09
d  4.0160191872e-03 2.8112132905e+00 0.0000000000e+00 1.0355661031e+00 3.0000000000e+02 -6.9562798189e-06 -1.2076592646e-08 1.0355660931e-07 6.9562806407e-06 -6.8737313559e-06 1.2076594523e-08 -1.0356033972e-07 8.9344603760e-09
d  4.0160202682e-03 2.8112140472e+00 0.0000000000e+00 9.9394306116e-01 3.0000000000e+02 -1.2539725561e-05 -8.1988719820e-10 9.9394306119e-08 1.2539725558e-05 -1.2441135174e-05 8.1988719357e-10 -9.9394300744e-08 -1.5968345460e-11
d  4.0160214795e-03 2.8112148951e+00 0.0000000000e+00 9.8728163908e-01 3.0000000000e+02 -1.4039882650e-05 1.0285221780e-09 9.8728163905e-08 1.4039882652e-05 -1.3939552464e-05 -1.0285221743e-09 -9.8728168689e-08 -5.7349765807e-10
d  4.0160228177e-03 2.8112158318e+00 0.0000000000e+00 9.8785572829e-01 3.0000000000e+02 -1.3958655727e-05 2.5779324446e-10 9.8785572831e-08 1.3958655724e-05 -1.3859443200e-05 -2.5779324794e-10 -9.8785568016e-08 -1.6916279009e-10
d  4.0160244053e-03 2.8112169432e+00 0.0000000000e+00 9.8867654700e-01 3.0000000000e+02 -1.3785748262e-05 3.7666569537e-11 9.8867654700e-08 1.3785748261e-05 -1.3686816053e-05 -3.7666569965e-11 -9.8867654073e-08 -2.6887204311e-11
d  4.0160263104e-03 2.8112182767e+00 0.0000000000e+00 9.8888935949e-01 3.0000000000e+02 -1.3740617168e-05 -8.3119069974e-12 9.8888935515e-08 1.3740617643e-05 -1.3641741345e-05 8.3123335179e-12 -9.8889822065e-08 5.2114089846e-12
d  4.0160285966e-03 2.8112198770e+00 0.0000000000e+00 9.8887870492e-01 3.0000000000e+02 -1.3743051091e-05 -4.9832913505e-12 9.8887870501e-08 1.3743051082e-05 -1.3644171438e-05 4.9832846128e-12 -9.8887853445e-08 3.2266091569e-12
d  4.0160313399e-03 2.8112217974e+00 0.0000000000e+00 9.8886180922e-01 3.0000000000e+02 -1.3746889825e-05 -4.6799832214e-13 9.8886180936e-08 1.3746889809e-05 -1.3648004428e-05 4.6798878504e-13 -9.8886151371e-08 3.0205850179e-13
d  4.0160346320e-03 2.8112241018e+00 0.0000000000e+00 9.8886012542e-01 3.0000000000e+02 -1.3747596394e-05 2.3976402444e-13 9.8886013860e-08 1.3747594906e-05 -1.3648711342e-05 -2.4051456413e-13 -9.8883168896e-08 -1.5487792012e-13
d  4.0160385824e-03 2.8112268671e+00 0.0000000000e+00 9.8886187843e-01 3.0000000000e+02 -1.3747653268e-05 1.1991079374e-13 9.8886187966e-08 1.3747653128e-05 -1.3648767012e-05 -1.1996901468e-13 -9.8885919679e-08 -7.7499792101e-14
d  4.0160433229e-03 2.8112301855e+00 0.0000000000e+00 9.8886361517e-01 3.0000000000e+02 -1.3747798803e-05 7.2714269939e-14 9.8886361821e-08 1.3747798456e-05 -1.3648912647e-05 -7.2834538681e-14 -9.8885689004e-08 -4.7277139600e-14
d  4.0160490116e-03 2.8112341675e+00 0.0000000000e+00 9.8886548035e-01 3.0000000000e+02 -1.3748018949e-05 7.1250477694e-14 9.8886548494e-08 1.3748018423e-05 -1.3649132782e-05 -7.1401699919e-14 -9.8885523366e-08 -4.6354596740e-14
d  4.0160558379e-03 2.8112389460e+00 0.0000000000e+00 9.8886770798e-01 3.0000000000e+02 -1.3748285404e-05 7.2640888497e-14 9.8886771358e-08 1.3748284758e-05 -1.3649399130e-05 -7.2794921292e-14 -9.8885507944e-08 -4.7238681470e-14
d  4.0160640296e-03 2.8112446801e+00 0.0000000000e+00 9.8887038697e-01 3.0000000000e+02 -1.3748603941e-05 7.2787984927e-14 9.8887039372e-08 1.3748603160e-05 -1.3649717536e-05 -7.2942885540e-14 -9.8885504024e-08 -4.7334473833e-14
d  4.0160738595e-03 2.8112515611e+00 0.0000000000e+00 9.8887360249e-01 3.0000000000e+02 -1.3748986035e-05 7.2767043248e-14 9.8887361066e-08 1.3748985088e-05 -1.3650099474e-05 -7.2923100011e-14 -9.8885493880e-08 -4.7321818313e-14
d  4.0160856555e-03 2.8112598183e+00 0.0000000000e+00 9.8887746105e-01 3.0000000000e+02 -1.3749444573e-05 7.2762386228e-14 9.8887747091e-08 1.3749443426e-05 -1.3650557826e-05 -7.2919478890e-14 -9.8885480304e-08 -4.7319324481e-14
d  4.0160998106e-03 2.8112697269e+00 0.0000000000e+00 9.8888209129e-01 3.0000000000e+02 -1.3749994835e-05 7.2761765800e-14 9.8888210319e-08 1.3749993449e-05 -1.3651107865e-05 -7.2919731400e-14 -9.8885463525e-08 -4.7319395690e-14
d  4.0161167968e-03 2.8112816172e+00 0.0000000000e+00 9.8888764757e-01 3.0000000000e+02 -1.3750655167e-05 7.2761102318e-14 9.8888766192e-08 1.3750653493e-05 -1.3651767930e-05 -7.2919804643e-14 -9.8885442910e-08 -4.7319420451e-14
d  4.0161371802e-03 2.8112958856e+00 0.0000000000e+00 9.8889431511e-01 3.0000000000e+02 -1.3751447592e-05 7.2760399711e-14 9.8889433239e-08 1.3751445573e-05 -1.3652560035e-05 -7.2919723759e-14 -9.8885417715e-08 -4.7319399969e-14
d  4.0161616403e-03 2.8113130077e+00 0.0000000000e+00 9.8890231609e-01 3.0000000000e+02 -1.3752398562e-05 7.2759621834e-14 9.8890231615e-08 1.3752398555e-05 -1.3653508217e-05 -7.2760083160e-14 -9.8890217726e-08 -4.7253522464e-14
d  4.0161909925e-03 2.8113335542e+00 0.0000000000e+00 9.8891191763e-01 3.0000000000e+02 -1.3753539738e-05 7.2891681377e-14 9.8891191770e-08 1.3753539729e-05 -1.3654648434e-05 -7.2892148131e-14 -9.8891174850e-08 -4.7329274168e-14
d  4.0162262150e-03 2.8113582099e+00 0.0000000000e+00 9.8892343899e-01 3.0000000000e+02 -1.3754909257e-05 7.2855847943e-14 9.8892343908e-08 1.3754909247e-05 -1.3656016803e-05 -7.2856317689e-14 -9.8892323417e-08 -4.7309352030e-14
d  4.0162684821e-03 2.8113877969e+00 0.0000000000e+00 9.8893726469e-01 3.0000000000e+02 -1.3756552788e-05 7.2856443415e-14 9.8893726480e-08 1.3756552775e-05 -1.3657658953e-05 -7.2856915419e-14 -9.8893701714e-08 -4.7309790446e-14
d  4.0163192025e-03 2.8114233012e+00 0.0000000000e+00 9.8895385548e-01 3.0000000000e+02 -1.3758525188e-05 7.2855586981e-14 9.8895385561e-08 1.3758525173e-05 -1.3659629697e-05 -7.2856060681e-14 -9.8895355676e-08 -4.7309645880e-14
d  4.0163800671e-03 2.8114659064e+00 0.0000000000e+00 9.8897376437e-01 3.0000000000e+02 -1.3760892303e-05 7.2854726822e-14 9.8897376452e-08 1.3760892285e-05 -1.3661994824e-05 -7.2855201635e-14 -9.8897340446e-08 -4.7309536839e-14
d  4.0164531045e-03 2.8115170326e+00 0.0000000000e+00 9.8899765494e-01 3.0000000000e+02 -1.3763733180e-05 7.2853693728e-14 9.8899765513e-08 1.3763733158e-05 -1.3664833315e-05 -7.2854169136e-14 -9.8899722189e-08 -4.7309407412e-14
d  4.0165407495e-03 2.8115783841e+00 0.0000000000e+00 9.8902632350e-01 3.0000000000e+02 -1.3767142719e-05 7.2852441142e-14 9.8902632372e-08 1.3767142693e-05 -1.3668239993e-05 -7.2852916635e-14 -9.8902580309e-08 -4.7309252023e-14
d  4.0166459234e-03 2.8116520058e+00 0.0000000000e+00 9.8906072557e-01 3.0000000000e+02 -1.3771234869e-05 7.2850951453e-14 9.8906072584e-08 1.3771234838e-05 -1.3672328707e-05 -7.2851426526e-14 -9.8906010096e-08 -4.7309065580e-14
d  4.0167721322e-03 2.8117403519e+00 0.0000000000e+00 9.8910200779e-01 3.0000000000e+02 -1.3776146460e-05 7.2849170609e-14 9.8910200810e-08 1.3776146422e-05 -1.3677236176e-05 -7.2849644730e-14 -9.8910125903e-08 -4.7308841932e-14
d  4.0169235827e-03 2.8118463673e+00 0.0000000000e+00 9.8915154604e-01 3.0000000000e+02 -1.3782041825e-05 7.2847025215e-14 9.8915154642e-08 1.3782041780e-05 -1.3683126595e-05 -7.2847497836e-14 -9.8915064958e-08 -4.7308573611e-14
d  4.0171053233e-03 2.8119735857e+00 0.0000000000e+00 9.8921099138e-01 3.0000000000e+02 -1.3789118360e-05 7.2844451061e-14 9.8921099184e-08 1.3789118307e-05 -1.3690197195e-05 -7.2844921575e-14 -9.8920991953e-08 -4.7308251770e-14
d  4.0173234120e-03 2.8121262478e+00 0.0000000000e+00 9.8928232497e-01 3.0000000000e+02 -1.3797613223e-05 7.2841365135e-14 9.8928232551e-08 1.3797613159e-05 -1.3698684935e-05 -7.2841832868e-14 -9.8928104530e-08 -4.7307865730e-14
d  4.0175851184e-03 2.8123094423e+00 0.0000000000e+00 9.8936792409e-01 3.0000000000e+02 -1.3807811409e-05 7.2837663120e-14 9.8936792474e-08 1.3807811333e-05 -1.3708874573e-05 -7.2838127302e-14 -9.8936639891e-08 -4.7307402770e-14
d  4.0178991662e-03 2.8125292757e+00 0.0000000000e+00 9.8947064133e-01 3.0000000000e+02 -1.3820055497e-05 7.2833225254e-14 9.8947064210e-08 1.3820055407e-05 -1.3721108404e-05 -7.2833685001e-14 -9.8946882707e-08 -4.7306847595e-14
d  4.0182760234e-03 2.8127930758e+00 0.0000000000e+00 9.8959389958e-01 3.0000000000e+02 -1.3834757428e-05 7.2827905344e-14 9.8959390049e-08 1.3834757321e-05 -1.3735798026e-05 -7.2828359634e-14 -9.8959174635e-08 -4.7306181950e-14
d  4.0187282522e-03 2.8131096359e+00 0.0000000000e+00 9.8974180605e-01 3.0000000000e+02 -1.3852412756e-05 7.2821579982e-14 9.8974180713e-08 1.3852412629e-05 -1.3753438583e-05 -7.2822027324e-14 -9.8973925916e-08 -4.7305400858e-14
d  4.0192709267e-03 2.8134895080e+00 0.0000000000e+00 9.8991928892e-01 3.0000000000e+02 -1.3873617896e-05 7.2813992015e-14 9.8991929019e-08 1.3873617746e-05 -1.3774625997e-05 -7.2814431321e-14 -9.8991628421e-08 -4.7304462611e-14
d  4.0199221361e-03 2.8139453545e+00 0.0000000000e+00 9.9013226109e-01 3.0000000000e+02 -1.3899091041e-05 7.2804800225e-14 9.9013226258e-08 1.3899090864e-05 -1.3800077871e-05 -7.2805229776e-14 -9.9012873100e-08 -4.7303308141e-14
d  4.0207035873e-03 2.8144923704e+00 0.0000000000e+00 9.9038781725e-01 3.0000000000e+02 -1.3929697683e-05 7.2793821341e-14 9.9038781898e-08 1.3929697477e-05 -1.3830658988e-05 -7.2794239161e-14 -9.9038369075e-08 -4.7301935465e-14
d  4.0216413288e-03 2.8151487894e+00 0.0000000000e+00 9.9069446967e-01 3.0000000000e+02 -1.3966481664e-05 7.2780682728e-14 9.9069447168e-08 1.3966481424e-05 -1.3867412337e-05 -7.2781086486e-14 -9.9068967626e-08 -4.7300294913e-14
d  4.0227666187e-03 2.8159364923e+00 0.0000000000e+00 9.9106243105e-01 3.0000000000e+02 -1.4010703150e-05 7.2764938542e-14 9.9106243336e-08 1.4010702875e-05 -1.3911597064e-05 -7.2765325451e-14 -9.9105690778e-08 -4.7298326892e-14
d  4.0241169664e-03 2.8168817357e+00 0.0000000000e+00 9.9150395809e-01 3.0000000000e+02 -1.4063884445e-05 7.2746497272e-14 9.9150396072e-08 1.4063884132e-05 -1.3964734244e-05 -7.2746863115e-14 -9.9149767602e-08 -4.7296208471e-14
d  4.0257373838e-03 2.8180160277e+00 0.0000000000e+00 9.9203374171e-01 3.0000000000e+02 -1.4127869823e-05 7.2723283705e-14 9.9203374468e-08 1.4127869469e-05 -1.4028666686e-05 -7.2723627827e-14 -9.9202663052e-08 -4.7293096232e-14
d  4.0276818846e-03 2.8193771782e+00 0.0000000000e+00 9.9266941862e-01 3.0000000000e+02 -1.4204894056e-05 7.2696539418e-14 9.9266942188e-08 1.4204893665e-05 -1.4105627388e-05 -7.2696855104e-14 -9.9266156369e-08 -4.7289807536e-14
d  4.0300152856e-03 2.8210105588e+00 0.0000000000e+00 9.9343214554e-01 3.0000000000e+02 -1.4297672527e-05 7.2664970358e-14 9.9343214899e-08 1.4297672111e-05 -1.4198329611e-05 -7.2665248895e-14 -9.9342379507e-08 -4.7285974471e-14
d  4.0328153667e-03 2.8229706156e+00 0.0000000000e+00 9.9434727558e-01 3.0000000000e+02 -1.4409508418e-05 7.2625259551e-14 9.9434727912e-08 1.4409507989e-05 -1.4310074003e-05 -7.2625497762e-14 -9.9433866457e-08 -4.7280766755e-14
d  4.0361754641e-03 2.8253226836e+00 0.0000000000e+00 9.9544518817e-01 3.0000000000e+02 -1.4544430623e-05 7.2575488397e-14 9.9544519151e-08 1.4544430218e-05 -1.4444886394e-05 -7.2575675146e-14 -9.9543704086e-08 -4.7273807291e-14
d  4.0402075810e-03 2.8281451653e+00 0.0000000000e+00 9.9676242895e-01 3.0000000000e+02 -1.4707387094e-05 7.2523230060e-14 9.9676242891e-08 1.4707387099e-05 -1.4607710725e-05 -7.2523228088e-14 -9.9676253391e-08 -4.7267635820e-14
d  4.0450461213e-03 2.8315321433e+00 0.0000000000e+00 9.9834273834e-01 3.0000000000e+02 -1.4904449212e-05 7.2457825370e-14 9.9834273828e-08 1.4904449219e-05 -1.4804614811e-05 -7.2457823114e-14 -9.9834288323e-08 -4.7259505388e-14
d  4.0508523696e-03 2.8355965169e+00 0.0000000000e+00 1.0002385776e+00 3.0000000000e+02 -1.5143112481e-05 7.2381050013e-14 1.0002385775e-07 1.5143112491e-05 -1.5043088493e-05 -7.2381047431e-14 -1.0002387781e-07 -4.7249950808e-14
d  4.0578198675e-03 2.8404737652e+00 0.0000000000e+00 1.0025128442e+00 3.0000000000e+02 -1.5432674974e-05 7.2290406761e-14 1.0025128441e-07 1.5432674987e-05 -1.5332423555e-05 -7.2290403816e-14 -1.0025131217e-07 -4.7238774631e-14
d  4.0661808651e-03 2.8463264632e+00 0.0000000000e+00 1.0052412939e+00 3.0000000000e+02 -1.5784785983e-05 7.2194779240e-14 1.0052412938e-07 1.5784786001e-05 -1.5684261714e-05 -7.2194775919e-14 -1.0052416743e-07 -4.7229081700e-14
d  4.0762140621e-03 2.8533497008e+00 0.0000000000e+00 1.0085157850e+00 3.0000000000e+02 -1.6214211663e-05 7.2110773774e-14 1.0085157847e-07 1.6214211697e-05 -1.6113359931e-05 -7.2110768911e-14 -1.0085164641e-07 -4.7226603234e-14
d  4.0882538986e-03 2.8617775859e+00 0.0000000000e+00 1.0124435432e+00 3.0000000000e+02 -1.6739240019e-05 7.1954979017e-14 1.0124435428e-07 1.6739240064e-05 -1.6637995500e-05 -7.1954973747e-14 -1.0124444437e-07 -4.7206011672e-14
d  4.1027017024e-03 2.8718910481e+00 0.0000000000e+00 1.0171542935e+00 3.0000000000e+02 -1.7383382508e-05 7.1784207680e-14 1.0171542931e-07 1.7383382565e-05 -1.7281666901e-05 -7.1784202194e-14 -1.0171554450e-07 -4.7185311970e-14
d  4.1200390669e-03 2.8840272027e+00 0.0000000000e+00 1.0228038226e+00 3.0000000000e+02 -1.8176934998e-05 7.1589658807e-14 1.0228038221e-07 1.8176935069e-05 -1.8074654424e-05 -7.1589653259e-14 -1.0228052599e-07 -4.7162555638e-14
d  4.1408439044e-03 2.8985905881e+00 0.0000000000e+00 1.0295801602e+00 3.0000000000e+02 -1.9159449719e-05 7.1381675473e-14 1.0295801595e-07 1.9159449819e-05 -1.9056491481e-05 -7.1381669131e-14 -1.0295821977e-07 -4.7141738869e-14
d  4.1658097093e-03 2.9160666507e+00 0.0000000000e+00 1.0377068803e+00 3.0000000000e+02 -2.0382726220e-05 7.1129468416e-14 1.0377068803e-07 2.0382726221e-05 -2.0278955412e-05 -7.1129468353e-14 -1.0377069062e-07 -4.7113548862e-14
d  4.1957686752e-03 2.9370379258e+00 0.0000000000e+00 1.0474509476e+00 3.0000000000e+02 -2.1915628259e-05 7.0832725823e-14 1.0474509476e-07 2.1915628258e-05 -2.1810883046e-05 -7.0832725825e-14 -1.0474509480e-07 -4.7078326842e-14
d  4.2317194343e-03 2.9622034559e+00 0.0000000000e+00 1.0591343987e+00 3.0000000000e+02 -2.3851379023e-05 7.0509660725e-14 1.0591343987e-07 2.3851379018e-05 -2.3745465471e-05 -7.0509660880e-14 -1.0591343005e-07 -4.7042412359e-14
d  4.2748603452e-03 2.9924020920e+00 0.0000000000e+00 1.0731543416e+00 3.0000000000e+02 -2.6318911746e-05 7.0210366758e-14 1.0731543418e-07 2.6318911725e-05 -2.6211596217e-05 -7.0210367297e-14 -1.0731539020e-07 -4.7023141643e-14
d  4.2857140000e-03 2.9999996500e+00 0.0000000000e+00 1.0766822088e+00 3.0000000000e+02 -2.6965237624e-05 7.0148919305e-14 1.0766822088e-07 2.6965237634e-05 -2.6857569275e-05 -7.0148918542e-14 -1.0766824151e-07 -4.7020776257e-14
d  4.2987383857e-03 3.0091167196e+00 0.0000000000e+00 1.0809164882e+00 3.0000000000e+02 -2.7754721213e-05 7.0071571174e-14 1.0809164882e-07 2.7754721226e-05 -2.7646629433e-05 -7.0071570126e-14 -1.0809167573e-07 -4.7017672055e-14
d  4.3143676486e-03 3.0200572030e+00 0.0000000000e+00 1.0859985358e+00 3.0000000000e+02 -2.8722272221e-05 6.9971902766e-14 1.0859985356e-07 2.8722272241e-05 -2.8613672228e-05 -6.9971901411e-14 -1.0859989621e-07 -4.7011477490e-14
d  4.3331227641e-03 3.0331857832e+00 0.0000000000e+00 1.0920978351e+00 3.0000000000e+02 -2.9912663883e-05 6.9850457871e-14 1.0920978350e-07 2.9912663913e-05 -2.9803453949e-05 -6.9850456227e-14 -1.0920984725e-07 -4.7002770764e-14
d  4.3556289027e-03 3.0489400794e+00 0.0000000000e+00 1.0994199777e+00 3.0000000000e+02 -3.1384385411e-05 6.9729914867e-14 1.0994199775e-07 3.1384385455e-05 -3.1274443249e-05 -6.9729912958e-14 -1.0994208942e-07 -4.6999436392e-14
d  4.3826362689e-03 3.0678452349e+00 0.0000000000e+00 1.1082108631e+00 3.0000000000e+02 -3.3213941628e-05 6.9583606423e-14 1.1082108628e-07 3.3213941690e-05 -3.3103120361e-05 -6.9583604317e-14 -1.1082121237e-07 -4.6993635954e-14
d  4.4150451085e-03 3.0905314214e+00 0.0000000000e+00 1.1187687043e+00 3.0000000000e+02 -3.5503491263e-05 6.9433792847e-14 1.1187687039e-07 3.5503491343e-05 -3.5391614193e-05 -6.9433790671e-14 -1.1187703399e-07 -4.6993316985e-14
d  4.4539357159e-03 3.1177548453e+00 0.0000000000e+00 1.1314547374e+00 3.0000000000e+02 -3.8391164176e-05 6.9280715394e-14 1.1314547370e-07 3.8391164258e-05 -3.8278018500e-05 -6.9280713629e-14 -1.1314564175e-07 -4.6999377153e-14
d  4.5006044449e-03 3.1504229539e+00 0.0000000000e+00 1.1467138634e+00 3.0000000000e+02 -4.2068031975e-05 6.9160574639e-14 1.1467138634e-07 4.2068031976e-05 -4.1953360470e-05 -6.9160574610e-14 -1.1467139001e-07 -4.7024638190e-14
d  4.5566069196e-03 3.1896246842e+00 0.0000000000e+00 1.1651039361e+00 3.0000000000e+02 -4.6806860138e-05 6.9128665633e-14 1.1651039361e-07 4.6806860129e-05 -4.6690349637e-05 -6.9128665743e-14 -1.1651037623e-07 -4.7087220131e-14
d  4.6238098892e-03 3.2366667606e+00 0.0000000000e+00 1.1872725839e+00 3.0000000000e+02 -5.2990235197e-05 6.9021719355e-14 1.1872725841e-07 5.2990235147e-05 -5.2871507872e-05 -6.9021719831e-14 -1.1872715946e-07 -4.7134768560e-14
d  4.7044534528e-03 3.2931172523e+00 0.0000000000e+00 1.2140557632e+00 3.0000000000e+02 -6.1176876057e-05 6.9024625212e-14 1.2140557632e-07 6.1176876067e-05 -6.1055470353e-05 -6.9024625134e-14 -1.2140559821e-07 -4.7233766898e-14
d  4.8012257291e-03 3.3608578423e+00 0.0000000000e+00 1.2465244684e+00 3.0000000000e+02 -7.2218762823e-05 6.9185209929e-14 1.2465244682e-07 7.2218762881e-05 -7.2094110203e-05 -6.9185209628e-14 -1.2465256155e-07 -4.7397900409e-14
d  4.9173524607e-03 3.4421465504e+00 0.0000000000e+00 1.2861491961e+00 3.0000000000e+02 -8.7487668014e-05 6.9728789447e-14 1.2861491958e-07 8.7487668112e-05 -8.7359052885e-05 -6.9728789093e-14 -1.2861510958e-07 -4.7704435338e-14
d  5.0000000000e-03 3.4999998250e+00 0.0000000000e+00 1.3148472860e+00 3.0000000000e+02 -9.9872523476e-05 7.0199833675e-14 1.3148472855e-07 9.9872523703e-05 -9.9741038423e-05 -7.0199832747e-14 -1.3148516175e-07 -4.7947537438e-14
d  5.0991770472e-03 3.5694237546e+00 0.0000000000e+00 1.3498631633e+00 3.0000000000e+02 -1.1662595643e-04 7.0785204938e-14 1.3498631633e-07 1.1662595645e-04 -1.1649096998e-04 -7.0785204878e-14 -1.3498635165e-07 -4.8241863926e-14
d  5.2181895038e-03 3.6527324700e+00 0.0000000000e+00 1.3927713028e+00 3.0000000000e+02 -1.3991105848e-04 7.1612035643e-14 1.3927713027e-07 1.3991105853e-04 -1.3977178119e-04 -7.1612035540e-14 -1.3927721752e-07 -4.8624799124e-14
d  5.3610044518e-03 3.7527029286e+00 0.0000000000e+00 1.4457238193e+00 3.0000000000e+02 -1.7343570862e-04 7.2898801236e-14 1.4457238192e-07 1.7343570873e-04 -1.7329113603e-04 -7.2898801085e-14 -1.4457257322e-07 -4.9172575823e-14
d  5.5323823893e-03 3.8726674789e+00 0.0000000000e+00 1.5119646728e+00 3.0000000000e+02 -2.2412968060e-04 7.5170026665e-14 1.5119646725e-07 2.2412968087e-04 -2.2397848382e-04 -7.5170026440e-14 -1.5119692328e-07 -5.0064201627e-14
d  5.7142860000e-03 4.0000000000e+00 0.0000000000e+00 1.5854161851e+00 3.0000000000e+02 -2.9469826307e-04 7.7369765015e-14 1.5854161847e-07 2.9469826356e-04 -2.9453972102e-04 -7.7369764759e-14 -1.5854240870e-07 -5.0900097129e-14
d  5.9325703328e-03 4.1527990254e+00 0.0000000000e+00 1.6780493268e+00 3.0000000000e+02 -4.1315600723e-04 8.0483828127e-14 1.6780493261e-07 4.1315600858e-04 -4.1298820144e-04 -8.0483827768e-14 -1.6780700985e-07 -5.1999638902e-14
d  6.1945115323e-03 4.3361578558e+00 0.0000000000e+00 1.7974129913e+00 3.0000000000e+02 -6.4125762055e-04 8.6097098844e-14 1.7974129901e-07 6.4125762394e-04 -6.4107787772e-04 -8.6097098526e-14 -1.7974608146e-07 -5.3815312592e-14
d  6.5088409716e-03 4.5561884523e+00 0.0000000000e+00 1.9487784858e+00 3.0000000000e+02 -1.1601743742e-03 9.1153130574e-14 1.9487784711e-07 1.1601744294e-03 -1.1599794746e-03 -9.1153128697e-14 -1.9495469761e-07 -5.4997057752e-14
d  6.8860362987e-03 4.8202251681e+00 0.0000000000e+00 2.1179228307e+00 3.0000000000e+02 -2.2301825557e-03 8.6010622258e-14 2.1179228307e-07 2.2301825557e-03 -2.2299707633e-03 -8.6010622258e-14 -2.1179228260e-07 -5.2048541815e-14
d  7.1428570000e-03 4.9999996500e+00 0.0000000000e+00 2.2214002806e+00 3.0000000000e+02 -3.1103586786e-03 8.1400035853e-14 2.2214002806e-07 3.1103586786e-03 -3.1101365384e-03 -8.1400035853e-14 -2.2214003259e-07 -4.9944310052e-14
d  7.4510418415e-03 5.2157290283e+00 0.0000000000e+00 2.3304861084e+00 3.0000000000e+02 -4.1486570906e-03 7.4245435955e-14 2.3304861084e-07 4.1486570906e-03 -4.1484240419e-03 -7.4245435955e-14 -2.3304862148e-07 -4.7156653911e-14
d  7.8208636514e-03 5.4746042823e+00 0.0000000000e+00 2.4404884420e+00 3.0000000000e+02 -5.2633299300e-03 6.6750524696e-14 2.4404884420e-07 5.2633299300e-03 -5.2630858810e-03 -6.6750524696e-14 -2.4404884978e-07 -4.4180181712e-14
d  8.2646498232e-03 5.7852545870e+00 0.0000000000e+00 2.5436745968e+00 3.0000000000e+02 -6.4435739259e-03 5.8793610513e-14 2.5436745968e-07 6.4435739259e-03 -6.4433195584e-03 -5.8793610513e-14 -2.5436746263e-07 -4.0779141835e-14
d  8.5714290000e-03 6.0000000000e+00 0.0000000000e+00 2.6055561696e+00 3.0000000000e+02 -7.1560310315e-03 5.8419701528e-14 2.6055561696e-07 7.1560310315e-03 -7.1557704758e-03 -5.8419701528e-14 -2.6055561987e-07 -4.0424036401e-14
d  8.9395640121e-03 5.7423055645e+00 0.0000000000e+00 2.5304872557e+00 3.0000000000e+02 -6.2922335716e-03 -1.2521223323e-13 2.5304872557e-07 6.2922335716e-03 -6.2919805231e-03 1.2521223323e-13 -2.5304871864e-07 8.5950787348e-14
d  9.3340509201e-03 5.4661648072e+00 0.0000000000e+00 2.4373990352e+00 3.0000000000e+02 -5.2280997178e-03 -6.5035230224e-14 2.4373990352e-07 5.2280997178e-03 -5.2278559780e-03 6.5035230224e-14 -2.4373989743e-07 4.3474599464e-14
d  9.6509339717e-03 5.2443467339e+00 0.0000000000e+00 2.3437206814e+00 3.0000000000e+02 -4.2790656497e-03 -7.3365816374e-14 2.3437206814e-07 4.2790656497e-03 -4.2788312777e-03 7.3365816374e-14 -2.3437206160e-07 4.6892457782e-14
d  1.0000000000e-02 5.0000005833e+00 0.0000000000e+00 2.2214007932e+00 3.0000000000e+02 -3.1103634672e-03 -8.0371937651e-14 2.2214007932e-07 3.1103634671e-03 -3.1101413272e-03 8.0371937651e-14 -2.2214006270e-07 4.9662052285e-14
d  1.0418879234e-02 4.7067852026e+00 0.0000000000e+00 2.0486365614e+00 3.0000000000e+02 -1.7302938488e-03 -8.7453734426e-14 2.0486365614e-07 1.7302938489e-03 -1.7300889852e-03 8.7453734429e-14 -2.0486383047e-07 5.2810663679e-14
d  1.0781329967e-02 4.4530697611e+00 0.0000000000e+00 1.8775293360e+00 3.0000000000e+02 -8.7289800745e-04 -9.1114490683e-14 1.8775293360e-07 8.7289800745e-04 -8.7271025466e-04 9.1114490683e-14 -1.8775293251e-07 5.5159882011e-14
d  1.0988740292e-02 4.3078825749e+00 0.0000000000e+00 1.7783599930e+00 3.0000000000e+02 -5.9711959877e-04 -8.6895742817e-14 1.7783599926e-07 5.9711959967e-04 -5.9694176253e-04 8.6895742926e-14 -1.7783727998e-07 5.4164336595e-14
d  1.1116811851e-02 4.2182325090e+00 0.0000000000e+00 1.7192141747e+00 3.0000000000e+02 -4.8023675212e-04 -8.3367195852e-14 1.7192141743e-07 4.8023675290e-04 -4.8006483045e-04 8.3367196092e-14 -1.7192258460e-07 5.2976230448e-14
d  1.1251292408e-02 4.1240961458e+00 0.0000000000e+00 1.6602918303e+00 3.0000000000e+02 -3.8722677587e-04 -7.9162630238e-14 1.6602918299e-07 3.8722677664e-04 -3.8706074639e-04 7.9162630600e-14 -1.6603038554e-07 5.1531454188e-14
d  1.1412669077e-02 4.0111325099e+00 0.0000000000e+00 1.5920001827e+00 3.0000000000e+02 -3.0190584480e-04 -7.7664227577e-14 1.5920001820e-07 3.0190584568e-04 -3.0174664438e-04 7.7664228088e-14 -1.5920143096e-07 5.1013059564e-14
d  1.1428570000e-02 4.0000018667e+00 0.0000000000e+00 1.5854172837e+00 3.0000000000e+02 -2.9469949247e-04 -7.7478315334e-14 1.5854172834e-07 2.9469949289e-04 -2.9454095061e-04 7.7478317148e-14 -1.5854240805e-07 5.0925605569e-14
d  1.1447651108e-02 3.9866450948e+00 0.0000000000e+00 1.5775551503e+00 3.0000000000e+02 -2.8629988167e-04 -7.7189993580e-14 1.5775551495e-07 2.8629988270e-04 -2.8614212564e-04 7.7189999057e-14 -1.5775718778e-07 5.0820044395e-14
d  1.1470548438e-02 3.9706169685e+00 0.0000000000e+00 1.5681702399e+00 3.0000000000e+02 -2.7655851505e-04 -7.6895373564e-14 1.5681702384e-07 2.7655851693e-04 -2.7640169698e-04 7.6895382273e-14 -1.5682007837e-07 5.0711005121e-14
d  1.1498025233e-02 3.9513832170e+00 0.0000000000e+00 1.5569796105e+00 3.0000000000e+02 -2.6533202354e-04 -7.6533152360e-14 1.5569796079e-07 2.6533202658e-04 -2.6517632377e-04 7.6533164819e-14 -1.5570293954e-07 5.0576036371e-14
d  1.1530997388e-02 3.9283027152e+00 0.0000000000e+00 1.5436514154e+00 3.0000000000e+02 -2.5249123429e-04 -7.6115162808e-14 1.5436514112e-07 2.5249123890e-04 -2.5233686627e-04 7.6115179692e-14 -1.5437275851e-07 5.0418840664e-14
d  1.1570563974e-02 3.9006061130e+00 0.0000000000e+00 1.5277985167e+00 3.0000000000e+02 -2.3793427819e-04 -7.5635789034e-14 1.5277985165e-07 2.3793427832e-04 -2.3778149838e-04 7.5635789470e-14 -1.5278007158e-07 5.0236261359e-14
d  1.1618043877e-02 3.8673701904e+00 0.0000000000e+00 1.5089821963e+00 3.0000000000e+02 -2.2160810671e-04 -7.5040310878e-14 1.5089821961e-07 2.2160810690e-04 -2.2145720848e-04 7.5040311474e-14 -1.5089855075e-07 5.0008112695e-14
d  1.1675019760e-02 3.8274870833e+00 0.0000000000e+00 1.4866986825e+00 3.0000000000e+02 -2.0351704328e-04 -7.4353522607e-14 1.4866986822e-07 2.0351704355e-04 -2.0336837334e-04 7.4353523378e-14 -1.4867033406e-07 4.9740027635e-14
d  1.1743390821e-02 3.7796273547e+00 0.0000000000e+00 1.4603539365e+00 3.0000000000e+02 -1.8373018801e-04 -7.3641222340e-14 1.4603539360e-07 1.8373018838e-04 -1.8358415246e-04 7.3641223354e-14 -1.4603604953e-07 4.9452456845e-14
d  1.1825436093e-02 3.7221956804e+00 0.0000000000e+00 1.4293349420e+00 3.0000000000e+02 -1.6245582985e-04 -7.2702442094e-14 1.4293349412e-07 1.6245583042e-04 -1.6231289603e-04 7.2702443603e-14 -1.4293451177e-07 4.9072399608e-14
d  1.1923890419e-02 3.6532776713e+00 0.0000000000e+00 1.3930552529e+00 3.0000000000e+02 -1.4007632170e-04 -7.1423827798e-14 1.3930552528e-07 1.4007632173e-04 -1.3993701627e-04 7.1423827878e-14 -1.3930558103e-07 4.8558144499e-14
d  1.2042035611e-02 3.5705760603e+00 0.0000000000e+00 1.3504501416e+00 3.0000000000e+02 -1.1692311129e-04 -7.0789473929e-14 1.3504501415e-07 1.1692311132e-04 -1.1678806636e-04 7.0789474031e-14 -1.3504508652e-07 4.8245090329e-14
d  1.2142860000e-02 3.4999990083e+00 0.0000000000e+00 1.3148468637e+00 3.0000000000e+02 -9.9872359700e-05 -7.0183336212e-14 1.3148468637e-07 9.9872359716e-05 -9.9740875117e-05 7.0183336269e-14 -1.3148471786e-07 4.7944287508e-14
d  1.2263849266e-02 3.4153065459e+00 0.0000000000e+00 1.2729734626e+00 3.0000000000e+02 -8.2182412964e-05 -6.9579003311e-14 1.2729734623e-07 8.2182413063e-05 -8.2055115641e-05 6.9579003675e-14 -1.2729753944e-07 4.7614087864e-14
d  1.2409036386e-02 3.3136755910e+00 0.0000000000e+00 1.2238679355e+00 3.0000000000e+02 -6.4381076903e-05 -6.8969624052e-14 1.2238679354e-07 6.4381076911e-05 -6.4258690217e-05 6.8969624085e-14 -1.2238681109e-07 4.7250722779e-14
d  1.2583260929e-02 3.1917184452e+00 0.0000000000e+00 1.1660881982e+00 3.0000000000e+02 -4.7070317967e-05 -6.8925429885e-14 1.1660881981e-07 4.7070317972e-05 -4.6953709257e-05 6.8925429908e-14 -1.1660883133e-07 4.7028109067e-14
d  1.2792330381e-02 3.0453698701e+00 0.0000000000e+00 1.0977603829e+00 3.0000000000e+02 -3.1046718893e-05 -6.9505667270e-14 1.0977603828e-07 3.1046718895e-05 -3.0936942967e-05 6.9505667285e-14 -1.0977604481e-07 4.6935347358e-14
d  1.2857140000e-02 3.0000031500e+00 0.0000000000e+00 1.0766837952e+00 3.0000000000e+02 -2.6965555618e-05 -7.0093079708e-14 1.0766837951e-07 2.6965555628e-05 -2.6857887344e-05 7.0093079843e-14 -1.0766840080e-07 4.7007980313e-14
d  1.2934911542e-02 2.9455630858e+00 0.0000000000e+00 1.0514098449e+00 3.0000000000e+02 -2.2559466835e-05 -7.0682585979e-14 1.0514098448e-07 2.2559466856e-05 -2.2454325946e-05 7.0682586302e-14 -1.0514102763e-07 4.7056940569e-14
d  1.3028237393e-02 2.8802350088e+00 0.0000000000e+00 1.0210387289e+00 3.0000000000e+02 -1.7926548324e-05 -7.1592462466e-14 1.0210387289e-07 1.7926548327e-05 -1.7824444565e-05 7.1592462524e-14 -1.0210388102e-07 4.7160651556e-14
d  1.3140228414e-02 2.8018413164e+00 0.0000000000e+00 9.8447445574e-01 3.0000000000e+02 -1.3232667275e-05 -7.2934992006e-14 9.8447445571e-08 1.3232667278e-05 -1.3134219946e-05 7.2934992053e-14 -9.8447452204e-08 4.7315508159e-14
d  1.3274617639e-02 2.7077688856e+00 0.0000000000e+00 9.4028793139e-01 3.0000000000e+02 -8.7325116700e-06 -7.5112559875e-14 9.4028793137e-08 8.7325116711e-06 -8.6384829977e-06 7.5112559897e-14 -9.4028796102e-08 4.7586478993e-14
d  1.3435884709e-02 2.5948819685e+00 0.0000000000e+00 8.8664904358e-01 3.0000000000e+02 -4.8012195953e-06 -7.8623669747e-14 8.8664904272e-08 4.8012196503e-06 -4.7125547671e-06 7.8623670750e-14 -8.8665009870e-08 4.8001786518e-14
d  1.3571430000e-02 2.5000002917e+00 0.0000000000e+00 8.4100649014e-01 3.0000000000e+02 -2.6007279106e-06 -8.2468856019e-14 8.4100648452e-08 2.6007281540e-06 -2.5166271867e-06 8.2468863250e-14 -8.4101098160e-08 4.8394095402e-14
d  1.3652757175e-02 2.4430712856e+00 0.0000000000e+00 8.1340779067e-01 3.0000000000e+02 -1.7005490719e-06 -8.5076248035e-14 8.1340779113e-08 1.7005490568e-06 -1.6192084381e-06 8.5076247114e-14 -8.1340752411e-08 4.8614768310e-14
d  1.3750349784e-02 2.3747564782e+00 0.0000000000e+00 7.8010858575e-01 3.0000000000e+02 -9.6411436488e-07 -8.8081492898e-14 7.8010855753e-08 9.6411495645e-07 -8.8610319826e-07 8.8081545049e-14 -7.8011895137e-08 4.8865436345e-14
d  1.3808905350e-02 2.3337675938e+00 0.0000000000e+00 7.6001287463e-01 3.0000000000e+02 -6.6750703807e-07 -8.9878917299e-14 7.6001287541e-08 6.6750702560e-07 -5.9150589805e-07 8.9878915161e-14 -7.6001266471e-08 4.9042319499e-14
d  1.3879172029e-02 2.2845809326e+00 0.0000000000e+00 7.3569351137e-01 3.0000000000e+02 -4.2074424333e-07 -9.2157752653e-14 7.3569350841e-08 4.2074427456e-07 -3.4717501157e-07 9.2157760265e-14 -7.3569404482e-08 4.9337609185e-14
d  1.3921332036e-02 2.2550689358e+00 0.0000000000e+00 7.2092656718e-01 3.0000000000e+02 -3.1683485531e-07 -9.3782655441e-14 7.2092657134e-08 3.1683482061e-07 -2.4474236538e-07 9.3782639385e-14 -7.2092598628e-08 4.9613419612e-14
d  1.3971924045e-02 2.2196545397e+00 0.0000000000e+00 7.0295770668e-01 3.0000000000e+02 -2.2486603257e-07 -9.6160166901e-14 7.0295769263e-08 2.2486611883e-07 -1.5457034625e-07 9.6160220747e-14 -7.0295918764e-08 5.0017781610e-14
d  1.4002279250e-02 2.1984059020e+00 0.0000000000e+00 6.9203649796e-01 3.0000000000e+02 -1.8301119457e-07 -9.8193278846e-14 6.9203652605e-08 1.8301105019e-07 -1.1380780240e-07 9.8193107411e-14 -6.9203396288e-08 5.0299130615e-14
d  1.4038705496e-02 2.1729075368e+00 0.0000000000e+00 6.7882822160e-01 3.0000000000e+02 -1.4284647007e-07 -1.0158391966e-13 6.7882819368e-08 1.4284658494e-07 -7.4963702923e-08 1.0158410302e-13 -6.7883034216e-08 5.0618256874e-14
d  1.4060561244e-02 2.1576085177e+00 0.0000000000e+00 6.7084834368e-01 3.0000000000e+02 -1.2309783152e-07 -1.0499177808e-13 6.7084835196e-08 1.2309780142e-07 -5.6013177671e-08 1.0499169112e-13 -6.7084779649e-08 5.0906444654e-14
d  1.4073674693e-02 2.1484291062e+00 0.0000000000e+00 6.6600528641e-01 3.0000000000e+02 -1.1270608512e-07 -1.0777064217e-13 6.6600527148e-08 1.1270613475e-07 -4.6105676931e-08 1.0777090809e-13 -6.6600616872e-08 5.1284370186e-14
d  1.4089410831e-02 2.1374138125e+00 0.0000000000e+00 6.6007857002e-01 3.0000000000e+02 -1.0169252285e-07 -1.1136650940e-13 6.6007854248e-08 1.0169260657e-07 -3.5684774567e-08 1.1136696462e-13 -6.6007995296e-08 5.1923704765e-14
d  1.4108294197e-02 2.1241954599e+00 0.0000000000e+00 6.5270309378e-01 3.0000000000e+02 -9.0572748810e-08 -1.1638809610e-13 6.5270310791e-08 9.0572709718e-08 -2.5302626878e-08 1.1638791062e-13 -6.5270252218e-08 5.2990971548e-14
d  1.4119624217e-02 2.1162644484e+00 0.0000000000e+00 6.4810301230e-01 3.0000000000e+02 -8.4942523266e-08 -1.2015229032e-13 6.4810299095e-08 8.4942578519e-08 -2.0132374512e-08 1.2015269541e-13 -6.4810377973e-08 5.3811371865e-14
d  1.4133220241e-02 2.1067472346e+00 0.0000000000e+00 6.4245971964e-01 3.0000000000e+02 -7.8948583819e-08 -1.2732279269e-13 6.4245973124e-08 7.8948555377e-08 -1.4702802949e-08 1.2732257341e-13 -6.4245934352e-08 5.4602870416e-14
d  1.4141377855e-02 2.1010369063e+00 0.0000000000e+00 6.3907722709e-01 3.0000000000e+02 -7.5547627037e-08 -1.3740578736e-13 6.3907721235e-08 7.5547661339e-08 -1.1640085372e-08 1.3740623938e-13 -6.3907768347e-08 5.4973022640e-14
d  1.4151166992e-02 2.0941845124e+00 0.0000000000e+00 6.3514044753e-01 3.0000000000e+02 -7.1375131300e-08 -1.6348472240e-13 6.3514046193e-08 7.1375099045e-08 -7.8613153972e-09 1.6348421807e-13 -6.3514002848e-08 5.5718826722e-14
d  1.4154103733e-02 2.0921287942e+00 0.0000000000e+00 6.3401508956e-01 3.0000000000e+02 -7.0041189255e-08 -1.8882689955e-13 6.3401507735e-08 7.0041215718e-08 -6.6399189677e-09 1.8882795853e-13 -6.3401542121e-08 5.6537637382e-14
d  1.4155865778e-02 2.0908953633e+00 0.0000000000e+00 6.3337039068e-01 3.0000000000e+02 -6.9183710900e-08 -2.1572759955e-13 6.3337037512e-08 6.9183744240e-08 -5.8469388099e-09 2.1572977910e-13 -6.3337078472e-08 5.7323965893e-14
d  1.4156923004e-02 2.0901553047e+00 0.0000000000e+00 6.3300177236e-01 3.0000000000e+02 -6.8633356816e-08 -2.4034479792e-13 6.3300176874e-08 6.8633364332e-08 -5.3334767834e-09 2.4034551161e-13 -6.3300185945e-08 5.8070849674e-14
d  1.4157557340e-02 2.0897112696e+00 0.0000000000e+00 6.3278936608e-01 3.0000000000e+02 -6.8285624109e-08 -2.6008792014e-13 6.3278936404e-08 6.8285628206e-08 -5.0070056913e-09 2.6008848647e-13 -6.3278941325e-08 5.8725780208e-14
d  1.4158318544e-02 2.0891784275e+00 0.0000000000e+00 6.3254677313e-01 3.0000000000e+02 -6.7843358528e-08 -2.9066564677e-13 6.3254677752e-08 6.7843349106e-08 -4.5890320336e-09 2.9066449055e-13 -6.3254667456e-08 5.9723443494e-14
d  1.4158775266e-02 2.0888587222e+00 0.0000000000e+00 6.3240825861e-01 3.0000000000e+02 -6.7563733012e-08 -3.1409819196e-13 6.3240826831e-08 6.7563712702e-08 -4.3232827279e-09 3.1409481943e-13 -6.3240804701e-08 6.0610347382e-14
d  1.4159323332e-02 2.0884750758e+00 0.0000000000e+00 6.3225030107e-01 3.0000000000e+02 -6.7211470169e-08 -3.4853818364e-13 6.3225030300e-08 6.7211465955e-08 -3.9868505446e-09 3.4853754724e-13 -6.3225025954e-08 6.1947586230e-14
d  1.4159652172e-02 2.0882448880e+00 0.0000000000e+00 6.3215986960e-01 3.0000000000e+02 -6.6991387692e-08 -3.7345895502e-13 6.3215987486e-08 6.6991376742e-08 -3.7758373795e-09 3.7345661085e-13 -6.3215975857e-08 6.3032162021e-14
d  1.4160046780e-02 2.0879686626e+00 0.0000000000e+00 6.3205594654e-01 3.0000000000e+02 -6.6718133572e-08 -4.0784947027e-13 6.3205595035e-08 6.6718125588e-08 -3.5130114210e-09 4.0784787091e-13 -6.3205586650e-08 6.4563890550e-14
d  1.4160283544e-02 2.0878029274e+00 0.0000000000e+00 6.3199583762e-01 3.0000000000e+02 -6.6549753299e-08 -4.3133660955e-13 6.3199583823e-08 6.6549751856e-08 -3.3506664020e-09 4.3133625040e-13 -6.3199582555e-08 6.5707637431e-14
d  1.4160567662e-02 2.0876040451e+00 0.0000000000e+00 6.3192587474e-01 3.0000000000e+02 -6.6343490244e-08 -4.6230252579e-13 6.3192587494e-08 6.6343489638e-08 -3.1514320648e-09 4.6230241728e-13 -6.3192587129e-08 6.7240466946e-14
d  1.4160908603e-02 2.0873653864e+00 0.0000000000e+00 6.3184473780e-01 3.0000000000e+02 -6.6090601928e-08 -5.0361155476e-13 6.3184473884e-08 6.6090599627e-08 -2.9067009371e-09 5.0361107188e-13 -6.3184471693e-08 6.9392318560e-14
d  1.4161317732e-02 2.0870789959e+00 0.0000000000e+00 6.3175034250e-01 3.0000000000e+02 -6.5781816248e-08 -5.5883746063e-13 6.3175034295e-08 6.5781815127e-08 -2.6074130977e-09 5.5883728278e-13 -6.3175033377e-08 7.2484425064e-14
d  1.4161563210e-02 2.0869071617e+00 0.0000000000e+00 6.3169430264e-01 3.0000000000e+02 -6.5595792877e-08 -5.9461268315e-13 6.3169430265e-08 6.5595792664e-08 -2.4270316699e-09 5.9461268217e-13 -6.3169430324e-08 7.4708499460e-14
d  1.4161857783e-02 2.0867009605e+00 0.0000000000e+00 6.3162670674e-01 3.0000000000e+02 -6.5373880476e-08 -6.3867241715e-13 6.3162670674e-08 6.5373880269e-08 -2.2119257426e-09 6.3867241778e-13 -6.3162670740e-08 7.7537947036e-14
d  1.4162211271e-02 2.0864535192e+00 0.0000000000e+00 6.3154342350e-01 3.0000000000e+02 -6.5112991720e-08 -6.9128749013e-13 6.3154342355e-08 6.5112991414e-08 -1.9594215642e-09 6.9128746909e-13 -6.3154342314e-08 8.1167773270e-14
d  1.4162423364e-02 2.0863050544e+00 0.0000000000e+00 6.3149142118e-01 3.0000000000e+02 -6.4961149748e-08 -7.2162579014e-13 6.3149142043e-08 6.4961151011e-08 -1.8128124465e-09 7.2162625222e-13 -6.3149143672e-08 8.3475358841e-14
d  1.4162677875e-02 2.0861268966e+00 0.0000000000e+00 6.3142614726e-01 3.0000000000e+02 -6.4785416143e-08 -7.5509243698e-13 6.3142614649e-08 6.4785417427e-08 -1.6436424234e-09 7.5509287369e-13 -6.3142616299e-08 8.6157219080e-14
d  1.4162983288e-02 2.0859131072e+00 0.0000000000e+00 6.3134257118e-01 3.0000000000e+02 -6.4586155314e-08 -7.8973539872e-13 6.3134257112e-08 6.4586155231e-08 -1.4527769133e-09 7.8973542921e-13 -6.3134257309e-08 8.9210097173e-14
d  1.4163166536e-02 2.0857848336e+00 0.0000000000e+00 6.3128930483e-01 3.0000000000e+02 -6.4473436934e-08 -8.0719742299e-13 6.3128930462e-08 6.4473437133e-08 -1.3454042919e-09 8.0719756915e-13 -6.3128930957e-08 9.0922597714e-14
d  1.4163386434e-02 2.0856309053e+00 0.0000000000e+00 6.3122197920e-01 3.0000000000e+02 -6.4345596135e-08 -8.2429466715e-13 6.3122197905e-08 6.4345596212e-08 -1.2243150999e-09 8.2429476289e-13 -6.3122198272e-08 9.2773286310e-14
d  1.4163650311e-02 2.0854461913e+00 0.0000000000e+00 6.3113602942e-01 3.0000000000e+02 -6.4203365350e-08 -8.3977072435e-13 6.3113602885e-08 6.4203366244e-08 -1.0906965986e-09 8.3977102884e-13 -6.3113604116e-08 9.4719366566e-14
d  1.4163966964e-02 2.0852245345e+00 0.0000000000e+00 6.3102537743e-01 3.0000000000e+02 -6.4048892072e-08 -8.5099577252e-13 6.3102537694e-08 6.4048892811e-08 -9.4730168402e-10 8.5099598831e-13 -6.3102538758e-08 9.6602659407e-14
d  1.4164346947e-02 2.0849585464e+00 0.0000000000e+00 6.3088213056e-01 3.0000000000e+02 -6.3886001520e-08 -8.5502006485e-13 6.3088213021e-08 6.3886001991e-08 -7.9874143900e-10 8.5502019259e-13 -6.3088213802e-08 9.8217436995e-14
d  1.4164802927e-02 2.0846393606e+00 0.0000000000e+00 6.3069642711e-01 3.0000000000e+02 -6.3720077723e-08 -8.4778066900e-13 6.3069642688e-08 6.3720077956e-08 -6.5138179388e-10 8.4778073738e-13 -6.3069643217e-08 9.9249887243e-14
d  1.4165350103e-02 2.0842563377e+00 0.0000000000e+00 6.3045662005e-01 3.0000000000e+02 -6.3557152784e-08 -8.2681765504e-13 6.3045662024e-08 6.3557152192e-08 -5.1241676318e-10 8.2681760608e-13 -6.3045661684e-08 9.9435011806e-14
d  1.4166006713e-02 2.0837967102e+00 0.0000000000e+00 6.3014978547e-01 3.0000000000e+02 -6.3402219697e-08 -7.9425710044e-13 6.3014978533e-08 6.3402219765e-08 -3.8813394571e-10 7.9425712963e-13 -6.3014978887e-08 9.8765957408e-14
d  1.4166794647e-02 2.0832451572e+00 0.0000000000e+00 6.2976190849e-01 3.0000000000e+02 -6.3258095071e-08 -7.5312258306e-13 6.2976190846e-08 6.3258094933e-08 -2.8275441445e-10 7.5312258919e-13 -6.2976190983e-08 9.7345031289e-14
d  1.4167740166e-02 2.0825832936e+00 0.0000000000e+00 6.2927749564e-01 3.0000000000e+02 -6.3125374030e-08 -7.0023772339e-13 6.2927749562e-08 6.3125373862e-08 -1.9841939098e-10 7.0023772629e-13 -6.2927749667e-08 9.4958747307e-14
d  1.4168874790e-02 2.0817890572e+00 0.0000000000e+00 6.2867923677e-01 3.0000000000e+02 -6.3002142589e-08 -6.3398689446e-13 6.2867923670e-08 6.3002142526e-08 -1.3494412713e-10 6.3398690306e-13 -6.2867923885e-08 9.1498973072e-14
d  1.4170236338e-02 2.0808359736e+00 0.0000000000e+00 6.2794750144e-01 3.0000000000e+02 -6.2883788782e-08 -5.6184056251e-13 6.2794750158e-08 6.2883788289e-08 -8.9687653133e-11 5.6184054856e-13 -6.2794749922e-08 8.7441232450e-14
d  1.4171870196e-02 2.0796922733e+00 0.0000000000e+00 6.2705910659e-01 3.0000000000e+02 -6.2764102997e-08 -4.9038090342e-13 6.2705910657e-08 6.2764102842e-08 -5.8765713464e-11 4.9038090559e-13 -6.2705910776e-08 8.3246090636e-14
d  1.4173830826e-02 2.0783198329e+00 0.0000000000e+00 6.2598592982e-01 3.0000000000e+02 -6.2636388886e-08 -4.2306585985e-13 6.2598592981e-08 6.2636388698e-08 -3.8297880469e-11 4.2306586050e-13 -6.2598593064e-08 7.9183232759e-14
d  1.4176183582e-02 2.0766729044e+00 0.0000000000e+00 6.2469366670e-01 3.0000000000e+02 -6.2493940062e-08 -3.6309197111e-13 6.2469366665e-08 6.2493939953e-08 -2.5011708230e-11 3.6309197386e-13 -6.2469366831e-08 7.5494353658e-14
d  1.4179006888e-02 2.0746965903e+00 0.0000000000e+00 6.2314056863e-01 3.0000000000e+02 -6.2330142044e-08 -3.1141843507e-13 6.2314056862e-08 6.2330141848e-08 -1.6468602769e-11 3.1141843534e-13 -6.2314056937e-08 7.2269826303e-14
d  1.4182394856e-02 2.0723250133e+00 0.0000000000e+00 6.2127610951e-01 3.0000000000e+02 -6.2138248363e-08 -2.6846986938e-13 6.2127610950e-08 6.2138248160e-08 -1.0975170125e-11 2.6846986944e-13 -6.2127611016e-08 6.9557112431e-14
d  1.4186460418e-02 2.0694791209e+00 0.0000000000e+00 6.1903943454e-01 3.0000000000e+02 -6.1911056245e-08 -2.3385742982e-13 6.1903943454e-08 6.1911056041e-08 -7.4137251290e-12 2.3385742987e-13 -6.1903943519e-08 6.7346098058e-14
d  1.4191339092e-02 2.0660640500e+00 0.0000000000e+00 6.1635750139e-01 3.0000000000e+02 -6.1640557461e-08 -2.0598724806e-13 6.1635750138e-08 6.1640557256e-08 -5.0785857748e-12 2.0598724809e-13 -6.1635750202e-08 6.5544402067e-14
d  1.4197193501e-02 2.0619659650e+00 0.0000000000e+00 6.1314288201e-01 3.0000000000e+02 -6.1317567411e-08 -1.8369000734e-13 6.1314288201e-08 6.1317567214e-08 -3.5267153937e-12 1.8369000744e-13 -6.1314288271e-08 6.4082919562e-14
d  1.4204218792e-02 2.0570482630e+00 0.0000000000e+00 6.0929113103e-01 3.0000000000e+02 -6.0931364451e-08 -1.6595461614e-13 6.0929113064e-08 6.0931364995e-08 -2.4799367074e-12 1.6595462317e-13 -6.0929113913e-08 6.2900446507e-14
d  1.4212649140e-02 2.0511470205e+00 0.0000000000e+00 6.0467769293e-01 3.0000000000e+02 -6.0469319436e-08 -1.5178677132e-13 6.0467769252e-08 6.0469320001e-08 -1.7635993782e-12 1.5178677736e-13 -6.0467770123e-08 6.1934749981e-14
d  1.4222765559e-02 2.0440655295e+00 0.0000000000e+00 5.9915431565e-01 3.0000000000e+02 -5.9916497139e-08 -1.4039592140e-13 5.9915431565e-08 5.9916496935e-08 -1.2668397857e-12 1.4039592140e-13 -5.9915431626e-08 6.1135135893e-14
d  1.4228835410e-02 2.0398166350e+00 0.0000000000e+00 5.9584703085e-01 3.0000000000e+02 -5.9585578960e-08 -1.3541470717e-13 5.9584703058e-08 5.9585579275e-08 -1.0717984068e-12 1.3541471230e-13 -5.9584703664e-08 6.0772471606e-14
d  1.4236119231e-02 2.0347179615e+00 0.0000000000e+00 5.9188502678e-01 3.0000000000e+02 -5.9189208504e-08 -1.3063195893e-13 5.9188502638e-08 5.9189209061e-08 -8.9661168293e-13 1.3063196601e-13 -5.9188503498e-08 6.0416960199e-14
d  1.4244859817e-02 2.0285995533e+00 0.0000000000e+00 5.8714037047e-01 3.0000000000e+02 -5.8714592570e-08 -1.2607359830e-13 5.8714037046e-08 5.8714592378e-08 -7.4140606184e-13 1.2607359838e-13 -5.8714037116e-08 6.0067388917e-14
d  1.4255348520e-02 2.0212574635e+00 0.0000000000e+00 5.8146087359e-01 3.0000000000e+02 -5.8146512243e-08 -1.2178649348e-13 5.8146087358e-08 5.8146512043e-08 -6.0613456837e-13 1.2178649350e-13 -5.8146087419e-08 5.9724666471e-14
d  1.4261641741e-02 2.0168522096e+00 0.0000000000e+00 5.7806059460e-01 3.0000000000e+02 -5.7806423974e-08 -1.1966641022e-13 5.7806059432e-08 5.7806424287e-08 -5.4346808770e-13 1.1966641527e-13 -5.7806060034e-08 5.9547750360e-14
d  1.4269193607e-02 2.0115659049e+00 0.0000000000e+00 5.7398764196e-01 3.0000000000e+02 -5.7399068894e-08 -1.1746224788e-13 5.7398764191e-08 5.7399068775e-08 -4.8125972537e-13 1.1746224865e-13 -5.7398764336e-08 5.9358030512e-14
d  1.4278255846e-02 2.0052223393e+00 0.0000000000e+00 5.6911077018e-01 3.0000000000e+02 -5.6911323552e-08 -1.1519476782e-13 5.6911077016e-08 5.6911323380e-08 -4.2062922893e-13 1.1519476804e-13 -5.6911077103e-08 5.9155042139e-14
d  1.4285710000e-02 2.0000044333e+00 0.0000000000e+00 5.6510806950e-01 3.0000000000e+02 -5.6511014140e-08 -1.1358134005e-13 5.6510806950e-08 5.6511013941e-08 -3.7951950340e-13 1.1358134006e-13 -5.6510807007e-08 5.9004168138e-14
d  1.4294654984e-02 1.9937429461e+00 0.0000000000e+00 5.6031534701e-01 3.0000000000e+02 -5.6031702385e-08 -1.1188001512e-13 5.6031534700e-08 5.6031702203e-08 -3.3814726041e-13 1.1188001525e-13 -5.6031534773e-08 5.8838375801e-14
d  1.4300021975e-02 1.9899860538e+00 0.0000000000e+00 5.5744521695e-01 3.0000000000e+02 -5.5744668949e-08 -1.1096284790e-13 5.5744521678e-08 5.5744669039e-08 -3.1670931224e-13 1.1096285134e-13 -5.5744522039e-08 5.8745776750e-14
d  1.4306462363e-02 1.9854777830e+00 0.0000000000e+00 5.5400650186e-01 3.0000000000e+02 -5.5400775578e-08 -1.0995165927e-13 5.5400650183e-08 5.5400775444e-08 -2.9373030714e-13 1.0995165998e-13 -5.5400650305e-08 5.8640688400e-14
d  1.4314190830e-02 1.9800678581e+00 0.0000000000e+00 5.4988788893e-01 3.0000000000e+02 -5.4988891253e-08 -1.0884322910e-13 5.4988788893e-08 5.4988891056e-08 -2.6947329278e-13 1.0884322910e-13 -5.4988788948e-08 5.8521434071e-14
d  1.4323464989e-02 1.9735759482e+00 0.0000000000e+00 5.4495675300e-01 3.0000000000e+02 -5.4495753810e-08 -1.0765027863e-13 5.4495675299e-08 5.4495753637e-08 -2.4429610847e-13 1.0765027882e-13 -5.4495675379e-08 5.8388102927e-14
d  1.4329029485e-02 1.9696808022e+00 0.0000000000e+00 5.4200375602e-01 3.0000000000e+02 -5.4200441464e-08 -1.0699847865e-13 5.4200375585e-08 5.4200441565e-08 -2.3092406307e-13 1.0699848215e-13 -5.4200375954e-08 5.8314012156e-14
d  1.4335706880e-02 1.9650066271e+00 0.0000000000e+00 5.3846583437e-01 3.0000000000e+02 -5.3846635530e-08 -1.0626488594e-13 5.3846583432e-08 5.3846635411e-08 -2.1633475892e-13 1.0626488680e-13 -5.3846583568e-08 5.8226911536e-14
d  1.4343719754e-02 1.9593976169e+00 0.0000000000e+00 5.3422890696e-01 3.0000000000e+02 -5.3422928025e-08 -1.0543494825e-13 5.3422890696e-08 5.3422927830e-08 -2.0063835237e-13 1.0543494826e-13 -5.3422890750e-08 5.8122657099e-14
d  1.4353335203e-02 1.9526668047e+00 0.0000000000e+00 5.2915710599e-01 3.0000000000e+02 -5.2915732327e-08 -1.0452407301e-13 5.2915710598e-08 5.2915732162e-08 -1.8400650091e-13 1.0452407325e-13 -5.2915710683e-08 5.8003292936e-14
d  1.4359104472e-02 1.9486283174e+00 0.0000000000e+00 5.2612062235e-01 3.0000000000e+02 -5.2612075560e-08 -1.0401184611e-13 5.2612062217e-08 5.2612075670e-08 -1.7502392629e-13 1.0401184964e-13 -5.2612062593e-08 5.7933663792e-14
d  1.4366027595e-02 1.9437821326e+00 0.0000000000e+00 5.2248343007e-01 3.0000000000e+02 -5.2248347071e-08 -1.0343149589e-13 5.2248343002e-08 5.2248346957e-08 -1.6510028594e-13 1.0343149677e-13 -5.2248343140e-08 5.7852132613e-14
d  1.4374335343e-02 1.9379667108e+00 0.0000000000e+00 5.1812832077e-01 3.0000000000e+02 -5.1812826068e-08 -1.0277292326e-13 5.1812832077e-08 5.1812825876e-08 -1.5427624209e-13 1.0277292327e-13 -5.1812832131e-08 5.7756744628e-14
d  1.4384304640e-02 1.9309882047e+00 0.0000000000e+00 5.1291613282e-01 3.0000000000e+02 -5.1291596484e-08 -1.0203405056e-13 5.1291613282e-08 5.1291596297e-08 -1.4263524503e-13 1.0203405061e-13 -5.1291613340e-08 5.7644308535e-14
d  1.4390286219e-02 1.9268011011e+00 0.0000000000e+00 5.0979682991e-01 3.0000000000e+02 -5.0979660347e-08 -1.0159102380e-13 5.0979682988e-08 5.0979660202e-08 -1.3627455343e-13 1.0159102434e-13 -5.0979683089e-08 5.7570367862e-14
d  1.4397464113e-02 1.9217765767e+00 0.0000000000e+00 5.0606093108e-01 3.0000000000e+02 -5.0606063915e-08 -1.0111673421e-13 5.0606093103e-08 5.0606063806e-08 -1.2917673755e-13 1.0111673511e-13 -5.0606093242e-08 5.7495082663e-14
d  1.4406077585e-02 1.9157471474e+00 0.0000000000e+00 5.0158834034e-01 3.0000000000e+02 -5.0158797661e-08 -1.0056689875e-13 5.0158834034e-08 5.0158797473e-08 -1.2135685805e-13 1.0056689878e-13 -5.0158834088e-08 5.7403743339e-14
d  1.4416413753e-02 1.9085118323e+00 0.0000000000e+00 4.9623638544e-01 3.0000000000e+02 -4.9623594392e-08 -9.9945678375e-14 4.9623638543e-08 4.9623594208e-08 -1.1284906489e-13 9.9945678429e-14 -4.9623638601e-08 5.7296466590e-14
d  1.4422615453e-02 1.9041706432e+00 0.0000000000e+00 4.9303321236e-01 3.0000000000e+02 -4.9303272807e-08 -9.9587884230e-14 4.9303321231e-08 4.9303272685e-08 -1.0815266755e-13 9.9587885000e-14 -4.9303321353e-08 5.7232547266e-14
d  1.4430057494e-02 1.8989612163e+00 0.0000000000e+00 4.8919734553e-01 3.0000000000e+02 -4.8919681337e-08 -9.9174891953e-14 4.8919734547e-08 4.8919681232e-08 -1.0287784065e-13 9.9174892867e-14 -4.8919734687e-08 5.7157092122e-14
d  1.4438987942e-02 1.8927099040e+00 0.0000000000e+00 4.8460577943e-01 3.0000000000e+02 -4.8460519434e-08 -9.8698150298e-14 4.8460577942e-08 4.8460519252e-08 -9.7020043284e-14 9.8698150362e-14 -4.8460577998e-08 5.7067589198e-14
d  1.4444346212e-02 1.8889591167e+00 0.0000000000e+00 4.8185686962e-01 3.0000000000e+02 -4.8185625490e-08 -9.8423092100e-14 4.8185686949e-08 4.8185625513e-08 -9.3728358957e-14 9.8423094940e-14 -4.8185687222e-08 5.7014437182e-14
d  1.4450776135e-02 1.8844581718e+00 0.0000000000e+00 4.7856417068e-01 3.0000000000e+02 -4.7856352234e-08 -9.8100760266e-14 4.7856417065e-08 4.7856352090e-08 -8.9981237091e-14 9.8100760836e-14 -4.7856417161e-08 5.6951066812e-14
d  1.4458492042e-02 1.8790570380e+00 0.0000000000e+00 4.7462158953e-01 3.0000000000e+02 -4.7462090334e-08 -9.7727689579e-14 4.7462158947e-08 4.7462090245e-08 -8.5749599210e-14 9.7727690627e-14 -4.7462159100e-08 5.6875802092e-14
d  1.4467751131e-02 1.8725756775e+00 0.0000000000e+00 4.6990301049e-01 3.0000000000e+02 -4.6990228238e-08 -9.7289763772e-14 4.6990301049e-08 4.6990228064e-08 -8.1031490953e-14 9.7289763886e-14 -4.6990301109e-08 5.6785849789e-14
d  1.4473306585e-02 1.8686868612e+00 0.0000000000e+00 4.6707845877e-01 3.0000000000e+02 -4.6707770709e-08 -9.7036753849e-14 4.6707845876e-08 4.6707770536e-08 -7.8367804187e-14 9.7036754033e-14 -4.6707845938e-08 5.6732172317e-14
d  1.4479973129e-02 1.8640202815e+00 0.0000000000e+00 4.6369554308e-01 3.0000000000e+02 -4.6369476458e-08 -9.6739471890e-14 4.6369554305e-08 4.6369476321e-08 -7.5325463423e-14 9.6739472501e-14 -4.6369554403e-08 5.6668255556e-14
d  1.4487972982e-02 1.8584203860e+00 0.0000000000e+00 4.5964549439e-01 3.0000000000e+02 -4.5964468567e-08 -9.6391564585e-14 4.5964549439e-08 4.5964468381e-08 -7.1880370828e-14 9.6391564586e-14 -4.5964549485e-08 5.6592014512e-14
d  1.4497572806e-02 1.8517005114e+00 0.0000000000e+00 4.5479912093e-01 3.0000000000e+02 -4.5479827852e-08 -9.5986716193e-14 4.5479912091e-08 4.5479827687e-08 -6.8016787944e-14 9.5986716362e-14 -4.5479912157e-08 5.6500924914e-14
d  1.4503332700e-02 1.8476685866e+00 0.0000000000e+00 4.5189848967e-01 3.0000000000e+02 -4.5189762831e-08 -9.5748944100e-14 4.5189848965e-08 4.5189762686e-08 -6.5829281136e-14 9.5748944619e-14 -4.5189849052e-08 5.6446430961e-14
d  1.4510244573e-02 1.8428302769e+00 0.0000000000e+00 4.4842487288e-01 3.0000000000e+02 -4.4842398989e-08 -9.5470050798e-14 4.4842487284e-08 4.4842398859e-08 -6.3323920795e-14 9.5470051471e-14 -4.4842487387e-08 5.6381434517e-14
d  1.4518538820e-02 1.8370243052e+00 0.0000000000e+00 4.4426684908e-01 3.0000000000e+02 -4.4426594168e-08 -9.5142087439e-14 4.4426684908e-08 4.4426593985e-08 -6.0478425169e-14 9.5142087445e-14 -4.4426684953e-08 5.6303689552e-14
d  1.4528491918e-02 1.8300571392e+00 0.0000000000e+00 4.3929211606e-01 3.0000000000e+02 -4.3929118138e-08 -9.4759599514e-14 4.3929211604e-08 4.3929117978e-08 -5.7275776254e-14 9.4759599712e-14 -4.3929211673e-08 5.6210968327e-14
d  1.4534463776e-02 1.8258768396e+00 0.0000000000e+00 4.3631512995e-01 3.0000000000e+02 -4.3631417990e-08 -9.4532515905e-14 4.3631512992e-08 4.3631417851e-08 -5.5457291080e-14 9.4532516474e-14 -4.3631513083e-08 5.6155018790e-14
d  1.4541630006e-02 1.8208604801e+00 0.0000000000e+00 4.3275054405e-01 3.0000000000e+02 -4.3274957644e-08 -9.4267447976e-14 4.3275054401e-08 4.3274957520e-08 -5.3369524690e-14 9.4267448696e-14 -4.3275054507e-08 5.6088463891e-14
d  1.4550229482e-02 1.8148408486e+00 0.0000000000e+00 4.2848433119e-01 3.0000000000e+02 -4.2848334375e-08 -9.3952702240e-14 4.2848433119e-08 4.2848334195e-08 -5.0992621538e-14 9.3952702253e-14 -4.2848433164e-08 5.6008423750e-14
d  1.4560548853e-02 1.8076172909e+00 0.0000000000e+00 4.2338116639e-01 3.0000000000e+02 -4.2338015673e-08 -9.3585236400e-14 4.2338116639e-08 4.2338015494e-08 -4.8309020882e-14 9.3585236415e-14 -4.2338116683e-08 5.5913015754e-14
d  1.4566740475e-02 1.8032831563e+00 0.0000000000e+00 4.2032783200e-01 3.0000000000e+02 -4.2032680979e-08 -9.3368092046e-14 4.2032783196e-08 4.2032680847e-08 -4.6781097286e-14 9.3368092669e-14 -4.2032783290e-08 5.5855707302e-14
d  1.4574170423e-02 1.7980821947e+00 0.0000000000e+00 4.1667233978e-01 3.0000000000e+02 -4.1667130324e-08 -9.3111299729e-14 4.1667233973e-08 4.1667130205e-08 -4.5023500819e-14 9.3111300472e-14 -4.1667234080e-08 5.5787101472e-14
d  1.4583086359e-02 1.7918410408e+00 0.0000000000e+00 4.1229808156e-01 3.0000000000e+02 -4.1229702884e-08 -9.2806735376e-14 4.1229808156e-08 4.1229702707e-08 -4.3018398809e-14 9.2806735398e-14 -4.1229808200e-08 5.5704530611e-14
d  1.4593785483e-02 1.7843516562e+00 0.0000000000e+00 4.0706677165e-01 3.0000000000e+02 -4.0706570070e-08 -9.2452394694e-14 4.0706677160e-08 4.0706569955e-08 -4.0744766337e-14 9.2452395238e-14 -4.0706677269e-08 5.5606143438e-14
d  1.4600204958e-02 1.7798580254e+00 0.0000000000e+00 4.0393734813e-01 3.0000000000e+02 -4.0393626699e-08 -9.2237692091e-14 4.0393734809e-08 4.0393626571e-08 -3.9452551635e-14 9.2237692734e-14 -4.0393734903e-08 5.5546625957e-14
d  1.4607908327e-02 1.7744656685e+00 0.0000000000e+00 4.0019131109e-01 3.0000000000e+02 -4.0019021820e-08 -9.1989352084e-14 4.0019131104e-08 4.0019021706e-08 -3.7959591366e-14 9.1989352847e-14 -4.0019131211e-08 5.5476014769e-14
d  1.4617152370e-02 1.7679948401e+00 0.0000000000e+00 3.9570948438e-01 3.0000000000e+02 -3.9570837824e-08 -9.1692194606e-14 3.9570948437e-08 3.9570837651e-08 -3.6253842921e-14 9.1692194638e-14 -3.9570948480e-08 5.5390871371e-14
d  1.4628245222e-02 1.7602298461e+00 0.0000000000e+00 3.9035071605e-01 3.0000000000e+02 -3.9034959505e-08 -9.1343053278e-14 3.9035071601e-08 3.9034959370e-08 -3.4317453206e-14 9.1343053629e-14 -3.9035071685e-08 5.5288763992e-14
d  1.4634900933e-02 1.7555708497e+00 0.0000000000e+00 3.8714567843e-01 3.0000000000e+02 -3.8714454907e-08 -9.1134433099e-14 3.8714567840e-08 3.8714454782e-08 -3.3211507970e-14 9.1134433749e-14 -3.8714567933e-08 5.5227199329e-14
d  1.4642887786e-02 1.7499800540e+00 0.0000000000e+00 3.8330978628e-01 3.0000000000e+02 -3.8330864732e-08 -9.0889068379e-14 3.8330978623e-08 3.8330864621e-08 -3.1934129157e-14 9.0889069157e-14 -3.8330978730e-08 5.5153644568e-14
d  1.4652472010e-02 1.7432710992e+00 0.0000000000e+00 3.7872137756e-01 3.0000000000e+02 -3.7872022779e-08 -9.0596077156e-14 3.7872137755e-08 3.7872022610e-08 -3.0473030154e-14 9.0596077208e-14 -3.7872137799e-08 5.5065275595e-14
d  1.4658222544e-02 1.7392457263e+00 0.0000000000e+00 3.7597603916e-01 3.0000000000e+02 -3.7597488323e-08 -9.0422800240e-14 3.7597603914e-08 3.7597488176e-08 -2.9630043492e-14 9.0422800651e-14 -3.7597603981e-08 5.5012172938e-14
d  1.4665123185e-02 1.7344152789e+00 0.0000000000e+00 3.7268925761e-01 3.0000000000e+02 -3.7268809457e-08 -9.0217022180e-14 3.7268925759e-08 3.7268809317e-08 -2.8650652517e-14 9.0217022664e-14 -3.7268925832e-08 5.4948798415e-14
d  1.4673403955e-02 1.7286187419e+00 0.0000000000e+00 3.6875619177e-01 3.0000000000e+02 -3.6875502060e-08 -8.9971882908e-14 3.6875619171e-08 3.6875501955e-08 -2.7518120568e-14 8.9971883718e-14 -3.6875619281e-08 5.4872131842e-14
d  1.4683340878e-02 1.7216628975e+00 0.0000000000e+00 3.6405251456e-01 3.0000000000e+02 -3.6405133430e-08 -8.9677921265e-14 3.6405251455e-08 3.6405133265e-08 -2.6223436216e-14 8.9677921345e-14 -3.6405251500e-08 5.4780004892e-14
d  1.4689303032e-02 1.7174893909e+00 0.0000000000e+00 3.6123871936e-01 3.0000000000e+02 -3.6123753390e-08 -8.9504326218e-14 3.6123871934e-08 3.6123753246e-08 -2.5475464495e-14 8.9504326636e-14 -3.6123872000e-08 5.4724665873e-14
d  1.4696457617e-02 1.7124811830e+00 0.0000000000e+00 3.5787052978e-01 3.0000000000e+02 -3.5786933836e-08 -8.9296637954e-14 3.5787052975e-08 3.5786933699e-08 -2.4606144942e-14 8.9296638439e-14 -3.5787053047e-08 5.4658127790e-14
d  1.4705043119e-02 1.7064713335e+00 0.0000000000e+00 3.5384076595e-01 3.0000000000e+02 -3.5383956768e-08 -8.9052234610e-14 3.5384076589e-08 3.5383956668e-08 -2.3598715242e-14 8.9052235456e-14 -3.5384076700e-08 5.4578581399e-14
d  1.4715345721e-02 1.6992595140e+00 0.0000000000e+00 3.4902250434e-01 3.0000000000e+02 -3.4902129848e-08 -8.8756041720e-14 3.4902250433e-08 3.4902129689e-08 -2.2448793645e-14 8.8756041829e-14 -3.4902250479e-08 5.4482437190e-14
d  1.4721527282e-02 1.6949324224e+00 0.0000000000e+00 3.4614073180e-01 3.0000000000e+02 -3.4613952161e-08 -8.8581167902e-14 3.4614073177e-08 3.4613952020e-08 -2.1783436777e-14 8.8581168329e-14 -3.4614073242e-08 5.4424612764e-14
d  1.4728945155e-02 1.6897399124e+00 0.0000000000e+00 3.4269171542e-01 3.0000000000e+02 -3.4269050027e-08 -8.8372735160e-14 3.4269171539e-08 3.4269049893e-08 -2.1009606826e-14 8.8372735658e-14 -3.4269171611e-08 5.4355381537e-14
d  1.4737846604e-02 1.6835089004e+00 0.0000000000e+00 3.3856605980e-01 3.0000000000e+02 -3.3856483893e-08 -8.8127090274e-14 3.3856605973e-08 3.3856483797e-08 -2.0111150016e-14 8.8127091139e-14 -3.3856606086e-08 5.4272333269e-14
d  1.4748528342e-02 1.6760316860e+00 0.0000000000e+00 3.3363430877e-01 3.0000000000e+02 -3.3363308165e-08 -8.7827884117e-14 3.3363430876e-08 3.3363308011e-08 -1.9087709866e-14 8.7827884251e-14 -3.3363430923e-08 5.4171983784e-14
d  1.4754937384e-02 1.6715453574e+00 0.0000000000e+00 3.3068526082e-01 3.0000000000e+02 -3.3068403013e-08 -8.7651945393e-14 3.3068526079e-08 3.3068402874e-08 -1.8494447106e-14 8.7651945819e-14 -3.3068526143e-08 5.4111776312e-14
d  1.4762628236e-02 1.6661617630e+00 0.0000000000e+00 3.2715632204e-01 3.0000000000e+02 -3.2715508726e-08 -8.7442057540e-14 3.2715632201e-08 3.2715508595e-08 -1.7804178896e-14 8.7442058048e-14 -3.2715632272e-08 5.4039640848e-14
d  1.4771857257e-02 1.6597014498e+00 0.0000000000e+00 3.2293597100e-01 3.0000000000e+02 -3.2293473152e-08 -8.7194147883e-14 3.2293597093e-08 3.2293473059e-08 -1.7001082303e-14 8.7194148760e-14 -3.2293597205e-08 5.3952744213e-14
d  1.4782932083e-02 1.6519490739e+00 0.0000000000e+00 3.1789233599e-01 3.0000000000e+02 -3.1789109146e-08 -8.6890526282e-14 3.1789233597e-08 3.1789108998e-08 -1.6088979934e-14 8.6890526460e-14 -3.1789233648e-08 5.3847751013e-14
d  1.4789576978e-02 1.6472976484e+00 0.0000000000e+00 3.1487707942e-01 3.0000000000e+02 -3.1487583201e-08 -8.6712278511e-14 3.1487707940e-08 3.1487583064e-08 -1.5559263691e-14 8.6712278940e-14 -3.1487708002e-08 5.3784748559e-14
d  1.4797550853e-02 1.6417159378e+00 0.0000000000e+00 3.1126963690e-01 3.0000000000e+02 -3.1126838621e-08 -8.6498741192e-14 3.1126963687e-08 3.1126838491e-08 -1.4942855692e-14 8.6498741688e-14 -3.1126963756e-08 5.3708948902e-14
d  1.4807119502e-02 1.6350178850e+00 0.0000000000e+00 3.0695640195e-01 3.0000000000e+02 -3.0695514746e-08 -8.6248634934e-14 3.0695640188e-08 3.0695514656e-08 -1.4223614685e-14 8.6248635816e-14 -3.0695640299e-08 5.3618202929e-14
d  1.4818601882e-02 1.6269802217e+00 0.0000000000e+00 3.0180320748e-01 3.0000000000e+02 -3.0180194902e-08 -8.5939936901e-14 3.0180320747e-08 3.0180194756e-08 -1.3410084857e-14 8.5939937071e-14 -3.0180320795e-08 5.3508330294e-14
d  1.4825491309e-02 1.6221576237e+00 0.0000000000e+00 2.9872324677e-01 3.0000000000e+02 -2.9872198605e-08 -8.5757209451e-14 2.9872324674e-08 2.9872198470e-08 -1.2936754755e-14 8.5757209870e-14 -2.9872324734e-08 5.3442011514e-14
d  1.4833758623e-02 1.6163705062e+00 0.0000000000e+00 2.9503917703e-01 3.0000000000e+02 -2.9503791376e-08 -8.5541425175e-14 2.9503917700e-08 2.9503791248e-08 -1.2385671219e-14 8.5541425664e-14 -2.9503917767e-08 5.3362642438e-14
d  1.4843679398e-02 1.6094259651e+00 0.0000000000e+00 2.9063547787e-01 3.0000000000e+02 -2.9063421162e-08 -8.5287750552e-14 2.9063547780e-08 2.9063421075e-08 -1.1739943528e-14 8.5287751455e-14 -2.9063547890e-08 5.3267401295e-14
d  1.4855584329e-02 1.6010925158e+00 0.0000000000e+00 2.8537590319e-01 3.0000000000e+02 -2.8537463399e-08 -8.4970944561e-14 2.8537590318e-08 2.8537463242e-08 -1.1015342714e-14 8.4970944588e-14 -2.8537590350e-08 5.3151751031e-14
d  1.4862727288e-02 1.5960924462e+00 0.0000000000e+00 2.8223326813e-01 3.0000000000e+02 -2.8223199726e-08 -8.4785502239e-14 2.8223326811e-08 2.8223199593e-08 -1.0592133545e-14 8.4785502648e-14 -2.8223326868e-08 5.3082051169e-14
d  1.4871298838e-02 1.5900923627e+00 0.0000000000e+00 2.7847512289e-01 3.0000000000e+02 -2.7847385013e-08 -8.4563865680e-14 2.7847512286e-08 2.7847384887e-08 -1.0099428343e-14 8.4563866151e-14 -2.7847512350e-08 5.2998568425e-14
d  1.4881584699e-02 1.5828922625e+00 0.0000000000e+00 2.7398416972e-01 3.0000000000e+02 -2.7398289491e-08 -8.4298809951e-14 2.7398416972e-08 2.7398289333e-08 -9.5296572769e-15 8.4298809961e-14 -2.7398417000e-08 5.2898050224e-14
d  1.4893927731e-02 1.5742521422e+00 0.0000000000e+00 2.6862227909e-01 3.0000000000e+02 -2.6862100195e-08 -8.3988024994e-14 2.6862227903e-08 2.6862100094e-08 -8.8670863224e-15 8.3988025579e-14 -2.6862227992e-08 5.2777282135e-14
d  1.4901333551e-02 1.5690680701e+00 0.0000000000e+00 2.6541949674e-01 3.0000000000e+02 -2.6541821857e-08 -8.3791566754e-14 2.6541949671e-08 2.6541821725e-08 -8.4960907866e-15 8.3791567140e-14 -2.6541949725e-08 5.2703617097e-14
d  1.4910220534e-02 1.5628471835e+00 0.0000000000e+00 2.6159044343e-01 3.0000000000e+02 -2.6158916400e-08 -8.3565530118e-14 2.6159044339e-08 2.6158916275e-08 -8.0557182918e-15 8.3565530578e-14 -2.6159044400e-08 5.2615658402e-14
d  1.4920884914e-02 1.5553821196e+00 0.0000000000e+00 2.5701625268e-01 3.0000000000e+02 -2.5701497193e-08 -8.3293454063e-14 2.5701625268e-08 2.5701497039e-08 -7.5467025492e-15 8.3293454087e-14 -2.5701625296e-08 5.2509610460e-14
d  1.4933682170e-02 1.5464240429e+00 0.0000000000e+00 2.5155712452e-01 3.0000000000e+02 -2.5155584242e-08 -8.2969432853e-14 2.5155712452e-08 2.5155584088e-08 -6.9616751061e-15 8.2969432858e-14 -2.5155712478e-08 5.2382037654e-14
d  1.4941360524e-02 1.5410491969e+00 0.0000000000e+00 2.4829740038e-01 3.0000000000e+02 -2.4829611761e-08 -8.2775002236e-14 2.4829740035e-08 2.4829611630e-08 -6.6238530148e-15 8.2775002602e-14 -2.4829740086e-08 5.2304866673e-14
d  1.4950574548e-02 1.5345993817e+00 0.0000000000e+00 2.4440142123e-01 3.0000000000e+02 -2.4440013777e-08 -8.2542278801e-14 2.4440142119e-08 2.4440013655e-08 -6.2306146174e-15 8.2542279274e-14 -2.4440142179e-08 5.2212016768e-14
d  1.4961631377e-02 1.5268596035e+00 0.0000000000e+00 2.3974896579e-01 3.0000000000e+02 -2.3974768169e-08 -8.2263225818e-14 2.3974896577e-08 2.3974768029e-08 -5.7765065322e-15 8.2263225989e-14 -2.3974896616e-08 5.2100081767e-14
d  1.4974899572e-02 1.5175718696e+00 0.0000000000e+00 2.3419892219e-01 3.0000000000e+02 -2.3419763753e-08 -8.1930073418e-14 2.3419892219e-08 2.3419763602e-08 -5.2547762478e-15 8.1930073426e-14 -2.3419892243e-08 5.1965182788e-14
d  1.4982860489e-02 1.5119992292e+00 0.0000000000e+00 2.3088624032e-01 3.0000000000e+02 -2.3088495546e-08 -8.1730175291e-14 2.3088624030e-08 2.3088495416e-08 -4.9536826677e-15 8.1730175633e-14 -2.3088624076e-08 5.1883540107e-14
d  1.4992413590e-02 1.5053120608e+00 0.0000000000e+00 2.2692829793e-01 3.0000000000e+02 -2.2692701289e-08 -8.1493003603e-14 2.2692829788e-08 2.2692701183e-08 -4.6007186072e-15 8.1493004286e-14 -2.2692829860e-08 5.1785483084e-14
d  1.5000000000e-02 1.5000015750e+00 0.0000000000e+00 2.2379867456e-01 3.0000000000e+02 -2.2379738954e-08 -8.1300569138e-14 2.2379867454e-08 2.2379738818e-08 -4.3339565575e-15 8.1300569385e-14 -2.2379867492e-08 5.1706885780e-14
d  1.5009103693e-02 1.4936289920e+00 0.0000000000e+00 2.2005898526e-01 3.0000000000e+02 -2.2005770030e-08 -8.1073767298e-14 2.2005898523e-08 2.2005769908e-08 -4.0193916779e-15 8.1073767744e-14 -2.2005898575e-08 5.1612514405e-14
d  1.5020028124e-02 1.4859818924e+00 0.0000000000e+00 2.1559431679e-01 3.0000000000e+02 -2.1559303206e-08 -8.0800778363e-14 2.1559431677e-08 2.1559303073e-08 -3.6563308910e-15 8.0800778586e-14 -2.1559431717e-08 5.1498668224e-14
d  1.5033137441e-02 1.4768053729e+00 0.0000000000e+00 2.1027002103e-01 3.0000000000e+02 -2.1026873675e-08 -8.0474108680e-14 2.1027002103e-08 2.1026873529e-08 -3.2383514660e-15 8.0474108698e-14 -2.1027002126e-08 5.1361110293e-14
d  1.5041003031e-02 1.4712994612e+00 0.0000000000e+00 2.0709301931e-01 3.0000000000e+02 -2.0709173540e-08 -8.0277963555e-14 2.0709301929e-08 2.0709173406e-08 -2.9969140345e-15 8.0277963788e-14 -2.0709301964e-08 5.1277755129e-14
d  1.5050441740e-02 1.4646923672e+00 0.0000000000e+00 2.0329810660e-01 3.0000000000e+02 -2.0329682321e-08 -8.0043660581e-14 2.0329810659e-08 2.0329682186e-08 -2.7157288843e-15 8.0043660775e-14 -2.0329810692e-08 5.1177708306e-14
d  1.5061768190e-02 1.4567638543e+00 0.0000000000e+00 1.9876958371e-01 3.0000000000e+02 -1.9876830108e-08 -7.9762233333e-14 1.9876958368e-08 1.9876829978e-08 -2.3904893849e-15 7.9762233562e-14 -1.9876958406e-08 5.1056746605e-14
d  1.5068564060e-02 1.4520067466e+00 0.0000000000e+00 1.9606585269e-01 3.0000000000e+02 -1.9606457059e-08 -7.9592999175e-14 1.9606585268e-08 1.9606456921e-08 -2.2017220322e-15 7.9592999335e-14 -1.9606585296e-08 5.0983483973e-14
d  1.5076719104e-02 1.4462982173e+00 0.0000000000e+00 1.9283469673e-01 3.0000000000e+02 -1.9283341531e-08 -7.9390785678e-14 1.9283469673e-08 1.9283341386e-08 -1.9808916286e-15 7.9390785667e-14 -1.9283469692e-08 5.0895485726e-14
d  1.5086505157e-02 1.4394479822e+00 0.0000000000e+00 1.8897661397e-01 3.0000000000e+02 -1.8897533347e-08 -7.9147937803e-14 1.8897661395e-08 1.8897533214e-08 -1.7241796771e-15 7.9147938006e-14 -1.8897661427e-08 5.0789245630e-14
d  1.5098248421e-02 1.4312277001e+00 0.0000000000e+00 1.8437492794e-01 3.0000000000e+02 -1.8437364865e-08 -7.8857037280e-14 1.8437492790e-08 1.8437364751e-08 -1.4271078229e-15 7.8857037708e-14 -1.8437492842e-08 5.0660847701e-14
d  1.5105294379e-02 1.4262955308e+00 0.0000000000e+00 1.8162870332e-01 3.0000000000e+02 -1.8162742484e-08 -7.8681309939e-14 1.8162870332e-08 1.8162742346e-08 -1.2556967651e-15 7.8681310040e-14 -1.8162870355e-08 5.0582936171e-14
d  1.5113749528e-02 1.4203769277e+00 0.0000000000e+00 1.7834796134e-01 3.0000000000e+02 -1.7834668387e-08 -7.8472084077e-14 1.7834796133e-08 1.7834668253e-08 -1.0547682260e-15 7.8472084234e-14 -1.7834796159e-08 5.0489386210e-14
d  1.5123895708e-02 1.4132746039e+00 0.0000000000e+00 1.7443243668e-01 3.0000000000e+02 -1.7443116051e-08 -7.8220422473e-14 1.7443243666e-08 1.7443115921e-08 -8.2149519376e-16 7.8220422661e-14 -1.7443243696e-08 5.0376285198e-14
d  1.5129983416e-02 1.4090132097e+00 0.0000000000e+00 1.7209439061e-01 3.0000000000e+02 -1.7209311528e-08 -7.8069207222e-14 1.7209439061e-08 1.7209311389e-08 -6.8565575058e-16 7.8069207266e-14 -1.7209439080e-08 5.0307794417e-14
d  1.5137288665e-02 1.4038995365e+00 0.0000000000e+00 1.6929995797e-01 3.0000000000e+02 -1.6929868367e-08 -7.7888244032e-14 1.6929995798e-08 1.6929868220e-08 -5.2634385869e-16 7.7888243866e-14 -1.6929995807e-08 5.0225452184e-14
d  1.5146054964e-02 1.3977631288e+00 0.0000000000e+00 1.6596289044e-01 3.0000000000e+02 -1.6596161743e-08 -7.7671312051e-14 1.6596289043e-08 1.6596161610e-08 -3.4049846426e-16 7.7671312198e-14 -1.6596289067e-08 5.0126165001e-14
d  1.5156574524e-02 1.3903994395e+00 0.0000000000e+00 1.6198197671e-01 3.0000000000e+02 -1.6198070533e-08 -7.7411308679e-14 1.6198197671e-08 1.6198070395e-08 -1.2498867296e-16 7.7411308691e-14 -1.6198197688e-08 5.0006218469e-14
d  1.5162886259e-02 1.3859812260e+00 0.0000000000e+00 1.5960587514e-01 3.0000000000e+02 -1.5960460480e-08 -7.7254753157e-14 1.5960587514e-08 1.5960460341e-08 2.6624163499e-19 7.7254753143e-14 -1.5960587529e-08 4.9933392590e-14
d  1.5170460342e-02 1.3806793697e+00 0.0000000000e+00 1.5676695779e-01 3.0000000000e+02 -1.5676568862e-08 -7.7071849284e-14 1.5676695778e-08 1.5676568727e-08 1.5238552846e-16 7.7071849351e-14 -1.5676695797e-08 4.9846150221e-14
d  1.5179549241e-02 1.3743171422e+00 0.0000000000e+00 1.5337825996e-01 3.0000000000e+02 -1.5337699248e-08 -7.6842420325e-14 1.5337825994e-08 1.5337699117e-08 3.1803147187e-16 7.6842420474e-14 -1.5337826018e-08 4.9739989634e-14
d  1.5185002580e-02 1.3704998056e+00 0.0000000000e+00 1.5135453498e-01 3.0000000000e+02 -1.5135326850e-08 -7.6707215172e-14 1.5135453499e-08 1.5135326710e-08 4.1779241210e-16 7.6707215092e-14 -1.5135453511e-08 4.9675903071e-14
d  1.5191546587e-02 1.3659190018e+00 0.0000000000e+00 1.4893552840e-01 3.0000000000e+02 -1.4893426312e-08 -7.6545195170e-14 1.4893552842e-08 1.4893426166e-08 5.3500526289e-16 7.6545194866e-14 -1.4893552845e-08 4.9598750498e-14
d  1.5199399396e-02 1.3604220372e+00 0.0000000000e+00 1.4604644212e-01 3.0000000000e+02 -1.4604517834e-08 -7.6350603490e-14 1.4604644211e-08 1.4604517702e-08 6.7201753965e-16 7.6350603584e-14 -1.4604644230e-08 4.9505577235e-14
d  1.5208822767e-02 1.3538256797e+00 0.0000000000e+00 1.4259946052e-01 3.0000000000e+02 -1.4259819860e-08 -7.6117075090e-14 1.4259946051e-08 1.4259819731e-08 8.3129324861e-16 7.6117075234e-14 -1.4259946073e-08 4.9392880044e-14
d  1.5214476789e-02 1.3498678652e+00 0.0000000000e+00 1.4054178284e-01 3.0000000000e+02 -1.4054052207e-08 -7.5977015989e-14 1.4054178285e-08 1.4054052064e-08 9.2411717523e-16 7.5977015727e-14 -1.4054178290e-08 4.9324619195e-14
d  1.5221261616e-02 1.3451184878e+00 0.0000000000e+00 1.3808305602e-01 3.0000000000e+02 -1.3808179666e-08 -7.5808999162e-14 1.3808305610e-08 1.3808179488e-08 1.0330527099e-15 7.5808997779e-14 -1.3808305572e-08 4.9242369753e-14
d  1.5229403408e-02 1.3394192349e+00 0.0000000000e+00 1.3514779236e-01 3.0000000000e+02 -1.3514653473e-08 -7.5607509871e-14 1.3514779238e-08 1.3514653332e-08 1.1602351997e-15 7.5607509680e-14 -1.3514779243e-08 4.9143058418e-14
d  1.5234288483e-02 1.3359996832e+00 0.0000000000e+00 1.3339465836e-01 3.0000000000e+02 -1.3339340179e-08 -7.5486460730e-14 1.3339465837e-08 1.3339340041e-08 1.2345714829e-15 7.5486460535e-14 -1.3339465845e-08 4.9082870759e-14
d  1.5240150574e-02 1.3318962211e+00 0.0000000000e+00 1.3129889478e-01 3.0000000000e+02 -1.3129763950e-08 -7.5341467489e-14 1.3129889482e-08 1.3129763799e-08 1.3220863927e-15 7.5341466807e-14 -1.3129889473e-08 4.9010451038e-14
d  1.5247185082e-02 1.3269720666e+00 0.0000000000e+00 1.2879557240e-01 3.0000000000e+02 -1.2879431831e-08 -7.5184920386e-14 1.2879557282e-08 1.2879431487e-08 1.4456328290e-15 7.5184913599e-14 -1.2879557041e-08 4.8924216584e-14
d  1.5255626492e-02 1.3210630812e+00 0.0000000000e+00 1.2580841878e-01 3.0000000000e+02 -1.2580716703e-08 -7.4959148503e-14 1.2580841878e-08 1.2580716569e-08 1.5442715687e-15 7.4959148469e-14 -1.2580841890e-08 4.8817276322e-14
d  1.5260691338e-02 1.3175176900e+00 0.0000000000e+00 1.2402501364e-01 3.0000000000e+02 -1.2402376307e-08 -7.4833470802e-14 1.2402501367e-08 1.2402376159e-08 1.6139358740e-15 7.4833470147e-14 -1.2402501360e-08 4.8753099762e-14
d  1.5266769153e-02 1.3132632205e+00 0.0000000000e+00 1.2189379538e-01 3.0000000000e+02 -1.2189254626e-08 -7.4683413147e-14 1.2189379547e-08 1.2189254450e-08 1.6958424729e-15 7.4683411385e-14 -1.2189379505e-08 4.8675844502e-14
d  1.5274062532e-02 1.3081578571e+00 0.0000000000e+00 1.1934920246e-01 3.0000000000e+02 -1.1934795511e-08 -7.4503304796e-14 1.1934920248e-08 1.1934795370e-08 1.7916026097e-15 7.4503304455e-14 -1.1934920247e-08 4.8582484563e-14
d  1.5278438559e-02 1.3050946391e+00 0.0000000000e+00 1.1782922597e-01 3.0000000000e+02 -1.1782797959e-08 -7.4400323239e-14 1.1782926005e-08 1.1782781889e-08 1.8529006861e-15 7.4399535140e-14 -1.1782906667e-08 4.8525896706e-14
d  1.5283689791e-02 1.3014187775e+00 0.0000000000e+00 1.1601200345e-01 3.0000000000e+02 -1.1601075846e-08 -7.4274918082e-14 1.1601200353e-08 1.1601075680e-08 1.9144264682e-15 7.4274916411e-14 -1.1601200321e-08 4.8459393173e-14
d  1.5289991270e-02 1.2970077435e+00 0.0000000000e+00 1.1384115156e-01 3.0000000000e+02 -1.1383990813e-08 -7.4112185272e-14 1.1384115176e-08 1.1383990591e-08 1.9942961567e-15 7.4112181646e-14 -1.1384115075e-08 4.8375838058e-14
d  1.5297553045e-02 1.2917145028e+00 0.0000000000e+00 1.1125036703e-01 3.0000000000e+02 -1.1124912558e-08 -7.3926242647e-14 1.1125036705e-08 1.1124912419e-08 2.0818522310e-15 7.3926242312e-14 -1.1125036704e-08 4.8276663058e-14
d  1.5302090109e-02 1.2885385583e+00 0.0000000000e+00 1.0970341668e-01 3.0000000000e+02 -1.0970217642e-08 -7.3814567401e-14 1.0970341672e-08 1.0970217495e-08 2.1346370428e-15 7.3814566515e-14 -1.0970341661e-08 4.8216354009e-14
d  1.5307534587e-02 1.2847274250e+00 0.0000000000e+00 1.0785458174e-01 3.0000000000e+02 -1.0785334291e-08 -7.3681141761e-14 1.0785458190e-08 1.0785334091e-08 2.1967900698e-15 7.3681138363e-14 -1.0785458113e-08 4.8143744104e-14
d  1.5314067960e-02 1.2801540650e+00 0.0000000000e+00 1.0564688584e-01 3.0000000000e+02 -1.0564564877e-08 -7.3520673616e-14 1.0564688583e-08 1.0564564751e-08 2.2694821043e-15 7.3520673731e-14 -1.0564688597e-08 4.8055841733e-14
d  1.5317987984e-02 1.2774100490e+00 0.0000000000e+00 1.0432802154e-01 3.0000000000e+02 -1.0432678548e-08 -7.3426743067e-14 1.0432804600e-08 1.0432668115e-08 2.3143066512e-15 7.3426120444e-14 -1.0432791858e-08 4.8002366407e-14
d  1.5322692013e-02 1.2741172298e+00 0.0000000000e+00 1.0275112183e-01 3.0000000000e+02 -1.0274988709e-08 -7.3313818894e-14 1.0275112197e-08 1.0274988525e-08 2.3626475287e-15 7.3313815689e-14 -1.0275112138e-08 4.7939310008e-14
d  1.5328336848e-02 1.2701658467e+00 0.0000000000e+00 1.0086714866e-01 3.0000000000e+02 -1.0086591548e-08 -7.3171405570e-14 1.0086714901e-08 1.0086591274e-08 2.4213021851e-15 7.3171398526e-14 -1.0086714728e-08 4.7861178851e-14
d  1.5335110649e-02 1.2654241871e+00 0.0000000000e+00 9.8618456961e-02 3.0000000000e+02 -9.8617225670e-09 -7.3007488096e-14 9.8618456961e-09 9.8617224406e-09 2.4902556950e-15 7.3007488101e-14 -9.8618457061e-09 4.7767777345e-14
d  1.5339174930e-02 1.2625791913e+00 0.0000000000e+00 9.7275618638e-02 3.0000000000e+02 -9.7274388437e-09 -7.2911377574e-14 9.7275702061e-09 9.7274055534e-09 2.5327988711e-15 7.2909350794e-14 -9.7275287054e-09 4.7709867071e-14
d  1.5344052067e-02 1.2591651963e+00 0.0000000000e+00 9.5670576155e-02 3.0000000000e+02 -9.5669347342e-09 -7.2799900899e-14 9.5670576516e-09 9.5669344664e-09 2.5788894708e-15 7.2799892705e-14 -9.5670574831e-09 4.7644880758e-14
d  1.5349904631e-02 1.2550684024e+00 0.0000000000e+00 9.3753778497e-02 3.0000000000e+02 -9.3752551350e-09 -7.2650449465e-14 9.3753780144e-09 9.3752543717e-09 2.6378083990e-15 7.2650418548e-14 -9.3753772213e-09 4.7559613683e-14
d  1.5353416170e-02 1.2526103260e+00 0.0000000000e+00 9.2608582372e-02 3.0000000000e+02 -9.2607356300e-09 -7.2566490531e-14 9.2608602906e-09 9.2607276942e-09 2.6668522469e-15 7.2565915296e-14 -9.2608504348e-09 4.7509597540e-14
d  1.5357630017e-02 1.2496606344e+00 0.0000000000e+00 9.1239211019e-02 3.0000000000e+02 -9.1237986180e-09 -7.2464696243e-14 9.1239217150e-09 9.1237961865e-09 2.7045225117e-15 7.2464535976e-14 -9.1239188041e-09 4.7449972836e-14
d  1.5362686632e-02 1.2461210044e+00 0.0000000000e+00 8.9603009413e-02 3.0000000000e+02 -8.9601786046e-09 -7.2338313011e-14 8.9603009994e-09 8.9601782640e-09 2.7504509809e-15 7.2338300447e-14 -8.9603007342e-09 4.7376614003e-14
d  1.5368754571e-02 1.2418734484e+00 0.0000000000e+00 8.7649801199e-02 3.0000000000e+02 -8.7648579646e-09 -7.2198295991e-14 8.7649801282e-09 8.7648578101e-09 2.8022377875e-15 7.2198294508e-14 -8.7649800983e-09 4.7288950162e-14
d  1.5372395334e-02 1.2393249149e+00 0.0000000000e+00 8.6483296230e-02 3.0000000000e+02 -8.6482075753e-09 -7.2110842444e-14 8.6483353292e-09 8.6481869364e-09 2.8336094483e-15 7.2109317777e-14 -8.6483091137e-09 4.7234278676e-14
d  1.5376764250e-02 1.2362666746e+00 0.0000000000e+00 8.5088891419e-02 3.0000000000e+02 -8.5087672236e-09 -7.2012183065e-14 8.5088891959e-09 8.5087669081e-09 2.8698264021e-15 7.2012169604e-14 -8.5088889585e-09 4.7172501902e-14
d  1.5382006949e-02 1.2325967862e+00 0.0000000000e+00 8.3423454438e-02 3.0000000000e+02 -8.3422236856e-09 -7.1882416755e-14 8.3423456317e-09 8.3422229031e-09 2.9135719105e-15 7.1882378026e-14 -8.3423447928e-09 4.7092736936e-14
d  1.5385152569e-02 1.2303948532e+00 0.0000000000e+00 8.2428328986e-02 3.0000000000e+02 -8.2427112383e-09 -7.1809560585e-14 8.2428347279e-09 8.2427048209e-09 2.9367787523e-15 7.1808996689e-14 -8.2428266114e-09 4.7045712303e-14
d  1.5388927312e-02 1.2277525336e+00 0.0000000000e+00 8.1238304792e-02 3.0000000000e+02 -8.1237089339e-09 -7.1721433063e-14 8.1238308828e-09 8.1237074367e-09 2.9660112299e-15 7.1721317040e-14 -8.1238291127e-09 4.6989683534e-14
d  1.5393457004e-02 1.2245817501e+00 0.0000000000e+00 7.9816244242e-02 3.0000000000e+02 -7.9815030165e-09 -7.1614310992e-14 7.9816245842e-09 7.9815023548e-09 3.0013998202e-15 7.1614272987e-14 -7.9816238929e-09 4.6920904307e-14
d  1.5398892635e-02 1.2207768098e+00 0.0000000000e+00 7.8118460167e-02 3.0000000000e+02 -7.8117247791e-09 -7.1489139398e-14 7.8118459103e-09 7.8117250108e-09 3.0407178286e-15 7.1489160285e-14 -7.8118463783e-09 4.6838133535e-14
d  1.5402154013e-02 1.2184938457e+00 0.0000000000e+00 7.7104382738e-02 3.0000000000e+02 -7.7103171373e-09 -7.1413092030e-14 7.7104430162e-09 7.7103015636e-09 3.0641820590e-15 7.1411698474e-14 -7.7104228269e-09 4.6786753965e-14
d  1.5406067667e-02 1.2157542887e+00 0.0000000000e+00 7.5892067059e-02 3.0000000000e+02 -7.5890856883e-09 -7.1328906738e-14 7.5892067477e-09 7.5890854320e-09 3.0925068748e-15 7.1328895288e-14 -7.5892065788e-09 4.6728760622e-14
d  1.5410764052e-02 1.2124668203e+00 0.0000000000e+00 7.4443942011e-02 3.0000000000e+02 -7.4442733340e-09 -7.1216124154e-14 7.4443945257e-09 7.4442721782e-09 3.1251153005e-15 7.1216050710e-14 -7.4443931739e-09 4.6653741742e-14
d  1.5416399713e-02 1.2085218583e+00 0.0000000000e+00 7.2715854208e-02 3.0000000000e+02 -7.2714647279e-09 -7.1091601538e-14 7.2715861471e-09 7.2714623270e-09 3.1640678040e-15 7.1091465876e-14 -7.2715831477e-09 4.6565740850e-14
d  1.5419781110e-02 1.2061548811e+00 0.0000000000e+00 7.1684113107e-02 3.0000000000e+02 -7.1682907273e-09 -7.1017328380e-14 7.1684242205e-09 7.1682509624e-09 3.1837404482e-15 7.1013718665e-14 -7.1683716663e-09 4.6509718682e-14
d  1.5423838787e-02 1.2033145084e+00 0.0000000000e+00 7.0451113436e-02 3.0000000000e+02 -7.0449908790e-09 -7.0936086949e-14 7.0451115845e-09 7.0449900278e-09 3.2119399043e-15 7.0936024185e-14 -7.0451106196e-09 4.6450957846e-14
d  1.5428707998e-02 1.1999060612e+00 0.0000000000e+00 6.8978934924e-02 3.0000000000e+02 -6.8977731965e-09 -7.0813364532e-14 6.8978933833e-09 6.8977734035e-09 3.2396183765e-15 7.0813387986e-14 -6.8978938264e-09 4.6368006445e-14
d  1.5431629525e-02 1.1978609929e+00 0.0000000000e+00 6.8099538715e-02 3.0000000000e+02 -6.8098336655e-09 -7.0752353705e-14 6.8099583690e-09 6.8098203749e-09 3.2572885991e-15 7.0750902769e-14 -6.8099407045e-09 4.6320455007e-14
d  1.5435135358e-02 1.1954069109e+00 0.0000000000e+00 6.7048162030e-02 3.0000000000e+02 -6.7046961047e-09 -7.0683032650e-14 6.7048173282e-09 6.7046927241e-09 3.2788653508e-15 7.0682694522e-14 -6.7048129480e-09 4.6265852632e-14
d  1.5439342357e-02 1.1924620125e+00 0.0000000000e+00 6.5792173556e-02 3.0000000000e+02 -6.5790973950e-09 -7.0586754008e-14 6.5792171504e-09 6.5790978647e-09 3.3027978398e-15 7.0586804823e-14 -6.5792179512e-09 4.6195502931e-14
d  1.5444390755e-02 1.1889281344e+00 0.0000000000e+00 6.4293213626e-02 3.0000000000e+02 -6.4292015636e-09 -7.0481861658e-14 6.4293221709e-09 6.4291991546e-09 3.3305968861e-15 7.0481696631e-14 -6.4293190786e-09 4.6112040986e-14
d  1.5447419794e-02 1.1868078076e+00 0.0000000000e+00 6.3398188536e-02 3.0000000000e+02 -6.3396991500e-09 -7.0415808420e-14 6.3398305276e-09 6.3396667593e-09 3.3460561993e-15 7.0412227833e-14 -6.3397865806e-09 4.6059032399e-14
d  1.5451054642e-02 1.1842634154e+00 0.0000000000e+00 6.2328487877e-02 3.0000000000e+02 -6.2327291903e-09 -7.0358981542e-14 6.2328489520e-09 6.2327286228e-09 3.3679202444e-15 7.0358934633e-14 -6.2328483448e-09 4.6004694352e-14
d  1.5455416458e-02 1.1812101447e+00 0.0000000000e+00 6.1051160257e-02 3.0000000000e+02 -6.1049965802e-09 -7.0253505274e-14 6.1051162802e-09 6.1049957736e-09 3.3880738181e-15 7.0253445444e-14 -6.1051153432e-09 4.5926145924e-14
d  1.5458033548e-02 1.1793781824e+00 0.0000000000e+00 6.0288087296e-02 3.0000000000e+02 -6.0286893638e-09 -7.0204814808e-14 6.0288111644e-09 6.0286828304e-09 3.4013207112e-15 7.0203951931e-14 -6.0288023185e-09 4.5882085589e-14
d  1.5461174056e-02 1.1771798275e+00 0.0000000000e+00 5.9375715626e-02 3.0000000000e+02 -5.9374522942e-09 -7.0147127982e-14 5.9375724195e-09 5.9374499400e-09 3.4170985141e-15 7.0146845381e-14 -5.9375693316e-09 4.5829752181e-14
d  1.5464942665e-02 1.1745418017e+00 0.0000000000e+00 5.8285684008e-02 3.0000000000e+02 -5.8284492537e-09 -7.0071137277e-14 5.8285681793e-09 5.8284497102e-09 3.4347067134e-15 7.0071197361e-14 -5.8285689807e-09 4.5764318614e-14
d  1.5469464996e-02 1.1713761706e+00 0.0000000000e+00 5.6984635985e-02 3.0000000000e+02 -5.6983445940e-09 -6.9986083888e-14 5.6984646918e-09 5.6983416757e-09 3.4551930409e-15 6.9985839986e-14 -5.6984608026e-09 4.5685712347e-14
d  1.5472178395e-02 1.1694767920e+00 0.0000000000e+00 5.6207701780e-02 3.0000000000e+02 -5.6206512570e-09 -6.9935705667e-14 5.6207808213e-09 5.6206246238e-09 3.4662274656e-15 6.9932122146e-14 -5.6207436600e-09 4.5636145965e-14
d  1.5475434474e-02 1.1671975377e+00 0.0000000000e+00 5.5279052040e-02 3.0000000000e+02 -5.5277863744e-09 -6.9892443891e-14 5.5279053119e-09 5.5277859916e-09 3.4829977828e-15 6.9892410107e-14 -5.5279049434e-09 4.5585492024e-14
d  1.5479341768e-02 1.1644624325e+00 0.0000000000e+00 5.4170031557e-02 3.0000000000e+02 -5.4168844604e-09 -6.9806444859e-14 5.4170044381e-09 5.4168812077e-09 3.4970128592e-15 6.9806115086e-14 -5.4170000241e-09 4.5511294362e-14
d  1.5484030521e-02 1.1611803063e+00 0.0000000000e+00 5.2846953554e-02 3.0000000000e+02 -5.2845767977e-09 -6.9732226273e-14 5.2846952855e-09 5.2845768504e-09 3.5168297119e-15 6.9732241028e-14 -5.2846955295e-09 4.5429901216e-14
d  1.5486843773e-02 1.1592110306e+00 0.0000000000e+00 5.2057203710e-02 3.0000000000e+02 -5.2056018993e-09 -6.9686677435e-14 5.2057213384e-09 5.2055995158e-09 3.5271591346e-15 6.9686368742e-14 -5.2057181080e-09 4.5378925195e-14
d  1.5490219675e-02 1.1568478997e+00 0.0000000000e+00 5.1113599602e-02 3.0000000000e+02 -5.1112415884e-09 -6.9634157910e-14 5.1113606401e-09 5.1112398971e-09 3.5400114265e-15 6.9633956348e-14 -5.1113583893e-09 4.5318597959e-14
d  1.5494270758e-02 1.1540121426e+00 0.0000000000e+00 4.9987226448e-02 3.0000000000e+02 -4.9986043940e-09 -6.9571928539e-14 4.9987239853e-09 4.9986012001e-09 3.5543000487e-15 6.9571602739e-14 -4.9987195706e-09 4.5244856806e-14
d  1.5496701407e-02 1.1523106884e+00 0.0000000000e+00 4.9314546032e-02 3.0000000000e+02 -4.9313364227e-09 -6.9536999703e-14 4.9314612435e-09 4.9313215480e-09 3.5620148816e-15 6.9534548006e-14 -4.9314398436e-09 4.5199107659e-14
d  1.5499618187e-02 1.1502689433e+00 0.0000000000e+00 4.8510454404e-02 3.0000000000e+02 -4.8509273379e-09 -6.9505138695e-14 4.8510480882e-09 4.8509213921e-09 3.5732742466e-15 6.9504230777e-14 -4.8510396126e-09 4.5149189616e-14
d  1.5503118322e-02 1.1478188492e+00 0.0000000000e+00 4.7550093587e-02 3.0000000000e+02 -4.7548913627e-09 -6.9449459181e-14 4.7550111534e-09 4.7548873174e-09 3.5836096937e-15 6.9448955480e-14 -4.7550054319e-09 4.5082518867e-14
d  1.5507318485e-02 1.1448787363e+00 0.0000000000e+00 4.6404248339e-02 3.0000000000e+02 -4.6403069534e-09 -6.9397586109e-14 4.6404245823e-09 4.6403073843e-09 3.5969753672e-15 6.9397643876e-14 -4.6404253840e-09 4.5005412812e-14
d  1.5509838582e-02 1.1431146685e+00 0.0000000000e+00 4.5720227733e-02 3.0000000000e+02 -4.5719049633e-09 -6.9367052178e-14 4.5720238283e-09 4.5719026401e-09 3.6037527650e-15 6.9366683366e-14 -4.5720205682e-09 4.4957442022e-14
d  1.5512862699e-02 1.1409977872e+00 0.0000000000e+00 4.4902874089e-02 3.0000000000e+02 -4.4901696775e-09 -6.9336333074e-14 4.4902879550e-09 4.4901684318e-09 3.6126941754e-15 6.9336155983e-14 -4.4902862815e-09 4.4901689274e-14
d  1.5516491640e-02 1.1384575297e+00 0.0000000000e+00 4.3927096319e-02 3.0000000000e+02 -4.3925919968e-09 -6.9298049018e-14 4.3927118173e-09 4.3925873823e-09 3.6221546810e-15 6.9297470178e-14 -4.3927051344e-09 4.4832597691e-14
d  1.5518669004e-02 1.1369333751e+00 0.0000000000e+00 4.3344282947e-02 3.0000000000e+02 -4.3343107117e-09 -6.9282397183e-14 4.3344301752e-09 4.3343068716e-09 3.6280199591e-15 6.9281633982e-14 -4.3344245710e-09 4.4792252983e-14
d  1.5521281841e-02 1.1351043897e+00 0.0000000000e+00 4.2647557890e-02 3.0000000000e+02 -4.2646382719e-09 -6.9258654078e-14 4.2647584587e-09 4.2646329107e-09 3.6342202672e-15 6.9257649364e-14 -4.2647505434e-09 4.4742090889e-14
d  1.5524417245e-02 1.1329096072e+00 0.0000000000e+00 4.1815324177e-02 3.0000000000e+02 -4.1814149752e-09 -6.9236596547e-14 4.1815330070e-09 4.1814137063e-09 3.6421361556e-15 6.9236415807e-14 -4.1815312659e-09 4.4683363316e-14
d  1.5528179731e-02 1.1302758681e+00 0.0000000000e+00 4.0822221432e-02 3.0000000000e+02 -4.0821047907e-09 -6.9208702980e-14 4.0822286691e-09 4.0820919709e-09 3.6496050683e-15 6.9207072186e-14 -4.0822094370e-09 4.4609189497e-14
d  1.5530437222e-02 1.1286956247e+00 0.0000000000e+00 4.0229287396e-02 3.0000000000e+02 -4.0228114286e-09 -6.9202585269e-14 4.0229294618e-09 4.0228099661e-09 3.6558389059e-15 6.9202307919e-14 -4.0229273934e-09 4.4569347206e-14
d  1.5533146212e-02 1.1267993326e+00 0.0000000000e+00 3.9520704499e-02 3.0000000000e+02 -3.9519532055e-09 -6.9186980769e-14 3.9520708465e-09 3.9519523583e-09 3.6601512314e-15 6.9186839712e-14 -3.9520697190e-09 4.4514379710e-14
d  1.5536396999e-02 1.1245237821e+00 0.0000000000e+00 3.8674643305e-02 3.0000000000e+02 -3.8673471495e-09 -6.9178453923e-14 3.8674667245e-09 3.8673426164e-09 3.6664675622e-15 6.9177761827e-14 -3.8674599123e-09 4.4451825707e-14
d  1.5538347471e-02 1.1231584517e+00 0.0000000000e+00 3.8169241596e-02 3.0000000000e+02 -3.8168070132e-09 -6.9179522569e-14 3.8169236883e-09 3.8168077322e-09 3.6706765342e-15 6.9179733627e-14 -3.8169249952e-09 4.4415633052e-14
d  1.5540688038e-02 1.1215200554e+00 0.0000000000e+00 3.7564991358e-02 3.0000000000e+02 -3.7563820371e-09 -6.9170966607e-14 3.7565018409e-09 3.7563771854e-09 3.6734129052e-15 6.9169845293e-14 -3.7564943976e-09 4.4367270577e-14
d  1.5543496719e-02 1.1195539797e+00 0.0000000000e+00 3.6843101503e-02 3.0000000000e+02 -3.6841930935e-09 -6.9180889944e-14 3.6843072957e-09 3.6841979898e-09 3.6797216711e-15 6.9181849306e-14 -3.6843151643e-09 4.4316442450e-14
d  1.5546867135e-02 1.1171946889e+00 0.0000000000e+00 3.5981504706e-02 3.0000000000e+02 -3.5980334736e-09 -6.9178707350e-14 3.5981534990e-09 3.5980280677e-09 3.6830473203e-15 6.9177882387e-14 -3.5981451782e-09 4.4246624242e-14
d  1.5548889385e-02 1.1157791144e+00 0.0000000000e+00 3.5466997111e-02 3.0000000000e+02 -3.5465827339e-09 -6.9198104874e-14 3.5467050418e-09 3.5465737474e-09 3.6866142874e-15 6.9195846565e-14 -3.5466908350e-09 4.4209079236e-14
d  1.5551316085e-02 1.1140804251e+00 0.0000000000e+00 3.4852031337e-02 3.0000000000e+02 -3.4850861856e-09 -6.9213590505e-14 3.4852035324e-09 3.4850854153e-09 3.6909166443e-15 6.9213434348e-14 -3.4852024779e-09 4.4163964050e-14
d  1.5554228124e-02 1.1120419978e+00 0.0000000000e+00 3.4117620926e-02 3.0000000000e+02 -3.4116451854e-09 -6.9223006501e-14 3.4117651639e-09 3.4116399940e-09 3.6929854995e-15 6.9222034365e-14 -3.4117570137e-09 4.4103417000e-14
d  1.5555975348e-02 1.1108189415e+00 0.0000000000e+00 3.3678830302e-02 3.0000000000e+02 -3.3677661326e-09 -6.9247745371e-14 3.3678821233e-09 3.3677674418e-09 3.6965167487e-15 6.9248195933e-14 -3.3678844548e-09 4.4072699925e-14
d  1.5558072017e-02 1.1093512739e+00 0.0000000000e+00 3.3154142124e-02 3.0000000000e+02 -3.3152973403e-09 -6.9257626367e-14 3.3154158451e-09 3.3152946855e-09 3.6970983391e-15 6.9256876975e-14 -3.3154116702e-09 4.4027772120e-14
d  1.5560588019e-02 1.1075900727e+00 0.0000000000e+00 3.2527180877e-02 3.0000000000e+02 -3.2526012254e-09 -6.9296099570e-14 3.2527196631e-09 3.2525986460e-09 3.7007624089e-15 6.9295516805e-14 -3.2527156210e-09 4.3981158555e-14
d  1.5563607222e-02 1.1054766314e+00 0.0000000000e+00 3.1778700047e-02 3.0000000000e+02 -3.1777531585e-09 -6.9335536420e-14 3.1778710151e-09 3.1777514639e-09 3.7033945340e-15 6.9335235351e-14 -3.1778684232e-09 4.3921742259e-14
d  1.5565418744e-02 1.1042085665e+00 0.0000000000e+00 3.1331649681e-02 3.0000000000e+02 -3.1330481257e-09 -6.9365541732e-14 3.1331647587e-09 3.1330483251e-09 3.7049854191e-15 6.9365640193e-14 -3.1331652812e-09 4.3886606272e-14
d  1.5567592570e-02 1.1026868888e+00 0.0000000000e+00 3.0797214852e-02 3.0000000000e+02 -3.0796046459e-09 -6.9402049017e-14 3.0797294415e-09 3.0795928346e-09 3.7050452663e-15 6.9398598161e-14 -3.0797097799e-09 4.3840801812e-14
d  1.5570201161e-02 1.1008608754e+00 0.0000000000e+00 3.0158793881e-02 3.0000000000e+02 -3.0157625317e-09 -6.9467905578e-14 3.0158816060e-09 3.0157591419e-09 3.7097401534e-15 6.9467133143e-14 -3.0158761097e-09 4.3796606050e-14
d  1.5571766316e-02 1.0997652674e+00 0.0000000000e+00 2.9777287838e-02 3.0000000000e+02 -2.9776119316e-09 -6.9494728062e-14 2.9777281702e-09 2.9776126718e-09 3.7096935842e-15 6.9495068624e-14 -2.9777296377e-09 4.3763668675e-14
d  1.5573644501e-02 1.0984505378e+00 0.0000000000e+00 2.9321008528e-02 3.0000000000e+02 -2.9319839931e-09 -6.9534456219e-14 2.9321100838e-09 2.9319711360e-09 3.7083336326e-15 6.9529732064e-14 -2.9320880984e-09 4.3722048651e-14
d  1.5575898324e-02 1.0968728623e+00 0.0000000000e+00 2.8775642376e-02 3.0000000000e+02 -2.8774473400e-09 -6.9620728218e-14 2.8775657624e-09 2.8774451023e-09 3.7140038329e-15 6.9620103464e-14 -2.8775621111e-09 4.3688819647e-14
d  1.5578602912e-02 1.0949796517e+00 0.0000000000e+00 2.8124400256e-02 3.0000000000e+02 -2.8123231172e-09 -6.9675495131e-14 2.8124441812e-09 2.8123171777e-09 3.7122280555e-15 6.9674133099e-14 -2.8124341954e-09 4.3629775327e-14
d  1.5580225664e-02 1.0938437253e+00 0.0000000000e+00 2.7735310789e-02 3.0000000000e+02 -2.7734141363e-09 -6.9743209491e-14 2.7735298844e-09 2.7734155909e-09 3.7151150840e-15 6.9743837403e-14 -2.7735326470e-09 4.3603992575e-14
d  1.5582172967e-02 1.0924806136e+00 0.0000000000e+00 2.7270067347e-02 3.0000000000e+02 -2.7268897712e-09 -6.9794657612e-14 2.7270106655e-09 2.7268845357e-09 3.7131285184e-15 6.9792755048e-14 -2.7270016071e-09 4.3560890909e-14
d  1.5584509730e-02 1.0908448796e+00 0.0000000000e+00 2.6714130781e-02 3.0000000000e+02 -2.6712960542e-09 -6.9902442123e-14 2.6714142541e-09 2.6712943952e-09 3.7165275063e-15 6.9901988273e-14 -2.6714115298e-09 4.3523006462e-14
d  1.5585911789e-02 1.0898634392e+00 0.0000000000e+00 2.6381820673e-02 3.0000000000e+02 -2.6380650170e-09 -6.9951878052e-14 2.6381780623e-09 2.6380697951e-09 3.7170438574e-15 6.9954381853e-14 -2.6381869623e-09 4.3496784809e-14
d  1.5587594258e-02 1.0886857108e+00 0.0000000000e+00 2.5984291139e-02 3.0000000000e+02 -2.5983120303e-09 -7.0011456617e-14 2.5984290420e-09 2.5983120090e-09 3.7151037454e-15 7.0011497982e-14 -2.5984292042e-09 4.3460094065e-14
d  1.5589613222e-02 1.0872724366e+00 0.0000000000e+00 2.5509013911e-02 3.0000000000e+02 -2.5507842352e-09 -7.0123495676e-14 2.5509026578e-09 2.5507825580e-09 3.7174051655e-15 7.0122916010e-14 -2.5508998239e-09 4.3427376619e-14
d  1.5592035978e-02 1.0855765076e+00 0.0000000000e+00 2.4941242863e-02 3.0000000000e+02 -2.4940070527e-09 -7.0244840799e-14 2.4941301519e-09 2.4939996048e-09 3.7172379621e-15 7.0242709578e-14 -2.4941169447e-09 4.3381867730e-14
d  1.5593489632e-02 1.0845589502e+00 0.0000000000e+00 2.4601913000e-02 3.0000000000e+02 -2.4600740023e-09 -7.0339326048e-14 2.4601905436e-09 2.4600747663e-09 3.7199492992e-15 7.0339774665e-14 -2.4601921759e-09 4.3361343620e-14
d  1.5595234017e-02 1.0833378813e+00 0.0000000000e+00 2.4196059536e-02 3.0000000000e+02 -2.4194886014e-09 -7.0415735875e-14 2.4196068556e-09 2.4194874548e-09 3.7174318432e-15 7.0415244225e-14 -2.4196049167e-09 4.3323616364e-14
d  1.5597327278e-02 1.0818725987e+00 0.0000000000e+00 2.3710914912e-02 3.0000000000e+02 -2.3709740327e-09 -7.0560104116e-14 2.3710848301e-09 2.3709817166e-09 3.7207569112e-15 7.0562978797e-14 -2.3710992919e-09 4.3293594961e-14
d  1.5599839192e-02 1.0801142595e+00 0.0000000000e+00 2.3131490151e-02 3.0000000000e+02 -2.3130314435e-09 -7.0711013327e-14 2.3131514013e-09 2.3130285151e-09 3.7179270669e-15 7.0710199968e-14 -2.3131461951e-09 4.3242970470e-14
d  1.5601346340e-02 1.0790592560e+00 0.0000000000e+00 2.2785246392e-02 3.0000000000e+02 -2.2784069631e-09 -7.0846177178e-14 2.2785231672e-09 2.2784084507e-09 3.7215019030e-15 7.0847003932e-14 -2.2785262388e-09 4.3225479740e-14
d  1.5603154918e-02 1.0777932518e+00 0.0000000000e+00 2.2371179140e-02 3.0000000000e+02 -2.2370001405e-09 -7.0968201824e-14 2.2371270717e-09 2.2369901364e-09 3.7180522330e-15 7.0963483636e-14 -2.2371080097e-09 4.3187069930e-14
d  1.5605325212e-02 1.0762740467e+00 0.0000000000e+00 2.1876274302e-02 3.0000000000e+02 -2.1875094859e-09 -7.1179869765e-14 2.1876281119e-09 2.1875086295e-09 3.7239194436e-15 7.1179593197e-14 -2.1876266830e-09 4.3164465819e-14
d  1.5606627388e-02 1.0753625237e+00 0.0000000000e+00 2.1580400497e-02 3.0000000000e+02 -2.1579220303e-09 -7.1269418345e-14 2.1580359797e-09 2.1579259843e-09 3.7224913175e-15 7.1272165013e-14 -2.1580441192e-09 4.3139326618e-14
d  1.5608189999e-02 1.0742686961e+00 0.0000000000e+00 2.1226389212e-02 3.0000000000e+02 -2.1225207860e-09 -7.1402947118e-14 2.1226394600e-09 2.1225201411e-09 3.7208264986e-15 7.1402613549e-14 -2.1226383852e-09 4.3110459696e-14
d  1.5610065133e-02 1.0729561029e+00 0.0000000000e+00 2.0803022657e-02 3.0000000000e+02 -2.0801839542e-09 -7.1611187441e-14 2.0803034079e-09 2.0801826817e-09 3.7240082385e-15 7.1610631452e-14 -2.0803011013e-09 4.3088574626e-14
d  1.5612315293e-02 1.0713809911e+00 0.0000000000e+00 2.0297091502e-02 3.0000000000e+02 -2.0295906356e-09 -7.1844524527e-14 2.0297134462e-09 2.0295860729e-09 3.7242778808e-15 7.1842886913e-14 -2.0297046930e-09 4.3054671618e-14
d  1.5613665390e-02 1.0704359240e+00 0.0000000000e+00 1.9994625528e-02 3.0000000000e+02 -1.9993438942e-09 -7.2010049404e-14 1.9994616331e-09 1.9993446487e-09 3.7269634807e-15 7.2010638755e-14 -1.9994634176e-09 4.3040734682e-14
d  1.5615285505e-02 1.0693018435e+00 0.0000000000e+00 1.9632753379e-02 3.0000000000e+02 -1.9631565194e-09 -7.2182119196e-14 1.9632771256e-09 1.9631547399e-09 3.7253394469e-15 7.2181070042e-14 -1.9632736650e-09 4.3013138312e-14
d  1.5617229644e-02 1.0679409469e+00 0.0000000000e+00 1.9200013730e-02 3.0000000000e+02 -1.9198823172e-09 -7.2445961180e-14 1.9200061727e-09 1.9198776169e-09 3.7280766171e-15 7.2443758787e-14 -1.9199967766e-09 4.2992155217e-14
d  1.5618396127e-02 1.0671244090e+00 0.0000000000e+00 1.8941156842e-02 3.0000000000e+02 -1.8939964764e-09 -7.2615114353e-14 1.8941178514e-09 1.8939945145e-09 3.7303198681e-15 7.2613432859e-14 -1.8941138274e-09 4.2981389922e-14
d  1.5619795906e-02 1.0661445634e+00 0.0000000000e+00 1.8631307141e-02 3.0000000000e+02 -1.8630113307e-09 -7.2799074247e-14 1.8631292446e-09 1.8630124839e-09 3.7313298336e-15 7.2800119165e-14 -1.8631319779e-09 4.2964421777e-14
d  1.5621475642e-02 1.0649687488e+00 0.0000000000e+00 1.8260580939e-02 3.0000000000e+02 -1.8259384795e-09 -7.3041391010e-14 1.8260594184e-09 1.8259372046e-09 3.7318100411e-15 7.3040654586e-14 -1.8260569258e-09 4.2943547704e-14
d  1.5623491325e-02 1.0635577712e+00 0.0000000000e+00 1.7817242213e-02 3.0000000000e+02 -1.7816042919e-09 -7.3376923792e-14 1.7817308843e-09 1.7815981726e-09 3.7349128850e-15 7.3374043679e-14 -1.7817182036e-09 4.2925789982e-14
d  1.5624700735e-02 1.0627111846e+00 0.0000000000e+00 1.7552025717e-02 3.0000000000e+02 -1.7550824309e-09 -7.3604677610e-14 1.7551989666e-09 1.7550852162e-09 3.7405628863e-15 7.3607341677e-14 -1.7552054706e-09 4.2924200201e-14
d  1.5626152026e-02 1.0616952808e+00 0.0000000000e+00 1.7234569705e-02 3.0000000000e+02 -1.7233366114e-09 -7.3813818370e-14 1.7234579758e-09 1.7233356985e-09 3.7370498861e-15 7.3813138494e-14 -1.7234561640e-09 4.2898678323e-14
d  1.5627893576e-02 1.0604761961e+00 0.0000000000e+00 1.6854675266e-02 3.0000000000e+02 -1.6853468182e-09 -7.4181169278e-14 1.6854689461e-09 1.6853455397e-09 3.7437367582e-15 7.4180422582e-14 -1.6854663541e-09 4.2895366697e-14
d  1.5629983436e-02 1.0590132945e+00 0.0000000000e+00 1.6400300134e-02 3.0000000000e+02 -1.6399088870e-09 -7.4604275531e-14 1.6400308763e-09 1.6399080520e-09 3.7481087722e-15 7.4603925127e-14 -1.6400292852e-09 4.2883540004e-14
d  1.5631237352e-02 1.0581355536e+00 0.0000000000e+00 1.6128452826e-02 3.0000000000e+02 -1.6127238833e-09 -7.4879378936e-14 1.6128443086e-09 1.6127245034e-09 3.7512584788e-15 7.4880064237e-14 -1.6128460116e-09 4.2878659184e-14
d  1.5632742051e-02 1.0570822645e+00 0.0000000000e+00 1.5802967720e-02 3.0000000000e+02 -1.5801750262e-09 -7.5222215339e-14 1.5802994580e-09 1.5801729200e-09 3.7539782394e-15 7.5220488796e-14 -1.5802947694e-09 4.2871266994e-14
d  1.5634547690e-02 1.0558183175e+00 0.0000000000e+00 1.5413366726e-02 3.0000000000e+02 -1.5412144634e-09 -7.5687255877e-14 1.5413373370e-09 1.5412138484e-09 3.7618352117e-15 7.5686925722e-14 -1.5413361639e-09 4.2874323459e-14
d  1.5635631074e-02 1.0550599494e+00 0.0000000000e+00 1.5180126146e-02 3.0000000000e+02 -1.5178901241e-09 -7.5962066200e-14 1.5180150950e-09 1.5178883570e-09 3.7637478554e-15 7.5959931390e-14 -1.5180109502e-09 4.2870435725e-14
d  1.5636931134e-02 1.0541499076e+00 0.0000000000e+00 1.4900702618e-02 3.0000000000e+02 -1.4899473935e-09 -7.6335639723e-14 1.4900687891e-09 1.4899482763e-09 3.7709701804e-15 7.6336799632e-14 -1.4900712540e-09 4.2877857048e-14
d  1.5638491206e-02 1.0530578574e+00 0.0000000000e+00 1.4566045075e-02 3.0000000000e+02 -1.4564811827e-09 -7.6772175065e-14 1.4566070725e-09 1.4564792956e-09 3.7747305388e-15 7.6770608446e-14 -1.4566027239e-09 4.2876378868e-14
d  1.5640363293e-02 1.0517473972e+00 0.0000000000e+00 1.4165299425e-02 3.0000000000e+02 -1.4164059944e-09 -7.7383795158e-14 1.4165339936e-09 1.4164029925e-09 3.7852684810e-15 7.7381894523e-14 -1.4165270430e-09 4.2890997914e-14
d  1.5641486545e-02 1.0509611211e+00 0.0000000000e+00 1.3925278235e-02 3.0000000000e+02 -1.3924034773e-09 -7.7770729781e-14 1.3925249639e-09 1.3924051440e-09 3.7928679997e-15 7.7773083073e-14 -1.3925296015e-09 4.2903533837e-14
d  1.5642834447e-02 1.0500175897e+00 0.0000000000e+00 1.3637646624e-02 3.0000000000e+02 -1.3636398350e-09 -7.8215709635e-14 1.3637658148e-09 1.3636390158e-09 3.7963241194e-15 7.8214842873e-14 -1.3637639479e-09 4.2906233439e-14
d  1.5644451930e-02 1.0488853521e+00 0.0000000000e+00 1.3292936178e-02 3.0000000000e+02 -1.3291681192e-09 -7.8867008786e-14 1.3292945210e-09 1.3291674350e-09 3.8096395224e-15 7.8866484654e-14 -1.3292930386e-09 4.2933513361e-14
d  1.5645422419e-02 1.0482060095e+00 0.0000000000e+00 1.3086345220e-02 3.0000000000e+02 -1.3085086141e-09 -7.9255290224e-14 1.3086391922e-09 1.3085059324e-09 3.8141406685e-15 7.9250571745e-14 -1.3086319371e-09 4.2942816712e-14
d  1.5646587007e-02 1.0473907985e+00 0.0000000000e+00 1.2838608219e-02 3.0000000000e+02 -1.2837343688e-09 -7.9780395725e-14 1.2838601805e-09 1.2837346187e-09 3.8267268839e-15 7.9780989389e-14 -1.2838611790e-09 4.2971448677e-14
d  1.5647984512e-02 1.0464125452e+00 0.0000000000e+00 1.2541544479e-02 3.0000000000e+02 -1.2540273426e-09 -8.0378117067e-14 1.2541568459e-09 1.2540258592e-09 3.8344384027e-15 8.0376394693e-14 -1.2541530667e-09 4.2989454762e-14
d  1.5649661518e-02 1.0452386412e+00 0.0000000000e+00 1.2185266070e-02 3.0000000000e+02 -1.2183986126e-09 -8.1221577669e-14 1.2185302824e-09 1.2183963220e-09 3.8514523290e-15 8.1219551474e-14 -1.2185244178e-09 4.3032726623e-14
d  1.5650667722e-02 1.0445342988e+00 0.0000000000e+00 1.1971584777e-02 3.0000000000e+02 -1.1970299163e-09 -8.1756552873e-14 1.1971612574e-09 1.1970284018e-09 3.8613285820e-15 8.1753856216e-14 -1.1971570635e-09 4.3059550436e-14
d  1.5651875166e-02 1.0436890880e+00 0.0000000000e+00 1.1715183281e-02 3.0000000000e+02 -1.1713890450e-09 -8.2424405607e-14 1.1715171000e-09 1.1713895637e-09 3.8752040448e-15 8.2425496228e-14 -1.1715189545e-09 4.3097224146e-14
d  1.5653324099e-02 1.0426748350e+00 0.0000000000e+00 1.1407435162e-02 3.0000000000e+02 -1.1406133114e-09 -8.3269846989e-14 1.1407458129e-09 1.1406119965e-09 3.8901579024e-15 8.3268270011e-14 -1.1407423034e-09 4.3141078198e-14
d  1.5655062819e-02 1.0414577313e+00 0.0000000000e+00 1.1037872458e-02 3.0000000000e+02 -1.1036558067e-09 -8.4421445534e-14 1.1037922757e-09 1.1036529631e-09 3.9146340288e-15 8.4418809299e-14 -1.1037845017e-09 4.3213553455e-14
d  1.5656106051e-02 1.0407274692e+00 0.0000000000e+00 1.0815958617e-02 3.0000000000e+02 -1.0814636202e-09 -8.5170706269e-14 1.0815949473e-09 1.0814639365e-09 3.9314330768e-15 8.5171559736e-14 -1.0815962849e-09 4.3264378346e-14
d  1.5657357930e-02 1.0398511546e+00 0.0000000000e+00 1.0549394670e-02 3.0000000000e+02 -1.0548062193e-09 -8.6075047711e-14 1.0549391996e-09 1.0548062379e-09 3.9481966246e-15 8.6075276053e-14 -1.0549395911e-09 4.3318823842e-14
d  1.5658860184e-02 1.0387995770e+00 0.0000000000e+00 1.0228943520e-02 3.0000000000e+02 -1.0227597531e-09 -8.7319992345e-14 1.0228950213e-09 1.0227593309e-09 3.9760049149e-15 8.7319552001e-14 -1.0228940338e-09 4.3407307436e-14
d  1.5659761536e-02 1.0381686305e+00 0.0000000000e+00 1.0036347742e-02 3.0000000000e+02 -1.0034993112e-09 -8.8115208547e-14 1.0036386358e-09 1.0034976630e-09 3.9914377044e-15 8.8110763423e-14 -1.0036332221e-09 4.3460320554e-14
d  1.5660843159e-02 1.0374114947e+00 0.0000000000e+00 9.8047985602e-03 3.0000000000e+02 -9.8034326382e-10 -8.9156948423e-14 9.8047510278e-10 9.8034505822e-10 4.0185927528e-15 8.9161970642e-14 -9.8048176496e-10 4.3545861450e-14
d  1.5662141107e-02 1.0365029317e+00 0.0000000000e+00 9.5262132224e-03 3.0000000000e+02 -9.5248332409e-10 -9.0404721654e-14 9.5262206788e-10 9.5248291087e-10 4.0417772795e-15 9.0404108840e-14 -9.5262101239e-10 4.3629339667e-14
d  1.5663698644e-02 1.0354126561e+00 0.0000000000e+00 9.1906132286e-03 3.0000000000e+02 -9.1892139995e-10 -9.2178087826e-14 9.1906320232e-10 9.1892048943e-10 4.0840433570e-15 9.2176901477e-14 -9.1906051430e-10 4.3772093073e-14
d  1.5664633166e-02 1.0347584908e+00 0.0000000000e+00 8.9885387292e-03 3.0000000000e+02 -8.9871271516e-10 -9.3303477199e-14 8.9885673650e-10 8.9871158818e-10 4.1074444288e-15 9.3300289401e-14 -8.9885284414e-10 4.3857076037e-14
d  1.5665754592e-02 1.0339734924e+00 0.0000000000e+00 8.7451786913e-03 3.0000000000e+02 -8.7437509425e-10 -9.4771902982e-14 8.7451724612e-10 8.7437521224e-10 4.1422181996e-15 9.4772539774e-14 -8.7451809263e-10 4.3978402674e-14
d  1.5667100304e-02 1.0330314943e+00 0.0000000000e+00 8.4516788160e-03 3.0000000000e+02 -8.4502300509e-10 -9.6658688479e-14 8.4517285150e-10 8.4502107284e-10 4.1829623257e-15 9.6654741515e-14 -8.4516604554e-10 4.4128081156e-14
d  1.5668715159e-02 1.0319010965e+00 0.0000000000e+00 8.0969806006e-03 3.0000000000e+02 -8.0955033112e-10 -9.9256658611e-14 8.0970033276e-10 8.0954936745e-10 4.2450970667e-15 9.9255275024e-14 -8.0969719748e-10 4.4351019764e-14
d  1.5669684071e-02 1.0312228579e+00 0.0000000000e+00 7.8828011796e-03 3.0000000000e+02 -7.8813052981e-10 -1.0093299811e-13 7.8828167222e-10 7.8812994295e-10 4.2798778366e-15 1.0093131722e-13 -7.8827963177e-10 4.4486034727e-14
d  1.5670846766e-02 1.0304089715e+00 0.0000000000e+00 7.6241722797e-03 3.0000000000e+02 -7.6226516882e-10 -1.0316129905e-13 7.6241650256e-10 7.6226528873e-10 4.3306146096e-15 1.0316202014e-13 -7.6241745309e-10 4.4676812445e-14
d  1.5672242001e-02 1.0294323079e+00 0.0000000000e+00 7.3111111489e-03 3.0000000000e+02 -7.3095576259e-10 -1.0612237983e-13 7.3111229088e-10 7.3095528800e-10 4.3965484762e-15 1.0612147099e-13 -7.3111074215e-10 4.4930200408e-14
d  1.5673079141e-02 1.0288463097e+00 0.0000000000e+00 7.1218096383e-03 3.0000000000e+02 -7.1202344525e-10 -1.0809504074e-13 7.1218339151e-10 7.1202270998e-10 4.4374428787e-15 1.0809179976e-13 -7.1218032608e-10 4.5095035267e-14
d  1.5674083710e-02 1.0281431119e+00 0.0000000000e+00 6.8929769066e-03 3.0000000000e+02 -6.8913733098e-10 -1.1066519874e-13 6.8929830544e-10 6.8913707015e-10 4.4941210905e-15 1.1066444153e-13 -6.8929753191e-10 4.5318346211e-14
d  1.5675289192e-02 1.0272992745e+00 0.0000000000e+00 6.6156604445e-03 3.0000000000e+02 -6.6140193092e-10 -1.1404039430e-13 6.6156544573e-10 6.6140198602e-10 4.5665517002e-15 1.1404097497e-13 -6.6156620407e-10 4.5609959072e-14
d  1.5676735771e-02 1.0262866697e+00 0.0000000000e+00 6.2785052795e-03 3.0000000000e+02 -6.2768132441e-10 -1.1863518871e-13 6.2785125228e-10 6.2768102767e-10 4.6620488266e-15 1.1863464099e-13 -6.2785033337e-10 4.6004819494e-14
d  1.5678471665e-02 1.0250715438e+00 0.0000000000e+00 5.8668063989e-03 3.0000000000e+02 -5.8650433001e-10 -1.2507144444e-13 5.8668348544e-10 5.8650346326e-10 4.7904004165e-15 1.2506978579e-13 -5.8667987279e-10 4.6553608989e-14
d  1.5679513202e-02 1.0243424683e+00 0.0000000000e+00 5.6161037848e-03 3.0000000000e+02 -5.6142924546e-10 -1.2948151844e-13 5.6161067800e-10 5.6142907910e-10 4.8645939687e-15 1.2948120643e-13 -5.6161031452e-10 4.6906623446e-14
d  1.5680763046e-02 1.0234675777e+00 0.0000000000e+00 5.3111205927e-03 3.0000000000e+02 -5.3092437539e-10 -1.3542854782e-13 5.3111321721e-10 5.3092403589e-10 4.9656257318e-15 1.3542743155e-13 -5.3111182052e-10 4.7387699180e-14
d  1.5681512953e-02 1.0229426434e+00 0.0000000000e+00 5.1259931782e-03 3.0000000000e+02 -5.1240732006e-10 -1.3939183136e-13 5.1260148304e-10 5.1240685354e-10 5.0236805040e-15 1.3938834161e-13 -5.1259894778e-10 4.7692322032e-14
d  1.5682412840e-02 1.0223127222e+00 0.0000000000e+00 4.9015440795e-03 3.0000000000e+02 -4.8995673992e-10 -1.4458873589e-13 4.9015454267e-10 4.8995661573e-10 5.1023422595e-15 1.4458853425e-13 -4.9015438611e-10 4.8098807277e-14
d  1.5682952773e-02 1.0219347694e+00 0.0000000000e+00 4.7657205878e-03 3.0000000000e+02 -4.7637078055e-10 -1.4789376375e-13 4.7657248002e-10 4.7637061977e-10 5.1434287145e-15 1.4789275283e-13 -4.7657199889e-10 4.8340817353e-14
d  1.5683600692e-02 1.0214812261e+00 0.0000000000e+00 4.6015474390e-03 3.0000000000e+02 -4.5994882674e-10 -1.5216723948e-13 4.6015552941e-10 4.5994861782e-10 5.1984702088e-15 1.5216548517e-13 -4.6015463449e-10 4.8658564287e-14
d  1.5684378195e-02 1.0209369742e+00 0.0000000000e+00 4.4028129453e-03 3.0000000000e+02 -4.4006940674e-10 -1.5767301095e-13 4.4028016200e-10 4.4006945888e-10 5.2655330330e-15 1.5767506438e-13 -4.4028145287e-10 4.9062177370e-14
d  1.5684844697e-02 1.0206104230e+00 0.0000000000e+00 4.2827687225e-03 3.0000000000e+02 -4.2806124008e-10 -1.6112388185e-13 4.2827728440e-10 4.2806108928e-10 5.2960633030e-15 1.6112270320e-13 -4.2827682189e-10 4.9293367860e-14
d  1.5685404499e-02 1.0202185616e+00 0.0000000000e+00 4.1379457003e-03 3.0000000000e+02 -4.1357416784e-10 -1.6557905283e-13 4.1379394305e-10 4.1357413819e-10 5.3397661310e-15 1.6558072379e-13 -4.1379464573e-10 4.9601478646e-14
d  1.5686076262e-02 1.0197483280e+00 0.0000000000e+00 3.9631113868e-03 3.0000000000e+02 -3.9608470600e-10 -1.7116645798e-13 3.9631146324e-10 3.9608456671e-10 5.3850160913e-15 1.7116575176e-13 -3.9631110051e-10 4.9970044427e-14
d  1.5686479319e-02 1.0194661878e+00 0.0000000000e+00 3.8577689857e-03 3.0000000000e+02 -3.8554670161e-10 -1.7471018591e-13 3.8577702055e-10 3.8554658726e-10 5.4065969331e-15 1.7470977273e-13 -3.8577688584e-10 5.0190927856e-14
d  1.5686962988e-02 1.0191276195e+00 0.0000000000e+00 3.7309794412e-03 3.0000000000e+02 -3.7286304611e-10 -1.7910821039e-13 3.7309758796e-10 3.7286297952e-10 5.4315416173e-15 1.7910933583e-13 -3.7309798176e-10 5.0462054853e-14
d  1.5687253190e-02 1.0189244786e+00 0.0000000000e+00 3.6547536908e-03 3.0000000000e+02 -3.6523758336e-10 -1.8181617271e-13 3.6547769867e-10 3.6523727022e-10 5.4390032568e-15 1.8180489939e-13 -3.6547513896e-10 5.0613387795e-14
d  1.5687601431e-02 1.0186807094e+00 0.0000000000e+00 3.5631605492e-03 3.0000000000e+02 -3.5607466666e-10 -1.8529346690e-13 3.5631600150e-10 3.5607456955e-10 5.4583028453e-15 1.8529370830e-13 -3.5631606044e-10 5.0828475172e-14
d  1.5688019321e-02 1.0183881864e+00 0.0000000000e+00 3.4531212195e-03 3.0000000000e+02 -3.4506635612e-10 -1.8932983934e-13 3.4531196302e-10 3.4506626834e-10 5.4662191783e-15 1.8933043094e-13 -3.4531213737e-10 5.1049437081e-14
d  1.5688270055e-02 1.0182126727e+00 0.0000000000e+00 3.3870737300e-03 3.0000000000e+02 -3.3845891533e-10 -1.9189754234e-13 3.3870891213e-10 3.3845868721e-10 5.4675402419e-15 1.9188882408e-13 -3.3870723222e-10 5.1182811264e-14
d  1.5688570936e-02 1.0180020561e+00 0.0000000000e+00 3.3078227304e-03 3.0000000000e+02 -3.3053049773e-10 -1.9511309976e-13 3.3078222925e-10 3.3053039946e-10 5.4750835970e-15 1.9511333146e-13 -3.3078227729e-10 5.1362611029e-14
d  1.5688931993e-02 1.0177493163e+00 0.0000000000e+00 3.2127750328e-03 3.0000000000e+02 -3.2102171521e-10 -1.9885129800e-13 3.2127741834e-10 3.2102162022e-10 5.4718627735e-15 1.9885166910e-13 -3.2127751102e-10 5.1547941898e-14
d  1.5689365262e-02 1.0174460285e+00 0.0000000000e+00 3.0988892416e-03 3.0000000000e+02 -3.0962818486e-10 -2.0359163720e-13 3.0988871423e-10 3.0962809967e-10 5.4665360373e-15 2.0359239338e-13 -3.0988894233e-10 5.1781341752e-14
d  1.5689625223e-02 1.0172640558e+00 0.0000000000e+00 3.0307090588e-03 3.0000000000e+02 -3.0280717059e-10 -2.0646289801e-13 3.0307085295e-10 3.0280707273e-10 5.4565529369e-15 2.0646318780e-13 -3.0307091055e-10 5.1909939526e-14
d  1.5689937176e-02 1.0170456886e+00 0.0000000000e+00 2.9490927565e-03 3.0000000000e+02 -2.9464188349e-10 -2.0998452600e-13 2.9490923809e-10 2.9464178447e-10 5.4435701638e-15 2.0998471815e-13 -2.9490927896e-10 5.2066537318e-14
d  1.5690311520e-02 1.0167836479e+00 0.0000000000e+00 2.8515134479e-03 3.0000000000e+02 -2.8487950830e-10 -2.1426714256e-13 2.8515138516e-10 2.8487940378e-10 5.4227205240e-15 2.1426697194e-13 -2.8515134194e-10 5.2247544298e-14
d  1.5690536126e-02 1.0166264235e+00 0.0000000000e+00 2.7931999299e-03 3.0000000000e+02 -2.7904548064e-10 -2.1686309466e-13 2.7931996822e-10 2.7904538061e-10 5.4053119886e-15 2.1686325295e-13 -2.7931999518e-10 5.2348360161e-14
d  1.5690805654e-02 1.0164377542e+00 0.0000000000e+00 2.7234943342e-03 3.0000000000e+02 -2.7207168156e-10 -2.2000233022e-13 2.7234773197e-10 2.7207169031e-10 5.3846192015e-15 2.2001249752e-13 -2.7234956131e-10 5.2471625682e-14
d  1.5691129087e-02 1.0162113511e+00 0.0000000000e+00 2.6402934555e-03 3.0000000000e+02 -2.6374770391e-10 -2.2371356784e-13 2.6403058484e-10 2.6374752321e-10 5.3468538944e-15 2.2370743949e-13 -2.6402925633e-10 5.2590393888e-14
d  1.5691517207e-02 1.0159396673e+00 0.0000000000e+00 2.5411985454e-03 3.0000000000e+02 -2.5383347320e-10 -2.2848971558e-13 2.5412073694e-10 2.5383331650e-10 5.3069984367e-15 2.2848610776e-13 -2.5411979354e-10 5.2762151115e-14
d  1.5691750079e-02 1.0157766571e+00 0.0000000000e+00 2.4821889795e-03 3.0000000000e+02 -2.4792971587e-10 -2.3121100693e-13 2.4821759625e-10 2.4792969080e-10 5.2752500465e-15 2.3121904577e-13 -2.4821898830e-10 5.2843250507e-14
d  1.5692029525e-02 1.0155810447e+00 0.0000000000e+00 2.4118733802e-03 3.0000000000e+02 -2.4089481283e-10 -2.3438074575e-13 2.4118754150e-10 2.4089469961e-10 5.2269936873e-15 2.3437957065e-13 -2.4118732461e-10 5.2914832674e-14
d  1.5692364860e-02 1.0153463100e+00 0.0000000000e+00 2.3282821445e-03 3.0000000000e+02 -2.3253163542e-10 -2.3850936959e-13 2.3282836355e-10 2.3253152553e-10 5.1745936722e-15 2.3850865660e-13 -2.3282820512e-10 5.3029562168e-14
d  1.5692566062e-02 1.0152054691e+00 0.0000000000e+00 2.2785773996e-03 3.0000000000e+02 -2.2755877528e-10 -2.4086131036e-13 2.2785681241e-10 2.2755872330e-10 5.1372891840e-15 2.4086798420e-13 -2.2785780099e-10 5.3081049837e-14
d  1.5692807503e-02 1.0150364601e+00 0.0000000000e+00 2.2194135901e-03 3.0000000000e+02 -2.2163955855e-10 -2.4360904418e-13 2.2194137352e-10 2.2163945629e-10 5.0855592080e-15 2.4360894654e-13 -2.2194135831e-10 5.3124752971e-14
d  1.5693097233e-02 1.0148336492e+00 0.0000000000e+00 2.1491607881e-03 3.0000000000e+02 -2.1461087640e-10 -2.4710475984e-13 2.1491605397e-10 2.1461077618e-10 5.0262760226e-15 2.4710489841e-13 -2.1491608052e-10 5.3193851128e-14
d  1.5693444909e-02 1.0145902762e+00 0.0000000000e+00 2.0660137893e-03 3.0000000000e+02 -2.0629219138e-10 -2.5109588689e-13 2.0660165383e-10 2.0629207631e-10 4.9446262557e-15 2.5109461600e-13 -2.0660136337e-10 5.3245982183e-14
d  1.5693653515e-02 1.0144442524e+00 0.0000000000e+00 2.0167731274e-03 3.0000000000e+02 -2.0136578248e-10 -2.5349045014e-13 2.0167780579e-10 2.0136565773e-10 4.8913927290e-15 2.5348702396e-13 -2.0167728386e-10 5.3269301232e-14
d  1.5693903841e-02 1.0142690238e+00 0.0000000000e+00 1.9583659476e-03 3.0000000000e+02 -1.9552229905e-10 -2.5630845144e-13 1.9583698677e-10 1.9552217961e-10 4.8256583160e-15 2.5630590310e-13 -1.9583657264e-10 5.3291108867e-14
d  1.5694204233e-02 1.0140587496e+00 0.0000000000e+00 1.8893133408e-03 3.0000000000e+02 -1.8861380692e-10 -2.5960592268e-13 1.8893183192e-10 1.8861368327e-10 4.7412751318e-15 2.5960323815e-13 -1.8893130749e-10 5.3302427548e-14
d  1.5694384468e-02 1.0139325850e+00 0.0000000000e+00 1.8484491326e-03 3.0000000000e+02 -1.8452549412e-10 -2.6157124079e-13 1.8484360208e-10 1.8452544934e-10 4.6910342487e-15 2.6158183741e-13 -1.8484498790e-10 5.3310208185e-14
d  1.5694600750e-02 1.0137811875e+00 0.0000000000e+00 1.7999984239e-03 3.0000000000e+02 -1.7967823571e-10 -2.6364386109e-13 1.7999989656e-10 1.7967813205e-10 4.6183890679e-15 2.6364345146e-13 -1.7999983960e-10 5.3279180509e-14
d  1.5694860289e-02 1.0135995105e+00 0.0000000000e+00 1.7427360802e-03 3.0000000000e+02 -1.7394939216e-10 -2.6653779486e-13 1.7427313712e-10 1.7394931006e-10 4.5408964222e-15 2.6654075120e-13 -1.7427363244e-10 5.3283445353e-14
d  1.5695171735e-02 1.0133814981e+00 0.0000000000e+00 1.6753385088e-03 3.0000000000e+02 -1.6720667550e-10 -2.6955874151e-13 1.6753423990e-10 1.6720655878e-10 4.4348809983e-15 2.6955671482e-13 -1.6753383225e-10 5.3239237485e-14
d  1.5695358603e-02 1.0132506907e+00 0.0000000000e+00 1.6356129059e-03 3.0000000000e+02 -1.6323239572e-10 -2.7145443821e-13 1.6356131114e-10 1.6323229361e-10 4.3720999799e-15 2.7145427782e-13 -1.6356128969e-10 5.3219263150e-14
d  1.5695582845e-02 1.0130937218e+00 0.0000000000e+00 1.5886711075e-03 3.0000000000e+02 -1.5853624420e-10 -2.7349184059e-13 1.5886651071e-10 1.5853616521e-10 4.2925947171e-15 2.7349622144e-13 -1.5886714060e-10 5.3174840257e-14
d  1.5695851934e-02 1.0129053591e+00 0.0000000000e+00 1.5334215099e-03 3.0000000000e+02 -1.5300902991e-10 -2.7585354113e-13 1.5334256307e-10 1.5300891379e-10 4.1921152474e-15 2.7585104248e-13 -1.5334213211e-10 5.3106925429e-14
d  1.5696013388e-02 1.0127923415e+00 0.0000000000e+00 1.5008493909e-03 3.0000000000e+02 -1.4975050860e-10 -2.7735645268e-13 1.5008519289e-10 1.4975039837e-10 4.1339538327e-15 2.7735415297e-13 -1.5008492643e-10 5.3075289144e-14
d  1.5696207132e-02 1.0126567204e+00 0.0000000000e+00 1.4623468271e-03 3.0000000000e+02 -1.4589876737e-10 -2.7896029750e-13 1.4623471203e-10 1.4589866510e-10 4.0600838886e-15 2.7896004887e-13 -1.4623468143e-10 5.3018984205e-14
d  1.5696439626e-02 1.0124939750e+00 0.0000000000e+00 1.4170011102e-03 3.0000000000e+02 -1.4136250500e-10 -2.8079130133e-13 1.4169964762e-10 1.4136241915e-10 3.9704001013e-15 2.8079456718e-13 -1.4170013205e-10 5.2944673177e-14
d  1.5696718618e-02 1.0122986805e+00 0.0000000000e+00 1.3638445897e-03 3.0000000000e+02 -1.3604496742e-10 -2.8283632933e-13 1.3638427195e-10 1.3604487218e-10 3.8590035149e-15 2.8283742433e-13 -1.3638446693e-10 5.2840026120e-14
d  1.5696886013e-02 1.0121815039e+00 0.0000000000e+00 1.3326174689e-03 3.0000000000e+02 -1.3292119274e-10 -2.8406508071e-13 1.3326175276e-10 1.3292109134e-10 3.7922489012e-15 2.8406502933e-13 -1.3326174675e-10 5.2777692554e-14
d  1.5697086888e-02 1.0120408919e+00 0.0000000000e+00 1.2958142809e-03 3.0000000000e+02 -1.2923967851e-10 -2.8545411279e-13 1.2958148660e-10 1.2923957551e-10 3.7112174182e-15 2.8545363391e-13 -1.2958142563e-10 5.2696700684e-14
d  1.5697327937e-02 1.0118721575e+00 0.0000000000e+00 1.2526255311e-03 3.0000000000e+02 -1.2491948643e-10 -2.8697570403e-13 1.2526234568e-10 1.2491939135e-10 3.6128396975e-15 2.8697711527e-13 -1.2526256171e-10 5.2589856527e-14
d  1.5697617196e-02 1.0116696762e+00 0.0000000000e+00 1.2022177151e-03 3.0000000000e+02 -1.1987729517e-10 -2.8860588157e-13 1.2022187459e-10 1.1987719109e-10 3.4921328412e-15 2.8860529877e-13 -1.2022176774e-10 5.2446107692e-14
d  1.5697790751e-02 1.0115481874e+00 0.0000000000e+00 1.1727184118e-03 3.0000000000e+02 -1.1692659879e-10 -2.8958320222e-13 1.1727189316e-10 1.1692649619e-10 3.4207895794e-15 2.8958276357e-13 -1.1727183912e-10 5.2362161356e-14
d  1.5697999018e-02 1.0114024009e+00 0.0000000000e+00 1.1380614888e-03 3.0000000000e+02 -1.1346008441e-10 -2.9058774878e-13 1.1380598099e-10 1.1345998779e-10 3.3339698000e-15 2.9058907492e-13 -1.1380615575e-10 5.2250270433e-14
d  1.5698248938e-02 1.0112274571e+00 0.0000000000e+00 1.0975465268e-03 3.0000000000e+02 -1.0940773334e-10 -2.9165228370e-13 1.0975438960e-10 1.0940763903e-10 3.2288347857e-15 2.9165401151e-13 -1.0975466250e-10 5.2106709073e-14
d  1.5698548841e-02 1.0110175245e+00 0.0000000000e+00 1.0504762599e-03 3.0000000000e+02 -1.0469986577e-10 -2.9279904560e-13 1.0504768368e-10 1.0469976324e-10 3.1025440083e-15 2.9279873064e-13 -1.0504762414e-10 5.1927322031e-14
d  1.5698728784e-02 1.0108915650e+00 0.0000000000e+00 1.0230402866e-03 3.0000000000e+02 -1.0195585343e-10 -2.9344503172e-13 1.0230406446e-10 1.0195575147e-10 3.0283182580e-15 2.9344474017e-13 -1.0230402740e-10 5.1820653749e-14
d  1.5698944714e-02 1.0107404135e+00 0.0000000000e+00 9.9091342378e-04 3.0000000000e+02 -9.8742774778e-11 -2.9405343025e-13 9.9091311566e-11 9.8742674431e-11 2.9383986478e-15 2.9405366513e-13 -9.9091343599e-11 5.1682190855e-14
d  1.5699203831e-02 1.0105590317e+00 0.0000000000e+00 9.5350391907e-04 3.0000000000e+02 -9.5001494187e-11 -2.9464823331e-13 9.5350211548e-11 9.5001397203e-11 2.8309808641e-15 2.9464937682e-13 -9.5350397996e-11 5.1509891972e-14
d  1.5699359301e-02 1.0104502027e+00 0.0000000000e+00 9.3165109546e-04 3.0000000000e+02 -9.2816083133e-11 -2.9491418332e-13 9.3165116864e-11 9.2815981923e-11 2.7668766959e-15 2.9491411422e-13 -9.3165109358e-11 5.1402304641e-14
d  1.5699545866e-02 1.0103196078e+00 0.0000000000e+00 9.0601104157e-04 3.0000000000e+02 -9.0251992529e-11 -2.9526197297e-13 9.0601115950e-11 9.0251891239e-11 2.6912795539e-15 2.9526186871e-13 -9.0601103815e-11 5.1277452882e-14
d  1.5699769743e-02 1.0101628940e+00 0.0000000000e+00 8.7607691511e-04 3.0000000000e+02 -8.7258584972e-11 -2.9549255467e-13 8.7608163279e-11 8.7258474056e-11 2.5996854714e-15 2.9548908445e-13 -8.7607675872e-11 5.1115829443e-14
d  1.5700038395e-02 1.0099748374e+00 0.0000000000e+00 8.4134369410e-04 3.0000000000e+02 -8.3785405863e-11 -2.9570605241e-13 8.4134312918e-11 8.3785305996e-11 2.4938025190e-15 2.9570639810e-13 -8.4134371206e-11 5.0926821388e-14
d  1.5700360778e-02 1.0097491695e+00 0.0000000000e+00 8.0134690542e-04 3.0000000000e+02 -7.9786114597e-11 -2.9560519189e-13 8.0134530144e-11 7.9786016665e-11 2.3659373714e-15 2.9560600826e-13 -8.0134695037e-11 5.0679231969e-14
d  1.5700554207e-02 1.0096137687e+00 0.0000000000e+00 7.7821216565e-04 3.0000000000e+02 -7.7472963661e-11 -2.9549223314e-13 7.7821175448e-11 7.7472863475e-11 2.2921208485e-15 2.9549254489e-13 -7.7821217941e-11 5.0533512511e-14
d  1.5700786323e-02 1.0094512878e+00 0.0000000000e+00 7.5129041495e-04 3.0000000000e+02 -7.4781280953e-11 -2.9529841816e-13 7.5129044198e-11 7.4781179959e-11 2.2044854064e-15 2.9529839897e-13 -7.5129041489e-11 5.0357430482e-14
d  1.5701064862e-02 1.0092563107e+00 0.0000000000e+00 7.2017257607e-04 3.0000000000e+02 -7.1670231592e-11 -2.9489053920e-13 7.2017261835e-11 7.1670130593e-11 2.1008902523e-15 2.9489051423e-13 -7.2017257565e-11 5.0139840863e-14
d  1.5701399108e-02 1.0090223382e+00 0.0000000000e+00 6.8450102753e-04 3.0000000000e+02 -6.8104150977e-11 -2.9419934007e-13 6.8449938608e-11 6.8104052748e-11 1.9800284730e-15 2.9420014673e-13 -6.8450106850e-11 4.9874700331e-14
d  1.5701599656e-02 1.0088819547e+00 0.0000000000e+00 6.6394777402e-04 3.0000000000e+02 -6.6049559308e-11 -2.9365169455e-13 6.6394815868e-11 6.6049457794e-11 1.9099316262e-15 2.9365141315e-13 -6.6394776370e-11 4.9713084247e-14
d  1.5701840314e-02 1.0087134945e+00 0.0000000000e+00 6.4010417342e-04 3.0000000000e+02 -6.3666174987e-11 -2.9301014985e-13 6.4010427383e-11 6.3666073959e-11 1.8278923285e-15 2.9301008108e-13 -6.4010417134e-11 4.9524136822e-14
d  1.5702129103e-02 1.0085113423e+00 0.0000000000e+00 6.1264386032e-04 3.0000000000e+02 -6.0921448009e-11 -2.9202137425e-13 6.1264394370e-11 6.0921347034e-11 1.7310582978e-15 2.9202132671e-13 -6.1264385890e-11 4.9288745710e-14
d  1.5702475650e-02 1.0082687596e+00 0.0000000000e+00 5.8129700392e-04 3.0000000000e+02 -5.7788498770e-11 -2.9067852237e-13 5.8129626020e-11 5.7788398979e-11 1.6192515323e-15 2.9067887521e-13 -5.8129702078e-11 4.9006397673e-14
d  1.5702683578e-02 1.0081232100e+00 0.0000000000e+00 5.6329985681e-04 3.0000000000e+02 -5.5989902186e-11 -2.8976586213e-13 5.6330021994e-11 5.5989800866e-11 1.5553224220e-15 2.8976560583e-13 -5.6329984800e-11 4.8837252611e-14
d  1.5702933091e-02 1.0079485504e+00 0.0000000000e+00 5.4248065188e-04 3.0000000000e+02 -5.3909412811e-11 -2.8863940694e-13 5.4248064298e-11 5.3909312028e-11 1.4803483663e-15 2.8863941282e-13 -5.4248065264e-11 4.8636036439e-14
d  1.5703232508e-02 1.0077389590e+00 0.0000000000e+00 5.1858143601e-04 3.0000000000e+02 -5.1521311909e-11 -2.8711243822e-13 5.1858156084e-11 5.1521210977e-11 1.3927207591e-15 2.8711236955e-13 -5.1858143379e-11 4.8389614913e-14
d  1.5703591808e-02 1.0074874492e+00 0.0000000000e+00 4.9140172274e-04 3.0000000000e+02 -4.8805674702e-11 -2.8522010637e-13 4.9140133158e-11 4.8805574418e-11 1.2922997125e-15 2.8522028551e-13 -4.9140173089e-11 4.8099793106e-14
d  1.5703807387e-02 1.0073365434e+00 0.0000000000e+00 4.7584622303e-04 3.0000000000e+02 -4.7251584811e-11 -2.8396056660e-13 4.7584582621e-11 4.7251484553e-11 1.2355906654e-15 2.8396083680e-13 -4.7584623280e-11 4.7925969097e-14
d  1.5704066083e-02 1.0071554564e+00 0.0000000000e+00 4.5789630645e-04 3.0000000000e+02 -4.5458426706e-11 -2.8239605367e-13 4.5789571937e-11 4.5458326666e-11 1.1688475967e-15 2.8239642799e-13 -4.5789631995e-11 4.7717037773e-14
d  1.5704376518e-02 1.0069381520e+00 0.0000000000e+00 4.3734869994e-04 3.0000000000e+02 -4.3405929350e-11 -2.8043302294e-13 4.3734877709e-11 4.3405828572e-11 1.0917084839e-15 2.8043298199e-13 -4.3734869886e-11 4.7467324417e-14
d  1.5704749040e-02 1.0066773867e+00 0.0000000000e+00 4.1405553754e-04 3.0000000000e+02 -4.1079452576e-11 -2.7804026917e-13 4.1405521418e-11 4.1079352235e-11 1.0038980344e-15 2.7804041209e-13 -4.1405554363e-11 4.7174773846e-14
d  1.5705196066e-02 1.0063644683e+00 0.0000000000e+00 3.8795597859e-04 3.0000000000e+02 -3.8473039798e-11 -2.7492034929e-13 3.8795664415e-11 3.8472938537e-11 9.0474162882e-16 2.7492010437e-13 -3.8795596861e-11 4.6822072311e-14
d  1.5705464282e-02 1.0061767173e+00 0.0000000000e+00 3.7321009458e-04 3.0000000000e+02 -3.7000627450e-11 -2.7302488537e-13 3.7321075573e-11 3.7000526208e-11 8.5039776176e-16 2.7302452375e-13 -3.7321008264e-11 4.6618960067e-14
d  1.5705786141e-02 1.0059514161e+00 0.0000000000e+00 3.5637047991e-04 3.0000000000e+02 -3.5319340457e-11 -2.7066057599e-13 3.5637051266e-11 3.5319239832e-11 7.8687516491e-16 2.7066055921e-13 -3.5637047969e-11 4.6373603844e-14
d  1.5706172372e-02 1.0056810546e+00 0.0000000000e+00 3.3733091985e-04 3.0000000000e+02 -3.3418662321e-11 -2.6773228687e-13 3.3733096222e-11 3.3418561718e-11 7.1435492102e-16 2.6773226880e-13 -3.3733091953e-11 4.6081232560e-14
d  1.5706635849e-02 1.0053566209e+00 0.0000000000e+00 3.1605845597e-04 3.0000000000e+02 -3.1295424249e-11 -2.6415146552e-13 3.1606151791e-11 3.1295321339e-11 6.3322301965e-16 2.6415037793e-13 -3.1605841428e-11 4.5737839795e-14
d  1.5706913935e-02 1.0051619606e+00 0.0000000000e+00 3.0406748518e-04 3.0000000000e+02 -3.0098752026e-11 -2.6204302466e-13 3.0406796251e-11 3.0098651134e-11 5.8965475447e-16 2.6204277282e-13 -3.0406747750e-11 4.5543714217e-14
d  1.5707247638e-02 1.0049283683e+00 0.0000000000e+00 2.9039698176e-04 3.0000000000e+02 -2.8734646115e-11 -2.5930054743e-13 2.9039742772e-11 2.8734545288e-11 5.3784138008e-16 2.5930032708e-13 -2.9039697501e-11 4.5299985242e-14
d  1.5707648083e-02 1.0046480576e+00 0.0000000000e+00 2.7496854520e-04 3.0000000000e+02 -2.7195360649e-11 -2.5610151226e-13 2.7496857781e-11 2.7195260161e-11 4.7975786825e-16 2.5610149884e-13 -2.7496854502e-11 4.5020259803e-14
d  1.5708128615e-02 1.0043116847e+00 0.0000000000e+00 2.5776318592e-04 3.0000000000e+02 -2.5479115030e-11 -2.5219777825e-13 2.5776469379e-11 2.5479013628e-11 4.1493704366e-16 2.5219726141e-13 -2.5776316780e-11 4.4690137866e-14
d  1.5708705255e-02 1.0039080372e+00 0.0000000000e+00 2.3884526744e-04 3.0000000000e+02 -2.3592476268e-11 -2.4752713270e-13 2.3884523682e-11 2.3592375895e-11 3.4453006774e-16 2.4752714144e-13 -2.3884526801e-11 4.4308614838e-14
d  1.5709051238e-02 1.0036658487e+00 0.0000000000e+00 2.2832638898e-04 3.0000000000e+02 -2.2543664423e-11 -2.4467458983e-13 2.2832801855e-11 2.2543563084e-11 3.0673649909e-16 2.4467389908e-13 -2.2832636788e-11 4.4085126430e-14
d  1.5709466419e-02 1.0033752225e+00 0.0000000000e+00 2.1646360705e-04 3.0000000000e+02 -2.1361068998e-11 -2.4134817768e-13 2.1646425340e-11 2.1360968295e-11 2.6381075309e-16 2.4134792109e-13 -2.1646359931e-11 4.3826855671e-14
d  1.5709964635e-02 1.0030264711e+00 0.0000000000e+00 2.0324279289e-04 3.0000000000e+02 -2.0043378245e-11 -2.3727235565e-13 2.0324276559e-11 2.0043277957e-11 2.1546860866e-16 2.3727236467e-13 -2.0324279339e-11 4.3518139804e-14
d  1.5710562495e-02 1.0026079693e+00 0.0000000000e+00 1.8871188797e-04 3.0000000000e+02 -1.8595494401e-11 -2.3246304791e-13 1.8871190278e-11 1.8595394133e-11 1.6298476670e-16 2.3246304384e-13 -1.8871188802e-11 4.3162319365e-14
d  1.5711279927e-02 1.0021057673e+00 0.0000000000e+00 1.7299750698e-04 3.0000000000e+02 -1.7030193878e-11 -2.2679724681e-13 1.7299746184e-11 1.7030093687e-11 1.0708237906e-16 2.2679725717e-13 -1.7299750752e-11 4.2754087415e-14
d  1.5711710386e-02 1.0018044460e+00 0.0000000000e+00 1.6438148807e-04 3.0000000000e+02 -1.6172199805e-11 -2.2344692825e-13 1.6438230134e-11 1.6172099269e-11 7.8212187683e-17 2.2344665127e-13 -1.6438148002e-11 4.2520294809e-14
d  1.5712226937e-02 1.0014428606e+00 0.0000000000e+00 1.5477004541e-04 3.0000000000e+02 -1.5215319582e-11 -2.1951725366e-13 1.5477004048e-11 1.5215219439e-11 4.5431021154e-17 2.1951725523e-13 -1.5477004561e-11 4.2248169310e-14
d  1.5712846798e-02 1.0010089580e+00 0.0000000000e+00 1.4419102460e-04 3.0000000000e+02 -1.4162425778e-11 -2.1483189250e-13 1.4419277163e-11 1.4162325021e-11 9.1253418257e-18 2.1483142820e-13 -1.4419101038e-11 4.1928664584e-14
d  1.5713590631e-02 1.0004882749e+00 0.0000000000e+00 1.3272683558e-04 3.0000000000e+02 -1.3021847615e-11 -2.0944106286e-13 1.3272680216e-11 1.3021747578e-11 -2.9073669575e-17 2.0944107026e-13 -1.3272683595e-11 4.1567732391e-14
d  1.5714290000e-02 9.9999871667e-01 0.0000000000e+00 1.2303383548e-04 3.0000000000e+02 -1.2057862112e-11 -2.0443015652e-13 1.2303384096e-11 1.2057762111e-11 -6.0599545210e-17 2.0443015528e-13 -1.2303383556e-11 4.1239263865e-14
d  1.5715129243e-02 9.9941124682e-01 0.0000000000e+00 1.1261972037e-04 3.0000000000e+02 -1.1022601711e-11 -1.9869690253e-13 1.1261970945e-11 1.1022501773e-11 -9.3874883874e-17 1.9869690467e-13 -1.1261972055e-11 4.0868576384e-14
d  1.5716136334e-02 9.9870628300e-01 0.0000000000e+00 1.0164000438e-04 3.0000000000e+02 -9.9316831210e-12 -1.9209511574e-13 1.0163971105e-11 9.9315833261e-12 -1.2820401093e-16 1.9209516372e-13 -1.0164000604e-11 4.0448857983e-14
d  1.5716740589e-02 9.9828330470e-01 0.0000000000e+00 9.5745849232e-05 3.0000000000e+02 -9.3463182703e-12 -1.8827548559e-13 9.5745848585e-12 9.3462184422e-12 -1.4509831482e-16 1.8827548575e-13 -9.5745849332e-12 4.0211166112e-14
d  1.5717465695e-02 9.9777573075e-01 0.0000000000e+00 8.9275811200e-05 3.0000000000e+02 -8.7040145925e-12 -1.8389920359e-13 8.9275810006e-12 8.7039148152e-12 -1.6412876278e-16 1.8389920386e-13 -8.9275811297e-12 3.9939519785e-14
d  1.5718335822e-02 9.9716664201e-01 0.0000000000e+00 8.2282022309e-05 3.0000000000e+02 -8.0100395956e-12 -1.7881865477e-13 8.2282018038e-12 8.0099398799e-12 -1.8451030065e-16 1.7881865557e-13 -8.2282022414e-12 3.9627139753e-14
d  1.5719379975e-02 9.9643573552e-01 0.0000000000e+00 7.4853792996e-05 3.0000000000e+02 -7.2733726074e-12 -1.7303557358e-13 7.4853708580e-12 7.2732729806e-12 -2.0552287571e-16 1.7303558690e-13 -7.4853793462e-12 3.9275373718e-14
d  1.5720632957e-02 9.9555864773e-01 0.0000000000e+00 6.7118829303e-05 3.0000000000e+02 -6.5068106235e-12 -1.6650736957e-13 6.7118831128e-12 6.5067110673e-12 -2.2663880580e-16 1.6650736933e-13 -6.7118829363e-12 3.8882749878e-14
d  1.5721384747e-02 9.9503239506e-01 0.0000000000e+00 6.3008349029e-05 3.0000000000e+02 -6.0996955210e-12 -1.6281376557e-13 6.3008350392e-12 6.0995960175e-12 -2.3674947583e-16 1.6281376531e-13 -6.3008349085e-12 3.8663617098e-14
d  1.5722286895e-02 9.9440089186e-01 0.0000000000e+00 5.8529679806e-05 3.0000000000e+02 -5.6563376187e-12 -1.5856505141e-13 5.8529681590e-12 5.6562381783e-12 -2.4810288043e-16 1.5856505109e-13 -5.8529679856e-12 3.8412071038e-14
d  1.5723369472e-02 9.9364308801e-01 0.0000000000e+00 5.3727482136e-05 3.0000000000e+02 -5.1812406648e-12 -1.5373902031e-13 5.3727483054e-12 5.1811413004e-12 -2.6008962505e-16 1.5373902017e-13 -5.3727482186e-12 3.8127880016e-14
d  1.5724668565e-02 9.9273372339e-01 0.0000000000e+00 4.8671134807e-05 3.0000000000e+02 -4.6813651572e-12 -1.4830918667e-13 4.8671110786e-12 4.6812658871e-12 -2.7225457350e-16 1.4830918972e-13 -4.8671134939e-12 3.7810289060e-14
d  1.5726227476e-02 9.9164248585e-01 0.0000000000e+00 4.3455610292e-05 3.0000000000e+02 -4.1662472144e-12 -1.4223488301e-13 4.3455449869e-12 4.1661480690e-12 -2.8429497248e-16 1.4223489996e-13 -4.3455610809e-12 3.7457465624e-14
d  1.5727162823e-02 9.9098774332e-01 0.0000000000e+00 4.0702845180e-05 3.0000000000e+02 -3.8945172891e-12 -1.3886924968e-13 4.0702847941e-12 3.8944181900e-12 -2.8987375074e-16 1.3886924925e-13 -4.0702845210e-12 3.7263618555e-14
d  1.5728285239e-02 9.9020205229e-01 0.0000000000e+00 3.7719797923e-05 3.0000000000e+02 -3.6002895174e-12 -1.3504953274e-13 3.7719799535e-12 3.6001904970e-12 -2.9619094424e-16 1.3504953250e-13 -3.7719797955e-12 3.7043683500e-14
d  1.5729632138e-02 9.8925922306e-01 0.0000000000e+00 3.4539066900e-05 3.0000000000e+02 -3.2868029776e-12 -1.3071058187e-13 3.4539068396e-12 3.2867040515e-12 -3.0275827244e-16 1.3071058169e-13 -3.4539066930e-12 3.6794776355e-14
d  1.5731248417e-02 9.8812782797e-01 0.0000000000e+00 3.1209574551e-05 3.0000000000e+02 -2.9589574293e-12 -1.2588874986e-13 3.1209575781e-12 2.9588586164e-12 -3.0933947703e-16 1.2588874974e-13 -3.1209574579e-12 3.6519214321e-14
d  1.5733187952e-02 9.8677015387e-01 0.0000000000e+00 2.7794865359e-05 3.0000000000e+02 -2.6230927225e-12 -1.2059032703e-13 2.7795047434e-12 2.6229940312e-12 -3.1574036784e-16 1.2059031158e-13 -2.7794864984e-12 3.6217577678e-14
d  1.5735515394e-02 9.8514094496e-01 0.0000000000e+00 2.4134707608e-05 3.0000000000e+02 -2.2566421282e-12 -1.2100615849e-13 2.4134044704e-12 2.2565436585e-12 -3.1815184669e-16 1.2100620549e-13 -2.4134708865e-12 3.6245035396e-14
d  1.5736911859e-02 9.8416341960e-01 0.0000000000e+00 2.2465464028e-05 3.0000000000e+02 -2.0998616590e-12 -1.1145848202e-13 2.2465445356e-12 2.0997632440e-12 -3.2743870898e-16 1.1145848398e-13 -2.2465464096e-12 3.5695223780e-14
d  1.5738587618e-02 9.8299038918e-01 0.0000000000e+00 2.0592491234e-05 3.0000000000e+02 -1.9162572858e-12 -1.0789409256e-13 2.0592492954e-12 1.9161589866e-12 -3.2663847566e-16 1.0789409239e-13 -2.0592491251e-12 3.5500916059e-14
d  1.5740598527e-02 9.8158275268e-01 0.0000000000e+00 1.8637109933e-05 3.0000000000e+02 -1.7248333891e-12 -1.0402655478e-13 1.8637111872e-12 1.7247352307e-12 -3.3046631918e-16 1.0402655462e-13 -1.8637109948e-12 3.5281142412e-14
d  1.5743011619e-02 9.7989358887e-01 0.0000000000e+00 1.6632200568e-05 3.0000000000e+02 -1.5288229442e-12 -9.9785746636e-14 1.6632160590e-12 1.5287249569e-12 -3.3326723234e-16 9.9785749360e-14 -1.6632200651e-12 3.5042463965e-14
d  1.5745907329e-02 9.7786659230e-01 0.0000000000e+00 1.4501451959e-05 3.0000000000e+02 -1.3167702526e-12 -9.8810284062e-14 1.4501038916e-12 1.3166724838e-12 -3.3440411735e-16 9.8810307557e-14 -1.4501452546e-12 3.4991877487e-14
d  1.5747644756e-02 9.7665039436e-01 0.0000000000e+00 1.3518588194e-05 3.0000000000e+02 -1.2250845164e-12 -9.2593813209e-14 1.3518594160e-12 1.2249868511e-12 -3.3832811202e-16 9.2593812708e-14 -1.3518588196e-12 3.4636098575e-14
d  1.5749729667e-02 9.7519095683e-01 0.0000000000e+00 1.2412928903e-05 3.0000000000e+02 -1.1174461995e-12 -8.9791316753e-14 1.2412912407e-12 1.1173486811e-12 -3.3781583581e-16 8.9791318050e-14 -1.2412928945e-12 3.4482013676e-14
d  1.5752231561e-02 9.7343963179e-01 0.0000000000e+00 1.1255208402e-05 3.0000000000e+02 -1.0048954905e-12 -8.6747412348e-14 1.1255209080e-12 1.0047981465e-12 -3.3941759247e-16 8.6747412304e-14 -1.1255208412e-12 3.4310505755e-14
d  1.5755233833e-02 9.7133804175e-01 0.0000000000e+00 1.0065049907e-05 3.0000000000e+02 -8.8938745378e-13 -8.3431673218e-14 1.0065052026e-12 8.8929031990e-13 -3.4051309491e-16 8.3431673102e-14 -1.0065049914e-12 3.4124636522e-14
d  1.5757035196e-02 9.7007708772e-01 0.0000000000e+00 9.4384140811e-06 3.0000000000e+02 -8.2866460789e-13 -8.1593178579e-14 9.4383230582e-13 8.2856760366e-13 -3.4097342741e-16 8.1593185939e-14 -9.4384142493e-13 3.4021535795e-14
d  1.5759196832e-02 9.6856394289e-01 0.0000000000e+00 8.7594555802e-06 3.0000000000e+02 -7.6293842254e-13 -7.9530103603e-14 8.7594563427e-13 7.6284156612e-13 -3.4147366043e-16 7.9530103545e-14 -8.7594555878e-13 3.3905893267e-14
d  1.5761790796e-02 9.6674816909e-01 0.0000000000e+00 8.0352183182e-06 3.0000000000e+02 -6.9291995612e-13 -7.7263879590e-14 8.0353993029e-13 6.9282327565e-13 -3.4195389495e-16 7.7263868164e-14 -8.0352180774e-13 3.3778920144e-14
d  1.5764903552e-02 9.6456924054e-01 0.0000000000e+00 7.2765786384e-06 3.0000000000e+02 -6.1971124755e-13 -7.4752940989e-14 7.2765944400e-13 6.1961479020e-13 -3.4237692049e-16 7.4752940158e-14 -7.2765786274e-13 3.3638210333e-14
d  1.5768638859e-02 9.6195452627e-01 0.0000000000e+00 6.4973862487e-06 3.0000000000e+02 -5.4468439759e-13 -7.2005179483e-14 6.4973069406e-13 5.4458820400e-13 -3.4271682335e-16 7.2005182964e-14 -6.4973863324e-13 3.3484157798e-14
d  1.5773121227e-02 9.5881686915e-01 0.0000000000e+00 5.6772510398e-06 3.0000000000e+02 -4.6429042363e-13 -7.0467680155e-14 5.6774410328e-13 4.6419453815e-13 -3.4263973637e-16 7.0467673196e-14 -5.6772508905e-13 3.3400228040e-14
d  1.5778500070e-02 9.5505168060e-01 0.0000000000e+00 4.8939502153e-06 3.0000000000e+02 -3.8944145893e-13 -6.7178187641e-14 4.8937853080e-13 3.8934595655e-13 -3.4299212816e-16 6.7178192677e-14 -4.8939503328e-13 3.3215150444e-14
d  1.5784954680e-02 9.5053345435e-01 0.0000000000e+00 4.1403333599e-06 3.0000000000e+02 -3.1750626971e-13 -6.3933694902e-14 4.1402495449e-13 3.1741121755e-13 -3.4279671338e-16 6.3933697036e-14 -4.1403334118e-13 3.3033267754e-14
d  1.5788827447e-02 9.4782251859e-01 0.0000000000e+00 3.7865407898e-06 3.0000000000e+02 -2.8492758588e-13 -6.1290278064e-14 3.7865660963e-13 2.8483280322e-13 -3.4279052042e-16 6.1290277113e-14 -3.7865407735e-13 3.2882895205e-14
d  1.5793474767e-02 9.4456939569e-01 0.0000000000e+00 3.4103101508e-06 3.0000000000e+02 -2.4951585197e-13 -5.9181484096e-14 3.4103108336e-13 2.4942139502e-13 -3.4240799731e-16 5.9181484072e-14 -3.4103101537e-13 3.2764034716e-14
d  1.5799051550e-02 9.4066564821e-01 0.0000000000e+00 3.0228157452e-06 3.0000000000e+02 -2.1281998093e-13 -5.7243554184e-14 3.0228160509e-13 2.1272591437e-13 -3.4205012391e-16 5.7243554175e-14 -3.0228157480e-13 3.2654926411e-14
d  1.5805743691e-02 9.3598115123e-01 0.0000000000e+00 2.6356464290e-06 3.0000000000e+02 -1.7627516741e-13 -5.5185699143e-14 2.6356773153e-13 1.7618156896e-13 -3.4156245374e-16 5.5185698388e-14 -2.6356464156e-13 3.2538930368e-14
d  1.5813774259e-02 9.3035975485e-01 0.0000000000e+00 2.2570714549e-06 3.0000000000e+02 -1.4068195103e-13 -5.3042143431e-14 2.2570720422e-13 1.4058891505e-13 -3.4089587254e-16 5.3042143419e-14 -2.2570714569e-13 3.2417975505e-14
d  1.5818592600e-02 9.2698691702e-01 0.0000000000e+00 2.0655451632e-06 3.0000000000e+02 -1.2273303711e-13 -5.1901046849e-14 2.0656163715e-13 1.2264033764e-13 -3.4045880603e-16 5.1901044704e-14 -2.0655451212e-13 3.2353364162e-14
d  1.5824374610e-02 9.2293951163e-01 0.0000000000e+00 1.8641963344e-06 3.0000000000e+02 -1.0391877445e-13 -5.0654420181e-14 1.8642731561e-13 1.0382647972e-13 -3.3992797643e-16 5.0654418015e-14 -1.8641962919e-13 3.2282834387e-14
d  1.5831313021e-02 9.1808262516e-01 0.0000000000e+00 1.6563670379e-06 3.0000000000e+02 -8.4566573510e-14 -4.9298289527e-14 1.6563742062e-13 8.4474765185e-14 -3.3927340119e-16 4.9298289359e-14 -1.6563670361e-13 3.2206046715e-14
d  1.5839639114e-02 9.1225436140e-01 0.0000000000e+00 1.4460016801e-06 3.0000000000e+02 -6.5049686248e-14 -4.7854950907e-14 1.4460022434e-13 6.4958460808e-14 -3.3846624184e-16 4.7854950896e-14 -1.4460016813e-13 3.2124211049e-14
d  1.5849630427e-02 9.0526044488e-01 0.0000000000e+00 1.2376961659e-06 3.0000000000e+02 -4.5812089197e-14 -4.6346901106e-14 1.2376965726e-13 4.5721563150e-14 -3.3747617642e-16 4.6346901099e-14 -1.2376961670e-13 3.2038574839e-14
d  1.5861620001e-02 8.9686774506e-01 0.0000000000e+00 1.0361154935e-06 3.0000000000e+02 -2.7295910287e-14 -4.4791494021e-14 1.0361160004e-13 2.7206223510e-14 -3.3626870740e-16 4.4791494014e-14 -1.0361154944e-13 3.1950074484e-14
d  1.5876007491e-02 8.8679650528e-01 0.0000000000e+00 8.4564733572e-07 3.0000000000e+02 -9.9115004396e-15 -4.3216433951e-14 8.4562053992e-14 9.8228209046e-15 -3.3480453046e-16 4.3216434255e-14 -8.4564734286e-14 3.1860244689e-14
d  1.5893272478e-02 8.7471101754e-01 0.0000000000e+00 6.7003577121e-07 3.0000000000e+02 5.9974053522e-15 -4.1649151696e-14 6.7003613232e-14 -6.0848764552e-15 -3.3303945990e-16 4.1649151692e-14 -6.7003577181e-14 3.1770602001e-14
d  1.5903631470e-02 8.6745972489e-01 0.0000000000e+00 5.8525925141e-07 3.0000000000e+02 1.3626804721e-14 -4.0847253023e-14 5.8524761446e-14 -1.3713550642e-14 -3.3197582753e-16 4.0847253185e-14 -5.8525925526e-14 3.1724444981e-14
d  1.5916062261e-02 8.5875817372e-01 0.0000000000e+00 4.9906690141e-07 3.0000000000e+02 2.1344105673e-14 -3.9991262299e-14 4.9905974005e-14 -2.1429981461e-14 -3.3070707803e-16 3.9991262393e-14 -4.9906690378e-14 3.1675214644e-14
d  1.5930979210e-02 8.4831631231e-01 0.0000000000e+00 4.1322299072e-07 3.0000000000e+02 2.8983456159e-14 -3.9095853502e-14 4.1321830666e-14 -2.9068287775e-14 -3.2919113453e-16 3.9095853554e-14 -4.1322299216e-14 3.1623640128e-14
d  1.5948879549e-02 8.3578607862e-01 0.0000000000e+00 3.2957748531e-07 3.0000000000e+02 3.6378333851e-14 -3.8176311491e-14 3.2958906791e-14 -3.6461912491e-14 -3.2738282597e-16 3.8176311386e-14 -3.2957748353e-14 3.1570525308e-14
d  1.5970359956e-02 8.2074979819e-01 0.0000000000e+00 2.5009739090e-07 3.0000000000e+02 4.3344617424e-14 -3.7245783956e-14 2.5009762211e-14 -4.3426692405e-14 -3.2523147760e-16 3.7245783954e-14 -2.5009739111e-14 3.1516580432e-14
d  1.5996136444e-02 8.0270626168e-01 0.0000000000e+00 1.7659369339e-07 3.0000000000e+02 4.9714234131e-14 -3.6313922017e-14 1.7659063241e-14 -4.9794504752e-14 -3.2267939977e-16 3.6313922037e-14 -1.7659369395e-14 3.1462298131e-14
d  1.6027068230e-02 7.8105401786e-01 0.0000000000e+00 1.1002641585e-07 3.0000000000e+02 5.5435516039e-14 -3.5425444528e-14 1.1001434628e-14 -5.5513621422e-14 -3.1966083325e-16 3.5425444592e-14 -1.1002641723e-14 3.1410277720e-14
d  1.6064186373e-02 7.5507132528e-01 0.0000000000e+00 5.1740336730e-08 3.0000000000e+02 6.0365731072e-14 -3.4570589323e-14 5.1737805937e-15 -6.0441238202e-14 -3.1610513507e-16 3.4570589334e-14 -5.1740337002e-15 3.1359849181e-14
d  1.6108728144e-02 7.2389209419e-01 0.0000000000e+00 1.9077284474e-09 3.0000000000e+02 6.4524610159e-14 -3.3786520863e-14 1.9146490295e-16 -6.4596999375e-14 -3.1193236501e-16 3.3786520838e-14 -1.9077279505e-16 3.1313173784e-14
d  1.6162178269e-02 6.8647701688e-01 0.0000000000e+00 -3.9457825080e-08 3.0000000000e+02 6.7925195903e-14 -3.3084770438e-14 -3.9457755838e-15 -6.7993843605e-14 -3.0705890544e-16 3.3084770438e-14 3.9457825123e-15 3.1270882830e-14
d  1.6226318420e-02 6.4157892410e-01 0.0000000000e+00 -7.2788436827e-08 3.0000000000e+02 7.0626636317e-14 -3.2479450460e-14 -7.2788549674e-15 -7.0690794210e-14 -3.0139682618e-16 3.2479450460e-14 7.2788436895e-15 3.1233778018e-14
d  1.6303286601e-02 5.8770121277e-01 0.0000000000e+00 -9.8804454420e-08 3.0000000000e+02 7.2713297098e-14 -3.1983814511e-14 -9.8804503765e-15 -7.2772067219e-14 -2.9485783655e-16 3.1983814511e-14 9.8804454517e-15 3.1202628586e-14
d  1.6395648418e-02 5.2304795917e-01 0.0000000000e+00 -1.1844746526e-07 3.0000000000e+02 7.4289325772e-14 -3.1606312387e-14 -1.1844635921e-14 -7.4341630568e-14 -2.8735749483e-16 3.1606312385e-14 1.1844746541e-14 3.1177931840e-14
d  1.6506482598e-02 4.4546405485e-01 0.0000000000e+00 -1.3280684982e-07 3.0000000000e+02 7.5470726716e-14 -3.1353405732e-14 -1.3280957277e-14 -7.5515273120e-14 -2.7882083771e-16 3.1353405736e-14 1.3280684987e-14 3.1160086585e-14
d  1.6639483615e-02 3.5236336967e-01 0.0000000000e+00 -1.4295692225e-07 3.0000000000e+02 7.6360480759e-14 -3.1220141846e-14 -1.4295542339e-14 -7.6395717097e-14 -2.6918933314e-16 3.1220141844e-14 1.4295692243e-14 3.1148786195e-14
d  1.6799084835e-02 2.4064254745e-01 0.0000000000e+00 -1.5014068477e-07 3.0000000000e+02 7.7085024446e-14 -3.1209241506e-14 -1.5014079785e-14 -7.7109088700e-14 -2.5842844505e-16 3.1209241506e-14 1.5014068492e-14 3.1144201832e-14
d  1.6990606299e-02 1.0657756079e-01 0.0000000000e+00 -1.5551074830e-07 3.0000000000e+02 7.7755218815e-14 -3.1315412468e-14 -1.5551128354e-14 -7.7765876571e-14 -2.4653581800e-16 3.1315412469e-14 1.5551074845e-14 3.1145934136e-14
d  1.7142860000e-02 0.0000000000e+00 0.0000000000e+00 -1.5897782532e-07 3.0000000000e+02 7.8288448119e-14 -3.1476445432e-14 -1.5897766262e-14 -7.8288448120e-14 -2.3779021767e-16 3.1476445432e-14 1.5897782548e-14 3.1151947294e-14
