v ATLAS
# This file was created by ATLAS version 5.32.1.R on Fri Oct  9 03:06:41 2026.
#SSF 2.0 generic
##############################################################################
#                    Copyright (c) 1984 - 2021                               #
#                    Silvaco Inc. All rights reserved                        #
#                                                                            #
# This file format and the following Key are copyright Silvaco Inc.          #
# You may not use, this format or key without reproducing this message in    #
# full and obtaining express written permission from Silvaco Inc.            #
#                                                                            #
# To obtain such permission please contact: Silvaco Inc.                     #
#                                           support@silvaco.com              #
#                                                                            #
# KEY=SVC86hn7562asdx                       PROD=345                         #
##############################################################################
Q 10000 1 "V[1]" 5 1201 7 1
Q 10001 1 "V[2]" 5 1201 7 2
Q 10002 1 "V[3]" 5 1201 7 3
X 1 Vdrain
X 2 Vgate
X 3 Rtap
X 4 Adev_drain
X 5 Adev_source
X 6 Adev_gate
X 7 Adev_tap
X 8 Adev_substrate
p 13 61 10000 10001 10002 82 1301 1302 1303 1304 1305 1306 1307 1308
d  1.0000000000e-09 6.9999996500e-07 -2.0000000000e-01 5.5747426655e-08 3.0000000000e+02 -7.7633142737e-14 3.6956496800e-14 5.5683018381e-15 7.7634672779e-14 -1.2593433742e-15 -3.6929881707e-14 -5.5875272039e-15 -3.3860578884e-14
d  2.0000000000e-09 1.3999999300e-06 -2.0000000000e-01 9.7416363640e-08 3.0000000000e+02 -7.8131908944e-14 3.4832489488e-14 9.7416652625e-15 7.8131898505e-14 -7.8611702633e-16 -3.4812534006e-14 -9.7415503381e-15 -3.2828627164e-14
d  3.0000000000e-09 2.0999998950e-06 -2.0000000000e-01 1.2517617975e-07 3.0000000000e+02 -7.8465040333e-14 3.3353414843e-14 1.2517586465e-14 7.8465051350e-14 -4.6975601465e-16 -3.3333366297e-14 -1.2517711805e-14 -3.2134776330e-14
d  4.2000000000e-09 2.9399998530e-06 -2.0000000000e-01 1.4522102927e-07 3.0000000000e+02 -7.8704831696e-14 3.2324855198e-14 1.4522091360e-14 7.8704834943e-14 -2.4136560042e-16 -3.2304839896e-14 -1.4522132511e-14 -3.1636354574e-14
d  5.6400000000e-09 3.9479998026e-06 -2.0000000000e-01 1.5776737226e-07 3.0000000000e+02 -7.8855129328e-14 3.1675751067e-14 1.5776707480e-14 7.8855136517e-14 -9.8462384431e-17 -3.1655718274e-14 -1.5776800603e-14 -3.1324041548e-14
d  7.3680000000e-09 5.1575997421e-06 -2.0000000000e-01 1.6428051137e-07 3.0000000000e+02 -7.8933264453e-14 3.1339130214e-14 1.6427979192e-14 7.8933279224e-14 -2.4289270966e-17 -3.1319064128e-14 -1.6428178859e-14 -3.1161914678e-14
d  9.4416000000e-09 6.6091196695e-06 -2.0000000000e-01 1.6678509423e-07 3.0000000000e+02 -7.8963332633e-14 3.1209654137e-14 1.6678415807e-14 7.8963348548e-14 4.2327863570e-18 -3.1189582488e-14 -1.6678647917e-14 -3.1099578275e-14
d  1.1929920000e-08 8.3509435825e-06 -2.0000000000e-01 1.6720241117e-07 3.0000000000e+02 -7.8968263192e-14 3.1187879885e-14 1.6720166684e-14 7.8968273340e-14 8.9944873129e-18 -3.1167832410e-14 -1.6720332884e-14 -3.1089190055e-14
d  1.4915904000e-08 1.0441132278e-05 -2.0000000000e-01 1.6689963733e-07 3.0000000000e+02 -7.8964105070e-14 3.1203180658e-14 1.6690044426e-14 7.8964094104e-14 5.5510767362e-18 -3.1183223546e-14 -1.6689880861e-14 -3.1096680865e-14
d  1.8499084800e-08 1.2949358713e-05 -2.0000000000e-01 1.6657369968e-07 3.0000000000e+02 -7.8959386915e-14 3.1219010761e-14 1.6657733106e-14 7.8959348411e-14 1.8725499575e-18 -3.1199171612e-14 -1.6657059134e-14 -3.1104694094e-14
d  2.2798901760e-08 1.5959230434e-05 -2.0000000000e-01 1.6641060074e-07 3.0000000000e+02 -7.8954949784e-14 3.1225127047e-14 1.6642308138e-14 7.8954841618e-14 1.0671355190e-19 -3.1205587722e-14 -1.6640169791e-14 -3.1108449776e-14
d  2.7958682112e-08 1.9571076500e-05 -2.0000000000e-01 1.6635148585e-07 3.0000000000e+02 -7.8946916692e-14 3.1221358113e-14 1.6639148277e-14 7.8946630154e-14 -2.6399775224e-19 -3.1202588403e-14 -1.6632770976e-14 -3.1108953551e-14
d  3.4150418534e-08 2.3905291779e-05 -2.0000000000e-01 1.6631313471e-07 3.0000000000e+02 -7.8934734263e-14 3.1210466110e-14 1.6640117157e-14 7.8934209999e-14 -1.6869163115e-19 -3.1192722811e-14 -1.6626952403e-14 -3.1108142864e-14
d  4.1580502241e-08 2.9106350114e-05 -2.0000000000e-01 1.6627269491e-07 3.0000000000e+02 -7.8923239865e-14 3.1198407201e-14 1.6641134607e-14 7.8922552195e-14 -6.6548674039e-20 -3.1181369055e-14 -1.6621545947e-14 -3.1107227983e-14
d  5.0496602690e-08 3.5347620115e-05 -2.0000000000e-01 1.6625836981e-07 3.0000000000e+02 -7.8920679028e-14 3.1192574398e-14 1.6641518339e-14 7.8920030156e-14 -3.5152262640e-20 -3.1175365951e-14 -1.6620442596e-14 -3.1106788846e-14
d  6.1195923227e-08 4.2837144117e-05 -2.0000000000e-01 1.6625296991e-07 3.0000000000e+02 -7.8920801380e-14 3.1193046856e-14 1.6641621477e-14 7.8920237259e-14 -3.2661673789e-20 -3.1175468559e-14 -1.6620617307e-14 -3.1106797265e-14
d  7.4035107873e-08 5.1824572920e-05 -2.0000000000e-01 1.6624831596e-07 3.0000000000e+02 -7.8920956163e-14 3.1193889263e-14 1.6641789873e-14 7.8920466336e-14 -3.9894007666e-20 -3.1175985702e-14 -1.6620780450e-14 -3.1106838982e-14
d  8.9442129448e-08 6.2609487483e-05 -2.0000000000e-01 1.6624515733e-07 3.0000000000e+02 -7.8921192234e-14 3.1194217186e-14 1.6642041338e-14 7.8920768590e-14 -3.9196722089e-20 -3.1176022668e-14 -1.6621026835e-14 -3.1106842165e-14
d  1.0793055534e-07 7.5551384958e-05 -2.0000000000e-01 1.6624323496e-07 3.0000000000e+02 -7.8921495240e-14 3.1194518638e-14 1.6642352326e-14 7.8921129878e-14 -3.8877954430e-20 -3.1176066409e-14 -1.6621332597e-14 -3.1106845312e-14
d  1.3011666640e-07 9.1081661929e-05 -2.0000000000e-01 1.6624251837e-07 3.0000000000e+02 -7.8921879605e-14 3.1194786820e-14 1.6642724659e-14 7.8921564981e-14 -3.7653459892e-20 -3.1176108393e-14 -1.6621698042e-14 -3.1106849483e-14
d  1.5673999969e-07 1.0971799429e-04 -2.0000000000e-01 1.6624309520e-07 3.0000000000e+02 -7.8922355124e-14 3.1195054552e-14 1.6643171337e-14 7.8922084193e-14 -3.9391984541e-20 -3.1176179056e-14 -1.6622136543e-14 -3.1106854690e-14
d  1.8868799962e-07 1.3208159313e-04 -2.0000000000e-01 1.6624505609e-07 3.0000000000e+02 -7.8922944455e-14 3.1195314592e-14 1.6643708109e-14 7.8922710701e-14 -3.8740954539e-20 -3.1176268604e-14 -1.6622662088e-14 -3.1106860917e-14
d  2.2702559955e-07 1.5891791174e-04 -2.0000000000e-01 1.6624854052e-07 3.0000000000e+02 -7.8923665612e-14 3.1195544589e-14 1.6644354971e-14 7.8923463076e-14 -3.8578059597e-20 -3.1176351956e-14 -1.6623293909e-14 -3.1106868449e-14
d  2.7303071946e-07 1.9112149406e-04 -2.0000000000e-01 1.6625369657e-07 3.0000000000e+02 -7.8924542308e-14 3.1195799130e-14 1.6645129736e-14 7.8924365591e-14 -3.8728452437e-20 -3.1176480878e-14 -1.6624052261e-14 -3.1106877189e-14
d  3.2823686335e-07 2.2976579285e-04 -2.0000000000e-01 1.6626071384e-07 3.0000000000e+02 -7.8925602348e-14 3.1196036357e-14 1.6646055974e-14 7.8925446541e-14 -3.8575852157e-20 -3.1176610936e-14 -1.6624961081e-14 -3.1106887833e-14
d  3.9448423602e-07 2.7613895140e-04 -2.0000000000e-01 1.6626985652e-07 3.0000000000e+02 -7.8926881802e-14 3.1196303303e-14 1.6647166948e-14 7.8926742406e-14 -3.8882399649e-20 -3.1176786833e-14 -1.6626051293e-14 -3.1106900734e-14
d  4.7398108322e-07 3.3178674166e-04 -2.0000000000e-01 1.6628144299e-07 3.0000000000e+02 -7.8928425138e-14 3.1196576314e-14 1.6648499418e-14 7.8928298005e-14 -3.8285103268e-20 -3.1176982727e-14 -1.6627358960e-14 -3.1106916124e-14
d  5.6937729986e-07 3.9856408998e-04 -2.0000000000e-01 1.6629587543e-07 3.0000000000e+02 -7.8930281015e-14 3.1196895188e-14 1.6650099152e-14 7.8930162260e-14 -3.8626551723e-20 -3.1177236470e-14 -1.6628928062e-14 -3.1106934609e-14
d  6.8385275984e-07 4.7869690795e-04 -2.0000000000e-01 1.6631363632e-07 3.0000000000e+02 -7.8932512095e-14 3.1197238280e-14 1.6652017203e-14 7.8932398021e-14 -3.8788496187e-20 -3.1177524651e-14 -1.6630810262e-14 -3.1106956637e-14
d  8.2122331180e-07 5.7485628952e-04 -2.0000000000e-01 1.6633532023e-07 3.0000000000e+02 -7.8935192073e-14 3.1197633024e-14 1.6654318015e-14 7.8935079064e-14 -3.8745787370e-20 -3.1177873197e-14 -1.6633067925e-14 -3.1106983051e-14
d  9.8606797417e-07 6.9024754740e-04 -2.0000000000e-01 1.6636164887e-07 3.0000000000e+02 -7.8938408626e-14 3.1198089784e-14 1.6657079676e-14 7.8938293044e-14 -3.8608630147e-20 -3.1178291169e-14 -1.6635775743e-14 -3.1107014658e-14
d  1.1838815690e-06 8.2871705686e-04 -2.0000000000e-01 1.6639351132e-07 3.0000000000e+02 -7.8942269956e-14 3.1198618546e-14 1.6660390911e-14 7.8942148054e-14 -3.8627982257e-20 -3.1178787370e-14 -1.6639024908e-14 -3.1107052336e-14
d  1.4212578828e-06 9.9488046822e-04 -2.0000000000e-01 1.6643195808e-07 3.0000000000e+02 -7.8946901741e-14 3.1199241205e-14 1.6664362894e-14 7.8946769531e-14 -3.8605432840e-20 -3.1179382745e-14 -1.6642922311e-14 -3.1107097551e-14
d  1.7061094594e-06 1.1942765618e-03 -2.0000000000e-01 1.6647825676e-07 3.0000000000e+02 -7.8952454607e-14 3.1199970861e-14 1.6669126931e-14 7.8952307737e-14 -3.8517824750e-20 -3.1180089559e-14 -1.6647596316e-14 -3.1107151483e-14
d  2.0479313512e-06 1.4335518742e-03 -2.0000000000e-01 1.6653393966e-07 3.0000000000e+02 -7.8959109610e-14 3.1200837707e-14 1.6674840729e-14 7.8958943230e-14 -3.8622021775e-20 -3.1180937298e-14 -1.6653201529e-14 -3.1107215769e-14
d  2.4581176215e-06 1.7206822490e-03 -2.0000000000e-01 1.6660083822e-07 3.0000000000e+02 -7.8967082185e-14 3.1201859265e-14 1.6681691777e-14 7.8966890784e-14 -3.8628273599e-20 -3.1181942882e-14 -1.6659922253e-14 -3.1107292362e-14
d  2.9503411458e-06 2.0652386988e-03 -2.0000000000e-01 1.6689649659e-07 3.0000000000e+02 -7.9017291290e-14 3.1221007383e-14 1.6668117134e-14 7.9017100832e-14 -2.3215871270e-20 -3.1200937949e-14 -1.6689783869e-14 -3.1108485594e-14
d  3.5410093749e-06 2.4787064385e-03 -2.0000000000e-01 1.6699301873e-07 3.0000000000e+02 -7.9027548225e-14 3.1265502307e-14 1.6677612813e-14 7.9027313840e-14 -4.3925719447e-20 -3.1245444024e-14 -1.6699414532e-14 -3.1111361705e-14
d  4.2498112499e-06 2.9748677262e-03 -2.0000000000e-01 1.6711112818e-07 3.0000000000e+02 -7.9041819073e-14 3.1256997496e-14 1.6689244249e-14 7.9041532918e-14 -3.8671487327e-20 -3.1236948523e-14 -1.6711207483e-14 -3.1110833239e-14
d  5.1003734999e-06 3.5702612714e-03 -2.0000000000e-01 1.6725210180e-07 3.0000000000e+02 -7.9058480888e-14 3.1259460786e-14 1.6703130270e-14 7.9058133396e-14 -3.8621532069e-20 -3.1239419580e-14 -1.6725289834e-14 -3.1111013511e-14
d  6.1210481999e-06 4.2847335257e-03 -2.0000000000e-01 1.6742095152e-07 3.0000000000e+02 -7.9078395992e-14 3.1262373356e-14 1.6719767282e-14 7.9077975554e-14 -3.8661818809e-20 -3.1242338631e-14 -1.6742162281e-14 -3.1111226962e-14
d  7.3458578398e-06 5.1421002308e-03 -2.0000000000e-01 1.6762314986e-07 3.0000000000e+02 -7.9102179693e-14 3.1265798201e-14 1.6739697368e-14 7.9101672267e-14 -3.8677861606e-20 -3.1245768887e-14 -1.6762371658e-14 -3.1111478374e-14
d  8.8156294078e-06 6.1709402769e-03 -2.0000000000e-01 1.6786621676e-07 3.0000000000e+02 -7.9130745205e-14 3.1269886826e-14 1.6786524715e-14 7.9130128135e-14 -4.4156263306e-20 -3.1249886722e-14 -1.6786621895e-14 -3.1111790351e-14
d  1.0579355289e-05 7.4055483323e-03 -2.0000000000e-01 1.6815651069e-07 3.0000000000e+02 -7.9165159900e-14 3.1252156450e-14 1.6815555557e-14 7.9164419365e-14 -3.6865716434e-20 -3.1232156364e-14 -1.6815651252e-14 -3.1110696885e-14
d  1.2695826347e-05 8.8870779987e-03 -2.0000000000e-01 1.6850303032e-07 3.0000000000e+02 -7.9205314646e-14 3.1262730394e-14 1.6850210487e-14 7.9204425954e-14 -3.8773546881e-20 -3.1242730325e-14 -1.6850303183e-14 -3.1111429681e-14
d  1.5235591617e-05 1.0664913598e-02 -2.0000000000e-01 1.6891772440e-07 3.0000000000e+02 -7.9253234510e-14 3.1268561868e-14 1.6891660883e-14 7.9252168035e-14 -3.8816713885e-20 -3.1248561798e-14 -1.6891772592e-14 -3.1111868279e-14
d  1.8283309940e-05 1.2798316318e-02 -2.0000000000e-01 1.6941359148e-07 3.0000000000e+02 -7.9310130851e-14 3.1275177610e-14 1.6941097150e-14 7.9308851051e-14 -3.8841799095e-20 -3.1255177473e-14 -1.6941359428e-14 -3.1112369653e-14
d  2.1940571928e-05 1.5358399582e-02 -2.0000000000e-01 1.7000631579e-07 3.0000000000e+02 -7.9377568710e-14 3.1282669313e-14 1.6999921179e-14 7.9376032941e-14 -3.8865570668e-20 -3.1262669005e-14 -1.7000632193e-14 -3.1112941972e-14
d  2.6329286314e-05 1.8430499498e-02 -2.0000000000e-01 1.7071465957e-07 3.0000000000e+02 -7.9457356277e-14 3.1291100834e-14 1.7068067314e-14 7.9455513512e-14 -3.8770538533e-20 -3.1271099604e-14 -1.7071468352e-14 -3.1113591753e-14
d  3.1595743576e-05 2.2117019398e-02 -2.0000000000e-01 1.7156112851e-07 3.0000000000e+02 -7.9551534637e-14 3.1302154340e-14 1.7156114970e-14 7.9549322935e-14 -3.9334988337e-20 -3.1282154341e-14 -1.7156112867e-14 -3.1114430622e-14
d  3.7915492292e-05 2.6540843277e-02 -2.0000000000e-01 1.7257268053e-07 3.0000000000e+02 -7.9662681577e-14 3.1306930916e-14 1.7257266027e-14 7.9660027492e-14 -3.9042080108e-20 -3.1286930916e-14 -1.7257268071e-14 -3.1114894665e-14
d  4.5499190750e-05 3.1849431933e-02 -2.0000000000e-01 1.7378195783e-07 3.0000000000e+02 -7.9793224722e-14 3.1316137778e-14 1.7378211320e-14 7.9790039779e-14 -3.9229377542e-20 -3.1296137781e-14 -1.7378195794e-14 -3.1115670281e-14
d  5.4599628900e-05 3.8219738319e-02 -2.0000000000e-01 1.7522935740e-07 3.0000000000e+02 -7.9946486561e-14 3.1323321432e-14 1.7523055160e-14 7.9942664582e-14 -3.9367297788e-20 -3.1303321453e-14 -1.7522935717e-14 -3.1116352390e-14
d  6.5520154680e-05 4.5864105983e-02 -2.0000000000e-01 1.7696429905e-07 3.0000000000e+02 -8.0126003441e-14 3.1327916104e-14 1.7696880241e-14 8.0121417015e-14 -3.9516366777e-20 -3.1307916169e-14 -1.7696429796e-14 -3.1116911896e-14
d  7.8624785616e-05 5.5037347179e-02 -2.0000000000e-01 1.7906312553e-07 3.0000000000e+02 -8.0338533218e-14 3.1328944508e-14 1.7906313897e-14 8.0333029483e-14 -3.9720186770e-20 -3.1308944508e-14 -1.7906312571e-14 -3.1117294841e-14
d  9.4350342739e-05 6.6045236615e-02 -2.0000000000e-01 1.8159713742e-07 3.0000000000e+02 -8.0587279719e-14 3.1323696641e-14 1.8159690969e-14 8.0580675196e-14 -3.9941824589e-20 -3.1303696638e-14 -1.8159713765e-14 -3.1117340224e-14
d  1.1322101129e-04 7.9254703938e-02 -2.0000000000e-01 1.8469378947e-07 3.0000000000e+02 -8.0882245589e-14 3.1308122599e-14 1.8468821602e-14 8.0874320129e-14 -4.0239625030e-20 -3.1288122552e-14 -1.8469379056e-14 -3.1116806136e-14
d  1.3586581354e-04 9.5106064726e-02 -2.0000000000e-01 1.8851261817e-07 3.0000000000e+02 -8.1233766166e-14 3.1278073353e-14 1.8851080967e-14 8.1224255563e-14 -4.0606190050e-20 -3.1258073340e-14 -1.8851261860e-14 -3.1115450428e-14
d  1.6303957625e-04 1.1412769767e-01 -2.0000000000e-01 1.9293589851e-07 3.0000000000e+02 -8.1593076011e-14 3.1197060406e-14 1.9292322356e-14 8.1581663258e-14 -4.0501519414e-20 -3.1177060332e-14 -1.9293590014e-14 -3.1111019161e-14
d  1.9564809150e-04 1.3695365721e-01 -2.0000000000e-01 1.9897203802e-07 3.0000000000e+02 -8.2106731479e-14 3.1110586326e-14 1.9897295787e-14 8.2093036112e-14 -4.1643116633e-20 -3.1090586331e-14 -1.9897203813e-14 -3.1106410290e-14
d  2.3477830980e-04 1.6434480865e-01 -2.0000000000e-01 2.0702984424e-07 3.0000000000e+02 -8.2787652337e-14 3.0987982428e-14 2.0703835190e-14 8.2771217848e-14 -4.2358114153e-20 -3.0967982463e-14 -2.0702984377e-14 -3.1099755078e-14
d  2.8173457177e-04 1.9721419038e-01 -2.0000000000e-01 2.1731494376e-07 3.0000000000e+02 -8.3580093806e-14 3.0761132533e-14 2.1731400408e-14 8.3560372388e-14 -4.2726428959e-20 -3.0741132529e-14 -2.1731494404e-14 -3.1086939720e-14
d  3.3808208612e-04 2.3665744845e-01 -2.0000000000e-01 2.3163019223e-07 3.0000000000e+02 -8.4670918586e-14 3.0435795317e-14 2.3162746240e-14 8.4647252843e-14 -4.3916848544e-20 -3.0415795309e-14 -2.3163019261e-14 -3.1068527234e-14
d  4.0569910334e-04 2.8398935814e-01 -2.0000000000e-01 2.5162580525e-07 3.0000000000e+02 -8.6144676262e-14 2.9933629382e-14 2.5162309321e-14 8.6116277327e-14 -4.4876517570e-20 -2.9913629376e-14 -2.5162580563e-14 -3.1040008369e-14
d  4.8683952401e-04 3.4078764977e-01 -2.0000000000e-01 2.7977386488e-07 3.0000000000e+02 -8.8158714698e-14 2.9170177339e-14 2.7976588341e-14 8.8124635937e-14 -4.5775335590e-20 -2.9150177323e-14 -2.7977386547e-14 -3.0996766582e-14
d  5.8420802881e-04 4.0894559972e-01 -2.0000000000e-01 3.1887114923e-07 3.0000000000e+02 -9.0917268032e-14 2.8073720036e-14 3.1885814533e-14 9.0876373478e-14 -4.6209555486e-20 -2.8053720014e-14 -3.1887114999e-14 -3.0935276203e-14
d  6.4262913169e-04 4.4984036969e-01 -2.0000000000e-01 3.4420523869e-07 3.0000000000e+02 -9.2706609497e-14 2.7364569095e-14 3.4418920106e-14 9.2661625470e-14 -4.5874531692e-20 -2.7344569054e-14 -3.4420523982e-14 -3.0896296132e-14
d  6.7768179342e-04 4.7437723168e-01 -2.0000000000e-01 3.6001712412e-07 3.0000000000e+02 -9.3857583600e-14 2.6953741608e-14 3.6000507683e-14 9.3810145889e-14 -4.5753934859e-20 -2.6933741558e-14 -3.6001712545e-14 -3.0874029872e-14
d  6.9871339046e-04 4.8909934887e-01 -2.0000000000e-01 3.7001322451e-07 3.0000000000e+02 -9.4632984801e-14 2.6739983908e-14 3.7002487564e-14 9.4584074848e-14 -4.6242224211e-20 -2.6719983988e-14 -3.7001322334e-14 -3.0862648080e-14
d  7.1133234868e-04 4.9793261918e-01 -2.0000000000e-01 3.7660590054e-07 3.0000000000e+02 -9.5200622684e-14 2.6649819869e-14 3.7660614355e-14 9.5150829421e-14 -4.7452857006e-20 -2.6629819872e-14 -3.7660590086e-14 -3.0858084294e-14
d  7.2647509855e-04 5.0853254356e-01 -2.0000000000e-01 3.8357146558e-07 3.0000000000e+02 -9.5712993419e-14 2.6476984567e-14 3.8357493998e-14 9.5662140156e-14 -4.4763828761e-20 -2.6456984604e-14 -3.8357146525e-14 -3.0848769795e-14
d  7.4464639839e-04 5.2125245281e-01 -2.0000000000e-01 3.9114869653e-07 3.0000000000e+02 -9.6200385420e-14 2.6218458981e-14 3.9113008223e-14 9.6148260213e-14 -4.3630990252e-20 -2.6198458815e-14 -3.9114870012e-14 -3.0834605843e-14
d  7.6645195820e-04 5.3651634391e-01 -2.0000000000e-01 4.0183966988e-07 3.0000000000e+02 -9.7079013395e-14 2.6037321329e-14 4.0184087203e-14 9.7025361758e-14 -4.6735128432e-20 -2.6017321338e-14 -4.0183967011e-14 -3.0825298683e-14
d  7.9261862997e-04 5.5483301324e-01 -2.0000000000e-01 4.1226820465e-07 3.0000000000e+02 -9.7742057352e-14 2.5673899624e-14 4.1226039939e-14 9.7686574062e-14 -4.2050091901e-20 -2.5653899575e-14 -4.1226820600e-14 -3.0805546716e-14
d  8.2401863609e-04 5.7681301642e-01 -2.0000000000e-01 4.2605711979e-07 3.0000000000e+02 -9.8812397269e-14 2.5378320151e-14 4.2604731434e-14 9.8754715980e-14 -4.4367982650e-20 -2.5358320100e-14 -4.2605712121e-14 -3.0790235964e-14
d  8.6169864344e-04 6.0318902025e-01 -2.0000000000e-01 4.4190320629e-07 3.0000000000e+02 -1.0004569504e-13 2.5041565029e-14 4.4188930192e-14 9.9985376151e-14 -4.2902643239e-20 -2.5021564968e-14 -4.4190320790e-14 -3.0772992842e-14
d  9.0691465226e-04 6.3484022484e-01 -2.0000000000e-01 4.6074692355e-07 3.0000000000e+02 -1.0159772196e-13 2.4721356704e-14 4.6071968417e-14 1.0153423796e-13 -4.2811835716e-20 -2.4701356604e-14 -4.6074692593e-14 -3.0757320544e-14
d  9.3404425755e-04 6.5383094759e-01 -2.0000000000e-01 4.7284923344e-07 3.0000000000e+02 -1.0270945591e-13 2.4624557802e-14 4.7285441718e-14 1.0264407281e-13 -4.3921526313e-20 -2.4604557830e-14 -4.7284923338e-14 -3.0753542880e-14
d  9.6659978390e-04 6.7661981490e-01 -2.0000000000e-01 4.8554169903e-07 3.0000000000e+02 -1.0377214816e-13 2.4427063910e-14 4.8552148117e-14 1.0370448621e-13 -4.1503503327e-20 -2.4407063808e-14 -4.8554170148e-14 -3.0744237229e-14
d  9.8613309971e-04 6.9029313528e-01 -2.0000000000e-01 4.9394810834e-07 3.0000000000e+02 -1.0456830016e-13 2.4380549731e-14 4.9394572153e-14 1.0449927086e-13 -4.3700282156e-20 -2.4360549713e-14 -4.9394810918e-14 -3.0742872528e-14
d  1.0095730787e-03 7.0670111974e-01 -2.0000000000e-01 5.0340770752e-07 3.0000000000e+02 -1.0543061419e-13 2.4298602677e-14 5.0340211840e-14 1.0535994409e-13 -4.2432843567e-20 -2.4278602638e-14 -5.0340770877e-14 -3.0739695255e-14
d  1.0377010534e-03 7.2639070109e-01 -2.0000000000e-01 5.1390774275e-07 3.0000000000e+02 -1.0635185261e-13 2.4175614302e-14 5.1388551741e-14 1.0627921357e-13 -4.1669046625e-20 -2.4155614172e-14 -5.1390774575e-14 -3.0734448011e-14
d  1.0545778383e-03 7.3820444990e-01 -2.0000000000e-01 5.2203310445e-07 3.0000000000e+02 -1.0722404546e-13 2.4227100097e-14 5.2202384179e-14 1.0715022503e-13 -4.5813320340e-20 -2.4207100017e-14 -5.2203310650e-14 -3.0738594203e-14
d  1.0748299801e-03 7.5238094848e-01 -2.0000000000e-01 5.2942444221e-07 3.0000000000e+02 -1.0787089072e-13 2.4138683359e-14 5.2941187701e-14 1.0779565265e-13 -4.0753702955e-20 -2.4118683257e-14 -5.2942444468e-14 -3.0734803970e-14
d  1.0991325503e-03 7.6939274677e-01 -2.0000000000e-01 5.3911069664e-07 3.0000000000e+02 -1.0880529723e-13 2.4102489534e-14 5.3912782964e-14 1.0872835792e-13 -4.3603867802e-20 -2.4082489650e-14 -5.3911069497e-14 -3.0734332977e-14
d  1.1282956346e-03 7.8980690471e-01 -2.0000000000e-01 5.4989953011e-07 3.0000000000e+02 -1.0980875232e-13 2.4027971107e-14 5.4986967794e-14 1.0972977167e-13 -4.2168220550e-20 -2.4007970938e-14 -5.4989953389e-14 -3.0731942456e-14
d  1.1632913357e-03 8.1430389424e-01 -2.0000000000e-01 5.6591245261e-07 3.0000000000e+02 -1.1152522339e-13 2.4131423903e-14 5.6591624156e-14 1.1144379300e-13 -4.6400525437e-20 -2.4111423921e-14 -5.6591245283e-14 -3.0740236476e-14
d  1.2052861770e-03 8.4370028169e-01 -2.0000000000e-01 5.8241252746e-07 3.0000000000e+02 -1.1312495125e-13 2.4080106102e-14 5.8243781437e-14 1.1304058119e-13 -4.3305313956e-20 -2.4060106203e-14 -5.8241252611e-14 -3.0739955306e-14
d  1.2304830817e-03 8.6133811415e-01 -2.0000000000e-01 5.9191812019e-07 3.0000000000e+02 -1.1403599032e-13 2.4038400189e-14 5.9187925270e-14 1.1394985656e-13 -4.3653043609e-20 -2.4018399962e-14 -5.9191812512e-14 -3.0739136768e-14
d  1.2607193675e-03 8.8250351311e-01 -2.0000000000e-01 6.0715707296e-07 3.0000000000e+02 -1.1574639098e-13 2.4210401868e-14 6.0718616448e-14 1.1565814059e-13 -4.9257918230e-20 -2.4190402027e-14 -6.0715707052e-14 -3.0750961201e-14
d  1.2970029104e-03 9.0790199186e-01 -2.0000000000e-01 6.2137578383e-07 3.0000000000e+02 -1.1710118973e-13 2.4142797730e-14 6.2132320423e-14 1.1701039959e-13 -4.3793607444e-20 -2.4122797489e-14 -6.2137578907e-14 -3.0749274728e-14
d  1.3405431618e-03 9.3838016636e-01 -2.0000000000e-01 6.4221170985e-07 3.0000000000e+02 -1.1932765839e-13 2.4274089099e-14 6.4225182051e-14 1.1923382033e-13 -4.9291952434e-20 -2.4254089253e-14 -6.4221170753e-14 -3.0759463043e-14
d  1.3666673127e-03 9.5666707106e-01 -2.0000000000e-01 6.5635185813e-07 3.0000000000e+02 -1.2088637676e-13 2.4406078200e-14 6.5637217157e-14 1.2079071003e-13 -5.0750328876e-20 -2.4386078315e-14 -6.5635185659e-14 -3.0768570373e-14
d  1.3980162938e-03 9.7861135670e-01 -2.0000000000e-01 6.7229449084e-07 3.0000000000e+02 -1.2254096819e-13 2.4460283556e-14 6.7232328593e-14 1.2244310701e-13 -4.9737999867e-20 -2.4440283708e-14 -6.7229448859e-14 -3.0773478664e-14
d  1.4168256824e-03 9.9177792808e-01 -2.0000000000e-01 6.7909625146e-07 3.0000000000e+02 -1.2308438359e-13 2.4327964062e-14 6.7904949351e-14 1.2298520588e-13 -4.5263706362e-20 -2.4307963698e-14 -6.7909625909e-14 -3.0766947834e-14
d  1.4393969487e-03 1.0075778137e+00 -2.0000000000e-01 6.9203773419e-07 3.0000000000e+02 -1.2453040951e-13 2.4468390964e-14 6.9206072486e-14 1.2442965169e-13 -5.4921171844e-20 -2.4448391132e-14 -6.9203773168e-14 -3.0776292183e-14
d  1.4664824684e-03 1.0265376765e+00 -2.0000000000e-01 7.0661309831e-07 3.0000000000e+02 -1.2606356105e-13 2.4539137805e-14 7.0657276198e-14 1.2596090734e-13 -5.1397402064e-20 -2.4519137558e-14 -7.0661310373e-14 -3.0781841367e-14
d  1.4827337801e-03 1.0379135942e+00 -2.0000000000e-01 7.1561974323e-07 3.0000000000e+02 -1.2700972553e-13 2.4577795464e-14 7.1558362806e-14 1.2690593425e-13 -5.2843476656e-20 -2.4557795139e-14 -7.1561975014e-14 -3.0784940623e-14
d  1.5022353543e-03 1.0515646954e+00 -2.0000000000e-01 7.2540959076e-07 3.0000000000e+02 -1.2797049904e-13 2.4558807498e-14 7.2533673510e-14 1.2786534271e-13 -5.1014376639e-20 -2.4538806884e-14 -7.2540960320e-14 -3.0784910743e-14
d  1.5256372432e-03 1.0679460169e+00 -2.0000000000e-01 7.4015952450e-07 3.0000000000e+02 -1.2959483897e-13 2.4698296239e-14 7.4021345769e-14 1.2948804428e-13 -5.7212857670e-20 -2.4678296619e-14 -7.4015951798e-14 -3.0794147754e-14
d  1.5396783766e-03 1.0777748097e+00 -2.0000000000e-01 7.4858831850e-07 3.0000000000e+02 -1.3047767686e-13 2.4733716827e-14 7.4855011079e-14 1.3036989947e-13 -5.4582166837e-20 -2.4713716431e-14 -7.4858832680e-14 -3.0796901982e-14
d  1.5565277367e-03 1.0895693612e+00 -2.0000000000e-01 7.5889696604e-07 3.0000000000e+02 -1.3155454801e-13 2.4774987776e-14 7.5885215768e-14 1.3144559117e-13 -5.5967878296e-20 -2.4754987340e-14 -7.5889697512e-14 -3.0800140515e-14
d  1.5767469687e-03 1.1037228229e+00 -2.0000000000e-01 7.6995129162e-07 3.0000000000e+02 -1.3262492960e-13 2.4739841969e-14 7.6986354289e-14 1.3251455748e-13 -5.3651152037e-20 -2.4719841255e-14 -7.6995130602e-14 -3.0799183695e-14
d  1.5888785080e-03 1.1122149000e+00 -2.0000000000e-01 7.7919268355e-07 3.0000000000e+02 -1.3368815311e-13 2.4870223087e-14 7.7912861620e-14 1.3357693179e-13 -6.1898056958e-20 -2.4850222320e-14 -7.7919269895e-14 -3.0807249716e-14
d  1.6034363550e-03 1.1224053924e+00 -2.0000000000e-01 7.8870978650e-07 3.0000000000e+02 -1.3467869055e-13 2.4906718652e-14 7.8866848263e-14 1.3456645012e-13 -5.6633118818e-20 -2.4886718188e-14 -7.8870979613e-14 -3.0810057004e-14
d  1.6209057715e-03 1.1346339834e+00 -2.0000000000e-01 8.0036172183e-07 3.0000000000e+02 -1.3588866549e-13 2.4944724649e-14 8.0032242086e-14 1.3577520217e-13 -5.8851291864e-20 -2.4924724280e-14 -8.0036172968e-14 -3.0813103413e-14
d  1.6418690713e-03 1.1493082925e+00 -2.0000000000e-01 8.1265204569e-07 3.0000000000e+02 -1.3706090196e-13 2.4888288864e-14 8.1256494382e-14 1.3694597129e-13 -5.6023212115e-20 -2.4868288178e-14 -8.1265205958e-14 -3.0810937007e-14
d  1.6544470512e-03 1.1581128780e+00 -2.0000000000e-01 8.2333688718e-07 3.0000000000e+02 -1.3829623705e-13 2.5044084680e-14 8.2329129654e-14 1.3818042588e-13 -6.6140415561e-20 -2.5024084152e-14 -8.2333689806e-14 -3.0820430767e-14
d  1.6695406271e-03 1.1686783805e+00 -2.0000000000e-01 8.3415080973e-07 3.0000000000e+02 -1.3941620513e-13 2.5080762622e-14 8.3409936983e-14 1.3929933742e-13 -5.9506860876e-20 -2.5060762063e-14 -8.3415082119e-14 -3.0823237240e-14
d  1.6876529181e-03 1.1813569836e+00 -2.0000000000e-01 8.4742681795e-07 3.0000000000e+02 -1.4078919863e-13 2.5121229861e-14 8.4736606664e-14 1.4067106305e-13 -6.2284569058e-20 -2.5101229309e-14 -8.4742682932e-14 -3.0826414725e-14
d  1.7093876673e-03 1.1965713073e+00 -2.0000000000e-01 8.6126930757e-07 3.0000000000e+02 -1.4209630289e-13 2.5045432325e-14 8.6112619222e-14 1.4197664601e-13 -5.8841686400e-20 -2.5025431236e-14 -8.6126932918e-14 -3.0823152669e-14
d  1.7224285169e-03 1.2056999015e+00 -2.0000000000e-01 8.7357070204e-07 3.0000000000e+02 -1.4351874307e-13 2.5227463738e-14 8.7351389112e-14 1.4339817322e-13 -7.0782832494e-20 -2.5207463103e-14 -8.7357071500e-14 -3.0834111413e-14
d  1.7380775363e-03 1.2166542146e+00 -2.0000000000e-01 8.8592147231e-07 3.0000000000e+02 -1.4479174539e-13 2.5259908299e-14 8.8585789874e-14 1.4467008012e-13 -6.2925579736e-20 -2.5239907633e-14 -8.8592148589e-14 -3.0836665521e-14
d  1.7568563597e-03 1.2297993903e+00 -2.0000000000e-01 9.0111796381e-07 3.0000000000e+02 -1.4635671629e-13 2.5301180325e-14 9.0102836828e-14 1.4623373653e-13 -6.6175271630e-20 -2.5281179539e-14 -9.0111797970e-14 -3.0839877789e-14
d  1.7793909477e-03 1.2455736011e+00 -2.0000000000e-01 9.1689398741e-07 3.0000000000e+02 -1.4783863118e-13 2.5208709239e-14 9.1676101928e-14 1.4771407405e-13 -6.2360288793e-20 -2.5188708261e-14 -9.1689400697e-14 -3.0835677560e-14
d  1.7929117005e-03 1.2550381276e+00 -2.0000000000e-01 9.3100336406e-07 3.0000000000e+02 -1.4946399929e-13 2.5406900789e-14 9.3093227301e-14 1.4933849565e-13 -7.5572616201e-20 -2.5386900021e-14 -9.3100337962e-14 -3.0847520259e-14
d  1.8091366038e-03 1.2663955594e+00 -2.0000000000e-01 9.4203159930e-07 3.0000000000e+02 -1.5043349884e-13 2.5282345533e-14 9.4227473688e-14 1.5030685873e-13 -6.0432114325e-20 -2.5262347996e-14 -9.4203155332e-14 -3.0841186657e-14
d  1.8188715459e-03 1.2732100184e+00 -2.0000000000e-01 9.5713935852e-07 3.0000000000e+02 -1.5237442605e-13 2.5683594067e-14 9.5708852414e-14 1.5224710522e-13 -9.1857503845e-20 -2.5663593309e-14 -9.5713937390e-14 -3.0864329923e-14
d  1.8247125111e-03 1.2772986939e+00 -2.0000000000e-01 9.6594886373e-07 3.0000000000e+02 -1.5345735860e-13 2.5882140970e-14 9.6597112027e-14 1.5332962862e-13 -8.5632667842e-20 -2.5862141519e-14 -9.6594885426e-14 -3.0875771531e-14
d  1.8317216693e-03 1.2822051044e+00 -2.0000000000e-01 9.7299818471e-07 3.0000000000e+02 -1.5415086526e-13 2.5866868784e-14 9.7297492552e-14 1.5402264486e-13 -6.7640929652e-20 -2.5846868246e-14 -9.7299819591e-14 -3.0875168722e-14
d  1.8401326592e-03 1.2880927971e+00 -2.0000000000e-01 9.8159924531e-07 3.0000000000e+02 -1.5500207268e-13 2.5861534115e-14 9.8160023113e-14 1.5487326340e-13 -7.5242825605e-20 -2.5841534134e-14 -9.8159924593e-14 -3.0875237258e-14
d  1.8502258471e-03 1.2951580282e+00 -2.0000000000e-01 9.9173181368e-07 3.0000000000e+02 -1.5599108710e-13 2.5833392368e-14 9.9176105954e-14 1.5586157119e-13 -7.4525819777e-20 -2.5813392840e-14 -9.9173180569e-14 -3.0874074228e-14
d  1.8562817598e-03 1.2993971669e+00 -2.0000000000e-01 9.9796665362e-07 3.0000000000e+02 -1.5661001747e-13 2.5828501116e-14 9.9797927457e-14 1.5648007768e-13 -7.5574304271e-20 -2.5808501417e-14 -9.9796664890e-14 -3.0874055372e-14
d  1.8635488551e-03 1.3044841334e+00 -2.0000000000e-01 1.0055467777e-06 3.0000000000e+02 -1.5736773634e-13 2.5829407398e-14 1.0055477206e-13 1.5723728792e-13 -7.6179034369e-20 -2.5809407419e-14 -1.0055467783e-13 -3.0874412920e-14
d  1.8722693695e-03 1.3105884931e+00 -2.0000000000e-01 1.0144344790e-06 3.0000000000e+02 -1.5824166625e-13 2.5812987894e-14 1.0144342109e-13 1.5811060740e-13 -7.5450529379e-20 -2.5792987889e-14 -1.0144344801e-13 -3.0873852388e-14
d  1.8827339867e-03 1.3179137248e+00 -2.0000000000e-01 1.0216432520e-06 3.0000000000e+02 -1.5874691258e-13 2.5609354136e-14 1.0215943146e-13 1.5861512138e-13 -6.3725346661e-20 -2.5589353373e-14 -1.0216432676e-13 -3.0862806918e-14
d  1.8952915273e-03 1.3267040028e+00 -2.0000000000e-01 1.0300476013e-06 3.0000000000e+02 -1.5937715097e-13 2.5408040495e-14 1.0299448748e-13 1.5924448086e-13 -6.6918220112e-20 -2.5388039156e-14 -1.0300476278e-13 -3.0852024901e-14
d  1.9103605761e-03 1.3372523364e+00 -2.0000000000e-01 1.0446722507e-06 3.0000000000e+02 -1.6090566481e-13 2.5468707895e-14 1.0445764656e-13 1.6077193981e-13 -7.8477280610e-20 -2.5448706850e-14 -1.0446722717e-13 -3.0856112174e-14
d  1.9284434346e-03 1.3499103367e+00 -2.0000000000e-01 1.0626299451e-06 3.0000000000e+02 -1.6278044709e-13 2.5539781998e-14 1.0625163315e-13 1.6264545629e-13 -7.6212457445e-20 -2.5519780960e-14 -1.0626299660e-13 -3.0860875070e-14
d  1.9501428648e-03 1.3650999371e+00 -2.0000000000e-01 1.0810747304e-06 3.0000000000e+02 -1.6453163522e-13 2.5449089333e-14 1.0808373805e-13 1.6439512565e-13 -7.1175301556e-20 -2.5429087516e-14 -1.0810747662e-13 -3.0856689436e-14
d  1.9761821811e-03 1.3833274576e+00 -2.0000000000e-01 1.1073714178e-06 3.0000000000e+02 -1.6727784666e-13 2.5557521961e-14 1.1070835533e-13 1.6713951436e-13 -7.9852205385e-20 -2.5537520114e-14 -1.1073714542e-13 -3.0863887041e-14
d  1.9918057708e-03 1.3942639699e+00 -2.0000000000e-01 1.1288309239e-06 3.0000000000e+02 -1.6974537432e-13 2.5857867106e-14 1.1286867226e-13 1.6960594823e-13 -9.0989208808e-20 -2.5837865749e-14 -1.1288309509e-13 -3.0881383999e-14
d  2.0105540785e-03 1.4073877846e+00 -2.0000000000e-01 1.1505749565e-06 3.0000000000e+02 -1.7196671963e-13 2.5903850752e-14 1.1504279174e-13 1.7182598115e-13 -8.0850540267e-20 -2.5883849453e-14 -1.1505749824e-13 -3.0884686203e-14
d  2.0330520478e-03 1.4231363623e+00 -2.0000000000e-01 1.1726731179e-06 3.0000000000e+02 -1.7400626320e-13 2.5738013392e-14 1.1723867258e-13 1.7386395006e-13 -7.7480050935e-20 -2.5718011271e-14 -1.1726731595e-13 -3.0876285522e-14
d  2.0465508294e-03 1.4325855089e+00 -2.0000000000e-01 1.1934680562e-06 3.0000000000e+02 -1.7639600028e-13 2.6028842867e-14 1.1933312741e-13 1.7625274206e-13 -9.9116545074e-20 -2.6008841381e-14 -1.1934680857e-13 -3.0893128146e-14
d  2.0627493672e-03 1.4439244849e+00 -2.0000000000e-01 1.2140259493e-06 3.0000000000e+02 -1.7848008703e-13 2.6056708109e-14 1.2138748195e-13 1.7833569493e-13 -8.5089178939e-20 -2.6036706568e-14 -1.2140259799e-13 -3.0895280639e-14
d  2.0724684899e-03 1.4507278704e+00 -2.0000000000e-01 1.2324817280e-06 3.0000000000e+02 -1.8065730388e-13 2.6367760700e-14 1.2323976406e-13 1.8051223137e-13 -1.0986275439e-19 -2.6347759440e-14 -1.2324817532e-13 -3.0913069809e-14
d  2.0841314372e-03 1.4588919331e+00 -2.0000000000e-01 1.2487475160e-06 3.0000000000e+02 -1.8225781688e-13 2.6347222208e-14 1.2486698658e-13 1.8211192793e-13 -8.7110411355e-20 -2.6327221116e-14 -1.2487475380e-13 -3.0912302983e-14
d  2.0981269739e-03 1.4686888083e+00 -2.0000000000e-01 1.2625246670e-06 3.0000000000e+02 -1.8330672970e-13 2.6032010002e-14 1.2623806541e-13 1.8315986120e-13 -7.8497867358e-20 -2.6012008307e-14 -1.2625247006e-13 -3.0895208088e-14
d  2.1149216180e-03 1.4804450586e+00 -2.0000000000e-01 1.2853362507e-06 3.0000000000e+02 -1.8562731353e-13 2.6065273351e-14 1.2851585581e-13 1.8547926943e-13 -9.7643674935e-20 -2.6045271600e-14 -1.2853362853e-13 -3.0897735201e-14
d  2.1249984044e-03 1.4874988087e+00 -2.0000000000e-01 1.3057123343e-06 3.0000000000e+02 -1.8803395456e-13 2.6412493313e-14 1.3056286101e-13 1.8788520494e-13 -1.1561531797e-19 -2.6392492101e-14 -1.3057123586e-13 -3.0917497955e-14
d  2.1370905481e-03 1.4959633089e+00 -2.0000000000e-01 1.3237846320e-06 3.0000000000e+02 -1.8982486709e-13 2.6401165251e-14 1.3236917792e-13 1.8967527104e-13 -9.1677722982e-20 -2.6381163990e-14 -1.3237846574e-13 -3.0917250573e-14
d  2.1428570000e-03 1.4999998250e+00 -2.0000000000e-01 1.3385861687e-06 3.0000000000e+02 -1.9164466681e-13 2.6720920325e-14 1.3385880327e-13 1.9149466682e-13 -1.3225522215e-19 -2.6700920370e-14 -1.3385861692e-13 -3.0935337661e-14
d  2.1497767422e-03 1.5048436443e+00 -2.0000000000e-01 1.3499176293e-06 3.0000000000e+02 -1.9274246415e-13 2.6686399021e-14 1.3499284066e-13 1.9259197973e-13 -9.1598083479e-20 -2.6666399274e-14 -1.3499176258e-13 -3.0933569748e-14
d  2.1580804329e-03 1.5106562275e+00 -2.0000000000e-01 1.3635260658e-06 3.0000000000e+02 -1.9406062105e-13 2.6646566541e-14 1.3635275570e-13 1.9390955542e-13 -1.0356567393e-19 -2.6626566571e-14 -1.3635260667e-13 -3.0931657950e-14
d  2.1680448618e-03 1.5176313274e+00 -2.0000000000e-01 1.3736672326e-06 3.0000000000e+02 -1.9469981142e-13 2.6288871159e-14 1.3736035870e-13 1.9454804852e-13 -8.1059168940e-20 -2.6268870114e-14 -1.3736672539e-13 -3.0912059332e-14
d  2.1800021764e-03 1.5260014472e+00 -2.0000000000e-01 1.3921870802e-06 3.0000000000e+02 -1.9655438881e-13 2.6289426151e-14 1.3920900941e-13 1.9640178896e-13 -1.0809540929e-19 -2.6269424818e-14 -1.3921871070e-13 -3.0912572018e-14
d  2.1943509539e-03 1.5360455909e+00 -2.0000000000e-01 1.4146812592e-06 3.0000000000e+02 -1.9882153559e-13 2.6305816495e-14 1.4145861208e-13 1.9866793128e-13 -1.0306663155e-19 -2.6285815400e-14 -1.4146812814e-13 -3.0913984961e-14
d  2.2115694870e-03 1.5480985635e+00 -2.0000000000e-01 1.4349995331e-06 3.0000000000e+02 -2.0055607633e-13 2.6020803928e-14 1.4347647207e-13 2.0040126701e-13 -8.8881388694e-20 -2.6000801664e-14 -1.4349995777e-13 -3.0898744007e-14
d  2.2219006068e-03 1.5553303470e+00 -2.0000000000e-01 1.4586843297e-06 3.0000000000e+02 -2.0338756380e-13 2.6455402156e-14 1.4585822661e-13 2.0323203109e-13 -1.3099811443e-19 -2.6435400711e-14 -1.4586843587e-13 -3.0923322292e-14
d  2.2342979506e-03 1.5640084872e+00 -2.0000000000e-01 1.4797695524e-06 3.0000000000e+02 -2.0551593389e-13 2.6478830284e-14 1.4796474791e-13 2.0535953341e-13 -1.0100056859e-19 -2.6458828663e-14 -1.4797695848e-13 -3.0924989396e-14
d  2.2491747631e-03 1.5744222554e+00 -2.0000000000e-01 1.5055389796e-06 3.0000000000e+02 -2.0810840895e-13 2.6491033463e-14 1.5054235544e-13 2.0795096703e-13 -1.1054032249e-19 -2.6471032179e-14 -1.5055390056e-13 -3.0926190221e-14
d  2.2581008506e-03 1.5806705164e+00 -2.0000000000e-01 1.5219326756e-06 3.0000000000e+02 -2.0979126477e-13 2.6528536354e-14 1.5218539391e-13 2.0963319801e-13 -1.1415121181e-19 -2.6508535067e-14 -1.5219327016e-13 -3.0928576061e-14
d  2.2688121557e-03 1.5881684296e+00 -2.0000000000e-01 1.5413168596e-06 3.0000000000e+02 -2.1174368076e-13 2.6542705423e-14 1.5412424690e-13 2.1158486417e-13 -1.1285718284e-19 -2.6522704282e-14 -1.5413168829e-13 -3.0929718434e-14
d  2.2816657217e-03 1.5971659253e+00 -2.0000000000e-01 1.5648693224e-06 3.0000000000e+02 -2.1411192408e-13 2.6552612713e-14 1.5647167904e-13 2.1395220793e-13 -1.1465626471e-19 -2.6532610755e-14 -1.5648693613e-13 -3.0930699709e-14
d  2.2893778613e-03 1.6025644228e+00 -2.0000000000e-01 1.5797769464e-06 3.0000000000e+02 -2.1564170066e-13 2.6591852418e-14 1.5796982197e-13 2.1548144454e-13 -1.1866446975e-19 -2.6571850932e-14 -1.5797769763e-13 -3.0933134503e-14
d  2.2986324289e-03 1.6090426197e+00 -2.0000000000e-01 1.5975071185e-06 3.0000000000e+02 -2.1743446004e-13 2.6607115250e-14 1.5973816865e-13 2.1727355627e-13 -1.1722068948e-19 -2.6587113030e-14 -1.5975071623e-13 -3.0934281204e-14
d  2.3097379099e-03 1.6168164561e+00 -2.0000000000e-01 1.6189207701e-06 3.0000000000e+02 -2.1958884076e-13 2.6621317589e-14 1.6187634119e-13 2.1942715964e-13 -1.1889006373e-19 -2.6601315259e-14 -1.6189208161e-13 -3.0935434067e-14
d  2.3230644872e-03 1.6261450597e+00 -2.0000000000e-01 1.6451083274e-06 3.0000000000e+02 -2.2222718804e-13 2.6637963580e-14 1.6449505592e-13 2.2206457399e-13 -1.2103313008e-19 -2.6617961624e-14 -1.6451083664e-13 -3.0936792721e-14
d  2.3310604335e-03 1.6317422219e+00 -2.0000000000e-01 1.6618547889e-06 3.0000000000e+02 -2.2395461351e-13 2.6685328314e-14 1.6617395317e-13 2.2379143976e-13 -1.2544473337e-19 -2.6665326214e-14 -1.6618548306e-13 -3.0939675221e-14
d  2.3406555692e-03 1.6384588165e+00 -2.0000000000e-01 1.6816359843e-06 3.0000000000e+02 -2.2595446343e-13 2.6706480506e-14 1.6815373431e-13 2.2579061793e-13 -1.2375830077e-19 -2.6686478820e-14 -1.6816360181e-13 -3.0941148030e-14
d  2.3521697319e-03 1.6465187300e+00 -2.0000000000e-01 1.7056029462e-06 3.0000000000e+02 -2.2836749225e-13 2.6718700630e-14 1.7054638190e-13 2.2820284084e-13 -1.2560309697e-19 -2.6698698639e-14 -1.7056029859e-13 -3.0942192933e-14
d  2.3659867272e-03 1.6561906263e+00 -2.0000000000e-01 1.7350213566e-06 3.0000000000e+02 -2.3133503112e-13 2.6742756544e-14 1.7348692678e-13 2.3116941249e-13 -1.2823494403e-19 -2.6722754721e-14 -1.7350213932e-13 -3.0943962911e-14
d  2.3742769244e-03 1.6619937640e+00 -2.0000000000e-01 1.7538775754e-06 3.0000000000e+02 -2.3328101717e-13 2.6796785546e-14 1.7537731080e-13 2.3311481820e-13 -1.3315716881e-19 -2.6776783707e-14 -1.7538776122e-13 -3.0947210042e-14
d  2.3842251610e-03 1.6689575293e+00 -2.0000000000e-01 1.7761685690e-06 3.0000000000e+02 -2.3553445614e-13 2.6821044100e-14 1.7760564849e-13 2.3536756080e-13 -1.3128836641e-19 -2.6801042248e-14 -1.7761686061e-13 -3.0948852863e-14
d  2.3961630450e-03 1.6773140476e+00 -2.0000000000e-01 1.8032499464e-06 3.0000000000e+02 -2.3826214964e-13 2.6837776782e-14 1.8030876276e-13 2.3809441875e-13 -1.3361467598e-19 -2.6817774537e-14 -1.8032499911e-13 -3.0950147575e-14
d  2.4033257754e-03 1.6823279586e+00 -2.0000000000e-01 1.8203634453e-06 3.0000000000e+02 -2.4001668257e-13 2.6878341958e-14 1.8202655192e-13 2.3984845022e-13 -1.3817947044e-19 -2.6858339967e-14 -1.8203634850e-13 -3.0952608369e-14
d  2.4119210518e-03 1.6883446518e+00 -2.0000000000e-01 1.8407729189e-06 3.0000000000e+02 -2.4208043521e-13 2.6898843307e-14 1.8406450162e-13 2.4191160129e-13 -1.3683976176e-19 -2.6878840868e-14 -1.8407729672e-13 -3.0953995839e-14
d  2.4170782177e-03 1.6919546678e+00 -2.0000000000e-01 1.8624913486e-06 3.0000000000e+02 -2.4476637840e-13 2.7386770173e-14 1.8624935710e-13 2.4459718292e-13 -1.9728430537e-19 -2.7366770235e-14 -1.8624913493e-13 -3.0981104334e-14
d  2.4232668167e-03 1.6962866869e+00 -2.0000000000e-01 1.8788577841e-06 3.0000000000e+02 -2.4636386952e-13 2.7349379872e-14 1.8788989979e-13 2.4619424061e-13 -1.2653576593e-19 -2.7329380957e-14 -1.8788577653e-13 -3.0979080303e-14
d  2.4306931355e-03 1.7014851098e+00 -2.0000000000e-01 1.8985674394e-06 3.0000000000e+02 -2.4828598681e-13 2.7302984911e-14 1.8985698511e-13 2.4811583828e-13 -1.4656481699e-19 -2.7282984964e-14 -1.8985674403e-13 -3.0976774472e-14
d  2.4396047182e-03 1.7077232173e+00 -2.0000000000e-01 1.9123061824e-06 3.0000000000e+02 -2.4912006107e-13 2.6789659984e-14 1.9121567644e-13 2.4894928936e-13 -1.0633724339e-19 -2.6769657232e-14 -1.9123062368e-13 -3.0948745819e-14
d  2.4502986173e-03 1.7152089463e+00 -2.0000000000e-01 1.9387704081e-06 3.0000000000e+02 -2.5180389303e-13 2.6824575424e-14 1.9385497092e-13 2.5163237292e-13 -1.5419735980e-19 -2.6804572021e-14 -1.9387704750e-13 -3.0951085771e-14
d  2.4631312963e-03 1.7241918212e+00 -2.0000000000e-01 1.9712152752e-06 3.0000000000e+02 -2.5511055051e-13 2.6883420215e-14 1.9709733069e-13 2.5493813207e-13 -1.4588320543e-19 -2.6863417090e-14 -1.9712153369e-13 -3.0954689471e-14
d  2.4708309036e-03 1.7295815461e+00 -2.0000000000e-01 1.9918990200e-06 3.0000000000e+02 -2.5725675653e-13 2.6955212574e-14 1.9917561507e-13 2.5708379899e-13 -1.5143956481e-19 -2.6935209865e-14 -1.9918990737e-13 -3.0958868419e-14
d  2.4800704325e-03 1.7360492159e+00 -2.0000000000e-01 2.0165532830e-06 3.0000000000e+02 -2.5976870081e-13 2.6997415039e-14 2.0164134068e-13 2.5959509645e-13 -1.4988672414e-19 -2.6977412550e-14 -2.0165533325e-13 -3.0961452362e-14
d  2.4911578671e-03 1.7438104198e+00 -2.0000000000e-01 2.0465612049e-06 3.0000000000e+02 -2.6280748338e-13 2.7031322027e-14 2.0463647775e-13 2.6263310302e-13 -1.5254190406e-19 -2.7011319100e-14 -2.0465612629e-13 -3.0963638962e-14
d  2.5044627887e-03 1.7531238644e+00 -2.0000000000e-01 2.0835792705e-06 3.0000000000e+02 -2.6655583146e-13 2.7075309406e-14 2.0833579839e-13 2.6638051974e-13 -1.5630268642e-19 -2.7055306643e-14 -2.0835793255e-13 -3.0966439958e-14
d  2.5204286945e-03 1.7642999980e+00 -2.0000000000e-01 2.1306131400e-06 3.0000000000e+02 -2.7135993064e-13 2.7167769490e-14 2.1308066977e-13 2.7118350013e-13 -1.6392574350e-19 -2.7147771516e-14 -2.1306131032e-13 -3.0971970571e-14
d  2.5300082381e-03 1.7710056781e+00 -2.0000000000e-01 2.1592008556e-06 3.0000000000e+02 -2.7424679676e-13 2.7197247636e-14 2.1589492625e-13 2.7406969710e-13 -1.6156572143e-19 -2.7177243775e-14 -2.1592009316e-13 -3.0973844156e-14
d  2.5415036903e-03 1.7790524942e+00 -2.0000000000e-01 2.1943906865e-06 3.0000000000e+02 -2.7780372743e-13 2.7230933349e-14 2.1941895398e-13 2.7762582287e-13 -1.6763027439e-19 -2.7210930452e-14 -2.1943907442e-13 -3.0976015498e-14
d  2.5484009616e-03 1.7838805839e+00 -2.0000000000e-01 2.2164814361e-06 3.0000000000e+02 -2.8006166579e-13 2.7271906545e-14 2.2163401038e-13 2.7988327841e-13 -1.7148262267e-19 -2.7251903554e-14 -2.2164814953e-13 -3.0978450151e-14
d  2.5566776872e-03 1.7896742916e+00 -2.0000000000e-01 2.2428682633e-06 3.0000000000e+02 -2.8272245205e-13 2.7295397996e-14 2.2426884168e-13 2.8254348543e-13 -1.7025296281e-19 -2.7275394426e-14 -2.2428683337e-13 -3.0979956503e-14
d  2.5616437226e-03 1.7931505161e+00 -2.0000000000e-01 2.2710671515e-06 3.0000000000e+02 -2.8617917756e-13 2.7899035599e-14 2.2710730388e-13 2.8599986248e-13 -2.5200253859e-19 -2.7879035771e-14 -2.2710671504e-13 -3.1013213985e-14
d  2.5676029650e-03 1.7973219856e+00 -2.0000000000e-01 2.2924069963e-06 3.0000000000e+02 -2.8824477806e-13 2.7835011660e-14 2.2923582753e-13 2.8806504616e-13 -1.5618261090e-19 -2.7815010326e-14 -2.2924070241e-13 -3.1009670098e-14
d  2.5747540559e-03 1.8023277490e+00 -2.0000000000e-01 2.3182114556e-06 3.0000000000e+02 -2.9075178953e-13 2.7766903499e-14 2.3182501012e-13 2.9057155656e-13 -1.8503637840e-19 -2.7746904384e-14 -2.3182114410e-13 -3.1006178622e-14
d  2.5833353650e-03 1.8083346651e+00 -2.0000000000e-01 2.3360901947e-06 3.0000000000e+02 -2.9185891736e-13 2.7117975590e-14 2.3358926747e-13 2.9167808477e-13 -1.2856053347e-19 -2.7097971802e-14 -2.3360902695e-13 -3.0970879718e-14
d  2.5884841505e-03 1.8119388147e+00 -2.0000000000e-01 2.3661524862e-06 3.0000000000e+02 -2.9555725124e-13 2.7772786013e-14 2.3661927798e-13 2.9537605711e-13 -2.6975962196e-19 -2.7752787149e-14 -2.3661524669e-13 -3.1007011326e-14
d  2.5946626930e-03 1.8162637943e+00 -2.0000000000e-01 2.3889524997e-06 3.0000000000e+02 -2.9779295584e-13 2.7733786682e-14 2.3889613381e-13 2.9761132941e-13 -1.6112503089e-19 -2.7713786916e-14 -2.3889524977e-13 -3.1004821839e-14
d  2.6020769441e-03 1.8214537698e+00 -2.0000000000e-01 2.4030954441e-06 3.0000000000e+02 -2.9852346652e-13 2.7081805179e-14 2.4029367598e-13 2.9834132194e-13 -1.2399982096e-19 -2.7061801667e-14 -2.4030955136e-13 -3.0969400951e-14
d  2.6109740454e-03 1.8276817404e+00 -2.0000000000e-01 2.4338170231e-06 3.0000000000e+02 -3.0168331191e-13 2.7161690319e-14 2.4336224665e-13 3.0150054458e-13 -2.0213882351e-19 -2.7141686715e-14 -2.4338170945e-13 -3.0974153633e-14
d  2.6163123061e-03 1.8314185227e+00 -2.0000000000e-01 2.4661566054e-06 3.0000000000e+02 -3.0564912608e-13 2.7854068483e-14 2.4661628002e-13 3.0546598419e-13 -2.6822742757e-19 -2.7834068652e-14 -2.4661566047e-13 -3.1012131573e-14
d  2.6227182191e-03 1.8359026615e+00 -2.0000000000e-01 2.4912803188e-06 3.0000000000e+02 -3.0812040687e-13 2.7819983421e-14 2.4913051291e-13 3.0793681646e-13 -1.7071180399e-19 -2.7799984055e-14 -2.4912803092e-13 -3.1010234442e-14
d  2.6304053146e-03 1.8412836281e+00 -2.0000000000e-01 2.5074603937e-06 3.0000000000e+02 -3.0902960573e-13 2.7146042534e-14 2.5072789099e-13 3.0884547826e-13 -1.3160924735e-19 -2.7126038654e-14 -2.5074604704e-13 -3.0973667889e-14
d  2.6396298292e-03 1.8477407880e+00 -2.0000000000e-01 2.5412759163e-06 3.0000000000e+02 -3.1250581896e-13 2.7231544156e-14 2.5410519960e-13 3.1232104583e-13 -2.1111625314e-19 -2.7211540147e-14 -2.5412759956e-13 -3.0978726356e-14
d  2.6451645379e-03 1.8516150840e+00 -2.0000000000e-01 2.5764823079e-06 3.0000000000e+02 -3.1679436308e-13 2.7958202559e-14 2.5765077938e-13 3.1660920142e-13 -2.8022908663e-19 -2.7938203229e-14 -2.5764822977e-13 -3.1018519218e-14
d  2.6518061884e-03 1.8562642391e+00 -2.0000000000e-01 2.6042436438e-06 3.0000000000e+02 -3.1951905407e-13 2.7914804828e-14 2.6042477235e-13 3.1933342763e-13 -1.7989407923e-19 -2.7894804929e-14 -2.6042436445e-13 -3.1016112928e-14
d  2.6597761690e-03 1.8618432252e+00 -2.0000000000e-01 2.6226849210e-06 3.0000000000e+02 -3.2061866373e-13 2.7206044020e-14 2.6224527371e-13 3.2043248054e-13 -1.3988296491e-19 -2.7186039224e-14 -2.6226850154e-13 -3.0977710236e-14
d  2.6693401458e-03 1.8685380086e+00 -2.0000000000e-01 2.6599726501e-06 3.0000000000e+02 -3.2444809707e-13 2.7298788644e-14 2.6596667917e-13 3.2426124455e-13 -2.2092215156e-19 -2.7278783353e-14 -2.6599727542e-13 -3.0983162187e-14
d  2.6750785318e-03 1.8725548787e+00 -2.0000000000e-01 2.6985191920e-06 3.0000000000e+02 -3.2911551426e-13 2.8069808812e-14 2.6984527543e-13 3.2892825916e-13 -2.9381176392e-19 -2.8049807124e-14 -2.6985192269e-13 -3.1025310139e-14
d  2.6819645951e-03 1.8773751227e+00 -2.0000000000e-01 2.7295158517e-06 3.0000000000e+02 -3.3216196740e-13 2.8024436606e-14 2.7295437165e-13 3.3197422973e-13 -1.9204346487e-19 -2.8004437270e-14 -2.7295158417e-13 -3.1022796939e-14
d  2.6902278710e-03 1.8831594155e+00 -2.0000000000e-01 2.7508417733e-06 3.0000000000e+02 -3.3351955808e-13 2.7283603234e-14 2.7505499864e-13 3.3333124352e-13 -1.4941134780e-19 -2.7263597411e-14 -2.7508418877e-13 -3.0982711499e-14
d  2.6951858365e-03 1.8866299912e+00 -2.0000000000e-01 2.7873381269e-06 3.0000000000e+02 -3.3800585797e-13 2.8076660596e-14 2.7873450672e-13 3.3781719492e-13 -3.2895408808e-19 -2.8056660800e-14 -2.7873381258e-13 -3.1026199036e-14
d  2.7011353952e-03 1.8907946821e+00 -2.0000000000e-01 2.8152954836e-06 3.0000000000e+02 -3.4076172870e-13 2.8038830342e-14 2.8153067265e-13 3.4057264916e-13 -1.9338163465e-19 -2.8018830651e-14 -2.8152954805e-13 -3.1024011532e-14
d  2.7047051304e-03 1.8932934966e+00 -2.0000000000e-01 2.8322529599e-06 3.0000000000e+02 -3.4243446222e-13 2.8016966524e-14 2.8322593127e-13 3.4224513281e-13 -2.2899189786e-19 -2.7996966781e-14 -2.8322529579e-13 -3.1022971472e-14
d  2.7089888126e-03 1.8962920740e+00 -2.0000000000e-01 2.8527009367e-06 3.0000000000e+02 -3.4445377755e-13 2.7992145849e-14 2.8527110952e-13 3.4426414826e-13 -2.3011734947e-19 -2.7972146235e-14 -2.8527009322e-13 -3.1021721822e-14
d  2.7141292313e-03 1.8998903669e+00 -2.0000000000e-01 2.8769799938e-06 3.0000000000e+02 -3.4683743145e-13 2.7949852050e-14 2.8771633339e-13 3.4664744110e-13 -2.2990890297e-19 -2.7929857876e-14 -2.8769798855e-13 -3.1019543330e-14
d  2.7202977337e-03 1.9042083184e+00 -2.0000000000e-01 2.9071606315e-06 3.0000000000e+02 -3.4985655100e-13 2.7949093943e-14 2.9071908937e-13 3.4966612998e-13 -2.3505177970e-19 -2.7929094747e-14 -2.9071606191e-13 -3.1019647953e-14
d  2.7276999366e-03 1.9093898601e+00 -2.0000000000e-01 2.9258455936e-06 3.0000000000e+02 -3.5093478740e-13 2.7200776963e-14 2.9255874688e-13 3.5074384978e-13 -1.4893328802e-19 -2.7180771221e-14 -2.9258457066e-13 -3.0979142660e-14
d  2.7365825800e-03 1.9156077102e+00 -2.0000000000e-01 2.9655952287e-06 3.0000000000e+02 -3.5507383988e-13 2.7352024588e-14 2.9653036517e-13 3.5488228045e-13 -2.4952366960e-19 -2.7332019156e-14 -2.9655953360e-13 -3.0987756999e-14
d  2.7419121661e-03 1.9193384203e+00 -2.0000000000e-01 3.0076943281e-06 3.0000000000e+02 -3.6020662225e-13 2.8224416739e-14 3.0077264759e-13 3.6001468820e-13 -3.3746998821e-19 -2.8204417618e-14 -3.0076943142e-13 -3.1035247854e-14
d  2.7483076694e-03 1.9238152724e+00 -2.0000000000e-01 3.0411370491e-06 3.0000000000e+02 -3.6350661332e-13 2.8189625214e-14 3.0411439243e-13 3.6331423176e-13 -2.1341032599e-19 -2.8169625391e-14 -3.0411370487e-13 -3.1033252552e-14
d  2.7559822734e-03 1.9291874949e+00 -2.0000000000e-01 3.0630710507e-06 3.0000000000e+02 -3.6484013879e-13 2.7370860687e-14 3.0627809437e-13 3.6464722155e-13 -1.6149191240e-19 -2.7350854451e-14 -3.0630711734e-13 -3.0989059669e-14
d  2.7605870357e-03 1.9324108284e+00 -2.0000000000e-01 3.1025685687e-06 3.0000000000e+02 -3.6970560478e-13 2.8234503326e-14 3.1028281547e-13 3.6951236182e-13 -3.7772926219e-19 -2.8214511529e-14 -3.1025684150e-13 -3.1036263115e-14
d  2.7661127506e-03 1.9362788286e+00 -2.0000000000e-01 3.1330777393e-06 3.0000000000e+02 -3.7273929620e-13 2.8219406363e-14 3.1332553343e-13 3.7254566710e-13 -2.1747025021e-19 -2.8199411627e-14 -3.1330776418e-13 -3.1035245524e-14
d  2.7727436084e-03 1.9409204288e+00 -2.0000000000e-01 3.1695245053e-06 3.0000000000e+02 -3.7633170392e-13 2.8171138546e-14 3.1695378747e-13 3.7613761180e-13 -2.5672630832e-19 -2.8151138878e-14 -3.1695245021e-13 -3.1032847837e-14
d  2.7807006378e-03 1.9464903491e+00 -2.0000000000e-01 3.1939557155e-06 3.0000000000e+02 -3.7790017306e-13 2.7342371301e-14 3.1936239928e-13 3.7770552572e-13 -1.7018317768e-19 -2.7322364412e-14 -3.1939558511e-13 -3.0988117685e-14
d  2.7902490731e-03 1.9531742535e+00 -2.0000000000e-01 3.2421946949e-06 3.0000000000e+02 -3.8289216802e-13 2.7497746695e-14 3.2417662800e-13 3.8269685250e-13 -2.7287253501e-19 -2.7477739241e-14 -3.2421948419e-13 -3.0996941930e-14
d  2.7959781342e-03 1.9571845961e+00 -2.0000000000e-01 3.2922669256e-06 3.0000000000e+02 -3.8890752567e-13 2.8453265952e-14 3.2922719802e-13 3.8871180718e-13 -3.6985674626e-19 -2.8433266081e-14 -3.2922669264e-13 -3.1048793947e-14
d  2.8028530076e-03 1.9619970072e+00 -2.0000000000e-01 3.3334627428e-06 3.0000000000e+02 -3.9295987554e-13 2.8392886622e-14 3.3335581623e-13 3.9276367528e-13 -2.4095175772e-19 -2.8372888909e-14 -3.3334627022e-13 -3.1045412332e-14
d  2.8111028557e-03 1.9677719006e+00 -2.0000000000e-01 3.3621610021e-06 3.0000000000e+02 -3.9488696077e-13 2.7498848497e-14 3.3617256255e-13 3.9469018577e-13 -1.8347009286e-19 -2.7478839759e-14 -3.3621611738e-13 -3.0997288964e-14
d  2.8160527645e-03 1.9712368366e+00 -2.0000000000e-01 3.4096964173e-06 3.0000000000e+02 -4.0067159102e-13 2.8474430302e-14 3.4096952798e-13 4.0047446734e-13 -4.1502395095e-19 -2.8454430268e-14 -3.4096964214e-13 -3.1050409602e-14
d  2.8219926551e-03 1.9753947598e+00 -2.0000000000e-01 3.4469985731e-06 3.0000000000e+02 -4.0434459219e-13 2.8419430859e-14 3.4470373383e-13 4.0414705246e-13 -2.4403996579e-19 -2.8399431931e-14 -3.4469985560e-13 -3.1047222429e-14
d  2.8255565895e-03 1.9778895137e+00 -2.0000000000e-01 3.4696399955e-06 3.0000000000e+02 -4.0657597280e-13 2.8389108347e-14 3.4696556426e-13 4.0637818371e-13 -2.8857637771e-19 -2.8369108983e-14 -3.4696399868e-13 -3.1045740545e-14
d  2.8298333107e-03 1.9808832184e+00 -2.0000000000e-01 3.4969769178e-06 3.0000000000e+02 -4.0927597681e-13 2.8355907817e-14 3.4970068193e-13 4.0907788823e-13 -2.9062880690e-19 -2.8335908958e-14 -3.4969768995e-13 -3.1044037452e-14
d  2.8349653762e-03 1.9844756641e+00 -2.0000000000e-01 3.5299780164e-06 3.0000000000e+02 -4.1254438163e-13 2.8325771960e-14 3.5299868552e-13 4.1234593400e-13 -2.9217222140e-19 -2.8305772242e-14 -3.5299780145e-13 -3.1042515773e-14
d  2.8411238548e-03 1.9887865989e+00 -2.0000000000e-01 3.5698853490e-06 3.0000000000e+02 -4.1650800054e-13 2.8299098846e-14 3.5698917612e-13 4.1630912184e-13 -2.9497774135e-19 -2.8279099017e-14 -3.5698853493e-13 -3.1041203811e-14
d  2.8485140291e-03 1.9939597206e+00 -2.0000000000e-01 3.5973637942e-06 3.0000000000e+02 -4.1837997479e-13 2.7467628055e-14 3.5970363164e-13 4.1818058065e-13 -1.9479849267e-19 -2.7447620729e-14 -3.5973639390e-13 -3.0996456846e-14
d  2.8528285145e-03 1.9969798603e+00 -2.0000000000e-01 3.6404124344e-06 3.0000000000e+02 -4.2361433245e-13 2.8342283088e-14 3.6407726826e-13 4.2341463163e-13 -4.3348363282e-19 -2.8322295196e-14 -3.6404122061e-13 -3.1044036362e-14
d  2.8571430000e-03 2.0000000000e+00 -2.0000000000e-01 3.6718123407e-06 3.0000000000e+02 -4.2686795395e-13 2.8455362424e-14 3.6718419061e-13 4.2666795370e-13 -2.8148148097e-19 -2.8435363511e-14 -3.6718123236e-13 -3.1049894785e-14
d  2.8623203826e-03 2.0036241676e+00 -2.0000000000e-01 3.7074353144e-06 3.0000000000e+02 -4.3040200680e-13 2.8430547421e-14 3.7074463567e-13 4.3020164430e-13 -3.0450758023e-19 -2.8410547771e-14 -3.7074353114e-13 -3.1048699903e-14
d  2.8685332416e-03 2.0079731687e+00 -2.0000000000e-01 3.7506945738e-06 3.0000000000e+02 -4.3469977672e-13 2.8401962309e-14 3.7507033287e-13 4.3449897934e-13 -3.1291426344e-19 -2.8381962542e-14 -3.7506945731e-13 -3.1047293485e-14
d  2.8722609571e-03 2.0105825694e+00 -2.0000000000e-01 3.7767528977e-06 3.0000000000e+02 -4.3728649262e-13 2.8383645172e-14 3.7767859692e-13 4.3708543406e-13 -3.1379247417e-19 -2.8363646461e-14 -3.7767528768e-13 -3.1046380213e-14
d  2.8767342156e-03 2.0137138502e+00 -2.0000000000e-01 3.8082099603e-06 3.0000000000e+02 -4.4041386066e-13 2.8366250301e-14 3.8082388448e-13 4.4021248902e-13 -3.1575941774e-19 -2.8346251357e-14 -3.8082099439e-13 -3.1045532875e-14
d  2.8821021258e-03 2.0174713872e+00 -2.0000000000e-01 3.8462934394e-06 3.0000000000e+02 -4.4420845669e-13 2.8352515503e-14 3.8463515386e-13 4.4400670912e-13 -3.1902516490e-19 -2.8332517280e-14 -3.8462934091e-13 -3.1044901713e-14
d  2.8885436181e-03 2.0219804316e+00 -2.0000000000e-01 3.8925219194e-06 3.0000000000e+02 -4.4882402589e-13 2.8342143800e-14 3.8925290562e-13 4.4862182780e-13 -3.2218212319e-19 -2.8322143983e-14 -3.8925219198e-13 -3.1044470876e-14
d  2.8924085135e-03 2.0246858582e+00 -2.0000000000e-01 3.9204903004e-06 3.0000000000e+02 -4.5161748525e-13 2.8341681695e-14 3.9205211569e-13 4.5141501639e-13 -3.2460274545e-19 -2.8321682857e-14 -3.9204902820e-13 -3.1044522869e-14
d  2.8970463880e-03 2.0279323702e+00 -2.0000000000e-01 3.9543086582e-06 3.0000000000e+02 -4.5499689619e-13 2.8339046471e-14 3.9543394708e-13 4.5479410270e-13 -3.2686101906e-19 -2.8319047560e-14 -3.9543086413e-13 -3.1044472086e-14
d  2.9026118373e-03 2.0318281845e+00 -2.0000000000e-01 3.9953508085e-06 3.0000000000e+02 -4.5910328478e-13 2.8340442637e-14 3.9953584765e-13 4.5890010191e-13 -3.3044430562e-19 -2.8320442864e-14 -3.9953508081e-13 -3.1044657002e-14
d  2.9092903765e-03 2.0365031617e+00 -2.0000000000e-01 4.0452480692e-06 3.0000000000e+02 -4.6409883629e-13 2.8345015157e-14 4.0452879688e-13 4.6389518573e-13 -3.3492926780e-19 -2.8325016145e-14 -4.0452480542e-13 -3.1045034189e-14
d  2.9132975000e-03 2.0393081480e+00 -2.0000000000e-01 4.0755062636e-06 3.0000000000e+02 -4.6712813131e-13 2.8348885611e-14 4.0755334342e-13 4.6692420026e-13 -3.3692647307e-19 -2.8328886599e-14 -4.0755062487e-13 -3.1045319118e-14
d  2.9181060482e-03 2.0426741316e+00 -2.0000000000e-01 4.1122090842e-06 3.0000000000e+02 -4.7080571041e-13 2.8354714166e-14 4.1122454766e-13 4.7060144270e-13 -3.4065443967e-19 -2.8334715407e-14 -4.1122090644e-13 -3.1045726749e-14
d  2.9238763061e-03 2.0467133119e+00 -2.0000000000e-01 4.1567849814e-06 3.0000000000e+02 -4.7527305068e-13 2.8363736360e-14 4.1568028662e-13 4.7506837923e-13 -3.4422247087e-19 -2.8343736871e-14 -4.1567849757e-13 -3.1046322091e-14
d  2.9273384608e-03 2.0491368201e+00 -2.0000000000e-01 4.1838451073e-06 3.0000000000e+02 -4.7798674156e-13 2.8370519455e-14 4.1838832487e-13 4.7778182751e-13 -3.4722172076e-19 -2.8350521057e-14 -4.1838450808e-13 -3.1046753865e-14
d  2.9314930465e-03 2.0520450300e+00 -2.0000000000e-01 4.2166428538e-06 3.0000000000e+02 -4.8127726675e-13 2.8380682201e-14 4.2166798609e-13 4.8107206190e-13 -3.5007870730e-19 -2.8360683658e-14 -4.2166428301e-13 -3.1047378377e-14
d  2.9364785493e-03 2.0555348817e+00 -2.0000000000e-01 4.2565127913e-06 3.0000000000e+02 -4.8528013143e-13 2.8395171233e-14 4.2566111750e-13 4.8507457715e-13 -3.5466547956e-19 -2.8375174474e-14 -4.2565127331e-13 -3.1048252162e-14
d  2.9424611527e-03 2.0597227039e+00 -2.0000000000e-01 4.3050164490e-06 3.0000000000e+02 -4.9014838380e-13 2.8414242627e-14 4.3050241430e-13 4.8994241148e-13 -3.5788199441e-19 -2.8394242839e-14 -4.3050164492e-13 -3.1049384888e-14
d  2.9460507147e-03 2.0622353972e+00 -2.0000000000e-01 4.3345167094e-06 3.0000000000e+02 -4.9311089739e-13 2.8422382177e-14 4.3345565912e-13 4.9290467347e-13 -3.6211854424e-19 -2.8402383794e-14 -4.3345166827e-13 -3.1049891883e-14
d  2.9503581891e-03 2.0652506291e+00 -2.0000000000e-01 4.3703047731e-06 3.0000000000e+02 -4.9670502466e-13 2.8437594348e-14 4.3703331697e-13 4.9649849934e-13 -3.6502000584e-19 -2.8417595428e-14 -4.3703047567e-13 -3.1050786367e-14
d  2.9555271584e-03 2.0688689074e+00 -2.0000000000e-01 4.4139503608e-06 3.0000000000e+02 -5.0109401079e-13 2.8459963985e-14 4.4139684605e-13 5.0088712375e-13 -3.7040734072e-19 -2.8439964561e-14 -4.4139503541e-13 -3.1052082354e-14
d  2.9617299216e-03 2.0732108414e+00 -2.0000000000e-01 4.4671654708e-06 3.0000000000e+02 -5.0644239913e-13 2.8484755867e-14 4.4671800508e-13 5.0623507794e-13 -3.7545337503e-19 -2.8464756255e-14 -4.4671654677e-13 -3.1053523552e-14
d  2.9654515795e-03 2.0758160018e+00 -2.0000000000e-01 4.4995309723e-06 3.0000000000e+02 -5.0969360760e-13 2.8498532622e-14 4.4995656240e-13 5.0948602568e-13 -3.7875834879e-19 -2.8478533978e-14 -4.4995309507e-13 -3.1054329099e-14
d  2.9699175689e-03 2.0789421943e+00 -2.0000000000e-01 4.5388312541e-06 3.0000000000e+02 -5.1364136349e-13 2.8515238168e-14 4.5389485047e-13 5.1343346822e-13 -3.8322953008e-19 -2.8495242474e-14 -4.5388311757e-13 -3.1055305524e-14
d  2.9752767563e-03 2.0826936253e+00 -2.0000000000e-01 4.5866416249e-06 3.0000000000e+02 -5.1844287109e-13 2.8535550567e-14 4.5866909330e-13 5.1823460134e-13 -3.8667141517e-19 -2.8515552083e-14 -4.5866416002e-13 -3.1056486292e-14
d  2.9817077812e-03 2.0871953425e+00 -2.0000000000e-01 4.6450201300e-06 3.0000000000e+02 -5.2430675268e-13 2.8558114222e-14 4.6450335726e-13 5.2409803305e-13 -3.9338714896e-19 -2.8538114568e-14 -4.6450201279e-13 -3.1057810398e-14
d  2.9855663961e-03 2.0898963728e+00 -2.0000000000e-01 4.6805860756e-06 3.0000000000e+02 -5.2787951388e-13 2.8572965820e-14 4.6806234372e-13 5.2767052389e-13 -3.9736254383e-19 -2.8552967233e-14 -4.6805860531e-13 -3.1058673608e-14
d  2.9901967340e-03 2.0931376091e+00 -2.0000000000e-01 4.7237082568e-06 3.0000000000e+02 -5.3220715527e-13 2.8587713635e-14 4.7237976977e-13 5.3199784072e-13 -4.0117830279e-19 -2.8567716808e-14 -4.7237082004e-13 -3.1059543190e-14
d  2.9957531394e-03 2.0970270928e+00 -2.0000000000e-01 4.7761677267e-06 3.0000000000e+02 -5.3747081120e-13 2.8604629786e-14 4.7761751638e-13 5.3726110844e-13 -4.0538766177e-19 -2.8584630006e-14 -4.7761677272e-13 -3.1060543197e-14
d  3.0024208260e-03 2.1016944731e+00 -2.0000000000e-01 4.8402474566e-06 3.0000000000e+02 -5.4390261341e-13 2.8625308121e-14 4.8404144945e-13 5.4369244284e-13 -4.1370918483e-19 -2.8605312275e-14 -4.8402473806e-13 -3.1061768720e-14
d  3.0064214379e-03 2.1044949013e+00 -2.0000000000e-01 4.8791060532e-06 3.0000000000e+02 -5.4779546290e-13 2.8636219563e-14 4.8791498263e-13 5.4758501301e-13 -4.1402439050e-19 -2.8616221162e-14 -4.8791060272e-13 -3.1062413759e-14
d  3.0112221723e-03 2.1078554152e+00 -2.0000000000e-01 4.9264478743e-06 3.0000000000e+02 -5.5254675104e-13 2.8646947847e-14 4.9265763910e-13 5.5233596438e-13 -4.2219677891e-19 -2.8626952251e-14 -4.9264477941e-13 -3.1063077444e-14
d  3.0169830535e-03 2.1118880318e+00 -2.0000000000e-01 4.9839688583e-06 3.0000000000e+02 -5.5831380907e-13 2.8664333730e-14 4.9840393181e-13 5.5810261973e-13 -4.2516580165e-19 -2.8644335752e-14 -4.9839688241e-13 -3.1064099105e-14
d  3.0204395822e-03 2.1143076018e+00 -2.0000000000e-01 5.0189214723e-06 3.0000000000e+02 -5.6181896262e-13 2.8671463396e-14 5.0189700303e-13 5.6160753135e-13 -4.2931844118e-19 -2.8651465443e-14 -5.0189214379e-13 -3.1064540532e-14
d  3.0245874166e-03 2.1172110858e+00 -2.0000000000e-01 5.0613077906e-06 3.0000000000e+02 -5.6607002582e-13 2.8682293127e-14 5.0613609914e-13 5.6585830419e-13 -4.3371355962e-19 -2.8662295231e-14 -5.0613077551e-13 -3.1065189690e-14
d  3.0295648180e-03 2.1206952666e+00 -2.0000000000e-01 5.1127252487e-06 3.0000000000e+02 -5.7122343098e-13 2.8693197957e-14 5.1127229610e-13 5.7101136148e-13 -4.3759908951e-19 -2.8673197882e-14 -5.1127252552e-13 -3.1065854048e-14
d  3.0355376996e-03 2.1248762835e+00 -2.0000000000e-01 5.1753423621e-06 3.0000000000e+02 -5.7750055721e-13 2.8706470039e-14 5.1753550995e-13 5.7728806948e-13 -4.4445915524e-19 -2.8686470392e-14 -5.1753423604e-13 -3.1066664688e-14
d  3.0391214286e-03 2.1273848936e+00 -2.0000000000e-01 5.2133998772e-06 3.0000000000e+02 -5.8131604488e-13 2.8715962208e-14 5.2134390870e-13 5.8110330599e-13 -4.4814584891e-19 -2.8695963805e-14 -5.2133998516e-13 -3.1067230834e-14
d  3.0434219033e-03 2.1303952258e+00 -2.0000000000e-01 5.2596133110e-06 3.0000000000e+02 -5.8595165291e-13 2.8729483405e-14 5.2597580193e-13 5.8573861198e-13 -4.5363325333e-19 -2.8709488933e-14 -5.2596132094e-13 -3.1068025184e-14
d  3.0485824731e-03 2.1340076244e+00 -2.0000000000e-01 5.3157267865e-06 3.0000000000e+02 -5.9157684194e-13 2.8743883977e-14 5.3157497991e-13 5.9136344098e-13 -4.5663028795e-19 -2.8723884713e-14 -5.3157267775e-13 -3.1068873087e-14
d  3.0547751567e-03 2.1383425028e+00 -2.0000000000e-01 5.3840858419e-06 3.0000000000e+02 -5.9842898381e-13 2.8756208385e-14 5.3841071813e-13 5.9821514940e-13 -4.6469662241e-19 -2.8736208956e-14 -5.3840858361e-13 -3.1069635583e-14
d  3.0584907669e-03 2.1409434298e+00 -2.0000000000e-01 5.4256611805e-06 3.0000000000e+02 -6.0259672027e-13 2.8766236944e-14 5.4257967570e-13 6.0238262457e-13 -4.6950110662e-19 -2.8746242276e-14 -5.4256610828e-13 -3.1070232239e-14
d  3.0629494992e-03 2.1440645422e+00 -2.0000000000e-01 5.4761188896e-06 3.0000000000e+02 -6.0765526460e-13 2.8779417655e-14 5.4761646042e-13 6.0744085771e-13 -4.7243665989e-19 -2.8759419342e-14 -5.4761188624e-13 -3.1071002508e-14
d  3.0682999778e-03 2.1478098771e+00 -2.0000000000e-01 5.5374586783e-06 3.0000000000e+02 -6.1380355380e-13 2.8790992231e-14 5.5375265067e-13 6.1358877224e-13 -4.7969353357e-19 -2.8770994326e-14 -5.5374586430e-13 -3.1071708833e-14
d  3.0747205523e-03 2.1523042790e+00 -2.0000000000e-01 5.6124724653e-06 3.0000000000e+02 -6.2133000855e-13 2.8814876397e-14 5.6127475313e-13 6.2111477609e-13 -4.8891227514e-19 -2.8794883516e-14 -5.6124723314e-13 -3.1073086117e-14
d  3.0785728969e-03 2.1550009201e+00 -2.0000000000e-01 5.6578785475e-06 3.0000000000e+02 -6.2587370629e-13 2.8818859978e-14 5.6580399752e-13 6.2565820460e-13 -4.8876783039e-19 -2.8798866111e-14 -5.6578784342e-13 -3.1073351367e-14
d  3.0831957105e-03 2.1582368894e+00 -2.0000000000e-01 5.7131875103e-06 3.0000000000e+02 -6.3141916654e-13 2.8832577283e-14 5.7133496593e-13 6.3120334132e-13 -4.9764384108e-19 -2.8812583062e-14 -5.7131874037e-13 -3.1074161617e-14
d  3.0887430868e-03 2.1621200527e+00 -2.0000000000e-01 5.7803771392e-06 3.0000000000e+02 -6.3815051130e-13 2.8844123590e-14 5.7803738105e-13 6.3793429932e-13 -5.0158465728e-19 -2.8824123490e-14 -5.7803771469e-13 -3.1074858869e-14
d  3.0920715126e-03 2.1644499506e+00 -2.0000000000e-01 5.8211971990e-06 3.0000000000e+02 -6.4224123969e-13 2.8848696529e-14 5.8212585564e-13 6.4202479401e-13 -5.0785349888e-19 -2.8828699220e-14 -5.8211971527e-13 -3.1075160003e-14
d  3.0960656235e-03 2.1672458281e+00 -2.0000000000e-01 5.8706918613e-06 3.0000000000e+02 -6.4720189601e-13 2.8860799391e-14 5.8707832808e-13 6.4698517045e-13 -5.1196477287e-19 -2.8840803152e-14 -5.8706917943e-13 -3.1075864485e-14
d  3.1008585566e-03 2.1706008811e+00 -2.0000000000e-01 5.9308089525e-06 3.0000000000e+02 -6.5322696631e-13 2.8872984612e-14 5.9308183096e-13 6.5300990613e-13 -5.1709643547e-19 -2.8852984934e-14 -5.9308089521e-13 -3.1076585543e-14
d  3.1066100764e-03 2.1746269447e+00 -2.0000000000e-01 6.0040340975e-06 3.0000000000e+02 -6.6056625643e-13 2.8887260208e-14 6.0041125507e-13 6.6034879309e-13 -5.2576373732e-19 -2.8867262471e-14 -6.0040340591e-13 -3.1077436747e-14
d  3.1100609882e-03 2.1770425829e+00 -2.0000000000e-01 6.0484811779e-06 3.0000000000e+02 -6.6501853729e-13 2.8895976290e-14 6.0485305838e-13 6.6480083249e-13 -5.2863820254e-19 -2.8875978382e-14 -6.0484811433e-13 -3.1077950135e-14
d  3.1142020825e-03 2.1799413487e+00 -2.0000000000e-01 6.1023948855e-06 3.0000000000e+02 -6.7042032199e-13 2.8904223831e-14 6.1025728617e-13 6.7020232598e-13 -5.3573226591e-19 -2.8884230903e-14 -6.1023947542e-13 -3.1078456287e-14
d  3.1191713955e-03 2.1834198677e+00 -2.0000000000e-01 6.1679070403e-06 3.0000000000e+02 -6.7698418283e-13 2.8918328664e-14 6.1679316446e-13 6.7676584061e-13 -5.3943175937e-19 -2.8898329482e-14 -6.1679070305e-13 -3.1079275391e-14
d  3.1251345712e-03 2.1875940905e+00 -2.0000000000e-01 6.2476701221e-06 3.0000000000e+02 -6.8497429187e-13 2.8927699737e-14 6.2476917163e-13 6.8475553228e-13 -5.4879934222e-19 -2.8907700339e-14 -6.2476701165e-13 -3.1079868398e-14
d  3.1287124766e-03 2.1900986241e+00 -2.0000000000e-01 6.2961137564e-06 3.0000000000e+02 -6.8982535041e-13 2.8934560459e-14 6.2963011545e-13 6.8960633851e-13 -5.5432537815e-19 -2.8914568126e-14 -6.2961136136e-13 -3.1080289068e-14
d  3.1330059631e-03 2.1931040645e+00 -2.0000000000e-01 6.3548737892e-06 3.0000000000e+02 -6.9571029147e-13 2.8945790063e-14 6.3550626179e-13 6.9549097910e-13 -5.5812588129e-19 -2.8925797311e-14 -6.3548736543e-13 -3.1080945751e-14
d  3.1381581469e-03 2.1967105930e+00 -2.0000000000e-01 6.4263122803e-06 3.0000000000e+02 -7.0286621014e-13 2.8955723637e-14 6.4263952072e-13 7.0264653832e-13 -5.6498664515e-19 -2.8935726302e-14 -6.4263122345e-13 -3.1081550634e-14
d  3.1443407674e-03 2.2010384271e+00 -2.0000000000e-01 6.5132210470e-06 3.0000000000e+02 -7.1156647404e-13 2.8962185350e-14 6.5132371925e-13 7.1134637007e-13 -5.7312793385e-19 -2.8942185785e-14 -6.5132210449e-13 -3.1081987634e-14
d  3.1480503397e-03 2.2036351276e+00 -2.0000000000e-01 6.5659620192e-06 3.0000000000e+02 -7.1684332137e-13 2.8964058949e-14 6.5661579216e-13 7.1662295575e-13 -5.7934473576e-19 -2.8944066690e-14 -6.5659618747e-13 -3.1082146629e-14
d  3.1525018265e-03 2.2067511682e+00 -2.0000000000e-01 6.6299327149e-06 3.0000000000e+02 -7.2324573465e-13 2.8972541387e-14 6.6301337412e-13 7.2302505745e-13 -5.8345093928e-19 -2.8952548841e-14 -6.6299325757e-13 -3.1082658966e-14
d  3.1578436107e-03 2.2104904169e+00 -2.0000000000e-01 6.7076727890e-06 3.0000000000e+02 -7.3102752677e-13 2.8979389848e-14 6.7076986029e-13 7.3080647750e-13 -5.9008528700e-19 -2.8959390649e-14 -6.7076727799e-13 -3.1083100908e-14
d  3.1642537516e-03 2.2149775154e+00 -2.0000000000e-01 6.8025299980e-06 3.0000000000e+02 -7.4052785823e-13 2.8988290810e-14 6.8026552523e-13 7.4030635945e-13 -6.0187579829e-19 -2.8968294069e-14 -6.8025299401e-13 -3.1083674474e-14
d  3.1680998362e-03 2.2176697745e+00 -2.0000000000e-01 6.8602891293e-06 3.0000000000e+02 -7.4631420183e-13 2.9001153492e-14 6.8605010993e-13 7.4609243258e-13 -6.0737917486e-19 -2.8981161585e-14 -6.8602889777e-13 -3.1084411229e-14
d  3.1727151377e-03 2.2209004854e+00 -2.0000000000e-01 6.9304004974e-06 3.0000000000e+02 -7.5333678126e-13 2.9012948235e-14 6.9303972713e-13 7.5311469125e-13 -6.1158429995e-19 -2.8992948120e-14 -6.9304005066e-13 -3.1085097520e-14
d  3.1782534995e-03 2.2247773384e+00 -2.0000000000e-01 7.0157888101e-06 3.0000000000e+02 -7.6189111613e-13 2.9022186900e-14 7.0158983871e-13 7.6166863739e-13 -6.2361135201e-19 -2.9002190188e-14 -7.0157887520e-13 -3.1085676091e-14
d  3.1815765166e-03 2.2271034503e+00 -2.0000000000e-01 7.0676753018e-06 3.0000000000e+02 -7.6708891421e-13 2.9034149055e-14 7.0677432568e-13 7.6686620304e-13 -6.2691698289e-19 -2.9014152049e-14 -7.0676752504e-13 -3.1086352700e-14
d  3.1855641371e-03 2.2298947845e+00 -2.0000000000e-01 7.1306121505e-06 3.0000000000e+02 -7.7339423894e-13 2.9042991324e-14 7.1308390814e-13 7.7317124684e-13 -6.3551340232e-19 -2.9023000704e-14 -7.1306119741e-13 -3.1086883427e-14
d  3.1903492817e-03 2.2332443855e+00 -2.0000000000e-01 7.2070612899e-06 3.0000000000e+02 -7.8105144410e-13 2.9057427155e-14 7.2070767962e-13 7.8082811950e-13 -6.3931667361e-19 -2.9037427691e-14 -7.2070612865e-13 -3.1087707266e-14
d  3.1960914552e-03 2.2372639068e+00 -2.0000000000e-01 7.3001943853e-06 3.0000000000e+02 -7.9037979624e-13 2.9066933758e-14 7.3002215548e-13 7.9015606961e-13 -6.5139154422e-19 -2.9046934546e-14 -7.3001943769e-13 -3.1088299376e-14
d  3.1995367593e-03 2.2396756195e+00 -2.0000000000e-01 7.3567643816e-06 3.0000000000e+02 -7.9604380903e-13 2.9074572976e-14 7.3568275764e-13 7.9581984072e-13 -6.5631922189e-19 -2.9054575665e-14 -7.3567643363e-13 -3.1088751246e-14
d  3.2036711243e-03 2.2425696749e+00 -2.0000000000e-01 7.4253067862e-06 3.0000000000e+02 -8.0290434770e-13 2.9080651900e-14 7.4255451276e-13 8.0268008800e-13 -6.6367066634e-19 -2.9060661417e-14 -7.4253066067e-13 -3.1089133937e-14
d  3.2086323622e-03 2.2460425412e+00 -2.0000000000e-01 7.5085568360e-06 3.0000000000e+02 -8.1123696233e-13 2.9090421481e-14 7.5086786082e-13 8.1101235683e-13 -6.6900749951e-19 -2.9070425552e-14 -7.5085567629e-13 -3.1089715119e-14
d  3.2145858477e-03 2.2502099809e+00 -2.0000000000e-01 7.6102492952e-06 3.0000000000e+02 -8.2142612286e-13 2.9105718307e-14 7.6102883010e-13 8.2120110150e-13 -6.8180557214e-19 -2.9085719400e-14 -7.6102492810e-13 -3.1090612408e-14
d  3.2181579390e-03 2.2527104447e+00 -2.0000000000e-01 7.6720473126e-06 3.0000000000e+02 -8.2761425440e-13 2.9113077291e-14 7.6723049907e-13 8.2738898029e-13 -6.8932321659e-19 -2.9093087884e-14 -7.6720471120e-13 -3.1091054552e-14
d  3.2224444485e-03 2.2557110012e+00 -2.0000000000e-01 7.7469950294e-06 3.0000000000e+02 -8.3511750218e-13 2.9125129461e-14 7.7471014908e-13 8.3489192986e-13 -6.9256587217e-19 -2.9105133568e-14 -7.7469949562e-13 -3.1091741505e-14
d  3.2275882600e-03 2.2593116690e+00 -2.0000000000e-01 7.8381854712e-06 3.0000000000e+02 -8.4424902412e-13 2.9126233797e-14 7.8383205697e-13 8.4402309158e-13 -7.0465668663e-19 -2.9106238162e-14 -7.8381853922e-13 -3.1091881028e-14
d  3.2337608338e-03 2.2636324705e+00 -2.0000000000e-01 7.9493216346e-06 3.0000000000e+02 -8.5537498256e-13 2.9146012712e-14 7.9493175015e-13 8.5514861935e-13 -7.1378101965e-19 -2.9126012600e-14 -7.9493216448e-13 -3.1093005156e-14
d  3.2374643780e-03 2.2662249513e+00 -2.0000000000e-01 8.0169382569e-06 3.0000000000e+02 -8.6214439239e-13 2.9149518187e-14 8.0172071431e-13 8.6191776670e-13 -7.2396642869e-19 -2.9129528866e-14 -8.0169380541e-13 -3.1093249960e-14
d  3.2419086312e-03 2.2693359283e+00 -2.0000000000e-01 8.0989437794e-06 3.0000000000e+02 -8.7035182759e-13 2.9161641537e-14 8.0989965563e-13 8.7012489339e-13 -7.2644366274e-19 -2.9141643504e-14 -8.0989437485e-13 -3.1093938378e-14
d  3.2472417349e-03 2.2730691008e+00 -2.0000000000e-01 8.1987363166e-06 3.0000000000e+02 -8.8034182642e-13 2.9162619466e-14 8.1987835874e-13 8.8011451903e-13 -7.3983283733e-19 -2.9142620941e-14 -8.1987362953e-13 -3.1094073844e-14
d  3.2504415971e-03 2.2753090042e+00 -2.0000000000e-01 8.2593417307e-06 3.0000000000e+02 -8.8640908162e-13 2.9173354924e-14 8.2594344007e-13 8.8618154949e-13 -7.4574836693e-19 -2.9153359171e-14 -8.2593416554e-13 -3.1094682533e-14
d  3.2542814318e-03 2.2779968884e+00 -2.0000000000e-01 8.3327559886e-06 3.0000000000e+02 -8.9375721689e-13 2.9179440335e-14 8.3328738892e-13 8.9352941570e-13 -7.5229285721e-19 -2.9159445404e-14 -8.3327558970e-13 -3.1095055148e-14
d  3.2588892335e-03 2.2812223494e+00 -2.0000000000e-01 8.4217918202e-06 3.0000000000e+02 -9.0266564656e-13 2.9183730651e-14 8.4218084105e-13 9.0243752414e-13 -7.5943417474e-19 -2.9163731248e-14 -8.4217918168e-13 -3.1095342630e-14
d  3.2644185954e-03 2.2850929025e+00 -2.0000000000e-01 8.5301314697e-06 3.0000000000e+02 -9.1350740158e-13 2.9189097724e-14 8.5301277809e-13 9.1327889233e-13 -7.7120665323e-19 -2.9169097613e-14 -8.5301314805e-13 -3.1095705048e-14
d  3.2677362126e-03 2.2874152344e+00 -2.0000000000e-01 8.5959023481e-06 3.0000000000e+02 -9.2008869484e-13 2.9192860484e-14 8.5959921403e-13 9.1985995213e-13 -7.7816457722e-19 -2.9172864458e-14 -8.5959022782e-13 -3.1095950513e-14
d  3.2717173532e-03 2.2902020327e+00 -2.0000000000e-01 8.6755490304e-06 3.0000000000e+02 -9.2805659070e-13 2.9197442417e-14 8.6755796217e-13 9.2782757010e-13 -7.8356513299e-19 -2.9177443687e-14 -8.6755490139e-13 -3.1096242359e-14
d  3.2764947219e-03 2.2935461907e+00 -2.0000000000e-01 8.7721922975e-06 3.0000000000e+02 -9.3772409142e-13 2.9196839180e-14 8.7723511476e-13 9.3749473500e-13 -7.9454656758e-19 -2.9176844706e-14 -8.7721921958e-13 -3.1096282168e-14
d  3.2822275644e-03 2.2975591802e+00 -2.0000000000e-01 8.8899116931e-06 3.0000000000e+02 -9.4950513222e-13 2.9209154195e-14 8.8899609227e-13 9.4927537579e-13 -8.0448539851e-19 -2.9189155630e-14 -8.8899116730e-13 -3.1097004706e-14
d  3.2856672699e-03 2.2999669739e+00 -2.0000000000e-01 8.9614794101e-06 3.0000000000e+02 -9.5666912009e-13 2.9213798678e-14 8.9615076838e-13 9.5643912302e-13 -8.1270138840e-19 -2.9193799887e-14 -8.9614793951e-13 -3.1097298653e-14
d  3.2897949165e-03 2.3028563264e+00 -2.0000000000e-01 9.0483084777e-06 3.0000000000e+02 -9.6536126887e-13 2.9220046515e-14 9.0483418703e-13 9.6513098282e-13 -8.2164200830e-19 -2.9200047855e-14 -9.0483084601e-13 -3.1097684521e-14
d  3.2947480924e-03 2.3063235493e+00 -2.0000000000e-01 9.1538941003e-06 3.0000000000e+02 -9.7593123424e-13 2.9231114787e-14 9.1538880438e-13 9.7570060195e-13 -8.3195815154e-19 -2.9211114583e-14 -9.1538941136e-13 -3.1098332766e-14
d  3.3006919034e-03 2.3104842169e+00 -2.0000000000e-01 9.2826025309e-06 3.0000000000e+02 -9.8881496836e-13 2.9243939968e-14 9.2826668879e-13 9.8858391927e-13 -8.4566625186e-19 -2.9223941782e-14 -9.2826025033e-13 -3.1099088627e-14
d  3.3042581901e-03 2.3129806174e+00 -2.0000000000e-01 9.3608998833e-06 3.0000000000e+02 -9.9665242807e-13 2.9252197692e-14 9.3609409303e-13 9.9642112947e-13 -8.5280985747e-19 -2.9232199388e-14 -9.3608998588e-13 -3.1099568665e-14
d  3.3085377341e-03 2.3159762980e+00 -2.0000000000e-01 9.4559379164e-06 3.0000000000e+02 -1.0061656811e-12 2.9257328176e-14 9.4560749084e-13 1.0059340817e-12 -8.6363944225e-19 -2.9237333487e-14 -9.4559378195e-13 -3.1099899397e-14
d  3.3136731868e-03 2.3195711148e+00 -2.0000000000e-01 9.5718818406e-06 3.0000000000e+02 -1.0177807637e-12 2.9274230105e-14 9.5719139254e-13 1.0175488062e-12 -8.7572651450e-19 -2.9254231148e-14 -9.5718818291e-13 -3.1100854015e-14
d  3.3198357301e-03 2.3238848949e+00 -2.0000000000e-01 9.7134978873e-06 3.0000000000e+02 -1.0319637187e-12 2.9300150820e-14 9.7136800658e-13 1.0317313284e-12 -8.9239322795e-19 -2.9280155781e-14 -9.7134977953e-13 -3.1102297066e-14
d  3.3235332561e-03 2.3264731630e+00 -2.0000000000e-01 9.7997483355e-06 3.0000000000e+02 -1.0405992182e-12 2.9311851627e-14 9.7997424359e-13 1.0403665710e-12 -8.9836292963e-19 -2.9291851392e-14 -9.7997483501e-13 -3.1102952474e-14
d  3.3279702873e-03 2.3295790847e+00 -2.0000000000e-01 9.9045286622e-06 3.0000000000e+02 -1.0510887486e-12 2.9317228191e-14 9.9045503166e-13 1.0508557904e-12 -9.1186380550e-19 -2.9297229002e-14 -9.9045286557e-13 -3.1103299781e-14
d  3.3332947248e-03 2.3333061907e+00 -2.0000000000e-01 1.0032104248e-05 3.0000000000e+02 -1.0638585602e-12 2.9330253353e-14 1.0032170973e-12 1.0636252288e-12 -9.2428797174e-19 -2.9310255448e-14 -1.0032104215e-12 -3.1104051146e-14
d  3.3364893872e-03 2.3355424543e+00 -2.0000000000e-01 1.0109617995e-05 3.0000000000e+02 -1.0716167169e-12 2.9337489119e-14 1.0109718276e-12 1.0713831612e-12 -9.3226769376e-19 -2.9317493736e-14 -1.0109617913e-12 -3.1104472257e-14
d  3.3403229822e-03 2.3382259706e+00 -2.0000000000e-01 1.0203595573e-05 3.0000000000e+02 -1.0810222102e-12 2.9344466521e-14 1.0203631629e-12 1.0807883871e-12 -9.4082975250e-19 -2.9324468079e-14 -1.0203595552e-12 -3.1104886231e-14
d  3.3449232961e-03 2.3414461902e+00 -2.0000000000e-01 1.0317764153e-05 3.0000000000e+02 -1.0924479452e-12 2.9349457719e-14 1.0317861707e-12 1.0922137994e-12 -9.5376609253e-19 -2.9329461249e-14 -1.0317764092e-12 -3.1105211995e-14
d  3.3504436728e-03 2.3453104537e+00 -2.0000000000e-01 1.0456658168e-05 3.0000000000e+02 -1.1063434683e-12 2.9353718390e-14 1.0456747727e-12 1.1061089362e-12 -9.6602290394e-19 -2.9333721107e-14 -1.0456658123e-12 -3.1105505912e-14
d  3.3537558989e-03 2.3476290118e+00 -2.0000000000e-01 1.0540961680e-05 3.0000000000e+02 -1.1147753439e-12 2.9360301426e-14 1.0541004270e-12 1.1145405803e-12 -9.7363365037e-19 -2.9340303321e-14 -1.0540961653e-12 -3.1105892111e-14
d  3.3577305701e-03 2.3504112816e+00 -2.0000000000e-01 1.0643137148e-05 3.0000000000e+02 -1.1249956330e-12 2.9357644248e-14 1.0643133980e-12 1.1247605920e-12 -9.8385958279e-19 -2.9337644116e-14 -1.0643137161e-12 -3.1105808027e-14
d  3.3625001756e-03 2.3537500053e+00 -2.0000000000e-01 1.0767140102e-05 3.0000000000e+02 -1.1373974267e-12 2.9361348685e-14 1.0767181285e-12 1.1371620512e-12 -9.9599148027e-19 -2.9341350125e-14 -1.0767140084e-12 -3.1106065638e-14
d  3.3682237022e-03 2.3577564737e+00 -2.0000000000e-01 1.0918008252e-05 3.0000000000e+02 -1.1524862063e-12 2.9363089929e-14 1.0918087140e-12 1.1522504297e-12 -1.0099659738e-18 -2.9343092242e-14 -1.0918008215e-12 -3.1106232554e-14
d  3.3716578182e-03 2.3601603547e+00 -2.0000000000e-01 1.1009628536e-05 3.0000000000e+02 -1.1616496679e-12 2.9365223056e-14 1.1009672245e-12 1.1614136512e-12 -1.0182156370e-18 -2.9345224934e-14 -1.1009628509e-12 -3.1106388729e-14
d  3.3757787573e-03 2.3630450120e+00 -2.0000000000e-01 1.1120694351e-05 3.0000000000e+02 -1.1727585925e-12 2.9363171707e-14 1.1120717290e-12 1.1725222877e-12 -1.0292424223e-18 -2.9343172632e-14 -1.1120694343e-12 -3.1106338581e-14
d  3.3807238843e-03 2.3665066007e+00 -2.0000000000e-01 1.1255715809e-05 3.0000000000e+02 -1.1862668274e-12 2.9371572471e-14 1.1255706090e-12 1.1860301769e-12 -1.0428644633e-18 -2.9351572143e-14 -1.1255715827e-12 -3.1106843133e-14
d  3.3866580367e-03 2.3706605071e+00 -2.0000000000e-01 1.1420279970e-05 3.0000000000e+02 -1.2027317420e-12 2.9378088295e-14 1.1420365702e-12 1.2024946749e-12 -1.0600992605e-18 -2.9358090724e-14 -1.1420279930e-12 -3.1107264582e-14
d  3.3902185281e-03 2.3731528510e+00 -2.0000000000e-01 1.1520322434e-05 3.0000000000e+02 -1.2127398104e-12 2.9383756434e-14 1.1520325434e-12 1.2125024951e-12 -1.0682789471e-18 -2.9363756559e-14 -1.1520322443e-12 -3.1107603856e-14
d  3.3944911178e-03 2.3761436637e+00 -2.0000000000e-01 1.1641687164e-05 3.0000000000e+02 -1.2248805923e-12 2.9384787239e-14 1.1641714811e-12 1.2246429776e-12 -1.0815586778e-18 -2.9364788316e-14 -1.1641687153e-12 -3.1107718253e-14
d  3.3996182255e-03 2.3797326388e+00 -2.0000000000e-01 1.1789100843e-05 3.0000000000e+02 -1.2396231544e-12 2.9386649530e-14 1.1789184060e-12 1.2393851801e-12 -1.0948947756e-18 -2.9366652247e-14 -1.1789100798e-12 -3.1107882820e-14
d  3.4057707546e-03 2.3840394090e+00 -2.0000000000e-01 1.1968838054e-05 3.0000000000e+02 -1.2576027428e-12 2.9392521849e-14 1.1968844178e-12 1.2573643388e-12 -1.1122297967e-18 -2.9372522017e-14 -1.1968838062e-12 -3.1108270748e-14
d  3.4094622721e-03 2.3866234712e+00 -2.0000000000e-01 1.2078154493e-05 3.0000000000e+02 -1.2685377529e-12 2.9393820301e-14 1.2078181822e-12 1.2682990901e-12 -1.1236734089e-18 -2.9373821397e-14 -1.2078154482e-12 -3.1108389900e-14
d  3.4138920931e-03 2.3897243457e+00 -2.0000000000e-01 1.2208438951e-05 3.0000000000e+02 -1.2815029000e-12 2.9334226280e-14 1.2209962479e-12 1.2812639052e-12 -1.1291085117e-18 -2.9314283641e-14 -1.2208437780e-12 -3.1105352984e-14
d  3.4192078784e-03 2.3934453952e+00 -2.0000000000e-01 1.2371393717e-05 3.0000000000e+02 -1.2978944751e-12 2.9425250427e-14 1.2371455278e-12 1.2976551297e-12 -1.1555607439e-18 -2.9405252369e-14 -1.2371393688e-12 -3.1110155444e-14
d  3.4255868206e-03 2.3979106545e+00 -2.0000000000e-01 1.2568699101e-05 3.0000000000e+02 -1.3176274255e-12 2.9427065867e-14 1.2568773668e-12 1.3173876335e-12 -1.1740745006e-18 -2.9407067840e-14 -1.2568699071e-12 -3.1110337622e-14
d  3.4294141860e-03 2.4005898101e+00 -2.0000000000e-01 1.2688890600e-05 3.0000000000e+02 -1.3296483359e-12 2.9429016836e-14 1.2688927510e-12 1.3294082764e-12 -1.1858193665e-18 -2.9409018266e-14 -1.2688890583e-12 -3.1110489602e-14
d  3.4340070244e-03 2.4038047969e+00 -2.0000000000e-01 1.2834882570e-05 3.0000000000e+02 -1.3442512289e-12 2.9430978549e-14 1.2834879377e-12 1.3440108484e-12 -1.2005076031e-18 -2.9410978432e-14 -1.2834882585e-12 -3.1110654294e-14
d  3.4395184305e-03 2.4076627810e+00 -2.0000000000e-01 1.3012653925e-05 3.0000000000e+02 -1.3620346393e-12 2.9436014783e-14 1.3012736419e-12 1.3617938719e-12 -1.2192788786e-18 -2.9416017299e-14 -1.3012653885e-12 -3.1110992672e-14
d  3.4428252742e-03 2.4099775714e+00 -2.0000000000e-01 1.3120691489e-05 3.0000000000e+02 -1.3728428175e-12 2.9442111390e-14 1.3120760984e-12 1.3726018185e-12 -1.2293339709e-18 -2.9422114496e-14 -1.3120691439e-12 -3.1111351974e-14
d  3.4467934866e-03 2.4127553199e+00 -2.0000000000e-01 1.3251724849e-05 3.0000000000e+02 -1.3859517579e-12 2.9442222358e-14 1.3251754887e-12 1.3857104819e-12 -1.2426234435e-18 -2.9422223619e-14 -1.3251724837e-12 -3.1111412515e-14
d  3.4515553414e-03 2.4160886182e+00 -2.0000000000e-01 1.3411229203e-05 3.0000000000e+02 -1.4019150324e-12 2.9458165373e-14 1.3411310527e-12 1.4016734223e-12 -1.2613988215e-18 -2.9438168232e-14 -1.3411229156e-12 -3.1112307517e-14
d  3.4572695673e-03 2.4200885761e+00 -2.0000000000e-01 1.3605787725e-05 3.0000000000e+02 -1.4213850113e-12 2.9471229195e-14 1.3605901113e-12 1.4211430009e-12 -1.2812887180e-18 -2.9451232537e-14 -1.3605787667e-12 -3.1113061526e-14
d  3.4606981028e-03 2.4224885508e+00 -2.0000000000e-01 1.3724157197e-05 3.0000000000e+02 -1.4332285918e-12 2.9471922217e-14 1.3724144763e-12 1.4329863431e-12 -1.2922445198e-18 -2.9451921680e-14 -1.3724157222e-12 -3.1113142095e-14
d  3.4648123454e-03 2.4253685205e+00 -2.0000000000e-01 1.3867801862e-05 3.0000000000e+02 -1.4475994194e-12 2.9482744739e-14 1.3867839596e-12 1.4473568819e-12 -1.3089533765e-18 -2.9462746268e-14 -1.3867801844e-12 -3.1113761987e-14
d  3.4697494365e-03 2.4288244841e+00 -2.0000000000e-01 1.4042513052e-05 3.0000000000e+02 -1.4650777886e-12 2.9488960582e-14 1.4042506304e-12 1.4648349062e-12 -1.3255544769e-18 -2.9468960353e-14 -1.4042513071e-12 -3.1114148609e-14
d  3.4727116912e-03 2.4308980623e+00 -2.0000000000e-01 1.4148578566e-05 3.0000000000e+02 -1.4756885061e-12 2.9491592619e-14 1.4148789337e-12 1.4754454122e-12 -1.3392863737e-18 -2.9471603116e-14 -1.4148578364e-12 -3.1114331593e-14
d  3.4762663968e-03 2.4333863561e+00 -2.0000000000e-01 1.4277081293e-05 3.0000000000e+02 -1.4885434098e-12 2.9500483030e-14 1.4277168256e-12 1.4883000696e-12 -1.3478502014e-18 -2.9480487095e-14 -1.4277081223e-12 -3.1114830189e-14
d  3.4805320436e-03 2.4363723087e+00 -2.0000000000e-01 1.4433082383e-05 3.0000000000e+02 -1.5041492364e-12 2.9497448705e-14 1.4433143374e-12 1.5039055982e-12 -1.3661716964e-18 -2.9477451093e-14 -1.4433082347e-12 -3.1114737527e-14
d  3.4856508197e-03 2.4399554518e+00 -2.0000000000e-01 1.4622793428e-05 3.0000000000e+02 -1.5231243798e-12 2.9506251824e-14 1.4622902785e-12 1.5228803825e-12 -1.3850151909e-18 -2.9486255413e-14 -1.4622793365e-12 -3.1115261728e-14
d  3.4887220853e-03 2.4421053376e+00 -2.0000000000e-01 1.4737952086e-05 3.0000000000e+02 -1.5346422544e-12 2.9508920728e-14 1.4738131160e-12 1.5343980405e-12 -1.3967316151e-18 -2.9488929344e-14 -1.4737951923e-12 -3.1115442207e-14
d  3.4924076041e-03 2.4446852006e+00 -2.0000000000e-01 1.4877399052e-05 3.0000000000e+02 -1.5485873909e-12 2.9509185592e-14 1.4877532925e-12 1.5483429199e-12 -1.4085641999e-18 -2.9489191636e-14 -1.4877398940e-12 -3.1115502480e-14
d  3.4968302266e-03 2.4477810363e+00 -2.0000000000e-01 1.5046677866e-05 3.0000000000e+02 -1.5655175110e-12 2.9503232641e-14 1.5046782794e-12 1.5652727311e-12 -1.4263034373e-18 -2.9483236611e-14 -1.5046677797e-12 -3.1115258631e-14
d  3.5021373737e-03 2.4514960390e+00 -2.0000000000e-01 1.5252609986e-05 3.0000000000e+02 -1.5861134505e-12 2.9513132432e-14 1.5252614855e-12 1.5858683008e-12 -1.4460855140e-18 -2.9493132586e-14 -1.5252609998e-12 -3.1115840644e-14
d  3.5053216619e-03 2.4537250407e+00 -2.0000000000e-01 1.5377673823e-05 3.0000000000e+02 -1.5986221749e-12 2.9511802414e-14 1.5377785820e-12 1.5983768002e-12 -1.4604693447e-18 -2.9491807619e-14 -1.5377673730e-12 -3.1115820390e-14
d  3.5091428078e-03 2.4563998426e+00 -2.0000000000e-01 1.5529265421e-05 3.0000000000e+02 -1.6137841257e-12 2.9510959272e-14 1.5529300893e-12 1.6135384851e-12 -1.4733620596e-18 -2.9490960819e-14 -1.5529265404e-12 -3.1115825709e-14
d  3.5137281829e-03 2.4596096050e+00 -2.0000000000e-01 1.5713367890e-05 3.0000000000e+02 -1.6321973833e-12 2.9518582946e-14 1.5713481064e-12 1.6319514203e-12 -1.4936383102e-18 -2.9498587082e-14 -1.5713367816e-12 -3.1116286092e-14
d  3.5192306329e-03 2.4634613199e+00 -2.0000000000e-01 1.5937574173e-05 3.0000000000e+02 -1.6546233386e-12 2.9523617027e-14 1.5937560342e-12 1.6543769927e-12 -1.5146705278e-18 -2.9503616603e-14 -1.5937574198e-12 -3.1116619253e-14
d  3.5225321030e-03 2.4657723488e+00 -2.0000000000e-01 1.6073723050e-05 3.0000000000e+02 -1.6682384950e-12 2.9520775421e-14 1.6073715626e-12 1.6679919179e-12 -1.5286779183e-18 -2.9500775088e-14 -1.6073723073e-12 -3.1116520375e-14
d  3.5264938670e-03 2.4685455835e+00 -2.0000000000e-01 1.6238632896e-05 3.0000000000e+02 -1.6847266943e-12 2.9518511099e-14 1.6238682911e-12 1.6844798388e-12 -1.5440523023e-18 -2.9498513206e-14 -1.6238632867e-12 -3.1116458049e-14
d  3.5312479838e-03 2.4718734651e+00 -2.0000000000e-01 1.6438924780e-05 3.0000000000e+02 -1.7047556454e-12 2.9519048176e-14 1.6438987194e-12 1.7045084569e-12 -1.5634353487e-18 -2.9499050381e-14 -1.6438924748e-12 -3.1116551982e-14
d  3.5341004540e-03 2.4738701941e+00 -2.0000000000e-01 1.6560411857e-05 3.0000000000e+02 -1.7169059540e-12 2.9520923813e-14 1.6560689028e-12 1.7166585609e-12 -1.5782153754e-18 -2.9500938164e-14 -1.6560411574e-12 -3.1116694716e-14
d  3.5375234181e-03 2.4762662689e+00 -2.0000000000e-01 1.6707465568e-05 3.0000000000e+02 -1.7316123829e-12 2.9525826822e-14 1.6707699022e-12 1.7313647513e-12 -1.5887737205e-18 -2.9505838165e-14 -1.6707465346e-12 -3.1116987051e-14
d  3.5416309751e-03 2.4791415586e+00 -2.0000000000e-01 1.6885882906e-05 3.0000000000e+02 -1.7494575423e-12 2.9526145417e-14 1.6885968622e-12 1.7492096264e-12 -1.6073861930e-18 -2.9506148906e-14 -1.6885882848e-12 -3.1117063373e-14
d  3.5465600434e-03 2.4825919063e+00 -2.0000000000e-01 1.7102783733e-05 3.0000000000e+02 -1.7711511894e-12 2.9526394916e-14 1.7102779501e-12 1.7709029303e-12 -1.6299489300e-18 -2.9506394771e-14 -1.7102783753e-12 -3.1117148506e-14
d  3.5495174844e-03 2.4846621149e+00 -2.0000000000e-01 1.7234332390e-05 3.0000000000e+02 -1.7843058235e-12 2.9524896137e-14 1.7234572201e-12 1.7840573520e-12 -1.6453103406e-18 -2.9504908131e-14 -1.7234332153e-12 -3.1117119106e-14
d  3.5530664136e-03 2.4871463652e+00 -2.0000000000e-01 1.7393621310e-05 3.0000000000e+02 -1.8002348820e-12 2.9531155879e-14 1.7393828607e-12 1.7999861629e-12 -1.6569169118e-18 -2.9511165608e-14 -1.7393621120e-12 -3.1117483002e-14
d  3.5573251287e-03 2.4901274656e+00 -2.0000000000e-01 1.7587259523e-05 3.0000000000e+02 -1.8196084809e-12 2.9527182183e-14 1.7587356796e-12 1.8193594663e-12 -1.6797935127e-18 -2.9507186008e-14 -1.7587259458e-12 -3.1117347279e-14
d  3.5624355868e-03 2.4937047860e+00 -2.0000000000e-01 1.7823109643e-05 3.0000000000e+02 -1.8432049424e-12 2.9547942509e-14 1.7823116415e-12 1.8429555718e-12 -1.7052417177e-18 -2.9527942732e-14 -1.7823109656e-12 -3.1118489365e-14
d  3.5655018616e-03 2.4958511783e+00 -2.0000000000e-01 1.7966451424e-05 3.0000000000e+02 -1.8575452332e-12 2.9549942909e-14 1.7966443533e-12 1.8572956483e-12 -1.7208015590e-18 -2.9529942528e-14 -1.7966451450e-12 -3.1118638394e-14
d  3.5691813914e-03 2.4984268491e+00 -2.0000000000e-01 1.8140284499e-05 3.0000000000e+02 -1.8749350949e-12 2.9556605353e-14 1.8140289278e-12 1.8746852521e-12 -1.7393704816e-18 -2.9536605570e-14 -1.8140284513e-12 -3.1119035500e-14
d  3.5714290000e-03 2.5000001750e+00 -2.0000000000e-01 1.8247453790e-05 3.0000000000e+02 -1.8856557519e-12 2.9559459376e-14 1.8247527915e-12 1.8854057499e-12 -1.7514833846e-18 -2.9539464238e-14 -1.8247453708e-12 -3.1119217213e-14
d  3.5741261303e-03 2.5018881661e+00 -2.0000000000e-01 1.8377046410e-05 3.0000000000e+02 -1.8986192517e-12 2.9565091723e-14 1.8377154290e-12 1.8983690602e-12 -1.7642516984e-18 -2.9545098342e-14 -1.8377046290e-12 -3.1119544640e-14
d  3.5773626867e-03 2.5041537555e+00 -2.0000000000e-01 1.8533984307e-05 3.0000000000e+02 -1.9143178826e-12 2.9569618774e-14 1.8533988845e-12 1.9140674672e-12 -1.7793554624e-18 -2.9549619007e-14 -1.8533984321e-12 -3.1119822091e-14
d  3.5812465543e-03 2.5068724627e+00 -2.0000000000e-01 1.8724352868e-05 3.0000000000e+02 -1.9333595327e-12 2.9571164135e-14 1.8724425719e-12 1.9331088439e-12 -1.8013031511e-18 -2.9551167270e-14 -1.8724352819e-12 -3.1119963696e-14
d  3.5859071955e-03 2.5101349114e+00 -2.0000000000e-01 1.8955792715e-05 3.0000000000e+02 -1.9565092339e-12 2.9578501248e-14 1.8955934177e-12 1.9562582175e-12 -1.8247678483e-18 -2.9558506349e-14 -1.8955792620e-12 -3.1120408183e-14
d  3.5887035802e-03 2.5120923806e+00 -2.0000000000e-01 1.9096175938e-05 3.0000000000e+02 -1.9705493142e-12 2.9582801123e-14 1.9096181394e-12 1.9702981048e-12 -1.8367456509e-18 -2.9562801412e-14 -1.9096175951e-12 -3.1120664903e-14
d  3.5920592419e-03 2.5144413436e+00 -2.0000000000e-01 1.9266205649e-05 3.0000000000e+02 -1.9875553557e-12 2.9579250674e-14 1.9266209890e-12 1.9873039115e-12 -1.8567292704e-18 -2.9559250885e-14 -1.9266205664e-12 -3.1120538361e-14
d  3.5960860359e-03 2.5172600992e+00 -2.0000000000e-01 1.9472538958e-05 3.0000000000e+02 -2.0081929200e-12 2.9584586648e-14 1.9472687325e-12 2.0079411907e-12 -1.8788526449e-18 -2.9564592815e-14 -1.9472538842e-12 -3.1120873961e-14
d  3.6009181886e-03 2.5206426060e+00 -2.0000000000e-01 1.9723505216e-05 3.0000000000e+02 -2.0332953470e-12 2.9593110636e-14 1.9723486051e-12 2.0330432831e-12 -1.9021322240e-18 -2.9573109968e-14 -1.9723505251e-12 -3.1121377390e-14
d  3.6038174803e-03 2.5226721101e+00 -2.0000000000e-01 1.9875882008e-05 3.0000000000e+02 -2.0485368260e-12 2.9591799651e-14 1.9875887064e-12 2.0482845586e-12 -1.9203929737e-18 -2.9571799909e-14 -1.9875882023e-12 -3.1121359240e-14
d  3.6072966303e-03 2.5251075149e+00 -2.0000000000e-01 2.0060537962e-05 3.0000000000e+02 -2.0670068916e-12 2.9597235310e-14 2.0060531423e-12 2.0667543810e-12 -1.9390297038e-18 -2.9577234997e-14 -2.0060537989e-12 -3.1121689048e-14
d  3.6114716103e-03 2.5280300008e+00 -2.0000000000e-01 2.0284756832e-05 3.0000000000e+02 -2.0894342217e-12 2.9601621733e-14 2.0284738535e-12 2.0891814191e-12 -1.9627482941e-18 -2.9581620998e-14 -2.0284756869e-12 -3.1121977910e-14
d  3.6164815863e-03 2.5315369838e+00 -2.0000000000e-01 2.0557664485e-05 3.0000000000e+02 -2.1167314508e-12 2.9607115727e-14 2.0557672327e-12 2.1164782969e-12 -1.9917240397e-18 -2.9587115991e-14 -2.0557664500e-12 -3.1122336790e-14
d  3.6194875719e-03 2.5336411736e+00 -2.0000000000e-01 2.0723430812e-05 3.0000000000e+02 -2.1333114729e-12 2.9610757973e-14 2.0723438826e-12 2.1330581085e-12 -2.0087636119e-18 -2.9590758369e-14 -2.0723430824e-12 -3.1122568746e-14
d  3.6230947546e-03 2.5361662014e+00 -2.0000000000e-01 2.0924297604e-05 3.0000000000e+02 -2.1534003158e-12 2.9612198198e-14 2.0924346521e-12 2.1531466979e-12 -2.0294792679e-18 -2.9592200462e-14 -2.0924297575e-12 -3.1122697862e-14
d  3.6274233739e-03 2.5391962347e+00 -2.0000000000e-01 2.1168162083e-05 3.0000000000e+02 -2.1777885395e-12 2.9614882279e-14 2.1168300922e-12 2.1775346167e-12 -2.0544206971e-18 -2.9594887664e-14 -2.1168161982e-12 -3.1122901613e-14
d  3.6300205454e-03 2.5410142547e+00 -2.0000000000e-01 2.1316005475e-05 3.0000000000e+02 -2.1925746658e-12 2.9620103391e-14 2.1316153535e-12 2.1923205603e-12 -2.0692048574e-18 -2.9600111813e-14 -2.1316005314e-12 -3.1123207502e-14
d  3.6331371513e-03 2.5431958787e+00 -2.0000000000e-01 2.1494954751e-05 3.0000000000e+02 -2.2104723310e-12 2.9620049578e-14 2.1494961631e-12 2.2102180113e-12 -2.0862113509e-18 -2.9600049946e-14 -2.1494954764e-12 -3.1123250023e-14
d  3.6368770783e-03 2.5458138275e+00 -2.0000000000e-01 2.1711972114e-05 3.0000000000e+02 -2.2321781611e-12 2.9619836414e-14 2.1712068907e-12 2.2319235772e-12 -2.1121145316e-18 -2.9599840741e-14 -2.1711972039e-12 -3.1123304666e-14
d  3.6413649908e-03 2.5489553661e+00 -2.0000000000e-01 2.1975733178e-05 3.0000000000e+02 -2.2585597581e-12 2.9628308871e-14 2.1975712642e-12 2.2583048631e-12 -2.1373222478e-18 -2.9608308102e-14 -2.1975733217e-12 -3.1123802892e-14
d  3.6440577383e-03 2.5508402892e+00 -2.0000000000e-01 2.2135772285e-05 3.0000000000e+02 -2.2745672981e-12 2.9627745889e-14 2.2135779970e-12 2.2743122138e-12 -2.1561360349e-18 -2.9607746311e-14 -2.2135772298e-12 -3.1123821028e-14
d  3.6472890352e-03 2.5531021970e+00 -2.0000000000e-01 2.2329609534e-05 3.0000000000e+02 -2.2939553566e-12 2.9633121805e-14 2.2329616337e-12 2.2937000462e-12 -2.1760528413e-18 -2.9613122155e-14 -2.2329609548e-12 -3.1124145823e-14
d  3.6511665916e-03 2.5558164863e+00 -2.0000000000e-01 2.2564821464e-05 3.0000000000e+02 -2.3174816511e-12 2.9637356593e-14 2.2564989997e-12 2.3172260651e-12 -2.2026448172e-18 -2.9617363870e-14 -2.2564821321e-12 -3.1124427814e-14
d  3.6558196592e-03 2.5590736335e+00 -2.0000000000e-01 2.2850785852e-05 3.0000000000e+02 -2.3460826223e-12 2.9645814502e-14 2.2850795649e-12 2.3458267147e-12 -2.2291515323e-18 -2.9625814856e-14 -2.2850785866e-12 -3.1124926378e-14
d  3.6586114998e-03 2.5610279218e+00 -2.0000000000e-01 2.3024251603e-05 3.0000000000e+02 -2.3634298543e-12 2.9641026386e-14 2.3024260007e-12 2.3631737513e-12 -2.2484236714e-18 -2.9621026832e-14 -2.3024251616e-12 -3.1124729854e-14
d  3.6619617085e-03 2.5633730678e+00 -2.0000000000e-01 2.3234272947e-05 3.0000000000e+02 -2.3844319632e-12 2.9641287065e-14 2.3234263896e-12 2.3841756261e-12 -2.2690832272e-18 -2.9621286614e-14 -2.3234272980e-12 -3.1124794942e-14
d  3.6659819589e-03 2.5661872429e+00 -2.0000000000e-01 2.3489138155e-05 3.0000000000e+02 -2.4099211885e-12 2.9644136083e-14 2.3489123733e-12 2.4096645701e-12 -2.2961050868e-18 -2.9624135481e-14 -2.3489138192e-12 -3.1125006225e-14
d  3.6683941092e-03 2.5678757480e+00 -2.0000000000e-01 2.3643564290e-05 3.0000000000e+02 -2.4253658597e-12 2.9644528111e-14 2.3643702576e-12 2.4251090678e-12 -2.3142457948e-18 -2.9624536571e-14 -2.3643564128e-12 -3.1125069943e-14
d  3.6712886895e-03 2.5699019541e+00 -2.0000000000e-01 2.3830382287e-05 3.0000000000e+02 -2.4440500717e-12 2.9652113090e-14 2.3830540771e-12 2.4437930767e-12 -2.3312166817e-18 -2.9632122187e-14 -2.3830382111e-12 -3.1125498355e-14
d  3.6747621858e-03 2.5723334015e+00 -2.0000000000e-01 2.4056776041e-05 3.0000000000e+02 -2.4666929458e-12 2.9654004477e-14 2.4056778702e-12 2.4664357124e-12 -2.3539304975e-18 -2.9634004605e-14 -2.4056776062e-12 -3.1125649391e-14
d  3.6789303815e-03 2.5752511383e+00 -2.0000000000e-01 2.4331864529e-05 3.0000000000e+02 -2.4942093481e-12 2.9655976221e-14 2.4332009346e-12 2.4939518191e-12 -2.3878399219e-18 -2.9635982053e-14 -2.4331864417e-12 -3.1125828861e-14
d  3.6814312989e-03 2.5770017804e+00 -2.0000000000e-01 2.4498620019e-05 3.0000000000e+02 -2.5108872622e-12 2.9665873099e-14 2.4498747479e-12 2.5106295580e-12 -2.4025340460e-18 -2.9645880628e-14 -2.4498619877e-12 -3.1126368126e-14
d  3.6844323998e-03 2.5791025509e+00 -2.0000000000e-01 2.4700486984e-05 3.0000000000e+02 -2.5310779218e-12 2.9664810686e-14 2.4700496146e-12 2.5308200113e-12 -2.4236068879e-18 -2.9644811194e-14 -2.4700486998e-12 -3.1126363603e-14
d  3.6880337208e-03 2.5816234755e+00 -2.0000000000e-01 2.4945314123e-05 3.0000000000e+02 -2.5555660324e-12 2.9666451688e-14 2.4945438958e-12 2.5553078664e-12 -2.4530361875e-18 -2.9646457484e-14 -2.4945314015e-12 -3.1126514876e-14
d  3.6923553060e-03 2.5846485850e+00 -2.0000000000e-01 2.5242887196e-05 3.0000000000e+02 -2.5853302456e-12 2.9677575572e-14 2.5242877554e-12 2.5850717810e-12 -2.4821514070e-18 -2.9657575197e-14 -2.5242887230e-12 -3.1127148272e-14
d  3.6949482572e-03 2.5864636507e+00 -2.0000000000e-01 2.5423377434e-05 3.0000000000e+02 -2.6033821586e-12 2.9676498054e-14 2.5423381490e-12 2.6031235121e-12 -2.5029918668e-18 -2.9656498285e-14 -2.5423377454e-12 -3.1127140998e-14
d  3.6980597986e-03 2.5886417296e+00 -2.0000000000e-01 2.5641960674e-05 3.0000000000e+02 -2.6252446859e-12 2.9679620237e-14 2.5641970524e-12 2.6249858215e-12 -2.5263200411e-18 -2.9659620764e-14 -2.5641960688e-12 -3.1127353064e-14
d  3.7017936482e-03 2.5912554242e+00 -2.0000000000e-01 2.5907188086e-05 3.0000000000e+02 -2.6517733025e-12 2.9685235566e-14 2.5907191403e-12 2.6515141768e-12 -2.5551053792e-18 -2.9665235715e-14 -2.5907188108e-12 -3.1127703496e-14
d  3.7062742678e-03 2.5943918577e+00 -2.0000000000e-01 2.6229966514e-05 3.0000000000e+02 -2.6840622216e-12 2.9695300814e-14 2.6229937690e-12 2.6838027832e-12 -2.5918364025e-18 -2.9675299732e-14 -2.6229966567e-12 -3.1128296321e-14
d  3.7089626396e-03 2.5962737179e+00 -2.0000000000e-01 2.6426292147e-05 3.0000000000e+02 -2.7037075941e-12 2.9708850841e-14 2.6426302281e-12 2.7034479664e-12 -2.6178806107e-18 -2.9688851399e-14 -2.6426292161e-12 -3.1129040235e-14
d  3.7121886857e-03 2.5985319500e+00 -2.0000000000e-01 2.6664403581e-05 3.0000000000e+02 -2.7275309033e-12 2.9718071048e-14 2.6664414039e-12 2.7272710498e-12 -2.6445600057e-18 -2.9698071589e-14 -2.6664403595e-12 -3.1129566266e-14
d  3.7160599410e-03 2.6012418286e+00 -2.0000000000e-01 2.6953729213e-05 3.0000000000e+02 -2.7564747779e-12 2.9729011973e-14 2.6953726134e-12 2.7562146538e-12 -2.6776306852e-18 -2.9709011840e-14 -2.6953729243e-12 -3.1130192781e-14
d  3.7183826942e-03 2.6028677558e+00 -2.0000000000e-01 2.7129200395e-05 3.0000000000e+02 -2.7740274642e-12 2.9733768615e-14 2.7129368516e-12 2.7737671714e-12 -2.6999331993e-18 -2.9713779295e-14 -2.7129200184e-12 -3.1130482007e-14
d  3.7211699980e-03 2.6048188684e+00 -2.0000000000e-01 2.7341574246e-05 3.0000000000e+02 -2.7952701337e-12 2.9745197618e-14 2.7341711950e-12 2.7950096470e-12 -2.7196467947e-18 -2.9725205826e-14 -2.7341574088e-12 -3.1131104276e-14
d  3.7245147626e-03 2.6071602035e+00 -2.0000000000e-01 2.7599046917e-05 3.0000000000e+02 -2.8210236051e-12 2.9747578841e-14 2.7599045734e-12 2.8207628891e-12 -2.7481344623e-18 -2.9727578782e-14 -2.7599046946e-12 -3.1131285390e-14
d  3.7285284801e-03 2.6099698056e+00 -2.0000000000e-01 2.7911852895e-05 3.0000000000e+02 -2.8523116909e-12 2.9750476293e-14 2.7912018512e-12 2.8520506887e-12 -2.7862077296e-18 -2.9730483217e-14 -2.7911852756e-12 -3.1131512752e-14
d  3.7309367106e-03 2.6116555669e+00 -2.0000000000e-01 2.8101569355e-05 3.0000000000e+02 -2.8712877408e-12 2.9758855686e-14 2.8101730500e-12 2.8710265694e-12 -2.8049841792e-18 -2.9738865571e-14 -2.8101569159e-12 -3.1131977200e-14
d  3.7338265872e-03 2.6136784804e+00 -2.0000000000e-01 2.8331265436e-05 3.0000000000e+02 -2.8942629572e-12 2.9765386649e-14 2.8331270069e-12 2.8940015892e-12 -2.8290949919e-18 -2.9745386915e-14 -2.8331265458e-12 -3.1132358154e-14
d  3.7372944392e-03 2.6161059766e+00 -2.0000000000e-01 2.8609882684e-05 3.0000000000e+02 -2.9221315637e-12 2.9764841381e-14 2.8609940340e-12 2.9218699512e-12 -2.8633772910e-18 -2.9744844160e-14 -2.8609882647e-12 -3.1132401644e-14
d  3.7414558615e-03 2.6190189721e+00 -2.0000000000e-01 2.8948568307e-05 3.0000000000e+02 -2.9560083036e-12 2.9776188912e-14 2.8948549842e-12 2.9557464023e-12 -2.8991806582e-18 -2.9756188167e-14 -2.8948568354e-12 -3.1133050135e-14
d  3.7439527149e-03 2.6207667694e+00 -2.0000000000e-01 2.9154086738e-05 3.0000000000e+02 -2.9765649656e-12 2.9776613806e-14 2.9154246846e-12 2.9763028830e-12 -2.9254834557e-18 -2.9756623288e-14 -2.9154086549e-12 -3.1133125765e-14
d  3.7469489389e-03 2.6228641261e+00 -2.0000000000e-01 2.9403009960e-05 3.0000000000e+02 -3.0014630145e-12 2.9790628235e-14 2.9403020870e-12 3.0012007277e-12 -2.9482738193e-18 -2.9770628841e-14 -2.9403009976e-12 -3.1133881328e-14
d  3.7505444078e-03 2.6253809542e+00 -2.0000000000e-01 2.9705045102e-05 3.0000000000e+02 -3.0316729934e-12 2.9787623297e-14 2.9705048941e-12 3.0314104552e-12 -2.9849735744e-18 -2.9767623476e-14 -2.9705045128e-12 -3.1133803582e-14
d  3.7527016892e-03 2.6268910511e+00 -2.0000000000e-01 2.9888033092e-05 3.0000000000e+02 -3.0499754959e-12 2.9792561470e-14 2.9888156156e-12 3.0497128018e-12 -3.0066764432e-18 -2.9772569876e-14 -2.9888032932e-12 -3.1134097458e-14
d  3.7552904268e-03 2.6287031673e+00 -2.0000000000e-01 3.0109393506e-05 3.0000000000e+02 -3.0721162477e-12 2.9801854043e-14 3.0109573399e-12 3.0718533703e-12 -3.0298537857e-18 -2.9781865570e-14 -3.0109393272e-12 -3.1134614141e-14
d  3.7583969119e-03 2.6308777068e+00 -2.0000000000e-01 3.0377593340e-05 3.0000000000e+02 -3.0989419989e-12 2.9807602486e-14 3.0377602610e-12 3.0986789108e-12 -3.0574602505e-18 -2.9787602983e-14 -3.0377593358e-12 -3.1134959462e-14
d  3.7621246940e-03 2.6334871541e+00 -2.0000000000e-01 3.0703012839e-05 3.0000000000e+02 -3.1314879066e-12 2.9803903377e-14 3.0703275178e-12 3.1312245486e-12 -3.0975348530e-18 -2.9783915164e-14 -3.0703012581e-12 -3.1134852817e-14
d  3.7643613633e-03 2.6350528226e+00 -2.0000000000e-01 3.0900225173e-05 3.0000000000e+02 -3.1512123836e-12 2.9808431895e-14 3.0900381713e-12 3.1509488719e-12 -3.1148098982e-18 -2.9788442218e-14 -3.0900224967e-12 -3.1135115873e-14
d  3.7670453664e-03 2.6369316247e+00 -2.0000000000e-01 3.1138859049e-05 3.0000000000e+02 -3.1750804983e-12 2.9819447599e-14 3.1139015392e-12 3.1748167989e-12 -3.1441946356e-18 -2.9799457272e-14 -3.1138858855e-12 -3.1135730230e-14
d  3.7702661702e-03 2.6391861872e+00 -2.0000000000e-01 3.1428135860e-05 3.0000000000e+02 -3.2040148039e-12 2.9823247831e-14 3.1428122415e-12 3.2037508858e-12 -3.1745018253e-18 -2.9803247135e-14 -3.1428135908e-12 -3.1135981107e-14
d  3.7741311347e-03 2.6418916622e+00 -2.0000000000e-01 3.1779559772e-05 3.0000000000e+02 -3.2391656225e-12 2.9825401332e-14 3.1779535742e-12 3.2389014342e-12 -3.2169385215e-18 -2.9805400290e-14 -3.1779559830e-12 -3.1136172524e-14
d  3.7764501135e-03 2.6435149472e+00 -2.0000000000e-01 3.1992696354e-05 3.0000000000e+02 -3.2604842910e-12 2.9832152498e-14 3.1992876417e-12 3.2602199320e-12 -3.2435724657e-18 -2.9812163962e-14 -3.1992696119e-12 -3.1136565564e-14
d  3.7792328879e-03 2.6454628893e+00 -2.0000000000e-01 3.2250745552e-05 3.0000000000e+02 -3.2862954894e-12 2.9844673520e-14 3.2250748613e-12 3.2860309430e-12 -3.2669578523e-18 -2.9824673702e-14 -3.2250745580e-12 -3.1137241782e-14
d  3.7825722173e-03 2.6478004197e+00 -2.0000000000e-01 3.2563758782e-05 3.0000000000e+02 -3.3176047669e-12 2.9841440237e-14 3.2563836162e-12 3.3173399839e-12 -3.3078522649e-18 -2.9821444107e-14 -3.2563758720e-12 -3.1137157410e-14
d  3.7865794125e-03 2.6506054562e+00 -2.0000000000e-01 3.2944358491e-05 3.0000000000e+02 -3.3556753802e-12 2.9852917549e-14 3.2944362033e-12 3.3554103195e-12 -3.3498660523e-18 -2.9832917697e-14 -3.2944358520e-12 -3.1137816164e-14
d  3.7889837296e-03 2.6522884781e+00 -2.0000000000e-01 3.3175514998e-05 3.0000000000e+02 -3.3788004372e-12 2.9862316173e-14 3.3175677076e-12 3.3785352015e-12 -3.3819856901e-18 -2.9842326134e-14 -3.3175514796e-12 -3.1138351595e-14
d  3.7918689102e-03 2.6543081044e+00 -2.0000000000e-01 3.3455624728e-05 3.0000000000e+02 -3.4068212694e-12 2.9879683341e-14 3.3455635297e-12 3.4065558381e-12 -3.4101357740e-18 -2.9859683950e-14 -3.3455624747e-12 -3.1139279254e-14
d  3.7953311268e-03 2.6567316559e+00 -2.0000000000e-01 3.3795623682e-05 3.0000000000e+02 -3.4408305596e-12 2.9878002410e-14 3.3795607510e-12 3.4405648871e-12 -3.4525467951e-18 -2.9858001629e-14 -3.3795623736e-12 -3.1139273896e-14
d  3.7974084568e-03 2.6581857869e+00 -2.0000000000e-01 3.4001636442e-05 3.0000000000e+02 -3.4614364042e-12 2.9882531426e-14 3.4001929332e-12 3.4611705722e-12 -3.4804745036e-18 -2.9862552189e-14 -3.4001635994e-12 -3.1139555538e-14
d  3.7999012528e-03 2.6599307440e+00 -2.0000000000e-01 3.4250811618e-05 3.0000000000e+02 -3.4863581616e-12 2.9881377414e-14 3.4250814984e-12 3.4860921684e-12 -3.4979279689e-18 -2.9861377637e-14 -3.4250811647e-12 -3.1139527538e-14
d  3.8028926080e-03 2.6620246925e+00 -2.0000000000e-01 3.4552722272e-05 3.0000000000e+02 -3.5165553634e-12 2.9895001730e-14 3.4552717169e-12 3.5162891612e-12 -3.5399820769e-18 -2.9875001446e-14 -3.4552722313e-12 -3.1140292449e-14
d  3.8064822343e-03 2.6645374308e+00 -2.0000000000e-01 3.4919216473e-05 3.0000000000e+02 -3.5532119887e-12 2.9900588374e-14 3.4919286371e-12 3.5529455321e-12 -3.5812682466e-18 -2.9880591632e-14 -3.4919216425e-12 -3.1140649669e-14
d  3.8086360100e-03 2.6660450737e+00 -2.0000000000e-01 3.5141345959e-05 3.0000000000e+02 -3.5754294498e-12 2.9911875683e-14 3.5141436392e-12 3.5751628411e-12 -3.6062377043e-18 -2.9891881872e-14 -3.5141345848e-12 -3.1141263707e-14
d  3.8112205409e-03 2.6678542452e+00 -2.0000000000e-01 3.5410171077e-05 3.0000000000e+02 -3.6023182193e-12 2.9912094838e-14 3.5410174609e-12 3.6020514338e-12 -3.6362250381e-18 -2.9892095065e-14 -3.5410171107e-12 -3.1141328723e-14
d  3.8143219780e-03 2.6700252511e+00 -2.0000000000e-01 3.5736080511e-05 3.0000000000e+02 -3.6349168126e-12 2.9915289872e-14 3.5736024614e-12 3.6346498125e-12 -3.6753006930e-18 -2.9895286868e-14 -3.5736080622e-12 -3.1141560384e-14
d  3.8180437025e-03 2.6726304581e+00 -2.0000000000e-01 3.6132030357e-05 3.0000000000e+02 -3.6745213400e-12 2.9927279269e-14 3.6132006150e-12 3.6742540780e-12 -3.7224688859e-18 -2.9907278180e-14 -3.6132030422e-12 -3.1142249027e-14
d  3.8202767372e-03 2.6741935823e+00 -2.0000000000e-01 3.6372197594e-05 3.0000000000e+02 -3.6985441485e-12 2.9927831422e-14 3.6372200968e-12 3.6982767290e-12 -3.7507682069e-18 -2.9907831645e-14 -3.6372197625e-12 -3.1142327531e-14
d  3.8229563788e-03 2.6760693314e+00 -2.0000000000e-01 3.6663007764e-05 3.0000000000e+02 -3.7276325372e-12 2.9938556000e-14 3.6663011024e-12 3.7273649301e-12 -3.7847138035e-18 -2.9918556202e-14 -3.6663007795e-12 -3.1142927667e-14
d  3.8261719488e-03 2.6783202302e+00 -2.0000000000e-01 3.7015721422e-05 3.0000000000e+02 -3.7629119091e-12 2.9944925016e-14 3.7015979781e-12 3.7626440656e-12 -3.8287214514e-18 -2.9924938418e-14 -3.7015721119e-12 -3.1143327301e-14
d  3.8300306327e-03 2.6810213088e+00 -2.0000000000e-01 3.7444477718e-05 3.0000000000e+02 -3.8057971949e-12 2.9950508590e-14 3.7444556292e-12 3.8055290894e-12 -3.8739027842e-18 -2.9930512003e-14 -3.7444477665e-12 -3.1143686425e-14
d  3.8323458431e-03 2.6826419560e+00 -2.0000000000e-01 3.7704634439e-05 3.0000000000e+02 -3.8318186955e-12 2.9966632789e-14 3.7704637995e-12 3.8315504311e-12 -3.9064753177e-18 -2.9946633016e-14 -3.7704634471e-12 -3.1144554454e-14
d  3.8351240955e-03 2.6845867326e+00 -2.0000000000e-01 3.8019728176e-05 3.0000000000e+02 -3.8633349783e-12 2.9962984281e-14 3.8019736304e-12 3.8630665192e-12 -3.9445412554e-18 -2.9942984767e-14 -3.8019728202e-12 -3.1144437941e-14
d  3.8384579984e-03 2.6869204646e+00 -2.0000000000e-01 3.8402122150e-05 3.0000000000e+02 -3.9015832376e-12 2.9973629410e-14 3.8402117575e-12 3.9013145457e-12 -3.9893803664e-18 -2.9953629181e-14 -3.8402122195e-12 -3.1145050996e-14
d  3.8404583402e-03 2.6883207037e+00 -2.0000000000e-01 3.8633766685e-05 3.0000000000e+02 -3.9247519065e-12 2.9976499945e-14 3.8633680536e-12 3.9244830789e-12 -4.0149194891e-18 -2.9956493608e-14 -3.8633766875e-12 -3.1145238876e-14
d  3.8428587503e-03 2.6900009907e+00 -2.0000000000e-01 3.8914048566e-05 3.0000000000e+02 -3.9527870616e-12 2.9984715418e-14 3.8914051633e-12 3.9525180614e-12 -4.0520846695e-18 -2.9964715630e-14 -3.8914048600e-12 -3.1145717095e-14
d  3.8457392424e-03 2.6920173351e+00 -2.0000000000e-01 3.9254096557e-05 3.0000000000e+02 -3.9868065717e-12 2.9997129174e-14 3.9254038539e-12 3.9865373728e-12 -4.0942103121e-18 -2.9977125824e-14 -3.9254096680e-12 -3.1146413163e-14
d  3.8491958330e-03 2.6944369484e+00 -2.0000000000e-01 3.9667324944e-05 3.0000000000e+02 -4.0281443225e-12 3.0013221753e-14 3.9667326341e-12 4.0278748787e-12 -4.1472177717e-18 -2.9993221820e-14 -3.9667324982e-12 -3.1147312887e-14
d  3.8512697873e-03 2.6958887163e+00 -2.0000000000e-01 3.9917979404e-05 3.0000000000e+02 -4.0532178134e-12 3.0018323960e-14 3.9918179345e-12 4.0529482138e-12 -4.1802883931e-18 -2.9998338153e-14 -3.9917979099e-12 -3.1147626671e-14
d  3.8537585325e-03 2.6976308379e+00 -2.0000000000e-01 4.0221460544e-05 3.0000000000e+02 -4.0835748960e-12 3.0022454222e-14 4.0221464516e-12 4.0833051327e-12 -4.2109695429e-18 -3.0002454486e-14 -4.0221460578e-12 -3.1147883749e-14
d  3.8567450268e-03 2.6997213838e+00 -2.0000000000e-01 4.0589539625e-05 3.0000000000e+02 -4.1203933563e-12 3.0037798710e-14 4.0589559601e-12 4.1201233832e-12 -4.2613164546e-18 -3.0017799823e-14 -4.0589539637e-12 -3.1148740493e-14
d  3.8603288199e-03 2.7022300388e+00 -2.0000000000e-01 4.1036948783e-05 3.0000000000e+02 -4.1651473687e-12 3.0049749680e-14 4.1036943354e-12 4.1648771459e-12 -4.3152011111e-18 -3.0029749427e-14 -4.1036948831e-12 -3.1149430462e-14
d  3.8624790957e-03 2.7037352318e+00 -2.0000000000e-01 4.1308435975e-05 3.0000000000e+02 -4.1923041264e-12 3.0054601671e-14 4.1308438426e-12 4.1920337527e-12 -4.3495715004e-18 -3.0034601839e-14 -4.1308436012e-12 -3.1149731608e-14
d  3.8650594268e-03 2.7055414635e+00 -2.0000000000e-01 4.1637275926e-05 3.0000000000e+02 -4.2251978395e-12 3.0065592571e-14 4.1637279789e-12 4.2249272852e-12 -4.3903165567e-18 -3.0045592820e-14 -4.1637275961e-12 -3.1150350961e-14
d  3.8681558240e-03 2.7077089414e+00 -2.0000000000e-01 4.2036349990e-05 3.0000000000e+02 -4.2651171666e-12 3.0076250260e-14 4.2036348083e-12 4.2648463958e-12 -4.4400994104e-18 -3.0056250158e-14 -4.2036350035e-12 -3.1150968273e-14
d  3.8700136623e-03 2.7090094282e+00 -2.0000000000e-01 4.2278166527e-05 3.0000000000e+02 -4.2893059940e-12 3.0082251271e-14 4.2278225657e-12 4.2890350896e-12 -4.4716224423e-18 -3.0062255945e-14 -4.2278166456e-12 -3.1151321976e-14
d  3.8722430683e-03 2.7105700123e+00 -2.0000000000e-01 4.2570718462e-05 3.0000000000e+02 -4.3185699859e-12 3.0096117326e-14 4.2570931916e-12 4.3182989165e-12 -4.5092553938e-18 -3.0076133150e-14 -4.2570718116e-12 -3.1152080029e-14
d  3.8749183555e-03 2.7124427133e+00 -2.0000000000e-01 4.2925252148e-05 3.0000000000e+02 -4.3540340349e-12 3.0095787538e-14 4.2925257417e-12 4.3537627903e-12 -4.5483638575e-18 -3.0075787865e-14 -4.2925252183e-12 -3.1152125532e-14
d  3.8781287002e-03 2.7146899544e+00 -2.0000000000e-01 4.3355752819e-05 3.0000000000e+02 -4.3970970843e-12 3.0113973307e-14 4.3356293617e-12 4.3968255867e-12 -4.6129507762e-18 -3.0094001380e-14 -4.3355752107e-12 -3.1153147435e-14
d  3.8800549070e-03 2.7160382991e+00 -2.0000000000e-01 4.3616752585e-05 3.0000000000e+02 -4.4232048764e-12 3.0110575804e-14 4.3616655746e-12 4.4229332784e-12 -4.6277327563e-18 -3.0090568416e-14 -4.3616752810e-12 -3.1152993809e-14
d  3.8823663551e-03 2.7176563127e+00 -2.0000000000e-01 4.3932644891e-05 3.0000000000e+02 -4.4548034018e-12 3.0132493482e-14 4.3932738298e-12 4.4545316306e-12 -4.6863477141e-18 -3.0112500165e-14 -4.3932644768e-12 -3.1154193935e-14
d  3.8851400929e-03 2.7195979291e+00 -2.0000000000e-01 4.4315622386e-05 3.0000000000e+02 -4.4931123074e-12 3.0147808693e-14 4.4315532899e-12 4.4928403527e-12 -4.7243784300e-18 -3.0127803336e-14 -4.4315622571e-12 -3.1155018444e-14
d  3.8884685782e-03 2.7219278687e+00 -2.0000000000e-01 4.4780875851e-05 3.0000000000e+02 -4.5396508209e-12 3.0151828358e-14 4.4780873433e-12 4.5393786283e-12 -4.7880536494e-18 -3.0131828237e-14 -4.4780875899e-12 -3.1155324550e-14
d  3.8904656694e-03 2.7233258324e+00 -2.0000000000e-01 4.5063066769e-05 3.0000000000e+02 -4.5678781615e-12 3.0156793457e-14 4.5063275368e-12 4.5676058162e-12 -4.8255786797e-18 -3.0136808814e-14 -4.5063066429e-12 -3.1155634803e-14
d  3.8928621789e-03 2.7250033890e+00 -2.0000000000e-01 4.5404815553e-05 3.0000000000e+02 -4.6020640814e-12 3.0165363817e-14 4.5404819168e-12 4.6017915808e-12 -4.8627949580e-18 -3.0145364067e-14 -4.5404815592e-12 -3.1156120616e-14
d  3.8957379902e-03 2.7270164568e+00 -2.0000000000e-01 4.5819546866e-05 3.0000000000e+02 -4.6435521441e-12 3.0184099861e-14 4.5819720259e-12 4.6432794324e-12 -4.9250271800e-18 -3.0164109878e-14 -4.5819546644e-12 -3.1157161431e-14
d  3.8991889638e-03 2.7294321382e+00 -2.0000000000e-01 4.6323784107e-05 3.0000000000e+02 -4.6939909915e-12 3.0195959654e-14 4.6323783769e-12 4.6937180483e-12 -4.9836908584e-18 -3.0175959638e-14 -4.6323784154e-12 -3.1157845529e-14
d  3.9012595480e-03 2.7308815470e+00 -2.0000000000e-01 4.6629752792e-05 3.0000000000e+02 -4.7245958315e-12 3.0204605769e-14 4.6629749060e-12 4.7243227435e-12 -5.0252958439e-18 -3.0184605504e-14 -4.6629752845e-12 -3.1158344825e-14
d  3.9037442489e-03 2.7326208376e+00 -2.0000000000e-01 4.7000387153e-05 3.0000000000e+02 -4.7616696096e-12 3.0213049503e-14 4.7000390864e-12 4.7613963472e-12 -5.0728841739e-18 -3.0193049750e-14 -4.7000387194e-12 -3.1158842364e-14
d  3.9067258901e-03 2.7347079864e+00 -2.0000000000e-01 4.7450254474e-05 3.0000000000e+02 -4.8066697567e-12 3.0226737825e-14 4.7450253858e-12 4.8063962860e-12 -5.1310663978e-18 -3.0206737790e-14 -4.7450254522e-12 -3.1159618635e-14
d  3.9085148748e-03 2.7359602756e+00 -2.0000000000e-01 4.7722899058e-05 3.0000000000e+02 -4.8339426909e-12 3.0233415328e-14 4.7722831140e-12 4.8336690994e-12 -5.1657883046e-18 -3.0213409761e-14 -4.7722899245e-12 -3.1160006507e-14
d  3.9106616565e-03 2.7374630227e+00 -2.0000000000e-01 4.8052818384e-05 3.0000000000e+02 -4.8669450773e-12 3.0243687998e-14 4.8052935249e-12 4.8666713233e-12 -5.2138018294e-18 -3.0223696981e-14 -4.8052818204e-12 -3.1160597986e-14
d  3.9132377945e-03 2.7392663192e+00 -2.0000000000e-01 4.8452742041e-05 3.0000000000e+02 -4.9069501965e-12 3.0253862909e-14 4.8452745620e-12 4.9066762696e-12 -5.2605325458e-18 -3.0233863139e-14 -4.8452742084e-12 -3.1161177089e-14
d  3.9163291600e-03 2.7414302750e+00 -2.0000000000e-01 4.8938535579e-05 3.0000000000e+02 -4.9555452268e-12 3.0271148066e-14 4.8938533769e-12 4.9552710838e-12 -5.3279627432e-18 -3.0251147968e-14 -4.8938535630e-12 -3.1162147362e-14
d  3.9181839794e-03 2.7427286484e+00 -2.0000000000e-01 4.9233143555e-05 3.0000000000e+02 -4.9850156597e-12 3.0280342619e-14 4.9233160479e-12 4.9847413857e-12 -5.3671574234e-18 -3.0260343957e-14 -4.9233143570e-12 -3.1162667790e-14
d  3.9204097626e-03 2.7442866966e+00 -2.0000000000e-01 4.9589824000e-05 3.0000000000e+02 -5.0206954930e-12 3.0289396095e-14 4.9590053885e-12 5.0204210487e-12 -5.4177030831e-18 -3.0269413147e-14 -4.9589823608e-12 -3.1163200653e-14
d  3.9230807025e-03 2.7461563544e+00 -2.0000000000e-01 5.0022432418e-05 3.0000000000e+02 -5.0639702048e-12 3.0299284511e-14 5.0022299775e-12 5.0636955978e-12 -5.4663761259e-18 -3.0279276282e-14 -5.0022432692e-12 -3.1163765043e-14
d  3.9262858303e-03 2.7483999438e+00 -2.0000000000e-01 5.0548257654e-05 3.0000000000e+02 -5.1165696572e-12 3.0323524493e-14 5.0548261911e-12 5.1162948169e-12 -5.5457053448e-18 -3.0303524714e-14 -5.0548257699e-12 -3.1165101965e-14
d  3.9282089070e-03 2.7497460974e+00 -2.0000000000e-01 5.0867332734e-05 3.0000000000e+02 -5.1484877924e-12 3.0326488908e-14 5.0867643509e-12 5.1482127960e-12 -5.5904265005e-18 -3.0306512625e-14 -5.0867332170e-12 -3.1165320766e-14
d  3.9305165990e-03 2.7513614818e+00 -2.0000000000e-01 5.1253829272e-05 3.0000000000e+02 -5.1871501381e-12 3.0335808749e-14 5.1253831259e-12 5.1868750018e-12 -5.6315807877e-18 -3.0315808892e-14 -5.1253829320e-12 -3.1165843466e-14
d  3.9332858295e-03 2.7532999430e+00 -2.0000000000e-01 5.1722847029e-05 3.0000000000e+02 -5.2340669957e-12 3.0356154244e-14 5.1723210908e-12 5.2337916414e-12 -5.7075115403e-18 -3.0336176026e-14 -5.1722846473e-12 -3.1166981520e-14
d  3.9349473678e-03 2.7544630197e+00 -2.0000000000e-01 5.2007014785e-05 3.0000000000e+02 -5.2624923073e-12 3.0358153504e-14 5.2007047200e-12 5.2622168585e-12 -5.7322889903e-18 -3.0338156358e-14 -5.2007014765e-12 -3.1167112356e-14
d  3.9369412137e-03 2.7558587118e+00 -2.0000000000e-01 5.2350787729e-05 3.0000000000e+02 -5.2968804839e-12 3.0380616822e-14 5.2350682736e-12 5.2966049058e-12 -5.7862081814e-18 -3.0360608152e-14 -5.2350788004e-12 -3.1168317646e-14
d  3.9393338288e-03 2.7575335423e+00 -2.0000000000e-01 5.2767708975e-05 3.0000000000e+02 -5.3385912796e-12 3.0389609608e-14 5.2767711104e-12 5.3383155261e-12 -5.8502071277e-18 -3.0369609755e-14 -5.2767709024e-12 -3.1168867134e-14
d  3.9422049669e-03 2.7595433389e+00 -2.0000000000e-01 5.3274497872e-05 3.0000000000e+02 -5.3892938340e-12 3.0412503454e-14 5.3274499106e-12 5.3890178796e-12 -5.9212704002e-18 -3.0392503525e-14 -5.3274497923e-12 -3.1170117066e-14
d  3.9439276498e-03 2.7607492168e+00 -2.0000000000e-01 5.3581933183e-05 3.0000000000e+02 -5.4200500437e-12 3.0423393400e-14 5.3581856525e-12 5.4197739746e-12 -5.9640610756e-18 -3.0403386887e-14 -5.3581933404e-12 -3.1170724384e-14
d  3.9459948692e-03 2.7621962704e+00 -2.0000000000e-01 5.3954189542e-05 3.0000000000e+02 -5.4572903105e-12 3.0439613531e-14 5.3954401539e-12 5.4570140749e-12 -6.0237563474e-18 -3.0419630422e-14 -5.3954189153e-12 -3.1171627860e-14
d  3.9484755326e-03 2.7639327346e+00 -2.0000000000e-01 5.4405725788e-05 3.0000000000e+02 -5.5024609063e-12 3.0450426825e-14 5.4405726493e-12 5.5021845129e-12 -6.0775645785e-18 -3.0430426872e-14 -5.4405725841e-12 -3.1172243116e-14
d  3.9514523286e-03 2.7660164917e+00 -2.0000000000e-01 5.4954582423e-05 3.0000000000e+02 -5.5573667578e-12 3.0473923667e-14 5.4954587688e-12 5.5570901558e-12 -6.1609203798e-18 -3.0453923960e-14 -5.4954582469e-12 -3.1173542350e-14
d  3.9532384062e-03 2.7672667460e+00 -2.0000000000e-01 5.5287620832e-05 3.0000000000e+02 -5.5906828061e-12 3.0482727667e-14 5.5287823108e-12 5.5904060636e-12 -6.2106800183e-18 -3.0462744250e-14 -5.5287620451e-12 -3.1174057748e-14
d  3.9553816993e-03 2.7687670511e+00 -2.0000000000e-01 5.5691005243e-05 3.0000000000e+02 -5.6310358749e-12 3.0495268655e-14 5.5691004865e-12 5.6307589982e-12 -6.2600086316e-18 -3.0475268626e-14 -5.5691005299e-12 -3.1174752091e-14
d  3.9579536511e-03 2.7705674172e+00 -2.0000000000e-01 5.6180488348e-05 3.0000000000e+02 -5.6800014733e-12 3.0513498067e-14 5.6180423174e-12 5.6797244214e-12 -6.3342576280e-18 -3.0493493878e-14 -5.6180488523e-12 -3.1175773162e-14
d  3.9610399932e-03 2.7727278566e+00 -2.0000000000e-01 5.6775808299e-05 3.0000000000e+02 -5.7395545844e-12 3.0536132590e-14 5.6775820647e-12 5.7392773107e-12 -6.4198941979e-18 -3.0516133254e-14 -5.6775808335e-12 -3.1177028760e-14
d  3.9628917985e-03 2.7740241202e+00 -2.0000000000e-01 5.7137246780e-05 3.0000000000e+02 -5.7757115744e-12 3.0543426305e-14 5.7137246812e-12 5.7754341720e-12 -6.4705043080e-18 -3.0523426308e-14 -5.7137246837e-12 -3.1177466686e-14
d  3.9651139648e-03 2.7755796366e+00 -2.0000000000e-01 5.7575256200e-05 3.0000000000e+02 -5.8195286035e-12 3.0560134075e-14 5.7575264051e-12 5.8192510449e-12 -6.5343944583e-18 -3.0540134657e-14 -5.7575256242e-12 -3.1178393817e-14
d  3.9677805644e-03 2.7774462562e+00 -2.0000000000e-01 5.8107152166e-05 3.0000000000e+02 -5.8727379840e-12 3.0575731768e-14 5.8107731085e-12 5.8724601949e-12 -6.6188352854e-18 -3.0555767663e-14 -5.8107151178e-12 -3.1179300940e-14
d  3.9693805241e-03 2.7785662279e+00 -2.0000000000e-01 5.8429634908e-05 3.0000000000e+02 -5.9049979135e-12 3.0583421223e-14 5.8429640961e-12 5.9047200564e-12 -6.6456374784e-18 -3.0563421775e-14 -5.8429634952e-12 -3.1179712165e-14
d  3.9713004758e-03 2.7799101941e+00 -2.0000000000e-01 5.8819957101e-05 3.0000000000e+02 -5.9440447261e-12 3.0616824765e-14 5.8819982210e-12 5.9437667330e-12 -6.7201469056e-18 -3.0596826914e-14 -5.8819957102e-12 -3.1181492464e-14
d  3.9736044178e-03 2.7815229534e+00 -2.0000000000e-01 5.9293263001e-05 3.0000000000e+02 -5.9913933157e-12 3.0618311574e-14 5.9293259304e-12 5.9911151637e-12 -6.7845095079e-18 -3.0598311309e-14 -5.9293263068e-12 -3.1181659508e-14
d  3.9763691483e-03 2.7834582646e+00 -2.0000000000e-01 5.9868394482e-05 3.0000000000e+02 -6.0489277614e-12 3.0641256329e-14 5.9868406072e-12 6.0486494147e-12 -6.8697569934e-18 -3.0621257022e-14 -5.9868394521e-12 -3.1182926985e-14
d  3.9780279865e-03 2.7846194513e+00 -2.0000000000e-01 6.0217298304e-05 3.0000000000e+02 -6.0838311129e-12 3.0650678891e-14 6.0217283904e-12 6.0835526522e-12 -6.9207918248e-18 -3.0630677623e-14 -6.0217298398e-12 -3.1183470469e-14
d  3.9800185925e-03 2.7860128754e+00 -2.0000000000e-01 6.0639828939e-05 3.0000000000e+02 -6.1261003116e-12 3.0678907265e-14 6.0639829556e-12 6.1258217102e-12 -6.9845413438e-18 -3.0658907315e-14 -6.0639828999e-12 -3.1184968085e-14
d  3.9824073196e-03 2.7876849843e+00 -2.0000000000e-01 6.1152525540e-05 3.0000000000e+02 -6.1773899808e-12 3.0683156558e-14 6.1152515389e-12 6.1771112132e-12 -7.0607298847e-18 -3.0663155858e-14 -6.1152525621e-12 -3.1185291624e-14
d  3.9852737921e-03 2.7896915150e+00 -2.0000000000e-01 6.1776227084e-05 3.0000000000e+02 -6.2397862816e-12 3.0712310941e-14 6.1776180811e-12 6.2395073162e-12 -7.1563730891e-18 -3.0692308272e-14 -6.1776227229e-12 -3.1186882007e-14
d  3.9869936756e-03 2.7908954334e+00 -2.0000000000e-01 6.2155179252e-05 3.0000000000e+02 -6.2777013104e-12 3.0733523484e-14 6.2155898136e-12 6.2774221567e-12 -7.2330606614e-18 -3.0713584542e-14 -6.2155177647e-12 -3.1188060860e-14
d  3.9890575358e-03 2.7923401355e+00 -2.0000000000e-01 6.2614622612e-05 3.0000000000e+02 -6.3236675159e-12 3.0738189676e-14 6.2614637875e-12 6.3233882806e-12 -7.2741037285e-18 -3.0718190891e-14 -6.2614622641e-12 -3.1188335802e-14
d  3.9915341681e-03 2.7940737779e+00 -2.0000000000e-01 6.3172587530e-05 3.0000000000e+02 -6.3794868482e-12 3.0770723106e-14 6.3172522987e-12 6.3792074463e-12 -7.3795693622e-18 -3.0750718810e-14 -6.3172587720e-12 -3.1190115916e-14
d  3.9945061268e-03 2.7961541489e+00 -2.0000000000e-01 6.3851866846e-05 3.0000000000e+02 -6.4474424461e-12 3.0800782595e-14 6.3851888279e-12 6.4471628289e-12 -7.4829181567e-18 -3.0780783788e-14 -6.3851866872e-12 -3.1191759573e-14
d  3.9962893020e-03 2.7974023715e+00 -2.0000000000e-01 6.4264574118e-05 3.0000000000e+02 -6.4887295282e-12 3.0810286514e-14 6.4264589419e-12 6.4884497865e-12 -7.5448441195e-18 -3.0790287768e-14 -6.4264574147e-12 -3.1192320979e-14
d  3.9984291123e-03 2.7989002387e+00 -2.0000000000e-01 6.4764991684e-05 3.0000000000e+02 -6.5387908487e-12 3.0828342399e-14 6.4764922780e-12 6.5385109649e-12 -7.6212891219e-18 -3.0808337107e-14 -6.4764991900e-12 -3.1193328148e-14
d  4.0009968846e-03 2.8006976792e+00 -2.0000000000e-01 6.5373080419e-05 3.0000000000e+02 -6.5996244026e-12 3.0862343003e-14 6.5373708016e-12 6.5993442772e-12 -7.7273127573e-18 -3.0842383286e-14 -6.5373079252e-12 -3.1195177986e-14
d  4.0025375480e-03 2.8017761435e+00 -2.0000000000e-01 6.5741998986e-05 3.0000000000e+02 -6.6365314647e-12 3.0860684887e-14 6.5741997249e-12 6.6362512872e-12 -7.7608261321e-18 -3.0840684722e-14 -6.5741999056e-12 -3.1195130527e-14
d  4.0043863441e-03 2.8030703007e+00 -2.0000000000e-01 6.6188787703e-05 3.0000000000e+02 -6.6812290715e-12 3.0888249721e-14 6.6189419924e-12 6.6809487034e-12 -7.8633166647e-18 -3.0868305766e-14 -6.6188786216e-12 -3.1196666309e-14
d  4.0066048994e-03 2.8046232893e+00 -2.0000000000e-01 6.6730946823e-05 3.0000000000e+02 -6.7354675985e-12 3.0899772076e-14 6.6730928115e-12 6.7351871380e-12 -7.9181561804e-18 -3.0879770690e-14 -6.6730946930e-12 -3.1197299643e-14
d  4.0092671657e-03 2.8064868757e+00 -2.0000000000e-01 6.7390365901e-05 3.0000000000e+02 -6.8014377904e-12 3.0936976681e-14 6.7390454239e-12 6.8011571337e-12 -8.0431279514e-18 -3.0916982149e-14 -6.7390365796e-12 -3.1199337079e-14
d  4.0108645255e-03 2.8076050275e+00 -2.0000000000e-01 6.7790897759e-05 3.0000000000e+02 -6.8415106911e-12 3.0944944834e-14 6.7790893668e-12 6.8412299310e-12 -8.1040350304e-18 -3.0924944461e-14 -6.7790897837e-12 -3.1199818783e-14
d  4.0127813573e-03 2.8089468097e+00 -2.0000000000e-01 6.8276388345e-05 3.0000000000e+02 -6.8900824758e-12 3.0976226340e-14 6.8276409814e-12 6.8898015790e-12 -8.1868703356e-18 -3.0956228176e-14 -6.8276388361e-12 -3.1201492333e-14
d  4.0150815554e-03 2.8105569483e+00 -2.0000000000e-01 6.8865701736e-05 3.0000000000e+02 -6.9490359919e-12 3.0991182763e-14 6.8865667131e-12 6.9487549396e-12 -8.2761502462e-18 -3.0971180291e-14 -6.8865701880e-12 -3.1202360493e-14
d  4.0178417932e-03 2.8124891146e+00 -2.0000000000e-01 6.9582915534e-05 3.0000000000e+02 -7.0207862453e-12 3.1024074008e-14 6.9582907935e-12 7.0205049971e-12 -8.3938300382e-18 -3.1004073554e-14 -6.9582915618e-12 -3.1204162218e-14
d  4.0194979358e-03 2.8136484144e+00 -2.0000000000e-01 7.0018597780e-05 3.0000000000e+02 -7.0643723930e-12 3.1038239618e-14 7.0018589821e-12 7.0640910289e-12 -8.4639627925e-18 -3.1018238918e-14 -7.0018597870e-12 -3.1204965239e-14
d  4.0214853070e-03 2.8150395742e+00 -2.0000000000e-01 7.0546809089e-05 3.0000000000e+02 -7.1172152329e-12 3.1058933634e-14 7.0546839157e-12 7.1169337259e-12 -8.5505489039e-18 -3.1038936113e-14 -7.0546809087e-12 -3.1206116261e-14
d  4.0238701524e-03 2.8167089659e+00 -2.0000000000e-01 7.1188651658e-05 3.0000000000e+02 -7.1814267211e-12 3.1080799954e-14 7.1188523473e-12 7.1811450629e-12 -8.6532694341e-18 -3.1060791125e-14 -7.1188652005e-12 -3.1207346393e-14
d  4.0267319669e-03 2.8187122359e+00 -2.0000000000e-01 7.1970701328e-05 3.0000000000e+02 -7.2596661647e-12 3.1120984062e-14 7.1970683713e-12 7.2593842952e-12 -8.7884908816e-18 -3.1100983049e-14 -7.1970701435e-12 -3.1209535499e-14
d  4.0284490556e-03 2.8199141979e+00 -2.0000000000e-01 7.2446280141e-05 3.0000000000e+02 -7.3072453982e-12 3.1136319309e-14 7.2446264801e-12 7.3069634084e-12 -8.8665537867e-18 -3.1116318008e-14 -7.2446280252e-12 -3.1210407006e-14
d  4.0305095621e-03 2.8213565524e+00 -2.0000000000e-01 7.3023418363e-05 3.0000000000e+02 -7.3649853928e-12 3.1161904215e-14 7.3023388992e-12 7.3647032602e-12 -8.9646198949e-18 -3.1141901880e-14 -7.3023418506e-12 -3.1211816148e-14
d  4.0329821698e-03 2.8230873777e+00 -2.0000000000e-01 7.3725472963e-05 3.0000000000e+02 -7.4352231644e-12 3.1192876568e-14 7.3725506727e-12 7.4349408522e-12 -9.0858399995e-18 -3.1172878810e-14 -7.3725472964e-12 -3.1213526237e-14
d  4.0344657344e-03 2.8241258729e+00 -2.0000000000e-01 7.4151786783e-05 3.0000000000e+02 -7.4778745322e-12 3.1207277373e-14 7.4151799303e-12 7.4775921182e-12 -9.1581828948e-18 -3.1187278599e-14 -7.4151786822e-12 -3.1214343481e-14
d  4.0362460120e-03 2.8253720671e+00 -2.0000000000e-01 7.4668474293e-05 3.0000000000e+02 -7.5295672440e-12 3.1231429071e-14 7.4668462214e-12 7.5292847081e-12 -9.2478187550e-18 -3.1211427962e-14 -7.4668474399e-12 -3.1215668822e-14
d  4.0383823451e-03 2.8268675002e+00 -2.0000000000e-01 7.5296012541e-05 3.0000000000e+02 -7.5923505419e-12 3.1261502259e-14 7.5295963278e-12 7.5920678605e-12 -9.3570343991e-18 -3.1241498484e-14 -7.5296012733e-12 -3.1217315276e-14
d  4.0409459448e-03 2.8286620199e+00 -2.0000000000e-01 7.6060138781e-05 3.0000000000e+02 -7.6687996301e-12 3.1296791167e-14 7.6060084292e-12 7.6685167696e-12 -9.4918664790e-18 -3.1276787679e-14 -7.6060138974e-12 -3.1219257310e-14
d  4.0424841046e-03 2.8297387317e+00 -2.0000000000e-01 7.6524546004e-05 3.0000000000e+02 -7.7152628827e-12 3.1318342618e-14 7.6524533752e-12 7.7149799102e-12 -9.5753306056e-18 -3.1298341461e-14 -7.6524546114e-12 -3.1220445159e-14
d  4.0443298964e-03 2.8310307859e+00 -2.0000000000e-01 7.7087811138e-05 3.0000000000e+02 -7.7716164889e-12 3.1340927132e-14 7.7087789737e-12 7.7713333883e-12 -9.6740104094e-18 -3.1320925239e-14 -7.7087811272e-12 -3.1221704720e-14
d  4.0465448465e-03 2.8325812509e+00 -2.0000000000e-01 7.7772491864e-05 3.0000000000e+02 -7.8401174184e-12 3.1373027480e-14 7.7772411905e-12 7.8398341692e-12 -9.7957936593e-18 -3.1353021572e-14 -7.7772492131e-12 -3.1223468447e-14
d  4.0492027866e-03 2.8344418089e+00 -2.0000000000e-01 7.8607084941e-05 3.0000000000e+02 -7.9236178861e-12 3.1413542388e-14 7.8607142350e-12 7.9233344356e-12 -9.9496237738e-18 -3.1393545931e-14 -7.8607084897e-12 -3.1225697124e-14
d  4.0507975507e-03 2.8355581437e+00 -2.0000000000e-01 7.9114735655e-05 3.0000000000e+02 -7.9744074017e-12 3.1430556886e-14 7.9114711275e-12 7.9741238488e-12 -1.0037348965e-17 -3.1410554666e-14 -7.9114735800e-12 -3.1226663042e-14
d  4.0527112677e-03 2.8368977455e+00 -2.0000000000e-01 7.9730923783e-05 3.0000000000e+02 -8.0360565476e-12 3.1464639618e-14 7.9730886759e-12 8.0357728622e-12 -1.0152528148e-17 -3.1444636459e-14 -7.9730923960e-12 -3.1228515990e-14
d  4.0550077280e-03 2.8385052676e+00 -2.0000000000e-01 8.0480703058e-05 3.0000000000e+02 -8.1110721635e-12 3.1499108602e-14 8.0480432725e-12 8.1107883443e-12 -1.0287078997e-17 -3.1479089349e-14 -8.0480703776e-12 -3.1230412505e-14
d  4.0577634803e-03 2.8404342942e+00 -2.0000000000e-01 8.1395795111e-05 3.0000000000e+02 -8.2026286172e-12 3.1549462013e-14 8.1395759548e-12 8.2023445778e-12 -1.0465726971e-17 -3.1529459898e-14 -8.1395795269e-12 -3.1233165079e-14
d  4.0594169317e-03 2.8415917101e+00 -2.0000000000e-01 8.1953076371e-05 3.0000000000e+02 -8.2583855063e-12 3.1568877366e-14 8.1953032084e-12 8.2581013526e-12 -1.0565938532e-17 -3.1548873480e-14 -8.1953076573e-12 -3.1234267690e-14
d  4.0614010734e-03 2.8429806093e+00 -2.0000000000e-01 8.2630234872e-05 3.0000000000e+02 -8.3261374071e-12 3.1605188053e-14 8.2630172093e-12 8.3258531167e-12 -1.0696210560e-17 -3.1585182892e-14 -8.2630235118e-12 -3.1236251761e-14
d  4.0637820435e-03 2.8446472882e+00 -2.0000000000e-01 8.3455327558e-05 3.0000000000e+02 -8.4086920916e-12 3.1647867605e-14 8.3455515022e-12 8.4084076043e-12 -1.0860084867e-17 -3.1627880471e-14 -8.3455327199e-12 -3.1238602231e-14
d  4.0652106255e-03 2.8456472956e+00 -2.0000000000e-01 8.3957048107e-05 3.0000000000e+02 -8.4588913070e-12 3.1661803243e-14 8.3957029408e-12 8.4586067447e-12 -1.0948642728e-17 -3.1641801348e-14 -8.3957048247e-12 -3.1239414967e-14
d  4.0669249239e-03 2.8468473044e+00 -2.0000000000e-01 8.4565844982e-05 3.0000000000e+02 -8.5198040776e-12 3.1706679759e-14 8.4565813314e-12 8.5195193970e-12 -1.1074320450e-17 -3.1686676752e-14 -8.4565845158e-12 -3.1241817119e-14
d  4.0689820820e-03 2.8482873150e+00 -2.0000000000e-01 8.5306319934e-05 3.0000000000e+02 -8.5938923578e-12 3.1742136339e-14 8.5306223915e-12 8.5936075412e-12 -1.1217587456e-17 -3.1722128730e-14 -8.5306320269e-12 -3.1243775673e-14
d  4.0714506718e-03 2.8500153277e+00 -2.0000000000e-01 8.6209553023e-05 3.0000000000e+02 -8.6842659958e-12 3.1791328187e-14 8.6209496303e-12 8.6839810013e-12 -1.1398956730e-17 -3.1771324435e-14 -8.6209553243e-12 -3.1246470266e-14
d  4.0729318256e-03 2.8510521354e+00 -2.0000000000e-01 8.6759359548e-05 3.0000000000e+02 -8.7392776830e-12 3.1819333131e-14 8.6759336705e-12 8.7389925808e-12 -1.1509537711e-17 -3.1799330900e-14 -8.6759359703e-12 -3.1248014308e-14
d  4.0747092102e-03 2.8522963045e+00 -2.0000000000e-01 8.7427100867e-05 3.0000000000e+02 -8.8060895605e-12 3.1853236684e-14 8.7427044176e-12 8.8058043384e-12 -1.1642945712e-17 -3.1833231496e-14 -8.7427101117e-12 -3.1249881893e-14
d  4.0768420717e-03 2.8537893075e+00 -2.0000000000e-01 8.8240150809e-05 3.0000000000e+02 -8.8874409347e-12 3.1898892514e-14 8.8240013642e-12 8.8871555738e-12 -1.1808341627e-17 -3.1878882039e-14 -8.8240151253e-12 -3.1252376630e-14
d  4.0794015056e-03 2.8555809111e+00 -2.0000000000e-01 8.9233250449e-05 3.0000000000e+02 -8.9868085075e-12 3.1954454473e-14 8.9233233235e-12 8.9865229517e-12 -1.2016079285e-17 -3.1934453376e-14 -8.9233250579e-12 -3.1255424406e-14
d  4.0809371659e-03 2.8566558733e+00 -2.0000000000e-01 8.9838552528e-05 3.0000000000e+02 -9.0473751928e-12 3.1984844262e-14 8.9838643429e-12 9.0470895146e-12 -1.2143909581e-17 -3.1964852818e-14 -8.9838552347e-12 -3.1257112286e-14
d  4.0827799583e-03 2.8579458279e+00 -2.0000000000e-01 9.0574676963e-05 3.0000000000e+02 -9.1210337358e-12 3.2023730279e-14 9.0574581378e-12 9.1207479544e-12 -1.2296192393e-17 -3.2003721850e-14 -9.0574677328e-12 -3.1259252100e-14
d  4.0849913091e-03 2.8594937734e+00 -2.0000000000e-01 9.1472423795e-05 3.0000000000e+02 -9.2108648182e-12 3.2086586259e-14 9.1472250483e-12 9.2105788925e-12 -1.2493931923e-17 -3.2066573509e-14 -9.1472424338e-12 -3.1262645056e-14
d  4.0876449301e-03 2.8613513080e+00 -2.0000000000e-01 9.2570982983e-05 3.0000000000e+02 -9.3207892538e-12 3.2150093179e-14 9.2570858647e-12 9.3205031355e-12 -1.2732767532e-17 -3.2130085549e-14 -9.2570983373e-12 -3.1266129535e-14
d  4.0892371027e-03 2.8624658288e+00 -2.0000000000e-01 9.3241526307e-05 3.0000000000e+02 -9.3878854520e-12 3.2188600804e-14 9.3241638686e-12 9.3875991892e-12 -1.2883311637e-17 -3.2168610995e-14 -9.3241526066e-12 -3.1268252633e-14
d  4.0911477098e-03 2.8638032537e+00 -2.0000000000e-01 9.4057801110e-05 3.0000000000e+02 -9.4695639481e-12 3.2227677861e-14 9.4057615179e-12 9.4692775945e-12 -1.3051686528e-17 -3.2207662066e-14 -9.4057801739e-12 -3.1270421389e-14
d  4.0934404384e-03 2.8654081636e+00 -2.0000000000e-01 9.5054629465e-05 3.0000000000e+02 -9.5693109253e-12 3.2301021178e-14 9.5054516223e-12 9.5690244007e-12 -1.3285163711e-17 -3.2281013155e-14 -9.5054629857e-12 -3.1274386256e-14
d  4.0948160755e-03 2.8663711095e+00 -2.0000000000e-01 9.5662015912e-05 3.0000000000e+02 -9.6300890708e-12 3.2334439856e-14 9.5661978924e-12 9.6298024393e-12 -1.3421594453e-17 -3.2314435981e-14 -9.5662016129e-12 -3.1276234822e-14
d  4.0964668400e-03 2.8675266447e+00 -2.0000000000e-01 9.6400327667e-05 3.0000000000e+02 -9.7039685525e-12 3.2377403090e-14 9.6400421463e-12 9.7036817856e-12 -1.3590549294e-17 -3.2357412294e-14 -9.6400327466e-12 -3.1278603504e-14
d  4.0984477575e-03 2.8689132868e+00 -2.0000000000e-01 9.7300248960e-05 3.0000000000e+02 -9.7940196912e-12 3.2428405928e-14 9.7300232297e-12 9.7937328024e-12 -1.3792242762e-17 -3.2408404564e-14 -9.7300249106e-12 -3.1281413003e-14
d  4.1008248585e-03 2.8705772574e+00 -2.0000000000e-01 9.8400939509e-05 3.0000000000e+02 -9.9041626381e-12 3.2503518869e-14 9.8401159482e-12 9.9038755477e-12 -1.4056148342e-17 -3.2483533879e-14 -9.8400939028e-12 -3.1285509350e-14
d  4.1022511190e-03 2.8715756397e+00 -2.0000000000e-01 9.9072581252e-05 3.0000000000e+02 -9.9713726755e-12 3.2538891180e-14 9.9072523512e-12 9.9710855270e-12 -1.4205222650e-17 -3.2518885353e-14 -9.9072581541e-12 -3.1287468405e-14
d  4.1039626317e-03 2.8727736986e+00 -2.0000000000e-01 9.9889969885e-05 3.0000000000e+02 -1.0053167667e-11 3.2603033788e-14 9.9890139488e-12 1.0052880363e-11 -1.4413824493e-17 -3.2583049821e-14 -9.9889969447e-12 -3.1290944691e-14
d  4.1060164470e-03 2.8742113692e+00 -2.0000000000e-01 1.0088777161e-04 3.0000000000e+02 -1.0153016753e-11 3.2657072204e-14 1.0088774452e-11 1.0152729336e-11 -1.4642164830e-17 -3.2637070069e-14 -1.0088777179e-11 -3.1293941119e-14
d  4.1084810252e-03 2.8759365739e+00 -2.0000000000e-01 1.0211035037e-04 3.0000000000e+02 -1.0275360108e-11 3.2745925807e-14 1.0211024283e-11 1.0275072531e-11 -1.4945314846e-17 -3.2725918742e-14 -1.0211035076e-11 -3.1298770130e-14
d  4.1099597722e-03 2.8769716967e+00 -2.0000000000e-01 1.0285758992e-04 3.0000000000e+02 -1.0350137987e-11 3.2797573807e-14 1.0285752626e-11 1.0349850301e-11 -1.5133979583e-17 -3.2777567618e-14 -1.0285759024e-11 -3.1301596167e-14
d  4.1117342685e-03 2.8782138441e+00 -2.0000000000e-01 1.0376831254e-04 3.0000000000e+02 -1.0441276526e-11 3.2858595905e-14 1.0376812258e-11 1.0440988736e-11 -1.5359310065e-17 -3.2838578612e-14 -1.0376831325e-11 -3.1304935760e-14
d  4.1138636642e-03 2.8797044209e+00 -2.0000000000e-01 1.0488199855e-04 3.0000000000e+02 -1.0552726681e-11 3.2939172377e-14 1.0488196349e-11 1.0552438717e-11 -1.5648147351e-17 -3.2919169717e-14 -1.0488199875e-11 -3.1309338379e-14
d  4.1151413015e-03 2.8805987671e+00 -2.0000000000e-01 1.0556140468e-04 3.0000000000e+02 -1.0620717314e-11 3.2981469351e-14 1.0556135990e-11 1.0620429262e-11 -1.5819185477e-17 -3.2961464320e-14 -1.0556140495e-11 -3.1311675467e-14
d  4.1166744664e-03 2.8816719824e+00 -2.0000000000e-01 1.0638810710e-04 3.0000000000e+02 -1.0703448944e-11 3.3040814837e-14 1.0638803603e-11 1.0703160789e-11 -1.6033955240e-17 -3.3020807360e-14 -1.0638810745e-11 -3.1314918841e-14
d  4.1185142642e-03 2.8829598408e+00 -2.0000000000e-01 1.0739712377e-04 3.0000000000e+02 -1.0804427021e-11 3.3113267402e-14 1.0739709612e-11 1.0804138730e-11 -1.6300925991e-17 -3.3093264977e-14 -1.0739712397e-11 -3.1318887196e-14
d  4.1207220216e-03 2.8845052709e+00 -2.0000000000e-01 1.0863317461e-04 3.0000000000e+02 -1.0928126228e-11 3.3200130828e-14 1.0863313044e-11 1.0927837785e-11 -1.6627580064e-17 -3.3180127601e-14 -1.0863317485e-11 -3.1323652961e-14
d  4.1220466760e-03 2.8854325290e+00 -2.0000000000e-01 1.0938846633e-04 3.0000000000e+02 -1.1003714130e-11 3.3256581169e-14 1.0938839558e-11 1.1003425599e-11 -1.6833333670e-17 -3.3236573514e-14 -1.0938846670e-11 -3.1326740846e-14
d  4.1236362614e-03 2.8865452386e+00 -2.0000000000e-01 1.1030884439e-04 3.0000000000e+02 -1.1095824700e-11 3.3326385959e-14 1.1030875802e-11 1.1095536061e-11 -1.7086493845e-17 -3.3306377208e-14 -1.1030884480e-11 -3.1330558053e-14
d  4.1255437637e-03 2.8878804902e+00 -2.0000000000e-01 1.1143422441e-04 3.0000000000e+02 -1.1208453323e-11 3.3411527736e-14 1.1143418528e-11 1.1208164542e-11 -1.7400917268e-17 -3.3391524433e-14 -1.1143422465e-11 -3.1335223793e-14
d  4.1278327666e-03 2.8894827921e+00 -2.0000000000e-01 1.1281605932e-04 3.0000000000e+02 -1.1346750061e-11 3.3516652765e-14 1.1281601743e-11 1.1346461120e-11 -1.7790966712e-17 -3.3496649821e-14 -1.1281605955e-11 -3.1340986690e-14
d  4.1292061683e-03 2.8904441733e+00 -2.0000000000e-01 1.1366218890e-04 3.0000000000e+02 -1.1431433629e-11 3.3583967471e-14 1.1366210966e-11 1.1431144599e-11 -1.8036099737e-17 -3.3563959216e-14 -1.1366218930e-11 -3.1344669820e-14
d  4.1308542504e-03 2.8915978307e+00 -2.0000000000e-01 1.1469499272e-04 3.0000000000e+02 -1.1534800584e-11 3.3667003258e-14 1.1469587774e-11 1.1534511258e-11 -1.8358135685e-17 -3.3647089573e-14 -1.1469498971e-11 -3.1349257482e-14
d  4.1328319488e-03 2.8929822195e+00 -2.0000000000e-01 1.1596079047e-04 3.0000000000e+02 -1.1661491152e-11 3.3766535166e-14 1.1596108413e-11 1.1661201799e-11 -1.8699750142e-17 -3.3746559014e-14 -1.1596078963e-11 -3.1354656049e-14
d  4.1352051870e-03 2.8946434862e+00 -2.0000000000e-01 1.1751981605e-04 3.0000000000e+02 -1.1817534721e-11 3.3897245072e-14 1.1751959046e-11 1.1817245299e-11 -1.9192407632e-17 -3.3877229823e-14 -1.1751981685e-11 -3.1361843184e-14
d  4.1366291299e-03 2.8956402461e+00 -2.0000000000e-01 1.1847705249e-04 3.0000000000e+02 -1.1913346302e-11 3.3991380775e-14 1.1847693607e-11 1.1913056761e-11 -1.9501800204e-17 -3.3971369103e-14 -1.1847705303e-11 -3.1366948184e-14
d  4.1383378614e-03 2.8968363581e+00 -2.0000000000e-01 1.1964833746e-04 3.0000000000e+02 -1.2030584160e-11 3.4090249312e-14 1.1964856336e-11 1.2030294432e-11 -1.9876221877e-17 -3.4070270511e-14 -1.1964833678e-11 -3.1372388143e-14
d  4.1403883391e-03 2.8982716925e+00 -2.0000000000e-01 1.2108781185e-04 3.0000000000e+02 -1.2174667635e-11 3.4211241380e-14 1.2108804451e-11 1.2174377762e-11 -2.0332549376e-17 -3.4191259551e-14 -1.2108781120e-11 -3.1379036914e-14
d  4.1428489125e-03 2.8999940937e+00 -2.0000000000e-01 1.2286656224e-04 3.0000000000e+02 -1.2352714088e-11 3.4376267161e-14 1.2286663348e-11 1.2352424074e-11 -2.0919459365e-17 -3.4356271789e-14 -1.2286656215e-11 -3.1388053541e-14
d  4.1443252565e-03 2.9010275345e+00 -2.0000000000e-01 1.2396197360e-04 3.0000000000e+02 -1.2462363285e-11 3.4480116039e-14 1.2396187458e-11 1.2462073203e-11 -2.1292010315e-17 -3.4460106489e-14 -1.2396197409e-11 -3.1393733018e-14
d  4.1460968693e-03 2.9022676634e+00 -2.0000000000e-01 1.2530583804e-04 3.0000000000e+02 -1.2596885068e-11 3.4611467886e-14 1.2530577716e-11 1.2596594854e-11 -2.1761142736e-17 -3.4591462392e-14 -1.2530583838e-11 -3.1400917509e-14
d  4.1482228046e-03 2.9037558180e+00 -2.0000000000e-01 1.2696296041e-04 3.0000000000e+02 -1.2762767835e-11 3.4770091596e-14 1.2696285316e-11 1.2762477482e-11 -2.2341784015e-17 -3.4750083546e-14 -1.2696296090e-11 -3.1409614209e-14
d  4.1507739270e-03 2.9055416037e+00 -2.0000000000e-01 1.2901938220e-04 3.0000000000e+02 -1.2968626255e-11 3.4974986234e-14 1.2901923808e-11 1.2968335732e-11 -2.3084958990e-17 -3.4954977244e-14 -1.2901938279e-11 -3.1420840146e-14
d  4.1523046005e-03 2.9066130750e+00 -2.0000000000e-01 1.3029076808e-04 3.0000000000e+02 -1.3095902934e-11 3.5106261088e-14 1.3029090807e-11 1.3095612242e-11 -2.3569022989e-17 -3.5086274065e-14 -1.3029076768e-11 -3.1428050113e-14
d  4.1541414087e-03 2.9078988407e+00 -2.0000000000e-01 1.3185578302e-04 3.0000000000e+02 -1.3252576829e-11 3.5263361047e-14 1.3185582755e-11 1.3252286029e-11 -2.4153613393e-17 -3.5243364908e-14 -1.3185578299e-11 -3.1436680442e-14
d  4.1563455784e-03 2.9094417594e+00 -2.0000000000e-01 1.3379380493e-04 3.0000000000e+02 -1.3446597433e-11 3.5472910805e-14 1.3379365620e-11 1.3446306523e-11 -2.4909009420e-17 -3.5452900089e-14 -1.3379380558e-11 -3.1448159123e-14
d  4.1589905822e-03 2.9112932619e+00 -2.0000000000e-01 1.3621246128e-04 3.0000000000e+02 -1.3688746614e-11 3.5742799138e-14 1.3621265998e-11 1.3688455438e-11 -2.5893542505e-17 -3.5722811024e-14 -1.3621246075e-11 -3.1462970716e-14
d  4.1605775844e-03 2.9124041635e+00 -2.0000000000e-01 1.3771561676e-04 3.0000000000e+02 -1.3839244924e-11 3.5910087348e-14 1.3771564597e-11 1.3838953677e-11 -2.6519239482e-17 -3.5890089948e-14 -1.3771561679e-11 -3.1472173684e-14
d  4.1624819871e-03 2.9137372453e+00 -2.0000000000e-01 1.3957550660e-04 3.0000000000e+02 -1.4025472548e-11 3.6139460645e-14 1.3957561830e-11 1.4025181148e-11 -2.7342251130e-17 -3.6119469941e-14 -1.3957550632e-11 -3.1484748128e-14
d  4.1636246287e-03 2.9145370944e+00 -2.0000000000e-01 1.4072249950e-04 3.0000000000e+02 -1.4140324014e-11 3.6280339419e-14 1.4072235861e-11 1.4140032595e-11 -2.7853344085e-17 -3.6260321968e-14 -1.4072250029e-11 -3.1492476366e-14
d  4.1649957986e-03 2.9154969133e+00 -2.0000000000e-01 1.4213146499e-04 3.0000000000e+02 -1.4281410722e-11 3.6466385028e-14 1.4213128937e-11 1.4281119216e-11 -2.8510517672e-17 -3.6446364681e-14 -1.4213146592e-11 -3.1502661597e-14
d  4.1666412026e-03 2.9166486960e+00 -2.0000000000e-01 1.4387177211e-04 3.0000000000e+02 -1.4455681399e-11 3.6691327960e-14 1.4387179044e-11 1.4455389729e-11 -2.9332278840e-17 -3.6671329724e-14 -1.4387177218e-11 -3.1515022637e-14
d  4.1686156873e-03 2.9180308352e+00 -2.0000000000e-01 1.4603620337e-04 3.0000000000e+02 -1.4672430506e-11 3.6976495598e-14 1.4603576202e-11 1.4672138817e-11 -3.0367322682e-17 -3.6956460334e-14 -1.4603620525e-11 -3.1530676703e-14
d  4.1698003781e-03 2.9188601187e+00 -2.0000000000e-01 1.4737692364e-04 3.0000000000e+02 -1.4806696923e-11 3.7169450892e-14 1.4737670435e-11 1.4806405095e-11 -3.1059475229e-17 -3.7149424783e-14 -1.4737692481e-11 -3.1541264829e-14
d  4.1712220071e-03 2.9198552590e+00 -2.0000000000e-01 1.4903017446e-04 3.0000000000e+02 -1.4972266742e-11 3.7394383456e-14 1.4902996088e-11 1.4971974813e-11 -3.1896236233e-17 -3.7374359680e-14 -1.4903017558e-11 -3.1553652287e-14
d  4.1729279619e-03 2.9210494272e+00 -2.0000000000e-01 1.5108231301e-04 3.0000000000e+02 -1.5177793786e-11 3.7690495182e-14 1.5108196712e-11 1.5177501775e-11 -3.2978806405e-17 -3.7670463221e-14 -1.5108231464e-11 -3.1569933814e-14
d  4.1739515347e-03 2.9217659282e+00 -2.0000000000e-01 1.5235138463e-04 3.0000000000e+02 -1.5304900953e-11 3.7884277393e-14 1.5235129673e-11 1.5304608801e-11 -3.3688076579e-17 -3.7864265285e-14 -1.5235138523e-11 -3.1580596204e-14
d  4.1751798222e-03 2.9226257294e+00 -2.0000000000e-01 1.5391420118e-04 3.0000000000e+02 -1.5461435041e-11 3.8114379170e-14 1.5391398964e-11 1.5461142838e-11 -3.4549606077e-17 -3.8094351919e-14 -1.5391420238e-11 -3.1593283801e-14
d  4.1766537671e-03 2.9236574908e+00 -2.0000000000e-01 1.5585084304e-04 3.0000000000e+02 -1.5655421533e-11 3.8423336190e-14 1.5585062650e-11 1.5655129229e-11 -3.5675223821e-17 -3.8403313035e-14 -1.5585084420e-11 -3.1610277467e-14
d  4.1784225010e-03 2.9248956045e+00 -2.0000000000e-01 1.5826992272e-04 3.0000000000e+02 -1.5897746301e-11 3.8815285597e-14 1.5826972872e-11 1.5897453867e-11 -3.7124113307e-17 -3.8795268396e-14 -1.5826992374e-11 -3.1631873948e-14
d  4.1794837414e-03 2.9256384727e+00 -2.0000000000e-01 1.5977454078e-04 3.0000000000e+02 -1.6048476722e-11 3.9070105777e-14 1.5977432048e-11 1.6048184223e-11 -3.8068841087e-17 -3.9050076615e-14 -1.5977454208e-11 -3.1645920912e-14
d  4.1807572298e-03 2.9265299145e+00 -2.0000000000e-01 1.6163696258e-04 3.0000000000e+02 -1.6235061617e-11 3.9393840329e-14 1.6163671420e-11 1.6234769037e-11 -3.9269130771e-17 -3.9373809595e-14 -1.6163696401e-11 -3.1663772116e-14
d  4.1822854159e-03 2.9275996448e+00 -2.0000000000e-01 1.6396036649e-04 3.0000000000e+02 -1.6467845637e-11 3.9812314801e-14 1.6396015117e-11 1.6467552943e-11 -4.0823129071e-17 -3.9792292711e-14 -1.6396036768e-11 -3.1686857877e-14
d  4.1841192392e-03 2.9288833210e+00 -2.0000000000e-01 1.6688829775e-04 3.0000000000e+02 -1.6761222948e-11 4.0362515769e-14 1.6688754223e-11 1.6760930295e-11 -4.2862821712e-17 -4.0342451588e-14 -1.6688830138e-11 -3.1717206418e-14
d  4.1852195332e-03 2.9296535268e+00 -2.0000000000e-01 1.6872454552e-04 3.0000000000e+02 -1.6945232243e-11 4.0735909654e-14 1.6872428754e-11 1.6944939358e-11 -4.4258512210e-17 -4.0715876878e-14 -1.6872454706e-11 -3.1737836928e-14
d  4.1865398860e-03 2.9305777737e+00 -2.0000000000e-01 1.7101468257e-04 3.0000000000e+02 -1.7174742807e-11 4.1193453521e-14 1.7101437591e-11 1.7174449847e-11 -4.5994270725e-17 -4.1173417124e-14 -1.7101468435e-11 -3.1763154700e-14
d  4.1881243094e-03 2.9316868700e+00 -2.0000000000e-01 1.7390011759e-04 3.0000000000e+02 -1.7463940093e-11 4.1813528889e-14 1.7390000102e-11 1.7463646963e-11 -4.8323066788e-17 -4.1793517434e-14 -1.7390011834e-11 -3.1797442616e-14
d  4.1890749634e-03 2.9323523278e+00 -2.0000000000e-01 1.7570935705e-04 3.0000000000e+02 -1.7645292898e-11 4.2215778684e-14 1.7570924374e-11 1.7644999700e-11 -4.9861464382e-17 -4.2195762022e-14 -1.7570935789e-11 -3.1819734626e-14
d  4.1902157482e-03 2.9331508771e+00 -2.0000000000e-01 1.7796531660e-04 3.0000000000e+02 -1.7871442087e-11 4.2738713956e-14 1.7796497079e-11 1.7871148888e-11 -5.1836907681e-17 -4.2718666448e-14 -1.7796531876e-11 -3.1848676714e-14
d  4.1915846900e-03 2.9341091363e+00 -2.0000000000e-01 1.8080693199e-04 3.0000000000e+02 -1.8156331466e-11 4.3429805657e-14 1.8080659289e-11 1.8156038172e-11 -5.4459252198e-17 -4.3409767083e-14 -1.8080693401e-11 -3.1886959974e-14
d  4.1932274201e-03 2.9352590473e+00 -2.0000000000e-01 1.8443451391e-04 3.0000000000e+02 -1.8520071050e-11 4.4353566328e-14 1.8443417131e-11 1.8519777648e-11 -5.7999367086e-17 -4.4333534122e-14 -1.8443451589e-11 -3.1938204192e-14
d  4.1942130582e-03 2.9359489940e+00 -2.0000000000e-01 1.8673701218e-04 3.0000000000e+02 -1.8750977475e-11 4.4974731399e-14 1.8673681398e-11 1.8750683952e-11 -6.0422403975e-17 -4.4954703453e-14 -1.8673701356e-11 -3.1972743268e-14
d  4.1953958239e-03 2.9367769299e+00 -2.0000000000e-01 1.8964076067e-04 3.0000000000e+02 -1.9042217824e-11 4.5788841510e-14 1.8964063128e-11 1.9041924194e-11 -6.3592857469e-17 -4.5768824481e-14 -1.8964076162e-11 -3.2018012124e-14
d  4.1968151428e-03 2.9377704530e+00 -2.0000000000e-01 1.9335446593e-04 3.0000000000e+02 -1.9414756511e-11 4.6890114040e-14 1.9335381422e-11 1.9414462983e-11 -6.7882334007e-17 -4.6870043164e-14 -1.9335446983e-11 -3.2079259005e-14
d  4.1976667341e-03 2.9383665669e+00 -2.0000000000e-01 1.9571569757e-04 3.0000000000e+02 -1.9651662646e-11 4.7640043326e-14 1.9571481421e-11 1.9651369147e-11 -7.0836058775e-17 -4.7619899147e-14 -1.9571570362e-11 -3.2121029201e-14
d  4.1986886436e-03 2.9390819036e+00 -2.0000000000e-01 1.9869837913e-04 3.0000000000e+02 -1.9950965844e-11 4.8620709997e-14 1.9869815510e-11 1.9950672024e-11 -7.4747872211e-17 -4.8600675861e-14 -1.9869838079e-11 -3.2175765815e-14
d  4.1999149351e-03 2.9399403076e+00 -2.0000000000e-01 2.0252149071e-04 3.0000000000e+02 -2.0334677995e-11 4.9925372451e-14 2.0252104217e-11 2.0334384182e-11 -7.9988823455e-17 -4.9905315980e-14 -2.0252149370e-11 -3.2248648894e-14
d  4.2013864849e-03 2.9409703924e+00 -2.0000000000e-01 2.0752040721e-04 3.0000000000e+02 -2.0836534474e-11 5.1785345754e-14 2.0751985340e-11 2.0836240613e-11 -8.7486663161e-17 -5.1765288306e-14 -2.0752041077e-11 -3.2352632848e-14
d  4.2022694147e-03 2.9415884432e+00 -2.0000000000e-01 2.1076634076e-04 3.0000000000e+02 -2.1162492928e-11 5.3075198904e-14 2.1076543584e-11 2.1162199152e-11 -9.2823863634e-17 -5.3055057574e-14 -2.1076634722e-11 -3.2424992153e-14
d  4.2033289306e-03 2.9423301043e+00 -2.0000000000e-01 2.1495022933e-04 3.0000000000e+02 -2.1582747745e-11 5.4842001853e-14 2.1495009689e-11 2.1582453570e-11 -1.0016653371e-16 -5.4821982568e-14 -2.1495023045e-11 -3.2524207702e-14
d  4.2046003496e-03 2.9432200975e+00 -2.0000000000e-01 2.2046641132e-04 3.0000000000e+02 -2.2137010541e-11 5.7318480317e-14 2.2046542543e-11 2.2136716672e-11 -1.1055255971e-16 -5.7298362096e-14 -2.2046641811e-11 -3.2663447059e-14
d  4.2061260524e-03 2.9442880894e+00 -2.0000000000e-01 2.2797916980e-04 3.0000000000e+02 -2.2892245285e-11 6.1065105461e-14 2.2797894258e-11 2.2891950969e-11 -1.2652543184e-16 -6.1045083130e-14 -2.2797917155e-11 -3.2874645633e-14
d  4.2079568957e-03 2.9455696797e+00 -2.0000000000e-01 2.3874018126e-04 3.0000000000e+02 -2.3974768821e-11 6.7105725101e-14 2.3873888547e-11 2.3974474984e-11 -1.5294539384e-16 -6.7085621636e-14 -2.3874019051e-11 -3.3216433683e-14
d  4.2101539078e-03 2.9471075881e+00 -2.0000000000e-01 2.5556544517e-04 3.0000000000e+02 -2.5669229537e-11 7.8358863411e-14 2.5556512088e-11 2.5668935041e-11 -2.0404559209e-16 -7.8338842770e-14 -2.5556544794e-11 -3.3856806125e-14
d  4.2127903222e-03 2.9489530781e+00 -2.0000000000e-01 2.8736496547e-04 3.0000000000e+02 -2.8878412790e-11 1.0586613532e-13 2.8736368177e-11 2.8878119088e-11 -3.3703869355e-16 -1.0584607431e-13 -2.8736497884e-11 -3.5437495341e-14
d  4.2143721709e-03 2.9500603721e+00 -2.0000000000e-01 3.1951072201e-04 3.0000000000e+02 -3.2132044978e-11 1.4256938548e-13 3.1950896933e-11 3.2131751703e-11 -5.4068911664e-16 -1.4254925753e-13 -3.1951074200e-11 -3.7595009766e-14
d  4.2153212801e-03 2.9507247485e+00 -2.0000000000e-01 3.4880961182e-04 3.0000000000e+02 -3.5105667291e-11 1.8358124575e-13 3.4880828396e-11 3.5105373478e-11 -7.9966650255e-16 -1.8356107204e-13 -3.4880962787e-11 -4.0064122066e-14
d  4.2164602111e-03 2.9515220002e+00 -2.0000000000e-01 4.1080216008e-04 3.0000000000e+02 -4.1420169281e-11 2.9148526149e-13 4.1080165714e-11 4.1419874822e-11 -1.5357687350e-15 -2.9146520607e-13 -4.1080216846e-11 -4.6664606343e-14
d  4.2171435697e-03 2.9520003512e+00 -2.0000000000e-01 4.8345634839e-04 3.0000000000e+02 -4.8855881972e-11 4.5028152441e-13 4.8345556577e-11 4.8855587994e-11 -2.8609699087e-15 -4.5026139227e-13 -4.8345636353e-11 -5.6831959488e-14
d  4.2175535849e-03 2.9522873618e+00 -2.0000000000e-01 5.5945770195e-04 3.0000000000e+02 -5.6668880949e-11 6.4778281712e-13 5.5945734137e-11 5.6668586297e-11 -4.8811381572e-15 -6.4776270799e-13 -5.5945771023e-11 -7.0181163980e-14
d  4.2177995940e-03 2.9524595682e+00 -2.0000000000e-01 6.3029862760e-04 3.0000000000e+02 -6.3979057657e-11 8.5649508930e-13 6.3029625492e-11 6.3978766279e-11 -7.4027578007e-15 -8.5647382600e-13 -6.3029868904e-11 -8.5025710522e-14
d  4.2180948049e-03 2.9526662158e+00 -2.0000000000e-01 7.7991222978e-04 3.0000000000e+02 -7.9488323550e-11 1.3604801888e-12 7.7991164266e-11 7.9488029662e-11 -1.4185370581e-14 -1.3604599151e-12 -7.7991224927e-11 -1.2221035754e-13
d  4.2182719315e-03 2.9527902044e+00 -2.0000000000e-01 9.4996846049e-04 3.0000000000e+02 -9.7222661084e-11 2.0240465927e-12 9.4996794337e-11 9.7222367228e-11 -2.5583051273e-14 -2.0240262253e-12 -9.4996848221e-11 -1.7591262424e-13
d  4.2184844834e-03 2.9529389907e+00 -2.0000000000e-01 1.5701118849e-03 3.0000000000e+02 -1.6253960512e-10 4.9953220958e-12 1.5701051182e-10 1.6253937164e-10 -9.0153851194e-14 -4.9952995813e-12 -1.5701125639e-10 -4.4266774798e-13
d  4.2185482489e-03 2.9529836266e+00 -2.0000000000e-01 2.0468619105e-03 3.0000000000e+02 -2.1348922060e-10 7.8328679737e-12 2.0468603714e-10 2.1348893517e-10 -1.9287833648e-13 -7.8328453011e-12 -2.0468620592e-10 -7.7715537134e-13
d  4.2185865083e-03 2.9530104081e+00 -2.0000000000e-01 2.5442862710e-03 3.0000000000e+02 -2.6716780512e-10 1.1174191669e-11 2.5442773723e-10 2.6716757298e-10 -3.4082357159e-13 -1.1174140860e-11 -2.5442874424e-10 -1.2238734567e-12
d  4.2186324195e-03 2.9530425460e+00 -2.0000000000e-01 3.8883005643e-03 3.0000000000e+02 -4.1382843636e-10 2.1408961456e-11 3.8882907826e-10 4.1382828099e-10 -8.6251829618e-13 -2.1408913954e-11 -3.8883024765e-10 -2.7268461388e-12
d  4.2186599662e-03 2.9530618287e+00 -2.0000000000e-01 6.2114684874e-03 3.0000000000e+02 -6.7357357829e-10 4.3336064844e-11 6.2114663978e-10 6.7357333881e-10 -2.3732158373e-12 -4.3336036899e-11 -6.2114692051e-10 -6.7173776524e-12
d  4.2186764942e-03 2.9530733983e+00 -2.0000000000e-01 1.0172438800e-02 3.0000000000e+02 -1.1331067316e-09 9.1595874910e-11 1.0172407250e-09 1.1331079345e-09 -6.7331337847e-12 -9.1595663179e-11 -1.0172457563e-09 -1.7533384389e-11
d  4.2186864110e-03 2.9530803401e+00 -2.0000000000e-01 1.6701275225e-02 3.0000000000e+02 -1.9308348412e-09 1.9686011966e-10 1.6701246371e-09 1.9308370160e-09 -1.8426452467e-11 -1.9685982117e-10 -1.6701305545e-09 -4.5421291110e-11
d  4.2186923611e-03 2.9530845051e+00 -2.0000000000e-01 2.6487659925e-02 3.0000000000e+02 -3.2101268941e-09 4.0735253558e-10 2.6487641011e-09 3.2101292960e-09 -4.5515836355e-11 -4.0735221149e-10 -2.6487693043e-09 -1.0849297005e-10
d  4.2186959312e-03 2.9530870042e+00 -2.0000000000e-01 3.9007448172e-02 3.0000000000e+02 -4.9747546493e-09 7.5697445646e-10 3.9007439194e-09 4.9747561359e-09 -9.4971264885e-11 -7.5697417224e-10 -3.9007471118e-09 -2.2206441694e-10
d  4.2187002153e-03 2.9530900030e+00 -2.0000000000e-01 8.6153431897e-02 3.0000000000e+02 -1.2124369513e-08 2.3869413685e-09 8.6153375454e-09 1.2124337900e-08 -3.4057272085e-10 -2.3869372360e-09 -8.6153175450e-09 -7.8151051733e-10
d  4.2187027857e-03 2.9530918023e+00 -2.0000000000e-01 1.7098060690e-01 3.0000000000e+02 -2.6198447934e-08 6.0589176618e-09 1.7098060714e-08 2.6198447775e-08 -9.2876186611e-10 -6.0589176633e-09 -1.7098060813e-08 -2.1127055763e-09
d  4.2187058702e-03 2.9530939615e+00 -2.0000000000e-01 3.8788415399e-01 3.0000000000e+02 -5.8313922582e-08 1.2876217599e-08 3.8788415223e-08 5.8313921348e-08 -2.0323300863e-09 -1.2876217442e-08 -3.8788414701e-08 -4.6169597265e-09
d  4.2187080732e-03 2.9530955036e+00 -2.0000000000e-01 5.8347092938e-01 3.0000000000e+02 -7.9263856766e-08 1.3854155311e-08 5.8347092737e-08 7.9263854216e-08 -2.1518950867e-09 -1.3854155073e-08 -5.8347091057e-08 -4.9107129843e-09
d  4.2187098540e-03 2.9530967502e+00 -2.0000000000e-01 7.3317249130e-01 3.0000000000e+02 -9.1307935652e-08 1.1990966759e-08 7.3317249106e-08 9.1307934621e-08 -1.8234029525e-09 -1.1990966697e-08 -7.3317248524e-08 -4.1763164037e-09
d  4.2187107051e-03 2.9530973459e+00 -2.0000000000e-01 7.9783030410e-01 3.0000000000e+02 -9.5967106273e-08 1.0812090872e-08 7.9783030389e-08 9.5967107237e-08 -1.6316083152e-09 -1.0812090845e-08 -7.9783031777e-08 -3.7403762813e-09
d  4.2187116129e-03 2.9530979814e+00 -2.0000000000e-01 8.6002284565e-01 3.0000000000e+02 -1.0033090018e-07 9.5922007064e-09 8.6002284554e-08 1.0033090033e-07 -1.4377481528e-09 -9.5922006757e-09 -8.6002285122e-08 -3.2986664583e-09
d  4.2187127023e-03 2.9530987440e+00 -2.0000000000e-01 9.2509558614e-01 3.0000000000e+02 -1.0474054502e-07 8.2047290861e-09 9.2509558603e-08 1.0474054523e-07 -1.2215623905e-09 -8.2047290570e-09 -9.2509559228e-08 -2.8046945590e-09
d  4.2187140096e-03 2.9530996590e+00 -2.0000000000e-01 9.9034273056e-01 3.0000000000e+02 -1.0899567158e-07 6.6955952568e-09 9.9034273035e-08 1.0899567228e-07 -9.9049483233e-10 -6.6955952220e-09 -9.9034274179e-08 -2.2753080557e-09
d  4.2187155782e-03 2.9531007571e+00 -2.0000000000e-01 1.0526175697e+00 3.0000000000e+02 -1.1292456827e-07 5.1601329318e-09 1.0526175695e-07 1.1292456897e-07 -7.5897139416e-10 -5.1601328975e-09 -1.0526175811e-07 -1.7437066002e-09
d  4.2187174607e-03 2.9531020748e+00 -2.0000000000e-01 1.1087151825e+00 3.0000000000e+02 -1.1637174959e-07 3.7096887882e-09 1.1087151823e-07 1.1637175025e-07 -5.4318922900e-10 -3.7096887541e-09 -1.1087151935e-07 -1.2473529382e-09
d  4.2187197196e-03 2.9531036561e+00 -2.0000000000e-01 1.1558810783e+00 3.0000000000e+02 -1.1920959840e-07 2.4453772646e-09 1.1558810780e-07 1.1920959905e-07 -3.5719961189e-10 -2.4453772302e-09 -1.1558810891e-07 -8.1891330488e-10
d  4.2187224303e-03 2.9531055536e+00 -2.0000000000e-01 1.1923789589e+00 3.0000000000e+02 -1.2137388095e-07 1.4431183488e-09 1.1923789588e-07 1.2137388088e-07 -2.1103115866e-10 -1.4431183255e-09 -1.1923789623e-07 -4.8183517042e-10
d  4.2187256832e-03 2.9531078306e+00 -2.0000000000e-01 1.2178666323e+00 3.0000000000e+02 -1.2286981011e-07 7.3145250616e-10 1.2178666321e-07 1.2286981029e-07 -1.0789431067e-10 -7.3145247952e-10 -1.2178666383e-07 -2.4379966336e-10
d  4.2187295866e-03 2.9531105630e+00 -2.0000000000e-01 1.2334573893e+00 3.0000000000e+02 -1.2377877481e-07 2.9149266707e-10 1.2334573893e-07 1.2377877476e-07 -4.4388926865e-11 -2.9149264412e-10 -1.2334573930e-07 -9.7153890538e-11
d  4.2187342707e-03 2.9531138418e+00 -2.0000000000e-01 1.2413838868e+00 3.0000000000e+02 -1.2423931046e-07 6.6593762120e-11 1.2413838866e-07 1.2423931099e-07 -1.1996132079e-11 -6.6593733806e-11 -1.2413838964e-07 -2.2331480386e-11
d  4.2187398916e-03 2.9531177765e+00 -2.0000000000e-01 1.2443427469e+00 3.0000000000e+02 -1.2441107123e-07 -1.7484302844e-11 1.2443427471e-07 1.2441107043e-07 1.0335887797e-13 1.7484318886e-11 -1.2443427430e-07 5.6161877551e-12
d  4.2187466367e-03 2.9531224981e+00 -2.0000000000e-01 1.2447750386e+00 3.0000000000e+02 -1.2443640636e-07 -2.9610871705e-11 1.2447750363e-07 1.2443641421e-07 1.8484619714e-12 2.9610938378e-11 -1.2447751221e-07 9.6386065970e-12
d  4.2187547309e-03 2.9531281640e+00 -2.0000000000e-01 1.2443725136e+00 3.0000000000e+02 -1.2441344374e-07 -1.7905688878e-11 1.2443725156e-07 1.2441343550e-07 1.6560318520e-13 1.7905676885e-11 -1.2443724349e-07 5.7366526353e-12
d  4.2187644438e-03 2.9531349630e+00 -2.0000000000e-01 1.2439740716e+00 3.0000000000e+02 -1.2439073053e-07 -6.3048600317e-12 1.2439740741e-07 1.2439071934e-07 -1.4994209599e-12 6.3048503010e-12 -1.2439739634e-07 1.8716169982e-12
d  4.2187760994e-03 2.9531431219e+00 -2.0000000000e-01 1.2437948452e+00 3.0000000000e+02 -1.2438071368e-07 -9.4680388019e-13 1.2437948468e-07 1.2438070565e-07 -2.2623266352e-12 9.4681016887e-13 -1.2437947688e-07 8.6783432955e-14
d  4.2187900860e-03 2.9531529126e+00 -2.0000000000e-01 1.2437677647e+00 3.0000000000e+02 -1.2437953626e-07 9.7674147575e-14 1.2437677800e-07 1.2437945171e-07 -2.4012526299e-12 -9.7745414047e-14 -1.2437669214e-07 -2.6056350096e-13
d  4.2188068700e-03 2.9531646614e+00 -2.0000000000e-01 1.2437907698e+00 3.0000000000e+02 -1.2438132317e-07 -2.4001004422e-13 1.2437907671e-07 1.2438134018e-07 -2.3386008516e-12 2.4004032279e-13 -1.2437909445e-07 -1.4697326810e-13
d  4.2188270108e-03 2.9531787599e+00 -2.0000000000e-01 1.2438151392e+00 3.0000000000e+02 -1.2438328359e-07 -5.5037893028e-13 1.2438151373e-07 1.2438329755e-07 -2.2773799983e-12 5.5040254512e-13 -1.2438152831e-07 -4.2385859415e-14
d  4.2188511798e-03 2.9531956782e+00 -2.0000000000e-01 1.2438341748e+00 3.0000000000e+02 -1.2438504544e-07 -6.3221791171e-13 1.2438341748e-07 1.2438504463e-07 -2.2461094921e-12 6.3223789861e-13 -1.2438341709e-07 -1.3750571831e-14
d  4.2188801825e-03 2.9532159801e+00 -2.0000000000e-01 1.2438532340e+00 3.0000000000e+02 -1.2438694204e-07 -6.2197376016e-13 1.2438532342e-07 1.2438694046e-07 -2.2246162510e-12 6.2199391363e-13 -1.2438532225e-07 -1.5567959066e-14
d  4.2189149858e-03 2.9532403424e+00 -2.0000000000e-01 1.2438759498e+00 3.0000000000e+02 -1.2438920958e-07 -6.0509827043e-13 1.2438759499e-07 1.2438920757e-07 -2.2000231323e-12 6.0511862532e-13 -1.2438759338e-07 -1.9280494851e-14
d  4.2189567498e-03 2.9532695772e+00 -2.0000000000e-01 1.2439035421e+00 3.0000000000e+02 -1.2439195041e-07 -5.9460702077e-13 1.2439035423e-07 1.2439194831e-07 -2.1698738099e-12 5.9462747340e-13 -1.2439035253e-07 -2.0533163365e-14
d  4.2190068665e-03 2.9533046589e+00 -2.0000000000e-01 1.2439367547e+00 3.0000000000e+02 -1.2439524608e-07 -5.8515477438e-13 1.2439367548e-07 1.2439524518e-07 -2.1343066840e-12 5.8517493643e-13 -1.2439367499e-07 -2.1053223846e-14
d  4.2190670066e-03 2.9533467570e+00 -2.0000000000e-01 1.2439766086e+00 3.0000000000e+02 -1.2439920190e-07 -5.7407945025e-13 1.2439766083e-07 1.2439920651e-07 -2.0930525036e-12 5.7409815443e-13 -1.2439766588e-07 -2.1674664513e-14
d  4.2191391748e-03 2.9533972747e+00 -2.0000000000e-01 1.2440244271e+00 3.0000000000e+02 -1.2440395005e-07 -5.6103726587e-13 1.2440244269e-07 1.2440395501e-07 -2.0455127791e-12 5.6105594572e-13 -1.2440244809e-07 -2.2458627344e-14
d  4.2192257765e-03 2.9534578959e+00 -2.0000000000e-01 1.2440818084e+00 3.0000000000e+02 -1.2440964975e-07 -5.4593491291e-13 1.2440818083e-07 1.2440965271e-07 -1.9910893077e-12 5.4595416123e-13 -1.2440818421e-07 -2.3373178674e-14
d  4.2193296986e-03 2.9535306413e+00 -2.0000000000e-01 1.2441506669e+00 3.0000000000e+02 -1.2441649214e-07 -5.2864020106e-13 1.2441506669e-07 1.2441649002e-07 -1.9292835052e-12 5.2866058099e-13 -1.2441506499e-07 -2.4420404830e-14
d  4.2194544051e-03 2.9536179359e+00 -2.0000000000e-01 1.2442332982e+00 3.0000000000e+02 -1.2442470660e-07 -5.0896026012e-13 1.2442332984e-07 1.2442469470e-07 -1.8597433500e-12 5.0898240635e-13 -1.2442331834e-07 -2.5612155646e-14
d  4.2196040529e-03 2.9537226893e+00 -2.0000000000e-01 1.2443324571e+00 3.0000000000e+02 -1.2443456861e-07 -4.8676567962e-13 1.2443324575e-07 1.2443453911e-07 -1.7823186183e-12 4.8679041465e-13 -1.2443321663e-07 -2.6956982813e-14
d  4.2197836303e-03 2.9538483935e+00 -2.0000000000e-01 1.2444514498e+00 3.0000000000e+02 -1.2444640897e-07 -4.6198473996e-13 1.2444514505e-07 1.2444633618e-07 -1.6971248250e-12 4.6201494068e-13 -1.2444507262e-07 -2.8459581085e-14
d  4.2199991231e-03 2.9539992385e+00 -2.0000000000e-01 1.2445942432e+00 3.0000000000e+02 -1.2446062481e-07 -4.3462614229e-13 1.2445942442e-07 1.2446044726e-07 -1.6045994094e-12 4.3466762786e-13 -1.2445924721e-07 -3.0119561836e-14
d  4.2202577145e-03 2.9541802524e+00 -2.0000000000e-01 1.2447655979e+00 3.0000000000e+02 -1.2447769288e-07 -4.0479234564e-13 1.2447655992e-07 1.2447724119e-07 -1.5055410565e-12 4.0485919430e-13 -1.2447610856e-07 -3.1930968152e-14
d  4.2205680242e-03 2.9543974692e+00 -2.0000000000e-01 1.2449712260e+00 3.0000000000e+02 -1.2449818534e-07 -3.7269778328e-13 1.2449712261e-07 1.2449795905e-07 -1.4011196503e-12 3.7273776745e-13 -1.2449689674e-07 -3.3883442090e-14
d  4.2209403958e-03 2.9546581293e+00 -2.0000000000e-01 1.2452179964e+00 3.0000000000e+02 -1.2452279018e-07 -3.3868806622e-13 1.2452179965e-07 1.2452285680e-07 -1.2928510712e-12 3.3870304475e-13 -1.2452186668e-07 -3.5958168703e-14
d  4.2213872418e-03 2.9549709215e+00 -2.0000000000e-01 1.2455141247e+00 3.0000000000e+02 -1.2455233031e-07 -3.0319111876e-13 1.2455141279e-07 1.2455323188e-07 -1.1825249857e-12 3.0315387733e-13 -1.2455231440e-07 -3.8124537921e-14
d  4.2219234569e-03 2.9553462721e+00 -2.0000000000e-01 1.2458694915e+00 3.0000000000e+02 -1.2458779518e-07 -2.6671139218e-13 1.2458694917e-07 1.2458783320e-07 -1.0721043363e-12 2.6672934056e-13 -1.2458698760e-07 -4.0351055773e-14
d  4.2225669151e-03 2.9557966928e+00 -2.0000000000e-01 1.2462959222e+00 3.0000000000e+02 -1.2463036879e-07 -2.3002872576e-13 1.2462959224e-07 1.2463040669e-07 -9.6358162391e-13 2.3004700488e-13 -1.2462963053e-07 -4.2594935382e-14
d  4.2233390649e-03 2.9563371976e+00 -2.0000000000e-01 1.2468076706e+00 3.0000000000e+02 -1.2468147757e-07 -1.9358578149e-13 1.2468076709e-07 1.2468151853e-07 -8.5886458675e-13 1.9360421974e-13 -1.2468080844e-07 -4.4832654925e-14
d  4.2242656447e-03 2.9569858034e+00 -2.0000000000e-01 1.2474217857e+00 3.0000000000e+02 -1.2474282747e-07 -1.5812315130e-13 1.2474217861e-07 1.2474287377e-07 -7.5961457773e-13 1.5814167199e-13 -1.2474222529e-07 -4.7012710597e-14
d  4.2253775404e-03 2.9577641304e+00 -2.0000000000e-01 1.2481587490e+00 3.0000000000e+02 -1.2481646739e-07 -1.2419429591e-13 1.2481587495e-07 1.2481652174e-07 -6.6717519539e-13 1.2421284278e-13 -1.2481592967e-07 -4.9104588204e-14
d  4.2267118153e-03 2.9586981227e+00 -2.0000000000e-01 1.2490431381e+00 3.0000000000e+02 -1.2490485549e-07 -9.2290837946e-14 1.2490431387e-07 1.2490492202e-07 -5.8250239119e-13 9.2309351576e-14 -1.2490438075e-07 -5.1077127219e-14
d  4.2283129451e-03 2.9598189136e+00 -2.0000000000e-01 1.2501044488e+00 3.0000000000e+02 -1.2501094155e-07 -6.2787978016e-14 1.2501044497e-07 1.2501102759e-07 -5.0615347804e-13 6.2806373019e-14 -1.2501053134e-07 -5.2906856486e-14
d  4.2302343009e-03 2.9611638626e+00 -2.0000000000e-01 1.2513780808e+00 3.0000000000e+02 -1.2513826544e-07 -3.5935783418e-14 1.2513780821e-07 1.2513838636e-07 -4.3831173212e-13 3.5953901989e-14 -1.2513792942e-07 -5.4577729654e-14
d  4.2325399279e-03 2.9627778014e+00 -2.0000000000e-01 1.2529065201e+00 3.0000000000e+02 -1.2529107547e-07 -1.1859443997e-14 1.2529065221e-07 1.2529126889e-07 -3.7884010670e-13 1.1876935915e-14 -1.2529084585e-07 -5.6081234977e-14
d  4.2353066802e-03 2.9647145279e+00 -2.0000000000e-01 1.2547407591e+00 3.0000000000e+02 -1.2547447050e-07 9.4295661446e-15 1.2547407594e-07 1.2547450687e-07 -3.2735054448e-13 -9.4099618409e-15 -1.2547411270e-07 -5.7415576120e-14
d  4.2386267831e-03 2.9670385998e+00 -2.0000000000e-01 1.2569420031e+00 3.0000000000e+02 -1.2569457059e-07 2.8014422467e-14 1.2569420038e-07 1.2569463476e-07 -2.8327766885e-13 -2.7995001811e-14 -1.2569426490e-07 -5.8585406069e-14
d  4.2426109065e-03 2.9698274860e+00 -2.0000000000e-01 1.2595838562e+00 3.0000000000e+02 -1.2595873563e-07 4.4060064838e-14 1.2595838558e-07 1.2595870217e-07 -2.4594866257e-13 -4.4039816879e-14 -1.2595835258e-07 -5.9601938374e-14
d  4.2473918545e-03 2.9731741495e+00 -2.0000000000e-01 1.2627544183e+00 3.0000000000e+02 -1.2627577510e-07 5.7752815906e-14 1.2627544180e-07 1.2627574237e-07 -2.1463771762e-13 -5.7732614301e-14 -1.2627540953e-07 -6.0471251663e-14
d  4.2531289922e-03 2.9771901457e+00 -2.0000000000e-01 1.2665595587e+00 3.0000000000e+02 -1.2665627544e-07 6.9337233063e-14 1.2665595579e-07 1.2665619186e-07 -1.8862121684e-13 -6.9316803027e-14 -1.2665587271e-07 -6.1210989334e-14
d  4.2600135575e-03 2.9820093411e+00 -2.0000000000e-01 1.2711264089e+00 3.0000000000e+02 -1.2711294939e-07 7.9054398976e-14 1.2711264086e-07 1.2711291606e-07 -1.6720683906e-13 -7.9034257477e-14 -1.2711260799e-07 -6.1835386899e-14
d  4.2682750358e-03 2.9877923756e+00 -2.0000000000e-01 1.2766076368e+00 3.0000000000e+02 -1.2766106335e-07 8.7141966492e-14 1.2766076365e-07 1.2766102815e-07 -1.4975924047e-13 -8.7121842635e-14 -1.2766072891e-07 -6.2358794830e-14
d  4.2781888097e-03 2.9947320171e+00 -2.0000000000e-01 1.2831866033e+00 3.0000000000e+02 -1.2831895308e-07 9.3823712110e-14 1.2831866030e-07 1.2831891245e-07 -1.3571478675e-13 -9.3803593685e-14 -1.2831862014e-07 -6.2795027668e-14
d  4.2857140000e-03 2.9999996500e+00 -2.0000000000e-01 1.2881816729e+00 3.0000000000e+02 -1.2881845646e-07 9.7487134585e-14 1.2881816726e-07 1.2881841539e-07 -1.2823457252e-13 -9.7466989690e-14 -1.2881812666e-07 -6.3037761063e-14
d  4.2947442284e-03 3.0063208095e+00 -2.0000000000e-01 1.2941772058e+00 3.0000000000e+02 -1.2941800667e-07 1.0086510293e-13 1.2941772055e-07 1.2941796189e-07 -1.2154340349e-13 -1.0084496171e-13 -1.2941767624e-07 -6.3263198616e-14
d  4.3055805024e-03 3.0139062010e+00 -2.0000000000e-01 1.3013737265e+00 3.0000000000e+02 -1.3013765616e-07 1.0393223237e-13 1.3013737261e-07 1.3013759556e-07 -1.1570102090e-13 -1.0391207404e-13 -1.3013731248e-07 -6.3468838303e-14
d  4.3185840312e-03 3.0230086707e+00 -2.0000000000e-01 1.3100125556e+00 3.0000000000e+02 -1.3100153709e-07 1.0667898146e-13 1.3100125547e-07 1.3100140664e-07 -1.1078014916e-13 -1.0665869943e-13 -1.3100112555e-07 -6.3657352381e-14
d  4.3341882658e-03 3.0339316344e+00 -2.0000000000e-01 1.3203838694e+00 3.0000000000e+02 -1.3203866712e-07 1.0909033446e-13 1.3203838682e-07 1.3203846737e-07 -1.0684664625e-13 -1.0906997849e-13 -1.3203818762e-07 -6.3827508013e-14
d  4.3529133473e-03 3.0470391908e+00 -2.0000000000e-01 1.3328360586e+00 3.0000000000e+02 -1.3328388536e-07 1.1115494458e-13 1.3328360573e-07 1.3328364001e-07 -1.0395884111e-13 -1.1113458527e-13 -1.3328336093e-07 -6.3976759793e-14
d  4.3753834451e-03 3.0627682585e+00 -2.0000000000e-01 1.3477888373e+00 3.0000000000e+02 -1.3477916332e-07 1.1289051254e-13 1.3477888358e-07 1.3477878258e-07 -1.0217580670e-13 -1.1287005566e-13 -1.3477850342e-07 -6.4109575891e-14
d  4.4023475625e-03 3.0816431397e+00 -2.0000000000e-01 1.3657475668e+00 3.0000000000e+02 -1.3657503721e-07 1.1431251218e-13 1.3657475651e-07 1.3657434440e-07 -1.0156044401e-13 -1.1429183346e-13 -1.3657406432e-07 -6.4227016098e-14
d  4.4347045034e-03 3.1042929971e+00 -2.0000000000e-01 1.3873221272e+00 3.0000000000e+02 -1.3873249514e-07 1.1545794088e-13 1.3873221273e-07 1.3873258138e-07 -1.0219208349e-13 -1.1543800981e-13 -1.3873229942e-07 -6.4334365233e-14
d  4.4735328324e-03 3.1314728261e+00 -2.0000000000e-01 1.4132488269e+00 3.0000000000e+02 -1.4132516811e-07 1.1637158946e-13 1.4132488269e-07 1.4132516591e-07 -1.0417775785e-13 -1.1635158825e-13 -1.4132488094e-07 -6.4435724746e-14
d  4.4968298298e-03 3.1477807235e+00 -2.0000000000e-01 1.4288258870e+00 3.0000000000e+02 -1.4288287624e-07 1.1676527678e-13 1.4288258867e-07 1.4288305123e-07 -1.0584613843e-13 -1.1674543997e-13 -1.4288276415e-07 -6.4489436503e-14
d  4.5247862267e-03 3.1673502003e+00 -2.0000000000e-01 1.4475406742e+00 3.0000000000e+02 -1.4475435773e-07 1.1715503618e-13 1.4475406738e-07 1.4475448343e-07 -1.0816334477e-13 -1.1713514354e-13 -1.4475419358e-07 -6.4549749111e-14
d  4.5583339030e-03 3.1908335726e+00 -2.0000000000e-01 1.4700327731e+00 3.0000000000e+02 -1.4700357123e-07 1.1756335234e-13 1.4700327725e-07 1.4700369223e-07 -1.1129500099e-13 -1.1754343620e-13 -1.4700339877e-07 -6.4621241019e-14
d  4.5985911145e-03 3.2190136192e+00 -2.0000000000e-01 1.4970774290e+00 3.0000000000e+02 -1.4970804158e-07 1.1802118892e-13 1.4970774288e-07 1.4970807239e-07 -1.1548925247e-13 -1.1800120628e-13 -1.4970777418e-07 -6.4710820437e-14
d  4.6468997684e-03 3.2528296752e+00 -2.0000000000e-01 1.5295337096e+00 3.0000000000e+02 -1.5295367531e-07 1.1815361551e-13 1.5295337093e-07 1.5295371008e-07 -1.2104662342e-13 -1.1813363117e-13 -1.5295340621e-07 -6.4689685480e-14
d  4.7048701530e-03 3.2934089424e+00 -2.0000000000e-01 1.5685381221e+00 3.0000000000e+02 -1.5685412478e-07 1.1864882159e-13 1.5685381217e-07 1.5685416207e-07 -1.2867390063e-13 -1.1862883491e-13 -1.5685384999e-07 -6.4779310712e-14
d  4.7744346145e-03 3.3421040631e+00 -2.0000000000e-01 1.6153239472e+00 3.0000000000e+02 -1.6153271805e-07 1.1881687872e-13 1.6153239467e-07 1.6153275385e-07 -1.3929048774e-13 -1.1879688881e-13 -1.6153243102e-07 -6.4746297618e-14
d  4.8579119684e-03 3.4005382078e+00 -2.0000000000e-01 1.6714520876e+00 3.0000000000e+02 -1.6714554802e-07 1.1918551984e-13 1.6714520871e-07 1.6714558172e-07 -1.5482915837e-13 -1.1916552727e-13 -1.6714524297e-07 -6.4760488144e-14
d  4.9580847930e-03 3.4706591816e+00 -2.0000000000e-01 1.7387988852e+00 3.0000000000e+02 -1.7388025232e-07 1.1964711854e-13 1.7387988846e-07 1.7388028694e-07 -1.7886917885e-13 -1.1962712446e-13 -1.7387992366e-07 -6.4784631515e-14
d  5.0000000000e-03 3.4999998250e+00 -2.0000000000e-01 1.7669805701e+00 3.0000000000e+02 -1.7669843345e-07 1.1986056217e-13 1.7669805697e-07 1.7669845380e-07 -1.9127583711e-13 -1.1984056895e-13 -1.7669807789e-07 -6.4800251715e-14
d  5.0502982484e-03 3.5352085971e+00 -2.0000000000e-01 1.8008030513e+00 3.0000000000e+02 -1.8008069910e-07 1.2011976505e-13 1.8008030508e-07 1.8008072545e-07 -2.0851946818e-13 -1.2009977348e-13 -1.8008033201e-07 -6.4819589046e-14
d  5.1106561465e-03 3.5774591237e+00 -2.0000000000e-01 1.8413981369e+00 3.0000000000e+02 -1.8414023302e-07 1.2044254277e-13 1.8413981362e-07 1.8414026866e-07 -2.3352149329e-13 -1.2042255190e-13 -1.8413984987e-07 -6.4843998873e-14
d  5.1830856242e-03 3.6281597555e+00 -2.0000000000e-01 1.8901268393e+00 3.0000000000e+02 -1.8901314188e-07 1.2083896002e-13 1.8901268385e-07 1.8901317790e-07 -2.7170427679e-13 -1.2081896739e-13 -1.8901272050e-07 -6.4875821155e-14
d  5.2700009974e-03 3.6890005137e+00 -2.0000000000e-01 1.9486250546e+00 3.0000000000e+02 -1.9486302625e-07 1.2131043909e-13 1.9486250539e-07 1.9486306208e-07 -3.3401493085e-13 -1.2129044491e-13 -1.9486254186e-07 -6.4914796269e-14
d  5.3742994453e-03 3.7620094236e+00 -2.0000000000e-01 2.0188595959e+00 3.0000000000e+02 -2.0188659071e-07 1.2181942866e-13 2.0188595952e-07 2.0188662504e-07 -4.4377541914e-13 -1.2179943305e-13 -2.0188599451e-07 -6.4958585014e-14
d  5.4994575827e-03 3.8496201154e+00 -2.0000000000e-01 2.1032172278e+00 3.0000000000e+02 -2.1032257050e-07 1.2244527190e-13 2.1032172271e-07 2.1032260252e-07 -6.5966994264e-13 -1.2242527510e-13 -2.1032175540e-07 -6.5023236513e-14
d  5.6496473477e-03 3.9547529456e+00 -2.0000000000e-01 2.2047906690e+00 3.0000000000e+02 -2.2048041879e-07 1.2362068409e-13 2.2047906683e-07 2.2048044740e-07 -1.1624554898e-12 -1.2360068629e-13 -2.2047909612e-07 -6.5222505526e-14
d  5.7142860000e-03 4.0000000000e+00 -2.0000000000e-01 2.2484682999e+00 3.0000000000e+02 -2.2484855663e-07 1.2371933770e-13 2.2484682995e-07 2.2484857346e-07 -1.5371688114e-12 -1.2369934018e-13 -2.2484684745e-07 -6.5142330471e-14
d  5.7918523828e-03 4.0542964652e+00 -2.0000000000e-01 2.3008167559e+00 3.0000000000e+02 -2.3008409301e-07 1.2416971406e-13 2.3008167555e-07 2.3008411015e-07 -2.2275183767e-12 -1.2414971645e-13 -2.3008169336e-07 -6.5120048446e-14
d  5.8849320421e-03 4.1194522235e+00 -2.0000000000e-01 2.3635727270e+00 3.0000000000e+02 -2.3636117750e-07 1.2513586992e-13 2.3635727266e-07 2.3636119062e-07 -3.7138926025e-12 -1.2511587138e-13 -2.3635728647e-07 -6.5150291005e-14
d  5.9966276333e-03 4.1976391335e+00 -2.0000000000e-01 2.4388436757e+00 3.0000000000e+02 -2.4389277568e-07 1.2800544997e-13 2.4388436755e-07 2.4389278455e-07 -8.2141450795e-12 -1.2798545073e-13 -2.4388437711e-07 -6.5311768344e-14
d  6.0301363107e-03 4.2210952064e+00 -2.0000000000e-01 2.4614257903e+00 3.0000000000e+02 -2.4615455965e-07 1.3317219669e-13 2.4614257901e-07 2.4615456780e-07 -1.1781173786e-11 -1.3315219837e-13 -2.4614258785e-07 -6.5628678275e-14
d  6.0502415171e-03 4.2351688502e+00 -2.0000000000e-01 2.4749766822e+00 3.0000000000e+02 -2.4751516677e-07 1.4822793894e-13 2.4749766821e-07 2.4751516723e-07 -1.7283136572e-11 -1.4820793918e-13 -2.4749766935e-07 -6.6536349831e-14
d  6.0562730790e-03 4.2393909434e+00 -2.0000000000e-01 2.4790423521e+00 3.0000000000e+02 -2.4792597652e-07 1.7390481860e-13 2.4790423521e-07 2.4792597648e-07 -2.1498668680e-11 -1.7388481890e-13 -2.4790423585e-07 -6.8078302574e-14
d  6.0598920162e-03 4.2419241992e+00 -2.0000000000e-01 2.4814819838e+00 3.0000000000e+02 -2.4817631775e-07 2.3694691199e-13 2.4814819837e-07 2.4817631887e-07 -2.7809910301e-11 -2.3692691403e-13 -2.4814820017e-07 -7.1859848130e-14
d  6.0609776973e-03 4.2426841760e+00 -2.0000000000e-01 2.4822139502e+00 3.0000000000e+02 -2.4825305124e-07 2.8455439239e-13 2.4822139502e-07 2.4825304899e-07 -3.1296320944e-11 -2.8453438174e-13 -2.4822139344e-07 -7.4707629395e-14
d  6.0622805147e-03 4.2435961481e+00 -2.0000000000e-01 2.4830924798e+00 3.0000000000e+02 -2.4834917010e-07 4.2311057495e-13 2.4830924796e-07 2.4834917590e-07 -3.9415363366e-11 -4.2309060976e-13 -2.4830925445e-07 -8.2998006656e-14
d  6.0630622051e-03 4.2441433314e+00 -2.0000000000e-01 2.4836198730e+00 3.0000000000e+02 -2.4841383116e-07 6.7387422268e-13 2.4836198727e-07 2.4841384044e-07 -5.1071378604e-11 -6.7385430336e-13 -2.4836199725e-07 -9.7975190879e-14
d  6.0635312194e-03 4.2444716414e+00 -2.0000000000e-01 2.4839366572e+00 3.0000000000e+02 -2.4846201375e-07 1.0873303048e-12 2.4839366571e-07 2.4846201820e-07 -6.7137455863e-11 -1.0873103747e-12 -2.4839367084e-07 -1.2261862292e-13
d  6.0638126280e-03 4.2446686273e+00 -2.0000000000e-01 2.4841271377e+00 3.0000000000e+02 -2.4850259730e-07 1.7007353240e-12 2.4841271367e-07 2.4850263309e-07 -8.8023036375e-11 -1.7007161963e-12 -2.4841275024e-07 -1.5911044919e-13
d  6.0639814731e-03 4.2447868189e+00 -2.0000000000e-01 2.4842418490e+00 3.0000000000e+02 -2.4853974811e-07 2.5027989736e-12 2.4842418483e-07 2.4853976874e-07 -1.1285308693e-10 -2.5027797880e-12 -2.4842420621e-07 -2.0674397624e-13
d  6.0641840872e-03 4.2449286488e+00 -2.0000000000e-01 2.4843826671e+00 3.0000000000e+02 -2.4868678008e-07 7.2734318215e-12 2.4843826668e-07 2.4868679059e-07 -2.4074947136e-10 -7.2734120371e-12 -2.4843827790e-07 -4.8979893896e-13
d  6.0642448715e-03 4.2449711978e+00 -2.0000000000e-01 2.4844278023e+00 3.0000000000e+02 -2.4886334027e-07 1.4092467728e-11 2.4844278013e-07 2.4886336710e-07 -4.0557476474e-10 -1.4092449439e-11 -2.4844280774e-07 -8.9233733401e-13
d  6.0642813420e-03 4.2449967272e+00 -2.0000000000e-01 2.4844577436e+00 3.0000000000e+02 -2.4923929510e-07 2.9858308406e-11 2.4844577423e-07 2.4923932057e-07 -7.6184311550e-10 -2.9858289535e-11 -2.4844580052e-07 -1.8186697796e-12
d  6.0642922832e-03 4.2450043860e+00 -2.0000000000e-01 2.4844639718e+00 3.0000000000e+02 -2.4950699257e-07 4.1409105085e-11 2.4844639686e-07 2.4950702945e-07 -1.0167111812e-09 -4.1409068319e-11 -2.4844643481e-07 -2.4745234220e-12
d  6.0643054126e-03 4.2450135766e+00 -2.0000000000e-01 2.4844603618e+00 3.0000000000e+02 -2.5034826997e-07 7.9004834339e-11 2.4844603571e-07 2.5034832322e-07 -1.8186257346e-09 -7.9004783450e-11 -2.4844609030e-07 -4.6024220518e-12
d  6.0643132902e-03 4.2450190909e+00 -2.0000000000e-01 2.4843350744e+00 3.0000000000e+02 -2.5308352737e-07 2.0358067658e-10 2.4843350708e-07 2.5308356090e-07 -4.4355578090e-09 -2.0358058243e-10 -2.4843354245e-07 -1.0880245644e-11
d  6.0643156535e-03 4.2450207452e+00 -2.0000000000e-01 2.4840541639e+00 3.0000000000e+02 -2.5593394651e-07 3.2287228862e-10 2.4840541623e-07 2.5593395610e-07 -7.1931785273e-09 -3.2287217209e-10 -2.4840542697e-07 -1.2479744504e-11
d  6.0643170715e-03 4.2450217378e+00 -2.0000000000e-01 2.4835406647e+00 3.0000000000e+02 -2.5997718484e-07 4.7748063339e-10 2.4835406637e-07 2.5997718914e-07 -1.1137749458e-08 -4.7748050724e-10 -2.4835407173e-07 -7.8871955044e-12
d  6.0643179223e-03 4.2450223334e+00 -2.0000000000e-01 2.4827578053e+00 3.0000000000e+02 -2.6525302423e-07 6.4832387644e-10 2.4827578052e-07 2.6525302412e-07 -1.6340465397e-08 -6.4832384362e-10 -2.4827578112e-07 1.1546172676e-11
d  6.0643184328e-03 4.2450226907e+00 -2.0000000000e-01 2.4817679555e+00 3.0000000000e+02 -2.7131958385e-07 7.9617081123e-10 2.4817679555e-07 2.7131958356e-07 -2.2401131165e-08 -7.9617078133e-10 -2.4817679596e-07 5.4514334726e-11
d  6.0643190453e-03 4.2450231195e+00 -2.0000000000e-01 2.4784231756e+00 3.0000000000e+02 -2.9042420495e-07 1.1128765659e-09 2.4784231755e-07 2.9042420461e-07 -4.1723562125e-08 -1.1128765406e-09 -2.4784231790e-07 2.5455194625e-10
d  6.0643194129e-03 4.2450233768e+00 -2.0000000000e-01 2.4704082663e+00 3.0000000000e+02 -3.3572060155e-07 7.9932548342e-10 2.4704082663e-07 3.3572060114e-07 -8.9037954130e-08 -7.9932546175e-10 -2.4704082691e-07 1.1575053274e-09
d  6.0643195231e-03 4.2450234539e+00 -2.0000000000e-01 2.4652207440e+00 3.0000000000e+02 -3.6672811894e-07 -8.2584804432e-10 2.4652207440e-07 3.6672811855e-07 -1.2335440343e-07 8.2584807363e-10 -2.4652207470e-07 2.3225114757e-09
d  6.0643196554e-03 4.2450235466e+00 -2.0000000000e-01 2.4521764344e+00 3.0000000000e+02 -4.5240142497e-07 -6.0029632816e-09 2.4521764344e-07 4.5240142462e-07 -2.1897809905e-07 6.0029633185e-09 -2.4521764381e-07 5.7913549289e-09
d  6.0643197348e-03 4.2450236021e+00 -2.0000000000e-01 2.4347206712e+00 3.0000000000e+02 -5.8917055993e-07 -1.7512438913e-08 2.4347206712e-07 5.8917055962e-07 -3.7561571251e-07 1.7512438965e-08 -2.4347206759e-07 1.2404781498e-08
d  6.0643197825e-03 4.2450236355e+00 -2.0000000000e-01 2.4154598777e+00 3.0000000000e+02 -7.7415240532e-07 -3.6977310965e-08 2.4154598777e-07 7.7415240505e-07 -5.9203471600e-07 3.6977311041e-08 -2.4154598834e-07 2.2450988221e-08
d  6.0643198110e-03 4.2450236555e+00 -2.0000000000e-01 2.3974675767e+00 3.0000000000e+02 -9.8289132200e-07 -6.1241518497e-08 2.3974675766e-07 9.8289132244e-07 -8.3853457589e-07 6.1241518943e-08 -2.3974675987e-07 3.4148494336e-08
d  6.0643198282e-03 4.2450236675e+00 -2.0000000000e-01 2.3828360288e+00 3.0000000000e+02 -1.1803183578e-06 -8.4970095230e-08 2.3828360288e-07 1.1803183581e-06 -1.0720721212e-06 8.4970095710e-08 -2.3828360481e-07 4.5067271923e-08
d  6.0643198488e-03 4.2450236819e+00 -2.0000000000e-01 2.3587437026e+00 3.0000000000e+02 -1.5648433386e-06 -1.2900576895e-07 2.3587437026e-07 1.5648433382e-06 -1.5229910937e-06 1.2900576898e-07 -2.3587437055e-07 6.5016356905e-08
d  6.0643198611e-03 4.2450236905e+00 -2.0000000000e-01 2.3395676490e+00 3.0000000000e+02 -1.9264537622e-06 -1.6941107095e-07 2.3395676490e-07 1.9264537618e-06 -1.9443256837e-06 1.6941107098e-07 -2.3395676518e-07 8.2417616148e-08
d  6.0643198685e-03 4.2450236957e+00 -2.0000000000e-01 2.3258701229e+00 3.0000000000e+02 -2.2161110845e-06 -2.0080940181e-07 2.3258701229e-07 2.2161110841e-06 -2.2798191794e-06 2.0080940185e-07 -2.3258701255e-07 9.5485705937e-08
d  6.0643198774e-03 4.2450237019e+00 -2.0000000000e-01 2.3065865070e+00 3.0000000000e+02 -2.6713849139e-06 -2.4656980526e-07 2.3065865070e-07 2.6713849135e-06 -2.8018300825e-06 2.4656980529e-07 -2.3065865096e-07 1.1453401460e-07
d  6.0643198828e-03 4.2450237057e+00 -2.0000000000e-01 2.2933038631e+00 3.0000000000e+02 -3.0175744140e-06 -2.7939712276e-07 2.2933038631e-07 3.0175744135e-06 -3.1954672481e-06 2.7939712279e-07 -2.2933038658e-07 1.2782609841e-07
d  6.0643198892e-03 4.2450237102e+00 -2.0000000000e-01 2.2753664855e+00 3.0000000000e+02 -3.5296666344e-06 -3.2415633573e-07 2.2753664855e-07 3.5296666339e-06 -3.7721688420e-06 3.2415633576e-07 -2.2753664882e-07 1.4588252112e-07
d  6.0643198911e-03 4.2450237115e+00 -2.0000000000e-01 2.2695398854e+00 3.0000000000e+02 -3.7067110995e-06 -3.3904059893e-07 2.2695398854e-07 3.7067110991e-06 -3.9704577711e-06 3.3904059896e-07 -2.2695398878e-07 1.5166006167e-07
d  6.0643198934e-03 4.2450237131e+00 -2.0000000000e-01 2.2622531582e+00 3.0000000000e+02 -3.9361293126e-06 -3.5732332136e-07 2.2622531582e-07 3.9361293122e-06 -4.2261053762e-06 3.5732332139e-07 -2.2622531607e-07 1.5887805866e-07
d  6.0643198948e-03 4.2450237141e+00 -2.0000000000e-01 2.2577213774e+00 3.0000000000e+02 -4.0833205874e-06 -3.6861968493e-07 2.2577213774e-07 4.0833205870e-06 -4.3895060393e-06 3.6861968495e-07 -2.2577213798e-07 1.6333790507e-07
d  6.0643198964e-03 4.2450237152e+00 -2.0000000000e-01 2.2521193487e+00 3.0000000000e+02 -4.2701271476e-06 -3.8249022651e-07 2.2521193487e-07 4.2701271472e-06 -4.5962183226e-06 3.8249022654e-07 -2.2521193511e-07 1.6881288386e-07
d  6.0643198974e-03 4.2450237159e+00 -2.0000000000e-01 2.2486708492e+00 3.0000000000e+02 -4.3877911014e-06 -3.9099229176e-07 2.2486708492e-07 4.3877911009e-06 -4.7260706135e-06 3.9099229179e-07 -2.2486708516e-07 1.7215430545e-07
d  6.0643198986e-03 4.2450237168e+00 -2.0000000000e-01 2.2444445422e+00 3.0000000000e+02 -4.5348236892e-06 -4.0133949085e-07 2.2444445422e-07 4.5348236888e-06 -4.8879385962e-06 4.0133949087e-07 -2.2444445446e-07 1.7621987078e-07
d  6.0643199000e-03 4.2450237178e+00 -2.0000000000e-01 2.2392439893e+00 3.0000000000e+02 -4.7200943367e-06 -4.1396061758e-07 2.2392439893e-07 4.7200943363e-06 -5.0913058801e-06 4.1396061761e-07 -2.2392439918e-07 1.8117532531e-07
d  6.0643199009e-03 4.2450237184e+00 -2.0000000000e-01 2.2360554824e+00 3.0000000000e+02 -4.8360526776e-06 -4.2165233769e-07 2.2360554824e-07 4.8360526772e-06 -5.2182812288e-06 4.2165233771e-07 -2.2360554848e-07 1.8418176260e-07
d  6.0643199019e-03 4.2450237191e+00 -2.0000000000e-01 2.2321609831e+00 3.0000000000e+02 -4.9801691429e-06 -4.3097097963e-07 2.2321609831e-07 4.9801691425e-06 -5.3757466538e-06 4.3097097965e-07 -2.2321609855e-07 1.8782263040e-07
d  6.0643199032e-03 4.2450237200e+00 -2.0000000000e-01 2.2273882330e+00 3.0000000000e+02 -5.1605699633e-06 -4.4227085878e-07 2.2273882330e-07 5.1605699629e-06 -5.5723372680e-06 4.4227085881e-07 -2.2273882355e-07 1.9223526981e-07
d  6.0643199039e-03 4.2450237205e+00 -2.0000000000e-01 2.2244722780e+00 3.0000000000e+02 -5.2728411159e-06 -4.4911873904e-07 2.2244722780e-07 5.2728411155e-06 -5.6944122860e-06 4.4911873907e-07 -2.2244722804e-07 1.9489965983e-07
d  6.0643199048e-03 4.2450237211e+00 -2.0000000000e-01 2.2209210134e+00 3.0000000000e+02 -5.4117120603e-06 -4.5737863932e-07 2.2209210134e-07 5.4117120599e-06 -5.8451113678e-06 4.5737863934e-07 -2.2209210157e-07 1.9811277009e-07
d  6.0643199059e-03 4.2450237219e+00 -2.0000000000e-01 2.2165840475e+00 3.0000000000e+02 -5.5845433111e-06 -4.6734326478e-07 2.2165840475e-07 5.5845433107e-06 -6.0322162988e-06 4.6734326481e-07 -2.2165840499e-07 2.0198812799e-07
d  6.0643199065e-03 4.2450237223e+00 -2.0000000000e-01 2.2139422730e+00 3.0000000000e+02 -5.6915671623e-06 -4.7335437363e-07 2.2139422730e-07 5.6915671619e-06 -6.1478463945e-06 4.7335437365e-07 -2.2139422754e-07 2.0431908584e-07
d  6.0643199073e-03 4.2450237229e+00 -2.0000000000e-01 2.2107328530e+00 3.0000000000e+02 -5.8233955758e-06 -4.8058051607e-07 2.2107328530e-07 5.8233955754e-06 -6.2900237924e-06 4.8058051610e-07 -2.2107328554e-07 2.0712098674e-07
d  6.0643199082e-03 4.2450237235e+00 -2.0000000000e-01 2.2068248920e+00 3.0000000000e+02 -5.9866349747e-06 -4.8926314165e-07 2.2068248920e-07 5.9866349743e-06 -6.4657031459e-06 4.8926314168e-07 -2.2068248944e-07 2.1048751925e-07
d  6.0643199088e-03 4.2450237239e+00 -2.0000000000e-01 2.2044504559e+00 3.0000000000e+02 -6.0872792071e-06 -4.9448204673e-07 2.2044504559e-07 6.0872792067e-06 -6.5738225337e-06 4.9448204675e-07 -2.2044504582e-07 2.1250632518e-07
d  6.0643199094e-03 4.2450237244e+00 -2.0000000000e-01 2.2015717961e+00 3.0000000000e+02 -6.2108001484e-06 -5.0073935457e-07 2.2015717961e-07 6.2108001480e-06 -6.7063092153e-06 5.0073935459e-07 -2.2015717984e-07 2.1492689294e-07
d  6.0643199102e-03 4.2450237249e+00 -2.0000000000e-01 2.1980752274e+00 3.0000000000e+02 -6.3630839254e-06 -5.0823463695e-07 2.1980752274e-07 6.3630839250e-06 -6.8693378449e-06 5.0823463697e-07 -2.1980752298e-07 2.1782680618e-07
d  6.0643199107e-03 4.2450237252e+00 -2.0000000000e-01 2.1959552489e+00 3.0000000000e+02 -6.4566192039e-06 -5.1272659934e-07 2.1959552489e-07 6.4566192035e-06 -6.9693120305e-06 5.1272659937e-07 -2.1959552512e-07 2.1956175285e-07
d  6.0643199113e-03 4.2450237256e+00 -2.0000000000e-01 2.1933895301e+00 3.0000000000e+02 -6.5710552057e-06 -5.1810251705e-07 2.1933895301e-07 6.5710552053e-06 -7.0914569049e-06 5.1810251708e-07 -2.1933895325e-07 2.2163813619e-07
d  6.0643199120e-03 4.2450237261e+00 -2.0000000000e-01 2.1902794731e+00 3.0000000000e+02 -6.7116056129e-06 -5.2452845061e-07 2.1902794731e-07 6.7116056124e-06 -7.2412267102e-06 5.2452845063e-07 -2.1902794754e-07 2.2412059507e-07
d  6.0643199124e-03 4.2450237264e+00 -2.0000000000e-01 2.1883971613e+00 3.0000000000e+02 -6.7976523846e-06 -5.2837189226e-07 2.1883971613e-07 6.7976523842e-06 -7.3327880177e-06 5.2837189229e-07 -2.1883971636e-07 2.2560345655e-07
d  6.0643199129e-03 4.2450237268e+00 -2.0000000000e-01 2.1861223529e+00 3.0000000000e+02 -6.9026413738e-06 -5.3296488198e-07 2.1861223529e-07 6.9026413734e-06 -7.4443698297e-06 5.3296488201e-07 -2.1861223552e-07 2.2737580927e-07
d  6.0643199135e-03 4.2450237272e+00 -2.0000000000e-01 2.1833696172e+00 3.0000000000e+02 -7.0311695284e-06 -5.3844614931e-07 2.1833696172e-07 7.0311695280e-06 -7.5807701431e-06 5.3844614934e-07 -2.1833696196e-07 2.2949142815e-07
d  6.0643199138e-03 4.2450237274e+00 -2.0000000000e-01 2.1817060025e+00 3.0000000000e+02 -7.1096348181e-06 -5.4172092218e-07 2.1817060025e-07 7.1096348177e-06 -7.6639391097e-06 5.4172092221e-07 -2.1817060047e-07 2.3075397064e-07
d  6.0643199143e-03 4.2450237277e+00 -2.0000000000e-01 2.1796978831e+00 3.0000000000e+02 -7.2051501836e-06 -5.4563078833e-07 2.1796978831e-07 7.2051501831e-06 -7.7650729672e-06 5.4563078836e-07 -2.1796978853e-07 2.3226178401e-07
d  6.0643199148e-03 4.2450237281e+00 -2.0000000000e-01 2.1772712815e+00 3.0000000000e+02 -7.3217532614e-06 -5.5029209512e-07 2.1772712815e-07 7.3217532609e-06 -7.8883781116e-06 5.5029209515e-07 -2.1772712839e-07 2.3405988437e-07
d  6.0643199154e-03 4.2450237285e+00 -2.0000000000e-01 2.1743352740e+00 3.0000000000e+02 -7.4645842873e-06 -5.5583972533e-07 2.1743352740e-07 7.4645842869e-06 -8.0391905138e-06 5.5583972536e-07 -2.1743352763e-07 2.3620002870e-07
d  6.0643199158e-03 4.2450237288e+00 -2.0000000000e-01 2.1725611397e+00 3.0000000000e+02 -7.5518255160e-06 -5.5914460300e-07 2.1725611397e-07 7.5518255156e-06 -8.1311874563e-06 5.5914460302e-07 -2.1725611420e-07 2.3747345247e-07
d  6.0643199162e-03 4.2450237291e+00 -2.0000000000e-01 2.1704198871e+00 3.0000000000e+02 -7.6580675300e-06 -5.6308039359e-07 2.1704198871e-07 7.6580675296e-06 -8.2430964723e-06 5.6308039362e-07 -2.1704198893e-07 2.3899053863e-07
d  6.0643199168e-03 4.2450237295e+00 -2.0000000000e-01 2.1678328483e+00 3.0000000000e+02 -7.7878284976e-06 -5.6775791964e-07 2.1678328483e-07 7.7878284972e-06 -8.3795975839e-06 5.6775791967e-07 -2.1678328506e-07 2.4079445165e-07
d  6.0643199171e-03 4.2450237297e+00 -2.0000000000e-01 2.1662715089e+00 3.0000000000e+02 -7.8668876079e-06 -5.7054158796e-07 2.1662715089e-07 7.8668876075e-06 -8.4626691804e-06 5.7054158798e-07 -2.1662715111e-07 2.4186713667e-07
d  6.0643199175e-03 4.2450237300e+00 -2.0000000000e-01 2.1643889646e+00 3.0000000000e+02 -7.9629658875e-06 -5.7385523792e-07 2.1643889646e-07 7.9629658871e-06 -8.5635267646e-06 5.7385523794e-07 -2.1643889669e-07 2.4314453564e-07
d  6.0643199179e-03 4.2450237303e+00 -2.0000000000e-01 2.1621171688e+00 3.0000000000e+02 -8.0800215929e-06 -5.7779099836e-07 2.1621171688e-07 8.0800215924e-06 -8.6862635592e-06 5.7779099839e-07 -2.1621171710e-07 2.4466268490e-07
d  6.0643199185e-03 4.2450237307e+00 -2.0000000000e-01 2.1593728812e+00 3.0000000000e+02 -8.2230632265e-06 -5.8245328960e-07 2.1593728812e-07 8.2230632261e-06 -8.8360411883e-06 5.8245328963e-07 -2.1593728835e-07 2.4646196077e-07
d  6.0643199188e-03 4.2450237309e+00 -2.0000000000e-01 2.1577169038e+00 3.0000000000e+02 -8.3102517451e-06 -5.8521943379e-07 2.1577169038e-07 8.3102517447e-06 -8.9272280847e-06 5.8521943381e-07 -2.1577169060e-07 2.4752859708e-07
d  6.0643199192e-03 4.2450237312e+00 -2.0000000000e-01 2.1557205417e+00 3.0000000000e+02 -8.4162473305e-06 -5.8850216718e-07 2.1557205417e-07 8.4162473301e-06 -9.0379726977e-06 5.8850216720e-07 -2.1557205439e-07 2.4879525511e-07
d  6.0643199197e-03 4.2450237315e+00 -2.0000000000e-01 2.1533118489e+00 3.0000000000e+02 -8.5454403667e-06 -5.9238743665e-07 2.1533118489e-07 8.5454403663e-06 -9.1727922497e-06 5.9238743667e-07 -2.1533118512e-07 2.5029563237e-07
d  6.0643199200e-03 4.2450237317e+00 -2.0000000000e-01 2.1518598631e+00 3.0000000000e+02 -8.6240127111e-06 -5.9469137449e-07 2.1518598631e-07 8.6240127107e-06 -9.2547029882e-06 5.9469137451e-07 -2.1518598653e-07 2.5118488820e-07
d  6.0643199203e-03 4.2450237320e+00 -2.0000000000e-01 2.1501108667e+00 3.0000000000e+02 -8.7193579447e-06 -5.9742578161e-07 2.1501108667e-07 8.7193579443e-06 -9.3540135464e-06 5.9742578163e-07 -2.1501108689e-07 2.5224090665e-07
d  6.0643199207e-03 4.2450237323e+00 -2.0000000000e-01 2.1480026740e+00 3.0000000000e+02 -8.8353135721e-06 -6.0066172444e-07 2.1480026740e-07 8.8353135717e-06 -9.4746667806e-06 6.0066172446e-07 -2.1480026762e-07 2.5349175269e-07
d  6.0643199212e-03 4.2450237326e+00 -2.0000000000e-01 2.1454595218e+00 3.0000000000e+02 -8.9767073368e-06 -6.0447835788e-07 2.1454595218e-07 8.9767073363e-06 -9.6216081603e-06 6.0447835791e-07 -2.1454595241e-07 2.5496841821e-07
d  6.0643199215e-03 4.2450237328e+00 -2.0000000000e-01 2.1439267416e+00 3.0000000000e+02 -9.0627319876e-06 -6.0673385793e-07 2.1439267416e-07 9.0627319871e-06 -9.7109137003e-06 6.0673385795e-07 -2.1439267439e-07 2.5584052807e-07
d  6.0643199219e-03 4.2450237331e+00 -2.0000000000e-01 2.1420807002e+00 3.0000000000e+02 -9.1671520887e-06 -6.0940250792e-07 2.1420807002e-07 9.1671520883e-06 -9.8192197140e-06 6.0940250794e-07 -2.1420807023e-07 2.5687318882e-07
d  6.0643199223e-03 4.2450237334e+00 -2.0000000000e-01 2.1398559581e+00 3.0000000000e+02 -9.2941903172e-06 -6.1254821628e-07 2.1398559581e-07 9.2941903168e-06 -9.9508448250e-06 6.1254821631e-07 -2.1398559604e-07 2.5809188735e-07
d  6.0643199226e-03 4.2450237335e+00 -2.0000000000e-01 2.1385162046e+00 3.0000000000e+02 -9.3713288766e-06 -6.1440653929e-07 2.1385162046e-07 9.3713288762e-06 -1.0030695595e-05 6.1440653932e-07 -2.1385162069e-07 2.5881180106e-07
d  6.0643199229e-03 4.2450237338e+00 -2.0000000000e-01 2.1369037230e+00 3.0000000000e+02 -9.4648108957e-06 -6.1660545343e-07 2.1369037230e-07 9.4648108952e-06 -1.0127390327e-05 6.1660545345e-07 -2.1369037251e-07 2.5966435146e-07
d  6.0643199232e-03 4.2450237340e+00 -2.0000000000e-01 2.1349619805e+00 3.0000000000e+02 -9.5783209002e-06 -6.1919809853e-07 2.1349619805e-07 9.5783208997e-06 -1.0244693546e-05 6.1919809855e-07 -2.1349619828e-07 2.6067074654e-07
d  6.0643199237e-03 4.2450237343e+00 -2.0000000000e-01 2.1326223410e+00 3.0000000000e+02 -9.7164716108e-06 -6.2224164489e-07 2.1326223410e-07 9.7164716103e-06 -1.0387304624e-05 6.2224164492e-07 -2.1326223433e-07 2.6185360262e-07
d  6.0643199240e-03 4.2450237345e+00 -2.0000000000e-01 2.1312136337e+00 3.0000000000e+02 -9.8003855347e-06 -6.2403269547e-07 2.1312136337e-07 9.8003855343e-06 -1.0473846543e-05 6.2403269549e-07 -2.1312136359e-07 2.6254967563e-07
d  6.0643199243e-03 4.2450237347e+00 -2.0000000000e-01 2.1295184117e+00 3.0000000000e+02 -9.9021056762e-06 -6.2614454194e-07 2.1295184117e-07 9.9021056758e-06 -1.0578669739e-05 6.2614454196e-07 -2.1295184138e-07 2.6337136370e-07
d  6.0643199247e-03 4.2450237350e+00 -2.0000000000e-01 2.1274774141e+00 3.0000000000e+02 -1.0025657944e-05 -6.2862354834e-07 2.1274774141e-07 1.0025657943e-05 -1.0705871185e-05 6.2862354837e-07 -2.1274774163e-07 2.6433743588e-07
d  6.0643199251e-03 4.2450237353e+00 -2.0000000000e-01 2.1250187606e+00 3.0000000000e+02 -1.0176086937e-05 -6.3151763516e-07 2.1250187606e-07 1.0176086936e-05 -1.0860569996e-05 6.3151763519e-07 -2.1250187628e-07 2.6546729997e-07
d  6.0643199254e-03 4.2450237355e+00 -2.0000000000e-01 2.1235387096e+00 3.0000000000e+02 -1.0267487880e-05 -6.3321203230e-07 2.1235387096e-07 1.0267487880e-05 -1.0954475296e-05 6.3321203233e-07 -2.1235387118e-07 2.6612925349e-07
d  6.0643199257e-03 4.2450237358e+00 -2.0000000000e-01 2.1217579643e+00 3.0000000000e+02 -1.0378313976e-05 -6.3520065001e-07 2.1217579643e-07 1.0378313975e-05 -1.1068245756e-05 6.3520065003e-07 -2.1217579665e-07 2.6690692727e-07
d  6.0643199261e-03 4.2450237360e+00 -2.0000000000e-01 2.1196145000e+00 3.0000000000e+02 -1.0512969323e-05 -6.3752090898e-07 2.1196145000e-07 1.0512969323e-05 -1.1206345311e-05 6.3752090900e-07 -2.1196145022e-07 2.6781652939e-07
d  6.0643199266e-03 4.2450237364e+00 -2.0000000000e-01 2.1170331786e+00 3.0000000000e+02 -1.0676980047e-05 -6.4020874171e-07 2.1170331786e-07 1.0676980047e-05 -1.1374357785e-05 6.4020874174e-07 -2.1170331809e-07 2.6887231479e-07
d  6.0643199272e-03 4.2450237368e+00 -2.0000000000e-01 2.1139229093e+00 3.0000000000e+02 -1.0877327074e-05 -6.4329223885e-07 2.1139229093e-07 1.0877327074e-05 -1.1579314232e-05 6.4329223888e-07 -2.1139229116e-07 2.7008720951e-07
d  6.0643199275e-03 4.2450237370e+00 -2.0000000000e-01 2.1120503116e+00 3.0000000000e+02 -1.0999404030e-05 -6.4506795525e-07 2.1120503116e-07 1.0999404030e-05 -1.1704054474e-05 6.4506795527e-07 -2.1120503138e-07 2.7078751919e-07
d  6.0643199279e-03 4.2450237373e+00 -2.0000000000e-01 2.1097970960e+00 3.0000000000e+02 -1.1147769163e-05 -6.4711921919e-07 2.1097970960e-07 1.1147769163e-05 -1.1855507839e-05 6.4711921921e-07 -2.1097970982e-07 2.7159916658e-07
d  6.0643199284e-03 4.2450237376e+00 -2.0000000000e-01 2.1070848407e+00 3.0000000000e+02 -1.1328535921e-05 -6.4946384033e-07 2.1070848407e-07 1.1328535920e-05 -1.2039822409e-05 6.4946384035e-07 -2.1070848429e-07 2.7253113265e-07
d  6.0643199290e-03 4.2450237381e+00 -2.0000000000e-01 2.1038186800e+00 3.0000000000e+02 -1.1549437261e-05 -6.5211014654e-07 2.1038186800e-07 1.1549437260e-05 -1.2264753675e-05 6.5211014657e-07 -2.1038186823e-07 2.7358813627e-07
d  6.0643199297e-03 4.2450237386e+00 -2.0000000000e-01 2.0998839088e+00 3.0000000000e+02 -1.1820338763e-05 -6.5503597510e-07 2.0998839088e-07 1.1820338763e-05 -1.2540151441e-05 6.5503597514e-07 -2.0998839112e-07 2.7476509360e-07
d  6.0643199302e-03 4.2450237389e+00 -2.0000000000e-01 2.0975154435e+00 3.0000000000e+02 -1.1985963142e-05 -6.5665921506e-07 2.0975154435e-07 1.1985963142e-05 -1.2708291408e-05 6.5665921509e-07 -2.0975154458e-07 2.7542059631e-07
d  6.0643199307e-03 4.2450237392e+00 -2.0000000000e-01 2.0946663590e+00 3.0000000000e+02 -1.2187809719e-05 -6.5846538605e-07 2.0946663590e-07 1.2187809719e-05 -1.2912964784e-05 6.5846538608e-07 -2.0946663613e-07 2.7615631577e-07
d  6.0643199313e-03 4.2450237397e+00 -2.0000000000e-01 2.0912383295e+00 3.0000000000e+02 -1.2434548027e-05 -6.6042480088e-07 2.0912383295e-07 1.2434548027e-05 -1.3162813973e-05 6.6042480091e-07 -2.0912383318e-07 2.7696497843e-07
d  6.0643199320e-03 4.2450237402e+00 -2.0000000000e-01 2.0871129357e+00 3.0000000000e+02 -1.2737247438e-05 -6.6248366941e-07 2.0871129357e-07 1.2737247438e-05 -1.3468847954e-05 6.6248366945e-07 -2.0871129381e-07 2.7782813999e-07
d  6.0643199329e-03 4.2450237408e+00 -2.0000000000e-01 2.0821479757e+00 3.0000000000e+02 -1.3110182269e-05 -6.6451451401e-07 2.0821479757e-07 1.3110182269e-05 -1.3845184450e-05 6.6451451405e-07 -2.0821479782e-07 2.7870246503e-07
d  6.0643199340e-03 4.2450237415e+00 -2.0000000000e-01 2.0761734986e+00 3.0000000000e+02 -1.3571956099e-05 -6.6629847390e-07 2.0761734986e-07 1.3571956099e-05 -1.4310149525e-05 6.6629847394e-07 -2.0761735012e-07 2.7951230246e-07
d  6.0643199353e-03 4.2450237424e+00 -2.0000000000e-01 2.0689880839e+00 3.0000000000e+02 -1.4147120482e-05 -6.6746160349e-07 2.0689880839e-07 1.4147120482e-05 -1.4887809769e-05 6.6746160354e-07 -2.0689880867e-07 2.8012649225e-07
d  6.0643199368e-03 4.2450237435e+00 -2.0000000000e-01 2.0603563350e+00 3.0000000000e+02 -1.4868498011e-05 -6.6740346586e-07 2.0603563350e-07 1.4868498010e-05 -1.5610197183e-05 6.6740346592e-07 -2.0603563380e-07 2.8033134072e-07
d  6.0643199386e-03 4.2450237448e+00 -2.0000000000e-01 2.0500096061e+00 3.0000000000e+02 -1.5780586442e-05 -6.6517457987e-07 2.0500096061e-07 1.5780586442e-05 -1.6520546719e-05 6.6517457993e-07 -2.0500096093e-07 2.7978665815e-07
d  6.0643199408e-03 4.2450237463e+00 -2.0000000000e-01 2.0376536695e+00 3.0000000000e+02 -1.6944614775e-05 -6.5931736894e-07 2.0376536695e-07 1.6944614775e-05 -1.7678133939e-05 6.5931736900e-07 -2.0376536728e-07 2.7796716261e-07
d  6.0643199435e-03 4.2450237482e+00 -2.0000000000e-01 2.0229898279e+00 3.0000000000e+02 -1.8446126154e-05 -6.4768322335e-07 2.0229898279e-07 1.8446126154e-05 -1.9165598246e-05 6.4768322342e-07 -2.0229898313e-07 2.7408785132e-07
d  6.0643199467e-03 4.2450237504e+00 -2.0000000000e-01 2.0057590053e+00 3.0000000000e+02 -2.0406476172e-05 -6.2725244615e-07 2.0057590053e-07 2.0406476171e-05 -2.1100198384e-05 6.2725244622e-07 -2.0057590087e-07 2.6704566760e-07
d  6.0643199505e-03 4.2450237531e+00 -2.0000000000e-01 1.9858223583e+00 3.0000000000e+02 -2.3000582337e-05 -5.9410732742e-07 1.9858223583e-07 2.3000582337e-05 -2.3651496530e-05 5.9410732752e-07 -1.9858223632e-07 2.5538910163e-07
d  6.0643199551e-03 4.2450237563e+00 -2.0000000000e-01 1.9632881609e+00 3.0000000000e+02 -2.6484444086e-05 -5.4386289228e-07 1.9632881609e-07 2.6484444086e-05 -2.7069443558e-05 5.4386289245e-07 -1.9632881687e-07 2.3746539651e-07
d  6.0643199606e-03 4.2450237601e+00 -2.0000000000e-01 1.9386759624e+00 3.0000000000e+02 -3.1237092597e-05 -4.7305168416e-07 1.9386759624e-07 3.1237092597e-05 -3.1728153275e-05 4.7305168444e-07 -1.9386759768e-07 2.1187659098e-07
d  6.0643199672e-03 4.2450237648e+00 -2.0000000000e-01 1.9130289723e+00 3.0000000000e+02 -3.7823070232e-05 -3.8263136737e-07 1.9130289723e-07 3.7823070232e-05 -3.8193128902e-05 3.8263136754e-07 -1.9130289834e-07 1.7873019999e-07
d  6.0643199751e-03 4.2450237703e+00 -2.0000000000e-01 1.8878051820e+00 3.0000000000e+02 -4.7080075631e-05 -2.8183163668e-07 1.8878051819e-07 4.7080075632e-05 -4.7314149041e-05 2.8183163704e-07 -1.8878052104e-07 1.4102229317e-07
d  6.0643199846e-03 4.2450237769e+00 -2.0000000000e-01 1.8643541859e+00 3.0000000000e+02 -6.0214283859e-05 -1.8957579394e-07 1.8643541859e-07 6.0214283860e-05 -6.0322608781e-05 1.8957579427e-07 -1.8643542206e-07 1.0518454867e-07
d  6.0643199960e-03 4.2450237849e+00 -2.0000000000e-01 1.8432359101e+00 3.0000000000e+02 -7.8807391066e-05 -1.2466950847e-07 1.8432359101e-07 7.8807391069e-05 -7.8825372887e-05 1.2466950884e-07 -1.8432359681e-07 7.7635906311e-08
d  6.0643200096e-03 4.2450237945e+00 -2.0000000000e-01 1.8243220473e+00 3.0000000000e+02 -1.0452733882e-04 -8.7215128666e-08 1.8243220473e-07 1.0452733883e-04 -1.0449056712e-04 8.7215128791e-08 -1.8243220750e-07 5.8445370982e-08
d  6.0643200260e-03 4.2450238060e+00 -2.0000000000e-01 1.8077029253e+00 3.0000000000e+02 -1.3820793482e-04 -6.1933738808e-08 1.8077029253e-07 1.3820793482e-04 -1.3813174236e-04 6.1933738966e-08 -1.8077029816e-07 4.2644096952e-08
d  6.0643200457e-03 4.2450238198e+00 -2.0000000000e-01 1.7942946159e+00 3.0000000000e+02 -1.7849721808e-04 -3.5987574221e-08 1.7942946158e-07 1.7849721808e-04 -1.7838052781e-04 3.5987574416e-08 -1.7942947299e-07 2.6751630066e-08
d  6.0643200693e-03 4.2450238363e+00 -2.0000000000e-01 1.7851149627e+00 3.0000000000e+02 -2.2106598333e-04 -1.1916240604e-08 1.7851149627e-07 2.2106598335e-04 -2.2091205363e-04 1.1916240830e-08 -1.7851151733e-07 1.2665561649e-08
d  6.0643200977e-03 4.2450238561e+00 -2.0000000000e-01 1.7797367905e+00 3.0000000000e+02 -2.5960945713e-04 -8.1805549657e-10 1.7797367904e-07 2.5960945715e-04 -2.5943705981e-04 8.1805571234e-10 -1.7797370919e-07 4.7583145236e-09
d  6.0643201317e-03 4.2450238799e+00 -2.0000000000e-01 1.7769406384e+00 3.0000000000e+02 -2.8871160545e-04 1.3492140388e-09 1.7769406383e-07 2.8871160546e-04 -2.8853405763e-04 -1.3492138769e-09 -1.7769409530e-07 1.4954729426e-09
d  6.0643201725e-03 4.2450239085e+00 -2.0000000000e-01 1.7756446352e+00 3.0000000000e+02 -3.0642339248e-04 8.5329728933e-10 1.7756446351e-07 3.0642339253e-04 -3.0624528704e-04 -8.5329703323e-10 -1.7756453554e-07 3.1234222125e-10
d  6.0643202215e-03 4.2450239428e+00 -2.0000000000e-01 1.7751389539e+00 3.0000000000e+02 -3.1453272652e-04 2.4820523720e-10 1.7751389539e-07 3.1453272655e-04 -3.1435490191e-04 -2.4820512645e-10 -1.7751393246e-07 -6.2503559204e-11
d  6.0643202803e-03 4.2450239840e+00 -2.0000000000e-01 1.7750092374e+00 3.0000000000e+02 -3.1673273409e-04 9.9400306254e-12 1.7750092373e-07 3.1673273417e-04 -3.1655509311e-04 -9.9397770381e-12 -1.7750104838e-07 -1.3007207579e-10
d  6.0643203508e-03 4.2450240333e+00 -2.0000000000e-01 1.7750218741e+00 3.0000000000e+02 -3.1646069557e-04 -2.3767461496e-11 1.7750218741e-07 3.1646069552e-04 -3.1628312830e-04 2.3767377910e-11 -1.7750211602e-07 -8.8875471187e-11
d  6.0643204355e-03 4.2450240926e+00 -2.0000000000e-01 1.7750587201e+00 3.0000000000e+02 -3.1577105569e-04 -1.1241153997e-11 1.7750587202e-07 3.1577105557e-04 -3.1559352646e-04 1.1240954993e-11 -1.7750567715e-07 -3.4671317016e-11
d  6.0643205371e-03 4.2450241637e+00 -2.0000000000e-01 1.7750797573e+00 3.0000000000e+02 -3.1538028074e-04 -1.6446855068e-12 1.7750797574e-07 3.1538028066e-04 -3.1520276944e-04 1.6446019613e-12 -1.7750785762e-07 -5.0111397965e-12
d  6.0643206590e-03 4.2450242490e+00 -2.0000000000e-01 1.7750852240e+00 3.0000000000e+02 -3.1527928900e-04 1.0583152591e-12 1.7750852241e-07 3.1527928889e-04 -3.1510178210e-04 -1.0584206433e-12 -1.7750833979e-07 2.6119024361e-12
d  6.0643208052e-03 4.2450243514e+00 -2.0000000000e-01 1.7750846947e+00 3.0000000000e+02 -3.1529025137e-04 7.8515220228e-13 1.7750846903e-07 3.1529025627e-04 -3.1511274097e-04 -7.8089164999e-13 -1.7751631328e-07 1.7941690687e-12
d  6.0643209808e-03 4.2450244743e+00 -2.0000000000e-01 1.7750837423e+00 3.0000000000e+02 -3.1530947966e-04 2.5463190719e-13 1.7750837412e-07 3.1530948095e-04 -3.1513197061e-04 -2.5372004369e-13 -1.7751045536e-07 3.6007492959e-13
d  6.0643211914e-03 4.2450246217e+00 -2.0000000000e-01 1.7750834969e+00 3.0000000000e+02 -3.1531577160e-04 5.9729453236e-14 1.7750834944e-07 3.1531577453e-04 -3.1513826133e-04 -5.8104415269e-14 -1.7751304739e-07 -9.5151571296e-14
d  6.0643214441e-03 4.2450247986e+00 -2.0000000000e-01 1.7750835989e+00 3.0000000000e+02 -3.1531596624e-04 6.4431300939e-14 1.7750835989e-07 3.1531596620e-04 -3.1513845773e-04 -6.4426673835e-14 -1.7750830393e-07 -1.0290715957e-13
d  6.0643217474e-03 4.2450250110e+00 -2.0000000000e-01 1.7750837541e+00 3.0000000000e+02 -3.1531556956e-04 7.5100663891e-14 1.7750837538e-07 3.1531556987e-04 -3.1513806086e-04 -7.4968806997e-14 -1.7750888274e-07 -6.0082890169e-14
d  6.0643221114e-03 4.2450252657e+00 -2.0000000000e-01 1.7750839127e+00 3.0000000000e+02 -3.1531560835e-04 7.9309673520e-14 1.7750839127e-07 3.1531560838e-04 -3.1513809982e-04 -7.9282872279e-14 -1.7750842957e-07 -4.9878681108e-14
d  6.0643225482e-03 4.2450255715e+00 -2.0000000000e-01 1.7750840935e+00 3.0000000000e+02 -3.1531583498e-04 8.0094157743e-14 1.7750840935e-07 3.1531583491e-04 -3.1513832648e-04 -8.0090176799e-14 -1.7750829901e-07 -5.0176934543e-14
d  6.0643230723e-03 4.2450259384e+00 -2.0000000000e-01 1.7750843104e+00 3.0000000000e+02 -3.1531610973e-04 7.9941869054e-14 1.7750843104e-07 3.1531610965e-04 -3.1513860122e-04 -7.9938172315e-14 -1.7750829324e-07 -5.0901330922e-14
d  6.0643237012e-03 4.2450263786e+00 -2.0000000000e-01 1.7750845712e+00 3.0000000000e+02 -3.1531642936e-04 7.9841114273e-14 1.7750845713e-07 3.1531642924e-04 -3.1513892084e-04 -7.9838553763e-14 -1.7750827684e-07 -5.0992061398e-14
d  6.0643244560e-03 4.2450269069e+00 -2.0000000000e-01 1.7750848842e+00 3.0000000000e+02 -3.1531681121e-04 7.9832659614e-14 1.7750848843e-07 3.1531681105e-04 -3.1513930268e-04 -7.9832167670e-14 -1.7750824246e-07 -5.0974383742e-14
d  6.0643253616e-03 4.2450275409e+00 -2.0000000000e-01 1.7750852599e+00 3.0000000000e+02 -3.1531726963e-04 7.9835762296e-14 1.7750852600e-07 3.1531726942e-04 -3.1513976109e-04 -7.9837110858e-14 -1.7750819852e-07 -5.0968961092e-14
d  6.0643264485e-03 4.2450283017e+00 -2.0000000000e-01 1.7750857107e+00 3.0000000000e+02 -3.1531781982e-04 7.9835928526e-14 1.7750857109e-07 3.1531781955e-04 -3.1514031128e-04 -7.9838793045e-14 -1.7750814529e-07 -5.0968777658e-14
d  6.0643277526e-03 4.2450292146e+00 -2.0000000000e-01 1.7750862516e+00 3.0000000000e+02 -3.1531848005e-04 7.9835412789e-14 1.7750862518e-07 3.1531847971e-04 -3.1514097150e-04 -7.9839541718e-14 -1.7750808066e-07 -5.0968736125e-14
d  6.0643293176e-03 4.2450303101e+00 -2.0000000000e-01 1.7750869007e+00 3.0000000000e+02 -3.1531927233e-04 7.9835066246e-14 1.7750869010e-07 3.1531927190e-04 -3.1514176377e-04 -7.9840253128e-14 -1.7750800238e-07 -5.0968599004e-14
d  6.0643311956e-03 4.2450316247e+00 -2.0000000000e-01 1.7750876797e+00 3.0000000000e+02 -3.1532022307e-04 7.9834627060e-14 1.7750876801e-07 3.1532022253e-04 -3.1514271449e-04 -7.9840698051e-14 -1.7750790783e-07 -5.0968476831e-14
d  6.0643334492e-03 4.2450332022e+00 -2.0000000000e-01 1.7750886144e+00 3.0000000000e+02 -3.1532136395e-04 7.9834523192e-14 1.7750886149e-07 3.1532136329e-04 -3.1514385537e-04 -7.9841332089e-14 -1.7750779387e-07 -5.0968376478e-14
d  6.0643361536e-03 4.2450350952e+00 -2.0000000000e-01 1.7750897361e+00 3.0000000000e+02 -3.1532273302e-04 7.9834674600e-14 1.7750897367e-07 3.1532273221e-04 -3.1514522442e-04 -7.9842098627e-14 -1.7750765671e-07 -5.0968295509e-14
d  6.0643393988e-03 4.2450373669e+00 -2.0000000000e-01 1.7750910821e+00 3.0000000000e+02 -3.1532437592e-04 7.9834572876e-14 1.7750910829e-07 3.1532437492e-04 -3.1514686729e-04 -7.9842508867e-14 -1.7750749184e-07 -5.0968231846e-14
d  6.0643432930e-03 4.2450400928e+00 -2.0000000000e-01 1.7750926974e+00 3.0000000000e+02 -3.1532634741e-04 7.9834554533e-14 1.7750926983e-07 3.1532634618e-04 -3.1514883876e-04 -7.9842916068e-14 -1.7750729378e-07 -5.0968183872e-14
d  6.0643479661e-03 4.2450433640e+00 -2.0000000000e-01 1.7750946357e+00 3.0000000000e+02 -3.1532871321e-04 7.9834595931e-14 1.7750946367e-07 3.1532871171e-04 -3.1515120453e-04 -7.9843310112e-14 -1.7750705604e-07 -5.0968150007e-14
d  6.0643535738e-03 4.2450472894e+00 -2.0000000000e-01 1.7750969616e+00 3.0000000000e+02 -3.1533155220e-04 7.9834565729e-14 1.7750969629e-07 3.1533155038e-04 -3.1515404348e-04 -7.9843571294e-14 -1.7750677080e-07 -5.0968129480e-14
d  6.0643603030e-03 4.2450519999e+00 -2.0000000000e-01 1.7750997527e+00 3.0000000000e+02 -3.1533495902e-04 7.9834654403e-14 1.7750997543e-07 3.1533495682e-04 -3.1515745026e-04 -7.9843899448e-14 -1.7750642873e-07 -5.0968122339e-14
d  6.0643683781e-03 4.2450576524e+00 -2.0000000000e-01 1.7751031034e+00 3.0000000000e+02 -3.1533905510e-04 7.9883758902e-14 1.7751031021e-07 3.1533905685e-04 -3.1516154358e-04 -7.9844380355e-14 -1.7751313543e-07 -5.0951026878e-14
d  6.0643780682e-03 4.2450644355e+00 -2.0000000000e-01 1.7751071229e+00 3.0000000000e+02 -3.1534396274e-04 7.9631042969e-14 1.7751071214e-07 3.1534396481e-04 -3.1516645063e-04 -7.9592023116e-14 -1.7751404430e-07 -5.0987195877e-14
d  6.0643896963e-03 4.2450725752e+00 -2.0000000000e-01 1.7751119464e+00 3.0000000000e+02 -3.1534985191e-04 7.9692488221e-14 1.7751119446e-07 3.1534985439e-04 -3.1517233907e-04 -7.9653487350e-14 -1.7751519374e-07 -5.0977935837e-14
d  6.0644036500e-03 4.2450823428e+00 -2.0000000000e-01 1.7751177345e+00 3.0000000000e+02 -3.1535691910e-04 7.9693183854e-14 1.7751177323e-07 3.1535692208e-04 -3.1517940537e-04 -7.9654196941e-14 -1.7751657359e-07 -5.0978146675e-14
d  6.0644203945e-03 4.2450940639e+00 -2.0000000000e-01 1.7751246803e+00 3.0000000000e+02 -3.1536539997e-04 7.9693445190e-14 1.7751246777e-07 3.1536540354e-04 -3.1518788518e-04 -7.9654469177e-14 -1.7751822970e-07 -5.0978222322e-14
d  6.0644404879e-03 4.2451081293e+00 -2.0000000000e-01 1.7751330153e+00 3.0000000000e+02 -3.1537557734e-04 7.9693743915e-14 1.7751330122e-07 3.1537558163e-04 -3.1519806128e-04 -7.9654776035e-14 -1.7752021748e-07 -5.0978323466e-14
d  6.0644646000e-03 4.2451250077e+00 -2.0000000000e-01 1.7751430173e+00 3.0000000000e+02 -3.1538779068e-04 7.9694102633e-14 1.7751430136e-07 3.1538779583e-04 -3.1521027309e-04 -7.9655140381e-14 -1.7752260346e-07 -5.0978444805e-14
d  6.0644935345e-03 4.2451452619e+00 -2.0000000000e-01 1.7751550199e+00 3.0000000000e+02 -3.1540244740e-04 7.9694566900e-14 1.7751550154e-07 3.1540245358e-04 -3.1522492798e-04 -7.9655607937e-14 -1.7752546757e-07 -5.0978590924e-14
d  6.0645282558e-03 4.2451695668e+00 -2.0000000000e-01 1.7751694230e+00 3.0000000000e+02 -3.1542003647e-04 7.9695097357e-14 1.7751694176e-07 3.1542004389e-04 -3.1524251485e-04 -7.9656139475e-14 -1.7752890585e-07 -5.0978766234e-14
d  6.0645699215e-03 4.2451987328e+00 -2.0000000000e-01 1.7751867081e+00 3.0000000000e+02 -3.1544114787e-04 7.9702473370e-14 1.7751867070e-07 3.1544114937e-04 -3.1526362815e-04 -7.9679288236e-14 -1.7752108396e-07 -5.0990268275e-14
d  6.0646199203e-03 4.2452337319e+00 -2.0000000000e-01 1.7752074493e+00 3.0000000000e+02 -3.1546648062e-04 7.9645707399e-14 1.7752074480e-07 3.1546648241e-04 -3.1528895864e-04 -7.9622527766e-14 -1.7752363678e-07 -5.0976983791e-14
d  6.0646799188e-03 4.2452757309e+00 -2.0000000000e-01 1.7752323391e+00 3.0000000000e+02 -3.1549688294e-04 7.9660889454e-14 1.7752323375e-07 3.1549688509e-04 -3.1531935826e-04 -7.9637709407e-14 -1.7752670579e-07 -5.0980653622e-14
d  6.0647519170e-03 4.2453261296e+00 -2.0000000000e-01 1.7752622074e+00 3.0000000000e+02 -3.1553337010e-04 7.9661954478e-14 1.7752622055e-07 3.1553337268e-04 -3.1535584216e-04 -7.9638773814e-14 -1.7753038921e-07 -5.0981014766e-14
d  6.0648383149e-03 4.2453866082e+00 -2.0000000000e-01 1.7752980500e+00 3.0000000000e+02 -3.1557716099e-04 7.9663256242e-14 1.7752980478e-07 3.1557716409e-04 -3.1539962915e-04 -7.9640074769e-14 -1.7753481014e-07 -5.0981454476e-14
d  6.0649419924e-03 4.2454591824e+00 -2.0000000000e-01 1.7753410626e+00 3.0000000000e+02 -3.1562971985e-04 7.9665680585e-14 1.7753410623e-07 3.1562972035e-04 -3.1545218531e-04 -7.9645254151e-14 -1.7753491175e-07 -5.0983876435e-14
d  6.0650664053e-03 4.2455462714e+00 -2.0000000000e-01 1.7753926789e+00 3.0000000000e+02 -3.1569280279e-04 7.9659548053e-14 1.7753926785e-07 3.1569280339e-04 -3.1551526302e-04 -7.9639121736e-14 -1.7754023454e-07 -5.0982170667e-14
d  6.0652157009e-03 4.2456507783e+00 -2.0000000000e-01 1.7754546207e+00 3.0000000000e+02 -3.1576852105e-04 7.9663809585e-14 1.7754546201e-07 3.1576852177e-04 -3.1559097502e-04 -7.9643383066e-14 -1.7754662305e-07 -5.0983526807e-14
d  6.0653948555e-03 4.2457761866e+00 -2.0000000000e-01 1.7755289539e+00 3.0000000000e+02 -3.1585941006e-04 7.9666481314e-14 1.7755289533e-07 3.1585941092e-04 -3.1568185650e-04 -7.9646054550e-14 -1.7755428999e-07 -5.0984431257e-14
d  6.0656098411e-03 4.2459266765e+00 -2.0000000000e-01 1.7756181583e+00 3.0000000000e+02 -3.1596851590e-04 7.9669705732e-14 1.7756181576e-07 3.1596851694e-04 -3.1579095332e-04 -7.9649278672e-14 -1.7756349137e-07 -5.0985524502e-14
d  6.0658678238e-03 4.2461072644e+00 -2.0000000000e-01 1.7757252101e+00 3.0000000000e+02 -3.1609949914e-04 7.9673576427e-14 1.7757252092e-07 3.1609950039e-04 -3.1592192573e-04 -7.9653149011e-14 -1.7757453455e-07 -5.0986836449e-14
d  6.0661774030e-03 4.2463239698e+00 -2.0000000000e-01 1.7758536817e+00 3.0000000000e+02 -3.1625676033e-04 7.9678339547e-14 1.7758536816e-07 3.1625676054e-04 -3.1607917470e-04 -7.9658279680e-14 -1.7758570700e-07 -5.0988666164e-14
d  6.0665488981e-03 4.2465840164e+00 -2.0000000000e-01 1.7760078611e+00 3.0000000000e+02 -3.1644559026e-04 7.9682884249e-14 1.7760078609e-07 3.1644559051e-04 -3.1626798919e-04 -7.9662824329e-14 -1.7760119337e-07 -5.0990238244e-14
d  6.0669946922e-03 4.2468960722e+00 -2.0000000000e-01 1.7761928956e+00 3.0000000000e+02 -3.1667235447e-04 7.9689832144e-14 1.7761928954e-07 3.1667235478e-04 -3.1649473487e-04 -7.9669772132e-14 -1.7761977950e-07 -5.0992584892e-14
d  6.0675296452e-03 4.2472705393e+00 -2.0000000000e-01 1.7764149614e+00 3.0000000000e+02 -3.1694472150e-04 7.9696624278e-14 1.7764149612e-07 3.1694472187e-04 -3.1676707965e-04 -7.9676564152e-14 -1.7764208585e-07 -5.0994763141e-14
d  6.0681715887e-03 4.2477198997e+00 -2.0000000000e-01 1.7766814778e+00 3.0000000000e+02 -3.1727191751e-04 7.9705903447e-14 1.7766814775e-07 3.1727191795e-04 -3.1709424896e-04 -7.9685843177e-14 -1.7766885811e-07 -5.0997869862e-14
d  6.0689419209e-03 4.2482591322e+00 -2.0000000000e-01 1.7770013554e+00 3.0000000000e+02 -3.1766505728e-04 7.9717772263e-14 1.7770013551e-07 3.1766505781e-04 -3.1748735669e-04 -7.9697711830e-14 -1.7770099168e-07 -5.1001917592e-14
d  6.0698663196e-03 4.2489062113e+00 -2.0000000000e-01 1.7773852923e+00 3.0000000000e+02 -3.1813755306e-04 7.9731702112e-14 1.7773852922e-07 3.1813755317e-04 -3.1795981434e-04 -7.9711692156e-14 -1.7773869897e-07 -5.1006662607e-14
d  6.0709755980e-03 4.2496827061e+00 -2.0000000000e-01 1.7778461368e+00 3.0000000000e+02 -3.1870559850e-04 7.9748263737e-14 1.7778461367e-07 3.1870559863e-04 -3.1852781368e-04 -7.9728253738e-14 -1.7778481871e-07 -5.1012269842e-14
d  6.0723067320e-03 4.2506144999e+00 -2.0000000000e-01 1.7783993236e+00 3.0000000000e+02 -3.1938877004e-04 7.9768365209e-14 1.7783993235e-07 3.1938877019e-04 -3.1921092988e-04 -7.9748355155e-14 -1.7784018046e-07 -5.1019066642e-14
d  6.0739040929e-03 4.2517326525e+00 -2.0000000000e-01 1.7790633976e+00 3.0000000000e+02 -3.2021076756e-04 7.9792473128e-14 1.7790633975e-07 3.2021076775e-04 -3.2003286098e-04 -7.9772463007e-14 -1.7790664048e-07 -5.1027213402e-14
d  6.0758209260e-03 4.2530744355e+00 -2.0000000000e-01 1.7798606457e+00 3.0000000000e+02 -3.2120033239e-04 7.9821380170e-14 1.7798606456e-07 3.2120033262e-04 -3.2102234606e-04 -7.9801369968e-14 -1.7798642983e-07 -5.1036974177e-14
d  6.0781211257e-03 4.2546845752e+00 -2.0000000000e-01 1.7808178591e+00 3.0000000000e+02 -3.2239239071e-04 7.9855932167e-14 1.7808178590e-07 3.2239239077e-04 -3.2221430876e-04 -7.9835930030e-14 -1.7808187833e-07 -5.1048634606e-14
d  6.0808813653e-03 4.2566167429e+00 -2.0000000000e-01 1.7819672621e+00 3.0000000000e+02 -3.2382949932e-04 7.9897875799e-14 1.7819672620e-07 3.2382949939e-04 -3.2365130242e-04 -7.9877873632e-14 -1.7819683931e-07 -5.1062765785e-14
d  6.0841936528e-03 4.2589353440e+00 -2.0000000000e-01 1.7833476775e+00 3.0000000000e+02 -3.2556353717e-04 7.9951210326e-14 1.7833476774e-07 3.2556353726e-04 -3.2538520222e-04 -7.9931208123e-14 -1.7833490671e-07 -5.1081025363e-14
d  6.0881683978e-03 4.2617176654e+00 -2.0000000000e-01 1.7850057145e+00 3.0000000000e+02 -3.2765837867e-04 8.0010158903e-14 1.7850057144e-07 3.2765837877e-04 -3.2747987790e-04 -7.9990156655e-14 -1.7850074315e-07 -5.1100653600e-14
d  6.0929380919e-03 4.2650564511e+00 -2.0000000000e-01 1.7869975700e+00 3.0000000000e+02 -3.3019258099e-04 8.0082442517e-14 1.7869975700e-07 3.3019258112e-04 -3.3001388102e-04 -8.0062440213e-14 -1.7869997040e-07 -5.1124774730e-14
d  6.0986617248e-03 4.2690629939e+00 -2.0000000000e-01 1.7893912403e+00 3.0000000000e+02 -3.3326347437e-04 8.0179362728e-14 1.7893912402e-07 3.3326347453e-04 -3.3308453501e-04 -8.0159360354e-14 -1.7893939119e-07 -5.1157243191e-14
d  6.1055300842e-03 4.2738708452e+00 -2.0000000000e-01 1.7922680184e+00 3.0000000000e+02 -3.3699133643e-04 8.0272832836e-14 1.7922680183e-07 3.3699133649e-04 -3.3681210946e-04 -8.0252832188e-14 -1.7922689089e-07 -5.1188476817e-14
d  6.1137721155e-03 4.2796402669e+00 -2.0000000000e-01 1.7957268424e+00 3.0000000000e+02 -3.4152811871e-04 8.0403690065e-14 1.7957268424e-07 3.4152811878e-04 -3.4134854585e-04 -8.0383689384e-14 -1.7957279860e-07 -5.1231887134e-14
d  6.1236625531e-03 4.2865635728e+00 -2.0000000000e-01 1.7998872564e+00 3.0000000000e+02 -3.4706557294e-04 8.0561616348e-14 1.7998872564e-07 3.4706557303e-04 -3.4688558403e-04 -8.0541615615e-14 -1.7998887675e-07 -5.1284230958e-14
d  6.1355310782e-03 4.2948715400e+00 -2.0000000000e-01 1.8048939096e+00 3.0000000000e+02 -3.5384817124e-04 8.0750399291e-14 1.8048939095e-07 3.5384817136e-04 -3.5366768164e-04 -8.0730398502e-14 -1.8048959148e-07 -5.1346619826e-14
d  6.1497733083e-03 4.3048411006e+00 -2.0000000000e-01 1.8109222934e+00 3.0000000000e+02 -3.6219050395e-04 8.0978916049e-14 1.8109222934e-07 3.6219050400e-04 -3.6200941155e-04 -8.0958915784e-14 -1.8109231303e-07 -5.1421556698e-14
d  6.1668639845e-03 4.3168045733e+00 -2.0000000000e-01 1.8181857515e+00 3.0000000000e+02 -3.7250519416e-04 8.1256252992e-14 1.8181857515e-07 3.7250519423e-04 -3.7232337540e-04 -8.1236252696e-14 -1.8181869210e-07 -5.1511604108e-14
d  6.1873727958e-03 4.3311607405e+00 -2.0000000000e-01 1.8269447059e+00 3.0000000000e+02 -3.8533880632e-04 8.1595942648e-14 1.8269447059e-07 3.8533880642e-04 -3.8515611165e-04 -8.1575942309e-14 -1.8269463917e-07 -5.1621592753e-14
d  6.2119833695e-03 4.3483881412e+00 -2.0000000000e-01 1.8375111400e+00 3.0000000000e+02 -4.0144896969e-04 8.1963932873e-14 1.8375111399e-07 4.0144896985e-04 -4.0126521835e-04 -8.1943932474e-14 -1.8375136725e-07 -5.1733880688e-14
d  6.2415160578e-03 4.3690610220e+00 -2.0000000000e-01 1.8502641467e+00 3.0000000000e+02 -4.2189660715e-04 8.2388852975e-14 1.8502641467e-07 4.2189660724e-04 -4.2171158055e-04 -8.2368852810e-14 -1.8502654989e-07 -5.1856971296e-14
d  6.2769552839e-03 4.3938684790e+00 -2.0000000000e-01 1.8656950326e+00 3.0000000000e+02 -4.4810087740e-04 8.3036024499e-14 1.8656950325e-07 4.4810087754e-04 -4.4791430768e-04 -8.3016024291e-14 -1.8656972805e-07 -5.2060549535e-14
d  6.3194823551e-03 4.4236374274e+00 -2.0000000000e-01 1.8844314715e+00 3.0000000000e+02 -4.8226304728e-04 8.3991159972e-14 1.8844314714e-07 4.8226304756e-04 -4.8207460386e-04 -8.3971159700e-14 -1.8844355925e-07 -5.2353034649e-14
d  6.3705148407e-03 4.4593601655e+00 -2.0000000000e-01 1.9076435910e+00 3.0000000000e+02 -5.2851295011e-04 8.6947223105e-14 1.9076435909e-07 5.2851295030e-04 -5.2832218552e-04 -8.6927222972e-14 -1.9076464832e-07 -5.3298467471e-14
d  6.4317538233e-03 4.5022274512e+00 -2.0000000000e-01 1.9359934744e+00 3.0000000000e+02 -5.9165750950e-04 8.7836813907e-14 1.9359934743e-07 5.9165750988e-04 -5.9146390984e-04 -8.7816813734e-14 -1.9359989666e-07 -5.3529754973e-14
d  6.5052406024e-03 4.5536681940e+00 -2.0000000000e-01 1.9706252941e+00 3.0000000000e+02 -6.8111947076e-04 8.9478713647e-14 1.9706252939e-07 6.8111947150e-04 -6.8092240777e-04 -8.9458713435e-14 -1.9706357903e-07 -5.3946462837e-14
d  6.5934247374e-03 4.6153970854e+00 -2.0000000000e-01 2.0127523053e+00 3.0000000000e+02 -8.1283664379e-04 9.0933069839e-14 2.0127523049e-07 8.1283664499e-04 -8.1263536792e-04 -9.0913069628e-14 -2.0127692537e-07 -5.4223982532e-14
d  6.6992456993e-03 4.6894717551e+00 -2.0000000000e-01 2.0637625291e+00 3.0000000000e+02 -1.0146348717e-03 9.2430978280e-14 2.0637625279e-07 1.0146348761e-03 -1.0144284935e-03 -9.2410977818e-14 -2.0638245042e-07 -5.4419246282e-14
d  6.8262308537e-03 4.7783613587e+00 -2.0000000000e-01 2.1243518547e+00 3.0000000000e+02 -1.3272064219e-03 9.2424664152e-14 2.1243518530e-07 1.3272064282e-03 -1.3269939837e-03 -9.2404663692e-14 -2.1244435698e-07 -5.4022765267e-14
d  6.9786130389e-03 4.8850288830e+00 -2.0000000000e-01 2.1874801237e+00 3.0000000000e+02 -1.8666524946e-03 8.2671996295e-14 2.1874801235e-07 1.8666524952e-03 -1.8664337461e-03 -8.2651996254e-14 -2.1874896630e-07 -4.9453303562e-14
d  7.1428570000e-03 4.9999996500e+00 -2.0000000000e-01 2.2543659609e+00 3.0000000000e+02 -2.4184560476e-03 8.4036307003e-14 2.2543659609e-07 2.4184560476e-03 -2.4182306109e-03 -8.4016307002e-14 -2.2543660526e-07 -5.0836054877e-14
d  7.3399497533e-03 5.1379645704e+00 -2.0000000000e-01 2.3323718492e+00 3.0000000000e+02 -3.1392300166e-03 8.3615847997e-14 2.3323718492e-07 3.1392300166e-03 -3.1389967793e-03 -8.3595847997e-14 -2.3323720172e-07 -5.0216825075e-14
d  7.5764610573e-03 5.3035224750e+00 -2.0000000000e-01 2.4157614461e+00 3.0000000000e+02 -3.9675711410e-03 7.5297010667e-14 2.4157614461e-07 3.9675711410e-03 -3.9673295647e-03 -7.5277010666e-14 -2.4157615764e-07 -4.7252793621e-14
d  7.8602746222e-03 5.5021919604e+00 -2.0000000000e-01 2.5032675063e+00 3.0000000000e+02 -4.8704781212e-03 6.9564284666e-14 2.5032675063e-07 4.8704781213e-03 -4.8702277944e-03 -6.9544284666e-14 -2.5032675907e-07 -4.5059240351e-14
d  8.2008508999e-03 5.7405953429e+00 -2.0000000000e-01 2.5922341831e+00 3.0000000000e+02 -5.8293107407e-03 6.3587833584e-14 2.5922341831e-07 5.8293107407e-03 -5.8290515171e-03 -6.3567833584e-14 -2.5922342407e-07 -4.2671158090e-14
d  8.5714290000e-03 6.0000000000e+00 -2.0000000000e-01 2.6721064390e+00 3.0000000000e+02 -6.7560521957e-03 5.8684274558e-14 2.6721064390e-07 6.7560521957e-03 -6.7557849849e-03 -5.8664274557e-14 -2.6721064713e-07 -4.0539541679e-14
d  9.0161227201e-03 5.6887144841e+00 -2.0000000000e-01 2.5748392667e+00 3.0000000000e+02 -5.6270126382e-03 -1.2900215341e-13 2.5748392667e-07 5.6270126382e-03 -5.6267551545e-03 1.2902215341e-13 -2.5748391932e-07 8.7430490696e-14
d  9.3915733939e-03 5.4258990870e+00 -2.0000000000e-01 2.4711384763e+00 3.0000000000e+02 -4.5366416639e-03 -7.1700724778e-14 2.4711384763e-07 4.5366416638e-03 -4.5363945501e-03 7.1720724778e-14 -2.4711383741e-07 4.5948079455e-14
d  9.7377673217e-03 5.1835634061e+00 -2.0000000000e-01 2.3562709455e+00 3.0000000000e+02 -3.3722881940e-03 -7.9069974091e-14 2.3562709455e-07 3.3722881940e-03 -3.3720525670e-03 7.9089974091e-14 -2.3562708657e-07 4.8682937744e-14
d  1.0000000000e-02 5.0000005833e+00 -2.0000000000e-01 2.2543664867e+00 3.0000000000e+02 -2.4184607341e-03 -8.6155993946e-14 2.2543664867e-07 2.4184607341e-03 -2.4182352976e-03 8.6175993946e-14 -2.2543664804e-07 5.1301429278e-14
d  1.0314679214e-02 4.7797251960e+00 -2.0000000000e-01 2.1252668828e+00 3.0000000000e+02 -1.3325674080e-03 -8.6491457272e-14 2.1252668842e-07 1.3325674026e-03 -1.3323548838e-03 8.6511457114e-14 -2.1251890925e-07 5.1467447241e-14
d  1.0571704525e-02 4.5998075296e+00 -2.0000000000e-01 2.0020900965e+00 3.0000000000e+02 -7.7683160249e-04 -9.4655497777e-14 2.0020900968e-07 7.7683160169e-04 -7.7663139395e-04 9.4675497728e-14 -2.0020788226e-07 5.5618249129e-14
d  1.0712325065e-02 4.5013731789e+00 -2.0000000000e-01 1.9354243735e+00 3.0000000000e+02 -5.9030844369e-04 -8.8332992839e-14 1.9354243733e-07 5.9030844414e-04 -5.9011490120e-04 8.8352992917e-14 -1.9354308443e-07 5.3750994553e-14
d  1.0814342649e-02 4.4299608905e+00 -2.0000000000e-01 1.8885083328e+00 3.0000000000e+02 -4.9005924591e-04 -8.5419727864e-14 1.8885083328e-07 4.9005924575e-04 -4.8987039530e-04 8.5439727805e-14 -1.8885059176e-07 5.2868785580e-14
d  1.0936763750e-02 4.3442661444e+00 -2.0000000000e-01 1.8349800564e+00 3.0000000000e+02 -3.9751392613e-04 -8.1032557599e-14 1.8349800563e-07 3.9751392629e-04 -3.9733042817e-04 8.1052557680e-14 -1.8349825731e-07 5.1451325372e-14
d  1.1083669070e-02 4.2414324492e+00 -2.0000000000e-01 1.7729562802e+00 3.0000000000e+02 -3.1272847450e-04 -7.9420213185e-14 1.7729562802e-07 3.1272847454e-04 -3.1255117897e-04 7.9440213212e-14 -1.7729569826e-07 5.0938756840e-14
d  1.1259955455e-02 4.1180320148e+00 -2.0000000000e-01 1.7015628403e+00 3.0000000000e+02 -2.3666030581e-04 -7.6953092572e-14 1.7015628403e-07 2.3666030584e-04 -2.3649014962e-04 7.6973092598e-14 -1.7015634261e-07 5.0063254504e-14
d  1.1428570000e-02 4.0000018667e+00 -2.0000000000e-01 1.6362240425e+00 3.0000000000e+02 -1.8200289848e-04 -7.4891641359e-14 1.6362240425e-07 1.8200289850e-04 -1.8183927619e-04 7.4911641372e-14 -1.6362242632e-07 4.9277784246e-14
d  1.1630907454e-02 3.8583656889e+00 -2.0000000000e-01 1.5615819086e+00 3.0000000000e+02 -1.3257438589e-04 -7.2526592922e-14 1.5615819085e-07 1.3257438589e-04 -1.3241822781e-04 7.2546592929e-14 -1.5615820031e-07 4.8326015670e-14
d  1.1873712399e-02 3.6884022755e+00 -2.0000000000e-01 1.4763911587e+00 3.0000000000e+02 -8.9285256112e-05 -7.0814172006e-14 1.4763911587e-07 8.9285256115e-05 -8.9137617111e-05 7.0834172012e-14 -1.4763912270e-07 4.7516408192e-14
d  1.2142860000e-02 3.4999990083e+00 -2.0000000000e-01 1.3870753704e+00 3.0000000000e+02 -5.5281658774e-05 -6.9343852854e-14 1.3870753703e-07 5.5281658778e-05 -5.5142951349e-05 6.9363852864e-14 -1.3870754510e-07 4.6660058497e-14
d  1.2432473250e-02 3.2972697910e+00 -2.0000000000e-01 1.2954357094e+00 3.0000000000e+02 -3.0068972825e-05 -6.9456412442e-14 1.2954357093e-07 3.0068972844e-05 -2.9939429347e-05 6.9476412509e-14 -1.2954361348e-07 4.6138572210e-14
d  1.2717246876e-02 3.0979283090e+00 -2.0000000000e-01 1.2079998762e+00 3.0000000000e+02 -1.3595927281e-05 -7.2308095977e-14 1.2079998762e-07 1.3595927285e-05 -1.3475127405e-05 7.2328096005e-14 -1.2079999892e-07 4.6076009026e-14
d  1.2857140000e-02 3.0000031500e+00 -2.0000000000e-01 1.1656459019e+00 3.0000000000e+02 -7.9747947364e-06 -7.6388781511e-14 1.1656459019e-07 7.9747947392e-06 -7.8582302644e-06 7.6408781554e-14 -1.1656459749e-07 4.6262956651e-14
d  1.3025011749e-02 2.8824929592e+00 -2.0000000000e-01 1.1155749611e+00 3.0000000000e+02 -3.1737297962e-06 -8.4974787953e-14 1.1155749611e-07 3.1737297969e-06 -3.0621724298e-06 8.4994787976e-14 -1.1155749860e-07 4.6474127769e-14
d  1.3125734798e-02 2.8119868447e+00 -2.0000000000e-01 1.0875671791e+00 3.0000000000e+02 -1.2490724759e-06 -9.9803301689e-14 1.0875671790e-07 1.2490724768e-06 -1.1403159014e-06 9.9823301772e-14 -1.0875672130e-07 4.6090477250e-14
d  1.3140843255e-02 2.8014109275e+00 -2.0000000000e-01 1.0840337772e+00 3.0000000000e+02 -1.0061902164e-06 -1.1324515694e-13 1.0840337600e-07 1.0061907243e-06 -8.9778597832e-07 1.1326540157e-13 -1.0840490407e-07 4.4864221195e-14
d  1.3149908330e-02 2.7950653772e+00 -2.0000000000e-01 1.0822174239e+00 3.0000000000e+02 -8.5956709372e-07 -1.2391790645e-13 1.0822174040e-07 8.5956763840e-07 -7.5134426438e-07 1.2393856625e-13 -1.0822354156e-07 4.3597855934e-14
d  1.3155347374e-02 2.7912580470e+00 -2.0000000000e-01 1.0813396688e+00 3.0000000000e+02 -7.6807879643e-07 -1.3398360285e-13 1.0813396482e-07 7.6807932917e-07 -6.5994359471e-07 1.3400491159e-13 -1.0813591073e-07 4.2269284054e-14
d  1.3158610801e-02 2.7889736489e+00 -2.0000000000e-01 1.0809486128e+00 3.0000000000e+02 -7.1005010698e-07 -1.4390629768e-13 1.0809485719e-07 7.1005112554e-07 -6.0195236245e-07 1.4393123988e-13 -1.0809894788e-07 4.0869560678e-14
d  1.3160568857e-02 2.7876030101e+00 -2.0000000000e-01 1.0807928402e+00 3.0000000000e+02 -6.7313570708e-07 -1.5294795429e-13 1.0807928119e-07 6.7313639289e-07 -5.6505431590e-07 1.5297431382e-13 -1.0808226949e-07 3.9545932974e-14
d  1.3161743691e-02 2.7867806267e+00 -2.0000000000e-01 1.0807408089e+00 3.0000000000e+02 -6.4981725689e-07 -1.6033774270e-13 1.0807407771e-07 6.4981801537e-07 -5.4174062642e-07 1.6037068345e-13 -1.0807758773e-07 3.8428006532e-14
d  1.3162448591e-02 2.7862871967e+00 -2.0000000000e-01 1.0807293676e+00 3.0000000000e+02 -6.3525697404e-07 -1.6577861935e-13 1.0807293400e-07 6.3525762592e-07 -5.2718177064e-07 1.6581831402e-13 -1.0807605863e-07 3.7569958583e-14
d  1.3162871531e-02 2.7859911387e+00 -2.0000000000e-01 1.0807311748e+00 3.0000000000e+02 -6.2627244497e-07 -1.6943218024e-13 1.0807311553e-07 6.2627289987e-07 -5.1819779229e-07 1.6947563620e-13 -1.0807531397e-07 3.6965234492e-14
d  1.3163125295e-02 2.7858135040e+00 -2.0000000000e-01 1.0807357996e+00 3.0000000000e+02 -6.2077643380e-07 -1.7195177160e-13 1.0807357776e-07 6.2077694210e-07 -5.1270116694e-07 1.7201491290e-13 -1.0807598370e-07 3.6581825607e-14
d  1.3163429812e-02 2.7856003422e+00 -2.0000000000e-01 1.0807452482e+00 3.0000000000e+02 -6.1406232023e-07 -1.7514257445e-13 1.0807452151e-07 6.1406308304e-07 -5.0598504931e-07 1.7522594558e-13 -1.0807824498e-07 3.6094910998e-14
d  1.3163795232e-02 2.7853445481e+00 -2.0000000000e-01 1.0807628491e+00 3.0000000000e+02 -6.0581288347e-07 -1.7937499043e-13 1.0807628192e-07 6.0581356912e-07 -4.9773398028e-07 1.7944581850e-13 -1.0807980362e-07 3.5432773158e-14
d  1.3164014485e-02 2.7851910716e+00 -2.0000000000e-01 1.0807770310e+00 3.0000000000e+02 -6.0075242408e-07 -1.8222681898e-13 1.0807769987e-07 6.0075316072e-07 -4.9267197933e-07 1.8232659401e-13 -1.0808139859e-07 3.4983797027e-14
d  1.3164277587e-02 2.7850068999e+00 -2.0000000000e-01 1.0807980697e+00 3.0000000000e+02 -5.9455585686e-07 -1.8594796325e-13 1.0807980428e-07 5.9455646871e-07 -4.8647370139e-07 1.8603314127e-13 -1.0808298762e-07 3.4390177968e-14
d  1.3164435449e-02 2.7848963968e+00 -2.0000000000e-01 1.0808129783e+00 3.0000000000e+02 -5.9076729937e-07 -1.8841674242e-13 1.0808129526e-07 5.9076787764e-07 -4.8268393208e-07 1.8852431810e-13 -1.0808416794e-07 3.4000727575e-14
d  1.3164624883e-02 2.7847637931e+00 -2.0000000000e-01 1.0808333487e+00 3.0000000000e+02 -5.8614418168e-07 -1.9154443170e-13 1.0808333280e-07 5.8614464734e-07 -4.7805915128e-07 1.9163334937e-13 -1.0808572105e-07 3.3495010289e-14
d  1.3164738543e-02 2.7846842309e+00 -2.0000000000e-01 1.0808469438e+00 3.0000000000e+02 -5.8332892728e-07 -1.9345750287e-13 1.0808469119e-07 5.8332963763e-07 -4.7524178561e-07 1.9362255511e-13 -1.0808807866e-07 3.3181415078e-14
d  1.3164874935e-02 2.7845887563e+00 -2.0000000000e-01 1.0808647486e+00 3.0000000000e+02 -5.7990392015e-07 -1.9613527696e-13 1.0808647238e-07 5.7990446960e-07 -4.7181552777e-07 1.9626438864e-13 -1.0808917059e-07 3.2749905886e-14
d  1.3165038606e-02 2.7844741867e+00 -2.0000000000e-01 1.0808883790e+00 3.0000000000e+02 -5.7572308613e-07 -1.9935723249e-13 1.0808883562e-07 5.7572359292e-07 -4.6763234412e-07 1.9946742496e-13 -1.0809148036e-07 3.2229335123e-14
d  1.3165136809e-02 2.7844054450e+00 -2.0000000000e-01 1.0809038219e+00 3.0000000000e+02 -5.7317519348e-07 -2.0150487202e-13 1.0809037899e-07 5.7317589635e-07 -4.6508239929e-07 2.0169417005e-13 -1.0809373044e-07 3.1893836086e-14
d  1.3165254652e-02 2.7843229549e+00 -2.0000000000e-01 1.0809237243e+00 3.0000000000e+02 -5.7007441841e-07 -2.0431191652e-13 1.0809236991e-07 5.7007496986e-07 -4.6198012288e-07 2.0446129043e-13 -1.0809508258e-07 3.1433821050e-14
d  1.3165396063e-02 2.7842239668e+00 -2.0000000000e-01 1.0809496835e+00 3.0000000000e+02 -5.6628816488e-07 -2.0770400661e-13 1.0809496596e-07 5.6628869126e-07 -4.5819119317e-07 2.0783544828e-13 -1.0809773664e-07 3.0881332920e-14
d  1.3165480910e-02 2.7841645739e+00 -2.0000000000e-01 1.0809664209e+00 3.0000000000e+02 -5.6397998627e-07 -2.0998294201e-13 1.0809663903e-07 5.6398064849e-07 -4.5588112443e-07 2.1018880352e-13 -1.0809976450e-07 3.0521402928e-14
d  1.3165582727e-02 2.7840933025e+00 -2.0000000000e-01 1.0809877542e+00 3.0000000000e+02 -5.6117051620e-07 -2.1292300501e-13 1.0809877299e-07 5.6117104174e-07 -4.5306994814e-07 2.1308688810e-13 -1.0810133640e-07 3.0039481762e-14
d  1.3165704906e-02 2.7840077768e+00 -2.0000000000e-01 1.0810152520e+00 3.0000000000e+02 -5.5773911057e-07 -2.1650052147e-13 1.0810152281e-07 5.5773963014e-07 -4.4963562246e-07 2.1664980034e-13 -1.0810425359e-07 2.9453547641e-14
d  1.3165778214e-02 2.7839564613e+00 -2.0000000000e-01 1.0810328159e+00 3.0000000000e+02 -5.5564667964e-07 -2.1891524774e-13 1.0810327883e-07 5.5564727165e-07 -4.4754150429e-07 2.1912640598e-13 -1.0810601524e-07 2.9066910322e-14
d  1.3165866183e-02 2.7838948828e+00 -2.0000000000e-01 1.0810550278e+00 3.0000000000e+02 -5.5309956248e-07 -2.2198144061e-13 1.0810550057e-07 5.5310003643e-07 -4.4499251857e-07 2.2215092501e-13 -1.0810776825e-07 2.8563376525e-14
d  1.3165971747e-02 2.7838209886e+00 -2.0000000000e-01 1.0810834090e+00 3.0000000000e+02 -5.4998826219e-07 -2.2572809864e-13 1.0810833865e-07 5.4998874763e-07 -4.4187814270e-07 2.2588821774e-13 -1.0811085858e-07 2.7944992492e-14
d  1.3166035085e-02 2.7837766521e+00 -2.0000000000e-01 1.0811014098e+00 3.0000000000e+02 -5.4809098617e-07 -2.2822808569e-13 1.0811013862e-07 5.4809148567e-07 -4.3997936532e-07 2.2843131038e-13 -1.0811237597e-07 2.7529131279e-14
d  1.3166111090e-02 2.7837234482e+00 -2.0000000000e-01 1.0811240257e+00 3.0000000000e+02 -5.4578186152e-07 -2.3137868682e-13 1.0811240067e-07 5.4578226325e-07 -4.3766825580e-07 2.3154277036e-13 -1.0811426571e-07 2.7015807967e-14
d  1.3166202297e-02 2.7836596036e+00 -2.0000000000e-01 1.0811527298e+00 3.0000000000e+02 -5.4296112244e-07 -2.3531858175e-13 1.0811527097e-07 5.4296154960e-07 -4.3484437521e-07 2.3547968233e-13 -1.0811743605e-07 2.6362886209e-14
d  1.3166257021e-02 2.7836212968e+00 -2.0000000000e-01 1.0811708160e+00 3.0000000000e+02 -5.4124142927e-07 -2.3789072558e-13 1.0811707804e-07 5.4124217096e-07 -4.3312217075e-07 2.3821600198e-13 -1.0812026404e-07 2.5965425782e-14
d  1.3166322689e-02 2.7835753287e+00 -2.0000000000e-01 1.0811934650e+00 3.0000000000e+02 -5.3914733318e-07 -2.4142367505e-13 1.0811934368e-07 5.3914791984e-07 -4.3102622825e-07 2.4167991182e-13 -1.0812195805e-07 2.5378668656e-14
d  1.3166401492e-02 2.7835201670e+00 -2.0000000000e-01 1.0812220465e+00 3.0000000000e+02 -5.3658945779e-07 -2.4542302361e-13 1.0812220169e-07 5.3659007971e-07 -4.2846510585e-07 2.4567492530e-13 -1.0812524395e-07 2.4721561726e-14
d  1.3166448773e-02 2.7834870699e+00 -2.0000000000e-01 1.0812399996e+00 3.0000000000e+02 -5.3502918755e-07 -2.4825175864e-13 1.0812399722e-07 5.3502975042e-07 -4.2690372653e-07 2.4852902965e-13 -1.0812629608e-07 2.4248210669e-14
d  1.3166505511e-02 2.7834473535e+00 -2.0000000000e-01 1.0812623569e+00 3.0000000000e+02 -5.3313055920e-07 -2.5161490193e-13 1.0812623354e-07 5.3313100299e-07 -4.2500316317e-07 2.5183338509e-13 -1.0812811496e-07 2.3706817726e-14
d  1.3166573597e-02 2.7833996937e+00 -2.0000000000e-01 1.0812904544e+00 3.0000000000e+02 -5.3081175667e-07 -2.5582503441e-13 1.0812904309e-07 5.3081224387e-07 -4.2268120284e-07 2.5604761751e-13 -1.0813131980e-07 2.2994052219e-14
d  1.3166655299e-02 2.7833425020e+00 -2.0000000000e-01 1.0813261514e+00 3.0000000000e+02 -5.2796584963e-07 -2.6146193334e-13 1.0813261245e-07 5.2796641115e-07 -4.1983117466e-07 2.6170058360e-13 -1.0813551994e-07 2.2058935833e-14
d  1.3166704321e-02 2.7833081870e+00 -2.0000000000e-01 1.0813486964e+00 3.0000000000e+02 -5.2622222870e-07 -2.6530510387e-13 1.0813486744e-07 5.2622267870e-07 -4.1808617806e-07 2.6553673376e-13 -1.0813678704e-07 2.1422837741e-14
d  1.3166763146e-02 2.7832670090e+00 -2.0000000000e-01 1.0813768981e+00 3.0000000000e+02 -5.2409301014e-07 -2.6980229402e-13 1.0813768647e-07 5.2409369284e-07 -4.1595326301e-07 2.7013797158e-13 -1.0814072038e-07 2.0716502149e-14
d  1.3166833737e-02 2.7832175954e+00 -2.0000000000e-01 1.0814126353e+00 3.0000000000e+02 -5.2147712051e-07 -2.7614767159e-13 1.0814126132e-07 5.2147757486e-07 -4.1333435992e-07 2.7636546201e-13 -1.0814351039e-07 1.9622027758e-14
d  1.3166876092e-02 2.7831879472e+00 -2.0000000000e-01 1.0814351021e+00 3.0000000000e+02 -5.1987476836e-07 -2.7998433922e-13 1.0814350715e-07 5.1987538256e-07 -4.1172970581e-07 2.8032214873e-13 -1.0814597563e-07 1.9022011241e-14
d  1.3166926917e-02 2.7831523694e+00 -2.0000000000e-01 1.0814631826e+00 3.0000000000e+02 -5.1791588977e-07 -2.8524524140e-13 1.0814631576e-07 5.1791639211e-07 -4.0976827524e-07 2.8552080528e-13 -1.0814841992e-07 1.8140655864e-14
d  1.3166987908e-02 2.7831096760e+00 -2.0000000000e-01 1.0814985994e+00 3.0000000000e+02 -5.1550992495e-07 -2.9166072595e-13 1.0814985699e-07 5.1551052544e-07 -4.0735816717e-07 2.9196914627e-13 -1.0815266695e-07 1.7077821553e-14
d  1.3167024502e-02 2.7830840600e+00 -2.0000000000e-01 1.0815208480e+00 3.0000000000e+02 -5.1403441021e-07 -2.9624204810e-13 1.0815208264e-07 5.1403483466e-07 -4.0588146704e-07 2.9650185572e-13 -1.0815367965e-07 1.6296183500e-14
d  1.3167068415e-02 2.7830533208e+00 -2.0000000000e-01 1.0815485349e+00 3.0000000000e+02 -5.1223177213e-07 -3.0140826584e-13 1.0815485018e-07 5.1223242638e-07 -4.0407532969e-07 3.0179120670e-13 -1.0815741365e-07 1.5504681241e-14
d  1.3167121111e-02 2.7830164337e+00 -2.0000000000e-01 1.0815834187e+00 3.0000000000e+02 -5.1001542701e-07 -3.0883117983e-13 1.0815833973e-07 5.1001585528e-07 -4.0185596022e-07 3.0907575441e-13 -1.0816021767e-07 1.4203119311e-14
d  1.3167184346e-02 2.7829721692e+00 -2.0000000000e-01 1.0816278100e+00 3.0000000000e+02 -5.0727423856e-07 -3.1797470194e-13 1.0816277820e-07 5.0727480377e-07 -3.9910955690e-07 3.1827827122e-13 -1.0816557758e-07 1.2707959812e-14
d  1.3167222287e-02 2.7829456105e+00 -2.0000000000e-01 1.0816559155e+00 3.0000000000e+02 -5.0558260130e-07 -3.2445077135e-13 1.0816558823e-07 5.0558325289e-07 -3.9741544925e-07 3.2484803257e-13 -1.0816813938e-07 1.1629730179e-14
d  1.3167267816e-02 2.7829137401e+00 -2.0000000000e-01 1.0816912198e+00 3.0000000000e+02 -5.0350147541e-07 -3.3273995242e-13 1.0816911918e-07 5.0350202815e-07 -3.9533098791e-07 3.3307602429e-13 -1.0817138292e-07 1.0284609374e-14
d  1.3167322451e-02 2.7828754956e+00 -2.0000000000e-01 1.0817361326e+00 3.0000000000e+02 -5.0092213607e-07 -3.4350764235e-13 1.0817361117e-07 5.0092255351e-07 -3.9274735874e-07 3.4375649716e-13 -1.0817554652e-07 8.4559687499e-15
d  1.3167355232e-02 2.7828525489e+00 -2.0000000000e-01 1.0817645295e+00 3.0000000000e+02 -4.9932813232e-07 -3.5075394523e-13 1.0817645066e-07 4.9932857182e-07 -3.9115087948e-07 3.5104996640e-13 -1.0817805008e-07 7.2584590028e-15
d  1.3167394570e-02 2.7828250128e+00 -2.0000000000e-01 1.0818001633e+00 3.0000000000e+02 -4.9736524303e-07 -3.6006696339e-13 1.0818001268e-07 4.9736594610e-07 -3.8918362672e-07 3.6052216428e-13 -1.0818268515e-07 5.7622826236e-15
d  1.3167441774e-02 2.7827919695e+00 -2.0000000000e-01 1.0818454960e+00 3.0000000000e+02 -4.9492707771e-07 -3.7298896010e-13 1.0818454700e-07 4.9492758541e-07 -3.8674123051e-07 3.7330997688e-13 -1.0818673095e-07 3.5668204101e-15
d  1.3167470097e-02 2.7827721436e+00 -2.0000000000e-01 1.0818741368e+00 3.0000000000e+02 -4.9341789047e-07 -3.8127690856e-13 1.0818741069e-07 4.9341845316e-07 -3.8522952948e-07 3.8167872327e-13 -1.0818930682e-07 2.2291767746e-15
d  1.3167504084e-02 2.7827483524e+00 -2.0000000000e-01 1.0819100878e+00 3.0000000000e+02 -4.9155589281e-07 -3.9235848179e-13 1.0819100639e-07 4.9155634561e-07 -3.8336413982e-07 3.9268065033e-13 -1.0819259809e-07 3.9695148151e-16
d  1.3167544869e-02 2.7827198031e+00 -2.0000000000e-01 1.0819557659e+00 3.0000000000e+02 -4.8924014378e-07 -4.0671411198e-13 1.0819557343e-07 4.8924075035e-07 -3.8104317501e-07 4.0712032305e-13 -1.0819797999e-07 -1.9977721453e-15
d  1.3167593811e-02 2.7826855438e+00 -2.0000000000e-01 1.0820147833e+00 3.0000000000e+02 -4.8632638868e-07 -4.2711794956e-13 1.0820147569e-07 4.8632690215e-07 -3.7812351304e-07 4.2745611997e-13 -1.0820381046e-07 -5.4105041205e-15
d  1.3167623176e-02 2.7826649882e+00 -2.0000000000e-01 1.0820526387e+00 3.0000000000e+02 -4.8449984074e-07 -4.4115191805e-13 1.0820526141e-07 4.8450030045e-07 -3.7629386627e-07 4.4149061104e-13 -1.0820686713e-07 -7.7106373810e-15
d  1.3167658414e-02 2.7826403216e+00 -2.0000000000e-01 1.0821008238e+00 3.0000000000e+02 -4.8221934598e-07 -4.5988114914e-13 1.0821008023e-07 4.8221974962e-07 -3.7400864115e-07 4.6017807693e-13 -1.0821155732e-07 -1.0777060031e-14
d  1.3167700700e-02 2.7826107216e+00 -2.0000000000e-01 1.0821632790e+00 3.0000000000e+02 -4.7933477003e-07 -4.8582765232e-13 1.0821632463e-07 4.7933539490e-07 -3.7111692678e-07 4.8626360521e-13 -1.0821893886e-07 -1.5084984009e-14
d  1.3167726071e-02 2.7825929616e+00 -2.0000000000e-01 1.0822035072e+00 3.0000000000e+02 -4.7751640443e-07 -5.0451703715e-13 1.0822034745e-07 4.7751700079e-07 -3.6929521920e-07 5.0498277002e-13 -1.0822226719e-07 -1.8161153546e-14
d  1.3167756517e-02 2.7825716496e+00 -2.0000000000e-01 1.0822548917e+00 3.0000000000e+02 -4.7523436784e-07 -5.2933281451e-13 1.0822548643e-07 4.7523486880e-07 -3.6700820350e-07 5.2972218967e-13 -1.0822717201e-07 -2.2151482431e-14
d  1.3167793052e-02 2.7825460752e+00 -2.0000000000e-01 1.0823218705e+00 3.0000000000e+02 -4.7232656201e-07 -5.6406914179e-13 1.0823218484e-07 4.7232697421e-07 -3.6409374556e-07 5.6438252229e-13 -1.0823376447e-07 -2.7945315944e-14
d  1.3167814973e-02 2.7825307306e+00 -2.0000000000e-01 1.0823652071e+00 3.0000000000e+02 -4.7048194615e-07 -5.8872180654e-13 1.0823651862e-07 4.7048231593e-07 -3.6224525607e-07 5.8904044392e-13 -1.0823761610e-07 -3.1968802520e-14
d  1.3167841278e-02 2.7825123170e+00 -2.0000000000e-01 1.0824208358e+00 3.0000000000e+02 -4.6815314348e-07 -6.2214369980e-13 1.0824207996e-07 4.6815378699e-07 -3.5991030195e-07 6.2267416854e-13 -1.0824406976e-07 -3.7328056744e-14
d  1.3167872844e-02 2.7824902207e+00 -2.0000000000e-01 1.0824938700e+00 3.0000000000e+02 -4.6515965384e-07 -6.7071233376e-13 1.0824938432e-07 4.6516014226e-07 -3.5690967268e-07 6.7110330032e-13 -1.0825109420e-07 -4.5325002200e-14
d  1.3167910724e-02 2.7824637052e+00 -2.0000000000e-01 1.0825926401e+00 3.0000000000e+02 -4.6121501448e-07 -7.4309408344e-13 1.0825926126e-07 4.6121552218e-07 -3.5295489029e-07 7.4349446208e-13 -1.0826131776e-07 -5.7048057087e-14
d  1.3167933451e-02 2.7824477959e+00 -2.0000000000e-01 1.0826588387e+00 3.0000000000e+02 -4.5863037340e-07 -7.9782827454e-13 1.0826587968e-07 4.5863110798e-07 -3.5036371182e-07 7.9845487809e-13 -1.0826812771e-07 -6.5817173090e-14
d  1.3167960724e-02 2.7824287047e+00 -2.0000000000e-01 1.0827469733e+00 3.0000000000e+02 -4.5525551740e-07 -8.7855629151e-13 1.0827469353e-07 4.5525618647e-07 -3.4698014731e-07 8.7912400487e-13 -1.0827683812e-07 -7.8693212648e-14
d  1.3167993452e-02 2.7824057952e+00 -2.0000000000e-01 1.0828689988e+00 3.0000000000e+02 -4.5069676813e-07 -1.0044527354e-12 1.0828689782e-07 4.5069713641e-07 -3.4240978410e-07 1.0047687116e-12 -1.0828825722e-07 -9.8867753171e-14
d  1.3168013089e-02 2.7823920496e+00 -2.0000000000e-01 1.0829526143e+00 3.0000000000e+02 -4.4764033046e-07 -1.1011920198e-12 1.0829525838e-07 4.4764084416e-07 -3.3934512814e-07 1.1016734212e-12 -1.0829670261e-07 -1.1429681799e-13
d  1.3168036653e-02 2.7823755548e+00 -2.0000000000e-01 1.0830664792e+00 3.0000000000e+02 -4.4355525715e-07 -1.2496271188e-12 1.0830664513e-07 4.4355572954e-07 -3.3524880943e-07 1.2500663783e-12 -1.0830803137e-07 -1.3758676835e-13
d  1.3168064929e-02 2.7823557611e+00 -2.0000000000e-01 1.0832295024e+00 3.0000000000e+02 -4.3784238544e-07 -1.4940259262e-12 1.0832294726e-07 4.3784290083e-07 -3.2951954259e-07 1.4944919167e-12 -1.0832467631e-07 -1.7559200721e-13
d  1.3168081895e-02 2.7823438848e+00 -2.0000000000e-01 1.0833447863e+00 3.0000000000e+02 -4.3388323563e-07 -1.6939948814e-12 1.0833447635e-07 4.3388360127e-07 -3.2554966701e-07 1.6943758025e-12 -1.0833542119e-07 -2.0599569026e-13
d  1.3168102255e-02 2.7823296333e+00 -2.0000000000e-01 1.0835070481e+00 3.0000000000e+02 -4.2840903305e-07 -2.0112524123e-12 1.0835070267e-07 4.2840937695e-07 -3.2005950788e-07 2.0116068432e-12 -1.0835162614e-07 -2.5373674394e-13
d  1.3168126686e-02 2.7823125315e+00 -2.0000000000e-01 1.0837516167e+00 3.0000000000e+02 -4.2034878118e-07 -2.5738905290e-12 1.0837515912e-07 4.2034920114e-07 -3.1197500068e-07 2.5743060415e-12 -1.0837643661e-07 -3.3741904187e-13
d  1.3168141345e-02 2.7823022705e+00 -2.0000000000e-01 1.0839328860e+00 3.0000000000e+02 -4.1449531177e-07 -3.0651844212e-12 1.0839328679e-07 4.1449558544e-07 -3.0610430644e-07 3.0655062246e-12 -1.0839393558e-07 -4.0749520228e-13
d  1.3168158935e-02 2.7822899572e+00 -2.0000000000e-01 1.0842011633e+00 3.0000000000e+02 -4.0599709344e-07 -3.8992454988e-12 1.0842011203e-07 4.0599774234e-07 -2.9757941845e-07 3.8999688953e-12 -1.0842169840e-07 -5.2472472306e-13
d  1.3168180044e-02 2.7822751812e+00 -2.0000000000e-01 1.0846386819e+00 3.0000000000e+02 -3.9250232174e-07 -5.5496226525e-12 1.0846386566e-07 3.9250270994e-07 -2.8404258377e-07 5.5500482126e-12 -1.0846492511e-07 -7.4886518894e-13
d  1.3168192709e-02 2.7822663157e+00 -2.0000000000e-01 1.0849861786e+00 3.0000000000e+02 -3.8204448898e-07 -7.1444580975e-12 1.0849861628e-07 3.8204470508e-07 -2.7355182137e-07 7.1447520191e-12 -1.0849908045e-07 -9.4657673006e-13
d  1.3168207907e-02 2.7822556770e+00 -2.0000000000e-01 1.0855403975e+00 3.0000000000e+02 -3.6579913805e-07 -1.0154844453e-11 1.0855403815e-07 3.6579935397e-07 -2.5725369547e-07 1.0155134061e-11 -1.0855450836e-07 -1.3044928072e-12
d  1.3168226144e-02 2.7822429106e+00 -2.0000000000e-01 1.0865534654e+00 3.0000000000e+02 -3.3731728761e-07 -1.7148850021e-11 1.0865534388e-07 3.3731764090e-07 -2.2867658241e-07 1.7149290344e-11 -1.0865616070e-07 -2.0462203317e-12
d  1.3168237087e-02 2.7822352507e+00 -2.0000000000e-01 1.0874183673e+00 3.0000000000e+02 -3.1389871189e-07 -2.5012888081e-11 1.0874183364e-07 3.1389905417e-07 -2.0517898320e-07 2.5013437993e-11 -1.0874245707e-07 -2.6250517231e-12
d  1.3168250218e-02 2.7822260589e+00 -2.0000000000e-01 1.0888409511e+00 3.0000000000e+02 -2.7670975785e-07 -4.1410692393e-11 1.0888409369e-07 2.7670990118e-07 -1.6786354722e-07 4.1410931960e-11 -1.0888433947e-07 -3.4218226357e-12
d  1.3168265976e-02 2.7822150287e+00 -2.0000000000e-01 1.0910225379e+00 3.0000000000e+02 -2.1884972499e-07 -7.8777665480e-11 1.0910225348e-07 2.1884975071e-07 -1.0982333816e-07 7.8777719832e-11 -1.0910229218e-07 -2.8969205762e-12
d  1.3168284885e-02 2.7822017925e+00 -2.0000000000e-01 1.0918969310e+00 3.0000000000e+02 -1.5695240770e-07 -1.3796410761e-10 1.0918969131e-07 1.5695252809e-07 -4.7907809883e-08 1.3796423971e-10 -1.0918983105e-07 7.1512569603e-12
d  1.3168306139e-02 2.7821869144e+00 -2.0000000000e-01 1.0881771887e+00 3.0000000000e+02 -1.2502889568e-07 -1.5055861344e-10 1.0881771882e-07 1.2502889828e-07 -1.6382378106e-08 1.5055863478e-10 -1.0881772193e-07 2.0641458168e-11
d  1.3168323319e-02 2.7821748881e+00 -2.0000000000e-01 1.0849763138e+00 3.0000000000e+02 -1.1588501492e-07 -1.0518062223e-10 1.0849763125e-07 1.1588502195e-07 -7.5066090068e-09 1.0518064649e-10 -1.0849763889e-07 1.4045474196e-11
d  1.3168338189e-02 2.7821644795e+00 -2.0000000000e-01 1.0835458370e+00 3.0000000000e+02 -1.1256465408e-07 -6.8814537983e-11 1.0835458188e-07 1.1256474911e-07 -4.2850959764e-09 6.8814644508e-11 -1.0835467996e-07 6.2121636778e-12
d  1.3168351519e-02 2.7821551486e+00 -2.0000000000e-01 1.0830165752e+00 3.0000000000e+02 -1.1106514194e-07 -5.2513085681e-11 1.0830165701e-07 1.1106516641e-07 -2.8195437335e-09 5.2513137221e-11 -1.0830168257e-07 3.5462052679e-12
d  1.3168367390e-02 2.7821440384e+00 -2.0000000000e-01 1.0827386048e+00 3.0000000000e+02 -1.1008351917e-07 -4.2541491927e-11 1.0827385262e-07 1.1008393009e-07 -1.8548741885e-09 4.2541864957e-11 -1.0827427387e-07 2.6761318753e-12
d  1.3168386436e-02 2.7821307063e+00 -2.0000000000e-01 1.0825719558e+00 3.0000000000e+02 -1.0944056532e-07 -3.4866329436e-11 1.0825719138e-07 1.0944081637e-07 -1.2204241748e-09 3.4866453598e-11 -1.0825744778e-07 2.1870461953e-12
d  1.3168409291e-02 2.7821147077e+00 -2.0000000000e-01 1.0824603073e+00 3.0000000000e+02 -1.0902107238e-07 -2.8517058914e-11 1.0824602845e-07 1.0902123149e-07 -8.0534037868e-10 2.8517095771e-11 -1.0824619050e-07 1.7817408646e-12
d  1.3168436718e-02 2.7820955094e+00 -2.0000000000e-01 1.0823811384e+00 3.0000000000e+02 -1.0874752097e-07 -2.3276927771e-11 1.0823811243e-07 1.0874763665e-07 -5.3412922354e-10 2.3276936403e-11 -1.0823823001e-07 1.4453451318e-12
d  1.3168469629e-02 2.7820724714e+00 -2.0000000000e-01 1.0823216334e+00 3.0000000000e+02 -1.0856877632e-07 -1.8978098864e-11 1.0823216236e-07 1.0856887267e-07 -3.5676857148e-10 1.8978097166e-11 -1.0823226012e-07 1.1777244662e-12
d  1.3168509123e-02 2.7820448259e+00 -2.0000000000e-01 1.0822724039e+00 3.0000000000e+02 -1.0845128860e-07 -1.5455522783e-11 1.0822723979e-07 1.0845136023e-07 -2.4046915647e-10 1.5455521578e-11 -1.0822731241e-07 9.6566371734e-13
d  1.3168556515e-02 2.7820116512e+00 -2.0000000000e-01 1.0822267666e+00 3.0000000000e+02 -1.0837308332e-07 -1.2585777276e-11 1.0822267621e-07 1.0837314960e-07 -1.6378840084e-10 1.2585775600e-11 -1.0822274332e-07 7.9625956565e-13
d  1.3168613386e-02 2.7819718416e+00 -2.0000000000e-01 1.0821801612e+00 3.0000000000e+02 -1.0831990331e-07 -1.0263694729e-11 1.0821801581e-07 1.0831996282e-07 -1.1281092367e-10 1.0263694997e-11 -1.0821807601e-07 6.6034136199e-13
d  1.3168681631e-02 2.7819240701e+00 -2.0000000000e-01 1.0821292861e+00 3.0000000000e+02 -1.0828256876e-07 -8.3906719639e-12 1.0821292839e-07 1.0828262209e-07 -7.8581584351e-11 8.3906749305e-12 -1.0821298232e-07 5.5108034934e-13
d  1.3168763525e-02 2.7818667443e+00 -2.0000000000e-01 1.0820714327e+00 3.0000000000e+02 -1.0825515086e-07 -6.8794383331e-12 1.0820714311e-07 1.0825520399e-07 -5.5349712790e-11 6.8794425426e-12 -1.0820719677e-07 4.6301564786e-13
d  1.3168861798e-02 2.7817979533e+00 -2.0000000000e-01 1.0820040684e+00 3.0000000000e+02 -1.0823376925e-07 -5.6568361893e-12 1.0820040672e-07 1.0823382940e-07 -3.9410656048e-11 5.6568399578e-12 -1.0820046736e-07 3.9175014503e-13
d  1.3168979725e-02 2.7817154041e+00 -2.0000000000e-01 1.0819245805e+00 3.0000000000e+02 -1.0821582016e-07 -4.6640114333e-12 1.0819245796e-07 1.0821589466e-07 -2.8359590308e-11 4.6640135025e-12 -1.0819253292e-07 3.3380858142e-13
d  1.3169121238e-02 2.7816163451e+00 -2.0000000000e-01 1.0818300930e+00 3.0000000000e+02 -1.0819948767e-07 -3.8547567869e-12 1.0818300924e-07 1.0819962307e-07 -2.0619272467e-11 3.8547481332e-12 -1.0818314507e-07 2.8649257114e-13
d  1.3169291054e-02 2.7814974743e+00 -2.0000000000e-01 1.0817173172e+00 3.0000000000e+02 -1.0818343511e-07 -3.1929974506e-12 1.0817173167e-07 1.0818295667e-07 -1.5143772533e-11 3.1931054572e-12 -1.0817125375e-07 2.4771576024e-13
d  1.3169494832e-02 2.7813548293e+00 -2.0000000000e-01 1.0815823777e+00 3.0000000000e+02 -1.0816660467e-07 -2.6502951431e-12 1.0815823773e-07 1.0816653449e-07 -1.1232543500e-11 2.6503262646e-12 -1.0815816799e-07 2.1583458657e-13
d  1.3169739367e-02 2.7811836554e+00 -2.0000000000e-01 1.0814207916e+00 3.0000000000e+02 -1.0814809761e-07 -2.2040231284e-12 1.0814207912e-07 1.0814806092e-07 -8.4116490035e-12 2.2040481034e-12 -1.0814204286e-07 1.8952248932e-13
d  1.3170032808e-02 2.7809782466e+00 -2.0000000000e-01 1.0812270722e+00 3.0000000000e+02 -1.0812706066e-07 -1.8364916748e-12 1.0812270718e-07 1.0812703445e-07 -6.3573786963e-12 1.8365147012e-12 -1.0812268140e-07 1.6781033881e-13
d  1.3170384937e-02 2.7807317561e+00 -2.0000000000e-01 1.0809947631e+00 3.0000000000e+02 -1.0810264058e-07 -1.5332128778e-12 1.0809947627e-07 1.0810261856e-07 -4.8469440874e-12 1.5332350362e-12 -1.0809945468e-07 1.4982609023e-13
d  1.3170807492e-02 2.7804359675e+00 -2.0000000000e-01 1.0807161076e+00 3.0000000000e+02 -1.0807391931e-07 -1.2826575090e-12 1.0807161073e-07 1.0807389910e-07 -3.7257615416e-12 1.2826791870e-12 -1.0807159094e-07 1.3492059741e-13
d  1.3171314559e-02 2.7800810211e+00 -2.0000000000e-01 1.0803818107e+00 3.0000000000e+02 -1.0803986920e-07 -1.0754408410e-12 1.0803818102e-07 1.0803984963e-07 -2.8857595361e-12 1.0754622134e-12 -1.0803816189e-07 1.2255064513e-13
d  1.3171923038e-02 2.7796550855e+00 -2.0000000000e-01 1.0799807269e+00 3.0000000000e+02 -1.0799930753e-07 -9.0397775558e-13 1.0799807264e-07 1.0799928756e-07 -2.2507288987e-12 9.0399893696e-13 -1.0799805311e-07 1.1227836368e-13
d  1.3172653214e-02 2.7791439628e+00 -2.0000000000e-01 1.0794994881e+00 3.0000000000e+02 -1.0795084972e-07 -7.6213645353e-13 1.0794994876e-07 1.0795082852e-07 -1.7664265361e-12 7.6215751042e-13 -1.0794992800e-07 1.0374938351e-13
d  1.3173529425e-02 2.7785306155e+00 -2.0000000000e-01 1.0789220572e+00 3.0000000000e+02 -1.0789285850e-07 -6.4489233349e-13 1.0789220566e-07 1.0789283575e-07 -1.3939755590e-12 6.4491328813e-13 -1.0789218336e-07 9.6672767905e-14
d  1.3174580877e-02 2.7777945988e+00 -2.0000000000e-01 1.0782291936e+00 3.0000000000e+02 -1.0782338620e-07 -5.4806777343e-13 1.0782291929e-07 1.0782336177e-07 -1.1053547675e-12 5.4808863506e-13 -1.0782289531e-07 9.0805967522e-14
d  1.3175842621e-02 2.7769113787e+00 -2.0000000000e-01 1.0773978119e+00 3.0000000000e+02 -1.0774010757e-07 -4.6820312322e-13 1.0773978112e-07 1.0774008213e-07 -8.8016735782e-13 4.6822387658e-13 -1.0773975613e-07 8.5947587009e-14
d  1.3177356713e-02 2.7758515146e+00 -2.0000000000e-01 1.0764002141e+00 3.0000000000e+02 -1.0764024082e-07 -4.0243324709e-13 1.0764002134e-07 1.0764021683e-07 -7.0341379245e-13 4.0245384237e-13 -1.0763999780e-07 8.1930388379e-14
d  1.3179173623e-02 2.7745796777e+00 -2.0000000000e-01 1.0752031668e+00 3.0000000000e+02 -1.0752045403e-07 -3.4836664363e-13 1.0752031663e-07 1.0752043856e-07 -5.6397111327e-13 3.4838696335e-13 -1.0752030159e-07 7.8614319622e-14
d  1.3181353916e-02 2.7730534734e+00 -2.0000000000e-01 1.0737667964e+00 3.0000000000e+02 -1.0737675363e-07 -3.0400334369e-13 1.0737667969e-07 1.0737676666e-07 -4.5350905513e-13 3.0402310907e-13 -1.0737669306e-07 7.5881827160e-14
d  1.3183970267e-02 2.7712220282e+00 -2.0000000000e-01 1.0720432624e+00 3.0000000000e+02 -1.0720435102e-07 -2.6767333838e-13 1.0720432631e-07 1.0720437127e-07 -3.6571821884e-13 2.6769303515e-13 -1.0720434688e-07 7.3634490245e-14
d  1.3187109888e-02 2.7690242940e+00 -2.0000000000e-01 1.0699751687e+00 3.0000000000e+02 -1.0699750323e-07 -2.3798396528e-13 1.0699751703e-07 1.0699755198e-07 -2.9576800979e-13 2.3800335847e-13 -1.0699756600e-07 7.1789682954e-14
d  1.3190877433e-02 2.7663870130e+00 -2.0000000000e-01 1.0674936533e+00 3.0000000000e+02 -1.0674932157e-07 -2.1376939755e-13 1.0674936526e-07 1.0674930024e-07 -2.3992372474e-13 2.1378961599e-13 -1.0674934438e-07 7.0278311095e-14
d  1.3195398488e-02 2.7632222758e+00 -2.0000000000e-01 1.0645161127e+00 3.0000000000e+02 -1.0645154381e-07 -1.9405989891e-13 1.0645161120e-07 1.0645152257e-07 -1.9527317053e-13 1.9408008134e-13 -1.0645159042e-07 6.9041998759e-14
d  1.3200823753e-02 2.7594245911e+00 -2.0000000000e-01 1.0609435620e+00 3.0000000000e+02 -1.0609427002e-07 -1.7804292769e-13 1.0609435607e-07 1.0609423263e-07 -1.5952888622e-13 1.7806319880e-13 -1.0609431919e-07 6.8031007426e-14
d  1.3207334071e-02 2.7548673695e+00 -2.0000000000e-01 1.0566571082e+00 3.0000000000e+02 -1.0566560979e-07 -1.6505552401e-13 1.0566571074e-07 1.0566558874e-07 -1.3088072064e-13 1.6507565153e-13 -1.0566569015e-07 6.7207655213e-14
d  1.3215146454e-02 2.7493987035e+00 -2.0000000000e-01 1.0515141752e+00 3.0000000000e+02 -1.0515130469e-07 -1.5453804405e-13 1.0515141744e-07 1.0515128421e-07 -1.0789196607e-13 1.5455814838e-13 -1.0515139742e-07 6.6536925625e-14
d  1.3224521312e-02 2.7428363044e+00 -2.0000000000e-01 1.0453437790e+00 3.0000000000e+02 -1.0453425565e-07 -1.4603178275e-13 1.0453437782e-07 1.0453423466e-07 -8.9416354912e-14 1.4605187287e-13 -1.0453435728e-07 6.5990794976e-14
d  1.3235771142e-02 2.7349614254e+00 -2.0000000000e-01 1.0379409223e+00 3.0000000000e+02 -1.0379396242e-07 -1.3915957421e-13 1.0379409211e-07 1.0379393171e-07 -7.4537122218e-14 1.3917968601e-13 -1.0379406190e-07 6.5545886036e-14
d  1.3249270939e-02 2.7255115707e+00 -2.0000000000e-01 1.0290627345e+00 3.0000000000e+02 -1.0290613760e-07 -1.3356293456e-13 1.0290627331e-07 1.0290610120e-07 -6.2527000376e-14 1.3358304691e-13 -1.0290623742e-07 6.5166205064e-14
d  1.3265470694e-02 2.7141717450e+00 -2.0000000000e-01 1.0184446702e+00 3.0000000000e+02 -1.0184432686e-07 -1.2863982683e-13 1.0184446687e-07 1.0184429173e-07 -5.2850834842e-14 1.2865991884e-13 -1.0184443226e-07 6.4718042170e-14
d  1.3284910401e-02 2.7005639541e+00 -2.0000000000e-01 1.0057126478e+00 3.0000000000e+02 -1.0057112036e-07 -1.2515161381e-13 1.0057126463e-07 1.0057108650e-07 -4.4891378110e-14 1.2517168932e-13 -1.0057123129e-07 6.4512150631e-14
d  1.3308238049e-02 2.6842346051e+00 -2.0000000000e-01 9.9044870641e-01 3.0000000000e+02 -9.9044722854e-08 -1.2220322124e-13 9.9044870488e-08 9.9044689756e-08 -3.8363173444e-14 1.2222328440e-13 -9.9044837910e-08 6.4294459771e-14
d  1.3336231227e-02 2.6646393863e+00 -2.0000000000e-01 9.7215163993e-01 3.0000000000e+02 -9.7215013333e-08 -1.1982430746e-13 9.7215163979e-08 9.7215010179e-08 -3.2932116485e-14 1.1984431225e-13 -9.7215161202e-08 6.4111377399e-14
d  1.3353027133e-02 2.6528822550e+00 -2.0000000000e-01 9.6118398066e-01 3.0000000000e+02 -9.6118246075e-08 -1.1877507703e-13 9.6118397937e-08 9.6118221009e-08 -3.0467431445e-14 1.1879513870e-13 -9.6118373361e-08 6.4024429721e-14
d  1.3373182221e-02 2.6387736975e+00 -2.0000000000e-01 9.4803349808e-01 3.0000000000e+02 -9.4803196476e-08 -1.1775932404e-13 9.4803349664e-08 9.4803170010e-08 -2.8024352235e-14 1.1777938646e-13 -9.4803323701e-08 6.3935948963e-14
d  1.3397368327e-02 2.6218434284e+00 -2.0000000000e-01 9.3226854860e-01 3.0000000000e+02 -9.3226700172e-08 -1.1678108763e-13 9.3226854716e-08 9.3226675273e-08 -2.5603308464e-14 1.1680113799e-13 -9.3226830316e-08 6.3845235285e-14
d  1.3411879990e-02 2.6116852670e+00 -2.0000000000e-01 9.2281812265e-01 3.0000000000e+02 -9.2281656869e-08 -1.1628609959e-13 9.2281812157e-08 9.2281638588e-08 -2.4351898450e-14 1.1630615481e-13 -9.2281794338e-08 6.3795483773e-14
d  1.3429293986e-02 2.5994954733e+00 -2.0000000000e-01 9.1148594563e-01 3.0000000000e+02 -9.1148438387e-08 -1.1576883012e-13 9.1148594460e-08 9.1148421781e-08 -2.3003844160e-14 1.1578887800e-13 -9.1148578308e-08 6.3742065291e-14
d  1.3450190781e-02 2.5848677208e+00 -2.0000000000e-01 8.9789963050e-01 3.0000000000e+02 -8.9789806031e-08 -1.1522590726e-13 8.9789962921e-08 8.9789786359e-08 -2.1560782689e-14 1.1524595591e-13 -8.9789943726e-08 6.3682014593e-14
d  1.3462728858e-02 2.5760910693e+00 -2.0000000000e-01 8.8975438760e-01 3.0000000000e+02 -8.8975281274e-08 -1.1493451692e-13 8.8975438669e-08 8.8975267673e-08 -2.0769932031e-14 1.1495456699e-13 -8.8975425505e-08 6.3647914383e-14
d  1.3477774551e-02 2.5655590876e+00 -2.0000000000e-01 8.7998652482e-01 3.0000000000e+02 -8.7998494465e-08 -1.1461559696e-13 8.7998652396e-08 8.7998482025e-08 -1.9883525146e-14 1.1463564057e-13 -8.7998640387e-08 6.3609514625e-14
d  1.3495829382e-02 2.5529207094e+00 -2.0000000000e-01 8.6827444864e-01 3.0000000000e+02 -8.6827286251e-08 -1.1426639708e-13 8.6827444780e-08 8.6827274614e-08 -1.8895960418e-14 1.1428643184e-13 -8.6827433569e-08 6.3565208014e-14
d  1.3517495179e-02 2.5377546557e+00 -2.0000000000e-01 8.5423397718e-01 3.0000000000e+02 -8.5423238443e-08 -1.1388407427e-13 8.5423397612e-08 8.5423224644e-08 -1.7802620494e-14 1.1390410975e-13 -8.5423384258e-08 6.3513003095e-14
d  1.3530494657e-02 2.5286550234e+00 -2.0000000000e-01 8.4581708888e-01 3.0000000000e+02 -8.4581549235e-08 -1.1367395842e-13 8.4581708817e-08 8.4581540158e-08 -1.7187142931e-14 1.1369399307e-13 -8.4581700148e-08 6.3483005756e-14
d  1.3546094031e-02 2.5177354647e+00 -2.0000000000e-01 8.3572409577e-01 3.0000000000e+02 -8.3572249489e-08 -1.1343908120e-13 8.3572409511e-08 8.3572241273e-08 -1.6483655899e-14 1.1345911108e-13 -8.3572401697e-08 6.3448479709e-14
d  1.3564813280e-02 2.5046319943e+00 -2.0000000000e-01 8.2362300396e-01 3.0000000000e+02 -8.2362139807e-08 -1.1317677140e-13 8.2362300325e-08 8.2362131421e-08 -1.5683154493e-14 1.1319679751e-13 -8.2362292343e-08 6.3408184204e-14
d  1.3571430000e-02 2.5000002917e+00 -2.0000000000e-01 8.1934837958e-01 3.0000000000e+02 -8.1934677198e-08 -1.1308823622e-13 8.1934837814e-08 8.1934660650e-08 -1.5410243321e-14 1.1310835690e-13 -8.1934821742e-08 6.3394037708e-14
d  1.3579370064e-02 2.4944422485e+00 -2.0000000000e-01 8.1422074109e-01 3.0000000000e+02 -8.1421913147e-08 -1.1298534378e-13 8.1422073963e-08 8.1421896665e-08 -1.5089505165e-14 1.1300546775e-13 -8.1422057958e-08 6.3377376630e-14
d  1.3588898141e-02 2.4877725968e+00 -2.0000000000e-01 8.0807037493e-01 3.0000000000e+02 -8.0806876294e-08 -1.1286481586e-13 8.0807037322e-08 8.0806857522e-08 -1.4713474515e-14 1.1288493542e-13 -8.0807019051e-08 6.3357278893e-14
d  1.3600331832e-02 2.4797690147e+00 -2.0000000000e-01 8.0069411923e-01 3.0000000000e+02 -8.0069250450e-08 -1.1272292418e-13 8.0069411623e-08 8.0069218660e-08 -1.4274140391e-14 1.1274309668e-13 -8.0069380462e-08 6.3332619216e-14
d  1.3614052263e-02 2.4701647161e+00 -2.0000000000e-01 7.9184930232e-01 3.0000000000e+02 -7.9184768452e-08 -1.1254962293e-13 7.9184930181e-08 7.9184763069e-08 -1.3763670473e-14 1.1256964681e-13 -7.9184925175e-08 6.3300004217e-14
d  1.3630516779e-02 2.4586395579e+00 -2.0000000000e-01 7.8124454869e-01 3.0000000000e+02 -7.8124292712e-08 -1.1236390966e-13 7.8124454560e-08 7.8124262419e-08 -1.3169220805e-14 1.1238402890e-13 -7.8124424900e-08 6.3265847056e-14
d  1.3650274199e-02 2.4448093680e+00 -2.0000000000e-01 7.6853159250e-01 3.0000000000e+02 -7.6852996654e-08 -1.1215313727e-13 7.6853159239e-08 7.6852995380e-08 -1.2481428479e-14 1.1217314077e-13 -7.6853158298e-08 6.3225572597e-14
d  1.3662128651e-02 2.4365112540e+00 -2.0000000000e-01 7.6091061802e-01 3.0000000000e+02 -7.6090898951e-08 -1.1203007838e-13 7.6091061522e-08 7.6090873556e-08 -1.2081083583e-14 1.1205020680e-13 -7.6091036726e-08 6.3200960301e-14
d  1.3676353993e-02 2.4265535173e+00 -2.0000000000e-01 7.5177244638e-01 3.0000000000e+02 -7.5177081493e-08 -1.1188436054e-13 7.5177244368e-08 7.5177057799e-08 -1.1612210436e-14 1.1190447499e-13 -7.5177221261e-08 6.3170623741e-14
d  1.3693424404e-02 2.4146042332e+00 -2.0000000000e-01 7.4081669060e-01 3.0000000000e+02 -7.4081505565e-08 -1.1171844880e-13 7.4081668791e-08 7.4081483017e-08 -1.1063750677e-14 1.1173854190e-13 -7.4081646827e-08 6.3135367387e-14
d  1.3703666650e-02 2.4074346628e+00 -2.0000000000e-01 7.3424859265e-01 3.0000000000e+02 -7.3424695567e-08 -1.1162045087e-13 7.3424859109e-08 7.3424682628e-08 -1.0741892664e-14 1.1164053026e-13 -7.3424846641e-08 6.3113779179e-14
d  1.3715957346e-02 2.3988311783e+00 -2.0000000000e-01 7.2637228501e-01 3.0000000000e+02 -7.2637064564e-08 -1.1150494411e-13 7.2637228264e-08 7.2637045588e-08 -1.0362371246e-14 1.1152505583e-13 -7.2637209838e-08 6.3087756709e-14
d  1.3730706181e-02 2.3885069968e+00 -2.0000000000e-01 7.1692863743e-01 3.0000000000e+02 -7.1692699524e-08 -1.1136909620e-13 7.1692863515e-08 7.1692682012e-08 -9.9159596132e-15 1.1138918403e-13 -7.1692846542e-08 6.3056318076e-14
d  1.3748404782e-02 2.3761179791e+00 -2.0000000000e-01 7.0560798709e-01 3.0000000000e+02 -7.0560634164e-08 -1.1120826054e-13 7.0560798693e-08 7.0560632743e-08 -9.3925547167e-15 1.1122826569e-13 -7.0560797597e-08 6.3017791338e-14
d  1.3759023943e-02 2.3686845685e+00 -2.0000000000e-01 6.9882185027e-01 3.0000000000e+02 -6.9882020291e-08 -1.1111315337e-13 6.9882184878e-08 6.9882009462e-08 -9.0845407045e-15 1.1113322257e-13 -6.9882174505e-08 6.2994396768e-14
d  1.3771766937e-02 2.3597644757e+00 -2.0000000000e-01 6.9068501865e-01 3.0000000000e+02 -6.9068336910e-08 -1.1099650146e-13 6.9068501667e-08 6.9068323069e-08 -8.7211667361e-15 1.1101658635e-13 -6.9068488329e-08 6.2964743606e-14
d  1.3787058529e-02 2.3490603644e+00 -2.0000000000e-01 6.8093056543e-01 3.0000000000e+02 -6.8092891333e-08 -1.1085738250e-13 6.8093056327e-08 6.8092876784e-08 -8.2925733459e-15 1.1087745880e-13 -6.8093042297e-08 6.2928423013e-14
d  1.3796233484e-02 2.3426378976e+00 -2.0000000000e-01 6.7508300568e-01 3.0000000000e+02 -6.7508135207e-08 -1.1077604863e-13 6.7508300474e-08 6.7508128896e-08 -8.0398032774e-15 1.1079609713e-13 -6.7508294559e-08 6.2906954387e-14
d  1.3807243430e-02 2.3349309375e+00 -2.0000000000e-01 6.6807093516e-01 3.0000000000e+02 -6.6806927973e-08 -1.1068155464e-13 6.6807093370e-08 6.6806918537e-08 -7.7393088247e-15 1.1070162462e-13 -6.6807084381e-08 6.2881800144e-14
d  1.3820455365e-02 2.3256825853e+00 -2.0000000000e-01 6.5966379811e-01 3.0000000000e+02 -6.5966214036e-08 -1.1057539133e-13 6.5966379583e-08 6.5966199898e-08 -7.3737662251e-15 1.1059548141e-13 -6.5966365971e-08 6.2851246620e-14
d  1.3828382527e-02 2.3201335740e+00 -2.0000000000e-01 6.5462340684e-01 3.0000000000e+02 -6.5462174804e-08 -1.1050447304e-13 6.5462340614e-08 6.5462170328e-08 -7.1728864993e-15 1.1052451415e-13 -6.5462336506e-08 6.2832238524e-14
d  1.3837895120e-02 2.3134747604e+00 -2.0000000000e-01 6.4857883907e-01 3.0000000000e+02 -6.4857717878e-08 -1.1041732389e-13 6.4857883817e-08 6.4857712386e-08 -6.9228430712e-15 1.1043737235e-13 -6.4857878711e-08 6.2809160118e-14
d  1.3849310232e-02 2.3054841842e+00 -2.0000000000e-01 6.4133108225e-01 3.0000000000e+02 -6.4132941998e-08 -1.1033203399e-13 6.4133108010e-08 6.4132929525e-08 -6.6126333144e-15 1.1035212982e-13 -6.4133096047e-08 6.2782250741e-14
d  1.3863008367e-02 2.2958954926e+00 -2.0000000000e-01 6.3264240294e-01 3.0000000000e+02 -6.3264073894e-08 -1.1020377543e-13 6.3264240293e-08 6.3264073599e-08 -6.2746869840e-15 1.1022377587e-13 -6.3264240292e-08 6.2746636651e-14
d  1.3871227248e-02 2.2901422777e+00 -2.0000000000e-01 6.2743396603e-01 3.0000000000e+02 -6.2743230093e-08 -1.1012530460e-13 6.2743396539e-08 6.2743226417e-08 -6.0673599716e-15 1.1014533903e-13 -6.2743393220e-08 6.2723769983e-14
d  1.3881089905e-02 2.2832384198e+00 -2.0000000000e-01 6.2118836438e-01 3.0000000000e+02 -6.2118669784e-08 -1.1004396136e-13 6.2118836350e-08 6.2118664953e-08 -5.8195360669e-15 1.1006400514e-13 -6.2118831896e-08 6.2699395619e-14
d  1.3892925093e-02 2.2749537903e+00 -2.0000000000e-01 6.1370034891e-01 3.0000000000e+02 -6.1369868075e-08 -1.0994193922e-13 6.1370034882e-08 6.1369867395e-08 -5.5260388033e-15 1.0996194288e-13 -6.1370034500e-08 6.2668350303e-14
d  1.3900026206e-02 2.2699830126e+00 -2.0000000000e-01 6.0921142325e-01 3.0000000000e+02 -6.0920975428e-08 -1.0987153784e-13 6.0921141804e-08 6.0920948951e-08 -5.3529500566e-15 1.0989185520e-13 -6.0921116137e-08 6.2646392622e-14
d  1.3908547542e-02 2.2640180794e+00 -2.0000000000e-01 6.0382824733e-01 3.0000000000e+02 -6.0382657718e-08 -1.0980199643e-13 6.0382824128e-08 6.0382627622e-08 -5.1448132063e-15 1.0982233957e-13 -6.0382794924e-08 6.2624845726e-14
d  1.3918773144e-02 2.2568601595e+00 -2.0000000000e-01 5.9737352193e-01 3.0000000000e+02 -5.9737185038e-08 -1.0971820857e-13 5.9737352063e-08 5.9737178545e-08 -4.8961396297e-15 1.0973826968e-13 -5.9737345986e-08 6.2598197304e-14
d  1.3931043868e-02 2.2482706557e+00 -2.0000000000e-01 5.8963525392e-01 3.0000000000e+02 -5.8963358078e-08 -1.0961551470e-13 5.8963525376e-08 5.8963357135e-08 -4.6040458017e-15 1.0963552066e-13 -5.8963524732e-08 6.2565731897e-14
d  1.3938406302e-02 2.2431169533e+00 -2.0000000000e-01 5.8499623440e-01 3.0000000000e+02 -5.8499456033e-08 -1.0955370980e-13 5.8499622941e-08 5.8499432922e-08 -4.4297461756e-15 1.0957399399e-13 -5.8499600612e-08 6.2545834810e-14
d  1.3947241222e-02 2.2369325106e+00 -2.0000000000e-01 5.7943335801e-01 3.0000000000e+02 -5.7943168283e-08 -1.0948018237e-13 5.7943335173e-08 5.7943139886e-08 -4.2221474938e-15 1.0950051507e-13 -5.7943307686e-08 6.2521847238e-14
d  1.3957843127e-02 2.2295111793e+00 -2.0000000000e-01 5.7276364096e-01 3.0000000000e+02 -5.7276196446e-08 -1.0939260568e-13 5.7276364093e-08 5.7276196110e-08 -3.9752725241e-15 1.0941260682e-13 -5.7276364040e-08 6.2492907397e-14
d  1.3970565413e-02 2.2206055817e+00 -2.0000000000e-01 5.6476827706e-01 3.0000000000e+02 -5.6476659899e-08 -1.0928909871e-13 5.6476827703e-08 5.6476659565e-08 -3.6820529925e-15 1.0930909966e-13 -5.6476827651e-08 6.2458310827e-14
d  1.3978198785e-02 2.2152622231e+00 -2.0000000000e-01 5.5997546301e-01 3.0000000000e+02 -5.5997378403e-08 -1.0922638137e-13 5.5997545797e-08 5.5997357189e-08 -3.5079134284e-15 1.0924665016e-13 -5.5997525365e-08 6.2437102125e-14
d  1.3987358830e-02 2.2088501928e+00 -2.0000000000e-01 5.5422836059e-01 3.0000000000e+02 -5.5422668048e-08 -1.0915483353e-13 5.5422835360e-08 5.5422639381e-08 -3.3000820914e-15 1.0917518024e-13 -5.5422807669e-08 6.2412655728e-14
d  1.3998350885e-02 2.2011557565e+00 -2.0000000000e-01 5.4733860215e-01 3.0000000000e+02 -5.4733692090e-08 -1.0905678635e-13 5.4733860210e-08 5.4733691668e-08 -3.0548338343e-15 1.0907678843e-13 -5.4733860069e-08 6.2378737020e-14
d  1.4004946118e-02 2.1965390947e+00 -2.0000000000e-01 5.4320808135e-01 3.0000000000e+02 -5.4320639928e-08 -1.0900771477e-13 5.4320807678e-08 5.4320621844e-08 -2.9075135173e-15 1.0902799151e-13 -5.4320790326e-08 6.2361588226e-14
d  1.4012860398e-02 2.1909991006e+00 -2.0000000000e-01 5.3825471296e-01 3.0000000000e+02 -5.3825302994e-08 -1.0894668017e-13 5.3825470776e-08 5.3825282904e-08 -2.7322431259e-15 1.0896697267e-13 -5.3825451478e-08 6.2340057816e-14
d  1.4022357534e-02 2.1843511076e+00 -2.0000000000e-01 5.3231538351e-01 3.0000000000e+02 -5.3231369931e-08 -1.0887711248e-13 5.3231538228e-08 5.3231365110e-08 -2.5192392676e-15 1.0889716998e-13 -5.3231533802e-08 6.2314215988e-14
d  1.4033754096e-02 2.1763735160e+00 -2.0000000000e-01 5.2519496483e-01 3.0000000000e+02 -5.2519327938e-08 -1.0878744843e-13 5.2519496473e-08 5.2519327357e-08 -2.2753317501e-15 1.0880745229e-13 -5.2519496173e-08 6.2282968677e-14
d  1.4040592034e-02 2.1715869611e+00 -2.0000000000e-01 5.2092625234e-01 3.0000000000e+02 -5.2092456609e-08 -1.0873733736e-13 5.2092624786e-08 5.2092440404e-08 -2.1275119390e-15 1.0875759171e-13 -5.2092609299e-08 6.2264557871e-14
d  1.4048797559e-02 2.1658430951e+00 -2.0000000000e-01 5.1580728692e-01 3.0000000000e+02 -5.1580559971e-08 -1.0867739610e-13 5.1580728152e-08 5.1580540871e-08 -1.9512841905e-15 1.0869768182e-13 -5.1580709860e-08 6.2242438902e-14
d  1.4058644189e-02 2.1589504560e+00 -2.0000000000e-01 5.0966952622e-01 3.0000000000e+02 -5.0966783787e-08 -1.0860728631e-13 5.0966952621e-08 5.0966783526e-08 -1.7413189861e-15 1.0862728690e-13 -5.0966952628e-08 6.2216155431e-14
d  1.4070460145e-02 2.1506792891e+00 -2.0000000000e-01 5.0231134753e-01 3.0000000000e+02 -5.0230965779e-08 -1.0852584218e-13 5.0231134737e-08 5.0230965018e-08 -1.4913838269e-15 1.0854584817e-13 -5.0231134257e-08 6.2185166803e-14
d  1.4077549719e-02 2.1457165889e+00 -2.0000000000e-01 4.9790014068e-01 3.0000000000e+02 -4.9789845009e-08 -1.0847852231e-13 4.9790013618e-08 4.9789830158e-08 -1.3425009467e-15 1.0849876247e-13 -4.9789999482e-08 6.2166896388e-14
d  1.4086057207e-02 2.1397613487e+00 -2.0000000000e-01 4.9261103760e-01 3.0000000000e+02 -4.9260934630e-08 -1.0840343240e-13 4.9261103167e-08 4.9260915529e-08 -1.1677055221e-15 1.0842372743e-13 -4.9261084923e-08 6.2138406190e-14
d  1.4096266193e-02 2.1326150605e+00 -2.0000000000e-01 4.8626934779e-01 3.0000000000e+02 -4.8626765517e-08 -1.0834249287e-13 4.8626934777e-08 4.8626765233e-08 -9.5531730640e-16 1.0836249381e-13 -4.8626934756e-08 6.2114338853e-14
d  1.4108516977e-02 2.1240395146e+00 -2.0000000000e-01 4.7866685755e-01 3.0000000000e+02 -4.7866516349e-08 -1.0826774127e-13 4.7866685752e-08 4.7866516034e-08 -7.0353047082e-16 1.0828774243e-13 -4.7866685701e-08 6.2083192078e-14
d  1.4115867447e-02 2.1188941870e+00 -2.0000000000e-01 4.7410914761e-01 3.0000000000e+02 -4.7410745261e-08 -1.0822666197e-13 4.7410914292e-08 4.7410731203e-08 -5.5296474086e-16 1.0824689745e-13 -4.7410900963e-08 6.2066008111e-14
d  1.4124688011e-02 2.1127197940e+00 -2.0000000000e-01 4.6864352520e-01 3.0000000000e+02 -4.6864182904e-08 -1.0818049579e-13 4.6864352418e-08 4.6864179741e-08 -3.7168379198e-16 1.0820054363e-13 -4.6864349616e-08 6.2045618768e-14
d  1.4135272687e-02 2.1053105223e+00 -2.0000000000e-01 4.6209021021e-01 3.0000000000e+02 -4.6208851280e-08 -1.0811847410e-13 4.6209021017e-08 4.6208850949e-08 -1.5968079823e-16 1.0813847576e-13 -4.6209020947e-08 6.2019314150e-14
d  1.4141623493e-02 2.1008649594e+00 -2.0000000000e-01 4.5816091866e-01 3.0000000000e+02 -4.5815922039e-08 -1.0808865511e-13 4.5816091437e-08 4.5815909978e-08 -3.1467778656e-17 1.0810889996e-13 -4.5816080061e-08 6.2005569221e-14
d  1.4149244461e-02 2.0955302838e+00 -2.0000000000e-01 4.5344825091e-01 3.0000000000e+02 -4.5344655158e-08 -1.0805635474e-13 4.5344824583e-08 4.5344641166e-08 1.2212901065e-16 1.0807662564e-13 -4.5344811355e-08 6.1990060256e-14
d  1.4158389621e-02 2.0891286731e+00 -2.0000000000e-01 4.4779653501e-01 3.0000000000e+02 -4.4779483431e-08 -1.0802207937e-13 4.4779653382e-08 4.4779480087e-08 3.0899256677e-16 1.0804213176e-13 -4.4779650410e-08 6.1971822909e-14
d  1.4169363814e-02 2.0814467402e+00 -2.0000000000e-01 4.4101922394e-01 3.0000000000e+02 -4.4101752168e-08 -1.0798152994e-13 4.4101922387e-08 4.4101751761e-08 5.2528713299e-16 1.0800153278e-13 -4.4101922239e-08 6.1951398297e-14
d  1.4175948330e-02 2.0768375805e+00 -2.0000000000e-01 4.3695519227e-01 3.0000000000e+02 -4.3695348897e-08 -1.0796335852e-13 4.3695518767e-08 4.3695337089e-08 6.5690855378e-16 1.0798360619e-13 -4.3695507670e-08 6.1940426829e-14
d  1.4183849749e-02 2.0713065889e+00 -2.0000000000e-01 4.3208095345e-01 3.0000000000e+02 -4.3207924907e-08 -1.0793195984e-13 4.3208095275e-08 4.3207922966e-08 8.1281740129e-16 1.0795199512e-13 -4.3208093654e-08 6.1923677747e-14
d  1.4193331452e-02 2.0646693989e+00 -2.0000000000e-01 4.2623507861e-01 3.0000000000e+02 -4.2623337256e-08 -1.0791708010e-13 4.2623507720e-08 4.2623333656e-08 1.0077554583e-15 1.0793713885e-13 -4.2623504510e-08 6.1909604687e-14
d  1.4204709495e-02 2.0567047709e+00 -2.0000000000e-01 4.1922402404e-01 3.0000000000e+02 -4.1922231612e-08 -1.0789751119e-13 4.1922402386e-08 4.1922230991e-08 1.2276822932e-15 1.0791751733e-13 -4.1922402032e-08 6.1894766311e-14
d  1.4211536321e-02 2.0519259941e+00 -2.0000000000e-01 4.1501925218e-01 3.0000000000e+02 -4.1501754297e-08 -1.0789569646e-13 4.1501924238e-08 4.1501731661e-08 1.3636617082e-15 1.0791619417e-13 -4.1501902828e-08 6.1887940496e-14
d  1.4219728512e-02 2.0461914620e+00 -2.0000000000e-01 4.0997511923e-01 3.0000000000e+02 -4.0997340845e-08 -1.0789716612e-13 4.0997511702e-08 4.0997335683e-08 1.5269836742e-15 1.0791727102e-13 -4.0997507008e-08 6.1880543858e-14
d  1.4229559141e-02 2.0393100234e+00 -2.0000000000e-01 4.0392411650e-01 3.0000000000e+02 -4.0392240350e-08 -1.0791578552e-13 4.0392411313e-08 4.0392232823e-08 1.7338686156e-15 1.0793591769e-13 -4.0392404367e-08 6.1874632160e-14
d  1.4241355896e-02 2.0310522971e+00 -2.0000000000e-01 3.9666508604e-01 3.0000000000e+02 -3.9666337069e-08 -1.0792920659e-13 3.9666508576e-08 3.9666336295e-08 1.9581501652e-15 1.0794921542e-13 -3.9666508072e-08 6.1869464070e-14
d  1.4248433949e-02 2.0260976614e+00 -2.0000000000e-01 3.9231043597e-01 3.0000000000e+02 -3.9230871894e-08 -1.0795417051e-13 3.9231043348e-08 3.9230866565e-08 2.1002273353e-15 1.0797428952e-13 -3.9231038510e-08 6.1869895704e-14
d  1.4256927613e-02 2.0201520984e+00 -2.0000000000e-01 3.8708520268e-01 3.0000000000e+02 -3.8708348354e-08 -1.0799058371e-13 3.8708519933e-08 3.8708341425e-08 2.2715902769e-15 1.0801073293e-13 -3.8708513580e-08 6.1872254578e-14
d  1.4267120010e-02 2.0130174229e+00 -2.0000000000e-01 3.8081516153e-01 3.0000000000e+02 -3.8081343984e-08 -1.0803707271e-13 3.8081516141e-08 3.8081343556e-08 2.4756831251e-15 1.0805707701e-13 -3.8081515964e-08 6.1875787452e-14
d  1.4279350885e-02 2.0044558123e+00 -2.0000000000e-01 3.7329010363e-01 3.0000000000e+02 -3.7328837848e-08 -1.0812037696e-13 3.7329010359e-08 3.7328837572e-08 2.7239081685e-15 1.0814037820e-13 -3.7329010325e-08 6.1888385029e-14
d  1.4285710000e-02 2.0000044333e+00 -2.0000000000e-01 3.6937643434e-01 3.0000000000e+02 -3.6937470707e-08 -1.0818636910e-13 3.6937643124e-08 3.6937464778e-08 2.8556481356e-15 1.0820652657e-13 -3.6937637742e-08 6.1902195855e-14
d  1.4293340938e-02 1.9946627786e+00 -2.0000000000e-01 3.6467818914e-01 3.0000000000e+02 -3.6467645920e-08 -1.0827441486e-13 3.6467818545e-08 3.6467639065e-08 3.0146920897e-15 1.0829459375e-13 -3.6467812296e-08 6.1921480097e-14
d  1.4302498063e-02 1.9882527928e+00 -2.0000000000e-01 3.5903554940e-01 3.0000000000e+02 -3.5903381553e-08 -1.0842846114e-13 3.5903554453e-08 3.5903372818e-08 3.2134682358e-15 1.0844865702e-13 -3.5903546440e-08 6.1960289840e-14
d  1.4313486613e-02 1.9805608099e+00 -2.0000000000e-01 3.5225046675e-01 3.0000000000e+02 -3.5224872626e-08 -1.0874375697e-13 3.5225046658e-08 3.5224872145e-08 3.4670594389e-15 1.0876376254e-13 -3.5225046427e-08 6.2051486979e-14
d  1.4320079743e-02 1.9759456202e+00 -2.0000000000e-01 3.4817523077e-01 3.0000000000e+02 -3.4817348810e-08 -1.0881264933e-13 3.4817522676e-08 3.4817341953e-08 3.6022647678e-15 1.0883284635e-13 -3.4817516452e-08 6.2064300909e-14
d  1.4327991499e-02 1.9704073925e+00 -2.0000000000e-01 3.4328207599e-01 3.0000000000e+02 -3.4328033048e-08 -1.0891177948e-13 3.4328207132e-08 3.4328025282e-08 3.7664873481e-15 1.0893199366e-13 -3.4328200065e-08 6.2084919150e-14
d  1.4337485606e-02 1.9637615193e+00 -2.0000000000e-01 3.3740663263e-01 3.0000000000e+02 -3.3740488360e-08 -1.0903658249e-13 3.3740662645e-08 3.3740478488e-08 3.9655707967e-15 1.0905681679e-13 -3.3740653621e-08 6.2110517245e-14
d  1.4348878535e-02 1.9557864715e+00 -2.0000000000e-01 3.3035023537e-01 3.0000000000e+02 -3.3034848195e-08 -1.0920200986e-13 3.3035023518e-08 3.3034847714e-08 4.2013916561e-15 1.0922201581e-13 -3.3035023284e-08 6.2146663337e-14
d  1.4362550049e-02 1.9462164140e+00 -2.0000000000e-01 3.2187201845e-01 3.0000000000e+02 -3.2187025919e-08 -1.0943996264e-13 3.2187201800e-08 3.2187025082e-08 4.4912481763e-15 1.0945997424e-13 -3.2187201235e-08 6.2201340235e-14
d  1.4370752958e-02 1.9404743796e+00 -2.0000000000e-01 3.1677850121e-01 3.0000000000e+02 -3.1677673809e-08 -1.0960810936e-13 3.1677849502e-08 3.1677664953e-08 4.6685177835e-15 1.0962834592e-13 -3.1677841491e-08 6.2241483599e-14
d  1.4380596448e-02 1.9335839382e+00 -2.0000000000e-01 3.1065892946e-01 3.0000000000e+02 -3.1065716161e-08 -1.0981625623e-13 3.1065892171e-08 3.1065705497e-08 4.8817939125e-15 1.0983653186e-13 -3.1065882507e-08 6.2291320841e-14
d  1.4392408637e-02 1.9253154086e+00 -2.0000000000e-01 3.0330324408e-01 3.0000000000e+02 -3.0330147020e-08 -1.1009378528e-13 3.0330324390e-08 3.0330146598e-08 5.1374966717e-15 1.1011379051e-13 -3.0330324208e-08 6.2359763112e-14
d  1.4406583263e-02 1.9153931731e+00 -2.0000000000e-01 2.9445582725e-01 3.0000000000e+02 -2.9445404544e-08 -1.1047422161e-13 2.9445582720e-08 2.9445404294e-08 5.4522873472e-15 1.1049422277e-13 -2.9445582696e-08 6.2455675566e-14
d  1.4415088039e-02 1.9094398318e+00 -2.0000000000e-01 2.8913490700e-01 3.0000000000e+02 -2.8913311987e-08 -1.1074123229e-13 2.8913489881e-08 2.8913302042e-08 5.6466557969e-15 1.1076152554e-13 -2.8913480975e-08 6.2524638963e-14
d  1.4425293770e-02 1.9022958222e+00 -2.0000000000e-01 2.8273626223e-01 3.0000000000e+02 -2.8273446865e-08 -1.1106876328e-13 2.8273625207e-08 2.8273435046e-08 5.8794203490e-15 1.1108910167e-13 -2.8273614624e-08 6.2609044713e-14
d  1.4437540647e-02 1.8937230107e+00 -2.0000000000e-01 2.7503537272e-01 3.0000000000e+02 -2.7503357061e-08 -1.1151632361e-13 2.7503537129e-08 2.7503355320e-08 6.1648978234e-15 1.1153636284e-13 -2.7503535747e-08 6.2727026668e-14
d  1.4444888773e-02 1.8885793238e+00 -2.0000000000e-01 2.7040143261e-01 3.0000000000e+02 -2.7039962480e-08 -1.1182492735e-13 2.7040142484e-08 2.7039954037e-08 6.3420051860e-15 1.1184524329e-13 -2.7040135035e-08 6.2810326013e-14
d  1.4453706524e-02 1.8824068995e+00 -2.0000000000e-01 2.6482611832e-01 3.0000000000e+02 -2.6482430349e-08 -1.1220905919e-13 2.6482610719e-08 2.6482418764e-08 6.5560494098e-15 1.1222948053e-13 -2.6482600463e-08 6.2913676196e-14
d  1.4464287826e-02 1.8749999904e+00 -2.0000000000e-01 2.5811208501e-01 3.0000000000e+02 -2.5811026098e-08 -1.1272227164e-13 2.5811208336e-08 2.5811024306e-08 6.8198999010e-15 1.1274232303e-13 -2.5811206922e-08 6.3053747815e-14
d  1.4476985388e-02 1.8661116994e+00 -2.0000000000e-01 2.5001638483e-01 3.0000000000e+02 -2.5001454866e-08 -1.1341601939e-13 2.5001638471e-08 2.5001454573e-08 7.1470603593e-15 1.1343602236e-13 -2.5001638402e-08 6.3245600611e-14
d  1.4484603926e-02 1.8607787248e+00 -2.0000000000e-01 2.4513620037e-01 3.0000000000e+02 -2.4513435608e-08 -1.1389033245e-13 2.4513618902e-08 2.4513425245e-08 7.3510645290e-15 1.1391076540e-13 -2.4513609886e-08 6.3378328016e-14
d  1.4493746170e-02 1.8543791553e+00 -2.0000000000e-01 2.3925489667e-01 3.0000000000e+02 -2.3925304216e-08 -1.1449305414e-13 2.3925489460e-08 2.3925302248e-08 7.6004098948e-15 1.1451312774e-13 -2.3925487909e-08 6.3547429539e-14
d  1.4504716864e-02 1.8466996719e+00 -2.0000000000e-01 2.3215646799e-01 3.0000000000e+02 -2.3215459991e-08 -1.1530529888e-13 2.3215646461e-08 2.3215457053e-08 7.9126267098e-15 1.1532539796e-13 -2.3215644069e-08 6.3777935399e-14
d  1.4517881696e-02 1.8374842919e+00 -2.0000000000e-01 2.2357086654e-01 3.0000000000e+02 -2.2356898028e-08 -1.1641225584e-13 2.2357086615e-08 2.2356897550e-08 8.3044546167e-15 1.1643226517e-13 -2.2357086382e-08 6.4095192838e-14
d  1.4525780596e-02 1.8319550638e+00 -2.0000000000e-01 2.1837865515e-01 3.0000000000e+02 -2.1837675607e-08 -1.1720798431e-13 2.1837863491e-08 2.1837660492e-08 8.5580432931e-15 1.1722870799e-13 -2.1837850605e-08 6.4326696237e-14
d  1.4535259275e-02 1.8253199902e+00 -2.0000000000e-01 2.1210188079e-01 3.0000000000e+02 -2.1209996534e-08 -1.1823234406e-13 2.1210187633e-08 2.1209993219e-08 8.8721166980e-15 1.1825249237e-13 -2.1210184968e-08 6.4625104148e-14
d  1.4546633690e-02 1.8173579018e+00 -2.0000000000e-01 2.0449411622e-01 3.0000000000e+02 -2.0449217873e-08 -1.1962294449e-13 2.0449410916e-08 2.0449213035e-08 9.2752240051e-15 1.1964313842e-13 -2.0449406986e-08 6.5032714503e-14
d  1.4560282989e-02 1.8078033957e+00 -2.0000000000e-01 1.9523740772e-01 3.0000000000e+02 -1.9523543991e-08 -1.2156366684e-13 1.9523740726e-08 1.9523543529e-08 9.7900034727e-15 1.2158367728e-13 -1.9523740510e-08 6.5607544845e-14
d  1.4568472568e-02 1.8020706921e+00 -2.0000000000e-01 1.8960402679e-01 3.0000000000e+02 -1.8960203648e-08 -1.2302382610e-13 1.8960401964e-08 1.8960199293e-08 1.0141930953e-14 1.2304406504e-13 -1.8960398524e-08 6.6044603074e-14
d  1.4578300062e-02 1.7951914477e+00 -2.0000000000e-01 1.8275122255e-01 3.0000000000e+02 -1.8274920262e-08 -1.2495625164e-13 1.8275121071e-08 1.8274913571e-08 1.0590281572e-14 1.2497661967e-13 -1.8275115763e-08 6.6625089113e-14
d  1.4590093056e-02 1.7869363545e+00 -2.0000000000e-01 1.7437003327e-01 3.0000000000e+02 -1.7436797192e-08 -1.2767811342e-13 1.7437001356e-08 1.7436786991e-08 1.1186333154e-14 1.2769861889e-13 -1.7436993323e-08 6.7447170555e-14
d  1.4604244648e-02 1.7770302426e+00 -2.0000000000e-01 1.6404398499e-01 3.0000000000e+02 -1.6404186548e-08 -1.3153130008e-13 1.6404397313e-08 1.6404180912e-08 1.1981446341e-14 1.3155155062e-13 -1.6404393057e-08 6.8612201033e-14
d  1.4621226559e-02 1.7651429083e+00 -2.0000000000e-01 1.5110678134e-01 3.0000000000e+02 -1.5110456108e-08 -1.3827659451e-13 1.5110668043e-08 1.5110415250e-08 1.3238991202e-14 1.3829834478e-13 -1.5110637471e-08 7.0683623077e-14
d  1.4631415706e-02 1.7580105078e+00 -2.0000000000e-01 1.4294516082e-01 3.0000000000e+02 -1.4294284940e-08 -1.4443890635e-13 1.4294507752e-08 1.4294253915e-08 1.4284654858e-14 1.4446102850e-13 -1.4294485249e-08 7.2592046784e-14
d  1.4643642682e-02 1.7494516271e+00 -2.0000000000e-01 1.3257481187e-01 3.0000000000e+02 -1.3257235590e-08 -1.5424209225e-13 1.3257475432e-08 1.3257216488e-08 1.5880517879e-14 1.5426344895e-13 -1.3257462275e-08 7.5642608979e-14
d  1.4650978867e-02 1.7443162987e+00 -2.0000000000e-01 1.2592648700e-01 3.0000000000e+02 -1.2592389800e-08 -1.6331069019e-13 1.2592640267e-08 1.2592363906e-08 1.7278199784e-14 1.6333361697e-13 -1.2592622996e-08 7.8479321772e-14
d  1.4659782290e-02 1.7381539046e+00 -2.0000000000e-01 1.1731154213e-01 3.0000000000e+02 -1.1730873336e-08 -1.7832462184e-13 1.1731128106e-08 1.1730801867e-08 1.9530571143e-14 1.7835301899e-13 -1.1731082942e-08 8.3192224239e-14
d  1.4665064343e-02 1.7344564682e+00 -2.0000000000e-01 1.1164974936e-01 3.0000000000e+02 -1.1164672539e-08 -1.9306498743e-13 1.1164966462e-08 1.1164650767e-08 2.1668550176e-14 1.9308900604e-13 -1.1164953355e-08 8.7831927605e-14
d  1.4671402808e-02 1.7300195444e+00 -2.0000000000e-01 1.0405599175e-01 3.0000000000e+02 -1.0405258133e-08 -2.1956459904e-13 1.0405635499e-08 1.0405341021e-08 2.5444831435e-14 2.1956862044e-13 -1.0405682224e-08 9.6188825296e-14
d  1.4679008965e-02 1.7246952360e+00 -2.0000000000e-01 9.2547531459e-02 3.0000000000e+02 -9.2543116263e-09 -2.8857525749e-13 9.2548003162e-09 9.2544015422e-09 3.5074264919e-14 2.8857822933e-13 -9.2548432193e-09 1.1802199237e-13
d  1.4681290812e-02 1.7230979434e+00 -2.0000000000e-01 8.7877390472e-02 3.0000000000e+02 -8.7871812866e-09 -3.6856961421e-13 8.7878221214e-09 8.7873326806e-09 4.5987593902e-14 3.6851001241e-13 -8.7878905091e-09 1.4332622296e-13
d  1.4682659920e-02 1.7221395679e+00 -2.0000000000e-01 8.4360137545e-02 3.0000000000e+02 -8.4353132902e-09 -4.6681420742e-13 8.4360679229e-09 8.4354104627e-09 5.9333986720e-14 4.6673713412e-13 -8.4361109697e-09 1.7442043805e-13
d  1.4683481385e-02 1.7215645426e+00 -2.0000000000e-01 8.1735347207e-02 3.0000000000e+02 -8.1726748195e-09 -5.7665676203e-13 8.1735957969e-09 8.1727866882e-09 7.4189404336e-14 5.7649243120e-13 -8.1736465086e-09 2.0912406246e-13
d  1.4683974264e-02 1.7212195274e+00 -2.0000000000e-01 7.9835840871e-02 3.0000000000e+02 -7.9825629106e-09 -6.8783743272e-13 7.9836445190e-09 7.9826827734e-09 8.9166385131e-14 6.8754647796e-13 -7.9837036920e-09 2.4417281229e-13
d  1.4684565719e-02 1.7208055091e+00 -2.0000000000e-01 7.6919639411e-02 3.0000000000e+02 -7.6906025338e-09 -9.2246740935e-13 7.6920362609e-09 7.6907369141e-09 1.2075110078e-13 9.2214136884e-13 -7.6920980129e-09 3.1816801612e-13
d  1.4684920592e-02 1.7205570982e+00 -2.0000000000e-01 7.4598446151e-02 3.0000000000e+02 -7.4580906847e-09 -1.1935656071e-12 7.4598774194e-09 7.4581576507e-09 1.5704382034e-13 1.1933458526e-12 -7.4599114248e-09 4.0332631064e-13
d  1.4685133516e-02 1.7204080517e+00 -2.0000000000e-01 7.2866871658e-02 3.0000000000e+02 -7.2845501789e-09 -1.4585337380e-12 7.2867179795e-09 7.2846322758e-09 1.9228989157e-13 1.4581469372e-12 -7.2867688835e-09 4.8612333164e-13
d  1.4685389024e-02 1.7202291958e+00 -2.0000000000e-01 7.0161951355e-02 3.0000000000e+02 -7.0132837576e-09 -1.9944509038e-12 7.0162354884e-09 7.0133827919e-09 2.6344070694e-13 1.9939790201e-12 -7.0162936711e-09 6.5337008745e-13
d  1.4685695634e-02 1.7200145687e+00 -2.0000000000e-01 6.4841825530e-02 3.0000000000e+02 -6.4790499423e-09 -3.5349988710e-12 6.4842299752e-09 6.4791465094e-09 4.6638881451e-13 3.5345525509e-12 -6.4842786510e-09 1.1311182259e-12
d  1.4685787617e-02 1.7199501806e+00 -2.0000000000e-01 6.2615493888e-02 3.0000000000e+02 -6.2552356423e-09 -4.3603846706e-12 6.2615547627e-09 6.2552807641e-09 5.7213782153e-13 4.3601371459e-12 -6.2615943607e-09 1.3811384289e-12
d  1.4685897997e-02 1.7198729149e+00 -2.0000000000e-01 5.9210857717e-02 3.0000000000e+02 -5.9126133889e-09 -5.8692800787e-12 5.9210822674e-09 5.9125721589e-09 7.6527077781e-13 5.8695356115e-12 -5.9210449988e-09 1.8378833977e-12
d  1.4685964225e-02 1.7198265554e+00 -2.0000000000e-01 5.6641365232e-02 3.0000000000e+02 -5.6538199213e-09 -7.1649257505e-12 5.6641396899e-09 5.6537947925e-09 9.2808758709e-13 7.1650096572e-12 -5.6641115950e-09 2.2240242877e-12
d  1.4686043698e-02 1.7197709241e+00 -2.0000000000e-01 5.2774636064e-02 3.0000000000e+02 -5.2640251013e-09 -9.3653768092e-12 5.2774600591e-09 5.2640516228e-09 1.2009434706e-12 9.3653258703e-12 -5.2774902769e-09 2.8725423579e-12
d  1.4686091382e-02 1.7197375453e+00 -2.0000000000e-01 4.9943096479e-02 3.0000000000e+02 -4.9784253324e-09 -1.1103303855e-11 4.9943026825e-09 4.9784435157e-09 1.4096737125e-12 1.1103425869e-11 -4.9943282491e-09 3.3712374390e-12
d  1.4686119992e-02 1.7197175180e+00 -2.0000000000e-01 4.8027537764e-02 3.0000000000e+02 -4.7851665444e-09 -1.2322381453e-11 4.8027586603e-09 4.7851588550e-09 1.5518413052e-12 1.2322198813e-11 -4.8027458950e-09 3.7125541809e-12
d  1.4686154325e-02 1.7196934853e+00 -2.0000000000e-01 4.5468545583e-02 3.0000000000e+02 -4.5268798795e-09 -1.4036706157e-11 4.5468441933e-09 4.5268949385e-09 1.7499603484e-12 1.4037126662e-11 -4.5468705247e-09 4.1889966748e-12
d  1.4686195524e-02 1.7196646460e+00 -2.0000000000e-01 4.1962735943e-02 3.0000000000e+02 -4.1729474417e-09 -1.6460080450e-11 4.1962712128e-09 4.1729507256e-09 2.0210591269e-12 1.6460173611e-11 -4.1962771905e-09 4.8445751469e-12
d  1.4686220243e-02 1.7196473424e+00 -2.0000000000e-01 3.9621885989e-02 3.0000000000e+02 -3.9367016124e-09 -1.8048968693e-11 3.9621847842e-09 3.9367055242e-09 2.1871234771e-12 1.8049190182e-11 -3.9621930392e-09 5.2511288804e-12
d  1.4686249907e-02 1.7196265782e+00 -2.0000000000e-01 3.6565031202e-02 3.0000000000e+02 -3.6282227611e-09 -2.0122405697e-11 3.6565020865e-09 3.6282236014e-09 2.3946158361e-12 2.0122477027e-11 -3.6565042258e-09 5.7632989490e-12
d  1.4686285503e-02 1.7196016610e+00 -2.0000000000e-01 3.2545550019e-02 3.0000000000e+02 -3.2228208968e-09 -2.2738029140e-11 3.2545537801e-09 3.2228218099e-09 2.6331333976e-12 2.2738099165e-11 -3.2545561780e-09 6.3631395828e-12
d  1.4686328218e-02 1.7195717604e+00 -2.0000000000e-01 2.7313722525e-02 3.0000000000e+02 -2.6959201255e-09 -2.5687679636e-11 2.7313709385e-09 2.6959209161e-09 2.8428969270e-12 2.5687744766e-11 -2.7313732968e-09 6.9216847966e-12
d  1.4686379476e-02 1.7195358798e+00 -2.0000000000e-01 2.0842275101e-02 3.0000000000e+02 -2.0462858838e-09 -2.8022491923e-11 2.0842259004e-09 2.0462865469e-09 2.8572836002e-12 2.8022559486e-11 -2.0842284295e-09 7.0619876074e-12
d  1.4686440986e-02 1.7194928229e+00 -2.0000000000e-01 1.3817887603e-02 3.0000000000e+02 -1.3456467275e-09 -2.7616890335e-11 1.3817857839e-09 1.3456474535e-09 2.3974671877e-12 2.7616987323e-11 -1.3817897903e-09 6.1278176897e-12
d  1.4686514797e-02 1.7194411548e+00 -2.0000000000e-01 7.7740998492e-03 3.0000000000e+02 -7.4899421107e-10 -2.2997498296e-11 7.7740766811e-10 7.4899438181e-10 1.4318375221e-12 2.2997570483e-11 -7.7741041542e-10 3.9864798838e-12
d  1.4686603371e-02 1.7193791529e+00 -2.0000000000e-01 3.8573380850e-03 3.0000000000e+02 -3.6678311511e-10 -1.6541617633e-11 3.8573350950e-10 3.6678296337e-10 5.2796822505e-13 1.6541643388e-11 -3.8573383860e-10 1.8811292684e-12
d  1.4686709660e-02 1.7193047508e+00 -2.0000000000e-01 1.8429969913e-03 3.0000000000e+02 -1.7187850207e-10 -1.1485733518e-11 1.8429964367e-10 1.7187833191e-10 1.1551141715e-13 1.1485754415e-11 -1.8429970256e-10 8.2011061065e-13
d  1.4686804470e-02 1.7192383838e+00 -2.0000000000e-01 1.0814584695e-03 3.0000000000e+02 -9.8459652859e-11 -9.0209525148e-12 1.0814581780e-10 9.8459481521e-11 6.4577486686e-14 9.0209730157e-12 -1.0814584847e-10 6.0080878368e-13
d  1.4686897526e-02 1.7191732450e+00 -2.0000000000e-01 7.0693716042e-04 3.0000000000e+02 -6.2847259670e-11 -7.3195565509e-12 7.0693702300e-11 6.2847087950e-11 4.5754317573e-14 7.3195767941e-12 -7.0693716712e-11 4.8128062020e-13
d  1.4687009192e-02 1.7190950785e+00 -2.0000000000e-01 4.6690275730e-04 3.0000000000e+02 -4.0450740500e-11 -5.8447894273e-12 4.6690288610e-11 4.0450568462e-11 2.5411468478e-14 5.8448092314e-12 -4.6690275323e-11 3.6939399751e-13
d  1.4687143192e-02 1.7190012786e+00 -2.0000000000e-01 3.1357790013e-04 3.0000000000e+02 -2.6405697675e-11 -4.6508616618e-12 3.1357805464e-11 2.6405525665e-11 1.3580564270e-14 4.6508814663e-12 -3.1357789611e-11 2.8775720231e-13
d  1.4687303992e-02 1.7188887187e+00 -2.0000000000e-01 2.1476009558e-04 3.0000000000e+02 -1.7536239909e-11 -3.7029519107e-12 2.1476019312e-11 1.7536067970e-11 7.5582916472e-15 3.7029718081e-12 -2.1476009360e-11 2.2940497291e-13
d  1.4687496952e-02 1.7187536469e+00 -2.0000000000e-01 1.5006495598e-04 3.0000000000e+02 -1.1861803200e-11 -2.9541975720e-12 1.5006502471e-11 1.1861631299e-11 4.3782874039e-15 2.9542175118e-12 -1.5006495487e-11 1.8626575342e-13
d  1.4687728503e-02 1.7185915607e+00 -2.0000000000e-01 1.0692258073e-04 3.0000000000e+02 -8.1722221104e-12 -2.3638928146e-12 1.0692266112e-11 8.1720502283e-12 2.6421459437e-15 2.3639127561e-12 -1.0692257963e-11 1.5365046946e-13
d  1.4688006365e-02 1.7183970573e+00 -2.0000000000e-01 7.7593014106e-05 3.0000000000e+02 -5.7309746856e-12 -1.8981951952e-12 7.7593108158e-12 5.7308028254e-12 1.6711706257e-15 1.8982151383e-12 -7.7593013033e-12 1.2860756421e-13
d  1.4688339800e-02 1.7181636532e+00 -2.0000000000e-01 5.7271560340e-05 3.0000000000e+02 -4.0871619090e-12 -1.5298790730e-12 5.7271728887e-12 4.0869900641e-12 1.1166250380e-15 1.5298989881e-12 -5.7271558702e-12 1.0914533320e-13
d  1.4688739921e-02 1.7178835683e+00 -2.0000000000e-01 4.2935189109e-05 3.0000000000e+02 -2.9614842130e-12 -1.2375284691e-12 4.2935437988e-12 2.9613123917e-12 7.9373646144e-16 1.2375483649e-12 -4.2935187089e-12 9.3868808428e-14
d  1.4689220067e-02 1.7175474664e+00 -2.0000000000e-01 3.2650227269e-05 3.0000000000e+02 -2.1783196774e-12 -1.0044861371e-12 3.2650441892e-12 2.1781479002e-12 6.0243544935e-16 1.0045060624e-12 -3.2650225832e-12 8.1774635752e-14
d  1.4689796242e-02 1.7171441441e+00 -2.0000000000e-01 2.5157562365e-05 3.0000000000e+02 -1.6254007208e-12 -8.1789703358e-13 2.5157761302e-12 1.6252289897e-12 4.8722101859e-16 8.1791697596e-13 -2.5157561264e-12 7.2128573151e-14
d  1.4690487652e-02 1.7166601574e+00 -2.0000000000e-01 1.9622379819e-05 3.0000000000e+02 -1.2297368382e-12 -6.6785515329e-13 1.9622573004e-12 1.2295651592e-12 4.1687315666e-16 6.6787510674e-13 -1.9622378933e-12 6.4385414895e-14
d  1.4691317344e-02 1.7160793733e+00 -2.0000000000e-01 1.5481350369e-05 3.0000000000e+02 -9.4308275982e-13 -5.4670166633e-13 1.5481558449e-12 9.4291114062e-13 3.7331140701e-16 5.4672162462e-13 -1.5481349576e-12 5.8134419725e-14
d  1.4692312974e-02 1.7153824324e+00 -2.0000000000e-01 1.2347898789e-05 3.0000000000e+02 -7.3303993686e-13 -4.4849974010e-13 1.2348107153e-12 7.3286838949e-13 3.4599337495e-16 4.4851970534e-13 -1.2347898130e-12 5.3062979181e-14
d  1.4693507730e-02 1.7145461033e+00 -2.0000000000e-01 9.9525287006e-06 3.0000000000e+02 -5.7752584191e-13 -3.6862667693e-13 9.9524169490e-13 5.7735439128e-13 3.2864286876e-16 3.6864669244e-13 -9.9525290094e-13 4.8930800230e-14
d  1.4694941437e-02 1.7135425084e+00 -2.0000000000e-01 8.1045705291e-06 3.0000000000e+02 -4.6127785809e-13 -3.0345216325e-13 8.1043166489e-13 4.6110651122e-13 3.1741403335e-16 3.0347219258e-13 -8.1045711012e-13 4.5550782227e-14
d  1.4696661886e-02 1.7123381945e+00 -2.0000000000e-01 6.6672716412e-06 3.0000000000e+02 -3.7361050353e-13 -2.5016224696e-13 6.6674462462e-13 3.7343926556e-13 3.1005578365e-16 2.5018223017e-13 -6.6672713256e-13 4.2778909639e-14
d  1.4698726425e-02 1.7108930178e+00 -2.0000000000e-01 5.5413187788e-06 3.0000000000e+02 -3.0695425221e-13 -2.0652655187e-13 5.5414456061e-13 3.0678316043e-13 3.0512882890e-16 2.0654654171e-13 -5.5413185898e-13 4.0501552093e-14
d  1.4701203871e-02 1.7091588058e+00 -2.0000000000e-01 4.6536721153e-06 3.0000000000e+02 -2.5587771358e-13 -1.7070743474e-13 4.6537978776e-13 2.5570679569e-13 3.0167768979e-16 1.7072742636e-13 -4.6536719595e-13 3.8625080410e-14
d  1.4704176807e-02 1.7070777514e+00 -2.0000000000e-01 3.9499945687e-06 3.0000000000e+02 -2.1644003405e-13 -1.4132766799e-13 3.9500562609e-13 2.1626932546e-13 2.9919226895e-16 1.4134766456e-13 -3.9499945072e-13 3.7079722874e-14
d  1.4707744330e-02 1.7045804861e+00 -2.0000000000e-01 3.3895702494e-06 3.0000000000e+02 -1.8577110315e-13 -1.1723634787e-13 3.3894491706e-13 1.8560064642e-13 2.9728017646e-16 1.1725635347e-13 -3.3895703598e-13 3.5807079215e-14
d  1.4712025357e-02 1.7015837678e+00 -2.0000000000e-01 2.9414113426e-06 3.0000000000e+02 -1.6173449228e-13 -9.7493627088e-14 2.9414503739e-13 1.6156433355e-13 2.9566762785e-16 9.7513625584e-14 -2.9414113168e-13 3.4759435810e-14
d  1.4717162590e-02 1.6979877058e+00 -2.0000000000e-01 2.5816809897e-06 3.0000000000e+02 -1.4272215103e-13 -8.1397687609e-14 2.5816853909e-13 1.4255235223e-13 2.9428466456e-16 8.1417687468e-14 -2.5816809896e-13 3.3901354932e-14
d  1.4723327270e-02 1.6936724314e+00 -2.0000000000e-01 2.2815999798e-06 3.0000000000e+02 -1.2599690349e-13 -6.8793704723e-14 2.2818789994e-13 1.2582753451e-13 2.9289768889e-16 6.8813697256e-14 -2.2815998396e-13 3.3226701356e-14
d  1.4730724885e-02 1.6884941021e+00 -2.0000000000e-01 2.0562937310e-06 3.0000000000e+02 -1.1515213201e-13 -5.7705601263e-14 2.0563139366e-13 1.1498328250e-13 2.9132018139e-16 5.7725600812e-14 -2.0562937245e-13 3.2629551560e-14
d  1.4739602023e-02 1.6822801069e+00 -2.0000000000e-01 1.8647126847e-06 3.0000000000e+02 -1.0475724217e-13 -4.9391590919e-14 1.8647971958e-13 1.0458901380e-13 2.8981612031e-16 4.9411589347e-14 -1.8647126566e-13 3.2180140959e-14
d  1.4750254590e-02 1.6748233128e+00 -2.0000000000e-01 1.7015128164e-06 3.0000000000e+02 -9.5044456164e-14 -4.3124675503e-14 1.7013668318e-13 9.4876974364e-14 2.8798923930e-16 4.3144677769e-14 -1.7015128614e-13 3.1839887298e-14
d  1.4763037669e-02 1.6658751597e+00 -2.0000000000e-01 1.5718645430e-06 3.0000000000e+02 -8.7526251982e-14 -3.7964926997e-14 1.5716994963e-13 8.7359664971e-14 2.8587448489e-16 3.7984929137e-14 -1.5718645854e-13 3.1558364070e-14
d  1.4778377364e-02 1.6551373761e+00 -2.0000000000e-01 1.4630390043e-06 3.0000000000e+02 -8.0741448860e-14 -3.4080088889e-14 1.4628783340e-13 8.0575935537e-14 2.8339459975e-16 3.4100090629e-14 -1.4630390390e-13 3.1345495565e-14
d  1.4787581181e-02 1.6486947060e+00 -2.0000000000e-01 1.4141630813e-06 3.0000000000e+02 -7.7521856823e-14 -3.2502276818e-14 1.4140264803e-13 7.7356987841e-14 2.8194448381e-16 3.2522278987e-14 -1.4141631240e-13 3.1258365441e-14
d  1.4798625762e-02 1.6409635018e+00 -2.0000000000e-01 1.3643718229e-06 3.0000000000e+02 -7.3984413518e-14 -3.1132328619e-14 1.3645393265e-13 7.3820316606e-14 2.8023064735e-16 3.1152326127e-14 -1.3643717769e-13 3.1182832538e-14
d  1.4811879259e-02 1.6316860567e+00 -2.0000000000e-01 1.3141075683e-06 3.0000000000e+02 -7.0217418256e-14 -2.9942634870e-14 1.3139385739e-13 7.0054250131e-14 2.7817604902e-16 2.9962636971e-14 -1.3141076096e-13 3.1117102152e-14
d  1.4819831357e-02 1.6261195897e+00 -2.0000000000e-01 1.2880756843e-06 3.0000000000e+02 -6.8206140103e-14 -2.9379639416e-14 1.2882321019e-13 6.8043527518e-14 2.7695693142e-16 2.9399636558e-14 -1.2880756313e-13 3.1085841149e-14
d  1.4829373874e-02 1.6194398293e+00 -2.0000000000e-01 1.2591645245e-06 3.0000000000e+02 -6.5867540245e-14 -2.8862030566e-14 1.2590683174e-13 6.5705596624e-14 2.7550767093e-16 2.8882032214e-14 -1.2591645571e-13 3.1057082050e-14
d  1.4840824895e-02 1.6114241167e+00 -2.0000000000e-01 1.2270153976e-06 3.0000000000e+02 -6.3152112913e-14 -2.8385687220e-14 1.2271660421e-13 6.2990970021e-14 2.7377167955e-16 2.8405685063e-14 -1.2270153578e-13 3.1030521968e-14
d  1.4854566121e-02 1.6018052617e+00 -2.0000000000e-01 1.1918163119e-06 3.0000000000e+02 -6.0095182492e-14 -2.7950305294e-14 1.1917007357e-13 5.9935002280e-14 2.7171463874e-16 2.7970306678e-14 -1.1918163394e-13 3.1006137229e-14
d  1.4862810856e-02 1.5960339487e+00 -2.0000000000e-01 1.1727595257e-06 3.0000000000e+02 -5.8442700775e-14 -2.7711000645e-14 1.1726815324e-13 5.8283097679e-14 2.7048129292e-16 2.7731002018e-14 -1.1727595530e-13 3.0992669006e-14
d  1.4872704538e-02 1.5891083731e+00 -2.0000000000e-01 1.1503773290e-06 3.0000000000e+02 -5.6420485012e-14 -2.7506061504e-14 1.1502852670e-13 5.6261574506e-14 2.6902309964e-16 2.7526063024e-14 -1.1503773590e-13 3.0981077075e-14
d  1.4884576957e-02 1.5807976823e+00 -2.0000000000e-01 1.1245514932e-06 3.0000000000e+02 -5.4032641623e-14 -2.7322344907e-14 1.1246946910e-13 5.3874561417e-14 2.6726493358e-16 2.7342342931e-14 -1.1245514568e-13 3.0970594844e-14
d  1.4898823859e-02 1.5708248535e+00 -2.0000000000e-01 1.0952409801e-06 3.0000000000e+02 -5.1292618902e-14 -2.7145086924e-14 1.0951395782e-13 5.1135536680e-14 2.6518367305e-16 2.7165088094e-14 -1.0952410035e-13 3.0960396021e-14
d  1.4907372001e-02 1.5648411561e+00 -2.0000000000e-01 1.0789778390e-06 3.0000000000e+02 -4.9792444983e-14 -2.7025570827e-14 1.0789039596e-13 4.9635961139e-14 2.6392617124e-16 2.7045572081e-14 -1.0789778638e-13 3.0953518722e-14
d  1.4917629770e-02 1.5576607193e+00 -2.0000000000e-01 1.0594526488e-06 3.0000000000e+02 -4.7933010406e-14 -2.6936882888e-14 1.0593648604e-13 4.7777244638e-14 2.6245170346e-16 2.6956884285e-14 -1.0594526764e-13 3.0948319359e-14
d  1.4929939094e-02 1.5490441952e+00 -2.0000000000e-01 1.0365770005e-06 3.0000000000e+02 -4.5728090742e-14 -2.6859539029e-14 1.0364865826e-13 4.5573186588e-14 2.6067073560e-16 2.6879540231e-14 -1.0365770243e-13 3.0943684377e-14
d  1.4937324688e-02 1.5438742807e+00 -2.0000000000e-01 1.0298394706e-06 3.0000000000e+02 -4.5466672746e-14 -2.6470578184e-14 1.0298188248e-13 4.5312285405e-14 2.5958576688e-16 2.6490578588e-14 -1.0298394793e-13 3.0921739125e-14
d  1.4946187402e-02 1.5376703833e+00 -2.0000000000e-01 1.0086525945e-06 3.0000000000e+02 -4.3008489015e-14 -2.6791049865e-14 1.0087360976e-13 4.2854721648e-14 2.5837285218e-16 2.6811048333e-14 -1.0086525664e-13 3.0939472958e-14
d  1.4956822657e-02 1.5302257064e+00 -2.0000000000e-01 9.9034579837e-07 3.0000000000e+02 -4.1230151384e-14 -2.6745357736e-14 9.9026149032e-14 4.1077129094e-14 2.5683202063e-16 2.6765359029e-14 -9.9034582394e-14 3.0936556740e-14
d  1.4969584964e-02 1.5212920942e+00 -2.0000000000e-01 9.6870587212e-07 3.0000000000e+02 -3.9115226101e-14 -2.6697892617e-14 9.6860695692e-14 3.8963097171e-14 2.5502632501e-16 2.6717893885e-14 -9.6870589719e-14 3.0933566001e-14
d  1.4984899732e-02 1.5105717595e+00 -2.0000000000e-01 9.4349069903e-07 3.0000000000e+02 -3.6647936299e-14 -2.6648244385e-14 9.4340641550e-14 3.6496879325e-14 2.5288524397e-16 2.6668245288e-14 -9.4349071714e-14 3.0930358413e-14
d  1.5000000000e-02 1.5000015750e+00 -2.0000000000e-01 9.1950150877e-07 3.0000000000e+02 -3.4302335557e-14 -2.6600829164e-14 9.1942048591e-14 3.4152335590e-14 2.5078315891e-16 2.6620830017e-14 -9.1950152583e-14 3.0927271499e-14
d  1.5009060161e-02 1.4936594643e+00 -2.0000000000e-01 9.0587359111e-07 3.0000000000e+02 -3.2991437521e-14 -2.6552539004e-14 9.0581122125e-14 3.2842071789e-14 2.4952422114e-16 2.6572540001e-14 -9.0587361095e-14 3.0924300388e-14
d  1.5019932353e-02 1.4860489315e+00 -2.0000000000e-01 8.8930468852e-07 3.0000000000e+02 -3.1358398671e-14 -2.6529244517e-14 8.8923180906e-14 3.1209794014e-14 2.4803635921e-16 2.6549245609e-14 -8.8930471012e-14 3.0922678306e-14
d  1.5032978985e-02 1.4769162921e+00 -2.0000000000e-01 8.6969667705e-07 3.0000000000e+02 -2.9415911332e-14 -2.6513071603e-14 8.6960753416e-14 2.9268219947e-14 2.4625330264e-16 2.6533072720e-14 -8.6969669914e-14 3.0921383040e-14
d  1.5048634942e-02 1.4659571249e+00 -2.0000000000e-01 8.4101226613e-07 3.0000000000e+02 -2.6273745467e-14 -2.6773446781e-14 8.4087220201e-14 2.6127150080e-14 2.4413324436e-16 2.6793448248e-14 -8.4101229493e-14 3.0935541947e-14
d  1.5058028517e-02 1.4593816246e+00 -2.0000000000e-01 8.3302412073e-07 3.0000000000e+02 -2.5854857149e-14 -2.6417733501e-14 8.3296469511e-14 2.5708919184e-14 2.4283941470e-16 2.6437734417e-14 -8.3302413895e-14 3.0915250138e-14
d  1.5069300807e-02 1.4514910241e+00 -2.0000000000e-01 8.1726750029e-07 3.0000000000e+02 -2.4289828941e-14 -2.6405186254e-14 8.1720127798e-14 2.4144680045e-14 2.4134588306e-16 2.6425187211e-14 -8.1726751927e-14 3.0914247386e-14
d  1.5082827554e-02 1.4420223036e+00 -2.0000000000e-01 7.9324994168e-07 3.0000000000e+02 -2.1601102926e-14 -2.6678640192e-14 7.9313826536e-14 2.1456900990e-14 2.3956750726e-16 2.6698641541e-14 -7.9324996803e-14 3.0929205637e-14
d  1.5099059651e-02 1.4306598390e+00 -2.0000000000e-01 7.7089989975e-07 3.0000000000e+02 -1.9432058429e-14 -2.6619515536e-14 7.7077625415e-14 1.9288992722e-14 2.3738684513e-16 2.6639516784e-14 -7.7089992429e-14 3.0925366887e-14
d  1.5118538167e-02 1.4170248815e+00 -2.0000000000e-01 7.5053074201e-07 3.0000000000e+02 -1.7750759478e-14 -2.6284352186e-14 7.5047321423e-14 1.7609057099e-14 2.3483136741e-16 2.6304352672e-14 -7.5053075204e-14 3.0905898453e-14
d  1.5130225277e-02 1.4088439070e+00 -2.0000000000e-01 7.3563312805e-07 3.0000000000e+02 -1.6250980958e-14 -2.6292317676e-14 7.3555296513e-14 1.6110096784e-14 2.3331898260e-16 2.6312318672e-14 -7.3563314771e-14 3.0905981777e-14
d  1.5144249809e-02 1.3990267376e+00 -2.0000000000e-01 7.1347565956e-07 3.0000000000e+02 -1.3769684859e-14 -2.6544920894e-14 7.1337923089e-14 1.3629782430e-14 2.3151471635e-16 2.6564922017e-14 -7.1347568152e-14 3.0919780106e-14
d  1.5161079247e-02 1.3872461343e+00 -2.0000000000e-01 6.9254860740e-07 3.0000000000e+02 -1.1722536457e-14 -2.6506032889e-14 6.9244381607e-14 1.1583812069e-14 2.2935242069e-16 2.6526033909e-14 -6.9254862729e-14 3.0917033575e-14
d  1.5181274572e-02 1.3731094103e+00 -2.0000000000e-01 6.7318310467e-07 3.0000000000e+02 -1.0097137275e-14 -2.6212868195e-14 6.7314004462e-14 9.9598264127e-15 2.2677663545e-16 2.6232868546e-14 -6.7318311187e-14 3.0899826315e-14
d  1.5193391768e-02 1.3646273760e+00 -2.0000000000e-01 6.5472795256e-07 3.0000000000e+02 -7.9885774335e-15 -2.6460896187e-14 6.5464664729e-14 7.8521149064e-15 2.2526459338e-16 2.6480897160e-14 -6.5472797178e-14 3.0913467024e-14
d  1.5207932402e-02 1.3544489347e+00 -2.0000000000e-01 6.3796781863e-07 3.0000000000e+02 -6.3455961125e-15 -2.6432868278e-14 6.3788508904e-14 6.2101514205e-15 2.2342870756e-16 2.6452869206e-14 -6.3796783718e-14 3.0911379625e-14
d  1.5225381164e-02 1.3422348052e+00 -2.0000000000e-01 6.1828213699e-07 3.0000000000e+02 -4.4101950579e-15 -2.6402368482e-14 6.1818987010e-14 4.2759717674e-15 2.2126779458e-16 2.6422369347e-14 -6.1828215350e-14 3.0909089009e-14
d  1.5246319677e-02 1.3275778498e+00 -2.0000000000e-01 5.9545950831e-07 3.0000000000e+02 -2.1685912877e-15 -2.6365718076e-14 5.9537844581e-14 2.0358336442e-15 2.1870116913e-16 2.6385718712e-14 -5.9545952114e-14 3.0906314961e-14
d  1.5271445894e-02 1.3099895033e+00 -2.0000000000e-01 5.6902896938e-07 3.0000000000e+02 4.3385085154e-16 -2.6329045131e-14 5.6897369004e-14 -5.6484972010e-16 2.1565213753e-16 2.6349045493e-14 -5.6902897686e-14 3.0903384149e-14
d  1.5301597353e-02 1.2888834876e+00 -2.0000000000e-01 5.3463340802e-07 3.0000000000e+02 4.0304474881e-15 -2.6480115231e-14 5.3445727650e-14 -4.1593356159e-15 2.1204266204e-16 2.6500116196e-14 -5.3463342682e-14 3.0910939635e-14
d  1.5337779105e-02 1.2635562686e+00 -2.0000000000e-01 5.0297283074e-07 3.0000000000e+02 6.9300355392e-15 -2.6231565253e-14 5.0302791600e-14 -7.0563912248e-15 2.0777557856e-16 2.6251565000e-14 -5.0297282637e-14 3.0895545349e-14
d  1.5348633630e-02 1.2559581030e+00 -2.0000000000e-01 4.9289778109e-07 3.0000000000e+02 7.9312238516e-15 -2.6224327965e-14 4.9284648555e-14 -8.0568195308e-15 2.0651258532e-16 2.6244328576e-14 -4.9289779289e-14 3.0894737470e-14
d  1.5361659061e-02 1.2468403041e+00 -2.0000000000e-01 4.8099213775e-07 3.0000000000e+02 9.1169246503e-15 -2.6222404322e-14 4.8094503362e-14 -9.2416085552e-15 2.0501246674e-16 2.6242404909e-14 -4.8099214943e-14 3.0894154657e-14
d  1.5377289578e-02 1.2358989456e+00 -2.0000000000e-01 4.6694334769e-07 3.0000000000e+02 1.0518432933e-14 -2.6219869892e-14 4.6688903366e-14 -1.0642022705e-14 2.0322000007e-16 2.6239870458e-14 -4.6694335904e-14 3.0893443414e-14
d  1.5386667888e-02 1.2293341304e+00 -2.0000000000e-01 4.6180607696e-07 3.0000000000e+02 1.0833599320e-14 -2.6032903457e-14 4.6184476865e-14 -1.0956532859e-14 2.0213551336e-16 2.6052902863e-14 -4.6180606617e-14 3.0882409118e-14
d  1.5397921860e-02 1.2214563522e+00 -2.0000000000e-01 4.5219661112e-07 3.0000000000e+02 1.1808985568e-14 -2.6048432012e-14 4.5216480429e-14 -1.1931131106e-14 2.0087571601e-16 2.6068432470e-14 -4.5219662447e-14 3.0882896759e-14
d  1.5411426626e-02 1.2120030184e+00 -2.0000000000e-01 4.3777126010e-07 3.0000000000e+02 1.3454031606e-14 -2.6238348815e-14 4.3772912271e-14 -1.3575231800e-14 1.9936599176e-16 2.6258349321e-14 -4.3777126998e-14 3.0893245511e-14
d  1.5427632346e-02 1.2006590179e+00 -2.0000000000e-01 4.2407416475e-07 3.0000000000e+02 1.4820584203e-14 -2.6238351599e-14 4.2402580970e-14 -1.4940650000e-14 1.9754315742e-16 2.6258352084e-14 -4.2407417445e-14 3.0892629543e-14
d  1.5437355777e-02 1.1938526175e+00 -2.0000000000e-01 4.1888627720e-07 3.0000000000e+02 1.5153022392e-14 -2.6062608883e-14 4.1886880028e-14 -1.5272407599e-14 1.9645603836e-16 2.6082609141e-14 -4.1888628252e-14 3.0882199806e-14
d  1.5449023896e-02 1.1856849371e+00 -2.0000000000e-01 4.0946461018e-07 3.0000000000e+02 1.6107465755e-14 -2.6074629505e-14 4.0942783619e-14 -1.6226034140e-14 1.9517601285e-16 2.6094630015e-14 -4.0946462027e-14 3.0882462424e-14
d  1.5463025637e-02 1.1758837206e+00 -2.0000000000e-01 3.9556899103e-07 3.0000000000e+02 1.7680800189e-14 -2.6248216665e-14 3.9553186747e-14 -1.7798388469e-14 1.9364451774e-16 2.6268217095e-14 -3.9556899956e-14 3.0891875590e-14
d  1.5479827728e-02 1.1641222608e+00 -2.0000000000e-01 3.8223363523e-07 3.0000000000e+02 1.9008988069e-14 -2.6246386199e-14 3.8219088070e-14 -1.9125400206e-14 1.9180307921e-16 2.6266386612e-14 -3.8223364350e-14 3.0891121947e-14
d  1.5489908982e-02 1.1570653849e+00 -2.0000000000e-01 3.7698898070e-07 3.0000000000e+02 1.9362015652e-14 -2.6084415133e-14 3.7696544828e-14 -1.9477722119e-14 1.9071298410e-16 2.6104415468e-14 -3.7698898750e-14 3.0881435429e-14
d  1.5495957734e-02 1.1528312594e+00 -2.0000000000e-01 3.7454442448e-07 3.0000000000e+02 1.9468535906e-14 -2.5953330092e-14 3.7454043193e-14 -1.9583819012e-14 1.9006421870e-16 2.5973330187e-14 -3.7454442665e-14 3.0873670288e-14
d  1.5503216237e-02 1.1477503088e+00 -2.0000000000e-01 3.6912413402e-07 3.0000000000e+02 2.0025858154e-14 -2.5968774173e-14 3.6910493741e-14 -2.0140633096e-14 1.8929773987e-16 2.5988774599e-14 -3.6912414249e-14 3.0874291679e-14
d  1.5511926441e-02 1.1416531680e+00 -2.0000000000e-01 3.6259180371e-07 3.0000000000e+02 2.0702282148e-14 -2.5990146900e-14 3.6259588258e-14 -2.0816447481e-14 1.8837584028e-16 2.6010146824e-14 -3.6259180251e-14 3.0875163146e-14
d  1.5522378685e-02 1.1343365991e+00 -2.0000000000e-01 3.5503653111e-07 3.0000000000e+02 2.1469686030e-14 -2.6004185860e-14 3.5505938093e-14 -2.1583119765e-14 1.8724922419e-16 2.6024185507e-14 -3.5503652481e-14 3.0875550877e-14
d  1.5528650032e-02 1.1299466578e+00 -2.0000000000e-01 3.5050126372e-07 3.0000000000e+02 2.1932550403e-14 -2.6014883806e-14 3.5049376184e-14 -2.2045545033e-14 1.8659804616e-16 2.6034883978e-14 -3.5050126732e-14 3.0875915972e-14
d  1.5536175647e-02 1.1246787282e+00 -2.0000000000e-01 3.4506195568e-07 3.0000000000e+02 2.2489369953e-14 -2.6024154416e-14 3.4505127903e-14 -2.2601837778e-14 1.8579482584e-16 2.6044154644e-14 -3.4506196038e-14 3.0876147111e-14
d  1.5545206386e-02 1.1183572126e+00 -2.0000000000e-01 3.3851447048e-07 3.0000000000e+02 2.3163191385e-14 -2.6043574139e-14 3.3850889593e-14 -2.3275027085e-14 1.8484490119e-16 2.6063574239e-14 -3.3851447269e-14 3.0876902351e-14
d  1.5556043273e-02 1.1107713940e+00 -2.0000000000e-01 3.3085891158e-07 3.0000000000e+02 2.3941519723e-14 -2.6056755337e-14 3.3084310822e-14 -2.4052596813e-14 1.8372127841e-16 2.6076755573e-14 -3.3085891635e-14 3.0877224487e-14
d  1.5562545405e-02 1.1062199028e+00 -2.0000000000e-01 3.2637846270e-07 3.0000000000e+02 2.4391886554e-14 -2.6057751972e-14 3.2636211903e-14 -2.4502508469e-14 1.8304299895e-16 2.6077752332e-14 -3.2637846995e-14 3.0877019188e-14
d  1.5570347964e-02 1.1007581134e+00 -2.0000000000e-01 3.2091923134e-07 3.0000000000e+02 2.4948727225e-14 -2.6069896638e-14 3.2090686923e-14 -2.5058802983e-14 1.8223501873e-16 2.6089896894e-14 -3.2091922468e-14 3.0877404778e-14
d  1.5579711034e-02 1.0942039661e+00 -2.0000000000e-01 3.1456357521e-07 3.0000000000e+02 2.5587523672e-14 -2.6073733895e-14 3.1456471416e-14 -2.5696944073e-14 1.8126305217e-16 2.6093733876e-14 -3.1456357515e-14 3.0877245504e-14
d  1.5585328876e-02 1.0902714777e+00 -2.0000000000e-01 3.1066937716e-07 3.0000000000e+02 2.5986443791e-14 -2.6084348295e-14 3.1065013349e-14 -2.6095470837e-14 1.8069301280e-16 2.6104348785e-14 -3.1066938682e-14 3.0877631168e-14
d  1.5592070287e-02 1.0855524916e+00 -2.0000000000e-01 3.0605961381e-07 3.0000000000e+02 2.6456119245e-14 -2.6090635357e-14 3.0606283589e-14 -2.6564674510e-14 1.7999844980e-16 2.6110635280e-14 -3.0605961265e-14 3.0877718472e-14
d  1.5600159980e-02 1.0798897083e+00 -2.0000000000e-01 3.0055646934e-07 3.0000000000e+02 2.7017231158e-14 -2.6103890039e-14 3.0054355152e-14 -2.7125220075e-14 1.7917785218e-16 2.6123890296e-14 -3.0055647456e-14 3.0878154694e-14
d  1.5609867611e-02 1.0730943684e+00 -2.0000000000e-01 2.9418134706e-07 3.0000000000e+02 2.7655979848e-14 -2.6103920673e-14 2.9418197143e-14 -2.7763289288e-14 1.7819562300e-16 2.6123920663e-14 -2.9418134715e-14 3.0877758781e-14
d  1.5615692190e-02 1.0690171645e+00 -2.0000000000e-01 2.9026361606e-07 3.0000000000e+02 2.8057105277e-14 -2.6114875944e-14 2.9025522278e-14 -2.8164006950e-14 1.7760173373e-16 2.6134876150e-14 -2.9026362033e-14 3.0878154706e-14
d  1.5622681684e-02 1.0641245197e+00 -2.0000000000e-01 2.8565248929e-07 3.0000000000e+02 2.8525111169e-14 -2.6120435262e-14 2.8565199541e-14 -2.8631523618e-14 1.7689607113e-16 2.6140435273e-14 -2.8565248977e-14 3.0878188314e-14
d  1.5631069077e-02 1.0582533460e+00 -2.0000000000e-01 2.8012855340e-07 3.0000000000e+02 2.9087903120e-14 -2.6131871093e-14 2.8011767671e-14 -2.9193728411e-14 1.7605350505e-16 2.6151871302e-14 -2.8012855767e-14 3.0878505436e-14
d  1.5641133949e-02 1.0512079376e+00 -2.0000000000e-01 2.7374359831e-07 3.0000000000e+02 2.9726463483e-14 -2.6131527193e-14 2.7374395956e-14 -2.9831584278e-14 1.7505794412e-16 2.6151527187e-14 -2.7374359848e-14 3.0878069666e-14
d  1.5647172873e-02 1.0469806925e+00 -2.0000000000e-01 2.6981547407e-07 3.0000000000e+02 3.0128518335e-14 -2.6142119900e-14 2.6981361116e-14 -3.0233216395e-14 1.7445052333e-16 2.6162119944e-14 -2.6981547512e-14 3.0878434529e-14
d  1.5654419581e-02 1.0419079984e+00 -2.0000000000e-01 2.6520553047e-07 3.0000000000e+02 3.0595504083e-14 -2.6147454016e-14 2.6520297464e-14 -3.0699694871e-14 1.7373372096e-16 2.6167454072e-14 -2.6520553182e-14 3.0878442305e-14
d  1.5663115630e-02 1.0358207655e+00 -2.0000000000e-01 2.5967792012e-07 3.0000000000e+02 3.1158307740e-14 -2.6157661951e-14 2.5967084435e-14 -3.1261889789e-14 1.7287386187e-16 2.6177662082e-14 -2.5967792287e-14 3.0878673281e-14
d  1.5673550889e-02 1.0285160861e+00 -2.0000000000e-01 2.5330006535e-07 3.0000000000e+02 3.1795253865e-14 -2.6157146335e-14 2.5330318413e-14 -3.1898105484e-14 1.7185107217e-16 2.6177146287e-14 -2.5330006469e-14 3.0878208165e-14
d  1.5679812045e-02 1.0241332784e+00 -2.0000000000e-01 2.4936749023e-07 3.0000000000e+02 3.2198097726e-14 -2.6167664397e-14 2.4936756057e-14 -3.2300511054e-14 1.7123269606e-16 2.6187664395e-14 -2.4936749045e-14 3.0878557949e-14
d  1.5687325432e-02 1.0188739092e+00 -2.0000000000e-01 2.4476485633e-07 3.0000000000e+02 3.2664020742e-14 -2.6172930454e-14 2.4476347314e-14 -3.2765908126e-14 1.7050506032e-16 2.6192930483e-14 -2.4476485714e-14 3.0878548079e-14
d  1.5696341496e-02 1.0125626661e+00 -2.0000000000e-01 2.3924834803e-07 3.0000000000e+02 3.3225463535e-14 -2.6182781201e-14 2.3924645690e-14 -3.3326719794e-14 1.6963248900e-16 2.6202781235e-14 -2.3924834891e-14 3.0878742192e-14
d  1.5707160773e-02 1.0049891744e+00 -2.0000000000e-01 2.3288071761e-07 3.0000000000e+02 3.3861591155e-14 -2.6182813000e-14 2.3288137154e-14 -3.3962090075e-14 1.6858104610e-16 2.6202812990e-14 -2.3288071766e-14 3.0878288293e-14
d  1.5714290000e-02 9.9999871667e-01 -2.0000000000e-01 2.2858164403e-07 3.0000000000e+02 3.4301622331e-14 -2.6193179862e-14 2.2858387662e-14 -3.4401622213e-14 1.6790088204e-16 2.6213179817e-14 -2.2858164339e-14 3.0878590832e-14
d  1.5722845073e-02 9.9401016735e-01 -2.0000000000e-01 2.2353942520e-07 3.0000000000e+02 3.4812773515e-14 -2.6200271149e-14 2.2354012786e-14 -3.4912174534e-14 1.6708038056e-16 2.6220271136e-14 -2.2353942518e-14 3.0878640279e-14
d  1.5733111160e-02 9.8682390817e-01 -2.0000000000e-01 2.1764769496e-07 3.0000000000e+02 3.5403863555e-14 -2.6202590029e-14 2.1764789388e-14 -3.5502545946e-14 1.6610638319e-16 2.6222590026e-14 -2.1764769512e-14 3.0878339569e-14
d  1.5745430465e-02 9.7820039715e-01 -2.0000000000e-01 2.1051961776e-07 3.0000000000e+02 3.6129865208e-14 -2.6216175735e-14 2.1051552377e-14 -3.6227685236e-14 1.6494386250e-16 2.6236175788e-14 -2.1051961899e-14 3.0878606305e-14
d  1.5760213631e-02 9.6785218393e-01 -2.0000000000e-01 1.9931853824e-07 3.0000000000e+02 3.7451003156e-14 -2.6406377644e-14 1.9930361135e-14 -3.7547788340e-14 1.6355208454e-16 2.6426377807e-14 -1.9931854155e-14 3.0889057692e-14
d  1.5777953430e-02 9.5543432806e-01 -2.0000000000e-01 1.8939651779e-07 3.0000000000e+02 3.8438156137e-14 -2.6403468307e-14 1.8937246282e-14 -3.8533699523e-14 1.6189159564e-16 2.6423468526e-14 -1.8939652216e-14 3.0888132464e-14
d  1.5799241189e-02 9.4053290102e-01 -2.0000000000e-01 1.7668918990e-07 3.0000000000e+02 3.9775542931e-14 -2.6466995016e-14 1.7666824405e-14 -3.9869596186e-14 1.5992759264e-16 2.6486995175e-14 -1.7668919311e-14 3.0890950143e-14
d  1.5824786500e-02 9.2265118857e-01 -2.0000000000e-01 1.6287490230e-07 3.0000000000e+02 4.1163311901e-14 -2.6475594679e-14 1.6283554793e-14 -4.1255576965e-14 1.5759572110e-16 2.6495594929e-14 -1.6287490725e-14 3.0890374417e-14
d  1.5855440873e-02 9.0119313364e-01 -2.0000000000e-01 1.4721834554e-07 3.0000000000e+02 4.2720391820e-14 -2.6468018494e-14 1.4719241928e-14 -4.2810511103e-14 1.5484621373e-16 2.6488018632e-14 -1.4721834833e-14 3.0888627225e-14
d  1.5892226120e-02 8.7544346771e-01 -2.0000000000e-01 1.3047599834e-07 3.0000000000e+02 4.4319180374e-14 -2.6400235733e-14 1.3048670737e-14 -4.4406724731e-14 1.5160521186e-16 2.6420235685e-14 -1.3047599757e-14 3.0883059234e-14
d  1.5936368417e-02 8.4454386860e-01 -2.0000000000e-01 1.0922814306e-07 3.0000000000e+02 4.6525654503e-14 -2.6479327177e-14 1.0925028942e-14 -4.6610108908e-14 1.4780538179e-16 2.6499327095e-14 -1.0922814158e-14 3.0885750189e-14
d  1.5962853795e-02 8.2600410914e-01 -2.0000000000e-01 9.7312856111e-08 3.0000000000e+02 4.7748353271e-14 -2.6510900215e-14 9.7294160691e-15 -4.7830953659e-14 1.4554457999e-16 2.6530900317e-14 -9.7312858150e-15 3.0886423302e-14
d  1.5978745022e-02 8.1488025346e-01 -2.0000000000e-01 9.1445845128e-08 3.0000000000e+02 4.8278808482e-14 -2.6458021777e-14 9.1437400191e-15 -4.8360296491e-14 1.4421737316e-16 2.6478021853e-14 -9.1445846672e-15 3.0882588299e-14
d  1.5997814495e-02 8.0153162665e-01 -2.0000000000e-01 8.3446111799e-08 3.0000000000e+02 4.9099195315e-14 -2.6478258667e-14 8.3432840922e-15 -4.9179348453e-14 1.4263544945e-16 2.6498258779e-14 -8.3446114025e-15 3.0882917313e-14
d  1.6020697861e-02 7.8551327447e-01 -2.0000000000e-01 7.4943915755e-08 3.0000000000e+02 4.9917758090e-14 -2.6449274455e-14 7.4941460622e-15 -4.9996309414e-14 1.4076079142e-16 2.6469274473e-14 -7.4943916161e-15 3.0880151647e-14
d  1.6034427881e-02 7.7590226316e-01 -2.0000000000e-01 7.0234988354e-08 3.0000000000e+02 5.0354542708e-14 -2.6418540864e-14 7.0235985517e-15 -5.0432132937e-14 1.3964296428e-16 2.6438540854e-14 -7.0234988225e-15 3.0877692868e-14
d  1.6050903905e-02 7.6436904959e-01 -2.0000000000e-01 6.3739125818e-08 3.0000000000e+02 5.1037311992e-14 -2.6450488899e-14 6.3739830285e-15 -5.1113748898e-14 1.3831615974e-16 2.6470488892e-14 -6.3739125751e-15 3.0878814225e-14
d  1.6060789520e-02 7.5744912145e-01 -2.0000000000e-01 5.9934024727e-08 3.0000000000e+02 5.1435775880e-14 -2.6467915767e-14 5.9936158738e-15 -5.1511520798e-14 1.3752474932e-16 2.6487915736e-14 -5.9934024199e-15 3.0879380176e-14
d  1.6072652257e-02 7.4914520768e-01 -2.0000000000e-01 5.3402268049e-08 3.0000000000e+02 5.2258410847e-14 -2.6628704830e-14 5.3426639824e-15 -5.2333325438e-14 1.3659289141e-16 2.6648704500e-14 -5.3402261806e-15 3.0888368077e-14
d  1.6086887542e-02 7.3918051116e-01 -2.0000000000e-01 5.0024927705e-08 3.0000000000e+02 5.2472460912e-14 -2.6513864271e-14 5.0016868927e-15 -5.2546378943e-14 1.3545156299e-16 2.6533864362e-14 -5.0024929490e-15 3.0880871600e-14
d  1.6103969884e-02 7.2722287533e-01 -2.0000000000e-01 4.3758743244e-08 3.0000000000e+02 5.3130660786e-14 -2.6542204717e-14 4.3768679072e-15 -5.3203383094e-14 1.3412570502e-16 2.6562204623e-14 -4.3758741501e-15 3.0881761647e-14
d  1.6124468694e-02 7.1287371234e-01 -2.0000000000e-01 3.5840383665e-08 3.0000000000e+02 5.4002610217e-14 -2.6620914015e-14 3.5844219605e-15 -5.4073897594e-14 1.3253590477e-16 2.6640913984e-14 -3.5840383127e-15 3.0885468991e-14
d  1.6149067266e-02 6.9565471675e-01 -2.0000000000e-01 2.7296756508e-08 3.0000000000e+02 5.4899750525e-14 -2.6661533411e-14 2.7294719098e-15 -5.4969315994e-14 1.3065169200e-16 2.6681533425e-14 -2.7296756791e-15 3.0886721708e-14
d  1.6178585552e-02 6.7499192204e-01 -2.0000000000e-01 1.6144784732e-08 3.0000000000e+02 5.6156899873e-14 -2.6796689192e-14 1.6145770960e-15 -5.6224399067e-14 1.2842432293e-16 2.6816689187e-14 -1.6144784645e-15 3.0893388727e-14
d  1.6214007496e-02 6.5019656839e-01 -2.0000000000e-01 4.6865092225e-09 3.0000000000e+02 5.7365365784e-14 -2.6858590348e-14 4.6777447923e-16 -5.7430385432e-14 1.2579812854e-16 2.6878590387e-14 -4.6865099937e-16 3.0895417600e-14
d  1.6256513829e-02 6.2044214400e-01 -2.0000000000e-01 -8.3796195780e-09 3.0000000000e+02 5.8753423391e-14 -2.6936409078e-14 -8.3811901636e-16 -5.8815467604e-14 1.2271991194e-16 2.6956409084e-14 8.3796194721e-16 3.0898066931e-14
d  1.6282017628e-02 6.0258948937e-01 -2.0000000000e-01 -1.5337119363e-08 3.0000000000e+02 5.9462561733e-14 -2.6951149427e-14 -1.5332906268e-15 -5.9522820687e-14 1.2090906822e-16 2.6971149403e-14 1.5337119829e-15 3.0897734345e-14
d  1.6312622188e-02 5.8116630382e-01 -2.0000000000e-01 -2.3998501794e-08 3.0000000000e+02 6.0398019029e-14 -2.7017676707e-14 -2.4001477116e-15 -6.0456135656e-14 1.1876950021e-16 2.7037676722e-14 2.3998501519e-15 3.0900266064e-14
d  1.6349347659e-02 5.5545848115e-01 -2.0000000000e-01 -3.3933425935e-08 3.0000000000e+02 6.1478881366e-14 -2.7101077266e-14 -3.3936099757e-15 -6.1534427212e-14 1.1624734882e-16 2.7121077277e-14 3.3933425747e-15 3.0903524162e-14
d  1.6393418225e-02 5.2460909395e-01 -2.0000000000e-01 -4.5618797637e-08 3.0000000000e+02 6.2786838587e-14 -2.7234627726e-14 -4.5622668006e-15 -6.2839299493e-14 1.1327577277e-16 2.7254627741e-14 4.5618797412e-15 3.0909474419e-14
d  1.6446302904e-02 4.8758982931e-01 -2.0000000000e-01 -5.8322066905e-08 3.0000000000e+02 6.4196139776e-14 -2.7367800526e-14 -5.8322796845e-15 -6.4244898759e-14 1.0982712592e-16 2.7387800528e-14 5.8322066920e-15 3.0915007971e-14
d  1.6509764518e-02 4.4316671175e-01 -2.0000000000e-01 -7.2144183558e-08 3.0000000000e+02 6.5736557952e-14 -2.7519583295e-14 -7.2142165291e-15 -6.5780874624e-14 1.0586364420e-16 2.7539583290e-14 7.2144183731e-15 3.0921195067e-14
d  1.6528803002e-02 4.2983977648e-01 -2.0000000000e-01 -7.5930337999e-08 3.0000000000e+02 6.6156080657e-14 -2.7558899049e-14 -7.5929425594e-15 -6.6199064636e-14 1.0469317546e-16 2.7578899042e-14 7.5930338191e-15 3.0922687213e-14
d  1.6551649184e-02 4.1384745415e-01 -2.0000000000e-01 -8.0598899279e-08 3.0000000000e+02 6.6692910848e-14 -2.7625397131e-14 -8.0598809540e-15 -6.6734295594e-14 1.0331178513e-16 2.7645397131e-14 8.0598899372e-15 3.0925655448e-14
d  1.6579064601e-02 3.9465666736e-01 -2.0000000000e-01 -8.6065857055e-08 3.0000000000e+02 6.7328852074e-14 -2.7710495215e-14 -8.6065819553e-15 -6.7368317741e-14 1.0167264861e-16 2.7730495215e-14 8.6065857146e-15 3.0929551997e-14
d  1.6611963102e-02 3.7162772321e-01 -2.0000000000e-01 -9.2370108991e-08 3.0000000000e+02 6.8068212205e-14 -2.7814273742e-14 -9.2370062569e-15 -6.8105374977e-14 9.9740893845e-17 2.7834273742e-14 9.2370109087e-15 3.0934349791e-14
d  1.6651441303e-02 3.4399299024e-01 -2.0000000000e-01 -9.9596475572e-08 3.0000000000e+02 6.8924838617e-14 -2.7941799107e-14 -9.9589295349e-15 -6.8959237922e-14 9.7472176010e-17 2.7961799078e-14 9.9596476236e-15 3.0940321625e-14
d  1.6698815145e-02 3.1083131067e-01 -2.0000000000e-01 -1.0778247758e-07 3.0000000000e+02 6.9906071605e-14 -2.8097088869e-14 -1.0777912881e-14 -6.9937154738e-14 9.4816526564e-17 2.8117088858e-14 1.0778247790e-14 3.0947673810e-14
d  1.6755663754e-02 2.7103729518e-01 -2.0000000000e-01 -1.1706420133e-07 3.0000000000e+02 7.1039582888e-14 -2.8291614071e-14 -1.1706388595e-14 -7.1066686618e-14 9.1721662900e-17 2.8311614070e-14 1.1706420146e-14 3.0957076818e-14
d  1.6823882086e-02 2.2328447660e-01 -2.0000000000e-01 -1.2729415119e-07 3.0000000000e+02 7.2304379016e-14 -2.8520878549e-14 -1.2729396631e-14 -7.2326707464e-14 8.8141276698e-17 2.8540878549e-14 1.2729415132e-14 3.0968213186e-14
d  1.6905744084e-02 1.6598109430e-01 -2.0000000000e-01 -1.3865851557e-07 3.0000000000e+02 7.3740493298e-14 -2.8804928237e-14 -1.3865937264e-14 -7.3757091407e-14 8.4015998478e-17 2.8824928238e-14 1.3865851567e-14 3.0982304938e-14
d  1.7003978481e-02 9.7217035539e-02 -2.0000000000e-01 -1.5115651343e-07 3.0000000000e+02 7.5347512523e-14 -2.9142873137e-14 -1.5115337955e-14 -7.5357234227e-14 7.9315891807e-17 2.9162873132e-14 1.5115651368e-14 3.0999288193e-14
d  1.7062919120e-02 5.5958600283e-02 -2.0000000000e-01 -1.5824610757e-07 3.0000000000e+02 7.6281328278e-14 -2.9355065632e-14 -1.5824859902e-14 -7.6286924137e-14 7.6608884681e-17 2.9375065638e-14 1.5824610761e-14 3.1010278733e-14
d  1.7133647886e-02 6.4484779762e-03 -2.0000000000e-01 -1.6678766366e-07 3.0000000000e+02 7.7427862525e-14 -2.9630961813e-14 -1.6678859409e-14 -7.7428507372e-14 7.3493686728e-17 2.9650961815e-14 1.6678766378e-14 3.1024946256e-14
d  1.7142860000e-02 0.0000000000e+00 -2.0000000000e-01 -1.6789107910e-07 3.0000000000e+02 7.7581797146e-14 -2.9672623430e-14 -1.6789769397e-14 -7.7581797127e-14 7.3095444966e-17 2.9692623513e-14 1.6789107768e-14 3.1027293769e-14
