v ATLAS
# This file was created by ATLAS version 5.32.1.R on Thu Oct  8 02:42:31 2026.
#SSF 2.0 generic
##############################################################################
#                    Copyright (c) 1984 - 2021                               #
#                    Silvaco Inc. All rights reserved                        #
#                                                                            #
# This file format and the following Key are copyright Silvaco Inc.          #
# You may not use, this format or key without reproducing this message in    #
# full and obtaining express written permission from Silvaco Inc.            #
#                                                                            #
# To obtain such permission please contact: Silvaco Inc.                     #
#                                           support@silvaco.com              #
#                                                                            #
# KEY=SVC86hn7562asdx                       PROD=345                         #
##############################################################################
Q 10000 1 "V[1]" 5 1201 7 1
Q 10001 1 "V[2]" 5 1201 7 2
Q 10002 1 "V[3]" 5 1201 7 3
X 1 Vdrain
X 2 Vgate
X 3 Rtap
X 4 Adev_drain
X 5 Adev_source
X 6 Adev_gate
X 7 Adev_tap
X 8 Adev_substrate
p 13 61 10000 10001 10002 82 1301 1302 1303 1304 1305 1306 1307 1308
d  1.0000000000e-09 6.9999996500e-07 2.0000000000e-01 5.4080149940e-08 3.0000000000e+02 -7.6951496827e-14 3.6795501896e-14 5.4010607999e-15 7.6953082355e-14 -1.1264893548e-15 -3.6808382693e-14 -5.4216004282e-15 -3.3819877758e-14
d  2.0000000000e-09 1.3999999300e-06 2.0000000000e-01 9.4332656926e-08 3.0000000000e+02 -7.7421302601e-14 3.4418490608e-14 9.4333336922e-15 7.7421279203e-14 -6.9169595388e-16 -3.4438595022e-14 -9.4330664566e-15 -3.2783614161e-14
d  3.0000000000e-09 2.0999998950e-06 2.0000000000e-01 1.2099369720e-07 3.0000000000e+02 -7.7733232244e-14 3.3079508191e-14 1.2099349551e-14 7.7733238932e-14 -4.1138598131e-16 -3.3099477232e-14 -1.2099428829e-14 -3.2113786533e-14
d  4.2000000000e-09 2.9399998530e-06 2.0000000000e-01 1.4009092919e-07 3.0000000000e+02 -7.7955981719e-14 3.2086994370e-14 1.4009091816e-14 7.7955981748e-14 -2.0854379982e-16 -3.2106992923e-14 -1.4009095710e-14 -3.1631188024e-14
d  5.6400000000e-09 3.9479998026e-06 2.0000000000e-01 1.5190934180e-07 3.0000000000e+02 -7.8093934574e-14 3.1467617879e-14 1.5190936446e-14 7.8093933625e-14 -8.3059540665e-17 -3.1487620362e-14 -1.5190929446e-14 -3.1332154582e-14
d  7.3680000000e-09 5.1575997421e-06 2.0000000000e-01 1.5793943184e-07 3.0000000000e+02 -7.8164334399e-14 3.1151841184e-14 1.5793937662e-14 7.8164335007e-14 -1.9046661791e-17 -3.1171836131e-14 -1.5793952849e-14 -3.1179569710e-14
d  9.4416000000e-09 6.6091196695e-06 2.0000000000e-01 1.6018241384e-07 3.0000000000e+02 -7.8190603330e-14 3.1034353880e-14 1.6018216781e-14 7.8190606850e-14 4.7674044284e-18 -3.1054335111e-14 -1.6018277213e-14 -3.1122820607e-14
d  1.1929920000e-08 8.3509435825e-06 2.0000000000e-01 1.6049908164e-07 3.0000000000e+02 -7.8194521932e-14 3.1017832006e-14 1.6049824256e-14 7.8194532979e-14 8.1320706812e-18 -3.1037778659e-14 -1.6050009973e-14 -3.1114832784e-14
d  1.4915904000e-08 1.0441132278e-05 2.0000000000e-01 1.6018518922e-07 3.0000000000e+02 -7.8191209740e-14 3.1034766242e-14 1.6018324223e-14 7.8191231672e-14 4.7802917457e-18 -3.1054663094e-14 -1.6018715768e-14 -3.1122825519e-14
d  1.8499084800e-08 1.2949358713e-05 2.0000000000e-01 1.5987810610e-07 3.0000000000e+02 -7.8187629120e-14 3.1050929166e-14 1.5987600771e-14 7.8187648462e-14 1.5241113865e-18 -3.1070836524e-14 -1.5987987407e-14 -3.1130614287e-14
d  2.2798901760e-08 1.5959230434e-05 2.0000000000e-01 1.5973577979e-07 3.0000000000e+02 -7.8185142948e-14 3.1057722776e-14 1.5973639819e-14 7.8185136284e-14 3.9183179286e-20 -3.1077745526e-14 -1.5973534580e-14 -3.1134120518e-14
d  2.7958682112e-08 1.9571076500e-05 2.0000000000e-01 1.5969355925e-07 3.0000000000e+02 -7.8180283884e-14 3.1056286094e-14 1.5971049167e-14 7.8180166295e-14 -2.3683527554e-19 -3.1076805227e-14 -1.5968365326e-14 -3.1134605946e-14
d  3.4150418534e-08 2.3905291779e-05 2.0000000000e-01 1.5965910070e-07 3.0000000000e+02 -7.8169062230e-14 3.1047598449e-14 1.5972012382e-14 7.8168712627e-14 -1.4071278356e-19 -3.1069157574e-14 -1.5962935034e-14 -3.1133852812e-14
d  4.1580502241e-08 2.9106350114e-05 2.0000000000e-01 1.5961414656e-07 3.0000000000e+02 -7.8156719237e-14 3.1035711005e-14 1.5972863824e-14 7.8156173565e-14 -5.2437956313e-20 -3.1058148743e-14 -1.5956763228e-14 -3.1132877300e-14
d  5.0496602690e-08 3.5347620115e-05 2.0000000000e-01 1.5956515869e-07 3.0000000000e+02 -7.8145868486e-14 3.1025489926e-14 1.5973111465e-14 7.8145209482e-14 -2.9231311801e-20 -3.1048434579e-14 -1.5950897390e-14 -3.1132126204e-14
d  6.1195923227e-08 4.2837144117e-05 2.0000000000e-01 1.5955806780e-07 3.0000000000e+02 -7.8145899780e-14 3.1021883736e-14 1.5973072428e-14 7.8145327217e-14 -2.6465941809e-20 -3.1044436688e-14 -1.5950935676e-14 -3.1131838117e-14
d  7.4035107873e-08 5.1824572920e-05 2.0000000000e-01 1.5955150985e-07 3.0000000000e+02 -7.8145819410e-14 3.1023707205e-14 1.5973077055e-14 7.8145322547e-14 -3.2656630964e-20 -3.1045916045e-14 -1.5950936459e-14 -3.1131953993e-14
d  8.9442129448e-08 6.2609487483e-05 2.0000000000e-01 1.5954614833e-07 3.0000000000e+02 -7.8145797440e-14 3.1023995988e-14 1.5973130025e-14 7.8145367979e-14 -3.1747929333e-20 -3.1045897182e-14 -1.5950987305e-14 -3.1131953405e-14
d  1.0793055534e-07 7.5551384958e-05 2.0000000000e-01 1.5954165323e-07 3.0000000000e+02 -7.8145791926e-14 3.1024245960e-14 1.5973202232e-14 7.8145421767e-14 -3.1552796037e-20 -3.1045874931e-14 -1.5951057205e-14 -3.1131952532e-14
d  1.3011666640e-07 9.1081661929e-05 2.0000000000e-01 1.5953791975e-07 3.0000000000e+02 -7.8145805694e-14 3.1024446649e-14 1.5973286665e-14 7.8145487149e-14 -3.0780236845e-20 -3.1045836769e-14 -1.5951139593e-14 -3.1131951761e-14
d  1.5673999969e-07 1.0971799429e-04 2.0000000000e-01 1.5953493910e-07 3.0000000000e+02 -7.8145837616e-14 3.1024631606e-14 1.5973388480e-14 7.8145563491e-14 -3.2133941136e-20 -3.1045813803e-14 -1.5951238252e-14 -3.1131951249e-14
d  1.8868799962e-07 1.3208159313e-04 2.0000000000e-01 1.5953268352e-07 3.0000000000e+02 -7.8145893348e-14 3.1024786186e-14 1.5973509447e-14 7.8145657026e-14 -3.1468002979e-20 -3.1045788510e-14 -1.5951355897e-14 -3.1131950387e-14
d  2.2702559955e-07 1.5891791174e-04 2.0000000000e-01 1.5953114527e-07 3.0000000000e+02 -7.8145973444e-14 3.1024888285e-14 1.5973655003e-14 7.8145768874e-14 -3.1513962829e-20 -3.1045735911e-14 -1.5951497242e-14 -3.1131949575e-14
d  2.7303071946e-07 1.9112149406e-04 2.0000000000e-01 1.5953031514e-07 3.0000000000e+02 -7.8146081175e-14 3.1024987214e-14 1.5973828549e-14 7.8145902867e-14 -3.1485056594e-20 -3.1045702391e-14 -1.5951666944e-14 -3.1131948409e-14
d  3.2823686335e-07 2.2976579285e-04 2.0000000000e-01 1.5953019574e-07 3.0000000000e+02 -7.8146220809e-14 3.1025036094e-14 1.5974037911e-14 7.8146063757e-14 -3.1502535283e-20 -3.1045638417e-14 -1.5951870332e-14 -3.1131947242e-14
d  3.9448423602e-07 2.7613895140e-04 2.0000000000e-01 1.5953080670e-07 3.0000000000e+02 -7.8146396246e-14 3.1025071161e-14 1.5974288772e-14 7.8146255895e-14 -3.1849755252e-20 -3.1045577630e-14 -1.5952114322e-14 -3.1131945633e-14
d  4.7398108322e-07 3.3178674166e-04 2.0000000000e-01 1.5953218170e-07 3.0000000000e+02 -7.8146615279e-14 3.1025066067e-14 1.5974588588e-14 7.8146487433e-14 -3.1213733388e-20 -3.1045491355e-14 -1.5952406718e-14 -3.1131943758e-14
d  5.6937729986e-07 3.9856408998e-04 2.0000000000e-01 1.5953438268e-07 3.0000000000e+02 -7.8146883410e-14 3.1025050546e-14 1.5974949365e-14 7.8146764145e-14 -3.1511564448e-20 -3.1045407286e-14 -1.5952757607e-14 -3.1131941580e-14
d  6.8385275984e-07 4.7869690795e-04 2.0000000000e-01 1.5953748798e-07 3.0000000000e+02 -7.8147210384e-14 3.1024992484e-14 1.5975382027e-14 7.8147095965e-14 -3.1678903142e-20 -3.1045291456e-14 -1.5953178361e-14 -3.1131938887e-14
d  8.2122331180e-07 5.7485628952e-04 2.0000000000e-01 1.5954160002e-07 3.0000000000e+02 -7.8147606300e-14 3.1024904459e-14 1.5975899838e-14 7.8147493083e-14 -3.1634262535e-20 -3.1045154830e-14 -1.5953682297e-14 -3.1131935612e-14
d  9.8606797417e-07 6.9024754740e-04 2.0000000000e-01 1.5954685819e-07 3.0000000000e+02 -7.8148084293e-14 3.1024783231e-14 1.5976520596e-14 7.8147968623e-14 -3.1502694114e-20 -3.1044992786e-14 -1.5954285993e-14 -3.1131931733e-14
d  1.1838815690e-06 8.2871705686e-04 2.0000000000e-01 1.5955344047e-07 3.0000000000e+02 -7.8148660159e-14 3.1024620697e-14 1.5977264706e-14 7.8148538263e-14 -3.1506183694e-20 -3.1044796013e-14 -1.5955009549e-14 -3.1131927024e-14
d  1.4212578828e-06 9.9488046822e-04 2.0000000000e-01 1.5956156190e-07 3.0000000000e+02 -7.8149352531e-14 3.1024413512e-14 1.5978155843e-14 7.8149220405e-14 -3.1499816456e-20 -3.1044560136e-14 -1.5955876438e-14 -3.1131921398e-14
d  1.7061094594e-06 1.1942765618e-03 2.0000000000e-01 1.5957148127e-07 3.0000000000e+02 -7.8150183077e-14 3.1024151287e-14 1.5979223419e-14 7.8150036359e-14 -3.1419428259e-20 -3.1044273894e-14 -1.5956914199e-14 -3.1131914601e-14
d  2.0479313512e-06 1.4335518742e-03 2.0000000000e-01 1.5958350692e-07 3.0000000000e+02 -7.8151175633e-14 3.1023833308e-14 1.5980500760e-14 7.8151009458e-14 -3.1497170253e-20 -3.1043935827e-14 -1.5958155093e-14 -3.1131906375e-14
d  2.4581176215e-06 1.7206822490e-03 2.0000000000e-01 1.5981845176e-07 3.0000000000e+02 -7.8192724001e-14 3.1040472176e-14 1.5959802519e-14 7.8192570869e-14 -1.4151705539e-20 -3.1060387162e-14 -1.5982007422e-14 -3.1133083489e-14
d  2.9503411458e-06 2.0652386988e-03 2.0000000000e-01 1.5983454681e-07 3.0000000000e+02 -7.8192921783e-14 3.1080727430e-14 1.5961370582e-14 7.8192731069e-14 -3.7474297833e-20 -3.1100656452e-14 -1.5983590145e-14 -3.1136059577e-14
d  3.5410093749e-06 2.4787064385e-03 2.0000000000e-01 1.5985668454e-07 3.0000000000e+02 -7.8194891393e-14 3.1070145453e-14 1.5963546034e-14 7.8194656720e-14 -3.1572461074e-20 -3.1090086202e-14 -1.5985781540e-14 -3.1135309674e-14
d  4.2498112499e-06 2.9748677262e-03 2.0000000000e-01 1.5988239283e-07 3.0000000000e+02 -7.8196880846e-14 3.1069543295e-14 1.5966079572e-14 7.8196594376e-14 -3.1469022697e-20 -3.1089493834e-14 -1.5988333685e-14 -3.1135297266e-14
d  5.1003734999e-06 3.5702612714e-03 2.0000000000e-01 1.5991295223e-07 3.0000000000e+02 -7.8199242773e-14 3.1068822642e-14 1.5969095309e-14 7.8198894944e-14 -3.1479671560e-20 -3.1088781350e-14 -1.5991374039e-14 -3.1135282376e-14
d  6.1210481999e-06 4.2847335257e-03 2.0000000000e-01 1.5994927297e-07 3.0000000000e+02 -7.8202042396e-14 3.1067959107e-14 1.5972684903e-14 7.8201621601e-14 -3.1495898518e-20 -3.1087924631e-14 -1.5994993108e-14 -3.1135264292e-14
d  7.3458578398e-06 5.1421002308e-03 2.0000000000e-01 1.5999239796e-07 3.0000000000e+02 -7.8205353889e-14 3.1066918544e-14 1.5976952873e-14 7.8204846091e-14 -3.1494574569e-20 -3.1086889756e-14 -1.5999294752e-14 -3.1135242050e-14
d  8.8156294078e-06 6.1709402769e-03 2.0000000000e-01 1.6004433492e-07 3.0000000000e+02 -7.8209406872e-14 3.1065723375e-14 1.6004353764e-14 7.8208789797e-14 -3.6339671336e-20 -3.1085723290e-14 -1.6004433671e-14 -3.1135230594e-14
d  1.0579355289e-05 7.4055483323e-03 2.0000000000e-01 1.6010535925e-07 3.0000000000e+02 -7.8214453243e-14 3.1044024372e-14 1.6010455636e-14 7.8213712704e-14 -2.9761338362e-20 -3.1064024300e-14 -1.6010536078e-14 -3.1133719962e-14
d  1.2695826347e-05 8.8870779987e-03 2.0000000000e-01 1.6017666545e-07 3.0000000000e+02 -7.8219729240e-14 3.1047160597e-14 1.6017580141e-14 7.8218840547e-14 -3.1452315563e-20 -3.1067160533e-14 -1.6017666684e-14 -3.1134041702e-14
d  1.5235591617e-05 1.0664913598e-02 2.0000000000e-01 1.6026090481e-07 3.0000000000e+02 -7.8226018673e-14 3.1044908917e-14 1.6025956735e-14 7.8224952200e-14 -3.1449262583e-20 -3.1064908834e-14 -1.6026090656e-14 -3.1133987201e-14
d  1.8283309940e-05 1.2798316318e-02 2.0000000000e-01 1.6035997240e-07 3.0000000000e+02 -7.8233328221e-14 3.1042209222e-14 1.6035782060e-14 7.8232048414e-14 -3.1442280231e-20 -3.1062209110e-14 -1.6035997470e-14 -3.1133921543e-14
d  2.1940571928e-05 1.5358399582e-02 2.0000000000e-01 1.6047617183e-07 3.0000000000e+02 -7.8241782393e-14 3.1038938027e-14 1.6046382761e-14 7.8240246672e-14 -3.1344482870e-20 -3.1058937493e-14 -1.6047618219e-14 -3.1133839636e-14
d  2.6329286314e-05 1.8430499498e-02 2.0000000000e-01 1.6061213977e-07 3.0000000000e+02 -7.8251496949e-14 3.1035778553e-14 1.6061217659e-14 7.8249653899e-14 -3.1537320464e-20 -3.1055778555e-14 -1.6061213991e-14 -3.1133796593e-14
d  3.1595743576e-05 2.2117019398e-02 2.0000000000e-01 1.6077086083e-07 3.0000000000e+02 -7.8262666741e-14 3.1029470849e-14 1.6077095579e-14 7.8260455038e-14 -3.1373673951e-20 -3.1049470851e-14 -1.6077086094e-14 -3.1133560697e-14
d  3.7915492292e-05 2.6540843277e-02 2.0000000000e-01 1.6095581449e-07 3.0000000000e+02 -7.8275346111e-14 3.1023666682e-14 1.6095581202e-14 7.8272692027e-14 -3.1402401549e-20 -3.1043666682e-14 -1.6095581465e-14 -3.1133404047e-14
d  4.5499190750e-05 3.1849431933e-02 2.0000000000e-01 1.6095231818e-07 3.0000000000e+02 -7.8250041707e-14 3.0999617801e-14 1.6093759720e-14 7.8246856832e-14 -3.0371546532e-20 -3.1019617494e-14 -1.6095232421e-14 -3.1131979191e-14
d  5.4599628900e-05 3.8219738319e-02 2.0000000000e-01 1.6119820633e-07 3.0000000000e+02 -7.8265410882e-14 3.0991421562e-14 1.6118660646e-14 7.8261588953e-14 -3.1710095724e-20 -3.1011421360e-14 -1.6119821035e-14 -3.1131764210e-14
d  6.5520154680e-05 4.5864105983e-02 2.0000000000e-01 1.6148956834e-07 3.0000000000e+02 -7.8283415487e-14 3.0979290292e-14 1.6147931703e-14 7.8278829109e-14 -3.1362365094e-20 -3.0999290144e-14 -1.6148957134e-14 -3.1131331647e-14
d  7.8624785616e-05 5.5037347179e-02 2.0000000000e-01 1.6183978620e-07 3.0000000000e+02 -7.8305043437e-14 3.0965397973e-14 1.6182659484e-14 7.8299539737e-14 -3.1370465687e-20 -3.0985397813e-14 -1.6183978941e-14 -3.1130854897e-14
d  9.4350342739e-05 6.6045236615e-02 2.0000000000e-01 1.6226175918e-07 3.0000000000e+02 -7.8330633481e-14 3.0948598309e-14 1.6224520645e-14 7.8324028995e-14 -3.1393005902e-20 -3.0968598142e-14 -1.6226176252e-14 -3.1130264642e-14
d  1.1322101129e-04 7.9254703938e-02 2.0000000000e-01 1.6301079044e-07 3.0000000000e+02 -7.8403312908e-14 3.0944851237e-14 1.6301040218e-14 7.8395387438e-14 -3.1890413911e-20 -3.0964851233e-14 -1.6301079066e-14 -3.1130719741e-14
d  1.3586581354e-04 9.5106064726e-02 2.0000000000e-01 1.6367500038e-07 3.0000000000e+02 -7.8444342493e-14 3.0917344278e-14 1.6367320804e-14 7.8434831889e-14 -3.1381344556e-20 -3.0937344266e-14 -1.6367500078e-14 -3.1129593983e-14
d  1.6303957625e-04 1.1412769767e-01 2.0000000000e-01 1.6454465782e-07 3.0000000000e+02 -7.8499509818e-14 3.0885457918e-14 1.6454226767e-14 7.8488097051e-14 -3.1612186954e-20 -3.0905457904e-14 -1.6454465825e-14 -3.1128305795e-14
d  1.9564809150e-04 1.3695365721e-01 2.0000000000e-01 1.6553167399e-07 3.0000000000e+02 -7.8542757046e-14 3.0830500344e-14 1.6553070524e-14 7.8529061681e-14 -3.1540931163e-20 -3.0850500340e-14 -1.6553167425e-14 -3.1125549211e-14
d  2.3477830980e-04 1.6434480865e-01 2.0000000000e-01 1.6717285060e-07 3.0000000000e+02 -7.8653475133e-14 3.0776674373e-14 1.6717000968e-14 7.8637040655e-14 -3.1969230800e-20 -3.0796674362e-14 -1.6717285099e-14 -3.1123081873e-14
d  2.8173457177e-04 1.9721419038e-01 2.0000000000e-01 1.6965038412e-07 3.0000000000e+02 -7.8834684485e-14 3.0710179610e-14 1.6964893349e-14 7.8814963068e-14 -3.2254496423e-20 -3.0730179605e-14 -1.6965038438e-14 -3.1119953732e-14
d  3.3808208612e-04 2.3665744845e-01 2.0000000000e-01 1.7357074973e-07 3.0000000000e+02 -7.9141460146e-14 3.0624961160e-14 1.7356956426e-14 7.9117794402e-14 -3.2778008858e-20 -3.0644961157e-14 -1.7357074997e-14 -3.1115786495e-14
d  4.0569910334e-04 2.8398935814e-01 2.0000000000e-01 1.8008531275e-07 3.0000000000e+02 -7.9676719736e-14 3.0509942700e-14 1.8008245951e-14 7.9648320802e-14 -3.3662881879e-20 -3.0529942694e-14 -1.8008531306e-14 -3.1109875077e-14
d  4.8683952401e-04 3.4078764977e-01 2.0000000000e-01 1.9162653724e-07 3.0000000000e+02 -8.0664693284e-14 3.0347050534e-14 1.9162965772e-14 8.0630614518e-14 -3.5210918816e-20 -3.0367050540e-14 -1.9162653731e-14 -3.1101078622e-14
d  5.8420802881e-04 4.0894559972e-01 2.0000000000e-01 2.1353199746e-07 3.0000000000e+02 -8.2603530549e-14 3.0101800946e-14 2.1353190124e-14 8.2562635989e-14 -3.8100635344e-20 -3.0121800946e-14 -2.1353199767e-14 -3.1087224177e-14
d  7.0105023458e-04 4.9073513967e-01 2.0000000000e-01 2.5815061863e-07 3.0000000000e+02 -8.6667370109e-14 2.9718282536e-14 2.5814763793e-14 8.6618296597e-14 -4.3869132088e-20 -2.9738282531e-14 -2.5815061898e-14 -3.1064875118e-14
d  7.6647422650e-04 5.3653193172e-01 2.0000000000e-01 2.9611639356e-07 3.0000000000e+02 -9.0196708650e-14 2.9461355178e-14 2.9611350669e-14 9.0143055459e-14 -4.9186960962e-20 -2.9481355171e-14 -2.9611639399e-14 -3.1049860800e-14
d  8.4498301680e-04 5.9148808218e-01 2.0000000000e-01 3.5852243054e-07 3.0000000000e+02 -9.6059517108e-14 2.9099514855e-14 3.5851553797e-14 9.6000368306e-14 -5.7136237457e-20 -2.9119514841e-14 -3.5852243120e-14 -3.1028476289e-14
d  9.3919356516e-04 6.5743546274e-01 2.0000000000e-01 4.6425971131e-07 3.0000000000e+02 -1.0610079082e-13 2.8590647776e-14 4.6424562266e-14 1.0603504729e-13 -6.9677255868e-20 -2.8610647752e-14 -4.6425971234e-14 -3.0998303625e-14
d  9.9571989418e-04 6.9700389108e-01 2.0000000000e-01 5.4822359763e-07 3.0000000000e+02 -1.1418669705e-13 2.8292469809e-14 5.4821123133e-14 1.1411699668e-13 -8.0047682765e-20 -2.8312469778e-14 -5.4822359889e-14 -3.0981047799e-14
d  1.0126777929e-03 7.0887441958e-01 2.0000000000e-01 5.7824422844e-07 3.0000000000e+02 -1.1717830675e-13 2.8280454459e-14 5.7823180508e-14 1.1710741934e-13 -8.5980413150e-20 -2.8300454365e-14 -5.7824423091e-14 -3.0981036104e-14
d  1.0330272713e-03 7.2311905378e-01 2.0000000000e-01 6.1517922141e-07 3.0000000000e+02 -1.2075819936e-13 2.8174189287e-14 6.1517536509e-14 1.2068588746e-13 -8.7738676560e-20 -2.8194189257e-14 -6.1517922264e-14 -3.0974909731e-14
d  1.0574466455e-03 7.4021261482e-01 2.0000000000e-01 6.6226110663e-07 3.0000000000e+02 -1.2529650693e-13 2.8010727841e-14 6.6226557643e-14 1.2522248566e-13 -9.2942587956e-20 -2.8030727870e-14 -6.6226110669e-14 -3.0965234211e-14
d  1.0867498944e-03 7.6072488807e-01 2.0000000000e-01 7.2363402550e-07 3.0000000000e+02 -1.3123763233e-13 2.7822874616e-14 7.2363214536e-14 1.3116155985e-13 -9.9751491776e-20 -2.7842874606e-14 -7.2363402644e-14 -3.0954221250e-14
d  1.1043318438e-03 7.7303225202e-01 2.0000000000e-01 7.6454842623e-07 3.0000000000e+02 -1.3529314424e-13 2.7786877922e-14 7.6451940663e-14 1.3521584110e-13 -1.0646573876e-19 -2.7806877686e-14 -7.6454843186e-14 -3.0952656821e-14
d  1.1254301831e-03 7.8780108875e-01 2.0000000000e-01 8.1527765775e-07 3.0000000000e+02 -1.4024084190e-13 2.7669985320e-14 8.1528385157e-14 1.4016206177e-13 -1.0960606484e-19 -2.7689985368e-14 -8.1527765758e-14 -3.0945962975e-14
d  1.1317596848e-03 7.9223173978e-01 2.0000000000e-01 8.3604750907e-07 3.0000000000e+02 -1.4257813716e-13 2.7908929056e-14 8.3607039719e-14 1.4249891385e-13 -1.3256187082e-19 -2.7928929517e-14 -8.3604750082e-14 -3.0961841594e-14
d  1.1393550870e-03 7.9754852100e-01 2.0000000000e-01 8.5648265717e-07 3.0000000000e+02 -1.4458962085e-13 2.7880528785e-14 8.5650592155e-14 1.4450986586e-13 -1.1031189922e-19 -2.7900529276e-14 -8.5648264838e-14 -3.0960260917e-14
d  1.1484695695e-03 8.0392865847e-01 2.0000000000e-01 8.8173130495e-07 3.0000000000e+02 -1.4707864816e-13 2.7845488981e-14 8.8173079951e-14 1.4699825530e-13 -1.2071294853e-19 -2.7865488972e-14 -8.8173130601e-14 -3.0958381902e-14
d  1.1594069486e-03 8.1158482344e-01 2.0000000000e-01 9.1301384433e-07 3.0000000000e+02 -1.5016351460e-13 2.7805094019e-14 9.1301309863e-14 1.5008235612e-13 -1.2430973059e-19 -2.7825094008e-14 -9.1301384546e-14 -3.0956220139e-14
d  1.1659693760e-03 8.1617852242e-01 2.0000000000e-01 9.3229289135e-07 3.0000000000e+02 -1.5206474392e-13 2.7779022784e-14 9.3231641134e-14 1.5198312592e-13 -1.2650506099e-19 -2.7799023294e-14 -9.3229288220e-14 -3.0954806098e-14
d  1.1738442890e-03 8.2169096119e-01 2.0000000000e-01 9.5601734105e-07 3.0000000000e+02 -1.5440928040e-13 2.7750112960e-14 9.5601716759e-14 1.5432711131e-13 -1.2921527882e-19 -2.7770112956e-14 -9.5601734207e-14 -3.0953264549e-14
d  1.1832941845e-03 8.2830588772e-01 2.0000000000e-01 9.8525575638e-07 3.0000000000e+02 -1.5729906658e-13 2.7719341974e-14 9.8526696265e-14 1.5721623593e-13 -1.3260613027e-19 -2.7739342164e-14 -9.8525575356e-14 -3.0951671455e-14
d  1.1946340591e-03 8.3624379956e-01 2.0000000000e-01 1.0215187518e-06 3.0000000000e+02 -1.6088664317e-13 2.7680592241e-14 1.0215175508e-13 1.6080301880e-13 -1.3665560458e-19 -2.7700592224e-14 -1.0215187532e-13 -3.0949643351e-14
d  1.2014379839e-03 8.4100654666e-01 2.0000000000e-01 1.0439058119e-06 3.0000000000e+02 -1.6310306712e-13 2.7659958343e-14 1.0439054621e-13 1.6301896647e-13 -1.3927593590e-19 -2.7679958336e-14 -1.0439058131e-13 -3.0948598318e-14
d  1.2096026936e-03 8.4672184318e-01 2.0000000000e-01 1.0710828753e-06 3.0000000000e+02 -1.6577639537e-13 2.7617116914e-14 1.0710843560e-13 1.6569172318e-13 -1.4107138624e-19 -2.7637116943e-14 -1.0710828758e-13 -3.0946171062e-14
d  1.2194003453e-03 8.5358019901e-01 2.0000000000e-01 1.1053031918e-06 3.0000000000e+02 -1.6918866021e-13 2.7606918623e-14 1.1053042968e-13 1.6910330219e-13 -1.4760630322e-19 -2.7626918641e-14 -1.1053031925e-13 -3.0945937996e-14
d  1.2252789363e-03 8.5769521251e-01 2.0000000000e-01 1.1261574048e-06 3.0000000000e+02 -1.7125610736e-13 2.7589342383e-14 1.1261831747e-13 1.7117033765e-13 -1.4845289688e-19 -2.7609343008e-14 -1.1261573936e-13 -3.0945050195e-14
d  1.2323332455e-03 8.6263322870e-01 2.0000000000e-01 1.1515113027e-06 3.0000000000e+02 -1.7376030786e-13 2.7557541037e-14 1.1515405633e-13 1.7367404432e-13 -1.5060961605e-19 -2.7577541702e-14 -1.1515112906e-13 -3.0943295016e-14
d  1.2407984165e-03 8.6855884814e-01 2.0000000000e-01 1.1831357051e-06 3.0000000000e+02 -1.7691433891e-13 2.7549218999e-14 1.1831621755e-13 1.7682748286e-13 -1.5622306715e-19 -2.7569219500e-14 -1.1831356961e-13 -3.0943125830e-14
d  1.2509566218e-03 8.7566959146e-01 2.0000000000e-01 1.2220346040e-06 3.0000000000e+02 -1.8078276399e-13 2.7528156047e-14 1.2220323081e-13 1.8069519704e-13 -1.5947447590e-19 -2.7548156010e-14 -1.2220346059e-13 -3.0942199106e-14
d  1.2631464681e-03 8.8420248344e-01 2.0000000000e-01 1.2645169138e-06 3.0000000000e+02 -1.8471125384e-13 2.7228277013e-14 1.2645057331e-13 1.8462283365e-13 -1.4911530601e-19 -2.7248276866e-14 -1.2645169181e-13 -3.0923334449e-14
d  1.2777742836e-03 8.9444195382e-01 2.0000000000e-01 1.3183074844e-06 3.0000000000e+02 -1.8986703967e-13 2.7016213117e-14 1.3183036465e-13 1.8977759550e-13 -1.6154561085e-19 -2.7036213075e-14 -1.3183074866e-13 -3.0910330373e-14
d  1.2953276623e-03 9.0672931828e-01 2.0000000000e-01 1.3865895865e-06 3.0000000000e+02 -1.9656955414e-13 2.6895029486e-14 1.3865875927e-13 1.9647888121e-13 -1.6940664029e-19 -2.6915029468e-14 -1.3865895883e-13 -3.0903334826e-14
d  1.3163917167e-03 9.2147415563e-01 2.0000000000e-01 1.4713712177e-06 3.0000000000e+02 -2.0490412312e-13 2.6757226863e-14 1.4713452046e-13 2.0481197582e-13 -1.7534850070e-19 -2.6777226665e-14 -1.4713712237e-13 -3.0895440742e-14
d  1.3290301494e-03 9.3032105804e-01 2.0000000000e-01 1.5290920516e-06 3.0000000000e+02 -2.1083422150e-13 2.6903016546e-14 1.5290761272e-13 2.1074118948e-13 -1.9251341622e-19 -2.6923016366e-14 -1.5290920570e-13 -3.0905437654e-14
d  1.3366132090e-03 9.3562919949e-01 2.0000000000e-01 1.5757116719e-06 3.0000000000e+02 -2.1612798086e-13 2.7497678511e-14 1.5757032906e-13 2.1603441801e-13 -2.3673324676e-19 -2.7517678353e-14 -1.5757116767e-13 -3.0944100090e-14
d  1.3457128805e-03 9.4199896922e-01 2.0000000000e-01 1.6223568304e-06 3.0000000000e+02 -2.2079607570e-13 2.7502669257e-14 1.6223500949e-13 2.2070187585e-13 -1.9402776493e-19 -2.7522669139e-14 -1.6223568345e-13 -3.0944695571e-14
d  1.3566324863e-03 9.4964269291e-01 2.0000000000e-01 1.6715384680e-06 3.0000000000e+02 -2.2529110664e-13 2.7102980381e-14 1.6715284700e-13 2.2519614244e-13 -1.8745833100e-19 -2.7122980234e-14 -1.6715384728e-13 -3.0919452430e-14
d  1.3697360132e-03 9.5881516132e-01 2.0000000000e-01 1.7335962626e-06 3.0000000000e+02 -2.3122145984e-13 2.6841724064e-14 1.7335725076e-13 2.3112557847e-13 -2.0461474904e-19 -2.6861723774e-14 -1.7335962707e-13 -3.0903286599e-14
d  1.3775981294e-03 9.6431864238e-01 2.0000000000e-01 1.7882644339e-06 3.0000000000e+02 -2.3739410297e-13 2.7503003128e-14 1.7883163178e-13 2.3729767071e-13 -2.6943302619e-19 -2.7523004068e-14 -1.7882644159e-13 -3.0946191233e-14
d  1.3823153991e-03 9.6762073101e-01 2.0000000000e-01 1.8166326093e-06 3.0000000000e+02 -2.4028290205e-13 2.7549318858e-14 1.8166705764e-13 2.4018613959e-13 -2.2647656909e-19 -2.7569320005e-14 -1.8166325880e-13 -3.0949253131e-14
d  1.3879761228e-03 9.7158323736e-01 2.0000000000e-01 1.8507223985e-06 3.0000000000e+02 -2.4370530234e-13 2.7564116600e-14 1.8507211728e-13 2.4360814403e-13 -2.3577776111e-19 -2.7584116565e-14 -1.8507224010e-13 -3.0950440231e-14
d  1.3947689912e-03 9.7633824499e-01 2.0000000000e-01 1.8925810908e-06 3.0000000000e+02 -2.4790362852e-13 2.7576892245e-14 1.8926274478e-13 2.4780599427e-13 -2.4279638273e-19 -2.7596893338e-14 -1.8925810702e-13 -3.0951536985e-14
d  1.4029204332e-03 9.8204425415e-01 2.0000000000e-01 1.9443972600e-06 3.0000000000e+02 -2.5310898572e-13 2.7595012305e-14 1.9443866865e-13 2.5301078138e-13 -2.4950573127e-19 -2.7615012097e-14 -1.9443972663e-13 -3.0953025363e-14
d  1.4127021637e-03 9.8889146513e-01 2.0000000000e-01 1.9969703185e-06 3.0000000000e+02 -2.5785574729e-13 2.7118193089e-14 1.9969175111e-13 2.5775685855e-13 -2.1791424262e-19 -2.7138192224e-14 -1.9969703391e-13 -3.0922812714e-14
d  1.4185712020e-03 9.9299979172e-01 2.0000000000e-01 2.0444722176e-06 3.0000000000e+02 -2.6317083479e-13 2.7648933210e-14 2.0444606947e-13 2.6307153492e-13 -3.1017562816e-19 -2.7668932930e-14 -2.0444722254e-13 -3.0957216307e-14
d  1.4256140479e-03 9.9792978363e-01 2.0000000000e-01 2.0931651261e-06 3.0000000000e+02 -2.6806489087e-13 2.7669783514e-14 2.0931474151e-13 2.6796509806e-13 -2.5338201690e-19 -2.7689783112e-14 -2.0931651366e-13 -3.0958695201e-14
d  1.4298397555e-03 1.0008877788e+00 2.0000000000e-01 2.1231094300e-06 3.0000000000e+02 -2.7107327883e-13 2.7683675344e-14 2.1231525024e-13 2.7097318955e-13 -2.7370528605e-19 -2.7703676796e-14 -2.1231094027e-13 -3.0959781491e-14
d  1.4349106045e-03 1.0044373730e+00 2.0000000000e-01 2.1597698712e-06 3.0000000000e+02 -2.7475825717e-13 2.7696240525e-14 2.1598534993e-13 2.7465781248e-13 -2.7853303667e-19 -2.7716243166e-14 -2.1597698196e-13 -3.0960782202e-14
d  1.4409956234e-03 1.0086968860e+00 2.0000000000e-01 2.2049332044e-06 3.0000000000e+02 -2.7930638233e-13 2.7724662091e-14 2.2049289600e-13 2.7920551269e-13 -2.8477322105e-19 -2.7744661980e-14 -2.2049332089e-13 -3.0962835422e-14
d  1.4482976461e-03 1.0138083016e+00 2.0000000000e-01 2.2605963455e-06 3.0000000000e+02 -2.8490769080e-13 2.7762472662e-14 2.2605857538e-13 2.8480631007e-13 -2.9260479248e-19 -2.7782472430e-14 -2.2605963527e-13 -3.0965533789e-14
d  1.4570600733e-03 1.0199420003e+00 2.0000000000e-01 2.3151230908e-06 3.0000000000e+02 -2.8974956080e-13 2.7186646466e-14 2.3151529940e-13 2.8964756633e-13 -2.4726338641e-19 -2.7206647012e-14 -2.3151230812e-13 -3.0928992804e-14
d  1.4675749859e-03 1.0273024388e+00 2.0000000000e-01 2.3932989955e-06 3.0000000000e+02 -2.9760398098e-13 2.7216038619e-14 2.3932860639e-13 2.9750125085e-13 -3.0562733056e-19 -2.7236038422e-14 -2.3932990023e-13 -3.0931414109e-14
d  1.4738839335e-03 1.0317187019e+00 2.0000000000e-01 2.4564109927e-06 3.0000000000e+02 -3.0465090932e-13 2.7909118091e-14 2.4564131088e-13 3.0454773743e-13 -3.6984563627e-19 -2.7929118138e-14 -2.4564109942e-13 -3.0976009061e-14
d  1.4776693021e-03 1.0343684597e+00 2.0000000000e-01 2.4890920393e-06 3.0000000000e+02 -3.0794065911e-13 2.7930545850e-14 2.4891435762e-13 3.0783722157e-13 -3.1275793601e-19 -2.7950547789e-14 -2.4890920023e-13 -3.0977381311e-14
d  1.4822117443e-03 1.0375481691e+00 2.0000000000e-01 2.5292606712e-06 3.0000000000e+02 -3.1198849126e-13 2.7955728374e-14 2.5293250311e-13 3.1188473561e-13 -3.3179704644e-19 -2.7975730642e-14 -2.5292606273e-13 -3.0979179977e-14
d  1.4876626750e-03 1.0413638205e+00 2.0000000000e-01 2.5787557363e-06 3.0000000000e+02 -3.1698134256e-13 2.7996356931e-14 2.5787515641e-13 3.1687720622e-13 -3.3923946755e-19 -2.8016356809e-14 -2.5787557414e-13 -3.0981969174e-14
d  1.4942037919e-03 1.0459426020e+00 2.0000000000e-01 2.6398177236e-06 3.0000000000e+02 -3.2313755355e-13 2.8046721001e-14 2.6398196983e-13 3.2303295927e-13 -3.4851994252e-19 -2.8066721050e-14 -2.6398177252e-13 -3.0985415885e-14
d  1.4981284620e-03 1.0486898710e+00 2.0000000000e-01 2.6773192290e-06 3.0000000000e+02 -3.2691565442e-13 2.8071182986e-14 2.6773848824e-13 3.2681078455e-13 -3.5414583925e-19 -2.8091185368e-14 -2.6773191828e-13 -3.0987114120e-14
d  1.5028380661e-03 1.0519865937e+00 2.0000000000e-01 2.7234172444e-06 3.0000000000e+02 -3.3156886123e-13 2.8107672092e-14 2.7234168347e-13 3.3146366258e-13 -3.6122456109e-19 -2.8127672078e-14 -2.7234172474e-13 -3.0989605315e-14
d  1.5084895911e-03 1.0559426610e+00 2.0000000000e-01 2.7800991165e-06 3.0000000000e+02 -3.3728670030e-13 2.8158911255e-14 2.7800992171e-13 3.3718110604e-13 -3.7008448653e-19 -2.8178911258e-14 -2.7800991192e-13 -3.0993067622e-14
d  1.5152714211e-03 1.0606899417e+00 2.0000000000e-01 2.8502736685e-06 3.0000000000e+02 -3.4436740259e-13 2.8216597737e-14 2.8502736372e-13 3.4426133359e-13 -3.8104869615e-19 -2.8236597737e-14 -2.8502736713e-13 -3.0996975459e-14
d  1.5234096170e-03 1.0663866786e+00 2.0000000000e-01 2.9285614286e-06 3.0000000000e+02 -3.5188823263e-13 2.7926413723e-14 2.9285339390e-13 3.5178159426e-13 -3.5749887318e-19 -2.7946413183e-14 -2.9285614436e-13 -3.0978728281e-14
d  1.5282925346e-03 1.0698047207e+00 2.0000000000e-01 2.9851447503e-06 3.0000000000e+02 -3.5783691894e-13 2.8202115751e-14 2.9851274397e-13 3.5772993869e-13 -4.2539798835e-19 -2.8222115246e-14 -2.9851447640e-13 -3.0996560498e-14
d  1.5341520357e-03 1.0739063713e+00 2.0000000000e-01 3.0539137103e-06 3.0000000000e+02 -3.6493212846e-13 2.8404224329e-14 3.0539137417e-13 3.6482473782e-13 -4.1867671705e-19 -2.8424224330e-14 -3.0539137133e-13 -3.1009570513e-14
d  1.5411834370e-03 1.0788283519e+00 2.0000000000e-01 3.1356068216e-06 3.0000000000e+02 -3.7312917756e-13 2.8428405196e-14 3.1356186470e-13 3.7302129459e-13 -4.1737141162e-19 -2.8448405465e-14 -3.1356068188e-13 -3.1011308146e-14
d  1.5454022777e-03 1.0817815403e+00 2.0000000000e-01 3.1878374170e-06 3.0000000000e+02 -3.7845898326e-13 2.8528480246e-14 3.1878324930e-13 3.7835080518e-13 -4.4312288710e-19 -2.8548480079e-14 -3.1878374237e-13 -3.1017835944e-14
d  1.5504648867e-03 1.0853253664e+00 2.0000000000e-01 3.2512114282e-06 3.0000000000e+02 -3.8486131224e-13 2.8589871349e-14 3.2511982359e-13 3.8475277989e-13 -4.4505894199e-19 -2.8609870932e-14 -3.2512114403e-13 -3.1021877422e-14
d  1.5565400174e-03 1.0895779577e+00 2.0000000000e-01 3.3297425378e-06 3.0000000000e+02 -3.9279537586e-13 2.8665632738e-14 3.3297507531e-13 3.9268641796e-13 -4.6085645009e-19 -2.8685632954e-14 -3.3297425364e-13 -3.1026882548e-14
d  1.5601850958e-03 1.0921295125e+00 2.0000000000e-01 3.3782213988e-06 3.0000000000e+02 -3.9769423333e-13 2.8711707384e-14 3.3782215094e-13 3.9758502038e-13 -4.6920815388e-19 -2.8731707389e-14 -3.3782214021e-13 -3.1029917751e-14
d  1.5645591899e-03 1.0951913782e+00 2.0000000000e-01 3.4377932769e-06 3.0000000000e+02 -4.0371472671e-13 2.8771759405e-14 3.4377908414e-13 4.0360520761e-13 -4.7977351904e-19 -2.8791759316e-14 -3.4377932822e-13 -3.1033861147e-14
d  1.5698081029e-03 1.0988656171e+00 2.0000000000e-01 3.5113757956e-06 3.0000000000e+02 -4.1115211694e-13 2.8845688717e-14 3.5113758438e-13 4.1104223038e-13 -4.9283519871e-19 -2.8865688719e-14 -3.5113757991e-13 -3.1038707631e-14
d  1.5729574507e-03 1.1010701604e+00 2.0000000000e-01 3.5565814320e-06 3.0000000000e+02 -4.1571763396e-13 2.8887461353e-14 3.5566577765e-13 4.1560752561e-13 -5.0093981861e-19 -2.8907464805e-14 -3.5565813643e-13 -3.1041448493e-14
d  1.5767366680e-03 1.1037156124e+00 2.0000000000e-01 3.6120498000e-06 3.0000000000e+02 -4.2132405777e-13 2.8938477664e-14 3.6121558213e-13 4.2121368440e-13 -5.1089560742e-19 -2.8958482153e-14 -3.6120497102e-13 -3.1044792206e-14
d  1.5812717288e-03 1.1068901548e+00 2.0000000000e-01 3.6805241577e-06 3.0000000000e+02 -4.2825337525e-13 2.9015174630e-14 3.6805145779e-13 4.2814268639e-13 -5.2347848901e-19 -2.9035174292e-14 -3.6805241685e-13 -3.1049782646e-14
d  1.5867138017e-03 1.1106996057e+00 2.0000000000e-01 3.7652419993e-06 3.0000000000e+02 -4.3681970293e-13 2.9110132126e-14 3.7652422740e-13 4.3670863297e-13 -5.3943891010e-19 -2.9130132134e-14 -3.7652420029e-13 -3.1055951840e-14
d  1.5899790455e-03 1.1129852762e+00 2.0000000000e-01 3.8174044436e-06 3.0000000000e+02 -4.4208906906e-13 2.9157623907e-14 3.8175181516e-13 4.4197776851e-13 -5.4913869668e-19 -2.9177628864e-14 -3.8174043439e-13 -3.1059048104e-14
d  1.5938973380e-03 1.1157280808e+00 2.0000000000e-01 3.8817373583e-06 3.0000000000e+02 -4.4860202564e-13 2.9225518692e-14 3.8817374591e-13 4.4849045283e-13 -5.6128490813e-19 -2.9245518696e-14 -3.8817373620e-13 -3.1063451681e-14
d  1.5985992890e-03 1.1190194463e+00 2.0000000000e-01 3.9609837997e-06 3.0000000000e+02 -4.5661312768e-13 2.9314849148e-14 3.9610865808e-13 4.5650122407e-13 -5.7675487206e-19 -2.9334852643e-14 -3.9609837283e-13 -3.1069231410e-14
d  1.6042416302e-03 1.1229690850e+00 2.0000000000e-01 4.0596983313e-06 3.0000000000e+02 -4.6660445823e-13 2.9420323540e-14 4.0596983335e-13 4.6649216132e-13 -5.9573019227e-19 -2.9440323540e-14 -4.0596983354e-13 -3.1076048969e-14
d  1.6076270350e-03 1.1253388682e+00 2.0000000000e-01 4.1207683884e-06 3.0000000000e+02 -4.7278309471e-13 2.9493368194e-14 4.1207685529e-13 4.7267056082e-13 -6.0819350769e-19 -2.9513368201e-14 -4.1207683924e-13 -3.1080753019e-14
d  1.6116895206e-03 1.1281826080e+00 2.0000000000e-01 4.1960108834e-06 3.0000000000e+02 -4.8039656761e-13 2.9575965125e-14 4.1960059435e-13 4.8028374944e-13 -6.2321669373e-19 -2.9595964931e-14 -4.1960108917e-13 -3.1086074303e-14
d  1.6165645034e-03 1.1315950958e+00 2.0000000000e-01 4.2892514855e-06 3.0000000000e+02 -4.8983189868e-13 2.9680554951e-14 4.2892515424e-13 4.8971873917e-13 -6.4215632114e-19 -2.9700554953e-14 -4.2892514897e-13 -3.1092801131e-14
d  1.6194894931e-03 1.1336425885e+00 2.0000000000e-01 4.3466981441e-06 3.0000000000e+02 -4.9564037924e-13 2.9739953703e-14 4.3467969883e-13 4.9552701299e-13 -6.5389520282e-19 -2.9759958513e-14 -4.3466980478e-13 -3.1096620785e-14
d  1.6229994808e-03 1.1360995797e+00 2.0000000000e-01 4.4175130909e-06 3.0000000000e+02 -5.0281306821e-13 2.9819599677e-14 4.4175132083e-13 5.0269945825e-13 -6.6858527038e-19 -2.9839599683e-14 -4.4175130952e-13 -3.1101730286e-14
d  1.6272114659e-03 1.1390479692e+00 2.0000000000e-01 4.5049172228e-06 3.0000000000e+02 -5.1166022469e-13 2.9926840062e-14 4.5049040657e-13 5.1154632013e-13 -6.8710240746e-19 -2.9946839563e-14 -4.5049172381e-13 -3.1108595406e-14
d  1.6322658481e-03 1.1425860365e+00 2.0000000000e-01 4.6135993929e-06 3.0000000000e+02 -5.2266158859e-13 3.0051092599e-14 4.6136012001e-13 5.2254732995e-13 -7.1033269457e-19 -3.0071092656e-14 -4.6135993963e-13 -3.1116545411e-14
d  1.6383311067e-03 1.1468317174e+00 2.0000000000e-01 4.7498706645e-06 3.0000000000e+02 -5.3645775177e-13 3.0208362198e-14 4.7498715463e-13 5.3634306859e-13 -7.3979843186e-19 -3.0228362222e-14 -4.7498706687e-13 -3.1126589604e-14
d  1.6419702619e-03 1.1493791259e+00 2.0000000000e-01 4.8348442995e-06 3.0000000000e+02 -5.4505997399e-13 3.0307025237e-14 4.8348711277e-13 5.4494503556e-13 -7.5878947543e-19 -3.0327026286e-14 -4.8348442815e-13 -3.1132878861e-14
d  1.6463372481e-03 1.1524360161e+00 2.0000000000e-01 4.9402774411e-06 3.0000000000e+02 -5.5573733334e-13 3.0431458914e-14 4.9402775308e-13 5.5562208973e-13 -7.8245943290e-19 -3.0451458917e-14 -4.9402774460e-13 -3.1140802236e-14
d  1.6515776316e-03 1.1561042843e+00 2.0000000000e-01 5.0719859193e-06 3.0000000000e+02 -5.6907512971e-13 3.0589628898e-14 5.0719867815e-13 5.6895951927e-13 -8.1254492539e-19 -3.0609628924e-14 -5.0719859237e-13 -3.1150859707e-14
d  1.6547218616e-03 1.1583052452e+00 2.0000000000e-01 5.1538903389e-06 3.0000000000e+02 -5.7737007085e-13 3.0687346988e-14 5.1538904341e-13 5.7725424032e-13 -8.3170933828e-19 -3.0707346992e-14 -5.1538903440e-13 -3.1157063597e-14
d  1.6584949377e-03 1.1609463984e+00 2.0000000000e-01 5.2552026346e-06 3.0000000000e+02 -5.8763185034e-13 3.0809850157e-14 5.2551845346e-13 5.8751575608e-13 -8.5554205591e-19 -3.0829849391e-14 -5.2552026565e-13 -3.1164834694e-14
d  1.6630226290e-03 1.1641157821e+00 2.0000000000e-01 5.3813354997e-06 3.0000000000e+02 -6.0040731879e-13 3.0963128150e-14 5.3813354483e-13 6.0029090722e-13 -8.8574305508e-19 -3.0983128149e-14 -5.3813355051e-13 -3.1174547866e-14
d  1.6684558586e-03 1.1679190426e+00 2.0000000000e-01 5.5397557355e-06 3.0000000000e+02 -6.1645547819e-13 3.1155288309e-14 5.5397540646e-13 6.1633868631e-13 -9.2417217939e-19 -3.1175288260e-14 -5.5397557422e-13 -3.1186708086e-14
d  1.6749757340e-03 1.1724829552e+00 2.0000000000e-01 5.6944113896e-06 3.0000000000e+02 -6.3057414845e-13 2.9888527817e-14 5.6944850315e-13 6.3045689879e-13 -7.4127420866e-19 -2.9908529619e-14 -5.6944113514e-13 -3.1106717543e-14
d  1.6788876593e-03 1.1752213028e+00 2.0000000000e-01 5.8427180710e-06 3.0000000000e+02 -6.4717490488e-13 3.1550738970e-14 5.8427179385e-13 6.4705738275e-13 -1.2169156336e-18 -3.1570738965e-14 -5.8427180770e-13 -3.1212174149e-14
d  1.6835819697e-03 1.1785073198e+00 2.0000000000e-01 5.9992364006e-06 3.0000000000e+02 -6.6303340358e-13 3.1747547115e-14 5.9992366414e-13 6.6291555284e-13 -9.6926576415e-19 -3.1767547124e-14 -5.9992364064e-13 -3.1223974733e-14
d  1.6863985559e-03 1.1804789301e+00 2.0000000000e-01 6.0888182861e-06 3.0000000000e+02 -6.7174421955e-13 3.1514142209e-14 6.0888922854e-13 6.7162616982e-13 -9.8180610322e-19 -3.1534145946e-14 -6.0888182111e-13 -3.1209314067e-14
d  1.6897784593e-03 1.1828448624e+00 2.0000000000e-01 6.2154908444e-06 3.0000000000e+02 -6.8495327640e-13 3.2020874407e-14 6.2154856937e-13 6.8483499204e-13 -1.1811194171e-18 -3.2040874164e-14 -6.2154908560e-13 -3.1241492568e-14
d  1.6938343435e-03 1.1856839811e+00 2.0000000000e-01 6.3670008111e-06 3.0000000000e+02 -7.0030779845e-13 3.2215551282e-14 6.3670005372e-13 7.0018923005e-13 -1.1224174552e-18 -3.2235551271e-14 -6.3670008177e-13 -3.1253521369e-14
d  1.6987014044e-03 1.1890909236e+00 2.0000000000e-01 6.5581912468e-06 3.0000000000e+02 -7.1968658283e-13 3.2458528781e-14 6.5581889808e-13 7.1956767379e-13 -1.1953921693e-18 -3.2478528707e-14 -6.5581912551e-13 -3.1268815251e-14
d  1.7045418776e-03 1.1931792546e+00 2.0000000000e-01 6.8017914971e-06 3.0000000000e+02 -7.4437583854e-13 3.2768171093e-14 6.8017173843e-13 7.4425652224e-13 -1.2639369583e-18 -3.2788169073e-14 -6.8017915541e-13 -3.1288227079e-14
d  1.7080461615e-03 1.1956322532e+00 2.0000000000e-01 6.9560754684e-06 3.0000000000e+02 -7.6001902424e-13 3.2974292652e-14 6.9560748986e-13 7.5989946103e-13 -1.3118820032e-18 -3.2994292629e-14 -6.9560754759e-13 -3.1301134360e-14
d  1.7122513021e-03 1.1985758516e+00 2.0000000000e-01 7.1497559522e-06 3.0000000000e+02 -7.7965447058e-13 3.3219654011e-14 7.1497553763e-13 7.7953461301e-13 -1.3683020656e-18 -3.3239653989e-14 -7.1497559599e-13 -3.1316480233e-14
d  1.7172974709e-03 1.2021081695e+00 2.0000000000e-01 7.3818583285e-06 3.0000000000e+02 -8.0273206001e-13 3.3096188627e-14 7.3819235520e-13 8.0261184762e-13 -1.3555723600e-18 -3.3116190685e-14 -7.3818582855e-13 -3.1308564820e-14
d  1.7203251722e-03 1.2042275603e+00 2.0000000000e-01 7.5432308020e-06 3.0000000000e+02 -8.1955527524e-13 3.3739544621e-14 7.5432309193e-13 8.1943485248e-13 -1.5727405081e-18 -3.3759544626e-14 -7.5432308094e-13 -3.1349139443e-14
d  1.7239584138e-03 1.2067708293e+00 2.0000000000e-01 7.7366717462e-06 3.0000000000e+02 -8.3916977914e-13 3.3996006309e-14 7.7366711714e-13 8.3904910207e-13 -1.5253670164e-18 -3.4016006284e-14 -7.7366717546e-13 -3.1364912402e-14
d  1.7261383587e-03 1.2082967907e+00 2.0000000000e-01 7.8573792953e-06 3.0000000000e+02 -8.5141059937e-13 3.4155543857e-14 7.8573794346e-13 8.5128976968e-13 -1.5929318517e-18 -3.4175543866e-14 -7.8573793029e-13 -3.1374912734e-14
d  1.7287542926e-03 1.2101279443e+00 2.0000000000e-01 7.9948169633e-06 3.0000000000e+02 -8.6484408245e-13 3.3863484341e-14 7.9947869148e-13 8.6472307061e-13 -1.4916600983e-18 -3.3883482505e-14 -7.9948170116e-13 -3.1356335322e-14
d  1.7318934133e-03 1.2123253287e+00 2.0000000000e-01 8.1880409433e-06 3.0000000000e+02 -8.8494926604e-13 3.4602933944e-14 8.1880356593e-13 8.8482803366e-13 -1.8245248860e-18 -3.4622933675e-14 -8.1880409576e-13 -3.1403043912e-14
d  1.7356603581e-03 1.2149621899e+00 2.0000000000e-01 8.4221678051e-06 3.0000000000e+02 -9.0869411277e-13 3.4911714398e-14 8.4221838913e-13 9.0857261609e-13 -1.7539289793e-18 -3.4931715079e-14 -8.4221677974e-13 -3.1421947295e-14
d  1.7401806919e-03 1.2181264234e+00 2.0000000000e-01 8.6441049876e-06 3.0000000000e+02 -9.2873711917e-13 3.2888059216e-14 8.6440079896e-13 9.2861530924e-13 -1.3354280108e-18 -3.2908055796e-14 -8.6441050808e-13 -3.1294621387e-14
d  1.7428928922e-03 1.2200249635e+00 2.0000000000e-01 8.8671443222e-06 3.0000000000e+02 -9.5386051400e-13 3.5535538810e-14 8.8671371337e-13 9.5373851174e-13 -2.4460959436e-18 -3.5555538434e-14 -8.8671443397e-13 -3.1461883956e-14
d  1.7461475325e-03 1.2223032116e+00 2.0000000000e-01 9.1003337216e-06 3.0000000000e+02 -9.7751119703e-13 3.5855604272e-14 9.1003328397e-13 9.7738896674e-13 -1.8600672646e-18 -3.5875604229e-14 -9.1003337317e-13 -3.1480359297e-14
d  1.7500531009e-03 1.2250371094e+00 2.0000000000e-01 9.3795223726e-06 3.0000000000e+02 -1.0052211476e-12 3.5656497533e-14 9.3796840291e-13 1.0050986389e-12 -1.9900525498e-18 -3.5676504125e-14 -9.3795222211e-13 -3.1467910385e-14
d  1.7547397830e-03 1.2283177867e+00 2.0000000000e-01 9.6754736191e-06 3.0000000000e+02 -1.0330779662e-12 3.4016603147e-14 9.6753024209e-13 1.0329551396e-12 -1.7327315266e-18 -3.4036597333e-14 -9.6754737784e-13 -3.1364982896e-14
d  1.7575517922e-03 1.2302861930e+00 2.0000000000e-01 9.9564299104e-06 3.0000000000e+02 -1.0644131060e-12 3.7065820591e-14 9.9564289867e-13 1.0642900774e-12 -2.9001696494e-18 -3.7085820545e-14 -9.9564299214e-13 -3.1556937781e-14
d  1.7609262033e-03 1.2326482807e+00 2.0000000000e-01 1.0259600167e-05 3.0000000000e+02 -1.0951721875e-12 3.7486110837e-14 1.0259615829e-12 1.0950489221e-12 -2.3048953200e-18 -3.7506111576e-14 -1.0259600159e-12 -3.1581456693e-14
d  1.7629508500e-03 1.2340655333e+00 2.0000000000e-01 1.0451780143e-05 3.0000000000e+02 -1.1146762072e-12 3.7752980821e-14 1.0451780487e-12 1.1145528007e-12 -2.5740656989e-18 -3.7772980845e-14 -1.0451780153e-12 -3.1598344671e-14
d  1.7653804260e-03 1.2357662364e+00 2.0000000000e-01 1.0692271883e-05 3.0000000000e+02 -1.1390822174e-12 3.8089915287e-14 1.0692272020e-12 1.1389586407e-12 -2.6780147227e-18 -3.8109915296e-14 -1.0692271893e-12 -3.1619187068e-14
d  1.7682959172e-03 1.2378070801e+00 2.0000000000e-01 1.0995608152e-05 3.0000000000e+02 -1.1698676339e-12 3.8514847914e-14 1.0995607414e-12 1.1697438532e-12 -2.8101999468e-18 -3.8534847873e-14 -1.0995608164e-12 -3.1645460483e-14
d  1.7717945066e-03 1.2402560926e+00 2.0000000000e-01 1.1382564138e-05 3.0000000000e+02 -1.2091427997e-12 3.9060373040e-14 1.1382556352e-12 1.2090187744e-12 -2.9838419960e-18 -3.9080372686e-14 -1.1382564158e-12 -3.1679171952e-14
d  1.7738936602e-03 1.2417255001e+00 2.0000000000e-01 1.1627397585e-05 3.0000000000e+02 -1.2339829371e-12 3.9397003867e-14 1.1627312328e-12 1.2338587681e-12 -3.0936669801e-18 -3.9416998100e-14 -1.1627397729e-12 -3.1699941630e-14
d  1.7764126446e-03 1.2434887891e+00 2.0000000000e-01 1.1935600415e-05 3.0000000000e+02 -1.2652784362e-12 3.9848048798e-14 1.1935599453e-12 1.2651540874e-12 -3.2489787251e-18 -3.9868048738e-14 -1.1935600429e-12 -3.1727809847e-14
d  1.7794354259e-03 1.2456047358e+00 2.0000000000e-01 1.2327061262e-05 3.0000000000e+02 -1.3050174901e-12 4.0400350231e-14 1.2327034146e-12 1.3048929307e-12 -3.4322542942e-18 -4.0420348803e-14 -1.2327061310e-12 -3.1761876403e-14
d  1.7830627634e-03 1.2481438720e+00 2.0000000000e-01 1.2700821483e-05 3.0000000000e+02 -1.3391289693e-12 3.7331262947e-14 1.2700709280e-12 1.3390041594e-12 -2.5166587764e-18 -3.7351258025e-14 -1.2700821623e-12 -3.1569327675e-14
d  1.7852391659e-03 1.2496673536e+00 2.0000000000e-01 1.3073731756e-05 3.0000000000e+02 -1.3808634771e-12 4.1492802101e-14 1.3073730820e-12 1.3807385104e-12 -4.7923513893e-18 -4.1512802040e-14 -1.3073731771e-12 -3.1831328069e-14
d  1.7878508489e-03 1.2514955317e+00 2.0000000000e-01 1.3473606096e-05 3.0000000000e+02 -1.4214550545e-12 4.2086200302e-14 1.3473605248e-12 1.4213299050e-12 -3.6959819221e-18 -4.2106200250e-14 -1.3473606111e-12 -3.1865179223e-14
d  1.7894178587e-03 1.2525924385e+00 2.0000000000e-01 1.3727384318e-05 3.0000000000e+02 -1.4472272347e-12 4.2451382631e-14 1.3727384513e-12 1.4471019755e-12 -4.1684685354e-18 -4.2471382649e-14 -1.3727384332e-12 -3.1888340011e-14
d  1.7912982705e-03 1.2539087266e+00 2.0000000000e-01 1.4045384642e-05 3.0000000000e+02 -1.4795194512e-12 4.2914289448e-14 1.4045337912e-12 1.4793940627e-12 -4.3453826974e-18 -4.2934285479e-14 -1.4045384747e-12 -3.1916844033e-14
d  1.7935547646e-03 1.2554882724e+00 2.0000000000e-01 1.4447133464e-05 3.0000000000e+02 -1.5203174086e-12 4.3503588133e-14 1.4447132239e-12 1.5201918598e-12 -4.5737244656e-18 -4.3523588047e-14 -1.4447133481e-12 -3.1953126314e-14
d  1.7962625575e-03 1.2573837274e+00 2.0000000000e-01 1.4960710956e-05 3.0000000000e+02 -1.5724758508e-12 4.4254373296e-14 1.4960708603e-12 1.5723501126e-12 -4.8715673291e-18 -4.4274373158e-14 -1.4960710975e-12 -3.1999327855e-14
d  1.7995119091e-03 1.2596582734e+00 2.0000000000e-01 1.5458960935e-05 3.0000000000e+02 -1.6183823333e-12 4.0568632135e-14 1.5458856209e-12 1.6182563725e-12 -3.5936425519e-18 -4.0588627010e-14 -1.5458961087e-12 -3.1768408542e-14
d  1.8014615200e-03 1.2610230010e+00 2.0000000000e-01 1.5947947237e-05 3.0000000000e+02 -1.6727951666e-12 4.5730858770e-14 1.5947945575e-12 1.6726690644e-12 -6.8209188236e-18 -4.5750858649e-14 -1.5947947256e-12 -3.2092983497e-14
d  1.8038010531e-03 1.2626606740e+00 2.0000000000e-01 1.6482308127e-05 3.0000000000e+02 -1.7270620132e-12 4.6548427110e-14 1.6482306193e-12 1.7269357473e-12 -5.3709457951e-18 -4.6568426978e-14 -1.6482308147e-12 -3.2139519420e-14
d  1.8052047730e-03 1.2636432779e+00 2.0000000000e-01 1.6823274486e-05 3.0000000000e+02 -1.7617042014e-12 4.7053354389e-14 1.6823274804e-12 1.7615778371e-12 -6.0566532847e-18 -4.7073354422e-14 -1.6823274502e-12 -3.2171469036e-14
d  1.8068892368e-03 1.2648224025e+00 2.0000000000e-01 1.7252557284e-05 3.0000000000e+02 -1.8053165234e-12 4.7696795902e-14 1.7252474099e-12 1.8051900463e-12 -6.3480525242e-18 -4.7716788019e-14 -1.7252557485e-12 -3.2211004180e-14
d  1.8089105934e-03 1.2662373521e+00 2.0000000000e-01 1.7798196740e-05 3.0000000000e+02 -1.8607525227e-12 4.8522174504e-14 1.7798196983e-12 1.8606258990e-12 -6.7291742316e-18 -4.8542174524e-14 -1.7798196757e-12 -3.2261720421e-14
d  1.8113362213e-03 1.2679352915e+00 2.0000000000e-01 1.8501152283e-05 3.0000000000e+02 -1.9321774323e-12 4.9580450051e-14 1.8501148319e-12 1.9320506390e-12 -7.2303592399e-18 -4.9600449791e-14 -1.8501152308e-12 -3.2326718372e-14
d  1.8127915981e-03 1.2689540552e+00 2.0000000000e-01 1.8950487547e-05 3.0000000000e+02 -1.9778355803e-12 5.0264463077e-14 1.8950487881e-12 1.9777086849e-12 -7.5702729561e-18 -5.0284463110e-14 -1.8950487565e-12 -3.2368713621e-14
d  1.8145380502e-03 1.2701765716e+00 2.0000000000e-01 1.9519756278e-05 3.0000000000e+02 -2.0356840562e-12 5.1131236635e-14 1.9519759261e-12 2.0355570384e-12 -8.0051227540e-18 -5.1151236908e-14 -1.9519756291e-12 -3.2421931116e-14
d  1.8166337927e-03 1.2716435913e+00 2.0000000000e-01 2.0250648879e-05 3.0000000000e+02 -2.1099637520e-12 5.2252273706e-14 2.0250633514e-12 2.1098365886e-12 -8.5796778901e-18 -5.2272272540e-14 -2.0250648929e-12 -3.2490755520e-14
d  1.8178912382e-03 1.2725238031e+00 2.0000000000e-01 2.0716350252e-05 3.0000000000e+02 -2.1572920329e-12 5.2968416274e-14 2.0716350579e-12 2.1571647805e-12 -8.9634846103e-18 -5.2988416311e-14 -2.0716350272e-12 -3.2534702440e-14
d  1.8194001728e-03 1.2735800573e+00 2.0000000000e-01 2.1304820917e-05 3.0000000000e+02 -2.2171030384e-12 5.3873155453e-14 2.1304821335e-12 2.2169756804e-12 -9.4557246742e-18 -5.3893155498e-14 -2.1304820937e-12 -3.2590232090e-14
d  1.8212108944e-03 1.2748475623e+00 2.0000000000e-01 2.2057727194e-05 3.0000000000e+02 -2.2936319307e-12 5.5039858845e-14 2.2057723515e-12 2.2935044462e-12 -1.0101262650e-17 -5.5059858522e-14 -2.2057727224e-12 -3.2661836163e-14
d  1.8233837602e-03 1.2763685683e+00 2.0000000000e-01 2.3036568370e-05 3.0000000000e+02 -2.3931340842e-12 5.6563727393e-14 2.3036562484e-12 2.3930064477e-12 -1.0973150182e-17 -5.6583726963e-14 -2.3036568404e-12 -3.2755355329e-14
d  1.8246874797e-03 1.2772811720e+00 2.0000000000e-01 2.3667561703e-05 3.0000000000e+02 -2.4572809735e-12 5.7550525141e-14 2.3667562571e-12 2.4571532454e-12 -1.1570343710e-17 -5.7570525235e-14 -2.3667561724e-12 -3.2815898511e-14
d  1.8262519432e-03 1.2783762963e+00 2.0000000000e-01 2.4473093405e-05 3.0000000000e+02 -2.5391768846e-12 5.8813734464e-14 2.4473090563e-12 2.5390490472e-12 -1.2342824294e-17 -5.8833734175e-14 -2.4473093437e-12 -3.2893411587e-14
d  1.8281292993e-03 1.2796904455e+00 2.0000000000e-01 2.5517526603e-05 3.0000000000e+02 -2.6453695035e-12 6.0461368571e-14 2.5517520665e-12 2.6452415349e-12 -1.3377402919e-17 -6.0481368069e-14 -2.5517526642e-12 -3.2994522212e-14
d  1.8292557129e-03 1.2804789350e+00 2.0000000000e-01 2.6189152021e-05 3.0000000000e+02 -2.7136615209e-12 6.1525398282e-14 2.6189152363e-12 2.7135334730e-12 -1.4083069182e-17 -6.1545398325e-14 -2.6189152046e-12 -3.3059811187e-14
d  1.8306074093e-03 1.2814251224e+00 2.0000000000e-01 2.7044671500e-05 3.0000000000e+02 -2.8006576577e-12 6.2883863147e-14 2.7044671747e-12 2.8005295151e-12 -1.4993528203e-17 -6.2903863176e-14 -2.7044671527e-12 -3.3143181362e-14
d  1.8322294450e-03 1.2825605473e+00 2.0000000000e-01 2.8150744290e-05 3.0000000000e+02 -2.9131403951e-12 6.4650031978e-14 2.8150744438e-12 2.9130121390e-12 -1.6207799104e-17 -6.4670031992e-14 -2.8150744318e-12 -3.3251589074e-14
d  1.8341758878e-03 1.2839230572e+00 2.0000000000e-01 2.9608538568e-05 3.0000000000e+02 -3.0614053444e-12 6.6989980346e-14 2.9608530637e-12 3.0612769528e-12 -1.7880561784e-17 -6.7009979700e-14 -2.9608538616e-12 -3.3395242023e-14
d  1.8353437534e-03 1.2847405632e+00 2.0000000000e-01 3.0560208006e-05 3.0000000000e+02 -3.1582027085e-12 6.8525916613e-14 3.0560208374e-12 3.1580742344e-12 -1.9053303939e-17 -6.8545916658e-14 -3.0560208035e-12 -3.3489547553e-14
d  1.8367451923e-03 1.2857215703e+00 2.0000000000e-01 3.1789103524e-05 3.0000000000e+02 -3.2832068743e-12 7.0515464684e-14 3.1789097763e-12 3.2830783027e-12 -2.0593137050e-17 -7.0535464030e-14 -3.1789103572e-12 -3.3611739389e-14
d  1.8384269188e-03 1.2868987788e+00 2.0000000000e-01 3.3406575144e-05 3.0000000000e+02 -3.4477519592e-12 7.3150055337e-14 3.3406564654e-12 3.4476232704e-12 -2.2699958754e-17 -7.3170054348e-14 -3.3406575204e-12 -3.3773603989e-14
d  1.8394359548e-03 1.2876051040e+00 2.0000000000e-01 3.4461191438e-05 3.0000000000e+02 -3.5550463010e-12 7.4875801407e-14 3.4461191804e-12 3.5549175405e-12 -2.4173902078e-17 -7.4895801458e-14 -3.4461191472e-12 -3.3879669212e-14
d  1.8406467979e-03 1.2884526941e+00 2.0000000000e-01 3.5819246854e-05 3.0000000000e+02 -3.6931537302e-12 7.7041045315e-14 3.5819605212e-12 3.6930248436e-12 -2.6055934050e-17 -7.7061092444e-14 -3.5819245685e-12 -3.4012739987e-14
d  1.8420998097e-03 1.2894698023e+00 2.0000000000e-01 3.7607791344e-05 3.0000000000e+02 -3.8752180425e-12 8.0052850991e-14 3.7607540681e-12 3.8750891245e-12 -2.8765893671e-17 -8.0072823615e-14 -3.7607792133e-12 -3.4198092990e-14
d  1.8429716167e-03 1.2900800672e+00 2.0000000000e-01 3.8771665191e-05 3.0000000000e+02 -3.9936508649e-12 8.2003639060e-14 3.8771777631e-12 3.9935218424e-12 -3.0591468830e-17 -8.2023657368e-14 -3.8771664778e-12 -3.4318110983e-14
d  1.8440177852e-03 1.2908123851e+00 2.0000000000e-01 4.0271132914e-05 3.0000000000e+02 -4.1462488644e-12 8.4474784311e-14 4.0271133258e-12 4.1461197831e-12 -3.2988928012e-17 -8.4494784364e-14 -4.0271132953e-12 -3.4470251247e-14
d  1.8452731874e-03 1.2916911666e+00 2.0000000000e-01 4.2238561505e-05 3.0000000000e+02 -4.3464871121e-12 8.7772970588e-14 4.2238552183e-12 4.3463579442e-12 -3.6282416397e-17 -8.7792969408e-14 -4.2238561579e-12 -3.4673453555e-14
d  1.8467796700e-03 1.2927457043e+00 2.0000000000e-01 4.4882947035e-05 3.0000000000e+02 -4.6156517223e-12 9.2220012820e-14 4.4882915891e-12 4.6155224519e-12 -4.0939142705e-17 -9.2240009552e-14 -4.4882947177e-12 -3.4947653168e-14
d  1.8476835595e-03 1.2933784270e+00 2.0000000000e-01 4.6641005405e-05 3.0000000000e+02 -4.7946157976e-12 9.5193133594e-14 4.6641004904e-12 4.7944864599e-12 -4.4314325761e-17 -9.5213133515e-14 -4.6641005454e-12 -3.5131204892e-14
d  1.8487682270e-03 1.2941376942e+00 2.0000000000e-01 4.8949786698e-05 3.0000000000e+02 -5.0296610400e-12 9.9110235037e-14 4.8949776726e-12 5.0295316277e-12 -4.8844797763e-17 -9.9130233576e-14 -4.8949786787e-12 -3.5373190619e-14
d  1.8500698280e-03 1.2950488148e+00 2.0000000000e-01 5.2057823825e-05 3.0000000000e+02 -5.3461063075e-12 1.0441855581e-13 5.2058131593e-12 5.3459767548e-12 -5.5253953070e-17 -1.0443859321e-13 -5.2057822769e-12 -3.5701491395e-14
d  1.8508507885e-03 1.2955954872e+00 2.0000000000e-01 5.4127283277e-05 3.0000000000e+02 -5.5568281549e-12 1.0795641886e-13 5.4127283454e-12 5.5566985953e-12 -5.9882614779e-17 -1.0797641890e-13 -5.4127283330e-12 -3.5920647189e-14
d  1.8517879412e-03 1.2962514941e+00 2.0000000000e-01 5.6849063189e-05 3.0000000000e+02 -5.8339976141e-12 1.1266742929e-13 5.6848813602e-12 5.8338680328e-12 -6.6153860348e-17 -1.1268738695e-13 -5.6849064397e-12 -3.6212726326e-14
d  1.8529125245e-03 1.2970387023e+00 2.0000000000e-01 6.0519970725e-05 3.0000000000e+02 -6.2078487683e-12 1.1903053063e-13 6.0519970198e-12 6.2077190646e-12 -7.5022682996e-17 -1.1905053055e-13 -6.0519970788e-12 -3.6607801699e-14
d  1.8535872744e-03 1.2975110272e+00 2.0000000000e-01 6.2968657510e-05 3.0000000000e+02 -6.4572524995e-12 1.2328137269e-13 6.2968657817e-12 6.4571227484e-12 -8.1472767402e-17 -1.2330137275e-13 -6.2968657571e-12 -3.6872361640e-14
d  1.8543969743e-03 1.2980778171e+00 2.0000000000e-01 6.6194447558e-05 3.0000000000e+02 -6.7858309582e-12 1.2892254582e-13 6.6194447403e-12 6.7857011504e-12 -9.0185099423e-17 -1.2894254579e-13 -6.6194447625e-12 -3.7223770637e-14
d  1.8553686142e-03 1.2987579650e+00 2.0000000000e-01 7.0555210911e-05 3.0000000000e+02 -7.2300610521e-12 1.3658571424e-13 7.0555160059e-12 7.2299311870e-12 -1.0255946952e-16 -1.3660570596e-13 -7.0555211228e-12 -3.7701970237e-14
d  1.8559515982e-03 1.2991660538e+00 2.0000000000e-01 7.3470153321e-05 3.0000000000e+02 -7.5270321176e-12 1.4173548721e-13 7.3470153651e-12 7.5269022009e-12 -1.1161747696e-16 -1.4175548729e-13 -7.3470153393e-12 -3.8024337961e-14
d  1.8566511789e-03 1.2996557603e+00 2.0000000000e-01 7.7317728886e-05 3.0000000000e+02 -7.9190489605e-12 1.4854947162e-13 7.7317728822e-12 7.9189189949e-12 -1.2385646418e-16 -1.4856947160e-13 -7.7317728964e-12 -3.8451376284e-14
d  1.8574906758e-03 1.3002434081e+00 2.0000000000e-01 8.2532825359e-05 3.0000000000e+02 -8.4504486520e-12 1.5784004258e-13 8.2532790223e-12 8.4503186363e-12 -1.4131262855e-16 -1.5786003595e-13 -8.2532825639e-12 -3.9034885945e-14
d  1.8584980721e-03 1.3009485854e+00 2.0000000000e-01 8.9861819982e-05 3.0000000000e+02 -9.1973385623e-12 1.7097807368e-13 8.9861709886e-12 9.1972084961e-12 -1.6771679086e-16 -1.7099805650e-13 -8.9861820649e-12 -3.9862814273e-14
d  1.8591025098e-03 1.3013716918e+00 2.0000000000e-01 9.4944913672e-05 3.0000000000e+02 -9.7154108669e-12 1.8014421600e-13 9.4944912559e-12 9.7152807301e-12 -1.8832083297e-16 -1.8016421574e-13 -9.4944913775e-12 -4.0443773189e-14
d  1.8598278351e-03 1.3018794195e+00 2.0000000000e-01 1.0189671459e-04 3.0000000000e+02 -1.0424012558e-11 1.9272808399e-13 1.0189668777e-11 1.0423882378e-11 -2.1751349284e-16 -1.9274807814e-13 -1.0189671487e-11 -4.1243123562e-14
d  1.8606982255e-03 1.3024886927e+00 2.0000000000e-01 1.1179760667e-04 3.0000000000e+02 -1.1433343438e-11 2.1077763744e-13 1.1179748231e-11 1.1433213230e-11 -2.6215184973e-16 -2.1079761501e-13 -1.1179760756e-11 -4.2394520112e-14
d  1.8617426940e-03 1.3032198206e+00 2.0000000000e-01 1.2675022840e-04 3.0000000000e+02 -1.2957914963e-11 2.3825070740e-13 1.2675001821e-11 1.2957784718e-11 -3.3694913327e-16 -2.3827067620e-13 -1.2675022982e-11 -4.4159035937e-14
d  1.8623693750e-03 1.3036584973e+00 2.0000000000e-01 1.3788544885e-04 3.0000000000e+02 -1.4093457196e-11 2.5886765356e-13 1.3788531797e-11 1.4093326883e-11 -4.0273531936e-16 -2.5888762436e-13 -1.3788545000e-11 -4.5499595599e-14
d  1.8631213923e-03 1.3041849094e+00 2.0000000000e-01 1.5427495912e-04 3.0000000000e+02 -1.5765049098e-11 2.8940370138e-13 1.5427465017e-11 1.5764918816e-11 -5.0576670679e-16 -2.8942363724e-13 -1.5427496173e-11 -4.7496153766e-14
d  1.8635726027e-03 1.3045007566e+00 2.0000000000e-01 1.6617998349e-04 3.0000000000e+02 -1.6979443334e-11 3.1174081908e-13 1.6617997620e-11 1.6979312887e-11 -5.9179885264e-16 -3.1176081681e-13 -1.6617998373e-11 -4.8975710792e-14
d  1.8641140551e-03 1.3048797733e+00 2.0000000000e-01 1.8325007340e-04 3.0000000000e+02 -1.8720910585e-11 3.4390812642e-13 1.8324995789e-11 1.8720780158e-11 -7.2177244230e-16 -3.4392809288e-13 -1.8325007476e-11 -5.1118524357e-14
d  1.8647637980e-03 1.3053345934e+00 2.0000000000e-01 2.0915852372e-04 3.0000000000e+02 -2.1362164232e-11 3.9094358146e-13 2.0915993350e-11 2.1362032855e-11 -9.3264988227e-16 -3.9096391820e-13 -2.0915850977e-11 -5.4290117618e-14
d  1.8651536438e-03 1.3056074854e+00 2.0000000000e-01 2.2879432998e-04 3.0000000000e+02 -2.3368424452e-11 4.3063670606e-13 2.2879430187e-11 2.3368293909e-11 -1.1382792155e-15 -4.3065669597e-13 -2.2879433057e-11 -5.7021307671e-14
d  1.8656214587e-03 1.3059349558e+00 2.0000000000e-01 2.5801125823e-04 3.0000000000e+02 -2.6350502044e-11 4.8687644715e-13 2.5801090776e-11 2.6350371709e-11 -1.4457293874e-15 -4.8689633010e-13 -2.5801126305e-11 -6.0920100399e-14
d  1.8661828366e-03 1.3063279203e+00 2.0000000000e-01 3.0543022977e-04 3.0000000000e+02 -3.1191430497e-11 5.7882017797e-13 3.0542886598e-11 3.1191301067e-11 -2.0170487183e-15 -5.7883980569e-13 -3.0543024845e-11 -6.7429979278e-14
d  1.8665196633e-03 1.3065636990e+00 2.0000000000e-01 3.4347621749e-04 3.0000000000e+02 -3.5076554658e-11 6.5333358799e-13 3.4347597322e-11 3.5076424241e-11 -2.5824618934e-15 -6.5335348737e-13 -3.4347622192e-11 -7.2904104303e-14
d  1.8669238554e-03 1.3068466334e+00 2.0000000000e-01 4.0440395650e-04 3.0000000000e+02 -4.1299425567e-11 7.7340793766e-13 4.0440281548e-11 4.1299296205e-11 -3.5749711885e-15 -7.7342750283e-13 -4.0440397754e-11 -8.1891237124e-14
d  1.8671663707e-03 1.3070163941e+00 2.0000000000e-01 4.5266983100e-04 3.0000000000e+02 -4.6230608331e-11 8.6958077207e-13 4.5266859741e-11 4.6230479213e-11 -4.5269958711e-15 -8.6960006327e-13 -4.5266985928e-11 -8.9400909987e-14
d  1.8674573890e-03 1.3072201069e+00 2.0000000000e-01 5.2882821383e-04 3.0000000000e+02 -5.4012837512e-11 1.0221517940e-12 5.2882790604e-11 5.4012707254e-11 -6.1643317852e-15 -1.0221716302e-12 -5.2882822177e-11 -1.0157523446e-13
d  1.8678066109e-03 1.3074645623e+00 2.0000000000e-01 6.6505719831e-04 3.0000000000e+02 -6.7937851217e-11 1.2979000092e-12 6.6505723240e-11 6.7937720403e-11 -9.5775213919e-15 -1.2979200238e-12 -6.6505719806e-11 -1.2450206957e-13
d  1.8680161441e-03 1.3076112355e+00 2.0000000000e-01 7.8666868276e-04 3.0000000000e+02 -8.0376193221e-11 1.5484976922e-12 7.8666795276e-11 8.0376064107e-11 -1.3557747259e-14 -1.5485172167e-12 -7.8666870811e-11 -1.4711600735e-13
d  1.8682675839e-03 1.3077872433e+00 2.0000000000e-01 1.0100736046e-03 3.0000000000e+02 -1.0323477938e-10 2.0140964704e-12 1.0100743168e-10 1.0323464646e-10 -2.1964579017e-14 -2.0141168925e-12 -1.0100735769e-10 -1.9122532231e-13
d  1.8684184478e-03 1.3078928481e+00 2.0000000000e-01 1.2161405096e-03 3.0000000000e+02 -1.2433778973e-10 2.4540633366e-12 1.2161400452e-10 1.2433766057e-10 -3.2102606302e-14 -2.4540829185e-12 -1.2161405342e-10 -2.3740662704e-13
d  1.8685994845e-03 1.3080195737e+00 2.0000000000e-01 1.6128273316e-03 3.0000000000e+02 -1.6498596557e-10 3.3144242678e-12 1.6128251765e-10 1.6498584536e-10 -5.4859866062e-14 -3.3144425170e-12 -1.6128274694e-10 -3.3381082567e-13
d  1.8687081065e-03 1.3080956091e+00 2.0000000000e-01 1.9990850346e-03 3.0000000000e+02 -2.0462221439e-10 4.1842275754e-12 1.9990850669e-10 2.0462208339e-10 -8.4460460453e-14 -4.1842476154e-12 -1.9990850340e-10 -4.4491141089e-13
d  1.8688384529e-03 1.3081868516e+00 2.0000000000e-01 2.8049685056e-03 3.0000000000e+02 -2.8740347931e-10 6.0443902195e-12 2.8049697267e-10 2.8740333753e-10 -1.5806610956e-13 -6.0444115552e-12 -2.8049683754e-10 -7.0400761787e-13
d  1.8689166607e-03 1.3082415971e+00 2.0000000000e-01 3.6688013339e-03 3.0000000000e+02 -3.7636669777e-10 8.1676520835e-12 3.6688014577e-10 3.7636656556e-10 -2.6704706024e-13 -8.1676722901e-12 -3.6688013201e-10 -1.0516984102e-12
d  1.8690105101e-03 1.3083072917e+00 2.0000000000e-01 5.7806988672e-03 3.0000000000e+02 -5.9430590434e-10 1.3592552906e-11 5.7807006738e-10 5.9430573470e-10 -5.9651064957e-13 -1.3592575387e-11 -5.7806984395e-10 -2.0468083189e-12
d  1.8690668197e-03 1.3083467084e+00 2.0000000000e-01 8.5421892797e-03 3.0000000000e+02 -8.8076695406e-10 2.1518820431e-11 8.5421938161e-10 8.8076668311e-10 -1.2236430096e-12 -2.1518849863e-11 -8.5421877162e-10 -3.8053981095e-12
d  1.8691006055e-03 1.3083703585e+00 2.0000000000e-01 1.1534055119e-02 3.0000000000e+02 -1.1929768379e-09 3.1153632433e-11 1.1534057983e-09 1.1929766010e-09 -2.1438261511e-12 -3.1153663172e-11 -1.1534053882e-09 -6.2736670419e-12
d  1.8691411485e-03 1.3083987385e+00 2.0000000000e-01 1.8668232922e-02 3.0000000000e+02 -1.9392048063e-09 5.4912336629e-11 1.8668233044e-09 1.9392046659e-09 -4.6373211424e-12 -5.4912356978e-11 -1.8668232838e-09 -1.2831671335e-11
d  1.8691654742e-03 1.3084157665e+00 2.0000000000e-01 2.6977444175e-02 3.0000000000e+02 -2.8141288513e-09 8.5639913136e-11 2.6977446178e-09 2.8141285099e-09 -8.3687859814e-12 -8.5639942280e-11 -2.6977441927e-09 -2.2375596570e-11
d  1.8691946652e-03 1.3084362002e+00 2.0000000000e-01 4.6108626552e-02 3.0000000000e+02 -4.8247523949e-09 1.5228301515e-10 4.6108627410e-09 4.8247520146e-09 -1.7129092879e-11 -1.5228303704e-10 -4.6108624054e-09 -4.4477458110e-11
d  1.8692121797e-03 1.3084484604e+00 2.0000000000e-01 6.4977129819e-02 3.0000000000e+02 -6.7994000678e-09 2.1059522833e-10 6.4977142125e-09 6.7993962276e-09 -2.5594392038e-11 -2.1059531425e-10 -6.4977091473e-09 -6.5497366255e-11
d  1.8692226884e-03 1.3084558165e+00 2.0000000000e-01 7.9390687768e-02 3.0000000000e+02 -8.2914176230e-09 2.4362642562e-10 7.9390687825e-09 8.2914174775e-09 -3.0688414000e-11 -2.4362644628e-10 -7.9390687689e-09 -7.8033639302e-11
d  1.8692352989e-03 1.3084646438e+00 2.0000000000e-01 9.9052543210e-02 3.0000000000e+02 -1.0292123828e-08 2.6544369529e-10 9.9052548578e-09 1.0292121898e-08 -3.4394203690e-11 -2.6544377316e-10 -9.9052524280e-09 -8.7031564100e-11
d  1.8692504315e-03 1.3084752366e+00 2.0000000000e-01 1.2347278551e-01 3.0000000000e+02 -1.2723670740e-08 2.5665302629e-10 1.2347278558e-08 1.2723670579e-08 -3.4007607411e-11 -2.5665304689e-10 -1.2347278532e-08 -8.5731328447e-11
d  1.8692595110e-03 1.3084815923e+00 2.0000000000e-01 1.3736877354e-01 3.0000000000e+02 -1.4078366856e-08 2.3237912921e-10 1.3736877519e-08 1.4078366102e-08 -3.1014988081e-11 -2.3237917361e-10 -1.3736876704e-08 -7.8095248211e-11
d  1.8692704065e-03 1.3084892191e+00 2.0000000000e-01 1.5208714881e-01 3.0000000000e+02 -1.5492686907e-08 1.9287635747e-10 1.5208714886e-08 1.5492686758e-08 -2.5913833905e-11 -1.9287637812e-10 -1.5208714877e-08 -6.5181647488e-11
d  1.8692834810e-03 1.3084983713e+00 2.0000000000e-01 1.6616192901e-01 3.0000000000e+02 -1.6825397682e-08 1.4186644360e-10 1.6616192881e-08 1.6825397634e-08 -1.9167338479e-11 -1.4186646128e-10 -1.6616193005e-08 -4.8170835502e-11
d  1.8692991705e-03 1.3085093539e+00 2.0000000000e-01 1.7802985519e-01 3.0000000000e+02 -1.7933953434e-08 8.8708496188e-11 1.7802985466e-08 1.7933953533e-08 -1.2033355456e-11 -8.8708510953e-11 -1.7802985775e-08 -3.0225892841e-11
d  1.8693179978e-03 1.3085225330e+00 2.0000000000e-01 1.8662286725e-01 3.0000000000e+02 -1.8728095701e-08 4.4534710369e-11 1.8662286722e-08 1.8728095581e-08 -6.0585388739e-12 -4.4534730164e-11 -1.8662286755e-08 -1.5215689486e-11
d  1.8693405906e-03 1.3085383480e+00 2.0000000000e-01 1.9178086383e-01 3.0000000000e+02 -1.9201448350e-08 1.5789641521e-11 1.9178086743e-08 1.9201446600e-08 -2.1555763509e-12 -1.5789686911e-11 -1.9178084740e-08 -5.4165639659e-12
d  1.8693677020e-03 1.3085573260e+00 2.0000000000e-01 1.9418117598e-01 3.0000000000e+02 -1.9420927528e-08 1.8786957087e-12 1.9418136316e-08 1.9420841946e-08 -2.6374888104e-13 -1.8798113200e-12 -1.9418030324e-08 -6.6804619258e-13
d  1.8694002356e-03 1.3085800995e+00 2.0000000000e-01 1.9488629479e-01 3.0000000000e+02 -1.9485361345e-08 -2.2346734273e-12 1.9488629547e-08 1.9485360898e-08 2.9651125633e-13 2.2346501567e-12 -1.9488629177e-08 7.3781493084e-13
d  1.8694392760e-03 1.3086074278e+00 2.0000000000e-01 1.9485369526e-01 3.0000000000e+02 -1.9482485326e-08 -1.9734102721e-12 1.9485389722e-08 1.9482387813e-08 2.6117641799e-13 1.9725872992e-12 -1.9485270801e-08 6.4905189272e-13
d  1.8694861245e-03 1.3086402217e+00 2.0000000000e-01 1.9467228782e-01 3.0000000000e+02 -1.9466046991e-08 -8.2094922350e-13 1.9467228780e-08 1.9466046873e-08 1.0489335654e-13 8.2092930713e-13 -1.9467228815e-08 2.5667194499e-13
d  1.8695423426e-03 1.3086795744e+00 2.0000000000e-01 1.9456737283e-01 3.0000000000e+02 -1.9456626683e-08 -9.5011765012e-14 1.9456737287e-08 1.9456626532e-08 6.3435534658e-15 9.4991661341e-14 -1.9456737282e-08 9.2771792767e-15
d  1.8696098044e-03 1.3087267976e+00 2.0000000000e-01 1.9455219677e-01 3.0000000000e+02 -1.9455432863e-08 1.2417851912e-13 1.9455233908e-08 1.9455357039e-08 -2.3479668490e-14 -1.2451090910e-13 -1.9455143463e-08 -6.5585351793e-14
d  1.8696907585e-03 1.3087834655e+00 2.0000000000e-01 1.9457960147e-01 3.0000000000e+02 -1.9458167224e-08 1.1987702024e-13 1.9457942583e-08 1.9458263441e-08 -2.2762821761e-14 -1.1958082874e-13 -1.9458057064e-08 -6.3795448860e-14
d  1.8697879035e-03 1.3088514670e+00 2.0000000000e-01 1.9461770343e-01 3.0000000000e+02 -1.9461928440e-08 8.7078929614e-14 1.9461744343e-08 1.9462075222e-08 -1.8298622634e-14 -8.6715068564e-14 -1.9461917947e-08 -5.2575056488e-14
d  1.8699044774e-03 1.3089330687e+00 2.0000000000e-01 1.9465870959e-01 3.0000000000e+02 -1.9466008236e-08 7.2939155963e-14 1.9465870710e-08 1.9466009555e-08 -1.6465988893e-14 -7.2956133659e-14 -1.9465872434e-08 -4.7959143386e-14
d  1.8700443661e-03 1.3090309908e+00 2.0000000000e-01 1.9470519888e-01 3.0000000000e+02 -1.9470654561e-08 7.0936502733e-14 1.9470519595e-08 1.9470656178e-08 -1.6200832928e-14 -7.0953591268e-14 -1.9470521661e-08 -4.7280687002e-14
d  1.8702122326e-03 1.3091484973e+00 2.0000000000e-01 1.9476063732e-01 3.0000000000e+02 -1.9476200268e-08 7.2247629028e-14 1.9476063389e-08 1.9476202234e-08 -1.6384334078e-14 -7.2264830823e-14 -1.9476065853e-08 -4.7726720312e-14
d  1.8704136723e-03 1.3092895052e+00 2.0000000000e-01 1.9482732426e-01 3.0000000000e+02 -1.9482869499e-08 7.2601992374e-14 1.9482732058e-08 1.9482871666e-08 -1.6440277628e-14 -7.2619527662e-14 -1.9482734748e-08 -4.7849222702e-14
d  1.8706554001e-03 1.3094587146e+00 2.0000000000e-01 1.9490742910e-01 3.0000000000e+02 -1.9490880008e-08 7.2615949537e-14 1.9490742602e-08 1.9490881842e-08 -1.6450647670e-14 -7.2634250799e-14 -1.9490744897e-08 -4.7853768123e-14
d  1.8709454733e-03 1.3096617658e+00 2.0000000000e-01 1.9500357341e-01 3.0000000000e+02 -1.9500494429e-08 7.2621617847e-14 1.9500357340e-08 1.9500494304e-08 -1.6460023456e-14 -7.2641613137e-14 -1.9500357367e-08 -4.7851514952e-14
d  1.8712935612e-03 1.3099054274e+00 2.0000000000e-01 1.9511896276e-01 3.0000000000e+02 -1.9512033380e-08 7.2607002623e-14 1.9511896280e-08 1.9512033217e-08 -1.6472219914e-14 -7.2627020455e-14 -1.9511896264e-08 -4.7851059339e-14
d  1.8717112667e-03 1.3101978212e+00 2.0000000000e-01 1.9525745840e-01 3.0000000000e+02 -1.9525882977e-08 7.2621605060e-14 1.9525745856e-08 1.9525882741e-08 -1.6488899420e-14 -7.2641653654e-14 -1.9525745754e-08 -4.7855668766e-14
d  1.8722125133e-03 1.3105486938e+00 2.0000000000e-01 1.9542369480e-01 3.0000000000e+02 -1.9542506654e-08 7.2634108183e-14 1.9542369528e-08 1.9542506202e-08 -1.6508624636e-14 -7.2654228940e-14 -1.9542369179e-08 -4.7860366699e-14
d  1.8728140092e-03 1.3109697409e+00 2.0000000000e-01 1.9562323809e-01 3.0000000000e+02 -1.9562461027e-08 7.2648760334e-14 1.9562323942e-08 1.9562459983e-08 -1.6532320703e-14 -7.2669041443e-14 -1.9562322916e-08 -4.7865935835e-14
d  1.8735358043e-03 1.3114749974e+00 2.0000000000e-01 1.9586277580e-01 3.0000000000e+02 -1.9586414850e-08 7.2666290912e-14 1.9586277900e-08 1.9586412504e-08 -1.6560838964e-14 -7.2686850345e-14 -1.9586275383e-08 -4.7872635527e-14
d  1.8744019584e-03 1.3120813053e+00 2.0000000000e-01 1.9615034457e-01 3.0000000000e+02 -1.9615171790e-08 7.2687704061e-14 1.9615035169e-08 1.9615166693e-08 -1.6595198125e-14 -7.2708734311e-14 -1.9615029508e-08 -4.7880750393e-14
d  1.8754413433e-03 1.3128088747e+00 2.0000000000e-01 1.9649560497e-01 3.0000000000e+02 -1.9649697906e-08 7.2712354665e-14 1.9649562014e-08 1.9649687098e-08 -1.6636576082e-14 -7.2734176741e-14 -1.9649549836e-08 -4.7890474677e-14
d  1.8766886052e-03 1.3136819580e+00 2.0000000000e-01 1.9691017360e-01 3.0000000000e+02 -1.9691154860e-08 7.2741390812e-14 1.9691020506e-08 1.9691132434e-08 -1.6686456085e-14 -7.2764525414e-14 -1.9690995079e-08 -4.7902206205e-14
d  1.8781853195e-03 1.3147296579e+00 2.0000000000e-01 1.9740802485e-01 3.0000000000e+02 -1.9740940093e-08 7.2775673927e-14 1.9740808829e-08 1.9740894706e-08 -1.6746584427e-14 -7.2800921815e-14 -1.9740757239e-08 -4.7916385164e-14
d  1.8799813767e-03 1.3159868979e+00 2.0000000000e-01 1.9800597759e-01 3.0000000000e+02 -1.9800735496e-08 7.2815727371e-14 1.9800610059e-08 1.9800647047e-08 -1.6818885345e-14 -7.2844181131e-14 -1.9800509445e-08 -4.7933455421e-14
d  1.8821366452e-03 1.3174955858e+00 2.0000000000e-01 1.9872428348e-01 3.0000000000e+02 -1.9872566242e-08 7.2863709521e-14 1.9872428614e-08 1.9872564186e-08 -1.6904687802e-14 -7.2883861609e-14 -1.9872426444e-08 -4.7946201400e-14
d  1.8847229675e-03 1.3193060113e+00 2.0000000000e-01 1.9958735779e-01 3.0000000000e+02 -1.9958873888e-08 7.2951092107e-14 1.9958735784e-08 1.9958873721e-08 -1.7014070128e-14 -7.2971094388e-14 -1.9958735764e-08 -4.7977310281e-14
d  1.8878265543e-03 1.3214785219e+00 2.0000000000e-01 2.0062462577e-01 3.0000000000e+02 -2.0062600916e-08 7.3019839222e-14 2.0062462581e-08 2.0062600754e-08 -1.7142581111e-14 -7.3039840831e-14 -2.0062462567e-08 -4.8003914269e-14
d  1.8915508584e-03 1.3240855347e+00 2.0000000000e-01 2.0187163057e-01 3.0000000000e+02 -2.0187301681e-08 7.3113071404e-14 2.0187162301e-08 2.0187307122e-08 -1.7299911082e-14 -7.3132822939e-14 -2.0187168651e-08 -4.8038133937e-14
d  1.8960200233e-03 1.3272139500e+00 2.0000000000e-01 2.0337131886e-01 3.0000000000e+02 -2.0337270855e-08 7.3223702375e-14 2.0337131886e-08 2.0337270723e-08 -1.7492084309e-14 -7.3243702345e-14 -2.0337131908e-08 -4.8079471538e-14
d  1.9013830212e-03 1.3309680483e+00 2.0000000000e-01 2.0517566722e-01 3.0000000000e+02 -2.0517706108e-08 7.3357026157e-14 2.0517566722e-08 2.0517705976e-08 -1.7727278560e-14 -7.3377026141e-14 -2.0517566743e-08 -4.8128541127e-14
d  1.9078186187e-03 1.3354729663e+00 2.0000000000e-01 2.0734770983e-01 3.0000000000e+02 -2.0734910880e-08 7.3517904812e-14 2.0734770983e-08 2.0734910746e-08 -1.8016879307e-14 -7.3537904804e-14 -2.0734771004e-08 -4.8187992225e-14
d  1.9155413357e-03 1.3408788679e+00 2.0000000000e-01 2.0996396828e-01 3.0000000000e+02 -2.0996537347e-08 7.3710461281e-14 2.0996396831e-08 2.0996537187e-08 -1.8374919277e-14 -7.3730461818e-14 -2.0996396823e-08 -4.8258989640e-14
d  1.9248085961e-03 1.3473659499e+00 2.0000000000e-01 2.1311758341e-01 3.0000000000e+02 -2.1311899623e-08 7.3941820081e-14 2.1311758339e-08 2.1311899498e-08 -1.8820591689e-14 -7.3961819922e-14 -2.1311758371e-08 -4.8344121818e-14
d  1.9303689523e-03 1.3512581991e+00 2.0000000000e-01 2.1501714704e-01 3.0000000000e+02 -2.1501856454e-08 7.4081454228e-14 2.1501714703e-08 2.1501856323e-08 -1.9096850828e-14 -7.4101454133e-14 -2.1501714729e-08 -4.8395353173e-14
d  1.9370413798e-03 1.3559288981e+00 2.0000000000e-01 2.1730395328e-01 3.0000000000e+02 -2.1730537649e-08 7.4249265100e-14 2.1730395328e-08 2.1730537514e-08 -1.9437393690e-14 -7.4269265081e-14 -2.1730395350e-08 -4.8456880413e-14
d  1.9450482928e-03 1.3615337369e+00 2.0000000000e-01 2.2005867692e-01 3.0000000000e+02 -2.2006010711e-08 7.4450848785e-14 2.2005867694e-08 2.2006010560e-08 -1.9859544423e-14 -7.4470849075e-14 -2.2005867699e-08 -4.8530690897e-14
d  1.9546565883e-03 1.3682595434e+00 2.0000000000e-01 2.2337948490e-01 3.0000000000e+02 -2.2338092366e-08 7.4691703517e-14 2.2337948489e-08 2.2338092238e-08 -2.0386315364e-14 -7.4711703374e-14 -2.2337948522e-08 -4.8618757542e-14
d  1.9661865430e-03 1.3763305113e+00 2.0000000000e-01 2.2738624795e-01 3.0000000000e+02 -2.2738769730e-08 7.4981360302e-14 2.2738624792e-08 2.2738769615e-08 -2.1049067805e-14 -7.5001360012e-14 -2.2738624840e-08 -4.8724548018e-14
d  1.9731045158e-03 1.3811730920e+00 2.0000000000e-01 2.2980176873e-01 3.0000000000e+02 -2.2980322465e-08 7.5157800628e-14 2.2980176873e-08 2.2980322331e-08 -2.1464835919e-14 -7.5177800559e-14 -2.2980176900e-08 -4.8788613007e-14
d  1.9814060832e-03 1.3869841889e+00 2.0000000000e-01 2.3271176335e-01 3.0000000000e+02 -2.3271322732e-08 7.5368901224e-14 2.3271176335e-08 2.3271322589e-08 -2.1981022573e-14 -7.5388901298e-14 -2.3271176354e-08 -4.8865369166e-14
d  1.9913679640e-03 1.3939575051e+00 2.0000000000e-01 2.3622008384e-01 3.0000000000e+02 -2.3622155772e-08 7.5621296790e-14 2.3622008382e-08 2.3622155644e-08 -2.2627262059e-14 -7.5641296628e-14 -2.3622008418e-08 -4.8957039493e-14
d  2.0033222210e-03 1.4023254846e+00 2.0000000000e-01 2.4045358749e-01 3.0000000000e+02 -2.4045507370e-08 7.5925144300e-14 2.4045358748e-08 2.4045507240e-08 -2.3444023934e-14 -7.5945144173e-14 -2.4045358784e-08 -4.9067223799e-14
d  2.0104947753e-03 1.4073462723e+00 2.0000000000e-01 2.4300601075e-01 3.0000000000e+02 -2.4300750458e-08 7.6109892470e-14 2.4300601074e-08 2.4300750324e-08 -2.3957057615e-14 -7.6129892364e-14 -2.4300601105e-08 -4.9133531138e-14
d  2.0191018403e-03 1.4133712175e+00 2.0000000000e-01 2.4608112242e-01 3.0000000000e+02 -2.4608262565e-08 7.6326962788e-14 2.4608112242e-08 2.4608262428e-08 -2.4596327184e-14 -7.6346962723e-14 -2.4608112271e-08 -4.9212744435e-14
d  2.0294303184e-03 1.4206011518e+00 2.0000000000e-01 2.4978880884e-01 3.0000000000e+02 -2.4979032369e-08 7.6590700077e-14 2.4978880883e-08 2.4979032241e-08 -2.5399584197e-14 -7.6610699897e-14 -2.4978880923e-08 -4.9307887880e-14
d  2.0418244920e-03 1.4292770730e+00 2.0000000000e-01 2.5426331583e-01 3.0000000000e+02 -2.5426484519e-08 7.6907048970e-14 2.5426331583e-08 2.5426484377e-08 -2.6418820034e-14 -7.6927048957e-14 -2.5426331609e-08 -4.9422092622e-14
d  2.0492609962e-03 1.4344826256e+00 2.0000000000e-01 2.5696126213e-01 3.0000000000e+02 -2.5696280051e-08 7.7097256538e-14 2.5696126212e-08 2.5696279917e-08 -2.7061088335e-14 -7.7117256382e-14 -2.5696126248e-08 -4.9490630361e-14
d  2.0581848013e-03 1.4407292889e+00 2.0000000000e-01 2.6021191641e-01 3.0000000000e+02 -2.6021346594e-08 7.7325593466e-14 2.6021191640e-08 2.6021346461e-08 -2.7863898635e-14 -7.7345593293e-14 -2.6021191679e-08 -4.9572920215e-14
d  2.0688933673e-03 1.4482252847e+00 2.0000000000e-01 2.6413154190e-01 3.0000000000e+02 -2.6413310527e-08 7.7598497236e-14 2.6413154189e-08 2.6413310398e-08 -2.8875920723e-14 -7.7618497049e-14 -2.6413154232e-08 -4.9671241091e-14
d  2.0817436466e-03 1.4572204798e+00 2.0000000000e-01 2.6886222211e-01 3.0000000000e+02 -2.6886380285e-08 7.7926484771e-14 2.6886222211e-08 2.6886380147e-08 -3.0165309255e-14 -7.7946484694e-14 -2.6886222246e-08 -4.9789324666e-14
d  2.0894538142e-03 1.4626175968e+00 2.0000000000e-01 2.7171485791e-01 3.0000000000e+02 -2.7171644950e-08 7.8124024869e-14 2.7171485790e-08 2.7171644818e-08 -3.0980719526e-14 -7.8144024651e-14 -2.7171485833e-08 -4.9860356047e-14
d  2.0987060152e-03 1.4690941372e+00 2.0000000000e-01 2.7515208689e-01 3.0000000000e+02 -2.7515369191e-08 7.8360036870e-14 2.7515208686e-08 2.7515369064e-08 -3.2002689685e-14 -7.8380036600e-14 -2.7515208736e-08 -4.9945285508e-14
d  2.1098086565e-03 1.4768659857e+00 2.0000000000e-01 2.7929697826e-01 3.0000000000e+02 -2.7929860007e-08 7.8642699073e-14 2.7929697824e-08 2.7929859873e-08 -3.3295800683e-14 -7.8662698919e-14 -2.7929697867e-08 -5.0046961640e-14
d  2.1231318260e-03 1.4861922039e+00 2.0000000000e-01 2.8429997395e-01 3.0000000000e+02 -2.8430161693e-08 7.8983006759e-14 2.8429997394e-08 2.8430161560e-08 -3.4949814054e-14 -7.9003006617e-14 -2.8429997439e-08 -5.0169157864e-14
d  2.1311257278e-03 1.4917879348e+00 2.0000000000e-01 2.8731702029e-01 3.0000000000e+02 -2.8731867654e-08 7.9185485819e-14 2.8731702027e-08 2.8731867527e-08 -3.5999458929e-14 -7.9205485526e-14 -2.8731702079e-08 -5.0242280394e-14
d  2.1407184098e-03 1.4985028120e+00 2.0000000000e-01 2.9095254034e-01 3.0000000000e+02 -2.9095421310e-08 7.9428479896e-14 2.9095254031e-08 2.9095421191e-08 -3.7318366388e-14 -7.9448479506e-14 -2.9095254094e-08 -5.0329818867e-14
d  2.1428570000e-03 1.4999998250e+00 2.0000000000e-01 2.9176528989e-01 3.0000000000e+02 -2.9176696644e-08 7.9484154334e-14 2.9176528989e-08 2.9176696491e-08 -3.7622727324e-14 -7.9504154464e-14 -2.9176529015e-08 -5.0349614512e-14
d  2.1454233082e-03 1.5017962406e+00 2.0000000000e-01 2.9274167036e-01 3.0000000000e+02 -2.9274335150e-08 7.9549181798e-14 2.9274167087e-08 2.9274334479e-08 -3.7991550146e-14 -7.9569206755e-14 -2.9274166545e-08 -5.0373107752e-14
d  2.1485028780e-03 1.5039519394e+00 2.0000000000e-01 2.9391488406e-01 3.0000000000e+02 -2.9391657075e-08 7.9633806348e-14 2.9391488406e-08 2.9391656924e-08 -3.8441043788e-14 -7.9653806405e-14 -2.9391488434e-08 -5.0401771980e-14
d  2.1521983618e-03 1.5065387780e+00 2.0000000000e-01 2.9532497698e-01 3.0000000000e+02 -2.9532667045e-08 7.9719618663e-14 2.9532497502e-08 2.9532668920e-08 -3.8989798589e-14 -7.9739552086e-14 -2.9532499754e-08 -5.0434857896e-14
d  2.1566329424e-03 1.5096429842e+00 2.0000000000e-01 2.9702031232e-01 3.0000000000e+02 -2.9702201405e-08 7.9835880723e-14 2.9702031223e-08 2.9702201342e-08 -3.9663305705e-14 -7.9855878317e-14 -2.9702031350e-08 -5.0475768415e-14
d  2.1619544391e-03 1.5133680317e+00 2.0000000000e-01 2.9905935581e-01 3.0000000000e+02 -2.9906106767e-08 7.9968009243e-14 2.9905935580e-08 2.9906106620e-08 -4.0492706148e-14 -7.9988009150e-14 -2.9905935615e-08 -5.0524115965e-14
d  2.1683402351e-03 1.5178380887e+00 2.0000000000e-01 3.0151288912e-01 3.0000000000e+02 -3.0151461346e-08 8.0130174672e-14 3.0151288911e-08 3.0151461205e-08 -4.1520045169e-14 -8.0150174486e-14 -3.0151288952e-08 -5.0582452085e-14
d  2.1760031903e-03 1.5232021571e+00 2.0000000000e-01 3.0446674582e-01 3.0000000000e+02 -3.0446848562e-08 8.0323811656e-14 3.0446674581e-08 3.0446848425e-08 -4.2800564056e-14 -8.0343811413e-14 -3.0446674629e-08 -5.0652331931e-14
d  2.1851987366e-03 1.5296390391e+00 2.0000000000e-01 3.0802521594e-01 3.0000000000e+02 -3.0802697498e-08 8.0555372749e-14 3.0802521591e-08 3.0802697377e-08 -4.4408647910e-14 -8.0575372347e-14 -3.0802521657e-08 -5.0736076266e-14
d  2.1962333921e-03 1.5373632976e+00 2.0000000000e-01 3.1231529072e-01 3.0000000000e+02 -3.1231707395e-08 8.0833151493e-14 3.1231529072e-08 3.1231707242e-08 -4.6448913993e-14 -8.0853151493e-14 -3.1231529103e-08 -5.0836425172e-14
d  2.2028541854e-03 1.5419978527e+00 2.0000000000e-01 3.1489975486e-01 3.0000000000e+02 -3.1490155321e-08 8.0999239073e-14 3.1489975484e-08 3.1490155183e-08 -4.7733241265e-14 -8.1019238815e-14 -3.1489975534e-08 -5.0896535925e-14
d  2.2107991374e-03 1.5475593188e+00 2.0000000000e-01 3.1801143775e-01 3.0000000000e+02 -3.1801325486e-08 8.1198490434e-14 3.1801143773e-08 3.1801325353e-08 -4.9337372155e-14 -8.1218490131e-14 -3.1801143828e-08 -5.0968769012e-14
d  2.2203330797e-03 1.5542330781e+00 2.0000000000e-01 3.2176029330e-01 3.0000000000e+02 -3.2176213382e-08 8.1434575332e-14 3.2176029326e-08 3.2176213273e-08 -5.1354793096e-14 -8.1454574791e-14 -3.2176029408e-08 -5.1054950845e-14
d  2.2317738106e-03 1.5622415893e+00 2.0000000000e-01 3.2628025981e-01 3.0000000000e+02 -3.2628212994e-08 8.1720538718e-14 3.2628025980e-08 3.2628212853e-08 -5.3925291675e-14 -8.1740538570e-14 -3.2628026029e-08 -5.1158490525e-14
d  2.2386382491e-03 1.5670466960e+00 2.0000000000e-01 3.2900338893e-01 3.0000000000e+02 -3.2900527760e-08 8.1889995339e-14 3.2900338891e-08 3.2900527625e-08 -5.5546294964e-14 -8.1909995024e-14 -3.2900338948e-08 -5.1220252494e-14
d  2.2468755753e-03 1.5728128240e+00 2.0000000000e-01 3.3228218593e-01 3.0000000000e+02 -3.3228409766e-08 8.2093344934e-14 3.3228218591e-08 3.3228409638e-08 -5.7574813089e-14 -8.2113344550e-14 -3.3228218655e-08 -5.1294497538e-14
d  2.2567603667e-03 1.5797321777e+00 2.0000000000e-01 3.3623260606e-01 3.0000000000e+02 -3.3623454671e-08 8.2335896104e-14 3.3623260605e-08 3.3623454514e-08 -6.0135237739e-14 -8.2355896099e-14 -3.3623260640e-08 -5.1383216736e-14
d  2.2686221164e-03 1.5880354021e+00 2.0000000000e-01 3.4099593157e-01 3.0000000000e+02 -3.4099790885e-08 8.2625485889e-14 3.4099593156e-08 3.4099790736e-08 -6.3399865683e-14 -8.2645485797e-14 -3.4099593201e-08 -5.1489500948e-14
d  2.2757391663e-03 1.5930173367e+00 2.0000000000e-01 3.4386587695e-01 3.0000000000e+02 -3.4386787726e-08 8.2798832109e-14 3.4386587692e-08 3.4386787596e-08 -6.5465087413e-14 -8.2818831714e-14 -3.4386587759e-08 -5.1553237070e-14
d  2.2842796261e-03 1.5989956583e+00 2.0000000000e-01 3.4732162538e-01 3.0000000000e+02 -3.4732365441e-08 8.3005399142e-14 3.4732162535e-08 3.4732365322e-08 -6.8054059700e-14 -8.3025398649e-14 -3.4732162613e-08 -5.1629478674e-14
d  2.2945281778e-03 1.6061696442e+00 2.0000000000e-01 3.5148550877e-01 3.0000000000e+02 -3.5148757396e-08 8.3252696341e-14 3.5148550877e-08 3.5148757240e-08 -7.1330185224e-14 -8.3272696300e-14 -3.5148550916e-08 -5.1720784148e-14
d  2.3006773089e-03 1.6104740357e+00 2.0000000000e-01 3.5399272651e-01 3.0000000000e+02 -3.5399481431e-08 8.3400156225e-14 3.5399272650e-08 3.5399481290e-08 -7.3387912987e-14 -8.3420155922e-14 -3.5399272707e-08 -5.1775452506e-14
d  2.3080562662e-03 1.6156393055e+00 2.0000000000e-01 3.5701018194e-01 3.0000000000e+02 -3.5701229782e-08 8.3576593586e-14 3.5701018192e-08 3.5701229646e-08 -7.5952848210e-14 -8.3596593220e-14 -3.5701018256e-08 -5.1840998223e-14
d  2.3169110149e-03 1.6218376293e+00 2.0000000000e-01 3.6064377785e-01 3.0000000000e+02 -3.6064592880e-08 8.3785433301e-14 3.6064377780e-08 3.6064592773e-08 -7.9171828784e-14 -8.3805432661e-14 -3.6064377877e-08 -5.1919331245e-14
d  2.3275367134e-03 1.6292756179e+00 2.0000000000e-01 3.6502227920e-01 3.0000000000e+02 -3.6502447448e-08 8.4038236342e-14 3.6502227918e-08 3.6502447303e-08 -8.3257589535e-14 -8.4058236179e-14 -3.6502227974e-08 -5.2013342713e-14
d  2.3339121324e-03 1.6337384110e+00 2.0000000000e-01 3.6765887919e-01 3.0000000000e+02 -3.6766110223e-08 8.4187425507e-14 3.6765887917e-08 3.6766110085e-08 -8.5827358389e-14 -8.4207425149e-14 -3.6765887981e-08 -5.2069367545e-14
d  2.3415626353e-03 1.6390937628e+00 2.0000000000e-01 3.7083219703e-01 3.0000000000e+02 -3.7083445462e-08 8.4366033873e-14 3.7083219700e-08 3.7083445332e-08 -8.9035062466e-14 -8.4386033430e-14 -3.7083219774e-08 -5.2136616075e-14
d  2.3507432388e-03 1.6455201849e+00 2.0000000000e-01 3.7465369775e-01 3.0000000000e+02 -3.7465599864e-08 8.4579230287e-14 3.7465369774e-08 3.7465599700e-08 -9.3071047317e-14 -8.4599230282e-14 -3.7465369812e-08 -5.2217138738e-14
d  2.3617599630e-03 1.6532318914e+00 2.0000000000e-01 3.7925893670e-01 3.0000000000e+02 -3.7926129232e-08 8.4831146068e-14 3.7925893666e-08 3.7926129112e-08 -9.8193902816e-14 -8.4851145664e-14 -3.7925893754e-08 -5.2313307084e-14
d  2.3683699975e-03 1.6578589154e+00 2.0000000000e-01 3.8203224819e-01 3.0000000000e+02 -3.8203463825e-08 8.4984105015e-14 3.8203224817e-08 3.8203463693e-08 -1.0142660665e-13 -8.5004104564e-14 -3.8203224892e-08 -5.2371069828e-14
d  2.3763020389e-03 1.6634113441e+00 2.0000000000e-01 3.8537025904e-01 3.0000000000e+02 -3.8537269196e-08 8.5163403807e-14 3.8537025900e-08 3.8537269076e-08 -1.0546410301e-13 -8.5183403248e-14 -3.8537025988e-08 -5.2439874529e-14
d  2.3858204886e-03 1.6700742585e+00 2.0000000000e-01 3.8939032527e-01 3.0000000000e+02 -3.8939281206e-08 8.5378559397e-14 3.8939032526e-08 3.8939281042e-08 -1.1055258569e-13 -8.5398559365e-14 -3.8939032569e-08 -5.2522500589e-14
d  2.3915315584e-03 1.6740720072e+00 2.0000000000e-01 3.9180992270e-01 3.0000000000e+02 -3.9181244312e-08 8.5506194550e-14 3.9180992268e-08 3.9181244169e-08 -1.1373764507e-13 -8.5526194193e-14 -3.9180992333e-08 -5.2571851702e-14
d  2.3983848422e-03 1.6788693056e+00 2.0000000000e-01 3.9472091325e-01 3.0000000000e+02 -3.9472347538e-08 8.5658718679e-14 3.9472091323e-08 3.9472347401e-08 -1.1769589974e-13 -8.5678718257e-14 -3.9472091396e-08 -5.2630996015e-14
d  2.4066087827e-03 1.6846260637e+00 2.0000000000e-01 3.9822485150e-01 3.0000000000e+02 -3.9822746566e-08 8.5839049395e-14 3.9822485145e-08 3.9822746460e-08 -1.2264702695e-13 -8.5859048685e-14 -3.9822485252e-08 -5.2701684660e-14
d  2.4164775113e-03 1.6915341734e+00 2.0000000000e-01 4.0244500504e-01 3.0000000000e+02 -4.0244768473e-08 8.6055805499e-14 4.0244500503e-08 4.0244768316e-08 -1.2889831763e-13 -8.6075805383e-14 -4.0244500556e-08 -5.2786228337e-14
d  2.4223987485e-03 1.6956790392e+00 2.0000000000e-01 4.0498517018e-01 3.0000000000e+02 -4.0498789084e-08 8.6183990181e-14 4.0498517016e-08 4.0498788945e-08 -1.3281513272e-13 -8.6203989758e-14 -4.0498517089e-08 -5.2836808102e-14
d  2.4295042331e-03 1.7006528782e+00 2.0000000000e-01 4.0804136502e-01 3.0000000000e+02 -4.0804413655e-08 8.6337379622e-14 4.0804136500e-08 4.0804413525e-08 -1.3768731997e-13 -8.6357379109e-14 -4.0804136583e-08 -5.2897528028e-14
d  2.4380308147e-03 1.7066214850e+00 2.0000000000e-01 4.1172028775e-01 3.0000000000e+02 -4.1172312287e-08 8.6519607268e-14 4.1172028774e-08 4.1172312117e-08 -1.4379107486e-13 -8.6539607264e-14 -4.1172028816e-08 -5.2970035957e-14
d  2.4482627125e-03 1.7137838131e+00 2.0000000000e-01 4.1615152977e-01 3.0000000000e+02 -4.1615444505e-08 8.6736197959e-14 4.1615152977e-08 4.1615444334e-08 -1.5150188340e-13 -8.6756197955e-14 -4.1615153019e-08 -5.3056880512e-14
d  2.4544018512e-03 1.7180812100e+00 2.0000000000e-01 4.1881891816e-01 3.0000000000e+02 -4.1882188362e-08 8.6864894978e-14 4.1881891813e-08 4.1882188231e-08 -1.5633926739e-13 -8.6884894455e-14 -4.1881891898e-08 -5.3108752134e-14
d  2.4617688177e-03 1.7232380862e+00 2.0000000000e-01 4.2202831744e-01 3.0000000000e+02 -4.2203134528e-08 8.7017767280e-14 4.2202831740e-08 4.2203134410e-08 -1.6236106097e-13 -8.7037766622e-14 -4.2202831840e-08 -5.3170748326e-14
d  2.4706091774e-03 1.7294263377e+00 2.0000000000e-01 4.2589184918e-01 3.0000000000e+02 -4.2589495511e-08 8.7199797814e-14 4.2589184918e-08 4.2589495340e-08 -1.6991281489e-13 -8.7219797791e-14 -4.2589184963e-08 -5.3244847524e-14
d  2.4759133933e-03 1.7331392886e+00 2.0000000000e-01 4.2821637967e-01 3.0000000000e+02 -4.2821953420e-08 8.7307915550e-14 4.2821637966e-08 4.2821953267e-08 -1.7461969825e-13 -8.7327915253e-14 -4.2821638030e-08 -5.3289211895e-14
d  2.4822784523e-03 1.7375948297e+00 2.0000000000e-01 4.3101215905e-01 3.0000000000e+02 -4.3101537369e-08 8.7437196134e-14 4.3101215902e-08 4.3101537231e-08 -1.8044814077e-13 -8.7457195643e-14 -4.3101215984e-08 -5.3342389569e-14
d  2.4899165231e-03 1.7429414790e+00 2.0000000000e-01 4.3437621610e-01 3.0000000000e+02 -4.3437950551e-08 8.7589743935e-14 4.3437621605e-08 4.3437950450e-08 -1.8770748721e-13 -8.7609743095e-14 -4.3437621727e-08 -5.3405916443e-14
d  2.4990822081e-03 1.7493574582e+00 2.0000000000e-01 4.3842619935e-01 3.0000000000e+02 -4.3842958252e-08 8.7773960933e-14 4.3842619934e-08 4.3842958087e-08 -1.9682253691e-13 -8.7793960838e-14 -4.3842619989e-08 -5.3482118006e-14
d  2.5045816191e-03 1.7532070457e+00 2.0000000000e-01 4.4086304618e-01 3.0000000000e+02 -4.4086648775e-08 8.7882217423e-14 4.4086304616e-08 4.4086648630e-08 -2.0250725510e-13 -8.7902217002e-14 -4.4086304693e-08 -5.3527578364e-14
d  2.5111809123e-03 1.7578265507e+00 2.0000000000e-01 4.4379404351e-01 3.0000000000e+02 -4.4379755735e-08 8.8011650389e-14 4.4379404348e-08 4.4379755606e-08 -2.0955045551e-13 -8.8031649787e-14 -4.4379404442e-08 -5.3582076882e-14
d  2.5191000641e-03 1.7633699567e+00 2.0000000000e-01 4.4732099452e-01 3.0000000000e+02 -4.4732459837e-08 8.8165712669e-14 4.4732099452e-08 4.4732459661e-08 -2.1833143439e-13 -8.8185712663e-14 -4.4732099497e-08 -5.3647312504e-14
d  2.5286030463e-03 1.7700220439e+00 2.0000000000e-01 4.5156735153e-01 3.0000000000e+02 -4.5157106827e-08 8.8347773089e-14 4.5156735151e-08 4.5157106675e-08 -2.2935896553e-13 -8.8367772868e-14 -4.5156735223e-08 -5.3725199840e-14
d  2.5343048356e-03 1.7740132962e+00 2.0000000000e-01 4.5412249028e-01 3.0000000000e+02 -4.5412627740e-08 8.8457467588e-14 4.5412249025e-08 4.5412627603e-08 -2.3624147828e-13 -8.8477467059e-14 -4.5412249114e-08 -5.3771849723e-14
d  2.5411469828e-03 1.7788027990e+00 2.0000000000e-01 4.5719589256e-01 3.0000000000e+02 -4.5719976683e-08 8.8584103572e-14 4.5719589252e-08 4.5719976566e-08 -2.4477181560e-13 -8.8604102832e-14 -4.5719589362e-08 -5.3827381780e-14
d  2.5493575594e-03 1.7845502023e+00 2.0000000000e-01 4.6089437325e-01 3.0000000000e+02 -4.6089835614e-08 8.8737706541e-14 4.6089437325e-08 4.6089835437e-08 -2.5541246777e-13 -8.8757706523e-14 -4.6089437373e-08 -5.3894023363e-14
d  2.5592102513e-03 1.7914470863e+00 2.0000000000e-01 4.6534750680e-01 3.0000000000e+02 -4.6535162601e-08 8.8918904516e-14 4.6534750680e-08 4.6535162426e-08 -2.6878250528e-13 -8.8938904480e-14 -4.6534750731e-08 -5.3973698148e-14
d  2.5651218665e-03 1.7955852167e+00 2.0000000000e-01 4.6802720815e-01 3.0000000000e+02 -4.6803141240e-08 8.9026780371e-14 4.6802720812e-08 4.6803141114e-08 -2.7713037230e-13 -8.9046779705e-14 -4.6802720916e-08 -5.4021346277e-14
d  2.5722158047e-03 1.8005509732e+00 2.0000000000e-01 4.7125057935e-01 3.0000000000e+02 -4.7125488895e-08 8.9154938937e-14 4.7125057930e-08 4.7125488793e-08 -2.8748012446e-13 -8.9174938044e-14 -4.7125058060e-08 -5.4078358202e-14
d  2.5807285305e-03 1.8065098810e+00 2.0000000000e-01 4.7512973613e-01 3.0000000000e+02 -4.7513417713e-08 8.9308523776e-14 4.7512973613e-08 4.7513417541e-08 -3.0039650610e-13 -8.9328523687e-14 -4.7512973670e-08 -5.4146650073e-14
d  2.5858361660e-03 1.8100852257e+00 2.0000000000e-01 4.7746302247e-01 3.0000000000e+02 -4.7746754494e-08 8.9398442304e-14 4.7746302242e-08 4.7746754386e-08 -3.0841205497e-13 -8.9418441273e-14 -4.7746302368e-08 -5.4187192861e-14
d  2.5919653286e-03 1.8143756393e+00 2.0000000000e-01 4.8026870947e-01 3.0000000000e+02 -4.8027333241e-08 8.9507105003e-14 4.8026870944e-08 4.8027333106e-08 -3.1830171164e-13 -8.9527104393e-14 -4.8026871041e-08 -5.4236143355e-14
d  2.5993203237e-03 1.8195241356e+00 2.0000000000e-01 4.8364378520e-01 3.0000000000e+02 -4.8364853270e-08 8.9636657538e-14 4.8364378520e-08 4.8364853085e-08 -3.3056926365e-13 -8.9656657580e-14 -4.8364378564e-08 -5.4294618144e-14
d  2.6081463178e-03 1.8257023312e+00 2.0000000000e-01 4.8770575239e-01 3.0000000000e+02 -4.8771065530e-08 8.9793155077e-14 4.8770575238e-08 4.8771065374e-08 -3.4588349473e-13 -8.9813154837e-14 -4.8770575315e-08 -5.4364875647e-14
d  2.6134419143e-03 1.8294092486e+00 2.0000000000e-01 4.9014914542e-01 3.0000000000e+02 -4.9015414475e-08 8.9882666649e-14 4.9014914536e-08 4.9015414384e-08 -3.5539163008e-13 -8.9902665427e-14 -4.9014914683e-08 -5.4406630869e-14
d  2.6197966301e-03 1.8338575494e+00 2.0000000000e-01 4.9308734312e-01 3.0000000000e+02 -4.9309246140e-08 8.9991842683e-14 4.9308734309e-08 4.9309246019e-08 -3.6712615774e-13 -9.0011841911e-14 -4.9308734424e-08 -5.4456665727e-14
d  2.6274222890e-03 1.8391955104e+00 2.0000000000e-01 4.9662199983e-01 3.0000000000e+02 -4.9662726565e-08 9.0123573479e-14 4.9662199983e-08 4.9662726382e-08 -3.8168820685e-13 -9.0143573473e-14 -4.9662200034e-08 -5.4516820510e-14
d  2.6365730798e-03 1.8456010636e+00 2.0000000000e-01 5.0087627234e-01 3.0000000000e+02 -5.0088172232e-08 9.0279525583e-14 5.0087627233e-08 5.0088172065e-08 -3.9987472685e-13 -9.0299525434e-14 -5.0087627302e-08 -5.4588737243e-14
d  2.6420635542e-03 1.8494443955e+00 2.0000000000e-01 5.0343545907e-01 3.0000000000e+02 -5.0344102335e-08 9.0372295409e-14 5.0343545894e-08 5.0344102367e-08 -4.1116906378e-13 -9.0392292696e-14 -5.0343546174e-08 -5.4631645700e-14
d  2.6486521235e-03 1.8540563938e+00 2.0000000000e-01 5.0651302275e-01 3.0000000000e+02 -5.0651872812e-08 9.0483547613e-14 5.0651302270e-08 5.0651872712e-08 -4.2511441592e-13 -9.0503546625e-14 -5.0651302410e-08 -5.4683068401e-14
d  2.6565584067e-03 1.8595907917e+00 2.0000000000e-01 5.1021550741e-01 3.0000000000e+02 -5.1022138787e-08 9.0618353845e-14 5.1021550741e-08 5.1022138604e-08 -4.4242718702e-13 -9.0638353816e-14 -5.1021550795e-08 -5.4744856819e-14
d  2.6660459465e-03 1.8662320693e+00 2.0000000000e-01 5.1467201365e-01 3.0000000000e+02 -5.1467811279e-08 9.0777643223e-14 5.1467201365e-08 5.1467811093e-08 -4.6405989118e-13 -9.0797643216e-14 -5.1467201417e-08 -5.4818677115e-14
d  2.6717384704e-03 1.8702168358e+00 2.0000000000e-01 5.1735298606e-01 3.0000000000e+02 -5.1735922101e-08 9.0872689613e-14 5.1735298592e-08 5.1735922152e-08 -4.7750007835e-13 -9.0892686798e-14 -5.1735298896e-08 -5.4862815651e-14
d  2.6785694991e-03 1.8749985556e+00 2.0000000000e-01 5.2057713817e-01 3.0000000000e+02 -5.2058354084e-08 9.0988161141e-14 5.2057713817e-08 5.2058353893e-08 -4.9410307535e-13 -9.1008161174e-14 -5.2057713866e-08 -5.4915842491e-14
d  2.6867667335e-03 1.8807366194e+00 2.0000000000e-01 5.2445616144e-01 3.0000000000e+02 -5.2446277231e-08 9.1127550667e-14 5.2445616143e-08 5.2446277057e-08 -5.1472158883e-13 -9.1147550540e-14 -5.2445616211e-08 -5.4979435877e-14
d  2.6916850741e-03 1.8841794577e+00 2.0000000000e-01 5.2678882419e-01 3.0000000000e+02 -5.2679556371e-08 9.1207790154e-14 5.2678882416e-08 5.2679556233e-08 -5.2746606954e-13 -9.1227789482e-14 -5.2678882521e-08 -5.5017250671e-14
d  2.6975870829e-03 1.8883108636e+00 2.0000000000e-01 5.2959320732e-01 3.0000000000e+02 -5.2960010500e-08 9.1306185211e-14 5.2959320732e-08 5.2960010313e-08 -5.4313785415e-13 -9.1326185194e-14 -5.2959320786e-08 -5.5062752481e-14
d  2.7046694934e-03 1.8932685508e+00 2.0000000000e-01 5.3296592959e-01 3.0000000000e+02 -5.3297302264e-08 9.1424137329e-14 5.3296592959e-08 5.3297302075e-08 -5.6250070594e-13 -9.1444137326e-14 -5.3296593013e-08 -5.5117300126e-14
d  2.7131683861e-03 1.8992177753e+00 2.0000000000e-01 5.3702390489e-01 3.0000000000e+02 -5.3703124059e-08 9.1564883435e-14 5.3702390486e-08 5.3703123908e-08 -5.8655912940e-13 -9.1584883099e-14 -5.3702390582e-08 -5.5182439447e-14
d  2.7182677217e-03 1.9027873100e+00 2.0000000000e-01 5.3946429711e-01 3.0000000000e+02 -5.3947178284e-08 9.1650972820e-14 5.3946429707e-08 5.3947178167e-08 -6.0143673836e-13 -9.1670971885e-14 -5.3946429838e-08 -5.5221684734e-14
d  2.7243869244e-03 1.9070707517e+00 2.0000000000e-01 5.4239830531e-01 3.0000000000e+02 -5.4240597539e-08 9.1747101278e-14 5.4239830512e-08 5.4240597680e-08 -6.1972697173e-13 -9.1767097323e-14 -5.4239830918e-08 -5.5268098227e-14
d  2.7317299676e-03 1.9122108817e+00 2.0000000000e-01 5.4592707508e-01 3.0000000000e+02 -5.4593497330e-08 9.1871613114e-14 5.4592707508e-08 5.4593497142e-08 -6.4235622662e-13 -9.1891613085e-14 -5.4592707566e-08 -5.5324408294e-14
d  2.7405416195e-03 1.9183790377e+00 2.0000000000e-01 5.5017304339e-01 3.0000000000e+02 -5.5018122512e-08 9.2023778047e-14 5.5017304339e-08 5.5018122334e-08 -6.7049036278e-13 -9.2043777936e-14 -5.5017304408e-08 -5.5392104682e-14
d  2.7458286106e-03 1.9220799313e+00 2.0000000000e-01 5.5272660790e-01 3.0000000000e+02 -5.5273496504e-08 9.2112891163e-14 5.5272660785e-08 5.5273496412e-08 -6.8790160951e-13 -9.2132889960e-14 -5.5272660945e-08 -5.5432469958e-14
d  2.7521730000e-03 1.9265210036e+00 2.0000000000e-01 5.5579679896e-01 3.0000000000e+02 -5.5580537185e-08 9.2216797639e-14 5.5579679877e-08 5.5580537336e-08 -7.0932273705e-13 -9.2236793769e-14 -5.5579680296e-08 -5.5480631965e-14
d  2.7597862672e-03 1.9318502904e+00 2.0000000000e-01 5.5948951645e-01 3.0000000000e+02 -5.5949835653e-08 9.2349327311e-14 5.5948951644e-08 5.5949835476e-08 -7.3584743816e-13 -9.2369327162e-14 -5.5948951717e-08 -5.5538821336e-14
d  2.7643542275e-03 1.9350478625e+00 2.0000000000e-01 5.6170958223e-01 3.0000000000e+02 -5.6171858688e-08 9.2432012915e-14 5.6170958220e-08 5.6171858535e-08 -7.5219055707e-13 -9.2452012356e-14 -5.6170958319e-08 -5.5573900277e-14
d  2.7698357799e-03 1.9388849490e+00 2.0000000000e-01 5.6437804703e-01 3.0000000000e+02 -5.6438725357e-08 9.2527420383e-14 5.6437804696e-08 5.6438725276e-08 -7.7224059606e-13 -9.2547418926e-14 -5.6437804872e-08 -5.5615702611e-14
d  2.7764136428e-03 1.9434894528e+00 2.0000000000e-01 5.6758651789e-01 3.0000000000e+02 -5.6759597319e-08 9.2644058320e-14 5.6758651789e-08 5.6759597130e-08 -7.9694856103e-13 -9.2664058261e-14 -5.6758651852e-08 -5.5666021259e-14
d  2.7843070783e-03 1.9490148573e+00 2.0000000000e-01 5.7144572151e-01 3.0000000000e+02 -5.7145548495e-08 9.2785159758e-14 5.7144572148e-08 5.7145548354e-08 -8.2756102844e-13 -9.2805159282e-14 -5.7144572262e-08 -5.5726075562e-14
d  2.7890431395e-03 1.9523301001e+00 2.0000000000e-01 5.7376597904e-01 3.0000000000e+02 -5.7377593259e-08 9.2872271784e-14 5.7376597902e-08 5.7377593112e-08 -8.4644854427e-13 -9.2892271157e-14 -5.7376598010e-08 -5.5762388787e-14
d  2.7947264131e-03 1.9563083913e+00 2.0000000000e-01 5.7655496027e-01 3.0000000000e+02 -5.7656514727e-08 9.2975721293e-14 5.7655496021e-08 5.7656514651e-08 -8.6964453578e-13 -9.2995719825e-14 -5.7655496205e-08 -5.5805691749e-14
d  2.8015463413e-03 1.9610823409e+00 2.0000000000e-01 5.7990847263e-01 3.0000000000e+02 -5.7991894768e-08 9.3103722304e-14 5.7990847261e-08 5.7991894607e-08 -8.9826878702e-13 -9.3123721940e-14 -5.7990847357e-08 -5.5858066143e-14
d  2.8097302552e-03 1.9668110803e+00 2.0000000000e-01 5.8394236632e-01 3.0000000000e+02 -5.8395319886e-08 9.3260272684e-14 5.8394236630e-08 5.8395319726e-08 -9.3379745889e-13 -9.3280272374e-14 -5.8394236728e-08 -5.5920957716e-14
d  2.8146406035e-03 1.9702483240e+00 2.0000000000e-01 5.8636774977e-01 3.0000000000e+02 -5.8637880320e-08 9.3355256951e-14 5.8636774974e-08 5.8637880182e-08 -9.5575395850e-13 -9.3375256223e-14 -5.8636775095e-08 -5.5958555693e-14
d  2.8205330215e-03 1.9743730163e+00 2.0000000000e-01 5.8928319881e-01 3.0000000000e+02 -5.8929452390e-08 9.3470497574e-14 5.8928319874e-08 5.8929452323e-08 -9.8275841213e-13 -9.3490496071e-14 -5.8928320070e-08 -5.6003811029e-14
d  2.8276039231e-03 1.9793226472e+00 2.0000000000e-01 5.9278890951e-01 3.0000000000e+02 -5.9280057039e-08 9.3611681068e-14 5.9278890944e-08 5.9280056971e-08 -1.0161414807e-12 -9.3631679831e-14 -5.9278891139e-08 -5.6058252559e-14
d  2.8360890050e-03 1.9852622043e+00 2.0000000000e-01 5.9700609029e-01 3.0000000000e+02 -5.9701816895e-08 9.3787474082e-14 5.9700609029e-08 5.9701816701e-08 -1.0576768715e-12 -9.3807474045e-14 -5.9700609094e-08 -5.6124092210e-14
d  2.8411800542e-03 1.9888259385e+00 2.0000000000e-01 5.9954178453e-01 3.0000000000e+02 -5.9955412187e-08 9.3892133784e-14 5.9954178449e-08 5.9955412067e-08 -1.0833996041e-12 -9.3912132862e-14 -5.9954178592e-08 -5.6163285845e-14
d  2.8472893132e-03 1.9931024196e+00 2.0000000000e-01 6.0258992914e-01 3.0000000000e+02 -6.0260258519e-08 9.4020983116e-14 6.0258992907e-08 6.0260258458e-08 -1.1150936188e-12 -9.4040981599e-14 -6.0258993113e-08 -5.6210483893e-14
d  2.8546204239e-03 1.9982341968e+00 2.0000000000e-01 6.0625537263e-01 3.0000000000e+02 -6.0626842355e-08 9.4179457134e-14 6.0625537263e-08 6.0626842156e-08 -1.1543641430e-12 -9.4199457124e-14 -6.0625537325e-08 -5.6267660525e-14
d  2.8571430000e-03 2.0000000000e+00 2.0000000000e-01 6.0751854662e-01 3.0000000000e+02 -6.0753173662e-08 9.4233918976e-14 6.0751854661e-08 6.0753173475e-08 -1.1681980835e-12 -9.4253918698e-14 -6.0751854736e-08 -5.6287096823e-14
d  2.8601700913e-03 2.0021189638e+00 2.0000000000e-01 6.0903565401e-01 3.0000000000e+02 -6.0904901315e-08 9.4300094241e-14 6.0903565400e-08 6.0904901127e-08 -1.1850221272e-12 -9.4320093969e-14 -6.0903565474e-08 -5.6310591160e-14
d  2.8638026008e-03 2.0046617203e+00 2.0000000000e-01 6.1085805097e-01 3.0000000000e+02 -6.1087161636e-08 9.4379978348e-14 6.1085805096e-08 6.1087161459e-08 -1.2055388821e-12 -9.4399977915e-14 -6.1085805182e-08 -5.6338800214e-14
d  2.8681616122e-03 2.0077130282e+00 2.0000000000e-01 6.1304761401e-01 3.0000000000e+02 -6.1306143174e-08 9.4476755053e-14 6.1304761399e-08 6.1306143019e-08 -1.2306421114e-12 -9.4496754371e-14 -6.1304761507e-08 -5.6372681093e-14
d  2.8733924260e-03 2.0113745976e+00 2.0000000000e-01 6.1567895265e-01 3.0000000000e+02 -6.1569308035e-08 9.4594014702e-14 6.1567895259e-08 6.1569307940e-08 -1.2614810157e-12 -9.4614013378e-14 -6.1567895431e-08 -5.6413366406e-14
d  2.8796694024e-03 2.0157684809e+00 2.0000000000e-01 6.1884210478e-01 3.0000000000e+02 -6.1885661511e-08 9.4735791396e-14 6.1884210470e-08 6.1885661458e-08 -1.2995520051e-12 -9.4755789846e-14 -6.1884210688e-08 -5.6462120746e-14
d  2.8872017742e-03 2.0210411409e+00 2.0000000000e-01 6.2264586848e-01 3.0000000000e+02 -6.2266085396e-08 9.4909291802e-14 6.2264586849e-08 6.2266085185e-08 -1.3468336077e-12 -9.4929291882e-14 -6.2264586901e-08 -5.6520891992e-14
d  2.8917211972e-03 2.0242047369e+00 2.0000000000e-01 6.2493229486e-01 3.0000000000e+02 -6.2494757413e-08 9.5018524744e-14 6.2493229483e-08 6.2494757282e-08 -1.3760707360e-12 -9.5038523821e-14 -6.2493229621e-08 -5.6556404753e-14
d  2.8971445049e-03 2.0280010520e+00 2.0000000000e-01 6.2768059127e-01 3.0000000000e+02 -6.2769623238e-08 9.5161291179e-14 6.2768059121e-08 6.2769623157e-08 -1.4120573700e-12 -9.5181289728e-14 -6.2768059312e-08 -5.6605221451e-14
d  2.9036524741e-03 2.0325566302e+00 2.0000000000e-01 6.3098471358e-01 3.0000000000e+02 -6.3100080200e-08 9.5319637920e-14 6.3098471350e-08 6.3100080158e-08 -1.4565791522e-12 -9.5339636332e-14 -6.3098471582e-08 -5.6656809769e-14
d  2.9114620371e-03 2.0380233241e+00 2.0000000000e-01 6.3495812980e-01 3.0000000000e+02 -6.3497477513e-08 9.5506271040e-14 6.3495812980e-08 6.3497477301e-08 -1.5120224828e-12 -9.5526271109e-14 -6.3495813035e-08 -5.6716654475e-14
d  2.9208335128e-03 2.0445833567e+00 2.0000000000e-01 6.3973840472e-01 3.0000000000e+02 -6.3975574925e-08 9.5742642711e-14 6.3973840471e-08 6.3975574732e-08 -1.5816348696e-12 -9.5762642639e-14 -6.3973840546e-08 -5.6790403106e-14
d  2.9264563982e-03 2.0485193763e+00 2.0000000000e-01 6.4261293312e-01 3.0000000000e+02 -6.4263071425e-08 9.5884084021e-14 6.4261293302e-08 6.4263071431e-08 -1.6251048370e-12 -9.5904081900e-14 -6.4261293588e-08 -5.6834518345e-14
d  2.9332038606e-03 2.0532425998e+00 2.0000000000e-01 6.4606866991e-01 3.0000000000e+02 -6.4608699287e-08 9.6062132645e-14 6.4606866982e-08 6.4608699282e-08 -1.6790556398e-12 -9.6082130770e-14 -6.4606867257e-08 -5.6888171409e-14
d  2.9413008156e-03 2.0589104680e+00 2.0000000000e-01 6.5022455304e-01 3.0000000000e+02 -6.5024355347e-08 9.6278422098e-14 6.5022455303e-08 6.5024355158e-08 -1.7465218254e-12 -9.6298421972e-14 -6.5022455385e-08 -5.6952143252e-14
d  2.9510171615e-03 2.0657119098e+00 2.0000000000e-01 6.5522453039e-01 3.0000000000e+02 -6.5524438612e-08 9.6550211607e-14 6.5522453038e-08 6.5524438426e-08 -1.8317007237e-12 -9.6570211475e-14 -6.5522453125e-08 -5.7029759466e-14
d  2.9568469691e-03 2.0697927749e+00 2.0000000000e-01 6.5823125839e-01 3.0000000000e+02 -6.5825165099e-08 9.6719281204e-14 6.5823125830e-08 6.5825165095e-08 -1.8851715291e-12 -9.6739279281e-14 -6.5823126108e-08 -5.7076600309e-14
d  2.9638427382e-03 2.0746898130e+00 2.0000000000e-01 6.6184601181e-01 3.0000000000e+02 -6.6186707394e-08 9.6930040420e-14 6.6184601170e-08 6.6186707434e-08 -1.9518558064e-12 -9.6950038229e-14 -6.6184601495e-08 -5.7133563895e-14
d  2.9722376611e-03 2.0805662587e+00 2.0000000000e-01 6.6619323954e-01 3.0000000000e+02 -6.6621514424e-08 9.7191458698e-14 6.6619323940e-08 6.6621514524e-08 -2.0357813002e-12 -9.7211456440e-14 -6.6619324329e-08 -5.7201823657e-14
d  2.9823115686e-03 2.0876179936e+00 2.0000000000e-01 6.7142362108e-01 3.0000000000e+02 -6.7144659866e-08 9.7524293731e-14 6.7142362085e-08 6.7144660155e-08 -2.1426515817e-12 -9.7544290718e-14 -6.7142362673e-08 -5.7285366356e-14
d  2.9883559131e-03 2.0918490346e+00 2.0000000000e-01 6.7456900268e-01 3.0000000000e+02 -6.7459265906e-08 9.7734753771e-14 6.7456900271e-08 6.7459265625e-08 -2.2102710356e-12 -9.7754754414e-14 -6.7456900264e-08 -5.7336062100e-14
d  2.9956091265e-03 2.0969262837e+00 2.0000000000e-01 6.7835051803e-01 3.0000000000e+02 -6.7837502705e-08 9.7992940860e-14 6.7835051789e-08 6.7837502793e-08 -2.2952098978e-12 -9.8012938368e-14 -6.7835052168e-08 -5.7397223157e-14
d  3.0043129825e-03 2.1030189826e+00 2.0000000000e-01 6.8289846009e-01 3.0000000000e+02 -6.8292405191e-08 9.8326823025e-14 6.8289845996e-08 6.8292405275e-08 -2.4030848394e-12 -9.8346820985e-14 -6.8289846372e-08 -5.7472216838e-14
d  3.0147576098e-03 2.1103302213e+00 2.0000000000e-01 6.8837050503e-01 3.0000000000e+02 -6.8839749136e-08 9.8741156926e-14 6.8837050503e-08 6.8839748926e-08 -2.5420273549e-12 -9.8761156917e-14 -6.8837050573e-08 -5.7562918844e-14
d  3.0210243862e-03 2.1147169646e+00 2.0000000000e-01 6.9166129986e-01 3.0000000000e+02 -6.9168917751e-08 9.9003544298e-14 6.9166129986e-08 6.9168917559e-08 -2.6308426960e-12 -9.9023544137e-14 -6.9166130075e-08 -5.7618133358e-14
d  3.0285445178e-03 2.1199810565e+00 2.0000000000e-01 6.9561772174e-01 3.0000000000e+02 -6.9564672858e-08 9.9326102120e-14 6.9561772157e-08 6.9564673034e-08 -2.7433685796e-12 -9.9346099051e-14 -6.9561772632e-08 -5.7684910308e-14
d  3.0375686758e-03 2.1262979667e+00 2.0000000000e-01 7.0037614747e-01 3.0000000000e+02 -7.0040660362e-08 9.9736227670e-14 7.0037614747e-08 7.0040660155e-08 -2.8878104669e-12 -9.9756227639e-14 -7.0037614822e-08 -5.7766588889e-14
d  3.0429831705e-03 2.1300881129e+00 2.0000000000e-01 7.0323679913e-01 3.0000000000e+02 -7.0326817867e-08 9.9989730472e-14 7.0323679899e-08 7.0326817967e-08 -2.9798442990e-12 -1.0000972743e-13 -7.0323680297e-08 -5.7815994118e-14
d  3.0494805643e-03 2.1346362883e+00 2.0000000000e-01 7.0667512321e-01 3.0000000000e+02 -7.0670766911e-08 1.0030742825e-13 7.0667512318e-08 7.0670766767e-08 -3.0961031621e-12 -1.0032742762e-13 -7.0667512462e-08 -5.7876400016e-14
d  3.0572774368e-03 2.1400940987e+00 2.0000000000e-01 7.1080904411e-01 3.0000000000e+02 -7.1084308143e-08 1.0069969308e-13 7.1080904411e-08 7.1084307930e-08 -3.2447754361e-12 -1.0071969307e-13 -7.1080904484e-08 -5.7949291187e-14
d  3.0666336837e-03 2.1466434713e+00 2.0000000000e-01 7.1578109004e-01 3.0000000000e+02 -7.1581706464e-08 1.0120439110e-13 7.1578109004e-08 7.1581706251e-08 -3.4379109523e-12 -1.0122439109e-13 -7.1578109077e-08 -5.8038866999e-14
d  3.0722474319e-03 2.1505730948e+00 2.0000000000e-01 7.1877021773e-01 3.0000000000e+02 -7.1880744030e-08 1.0152153118e-13 7.1877021773e-08 7.1880743820e-08 -3.5623352208e-12 -1.0154153114e-13 -7.1877021850e-08 -5.8093368411e-14
d  3.0789839298e-03 2.1552886431e+00 2.0000000000e-01 7.2236299889e-01 3.0000000000e+02 -7.2240181363e-08 1.0192221180e-13 7.2236299881e-08 7.2240181315e-08 -3.7210840768e-12 -1.0194221036e-13 -7.2236300128e-08 -5.8160340326e-14
d  3.0870677271e-03 2.1609473010e+00 2.0000000000e-01 7.2668268712e-01 3.0000000000e+02 -7.2672356452e-08 1.0243217919e-13 7.2668268687e-08 7.2672356808e-08 -3.9267547450e-12 -1.0245217512e-13 -7.2668269358e-08 -5.8242573571e-14
d  3.0919180056e-03 2.1643424957e+00 2.0000000000e-01 7.2927885633e-01 3.0000000000e+02 -7.2932105932e-08 1.0276015877e-13 7.2927885631e-08 7.2932105754e-08 -4.0589385220e-12 -1.0278015836e-13 -7.2927885745e-08 -5.8293397044e-14
d  3.0977383397e-03 2.1684167294e+00 2.0000000000e-01 7.3239852231e-01 3.0000000000e+02 -7.3244241299e-08 1.0316587087e-13 7.3239852230e-08 7.3244241088e-08 -4.2272371527e-12 -1.0318587081e-13 -7.3239852310e-08 -5.8354834299e-14
d  3.1047227406e-03 2.1733058098e+00 2.0000000000e-01 7.3614806926e-01 3.0000000000e+02 -7.3619414052e-08 1.0368341814e-13 7.3614806913e-08 7.3619414132e-08 -4.4447021750e-12 -1.0370341571e-13 -7.3614807297e-08 -5.8429305679e-14
d  3.1089133812e-03 2.1762392580e+00 2.0000000000e-01 7.3840075402e-01 3.0000000000e+02 -7.3844822316e-08 1.0400643895e-13 7.3840075390e-08 7.3844822362e-08 -4.5841230164e-12 -1.0402643576e-13 -7.3840075739e-08 -5.8473103587e-14
d  3.1139421499e-03 2.1797593959e+00 2.0000000000e-01 7.4110703541e-01 3.0000000000e+02 -7.4115628081e-08 1.0442955431e-13 7.4110703540e-08 7.4115627886e-08 -4.7612698060e-12 -1.0444955405e-13 -7.4110703639e-08 -5.8531063415e-14
d  3.1199766723e-03 2.1839835614e+00 2.0000000000e-01 7.4435903981e-01 3.0000000000e+02 -7.4441057452e-08 1.0496610981e-13 7.4435903982e-08 7.4441057208e-08 -4.9895892668e-12 -1.0498611006e-13 -7.4435904029e-08 -5.8602769403e-14
d  3.1272180992e-03 2.1890525600e+00 2.0000000000e-01 7.4826791412e-01 3.0000000000e+02 -7.4832245522e-08 1.0567875697e-13 7.4826791411e-08 7.4832245322e-08 -5.2894264570e-12 -1.0569875681e-13 -7.4826791506e-08 -5.8693964870e-14
d  3.1315629554e-03 2.1920939591e+00 2.0000000000e-01 7.5061663236e-01 3.0000000000e+02 -7.5067313055e-08 1.0613915042e-13 7.5061663236e-08 7.5067312836e-08 -5.4846142900e-12 -1.0615915041e-13 -7.5061663311e-08 -5.8751083810e-14
d  3.1367767827e-03 2.1957436381e+00 2.0000000000e-01 7.5343845399e-01 3.0000000000e+02 -7.5349747424e-08 1.0673995537e-13 7.5343845399e-08 7.5349747199e-08 -5.7361474682e-12 -1.0675995543e-13 -7.5343845469e-08 -5.8823143127e-14
d  3.1430333756e-03 2.2001232529e+00 2.0000000000e-01 7.5682947341e-01 3.0000000000e+02 -7.5689180664e-08 1.0753549273e-13 7.5682947331e-08 7.5689180684e-08 -6.0665579560e-12 -1.0755549058e-13 -7.5682947657e-08 -5.8915033080e-14
d  3.1467873313e-03 2.2027510217e+00 2.0000000000e-01 7.5886661562e-01 3.0000000000e+02 -7.5893110623e-08 1.0805932282e-13 7.5886661551e-08 7.5893110658e-08 -6.2817162200e-12 -1.0807931943e-13 -7.5886661892e-08 -5.8973550646e-14
d  3.1512920781e-03 2.2059043444e+00 2.0000000000e-01 7.6131368872e-01 3.0000000000e+02 -7.6138096008e-08 1.0873100941e-13 7.6131368858e-08 7.6138096109e-08 -6.5590432310e-12 -1.0875100541e-13 -7.6131369270e-08 -5.9046890854e-14
d  3.1566977743e-03 2.2096883315e+00 2.0000000000e-01 7.6425376709e-01 3.0000000000e+02 -7.6432469070e-08 1.0961626756e-13 7.6425376709e-08 7.6432468849e-08 -6.9232887592e-12 -1.0963626756e-13 -7.6425376786e-08 -5.9140554282e-14
d  3.1631846098e-03 2.2142291161e+00 2.0000000000e-01 7.6778701691e-01 3.0000000000e+02 -7.6786285616e-08 1.1079341480e-13 7.6778701692e-08 7.6786285370e-08 -7.4135520662e-12 -1.1081341501e-13 -7.6778701742e-08 -5.9261198851e-14
d  3.1670767111e-03 2.2169535869e+00 2.0000000000e-01 7.6990965895e-01 3.0000000000e+02 -7.6998877017e-08 1.1157304494e-13 7.6990965895e-08 7.6998876798e-08 -7.7398953112e-12 -1.1159304491e-13 -7.6990965974e-08 -5.9338782457e-14
d  3.1717472326e-03 2.2202229518e+00 2.0000000000e-01 7.7245948727e-01 3.0000000000e+02 -7.7254289852e-08 1.1257725061e-13 7.7245948727e-08 7.7254289636e-08 -8.1687909503e-12 -1.1259725054e-13 -7.7245948810e-08 -5.9436830521e-14
d  3.1773518584e-03 2.2241461897e+00 2.0000000000e-01 7.7552308943e-01 3.0000000000e+02 -7.7561229175e-08 1.1391848691e-13 7.7552308944e-08 7.7561228927e-08 -8.7464293754e-12 -1.1393848716e-13 -7.7552308995e-08 -5.9564185356e-14
d  3.1807146339e-03 2.2265001324e+00 2.0000000000e-01 7.7736325509e-01 3.0000000000e+02 -7.7745631468e-08 1.1480964459e-13 7.7736325509e-08 7.7745631248e-08 -9.1311855265e-12 -1.1482964455e-13 -7.7736325590e-08 -5.9647000594e-14
d  3.1847499645e-03 2.2293248637e+00 2.0000000000e-01 7.7957342693e-01 3.0000000000e+02 -7.7967156084e-08 1.1597166606e-13 7.7957342694e-08 7.7967155854e-08 -9.6373441613e-12 -1.1599166616e-13 -7.7957342764e-08 -5.9752837695e-14
d  3.1895923613e-03 2.2327145412e+00 2.0000000000e-01 7.8222843589e-01 3.0000000000e+02 -7.8233341853e-08 1.1755392714e-13 7.8222843589e-08 7.8233341624e-08 -1.0320496980e-11 -1.1757392721e-13 -7.8222843661e-08 -5.9893021537e-14
d  3.1924977993e-03 2.2347483478e+00 2.0000000000e-01 7.8382291226e-01 3.0000000000e+02 -7.8393246854e-08 1.1861947160e-13 7.8382291214e-08 7.8393246925e-08 -1.0776702188e-11 -1.1863946666e-13 -7.8382291599e-08 -5.9985606061e-14
d  3.1959843249e-03 2.2371889156e+00 2.0000000000e-01 7.8573773457e-01 3.0000000000e+02 -7.8585332605e-08 1.2004126785e-13 7.8573773439e-08 7.8585332826e-08 -1.1378680196e-11 -1.2006126085e-13 -7.8573773981e-08 -6.0106971086e-14
d  3.2001681557e-03 2.2401175970e+00 2.0000000000e-01 7.8803759932e-01 3.0000000000e+02 -7.8816137583e-08 1.2199841315e-13 7.8803759931e-08 7.8816137382e-08 -1.2195063423e-11 -1.2201841285e-13 -7.8803760034e-08 -6.0270629641e-14
d  3.2026784542e-03 2.2418748058e+00 2.0000000000e-01 7.8941860543e-01 3.0000000000e+02 -7.8954787436e-08 1.2332761150e-13 7.8941860532e-08 7.8954787477e-08 -1.2742861906e-11 -1.2334760636e-13 -7.8941860887e-08 -6.0379899588e-14
d  3.2056908123e-03 2.2439834564e+00 2.0000000000e-01 7.9107688053e-01 3.0000000000e+02 -7.9121343217e-08 1.2512430221e-13 7.9107688037e-08 7.9121343383e-08 -1.3469193853e-11 -1.2514429512e-13 -7.9107688522e-08 -6.0525477076e-14
d  3.2093056421e-03 2.2465138371e+00 2.0000000000e-01 7.9306831888e-01 3.0000000000e+02 -7.9321481548e-08 1.2761944639e-13 7.9306831887e-08 7.9321481328e-08 -1.4460996097e-11 -1.2763944631e-13 -7.9306831972e-08 -6.0724174982e-14
d  3.2136434378e-03 2.2495502940e+00 2.0000000000e-01 7.9546021947e-01 3.0000000000e+02 -7.9562087060e-08 1.3125831433e-13 7.9546021946e-08 7.9562086853e-08 -1.5872520874e-11 -1.3127831410e-13 -7.9546022044e-08 -6.1009205306e-14
d  3.2162461153e-03 2.2513721681e+00 2.0000000000e-01 7.9689648358e-01 3.0000000000e+02 -7.9706708971e-08 1.3388465631e-13 7.9689648358e-08 7.9706708752e-08 -1.6865192410e-11 -1.3390465620e-13 -7.9689648444e-08 -6.1211481078e-14
d  3.2193693282e-03 2.2535584171e+00 2.0000000000e-01 7.9862109441e-01 3.0000000000e+02 -7.9880553471e-08 1.3762016642e-13 7.9862109441e-08 7.9880553254e-08 -1.8244587942e-11 -1.3764016628e-13 -7.9862109530e-08 -6.1496073027e-14
d  3.2231171837e-03 2.2561819158e+00 2.0000000000e-01 8.0069216810e-01 3.0000000000e+02 -8.0089683796e-08 1.4325789535e-13 8.0069216809e-08 8.0089683610e-08 -2.0261482711e-11 -1.4327789477e-13 -8.0069216930e-08 -6.1920025019e-14
d  3.2253658970e-03 2.2577560150e+00 2.0000000000e-01 8.0193559628e-01 3.0000000000e+02 -8.0215488636e-08 1.4745465988e-13 8.0193559627e-08 8.0215488419e-08 -2.1718996624e-11 -1.4747465970e-13 -8.0193559716e-08 -6.2231734803e-14
d  3.2280643530e-03 2.2596449341e+00 2.0000000000e-01 8.0342845175e-01 3.0000000000e+02 -8.0366864839e-08 1.5361461941e-13 8.0342845175e-08 8.0366864623e-08 -2.3803037749e-11 -1.5363461923e-13 -8.0342845265e-08 -6.2685862941e-14
d  3.2296834266e-03 2.2607782856e+00 2.0000000000e-01 8.0432453548e-01 3.0000000000e+02 -8.0457951079e-08 1.5806701658e-13 8.0432453543e-08 8.0457950974e-08 -2.5276127418e-11 -1.5808701296e-13 -8.0432453749e-08 -6.3011440195e-14
d  3.2316263149e-03 2.2621383073e+00 2.0000000000e-01 8.0540017677e-01 3.0000000000e+02 -8.0567579376e-08 1.6440261216e-13 8.0540017672e-08 8.0567579289e-08 -2.7333498287e-11 -1.6442260825e-13 -8.0540017896e-08 -6.3472598684e-14
d  3.2339577809e-03 2.2637703334e+00 2.0000000000e-01 8.0669138414e-01 3.0000000000e+02 -8.0699738539e-08 1.7394636417e-13 8.0669138412e-08 8.0699738352e-08 -3.0361689811e-11 -1.7396636323e-13 -8.0669138534e-08 -6.4163039719e-14
d  3.2367555400e-03 2.2657287647e+00 2.0000000000e-01 8.0824131691e-01 3.0000000000e+02 -8.0859583057e-08 1.8969851971e-13 8.0824131672e-08 8.0859583317e-08 -3.5196045847e-11 -1.8971851005e-13 -8.0824132258e-08 -6.5294168547e-14
d  3.2384341955e-03 2.2669038235e+00 2.0000000000e-01 8.0917142019e-01 3.0000000000e+02 -8.0956433386e-08 2.0263402582e-13 8.0917142019e-08 8.0956433168e-08 -3.9022200240e-11 -2.0265402557e-13 -8.0917142109e-08 -6.6214906664e-14
d  3.2404485821e-03 2.2683138941e+00 2.0000000000e-01 8.1028748826e-01 3.0000000000e+02 -8.1074135342e-08 2.2396653313e-13 8.1028748825e-08 8.1074135136e-08 -4.5094490621e-11 -2.2398653255e-13 -8.1028748928e-08 -6.7727575882e-14
d  3.2416572141e-03 2.2691599364e+00 2.0000000000e-01 8.1095695876e-01 3.0000000000e+02 -8.1145886799e-08 2.4142197198e-13 8.1095695860e-08 8.1145886961e-08 -4.9880217471e-11 -2.4144195617e-13 -8.1095696346e-08 -6.8956282345e-14
d  3.2431075724e-03 2.2701751872e+00 2.0000000000e-01 8.1175990209e-01 3.0000000000e+02 -8.1233768702e-08 2.6992464734e-13 8.1175990207e-08 8.1233768529e-08 -5.7437288364e-11 -2.6994464527e-13 -8.1175990344e-08 -7.0956791649e-14
d  3.2448480024e-03 2.2713934881e+00 2.0000000000e-01 8.1272208553e-01 3.0000000000e+02 -8.1343732370e-08 3.2355164010e-13 8.1272208540e-08 8.1343732463e-08 -7.1125236106e-11 -3.2357162961e-13 -8.1272208954e-08 -7.4700186189e-14
d  3.2458922604e-03 2.2721244687e+00 2.0000000000e-01 8.1329800788e-01 3.0000000000e+02 -8.1413848877e-08 3.7375892358e-13 8.1329800775e-08 8.1413848987e-08 -8.3595840669e-11 -3.7377890743e-13 -8.1329801206e-08 -7.8167802127e-14
d  3.2471453700e-03 2.2730016454e+00 2.0000000000e-01 8.1398600600e-01 3.0000000000e+02 -8.1506619827e-08 4.7222891615e-13 8.1398600597e-08 8.1506619673e-08 -1.0746173957e-10 -4.7224891278e-13 -8.1398600755e-08 -8.4932269628e-14
d  3.2478972358e-03 2.2735279514e+00 2.0000000000e-01 8.1439554542e-01 3.0000000000e+02 -8.1571022610e-08 5.7112467480e-13 8.1439554487e-08 8.1571023758e-08 -1.3080497981e-10 -5.7114458191e-13 -8.1439556000e-08 -9.1635206641e-14
d  3.2483483553e-03 2.2738437350e+00 2.0000000000e-01 8.1463906982e-01 3.0000000000e+02 -8.1615496755e-08 6.5805959564e-13 8.1463906980e-08 8.1615496590e-08 -1.5083395044e-10 -6.5807958867e-13 -8.1463907126e-08 -9.7460303305e-14
d  3.2488896986e-03 2.2742226753e+00 2.0000000000e-01 8.1492708696e-01 3.0000000000e+02 -8.1679932046e-08 8.1616814848e-13 8.1492708690e-08 8.1679931971e-08 -1.8629883412e-10 -8.1618813234e-13 -8.1492708930e-08 -1.0801024665e-13
d  3.2495393106e-03 2.2746774037e+00 2.0000000000e-01 8.1525813333e-01 3.0000000000e+02 -8.1795287809e-08 1.1897499609e-12 8.1525813279e-08 8.1795288930e-08 -2.6815180801e-10 -1.1897698358e-12 -8.1525814765e-08 -1.3259062072e-13
d  3.2499290778e-03 2.2749502407e+00 2.0000000000e-01 8.1543687789e-01 3.0000000000e+02 -8.1916051170e-08 1.6530882426e-12 8.1543687785e-08 8.1916051045e-08 -3.7054801431e-10 -1.6531082286e-12 -8.1543687973e-08 -1.6197891298e-13
d  3.2501629382e-03 2.2751139430e+00 2.0000000000e-01 8.1552564769e-01 3.0000000000e+02 -8.2036127805e-08 2.1445661441e-12 8.1552564764e-08 8.2036127691e-08 -4.8122638672e-10 -2.1445861187e-12 -8.1552564964e-08 -1.9174899035e-13
d  3.2504435706e-03 2.2753103856e+00 2.0000000000e-01 8.1557206167e-01 3.0000000000e+02 -8.2335126513e-08 3.4470004369e-12 8.1557206139e-08 8.2335126967e-08 -7.7420524148e-10 -3.4470202825e-12 -8.1557206934e-08 -2.6777169431e-13
d  3.2506119500e-03 2.2754282512e+00 2.0000000000e-01 8.1548768224e-01 3.0000000000e+02 -8.2800899778e-08 5.4943526876e-12 8.1548770262e-08 8.2800849966e-08 -1.2462649869e-09 -5.4943897280e-12 -8.1548718268e-08 -3.7233473448e-13
d  3.2507129777e-03 2.2754989706e+00 2.0000000000e-01 8.1527586928e-01 3.0000000000e+02 -8.3486416740e-08 8.3748706921e-12 8.1527586892e-08 8.3486417385e-08 -1.9499714122e-09 -8.3748901828e-12 -8.1527587894e-08 -4.8302973748e-13
d  3.2507735943e-03 2.2755414022e+00 2.0000000000e-01 8.1493986560e-01 3.0000000000e+02 -8.4416227094e-08 1.2120717936e-11 8.1493986485e-08 8.4416228600e-08 -2.9095626817e-09 -1.2120736185e-11 -8.1493988411e-08 -5.5682373754e-13
d  3.2508099642e-03 2.2755668612e+00 2.0000000000e-01 8.1450650025e-01 3.0000000000e+02 -8.5539992904e-08 1.6360124886e-11 8.1450649744e-08 8.5539998885e-08 -4.0724620373e-09 -1.6360133938e-11 -8.1450656484e-08 -5.2025439570e-13
d  3.2508536082e-03 2.2755974119e+00 2.0000000000e-01 8.1294359615e-01 3.0000000000e+02 -8.9479954014e-08 2.9631034105e-11 8.1294359560e-08 8.9479955065e-08 -8.1560353062e-09 -2.9631051798e-11 -8.1294361081e-08 7.2262071565e-14
d  3.2508797945e-03 2.2756157424e+00 2.0000000000e-01 8.0795768291e-01 3.0000000000e+02 -1.0228563468e-07 5.7115729699e-11 8.0795768413e-08 1.0228563130e-07 -2.1439525184e-08 -5.7115761186e-11 -8.0795763708e-08 6.7733277960e-12
d  3.2508876504e-03 2.2756212415e+00 2.0000000000e-01 8.0360094283e-01 3.0000000000e+02 -1.1386234543e-07 5.2472990417e-11 8.0360092889e-08 1.1386237944e-07 -3.3473479644e-08 -5.2472757685e-11 -8.0360136337e-08 2.3709182560e-11
d  3.2508970775e-03 2.2756278405e+00 2.0000000000e-01 7.9044993527e-01 3.0000000000e+02 -1.5735375267e-07 3.5181850220e-11 7.9044994043e-08 1.5735373412e-07 -7.8350275326e-08 -3.5181989619e-11 -7.9044962254e-08 7.6684885551e-11
d  3.2509083901e-03 2.2756357593e+00 2.0000000000e-01 7.4314307855e-01 3.0000000000e+02 -5.4609653756e-07 -9.9221471471e-11 7.4314306982e-08 5.4609665429e-07 -4.7213154004e-07 9.9221623078e-11 -7.4314573895e-08 2.5023768255e-10
d  3.2509189881e-03 2.2756431779e+00 2.0000000000e-01 7.1933618020e-01 3.0000000000e+02 -1.0577919300e-06 -4.3636034126e-11 7.1933617658e-08 1.0577920096e-06 -9.8596086850e-07 4.3636068134e-11 -7.1933737887e-08 5.8961098028e-11
d  3.2509317057e-03 2.2756520802e+00 2.0000000000e-01 7.1510231233e-01 3.0000000000e+02 -1.2124015446e-06 2.2179937108e-11 7.1510231143e-08 1.2124015659e-06 -1.1408373178e-06 -2.2179945573e-11 -7.1510262735e-08 -3.1805445029e-11
d  3.2509440383e-03 2.2756607131e+00 2.0000000000e-01 7.1578313212e-01 3.0000000000e+02 -1.1928268852e-06 3.9849476079e-12 7.1578313083e-08 1.1928269156e-06 -1.1212337362e-06 -3.9849510851e-12 -7.1578358112e-08 -1.0836321434e-11
d  3.2509588375e-03 2.2756710725e+00 2.0000000000e-01 7.1628826247e-01 3.0000000000e+02 -1.1748651188e-06 -3.7793514244e-13 7.1628826113e-08 1.1748651503e-06 -1.1032356728e-06 3.7792999405e-13 -7.1628873250e-08 -9.8217190227e-13
d  3.2509765965e-03 2.2756835038e+00 2.0000000000e-01 7.1638337652e-01 3.0000000000e+02 -1.1716087241e-06 -9.8232954583e-14 7.1638336474e-08 1.1716090055e-06 -1.0999707696e-06 9.8321692927e-14 -7.1638754663e-08 4.2052816519e-13
d  3.2509979073e-03 2.2756984213e+00 2.0000000000e-01 7.1637521137e-01 3.0000000000e+02 -1.1722877336e-06 5.3772955587e-14 7.1637521339e-08 1.1722876846e-06 -1.1006503003e-06 -5.3808506200e-14 -7.1637448897e-08 1.1859993274e-13
d  3.2510234802e-03 2.2757163224e+00 2.0000000000e-01 7.1637490751e-01 3.0000000000e+02 -1.1727723303e-06 8.2722255820e-14 7.1637490904e-08 1.1727722929e-06 -1.1011347325e-06 -8.2752074148e-14 -7.1637435539e-08 -4.2167173567e-14
d  3.2510541677e-03 2.2757378036e+00 2.0000000000e-01 7.1638472852e-01 3.0000000000e+02 -1.1729799972e-06 8.4219806613e-14 7.1638472918e-08 1.1729799810e-06 -1.1013413921e-06 -8.4243304371e-14 -7.1638449109e-08 -5.5611531314e-14
d  3.2510909928e-03 2.2757635812e+00 2.0000000000e-01 7.1639776168e-01 3.0000000000e+02 -1.1731832260e-06 8.3035267144e-14 7.1639776233e-08 1.1731832098e-06 -1.1015433244e-06 -8.3058169770e-14 -7.1639752370e-08 -5.0016624675e-14
d  3.2511351828e-03 2.2757945142e+00 2.0000000000e-01 7.1641309556e-01 3.0000000000e+02 -1.1734383512e-06 8.2778889251e-14 7.1641309642e-08 1.1734383299e-06 -1.1017969202e-06 -8.2802056281e-14 -7.1641278201e-08 -4.8747545211e-14
d  3.2511882109e-03 2.2758316338e+00 2.0000000000e-01 7.1643140763e-01 3.0000000000e+02 -1.1737478164e-06 8.2789871569e-14 7.1643140870e-08 1.1737477898e-06 -1.1021045568e-06 -8.2813175119e-14 -7.1643101310e-08 -4.8799345860e-14
d  3.2512518445e-03 2.2758761774e+00 2.0000000000e-01 7.1645338344e-01 3.0000000000e+02 -1.1741192213e-06 8.2797694552e-14 7.1645338475e-08 1.1741191885e-06 -1.1024737672e-06 -8.2821082280e-14 -7.1645289578e-08 -4.8840330179e-14
d  3.2513282049e-03 2.2759296296e+00 2.0000000000e-01 7.1647975723e-01 3.0000000000e+02 -1.1745649397e-06 8.2797094615e-14 7.1647975884e-08 1.1745648995e-06 -1.1029168521e-06 -8.2820553478e-14 -7.1647915748e-08 -4.8842281498e-14
d  3.2514198374e-03 2.2759937724e+00 2.0000000000e-01 7.1651140621e-01 3.0000000000e+02 -1.1750999826e-06 8.2795760048e-14 7.1651140818e-08 1.1750999334e-06 -1.1034487346e-06 -8.2819279488e-14 -7.1651067151e-08 -4.8841646034e-14
d  3.2515297964e-03 2.2760707436e+00 2.0000000000e-01 7.1654938532e-01 3.0000000000e+02 -1.1757423050e-06 8.2794312603e-14 7.1654938772e-08 1.1757422450e-06 -1.1040872645e-06 -8.2817882456e-14 -7.1654848849e-08 -4.8841653795e-14
d  3.2516617471e-03 2.2761631092e+00 2.0000000000e-01 7.1659496079e-01 3.0000000000e+02 -1.1765134798e-06 8.2792594828e-14 7.1659496369e-08 1.1765134069e-06 -1.1048538884e-06 -8.2816205957e-14 -7.1659386937e-08 -4.8841751767e-14
d  3.2518200880e-03 2.2762739478e+00 2.0000000000e-01 7.1664965212e-01 3.0000000000e+02 -1.1774394483e-06 8.2790522530e-14 7.1664965564e-08 1.1774393600e-06 -1.1057743956e-06 -8.2814166699e-14 -7.1664832738e-08 -4.8841860803e-14
d  3.2520100971e-03 2.2764069542e+00 2.0000000000e-01 7.1671528283e-01 3.0000000000e+02 -1.1785514154e-06 8.2788037886e-14 7.1671528708e-08 1.1785513085e-06 -1.1068798090e-06 -8.2811707653e-14 -7.1671367853e-08 -4.8841988986e-14
d  3.2522381080e-03 2.2765665618e+00 2.0000000000e-01 7.1679404129e-01 3.0000000000e+02 -1.1798869356e-06 8.2785051736e-14 7.1679404642e-08 1.1798868065e-06 -1.1082074647e-06 -8.2808740271e-14 -7.1679210230e-08 -4.8842141569e-14
d  3.2525117211e-03 2.2767580909e+00 2.0000000000e-01 7.1688855376e-01 3.0000000000e+02 -1.1814912308e-06 8.2781462842e-14 7.1688855993e-08 1.1814910752e-06 -1.1098023222e-06 -8.2805163724e-14 -7.1688621443e-08 -4.8842323447e-14
d  3.2528400568e-03 2.2769879259e+00 2.0000000000e-01 7.1700197204e-01 3.0000000000e+02 -1.1834187932e-06 8.2777153754e-14 7.1700197946e-08 1.1834186060e-06 -1.1117185589e-06 -8.2800860801e-14 -7.1699915432e-08 -4.8842540385e-14
d  3.2532340597e-03 2.2772637279e+00 2.0000000000e-01 7.1713807877e-01 3.0000000000e+02 -1.1857353394e-06 8.2771992573e-14 7.1713808767e-08 1.1857351144e-06 -1.1140215137e-06 -8.2795699048e-14 -7.1713469062e-08 -4.8842803175e-14
d  3.2537068631e-03 2.2775946903e+00 2.0000000000e-01 7.1730141385e-01 3.0000000000e+02 -1.1885202009e-06 8.2765857310e-14 7.1730142451e-08 1.1885199308e-06 -1.1167900646e-06 -8.2789557434e-14 -7.1729734539e-08 -4.8843134610e-14
d  3.2542742272e-03 2.2779918452e+00 2.0000000000e-01 7.1749742583e-01 3.0000000000e+02 -1.1918692498e-06 8.2758363955e-14 7.1749743857e-08 1.1918689261e-06 -1.1201195396e-06 -8.2782050571e-14 -7.1749254866e-08 -4.8843494179e-14
d  3.2549550641e-03 2.2784684310e+00 2.0000000000e-01 7.1773265438e-01 3.0000000000e+02 -1.1958985146e-06 8.2749397534e-14 7.1773266959e-08 1.1958981275e-06 -1.1241253140e-06 -8.2773062499e-14 -7.1772681877e-08 -4.8843932648e-14
d  3.2557720685e-03 2.2790403340e+00 2.0000000000e-01 7.1801494782e-01 3.0000000000e+02 -1.2007486255e-06 8.2738208574e-14 7.1801496590e-08 1.2007481636e-06 -1.1289472338e-06 -8.2761841411e-14 -7.1800798263e-08 -4.8844332693e-14
d  3.2567524736e-03 2.2797266176e+00 2.0000000000e-01 7.1835372976e-01 3.0000000000e+02 -1.2065904378e-06 8.2725582074e-14 7.1835375119e-08 1.2065898882e-06 -1.1347552127e-06 -8.2749171075e-14 -7.1834543938e-08 -4.8845043212e-14
d  3.2579289599e-03 2.2805501579e+00 2.0000000000e-01 7.1876031004e-01 3.0000000000e+02 -1.2136319027e-06 8.2709978391e-14 7.1876033531e-08 1.2136312518e-06 -1.1417560716e-06 -8.2733505711e-14 -7.1875048672e-08 -4.8845759707e-14
d  3.2593407433e-03 2.2815384063e+00 2.0000000000e-01 7.1924826651e-01 3.0000000000e+02 -1.2221268670e-06 8.2691292417e-14 7.1924829609e-08 1.2221261011e-06 -1.1502022993e-06 -8.2714733559e-14 -7.1923670290e-08 -4.8846626067e-14
d  3.2610348835e-03 2.2827243043e+00 2.0000000000e-01 7.1983389981e-01 3.0000000000e+02 -1.2323862124e-06 8.2668862845e-14 7.1983390036e-08 1.2323861978e-06 -1.1604026979e-06 -8.2688916187e-14 -7.1983368400e-08 -4.8846100436e-14
d  3.2630678517e-03 2.2841473820e+00 2.0000000000e-01 7.2053678344e-01 3.0000000000e+02 -1.2447919466e-06 8.2639638364e-14 7.2053678408e-08 1.2447919296e-06 -1.1727381451e-06 -8.2659690050e-14 -7.2053653045e-08 -4.8848846499e-14
d  3.2655074135e-03 2.2858550752e+00 2.0000000000e-01 7.2138041989e-01 3.0000000000e+02 -1.2598157620e-06 8.2607627223e-14 7.2138042062e-08 1.2598157423e-06 -1.1876775982e-06 -8.2627676744e-14 -7.2138012620e-08 -4.8849907757e-14
d  3.2684348877e-03 2.2879043070e+00 2.0000000000e-01 7.2239303426e-01 3.0000000000e+02 -1.2780428495e-06 8.2568372250e-14 7.2239303509e-08 1.2780428271e-06 -1.2058034258e-06 -8.2588418908e-14 -7.2239269843e-08 -4.8851571951e-14
d  3.2719478567e-03 2.2903633852e+00 2.0000000000e-01 7.2360852761e-01 3.0000000000e+02 -1.3002035095e-06 8.2521041532e-14 7.2360852852e-08 1.3002034845e-06 -1.2278425378e-06 -8.2541084327e-14 -7.2360815303e-08 -4.8853488899e-14
d  3.2761634195e-03 2.2933142790e+00 2.0000000000e-01 7.2506762445e-01 3.0000000000e+02 -1.3272152335e-06 8.2463940907e-14 7.2506762541e-08 1.3272152069e-06 -1.2547083531e-06 -8.2483978399e-14 -7.2506722442e-08 -4.8855679471e-14
d  3.2812220949e-03 2.2968553516e+00 2.0000000000e-01 7.2681925486e-01 3.0000000000e+02 -1.3602394733e-06 8.2395027330e-14 7.2681925578e-08 1.3602394471e-06 -1.2875574296e-06 -8.2415057416e-14 -7.2681886244e-08 -4.8858163073e-14
d  3.2872925054e-03 2.3011046387e+00 2.0000000000e-01 7.2892221959e-01 3.0000000000e+02 -1.4007592412e-06 8.2311879747e-14 7.2892222032e-08 1.4007592201e-06 -1.3278668986e-06 -8.2331899499e-14 -7.2892190368e-08 -4.8860955885e-14
d  3.2945769980e-03 2.3062037833e+00 2.0000000000e-01 7.3144719398e-01 3.0000000000e+02 -1.4506864065e-06 8.2211441846e-14 7.3144719422e-08 1.4506863992e-06 -1.3775415595e-06 -8.2231447349e-14 -7.3144708604e-08 -4.8864026246e-14
d  3.3033183890e-03 2.3123227567e+00 2.0000000000e-01 7.3447906601e-01 3.0000000000e+02 -1.5125105818e-06 8.2087581005e-14 7.3447906603e-08 1.5125105808e-06 -1.4390625444e-06 -8.2107581504e-14 -7.3447905455e-08 -4.8866601005e-14
d  3.3138080583e-03 2.3196655249e+00 2.0000000000e-01 7.3811995086e-01 3.0000000000e+02 -1.5895149593e-06 8.1938629639e-14 7.3811995088e-08 1.5895149585e-06 -1.5157028334e-06 -8.1958629953e-14 -7.3811994202e-08 -4.8869387604e-14
d  3.3263956615e-03 2.3284768466e+00 2.0000000000e-01 7.4249249476e-01 3.0000000000e+02 -1.6860800939e-06 8.1755529013e-14 7.4249249476e-08 1.6860800938e-06 -1.6118307134e-06 -8.1775528959e-14 -7.4249249755e-08 -4.8871030430e-14
d  3.3415007853e-03 2.3390504328e+00 2.0000000000e-01 7.4774394934e-01 3.0000000000e+02 -1.8081294860e-06 8.1529463382e-14 7.4774394928e-08 1.8081294878e-06 -1.7333549593e-06 -8.1549462744e-14 -7.4774398077e-08 -4.8870528095e-14
d  3.3596269338e-03 2.3517387361e+00 2.0000000000e-01 7.5405112679e-01 3.0000000000e+02 -1.9637910305e-06 8.1252355652e-14 7.5405112670e-08 1.9637910332e-06 -1.8883857857e-06 -8.1272354898e-14 -7.5405117377e-08 -4.8867188035e-14
d  3.3813783121e-03 2.3669647001e+00 2.0000000000e-01 7.6162612427e-01 3.0000000000e+02 -2.1643828771e-06 8.0912876172e-14 7.6162612460e-08 2.1643828638e-06 -2.0882201417e-06 -8.0932878734e-14 -7.6162592322e-08 -4.8859503307e-14
d  3.4074799660e-03 2.3852358569e+00 2.0000000000e-01 7.7072212997e-01 3.0000000000e+02 -2.4258802259e-06 8.0488640568e-14 7.7072213026e-08 2.4258802137e-06 -2.3488078900e-06 -8.0508642400e-14 -7.7072194318e-08 -4.8842664063e-14
d  3.4388019507e-03 2.4071612451e+00 2.0000000000e-01 7.8164107442e-01 3.0000000000e+02 -2.7711844102e-06 7.9964524836e-14 7.8164107444e-08 2.7711844092e-06 -2.6930201740e-06 -7.9984524919e-14 -7.8164106406e-08 -4.8813847777e-14
d  3.4763883323e-03 2.4334717109e+00 2.0000000000e-01 7.9474147115e-01 3.0000000000e+02 -3.2335914973e-06 7.9319568286e-14 7.9474147116e-08 3.2335914961e-06 -3.1541172223e-06 -7.9339568368e-14 -7.9474145732e-08 -4.8768062400e-14
d  3.5214919903e-03 2.4650442699e+00 2.0000000000e-01 8.1044547650e-01 3.0000000000e+02 -3.8620831213e-06 7.8523930441e-14 8.1044547651e-08 3.8620831205e-06 -3.7810384464e-06 -7.8543930478e-14 -8.1044546840e-08 -4.8696871394e-14
d  3.5714290000e-03 2.5000001750e+00 2.0000000000e-01 8.2779593051e-01 3.0000000000e+02 -4.6578636488e-06 7.7636115937e-14 8.2779593051e-08 4.6578636487e-06 -4.5750839291e-06 -7.7656115930e-14 -8.2779593354e-08 -4.8602883724e-14
d  3.6313534117e-03 2.5419472611e+00 2.0000000000e-01 8.4854748343e-01 3.0000000000e+02 -5.7610616069e-06 7.6584160723e-14 8.4854748342e-08 5.7610616079e-06 -5.6762067324e-06 -7.6604160673e-14 -8.4854750507e-08 -4.8476863778e-14
d  3.7032627057e-03 2.5922837644e+00 2.0000000000e-01 8.7333021917e-01 3.0000000000e+02 -7.3135208622e-06 7.5367826767e-14 8.7333021913e-08 7.3135208659e-06 -7.2261877134e-06 -7.5387826650e-14 -8.7333028813e-08 -4.8315706346e-14
d  3.7895538585e-03 2.6526875683e+00 2.0000000000e-01 9.0288918235e-01 3.0000000000e+02 -9.5304890791e-06 7.4028602827e-14 9.0288918225e-08 9.5304890880e-06 -9.4402000316e-06 -7.4048602634e-14 -9.0288934221e-08 -4.8126809717e-14
d  3.8931032419e-03 2.7251721331e+00 2.0000000000e-01 9.3811164797e-01 3.0000000000e+02 -1.2741509457e-05 7.2615493406e-14 9.3811164783e-08 1.2741509473e-05 -1.2647698158e-05 -7.2635493161e-14 -9.3811194040e-08 -4.7918460577e-14
d  4.0173625020e-03 2.8121536108e+00 2.0000000000e-01 9.8009460171e-01 3.0000000000e+02 -1.7462317354e-05 7.1252188347e-14 9.8009460170e-08 1.7462317354e-05 -1.7364307773e-05 -7.1272188335e-14 -9.8009462468e-08 -4.7721468519e-14
d  4.1664736140e-03 2.9165313840e+00 2.0000000000e-01 1.0302227178e+00 3.0000000000e+02 -2.4523521691e-05 7.0045323881e-14 1.0302227178e-07 2.4523521694e-05 -2.4420499298e-05 -7.0065323856e-14 -1.0302227831e-07 -4.7563505929e-14
d  4.2857140000e-03 2.9999996500e+00 2.0000000000e-01 1.0702399684e+00 3.0000000000e+02 -3.1411104297e-05 6.9422884828e-14 1.0702399683e-07 3.1411104324e-05 -3.1304080159e-05 -6.9442884637e-14 -1.0702404770e-07 -4.7505952922e-14
d  4.4288024632e-03 3.1001615692e+00 2.0000000000e-01 1.1183066051e+00 3.0000000000e+02 -4.1342714858e-05 6.8850298359e-14 1.1183066049e-07 4.1342714905e-05 -4.1230884038e-05 -6.8870298110e-14 -1.1183075106e-07 -4.7475280411e-14
d  4.6005086190e-03 3.2203558723e+00 2.0000000000e-01 1.1763920898e+00 3.0000000000e+02 -5.6101707937e-05 6.8645137778e-14 1.1763920898e-07 5.6101707940e-05 -5.5984068608e-05 -6.8665137766e-14 -1.1763921552e-07 -4.7575829398e-14
d  4.8065560060e-03 3.3645890359e+00 2.0000000000e-01 1.2470699429e+00 3.0000000000e+02 -7.8805698115e-05 6.8759195208e-14 1.2470699428e-07 7.8805698125e-05 -7.8680990994e-05 -6.8779195185e-14 -1.2470701382e-07 -4.7798880984e-14
d  5.0000000000e-03 3.4999998250e+00 2.0000000000e-01 1.3151766128e+00 3.0000000000e+02 -1.0650705057e-04 6.9691427260e-14 1.3151766124e-07 1.0650705077e-04 -1.0637553262e-04 -6.9711426917e-14 -1.3151803887e-07 -4.8277703937e-14
d  5.2321327929e-03 3.6624927719e+00 2.0000000000e-01 1.3996615314e+00 3.0000000000e+02 -1.5061067123e-04 7.1015021346e-14 1.3996615314e-07 1.5061067125e-04 -1.5047070494e-04 -7.1035021324e-14 -1.3996619179e-07 -4.8906517324e-14
d  5.5106921443e-03 3.8574843081e+00 2.0000000000e-01 1.5065999580e+00 3.0000000000e+02 -2.2662916176e-04 7.3814609063e-14 1.5065999579e-07 2.2662916183e-04 -2.2647850160e-04 -7.3834609030e-14 -1.5066010655e-07 -5.0048344880e-14
d  5.7142860000e-03 4.0000000000e+00 2.0000000000e-01 1.5892181615e+00 3.0000000000e+02 -3.0643635248e-04 7.6368608046e-14 1.5892181612e-07 3.0643635295e-04 -3.0627743025e-04 -7.6388607848e-14 -1.5892257386e-07 -5.1013765160e-14
d  5.9585986269e-03 4.1710188303e+00 2.0000000000e-01 1.6935997442e+00 3.0000000000e+02 -4.4631519135e-04 7.9604434289e-14 1.6935997435e-07 4.4631519267e-04 -4.4614583056e-04 -7.9624434005e-14 -1.6936198445e-07 -5.2158347897e-14
d  6.2517737791e-03 4.3762414266e+00 2.0000000000e-01 1.8289235816e+00 3.0000000000e+02 -7.3610881548e-04 8.5833158050e-14 1.8289235800e-07 7.3610882008e-04 -7.3592592112e-04 -8.5853157723e-14 -1.8289882510e-07 -5.4183029043e-14
d  6.6035839618e-03 4.6225085421e+00 2.0000000000e-01 1.9963345137e+00 3.0000000000e+02 -1.4358369140e-03 8.8873045935e-14 1.9963345137e-07 1.4358369139e-03 -1.4356372804e-03 -8.8893045937e-14 -1.9963333772e-07 -5.4449407905e-14
d  7.0257561810e-03 4.9180290808e+00 2.0000000000e-01 2.1762477165e+00 3.0000000000e+02 -2.7458576481e-03 8.2111461051e-14 2.1762477165e-07 2.7458576481e-03 -2.7456400232e-03 -8.2131461051e-14 -2.1762478514e-07 -5.0608343699e-14
d  7.1428570000e-03 4.9999996500e+00 2.0000000000e-01 2.2222798465e+00 3.0000000000e+02 -3.1561726187e-03 8.0835497559e-14 2.2222798465e-07 3.1561726187e-03 -3.1559503906e-03 -8.0855497559e-14 -2.2222799177e-07 -4.9996687237e-14
d  7.2833779828e-03 5.0983643330e+00 2.0000000000e-01 2.2737278881e+00 3.0000000000e+02 -3.6370956554e-03 7.6529626890e-14 2.2737278881e-07 3.6370956554e-03 -3.6368682825e-03 -7.6549626890e-14 -2.2737279162e-07 -4.8309119056e-14
d  7.4520031621e-03 5.2164019527e+00 2.0000000000e-01 2.3307998683e+00 3.0000000000e+02 -4.1910669216e-03 7.3247736019e-14 2.3307998683e-07 4.1910669216e-03 -4.1908338415e-03 -7.3267736019e-14 -2.3307999719e-07 -4.6945973096e-14
d  7.6543533774e-03 5.3580470963e+00 2.0000000000e-01 2.3933462013e+00 3.0000000000e+02 -4.8131352818e-03 6.9656281972e-14 2.3933462013e-07 4.8131352819e-03 -4.8128959471e-03 -6.9676281971e-14 -2.3933462539e-07 -4.5468458260e-14
d  7.8971736356e-03 5.5280212685e+00 2.0000000000e-01 2.4569210344e+00 3.0000000000e+02 -5.5246048474e-03 6.3010466060e-14 2.4569210344e-07 5.5246048474e-03 -5.5243591552e-03 -6.3030466060e-14 -2.4569211391e-07 -4.2668405070e-14
d  8.1885579456e-03 5.7319902753e+00 2.0000000000e-01 2.5243634697e+00 3.0000000000e+02 -6.2911859025e-03 6.0763423709e-14 2.5243634697e-07 6.2911859025e-03 -6.2909334661e-03 -6.0783423709e-14 -2.5243635211e-07 -4.1652566271e-14
d  8.5382191175e-03 5.9767530834e+00 2.0000000000e-01 2.5960910232e+00 3.0000000000e+02 -7.1123523777e-03 5.8484849505e-14 2.5960910232e-07 7.1123523777e-03 -7.1120927685e-03 -5.8504849504e-14 -2.5960910682e-07 -4.0502707935e-14
d  8.5714290000e-03 6.0000000000e+00 2.0000000000e-01 2.6024868527e+00 3.0000000000e+02 -7.1858351866e-03 5.8688570488e-14 2.6024868527e-07 7.1858351866e-03 -7.1855749378e-03 -5.8708570487e-14 -2.6024869078e-07 -4.0544088938e-14
d  8.6112808590e-03 5.9721037066e+00 2.0000000000e-01 2.5948041257e+00 3.0000000000e+02 -7.0975709850e-03 -1.2300980529e-13 2.5948041257e-07 7.0975709850e-03 -7.0973115048e-03 1.2298980529e-13 -2.5948040739e-07 8.4896375476e-14
d  8.6591030899e-03 5.9386281545e+00 2.0000000000e-01 2.5854604431e+00 3.0000000000e+02 -6.9902983564e-03 -5.9195135256e-14 2.5854604431e-07 6.9902983564e-03 -6.9900398105e-03 5.9175135255e-14 -2.5854603936e-07 4.0795143804e-14
d  8.7164897669e-03 5.8984574919e+00 2.0000000000e-01 2.5740608560e+00 3.0000000000e+02 -6.8595255119e-03 -5.9522208108e-14 2.5740608560e-07 6.8595255119e-03 -6.8592681059e-03 5.9502208107e-14 -2.5740608079e-07 4.0967043031e-14
d  8.7853537794e-03 5.8502526969e+00 2.0000000000e-01 2.5600941470e+00 3.0000000000e+02 -6.6995019355e-03 -5.9960116354e-14 2.5600941470e-07 6.6995019355e-03 -6.6992459262e-03 5.9940116353e-14 -2.5600940990e-07 4.1189314186e-14
d  8.8679905943e-03 5.7924069428e+00 2.0000000000e-01 2.5428896100e+00 3.0000000000e+02 -6.5027098730e-03 -6.0546873490e-14 2.5428896100e-07 6.5027098730e-03 -6.5024555842e-03 6.0526873489e-14 -2.5428895600e-07 4.1478002158e-14
d  8.9671547722e-03 5.7229920380e+00 2.0000000000e-01 2.5215522913e+00 3.0000000000e+02 -6.2591302834e-03 -6.1330401862e-14 2.5215522913e-07 6.2591302834e-03 -6.2588781283e-03 6.1310401861e-14 -2.5215522374e-07 4.1854490743e-14
d  9.0861517856e-03 5.6396941521e+00 2.0000000000e-01 2.4948462387e+00 3.0000000000e+02 -5.9550553531e-03 -6.2423024953e-14 2.4948462387e-07 5.9550553531e-03 -5.9548058685e-03 6.2403024952e-14 -2.4948461801e-07 4.2360171641e-14
d  9.2289482018e-03 5.5397366891e+00 2.0000000000e-01 2.4610235727e+00 3.0000000000e+02 -5.5710896364e-03 -6.3962239656e-14 2.4610235727e-07 5.5710896364e-03 -5.5708435342e-03 6.3942239655e-14 -2.4610235105e-07 4.3045587265e-14
d  9.4003039012e-03 5.4197877335e+00 2.0000000000e-01 2.4175134786e+00 3.0000000000e+02 -5.0787114320e-03 -6.6190058651e-14 2.4175134786e-07 5.0787114320e-03 -5.0784696807e-03 6.6170058651e-14 -2.4175134170e-07 4.3997690920e-14
d  9.6059307405e-03 5.2758489868e+00 2.0000000000e-01 2.3578029988e+00 3.0000000000e+02 -4.4577663998e-03 -7.1712605114e-14 2.3578029988e-07 4.4577663998e-03 -4.4575306196e-03 7.1692605114e-14 -2.3578029535e-07 4.6305397527e-14
d  9.8526829477e-03 5.1031224908e+00 2.0000000000e-01 2.2761287279e+00 3.0000000000e+02 -3.6599956014e-03 -7.6765025651e-14 2.2761287279e-07 3.6599956014e-03 -3.6597679887e-03 7.6745025651e-14 -2.2761286656e-07 4.8396440236e-14
d  1.0000000000e-02 5.0000005833e+00 2.0000000000e-01 2.2222803540e+00 3.0000000000e+02 -3.1561773761e-03 -7.9717626693e-14 2.2222803540e-07 3.1561773760e-03 -3.1559551482e-03 7.9697626691e-14 -2.2222800878e-07 4.9617056208e-14
d  1.0176780463e-02 4.8762542944e+00 2.0000000000e-01 2.1515927687e+00 3.0000000000e+02 -2.5362713840e-03 -8.4320120875e-14 2.1515927687e-07 2.5362713840e-03 -2.5360562248e-03 8.4300120875e-14 -2.1515927431e-07 5.1548585380e-14
d  1.0388917018e-02 4.7277587477e+00 2.0000000000e-01 2.0640414328e+00 3.0000000000e+02 -1.8634140213e-03 -8.2589964929e-14 2.0640414328e-07 1.8634140213e-03 -1.8632076173e-03 8.2569964929e-14 -2.0640414368e-07 5.1475836238e-14
d  1.0643480885e-02 4.5495640917e+00 2.0000000000e-01 1.9476606248e+00 3.0000000000e+02 -1.1761509274e-03 -8.8305937087e-14 1.9476606171e-07 1.1761509559e-03 -1.1759561499e-03 8.8285938380e-14 -1.9480613464e-07 5.4338675669e-14
d  1.0890474988e-02 4.3766682687e+00 2.0000000000e-01 1.8292139767e+00 3.0000000000e+02 -7.3692733016e-04 -8.7222530483e-14 1.8292139761e-07 7.3692733206e-04 -7.3674440814e-04 8.7202530637e-14 -1.8292406996e-07 5.4668735751e-14
d  1.1061508919e-02 4.2569445504e+00 2.0000000000e-01 1.7489370149e+00 3.0000000000e+02 -5.4579977842e-04 -8.3305583401e-14 1.7489370139e-07 5.4579978088e-04 -5.4562488376e-04 8.3285583857e-14 -1.7489725465e-07 5.3433091742e-14
d  1.1200667087e-02 4.1595338607e+00 2.0000000000e-01 1.6864127905e+00 3.0000000000e+02 -4.3486006675e-04 -7.9840275108e-14 1.6864127902e-07 4.3486006736e-04 -4.3469142529e-04 7.9820275331e-14 -1.6864220386e-07 5.2227505247e-14
d  1.1365671122e-02 4.0440310688e+00 2.0000000000e-01 1.6155537336e+00 3.0000000000e+02 -3.3690927249e-04 -7.6868117352e-14 1.6155537330e-07 3.3690927325e-04 -3.3674771681e-04 7.6848117722e-14 -1.6155657068e-07 5.1181979994e-14
d  1.1428570000e-02 4.0000018667e+00 2.0000000000e-01 1.5892192672e+00 3.0000000000e+02 -3.0643761491e-04 -7.6541605490e-14 1.5892192667e-07 3.0643761570e-04 -3.0627869265e-04 7.6521606439e-14 -1.5892317645e-07 5.1048864068e-14
d  1.1504048654e-02 3.9471668241e+00 2.0000000000e-01 1.5581343331e+00 3.0000000000e+02 -2.7381030250e-04 -7.5570100542e-14 1.5581343322e-07 2.7381030350e-04 -2.7365448857e-04 7.5550101968e-14 -1.5581504817e-07 5.0685971843e-14
d  1.1594623038e-02 3.8837647730e+00 2.0000000000e-01 1.5215464648e+00 3.0000000000e+02 -2.3949730111e-04 -7.4518663400e-14 1.5215464636e-07 2.3949730233e-04 -2.3934514579e-04 7.4498665144e-14 -1.5215666211e-07 5.0285084276e-14
d  1.1703312299e-02 3.8076823116e+00 2.0000000000e-01 1.4786359442e+00 3.0000000000e+02 -2.0417149373e-04 -7.3332413214e-14 1.4786359442e-07 2.0417149378e-04 -2.0402363022e-04 7.3312413287e-14 -1.4786367858e-07 4.9820442313e-14
d  1.1833739413e-02 3.7163833581e+00 2.0000000000e-01 1.4284773168e+00 3.0000000000e+02 -1.6861236987e-04 -7.2094963861e-14 1.4284773167e-07 1.6861236994e-04 -1.6846952220e-04 7.2074963979e-14 -1.4284786364e-07 4.9314493311e-14
d  1.1990251949e-02 3.6068246137e+00 2.0000000000e-01 1.3703520762e+00 3.0000000000e+02 -1.3392024242e-04 -7.0400923286e-14 1.3703520761e-07 1.3392024249e-04 -1.3378320727e-04 7.0380923405e-14 -1.3703533417e-07 4.8619132975e-14
d  1.2142860000e-02 3.4999990083e+00 2.0000000000e-01 1.3151761840e+00 3.0000000000e+02 -1.0650688156e-04 -6.9770385345e-14 1.3151761837e-07 1.0650688171e-04 -1.0637536393e-04 6.9750385671e-14 -1.3151789958e-07 4.8291252740e-14
d  1.2325989661e-02 3.3718082818e+00 2.0000000000e-01 1.2506550682e+00 3.0000000000e+02 -8.0112204756e-05 -6.9020372679e-14 1.2506550682e-07 8.0112204764e-05 -7.9987139358e-05 6.9000372700e-14 -1.2506552329e-07 4.7881192791e-14
d  1.2545745255e-02 3.2179794100e+00 2.0000000000e-01 1.1752380855e+00 3.0000000000e+02 -5.5776261779e-05 -6.8503633053e-14 1.1752380855e-07 5.5776261783e-05 -5.5658738082e-05 6.8483633064e-14 -1.1752381682e-07 4.7507971821e-14
d  1.2809451967e-02 3.0333847639e+00 2.0000000000e-01 1.0862493462e+00 3.0000000000e+02 -3.4507766497e-05 -6.9047006140e-14 1.0862493462e-07 3.4507766499e-05 -3.4399141677e-05 6.9027006147e-14 -1.0862493880e-07 4.7427770680e-14
d  1.2857140000e-02 3.0000031500e+00 2.0000000000e-01 1.0702416172e+00 3.0000000000e+02 -3.1411434555e-05 -6.9499887314e-14 1.0702416172e-07 3.1411434552e-05 -3.1304410512e-05 6.9479887274e-14 -1.0702415650e-07 4.7510493410e-14
d  1.2914365640e-02 2.9599452133e+00 2.0000000000e-01 1.0510370808e+00 3.0000000000e+02 -2.7958556381e-05 -6.9835160084e-14 1.0510370811e-07 2.7958556339e-05 -2.7853452827e-05 6.9815159369e-14 -1.0510362929e-07 4.7547854962e-14
d  1.2983036408e-02 2.9118756893e+00 2.0000000000e-01 1.0279907537e+00 3.0000000000e+02 -2.4173503582e-05 -7.0238214102e-14 1.0279907536e-07 2.4173503604e-05 -2.4070704604e-05 7.0218214462e-14 -1.0279911855e-07 4.7588225242e-14
d  1.3065441330e-02 2.8541922605e+00 2.0000000000e-01 1.0003091652e+00 3.0000000000e+02 -2.0113082779e-05 -7.0830954898e-14 1.0003091650e-07 2.0113082812e-05 -2.0013051952e-05 7.0810955380e-14 -1.0003097787e-07 4.7659861462e-14
d  1.3164327236e-02 2.7849721460e+00 2.0000000000e-01 9.6700180161e-01 3.0000000000e+02 -1.5879755056e-05 -7.1727120795e-14 9.6700180142e-08 1.5879755080e-05 -1.5783054975e-05 7.1707121135e-14 -9.6700224734e-08 4.7783474854e-14
d  1.3282990323e-02 2.7019080085e+00 2.0000000000e-01 9.2683481854e-01 3.0000000000e+02 -1.1642632009e-05 -7.3043435869e-14 9.2683481838e-08 1.1642632027e-05 -1.1549948634e-05 7.3023436114e-14 -9.2683513477e-08 4.7970614915e-14
d  1.3425386027e-02 2.6022310435e+00 2.0000000000e-01 8.7821157763e-01 3.0000000000e+02 -7.6513550603e-06 -7.5071100041e-14 8.7821157752e-08 7.6513550703e-06 -7.5635340183e-06 7.5051100188e-14 -8.7821175255e-08 4.8267512164e-14
d  1.3571430000e-02 2.5000002917e+00 2.0000000000e-01 8.2779591571e-01 3.0000000000e+02 -4.6578839316e-06 -7.7570412477e-14 8.2779591567e-08 4.6578839340e-06 -4.5751044642e-06 7.7550412524e-14 -8.2779595923e-08 4.8600471681e-14
d  1.3746682767e-02 2.3773233895e+00 2.0000000000e-01 7.6678236845e-01 3.0000000000e+02 -2.3098040180e-06 -8.0737981787e-14 7.6678236721e-08 2.3098040691e-06 -2.2331258819e-06 8.0717982989e-14 -7.6678316782e-08 4.8906867114e-14
d  1.3956986088e-02 2.2301111068e+00 2.0000000000e-01 6.9394983719e-01 3.0000000000e+02 -8.4134253101e-07 -8.3920473598e-14 6.9394981708e-08 8.4134291921e-07 -7.7194748947e-07 8.3900489074e-14 -6.9395562552e-08 4.8903694928e-14
d  1.4036226993e-02 2.1746424886e+00 2.0000000000e-01 6.6688605636e-01 3.0000000000e+02 -5.5052519890e-07 -8.4641440594e-14 6.6688603959e-08 5.5052542710e-07 -4.8383661932e-07 8.4621468453e-14 -6.6688941130e-08 4.8728629564e-14
d  1.4083771537e-02 2.1413613177e+00 2.0000000000e-01 6.5074124833e-01 3.0000000000e+02 -4.2327750660e-07 -8.5196972767e-14 6.5074123802e-08 4.2327761882e-07 -3.5820346408e-07 8.5177003463e-14 -6.5074288621e-08 4.8705476233e-14
d  1.4140824989e-02 2.1014239125e+00 2.0000000000e-01 6.3141861705e-01 3.0000000000e+02 -3.0717711910e-07 -8.5994234420e-14 6.3141860385e-08 3.0717722792e-07 -2.4403534302e-07 8.5974271328e-14 -6.3142019607e-08 4.8730954699e-14
d  1.4175057060e-02 2.0774614695e+00 2.0000000000e-01 6.1982795410e-01 3.0000000000e+02 -2.5308777178e-07 -8.6615861427e-14 6.1982790744e-08 2.5308809692e-07 -1.9110496450e-07 8.6596057306e-14 -6.1983267803e-08 4.8789372465e-14
d  1.4216135545e-02 2.0487065378e+00 2.0000000000e-01 6.0590652291e-01 3.0000000000e+02 -2.0055853722e-07 -8.7528234396e-14 6.0590649432e-08 2.0055869933e-07 -1.3996794405e-07 8.7508350724e-14 -6.0590891662e-08 4.8873259456e-14
d  1.4240782637e-02 2.0314535788e+00 2.0000000000e-01 5.9754580583e-01 3.0000000000e+02 -1.7445996563e-07 -8.8283793627e-14 5.9754578690e-08 1.7446006041e-07 -1.1470547494e-07 8.8263911648e-14 -5.9754722665e-08 4.8936264788e-14
d  1.4270359146e-02 2.0107500279e+00 2.0000000000e-01 5.8750176405e-01 3.0000000000e+02 -1.4765541762e-07 -8.9403819257e-14 5.8750173424e-08 1.4765554633e-07 -8.8905311700e-08 8.9384002730e-14 -5.8750373047e-08 4.9031940423e-14
d  1.4285710000e-02 2.0000044333e+00 2.0000000000e-01 5.8228557818e-01 3.0000000000e+02 -1.3543756503e-07 -9.0217720661e-14 5.8228557253e-08 1.3543758746e-07 -7.7209133726e-08 9.0197781414e-14 -5.8228593024e-08 4.9089158444e-14
d  1.4304131025e-02 1.9871097198e+00 2.0000000000e-01 5.7603367194e-01 3.0000000000e+02 -1.2209333444e-07 -9.1377039429e-14 5.7603366520e-08 1.2209335882e-07 -6.4490093073e-08 9.1357113162e-14 -5.7603406243e-08 4.9136579139e-14
d  1.4326236254e-02 1.9716360636e+00 2.0000000000e-01 5.6847033366e-01 3.0000000000e+02 -1.0803621110e-07 -9.2922065873e-14 5.6847031385e-08 1.0803627572e-07 -5.1189289732e-08 9.2902236920e-14 -5.6847128324e-08 4.9432643669e-14
d  1.4339499392e-02 1.9623518698e+00 2.0000000000e-01 5.6379685839e-01 3.0000000000e+02 -1.0083651885e-07 -9.3513480775e-14 5.6379683075e-08 1.0083660367e-07 -4.4456947423e-08 9.3493801718e-14 -5.6379799753e-08 5.0012204373e-14
d  1.4355415157e-02 1.9512108373e+00 2.0000000000e-01 5.5801907479e-01 3.0000000000e+02 -9.3354939082e-08 -9.4090465088e-14 5.5801906655e-08 9.3354962567e-08 -3.7553170193e-08 9.4070547733e-14 -5.5801937040e-08 5.0595987162e-14
d  1.4374514075e-02 1.9378415984e+00 2.0000000000e-01 5.5092512321e-01 3.0000000000e+02 -8.5601824955e-08 -9.5231449764e-14 5.5092509466e-08 8.5601900671e-08 -3.0509441722e-08 9.5211689370e-14 -5.5092605144e-08 5.0983274007e-14
d  1.4385973426e-02 1.9298200550e+00 2.0000000000e-01 5.4666464620e-01 3.0000000000e+02 -8.1308239845e-08 -9.6955145208e-14 5.4666463879e-08 8.1308258485e-08 -2.6641917754e-08 9.6935247391e-14 -5.4666488586e-08 5.0921341265e-14
d  1.4399724647e-02 1.9201942029e+00 2.0000000000e-01 5.4166492961e-01 3.0000000000e+02 -7.6190435639e-08 -1.0094946178e-13 5.4166494720e-08 7.6190393322e-08 -2.2024109158e-08 1.0092918801e-13 -5.4166435725e-08 5.0631955348e-14
d  1.4416226113e-02 1.9086431804e+00 2.0000000000e-01 5.3564863152e-01 3.0000000000e+02 -7.0547349396e-08 -1.0456490960e-13 5.3564859740e-08 7.0547425550e-08 -1.6982622646e-08 1.0454531462e-13 -5.3564958581e-08 5.1131018473e-14
d  1.4421176552e-02 1.9051778737e+00 2.0000000000e-01 5.3379222007e-01 3.0000000000e+02 -6.9061943669e-08 -1.0420277065e-13 5.3379220212e-08 6.9061982851e-08 -1.5682868679e-08 1.0418331645e-13 -5.3379269988e-08 5.1636445388e-14
d  1.4427117080e-02 1.9010195056e+00 2.0000000000e-01 5.3154447139e-01 3.0000000000e+02 -6.7371037726e-08 -1.0541196594e-13 5.3154446109e-08 6.7371059623e-08 -1.4216743045e-08 1.0539229572e-13 -5.3154473807e-08 5.1838348293e-14
d  1.4430681396e-02 1.8985244847e+00 2.0000000000e-01 5.3019323663e-01 3.0000000000e+02 -6.6385254400e-08 -1.0683892137e-13 5.3019322822e-08 6.6385271991e-08 -1.3366085685e-08 1.0681932295e-13 -5.3019345020e-08 5.1896017349e-14
d  1.4434958576e-02 1.8955304597e+00 2.0000000000e-01 5.2857715860e-01 3.0000000000e+02 -6.5212770608e-08 -1.0910203614e-13 5.2857713410e-08 6.5212821419e-08 -1.2355205075e-08 1.0908318188e-13 -5.2857777375e-08 5.1949316876e-14
d  1.4440091192e-02 1.8919376297e+00 2.0000000000e-01 5.2665874570e-01 3.0000000000e+02 -6.3793245415e-08 -1.1317867771e-13 5.2665872827e-08 6.3793280817e-08 -1.1127527622e-08 1.1315942410e-13 -5.2665918325e-08 5.1975205015e-14
d  1.4446250331e-02 1.8876262336e+00 2.0000000000e-01 5.2442436983e-01 3.0000000000e+02 -6.1996559792e-08 -1.2223240766e-13 5.2442438341e-08 6.1996532558e-08 -9.5543043009e-09 1.2221182226e-13 -5.2442402398e-08 5.1931742057e-14
d  1.4449945814e-02 1.8850393960e+00 2.0000000000e-01 5.2314800919e-01 3.0000000000e+02 -6.0815118759e-08 -1.3364384853e-13 5.2314799872e-08 6.0815139064e-08 -8.5004972702e-09 1.3362456895e-13 -5.2314827330e-08 5.1908225095e-14
d  1.4452163104e-02 1.8834872934e+00 2.0000000000e-01 5.2241500563e-01 3.0000000000e+02 -6.0051894114e-08 -1.4418199883e-13 5.2241502704e-08 6.0051852584e-08 -7.8105993064e-09 1.4415971116e-13 -5.2241449433e-08 5.2001625909e-14
d  1.4453493478e-02 1.8825560319e+00 2.0000000000e-01 5.2198844757e-01 3.0000000000e+02 -5.9572293500e-08 -1.5172237531e-13 5.2198846052e-08 5.9572268577e-08 -7.3736567565e-09 1.5170037612e-13 -5.2198815688e-08 5.2147272087e-14
d  1.4455089927e-02 1.8814385180e+00 2.0000000000e-01 5.2148979477e-01 3.0000000000e+02 -5.8975758478e-08 -1.6141143562e-13 5.2148980134e-08 5.8975745840e-08 -6.8269946485e-09 1.6139047676e-13 -5.2148964982e-08 5.2392577962e-14
d  1.4457005666e-02 1.8800975014e+00 2.0000000000e-01 5.2090600603e-01 3.0000000000e+02 -5.8239204870e-08 -1.7356587954e-13 5.2090601514e-08 5.8239187601e-08 -6.1488332064e-09 1.7354474178e-13 -5.2090580821e-08 5.2878879585e-14
d  1.4458155109e-02 1.8792928914e+00 2.0000000000e-01 5.2056027773e-01 3.0000000000e+02 -5.7792774649e-08 -1.8121616665e-13 5.2056028049e-08 5.7792769329e-08 -5.7369817644e-09 1.8119572335e-13 -5.2056022099e-08 5.3328628006e-14
d  1.4459534440e-02 1.8783273595e+00 2.0000000000e-01 5.2014740856e-01 3.0000000000e+02 -5.7257628388e-08 -1.9090403117e-13 5.2014742136e-08 5.7257604623e-08 -5.2431345758e-09 1.9088212736e-13 -5.2014714864e-08 5.3934121125e-14
d  1.4460362040e-02 1.8777480403e+00 2.0000000000e-01 5.1989990745e-01 3.0000000000e+02 -5.6938446181e-08 -1.9725539617e-13 5.1989991188e-08 5.6938437915e-08 -4.9487074448e-09 1.9723453131e-13 -5.1989982103e-08 5.4373831497e-14
d  1.4461355158e-02 1.8770528573e+00 2.0000000000e-01 5.1960266554e-01 3.0000000000e+02 -5.6558200411e-08 -2.0557121766e-13 5.1960267015e-08 5.6558191872e-08 -4.5981947049e-09 2.0555037859e-13 -5.1960257664e-08 5.4943406427e-14
d  1.4461951030e-02 1.8766357475e+00 2.0000000000e-01 5.1942394105e-01 3.0000000000e+02 -5.6331963596e-08 -2.1096789138e-13 5.1942394413e-08 5.6331957868e-08 -4.3898358413e-09 2.1094713236e-13 -5.1942388321e-08 5.5333298583e-14
d  1.4462666075e-02 1.8761352157e+00 2.0000000000e-01 5.1920890977e-01 3.0000000000e+02 -5.6062713432e-08 -2.1780172844e-13 5.1920891293e-08 5.6062707578e-08 -4.1420961213e-09 2.1778099926e-13 -5.1920885075e-08 5.5828023579e-14
d  1.4463524130e-02 1.8755345776e+00 2.0000000000e-01 5.1894965733e-01 3.0000000000e+02 -5.5743558453e-08 -2.2641732691e-13 5.1894965819e-08 5.5743556727e-08 -3.8488754398e-09 2.2639715859e-13 -5.1894964169e-08 5.6475752391e-14
d  1.4464553796e-02 1.8748138118e+00 2.0000000000e-01 5.1863575708e-01 3.0000000000e+02 -5.5368140003e-08 -2.3709191271e-13 5.1863575985e-08 5.5368134871e-08 -3.5048586927e-09 2.3707145464e-13 -5.1863570582e-08 5.7332596188e-14
d  1.4465171595e-02 1.8743813523e+00 2.0000000000e-01 5.1844530947e-01 3.0000000000e+02 -5.5147995004e-08 -2.4352099551e-13 5.1844531085e-08 5.5147992383e-08 -3.3037653165e-09 2.4350068470e-13 -5.1844528479e-08 5.7899875697e-14
d  1.4465912954e-02 1.8738624010e+00 2.0000000000e-01 5.1821404980e-01 3.0000000000e+02 -5.4890007799e-08 -2.5108208306e-13 5.1821405393e-08 5.4890000349e-08 -3.0689124764e-09 2.5106121624e-13 -5.1821397533e-08 5.8593783278e-14
d  1.4466802586e-02 1.8732396594e+00 2.0000000000e-01 5.1793177399e-01 3.0000000000e+02 -5.4590790726e-08 -2.5985469690e-13 5.1793177647e-08 5.4590786191e-08 -2.7979325303e-09 2.5983426008e-13 -5.1793172970e-08 5.9452136369e-14
d  1.4467336364e-02 1.8728660144e+00 2.0000000000e-01 5.1775959130e-01 3.0000000000e+02 -5.4417225044e-08 -2.6506317562e-13 5.1775959154e-08 5.4417224442e-08 -2.6415907309e-09 2.6504311682e-13 -5.1775958757e-08 5.9989000623e-14
d  1.4467976899e-02 1.8724176405e+00 2.0000000000e-01 5.1754996346e-01 3.0000000000e+02 -5.4215203371e-08 -2.7135841132e-13 5.1754996597e-08 5.4215198844e-08 -2.4605388571e-09 2.7133783438e-13 -5.1754991962e-08 6.0639463697e-14
d  1.4468745540e-02 1.8718795917e+00 2.0000000000e-01 5.1729399415e-01 3.0000000000e+02 -5.3981862636e-08 -2.7930611822e-13 5.1729399615e-08 5.3981858983e-08 -2.2528038183e-09 2.7928573041e-13 -5.1729395928e-08 6.1447526217e-14
d  1.4469206725e-02 1.8715567625e+00 2.0000000000e-01 5.1713811308e-01 3.0000000000e+02 -5.3846552555e-08 -2.8458466484e-13 5.1713811317e-08 5.3846552211e-08 -2.1330875621e-09 2.8456463963e-13 -5.1713811201e-08 6.1963994155e-14
d  1.4469760146e-02 1.8711693674e+00 2.0000000000e-01 5.1694889574e-01 3.0000000000e+02 -5.3688582287e-08 -2.9164774559e-13 5.1694889716e-08 5.3688579659e-08 -1.9940467575e-09 2.9162737599e-13 -5.1694887144e-08 6.2618759387e-14
d  1.4470424252e-02 1.8707044932e+00 2.0000000000e-01 5.1671894670e-01 3.0000000000e+02 -5.3504908547e-08 -3.0135261115e-13 5.1671894704e-08 5.3504907775e-08 -1.8333784960e-09 3.0133253659e-13 -5.1671894128e-08 6.3470852676e-14
d  1.4471221180e-02 1.8701466443e+00 2.0000000000e-01 5.1643911150e-01 3.0000000000e+02 -5.3292429679e-08 -3.1503506791e-13 5.1643911255e-08 5.3292427684e-08 -1.6488979419e-09 3.1501487352e-13 -5.1643909366e-08 6.4615711531e-14
d  1.4471699336e-02 1.8698119349e+00 2.0000000000e-01 5.1626910390e-01 3.0000000000e+02 -5.3169173756e-08 -3.2387578753e-13 5.1626910386e-08 5.3169173632e-08 -1.5426523678e-09 3.2385579729e-13 -5.1626910505e-08 6.5359195010e-14
d  1.4472273124e-02 1.8694102837e+00 2.0000000000e-01 5.1606285056e-01 3.0000000000e+02 -5.3025709083e-08 -3.3443204240e-13 5.1606285038e-08 5.3025709201e-08 -1.4198244536e-09 3.3441208673e-13 -5.1606285416e-08 6.6262605655e-14
d  1.4472617396e-02 1.8691692929e+00 2.0000000000e-01 5.1593779854e-01 3.0000000000e+02 -5.2942164319e-08 -3.4029267879e-13 5.1593779835e-08 5.2942164456e-08 -1.3487913062e-09 3.4027274811e-13 -5.1593780233e-08 6.6792902552e-14
d  1.4473030523e-02 1.8688801041e+00 2.0000000000e-01 5.1578628414e-01 3.0000000000e+02 -5.2844703434e-08 -3.4656435970e-13 5.1578628429e-08 5.2844702997e-08 -1.2664887198e-09 3.4654430972e-13 -5.1578628213e-08 6.7394044863e-14
d  1.4473526276e-02 1.8685330774e+00 2.0000000000e-01 5.1560212671e-01 3.0000000000e+02 -5.2732199374e-08 -3.5260442396e-13 5.1560212659e-08 5.2732199392e-08 -1.1724070854e-09 3.5258445794e-13 -5.1560212930e-08 6.8042022992e-14
d  1.4474121179e-02 1.8681166454e+00 2.0000000000e-01 5.1537743316e-01 3.0000000000e+02 -5.2604168757e-08 -3.5761852112e-13 5.1537743234e-08 5.2604169957e-08 -1.0668514916e-09 3.5759871178e-13 -5.1537744765e-08 6.8697950327e-14
d  1.4474478121e-02 1.8678667862e+00 2.0000000000e-01 5.1524061881e-01 3.0000000000e+02 -5.2531093152e-08 -3.5953420772e-13 5.1524061931e-08 5.2531092126e-08 -1.0074596390e-09 3.5951403672e-13 -5.1524061087e-08 6.9022362494e-14
d  1.4474906451e-02 1.8675669551e+00 2.0000000000e-01 5.1507442079e-01 3.0000000000e+02 -5.2447166768e-08 -3.6119913030e-13 5.1507442006e-08 5.2447167801e-08 -9.4015495947e-10 3.6117936242e-13 -5.1507443358e-08 6.9371742394e-14
d  1.4475420447e-02 1.8672071579e+00 2.0000000000e-01 5.1487210910e-01 3.0000000000e+02 -5.2351794662e-08 -3.6223403273e-13 5.1487210999e-08 5.2351792983e-08 -8.6501547371e-10 3.6221379721e-13 -5.1487209461e-08 6.9719034746e-14
d  1.4475728845e-02 1.8669912795e+00 2.0000000000e-01 5.1474927594e-01 3.0000000000e+02 -5.2297254255e-08 -3.6265435478e-13 5.1474927560e-08 5.2297254629e-08 -8.2275891639e-10 3.6263448731e-13 -5.1474928209e-08 6.9904677742e-14
d  1.4476098922e-02 1.8667322255e+00 2.0000000000e-01 5.1460050187e-01 3.0000000000e+02 -5.2234349414e-08 -3.6287113607e-13 5.1460050177e-08 5.2234349394e-08 -7.7473196050e-10 3.6285117270e-13 -5.1460050405e-08 7.0103062952e-14
d  1.4476543015e-02 1.8664213607e+00 2.0000000000e-01 5.1442008832e-01 3.0000000000e+02 -5.2162348284e-08 -3.6306560495e-13 5.1442008821e-08 5.2162348279e-08 -7.2077258600e-10 3.6304563816e-13 -5.1442009066e-08 7.0326983366e-14
d  1.4477075926e-02 1.8660483229e+00 2.0000000000e-01 5.1420105382e-01 3.0000000000e+02 -5.2080636930e-08 -3.6317422140e-13 5.1420105320e-08 5.2080637777e-08 -6.6096503131e-10 3.6315437843e-13 -5.1420106472e-08 7.0570466845e-14
d  1.4477395673e-02 1.8658245002e+00 2.0000000000e-01 5.1406839314e-01 3.0000000000e+02 -5.2033901650e-08 -3.6320365109e-13 5.1406839223e-08 5.2033902950e-08 -6.2749599039e-10 3.6318398995e-13 -5.1406840858e-08 7.0701620375e-14
d  1.4477779369e-02 1.8655559130e+00 2.0000000000e-01 5.1390805128e-01 3.0000000000e+02 -5.1979939209e-08 -3.6326879626e-13 5.1390805052e-08 5.1979940285e-08 -5.8956795946e-10 3.6324906526e-13 -5.1390806448e-08 7.0856343301e-14
d  1.4478239805e-02 1.8652336083e+00 2.0000000000e-01 5.1371409113e-01 3.0000000000e+02 -5.1918044481e-08 -3.6340254293e-13 5.1371408851e-08 5.1918048614e-08 -5.4706954136e-10 3.6338330558e-13 -5.1371413500e-08 7.1035982253e-14
d  1.4478792327e-02 1.8648468428e+00 2.0000000000e-01 5.1347927650e-01 3.0000000000e+02 -5.1847578518e-08 -3.6359400741e-13 5.1347927610e-08 5.1847578993e-08 -5.0008548323e-10 3.6357410442e-13 -5.1347928365e-08 7.1237677540e-14
d  1.4479123840e-02 1.8646147834e+00 2.0000000000e-01 5.1333738579e-01 3.0000000000e+02 -5.1807150047e-08 -3.6376981370e-13 5.1333738546e-08 5.1807150404e-08 -4.7384635036e-10 3.6374993317e-13 -5.1333739175e-08 7.1353393958e-14
d  1.4479521657e-02 1.8643363122e+00 2.0000000000e-01 5.1316619123e-01 3.0000000000e+02 -5.1760344761e-08 -3.6396432775e-13 5.1316619139e-08 5.1760344318e-08 -4.4416082803e-10 3.6394427508e-13 -5.1316618918e-08 7.1487127273e-14
d  1.4479999036e-02 1.8640021467e+00 2.0000000000e-01 5.1295950501e-01 3.0000000000e+02 -5.1706492369e-08 -3.6405402889e-13 5.1295950487e-08 5.1706492405e-08 -4.1097729195e-10 3.6403406680e-13 -5.1295950775e-08 7.1631125860e-14
d  1.4480571891e-02 1.8636011482e+00 2.0000000000e-01 5.1270979612e-01 3.0000000000e+02 -5.1644984012e-08 -3.6375820704e-13 5.1270979401e-08 5.1644987320e-08 -3.7443966079e-10 3.6373870135e-13 -5.1270983166e-08 7.1767113665e-14
d  1.4481259317e-02 1.8631199499e+00 2.0000000000e-01 5.1240788953e-01 3.0000000000e+02 -5.1575343909e-08 -3.6235989455e-13 5.1240788944e-08 5.1575343862e-08 -3.3498894742e-10 3.6233991087e-13 -5.1240789143e-08 7.1847636909e-14
d  1.4482084229e-02 1.8625425120e+00 2.0000000000e-01 5.1204261125e-01 3.0000000000e+02 -5.1497305081e-08 -3.5880370964e-13 5.1204261121e-08 5.1497304969e-08 -2.9347429592e-10 3.5878371687e-13 -5.1204261251e-08 7.1803093914e-14
d  1.4483074123e-02 1.8618495865e+00 2.0000000000e-01 5.1160041981e-01 3.0000000000e+02 -5.1410805006e-08 -3.5171120284e-13 5.1160041971e-08 5.1410804979e-08 -2.5118601299e-10 3.5169121574e-13 -5.1160042192e-08 7.1533977531e-14
d  1.4483668059e-02 1.8614338312e+00 2.0000000000e-01 5.1133334201e-01 3.0000000000e+02 -5.1362187363e-08 -3.4642689518e-13 5.1133334185e-08 5.1362187430e-08 -2.2927061525e-10 3.4640692564e-13 -5.1133334506e-08 7.1280944255e-14
d  1.4484380783e-02 1.8609349248e+00 2.0000000000e-01 5.1101132292e-01 3.0000000000e+02 -5.1306696163e-08 -3.3965091328e-13 5.1101132100e-08 5.1306699142e-08 -2.0597420208e-10 3.3963126851e-13 -5.1101135513e-08 7.0940282591e-14
d  1.4485236051e-02 1.8603362372e+00 2.0000000000e-01 5.1062300180e-01 3.0000000000e+02 -5.1243679511e-08 -3.3136028640e-13 5.1062300175e-08 5.1243679417e-08 -1.8178097214e-10 3.3134029497e-13 -5.1062300323e-08 7.0502021742e-14
d  1.4486262373e-02 1.8596178120e+00 2.0000000000e-01 5.1015475127e-01 3.0000000000e+02 -5.1172369927e-08 -3.2175466295e-13 5.1015475122e-08 5.1172369809e-08 -1.5728626495e-10 3.2173466824e-13 -5.1015475246e-08 6.9974869975e-14
d  1.4487493959e-02 1.8587557018e+00 2.0000000000e-01 5.0959025626e-01 3.0000000000e+02 -5.1091817066e-08 -3.1066186055e-13 5.0959025619e-08 5.1091816999e-08 -1.3317118768e-10 3.1064186821e-13 -5.0959025796e-08 6.9341966454e-14
d  1.4488971863e-02 1.8577211696e+00 2.0000000000e-01 5.0891000943e-01 3.0000000000e+02 -5.1000809783e-08 -2.9769875434e-13 5.0891000962e-08 5.1000809289e-08 -1.1017485801e-10 2.9767873779e-13 -5.0891000685e-08 6.8573572406e-14
d  1.4490745347e-02 1.8564797309e+00 2.0000000000e-01 5.0809072069e-01 3.0000000000e+02 -5.0897765724e-08 -2.8209656459e-13 5.0809072068e-08 5.0897765550e-08 -8.9043121910e-11 2.8207656509e-13 -5.0809072131e-08 6.7612701712e-14
d  1.4492873529e-02 1.8549900045e+00 2.0000000000e-01 5.0710464751e-01 3.0000000000e+02 -5.0780541600e-08 -2.6365063159e-13 5.0710464750e-08 5.0780541435e-08 -7.0406683355e-11 2.6363063237e-13 -5.0710464823e-08 6.6439339785e-14
d  1.4495427346e-02 1.8532023327e+00 2.0000000000e-01 5.0591880455e-01 3.0000000000e+02 -5.0646199062e-08 -2.4328754025e-13 5.0591880452e-08 5.0646198923e-08 -5.4626749151e-11 2.4326754165e-13 -5.0591880551e-08 6.5111343438e-14
d  1.4498491927e-02 1.8510571267e+00 2.0000000000e-01 5.0449395609e-01 3.0000000000e+02 -5.0490851618e-08 -2.2246796394e-13 5.0449395607e-08 5.0490851464e-08 -4.1741948308e-11 2.2244796473e-13 -5.0449395690e-08 6.3726401825e-14
d  1.4502169424e-02 1.8484828794e+00 2.0000000000e-01 5.0278334896e-01 3.0000000000e+02 -5.0309599483e-08 -2.0249374472e-13 5.0278334894e-08 5.0309599318e-08 -3.1529201566e-11 2.0247374514e-13 -5.0278334966e-08 6.2374897571e-14
d  1.4506582421e-02 1.8453937827e+00 2.0000000000e-01 5.0073122107e-01 3.0000000000e+02 -5.0096498947e-08 -1.8407404618e-13 5.0073122106e-08 5.0096498786e-08 -2.3621766916e-11 1.8405404660e-13 -5.0073122182e-08 6.1107858796e-14
d  1.4509230219e-02 1.8435403247e+00 2.0000000000e-01 4.9950072322e-01 3.0000000000e+02 -4.9970130799e-08 -1.7503082534e-13 4.9950072321e-08 4.9970130624e-08 -2.0293726599e-11 1.7501082560e-13 -4.9950072382e-08 6.0472476037e-14
d  1.4512407576e-02 1.8413161751e+00 2.0000000000e-01 4.9802516546e-01 3.0000000000e+02 -4.9819495254e-08 -1.6581830211e-13 4.9802516545e-08 4.9819495077e-08 -1.7204096365e-11 1.6579830228e-13 -4.9802516602e-08 5.9823647413e-14
d  1.4516220405e-02 1.8386471955e+00 2.0000000000e-01 4.9625621212e-01 3.0000000000e+02 -4.9639803361e-08 -1.5666368874e-13 4.9625621211e-08 4.9639803183e-08 -1.4397732032e-11 1.5664368886e-13 -4.9625621267e-08 5.9172534731e-14
d  1.4520795800e-02 1.8354444201e+00 2.0000000000e-01 4.9413617537e-01 3.0000000000e+02 -4.9425315668e-08 -1.4777895205e-13 4.9413617537e-08 4.9425315489e-08 -1.1904189272e-11 1.4775895213e-13 -4.9413617591e-08 5.8531694430e-14
d  1.4526286274e-02 1.8316010895e+00 2.0000000000e-01 4.9159626683e-01 3.0000000000e+02 -4.9169164050e-08 -1.3934781701e-13 4.9159626684e-08 4.9169163859e-08 -9.7343746903e-12 1.3932781690e-13 -4.9159626725e-08 5.7913043381e-14
d  1.4532874842e-02 1.8269890928e+00 2.0000000000e-01 4.8855454572e-01 3.0000000000e+02 -4.8863147303e-08 -1.3153115779e-13 4.8855454557e-08 4.8863147366e-08 -7.8813369279e-12 1.3151116072e-13 -4.8855454867e-08 5.7327028883e-14
d  1.4540781124e-02 1.8214546968e+00 2.0000000000e-01 4.8491364405e-01 3.0000000000e+02 -4.8497508206e-08 -1.2440582331e-13 4.8491364403e-08 4.8497508049e-08 -6.3247348263e-12 1.2438582356e-13 -4.8491364479e-08 5.6777239082e-14
d  1.4545524894e-02 1.8181340592e+00 2.0000000000e-01 4.8273396806e-01 3.0000000000e+02 -4.8278843713e-08 -1.2095984769e-13 4.8273396799e-08 4.8278843646e-08 -5.6241198581e-12 1.2093984941e-13 -4.8273396970e-08 5.6503096219e-14
d  1.4551217417e-02 1.8141492941e+00 2.0000000000e-01 4.8012321505e-01 3.0000000000e+02 -4.8017089871e-08 -1.1741982861e-13 4.8012321493e-08 4.8017089870e-08 -4.9417541871e-12 1.1739983115e-13 -4.8012321733e-08 5.6216287048e-14
d  1.4558048445e-02 1.8093675759e+00 2.0000000000e-01 4.7699734293e-01 3.0000000000e+02 -4.7703854258e-08 -1.1384292997e-13 4.7699734291e-08 4.7703854112e-08 -4.2894787484e-12 1.1382293037e-13 -4.7699734375e-08 5.5918725221e-14
d  1.4566245678e-02 1.8036295142e+00 2.0000000000e-01 4.7325647058e-01 3.0000000000e+02 -4.7329159513e-08 -1.1030170754e-13 4.7325647052e-08 4.7329159421e-08 -3.6781235807e-12 1.1028170841e-13 -4.7325647193e-08 5.5613607802e-14
d  1.4571164018e-02 1.8001866771e+00 2.0000000000e-01 4.7101729226e-01 3.0000000000e+02 -4.7104944242e-08 -1.0849239145e-13 4.7101729222e-08 4.7104944130e-08 -3.3787154481e-12 1.0847239246e-13 -4.7101729342e-08 5.5452057143e-14
d  1.4577066026e-02 1.7960552726e+00 2.0000000000e-01 4.6833559547e-01 3.0000000000e+02 -4.6836468028e-08 -1.0657620807e-13 4.6833559542e-08 4.6836467914e-08 -3.0700866865e-12 1.0655620898e-13 -4.6833559659e-08 5.5276210243e-14
d  1.4584148436e-02 1.7910975872e+00 2.0000000000e-01 4.6512523447e-01 3.0000000000e+02 -4.6515121382e-08 -1.0456356802e-13 4.6512523441e-08 4.6515121299e-08 -2.7573384449e-12 1.0454356913e-13 -4.6512523590e-08 5.5085295280e-14
d  1.4592647328e-02 1.7851483648e+00 2.0000000000e-01 4.6128388153e-01 3.0000000000e+02 -4.6130677276e-08 -1.0248232470e-13 4.6128388153e-08 4.6130677108e-08 -2.4462412163e-12 1.0246232480e-13 -4.6128388210e-08 5.4879471909e-14
d  1.4597746663e-02 1.7815788313e+00 2.0000000000e-01 4.5898488790e-01 3.0000000000e+02 -4.5900619460e-08 -1.0137770913e-13 4.5898488785e-08 4.5900619353e-08 -2.2865697615e-12 1.0135771017e-13 -4.5898488907e-08 5.4765822867e-14
d  1.4603865865e-02 1.7772953911e+00 2.0000000000e-01 4.5623184467e-01 3.0000000000e+02 -4.5625146448e-08 -1.0016825489e-13 4.5623184458e-08 4.5625146408e-08 -2.1165440648e-12 1.0014825677e-13 -4.5623184650e-08 5.4637954894e-14
d  1.4611208907e-02 1.7721552629e+00 2.0000000000e-01 4.5293651180e-01 3.0000000000e+02 -4.5295436382e-08 -9.8853212646e-14 4.5293651179e-08 4.5295436221e-08 -1.9383091822e-12 9.8833212827e-14 -4.5293651241e-08 5.4493759517e-14
d  1.4620020558e-02 1.7659871091e+00 2.0000000000e-01 4.4899411041e-01 3.0000000000e+02 -4.4901014181e-08 -9.7447221587e-14 4.4899411037e-08 4.4901014060e-08 -1.7546778205e-12 9.7427222127e-14 -4.4899411142e-08 5.4332855107e-14
d  1.4625307548e-02 1.7622862168e+00 2.0000000000e-01 4.4663496406e-01 3.0000000000e+02 -4.4665003480e-08 -9.6674914946e-14 4.4663496400e-08 4.4665003385e-08 -1.6577513286e-12 9.6654916112e-14 -4.4663496532e-08 5.4241161406e-14
d  1.4631651937e-02 1.7578451460e+00 2.0000000000e-01 4.4381023788e-01 3.0000000000e+02 -4.4382426533e-08 -9.5815541296e-14 4.4381023778e-08 4.4382426506e-08 -1.5524556366e-12 9.5795543302e-14 -4.4381023981e-08 5.4135860255e-14
d  1.4639265203e-02 1.7525158611e+00 2.0000000000e-01 4.4042957527e-01 3.0000000000e+02 -4.4044248580e-08 -9.4857706843e-14 4.4042957527e-08 4.4044248408e-08 -1.4396886415e-12 9.4837706877e-14 -4.4042957574e-08 5.4014684761e-14
d  1.4648401123e-02 1.7461207192e+00 2.0000000000e-01 4.3638577156e-01 3.0000000000e+02 -4.3639750515e-08 -9.3814177311e-14 4.3638577156e-08 4.3639750346e-08 -1.3208105760e-12 9.3794177370e-14 -4.3638577206e-08 5.3876688039e-14
d  1.4653882675e-02 1.7422836341e+00 2.0000000000e-01 4.3396630145e-01 3.0000000000e+02 -4.3397740228e-08 -9.3231956820e-14 4.3396630140e-08 4.3397740120e-08 -1.2568746029e-12 9.3211957757e-14 -4.3396630254e-08 5.3796885941e-14
d  1.4660460537e-02 1.7376791319e+00 2.0000000000e-01 4.3106969156e-01 3.0000000000e+02 -4.3108009559e-08 -9.2574101130e-14 4.3106969148e-08 4.3108009506e-08 -1.1864446497e-12 9.2554102739e-14 -4.3106969320e-08 5.3704016565e-14
d  1.4668353971e-02 1.7321537293e+00 2.0000000000e-01 4.2760349955e-01 3.0000000000e+02 -4.2761314605e-08 -9.1836548224e-14 4.2760349955e-08 4.2761314433e-08 -1.1098478967e-12 9.1816548240e-14 -4.2760349999e-08 5.3596200365e-14
d  1.4677826093e-02 1.7255232462e+00 2.0000000000e-01 4.2345811903e-01 3.0000000000e+02 -4.2346695373e-08 -9.1019189772e-14 4.2345811904e-08 4.2346695192e-08 -1.0277256943e-12 9.0999189691e-14 -4.2345811937e-08 5.3471521981e-14
d  1.4683509366e-02 1.7215449563e+00 2.0000000000e-01 4.2097824615e-01 3.0000000000e+02 -4.2098663832e-08 -9.0554085041e-14 4.2097824609e-08 4.2098663739e-08 -9.8294028688e-13 9.0534086144e-14 -4.2097824735e-08 5.3398526851e-14
d  1.4690329293e-02 1.7167710085e+00 2.0000000000e-01 4.1800969602e-01 3.0000000000e+02 -4.1801759587e-08 -9.0030150865e-14 4.1800969596e-08 4.1801759501e-08 -9.3309417395e-13 9.0010151999e-14 -4.1800969730e-08 5.3313257704e-14
d  1.4698513206e-02 1.7110422710e+00 2.0000000000e-01 4.1445797761e-01 3.0000000000e+02 -4.1446533615e-08 -8.9428907573e-14 4.1445797760e-08 4.1446533450e-08 -8.7826444332e-13 8.9408907641e-14 -4.1445797808e-08 5.3212681572e-14
d  1.4708333901e-02 1.7041677861e+00 2.0000000000e-01 4.1021113613e-01 3.0000000000e+02 -4.1021790744e-08 -8.8752457407e-14 4.1021113613e-08 4.1021790570e-08 -8.1874677680e-13 8.8732457377e-14 -4.1021113651e-08 5.3095039270e-14
d  1.4714226319e-02 1.7000430952e+00 2.0000000000e-01 4.0767100369e-01 3.0000000000e+02 -4.0767745163e-08 -8.8364678644e-14 4.0767100364e-08 4.0767745052e-08 -7.8595566853e-13 8.8344679467e-14 -4.0767100469e-08 5.3025745830e-14
d  1.4721297219e-02 1.6950934661e+00 2.0000000000e-01 4.0463075047e-01 3.0000000000e+02 -4.0463683589e-08 -8.7921386993e-14 4.0463075040e-08 4.0463683515e-08 -7.4917680674e-13 8.7901388253e-14 -4.0463075184e-08 5.2944088374e-14
d  1.4729782300e-02 1.6891539111e+00 2.0000000000e-01 4.0099384947e-01 3.0000000000e+02 -4.0099953292e-08 -8.7409380076e-14 4.0099384946e-08 4.0099953128e-08 -7.0837437125e-13 8.7389380130e-14 -4.0099384992e-08 5.2847424250e-14
d  1.4739964398e-02 1.6820264452e+00 2.0000000000e-01 3.9664597353e-01 3.0000000000e+02 -3.9665121680e-08 -8.6828777814e-14 3.9664597353e-08 3.9665121507e-08 -6.6366185692e-13 8.6808777771e-14 -3.9664597388e-08 5.2733988012e-14
d  1.4746073656e-02 1.6777499656e+00 2.0000000000e-01 3.9404585918e-01 3.0000000000e+02 -3.9405085819e-08 -8.6490721790e-14 3.9404585914e-08 3.9405085705e-08 -6.3883417874e-13 8.6470722524e-14 -3.9404586011e-08 5.2666434328e-14
d  1.4753404766e-02 1.6726181901e+00 2.0000000000e-01 3.9093427076e-01 3.0000000000e+02 -3.9093899432e-08 -8.6104639716e-14 3.9093427069e-08 3.9093899362e-08 -6.1082069872e-13 8.6084640976e-14 -3.9093427213e-08 5.2586695713e-14
d  1.4762202098e-02 1.6664600595e+00 2.0000000000e-01 3.8721267423e-01 3.0000000000e+02 -3.8721709040e-08 -8.5652747745e-14 3.8721267423e-08 3.8721708877e-08 -5.7953763201e-13 8.5632747783e-14 -3.8721267465e-08 5.2491891802e-14
d  1.4772758896e-02 1.6590703029e+00 2.0000000000e-01 3.8276453845e-01 3.0000000000e+02 -3.8276861558e-08 -8.5135447088e-14 3.8276453841e-08 3.8276861447e-08 -5.4500321787e-13 8.5115447588e-14 -3.8276453939e-08 5.2379590386e-14
d  1.4779092975e-02 1.6546364488e+00 2.0000000000e-01 3.8010496008e-01 3.0000000000e+02 -3.8010884793e-08 -8.4834206982e-14 3.8010496003e-08 3.8010884694e-08 -5.2570978924e-13 8.4814207892e-14 -3.8010496113e-08 5.2312969178e-14
d  1.4786693870e-02 1.6493158240e+00 2.0000000000e-01 3.7692270459e-01 3.0000000000e+02 -3.7692637803e-08 -8.4484099136e-14 3.7692270453e-08 3.7692637721e-08 -5.0383943954e-13 8.4464100203e-14 -3.7692270579e-08 5.2233577933e-14
d  1.4795814943e-02 1.6429310742e+00 2.0000000000e-01 3.7311731790e-01 3.0000000000e+02 -3.7312075084e-08 -8.4074932910e-14 3.7311731789e-08 3.7312074922e-08 -4.7928783613e-13 8.4054932936e-14 -3.7311731829e-08 5.2139059358e-14
d  1.4806760232e-02 1.6352693745e+00 2.0000000000e-01 3.6857005389e-01 3.0000000000e+02 -3.6857322004e-08 -8.3603030257e-14 3.6857005389e-08 3.6857321841e-08 -4.5202453242e-13 8.3583030265e-14 -3.6857005427e-08 5.2026931215e-14
d  1.4813327405e-02 1.6306723547e+00 2.0000000000e-01 3.6585175929e-01 3.0000000000e+02 -3.6585477579e-08 -8.3327606839e-14 3.6585175925e-08 3.6585477473e-08 -4.3671737503e-13 8.3307607626e-14 -3.6585176024e-08 5.1960129480e-14
d  1.4821208012e-02 1.6251559308e+00 2.0000000000e-01 3.6259978215e-01 3.0000000000e+02 -3.6260262848e-08 -8.3004242906e-14 3.6259978209e-08 3.6260262754e-08 -4.1929978849e-13 8.2984243792e-14 -3.6259978320e-08 5.1880423580e-14
d  1.4830664742e-02 1.6185362223e+00 2.0000000000e-01 3.5871180600e-01 3.0000000000e+02 -3.5871446068e-08 -8.2626160858e-14 3.5871180600e-08 3.5871445908e-08 -3.9966187437e-13 8.2606160874e-14 -3.5871180638e-08 5.1785320993e-14
d  1.4842012817e-02 1.6105925720e+00 2.0000000000e-01 3.5406699397e-01 3.0000000000e+02 -3.5406943503e-08 -8.2187080675e-14 3.5406699397e-08 3.5406943344e-08 -3.7774866518e-13 8.2167080692e-14 -3.5406699434e-08 5.1672153344e-14
d  1.4848821662e-02 1.6058263818e+00 2.0000000000e-01 3.5129099705e-01 3.0000000000e+02 -3.5129331782e-08 -8.1929400680e-14 3.5129099701e-08 3.5129331672e-08 -3.6539542689e-13 8.1909401356e-14 -3.5129099790e-08 5.1604516545e-14
d  1.4856992276e-02 1.6001069536e+00 2.0000000000e-01 3.4797058893e-01 3.0000000000e+02 -3.4797277253e-08 -8.1626047612e-14 3.4797058888e-08 3.4797277149e-08 -3.5129541912e-13 8.1606048335e-14 -3.4797058984e-08 5.1523811283e-14
d  1.4866797013e-02 1.5932436397e+00 2.0000000000e-01 3.4400164337e-01 3.0000000000e+02 -3.4400367194e-08 -8.1270243244e-14 3.4400164336e-08 3.4400367037e-08 -3.3534201742e-13 8.1250243265e-14 -3.4400164373e-08 5.1427508271e-14
d  1.4878562697e-02 1.5850076631e+00 2.0000000000e-01 3.3926133334e-01 3.0000000000e+02 -3.3926318851e-08 -8.0854226032e-14 3.3926133333e-08 3.3926318701e-08 -3.1747077736e-13 8.0834226115e-14 -3.3926133377e-08 5.1312520389e-14
d  1.4885622107e-02 1.5800660772e+00 2.0000000000e-01 3.3642890648e-01 3.0000000000e+02 -3.3643066370e-08 -8.0609200181e-14 3.3642890645e-08 3.3643066255e-08 -3.0736334101e-13 8.0589200758e-14 -3.3642890724e-08 5.1243747023e-14
d  1.4894093400e-02 1.5741361740e+00 2.0000000000e-01 3.3304163234e-01 3.0000000000e+02 -3.3304327760e-08 -8.0320575399e-14 3.3304163230e-08 3.3304327655e-08 -2.9579751254e-13 8.0300576070e-14 -3.3304163320e-08 5.1161705927e-14
d  1.4904258951e-02 1.5670202902e+00 2.0000000000e-01 3.2899367971e-01 3.0000000000e+02 -3.2899519811e-08 -7.9980174227e-14 3.2899367971e-08 3.2899519657e-08 -2.8267447768e-13 7.9960174255e-14 -3.2899368007e-08 5.1063556659e-14
d  1.4916457613e-02 1.5584812296e+00 2.0000000000e-01 3.2416034089e-01 3.0000000000e+02 -3.2416171696e-08 -7.9580975029e-14 3.2416034088e-08 3.2416171553e-08 -2.6792638584e-13 7.9560975142e-14 -3.2416034134e-08 5.0946228633e-14
d  1.4923776809e-02 1.5533577933e+00 2.0000000000e-01 3.2127302467e-01 3.0000000000e+02 -3.2127432015e-08 -7.9345340967e-14 3.2127302464e-08 3.2127431897e-08 -2.5956273120e-13 7.9325341475e-14 -3.2127302536e-08 5.0876038563e-14
d  1.4932559846e-02 1.5472096697e+00 2.0000000000e-01 3.1782082474e-01 3.0000000000e+02 -3.1782202794e-08 -7.9066785348e-14 3.1782082470e-08 3.1782202686e-08 -2.4997222709e-13 7.9046785960e-14 -3.1782082553e-08 5.0792025758e-14
d  1.4943099489e-02 1.5398319214e+00 2.0000000000e-01 3.1369632536e-01 3.0000000000e+02 -3.1369742377e-08 -7.8737256946e-14 3.1369632535e-08 3.1369742228e-08 -2.3906467204e-13 7.8717257009e-14 -3.1369632573e-08 5.0691432154e-14
d  1.4955747061e-02 1.5309786234e+00 2.0000000000e-01 3.0877307919e-01 3.0000000000e+02 -3.0877405975e-08 -7.8350082143e-14 3.0877307919e-08 3.0877405825e-08 -2.2677324142e-13 7.8330082165e-14 -3.0877307953e-08 5.0571197523e-14
d  1.4963335604e-02 1.5256666446e+00 2.0000000000e-01 3.0583282430e-01 3.0000000000e+02 -3.0583373799e-08 -7.8121671539e-14 3.0583282427e-08 3.0583373680e-08 -2.1978693586e-13 7.8101672002e-14 -3.0583282494e-08 5.0499360254e-14
d  1.4972441856e-02 1.5192922700e+00 2.0000000000e-01 3.0231808962e-01 3.0000000000e+02 -3.0231892662e-08 -7.7850519268e-14 3.0231808958e-08 3.0231892552e-08 -2.1176188691e-13 7.7830519811e-14 -3.0231809034e-08 5.0413248482e-14
d  1.4983369359e-02 1.5116430206e+00 2.0000000000e-01 2.9811996399e-01 3.0000000000e+02 -2.9812071376e-08 -7.7529683903e-14 2.9811996396e-08 2.9812071248e-08 -2.0261665390e-13 7.7509684158e-14 -2.9811996452e-08 5.0310187482e-14
d  1.4996482362e-02 1.5024639212e+00 2.0000000000e-01 2.9311039105e-01 3.0000000000e+02 -2.9311104254e-08 -7.7151408672e-14 2.9311039103e-08 2.9311104123e-08 -1.9228832240e-13 7.7131408847e-14 -2.9311039153e-08 5.0186919965e-14
d  1.5000000000e-02 1.5000015750e+00 2.0000000000e-01 2.9177177522e-01 3.0000000000e+02 -2.9177240147e-08 -7.7051076047e-14 2.9177177521e-08 2.9177240007e-08 -1.8963094090e-13 7.7031076318e-14 -2.9177177562e-08 5.0153899522e-14
d  1.5004221166e-02 1.4970467595e+00 2.0000000000e-01 2.9016836168e-01 3.0000000000e+02 -2.9016895823e-08 -7.6931788609e-14 2.9016836162e-08 2.9016895739e-08 -1.8650245266e-13 7.6911790522e-14 -2.9016836263e-08 5.0114318964e-14
d  1.5009286566e-02 1.4935009810e+00 2.0000000000e-01 2.8824848152e-01 3.0000000000e+02 -2.8824904328e-08 -7.6788439067e-14 2.8824848152e-08 2.8824904182e-08 -1.8283264198e-13 7.6768439167e-14 -2.8824848185e-08 5.0066781843e-14
d  1.5015365045e-02 1.4892460467e+00 2.0000000000e-01 2.8595068750e-01 3.0000000000e+02 -2.8595120865e-08 -7.6618280234e-14 2.8595068749e-08 2.8595120723e-08 -1.7854619882e-13 7.6598280372e-14 -2.8595068785e-08 5.0009978699e-14
d  1.5022659220e-02 1.4841401256e+00 2.0000000000e-01 2.8320202175e-01 3.0000000000e+02 -2.8320249577e-08 -7.6417060775e-14 2.8320202173e-08 2.8320249443e-08 -1.7356474441e-13 7.6397061030e-14 -2.8320202218e-08 4.9942354172e-14
d  1.5031412230e-02 1.4780130203e+00 2.0000000000e-01 2.7991621534e-01 3.0000000000e+02 -2.7991663505e-08 -7.6175339792e-14 2.7991621532e-08 2.7991663381e-08 -1.6781079251e-13 7.6155340142e-14 -2.7991621586e-08 4.9860445634e-14
d  1.5041915842e-02 1.4706604939e+00 2.0000000000e-01 2.7599135108e-01 3.0000000000e+02 -2.7599170860e-08 -7.5889902265e-14 2.7599135107e-08 2.7599170725e-08 -1.6121062622e-13 7.5869902403e-14 -2.7599135147e-08 4.9762862646e-14
d  1.5054520177e-02 1.4618374622e+00 2.0000000000e-01 2.7130756654e-01 3.0000000000e+02 -2.7130785350e-08 -7.5552340167e-14 2.7130756653e-08 2.7130785209e-08 -1.5370155966e-13 7.5532340220e-14 -2.7130756686e-08 4.9646115484e-14
d  1.5062082777e-02 1.4565436432e+00 2.0000000000e-01 2.6851096663e-01 3.0000000000e+02 -2.6851121328e-08 -7.5351362504e-14 2.6851096662e-08 2.6851121200e-08 -1.4939915097e-13 7.5331362782e-14 -2.6851096708e-08 4.9575931116e-14
d  1.5071157898e-02 1.4501910603e+00 2.0000000000e-01 2.6516860198e-01 3.0000000000e+02 -2.6516880212e-08 -7.5112053899e-14 2.6516860196e-08 2.6516880087e-08 -1.4442592396e-13 7.5092054195e-14 -2.6516860245e-08 4.9491806342e-14
d  1.5082048043e-02 1.4425679610e+00 2.0000000000e-01 2.6117725837e-01 3.0000000000e+02 -2.6117740524e-08 -7.4828582717e-14 2.6117725835e-08 2.6117740402e-08 -1.3871682893e-13 7.4808582984e-14 -2.6117725885e-08 4.9391306420e-14
d  1.5095116217e-02 1.4334202417e+00 2.0000000000e-01 2.5641569296e-01 3.0000000000e+02 -2.5641577937e-08 -7.4492838057e-14 2.5641569295e-08 2.5641577798e-08 -1.3221597519e-13 7.4472838098e-14 -2.5641569326e-08 4.9271062380e-14
d  1.5102957122e-02 1.4279316102e+00 2.0000000000e-01 2.5357348379e-01 3.0000000000e+02 -2.5357353564e-08 -7.4292552453e-14 2.5357348377e-08 2.5357353435e-08 -1.2848860131e-13 7.4272552666e-14 -2.5357348418e-08 4.9198642799e-14
d  1.5112366207e-02 1.4213452523e+00 2.0000000000e-01 2.5017740821e-01 3.0000000000e+02 -2.5017742018e-08 -7.4054755484e-14 2.5017740819e-08 2.5017741891e-08 -1.2417744976e-13 7.4034755706e-14 -2.5017740861e-08 4.9112134229e-14
d  1.5123657110e-02 1.4134416229e+00 2.0000000000e-01 2.4612310151e-01 3.0000000000e+02 -2.4612306781e-08 -7.3772514851e-14 2.4612310147e-08 2.4612306673e-08 -1.1922482360e-13 7.3752515270e-14 -2.4612310210e-08 4.9008538201e-14
d  1.5130431651e-02 1.4086994452e+00 2.0000000000e-01 2.4370150120e-01 3.0000000000e+02 -2.4370144119e-08 -7.3603974582e-14 2.4370150119e-08 2.4370143988e-08 -1.1636473891e-13 7.3583974752e-14 -2.4370150154e-08 4.8946449762e-14
d  1.5138561101e-02 1.4030088320e+00 2.0000000000e-01 2.4080646711e-01 3.0000000000e+02 -2.4080637656e-08 -7.3403893596e-14 2.4080646710e-08 2.4080637518e-08 -1.1303630392e-13 7.3383893649e-14 -2.4080646738e-08 4.8871978481e-14
d  1.5148316440e-02 1.3961800962e+00 2.0000000000e-01 2.3734810230e-01 3.0000000000e+02 -2.3734797652e-08 -7.3165119437e-14 2.3734810228e-08 2.3734797526e-08 -1.0918607382e-13 7.3145119641e-14 -2.3734810268e-08 4.8782728404e-14
d  1.5160022848e-02 1.3879856132e+00 2.0000000000e-01 2.3322061633e-01 3.0000000000e+02 -2.3322045020e-08 -7.2882002430e-14 2.3322061631e-08 2.3322044899e-08 -1.0476250714e-13 7.2862002652e-14 -2.3322061674e-08 4.8675966307e-14
d  1.5167046693e-02 1.3830689234e+00 2.0000000000e-01 2.3075593162e-01 3.0000000000e+02 -2.3075574225e-08 -7.2713603565e-14 2.3075593161e-08 2.3075574092e-08 -1.0220675449e-13 7.2693603676e-14 -2.3075593191e-08 4.8611990804e-14
d  1.5175475306e-02 1.3771688956e+00 2.0000000000e-01 2.2781002643e-01 3.0000000000e+02 -2.2780981009e-08 -7.2512211789e-14 2.2781002643e-08 2.2780980865e-08 -9.9232866904e-14 7.2492211684e-14 -2.2781002659e-08 4.8535045441e-14
d  1.5185589642e-02 1.3700888623e+00 2.0000000000e-01 2.2429179283e-01 3.0000000000e+02 -2.2429154539e-08 -7.2272936824e-14 2.2429179282e-08 2.2429154416e-08 -9.5792322433e-14 7.2252937036e-14 -2.2429179320e-08 4.8443058798e-14
d  1.5191658244e-02 1.3658408423e+00 2.0000000000e-01 2.2218966848e-01 3.0000000000e+02 -2.2218940300e-08 -7.2130737303e-14 2.2218966847e-08 2.2218940170e-08 -9.3792495580e-14 7.2110737431e-14 -2.2218966876e-08 4.8388010181e-14
d  1.5198940566e-02 1.3607432183e+00 2.0000000000e-01 2.1967576962e-01 3.0000000000e+02 -2.1967548308e-08 -7.1963503830e-14 2.1967576963e-08 2.1967548168e-08 -9.1453720229e-14 7.1943503742e-14 -2.1967576980e-08 4.8322817470e-14
d  1.5207679352e-02 1.3546260696e+00 2.0000000000e-01 2.1667164554e-01 3.0000000000e+02 -2.1667133450e-08 -7.1764321776e-14 2.1667164553e-08 2.1667133323e-08 -8.8726890261e-14 7.1744321929e-14 -2.1667164584e-08 4.8243743770e-14
d  1.5218165896e-02 1.3472854910e+00 2.0000000000e-01 2.1308480457e-01 3.0000000000e+02 -2.1308446550e-08 -7.1518888038e-14 2.1308480455e-08 2.1308446426e-08 -8.5584470594e-14 7.1498888209e-14 -2.1308480489e-08 4.8148427273e-14
d  1.5224457822e-02 1.3428811439e+00 2.0000000000e-01 2.1094217948e-01 3.0000000000e+02 -2.1094182411e-08 -7.1375697053e-14 2.1094217947e-08 2.1094182281e-08 -8.3755502117e-14 7.1355697137e-14 -2.1094217972e-08 4.8091567460e-14
d  1.5232008134e-02 1.3375959274e+00 2.0000000000e-01 2.0838038568e-01 3.0000000000e+02 -2.0838001131e-08 -7.1205423068e-14 2.0838038571e-08 2.0838000973e-08 -8.1617144007e-14 7.1185422563e-14 -2.0838038565e-08 4.8023669795e-14
d  1.5241068508e-02 1.3312536675e+00 2.0000000000e-01 2.0531972525e-01 3.0000000000e+02 -2.0531932885e-08 -7.1001570070e-14 2.0531972524e-08 2.0531932760e-08 -7.9129719231e-14 7.0981570220e-14 -2.0531972554e-08 4.7941995218e-14
d  1.5246504732e-02 1.3274483116e+00 2.0000000000e-01 2.0349041271e-01 3.0000000000e+02 -2.0349000348e-08 -7.0879539478e-14 2.0349041270e-08 2.0349000217e-08 -7.7677115398e-14 7.0859539510e-14 -2.0349041292e-08 4.7892825738e-14
d  1.5253028201e-02 1.3228818845e+00 2.0000000000e-01 2.0130222813e-01 3.0000000000e+02 -2.0130180388e-08 -7.0735032134e-14 2.0130222813e-08 2.0130180254e-08 -7.5971888835e-14 7.0715032098e-14 -2.0130222832e-08 4.7834279363e-14
d  1.5260856364e-02 1.3174021720e+00 2.0000000000e-01 1.9868648381e-01 3.0000000000e+02 -1.9868604206e-08 -7.0561915877e-14 1.9868648381e-08 1.9868604075e-08 -7.3978909430e-14 7.0541915895e-14 -1.9868648402e-08 4.7763868147e-14
d  1.5270250159e-02 1.3108265170e+00 2.0000000000e-01 1.9556211744e-01 3.0000000000e+02 -1.9556165541e-08 -7.0355491045e-14 1.9556211743e-08 1.9556165418e-08 -7.1661289067e-14 7.0335491181e-14 -1.9556211771e-08 4.7679375423e-14
d  1.5275886437e-02 1.3068811239e+00 2.0000000000e-01 1.9369511086e-01 3.0000000000e+02 -1.9369463703e-08 -7.0232373244e-14 1.9369511086e-08 1.9369463572e-08 -7.0308182702e-14 7.0212373241e-14 -1.9369511105e-08 4.7628671347e-14
d  1.5282649970e-02 1.3021466523e+00 2.0000000000e-01 1.9146223870e-01 3.0000000000e+02 -1.9146175106e-08 -7.0085611721e-14 1.9146223872e-08 1.9146174962e-08 -6.8720291277e-14 7.0065611366e-14 -1.9146223875e-08 4.7567938934e-14
d  1.5290766209e-02 1.2964652864e+00 2.0000000000e-01 1.8879364351e-01 3.0000000000e+02 -1.8879313979e-08 -6.9910454641e-14 1.8879364352e-08 1.8879313849e-08 -6.6864921107e-14 6.9890454632e-14 -1.8879364370e-08 4.7495111465e-14
d  1.5300505696e-02 1.2896476473e+00 2.0000000000e-01 1.8560696046e-01 3.0000000000e+02 -1.8560643812e-08 -6.9701652963e-14 1.8560696045e-08 1.8560643690e-08 -6.4708074625e-14 6.9681653094e-14 -1.8560696071e-08 4.7407761637e-14
d  1.5306349389e-02 1.2855570638e+00 2.0000000000e-01 1.8370312344e-01 3.0000000000e+02 -1.8370259026e-08 -6.9578176166e-14 1.8370312344e-08 1.8370258896e-08 -6.3449111034e-14 6.9558176127e-14 -1.8370312361e-08 4.7355588416e-14
d  1.5313361819e-02 1.2806483636e+00 2.0000000000e-01 1.8142659479e-01 3.0000000000e+02 -1.8142604894e-08 -6.9430826963e-14 1.8142659489e-08 1.8142604699e-08 -6.1972029746e-14 6.9410825265e-14 -1.8142659431e-08 4.7293105060e-14
d  1.5321776736e-02 1.2747579234e+00 2.0000000000e-01 1.7870642706e-01 3.0000000000e+02 -1.7870586647e-08 -6.9253827965e-14 1.7870642706e-08 1.7870586521e-08 -6.0246835144e-14 6.9233827993e-14 -1.7870642725e-08 4.7217768558e-14
d  1.5326825686e-02 1.2712236593e+00 2.0000000000e-01 1.7708043104e-01 3.0000000000e+02 -1.7707986182e-08 -6.9148916195e-14 1.7708043104e-08 1.7707986055e-08 -5.9235628385e-14 6.9128916174e-14 -1.7708043121e-08 4.7172742730e-14
d  1.5332884427e-02 1.2669825424e+00 2.0000000000e-01 1.7513526429e-01 3.0000000000e+02 -1.7513468496e-08 -6.9023967388e-14 1.7513526430e-08 1.7513468361e-08 -5.8045167775e-14 6.9003967147e-14 -1.7513526439e-08 4.7118905695e-14
d  1.5340154915e-02 1.2618932020e+00 2.0000000000e-01 1.7280977586e-01 3.0000000000e+02 -1.7280918471e-08 -6.8873713618e-14 1.7280977597e-08 1.7280918272e-08 -5.6649150676e-14 6.8853711753e-14 -1.7280977531e-08 4.7053943256e-14
d  1.5348879501e-02 1.2557859936e+00 2.0000000000e-01 1.7003176117e-01 3.0000000000e+02 -1.7003115629e-08 -6.8694347850e-14 1.7003176116e-08 1.7003115508e-08 -5.5019190216e-14 6.8674347958e-14 -1.7003176139e-08 4.6975940241e-14
d  1.5354114252e-02 1.2521216686e+00 2.0000000000e-01 1.6837153765e-01 3.0000000000e+02 -1.6837092474e-08 -6.8587733075e-14 1.6837153765e-08 1.6837092346e-08 -5.4064196151e-14 6.8567732988e-14 -1.6837153779e-08 4.6929200126e-14
d  1.5360395954e-02 1.2477244785e+00 2.0000000000e-01 1.6638580234e-01 3.0000000000e+02 -1.6638518003e-08 -6.8459909226e-14 1.6638580239e-08 1.6638517852e-08 -5.2940387474e-14 6.8439908411e-14 -1.6638580224e-08 4.6872993699e-14
d  1.5367933996e-02 1.2424478505e+00 2.0000000000e-01 1.6401229973e-01 3.0000000000e+02 -1.6401166642e-08 -6.8308505626e-14 1.6401229973e-08 1.6401166522e-08 -5.1622661180e-14 6.8288505718e-14 -1.6401229993e-08 4.6805955359e-14
d  1.5376979647e-02 1.2361158968e+00 2.0000000000e-01 1.6117763744e-01 3.0000000000e+02 -1.6117699136e-08 -6.8127161115e-14 1.6117763743e-08 1.6117699017e-08 -5.0084824589e-14 6.8107161210e-14 -1.6117763765e-08 4.6725189512e-14
d  1.5382407037e-02 1.2323167246e+00 2.0000000000e-01 1.5948392253e-01 3.0000000000e+02 -1.5948326899e-08 -6.8019869962e-14 1.5948392254e-08 1.5948326769e-08 -4.9184041209e-14 6.7999869753e-14 -1.5948392262e-08 4.6676946213e-14
d  1.5388919906e-02 1.2277577180e+00 2.0000000000e-01 1.5745849941e-01 3.0000000000e+02 -1.5745783714e-08 -6.7890780384e-14 1.5745849940e-08 1.5745783592e-08 -4.8124389501e-14 6.7870780417e-14 -1.5745849957e-08 4.6618752420e-14
d  1.5396735348e-02 1.2222869100e+00 2.0000000000e-01 1.5503813531e-01 3.0000000000e+02 -1.5503746285e-08 -6.7736818567e-14 1.5503813530e-08 1.5503746167e-08 -4.6882459519e-14 6.7716818670e-14 -1.5503813550e-08 4.6548939985e-14
d  1.5401424613e-02 1.2190044252e+00 2.0000000000e-01 1.5359122767e-01 3.0000000000e+02 -1.5359054924e-08 -6.7645370645e-14 1.5359122767e-08 1.5359054799e-08 -4.6152415424e-14 6.7625370541e-14 -1.5359122779e-08 4.6507133569e-14
d  1.5407051732e-02 1.2150654435e+00 2.0000000000e-01 1.5186020989e-01 3.0000000000e+02 -1.5185952444e-08 -6.7535557033e-14 1.5186020991e-08 1.5185952307e-08 -4.5291052887e-14 6.7515556468e-14 -1.5186020988e-08 4.6456795526e-14
d  1.5413804274e-02 1.2103386654e+00 2.0000000000e-01 1.4979052667e-01 3.0000000000e+02 -1.4978983297e-08 -6.7406696381e-14 1.4979052667e-08 1.4978983177e-08 -4.4277635391e-14 6.7386696417e-14 -1.4979052683e-08 4.6397134484e-14
d  1.5421907324e-02 1.2046665317e+00 2.0000000000e-01 1.4731779739e-01 3.0000000000e+02 -1.4731709408e-08 -6.7251712703e-14 1.4731779757e-08 1.4731709189e-08 -4.3090524766e-14 6.7231710131e-14 -1.4731779655e-08 4.6325039409e-14
d  1.5426769155e-02 1.2012632514e+00 2.0000000000e-01 1.4583989732e-01 3.0000000000e+02 -1.4583918840e-08 -6.7158282251e-14 1.4583989733e-08 1.4583918713e-08 -4.2393147189e-14 6.7138281972e-14 -1.4583989739e-08 4.6281385884e-14
d  1.5432603351e-02 1.1971793152e+00 2.0000000000e-01 1.4407210294e-01 3.0000000000e+02 -1.4407138741e-08 -6.7047456110e-14 1.4407210308e-08 1.4407138543e-08 -4.1570356215e-14 6.7027453223e-14 -1.4407210230e-08 4.6229236805e-14
d  1.5439604386e-02 1.1922785917e+00 2.0000000000e-01 1.4195894002e-01 3.0000000000e+02 -1.4195821677e-08 -6.6915338778e-14 1.4195894002e-08 1.4195821559e-08 -4.0602910463e-14 6.6895338817e-14 -1.4195894018e-08 4.6166709827e-14
d  1.5443805008e-02 1.1893381575e+00 2.0000000000e-01 1.4069533935e-01 3.0000000000e+02 -1.4069461146e-08 -6.6840445898e-14 1.4069534615e-08 1.4069457360e-08 -4.0027374512e-14 6.6820274763e-14 -1.4069530282e-08 4.6129287008e-14
d  1.5448845753e-02 1.1858096366e+00 2.0000000000e-01 1.3918328352e-01 3.0000000000e+02 -1.3918255020e-08 -6.6753968448e-14 1.3918339092e-08 1.3918197495e-08 -3.9349407452e-14 6.6731441532e-14 -1.3918270954e-08 4.6083333120e-14
d  1.5454894648e-02 1.1815754115e+00 2.0000000000e-01 1.3737495106e-01 3.0000000000e+02 -1.3737421154e-08 -6.6642054228e-14 1.3737495106e-08 1.3737421032e-08 -3.8560694746e-14 6.6622054071e-14 -1.3737495115e-08 4.6032317720e-14
d  1.5462153322e-02 1.1764943413e+00 2.0000000000e-01 1.3521380995e-01 3.0000000000e+02 -1.3521306314e-08 -6.6491912684e-14 1.3521380995e-08 1.3521306197e-08 -3.7627155225e-14 6.6471912696e-14 -1.3521381009e-08 4.5964102026e-14
d  1.5466508526e-02 1.1734456993e+00 2.0000000000e-01 1.3392177636e-01 3.0000000000e+02 -1.3392102512e-08 -6.6419331771e-14 1.3392180752e-08 1.3392086293e-08 -3.7070717117e-14 6.6398579493e-14 -1.3392161546e-08 4.5925420946e-14
d  1.5471734771e-02 1.1697873287e+00 2.0000000000e-01 1.3237594416e-01 3.0000000000e+02 -1.3237518791e-08 -6.6326781224e-14 1.3237594423e-08 1.3237518637e-08 -3.6423940272e-14 6.6306779595e-14 -1.3237594392e-08 4.5879737822e-14
d  1.5478006265e-02 1.1653972841e+00 2.0000000000e-01 1.3052759553e-01 3.0000000000e+02 -1.3052683332e-08 -6.6203504528e-14 1.3052759553e-08 1.3052683216e-08 -3.5656619378e-14 6.6183504531e-14 -1.3052759567e-08 4.5821990012e-14
d  1.5481769162e-02 1.1627632574e+00 2.0000000000e-01 1.2942204486e-01 3.0000000000e+02 -1.2942127905e-08 -6.6140767482e-14 1.2942204441e-08 1.2942128013e-08 -3.5200141771e-14 6.6120779994e-14 -1.2942204723e-08 4.5789077890e-14
d  1.5486284637e-02 1.1596024253e+00 2.0000000000e-01 1.2809884018e-01 3.0000000000e+02 -1.2809807019e-08 -6.6062488700e-14 1.2809892430e-08 1.2809765107e-08 -3.4661149624e-14 6.6040294306e-14 -1.2809842231e-08 4.5747155260e-14
d  1.5491703208e-02 1.1558094267e+00 2.0000000000e-01 1.2651596755e-01 3.0000000000e+02 -1.2651519258e-08 -6.5972850610e-14 1.2651596801e-08 1.2651518916e-08 -3.4022980018e-14 6.5952840657e-14 -1.2651596541e-08 4.5701796482e-14
d  1.5498205493e-02 1.1512578285e+00 2.0000000000e-01 1.2462371154e-01 3.0000000000e+02 -1.2462293097e-08 -6.5842797753e-14 1.2462371154e-08 1.2462292982e-08 -3.3279691999e-14 6.5822797746e-14 -1.2462371167e-08 4.5640330833e-14
d  1.5502106864e-02 1.1485268695e+00 2.0000000000e-01 1.2349211330e-01 3.0000000000e+02 -1.2349132927e-08 -6.5778324388e-14 1.2349211787e-08 1.2349130614e-08 -3.2834506004e-14 6.5758202070e-14 -1.2349209144e-08 4.5605924336e-14
d  1.5506788510e-02 1.1452497188e+00 2.0000000000e-01 1.2213793475e-01 3.0000000000e+02 -1.2213714676e-08 -6.5696416576e-14 1.2213793480e-08 1.2213714533e-08 -3.2312398766e-14 6.5676415091e-14 -1.2213793458e-08 4.5563786381e-14
d  1.5512406484e-02 1.1413171379e+00 2.0000000000e-01 1.2051833065e-01 3.0000000000e+02 -1.2051753796e-08 -6.5594594880e-14 1.2051833158e-08 1.2051753239e-08 -3.1692865152e-14 6.5574575403e-14 -1.2051832633e-08 4.5512434882e-14
d  1.5515777268e-02 1.1389575894e+00 2.0000000000e-01 1.1954940772e-01 3.0000000000e+02 -1.1954861226e-08 -6.5535123196e-14 1.1954940727e-08 1.1954861318e-08 -3.1326266419e-14 6.5515136843e-14 -1.1954940989e-08 4.5481808415e-14
d  1.5519822210e-02 1.1361261311e+00 2.0000000000e-01 1.1838951920e-01 3.0000000000e+02 -1.1838872043e-08 -6.5467083623e-14 1.1838954662e-08 1.1838859222e-08 -3.0889441607e-14 6.5446290385e-14 -1.1838939223e-08 4.5444616600e-14
d  1.5524676140e-02 1.1327283812e+00 2.0000000000e-01 1.1700172371e-01 3.0000000000e+02 -1.1700092107e-08 -6.5384226649e-14 1.1700172393e-08 1.1700091891e-08 -3.0374854524e-14 6.5364221274e-14 -1.1700172279e-08 4.5401458215e-14
d  1.5530500855e-02 1.1286510814e+00 2.0000000000e-01 1.1534223652e-01 3.0000000000e+02 -1.1534142922e-08 -6.5284707657e-14 1.1534223856e-08 1.1534141878e-08 -2.9759441768e-14 6.5264666882e-14 -1.1534222731e-08 4.5347753928e-14
d  1.5533995685e-02 1.1262047015e+00 2.0000000000e-01 1.1434962204e-01 3.0000000000e+02 -1.1434881214e-08 -6.5229838504e-14 1.1434962109e-08 1.1434881525e-08 -2.9403377633e-14 6.5209866504e-14 -1.1434962639e-08 4.5316400240e-14
d  1.5538189480e-02 1.1232690456e+00 2.0000000000e-01 1.1316153196e-01 3.0000000000e+02 -1.1316071885e-08 -6.5149481574e-14 1.1316163280e-08 1.1316026796e-08 -2.8975241585e-14 6.5126683115e-14 -1.1316108225e-08 4.5275610011e-14
d  1.5543222035e-02 1.1197462585e+00 2.0000000000e-01 1.1174020679e-01 3.0000000000e+02 -1.1173938988e-08 -6.5074104341e-14 1.1174020755e-08 1.1173938539e-08 -2.8468288768e-14 6.5054086820e-14 -1.1174020353e-08 4.5234118165e-14
d  1.5549261100e-02 1.1155189140e+00 2.0000000000e-01 1.1004098909e-01 3.0000000000e+02 -1.1004016771e-08 -6.4965200897e-14 1.1004099277e-08 1.1004015048e-08 -2.7863729943e-14 6.4945130533e-14 -1.1004097308e-08 4.5175710141e-14
d  1.5552884539e-02 1.1129825073e+00 2.0000000000e-01 1.0902480031e-01 3.0000000000e+02 -1.0902397642e-08 -6.4912552023e-14 1.0902480187e-08 1.0902396860e-08 -2.7514305187e-14 6.4892507800e-14 -1.0902479372e-08 4.5143498448e-14
d  1.5557232666e-02 1.1099388192e+00 2.0000000000e-01 1.0780869267e-01 3.0000000000e+02 -1.0780786572e-08 -6.4827792300e-14 1.0780869946e-08 1.0780783556e-08 -2.7095159508e-14 6.4807611819e-14 -1.0780866374e-08 4.5102354727e-14
d  1.5562450419e-02 1.1062863936e+00 2.0000000000e-01 1.0635415214e-01 3.0000000000e+02 -1.0635332154e-08 -6.4741132381e-14 1.0635415296e-08 1.0635331694e-08 -2.6597025736e-14 6.4721114204e-14 -1.0635414875e-08 4.5054401207e-14
d  1.5565581070e-02 1.1040949382e+00 2.0000000000e-01 1.0548394178e-01 3.0000000000e+02 -1.0548310903e-08 -6.4688128675e-14 1.0548393375e-08 1.0548314155e-08 -2.6301669066e-14 6.4668393167e-14 -1.0548397552e-08 4.5025395189e-14
d  1.5569337852e-02 1.1014651917e+00 2.0000000000e-01 1.0444217594e-01 3.0000000000e+02 -1.0444134062e-08 -6.4632585759e-14 1.0444219612e-08 1.0444125564e-08 -2.5949926201e-14 6.4611964832e-14 -1.0444209216e-08 4.4990436991e-14
d  1.5573845990e-02 1.0983094960e+00 2.0000000000e-01 1.0319565360e-01 3.0000000000e+02 -1.0319481524e-08 -6.4560779514e-14 1.0319565439e-08 1.0319481089e-08 -2.5532768478e-14 6.4540759413e-14 -1.0319565045e-08 4.4949794335e-14
d  1.5579255755e-02 1.0945226611e+00 2.0000000000e-01 1.0170503984e-01 3.0000000000e+02 -1.0170419791e-08 -6.4471548472e-14 1.0170504020e-08 1.0170419536e-08 -2.5037900429e-14 6.4451540936e-14 -1.0170503849e-08 4.4898703382e-14
d  1.5582501615e-02 1.0922505601e+00 2.0000000000e-01 1.0081342233e-01 3.0000000000e+02 -1.0081257836e-08 -6.4419969950e-14 1.0081342154e-08 1.0081258045e-08 -2.4748077921e-14 6.4399994898e-14 -1.0081342562e-08 4.4868315366e-14
d  1.5586396646e-02 1.0895240390e+00 2.0000000000e-01 9.9746202207e-02 3.0000000000e+02 -9.9745355722e-09 -6.4353963400e-14 9.9746313212e-09 9.9744910887e-09 -2.4400473716e-14 6.4330689696e-14 -9.9745758497e-09 4.4829480170e-14
d  1.5591070684e-02 1.0862522136e+00 2.0000000000e-01 9.8469454772e-02 3.0000000000e+02 -9.8468605280e-09 -6.4289681746e-14 9.8469456105e-09 9.8468598910e-09 -2.3986881865e-14 6.4269649173e-14 -9.8469449586e-09 4.4790788332e-14
d  1.5596679529e-02 1.0823260232e+00 2.0000000000e-01 9.6943011541e-02 3.0000000000e+02 -9.6942158629e-09 -6.4189893952e-14 9.6943010482e-09 9.6942161703e-09 -2.3498517993e-14 6.4169915415e-14 -9.6943015795e-09 4.4734829217e-14
d  1.5600044836e-02 1.0799703089e+00 2.0000000000e-01 9.6030128458e-02 3.0000000000e+02 -9.6029273502e-09 -6.4141564625e-14 9.6030127931e-09 9.6029274462e-09 -2.3209761500e-14 6.4121580579e-14 -9.6030130594e-09 4.4703780848e-14
d  1.5604083204e-02 1.0771434518e+00 2.0000000000e-01 9.4937639559e-02 3.0000000000e+02 -9.4936782187e-09 -6.4075136997e-14 9.4937639879e-09 9.4936779883e-09 -2.2866391484e-14 6.4055127956e-14 -9.4937638427e-09 4.4665239669e-14
d  1.5608929246e-02 1.0737512233e+00 2.0000000000e-01 9.3630948053e-02 3.0000000000e+02 -9.3630087792e-09 -6.4000660932e-14 9.3630947967e-09 9.3630087047e-09 -2.2457109497e-14 6.3980662956e-14 -9.3630948475e-09 4.4619254274e-14
d  1.5611836872e-02 1.0717158862e+00 2.0000000000e-01 9.2849190672e-02 3.0000000000e+02 -9.2848328736e-09 -6.3953081313e-14 9.2849205830e-09 9.2848270901e-09 -2.2216165794e-14 6.3932550951e-14 -9.2849133991e-09 4.4590945841e-14
d  1.5615326022e-02 1.0692734816e+00 2.0000000000e-01 9.1913322644e-02 3.0000000000e+02 -9.1912458670e-09 -6.3895561070e-14 9.1913334741e-09 9.1912412620e-09 -2.1927215692e-14 6.3875165771e-14 -9.1913277747e-09 4.4557814872e-14
d  1.5619513002e-02 1.0663425962e+00 2.0000000000e-01 9.0793520217e-02 3.0000000000e+02 -9.0792653870e-09 -6.3839206222e-14 9.0793521387e-09 9.0792648481e-09 -2.1584492252e-14 6.3819174542e-14 -9.0793515984e-09 4.4518282904e-14
d  1.5624537379e-02 1.0628255336e+00 2.0000000000e-01 8.9454440774e-02 3.0000000000e+02 -8.9453571590e-09 -6.3760247264e-14 8.9454439693e-09 8.9453574483e-09 -2.1176780373e-14 6.3740271507e-14 -8.9454444820e-09 4.4469621700e-14
d  1.5627552005e-02 1.0607152961e+00 2.0000000000e-01 8.8653455864e-02 3.0000000000e+02 -8.8652585030e-09 -6.3715064922e-14 8.8653438059e-09 8.8652648113e-09 -2.0936221633e-14 6.3695661826e-14 -8.8653520108e-09 4.4440913939e-14
d  1.5631169556e-02 1.0581830111e+00 2.0000000000e-01 8.7694721712e-02 3.0000000000e+02 -8.7693848897e-09 -6.3659983557e-14 8.7694839990e-09 8.7693424985e-09 -2.0649718325e-14 6.3636281005e-14 -8.7694298873e-09 4.4402651350e-14
d  1.5635510617e-02 1.0551442690e+00 2.0000000000e-01 8.6547771398e-02 3.0000000000e+02 -8.6546896120e-09 -6.3606407256e-14 8.6547795080e-09 8.6546810995e-09 -2.0305330461e-14 6.3585793244e-14 -8.6547687401e-09 4.4366447407e-14
d  1.5638115254e-02 1.0533210238e+00 2.0000000000e-01 8.5861467303e-02 3.0000000000e+02 -8.5860590737e-09 -6.3561117275e-14 8.5861468568e-09 8.5860585269e-09 -2.0103894313e-14 6.3541068198e-14 -8.5861462974e-09 4.4338409605e-14
d  1.5641240818e-02 1.0511331295e+00 2.0000000000e-01 8.5039738768e-02 3.0000000000e+02 -8.5038860537e-09 -6.3509058861e-14 8.5039737386e-09 8.5038864282e-09 -1.9861748092e-14 6.3489108969e-14 -8.5039743651e-09 4.4307453113e-14
d  1.5644991495e-02 1.0485076564e+00 2.0000000000e-01 8.4056330335e-02 3.0000000000e+02 -8.4055450134e-09 -6.3455928168e-14 8.4056331077e-09 8.4055446523e-09 -1.9573566109e-14 6.3435905903e-14 -8.4056327857e-09 4.4270961410e-14
d  1.5649492307e-02 1.0453570887e+00 2.0000000000e-01 8.2880098824e-02 3.0000000000e+02 -8.2879216276e-09 -6.3391124359e-14 8.2880104273e-09 8.2879196568e-09 -1.9230439008e-14 6.3370989020e-14 -8.2880080242e-09 4.4226817725e-14
d  1.5652192795e-02 1.0434667480e+00 2.0000000000e-01 8.2176375463e-02 3.0000000000e+02 -8.2175491521e-09 -6.3353964530e-14 8.2176376535e-09 8.2175486870e-09 -1.9027043150e-14 6.3333924667e-14 -8.2176371937e-09 4.4200770133e-14
d  1.5655433380e-02 1.0411983392e+00 2.0000000000e-01 8.1333926243e-02 3.0000000000e+02 -8.1333040663e-09 -6.3305836615e-14 8.1333930340e-09 8.1333025925e-09 -1.8784265582e-14 6.3285694380e-14 -8.1333912626e-09 4.4168317000e-14
d  1.5659322082e-02 1.0384762487e+00 2.0000000000e-01 8.0325907996e-02 3.0000000000e+02 -8.0325020464e-09 -6.3250745472e-14 8.0325909824e-09 8.0325013348e-09 -1.8495406508e-14 6.3230692947e-14 -8.0325901998e-09 4.4129910795e-14
d  1.5663988524e-02 1.0352097401e+00 2.0000000000e-01 7.9120512524e-02 3.0000000000e+02 -7.9119622672e-09 -6.3184411383e-14 7.9120511307e-09 7.9119625649e-09 -1.8151532325e-14 6.3164440329e-14 -7.9120516617e-09 4.4083367977e-14
d  1.5666788389e-02 1.0332498349e+00 2.0000000000e-01 7.8399503043e-02 3.0000000000e+02 -7.8398611835e-09 -6.3144020742e-14 7.8399518136e-09 7.8398561958e-09 -1.7948154493e-14 6.3123483336e-14 -7.8399454267e-09 4.4054731104e-14
d  1.5670148228e-02 1.0308979487e+00 2.0000000000e-01 7.7536505870e-02 3.0000000000e+02 -7.7535613011e-09 -6.3101717649e-14 7.7536611136e-09 7.7535273818e-09 -1.7705145853e-14 6.3078219599e-14 -7.7536167717e-09 4.4019797271e-14
d  1.5674180034e-02 1.0280756852e+00 2.0000000000e-01 7.6504101885e-02 3.0000000000e+02 -7.6503207018e-09 -6.3052052852e-14 7.6504111731e-09 7.6503174556e-09 -1.7413433936e-14 6.3031782209e-14 -7.6504070522e-09 4.3983693194e-14
d  1.5676599117e-02 1.0263823271e+00 2.0000000000e-01 7.5886345759e-02 3.0000000000e+02 -7.5885449834e-09 -6.3008932102e-14 7.5886348018e-09 7.5885441733e-09 -1.7242498080e-14 6.2988838894e-14 -7.5886338759e-09 4.3956102836e-14
d  1.5679502018e-02 1.0243502974e+00 2.0000000000e-01 7.5146698050e-02 3.0000000000e+02 -7.5145800731e-09 -6.2970920910e-14 7.5146697159e-09 7.5145802479e-09 -1.7036469694e-14 6.2950955203e-14 -7.5146700898e-09 4.3927273809e-14
d  1.5682985498e-02 1.0219118618e+00 2.0000000000e-01 7.4261534161e-02 3.0000000000e+02 -7.4260635211e-09 -6.2923911654e-14 7.4261535695e-09 7.4260629433e-09 -1.6791246313e-14 6.2903862836e-14 -7.4261529478e-09 4.3891756624e-14
d  1.5687165675e-02 1.0189857390e+00 2.0000000000e-01 7.3202838035e-02 3.0000000000e+02 -7.3201937142e-09 -6.2868503655e-14 7.3202837404e-09 7.3201938067e-09 -1.6499038133e-14 6.2848520268e-14 -7.3202840053e-09 4.3849167571e-14
d  1.5689673781e-02 1.0172300654e+00 2.0000000000e-01 7.2569462903e-02 3.0000000000e+02 -7.2568560865e-09 -6.2835135833e-14 7.2569465047e-09 7.2568553379e-09 -1.6325526624e-14 6.2815051147e-14 -7.2569456505e-09 4.3823241993e-14
d  1.5692683508e-02 1.0151232570e+00 2.0000000000e-01 7.1811244262e-02 3.0000000000e+02 -7.1810340846e-09 -6.2795960469e-14 7.1811243841e-09 7.1810341093e-09 -1.6117995404e-14 6.2775975980e-14 -7.1811245596e-09 4.3792454680e-14
d  1.5696295180e-02 1.0125950869e+00 2.0000000000e-01 7.0904032608e-02 3.0000000000e+02 -7.0903127561e-09 -6.2748754560e-14 7.0904092160e-09 7.0902948820e-09 -1.5871356682e-14 6.2726941181e-14 -7.0903854915e-09 4.3753795316e-14
d  1.5700629187e-02 1.0095612828e+00 2.0000000000e-01 6.9819209375e-02 3.0000000000e+02 -6.9818302342e-09 -6.2698118103e-14 6.9819210236e-09 6.9818298782e-09 -1.5576126007e-14 6.2678096429e-14 -6.9819206893e-09 4.3711734841e-14
d  1.5703229592e-02 1.0077410004e+00 2.0000000000e-01 6.9170342675e-02 3.0000000000e+02 -6.9169434547e-09 -6.2659355351e-14 6.9170344215e-09 6.9169429071e-09 -1.5401827960e-14 6.2639297116e-14 -6.9170338274e-09 4.3682529829e-14
d  1.5706350077e-02 1.0055566615e+00 2.0000000000e-01 6.8393712099e-02 3.0000000000e+02 -6.8392802581e-09 -6.2621470646e-14 6.8393803363e-09 6.8392538748e-09 -1.5193545673e-14 6.2598253346e-14 -6.8393449275e-09 4.3648141340e-14
d  1.5710094659e-02 1.0029354547e+00 2.0000000000e-01 6.7464661731e-02 3.0000000000e+02 -6.7463750500e-09 -6.2584349494e-14 6.7464664326e-09 6.7463742060e-09 -1.4942230987e-14 6.2564273929e-14 -6.7464654360e-09 4.3613767718e-14
d  1.5714290000e-02 9.9999871667e-01 2.0000000000e-01 6.6427585870e-02 3.0000000000e+02 -6.6426672926e-09 -6.2520914268e-14 6.6427593032e-09 6.6426651591e-09 -1.4666959296e-14 6.2500731454e-14 -6.6427565597e-09 4.3565600934e-14
d  1.5716807205e-02 9.9823667383e-01 2.0000000000e-01 6.5807273163e-02 3.0000000000e+02 -6.5806359110e-09 -6.2494034346e-14 6.5807275376e-09 6.5806351968e-09 -1.4501754660e-14 6.2473948390e-14 -6.5807267083e-09 4.3539949028e-14
d  1.5719827850e-02 9.9612222242e-01 2.0000000000e-01 6.5064826859e-02 3.0000000000e+02 -6.5063911523e-09 -6.2456963044e-14 6.5064895368e-09 6.5063721675e-09 -1.4305682519e-14 6.2434482479e-14 -6.5064638022e-09 4.3505845598e-14
d  1.5723452625e-02 9.9358488074e-01 2.0000000000e-01 6.4176678352e-02 3.0000000000e+02 -6.4175761418e-09 -6.2421819441e-14 6.4176679130e-09 6.4175758287e-09 -1.4069148222e-14 6.2401796170e-14 -6.4176676278e-09 4.3470997719e-14
d  1.5725627490e-02 9.9206247573e-01 2.0000000000e-01 6.3645265759e-02 3.0000000000e+02 -6.3644347989e-09 -6.2387415337e-14 6.3645270542e-09 6.3644334184e-09 -1.3930458609e-14 6.2367199709e-14 -6.3645253005e-09 4.3444633915e-14
d  1.5728237328e-02 9.9023558971e-01 2.0000000000e-01 6.3009027484e-02 3.0000000000e+02 -6.3008108596e-09 -6.2359896074e-14 6.3009054001e-09 6.3008036956e-09 -1.3763160896e-14 6.2338781920e-14 -6.3008956875e-09 4.3416640125e-14
d  1.5731369134e-02 9.8804332650e-01 2.0000000000e-01 6.2247648381e-02 3.0000000000e+02 -6.2246728161e-09 -6.2326165553e-14 6.2247650147e-09 6.2246722477e-09 -1.3562815192e-14 6.2306104387e-14 -6.2247643747e-09 4.3384242839e-14
d  1.5735127300e-02 9.8541261064e-01 2.0000000000e-01 6.1337062950e-02 3.0000000000e+02 -6.1336141211e-09 -6.2281504070e-14 6.1337073037e-09 6.1336113546e-09 -1.3325257465e-14 6.2261215934e-14 -6.1337036326e-09 4.3341972867e-14
d  1.5737382200e-02 9.8383418112e-01 2.0000000000e-01 6.0792325471e-02 3.0000000000e+02 -6.0791402788e-09 -6.2258479338e-14 6.0792330878e-09 6.0791387856e-09 -1.3183093568e-14 6.2238246160e-14 -6.0792311578e-09 4.3317886018e-14
d  1.5740088080e-02 9.8194006570e-01 2.0000000000e-01 6.0140250092e-02 3.0000000000e+02 -6.0139326313e-09 -6.2227916795e-14 6.0140248175e-09 6.0139330249e-09 -1.3013544084e-14 6.2207993854e-14 -6.0140255072e-09 4.3288010398e-14
d  1.5743335136e-02 9.7966712720e-01 2.0000000000e-01 5.9360082637e-02 3.0000000000e+02 -5.9359157534e-09 -6.2192993880e-14 5.9360044324e-09 5.9359254559e-09 -1.2810709959e-14 6.2174262260e-14 -5.9360180726e-09 4.3252898297e-14
d  1.5745283370e-02 9.7830336410e-01 2.0000000000e-01 5.8893205008e-02 3.0000000000e+02 -5.8892279153e-09 -6.2159139238e-14 5.8893210440e-09 5.8892264655e-09 -1.2691247079e-14 6.2138866823e-14 -5.8893191541e-09 4.3228091342e-14
d  1.5747621250e-02 9.7666684838e-01 2.0000000000e-01 5.8334158897e-02 3.0000000000e+02 -5.8333232014e-09 -6.2155818283e-14 5.8334163501e-09 5.8333219627e-09 -1.2545179643e-14 6.2135603189e-14 -5.8334147541e-09 4.3205873304e-14
d  1.5750426706e-02 9.7470302951e-01 2.0000000000e-01 5.7665070478e-02 3.0000000000e+02 -5.7664142496e-09 -6.2121137270e-14 5.7665108465e-09 5.7664047364e-09 -1.2373443092e-14 6.2099676887e-14 -5.7664976349e-09 4.3172523290e-14
d  1.5753793254e-02 9.7234644687e-01 2.0000000000e-01 5.6864711526e-02 3.0000000000e+02 -5.6863782156e-09 -6.2091917431e-14 5.6864710740e-09 5.6863783125e-09 -1.2166364953e-14 6.2071942300e-14 -5.6864713524e-09 4.3137124824e-14
d  1.5755813182e-02 9.7093249729e-01 2.0000000000e-01 5.6385843083e-02 3.0000000000e+02 -5.6384912953e-09 -6.2066473863e-14 5.6385850533e-09 5.6384894086e-09 -1.2044254898e-14 6.2046116360e-14 -5.6385825237e-09 4.3112378585e-14
d  1.5758237097e-02 9.6923575778e-01 2.0000000000e-01 5.5812532880e-02 3.0000000000e+02 -5.5811601756e-09 -6.2046287433e-14 5.5812535583e-09 5.5811594325e-09 -1.1896776549e-14 6.2026166626e-14 -5.5812526470e-09 4.3086013114e-14
d  1.5761145794e-02 9.6719967038e-01 2.0000000000e-01 5.5126490719e-02 3.0000000000e+02 -5.5125558445e-09 -6.2018062042e-14 5.5126493039e-09 5.5125551935e-09 -1.1721218538e-14 6.1997976806e-14 -5.5126485230e-09 4.3052778924e-14
d  1.5762891012e-02 9.6597801794e-01 2.0000000000e-01 5.4715883056e-02 3.0000000000e+02 -5.4714950088e-09 -6.2002293729e-14 5.4715887964e-09 5.4714937750e-09 -1.1616295460e-14 6.1982019194e-14 -5.4715871733e-09 4.3032809002e-14
d  1.5764985274e-02 9.6451203501e-01 2.0000000000e-01 5.4224161634e-02 3.0000000000e+02 -5.4223227824e-09 -6.1984484487e-14 5.4224170353e-09 5.4223206726e-09 -1.1490656976e-14 6.1964030537e-14 -5.4224141545e-09 4.3009098353e-14
d  1.5767498388e-02 9.6275285550e-01 2.0000000000e-01 5.3635557188e-02 3.0000000000e+02 -5.3634622380e-09 -6.1962723527e-14 5.3635542637e-09 5.3634655106e-09 -1.1340161666e-14 6.1943345720e-14 -5.3635590943e-09 4.2981181325e-14
d  1.5770514125e-02 9.6064184008e-01 2.0000000000e-01 5.2931359207e-02 3.0000000000e+02 -5.2930423246e-09 -6.1932783806e-14 5.2931440337e-09 5.2930234608e-09 -1.1162512804e-14 6.1909932668e-14 -5.2931171525e-09 4.2942851092e-14
d  1.5772323568e-02 9.5937523083e-01 2.0000000000e-01 5.2509946115e-02 3.0000000000e+02 -5.2509009300e-09 -6.1932371254e-14 5.2509953312e-09 5.2508992215e-09 -1.1052536169e-14 6.1911985976e-14 -5.2509930033e-09 4.2928544221e-14
d  1.5774494898e-02 9.5785529973e-01 2.0000000000e-01 5.2005374800e-02 3.0000000000e+02 -5.2004437286e-09 -6.1899376654e-14 5.2005383759e-09 5.2004416331e-09 -1.0926648191e-14 6.1878930405e-14 -5.2005354846e-09 4.2898060290e-14
d  1.5777100495e-02 9.5603138241e-01 2.0000000000e-01 5.1401489374e-02 3.0000000000e+02 -5.1400550785e-09 -6.1883303070e-14 5.1401498115e-09 5.1400530274e-09 -1.0772785263e-14 6.1862945696e-14 -5.1401469863e-09 4.2869368991e-14
d  1.5780227212e-02 9.5384268163e-01 2.0000000000e-01 5.0679156665e-02 3.0000000000e+02 -5.0678216858e-09 -6.1858555252e-14 5.0679160468e-09 5.0678207409e-09 -1.0589842366e-14 6.1838427565e-14 -5.0679148217e-09 4.2832757611e-14
d  1.5782103241e-02 9.5252946116e-01 2.0000000000e-01 5.0246984707e-02 3.0000000000e+02 -5.0246044169e-09 -6.1844095556e-14 5.0246995287e-09 5.0246020348e-09 -1.0480776515e-14 6.1823553899e-14 -5.0246961877e-09 4.2810236697e-14
d  1.5784354477e-02 9.5095359659e-01 2.0000000000e-01 4.9729597681e-02 3.0000000000e+02 -4.9728656249e-09 -6.1829547850e-14 4.9729604040e-09 4.9728641609e-09 -1.0349769055e-14 6.1809244980e-14 -4.9729584035e-09 4.2784303335e-14
d  1.5787055960e-02 9.4906255911e-01 2.0000000000e-01 4.9110500751e-02 3.0000000000e+02 -4.9109558273e-09 -6.1809407486e-14 4.9110576152e-09 4.9109394726e-09 -1.0194551180e-14 6.1786462425e-14 -4.9110338143e-09 4.2750092080e-14
d  1.5788676850e-02 9.4792793663e-01 2.0000000000e-01 4.8739961289e-02 3.0000000000e+02 -4.8739018053e-09 -6.1813349372e-14 4.8739967271e-09 4.8739004667e-09 -1.0098433125e-14 6.1792991454e-14 -4.8739948892e-09 4.2736936532e-14
d  1.5790621917e-02 9.4656638964e-01 2.0000000000e-01 4.8296253490e-02 3.0000000000e+02 -4.8295309654e-09 -6.1781368838e-14 4.8296266949e-09 4.8295280792e-09 -9.9891387528e-15 6.1760620068e-14 -4.8296225608e-09 4.2707770331e-14
d  1.5792955999e-02 9.4493253326e-01 2.0000000000e-01 4.7765135063e-02 3.0000000000e+02 -4.7764190250e-09 -6.1773768174e-14 4.7765190800e-09 4.7764073139e-09 -9.8551387161e-15 6.1751229471e-14 -4.7765018894e-09 4.2680672651e-14
d  1.5795756896e-02 9.4297190561e-01 2.0000000000e-01 4.7129729483e-02 3.0000000000e+02 -4.7128783534e-09 -6.1760139358e-14 4.7129850859e-09 4.7128529292e-09 -9.6953661992e-15 6.1735608858e-14 -4.7129476139e-09 4.2646971789e-14
d  1.5797437434e-02 9.4179552901e-01 2.0000000000e-01 4.6749497191e-02 3.0000000000e+02 -4.6748550472e-09 -6.1771036754e-14 4.6749506294e-09 4.6748531234e-09 -9.5966093834e-15 6.1750515765e-14 -4.6749478932e-09 4.2633996382e-14
d  1.5799454081e-02 9.4038387710e-01 2.0000000000e-01 4.6294252477e-02 3.0000000000e+02 -4.6293305193e-09 -6.1726299815e-14 4.6294268290e-09 4.6293272561e-09 -9.4859811563e-15 6.1705458486e-14 -4.6294220814e-09 4.2600660343e-14
d  1.5801874056e-02 9.3868989480e-01 2.0000000000e-01 4.5749415119e-02 3.0000000000e+02 -4.5748466793e-09 -6.1725316736e-14 4.5749412737e-09 4.5748470650e-09 -9.3476205818e-15 6.1705420420e-14 -4.5749419963e-09 4.2574956191e-14
d  1.5804778027e-02 9.3665711605e-01 2.0000000000e-01 4.5097735405e-02 3.0000000000e+02 -4.5096785960e-09 -6.1708105873e-14 4.5097745928e-09 4.5096763820e-09 -9.1847165142e-15 6.1687730844e-14 -4.5097714239e-09 4.2538187126e-14
d  1.5806520409e-02 9.3543744880e-01 2.0000000000e-01 4.4707846241e-02 3.0000000000e+02 -4.4706896083e-09 -6.1703580980e-14 4.4707860402e-09 4.4706867700e-09 -9.0867716130e-15 6.1682806099e-14 -4.4707818824e-09 4.2517418101e-14
d  1.5808611268e-02 9.3397384809e-01 2.0000000000e-01 4.4241094634e-02 3.0000000000e+02 -4.4240143645e-09 -6.1695435622e-14 4.4241108152e-09 4.4240116595e-09 -8.9697617323e-15 6.1674748237e-14 -4.4241068549e-09 4.2491849553e-14
d  1.5811120298e-02 9.3221752725e-01 2.0000000000e-01 4.3682607484e-02 3.0000000000e+02 -4.3681655502e-09 -6.1685338275e-14 4.3682642597e-09 4.3681586450e-09 -8.8302437533e-15 6.1663878941e-14 -4.3682539378e-09 4.2460152121e-14
d  1.5812625716e-02 9.3116373474e-01 2.0000000000e-01 4.3348361071e-02 3.0000000000e+02 -4.3347408442e-09 -6.1687741418e-14 4.3348368087e-09 4.3347394471e-09 -8.7455026811e-15 6.1667291333e-14 -4.3348348066e-09 4.2443989716e-14
d  1.5814432218e-02 9.2989918373e-01 2.0000000000e-01 4.2948116672e-02 3.0000000000e+02 -4.2947163389e-09 -6.1671467164e-14 4.2948135901e-09 4.2947126779e-09 -8.6466608001e-15 6.1650321557e-14 -4.2948081012e-09 4.2418459271e-14
d  1.5816600021e-02 9.2838172252e-01 2.0000000000e-01 4.2469037636e-02 3.0000000000e+02 -4.2468083433e-09 -6.1671431750e-14 4.2469043452e-09 4.2468071629e-09 -8.5258556973e-15 6.1651149047e-14 -4.2469026797e-09 4.2393674600e-14
d  1.5819201383e-02 9.2656076907e-01 2.0000000000e-01 4.1895915446e-02 3.0000000000e+02 -4.1894960227e-09 -6.1661365299e-14 4.1895999261e-09 4.1894801989e-09 -8.3840355562e-15 6.1638038395e-14 -4.1895758107e-09 4.2357865636e-14
d  1.5820762201e-02 9.2546819700e-01 2.0000000000e-01 4.1552958323e-02 3.0000000000e+02 -4.1552002320e-09 -6.1677666794e-14 4.1552969289e-09 4.1551981703e-09 -8.2951639334e-15 6.1656994019e-14 -4.1552938660e-09 4.2345562379e-14
d  1.5822635182e-02 9.2415711052e-01 2.0000000000e-01 4.1142354330e-02 3.0000000000e+02 -4.1141397748e-09 -6.1651425972e-14 4.1142379669e-09 4.1141351409e-09 -8.1955112509e-15 6.1629982583e-14 -4.1142308927e-09 4.2314940470e-14
d  1.5824882760e-02 9.2258380674e-01 2.0000000000e-01 4.0650954638e-02 3.0000000000e+02 -4.0649997043e-09 -6.1659078069e-14 4.0650887972e-09 4.0650116488e-09 -8.0699681411e-15 6.1642173292e-14 -4.0651075109e-09 4.2292694803e-14
d  1.5827579853e-02 9.2069584220e-01 2.0000000000e-01 4.0063230773e-02 3.0000000000e+02 -4.0062272211e-09 -6.1640042897e-14 4.0063240704e-09 4.0062253299e-09 -7.9263920889e-15 6.1619666743e-14 -4.0063212814e-09 4.2251068626e-14
d  1.5829198109e-02 9.1956306347e-01 2.0000000000e-01 3.9711607776e-02 3.0000000000e+02 -3.9710648402e-09 -6.1656427878e-14 3.9711625619e-09 3.9710616600e-09 -7.8367591058e-15 6.1635381447e-14 -3.9711576913e-09 4.2234935102e-14
d  1.5831140015e-02 9.1820372901e-01 2.0000000000e-01 3.9290682616e-02 3.0000000000e+02 -3.9289722452e-09 -6.1655355198e-14 3.9290708345e-09 3.9289677111e-09 -7.7319389901e-15 6.1633954950e-14 -3.9290638204e-09 4.2209479438e-14
d  1.5833470304e-02 9.1657252765e-01 2.0000000000e-01 3.8787044517e-02 3.0000000000e+02 -3.8786083369e-09 -6.1657590080e-14 3.8787056945e-09 3.8786060844e-09 -7.6057840163e-15 6.1637039428e-14 -3.8787022936e-09 4.2180497107e-14
d  1.5834868477e-02 9.1559380683e-01 2.0000000000e-01 3.8485636958e-02 3.0000000000e+02 -3.8484675232e-09 -6.1657499790e-14 3.8485644843e-09 3.8484661280e-09 -7.5307348965e-15 6.1636955680e-14 -3.8485623949e-09 4.2162047280e-14
d  1.5836546284e-02 9.1441934185e-01 2.0000000000e-01 3.8124716611e-02 3.0000000000e+02 -3.8123754174e-09 -6.1659453827e-14 3.8124742012e-09 3.8123711287e-09 -7.4410229656e-15 6.1637828121e-14 -3.8124674644e-09 4.2139591069e-14
d  1.5838559653e-02 9.1300998387e-01 2.0000000000e-01 3.7692722000e-02 3.0000000000e+02 -3.7691758668e-09 -6.1667669667e-14 3.7692736165e-09 3.7691734094e-09 -7.3323407402e-15 6.1646932977e-14 -3.7692698361e-09 4.2115481437e-14
d  1.5840975696e-02 9.1131875430e-01 2.0000000000e-01 3.7175947247e-02 3.0000000000e+02 -3.7174982914e-09 -6.1669019454e-14 3.7176009643e-09 3.7174877077e-09 -7.2044752122e-15 6.1646380291e-14 -3.7175842304e-09 4.2081580741e-14
d  1.5842425322e-02 9.1030401656e-01 2.0000000000e-01 3.6866720559e-02 3.0000000000e+02 -3.6865755483e-09 -6.1692069367e-14 3.6866733120e-09 3.6865734518e-09 -7.1248765002e-15 6.1671240460e-14 -3.6866700526e-09 4.2068351985e-14
d  1.5844164873e-02 9.0908633127e-01 2.0000000000e-01 3.6496506757e-02 3.0000000000e+02 -3.6495541058e-09 -6.1674981206e-14 3.6496543582e-09 3.6495481413e-09 -7.0350549939e-15 6.1652728175e-14 -3.6496448012e-09 4.2039473480e-14
d  1.5846252334e-02 9.0762510892e-01 2.0000000000e-01 3.6053459195e-02 3.0000000000e+02 -3.6052492482e-09 -6.1695773847e-14 3.6053483928e-09 3.6052451704e-09 -6.9227427157e-15 6.1674545631e-14 -3.6053419336e-09 4.2016146518e-14
d  1.5848757287e-02 9.0587164210e-01 2.0000000000e-01 3.5523572513e-02 3.0000000000e+02 -3.5522604726e-09 -6.1702503976e-14 3.5523594313e-09 3.5522568455e-09 -6.7908283221e-15 6.1681624605e-14 -3.5523537165e-09 4.1982211028e-14
d  1.5850260259e-02 9.0481956201e-01 2.0000000000e-01 3.5206572145e-02 3.0000000000e+02 -3.5205603669e-09 -6.1711896228e-14 3.5206593274e-09 3.5205570276e-09 -6.7116131127e-15 6.1690563539e-14 -3.5206539665e-09 4.1962594637e-14
d  1.5852063826e-02 9.0355706590e-01 2.0000000000e-01 3.4827099800e-02 3.0000000000e+02 -3.4826130509e-09 -6.1722027493e-14 3.4827143276e-09 3.4826062850e-09 -6.6172426876e-15 6.1699486328e-14 -3.4827033027e-09 4.1937916072e-14
d  1.5854228106e-02 9.0204207057e-01 2.0000000000e-01 3.4373066954e-02 3.0000000000e+02 -3.4372096631e-09 -6.1741032492e-14 3.4373133306e-09 3.4371992784e-09 -6.5033962121e-15 6.1717888829e-14 -3.4372963980e-09 4.1910338605e-14
d  1.5855526673e-02 9.0113307337e-01 2.0000000000e-01 3.4101346640e-02 3.0000000000e+02 -3.4100375652e-09 -6.1758651370e-14 3.4101355111e-09 3.4100362363e-09 -6.4336708898e-15 6.1738020117e-14 -3.4101334273e-09 4.1897254677e-14
d  1.5857084955e-02 9.0004227673e-01 2.0000000000e-01 3.3775998307e-02 3.0000000000e+02 -3.3775026755e-09 -6.1749454587e-14 3.3776029290e-09 3.3774980520e-09 -6.3551955995e-15 6.1727316054e-14 -3.3775952962e-09 4.1869814658e-14
d  1.5858954892e-02 8.9873332076e-01 2.0000000000e-01 3.3386581328e-02 3.0000000000e+02 -3.3385608784e-09 -6.1777760029e-14 3.3386612214e-09 3.3385562034e-09 -6.2561852454e-15 6.1756035303e-14 -3.3386535474e-09 4.1848886891e-14
d  1.5861198817e-02 8.9716257360e-01 2.0000000000e-01 3.2920749738e-02 3.0000000000e+02 -3.2919776153e-09 -6.1794474134e-14 3.2920825614e-09 3.2919661475e-09 -6.1406004926e-15 6.1771043882e-14 -3.2920635919e-09 4.1816932519e-14
d  1.5862545173e-02 8.9622012531e-01 2.0000000000e-01 3.2642013164e-02 3.0000000000e+02 -3.2641038813e-09 -6.1818966751e-14 3.2642026795e-09 3.2641018683e-09 -6.0683998656e-15 6.1797995235e-14 -3.2641993942e-09 4.1804611215e-14
d  1.5864160799e-02 8.9508918735e-01 2.0000000000e-01 3.2308315167e-02 3.0000000000e+02 -3.2307340211e-09 -6.1817191467e-14 3.2308363653e-09 3.2307270886e-09 -5.9880785390e-15 6.1793992081e-14 -3.2308246705e-09 4.1775519452e-14
d  1.5866099550e-02 8.9373206180e-01 2.0000000000e-01 3.1908970651e-02 3.0000000000e+02 -3.1907994599e-09 -6.1853855489e-14 3.1908977459e-09 3.1907983959e-09 -5.8852873759e-15 6.1833492545e-14 -3.1908960930e-09 4.1756046785e-14
d  1.5868426052e-02 8.9210351115e-01 2.0000000000e-01 3.1431376330e-02 3.0000000000e+02 -3.1430399227e-09 -6.1867323673e-14 3.1431472908e-09 3.1430258718e-09 -5.7685146795e-15 6.1843161245e-14 -3.1431236658e-09 4.1718333945e-14
d  1.5869821953e-02 8.9112638076e-01 2.0000000000e-01 3.1145644853e-02 3.0000000000e+02 -3.1144666818e-09 -6.1917328957e-14 3.1145668288e-09 3.1144634110e-09 -5.6927112572e-15 6.1895732282e-14 -3.1145613035e-09 4.1709518661e-14
d  1.5871497034e-02 8.8995382428e-01 2.0000000000e-01 3.0803632136e-02 3.0000000000e+02 -3.0802653469e-09 -6.1906217832e-14 3.0803697086e-09 3.0802564422e-09 -5.6111428035e-15 6.1882123078e-14 -3.0803543927e-09 4.1677078401e-14
d  1.5873507131e-02 8.8854675652e-01 2.0000000000e-01 3.0394411686e-02 3.0000000000e+02 -3.0393431808e-09 -6.1955623725e-14 3.0394411409e-09 3.0393431302e-09 -5.5049103291e-15 6.1935637831e-14 -3.0394412099e-09 4.1658287757e-14
d  1.5874713189e-02 8.8770251586e-01 2.0000000000e-01 3.0149528598e-02 3.0000000000e+02 -3.0148548230e-09 -6.1955281113e-14 3.0149537261e-09 3.0148536212e-09 -5.4457644761e-15 6.1934580734e-14 -3.0149517484e-09 4.1636511946e-14
d  1.5876160460e-02 8.8668942707e-01 2.0000000000e-01 2.9856295252e-02 3.0000000000e+02 -2.9855314038e-09 -6.1986351475e-14 2.9856330035e-09 2.9855268375e-09 -5.3718691799e-15 6.1963750013e-14 -2.9856250453e-09 4.1617917111e-14
d  1.5877897184e-02 8.8547372052e-01 2.0000000000e-01 2.9505327857e-02 3.0000000000e+02 -2.9504345660e-09 -6.2021424526e-14 2.9505386181e-09 2.9504268299e-09 -5.2833548012e-15 6.1997911529e-14 -2.9505251340e-09 4.1595510438e-14
d  1.5879981253e-02 8.8401487266e-01 2.0000000000e-01 2.9085494197e-02 3.0000000000e+02 -2.9084510843e-09 -6.2060326654e-14 2.9085567545e-09 2.9084412442e-09 -5.1776529778e-15 6.2036767705e-14 -2.9085396636e-09 4.1567886793e-14
d  1.5881231694e-02 8.8313956394e-01 2.0000000000e-01 2.8834287072e-02 3.0000000000e+02 -2.8833302956e-09 -6.2086017569e-14 2.8834301024e-09 2.8833284791e-09 -5.1128885602e-15 6.2064938325e-14 -2.8834269798e-09 4.1554573863e-14
d  1.5882732224e-02 8.8208919348e-01 2.0000000000e-01 2.8533549142e-02 3.0000000000e+02 -2.8532564352e-09 -6.2100269479e-14 2.8533606868e-09 2.8532491871e-09 -5.0405236261e-15 6.2076141078e-14 -2.8533477489e-09 4.1526666972e-14
d  1.5884532859e-02 8.8082874893e-01 2.0000000000e-01 2.8173646924e-02 3.0000000000e+02 -2.8172660927e-09 -6.2156118946e-14 2.8173667635e-09 2.8172633884e-09 -4.9467430787e-15 6.2134927844e-14 -2.8173620766e-09 4.1509822179e-14
d  1.5886693622e-02 8.7931621547e-01 2.0000000000e-01 2.7743222579e-02 3.0000000000e+02 -2.7742235432e-09 -6.2187930936e-14 2.7743228096e-09 2.7742227488e-09 -4.8395977081e-15 6.2167675773e-14 -2.7743215537e-09 4.1477395726e-14
d  1.5887990080e-02 8.7840869539e-01 2.0000000000e-01 2.7485732055e-02 3.0000000000e+02 -2.7484744126e-09 -6.2218370038e-14 2.7485756292e-09 2.7484714398e-09 -4.7751666484e-15 6.2196577053e-14 -2.7485703197e-09 4.1458963210e-14
d  1.5889545829e-02 8.7731967130e-01 2.0000000000e-01 2.7177500339e-02 3.0000000000e+02 -2.7176511421e-09 -6.2262246684e-14 2.7177585887e-09 2.7176408623e-09 -4.6980609749e-15 6.2236398901e-14 -2.7177398327e-09 4.1436950356e-14
d  1.5891412728e-02 8.7601284239e-01 2.0000000000e-01 2.6808701768e-02 3.0000000000e+02 -2.6807711578e-09 -6.2324919072e-14 2.6808647513e-09 2.6807776528e-09 -4.6003231517e-15 6.2307896344e-14 -2.6808767682e-09 4.1422149736e-14
d  1.5892532867e-02 8.7522874504e-01 2.0000000000e-01 2.6588024893e-02 3.0000000000e+02 -2.6587034355e-09 -6.2309657872e-14 2.6588033283e-09 2.6587024079e-09 -4.5508161323e-15 6.2288918068e-14 -2.6588015504e-09 4.1392271233e-14
d  1.5893877034e-02 8.7428782822e-01 2.0000000000e-01 2.6323758566e-02 3.0000000000e+02 -2.6322766877e-09 -6.2380069924e-14 2.6323794352e-09 2.6322725781e-09 -4.4809034880e-15 6.2357154362e-14 -2.6323718312e-09 4.1382196769e-14
d  1.5895490035e-02 8.7315872805e-01 2.0000000000e-01 2.6007466735e-02 3.0000000000e+02 -2.6006474030e-09 -6.2425266021e-14 2.6007560178e-09 2.6006365727e-09 -4.4021296683e-15 6.2399161821e-14 -2.6007359208e-09 4.1358023214e-14
d  1.5897425636e-02 8.7180380783e-01 2.0000000000e-01 2.5629099915e-02 3.0000000000e+02 -2.5628105842e-09 -6.2495478326e-14 2.5629115083e-09 2.5628087215e-09 -4.3032801122e-15 6.2474684168e-14 -2.5629082169e-09 4.1339078201e-14
d  1.5898586996e-02 8.7099085570e-01 2.0000000000e-01 2.5402719945e-02 3.0000000000e+02 -2.5401725261e-09 -6.2508655432e-14 2.5402733335e-09 2.5401709946e-09 -4.2484893470e-15 6.2487525167e-14 -2.5402705504e-09 4.1317344234e-14
d  1.5899980629e-02 8.7001531315e-01 2.0000000000e-01 2.5131682497e-02 3.0000000000e+02 -2.5130686814e-09 -6.2558211911e-14 2.5131744403e-09 2.5130618993e-09 -4.1805288652e-15 6.2533386523e-14 -2.5131615474e-09 4.1297439299e-14
d  1.5901652988e-02 8.6884466208e-01 2.0000000000e-01 2.4807322450e-02 3.0000000000e+02 -2.4806325482e-09 -6.2630661700e-14 2.4807375535e-09 2.4806265893e-09 -4.0961274447e-15 6.2607349326e-14 -2.4807263687e-09 4.1280333142e-14
d  1.5903659819e-02 8.6743988080e-01 2.0000000000e-01 2.4419394711e-02 3.0000000000e+02 -2.4418396390e-09 -6.2691566758e-14 2.4419450321e-09 2.4418332906e-09 -3.9985218266e-15 6.2668790862e-14 -2.4419332061e-09 4.1251518940e-14
d  1.5904863918e-02 8.6659701204e-01 2.0000000000e-01 2.4187316507e-02 3.0000000000e+02 -2.4186317249e-09 -6.2743953383e-14 2.4187339732e-09 2.4186292344e-09 -3.9384512552e-15 6.2722077262e-14 -2.4187292456e-09 4.1238238627e-14
d  1.5906308836e-02 8.6558556952e-01 2.0000000000e-01 2.3909506322e-02 3.0000000000e+02 -2.3908506080e-09 -6.2786158464e-14 2.3909511182e-09 2.3908500175e-09 -3.8686895381e-15 6.2765796209e-14 -2.3909501299e-09 4.1216861790e-14
d  1.5908042738e-02 8.6437183849e-01 2.0000000000e-01 2.3577108236e-02 3.0000000000e+02 -2.3576106679e-09 -6.2854145305e-14 2.3577114630e-09 2.3576099033e-09 -3.7842257495e-15 6.2833764438e-14 -2.3577101470e-09 4.1193801111e-14
d  1.5910123420e-02 8.6291536126e-01 2.0000000000e-01 2.3179637478e-02 3.0000000000e+02 -2.3178634279e-09 -6.2944298141e-14 2.3179642597e-09 2.3178627890e-09 -3.6826236369e-15 6.2924054715e-14 -2.3179631970e-09 4.1167466276e-14
d  1.5911371830e-02 8.6204147492e-01 2.0000000000e-01 2.2941900718e-02 3.0000000000e+02 -2.2940896529e-09 -6.2999100438e-14 2.2941943669e-09 2.2940853171e-09 -3.6230906789e-15 6.2975780844e-14 -2.2941858178e-09 4.1148983469e-14
d  1.5912869921e-02 8.6099281132e-01 2.0000000000e-01 2.2657343028e-02 3.0000000000e+02 -2.2656337504e-09 -6.3083016507e-14 2.2657349516e-09 2.2656330214e-09 -3.5479982090e-15 6.3062554018e-14 -2.2657336612e-09 4.1135412717e-14
d  1.5914667631e-02 8.5973441499e-01 2.0000000000e-01 2.2316947426e-02 3.0000000000e+02 -2.2315940532e-09 -6.3150734311e-14 2.2316969465e-09 2.2315917337e-09 -3.4630911943e-15 6.3129481601e-14 -2.2316925087e-09 4.1107280583e-14
d  1.5915746256e-02 8.5897937720e-01 2.0000000000e-01 2.2113264047e-02 3.0000000000e+02 -2.2112256147e-09 -6.3215843535e-14 2.2113276430e-09 2.2112243863e-09 -3.4098466754e-15 6.3194696154e-14 -2.2113252621e-09 4.1096401740e-14
d  1.5917040607e-02 8.5807333184e-01 2.0000000000e-01 2.1869402797e-02 3.0000000000e+02 -2.1868393819e-09 -6.3275937860e-14 2.1869464693e-09 2.1868335638e-09 -3.3493802074e-15 6.3250647252e-14 -2.1869345391e-09 4.1075635272e-14
d  1.5918593828e-02 8.5698607742e-01 2.0000000000e-01 2.1577552679e-02 3.0000000000e+02 -2.1576542167e-09 -6.3379266482e-14 2.1577557995e-09 2.1576536252e-09 -3.2709916460e-15 6.3358904286e-14 -2.1577547636e-09 4.1064457186e-14
d  1.5920457694e-02 8.5568137210e-01 2.0000000000e-01 2.1228498777e-02 3.0000000000e+02 -2.1227486748e-09 -6.3456845954e-14 2.1228504520e-09 2.1227480306e-09 -3.1839876504e-15 6.3436534578e-14 -2.1228493205e-09 4.1034782355e-14
d  1.5921576013e-02 8.5489854892e-01 2.0000000000e-01 2.1019670574e-02 3.0000000000e+02 -2.1018657442e-09 -6.3528958168e-14 2.1019691880e-09 2.1018637769e-09 -3.1302211645e-15 6.3507067106e-14 -2.1019651740e-09 4.1021519590e-14
d  1.5922917996e-02 8.5395916109e-01 2.0000000000e-01 2.0769670215e-02 3.0000000000e+02 -2.0768655739e-09 -6.3617080604e-14 2.0769675494e-09 2.0768650207e-09 -3.0647661885e-15 6.3596648555e-14 -2.0769665549e-09 4.1007829766e-14
d  1.5924528375e-02 8.5283189571e-01 2.0000000000e-01 2.0470537256e-02 3.0000000000e+02 -2.0469521264e-09 -6.3708458166e-14 2.0470564323e-09 2.0469495774e-09 -2.9890884190e-15 6.3686695873e-14 -2.0470512604e-09 4.0985118776e-14
d  1.5926460831e-02 8.5147917724e-01 2.0000000000e-01 2.0112814529e-02 3.0000000000e+02 -2.0111796514e-09 -6.3843892552e-14 2.0112831350e-09 2.0111780009e-09 -2.8956964047e-15 6.3823022984e-14 -2.0112798877e-09 4.0964753311e-14
d  1.5927620304e-02 8.5066754616e-01 2.0000000000e-01 1.9898838221e-02 3.0000000000e+02 -1.9897819025e-09 -6.3919898366e-14 1.9898877547e-09 1.9897785062e-09 -2.8416309703e-15 6.3896554715e-14 -1.9898805062e-09 4.0948447567e-14
d  1.5929011672e-02 8.4969358886e-01 2.0000000000e-01 1.9642706888e-02 3.0000000000e+02 -1.9641686125e-09 -6.4029261102e-14 1.9642714648e-09 1.9641678725e-09 -2.7735490130e-15 6.4008653198e-14 -1.9642700346e-09 4.0936561059e-14
d  1.5930681314e-02 8.4852484011e-01 2.0000000000e-01 1.9336282233e-02 3.0000000000e+02 -1.9335259733e-09 -6.4137267598e-14 1.9336221263e-09 1.9335311755e-09 -2.6941684862e-15 6.4121059895e-14 -1.9336335201e-09 4.0916796026e-14
d  1.5931683098e-02 8.4782359085e-01 2.0000000000e-01 1.9152931616e-02 3.0000000000e+02 -1.9151908170e-09 -6.4189315897e-14 1.9152942143e-09 1.9151899112e-09 -2.6508086420e-15 6.4168238693e-14 -1.9152923403e-09 4.0895654329e-14
d  1.5932885240e-02 8.4698209175e-01 2.0000000000e-01 1.8933372668e-02 3.0000000000e+02 -1.8932347526e-09 -6.4325829651e-14 1.8933427532e-09 1.8932303691e-09 -2.5910293651e-15 6.4300654039e-14 -1.8933329597e-09 4.0889832237e-14
d  1.5934327811e-02 8.4597229283e-01 2.0000000000e-01 1.8670590979e-02 3.0000000000e+02 -1.8669564105e-09 -6.4450172376e-14 1.8670599036e-09 1.8669556746e-09 -2.5207930765e-15 6.4429568386e-14 -1.8670584473e-09 4.0878238808e-14
d  1.5936058895e-02 8.4476053412e-01 2.0000000000e-01 1.8356272164e-02 3.0000000000e+02 -1.8355243368e-09 -6.4571673790e-14 1.8356308084e-09 1.8355212698e-09 -2.4419565811e-15 6.4549540146e-14 -1.8356242315e-09 4.0852175689e-14
d  1.5937097546e-02 8.4403347889e-01 2.0000000000e-01 1.8168201184e-02 3.0000000000e+02 -1.8167170952e-09 -6.4683463652e-14 1.8168218906e-09 1.8167156916e-09 -2.3910529676e-15 6.4661724393e-14 -1.8168187976e-09 4.0845886217e-14
d  1.5938343926e-02 8.4316101262e-01 2.0000000000e-01 1.7943040587e-02 3.0000000000e+02 -1.7942008833e-09 -6.4785379104e-14 1.7943045493e-09 1.7942004324e-09 -2.3330349092e-15 6.4764935427e-14 -1.7943036930e-09 4.0830795164e-14
d  1.5939839583e-02 8.4211405310e-01 2.0000000000e-01 1.7673597610e-02 3.0000000000e+02 -1.7672563907e-09 -6.4924014436e-14 1.7673674420e-09 1.7672503848e-09 -2.2645989957e-15 6.4898504263e-14 -1.7673538300e-09 4.0811166159e-14
d  1.5941634372e-02 8.4085770167e-01 2.0000000000e-01 1.7351318297e-02 3.0000000000e+02 -1.7350281956e-09 -6.5130125693e-14 1.7351327890e-09 1.7350273520e-09 -2.1760651337e-15 6.5109581659e-14 -1.7351310708e-09 4.0803076653e-14
d  1.5942711245e-02 8.4010389081e-01 2.0000000000e-01 1.7158528739e-02 3.0000000000e+02 -1.7157491084e-09 -6.5212920050e-14 1.7158560913e-09 1.7157467493e-09 -2.1289837004e-15 6.5189890931e-14 -1.7158505946e-09 4.0784116370e-14
d  1.5944003492e-02 8.3919931778e-01 2.0000000000e-01 1.6927727114e-02 3.0000000000e+02 -1.6926687458e-09 -6.5368819491e-14 1.6927734734e-09 1.6926681213e-09 -2.0660931933e-15 6.5348158735e-14 -1.6927721712e-09 4.0777336638e-14
d  1.5945554189e-02 8.3811383014e-01 2.0000000000e-01 1.6651563245e-02 3.0000000000e+02 -1.6650521368e-09 -6.5527055340e-14 1.6651573603e-09 1.6650512950e-09 -1.9947316984e-15 6.5506344292e-14 -1.6651555668e-09 4.0759688653e-14
d  1.5946484607e-02 8.3746253756e-01 2.0000000000e-01 1.6486281447e-02 3.0000000000e+02 -1.6485238100e-09 -6.5640779263e-14 1.6486289568e-09 1.6485231979e-09 -1.9507620425e-15 6.5619856749e-14 -1.6486276162e-09 4.0752489248e-14
d  1.5947601109e-02 8.3668098646e-01 2.0000000000e-01 1.6288356607e-02 3.0000000000e+02 -1.6287311516e-09 -6.5771759817e-14 1.6288399233e-09 1.6287282804e-09 -1.8997718345e-15 6.5747295804e-14 -1.6288328661e-09 4.0740048977e-14
d  1.5948940912e-02 8.3574312515e-01 2.0000000000e-01 1.6051427235e-02 3.0000000000e+02 -1.6050379856e-09 -6.5954563255e-14 1.6051436300e-09 1.6050372883e-09 -1.8344543385e-15 6.5933809957e-14 -1.6051421099e-09 4.0735116134e-14
d  1.5950548674e-02 8.3461769157e-01 2.0000000000e-01 1.5767966054e-02 3.0000000000e+02 -1.5766916123e-09 -6.6140249530e-14 1.5767962403e-09 1.5766917838e-09 -1.7608299502e-15 6.6120489289e-14 -1.5767968624e-09 4.0718134846e-14
d  1.5951513332e-02 8.3394243142e-01 2.0000000000e-01 1.5598337363e-02 3.0000000000e+02 -1.5597285770e-09 -6.6268475183e-14 1.5598350598e-09 1.5597276748e-09 -1.7164825590e-15 6.6247031091e-14 -1.5598329163e-09 4.0709234748e-14
d  1.5952670921e-02 8.3313211924e-01 2.0000000000e-01 1.5395217398e-02 3.0000000000e+02 -1.5394163684e-09 -6.6438954694e-14 1.5395290771e-09 1.5394117266e-09 -1.6633370699e-15 6.6411577096e-14 -1.5395171686e-09 4.0699263629e-14
d  1.5954060028e-02 8.3215974463e-01 2.0000000000e-01 1.5152082464e-02 3.0000000000e+02 -1.5151026032e-09 -6.6664175606e-14 1.5152089449e-09 1.5151020708e-09 -1.5942051675e-15 6.6643619108e-14 -1.5152077975e-09 4.0699698501e-14
d  1.5955726956e-02 8.3099289509e-01 2.0000000000e-01 1.4861232592e-02 3.0000000000e+02 -1.4860173255e-09 -6.6873774600e-14 1.4861255953e-09 1.4860156937e-09 -1.5201682729e-15 6.6852307238e-14 -1.4861217091e-09 4.0679307796e-14
d  1.5956727113e-02 8.3029278537e-01 2.0000000000e-01 1.4687190127e-02 3.0000000000e+02 -1.4686128708e-09 -6.7047918366e-14 1.4687213353e-09 1.4686114289e-09 -1.4724065537e-15 6.7025483074e-14 -1.4687176506e-09 4.0676363237e-14
d  1.5957927302e-02 8.2945265370e-01 2.0000000000e-01 1.4478798278e-02 3.0000000000e+02 -1.4477734427e-09 -6.7240695205e-14 1.4478804370e-09 1.4477730021e-09 -1.4160197120e-15 6.7220106808e-14 -1.4478794705e-09 4.0670397559e-14
d  1.5959367528e-02 8.2844449570e-01 2.0000000000e-01 1.4229386322e-02 3.0000000000e+02 -1.4228319506e-09 -6.7473746534e-14 1.4229425722e-09 1.4228294744e-09 -1.3503835238e-15 6.7450736697e-14 -1.4229362344e-09 4.0659344332e-14
d  1.5960231664e-02 8.2783960091e-01 2.0000000000e-01 1.4080075979e-02 3.0000000000e+02 -1.4079007144e-09 -6.7648391323e-14 1.4080081597e-09 1.4079003311e-09 -1.3074880816e-15 6.7627679882e-14 -1.4080072975e-09 4.0661750287e-14
d  1.5961268626e-02 8.2711372715e-01 2.0000000000e-01 1.3901249596e-02 3.0000000000e+02 -1.3900178629e-09 -6.7807358811e-14 1.3901278326e-09 1.3900162361e-09 -1.2621714414e-15 6.7784002940e-14 -1.3901234105e-09 4.0649677463e-14
d  1.5962512982e-02 8.2624267863e-01 2.0000000000e-01 1.3687129454e-02 3.0000000000e+02 -1.3686055494e-09 -6.8060101338e-14 1.3687137163e-09 1.3686050368e-09 -1.2016266811e-15 6.8039386414e-14 -1.3687125153e-09 4.0651040706e-14
d  1.5964006208e-02 8.2519742042e-01 2.0000000000e-01 1.3430875220e-02 3.0000000000e+02 -1.3429797813e-09 -6.8334075711e-14 1.3430940191e-09 1.3429759507e-09 -1.1345390548e-15 6.8309318261e-14 -1.3430837657e-09 4.0640058234e-14
d  1.5964902144e-02 8.2457026549e-01 2.0000000000e-01 1.3277470416e-02 3.0000000000e+02 -1.3276390568e-09 -6.8554934631e-14 1.3277479182e-09 1.3276385308e-09 -1.0885093861e-15 6.8533866665e-14 -1.3277465973e-09 4.0648187755e-14
d  1.5965977267e-02 8.2381767958e-01 2.0000000000e-01 1.3093750506e-02 3.0000000000e+02 -1.3092668213e-09 -6.8732491898e-14 1.3093799258e-09 1.3092642619e-09 -1.0432752531e-15 6.8707014776e-14 -1.3093725644e-09 4.0633390850e-14
d  1.5967267415e-02 8.2291457648e-01 2.0000000000e-01 1.2873769608e-02 3.0000000000e+02 -1.2872683698e-09 -6.9048255756e-14 1.2873776462e-09 1.2872679264e-09 -9.7868882201e-16 6.9027645233e-14 -1.2873765997e-09 4.0641947779e-14
d  1.5968815592e-02 8.2183085277e-01 2.0000000000e-01 1.2610501336e-02 3.0000000000e+02 -1.2609411356e-09 -6.9371891274e-14 1.2610506978e-09 1.2609407461e-09 -9.0834260991e-16 6.9351495102e-14 -1.2610498268e-09 4.0635133465e-14
d  1.5969744498e-02 8.2118061854e-01 2.0000000000e-01 1.2452911147e-02 3.0000000000e+02 -1.2451818493e-09 -6.9598633996e-14 1.2452925800e-09 1.2451810699e-09 -8.6487421819e-16 6.9576915461e-14 -1.2452904154e-09 4.0635345210e-14
d  1.5970859186e-02 8.2040033746e-01 2.0000000000e-01 1.2264156880e-02 3.0000000000e+02 -1.2263060901e-09 -6.9879903792e-14 1.2264160849e-09 1.2263058186e-09 -8.1165839818e-16 6.9859474594e-14 -1.2264154990e-09 4.0638386939e-14
d  1.5972196811e-02 8.1946400017e-01 2.0000000000e-01 1.2038157500e-02 3.0000000000e+02 -1.2037057491e-09 -7.0214121082e-14 1.2038211818e-09 1.2037029803e-09 -7.5070075799e-16 7.0189469659e-14 -1.2038130553e-09 4.0636058656e-14
d  1.5973801961e-02 8.1834039542e-01 2.0000000000e-01 1.1767657341e-02 3.0000000000e+02 -1.1766552055e-09 -7.0672218935e-14 1.1767700041e-09 1.1766529424e-09 -6.7260443755e-16 7.0649341289e-14 -1.1767635483e-09 4.0646567258e-14
d  1.5974765051e-02 8.1766623257e-01 2.0000000000e-01 1.1605732029e-02 3.0000000000e+02 -1.1604623574e-09 -7.0939277715e-14 1.1605757561e-09 1.1604611414e-09 -6.2767973782e-16 7.0916392428e-14 -1.1605720644e-09 4.0648716215e-14
d  1.5975920759e-02 8.1685723715e-01 2.0000000000e-01 1.1411782974e-02 3.0000000000e+02 -1.1410670577e-09 -7.1267777352e-14 1.1411788099e-09 1.1410667480e-09 -5.7318569344e-16 7.1247243383e-14 -1.1411780695e-09 4.0653088554e-14
d  1.5977307609e-02 8.1588644265e-01 2.0000000000e-01 1.1179542932e-02 3.0000000000e+02 -1.1178425571e-09 -7.1686034608e-14 1.1179551159e-09 1.1178420965e-09 -5.0798243031e-16 7.1665356646e-14 -1.1179539141e-09 4.0659279709e-14
d  1.5978139719e-02 8.1530396595e-01 2.0000000000e-01 1.1040460566e-02 3.0000000000e+02 -1.1039340058e-09 -7.1958964893e-14 1.1040465697e-09 1.1039337185e-09 -4.6815059349e-16 7.1938263978e-14 -1.1040458507e-09 4.0665674813e-14
d  1.5979138250e-02 8.1460499391e-01 2.0000000000e-01 1.0873812671e-02 3.0000000000e+02 -1.0872688312e-09 -7.2287380116e-14 1.0873840460e-09 1.0872676325e-09 -4.2157101260e-16 7.2263874735e-14 -1.0873801443e-09 4.0670945031e-14
d  1.5980336489e-02 8.1376622746e-01 2.0000000000e-01 1.0674176304e-02 3.0000000000e+02 -1.0673047029e-09 -7.2717419579e-14 1.0674181078e-09 1.0673044225e-09 -3.6224984331e-16 7.2696940615e-14 -1.0674174314e-09 4.0686329142e-14
d  1.5981774374e-02 8.1275970772e-01 2.0000000000e-01 1.0435096496e-02 3.0000000000e+02 -1.0433961256e-09 -7.3221687524e-14 1.0435049233e-09 1.0433980826e-09 -2.9317613745e-16 7.3205434146e-14 -1.0435116963e-09 4.0700139893e-14
d  1.5982637106e-02 8.1215579587e-01 2.0000000000e-01 1.0291916367e-02 3.0000000000e+02 -1.0290777534e-09 -7.3517878074e-14 1.0291924421e-09 1.0290773711e-09 -2.5565003483e-16 7.3496816861e-14 -1.0291913346e-09 4.0700133843e-14
d  1.5983672383e-02 8.1143110166e-01 2.0000000000e-01 1.0120331640e-02 3.0000000000e+02 -1.0119187826e-09 -7.3974321528e-14 1.0120373721e-09 1.0119171263e-09 -2.0338070786e-16 7.3949201205e-14 -1.0120315804e-09 4.0720078174e-14
d  1.5984914717e-02 8.1056146860e-01 2.0000000000e-01 9.9147534042e-03 3.0000000000e+02 -9.9136036449e-10 -7.4495392327e-14 9.9147985318e-10 9.9135853388e-10 -1.4236165549e-16 7.4471027916e-14 -9.9147358352e-10 4.0739458484e-14
d  1.5986405517e-02 8.0951790894e-01 2.0000000000e-01 9.6685097406e-03 3.0000000000e+02 -9.6673525713e-10 -7.5136651903e-14 9.6685305783e-10 9.6673434206e-10 -6.9417195893e-17 7.5115060796e-14 -9.6685013779e-10 4.0763245164e-14
d  1.5987299997e-02 8.0889177314e-01 2.0000000000e-01 9.5210073938e-03 3.0000000000e+02 -9.5198456101e-10 -7.5536380862e-14 9.5210205298e-10 9.5198402626e-10 -2.6637939486e-17 7.5514709330e-14 -9.5210028337e-10 4.0776405621e-14
d  1.5988373373e-02 8.0814041018e-01 2.0000000000e-01 9.3442286101e-03 3.0000000000e+02 -9.3430610073e-10 -7.6042980609e-14 9.3442823280e-10 9.3430416571e-10 2.4408028329e-17 7.6016667450e-14 -9.3442099594e-10 4.0792957498e-14
d  1.5989661424e-02 8.0723877462e-01 2.0000000000e-01 9.1323769853e-03 3.0000000000e+02 -9.1312018649e-10 -7.6716636791e-14 9.1323864800e-10 9.1311976695e-10 9.1513495517e-17 7.6695750163e-14 -9.1323735893e-10 4.0828455035e-14
d  1.5991207085e-02 8.0615681196e-01 2.0000000000e-01 8.8785511685e-03 3.0000000000e+02 -8.8773668869e-10 -7.7502346062e-14 8.8785620201e-10 8.8773620919e-10 1.6611485495e-16 7.7481546479e-14 -8.8785471729e-10 4.0857980685e-14
d  1.5992134482e-02 8.0550763436e-01 2.0000000000e-01 8.7264691425e-03 3.0000000000e+02 -8.7252789486e-10 -7.8030427058e-14 8.7264903132e-10 8.7252714591e-10 2.1201632517e-16 7.8007821499e-14 -8.7264624189e-10 4.0881050265e-14
d  1.5993247358e-02 8.0472862125e-01 2.0000000000e-01 8.5441560110e-03 3.0000000000e+02 -8.5429583820e-10 -7.8691221094e-14 8.5442072382e-10 8.5429414620e-10 2.6742919120e-16 7.8665396416e-14 -8.5441397956e-10 4.0910855085e-14
d  1.5994582810e-02 8.0379380551e-01 2.0000000000e-01 8.3256047909e-03 3.0000000000e+02 -8.3243976982e-10 -7.9537094253e-14 8.3256005361e-10 8.3243982745e-10 3.3794244481e-16 7.9517478667e-14 -8.3256061866e-10 4.0957895254e-14
d  1.5995384081e-02 8.0323291606e-01 2.0000000000e-01 8.1946067287e-03 3.0000000000e+02 -8.1933939715e-10 -8.0018802075e-14 8.1946103066e-10 8.1933921656e-10 3.7549990647e-16 7.9998270523e-14 -8.1946057245e-10 4.0975228709e-14
d  1.5996345606e-02 8.0255984873e-01 2.0000000000e-01 8.0375167540e-03 3.0000000000e+02 -8.0362965840e-10 -8.0685024391e-14 8.0375355102e-10 8.0362905393e-10 4.2490199710e-16 8.0662445276e-14 -8.0375114727e-10 4.1009355021e-14
d  1.5997499436e-02 8.0175216793e-01 2.0000000000e-01 7.8491383897e-03 3.0000000000e+02 -7.8479089286e-10 -8.1516717117e-14 7.8491715004e-10 7.8478985869e-10 4.8461466557e-16 8.1493075740e-14 -7.8491287897e-10 4.1053010967e-14
d  1.5998884032e-02 8.0078295097e-01 2.0000000000e-01 7.6232436054e-03 3.0000000000e+02 -7.6220023814e-10 -8.2567947001e-14 7.6232608137e-10 7.6219964850e-10 5.5732838445e-16 8.2546442856e-14 -7.6232384888e-10 4.1110584556e-14
d  1.5999714789e-02 8.0020142079e-01 2.0000000000e-01 7.4878050630e-03 3.0000000000e+02 -7.4865565114e-10 -8.3219978379e-14 7.4878102657e-10 7.4865543853e-10 5.9963486475e-16 8.3199230083e-14 -7.4878037310e-10 4.1143747037e-14
d  1.6000711698e-02 7.9950358458e-01 2.0000000000e-01 7.3253561002e-03 3.0000000000e+02 -7.3240983120e-10 -8.4040702812e-14 7.3253797606e-10 7.3240915173e-10 6.5050468789e-16 8.4017551561e-14 -7.3253500547e-10 4.1185705924e-14
d  1.6001907989e-02 7.9866618113e-01 2.0000000000e-01 7.1304919794e-03 3.0000000000e+02 -7.1292223593e-10 -8.5111491138e-14 7.1305038905e-10 7.1292184604e-10 7.1523994833e-16 8.5090221498e-14 -7.1304888627e-10 4.1248274464e-14
d  1.6003343539e-02 7.9766129698e-01 2.0000000000e-01 6.8967371738e-03 3.0000000000e+02 -6.8954526177e-10 -8.6444918780e-14 6.8967473441e-10 6.8954491116e-10 7.9094662857e-16 8.6424056463e-14 -6.8967344559e-10 4.1322094345e-14
d  1.6004204868e-02 7.9705836650e-01 2.0000000000e-01 6.7565501500e-03 3.0000000000e+02 -6.7552561350e-10 -8.7301680945e-14 6.7565574502e-10 6.7552536719e-10 8.3604979254e-16 8.7280662497e-14 -6.7565484722e-10 4.1368962086e-14
d  1.6005238464e-02 7.9633484991e-01 2.0000000000e-01 6.5883671794e-03 3.0000000000e+02 -6.5870612164e-10 -8.8378096019e-14 6.5883911626e-10 6.5870549994e-10 8.9056919498e-16 8.8354995551e-14 -6.5883617088e-10 4.1428561859e-14
d  1.6006478778e-02 7.9546663001e-01 2.0000000000e-01 6.3865699994e-03 3.0000000000e+02 -6.3852487610e-10 -8.9766882234e-14 6.3865722994e-10 6.3852474342e-10 9.5910450702e-16 8.9746643967e-14 -6.3865694701e-10 4.1511828461e-14
d  1.6007222967e-02 7.9494569807e-01 2.0000000000e-01 6.2655271444e-03 3.0000000000e+02 -6.2641964720e-10 -9.0612292519e-14 6.2655560849e-10 6.2641898856e-10 9.9617801784e-16 9.0587442021e-14 -6.2655212726e-10 4.1554308877e-14
d  1.6008115993e-02 7.9432057975e-01 2.0000000000e-01 6.1202918647e-03 3.0000000000e+02 -6.1189490673e-10 -9.1734014077e-14 6.1202972571e-10 6.1189472038e-10 1.0471055352e-15 9.1713175157e-14 -6.1202907865e-10 4.1624304309e-14
d  1.6009187625e-02 7.9357043775e-01 2.0000000000e-01 5.9460205354e-03 3.0000000000e+02 -5.9446627459e-10 -9.3073638603e-14 5.9460400077e-10 5.9446580131e-10 1.1031085099e-15 9.3051195463e-14 -5.9460165577e-10 4.1697690919e-14
d  1.6010473583e-02 7.9267026736e-01 2.0000000000e-01 5.7369029112e-03 3.0000000000e+02 -5.7355257821e-10 -9.4846657880e-14 5.7369031687e-10 5.7355249365e-10 1.1745548884e-15 9.4826631948e-14 -5.7369028635e-10 4.1803534374e-14
d  1.6011245158e-02 7.9213016512e-01 2.0000000000e-01 5.6114798123e-03 3.0000000000e+02 -5.6100906797e-10 -9.5935224604e-14 5.6115131450e-10 5.6100839692e-10 1.2126715120e-15 9.5909802296e-14 -5.6114738030e-10 4.1858923282e-14
d  1.6012171048e-02 7.9148204244e-01 2.0000000000e-01 5.4610083040e-03 3.0000000000e+02 -5.4596037595e-10 -9.7373424311e-14 5.4610142819e-10 5.4596019213e-10 1.2653932487e-15 9.7352520942e-14 -5.4610072465e-10 4.1946996912e-14
d  1.6013282115e-02 7.9070429522e-01 2.0000000000e-01 5.2804955460e-03 3.0000000000e+02 -5.2790718517e-10 -9.9100769158e-14 5.2805086750e-10 5.2790687307e-10 1.3227766997e-15 9.9079166267e-14 -5.2804931919e-10 4.2041080026e-14
d  1.6014615397e-02 7.8977099856e-01 2.0000000000e-01 5.0639858100e-03 3.0000000000e+02 -5.0625374256e-10 -1.0137989474e-13 5.0639794447e-10 5.0625377745e-10 1.3947413759e-15 1.0136051991e-13 -5.0639869652e-10 4.2171955841e-14
d  1.6015415365e-02 7.8921102056e-01 2.0000000000e-01 4.9342113773e-03 3.0000000000e+02 -4.9327476042e-10 -1.0279155408e-13 4.9342127669e-10 4.9327466008e-10 1.4334105032e-15 1.0277133420e-13 -4.9342111643e-10 4.2244298406e-14
d  1.6016375328e-02 7.8853904696e-01 2.0000000000e-01 4.7786282607e-03 3.0000000000e+02 -4.7771449237e-10 -1.0460991327e-13 4.7786363642e-10 4.7771429115e-10 1.4823583438e-15 1.0458872080e-13 -4.7786270205e-10 4.2343220155e-14
d  1.6017527283e-02 7.8773267865e-01 2.0000000000e-01 4.5921722719e-03 3.0000000000e+02 -4.5906641987e-10 -1.0690562333e-13 4.5921679406e-10 4.5906640681e-10 1.5405464382e-15 1.0688613955e-13 -4.5921729429e-10 4.2467681622e-14
d  1.6018218456e-02 7.8724885766e-01 2.0000000000e-01 4.4804946816e-03 3.0000000000e+02 -4.4789712925e-10 -1.0832347548e-13 4.4805033620e-10 4.4789693531e-10 1.5710697231e-15 1.0830183532e-13 -4.4804935052e-10 4.2536201934e-14
d  1.6019047864e-02 7.8666827247e-01 2.0000000000e-01 4.3467040905e-03 3.0000000000e+02 -4.3451614010e-10 -1.1013898058e-13 4.3467251271e-10 4.3451578769e-10 1.6098910858e-15 1.1011527924e-13 -4.3467012923e-10 4.2629377365e-14
d  1.6019545508e-02 7.8631992136e-01 2.0000000000e-01 4.2665720967e-03 3.0000000000e+02 -4.2650174884e-10 -1.1127052375e-13 4.2665728481e-10 4.2650166139e-10 1.6332151259e-15 1.1125031861e-13 -4.2665720092e-10 4.2688151003e-14
d  1.6020142682e-02 7.8590190002e-01 2.0000000000e-01 4.1705694820e-03 3.0000000000e+02 -4.1690003843e-10 -1.1259225589e-13 4.1705708671e-10 4.1689994379e-10 1.6572520552e-15 1.1257190328e-13 -4.1705693197e-10 4.2748823846e-14
d  1.6020859290e-02 7.8540027442e-01 2.0000000000e-01 4.0556134341e-03 3.0000000000e+02 -4.0540261992e-10 -1.1430311116e-13 4.0556112930e-10 4.0540256628e-10 1.6882795940e-15 1.1428355788e-13 -4.0556136949e-10 4.2833255416e-14
d  1.6021289255e-02 7.8509929906e-01 2.0000000000e-01 3.9867940619e-03 3.0000000000e+02 -3.9851957969e-10 -1.1533658516e-13 3.9868120568e-10 3.9851930970e-10 1.7031553369e-15 1.1531080815e-13 -3.9867920521e-10 4.2876853402e-14
d  1.6021805213e-02 7.8473812862e-01 2.0000000000e-01 3.9043771517e-03 3.0000000000e+02 -3.9027651373e-10 -1.1667205042e-13 3.9043623568e-10 3.9027659062e-10 1.7273270524e-15 1.1665648231e-13 -3.9043787854e-10 4.2947959244e-14
d  1.6022424362e-02 7.8430472410e-01 2.0000000000e-01 3.8057398784e-03 3.0000000000e+02 -3.8041114313e-10 -1.1815290161e-13 3.8057395850e-10 3.8041106779e-10 1.7457533179e-15 1.1813297387e-13 -3.8057399144e-10 4.3005111110e-14
d  1.6022795852e-02 7.8404468139e-01 2.0000000000e-01 3.7467142821e-03 3.0000000000e+02 -3.7450755510e-10 -1.1916364110e-13 3.7467246496e-10 3.7450737560e-10 1.7589493612e-15 1.1913973974e-13 -3.7467132083e-10 4.3050631373e-14
d  1.6023241640e-02 7.8373263013e-01 2.0000000000e-01 3.6760506353e-03 3.0000000000e+02 -3.6743994087e-10 -1.2036952229e-13 3.6760502163e-10 3.6743986653e-10 1.7754825737e-15 1.2034966947e-13 -3.6760506818e-10 4.3106815573e-14
d  1.6023776585e-02 7.8335816863e-01 2.0000000000e-01 3.5915135749e-03 3.0000000000e+02 -3.5898472843e-10 -1.2176658735e-13 3.5915134772e-10 3.5898465104e-10 1.7905925439e-15 1.2174661565e-13 -3.5915135884e-10 4.3162128965e-14
d  1.6024418519e-02 7.8290881482e-01 2.0000000000e-01 3.4904804742e-03 3.0000000000e+02 -3.4887955887e-10 -1.2354264062e-13 3.4904792254e-10 3.4887949257e-10 1.8091890472e-15 1.2352293791e-13 -3.4904806027e-10 4.3235476888e-14
d  1.6024803680e-02 7.8263920254e-01 2.0000000000e-01 3.4301017385e-03 3.0000000000e+02 -3.4284055961e-10 -1.2461565511e-13 3.4301013114e-10 3.4284048515e-10 1.8181931154e-15 1.2459581040e-13 -3.4301017826e-10 4.3275945015e-14
d  1.6025265872e-02 7.8231566780e-01 2.0000000000e-01 3.3579052171e-03 3.0000000000e+02 -3.3561953299e-10 -1.2593214734e-13 3.3579054334e-10 3.3561945286e-10 1.8288448609e-15 1.2591207393e-13 -3.3579052002e-10 4.3326049297e-14
d  1.6025820503e-02 7.8192742611e-01 2.0000000000e-01 3.2716681945e-03 3.0000000000e+02 -3.2699415708e-10 -1.2753597873e-13 3.2716674373e-10 3.2699408550e-10 1.8403410193e-15 1.2751619064e-13 -3.2716682676e-10 4.3385406219e-14
d  1.6026153282e-02 7.8169448109e-01 2.0000000000e-01 3.2201530274e-03 3.0000000000e+02 -3.2184162956e-10 -1.2850527062e-13 3.2201330820e-10 3.2184171485e-10 1.8474167704e-15 1.2849374741e-13 -3.2201548093e-10 4.3422420054e-14
d  1.6026552616e-02 7.8141494708e-01 2.0000000000e-01 3.1585746513e-03 3.0000000000e+02 -3.1568258309e-10 -1.2960941560e-13 3.1585743886e-10 3.1568250707e-10 1.8492205901e-15 1.2958951993e-13 -3.1585746775e-10 4.3449652439e-14
d  1.6027031818e-02 7.8107950626e-01 2.0000000000e-01 3.0850467765e-03 3.0000000000e+02 -3.0832828646e-10 -1.3114023818e-13 3.0850541395e-10 3.0832814918e-10 1.8577315815e-15 1.3111782351e-13 -3.0850461466e-10 4.3507164851e-14
d  1.6027606859e-02 7.8067697727e-01 2.0000000000e-01 2.9973790030e-03 3.0000000000e+02 -2.9955970619e-10 -1.3288552354e-13 2.9973840828e-10 2.9955958762e-10 1.8633061168e-15 1.3286414946e-13 -2.9973785774e-10 4.3562593353e-14
d  1.6027951884e-02 7.8043545988e-01 2.0000000000e-01 2.9450980211e-03 3.0000000000e+02 -2.9433052511e-10 -1.3393157380e-13 2.9450977873e-10 2.9433044882e-10 1.8648006545e-15 1.3391166976e-13 -2.9450980432e-10 4.3592528298e-14
d  1.6028365914e-02 7.8014563902e-01 2.0000000000e-01 2.8826972154e-03 3.0000000000e+02 -2.8808913804e-10 -1.3518420971e-13 2.8827013559e-10 2.8808902956e-10 1.8648350322e-15 1.3516262165e-13 -2.8826968866e-10 4.3624945525e-14
d  1.6028862750e-02 7.7979785397e-01 2.0000000000e-01 2.8083280994e-03 3.0000000000e+02 -2.8065063967e-10 -1.3674775186e-13 2.8083302508e-10 2.8065054600e-10 1.8654101221e-15 1.3672707002e-13 -2.8083279337e-10 4.3668915542e-14
d  1.6029160852e-02 7.7958918295e-01 2.0000000000e-01 2.7639903190e-03 3.0000000000e+02 -2.7621591403e-10 -1.3766802664e-13 2.7639757622e-10 2.7621593680e-10 1.8653213465e-15 1.3765499656e-13 -2.7639914472e-10 4.3694067463e-14
d  1.6029518574e-02 7.7933877772e-01 2.0000000000e-01 2.7110800477e-03 3.0000000000e+02 -2.7092376142e-10 -1.3870261245e-13 2.7110806226e-10 2.7092367957e-10 1.8590421132e-15 1.3868235515e-13 -2.7110800069e-10 4.3707579344e-14
d  1.6029947840e-02 7.7903829144e-01 2.0000000000e-01 2.6480320730e-03 3.0000000000e+02 -2.6461757121e-10 -1.4014788208e-13 2.6480148032e-10 2.6461760981e-10 1.8590407106e-15 1.4013427856e-13 -2.6480333494e-10 4.3751317199e-14
d  1.6030462959e-02 7.7867770791e-01 2.0000000000e-01 2.5730490279e-03 3.0000000000e+02 -2.5711763745e-10 -1.4168394386e-13 2.5730502136e-10 2.5711755169e-10 1.8483641295e-15 1.4166358082e-13 -2.5730489453e-10 4.3771412967e-14
d  1.6030772031e-02 7.7846135779e-01 2.0000000000e-01 2.5284313660e-03 3.0000000000e+02 -2.5265487450e-10 -1.4273370700e-13 2.5284315694e-10 2.5265479537e-10 1.8447461962e-15 1.4271361297e-13 -2.5284313541e-10 4.3796812684e-14
d  1.6031142917e-02 7.7820173765e-01 2.0000000000e-01 2.4752752059e-03 3.0000000000e+02 -2.4733808427e-10 -1.4388282190e-13 2.4752774085e-10 2.4733799277e-10 1.8365460905e-15 1.4386186998e-13 -2.4752750554e-10 4.3813653755e-14
d  1.6031587980e-02 7.7789019348e-01 2.0000000000e-01 2.4120660411e-03 3.0000000000e+02 -2.4101575976e-10 -1.4528976739e-13 2.4120689339e-10 2.4101566423e-10 1.8262026235e-15 1.4526873241e-13 -2.4120658486e-10 4.3834997347e-14
d  1.6032122056e-02 7.7751634047e-01 2.0000000000e-01 2.3370888211e-03 3.0000000000e+02 -2.3351636449e-10 -1.4695697661e-13 2.3370885845e-10 2.3351628816e-10 1.8114115049e-15 1.4693704662e-13 -2.3370888389e-10 4.3855523417e-14
d  1.6032442502e-02 7.7729202867e-01 2.0000000000e-01 2.2925808493e-03 3.0000000000e+02 -2.2906457790e-10 -1.4793863978e-13 2.2925825511e-10 2.2906449042e-10 1.8002579646e-15 1.4791788014e-13 -2.2925807412e-10 4.3862663460e-14
d  1.6032827036e-02 7.7702285451e-01 2.0000000000e-01 2.2396645366e-03 3.0000000000e+02 -2.2377176285e-10 -1.4913805585e-13 2.2396561858e-10 2.2377173201e-10 1.7878042673e-15 1.4912154142e-13 -2.2396650665e-10 4.3874916649e-14
d  1.6033288478e-02 7.7669984551e-01 2.0000000000e-01 2.1769021703e-03 3.0000000000e+02 -2.1749413523e-10 -1.5049643212e-13 2.1769084126e-10 2.1749402311e-10 1.7673431088e-15 1.5047427423e-13 -2.1769017914e-10 4.3874223991e-14
d  1.6033842208e-02 7.7631223472e-01 2.0000000000e-01 2.1026948108e-03 3.0000000000e+02 -2.1007173765e-10 -1.5224085931e-13 2.1026798127e-10 2.1007174105e-10 1.7462978696e-15 1.5222514998e-13 -2.1026956963e-10 4.3888370445e-14
d  1.6034174446e-02 7.7607966824e-01 2.0000000000e-01 2.0587718627e-03 3.0000000000e+02 -2.0567849258e-10 -1.5311611003e-13 2.0587659250e-10 2.0567844546e-10 1.7271932042e-15 1.5309866993e-13 -2.0587722130e-10 4.3874590189e-14
d  1.6034573131e-02 7.7580058846e-01 2.0000000000e-01 2.0066817603e-03 3.0000000000e+02 -2.0046832904e-10 -1.5435158292e-13 2.0066832865e-10 2.0046824380e-10 1.7075597352e-15 1.5433096754e-13 -2.0066816753e-10 4.3875518258e-14
d  1.6035051554e-02 7.7546569274e-01 2.0000000000e-01 1.9450906677e-03 3.0000000000e+02 -1.9430787623e-10 -1.5575335484e-13 1.9450927632e-10 1.9430778839e-10 1.6818286009e-15 1.5573265475e-13 -1.9450905548e-10 4.3868647827e-14
d  1.6035625661e-02 7.7506381786e-01 2.0000000000e-01 1.8725491931e-03 3.0000000000e+02 -1.8705217397e-10 -1.5735196119e-13 1.8725373975e-10 1.8705215297e-10 1.6484138689e-15 1.5733522450e-13 -1.8725498155e-10 4.3851909325e-14
d  1.6035970125e-02 7.7482269294e-01 2.0000000000e-01 1.8297613375e-03 3.0000000000e+02 -1.8277249669e-10 -1.5821919636e-13 1.8297623216e-10 1.8277241472e-10 1.6241449675e-15 1.5819878651e-13 -1.8297612875e-10 4.3828627337e-14
d  1.6036383482e-02 7.7453334303e-01 2.0000000000e-01 1.7791670151e-03 3.0000000000e+02 -1.7771200042e-10 -1.5940561115e-13 1.7791680587e-10 1.7771191833e-10 1.5984400215e-15 1.5938520459e-13 -1.7791669636e-10 4.3816529581e-14
d  1.6036879511e-02 7.7418612314e-01 2.0000000000e-01 1.7195623837e-03 3.0000000000e+02 -1.7175032664e-10 -1.6066585602e-13 1.7195552449e-10 1.7175028014e-10 1.5639335083e-15 1.6064816161e-13 -1.7195627337e-10 4.3786421773e-14
d  1.6037177128e-02 7.7397779121e-01 2.0000000000e-01 1.6843911878e-03 3.0000000000e+02 -1.6823251338e-10 -1.6135460031e-13 1.6843882802e-10 1.6823244810e-10 1.5409794421e-15 1.6133600942e-13 -1.6843913344e-10 4.3760417605e-14
d  1.6037534268e-02 7.7372779289e-01 2.0000000000e-01 1.6427834197e-03 3.0000000000e+02 -1.6407091907e-10 -1.6226213012e-13 1.6427829027e-10 1.6407084380e-10 1.5146000268e-15 1.6224236453e-13 -1.6427834463e-10 4.3736589527e-14
d  1.6037962837e-02 7.7342779490e-01 2.0000000000e-01 1.5937295608e-03 3.0000000000e+02 -1.5916459953e-10 -1.6327130974e-13 1.5937254937e-10 1.5916453834e-10 1.4816652775e-15 1.6325284003e-13 -1.5937297499e-10 4.3701677696e-14
d  1.6038477119e-02 7.7306779732e-01 2.0000000000e-01 1.5361487223e-03 3.0000000000e+02 -1.5340546412e-10 -1.6439447866e-13 1.5361433642e-10 1.5340540750e-10 1.4396708059e-15 1.6437615076e-13 -1.5361489589e-10 4.3650767567e-14
d  1.6038785689e-02 7.7285179877e-01 2.0000000000e-01 1.5022805231e-03 3.0000000000e+02 -1.5001804772e-10 -1.6503767416e-13 1.5022783526e-10 1.5001797851e-10 1.4136149159e-15 1.6501868977e-13 -1.5022806224e-10 4.3617260125e-14
d  1.6039155972e-02 7.7259260051e-01 2.0000000000e-01 1.4623216590e-03 3.0000000000e+02 -1.4602147720e-10 -1.6581974116e-13 1.4623217519e-10 1.4602139960e-10 1.3823141361e-15 1.6579970050e-13 -1.4623216564e-10 4.3578047665e-14
d  1.6039600312e-02 7.7228156260e-01 2.0000000000e-01 1.4153659895e-03 3.0000000000e+02 -1.4132514567e-10 -1.6668676903e-13 1.4153663385e-10 1.4132506721e-10 1.3436662328e-15 1.6666664217e-13 -1.4153659765e-10 4.3525524078e-14
d  1.6040133520e-02 7.7190831711e-01 2.0000000000e-01 1.3604678116e-03 3.0000000000e+02 -1.3583449167e-10 -1.6763694202e-13 1.3604687094e-10 1.3583441141e-10 1.2958254308e-15 1.6761667128e-13 -1.3604677778e-10 4.3455469360e-14
d  1.6040453445e-02 7.7168436981e-01 2.0000000000e-01 1.3282909771e-03 3.0000000000e+02 -1.3261634709e-10 -1.6817604737e-13 1.3282899581e-10 1.3261627328e-10 1.2669773992e-15 1.6815650775e-13 -1.3282910197e-10 4.3411977670e-14
d  1.6040837355e-02 7.7141563305e-01 2.0000000000e-01 1.2904387227e-03 3.0000000000e+02 -1.2883061492e-10 -1.6875599881e-13 1.2904388460e-10 1.2883053739e-10 1.2311489636e-15 1.6873594667e-13 -1.2904387191e-10 4.3354000062e-14
d  1.6041298047e-02 7.7109314895e-01 2.0000000000e-01 1.2461164109e-03 3.0000000000e+02 -1.2439783647e-10 -1.6943324611e-13 1.2461203867e-10 1.2439774704e-10 1.1878631297e-15 1.6941185021e-13 -1.2461162654e-10 4.3283522166e-14
d  1.6041850877e-02 7.7070616802e-01 2.0000000000e-01 1.1945192280e-03 3.0000000000e+02 -1.1923755340e-10 -1.7015826229e-13 1.1945197957e-10 1.1923747463e-10 1.1358880908e-15 1.7013809684e-13 -1.1945192095e-10 4.3195078539e-14
d  1.6042182575e-02 7.7047397946e-01 2.0000000000e-01 1.1643908128e-03 3.0000000000e+02 -1.1622442338e-10 -1.7051524696e-13 1.1643961367e-10 1.1622433097e-10 1.1035484728e-15 1.7049292455e-13 -1.1643906212e-10 4.3135682191e-14
d  1.6042580612e-02 7.7019535320e-01 2.0000000000e-01 1.1290584925e-03 3.0000000000e+02 -1.1269088879e-10 -1.7096188952e-13 1.1290586697e-10 1.1269081127e-10 1.0664157310e-15 1.7094181717e-13 -1.1290584874e-10 4.3069551093e-14
d  1.6043058257e-02 7.6986100168e-01 2.0000000000e-01 1.0878412302e-03 3.0000000000e+02 -1.0856888152e-10 -1.7133360945e-13 1.0878413063e-10 1.0856880433e-10 1.0194665932e-15 1.7131358364e-13 -1.0878412288e-10 4.2976672455e-14
d  1.6043631432e-02 7.6945977985e-01 2.0000000000e-01 1.0400737783e-03 3.0000000000e+02 -1.0379189433e-10 -1.7175014844e-13 1.0400741222e-10 1.0379181650e-10 9.6405446894e-16 1.7173005159e-13 -1.0400737688e-10 4.2866474591e-14
d  1.6043975336e-02 7.6921904675e-01 2.0000000000e-01 1.0122904356e-03 3.0000000000e+02 -1.0101346506e-10 -1.7194864568e-13 1.0122939990e-10 1.0101337918e-10 9.3092739809e-16 1.7192714476e-13 -1.0122903217e-10 4.2798140458e-14
d  1.6044388022e-02 7.6893016704e-01 2.0000000000e-01 9.7981239125e-04 3.0000000000e+02 -9.7765599698e-11 -1.7215612820e-13 9.7981841410e-11 9.7765508148e-11 8.9146172783e-16 1.7213375374e-13 -9.7981220565e-11 4.2715536899e-14
d  1.6044883244e-02 7.6858351138e-01 2.0000000000e-01 9.4206946736e-04 3.0000000000e+02 -9.3991312711e-11 -1.7231425823e-13 9.4207733587e-11 9.3991217422e-11 8.4402945911e-16 1.7229168016e-13 -9.4206924052e-11 4.2611860611e-14
d  1.6045477511e-02 7.6816752459e-01 2.0000000000e-01 8.9852656136e-04 3.0000000000e+02 -8.9637134823e-11 -1.7238884286e-13 8.9852700243e-11 8.9637057019e-11 7.8812634330e-16 1.7236872279e-13 -8.9852655035e-11 4.2484034199e-14
d  1.6045834071e-02 7.6791793252e-01 2.0000000000e-01 8.7329973023e-04 3.0000000000e+02 -8.7114574549e-11 -1.7233317708e-13 8.7329714492e-11 8.7114503378e-11 7.5483454629e-16 1.7231422846e-13 -8.7329980502e-11 4.2402552906e-14
d  1.6046261944e-02 7.6761842203e-01 2.0000000000e-01 8.4390387358e-04 3.0000000000e+02 -8.4175187007e-11 -1.7224146787e-13 8.4390390786e-11 8.4175110173e-11 7.1480495403e-16 1.7222145482e-13 -8.4390387348e-11 4.2303615772e-14
d  1.6046775390e-02 7.6725900945e-01 2.0000000000e-01 8.0987148067e-04 3.0000000000e+02 -8.0772259544e-11 -1.7213747288e-13 8.0987155265e-11 8.0772182673e-11 6.6821485824e-16 1.7211745010e-13 -8.0987147965e-11 4.2188948001e-14
d  1.6047083458e-02 7.6704336190e-01 2.0000000000e-01 7.9008979460e-04 3.0000000000e+02 -7.8794314199e-11 -1.7200467799e-13 7.9008944867e-11 7.8794238180e-11 6.4084490820e-16 1.7198484124e-13 -7.9008980498e-11 4.2117596075e-14
d  1.6047453140e-02 7.6678458483e-01 2.0000000000e-01 7.6697336904e-04 3.0000000000e+02 -7.6482986792e-11 -1.7180202186e-13 7.6696918753e-11 7.6482918145e-11 6.0833387758e-16 1.7178386929e-13 -7.6697348120e-11 4.2030574731e-14
d  1.6047896758e-02 7.6647405236e-01 2.0000000000e-01 7.4011176918e-04 3.0000000000e+02 -7.3797242189e-11 -1.7148581031e-13 7.4011180971e-11 7.3797165467e-11 5.6885662667e-16 1.7146579541e-13 -7.4011176892e-11 4.1921337981e-14
d  1.6048429099e-02 7.6610141339e-01 2.0000000000e-01 7.0911529837e-04 3.0000000000e+02 -7.0698169286e-11 -1.7114965035e-13 7.0911419782e-11 7.0698094621e-11 5.2396251781e-16 1.7112998666e-13 -7.0911532420e-11 4.1798539812e-14
d  1.6048748504e-02 7.6587783001e-01 2.0000000000e-01 6.9114889307e-04 3.0000000000e+02 -6.8901908611e-11 -1.7084276467e-13 6.9114839687e-11 6.8901832888e-11 4.9743468046e-16 1.7082299064e-13 -6.9114890620e-11 4.1719874492e-14
d  1.6049131790e-02 7.6560952995e-01 2.0000000000e-01 6.7020135034e-04 3.0000000000e+02 -6.6807653769e-11 -1.7047926461e-13 6.7019839245e-11 6.6807582196e-11 4.6634309251e-16 1.7046052571e-13 -6.7020142211e-11 4.1627654576e-14
d  1.6049591733e-02 7.6528756988e-01 2.0000000000e-01 6.4592469191e-04 3.0000000000e+02 -6.4380620406e-11 -1.6996026261e-13 6.4592473224e-11 6.4380543812e-11 4.2897012059e-16 1.6994024831e-13 -6.4592469166e-11 4.1512423621e-14
d  1.6050143665e-02 7.6490121780e-01 2.0000000000e-01 6.1799811706e-04 3.0000000000e+02 -6.1588793955e-11 -1.6935960714e-13 6.1799766658e-11 6.1588718160e-11 3.8633258422e-16 1.6933974004e-13 -6.1799812687e-11 4.1380579917e-14
d  1.6050474824e-02 7.6466940655e-01 2.0000000000e-01 6.0185443073e-04 3.0000000000e+02 -5.9974957568e-11 -1.6891394055e-13 6.0185155294e-11 5.9974885490e-11 3.6179216570e-16 1.6889520512e-13 -6.0185449649e-11 4.1298917223e-14
d  1.6050872215e-02 7.6439123305e-01 2.0000000000e-01 5.8307175220e-04 3.0000000000e+02 -5.8097363694e-11 -1.6832690433e-13 5.8306934294e-11 5.8097290809e-11 3.3212576901e-16 1.6830789552e-13 -5.8307180500e-11 4.1197714789e-14
d  1.6051349084e-02 7.6405742485e-01 2.0000000000e-01 5.6135808241e-04 3.0000000000e+02 -5.5926832640e-11 -1.6766363862e-13 5.6135812313e-11 5.5926756177e-11 2.9784504263e-16 1.6764362468e-13 -5.6135808216e-11 4.1081722842e-14
d  1.6051921327e-02 7.6365685501e-01 2.0000000000e-01 5.3645169471e-04 3.0000000000e+02 -5.3437263574e-11 -1.6681202576e-13 5.3645131083e-11 5.3437187725e-11 2.5834613280e-16 1.6679213509e-13 -5.3645170224e-11 4.0943205847e-14
d  1.6052264672e-02 7.6341651311e-01 2.0000000000e-01 5.2208918910e-04 3.0000000000e+02 -5.2001683031e-11 -1.6623054158e-13 5.2208685404e-11 5.2001609800e-11 2.3583742801e-16 1.6621153158e-13 -5.2208923739e-11 4.0858632534e-14
d  1.6052676687e-02 7.6312810283e-01 2.0000000000e-01 5.0541139529e-04 3.0000000000e+02 -5.0334738016e-11 -1.6548813980e-13 5.0540886029e-11 5.0334664967e-11 2.0883106785e-16 1.6546914609e-13 -5.0541144536e-11 4.0754814379e-14
d  1.6053171105e-02 7.6278201049e-01 2.0000000000e-01 4.8617447954e-04 3.0000000000e+02 -4.8412067809e-11 -1.6462960342e-13 4.8617451031e-11 4.8411991493e-11 1.7756415595e-16 1.6460959326e-13 -4.8617447947e-11 4.0634754427e-14
d  1.6053764406e-02 7.6236669968e-01 2.0000000000e-01 4.6416631141e-04 3.0000000000e+02 -4.6212532111e-11 -1.6357223639e-13 4.6416605373e-11 4.6212456175e-11 1.4190885924e-16 1.6355230723e-13 -4.6416631608e-11 4.0493399577e-14
d  1.6054120387e-02 7.6211751319e-01 2.0000000000e-01 4.5150292236e-04 3.0000000000e+02 -4.4946983902e-11 -1.6287008056e-13 4.5150113839e-11 4.4946909763e-11 1.2169154338e-16 1.6285081025e-13 -4.5150295580e-11 4.0407196698e-14
d  1.6054547564e-02 7.6181848941e-01 2.0000000000e-01 4.3682372884e-04 3.0000000000e+02 -4.3480040044e-11 -1.6198961126e-13 4.3682108709e-11 4.3479966826e-11 9.7602897320e-17 1.6197062302e-13 -4.3682377592e-11 4.0302136044e-14
d  1.6055060176e-02 7.6145966087e-01 2.0000000000e-01 4.1992562489e-04 3.0000000000e+02 -4.1791409126e-11 -1.6095899417e-13 4.1992565473e-11 4.1791332948e-11 6.9658925733e-17 1.6093898466e-13 -4.1992562483e-11 4.0179794608e-14
d  1.6055675311e-02 7.6102906662e-01 2.0000000000e-01 4.0063712525e-04 3.0000000000e+02 -3.9864019184e-11 -1.5972701261e-13 4.0063695789e-11 3.9863943251e-11 3.8112673211e-17 1.5970705701e-13 -4.0063712809e-11 4.0037736491e-14
d  1.6056044392e-02 7.6077071007e-01 2.0000000000e-01 3.8955977617e-04 3.0000000000e+02 -3.8757175735e-11 -1.5892237444e-13 3.8955847106e-11 3.8757100979e-11 2.0294275954e-17 1.5890288941e-13 -3.8955979842e-11 3.9951055322e-14
d  1.6056487289e-02 7.6046068221e-01 2.0000000000e-01 3.7673837887e-04 3.0000000000e+02 -3.7476128127e-11 -1.5792739351e-13 3.7673590737e-11 3.7476054494e-11 -8.0917142743e-19 1.5790830668e-13 -3.7673841873e-11 3.9846104991e-14
d  1.6057018766e-02 7.6008864878e-01 2.0000000000e-01 3.6200387096e-04 3.0000000000e+02 -3.6003985130e-11 -1.5675630161e-13 3.6200390726e-11 3.6003909088e-11 -2.5292388500e-17 1.5673629045e-13 -3.6200387080e-11 3.9723424718e-14
d  1.6057656537e-02 7.5964220867e-01 2.0000000000e-01 3.4521742228e-04 3.0000000000e+02 -3.4326943327e-11 -1.5537908169e-13 3.4521731718e-11 3.4326867455e-11 -5.2733550262e-17 1.5535910860e-13 -3.4521742400e-11 3.9582160318e-14
d  1.6058039200e-02 7.5937434460e-01 2.0000000000e-01 3.3559245498e-04 3.0000000000e+02 -3.3365417127e-11 -1.5449322112e-13 3.3559151395e-11 3.3365342019e-11 -6.8166243918e-17 1.5447357929e-13 -3.3559246964e-11 3.9496095862e-14
d  1.6058498396e-02 7.5905290772e-01 2.0000000000e-01 3.2446597055e-04 3.0000000000e+02 -3.2253949626e-11 -1.5340989408e-13 3.2446394828e-11 3.2253875439e-11 -8.6367666608e-17 1.5339061485e-13 -3.2446600017e-11 3.9392468663e-14
d  1.6059049431e-02 7.5866718346e-01 2.0000000000e-01 3.1169724809e-04 3.0000000000e+02 -3.0978484246e-11 -1.5213249644e-13 3.1169726720e-11 3.0978408364e-11 -1.0743403691e-16 1.5211249077e-13 -3.1169724815e-11 3.9271193033e-14
d  1.6059710673e-02 7.5820431435e-01 2.0000000000e-01 2.9717324452e-04 3.0000000000e+02 -2.9527793201e-11 -1.5063841347e-13 2.9717317722e-11 2.9527717432e-11 -1.3096300551e-16 1.5061843010e-13 -2.9717324560e-11 3.9131795247e-14
d  1.6060504163e-02 7.5764887141e-01 2.0000000000e-01 2.8082452090e-04 3.0000000000e+02 -2.7894980510e-11 -1.4876004935e-13 2.8082453381e-11 2.7894904736e-11 -1.5759074932e-16 1.4874004669e-13 -2.8082452104e-11 3.8963080272e-14
d  1.6060980257e-02 7.5731560565e-01 2.0000000000e-01 2.7154741556e-04 3.0000000000e+02 -2.6968504269e-11 -1.4764043958e-13 2.7154903395e-11 2.6968427383e-11 -1.7218654040e-16 1.4761994479e-13 -2.7154739597e-11 3.8865138194e-14
d  1.6061551570e-02 7.5691568674e-01 2.0000000000e-01 2.6091200850e-04 3.0000000000e+02 -2.5906446613e-11 -1.4632118025e-13 2.6091454891e-11 2.5906369185e-11 -1.8904749411e-16 1.4630045294e-13 -2.6091197915e-11 3.8750603773e-14
d  1.6062237145e-02 7.5643578404e-01 2.0000000000e-01 2.4882729402e-04 3.0000000000e+02 -2.4699752530e-11 -1.4470217055e-13 2.4882822569e-11 2.4699676286e-11 -2.0821483498e-16 1.4468194843e-13 -2.4882728452e-11 3.8613453236e-14
d  1.6063059836e-02 7.5585990081e-01 2.0000000000e-01 2.3523997363e-04 3.0000000000e+02 -2.3343151851e-11 -1.4272538481e-13 2.3524039968e-11 2.3343076008e-11 -2.2986148866e-16 1.4270530023e-13 -2.3523996987e-11 3.8449842980e-14
d  1.6063553450e-02 7.5551437087e-01 2.0000000000e-01 2.2753611519e-04 3.0000000000e+02 -2.2574023325e-11 -1.4156654675e-13 2.2753766623e-11 2.2573946833e-11 -2.4157514689e-16 1.4154608934e-13 -2.2753609832e-11 3.8355876723e-14
d  1.6064145787e-02 7.5509973494e-01 2.0000000000e-01 2.1870971252e-04 3.0000000000e+02 -2.1692894984e-11 -1.4021547304e-13 2.1871140592e-11 2.1692818489e-11 -2.5511947504e-16 1.4019500538e-13 -2.1870969503e-11 3.8246698615e-14
d  1.6064856592e-02 7.5460217183e-01 2.0000000000e-01 2.0868707681e-04 3.0000000000e+02 -2.0692438422e-11 -1.3854503731e-13 2.0868783424e-11 2.0692362547e-11 -2.7056862835e-16 1.3852486310e-13 -2.0868706994e-11 3.8114573136e-14
d  1.6065709558e-02 7.5400509609e-01 2.0000000000e-01 1.9742403839e-04 3.0000000000e+02 -1.9568266008e-11 -1.3655967082e-13 1.9742400545e-11 1.9568190624e-11 -2.8776296138e-16 1.3653967713e-13 -1.9742403886e-11 3.7960048303e-14
d  1.6066221337e-02 7.5364685065e-01 2.0000000000e-01 1.9104198797e-04 3.0000000000e+02 -1.8931345087e-11 -1.3537394842e-13 1.9104037845e-11 1.8931270556e-11 -2.9704654249e-16 1.3535440620e-13 -1.9104200420e-11 3.7869763972e-14
d  1.6066835472e-02 7.5321695612e-01 2.0000000000e-01 1.8373067275e-04 3.0000000000e+02 -1.8201700680e-11 -1.3395690483e-13 1.8373079633e-11 1.8201625296e-11 -3.0801382962e-16 1.3393687191e-13 -1.8373067177e-11 3.7762213463e-14
d  1.6067572434e-02 7.5270108268e-01 2.0000000000e-01 1.7543049331e-04 3.0000000000e+02 -1.7373475376e-11 -1.3235306068e-13 1.7542879557e-11 1.7373400899e-11 -3.2006294459e-16 1.3233343734e-13 -1.7543050775e-11 3.7641307524e-14
d  1.6068456789e-02 7.5208203455e-01 2.0000000000e-01 1.6610483032e-04 3.0000000000e+02 -1.6443020131e-11 -1.3036171131e-13 1.6610602784e-11 1.6442944400e-11 -3.3390650390e-16 1.3034149001e-13 -1.6610482154e-11 3.7493566191e-14
d  1.6069518015e-02 7.5133917681e-01 2.0000000000e-01 1.5575435958e-04 3.0000000000e+02 -1.5410456258e-11 -1.2812505720e-13 1.5575563603e-11 1.5410380607e-11 -3.4856283046e-16 1.2810486072e-13 -1.5575435126e-11 3.7329512800e-14
d  1.6070154750e-02 7.5089346216e-01 2.0000000000e-01 1.4995027577e-04 3.0000000000e+02 -1.4831507795e-11 -1.2676620876e-13 1.4995043209e-11 1.4831432642e-11 -3.5637203037e-16 1.2674617304e-13 -1.4995027468e-11 3.7232032641e-14
d  1.6070918833e-02 7.5035860458e-01 2.0000000000e-01 1.4335772197e-04 3.0000000000e+02 -1.4173977434e-11 -1.2513242959e-13 1.4335771915e-11 1.4173902399e-11 -3.6550547913e-16 1.2511243019e-13 -1.4335772213e-11 3.7115473448e-14
d  1.6071835732e-02 7.4971677548e-01 2.0000000000e-01 1.3594582994e-04 3.0000000000e+02 -1.3434818500e-11 -1.2325176763e-13 1.3594556943e-11 1.3434743623e-11 -3.7561170168e-16 1.2323181406e-13 -1.3594583181e-11 3.6982186759e-14
d  1.6072936010e-02 7.4894658057e-01 2.0000000000e-01 1.2771159735e-04 3.0000000000e+02 -1.2613768256e-11 -1.2103709822e-13 1.2771158473e-11 1.2613693366e-11 -3.8665414337e-16 1.2101710010e-13 -1.2771159755e-11 3.6827015263e-14
d  1.6073596178e-02 7.4848446362e-01 2.0000000000e-01 1.2309008169e-04 3.0000000000e+02 -1.2153007824e-11 -1.1975027201e-13 1.2308891129e-11 1.2152933377e-11 -3.9239472603e-16 1.1973052989e-13 -1.2309009016e-11 3.6738158491e-14
d  1.6074388378e-02 7.4792992328e-01 2.0000000000e-01 1.1783653689e-04 3.0000000000e+02 -1.1629291727e-11 -1.1819134292e-13 1.1783653485e-11 1.1629216934e-11 -3.9924270865e-16 1.1817134334e-13 -1.1783653702e-11 3.6630803195e-14
d  1.6075339019e-02 7.4726447488e-01 2.0000000000e-01 1.1192395057e-04 3.0000000000e+02 -1.1039954132e-11 -1.1643964000e-13 1.1192394253e-11 1.1039879408e-11 -4.0664918794e-16 1.1641964138e-13 -1.1192395073e-11 3.6510801779e-14
d  1.6076479788e-02 7.4646593679e-01 2.0000000000e-01 1.0534679972e-04 3.0000000000e+02 -1.0384478507e-11 -1.1434191335e-13 1.0534679229e-11 1.0384403862e-11 -4.1482121937e-16 1.1432191442e-13 -1.0534679987e-11 3.6368524043e-14
d  1.6077848711e-02 7.4550769108e-01 2.0000000000e-01 9.8128853314e-05 3.0000000000e+02 -9.6652819167e-12 -1.1191572819e-13 9.8128807112e-12 9.6652073780e-12 -4.2352899482e-16 1.1189573370e-13 -9.8128853625e-12 3.6205478622e-14
d  1.6078670065e-02 7.4493274366e-01 2.0000000000e-01 9.4119265877e-05 3.0000000000e+02 -9.2658268555e-12 -1.1050448413e-13 9.4119265200e-12 9.2657523624e-12 -4.2798134991e-16 1.1048448424e-13 -9.4119265975e-12 3.6111767311e-14
d  1.6079655689e-02 7.4424280675e-01 2.0000000000e-01 8.9597766207e-05 3.0000000000e+02 -8.8154307880e-12 -1.0887163156e-13 8.9597919071e-12 8.8153563255e-12 -4.3309805001e-16 1.0885160622e-13 -8.9597765487e-12 3.6003493926e-14
d  1.6080838438e-02 7.4341488247e-01 2.0000000000e-01 8.4557201508e-05 3.0000000000e+02 -8.3134417006e-12 -1.0693405725e-13 8.4556636154e-12 8.3133674903e-12 -4.3873882769e-16 1.0691413534e-13 -8.4557204219e-12 3.5875899112e-14
d  1.6082257738e-02 7.4242137332e-01 2.0000000000e-01 7.9009108310e-05 3.0000000000e+02 -7.7609934664e-12 -1.0470890820e-13 7.9009103369e-12 7.7609192254e-12 -4.4477108023e-16 1.0468890876e-13 -7.9009108409e-12 3.5730232327e-14
d  1.6083109317e-02 7.4182526783e-01 2.0000000000e-01 7.5919553242e-05 3.0000000000e+02 -7.4534120016e-12 -1.0344001618e-13 7.5919553139e-12 7.4533378191e-12 -4.4782882543e-16 1.0342001620e-13 -7.5919553318e-12 3.5647840600e-14
d  1.6084131213e-02 7.4110994125e-01 2.0000000000e-01 7.2428654526e-05 3.0000000000e+02 -7.1059259936e-12 -1.0193458668e-13 7.2428656585e-12 7.1058518822e-12 -4.5136681717e-16 1.0191458635e-13 -7.2428654589e-12 3.5550319987e-14
d  1.6085357487e-02 7.4025154934e-01 2.0000000000e-01 6.8526666920e-05 3.0000000000e+02 -6.7175891991e-12 -1.0018902598e-13 6.8526649695e-12 6.7175151773e-12 -4.5525103479e-16 1.0016902828e-13 -6.8526667060e-12 3.5437681293e-14
d  1.6086829016e-02 7.3922147906e-01 2.0000000000e-01 6.4219464388e-05 3.0000000000e+02 -6.2890160637e-12 -9.8173982461e-14 6.4219462360e-12 6.2889421419e-12 -4.5939063530e-16 9.8153982686e-14 -6.4219464459e-12 3.5308303478e-14
d  1.6088594852e-02 7.3798539472e-01 2.0000000000e-01 5.9532940414e-05 3.0000000000e+02 -5.8228217781e-12 -9.5868800338e-14 5.9533027766e-12 5.8227479654e-12 -4.6370162258e-16 9.5848792258e-14 -5.9532940196e-12 3.5161087315e-14
d  1.6089654353e-02 7.3724374412e-01 2.0000000000e-01 5.6948077139e-05 3.0000000000e+02 -5.5657475592e-12 -9.4542883991e-14 5.6948077697e-12 5.5656738347e-12 -4.6582324334e-16 9.4522883915e-14 -5.6948077194e-12 3.5076994625e-14
d  1.6090925754e-02 7.3635376339e-01 2.0000000000e-01 5.4049206462e-05 3.0000000000e+02 -5.2775000191e-12 -9.3002916867e-14 5.4049206393e-12 5.2774263837e-12 -4.6825812914e-16 9.2982916876e-14 -5.4049206517e-12 3.4979429920e-14
d  1.6092451436e-02 7.3528578652e-01 2.0000000000e-01 5.0836668777e-05 3.0000000000e+02 -4.9581392777e-12 -9.1224802469e-14 5.0836422124e-12 4.9580657849e-12 -4.7087661102e-16 9.1204828863e-14 -5.0836669631e-12 3.4867139619e-14
d  1.6094282254e-02 7.3400421428e-01 2.0000000000e-01 4.7324468124e-05 3.0000000000e+02 -4.6090748918e-12 -8.9190096720e-14 4.7324622763e-12 4.6090014709e-12 -4.7360707449e-16 8.9170082930e-14 -4.7324467734e-12 3.4739100092e-14
d  1.6095380745e-02 7.3323527093e-01 2.0000000000e-01 4.5379483897e-05 3.0000000000e+02 -4.4158191567e-12 -8.8037923819e-14 4.5379485439e-12 4.4157458330e-12 -4.7492874595e-16 8.8017923615e-14 -4.5379483937e-12 3.4666936859e-14
d  1.6096698934e-02 7.3231253892e-01 2.0000000000e-01 4.3191195336e-05 3.0000000000e+02 -4.1984328379e-12 -8.6672823112e-14 4.3191071715e-12 4.1983596228e-12 -4.7645744136e-16 8.6652838413e-14 -4.3191195799e-12 3.4581525573e-14
d  1.6098280760e-02 7.3120526050e-01 2.0000000000e-01 4.0756677778e-05 3.0000000000e+02 -3.9566389824e-12 -8.5109085937e-14 4.0756625252e-12 3.9565658682e-12 -4.7809431193e-16 8.5089091355e-14 -4.0756677973e-12 3.4483885169e-14
d  1.6100178953e-02 7.2987652640e-01 2.0000000000e-01 3.8083391362e-05 3.0000000000e+02 -3.6912073935e-12 -8.3329969179e-14 3.8083384675e-12 3.6911344065e-12 -4.7977685559e-16 8.3309969754e-14 -3.8083391417e-12 3.4373083978e-14
d  1.6102456783e-02 7.2828204548e-01 2.0000000000e-01 3.5191287929e-05 3.0000000000e+02 -3.4041478920e-12 -8.1307750783e-14 3.5191264277e-12 3.4040750661e-12 -4.8145435582e-16 8.1287752478e-14 -3.5191288016e-12 3.4247500280e-14
d  1.6103823481e-02 7.2732535692e-01 2.0000000000e-01 3.3603639857e-05 3.0000000000e+02 -3.2466107301e-12 -8.0150108611e-14 3.3603640131e-12 3.2465379975e-12 -4.8222418995e-16 8.0130108582e-14 -3.3603639890e-12 3.4175840913e-14
d  1.6105463519e-02 7.2617733066e-01 2.0000000000e-01 3.1829378201e-05 3.0000000000e+02 -3.0706001182e-12 -7.8820561386e-14 3.1829363652e-12 3.0705275019e-12 -4.8308842172e-16 7.8800562833e-14 -3.1829378271e-12 3.4093599872e-14
d  1.6107431565e-02 7.2479969914e-01 2.0000000000e-01 2.9870640834e-05 3.0000000000e+02 -2.8763458542e-12 -7.7293940611e-14 2.9870640856e-12 2.8762733743e-12 -4.8398141718e-16 7.7273940609e-14 -2.9870640864e-12 3.3999311227e-14
d  1.6109793220e-02 7.2314654132e-01 2.0000000000e-01 2.7738425749e-05 3.0000000000e+02 -2.6649634598e-12 -7.5563870173e-14 2.7738386045e-12 2.6648911484e-12 -4.8484273227e-16 7.5543872916e-14 -2.7738425856e-12 3.3892651966e-14
d  1.6112627205e-02 7.2116275194e-01 2.0000000000e-01 2.5453859263e-05 3.0000000000e+02 -2.4385701532e-12 -7.3618092914e-14 2.5453858648e-12 2.4384980370e-12 -4.8562344482e-16 7.3598092950e-14 -2.5453859289e-12 3.3772919184e-14
d  1.6114327597e-02 7.1997247831e-01 2.0000000000e-01 2.4209833524e-05 3.0000000000e+02 -2.3153383694e-12 -7.2517761767e-14 2.4209825018e-12 2.3152663728e-12 -4.8591641912e-16 7.2497762492e-14 -2.4209833567e-12 3.3705339177e-14
d  1.6116368066e-02 7.1854414995e-01 2.0000000000e-01 2.2828157183e-05 3.0000000000e+02 -2.1785127496e-12 -7.1252264869e-14 2.2828129173e-12 2.1784408972e-12 -4.8623190315e-16 7.1232267106e-14 -2.2828157264e-12 3.3627658195e-14
d  1.6118816630e-02 7.1683015592e-01 2.0000000000e-01 2.1313394053e-05 3.0000000000e+02 -2.0285610171e-12 -6.9815221945e-14 2.1313393033e-12 2.0284893342e-12 -4.8650957072e-16 6.9795222013e-14 -2.1313394076e-12 3.3539533195e-14
d  1.6121754906e-02 7.1477336309e-01 2.0000000000e-01 1.9628761080e-05 3.0000000000e+02 -1.8604438100e-12 -6.9488996470e-14 1.9629066558e-12 1.8603723146e-12 -4.8611032880e-16 6.9468979506e-14 -1.9628760632e-12 3.3521129667e-14
d  1.6125280838e-02 7.1230521169e-01 2.0000000000e-01 1.7903912048e-05 3.0000000000e+02 -1.6912699059e-12 -6.6374150696e-14 1.7903744199e-12 1.6911986843e-12 -4.8706696160e-16 6.6354158460e-14 -1.7903912286e-12 3.3328364117e-14
d  1.6129511956e-02 7.0934343001e-01 2.0000000000e-01 1.6093211691e-05 3.0000000000e+02 -1.5123293637e-12 -6.4356296240e-14 1.6093210725e-12 1.5122584294e-12 -4.8658164109e-16 6.4336296277e-14 -1.6093211708e-12 3.3205645084e-14
d  1.6132050626e-02 7.0756636100e-01 2.0000000000e-01 1.5130999568e-05 3.0000000000e+02 -1.4172824934e-12 -6.3257165632e-14 1.5130999453e-12 1.4172117368e-12 -4.8643010427e-16 6.3237165639e-14 -1.5130999584e-12 3.3138354974e-14
d  1.6135097031e-02 7.0543387819e-01 2.0000000000e-01 1.4081023179e-05 3.0000000000e+02 -1.3136113052e-12 -6.2005727814e-14 1.4081022535e-12 1.3135407618e-12 -4.8615834924e-16 6.1985727848e-14 -1.4081023194e-12 3.3061917703e-14
d  1.6138752717e-02 7.0287489882e-01 2.0000000000e-01 1.2952102722e-05 3.0000000000e+02 -1.2022050234e-12 -6.0604738990e-14 1.2952094234e-12 1.2021347363e-12 -4.8576623397e-16 6.0584739368e-14 -1.2952102745e-12 3.2976388621e-14
d  1.6143139540e-02 6.9980412357e-01 2.0000000000e-01 1.1758710454e-05 3.0000000000e+02 -1.0845111182e-12 -5.9052707008e-14 1.1758712070e-12 1.0844411377e-12 -4.8520439774e-16 5.9032706948e-14 -1.1758710464e-12 3.2881665842e-14
d  1.6148403728e-02 6.9611919328e-01 2.0000000000e-01 1.0520862179e-05 3.0000000000e+02 -9.6252625266e-13 -5.7356054595e-14 1.0520862108e-12 9.6245664074e-13 -4.8442746044e-16 5.7336054597e-14 -1.0520862189e-12 3.2778135091e-14
d  1.6151562240e-02 6.9390823510e-01 2.0000000000e-01 9.8645039327e-06 3.0000000000e+02 -8.9788387881e-13 -5.6418788449e-14 9.8646323670e-13 8.9781448363e-13 -4.8388927182e-16 5.6398782563e-14 -9.8645037995e-13 3.2720897508e-14
d  1.6155352456e-02 6.9125508529e-01 2.0000000000e-01 9.1502107988e-06 3.0000000000e+02 -8.2757851990e-13 -5.5364136861e-14 9.1503509802e-13 8.2750938997e-13 -4.8323870805e-16 5.5344130844e-14 -9.1502106620e-13 3.2656524972e-14
d  1.6159900714e-02 6.8807130551e-01 2.0000000000e-01 8.3848722349e-06 3.0000000000e+02 -7.5230361550e-13 -5.4175157047e-14 8.3848697065e-13 7.5223480844e-13 -4.8242855056e-16 5.4155157137e-14 -8.3848722455e-13 3.2583937479e-14
d  1.6165358623e-02 6.8425076978e-01 2.0000000000e-01 7.5787753780e-06 3.0000000000e+02 -6.7307563240e-13 -5.2865990228e-14 7.5787755858e-13 6.7300720732e-13 -4.8141337264e-16 5.2845990221e-14 -7.5787753855e-13 3.2503988778e-14
d  1.6171908115e-02 6.7966612691e-01 2.0000000000e-01 6.7460642190e-06 3.0000000000e+02 -5.9130797408e-13 -5.1449199987e-14 6.7460642823e-13 5.9124000747e-13 -4.8014803163e-16 5.1429199985e-14 -6.7460642257e-13 3.2417439023e-14
d  1.6179767505e-02 6.7416455546e-01 2.0000000000e-01 5.9038334202e-06 3.0000000000e+02 -5.0869696743e-13 -4.9927879030e-14 5.9038333446e-13 5.0862955098e-13 -4.7858452823e-16 4.9907879031e-14 -5.9038334262e-13 3.2324435867e-14
d  1.6189198773e-02 6.6756266971e-01 2.0000000000e-01 5.0711729256e-06 3.0000000000e+02 -4.2713233800e-13 -4.8322164112e-14 5.0711727137e-13 4.2706558174e-13 -4.7666863514e-16 4.8302164116e-14 -5.0711729307e-13 3.2226176813e-14
d  1.6194857534e-02 6.6360153827e-01 2.0000000000e-01 4.6466949320e-06 3.0000000000e+02 -3.8559859487e-13 -4.7459395701e-14 4.6466995956e-13 3.8553223463e-13 -4.7548562285e-16 4.7439395581e-14 -4.6466949339e-13 3.2173227003e-14
d  1.6201648047e-02 6.5884818054e-01 2.0000000000e-01 4.1980470853e-06 3.0000000000e+02 -3.4174273909e-13 -4.6507163384e-14 4.1980398584e-13 3.4167685438e-13 -4.7407792318e-16 4.6487163557e-14 -4.1980470935e-13 3.2114815249e-14
d  1.6209796662e-02 6.5314415126e-01 2.0000000000e-01 3.7325417167e-06 3.0000000000e+02 -2.9628997965e-13 -4.5470169542e-14 3.7325771955e-13 2.9622466476e-13 -4.7238680683e-16 4.5450168834e-14 -3.7325417036e-13 3.2051163363e-14
d  1.6219575001e-02 6.4629931612e-01 2.0000000000e-01 3.2594869703e-06 3.0000000000e+02 -2.5016445849e-13 -4.4358024591e-14 3.2594867918e-13 2.5009982856e-13 -4.7035393726e-16 4.4338024594e-14 -3.2594869736e-13 3.1982808784e-14
d  1.6231309008e-02 6.3808551395e-01 2.0000000000e-01 2.7748519641e-06 3.0000000000e+02 -2.0240103351e-13 -4.3692549941e-14 2.7747851561e-13 2.0233722561e-13 -4.6786993194e-16 4.3672550868e-14 -2.7748519893e-13 3.1942899204e-14
d  1.6238349411e-02 6.3315723266e-01 2.0000000000e-01 2.5421660510e-06 3.0000000000e+02 -1.8036728748e-13 -4.2528729126e-14 2.5421660620e-13 1.8030397176e-13 -4.6649698099e-16 4.2508729126e-14 -2.5421660535e-13 3.1869979504e-14
d  1.6246797896e-02 6.2724329510e-01 2.0000000000e-01 2.2876328232e-06 3.0000000000e+02 -1.5565074152e-13 -4.1832945341e-14 2.2876331282e-13 1.5558801719e-13 -4.6469754789e-16 4.1812945335e-14 -2.2876328254e-13 3.1827082092e-14
d  1.6256936078e-02 6.2014657003e-01 2.0000000000e-01 2.0230485810e-06 3.0000000000e+02 -1.2999357592e-13 -4.1075680117e-14 2.0230487957e-13 1.2993156126e-13 -4.6263436056e-16 4.1055680114e-14 -2.0230485829e-13 3.1780212734e-14
d  1.6269101895e-02 6.1163049994e-01 2.0000000000e-01 1.7534485462e-06 3.0000000000e+02 -1.0389232643e-13 -4.0263919527e-14 1.7534383352e-13 1.0383116346e-13 -4.6015997056e-16 4.0243919664e-14 -1.7534485510e-13 3.1729904442e-14
d  1.6276401386e-02 6.0652085789e-01 2.0000000000e-01 1.6125215163e-06 3.0000000000e+02 -9.0264476004e-14 -3.9823695562e-14 1.6125723209e-13 9.0203823488e-14 -4.5868213178e-16 3.9803694559e-14 -1.6125214965e-13 3.1702515470e-14
d  1.6285160775e-02 6.0038928743e-01 2.0000000000e-01 1.4608872432e-06 3.0000000000e+02 -7.5620717060e-14 -3.9336328910e-14 1.4609378463e-13 7.5560677734e-14 -4.5692297871e-16 3.9316327975e-14 -1.4608872248e-13 3.1672204395e-14
d  1.6295672042e-02 5.9303140288e-01 2.0000000000e-01 1.3005727744e-06 3.0000000000e+02 -6.0166762837e-14 -3.8788680911e-14 1.3005730894e-13 6.0107459695e-14 -4.5482918602e-16 3.8768680906e-14 -1.3005727756e-13 3.1638077804e-14
d  1.6308285562e-02 5.8420194142e-01 2.0000000000e-01 1.1340828641e-06 3.0000000000e+02 -4.4136006000e-14 -3.8200917084e-14 1.1341092972e-13 4.4077585653e-14 -4.5233916437e-16 3.8180916744e-14 -1.1340828579e-13 3.1601382841e-14
d  1.6323421785e-02 5.7360658766e-01 2.0000000000e-01 9.6506466284e-07 3.0000000000e+02 -2.7899455211e-14 -3.7573120806e-14 9.6505866447e-14 2.7842094581e-14 -4.4938498581e-16 3.7553120870e-14 -9.6506466520e-14 3.1562081995e-14
d  1.6341585254e-02 5.6089216316e-01 2.0000000000e-01 7.9737409936e-07 3.0000000000e+02 -1.1824885142e-14 -3.6913124934e-14 7.9738602302e-14 1.1768795877e-14 -4.4588795499e-16 3.6893124828e-14 -7.9737409783e-14 3.1520625100e-14
d  1.6352483335e-02 5.5326350845e-01 2.0000000000e-01 7.1172587489e-07 3.0000000000e+02 -3.6316937352e-15 -3.6562521947e-14 7.1172462523e-14 3.5763673905e-15 -4.4381260284e-16 3.6542521964e-14 -7.1172587595e-14 3.1498470519e-14
d  1.6365561033e-02 5.4410912281e-01 2.0000000000e-01 6.2121422849e-07 3.0000000000e+02 5.0101886954e-15 -3.6172979633e-14 6.2121712970e-14 -5.0645996207e-15 -4.4134921085e-16 3.6152979597e-14 -6.2121422837e-14 3.1473837898e-14
d  1.6381254270e-02 5.3312386003e-01 2.0000000000e-01 5.2733887658e-07 3.0000000000e+02 1.3958566324e-14 -3.5756881723e-14 5.2733221471e-14 -1.4011878685e-14 -4.3842806862e-16 3.5736881792e-14 -5.2733887854e-14 3.1447468587e-14
d  1.6400086154e-02 5.1994154470e-01 2.0000000000e-01 4.3226996892e-07 3.0000000000e+02 2.2992820612e-14 -3.5307312645e-14 4.3227008360e-14 -2.3044814767e-14 -4.3497259268e-16 3.5287312644e-14 -4.3226996933e-14 3.1418853427e-14
d  1.6422684416e-02 5.0412276631e-01 2.0000000000e-01 3.3823907066e-07 3.0000000000e+02 3.1906557624e-14 -3.4842768459e-14 3.3823969020e-14 -3.1956969902e-14 -4.3089498195e-16 3.4822768455e-14 -3.3823907090e-14 3.1389143071e-14
d  1.6449802329e-02 4.8514023224e-01 2.0000000000e-01 2.4783616648e-07 3.0000000000e+02 4.0447461736e-14 -3.4367178346e-14 2.4783420765e-14 -4.0495975755e-14 -4.2609940362e-16 3.4347178358e-14 -2.4783616697e-14 3.1358528963e-14
d  1.6482343825e-02 4.6236119135e-01 2.0000000000e-01 1.6357082956e-07 3.0000000000e+02 4.8376851779e-14 -3.3892761484e-14 1.6357102182e-14 -4.8423087899e-14 -4.2048016040e-16 3.3872761483e-14 -1.6357082971e-14 3.1327733812e-14
d  1.6521393621e-02 4.3502634228e-01 2.0000000000e-01 8.7671881112e-08 3.0000000000e+02 5.5486634637e-14 -3.3433687211e-14 8.7678486843e-15 -5.5530137281e-14 -4.1392437721e-16 3.3413687183e-14 -8.7671880626e-15 3.1297600936e-14
d  1.6568253375e-02 4.0222452341e-01 2.0000000000e-01 2.1896405831e-08 3.0000000000e+02 6.1615537236e-14 -3.3003228148e-14 2.1895416522e-15 -6.1655759687e-14 -4.0631450082e-16 3.2983228151e-14 -2.1896405924e-15 3.1268909257e-14
d  1.6624485081e-02 3.6286234075e-01 2.0000000000e-01 -3.2710232623e-08 3.0000000000e+02 6.6675976586e-14 -3.2616043406e-14 -3.2706316244e-15 -6.6712262824e-14 -3.9753242054e-16 3.2596043395e-14 3.2710232891e-15 3.1242525556e-14
d  1.6691963127e-02 3.1562772157e-01 2.0000000000e-01 -7.5864556877e-08 3.0000000000e+02 7.0654056382e-14 -3.2287554584e-14 -7.5864922417e-15 -7.0685619153e-14 -3.8746528015e-16 3.2267554585e-14 7.5864556935e-15 3.1219365476e-14
d  1.6772936783e-02 2.5894617854e-01 2.0000000000e-01 -1.0818619300e-07 3.0000000000e+02 7.3631155818e-14 -3.2033939033e-14 -1.0818635903e-14 -7.3657050435e-14 -3.7601305143e-16 3.2013939033e-14 1.0818619310e-14 3.1200396224e-14
d  1.6870105170e-02 1.9092832692e-01 2.0000000000e-01 -1.3102525692e-07 3.0000000000e+02 7.5757476865e-14 -3.1870605482e-14 -1.3102324263e-14 -7.5776569699e-14 -3.6309779507e-16 3.1850605479e-14 1.3102525712e-14 3.1186528892e-14
d  1.6986707234e-02 1.0930690497e-01 2.0000000000e-01 -1.4639930015e-07 3.0000000000e+02 7.7257797469e-14 -3.1818327355e-14 -1.4640210028e-14 -7.7268728158e-14 -3.4867387414e-16 3.1798327358e-14 1.4639930022e-14 3.1179025194e-14
d  1.7126629712e-02 1.1361198626e-02 2.0000000000e-01 -1.5869359860e-07 3.0000000000e+02 7.8631237012e-14 -3.1933872688e-14 -1.5869360347e-14 -7.8632373132e-14 -3.3273763481e-16 3.1913872688e-14 1.5869359875e-14 3.1181648667e-14
d  1.7142860000e-02 0.0000000000e+00 2.0000000000e-01 -1.6047541387e-07 3.0000000000e+02 7.8852416525e-14 -3.1972466586e-14 -1.6046362815e-14 -7.8852416544e-14 -3.3097574069e-16 3.1952466504e-14 1.6047541565e-14 3.1183401673e-14
