v ATLAS
# This file was created by ATLAS version 5.32.1.R on Thu Oct  8 08:14:17 2026.
#SSF 2.0 generic
##############################################################################
#                    Copyright (c) 1984 - 2021                               #
#                    Silvaco Inc. All rights reserved                        #
#                                                                            #
# This file format and the following Key are copyright Silvaco Inc.          #
# You may not use, this format or key without reproducing this message in    #
# full and obtaining express written permission from Silvaco Inc.            #
#                                                                            #
# To obtain such permission please contact: Silvaco Inc.                     #
#                                           support@silvaco.com              #
#                                                                            #
# KEY=SVC86hn7562asdx                       PROD=345                         #
##############################################################################
Q 10000 1 "V[1]" 5 1201 7 1
Q 10001 1 "V[2]" 5 1201 7 2
Q 10002 1 "V[3]" 5 1201 7 3
X 1 Vdrain
X 2 Vgate
X 3 Rtap
X 4 Adev_drain
X 5 Adev_source
X 6 Adev_gate
X 7 Adev_tap
X 8 Adev_substrate
p 13 61 10000 10001 10002 82 1301 1302 1303 1304 1305 1306 1307 1308
d  1.0000000000e-09 6.9999996500e-07 -2.0000000000e-01 5.9712238466e-08 3.0000000000e+02 -7.6325046876e-14 3.5815863598e-14 5.9647955693e-15 7.6327015769e-14 -1.8388847959e-15 -3.5786317035e-14 -5.9878913183e-15 -3.2893910354e-14
d  2.0000000000e-09 1.3999999300e-06 -2.0000000000e-01 1.0714365502e-07 3.0000000000e+02 -7.6884798501e-14 3.2879844698e-14 1.0714368732e-14 7.6884796877e-14 -1.2653624443e-15 -3.2859851886e-14 -1.0714352958e-14 -3.1979169675e-14
d  3.0000000000e-09 2.0999998950e-06 -2.0000000000e-01 1.4170290185e-07 3.0000000000e+02 -7.7294205419e-14 3.0953708518e-14 1.4170259522e-14 7.7294219297e-14 -8.6146966749e-16 -3.0933640201e-14 -1.4170409458e-14 -3.1322741900e-14
d  4.2000000000e-09 2.9399998530e-06 -2.0000000000e-01 1.6975163274e-07 3.0000000000e+02 -7.7625369858e-14 2.9352502680e-14 1.6975157842e-14 7.7625371707e-14 -5.2976528116e-16 -2.9332492280e-14 -1.6975181433e-14 -3.0787802800e-14
d  5.6400000000e-09 3.9479998026e-06 -2.0000000000e-01 1.9033103064e-07 3.0000000000e+02 -7.7868570184e-14 2.8173808152e-14 1.9033063883e-14 7.7868582668e-14 -2.8639990178e-16 -2.8153745702e-14 -1.9033212107e-14 -3.0395085833e-14
d  7.3680000000e-09 5.1575997421e-06 -2.0000000000e-01 2.0371530348e-07 3.0000000000e+02 -7.8026818391e-14 2.7407529460e-14 2.0371459208e-14 7.8026837362e-14 -1.2813137604e-16 -2.7387434968e-14 -2.0371695333e-14 -3.0139683644e-14
d  9.4416000000e-09 6.6091196695e-06 -2.0000000000e-01 2.1114252305e-07 3.0000000000e+02 -7.8114651883e-14 2.6982234436e-14 2.1114154665e-14 7.8114673511e-14 -4.0305741031e-17 -2.6962126367e-14 -2.1114441004e-14 -2.9997954953e-14
d  1.1929920000e-08 8.3509435825e-06 -2.0000000000e-01 2.1438473390e-07 3.0000000000e+02 -7.8152904835e-14 2.6796371088e-14 2.1438384328e-14 7.8152920943e-14 -1.9628430643e-18 -2.6776288944e-14 -2.1438616823e-14 -2.9936079186e-14
d  1.4915904000e-08 1.0441132278e-05 -2.0000000000e-01 2.1523696712e-07 3.0000000000e+02 -7.8162565885e-14 2.6747331057e-14 2.1523730037e-14 7.8162559557e-14 8.1172856547e-18 -2.6727356672e-14 -2.1523652015e-14 -2.9919784360e-14
d  1.8499084800e-08 1.2949358713e-05 -2.0000000000e-01 2.1509607490e-07 3.0000000000e+02 -7.8160221913e-14 2.6754638046e-14 2.1509897772e-14 7.8160182270e-14 6.4862313936e-18 -2.6734823975e-14 -2.1509282908e-14 -2.9922406764e-14
d  2.2798901760e-08 1.5959230434e-05 -2.0000000000e-01 2.1477164307e-07 3.0000000000e+02 -7.8154680591e-14 2.6771706484e-14 2.1478158651e-14 7.8154569527e-14 2.7297045917e-18 -2.6752237228e-14 -2.1476237726e-14 -2.9928424387e-14
d  2.7958682112e-08 1.9571076500e-05 -2.0000000000e-01 2.1455014002e-07 3.0000000000e+02 -7.8145871458e-14 2.6779237347e-14 2.1458728882e-14 7.8145528709e-14 4.2807020180e-19 -2.6760889741e-14 -2.1452129189e-14 -2.9931989496e-14
d  3.4150418534e-08 2.3905291779e-05 -2.0000000000e-01 2.1444672666e-07 3.0000000000e+02 -7.8135937405e-14 2.6776277777e-14 2.1452702068e-14 7.8135321275e-14 -2.9327182575e-19 -2.6759254057e-14 -2.1439476628e-14 -2.9932856652e-14
d  4.1580502241e-08 2.9106350114e-05 -2.0000000000e-01 2.1439533560e-07 3.0000000000e+02 -7.8125957582e-14 2.6769296737e-14 2.1452770232e-14 7.8125111694e-14 -2.9122409371e-19 -2.6753385515e-14 -2.1432395484e-14 -2.9932516560e-14
d  5.0496602690e-08 3.5347620115e-05 -2.0000000000e-01 2.1436454309e-07 3.0000000000e+02 -7.8119411378e-14 2.6763510109e-14 2.1453794826e-14 7.8118487723e-14 -1.7717404750e-19 -2.6747973864e-14 -2.1428661783e-14 -2.9932052372e-14
d  6.1195923227e-08 4.2837144117e-05 -2.0000000000e-01 2.1436006591e-07 3.0000000000e+02 -7.8119500751e-14 2.6762254828e-14 2.1454223980e-14 7.8118690926e-14 -1.2127543002e-19 -2.6746162723e-14 -2.1429184439e-14 -2.9931878730e-14
d  7.4035107873e-08 5.1824572920e-05 -2.0000000000e-01 2.1435251977e-07 3.0000000000e+02 -7.8119457086e-14 2.6763411008e-14 2.1454338794e-14 7.8118748581e-14 -1.2073744232e-19 -2.6746823009e-14 -2.1429295507e-14 -2.9931912465e-14
d  8.9442129448e-08 6.2609487483e-05 -2.0000000000e-01 2.1434546006e-07 3.0000000000e+02 -7.8119471841e-14 2.6763874807e-14 2.1454421404e-14 7.8118855263e-14 -1.2260270893e-19 -2.6746835621e-14 -2.1429377172e-14 -2.9931917249e-14
d  1.0793055534e-07 7.5551384958e-05 -2.0000000000e-01 2.1433961960e-07 3.0000000000e+02 -7.8119518738e-14 2.6764277866e-14 2.1454547076e-14 7.8118984424e-14 -1.2394485215e-19 -2.6746833315e-14 -2.1429500781e-14 -2.9931919236e-14
d  1.3011666640e-07 9.1081661929e-05 -2.0000000000e-01 2.1433492783e-07 3.0000000000e+02 -7.8119604324e-14 2.6764615196e-14 2.1454709005e-14 7.8119142792e-14 -1.2340322767e-19 -2.6746810024e-14 -2.1429661143e-14 -2.9931919074e-14
d  1.5673999969e-07 1.0971799429e-04 -2.0000000000e-01 2.1433133549e-07 3.0000000000e+02 -7.8119728087e-14 2.6764926807e-14 2.1454906166e-14 7.8119330207e-14 -1.2477959002e-19 -2.6746803799e-14 -2.1429856757e-14 -2.9931918923e-14
d  1.8868799962e-07 1.3208159313e-04 -2.0000000000e-01 2.1432881273e-07 3.0000000000e+02 -7.8119899657e-14 2.6765200796e-14 2.1455141787e-14 7.8119556800e-14 -1.2397224273e-19 -2.6746800006e-14 -2.1430089403e-14 -2.9931918668e-14
d  2.2702559955e-07 1.5891791174e-04 -2.0000000000e-01 2.1432739407e-07 3.0000000000e+02 -7.8120123878e-14 2.6765413687e-14 2.1455423777e-14 7.8119828048e-14 -1.2397282823e-19 -2.6746771738e-14 -2.1430368533e-14 -2.9931918466e-14
d  2.7303071946e-07 1.9112149406e-04 -2.0000000000e-01 2.1432710891e-07 3.0000000000e+02 -7.8120409561e-14 2.6765618867e-14 2.1455761684e-14 7.8120153399e-14 -1.2398898655e-19 -2.6746768856e-14 -2.1430703233e-14 -2.9931918168e-14
d  3.2823686335e-07 2.2976579285e-04 -2.0000000000e-01 2.1432800752e-07 3.0000000000e+02 -7.8120767152e-14 2.6765768513e-14 2.1456167271e-14 7.8120543927e-14 -1.2399564395e-19 -2.6746739964e-14 -2.1431104770e-14 -2.9931917904e-14
d  3.9448423602e-07 2.7613895140e-04 -2.0000000000e-01 2.1433016449e-07 3.0000000000e+02 -7.8121207844e-14 2.6765904034e-14 2.1456654291e-14 7.8121011419e-14 -1.2435955228e-19 -2.6746722977e-14 -2.1431586701e-14 -2.9931917531e-14
d  4.7398108322e-07 3.3178674166e-04 -2.0000000000e-01 2.1433366853e-07 3.0000000000e+02 -7.8121748806e-14 2.6765999453e-14 2.1457237614e-14 7.8121573565e-14 -1.2371541082e-19 -2.6746688630e-14 -2.1432163634e-14 -2.9931917067e-14
d  5.6937729986e-07 3.9856408998e-04 -2.0000000000e-01 2.1433867596e-07 3.0000000000e+02 -7.8122405564e-14 2.6766086582e-14 2.1457937246e-14 7.8122246335e-14 -1.2401662284e-19 -2.6746665681e-14 -2.1432856542e-14 -2.9931916521e-14
d  6.8385275984e-07 4.7869690795e-04 -2.0000000000e-01 2.1434535407e-07 3.0000000000e+02 -7.8123201032e-14 2.6766138780e-14 2.1458775941e-14 7.8123052979e-14 -1.2422843736e-19 -2.6746624789e-14 -2.1433686862e-14 -2.9931915891e-14
d  8.2122331180e-07 5.7485628952e-04 -2.0000000000e-01 2.1435393662e-07 3.0000000000e+02 -7.8124161640e-14 2.6766170747e-14 2.1459781727e-14 7.8124020159e-14 -1.2420152342e-19 -2.6746578220e-14 -2.1434682217e-14 -2.9931915112e-14
d  9.8606797417e-07 6.9024754740e-04 -2.0000000000e-01 2.1436471316e-07 3.0000000000e+02 -7.8125319003e-14 2.6766182252e-14 2.1460987765e-14 7.8125179614e-14 -1.2404994336e-19 -2.6746523600e-14 -2.1435875305e-14 -2.9931914173e-14
d  1.1838815690e-06 8.2871705686e-04 -2.0000000000e-01 2.1437803847e-07 3.0000000000e+02 -7.8126710266e-14 2.6766170177e-14 2.1462432926e-14 7.8126568488e-14 -1.2405582773e-19 -2.6746455941e-14 -2.1437304871e-14 -2.9931913023e-14
d  1.4212578828e-06 9.9488046822e-04 -2.0000000000e-01 2.1439434642e-07 3.0000000000e+02 -7.8128380413e-14 2.6766135632e-14 2.1464164154e-14 7.8128231636e-14 -1.2405116829e-19 -2.6746374740e-14 -2.1439017114e-14 -2.9931911644e-14
d  1.7061094594e-06 1.1942765618e-03 -2.0000000000e-01 2.1441416464e-07 3.0000000000e+02 -7.8130383450e-14 2.6766074146e-14 2.1466237288e-14 7.8130222795e-14 -1.2397889715e-19 -2.6746274138e-14 -2.1441067219e-14 -2.9931909957e-14
d  2.0479313512e-06 1.4335518742e-03 -2.0000000000e-01 2.1468771510e-07 3.0000000000e+02 -7.8169482326e-14 2.6777017386e-14 2.1468676519e-14 7.8169339103e-14 -1.2402696186e-19 -2.6757016748e-14 -2.1468772646e-14 -2.9932532996e-14
d  2.4581176215e-06 1.7206822490e-03 -2.0000000000e-01 2.1471739586e-07 3.0000000000e+02 -7.8171551139e-14 2.6789879490e-14 2.1471644168e-14 7.8171379181e-14 -1.2410347931e-19 -2.6769878956e-14 -2.1471740540e-14 -2.9933276636e-14
d  2.9503411458e-06 2.0652386988e-03 -2.0000000000e-01 2.1475282211e-07 3.0000000000e+02 -7.8175199004e-14 2.6786536629e-14 2.1475186760e-14 7.8174992572e-14 -1.2409062359e-19 -2.6766536184e-14 -2.1475283011e-14 -2.9933090638e-14
d  3.5410093749e-06 2.4787064385e-03 -2.0000000000e-01 2.1479515071e-07 3.0000000000e+02 -7.8179315305e-14 2.6786380323e-14 2.1479419425e-14 7.8179067511e-14 -1.2410674925e-19 -2.6766379952e-14 -2.1479515742e-14 -2.9933088872e-14
d  4.2498112499e-06 2.9748677262e-03 -2.0000000000e-01 2.1484568729e-07 3.0000000000e+02 -7.8184227854e-14 2.6786190997e-14 2.1484473624e-14 7.8183930431e-14 -1.2416468439e-19 -2.6766190689e-14 -2.1484569288e-14 -2.9933086680e-14
d  5.1003734999e-06 3.5702612714e-03 -2.0000000000e-01 2.1490597409e-07 3.0000000000e+02 -7.8190085470e-14 2.6785962923e-14 2.1490501380e-14 7.8189728497e-14 -1.2415453500e-19 -2.6765962664e-14 -2.1490597883e-14 -2.9933083921e-14
d  6.1210481999e-06 4.2847335257e-03 -2.0000000000e-01 2.1497781312e-07 3.0000000000e+02 -7.8197061704e-14 2.6785688123e-14 2.1497684866e-14 7.8196633276e-14 -1.2419600886e-19 -2.6765687906e-14 -2.1497781712e-14 -2.9933080509e-14
d  7.3458578398e-06 5.1421002308e-03 -2.0000000000e-01 2.1506330051e-07 3.0000000000e+02 -7.8205357376e-14 2.6785353772e-14 2.1506233627e-14 7.8204843203e-14 -1.2421152551e-19 -2.6765353591e-14 -2.1506330388e-14 -2.9933076143e-14
d  8.8156294078e-06 6.1709402769e-03 -2.0000000000e-01 2.1516489515e-07 3.0000000000e+02 -7.8215208146e-14 2.6784947335e-14 2.1516393753e-14 7.8214591083e-14 -1.2424006100e-19 -2.6764947186e-14 -2.1516489798e-14 -2.9933070569e-14
d  1.0579355289e-05 7.4055483323e-03 -2.0000000000e-01 2.1528543452e-07 3.0000000000e+02 -7.8226884029e-14 2.6784452604e-14 2.1528449698e-14 7.8226143499e-14 -1.2428475236e-19 -2.6764452482e-14 -2.1528543687e-14 -2.9933063397e-14
d  1.2695826347e-05 8.8870779987e-03 -2.0000000000e-01 2.1542820351e-07 3.0000000000e+02 -7.8240696744e-14 2.6783848504e-14 2.1542725813e-14 7.8239808058e-14 -1.2432890243e-19 -2.6763848402e-14 -2.1542820552e-14 -2.9933054099e-14
d  1.5235591617e-05 1.0664913598e-02 -2.0000000000e-01 2.1559698858e-07 3.0000000000e+02 -7.8257003533e-14 2.6783111845e-14 2.1559561354e-14 7.8255937068e-14 -1.2437577250e-19 -2.6763111721e-14 -2.1559699097e-14 -2.9933042114e-14
d  1.8283309940e-05 1.2798316318e-02 -2.0000000000e-01 2.1579612044e-07 3.0000000000e+02 -7.8276208017e-14 2.6782228152e-14 2.1579251812e-14 7.8274928241e-14 -1.2444277186e-19 -2.6762227881e-14 -2.1579612541e-14 -2.9933027561e-14
d  2.1940571928e-05 1.5358399582e-02 -2.0000000000e-01 2.1603061987e-07 3.0000000000e+02 -7.8298773566e-14 2.6781221404e-14 2.1602125622e-14 7.8297237847e-14 -1.2448578168e-19 -2.6761220816e-14 -2.1603063039e-14 -2.9933012904e-14
d  2.6329286314e-05 1.8430499498e-02 -2.0000000000e-01 2.1630644839e-07 3.0000000000e+02 -7.8325251937e-14 2.6780113858e-14 2.1630640362e-14 7.8323408887e-14 -1.2480314912e-19 -2.6760113856e-14 -2.1630644864e-14 -2.9933001082e-14
d  3.1595743576e-05 2.2117019398e-02 -2.0000000000e-01 2.1663037131e-07 3.0000000000e+02 -7.8356295268e-14 2.6777860949e-14 2.1663043804e-14 7.8354083565e-14 -1.2476750463e-19 -2.6757860952e-14 -2.1663037147e-14 -2.9932932768e-14
d  3.7915492292e-05 2.6540843277e-02 -2.0000000000e-01 2.1701037380e-07 3.0000000000e+02 -7.8392536063e-14 2.6775826467e-14 2.1701042435e-14 7.8389881978e-14 -1.2496932435e-19 -2.6755826469e-14 -2.1701037399e-14 -2.9932888819e-14
d  4.5499190750e-05 3.1849431933e-02 -2.0000000000e-01 2.1745723920e-07 3.0000000000e+02 -7.8434984507e-14 2.6773128297e-14 2.1745821041e-14 7.8431799558e-14 -1.2517758324e-19 -2.6753128326e-14 -2.1745723890e-14 -2.9932820339e-14
d  5.4599628900e-05 3.8219738319e-02 -2.0000000000e-01 2.1798411876e-07 3.0000000000e+02 -7.8484760096e-14 2.6769625681e-14 2.1798806322e-14 7.8480938101e-14 -1.2545091094e-19 -2.6749625781e-14 -2.1798411722e-14 -2.9932721692e-14
d  6.5520154680e-05 4.5864105983e-02 -2.0000000000e-01 2.1862101780e-07 3.0000000000e+02 -7.8545119201e-14 2.6765493863e-14 2.1862101769e-14 7.8540532790e-14 -1.2580802493e-19 -2.6745493863e-14 -2.1862101802e-14 -2.9932605540e-14
d  7.8624785616e-05 5.5037347179e-02 -2.0000000000e-01 2.1938589110e-07 3.0000000000e+02 -7.8617039015e-14 2.6760417355e-14 2.1938593561e-14 7.8611535280e-14 -1.2622556538e-19 -2.6740417356e-14 -2.1938589131e-14 -2.9932456955e-14
d  9.4350342739e-05 6.6045236615e-02 -2.0000000000e-01 2.2032494294e-07 3.0000000000e+02 -7.8704828460e-14 2.6753378831e-14 2.2032312881e-14 7.8698223942e-14 -1.2679424080e-19 -2.6733378805e-14 -2.2032494364e-14 -2.9932221585e-14
d  1.1322101129e-04 7.9254703938e-02 -2.0000000000e-01 2.2152947632e-07 3.0000000000e+02 -7.8817907744e-14 2.6745065407e-14 2.2152826593e-14 7.8809982276e-14 -1.2763095222e-19 -2.6725065392e-14 -2.2152947681e-14 -2.9931942679e-14
d  1.3586581354e-04 9.5106064726e-02 -2.0000000000e-01 2.2310501228e-07 3.0000000000e+02 -7.8965483834e-14 2.6733852394e-14 2.2310776594e-14 7.8955973222e-14 -1.2866000565e-19 -2.6713852422e-14 -2.2310501200e-14 -2.9931532839e-14
d  1.6303957625e-04 1.1412769767e-01 -2.0000000000e-01 2.2499017273e-07 3.0000000000e+02 -7.9128865220e-14 2.6707807799e-14 2.2498862208e-14 7.9117452453e-14 -1.2954449398e-19 -2.6687807785e-14 -2.2499017320e-14 -2.9930331116e-14
d  1.9564809150e-04 1.3695365721e-01 -2.0000000000e-01 2.2804180788e-07 3.0000000000e+02 -7.9414781799e-14 2.6687393858e-14 2.2804131499e-14 7.9401086434e-14 -1.3231884128e-19 -2.6667393855e-14 -2.2804180817e-14 -2.9929499096e-14
d  2.3477830980e-04 1.6434480865e-01 -2.0000000000e-01 2.3271122236e-07 3.0000000000e+02 -7.9857675429e-14 2.6661564487e-14 2.3270962682e-14 7.9841240950e-14 -1.3560855954e-19 -2.6641564477e-14 -2.3271122277e-14 -2.9928421583e-14
d  2.8173457177e-04 1.9721419038e-01 -2.0000000000e-01 2.4020526479e-07 3.0000000000e+02 -8.0573975659e-14 2.6626741597e-14 2.4020510360e-14 8.0554254240e-14 -1.4106034696e-19 -2.6606741597e-14 -2.4020526505e-14 -2.9926918406e-14
d  3.3808208612e-04 2.3665744845e-01 -2.0000000000e-01 2.5302759027e-07 3.0000000000e+02 -8.1809252643e-14 2.6577913403e-14 2.5302733082e-14 8.1785586898e-14 -1.5040863941e-19 -2.6557913402e-14 -2.5302759055e-14 -2.9924743585e-14
d  3.7189059473e-04 2.6032340330e-01 -2.0000000000e-01 2.6350561167e-07 3.0000000000e+02 -8.2826438224e-14 2.6546345276e-14 2.6350670836e-14 8.2800405882e-14 -1.5825352767e-19 -2.6526345283e-14 -2.6350561181e-14 -2.9923334092e-14
d  4.1246080507e-04 2.8872254911e-01 -2.0000000000e-01 2.7969512521e-07 3.0000000000e+02 -8.4402386400e-14 2.6502420311e-14 2.7969520865e-14 8.4373514145e-14 -1.7005831276e-19 -2.6482420312e-14 -2.7969512548e-14 -2.9921334343e-14
d  4.6114505747e-04 3.2280152409e-01 -2.0000000000e-01 3.0601725318e-07 3.0000000000e+02 -8.6975337266e-14 2.6442544234e-14 3.0601651787e-14 8.6943057115e-14 -1.8917254360e-19 -2.6422544231e-14 -3.0601725355e-14 -2.9918589356e-14
d  5.1956616035e-04 3.6369629406e-01 -2.0000000000e-01 3.5136344633e-07 3.0000000000e+02 -9.1429759359e-14 2.6361914512e-14 3.5136265500e-14 9.1393389730e-14 -2.2193898063e-19 -2.6341914509e-14 -3.5136344674e-14 -2.9914901613e-14
d  5.3709249121e-04 3.7596472505e-01 -2.0000000000e-01 3.6917440350e-07 3.0000000000e+02 -9.3200998289e-14 2.6351033392e-14 3.6917337578e-14 9.3163401819e-14 -2.3651150244e-19 -2.6331033382e-14 -3.6917440407e-14 -2.9914529694e-14
d  5.5812408825e-04 3.9068684224e-01 -2.0000000000e-01 3.9305899869e-07 3.0000000000e+02 -9.5561449013e-14 2.6323022909e-14 3.9305734410e-14 9.5522380333e-14 -2.5303038548e-19 -2.6303022891e-14 -3.9305899941e-14 -2.9913284469e-14
d  5.8336200469e-04 4.0835338287e-01 -2.0000000000e-01 4.2624612901e-07 3.0000000000e+02 -9.8839204423e-14 2.6282083164e-14 4.2624625520e-14 9.8798369085e-14 -2.7708078364e-19 -2.6262083165e-14 -4.2624612941e-14 -2.9911424035e-14
d  5.9850475456e-04 4.1895330725e-01 -2.0000000000e-01 4.4942539433e-07 3.0000000000e+02 -1.0115063877e-13 2.6274579090e-14 4.4942072460e-14 1.0110874346e-13 -2.9539392706e-19 -2.6254579027e-14 -4.4942539593e-14 -2.9911204204e-14
d  6.1667605440e-04 4.3167321650e-01 -2.0000000000e-01 4.7991894500e-07 3.0000000000e+02 -1.0417304032e-13 2.6247864534e-14 4.7991624785e-14 1.0412987300e-13 -3.1603555257e-19 -2.6227864500e-14 -4.7991894611e-14 -2.9910022527e-14
d  6.3848161421e-04 4.4693710760e-01 -2.0000000000e-01 5.2135448612e-07 3.0000000000e+02 -1.0827765297e-13 2.6208905916e-14 5.2135396408e-14 1.0823295926e-13 -3.4602483300e-19 -2.6188905910e-14 -5.2135448674e-14 -2.9908265416e-14
d  6.5156495009e-04 4.5609544226e-01 -2.0000000000e-01 5.4993944484e-07 3.0000000000e+02 -1.1114246792e-13 2.6213731744e-14 5.4993517205e-14 1.1109685840e-13 -3.6940251442e-19 -2.6193731677e-14 -5.4993944661e-14 -2.9908668770e-14
d  6.6726495316e-04 4.6708544386e-01 -2.0000000000e-01 5.8683170888e-07 3.0000000000e+02 -1.1481161488e-13 2.6193698710e-14 5.8682764709e-14 1.1476490635e-13 -3.9351138026e-19 -2.6173698651e-14 -5.8683171056e-14 -2.9907820788e-14
d  6.8610495683e-04 4.8027344577e-01 -2.0000000000e-01 6.3584308336e-07 3.0000000000e+02 -1.1967522442e-13 2.6156369518e-14 6.3584228010e-14 1.1962719708e-13 -4.2856589766e-19 -2.6136369508e-14 -6.3584308418e-14 -2.9906139557e-14
d  6.9740895904e-04 4.8818624692e-01 -2.0000000000e-01 6.6939641093e-07 3.0000000000e+02 -1.2305241910e-13 2.6176021941e-14 6.6939310769e-14 1.2300360049e-13 -4.5754493932e-19 -2.6156021882e-14 -6.6939641270e-14 -2.9907281063e-14
d  7.1097376168e-04 4.9768160829e-01 -2.0000000000e-01 7.1201524257e-07 3.0000000000e+02 -1.2730320434e-13 2.6164682364e-14 7.1201114651e-14 1.2725343620e-13 -4.8409828099e-19 -2.6144682295e-14 -7.1201524456e-14 -2.9906858482e-14
d  7.1911264327e-04 5.0337882512e-01 -2.0000000000e-01 7.4351341015e-07 3.0000000000e+02 -1.3059413768e-13 2.6298259574e-14 7.4350814627e-14 1.3054379983e-13 -5.2852320351e-19 -2.6278259442e-14 -7.4351341330e-14 -2.9913735574e-14
d  7.2399597222e-04 5.0679715521e-01 -2.0000000000e-01 7.6121829614e-07 3.0000000000e+02 -1.3236732272e-13 2.6300813422e-14 7.6121675239e-14 1.3231664302e-13 -5.1925206589e-19 -2.6280813357e-14 -7.6121829806e-14 -2.9913874956e-14
d  7.2985596696e-04 5.1089915133e-01 -2.0000000000e-01 7.8322397534e-07 3.0000000000e+02 -1.3457053094e-13 2.6302440386e-14 7.8322069200e-14 1.3451944106e-13 -5.3977670029e-19 -2.6282440257e-14 -7.8322397843e-14 -2.9914017130e-14
d  7.3688796065e-04 5.1582154667e-01 -2.0000000000e-01 8.1079256813e-07 3.0000000000e+02 -1.3733067045e-13 2.6305193301e-14 8.1079354943e-14 1.3727908829e-13 -5.6007102275e-19 -2.6285193333e-14 -8.1079256837e-14 -2.9914221312e-14
d  7.4532635308e-04 5.2172842107e-01 -2.0000000000e-01 8.4562298660e-07 3.0000000000e+02 -1.4081805690e-13 2.6308452950e-14 8.4561766320e-14 1.4076588409e-13 -5.8544138532e-19 -2.6288452805e-14 -8.4562299008e-14 -2.9914462964e-14
d  7.5038938854e-04 5.2527254572e-01 -2.0000000000e-01 8.6756549701e-07 3.0000000000e+02 -1.4301831076e-13 2.6314208842e-14 8.6755556678e-14 1.4296578361e-13 -6.0230259680e-19 -2.6294208441e-14 -8.6756550508e-14 -2.9914799449e-14
d  7.5646503109e-04 5.2952549529e-01 -2.0000000000e-01 8.9482358269e-07 3.0000000000e+02 -1.4574878375e-13 2.6318201601e-14 8.9482362531e-14 1.4569583120e-13 -6.2170655920e-19 -2.6298201603e-14 -8.9482358355e-14 -2.9915054001e-14
d  7.6375580215e-04 5.3462903477e-01 -2.0000000000e-01 9.2907532195e-07 3.0000000000e+02 -1.4918164476e-13 2.6324437378e-14 9.2907430580e-14 1.4912818187e-13 -6.4714918018e-19 -2.6304437346e-14 -9.2907532346e-14 -2.9915432509e-14
d  7.6813026479e-04 5.3769115847e-01 -2.0000000000e-01 9.5045935666e-07 3.0000000000e+02 -1.5132535886e-13 2.6329354392e-14 9.5045698212e-14 1.5127158977e-13 -6.6296431497e-19 -2.6309354281e-14 -9.5045935960e-14 -2.9915717507e-14
d  7.7337961995e-04 5.4136570690e-01 -2.0000000000e-01 9.7698631060e-07 3.0000000000e+02 -1.5398540957e-13 2.6335977159e-14 9.7697670039e-14 1.5393127310e-13 -6.8255818229e-19 -2.6315976738e-14 -9.7698631914e-14 -2.9916095151e-14
d  7.7967884614e-04 5.4577516501e-01 -2.0000000000e-01 1.0100599460e-06 3.0000000000e+02 -1.5730095558e-13 2.6343568280e-14 1.0100604782e-13 1.5724637806e-13 -7.0677954870e-19 -2.6323568299e-14 -1.0100599467e-13 -2.9916529204e-14
d  7.8723791758e-04 5.5106651475e-01 -2.0000000000e-01 1.0517036656e-06 3.0000000000e+02 -1.6147744483e-13 2.6353990173e-14 1.0517037189e-13 1.6142233818e-13 -7.3762538385e-19 -2.6333990174e-14 -1.0517036667e-13 -2.9917114379e-14
d  7.9630880330e-04 5.5741613444e-01 -2.0000000000e-01 1.0995752139e-06 3.0000000000e+02 -1.6611338512e-13 2.6209430139e-14 1.0995710670e-13 1.6605764354e-13 -7.4765933737e-19 -2.6189430034e-14 -1.0995752170e-13 -2.9909946817e-14
d  8.0175133473e-04 5.6122590625e-01 -2.0000000000e-01 1.1370680655e-06 3.0000000000e+02 -1.7004592330e-13 2.6383439786e-14 1.1370672610e-13 1.6998980072e-13 -8.3933691213e-19 -2.6363439756e-14 -1.1370680671e-13 -2.9918767285e-14
d  8.0828237245e-04 5.6579763243e-01 -2.0000000000e-01 1.1787527136e-06 3.0000000000e+02 -1.7422851222e-13 2.6396482476e-14 1.1787527879e-13 1.7417193245e-13 -8.1885240808e-19 -2.6376482479e-14 -1.1787527147e-13 -2.9919395338e-14
d  8.1220099508e-04 5.6854066813e-01 -2.0000000000e-01 1.2047237094e-06 3.0000000000e+02 -1.7683532790e-13 2.6405355654e-14 1.2047192166e-13 1.7677847390e-13 -8.5133470237e-19 -2.6385355419e-14 -1.2047237148e-13 -2.9919883562e-14
d  8.1690334224e-04 5.7183231098e-01 -2.0000000000e-01 1.2368277815e-06 3.0000000000e+02 -1.8005690610e-13 2.6415881343e-14 1.2368277802e-13 1.7999972287e-13 -8.7510655065e-19 -2.6395881343e-14 -1.2368277828e-13 -2.9920441656e-14
d  8.2254615883e-04 5.7578228239e-01 -2.0000000000e-01 1.2760670898e-06 3.0000000000e+02 -1.8397040486e-13 2.6405210369e-14 1.2760706229e-13 1.8391282659e-13 -8.9846454501e-19 -2.6385210513e-14 -1.2760670885e-13 -2.9919945785e-14
d  8.2931753874e-04 5.8052224809e-01 -2.0000000000e-01 1.3267750787e-06 3.0000000000e+02 -1.8908611245e-13 2.6447396349e-14 1.3267751506e-13 1.8902806022e-13 -9.4843255962e-19 -2.6427396351e-14 -1.3267750800e-13 -2.9922105736e-14
d  8.3338036668e-04 5.8336622751e-01 -2.0000000000e-01 1.3580074632e-06 3.0000000000e+02 -1.9222147041e-13 2.6458752285e-14 1.3580074588e-13 1.9216313379e-13 -9.6442578217e-19 -2.6438752285e-14 -1.3580074646e-13 -2.9922685419e-14
d  8.3825576022e-04 5.8677900281e-01 -2.0000000000e-01 1.3967010913e-06 3.0000000000e+02 -1.9610615487e-13 2.6472951394e-14 1.3967011537e-13 1.9604747697e-13 -9.9440085331e-19 -2.6452951397e-14 -1.3967010927e-13 -2.9923422435e-14
d  8.4410623246e-04 5.9087433318e-01 -2.0000000000e-01 1.4449601384e-06 3.0000000000e+02 -2.0095182543e-13 2.6491322883e-14 1.4449498055e-13 2.0089273811e-13 -1.0304379557e-18 -2.6471322477e-14 -1.4449601473e-13 -2.9924369107e-14
d  8.5112679914e-04 5.9578872961e-01 -2.0000000000e-01 1.5055924889e-06 3.0000000000e+02 -2.0703956667e-13 2.6514560894e-14 1.5055931931e-13 2.0697998779e-13 -1.0758285070e-18 -2.6494560917e-14 -1.5055924899e-13 -2.9925560875e-14
d  8.5533913916e-04 5.9873736747e-01 -2.0000000000e-01 1.5434791524e-06 3.0000000000e+02 -2.1084403266e-13 2.6528734233e-14 1.5434792349e-13 2.1078415892e-13 -1.1043318316e-18 -2.6508734237e-14 -1.5434791539e-13 -2.9926284597e-14
d  8.6039394717e-04 6.0227573291e-01 -2.0000000000e-01 1.5904987117e-06 3.0000000000e+02 -2.1556582190e-13 2.6547363347e-14 1.5904970802e-13 2.1550559435e-13 -1.1396696859e-18 -2.6527363273e-14 -1.5904987146e-13 -2.9927231918e-14
d  8.6645971679e-04 6.0652177143e-01 -2.0000000000e-01 1.6492578514e-06 3.0000000000e+02 -2.2146679951e-13 2.6570845963e-14 1.6492545341e-13 2.2140614737e-13 -1.1838204809e-18 -2.6550845837e-14 -1.6492578554e-13 -2.9928421638e-14
d  8.7009917856e-04 6.0906939454e-01 -2.0000000000e-01 1.6857825848e-06 3.0000000000e+02 -2.2513483831e-13 2.6585514742e-14 1.6857825864e-13 2.2507393137e-13 -1.2114568542e-18 -2.6565514742e-14 -1.6857825865e-13 -2.9929161750e-14
d  8.7446653269e-04 6.1212654227e-01 -2.0000000000e-01 1.7309263212e-06 3.0000000000e+02 -2.2966873556e-13 2.6603498262e-14 1.7309264232e-13 2.2960752290e-13 -1.2454963478e-18 -2.6583498267e-14 -1.7309263228e-13 -2.9930067530e-14
d  8.7970735764e-04 6.1579511956e-01 -2.0000000000e-01 1.7869616378e-06 3.0000000000e+02 -2.3529348695e-13 2.6623385764e-14 1.7869590453e-13 2.3523190747e-13 -1.2869122956e-18 -2.6603385650e-14 -1.7869616417e-13 -2.9931068023e-14
d  8.8599634758e-04 6.2019741229e-01 -2.0000000000e-01 1.8573491252e-06 3.0000000000e+02 -2.4236633047e-13 2.6655537954e-14 1.8573382642e-13 2.4230431085e-13 -1.3418519211e-18 -2.6635537558e-14 -1.8573491344e-13 -2.9932676005e-14
d  8.8976974154e-04 6.2283878794e-01 -2.0000000000e-01 1.9011486219e-06 3.0000000000e+02 -2.4676551030e-13 2.6674013476e-14 1.9011487476e-13 2.4670322642e-13 -1.3743293510e-18 -2.6654013483e-14 -1.9011486237e-13 -2.9933595144e-14
d  8.9429781430e-04 6.2600843871e-01 -2.0000000000e-01 1.9553789384e-06 3.0000000000e+02 -2.5221263729e-13 2.6695822504e-14 1.9553758099e-13 2.5215003649e-13 -1.4154900617e-18 -2.6675822346e-14 -1.9553789433e-13 -2.9934680275e-14
d  8.9973150161e-04 6.2981201963e-01 -2.0000000000e-01 2.0229473661e-06 3.0000000000e+02 -2.5899928890e-13 2.6724175984e-14 2.0229474896e-13 2.5893630770e-13 -1.4668805140e-18 -2.6704175990e-14 -2.0229473680e-13 -2.9936086857e-14
d  9.0299171399e-04 6.3209416819e-01 -2.0000000000e-01 2.0648491721e-06 3.0000000000e+02 -2.6320808362e-13 2.6741485696e-14 2.0648491665e-13 2.6314487421e-13 -1.4989158421e-18 -2.6721485696e-14 -2.0648491741e-13 -2.9936942914e-14
d  9.0690396885e-04 6.3483274646e-01 -2.0000000000e-01 2.1165272417e-06 3.0000000000e+02 -2.6839886498e-13 2.6763108451e-14 2.1165273886e-13 2.6833538170e-13 -1.5383332049e-18 -2.6743108460e-14 -2.1165272437e-13 -2.9938010730e-14
d  9.1159867469e-04 6.3811904038e-01 -2.0000000000e-01 2.1805001839e-06 3.0000000000e+02 -2.7482068785e-13 2.6786122429e-14 2.1804973559e-13 2.7475687598e-13 -1.5860008776e-18 -2.6766122291e-14 -2.1805001886e-13 -2.9939144919e-14
d  9.1723232169e-04 6.4206259308e-01 -2.0000000000e-01 2.2606405118e-06 3.0000000000e+02 -2.8287445527e-13 2.6823733705e-14 2.2606406386e-13 2.8281024901e-13 -1.6498239847e-18 -2.6803733710e-14 -2.2606405140e-13 -2.9940995918e-14
d  9.2061250989e-04 6.4442872470e-01 -2.0000000000e-01 2.3103747411e-06 3.0000000000e+02 -2.8787003066e-13 2.6844389358e-14 2.3103748937e-13 2.8780558779e-13 -1.6866801140e-18 -2.6824389367e-14 -2.3103747432e-13 -2.9942006013e-14
d  9.2466873573e-04 6.4726808265e-01 -2.0000000000e-01 2.3718243025e-06 3.0000000000e+02 -2.9404263663e-13 2.6870458723e-14 2.3718212117e-13 2.9397790987e-13 -1.7341929215e-18 -2.6850458547e-14 -2.3718243081e-13 -2.9943282100e-14
d  9.2953620674e-04 6.5067531218e-01 -2.0000000000e-01 2.4481770763e-06 3.0000000000e+02 -3.0171156466e-13 2.6902328276e-14 2.4481772298e-13 3.0164649713e-13 -1.7928074126e-18 -2.6882328283e-14 -2.4481770786e-13 -2.9944838549e-14
d  9.3245668934e-04 6.5271964991e-01 -2.0000000000e-01 2.4954213954e-06 3.0000000000e+02 -3.0645699950e-13 2.6921931215e-14 2.4954213901e-13 3.0639172754e-13 -1.8294367254e-18 -2.6901931214e-14 -2.4954213979e-13 -2.9945793674e-14
d  9.3596126847e-04 6.5517285517e-01 -2.0000000000e-01 2.5535785758e-06 3.0000000000e+02 -3.1229853026e-13 2.6946301689e-14 2.5535787564e-13 3.1223301297e-13 -1.8743556024e-18 -2.6926301701e-14 -2.5535785782e-13 -2.9946979776e-14
d  9.4016676342e-04 6.5811670149e-01 -2.0000000000e-01 2.6255478168e-06 3.0000000000e+02 -3.1952734919e-13 2.6976380032e-14 2.6255480028e-13 3.1946153752e-13 -1.9299930071e-18 -2.6956380042e-14 -2.6255478192e-13 -2.9948441360e-14
d  9.4521335737e-04 6.6164931707e-01 -2.0000000000e-01 2.7151823719e-06 3.0000000000e+02 -3.2853048556e-13 2.7013823879e-14 2.7151832761e-13 3.2846432062e-13 -1.9994150376e-18 -2.6993823921e-14 -2.7151823739e-13 -2.9950257166e-14
d  9.4824131373e-04 6.6376888642e-01 -2.0000000000e-01 2.7707405093e-06 3.0000000000e+02 -3.3411077115e-13 2.7036925494e-14 2.7707407167e-13 3.3404439426e-13 -2.0426786285e-18 -2.7016925508e-14 -2.7707405118e-13 -2.9951374519e-14
d  9.5187486137e-04 6.6631236964e-01 -2.0000000000e-01 2.8392403426e-06 3.0000000000e+02 -3.4099092842e-13 2.7065410244e-14 2.8392404864e-13 3.4092429718e-13 -2.0960186825e-18 -2.7045410253e-14 -2.8392403453e-13 -2.9952751135e-14
d  9.5623511854e-04 6.6936454951e-01 -2.0000000000e-01 2.9241705097e-06 3.0000000000e+02 -3.4952126300e-13 2.7100659754e-14 2.9241706256e-13 3.4945432654e-13 -2.1621672727e-18 -2.7080659760e-14 -2.9241705125e-13 -2.9954451999e-14
d  9.6146742714e-04 6.7302716534e-01 -2.0000000000e-01 3.0301949779e-06 3.0000000000e+02 -3.6017019925e-13 2.7144585477e-14 3.0301940622e-13 3.6010289655e-13 -2.2449375684e-18 -2.7124585437e-14 -3.0301949817e-13 -2.9956567350e-14
d  9.6460681229e-04 6.7522473485e-01 -2.0000000000e-01 3.0960482948e-06 3.0000000000e+02 -3.6678424027e-13 2.7171818535e-14 3.0960484658e-13 3.6671671780e-13 -2.2966899933e-18 -2.7151818546e-14 -3.0960482977e-13 -2.9957875532e-14
d  9.6837407449e-04 6.7786181825e-01 -2.0000000000e-01 3.1773834675e-06 3.0000000000e+02 -3.7495320703e-13 2.7205197309e-14 3.1773835344e-13 3.7488542085e-13 -2.3605419276e-18 -2.7185197313e-14 -3.1773834706e-13 -2.9959477535e-14
d  9.7289478912e-04 6.8102631833e-01 -2.0000000000e-01 3.2784440071e-06 3.0000000000e+02 -3.8510316898e-13 2.7246756284e-14 3.2784467942e-13 3.8503506630e-13 -2.4399972271e-18 -2.7226756426e-14 -3.2784440077e-13 -2.9961469343e-14
d  9.7560721789e-04 6.8292501838e-01 -2.0000000000e-01 3.3409588775e-06 3.0000000000e+02 -3.9138174777e-13 2.7272275630e-14 3.3409591365e-13 3.9131345526e-13 -2.4893528676e-18 -2.7252275650e-14 -3.3409588805e-13 -2.9962689655e-14
d  9.7886213243e-04 6.8520345844e-01 -2.0000000000e-01 3.4179044966e-06 3.0000000000e+02 -3.9910957556e-13 2.7303886174e-14 3.4179046989e-13 3.9904105521e-13 -2.5502019368e-18 -2.7283886188e-14 -3.4179044997e-13 -2.9964200575e-14
d  9.8276802987e-04 6.8793758651e-01 -2.0000000000e-01 3.5129689435e-06 3.0000000000e+02 -4.0865274373e-13 2.7338577248e-14 3.5129525388e-13 4.0858395029e-13 -2.6234304490e-18 -2.7318576283e-14 -3.5129689651e-13 -2.9965852244e-14
d  9.8745510680e-04 6.9121854020e-01 -2.0000000000e-01 3.6316359663e-06 3.0000000000e+02 -4.2057494212e-13 2.7391864365e-14 3.6316357912e-13 4.2050582027e-13 -2.7213075216e-18 -2.7371864356e-14 -3.6316359701e-13 -2.9968399749e-14
d  9.9026735295e-04 6.9318711241e-01 -2.0000000000e-01 3.7051194444e-06 3.0000000000e+02 -4.2795470076e-13 2.7420845627e-14 3.7051196653e-13 4.2788538204e-13 -2.7777474901e-18 -2.7400845643e-14 -3.7051194478e-13 -2.9969774538e-14
d  9.9364204834e-04 6.9554939906e-01 -2.0000000000e-01 3.7957227478e-06 3.0000000000e+02 -4.3705379512e-13 2.7457559439e-14 3.7957230125e-13 4.3698424017e-13 -2.8503488400e-18 -2.7437559457e-14 -3.7957227512e-13 -2.9971520132e-14
d  9.9769168281e-04 6.9838414305e-01 -2.0000000000e-01 3.9080623538e-06 3.0000000000e+02 -4.4833568491e-13 2.7502991511e-14 3.9080643389e-13 4.4826584645e-13 -2.9400486714e-18 -2.7482991624e-14 -3.9080623556e-13 -2.9973677128e-14
d  1.0001214635e-03 7.0008498944e-01 -2.0000000000e-01 3.9774271026e-06 3.0000000000e+02 -4.5530169761e-13 2.7530890147e-14 3.9774273043e-13 4.5523168911e-13 -2.9957355753e-18 -2.7510890164e-14 -3.9774271063e-13 -2.9974999232e-14
d  1.0030372003e-03 7.0212600511e-01 -2.0000000000e-01 4.0626739363e-06 3.0000000000e+02 -4.6386260784e-13 2.7565334552e-14 4.0626741711e-13 4.6379239524e-13 -3.0642259482e-18 -2.7545334570e-14 -4.0626739400e-13 -2.9976631017e-14
d  1.0065360845e-03 7.0457522391e-01 -2.0000000000e-01 4.1677830772e-06 3.0000000000e+02 -4.7441289996e-13 2.7602596377e-14 4.1677661140e-13 4.7434244282e-13 -3.1461046978e-18 -2.7582595263e-14 -4.1677831024e-13 -2.9978387993e-14
d  1.0107347455e-03 7.0751428647e-01 -2.0000000000e-01 4.2987304356e-06 3.0000000000e+02 -4.8756836290e-13 2.7660964801e-14 4.2987304320e-13 4.8749761147e-13 -3.2567356198e-18 -2.7640964800e-14 -4.2987304399e-13 -2.9981157700e-14
d  1.0132539421e-03 7.0927772401e-01 -2.0000000000e-01 4.3796627301e-06 3.0000000000e+02 -4.9569580210e-13 2.7692501041e-14 4.3796629759e-13 4.9562487432e-13 -3.3195868516e-18 -2.7672501061e-14 -4.3796627341e-13 -2.9982641146e-14
d  1.0162769780e-03 7.1139384905e-01 -2.0000000000e-01 4.4792888029e-06 3.0000000000e+02 -5.0570042348e-13 2.7732471515e-14 4.4792890453e-13 5.0562928409e-13 -3.4007850339e-18 -2.7712471534e-14 -4.4792888071e-13 -2.9984526887e-14
d  1.0199046212e-03 7.1393319911e-01 -2.0000000000e-01 4.6025815205e-06 3.0000000000e+02 -5.1808160104e-13 2.7781704887e-14 4.6025943457e-13 5.1801020743e-13 -3.5012540682e-18 -2.7761705699e-14 -4.6025815096e-13 -2.9986847038e-14
d  1.0242577929e-03 7.1698041917e-01 -2.0000000000e-01 4.7563020287e-06 3.0000000000e+02 -5.3352205002e-13 2.7846192307e-14 4.7562914229e-13 5.3345035220e-13 -3.6275688604e-18 -2.7826191747e-14 -4.7563020444e-13 -2.9989885369e-14
d  1.0294815990e-03 7.2063708325e-01 -2.0000000000e-01 4.9490527468e-06 3.0000000000e+02 -5.5287397687e-13 2.7920114572e-14 4.9490527271e-13 5.5280191316e-13 -3.7829681492e-18 -2.7900114571e-14 -4.9490527518e-13 -2.9993354000e-14
d  1.0326158826e-03 7.2283108170e-01 -2.0000000000e-01 5.0694586372e-06 3.0000000000e+02 -5.6496509111e-13 2.7967397777e-14 5.0694592754e-13 5.6489280799e-13 -3.8838384390e-18 -2.7947397819e-14 -5.0694586414e-13 -2.9995573106e-14
d  1.0363770230e-03 7.2546387984e-01 -2.0000000000e-01 5.2188310001e-06 3.0000000000e+02 -5.7996476148e-13 2.8026809185e-14 5.2188309787e-13 5.7989221510e-13 -4.0068903948e-18 -2.8006809184e-14 -5.2188310053e-13 -2.9998357917e-14
d  1.0386337072e-03 7.2704355872e-01 -2.0000000000e-01 5.3111139571e-06 3.0000000000e+02 -5.8923165668e-13 2.8063390137e-14 5.3111143317e-13 5.8915895231e-13 -4.0836605578e-18 -2.8043390171e-14 -5.3111139617e-13 -3.0000070685e-14
d  1.0413417283e-03 7.2893917338e-01 -2.0000000000e-01 5.4245852450e-06 3.0000000000e+02 -6.0062622106e-13 2.8108440677e-14 5.4245855476e-13 6.0055332713e-13 -4.1778614153e-18 -2.8088440702e-14 -5.4245852499e-13 -3.0002179299e-14
d  1.0445913536e-03 7.3121391097e-01 -2.0000000000e-01 5.5648277734e-06 3.0000000000e+02 -6.1470907524e-13 2.8164095404e-14 5.5648281904e-13 6.1463595384e-13 -4.2945791387e-18 -2.8144095433e-14 -5.5648277784e-13 -3.0004782481e-14
d  1.0484909040e-03 7.3394359607e-01 -2.0000000000e-01 5.7393261208e-06 3.0000000000e+02 -6.3223383227e-13 2.8235267128e-14 5.7393218478e-13 6.3216043801e-13 -4.4411880312e-18 -2.8215266877e-14 -5.7393261314e-13 -3.0008110867e-14
d  1.0508306342e-03 7.3558140714e-01 -2.0000000000e-01 5.8472690484e-06 3.0000000000e+02 -6.4307110716e-13 2.8276533676e-14 5.8472693851e-13 6.4299754901e-13 -4.5302284969e-18 -2.8256533706e-14 -5.8472690537e-13 -3.0010032520e-14
d  1.0536383104e-03 7.3754678042e-01 -2.0000000000e-01 5.9803054628e-06 3.0000000000e+02 -6.5643036518e-13 2.8328788788e-14 5.9803059339e-13 6.5635661049e-13 -4.6436948949e-18 -2.8308788827e-14 -5.9803054680e-13 -3.0012471898e-14
d  1.0570075219e-03 7.3990522835e-01 -2.0000000000e-01 6.1326292257e-06 3.0000000000e+02 -6.7139694824e-13 2.8075246962e-14 6.1326794101e-13 6.7132295635e-13 -4.6012580034e-18 -2.8055250384e-14 -6.1326291652e-13 -3.0000190243e-14
d  1.0590290488e-03 7.4132029711e-01 -2.0000000000e-01 6.2424161044e-06 3.0000000000e+02 -6.8275988112e-13 2.8439435061e-14 6.2424160782e-13 6.8268574909e-13 -5.0771434165e-18 -2.8419435059e-14 -6.2424161107e-13 -3.0017934243e-14
d  1.0614548811e-03 7.4301837962e-01 -2.0000000000e-01 6.3670375537e-06 3.0000000000e+02 -6.9527228124e-13 2.8489998181e-14 6.3670379763e-13 6.9519797939e-13 -4.9009781214e-18 -2.8469998221e-14 -6.3670375593e-13 -3.0019897258e-14
d  1.0643658798e-03 7.4505607864e-01 -2.0000000000e-01 6.5210389436e-06 3.0000000000e+02 -7.1073754943e-13 2.8551198520e-14 6.5210408166e-13 7.1066304376e-13 -5.1035893375e-18 -2.8531198668e-14 -6.5210389473e-13 -3.0022842688e-14
d  1.0678590783e-03 7.4750131745e-01 -2.0000000000e-01 6.7123674636e-06 3.0000000000e+02 -7.2995042566e-13 2.8627316902e-14 6.7123674298e-13 7.2987567553e-13 -5.2676033744e-18 -2.8607316900e-14 -6.7123674704e-13 -3.0026381728e-14
d  1.0720509165e-03 7.5043560403e-01 -2.0000000000e-01 6.9511650814e-06 3.0000000000e+02 -7.5391643086e-13 2.8709231295e-14 6.9511680481e-13 7.5384138722e-13 -5.4666761995e-18 -2.8689231458e-14 -6.9511650851e-13 -3.0030168590e-14
d  1.0745660194e-03 7.5219617598e-01 -2.0000000000e-01 7.1004944997e-06 3.0000000000e+02 -7.6892620051e-13 2.8782659845e-14 7.1004950914e-13 7.6885098087e-13 -5.6102524475e-18 -2.8762659893e-14 -7.1004945059e-13 -3.0033604594e-14
d  1.0760750812e-03 7.5325251915e-01 -2.0000000000e-01 7.1918955611e-06 3.0000000000e+02 -7.7810464906e-13 2.8818736155e-14 7.1919092064e-13 7.7802932322e-13 -5.6816957804e-18 -2.8798738005e-14 -7.1918955338e-13 -3.0035265456e-14
d  1.0778859553e-03 7.5452013095e-01 -2.0000000000e-01 7.3036444037e-06 3.0000000000e+02 -7.8932701391e-13 2.8863436928e-14 7.3036298867e-13 7.8925156251e-13 -5.7798606292e-18 -2.8843435085e-14 -7.3036444455e-13 -3.0037339145e-14
d  1.0800590042e-03 7.5604126512e-01 -2.0000000000e-01 7.4407488417e-06 3.0000000000e+02 -8.0309459153e-13 2.8919171288e-14 7.4407488017e-13 8.0301898740e-13 -5.9002502135e-18 -2.8899171284e-14 -7.4407488492e-13 -3.0039924320e-14
d  1.0826666629e-03 7.5786662611e-01 -2.0000000000e-01 7.6098113844e-06 3.0000000000e+02 -8.2007213783e-13 2.8985954451e-14 7.6098126711e-13 8.1999635113e-13 -6.0482453855e-18 -2.8965954565e-14 -7.6098113898e-13 -3.0043017701e-14
d  1.0842312581e-03 7.5896184271e-01 -2.0000000000e-01 7.7136924822e-06 3.0000000000e+02 -8.3050406241e-13 2.9027884948e-14 7.7137424785e-13 8.3042816405e-13 -6.1412993037e-18 -2.9007891484e-14 -7.7136923673e-13 -3.0044961113e-14
d  1.0861087723e-03 7.6027610263e-01 -2.0000000000e-01 7.8408749601e-06 3.0000000000e+02 -8.4327689717e-13 2.9077770223e-14 7.8408504091e-13 8.4320087059e-13 -6.2505681952e-18 -2.9057767217e-14 -7.8408750247e-13 -3.0047264763e-14
d  1.0883617895e-03 7.6185321453e-01 -2.0000000000e-01 7.9971542848e-06 3.0000000000e+02 -8.5897002681e-13 2.9143370468e-14 7.9971544047e-13 8.5889384148e-13 -6.3912279368e-18 -2.9123370480e-14 -7.9971542926e-13 -3.0050305796e-14
d  1.0910654100e-03 7.6374574881e-01 -2.0000000000e-01 8.1902568173e-06 3.0000000000e+02 -8.7836222625e-13 2.9219498231e-14 8.1902567788e-13 8.7828585167e-13 -6.5623495617e-18 -2.9199498228e-14 -8.1902568255e-13 -3.0053825036e-14
d  1.0926875823e-03 7.6488126938e-01 -2.0000000000e-01 8.3091290632e-06 3.0000000000e+02 -8.9030010601e-13 2.9267969762e-14 8.3091234137e-13 8.9022361813e-13 -6.6690012968e-18 -2.9247969050e-14 -8.3091290849e-13 -3.0056065584e-14
d  1.0946341891e-03 7.6624389406e-01 -2.0000000000e-01 8.4548626348e-06 3.0000000000e+02 -9.0493576850e-13 2.9327705666e-14 8.4548511686e-13 9.0485914460e-13 -6.7998823810e-18 -2.9307704312e-14 -8.4548626690e-13 -3.0058826899e-14
d  1.0969701172e-03 7.6787904368e-01 -2.0000000000e-01 8.6343032914e-06 3.0000000000e+02 -9.2295580947e-13 2.9400102377e-14 8.6343043281e-13 9.2287902153e-13 -6.9610978954e-18 -2.9380102479e-14 -8.6343032980e-13 -3.0062171147e-14
d  1.0983716741e-03 7.6886013345e-01 -2.0000000000e-01 8.7444527248e-06 3.0000000000e+02 -9.3401782562e-13 2.9444268788e-14 8.7444836826e-13 9.3394093809e-13 -7.0619556200e-18 -2.9424273307e-14 -8.7444526488e-13 -3.0064211434e-14
d  1.1000535424e-03 7.7003744118e-01 -2.0000000000e-01 8.8791640172e-06 3.0000000000e+02 -9.4754664964e-13 2.9498112994e-14 8.8791673192e-13 9.4746964574e-13 -7.1821227767e-18 -2.9478113445e-14 -8.8791640175e-13 -3.0066693606e-14
d  1.1020717843e-03 7.7145021045e-01 -2.0000000000e-01 9.0445893540e-06 3.0000000000e+02 -9.6416047630e-13 2.9567508253e-14 9.0446413939e-13 9.6408332904e-13 -7.3354842794e-18 -2.9547514179e-14 -9.0445892492e-13 -3.0069902196e-14
d  1.1044936746e-03 7.7314553357e-01 -2.0000000000e-01 9.2486754918e-06 3.0000000000e+02 -9.8465629159e-13 2.9648742604e-14 9.2486840515e-13 9.8457897670e-13 -7.5184925258e-18 -2.9628743416e-14 -9.2486754851e-13 -3.0073643737e-14
d  1.1059468088e-03 7.7416272745e-01 -2.0000000000e-01 9.3741716579e-06 3.0000000000e+02 -9.9725991289e-13 2.9701508543e-14 9.3741753268e-13 9.9718249643e-13 -7.6359371904e-18 -2.9681509059e-14 -9.3741716575e-13 -3.0076080153e-14
d  1.1076905698e-03 7.7538336010e-01 -2.0000000000e-01 9.5279213425e-06 3.0000000000e+02 -1.0127024534e-12 2.9766097065e-14 9.5278772770e-13 1.0126249171e-12 -7.7775087044e-18 -2.9746091255e-14 -9.5279214627e-13 -3.0079058387e-14
d  1.1097830830e-03 7.7684811927e-01 -2.0000000000e-01 9.7169632411e-06 3.0000000000e+02 -1.0316869254e-12 2.9844204588e-14 9.7169895984e-13 1.0316092394e-12 -7.9533350833e-18 -2.9824207482e-14 -9.7169631946e-13 -3.0082660660e-14
d  1.1110385910e-03 7.7772697478e-01 -2.0000000000e-01 9.8329043652e-06 3.0000000000e+02 -1.0433313928e-12 2.9888801285e-14 9.8329094947e-13 1.0432536198e-12 -8.0596397270e-18 -2.9868802120e-14 -9.8329043594e-13 -3.0084710671e-14
d  1.1125452005e-03 7.7878160139e-01 -2.0000000000e-01 9.9745810509e-06 3.0000000000e+02 -1.0575604441e-12 2.9949029782e-14 9.9746012253e-13 1.0574825649e-12 -8.1934397994e-18 -2.9929032861e-14 -9.9745810027e-13 -3.0087488829e-14
d  1.1143531319e-03 7.8004715332e-01 -2.0000000000e-01 1.0148397816e-05 3.0000000000e+02 -1.0750184133e-12 3.0020808634e-14 1.0148380161e-12 1.0749404094e-12 -8.3547931713e-18 -3.0000806389e-14 -1.0148397870e-12 -3.0090792918e-14
d  1.1165226496e-03 7.8156581564e-01 -2.0000000000e-01 1.0362567308e-05 3.0000000000e+02 -1.0965278926e-12 3.0110637895e-14 1.0362569244e-12 1.0964497360e-12 -8.5567925056e-18 -3.0090638100e-14 -1.0362567315e-12 -3.0094930846e-14
d  1.1178243602e-03 7.8247701303e-01 -2.0000000000e-01 1.0494285142e-05 3.0000000000e+02 -1.1097617912e-12 3.0168527888e-14 1.0494381914e-12 1.1096835381e-12 -8.6897356278e-18 -3.0148543095e-14 -1.0494284865e-12 -3.0097608423e-14
d  1.1193864130e-03 7.8357044990e-01 -2.0000000000e-01 1.0655183936e-05 3.0000000000e+02 -1.1259178269e-12 3.0228614932e-14 1.0655175030e-12 1.1258394704e-12 -8.8249564463e-18 -3.0208613621e-14 -1.0655183972e-12 -3.0100344531e-14
d  1.1212608763e-03 7.8488257414e-01 -2.0000000000e-01 1.0853059060e-05 3.0000000000e+02 -1.1457929816e-12 3.0316581059e-14 1.0853038854e-12 1.1457144944e-12 -9.0256650086e-18 -3.0296578581e-14 -1.0853059119e-12 -3.0104412537e-14
d  1.1223855542e-03 7.8566984869e-01 -2.0000000000e-01 1.0974232752e-05 3.0000000000e+02 -1.1579624981e-12 3.0366283877e-14 1.0974267445e-12 1.1578839290e-12 -9.1399621134e-18 -3.0346290188e-14 -1.0974232645e-12 -3.0106695223e-14
d  1.1237351678e-03 7.8661457814e-01 -2.0000000000e-01 1.1122216796e-05 3.0000000000e+02 -1.1728260241e-12 3.0425363527e-14 1.1122231105e-12 1.1727473618e-12 -9.2799012949e-18 -3.0405365965e-14 -1.1122216761e-12 -3.0109407796e-14
d  1.1253547041e-03 7.8774825349e-01 -2.0000000000e-01 1.1303641458e-05 3.0000000000e+02 -1.1910502170e-12 3.0504554180e-14 1.1303582414e-12 1.1909714453e-12 -9.4559066978e-18 -3.0484545799e-14 -1.1303641631e-12 -3.0113052228e-14
d  1.1272981477e-03 7.8910866390e-01 -2.0000000000e-01 1.1526865141e-05 3.0000000000e+02 -1.2134694652e-12 3.0599560347e-14 1.1526897762e-12 1.2133905527e-12 -9.6735446294e-18 -3.0579564204e-14 -1.1526865077e-12 -3.0117423051e-14
d  1.1284642138e-03 7.8992491015e-01 -2.0000000000e-01 1.1663864897e-05 3.0000000000e+02 -1.2272303824e-12 3.0653244969e-14 1.1664003697e-12 1.2271513814e-12 -9.8096968406e-18 -3.0633269322e-14 -1.1663864448e-12 -3.0119892190e-14
d  1.1298634931e-03 7.9090440565e-01 -2.0000000000e-01 1.1831576139e-05 3.0000000000e+02 -1.2440818598e-12 3.0726848244e-14 1.1831737600e-12 1.2440027598e-12 -9.9761847228e-18 -3.0706874775e-14 -1.1831575646e-12 -3.0123279241e-14
d  1.1315426284e-03 7.9207980025e-01 -2.0000000000e-01 1.2037109567e-05 3.0000000000e+02 -1.2647217811e-12 3.0810696093e-14 1.2037084605e-12 1.2646425745e-12 -1.0161095041e-17 -3.0790692676e-14 -1.2037109645e-12 -3.0127105689e-14
d  1.1335575906e-03 7.9349027376e-01 -2.0000000000e-01 1.2290749111e-05 3.0000000000e+02 -1.2901978559e-12 3.0923390294e-14 1.2290757953e-12 1.2901185064e-12 -1.0425276268e-17 -3.0903391303e-14 -1.2290749103e-12 -3.0132305038e-14
d  1.1347665680e-03 7.9433655787e-01 -2.0000000000e-01 1.2446681610e-05 3.0000000000e+02 -1.3058610388e-12 3.0987085065e-14 1.2446681540e-12 1.3057816052e-12 -1.0577129323e-17 -3.0967085054e-14 -1.2446681623e-12 -3.0135223616e-14
d  1.1362173408e-03 7.9535209881e-01 -2.0000000000e-01 1.2637630924e-05 3.0000000000e+02 -1.3250416227e-12 3.1069329011e-14 1.2637630863e-12 1.3249620875e-12 -1.0768109196e-17 -3.1049329001e-14 -1.2637630937e-12 -3.0139001271e-14
d  1.1379582682e-03 7.9657074793e-01 -2.0000000000e-01 1.2872556523e-05 3.0000000000e+02 -1.3486418827e-12 3.1171852302e-14 1.2872502868e-12 1.3485622286e-12 -1.1003969784e-17 -3.1151845218e-14 -1.2872556674e-12 -3.0143709840e-14
d  1.1390028247e-03 7.9730193740e-01 -2.0000000000e-01 1.3016504210e-05 3.0000000000e+02 -1.3630995634e-12 3.1234966110e-14 1.3016530349e-12 1.3630198314e-12 -1.1150288784e-17 -3.1214971230e-14 -1.3016504126e-12 -3.0146608416e-14
d  1.1402562924e-03 7.9817936476e-01 -2.0000000000e-01 1.3192439141e-05 3.0000000000e+02 -1.3807725567e-12 3.1305885310e-14 1.3192439106e-12 1.3806927388e-12 -1.1325342702e-17 -3.1285885304e-14 -1.3192439155e-12 -3.0149857815e-14
d  1.1417604537e-03 7.9923227760e-01 -2.0000000000e-01 1.3408237891e-05 3.0000000000e+02 -1.4024500737e-12 3.1400749521e-14 1.3408237848e-12 1.4023701505e-12 -1.1546642336e-17 -3.1380749515e-14 -1.3408237904e-12 -3.0154215511e-14
d  1.1435654472e-03 8.0049577301e-01 -2.0000000000e-01 1.3674172860e-05 3.0000000000e+02 -1.4291643202e-12 3.1515670894e-14 1.3674180415e-12 1.4290842702e-12 -1.1818145570e-17 -3.1495671856e-14 -1.3674172855e-12 -3.0159489081e-14
d  1.1446484433e-03 8.0125387025e-01 -2.0000000000e-01 1.3837510177e-05 3.0000000000e+02 -1.4455724242e-12 3.1586269131e-14 1.3837676197e-12 1.4454922874e-12 -1.1992816861e-17 -3.1566300497e-14 -1.3837509593e-12 -3.0162737316e-14
d  1.1459480386e-03 8.0216358695e-01 -2.0000000000e-01 1.4037374119e-05 3.0000000000e+02 -1.4656499301e-12 3.1667270571e-14 1.4037355731e-12 1.4655697149e-12 -1.2183632988e-17 -3.1647267317e-14 -1.4037374195e-12 -3.0166428394e-14
d  1.1475075531e-03 8.0325524698e-01 -2.0000000000e-01 1.4283005751e-05 3.0000000000e+02 -1.4903259427e-12 3.1784039315e-14 1.4283011745e-12 1.4902456168e-12 -1.2452104747e-17 -3.1764040199e-14 -1.4283005748e-12 -3.0171806126e-14
d  1.1493789703e-03 8.0456523902e-01 -2.0000000000e-01 1.4586339398e-05 3.0000000000e+02 -1.5207979331e-12 3.1912960972e-14 1.4586339378e-12 1.5207174766e-12 -1.2763827801e-17 -3.1892960970e-14 -1.4586339412e-12 -3.0177712346e-14
d  1.1505018207e-03 8.0535123424e-01 -2.0000000000e-01 1.4773028657e-05 3.0000000000e+02 -1.5395527379e-12 3.1994842297e-14 1.4773030006e-12 1.5394722027e-12 -1.2962365132e-17 -3.1974842542e-14 -1.4773028667e-12 -3.0181468645e-14
d  1.1518492412e-03 8.0629442850e-01 -2.0000000000e-01 1.5001900533e-05 3.0000000000e+02 -1.5625463664e-12 3.2096353222e-14 1.5001906168e-12 1.5624657366e-12 -1.3205684198e-17 -3.2076354184e-14 -1.5001900530e-12 -3.0186125422e-14
d  1.1534661457e-03 8.0742626163e-01 -2.0000000000e-01 1.5283731807e-05 3.0000000000e+02 -1.5908604709e-12 3.2221594151e-14 1.5283706821e-12 1.5907797298e-12 -1.3503929636e-17 -3.2201590599e-14 -1.5283731893e-12 -3.0191866088e-14
d  1.1544362884e-03 8.0810536150e-01 -2.0000000000e-01 1.5456656435e-05 3.0000000000e+02 -1.6082315920e-12 3.2298087636e-14 1.5456676353e-12 1.6081507799e-12 -1.3690343800e-17 -3.2278091837e-14 -1.5456656371e-12 -3.0195373852e-14
d  1.1556004597e-03 8.0892028134e-01 -2.0000000000e-01 1.5668171404e-05 3.0000000000e+02 -1.6294810782e-12 3.2388705509e-14 1.5668171352e-12 1.6294001861e-12 -1.3915995132e-17 -3.2368705499e-14 -1.5668171420e-12 -3.0199525295e-14
d  1.1569974652e-03 8.0989818516e-01 -2.0000000000e-01 1.5928553015e-05 3.0000000000e+02 -1.6556569832e-12 3.2520890510e-14 1.5928540371e-12 1.6555759942e-12 -1.4220095362e-17 -3.2500888430e-14 -1.5928553071e-12 -3.0205618775e-14
d  1.1586738718e-03 8.1107166974e-01 -2.0000000000e-01 1.6248740075e-05 3.0000000000e+02 -1.6878081206e-12 3.2648538225e-14 1.6248812668e-12 1.6877270088e-12 -1.4531876153e-17 -3.2628548177e-14 -1.6248739892e-12 -3.0211417444e-14
d  1.1596797158e-03 8.1177576049e-01 -2.0000000000e-01 1.6445876305e-05 3.0000000000e+02 -1.7076143240e-12 3.2732032180e-14 1.6445876260e-12 1.7075331465e-12 -1.4763260885e-17 -3.2712032171e-14 -1.6445876322e-12 -3.0215264215e-14
d  1.1608867286e-03 8.1262066939e-01 -2.0000000000e-01 1.6687358088e-05 3.0000000000e+02 -1.7318755460e-12 3.2844121722e-14 1.6687359656e-12 1.7317942838e-12 -1.5031349634e-17 -3.2824122021e-14 -1.6687358099e-12 -3.0220405001e-14
d  1.1623351439e-03 8.1363456006e-01 -2.0000000000e-01 1.6982444021e-05 3.0000000000e+02 -1.7614720343e-12 3.2926869274e-14 1.6982423580e-12 1.7613906723e-12 -1.5290762796e-17 -3.2906866030e-14 -1.6982444103e-12 -3.0224102794e-14
d  1.1640732423e-03 8.1485122887e-01 -2.0000000000e-01 1.7351063433e-05 3.0000000000e+02 -1.7985595418e-12 3.3143682054e-14 1.7351075224e-12 1.7984780559e-12 -1.5821795933e-17 -3.3123683613e-14 -1.7351063419e-12 -3.0234207490e-14
d  1.1651161013e-03 8.1558123016e-01 -2.0000000000e-01 1.7577568792e-05 3.0000000000e+02 -1.8213168788e-12 3.3243031905e-14 1.7577570513e-12 1.8212353206e-12 -1.6015646595e-17 -3.3223032242e-14 -1.7577568803e-12 -3.0238674266e-14
d  1.1663675322e-03 8.1645723171e-01 -2.0000000000e-01 1.7856260806e-05 3.0000000000e+02 -1.8493353727e-12 3.3386126516e-14 1.7856161342e-12 1.8492537345e-12 -1.6361628805e-17 -3.3366108240e-14 -1.7856261181e-12 -3.0245272488e-14
d  1.1678692492e-03 8.1750843356e-01 -2.0000000000e-01 1.8198817023e-05 3.0000000000e+02 -1.8837361512e-12 3.3528668664e-14 1.8198817357e-12 1.8836544003e-12 -1.6715200907e-17 -3.3508668715e-14 -1.8198817041e-12 -3.0251754471e-14
d  1.1687702794e-03 8.1813915467e-01 -2.0000000000e-01 1.8409631388e-05 3.0000000000e+02 -1.9049190005e-12 3.3620337502e-14 1.8409617221e-12 1.9048371878e-12 -1.6977148238e-17 -3.3600334284e-14 -1.8409631468e-12 -3.0255982623e-14
d  1.1698515156e-03 8.1889602001e-01 -2.0000000000e-01 1.8667715440e-05 3.0000000000e+02 -1.9308498834e-12 3.3739132682e-14 1.8667715353e-12 1.9307679938e-12 -1.7272257243e-17 -3.3719132663e-14 -1.8667715460e-12 -3.0261422327e-14
d  1.1711489991e-03 8.1980425841e-01 -2.0000000000e-01 1.8985114401e-05 3.0000000000e+02 -1.9627417351e-12 3.3882330237e-14 1.8985114288e-12 1.9626597547e-12 -1.7640938298e-17 -3.3862330217e-14 -1.8985114420e-12 -3.0267986179e-14
d  1.1727059793e-03 8.2089414449e-01 -2.0000000000e-01 1.9377539140e-05 3.0000000000e+02 -2.0021727994e-12 3.4062432255e-14 1.9377553443e-12 2.0020907090e-12 -1.8101047903e-17 -3.4042434366e-14 -1.9377539116e-12 -3.0276242022e-14
d  1.1736401675e-03 8.2154807614e-01 -2.0000000000e-01 1.9619253399e-05 3.0000000000e+02 -2.0264602593e-12 3.4173300883e-14 1.9619501385e-12 2.0263780828e-12 -1.8397263067e-17 -3.4153355207e-14 -1.9619252365e-12 -3.0281338282e-14
d  1.1747611932e-03 8.2233279412e-01 -2.0000000000e-01 1.9915811991e-05 3.0000000000e+02 -2.0562602811e-12 3.4301665449e-14 1.9915819462e-12 2.0561780472e-12 -1.8726782915e-17 -3.4281666982e-14 -1.9915811981e-12 -3.0287189356e-14
d  1.1761064241e-03 8.2327445569e-01 -2.0000000000e-01 2.0281285276e-05 3.0000000000e+02 -2.0929830498e-12 3.4480490007e-14 2.0281287486e-12 2.0929007222e-12 -1.9178809658e-17 -3.4460490385e-14 -2.0281285289e-12 -3.0295405263e-14
d  1.1777207011e-03 8.2440444958e-01 -2.0000000000e-01 2.0734480700e-05 3.0000000000e+02 -2.1385233668e-12 3.4688079785e-14 2.0734684274e-12 2.1384409113e-12 -1.9730840034e-17 -3.4668108764e-14 -2.0734480123e-12 -3.0304931154e-14
d  1.1786892674e-03 8.2508244592e-01 -2.0000000000e-01 2.1014302944e-05 3.0000000000e+02 -2.1666410391e-12 3.4810576309e-14 2.1014302838e-12 2.1665585309e-12 -2.0054802024e-17 -3.4790576287e-14 -2.1014302965e-12 -3.0310520700e-14
d  1.1798515469e-03 8.2589604152e-01 -2.0000000000e-01 2.1358329055e-05 3.0000000000e+02 -2.2012110578e-12 3.4979191279e-14 2.1358328946e-12 2.2011284682e-12 -2.0492345336e-17 -3.4959191257e-14 -2.1358329077e-12 -3.0318271045e-14
d  1.1812462823e-03 8.2687235624e-01 -2.0000000000e-01 2.1783499822e-05 3.0000000000e+02 -2.2439360407e-12 3.5175089338e-14 2.1783500259e-12 2.2438533534e-12 -2.1014229703e-17 -3.5155089410e-14 -2.1783499842e-12 -3.0327249255e-14
d  1.1829199647e-03 8.2804393390e-01 -2.0000000000e-01 2.2312387178e-05 3.0000000000e+02 -2.2970841410e-12 3.5422587355e-14 2.2312389240e-12 2.2970013364e-12 -2.1674574868e-17 -3.5402587638e-14 -2.2312387195e-12 -3.0338599874e-14
d  1.1839241742e-03 8.2874688050e-01 -2.0000000000e-01 2.2640044950e-05 3.0000000000e+02 -2.3300132238e-12 3.5577979050e-14 2.2639960934e-12 2.3299303567e-12 -2.2090666736e-17 -3.5557961932e-14 -2.2640045313e-12 -3.0345725277e-14
d  1.1851292256e-03 8.2959041642e-01 -2.0000000000e-01 2.3043726503e-05 3.0000000000e+02 -2.3705781956e-12 3.5769648761e-14 2.3043726388e-12 2.3704952366e-12 -2.2606621454e-17 -3.5749648739e-14 -2.3043726526e-12 -3.0354519688e-14
d  1.1865752872e-03 8.3060265952e-01 -2.0000000000e-01 2.3544694294e-05 3.0000000000e+02 -2.4209328477e-12 3.6010439380e-14 2.3544597832e-12 2.4208497955e-12 -2.3258769221e-17 -3.5990424049e-14 -2.3544694635e-12 -3.0365577896e-14
d  1.1874429242e-03 8.3121000538e-01 -2.0000000000e-01 2.3853532726e-05 3.0000000000e+02 -2.4519595349e-12 3.6153311410e-14 2.3853532651e-12 2.4518764139e-12 -2.3641553379e-17 -3.6133311392e-14 -2.3853532751e-12 -3.0372106899e-14
d  1.1884840886e-03 8.3193882042e-01 -2.0000000000e-01 2.4233482981e-05 3.0000000000e+02 -2.4901438407e-12 3.6326106963e-14 2.4233485258e-12 2.4900606466e-12 -2.4150792949e-17 -3.6306107466e-14 -2.4233482995e-12 -3.0380060493e-14
d  1.1897334859e-03 8.3281339846e-01 -2.0000000000e-01 2.4703064591e-05 3.0000000000e+02 -2.5373370319e-12 3.6552083754e-14 2.4702980279e-12 2.5372537583e-12 -2.4764424068e-17 -3.6532068239e-14 -2.4703064932e-12 -3.0390424750e-14
d  1.1912327626e-03 8.3386289210e-01 -2.0000000000e-01 2.5287071329e-05 3.0000000000e+02 -2.5960282997e-12 3.6833294267e-14 2.5287073761e-12 2.5959449132e-12 -2.5545645097e-17 -3.6813294640e-14 -2.5287071346e-12 -3.0403339499e-14
d  1.1921323286e-03 8.3449258829e-01 -2.0000000000e-01 2.5648778564e-05 3.0000000000e+02 -2.6323805977e-12 3.7001437693e-14 2.5648778424e-12 2.6322971485e-12 -2.6032892180e-17 -3.6981437661e-14 -2.5648778591e-12 -3.0411062847e-14
d  1.1932118078e-03 8.3524822372e-01 -2.0000000000e-01 2.6094598600e-05 3.0000000000e+02 -2.6771877483e-12 3.7216733561e-14 2.6094568640e-12 2.6771042265e-12 -2.6640086007e-17 -3.7196727178e-14 -2.6094598754e-12 -3.0420952932e-14
d  1.1945071829e-03 8.3615498623e-01 -2.0000000000e-01 2.6647191353e-05 3.0000000000e+02 -2.7327242317e-12 3.7482980288e-14 2.6647298802e-12 2.7326406061e-12 -2.7400442227e-17 -3.7462999355e-14 -2.6647190985e-12 -3.0433191172e-14
d  1.1952844080e-03 8.3669904374e-01 -2.0000000000e-01 2.6988455839e-05 3.0000000000e+02 -2.7670242953e-12 3.7642237764e-14 2.6988421595e-12 2.7669406292e-12 -2.7865481770e-17 -3.7622228745e-14 -2.6988456043e-12 -3.0440499503e-14
d  1.1962170780e-03 8.3735191275e-01 -2.0000000000e-01 2.7407891565e-05 3.0000000000e+02 -2.8091789664e-12 3.7851514905e-14 2.7407891455e-12 2.8090952313e-12 -2.8460877849e-17 -3.7831514878e-14 -2.7407891593e-12 -3.0450127980e-14
d  1.1973362821e-03 8.3813535556e-01 -2.0000000000e-01 2.7926238361e-05 3.0000000000e+02 -2.8612768815e-12 3.8097911630e-14 2.7926241269e-12 2.8611930677e-12 -2.9187515570e-17 -3.8077912228e-14 -2.7926238377e-12 -3.0461458431e-14
d  1.1980078045e-03 8.3860542125e-01 -2.0000000000e-01 2.8245420281e-05 3.0000000000e+02 -2.8933579896e-12 3.8253795161e-14 2.8245420709e-12 2.8932741290e-12 -2.9645070617e-17 -3.8233795291e-14 -2.8245420307e-12 -3.0468629363e-14
d  1.1988136315e-03 8.3916950007e-01 -2.0000000000e-01 2.8636801097e-05 3.0000000000e+02 -2.9326950095e-12 3.8444762467e-14 2.8636814933e-12 2.9326110909e-12 -3.0204581965e-17 -3.8424766418e-14 -2.8636801048e-12 -3.0477412168e-14
d  1.1997806238e-03 8.3984639466e-01 -2.0000000000e-01 2.9119021518e-05 3.0000000000e+02 -2.9811632467e-12 3.8678163414e-14 2.9119021379e-12 2.9810792621e-12 -3.0899428165e-17 -3.8658163381e-14 -2.9119021548e-12 -3.0488153455e-14
d  1.2009410146e-03 8.4065866816e-01 -2.0000000000e-01 2.9716608938e-05 3.0000000000e+02 -3.0412279978e-12 3.8969539040e-14 2.9716611116e-12 3.0411439318e-12 -3.1771663115e-17 -3.8949539472e-14 -2.9716608959e-12 -3.0501569175e-14
d  1.2016372490e-03 8.4114603227e-01 -2.0000000000e-01 3.0085551526e-05 3.0000000000e+02 -3.0783134078e-12 3.9151925404e-14 3.0085544248e-12 3.0782292941e-12 -3.2321918127e-17 -3.9131923264e-14 -3.0085551598e-12 -3.0509971287e-14
d  1.2024727304e-03 8.4173086919e-01 -2.0000000000e-01 3.0538868993e-05 3.0000000000e+02 -3.1238773392e-12 3.9375115039e-14 3.0538832791e-12 3.1237931705e-12 -3.2989231003e-17 -3.9355105069e-14 -3.0538869222e-12 -3.0520240858e-14
d  1.2034753080e-03 8.4243267350e-01 -2.0000000000e-01 3.1047851002e-05 3.0000000000e+02 -3.1738701636e-12 3.8512969963e-14 3.1048270409e-12 3.1737858725e-12 -3.1416378707e-17 -3.8493066189e-14 -3.1047849073e-12 -3.0478506449e-14
d  1.2040768546e-03 8.4285375609e-01 -2.0000000000e-01 3.1419444715e-05 3.0000000000e+02 -3.2124145644e-12 3.9812599695e-14 3.1419447833e-12 3.2123302786e-12 -3.6778138845e-17 -3.9792600756e-14 -3.1419444725e-12 -3.0543836102e-14
d  1.2047987105e-03 8.4335905519e-01 -2.0000000000e-01 3.1840484742e-05 3.0000000000e+02 -3.2547121180e-12 4.0020417843e-14 3.1840481816e-12 3.2546277825e-12 -3.4148680968e-17 -4.0000416910e-14 -3.1840484792e-12 -3.0548861651e-14
d  1.2056649376e-03 8.4396541411e-01 -2.0000000000e-01 3.2359892416e-05 3.0000000000e+02 -3.3069317748e-12 4.0281846829e-14 3.2359737514e-12 3.3068473975e-12 -3.5754063966e-17 -4.0261805686e-14 -3.2359893275e-12 -3.0562033387e-14
d  1.2067044101e-03 8.4469304482e-01 -2.0000000000e-01 3.3003814005e-05 3.0000000000e+02 -3.3716593083e-12 4.0605825082e-14 3.3003825910e-12 3.3715748376e-12 -3.6779915051e-17 -4.0585827716e-14 -3.3003813983e-12 -3.0577014144e-14
d  1.2073280936e-03 8.4512962325e-01 -2.0000000000e-01 3.3401089811e-05 3.0000000000e+02 -3.4115896795e-12 4.0794290747e-14 3.3401094481e-12 3.4115051659e-12 -3.7383187179e-17 -4.0774292280e-14 -3.3401089815e-12 -3.0585691968e-14
d  1.2080765138e-03 8.4565351735e-01 -2.0000000000e-01 3.3889412434e-05 3.0000000000e+02 -3.4606794093e-12 4.1037667333e-14 3.3889393086e-12 3.4605948466e-12 -3.8174442723e-17 -4.1017661384e-14 -3.3889412586e-12 -3.0596957016e-14
d  1.2089746180e-03 8.4628219029e-01 -2.0000000000e-01 3.4492272638e-05 3.0000000000e+02 -3.5212783355e-12 4.1339025607e-14 3.4492272511e-12 3.5211937073e-12 -3.9126783056e-17 -4.1319025574e-14 -3.4492272673e-12 -3.0610862502e-14
d  1.2100523431e-03 8.4703659780e-01 -2.0000000000e-01 3.5241522411e-05 3.0000000000e+02 -3.5965965795e-12 4.1710548156e-14 3.5241522365e-12 3.5965118758e-12 -4.0341248309e-17 -4.1690548146e-14 -3.5241522447e-12 -3.0628046782e-14
d  1.2106989781e-03 8.4748924231e-01 -2.0000000000e-01 3.5705195650e-05 3.0000000000e+02 -3.6432084603e-12 4.1944156443e-14 3.5705219904e-12 3.6431237080e-12 -4.1108129204e-17 -4.1924164124e-14 -3.5705195533e-12 -3.0638855167e-14
d  1.2114749402e-03 8.4803241573e-01 -2.0000000000e-01 3.6276802282e-05 3.0000000000e+02 -3.7006843411e-12 4.2245413188e-14 3.6276606111e-12 3.7005995651e-12 -4.2071091173e-17 -4.2225355010e-14 -3.6276803487e-12 -3.0652794262e-14
d  1.2124060947e-03 8.4868422382e-01 -2.0000000000e-01 3.6983781593e-05 3.0000000000e+02 -3.7717406539e-12 4.2593888372e-14 3.6983781543e-12 3.7716557855e-12 -4.3216818489e-17 -4.2573888360e-14 -3.6983781630e-12 -3.0668891750e-14
d  1.2129647873e-03 8.4907530868e-01 -2.0000000000e-01 3.7420178829e-05 3.0000000000e+02 -3.8156120440e-12 4.2805012851e-14 3.7420202719e-12 3.8155271328e-12 -4.3975062225e-17 -4.2785021610e-14 -3.7420178694e-12 -3.0678713866e-14
d  1.2136352186e-03 8.4954461051e-01 -2.0000000000e-01 3.7956285863e-05 3.0000000000e+02 -3.8695075620e-12 4.3077088214e-14 3.7956284126e-12 3.8694226078e-12 -4.4883340259e-17 -4.3057087618e-14 -3.7956285912e-12 -3.0691312244e-14
d  1.2144397360e-03 8.5010777270e-01 -2.0000000000e-01 3.8619409830e-05 3.0000000000e+02 -3.9361993631e-12 4.3440949929e-14 3.8619381030e-12 3.9361143564e-12 -4.6090739888e-17 -4.3420941692e-14 -3.8619410036e-12 -3.0708227721e-14
d  1.2154051570e-03 8.5078356734e-01 -2.0000000000e-01 3.9441435659e-05 3.0000000000e+02 -4.0188120278e-12 4.3833232830e-14 3.9441435624e-12 4.0187269495e-12 -4.7405735201e-17 -4.3813232822e-14 -3.9441435699e-12 -3.0726308198e-14
d  1.2159844095e-03 8.5118904412e-01 -2.0000000000e-01 3.9950424237e-05 3.0000000000e+02 -4.0699835086e-12 4.4088569059e-14 3.9950428364e-12 4.0698983890e-12 -4.8365049176e-17 -4.4068570518e-14 -3.9950424248e-12 -3.0738253898e-14
d  1.2166795126e-03 8.5167561625e-01 -2.0000000000e-01 4.0577206329e-05 3.0000000000e+02 -4.1329971865e-12 4.4408779671e-14 4.0577314716e-12 4.1329120021e-12 -4.9480251580e-17 -4.4388815563e-14 -4.0577205648e-12 -3.0753126505e-14
d  1.2175136363e-03 8.5225950282e-01 -2.0000000000e-01 4.1355329187e-05 3.0000000000e+02 -4.2112679554e-12 4.4842402316e-14 4.1355209537e-12 4.2111827468e-12 -5.0959601804e-17 -4.4822369314e-14 -4.1355329911e-12 -3.0773320195e-14
d  1.2185145848e-03 8.5296016669e-01 -2.0000000000e-01 4.2322848399e-05 3.0000000000e+02 -4.3084985691e-12 4.5308520928e-14 4.2322851374e-12 4.3084132727e-12 -5.2573808589e-17 -4.5288521612e-14 -4.2322848427e-12 -3.0794849172e-14
d  1.2191151538e-03 8.5338056502e-01 -2.0000000000e-01 4.2918488256e-05 3.0000000000e+02 -4.3682533485e-12 4.5482044693e-14 4.2918529806e-12 4.3681680037e-12 -5.3377068969e-17 -4.5462058862e-14 -4.2918488013e-12 -3.0802780923e-14
d  1.2198358367e-03 8.5388504301e-01 -2.0000000000e-01 4.3663379831e-05 3.0000000000e+02 -4.4432795976e-12 4.5997223026e-14 4.3663390119e-12 4.4431942074e-12 -5.5456264856e-17 -4.5977226311e-14 -4.3663379807e-12 -3.0827453203e-14
d  1.2207006562e-03 8.5449041660e-01 -2.0000000000e-01 4.4585748245e-05 3.0000000000e+02 -4.5360138008e-12 4.6466790400e-14 4.4585748311e-12 4.5359283517e-12 -5.6808818134e-17 -4.6446790418e-14 -4.4585748289e-12 -3.0848821724e-14
d  1.2212195478e-03 8.5485364075e-01 -2.0000000000e-01 4.5156771891e-05 3.0000000000e+02 -4.5934271117e-12 4.6763556478e-14 4.5156771688e-12 4.5933416264e-12 -5.7989037822e-17 -4.6743556398e-14 -4.5156771938e-12 -3.0862774892e-14
d  1.2218422179e-03 8.5528950973e-01 -2.0000000000e-01 4.5860363281e-05 3.0000000000e+02 -4.6641734512e-12 4.7132211783e-14 4.5860199210e-12 4.6640879509e-12 -5.9355104216e-17 -4.7112151116e-14 -4.5860364547e-12 -3.0879978235e-14
d  1.2225894219e-03 8.5581255251e-01 -2.0000000000e-01 4.6731756167e-05 3.0000000000e+02 -4.7517837960e-12 4.7589711697e-14 4.6731762503e-12 4.7516982137e-12 -6.1066831178e-17 -4.7569713648e-14 -4.6731756174e-12 -3.0901345443e-14
d  1.2234860667e-03 8.5644020385e-01 -2.0000000000e-01 4.7819156403e-05 3.0000000000e+02 -4.8611193571e-12 4.8145096146e-14 4.7819156546e-12 4.8610337130e-12 -6.3220205706e-17 -4.8125096183e-14 -4.7819156450e-12 -3.0927345420e-14
d  1.2240240536e-03 8.5681679465e-01 -2.0000000000e-01 4.8495185843e-05 3.0000000000e+02 -4.9291097225e-12 4.8515926904e-14 4.8494876099e-12 4.9290240973e-12 -6.4626908708e-17 -4.8495808959e-14 -4.8495188272e-12 -3.0944706378e-14
d  1.2246696378e-03 8.5726870362e-01 -2.0000000000e-01 4.9329535205e-05 3.0000000000e+02 -5.0129944263e-12 4.8958147751e-14 4.9329820545e-12 5.0129086484e-12 -6.6337337349e-17 -4.8938249501e-14 -4.9329533177e-12 -3.0965425811e-14
d  1.2254443389e-03 8.5781099437e-01 -2.0000000000e-01 5.0366825023e-05 3.0000000000e+02 -5.1172876748e-12 4.9474575568e-14 5.0366830681e-12 5.1172018927e-12 -6.8405985963e-17 -4.9454577249e-14 -5.0366825037e-12 -3.0989605267e-14
d  1.2263739803e-03 8.5846174328e-01 -2.0000000000e-01 5.1667205446e-05 3.0000000000e+02 -5.2480448274e-12 5.0165925011e-14 5.1667667664e-12 5.2479589063e-12 -7.1210998869e-17 -5.0146039328e-14 -5.1667202987e-12 -3.1022163581e-14
d  1.2269317651e-03 8.5885219262e-01 -2.0000000000e-01 5.2478618374e-05 3.0000000000e+02 -5.3296478618e-12 5.0589655405e-14 5.2478301542e-12 5.3295620362e-12 -7.2900961689e-17 -5.0569539057e-14 -5.2478620813e-12 -3.1042010917e-14
d  1.2276011069e-03 8.5932073183e-01 -2.0000000000e-01 5.3483740262e-05 3.0000000000e+02 -5.4307064132e-12 5.1142937419e-14 5.3483740221e-12 5.4306204811e-12 -7.5123593276e-17 -5.1122937405e-14 -5.3483740316e-12 -3.1068049952e-14
d  1.2284043170e-03 8.5988297889e-01 -2.0000000000e-01 5.4739354687e-05 3.0000000000e+02 -5.5569686494e-12 5.1787236196e-14 5.4739360850e-12 5.5568826600e-12 -7.7865615923e-17 -5.1767237961e-14 -5.4739354703e-12 -3.1098449187e-14
d  1.2293681691e-03 8.6055767535e-01 -2.0000000000e-01 5.6321961237e-05 3.0000000000e+02 -5.7161144027e-12 5.2632561615e-14 5.6321966804e-12 5.7160283460e-12 -8.1407589159e-17 -5.2612562942e-14 -5.6321961264e-12 -3.1138322726e-14
d  1.2299464804e-03 8.6096249323e-01 -2.0000000000e-01 5.7314040299e-05 3.0000000000e+02 -5.8158839544e-12 5.3166813860e-14 5.7313805412e-12 5.8157979041e-12 -8.3696276572e-17 -5.3146730678e-14 -5.7314042096e-12 -3.1163568712e-14
d  1.2306404539e-03 8.6144827469e-01 -2.0000000000e-01 5.8548970985e-05 3.0000000000e+02 -5.9400669060e-12 5.3832938099e-14 5.8548971652e-12 5.9399807611e-12 -8.6576989752e-17 -5.3812938320e-14 -5.8548971039e-12 -3.1195093753e-14
d  1.2314732222e-03 8.6203121243e-01 -2.0000000000e-01 6.0099835317e-05 3.0000000000e+02 -6.0960291954e-12 5.4652577729e-14 6.0099835892e-12 6.0959429921e-12 -9.0218430499e-17 -5.4632577888e-14 -6.0099835374e-12 -3.1233958205e-14
d  1.2319728831e-03 8.6238097508e-01 -2.0000000000e-01 6.1068815744e-05 3.0000000000e+02 -6.1934821853e-12 5.5182711916e-14 6.1068658988e-12 6.1933959809e-12 -9.2582267769e-17 -5.5162647640e-14 -6.1068817131e-12 -3.1259123410e-14
d  1.2325724763e-03 8.6280069026e-01 -2.0000000000e-01 6.2273373275e-05 3.0000000000e+02 -6.3146578722e-12 5.5876030767e-14 6.2274035002e-12 6.3145714517e-12 -9.5718245691e-17 -5.5856284856e-14 -6.2273368022e-12 -3.1292205050e-14
d  1.2332919881e-03 8.6330434847e-01 -2.0000000000e-01 6.3777421950e-05 3.0000000000e+02 -6.4658754342e-12 5.6626289855e-14 6.3777965674e-12 6.4657889937e-12 -9.9102921624e-17 -5.6606463722e-14 -6.3777418235e-12 -3.1327657246e-14
d  1.2337236951e-03 8.6360654340e-01 -2.0000000000e-01 6.4714517945e-05 3.0000000000e+02 -6.5601262398e-12 5.7137992755e-14 6.4714444463e-12 6.5600398964e-12 -1.0159271090e-16 -5.7117957868e-14 -6.4714518720e-12 -3.1352207809e-14
d  1.2342417436e-03 8.6396917731e-01 -2.0000000000e-01 6.5876154545e-05 3.0000000000e+02 -6.6769914031e-12 5.7833031734e-14 6.5875789897e-12 6.6769050908e-12 -1.0473305734e-16 -5.7812869611e-14 -6.5876157952e-12 -3.1385368312e-14
d  1.2348634018e-03 8.6440433801e-01 -2.0000000000e-01 6.7321345125e-05 3.0000000000e+02 -6.8222952516e-12 5.8579239596e-14 6.7321357927e-12 6.8222088083e-12 -1.0824207760e-16 -5.8559244336e-14 -6.7321345092e-12 -3.1420869609e-14
d  1.2356093916e-03 8.6492653084e-01 -2.0000000000e-01 6.9139927631e-05 3.0000000000e+02 -7.0052012398e-12 5.9556901344e-14 6.9139927899e-12 7.0051147471e-12 -1.1313160454e-16 -5.9536901427e-14 -6.9139927698e-12 -3.1467882203e-14
d  1.2360569854e-03 8.6523984655e-01 -2.0000000000e-01 7.0277312673e-05 3.0000000000e+02 -7.1195961245e-12 6.0184131948e-14 7.0277312589e-12 7.1195096006e-12 -1.1620607661e-16 -6.0164131910e-14 -7.0277312744e-12 -3.1497957397e-14
d  1.2365940981e-03 8.6561582539e-01 -2.0000000000e-01 7.1678078898e-05 3.0000000000e+02 -7.2602096753e-12 6.0694208515e-14 7.1678868568e-12 7.2601229233e-12 -1.1899595076e-16 -6.0674547095e-14 -7.1678071854e-12 -3.1522128916e-14
d  1.2372386333e-03 8.6606700000e-01 -2.0000000000e-01 7.3453539235e-05 3.0000000000e+02 -7.4390657238e-12 6.1923426785e-14 7.3454265950e-12 7.4389789495e-12 -1.2566348847e-16 -6.1903686260e-14 -7.3453533638e-12 -3.1582612831e-14
d  1.2380120755e-03 8.6660840953e-01 -2.0000000000e-01 7.5673363716e-05 3.0000000000e+02 -7.6619891128e-12 6.2818713377e-14 7.5674435884e-12 7.6619022123e-12 -1.2990307719e-16 -6.2799032122e-14 -7.5673356484e-12 -3.1624438923e-14
d  1.2384761408e-03 8.6693325525e-01 -2.0000000000e-01 7.7073097139e-05 3.0000000000e+02 -7.8027939454e-12 6.3598038497e-14 7.7073794789e-12 7.8027070740e-12 -1.3481181531e-16 -6.3578346537e-14 -7.7073090695e-12 -3.1663261184e-14
d  1.2390330193e-03 8.6732307011e-01 -2.0000000000e-01 7.8837776580e-05 3.0000000000e+02 -7.9806373266e-12 6.4920529830e-14 7.8837891419e-12 7.9805505652e-12 -1.4129453630e-16 -6.4900577310e-14 -7.8837775637e-12 -3.1727477271e-14
d  1.2397012733e-03 8.6779084794e-01 -2.0000000000e-01 8.1056609634e-05 3.0000000000e+02 -8.2038482085e-12 6.6186405533e-14 8.1056414377e-12 8.2037614771e-12 -1.4712028757e-16 -6.6166338312e-14 -8.1056611228e-12 -3.1787613268e-14
d  1.2401022258e-03 8.6807151465e-01 -2.0000000000e-01 8.2451165478e-05 3.0000000000e+02 -8.3441958707e-12 6.7045543499e-14 8.2451325065e-12 8.3441090188e-12 -1.5202145791e-16 -6.7025625088e-14 -8.2451163857e-12 -3.1829850143e-14
d  1.2405833687e-03 8.6840831469e-01 -2.0000000000e-01 8.4181864380e-05 3.0000000000e+02 -8.5181892699e-12 6.7906947648e-14 8.4181880871e-12 8.5181024245e-12 -1.5668321548e-16 -6.7886955543e-14 -8.4181864297e-12 -3.1871353774e-14
d  1.2411607403e-03 8.6881247474e-01 -2.0000000000e-01 8.6358220513e-05 3.0000000000e+02 -8.7371191396e-12 6.9133122687e-14 8.6358221241e-12 8.7370322582e-12 -1.6404042245e-16 -6.9113122977e-14 -8.6358220593e-12 -3.1931886815e-14
d  1.2418535861e-03 8.6929746680e-01 -2.0000000000e-01 8.9121106423e-05 3.0000000000e+02 -9.0150523006e-12 7.0693454915e-14 8.9121122446e-12 9.0149653667e-12 -1.7295610310e-16 -7.0673460233e-14 -8.9121106388e-12 -3.2008221155e-14
d  1.2422692936e-03 8.6958846203e-01 -2.0000000000e-01 9.0863943558e-05 3.0000000000e+02 -9.1903783318e-12 7.1681604004e-14 9.0863961976e-12 9.1902913675e-12 -1.7885246479e-16 -7.1661613084e-14 -9.0863943455e-12 -3.2056864167e-14
d  1.2427681426e-03 8.6993765631e-01 -2.0000000000e-01 9.3046398276e-05 3.0000000000e+02 -9.4099322663e-12 7.2920897462e-14 9.3046733005e-12 9.4098451744e-12 -1.8632707284e-16 -7.2901051989e-14 -9.3046395009e-12 -3.2117994097e-14
d  1.2433667614e-03 8.7035668945e-01 -2.0000000000e-01 9.5806762564e-05 3.0000000000e+02 -9.6876292933e-12 7.4487525068e-14 9.5807268528e-12 9.6875421140e-12 -1.9589599776e-16 -7.4467719551e-14 -9.5806758230e-12 -3.2195399089e-14
d  1.2437259327e-03 8.7060810934e-01 -2.0000000000e-01 9.7542145316e-05 3.0000000000e+02 -9.8622158699e-12 7.5474219327e-14 9.7542157448e-12 9.8621288052e-12 -2.0208662722e-16 -7.5454226254e-14 -9.7542145267e-12 -3.2244318596e-14
d  1.2441569382e-03 8.7090981320e-01 -2.0000000000e-01 9.9708807883e-05 3.0000000000e+02 -1.0080193586e-11 7.6733829583e-14 9.9708828790e-12 1.0080106488e-11 -2.1003608635e-16 -7.6713840759e-14 -9.9708807743e-12 -3.2306918169e-14
d  1.2446741448e-03 8.7127185783e-01 -2.0000000000e-01 1.0243889530e-04 3.0000000000e+02 -1.0354860314e-11 7.8298486923e-14 1.0243889626e-11 1.0354773187e-11 -2.2009902113e-16 -7.8278487350e-14 -1.0243889539e-11 -3.2384855158e-14
d  1.2452947928e-03 8.7170631139e-01 -2.0000000000e-01 1.0591891143e-04 3.0000000000e+02 -1.0704983961e-11 8.0306977300e-14 1.0591891093e-11 1.0704896791e-11 -2.3329571999e-16 -8.0286977114e-14 -1.0591891154e-11 -3.2485267949e-14
d  1.2456671816e-03 8.7196698352e-01 -2.0000000000e-01 1.0812215926e-04 3.0000000000e+02 -1.0926658602e-11 8.1584247616e-14 1.0812218230e-11 1.0926571398e-11 -2.4200945088e-16 -8.1564260297e-14 -1.0812215909e-11 -3.2549506642e-14
d  1.2461140481e-03 8.7227979009e-01 -2.0000000000e-01 1.1088996581e-04 3.0000000000e+02 -1.1205139274e-11 8.3191633205e-14 1.1088996633e-11 1.1205052045e-11 -2.5304158741e-16 -8.3171633472e-14 -1.1088996592e-11 -3.2630448601e-14
d  1.2466502880e-03 8.7265515796e-01 -2.0000000000e-01 1.1440484401e-04 3.0000000000e+02 -1.1558793858e-11 8.5240801098e-14 1.1440484465e-11 1.1558706592e-11 -2.6735839229e-16 -8.5220801373e-14 -1.1440484412e-11 -3.2733970505e-14
d  1.2469720319e-03 8.7288037869e-01 -2.0000000000e-01 1.1660038382e-04 3.0000000000e+02 -1.1779248405e-11 8.6092227752e-14 1.1660150634e-11 1.1779160692e-11 -2.7396928639e-16 -8.6072943308e-14 -1.1660036868e-11 -3.2776829854e-14
d  1.2473581246e-03 8.7315064356e-01 -2.0000000000e-01 1.1938446458e-04 3.0000000000e+02 -1.2059858826e-11 8.8147208265e-14 1.1938547011e-11 1.2059771133e-11 -2.9046468372e-16 -8.8127808464e-14 -1.1938445168e-11 -3.2884540819e-14
d  1.2478214358e-03 8.7347496140e-01 -2.0000000000e-01 1.2289604332e-04 3.0000000000e+02 -1.2413185523e-11 9.0206818613e-14 1.2289604564e-11 1.2413098175e-11 -3.0327129486e-16 -9.0186819766e-14 -1.2289604342e-11 -3.2986279062e-14
d  1.2483774093e-03 8.7386414281e-01 -2.0000000000e-01 1.2739652449e-04 3.0000000000e+02 -1.2866052378e-11 9.2889496983e-14 1.2739652599e-11 1.2865964991e-11 -3.2403749055e-16 -9.2869497601e-14 -1.2739652461e-11 -3.3124485855e-14
d  1.2487109934e-03 8.7409765166e-01 -2.0000000000e-01 1.3025955064e-04 3.0000000000e+02 -1.3154155479e-11 9.4583386944e-14 1.3026075820e-11 1.3154067583e-11 -3.3760681746e-16 -9.4564129184e-14 -1.3025953449e-11 -3.3212287196e-14
d  1.2491112943e-03 8.7437786228e-01 -2.0000000000e-01 1.3387134999e-04 3.0000000000e+02 -1.3517616290e-11 9.6707081638e-14 1.3387111280e-11 1.3517528947e-11 -3.5436722989e-16 -9.6686945126e-14 -1.3387135318e-11 -3.3321907411e-14
d  1.2495916554e-03 8.7471411502e-01 -2.0000000000e-01 1.3848182029e-04 3.0000000000e+02 -1.3981577616e-11 9.9503958077e-14 1.3848182468e-11 1.3981490143e-11 -3.7700448260e-16 -9.9483960180e-14 -1.3848182038e-11 -3.3467271305e-14
d  1.2498798720e-03 8.7491586666e-01 -2.0000000000e-01 1.4140480526e-04 3.0000000000e+02 -1.4275736138e-11 1.0123562858e-13 1.4140490730e-11 1.4275648601e-11 -3.9176771883e-16 -1.0121570121e-13 -1.4140480383e-11 -3.3558122373e-14
d  1.2502257320e-03 8.7515796864e-01 -2.0000000000e-01 1.4508117255e-04 3.0000000000e+02 -1.4645717338e-11 1.0344634420e-13 1.4508306819e-11 1.4645628980e-11 -4.1080702908e-16 -1.0342760759e-13 -1.4508114484e-11 -3.3674495928e-14
d  1.2506407640e-03 8.7544849100e-01 -2.0000000000e-01 1.4975698307e-04 3.0000000000e+02 -1.5116290948e-11 1.0622717582e-13 1.4975698586e-11 1.5116203402e-11 -4.3472097010e-16 -1.0620717737e-13 -1.4975698318e-11 -3.3820588183e-14
d  1.2511388023e-03 8.7579711785e-01 -2.0000000000e-01 1.5578877626e-04 3.0000000000e+02 -1.5723350705e-11 1.0993128077e-13 1.5578877554e-11 1.5723263126e-11 -4.6766442277e-16 -1.0991128043e-13 -1.5578877642e-11 -3.4016949131e-14
d  1.2514376254e-03 8.7600629395e-01 -2.0000000000e-01 1.5964927795e-04 3.0000000000e+02 -1.6111899059e-11 1.1227199999e-13 1.5964927839e-11 1.6111811458e-11 -4.8954774233e-16 -1.1225200029e-13 -1.5964927811e-11 -3.4142293470e-14
d  1.2517962130e-03 8.7625730528e-01 -2.0000000000e-01 1.6454582113e-04 3.0000000000e+02 -1.6604731062e-11 1.1526076817e-13 1.6454582221e-11 1.6604643436e-11 -5.1770995179e-16 -1.1524076887e-13 -1.6454582127e-11 -3.4302700043e-14
d  1.2522265181e-03 8.7655851887e-01 -2.0000000000e-01 1.7084098462e-04 3.0000000000e+02 -1.7238350548e-11 1.1911857505e-13 1.7084099321e-11 1.7238262889e-11 -5.5488345481e-16 -1.1909857964e-13 -1.7084098468e-11 -3.4510852277e-14
d  1.2524847012e-03 8.7673924702e-01 -2.0000000000e-01 1.7485761141e-04 3.0000000000e+02 -1.7642646735e-11 1.2159167206e-13 1.7485860258e-11 1.7642558533e-11 -5.7996955159e-16 -1.2157245976e-13 -1.7485759420e-11 -3.4645951675e-14
d  1.2527945209e-03 8.7695612081e-01 -2.0000000000e-01 1.7993826982e-04 3.0000000000e+02 -1.8154051747e-11 1.2470597662e-13 1.7993828799e-11 1.8153964041e-11 -6.1147175173e-16 -1.2468599015e-13 -1.7993826969e-11 -3.4815851078e-14
d  1.2531663046e-03 8.7721636935e-01 -2.0000000000e-01 1.8644708742e-04 3.0000000000e+02 -1.8809230423e-11 1.2876874374e-13 1.8644709330e-11 1.8809142698e-11 -6.5359525669e-16 -1.2874874739e-13 -1.8644708752e-11 -3.5039064382e-14
d  1.2536124450e-03 8.7752866760e-01 -2.0000000000e-01 1.9492267419e-04 3.0000000000e+02 -1.9662414562e-11 1.3403755367e-13 1.9492269339e-11 1.9662326799e-11 -7.1009370381e-16 -1.3401756357e-13 -1.9492267413e-11 -3.5330934348e-14
d  1.2538801292e-03 8.7771604655e-01 -2.0000000000e-01 2.0039389451e-04 3.0000000000e+02 -2.0213194166e-11 1.3746363594e-13 2.0039391628e-11 2.0213106382e-11 -7.4880774214e-16 -1.3744365262e-13 -2.0039389432e-11 -3.5523301145e-14
d  1.2542013503e-03 8.7794090129e-01 -2.0000000000e-01 2.0738688116e-04 3.0000000000e+02 -2.0917182042e-11 1.4185743536e-13 2.0738688320e-11 2.0917094247e-11 -7.9896724539e-16 -1.4183743682e-13 -2.0738688134e-11 -3.5770754106e-14
d  1.2545868156e-03 8.7821072698e-01 -2.0000000000e-01 2.1646696661e-04 3.0000000000e+02 -2.1831309688e-11 1.4758312019e-13 2.1646697750e-11 2.1831221860e-11 -8.6611629457e-16 -1.4756312669e-13 -2.1646696667e-11 -3.6095632954e-14
d  1.2548180947e-03 8.7837262240e-01 -2.0000000000e-01 2.2231320384e-04 3.0000000000e+02 -2.2419901468e-11 1.5129152400e-13 2.2231519805e-11 2.2419812332e-11 -9.1225513283e-16 -1.5127329343e-13 -2.2231316387e-11 -3.6309633184e-14
d  1.2550956297e-03 8.7856689689e-01 -2.0000000000e-01 2.2976845279e-04 3.0000000000e+02 -2.3170503979e-11 1.5599300443e-13 2.2976763876e-11 2.3170416656e-11 -9.7047121799e-16 -1.5597232818e-13 -2.2976846876e-11 -3.6580289232e-14
d  1.2554286718e-03 8.7880002629e-01 -2.0000000000e-01 2.3941894415e-04 3.0000000000e+02 -2.4142150662e-11 1.6223396395e-13 2.3941899346e-11 2.4142062750e-11 -1.0501369847e-15 -1.6221399804e-13 -2.3941894355e-11 -3.6943295410e-14
d  1.2556284970e-03 8.7893990392e-01 -2.0000000000e-01 2.4561523542e-04 3.0000000000e+02 -2.4766047432e-11 1.6617278586e-13 2.4561561569e-11 2.4765959261e-11 -1.1034279350e-15 -1.6615317658e-13 -2.4561522690e-11 -3.7176235009e-14
d  1.2558682872e-03 8.7910775709e-01 -2.0000000000e-01 2.5349672733e-04 3.0000000000e+02 -2.5559639586e-11 1.7124252808e-13 2.5349676918e-11 2.5559551644e-11 -1.1721866022e-15 -1.7122256835e-13 -2.5349672666e-11 -3.7476375095e-14
d  1.2561560355e-03 8.7930918089e-01 -2.0000000000e-01 2.6366627492e-04 3.0000000000e+02 -2.6583650448e-11 1.7782498154e-13 2.6366627913e-11 2.6583562514e-11 -1.2637350920e-15 -1.7780498491e-13 -2.6366627510e-11 -3.7869237305e-14
d  1.2565013335e-03 8.7955088944e-01 -2.0000000000e-01 2.7703256336e-04 3.0000000000e+02 -2.7929611429e-11 1.8650434834e-13 2.7703257531e-11 2.7929523465e-11 -1.3889301607e-15 -1.8648435630e-13 -2.7703256342e-11 -3.8393312824e-14
d  1.2567085122e-03 8.7969591458e-01 -2.0000000000e-01 2.8573473453e-04 3.0000000000e+02 -2.8805958575e-11 1.9219677160e-13 2.8573477407e-11 2.8805870573e-11 -1.4760296793e-15 -1.9217681077e-13 -2.8573473390e-11 -3.8743709103e-14
d  1.2569571268e-03 8.7986994474e-01 -2.0000000000e-01 2.9694325013e-04 3.0000000000e+02 -2.9934731010e-11 1.9955149990e-13 2.9694325248e-11 2.9934643021e-11 -1.5899917205e-15 -1.9953150208e-13 -2.9694325037e-11 -3.9198480613e-14
d  1.2572554642e-03 8.8007878093e-01 -2.0000000000e-01 3.1164355381e-04 3.0000000000e+02 -3.1415208793e-11 2.0923631884e-13 3.1164462659e-11 3.1415119906e-11 -1.7448968351e-15 -2.0921714667e-13 -3.1164353259e-11 -3.9804015835e-14
d  1.2574344667e-03 8.8020408265e-01 -2.0000000000e-01 3.2119555850e-04 3.0000000000e+02 -3.2377258426e-11 2.1555504758e-13 3.2119766398e-11 3.2377168490e-11 -1.8522052452e-15 -2.1553746270e-13 -3.2119550255e-11 -4.0207517705e-14
d  1.2576492696e-03 8.8035444471e-01 -2.0000000000e-01 3.3347690531e-04 3.0000000000e+02 -3.3614226647e-11 2.2370839476e-13 3.3347693990e-11 3.3614138580e-11 -1.9915234559e-15 -2.2368843192e-13 -3.3347690475e-11 -4.0729250989e-14
d  1.2579070331e-03 8.8053487918e-01 -2.0000000000e-01 3.4954656628e-04 3.0000000000e+02 -3.5232820054e-11 2.3449779519e-13 3.4954658207e-11 3.5232731986e-11 -2.1817439774e-15 -2.3447780930e-13 -3.4954656627e-11 -4.1428046739e-14
d  1.2582163494e-03 8.8075140054e-01 -2.0000000000e-01 3.7106064895e-04 3.0000000000e+02 -3.7399912751e-11 2.4895094143e-13 3.7106072596e-11 3.7399824603e-11 -2.4481083508e-15 -2.4893099867e-13 -3.7106064771e-11 -4.2379847543e-14
d  1.2584019392e-03 8.8088131336e-01 -2.0000000000e-01 3.8530830491e-04 3.0000000000e+02 -3.8835190805e-11 2.5861607077e-13 3.8530822224e-11 3.8835102803e-11 -2.6391154600e-15 -2.5859597938e-13 -3.8530830756e-11 -4.3033854507e-14
d  1.2586246469e-03 8.8103720875e-01 -2.0000000000e-01 4.0394859463e-04 3.0000000000e+02 -4.0713026094e-11 2.7131373528e-13 4.0394860195e-11 4.0712937982e-11 -2.8942714376e-15 -2.7129374285e-13 -4.0394859484e-11 -4.3899109643e-14
d  1.2588918961e-03 8.8122428320e-01 -2.0000000000e-01 4.2890669849e-04 3.0000000000e+02 -4.3227455487e-11 2.8838407782e-13 4.2890660184e-11 4.3227367470e-11 -3.2505341822e-15 -2.8836399463e-13 -4.2890670126e-11 -4.5080630274e-14
d  1.2590522456e-03 8.8133652788e-01 -2.0000000000e-01 4.4543701354e-04 3.0000000000e+02 -4.4892977888e-11 2.9981241858e-13 4.4543700302e-11 4.4892889767e-11 -3.5060947816e-15 -2.9979240512e-13 -4.4543701432e-11 -4.5894985864e-14
d  1.2592446651e-03 8.8147122149e-01 -2.0000000000e-01 4.6706606187e-04 3.0000000000e+02 -4.7072288443e-11 3.1479782851e-13 4.6706836593e-11 4.7072197467e-11 -3.8478266089e-15 -3.1478058957e-13 -4.6706599160e-11 -4.6972309825e-14
d  1.2594755684e-03 8.8163285382e-01 -2.0000000000e-01 4.9602906772e-04 3.0000000000e+02 -4.9990716998e-11 3.3493787568e-13 4.9602914485e-11 4.9990628738e-11 -4.3232054950e-15 -3.3491795255e-13 -4.9602906607e-11 -4.8442223714e-14
d  1.2596141104e-03 8.8172983322e-01 -2.0000000000e-01 5.1521303027e-04 3.0000000000e+02 -5.1923979560e-11 3.4848700152e-13 5.1521305775e-11 5.1923891349e-11 -4.6656697033e-15 -3.4846704226e-13 -5.1521302978e-11 -4.9462487860e-14
d  1.2597803609e-03 8.8184620850e-01 -2.0000000000e-01 5.4031517215e-04 3.0000000000e+02 -5.4453714895e-11 3.6619751623e-13 5.4031522015e-11 5.4453626642e-11 -5.1219834504e-15 -3.6617758285e-13 -5.4031517099e-11 -5.0808263405e-14
d  1.2599798613e-03 8.8198585884e-01 -2.0000000000e-01 5.7392877077e-04 3.0000000000e+02 -5.7841415151e-11 3.9006086325e-13 5.7392887156e-11 5.7841326807e-11 -5.7592498758e-15 -3.9004097959e-13 -5.7392876810e-11 -5.2652865096e-14
d  1.2602192619e-03 8.8215343924e-01 -2.0000000000e-01 6.2035156865e-04 3.0000000000e+02 -6.2520491101e-11 4.2327822984e-13 6.2035179515e-11 6.2520402540e-11 -6.6954082456e-15 -4.2325844715e-13 -6.2035156246e-11 -5.5288847187e-14
d  1.2603629023e-03 8.8225398748e-01 -2.0000000000e-01 6.5200201250e-04 3.0000000000e+02 -6.5711120899e-11 4.4625202322e-13 6.5200181000e-11 6.5711033011e-11 -7.4008241186e-15 -4.4623173403e-13 -6.5200202097e-11 -5.7192169830e-14
d  1.2605352707e-03 8.8237464537e-01 -2.0000000000e-01 6.9455663439e-04 3.0000000000e+02 -7.0001166926e-11 4.7727647246e-13 6.9455666278e-11 7.0001078639e-11 -8.3766300873e-15 -4.7725651041e-13 -6.9455663400e-11 -5.9795417630e-14
d  1.2607421128e-03 8.8251943484e-01 -2.0000000000e-01 7.5367977222e-04 3.0000000000e+02 -7.5962060436e-11 5.2067097431e-13 7.5367998598e-11 7.5961971790e-11 -9.8092051041e-15 -5.2065121172e-13 -7.5367976538e-11 -6.3531314608e-14
d  1.2608662181e-03 8.8260630852e-01 -2.0000000000e-01 7.9421782154e-04 3.0000000000e+02 -8.0049942835e-11 5.5092533490e-13 7.9421774780e-11 8.0049854722e-11 -1.0898812687e-14 -5.5090521299e-13 -7.9421782568e-11 -6.6262320702e-14
d  1.2610151444e-03 8.8271055694e-01 -2.0000000000e-01 8.4901739480e-04 3.0000000000e+02 -8.5576236833e-11 5.9199863330e-13 8.4901742236e-11 8.5576148504e-11 -1.2416112778e-14 -5.9197867593e-13 -8.4901739441e-11 -7.0023902664e-14
d  1.2611938560e-03 8.8283565504e-01 -2.0000000000e-01 9.2571647488e-04 3.0000000000e+02 -9.3311810169e-11 6.4994397410e-13 9.2571547754e-11 9.3311724126e-11 -1.4664785373e-14 -6.4992269201e-13 -9.2571651794e-11 -7.5482261156e-14
d  1.2613010829e-03 8.8291071390e-01 -2.0000000000e-01 9.7866986611e-04 3.0000000000e+02 -9.8653720764e-11 6.9076533747e-13 9.7866978928e-11 9.8653632661e-11 -1.6395184861e-14 -6.9074519042e-13 -9.7866987122e-11 -7.9532044105e-14
d  1.2614297553e-03 8.8300078453e-01 -2.0000000000e-01 1.0507255383e-03 3.0000000000e+02 -1.0592307290e-10 7.4647014143e-13 1.0507255509e-10 1.0592298457e-10 -1.8822579142e-14 -7.4645016385e-13 -1.0507255387e-10 -8.5151854060e-14
d  1.2615841621e-03 8.8310886929e-01 -2.0000000000e-01 1.1524892969e-03 3.0000000000e+02 -1.1619083680e-10 8.2595544817e-13 1.1524890549e-10 1.1619074916e-10 -2.2462792771e-14 -8.2593508827e-13 -1.1524893103e-10 -9.3419213350e-14
d  1.2616768062e-03 8.8317372015e-01 -2.0000000000e-01 1.2233435893e-03 3.0000000000e+02 -1.2334196566e-10 8.8259703287e-13 1.2233437867e-10 1.2334187675e-10 -2.5300203445e-14 -8.8257747015e-13 -1.2233435779e-10 -9.9651874895e-14
d  1.2617879791e-03 8.8325154117e-01 -2.0000000000e-01 1.3205419250e-03 3.0000000000e+02 -1.3315261889e-10 9.6062813951e-13 1.3205460949e-10 1.3315251720e-10 -2.9323912893e-14 -9.6061678254e-13 -1.3205416598e-10 -1.0840114978e-13
d  1.2619213865e-03 8.8334492641e-01 -2.0000000000e-01 1.4593528703e-03 3.0000000000e+02 -1.4716560418e-10 1.0733114071e-12 1.4593525644e-10 1.4716551691e-10 -3.5435221277e-14 -1.0732908806e-12 -1.4593528905e-10 -1.2145867348e-13
d  1.2620014310e-03 8.8340095754e-01 -2.0000000000e-01 1.5570183814e-03 3.0000000000e+02 -1.5702862905e-10 1.1549536703e-12 1.5570187726e-10 1.5702853924e-10 -4.0280935985e-14 -1.1549346736e-12 -1.5570183527e-10 -1.3150795759e-13
d  1.2620974844e-03 8.8346819491e-01 -2.0000000000e-01 1.6923569997e-03 3.0000000000e+02 -1.7069738459e-10 1.2685838443e-12 1.6923569354e-10 1.7069729650e-10 -4.7231556590e-14 -1.2685636902e-12 -1.6923570063e-10 -1.4578645874e-13
d  1.2622127485e-03 8.8354887975e-01 -2.0000000000e-01 1.8883551141e-03 3.0000000000e+02 -1.9049650994e-10 1.4354348211e-12 1.8883544216e-10 1.9049642469e-10 -5.7981483027e-14 -1.4354134422e-12 -1.8883551682e-10 -1.6752097222e-13
d  1.2622819069e-03 8.8359729066e-01 -2.0000000000e-01 2.0280801777e-03 3.0000000000e+02 -2.0461794316e-10 1.5585855950e-12 2.0280807388e-10 2.0461785208e-10 -6.6666454938e-14 -1.5585672602e-12 -2.0280801269e-10 -1.8462160289e-13
d  1.2623648970e-03 8.8365538374e-01 -2.0000000000e-01 2.2241869660e-03 3.0000000000e+02 -2.2443997962e-10 1.7325497711e-12 2.2241862883e-10 2.2443989482e-10 -7.9320391663e-14 -1.7325278904e-12 -2.2241870329e-10 -2.0932488204e-13
d  1.2624644852e-03 8.8372509544e-01 -2.0000000000e-01 2.5132660824e-03 3.0000000000e+02 -2.5366704162e-10 1.9932752534e-12 2.5132644780e-10 2.5366696274e-10 -9.9309282962e-14 -1.9932515594e-12 -2.5132662368e-10 -2.4779771162e-13
d  1.2625242381e-03 8.8376692246e-01 -2.0000000000e-01 2.7228060743e-03 3.0000000000e+02 -2.7486606663e-10 2.1906489049e-12 2.7228070238e-10 2.7486597216e-10 -1.1585307935e-13 -2.1906321648e-12 -2.7228059660e-10 -2.7891836002e-13
d  1.2625959415e-03 8.8381711489e-01 -2.0000000000e-01 3.0217134188e-03 3.0000000000e+02 -3.0511107553e-10 2.4744571116e-12 3.0217127942e-10 3.0511099156e-10 -1.4041418187e-13 -2.4744351069e-12 -3.0217134968e-10 -3.2476386522e-13
d  1.2626819857e-03 8.8387734580e-01 -2.0000000000e-01 3.4723955797e-03 3.0000000000e+02 -3.5072896537e-10 2.9109664492e-12 3.4723959763e-10 3.5072887375e-10 -1.8022785406e-13 -2.9109475043e-12 -3.4723955346e-10 -3.9816438493e-13
d  1.2627336122e-03 8.8391348434e-01 -2.0000000000e-01 3.8060379950e-03 3.0000000000e+02 -3.8452961981e-10 3.2521060284e-12 3.8060399535e-10 3.8452951410e-10 -2.1414484852e-13 -3.2520938041e-12 -3.8060377060e-10 -4.5949704717e-13
d  1.2627955640e-03 8.8395685060e-01 -2.0000000000e-01 4.2918542270e-03 3.0000000000e+02 -4.3375679563e-10 3.7536369856e-12 4.2918546656e-10 4.3375670287e-10 -2.6564570271e-13 -3.7536186124e-12 -4.2918541626e-10 -5.5199263997e-13
d  1.2628699062e-03 8.8400889011e-01 -2.0000000000e-01 5.0453794005e-03 3.0000000000e+02 -5.1014358073e-10 4.5491179258e-12 5.0453794683e-10 5.1014349153e-10 -3.5164126020e-13 -4.5490981338e-12 -5.0453793943e-10 -7.0481565214e-13
d  1.2629145114e-03 8.8404011381e-01 -2.0000000000e-01 5.6178488811e-03 3.0000000000e+02 -5.6824418258e-10 5.1947710688e-12 5.6178465283e-10 5.6824412457e-10 -4.2729132755e-13 -5.1947402759e-12 -5.6178493567e-10 -8.3715740832e-13
d  1.2629680378e-03 8.8407758226e-01 -2.0000000000e-01 6.4721807207e-03 3.0000000000e+02 -6.5497100977e-10 6.1664924345e-12 6.4721843230e-10 6.5497086746e-10 -5.4483369744e-13 -6.1664878603e-12 -6.4721799505e-10 -1.0415791414e-12
d  1.2630322694e-03 8.8412254439e-01 -2.0000000000e-01 7.8406747860e-03 3.0000000000e+02 -7.9395717684e-10 7.7540976991e-12 7.8406746589e-10 7.9395709081e-10 -7.4640247985e-13 -7.7540772496e-12 -7.8406748246e-10 -1.3890900884e-12
d  1.2630708084e-03 8.8414952167e-01 -2.0000000000e-01 8.9091958420e-03 3.0000000000e+02 -9.0263350389e-10 9.0870584023e-12 8.9091993662e-10 9.0263334338e-10 -9.2815965355e-13 -9.0870570576e-12 -8.9091948427e-10 -1.6986504677e-12
d  1.2631170552e-03 8.8418189441e-01 -2.0000000000e-01 1.0540716498e-02 3.0000000000e+02 -1.0685804454e-09 1.1114460646e-11 1.0540716436e-09 1.0685803585e-09 -1.2129272454e-12 -1.1114440339e-11 -1.0540716529e-09 -2.1813046157e-12
d  1.2631448032e-03 8.8420131805e-01 -2.0000000000e-01 1.1755096172e-02 3.0000000000e+02 -1.1922168234e-09 1.2690707793e-11 1.1755099735e-09 1.1922166406e-09 -1.4448877867e-12 -1.2690714092e-11 -1.1755094836e-09 -2.5715639932e-12
d  1.2631781009e-03 8.8422462642e-01 -2.0000000000e-01 1.3517452888e-02 3.0000000000e+02 -1.3715999997e-09 1.4935154368e-11 1.3517457212e-09 1.3715997784e-09 -1.7822176393e-12 -1.4935164172e-11 -1.3517451114e-09 -3.1372466093e-12
d  1.2632180581e-03 8.8425259646e-01 -2.0000000000e-01 1.6194913143e-02 3.0000000000e+02 -1.6440443191e-09 1.8258724657e-11 1.6194948641e-09 1.6440428773e-09 -2.2973118913e-12 -1.8258906750e-11 -1.6194896507e-09 -3.9969842858e-12
d  1.2632420324e-03 8.8426937849e-01 -2.0000000000e-01 1.8162870751e-02 3.0000000000e+02 -1.8443886059e-09 2.0741071686e-11 1.8162871272e-09 1.8443884962e-09 -2.6981392424e-12 -2.0741056127e-11 -1.8162870489e-09 -4.6619676975e-12
d  1.2632708016e-03 8.8428951692e-01 -2.0000000000e-01 2.0958267685e-02 3.0000000000e+02 -2.1286603014e-09 2.4033902866e-11 2.0958267682e-09 2.1286602131e-09 -3.2405130218e-12 -2.4033882847e-11 -2.0958267707e-09 -5.5591408540e-12
d  1.2632880631e-03 8.8430159998e-01 -2.0000000000e-01 2.2889733955e-02 3.0000000000e+02 -2.3249688567e-09 2.6217626897e-11 2.2889733771e-09 2.3249687775e-09 -3.6099151987e-12 -2.6217604708e-11 -2.2889734103e-09 -6.1678480135e-12
d  1.2633087770e-03 8.8431609965e-01 -2.0000000000e-01 2.5481588677e-02 3.0000000000e+02 -2.5880319702e-09 2.8882796294e-11 2.5481602804e-09 2.5880310931e-09 -4.0685815853e-12 -2.8882933673e-11 -2.5481578398e-09 -6.9217293794e-12
d  1.2633336335e-03 8.8433349925e-01 -2.0000000000e-01 2.8997446164e-02 3.0000000000e+02 -2.9442067812e-09 3.2012847432e-11 2.8997446157e-09 2.9442066933e-09 -4.6217575253e-12 -3.2012827361e-11 -2.8997446199e-09 -7.8273765352e-12
d  1.2633485475e-03 8.8434393902e-01 -2.0000000000e-01 3.1319036047e-02 3.0000000000e+02 -3.1790196340e-09 3.3805803481e-11 3.1319037515e-09 3.1790194470e-09 -4.9492159829e-12 -3.3805803771e-11 -3.1319034781e-09 -8.3609685694e-12
d  1.2633664442e-03 8.8435646673e-01 -2.0000000000e-01 3.4299380930e-02 3.0000000000e+02 -3.4798424512e-09 3.5670508222e-11 3.4299411431e-09 3.4798401167e-09 -5.3016778481e-12 -3.5670882455e-11 -3.4299352451e-09 -8.9324456140e-12
d  1.2633879203e-03 8.8437149999e-01 -2.0000000000e-01 3.8109836257e-02 3.0000000000e+02 -3.8634211166e-09 3.7327820351e-11 3.8109836248e-09 3.8634210290e-09 -5.6375879789e-12 -3.7327800248e-11 -3.8109836305e-09 -9.4717350412e-12
d  1.2634008060e-03 8.8438051995e-01 -2.0000000000e-01 4.0494446979e-02 3.0000000000e+02 -4.1028477099e-09 3.7931666975e-11 4.0494472055e-09 4.1028454957e-09 -5.7781518084e-12 -3.7932049285e-11 -4.0494419594e-09 -9.6933766768e-12
d  1.2634162687e-03 8.8439134389e-01 -2.0000000000e-01 4.3415429969e-02 3.0000000000e+02 -4.3954536198e-09 3.8199533672e-11 4.3415429961e-09 4.3954535321e-09 -5.8734933592e-12 -3.8199513554e-11 -4.3415430021e-09 -9.8372680058e-12
d  1.2634348241e-03 8.8440433263e-01 -2.0000000000e-01 4.6945212692e-02 3.0000000000e+02 -4.7480365467e-09 3.7821529752e-11 4.6945212682e-09 4.7480364593e-09 -5.8735505887e-12 -3.7821509624e-11 -4.6945212751e-09 -9.8201872400e-12
d  1.2634570905e-03 8.8441991911e-01 -2.0000000000e-01 5.1110700918e-02 3.0000000000e+02 -5.1626436869e-09 3.6351463142e-11 5.1110700906e-09 5.1626435998e-09 -5.7035680435e-12 -3.6351443014e-11 -5.1110700985e-09 -9.5184904370e-12
d  1.2634704503e-03 8.8442927100e-01 -2.0000000000e-01 5.3530191678e-02 3.0000000000e+02 -5.4026210578e-09 3.4916690754e-11 5.3530191747e-09 5.4026209618e-09 -5.5055595580e-12 -3.4916671821e-11 -5.3530191640e-09 -9.1795666666e-12
d  1.2634864821e-03 8.8444049327e-01 -2.0000000000e-01 5.6307820274e-02 3.0000000000e+02 -5.6774750214e-09 3.2821909042e-11 5.6307820117e-09 5.6774749511e-09 -5.2037846369e-12 -3.2821886755e-11 -5.6307820546e-09 -8.6672198366e-12
d  1.2635057203e-03 8.8445395999e-01 -2.0000000000e-01 5.9410290433e-02 3.0000000000e+02 -5.9836255947e-09 2.9896015460e-11 5.9410290424e-09 5.9836255073e-09 -4.7682535712e-12 -2.9895995357e-11 -5.9410290504e-09 -7.9322053400e-12
d  1.2635288061e-03 8.8447012006e-01 -2.0000000000e-01 6.2746603484e-02 3.0000000000e+02 -6.3118014515e-09 2.6025472413e-11 6.2746603663e-09 6.3118013398e-09 -4.1768363543e-12 -2.6025454212e-11 -6.2746603287e-09 -6.9387216601e-12
d  1.2635426576e-03 8.8447981609e-01 -2.0000000000e-01 6.4531315044e-02 3.0000000000e+02 -6.4868244792e-09 2.3592452873e-11 6.4531315038e-09 6.4868243916e-09 -3.7971811913e-12 -2.3592432777e-11 -6.4531315119e-09 -6.3032456658e-12
d  1.2635592794e-03 8.8449145134e-01 -2.0000000000e-01 6.6453791047e-02 3.0000000000e+02 -6.6750577669e-09 2.0763613478e-11 6.6453791041e-09 6.6750576792e-09 -3.3535918505e-12 -2.0763593398e-11 -6.6453791122e-09 -5.5613887141e-12
d  1.2635792255e-03 8.8450541364e-01 -2.0000000000e-01 6.8455564014e-02 3.0000000000e+02 -6.8706993329e-09 1.7572271982e-11 6.8455564011e-09 6.8706992449e-09 -2.8502014247e-12 -1.7572251943e-11 -6.8455564088e-09 -4.7203828225e-12
d  1.2636031609e-03 8.8452216839e-01 -2.0000000000e-01 7.0451109723e-02 3.0000000000e+02 -7.0653418199e-09 1.4122284704e-11 7.0451109728e-09 7.0653417308e-09 -2.3023524758e-12 -1.4122264750e-11 -7.0451109786e-09 -3.8061349553e-12
d  1.2636318833e-03 8.8454227410e-01 -2.0000000000e-01 7.2333875641e-02 3.0000000000e+02 -7.2486253229e-09 1.0620848120e-11 7.2333875628e-09 7.2486252364e-09 -1.7430895520e-12 -1.0620828015e-11 -7.2333875734e-09 -2.8737454176e-12
d  1.2636663503e-03 8.8456640095e-01 -2.0000000000e-01 7.3992766134e-02 3.0000000000e+02 -7.4098310753e-09 7.3407895983e-12 7.3992766133e-09 7.4098309870e-09 -1.2167194394e-12 -7.3407695928e-12 -7.3992766209e-09 -1.9968770940e-12
d  1.2637077106e-03 8.8459535317e-01 -2.0000000000e-01 7.5336782145e-02 3.0000000000e+02 -7.5402515192e-09 4.5552004177e-12 7.5336782835e-09 7.5402513229e-09 -7.6808318494e-13 -4.5551842729e-12 -7.5336781082e-09 -1.2499472387e-12
d  1.2637573429e-03 8.8463009583e-01 -2.0000000000e-01 7.6319852965e-02 3.0000000000e+02 -7.6355550509e-09 2.4551059146e-12 7.6319883217e-09 7.6355500965e-09 -4.2900109131e-13 -2.4552263274e-12 -7.6319802224e-09 -6.8564733538e-13
d  1.2638169018e-03 8.8467178702e-01 -2.0000000000e-01 7.6954325613e-02 3.0000000000e+02 -7.6970457139e-09 1.0876252201e-12 7.6954330688e-09 7.6970447863e-09 -2.0779586615e-13 -1.0876247796e-12 -7.6954316997e-09 -3.1761427990e-13
d  1.2638883724e-03 8.8472181645e-01 -2.0000000000e-01 7.7305040065e-02 3.0000000000e+02 -7.7310659952e-09 3.5320896331e-13 7.7305040391e-09 7.7310658513e-09 -8.8896872421e-14 -3.5319000682e-13 -7.7305039571e-09 -1.1981284949e-13
d  1.2639741372e-03 8.8478185177e-01 -2.0000000000e-01 7.7465617266e-02 3.0000000000e+02 -7.7467028761e-09 5.9192765528e-14 7.7465617175e-09 7.7467028034e-09 -4.1286356083e-14 -5.9172525332e-14 -7.7465617505e-09 -4.0595440499e-14
d  1.2640770549e-03 8.8485389415e-01 -2.0000000000e-01 7.7528249489e-02 3.0000000000e+02 -7.7528856510e-09 2.9884799633e-15 7.7528249429e-09 7.7528855734e-09 -3.2194926843e-14 -2.9683474019e-15 -7.7528249678e-09 -2.5442530826e-14
d  1.2642005561e-03 8.8494034501e-01 -2.0000000000e-01 7.7560920539e-02 3.0000000000e+02 -7.7561954542e-09 3.2812874642e-14 7.7560920517e-09 7.7561953697e-09 -3.7042986166e-14 -3.2792835799e-14 -7.7560920656e-09 -3.3468272054e-14
d  1.2643487576e-03 8.8504408604e-01 -2.0000000000e-01 7.7600231366e-02 3.0000000000e+02 -7.7601776435e-09 6.8504592210e-14 7.7600231350e-09 7.7601775580e-09 -4.2848324212e-14 -6.8484568401e-14 -7.7600231474e-09 -4.3077686121e-14
d  1.2645265993e-03 8.8516857528e-01 -2.0000000000e-01 7.7658359856e-02 3.0000000000e+02 -7.7660161802e-09 8.6429071430e-14 7.7658359848e-09 7.7660160934e-09 -4.5784618060e-14 -8.6409060488e-14 -7.7658359952e-09 -4.7904604057e-14
d  1.2647400095e-03 8.8531796237e-01 -2.0000000000e-01 7.7735765829e-02 3.0000000000e+02 -7.7737627142e-09 9.0546737434e-14 7.7735765881e-09 7.7737626150e-09 -4.6493601945e-14 -9.0526791466e-14 -7.7735765799e-09 -4.9014742240e-14
d  1.2649961016e-03 8.8549722687e-01 -2.0000000000e-01 7.7831197922e-02 3.0000000000e+02 -7.7833048291e-09 8.9745102316e-14 7.7831198189e-09 7.7833046843e-09 -4.6414919169e-14 -8.9725330759e-14 -7.7831197433e-09 -4.8800685421e-14
d  1.2653034122e-03 8.8571234427e-01 -2.0000000000e-01 7.7945767067e-02 3.0000000000e+02 -7.7947603964e-09 8.8759496098e-14 7.7945767909e-09 7.7947601249e-09 -4.6316692700e-14 -8.8740092458e-14 -7.7945765306e-09 -4.8537399529e-14
d  1.2656721849e-03 8.8597048515e-01 -2.0000000000e-01 7.8082919331e-02 3.0000000000e+02 -7.8084752841e-09 8.8469744035e-14 7.8082921543e-09 7.8084747017e-09 -4.6343484463e-14 -8.8451040861e-14 -7.8082914450e-09 -4.8461953661e-14
d  1.2661147122e-03 8.8628025421e-01 -2.0000000000e-01 7.8247424805e-02 3.0000000000e+02 -7.8249259635e-09 8.8498002737e-14 7.8247430092e-09 7.8249246634e-09 -4.6436719086e-14 -8.8480569699e-14 -7.8247412728e-09 -4.8472804834e-14
d  1.2666457449e-03 8.8665197708e-01 -2.0000000000e-01 7.8444943593e-02 3.0000000000e+02 -7.8446780431e-09 8.8561309277e-14 7.8444955492e-09 7.8446751609e-09 -4.6553705308e-14 -8.8546096341e-14 -7.8444915661e-09 -4.8493986832e-14
d  1.2672829841e-03 8.8709804452e-01 -2.0000000000e-01 7.8682158791e-02 3.0000000000e+02 -7.8683997614e-09 8.8607227748e-14 7.8682184268e-09 7.8683935549e-09 -4.6689732467e-14 -8.8595725026e-14 -7.8682097558e-09 -4.8511675499e-14
d  1.2680476712e-03 8.8763332545e-01 -2.0000000000e-01 7.8967079230e-02 3.0000000000e+02 -7.8968920267e-09 8.8650137918e-14 7.8967080168e-09 7.8968917078e-09 -4.6848526170e-14 -8.8630397585e-14 -7.8967077003e-09 -4.8525065495e-14
d  1.2689652957e-03 8.8827566257e-01 -2.0000000000e-01 7.9309359446e-02 3.0000000000e+02 -7.9311203411e-09 8.8724505931e-14 7.9309361235e-09 7.9311198050e-09 -4.7045600732e-14 -8.8704916655e-14 -7.9309355045e-09 -4.8550812950e-14
d  1.2700664451e-03 8.8904646712e-01 -2.0000000000e-01 7.9720626349e-02 3.0000000000e+02 -7.9722473557e-09 8.8789817698e-14 7.9720629255e-09 7.9722465268e-09 -4.7279058855e-14 -8.8770371743e-14 -7.9720619019e-09 -4.8575226680e-14
d  1.2713878244e-03 8.8997143257e-01 -2.0000000000e-01 8.0214912382e-02 3.0000000000e+02 -8.0216763565e-09 8.8873882231e-14 8.0214915400e-09 8.0216754859e-09 -4.7561318270e-14 -8.8854360009e-14 -8.0214904639e-09 -4.8605909717e-14
d  1.2729734795e-03 8.9108139111e-01 -2.0000000000e-01 8.0809153840e-02 3.0000000000e+02 -8.0811009805e-09 8.8974827857e-14 8.0809150872e-09 8.0811016730e-09 -4.7901670094e-14 -8.8954437334e-14 -8.0809161742e-09 -4.8642328228e-14
d  1.2748762657e-03 8.9241334136e-01 -2.0000000000e-01 8.1523817353e-02 3.0000000000e+02 -8.1525679094e-09 8.9096958574e-14 8.1523816795e-09 8.1525679697e-09 -4.8313260887e-14 -8.9076897453e-14 -8.1523818931e-09 -4.8686639355e-14
d  1.2771596091e-03 8.9401168166e-01 -2.0000000000e-01 8.2383664989e-02 3.0000000000e+02 -8.2385533659e-09 8.9240241732e-14 8.2383664949e-09 8.2385532873e-09 -4.8810564370e-14 -8.9220238094e-14 -8.2383665180e-09 -4.8738627033e-14
d  1.2798996212e-03 8.9592969002e-01 -2.0000000000e-01 8.3418702207e-02 3.0000000000e+02 -8.3420579254e-09 8.9412615969e-14 8.3418721395e-09 8.3420525265e-09 -4.9413675261e-14 -8.9394069201e-14 -8.3418649174e-09 -4.8801408348e-14
d  1.2831876357e-03 8.9823130005e-01 -2.0000000000e-01 8.4665341318e-02 3.0000000000e+02 -8.4667228455e-09 8.9615629570e-14 8.4665343073e-09 8.4667222614e-09 -5.0144913934e-14 -8.9595740221e-14 -8.4665336458e-09 -4.8874232134e-14
d  1.2871332530e-03 9.0099323208e-01 -2.0000000000e-01 8.6167857337e-02 3.0000000000e+02 -8.6169756752e-09 8.9863466343e-14 8.6167857555e-09 8.6169755227e-09 -5.1036616581e-14 -8.9843477766e-14 -8.6167856799e-09 -4.8962826611e-14
d  1.2918679939e-03 9.0430755053e-01 -2.0000000000e-01 8.7980185402e-02 3.0000000000e+02 -8.7982099658e-09 9.0154357213e-14 8.7980187823e-09 8.7982091651e-09 -5.2125392049e-14 -9.0134463132e-14 -8.7980178386e-09 -4.9066767140e-14
d  1.2975496830e-03 9.0828473266e-01 -2.0000000000e-01 9.0168205085e-02 3.0000000000e+02 -9.0170137403e-09 9.0500948790e-14 9.0168205023e-09 9.0170136679e-09 -5.3461230285e-14 -9.0480946557e-14 -9.0168205359e-09 -4.9189878317e-14
d  1.3009586964e-03 9.1067104194e-01 -2.0000000000e-01 9.1487847766e-02 3.0000000000e+02 -9.1489791041e-09 9.0706509963e-14 9.1487849082e-09 9.1489786156e-09 -5.4278564303e-14 -9.0686581272e-14 -9.1487843882e-09 -4.9262491634e-14
d  1.3050495125e-03 9.1353461308e-01 -2.0000000000e-01 9.3078095496e-02 3.0000000000e+02 -9.3080052063e-09 9.0951305411e-14 9.3078095629e-09 9.3080050741e-09 -5.5275723755e-14 -9.0931312166e-14 -9.3078095181e-09 -4.9348888272e-14
d  1.3099584918e-03 9.1697089844e-01 -2.0000000000e-01 9.4995890969e-02 3.0000000000e+02 -9.4997863697e-09 9.1243371126e-14 9.4995891940e-09 9.4997859738e-09 -5.6496805480e-14 -9.1223412206e-14 -9.4995888020e-09 -4.9451540741e-14
d  1.3158492670e-03 9.2109444088e-01 -2.0000000000e-01 9.7310727516e-02 3.0000000000e+02 -9.7312719945e-09 9.1589793673e-14 9.7310728533e-09 9.7312715761e-09 -5.7998551889e-14 -9.1569829544e-14 -9.7310724350e-09 -4.9572815382e-14
d  1.3193837322e-03 9.2356856634e-01 -2.0000000000e-01 9.8706592615e-02 3.0000000000e+02 -9.8708597021e-09 9.1794854216e-14 9.8706593575e-09 9.8708593000e-09 -5.8919371305e-14 -9.1774904514e-14 -9.8706589616e-09 -4.9644248385e-14
d  1.3236250903e-03 9.2653751689e-01 -2.0000000000e-01 1.0038843732e-01 3.0000000000e+02 -1.0039045628e-08 9.2039596106e-14 1.0038843741e-08 1.0039045505e-08 -6.0044735774e-14 -9.2019600690e-14 -1.0038843711e-08 -4.9729406155e-14
d  1.3287147201e-03 9.3010025756e-01 -2.0000000000e-01 1.0241633521e-01 3.0000000000e+02 -1.0241837191e-08 9.2330984159e-14 1.0241633568e-08 1.0241836939e-08 -6.1425428747e-14 -9.2311003515e-14 -1.0241633373e-08 -4.9830486147e-14
d  1.3348222758e-03 9.3437554636e-01 -2.0000000000e-01 1.0486356098e-01 3.0000000000e+02 -1.0486561936e-08 9.2676745367e-14 1.0486356290e-08 1.0486561185e-08 -6.3127455731e-14 -9.2656810923e-14 -1.0486355451e-08 -4.9949985509e-14
d  1.3384868093e-03 9.3694071964e-01 -2.0000000000e-01 1.0633899821e-01 3.0000000000e+02 -1.0634106980e-08 9.2881167684e-14 1.0633899891e-08 1.0634106645e-08 -6.4173222710e-14 -9.2861203173e-14 -1.0633899591e-08 -5.0020316018e-14
d  1.3428842494e-03 9.4001892757e-01 -2.0000000000e-01 1.0811646510e-01 3.0000000000e+02 -1.0811855277e-08 9.3125485832e-14 1.0811646516e-08 1.0811855163e-08 -6.5453299539e-14 -9.3105488639e-14 -1.0811646500e-08 -5.0104252488e-14
d  1.3481611775e-03 9.4371277709e-01 -2.0000000000e-01 1.1025930456e-01 3.0000000000e+02 -1.1026141188e-08 9.3415965279e-14 1.1025930481e-08 1.1026141006e-08 -6.7026702589e-14 -9.3395975059e-14 -1.1025930379e-08 -5.0203831272e-14
d  1.3544934913e-03 9.4814539652e-01 -2.0000000000e-01 1.1284474041e-01 3.0000000000e+02 -1.1284687180e-08 9.3760749357e-14 1.1284474113e-08 1.1284686822e-08 -6.8970533064e-14 -9.3740773140e-14 -1.1284473790e-08 -5.0321598096e-14
d  1.3582928796e-03 9.5080496817e-01 -2.0000000000e-01 1.1440324967e-01 3.0000000000e+02 -1.1440539576e-08 9.3964672232e-14 1.1440325017e-08 1.1440539295e-08 -7.0167339644e-14 -9.3944697080e-14 -1.1440324792e-08 -5.0390959540e-14
d  1.3628521455e-03 9.5399645416e-01 -2.0000000000e-01 1.1628054746e-01 3.0000000000e+02 -1.1628271150e-08 9.4208254025e-14 1.1628054996e-08 1.1628270125e-08 -7.1634412790e-14 -9.4188368518e-14 -1.1628053829e-08 -5.0473733288e-14
d  1.3683232646e-03 9.5782623734e-01 -2.0000000000e-01 1.1854339056e-01 3.0000000000e+02 -1.1854557654e-08 9.4497817603e-14 1.1854339069e-08 1.1854557511e-08 -7.3440806904e-14 -9.4477822419e-14 -1.1854339020e-08 -5.0571829268e-14
d  1.3748886076e-03 9.6242197716e-01 -2.0000000000e-01 1.2127312618e-01 3.0000000000e+02 -1.2127533913e-08 9.4841509151e-14 1.2127312625e-08 1.2127533791e-08 -7.5677469507e-14 -9.4821511305e-14 -1.2127312604e-08 -5.0687999835e-14
d  1.3788278133e-03 9.6517942106e-01 -2.0000000000e-01 1.2291836945e-01 3.0000000000e+02 -1.2292059892e-08 9.5044907375e-14 1.2291836981e-08 1.2292059653e-08 -7.7057097771e-14 -9.5024924640e-14 -1.2291836815e-08 -5.0756424260e-14
d  1.3835548602e-03 9.6848835373e-01 -2.0000000000e-01 1.2489989575e-01 3.0000000000e+02 -1.2490214540e-08 9.5287344378e-14 1.2489989735e-08 1.2490213809e-08 -7.8750702605e-14 -9.5267415400e-14 -1.2489988953e-08 -5.0837969823e-14
d  1.3892273165e-03 9.7245907293e-01 -2.0000000000e-01 1.2728802740e-01 3.0000000000e+02 -1.2729030180e-08 9.5575951870e-14 1.2728802746e-08 1.2729030060e-08 -8.0839738809e-14 -9.5555953974e-14 -1.2728802730e-08 -5.0934751276e-14
d  1.3960342641e-03 9.7722393598e-01 -2.0000000000e-01 1.3016841895e-01 3.0000000000e+02 -1.3017072385e-08 9.5918251081e-14 1.3016841955e-08 1.3017072039e-08 -8.3431476688e-14 -9.5898269634e-14 -1.3016841660e-08 -5.1049339121e-14
d  1.4001184326e-03 9.8008285381e-01 -2.0000000000e-01 1.3190421694e-01 3.0000000000e+02 -1.3190654056e-08 9.6120687109e-14 1.3190423681e-08 1.3190645714e-08 -8.5033410021e-14 -9.6101596236e-14 -1.3190413461e-08 -5.1117146617e-14
d  1.4050194348e-03 9.8351355520e-01 -2.0000000000e-01 1.3399457283e-01 3.0000000000e+02 -1.3399691935e-08 9.6361444670e-14 1.3399457384e-08 1.3399691411e-08 -8.7002416754e-14 -9.6341488103e-14 -1.3399456869e-08 -5.1196959048e-14
d  1.4109006375e-03 9.8763039687e-01 -2.0000000000e-01 1.3651353505e-01 3.0000000000e+02 -1.3651590978e-08 9.6651538140e-14 1.3651353508e-08 1.3651590869e-08 -8.9436048861e-14 -9.6631538996e-14 -1.3651353509e-08 -5.1293124033e-14
d  1.4179580807e-03 9.9257060688e-01 -2.0000000000e-01 1.3955125635e-01 3.0000000000e+02 -1.3955366587e-08 9.6991971675e-14 1.3955125657e-08 1.3955366392e-08 -9.2460337799e-14 -9.6971978181e-14 -1.3955125554e-08 -5.1406121080e-14
d  1.4221925467e-03 9.9553473288e-01 -2.0000000000e-01 1.4138162682e-01 3.0000000000e+02 -1.4138405776e-08 9.7193941662e-14 1.4138164141e-08 1.4138399246e-08 -9.4333385704e-14 -9.7174586925e-14 -1.4138156264e-08 -5.1473039385e-14
d  1.4272739058e-03 9.9909168409e-01 -2.0000000000e-01 1.4358563472e-01 3.0000000000e+02 -1.4358809192e-08 9.7434412496e-14 1.4358563473e-08 1.4358809089e-08 -9.6639016433e-14 -9.7414412790e-14 -1.4358563483e-08 -5.1551993481e-14
d  1.4333715367e-03 1.0033600255e+00 -2.0000000000e-01 1.4624122287e-01 3.0000000000e+02 -1.4624371245e-08 9.7722905189e-14 1.4624122290e-08 1.4624371134e-08 -9.9493360372e-14 -9.7702906058e-14 -1.4624122291e-08 -5.1646873013e-14
d  1.4406886938e-03 1.0084820353e+00 -2.0000000000e-01 1.4944324989e-01 3.0000000000e+02 -1.4944577955e-08 9.8063423171e-14 1.4944324989e-08 1.4944577854e-08 -1.0304902043e-13 -9.8043423226e-14 -1.4944325003e-08 -5.1758625919e-14
d  1.4494692824e-03 1.0146284469e+00 -2.0000000000e-01 1.5330739430e-01 3.0000000000e+02 -1.5330997397e-08 9.8466645403e-14 1.5330739430e-08 1.5330997296e-08 -1.0751314926e-13 -9.8446645380e-14 -1.5330739446e-08 -5.1890559198e-14
d  1.4547376355e-03 1.0183162940e+00 -2.0000000000e-01 1.5563708034e-01 3.0000000000e+02 -1.5563969104e-08 9.8704563625e-14 1.5563708035e-08 1.5563969000e-08 -1.1029939287e-13 -9.8684563747e-14 -1.5563708048e-08 -5.1968103780e-14
d  1.4610596593e-03 1.0227417104e+00 -2.0000000000e-01 1.5844364222e-01 3.0000000000e+02 -1.5844629125e-08 9.8988688294e-14 1.5844364224e-08 1.5844629013e-08 -1.1375489152e-13 -9.8968688942e-14 -1.5844364229e-08 -5.2060571323e-14
d  1.4686460878e-03 1.0280522101e+00 -2.0000000000e-01 1.6182706827e-01 3.0000000000e+02 -1.6182976491e-08 9.9326287020e-14 1.6182706827e-08 1.6182976389e-08 -1.1806907606e-13 -9.9306287010e-14 -1.6182706843e-08 -5.2170184801e-14
d  1.4777498020e-03 1.0344248097e+00 -2.0000000000e-01 1.6590923270e-01 3.0000000000e+02 -1.6591198895e-08 9.9726109676e-14 1.6590923271e-08 1.6591198787e-08 -1.2349924787e-13 -9.9706109906e-14 -1.6590923282e-08 -5.2299613382e-14
d  1.4832120305e-03 1.0382483695e+00 -2.0000000000e-01 1.6836991339e-01 3.0000000000e+02 -1.6837270673e-08 9.9962185017e-14 1.6836991339e-08 1.6837270569e-08 -1.2689591972e-13 -9.9942185057e-14 -1.6836991355e-08 -5.2375745673e-14
d  1.4897667048e-03 1.0428366412e+00 -2.0000000000e-01 1.7133384732e-01 3.0000000000e+02 -1.7133668660e-08 1.0024392316e-13 1.7133384733e-08 1.7133668550e-08 -1.3111587961e-13 -1.0022392347e-13 -1.7133384744e-08 -5.2466483547e-14
d  1.4976323139e-03 1.0483425673e+00 -2.0000000000e-01 1.7490637662e-01 3.0000000000e+02 -1.7490927312e-08 1.0057877677e-13 1.7490637662e-08 1.7490927208e-08 -1.3639567486e-13 -1.0055877677e-13 -1.7490637679e-08 -5.2574076036e-14
d  1.5070710448e-03 1.0549496786e+00 -2.0000000000e-01 1.7921582886e-01 3.0000000000e+02 -1.7921879724e-08 1.0097525378e-13 1.7921582617e-08 1.7921881084e-08 -1.4305798106e-13 -1.0095519328e-13 -1.7921584369e-08 -5.2701081979e-14
d  1.5127342833e-03 1.0589139454e+00 -2.0000000000e-01 1.8181308053e-01 3.0000000000e+02 -1.8181609377e-08 1.0120957337e-13 1.8181308053e-08 1.8181609271e-08 -1.4723460968e-13 -1.0118957339e-13 -1.8181308071e-08 -5.2775970827e-14
d  1.5195301695e-03 1.0636710655e+00 -2.0000000000e-01 1.8494109588e-01 3.0000000000e+02 -1.8494416480e-08 1.0148955935e-13 1.8494109588e-08 1.8494416371e-08 -1.5243271316e-13 -1.0146955947e-13 -1.8494109604e-08 -5.2865108752e-14
d  1.5276852330e-03 1.0693796097e+00 -2.0000000000e-01 1.8871080867e-01 3.0000000000e+02 -1.8871394716e-08 1.0182210787e-13 1.8871080867e-08 1.8871394609e-08 -1.5895016922e-13 -1.0180210785e-13 -1.8871080886e-08 -5.2970895657e-14
d  1.5374713092e-03 1.0762298626e+00 -2.0000000000e-01 1.9325729685e-01 3.0000000000e+02 -1.9326052299e-08 1.0221610941e-13 1.9325729684e-08 1.9326052192e-08 -1.6719517545e-13 -1.0219610939e-13 -1.9325729705e-08 -5.3095842196e-14
d  1.5433429549e-03 1.0803400144e+00 -2.0000000000e-01 1.9599698673e-01 3.0000000000e+02 -1.9600026775e-08 1.0244914885e-13 1.9599698673e-08 1.9600026667e-08 -1.7237537046e-13 -1.0242914884e-13 -1.9599698693e-08 -5.3169469679e-14
d  1.5503889298e-03 1.0852721966e+00 -2.0000000000e-01 1.9929614150e-01 3.0000000000e+02 -1.9929949077e-08 1.0272715986e-13 1.9929614150e-08 1.9929948968e-08 -1.7883416749e-13 -1.0270715988e-13 -1.9929614170e-08 -5.3257190657e-14
d  1.5588440996e-03 1.0911908152e+00 -2.0000000000e-01 2.0327152139e-01 3.0000000000e+02 -2.0327495616e-08 1.0305719436e-13 2.0327152137e-08 2.0327495522e-08 -1.8694853058e-13 -1.0303719371e-13 -2.0327152176e-08 -5.3361192639e-14
d  1.5689903034e-03 1.0982931575e+00 -2.0000000000e-01 2.0806524835e-01 3.0000000000e+02 -2.0806879122e-08 1.0344979701e-13 2.0806524835e-08 2.0806879013e-08 -1.9724329561e-13 -1.0342979700e-13 -2.0806524856e-08 -5.3484221773e-14
d  1.5750780257e-03 1.1025545629e+00 -2.0000000000e-01 2.1095351048e-01 3.0000000000e+02 -2.1095712123e-08 1.0368135699e-13 2.1095351048e-08 2.1095712013e-08 -2.0372561584e-13 -1.0366135699e-13 -2.1095351069e-08 -5.3556693020e-14
d  1.5823832924e-03 1.1076682493e+00 -2.0000000000e-01 2.1443117779e-01 3.0000000000e+02 -2.1443487315e-08 1.0395797355e-13 2.1443117778e-08 2.1443487205e-08 -2.1182331116e-13 -1.0393797351e-13 -2.1443117801e-08 -5.3643062032e-14
d  1.5911496125e-03 1.1138046731e+00 -2.0000000000e-01 2.1862111196e-01 3.0000000000e+02 -2.1862491364e-08 1.0428746545e-13 2.1862111196e-08 2.1862491255e-08 -2.2202188062e-13 -1.0426746538e-13 -2.1862111220e-08 -5.3745645518e-14
d  1.6016691966e-03 1.1211683816e+00 -2.0000000000e-01 2.2367278817e-01 3.0000000000e+02 -2.2367672470e-08 1.0467818807e-13 2.2367278817e-08 2.2367672360e-08 -2.3499367958e-13 -1.0465818800e-13 -2.2367278841e-08 -5.3866898935e-14
d  1.6079809471e-03 1.1255866067e+00 -2.0000000000e-01 2.2671606968e-01 3.0000000000e+02 -2.2672009113e-08 1.0490955631e-13 2.2671606968e-08 2.2672009001e-08 -2.4318222306e-13 -1.0488955627e-13 -2.2671606991e-08 -5.3938368974e-14
d  1.6155550476e-03 1.1308884768e+00 -2.0000000000e-01 2.3038000462e-01 3.0000000000e+02 -2.3038413219e-08 1.0518532576e-13 2.3038000462e-08 2.3038413107e-08 -2.5343190893e-13 -1.0516532568e-13 -2.3038000487e-08 -5.4023514628e-14
d  1.6246439683e-03 1.1372507209e+00 -2.0000000000e-01 2.3479381579e-01 3.0000000000e+02 -2.3479807707e-08 1.0551439185e-13 2.3479381578e-08 2.3479807598e-08 -2.6637240719e-13 -1.0549439169e-13 -2.3479381607e-08 -5.4124731138e-14
d  1.6355506731e-03 1.1448854139e+00 -2.0000000000e-01 2.4011466234e-01 3.0000000000e+02 -2.4011909382e-08 1.0590494005e-13 2.4011466233e-08 2.4011909276e-08 -2.8288054223e-13 -1.0588493983e-13 -2.4011466266e-08 -5.4244441599e-14
d  1.6486387188e-03 1.1540470455e+00 -2.0000000000e-01 2.4653407258e-01 3.0000000000e+02 -2.4653872338e-08 1.0636792585e-13 2.4653407257e-08 2.4653872233e-08 -3.0420636571e-13 -1.0634792562e-13 -2.4653407293e-08 -5.4385732371e-14
d  1.6564915463e-03 1.1595440244e+00 -2.0000000000e-01 2.5040344548e-01 3.0000000000e+02 -2.5040823630e-08 1.0664106088e-13 2.5040344547e-08 2.5040823518e-08 -3.1785200368e-13 -1.0662106075e-13 -2.5040344577e-08 -5.4468671618e-14
d  1.6659149392e-03 1.1661403992e+00 -2.0000000000e-01 2.5506399876e-01 3.0000000000e+02 -2.5506896660e-08 1.0696761357e-13 2.5506399875e-08 2.5506896550e-08 -3.3512689478e-13 -1.0694761336e-13 -2.5506399908e-08 -5.4567592920e-14
d  1.6772230108e-03 1.1740560488e+00 -2.0000000000e-01 2.6068125069e-01 3.0000000000e+02 -2.6068644469e-08 1.0735583533e-13 2.6068125067e-08 2.6068644361e-08 -3.5723656704e-13 -1.0733583510e-13 -2.6068125104e-08 -5.4684795087e-14
d  1.6907926966e-03 1.1835548284e+00 -2.0000000000e-01 2.6745680338e-01 3.0000000000e+02 -2.6746229013e-08 1.0781612693e-13 2.6745680337e-08 2.6746228899e-08 -3.8591072046e-13 -1.0779612684e-13 -2.6745680369e-08 -5.4823160837e-14
d  1.6989345081e-03 1.1892540962e+00 -2.0000000000e-01 2.7154011128e-01 3.0000000000e+02 -2.7154578567e-08 1.0808803979e-13 2.7154011127e-08 2.7154578457e-08 -4.0432083662e-13 -1.0806803955e-13 -2.7154011163e-08 -5.4904494460e-14
d  1.7087046819e-03 1.1960932175e+00 -2.0000000000e-01 2.7645762748e-01 3.0000000000e+02 -2.7646353982e-08 1.0841275206e-13 2.7645762747e-08 2.7646353871e-08 -4.2769292039e-13 -1.0839275182e-13 -2.7645762784e-08 -5.5001408350e-14
d  1.7204288905e-03 1.2043001631e+00 -2.0000000000e-01 2.8238358434e-01 3.0000000000e+02 -2.8238980186e-08 1.0879895510e-13 2.8238358432e-08 2.8238980078e-08 -4.5770783386e-13 -1.0877895481e-13 -2.8238358475e-08 -5.5116285502e-14
d  1.7344979407e-03 1.2141484978e+00 -2.0000000000e-01 2.8953008657e-01 3.0000000000e+02 -2.8953670091e-08 1.0925709730e-13 2.8953008655e-08 2.8953669987e-08 -4.9679450129e-13 -1.0923709699e-13 -2.8953008703e-08 -5.5251943295e-14
d  1.7429393709e-03 1.2200574986e+00 -2.0000000000e-01 2.9383622814e-01 3.0000000000e+02 -2.9384309786e-08 1.0952819593e-13 2.9383622811e-08 2.9384309689e-08 -5.2198086248e-13 -1.0950819526e-13 -2.9383622869e-08 -5.5331730630e-14
d  1.7530690871e-03 1.2271482996e+00 -2.0000000000e-01 2.9902140718e-01 3.0000000000e+02 -2.9902860184e-08 1.0985222200e-13 2.9902140715e-08 2.9902860084e-08 -5.5405461992e-13 -1.0983222142e-13 -2.9902140771e-08 -5.5426832053e-14
d  1.7652247465e-03 1.2356572608e+00 -2.0000000000e-01 3.0526893028e-01 3.0000000000e+02 -3.0527654342e-08 1.1023821311e-13 3.0526893025e-08 3.0527654242e-08 -5.9540235387e-13 -1.1021821263e-13 -3.0526893081e-08 -5.5539571531e-14
d  1.7798115378e-03 1.2458680142e+00 -2.0000000000e-01 3.1280184589e-01 3.0000000000e+02 -3.1281000603e-08 1.1069770407e-13 3.1280184588e-08 3.1281000495e-08 -6.4950763435e-13 -1.1067770380e-13 -3.1280184637e-08 -5.5672829859e-14
d  1.7885636126e-03 1.2519944662e+00 -2.0000000000e-01 3.1734011985e-01 3.0000000000e+02 -3.1734863368e-08 1.1097058034e-13 3.1734011985e-08 3.1734863246e-08 -6.8452379706e-13 -1.1095058025e-13 -3.1734012021e-08 -5.5751309178e-14
d  1.7990661024e-03 1.2593462087e+00 -2.0000000000e-01 3.2280412305e-01 3.0000000000e+02 -3.2281308869e-08 1.1129702406e-13 3.2280412305e-08 3.2281308748e-08 -7.2928352971e-13 -1.1127702394e-13 -3.2280412343e-08 -5.5844761392e-14
d  1.8116690901e-03 1.2681682997e+00 -2.0000000000e-01 3.2938661347e-01 3.0000000000e+02 -3.2939616389e-08 1.1168738941e-13 3.2938661346e-08 3.2939616271e-08 -7.8725887628e-13 -1.1166738925e-13 -3.2938661389e-08 -5.5955658729e-14
d  1.8267926753e-03 1.2787548088e+00 -2.0000000000e-01 3.3732206864e-01 3.0000000000e+02 -3.3733238818e-08 1.1215394804e-13 3.3732206863e-08 3.3733238698e-08 -8.6357144765e-13 -1.1213394792e-13 -3.3732206906e-08 -5.6087013394e-14
d  1.8449409776e-03 1.2914586198e+00 -2.0000000000e-01 3.4689616199e-01 3.0000000000e+02 -3.4690751315e-08 1.1270963723e-13 3.4689616198e-08 3.4690751195e-08 -9.6602091815e-13 -1.1268963711e-13 -3.4689616243e-08 -5.6241763576e-14
d  1.8558299590e-03 1.2990809064e+00 -2.0000000000e-01 3.5266714866e-01 3.0000000000e+02 -3.5267918221e-08 1.1303966772e-13 3.5266714863e-08 3.5267918119e-08 -1.0338377828e-12 -1.1301966722e-13 -3.5266714929e-08 -5.6332596352e-14
d  1.8688967367e-03 1.3082276502e+00 -2.0000000000e-01 3.5961816764e-01 3.0000000000e+02 -3.5963108997e-08 1.1343597663e-13 3.5961816764e-08 3.5963108866e-08 -1.1222094867e-12 -1.1341597662e-13 -3.5961816800e-08 -5.6440807156e-14
d  1.8845768698e-03 1.3192037429e+00 -2.0000000000e-01 3.6799602069e-01 3.0000000000e+02 -3.6801012109e-08 1.1391010711e-13 3.6799602069e-08 3.6801011985e-08 -1.2394117143e-12 -1.1389010701e-13 -3.6799602114e-08 -5.6568967864e-14
d  1.8939849497e-03 1.3257893985e+00 -2.0000000000e-01 3.7304162658e-01 3.0000000000e+02 -3.7305649825e-08 1.1419299170e-13 3.7304162656e-08 3.7305649711e-08 -1.3161802007e-12 -1.1417299133e-13 -3.7304162713e-08 -5.6644434690e-14
d  1.9052746456e-03 1.3336921853e+00 -2.0000000000e-01 3.7911477897e-01 3.0000000000e+02 -3.7913064654e-08 1.1453320813e-13 3.7911477897e-08 3.7913064521e-08 -1.4153382830e-12 -1.1451320812e-13 -3.7911477935e-08 -5.6734387146e-14
d  1.9188222807e-03 1.3431755293e+00 -2.0000000000e-01 3.8642861668e-01 3.0000000000e+02 -3.8644579066e-08 1.1494019201e-13 3.8642861665e-08 3.8644578956e-08 -1.5454650422e-12 -1.1492019164e-13 -3.8642861731e-08 -5.6840551029e-14
d  1.9269508617e-03 1.3488655358e+00 -2.0000000000e-01 3.9083036096e-01 3.0000000000e+02 -3.9084838268e-08 1.1518452279e-13 3.9083036094e-08 3.9084838156e-08 -1.6299299581e-12 -1.1516452227e-13 -3.9083036159e-08 -5.6903225377e-14
d  1.9367051590e-03 1.3556935435e+00 -2.0000000000e-01 3.9612570241e-01 3.0000000000e+02 -3.9614481081e-08 1.1548349135e-13 3.9612570241e-08 3.9614480946e-08 -1.7382222226e-12 -1.1546349134e-13 -3.9612570281e-08 -5.6979104299e-14
d  1.9484103157e-03 1.3638871528e+00 -2.0000000000e-01 4.0249900039e-01 3.0000000000e+02 -4.0251952210e-08 1.1584585754e-13 4.0249900039e-08 4.0251952076e-08 -1.8790985655e-12 -1.1582585749e-13 -4.0249900082e-08 -5.7069430997e-14
d  1.9554334097e-03 1.3688033184e+00 -2.0000000000e-01 4.0633277289e-01 3.0000000000e+02 -4.0635420495e-08 1.1606558241e-13 4.0633277287e-08 4.0635420376e-08 -1.9698596987e-12 -1.1604558196e-13 -4.0633277348e-08 -5.7123127271e-14
d  1.9638611225e-03 1.3747027170e+00 -2.0000000000e-01 4.1094290587e-01 3.0000000000e+02 -4.1096549772e-08 1.1633293382e-13 4.1094290587e-08 4.1096549635e-08 -2.0855064409e-12 -1.1631293381e-13 -4.1094290628e-08 -5.7187493529e-14
d  1.9739743779e-03 1.3817819955e+00 -2.0000000000e-01 4.1648877437e-01 3.0000000000e+02 -4.1651286352e-08 1.1665841930e-13 4.1648877437e-08 4.1651286214e-08 -2.2348320368e-12 -1.1663841929e-13 -4.1648877479e-08 -5.7264415570e-14
d  1.9861102844e-03 1.3902771296e+00 -2.0000000000e-01 4.2316333683e-01 3.0000000000e+02 -4.2318939107e-08 1.1705573310e-13 4.2316333680e-08 4.2318939006e-08 -2.4308505356e-12 -1.1703573250e-13 -4.2316333763e-08 -5.7356154292e-14
d  1.9933918283e-03 1.3953742100e+00 -2.0000000000e-01 4.2717819398e-01 3.0000000000e+02 -4.2720552437e-08 1.1729763949e-13 4.2717819398e-08 4.2720552298e-08 -2.5581690540e-12 -1.1727763949e-13 -4.2717819441e-08 -5.7410763018e-14
d  2.0021296809e-03 1.4014907066e+00 -2.0000000000e-01 4.3200593947e-01 3.0000000000e+02 -4.3203490714e-08 1.1759105542e-13 4.3200593947e-08 4.3203490574e-08 -2.7215369352e-12 -1.1757105542e-13 -4.3200593990e-08 -5.7476132319e-14
d  2.0126151041e-03 1.4088305024e+00 -2.0000000000e-01 4.3781337174e-01 3.0000000000e+02 -4.3784447155e-08 1.1794879841e-13 4.3781337173e-08 4.3784447016e-08 -2.9343137394e-12 -1.1792879838e-13 -4.3781337219e-08 -5.7554233319e-14
d  2.0189063580e-03 1.4132343800e+00 -2.0000000000e-01 4.4130516684e-01 3.0000000000e+02 -4.4133764171e-08 1.1816611171e-13 4.4130516681e-08 4.4133764072e-08 -3.0715543844e-12 -1.1814611060e-13 -4.4130516771e-08 -5.7600751578e-14
d  2.0264558627e-03 1.4185190330e+00 -2.0000000000e-01 4.4550252214e-01 3.0000000000e+02 -4.4553675074e-08 1.1843109861e-13 4.4550252214e-08 4.4553674930e-08 -3.2466058654e-12 -1.1841109864e-13 -4.4550252257e-08 -5.7656593596e-14
d  2.0355152683e-03 1.4248606166e+00 -2.0000000000e-01 4.5054963226e-01 3.0000000000e+02 -4.5058612825e-08 1.1875495237e-13 4.5054963224e-08 4.5058612703e-08 -3.4729535201e-12 -1.1873495198e-13 -4.5054963291e-08 -5.7723456732e-14
d  2.0409509117e-03 1.4286655668e+00 -2.0000000000e-01 4.5358323925e-01 3.0000000000e+02 -4.5362118841e-08 1.1895310006e-13 4.5358323923e-08 4.5362118722e-08 -3.6180318162e-12 -1.1893309936e-13 -4.5358323994e-08 -5.7763396527e-14
d  2.0474736838e-03 1.4332315070e+00 -2.0000000000e-01 4.5722881411e-01 3.0000000000e+02 -4.5726860706e-08 1.1919579666e-13 4.5722881411e-08 4.5726860563e-08 -3.8021189597e-12 -1.1917579667e-13 -4.5722881457e-08 -5.7811415968e-14
d  2.0553010103e-03 1.4387106352e+00 -2.0000000000e-01 4.6161100612e-01 3.0000000000e+02 -4.6165316822e-08 1.1949507637e-13 4.6161100612e-08 4.6165316679e-08 -4.0386758902e-12 -1.1947507636e-13 -4.6161100659e-08 -5.7869140484e-14
d  2.0599974061e-03 1.4419981122e+00 -2.0000000000e-01 4.6424422224e-01 3.0000000000e+02 -4.6428789461e-08 1.1967926236e-13 4.6424422216e-08 4.6428789415e-08 -4.1894830765e-12 -1.1965925907e-13 -4.6424422369e-08 -5.7903733608e-14
d  2.0656330812e-03 1.4459430845e+00 -2.0000000000e-01 4.6740791759e-01 3.0000000000e+02 -4.6745349765e-08 1.1990631219e-13 4.6740791757e-08 4.6745349651e-08 -4.3799831295e-12 -1.1988631124e-13 -4.6740791836e-08 -5.7945435770e-14
d  2.0723958913e-03 1.4506770513e+00 -2.0000000000e-01 4.7120984080e-01 3.0000000000e+02 -4.7125785883e-08 1.2018625495e-13 4.7120984080e-08 4.7125785738e-08 -4.6234497007e-12 -1.2016625497e-13 -4.7120984126e-08 -5.7995609258e-14
d  2.0764535773e-03 1.4535174314e+00 -2.0000000000e-01 4.7349385124e-01 3.0000000000e+02 -4.7354341598e-08 1.2035908785e-13 4.7349385124e-08 4.7354341448e-08 -4.7779164266e-12 -1.2033908802e-13 -4.7349385167e-08 -5.8025755092e-14
d  2.0813228005e-03 1.4569258875e+00 -2.0000000000e-01 4.7623747512e-01 3.0000000000e+02 -4.7628898557e-08 1.2057193671e-13 4.7623747513e-08 4.7628898389e-08 -4.9722382600e-12 -1.2055193749e-13 -4.7623747537e-08 -5.8062116324e-14
d  2.0871658684e-03 1.4610160349e+00 -2.0000000000e-01 4.7953384960e-01 3.0000000000e+02 -4.7958783397e-08 1.2083415569e-13 4.7953384959e-08 4.7958783259e-08 -5.2193222908e-12 -1.2081415543e-13 -4.7953385017e-08 -5.8105906843e-14
d  2.0906717092e-03 1.4634701233e+00 -2.0000000000e-01 4.8151377106e-01 3.0000000000e+02 -4.8156931775e-08 1.2099630876e-13 4.8151377103e-08 4.8156931661e-08 -5.3753668381e-12 -1.2097630737e-13 -4.8151377186e-08 -5.8132269787e-14
d  2.0948787181e-03 1.4664150293e+00 -2.0000000000e-01 4.8389174192e-01 3.0000000000e+02 -4.8394924621e-08 1.2119499175e-13 4.8389174192e-08 4.8394924463e-08 -5.5708954767e-12 -1.2117499221e-13 -4.8389174229e-08 -5.8164044183e-14
d  2.0999271287e-03 1.4699489166e+00 -2.0000000000e-01 4.8674826622e-01 3.0000000000e+02 -4.8680824718e-08 1.2144023811e-13 4.8674826621e-08 4.8680824581e-08 -5.8182780048e-12 -1.2142023778e-13 -4.8674826681e-08 -5.8202374872e-14
d  2.1059852215e-03 1.4741895814e+00 -2.0000000000e-01 4.9018033173e-01 3.0000000000e+02 -4.9024348394e-08 1.2174292719e-13 4.9018033173e-08 4.9024348250e-08 -6.1350523447e-12 -1.2172292708e-13 -4.9018033227e-08 -5.8248569941e-14
d  2.1132549329e-03 1.4792783791e+00 -2.0000000000e-01 4.9430486744e-01 3.0000000000e+02 -4.9437214211e-08 1.2212133757e-13 4.9430486744e-08 4.9437214063e-08 -6.5468637464e-12 -1.2210133757e-13 -4.9430486794e-08 -5.8304439682e-14
d  2.1176167597e-03 1.4823316577e+00 -2.0000000000e-01 4.9678273416e-01 3.0000000000e+02 -4.9685266458e-08 1.2235634797e-13 4.9678273415e-08 4.9685266327e-08 -6.8121696663e-12 -1.2233634740e-13 -4.9678273483e-08 -5.8338047913e-14
d  2.1228509519e-03 1.4859955920e+00 -2.0000000000e-01 4.9975926779e-01 3.0000000000e+02 -4.9983258373e-08 1.2264737477e-13 4.9975926779e-08 4.9983258225e-08 -7.1503892463e-12 -1.2262737475e-13 -4.9975926830e-08 -5.8378755386e-14
d  2.1291319825e-03 1.4903923132e+00 -2.0000000000e-01 5.0333554079e-01 3.0000000000e+02 -5.0341323343e-08 1.2300997764e-13 5.0333554077e-08 5.0341323226e-08 -7.5876458595e-12 -1.2298997679e-13 -5.0333554162e-08 -5.8428100302e-14
d  2.1329006009e-03 1.4930303459e+00 -2.0000000000e-01 5.0548361155e-01 3.0000000000e+02 -5.0556410968e-08 1.2323556943e-13 5.0548361155e-08 5.0556410820e-08 -7.8679403465e-12 -1.2321556941e-13 -5.0548361206e-08 -5.8457902694e-14
d  2.1374229429e-03 1.4961959852e+00 -2.0000000000e-01 5.0806356687e-01 3.0000000000e+02 -5.0814762595e-08 1.2351382038e-13 5.0806356687e-08 5.0814762442e-08 -8.2237199387e-12 -1.2349382052e-13 -5.0806356734e-08 -5.8493951967e-14
d  2.1428497533e-03 1.4999947523e+00 -2.0000000000e-01 5.1116276305e-01 3.0000000000e+02 -5.1125140079e-08 1.2386162745e-13 5.1116276305e-08 5.1125139930e-08 -8.6811939727e-12 -1.2384162744e-13 -5.1116276357e-08 -5.8537710809e-14
d  2.1428570000e-03 1.4999998250e+00 -2.0000000000e-01 5.1116690390e-01 3.0000000000e+02 -5.1125554799e-08 1.2387335286e-13 5.1116690251e-08 5.1125555976e-08 -8.6818234829e-12 -1.2382413209e-13 -5.1116691813e-08 -5.8528725012e-14
d  2.1428656960e-03 1.5000059122e+00 -2.0000000000e-01 5.1117187306e-01 3.0000000000e+02 -5.1126052565e-08 1.2392459064e-13 5.1117187166e-08 5.1126053707e-08 -8.6825935800e-12 -1.2386684678e-13 -5.1117188707e-08 -5.8544111273e-14
d  2.1428761312e-03 1.5000132168e+00 -2.0000000000e-01 5.1117783606e-01 3.0000000000e+02 -5.1126649743e-08 1.2390271490e-13 5.1117783415e-08 5.1126651394e-08 -8.6835017557e-12 -1.2383981138e-13 -5.1117785524e-08 -5.8534960243e-14
d  2.1428886534e-03 1.5000219824e+00 -2.0000000000e-01 5.1118499159e-01 3.0000000000e+02 -5.1127366404e-08 1.2391225519e-13 5.1118498900e-08 5.1127368743e-08 -8.6845986092e-12 -1.2384401473e-13 -5.1118501773e-08 -5.8535594602e-14
d  2.1429036801e-03 1.5000325010e+00 -2.0000000000e-01 5.1119357826e-01 3.0000000000e+02 -5.1128226397e-08 1.2391992063e-13 5.1119357480e-08 5.1128229658e-08 -8.6859147388e-12 -1.2384622932e-13 -5.1119361371e-08 -5.8535764556e-14
d  2.1429217121e-03 1.5000451234e+00 -2.0000000000e-01 5.1120388232e-01 3.0000000000e+02 -5.1129258391e-08 1.2392728191e-13 5.1120387772e-08 5.1129262874e-08 -8.6874943414e-12 -1.2384810584e-13 -5.1120393007e-08 -5.8535762340e-14
d  2.1429433505e-03 1.5000602703e+00 -2.0000000000e-01 5.1121624723e-01 3.0000000000e+02 -5.1130496789e-08 1.2393480855e-13 5.1121624118e-08 5.1130502877e-08 -8.6893904338e-12 -1.2385021725e-13 -5.1121631112e-08 -5.8535780964e-14
d  2.1429693166e-03 1.5000784466e+00 -2.0000000000e-01 5.1123108520e-01 3.0000000000e+02 -5.1131982871e-08 1.2394256741e-13 5.1123107731e-08 5.1131991045e-08 -8.6916665763e-12 -1.2385271549e-13 -5.1123117004e-08 -5.8535837614e-14
d  2.1430004759e-03 1.5001002581e+00 -2.0000000000e-01 5.1124889085e-01 3.0000000000e+02 -5.1133766178e-08 1.2395056782e-13 5.1124888066e-08 5.1133777037e-08 -8.6943991794e-12 -1.2385569419e-13 -5.1124900261e-08 -5.8535953245e-14
d  2.1430378670e-03 1.5001264319e+00 -2.0000000000e-01 5.1127025775e-01 3.0000000000e+02 -5.1135906159e-08 1.2395885857e-13 5.1127024469e-08 5.1135920440e-08 -8.6976801293e-12 -1.2385926230e-13 -5.1127040381e-08 -5.8536141352e-14
d  2.1430827364e-03 1.5001578405e+00 -2.0000000000e-01 5.1129589820e-01 3.0000000000e+02 -5.1138474155e-08 1.2396758607e-13 5.1129588159e-08 5.1138492758e-08 -8.7016200316e-12 -1.2386361691e-13 -5.1129608756e-08 -5.8536423955e-14
d  2.1431365797e-03 1.5001955308e+00 -2.0000000000e-01 5.1132666702e-01 3.0000000000e+02 -5.1141555779e-08 1.2397709624e-13 5.1132664605e-08 5.1141579798e-08 -8.7063521637e-12 -1.2386912708e-13 -5.1132691060e-08 -5.8536821920e-14
d  2.1432011916e-03 1.5002407591e+00 -2.0000000000e-01 5.1136358999e-01 3.0000000000e+02 -5.1145253773e-08 1.2398797470e-13 5.1136356368e-08 5.1145284528e-08 -8.7120374048e-12 -1.2387639160e-13 -5.1136390099e-08 -5.8537378377e-14
d  2.1432787259e-03 1.5002950331e+00 -2.0000000000e-01 5.1140789814e-01 3.0000000000e+02 -5.1149691436e-08 1.2400128192e-13 5.1140786533e-08 5.1149730512e-08 -8.7188703801e-12 -1.2388646433e-13 -5.1140829242e-08 -5.8538154052e-14
d  2.1433717671e-03 1.5003601619e+00 -2.0000000000e-01 5.1146106880e-01 3.0000000000e+02 -5.1155016735e-08 1.2401877585e-13 5.1146102809e-08 5.1155066037e-08 -8.7270870009e-12 -1.2390108843e-13 -5.1146156539e-08 -5.8539247706e-14
d  2.1434834165e-03 1.5004383165e+00 -2.0000000000e-01 5.1152487511e-01 3.0000000000e+02 -5.1161407199e-08 1.2402499927e-13 5.1152487486e-08 5.1161407350e-08 -8.7369442965e-12 -1.2400451268e-13 -5.1152487864e-08 -5.8574126173e-14
d  2.1436173958e-03 1.5005321020e+00 -2.0000000000e-01 5.1160144040e-01 3.0000000000e+02 -5.1169075392e-08 1.2384372390e-13 5.1160144040e-08 5.1169075241e-08 -8.7487614857e-12 -1.2382372508e-13 -5.1160144090e-08 -5.8530514430e-14
d  2.1437781709e-03 1.5006446446e+00 -2.0000000000e-01 5.1169332630e-01 3.0000000000e+02 -5.1178278299e-08 1.2393059650e-13 5.1169332592e-08 5.1178278636e-08 -8.7630160162e-12 -1.2391006471e-13 -5.1169333170e-08 -5.8546080966e-14
d  2.1439711011e-03 1.5007796957e+00 -2.0000000000e-01 5.1180359344e-01 3.0000000000e+02 -5.1189322161e-08 1.2393593201e-13 5.1180359342e-08 5.1189322040e-08 -8.7801521393e-12 -1.2391590576e-13 -5.1180359425e-08 -5.8547003306e-14
d  2.1442026173e-03 1.5009417570e+00 -2.0000000000e-01 5.1193591957e-01 3.0000000000e+02 -5.1202575415e-08 1.2395018504e-13 5.1193591945e-08 5.1202575416e-08 -8.8007783423e-12 -1.2393007297e-13 -5.1193592159e-08 -5.8548501537e-14
d  2.1444804367e-03 1.5011362306e+00 -2.0000000000e-01 5.1209471938e-01 3.0000000000e+02 -5.1218480260e-08 1.2396914425e-13 5.1209471914e-08 5.1218480422e-08 -8.8256206359e-12 -1.2394895309e-13 -5.1209472302e-08 -5.8550868531e-14
d  2.1448138200e-03 1.5013695990e+00 -2.0000000000e-01 5.1228529132e-01 3.0000000000e+02 -5.1237567421e-08 1.2399151834e-13 5.1228529097e-08 5.1237567728e-08 -8.8555623544e-12 -1.2397128747e-13 -5.1228529641e-08 -5.8553599849e-14
d  2.1452138800e-03 1.5016496409e+00 -2.0000000000e-01 5.1251399516e-01 3.0000000000e+02 -5.1260473955e-08 1.2401861826e-13 5.1251399474e-08 5.1260474364e-08 -8.8916823075e-12 -1.2399838425e-13 -5.1251400128e-08 -5.8556887269e-14
d  2.1456939520e-03 1.5019856913e+00 -2.0000000000e-01 5.1278846497e-01 3.0000000000e+02 -5.1287964591e-08 1.2405115850e-13 5.1278846448e-08 5.1287965094e-08 -8.9353017992e-12 -1.2403093256e-13 -5.1278847201e-08 -5.8560826326e-14
d  2.1462700384e-03 1.5023889518e+00 -2.0000000000e-01 5.1311786502e-01 3.0000000000e+02 -5.1320957383e-08 1.2409001286e-13 5.1311786442e-08 5.1320958028e-08 -8.9880453513e-12 -1.2406978450e-13 -5.1311787349e-08 -5.8565537068e-14
d  2.1469613421e-03 1.5028728643e+00 -2.0000000000e-01 5.1351319727e-01 3.0000000000e+02 -5.1360554541e-08 1.2413788413e-13 5.1351319727e-08 5.1360554388e-08 -9.0519264514e-12 -1.2411788478e-13 -5.1351319775e-08 -5.8571334961e-14
d  2.1477909065e-03 1.5034535594e+00 -2.0000000000e-01 5.1398767103e-01 3.0000000000e+02 -5.1408079492e-08 1.2419263020e-13 5.1398767104e-08 5.1408079334e-08 -9.1294369370e-12 -1.2417263178e-13 -5.1398767147e-08 -5.8577980439e-14
d  2.1487863838e-03 1.5041503934e+00 -2.0000000000e-01 5.1455714759e-01 3.0000000000e+02 -5.1465121489e-08 1.2426253712e-13 5.1455714760e-08 5.1465121322e-08 -9.2237017390e-12 -1.2424253981e-13 -5.1455714794e-08 -5.8586268949e-14
d  2.1499809565e-03 1.5049865943e+00 -2.0000000000e-01 5.1524067549e-01 3.0000000000e+02 -5.1533589330e-08 1.2434701056e-13 5.1524067549e-08 5.1533589181e-08 -9.3386597988e-12 -1.2432701034e-13 -5.1524067602e-08 -5.8596246335e-14
d  2.1514144438e-03 1.5059900354e+00 -2.0000000000e-01 5.1606112956e-01 3.0000000000e+02 -5.1615775515e-08 1.2444290927e-13 5.1606112955e-08 5.1615775370e-08 -9.4793257929e-12 -1.2442290868e-13 -5.1606113012e-08 -5.8607748574e-14
d  2.1531346286e-03 1.5071941646e+00 -2.0000000000e-01 5.1704599609e-01 3.0000000000e+02 -5.1714435140e-08 1.2456702488e-13 5.1704599607e-08 5.1714435021e-08 -9.6521591001e-12 -1.2454702186e-13 -5.1704599693e-08 -5.8622213862e-14
d  2.1551988503e-03 1.5086391198e+00 -2.0000000000e-01 5.1822829716e-01 3.0000000000e+02 -5.1832878841e-08 1.2471737313e-13 5.1822829708e-08 5.1832878802e-08 -9.8655860154e-12 -1.2469736440e-13 -5.1822829879e-08 -5.8639521223e-14
d  2.1576759163e-03 1.5103730659e+00 -2.0000000000e-01 5.1964772073e-01 3.0000000000e+02 -5.1975086597e-08 1.2490247039e-13 5.1964772071e-08 5.1975086475e-08 -1.0130778217e-11 -1.2488246847e-13 -5.1964772155e-08 -5.8660491957e-14
d  2.1606483956e-03 1.5124538013e+00 -2.0000000000e-01 5.2135197957e-01 3.0000000000e+02 -5.2145844783e-08 1.2513012283e-13 5.2135197955e-08 5.2145844649e-08 -1.0462826858e-11 -1.2511012188e-13 -5.2135198026e-08 -5.8685857630e-14
d  2.1642153707e-03 1.5149506837e+00 -2.0000000000e-01 5.2339845341e-01 3.0000000000e+02 -5.2350912239e-08 1.2541414598e-13 5.2339845331e-08 5.2350912226e-08 -1.0882583719e-11 -1.2539413979e-13 -5.2339845531e-08 -5.8716738400e-14
d  2.1684957408e-03 1.5179469427e+00 -2.0000000000e-01 5.2585617537e-01 3.0000000000e+02 -5.2597221906e-08 1.2577316661e-13 5.2585617536e-08 5.2597221769e-08 -1.1419658264e-11 -1.2575316606e-13 -5.2585617604e-08 -5.8754559562e-14
d  2.1710639629e-03 1.5197446980e+00 -2.0000000000e-01 5.2733182645e-01 3.0000000000e+02 -5.2745128414e-08 1.2599683637e-13 5.2733182645e-08 5.2745128271e-08 -1.1760809289e-11 -1.2597683589e-13 -5.2733182707e-08 -5.8777541511e-14
d  2.1741458294e-03 1.5219020045e+00 -2.0000000000e-01 5.2910361069e-01 3.0000000000e+02 -5.2922736860e-08 1.2627730658e-13 5.2910361066e-08 5.2922736753e-08 -1.2190522773e-11 -1.2625730424e-13 -5.2910361167e-08 -5.8805667949e-14
d  2.1778440692e-03 1.5244907722e+00 -2.0000000000e-01 5.3123118931e-01 3.0000000000e+02 -5.3136042535e-08 1.2663157055e-13 5.3123118928e-08 5.3136042428e-08 -1.2737946729e-11 -1.2661156861e-13 -5.3123119029e-08 -5.8840188009e-14
d  2.1800630130e-03 1.5260440328e+00 -2.0000000000e-01 5.3250848585e-01 3.0000000000e+02 -5.3264118817e-08 1.2685411623e-13 5.3250848584e-08 5.3264118666e-08 -1.3084331953e-11 -1.2683411617e-13 -5.3250848639e-08 -5.8861299062e-14
d  2.1827257457e-03 1.5279079456e+00 -2.0000000000e-01 5.3404197383e-01 3.0000000000e+02 -5.3417902786e-08 1.2713055977e-13 5.3404197364e-08 5.3417902904e-08 -1.3519199590e-11 -1.2711054378e-13 -5.3404197707e-08 -5.8886890041e-14
d  2.1859210249e-03 1.5301446409e+00 -2.0000000000e-01 5.3588322203e-01 3.0000000000e+02 -5.3602579720e-08 1.2748400738e-13 5.3588322188e-08 5.3602579777e-08 -1.4070930019e-11 -1.2746399705e-13 -5.3588322466e-08 -5.8918912391e-14
d  2.1897553599e-03 1.5328286753e+00 -2.0000000000e-01 5.3809423732e-01 3.0000000000e+02 -5.3824391139e-08 1.2793118242e-13 5.3809423724e-08 5.3824391103e-08 -1.4780331679e-11 -1.2791117763e-13 -5.3809423903e-08 -5.8958144598e-14
d  2.1920559609e-03 1.5344390959e+00 -2.0000000000e-01 5.3942163629e-01 3.0000000000e+02 -5.3957584047e-08 1.2821635002e-13 5.3942163629e-08 5.3957583895e-08 -1.5233033363e-11 -1.2819634995e-13 -5.3942163684e-08 -5.8982393567e-14
d  2.1948166821e-03 1.5363716007e+00 -2.0000000000e-01 5.4101529262e-01 3.0000000000e+02 -5.4117522732e-08 1.2857480017e-13 5.4101529260e-08 5.4117522612e-08 -1.5805694993e-11 -1.2855479830e-13 -5.4101529349e-08 -5.9012233925e-14
d  2.1981295476e-03 1.5386906064e+00 -2.0000000000e-01 5.4292879377e-01 3.0000000000e+02 -5.4309607025e-08 1.2903632604e-13 5.4292879370e-08 5.4309606969e-08 -1.6539374730e-11 -1.2901632145e-13 -5.4292879529e-08 -5.9049468583e-14
d  2.2001172668e-03 1.5400820098e+00 -2.0000000000e-01 5.4407747442e-01 3.0000000000e+02 -5.4424942105e-08 1.2933066003e-13 5.4407747420e-08 5.4424942271e-08 -1.7006072668e-11 -1.2931063780e-13 -5.4407747817e-08 -5.9072551196e-14
d  2.2025025299e-03 1.5417516939e+00 -2.0000000000e-01 5.4545646216e-01 3.0000000000e+02 -5.4563430020e-08 1.2970258117e-13 5.4545646216e-08 5.4563429867e-08 -1.7594814653e-11 -1.2968258110e-13 -5.4545646272e-08 -5.9101133930e-14
d  2.2053648457e-03 1.5437553148e+00 -2.0000000000e-01 5.4711206493e-01 3.0000000000e+02 -5.4729742488e-08 1.3017273474e-13 5.4711206492e-08 5.4729742341e-08 -1.8346496487e-11 -1.3015273435e-13 -5.4711206555e-08 -5.9136461426e-14
d  2.2087996246e-03 1.5461596599e+00 -2.0000000000e-01 5.4909995685e-01 3.0000000000e+02 -5.4929506993e-08 1.3078971863e-13 5.4909995683e-08 5.4929506871e-08 -1.9321147186e-11 -1.3076971716e-13 -5.4909995773e-08 -5.9181266377e-14
d  2.2108604919e-03 1.5476022670e+00 -2.0000000000e-01 5.5029329818e-01 3.0000000000e+02 -5.5049468432e-08 1.3118859943e-13 5.5029329818e-08 5.5049468280e-08 -1.9948026783e-11 -1.3116859925e-13 -5.5029329876e-08 -5.9209359346e-14
d  2.2133335327e-03 1.5493333955e+00 -2.0000000000e-01 5.5172590450e-01 3.0000000000e+02 -5.5193528366e-08 1.3169870879e-13 5.5172590433e-08 5.5193528455e-08 -2.0746783004e-11 -1.3167869368e-13 -5.5172590749e-08 -5.9244573034e-14
d  2.2163011817e-03 1.5514107496e+00 -2.0000000000e-01 5.5344588386e-01 3.0000000000e+02 -5.5366560269e-08 1.3236651275e-13 5.5344588386e-08 5.5366560116e-08 -2.1780038986e-11 -1.3234651263e-13 -5.5344588444e-08 -5.9289374499e-14
d  2.2180817711e-03 1.5526571621e+00 -2.0000000000e-01 5.5447831373e-01 3.0000000000e+02 -5.5470466916e-08 1.3279477037e-13 5.5447831373e-08 5.5470466763e-08 -2.2443239939e-11 -1.3277477020e-13 -5.5447831430e-08 -5.9317428903e-14
d  2.2202184784e-03 1.5541528571e+00 -2.0000000000e-01 5.5571766322e-01 3.0000000000e+02 -5.5595246016e-08 1.3334801359e-13 5.5571766320e-08 5.5595245888e-08 -2.3286801890e-11 -1.3332801159e-13 -5.5571766406e-08 -5.9352935652e-14
d  2.2227825271e-03 1.5559476911e+00 -2.0000000000e-01 5.5720550066e-01 3.0000000000e+02 -5.5745119407e-08 1.3406947777e-13 5.5720550061e-08 5.5745119332e-08 -2.4375682044e-11 -1.3404947297e-13 -5.5720550203e-08 -5.9398166679e-14
d  2.2243209563e-03 1.5570245916e+00 -2.0000000000e-01 5.5809852345e-01 3.0000000000e+02 -5.5835119754e-08 1.3453817140e-13 5.5809852345e-08 5.5835119601e-08 -2.5073253301e-11 -1.3451817117e-13 -5.5809852404e-08 -5.9426891000e-14
d  2.2261670714e-03 1.5583168720e+00 -2.0000000000e-01 5.5917046416e-01 3.0000000000e+02 -5.5943200297e-08 1.3513717719e-13 5.5917046413e-08 5.5943200172e-08 -2.5959089523e-11 -1.3511717465e-13 -5.5917046502e-08 -5.9463038226e-14
d  2.2283824094e-03 1.5598676086e+00 -2.0000000000e-01 5.6045723555e-01 3.0000000000e+02 -5.6073019421e-08 1.3592156536e-13 5.6045723553e-08 5.6073019293e-08 -2.7100243427e-11 -1.3590156348e-13 -5.6045723639e-08 -5.9509337762e-14
d  2.2297116123e-03 1.5607980506e+00 -2.0000000000e-01 5.6122952959e-01 3.0000000000e+02 -5.6150979109e-08 1.3643070989e-13 5.6122952959e-08 5.6150978955e-08 -2.7829988832e-11 -1.3641070963e-13 -5.6122953017e-08 -5.9538939542e-14
d  2.2313066557e-03 1.5619145809e+00 -2.0000000000e-01 5.6215650687e-01 3.0000000000e+02 -5.6244602789e-08 1.3708360527e-13 5.6215650686e-08 5.6244602648e-08 -2.8755250028e-11 -1.3706360378e-13 -5.6215650759e-08 -5.9576297922e-14
d  2.2332207078e-03 1.5632544173e+00 -2.0000000000e-01 5.6326919727e-01 3.0000000000e+02 -5.6357062375e-08 1.3793713109e-13 5.6326919726e-08 5.6357062233e-08 -2.9944894130e-11 -1.3791713001e-13 -5.6326919797e-08 -5.9624337097e-14
d  2.2355175704e-03 1.5648622210e+00 -2.0000000000e-01 5.6460487241e-01 3.0000000000e+02 -5.6492188888e-08 1.3907820998e-13 5.6460487238e-08 5.6492188766e-08 -3.1502689324e-11 -1.3905820772e-13 -5.6460487332e-08 -5.9687280713e-14
d  2.2368956879e-03 1.5658269032e+00 -2.0000000000e-01 5.6540650559e-01 3.0000000000e+02 -5.6573364503e-08 1.3983545004e-13 5.6540650558e-08 5.6573364360e-08 -3.2514188269e-11 -1.3981544870e-13 -5.6540650629e-08 -5.9728255790e-14
d  2.2385494289e-03 1.5669845219e+00 -2.0000000000e-01 5.6636868415e-01 3.0000000000e+02 -5.6670884078e-08 1.4082571982e-13 5.6636868415e-08 5.6670883928e-08 -3.3814862997e-11 -1.4080571922e-13 -5.6636868478e-08 -5.9781170140e-14
d  2.2405339181e-03 1.5683736643e+00 -2.0000000000e-01 5.6752360175e-01 3.0000000000e+02 -5.6788081264e-08 1.4215365119e-13 5.6752360156e-08 5.6788081390e-08 -3.5518890601e-11 -1.4213362969e-13 -5.6752360515e-08 -5.9850995735e-14
d  2.2417246116e-03 1.5692071497e+00 -2.0000000000e-01 5.6821670498e-01 3.0000000000e+02 -5.6858499545e-08 1.4304065982e-13 5.6821670458e-08 5.6858499965e-08 -3.6625921156e-11 -1.4302059491e-13 -5.6821671132e-08 -5.9896884028e-14
d  2.2431534439e-03 1.5702073322e+00 -2.0000000000e-01 5.6904857235e-01 3.0000000000e+02 -5.6943111801e-08 1.4419723799e-13 5.6904857235e-08 5.6943111648e-08 -3.8050224619e-11 -1.4417723764e-13 -5.6904857295e-08 -5.9956185177e-14
d  2.2448680426e-03 1.5714075512e+00 -2.0000000000e-01 5.7004700714e-01 3.0000000000e+02 -5.7044824358e-08 1.4574230263e-13 5.7004700709e-08 5.7044824279e-08 -3.9917671487e-11 -1.4572229576e-13 -5.7004700849e-08 -6.0034344620e-14
d  2.2458968018e-03 1.5721276826e+00 -2.0000000000e-01 5.7064616289e-01 3.0000000000e+02 -5.7105955067e-08 1.4677658311e-13 5.7064616285e-08 5.7105954966e-08 -4.1131722563e-11 -1.4675657578e-13 -5.7064616403e-08 -6.0085990351e-14
d  2.2471313128e-03 1.5729918403e+00 -2.0000000000e-01 5.7136523537e-01 3.0000000000e+02 -5.7179426733e-08 1.4812698682e-13 5.7136523527e-08 5.7179426709e-08 -4.2694721820e-11 -1.4810697060e-13 -5.7136523727e-08 -6.0152896497e-14
d  2.2486127261e-03 1.5740288296e+00 -2.0000000000e-01 5.7222823072e-01 3.0000000000e+02 -5.7267779179e-08 1.4994295271e-13 5.7222823046e-08 5.7267779406e-08 -4.4745728866e-11 -1.4992291382e-13 -5.7222823514e-08 -6.0241919104e-14
d  2.2503904220e-03 1.5752732167e+00 -2.0000000000e-01 5.7326395380e-01 3.0000000000e+02 -5.7374115436e-08 1.5245953381e-13 5.7326395379e-08 5.7374115285e-08 -4.7507042227e-11 -1.5243953325e-13 -5.7326395444e-08 -6.0363881032e-14
d  2.2525236571e-03 1.5767664812e+00 -2.0000000000e-01 5.7450694000e-01 3.0000000000e+02 -5.7502271727e-08 1.5608864785e-13 5.7450693995e-08 5.7502271637e-08 -5.1360905575e-11 -1.5606864313e-13 -5.7450694124e-08 -6.0537144808e-14
d  2.2538035982e-03 1.5776624399e+00 -2.0000000000e-01 5.7525275449e-01 3.0000000000e+02 -5.7579515789e-08 1.5868394375e-13 5.7525275144e-08 5.7579520154e-08 -5.4020800529e-11 -1.5866347316e-13 -5.7525280033e-08 -6.0658952622e-14
d  2.2553395275e-03 1.5787375903e+00 -2.0000000000e-01 5.7614769833e-01 3.0000000000e+02 -5.7672642664e-08 1.6231754380e-13 5.7614769832e-08 5.7672642512e-08 -5.7649484005e-11 -1.6229754319e-13 -5.7614769896e-08 -6.0828706581e-14
d  2.2571826426e-03 1.5800277708e+00 -2.0000000000e-01 5.7722147117e-01 3.0000000000e+02 -5.7785191745e-08 1.6769391984e-13 5.7722147117e-08 5.7785191594e-08 -6.2815663236e-11 -1.6767391929e-13 -5.7722147182e-08 -6.1076338307e-14
d  2.2582885117e-03 1.5808018791e+00 -2.0000000000e-01 5.7786558387e-01 3.0000000000e+02 -5.7853243169e-08 1.7160236489e-13 5.7786558406e-08 5.7853242733e-08 -6.6451730184e-11 -1.7158239836e-13 -5.7786558166e-08 -6.1253841813e-14
d  2.2596155546e-03 1.5817308091e+00 -2.0000000000e-01 5.7863826927e-01 3.0000000000e+02 -5.7935577863e-08 1.7721622678e-13 5.7863826928e-08 5.7935577687e-08 -7.1512024710e-11 -1.7719622886e-13 -5.7863826966e-08 -6.1507093959e-14
d  2.2604117803e-03 1.5822881671e+00 -2.0000000000e-01 5.7910169960e-01 3.0000000000e+02 -5.7985408927e-08 1.8118032628e-13 5.7910169956e-08 5.7985408831e-08 -7.4995907080e-11 -1.8116031596e-13 -5.7910170080e-08 -6.1683808965e-14
d  2.2613672512e-03 1.5829569967e+00 -2.0000000000e-01 5.7965756630e-01 3.0000000000e+02 -5.8045742280e-08 1.8671973569e-13 5.7965756630e-08 5.8045742133e-08 -7.9736803824e-11 -1.8669973383e-13 -5.7965756700e-08 -6.1929660670e-14
d  2.2619405337e-03 1.5833582944e+00 -2.0000000000e-01 5.7999092212e-01 3.0000000000e+02 -5.8082274993e-08 1.9053800278e-13 5.7999092221e-08 5.8082274700e-08 -8.2929948905e-11 -1.9051803407e-13 -5.7999092135e-08 -6.2097447991e-14
d  2.2626284728e-03 1.5838398517e+00 -2.0000000000e-01 5.8039074161e-01 3.0000000000e+02 -5.8126513784e-08 1.9572770240e-13 5.8039074154e-08 5.8126513731e-08 -8.7181373494e-11 -1.9570767944e-13 -5.8039074325e-08 -6.2324733235e-14
d  2.2634539996e-03 1.5844177205e+00 -2.0000000000e-01 5.8087014410e-01 3.0000000000e+02 -5.8180303500e-08 2.0305301669e-13 5.8087014410e-08 5.8180303353e-08 -9.3023198054e-11 -2.0303301472e-13 -5.8087014479e-08 -6.2643591983e-14
d  2.2644446318e-03 1.5851111630e+00 -2.0000000000e-01 5.8144468560e-01 3.0000000000e+02 -5.8246164358e-08 2.1395077300e-13 5.8144468573e-08 5.8246163994e-08 -1.0141853892e-10 -2.1393080402e-13 -5.8144468412e-08 -6.3113494985e-14
d  2.2650390111e-03 1.5855272285e+00 -2.0000000000e-01 5.8178890213e-01 3.0000000000e+02 -5.8286555324e-08 2.2195252491e-13 5.8178890212e-08 5.8286555184e-08 -1.0737951790e-10 -2.2193252084e-13 -5.8178890289e-08 -6.3453033371e-14
d  2.2657522663e-03 1.5860265071e+00 -2.0000000000e-01 5.8220127621e-01 3.0000000000e+02 -5.8336175098e-08 2.3351732066e-13 5.8220127618e-08 5.8336174996e-08 -1.1574981801e-10 -2.3349730866e-13 -5.8220127737e-08 -6.3941368004e-14
d  2.2666081726e-03 1.5866256415e+00 -2.0000000000e-01 5.8269474628e-01 3.0000000000e+02 -5.8397985065e-08 2.5143674859e-13 5.8269474583e-08 5.8397985586e-08 -1.2819411306e-10 -2.5141662949e-13 -5.8269475367e-08 -6.4690248350e-14
d  2.2671217163e-03 1.5869851221e+00 -2.0000000000e-01 5.8298985047e-01 3.0000000000e+02 -5.8436655292e-08 2.6511250004e-13 5.8298985041e-08 5.8436655224e-08 -1.3733970266e-10 -2.6509247650e-13 -5.8298985196e-08 -6.5249604301e-14
d  2.2677379688e-03 1.5874164988e+00 -2.0000000000e-01 5.8334259040e-01 3.0000000000e+02 -5.8485278714e-08 2.8570900890e-13 5.8334258986e-08 5.8485279353e-08 -1.5066767731e-10 -2.8568881440e-13 -5.8334259897e-08 -6.6085483912e-14
d  2.2684774718e-03 1.5879341508e+00 -2.0000000000e-01 5.8376289271e-01 3.0000000000e+02 -5.8548365042e-08 3.1973485671e-13 5.8376289288e-08 5.8548364624e-08 -1.7168840617e-10 -3.1971490963e-13 -5.8376289069e-08 -6.7445128089e-14
d  2.2689211736e-03 1.5882447421e+00 -2.0000000000e-01 5.8401279369e-01 3.0000000000e+02 -5.8589810435e-08 3.4736267002e-13 5.8401279284e-08 5.8589811546e-08 -1.8811500246e-10 -3.4734228551e-13 -5.8401280701e-08 -6.8509740700e-14
d  2.2694536157e-03 1.5886174516e+00 -2.0000000000e-01 5.8430909668e-01 3.0000000000e+02 -5.8645161723e-08 3.9214140731e-13 5.8430909631e-08 5.8645162120e-08 -2.1378952120e-10 -3.9212124935e-13 -5.8430910283e-08 -7.0210010719e-14
d  2.2697730810e-03 1.5888410773e+00 -2.0000000000e-01 5.8448418110e-01 3.0000000000e+02 -5.8682589095e-08 4.2778018856e-13 5.8448418134e-08 5.8682588579e-08 -2.3367151190e-10 -4.2776033943e-13 -5.8448417811e-08 -7.1505451241e-14
d  2.2701564394e-03 1.5891094281e+00 -2.0000000000e-01 5.8469015393e-01 3.0000000000e+02 -5.8733949474e-08 4.8420745905e-13 5.8469015389e-08 5.8733949368e-08 -2.6437618281e-10 -4.8418743811e-13 -5.8469015504e-08 -7.3516026718e-14
d  2.2703864544e-03 1.5892704386e+00 -2.0000000000e-01 5.8481069585e-01 3.0000000000e+02 -5.8769500958e-08 5.2794046839e-13 5.8481069637e-08 5.8769500034e-08 -2.8782824642e-10 -5.2792092116e-13 -5.8481068877e-08 -7.4988190434e-14
d  2.2706624724e-03 1.5894636512e+00 -2.0000000000e-01 5.8495084835e-01 3.0000000000e+02 -5.8819168735e-08 5.9524985743e-13 5.8495084831e-08 5.8819168633e-08 -3.2341129005e-10 -5.9522982618e-13 -5.8495084950e-08 -7.7196359180e-14
d  2.2709936940e-03 1.5896955063e+00 -2.0000000000e-01 5.8510877647e-01 3.0000000000e+02 -5.8894725014e-08 7.0906212107e-13 5.8510877600e-08 5.8894725554e-08 -3.8305737919e-10 -7.0904179728e-13 -5.8510878408e-08 -8.0716731273e-14
d  2.2711924270e-03 1.5898346194e+00 -2.0000000000e-01 5.8519519337e-01 3.0000000000e+02 -5.8952989515e-08 8.0317571843e-13 5.8519519325e-08 5.8952989524e-08 -4.3258357895e-10 -8.0315560178e-13 -5.8519519565e-08 -8.3239344401e-14
d  2.2714309065e-03 1.5900015551e+00 -2.0000000000e-01 5.8528478138e-01 3.0000000000e+02 -5.9044828771e-08 9.5952293239e-13 5.8528478087e-08 5.9044829367e-08 -5.1530382316e-10 -9.5950244274e-13 -5.8528478956e-08 -8.7082324004e-14
d  2.2715739942e-03 1.5901017165e+00 -2.0000000000e-01 5.8532707475e-01 3.0000000000e+02 -5.9117661900e-08 1.0862855799e-12 5.8532707466e-08 5.9117661865e-08 -5.8377848551e-10 -1.0862654591e-12 -5.8532707659e-08 -8.9469302003e-14
d  2.2717456995e-03 1.5902219102e+00 -2.0000000000e-01 5.8535865089e-01 3.0000000000e+02 -5.9234808856e-08 1.2933805627e-12 5.8535865084e-08 5.9234808774e-08 -6.9755748650e-10 -1.2933604929e-12 -5.8535865225e-08 -9.2698339753e-14
d  2.2719517459e-03 1.5903661426e+00 -2.0000000000e-01 5.8534387440e-01 3.0000000000e+02 -5.9457073701e-08 1.6850517312e-12 5.8534387069e-08 5.9457078993e-08 -9.2090495779e-10 -1.6850275821e-12 -5.8534393014e-08 -9.5994440522e-14
d  2.2720753737e-03 1.5904526820e+00 -2.0000000000e-01 5.8528162570e-01 3.0000000000e+02 -5.9672781474e-08 2.0460544212e-12 5.8528162577e-08 5.9672781212e-08 -1.1424800057e-09 -2.0460345384e-12 -5.8528162524e-08 -9.2662751253e-14
d  2.2722237270e-03 1.5905565294e+00 -2.0000000000e-01 5.8508069605e-01 3.0000000000e+02 -6.0127403441e-08 2.7649535826e-12 5.8508069603e-08 6.0127403311e-08 -1.6164933660e-09 -2.7649335512e-12 -5.8508069693e-08 -7.5310885277e-14
d  2.2723127391e-03 1.5906188378e+00 -2.0000000000e-01 5.8481324956e-01 3.0000000000e+02 -6.0626863964e-08 3.4465037517e-12 5.8481325021e-08 6.0626862879e-08 -2.1420641785e-09 -3.4464852455e-12 -5.8481324064e-08 -2.8149334827e-14
d  2.2723661463e-03 1.5906562229e+00 -2.0000000000e-01 5.8454125278e-01 3.0000000000e+02 -6.1098181163e-08 3.9821076667e-12 5.8454125214e-08 6.1098181892e-08 -2.6401183375e-09 -3.9820852095e-12 -5.8454126253e-08 4.4809907913e-14
d  2.2724302349e-03 1.5907010849e+00 -2.0000000000e-01 5.8397552151e-01 3.0000000000e+02 -6.2038228806e-08 4.9228120530e-12 5.8397551315e-08 6.2038240529e-08 -3.6359703667e-09 -4.9227615043e-12 -5.8397564649e-08 2.1723280396e-13
d  2.2724686881e-03 1.5907280021e+00 -2.0000000000e-01 5.8338726889e-01 3.0000000000e+02 -6.2990489978e-08 5.5469856295e-12 5.8338726771e-08 6.2990491462e-08 -4.6467001543e-09 -5.5469592227e-12 -5.8338728686e-08 4.8405707992e-13
d  2.2725148319e-03 1.5907603028e+00 -2.0000000000e-01 5.8208984674e-01 3.0000000000e+02 -6.5080964690e-08 6.4148850806e-12 5.8208984172e-08 6.5080971806e-08 -6.8667560042e-09 -6.4148390133e-12 -5.8208992702e-08 1.1918192965e-12
d  2.2725425182e-03 1.5907796832e+00 -2.0000000000e-01 5.8063722210e-01 3.0000000000e+02 -6.7436246525e-08 6.0588030937e-12 5.8063722094e-08 6.7436248044e-08 -9.3688094131e-09 -6.0587741615e-12 -5.8063724150e-08 2.3441015476e-12
d  2.2725591300e-03 1.5907913115e+00 -2.0000000000e-01 5.7928638745e-01 3.0000000000e+02 -6.9660625157e-08 4.5895743013e-12 5.7928639001e-08 6.9660621396e-08 -1.1731115986e-08 -4.5895869441e-12 -5.7928634697e-08 3.7188899068e-12
d  2.2725790642e-03 1.5908052654e+00 -2.0000000000e-01 5.7679124870e-01 3.0000000000e+02 -7.3931954077e-08 1.3265772628e-12 5.7679124928e-08 7.3931953033e-08 -1.6257808599e-08 -1.3265643066e-12 -5.7679123873e-08 6.3061290991e-12
d  2.2725910246e-03 1.5908136377e+00 -2.0000000000e-01 5.7456355172e-01 3.0000000000e+02 -7.7928580166e-08 -3.5180978892e-12 5.7456355229e-08 7.7928579137e-08 -2.0484839258e-08 3.5181077402e-12 -5.7456354169e-08 9.0962026484e-12
d  2.2726053772e-03 1.5908236845e+00 -2.0000000000e-01 5.7075668644e-01 3.0000000000e+02 -8.5263126632e-08 -1.2159263812e-11 5.7075668711e-08 8.5263125350e-08 -2.8213348410e-08 1.2159272714e-11 -5.7075667257e-08 1.3731058220e-11
d  2.2726139888e-03 1.5908297126e+00 -2.0000000000e-01 5.6767716467e-01 3.0000000000e+02 -9.1699361380e-08 -2.0580213420e-11 5.6767716512e-08 9.1699360428e-08 -3.4969927105e-08 2.0580222175e-11 -5.6767715482e-08 1.7702105324e-11
d  2.2726243226e-03 1.5908369463e+00 -2.0000000000e-01 5.6304018591e-01 3.0000000000e+02 -1.0241762231e-07 -3.1552396518e-11 5.6304017058e-08 1.0241765251e-07 -4.6167888208e-08 3.1552772381e-11 -5.6304060442e-08 2.2743357717e-11
d  2.2726367232e-03 1.5908456267e+00 -2.0000000000e-01 5.5621858058e-01 3.0000000000e+02 -1.2088245239e-07 -4.3779613557e-11 5.5621857999e-08 1.2088245366e-07 -6.5332253711e-08 4.3779645043e-11 -5.5621860220e-08 2.7879498029e-11
d  2.2726441636e-03 1.5908508350e+00 -2.0000000000e-01 5.5168558872e-01 3.0000000000e+02 -1.3525804673e-07 -4.7994599465e-11 5.5168556554e-08 1.3525810651e-07 -8.0166643136e-08 4.7995281861e-11 -5.5168647343e-08 2.9188961485e-11
d  2.2726530921e-03 1.5908570849e+00 -2.0000000000e-01 5.4633444617e-01 3.0000000000e+02 -1.5492880962e-07 -4.6392020755e-11 5.4633444573e-08 1.5492881080e-07 -1.0036927238e-07 4.6392052623e-11 -5.4633446690e-08 2.7519233346e-11
d  2.2726638062e-03 1.5908645848e+00 -2.0000000000e-01 5.4083752995e-01 3.0000000000e+02 -1.7884692755e-07 -3.6795660927e-11 5.4083752929e-08 1.7884692972e-07 -1.2482158249e-07 3.6795695479e-11 -5.4083756654e-08 2.1613026700e-11
d  2.2726766632e-03 1.5908735847e+00 -2.0000000000e-01 5.3624270400e-01 3.0000000000e+02 -2.0239000600e-07 -2.1367982727e-11 5.3624270276e-08 2.0239001090e-07 -1.4879972655e-07 2.1368025581e-11 -5.3624278404e-08 1.2626060165e-11
d  2.2726920915e-03 1.5908843845e+00 -2.0000000000e-01 5.3329912680e-01 3.0000000000e+02 -2.1956678452e-07 -7.6072799071e-12 5.3329912237e-08 2.1956680432e-07 -1.6624907279e-07 7.6073680438e-12 -5.3329944276e-08 4.6054246105e-12
d  2.2727106056e-03 1.5908973444e+00 -2.0000000000e-01 5.3195709376e-01 3.0000000000e+02 -2.2809689314e-07 -4.4764533524e-13 5.3195708001e-08 2.2809695816e-07 -1.7490192772e-07 4.4784160839e-13 -5.3195813119e-08 3.3494348007e-13
d  2.2727328224e-03 1.5909128962e+00 -2.0000000000e-01 5.3162258464e-01 3.0000000000e+02 -2.3038463974e-07 1.3509615427e-12 5.3162259793e-08 2.3038457513e-07 -1.7722028133e-07 -1.3510836757e-12 -5.3162155126e-08 -7.8737684104e-13
d  2.2727594826e-03 1.5909315583e+00 -2.0000000000e-01 5.3168808468e-01 3.0000000000e+02 -2.3007570988e-07 9.9210497723e-13 5.3168807571e-08 2.3007575379e-07 -1.7690529384e-07 -9.9200473256e-13 -5.3168879927e-08 -5.8852422012e-13
d  2.2727914749e-03 1.5909539529e+00 -2.0000000000e-01 5.3180560189e-01 3.0000000000e+02 -2.2943818084e-07 3.9919149100e-13 5.3180557789e-08 2.2943829975e-07 -1.7625691278e-07 -3.9899193592e-13 -5.3180755214e-08 -2.3253421652e-13
d  2.2728298656e-03 1.5909808264e+00 -2.0000000000e-01 5.3187058565e-01 3.0000000000e+02 -2.2916231710e-07 1.1308378976e-13 5.3187057390e-08 2.2916237577e-07 -1.7597504679e-07 -1.1299030038e-13 -5.3187155969e-08 -5.9809906915e-14
d  2.2728759344e-03 1.5910130746e+00 -2.0000000000e-01 5.3189553440e-01 3.0000000000e+02 -2.2917215077e-07 5.9065548037e-14 5.3189553435e-08 2.2917215089e-07 -1.7598251048e-07 -5.9045258819e-14 -5.3189553961e-08 -2.7365368513e-14
d  2.2729312171e-03 1.5910517724e+00 -2.0000000000e-01 5.3191069375e-01 3.0000000000e+02 -2.2927873604e-07 7.5675157711e-14 5.3191069849e-08 2.2927871174e-07 -1.7608757010e-07 -7.5675885653e-14 -5.3191028667e-08 -3.7322029223e-14
d  2.2729975562e-03 1.5910982098e+00 -2.0000000000e-01 5.3193007610e-01 3.0000000000e+02 -2.2939903992e-07 8.9174894574e-14 5.3193008204e-08 2.2939900928e-07 -1.7620591903e-07 -8.9176620139e-14 -5.3192955719e-08 -4.5379205612e-14
d  2.2730771632e-03 1.5911539347e+00 -2.0000000000e-01 5.3195573229e-01 3.0000000000e+02 -2.2952810230e-07 9.2038513885e-14 5.3195573920e-08 2.2952806643e-07 -1.7633241541e-07 -9.2039655599e-14 -5.3195511911e-08 -4.7086592022e-14
d  2.2731726915e-03 1.5912208045e+00 -2.0000000000e-01 5.3198720699e-01 3.0000000000e+02 -2.2967865538e-07 9.1622586772e-14 5.3198721571e-08 2.2967860989e-07 -1.7647982920e-07 -9.1624890701e-14 -5.3198642242e-08 -4.6840683228e-14
d  2.2732873256e-03 1.5913010483e+00 -2.0000000000e-01 5.3202494609e-01 3.0000000000e+02 -2.2985963517e-07 9.1281056629e-14 5.3202495735e-08 2.2985957625e-07 -1.7665704619e-07 -9.1285099993e-14 -5.3202392151e-08 -4.6639332364e-14
d  2.2734248864e-03 1.5913973409e+00 -2.0000000000e-01 5.3207016622e-01 3.0000000000e+02 -2.3007741394e-07 9.1229716324e-14 5.3207018060e-08 2.3007733841e-07 -1.7687031624e-07 -9.1235367226e-14 -5.3206884336e-08 -4.6611078672e-14
d  2.2735899594e-03 1.5915128920e+00 -2.0000000000e-01 5.3212441468e-01 3.0000000000e+02 -2.3033910086e-07 9.1234101448e-14 5.3212443283e-08 2.3033900517e-07 -1.7712659451e-07 -9.1241144932e-14 -5.3212272826e-08 -4.6616391252e-14
d  2.2737880470e-03 1.5916515533e+00 -2.0000000000e-01 5.3218950878e-01 3.0000000000e+02 -2.3065351373e-07 9.1230070058e-14 5.3218953149e-08 2.3065339359e-07 -1.7743451775e-07 -9.1238319596e-14 -5.3218738015e-08 -4.6617142208e-14
d  2.2740257521e-03 1.5918179469e+00 -2.0000000000e-01 5.3226761433e-01 3.0000000000e+02 -2.3103137954e-07 9.1220590187e-14 5.3226764252e-08 2.3103122988e-07 -1.7780459706e-07 -9.1229868316e-14 -5.3226494999e-08 -4.6615176433e-14
d  2.2743109983e-03 1.5920176192e+00 -2.0000000000e-01 5.3236132918e-01 3.0000000000e+02 -2.3148564877e-07 9.1209129724e-14 5.3236136395e-08 2.3148546362e-07 -1.7824952389e-07 -9.1219258860e-14 -5.3235801918e-08 -4.6612673734e-14
d  2.2746532937e-03 1.5922572260e+00 -2.0000000000e-01 5.3247376996e-01 3.0000000000e+02 -2.3203197016e-07 9.1195667134e-14 5.3247381255e-08 2.3203174252e-07 -1.7878463615e-07 -9.1206467622e-14 -5.3246968580e-08 -4.6609750739e-14
d  2.2750640482e-03 1.5925447541e+00 -2.0000000000e-01 5.3260867443e-01 3.0000000000e+02 -2.3268928491e-07 9.1179685426e-14 5.3260872629e-08 2.3268900672e-07 -1.7942850219e-07 -9.1190970489e-14 -5.3260366757e-08 -4.6606251488e-14
d  2.2755569535e-03 1.5928897878e+00 -2.0000000000e-01 5.3277052472e-01 3.0000000000e+02 -2.3348055895e-07 9.1160673396e-14 5.3277058744e-08 2.3348022109e-07 -1.8020364065e-07 -9.1172238630e-14 -5.3276442687e-08 -4.6602051689e-14
d  2.2761484399e-03 1.5933038283e+00 -2.0000000000e-01 5.3296469474e-01 3.0000000000e+02 -2.3443369372e-07 9.1138065598e-14 5.3296477004e-08 2.3443328627e-07 -1.8113741629e-07 -9.1149670452e-14 -5.3295732259e-08 -4.6597016761e-14
d  2.2768582237e-03 1.5938006769e+00 -2.0000000000e-01 5.3319762370e-01 3.0000000000e+02 -2.3558269745e-07 9.1110998553e-14 5.3319762666e-08 2.3558268118e-07 -1.8226281033e-07 -9.1092035285e-14 -5.3319733207e-08 -4.6581293196e-14
d  2.2777099641e-03 1.5943968952e+00 -2.0000000000e-01 5.3347703928e-01 3.0000000000e+02 -2.3696900744e-07 9.1085477474e-14 5.3347704285e-08 2.3696898772e-07 -1.8362118163e-07 -9.1066520920e-14 -5.3347668432e-08 -4.6584677285e-14
d  2.2787320527e-03 1.5951123571e+00 -2.0000000000e-01 5.3381218921e-01 3.0000000000e+02 -2.3864350016e-07 9.1045001770e-14 5.3381219351e-08 2.3864347630e-07 -1.8526216288e-07 -9.1026048359e-14 -5.3381175828e-08 -4.6573499463e-14
d  2.2799585589e-03 1.5959709115e+00 -2.0000000000e-01 5.3421415914e-01 3.0000000000e+02 -2.4066870958e-07 9.0999252162e-14 5.3421416430e-08 2.4066868074e-07 -1.8724717956e-07 -9.0980299836e-14 -5.3421363638e-08 -4.6563486446e-14
d  2.2814303665e-03 1.5970011767e+00 -2.0000000000e-01 5.3469622298e-01 3.0000000000e+02 -2.4312191377e-07 9.0944558719e-14 5.3469622918e-08 2.4312187884e-07 -1.8965218257e-07 -9.0925607372e-14 -5.3469558793e-08 -4.6551505565e-14
d  2.2831965355e-03 1.5982374949e+00 -2.0000000000e-01 5.3527427292e-01 3.0000000000e+02 -2.4609911705e-07 9.0879671613e-14 5.3527428039e-08 2.4609907453e-07 -1.9257158737e-07 -9.0860724415e-14 -5.3527349768e-08 -4.6537328259e-14
d  2.2853159383e-03 1.5997210768e+00 -2.0000000000e-01 5.3596732771e-01 3.0000000000e+02 -2.4972033027e-07 9.0802785480e-14 5.3596733677e-08 2.4972027802e-07 -1.9612350348e-07 -9.0783850086e-14 -5.3596637229e-08 -4.6520578064e-14
d  2.2878592217e-03 1.6015013751e+00 -2.0000000000e-01 5.3679813784e-01 3.0000000000e+02 -2.5413665708e-07 9.0711901593e-14 5.3679814896e-08 2.5413659195e-07 -2.0045676040e-07 -9.0692990355e-14 -5.3679694365e-08 -4.6500848565e-14
d  2.2909111617e-03 1.6036377330e+00 -2.0000000000e-01 5.3779390472e-01 3.0000000000e+02 -2.5953993276e-07 9.0604787297e-14 5.3779391851e-08 2.5953985048e-07 -2.0576047428e-07 -9.0585912439e-14 -5.3779239131e-08 -4.6477695760e-14
d  2.2945734898e-03 1.6062013626e+00 -2.0000000000e-01 5.3898712916e-01 3.0000000000e+02 -2.6617600640e-07 9.0478502115e-14 5.3898712985e-08 2.6617600204e-07 -2.1227715992e-07 -9.0458548933e-14 -5.3898705213e-08 -4.6450178546e-14
d  2.2989682835e-03 1.6092777180e+00 -2.0000000000e-01 5.4041663847e-01 3.0000000000e+02 -2.7436340741e-07 9.0331133832e-14 5.4041663933e-08 2.7436340187e-07 -2.2032161122e-07 -9.0311182516e-14 -5.4041653921e-08 -4.6419084838e-14
d  2.3042420359e-03 1.6129693445e+00 -2.0000000000e-01 5.4212878132e-01 3.0000000000e+02 -2.8451990407e-07 9.0159613054e-14 5.4212878229e-08 2.8451989762e-07 -2.3030689461e-07 -9.0139658892e-14 -5.4212866491e-08 -4.6382698602e-14
d  2.3105705389e-03 1.6173992963e+00 -2.0000000000e-01 5.4417886796e-01 3.0000000000e+02 -2.9720098807e-07 8.9961374968e-14 5.4417886942e-08 2.9720097810e-07 -2.4278297329e-07 -8.9941432260e-14 -5.4417868527e-08 -4.6341220611e-14
d  2.3181647424e-03 1.6227152385e+00 -2.0000000000e-01 5.4663284290e-01 3.0000000000e+02 -3.1315644316e-07 8.9732047392e-14 5.4663284909e-08 3.1315639928e-07 -2.5849306094e-07 -8.9712250296e-14 -5.4663202325e-08 -4.6293917143e-14
d  2.3272777866e-03 1.6290943691e+00 -2.0000000000e-01 5.4956935157e-01 3.0000000000e+02 -3.3341587263e-07 8.9469891107e-14 5.4956937056e-08 3.3341573049e-07 -2.7845892724e-07 -8.9450409825e-14 -5.4956667558e-08 -4.6240821487e-14
d  2.3382134396e-03 1.6367493259e+00 -2.0000000000e-01 5.5308217001e-01 3.0000000000e+02 -3.5941959450e-07 8.9171956764e-14 5.5308219354e-08 3.5941940617e-07 -3.0411141051e-07 -8.9152492089e-14 -5.5307860320e-08 -4.6181725549e-14
d  2.3513362232e-03 1.6459352740e+00 -2.0000000000e-01 5.5728316067e-01 3.0000000000e+02 -3.9322395356e-07 8.8836112638e-14 5.5728319244e-08 3.9322367789e-07 -3.3749575238e-07 -8.8816714959e-14 -5.5727790581e-08 -4.6117230036e-14
d  2.3670835636e-03 1.6569584117e+00 -2.0000000000e-01 5.6230585318e-01 3.0000000000e+02 -4.3783036952e-07 8.8459959993e-14 5.6230588722e-08 4.3783004435e-07 -3.8159994870e-07 -8.8440497690e-14 -5.6229961164e-08 -4.6047742990e-14
d  2.3859803721e-03 1.6701861769e+00 -2.0000000000e-01 5.6830981564e-01 3.0000000000e+02 -4.9772485116e-07 8.8040911795e-14 5.6830984762e-08 4.9772450858e-07 -4.4089405548e-07 -8.8021332825e-14 -5.6830319099e-08 -4.5974316411e-14
d  2.4086565422e-03 1.6860594952e+00 -2.0000000000e-01 5.7548593437e-01 3.0000000000e+02 -5.7978257069e-07 8.7574023107e-14 5.7548596635e-08 5.7978217841e-07 -5.2223421619e-07 -8.7554374065e-14 -5.7547828773e-08 -4.5897879007e-14
d  2.4358679464e-03 1.7051074772e+00 -2.0000000000e-01 5.8406304029e-01 3.0000000000e+02 -6.9482270085e-07 8.7053963455e-14 5.8406304097e-08 6.9482269092e-07 -6.3641627317e-07 -8.7033969663e-14 -5.8406284898e-08 -4.5819824928e-14
d  2.4685216314e-03 1.7279650556e+00 -2.0000000000e-01 5.9431545297e-01 3.0000000000e+02 -8.6032566715e-07 8.6465783096e-14 5.9431545358e-08 8.6032565637e-07 -8.0089399987e-07 -8.6445787768e-14 -5.9431524311e-08 -4.5740555880e-14
d  2.5077060534e-03 1.7553941496e+00 -2.0000000000e-01 6.0657144045e-01 3.0000000000e+02 -1.1052587946e-06 8.5782184694e-14 6.0657144090e-08 1.1052587848e-06 -1.0446015286e-06 -8.5762187555e-14 -6.0657124783e-08 -4.5657984292e-14
d  2.5547273598e-03 1.7883090624e+00 -2.0000000000e-01 6.2122565352e-01 3.0000000000e+02 -1.4788069881e-06 8.4986047093e-14 6.2122565382e-08 1.4788069796e-06 -1.4166843004e-06 -8.4966048694e-14 -6.2122548716e-08 -4.5573805397e-14
d  2.6111529274e-03 1.8278069578e+00 -2.0000000000e-01 6.3873596583e-01 3.0000000000e+02 -2.0654270110e-06 8.3947946431e-14 6.3873596604e-08 2.0654270035e-06 -2.0015532925e-06 -8.3927947340e-14 -6.3873581589e-08 -4.5463613838e-14
d  2.6788636086e-03 1.8752044323e+00 -2.0000000000e-01 6.5963890392e-01 3.0000000000e+02 -3.0114572627e-06 8.2639634002e-14 6.5963890405e-08 3.0114572560e-06 -2.9454932511e-06 -8.2619634506e-14 -6.5963876889e-08 -4.5325562211e-14
d  2.7601164261e-03 1.9320814017e+00 -2.0000000000e-01 6.8454781718e-01 3.0000000000e+02 -4.5683647877e-06 8.0981212042e-14 6.8454781726e-08 4.5683647821e-06 -4.4999098854e-06 -8.0961212294e-14 -6.8454770581e-08 -4.5141613127e-14
d  2.8571430000e-03 2.0000000000e+00 -2.0000000000e-01 7.1400717484e-01 3.0000000000e+02 -7.1439207735e-06 7.8951009049e-14 7.1400717489e-08 7.1439207690e-06 -7.0725199369e-06 -7.8931009176e-14 -7.1400708201e-08 -4.4898620757e-14
d  2.9735748887e-03 2.0815023180e+00 -2.0000000000e-01 7.4890783329e-01 3.0000000000e+02 -1.1426375334e-05 7.6600813398e-14 7.4890783332e-08 1.1426375331e-05 -1.1351484434e-05 -7.6580813461e-14 -7.4890775777e-08 -4.4594170021e-14
d  3.1132931551e-03 2.1793050996e+00 -2.0000000000e-01 7.9015056008e-01 3.0000000000e+02 -1.8499078456e-05 7.4113709085e-14 7.9015056010e-08 1.8499078453e-05 -1.8420063284e-05 -7.4093709110e-14 -7.9015051103e-08 -4.4255358852e-14
d  3.2809550748e-03 2.2966684375e+00 -2.0000000000e-01 8.3889987301e-01 3.0000000000e+02 -3.0070167730e-05 7.1777527565e-14 8.3889987298e-08 3.0070167734e-05 -2.9986277621e-05 -7.1757527535e-14 -8.3889997389e-08 -4.3945907922e-14
d  3.4821493785e-03 2.4375044431e+00 -2.0000000000e-01 8.9684243564e-01 3.0000000000e+02 -4.8871674461e-05 6.9949423715e-14 8.9684243552e-08 4.8871674495e-05 -4.8781990060e-05 -6.9929423571e-14 -8.9684320732e-08 -4.3764837484e-14
d  3.5714290000e-03 2.5000001750e+00 -2.0000000000e-01 9.2256920450e-01 3.0000000000e+02 -5.9094692725e-05 6.9759418838e-14 9.2256920445e-08 5.9094692739e-05 -5.9002435673e-05 -6.9739418738e-14 -9.2256952080e-08 -4.3823549338e-14
d  3.6785645458e-03 2.5749950533e+00 -2.0000000000e-01 9.5353408098e-01 3.0000000000e+02 -7.3011120259e-05 6.9371185899e-14 9.5353408096e-08 7.3011120265e-05 -7.2915766730e-05 -6.9351185862e-14 -9.5353421798e-08 -4.3854182514e-14
d  3.8071272009e-03 2.6649889073e+00 -2.0000000000e-01 9.9103723233e-01 3.0000000000e+02 -9.2269618196e-05 6.9330562509e-14 9.9103723231e-08 9.2269618206e-05 -9.2170514347e-05 -6.9310562465e-14 -9.9103745792e-08 -4.4001210885e-14
d  3.9614023869e-03 2.7729815322e+00 -2.0000000000e-01 1.0368344725e+00 3.0000000000e+02 -1.1945345246e-04 6.9734313702e-14 1.0368344724e-07 1.1945345248e-04 -1.1934976888e-04 -6.9714313641e-14 -1.0368349239e-07 -4.4286773380e-14
d  4.1465326101e-03 2.9025726819e+00 -2.0000000000e-01 1.0931605501e+00 3.0000000000e+02 -1.5865948913e-04 7.0480150624e-14 1.0931605501e-07 1.5865948918e-04 -1.5855017290e-04 -7.0460150517e-14 -1.0931616962e-07 -4.4679224068e-14
d  4.2857140000e-03 2.9999996500e+00 -2.0000000000e-01 1.1367148174e+00 3.0000000000e+02 -1.9375763915e-04 7.1475619735e-14 1.1367148167e-07 1.9375763968e-04 -1.9364396698e-04 -7.1455618648e-14 -1.1367258309e-07 -4.5071935059e-14
d  4.4527316679e-03 3.1169120117e+00 -2.0000000000e-01 1.1906487804e+00 3.0000000000e+02 -2.4339836301e-04 7.2994165157e-14 1.1906487804e-07 2.4339836304e-04 -2.4327929799e-04 -7.2974165111e-14 -1.1906493938e-07 -4.5628564213e-14
d  4.6531528694e-03 3.2572068457e+00 -2.0000000000e-01 1.2576560749e+00 3.0000000000e+02 -3.1575016736e-04 7.4591706056e-14 1.2576560749e-07 3.1575016743e-04 -3.1562440158e-04 -7.4571705994e-14 -1.2576573023e-07 -4.6207916365e-14
d  4.8936583112e-03 3.4255606466e+00 -2.0000000000e-01 1.3413936800e+00 3.0000000000e+02 -4.2569721158e-04 7.6736190796e-14 1.3413936799e-07 4.2569721174e-04 -4.2556307194e-04 -7.6716190700e-14 -1.3413967023e-07 -4.6935051828e-14
d  5.0000000000e-03 3.4999998250e+00 -2.0000000000e-01 1.3794461377e+00 3.0000000000e+02 -4.8447217558e-04 7.7490209338e-14 1.3794461370e-07 4.8447217664e-04 -4.8433422994e-04 -7.7470208291e-14 -1.3794657698e-07 -4.7177334282e-14
d  5.1276100266e-03 3.5893268391e+00 -2.0000000000e-01 1.4266575834e+00 3.0000000000e+02 -5.6610725760e-04 8.0004435075e-14 1.4266575822e-07 5.6610726006e-04 -5.6596458978e-04 -7.9984433120e-14 -1.4267015216e-07 -4.7944943469e-14
d  5.2807420584e-03 3.6965192561e+00 -2.0000000000e-01 1.4847516553e+00 3.0000000000e+02 -6.8182905145e-04 8.1222901031e-14 1.4847516532e-07 6.8182905661e-04 -6.8168057229e-04 -8.1202898276e-14 -1.4848419082e-07 -4.8327539694e-14
d  5.4645004967e-03 3.8251501564e+00 -2.0000000000e-01 1.5558263319e+00 3.0000000000e+02 -8.5228549883e-04 8.2236149597e-14 1.5558263318e-07 8.5228549905e-04 -8.5212991590e-04 -8.2216149521e-14 -1.5558301242e-07 -4.8631477815e-14
d  5.6850106226e-03 3.9795072368e+00 -2.0000000000e-01 1.6425129278e+00 3.0000000000e+02 -1.1133166444e-03 8.3281638299e-14 1.6425129229e-07 1.1133166622e-03 -1.1131523803e-03 -8.3261634421e-14 -1.6428178991e-07 -4.8914819378e-14
d  5.7142860000e-03 4.0000000000e+00 -2.0000000000e-01 1.6540951806e+00 3.0000000000e+02 -1.1531663868e-03 8.3247457308e-14 1.6540951805e-07 1.1531663871e-03 -1.1530009770e-03 -8.3227457011e-14 -1.6540996223e-07 -4.8887844492e-14
d  5.7494164529e-03 4.0245913158e+00 -2.0000000000e-01 1.6680093265e+00 3.0000000000e+02 -1.2027087634e-03 8.3353655969e-14 1.6680093265e-07 1.2027087634e-03 -1.2025419624e-03 -8.3333655967e-14 -1.6680093658e-07 -4.8909029778e-14
d  5.7915729963e-03 4.0541008947e+00 -2.0000000000e-01 1.6847157316e+00 3.0000000000e+02 -1.2646611075e-03 8.3423513492e-14 1.6847157316e-07 1.2646611075e-03 -1.2644926358e-03 -8.3403513471e-14 -1.6847160863e-07 -4.8916995766e-14
d  5.8421608485e-03 4.0895123895e+00 -2.0000000000e-01 1.7046026929e+00 3.0000000000e+02 -1.3435805990e-03 8.2652369344e-14 1.7046027070e-07 1.3435805397e-03 -1.3434101805e-03 -8.2632416519e-14 -1.7035911619e-07 -4.8668019561e-14
d  5.9028662710e-03 4.1320061831e+00 -2.0000000000e-01 1.7281046726e+00 3.0000000000e+02 -1.4457705767e-03 8.1501654217e-14 1.7281046730e-07 1.4457705746e-03 -1.4455977676e-03 -8.1481655528e-14 -1.7280688042e-07 -4.8297831633e-14
d  5.9757127781e-03 4.1829987355e+00 -2.0000000000e-01 1.7566653210e+00 3.0000000000e+02 -1.5738219909e-03 8.3465319864e-14 1.7566653210e-07 1.5738219909e-03 -1.5736463242e-03 -8.3445319839e-14 -1.7566662087e-07 -4.8853538840e-14
d  6.0631285866e-03 4.2441897984e+00 -2.0000000000e-01 1.7910419283e+00 3.0000000000e+02 -1.7367379298e-03 8.3522511609e-14 1.7910419284e-07 1.7367379296e-03 -1.7365588257e-03 -8.3502511717e-14 -1.7910370222e-07 -4.8824968472e-14
d  6.1680275568e-03 4.3176190739e+00 -2.0000000000e-01 1.8319058081e+00 3.0000000000e+02 -1.9474526534e-03 8.2742885890e-14 1.8319058081e-07 1.9474526534e-03 -1.9472694627e-03 -8.2722885890e-14 -1.8319058158e-07 -4.8525533760e-14
d  6.2939063211e-03 4.4057342045e+00 -2.0000000000e-01 1.8802805263e+00 3.0000000000e+02 -2.2194961270e-03 8.2108052892e-14 1.8802805263e-07 2.2194961270e-03 -2.2193080988e-03 -8.2088052891e-14 -1.8802805598e-07 -4.8247076776e-14
d  6.4449608382e-03 4.5114723611e+00 -2.0000000000e-01 1.9388127642e+00 3.0000000000e+02 -2.5804313759e-03 8.3853625511e-14 1.9388127642e-07 2.5804313759e-03 -2.5802374945e-03 -8.3833625509e-14 -1.9388128894e-07 -4.8654990764e-14
d  6.6262262587e-03 4.6383581492e+00 -2.0000000000e-01 2.0097306678e+00 3.0000000000e+02 -3.0604352134e-03 8.5105405117e-14 2.0097306678e-07 3.0604352135e-03 -3.0602342402e-03 -8.5085405114e-14 -2.0097310655e-07 -4.8885382993e-14
d  6.8437447633e-03 4.7906210948e+00 -2.0000000000e-01 2.0912151485e+00 3.0000000000e+02 -3.6626694780e-03 8.1212198075e-14 2.0912151485e-07 3.6626694780e-03 -3.6624603563e-03 -8.1192198075e-14 -2.0912152009e-07 -4.7557269373e-14
d  7.1047669688e-03 4.9733366295e+00 -2.0000000000e-01 2.1833495007e+00 3.0000000000e+02 -4.3960772510e-03 7.7952846087e-14 2.1833495007e-07 4.3960772510e-03 -4.3958589159e-03 -7.7932846086e-14 -2.1833496967e-07 -4.6394240889e-14
d  7.1428570000e-03 4.9999996500e+00 -2.0000000000e-01 2.1962472685e+00 3.0000000000e+02 -4.5023938002e-03 7.7308781223e-14 2.1962472685e-07 4.5023938002e-03 -4.5021741754e-03 -7.7288781217e-14 -2.1962474868e-07 -4.6180588595e-14
d  7.1885650374e-03 5.0319952746e+00 -2.0000000000e-01 2.2115455828e+00 3.0000000000e+02 -4.6294046279e-03 7.6733334141e-14 2.2115455828e-07 4.6294046279e-03 -4.6291834732e-03 -7.6713334131e-14 -2.2115459256e-07 -4.5978042506e-14
d  7.2434146823e-03 5.0703900241e+00 -2.0000000000e-01 2.2296377388e+00 3.0000000000e+02 -4.7809209266e-03 7.5994916443e-14 2.2296377388e-07 4.7809209266e-03 -4.7806979627e-03 -7.5974916438e-14 -2.2296379416e-07 -4.5720753800e-14
d  7.3092342562e-03 5.1164637235e+00 -2.0000000000e-01 2.2509658290e+00 3.0000000000e+02 -4.9612580319e-03 7.5120020345e-14 2.2509658290e-07 4.9612580319e-03 -4.9610329352e-03 -7.5100020342e-14 -2.2509659532e-07 -4.5416044643e-14
d  7.3882177448e-03 5.1717521628e+00 -2.0000000000e-01 2.2760019652e+00 3.0000000000e+02 -5.1753380627e-03 7.4046179250e-14 2.2760019652e-07 5.1753380627e-03 -5.1751104624e-03 -7.4026179248e-14 -2.2760020989e-07 -4.5043542515e-14
d  7.4829979312e-03 5.2380982899e+00 -2.0000000000e-01 2.3052659289e+00 3.0000000000e+02 -5.4283297651e-03 7.2821371277e-14 2.3052659289e-07 5.4283297652e-03 -5.4280992384e-03 -7.2801371274e-14 -2.3052661069e-07 -4.4617076336e-14
d  7.5967341548e-03 5.3177136425e+00 -2.0000000000e-01 2.3383291153e+00 3.0000000000e+02 -5.7322695231e-03 6.9347243627e-14 2.3383291153e-07 5.7322695231e-03 -5.7320356900e-03 -6.9327243626e-14 -2.3383292039e-07 -4.3472591593e-14
d  7.7332176232e-03 5.4132520656e+00 -2.0000000000e-01 2.3752184339e+00 3.0000000000e+02 -6.0952498427e-03 6.6207532744e-14 2.3752184339e-07 6.0952498427e-03 -6.0950123208e-03 -6.6187532743e-14 -2.3752185525e-07 -4.2416653956e-14
d  7.8969977852e-03 5.5278981733e+00 -2.0000000000e-01 2.4174975337e+00 3.0000000000e+02 -6.5154691497e-03 6.5342512811e-14 2.4174975337e-07 6.5154691497e-03 -6.5152273998e-03 -6.5322512811e-14 -2.4174975906e-07 -4.2060312998e-14
d  8.0935339797e-03 5.6654735025e+00 -2.0000000000e-01 2.4656584795e+00 3.0000000000e+02 -6.9985031411e-03 6.3618151860e-14 2.4656584795e-07 6.9985031411e-03 -6.9982565751e-03 -6.3598151859e-14 -2.4656585591e-07 -4.1410887008e-14
d  8.3293774131e-03 5.8305638976e+00 -2.0000000000e-01 2.5202249082e+00 3.0000000000e+02 -7.5499286936e-03 6.1925341767e-14 2.5202249082e-07 7.5499286936e-03 -7.5496766710e-03 -6.1905341767e-14 -2.5202249507e-07 -4.0746769308e-14
d  8.5714290000e-03 6.0000000000e+00 -2.0000000000e-01 2.5731892419e+00 3.0000000000e+02 -8.0874904862e-03 6.0676097113e-14 2.5731892419e-07 8.0874904862e-03 -8.0872331672e-03 -6.0656097112e-14 -2.5731892917e-07 -4.0209359590e-14
d  8.8618909043e-03 5.7966767246e+00 -2.0000000000e-01 2.5092825163e+00 3.0000000000e+02 -7.4390975542e-03 -1.2854036441e-13 2.5092825163e-07 7.4390975542e-03 -7.4388466262e-03 1.2856036441e-13 -2.5092824711e-07 8.4788811212e-14
d  9.2104451895e-03 5.5526887941e+00 -2.0000000000e-01 2.4263743404e+00 3.0000000000e+02 -6.6041831751e-03 -6.4750420222e-14 2.4263743404e-07 6.6041831751e-03 -6.6039405378e-03 6.4770420222e-14 -2.4263743005e-07 4.1870642184e-14
d  9.5060793467e-03 5.3457449427e+00 -2.0000000000e-01 2.3493160938e+00 3.0000000000e+02 -5.8399929445e-03 -6.7847575341e-14 2.3493160938e-07 5.8399929445e-03 -5.8397580130e-03 6.7867575341e-14 -2.3493160209e-07 4.2996681667e-14
d  9.8608403353e-03 5.0974123210e+00 -2.0000000000e-01 2.2421970963e+00 3.0000000000e+02 -4.8868955981e-03 -7.5574528680e-14 2.2421970963e-07 4.8868955981e-03 -4.8866713785e-03 7.5594528680e-14 -2.2421971683e-07 4.5590689232e-14
d  1.0000000000e-02 5.0000005833e+00 -2.0000000000e-01 2.1962477171e+00 3.0000000000e+02 -4.5023975502e-03 -7.7488347364e-14 2.1962477171e-07 4.5023975502e-03 -4.5021779255e-03 7.7508347361e-14 -2.1962474252e-07 4.6248653552e-14
d  1.0166991598e-02 4.8831064981e+00 -2.0000000000e-01 2.1386501736e+00 3.0000000000e+02 -4.0342327682e-03 -7.9478918944e-14 2.1386501736e-07 4.0342327682e-03 -4.0340189033e-03 7.9498918943e-14 -2.1386500207e-07 4.6955389560e-14
d  1.0367381515e-02 4.7428335958e+00 -2.0000000000e-01 2.0661173012e+00 3.0000000000e+02 -3.4719644353e-03 -8.1917237617e-14 2.0661173012e-07 3.4719644353e-03 -3.4717578237e-03 8.1937237616e-14 -2.0661171725e-07 4.7828104325e-14
d  1.0607849415e-02 4.5745061131e+00 -2.0000000000e-01 1.9743324766e+00 3.0000000000e+02 -2.8153379191e-03 -8.4653383035e-14 1.9743324766e-07 2.8153379191e-03 -2.8151404860e-03 8.4673383035e-14 -1.9743324627e-07 4.8831335479e-14
d  1.0896410896e-02 4.3725131338e+00 -2.0000000000e-01 1.8621444768e+00 3.0000000000e+02 -2.1146532848e-03 -8.3767118173e-14 1.8621444768e-07 2.1146532848e-03 -2.1144670705e-03 8.3787118173e-14 -1.8621444294e-07 4.8790093983e-14
d  1.1242684673e-02 4.1301215587e+00 -2.0000000000e-01 1.7270457431e+00 3.0000000000e+02 -1.4412113665e-03 -8.2545370340e-14 1.7270457429e-07 1.4412113672e-03 -1.4410386615e-03 8.2565370425e-14 -1.7270589340e-07 4.8649757091e-14
d  1.1428570000e-02 4.0000018667e+00 -2.0000000000e-01 1.6540962350e+00 3.0000000000e+02 -1.1531701189e-03 -8.2691333476e-14 1.6540962349e-07 1.1531701192e-03 -1.1530047092e-03 8.2711333537e-14 -1.6541010721e-07 4.8746680738e-14
d  1.1651632392e-02 3.8438582362e+00 -2.0000000000e-01 1.5662628869e+00 3.0000000000e+02 -8.8043356766e-04 -8.2781663356e-14 1.5662628868e-07 8.8043356768e-04 -8.8027694148e-04 8.2801663363e-14 -1.5662633682e-07 4.8810287804e-14
d  1.1919307263e-02 3.6564858797e+00 -2.0000000000e-01 1.4628910690e+00 3.0000000000e+02 -6.3611896230e-04 -8.0753286035e-14 1.4628910681e-07 6.3611896432e-04 -6.3597267177e-04 8.0773286704e-14 -1.4629267765e-07 4.8205910415e-14
d  1.2142860000e-02 3.4999990083e+00 -2.0000000000e-01 1.3794457107e+00 3.0000000000e+02 -4.8447151025e-04 -7.8517794321e-14 1.3794457105e-07 4.8447151062e-04 -4.8433356550e-04 7.8537794510e-14 -1.3794523938e-07 4.7499910675e-14
d  1.2411123284e-02 3.3122147627e+00 -2.0000000000e-01 1.2846247958e+00 3.0000000000e+02 -3.4859612321e-04 -7.4751989111e-14 1.2846247954e-07 3.4859612370e-04 -3.4846766040e-04 7.4771989434e-14 -1.2846342110e-07 4.6305236730e-14
d  1.2733039225e-02 3.0868736678e+00 -2.0000000000e-01 1.1766281347e+00 3.0000000000e+02 -2.2979998571e-04 -7.2550415761e-14 1.1766281347e-07 2.2979998573e-04 -2.2968232299e-04 7.2570415779e-14 -1.1766285871e-07 4.5498897995e-14
d  1.2857140000e-02 3.0000031500e+00 -2.0000000000e-01 1.1367163975e+00 3.0000000000e+02 -1.9375901442e-04 -7.1617490536e-14 1.1367163968e-07 1.9375901490e-04 -1.9364534238e-04 7.1637491518e-14 -1.1367263137e-07 4.5125846420e-14
d  1.3006060930e-02 2.8957585286e+00 -2.0000000000e-01 1.0901600552e+00 3.0000000000e+02 -1.5639975817e-04 -7.0406420685e-14 1.0901600547e-07 1.5639975848e-04 -1.5629074193e-04 7.0426421452e-14 -1.0901665928e-07 4.4654186068e-14
d  1.3184766046e-02 2.7706649829e+00 -2.0000000000e-01 1.0358419929e+00 3.0000000000e+02 -1.1882070732e-04 -6.9623780383e-14 1.0358419928e-07 1.1882070735e-04 -1.1871712321e-04 6.9643780449e-14 -1.0358425473e-07 4.4266492071e-14
d  1.3399212185e-02 2.6205527281e+00 -2.0000000000e-01 9.7244402048e-01 3.0000000000e+02 -8.2388943032e-05 -6.9223123239e-14 9.7244402041e-08 8.2388943058e-05 -8.2291698710e-05 6.9243123313e-14 -9.7244461058e-08 4.3912751755e-14
d  1.3571430000e-02 2.5000002917e+00 -2.0000000000e-01 9.2256922867e-01 3.0000000000e+02 -5.9094728715e-05 -6.9471661125e-14 9.2256922854e-08 5.9094728757e-05 -5.9002471851e-05 6.9491661297e-14 -9.2257018485e-08 4.3757625414e-14
d  1.3778091378e-02 2.3553373680e+00 -2.0000000000e-01 8.6307437350e-01 3.0000000000e+02 -3.7220798150e-05 -7.0850910018e-14 8.6307437344e-08 3.7220798166e-05 -3.7134490807e-05 7.0870910095e-14 -8.6307473041e-08 4.3837113162e-14
d  1.4026085032e-02 2.1817418595e+00 -2.0000000000e-01 7.9117003564e-01 3.0000000000e+02 -1.8704127658e-05 -7.3658220131e-14 7.9117002917e-08 1.8704128705e-05 -1.8625009488e-05 7.3678226619e-14 -7.9119334880e-08 4.4164939161e-14
d  1.4285710000e-02 2.0000044333e+00 -2.0000000000e-01 7.1400899617e-01 3.0000000000e+02 -7.1441354060e-06 -7.8422793632e-14 7.1400897790e-08 7.1441370273e-06 -7.0727327857e-06 7.8442810828e-14 -7.1404364873e-08 4.4829500798e-14
d  1.4394334837e-02 1.9239670691e+00 -2.0000000000e-01 6.8100669253e-01 3.0000000000e+02 -4.3150315727e-06 -8.1098883368e-14 6.8100669209e-08 4.3150316001e-06 -4.2469309992e-06 8.1118884219e-14 -6.8100727246e-08 4.5166510682e-14
d  1.4524684641e-02 1.8327222321e+00 -2.0000000000e-01 6.4090912279e-01 3.0000000000e+02 -2.1504682131e-06 -8.3811409531e-14 6.4090911246e-08 2.1504685951e-06 -2.0863770296e-06 8.3831429305e-14 -6.4091694865e-08 4.5463355013e-14
d  1.4602894523e-02 1.7779753299e+00 -2.0000000000e-01 6.1663066175e-01 3.0000000000e+02 -1.3512485943e-06 -8.5239744149e-14 6.1663065305e-08 1.3512488149e-06 -1.2895854345e-06 8.5259768806e-14 -6.1663511264e-08 4.5606994722e-14
d  1.4696746382e-02 1.7122790473e+00 -2.0000000000e-01 5.8728346812e-01 3.0000000000e+02 -7.4334499775e-07 -8.6841763121e-14 5.8728343768e-08 7.4334546173e-07 -6.8461633200e-07 8.6861843853e-14 -5.8729262380e-08 4.5787140465e-14
d  1.4753057498e-02 1.6728612777e+00 -2.0000000000e-01 5.6952039403e-01 3.0000000000e+02 -5.1076529224e-07 -8.7880360153e-14 5.6952034668e-08 5.1076581095e-07 -4.5381289989e-07 8.7900546311e-14 -5.6953044898e-08 4.5944204599e-14
d  1.4820630836e-02 1.6255599541e+00 -2.0000000000e-01 5.4794193437e-01 3.0000000000e+02 -3.2206077604e-07 -8.9441648733e-14 5.4794198329e-08 3.2206042145e-07 -2.6726703030e-07 8.9461468526e-14 -5.4793526845e-08 4.6229268245e-14
d  1.4861174839e-02 1.5971791600e+00 -2.0000000000e-01 5.3477726973e-01 3.0000000000e+02 -2.4357317480e-07 -9.0771215234e-14 5.3477716661e-08 2.4357375460e-07 -1.9009510060e-07 9.0791779162e-14 -5.3478791308e-08 4.6515473137e-14
d  1.4909827643e-02 1.5631222071e+00 -2.0000000000e-01 5.1864462334e-01 3.0000000000e+02 -1.7444067176e-07 -9.2822677767e-14 5.1864461380e-08 1.7444071114e-07 -1.2257631880e-07 9.2842726723e-14 -5.1864532163e-08 4.6977631573e-14
d  1.4939019325e-02 1.5426880353e+00 -2.0000000000e-01 5.0872174412e-01 3.0000000000e+02 -1.4317909722e-07 -9.4569058765e-14 5.0872173370e-08 1.4317913314e-07 -9.2307038860e-08 9.4589138333e-14 -5.0872236257e-08 4.7386531511e-14
d  1.4956534334e-02 1.5304275323e+00 -2.0000000000e-01 5.0265561002e-01 3.0000000000e+02 -1.2740544239e-07 -9.5861896408e-14 5.0265562589e-08 1.2740539284e-07 -7.7140058252e-08 9.5881693857e-14 -5.0265478160e-08 4.7688612370e-14
d  1.4977552346e-02 1.5157149286e+00 -2.0000000000e-01 4.9524451726e-01 3.0000000000e+02 -1.1101833345e-07 -9.7541632184e-14 4.9524449356e-08 1.1101839833e-07 -6.1493985981e-08 9.7561916583e-14 -4.9524557983e-08 4.8076136238e-14
d  1.5000000000e-02 1.5000015750e+00 -2.0000000000e-01 4.8714659759e-01 3.0000000000e+02 -9.6186042438e-08 -9.9663833798e-14 4.8714652386e-08 9.6186219682e-08 -4.7471427381e-08 9.9684651800e-14 -4.8714940539e-08 4.8553572857e-14
d  1.5013468593e-02 1.4905735628e+00 -2.0000000000e-01 4.8218618346e-01 3.0000000000e+02 -8.8446583466e-08 -1.0122501633e-13 4.8218621492e-08 8.8446513209e-08 -4.0228153621e-08 1.0124448603e-13 -4.8218509718e-08 4.8887299510e-14
d  1.5029630904e-02 1.4792599482e+00 -2.0000000000e-01 4.7612449779e-01 3.0000000000e+02 -8.0171914556e-08 -1.0328565772e-13 4.7612449107e-08 8.0171928092e-08 -3.2559610179e-08 1.0330576477e-13 -4.7612470526e-08 4.9306326639e-14
d  1.5039328291e-02 1.4724717794e+00 -2.0000000000e-01 4.7242821711e-01 3.0000000000e+02 -7.5686648739e-08 -1.0473856432e-13 4.7242816844e-08 7.5686742622e-08 -2.8443935159e-08 1.0475972244e-13 -4.7242961796e-08 4.9573286120e-14
d  1.5050965155e-02 1.4643259769e+00 -2.0000000000e-01 4.6793443819e-01 3.0000000000e+02 -7.0731216431e-08 -1.0664831159e-13 4.6793445161e-08 7.0731191895e-08 -2.3937940329e-08 1.0666800834e-13 -4.6793408123e-08 4.9890925833e-14
d  1.5057947273e-02 1.4594384954e+00 -2.0000000000e-01 4.6520914945e-01 3.0000000000e+02 -6.7962063140e-08 -1.0798881121e-13 4.6520912054e-08 6.7962113632e-08 -2.1441283342e-08 1.0800978820e-13 -4.6520988381e-08 5.0079480356e-14
d  1.5066325815e-02 1.4535735176e+00 -2.0000000000e-01 4.6191371930e-01 3.0000000000e+02 -6.4820602794e-08 -1.0976448843e-13 4.6191374322e-08 6.4820562536e-08 -1.8629408269e-08 1.0978371863e-13 -4.6191314337e-08 5.0288826123e-14
d  1.5076380066e-02 1.4465355442e+00 -2.0000000000e-01 4.5793289384e-01 3.0000000000e+02 -6.1279501481e-08 -1.1231216903e-13 4.5793290715e-08 6.1279480125e-08 -1.5486383863e-08 1.1233180068e-13 -4.5793259101e-08 5.0506020616e-14
d  1.5082412616e-02 1.4423127602e+00 -2.0000000000e-01 4.5553915691e-01 3.0000000000e+02 -5.9254157128e-08 -1.1436847038e-13 4.5553914343e-08 5.9254177824e-08 -1.3700397443e-08 1.1438903545e-13 -4.5553945358e-08 5.0587163743e-14
d  1.5089651676e-02 1.4372454194e+00 -2.0000000000e-01 4.5267743479e-01 3.0000000000e+02 -5.6893034180e-08 -1.1747864463e-13 4.5267742768e-08 5.6893044630e-08 -1.1625454094e-08 1.1749893644e-13 -4.5267758645e-08 5.0611786926e-14
d  1.5098338549e-02 1.4311646104e+00 -2.0000000000e-01 4.4930153450e-01 3.0000000000e+02 -5.4094830930e-08 -1.2324039116e-13 4.4930154788e-08 5.4094811748e-08 -9.1648596514e-09 1.2325989030e-13 -4.4930125813e-08 5.0457298182e-14
d  1.5103550672e-02 1.4275161250e+00 -2.0000000000e-01 4.4734366826e-01 3.0000000000e+02 -5.2383865935e-08 -1.3017916765e-13 4.4734365769e-08 5.2383880393e-08 -7.6496728190e-09 1.3019978451e-13 -4.4734387931e-08 5.0155335866e-14
d  1.5106677946e-02 1.4253270337e+00 -2.0000000000e-01 4.4620977815e-01 3.0000000000e+02 -5.1325228190e-08 -1.3736872870e-13 4.4620976591e-08 5.1325244624e-08 -6.7044311972e-09 1.3738989760e-13 -4.4621000727e-08 4.9912031643e-14
d  1.5108554311e-02 1.4240135790e+00 -2.0000000000e-01 4.4554827932e-01 3.0000000000e+02 -5.0673811023e-08 -1.4337235093e-13 4.4554826515e-08 5.0673829811e-08 -6.1191705353e-09 1.4339445168e-13 -4.4554852462e-08 4.9796282920e-14
d  1.5110805948e-02 1.4224374333e+00 -2.0000000000e-01 4.4477672740e-01 3.0000000000e+02 -4.9872116483e-08 -1.5216005380e-13 4.4477674554e-08 4.9872092452e-08 -5.3946518314e-09 1.5217751667e-13 -4.4477642485e-08 4.9691576176e-14
d  1.5112156931e-02 1.4214917459e+00 -2.0000000000e-01 4.4432332341e-01 3.0000000000e+02 -4.9383950201e-08 -1.5881432485e-13 4.4432332697e-08 4.9383945416e-08 -4.9518272364e-09 1.5883364418e-13 -4.4432326830e-08 4.9804899225e-14
d  1.5112967520e-02 1.4209243334e+00 -2.0000000000e-01 4.4405364415e-01 3.0000000000e+02 -4.9090018101e-08 -1.6330326796e-13 4.4405364732e-08 4.9090013885e-08 -4.6848673260e-09 1.6332234961e-13 -4.4405359829e-08 4.9945523497e-14
d  1.5113940227e-02 1.4202434385e+00 -2.0000000000e-01 4.4373156631e-01 3.0000000000e+02 -4.8737408063e-08 -1.6890928685e-13 4.4373157524e-08 4.8737396492e-08 -4.3644717765e-09 1.6892686214e-13 -4.4373143783e-08 5.0137484054e-14
d  1.5115107476e-02 1.4194263646e+00 -2.0000000000e-01 4.4334541872e-01 3.0000000000e+02 -4.8316927333e-08 -1.7610134238e-13 4.4334542270e-08 4.8316922130e-08 -3.9826125052e-09 1.7612043168e-13 -4.4334536231e-08 5.0477220722e-14
d  1.5115807825e-02 1.4189361202e+00 -2.0000000000e-01 4.4311278696e-01 3.0000000000e+02 -4.8067495206e-08 -1.8076319755e-13 4.4311278858e-08 4.8067493025e-08 -3.7564480677e-09 1.8078268074e-13 -4.4311276516e-08 5.0772246302e-14
d  1.5116648245e-02 1.4183478270e+00 -2.0000000000e-01 4.4283174345e-01 3.0000000000e+02 -4.7772232979e-08 -1.8655125677e-13 4.4283175365e-08 4.7772220045e-08 -3.4892972535e-09 1.8656821199e-13 -4.4283160519e-08 5.1158012818e-14
d  1.5117152496e-02 1.4179948510e+00 -2.0000000000e-01 4.4266177028e-01 3.0000000000e+02 -4.7597645674e-08 -1.9020991562e-13 4.4266177133e-08 4.7597644225e-08 -3.3317102285e-09 1.9022946904e-13 -4.4266175679e-08 5.1429655194e-14
d  1.5117757598e-02 1.4175712799e+00 -2.0000000000e-01 4.4245623002e-01 3.0000000000e+02 -4.7390976774e-08 -1.9481926838e-13 4.4245623185e-08 4.7390974365e-08 -3.1456003243e-09 1.9483854109e-13 -4.4245620639e-08 5.1764499109e-14
d  1.5118483720e-02 1.4170629946e+00 -2.0000000000e-01 4.4220710727e-01 3.0000000000e+02 -4.7147289483e-08 -2.0071251410e-13 4.4220710849e-08 4.7147287839e-08 -2.9268315933e-09 2.0073210828e-13 -4.4220709178e-08 5.2195539287e-14
d  1.5118919393e-02 1.4167580234e+00 -2.0000000000e-01 4.4205621751e-01 3.0000000000e+02 -4.7003469776e-08 -2.0456055378e-13 4.4205621653e-08 4.7003470823e-08 -2.7981048470e-09 2.0458101969e-13 -4.4205623041e-08 5.2481247420e-14
d  1.5119442201e-02 1.4163920579e+00 -2.0000000000e-01 4.4187373822e-01 3.0000000000e+02 -4.6833250799e-08 -2.0949035034e-13 4.4187374048e-08 4.6833247898e-08 -2.6461392508e-09 2.0950933502e-13 -4.4187370980e-08 5.2829400212e-14
d  1.5120069571e-02 1.4159528994e+00 -2.0000000000e-01 4.4165276246e-01 3.0000000000e+02 -4.6632323219e-08 -2.1594413342e-13 4.4165276171e-08 4.6632324000e-08 -2.4673159914e-09 2.1596441853e-13 -4.4165277255e-08 5.3269935788e-14
d  1.5120445992e-02 1.4156894042e+00 -2.0000000000e-01 4.4151908053e-01 3.0000000000e+02 -4.6513559135e-08 -2.2022056001e-13 4.4151908001e-08 4.6513559627e-08 -2.3619246667e-09 2.2024084673e-13 -4.4151908755e-08 5.3559773839e-14
d  1.5120897698e-02 1.4153732101e+00 -2.0000000000e-01 4.4135759977e-01 3.0000000000e+02 -4.6372776862e-08 -2.2569203635e-13 4.4135760445e-08 4.6372771085e-08 -2.2372965217e-09 2.2570964457e-13 -4.4135754184e-08 5.3915391277e-14
d  1.5121168722e-02 1.4151834936e+00 -2.0000000000e-01 4.4126013421e-01 3.0000000000e+02 -4.6289236432e-08 -2.2914687728e-13 4.4126013240e-08 4.6289238446e-08 -2.1635061340e-09 2.2916823132e-13 -4.4126015687e-08 5.4144835575e-14
d  1.5121493950e-02 1.4149558338e+00 -2.0000000000e-01 4.4114260726e-01 3.0000000000e+02 -4.6189899311e-08 -2.3368829018e-13 4.4114260574e-08 4.6189900974e-08 -2.0759264051e-09 2.3370935261e-13 -4.4114262629e-08 5.4429559895e-14
d  1.5121884224e-02 1.4146826421e+00 -2.0000000000e-01 4.4100074438e-01 3.0000000000e+02 -4.6072013890e-08 -2.3926588888e-13 4.4100074571e-08 4.6072012159e-08 -1.9722333588e-09 2.3928510857e-13 -4.4100072845e-08 5.4782462029e-14
d  1.5122118389e-02 1.4145187270e+00 -2.0000000000e-01 4.4091515956e-01 3.0000000000e+02 -4.6002010630e-08 -2.4275259209e-13 4.4091515966e-08 4.6002010373e-08 -1.9107923382e-09 2.4277250757e-13 -4.4091515882e-08 5.5009423576e-14
d  1.5122399386e-02 1.4143220290e+00 -2.0000000000e-01 4.4081197830e-01 3.0000000000e+02 -4.5918746143e-08 -2.4729603476e-13 4.4081197840e-08 4.5918745893e-08 -1.8378506820e-09 2.4731596076e-13 -4.4081197764e-08 5.5295836891e-14
d  1.5122736583e-02 1.4140859913e+00 -2.0000000000e-01 4.4068743676e-01 3.0000000000e+02 -4.5819931084e-08 -2.5277266203e-13 4.4068743599e-08 4.5819931852e-08 -1.7514956646e-09 2.5279317971e-13 -4.4068744652e-08 5.5647267006e-14
d  1.5123141219e-02 1.4138027461e+00 -2.0000000000e-01 4.4053685934e-01 3.0000000000e+02 -4.5703038526e-08 -2.5975850431e-13 4.4053685895e-08 4.5703038841e-08 -1.6496682997e-09 2.5977872106e-13 -4.4053686445e-08 5.6098936913e-14
d  1.5123384001e-02 1.4136327990e+00 -2.0000000000e-01 4.4044585888e-01 3.0000000000e+02 -4.5633858971e-08 -2.6417039484e-13 4.4044585881e-08 4.5633858912e-08 -1.5895934660e-09 2.6419045306e-13 -4.4044586017e-08 5.6393486090e-14
d  1.5123675339e-02 1.4134288624e+00 -2.0000000000e-01 4.4033596248e-01 3.0000000000e+02 -4.5551848653e-08 -2.6953145197e-13 4.4033596008e-08 4.5551851312e-08 -1.5185784731e-09 2.6955330513e-13 -4.4033599150e-08 5.6753465981e-14
d  1.5124024944e-02 1.4131841386e+00 -2.0000000000e-01 4.4020300780e-01 3.0000000000e+02 -4.5454973219e-08 -2.7614935219e-13 4.4020300767e-08 4.5454973222e-08 -1.4350056451e-09 2.7616943166e-13 -4.4020300971e-08 5.7202848056e-14
d  1.5124234708e-02 1.4130373043e+00 -2.0000000000e-01 4.4012262147e-01 3.0000000000e+02 -4.5397708133e-08 -2.8026734474e-13 4.4012262134e-08 4.5397708148e-08 -1.3857835659e-09 2.8028747387e-13 -4.4012262351e-08 5.7492039680e-14
d  1.5124486424e-02 1.4128611031e+00 -2.0000000000e-01 4.4002551137e-01 3.0000000000e+02 -4.5329889259e-08 -2.8521515970e-13 4.4002550903e-08 4.5329891814e-08 -1.3276809735e-09 2.8523723797e-13 -4.4002553925e-08 5.7842173871e-14
d  1.5124788483e-02 1.4126496617e+00 -2.0000000000e-01 4.3990799047e-01 3.0000000000e+02 -4.5249868256e-08 -2.9124579387e-13 4.3990799039e-08 4.5249868214e-08 -1.2594185765e-09 2.9126585737e-13 -4.3990799192e-08 5.8273999686e-14
d  1.5124969719e-02 1.4125227968e+00 -2.0000000000e-01 4.3983692839e-01 3.0000000000e+02 -4.5202604492e-08 -2.9493584805e-13 4.3983692826e-08 4.5202604505e-08 -1.2192649675e-09 2.9495599658e-13 -4.3983693040e-08 5.8546442689e-14
d  1.5125187201e-02 1.4123705590e+00 -2.0000000000e-01 4.3975108348e-01 3.0000000000e+02 -4.5146661205e-08 -2.9936188587e-13 4.3975108197e-08 4.5146662800e-08 -1.1719109035e-09 2.9938344718e-13 -4.3975110156e-08 5.8875240130e-14
d  1.5125448180e-02 1.4121878736e+00 -2.0000000000e-01 4.3964721078e-01 3.0000000000e+02 -4.5080685331e-08 -3.0468961721e-13 4.3964720984e-08 4.5080686265e-08 -1.1163280483e-09 3.0471041774e-13 -4.3964722213e-08 5.9276449894e-14
d  1.5125761355e-02 1.4119686512e+00 -2.0000000000e-01 4.3952126314e-01 3.0000000000e+02 -4.5003251462e-08 -3.1110129643e-13 4.3952126295e-08 4.5003251544e-08 -1.0514958693e-09 3.1112143418e-13 -4.3952126585e-08 5.9770539364e-14
d  1.5125949260e-02 1.4118371177e+00 -2.0000000000e-01 4.3944498354e-01 3.0000000000e+02 -4.4957734503e-08 -3.1496827297e-13 4.3944498224e-08 4.4957735836e-08 -1.0136110110e-09 3.1498964348e-13 -4.3944499892e-08 6.0075898151e-14
d  1.5126174746e-02 1.4116792775e+00 -2.0000000000e-01 4.3935271746e-01 3.0000000000e+02 -4.4904079160e-08 -3.1955215688e-13 4.3935271717e-08 4.4904079351e-08 -9.6918724576e-10 3.1957244526e-13 -4.3935272127e-08 6.0441210890e-14
d  1.5126445330e-02 1.4114898693e+00 -2.0000000000e-01 4.3924091012e-01 3.0000000000e+02 -4.4841122033e-08 -3.2501342278e-13 4.3924090916e-08 4.4841122996e-08 -9.1741674439e-10 3.2503421690e-13 -4.3924092174e-08 6.0886103311e-14
d  1.5126607680e-02 1.4113762244e+00 -2.0000000000e-01 4.3917324090e-01 3.0000000000e+02 -4.4804112763e-08 -3.2822467214e-13 4.3917324017e-08 4.4804113442e-08 -8.8717790474e-10 3.2824556369e-13 -4.3917324964e-08 6.1153606626e-14
d  1.5126802499e-02 1.4112398505e+00 -2.0000000000e-01 4.3909144416e-01 3.0000000000e+02 -4.4760475189e-08 -3.3208050566e-13 4.3909144405e-08 4.4760475174e-08 -8.5172416088e-10 3.3210063305e-13 -4.3909144587e-08 6.1477268884e-14
d  1.5127036283e-02 1.4110762018e+00 -2.0000000000e-01 4.3899241458e-01 3.0000000000e+02 -4.4709244157e-08 -3.3657901484e-13 4.3899241039e-08 4.4709248789e-08 -8.1040092905e-10 3.3660301622e-13 -4.3899246328e-08 6.1865455258e-14
d  1.5127316824e-02 1.4108798234e+00 -2.0000000000e-01 4.3887229402e-01 3.0000000000e+02 -4.4649429817e-08 -3.4174761588e-13 4.3887229387e-08 4.4649429847e-08 -7.6260438574e-10 3.4176773453e-13 -4.3887229619e-08 6.2321461742e-14
d  1.5127485148e-02 1.4107619964e+00 -2.0000000000e-01 4.3879953892e-01 3.0000000000e+02 -4.4614420850e-08 -3.4486288407e-13 4.3879953883e-08 4.4614420809e-08 -7.3487424848e-10 3.4488298863e-13 -4.3879954037e-08 6.2601640907e-14
d  1.5127687138e-02 1.4106206039e+00 -2.0000000000e-01 4.3871154739e-01 3.0000000000e+02 -4.4573291212e-08 -3.4838657403e-13 4.3871154936e-08 4.4573288845e-08 -7.0254764176e-10 3.4840439433e-13 -4.3871152534e-08 6.2926780160e-14
d  1.5127929525e-02 1.4104509329e+00 -2.0000000000e-01 4.3860495896e-01 3.0000000000e+02 -4.4525215614e-08 -3.5236537303e-13 4.3860495864e-08 4.4525215841e-08 -6.6513530609e-10 3.5238567016e-13 -4.3860496311e-08 6.3310946030e-14
d  1.5128220389e-02 1.4102473278e+00 -2.0000000000e-01 4.3847560222e-01 3.0000000000e+02 -4.4469378799e-08 -3.5699847464e-13 4.3847560170e-08 4.4469379254e-08 -6.2223915475e-10 3.5701887376e-13 -4.3847560867e-08 6.3764912996e-14
d  1.5128394908e-02 1.4101251647e+00 -2.0000000000e-01 4.3839722904e-01 3.0000000000e+02 -4.4436844415e-08 -3.5952248675e-13 4.3839723042e-08 4.4436842734e-08 -5.9754491749e-10 3.5954092880e-13 -4.3839721395e-08 6.4025577115e-14
d  1.5128604331e-02 1.4099785690e+00 -2.0000000000e-01 4.3830242757e-01 3.0000000000e+02 -4.4398761225e-08 -3.6234333321e-13 4.3830242329e-08 4.4398765891e-08 -5.6894501050e-10 3.6236787359e-13 -4.3830247646e-08 6.4333514754e-14
d  1.5128855638e-02 1.4098026541e+00 -2.0000000000e-01 4.3818758194e-01 3.0000000000e+02 -4.4354437476e-08 -3.6549327436e-13 4.3818758183e-08 4.4354437464e-08 -5.3610933697e-10 3.6551337498e-13 -4.3818758368e-08 6.4684665790e-14
d  1.5129157206e-02 1.4095915563e+00 -2.0000000000e-01 4.3804821481e-01 3.0000000000e+02 -4.4303213279e-08 -3.6885075903e-13 4.3804821458e-08 4.4303213395e-08 -4.9882556257e-10 3.6887092474e-13 -4.3804821783e-08 6.5092551441e-14
d  1.5129519088e-02 1.4093382390e+00 -2.0000000000e-01 4.3787877098e-01 3.0000000000e+02 -4.4244527419e-08 -3.7206265611e-13 4.3787877069e-08 4.4244527618e-08 -4.5708775707e-10 3.7208283808e-13 -4.3787877484e-08 6.5537470552e-14
d  1.5129736217e-02 1.4091862485e+00 -2.0000000000e-01 4.3777598110e-01 3.0000000000e+02 -4.4210733243e-08 -3.7357535633e-13 4.3777598098e-08 4.4210733237e-08 -4.3357432934e-10 3.7359546481e-13 -4.3777598289e-08 6.5779125296e-14
d  1.5129996773e-02 1.4090038600e+00 -2.0000000000e-01 4.3765154256e-01 3.0000000000e+02 -4.4171551986e-08 -3.7498676182e-13 4.3765154251e-08 4.4171551904e-08 -4.0683860518e-10 3.7500680577e-13 -4.3765154358e-08 6.6049926763e-14
d  1.5130309439e-02 1.4087849938e+00 -2.0000000000e-01 4.3750068333e-01 3.0000000000e+02 -4.4126460062e-08 -3.7605294277e-13 4.3750068326e-08 4.4126459996e-08 -3.7683395657e-10 3.7607298968e-13 -4.3750068452e-08 6.6340503040e-14
d  1.5130684638e-02 1.4085223543e+00 -2.0000000000e-01 4.3731752553e-01 3.0000000000e+02 -4.4075017514e-08 -3.7639928537e-13 4.3731752546e-08 4.4075017455e-08 -3.4370783105e-10 3.7641932780e-13 -4.3731752680e-08 6.6635490431e-14
d  1.5131134877e-02 1.4082071870e+00 -2.0000000000e-01 4.3709483390e-01 3.0000000000e+02 -4.4016921649e-08 -3.7548264390e-13 4.3709483383e-08 4.4016921584e-08 -3.0788048859e-10 3.7550267625e-13 -4.3709483509e-08 6.6910302889e-14
d  1.5131675164e-02 1.4078289862e+00 -2.0000000000e-01 4.3682373370e-01 3.0000000000e+02 -4.3952048042e-08 -3.7254383861e-13 4.3682373367e-08 4.3952047930e-08 -2.7011417832e-10 3.7256384892e-13 -4.3682373442e-08 6.7126216651e-14
d  1.5131999336e-02 1.4076020657e+00 -2.0000000000e-01 4.3665922994e-01 3.0000000000e+02 -4.3915431276e-08 -3.6985679066e-13 4.3665922997e-08 4.3915431094e-08 -2.4994516173e-10 3.6987676864e-13 -4.3665922996e-08 6.7186494935e-14
d  1.5132388343e-02 1.4073297611e+00 -2.0000000000e-01 4.3646014980e-01 3.0000000000e+02 -4.3873582747e-08 -3.6589366363e-13 4.3646014981e-08 4.3873582597e-08 -2.2800071869e-10 3.6591365916e-13 -4.3646015015e-08 6.7217095672e-14
d  1.5132855151e-02 1.4070029956e+00 -2.0000000000e-01 4.3621905301e-01 3.0000000000e+02 -4.3826112968e-08 -3.6022626719e-13 4.3621905278e-08 4.3826113083e-08 -2.0463492133e-10 3.6024637233e-13 -4.3621905600e-08 6.7189865541e-14
d  1.5133415321e-02 1.4066108769e+00 -2.0000000000e-01 4.3592693857e-01 3.0000000000e+02 -4.3772652215e-08 -3.5239968141e-13 4.3592693827e-08 4.3772652414e-08 -1.8037767232e-10 3.5241979720e-13 -4.3592694240e-08 6.7075044774e-14
d  1.5134087524e-02 1.4061403346e+00 -2.0000000000e-01 4.3557295589e-01 3.0000000000e+02 -4.3712804160e-08 -3.4208094189e-13 4.3557295561e-08 4.3712804346e-08 -1.5591734063e-10 3.4210103450e-13 -4.3557295960e-08 6.6849679168e-14
d  1.5134894168e-02 1.4055756838e+00 -2.0000000000e-01 4.3514413653e-01 3.0000000000e+02 -4.3646056759e-08 -3.2913118266e-13 4.3514413640e-08 4.3646056775e-08 -1.3203857044e-10 3.2915121947e-13 -4.3514413854e-08 6.6493477435e-14
d  1.5135862142e-02 1.4048981028e+00 -2.0000000000e-01 4.3462504560e-01 3.0000000000e+02 -4.3571645641e-08 -3.1375323198e-13 4.3462504556e-08 4.3571645551e-08 -1.0952067648e-10 3.1377324183e-13 -4.3462504654e-08 6.6004545794e-14
d  1.5137023709e-02 1.4040850057e+00 -2.0000000000e-01 4.3399738227e-01 3.0000000000e+02 -4.3488401963e-08 -2.9644472724e-13 4.3399738225e-08 4.3488401840e-08 -8.9025412959e-11 2.9646473005e-13 -4.3399738288e-08 6.5395576819e-14
d  1.5138417591e-02 1.4031092891e+00 -2.0000000000e-01 4.3323946013e-01 3.0000000000e+02 -4.3394617265e-08 -2.7784317889e-13 4.3323946011e-08 4.3394617139e-08 -7.1013621801e-11 2.7786318083e-13 -4.3323946070e-08 6.4690100796e-14
d  1.5140090248e-02 1.4019384292e+00 -2.0000000000e-01 4.3232553467e-01 3.0000000000e+02 -4.3287943883e-08 -2.5854015311e-13 4.3232553467e-08 4.3287943739e-08 -5.5712707439e-11 2.5856015259e-13 -4.3232553506e-08 6.3913956254e-14
d  1.5142097437e-02 1.4005333973e+00 -2.0000000000e-01 4.3122496645e-01 3.0000000000e+02 -4.3165320634e-08 -2.3909403615e-13 4.3122496644e-08 4.3165320501e-08 -4.3126015156e-11 2.3911403683e-13 -4.3122496695e-08 6.3094512161e-14
d  1.5144506064e-02 1.3988473590e+00 -2.0000000000e-01 4.2990120482e-01 3.0000000000e+02 -4.3022905136e-08 -2.2018505374e-13 4.2990120462e-08 4.3022905235e-08 -3.3066942839e-11 2.2020507240e-13 -4.2990120764e-08 6.2266825082e-14
d  1.5147396416e-02 1.3968241131e+00 -2.0000000000e-01 4.2831056488e-01 3.0000000000e+02 -4.2856009689e-08 -2.0252845490e-13 4.2831056488e-08 4.2856009556e-08 -2.5217040928e-11 2.0254845536e-13 -4.2831056538e-08 6.1468991807e-14
d  1.5150864838e-02 1.3943962180e+00 -2.0000000000e-01 4.2640076981e-01 3.0000000000e+02 -4.2659030069e-08 -1.8663604951e-13 4.2640076970e-08 4.2659030057e-08 -1.9200291360e-11 1.8665605643e-13 -4.2640077150e-08 6.0730242264e-14
d  1.5155026945e-02 1.3914827439e+00 -2.0000000000e-01 4.2410924277e-01 3.0000000000e+02 -4.2425337391e-08 -1.7269268247e-13 4.2410924277e-08 4.2425337252e-08 -1.4645712503e-11 1.7271268246e-13 -4.2410924319e-08 6.0063798609e-14
d  1.5160021474e-02 1.3879865750e+00 -2.0000000000e-01 4.2136111879e-01 3.0000000000e+02 -4.2147113593e-08 -1.6078716882e-13 4.2136111760e-08 4.2147114797e-08 -1.1221817532e-11 1.6080722012e-13 -4.2136113264e-08 5.9477560683e-14
d  1.5166014908e-02 1.3837911722e+00 -2.0000000000e-01 4.1806691990e-01 3.0000000000e+02 -4.1815137445e-08 -1.5076606852e-13 4.1806691983e-08 4.1815137389e-08 -8.6550217457e-12 1.5078607117e-13 -4.1806692114e-08 5.8966660519e-14
d  1.5173207029e-02 1.3787566890e+00 -2.0000000000e-01 4.1411984947e-01 3.0000000000e+02 -4.1418509653e-08 -1.4254050786e-13 4.1411984946e-08 4.1418509526e-08 -6.7256192064e-12 1.4256050814e-13 -4.1411984999e-08 5.8528667727e-14
d  1.5177522302e-02 1.3757359990e+00 -2.0000000000e-01 4.1175494388e-01 3.0000000000e+02 -4.1181219551e-08 -1.3894071300e-13 4.1175494384e-08 4.1181219452e-08 -5.9222711723e-12 1.3896071454e-13 -4.1175494467e-08 5.8325924271e-14
d  1.5182700629e-02 1.3721111710e+00 -2.0000000000e-01 4.0892048703e-01 3.0000000000e+02 -4.0897027648e-08 -1.3546116748e-13 4.0892048697e-08 4.0897027578e-08 -5.1723730909e-12 1.3548117005e-13 -4.0892048812e-08 5.8124945147e-14
d  1.5188914621e-02 1.3677613775e+00 -2.0000000000e-01 4.0552418351e-01 3.0000000000e+02 -4.0556708784e-08 -1.3215594928e-13 4.0552418351e-08 4.0556708648e-08 -4.4803576389e-12 1.3217594932e-13 -4.0552418393e-08 5.7925541353e-14
d  1.5196371412e-02 1.3625416252e+00 -2.0000000000e-01 4.0145600920e-01 3.0000000000e+02 -4.0149264057e-08 -1.2907827181e-13 4.0145600916e-08 4.0149263966e-08 -3.8497866646e-12 1.2909827303e-13 -4.0145601006e-08 5.7728494093e-14
d  1.5205319562e-02 1.3562779225e+00 -2.0000000000e-01 3.9658500067e-01 3.0000000000e+02 -3.9661598189e-08 -1.2626053348e-13 3.9658500067e-08 3.9661598054e-08 -3.2817618654e-12 1.2628053350e-13 -3.9658500107e-08 5.7533827176e-14
d  1.5216057341e-02 1.3487614793e+00 -2.0000000000e-01 3.9075556606e-01 3.0000000000e+02 -3.9078150554e-08 -1.2372046258e-13 3.9075556605e-08 3.9078150427e-08 -2.7748549372e-12 1.2374046272e-13 -3.9075556653e-08 5.7340465953e-14
d  1.5222500008e-02 1.3442516133e+00 -2.0000000000e-01 3.8726626079e-01 3.0000000000e+02 -3.8728981031e-08 -1.2251095413e-13 3.8726626079e-08 3.8728980898e-08 -2.5345491476e-12 1.2253095417e-13 -3.8726626119e-08 5.7238949818e-14
d  1.5230231209e-02 1.3388397742e+00 -2.0000000000e-01 3.8308742496e-01 3.0000000000e+02 -3.8310855180e-08 -1.2127582139e-13 3.8308742493e-08 3.8310855078e-08 -2.2909357772e-12 1.2129582224e-13 -3.8308742566e-08 5.7128207860e-14
d  1.5239508650e-02 1.3323455672e+00 -2.0000000000e-01 3.7808484757e-01 3.0000000000e+02 -3.7810354992e-08 -1.2002656482e-13 3.7808484756e-08 3.7810354862e-08 -2.0471180011e-12 1.2004656490e-13 -3.7808484798e-08 5.7006931137e-14
d  1.5250641580e-02 1.3245525188e+00 -2.0000000000e-01 3.7209943460e-01 3.0000000000e+02 -3.7211574484e-08 -1.1876909483e-13 3.7209943459e-08 3.7211574359e-08 -1.8065147603e-12 1.1878909497e-13 -3.7209943504e-08 5.6871402929e-14
d  1.5257321337e-02 1.3198766898e+00 -2.0000000000e-01 3.6851756728e-01 3.0000000000e+02 -3.6853265421e-08 -1.1811500763e-13 3.6851756726e-08 3.6853265304e-08 -1.6834539174e-12 1.1813500805e-13 -3.6851756779e-08 5.6794302314e-14
d  1.5265337047e-02 1.3142656950e+00 -2.0000000000e-01 3.6422871692e-01 3.0000000000e+02 -3.6424250127e-08 -1.1740729074e-13 3.6422871690e-08 3.6424250011e-08 -1.5524001217e-12 1.1742729115e-13 -3.6422871743e-08 5.6705505404e-14
d  1.5274955898e-02 1.3075325012e+00 -2.0000000000e-01 3.5909575329e-01 3.0000000000e+02 -3.5910816903e-08 -1.1664639435e-13 3.5909575329e-08 3.5910816774e-08 -1.4146765939e-12 1.1666639439e-13 -3.5909575367e-08 5.6602811292e-14
d  1.5286498519e-02 1.2994526687e+00 -2.0000000000e-01 3.5295609369e-01 3.0000000000e+02 -3.5296709245e-08 -1.1583301312e-13 3.5295609364e-08 3.5296709169e-08 -1.2720472959e-12 1.1585301416e-13 -3.5295609459e-08 5.6483626265e-14
d  1.5300349664e-02 1.2897568696e+00 -2.0000000000e-01 3.4561755307e-01 3.0000000000e+02 -3.4562710791e-08 -1.1496340536e-13 3.4561755305e-08 3.4562710679e-08 -1.1266487911e-12 1.1498340564e-13 -3.4561755359e-08 5.6344563612e-14
d  1.5308660352e-02 1.2839393902e+00 -2.0000000000e-01 3.4122984384e-01 3.0000000000e+02 -3.4123864221e-08 -1.1448591678e-13 3.4122984383e-08 3.4123864102e-08 -1.0504431736e-12 1.1450591700e-13 -3.4122984427e-08 5.6262237326e-14
d  1.5318633176e-02 1.2769584148e+00 -2.0000000000e-01 3.3598005495e-01 3.0000000000e+02 -3.3598803527e-08 -1.1394759115e-13 3.3598005494e-08 3.3598803414e-08 -9.6800306234e-13 1.1396759149e-13 -3.3598005543e-08 5.6164717029e-14
d  1.5330600566e-02 1.2685812445e+00 -2.0000000000e-01 3.2970282686e-01 3.0000000000e+02 -3.2970993497e-08 -1.1334072360e-13 3.2970282685e-08 3.2970993382e-08 -8.8006064314e-13 1.1336072383e-13 -3.2970282731e-08 5.6048782102e-14
d  1.5344961433e-02 1.2585286400e+00 -2.0000000000e-01 3.2220307356e-01 3.0000000000e+02 -3.2220926665e-08 -1.1265510832e-13 3.2220307356e-08 3.2220926540e-08 -7.8773649969e-13 1.1267510833e-13 -3.2220307389e-08 5.5910082513e-14
d  1.5353577954e-02 1.2524970773e+00 -2.0000000000e-01 3.1772068629e-01 3.0000000000e+02 -3.1772638932e-08 -1.1226133608e-13 3.1772068628e-08 3.1772638812e-08 -7.3825400600e-13 1.1228133622e-13 -3.1772068666e-08 5.5826607535e-14
d  1.5363917779e-02 1.2452592021e+00 -2.0000000000e-01 3.1235934970e-01 3.0000000000e+02 -3.1236451488e-08 -1.1180327531e-13 3.1235934970e-08 3.1236451369e-08 -6.8391187491e-13 1.1182327545e-13 -3.1235935007e-08 5.5726531782e-14
d  1.5376325568e-02 1.2365737519e+00 -2.0000000000e-01 3.0595133167e-01 3.0000000000e+02 -3.0595591481e-08 -1.1126995455e-13 3.0595133167e-08 3.0595591358e-08 -6.2505568305e-13 1.1128995456e-13 -3.0595133198e-08 5.5606004079e-14
d  1.5391214916e-02 1.2261512116e+00 -2.0000000000e-01 2.9829912052e-01 3.0000000000e+02 -2.9830308394e-08 -1.1064908112e-13 2.9829912051e-08 2.9830308282e-08 -5.6231892783e-13 1.1066908129e-13 -2.9829912093e-08 5.5460511506e-14
d  1.5400148524e-02 1.2198976874e+00 -2.0000000000e-01 2.9372768232e-01 3.0000000000e+02 -2.9373131004e-08 -1.1028324876e-13 2.9372768232e-08 2.9373130882e-08 -5.2829641683e-13 1.1030324877e-13 -2.9372768261e-08 5.5372047271e-14
d  1.5410868854e-02 1.2123934583e+00 -2.0000000000e-01 2.8826194022e-01 3.0000000000e+02 -2.8826519658e-08 -1.0985205961e-13 2.8826194019e-08 2.8826519558e-08 -4.9062430681e-13 1.0987206011e-13 -2.8826194071e-08 5.5265579284e-14
d  1.5423733251e-02 1.2033883835e+00 -2.0000000000e-01 2.8173222792e-01 3.0000000000e+02 -2.8173507912e-08 -1.0934257058e-13 2.8173222793e-08 2.8173507787e-08 -4.4947050475e-13 1.0936257050e-13 -2.8173222816e-08 5.5136831540e-14
d  1.5431451888e-02 1.1979853386e+00 -2.0000000000e-01 2.7782988823e-01 3.0000000000e+02 -2.7783251547e-08 -1.0903926870e-13 2.7782988821e-08 2.7783251442e-08 -4.2669423213e-13 1.0905926915e-13 -2.7782988865e-08 5.5058495839e-14
d  1.5440714254e-02 1.1915016848e+00 -2.0000000000e-01 2.7316261539e-01 3.0000000000e+02 -2.7316499103e-08 -1.0867838300e-13 2.7316261537e-08 2.7316498993e-08 -4.0108051842e-13 1.0869838327e-13 -2.7316261575e-08 5.4964093906e-14
d  1.5451829092e-02 1.1837213001e+00 -2.0000000000e-01 2.6758453851e-01 3.0000000000e+02 -2.6758663483e-08 -1.0824899494e-13 2.6758453849e-08 2.6758663377e-08 -3.7260604868e-13 1.0826899524e-13 -2.6758453890e-08 5.4849868589e-14
d  1.5465166898e-02 1.1743848385e+00 -2.0000000000e-01 2.6092396055e-01 3.0000000000e+02 -2.6092575107e-08 -1.0773647981e-13 2.6092396055e-08 2.6092574992e-08 -3.4137566940e-13 1.0775647987e-13 -2.6092396084e-08 5.4711099064e-14
d  1.5473169582e-02 1.1687829616e+00 -2.0000000000e-01 2.5694521148e-01 3.0000000000e+02 -2.5694683254e-08 -1.0742862325e-13 2.5694521147e-08 2.5694683143e-08 -3.2403823999e-13 1.0744862344e-13 -2.5694521180e-08 5.4626383004e-14
d  1.5482772802e-02 1.1620607093e+00 -2.0000000000e-01 2.5218838424e-01 3.0000000000e+02 -2.5218981460e-08 -1.0706069859e-13 2.5218838423e-08 2.5218981352e-08 -3.0449977085e-13 1.0708069882e-13 -2.5218838457e-08 5.4524132526e-14
d  1.5494296667e-02 1.1539940064e+00 -2.0000000000e-01 2.4650598835e-01 3.0000000000e+02 -2.4650720668e-08 -1.0661957546e-13 2.4650598833e-08 2.4650720563e-08 -2.8273262672e-13 1.0663957573e-13 -2.4650598870e-08 5.4400082419e-14
d  1.5501210985e-02 1.1491539848e+00 -2.0000000000e-01 2.4311023101e-01 3.0000000000e+02 -2.4311133029e-08 -1.0635386259e-13 2.4311023100e-08 2.4311132916e-08 -2.7048727179e-13 1.0637386268e-13 -2.4311023127e-08 5.4324506082e-14
d  1.5509508168e-02 1.1433459587e+00 -2.0000000000e-01 2.3904905447e-01 3.0000000000e+02 -2.3905001840e-08 -1.0603470098e-13 2.3904905447e-08 2.3905001730e-08 -2.5654260160e-13 1.0605470112e-13 -2.3904905475e-08 5.4233111421e-14
d  1.5519464786e-02 1.1363763275e+00 -2.0000000000e-01 2.3419564970e-01 3.0000000000e+02 -2.3419646132e-08 -1.0565145665e-13 2.3419564969e-08 2.3419646024e-08 -2.4081808553e-13 1.0567145685e-13 -2.3419565000e-08 5.4122429890e-14
d  1.5531412729e-02 1.1280127701e+00 -2.0000000000e-01 2.2840081042e-01 3.0000000000e+02 -2.2840145272e-08 -1.0518937565e-13 2.2840081041e-08 2.2840145166e-08 -2.2329175009e-13 1.0520937581e-13 -2.2840081071e-08 5.3987666994e-14
d  1.5538581495e-02 1.1229946356e+00 -2.0000000000e-01 2.2493944397e-01 3.0000000000e+02 -2.2493999126e-08 -1.0490961884e-13 2.2493944397e-08 2.2493999016e-08 -2.1342953586e-13 1.0492961891e-13 -2.2493944421e-08 5.3905302923e-14
d  1.5547184013e-02 1.1169728742e+00 -2.0000000000e-01 2.2080138991e-01 3.0000000000e+02 -2.2080182922e-08 -1.0457398195e-13 2.2080138991e-08 2.2080182813e-08 -2.0219710688e-13 1.0459398205e-13 -2.2080139016e-08 5.3805910287e-14
d  1.5557507036e-02 1.1097467606e+00 -2.0000000000e-01 2.1585849589e-01 3.0000000000e+02 -2.1585881379e-08 -1.0416839296e-13 2.1585849589e-08 2.1585881269e-08 -1.8953078669e-13 1.0418839296e-13 -2.1585849611e-08 5.3684982358e-14
d  1.5563700849e-02 1.1054110924e+00 -2.0000000000e-01 2.1290483783e-01 3.0000000000e+02 -2.1290508692e-08 -1.0392285640e-13 2.1290483783e-08 2.1290508582e-08 -1.8233133220e-13 1.0394285643e-13 -2.1290483805e-08 5.3611231955e-14
d  1.5571133425e-02 1.1002082905e+00 -2.0000000000e-01 2.0937255676e-01 3.0000000000e+02 -2.0937272702e-08 -1.0362755235e-13 2.0937255676e-08 2.0937272593e-08 -1.7406528408e-13 1.0364755238e-13 -2.0937255697e-08 5.3522166562e-14
d  1.5580052517e-02 1.0939649283e+00 -2.0000000000e-01 2.0515146691e-01 3.0000000000e+02 -2.0515154771e-08 -1.0327122975e-13 2.0515146691e-08 2.0515154662e-08 -1.6465504761e-13 1.0329122976e-13 -2.0515146712e-08 5.3414117469e-14
d  1.5590755426e-02 1.0864728937e+00 -2.0000000000e-01 2.0011194751e-01 3.0000000000e+02 -2.0011192787e-08 -1.0284008669e-13 2.0011194751e-08 2.0011192679e-08 -1.5404994914e-13 1.0286008670e-13 -2.0011194771e-08 5.3282536200e-14
d  1.5597177172e-02 1.0819776729e+00 -2.0000000000e-01 1.9710193278e-01 3.0000000000e+02 -1.9710185631e-08 -1.0257822989e-13 1.9710193278e-08 1.9710185523e-08 -1.4802571635e-13 1.0259822990e-13 -1.9710193298e-08 5.3202087235e-14
d  1.5604883267e-02 1.0765834080e+00 -2.0000000000e-01 1.9350367204e-01 3.0000000000e+02 -1.9350353057e-08 -1.0226254628e-13 1.9350367204e-08 1.9350352948e-08 -1.4111261562e-13 1.0228254623e-13 -1.9350367222e-08 5.3104763824e-14
d  1.5614130581e-02 1.0701102901e+00 -2.0000000000e-01 1.8920583979e-01 3.0000000000e+02 -1.8920562466e-08 -1.0188075149e-13 1.8920583979e-08 1.8920562359e-08 -1.3324796402e-13 1.0190075152e-13 -1.8920583999e-08 5.2986508112e-14
d  1.5619678969e-02 1.0662264193e+00 -2.0000000000e-01 1.8663778755e-01 3.0000000000e+02 -1.8663753041e-08 -1.0164915262e-13 1.8663778755e-08 1.8663752935e-08 -1.2874381945e-13 1.0166915263e-13 -1.8663778774e-08 5.2914381347e-14
d  1.5626337035e-02 1.0615657744e+00 -2.0000000000e-01 1.8356680233e-01 3.0000000000e+02 -1.8356649681e-08 -1.0136983787e-13 1.8356680233e-08 1.8356649574e-08 -1.2354085880e-13 1.0138983778e-13 -1.8356680250e-08 5.2827175069e-14
d  1.5634326715e-02 1.0559730005e+00 -2.0000000000e-01 1.7989718316e-01 3.0000000000e+02 -1.7989682241e-08 -1.0103210777e-13 1.7989718316e-08 1.7989682136e-08 -1.1757528591e-13 1.0105210778e-13 -1.7989718334e-08 5.2721342072e-14
d  1.5643914330e-02 1.0492616719e+00 -2.0000000000e-01 1.7551637665e-01 3.0000000000e+02 -1.7551595348e-08 -1.0062268867e-13 1.7551637665e-08 1.7551595243e-08 -1.1079578539e-13 1.0064268866e-13 -1.7551637682e-08 5.2592458864e-14
d  1.5649666899e-02 1.0452348747e+00 -2.0000000000e-01 1.7289996679e-01 3.0000000000e+02 -1.7289950810e-08 -1.0037357803e-13 1.7289996679e-08 1.7289950705e-08 -1.0691693507e-13 1.0039357798e-13 -1.7289996695e-08 5.2513645822e-14
d  1.5656569982e-02 1.0404027180e+00 -2.0000000000e-01 1.6977239422e-01 3.0000000000e+02 -1.6977189471e-08 -1.0007310791e-13 1.6977239422e-08 1.6977189365e-08 -1.0243973636e-13 1.0009310779e-13 -1.6977239437e-08 5.2418352255e-14
d  1.5664853681e-02 1.0346041301e+00 -2.0000000000e-01 1.6603699569e-01 3.0000000000e+02 -1.6603644969e-08 -9.9709007026e-14 1.6603699569e-08 1.6603644865e-08 -9.7311486364e-14 9.9729007032e-14 -1.6603699586e-08 5.2302510721e-14
d  1.5669823901e-02 1.0311249773e+00 -2.0000000000e-01 1.6380513927e-01 3.0000000000e+02 -1.6380456664e-08 -9.9487711580e-14 1.6380513927e-08 1.6380456560e-08 -9.4357164492e-14 9.9507711534e-14 -1.6380513943e-08 5.2231786324e-14
d  1.5675788164e-02 1.0269499940e+00 -2.0000000000e-01 1.6113631625e-01 3.0000000000e+02 -1.6113571284e-08 -9.9220857370e-14 1.6113631626e-08 1.6113571179e-08 -9.0928001847e-14 9.9240857138e-14 -1.6113631638e-08 5.2146351110e-14
d  1.5682945281e-02 1.0219400140e+00 -2.0000000000e-01 1.5794743354e-01 3.0000000000e+02 -1.5794679482e-08 -9.8898685174e-14 1.5794743372e-08 1.5794679289e-08 -8.6971626332e-14 9.8918679670e-14 -1.5794743279e-08 5.2042701964e-14
d  1.5691533820e-02 1.0159280380e+00 -2.0000000000e-01 1.5414080076e-01 3.0000000000e+02 -1.5414012200e-08 -9.8505809943e-14 1.5414080076e-08 1.5414012098e-08 -8.2449234658e-14 9.8525809904e-14 -1.5414080091e-08 5.1916311560e-14
d  1.5696686944e-02 1.0123208524e+00 -2.0000000000e-01 1.5186745306e-01 3.0000000000e+02 -1.5186675141e-08 -9.8267209008e-14 1.5186745306e-08 1.5186675038e-08 -7.9845658783e-14 9.8287208837e-14 -1.5186745319e-08 5.1839080387e-14
d  1.5702870693e-02 1.0079922296e+00 -2.0000000000e-01 1.4915010508e-01 3.0000000000e+02 -1.4914937705e-08 -9.7979295806e-14 1.4915010511e-08 1.4914937592e-08 -7.6826048217e-14 9.7999294953e-14 -1.4915010511e-08 5.1745704378e-14
d  1.5710291191e-02 1.0027978824e+00 -2.0000000000e-01 1.4590485755e-01 3.0000000000e+02 -1.4590409935e-08 -9.7630313781e-14 1.4590485755e-08 1.4590409834e-08 -7.3347500218e-14 9.7650313776e-14 -1.4590485769e-08 5.1632198323e-14
d  1.5714290000e-02 9.9999871667e-01 -2.0000000000e-01 1.4416317097e-01 3.0000000000e+02 -1.4416239718e-08 -9.7439527552e-14 1.4416317709e-08 1.4416236877e-08 -7.1536119100e-14 9.7459245886e-14 -1.4416314370e-08 5.1569770497e-14
d  1.5719088571e-02 9.9663971783e-01 -2.0000000000e-01 1.4207981778e-01 3.0000000000e+02 -1.4207902586e-08 -9.7210242298e-14 1.4207981827e-08 1.4207902268e-08 -6.9419132772e-14 9.7230220620e-14 -1.4207981574e-08 5.1494908473e-14
d  1.5724846856e-02 9.9260891922e-01 -2.0000000000e-01 1.3958949244e-01 3.0000000000e+02 -1.3958867958e-08 -9.6931964973e-14 1.3958949247e-08 1.3958867846e-08 -6.6957237740e-14 9.6951963858e-14 -1.3958949245e-08 5.1403838596e-14
d  1.5731756799e-02 9.8777196088e-01 -2.0000000000e-01 1.3661525976e-01 3.0000000000e+02 -1.3661442292e-08 -9.6595612389e-14 1.3661525976e-08 1.3661442193e-08 -6.4112061396e-14 9.6615612387e-14 -1.3661525989e-08 5.1293173731e-14
d  1.5735902764e-02 9.8486978589e-01 -2.0000000000e-01 1.3483822757e-01 3.0000000000e+02 -1.3483737692e-08 -9.6390874471e-14 1.3483824603e-08 1.3483729786e-08 -6.2460173168e-14 9.6410041392e-14 -1.3483814961e-08 5.1225318833e-14
d  1.5740877923e-02 9.8138717589e-01 -2.0000000000e-01 1.3271330995e-01 3.0000000000e+02 -1.3271244328e-08 -9.6145378501e-14 1.3271331115e-08 1.3271243733e-08 -6.0530565703e-14 9.6165328241e-14 -1.3271330512e-08 5.1144432836e-14
d  1.5746848113e-02 9.7720804389e-01 -2.0000000000e-01 1.3017436647e-01 3.0000000000e+02 -1.3017348137e-08 -9.5844298948e-14 1.3017436661e-08 1.3017347981e-08 -5.8288603503e-14 9.5864294009e-14 -1.3017436603e-08 5.1044926418e-14
d  1.5750430227e-02 9.7470056469e-01 -2.0000000000e-01 1.2865680160e-01 3.0000000000e+02 -1.2865590583e-08 -9.5663465521e-14 1.2865680749e-08 1.2865588100e-08 -5.6981166802e-14 9.5683158479e-14 -1.2865677787e-08 5.0984622315e-14
d  1.5754728764e-02 9.7169158965e-01 -2.0000000000e-01 1.2684152875e-01 3.0000000000e+02 -1.2684062055e-08 -9.5445428295e-14 1.2684157704e-08 1.2684042614e-08 -5.5447946617e-14 9.5463070918e-14 -1.2684133540e-08 5.0911262231e-14
d  1.5759887009e-02 9.6808081960e-01 -2.0000000000e-01 1.2467164610e-01 3.0000000000e+02 -1.2467072349e-08 -9.5184022518e-14 1.2467164614e-08 1.2467072237e-08 -5.3657204859e-14 9.5204020925e-14 -1.2467164607e-08 5.0824772678e-14
d  1.5766076902e-02 9.6374789555e-01 -2.0000000000e-01 1.2208010157e-01 3.0000000000e+02 -1.2207916250e-08 -9.4858864138e-14 1.2208010139e-08 1.2207916221e-08 -5.1579687455e-14 9.4878870071e-14 -1.2208010237e-08 5.0716275967e-14
d  1.5769790838e-02 9.6114814111e-01 -2.0000000000e-01 1.2053170202e-01 3.0000000000e+02 -1.2053075343e-08 -9.4664945638e-14 1.2053171812e-08 1.2053069075e-08 -5.0368766640e-14 9.4684137256e-14 -1.2053164042e-08 5.0650822671e-14
d  1.5774247561e-02 9.5802843579e-01 -2.0000000000e-01 1.1868016187e-01 3.0000000000e+02 -1.1867920221e-08 -9.4431110862e-14 1.1868016360e-08 1.1867919473e-08 -4.8949070687e-14 9.4451029888e-14 -1.1868015547e-08 5.0572456296e-14
d  1.5779595629e-02 9.5428478941e-01 -2.0000000000e-01 1.1646783824e-01 3.0000000000e+02 -1.1646686583e-08 -9.4144853111e-14 1.1646783834e-08 1.1646686450e-08 -4.7293440058e-14 9.4164849204e-14 -1.1646783798e-08 5.0476144783e-14
d  1.5786013310e-02 9.4979241375e-01 -2.0000000000e-01 1.1382695181e-01 3.0000000000e+02 -1.1382596481e-08 -9.3800060767e-14 1.1382695340e-08 1.1382595803e-08 -4.5372456810e-14 9.3820009058e-14 -1.1382694610e-08 5.0359525993e-14
d  1.5789863919e-02 9.4709698835e-01 -2.0000000000e-01 1.1224979796e-01 3.0000000000e+02 -1.1224880258e-08 -9.3590146007e-14 1.1224984518e-08 1.1224863134e-08 -4.4254512843e-14 9.3607865136e-14 -1.1224962775e-08 5.0287458869e-14
d  1.5794484650e-02 9.4386247787e-01 -2.0000000000e-01 1.1036460785e-01 3.0000000000e+02 -1.1036360270e-08 -9.3340626573e-14 1.1036460791e-08 1.1036360153e-08 -4.2943029712e-14 9.3360623642e-14 -1.1036460773e-08 5.0203273221e-14
d  1.5800029526e-02 9.3998106530e-01 -2.0000000000e-01 1.0811316488e-01 3.0000000000e+02 -1.0811214863e-08 -9.3028494250e-14 1.0811316669e-08 1.0811214135e-08 -4.1416038770e-14 9.3048426171e-14 -1.0811315864e-08 5.0097211294e-14
d  1.5803356452e-02 9.3765221776e-01 -2.0000000000e-01 1.0676801258e-01 3.0000000000e+02 -1.0676698987e-08 -9.2843238473e-14 1.0676802774e-08 1.0676693670e-08 -4.0522532647e-14 9.2862391770e-14 -1.0676796043e-08 5.0033494566e-14
d  1.5807348763e-02 9.3485760071e-01 -2.0000000000e-01 1.0515954966e-01 3.0000000000e+02 -1.0515851945e-08 -9.2619779797e-14 1.0515955169e-08 1.0515851160e-08 -3.9471672830e-14 9.2639673559e-14 -1.0515954284e-08 4.9957149135e-14
d  1.5812139537e-02 9.3150406025e-01 -2.0000000000e-01 1.0323772424e-01 3.0000000000e+02 -1.0323668540e-08 -9.2346110709e-14 1.0323772438e-08 1.0323668401e-08 -3.8242018109e-14 9.2366104677e-14 -1.0323772388e-08 4.9863325617e-14
d  1.5817888465e-02 9.2747981169e-01 -2.0000000000e-01 1.0094368765e-01 3.0000000000e+02 -1.0094263891e-08 -9.2016316531e-14 1.0094369011e-08 1.0094262987e-08 -3.6809207067e-14 9.2036227700e-14 -1.0094367964e-08 4.9749732810e-14
d  1.5821337822e-02 9.2506526256e-01 -2.0000000000e-01 9.9573713734e-02 3.0000000000e+02 -9.9572659310e-09 -9.1816145005e-14 9.9573753418e-09 9.9572529534e-09 -3.5971923379e-14 9.1834012688e-14 -9.9573584948e-09 4.9679674562e-14
d  1.5825477050e-02 9.2216780360e-01 -2.0000000000e-01 9.7936204694e-02 3.0000000000e+02 -9.7935143636e-09 -9.1577654079e-14 9.7936204791e-09 9.7935142403e-09 -3.4986465897e-14 9.1597649199e-14 -9.7936204481e-09 4.9597659469e-14
d  1.5830444124e-02 9.1869085285e-01 -2.0000000000e-01 9.5980612394e-02 3.0000000000e+02 -9.5979543814e-09 -9.1279834782e-14 9.5980613424e-09 9.5979539642e-09 -3.3835232287e-14 9.1299791697e-14 -9.5980609236e-09 4.9494563262e-14
d  1.5833424368e-02 9.1660468240e-01 -2.0000000000e-01 9.4812244843e-02 3.0000000000e+02 -9.4811171886e-09 -9.1103019875e-14 9.4812260076e-09 9.4811123691e-09 -3.3159284315e-14 9.1122073296e-14 -9.4812197645e-09 4.9432536977e-14
d  1.5837000662e-02 9.1410127786e-01 -2.0000000000e-01 9.3415195552e-02 3.0000000000e+02 -9.3414117495e-09 -9.0890346155e-14 9.3415197389e-09 9.3414110943e-09 -3.2361891057e-14 9.0910239318e-14 -9.3415190006e-09 4.9358462129e-14
d  1.5841292213e-02 9.1109719241e-01 -2.0000000000e-01 9.1746002968e-02 3.0000000000e+02 -9.1744919068e-09 -9.0629075719e-14 9.1746003206e-09 9.1744917435e-09 -3.1426096622e-14 9.0649064190e-14 -9.1746002337e-09 4.9267221045e-14
d  1.5846442076e-02 9.0749228987e-01 -2.0000000000e-01 8.9753568630e-02 3.0000000000e+02 -8.9752478017e-09 -9.0315052637e-14 8.9753573643e-09 8.9752462145e-09 -3.0331142708e-14 9.0334850869e-14 -8.9753553752e-09 4.9156901938e-14
d  1.5849531993e-02 9.0532934835e-01 -2.0000000000e-01 8.8563727429e-02 3.0000000000e+02 -8.8562632970e-09 -9.0124522551e-14 8.8563761682e-09 8.8562531742e-09 -2.9689288549e-14 9.0142474919e-14 -8.8563627163e-09 4.9089022802e-14
d  1.5853239894e-02 9.0273381852e-01 -2.0000000000e-01 8.7141545190e-02 3.0000000000e+02 -8.7140446235e-09 -8.9897594566e-14 8.7141545298e-09 8.7140445018e-09 -2.8931319357e-14 8.9917588494e-14 -8.7141544963e-09 4.9009358397e-14
d  1.5857689375e-02 8.9961918273e-01 -2.0000000000e-01 8.5443121575e-02 3.0000000000e+02 -8.5442017547e-09 -8.9614617099e-14 8.5443122634e-09 8.5442013624e-09 -2.8043136519e-14 8.9634567819e-14 -8.5443118636e-09 4.8909513386e-14
d  1.5863028752e-02 8.9588161978e-01 -2.0000000000e-01 8.3416970668e-02 3.0000000000e+02 -8.3415860799e-09 -8.9278367130e-14 8.3416972262e-09 8.3415855429e-09 -2.7003473043e-14 8.9298305420e-14 -8.3416966276e-09 4.8789871022e-14
d  1.5866232378e-02 8.9363908201e-01 -2.0000000000e-01 8.2207634147e-02 3.0000000000e+02 -8.2206520974e-09 -8.9072569364e-14 8.2207723276e-09 8.2206275009e-09 -2.6395316776e-14 8.9087445208e-14 -8.2207389076e-09 4.8714570449e-14
d  1.5870076730e-02 8.9094803668e-01 -2.0000000000e-01 8.0762794504e-02 3.0000000000e+02 -8.0761677395e-09 -8.8834760398e-14 8.0762794879e-09 8.0761675485e-09 -2.5674214023e-14 8.8854740185e-14 -8.0762793565e-09 4.8630460763e-14
d  1.5874689952e-02 8.8771878229e-01 -2.0000000000e-01 7.9038280841e-02 3.0000000000e+02 -7.9037159513e-09 -8.8522269976e-14 7.9038284500e-09 7.9037148844e-09 -2.4833045189e-14 8.8542106292e-14 -7.9038271136e-09 4.8519385362e-14
d  1.5877457885e-02 8.8578122966e-01 -2.0000000000e-01 7.8008493512e-02 3.0000000000e+02 -7.8007369663e-09 -8.8343453159e-14 7.8008528595e-09 7.8007276916e-09 -2.4336850967e-14 8.8361120344e-14 -7.8008401692e-09 4.8453768002e-14
d  1.5880779405e-02 8.8345616650e-01 -2.0000000000e-01 7.6777674840e-02 3.0000000000e+02 -7.6776548064e-09 -8.8127726049e-14 7.6777679962e-09 7.6776533927e-09 -2.3749368979e-14 8.8147407397e-14 -7.6777661657e-09 4.8376320309e-14
d  1.5884765228e-02 8.8066609070e-01 -2.0000000000e-01 7.5307869551e-02 3.0000000000e+02 -7.5306739535e-09 -8.7857766808e-14 7.5307871407e-09 7.5306733908e-09 -2.3059345459e-14 8.7877670793e-14 -7.5307864878e-09 4.8278968287e-14
d  1.5889548217e-02 8.7731799975e-01 -2.0000000000e-01 7.3554569173e-02 3.0000000000e+02 -7.3553435418e-09 -8.7536627632e-14 7.3554570949e-09 7.3553430071e-09 -2.2248469958e-14 8.7556551245e-14 -7.3554564776e-09 4.8162265994e-14
d  1.5892418010e-02 8.7530914518e-01 -2.0000000000e-01 7.2508140786e-02 3.0000000000e+02 -7.2507004924e-09 -8.7341564410e-14 7.2508219199e-09 7.2506811039e-09 -2.1772689902e-14 8.7356550449e-14 -7.2507947769e-09 4.8089129860e-14
d  1.5895861761e-02 8.7289851970e-01 -2.0000000000e-01 7.1257984525e-02 3.0000000000e+02 -7.1256846127e-09 -8.7116207154e-14 7.1257984912e-09 7.1256844313e-09 -2.1206261634e-14 8.7136183993e-14 -7.1257983655e-09 4.8007406220e-14
d  1.5899994263e-02 8.7000576911e-01 -2.0000000000e-01 6.9765912017e-02 3.0000000000e+02 -6.9764771009e-09 -8.6818944037e-14 6.9765914240e-09 6.9764764809e-09 -2.0544405382e-14 8.6838833520e-14 -6.9765906756e-09 4.7899413846e-14
d  1.5902473765e-02 8.6827011876e-01 -2.0000000000e-01 6.8874962055e-02 3.0000000000e+02 -6.8873819458e-09 -8.6649164221e-14 6.8874993955e-09 6.8873743834e-09 -2.0152757893e-14 8.6666804194e-14 -6.8874887330e-09 4.7835613785e-14
d  1.5905449166e-02 8.6618733834e-01 -2.0000000000e-01 6.7810117198e-02 3.0000000000e+02 -6.7808972757e-09 -8.6445763138e-14 6.7810121440e-09 6.7808962059e-09 -1.9687533885e-14 8.6465469557e-14 -6.7810107429e-09 4.7760623347e-14
d  1.5909019648e-02 8.6368800184e-01 -2.0000000000e-01 6.6538559117e-02 3.0000000000e+02 -6.6537412694e-09 -8.6189341867e-14 6.6538561375e-09 6.6537406650e-09 -1.9140192623e-14 8.6209211959e-14 -6.6538554000e-09 4.7666044868e-14
d  1.5913304226e-02 8.6068879804e-01 -2.0000000000e-01 6.5021805045e-02 3.0000000000e+02 -6.5020656325e-09 -8.5886044146e-14 6.5021805351e-09 6.5020654771e-09 -1.8494523525e-14 8.5906029497e-14 -6.5021804417e-09 4.7553010035e-14
d  1.5915874973e-02 8.5888927576e-01 -2.0000000000e-01 6.4116587654e-02 3.0000000000e+02 -6.4115437663e-09 -8.5701326007e-14 6.4116662665e-09 6.4115271318e-09 -1.8115040511e-14 8.5715989859e-14 -6.4116422146e-09 4.7481845333e-14
d  1.5918959869e-02 8.5672984902e-01 -2.0000000000e-01 6.3035155706e-02 3.0000000000e+02 -6.3034004128e-09 -8.5490782606e-14 6.3035156040e-09 6.3034002544e-09 -1.7660845344e-14 8.5510760384e-14 -6.3035155041e-09 4.7403394284e-14
d  1.5922661744e-02 8.5413853693e-01 -2.0000000000e-01 6.1744489896e-02 3.0000000000e+02 -6.1743336832e-09 -8.5208694232e-14 6.1744532098e-09 6.1743245033e-09 -1.7130719667e-14 8.5226360824e-14 -6.1744398976e-09 4.7297747367e-14
d  1.5924882870e-02 8.5258374968e-01 -2.0000000000e-01 6.0973815609e-02 3.0000000000e+02 -6.0972661530e-09 -8.5055368217e-14 6.0973835391e-09 6.0972619147e-09 -1.6813950033e-14 8.5073739302e-14 -6.0973774113e-09 4.7238832099e-14
d  1.5927548220e-02 8.5071800498e-01 -2.0000000000e-01 6.0052743149e-02 3.0000000000e+02 -6.0051588091e-09 -8.4854195773e-14 6.0052892159e-09 6.0051277581e-09 -1.6443232172e-14 8.4862720177e-14 -6.0052433365e-09 4.7159440229e-14
d  1.5930746640e-02 8.4847911133e-01 -2.0000000000e-01 5.8952865306e-02 3.0000000000e+02 -5.8951708856e-09 -8.4637787345e-14 5.8952866880e-09 5.8951704764e-09 -1.5994338427e-14 8.4657686677e-14 -5.8952862121e-09 4.7078810635e-14
d  1.5934584745e-02 8.4579243896e-01 -2.0000000000e-01 5.7640929267e-02 3.0000000000e+02 -5.7639771808e-09 -8.4326942295e-14 5.7640935521e-09 5.7639758234e-09 -1.5475315085e-14 8.4346609866e-14 -5.7640916590e-09 4.6962730783e-14
d  1.5936887608e-02 8.4418043554e-01 -2.0000000000e-01 5.6857948544e-02 3.0000000000e+02 -5.6856790309e-09 -8.4160852705e-14 5.6857950237e-09 5.6856786113e-09 -1.5164897869e-14 8.4180718662e-14 -5.6857945247e-09 4.6897954941e-14
d  1.5939651043e-02 8.4224603143e-01 -2.0000000000e-01 5.5922560077e-02 3.0000000000e+02 -5.5921401061e-09 -8.3951802375e-14 5.5922570277e-09 5.5921380251e-09 -1.4798029370e-14 8.3971047134e-14 -5.5922540153e-09 4.6817129009e-14
d  1.5942967165e-02 8.3992474650e-01 -2.0000000000e-01 5.4806185965e-02 3.0000000000e+02 -5.4805026064e-09 -8.3702261937e-14 5.4806192331e-09 5.4805012876e-09 -1.4362968345e-14 8.3721870422e-14 -5.4806173666e-09 4.6720302632e-14
d  1.5946946512e-02 8.3713920459e-01 -2.0000000000e-01 5.3475421037e-02 3.0000000000e+02 -5.3474260223e-09 -8.3398394792e-14 5.3475439782e-09 5.3474223532e-09 -1.3849852630e-14 8.3417437371e-14 -5.3475385221e-09 4.6601581760e-14
d  1.5949334120e-02 8.3546787944e-01 -2.0000000000e-01 5.2681669674e-02 3.0000000000e+02 -5.2680508355e-09 -8.3217317225e-14 5.2681673982e-09 5.2680499521e-09 -1.3545833820e-14 8.3236989365e-14 -5.2681661722e-09 4.6530261001e-14
d  1.5952199249e-02 8.3346228926e-01 -2.0000000000e-01 5.1733882438e-02 3.0000000000e+02 -5.1732720619e-09 -8.2993531509e-14 5.1733883574e-09 5.1732717703e-09 -1.3185908886e-14 8.3013450696e-14 -5.1733880406e-09 4.6442620079e-14
d  1.5955637405e-02 8.3105558105e-01 -2.0000000000e-01 5.0603398305e-02 3.0000000000e+02 -5.0602235929e-09 -8.2727683640e-14 5.0603404322e-09 5.0602224177e-09 -1.2759329660e-14 8.2747328147e-14 -5.0603387429e-09 4.6337112099e-14
d  1.5957700298e-02 8.2961155612e-01 -2.0000000000e-01 4.9928741005e-02 3.0000000000e+02 -4.9927578344e-09 -8.2567569448e-14 4.9928782464e-09 4.9927504631e-09 -1.2507240397e-14 8.2583915273e-14 -4.9928668113e-09 4.6271874954e-14
d  1.5960175770e-02 8.2787872620e-01 -2.0000000000e-01 4.9122778234e-02 3.0000000000e+02 -4.9121615200e-09 -8.2380986910e-14 4.9122787379e-09 4.9121598458e-09 -1.2204947948e-14 8.2400233324e-14 -4.9122762357e-09 4.6197283627e-14
d  1.5963146337e-02 8.2579933031e-01 -2.0000000000e-01 4.8160905559e-02 3.0000000000e+02 -4.8159742312e-09 -8.2140078962e-14 4.8160924435e-09 4.8159708866e-09 -1.1849734887e-14 8.2158788039e-14 -4.8160872967e-09 4.6101278569e-14
d  1.5966711016e-02 8.2330405523e-01 -2.0000000000e-01 4.7014341700e-02 3.0000000000e+02 -4.7013178142e-09 -8.1861879612e-14 4.7014351213e-09 4.7013161069e-09 -1.1427036267e-14 8.1881339604e-14 -4.7014325489e-09 4.5988559782e-14
d  1.5968849824e-02 8.2180689019e-01 -2.0000000000e-01 4.6330475550e-02 3.0000000000e+02 -4.6329311893e-09 -8.1690882029e-14 4.6330479678e-09 4.6329304257e-09 -1.1177168465e-14 8.1710532359e-14 -4.6330468776e-09 4.5919029208e-14
d  1.5971416394e-02 8.2001029213e-01 -2.0000000000e-01 4.5513906437e-02 3.0000000000e+02 -4.5512742684e-09 -8.1486430506e-14 4.5513907284e-09 4.5512740481e-09 -1.0879897942e-14 8.1506363448e-14 -4.5513905099e-09 4.5835447496e-14
d  1.5974496277e-02 8.1785437446e-01 -2.0000000000e-01 4.4539943886e-02 3.0000000000e+02 -4.4538780069e-09 -8.1240840658e-14 4.4539951500e-09 4.4538766918e-09 -1.0527357203e-14 8.1260340367e-14 -4.4539931589e-09 4.5734070918e-14
d  1.5976344207e-02 8.1656082386e-01 -2.0000000000e-01 4.3958698026e-02 3.0000000000e+02 -4.3957534196e-09 -8.1094181475e-14 4.3958713692e-09 4.3957508929e-09 -1.0318111064e-14 8.1112643132e-14 -4.3958673594e-09 4.5672524939e-14
d  1.5978561723e-02 8.1500856315e-01 -2.0000000000e-01 4.3264328803e-02 3.0000000000e+02 -4.3263164977e-09 -8.0918375463e-14 4.3264337682e-09 4.3263150430e-09 -1.0068456197e-14 8.0937560590e-14 -4.3264315101e-09 4.5599132912e-14
d  1.5981222742e-02 8.1314585028e-01 -2.0000000000e-01 4.2435628404e-02 3.0000000000e+02 -4.2434464667e-09 -8.0702854796e-14 4.2435633233e-09 4.2434456415e-09 -9.7725014131e-15 8.0722487234e-14 -4.2435621002e-09 4.5509169916e-14
d  1.5984415965e-02 8.1091059485e-01 -2.0000000000e-01 4.1447796393e-02 3.0000000000e+02 -4.1446632799e-09 -8.0445373081e-14 4.1447804892e-09 4.1446619011e-09 -9.4214094600e-15 8.0464836551e-14 -4.1447783449e-09 4.5400375893e-14
d  1.5986331899e-02 8.0956944158e-01 -2.0000000000e-01 4.0858593961e-02 3.0000000000e+02 -4.0857430479e-09 -8.0291768521e-14 4.0858596719e-09 4.0857425621e-09 -9.2128374450e-15 8.0311508124e-14 -4.0858589948e-09 4.5334667150e-14
d  1.5988631019e-02 8.0796005767e-01 -2.0000000000e-01 4.0155043844e-02 3.0000000000e+02 -4.0153880542e-09 -8.0105048858e-14 4.0155044584e-09 4.0153878658e-09 -8.9648862793e-15 8.0124983583e-14 -4.0155042808e-09 4.5254842581e-14
d  1.5991389964e-02 8.0602879697e-01 -2.0000000000e-01 3.9315854011e-02 3.0000000000e+02 -3.9314690942e-09 -7.9882772786e-14 3.9315857265e-09 3.9314685429e-09 -8.6701002912e-15 7.9902534803e-14 -3.9315849340e-09 4.5158620555e-14
d  1.5993045331e-02 8.0487004055e-01 -2.0000000000e-01 3.8815021845e-02 3.0000000000e+02 -3.8813858944e-09 -7.9749230808e-14 3.8815022380e-09 3.8813857398e-09 -8.4948621566e-15 7.9769172207e-14 -3.8815021142e-09 4.5100338644e-14
d  1.5995031771e-02 8.0347953285e-01 -2.0000000000e-01 3.8216698589e-02 3.0000000000e+02 -3.8215535913e-09 -7.9588124701e-14 3.8216706149e-09 3.8215524723e-09 -8.2863467252e-15 7.9607351161e-14 -3.8216688228e-09 4.5029542286e-14
d  1.5997415499e-02 8.0181092361e-01 -2.0000000000e-01 3.7502591130e-02 3.0000000000e+02 -3.7501428725e-09 -7.9397318330e-14 3.7502593576e-09 3.7501424564e-09 -8.0375434614e-15 7.9417110923e-14 -3.7502587805e-09 4.4945171185e-14
d  1.6000275973e-02 7.9980859252e-01 -2.0000000000e-01 3.6651306084e-02 3.0000000000e+02 -3.6650144082e-09 -7.9164616550e-14 3.6651316439e-09 3.6650129147e-09 -7.7429202749e-15 7.9183889076e-14 -3.6651291973e-09 4.4841619893e-14
d  1.6001992257e-02 7.9860719387e-01 -2.0000000000e-01 3.6143518507e-02 3.0000000000e+02 -3.6142356746e-09 -7.9027861046e-14 3.6143546776e-09 3.6142319089e-09 -7.5679704302e-15 7.9044884756e-14 -3.6143481637e-09 4.4778718841e-14
d  1.6004051798e-02 7.9716551548e-01 -2.0000000000e-01 3.5537146066e-02 3.0000000000e+02 -3.5535984580e-09 -7.8866379380e-14 3.5537164412e-09 3.5535960067e-09 -7.3582031451e-15 7.8884574830e-14 -3.5537122356e-09 4.4704970235e-14
d  1.6006523247e-02 7.9543550142e-01 -2.0000000000e-01 3.4813821989e-02 3.0000000000e+02 -3.4812660959e-09 -7.8662675259e-14 3.4813876795e-09 3.4812589421e-09 -7.1111078721e-15 7.8678211149e-14 -3.4813751210e-09 4.4611917400e-14
d  1.6008006117e-02 7.9439749298e-01 -2.0000000000e-01 3.4382102021e-02 3.0000000000e+02 -3.4380941138e-09 -7.8555949743e-14 3.4382098104e-09 3.4380945150e-09 -6.9604547972e-15 7.8576428847e-14 -3.4382106870e-09 4.4561473151e-14
d  1.6009785561e-02 7.9315188286e-01 -2.0000000000e-01 3.3866321414e-02 3.0000000000e+02 -3.3865161052e-09 -7.8393583999e-14 3.3866325737e-09 3.3865154987e-09 -6.7872696767e-15 7.8413090175e-14 -3.3866316169e-09 4.4489998990e-14
d  1.6011920893e-02 7.9165715071e-01 -2.0000000000e-01 3.3250671708e-02 3.0000000000e+02 -3.3249511659e-09 -7.8231685164e-14 3.3250673406e-09 3.3249508790e-09 -6.5760159335e-15 7.8251524613e-14 -3.3250669662e-09 4.4412139715e-14
d  1.6014483292e-02 7.8986347213e-01 -2.0000000000e-01 3.2516676313e-02 3.0000000000e+02 -3.2515516788e-09 -7.8026446939e-14 3.2516678658e-09 3.2515513136e-09 -6.3266560373e-15 7.8046263400e-14 -3.2516673481e-09 4.4314939435e-14
d  1.6016020731e-02 7.8878726498e-01 -2.0000000000e-01 3.2078806271e-02 3.0000000000e+02 -3.2077647063e-09 -7.7904938260e-14 3.2078807793e-09 3.2077644514e-09 -6.1782438285e-15 7.7924759299e-14 -3.2078804540e-09 4.4256292232e-14
d  1.6017865658e-02 7.8749581640e-01 -2.0000000000e-01 3.1555879177e-02 3.0000000000e+02 -3.1554720354e-09 -7.7759798679e-14 3.1555892873e-09 3.1554703832e-09 -6.0015307290e-15 7.7778294496e-14 -3.1555863450e-09 4.4185218758e-14
d  1.6020079570e-02 7.8594607811e-01 -2.0000000000e-01 3.0932013842e-02 3.0000000000e+02 -3.0930855464e-09 -7.7589617499e-14 3.0932021509e-09 3.0930845849e-09 -5.7901292286e-15 7.7608920980e-14 -3.0932005033e-09 4.4101075416e-14
d  1.6022736265e-02 7.8408639216e-01 -2.0000000000e-01 3.0188676781e-02 3.0000000000e+02 -3.0187519015e-09 -7.7380375052e-14 3.0188679638e-09 3.0187514952e-09 -5.5399091978e-15 7.7400160335e-14 -3.0188673529e-09 4.3997635560e-14
d  1.6024330282e-02 7.8297058059e-01 -2.0000000000e-01 2.9745477418e-02 3.0000000000e+02 -2.9744320027e-09 -7.7256690221e-14 2.9745521795e-09 2.9744271092e-09 -5.3923359262e-15 7.7271673323e-14 -2.9745429216e-09 4.3933185019e-14
d  1.6026243103e-02 7.8163160670e-01 -2.0000000000e-01 2.9216418375e-02 3.0000000000e+02 -2.9215261293e-09 -7.7122981130e-14 2.9216419875e-09 2.9215258897e-09 -5.2118706324e-15 7.7142822806e-14 -2.9216416788e-09 4.3862900822e-14
d  1.6028538487e-02 7.8002483804e-01 -2.0000000000e-01 2.8585600542e-02 3.0000000000e+02 -2.8584444140e-09 -7.6933949526e-14 2.8585606878e-09 2.8584436528e-09 -5.0028095330e-15 7.6953396630e-14 -2.8585593730e-09 4.3768539012e-14
d  1.6029915718e-02 7.7906077684e-01 -2.0000000000e-01 2.8209242128e-02 3.0000000000e+02 -2.8208086001e-09 -7.6835389369e-14 2.8209237225e-09 2.8208090189e-09 -4.8761496257e-15 7.6856034327e-14 -2.8209247134e-09 4.3715268931e-14
d  1.6031568395e-02 7.7790390341e-01 -2.0000000000e-01 2.7759737623e-02 3.0000000000e+02 -2.7758581917e-09 -7.6708841892e-14 2.7759745035e-09 2.7758573672e-09 -4.7269828780e-15 7.6727931717e-14 -2.7759730168e-09 4.3647888692e-14
d  1.6033551607e-02 7.7651565528e-01 -2.0000000000e-01 2.7223404767e-02 3.0000000000e+02 -2.7222249474e-09 -7.6567888040e-14 2.7223409006e-09 2.7222244397e-09 -4.5473729933e-15 7.6587457932e-14 -2.7223400487e-09 4.3569810340e-14
d  1.6035931461e-02 7.7484975753e-01 -2.0000000000e-01 2.6584269232e-02 3.0000000000e+02 -2.6583114518e-09 -7.6393073753e-14 2.6584291060e-09 2.6583091575e-09 -4.3353580216e-15 7.6411243857e-14 -2.6584247060e-09 4.3472849666e-14
d  1.6037359374e-02 7.7385021888e-01 -2.0000000000e-01 2.6203140938e-02 3.0000000000e+02 -2.6201986508e-09 -7.6296534991e-14 2.6203144670e-09 2.6201982185e-09 -4.2078387732e-15 7.6316062909e-14 -2.6203137408e-09 4.3416546331e-14
d  1.6039072869e-02 7.7265077251e-01 -2.0000000000e-01 2.5748133695e-02 3.0000000000e+02 -2.5746979721e-09 -7.6169195350e-14 2.5748157954e-09 2.5746956030e-09 -4.0584041758e-15 7.6186331334e-14 -2.5748110756e-09 4.3344363186e-14
d  1.6041129064e-02 7.7121143685e-01 -2.0000000000e-01 2.5205510463e-02 3.0000000000e+02 -2.5204356873e-09 -7.6034010417e-14 2.5205513375e-09 2.5204353333e-09 -3.8769532400e-15 7.6053726571e-14 -2.5205507715e-09 4.3263156173e-14
d  1.6042362780e-02 7.7034783546e-01 -2.0000000000e-01 2.4881728745e-02 3.0000000000e+02 -2.4880575502e-09 -7.5943808200e-14 2.4881724624e-09 2.4880578376e-09 -3.7706644301e-15 7.5964415589e-14 -2.4881732424e-09 4.3211096731e-14
d  1.6043843240e-02 7.6931151379e-01 -2.0000000000e-01 2.4494969899e-02 3.0000000000e+02 -2.4493816989e-09 -7.5843217421e-14 2.4495017692e-09 2.4493774115e-09 -3.6447220894e-15 7.5856643136e-14 -2.4494927713e-09 4.3147183393e-14
d  1.6045619792e-02 7.6806792778e-01 -2.0000000000e-01 2.4033419232e-02 3.0000000000e+02 -2.4032266522e-09 -7.5744281568e-14 2.4033422161e-09 2.4032263144e-09 -3.4883871793e-15 7.5763949161e-14 -2.4033416641e-09 4.3080325809e-14
d  1.6047751655e-02 7.6657562457e-01 -2.0000000000e-01 2.3483294899e-02 3.0000000000e+02 -2.3482142808e-09 -7.5588661318e-14 2.3483299041e-09 2.3482138329e-09 -3.3095706724e-15 7.5608273350e-14 -2.3483291203e-09 4.2987532694e-14
d  1.6049030772e-02 7.6568024265e-01 -2.0000000000e-01 2.3155183734e-02 3.0000000000e+02 -2.3154031851e-09 -7.5513310857e-14 2.3155178008e-09 2.3154035842e-09 -3.2007555627e-15 7.5534122835e-14 -2.3155188527e-09 4.2935589447e-14
d  1.6050565713e-02 7.6460578434e-01 -2.0000000000e-01 2.2763402356e-02 3.0000000000e+02 -2.2762250788e-09 -7.5416540398e-14 2.2763413044e-09 2.2762241188e-09 -3.0728011534e-15 7.5435126456e-14 -2.2763393521e-09 4.2869975308e-14
d  1.6052407642e-02 7.6331643437e-01 -2.0000000000e-01 2.2296081621e-02 3.0000000000e+02 -2.2294930309e-09 -7.5314135000e-14 2.2296092024e-09 2.2294920849e-09 -2.9181543445e-15 7.5333000023e-14 -2.2296072928e-09 4.2794621661e-14
d  1.6054617957e-02 7.6176921440e-01 -2.0000000000e-01 2.1739384713e-02 3.0000000000e+02 -2.1738233782e-09 -7.5185792638e-14 2.1739400939e-09 2.1738219385e-09 -2.7357008898e-15 7.5204332761e-14 -2.1739371076e-09 4.2701232043e-14
d  1.6055944146e-02 7.6084088242e-01 -2.0000000000e-01 2.1407522171e-02 3.0000000000e+02 -2.1406371416e-09 -7.5115706628e-14 2.1407527217e-09 2.1406366743e-09 -2.6264983170e-15 7.5135018345e-14 -2.1407518268e-09 4.2646004950e-14
d  1.6057535572e-02 7.5972688405e-01 -2.0000000000e-01 2.1011427396e-02 3.0000000000e+02 -2.1010276884e-09 -7.5028130492e-14 2.1011429242e-09 2.1010274702e-09 -2.4970531001e-15 7.5047895660e-14 -2.1011425991e-09 4.2578198265e-14
d  1.6059445284e-02 7.5839008600e-01 -2.0000000000e-01 2.0539203918e-02 3.0000000000e+02 -2.0538053615e-09 -7.4932600339e-14 2.0539208515e-09 2.0538049275e-09 -2.3422984197e-15 7.4952118431e-14 -2.0539200349e-09 4.2497634954e-14
d  1.6060591112e-02 7.5758800717e-01 -2.0000000000e-01 2.0257499806e-02 3.0000000000e+02 -2.0256349609e-09 -7.4878769700e-14 2.0257495335e-09 2.0256352043e-09 -2.2498159159e-15 7.4899481698e-14 -2.0257503030e-09 4.2449618400e-14
d  1.6061966104e-02 7.5662551257e-01 -2.0000000000e-01 1.9921072231e-02 3.0000000000e+02 -1.9919922175e-09 -7.4812292366e-14 1.9921075017e-09 1.9919919436e-09 -2.1404746269e-15 7.4831878501e-14 -1.9921070262e-09 4.2390170935e-14
d  1.6063616096e-02 7.5547051906e-01 -2.0000000000e-01 1.9519689930e-02 3.0000000000e+02 -1.9518539930e-09 -7.4745187894e-14 1.9519695328e-09 1.9518535270e-09 -2.0086598308e-15 7.4764527446e-14 -1.9519686035e-09 4.2321181443e-14
d  1.6065596085e-02 7.5408452684e-01 -2.0000000000e-01 1.9041405922e-02 3.0000000000e+02 -1.9040255994e-09 -7.4665406397e-14 1.9041411829e-09 1.9040250924e-09 -1.8523396764e-15 7.4684811272e-14 -1.9041401615e-09 4.2237173354e-14
d  1.6066784079e-02 7.5325293151e-01 -2.0000000000e-01 1.8756215643e-02 3.0000000000e+02 -1.8755065733e-09 -7.4621559125e-14 1.8756209483e-09 1.8755069085e-09 -1.7590164366e-15 7.4642503261e-14 -1.8756219782e-09 4.2187040149e-14
d  1.6068209671e-02 7.5225501711e-01 -2.0000000000e-01 1.8415751339e-02 3.0000000000e+02 -1.8414601446e-09 -7.4568537869e-14 1.8415765002e-09 1.8414591628e-09 -1.6491097029e-15 7.4586585098e-14 -1.8415742261e-09 4.2124457189e-14
d  1.6069920382e-02 7.5105751984e-01 -2.0000000000e-01 1.8009732084e-02 3.0000000000e+02 -1.8008582028e-09 -7.4525052578e-14 1.8009766939e-09 1.8008557781e-09 -1.5158687338e-15 7.4540952382e-14 -1.8009708540e-09 4.2053148794e-14
d  1.6071973235e-02 7.4962052311e-01 -2.0000000000e-01 1.7526179866e-02 3.0000000000e+02 -1.7525029612e-09 -7.4474295529e-14 1.7526190848e-09 1.7525021388e-09 -1.3568564732e-15 7.4493232513e-14 -1.7526172392e-09 4.1968073555e-14
d  1.6073204947e-02 7.4875832507e-01 -2.0000000000e-01 1.7237990925e-02 3.0000000000e+02 -1.7236840603e-09 -7.4439282859e-14 1.7237996784e-09 1.7236836237e-09 -1.2640234681e-15 7.4458418586e-14 -1.7237987311e-09 4.1913939364e-14
d  1.6074683001e-02 7.4772368742e-01 -2.0000000000e-01 1.6894078867e-02 3.0000000000e+02 -1.6892928305e-09 -7.4412898936e-14 1.6894081494e-09 1.6892925944e-09 -1.1516575195e-15 7.4432537589e-14 -1.6894077265e-09 4.1851735746e-14
d  1.6076456666e-02 7.4648212224e-01 -2.0000000000e-01 1.6484145812e-02 3.0000000000e+02 -1.6482994902e-09 -7.4388237097e-14 1.6484174556e-09 1.6482976235e-09 -1.0185970916e-15 7.4404986302e-14 -1.6484127856e-09 4.1775859347e-14
d  1.6077520865e-02 7.4573718314e-01 -2.0000000000e-01 1.6239636683e-02 3.0000000000e+02 -1.6238485421e-09 -7.4390287534e-14 1.6239632317e-09 1.6238487127e-09 -9.3661903154e-16 7.4411041112e-14 -1.6239639163e-09 4.1734801660e-14
d  1.6078797904e-02 7.4484325621e-01 -2.0000000000e-01 1.5947673905e-02 3.0000000000e+02 -1.5946522461e-09 -7.4364622085e-14 1.5947729457e-09 1.5946490606e-09 -8.4597334818e-16 7.4375682518e-14 -1.5947642668e-09 4.1673582447e-14
d  1.6080330351e-02 7.4377054390e-01 -2.0000000000e-01 1.5599374713e-02 3.0000000000e+02 -1.5598222493e-09 -7.4395026284e-14 1.5599383297e-09 1.5598216842e-09 -7.2657365040e-16 7.4413890517e-14 -1.5599369803e-09 4.1619095131e-14
d  1.6082169286e-02 7.4248328912e-01 -2.0000000000e-01 1.5184415726e-02 3.0000000000e+02 -1.5183263051e-09 -7.4378779827e-14 1.5184452969e-09 1.5183240701e-09 -5.9500742474e-16 7.4394730045e-14 -1.5184394069e-09 4.1535827504e-14
d  1.6083272648e-02 7.4171093626e-01 -2.0000000000e-01 1.4937009795e-02 3.0000000000e+02 -1.4935856488e-09 -7.4409671928e-14 1.4937003840e-09 1.4935858841e-09 -5.1106018182e-16 7.4430661681e-14 -1.4937012921e-09 4.1495431553e-14
d  1.6084596682e-02 7.4078411282e-01 -2.0000000000e-01 1.4641684698e-02 3.0000000000e+02 -1.4640530941e-09 -7.4409348881e-14 1.4641698699e-09 1.4640522955e-09 -4.1805504898e-16 7.4427179576e-14 -1.4641677432e-09 4.1434861154e-14
d  1.6086185522e-02 7.3967192470e-01 -2.0000000000e-01 1.4289518793e-02 3.0000000000e+02 -1.4288364009e-09 -7.4462903001e-14 1.4289524734e-09 1.4288360133e-09 -3.0048942083e-16 7.4482146623e-14 -1.4289515658e-09 4.1373829778e-14
d  1.6087138827e-02 7.3900461182e-01 -2.0000000000e-01 1.4079396735e-02 3.0000000000e+02 -1.4078241425e-09 -7.4485783098e-14 1.4079395212e-09 1.4078241402e-09 -2.3233076134e-16 7.4506079670e-14 -1.4079397470e-09 4.1333970820e-14
d  1.6088282792e-02 7.3820383637e-01 -2.0000000000e-01 1.3828410359e-02 3.0000000000e+02 -1.3827254307e-09 -7.4523142876e-14 1.3828410835e-09 1.3827253345e-09 -1.5055021908e-16 7.4543056485e-14 -1.3828410148e-09 4.1286926982e-14
d  1.6089655550e-02 7.3724290583e-01 -2.0000000000e-01 1.3528890156e-02 3.0000000000e+02 -1.3527733067e-09 -7.4583512007e-14 1.3528892717e-09 1.3527731098e-09 -5.1971069871e-17 7.4603129983e-14 -1.3528888931e-09 4.1232403947e-14
d  1.6091302860e-02 7.3608978918e-01 -2.0000000000e-01 1.3171863323e-02 3.0000000000e+02 -1.3170704889e-09 -7.4666172299e-14 1.3171876279e-09 1.3170697796e-09 6.5048041310e-17 7.4684585216e-14 -1.3171856954e-09 4.1166534628e-14
d  1.6092291246e-02 7.3539791919e-01 -2.0000000000e-01 1.2958911425e-02 3.0000000000e+02 -1.2957752085e-09 -7.4727629700e-14 1.2958907940e-09 1.2957752864e-09 1.3572808785e-16 7.4748283590e-14 -1.2958912963e-09 4.1128775435e-14
d  1.6093477310e-02 7.3456767521e-01 -2.0000000000e-01 1.2704616926e-02 3.0000000000e+02 -1.2703456519e-09 -7.4795320128e-14 1.2704652775e-09 1.2703440250e-09 2.1663189391e-16 7.4809049356e-14 -1.2704601305e-09 4.1077847058e-14
d  1.6094900585e-02 7.3357138242e-01 -2.0000000000e-01 1.2401235549e-02 3.0000000000e+02 -1.2400073434e-09 -7.4923690572e-14 1.2401243844e-09 1.2400069019e-09 3.2049041682e-16 7.4942499001e-14 -1.2401231862e-09 4.1029418774e-14
d  1.6096608516e-02 7.3237583108e-01 -2.0000000000e-01 1.2039743552e-02 3.0000000000e+02 -1.2038579586e-09 -7.5051219195e-14 1.2039763977e-09 1.2038569623e-09 4.3755456908e-16 7.5068811389e-14 -1.2039734294e-09 4.0960338185e-14
d  1.6097633275e-02 7.3165850028e-01 -2.0000000000e-01 1.1824198793e-02 3.0000000000e+02 -1.1823033453e-09 -7.5158898650e-14 1.1824193761e-09 1.1823034725e-09 5.1027401338e-16 7.5179808851e-14 -1.1824200823e-09 4.0924345897e-14
d  1.6098862985e-02 7.3079770331e-01 -2.0000000000e-01 1.1566873398e-02 3.0000000000e+02 -1.1565706465e-09 -7.5275241063e-14 1.1566882392e-09 1.1565702173e-09 5.9338199465e-16 7.5293724851e-14 -1.1566869825e-09 4.0875084765e-14
d  1.6100338638e-02 7.2976474695e-01 -2.0000000000e-01 1.1259969753e-02 3.0000000000e+02 -1.1258800476e-09 -7.5462229146e-14 1.1259974773e-09 1.1258797713e-09 6.9707555339e-16 7.5481534399e-14 -1.1259967719e-09 4.0824386807e-14
d  1.6101224029e-02 7.2914497314e-01 -2.0000000000e-01 1.1076826398e-02 3.0000000000e+02 -1.1075655726e-09 -7.5573058148e-14 1.1076808461e-09 1.1075661376e-09 7.5832665957e-16 7.5596864033e-14 -1.1076832848e-09 4.0793118357e-14
d  1.6102286499e-02 7.2840124456e-01 -2.0000000000e-01 1.0858035814e-02 3.0000000000e+02 -1.0856863408e-09 -7.5707895829e-14 1.0858033889e-09 1.0856863362e-09 8.2903977602e-16 7.5728276659e-14 -1.0858036514e-09 4.0751792207e-14
d  1.6103561462e-02 7.2750877027e-01 -2.0000000000e-01 1.0596881431e-02 3.0000000000e+02 -1.0595706525e-09 -7.5916610970e-14 1.0596907687e-09 1.0595696242e-09 9.1706645190e-16 7.5932345027e-14 -1.0596871819e-09 4.0709144458e-14
d  1.6105091419e-02 7.2643780111e-01 -2.0000000000e-01 1.0285492015e-02 3.0000000000e+02 -1.0284313920e-09 -7.6183996796e-14 1.0285497019e-09 1.0284311334e-09 1.0236739092e-15 7.6203329763e-14 -1.0285490155e-09 4.0661188135e-14
d  1.6106009392e-02 7.2579521962e-01 -2.0000000000e-01 1.0099721306e-02 3.0000000000e+02 -1.0098541342e-09 -7.6338074056e-14 1.0099719160e-09 1.0098541313e-09 1.0845010083e-15 7.6358513254e-14 -1.0099722019e-09 4.0628117767e-14
d  1.6107110961e-02 7.2502412183e-01 -2.0000000000e-01 9.8778312714e-03 3.0000000000e+02 -9.8766487579e-10 -7.6552469502e-14 9.8778438884e-10 9.8766439604e-10 1.1584665426e-15 7.6570062118e-14 -9.8778271706e-10 4.0591281932e-14
d  1.6108432843e-02 7.2409880448e-01 -2.0000000000e-01 9.6130287118e-03 3.0000000000e+02 -9.6118427931e-10 -7.6845716123e-14 9.6130327357e-10 9.6118407378e-10 1.2498549298e-15 7.6865085744e-14 -9.6130273802e-10 4.0553040945e-14
d  1.6110019102e-02 7.2298842367e-01 -2.0000000000e-01 9.2973675290e-03 3.0000000000e+02 -9.2961773374e-10 -7.7211077665e-14 9.2973896834e-10 9.2961691448e-10 1.3560985278e-15 7.7228231560e-14 -9.2973600230e-10 4.0503573117e-14
d  1.6110970857e-02 7.2232219518e-01 -2.0000000000e-01 9.1090850766e-03 3.0000000000e+02 -9.1078920471e-10 -7.7463349417e-14 9.1090818095e-10 9.1078922801e-10 1.4215097642e-15 7.7483994652e-14 -9.1090860513e-10 4.0478218253e-14
d  1.6112112964e-02 7.2152272099e-01 -2.0000000000e-01 8.8842355666e-03 3.0000000000e+02 -8.8830390917e-10 -7.7757934144e-14 8.8842902489e-10 8.8830225111e-10 1.4941584173e-15 7.7767865405e-14 -8.8842195565e-10 4.0439084214e-14
d  1.6113483491e-02 7.2056335196e-01 -2.0000000000e-01 8.6159385917e-03 3.0000000000e+02 -8.6147371734e-10 -7.8204554587e-14 8.6159529516e-10 8.6147321950e-10 1.5923618843e-15 7.8222384253e-14 -8.6159343079e-10 4.0412886217e-14
d  1.6115128124e-02 7.1941210913e-01 -2.0000000000e-01 8.2961711139e-03 3.0000000000e+02 -8.2949638297e-10 -7.8712700539e-14 8.2961739531e-10 8.2949622549e-10 1.7005882440e-15 7.8732348785e-14 -8.2961702613e-10 4.0367346856e-14
d  1.6116114904e-02 7.1872136343e-01 -2.0000000000e-01 8.1054824841e-03 3.0000000000e+02 -8.1042713271e-10 -7.9060483646e-14 8.1054797329e-10 8.1042713218e-10 1.7658202740e-15 7.9081008341e-14 -8.1054832139e-10 4.0342675534e-14
d  1.6117299040e-02 7.1789246859e-01 -2.0000000000e-01 7.8777849851e-03 3.0000000000e+02 -7.8765687712e-10 -7.9511810224e-14 7.8777924759e-10 7.8765661340e-10 1.8445785581e-15 7.9530478145e-14 -7.8777830525e-10 4.0315467459e-14
d  1.6118720003e-02 7.1689779479e-01 -2.0000000000e-01 7.6061352386e-03 3.0000000000e+02 -7.6049123800e-10 -8.0110830323e-14 7.6061505865e-10 7.6049076572e-10 1.9406522079e-15 8.0128590360e-14 -7.6061312045e-10 4.0288060428e-14
d  1.6119572581e-02 7.1630099050e-01 -2.0000000000e-01 7.4439968779e-03 3.0000000000e+02 -7.4427698363e-10 -8.0492654598e-14 7.4439808290e-10 7.4427727340e-10 1.9983354657e-15 8.0516249965e-14 -7.4440005560e-10 4.0273183106e-14
d  1.6120595674e-02 7.1558482536e-01 -2.0000000000e-01 7.2502589271e-03 3.0000000000e+02 -7.2490266972e-10 -8.0952647955e-14 7.2502587077e-10 7.2490260305e-10 2.0634637202e-15 8.0972693808e-14 -7.2502589840e-10 4.0249595722e-14
d  1.6121823386e-02 7.1472542719e-01 -2.0000000000e-01 7.0189354905e-03 3.0000000000e+02 -7.0176962378e-10 -8.1597921927e-14 7.0189486195e-10 7.0176925386e-10 2.1469194944e-15 8.1615666872e-14 -7.0189324773e-10 4.0233048968e-14
d  1.6123296641e-02 7.1369414939e-01 -2.0000000000e-01 6.7430106950e-03 3.0000000000e+02 -6.7417624853e-10 -8.2416885316e-14 6.7430551825e-10 6.7417515179e-10 2.2445815496e-15 8.2430613911e-14 -6.7430003480e-10 4.0212186983e-14
d  1.6124180593e-02 7.1307538271e-01 -2.0000000000e-01 6.5783607975e-03 3.0000000000e+02 -6.5771068123e-10 -8.2958645709e-14 6.5783596508e-10 6.5771063258e-10 2.3048533016e-15 8.2978893989e-14 -6.5783610346e-10 4.0204801041e-14
d  1.6125241336e-02 7.1233286269e-01 -2.0000000000e-01 6.3816651617e-03 3.0000000000e+02 -6.3804041286e-10 -8.3590624314e-14 6.3816688541e-10 6.3804026976e-10 2.3709065780e-15 8.3609878356e-14 -6.3816644376e-10 4.0186398237e-14
d  1.6126514228e-02 7.1144183867e-01 -2.0000000000e-01 6.1468735991e-03 3.0000000000e+02 -6.1456030507e-10 -8.4473420141e-14 6.1468909437e-10 6.1455989141e-10 2.4555878684e-15 8.4490539559e-14 -6.1468701344e-10 4.0177501851e-14
d  1.6128041698e-02 7.1037260984e-01 -2.0000000000e-01 5.8669161905e-03 3.0000000000e+02 -5.8656333461e-10 -8.5614929888e-14 5.8669409879e-10 5.8656277046e-10 2.5558336931e-15 8.5631548876e-14 -5.8669112114e-10 4.0169073025e-14
d  1.6128958181e-02 7.0973107255e-01 -2.0000000000e-01 5.6999479131e-03 3.0000000000e+02 -5.6986573111e-10 -8.6345092572e-14 5.6999467150e-10 5.6986568041e-10 2.6136653180e-15 8.6365343535e-14 -5.6999481256e-10 4.0163203989e-14
d  1.6130057959e-02 7.0896122779e-01 -2.0000000000e-01 5.5005754047e-03 3.0000000000e+02 -5.4992749058e-10 -8.7259908027e-14 5.5005810900e-10 5.4992732548e-10 2.6811362082e-15 8.7278796434e-14 -5.5005744507e-10 4.0155247655e-14
d  1.6131377693e-02 7.0803741409e-01 -2.0000000000e-01 5.2627451342e-03 3.0000000000e+02 -5.2614316108e-10 -8.8484734552e-14 5.2627597721e-10 5.2614284613e-10 2.7648382008e-15 8.8502380444e-14 -5.2627426608e-10 4.0155384074e-14
d  1.6132961374e-02 7.0692883764e-01 -2.0000000000e-01 4.9794531984e-03 3.0000000000e+02 -4.9781228036e-10 -9.0075039180e-14 4.9794661278e-10 4.9781199472e-10 2.8623205072e-15 9.0093330875e-14 -4.9794510267e-10 4.0157353716e-14
d  1.6133911583e-02 7.0626369177e-01 -2.0000000000e-01 4.8107121236e-03 3.0000000000e+02 -4.8093711606e-10 -9.1084360263e-14 4.8107112483e-10 4.8093705773e-10 2.9150788156e-15 9.1104537887e-14 -4.8107122541e-10 4.0153408393e-14
d  1.6135051833e-02 7.0546551673e-01 -2.0000000000e-01 4.6094766124e-03 3.0000000000e+02 -4.6081220000e-10 -9.2378529632e-14 4.6094779288e-10 4.6081211151e-10 2.9783722728e-15 9.2398280143e-14 -4.6094764337e-10 4.0152553532e-14
d  1.6136420134e-02 7.0450770668e-01 -2.0000000000e-01 4.3698658759e-03 3.0000000000e+02 -4.3684935837e-10 -9.4070643978e-14 4.3698864387e-10 4.3684900924e-10 3.0526450007e-15 9.4087435092e-14 -4.3698630428e-10 4.0155734966e-14
d  1.6138062094e-02 7.0335833462e-01 -2.0000000000e-01 4.0852640719e-03 3.0000000000e+02 -4.0838689165e-10 -9.6277233688e-14 4.0852702993e-10 4.0838673849e-10 3.1363824543e-15 9.6296434183e-14 -4.0852632350e-10 4.0160989757e-14
d  1.6139047271e-02 7.0266871139e-01 -2.0000000000e-01 3.9163016491e-03 3.0000000000e+02 -3.9148924240e-10 -9.7650304243e-14 3.9163107743e-10 3.9148907040e-10 3.1741893738e-15 9.7668506765e-14 -3.9163006076e-10 4.0149635875e-14
d  1.6140229482e-02 7.0184116351e-01 -2.0000000000e-01 3.7154734351e-03 3.0000000000e+02 -3.7140460302e-10 -9.9430641684e-14 3.7154732889e-10 3.7140453440e-10 3.2207918311e-15 9.9450668587e-14 -3.7154734548e-10 4.0144430290e-14
d  1.6140938809e-02 7.0134463478e-01 -2.0000000000e-01 3.5960967034e-03 3.0000000000e+02 -3.5946582101e-10 -1.0052365517e-13 3.5961023145e-10 3.5946569884e-10 3.2414676803e-15 1.0054208586e-13 -3.5960961622e-10 4.0132677381e-14
d  1.6141790002e-02 7.0074880030e-01 -2.0000000000e-01 3.4540262794e-03 3.0000000000e+02 -3.4525737940e-10 -1.0191300004e-13 3.4540286024e-10 3.4525728844e-10 3.2671065939e-15 1.0193239265e-13 -3.4540260646e-10 4.0123789727e-14
d  1.6142811432e-02 7.0003379893e-01 -2.0000000000e-01 3.2853687849e-03 3.0000000000e+02 -3.2838990106e-10 -1.0362950001e-13 3.2853693116e-10 3.2838982638e-10 3.2915405931e-15 1.0364938614e-13 -3.2853687396e-10 4.0107341711e-14
d  1.6143424291e-02 6.9960479811e-01 -2.0000000000e-01 3.1852347982e-03 3.0000000000e+02 -3.1837546196e-10 -1.0467861389e-13 3.1852392933e-10 3.1837535677e-10 3.2994712754e-15 1.0469714445e-13 -3.1852344263e-10 4.0089476207e-14
d  1.6144159721e-02 6.9908999712e-01 -2.0000000000e-01 3.0662006912e-03 3.0000000000e+02 -3.0647076245e-10 -1.0598281838e-13 3.0661988986e-10 3.0647070617e-10 3.3085691180e-15 1.0600336641e-13 -3.0662008391e-10 4.0070253509e-14
d  1.6144600979e-02 6.9878111653e-01 -2.0000000000e-01 2.9954117420e-03 3.0000000000e+02 -2.9939110137e-10 -1.0675750915e-13 2.9954340748e-10 2.9939087641e-10 3.3073314043e-15 1.0676724669e-13 -2.9954100357e-10 4.0048826836e-14
d  1.6145130489e-02 6.9841045982e-01 -2.0000000000e-01 2.9111219511e-03 3.0000000000e+02 -2.9096115723e-10 -1.0777881886e-13 2.9111238282e-10 2.9096107464e-10 3.3134659500e-15 1.0779801198e-13 -2.9111218141e-10 4.0039028955e-14
d  1.6145765901e-02 6.9796567176e-01 -2.0000000000e-01 2.8109687131e-03 3.0000000000e+02 -2.8094471639e-10 -1.0888393870e-13 2.8109670432e-10 2.8094465782e-10 3.3084357717e-15 1.0890453398e-13 -2.8109688373e-10 4.0005214963e-14
d  1.6146147148e-02 6.9769879893e-01 -2.0000000000e-01 2.7514297054e-03 3.0000000000e+02 -2.7499013694e-10 -1.0958611770e-13 2.7514432409e-10 2.7498998285e-10 3.3025288986e-15 1.0959888305e-13 -2.7514287535e-10 3.9982757949e-14
d  1.6146604644e-02 6.9737855153e-01 -2.0000000000e-01 2.6805556935e-03 3.0000000000e+02 -2.6790189842e-10 -1.1048984232e-13 2.6805566145e-10 2.6790182307e-10 3.3004341858e-15 1.1050938174e-13 -2.6805556329e-10 3.9965741520e-14
d  1.6147153640e-02 6.9699425466e-01 -2.0000000000e-01 2.5963682184e-03 3.0000000000e+02 -2.5948218161e-10 -1.1146803720e-13 2.5963672048e-10 2.5948211802e-10 3.2881010500e-15 1.1148845789e-13 -2.5963682886e-10 3.9927997692e-14
d  1.6147483037e-02 6.9676367653e-01 -2.0000000000e-01 2.5463289558e-03 3.0000000000e+02 -2.5447767106e-10 -1.1208468275e-13 2.5463365550e-10 2.5447755834e-10 3.2786612266e-15 1.1209996327e-13 -2.5463284552e-10 3.9903864640e-14
d  1.6147878314e-02 6.9648698278e-01 -2.0000000000e-01 2.4867688080e-03 3.0000000000e+02 -2.4852094366e-10 -1.1286044337e-13 2.4867692085e-10 2.4852087179e-10 3.2701353322e-15 1.1288021063e-13 -2.4867687846e-10 3.9880836693e-14
d  1.6148352646e-02 6.9615495028e-01 -2.0000000000e-01 2.4160236878e-03 3.0000000000e+02 -2.4144560456e-10 -1.1371523432e-13 2.4160231902e-10 2.4144553768e-10 3.2531263105e-15 1.1373547455e-13 -2.4160237213e-10 3.9841089648e-14
d  1.6148637246e-02 6.9595573077e-01 -2.0000000000e-01 2.3739720842e-03 3.0000000000e+02 -2.3723994913e-10 -1.1424814359e-13 2.3739760360e-10 2.3723985891e-10 3.2414617373e-15 1.1426529419e-13 -2.3739718366e-10 3.9816148667e-14
d  1.6148978765e-02 6.9571666737e-01 -2.0000000000e-01 2.3239146617e-03 3.0000000000e+02 -2.3223360955e-10 -1.1490400837e-13 2.3239276743e-10 2.3223347328e-10 3.2269141787e-15 1.1491522711e-13 -2.3239138620e-10 3.9786300958e-14
d  1.6149388588e-02 6.9542979129e-01 -2.0000000000e-01 2.2644455974e-03 3.0000000000e+02 -2.2628599200e-10 -1.1569108599e-13 2.2644461291e-10 2.2628591977e-10 3.2110486282e-15 1.1571078783e-13 -2.2644455682e-10 3.9753836147e-14
d  1.6149880376e-02 6.9508553999e-01 -2.0000000000e-01 2.1939780927e-03 3.0000000000e+02 -2.1923842854e-10 -1.1653878888e-13 2.1939785091e-10 2.1923835696e-10 3.1833917295e-15 1.1655859489e-13 -2.1939780712e-10 3.9699041962e-14
d  1.6150175448e-02 6.9487898921e-01 -2.0000000000e-01 2.1521830283e-03 3.0000000000e+02 -2.1505843444e-10 -1.1708458036e-13 2.1521912003e-10 2.1505832629e-10 3.1655482533e-15 1.1709889508e-13 -2.1521825564e-10 3.9666071329e-14
d  1.6150529536e-02 6.9463112828e-01 -2.0000000000e-01 2.1025243549e-03 3.0000000000e+02 -2.1009198141e-10 -1.1775824697e-13 2.1025247319e-10 2.1009191020e-10 3.1465356995e-15 1.1777800146e-13 -2.1025243357e-10 3.9631513542e-14
d  1.6150954440e-02 6.9433369516e-01 -2.0000000000e-01 2.0436675377e-03 3.0000000000e+02 -2.0420563549e-10 -1.1846736411e-13 2.0436672950e-10 2.0420556716e-10 3.1169054994e-15 1.1848749544e-13 -2.0436675528e-10 3.9576693215e-14
d  1.6151209383e-02 6.9415523528e-01 -2.0000000000e-01 2.0087479306e-03 3.0000000000e+02 -2.0071327897e-10 -1.1891857143e-13 2.0087517418e-10 2.0071319283e-10 3.0982980439e-15 1.1893549530e-13 -2.0087477181e-10 3.9543856544e-14
d  1.6151515314e-02 6.9394108344e-01 -2.0000000000e-01 1.9672446468e-03 3.0000000000e+02 -1.9656247919e-10 -1.1947050416e-13 1.9672580337e-10 1.9656235214e-10 3.0749950548e-15 1.1948038989e-13 -1.9672439169e-10 3.9503875865e-14
d  1.6151882432e-02 6.9368410122e-01 -2.0000000000e-01 1.9180296041e-03 3.0000000000e+02 -1.9164041923e-10 -1.2013408468e-13 1.9180173197e-10 1.9164040181e-10 3.0515326085e-15 1.2016180229e-13 -1.9180302442e-10 3.9463568050e-14
d  1.6152102702e-02 6.9352991189e-01 -2.0000000000e-01 1.8888147752e-03 3.0000000000e+02 -1.8871865441e-10 -1.2035630714e-13 1.8888164598e-10 1.8871857811e-10 3.0262553891e-15 1.2037473039e-13 -1.8888146835e-10 3.9415639836e-14
d  1.6152367027e-02 6.9334488469e-01 -2.0000000000e-01 1.8540754159e-03 3.0000000000e+02 -1.8524431644e-10 -1.2090991476e-13 1.8540811000e-10 1.8524422410e-10 3.0074749534e-15 1.2092493440e-13 -1.8540751112e-10 3.9386934786e-14
d  1.6152684217e-02 6.9312285206e-01 -2.0000000000e-01 1.8128529813e-03 3.0000000000e+02 -1.8112163724e-10 -1.2141774795e-13 1.8128447534e-10 1.8112160061e-10 2.9816609673e-15 1.2144374467e-13 -1.8128534021e-10 3.9342437891e-14
d  1.6153064844e-02 6.9285641289e-01 -2.0000000000e-01 1.7640695956e-03 3.0000000000e+02 -1.7624281430e-10 -1.2193510612e-13 1.7640697015e-10 1.7624274460e-10 2.9423858127e-15 1.2195504194e-13 -1.7640695923e-10 3.9273344628e-14
d  1.6153293220e-02 6.9269654940e-01 -2.0000000000e-01 1.7351638983e-03 3.0000000000e+02 -1.7335194196e-10 -1.2234069286e-13 1.7351669100e-10 1.7335186126e-10 2.9217206113e-15 1.2235797377e-13 -1.7351637440e-10 3.9240192213e-14
d  1.6153567272e-02 6.9250471320e-01 -2.0000000000e-01 1.7008435353e-03 3.0000000000e+02 -1.6991956499e-10 -1.2276577196e-13 1.7008515322e-10 1.6991946599e-10 2.8942250547e-15 1.2277901306e-13 -1.7008431357e-10 3.9194345192e-14
d  1.6153896134e-02 6.9227450976e-01 -2.0000000000e-01 1.6601950931e-03 3.0000000000e+02 -1.6585432700e-10 -1.2326856414e-13 1.6601908878e-10 1.6585427309e-10 2.8633016963e-15 1.2329152090e-13 -1.6601952933e-10 3.9142926919e-14
d  1.6154093452e-02 6.9213638770e-01 -2.0000000000e-01 1.6360899103e-03 3.0000000000e+02 -1.6344360298e-10 -1.2346095650e-13 1.6360911276e-10 1.6344352940e-10 2.8388433222e-15 1.2347968265e-13 -1.6360898487e-10 3.9099105504e-14
d  1.6154330232e-02 6.9197064123e-01 -2.0000000000e-01 1.6074490960e-03 3.0000000000e+02 -1.6057925036e-10 -1.2385145779e-13 1.6074532807e-10 1.6057916640e-10 2.8146793507e-15 1.2386735786e-13 -1.6074488872e-10 3.9060668993e-14
d  1.6154614369e-02 6.9177174546e-01 -2.0000000000e-01 1.5734950263e-03 3.0000000000e+02 -1.5718354402e-10 -1.2424099281e-13 1.5734896184e-10 1.5718349349e-10 2.7853434721e-15 1.2426540168e-13 -1.5734952821e-10 3.9011631308e-14
d  1.6154955334e-02 6.9153307053e-01 -2.0000000000e-01 1.5333554502e-03 3.0000000000e+02 -1.5316926479e-10 -1.2460761521e-13 1.5333553832e-10 1.5316919586e-10 2.7435026384e-15 1.2462766068e-13 -1.5333554547e-10 3.8939198646e-14
d  1.6155159912e-02 6.9138986558e-01 -2.0000000000e-01 1.5095919706e-03 3.0000000000e+02 -1.5079271793e-10 -1.2490889017e-13 1.5095940503e-10 1.5079264189e-10 2.7206617368e-15 1.2492679095e-13 -1.5095918708e-10 3.8902533640e-14
d  1.6155405406e-02 6.9121801964e-01 -2.0000000000e-01 1.4813959073e-03 3.0000000000e+02 -1.4797289193e-10 -1.2521850582e-13 1.4813972907e-10 1.4797281830e-10 2.6922063745e-15 1.2523719851e-13 -1.4813958437e-10 3.8855303193e-14
d  1.6155700000e-02 6.9101180450e-01 -2.0000000000e-01 1.4480260414e-03 3.0000000000e+02 -1.4463566413e-10 -1.2554350797e-13 1.4480180092e-10 1.4463562057e-10 2.6576562489e-15 1.2556982462e-13 -1.4480263952e-10 3.8796970444e-14
d  1.6155876755e-02 6.9088807542e-01 -2.0000000000e-01 1.4282492500e-03 3.0000000000e+02 -1.4265786331e-10 -1.2565630382e-13 1.4282500281e-10 1.4265779175e-10 2.6321539480e-15 1.2567539378e-13 -1.4282492128e-10 3.8751307013e-14
d  1.6156088863e-02 6.9073960053e-01 -2.0000000000e-01 1.4047623122e-03 3.0000000000e+02 -1.4030899447e-10 -1.2599283550e-13 1.4047649204e-10 1.4030891728e-10 2.6085121115e-15 1.2600997946e-13 -1.4047621886e-10 3.8715238637e-14
d  1.6156343391e-02 6.9056143065e-01 -2.0000000000e-01 1.3769323646e-03 3.0000000000e+02 -1.3752582797e-10 -1.2624251877e-13 1.3769304574e-10 1.3752576470e-10 2.5770188881e-15 1.2626425714e-13 -1.3769324506e-10 3.8661797429e-14
d  1.6156648825e-02 6.9034762680e-01 -2.0000000000e-01 1.3440506962e-03 3.0000000000e+02 -1.3423748029e-10 -1.2648884889e-13 1.3440471385e-10 1.3423742178e-10 2.5367341756e-15 1.2651154758e-13 -1.3440508442e-10 3.8592179339e-14
d  1.6156832086e-02 6.9021934449e-01 -2.0000000000e-01 1.3245921034e-03 3.0000000000e+02 -1.3229152022e-10 -1.2664600099e-13 1.3245933667e-10 1.3229144747e-10 2.5117568643e-15 1.2666457605e-13 -1.3245920456e-10 3.8549683250e-14
d  1.6157051998e-02 6.9006540572e-01 -2.0000000000e-01 1.3015110727e-03 3.0000000000e+02 -1.2998329476e-10 -1.2689742043e-13 1.3015106101e-10 1.2998322709e-10 2.4847921399e-15 1.2691790897e-13 -1.3015110949e-10 3.8505988284e-14
d  1.6157315893e-02 6.8988067919e-01 -2.0000000000e-01 1.2742029992e-03 3.0000000000e+02 -1.2725237247e-10 -1.2707574958e-13 1.2741968052e-10 1.2725232093e-10 2.4497017891e-15 1.2710119500e-13 -1.2742032585e-10 3.8445208464e-14
d  1.6157632567e-02 6.8965900736e-01 -2.0000000000e-01 1.2419965375e-03 3.0000000000e+02 -1.2403161115e-10 -1.2727359497e-13 1.2419934017e-10 1.2403155077e-10 2.4053881975e-15 1.2729588937e-13 -1.2419966599e-10 3.8368222339e-14
d  1.6157822572e-02 6.8952600426e-01 -2.0000000000e-01 1.2229680760e-03 3.0000000000e+02 -1.2212869897e-10 -1.2742933367e-13 1.2229699507e-10 1.2212862488e-10 2.3793955178e-15 1.2744729408e-13 -1.2229679946e-10 3.8324621698e-14
d  1.6158050577e-02 6.8936640054e-01 -2.0000000000e-01 1.2004272168e-03 3.0000000000e+02 -1.1987454238e-10 -1.2763620483e-13 1.2004266262e-10 1.1987447503e-10 2.3501167624e-15 1.2765680646e-13 -1.2004272431e-10 3.8276361478e-14
d  1.6158324184e-02 6.8917487608e-01 -2.0000000000e-01 1.1738013475e-03 3.0000000000e+02 -1.1721190439e-10 -1.2774683929e-13 1.1738030966e-10 1.1721183092e-10 2.3107971981e-15 1.2776535612e-13 -1.1738012804e-10 3.8207010845e-14
d  1.6158652512e-02 6.8894504672e-01 -2.0000000000e-01 1.1424611228e-03 3.0000000000e+02 -1.1407783414e-10 -1.2794748358e-13 1.1424589748e-10 1.1407777067e-10 2.2662780927e-15 1.2796899960e-13 -1.1424612014e-10 3.8131036492e-14
d  1.6158849508e-02 6.8880714911e-01 -2.0000000000e-01 1.1239761198e-03 3.0000000000e+02 -1.1222932492e-10 -1.2799318948e-13 1.1239750271e-10 1.1222925880e-10 2.2377535621e-15 1.2801433609e-13 -1.1239761661e-10 3.8079989308e-14
d  1.6159085904e-02 6.8864167197e-01 -2.0000000000e-01 1.1021104844e-03 3.0000000000e+02 -1.1004275542e-10 -1.2810726850e-13 1.1021060561e-10 1.1004269749e-10 2.2054423875e-15 1.2813161939e-13 -1.1021106616e-10 3.8024475728e-14
d  1.6159369579e-02 6.8844309941e-01 -2.0000000000e-01 1.0763270432e-03 3.0000000000e+02 -1.0746443098e-10 -1.2816760525e-13 1.0763287947e-10 1.0746435794e-10 2.1634615972e-15 1.2818617260e-13 -1.0763269803e-10 3.7949681895e-14
d  1.6159539784e-02 6.8832395587e-01 -2.0000000000e-01 1.0610949124e-03 3.0000000000e+02 -1.0594122634e-10 -1.2828976487e-13 1.0610958939e-10 1.0594115512e-10 2.1410946915e-15 1.2830857198e-13 -1.0610948714e-10 3.7912791387e-14
d  1.6159744031e-02 6.8818098362e-01 -2.0000000000e-01 1.0430512662e-03 3.0000000000e+02 -1.0413689606e-10 -1.2831589842e-13 1.0430511318e-10 1.0413682756e-10 2.1119205508e-15 1.2833605134e-13 -1.0430512728e-10 3.7860488244e-14
d  1.6159989126e-02 6.8800941693e-01 -2.0000000000e-01 1.0217370508e-03 3.0000000000e+02 -1.0200552853e-10 -1.2834259272e-13 1.0217381836e-10 1.0200545712e-10 2.0764864732e-15 1.2836151920e-13 -1.0217370093e-10 3.7797085466e-14
d  1.6160283240e-02 6.8780353690e-01 -2.0000000000e-01 9.9664558371e-04 3.0000000000e+02 -9.9496462957e-11 -1.2839900372e-13 9.9664648524e-11 9.9496392172e-11 2.0350123552e-15 1.2841829249e-13 -9.9664555374e-11 3.7723930130e-14
d  1.6160459709e-02 6.8768000888e-01 -2.0000000000e-01 9.8184352129e-04 3.0000000000e+02 -9.8016315944e-11 -1.2840582388e-13 9.8184313842e-11 9.8016248040e-11 2.0102036314e-15 1.2842627268e-13 -9.8184353779e-11 3.7679271793e-14
d  1.6160671471e-02 6.8753177525e-01 -2.0000000000e-01 9.6433049283e-04 3.0000000000e+02 -9.6265097468e-11 -1.2838543766e-13 9.6432918618e-11 9.6265031598e-11 1.9798854008e-15 1.2840687195e-13 -9.6433054461e-11 3.7623899405e-14
d  1.6160925586e-02 6.8735389490e-01 -2.0000000000e-01 9.4367293259e-04 3.0000000000e+02 -9.4199456200e-11 -1.2836719225e-13 9.4367388990e-11 9.4199385423e-11 1.9431316169e-15 1.2838631728e-13 -9.4367289970e-11 3.7557321597e-14
d  1.6161230524e-02 6.8714043848e-01 -2.0000000000e-01 9.1939671870e-04 3.0000000000e+02 -9.1771989513e-11 -1.2836583588e-13 9.1939417691e-11 9.1771926033e-11 1.9010080190e-15 1.2838777002e-13 -9.1939680163e-11 3.7481684140e-14
d  1.6161413487e-02 6.8701236463e-01 -2.0000000000e-01 9.0509727337e-04 3.0000000000e+02 -9.0342154605e-11 -1.2827939258e-13 9.0509717511e-11 9.0342086109e-11 1.8739366059e-15 1.2829950366e-13 -9.0509727803e-11 3.7430310919e-14
d  1.6161633042e-02 6.8685867601e-01 -2.0000000000e-01 8.8820034705e-04 3.0000000000e+02 -8.8652594471e-11 -1.2827597033e-13 8.8820049245e-11 8.8652525489e-11 1.8438262777e-15 1.2829581640e-13 -8.8820034261e-11 3.7376417248e-14
d  1.6161896508e-02 6.8667424967e-01 -2.0000000000e-01 8.6829943089e-04 3.0000000000e+02 -8.6662684378e-11 -1.2819669798e-13 8.6830028606e-11 8.6662614025e-11 1.8065327493e-15 1.2821594412e-13 -8.6829940334e-11 3.7307285141e-14
d  1.6162054588e-02 6.8656359386e-01 -2.0000000000e-01 8.5655394153e-04 3.0000000000e+02 -8.5488249551e-11 -1.2815636369e-13 8.5655395983e-11 8.5488180858e-11 1.7849115035e-15 1.2817633974e-13 -8.5655394165e-11 3.7267365732e-14
d  1.6162244284e-02 6.8643080689e-01 -2.0000000000e-01 8.4265119944e-04 3.0000000000e+02 -8.4098124025e-11 -1.2806408935e-13 8.4265119101e-11 8.4098055398e-11 1.7581900599e-15 1.2808409969e-13 -8.4265120061e-11 3.7216667019e-14
d  1.6162471919e-02 6.8627146253e-01 -2.0000000000e-01 8.2624263159e-04 3.0000000000e+02 -8.2457454988e-11 -1.2796967544e-13 8.2624280576e-11 8.2457386028e-11 1.7266343634e-15 1.2798949759e-13 -8.2624262636e-11 3.7157420832e-14
d  1.6162745080e-02 6.8608024929e-01 -2.0000000000e-01 8.0694464815e-04 3.0000000000e+02 -8.0527898285e-11 -1.2784321131e-13 8.0694527724e-11 8.0527828520e-11 1.6889488382e-15 1.2786267643e-13 -8.0694462918e-11 3.7086330710e-14
d  1.6162908978e-02 6.8596552135e-01 -2.0000000000e-01 7.9556920745e-04 3.0000000000e+02 -7.9390505334e-11 -1.2776419202e-13 7.9556915404e-11 7.9390436839e-11 1.6669396773e-15 1.2778425946e-13 -7.9556921030e-11 3.7044586862e-14
d  1.6163105654e-02 6.8582784782e-01 -2.0000000000e-01 7.8211831659e-04 3.0000000000e+02 -7.8045608779e-11 -1.2763012952e-13 7.8212029010e-11 7.8045536545e-11 1.6394715142e-15 1.2764779593e-13 -7.8211824508e-11 3.6991404072e-14
d  1.6163341666e-02 6.8566263959e-01 -2.0000000000e-01 7.6626262057e-04 3.0000000000e+02 -7.6460277267e-11 -1.2751507519e-13 7.6626277662e-11 7.6460208423e-11 1.6086127193e-15 1.2753492153e-13 -7.6626261621e-11 3.6932900538e-14
d  1.6163624880e-02 6.8546438970e-01 -2.0000000000e-01 7.4764223710e-04 3.0000000000e+02 -7.4598548808e-11 -1.2729334896e-13 7.4764292120e-11 7.4598479091e-11 1.5699744707e-15 1.2731278798e-13 -7.4764221754e-11 3.6857071321e-14
d  1.6163794809e-02 6.8534543977e-01 -2.0000000000e-01 7.3668037273e-04 3.0000000000e+02 -7.3502551318e-11 -1.2718534251e-13 7.3668055202e-11 7.3502482467e-11 1.5479486678e-15 1.2720512419e-13 -7.3668036696e-11 3.6814459722e-14
d  1.6163998723e-02 6.8520269986e-01 -2.0000000000e-01 7.2373218896e-04 3.0000000000e+02 -7.2207971417e-11 -1.2701032442e-13 7.2373222436e-11 7.2207902835e-11 1.5209992970e-15 1.2703028405e-13 -7.2373218846e-11 3.6760848958e-14
d  1.6164243420e-02 6.8503141196e-01 -2.0000000000e-01 7.0848831053e-04 3.0000000000e+02 -7.0683881104e-11 -1.2681223005e-13 7.0848848419e-11 7.0683812314e-11 1.4890356901e-15 1.2683206511e-13 -7.0848830583e-11 3.6697746911e-14
d  1.6164537056e-02 6.8482586648e-01 -2.0000000000e-01 6.9061358126e-04 3.0000000000e+02 -6.8896780819e-11 -1.2655515965e-13 6.9061348168e-11 6.8896712494e-11 1.4512546221e-15 1.2657523841e-13 -6.9061358475e-11 3.6622363867e-14
d  1.6164713238e-02 6.8470253919e-01 -2.0000000000e-01 6.8010446185e-04 3.0000000000e+02 -6.7846099318e-11 -1.2638432741e-13 6.8010374712e-11 6.7846032021e-11 1.4290969092e-15 1.2640516683e-13 -6.8010448713e-11 3.6577354327e-14
d  1.6164924657e-02 6.8455454645e-01 -2.0000000000e-01 6.6770447018e-04 3.0000000000e+02 -6.6606386582e-11 -1.2616498431e-13 6.6770449954e-11 6.6606318080e-11 1.4021112709e-15 1.2618495201e-13 -6.6770446988e-11 3.6522276349e-14
d  1.6165178358e-02 6.8437695516e-01 -2.0000000000e-01 6.5312479111e-04 3.0000000000e+02 -6.5148772170e-11 -1.2593153190e-13 6.5312429405e-11 6.5148704495e-11 1.3708295492e-15 1.2595198720e-13 -6.5312480638e-11 3.6459249442e-14
d  1.6165482801e-02 6.8416384561e-01 -2.0000000000e-01 6.3605507851e-04 3.0000000000e+02 -6.3442242715e-11 -1.2558890126e-13 6.3605500703e-11 6.3442174404e-11 1.3331422520e-15 1.2560895578e-13 -6.3605508103e-11 3.6381096070e-14
d  1.6165665466e-02 6.8403597987e-01 -2.0000000000e-01 6.2603265945e-04 3.0000000000e+02 -6.2440271206e-11 -1.2539356053e-13 6.2603267289e-11 6.2440202782e-11 1.3113208268e-15 1.2541354531e-13 -6.2603265964e-11 3.6335912834e-14
d  1.6165884665e-02 6.8388254100e-01 -2.0000000000e-01 6.1421982861e-04 3.0000000000e+02 -6.1259322363e-11 -1.2514436929e-13 6.1421985510e-11 6.1259253935e-11 1.2851397973e-15 1.2516434119e-13 -6.1421982840e-11 3.6281247526e-14
d  1.6166147703e-02 6.8369841434e-01 -2.0000000000e-01 6.0034851945e-04 3.0000000000e+02 -5.9872603835e-11 -1.2482742021e-13 6.0034862607e-11 5.9872535313e-11 1.2540474670e-15 1.2484732602e-13 -6.0034851709e-11 3.6215585490e-14
d  1.6166463349e-02 6.8347746236e-01 -2.0000000000e-01 5.8413327861e-04 3.0000000000e+02 -5.8251589556e-11 -1.2443368851e-13 5.8413337300e-11 5.8251521080e-11 1.2174229294e-15 1.2445361906e-13 -5.8413327684e-11 3.6137522959e-14
d  1.6166652736e-02 6.8334489117e-01 -2.0000000000e-01 5.7462529103e-04 3.0000000000e+02 -5.7301102294e-11 -1.2418955630e-13 5.7462530423e-11 5.7301033941e-11 1.1960611947e-15 1.2420954187e-13 -5.7462529120e-11 3.6091384792e-14
d  1.6166880001e-02 6.8318580574e-01 -2.0000000000e-01 5.6343103206e-04 3.0000000000e+02 -5.6182059099e-11 -1.2388577733e-13 5.6343107235e-11 5.6181990725e-11 1.1705182544e-15 1.2390573611e-13 -5.6343103144e-11 3.6035851255e-14
d  1.6167152719e-02 6.8299490323e-01 -2.0000000000e-01 5.5030315316e-04 3.0000000000e+02 -5.4869740998e-11 -1.2351352498e-13 5.5030324434e-11 5.4869672579e-11 1.1403237509e-15 1.2353344729e-13 -5.5030315132e-11 3.5969756523e-14
d  1.6167316350e-02 6.8288036172e-01 -2.0000000000e-01 5.4258386785e-04 3.0000000000e+02 -5.4098102340e-11 -1.2328236894e-13 5.4258176581e-11 5.4098036958e-11 1.1231320438e-15 1.2330502747e-13 -5.4258393821e-11 3.5931349957e-14
d  1.6167512707e-02 6.8274291191e-01 -2.0000000000e-01 5.3347349839e-04 3.0000000000e+02 -5.3187412315e-11 -1.2294148354e-13 5.3347350334e-11 5.3187344034e-11 1.1009103906e-15 1.2296147768e-13 -5.3347349877e-11 3.5880163846e-14
d  1.6167748335e-02 6.8257797214e-01 -2.0000000000e-01 5.2275870830e-04 3.0000000000e+02 -5.2116355870e-11 -1.2267365164e-13 5.2275878119e-11 5.2116287519e-11 1.0767597999e-15 1.2269357972e-13 -5.2275870678e-11 3.5828457138e-14
d  1.6168031089e-02 6.8238004441e-01 -2.0000000000e-01 5.1020839280e-04 3.0000000000e+02 -5.0861844921e-11 -1.2223640124e-13 5.1020847176e-11 5.0861776587e-11 1.0472149279e-15 1.2225633635e-13 -5.1020839135e-11 3.5761049846e-14
d  1.6168200741e-02 6.8226128778e-01 -2.0000000000e-01 5.0283626161e-04 3.0000000000e+02 -5.0124947270e-11 -1.2197764064e-13 5.0283914087e-11 5.0124875323e-11 1.0293512451e-15 1.2199412881e-13 -5.0283617106e-11 3.5720528530e-14
d  1.6168404324e-02 6.8211877982e-01 -2.0000000000e-01 4.9414361061e-04 3.0000000000e+02 -4.9256061283e-11 -1.2171065674e-13 4.9414361532e-11 4.9255993066e-11 1.0105050838e-15 1.2173065136e-13 -4.9414361096e-11 3.5677810018e-14
d  1.6168648624e-02 6.8194777026e-01 -2.0000000000e-01 4.8393023309e-04 3.0000000000e+02 -4.8235197032e-11 -1.2125943970e-13 4.8393032641e-11 4.8235128725e-11 9.8517187278e-16 1.2127935090e-13 -4.8393023109e-11 3.5617202717e-14
d  1.6168941783e-02 6.8174255879e-01 -2.0000000000e-01 4.7198204891e-04 3.0000000000e+02 -4.7040947043e-11 -1.2079794919e-13 4.7198213731e-11 4.7040878768e-11 9.5695473523e-16 1.2081787913e-13 -4.7198204730e-11 3.5551134452e-14
d  1.6169117679e-02 6.8161943191e-01 -2.0000000000e-01 4.6497100724e-04 3.0000000000e+02 -4.6340187455e-11 -1.2051227514e-13 4.6497356110e-11 4.6340116213e-11 9.3982544331e-16 1.2052927109e-13 -4.6497093084e-11 3.5510831533e-14
d  1.6169328753e-02 6.8147167966e-01 -2.0000000000e-01 4.5671121452e-04 3.0000000000e+02 -4.5514622594e-11 -1.2020437758e-13 4.5671122213e-11 4.5514554438e-11 9.2149772135e-16 1.2022436920e-13 -4.5671121476e-11 3.5467452550e-14
d  1.6169582043e-02 6.8129437695e-01 -2.0000000000e-01 4.4701632648e-04 3.0000000000e+02 -4.4545646945e-11 -1.1971784633e-13 4.4701642273e-11 4.4545578709e-11 8.9725424336e-16 1.1973775801e-13 -4.4701632450e-11 3.5407318677e-14
d  1.6169885990e-02 6.8108161370e-01 -2.0000000000e-01 4.3568836360e-04 3.0000000000e+02 -4.3413466959e-11 -1.1920642956e-13 4.3568820646e-11 4.3413399018e-11 8.7020146683e-16 1.1922654967e-13 -4.3568836755e-11 3.5341298776e-14
d  1.6170068359e-02 6.8095395575e-01 -2.0000000000e-01 4.2904818493e-04 3.0000000000e+02 -4.2749821781e-11 -1.1888172823e-13 4.2905051350e-11 4.2749751067e-11 8.5375390704e-16 1.1889908669e-13 -4.2904811867e-11 3.5300620374e-14
d  1.6170287201e-02 6.8080076622e-01 -2.0000000000e-01 4.2123194350e-04 3.0000000000e+02 -4.1968645660e-11 -1.1854983774e-13 4.2123197552e-11 4.1968577545e-11 8.3621023200e-16 1.1856980372e-13 -4.2123194305e-11 3.5257667807e-14
d  1.6170549812e-02 6.8061693877e-01 -2.0000000000e-01 4.1206687161e-04 3.0000000000e+02 -4.1052689734e-11 -1.1802479207e-13 4.1206696034e-11 4.1052621581e-11 8.1313781760e-16 1.1804471355e-13 -4.1206686990e-11 3.5197983705e-14
d  1.6170864945e-02 6.8039634583e-01 -2.0000000000e-01 4.0137068585e-04 3.0000000000e+02 -3.9983733399e-11 -1.1746384347e-13 4.0136960837e-11 3.9983666419e-11 7.8749114548e-16 1.1748463775e-13 -4.0137070903e-11 3.5132381859e-14
d  1.6171054025e-02 6.8026399007e-01 -2.0000000000e-01 3.9510719929e-04 3.0000000000e+02 -3.9357784039e-11 -1.1708376227e-13 3.9510945900e-11 3.9357713646e-11 7.7151652208e-16 1.1710129014e-13 -3.9510713812e-11 3.5090320204e-14
d  1.6171280920e-02 6.8010516316e-01 -2.0000000000e-01 3.8774053399e-04 3.0000000000e+02 -3.8621596415e-11 -1.1675730959e-13 3.8774052443e-11 3.8621528414e-11 7.5517317175e-16 1.1677731939e-13 -3.8774053463e-11 3.5049616485e-14
d  1.6171553195e-02 6.7991457086e-01 -2.0000000000e-01 3.7911103877e-04 3.0000000000e+02 -3.7759234289e-11 -1.1618214989e-13 3.7911111488e-11 3.7759166225e-11 7.3324065316e-16 1.1620208493e-13 -3.7911103742e-11 3.4989843230e-14
d  1.6171879925e-02 6.7968586011e-01 -2.0000000000e-01 3.6905149220e-04 3.0000000000e+02 -3.6753983944e-11 -1.1558015056e-13 3.6905152426e-11 3.6753915946e-11 7.0885650993e-16 1.1560012777e-13 -3.6905149193e-11 3.4924741038e-14
d  1.6172075963e-02 6.7954863365e-01 -2.0000000000e-01 3.6316671705e-04 3.0000000000e+02 -3.6165930191e-11 -1.1521008805e-13 3.6316671947e-11 3.6165862234e-11 6.9468985980e-16 1.1523008550e-13 -3.6316671735e-11 3.4886057667e-14
d  1.6172311208e-02 6.7938396191e-01 -2.0000000000e-01 3.5625090697e-04 3.0000000000e+02 -3.5474860836e-11 -1.1475995710e-13 3.5625089875e-11 3.5474792906e-11 6.7786092735e-16 1.1477996522e-13 -3.5625090753e-11 3.4839724454e-14
d  1.6172593502e-02 6.7918635582e-01 -2.0000000000e-01 3.4815740704e-04 3.0000000000e+02 -3.4666127818e-11 -1.1421517550e-13 3.4815741552e-11 3.4666059891e-11 6.5809166505e-16 1.1423516853e-13 -3.4815740721e-11 3.4784666093e-14
d  1.6172932256e-02 6.7894922850e-01 -2.0000000000e-01 3.3873309881e-04 3.0000000000e+02 -3.3724440845e-11 -1.1356311227e-13 3.3873315543e-11 3.3724372903e-11 6.3505991412e-16 1.1358307344e-13 -3.3873309807e-11 3.4719828821e-14
d  1.6173135508e-02 6.7880695212e-01 -2.0000000000e-01 3.3322522954e-04 3.0000000000e+02 -3.3174100061e-11 -1.1316974652e-13 3.3322523628e-11 3.3174032174e-11 6.2182242768e-16 1.1318973966e-13 -3.3322522971e-11 3.4681748443e-14
d  1.6173379410e-02 6.7863622045e-01 -2.0000000000e-01 3.2675736384e-04 3.0000000000e+02 -3.2527851294e-11 -1.1269048712e-13 3.2675736110e-11 3.2527783433e-11 6.0608394638e-16 1.1271048973e-13 -3.2675736423e-11 3.4636050283e-14
d  1.6173672093e-02 6.7843134245e-01 -2.0000000000e-01 3.1919497795e-04 3.0000000000e+02 -3.1772259923e-11 -1.1211426622e-13 3.1919498433e-11 3.1772192075e-11 5.8763830362e-16 1.1213426116e-13 -3.1919497814e-11 3.4581915919e-14
d  1.6174023313e-02 6.7818548886e-01 -2.0000000000e-01 3.1039851158e-04 3.0000000000e+02 -3.0893391704e-11 -1.1142369263e-13 3.1039848668e-11 3.0893323905e-11 5.6619982533e-16 1.1144370910e-13 -3.1039851234e-11 3.4518152068e-14
d  1.6174234045e-02 6.7803797670e-01 -2.0000000000e-01 3.0526228439e-04 3.0000000000e+02 -3.0380234988e-11 -1.1100291833e-13 3.0526230133e-11 3.0380167170e-11 5.5387287727e-16 1.1102290171e-13 -3.0526228430e-11 3.4480460314e-14
d  1.6174486923e-02 6.7786096211e-01 -2.0000000000e-01 2.9923528884e-04 3.0000000000e+02 -2.9778096512e-11 -1.1050756931e-13 2.9923528981e-11 2.9778028725e-11 5.3929561399e-16 1.1052756842e-13 -2.9923528911e-11 3.4436028904e-14
d  1.6174790376e-02 6.7764854460e-01 -2.0000000000e-01 2.9219447802e-04 3.0000000000e+02 -2.9074689077e-11 -1.0989959171e-13 2.9219448196e-11 2.9074621309e-11 5.2219821525e-16 1.0991958870e-13 -2.9219447824e-11 3.4382819278e-14
d  1.6175154521e-02 6.7739364359e-01 -2.0000000000e-01 2.8401299761e-04 3.0000000000e+02 -2.8257349555e-11 -1.0917583617e-13 2.8401306509e-11 2.8257281767e-11 5.0236206846e-16 1.0919579313e-13 -2.8401299675e-11 3.4320335919e-14
d  1.6175373007e-02 6.7724070299e-01 -2.0000000000e-01 2.7924000955e-04 3.0000000000e+02 -2.7780534019e-11 -1.0874079227e-13 2.7924001405e-11 2.7780466292e-11 4.9102670133e-16 1.0876078802e-13 -2.7924000973e-11 3.4283688947e-14
d  1.6175635191e-02 6.7705717426e-01 -2.0000000000e-01 2.7364314764e-04 3.0000000000e+02 -2.7221428606e-11 -1.0821651861e-13 2.7364317353e-11 2.7221360881e-11 4.7755655278e-16 1.0823649567e-13 -2.7364314737e-11 3.4239888955e-14
d  1.6175949812e-02 6.7683693979e-01 -2.0000000000e-01 2.6711016682e-04 3.0000000000e+02 -2.6568826646e-11 -1.0758588910e-13 2.6711017016e-11 2.6568758960e-11 4.6184462817e-16 1.0760588664e-13 -2.6711016703e-11 3.4188017427e-14
d  1.6176327357e-02 6.7657265842e-01 -2.0000000000e-01 2.5952601808e-04 3.0000000000e+02 -2.5811245608e-11 -1.0683388110e-13 2.5952608044e-11 2.5811177910e-11 4.4362181959e-16 1.0685384274e-13 -2.5952601734e-11 3.4127012519e-14
d  1.6176553884e-02 6.7641408960e-01 -2.0000000000e-01 2.5510511391e-04 3.0000000000e+02 -2.5369652793e-11 -1.0638264756e-13 2.5510511877e-11 2.5369585148e-11 4.3323696408e-16 1.0640264313e-13 -2.5510511406e-11 3.4091252429e-14
d  1.6176825716e-02 6.7622380702e-01 -2.0000000000e-01 2.4992449207e-04 3.0000000000e+02 -2.4852187659e-11 -1.0583997027e-13 2.4992453045e-11 2.4852120010e-11 4.2090560456e-16 1.0585993747e-13 -2.4992449155e-11 3.4048550401e-14
d  1.6177151915e-02 6.7599546792e-01 -2.0000000000e-01 2.4388198169e-04 3.0000000000e+02 -2.4248651062e-11 -1.0518931057e-13 2.4388198525e-11 2.4248583460e-11 4.0654959853e-16 1.0520930803e-13 -2.4388198187e-11 3.3998061076e-14
d  1.6177543354e-02 6.7572146100e-01 -2.0000000000e-01 2.3687344334e-04 3.0000000000e+02 -2.3548651263e-11 -1.0441248701e-13 2.3687364648e-11 2.3548583565e-11 3.8990439219e-16 1.0443236652e-13 -2.3687344048e-11 3.3938595187e-14
d  1.6177778217e-02 6.7555705685e-01 -2.0000000000e-01 2.3279116878e-04 3.0000000000e+02 -2.3140932579e-11 -1.0394926060e-13 2.3279117367e-11 2.3140865020e-11 3.8049940438e-16 1.0396925630e-13 -2.3279116891e-11 3.3903925403e-14
d  1.6178060053e-02 6.7535977186e-01 -2.0000000000e-01 2.2801025617e-04 3.0000000000e+02 -2.2663451305e-11 -1.0339035513e-13 2.2801030477e-11 2.2663383738e-11 3.6924303607e-16 1.0341031507e-13 -2.2801025547e-11 3.3862302249e-14
d  1.6178398255e-02 6.7512302989e-01 -2.0000000000e-01 2.2243789026e-04 3.0000000000e+02 -2.2106943156e-11 -1.0272444632e-13 2.2243789525e-11 2.2106875640e-11 3.5621856288e-16 1.0274444289e-13 -2.2243789040e-11 3.3813335828e-14
d  1.6178804099e-02 6.7483893951e-01 -2.0000000000e-01 2.1597994449e-04 3.0000000000e+02 -2.1462017699e-11 -1.0192767232e-13 2.1598002851e-11 2.1461950167e-11 3.4113924003e-16 1.0194762425e-13 -2.1597994349e-11 3.3755572264e-14
d  1.6179047605e-02 6.7466848528e-01 -2.0000000000e-01 2.1222099525e-04 3.0000000000e+02 -2.1086639949e-11 -1.0145162304e-13 2.1222099940e-11 2.1086572479e-11 3.3259774808e-16 1.0147161951e-13 -2.1222099538e-11 3.3721768864e-14
d  1.6179339812e-02 6.7446394021e-01 -2.0000000000e-01 2.0782118962e-04 3.0000000000e+02 -2.0647278379e-11 -1.0088501038e-13 2.0782124515e-11 2.0647210900e-11 3.2244944781e-16 1.0090496624e-13 -2.0782118881e-11 3.3681608209e-14
d  1.6179690461e-02 6.7421848613e-01 -2.0000000000e-01 2.0269632592e-04 3.0000000000e+02 -2.0135530158e-11 -1.0020465770e-13 2.0269635458e-11 2.0135462720e-11 3.1068649391e-16 1.0022463872e-13 -2.0269632567e-11 3.3634072137e-14
d  1.6180111240e-02 6.7392394123e-01 -2.0000000000e-01 1.9676143347e-04 3.0000000000e+02 -1.9542920126e-11 -9.9394763195e-14 1.9676146376e-11 1.9542852718e-11 2.9710774391e-16 9.9414746488e-14 -1.9676143325e-11 3.3578174286e-14
d  1.6180616174e-02 6.7357048735e-01 -2.0000000000e-01 1.8993562987e-04 3.0000000000e+02 -1.8861384452e-11 -9.8431162583e-14 1.8993566652e-11 1.8861317077e-11 2.8160683538e-16 9.8451145738e-14 -1.8993562962e-11 3.3512719857e-14
d  1.6180919135e-02 6.7335841502e-01 -2.0000000000e-01 1.8598872071e-04 3.0000000000e+02 -1.8467313301e-11 -9.7858842918e-14 1.8598994058e-11 1.8467245316e-11 2.7273832489e-16 9.7878011117e-14 -1.8598870164e-11 3.3474331286e-14
d  1.6181282687e-02 6.7310392823e-01 -2.0000000000e-01 1.8139362264e-04 3.0000000000e+02 -1.8008542067e-11 -9.7201096335e-14 1.8139364857e-11 1.8008474743e-11 2.6288306716e-16 9.7221079779e-14 -1.8139362244e-11 3.3430763856e-14
d  1.6181718950e-02 6.7279854407e-01 -2.0000000000e-01 1.7607510204e-04 3.0000000000e+02 -1.7477569531e-11 -9.6354052927e-14 1.7607509833e-11 1.7477502253e-11 2.5078459144e-16 9.6374054904e-14 -1.7607510227e-11 3.3375708272e-14
d  1.6182242466e-02 6.7243208309e-01 -2.0000000000e-01 1.6996199810e-04 3.0000000000e+02 -1.6867301224e-11 -9.5393388513e-14 1.6996202424e-11 1.6867233969e-11 2.3733776794e-16 9.5413376923e-14 -1.6996199797e-11 3.3313651209e-14
d  1.6182556576e-02 6.7221220650e-01 -2.0000000000e-01 1.6642900761e-04 3.0000000000e+02 -1.6514619558e-11 -9.4823268305e-14 1.6642987689e-11 1.6514551914e-11 2.2967193829e-16 9.4842696695e-14 -1.6642899478e-11 3.3277277055e-14
d  1.6182933507e-02 6.7194835459e-01 -2.0000000000e-01 1.6231742521e-04 3.0000000000e+02 -1.6104195880e-11 -9.4156172850e-14 1.6231744820e-11 1.6104128674e-11 2.2105093870e-16 9.4176158690e-14 -1.6231742504e-11 3.3235291552e-14
d  1.6183385825e-02 6.7163173230e-01 -2.0000000000e-01 1.5756066634e-04 3.0000000000e+02 -1.5629392921e-11 -9.3321348228e-14 1.5756067901e-11 1.5629325752e-11 2.1061512757e-16 9.3341341726e-14 -1.5756066634e-11 3.3183379598e-14
d  1.6183928606e-02 6.7125178555e-01 -2.0000000000e-01 1.5209594823e-04 3.0000000000e+02 -1.5083953740e-11 -9.2365947408e-14 1.5209596067e-11 1.5083886610e-11 1.9897924324e-16 9.2385942093e-14 -1.5209594825e-11 3.3124420496e-14
d  1.6184254275e-02 6.7102381750e-01 -2.0000000000e-01 1.4893897323e-04 3.0000000000e+02 -1.4768866964e-11 -9.1795987880e-14 1.4893972042e-11 1.4768799528e-11 1.9236014850e-16 9.1815514071e-14 -1.4893896278e-11 3.3089713979e-14
d  1.6184645077e-02 6.7075025584e-01 -2.0000000000e-01 1.4526612812e-04 3.0000000000e+02 -1.4402308346e-11 -9.1133921972e-14 1.4526612965e-11 1.4402241270e-11 1.8491872203e-16 9.1153921067e-14 -1.4526612825e-11 3.3049812131e-14
d  1.6185114040e-02 6.7042198185e-01 -2.0000000000e-01 1.4101842266e-04 3.0000000000e+02 -1.3978398803e-11 -9.0309869298e-14 1.4101842801e-11 1.3978331758e-11 1.7592814540e-16 9.0329866651e-14 -1.4101842274e-11 3.3000631026e-14
d  1.6185676796e-02 6.7002805306e-01 -2.0000000000e-01 1.3610475782e-04 3.0000000000e+02 -1.3487497258e-11 -8.9885872178e-14 1.3610641778e-11 1.3487429639e-11 1.6879441084e-16 8.9905187826e-14 -1.3610474129e-11 3.2970935729e-14
d  1.6186014449e-02 6.6979169579e-01 -2.0000000000e-01 1.3329759450e-04 3.0000000000e+02 -1.3207953745e-11 -8.8805313559e-14 1.3329821739e-11 1.3207886511e-11 1.5851421000e-16 8.8824932650e-14 -1.3329758623e-11 3.2909495522e-14
d  1.6186419633e-02 6.6950806706e-01 -2.0000000000e-01 1.3002041876e-04 3.0000000000e+02 -1.2880931839e-11 -8.8136754747e-14 1.3002042005e-11 1.2880864888e-11 1.5431681753e-16 8.8156754003e-14 -1.3002041887e-11 3.2874006010e-14
d  1.6186905854e-02 6.6916771259e-01 -2.0000000000e-01 1.2623663106e-04 3.0000000000e+02 -1.2503480525e-11 -8.7257217367e-14 1.2623626556e-11 1.2503413742e-11 1.4569517090e-16 8.7277391772e-14 -1.2623663520e-11 3.2823186358e-14
d  1.6187489319e-02 6.6875928722e-01 -2.0000000000e-01 1.2188701770e-04 3.0000000000e+02 -1.2069432815e-11 -8.6381817493e-14 1.2188702686e-11 1.2069365936e-11 1.3769900345e-16 8.6401813854e-14 -1.2188701774e-11 3.2773260574e-14
d  1.6187839398e-02 6.6851423200e-01 -2.0000000000e-01 1.1937625925e-04 3.0000000000e+02 -1.1818947046e-11 -8.5854959728e-14 1.1937679554e-11 1.1818879993e-11 1.3264844763e-16 8.5874643480e-14 -1.1937625250e-11 3.2742879167e-14
d  1.6188259493e-02 6.6822016574e-01 -2.0000000000e-01 1.1645628479e-04 3.0000000000e+02 -1.1527645884e-11 -8.5208842935e-14 1.1645628520e-11 1.1527579062e-11 1.2720598105e-16 8.5228842707e-14 -1.1645628490e-11 3.2706787146e-14
d  1.6188763607e-02 6.6786728622e-01 -2.0000000000e-01 1.1308373038e-04 3.0000000000e+02 -1.1191270660e-11 -8.4365434065e-14 1.1308349099e-11 1.1191203954e-11 1.2037401019e-16 8.4385544225e-14 -1.1308373299e-11 3.2660171191e-14
d  1.6189368543e-02 6.6744383080e-01 -2.0000000000e-01 1.0920816850e-04 3.0000000000e+02 -1.0804625736e-11 -8.3492924337e-14 1.0920817122e-11 1.0804558991e-11 1.1346794859e-16 8.3512923297e-14 -1.0920816859e-11 3.2612088393e-14
d  1.6189731505e-02 6.6718975754e-01 -2.0000000000e-01 1.0697117315e-04 3.0000000000e+02 -1.0581500096e-11 -8.2974995227e-14 1.0697159117e-11 1.0581433233e-11 1.0920177888e-16 8.2994757515e-14 -1.0697116816e-11 3.2583300659e-14
d  1.6190167059e-02 6.6688486964e-01 -2.0000000000e-01 1.0436982177e-04 3.0000000000e+02 -1.0322042245e-11 -8.2343919055e-14 1.0436982192e-11 1.0321975557e-11 1.0455435118e-16 8.2363918978e-14 -1.0436982187e-11 3.2549082426e-14
d  1.6190689724e-02 6.6651900416e-01 -2.0000000000e-01 1.0136485544e-04 3.0000000000e+02 -1.0022384501e-11 -8.1540467084e-14 1.0136465389e-11 1.0022317911e-11 9.8818297221e-17 8.1560556524e-14 -1.0136485753e-11 3.2505841932e-14
d  1.6191316922e-02 6.6607996558e-01 -2.0000000000e-01 9.7912930358e-05 3.0000000000e+02 -9.6780927820e-12 -8.0676984957e-14 9.7912950496e-12 9.6780261682e-12 9.2863219098e-17 8.0696977511e-14 -9.7912930284e-12 3.2459627135e-14
d  1.6191693241e-02 6.6581654243e-01 -2.0000000000e-01 9.5920509483e-05 3.0000000000e+02 -9.4794065722e-12 -8.0172585179e-14 9.5920814795e-12 9.4793398933e-12 8.9288002232e-17 8.0192417752e-14 -9.5920506036e-12 3.2432477476e-14
d  1.6192144824e-02 6.6550043465e-01 -2.0000000000e-01 9.3603666681e-05 3.0000000000e+02 -9.2483783261e-12 -7.9557583886e-14 9.3603666664e-12 9.2483117761e-12 8.5326658015e-17 7.9577583895e-14 -9.3603666775e-12 3.2399999923e-14
d  1.6192686723e-02 6.6512110531e-01 -2.0000000000e-01 9.0927028233e-05 3.0000000000e+02 -8.9815163633e-12 -7.8790827587e-14 9.0926911706e-12 8.9814498841e-12 8.0509789211e-17 7.8810877453e-14 -9.0927029419e-12 3.2359721537e-14
d  1.6193337002e-02 6.6466591011e-01 -2.0000000000e-01 8.7852831145e-05 3.0000000000e+02 -8.6749773158e-12 -7.7946862324e-14 8.7852842223e-12 8.6749108463e-12 7.5433450238e-17 7.7966858374e-14 -8.7852831143e-12 3.2315691878e-14
d  1.6193727170e-02 6.6439279299e-01 -2.0000000000e-01 8.6078377542e-05 3.0000000000e+02 -8.4980684431e-12 -7.7454800085e-14 8.6078608594e-12 8.4980019359e-12 7.2426464365e-17 7.7474677900e-14 -8.6078375072e-12 3.2289936142e-14
d  1.6194195371e-02 6.6406505245e-01 -2.0000000000e-01 8.4014968633e-05 3.0000000000e+02 -8.2923607403e-12 -7.6860789498e-14 8.4015952538e-12 8.2922940559e-12 6.8972344539e-17 7.6880302191e-14 -8.4014958457e-12 3.2259119764e-14
d  1.6194757212e-02 6.6367176379e-01 -2.0000000000e-01 8.1630840051e-05 3.0000000000e+02 -8.0547154803e-12 -7.6150740496e-14 8.1630780839e-12 8.0546491285e-12 6.5144207963e-17 7.6170764932e-14 -8.1630840662e-12 3.2222767663e-14
d  1.6195431421e-02 6.6319981741e-01 -2.0000000000e-01 7.8892694396e-05 3.0000000000e+02 -7.7817547264e-12 -7.5302702111e-14 7.8892695794e-12 7.7816884061e-12 6.0703278191e-17 7.5322701631e-14 -7.8892694464e-12 3.2179531169e-14
d  1.6196240472e-02 6.6263348175e-01 -2.0000000000e-01 7.5761487396e-05 3.0000000000e+02 -7.4694094112e-12 -7.4589680837e-14 7.5763003952e-12 7.4693428144e-12 5.6484110608e-17 7.4609246327e-14 -7.5761477462e-12 3.2142396982e-14
d  1.6196725903e-02 6.6229368035e-01 -2.0000000000e-01 7.3979712115e-05 3.0000000000e+02 -7.2920901830e-12 -7.3800861227e-14 7.3979712087e-12 7.2920239537e-12 5.2553844207e-17 7.3820861239e-14 -7.3979712189e-12 3.2102569478e-14
d  1.6197308420e-02 6.6188591868e-01 -2.0000000000e-01 7.1913684819e-05 3.0000000000e+02 -7.0861920533e-12 -7.3094828981e-14 7.1913643773e-12 7.0861258744e-12 5.0006914037e-17 7.3114845316e-14 -7.1913685239e-12 3.2068197349e-14
d  1.6198007440e-02 6.6139660467e-01 -2.0000000000e-01 6.9541257321e-05 3.0000000000e+02 -6.8497761512e-12 -7.2312337421e-14 6.9541775681e-12 6.8497098991e-12 4.6258256664e-17 7.2332165538e-14 -6.9541253626e-12 3.2028828076e-14
d  1.6198846264e-02 6.6080942785e-01 -2.0000000000e-01 6.6844351720e-05 3.0000000000e+02 -6.5811494818e-12 -7.1323637269e-14 6.6844410574e-12 6.5810833891e-12 4.2031741924e-17 7.1343621008e-14 -6.6844351419e-12 3.1979833116e-14
d  1.6199349559e-02 6.6045712176e-01 -2.0000000000e-01 6.5292707694e-05 3.0000000000e+02 -6.4264533653e-12 -7.0851686389e-14 6.5293704990e-12 6.4263870950e-12 4.0259800713e-17 7.0871277764e-14 -6.5292699238e-12 3.1956744509e-14
d  1.6199953512e-02 6.6003435446e-01 -2.0000000000e-01 6.3500071019e-05 3.0000000000e+02 -6.2478606960e-12 -7.0262094344e-14 6.3500081226e-12 6.2477946904e-12 3.7614466579e-17 7.0282090428e-14 -6.3500071001e-12 3.1927350965e-14
d  1.6200678256e-02 6.5952703369e-01 -2.0000000000e-01 6.1440346196e-05 3.0000000000e+02 -6.0426697153e-12 -6.9479717928e-14 6.1440389490e-12 6.0426037540e-12 3.4666263286e-17 6.9499704085e-14 -6.1440345959e-12 3.1889141784e-14
d  1.6201547949e-02 6.5891824877e-01 -2.0000000000e-01 5.9092714430e-05 3.0000000000e+02 -5.8088201714e-12 -6.8618971225e-14 5.9092715751e-12 5.8087542793e-12 3.1481908014e-17 6.8638970873e-14 -5.9092714481e-12 3.1847191085e-14
d  1.6202069765e-02 6.5855297782e-01 -2.0000000000e-01 5.7745535340e-05 3.0000000000e+02 -5.6746367352e-12 -6.8110670571e-14 5.7746124841e-12 5.6745707583e-12 2.9680687553e-17 6.8130437657e-14 -5.7745530604e-12 3.1822501056e-14
d  1.6202695944e-02 6.5811465268e-01 -2.0000000000e-01 5.6186454482e-05 3.0000000000e+02 -5.5193579213e-12 -6.7529552436e-14 5.6186463934e-12 5.5192921080e-12 2.7750479491e-17 6.7549548938e-14 -5.6186454465e-12 3.1794494403e-14
d  1.6203447359e-02 6.5758866251e-01 -2.0000000000e-01 5.4385172682e-05 3.0000000000e+02 -5.3397718539e-12 -6.6991989299e-14 5.4385967900e-12 5.3397059515e-12 2.5882387186e-17 6.7011744093e-14 -5.4385167533e-12 3.1768471491e-14
d  1.6204349057e-02 6.5695747430e-01 -2.0000000000e-01 5.2335168444e-05 3.0000000000e+02 -5.1356479924e-12 -6.6173283477e-14 5.2335555040e-12 5.1355822328e-12 2.2951024418e-17 6.6193184148e-14 -5.2335166332e-12 3.1728734290e-14
d  1.6204890075e-02 6.5657876138e-01 -2.0000000000e-01 5.1165393931e-05 3.0000000000e+02 -5.0193595487e-12 -6.5506174050e-14 5.1165814701e-12 5.0192938110e-12 2.1012921940e-17 6.5526013737e-14 -5.1165390722e-12 3.1696918816e-14
d  1.6205539297e-02 6.5612430587e-01 -2.0000000000e-01 4.9806645196e-05 3.0000000000e+02 -4.8840730897e-12 -6.4958741554e-14 4.9806653653e-12 4.8840074757e-12 1.9904215974e-17 6.4978738537e-14 -4.9806645184e-12 3.1671517105e-14
d  1.6206318364e-02 6.5557895926e-01 -2.0000000000e-01 4.8246080975e-05 3.0000000000e+02 -4.7287536424e-12 -6.4241616024e-14 4.8245960607e-12 4.7286881044e-12 1.7763703020e-17 6.4261651815e-14 -4.8246081772e-12 3.1637271721e-14
d  1.6207253244e-02 6.5492454333e-01 -2.0000000000e-01 4.6464564831e-05 3.0000000000e+02 -4.5514121944e-12 -6.3462671067e-14 4.6464394088e-12 4.5513467278e-12 1.5783254684e-17 6.3482713371e-14 -4.6464565785e-12 3.1600561498e-14
d  1.6207814173e-02 6.5453189377e-01 -2.0000000000e-01 4.5439200444e-05 3.0000000000e+02 -4.4492989334e-12 -6.3055913849e-14 4.5439451029e-12 4.4492334364e-12 1.4766803268e-17 6.3075821785e-14 -4.5439198637e-12 3.1581402663e-14
d  1.6208487286e-02 6.5406071430e-01 -2.0000000000e-01 4.4252601716e-05 3.0000000000e+02 -4.3311959536e-12 -6.2552074751e-14 4.4252601194e-12 4.3311305476e-12 1.3401539936e-17 6.2572074931e-14 -4.4252601764e-12 3.1557538917e-14
d  1.6209295023e-02 6.5349529894e-01 -2.0000000000e-01 4.2887934197e-05 3.0000000000e+02 -4.1954012428e-12 -6.1897027672e-14 4.2887766938e-12 4.1953359187e-12 1.1874534968e-17 6.1917075630e-14 -4.2887935231e-12 3.1526842588e-14
d  1.6210264306e-02 6.5281680050e-01 -2.0000000000e-01 4.1329064790e-05 3.0000000000e+02 -4.0402737552e-12 -6.1164111002e-14 4.1329012189e-12 4.0402084808e-12 1.0260031519e-17 6.1184123570e-14 -4.1329065097e-12 3.1492627455e-14
d  1.6210845877e-02 6.5240970144e-01 -2.0000000000e-01 4.0431954587e-05 3.0000000000e+02 -3.9509796904e-12 -6.0768781342e-14 4.0432120319e-12 3.9509144227e-12 9.4341488792e-18 6.0788722626e-14 -4.0431953457e-12 3.1474223989e-14
d  1.6211543761e-02 6.5192118256e-01 -2.0000000000e-01 3.9392868577e-05 3.0000000000e+02 -3.8475927668e-12 -6.0287886294e-14 3.9392868080e-12 3.8475275747e-12 8.3679663329e-18 6.0307886459e-14 -3.9392868620e-12 3.1451760917e-14
d  1.6212381222e-02 6.5133495991e-01 -2.0000000000e-01 3.8196960127e-05 3.0000000000e+02 -3.7286262801e-12 -5.9682867843e-14 3.8196763137e-12 3.7285611742e-12 7.1680315155e-18 5.9702922310e-14 -3.8196961278e-12 3.1423682270e-14
d  1.6213386176e-02 6.5063149273e-01 -2.0000000000e-01 3.6829216119e-05 3.0000000000e+02 -3.5925460026e-12 -5.9011002260e-14 3.6829221886e-12 3.5924809387e-12 5.9110581784e-18 5.9031000931e-14 -3.6829216128e-12 3.1392607284e-14
d  1.6213989148e-02 6.5020941242e-01 -2.0000000000e-01 3.6042661014e-05 3.0000000000e+02 -3.5143061513e-12 -5.8626778159e-14 3.6042760919e-12 3.5142411154e-12 5.1909406438e-18 5.8646744029e-14 -3.6042660376e-12 3.1374817033e-14
d  1.6214712714e-02 6.4970291605e-01 -2.0000000000e-01 3.5130618119e-05 3.0000000000e+02 -3.4235897303e-12 -5.8162684922e-14 3.5131204955e-12 3.4235246760e-12 4.3543290399e-18 5.8182497150e-14 -3.5130614429e-12 3.1353375300e-14
d  1.6215580994e-02 6.4909512041e-01 -2.0000000000e-01 3.4080201716e-05 3.0000000000e+02 -3.3191298043e-12 -5.7620489516e-14 3.4080070345e-12 3.3190649118e-12 3.4894765896e-18 5.7640524543e-14 -3.4080202458e-12 3.1328498281e-14
d  1.6216622930e-02 6.4836576564e-01 -2.0000000000e-01 3.2878233673e-05 3.0000000000e+02 -3.1995867159e-12 -5.6967507462e-14 3.2878233450e-12 3.1995218793e-12 2.4398865729e-18 5.6987507511e-14 -3.2878233707e-12 3.1298492302e-14
d  1.6217248091e-02 6.4792815278e-01 -2.0000000000e-01 3.2186572145e-05 3.0000000000e+02 -3.1308098773e-12 -5.6609711778e-14 3.2186649914e-12 3.1307450737e-12 1.8887367832e-18 5.6629686157e-14 -3.2186571675e-12 3.1282075794e-14
d  1.6217998285e-02 6.4740301734e-01 -2.0000000000e-01 3.1384174240e-05 3.0000000000e+02 -3.0510269769e-12 -5.6174461977e-14 3.1384237166e-12 3.0509622282e-12 1.2608927150e-18 5.6194442561e-14 -3.1384173890e-12 3.1262167593e-14
d  1.6218898517e-02 6.4677285482e-01 -2.0000000000e-01 3.0459126532e-05 3.0000000000e+02 -2.9590568115e-12 -5.5661336631e-14 3.0459132521e-12 2.9589921335e-12 5.4175712317e-19 5.5681335091e-14 -3.0459126531e-12 3.1238721747e-14
d  1.6219978796e-02 6.4601665979e-01 -2.0000000000e-01 2.9400492834e-05 3.0000000000e+02 -2.8538162429e-12 -5.5065749366e-14 2.9400599862e-12 2.8537516296e-12 -2.5968887111e-19 5.5085726435e-14 -2.9400492395e-12 3.1211543421e-14
d  1.6221275131e-02 6.4510922576e-01 -2.0000000000e-01 2.8199304782e-05 3.0000000000e+02 -2.7344188986e-12 -5.4379838746e-14 2.8199304564e-12 2.7343543877e-12 -1.1088232091e-18 5.4399838785e-14 -2.8199304811e-12 3.1180336657e-14
d  1.6222052931e-02 6.4456476534e-01 -2.0000000000e-01 2.7512607280e-05 3.0000000000e+02 -2.6661685222e-12 -5.3975892984e-14 2.7512607110e-12 2.6661040657e-12 -1.5626494814e-18 5.3995893029e-14 -2.7512607309e-12 3.1161992089e-14
d  1.6222986292e-02 6.4391141283e-01 -2.0000000000e-01 2.6720252760e-05 3.0000000000e+02 -2.5874246770e-12 -5.3506365869e-14 2.6720259283e-12 2.5873602851e-12 -2.0810653130e-18 5.3526364252e-14 -2.6720252755e-12 3.1140691341e-14
d  1.6224106326e-02 6.4312738983e-01 -2.0000000000e-01 2.5812449121e-05 3.0000000000e+02 -2.4972158713e-12 -5.2958271703e-14 2.5812490734e-12 2.4971515544e-12 -2.6553903766e-18 5.2978263106e-14 -2.5812448974e-12 3.1115863078e-14
d  1.6225450365e-02 6.4218656222e-01 -2.0000000000e-01 2.4781075834e-05 3.0000000000e+02 -2.3947414900e-12 -5.2327753994e-14 2.4781075569e-12 2.3946772713e-12 -3.2726941549e-18 5.2347754039e-14 -2.4781075860e-12 3.1087349602e-14
d  1.6226256789e-02 6.4162206566e-01 -2.0000000000e-01 2.4190799163e-05 3.0000000000e+02 -2.3360993414e-12 -5.1957625967e-14 2.4191339142e-12 2.3360351219e-12 -3.6220930351e-18 5.1977488133e-14 -2.4190796495e-12 3.1070595792e-14
d  1.6227224498e-02 6.4094466978e-01 -2.0000000000e-01 2.3509084261e-05 3.0000000000e+02 -2.2683800316e-12 -5.1543390312e-14 2.3509088453e-12 2.2683159367e-12 -3.9249388127e-18 5.1563389310e-14 -2.3509084265e-12 3.1052001150e-14
d  1.6228385748e-02 6.4013179473e-01 -2.0000000000e-01 2.2727214245e-05 3.0000000000e+02 -2.1907179735e-12 -5.1017344165e-14 2.2727232388e-12 2.1906539587e-12 -4.3775037569e-18 5.1037340551e-14 -2.2727214195e-12 3.1028244156e-14
d  1.6229779249e-02 6.3915634467e-01 -2.0000000000e-01 2.1835474326e-05 3.0000000000e+02 -2.1020972124e-12 -5.0494782872e-14 2.1835775494e-12 2.1020332721e-12 -4.7314051618e-18 5.0514732874e-14 -2.1835473331e-12 3.1004825165e-14
d  1.6230615349e-02 6.3857107463e-01 -2.0000000000e-01 2.1327185736e-05 3.0000000000e+02 -2.0516811513e-12 -5.0106049999e-14 2.1327239456e-12 2.0516172889e-12 -5.0901129043e-18 5.0126036776e-14 -2.1327185501e-12 3.0987181829e-14
d  1.6231618670e-02 6.3786875059e-01 -2.0000000000e-01 2.0738159268e-05 3.0000000000e+02 -1.9931927764e-12 -4.9701947420e-14 2.0738159597e-12 1.9931289895e-12 -5.2505840618e-18 4.9721947344e-14 -2.0738159288e-12 3.0969163740e-14
d  1.6232822654e-02 6.3702596174e-01 -2.0000000000e-01 2.0061977054e-05 3.0000000000e+02 -1.9260587521e-12 -4.9239560797e-14 2.0061582748e-12 1.9259950826e-12 -5.5370421344e-18 4.9259636547e-14 -2.0061978570e-12 3.0948409940e-14
d  1.6234267435e-02 6.3601461511e-01 -2.0000000000e-01 1.9292442705e-05 3.0000000000e+02 -1.8496793118e-12 -4.8678605861e-14 1.9292469655e-12 1.8496157083e-12 -5.8799776449e-18 4.8698601547e-14 -1.9292442638e-12 3.0923193675e-14
d  1.6235134304e-02 6.3540780714e-01 -2.0000000000e-01 1.8850497585e-05 3.0000000000e+02 -1.8057978090e-12 -4.8390543581e-14 1.8850563081e-12 1.8057342622e-12 -5.9647885311e-18 4.8410528035e-14 -1.8850497306e-12 3.0910381345e-14
d  1.6236174547e-02 6.3467963757e-01 -2.0000000000e-01 1.8339590751e-05 3.0000000000e+02 -1.7550900399e-12 -4.8027801657e-14 1.8339729186e-12 1.7550265599e-12 -6.1577702334e-18 4.8047770883e-14 -1.8339590176e-12 3.0894109127e-14
d  1.6237422838e-02 6.3380583409e-01 -2.0000000000e-01 1.7752853438e-05 3.0000000000e+02 -1.6968720303e-12 -4.7591466407e-14 1.7752753353e-12 1.6968086575e-12 -6.3285764163e-18 4.7611484947e-14 -1.7752853819e-12 3.0874607360e-14
d  1.6238920787e-02 6.3275726991e-01 -2.0000000000e-01 1.7083244144e-05 3.0000000000e+02 -1.6304171644e-12 -4.7097731036e-14 1.7083246920e-12 1.6303538885e-12 -6.4993959802e-18 4.7117730608e-14 -1.7083244152e-12 3.0852562006e-14
d  1.6240718326e-02 6.3149899289e-01 -2.0000000000e-01 1.6325027070e-05 3.0000000000e+02 -1.5551446056e-12 -4.6579754230e-14 1.6325304148e-12 1.5550814384e-12 -6.6374474285e-18 4.6599718586e-14 -1.6325026365e-12 3.0829516811e-14
d  1.6241796849e-02 6.3074402668e-01 -2.0000000000e-01 1.5895375312e-05 3.0000000000e+02 -1.5125750545e-12 -4.6207707548e-14 1.5895356725e-12 1.5125119815e-12 -6.7974334725e-18 4.6227711093e-14 -1.5895375396e-12 3.0812786797e-14
d  1.6243091078e-02 6.2983806723e-01 -2.0000000000e-01 1.5399612478e-05 3.0000000000e+02 -1.4633974086e-12 -4.5812850246e-14 1.5399612191e-12 1.4633344248e-12 -6.8208187286e-18 4.5832850297e-14 -1.5399612494e-12 3.0795258837e-14
d  1.6244644151e-02 6.2875091589e-01 -2.0000000000e-01 1.4833625996e-05 3.0000000000e+02 -1.4072669447e-12 -4.5370633006e-14 1.4833599228e-12 1.4072040713e-12 -6.9181892274e-18 4.5390636990e-14 -1.4833626089e-12 3.0775536126e-14
d  1.6246507840e-02 6.2744633428e-01 -2.0000000000e-01 1.4192870055e-05 3.0000000000e+02 -1.3437264223e-12 -4.4855492552e-14 1.4192967201e-12 1.3436636721e-12 -6.9862380729e-18 4.4875480502e-14 -1.4192869828e-12 3.0752599390e-14
d  1.6247626053e-02 6.2666358531e-01 -2.0000000000e-01 1.3827499243e-05 3.0000000000e+02 -1.3075056812e-12 -4.4556224634e-14 1.3827406646e-12 1.3074430213e-12 -7.0009223583e-18 4.4576241663e-14 -1.3827499583e-12 3.0739283708e-14
d  1.6248967909e-02 6.2572428655e-01 -2.0000000000e-01 1.3406576172e-05 3.0000000000e+02 -1.2657803214e-12 -4.4197661701e-14 1.3406359107e-12 1.2657177633e-12 -7.0233926852e-18 4.4217699090e-14 -1.3406576903e-12 3.0723315580e-14
d  1.6250578136e-02 6.2459712804e-01 -2.0000000000e-01 1.2924977613e-05 3.0000000000e+02 -1.2180382954e-12 -4.3795441280e-14 1.2924980109e-12 1.2179758355e-12 -7.0349667685e-18 4.3815440922e-14 -1.2924977619e-12 3.0705424355e-14
d  1.6252510408e-02 6.2324453783e-01 -2.0000000000e-01 1.2378997999e-05 3.0000000000e+02 -1.1639265148e-12 -4.3338651043e-14 1.2378999706e-12 1.1638641902e-12 -7.0200404308e-18 4.3358650839e-14 -1.2378998008e-12 3.0685136279e-14
d  1.6254829135e-02 6.2162142958e-01 -2.0000000000e-01 1.1766128593e-05 3.0000000000e+02 -1.1031980888e-12 -4.2802877882e-14 1.1766130145e-12 1.1031359266e-12 -6.9879054325e-18 4.2822877727e-14 -1.1766128601e-12 3.0661323797e-14
d  1.6257611607e-02 6.1967369967e-01 -2.0000000000e-01 1.1085005535e-05 3.0000000000e+02 -1.0356984339e-12 -4.2215674423e-14 1.1085128670e-12 1.0356364614e-12 -6.9021798596e-18 4.2235664195e-14 -1.1085005337e-12 3.0635284471e-14
d  1.6259281090e-02 6.1850506172e-01 -2.0000000000e-01 1.0703141255e-05 3.0000000000e+02 -9.9787746499e-13 -4.1868226145e-14 1.0703346495e-12 9.9781560435e-13 -6.8472560771e-18 4.1888200872e-14 -1.0703140775e-12 3.0619829270e-14
d  1.6261284470e-02 6.1710269619e-01 -2.0000000000e-01 1.0268800098e-05 3.0000000000e+02 -9.5486058301e-13 -4.1470733373e-14 1.0268898016e-12 9.5479886816e-13 -6.7549003878e-18 4.1490722080e-14 -1.0268799888e-12 3.0602198873e-14
d  1.6263688526e-02 6.1541985755e-01 -2.0000000000e-01 9.7805879025e-06 3.0000000000e+02 -9.0654575628e-13 -4.0980972748e-14 9.7806473098e-13 9.0648421182e-13 -6.6727873310e-18 4.1000967038e-14 -9.7805877995e-13 3.0580382160e-14
d  1.6265130959e-02 6.1441015437e-01 -2.0000000000e-01 9.5031276858e-06 3.0000000000e+02 -8.7908324333e-13 -4.0710919981e-14 9.5029345235e-13 8.7902181216e-13 -6.5780953970e-18 4.0730947504e-14 -9.5031282176e-13 3.0568404004e-14
d  1.6266861880e-02 6.1319851055e-01 -2.0000000000e-01 9.1842216469e-06 3.0000000000e+02 -8.4751023315e-13 -4.0395023934e-14 9.1842228670e-13 8.4744891324e-13 -6.4944429126e-18 4.0415023772e-14 -9.1842216530e-13 3.0554354279e-14
d  1.6268938984e-02 6.1174453796e-01 -2.0000000000e-01 8.8211000595e-06 3.0000000000e+02 -8.1157399907e-13 -4.0047030601e-14 8.8211061683e-13 8.1151282436e-13 -6.3783532665e-18 4.0067029921e-14 -8.8211000553e-13 3.0538920723e-14
d  1.6271431509e-02 6.0999977086e-01 -2.0000000000e-01 8.4105859082e-06 3.0000000000e+02 -7.7093648103e-13 -3.9647555599e-14 8.4106137794e-13 7.7087548000e-13 -6.2236921938e-18 3.9667553016e-14 -8.4105858662e-13 3.0521217101e-14
d  1.6274422539e-02 6.0790605034e-01 -2.0000000000e-01 7.8948129150e-06 3.0000000000e+02 -7.1834098704e-13 -4.0617922497e-14 7.8947750887e-13 7.1828019771e-13 -5.1101950001e-18 4.0637925419e-14 -7.8948129807e-13 3.0567962304e-14
d  1.6276217157e-02 6.0664981803e-01 -2.0000000000e-01 7.6723665967e-06 3.0000000000e+02 -6.9794509835e-13 -3.8860851209e-14 7.6723675368e-13 6.9788443333e-13 -6.9916845180e-18 3.8880851101e-14 -7.6723666023e-13 3.0484808909e-14
d  1.6278370699e-02 6.0514233925e-01 -2.0000000000e-01 7.3775701611e-06 3.0000000000e+02 -6.6878177934e-13 -3.8546298442e-14 7.3775738780e-13 6.6872126496e-13 -5.4580411448e-18 3.8566298044e-14 -7.3775701609e-13 3.0472737486e-14
d  1.6280954949e-02 6.0333336472e-01 -2.0000000000e-01 7.0447527467e-06 3.0000000000e+02 -6.3587712500e-13 -3.8187450961e-14 7.0447525972e-13 6.3581679167e-13 -5.6428015665e-18 3.8207450974e-14 -7.0447527540e-13 3.0456298492e-14
d  1.6284056049e-02 6.0116259529e-01 -2.0000000000e-01 6.6723023067e-06 3.0000000000e+02 -5.9905955198e-13 -3.7778247086e-14 6.6723032051e-13 5.9899943569e-13 -5.4452398924e-18 3.7798247019e-14 -6.6723023121e-13 3.0438100695e-14
d  1.6285916709e-02 5.9986013362e-01 -2.0000000000e-01 6.4618740287e-06 3.0000000000e+02 -5.7826677528e-13 -3.7538504386e-14 6.4617541390e-13 5.7820679378e-13 -5.3209549398e-18 3.7558517621e-14 -6.4618742843e-13 3.0427417950e-14
d  1.6288149501e-02 5.9829717963e-01 -2.0000000000e-01 6.2208523826e-06 3.0000000000e+02 -5.5444452899e-13 -3.7264379341e-14 6.2208530926e-13 5.5438469924e-13 -5.1761130271e-18 3.7284379268e-14 -6.2208523874e-13 3.0415214844e-14
d  1.6290828852e-02 5.9642163484e-01 -2.0000000000e-01 5.9475143203e-06 3.0000000000e+02 -5.2743925640e-13 -3.6956803126e-14 5.9475150557e-13 5.2737961422e-13 -5.0049409757e-18 3.6976803063e-14 -5.9475143251e-13 3.0401537446e-14
d  1.6294044072e-02 5.9417098109e-01 -2.0000000000e-01 5.6404247002e-06 3.0000000000e+02 -4.9710612965e-13 -3.6595127384e-14 5.6404151340e-13 4.9704671282e-13 -4.8026277903e-18 3.6615128071e-14 -5.6404247191e-13 3.0385427306e-14
d  1.6297902337e-02 5.9147019658e-01 -2.0000000000e-01 5.2621918265e-06 3.0000000000e+02 -4.5869270420e-13 -3.7155952678e-14 5.2621843279e-13 4.5863355736e-13 -4.0898676212e-18 3.7175953126e-14 -5.2621918406e-13 3.0413056037e-14
d  1.6300217296e-02 5.8984972588e-01 -2.0000000000e-01 5.0947947946e-06 3.0000000000e+02 -4.4324152618e-13 -3.5931743273e-14 5.0947937115e-13 4.4318254124e-13 -4.9641884346e-18 3.5951743369e-14 -5.0947948015e-13 3.0355124710e-14
d  1.6302995246e-02 5.8790516104e-01 -2.0000000000e-01 4.8769482192e-06 3.0000000000e+02 -4.2173241209e-13 -3.5659244787e-14 4.8769485697e-13 4.2167362157e-13 -4.0750029007e-18 3.5679244757e-14 -4.8769482236e-13 3.0343939069e-14
d  1.6306328787e-02 5.8557168323e-01 -2.0000000000e-01 4.6319245201e-06 3.0000000000e+02 -3.9755328591e-13 -3.5351926001e-14 4.6319250001e-13 3.9749472873e-13 -4.0640010744e-18 3.5371925968e-14 -4.6319245240e-13 3.0329965341e-14
d  1.6310329036e-02 5.8277150986e-01 -2.0000000000e-01 4.3589805967e-06 3.0000000000e+02 -3.7062480177e-13 -3.5001088687e-14 4.3590063646e-13 3.7056652405e-13 -3.8414997243e-18 3.5021087201e-14 -4.3589805724e-13 3.0314285481e-14
d  1.6315129334e-02 5.7941130181e-01 -2.0000000000e-01 4.0584506084e-06 3.0000000000e+02 -3.4098317803e-13 -3.4607357620e-14 4.0584512158e-13 3.4092523689e-13 -3.5841314636e-18 3.4627357591e-14 -4.0584506118e-13 3.0296679009e-14
d  1.6318009513e-02 5.7739517698e-01 -2.0000000000e-01 3.8909508532e-06 3.0000000000e+02 -3.2446703221e-13 -3.4382489210e-14 3.8909512749e-13 3.2440929268e-13 -3.4334505768e-18 3.4402489180e-14 -3.8909508565e-13 3.0286593150e-14
d  1.6321465728e-02 5.7497582719e-01 -2.0000000000e-01 3.7014894926e-06 3.0000000000e+02 -3.0578966284e-13 -3.4125003652e-14 3.7014898476e-13 3.0573216525e-13 -3.2620348218e-18 3.4145003628e-14 -3.7014894959e-13 3.0275052473e-14
d  1.6325613186e-02 5.7207260744e-01 -2.0000000000e-01 3.4893674828e-06 3.0000000000e+02 -2.8488392328e-13 -3.3831220868e-14 3.4893681752e-13 2.8482671601e-13 -3.0666002827e-18 3.3851220829e-14 -3.4893674855e-13 3.0261877523e-14
d  1.6330590136e-02 5.6858874374e-01 -2.0000000000e-01 3.2546656760e-06 3.0000000000e+02 -2.6176007387e-13 -3.3499184031e-14 3.2546680700e-13 2.6170321495e-13 -2.8451466553e-18 3.3519183920e-14 -3.2546656771e-13 3.0246970583e-14
d  1.6333576306e-02 5.6649842552e-01 -2.0000000000e-01 3.1233096056e-06 3.0000000000e+02 -2.4882119093e-13 -3.3310763538e-14 3.1233228451e-13 2.4876454080e-13 -2.7163188571e-18 3.3330762628e-14 -3.1233095918e-13 3.0238489776e-14
d  1.6337159709e-02 5.6399004365e-01 -2.0000000000e-01 2.9743084585e-06 3.0000000000e+02 -2.3414867125e-13 -3.3092637006e-14 2.9743087487e-13 2.3409227224e-13 -2.5709715549e-18 3.3112636988e-14 -2.9743084611e-13 3.0228672634e-14
d  1.6341459794e-02 5.6097998541e-01 -2.0000000000e-01 2.8068991321e-06 3.0000000000e+02 -2.1766719806e-13 -3.2843705643e-14 2.8068993845e-13 2.1761110006e-13 -2.4062175116e-18 3.2863705630e-14 -2.8068991346e-13 3.0217462814e-14
d  1.6346619895e-02 5.5736791552e-01 -2.0000000000e-01 2.6209512476e-06 3.0000000000e+02 -1.9936632997e-13 -3.2561989324e-14 2.6209514843e-13 1.9931059317e-13 -2.2211152117e-18 3.2581989313e-14 -2.6209512500e-13 3.0204762119e-14
d  1.6352812017e-02 5.5303343166e-01 -2.0000000000e-01 2.4170906452e-06 3.0000000000e+02 -1.7930992607e-13 -3.2245961624e-14 2.4170977249e-13 1.7925462263e-13 -2.0162525862e-18 3.2265961360e-14 -2.4170906425e-13 3.0190493472e-14
d  1.6356527290e-02 5.5043274134e-01 -2.0000000000e-01 2.3038959877e-06 3.0000000000e+02 -1.6817697432e-13 -3.2067515588e-14 2.3038961677e-13 1.6812193105e-13 -1.8995644646e-18 3.2087515578e-14 -2.3038959899e-13 3.0182410033e-14
d  1.6360985617e-02 5.4731191296e-01 -2.0000000000e-01 2.1762651190e-06 3.0000000000e+02 -1.5562760563e-13 -3.1862175290e-14 2.1762661882e-13 1.5557287442e-13 -1.7701689618e-18 3.1882175234e-14 -2.1762651202e-13 3.0173109051e-14
d  1.6366335610e-02 5.4356691890e-01 -2.0000000000e-01 2.0337880710e-06 3.0000000000e+02 -1.4161900709e-13 -3.1632982863e-14 2.0337745208e-13 1.4156465058e-13 -1.6249311647e-18 3.1652983447e-14 -2.0337880840e-13 3.0162731473e-14
d  1.6372755602e-02 5.3907292603e-01 -2.0000000000e-01 1.8770383602e-06 3.0000000000e+02 -1.2622042485e-13 -3.1367387130e-14 1.8770385271e-13 1.2616651755e-13 -1.4690592536e-18 3.1387387124e-14 -1.8770383620e-13 3.0150661946e-14
d  1.6380459592e-02 5.3368013459e-01 -2.0000000000e-01 1.7067392358e-06 3.0000000000e+02 -1.0949415922e-13 -3.1077149155e-14 1.7067694911e-13 1.0944079089e-13 -1.2975196439e-18 3.1097148249e-14 -1.7067392203e-13 3.0137465327e-14
d  1.6385081986e-02 5.3044445972e-01 -2.0000000000e-01 1.6129614915e-06 3.0000000000e+02 -1.0028743382e-13 -3.0914560242e-14 1.6129595284e-13 1.0023438940e-13 -1.2027321247e-18 3.0934560329e-14 -1.6129614948e-13 3.0130042153e-14
d  1.6390628858e-02 5.2656164988e-01 -2.0000000000e-01 1.5079001711e-06 3.0000000000e+02 -8.9975730430e-14 -3.0725852653e-14 1.5079003624e-13 8.9923074262e-14 -1.0999198892e-18 3.0745852645e-14 -1.5079001724e-13 3.0121419831e-14
d  1.6397285106e-02 5.2190227807e-01 -2.0000000000e-01 1.3915618564e-06 3.0000000000e+02 -7.8560382882e-14 -3.0517042898e-14 1.3915619802e-13 7.8508192653e-14 -9.8736991407e-19 3.0537042893e-14 -1.3915618577e-13 3.0111880496e-14
d  1.6405272603e-02 5.1631103190e-01 -2.0000000000e-01 1.2645459187e-06 3.0000000000e+02 -6.6103515972e-14 -3.0282462478e-14 1.2645443806e-13 6.6051884883e-14 -8.6747211900e-19 3.0302462523e-14 -1.2645459208e-13 3.0101138352e-14
d  1.6414857599e-02 5.0960153650e-01 -2.0000000000e-01 1.1219178619e-06 3.0000000000e+02 -5.1918859144e-14 -3.0206288381e-14 1.1219385426e-13 5.1867898827e-14 -7.0852421654e-19 3.0226287883e-14 -1.1219178536e-13 3.0098196289e-14
d  1.6420608596e-02 5.0557583926e-01 -2.0000000000e-01 1.0520543004e-06 3.0000000000e+02 -4.5280599054e-14 -2.9875643800e-14 1.0520508790e-13 4.5230041505e-14 -7.1431981062e-19 2.9895643922e-14 -1.0520543037e-13 3.0082390102e-14
d  1.6427509794e-02 5.0074500257e-01 -2.0000000000e-01 9.6814795615e-07 3.0000000000e+02 -3.7024027573e-14 -2.9744044036e-14 9.6817376813e-14 3.6973952827e-14 -5.7977873598e-19 2.9764043174e-14 -9.6814794127e-14 3.0076487977e-14
d  1.6435791230e-02 4.9494799854e-01 -2.0000000000e-01 8.7803406172e-07 3.0000000000e+02 -2.8239317395e-14 -2.9528678244e-14 8.7803766540e-14 2.8189822566e-14 -5.3086047663e-19 2.9548678144e-14 -8.7803406074e-14 3.0066418684e-14
d  1.6445728954e-02 4.8799159371e-01 -2.0000000000e-01 7.7912514513e-07 3.0000000000e+02 -1.8539462855e-14 -2.9344242486e-14 7.7915438186e-14 1.8490663491e-14 -4.3899607484e-19 2.9364241808e-14 -7.7912513328e-14 3.0057945070e-14
d  1.6451691589e-02 4.8381775081e-01 -2.0000000000e-01 7.2566039679e-07 3.0000000000e+02 -1.3330680450e-14 -2.9213879212e-14 7.2566041423e-14 1.3282298675e-14 -4.0405628423e-19 2.9233879212e-14 -7.2566039750e-14 3.0051824130e-14
d  1.6458846750e-02 4.7880913932e-01 -2.0000000000e-01 6.6543931555e-07 3.0000000000e+02 -7.4419188059e-15 -2.9083910736e-14 6.6543933961e-14 7.3940378917e-15 -3.5295270471e-19 2.9103910735e-14 -6.6543931620e-14 3.0045779446e-14
d  1.6467432944e-02 4.7279880555e-01 -2.0000000000e-01 5.9904833401e-07 3.0000000000e+02 -9.5271616714e-16 -2.8940590958e-14 5.9904786770e-14 9.0543629002e-16 -3.0532176504e-19 2.8960590971e-14 -5.9904833484e-14 3.0039102303e-14
d  1.6477736376e-02 4.6558640502e-01 -2.0000000000e-01 5.2692804589e-07 3.0000000000e+02 6.0930103223e-15 -2.8780956216e-14 5.2692806114e-14 -6.1395689629e-15 -2.5446847323e-19 2.8800956216e-14 -5.2692804641e-14 3.0031646694e-14
d  1.6483918435e-02 4.6125896470e-01 -2.0000000000e-01 4.8713192780e-07 3.0000000000e+02 9.9823790618e-15 -2.8694337737e-14 4.8714146548e-14 -1.0028505039e-14 -2.2649370883e-19 2.8714337421e-14 -4.8713192257e-14 3.0027588636e-14
d  1.6491336906e-02 4.5606603631e-01 -2.0000000000e-01 4.4266996220e-07 3.0000000000e+02 1.4322025037e-14 -2.8592461626e-14 4.4267167218e-14 -1.4367631654e-14 -1.9791600088e-19 2.8612461573e-14 -4.4266996168e-14 3.0022805950e-14
d  1.6500239072e-02 4.4983452225e-01 -2.0000000000e-01 3.9355799168e-07 3.0000000000e+02 1.9111618099e-14 -2.8475208489e-14 3.9356015185e-14 -1.9156601566e-14 -1.6706434700e-19 2.8495208433e-14 -3.9355799106e-14 3.0017285786e-14
d  1.6510921670e-02 4.4235670538e-01 -2.0000000000e-01 3.3998454580e-07 3.0000000000e+02 2.4336258744e-14 -2.8347874648e-14 3.3998216107e-14 -2.4380494401e-14 -1.3431844123e-19 2.8367874699e-14 -3.3998454708e-14 3.0011283492e-14
d  1.6523740789e-02 4.3338332514e-01 -2.0000000000e-01 2.8258743737e-07 3.0000000000e+02 2.9930617548e-14 -2.8208004886e-14 2.8259316527e-14 -2.9973955908e-14 -1.0159576133e-19 2.8228004783e-14 -2.8258743576e-14 3.0004667382e-14
d  1.6539123731e-02 4.2261526884e-01 -2.0000000000e-01 2.2231798622e-07 3.0000000000e+02 3.5799942237e-14 -2.8056847532e-14 2.2231745809e-14 -3.5842203761e-14 -6.9075658938e-20 2.8076847540e-14 -2.2231798659e-14 2.9997488530e-14
d  1.6557583261e-02 4.0969360129e-01 -2.0000000000e-01 1.6043792723e-07 3.0000000000e+02 4.1821174330e-14 -2.7896070541e-14 1.6043522334e-14 -4.1862143681e-14 -3.7936757763e-20 2.7916070575e-14 -1.6043792802e-14 2.9989813580e-14
d  1.6579734697e-02 3.9418760022e-01 -2.0000000000e-01 9.8562585260e-08 3.0000000000e+02 4.7835718837e-14 -2.7729470061e-14 9.8563204256e-15 -4.7875137598e-14 -9.0838314230e-21 2.7749470054e-14 -9.8562585239e-15 2.9981812212e-14
d  1.6606316421e-02 3.7558039895e-01 -2.0000000000e-01 3.8539421918e-08 3.0000000000e+02 5.3663402116e-14 -2.7561265738e-14 3.8539307702e-15 -5.3700960156e-14 1.6714099908e-20 2.7581265739e-14 -3.8539421975e-15 2.9973672232e-14
d  1.6638214489e-02 3.5325175741e-01 -2.0000000000e-01 -1.7688283541e-08 3.0000000000e+02 5.9115724677e-14 -2.7396548673e-14 -1.7681973537e-15 -5.9151049865e-14 3.8835060191e-20 2.7416548627e-14 1.7688284414e-15 2.9965623046e-14
d  1.6676492171e-02 3.2645738757e-01 -2.0000000000e-01 -6.8663985189e-08 3.0000000000e+02 6.4068006355e-14 -2.7255775211e-14 -6.8499990324e-15 -6.4100652349e-14 5.7644139137e-20 2.7275774224e-14 6.8664003858e-15 2.9958690434e-14
d  1.6722425390e-02 2.9430414376e-01 -2.0000000000e-01 -1.1150795539e-07 3.0000000000e+02 6.8187430056e-14 -2.7095540815e-14 -1.1150627264e-14 -6.8216860472e-14 7.1111336045e-20 2.7115540807e-14 1.1150795566e-14 2.9950591049e-14
d  1.6777545252e-02 2.5572025119e-01 -2.0000000000e-01 -1.4655019301e-07 3.0000000000e+02 7.1566553184e-14 -2.6972816814e-14 -1.4655018823e-14 -7.1592125209e-14 8.2614951752e-20 2.6992816814e-14 1.4655019316e-14 2.9944229064e-14
d  1.6843689087e-02 2.0941958011e-01 -2.0000000000e-01 -1.7316887326e-07 3.0000000000e+02 7.4132827105e-14 -2.6877699783e-14 -1.7316882135e-14 -7.4153769063e-14 9.0666882037e-20 2.6897699783e-14 1.7316887343e-14 2.9939072775e-14
d  1.6923061688e-02 1.5385877481e-01 -2.0000000000e-01 -1.9201940831e-07 3.0000000000e+02 7.5956490427e-14 -2.6814515078e-14 -1.9201946315e-14 -7.5971876304e-14 9.6529446870e-20 2.6834515078e-14 1.9201940850e-14 2.9935323914e-14
d  1.7018308810e-02 8.7185808451e-02 -2.0000000000e-01 -2.0457306166e-07 3.0000000000e+02 7.7194876618e-14 -2.6792723241e-14 -2.0457307410e-14 -7.7203595198e-14 1.0075085609e-19 2.6812723241e-14 2.0457306186e-14 2.9933468443e-14
d  1.7132605356e-02 7.1782488192e-03 -2.0000000000e-01 -2.1453190773e-07 3.0000000000e+02 7.8233701916e-14 -2.6826822107e-14 -2.1453190535e-14 -7.8234419741e-14 1.0557091913e-19 2.6846822107e-14 2.1453190794e-14 2.9934300647e-14
d  1.7142860000e-02 0.0000000000e+00 -2.0000000000e-01 -2.1562534880e-07 3.0000000000e+02 7.8350543133e-14 -2.6833431098e-14 -2.1562451661e-14 -7.8350543136e-14 1.0753456909e-19 2.6853431085e-14 2.1562534925e-14 2.9934471709e-14
