v ATLAS
# This file was created by ATLAS version 5.32.1.R on Fri Oct  9 09:20:58 2026.
#SSF 2.0 generic
##############################################################################
#                    Copyright (c) 1984 - 2021                               #
#                    Silvaco Inc. All rights reserved                        #
#                                                                            #
# This file format and the following Key are copyright Silvaco Inc.          #
# You may not use, this format or key without reproducing this message in    #
# full and obtaining express written permission from Silvaco Inc.            #
#                                                                            #
# To obtain such permission please contact: Silvaco Inc.                     #
#                                           support@silvaco.com              #
#                                                                            #
# KEY=SVC86hn7562asdx                       PROD=345                         #
##############################################################################
Q 10000 1 "V[1]" 5 1201 7 1
Q 10001 1 "V[2]" 5 1201 7 2
Q 10002 1 "V[3]" 5 1201 7 3
X 1 Vdrain
X 2 Vgate
X 3 Rtap
X 4 Adev_drain
X 5 Adev_source
X 6 Adev_gate
X 7 Adev_tap
X 8 Adev_substrate
p 13 61 10000 10001 10002 82 1301 1302 1303 1304 1305 1306 1307 1308
d  1.0000000000e-09 6.9999996500e-07 -2.0000000000e-01 4.7992716306e-08 3.0000000000e+02 -7.5061690692e-14 3.9261859471e-14 4.7942227111e-15 7.5062696723e-14 -1.0941818097e-15 -3.9236723434e-14 -4.8089096219e-15 -3.3789134644e-14
d  2.0000000000e-09 1.3999999300e-06 -2.0000000000e-01 8.3510822480e-08 3.0000000000e+02 -7.5395321353e-14 3.2121487630e-14 8.3510504428e-15 7.5395330720e-14 -5.1230577297e-16 -3.2101439094e-14 -8.3511733284e-15 -3.2525195413e-14
d  3.0000000000e-09 2.0999998950e-06 -2.0000000000e-01 1.0681691281e-07 3.0000000000e+02 -7.5651519581e-14 3.2605379288e-14 1.0681667941e-14 7.5651526346e-14 -3.4100282285e-16 -3.2585343666e-14 -1.0681758121e-14 -3.2036382288e-14
d  4.2000000000e-09 2.9399998530e-06 -2.0000000000e-01 1.2331394252e-07 3.0000000000e+02 -7.5823653995e-14 3.1732655640e-14 1.2331385608e-14 7.5823655920e-14 -1.6941973998e-16 -3.1712644308e-14 -1.2331415515e-14 -3.1610090473e-14
d  5.6400000000e-09 3.9479998026e-06 -2.0000000000e-01 1.3335289787e-07 3.0000000000e+02 -7.5928532736e-14 3.1197665455e-14 1.3335266422e-14 7.5928537337e-14 -6.5033031675e-17 -3.1177639951e-14 -1.3335337670e-14 -3.1350388719e-14
d  7.3680000000e-09 5.1575997421e-06 -2.0000000000e-01 1.3834397782e-07 3.0000000000e+02 -7.5980794298e-14 3.0932053836e-14 1.3834337982e-14 7.5980804439e-14 -1.3153816405e-17 -3.0911999438e-14 -1.3834499884e-14 -3.1221280557e-14
d  9.4416000000e-09 6.6091196695e-06 -2.0000000000e-01 1.4010644923e-07 3.0000000000e+02 -7.5999355253e-14 3.0838305837e-14 1.4010545255e-14 7.5999369394e-14 5.1666323463e-18 -3.0818230279e-14 -1.4010786726e-14 -3.1175706946e-14
d  1.1929920000e-08 8.3509435825e-06 -2.0000000000e-01 1.4028258452e-07 3.0000000000e+02 -7.6001225372e-14 3.0828859799e-14 1.4028149381e-14 7.6001238036e-14 7.0066771576e-18 -3.0808790894e-14 -1.4028387771e-14 -3.1171162475e-14
d  1.4915904000e-08 1.0441132278e-05 -2.0000000000e-01 1.3997942427e-07 3.0000000000e+02 -7.5997938306e-14 3.0845019255e-14 1.3997867026e-14 7.5997945039e-14 3.8454283793e-18 -3.0824979560e-14 -1.3998016932e-14 -3.1179001012e-14
d  1.8499084800e-08 1.2949358713e-05 -2.0000000000e-01 1.3971610586e-07 3.0000000000e+02 -7.5994860682e-14 3.0858623107e-14 1.3971649960e-14 7.5994856003e-14 1.1235588695e-18 -3.0838640381e-14 -1.3971578184e-14 -3.1185776406e-14
d  2.2798901760e-08 1.5959230434e-05 -2.0000000000e-01 1.3960390667e-07 3.0000000000e+02 -7.5993189965e-14 3.0864040234e-14 1.3960623993e-14 7.5993171657e-14 -2.8113617697e-20 -3.0844125542e-14 -1.3960230603e-14 -3.1188610999e-14
d  2.7958682112e-08 1.9571076500e-05 -2.0000000000e-01 1.3957628593e-07 3.0000000000e+02 -7.5989916418e-14 3.0863101633e-14 1.3958999898e-14 7.5989832616e-14 -2.0493598309e-19 -3.0843519436e-14 -1.3956844597e-14 -3.1188927972e-14
d  3.4150418534e-08 2.3905291779e-05 -2.0000000000e-01 1.3956252769e-07 3.0000000000e+02 -7.5984000174e-14 3.0857823543e-14 1.3960009597e-14 7.5983810936e-14 -1.1130346112e-19 -3.0838777388e-14 -1.3954462890e-14 -3.1188374870e-14
d  4.1580502241e-08 2.9106350114e-05 -2.0000000000e-01 1.3952413871e-07 3.0000000000e+02 -7.5973114060e-14 3.0849126027e-14 1.3960774732e-14 7.5972764695e-14 -4.0671732132e-20 -3.0830895054e-14 -1.3949094399e-14 -3.1187641796e-14
d  5.0496602690e-08 3.5347620115e-05 -2.0000000000e-01 1.3948782828e-07 3.0000000000e+02 -7.5964930783e-14 3.0840142337e-14 1.3961036951e-14 7.5964504157e-14 -2.3335851850e-20 -3.0822303015e-14 -1.3944728524e-14 -3.1186970212e-14
d  6.1195923227e-08 4.2837144117e-05 -2.0000000000e-01 1.3946790733e-07 3.0000000000e+02 -7.5961448954e-14 3.0835745196e-14 1.3961139524e-14 7.5961031864e-14 -2.2687736219e-20 -3.0817853560e-14 -1.3942834646e-14 -3.1186646052e-14
d  7.4035107873e-08 5.1824572920e-05 -2.0000000000e-01 1.3946387801e-07 3.0000000000e+02 -7.5961585770e-14 3.0835301306e-14 1.3961258642e-14 7.5961224065e-14 -2.6881036471e-20 -3.0817122201e-14 -1.3942971115e-14 -3.1186594501e-14
d  8.9442129448e-08 6.2609487483e-05 -2.0000000000e-01 1.3946089421e-07 3.0000000000e+02 -7.5961740537e-14 3.0836071840e-14 1.3961439544e-14 7.5961427598e-14 -2.5967532312e-20 -3.0817638158e-14 -1.3943150419e-14 -3.1186633854e-14
d  1.0793055534e-07 7.5551384958e-05 -2.0000000000e-01 1.3945892915e-07 3.0000000000e+02 -7.5961954606e-14 3.0836315010e-14 1.3961667202e-14 7.5961684424e-14 -2.5854120783e-20 -3.0817656345e-14 -1.3943376068e-14 -3.1186635759e-14
d  1.3011666640e-07 9.1081661929e-05 -2.0000000000e-01 1.3945793298e-07 3.0000000000e+02 -7.5962227507e-14 3.0836526847e-14 1.3961940076e-14 7.5961994375e-14 -2.4909150120e-20 -3.0817671022e-14 -1.3943646400e-14 -3.1186638566e-14
d  1.5673999969e-07 1.0971799429e-04 -2.0000000000e-01 1.3945795912e-07 3.0000000000e+02 -7.5962564274e-14 3.0836738556e-14 1.3962267648e-14 7.5962362858e-14 -2.6609181664e-20 -3.0817711224e-14 -1.3943970826e-14 -3.1186642148e-14
d  1.8868799962e-07 1.3208159313e-04 -2.0000000000e-01 1.3945906220e-07 3.0000000000e+02 -7.5962982254e-14 3.0836937731e-14 1.3962659526e-14 7.5962807628e-14 -2.5762235659e-20 -3.0817762143e-14 -1.3944359317e-14 -3.1186646312e-14
d  2.2702559955e-07 1.5891791174e-04 -2.0000000000e-01 1.3946133407e-07 3.0000000000e+02 -7.5963492595e-14 3.0837103866e-14 1.3963130477e-14 7.5963340231e-14 -2.5600303961e-20 -3.0817800873e-14 -1.3944825566e-14 -3.1186651512e-14
d  2.7303071946e-07 1.9112149406e-04 -2.0000000000e-01 1.3946488382e-07 3.0000000000e+02 -7.5964113611e-14 3.0837288646e-14 1.3963694839e-14 7.5963979371e-14 -2.5747564162e-20 -3.0817876641e-14 -1.3945385088e-14 -3.1186657542e-14
d  3.2823686335e-07 2.2976579285e-04 -2.0000000000e-01 1.3946985487e-07 3.0000000000e+02 -7.5964866173e-14 3.0837448178e-14 1.3964372481e-14 7.5964746249e-14 -2.5563960681e-20 -3.0817943315e-14 -1.3946056429e-14 -3.1186664946e-14
d  3.9448423602e-07 2.7613895140e-04 -2.0000000000e-01 1.3947643156e-07 3.0000000000e+02 -7.5965774992e-14 3.0837623746e-14 1.3965186532e-14 7.5965665862e-14 -2.5966570505e-20 -3.0818040072e-14 -1.3946861978e-14 -3.1186673731e-14
d  4.7398108322e-07 3.3178674166e-04 -2.0000000000e-01 1.3948484171e-07 3.0000000000e+02 -7.5966871859e-14 3.0837791851e-14 1.3966162913e-14 7.5966770226e-14 -2.5343453733e-20 -3.0818141466e-14 -1.3947828168e-14 -3.1186684196e-14
d  5.6937729986e-07 3.9856408998e-04 -2.0000000000e-01 1.3949537832e-07 3.0000000000e+02 -7.5968190775e-14 3.0837988630e-14 1.3967332942e-14 7.5968093497e-14 -2.5682140858e-20 -3.0818281895e-14 -1.3948987566e-14 -3.1186696756e-14
d  6.8385275984e-07 4.7869690795e-04 -2.0000000000e-01 1.3950839206e-07 3.0000000000e+02 -7.5969776436e-14 3.0838191267e-14 1.3968736695e-14 7.5969680439e-14 -2.5858942485e-20 -3.0818437061e-14 -1.3950378013e-14 -3.1186711902e-14
d  8.2122331180e-07 5.7485628952e-04 -2.0000000000e-01 1.3952432069e-07 3.0000000000e+02 -7.5971681476e-14 3.0838419109e-14 1.3970420018e-14 7.5971583681e-14 -2.5818891116e-20 -3.0818624972e-14 -1.3952045800e-14 -3.1186729963e-14
d  9.8606797417e-07 6.9024754740e-04 -2.0000000000e-01 1.3954369261e-07 3.0000000000e+02 -7.5973968285e-14 3.0838678996e-14 1.3972438509e-14 7.5973865517e-14 -2.5667053349e-20 -3.0818851324e-14 -1.3954045916e-14 -3.1186751613e-14
d  1.1838815690e-06 8.2871705686e-04 -2.0000000000e-01 1.3956715138e-07 3.0000000000e+02 -7.5976711815e-14 3.0838976044e-14 1.3974859975e-14 7.5976600706e-14 -2.5664601960e-20 -3.0819120252e-14 -1.3956444558e-14 -3.1186777510e-14
d  1.4212578828e-06 9.9488046822e-04 -2.0000000000e-01 1.3959547035e-07 3.0000000000e+02 -7.5980001889e-14 3.0839319706e-14 1.3977762458e-14 7.5979878778e-14 -2.5663349283e-20 -3.0819440347e-14 -1.3959320675e-14 -3.1186808389e-14
d  1.7061094594e-06 1.1942765618e-03 -2.0000000000e-01 1.3962958157e-07 3.0000000000e+02 -7.5983945934e-14 3.0839719494e-14 1.3981243244e-14 7.5983806744e-14 -2.5577050325e-20 -3.0819820414e-14 -1.3962768803e-14 -3.1186845338e-14
d  2.0479313512e-06 1.4335518742e-03 -2.0000000000e-01 1.3967060315e-07 3.0000000000e+02 -7.5988671369e-14 3.0840193678e-14 1.3985415635e-14 7.5988511482e-14 -2.5667786912e-20 -3.0820278101e-14 -1.3966901915e-14 -3.1186889313e-14
d  2.4581176215e-06 1.7206822490e-03 -2.0000000000e-01 1.3990334424e-07 3.0000000000e+02 -7.6028304494e-14 3.0855255634e-14 1.3971987762e-14 7.6028146204e-14 -1.1905113108e-20 -3.0835185318e-14 -1.3990466393e-14 -3.1187978809e-14
d  2.9503411458e-06 2.0652386988e-03 -2.0000000000e-01 1.3996166380e-07 3.0000000000e+02 -7.6034039301e-14 3.0890508279e-14 1.3977758321e-14 7.6033844298e-14 -3.0414107990e-20 -3.0870449486e-14 -1.3996276726e-14 -3.1190641518e-14
d  3.5410093749e-06 2.4787064385e-03 -2.0000000000e-01 1.4003388077e-07 3.0000000000e+02 -7.6042447353e-14 3.0882834685e-14 1.3984914892e-14 7.6042209117e-14 -2.5720084960e-20 -3.0862785517e-14 -1.4003480360e-14 -3.1190080021e-14
d  4.2498112499e-06 2.9748677262e-03 -2.0000000000e-01 1.4011978709e-07 3.0000000000e+02 -7.6052185806e-14 3.0883876270e-14 1.3993433594e-14 7.6051896379e-14 -2.5646327479e-20 -3.0863835136e-14 -1.4012055915e-14 -3.1190176564e-14
d  5.1003734999e-06 3.5702612714e-03 -2.0000000000e-01 1.4022255035e-07 3.0000000000e+02 -7.6063822256e-14 3.0885109891e-14 1.4003628917e-14 7.6063471977e-14 -2.5654017671e-20 -3.0865075464e-14 -1.4022319658e-14 -3.1190291024e-14
d  6.1210481999e-06 4.2847335257e-03 -2.0000000000e-01 1.4034570927e-07 3.0000000000e+02 -7.6077763248e-14 3.0886582722e-14 1.4034543797e-14 7.6077334783e-14 -3.1307580704e-20 -3.0866582680e-14 -1.4034571019e-14 -3.1190441489e-14
d  7.3458578398e-06 5.1421002308e-03 -2.0000000000e-01 1.4049320720e-07 3.0000000000e+02 -7.6094737819e-14 3.0870906745e-14 1.4049294950e-14 7.6094223616e-14 -2.3743650651e-20 -3.0850906712e-14 -1.4049320796e-14 -3.1189293829e-14
d  8.8156294078e-06 6.1709402769e-03 -2.0000000000e-01 1.4066849979e-07 3.0000000000e+02 -7.6114384744e-14 3.0877114053e-14 1.4066824638e-14 7.6113767655e-14 -2.5679736972e-20 -3.0857114026e-14 -1.4066850043e-14 -3.1189797108e-14
d  1.0579355289e-05 7.4055483323e-03 -2.0000000000e-01 1.4087804067e-07 3.0000000000e+02 -7.6137883239e-14 3.0879325063e-14 1.4087781844e-14 7.6137142688e-14 -2.5695065549e-20 -3.0859325043e-14 -1.4087804118e-14 -3.1190006956e-14
d  1.2695826347e-05 8.8870779987e-03 -2.0000000000e-01 1.4112811155e-07 3.0000000000e+02 -7.6165809324e-14 3.0881850927e-14 1.4112782311e-14 7.6164920621e-14 -2.5704761095e-20 -3.0861850906e-14 -1.4112811209e-14 -3.1190248877e-14
d  1.5235591617e-05 1.0664913598e-02 -2.0000000000e-01 1.4142630309e-07 3.0000000000e+02 -7.6198939781e-14 3.0884714864e-14 1.4142531704e-14 7.6197873301e-14 -2.5714428702e-20 -3.0864714803e-14 -1.4142630438e-14 -3.1190526182e-14
d  1.8283309940e-05 1.2798316318e-02 -2.0000000000e-01 1.4178159629e-07 3.0000000000e+02 -7.6238172374e-14 3.0887956205e-14 1.4177935010e-14 7.6236892565e-14 -2.5725163660e-20 -3.0867956090e-14 -1.4178159861e-14 -3.1190843690e-14
d  2.1940571928e-05 1.5358399582e-02 -2.0000000000e-01 1.4220461147e-07 3.0000000000e+02 -7.6284540404e-14 3.0891520907e-14 1.4220070641e-14 7.6283004597e-14 -2.5733806513e-20 -3.0871520739e-14 -1.4220461476e-14 -3.1191199478e-14
d  2.6329286314e-05 1.8430499498e-02 -2.0000000000e-01 1.4270791920e-07 3.0000000000e+02 -7.6339223465e-14 3.0895312451e-14 1.4270793019e-14 7.6337380415e-14 -2.5794346077e-20 -3.0875312452e-14 -1.4270791934e-14 -3.1191588960e-14
d  3.1595743576e-05 2.2117019398e-02 -2.0000000000e-01 1.4330650364e-07 3.0000000000e+02 -7.6403583622e-14 3.0898633666e-14 1.4330652369e-14 7.6401371920e-14 -2.5779380413e-20 -3.0878633666e-14 -1.4330650377e-14 -3.1191963053e-14
d  3.7915492292e-05 2.6540843277e-02 -2.0000000000e-01 1.4401836727e-07 3.0000000000e+02 -7.6479145615e-14 3.0902245737e-14 1.4401827630e-14 7.6476491531e-14 -2.5833408813e-20 -3.0882245735e-14 -1.4401836745e-14 -3.1192381629e-14
d  4.5499190750e-05 3.1849431933e-02 -2.0000000000e-01 1.4466643532e-07 3.0000000000e+02 -7.6531314781e-14 3.0889828410e-14 1.4464737156e-14 7.6528129915e-14 -2.4966445314e-20 -3.0869828015e-14 -1.4466644289e-14 -3.1191642710e-14
d  5.4599628900e-05 3.8219738319e-02 -2.0000000000e-01 1.4566641417e-07 3.0000000000e+02 -7.6633453095e-14 3.0892799283e-14 1.4564894795e-14 7.6629631180e-14 -2.6225540825e-20 -3.0872798981e-14 -1.4566641999e-14 -3.1192076928e-14
d  6.5520154680e-05 4.5864105983e-02 -2.0000000000e-01 1.4707962816e-07 3.0000000000e+02 -7.6792794894e-14 3.0908046780e-14 1.4707912076e-14 7.6788208485e-14 -2.6677335556e-20 -3.0888046772e-14 -1.4707962844e-14 -3.1193446931e-14
d  7.8624785616e-05 5.5037347179e-02 -2.0000000000e-01 1.4853104398e-07 3.0000000000e+02 -7.6935570576e-14 3.0903182533e-14 1.4852881276e-14 7.6930066847e-14 -2.5898548450e-20 -3.0883182506e-14 -1.4853104463e-14 -3.1193372376e-14
d  9.4350342739e-05 6.6045236615e-02 -2.0000000000e-01 1.5027452650e-07 3.0000000000e+02 -7.7101417350e-14 3.0894477971e-14 1.5028275901e-14 7.7094812810e-14 -2.6258309852e-20 -3.0874478054e-14 -1.5027452511e-14 -3.1193066860e-14
d  1.1322101129e-04 7.9254703938e-02 -2.0000000000e-01 1.5242674161e-07 3.0000000000e+02 -7.7302104482e-14 3.0878341273e-14 1.5242677468e-14 7.7294179012e-14 -2.6443578804e-20 -3.0858341273e-14 -1.5242674176e-14 -3.1192273108e-14
d  1.3586581354e-04 9.5106064726e-02 -2.0000000000e-01 1.5507479639e-07 3.0000000000e+02 -7.7539825532e-14 3.0852190876e-14 1.5507333759e-14 7.7530314928e-14 -2.6667333349e-20 -3.0832190866e-14 -1.5507479673e-14 -3.1190816925e-14
d  1.6303957625e-04 1.1412769767e-01 -2.0000000000e-01 1.5843012362e-07 3.0000000000e+02 -7.7833409850e-14 3.0810769929e-14 1.5843014887e-14 7.7821997080e-14 -2.6986942842e-20 -3.0790769929e-14 -1.5843012378e-14 -3.1188334907e-14
d  1.7934383388e-04 1.2554067744e-01 -2.0000000000e-01 1.6053965552e-07 3.0000000000e+02 -7.8013426319e-14 3.0780405633e-14 1.6053967851e-14 7.8000872251e-14 -2.7166085190e-20 -3.0760405634e-14 -1.6053965568e-14 -3.1186448006e-14
d  1.9890894303e-04 1.3923625316e-01 -2.0000000000e-01 1.6318826359e-07 3.0000000000e+02 -7.8235880490e-14 3.0739255662e-14 1.6318804789e-14 7.8221956865e-14 -2.7397588342e-20 -3.0719255660e-14 -1.6318826378e-14 -3.1183849953e-14
d  2.2238707401e-04 1.5567094402e-01 -2.0000000000e-01 1.6654811703e-07 3.0000000000e+02 -7.8513179962e-14 3.0682581550e-14 1.6654945379e-14 7.8497612865e-14 -2.7690782633e-20 -3.0662581559e-14 -1.6654811703e-14 -3.1180219484e-14
d  2.5056083119e-04 1.7539257306e-01 -2.0000000000e-01 1.7087663642e-07 3.0000000000e+02 -7.8865015024e-14 3.0604490289e-14 1.7087539518e-14 7.8847475768e-14 -2.8054931438e-20 -3.0584490282e-14 -1.7087663672e-14 -3.1175165339e-14
d  2.8436933980e-04 1.9905852791e-01 -2.0000000000e-01 1.7623019138e-07 3.0000000000e+02 -7.9264198670e-14 3.0474817266e-14 1.7622612486e-14 7.9244292821e-14 -2.8185469851e-20 -3.0454817247e-14 -1.7623019191e-14 -3.1166584383e-14
d  3.2493955013e-04 2.2745767372e-01 -2.0000000000e-01 1.8368866413e-07 3.0000000000e+02 -7.9848936043e-14 3.0321061168e-14 1.8368799325e-14 7.9826190276e-14 -2.9061154302e-20 -3.0301061166e-14 -1.8368866436e-14 -3.1156533638e-14
d  3.7362380253e-04 2.6153664870e-01 -2.0000000000e-01 1.9381693166e-07 3.0000000000e+02 -8.0638168612e-14 3.0107615205e-14 1.9381606547e-14 8.0612014948e-14 -2.9683173920e-20 -3.0087615202e-14 -1.9381693191e-14 -3.1142589095e-14
d  4.3204490541e-04 3.0243141867e-01 -2.0000000000e-01 2.0776277082e-07 3.0000000000e+02 -8.1720509825e-14 2.9810661184e-14 2.0776110615e-14 8.1690266684e-14 -3.0547485124e-20 -2.9790661180e-14 -2.0776277111e-14 -3.1123268354e-14
d  5.0215022887e-04 3.5150514264e-01 -2.0000000000e-01 2.2722416152e-07 3.0000000000e+02 -8.3241309100e-14 2.9406471408e-14 2.2722117983e-14 8.3206158587e-14 -3.1599374746e-20 -2.9386471401e-14 -2.2722416187e-14 -3.1097204303e-14
d  5.8627661702e-04 4.1039361140e-01 -2.0000000000e-01 2.5446387064e-07 3.0000000000e+02 -8.5414664438e-14 2.8883173851e-14 2.5445985056e-14 8.5373625079e-14 -3.2821807733e-20 -2.8863173844e-14 -2.5446387104e-14 -3.1063968103e-14
d  6.8722828280e-04 4.8105977391e-01 -2.0000000000e-01 2.9265171908e-07 3.0000000000e+02 -8.8612764226e-14 2.8291757476e-14 2.9264695434e-14 8.8564658251e-14 -3.4494112162e-20 -2.8271757468e-14 -2.9265171953e-14 -3.1027484729e-14
d  7.4779928227e-04 5.2345947141e-01 -2.0000000000e-01 3.1762012769e-07 3.0000000000e+02 -9.0783450983e-14 2.7980091654e-14 3.1761095077e-14 9.0731105042e-14 -3.5236748476e-20 -2.7960091632e-14 -3.1762012843e-14 -3.1009055364e-14
d  7.8414188195e-04 5.4889928992e-01 -2.0000000000e-01 3.3370419013e-07 3.0000000000e+02 -9.2253863570e-14 2.7846425000e-14 3.3369683998e-14 9.2198973648e-14 -3.6176650262e-20 -2.7826424972e-14 -3.3370419102e-14 -3.1001674449e-14
d  8.2775300157e-04 5.7942707212e-01 -2.0000000000e-01 3.5380340612e-07 3.0000000000e+02 -9.4130393337e-14 2.7717221247e-14 3.5379550816e-14 9.4072450637e-14 -3.7047911140e-20 -2.7697221218e-14 -3.5380340704e-14 -3.0994876308e-14
d  8.5391967333e-04 5.9774374145e-01 -2.0000000000e-01 3.6662299961e-07 3.0000000000e+02 -9.5372311805e-14 2.7676599948e-14 3.6661806931e-14 9.5312537437e-14 -3.8054670965e-20 -2.7656599921e-14 -3.6662300049e-14 -3.0993294441e-14
d  8.8531967946e-04 6.1972374463e-01 -2.0000000000e-01 3.8245753681e-07 3.0000000000e+02 -9.6919511879e-14 2.7639479623e-14 3.8245243397e-14 9.6857539511e-14 -3.8812931285e-20 -2.7619479597e-14 -3.8245753769e-14 -3.0992162117e-14
d  9.0415968313e-04 6.3291174655e-01 -2.0000000000e-01 3.9273599753e-07 3.0000000000e+02 -9.7963366529e-14 2.7652233163e-14 3.9272506749e-14 9.7900075374e-14 -4.0182382509e-20 -2.7632233081e-14 -3.9273599949e-14 -3.0993826145e-14
d  9.2676768754e-04 6.4873734884e-01 -2.0000000000e-01 4.0508733574e-07 3.0000000000e+02 -9.9200453474e-14 2.7652561293e-14 4.0508839307e-14 9.9135579737e-14 -4.0400004946e-20 -2.7632561300e-14 -4.0508733601e-14 -3.0994802180e-14
d  9.4033249019e-04 6.5823271022e-01 -2.0000000000e-01 4.1436747263e-07 3.0000000000e+02 -1.0023353191e-13 2.7748289056e-14 4.1436818732e-14 1.0016770864e-13 -4.4633134318e-20 -2.7728289064e-14 -4.1436747291e-14 -3.1001779375e-14
d  9.5661025336e-04 6.6962714387e-01 -2.0000000000e-01 4.2429437236e-07 3.0000000000e+02 -1.0124559540e-13 2.7765843095e-14 4.2429451311e-14 1.0117863269e-13 -4.1741745890e-20 -2.7745843096e-14 -4.2429437276e-14 -3.1003604690e-14
d  9.7614356917e-04 6.8330046426e-01 -2.0000000000e-01 4.3516436997e-07 3.0000000000e+02 -1.0227886331e-13 2.7713179483e-14 4.3515606128e-14 1.0221053328e-13 -4.1242321094e-20 -2.7693179415e-14 -4.3516437170e-14 -3.1000870516e-14
d  9.8786355866e-04 6.9150445649e-01 -2.0000000000e-01 4.4426522462e-07 3.0000000000e+02 -1.0331216863e-13 2.7827640198e-14 4.4426435298e-14 1.0324301818e-13 -4.8398431547e-20 -2.7807640187e-14 -4.4426522526e-14 -3.1008990116e-14
d  1.0019275460e-03 7.0134924716e-01 -2.0000000000e-01 4.5396021733e-07 3.0000000000e+02 -1.0432109452e-13 2.7863160306e-14 4.5396076857e-14 1.0425095959e-13 -4.4502550506e-20 -2.7843160312e-14 -4.5396021767e-14 -3.1011893442e-14
d  1.0103659385e-03 7.0725612157e-01 -2.0000000000e-01 4.5997230523e-07 3.0000000000e+02 -1.0494862490e-13 2.7886811590e-14 4.5997241303e-14 1.0487789928e-13 -4.6351793601e-20 -2.7866811592e-14 -4.5997230566e-14 -3.1013793647e-14
d  1.0204920094e-03 7.1434437085e-01 -2.0000000000e-01 4.6738069719e-07 3.0000000000e+02 -1.0572331769e-13 2.7917630296e-14 4.6738635157e-14 1.0565188323e-13 -4.7134816357e-20 -2.7897630385e-14 -4.6738069598e-14 -3.1016229805e-14
d  1.0326432945e-03 7.2285027000e-01 -2.0000000000e-01 4.7658969650e-07 3.0000000000e+02 -1.0668947488e-13 2.7958457402e-14 4.7658528672e-14 1.0661718987e-13 -4.8108880332e-20 -2.7938457344e-14 -4.7658969807e-14 -3.1019401533e-14
d  1.0472248366e-03 7.3305734897e-01 -2.0000000000e-01 4.8813950645e-07 3.0000000000e+02 -1.0790518443e-13 2.8014594136e-14 4.8813957448e-14 1.0783187870e-13 -4.9479569876e-20 -2.7994594136e-14 -4.8813950692e-14 -3.1023670253e-14
d  1.0559737619e-03 7.3918159635e-01 -2.0000000000e-01 4.9535102637e-07 3.0000000000e+02 -1.0866608651e-13 2.8050589684e-14 4.9535104656e-14 1.0859216835e-13 -5.0313452254e-20 -2.8030589685e-14 -4.9535102686e-14 -3.1026374691e-14
d  1.0664724722e-03 7.4653069321e-01 -2.0000000000e-01 5.0218792329e-07 3.0000000000e+02 -1.0927700903e-13 2.7981374383e-14 5.0220125799e-14 1.0920235591e-13 -4.4972262395e-20 -2.7961374584e-14 -5.0218791997e-14 -3.1022144112e-14
d  1.0790709246e-03 7.5534960945e-01 -2.0000000000e-01 5.1520147048e-07 3.0000000000e+02 -1.1077800224e-13 2.8167016892e-14 5.1520177252e-14 1.1070246727e-13 -5.9304929703e-20 -2.8147016895e-14 -5.1520147092e-14 -3.1034933750e-14
d  1.0866299960e-03 7.6064095919e-01 -2.0000000000e-01 5.2219165821e-07 3.0000000000e+02 -1.1151857006e-13 2.8205639978e-14 5.2219205726e-14 1.1144250596e-13 -5.2602018883e-20 -2.8185639985e-14 -5.2219165859e-14 -3.1037731424e-14
d  1.0957008817e-03 7.6699057887e-01 -2.0000000000e-01 5.3087720486e-07 3.0000000000e+02 -1.1243915020e-13 2.8253492325e-14 5.3088224831e-14 1.1236245112e-13 -5.4849143633e-20 -2.8233492413e-14 -5.3087720372e-14 -3.1041207288e-14
d  1.1065859446e-03 7.7461012250e-01 -2.0000000000e-01 5.4172139300e-07 3.0000000000e+02 -1.1358783801e-13 2.8312476983e-14 5.4172595550e-14 1.1351037698e-13 -5.6199097560e-20 -2.8292477049e-14 -5.4172139227e-14 -3.1045469883e-14
d  1.1196480200e-03 7.8375357485e-01 -2.0000000000e-01 5.5541420662e-07 3.0000000000e+02 -1.1503875274e-13 2.8387778566e-14 5.5541425864e-14 1.1496037738e-13 -5.8050214093e-20 -2.8367778567e-14 -5.5541420716e-14 -3.1050869240e-14
d  1.1274852653e-03 7.8923964626e-01 -2.0000000000e-01 5.6400817086e-07 3.0000000000e+02 -1.1594914288e-13 2.8435153849e-14 5.6400104809e-14 1.1587021895e-13 -5.9219846307e-20 -2.8415153721e-14 -5.6400817386e-14 -3.1054241836e-14
d  1.1368899596e-03 7.9582293195e-01 -2.0000000000e-01 5.7470124821e-07 3.0000000000e+02 -1.1708043486e-13 2.8492884467e-14 5.7470056887e-14 1.1700085257e-13 -6.0694490482e-20 -2.8472884455e-14 -5.7470124900e-14 -3.1058341299e-14
d  1.1481755928e-03 8.0372287478e-01 -2.0000000000e-01 5.8816889949e-07 3.0000000000e+02 -1.1850545875e-13 2.8564807967e-14 5.8816543694e-14 1.1842508647e-13 -6.2594391920e-20 -2.8544807919e-14 -5.8816890101e-14 -3.1063423560e-14
d  1.1617183526e-03 8.1320280617e-01 -2.0000000000e-01 6.0531818119e-07 3.0000000000e+02 -1.2031867831e-13 2.8656005758e-14 6.0531917634e-14 1.2023735803e-13 -6.5098634452e-20 -2.8636005770e-14 -6.0531818157e-14 -3.1069825362e-14
d  1.1779696644e-03 8.2457872385e-01 -2.0000000000e-01 6.2406403663e-07 3.0000000000e+02 -1.2215455538e-13 2.8617797545e-14 6.2405132689e-14 1.2207209754e-13 -6.1504187268e-20 -2.8597797421e-14 -6.2406403967e-14 -3.1067753303e-14
d  1.1877204515e-03 8.3140427446e-01 -2.0000000000e-01 6.4076243356e-07 3.0000000000e+02 -1.2408077564e-13 2.8857681731e-14 6.4076247080e-14 1.2399763521e-13 -7.9133802605e-20 -2.8837681732e-14 -6.4076243419e-14 -3.1083825973e-14
d  1.1994213959e-03 8.3959493518e-01 -2.0000000000e-01 6.5865349472e-07 3.0000000000e+02 -1.2595701382e-13 2.8938187449e-14 6.5865772424e-14 1.2587305431e-13 -7.0160202229e-20 -2.8918187506e-14 -6.5865349428e-14 -3.1089380020e-14
d  1.2064419626e-03 8.4450933162e-01 -2.0000000000e-01 6.6995975585e-07 3.0000000000e+02 -1.2714081506e-13 2.8987416043e-14 6.6995311519e-14 1.2705636416e-13 -7.4867945151e-20 -2.8967415910e-14 -6.6995975907e-14 -3.1092783384e-14
d  1.2148666427e-03 8.5040660734e-01 -2.0000000000e-01 6.8406264461e-07 3.0000000000e+02 -1.2861342280e-13 2.9045922759e-14 6.8406013813e-14 1.2852838215e-13 -7.6943563860e-20 -2.9025922712e-14 -6.8406264620e-14 -3.1096817862e-14
d  1.2249762587e-03 8.5748333821e-01 -2.0000000000e-01 7.0181649446e-07 3.0000000000e+02 -1.3046321930e-13 2.9114420831e-14 7.0182308284e-14 1.3037747094e-13 -7.9601506599e-20 -2.9094420934e-14 -7.0181649317e-14 -3.1101535838e-14
d  1.2371077979e-03 8.6597541525e-01 -2.0000000000e-01 7.2446110342e-07 3.0000000000e+02 -1.3281939101e-13 2.9198936789e-14 7.2446167408e-14 1.3273279347e-13 -8.3114760825e-20 -2.9178936797e-14 -7.2446110400e-14 -3.1107331374e-14
d  1.2443867215e-03 8.7107066147e-01 -2.0000000000e-01 7.3874619151e-07 3.0000000000e+02 -1.3430091486e-13 2.9248468627e-14 7.3874623820e-14 1.3421380779e-13 -8.5233981194e-20 -2.9228468628e-14 -7.3874619223e-14 -3.1110717325e-14
d  1.2531214297e-03 8.7718495694e-01 -2.0000000000e-01 7.5663696997e-07 3.0000000000e+02 -1.3615283644e-13 2.9306627071e-14 7.5663748631e-14 1.3606511794e-13 -8.7944473289e-20 -2.9286627080e-14 -7.5663697055e-14 -3.1114690893e-14
d  1.2636030796e-03 8.8452211151e-01 -2.0000000000e-01 7.7919851137e-07 3.0000000000e+02 -1.3848083946e-13 2.9373203463e-14 7.7920430818e-14 1.3839238722e-13 -9.1251327788e-20 -2.9353203550e-14 -7.7919851045e-14 -3.1119236788e-14
d  1.2698920696e-03 8.8892440424e-01 -2.0000000000e-01 7.9343762455e-07 3.0000000000e+02 -1.3995130841e-13 2.9416175067e-14 7.9343838259e-14 1.3986241596e-13 -9.3772278628e-20 -2.9396175084e-14 -7.9343762502e-14 -3.1122152427e-14
d  1.2774388575e-03 8.9420715553e-01 -2.0000000000e-01 8.1107281508e-07 3.0000000000e+02 -1.4176341902e-13 2.9461562345e-14 8.1107220593e-14 1.4167399831e-13 -9.5988529625e-20 -2.9441562332e-14 -8.1107281613e-14 -3.1125241889e-14
d  1.2864950030e-03 9.0054645707e-01 -2.0000000000e-01 8.3327363834e-07 3.0000000000e+02 -1.4404424069e-13 2.9517905345e-14 8.3327365622e-14 1.4395418604e-13 -9.9700725142e-20 -2.9497905346e-14 -8.3327363916e-14 -3.1129064847e-14
d  1.2973623776e-03 9.0815361892e-01 -2.0000000000e-01 8.6136160411e-07 3.0000000000e+02 -1.4692140893e-13 2.9580923417e-14 8.6136184780e-14 1.4683059357e-13 -1.0376288268e-19 -2.9560923421e-14 -8.6136160490e-14 -3.1133338259e-14
d  1.3038828024e-03 9.1271791604e-01 -2.0000000000e-01 8.7899618402e-07 3.0000000000e+02 -1.4872281648e-13 2.9616085416e-14 8.7899506448e-14 1.4863154470e-13 -1.0634727759e-19 -2.9596085392e-14 -8.7899618536e-14 -3.1135719965e-14
d  1.3117073121e-03 9.1819507257e-01 -2.0000000000e-01 9.0104737465e-07 3.0000000000e+02 -1.5097506081e-13 2.9660064074e-14 9.0104818203e-14 1.5088324130e-13 -1.0991985372e-19 -2.9640064090e-14 -9.0104737523e-14 -3.1138690592e-14
d  1.3210967238e-03 9.2476766041e-01 -2.0000000000e-01 9.2873217280e-07 3.0000000000e+02 -1.5379567456e-13 2.9707829104e-14 9.2873222720e-14 1.5370319779e-13 -1.1384433478e-19 -2.9687829105e-14 -9.2873217371e-14 -3.1141920511e-14
d  1.3267303708e-03 9.2871121311e-01 -2.0000000000e-01 9.4602791247e-07 3.0000000000e+02 -1.5555525132e-13 2.9735678773e-14 9.4602874464e-14 1.5546238020e-13 -1.1648476624e-19 -2.9715678794e-14 -9.4602791302e-14 -3.1143799463e-14
d  1.3334907472e-03 9.3344347636e-01 -2.0000000000e-01 9.6741072598e-07 3.0000000000e+02 -1.5772470744e-13 2.9764478348e-14 9.6741516176e-14 1.5763136307e-13 -1.1935343939e-19 -2.9744478452e-14 -9.6741072494e-14 -3.1145751324e-14
d  1.3416031989e-03 9.3912219225e-01 -2.0000000000e-01 9.9423289051e-07 3.0000000000e+02 -1.6044984185e-13 2.9804034425e-14 9.9423478594e-14 1.6035592962e-13 -1.2383390054e-19 -2.9784034462e-14 -9.9423289078e-14 -3.1148413683e-14
d  1.3513381409e-03 9.4593665132e-01 -2.0000000000e-01 1.0279111409e-06 3.0000000000e+02 -1.6386206301e-13 2.9844995799e-14 1.0279111960e-13 1.6376746934e-13 -1.2839889808e-19 -2.9824995800e-14 -1.0279111419e-13 -3.1151176448e-14
d  1.3571791061e-03 9.5002532677e-01 -2.0000000000e-01 1.0488887926e-06 3.0000000000e+02 -1.6598133657e-13 2.9864815890e-14 1.0488940666e-13 1.6588633400e-13 -1.3123071698e-19 -2.9844816017e-14 -1.0488887912e-13 -3.1152520523e-14
d  1.3641882643e-03 9.5493173730e-01 -2.0000000000e-01 1.0750707998e-06 3.0000000000e+02 -1.6863232682e-13 2.9894970888e-14 1.0750712760e-13 1.6853683365e-13 -1.3570160857e-19 -2.9874970899e-14 -1.0750708007e-13 -3.1154544692e-14
d  1.3725992543e-03 9.6081942994e-01 -2.0000000000e-01 1.1076463938e-06 3.0000000000e+02 -1.7191973872e-13 2.9922478167e-14 1.1076568912e-13 1.7182365672e-13 -1.3975714865e-19 -2.9902478364e-14 -1.1076463910e-13 -3.1156405419e-14
d  1.3826924421e-03 9.6788466110e-01 -2.0000000000e-01 1.1487675716e-06 3.0000000000e+02 -1.7607095228e-13 2.9958157625e-14 1.1487675583e-13 1.7597416381e-13 -1.4603134388e-19 -2.9938157624e-14 -1.1487675728e-13 -3.1158805566e-14
d  1.3887483549e-03 9.7212379980e-01 -2.0000000000e-01 1.1744618678e-06 3.0000000000e+02 -1.7866052177e-13 2.9976952761e-14 1.1744625327e-13 1.7856330939e-13 -1.4954972749e-19 -2.9956952776e-14 -1.1744618687e-13 -3.1160071086e-14
d  1.3960154501e-03 9.7721076624e-01 -2.0000000000e-01 1.2063646051e-06 3.0000000000e+02 -1.8187365777e-13 2.9997810578e-14 1.2063655328e-13 1.8177593669e-13 -1.5409593568e-19 -2.9977810598e-14 -1.2063646059e-13 -3.1161478927e-14
d  1.4047359645e-03 9.8331512597e-01 -2.0000000000e-01 1.2462375545e-06 3.0000000000e+02 -1.8588667689e-13 3.0021365985e-14 1.2462379105e-13 1.8578834538e-13 -1.5969875682e-19 -3.0001365991e-14 -1.2462375556e-13 -3.1163069482e-14
d  1.4099682731e-03 9.8697774180e-01 -2.0000000000e-01 1.2710214153e-06 3.0000000000e+02 -1.8837958260e-13 3.0034682542e-14 1.2710214251e-13 1.8828088482e-13 -1.6319182638e-19 -3.0014682542e-14 -1.2710214166e-13 -3.1163968099e-14
d  1.4162470434e-03 9.9137288081e-01 -2.0000000000e-01 1.3016394524e-06 3.0000000000e+02 -1.9145804812e-13 3.0049786445e-14 1.3016397416e-13 1.9135891083e-13 -1.6748287957e-19 -3.0029786452e-14 -1.3016394536e-13 -3.1164988964e-14
d  1.4237815678e-03 9.9664704761e-01 -2.0000000000e-01 1.3396802727e-06 3.0000000000e+02 -1.9528107602e-13 3.0067052481e-14 1.3396803912e-13 1.9518141132e-13 -1.7278051541e-19 -3.0047052483e-14 -1.3396802740e-13 -3.1166156328e-14
d  1.4328229970e-03 1.0029760478e+00 -2.0000000000e-01 1.3872661533e-06 3.0000000000e+02 -2.0006102012e-13 3.0086460537e-14 1.3872661455e-13 1.9996072252e-13 -1.7938324744e-19 -3.0066460536e-14 -1.3872661547e-13 -3.1167469280e-14
d  1.4382478546e-03 1.0067734479e+00 -2.0000000000e-01 1.4168682136e-06 3.0000000000e+02 -2.0303333230e-13 3.0097437250e-14 1.4168682896e-13 2.0293265495e-13 -1.8351502097e-19 -3.0077437252e-14 -1.4168682149e-13 -3.1168211509e-14
d  1.4447576837e-03 1.0113303280e+00 -2.0000000000e-01 1.4534635997e-06 3.0000000000e+02 -2.0670677064e-13 3.0110026656e-14 1.4534670391e-13 2.0660563758e-13 -1.8860288413e-19 -3.0090026740e-14 -1.4534635995e-13 -3.1169063858e-14
d  1.4525694785e-03 1.0167985841e+00 -2.0000000000e-01 1.4989704475e-06 3.0000000000e+02 -2.1127332887e-13 3.0124215417e-14 1.4989707923e-13 2.1117164901e-13 -1.9484738149e-19 -3.0104215424e-14 -1.4989704489e-13 -3.1170025640e-14
d  1.4619436324e-03 1.0233604915e+00 -2.0000000000e-01 1.5559580622e-06 3.0000000000e+02 -2.1699009246e-13 3.0140654926e-14 1.5559584329e-13 2.1688775640e-13 -2.0269214647e-19 -3.0120654932e-14 -1.5559580636e-13 -3.1171139180e-14
d  1.4675681247e-03 1.0272976359e+00 -2.0000000000e-01 1.5914424704e-06 3.0000000000e+02 -2.2054877627e-13 3.0149898003e-14 1.5914467613e-13 2.2044604647e-13 -2.0762540409e-19 -3.0129898111e-14 -1.5914424699e-13 -3.1171765313e-14
d  1.4743175155e-03 1.0320222092e+00 -2.0000000000e-01 1.6353470516e-06 3.0000000000e+02 -2.2495109726e-13 3.0160252112e-14 1.6353498296e-13 2.2484789501e-13 -2.1362813206e-19 -3.0140252177e-14 -1.6353470519e-13 -3.1172468635e-14
d  1.4824167844e-03 1.0376916972e+00 -2.0000000000e-01 1.6899991398e-06 3.0000000000e+02 -2.3042991895e-13 3.0172691409e-14 1.6899993355e-13 2.3032614978e-13 -2.2111944725e-19 -3.0152691413e-14 -1.6899991414e-13 -3.1173311794e-14
d  1.4872763458e-03 1.0410933900e+00 -2.0000000000e-01 1.7237554617e-06 3.0000000000e+02 -2.3380930945e-13 3.0175899494e-14 1.7237624190e-13 2.3370520004e-13 -2.2528116830e-19 -3.0155899695e-14 -1.7237554594e-13 -3.1173544445e-14
d  1.4931078194e-03 1.0451754213e+00 -2.0000000000e-01 1.7655339384e-06 3.0000000000e+02 -2.3800133138e-13 3.0188886312e-14 1.7655350499e-13 2.3789681382e-13 -2.3206425938e-19 -3.0168886343e-14 -1.7655339395e-13 -3.1174407683e-14
d  1.5001055878e-03 1.0500738589e+00 -2.0000000000e-01 1.8171940331e-06 3.0000000000e+02 -2.4317792902e-13 3.0198179027e-14 1.8171941140e-13 2.4307292163e-13 -2.3846753366e-19 -3.0178179029e-14 -1.8171940349e-13 -3.1175038182e-14
d  1.5085029098e-03 1.0559519841e+00 -2.0000000000e-01 1.8815805552e-06 3.0000000000e+02 -2.4962876662e-13 3.0209098372e-14 1.8815809465e-13 2.4952317142e-13 -2.4736003946e-19 -3.0189098379e-14 -1.8815805569e-13 -3.1175779964e-14
d  1.5135413030e-03 1.0594788591e+00 -2.0000000000e-01 1.9215073695e-06 3.0000000000e+02 -2.5362853359e-13 3.0215373807e-14 1.9215084961e-13 2.5352258569e-13 -2.5286889479e-19 -3.0195373838e-14 -1.9215073707e-13 -3.1176206028e-14
d  1.5195873749e-03 1.0637111092e+00 -2.0000000000e-01 1.9707410238e-06 3.0000000000e+02 -2.5856022690e-13 3.0222759954e-14 1.9707431711e-13 2.5845385577e-13 -2.5957951771e-19 -3.0202760010e-14 -1.9707410246e-13 -3.1176707642e-14
d  1.5268426611e-03 1.0687898093e+00 -2.0000000000e-01 2.0318014375e-06 3.0000000000e+02 -2.6467674624e-13 3.0232087114e-14 2.0318034268e-13 2.6456986724e-13 -2.6795979758e-19 -3.0212087157e-14 -2.0318014386e-13 -3.1177338016e-14
d  1.5355490046e-03 1.0748842495e+00 -2.0000000000e-01 2.1079797387e-06 3.0000000000e+02 -2.7230568364e-13 3.0242082924e-14 2.1079825910e-13 2.7219819520e-13 -2.7822391839e-19 -3.0222082976e-14 -2.1079797397e-13 -3.1178016571e-14
d  1.5407728107e-03 1.0785409135e+00 -2.0000000000e-01 2.1552554562e-06 3.0000000000e+02 -2.7703923080e-13 3.0247295536e-14 2.1552578334e-13 2.7693137669e-13 -2.8464931775e-19 -3.0227295600e-14 -2.1552554570e-13 -3.1178372904e-14
d  1.5470413780e-03 1.0829289104e+00 -2.0000000000e-01 2.2136211458e-06 3.0000000000e+02 -2.8288380750e-13 3.0254176112e-14 2.2136212662e-13 2.8277551461e-13 -2.9268092041e-19 -3.0234176115e-14 -2.2136211480e-13 -3.1178840025e-14
d  1.5545636587e-03 1.0881945067e+00 -2.0000000000e-01 2.2860688374e-06 3.0000000000e+02 -2.9013800760e-13 3.0262604054e-14 2.2860689835e-13 2.9002918815e-13 -3.0251351387e-19 -3.0242604057e-14 -2.2860688396e-13 -3.1179410118e-14
d  1.5590770272e-03 1.0913538645e+00 -2.0000000000e-01 2.3308374673e-06 3.0000000000e+02 -2.9462043539e-13 3.0267503509e-14 2.3308377958e-13 2.9451130000e-13 -3.0863994203e-19 -3.0247503519e-14 -2.3308374694e-13 -3.1179741451e-14
d  1.5644930694e-03 1.0951450938e+00 -2.0000000000e-01 2.3858837136e-06 3.0000000000e+02 -3.0013165194e-13 3.0273316220e-14 2.3858933904e-13 3.0002213733e-13 -3.1619302372e-19 -3.0253316501e-14 -2.3858837103e-13 -3.1180134669e-14
d  1.5709923199e-03 1.0996945690e+00 -2.0000000000e-01 2.4538973675e-06 3.0000000000e+02 -3.0694082712e-13 3.0279800835e-14 2.4538978370e-13 3.0683085766e-13 -3.2531106972e-19 -3.0259800847e-14 -2.4538973697e-13 -3.1180574510e-14
d  1.5787914206e-03 1.1051539392e+00 -2.0000000000e-01 2.5384257360e-06 3.0000000000e+02 -3.1540287873e-13 3.0288415209e-14 2.5384256994e-13 3.1529236334e-13 -3.3686171359e-19 -3.0268415209e-14 -2.5384257385e-13 -3.1181154308e-14
d  1.5834708811e-03 1.1084295613e+00 -2.0000000000e-01 2.5907158613e-06 3.0000000000e+02 -3.2063736254e-13 3.0293113147e-14 2.5907221910e-13 3.2052651951e-13 -3.4405585358e-19 -3.0273113337e-14 -2.5907158600e-13 -3.1181471754e-14
d  1.5890862336e-03 1.1123603079e+00 -2.0000000000e-01 2.6550681582e-06 3.0000000000e+02 -3.2707911533e-13 3.0298580427e-14 2.6550715727e-13 3.2696787927e-13 -3.5273636265e-19 -3.0278580523e-14 -2.6550681589e-13 -3.1181841485e-14
d  1.5958246566e-03 1.1170772037e+00 -2.0000000000e-01 2.7346689669e-06 3.0000000000e+02 -3.3504703539e-13 3.0305773309e-14 2.7346691977e-13 3.3493532767e-13 -3.6358380597e-19 -3.0285773315e-14 -2.7346689695e-13 -3.1182324544e-14
d  1.6039107642e-03 1.1227374788e+00 -2.0000000000e-01 2.8337202828e-06 3.0000000000e+02 -3.4496123298e-13 3.0313871573e-14 2.8337202322e-13 3.4484895923e-13 -3.7701002804e-19 -3.0293871572e-14 -2.8337202856e-13 -3.1182869653e-14
d  1.6087624287e-03 1.1261336438e+00 -2.0000000000e-01 2.8950654344e-06 3.0000000000e+02 -3.5110126728e-13 3.0318509437e-14 2.8950699579e-13 3.5098865386e-13 -3.8544694166e-19 -3.0298509567e-14 -2.8950654346e-13 -3.1183182315e-14
d  1.6145844262e-03 1.1302090418e+00 -2.0000000000e-01 2.9706323855e-06 3.0000000000e+02 -3.5866454279e-13 3.0324238438e-14 2.9706329764e-13 3.5855152188e-13 -3.9565770410e-19 -3.0304238454e-14 -2.9706323882e-13 -3.1183567233e-14
d  1.6215708232e-03 1.1350995195e+00 -2.0000000000e-01 3.0642077533e-06 3.0000000000e+02 -3.6802993326e-13 3.0331310956e-14 3.0642085711e-13 3.6791642330e-13 -4.0840217247e-19 -3.0311310974e-14 -3.0642077560e-13 -3.1184041241e-14
d  1.6257626614e-03 1.1380338060e+00 -2.0000000000e-01 3.1219126130e-06 3.0000000000e+02 -3.7380514226e-13 3.0335307890e-14 3.1219138449e-13 3.7369133886e-13 -4.1628456952e-19 -3.0315307931e-14 -3.1219126153e-13 -3.1184309703e-14
d  1.6307928672e-03 1.1415549499e+00 -2.0000000000e-01 3.1927438673e-06 3.0000000000e+02 -3.8089391973e-13 3.0340349761e-14 3.1927574617e-13 3.8077976406e-13 -4.2599231729e-19 -3.0320350187e-14 -3.1927438616e-13 -3.1184647217e-14
d  1.6368291142e-03 1.1457803226e+00 -2.0000000000e-01 3.2800836886e-06 3.0000000000e+02 -3.8963471971e-13 3.0345806300e-14 3.2800842685e-13 3.8952014167e-13 -4.3769749849e-19 -3.0325806315e-14 -3.2800836915e-13 -3.1185014165e-14
d  1.6440726105e-03 1.1508507698e+00 -2.0000000000e-01 3.3883673986e-06 3.0000000000e+02 -4.0047123871e-13 3.0353665532e-14 3.3883670883e-13 4.0035615364e-13 -4.5250820870e-19 -3.0333665526e-14 -3.3883674021e-13 -3.1185536600e-14
d  1.6484187084e-03 1.1538930382e+00 -2.0000000000e-01 3.4552106613e-06 3.0000000000e+02 -4.0716043760e-13 3.0357907850e-14 3.4552336640e-13 4.0704504798e-13 -4.6178614433e-19 -3.0337908592e-14 -3.4552106492e-13 -3.1185820214e-14
d  1.6536340258e-03 1.1575437602e+00 -2.0000000000e-01 3.5373310781e-06 3.0000000000e+02 -4.1537841686e-13 3.0361906275e-14 3.5373313189e-13 4.1526266248e-13 -4.7262369043e-19 -3.0341906283e-14 -3.5373310815e-13 -3.1186091165e-14
d  1.6598924066e-03 1.1619246265e+00 -2.0000000000e-01 3.6386974064e-06 3.0000000000e+02 -4.2552218167e-13 3.0369426655e-14 3.6386979228e-13 4.2540598920e-13 -4.8664045926e-19 -3.0349426668e-14 -3.6386974098e-13 -3.1186587211e-14
d  1.6636474351e-03 1.1645531464e+00 -2.0000000000e-01 3.7010306631e-06 3.0000000000e+02 -4.3175975721e-13 3.0373133915e-14 3.7010310415e-13 4.3164330189e-13 -4.9512139292e-19 -3.0353133930e-14 -3.7010306665e-13 -3.1186833850e-14
d  1.6681534694e-03 1.1677073702e+00 -2.0000000000e-01 3.7773678664e-06 3.0000000000e+02 -4.3939866590e-13 3.0377410455e-14 3.7773917399e-13 4.3928189482e-13 -5.0567783362e-19 -3.0357411290e-14 -3.7773678527e-13 -3.1187119664e-14
d  1.6735607104e-03 1.1714924387e+00 -2.0000000000e-01 3.8712363387e-06 3.0000000000e+02 -4.4879178318e-13 3.0382103661e-14 3.8712366521e-13 4.4867463393e-13 -5.1809031445e-19 -3.0362103670e-14 -3.8712363424e-13 -3.1187433782e-14
d  1.6800493997e-03 1.1760345210e+00 -2.0000000000e-01 3.9872291225e-06 3.0000000000e+02 -4.6039859944e-13 3.0389846225e-14 3.9872304390e-13 4.6028099597e-13 -5.3410280984e-19 -3.0369846257e-14 -3.9872291257e-13 -3.1187943219e-14
d  1.6839426133e-03 1.1787597704e+00 -2.0000000000e-01 4.0586263243e-06 3.0000000000e+02 -4.6754290181e-13 3.0393616002e-14 4.0586355306e-13 4.6742502569e-13 -5.4388517833e-19 -3.0373616333e-14 -4.0586263214e-13 -3.1188193843e-14
d  1.6886144696e-03 1.1820300696e+00 -2.0000000000e-01 4.1461321418e-06 3.0000000000e+02 -4.7629902465e-13 3.0398200573e-14 4.1461524717e-13 4.7618082133e-13 -5.5581856155e-19 -3.0378201259e-14 -4.1461321314e-13 -3.1188498298e-14
d  1.6942206971e-03 1.1859544287e+00 -2.0000000000e-01 4.2538364633e-06 3.0000000000e+02 -4.8707615215e-13 3.0403902671e-14 4.2538363992e-13 4.8695755671e-13 -5.7028478042e-19 -3.0383902669e-14 -4.2538364676e-13 -3.1188875426e-14
d  1.7009481702e-03 1.1906636596e+00 -2.0000000000e-01 4.3870792568e-06 3.0000000000e+02 -5.0040854967e-13 3.0411736759e-14 4.3870792279e-13 5.0028948331e-13 -5.8861124369e-19 -3.0391736759e-14 -4.3870792612e-13 -3.1189390137e-14
d  1.7090211379e-03 1.1963147367e+00 -2.0000000000e-01 4.5529291437e-06 3.0000000000e+02 -5.1700345190e-13 3.0420336992e-14 4.5529297260e-13 5.1688382042e-13 -6.1115050973e-19 -3.0400337003e-14 -4.5529291480e-13 -3.1189957114e-14
d  1.7138649185e-03 1.1997053829e+00 -2.0000000000e-01 4.6556667169e-06 3.0000000000e+02 -5.2728331904e-13 3.0425771843e-14 4.6556662196e-13 5.2716334851e-13 -6.2527044398e-19 -3.0405771829e-14 -4.6556667219e-13 -3.1190314070e-14
d  1.7196774552e-03 1.2037741584e+00 -2.0000000000e-01 4.7822433824e-06 3.0000000000e+02 -5.3994823513e-13 3.0432435070e-14 4.7822434096e-13 5.3982785772e-13 -6.4255423900e-19 -3.0412435070e-14 -4.7822433872e-13 -3.1190750975e-14
d  1.7266524992e-03 1.2086566890e+00 -2.0000000000e-01 4.9390275736e-06 3.0000000000e+02 -5.5563562200e-13 3.0440007928e-14 4.9390281566e-13 5.5551475632e-13 -6.6395344833e-19 -3.0420007941e-14 -4.9390275782e-13 -3.1191249011e-14
d  1.7308375257e-03 1.2115862074e+00 -2.0000000000e-01 5.0357345559e-06 3.0000000000e+02 -5.6531179955e-13 3.0444967027e-14 5.0357590467e-13 5.6519064050e-13 -6.7741481048e-19 -3.0424967846e-14 -5.0357345429e-13 -3.1191573661e-14
d  1.7358595574e-03 1.2151016294e+00 -2.0000000000e-01 5.1544659767e-06 3.0000000000e+02 -5.7719161041e-13 3.0450167710e-14 5.1544656482e-13 5.7707010025e-13 -6.9328277931e-19 -3.0430167700e-14 -5.1544659821e-13 -3.1191915532e-14
d  1.7418859955e-03 1.2193201359e+00 -2.0000000000e-01 5.3009094755e-06 3.0000000000e+02 -5.9184403808e-13 3.0458438768e-14 5.3009083610e-13 5.9172210609e-13 -7.1355765212e-19 -3.0438438739e-14 -5.3009094815e-13 -3.1192452569e-14
d  1.7455018583e-03 1.2218512397e+00 -2.0000000000e-01 5.3909033722e-06 3.0000000000e+02 -6.0084831640e-13 3.0462719537e-14 5.3909036554e-13 6.0072613127e-13 -7.2590064395e-19 -3.0442719548e-14 -5.3909033773e-13 -3.1192732100e-14
d  1.7498408937e-03 1.2248885644e+00 -2.0000000000e-01 5.5010556620e-06 3.0000000000e+02 -6.1186953695e-13 3.0467801629e-14 5.5010871703e-13 6.1174704750e-13 -7.4120753104e-19 -3.0447802772e-14 -5.5010556423e-13 -3.1193064847e-14
d  1.7550477362e-03 1.2285333539e+00 -2.0000000000e-01 5.6364197130e-06 3.0000000000e+02 -6.2541326962e-13 3.0473269441e-14 5.6364197760e-13 6.2529041628e-13 -7.5925986658e-19 -3.0453269443e-14 -5.6364197186e-13 -3.1193423485e-14
d  1.7612959472e-03 1.2329071014e+00 -2.0000000000e-01 5.8035682027e-06 3.0000000000e+02 -6.4213711520e-13 3.0482439701e-14 5.8035648218e-13 6.4201382455e-13 -7.8247234748e-19 -3.0462439616e-14 -5.8035682105e-13 -3.1194016418e-14
d  1.7650448738e-03 1.2355313499e+00 -2.0000000000e-01 5.9063848962e-06 3.0000000000e+02 -6.5242415545e-13 3.0487559106e-14 5.9063838782e-13 6.5230060234e-13 -7.9662367932e-19 -3.0467559068e-14 -5.9063849029e-13 -3.1194347854e-14
d  1.7695435857e-03 1.2386804481e+00 -2.0000000000e-01 6.0323338611e-06 3.0000000000e+02 -6.6502566379e-13 3.0493081224e-14 6.0323338238e-13 6.6490179575e-13 -8.1391120365e-19 -3.0473081223e-14 -6.0323338672e-13 -3.1194707597e-14
d  1.7749420400e-03 1.2424593659e+00 -2.0000000000e-01 6.1872623784e-06 3.0000000000e+02 -6.8052664362e-13 3.0500062342e-14 6.1872627320e-13 6.8040239767e-13 -8.3517055327e-19 -3.0480062352e-14 -6.1872623843e-13 -3.1195161097e-14
d  1.7781811126e-03 1.2447267166e+00 -2.0000000000e-01 6.2822492808e-06 3.0000000000e+02 -6.9003028363e-13 3.0504632287e-14 6.2822503033e-13 6.8990581093e-13 -8.4829169020e-19 -3.0484632331e-14 -6.2822492862e-13 -3.1195456540e-14
d  1.7820679997e-03 1.2474475374e+00 -2.0000000000e-01 6.3982886757e-06 3.0000000000e+02 -7.0164027347e-13 3.0510016209e-14 6.3982883804e-13 7.0151552872e-13 -8.6426059163e-19 -3.0490016197e-14 -6.3982886823e-13 -3.1195804887e-14
d  1.7867322642e-03 1.2507125224e+00 -2.0000000000e-01 6.5405541133e-06 3.0000000000e+02 -7.1587410869e-13 3.0516825336e-14 6.5405550827e-13 7.1574903741e-13 -8.8384869733e-19 -3.0496825369e-14 -6.5405541191e-13 -3.1196244272e-14
d  1.7923293816e-03 1.2546305044e+00 -2.0000000000e-01 6.7157315317e-06 3.0000000000e+02 -7.3340082849e-13 3.0524552139e-14 6.7157323785e-13 7.3327536543e-13 -9.0794332066e-19 -3.0504552163e-14 -6.7157315378e-13 -3.1196744290e-14
d  1.7956876520e-03 1.2569812936e+00 -2.0000000000e-01 6.8232299273e-06 3.0000000000e+02 -7.4415618200e-13 3.0529555199e-14 6.8232296400e-13 7.4403048388e-13 -9.2284416887e-19 -3.0509555187e-14 -6.8232299344e-13 -3.1197066757e-14
d  1.7997175766e-03 1.2598022406e+00 -2.0000000000e-01 6.9546478785e-06 3.0000000000e+02 -7.5730460235e-13 3.0535817480e-14 6.9546479473e-13 7.5717862213e-13 -9.4097979480e-19 -3.0515817483e-14 -6.9546478854e-13 -3.1197469503e-14
d  1.8045534860e-03 1.2631873771e+00 -2.0000000000e-01 7.1159175926e-06 3.0000000000e+02 -7.7343981370e-13 3.0542742811e-14 7.1159156851e-13 7.7331349500e-13 -9.6324057497e-19 -3.0522742749e-14 -7.1159176012e-13 -3.1197916850e-14
d  1.8074550317e-03 1.2652184589e+00 -2.0000000000e-01 7.2145811798e-06 3.0000000000e+02 -7.8331102310e-13 3.0547844823e-14 7.2145818441e-13 7.8318450124e-13 -9.7693884845e-19 -3.0527844855e-14 -7.2145811863e-13 -3.1198243042e-14
d  1.8109368865e-03 1.2676557572e+00 -2.0000000000e-01 7.3349051330e-06 3.0000000000e+02 -7.9534952164e-13 3.0552494124e-14 7.3349053135e-13 7.9522275606e-13 -9.9358202855e-19 -3.0532494132e-14 -7.3349051401e-13 -3.1198544589e-14
d  1.8151151122e-03 1.2705805150e+00 -2.0000000000e-01 7.4821162659e-06 3.0000000000e+02 -8.1007794887e-13 3.0559635734e-14 7.4821167038e-13 8.0995089080e-13 -1.0139427260e-18 -3.0539635751e-14 -7.4821162730e-13 -3.1199001793e-14
d  1.8201289832e-03 1.2740902245e+00 -2.0000000000e-01 7.6629357763e-06 3.0000000000e+02 -8.2816902752e-13 3.0567462642e-14 7.6629358521e-13 8.2804161850e-13 -1.0389864716e-18 -3.0547462645e-14 -7.6629357839e-13 -3.1199505273e-14
d  1.8231373057e-03 1.2761960502e+00 -2.0000000000e-01 7.7736483368e-06 3.0000000000e+02 -8.3924561882e-13 3.0572925115e-14 7.7736490126e-13 8.3911799920e-13 -1.0543472707e-18 -3.0552925146e-14 -7.7736483439e-13 -3.1199853883e-14
d  1.8267472928e-03 1.2787230410e+00 -2.0000000000e-01 7.9087586750e-06 3.0000000000e+02 -8.5276342189e-13 3.0578207082e-14 7.9087576143e-13 8.5263554961e-13 -1.0731457482e-18 -3.0558207036e-14 -7.9087586839e-13 -3.1200194980e-14
d  1.8310792772e-03 1.2817554300e+00 -2.0000000000e-01 8.0741945217e-06 3.0000000000e+02 -8.6931510935e-13 3.0586166412e-14 8.0741981819e-13 8.6918693372e-13 -1.0961138055e-18 -3.0566166545e-14 -8.0741945266e-13 -3.1200702995e-14
d  1.8336784679e-03 1.2835748634e+00 -2.0000000000e-01 8.1752223147e-06 3.0000000000e+02 -8.7942293201e-13 3.0590029021e-14 8.1752214248e-13 8.7929457455e-13 -1.1101428647e-18 -3.0570028973e-14 -8.1752223239e-13 -3.1200952079e-14
d  1.8367974967e-03 1.2857581834e+00 -2.0000000000e-01 8.2982320909e-06 3.0000000000e+02 -8.9172989055e-13 3.0596294688e-14 8.2982321909e-13 8.9160131472e-13 -1.1273061542e-18 -3.0576294693e-14 -8.2982320991e-13 -3.1201350543e-14
d  1.8405403313e-03 1.2883781675e+00 -2.0000000000e-01 8.4484511393e-06 3.0000000000e+02 -9.0675918589e-13 3.0602244342e-14 8.4484511339e-13 9.0663034807e-13 -1.1481868755e-18 -3.0582244342e-14 -8.4484511478e-13 -3.1201733144e-14
d  1.8450317328e-03 1.2915221484e+00 -2.0000000000e-01 8.6325507315e-06 3.0000000000e+02 -9.2517825978e-13 3.0610571833e-14 8.6325456161e-13 9.2504910770e-13 -1.1737959459e-18 -3.0590571654e-14 -8.6325507445e-13 -3.1202264595e-14
d  1.8477265737e-03 1.2934085369e+00 -2.0000000000e-01 8.7450513238e-06 3.0000000000e+02 -9.3643363514e-13 3.0616354789e-14 8.7450512955e-13 9.3630429429e-13 -1.1895770723e-18 -3.0596354787e-14 -8.7450513326e-13 -3.1202631322e-14
d  1.8509603828e-03 1.2956722032e+00 -2.0000000000e-01 8.8821203141e-06 3.0000000000e+02 -9.5014725852e-13 3.0621159609e-14 8.8821215250e-13 9.5001769127e-13 -1.2087092954e-18 -3.0601159668e-14 -8.8821203217e-13 -3.1202941735e-14
d  1.8548409537e-03 1.2983886027e+00 -2.0000000000e-01 9.0496313483e-06 3.0000000000e+02 -9.6690649568e-13 3.0629141157e-14 9.0496229790e-13 9.6677665706e-13 -1.2319920676e-18 -3.0609140818e-14 -9.0496313653e-13 -3.1203448674e-14
d  1.8594976387e-03 1.3016482820e+00 -2.0000000000e-01 9.2551010204e-06 3.0000000000e+02 -9.8746341340e-13 3.0638334285e-14 9.2551019107e-13 9.8733324855e-13 -1.2608513957e-18 -3.0618334315e-14 -9.2551010289e-13 -3.1204034400e-14
d  1.8622916498e-03 1.3036040897e+00 -2.0000000000e-01 9.3807654285e-06 3.0000000000e+02 -1.0000359458e-12 3.0643442150e-14 9.3807653702e-13 9.9990558544e-13 -1.2784285794e-18 -3.0623442147e-14 -9.3807654380e-13 -3.1204360659e-14
d  1.8656444630e-03 1.3059510588e+00 -2.0000000000e-01 9.5339720122e-06 3.0000000000e+02 -1.0153640805e-12 3.0650139767e-14 9.5339704155e-13 1.0152334854e-12 -1.2999395803e-18 -3.0630139692e-14 -9.5339720235e-13 -3.1204787107e-14
d  1.8696678389e-03 1.3087674218e+00 -2.0000000000e-01 9.7213525654e-06 3.0000000000e+02 -1.0341111816e-12 3.0659043018e-14 9.7213481822e-13 1.0339803050e-12 -1.3261925525e-18 -3.0639042847e-14 -9.7213525793e-13 -3.1205351270e-14
d  1.8744958900e-03 1.3121470574e+00 -2.0000000000e-01 9.9514047814e-06 3.0000000000e+02 -1.0571272932e-12 3.0668881070e-14 9.9514057674e-13 1.0569960784e-12 -1.3584443527e-18 -3.0648881102e-14 -9.9514047905e-13 -3.1205977275e-14
d  1.8773927207e-03 1.3141748388e+00 -2.0000000000e-01 1.0092224507e-05 3.0000000000e+02 -1.0712161246e-12 3.0674544394e-14 1.0092222545e-12 1.0710847072e-12 -1.3783367652e-18 -3.0654544299e-14 -1.0092224519e-12 -3.1206338471e-14
d  1.8808689175e-03 1.3166081764e+00 -2.0000000000e-01 1.0264018753e-05 3.0000000000e+02 -1.0884036818e-12 3.0682664918e-14 1.0264018894e-12 1.0882720209e-12 -1.4025337776e-18 -3.0662664924e-14 -1.0264018763e-12 -3.1206852161e-14
d  1.8850403536e-03 1.3195281815e+00 -2.0000000000e-01 1.0474309727e-05 3.0000000000e+02 -1.1094428720e-12 3.0690948330e-14 1.0474310050e-12 1.1093109191e-12 -1.4321287533e-18 -3.0670948342e-14 -1.0474309738e-12 -3.1207380428e-14
d  1.8875432153e-03 1.3212801846e+00 -2.0000000000e-01 1.0602696606e-05 3.0000000000e+02 -1.1222878332e-12 3.0696816683e-14 1.0602691780e-12 1.1221557054e-12 -1.4503004922e-18 -3.0676816414e-14 -1.0602696623e-12 -3.1207751772e-14
d  1.8905466493e-03 1.3233825883e+00 -2.0000000000e-01 1.0758978574e-05 3.0000000000e+02 -1.1379232987e-12 3.0704558475e-14 1.0758978768e-12 1.1377909604e-12 -1.4724121122e-18 -3.0684558485e-14 -1.0758978585e-12 -3.1208239734e-14
d  1.8941507701e-03 1.3259054728e+00 -2.0000000000e-01 1.0949781358e-05 3.0000000000e+02 -1.1570127114e-12 3.0711537357e-14 1.0949825343e-12 1.1568801194e-12 -1.4996957805e-18 -3.0691539273e-14 -1.0949781322e-12 -3.1208686765e-14
d  1.8984757151e-03 1.3289329341e+00 -2.0000000000e-01 1.1183540895e-05 3.0000000000e+02 -1.1803998033e-12 3.0720733547e-14 1.1183541802e-12 1.1802669100e-12 -1.5319499733e-18 -3.0700733580e-14 -1.1183540906e-12 -3.1209269984e-14
d  1.9010706821e-03 1.3307494109e+00 -2.0000000000e-01 1.1326358434e-05 3.0000000000e+02 -1.1946883150e-12 3.0728468507e-14 1.1326358351e-12 1.1945552400e-12 -1.5527663946e-18 -3.0708468503e-14 -1.1326358445e-12 -3.1209756272e-14
d  1.9041846425e-03 1.3329291831e+00 -2.0000000000e-01 1.1500330601e-05 3.0000000000e+02 -1.2120939309e-12 3.0735712163e-14 1.1500327437e-12 1.2119606381e-12 -1.5774351106e-18 -3.0715712004e-14 -1.1500330616e-12 -3.1210215326e-14
d  1.9079213949e-03 1.3355449097e+00 -2.0000000000e-01 1.1712889332e-05 3.0000000000e+02 -1.2333598713e-12 3.0745898565e-14 1.1712879984e-12 1.2332263172e-12 -1.6075677282e-18 -3.0725898172e-14 -1.1712889354e-12 -3.1210856417e-14
d  1.9101634464e-03 1.3371143456e+00 -2.0000000000e-01 1.1842439440e-05 3.0000000000e+02 -1.2463208344e-12 3.0751814242e-14 1.1842437076e-12 1.2461871231e-12 -1.6261282493e-18 -3.0731814095e-14 -1.1842439455e-12 -3.1211229576e-14
d  1.9128539082e-03 1.3389976688e+00 -2.0000000000e-01 1.1999938435e-05 3.0000000000e+02 -1.2620782520e-12 3.0757743506e-14 1.1999933130e-12 1.2619443525e-12 -1.6484564083e-18 -3.0737743196e-14 -1.1999938455e-12 -3.1211606685e-14
d  1.9160824623e-03 1.3412576566e+00 -2.0000000000e-01 1.2191908167e-05 3.0000000000e+02 -1.2812841623e-12 3.0766263547e-14 1.2191908499e-12 1.2811500365e-12 -1.6758484231e-18 -3.0746263563e-14 -1.2191908179e-12 -3.1212144314e-14
d  1.9199567273e-03 1.3439696419e+00 -2.0000000000e-01 1.2426643890e-05 3.0000000000e+02 -1.3047688525e-12 3.0775426686e-14 1.2426645075e-12 1.3046344555e-12 -1.7092872278e-18 -3.0755426734e-14 -1.2426643901e-12 -3.1212725711e-14
d  1.9222812863e-03 1.3455968331e+00 -2.0000000000e-01 1.2569821721e-05 3.0000000000e+02 -1.3190935552e-12 3.0782153527e-14 1.2569814018e-12 1.3189589958e-12 -1.7297883960e-18 -3.0762153064e-14 -1.2569821744e-12 -3.1213148577e-14
d  1.9250707570e-03 1.3475494625e+00 -2.0000000000e-01 1.2743972855e-05 3.0000000000e+02 -1.3365166457e-12 3.0790617134e-14 1.2743972760e-12 1.3363818908e-12 -1.7547963762e-18 -3.0770617129e-14 -1.2743972868e-12 -3.1213679855e-14
d  1.9284181220e-03 1.3498926179e+00 -2.0000000000e-01 1.2956395985e-05 3.0000000000e+02 -1.3577690051e-12 3.0798077600e-14 1.2956396181e-12 1.3576340159e-12 -1.7851325943e-18 -3.0778077609e-14 -1.2956395998e-12 -3.1214155311e-14
d  1.9324349599e-03 1.3527044043e+00 -2.0000000000e-01 1.3216355643e-05 3.0000000000e+02 -1.3837771806e-12 3.0809706022e-14 1.3216356709e-12 1.3836419101e-12 -1.8223895432e-18 -3.0789706064e-14 -1.3216355655e-12 -3.1214887107e-14
d  1.9348450626e-03 1.3543914761e+00 -2.0000000000e-01 1.3375027910e-05 3.0000000000e+02 -1.3996518577e-12 3.0816692695e-14 1.3375027813e-12 1.3995164186e-12 -1.8452591194e-18 -3.0796692689e-14 -1.3375027923e-12 -3.1215326907e-14
d  1.9377371859e-03 1.3564159623e+00 -2.0000000000e-01 1.3568154507e-05 3.0000000000e+02 -1.4189735907e-12 3.0824687323e-14 1.3568161004e-12 1.4188379488e-12 -1.8731379707e-18 -3.0804687676e-14 -1.3568154512e-12 -3.1215831670e-14
d  1.9412077339e-03 1.3588453458e+00 -2.0000000000e-01 1.3803892833e-05 3.0000000000e+02 -1.4425584715e-12 3.0834729316e-14 1.3803894124e-12 1.4424225869e-12 -1.9069201591e-18 -3.0814729375e-14 -1.3803892845e-12 -3.1216463970e-14
d  1.9432900626e-03 1.3603029758e+00 -2.0000000000e-01 1.3947471992e-05 3.0000000000e+02 -1.4569234752e-12 3.0841712255e-14 1.3947459231e-12 1.4567874455e-12 -1.9277684775e-18 -3.0821711399e-14 -1.3947472026e-12 -3.1216901329e-14
d  1.9457888572e-03 1.3620521319e+00 -2.0000000000e-01 1.4121887173e-05 3.0000000000e+02 -1.4743728440e-12 3.0850640160e-14 1.4121876704e-12 1.4742366393e-12 -1.9529891526e-18 -3.0830639502e-14 -1.4121887203e-12 -3.1217458760e-14
d  1.9487874106e-03 1.3641511192e+00 -2.0000000000e-01 1.4334348467e-05 3.0000000000e+02 -1.4956297754e-12 3.0859574946e-14 1.4334458380e-12 1.4954933557e-12 -1.9852772821e-18 -3.0839580695e-14 -1.4334348338e-12 -3.1218025453e-14
d  1.9523856747e-03 1.3666699040e+00 -2.0000000000e-01 1.4593812201e-05 3.0000000000e+02 -1.5215869713e-12 3.0866845144e-14 1.4593835696e-12 1.5214503033e-12 -2.0196621393e-18 -3.0846846167e-14 -1.4593812189e-12 -3.1218486505e-14
d  1.9545446332e-03 1.3681811748e+00 -2.0000000000e-01 1.4751949275e-05 3.0000000000e+02 -1.5374083750e-12 3.0874963915e-14 1.4751935476e-12 1.5372715575e-12 -2.0439790694e-18 -3.0854963022e-14 -1.4751949311e-12 -3.1218996457e-14
d  1.9571353833e-03 1.3699946998e+00 -2.0000000000e-01 1.4944156483e-05 3.0000000000e+02 -1.5566377765e-12 3.0885802075e-14 1.4944156578e-12 1.5565007770e-12 -2.0722909745e-18 -3.0865802081e-14 -1.4944156497e-12 -3.1219670708e-14
d  1.9602442835e-03 1.3721709299e+00 -2.0000000000e-01 1.5178409924e-05 3.0000000000e+02 -1.5800741978e-12 3.0893232893e-14 1.5178410019e-12 1.5799369807e-12 -2.1060366190e-18 -3.0873232898e-14 -1.5178409939e-12 -3.1220145031e-14
d  1.9621096237e-03 1.3734766679e+00 -2.0000000000e-01 1.5320876103e-05 3.0000000000e+02 -1.5943274909e-12 3.0900059482e-14 1.5320877686e-12 1.5941901431e-12 -2.1269095481e-18 -3.0880059600e-14 -1.5320876116e-12 -3.1220571939e-14
d  1.9643480318e-03 1.3750435535e+00 -2.0000000000e-01 1.5493769048e-05 3.0000000000e+02 -1.6116251459e-12 3.0907924854e-14 1.5493755494e-12 1.6114876422e-12 -2.1520194679e-18 -3.0887923904e-14 -1.5493769086e-12 -3.1221064349e-14
d  1.9670341216e-03 1.3769238163e+00 -2.0000000000e-01 1.5704033393e-05 3.0000000000e+02 -1.6326610523e-12 3.0918062463e-14 1.5704032878e-12 1.6325233600e-12 -2.1828946150e-18 -3.0898062432e-14 -1.5704033409e-12 -3.1221697838e-14
d  1.9702574293e-03 1.3791801315e+00 -2.0000000000e-01 1.5960469595e-05 3.0000000000e+02 -1.6583166926e-12 3.0927009331e-14 1.5960468817e-12 1.6581787746e-12 -2.2201789198e-18 -3.0907009293e-14 -1.5960469612e-12 -3.1222265503e-14
d  1.9741253986e-03 1.3818877099e+00 -2.0000000000e-01 1.6274238503e-05 3.0000000000e+02 -1.6897081905e-12 3.0940973909e-14 1.6274237632e-12 1.6895700017e-12 -2.2661141547e-18 -3.0920973874e-14 -1.6274238520e-12 -3.1223140322e-14
d  1.9764461801e-03 1.3835122569e+00 -2.0000000000e-01 1.6465727361e-05 3.0000000000e+02 -1.7088659897e-12 3.0949365926e-14 1.6465726913e-12 1.7087276385e-12 -2.2943313769e-18 -3.0929365899e-14 -1.6465727378e-12 -3.1223666318e-14
d  1.9792311180e-03 1.3854617133e+00 -2.0000000000e-01 1.6698770493e-05 3.0000000000e+02 -1.7321811577e-12 3.0959007657e-14 1.6698770514e-12 1.7320426115e-12 -2.3285632660e-18 -3.0939007658e-14 -1.6698770509e-12 -3.1224272132e-14
d  1.9825730434e-03 1.3878010610e+00 -2.0000000000e-01 1.6983196467e-05 3.0000000000e+02 -1.7606369758e-12 3.0971128852e-14 1.6983195001e-12 1.7604981958e-12 -2.3703669618e-18 -3.0951128783e-14 -1.6983196486e-12 -3.1225032311e-14
d  1.9845781987e-03 1.3892046696e+00 -2.0000000000e-01 1.7156395997e-05 3.0000000000e+02 -1.7779650043e-12 3.0978887493e-14 1.7156394182e-12 1.7778260840e-12 -2.3960161757e-18 -3.0958887367e-14 -1.7156396017e-12 -3.1225517805e-14
d  1.9869843850e-03 1.3908890000e+00 -2.0000000000e-01 1.7366792531e-05 3.0000000000e+02 -1.7990143758e-12 3.0988620716e-14 1.7366792634e-12 1.7988752869e-12 -2.4270807293e-18 -3.0968620723e-14 -1.7366792548e-12 -3.1226125578e-14
d  1.9898718086e-03 1.3929101964e+00 -2.0000000000e-01 1.7623012751e-05 3.0000000000e+02 -1.8246483257e-12 3.0998228823e-14 1.7623011915e-12 1.8245090347e-12 -2.4648937137e-18 -3.0978228777e-14 -1.7623012770e-12 -3.1226731827e-14
d  1.9916042628e-03 1.3941229142e+00 -2.0000000000e-01 1.7778734392e-05 3.0000000000e+02 -1.8402277041e-12 3.1005653625e-14 1.7778736143e-12 1.8400882917e-12 -2.4880989139e-18 -3.0985653766e-14 -1.7778734407e-12 -3.1227194868e-14
d  1.9936832078e-03 1.3955781757e+00 -2.0000000000e-01 1.7967598839e-05 3.0000000000e+02 -1.8591229250e-12 3.1013444095e-14 1.7967603438e-12 1.8589833669e-12 -2.5160645534e-18 -3.0993444442e-14 -1.7967598848e-12 -3.1227683782e-14
d  1.9961779417e-03 1.3973244894e+00 -2.0000000000e-01 1.8197167216e-05 3.0000000000e+02 -1.8820907273e-12 3.1023609007e-14 1.8197163306e-12 1.8819509950e-12 -2.5501513800e-18 -3.1003608761e-14 -1.8197167240e-12 -3.1228319381e-14
d  1.9991716225e-03 1.3994200658e+00 -2.0000000000e-01 1.8476900509e-05 3.0000000000e+02 -1.9100766453e-12 3.1036771408e-14 1.8476893644e-12 1.9099367037e-12 -2.5915590109e-18 -3.1016771049e-14 -1.8476900537e-12 -3.1229139327e-14
d  2.0009678310e-03 1.4006774117e+00 -2.0000000000e-01 1.8647011554e-05 3.0000000000e+02 -1.9270956027e-12 3.1043652877e-14 1.8647016567e-12 1.9269555347e-12 -2.6172215280e-18 -3.1023653267e-14 -1.8647011563e-12 -3.1229572226e-14
d  2.0031232811e-03 1.4021862267e+00 -2.0000000000e-01 1.8853430768e-05 3.0000000000e+02 -1.9477472017e-12 3.1050684869e-14 1.8853427298e-12 1.9476069833e-12 -2.6476832433e-18 -3.1030684617e-14 -1.8853430793e-12 -3.1230017286e-14
d  2.0057098213e-03 1.4039968047e+00 -2.0000000000e-01 1.9104466800e-05 3.0000000000e+02 -1.9728623752e-12 3.1063155466e-14 1.9104466796e-12 1.9727219755e-12 -2.6853873329e-18 -3.1043155466e-14 -1.9104466819e-12 -3.1230792831e-14
d  2.0088136696e-03 1.4061694984e+00 -2.0000000000e-01 1.9410598550e-05 3.0000000000e+02 -2.0034897969e-12 3.1074795875e-14 1.9410650967e-12 2.0033491771e-12 -2.7316077150e-18 -3.1054798517e-14 -1.9410598497e-12 -3.1231526982e-14
d  2.0125382874e-03 1.4087767308e+00 -2.0000000000e-01 1.9785142808e-05 3.0000000000e+02 -2.0409616036e-12 3.1089930396e-14 1.9785142887e-12 2.0408207259e-12 -2.7866013945e-18 -3.1069930399e-14 -1.9785142827e-12 -3.1232473874e-14
d  2.0147730582e-03 1.4103410702e+00 -2.0000000000e-01 2.0013707012e-05 3.0000000000e+02 -2.0638286072e-12 3.1101075204e-14 2.0013706941e-12 2.0636875731e-12 -2.8218215020e-18 -3.1081075199e-14 -2.0013707033e-12 -3.1233168456e-14
d  2.0174547830e-03 1.4122182775e+00 -2.0000000000e-01 2.0291858127e-05 3.0000000000e+02 -2.0916566321e-12 3.1112909678e-14 2.0291856174e-12 2.0915154104e-12 -2.8635960392e-18 -3.1092909564e-14 -2.0291858151e-12 -3.1233908525e-14
d  2.0190638180e-03 1.4133446019e+00 -2.0000000000e-01 2.0460806809e-05 3.0000000000e+02 -2.1085593353e-12 3.1120659505e-14 2.0460808515e-12 2.1084180008e-12 -2.8892288216e-18 -3.1100659653e-14 -2.0460806826e-12 -3.1234391764e-14
d  2.0209946599e-03 1.4146961912e+00 -2.0000000000e-01 2.0665611842e-05 3.0000000000e+02 -2.1290493605e-12 3.1129062128e-14 2.0665618153e-12 2.1289078904e-12 -2.9202047588e-18 -3.1109062640e-14 -2.0665611850e-12 -3.1234918249e-14
d  2.0233116701e-03 1.4163180983e+00 -2.0000000000e-01 2.0914393882e-05 3.0000000000e+02 -2.1539391217e-12 3.1139524092e-14 2.0914392689e-12 2.1537974900e-12 -2.9576259757e-18 -3.1119524011e-14 -2.0914393905e-12 -3.1235572465e-14
d  2.0260920825e-03 1.4182643868e+00 -2.0000000000e-01 2.1217345222e-05 3.0000000000e+02 -2.1842483179e-12 3.1152926388e-14 2.1217393478e-12 2.1841064886e-12 -3.0042133496e-18 -3.1132929103e-14 -2.1217345169e-12 -3.1236410515e-14
d  2.0277603299e-03 1.4194321600e+00 -2.0000000000e-01 2.1401461984e-05 3.0000000000e+02 -2.2026685804e-12 3.1158860924e-14 2.1401463196e-12 2.2025266371e-12 -3.0307905046e-18 -3.1138861025e-14 -2.1401462003e-12 -3.1236784209e-14
d  2.0297622268e-03 1.4208334877e+00 -2.0000000000e-01 2.1624758885e-05 3.0000000000e+02 -2.2250086016e-12 3.1170869327e-14 2.1624769077e-12 2.2248665176e-12 -3.0661066181e-18 -3.1150870125e-14 -2.1624758887e-12 -3.1237529929e-14
d  2.0321645031e-03 1.4225150810e+00 -2.0000000000e-01 2.1896157770e-05 3.0000000000e+02 -2.2521611182e-12 3.1181727704e-14 2.1896157528e-12 2.2520188667e-12 -3.1067931885e-18 -3.1161727688e-14 -2.1896157792e-12 -3.1238209402e-14
d  2.0336058688e-03 1.4235240370e+00 -2.0000000000e-01 2.2060823580e-05 3.0000000000e+02 -2.2686353545e-12 3.1189013564e-14 2.2060823009e-12 2.2684930022e-12 -3.1322214050e-18 -3.1169013509e-14 -2.2060823603e-12 -3.1238664370e-14
d  2.0353355077e-03 1.4247347842e+00 -2.0000000000e-01 2.2260254528e-05 3.0000000000e+02 -2.2885877259e-12 3.1197699662e-14 2.2260256154e-12 2.2884452523e-12 -3.1627201556e-18 -3.1177699810e-14 -2.2260254547e-12 -3.1239206631e-14
d  2.0374110744e-03 1.4261876808e+00 -2.0000000000e-01 2.2502242886e-05 3.0000000000e+02 -2.3127978313e-12 3.1208200785e-14 2.2502244202e-12 2.3126552124e-12 -3.1996492387e-18 -3.1188200884e-14 -2.2502242906e-12 -3.1239862054e-14
d  2.0399017545e-03 1.4279311567e+00 -2.0000000000e-01 2.2796530859e-05 3.0000000000e+02 -2.3422402985e-12 3.1221450057e-14 2.2796527841e-12 2.3420975056e-12 -3.2446903004e-18 -3.1201449868e-14 -2.2796530887e-12 -3.1240687334e-14
d  2.0413961625e-03 1.4289772423e+00 -2.0000000000e-01 2.2975175869e-05 3.0000000000e+02 -2.3601131305e-12 3.1228833485e-14 2.2975177619e-12 2.3599702327e-12 -3.2723902370e-18 -3.1208833648e-14 -2.2975175888e-12 -3.1241149828e-14
d  2.0431894521e-03 1.4302325450e+00 -2.0000000000e-01 2.3191629666e-05 3.0000000000e+02 -2.3817686084e-12 3.1237771235e-14 2.3191628941e-12 2.3816255852e-12 -3.3055150099e-18 -3.1217771171e-14 -2.3191629691e-12 -3.1241708724e-14
d  2.0453413996e-03 1.4317389082e+00 -2.0000000000e-01 2.3454408142e-05 3.0000000000e+02 -2.4080587067e-12 3.1249230104e-14 2.3454406253e-12 2.4079155329e-12 -3.3460409761e-18 -3.1229229966e-14 -2.3454408169e-12 -3.1242423803e-14
d  2.0479237367e-03 1.4335465440e+00 -2.0000000000e-01 2.3774179472e-05 3.0000000000e+02 -2.4400507585e-12 3.1263116050e-14 2.3774235892e-12 2.4399074001e-12 -3.3960531732e-18 -3.1243119466e-14 -2.3774179401e-12 -3.1243291979e-14
d  2.0494731389e-03 1.4346311255e+00 -2.0000000000e-01 2.3968400091e-05 3.0000000000e+02 -2.4594819258e-12 3.1269314767e-14 2.3968401415e-12 2.4593384626e-12 -3.4243947400e-18 -3.1249314886e-14 -2.3968400112e-12 -3.1243681830e-14
d  2.0513324216e-03 1.4359326233e+00 -2.0000000000e-01 2.4203832374e-05 3.0000000000e+02 -2.4830360990e-12 3.1282527390e-14 2.4203844597e-12 2.4828925048e-12 -3.4625531526e-18 -3.1262528420e-14 -2.4203832372e-12 -3.1244500279e-14
d  2.0535635608e-03 1.4374944207e+00 -2.0000000000e-01 2.4489808280e-05 3.0000000000e+02 -2.5116470843e-12 3.1293645887e-14 2.4489808195e-12 2.5115033348e-12 -3.5061137028e-18 -3.1273645881e-14 -2.4489808305e-12 -3.1245196359e-14
d  2.0549022444e-03 1.4384314991e+00 -2.0000000000e-01 2.4663227335e-05 3.0000000000e+02 -2.5289971059e-12 3.1301364061e-14 2.4663226814e-12 2.5288532628e-12 -3.5334380738e-18 -3.1281364006e-14 -2.4663227361e-12 -3.1245677859e-14
d  2.0565086646e-03 1.4395559932e+00 -2.0000000000e-01 2.4873168634e-05 3.0000000000e+02 -2.5500010657e-12 3.1310799616e-14 2.4873170370e-12 2.5498571100e-12 -3.5661490593e-18 -3.1290799785e-14 -2.4873168655e-12 -3.1246265488e-14
d  2.0584363689e-03 1.4409053862e+00 -2.0000000000e-01 2.5127777319e-05 3.0000000000e+02 -2.5754738706e-12 3.1321819933e-14 2.5127792348e-12 2.5753297790e-12 -3.6059846126e-18 -3.1301821154e-14 -2.5127777313e-12 -3.1246953413e-14
d  2.0607496140e-03 1.4425246577e+00 -2.0000000000e-01 2.5437221198e-05 3.0000000000e+02 -2.6064327749e-12 3.1334908881e-14 2.5437216899e-12 2.6062885227e-12 -3.6538005112e-18 -3.1314908590e-14 -2.5437221232e-12 -3.1247769718e-14
d  2.0621375611e-03 1.4434962206e+00 -2.0000000000e-01 2.5624964183e-05 3.0000000000e+02 -2.6252158661e-12 3.1344048810e-14 2.5624962707e-12 2.6250715165e-12 -3.6837099399e-18 -3.1324048662e-14 -2.5624964213e-12 -3.1248337563e-14
d  2.0638030976e-03 1.4446620961e+00 -2.0000000000e-01 2.5852339500e-05 3.0000000000e+02 -2.6479640936e-12 3.1353267782e-14 2.5852340301e-12 2.6478196274e-12 -3.7193223754e-18 -3.1333267857e-14 -2.5852339524e-12 -3.1248914568e-14
d  2.0658017414e-03 1.4460611467e+00 -2.0000000000e-01 2.6128228277e-05 3.0000000000e+02 -2.6755659327e-12 3.1365574807e-14 2.6128228292e-12 2.6754213266e-12 -3.7625733695e-18 -3.1345574809e-14 -2.6128228303e-12 -3.1249680889e-14
d  2.0682001140e-03 1.4477400074e+00 -2.0000000000e-01 2.6463736669e-05 3.0000000000e+02 -2.7091325672e-12 3.1379575283e-14 2.6463731586e-12 2.7089877936e-12 -3.8153308042e-18 -3.1359574952e-14 -2.6463736704e-12 -3.1250555867e-14
d  2.0696391375e-03 1.4487473238e+00 -2.0000000000e-01 2.6667400707e-05 3.0000000000e+02 -2.7295085444e-12 3.1389377818e-14 2.6667400799e-12 2.7293636697e-12 -3.8477474341e-18 -3.1369377827e-14 -2.6667400734e-12 -3.1251164416e-14
d  2.0713659658e-03 1.4499561035e+00 -2.0000000000e-01 2.6914165871e-05 3.0000000000e+02 -2.7541966896e-12 3.1400294376e-14 2.6914174106e-12 2.7540516933e-12 -3.8867550676e-18 -3.1380295123e-14 -2.6914165879e-12 -3.1251844506e-14
d  2.0734381597e-03 1.4514066392e+00 -2.0000000000e-01 2.7213740522e-05 3.0000000000e+02 -2.7841683120e-12 3.1412457092e-14 2.7213740557e-12 2.7840231714e-12 -3.9338794390e-18 -3.1392457094e-14 -2.7213740549e-12 -3.1252605293e-14
d  2.0746814760e-03 1.4522769606e+00 -2.0000000000e-01 2.7395317802e-05 3.0000000000e+02 -2.8023346192e-12 3.1420492950e-14 2.7395317141e-12 2.8021893915e-12 -3.9629493462e-18 -3.1400492876e-14 -2.7395317831e-12 -3.1253106381e-14
d  2.0761734556e-03 1.4533213462e+00 -2.0000000000e-01 2.7615047154e-05 3.0000000000e+02 -2.8243179327e-12 3.1430668508e-14 2.7615045226e-12 2.8241726008e-12 -3.9978588784e-18 -3.1410668306e-14 -2.7615047186e-12 -3.1253738669e-14
d  2.0779638311e-03 1.4545746091e+00 -2.0000000000e-01 2.7881398146e-05 3.0000000000e+02 -2.8509656416e-12 3.1442289920e-14 2.7881417886e-12 2.8508201825e-12 -4.0406052733e-18 -3.1422291646e-14 -2.7881398129e-12 -3.1254464197e-14
d  2.0801122817e-03 1.4560785244e+00 -2.0000000000e-01 2.8204926544e-05 3.0000000000e+02 -2.8833338165e-12 3.1455908656e-14 2.8204921942e-12 2.8831882090e-12 -4.0913425851e-18 -3.1435908322e-14 -2.8204926582e-12 -3.1255312918e-14
d  2.0814013521e-03 1.4569808736e+00 -2.0000000000e-01 2.8401116204e-05 3.0000000000e+02 -2.9029620695e-12 3.1465737688e-14 2.8401114460e-12 2.9028163715e-12 -4.1234127696e-18 -3.1445737500e-14 -2.8401116237e-12 -3.1255922733e-14
d  2.0829482366e-03 1.4580636927e+00 -2.0000000000e-01 2.8638622751e-05 3.0000000000e+02 -2.9267240201e-12 3.1475456490e-14 2.8638623153e-12 2.9265782137e-12 -4.1613487010e-18 -3.1455456530e-14 -2.8638622779e-12 -3.1256530649e-14
d  2.0848044979e-03 1.4593630756e+00 -2.0000000000e-01 2.8926660954e-05 3.0000000000e+02 -2.9555415171e-12 3.1488847433e-14 2.8926660985e-12 2.9553955808e-12 -4.2074815702e-18 -3.1468847435e-14 -2.8926660982e-12 -3.1257362438e-14
d  2.0870320115e-03 1.4609223350e+00 -2.0000000000e-01 2.9276735399e-05 3.0000000000e+02 -2.9905656473e-12 3.1503209140e-14 2.9276728638e-12 2.9904195556e-12 -4.2636466977e-18 -3.1483208666e-14 -2.9276735442e-12 -3.1258260891e-14
d  2.0883685197e-03 1.4618578907e+00 -2.0000000000e-01 2.9489131087e-05 3.0000000000e+02 -3.0118153176e-12 3.1513806493e-14 2.9489130612e-12 3.0116691318e-12 -4.2982576057e-18 -3.1493806443e-14 -2.9489131118e-12 -3.1258917497e-14
d  2.0899723295e-03 1.4629805575e+00 -2.0000000000e-01 2.9746365505e-05 3.0000000000e+02 -3.0375510402e-12 3.1525044602e-14 2.9746361959e-12 3.0374047424e-12 -4.3395344633e-18 -3.1505044256e-14 -2.9746365544e-12 -3.1259617503e-14
d  2.0918969013e-03 1.4643277577e+00 -2.0000000000e-01 3.0058489186e-05 3.0000000000e+02 -3.0687783332e-12 3.1538621309e-14 3.0058483975e-12 3.0686319009e-12 -4.3900951950e-18 -3.1518620886e-14 -3.0058489228e-12 -3.1260464374e-14
d  2.0942063874e-03 1.4659443979e+00 -2.0000000000e-01 3.0438072192e-05 3.0000000000e+02 -3.1067548030e-12 3.1555594550e-14 3.0438129187e-12 3.1066082038e-12 -4.4524669439e-18 -3.1535598400e-14 -3.0438072110e-12 -3.1261523228e-14
d  2.0955920790e-03 1.4669143820e+00 -2.0000000000e-01 3.0668496953e-05 3.0000000000e+02 -3.1298083459e-12 3.1564386488e-14 3.0668494268e-12 3.1296616547e-12 -4.4878301776e-18 -3.1544386218e-14 -3.0668496991e-12 -3.1262070973e-14
d  2.0972549090e-03 1.4680783629e+00 -2.0000000000e-01 3.0947693001e-05 3.0000000000e+02 -3.1577413321e-12 3.1578743828e-14 3.0947711623e-12 3.1575945226e-12 -4.5355737175e-18 -3.1558745580e-14 -3.0947692986e-12 -3.1262963434e-14
d  2.0992503050e-03 1.4694751401e+00 -2.0000000000e-01 3.1286651128e-05 3.0000000000e+02 -3.1916534606e-12 3.1592817422e-14 3.1286647692e-12 3.1915065134e-12 -4.5895636782e-18 -3.1572817153e-14 -3.1286651166e-12 -3.1263840533e-14
d  2.1004475426e-03 1.4703132063e+00 -2.0000000000e-01 3.1492106259e-05 3.0000000000e+02 -3.2122088588e-12 3.1602865308e-14 3.1492104434e-12 3.2120618276e-12 -4.6238954463e-18 -3.1582865096e-14 -3.1492106296e-12 -3.1264464527e-14
d  2.1018842278e-03 1.4713188859e+00 -2.0000000000e-01 3.1740738464e-05 3.0000000000e+02 -3.2370840807e-12 3.1613701209e-14 3.1740738176e-12 3.2369369489e-12 -4.6645430628e-18 -3.1593701178e-14 -3.1740738496e-12 -3.1265140169e-14
d  2.1036082499e-03 1.4725257013e+00 -2.0000000000e-01 3.2042137344e-05 3.0000000000e+02 -3.2672385333e-12 3.1627020517e-14 3.2042168808e-12 3.2670912779e-12 -4.7145925032e-18 -3.1607023370e-14 -3.2042137299e-12 -3.1265971501e-14
d  2.1056770765e-03 1.4739738798e+00 -2.0000000000e-01 3.2408257295e-05 3.0000000000e+02 -3.3038682382e-12 3.1643069266e-14 3.2408247917e-12 3.3037208417e-12 -4.7734965386e-18 -3.1623068559e-14 -3.2408257348e-12 -3.1266968924e-14
d  2.1069183724e-03 1.4748427870e+00 -2.0000000000e-01 3.2630286042e-05 3.0000000000e+02 -3.3260818474e-12 3.1654649675e-14 3.2630282040e-12 3.3259343635e-12 -4.8113409068e-18 -3.1634649226e-14 -3.2630286086e-12 -3.1267686603e-14
d  2.1084079276e-03 1.4758854755e+00 -2.0000000000e-01 3.2899085656e-05 3.0000000000e+02 -3.3529748739e-12 3.1665955724e-14 3.2899085759e-12 3.3528272853e-12 -4.8555845273e-18 -3.1645955734e-14 -3.2899085689e-12 -3.1268392985e-14
d  2.1101953937e-03 1.4771367018e+00 -2.0000000000e-01 3.3225094457e-05 3.0000000000e+02 -3.3855916142e-12 3.1679979637e-14 3.3225091143e-12 3.3854439009e-12 -4.9094821121e-18 -3.1659979347e-14 -3.3225094498e-12 -3.1269268224e-14
d  2.1123403531e-03 1.4786381733e+00 -2.0000000000e-01 3.3621347875e-05 3.0000000000e+02 -3.4252362291e-12 3.1698751530e-14 3.3621329118e-12 3.4250883670e-12 -4.9751855901e-18 -3.1678750166e-14 -3.3621347949e-12 -3.1270433340e-14
d  2.1136273288e-03 1.4795390562e+00 -2.0000000000e-01 3.3861778240e-05 3.0000000000e+02 -3.4492909741e-12 3.1711015652e-14 3.3861772719e-12 3.4491430207e-12 -5.0159098125e-18 -3.1691015055e-14 -3.3861778289e-12 -3.1271192991e-14
d  2.1151716995e-03 1.4806201156e+00 -2.0000000000e-01 3.4152984090e-05 3.0000000000e+02 -3.4784258058e-12 3.1723461093e-14 3.4152986036e-12 3.4782777436e-12 -5.0642797792e-18 -3.1703461290e-14 -3.4152984119e-12 -3.1271969851e-14
d  2.1170249444e-03 1.4819173870e+00 -2.0000000000e-01 3.4506356820e-05 3.0000000000e+02 -3.5137804114e-12 3.1738622600e-14 3.4506466808e-12 3.5136322092e-12 -5.1251071564e-18 -3.1718631866e-14 -3.4506356594e-12 -3.1272921234e-14
d  2.1181368914e-03 1.4826957498e+00 -2.0000000000e-01 3.4720462234e-05 3.0000000000e+02 -3.5352015125e-12 3.1744614788e-14 3.4720528830e-12 3.5350532360e-12 -5.1579411730e-18 -3.1724623133e-14 -3.4720462060e-12 -3.1273301016e-14
d  2.1194712277e-03 1.4836297852e+00 -2.0000000000e-01 3.4979474429e-05 3.0000000000e+02 -3.5611154014e-12 3.1759224186e-14 3.4979469708e-12 3.5609670389e-12 -5.2017371257e-18 -3.1739223632e-14 -3.4979474478e-12 -3.1274200112e-14
d  2.1210724313e-03 1.4847506277e+00 -2.0000000000e-01 3.5293328895e-05 3.0000000000e+02 -3.5925162523e-12 3.1775876067e-14 3.5293352920e-12 3.5923677748e-12 -5.2569430371e-18 -3.1755878412e-14 -3.5293328867e-12 -3.1275233188e-14
d  2.1229938757e-03 1.4860956387e+00 -2.0000000000e-01 3.5674394407e-05 3.0000000000e+02 -3.6306416051e-12 3.1791847943e-14 3.5674381828e-12 3.6304929968e-12 -5.3193973046e-18 -3.1771846922e-14 -3.5674394472e-12 -3.1276228268e-14
d  2.1241467423e-03 1.4869026452e+00 -2.0000000000e-01 3.5905388978e-05 3.0000000000e+02 -3.6537524426e-12 3.1804233885e-14 3.5905385344e-12 3.6536037527e-12 -5.3597540795e-18 -3.1784233446e-14 -3.5905389025e-12 -3.1276994980e-14
d  2.1255301822e-03 1.4878710531e+00 -2.0000000000e-01 3.6184945733e-05 3.0000000000e+02 -3.6817219779e-12 3.1815774101e-14 3.6184940302e-12 3.6815731914e-12 -5.4067694414e-18 -3.1795773487e-14 -3.6184945785e-12 -3.1277717049e-14
d  2.1271903101e-03 1.4890331426e+00 -2.0000000000e-01 3.6523859051e-05 3.0000000000e+02 -3.7156300853e-12 3.1832468438e-14 3.6523887853e-12 3.7154811790e-12 -5.4651567379e-18 -3.1812471148e-14 -3.6523859012e-12 -3.1278753573e-14
d  2.1291824635e-03 1.4904276500e+00 -2.0000000000e-01 3.6935591222e-05 3.0000000000e+02 -3.7568237794e-12 3.1850058382e-14 3.6935654266e-12 3.7566747303e-12 -5.5350214463e-18 -3.1830063315e-14 -3.6935591113e-12 -3.1279852886e-14
d  2.1303777556e-03 1.4912643544e+00 -2.0000000000e-01 3.7185304422e-05 3.0000000000e+02 -3.7818075296e-12 3.1861144119e-14 3.7185300778e-12 3.7816584035e-12 -5.5759066019e-18 -3.1841143694e-14 -3.7185304470e-12 -3.1280539958e-14
d  2.1318121061e-03 1.4922683997e+00 -2.0000000000e-01 3.7487644014e-05 3.0000000000e+02 -3.8120565367e-12 3.1877523239e-14 3.7487646679e-12 3.8119073096e-12 -5.6301660832e-18 -3.1857523529e-14 -3.7487644044e-12 -3.1281555425e-14
d  2.1335333267e-03 1.4934732540e+00 -2.0000000000e-01 3.7854368980e-05 3.0000000000e+02 -3.8487474023e-12 3.1892514850e-14 3.7854423969e-12 3.8485980492e-12 -5.6933406942e-18 -3.1872519836e-14 -3.7854368877e-12 -3.1282496639e-14
d  2.1345660591e-03 1.4941961667e+00 -2.0000000000e-01 3.8076480171e-05 3.0000000000e+02 -3.8709696213e-12 3.1903165300e-14 3.8076480249e-12 3.8708202017e-12 -5.7291751104e-18 -3.1883165310e-14 -3.8076480209e-12 -3.1283152163e-14
d  2.1358053379e-03 1.4950636618e+00 -2.0000000000e-01 3.8345093986e-05 3.0000000000e+02 -3.8978444902e-12 3.1915836122e-14 3.8345089729e-12 3.8976949843e-12 -5.7777179605e-18 -3.1895835585e-14 -3.8345094038e-12 -3.1283944787e-14
d  2.1372924725e-03 1.4961046560e+00 -2.0000000000e-01 3.8670462078e-05 3.0000000000e+02 -3.9303976281e-12 3.1931946813e-14 3.8670507939e-12 3.9302480127e-12 -5.8345836475e-18 -3.1911951631e-14 -3.8670461986e-12 -3.1284945216e-14
d  2.1390770341e-03 1.4973538490e+00 -2.0000000000e-01 3.9065329795e-05 3.0000000000e+02 -3.9699043129e-12 3.1948323848e-14 3.9065329935e-12 3.9697545775e-12 -5.9008773506e-18 -3.1928323860e-14 -3.9065329834e-12 -3.1285967076e-14
d  2.1401477710e-03 1.4981033648e+00 -2.0000000000e-01 3.9304597649e-05 3.0000000000e+02 -3.9938431513e-12 3.1961050788e-14 3.9304597825e-12 3.9936933410e-12 -5.9439875264e-18 -3.1941050811e-14 -3.9304597688e-12 -3.1286756130e-14
d  2.1414326553e-03 1.4990027837e+00 -2.0000000000e-01 3.9594073425e-05 3.0000000000e+02 -4.0228053623e-12 3.1974409254e-14 3.9594063131e-12 4.0226554632e-12 -5.9940611974e-18 -3.1954408001e-14 -3.9594073497e-12 -3.1287587177e-14
d  2.1428570000e-03 1.4999998250e+00 -2.0000000000e-01 3.9918005847e-05 3.0000000000e+02 -4.0552149798e-12 3.1991387402e-14 3.9918031122e-12 4.0550649770e-12 -6.0517319154e-18 -3.1971390139e-14 -3.9918005812e-12 -3.1288639289e-14
d  2.1445662137e-03 1.5011962745e+00 -2.0000000000e-01 4.0310999776e-05 3.0000000000e+02 -4.0945343707e-12 3.2007430878e-14 4.0311049748e-12 4.0943842456e-12 -6.1199624473e-18 -3.1987435437e-14 -4.0310999685e-12 -3.1289645866e-14
d  2.1455917419e-03 1.5019141442e+00 -2.0000000000e-01 4.0549062263e-05 3.0000000000e+02 -4.1183526790e-12 3.2020540534e-14 4.0549087021e-12 4.1182024846e-12 -6.1609878288e-18 -3.2000543896e-14 -4.0549062218e-12 -3.1290451920e-14
d  2.1468223757e-03 1.5027755878e+00 -2.0000000000e-01 4.0837009695e-05 3.0000000000e+02 -4.1471621443e-12 3.2032412687e-14 4.0837001715e-12 4.1470118677e-12 -6.2119407056e-18 -3.2012411673e-14 -4.0837009763e-12 -3.1291198024e-14
d  2.1482991363e-03 1.5038093202e+00 -2.0000000000e-01 4.1185858365e-05 3.0000000000e+02 -4.1820647862e-12 3.2051389645e-14 4.1185924066e-12 4.1819143978e-12 -6.2759028899e-18 -3.2031396591e-14 -4.1185858214e-12 -3.1292374616e-14
d  2.1500712490e-03 1.5050497991e+00 -2.0000000000e-01 4.1609315004e-05 3.0000000000e+02 -4.2244321680e-12 3.2068414433e-14 4.1609291486e-12 4.2242816657e-12 -6.3469717693e-18 -3.2048412365e-14 -4.1609315107e-12 -3.1293437053e-14
d  2.1511345166e-03 1.5057940864e+00 -2.0000000000e-01 4.1865955369e-05 3.0000000000e+02 -4.2501092991e-12 3.2085107158e-14 4.1865949562e-12 4.2499587204e-12 -6.3955842173e-18 -3.2065106398e-14 -4.1865955430e-12 -3.1294464369e-14
d  2.1524104378e-03 1.5066872311e+00 -2.0000000000e-01 4.2176499852e-05 3.0000000000e+02 -4.2811797509e-12 3.2097981968e-14 4.2176490290e-12 4.2810290833e-12 -6.4498297357e-18 -3.2077980797e-14 -4.2176499925e-12 -3.1295270808e-14
d  2.1539415432e-03 1.5077590048e+00 -2.0000000000e-01 4.2552909545e-05 3.0000000000e+02 -4.3188401104e-12 3.2117108231e-14 4.2553015468e-12 4.3186893221e-12 -6.5196431724e-18 -3.2097119024e-14 -4.2552909282e-12 -3.1296462590e-14
d  2.1557788697e-03 1.5090451333e+00 -2.0000000000e-01 4.3010093827e-05 3.0000000000e+02 -4.3645822235e-12 3.2134707877e-14 4.3010069357e-12 4.3644313218e-12 -6.5961647118e-18 -3.2114705804e-14 -4.3010093934e-12 -3.1297562588e-14
d  2.1568812655e-03 1.5098168104e+00 -2.0000000000e-01 4.3287320020e-05 3.0000000000e+02 -4.3923191167e-12 3.2153563839e-14 4.3287306512e-12 4.3921681367e-12 -6.6499004065e-18 -3.2133562135e-14 -4.3287320108e-12 -3.1298721912e-14
d  2.1582041406e-03 1.5107428229e+00 -2.0000000000e-01 4.3622920547e-05 3.0000000000e+02 -4.4258966287e-12 3.2168348344e-14 4.3622923028e-12 4.4257455541e-12 -6.7098926954e-18 -3.2148348637e-14 -4.3622920583e-12 -3.1299646350e-14
d  2.1597915907e-03 1.5118540379e+00 -2.0000000000e-01 4.4029915759e-05 3.0000000000e+02 -4.4666173621e-12 3.2186484102e-14 4.4029896246e-12 4.4664661790e-12 -6.7825900470e-18 -3.2166482185e-14 -4.4029915858e-12 -3.1300778995e-14
d  2.1616965308e-03 1.5131874959e+00 -2.0000000000e-01 4.4524564874e-05 3.0000000000e+02 -4.5161080580e-12 3.2212754340e-14 4.4524672587e-12 4.5159567265e-12 -6.8749982593e-18 -3.2192763134e-14 -4.4524564643e-12 -3.1302410602e-14
d  2.1628394948e-03 1.5139875707e+00 -2.0000000000e-01 4.4824679393e-05 3.0000000000e+02 -4.5461352550e-12 3.2224302909e-14 4.4824658129e-12 4.5459838590e-12 -6.9240338524e-18 -3.2204300324e-14 -4.4824679508e-12 -3.1303128381e-14
d  2.1642110517e-03 1.5149476604e+00 -2.0000000000e-01 4.5188156438e-05 3.0000000000e+02 -4.5825019675e-12 3.2247068059e-14 4.5188203945e-12 4.5823504668e-12 -6.9966945001e-18 -3.2227073465e-14 -4.5188156333e-12 -3.1304538288e-14
d  2.1658569199e-03 1.5160997681e+00 -2.0000000000e-01 4.5629210941e-05 3.0000000000e+02 -4.6266307082e-12 3.2263362794e-14 4.5629186444e-12 4.6264791013e-12 -7.0728076842e-18 -3.2243360476e-14 -4.5629211056e-12 -3.1305563304e-14
d  2.1668444408e-03 1.5167910327e+00 -2.0000000000e-01 4.5896432525e-05 3.0000000000e+02 -4.6533668878e-12 3.2281129066e-14 4.5896433010e-12 4.6532152086e-12 -7.1248797802e-18 -3.2261129134e-14 -4.5896432569e-12 -3.1306655872e-14
d  2.1680294660e-03 1.5176205503e+00 -2.0000000000e-01 4.6219696946e-05 3.0000000000e+02 -4.6857104906e-12 3.2293300555e-14 4.6219681415e-12 4.6855587306e-12 -7.1827556124e-18 -3.2273298507e-14 -4.6219697047e-12 -3.1307424770e-14
d  2.1694514961e-03 1.5186159714e+00 -2.0000000000e-01 4.6611402369e-05 3.0000000000e+02 -4.7249017412e-12 3.2315582773e-14 4.6611497934e-12 4.7247498674e-12 -7.2582466843e-18 -3.2295593255e-14 -4.6611402117e-12 -3.1308806347e-14
d  2.1711579323e-03 1.5198104766e+00 -2.0000000000e-01 4.7086987260e-05 3.0000000000e+02 -4.7724855632e-12 3.2334741150e-14 4.7086988728e-12 4.7723335819e-12 -7.3412475713e-18 -3.2314741284e-14 -4.7086987303e-12 -3.1310004655e-14
d  2.1721817940e-03 1.5205271798e+00 -2.0000000000e-01 4.7375277707e-05 3.0000000000e+02 -4.8013299236e-12 3.2351993172e-14 4.7375265751e-12 4.8011778725e-12 -7.3975922844e-18 -3.2331991549e-14 -4.7375277798e-12 -3.1311071336e-14
d  2.1734104281e-03 1.5213872236e+00 -2.0000000000e-01 4.7724178560e-05 3.0000000000e+02 -4.8362386136e-12 3.2370737158e-14 4.7724157426e-12 4.8360864777e-12 -7.4625128645e-18 -3.2350734472e-14 -4.7724178681e-12 -3.1312231239e-14
d  2.1748847889e-03 1.5224192761e+00 -2.0000000000e-01 4.8147167313e-05 3.0000000000e+02 -4.8785601281e-12 3.2392491803e-14 4.8147167535e-12 4.8784078862e-12 -7.5421598184e-18 -3.2372491827e-14 -4.8147167360e-12 -3.1313583170e-14
d  2.1766540220e-03 1.5236577392e+00 -2.0000000000e-01 4.8661057697e-05 3.0000000000e+02 -4.9299768388e-12 3.2415302114e-14 4.8661268469e-12 4.9298244457e-12 -7.6415363495e-18 -3.2395320634e-14 -4.8661057161e-12 -3.1315022215e-14
d  2.1777155618e-03 1.5244008170e+00 -2.0000000000e-01 4.8972741819e-05 3.0000000000e+02 -4.9611620371e-12 3.2427829195e-14 4.8972717508e-12 4.9610096004e-12 -7.6900418853e-18 -3.2407826012e-14 -4.8972741955e-12 -3.1315790727e-14
d  2.1789894096e-03 1.5252925104e+00 -2.0000000000e-01 4.9350126293e-05 3.0000000000e+02 -4.9989207718e-12 3.2454754779e-14 4.9350133599e-12 4.9987682416e-12 -7.7713507159e-18 -3.2434755674e-14 -4.9350126318e-12 -3.1317454637e-14
d  2.1805180269e-03 1.5263625425e+00 -2.0000000000e-01 4.9807905329e-05 3.0000000000e+02 -5.0447235408e-12 3.2473014290e-14 4.9807879115e-12 5.0445709081e-12 -7.8540456494e-18 -3.2453011620e-14 -4.9807905459e-12 -3.1318602198e-14
d  2.1814351973e-03 1.5270045618e+00 -2.0000000000e-01 5.0085180027e-05 3.0000000000e+02 -5.0724660039e-12 3.2490658519e-14 5.0085201883e-12 5.0723133003e-12 -7.9094731323e-18 -3.2470661834e-14 -5.0085179990e-12 -3.1319690435e-14
d  2.1825358018e-03 1.5277749849e+00 -2.0000000000e-01 5.0420526055e-05 3.0000000000e+02 -5.1060189009e-12 3.2504909157e-14 5.0420513742e-12 5.1058661252e-12 -7.9703075220e-18 -3.2484907409e-14 -5.0420526153e-12 -3.1320581907e-14
d  2.1838565272e-03 1.5286994926e+00 -2.0000000000e-01 5.0826755165e-05 3.0000000000e+02 -5.1466639692e-12 3.2526995767e-14 5.0826841724e-12 5.1465110873e-12 -8.0521198875e-18 -3.2507005986e-14 -5.0826754924e-12 -3.1321959746e-14
d  2.1854413976e-03 1.5298089019e+00 -2.0000000000e-01 5.1319805399e-05 3.0000000000e+02 -5.1959960035e-12 3.2548568559e-14 5.1319767375e-12 5.1958430278e-12 -8.1408334474e-18 -3.2528564827e-14 -5.1319805565e-12 -3.1323303847e-14
d  2.1863923199e-03 1.5304745474e+00 -2.0000000000e-01 5.1618593789e-05 3.0000000000e+02 -5.2258911484e-12 3.2569865531e-14 5.1618600349e-12 5.2257380999e-12 -8.2036447802e-18 -3.2549866490e-14 -5.1618593814e-12 -3.1324614447e-14
d  2.1875334266e-03 1.5312733221e+00 -2.0000000000e-01 5.1980111596e-05 3.0000000000e+02 -5.2620629007e-12 3.2583457595e-14 5.1980085778e-12 5.2619097771e-12 -8.2702742920e-18 -3.2563454063e-14 -5.1980111745e-12 -3.1325474598e-14
d  2.1889027547e-03 1.5322318517e+00 -2.0000000000e-01 5.2418267409e-05 3.0000000000e+02 -5.3059025926e-12 3.2609930248e-14 5.2418431163e-12 5.3057493462e-12 -8.3610618294e-18 -3.2589948878e-14 -5.2418266915e-12 -3.1327118816e-14
d  2.1905459484e-03 1.5333820872e+00 -2.0000000000e-01 5.2950396806e-05 3.0000000000e+02 -5.3591450469e-12 3.2630723417e-14 5.2950353289e-12 5.3589917148e-12 -8.4546441150e-18 -3.2610719302e-14 -5.2950396990e-12 -3.1328418926e-14
d  2.1915318646e-03 1.5340722285e+00 -2.0000000000e-01 5.3273042023e-05 3.0000000000e+02 -5.3914273533e-12 3.2655507319e-14 5.3273018696e-12 5.3912739495e-12 -8.5246735167e-18 -3.2635504033e-14 -5.3273042166e-12 -3.1329940994e-14
d  2.1927149641e-03 1.5349003981e+00 -2.0000000000e-01 5.3663602680e-05 3.0000000000e+02 -5.4305051946e-12 3.2673341380e-14 5.3663559834e-12 5.4303517109e-12 -8.5989964765e-18 -3.2653335730e-14 -5.3663602893e-12 -3.1331056763e-14
d  2.1941346834e-03 1.5358942016e+00 -2.0000000000e-01 5.4137218331e-05 3.0000000000e+02 -5.4778931558e-12 3.2699922486e-14 5.4137218817e-12 5.4777395663e-12 -8.6938768639e-18 -3.2679922539e-14 -5.4137218384e-12 -3.1332706606e-14
d  2.1958383467e-03 1.5370867658e+00 -2.0000000000e-01 5.4712797229e-05 3.0000000000e+02 -5.5354833576e-12 3.2725685490e-14 5.4712798955e-12 5.5353296486e-12 -8.8060286806e-18 -3.2705685647e-14 -5.4712797278e-12 -3.1334326348e-14
d  2.1968605446e-03 1.5378023043e+00 -2.0000000000e-01 5.5061993909e-05 3.0000000000e+02 -5.5704226177e-12 3.2744910117e-14 5.5061958658e-12 5.5702688428e-12 -8.8748181927e-18 -3.2724905331e-14 -5.5061994099e-12 -3.1335517272e-14
d  2.1980871821e-03 1.5386609505e+00 -2.0000000000e-01 5.5484901055e-05 3.0000000000e+02 -5.6127371019e-12 3.2770716343e-14 5.5484918622e-12 5.6125832332e-12 -8.9616639430e-18 -3.2750718576e-14 -5.5484901047e-12 -3.1337113856e-14
d  2.1995591471e-03 1.5396913260e+00 -2.0000000000e-01 5.5998049791e-05 3.0000000000e+02 -5.6640810612e-12 3.2793235535e-14 5.5998050336e-12 5.6639270920e-12 -9.0615458676e-18 -3.2773235593e-14 -5.5998049845e-12 -3.1338530520e-14
d  2.2004423262e-03 1.5403095513e+00 -2.0000000000e-01 5.6308942684e-05 3.0000000000e+02 -5.6951879479e-12 3.2810900443e-14 5.6308938655e-12 5.6950339176e-12 -9.1247755240e-18 -3.2790899809e-14 -5.6308942757e-12 -3.1339626538e-14
d  2.2015021410e-03 1.5410514216e+00 -2.0000000000e-01 5.6685029689e-05 3.0000000000e+02 -5.7328179770e-12 3.2832685740e-14 5.6685006430e-12 5.7326638756e-12 -9.1999852199e-18 -3.2812682314e-14 -5.6685029839e-12 -3.1340973305e-14
d  2.2027739188e-03 1.5419416660e+00 -2.0000000000e-01 5.7140734393e-05 3.0000000000e+02 -5.7784144390e-12 3.2857044703e-14 5.7140869247e-12 5.7782602240e-12 -9.2963465606e-18 -3.2837061217e-14 -5.7140733964e-12 -3.1342500294e-14
d  2.2043000521e-03 1.5430099593e+00 -2.0000000000e-01 5.7694017715e-05 3.0000000000e+02 -5.8337744762e-12 3.2881298222e-14 5.7694215070e-12 5.8336201450e-12 -9.4042723754e-18 -3.2861318308e-14 -5.7694017132e-12 -3.1344025578e-14
d  2.2052157321e-03 1.5436509353e+00 -2.0000000000e-01 5.8029406420e-05 3.0000000000e+02 -5.8673325178e-12 3.2900394057e-14 5.8029397959e-12 5.8671781541e-12 -9.4662860635e-18 -3.2880392774e-14 -5.8029406514e-12 -3.1345194366e-14
d  2.2063145481e-03 1.5444201064e+00 -2.0000000000e-01 5.8435306447e-05 3.0000000000e+02 -5.9079458060e-12 3.2927843542e-14 5.8435264389e-12 5.9077913708e-12 -9.5570456413e-18 -3.2907837572e-14 -5.8435306674e-12 -3.1346894952e-14
d  2.2076331273e-03 1.5453431118e+00 -2.0000000000e-01 5.8927404061e-05 3.0000000000e+02 -5.9571839629e-12 3.2953856430e-14 5.8927404503e-12 5.9570294285e-12 -9.6575785091e-18 -3.2933856482e-14 -5.8927404119e-12 -3.1348516950e-14
d  2.2092154223e-03 1.5464507183e+00 -2.0000000000e-01 5.9525267282e-05 3.0000000000e+02 -6.0170049684e-12 3.2982552794e-14 5.9525399355e-12 6.0168503026e-12 -9.7813836509e-18 -3.2962565744e-14 -5.9525266915e-12 -3.1350323524e-14
d  2.2111141764e-03 1.5477798461e+00 -2.0000000000e-01 6.0253494922e-05 3.0000000000e+02 -6.0898700486e-12 3.3020668988e-14 6.0253501177e-12 6.0897152696e-12 -9.9267065839e-18 -3.3000669498e-14 -6.0253494964e-12 -3.1352691976e-14
d  2.2122534288e-03 1.5485773227e+00 -2.0000000000e-01 6.0696186887e-05 3.0000000000e+02 -6.1341650643e-12 3.3047211133e-14 6.0696189000e-12 6.1340102062e-12 -1.0022387340e-17 -3.3027211390e-14 -6.0696186940e-12 -3.1354341826e-14
d  2.2136205317e-03 1.5495342947e+00 -2.0000000000e-01 6.1233225835e-05 3.0000000000e+02 -6.1879004185e-12 3.3076659942e-14 6.1233226816e-12 6.1877454649e-12 -1.0134220111e-17 -3.3056660053e-14 -6.1233225892e-12 -3.1356175268e-14
d  2.2144407935e-03 1.5501084779e+00 -2.0000000000e-01 6.1558532510e-05 3.0000000000e+02 -6.2204501977e-12 3.3094355653e-14 6.1558517522e-12 6.2202951895e-12 -1.0202051132e-17 -3.3074353114e-14 -6.1558532640e-12 -3.1357277300e-14
d  2.2154251076e-03 1.5507974978e+00 -2.0000000000e-01 6.1951996324e-05 3.0000000000e+02 -6.2598197114e-12 3.3118600062e-14 6.1952005283e-12 6.2596646302e-12 -1.0286276908e-17 -3.3098601483e-14 -6.1951996347e-12 -3.1358779035e-14
d  2.2166062845e-03 1.5516243216e+00 -2.0000000000e-01 6.2428671111e-05 3.0000000000e+02 -6.3075153886e-12 3.3143650149e-14 6.2428744784e-12 6.3073602137e-12 -1.0387254085e-17 -3.3123659860e-14 -6.2428670886e-12 -3.1360347232e-14
d  2.2180236968e-03 1.5526165101e+00 -2.0000000000e-01 6.3007289834e-05 3.0000000000e+02 -6.3654116114e-12 3.3172588769e-14 6.3007290988e-12 6.3652563496e-12 -1.0506224707e-17 -3.3152588895e-14 -6.3007289893e-12 -3.1362156825e-14
d  2.2188741442e-03 1.5532118233e+00 -2.0000000000e-01 6.3357970935e-05 3.0000000000e+02 -6.4005005465e-12 3.3194219258e-14 6.3357953670e-12 6.4003452283e-12 -1.0583004980e-17 -3.3174216439e-14 -6.3357971076e-12 -3.1363498963e-14
d  2.2198946810e-03 1.5539261990e+00 -2.0000000000e-01 6.3782315335e-05 3.0000000000e+02 -6.4429602409e-12 3.3220364236e-14 6.3782291403e-12 6.4428048525e-12 -1.0673911935e-17 -3.3200360580e-14 -6.3782315502e-12 -3.1365116861e-14
d  2.2211193253e-03 1.5547834500e+00 -2.0000000000e-01 6.4296679575e-05 3.0000000000e+02 -6.4944274599e-12 3.3249635863e-14 6.4296908010e-12 6.4942719422e-12 -1.0790477822e-17 -3.3229664876e-14 -6.4296678756e-12 -3.1366954387e-14
d  2.2225888984e-03 1.5558121511e+00 -2.0000000000e-01 6.4921460014e-05 3.0000000000e+02 -6.5569431195e-12 3.3276042523e-14 6.4921462411e-12 6.5567875378e-12 -1.0911635515e-17 -3.3256042776e-14 -6.4921460070e-12 -3.1368611342e-14
d  2.2234706422e-03 1.5564293717e+00 -2.0000000000e-01 6.5300336375e-05 3.0000000000e+02 -6.5948535142e-12 3.3303571157e-14 6.5300337185e-12 6.5946978711e-12 -1.1001837827e-17 -3.3283571284e-14 -6.5300336437e-12 -3.1370315444e-14
d  2.2245287348e-03 1.5571700365e+00 -2.0000000000e-01 6.5759021431e-05 3.0000000000e+02 -6.6407497362e-12 3.3328941745e-14 6.5759002053e-12 6.6405940227e-12 -1.1099874295e-17 -3.3308938892e-14 -6.5759021579e-12 -3.1371896035e-14
d  2.2257984460e-03 1.5580588343e+00 -2.0000000000e-01 6.6315337408e-05 3.0000000000e+02 -6.6964150339e-12 3.3362123347e-14 6.6315338381e-12 6.6962592278e-12 -1.1222344601e-17 -3.3342123466e-14 -6.6315337470e-12 -3.1373959689e-14
d  2.2265602726e-03 1.5585921129e+00 -2.0000000000e-01 6.6652255508e-05 3.0000000000e+02 -6.7301273682e-12 3.3379216835e-14 6.6652233743e-12 6.7299715131e-12 -1.1294694325e-17 -3.3359212866e-14 -6.6652255682e-12 -3.1375032123e-14
d  2.2274744647e-03 1.5592320473e+00 -2.0000000000e-01 6.7059697134e-05 3.0000000000e+02 -6.7708963130e-12 3.3405727366e-14 6.7059689721e-12 6.7707403911e-12 -1.1385956100e-17 -3.3385726101e-14 -6.7059697236e-12 -3.1376673116e-14
d  2.2285714951e-03 1.5599999686e+00 -2.0000000000e-01 6.7553209432e-05 3.0000000000e+02 -6.8202777385e-12 3.3432629605e-14 6.7553162632e-12 6.8201217470e-12 -1.1492655229e-17 -3.3412622965e-14 -6.7553209697e-12 -3.1378352413e-14
d  2.2298879316e-03 1.5609214741e+00 -2.0000000000e-01 6.8152126132e-05 3.0000000000e+02 -6.8802061544e-12 3.3468517822e-14 6.8152128065e-12 6.8800500619e-12 -1.1628004426e-17 -3.3448518050e-14 -6.8152126193e-12 -3.1380589697e-14
d  2.2306777935e-03 1.5614743774e+00 -2.0000000000e-01 6.8515036394e-05 3.0000000000e+02 -6.9165195886e-12 3.3485589398e-14 6.8515005961e-12 6.9163634469e-12 -1.1706062179e-17 -3.3465584049e-14 -6.8515036611e-12 -3.1381667304e-14
d  2.2316256278e-03 1.5621378613e+00 -2.0000000000e-01 6.8954104531e-05 3.0000000000e+02 -6.9604534253e-12 3.3515148140e-14 6.8954030992e-12 6.9602972254e-12 -1.1804545816e-17 -3.3495136043e-14 -6.8954104943e-12 -3.1383490813e-14
d  2.2327630289e-03 1.5629340421e+00 -2.0000000000e-01 6.9486208919e-05 3.0000000000e+02 -7.0136968243e-12 3.3547130622e-14 6.9486348165e-12 7.0135405050e-12 -1.1930960505e-17 -3.3527149660e-14 -6.9486208409e-12 -3.1385497704e-14
d  2.2341279103e-03 1.5638894590e+00 -2.0000000000e-01 7.0132382393e-05 3.0000000000e+02 -7.0783544060e-12 3.3578695861e-14 7.0132384442e-12 7.0781980167e-12 -1.2065050353e-17 -3.3558696094e-14 -7.0132382455e-12 -3.1387471488e-14
d  2.2349468391e-03 1.5644627092e+00 -2.0000000000e-01 7.0524150429e-05 3.0000000000e+02 -7.1175556598e-12 3.3602876847e-14 7.0524111049e-12 7.1173992211e-12 -1.2158468934e-17 -3.3582870175e-14 -7.0524150688e-12 -3.1388983754e-14
d  2.2359295537e-03 1.5651506093e+00 -2.0000000000e-01 7.0998360000e-05 3.0000000000e+02 -7.1650062166e-12 3.3634706455e-14 7.0998360907e-12 7.1648497013e-12 -1.2268609928e-17 -3.3614706599e-14 -7.0998360067e-12 -3.1390955419e-14
d  2.2371088112e-03 1.5659760896e+00 -2.0000000000e-01 7.1573384702e-05 3.0000000000e+02 -7.2225448148e-12 3.3663540396e-14 7.1573308744e-12 7.2223882316e-12 -1.2395453297e-17 -3.3643530390e-14 -7.1573385087e-12 -3.1392770204e-14
d  2.2385239202e-03 1.5669666658e+00 -2.0000000000e-01 7.2272168862e-05 3.0000000000e+02 -7.2924671620e-12 3.3709765430e-14 7.2272173439e-12 7.2923104644e-12 -1.2560454906e-17 -3.3689765931e-14 -7.2272168917e-12 -3.1395641343e-14
d  2.2402220510e-03 1.5681553573e+00 -2.0000000000e-01 7.3123591407e-05 3.0000000000e+02 -7.3776633928e-12 3.3754891627e-14 7.3123603821e-12 7.3775065749e-12 -1.2753902852e-17 -3.3734892754e-14 -7.3123591438e-12 -3.1398479735e-14
d  2.2412409295e-03 1.5688685722e+00 -2.0000000000e-01 7.3641322130e-05 3.0000000000e+02 -7.4294693850e-12 3.3786372710e-14 7.3641446693e-12 7.4293124738e-12 -1.2878100736e-17 -3.3766389607e-14 -7.3641321675e-12 -3.1400451370e-14
d  2.2424635837e-03 1.5697244301e+00 -2.0000000000e-01 7.4269547568e-05 3.0000000000e+02 -7.4923319868e-12 3.3825152376e-14 7.4269549041e-12 7.4921750141e-12 -1.3017534640e-17 -3.3805152563e-14 -7.4269547637e-12 -3.1402850120e-14
d  2.2431971762e-03 1.5702379448e+00 -2.0000000000e-01 7.4650174184e-05 3.0000000000e+02 -7.5304190983e-12 3.3847083486e-14 7.4650137318e-12 7.5302620821e-12 -1.3110602811e-17 -3.3827076510e-14 -7.4650174452e-12 -3.1404232822e-14
d  2.2440774872e-03 1.5708541625e+00 -2.0000000000e-01 7.5110636806e-05 3.0000000000e+02 -7.5764948736e-12 3.3879027817e-14 7.5110596162e-12 7.5763377965e-12 -1.3220181214e-17 -3.3859020620e-14 -7.5110637086e-12 -3.1406208671e-14
d  2.2451338604e-03 1.5715936237e+00 -2.0000000000e-01 7.5668611968e-05 3.0000000000e+02 -7.6323283906e-12 3.3911225399e-14 7.5668482339e-12 7.6321712574e-12 -1.3349014269e-17 -3.3891206321e-14 -7.5668612627e-12 -3.1408220831e-14
d  2.2464015083e-03 1.5724809772e+00 -2.0000000000e-01 7.6346117829e-05 3.0000000000e+02 -7.7001228133e-12 3.3955633571e-14 7.6346121782e-12 7.6999655644e-12 -1.3516537817e-17 -3.3935634054e-14 -7.6346117889e-12 -3.1410993621e-14
d  2.2471620970e-03 1.5730133892e+00 -2.0000000000e-01 7.6756841708e-05 3.0000000000e+02 -7.7412219988e-12 3.3973245107e-14 7.6756791733e-12 7.7410647079e-12 -1.3608076204e-17 -3.3953235993e-14 -7.6756842043e-12 -3.1412118316e-14
d  2.2480748034e-03 1.5736522837e+00 -2.0000000000e-01 7.7253952701e-05 3.0000000000e+02 -7.7909653791e-12 3.4009725183e-14 7.7253842156e-12 7.7908080370e-12 -1.3728701697e-17 -3.3989706319e-14 -7.7253953328e-12 -3.1414368396e-14
d  2.2491700512e-03 1.5744189571e+00 -2.0000000000e-01 7.7856689184e-05 3.0000000000e+02 -7.8512784548e-12 3.4047768573e-14 7.7856793510e-12 7.8511209914e-12 -1.3881803854e-17 -3.4027783367e-14 -7.7856688796e-12 -3.1416759717e-14
d  2.2504843485e-03 1.5753389652e+00 -2.0000000000e-01 7.8589067627e-05 3.0000000000e+02 -7.9245644365e-12 3.4086259342e-14 7.8588937917e-12 7.9244069292e-12 -1.4044728773e-17 -3.4066244066e-14 -7.8589068231e-12 -3.1419168037e-14
d  2.2512729269e-03 1.5758909700e+00 -2.0000000000e-01 7.9033331817e-05 3.0000000000e+02 -7.9690200680e-12 3.4121535529e-14 7.9033258939e-12 7.9688624945e-12 -1.4164020733e-17 -3.4101522722e-14 -7.9033332268e-12 -3.1421356307e-14
d  2.2522192209e-03 1.5765533758e+00 -2.0000000000e-01 7.9571323431e-05 3.0000000000e+02 -8.0228549124e-12 3.4150783198e-14 7.9571493395e-12 8.0226972208e-12 -1.4299523750e-17 -3.4130811146e-14 -7.9571322677e-12 -3.1423218267e-14
d  2.2533547738e-03 1.5773482628e+00 -2.0000000000e-01 8.0224044372e-05 3.0000000000e+02 -8.0881704251e-12 3.4183231071e-14 8.0224045568e-12 8.0880126900e-12 -1.4445407648e-17 -3.4163231234e-14 -8.0224044447e-12 -3.1425258561e-14
d  2.2540361055e-03 1.5778251950e+00 -2.0000000000e-01 8.0619462328e-05 3.0000000000e+02 -8.1277384991e-12 3.4213341974e-14 8.0619423347e-12 8.1275807252e-12 -1.4550090942e-17 -3.4193334032e-14 -8.0619462629e-12 -3.1427127688e-14
d  2.2548537036e-03 1.5783975136e+00 -2.0000000000e-01 8.1097769620e-05 3.0000000000e+02 -8.1756011050e-12 3.4246997060e-14 8.1097713841e-12 8.1754432776e-12 -1.4669165462e-17 -3.4226986425e-14 -8.1097770003e-12 -3.1429214146e-14
d  2.2558348212e-03 1.5790842959e+00 -2.0000000000e-01 8.1677297250e-05 3.0000000000e+02 -8.2335927814e-12 3.4282565844e-14 8.1677567495e-12 8.2334348142e-12 -1.4823800808e-17 -3.4262608663e-14 -8.1677296021e-12 -3.1431470193e-14
d  2.2570121625e-03 1.5799084347e+00 -2.0000000000e-01 8.2380871499e-05 3.0000000000e+02 -8.3039976373e-12 3.4316852407e-14 8.2380875664e-12 8.3038396455e-12 -1.4978821200e-17 -3.4296852955e-14 -8.2380871564e-12 -3.1433622791e-14
d  2.2577185672e-03 1.5804029180e+00 -2.0000000000e-01 8.2807340408e-05 3.0000000000e+02 -8.3466732580e-12 3.4351012252e-14 8.2807284479e-12 8.3465152303e-12 -1.5096203775e-17 -3.4331001271e-14 -8.2807340802e-12 -3.1435743131e-14
d  2.2585662528e-03 1.5809962979e+00 -2.0000000000e-01 8.3323455614e-05 3.0000000000e+02 -8.3983196554e-12 3.4388325934e-14 8.3323382108e-12 8.3981615723e-12 -1.5227596109e-17 -3.4368312429e-14 -8.3323456091e-12 -3.1438055916e-14
d  2.2595834757e-03 1.5817083539e+00 -2.0000000000e-01 8.3949156482e-05 3.0000000000e+02 -8.4609323372e-12 3.4426829356e-14 8.3949156143e-12 8.4607741664e-12 -1.5388477019e-17 -3.4406829304e-14 -8.3949156567e-12 -3.1440479696e-14
d  2.2608041430e-03 1.5825628210e+00 -2.0000000000e-01 8.4709326989e-05 3.0000000000e+02 -8.5370014302e-12 3.4470326525e-14 8.4709917960e-12 8.5368430431e-12 -1.5594074132e-17 -3.4450401446e-14 -8.4709324499e-12 -3.1443262347e-14
d  2.2615365434e-03 1.5830755013e+00 -2.0000000000e-01 8.5170394418e-05 3.0000000000e+02 -8.5831396882e-12 3.4491143798e-14 8.5170315609e-12 8.5829813988e-12 -1.5670203095e-17 -3.4471128886e-14 -8.5170394936e-12 -3.1444516835e-14
d  2.2624154239e-03 1.5836907176e+00 -2.0000000000e-01 8.5728664366e-05 3.0000000000e+02 -8.6390049668e-12 3.4546570225e-14 8.5728544703e-12 8.6388466253e-12 -1.5850921292e-17 -3.4526549040e-14 -8.5728665085e-12 -3.1447961234e-14
d  2.2634700805e-03 1.5844289772e+00 -2.0000000000e-01 8.6405906624e-05 3.0000000000e+02 -8.7067760042e-12 3.4586232059e-14 8.6406071585e-12 8.7066175238e-12 -1.6026880756e-17 -3.4566256320e-14 -8.6405905925e-12 -3.1450473149e-14
d  2.2647356685e-03 1.5853148887e+00 -2.0000000000e-01 8.7229332181e-05 3.0000000000e+02 -8.7891757179e-12 3.4633224749e-14 8.7229335723e-12 8.7890171856e-12 -1.6225809094e-17 -3.4613225181e-14 -8.7229332253e-12 -3.1453419272e-14
d  2.2654950212e-03 1.5858464356e+00 -2.0000000000e-01 8.7729104160e-05 3.0000000000e+02 -8.8391877482e-12 3.4666719634e-14 8.7728983010e-12 8.8390291920e-12 -1.6360650485e-17 -3.4646697546e-14 -8.7729104905e-12 -3.1455520785e-14
d  2.2664062445e-03 1.5864842918e+00 -2.0000000000e-01 8.8334595083e-05 3.0000000000e+02 -8.8997790935e-12 3.4714465313e-14 8.8334857046e-12 8.8996203835e-12 -1.6538518464e-17 -3.4694509998e-14 -8.8334593801e-12 -3.1458511819e-14
d  2.2674997125e-03 1.5872497194e+00 -2.0000000000e-01 8.9069632605e-05 3.0000000000e+02 -8.9733345966e-12 3.4747516624e-14 8.9069634764e-12 8.9731758711e-12 -1.6706806828e-17 -3.4727516930e-14 -8.9069632684e-12 -3.1460611565e-14
d  2.2681557933e-03 1.5877089759e+00 -2.0000000000e-01 8.9515142345e-05 3.0000000000e+02 -9.0179168800e-12 3.4784893998e-14 8.9515088416e-12 9.0177581223e-12 -1.6837056620e-17 -3.4764882597e-14 -8.9515142758e-12 -3.1462934530e-14
d  2.2689430902e-03 1.5882600837e+00 -2.0000000000e-01 9.0054271753e-05 3.0000000000e+02 -9.0718678376e-12 3.4824953878e-14 9.0054187151e-12 9.0717090321e-12 -1.6981748078e-17 -3.4804937143e-14 -9.0054272331e-12 -3.1465422863e-14
d  2.2698878465e-03 1.5889214131e+00 -2.0000000000e-01 9.0707831798e-05 3.0000000000e+02 -9.1372702500e-12 3.4867817921e-14 9.0707833417e-12 9.1371113575e-12 -1.7160903733e-17 -3.4847818187e-14 -9.0707831880e-12 -3.1468124090e-14
d  2.2710215541e-03 1.5897150084e+00 -2.0000000000e-01 9.1501787656e-05 3.0000000000e+02 -9.2167224611e-12 3.4914595698e-14 9.1501601821e-12 9.2165635340e-12 -1.7366322831e-17 -3.4894570338e-14 -9.1501788620e-12 -3.1471074125e-14
d  2.2717017787e-03 1.5901911656e+00 -2.0000000000e-01 9.1983312554e-05 3.0000000000e+02 -9.2649092405e-12 3.4958800791e-14 9.1983233963e-12 9.2647502409e-12 -1.7509358650e-17 -3.4938784780e-14 -9.1983313111e-12 -3.1473805267e-14
d  2.2725180481e-03 1.5907625542e+00 -2.0000000000e-01 9.2566334363e-05 3.0000000000e+02 -9.3232533792e-12 3.4990376026e-14 9.2566209355e-12 9.3230943339e-12 -1.7659943717e-17 -3.4970352198e-14 -9.2566335167e-12 -3.1475812710e-14
d  2.2734975715e-03 1.5914482205e+00 -2.0000000000e-01 9.3273555360e-05 3.0000000000e+02 -9.3940264436e-12 3.5041058878e-14 9.3273554807e-12 9.3938672989e-12 -1.7862109252e-17 -3.5021058791e-14 -9.3273555456e-12 -3.1478996479e-14
d  2.2746729995e-03 1.5922710201e+00 -2.0000000000e-01 9.4133373224e-05 3.0000000000e+02 -9.4800706020e-12 3.5091843349e-14 9.4133381538e-12 9.4799113729e-12 -1.8094269343e-17 -3.5071844441e-14 -9.4133373279e-12 -3.1482218706e-14
d  2.2753782563e-03 1.5927646998e+00 -2.0000000000e-01 9.4655203668e-05 3.0000000000e+02 -9.5322915426e-12 3.5128638929e-14 9.4655077202e-12 9.5321322982e-12 -1.8235923635e-17 -3.5108614104e-14 -9.4655204502e-12 -3.1484513051e-14
d  2.2762245645e-03 1.5933571155e+00 -2.0000000000e-01 9.5287387942e-05 3.0000000000e+02 -9.5955559667e-12 3.5180823458e-14 9.5287204753e-12 9.5953966774e-12 -1.8418080226e-17 -3.5160789816e-14 -9.5287389069e-12 -3.1487749564e-14
d  2.2772401343e-03 1.5940680143e+00 -2.0000000000e-01 9.6054786782e-05 3.0000000000e+02 -9.6723521747e-12 3.5232316505e-14 9.6055015098e-12 9.6721927105e-12 -1.8647141687e-17 -3.5212351328e-14 -9.6054785715e-12 -3.1491025737e-14
d  2.2778494762e-03 1.5944945536e+00 -2.0000000000e-01 9.6519895115e-05 3.0000000000e+02 -9.7188972381e-12 3.5255936347e-14 9.6519867177e-12 9.7187377960e-12 -1.8751668890e-17 -3.5235929987e-14 -9.6519895392e-12 -3.1492498881e-14
d  2.2785806865e-03 1.5950064008e+00 -2.0000000000e-01 9.7082715845e-05 3.0000000000e+02 -9.7752208736e-12 3.5301134772e-14 9.7082627562e-12 9.7750613960e-12 -1.8928002918e-17 -3.5281115969e-14 -9.7082716491e-12 -3.1495338557e-14
d  2.2794581388e-03 1.5956206174e+00 -2.0000000000e-01 9.7764969598e-05 3.0000000000e+02 -9.8434968375e-12 3.5348080452e-14 9.7765038135e-12 9.8433372577e-12 -1.9127327669e-17 -3.5328092579e-14 -9.7764969313e-12 -3.1498304807e-14
d  2.2805110816e-03 1.5963576773e+00 -2.0000000000e-01 9.8593744346e-05 3.0000000000e+02 -9.9264360863e-12 3.5398208909e-14 9.8593717554e-12 9.9262764574e-12 -1.9354399022e-17 -3.5378204972e-14 -9.8593744580e-12 -3.1501479384e-14
d  2.2811428473e-03 1.5967999133e+00 -2.0000000000e-01 9.9096366775e-05 3.0000000000e+02 -9.9767358385e-12 3.5437927603e-14 9.9096381686e-12 9.9765761545e-12 -1.9507398313e-17 -3.5417930874e-14 -9.9096366780e-12 -3.1503967567e-14
d  2.2819009661e-03 1.5973305964e+00 -2.0000000000e-01 9.9704911467e-05 3.0000000000e+02 -1.0037635854e-11 3.5483152326e-14 9.9704781847e-12 1.0037476155e-11 -1.9675379151e-17 -3.5463125725e-14 -9.9704912361e-12 -3.1506776683e-14
d  2.2828107086e-03 1.5979674162e+00 -2.0000000000e-01 1.0044306544e-04 3.0000000000e+02 -1.0111506901e-11 3.5537405445e-14 1.0044306887e-11 1.0111347103e-11 -1.9904059674e-17 -3.5517406031e-14 -1.0044306552e-11 -3.1510208385e-14
d  2.2839023997e-03 1.5987315999e+00 -2.0000000000e-01 1.0134045541e-04 3.0000000000e+02 -1.0201313949e-11 3.5592418711e-14 1.0134085725e-11 1.0201153970e-11 -2.0171162416e-17 -3.5572475574e-14 -1.0134045349e-11 -3.1513735515e-14
d  2.2845574144e-03 1.5991901101e+00 -2.0000000000e-01 1.0188507185e-04 3.0000000000e+02 -1.0255816857e-11 3.5630065748e-14 1.0188542464e-11 1.0255656842e-11 -2.0318721092e-17 -3.5610140313e-14 -1.0188506973e-11 -3.1516083181e-14
d  2.2853434320e-03 1.5997403224e+00 -2.0000000000e-01 1.0254484134e-04 3.0000000000e+02 -1.0321844111e-11 3.5678399686e-14 1.0254465519e-11 1.0321684188e-11 -2.0499620195e-17 -3.5658362877e-14 -1.0254484257e-11 -3.1519080343e-14
d  2.2862866530e-03 1.6004005771e+00 -2.0000000000e-01 1.0334569741e-04 3.0000000000e+02 -1.0401991096e-11 3.5748125304e-14 1.0334569622e-11 1.0401831056e-11 -2.0772951473e-17 -3.5728125109e-14 -1.0334569752e-11 -3.1523472605e-14
d  2.2874185184e-03 1.6011928828e+00 -2.0000000000e-01 1.0432016347e-04 3.0000000000e+02 -1.0499512924e-11 3.5805763188e-14 1.0432017971e-11 1.0499352800e-11 -2.1051907772e-17 -3.5785765402e-14 -1.0432016349e-11 -3.1527152581e-14
d  2.2880976375e-03 1.6016682662e+00 -2.0000000000e-01 1.0491200746e-04 3.0000000000e+02 -1.0558743077e-11 3.5850121779e-14 1.0491185091e-11 1.0558582954e-11 -2.1226917880e-17 -3.5830089898e-14 -1.0491200854e-11 -3.1529926910e-14
d  2.2889125806e-03 1.6022387263e+00 -2.0000000000e-01 1.0562945487e-04 3.0000000000e+02 -1.0630543476e-11 3.5913004820e-14 1.0562945424e-11 1.0630383253e-11 -2.1461919569e-17 -3.5893004701e-14 -1.0562945498e-11 -3.1533860521e-14
d  2.2898905122e-03 1.6029232784e+00 -2.0000000000e-01 1.0650101481e-04 3.0000000000e+02 -1.0717767729e-11 3.5964579138e-14 1.0650130907e-11 1.0717607355e-11 -2.1728580676e-17 -3.5944625678e-14 -1.0650101332e-11 -3.1537191310e-14
d  2.2904772712e-03 1.6033340097e+00 -2.0000000000e-01 1.0702960433e-04 3.0000000000e+02 -1.0770667936e-11 3.6005922799e-14 1.0702953913e-11 1.0770507622e-11 -2.1866547654e-17 -3.5985907402e-14 -1.0702960488e-11 -3.1539722748e-14
d  2.2911813819e-03 1.6038268872e+00 -2.0000000000e-01 1.0766960313e-04 3.0000000000e+02 -1.0834718261e-11 3.6060033798e-14 1.0766948345e-11 1.0834557913e-11 -2.2088811270e-17 -3.6040007354e-14 -1.0766960403e-11 -3.1543143606e-14
d  2.2920263149e-03 1.6044183402e+00 -2.0000000000e-01 1.0844594666e-04 3.0000000000e+02 -1.0912414034e-11 3.6115995647e-14 1.0844597579e-11 1.0912253584e-11 -2.2333768299e-17 -3.6096000993e-14 -1.0844594659e-11 -3.1546692081e-14
d  2.2930402344e-03 1.6051280838e+00 -2.0000000000e-01 1.0938981188e-04 3.0000000000e+02 -1.1006875660e-11 3.6178229793e-14 1.0938982215e-11 1.1006715144e-11 -2.2622358140e-17 -3.6158231358e-14 -1.0938981193e-11 -3.1550654129e-14
d  2.2936485861e-03 1.6055539300e+00 -2.0000000000e-01 1.0996265925e-04 3.0000000000e+02 -1.1064206085e-11 3.6222818571e-14 1.0996264832e-11 1.1064045533e-11 -2.2806438542e-17 -3.6202816084e-14 -1.0996265943e-11 -3.1553463035e-14
d  2.2943786081e-03 1.6060649454e+00 -2.0000000000e-01 1.1065666141e-04 3.0000000000e+02 -1.1133661756e-11 3.6281724853e-14 1.1065647513e-11 1.1133501204e-11 -2.3021700665e-17 -3.6261685195e-14 -1.1065666273e-11 -3.1557123733e-14
d  2.2952546346e-03 1.6066781639e+00 -2.0000000000e-01 1.1149911977e-04 3.0000000000e+02 -1.1217975505e-11 3.6347079373e-14 1.1149912575e-11 1.1217814835e-11 -2.3308370395e-17 -3.6327080429e-14 -1.1149911985e-11 -3.1561279332e-14
d  2.2963058664e-03 1.6074140261e+00 -2.0000000000e-01 1.1252427696e-04 3.0000000000e+02 -1.1320574350e-11 3.6413838629e-14 1.1252428775e-11 1.1320413605e-11 -2.3628425862e-17 -3.6393840212e-14 -1.1252427701e-11 -3.1565546552e-14
d  2.2969366054e-03 1.6078555434e+00 -2.0000000000e-01 1.1314694920e-04 3.0000000000e+02 -1.1382892186e-11 3.6463459334e-14 1.1314701811e-11 1.1382731380e-11 -2.3836833796e-17 -3.6443474444e-14 -1.1314694885e-11 -3.1568681734e-14
d  2.2976934923e-03 1.6083853642e+00 -2.0000000000e-01 1.1390181232e-04 3.0000000000e+02 -1.1458440055e-11 3.6526686688e-14 1.1390181139e-11 1.1458279217e-11 -2.4078121588e-17 -3.6506686496e-14 -1.1390181244e-11 -3.1572629267e-14
d  2.2986017565e-03 1.6090211491e+00 -2.0000000000e-01 1.1481888787e-04 3.0000000000e+02 -1.1550223098e-11 3.6591044791e-14 1.1481888609e-11 1.1550062197e-11 -2.4385559873e-17 -3.6571044487e-14 -1.1481888799e-11 -3.1576753030e-14
d  2.2996916736e-03 1.6097840910e+00 -2.0000000000e-01 1.1593593836e-04 3.0000000000e+02 -1.1662020385e-11 3.6678601982e-14 1.1593596691e-11 1.1661859398e-11 -2.4757136017e-17 -3.6658606015e-14 -1.1593593832e-11 -3.1582286243e-14
d  2.3003456238e-03 1.6102418562e+00 -2.0000000000e-01 1.1661501790e-04 3.0000000000e+02 -1.1729984796e-11 3.6730078230e-14 1.1661554539e-11 1.1729823610e-11 -2.5005739469e-17 -3.6710189658e-14 -1.1661501451e-11 -3.1585605315e-14
d  2.3011303641e-03 1.6107911743e+00 -2.0000000000e-01 1.1743886758e-04 3.0000000000e+02 -1.1812438320e-11 3.6790881936e-14 1.1743886913e-11 1.1812277240e-11 -2.5234790619e-17 -3.6770882242e-14 -1.1743886769e-11 -3.1589365059e-14
d  2.3020720525e-03 1.6114503562e+00 -2.0000000000e-01 1.1844064178e-04 3.0000000000e+02 -1.1912699942e-11 3.6875644194e-14 1.1844085009e-11 1.1912538733e-11 -2.5618054650e-17 -3.6855678354e-14 -1.1844064068e-11 -3.1594789154e-14
d  2.3026370655e-03 1.6118458653e+00 -2.0000000000e-01 1.1904872695e-04 3.0000000000e+02 -1.1973559488e-11 3.6926172200e-14 1.1904864513e-11 1.1973398330e-11 -2.5797865994e-17 -3.6906152154e-14 -1.1904872766e-11 -3.1597906098e-14
d  2.3033150811e-03 1.6123204762e+00 -2.0000000000e-01 1.1978550837e-04 3.0000000000e+02 -1.2047300124e-11 3.6987950745e-14 1.1978553235e-11 1.2047138884e-11 -2.6077691726e-17 -3.6967956243e-14 -1.1978550832e-11 -3.1601857670e-14
d  2.3041286999e-03 1.6128900093e+00 -2.0000000000e-01 1.2068004089e-04 3.0000000000e+02 -1.2136829485e-11 3.7055461148e-14 1.2068008429e-11 1.2136668183e-11 -2.6376915869e-17 -3.7035469410e-14 -1.2068004073e-11 -3.1606139229e-14
d  2.3051050423e-03 1.6135734490e+00 -2.0000000000e-01 1.2176877150e-04 3.0000000000e+02 -1.2245795814e-11 3.7137001796e-14 1.2176876875e-11 1.2245634458e-11 -2.6756803287e-17 -3.7117001361e-14 -1.2176877164e-11 -3.1611348326e-14
d  2.3056908478e-03 1.6139835128e+00 -2.0000000000e-01 1.2243017261e-04 3.0000000000e+02 -1.2311992754e-11 3.7192541396e-14 1.2243016113e-11 1.2311831360e-11 -2.6992557011e-17 -3.7172538685e-14 -1.2243017282e-11 -3.1614861198e-14
d  2.3063938144e-03 1.6144755894e+00 -2.0000000000e-01 1.2323210506e-04 3.0000000000e+02 -1.2392255173e-11 3.7264497805e-14 1.2323249295e-11 1.2392093599e-11 -2.7294963237e-17 -3.7244583464e-14 -1.2323210248e-11 -3.1619421693e-14
d  2.3072373743e-03 1.6150660813e+00 -2.0000000000e-01 1.2420654869e-04 3.0000000000e+02 -1.2489784281e-11 3.7333319143e-14 1.2420719149e-11 1.2489622567e-11 -2.7628759984e-17 -3.7313436979e-14 -1.2420654475e-11 -3.1623834474e-14
d  2.3082496462e-03 1.6157746716e+00 -2.0000000000e-01 1.2539374515e-04 3.0000000000e+02 -1.2608607731e-11 3.7422732488e-14 1.2539375153e-11 1.2608446152e-11 -2.8030769973e-17 -3.7402733458e-14 -1.2539374524e-11 -3.1629504947e-14
d  2.3088570094e-03 1.6161998257e+00 -2.0000000000e-01 1.2611561053e-04 3.0000000000e+02 -1.2680857679e-11 3.7494346648e-14 1.2611583764e-11 1.2680695984e-11 -2.8331427187e-17 -3.7474398300e-14 -1.2611560903e-11 -3.1634054039e-14
d  2.3095858451e-03 1.6167100108e+00 -2.0000000000e-01 1.2699152181e-04 3.0000000000e+02 -1.2768525948e-11 3.7567712909e-14 1.2699130239e-11 1.2768364350e-11 -2.8615108505e-17 -3.7547666232e-14 -1.2699152346e-11 -3.1638622566e-14
d  2.3104604480e-03 1.6173222328e+00 -2.0000000000e-01 1.2805683729e-04 3.0000000000e+02 -1.2875152285e-11 3.7663076595e-14 1.2805684632e-11 1.2874990550e-11 -2.9045237765e-17 -3.7643078189e-14 -1.2805683736e-11 -3.1644721572e-14
d  2.3109852098e-03 1.6176895660e+00 -2.0000000000e-01 1.2870361917e-04 3.0000000000e+02 -1.2939888299e-11 3.7705521509e-14 1.2870344927e-11 1.2939726589e-11 -2.9260974187e-17 -3.7685476686e-14 -1.2870362063e-11 -3.1647447686e-14
d  2.3116149239e-03 1.6181303658e+00 -2.0000000000e-01 1.2948741741e-04 3.0000000000e+02 -1.3018338244e-11 3.7785229408e-14 1.2948737440e-11 1.3018176445e-11 -2.9575275660e-17 -3.7765218792e-14 -1.2948741787e-11 -3.1652465182e-14
d  2.3123705808e-03 1.6186593256e+00 -2.0000000000e-01 1.3043922819e-04 3.0000000000e+02 -1.3113605209e-11 3.7858726726e-14 1.3043922633e-11 1.3113443344e-11 -2.9923561929e-17 -3.7838726343e-14 -1.3043922834e-11 -3.1657170084e-14
d  2.3132773691e-03 1.6192940774e+00 -2.0000000000e-01 1.3159796790e-04 3.0000000000e+02 -1.3229584403e-11 3.7950306977e-14 1.3159826820e-11 1.3229422371e-11 -3.0373830262e-17 -3.7930358031e-14 -1.3159796615e-11 -3.1663075411e-14
d  2.3138214421e-03 1.6196749285e+00 -2.0000000000e-01 1.3230206005e-04 3.0000000000e+02 -1.3300057519e-11 3.8015598521e-14 1.3230181119e-11 1.3299895638e-11 -3.0605054449e-17 -3.7995535262e-14 -1.3230206212e-11 -3.1667102457e-14
d  2.3144743297e-03 1.6201319498e+00 -2.0000000000e-01 1.3315591371e-04 3.0000000000e+02 -1.3385521304e-11 3.8098639707e-14 1.3315601672e-11 1.3385359255e-11 -3.0991760078e-17 -3.8078664198e-14 -1.3315591307e-11 -3.1672452184e-14
d  2.3152577948e-03 1.6206803753e+00 -2.0000000000e-01 1.3419370143e-04 3.0000000000e+02 -1.3489395711e-11 3.8176657051e-14 1.3419372187e-11 1.3489233636e-11 -3.1358876658e-17 -3.8156661083e-14 -1.3419370143e-11 -3.1677428448e-14
d  2.3161979529e-03 1.6213384859e+00 -2.0000000000e-01 1.3545844929e-04 3.0000000000e+02 -1.3615987967e-11 3.8283143171e-14 1.3545845644e-11 1.3615825830e-11 -3.1864451509e-17 -3.8263144341e-14 -1.3545844938e-11 -3.1684263537e-14
d  2.3167620477e-03 1.6217333523e+00 -2.0000000000e-01 1.3622767800e-04 3.0000000000e+02 -1.3692982527e-11 3.8351479335e-14 1.3622737745e-11 1.3692820462e-11 -3.2154768333e-17 -3.8331405734e-14 -1.3622768046e-11 -3.1688577524e-14
d  2.3174389616e-03 1.6222071920e+00 -2.0000000000e-01 1.3716126878e-04 3.0000000000e+02 -1.3786429163e-11 3.8449841147e-14 1.3716225541e-11 1.3786266588e-11 -3.2606346930e-17 -3.8430067131e-14 -1.3716126156e-11 -3.1694920174e-14
d  2.3182512582e-03 1.6227757996e+00 -2.0000000000e-01 1.3829707368e-04 3.0000000000e+02 -1.3900116801e-11 3.8518725927e-14 1.3829707767e-11 1.3899954521e-11 -3.2941365478e-17 -3.8498726686e-14 -1.3829707379e-11 -3.1699275087e-14
d  2.3192260141e-03 1.6234581287e+00 -2.0000000000e-01 1.3968291043e-04 3.0000000000e+02 -1.4038832415e-11 3.8659941889e-14 1.3968287102e-11 1.4038670084e-11 -3.3572829662e-17 -3.8639935680e-14 -1.3968291081e-11 -3.1708308063e-14
d  2.3198108677e-03 1.6238675262e+00 -2.0000000000e-01 1.4052668117e-04 3.0000000000e+02 -1.4123290159e-11 3.8734352425e-14 1.4052661127e-11 1.4123127798e-11 -3.3908139423e-17 -3.8714335936e-14 -1.4052668185e-11 -3.1713045566e-14
d  2.3205126919e-03 1.6243588031e+00 -2.0000000000e-01 1.4155165469e-04 3.0000000000e+02 -1.4225886068e-11 3.8834644394e-14 1.4155165235e-11 1.4225723633e-11 -3.4336843777e-17 -3.8814643878e-14 -1.4155165485e-11 -3.1719404843e-14
d  2.3213548811e-03 1.6249483355e+00 -2.0000000000e-01 1.4279999018e-04 3.0000000000e+02 -1.4350840812e-11 3.8935910023e-14 1.4280000864e-11 1.4350678311e-11 -3.4853915808e-17 -3.8915913401e-14 -1.4279999020e-11 -3.1725964637e-14
d  2.3218601945e-03 1.6253020549e+00 -2.0000000000e-01 1.4355880870e-04 3.0000000000e+02 -1.4426796604e-11 3.9006586258e-14 1.4355877733e-11 1.4426634085e-11 -3.5172071743e-17 -3.8986577671e-14 -1.4355880911e-11 -3.1730469954e-14
d  2.3224665707e-03 1.6257265182e+00 -2.0000000000e-01 1.4447932812e-04 3.0000000000e+02 -1.4518938624e-11 3.9094179969e-14 1.4447900503e-11 1.4518776174e-11 -3.5551744105e-17 -3.9074097256e-14 -1.4447933089e-11 -3.1736022317e-14
d  2.3231942221e-03 1.6262358742e+00 -2.0000000000e-01 1.4559857298e-04 3.0000000000e+02 -1.4630973391e-11 3.9209691610e-14 1.4559857062e-11 1.4630810768e-11 -3.6062448367e-17 -3.9189691107e-14 -1.4559857314e-11 -3.1743395072e-14
d  2.3240674038e-03 1.6268471013e+00 -2.0000000000e-01 1.4696327091e-04 3.0000000000e+02 -1.4767578871e-11 3.9318167670e-14 1.4696326561e-11 1.4767416189e-11 -3.6628269431e-17 -3.9298166736e-14 -1.4696327109e-11 -3.1750435436e-14
d  2.3245913128e-03 1.6272138376e+00 -2.0000000000e-01 1.4779364994e-04 3.0000000000e+02 -1.4850699687e-11 3.9399564338e-14 1.4779349379e-11 1.4850537026e-11 -3.6988772431e-17 -3.9379523166e-14 -1.4779365139e-11 -3.1755614452e-14
d  2.3252200036e-03 1.6276539211e+00 -2.0000000000e-01 1.4880183011e-04 3.0000000000e+02 -1.4951618908e-11 3.9503130522e-14 1.4880175980e-11 1.4951456170e-11 -3.7447228014e-17 -3.9483113183e-14 -1.4880183083e-11 -3.1762217657e-14
d  2.3259744326e-03 1.6281820214e+00 -2.0000000000e-01 1.5002893319e-04 3.0000000000e+02 -1.5074453363e-11 3.9617674770e-14 1.5002898724e-11 1.5074290523e-11 -3.7987576704e-17 -3.9597685830e-14 -1.5002893295e-11 -3.1769568164e-14
d  2.3268797474e-03 1.6288157417e+00 -2.0000000000e-01 1.5152703948e-04 3.0000000000e+02 -1.5224416913e-11 3.9750028917e-14 1.5152708460e-11 1.5224254014e-11 -3.8653268658e-17 -3.9730036572e-14 -1.5152703932e-11 -3.1778132033e-14
d  2.3274229362e-03 1.6291959739e+00 -2.0000000000e-01 1.5243962178e-04 3.0000000000e+02 -1.5315768766e-11 3.9838980461e-14 1.5243933724e-11 1.5315605960e-11 -3.9054253207e-17 -3.9818908196e-14 -1.5243962428e-11 -3.1783798247e-14
d  2.3280747629e-03 1.6296522525e+00 -2.0000000000e-01 1.5354866258e-04 3.0000000000e+02 -1.5426787331e-11 3.9962811670e-14 1.5354899933e-11 1.5426624231e-11 -3.9613581419e-17 -3.9942891654e-14 -1.5354866003e-11 -3.1791738380e-14
d  2.3288569548e-03 1.6301997869e+00 -2.0000000000e-01 1.5490011403e-04 3.0000000000e+02 -1.5562073108e-11 4.0078644104e-14 1.5490012055e-11 1.5561910085e-11 -4.0178272323e-17 -4.0058645388e-14 -1.5490011414e-11 -3.1799174360e-14
d  2.3297955852e-03 1.6308568281e+00 -2.0000000000e-01 1.5655240341e-04 3.0000000000e+02 -1.5727475734e-11 4.0240661162e-14 1.5655245443e-11 1.5727312627e-11 -4.0978688978e-17 -4.0220669492e-14 -1.5655240322e-11 -3.1809655623e-14
d  2.3303587634e-03 1.6312510528e+00 -2.0000000000e-01 1.5756019922e-04 3.0000000000e+02 -1.5828361818e-11 4.0339402725e-14 1.5755979656e-11 1.5828198858e-11 -4.1429167009e-17 -4.0319304232e-14 -1.5756020269e-11 -3.1815950634e-14
d  2.3310345772e-03 1.6317241225e+00 -2.0000000000e-01 1.5878628078e-04 3.0000000000e+02 -1.5951100519e-11 4.0482050135e-14 1.5878629412e-11 1.5950937341e-11 -4.2064192580e-17 -4.0462053185e-14 -1.5878628084e-11 -3.1825074645e-14
d  2.3318455539e-03 1.6322918061e+00 -2.0000000000e-01 1.6028235476e-04 3.0000000000e+02 -1.6100868802e-11 4.0608662968e-14 1.6028238086e-11 1.6100705562e-11 -4.2752086534e-17 -4.0588667919e-14 -1.6028235473e-11 -3.1833350838e-14
d  2.3323321398e-03 1.6326324162e+00 -2.0000000000e-01 1.6119327461e-04 3.0000000000e+02 -1.6192059290e-11 4.0704744794e-14 1.6119328017e-11 1.6191896024e-11 -4.3202788700e-17 -4.0684746373e-14 -1.6119327472e-11 -3.1839520269e-14
d  2.3329160430e-03 1.6330411484e+00 -2.0000000000e-01 1.6229986424e-04 3.0000000000e+02 -1.6302838564e-11 4.0818284071e-14 1.6229949990e-11 1.6302675414e-11 -4.3729220812e-17 -4.0798187345e-14 -1.6229986758e-11 -3.1846785166e-14
d  2.3336167268e-03 1.6335316271e+00 -2.0000000000e-01 1.6364767740e-04 3.0000000000e+02 -1.6437767552e-11 4.0972234386e-14 1.6364767650e-11 1.6437604199e-11 -4.4439555632e-17 -4.0952234188e-14 -1.6364767757e-11 -3.1856672169e-14
d  2.3344575474e-03 1.6341202015e+00 -2.0000000000e-01 1.6529457774e-04 3.0000000000e+02 -1.6602639839e-11 4.1122950091e-14 1.6529456907e-11 1.6602476431e-11 -4.5238042161e-17 -4.1102948508e-14 -1.6529457797e-11 -3.1866499035e-14
d  2.3349620397e-03 1.6344733461e+00 -2.0000000000e-01 1.6629857022e-04 3.0000000000e+02 -1.6703150965e-11 4.1231580358e-14 1.6629858133e-11 1.6702987513e-11 -4.5757663945e-17 -4.1211583395e-14 -1.6629857029e-11 -3.1873495656e-14
d  2.3355674305e-03 1.6348971196e+00 -2.0000000000e-01 1.6751950270e-04 3.0000000000e+02 -1.6825381195e-11 4.1358570188e-14 1.6751949935e-11 1.6825217707e-11 -4.6382042995e-17 -4.1338569330e-14 -1.6751950290e-11 -3.1881701004e-14
d  2.3362938995e-03 1.6354056479e+00 -2.0000000000e-01 1.6900849861e-04 3.0000000000e+02 -1.6974449163e-11 4.1516976499e-14 1.6900870930e-11 1.6974285531e-11 -4.7164111002e-17 -4.1497021179e-14 -1.6900849710e-11 -3.1891951620e-14
d  2.3371656622e-03 1.6360158818e+00 -2.0000000000e-01 1.7083078559e-04 3.0000000000e+02 -1.7156885768e-11 4.1708084546e-14 1.7083059438e-11 1.7156722250e-11 -4.8094241123e-17 -4.1688050950e-14 -1.7083078717e-11 -3.1904271945e-14
d  2.3376887199e-03 1.6363820221e+00 -2.0000000000e-01 1.7194326402e-04 3.0000000000e+02 -1.7268261810e-11 4.1837942771e-14 1.7194328369e-11 1.7268098163e-11 -4.8721056959e-17 -4.1817947950e-14 -1.7194326402e-11 -3.1912661125e-14
d  2.3383163891e-03 1.6368213905e+00 -2.0000000000e-01 1.7329774999e-04 3.0000000000e+02 -1.7403867629e-11 4.1974551426e-14 1.7329774522e-11 1.7403703949e-11 -4.9430085706e-17 -4.1954550253e-14 -1.7329775020e-11 -3.1921551165e-14
d  2.3390695921e-03 1.6373486326e+00 -2.0000000000e-01 1.7495206066e-04 3.0000000000e+02 -1.7569492295e-11 4.2159109574e-14 1.7495207409e-11 1.7569328554e-11 -5.0336151118e-17 -4.2139112315e-14 -1.7495206073e-11 -3.1933485229e-14
d  2.3395215139e-03 1.6376649779e+00 -2.0000000000e-01 1.7596018198e-04 3.0000000000e+02 -1.7670423417e-11 4.2269285054e-14 1.7596031251e-11 1.7670259591e-11 -5.0899453106e-17 -4.2249324944e-14 -1.7596018088e-11 -3.1940652657e-14
d  2.3400638201e-03 1.6380445922e+00 -2.0000000000e-01 1.7718573781e-04 3.0000000000e+02 -1.7793124520e-11 4.2403680686e-14 1.7718575349e-11 1.7792960708e-11 -5.1564465562e-17 -4.2383685166e-14 -1.7718573784e-11 -3.1949343288e-14
d  2.3407145875e-03 1.6385001293e+00 -2.0000000000e-01 1.7867977933e-04 3.0000000000e+02 -1.7942707580e-11 4.2572904916e-14 1.7867977301e-11 1.7942543733e-11 -5.2413352670e-17 -4.2552903419e-14 -1.7867977956e-11 -3.1960322575e-14
d  2.3414955084e-03 1.6390467739e+00 -2.0000000000e-01 1.8050736503e-04 3.0000000000e+02 -1.8125687045e-11 4.2779856986e-14 1.8050742885e-11 1.8125523111e-11 -5.3454541734e-17 -4.2759869526e-14 -1.8050736470e-11 -3.1973753662e-14
d  2.3419640610e-03 1.6393747607e+00 -2.0000000000e-01 1.8162260649e-04 3.0000000000e+02 -1.8237347242e-11 4.2904104544e-14 1.8162278368e-11 1.8237183220e-11 -5.4103312540e-17 -4.2884156703e-14 -1.8162260495e-11 -3.1981862950e-14
d  2.3425263240e-03 1.6397683448e+00 -2.0000000000e-01 1.8297996362e-04 3.0000000000e+02 -1.8373249622e-11 4.3059932616e-14 1.8297998932e-11 1.8373085633e-11 -5.4877137565e-17 -4.3039939689e-14 -1.8297996357e-11 -3.1991949489e-14
d  2.3432010397e-03 1.6402406457e+00 -2.0000000000e-01 1.8463705421e-04 3.0000000000e+02 -1.8539164093e-11 4.3253912038e-14 1.8463704655e-11 1.8539000073e-11 -5.5865047754e-17 -4.3233910288e-14 -1.8463705447e-11 -3.2004566761e-14
d  2.3440106984e-03 1.6408074069e+00 -2.0000000000e-01 1.8666768791e-04 3.0000000000e+02 -1.8742481777e-11 4.3492288746e-14 1.8666775151e-11 1.8742317665e-11 -5.7080140096e-17 -4.3472300770e-14 -1.8666768759e-11 -3.2020072405e-14
d  2.3444964937e-03 1.6411474635e+00 -2.0000000000e-01 1.8790879312e-04 3.0000000000e+02 -1.8866749343e-11 4.3636247345e-14 1.8790903567e-11 1.8866585110e-11 -5.7842870086e-17 -4.3616316104e-14 -1.8790879097e-11 -3.2029494514e-14
d  2.3450794480e-03 1.6415555315e+00 -2.0000000000e-01 1.8942137282e-04 3.0000000000e+02 -1.9018200104e-11 4.3815072984e-14 1.8942140963e-11 1.9018035931e-11 -5.8746868230e-17 -4.3795082741e-14 -1.8942137266e-11 -3.2041101413e-14
d  2.3457789932e-03 1.6420452132e+00 -2.0000000000e-01 1.9127102965e-04 3.0000000000e+02 -1.9203403892e-11 4.4040660592e-14 1.9127074744e-11 1.9203239826e-11 -5.9899578957e-17 -4.4020598588e-14 -1.9127103228e-11 -3.2055781276e-14
d  2.3466184475e-03 1.6426328311e+00 -2.0000000000e-01 1.9354232246e-04 3.0000000000e+02 -1.9430829034e-11 4.4333678844e-14 1.9354243547e-11 1.9430664714e-11 -6.1362646750e-17 -4.4313699402e-14 -1.9354232174e-11 -3.2074806154e-14
d  2.3471221200e-03 1.6429854018e+00 -2.0000000000e-01 1.9493308137e-04 3.0000000000e+02 -1.9570088484e-11 4.4482475612e-14 1.9493341616e-11 1.9569924017e-11 -6.2249639583e-17 -4.4462566995e-14 -1.9493307834e-11 -3.2084726909e-14
d  2.3477265270e-03 1.6434084868e+00 -2.0000000000e-01 1.9663071804e-04 3.0000000000e+02 -1.9740077674e-11 4.4694887779e-14 1.9663076469e-11 1.9739913309e-11 -6.3325173875e-17 -4.4674899683e-14 -1.9663071780e-11 -3.2098523589e-14
d  2.3484518155e-03 1.6439161887e+00 -2.0000000000e-01 1.9871073428e-04 3.0000000000e+02 -1.9948358943e-11 4.4960370008e-14 1.9871072480e-11 1.9948194557e-11 -6.4717544816e-17 -4.4940368002e-14 -1.9871073457e-11 -3.2115883590e-14
d  2.3488869886e-03 1.6442208098e+00 -2.0000000000e-01 1.9998186901e-04 3.0000000000e+02 -2.0075645002e-11 4.5122285528e-14 1.9998203544e-11 2.0075480493e-11 -6.5581225433e-17 -4.5102338261e-14 -1.9998186746e-11 -3.2126500487e-14
d  2.3494091963e-03 1.6445863551e+00 -2.0000000000e-01 2.0153089866e-04 3.0000000000e+02 -2.0230759963e-11 4.5316656817e-14 2.0153115426e-11 2.0230595372e-11 -6.6619080303e-17 -4.5296732546e-14 -2.0153089625e-11 -3.2139239598e-14
d  2.3500358455e-03 1.6450250096e+00 -2.0000000000e-01 2.0342492041e-04 3.0000000000e+02 -2.0420423954e-11 4.5560924800e-14 2.0342498093e-11 2.0420259420e-11 -6.7904322456e-17 -4.5540939668e-14 -2.0342492004e-11 -3.2155210989e-14
d  2.3507878245e-03 1.6455513949e+00 -2.0000000000e-01 2.0575037144e-04 3.0000000000e+02 -2.0653294481e-11 4.5867049815e-14 2.0575036329e-11 2.0653129931e-11 -6.9535915292e-17 -4.5847048157e-14 -2.0575037171e-11 -3.2175280788e-14
d  2.3512390120e-03 1.6458672261e+00 -2.0000000000e-01 2.0717411729e-04 3.0000000000e+02 -2.0795870554e-11 4.6056586278e-14 2.0717434534e-11 2.0795705845e-11 -7.0564510075e-17 -4.6036655862e-14 -2.0717411510e-11 -3.2187748969e-14
d  2.3517804369e-03 1.6462462235e+00 -2.0000000000e-01 2.0891185600e-04 3.0000000000e+02 -2.0969892523e-11 4.6283700584e-14 2.0891221019e-11 2.0969727708e-11 -7.1798468287e-17 -4.6263801625e-14 -2.0891185259e-11 -3.2202680646e-14
d  2.3524301468e-03 1.6467010204e+00 -2.0000000000e-01 2.1104076466e-04 3.0000000000e+02 -2.1183090739e-11 4.6570256469e-14 2.1104083391e-11 2.1182926031e-11 -7.3329707608e-17 -4.6550272839e-14 -2.1104076422e-11 -3.2221467629e-14
d  2.3532097987e-03 1.6472467768e+00 -2.0000000000e-01 2.1366096246e-04 3.0000000000e+02 -2.1445493934e-11 4.6931809636e-14 2.1366114220e-11 2.1445329110e-11 -7.5296218686e-17 -4.6911844811e-14 -2.1366096109e-11 -3.2245261713e-14
d  2.3536775899e-03 1.6475742305e+00 -2.0000000000e-01 2.1526865765e-04 3.0000000000e+02 -2.1606501433e-11 4.7170004813e-14 2.1526897197e-11 2.1606336502e-11 -7.6515484394e-17 -4.7150097153e-14 -2.1526865456e-11 -3.2260788848e-14
d  2.3542389392e-03 1.6479671751e+00 -2.0000000000e-01 2.1723457966e-04 3.0000000000e+02 -2.1803388514e-11 4.7419402081e-14 2.1723507869e-11 2.1803223438e-11 -7.8022758790e-17 -4.7399539119e-14 -2.1723457477e-11 -3.2277489277e-14
d  2.3549125585e-03 1.6484387085e+00 -2.0000000000e-01 2.1964863771e-04 3.0000000000e+02 -2.2045160083e-11 4.7765208269e-14 2.1964870451e-11 2.2044995201e-11 -7.9870952031e-17 -4.7745223464e-14 -2.1964863729e-11 -3.2300167670e-14
d  2.3557209016e-03 1.6490045486e+00 -2.0000000000e-01 2.2262844070e-04 3.0000000000e+02 -2.2343599155e-11 4.8199248590e-14 2.2262851643e-11 2.2343434211e-11 -8.2268800075e-17 -4.8179262840e-14 -2.2262844025e-11 -3.2328814555e-14
d  2.3562059074e-03 1.6493440527e+00 -2.0000000000e-01 2.2446155137e-04 3.0000000000e+02 -2.2527196471e-11 4.8464380139e-14 2.2446198060e-11 2.2527031289e-11 -8.3779165948e-17 -4.8444501513e-14 -2.2446154707e-11 -3.2346405120e-14
d  2.3567879144e-03 1.6497514576e+00 -2.0000000000e-01 2.2670815522e-04 3.0000000000e+02 -2.2752211621e-11 4.8791147706e-14 2.2670887658e-11 2.2752046226e-11 -8.5620885976e-17 -4.8771338338e-14 -2.2670814803e-11 -3.2368039577e-14
d  2.3574863229e-03 1.6502403435e+00 -2.0000000000e-01 2.2947463214e-04 3.0000000000e+02 -2.3029302357e-11 4.9202297310e-14 2.2947468885e-11 2.3029137300e-11 -8.7901395111e-17 -4.9182309719e-14 -2.2947463182e-11 -3.2395171892e-14
d  2.3583244130e-03 1.6508270066e+00 -2.0000000000e-01 2.3290152555e-04 3.0000000000e+02 -2.3372550337e-11 4.9732772784e-14 2.3290149240e-11 2.3372385275e-11 -9.0888816043e-17 -4.9712766788e-14 -2.3290152609e-11 -3.2430309307e-14
d  2.3588272671e-03 1.6511790044e+00 -2.0000000000e-01 2.3501638613e-04 3.0000000000e+02 -2.3584386794e-11 5.0059410702e-14 2.3501693707e-11 2.3584221344e-11 -9.2790847054e-17 -5.0039560611e-14 -2.3501638051e-11 -3.2452075227e-14
d  2.3594306919e-03 1.6516014018e+00 -2.0000000000e-01 2.3761544858e-04 3.0000000000e+02 -2.3844729194e-11 5.0456646026e-14 2.3761652842e-11 2.3844563377e-11 -9.5105888287e-17 -5.0436920557e-14 -2.3761543759e-11 -3.2478536945e-14
d  2.3601548018e-03 1.6521082787e+00 -2.0000000000e-01 2.4082704300e-04 3.0000000000e+02 -2.4166436203e-11 5.0963695491e-14 2.4082709484e-11 2.4166270960e-11 -9.7978817731e-17 -5.0943706395e-14 -2.4082704273e-11 -3.2512125371e-14
d  2.3610237336e-03 1.6527165309e+00 -2.0000000000e-01 2.4482278128e-04 3.0000000000e+02 -2.4566705385e-11 5.1626580016e-14 2.4482271940e-11 2.4566540153e-11 -1.0180186313e-16 -5.1606569265e-14 -2.4482278210e-11 -3.2556231975e-14
d  2.3615450927e-03 1.6530814823e+00 -2.0000000000e-01 2.4729847269e-04 3.0000000000e+02 -2.4814713417e-11 5.2034833817e-14 2.4729894316e-11 2.4814547811e-11 -1.0423390372e-16 -5.2014956952e-14 -2.4729846787e-11 -3.2583549469e-14
d  2.3621707236e-03 1.6535194239e+00 -2.0000000000e-01 2.5035150861e-04 3.0000000000e+02 -2.5120566471e-11 5.2538679818e-14 2.5035318790e-11 2.5120400040e-11 -1.0727220111e-16 -5.2519090367e-14 -2.5035149110e-11 -3.2617348182e-14
d  2.3629214807e-03 1.6540449538e+00 -2.0000000000e-01 2.5414058933e-04 3.0000000000e+02 -2.5500168730e-11 5.3173270772e-14 2.5414065318e-11 2.5500003283e-11 -1.1097050338e-16 -5.3153283678e-14 -2.5414058894e-11 -3.2659591748e-14
d  2.3638223893e-03 1.6546755898e+00 -2.0000000000e-01 2.5888114825e-04 3.0000000000e+02 -2.5975114239e-11 5.4025607106e-14 2.5888111731e-11 2.5974948792e-11 -1.1602640193e-16 -5.4005601945e-14 -2.5888114881e-11 -3.2716612327e-14
d  2.3643629344e-03 1.6550539713e+00 -2.0000000000e-01 2.6183320065e-04 3.0000000000e+02 -2.6270885384e-11 5.4549597032e-14 2.6183333205e-11 2.6270719791e-11 -1.1922840336e-16 -5.4529630096e-14 -2.6183319947e-11 -3.2751835011e-14
d  2.3650115885e-03 1.6555080292e+00 -2.0000000000e-01 2.6548990465e-04 3.0000000000e+02 -2.6637269198e-11 5.5212362071e-14 2.6548992742e-11 2.6637103632e-11 -1.2325638391e-16 -5.5192367422e-14 -2.6548990466e-11 -3.2796347511e-14
d  2.3657899735e-03 1.6560528986e+00 -2.0000000000e-01 2.7005402348e-04 3.0000000000e+02 -2.7094591195e-11 5.6061076572e-14 2.7005413337e-11 2.7094425512e-11 -1.2845944738e-16 -5.6041097897e-14 -2.7005402261e-11 -3.2853458300e-14
d  2.3667240354e-03 1.6567067420e+00 -2.0000000000e-01 2.7580616577e-04 3.0000000000e+02 -2.7670983637e-11 5.7157119955e-14 2.7580652392e-11 2.7670817704e-11 -1.3524807539e-16 -5.7137177228e-14 -2.7580616245e-11 -3.2927358404e-14
d  2.3678449098e-03 1.6574913540e+00 -2.0000000000e-01 2.8314754652e-04 3.0000000000e+02 -2.8406676794e-11 5.8602874058e-14 2.8314784511e-11 2.8406510814e-11 -1.4430866760e-16 -5.8582913290e-14 -2.8314754382e-11 -3.3025060325e-14
d  2.3685174344e-03 1.6579621212e+00 -2.0000000000e-01 2.8780355870e-04 3.0000000000e+02 -2.8873297146e-11 5.9551932531e-14 2.8780530375e-11 2.8873130041e-11 -1.5048735110e-16 -5.9532280628e-14 -2.8780353995e-11 -3.3089687331e-14
d  2.3693244639e-03 1.6585270418e+00 -2.0000000000e-01 2.9366657283e-04 3.0000000000e+02 -2.9460915460e-11 6.0764461759e-14 2.9366672932e-11 2.9460749486e-11 -1.5824921871e-16 -6.0744490860e-14 -2.9366657142e-11 -3.3171929547e-14
d  2.3702928994e-03 1.6592049466e+00 -2.0000000000e-01 3.0114292276e-04 3.0000000000e+02 -3.0210287453e-11 6.2399659827e-14 3.0114350563e-11 3.0210121060e-11 -1.6888522733e-16 -6.2379748977e-14 -3.0114291680e-11 -3.3283289041e-14
d  2.3714550219e-03 1.6600184323e+00 -2.0000000000e-01 3.1083597606e-04 3.0000000000e+02 -3.1181939436e-11 6.4574712923e-14 3.1083591424e-11 3.1181773488e-11 -1.8327729650e-16 -6.4554705177e-14 -3.1083597704e-11 -3.3431881593e-14
d  2.3728495689e-03 1.6609946152e+00 -2.0000000000e-01 3.2369113647e-04 3.0000000000e+02 -3.2470737726e-11 6.7634327669e-14 3.2369044053e-11 3.2470572283e-11 -2.0392417544e-16 -6.7614256611e-14 -3.2369114461e-11 -3.3641782452e-14
d  2.3736862971e-03 1.6615803249e+00 -2.0000000000e-01 3.3214495537e-04 3.0000000000e+02 -3.3318394707e-11 6.9752755511e-14 3.3214658320e-11 3.3318227077e-11 -2.1896333802e-16 -6.9733010491e-14 -3.3214493659e-11 -3.3788636068e-14
d  2.3746903710e-03 1.6622831766e+00 -2.0000000000e-01 3.4316133643e-04 3.0000000000e+02 -3.4423128298e-11 7.2608075794e-14 3.4316161784e-11 3.4422961803e-11 -2.3923529907e-16 -7.2588116744e-14 -3.4316133339e-11 -3.3986566763e-14
d  2.3758952596e-03 1.6631265986e+00 -2.0000000000e-01 3.5788505725e-04 3.0000000000e+02 -3.5899875315e-11 7.6684583008e-14 3.5788683711e-11 3.5899707156e-11 -2.6875552944e-16 -7.6664794074e-14 -3.5788503547e-11 -3.4270474103e-14
d  2.3773411260e-03 1.6641387050e+00 -2.0000000000e-01 3.7828568937e-04 3.0000000000e+02 -3.7946452285e-11 8.2717580165e-14 3.7828531210e-11 3.7946286311e-11 -3.1379214100e-16 -8.2697544034e-14 -3.7828569478e-11 -3.4693405213e-14
d  2.3790761656e-03 1.6653532327e+00 -2.0000000000e-01 4.0816014571e-04 3.0000000000e+02 -4.0944401975e-11 9.2472280187e-14 4.0815906735e-11 4.0944236923e-11 -3.8977789361e-16 -9.2452198136e-14 -4.0816016242e-11 -3.5383941260e-14
d  2.3801171894e-03 1.6660819493e+00 -2.0000000000e-01 4.2986448507e-04 3.0000000000e+02 -4.3123252289e-11 1.0026085162e-13 4.2986273013e-11 4.3123087969e-11 -4.5593342389e-16 -1.0024064210e-13 -4.2986451207e-11 -3.5946408235e-14
d  2.3807418036e-03 1.6665191792e+00 -2.0000000000e-01 4.4464920409e-04 3.0000000000e+02 -4.4607842636e-11 1.0592490340e-13 4.4464910029e-11 4.4607676110e-11 -5.0649897849e-16 -1.0590488165e-13 -4.4464920617e-11 -3.6360539754e-14
d  2.3814913408e-03 1.6670438552e+00 -2.0000000000e-01 4.6464320999e-04 3.0000000000e+02 -4.6615968061e-11 1.1396834119e-13 4.6464274053e-11 4.6615801964e-11 -5.7824078626e-16 -1.1394824997e-13 -4.6464321811e-11 -3.6948727236e-14
d  2.3823907853e-03 1.6676734663e+00 -2.0000000000e-01 4.9285780017e-04 3.0000000000e+02 -4.9450638023e-11 1.2617541962e-13 4.9285956848e-11 4.9450468686e-11 -6.9077630474e-16 -1.2615569822e-13 -4.9285777010e-11 -3.7849155349e-14
d  2.3829304520e-03 1.6680512330e+00 -2.0000000000e-01 5.1256566119e-04 3.0000000000e+02 -5.1431311344e-11 1.3527409630e-13 5.1256517277e-11 5.1431145223e-11 -7.8095834836e-16 -1.3525397788e-13 -5.1256567058e-11 -3.8533155382e-14
d  2.3832542521e-03 1.6682778930e+00 -2.0000000000e-01 5.2561079567e-04 3.0000000000e+02 -5.2742665790e-11 1.4159024599e-13 5.2560874710e-11 5.2742501728e-11 -8.4597064996e-16 -1.4156939099e-13 -5.2561083840e-11 -3.9012963630e-14
d  2.3836428121e-03 1.6685498851e+00 -2.0000000000e-01 5.4272855059e-04 3.0000000000e+02 -5.4463736695e-11 1.5017354549e-13 5.4272847025e-11 5.4463569953e-11 -9.3435119693e-16 -1.5015351425e-13 -5.4272855280e-11 -3.9665386410e-14
d  2.3841090842e-03 1.6688762755e+00 -2.0000000000e-01 5.6581646685e-04 3.0000000000e+02 -5.6785654266e-11 1.6220317080e-13 5.6581655639e-11 5.6785487243e-11 -1.0616412954e-15 -1.6218319941e-13 -5.6581646558e-11 -4.0586879441e-14
d  2.3843888474e-03 1.6690721097e+00 -2.0000000000e-01 5.8123336020e-04 3.0000000000e+02 -5.8336511209e-11 1.7062840477e-13 5.8123328333e-11 5.8336344416e-11 -1.1556465388e-15 -1.7060836755e-13 -5.8123336256e-11 -4.1242313503e-14
d  2.3847245633e-03 1.6693071108e+00 -2.0000000000e-01 6.0160614961e-04 3.0000000000e+02 -6.0386346482e-11 1.8215819823e-13 6.0160586387e-11 6.0386179994e-11 -1.2858260857e-15 -1.8213806929e-13 -6.0160615684e-11 -4.2142627651e-14
d  2.3851274223e-03 1.6695891122e+00 -2.0000000000e-01 6.2934036125e-04 3.0000000000e+02 -6.3177671996e-11 1.9858080417e-13 6.2933991962e-11 6.3177505772e-11 -1.4766609518e-15 -1.9856064045e-13 -6.2934037204e-11 -4.3436459269e-14
d  2.3853691378e-03 1.6697583129e+00 -2.0000000000e-01 6.4802035800e-04 3.0000000000e+02 -6.5058293324e-11 2.1013448884e-13 6.4802028329e-11 6.5058126471e-11 -1.6192861683e-15 -2.1011444688e-13 -6.4802036059e-11 -4.4364147833e-14
d  2.3856591963e-03 1.6699613539e+00 -2.0000000000e-01 6.7290945438e-04 3.0000000000e+02 -6.7564636810e-11 2.2607429111e-13 6.7290949133e-11 6.7564469750e-11 -1.8188206628e-15 -2.2605431045e-13 -6.7290945409e-11 -4.5650032078e-14
d  2.3860072665e-03 1.6702050030e+00 -2.0000000000e-01 7.0718242674e-04 3.0000000000e+02 -7.1017097563e-11 2.4906611696e-13 7.0718194544e-11 7.1016931440e-11 -2.1159275964e-15 -2.4904591005e-13 -7.0718243996e-11 -4.7524531221e-14
d  2.3862161086e-03 1.6703511925e+00 -2.0000000000e-01 7.3051809345e-04 3.0000000000e+02 -7.3368621210e-11 2.6544226355e-13 7.3051784264e-11 7.3368454641e-11 -2.3419925965e-15 -2.6542210028e-13 -7.3051810162e-11 -4.8889990090e-14
d  2.3864667192e-03 1.6705266199e+00 -2.0000000000e-01 7.6193972186e-04 3.0000000000e+02 -7.6535865978e-11 2.8828136849e-13 7.6193954358e-11 7.6535699273e-11 -2.6626861997e-15 -2.8826126036e-13 -7.6193972795e-11 -5.0806094486e-14
d  2.3867674519e-03 1.6707371328e+00 -2.0000000000e-01 8.0585747807e-04 3.0000000000e+02 -8.0964436048e-11 3.2174178194e-13 8.0585690823e-11 8.0964270183e-11 -3.1500427011e-15 -3.2172149816e-13 -8.0585749582e-11 -5.3650634129e-14
d  2.3871283311e-03 1.6709897482e+00 -2.0000000000e-01 8.7068854738e-04 3.0000000000e+02 -8.7505442517e-11 3.7427629943e-13 8.7068709019e-11 8.7505278916e-11 -3.9596159555e-15 -3.7425570808e-13 -8.7068859345e-11 -5.8211310531e-14
d  2.3873448586e-03 1.6711413175e+00 -2.0000000000e-01 9.1795264598e-04 3.0000000000e+02 -9.2276924308e-11 4.1499698658e-13 9.1795220593e-11 9.2276758247e-11 -4.6519137742e-15 -4.1497671431e-13 -9.1795266207e-11 -6.1883815615e-14
d  2.3876046916e-03 1.6713232006e+00 -2.0000000000e-01 9.8630588231e-04 3.0000000000e+02 -9.9180925085e-11 4.7690464462e-13 9.8630558710e-11 9.9180758727e-11 -5.7401949209e-15 -4.7688447526e-13 -9.8630589395e-11 -6.7544742160e-14
d  2.3879164913e-03 1.6715414603e+00 -2.0000000000e-01 1.0929572867e-03 3.0000000000e+02 -1.0996123819e-10 5.8041039097e-13 1.0929555577e-10 1.0996107637e-10 -7.6816390614e-15 -5.8038958769e-13 -1.0929573551e-10 -7.7271611984e-14
d  2.3881035710e-03 1.6716724161e+00 -2.0000000000e-01 1.1752787440e-03 3.0000000000e+02 -1.1828955024e-10 6.6625487030e-13 1.1752777716e-10 1.1828938610e-10 -9.5036274622e-15 -6.6623417931e-13 -1.1752787873e-10 -8.5792328244e-14
d  2.3883280668e-03 1.6718295631e+00 -2.0000000000e-01 1.3023424043e-03 3.0000000000e+02 -1.3115399576e-10 8.0688642930e-13 1.3023397309e-10 1.3115383811e-10 -1.2641929584e-14 -8.0686467750e-13 -1.3023425311e-10 -1.0008517476e-13
d  2.3884627642e-03 1.6719238514e+00 -2.0000000000e-01 1.3994276003e-03 3.0000000000e+02 -1.4099235057e-10 9.2158257635e-13 1.3994272795e-10 1.4099218454e-10 -1.5506080049e-14 -9.2156225626e-13 -1.3994276188e-10 -1.1239887365e-13
d  2.3886244011e-03 1.6720369972e+00 -2.0000000000e-01 1.5474202596e-03 3.0000000000e+02 -1.5600096942e-10 1.1057784329e-12 1.5474193243e-10 1.5600080607e-10 -2.0334112452e-14 -1.1057575698e-12 -1.5474203145e-10 -1.3267274849e-13
d  2.3888183655e-03 1.6721727722e+00 -2.0000000000e-01 1.7995394143e-03 3.0000000000e+02 -1.8160000121e-10 1.4442077871e-12 1.7995394822e-10 1.8159983364e-10 -3.0019695987e-14 -1.4441878374e-12 -1.7995394117e-10 -1.7169597904e-13
d  2.3889347440e-03 1.6722542372e+00 -2.0000000000e-01 2.0133128880e-03 3.0000000000e+02 -2.0334034047e-10 1.7572322007e-12 2.0133117866e-10 2.0334017923e-10 -4.0522912848e-14 -1.7572109520e-12 -2.0133129713e-10 -2.1114520529e-13
d  2.3890743984e-03 1.6723519952e+00 -2.0000000000e-01 2.3845554713e-03 3.0000000000e+02 -2.4114720410e-10 2.3414889504e-12 2.3845505670e-10 2.4114707044e-10 -6.1732816376e-14 -2.3414638894e-12 -2.3845558973e-10 -2.8830004504e-13
d  2.3891581909e-03 1.6724106500e+00 -2.0000000000e-01 2.7068157350e-03 3.0000000000e+02 -2.7403255450e-10 2.8966467359e-12 2.7068137184e-10 2.7403240195e-10 -8.5262812490e-14 -2.8966235527e-12 -2.7068159392e-10 -3.6898932492e-13
d  2.3892587420e-03 1.6724810358e+00 -2.0000000000e-01 3.2842390913e-03 3.0000000000e+02 -3.3305927017e-10 3.9672534466e-12 3.2842350043e-10 3.3305914168e-10 -1.3461530168e-13 -3.9672275966e-12 -3.2842395838e-10 -5.3334647134e-13
d  2.3893794034e-03 1.6725654987e+00 -2.0000000000e-01 4.6665422890e-03 3.0000000000e+02 -4.7482886581e-10 6.8605834225e-12 4.6665388259e-10 4.7482876041e-10 -2.8937175515e-13 -6.8605598894e-12 -4.6665429777e-10 -1.0245645969e-12
d  2.3894518002e-03 1.6726161765e+00 -2.0000000000e-01 6.4881040278e-03 3.0000000000e+02 -6.6278587186e-10 1.1424546132e-11 6.4880964391e-10 6.6278588790e-10 -6.0155476086e-13 -1.1424514414e-11 -6.4881060827e-10 -1.9492342468e-12
d  2.3894952382e-03 1.6726465831e+00 -2.0000000000e-01 8.5518199208e-03 3.0000000000e+02 -8.7722835621e-10 1.7550284552e-11 8.5518187033e-10 8.7722822276e-10 -1.1094609470e-12 -1.7550261151e-11 -8.5518203279e-10 -3.3865462801e-12
d  2.3895473639e-03 1.6726830711e+00 -2.0000000000e-01 1.4549432526e-02 3.0000000000e+02 -1.5045336160e-09 3.7928761404e-11 1.4549426035e-09 1.5045339873e-09 -3.0149939307e-12 -3.7928730977e-11 -1.4549438159e-09 -8.6464300022e-12
d  2.3895786393e-03 1.6727049639e+00 -2.0000000000e-01 2.4567378848e-02 3.0000000000e+02 -2.5672131493e-09 8.0967253748e-11 2.4567397642e-09 2.5672096715e-09 -7.8839715041e-12 -8.0967262093e-11 -2.4567344941e-09 -2.1624006855e-11
d  2.3895974046e-03 1.6727180996e+00 -2.0000000000e-01 3.7687842267e-02 3.0000000000e+02 -3.9795161448e-09 1.4941945156e-10 3.7687840765e-09 3.9795162998e-09 -1.6691661946e-11 -1.4941942549e-10 -3.7687845661e-09 -4.4620273765e-11
d  2.3896086637e-03 1.6727259810e+00 -2.0000000000e-01 5.1021851373e-02 3.0000000000e+02 -5.4260664758e-09 2.2523857819e-10 5.1021849575e-09 5.4260666854e-09 -2.7101823721e-11 -2.2523854120e-10 -5.1021855512e-09 -7.1540880855e-11
d  2.3896221747e-03 1.6727354387e+00 -2.0000000000e-01 7.6864250874e-02 3.0000000000e+02 -8.2101310239e-09 3.5814133029e-10 7.6864233096e-09 8.2101402557e-09 -4.5812247070e-11 -3.5814123275e-10 -7.6864347061e-09 -1.1975209033e-10
d  2.3896383879e-03 1.6727467879e+00 -2.0000000000e-01 1.2583977063e-01 3.0000000000e+02 -1.3378472132e-08 5.3614979397e-10 1.2583977053e-08 1.3378464170e-08 -7.1858083691e-11 -5.3614968664e-10 -1.2583969373e-08 -1.8648730069e-10
d  2.3896578437e-03 1.6727604070e+00 -2.0000000000e-01 1.9675988350e-01 3.0000000000e+02 -2.0534496735e-08 5.7543073878e-10 1.9675985612e-08 2.0534359934e-08 -7.8947737680e-11 -5.7542956188e-10 -1.9675853086e-08 -2.0412937061e-10
d  2.3896695172e-03 1.6727685784e+00 -2.0000000000e-01 2.3610606025e-01 3.0000000000e+02 -2.4314824705e-08 4.7225661557e-10 2.3610605192e-08 2.4314836600e-08 -6.4692664521e-11 -4.7225655666e-10 -2.3610618214e-08 -1.6726768830e-10
d  2.3896835254e-03 1.6727783841e+00 -2.0000000000e-01 2.7232467144e-01 3.0000000000e+02 -2.7698314731e-08 3.1271970633e-10 2.7232466385e-08 2.7698323626e-08 -4.2700246844e-11 -3.1271963077e-10 -2.7232476346e-08 -1.1042806849e-10
d  2.3897003352e-03 1.6727901510e+00 -2.0000000000e-01 2.9942523213e-01 3.0000000000e+02 -3.0176553008e-08 1.5726524160e-10 2.9942522329e-08 3.0176562655e-08 -2.1402494254e-11 -1.5726515914e-10 -2.9942533174e-08 -5.5361877418e-11
d  2.3897205070e-03 1.6728042712e+00 -2.0000000000e-01 3.1550112034e-01 3.0000000000e+02 -3.1626573615e-08 5.1421268698e-11 3.1550111637e-08 3.1626577671e-08 -6.9812952934e-12 -5.1421223750e-11 -3.1550116335e-08 -1.8058870196e-11
d  2.3897447131e-03 1.6728212155e+00 -2.0000000000e-01 3.2253740293e-01 3.0000000000e+02 -3.2257013005e-08 2.1961240963e-12 3.2253739662e-08 3.2257019677e-08 -3.0174608315e-13 -2.1960709829e-12 -3.2253747225e-08 -7.7464022111e-13
d  2.3897737605e-03 1.6728415487e+00 -2.0000000000e-01 3.2423879027e-01 3.0000000000e+02 -3.2409224707e-08 -9.8720433080e-12 3.2423877502e-08 3.2409242257e-08 1.3312016114e-12 9.8721266375e-12 -3.2423896895e-08 3.4512803223e-12
d  2.3898086173e-03 1.6728659485e+00 -2.0000000000e-01 3.2386338127e-01 3.0000000000e+02 -3.2375884089e-08 -7.0513289275e-12 3.2386338465e-08 3.2375879559e-08 9.4648561639e-13 7.0513383094e-12 -3.2386333776e-08 2.4563293541e-12
d  2.3898504455e-03 1.6728952282e+00 -2.0000000000e-01 3.2324317833e-01 3.0000000000e+02 -3.2320695917e-08 -2.4584385784e-12 3.2324318616e-08 3.2320684295e-08 3.2222599506e-13 2.4584407462e-12 -3.2324306374e-08 8.4144168421e-13
d  2.3899006394e-03 1.6729303639e+00 -2.0000000000e-01 3.2294501082e-01 3.0000000000e+02 -3.2294332396e-08 -1.3696337802e-13 3.2294501502e-08 3.2294325231e-08 6.7131680937e-15 1.3697683237e-13 -3.2294494102e-08 2.5207289113e-14
d  2.3899608720e-03 1.6729725268e+00 -2.0000000000e-01 3.2290873039e-01 3.0000000000e+02 -3.2291440983e-08 3.5824202202e-13 3.2290876457e-08 3.2291375779e-08 -6.0607731452e-14 -3.5825509423e-13 -3.2290807943e-08 -1.4896699353e-13
d  2.3900331512e-03 1.6730231222e+00 -2.0000000000e-01 3.2296468586e-01 3.0000000000e+02 -3.2296866608e-08 2.4392820375e-13 3.2296465342e-08 3.2296937387e-08 -4.5047628894e-14 -2.4389272639e-13 -3.2296539626e-08 -1.0870331510e-13
d  2.3901198861e-03 1.6730838366e+00 -2.0000000000e-01 3.2302908347e-01 3.0000000000e+02 -3.2303133398e-08 1.2782301732e-13 3.2302904381e-08 3.2303233718e-08 -2.9272637747e-14 -1.2780053601e-13 -3.2303008915e-08 -6.7875052562e-14
d  2.3902239681e-03 1.6731566940e+00 -2.0000000000e-01 3.2309093596e-01 3.0000000000e+02 -3.2309272743e-08 9.6943311540e-14 3.2309089866e-08 3.2309383080e-08 -2.5084316055e-14 -9.6934202201e-14 -3.2309204158e-08 -5.7022638659e-14
d  2.3903488665e-03 1.6732441229e+00 -2.0000000000e-01 3.2315970048e-01 3.0000000000e+02 -3.2316152054e-08 9.8842361360e-14 3.2315965770e-08 3.2316301260e-08 -2.5350654036e-14 -9.8847943239e-14 -3.2316119461e-08 -5.7694616586e-14
d  2.3904987445e-03 1.6733490375e+00 -2.0000000000e-01 3.2324210168e-01 3.0000000000e+02 -3.2324397069e-08 1.0215552171e-13 3.2324209973e-08 3.2324404992e-08 -2.5817638670e-14 -1.0213720934e-13 -3.2324218290e-08 -5.8877069081e-14
d  2.3906785982e-03 1.6734749350e+00 -2.0000000000e-01 3.2334139072e-01 3.0000000000e+02 -3.2334326828e-08 1.0260387802e-13 3.2334138801e-08 3.2334340146e-08 -2.5892118398e-14 -1.0258687257e-13 -3.2334152588e-08 -5.9044716063e-14
d  2.3908944225e-03 1.6736260121e+00 -2.0000000000e-01 3.2346072258e-01 3.0000000000e+02 -3.2346260044e-08 1.0264439883e-13 3.2346071875e-08 3.2346282963e-08 -2.5908878340e-14 -1.0262947940e-13 -3.2346095374e-08 -5.9057357813e-14
d  2.3911534118e-03 1.6738073046e+00 -2.0000000000e-01 3.2360392397e-01 3.0000000000e+02 -3.2360580093e-08 1.0257631792e-13 3.2360391848e-08 3.2360620298e-08 -2.5914149067e-14 -1.0256474007e-13 -3.2360432795e-08 -5.9034235788e-14
d  2.3914641989e-03 1.6740248555e+00 -2.0000000000e-01 3.2377576664e-01 3.0000000000e+02 -3.2377764370e-08 1.0257307418e-13 3.2377575957e-08 3.2377828440e-08 -2.5931188955e-14 -1.0256540032e-13 -3.2377640923e-08 -5.9034165275e-14
d  2.3918371434e-03 1.6742859167e+00 -2.0000000000e-01 3.2398199277e-01 3.0000000000e+02 -3.2398387008e-08 1.0257734433e-13 3.2398198397e-08 3.2398486905e-08 -2.5952813901e-14 -1.0257462720e-13 -3.2398299358e-08 -5.9037083821e-14
d  2.3922846769e-03 1.6745991901e+00 -2.0000000000e-01 3.2422948855e-01 3.0000000000e+02 -3.2423136613e-08 1.0258020154e-13 3.2422947747e-08 3.2423296712e-08 -2.5978553729e-14 -1.0258471787e-13 -3.2423109130e-08 -5.9040045219e-14
d  2.3928217170e-03 1.6749751181e+00 -2.0000000000e-01 3.2452651905e-01 3.0000000000e+02 -3.2452839694e-08 1.0258772991e-13 3.2452650471e-08 3.2453109140e-08 -2.6009578175e-14 -1.0260380634e-13 -3.2452921516e-08 -5.9043918898e-14
d  2.3934661651e-03 1.6754262318e+00 -2.0000000000e-01 3.2488300819e-01 3.0000000000e+02 -3.2488488643e-08 1.0259287520e-13 3.2488300737e-08 3.2488509131e-08 -2.6047593606e-14 -1.0257526929e-13 -3.2488321505e-08 -5.9048283994e-14
d  2.3942395029e-03 1.6759675682e+00 -2.0000000000e-01 3.2531083087e-01 3.0000000000e+02 -3.2531270992e-08 1.0257814408e-13 3.2531082968e-08 3.2531312086e-08 -2.6089704904e-14 -1.0256225413e-13 -3.2531124378e-08 -5.9046348136e-14
d  2.3951675082e-03 1.6766171719e+00 -2.0000000000e-01 3.2582436019e-01 3.0000000000e+02 -3.2582623997e-08 1.0259994739e-13 3.2582435847e-08 3.2582711899e-08 -2.6145365257e-14 -1.0258743817e-13 -3.2582524114e-08 -5.9057024173e-14
d  2.3962811146e-03 1.6773966964e+00 -2.0000000000e-01 3.2644074008e-01 3.0000000000e+02 -3.2644262054e-08 1.0260346008e-13 3.2644073768e-08 3.2644461442e-08 -2.6209316947e-14 -1.0259787596e-13 -3.2644273581e-08 -5.9062214326e-14
d  2.3976174423e-03 1.6783321257e+00 -2.0000000000e-01 3.2718061191e-01 3.0000000000e+02 -3.2718249325e-08 1.0261322388e-13 3.2718061179e-08 3.2718270347e-08 -2.6287059220e-14 -1.0259451812e-13 -3.2718082413e-08 -5.9069620186e-14
d  2.3992210355e-03 1.6794546409e+00 -2.0000000000e-01 3.2806875223e-01 3.0000000000e+02 -3.2807063486e-08 1.0262118599e-13 3.2806875212e-08 3.2807154349e-08 -2.6380136289e-14 -1.0260586831e-13 -3.2806966282e-08 -5.9077933415e-14
d  2.4011453474e-03 1.6808016591e+00 -2.0000000000e-01 3.2913498299e-01 3.0000000000e+02 -3.2913686694e-08 1.0263710795e-13 3.2913498282e-08 3.2913617064e-08 -2.6493084004e-14 -1.0261410953e-13 -3.2913428873e-08 -5.9089582150e-14
d  2.4034545216e-03 1.6824180810e+00 -2.0000000000e-01 3.3041509126e-01 3.0000000000e+02 -3.3041697695e-08 1.0265092381e-13 3.3041509118e-08 3.3041680149e-08 -2.6628583745e-14 -1.0263029634e-13 -3.3041491783e-08 -5.9102260939e-14
d  2.4062255307e-03 1.6843577872e+00 -2.0000000000e-01 3.3195215551e-01 3.0000000000e+02 -3.3195404314e-08 1.0267060160e-13 3.3195215497e-08 3.3195323810e-08 -2.6792495743e-14 -1.0264818245e-13 -3.3195135251e-08 -5.9118375731e-14
d  2.4095507415e-03 1.6866854347e+00 -2.0000000000e-01 3.3379795948e-01 3.0000000000e+02 -3.3379984953e-08 1.0269207991e-13 3.3379795873e-08 3.3379883049e-08 -2.6990224374e-14 -1.0266953263e-13 -3.3379694249e-08 -5.9137121644e-14
d  2.4135409946e-03 1.6894786117e+00 -2.0000000000e-01 3.3601484343e-01 3.0000000000e+02 -3.3601673636e-08 1.0271844953e-13 3.3601484337e-08 3.3601665898e-08 -2.7229470095e-14 -1.0269829244e-13 -3.3601476808e-08 -5.9160026430e-14
d  2.4183292982e-03 1.6928304241e+00 -2.0000000000e-01 3.3867787247e-01 3.0000000000e+02 -3.3867976886e-08 1.0274971368e-13 3.3867787239e-08 3.3867964188e-08 -2.7519149518e-14 -1.0272949880e-13 -3.3867774753e-08 -5.9187333851e-14
d  2.4240752626e-03 1.6968525990e+00 -2.0000000000e-01 3.4187747129e-01 3.0000000000e+02 -3.4187937189e-08 1.0278581945e-13 3.4187747099e-08 3.4187869873e-08 -2.7870335782e-14 -1.0276487102e-13 -3.4187680018e-08 -5.9219720532e-14
d  2.4309704199e-03 1.7016792088e+00 -2.0000000000e-01 3.4572268516e-01 3.0000000000e+02 -3.4572459086e-08 1.0282831075e-13 3.4572268501e-08 3.4572378599e-08 -2.8296967526e-14 -1.0280737995e-13 -3.4572188235e-08 -5.9258526993e-14
d  2.4392446086e-03 1.7074711407e+00 -2.0000000000e-01 3.5034508259e-01 3.0000000000e+02 -3.5034699442e-08 1.0287665712e-13 3.5034508239e-08 3.5034817980e-08 -2.8815753331e-14 -1.0285778115e-13 -3.5034627002e-08 -5.9304554283e-14
d  2.4491736351e-03 1.7144214589e+00 -2.0000000000e-01 3.5590347897e-01 3.0000000000e+02 -3.5590539817e-08 1.0292947031e-13 3.5590347741e-08 3.5590792665e-08 -2.9447708310e-14 -1.0291141854e-13 -3.5590600949e-08 -5.9358194400e-14
d  2.4610884669e-03 1.7227618407e+00 -2.0000000000e-01 3.6258942068e-01 3.0000000000e+02 -3.6259134872e-08 1.0298062469e-13 3.6258942064e-08 3.6259137508e-08 -3.0219871009e-14 -1.0296064218e-13 -3.6258944912e-08 -5.9418211649e-14
d  2.4682373659e-03 1.7277660698e+00 -2.0000000000e-01 3.6660779865e-01 3.0000000000e+02 -3.6660973149e-08 1.0297032345e-13 3.6660779836e-08 3.6660990452e-08 -3.0683716904e-14 -1.0295048009e-13 -3.6660797377e-08 -5.9440265617e-14
d  2.4768160448e-03 1.7337711447e+00 -2.0000000000e-01 3.7143681914e-01 3.0000000000e+02 -3.7143875818e-08 1.0298680099e-13 3.7143681876e-08 3.7143894107e-08 -3.1250473537e-14 -1.0296695251e-13 -3.7143700414e-08 -5.9476819240e-14
d  2.4871104594e-03 1.7409772346e+00 -2.0000000000e-01 3.7724320018e-01 3.0000000000e+02 -3.7724514725e-08 1.0303820918e-13 3.7724320008e-08 3.7724518784e-08 -3.1945024776e-14 -1.0301823743e-13 -3.7724324290e-08 -5.9531670227e-14
d  2.4932871082e-03 1.7453008885e+00 -2.0000000000e-01 3.8073332247e-01 3.0000000000e+02 -3.8073527441e-08 1.0307069038e-13 3.8073332229e-08 3.8073533479e-08 -3.2365891493e-14 -1.0305075019e-13 -3.8073338497e-08 -5.9565240764e-14
d  2.5006990868e-03 1.7504892732e+00 -2.0000000000e-01 3.8492790509e-01 3.0000000000e+02 -3.8492986295e-08 1.0311165594e-13 3.8492790486e-08 3.8492993247e-08 -3.2875444663e-14 -1.0309171899e-13 -3.8492797674e-08 -5.9606207875e-14
d  2.5095934610e-03 1.7567153349e+00 -2.0000000000e-01 3.8997081761e-01 3.0000000000e+02 -3.8997278267e-08 1.0316272617e-13 3.8997081760e-08 3.8997278523e-08 -3.3492880992e-14 -1.0314272928e-13 -3.8997082232e-08 -5.9655909893e-14
d  2.5202667101e-03 1.7641866089e+00 -2.0000000000e-01 3.9603597048e-01 3.0000000000e+02 -3.9603794426e-08 1.0322688553e-13 3.9603597044e-08 3.9603795162e-08 -3.4241445620e-14 -1.0320689089e-13 -3.9603597999e-08 -5.9715984152e-14
d  2.5266706596e-03 1.7686693733e+00 -2.0000000000e-01 3.9968225202e-01 3.0000000000e+02 -3.9968423109e-08 1.0326413986e-13 3.9968225181e-08 3.9968427844e-08 -3.4694033004e-14 -1.0324418145e-13 -3.9968230153e-08 -5.9752154231e-14
d  2.5343553990e-03 1.7740486906e+00 -2.0000000000e-01 4.0406493554e-01 3.0000000000e+02 -4.0406692100e-08 1.0331209485e-13 4.0406493528e-08 4.0406697781e-08 -3.5240664868e-14 -1.0329214042e-13 -4.0406499452e-08 -5.9795834294e-14
d  2.5435770862e-03 1.7805038713e+00 -2.0000000000e-01 4.0933446464e-01 3.0000000000e+02 -4.0933645783e-08 1.0337053131e-13 4.0933446464e-08 4.0933645656e-08 -3.5901292721e-14 -1.0335053163e-13 -4.0933446556e-08 -5.9848352467e-14
d  2.5546431109e-03 1.7882500882e+00 -2.0000000000e-01 4.1567277765e-01 3.0000000000e+02 -4.1567478020e-08 1.0344254000e-13 4.1567277758e-08 4.1567479375e-08 -3.6699635629e-14 -1.0342254792e-13 -4.1567279341e-08 -5.9911635014e-14
d  2.5612827257e-03 1.7928978183e+00 -2.0000000000e-01 4.1948353545e-01 3.0000000000e+02 -4.1948554364e-08 1.0348685451e-13 4.1948353521e-08 4.1948558669e-08 -3.7180915340e-14 -1.0346688784e-13 -4.1948358072e-08 -5.9949465830e-14
d  2.5692502634e-03 1.7984750945e+00 -2.0000000000e-01 4.2406412752e-01 3.0000000000e+02 -4.2406614250e-08 1.0354078466e-13 4.2406412721e-08 4.2406619541e-08 -3.7760746511e-14 -1.0352082200e-13 -4.2406418265e-08 -5.9994931527e-14
d  2.5788113087e-03 1.8051678259e+00 -2.0000000000e-01 4.2957187626e-01 3.0000000000e+02 -4.2957389946e-08 1.0360746359e-13 4.2957187625e-08 4.2957389859e-08 -3.8460030500e-14 -1.0358746411e-13 -4.2957187762e-08 -6.0049483620e-14
d  2.5902845631e-03 1.8131991035e+00 -2.0000000000e-01 4.3619701452e-01 3.0000000000e+02 -4.3619904763e-08 1.0368894033e-13 4.3619701441e-08 4.3619906362e-08 -3.9302191786e-14 -1.0366894837e-13 -4.3619703276e-08 -6.0114786163e-14
d  2.5971685158e-03 1.8180178701e+00 -2.0000000000e-01 4.4018032989e-01 3.0000000000e+02 -4.4018236896e-08 1.0374027600e-13 4.4018032961e-08 4.4018241107e-08 -3.9808459849e-14 -1.0372030459e-13 -4.4018037426e-08 -6.0153683376e-14
d  2.6054292589e-03 1.8238003900e+00 -2.0000000000e-01 4.4496839537e-01 3.0000000000e+02 -4.4497044159e-08 1.0379889152e-13 4.4496839500e-08 4.4497049423e-08 -4.0416685046e-14 -1.0377892405e-13 -4.4496845028e-08 -6.0199934115e-14
d  2.6153421507e-03 1.8307394139e+00 -2.0000000000e-01 4.5072571430e-01 3.0000000000e+02 -4.5072776920e-08 1.0387650147e-13 4.5072571429e-08 4.5072776918e-08 -4.1149715745e-14 -1.0385650235e-13 -4.5072571657e-08 -6.0256084466e-14
d  2.6272376208e-03 1.8390662426e+00 -2.0000000000e-01 4.5765121534e-01 3.0000000000e+02 -4.5765328069e-08 1.0397142527e-13 4.5765121527e-08 4.5765328902e-08 -4.2029757939e-14 -1.0395142929e-13 -4.5765122597e-08 -6.0323352550e-14
d  2.6343749029e-03 1.8440623398e+00 -2.0000000000e-01 4.6181521074e-01 3.0000000000e+02 -4.6181728235e-08 1.0403023969e-13 4.6181521040e-08 4.6181732599e-08 -4.2557358135e-14 -1.0401026555e-13 -4.6181525669e-08 -6.0363407671e-14
d  2.6429396414e-03 1.8500576565e+00 -2.0000000000e-01 4.6682056531e-01 3.0000000000e+02 -4.6682264450e-08 1.0410365793e-13 4.6682056531e-08 4.6682264280e-08 -4.3191957565e-14 -1.0408365801e-13 -4.6682056594e-08 -6.0411580580e-14
d  2.6532173276e-03 1.8572520365e+00 -2.0000000000e-01 4.7283922417e-01 3.0000000000e+02 -4.7284131244e-08 1.0419252208e-13 4.7283922414e-08 4.7284131395e-08 -4.3952898145e-14 -1.0417252351e-13 -4.7283922801e-08 -6.0468979056e-14
d  2.6655505511e-03 1.8658852925e+00 -2.0000000000e-01 4.8007910021e-01 3.0000000000e+02 -4.8008119944e-08 1.0430485849e-13 4.8007910008e-08 4.8008121293e-08 -4.4865768906e-14 -1.0428486378e-13 -4.8007911605e-08 -6.0537786457e-14
d  2.6729504851e-03 1.8710652460e+00 -2.0000000000e-01 4.8443211769e-01 3.0000000000e+02 -4.8443422348e-08 1.0437412027e-13 4.8443211728e-08 4.8443427026e-08 -4.5411786619e-14 -1.0435414437e-13 -4.8443216682e-08 -6.0578821331e-14
d  2.6818304060e-03 1.8772811903e+00 -2.0000000000e-01 4.8966466801e-01 3.0000000000e+02 -4.8966678175e-08 1.0446114518e-13 4.8966466801e-08 4.8966678012e-08 -4.6069325850e-14 -1.0444114529e-13 -4.8966466874e-08 -6.0628101446e-14
d  2.6924863111e-03 1.8847403235e+00 -2.0000000000e-01 4.9595650922e-01 3.0000000000e+02 -4.9595863251e-08 1.0456712530e-13 4.9595650917e-08 4.9595863659e-08 -4.6856551056e-14 -1.0454712751e-13 -4.9595651568e-08 -6.0687053492e-14
d  2.6988798541e-03 1.8892158034e+00 -2.0000000000e-01 4.9973825919e-01 3.0000000000e+02 -4.9974038822e-08 1.0463351844e-13 4.9973825902e-08 4.9974040534e-08 -4.7328407999e-14 -1.0461352857e-13 -4.9973827870e-08 -6.0722284467e-14
d  2.7065521057e-03 1.8945863793e+00 -2.0000000000e-01 5.0428289129e-01 3.0000000000e+02 -5.0428502721e-08 1.0471436567e-13 5.0428289095e-08 5.0428506202e-08 -4.7894203959e-14 -1.0469438366e-13 -5.0428292849e-08 -6.0764485792e-14
d  2.7157588077e-03 1.9010310703e+00 -2.0000000000e-01 5.0974579195e-01 3.0000000000e+02 -5.0974793620e-08 1.0481519973e-13 5.0974579195e-08 5.0974793474e-08 -4.8573529630e-14 -1.0479519991e-13 -5.0974579291e-08 -6.0815092498e-14
d  2.7268068501e-03 1.9087646996e+00 -2.0000000000e-01 5.1631462754e-01 3.0000000000e+02 -5.1631678179e-08 1.0493894123e-13 5.1631462745e-08 5.1631678916e-08 -4.9388260046e-14 -1.0491894426e-13 -5.1631463733e-08 -6.0875597048e-14
d  2.7334356755e-03 1.9134048772e+00 -2.0000000000e-01 5.2026286824e-01 3.0000000000e+02 -5.2026502852e-08 1.0501620354e-13 5.2026286805e-08 5.2026504755e-08 -4.9876938736e-14 -1.0499621338e-13 -5.2026288970e-08 -6.0911753864e-14
d  2.7413902660e-03 1.9189730902e+00 -2.0000000000e-01 5.2500757716e-01 3.0000000000e+02 -5.2500974468e-08 1.0510989439e-13 5.2500757677e-08 5.2500978348e-08 -5.0463009182e-14 -1.0508991199e-13 -5.2500761840e-08 -6.0955061129e-14
d  2.7509357746e-03 1.9256549459e+00 -2.0000000000e-01 5.3071098084e-01 3.0000000000e+02 -5.3071315711e-08 1.0522746256e-13 5.3071098083e-08 5.3071315595e-08 -5.1168122329e-14 -1.0520746283e-13 -5.3071098213e-08 -6.1007085594e-14
d  2.7623903849e-03 1.9336731727e+00 -2.0000000000e-01 5.3756899213e-01 3.0000000000e+02 -5.3757117895e-08 1.0537082437e-13 5.3756899202e-08 5.3757118816e-08 -5.2014858053e-14 -1.0535082758e-13 -5.3756900381e-08 -6.1069175430e-14
d  2.7692631511e-03 1.9384841088e+00 -2.0000000000e-01 5.4169103174e-01 3.0000000000e+02 -5.4169322492e-08 1.0546110284e-13 5.4169103153e-08 5.4169324400e-08 -5.2523721496e-14 -1.0544111153e-13 -5.4169105330e-08 -6.1106355621e-14
d  2.7775104705e-03 1.9442572322e+00 -2.0000000000e-01 5.4664458363e-01 3.0000000000e+02 -5.4664678448e-08 1.0556873514e-13 5.4664458361e-08 5.4664678435e-08 -5.3135533713e-14 -1.0554873583e-13 -5.4664458600e-08 -6.1150757725e-14
d  2.7874072538e-03 1.9511849801e+00 -2.0000000000e-01 5.5259900155e-01 3.0000000000e+02 -5.5260121164e-08 1.0570423400e-13 5.5259900153e-08 5.5260121101e-08 -5.3872139106e-14 -1.0568423441e-13 -5.5259900341e-08 -6.1204161015e-14
d  2.7992833938e-03 1.9594982777e+00 -2.0000000000e-01 5.5975878768e-01 3.0000000000e+02 -5.5976100897e-08 1.0586916781e-13 5.5975878766e-08 5.5976100837e-08 -5.4760234385e-14 -1.0584916815e-13 -5.5975878959e-08 -6.1267834192e-14
d  2.8064090778e-03 1.9644862562e+00 -2.0000000000e-01 5.6406217344e-01 3.0000000000e+02 -5.6406440149e-08 1.0597119472e-13 5.6406217321e-08 5.6406442117e-08 -5.5295553122e-14 -1.0595120256e-13 -5.6406219564e-08 -6.1305825552e-14
d  2.8149598986e-03 1.9704718305e+00 -2.0000000000e-01 5.6923360923e-01 3.0000000000e+02 -5.6923584545e-08 1.0609613019e-13 5.6923360922e-08 5.6923584367e-08 -5.5941160232e-14 -1.0607613025e-13 -5.6923360999e-08 -6.1351414745e-14
d  2.8252208835e-03 1.9776545196e+00 -2.0000000000e-01 5.7544986735e-01 3.0000000000e+02 -5.7545211347e-08 1.0624942087e-13 5.7544986733e-08 5.7545211368e-08 -5.6721321159e-14 -1.0622942146e-13 -5.7544987011e-08 -6.1406021173e-14
d  2.8375340655e-03 1.9862737465e+00 -2.0000000000e-01 5.8292437053e-01 3.0000000000e+02 -5.8292662866e-08 1.0643819513e-13 5.8292437052e-08 5.8292662714e-08 -5.7666749073e-14 -1.0641819523e-13 -5.8292437157e-08 -6.1471164548e-14
d  2.8449219746e-03 1.9914452827e+00 -2.0000000000e-01 5.8741686176e-01 3.0000000000e+02 -5.8741912717e-08 1.0655526532e-13 5.8741686151e-08 5.8741914793e-08 -5.8239453432e-14 -1.0653527253e-13 -5.8741688510e-08 -6.1510207597e-14
d  2.8537874656e-03 1.9976511260e+00 -2.0000000000e-01 5.9281549897e-01 3.0000000000e+02 -5.9281777322e-08 1.0669565625e-13 5.9281549897e-08 5.9281777153e-08 -5.8932972331e-14 -1.0667565634e-13 -5.9281549987e-08 -6.1556860155e-14
d  2.8571430000e-03 2.0000000000e+00 -2.0000000000e-01 5.9486100943e-01 3.0000000000e+02 -5.9486328704e-08 1.0674998791e-13 5.9486100718e-08 5.9486348530e-08 -5.9197305524e-14 -1.0673010968e-13 -5.9486121028e-08 -6.1574346463e-14
d  2.8611696413e-03 2.0028186487e+00 -2.0000000000e-01 5.9731717650e-01 3.0000000000e+02 -5.9731945817e-08 1.0681575424e-13 5.9731717404e-08 5.9731967370e-08 -5.9516095686e-14 -1.0679588641e-13 -5.9731739463e-08 -6.1595479754e-14
d  2.8660016108e-03 2.0062010272e+00 -2.0000000000e-01 6.0026680543e-01 3.0000000000e+02 -6.0026909200e-08 1.0689516511e-13 6.0026680286e-08 6.0026931795e-08 -5.9900946097e-14 -1.0687527999e-13 -6.0026703398e-08 -6.1620733883e-14
d  2.8717999742e-03 2.0102598814e+00 -2.0000000000e-01 6.0380955266e-01 3.0000000000e+02 -6.0381184517e-08 1.0699153563e-13 6.0380955001e-08 6.0381207790e-08 -6.0366348182e-14 -1.0697163347e-13 -6.0380978802e-08 -6.1650997204e-14
d  2.8787580103e-03 2.0151305065e+00 -2.0000000000e-01 6.0806541752e-01 3.0000000000e+02 -6.0806771720e-08 1.0710860331e-13 6.0806541472e-08 6.0806796228e-08 -6.0930355488e-14 -1.0708868821e-13 -6.0806566522e-08 -6.1687214081e-14
d  2.8871076536e-03 2.0209752565e+00 -2.0000000000e-01 6.1317896541e-01 3.0000000000e+02 -6.1318127381e-08 1.0725061698e-13 6.1317896537e-08 6.1318127467e-08 -6.1615751397e-14 -1.0723061779e-13 -6.1317896890e-08 -6.1730385635e-14
d  2.8971272256e-03 2.0279889565e+00 -2.0000000000e-01 6.1932444735e-01 3.0000000000e+02 -6.1932676635e-08 1.0742316149e-13 6.1932444734e-08 6.1932676548e-08 -6.2451725776e-14 -1.0740316176e-13 -6.1932444913e-08 -6.1781529497e-14
d  2.9091507120e-03 2.0364053966e+00 -2.0000000000e-01 6.2671229062e-01 3.0000000000e+02 -6.2671462265e-08 1.0763579379e-13 6.2671229061e-08 6.2671462090e-08 -6.3477278081e-14 -1.0761579384e-13 -6.2671229153e-08 -6.1843574503e-14
d  2.9163648038e-03 2.0414552606e+00 -2.0000000000e-01 6.3115185579e-01 3.0000000000e+02 -6.3115419576e-08 1.0776490809e-13 6.3115185268e-08 6.3115446166e-08 -6.4105003427e-14 -1.0774498012e-13 -6.3115212436e-08 -6.1880226947e-14
d  2.9250217140e-03 2.0475150975e+00 -2.0000000000e-01 6.3648604347e-01 3.0000000000e+02 -6.3648839314e-08 1.0792194581e-13 6.3648604343e-08 6.3648839459e-08 -6.4872016302e-14 -1.0790194667e-13 -6.3648604761e-08 -6.1924222883e-14
d  2.9354100063e-03 2.0547869017e+00 -2.0000000000e-01 6.4289662334e-01 3.0000000000e+02 -6.4289898487e-08 1.0811350462e-13 6.4289662332e-08 6.4289898443e-08 -6.5814004632e-14 -1.0809350494e-13 -6.4289662559e-08 -6.1976696066e-14
d  2.9478759570e-03 2.0635130667e+00 -2.0000000000e-01 6.5060289430e-01 3.0000000000e+02 -6.5060527045e-08 1.0834571596e-13 6.5060289429e-08 6.5060526945e-08 -6.6978769153e-14 -1.0832571613e-13 -6.5060289601e-08 -6.2039189475e-14
d  2.9553555274e-03 2.0687487657e+00 -2.0000000000e-01 6.5523368648e-01 3.0000000000e+02 -6.5523607161e-08 1.0848734020e-13 6.5523368295e-08 6.5523636662e-08 -6.7697183325e-14 -1.0846740977e-13 -6.5523398421e-08 -6.2076393190e-14
d  2.9643310119e-03 2.0750316046e+00 -2.0000000000e-01 6.6079754328e-01 3.0000000000e+02 -6.6079993943e-08 1.0865994216e-13 6.6079754323e-08 6.6079994158e-08 -6.8580601479e-14 -1.0863994307e-13 -6.6079754816e-08 -6.2121270175e-14
d  2.9751015933e-03 2.0825710112e+00 -2.0000000000e-01 6.6748388249e-01 3.0000000000e+02 -6.6748629217e-08 1.0886684488e-13 6.6748388246e-08 6.6748629225e-08 -6.9673485018e-14 -1.0884684526e-13 -6.6748388531e-08 -6.2173761497e-14
d  2.9880262909e-03 2.0916182991e+00 -2.0000000000e-01 6.7552130899e-01 3.0000000000e+02 -6.7552373550e-08 1.0911974277e-13 6.7552130895e-08 6.7552373659e-08 -7.1037793832e-14 -1.0909974322e-13 -6.7552131285e-08 -6.2236824106e-14
d  2.9957811096e-03 2.0970466718e+00 -2.0000000000e-01 6.8035089361e-01 3.0000000000e+02 -6.8035333051e-08 1.0927264308e-13 6.8035088964e-08 6.8035365601e-08 -7.1886205390e-14 -1.0925270953e-13 -6.8035122188e-08 -6.2274077632e-14
d  3.0050868919e-03 2.1035607191e+00 -2.0000000000e-01 6.8615333957e-01 3.0000000000e+02 -6.8615578929e-08 1.0945733791e-13 6.8615333901e-08 6.8615583370e-08 -7.2936521335e-14 -1.0943734655e-13 -6.8615338677e-08 -6.2318628048e-14
d  3.0162538307e-03 2.1113775759e+00 -2.0000000000e-01 6.9312612158e-01 3.0000000000e+02 -6.9312858718e-08 1.0968131972e-13 6.9312612155e-08 6.9312858753e-08 -7.4247257289e-14 -1.0966132009e-13 -6.9312612473e-08 -6.2371552385e-14
d  3.0296541572e-03 2.1207578040e+00 -2.0000000000e-01 7.0150738192e-01 3.0000000000e+02 -7.0150986740e-08 1.0995182707e-13 7.0150738184e-08 7.0150987212e-08 -7.5899807225e-14 -1.0993182791e-13 -7.0150738946e-08 -6.2434335924e-14
d  3.0376943531e-03 2.1263859409e+00 -2.0000000000e-01 7.0654331544e-01 3.0000000000e+02 -7.0654581331e-08 1.1011568512e-13 7.0654331489e-08 7.0654585650e-08 -7.6936721417e-14 -1.1009569303e-13 -7.0654336147e-08 -6.2471543612e-14
d  3.0473425883e-03 2.1331397051e+00 -2.0000000000e-01 7.1259339383e-01 3.0000000000e+02 -7.1259590705e-08 1.1031157303e-13 7.1259339324e-08 7.1259595300e-08 -7.8229583146e-14 -1.1029158071e-13 -7.1259344263e-08 -6.2515616655e-14
d  3.0589204704e-03 2.1412442222e+00 -2.0000000000e-01 7.1986336497e-01 3.0000000000e+02 -7.1986589738e-08 1.1054959575e-13 7.1986336495e-08 7.1986589710e-08 -7.9857155863e-14 -1.1052959599e-13 -7.1986336755e-08 -6.2568278890e-14
d  3.0728139290e-03 2.1509696427e+00 -2.0000000000e-01 7.2860127896e-01 3.0000000000e+02 -7.2860383560e-08 1.1083589172e-13 7.2860127896e-08 7.2860383359e-08 -8.1930145263e-14 -1.1081589174e-13 -7.2860127982e-08 -6.2630549454e-14
d  3.0811500041e-03 2.1568048950e+00 -2.0000000000e-01 7.3385120095e-01 3.0000000000e+02 -7.3385377281e-08 1.1100748956e-13 7.3385120029e-08 7.3385382287e-08 -8.3242144564e-14 -1.1098749734e-13 -7.3385125390e-08 -6.2667242987e-14
d  3.0911532943e-03 2.1638071978e+00 -2.0000000000e-01 7.4015808353e-01 3.0000000000e+02 -7.4016067439e-08 1.1121406477e-13 7.4015808285e-08 7.4016072647e-08 -8.4889684420e-14 -1.1119407215e-13 -7.4015813852e-08 -6.2711020893e-14
d  3.1031572425e-03 2.1722099611e+00 -2.0000000000e-01 7.4773616796e-01 3.0000000000e+02 -7.4773878272e-08 1.1146092124e-13 7.4773616795e-08 7.4773878199e-08 -8.6980294958e-14 -1.1144092140e-13 -7.4773617015e-08 -6.2762601894e-14
d  3.1175619803e-03 2.1822932771e+00 -2.0000000000e-01 7.5684369832e-01 3.0000000000e+02 -7.5684634353e-08 1.1175591108e-13 7.5684369828e-08 7.5684634433e-08 -8.9667809254e-14 -1.1173591135e-13 -7.5684370206e-08 -6.2823416730e-14
d  3.1262048230e-03 2.1883432667e+00 -2.0000000000e-01 7.6231530153e-01 3.0000000000e+02 -7.6231796600e-08 1.1193128533e-13 7.6231530078e-08 7.6231802263e-08 -9.1381975863e-14 -1.1191129274e-13 -7.6231536111e-08 -6.2859022754e-14
d  3.1365762343e-03 2.1956032542e+00 -2.0000000000e-01 7.6888805072e-01 3.0000000000e+02 -7.6889073936e-08 1.1213948952e-13 7.6888804995e-08 7.6889079759e-08 -9.3547460515e-14 -1.1211949645e-13 -7.6888811191e-08 -6.2901007978e-14
d  3.1490219277e-03 2.2043152392e+00 -2.0000000000e-01 7.7678502638e-01 3.0000000000e+02 -7.7678774570e-08 1.1238857014e-13 7.7678502636e-08 7.7678774501e-08 -9.6314512820e-14 -1.1236857028e-13 -7.7678502867e-08 -6.2950964627e-14
d  3.1639567599e-03 2.2147696212e+00 -2.0000000000e-01 7.8627503949e-01 3.0000000000e+02 -7.8627779821e-08 1.1268323451e-13 7.8627503948e-08 7.8627779658e-08 -9.9898834134e-14 -1.1266323456e-13 -7.8627504086e-08 -6.3009639626e-14
d  3.1729176593e-03 2.2210422504e+00 -2.0000000000e-01 7.9197600553e-01 3.0000000000e+02 -7.9197878933e-08 1.1285586492e-13 7.9197600471e-08 7.9197885096e-08 -1.0219915311e-13 -1.1283587164e-13 -7.9197607017e-08 -6.3043603032e-14
d  3.1836707384e-03 2.2285694055e+00 -2.0000000000e-01 7.9882389431e-01 3.0000000000e+02 -7.9882670978e-08 1.1306057811e-13 7.9882389347e-08 7.9882677319e-08 -1.0511895740e-13 -1.1304058439e-13 -7.9882396076e-08 -6.3083895610e-14
d  3.1965744334e-03 2.2376019915e+00 -2.0000000000e-01 8.0705085330e-01 3.0000000000e+02 -8.0705370915e-08 1.1330161027e-13 8.0705085316e-08 8.0705371804e-08 -1.0886831663e-13 -1.1328161113e-13 -8.0705086523e-08 -6.3131269018e-14
d  3.2120588675e-03 2.2484410948e+00 -2.0000000000e-01 8.1693656548e-01 3.0000000000e+02 -8.1693947355e-08 1.1358328017e-13 8.1693656548e-08 8.1693947176e-08 -1.1375012220e-13 -1.1356328020e-13 -8.1693656676e-08 -6.3186654381e-14
d  3.2213495279e-03 2.2549445568e+00 -2.0000000000e-01 8.2287481746e-01 3.0000000000e+02 -8.2287775894e-08 1.1374653124e-13 8.2287481660e-08 8.2287782343e-08 -1.1689545396e-13 -1.1372653703e-13 -8.2287488502e-08 -6.3218653740e-14
d  3.2324983204e-03 2.2627487111e+00 -2.0000000000e-01 8.3000735662e-01 3.0000000000e+02 -8.3001034045e-08 1.1393887859e-13 8.3000735573e-08 8.3001040628e-08 -1.2089849394e-13 -1.1391888394e-13 -8.3000742554e-08 -6.3256698254e-14
d  3.2458768714e-03 2.2721136963e+00 -2.0000000000e-01 8.3857561946e-01 3.0000000000e+02 -8.3857865749e-08 1.1416002151e-13 8.3857561855e-08 8.3857872580e-08 -1.2605129876e-13 -1.1414002599e-13 -8.3857569089e-08 -6.3300285248e-14
d  3.2619311325e-03 2.2833516786e+00 -2.0000000000e-01 8.4887055218e-01 3.0000000000e+02 -8.4887366055e-08 1.1441683563e-13 8.4887055210e-08 8.4887366482e-08 -1.3277562100e-13 -1.1439683596e-13 -8.4887055958e-08 -6.3351548354e-14
d  3.2811962460e-03 2.2968372573e+00 -2.0000000000e-01 8.6124253040e-01 3.0000000000e+02 -8.6124573145e-08 1.1470759162e-13 8.6124253039e-08 8.6124572979e-08 -1.4169137833e-13 -1.1468759164e-13 -8.6124253190e-08 -6.3409919752e-14
d  3.3043143821e-03 2.3130199518e+00 -2.0000000000e-01 8.7611390994e-01 3.0000000000e+02 -8.7611723541e-08 1.1503441688e-13 8.7611390993e-08 8.7611723341e-08 -1.5373698976e-13 -1.1501441689e-13 -8.7611391113e-08 -6.3476461654e-14
d  3.3320561454e-03 2.3324391852e+00 -2.0000000000e-01 8.9399399970e-01 3.0000000000e+02 -8.9399749598e-08 1.1539797443e-13 8.9399399970e-08 8.9399749381e-08 -1.7037524582e-13 -1.1537797443e-13 -8.9399400076e-08 -6.3551657777e-14
d  3.3653462614e-03 2.3557422652e+00 -2.0000000000e-01 9.1549727414e-01 3.0000000000e+02 -9.1550101126e-08 1.1579824952e-13 9.1549727413e-08 9.1550100977e-08 -1.9397068038e-13 -1.1577824953e-13 -9.1549727592e-08 -6.3636022587e-14
d  3.4052944006e-03 2.3837059612e+00 -2.0000000000e-01 9.4136548767e-01 3.0000000000e+02 -9.4136957555e-08 1.1623683059e-13 9.4136548766e-08 9.4136957327e-08 -2.2850843424e-13 -1.1621683059e-13 -9.4136548871e-08 -6.3730196933e-14
d  3.4532321677e-03 2.4172623965e+00 -2.0000000000e-01 9.7249377528e-01 3.0000000000e+02 -9.7249839417e-08 1.1671143516e-13 9.7249377528e-08 9.7249839216e-08 -2.8102461777e-13 -1.1669143516e-13 -9.7249377667e-08 -6.3833552789e-14
d  3.5107574881e-03 2.4575301188e+00 -2.0000000000e-01 1.0099634218e+00 3.0000000000e+02 -1.0099688834e-07 1.1722635243e-13 1.0099634211e-07 1.0099689347e-07 -3.6465644761e-13 -1.1720635270e-13 -1.0099634766e-07 -6.3947066515e-14
d  3.5714290000e-03 2.5000001750e+00 -2.0000000000e-01 1.0496094555e+00 3.0000000000e+02 -1.0496161330e-07 1.1772026877e-13 1.0496094543e-07 1.0496162193e-07 -4.8564445788e-13 -1.1770026905e-13 -1.0496095453e-07 -6.4056600179e-14
d  3.6442348143e-03 2.5509642424e+00 -2.0000000000e-01 1.0973689559e+00 3.0000000000e+02 -1.0973777185e-07 1.1834381032e-13 1.0973689556e-07 1.0973777426e-07 -6.9336781965e-13 -1.1832381036e-13 -1.0973689836e-07 -6.4204457840e-14
d  3.7316017914e-03 2.6121211234e+00 -2.0000000000e-01 1.1549302176e+00 3.0000000000e+02 -1.1549428268e-07 1.1902565563e-13 1.1549302170e-07 1.1549428681e-07 -1.0771782761e-12 -1.1900565564e-13 -1.1549302626e-07 -6.4362698164e-14
d  3.8364421639e-03 2.6855093805e+00 -2.0000000000e-01 1.2242451144e+00 3.0000000000e+02 -1.2242655019e-07 1.1960456067e-13 1.2242451129e-07 1.2242656217e-07 -1.8543060530e-12 -1.1958456058e-13 -1.2242452381e-07 -6.4469460113e-14
d  3.9622506110e-03 2.7735752890e+00 -2.0000000000e-01 1.3077801525e+00 3.0000000000e+02 -1.3078183294e-07 1.2048164835e-13 1.3077801521e-07 1.3078183658e-07 -3.6321731235e-12 -1.2046164829e-13 -1.3077801931e-07 -6.4640378835e-14
d  4.1132207474e-03 2.8792543793e+00 -2.0000000000e-01 1.4084040101e+00 3.0000000000e+02 -1.4084904586e-07 1.2154156481e-13 1.4084040093e-07 1.4084905308e-07 -8.4581041767e-12 -1.2152156467e-13 -1.4084040867e-07 -6.4789189630e-14
d  4.2857140000e-03 2.9999996500e+00 -2.0000000000e-01 1.5241092184e+00 3.0000000000e+02 -1.5243875720e-07 1.2507773705e-13 1.5241092181e-07 1.5243875978e-07 -2.7644630884e-11 -1.2505773697e-13 -1.5241092488e-07 -6.5211699036e-14
d  4.3374619758e-03 3.0362232312e+00 -2.0000000000e-01 1.5590078274e+00 3.0000000000e+02 -1.5594845447e-07 1.3059286043e-13 1.5590078273e-07 1.5594845507e-07 -4.7475051943e-11 -1.3057286034e-13 -1.5590078380e-07 -6.5647947369e-14
d  4.3685107612e-03 3.0579573800e+00 -2.0000000000e-01 1.5799174906e+00 3.0000000000e+02 -1.5807257540e-07 1.4163671855e-13 1.5799174906e-07 1.5807257522e-07 -8.0618010098e-11 -1.4161671851e-13 -1.5799174934e-07 -6.6256403747e-14
d  4.3731680790e-03 3.0612175023e+00 -2.0000000000e-01 1.5830537914e+00 3.0000000000e+02 -1.5839615113e-07 1.5055854636e-13 1.5830537914e-07 1.5839615133e-07 -9.0554151598e-11 -1.5053854573e-13 -1.5830537980e-07 -6.6831218984e-14
d  4.3787568604e-03 3.0651296490e+00 -2.0000000000e-01 1.5868167518e+00 3.0000000000e+02 -1.5879252874e-07 1.7214393767e-13 1.5868167518e-07 1.5879252862e-07 -1.1061278727e-10 -1.7212393734e-13 -1.5868167552e-07 -6.8189933855e-14
d  4.3821101293e-03 3.0674769371e+00 -2.0000000000e-01 1.5890736853e+00 3.0000000000e+02 -1.5904424919e-07 2.1525256024e-13 1.5890736853e-07 1.5904424901e-07 -1.3659405882e-10 -2.1523255979e-13 -1.5890736882e-07 -7.0898610197e-14
d  4.3841220906e-03 3.0688853099e+00 -2.0000000000e-01 1.5904262579e+00 3.0000000000e+02 -1.5922098604e-07 3.3098842551e-13 1.5904262579e-07 1.5922098585e-07 -1.7795067965e-10 -3.3096842466e-13 -1.5904262607e-07 -7.8139190735e-14
d  4.3847256789e-03 3.0693078218e+00 -2.0000000000e-01 1.5908313078e+00 3.0000000000e+02 -1.5928541231e-07 4.2579915515e-13 1.5908313076e-07 1.5928541363e-07 -2.0177128410e-10 -4.2577913663e-13 -1.5908313256e-07 -8.4015015285e-14
d  4.3854499850e-03 3.0698148360e+00 -2.0000000000e-01 1.5913151342e+00 3.0000000000e+02 -1.5939774501e-07 7.6443788835e-13 1.5913151341e-07 1.5939774553e-07 -2.6536172292e-10 -7.6441787358e-13 -1.5913151441e-07 -1.0499210630e-13
d  4.3856672768e-03 3.0699669403e+00 -2.0000000000e-01 1.5914591071e+00 3.0000000000e+02 -1.5944911437e-07 1.0079788332e-12 1.5914591053e-07 1.5944912921e-07 -3.0207535619e-10 -1.0079583615e-12 -1.5914592603e-07 -1.1989068849e-13
d  4.3859280270e-03 3.0701494654e+00 -2.0000000000e-01 1.5916292532e+00 3.0000000000e+02 -1.5954989788e-07 1.6576819387e-12 1.5916292521e-07 1.5954990655e-07 -3.8515491147e-10 -1.6576615954e-12 -1.5916293446e-07 -1.5958364423e-13
d  4.3860844771e-03 3.0702589805e+00 -2.0000000000e-01 1.5917272313e+00 3.0000000000e+02 -1.5966890123e-07 2.6480285786e-12 1.5917272305e-07 1.5966890716e-07 -4.9331027155e-10 -2.6480082109e-12 -1.5917272953e-07 -2.1940616886e-13
d  4.3861783472e-03 3.0703246895e+00 -2.0000000000e-01 1.5917813956e+00 3.0000000000e+02 -1.5980210532e-07 3.9395807094e-12 1.5917813917e-07 1.5980213493e-07 -6.1972949894e-10 -3.9395575901e-12 -1.5917816968e-07 -2.9622711722e-13
d  4.3862909913e-03 3.0704035404e+00 -2.0000000000e-01 1.5918159701e+00 3.0000000000e+02 -1.6034842053e-07 1.0233176239e-11 1.5918159696e-07 1.6034842408e-07 -1.1559259670e-09 -1.0233155615e-11 -1.5918160105e-07 -6.6403809823e-13
d  4.3863247845e-03 3.0704271956e+00 -2.0000000000e-01 1.5917933427e+00 3.0000000000e+02 -1.6084554964e-07 1.6511062056e-11 1.5917933307e-07 1.6084562823e-07 -1.6487065102e-09 -1.6511010450e-11 -1.5917941371e-07 -9.9713904485e-13
d  4.3863450604e-03 3.0704413888e+00 -2.0000000000e-01 1.5917437746e+00 3.0000000000e+02 -1.6145613939e-07 2.4542286201e-11 1.5917437710e-07 1.6145615937e-07 -2.2558363342e-09 -2.4542246067e-11 -1.5917439806e-07 -1.3834202775e-12
d  4.3863572260e-03 3.0704499047e+00 -2.0000000000e-01 1.5916734967e+00 3.0000000000e+02 -1.6213267457e-07 3.3607696191e-11 1.5916734625e-07 1.6213283883e-07 -2.9299598642e-09 -3.3607324677e-11 -1.5916751612e-07 -1.7555150748e-12
d  4.3863718247e-03 3.0704601237e+00 -2.0000000000e-01 1.5914214267e+00 3.0000000000e+02 -1.6413580899e-07 6.1059071448e-11 1.5914214257e-07 1.6413581353e-07 -4.9299313069e-09 -6.1059041503e-11 -1.5914214777e-07 -2.6765517499e-12
d  4.3863805839e-03 3.0704662552e+00 -2.0000000000e-01 1.5907252459e+00 3.0000000000e+02 -1.6849971740e-07 1.1833022011e-10 1.5907252426e-07 1.6849973227e-07 -9.3062304959e-09 -1.1833014191e-10 -1.5907254067e-07 -2.6308100766e-12
d  4.3863832116e-03 3.0704680946e+00 -2.0000000000e-01 1.5901506009e+00 3.0000000000e+02 -1.7146344434e-07 1.4660853457e-10 1.5901506007e-07 1.7146344450e-07 -1.2303883206e-08 -1.4660850769e-10 -1.5901506074e-07 2.1072631351e-12
d  4.3863863649e-03 3.0704703019e+00 -2.0000000000e-01 1.5884946147e+00 3.0000000000e+02 -1.7940083826e-07 2.1928005800e-10 1.5884946146e-07 1.7940083834e-07 -2.0349020859e-08 -2.1928003198e-10 -1.5884946206e-07 1.6924900948e-11
d  4.3863882569e-03 3.0704716263e+00 -2.0000000000e-01 1.5856167106e+00 3.0000000000e+02 -1.9236141173e-07 2.8200213992e-10 1.5856167104e-07 1.9236141182e-07 -3.3582880728e-08 -2.8200211033e-10 -1.5856167169e-07 6.5142697114e-11
d  4.3863893921e-03 3.0704724210e+00 -2.0000000000e-01 1.5813025508e+00 3.0000000000e+02 -2.1155478042e-07 2.5540894556e-10 1.5813025507e-07 2.1155478043e-07 -5.3354818693e-08 -2.5540891323e-10 -1.5813025564e-07 1.8570280220e-10
d  4.3863900732e-03 3.0704728977e+00 -2.0000000000e-01 1.5759140403e+00 3.0000000000e+02 -2.3645840235e-07 6.4547534491e-11 1.5759140403e-07 2.3645840226e-07 -7.9205968668e-08 -6.4547501667e-11 -1.5759140447e-07 4.0351837179e-10
d  4.3863908906e-03 3.0704734699e+00 -2.0000000000e-01 1.5570265659e+00 3.0000000000e+02 -3.4119912039e-07 -1.0668958371e-09 1.5570265659e-07 3.4119912028e-07 -1.8797823984e-07 1.0668958666e-09 -1.5570265716e-07 1.4148808506e-09
d  4.3863911358e-03 3.0704736415e+00 -2.0000000000e-01 1.5450224936e+00 3.0000000000e+02 -4.2463751566e-07 -2.9129014564e-09 1.5450224936e-07 4.2463751554e-07 -2.7558261769e-07 2.9129014936e-09 -1.5450224981e-07 2.5344504533e-09
d  4.3863914300e-03 3.0704738475e+00 -2.0000000000e-01 1.5185441993e+00 3.0000000000e+02 -6.7341633329e-07 -7.3011089446e-09 1.5185441993e-07 6.7341633315e-07 -5.3412643029e-07 7.3011089759e-09 -1.5185442040e-07 5.2634085571e-09
d  4.3863917831e-03 3.0704740947e+00 -2.0000000000e-01 1.3838274306e+00 3.0000000000e+02 -5.4710077014e-06 -4.1534732656e-08 1.3838274308e-07 5.4710076915e-06 -5.3999359337e-06 4.1534732639e-08 -1.3838275642e-07 2.5776265992e-08
d  4.3863920777e-03 3.0704743008e+00 -2.0000000000e-01 1.2889343478e+00 3.0000000000e+02 -1.6783180325e-05 -2.8878887004e-08 1.2889343479e-07 1.6783180320e-05 -1.6697752252e-05 2.8878887002e-08 -1.2889342554e-07 1.4586469650e-08
d  4.3863924311e-03 3.0704745483e+00 -2.0000000000e-01 1.2522025343e+00 3.0000000000e+02 -2.5696598941e-05 1.2991462780e-09 1.2522025385e-07 2.5696598381e-05 -2.5569431801e-05 -1.2991485425e-09 -1.2521915542e-07 -6.4827550300e-10
d  4.3863927890e-03 3.0704747988e+00 -2.0000000000e-01 1.2441765882e+00 3.0000000000e+02 -2.8381586973e-05 1.7690087615e-09 1.2441765882e-07 2.8381586982e-05 -2.8254491134e-05 -1.7690087066e-09 -1.2441767666e-07 -9.0916155626e-10
d  4.3863932186e-03 3.0704750995e+00 -2.0000000000e-01 1.2435622769e+00 3.0000000000e+02 -2.8609731340e-05 8.7812088862e-10 1.2435622769e-07 2.8609731348e-05 -2.8484000946e-05 -8.7812084335e-10 -1.2435624334e-07 -4.9603783683e-10
d  4.3863937340e-03 3.0704754603e+00 -2.0000000000e-01 1.2444759345e+00 3.0000000000e+02 -2.8314790547e-05 3.1613962483e-10 1.2444759345e-07 2.8314790536e-05 -2.8189852251e-05 -3.1613963213e-10 -1.2444757264e-07 -1.7457264150e-10
d  4.3863943525e-03 3.0704758932e+00 -2.0000000000e-01 1.2449672379e+00 3.0000000000e+02 -2.8159196075e-05 2.4419634637e-11 1.2449672380e-07 2.8159196069e-05 -2.8034661976e-05 -2.4419626398e-11 -1.2449671270e-07 -1.2960654740e-11
d  4.3863950947e-03 3.0704764128e+00 -2.0000000000e-01 1.2450428000e+00 3.0000000000e+02 -2.8135708722e-05 -2.5204104627e-11 1.2450427999e-07 2.8135708739e-05 -2.8011243284e-05 2.5204154782e-11 -1.2450431577e-07 1.3656429075e-11
d  4.3863959854e-03 3.0704770363e+00 -2.0000000000e-01 1.2450172701e+00 3.0000000000e+02 -2.8143874567e-05 -9.1567282936e-12 1.2450172702e-07 2.8143874559e-05 -2.8019386926e-05 9.1567372497e-12 -1.2450171102e-07 4.9212456505e-12
d  4.3863970542e-03 3.0704777844e+00 -2.0000000000e-01 1.2450038764e+00 3.0000000000e+02 -2.8148236429e-05 -3.0643646152e-13 1.2450038827e-07 2.8148235472e-05 -2.8023737565e-05 3.0533096656e-13 -1.2449836626e-07 1.5391533880e-13
d  4.3863983368e-03 3.0704786822e+00 -2.0000000000e-01 1.2450029212e+00 3.0000000000e+02 -2.8148735919e-05 5.6294046833e-13 1.2450029618e-07 2.8148729686e-05 -2.8024241835e-05 -5.6896775042e-13 -1.2448696848e-07 -3.1470004137e-13
d  4.3863998758e-03 3.0704797596e+00 -2.0000000000e-01 1.2450039736e+00 3.0000000000e+02 -2.8148646616e-05 1.6918845973e-13 1.2450039651e-07 2.8148647933e-05 -2.8024144422e-05 -1.6811233056e-13 -1.2450324373e-07 -1.0020658769e-13
d  4.3864017227e-03 3.0704810524e+00 -2.0000000000e-01 1.2450047049e+00 3.0000000000e+02 -2.8148708867e-05 6.5088574048e-14 1.2450047097e-07 2.8148708125e-05 -2.8024209161e-05 -6.5560249824e-14 -1.2449885405e-07 -4.4087503669e-14
d  4.3864039390e-03 3.0704826038e+00 -2.0000000000e-01 1.2450053579e+00 3.0000000000e+02 -2.8148851223e-05 6.1426542297e-14 1.2450053693e-07 2.8148849430e-05 -2.8024352731e-05 -6.2391598902e-14 -1.2449659380e-07 -4.2720505371e-14
d  4.3864065985e-03 3.0704844654e+00 -2.0000000000e-01 1.2450061390e+00 3.0000000000e+02 -2.8149023500e-05 6.6435746201e-14 1.2450061529e-07 2.8149021316e-05 -2.8024525426e-05 -6.7410885503e-14 -1.2449577660e-07 -4.5347012773e-14
d  4.3864097899e-03 3.0704866994e+00 -2.0000000000e-01 1.2450070847e+00 3.0000000000e+02 -2.8149227716e-05 6.6954593083e-14 1.2450071012e-07 2.8149225101e-05 -2.8024730107e-05 -6.7923381230e-14 -1.2449488063e-07 -4.5623320830e-14
d  4.3864136196e-03 3.0704893802e+00 -2.0000000000e-01 1.2450082204e+00 3.0000000000e+02 -2.8149472485e-05 6.6858943899e-14 1.2450082403e-07 2.8149469321e-05 -2.8024975475e-05 -6.7832564644e-14 -1.2449373226e-07 -4.5575382388e-14
d  4.3864182153e-03 3.0704925972e+00 -2.0000000000e-01 1.2450095831e+00 3.0000000000e+02 -2.8149766255e-05 6.6836868738e-14 1.2450096071e-07 2.8149762427e-05 -2.8025269972e-05 -6.7815684695e-14 -1.2449234203e-07 -4.5565801023e-14
d  4.3864237301e-03 3.0704964575e+00 -2.0000000000e-01 1.2450112183e+00 3.0000000000e+02 -2.8150118792e-05 6.6834425022e-14 1.2450112472e-07 2.8150114167e-05 -2.8025623381e-05 -6.7817492583e-14 -1.2449067258e-07 -4.5566221006e-14
d  4.3864303478e-03 3.0705010899e+00 -2.0000000000e-01 1.2450131805e+00 3.0000000000e+02 -2.8150541838e-05 6.6831932998e-14 1.2450132154e-07 2.8150536257e-05 -2.8026047476e-05 -6.7818558035e-14 -1.2448866736e-07 -4.5566441835e-14
d  4.3864382891e-03 3.0705066488e+00 -2.0000000000e-01 1.2450155352e+00 3.0000000000e+02 -2.8151049497e-05 6.6829633846e-14 1.2450155771e-07 2.8151042769e-05 -2.8026556397e-05 -6.7819251335e-14 -1.2448625921e-07 -4.5566474896e-14
d  4.3864478186e-03 3.0705133195e+00 -2.0000000000e-01 1.2450183608e+00 3.0000000000e+02 -2.8151658696e-05 6.6827579467e-14 1.2450184113e-07 2.8151650591e-05 -2.8027167109e-05 -6.7819709308e-14 -1.2448336779e-07 -4.5566496039e-14
d  4.3864592540e-03 3.0705213243e+00 -2.0000000000e-01 1.2450217516e+00 3.0000000000e+02 -2.8152389744e-05 6.6825829643e-14 1.2450218122e-07 2.8152379986e-05 -2.8027899976e-05 -6.7820064795e-14 -1.2447989669e-07 -4.5566510951e-14
d  4.3864729766e-03 3.0705309301e+00 -2.0000000000e-01 1.2450258205e+00 3.0000000000e+02 -2.8153267018e-05 6.6824370688e-14 1.2450258934e-07 2.8153255276e-05 -2.8028779432e-05 -6.7820367371e-14 -1.2447573015e-07 -4.5566521532e-14
d  4.3864894436e-03 3.0705424570e+00 -2.0000000000e-01 1.2450307017e+00 3.0000000000e+02 -2.8154320071e-05 6.6807336260e-14 1.2450307032e-07 2.8154319821e-05 -2.8029817211e-05 -6.6805317763e-14 -1.2450249873e-07 -4.5155818794e-14
d  4.3865092040e-03 3.0705562893e+00 -2.0000000000e-01 1.2450365617e+00 3.0000000000e+02 -2.8155583352e-05 6.7936162206e-14 1.2450365636e-07 2.8155583046e-05 -2.8031079977e-05 -6.7934479789e-14 -1.2450295629e-07 -4.5645943707e-14
d  4.3865329165e-03 3.0705728880e+00 -2.0000000000e-01 1.2450435922e+00 3.0000000000e+02 -2.8157099496e-05 6.7641503941e-14 1.2450435945e-07 2.8157099128e-05 -2.8032595499e-05 -6.7639875349e-14 -1.2450351554e-07 -4.5518533276e-14
d  4.3865613716e-03 3.0705928066e+00 -2.0000000000e-01 1.2450520290e+00 3.0000000000e+02 -2.8158918903e-05 6.7648157736e-14 1.2450520318e-07 2.8158918461e-05 -2.8034414161e-05 -6.7646570501e-14 -1.2450418683e-07 -4.5521340351e-14
d  4.3865955176e-03 3.0706167088e+00 -2.0000000000e-01 1.2450621533e+00 3.0000000000e+02 -2.8161102287e-05 6.7647110866e-14 1.2450621566e-07 2.8161101754e-05 -2.8036596649e-05 -6.7645558161e-14 -1.2450499235e-07 -4.5521034315e-14
d  4.3866364928e-03 3.0706453914e+00 -2.0000000000e-01 1.2450743024e+00 3.0000000000e+02 -2.8163722484e-05 6.7646757451e-14 1.2450743064e-07 2.8163721843e-05 -2.8039215771e-05 -6.7645233009e-14 -1.2450595899e-07 -4.5521024075e-14
d  4.3866856631e-03 3.0706798106e+00 -2.0000000000e-01 1.2450888814e+00 3.0000000000e+02 -2.8166866917e-05 6.7646358995e-14 1.2450888862e-07 2.8166866148e-05 -2.8042358915e-05 -6.7644857425e-14 -1.2450711897e-07 -4.5521017887e-14
d  4.3867446674e-03 3.0707211137e+00 -2.0000000000e-01 1.2451063762e+00 3.0000000000e+02 -2.8170640521e-05 6.7645885383e-14 1.2451063819e-07 2.8170639596e-05 -2.8046130972e-05 -6.7644402055e-14 -1.2450851099e-07 -4.5521009915e-14
d  4.3868154726e-03 3.0707706773e+00 -2.0000000000e-01 1.2451273701e+00 3.0000000000e+02 -2.8175169254e-05 6.7645323144e-14 1.2451273769e-07 2.8175168144e-05 -2.8050657849e-05 -6.7643853974e-14 -1.2451018147e-07 -4.5521000432e-14
d  4.3869004389e-03 3.0708301537e+00 -2.0000000000e-01 1.2451525627e+00 3.0000000000e+02 -2.8180604322e-05 6.7644653416e-14 1.2451525710e-07 2.8180602989e-05 -2.8056090690e-05 -6.7643194795e-14 -1.2451218615e-07 -4.5520989056e-14
d  4.3870023984e-03 3.0709015253e+00 -2.0000000000e-01 1.2451827940e+00 3.0000000000e+02 -2.8187127252e-05 6.7643853233e-14 1.2451828039e-07 2.8187125651e-05 -2.8062610946e-05 -6.7642401902e-14 -1.2451459191e-07 -4.5520975440e-14
d  4.3871247498e-03 3.0709871713e+00 -2.0000000000e-01 1.2452190717e+00 3.0000000000e+02 -2.8194955988e-05 6.7642899956e-14 1.2452190836e-07 2.8194954066e-05 -2.8070436474e-05 -6.7641452868e-14 -1.2451747903e-07 -4.5520959090e-14
d  4.3872715715e-03 3.0710899465e+00 -2.0000000000e-01 1.2452626052e+00 3.0000000000e+02 -2.8204352230e-05 6.7641761231e-14 1.2452626195e-07 2.8204349922e-05 -2.8079828865e-05 -6.7640315492e-14 -1.2452094389e-07 -4.5520939597e-14
d  4.3874477575e-03 3.0712132767e+00 -2.0000000000e-01 1.2453148457e+00 3.0000000000e+02 -2.8215630234e-05 6.7640282446e-14 1.2453148628e-07 2.8215627464e-05 -2.8091102249e-05 -6.7638837458e-14 -1.2452510138e-07 -4.5520882495e-14
d  4.3876591807e-03 3.0713612729e+00 -2.0000000000e-01 1.2453775345e+00 3.0000000000e+02 -2.8229167450e-05 6.7638484423e-14 1.2453775550e-07 2.8229164126e-05 -2.8104633920e-05 -6.7637033930e-14 -1.2453009222e-07 -4.5520805435e-14
d  4.3879128885e-03 3.0715388684e+00 -2.0000000000e-01 1.2454527617e+00 3.0000000000e+02 -2.8245417360e-05 6.7636594765e-14 1.2454527863e-07 2.8245413371e-05 -2.8120877176e-05 -6.7635136829e-14 -1.2453608171e-07 -4.5520794231e-14
d  4.3882173379e-03 3.0717519830e+00 -2.0000000000e-01 1.2455430355e+00 3.0000000000e+02 -2.8264924837e-05 6.7634331620e-14 1.2455430650e-07 2.8264920051e-05 -2.8140376667e-05 -6.7632861302e-14 -1.2454327142e-07 -4.5520779839e-14
d  4.3885826773e-03 3.0720077205e+00 -2.0000000000e-01 1.2456513656e+00 3.0000000000e+02 -2.8288344762e-05 6.7631678092e-14 1.2456514010e-07 2.8288339019e-05 -2.8163787007e-05 -6.7630194565e-14 -1.2455189921e-07 -4.5520782238e-14
d  4.3890210844e-03 3.0723146055e+00 -2.0000000000e-01 1.2457813638e+00 3.0000000000e+02 -2.8316464363e-05 6.7628239009e-14 1.2457814062e-07 2.8316457474e-05 -2.8191895105e-05 -6.7626737025e-14 -1.2456225614e-07 -4.5520705914e-14
d  4.3895471730e-03 3.0726828675e+00 -2.0000000000e-01 1.2459373646e+00 3.0000000000e+02 -2.8350230490e-05 6.7624201369e-14 1.2459374154e-07 2.8350222227e-05 -2.8225647425e-05 -6.7622676239e-14 -1.2457468843e-07 -4.5520640754e-14
d  4.3901784793e-03 3.0731247819e+00 -2.0000000000e-01 1.2461245686e+00 3.0000000000e+02 -2.8390782739e-05 6.7619138589e-14 1.2461245696e-07 2.8390782572e-05 -2.8266170385e-05 -6.7599447835e-14 -1.2461207401e-07 -4.5513116857e-14
d  4.3909360469e-03 3.0736550792e+00 -2.0000000000e-01 1.2463492205e+00 3.0000000000e+02 -2.8439492024e-05 6.7632512420e-14 1.2463492217e-07 2.8439491824e-05 -2.8314857248e-05 -6.7612821243e-14 -1.2463446272e-07 -4.5521844610e-14
d  4.3918451280e-03 3.0742914359e+00 -2.0000000000e-01 1.2466188057e+00 3.0000000000e+02 -2.8498009521e-05 6.7619160350e-14 1.2466188072e-07 2.8498009282e-05 -2.8373347839e-05 -6.7599468341e-14 -1.2466133010e-07 -4.5519060298e-14
d  4.3929360254e-03 3.0750550640e+00 -2.0000000000e-01 1.2469423170e+00 3.0000000000e+02 -2.8568327142e-05 6.7610559331e-14 1.2469423188e-07 2.8568326855e-05 -2.8443633170e-05 -6.7590866233e-14 -1.2469357241e-07 -4.5518859486e-14
d  4.3942451022e-03 3.0759714177e+00 -2.0000000000e-01 1.2473305483e+00 3.0000000000e+02 -2.8652848575e-05 6.7600810058e-14 1.2473305504e-07 2.8652848232e-05 -2.8528115854e-05 -6.7581115911e-14 -1.2473226488e-07 -4.5518786713e-14
d  4.3958159943e-03 3.0770710422e+00 -2.0000000000e-01 1.2477964512e+00 3.0000000000e+02 -2.8754476444e-05 6.7588751977e-14 1.2477964537e-07 2.8754476033e-05 -2.8629697221e-05 -6.7569056534e-14 -1.2477869904e-07 -4.5518582163e-14
d  4.3977010649e-03 3.0783905915e+00 -2.0000000000e-01 1.2483556155e+00 3.0000000000e+02 -2.8876731066e-05 6.7580391246e-14 1.2483556185e-07 2.8876730573e-05 -2.8751896034e-05 -6.7560695007e-14 -1.2483442616e-07 -4.5520186626e-14
d  4.3999631496e-03 3.0799740507e+00 -2.0000000000e-01 1.2490267191e+00 3.0000000000e+02 -2.9023868794e-05 6.7567184693e-14 1.2490267227e-07 2.9023868207e-05 -2.8898966774e-05 -6.7547485099e-14 -1.2490132013e-07 -4.5521119971e-14
d  4.4026776512e-03 3.0818742017e+00 -2.0000000000e-01 1.2498321214e+00 3.0000000000e+02 -2.9201041046e-05 6.7544686253e-14 1.2498321214e-07 2.9201041046e-05 -2.9076057720e-05 -6.7524686031e-14 -1.2498321347e-07 -4.5520087338e-14
d  4.4059350532e-03 3.0841543830e+00 -2.0000000000e-01 1.2507987158e+00 3.0000000000e+02 -2.9414522487e-05 6.7520487917e-14 1.2507987158e-07 2.9414522487e-05 -2.9289442500e-05 -6.7500487640e-14 -1.2507987352e-07 -4.5519892031e-14
d  4.4098439355e-03 3.0868906005e+00 -2.0000000000e-01 1.2519588564e+00 3.0000000000e+02 -2.9671977334e-05 6.7495638706e-14 1.2519588564e-07 2.9671977335e-05 -2.9546781334e-05 -6.7475638365e-14 -1.2519588846e-07 -4.5520791958e-14
d  4.4145345943e-03 3.0901740615e+00 -2.0000000000e-01 1.2533519210e+00 3.0000000000e+02 -2.9982897900e-05 6.7495852180e-14 1.2533519210e-07 2.9982897901e-05 -2.9857562592e-05 -6.7475851771e-14 -1.2533519612e-07 -4.5530903436e-14
d  4.4201633849e-03 3.0941142147e+00 -2.0000000000e-01 1.2550238830e+00 3.0000000000e+02 -3.0358640487e-05 6.7439875931e-14 1.2550238830e-07 3.0358640489e-05 -3.0233137982e-05 -6.7419875379e-14 -1.2550239479e-07 -4.5525821996e-14
d  4.4269179336e-03 3.0988423986e+00 -2.0000000000e-01 1.2570307638e+00 3.0000000000e+02 -3.0813380620e-05 6.7393981434e-14 1.2570307638e-07 3.0813380624e-05 -3.0687677424e-05 -6.7373980680e-14 -1.2570308704e-07 -4.5526018826e-14
d  4.4350233920e-03 3.1045162192e+00 -2.0000000000e-01 1.2594432125e+00 3.0000000000e+02 -3.1365388804e-05 6.7444815916e-14 1.2594432125e-07 3.1365388816e-05 -3.1239444353e-05 -6.7424814229e-14 -1.2594434997e-07 -4.5558803239e-14
d  4.4447499422e-03 3.1113248040e+00 -2.0000000000e-01 1.2623415150e+00 3.0000000000e+02 -3.2036341658e-05 6.7398406193e-14 1.2623415149e-07 3.2036341677e-05 -3.1910107368e-05 -6.7378404038e-14 -1.2623419606e-07 -4.5565163409e-14
d  4.4564218023e-03 3.1194951057e+00 -2.0000000000e-01 1.2658215224e+00 3.0000000000e+02 -3.2853229253e-05 6.7307936703e-14 1.2658215223e-07 3.2853229275e-05 -3.2726646957e-05 -6.7287934596e-14 -1.2658220535e-07 -4.5561774808e-14
d  4.4704280345e-03 3.1292994677e+00 -2.0000000000e-01 1.2700006148e+00 3.0000000000e+02 -3.3850571218e-05 6.7225360946e-14 1.2700006148e-07 3.3850571222e-05 -3.3723571038e-05 -6.7205360660e-14 -1.2700007042e-07 -4.5565216575e-14
d  4.4872355131e-03 3.1410647021e+00 -2.0000000000e-01 1.2750194502e+00 3.0000000000e+02 -3.5072175357e-05 6.7121164031e-14 1.2750194502e-07 3.5072175362e-05 -3.4944673293e-05 -6.7101163722e-14 -1.2750195682e-07 -4.5566897596e-14
d  4.5074044875e-03 3.1551829835e+00 -2.0000000000e-01 1.2810475974e+00 3.0000000000e+02 -3.6574207630e-05 6.7001003411e-14 1.2810475972e-07 3.6574207659e-05 -3.6446102720e-05 -6.6981001982e-14 -1.2810482644e-07 -4.5569634244e-14
d  4.5316072567e-03 3.1721249211e+00 -2.0000000000e-01 1.2882915509e+00 3.0000000000e+02 -3.8429910845e-05 6.6884813309e-14 1.2882915508e-07 3.8429910869e-05 -3.8301081547e-05 -6.6864812358e-14 -1.2882921014e-07 -4.5580488192e-14
d  4.5606505797e-03 3.1924552462e+00 -2.0000000000e-01 1.2970072873e+00 3.0000000000e+02 -4.0736861987e-05 6.6814548558e-14 1.2970072872e-07 4.0736862019e-05 -4.0607161104e-05 -6.6794547539e-14 -1.2970080227e-07 -4.5613825768e-14
d  4.5955025674e-03 3.2168516363e+00 -2.0000000000e-01 1.3075030631e+00 3.0000000000e+02 -4.3623963852e-05 6.6738781706e-14 1.3075030631e-07 4.3623963855e-05 -4.3493213428e-05 -6.6718781611e-14 -1.3075031501e-07 -4.5655073901e-14
d  4.6373249526e-03 3.2461273045e+00 -2.0000000000e-01 1.3201474911e+00 3.0000000000e+02 -4.7264122699e-05 6.6630683452e-14 1.3201474911e-07 4.7264122703e-05 -4.7132107832e-05 -6.6610683373e-14 -1.3201475830e-07 -4.5695824003e-14
d  4.6875118148e-03 3.2812581063e+00 -2.0000000000e-01 1.3354046371e+00 3.0000000000e+02 -5.1895431711e-05 6.6577744237e-14 1.3354046370e-07 5.1895431712e-05 -5.1761891132e-05 -6.6557744206e-14 -1.3354046845e-07 -4.5767753064e-14
d  4.7477360495e-03 3.3234150685e+00 -2.0000000000e-01 1.3538118796e+00 3.0000000000e+02 -5.7856325307e-05 6.6449264451e-14 1.3538118796e-07 5.7856325312e-05 -5.7720944000e-05 -6.6429264390e-14 -1.3538119972e-07 -4.5820508560e-14
d  4.8200051311e-03 3.3740034231e+00 -2.0000000000e-01 1.3760728411e+00 3.0000000000e+02 -6.5616284237e-05 6.6420409831e-14 1.3760728411e-07 6.5616284246e-05 -6.5478676829e-05 -6.6400409750e-14 -1.3760730458e-07 -4.5928589167e-14
d  4.9067280290e-03 3.4347094486e+00 -2.0000000000e-01 1.4030825504e+00 3.0000000000e+02 -7.5882643098e-05 6.6525268981e-14 1.4030825503e-07 7.5882643110e-05 -7.5742334715e-05 -6.6505268898e-14 -1.4030828309e-07 -4.6092855370e-14
d  5.0000000000e-03 3.4999998250e+00 -2.0000000000e-01 1.4325536024e+00 3.0000000000e+02 -8.8209613237e-05 6.6779265568e-14 1.4325536024e-07 8.8209613240e-05 -8.8066357760e-05 -6.6759265550e-14 -1.4325536769e-07 -4.6308266615e-14
d  5.1119263652e-03 3.5783482767e+00 -2.0000000000e-01 1.4686835919e+00 3.0000000000e+02 -1.0505741542e-04 6.7464154409e-14 1.4686835919e-07 1.0505741543e-04 -1.0491054694e-04 -6.7444154383e-14 -1.4686837396e-07 -4.6679863655e-14
d  5.2462380034e-03 3.6723664187e+00 -2.0000000000e-01 1.5131576937e+00 3.0000000000e+02 -1.2871348151e-04 6.8226969730e-14 1.5131576936e-07 1.2871348153e-04 -1.2856216560e-04 -6.8206969676e-14 -1.5131581347e-07 -4.7093953199e-14
d  5.4074119692e-03 3.7851881892e+00 -2.0000000000e-01 1.5682726922e+00 3.0000000000e+02 -1.6333528002e-04 6.9425425755e-14 1.5682726922e-07 1.6333528004e-04 -1.6317845262e-04 -6.9405425731e-14 -1.5682729853e-07 -4.7654853090e-14
d  5.6008207282e-03 3.9205743137e+00 -2.0000000000e-01 1.6374956413e+00 3.0000000000e+02 -2.1710093423e-04 7.1559325360e-14 1.6374956413e-07 2.1710093425e-04 -2.1693718453e-04 -7.1539325344e-14 -1.6374959753e-07 -4.8533833926e-14
d  5.7142860000e-03 4.0000000000e+00 -2.0000000000e-01 1.6798365555e+00 3.0000000000e+02 -2.5696381033e-04 7.3053570568e-14 1.6798365555e-07 2.5696381037e-04 -2.5679582652e-04 -7.3033570524e-14 -1.6798372792e-07 -4.9110959970e-14
d  5.8504443262e-03 4.0953108236e+00 -2.0000000000e-01 1.7323304105e+00 3.0000000000e+02 -3.1577249702e-04 7.4739804883e-14 1.7323304105e-07 3.1577249706e-04 -3.1559926383e-04 -7.4719804855e-14 -1.7323310641e-07 -4.9747370132e-14
d  6.0138343176e-03 4.2096838118e+00 -2.0000000000e-01 1.7978510138e+00 3.0000000000e+02 -4.0816476361e-04 7.7037057048e-14 1.7978510136e-07 4.0816476382e-04 -4.0798497826e-04 -7.7017056964e-14 -1.7978543444e-07 -5.0562116943e-14
d  6.2099023073e-03 4.3469313978e+00 -2.0000000000e-01 1.8805958604e+00 3.0000000000e+02 -5.6846832816e-04 8.0601462705e-14 1.8805958602e-07 5.6846832859e-04 -5.6828026821e-04 -8.0581462626e-14 -1.8806024359e-07 -5.1716001368e-14
d  6.4451838950e-03 4.5116285009e+00 -2.0000000000e-01 1.9875581652e+00 3.0000000000e+02 -8.9531499579e-04 8.7140805266e-14 1.9875581648e-07 8.9531499720e-04 -8.9511623918e-04 -8.7120805170e-14 -1.9875787224e-07 -5.3633738077e-14
d  6.7275218002e-03 4.7092650246e+00 -2.0000000000e-01 2.1096762369e+00 3.0000000000e+02 -1.6632638922e-03 8.3671522933e-14 2.1096762315e-07 1.6632639105e-03 -1.6630529136e-03 -8.3651522167e-14 -2.1099677390e-07 -5.1220846089e-14
d  7.0663272864e-03 4.9464288531e+00 -2.0000000000e-01 2.2390611402e+00 3.0000000000e+02 -2.7681479447e-03 7.7006478646e-14 2.2390611402e-07 2.7681479447e-03 -2.7679240384e-03 -7.6986478645e-14 -2.2390613095e-07 -4.8404011008e-14
d  7.1428570000e-03 4.9999996500e+00 -2.0000000000e-01 2.2666970203e+00 3.0000000000e+02 -3.0352187315e-03 7.7648599347e-14 2.2666970203e-07 3.0352187315e-03 -3.0349920617e-03 -7.7628599346e-14 -2.2666972071e-07 -4.8531344292e-14
d  7.2346926563e-03 5.0642846062e+00 -2.0000000000e-01 2.2984621310e+00 3.0000000000e+02 -3.3454958462e-03 7.5016048108e-14 2.2984621310e-07 3.3454958462e-03 -3.3452659998e-03 -7.4996048106e-14 -2.2984623186e-07 -4.7576697786e-14
d  7.3448954440e-03 5.1414265537e+00 -2.0000000000e-01 2.3343556673e+00 3.0000000000e+02 -3.7024122862e-03 7.2039031815e-14 2.3343556673e-07 3.7024122862e-03 -3.7021788505e-03 -7.2019031814e-14 -2.3343557550e-07 -4.6459172546e-14
d  7.4771387891e-03 5.2339968907e+00 -2.0000000000e-01 2.3746887861e+00 3.0000000000e+02 -4.1137153104e-03 6.9765204329e-14 2.3746887861e-07 4.1137153104e-03 -4.1134778414e-03 -6.9745204329e-14 -2.3746888705e-07 -4.5457527244e-14
d  7.6358308033e-03 5.3450812950e+00 -2.0000000000e-01 2.4195927992e+00 3.0000000000e+02 -4.5766492712e-03 6.6955064994e-14 2.4195927992e-07 4.5766492712e-03 -4.5764073118e-03 -6.6935064993e-14 -2.4195929273e-07 -4.4350020248e-14
d  7.8262612203e-03 5.4783825803e+00 -2.0000000000e-01 2.4691361907e+00 3.0000000000e+02 -5.0886276613e-03 6.4163442973e-14 2.4691361907e-07 5.0886276613e-03 -5.0883807476e-03 -6.4143442972e-14 -2.4691362463e-07 -4.3220197938e-14
d  8.0547777207e-03 5.6383441226e+00 -2.0000000000e-01 2.5219872880e+00 3.0000000000e+02 -5.6579517883e-03 6.0490885372e-14 2.5219872880e-07 5.6579517883e-03 -5.6576995895e-03 -6.0470885372e-14 -2.5219873820e-07 -4.1650984365e-14
d  8.3289975211e-03 5.8302979733e+00 -2.0000000000e-01 2.5765565225e+00 3.0000000000e+02 -6.2924113513e-03 5.6748625402e-14 2.5765565225e-07 6.2924113513e-03 -6.2921536955e-03 -5.6728625402e-14 -2.5765565691e-07 -3.9993904137e-14
d  8.5714290000e-03 6.0000000000e+00 -2.0000000000e-01 2.6210276548e+00 3.0000000000e+02 -6.8066023980e-03 5.6647223692e-14 2.6210276548e-07 6.8066023980e-03 -6.8063402951e-03 -5.6627223692e-14 -2.6210277037e-07 -3.9769896549e-14
d  8.8623467746e-03 5.7963576155e+00 -2.0000000000e-01 2.5672509774e+00 3.0000000000e+02 -6.1848858899e-03 -1.1995035475e-13 2.5672509774e-07 6.1848858899e-03 -6.1846291651e-03 1.1997035475e-13 -2.5672509319e-07 8.3978957819e-14
d  9.2065553208e-03 5.5554117014e+00 -2.0000000000e-01 2.4959081035e+00 3.0000000000e+02 -5.3657263668e-03 -6.0739828458e-14 2.4959081035e-07 5.3657263668e-03 -5.3654767761e-03 6.0759828458e-14 -2.4959080672e-07 4.1827116884e-14
d  9.5187424311e-03 5.3368807861e+00 -2.0000000000e-01 2.4163964535e+00 3.0000000000e+02 -4.5437016630e-03 -6.7572199423e-14 2.4163964535e-07 4.5437016630e-03 -4.5434600234e-03 6.7592199423e-14 -2.4163963783e-07 4.4658053430e-14
d  9.8933669634e-03 5.0746436878e+00 -2.0000000000e-01 2.3034517804e+00 3.0000000000e+02 -3.3946171023e-03 -7.3610511001e-14 2.3034517804e-07 3.3946171023e-03 -3.3943867572e-03 7.3630511000e-14 -2.3034516405e-07 4.7063838317e-14
d  1.0000000000e-02 5.0000005833e+00 -2.0000000000e-01 2.2666974936e+00 3.0000000000e+02 -3.0352233984e-03 -7.7029260188e-14 2.2666974936e-07 3.0352233984e-03 -3.0349967288e-03 7.7049260187e-14 -2.2666973867e-07 4.8376575880e-14
d  1.0127959644e-02 4.9104288580e+00 -2.0000000000e-01 2.2201276084e+00 3.0000000000e+02 -2.5929187537e-03 -7.9354843852e-14 2.2201276084e-07 2.5929187537e-03 -2.5926967410e-03 7.9374843851e-14 -2.2201275983e-07 4.9319747560e-14
d  1.0281511217e-02 4.8029427875e+00 -2.0000000000e-01 2.1637165329e+00 3.0000000000e+02 -2.0915370287e-03 -7.7450149788e-14 2.1637165328e-07 2.0915370288e-03 -2.0913206571e-03 7.7470149798e-14 -2.1637184078e-07 4.8953058878e-14
d  1.0465773104e-02 4.6739595030e+00 -2.0000000000e-01 2.0932449154e+00 3.0000000000e+02 -1.4480628310e-03 -7.9902997691e-14 2.0932449173e-07 1.4480628244e-03 -1.4478535102e-03 7.9922997288e-14 -2.0931439620e-07 4.9771790550e-14
d  1.0686887369e-02 4.5191795615e+00 -2.0000000000e-01 1.9925438143e+00 3.0000000000e+02 -9.1547706225e-04 -9.0312940858e-14 1.9925438139e-07 9.1547706350e-04 -9.1527780744e-04 9.0332940946e-14 -1.9925620685e-07 5.4780237107e-14
d  1.0859592633e-02 4.3982859105e+00 -2.0000000000e-01 1.9133606396e+00 3.0000000000e+02 -6.5051840322e-04 -8.4380790693e-14 1.9133606393e-07 6.5051840381e-04 -6.5032706700e-04 8.4400790782e-14 -1.9133694732e-07 5.2980365709e-14
d  1.0967003442e-02 4.3230983658e+00 -2.0000000000e-01 1.8656385720e+00 3.0000000000e+02 -5.3500237376e-04 -8.1257780485e-14 1.8656385715e-07 5.3500237486e-04 -5.3481580945e-04 8.1277780856e-14 -1.8656554259e-07 5.1980930685e-14
d  1.1086897816e-02 4.2391723277e+00 -2.0000000000e-01 1.8151817237e+00 3.0000000000e+02 -4.3716310741e-04 -7.6865180169e-14 1.8151817236e-07 4.3716310757e-04 -4.3698158926e-04 7.6885180249e-14 -1.8151843406e-07 5.0506628036e-14
d  1.1230771065e-02 4.1384610818e+00 -2.0000000000e-01 1.7567165610e+00 3.0000000000e+02 -3.4736554038e-04 -7.5480528834e-14 1.7567165609e-07 3.4736554054e-04 -3.4718986874e-04 7.5500528930e-14 -1.7567191960e-07 5.0038585224e-14
d  1.1403418964e-02 4.0176075869e+00 -2.0000000000e-01 1.6893961906e+00 3.0000000000e+02 -2.6683383792e-04 -7.3234657092e-14 1.6893961905e-07 2.6683383794e-04 -2.6666489840e-04 7.3254657111e-14 -1.6893966303e-07 4.9211634140e-14
d  1.1428570000e-02 4.0000018667e+00 -2.0000000000e-01 1.6798375610e+00 3.0000000000e+02 -2.5696486297e-04 -7.3028121846e-14 1.6798375611e-07 2.5696486291e-04 -2.5679687939e-04 7.3048121579e-14 -1.6798363783e-07 4.9110982459e-14
d  1.1458751243e-02 3.9788750024e+00 -2.0000000000e-01 1.6684596279e+00 3.0000000000e+02 -2.4565608025e-04 -7.2597370790e-14 1.6684596280e-07 2.4565608019e-04 -2.4548923446e-04 7.2617370491e-14 -1.6684585336e-07 4.8946255244e-14
d  1.1494968735e-02 3.9535227654e+00 -2.0000000000e-01 1.6549171631e+00 3.0000000000e+02 -2.3278102524e-04 -7.2243483661e-14 1.6549171632e-07 2.3278102516e-04 -2.3261553371e-04 7.2263483293e-14 -1.6549156462e-07 4.8802558366e-14
d  1.1538429725e-02 3.9231000809e+00 -2.0000000000e-01 1.6388231966e+00 3.0000000000e+02 -2.1826214572e-04 -7.1789181578e-14 1.6388231967e-07 2.1826214564e-04 -2.1809826359e-04 7.1809181263e-14 -1.6388217485e-07 4.8619360478e-14
d  1.1590582913e-02 3.8865928595e+00 -2.0000000000e-01 1.6197435798e+00 3.0000000000e+02 -2.0207408121e-04 -7.1218902955e-14 1.6197435798e-07 2.0207408117e-04 -2.0191210701e-04 7.1238902791e-14 -1.6197427544e-07 4.8387527527e-14
d  1.1653166739e-02 3.8427841938e+00 -2.0000000000e-01 1.5972154248e+00 3.0000000000e+02 -1.8427705028e-04 -7.0442780511e-14 1.5972154250e-07 1.8427705020e-04 -1.8411732893e-04 7.0462780217e-14 -1.5972138319e-07 4.8074761888e-14
d  1.1728267330e-02 3.7902137950e+00 -2.0000000000e-01 1.5707761329e+00 3.0000000000e+02 -1.6506681460e-04 -6.9364662579e-14 1.5707761328e-07 1.6506681461e-04 -1.6490973709e-04 6.9384662616e-14 -1.5707763504e-07 4.7647533449e-14
d  1.1818388039e-02 3.7271293164e+00 -2.0000000000e-01 1.5396753886e+00 3.0000000000e+02 -1.4455114119e-04 -6.8741511168e-14 1.5396753886e-07 1.4455114122e-04 -1.4439717374e-04 6.8761511251e-14 -1.5396758934e-07 4.7352280817e-14
d  1.1926532890e-02 3.6514279422e+00 -2.0000000000e-01 1.5031425261e+00 3.0000000000e+02 -1.2308316515e-04 -6.8042387207e-14 1.5031425261e-07 1.2308316518e-04 -1.2293285098e-04 6.8062387310e-14 -1.5031431789e-07 4.7012791922e-14
d  1.2056306712e-02 3.5605862930e+00 -2.0000000000e-01 1.4604218471e+00 3.0000000000e+02 -1.0102741623e-04 -6.7232408810e-14 1.4604218471e-07 1.0102741624e-04 -1.0088137414e-04 6.7252408851e-14 -1.4604221062e-07 4.6586832457e-14
d  1.2142860000e-02 3.4999990083e+00 -2.0000000000e-01 1.4325532160e+00 3.0000000000e+02 -8.8209466225e-05 -6.6860551466e-14 1.4325532160e-07 8.8209466241e-05 -8.8066210998e-05 6.6880551550e-14 -1.4325535683e-07 4.6347322325e-14
d  1.2246723946e-02 3.4272942667e+00 -2.0000000000e-01 1.3997643309e+00 3.0000000000e+02 -7.4569375465e-05 -6.6381107786e-14 1.3997643309e-07 7.4569375469e-05 -7.4429399140e-05 6.6401107808e-14 -1.3997644207e-07 4.6044443212e-14
d  1.2371360681e-02 3.3400485767e+00 -2.0000000000e-01 1.3611082749e+00 3.0000000000e+02 -6.0332511928e-05 -6.6328689745e-14 1.3611082748e-07 6.0332511933e-05 -6.0196401205e-05 6.6348689776e-14 -1.3611084057e-07 4.5838178032e-14
d  1.2520924764e-02 3.2353537488e+00 -2.0000000000e-01 1.3154872631e+00 3.0000000000e+02 -4.5901854913e-05 -6.6552232773e-14 1.3154872631e-07 4.5901854918e-05 -4.5770306291e-05 6.6572232806e-14 -1.3154873947e-07 4.5663134023e-14
d  1.2700401662e-02 3.1097199552e+00 -2.0000000000e-01 1.2616582180e+00 3.0000000000e+02 -3.1877415834e-05 -6.7135489865e-14 1.2616582180e-07 3.1877415836e-05 -3.1751250122e-05 6.7155489877e-14 -1.2616582659e-07 4.5508648128e-14
d  1.2857140000e-02 3.0000031500e+00 -2.0000000000e-01 1.2151688447e+00 3.0000000000e+02 -2.2148744910e-05 -6.8317727774e-14 1.2151688446e-07 2.2148744911e-05 -2.2027228137e-05 6.8337727788e-14 -1.2151688851e-07 4.5515321587e-14
d  1.3045226005e-02 2.8683429837e+00 -2.0000000000e-01 1.1595443668e+00 3.0000000000e+02 -1.3145872884e-05 -7.0741798103e-14 1.1595443667e-07 1.3145872888e-05 -1.3029918557e-05 7.0761798149e-14 -1.1595444736e-07 4.5695423319e-14
d  1.3270929211e-02 2.7103507842e+00 -2.0000000000e-01 1.0925022954e+00 3.0000000000e+02 -5.7247475625e-06 -7.5739711111e-14 1.0925022952e-07 5.7247475719e-06 -5.6154974414e-06 7.5759711244e-14 -1.0925025245e-07 4.6117502600e-14
d  1.3522066163e-02 2.5345549676e+00 -2.0000000000e-01 1.0182246578e+00 3.0000000000e+02 -1.2730458242e-06 -8.7361441489e-14 1.0182246535e-07 1.2730459377e-06 -1.1712233256e-06 8.7381445282e-14 -1.0182274613e-07 4.6646763488e-14
d  1.3571430000e-02 2.5000002917e+00 -2.0000000000e-01 1.0045634319e+00 3.0000000000e+02 -7.9996063192e-07 -9.6210966298e-14 1.0045634317e-07 7.9996063553e-07 -6.9950442449e-07 9.6230967039e-14 -1.0045635342e-07 4.6149981961e-14
d  1.3601048302e-02 2.4792674861e+00 -2.0000000000e-01 9.9716239939e-01 3.0000000000e+02 -5.6285645461e-07 -1.0446596981e-13 9.9716233817e-08 5.6285740460e-07 -4.6313853783e-07 1.0448649401e-13 -9.9719016337e-08 4.5083089418e-14
d  1.3618819283e-02 2.4668278028e+00 -2.0000000000e-01 9.9354323849e-01 3.0000000000e+02 -4.2988792982e-07 -1.1442513495e-13 9.9354319210e-08 4.2988853763e-07 -3.3053223013e-07 1.1444599177e-13 -9.9356465182e-08 4.3240472623e-14
d  1.3624150578e-02 2.4630958978e+00 -2.0000000000e-01 9.9276100200e-01 3.0000000000e+02 -3.8914100911e-07 -1.2239456095e-13 9.9276098089e-08 3.8914126913e-07 -2.8986429234e-07 1.2241593849e-13 -9.9277140532e-08 4.1332171274e-14
d  1.3627349354e-02 2.4608567548e+00 -2.0000000000e-01 9.9243188773e-01 3.0000000000e+02 -3.6362683162e-07 -1.2908558799e-13 9.9243185107e-08 3.6362726517e-07 -2.6438228503e-07 1.2911081302e-13 -9.9245148856e-08 3.9605989684e-14
d  1.3629268620e-02 2.4595132690e+00 -2.0000000000e-01 9.9231397504e-01 3.0000000000e+02 -3.4758905341e-07 -1.3457583655e-13 9.9231395500e-08 3.4758928394e-07 -2.4835690310e-07 1.3460126897e-13 -9.9232553535e-08 3.8106158807e-14
d  1.3630420180e-02 2.4587071775e+00 -2.0000000000e-01 9.9228384704e-01 3.0000000000e+02 -3.3756272688e-07 -1.3888899161e-13 9.9228382706e-08 3.3756295234e-07 -2.3833353330e-07 1.3891883781e-13 -9.9229594825e-08 3.6881908594e-14
d  1.3631802051e-02 2.4577398677e+00 -2.0000000000e-01 9.9230293175e-01 3.0000000000e+02 -3.2494940693e-07 -1.4517379524e-13 9.9230290598e-08 3.2494969133e-07 -2.2571780334e-07 1.4520806669e-13 -9.9232068261e-08 3.5073879248e-14
d  1.3632216613e-02 2.4574496748e+00 -2.0000000000e-01 9.9232348811e-01 3.0000000000e+02 -3.2100508365e-07 -1.4800891558e-13 9.9232347313e-08 3.2100524685e-07 -2.2177212824e-07 1.4804951306e-13 -9.9233300848e-08 3.4242616895e-14
d  1.3632714086e-02 2.4571014433e+00 -2.0000000000e-01 9.9235956899e-01 3.0000000000e+02 -3.1614612547e-07 -1.5137318221e-13 9.9235954465e-08 3.1614638822e-07 -2.1690899872e-07 1.5143060992e-13 -9.9237574136e-08 3.3226051445e-14
d  1.3633012571e-02 2.4568925044e+00 -2.0000000000e-01 9.9238798204e-01 3.0000000000e+02 -3.1315504416e-07 -1.5373338304e-13 9.9238795419e-08 3.1315534195e-07 -2.1391500428e-07 1.5381322120e-13 -9.9240523934e-08 3.2528633673e-14
d  1.3633370752e-02 2.4566417777e+00 -2.0000000000e-01 9.9242976603e-01 3.0000000000e+02 -3.0947871650e-07 -1.5680996861e-13 9.9242974393e-08 3.0947895110e-07 -2.1023470597e-07 1.5687816192e-13 -9.9244433539e-08 3.1601356180e-14
d  1.3633800569e-02 2.4563409056e+00 -2.0000000000e-01 9.9249264072e-01 3.0000000000e+02 -3.0492184663e-07 -1.6102366993e-13 9.9249261851e-08 3.0492208088e-07 -2.0567134783e-07 1.6109060614e-13 -9.9250924413e-08 3.0324056361e-14
d  1.3634058460e-02 2.4561603824e+00 -2.0000000000e-01 9.9253803882e-01 3.0000000000e+02 -3.0209971239e-07 -1.6407504895e-13 9.9253801651e-08 3.0209994515e-07 -2.0284483917e-07 1.6415828965e-13 -9.9255299437e-08 2.9395237062e-14
d  1.3634367928e-02 2.4559437546e+00 -2.0000000000e-01 9.9260143317e-01 3.0000000000e+02 -2.9861018982e-07 -1.6813697883e-13 9.9260141362e-08 2.9861039256e-07 -1.9934902229e-07 1.6821446142e-13 -9.9261566553e-08 2.8138690790e-14
d  1.3634553609e-02 2.4558137778e+00 -2.0000000000e-01 9.9264473722e-01 3.0000000000e+02 -2.9645530154e-07 -1.7098862569e-13 9.9264472139e-08 2.9645546378e-07 -1.9719021945e-07 1.7106681718e-13 -9.9265442546e-08 2.7262850832e-14
d  1.3634776426e-02 2.4556578058e+00 -2.0000000000e-01 9.9270267286e-01 3.0000000000e+02 -2.9379965605e-07 -1.7472547719e-13 9.9270265955e-08 2.9379979185e-07 -1.9452884988e-07 1.7479551573e-13 -9.9271142807e-08 2.6104807216e-14
d  1.3634910117e-02 2.4555642225e+00 -2.0000000000e-01 9.9274089358e-01 3.0000000000e+02 -2.9216579740e-07 -1.7726715846e-13 9.9274087604e-08 2.9216597405e-07 -1.9289116824e-07 1.7736485584e-13 -9.9275008403e-08 2.5319632462e-14
d  1.3635070545e-02 2.4554519227e+00 -2.0000000000e-01 9.9279060657e-01 3.0000000000e+02 -2.9015987017e-07 -1.8058520261e-13 9.9279059284e-08 2.9016000807e-07 -1.9088038696e-07 1.8066656593e-13 -9.9279825956e-08 2.4283944071e-14
d  1.3635263059e-02 2.4553171628e+00 -2.0000000000e-01 9.9285644620e-01 3.0000000000e+02 -2.8767986523e-07 -1.8497672812e-13 9.9285643109e-08 2.8768001698e-07 -1.8839359401e-07 1.8506393128e-13 -9.9286630888e-08 2.2909316444e-14
d  1.3635378568e-02 2.4552363069e+00 -2.0000000000e-01 9.9289953997e-01 3.0000000000e+02 -2.8614953517e-07 -1.8802297090e-13 9.9289952297e-08 2.8614970339e-07 -1.8685911312e-07 1.8812800294e-13 -9.9290800224e-08 2.1960519753e-14
d  1.3635517178e-02 2.4551392798e+00 -2.0000000000e-01 9.9295524425e-01 3.0000000000e+02 -2.8426608945e-07 -1.9194759730e-13 9.9295521688e-08 2.8426636003e-07 -1.8496959323e-07 1.9210629307e-13 -9.9296979518e-08 2.0727891476e-14
d  1.3635683510e-02 2.4550228473e+00 -2.0000000000e-01 9.9302864286e-01 3.0000000000e+02 -2.8192823711e-07 -1.9735616936e-13 9.9302862676e-08 2.8192839618e-07 -1.8262472925e-07 1.9745878248e-13 -9.9303883216e-08 1.9009297016e-14
d  1.3635783310e-02 2.4549529878e+00 -2.0000000000e-01 9.9307646179e-01 3.0000000000e+02 -2.8048070544e-07 -2.0103737255e-13 9.9307644641e-08 2.8048085483e-07 -1.8117271449e-07 2.0114235232e-13 -9.9308359201e-08 1.7863947240e-14
d  1.3635903069e-02 2.4548691563e+00 -2.0000000000e-01 9.9313810930e-01 3.0000000000e+02 -2.7869299103e-07 -2.0592178173e-13 9.9313808389e-08 2.7869323767e-07 -1.7937838867e-07 2.0608429401e-13 -9.9315071319e-08 1.6332114373e-14
d  1.3636046780e-02 2.4547685586e+00 -2.0000000000e-01 9.9321917782e-01 3.0000000000e+02 -2.7646319802e-07 -2.1269931451e-13 9.9321916175e-08 2.7646335426e-07 -1.7714070038e-07 2.1281202933e-13 -9.9322880665e-08 1.4171933590e-14
d  1.3636133006e-02 2.4547082000e+00 -2.0000000000e-01 9.9327192900e-01 3.0000000000e+02 -2.7507643521e-07 -2.1733081000e-13 9.9327190167e-08 2.7507669581e-07 -1.7574857419e-07 2.1751432137e-13 -9.9328351689e-08 1.2735128944e-14
d  1.3636236478e-02 2.4546357697e+00 -2.0000000000e-01 9.9333995977e-01 3.0000000000e+02 -2.7335591096e-07 -2.2365147316e-13 9.9333993771e-08 2.7335612112e-07 -1.7402135784e-07 2.2380556516e-13 -9.9334997571e-08 1.0728232164e-14
d  1.3636360645e-02 2.4545488533e+00 -2.0000000000e-01 9.9342944885e-01 3.0000000000e+02 -2.7119746719e-07 -2.3230723329e-13 9.9342943387e-08 2.7119761034e-07 -1.7185407684e-07 2.3242184608e-13 -9.9343773746e-08 7.9813143130e-15
d  1.3636435144e-02 2.4544967034e+00 -2.0000000000e-01 9.9348777542e-01 3.0000000000e+02 -2.6984724277e-07 -2.3840587980e-13 9.9348775351e-08 2.6984744736e-07 -1.7049807755e-07 2.3856544187e-13 -9.9349614263e-08 6.0689532400e-15
d  1.3636524544e-02 2.4544341236e+00 -2.0000000000e-01 9.9356314385e-01 3.0000000000e+02 -2.6816278317e-07 -2.4675448429e-13 9.9356312595e-08 2.6816295021e-07 -1.6880615488e-07 2.4689019430e-13 -9.9357045443e-08 3.4309887655e-15
d  1.3636631824e-02 2.4543590278e+00 -2.0000000000e-01 9.9366267690e-01 3.0000000000e+02 -2.6603288030e-07 -2.5843440931e-13 9.9366265170e-08 2.6603311681e-07 -1.6666584824e-07 2.5862455082e-13 -9.9367526800e-08 -2.5985399487e-16
d  1.3636696192e-02 2.4543139704e+00 -2.0000000000e-01 9.9372785143e-01 3.0000000000e+02 -2.6469007404e-07 -2.6687769780e-13 9.9372781483e-08 2.6469040843e-07 -1.6531664306e-07 2.6714279183e-13 -9.9374029236e-08 -2.9006917662e-15
d  1.3636773433e-02 2.4542599014e+00 -2.0000000000e-01 9.9381245622e-01 3.0000000000e+02 -2.6300238812e-07 -2.7851341260e-13 9.9381242713e-08 2.6300265405e-07 -1.6362062467e-07 2.7873077671e-13 -9.9382301185e-08 -6.5441131049e-15
d  1.3636866123e-02 2.4541950186e+00 -2.0000000000e-01 9.9392505778e-01 3.0000000000e+02 -2.6084520245e-07 -2.9515877459e-13 9.9392503692e-08 2.6084539423e-07 -1.6145224759e-07 2.9532646662e-13 -9.9393429934e-08 -1.1802373705e-14
d  1.3636921737e-02 2.4541560890e+00 -2.0000000000e-01 9.9399932789e-01 3.0000000000e+02 -2.5947133860e-07 -3.0731841586e-13 9.9399930096e-08 2.5947157867e-07 -1.6007112937e-07 3.0752646382e-13 -9.9400740939e-08 -1.5578854104e-14
d  1.3636988473e-02 2.4541093734e+00 -2.0000000000e-01 9.9409653102e-01 3.0000000000e+02 -2.5772683090e-07 -3.2451233368e-13 9.9409650953e-08 2.5772702255e-07 -1.5831698734e-07 3.2468376475e-13 -9.9410338667e-08 -2.0933594435e-14
d  1.3637068557e-02 2.4540533147e+00 -2.0000000000e-01 9.9422753505e-01 3.0000000000e+02 -2.5546328137e-07 -3.4997351540e-13 9.9422751871e-08 2.5546342826e-07 -1.5604036241e-07 3.5011324295e-13 -9.9423386903e-08 -2.8876743248e-14
d  1.3637116607e-02 2.4540196795e+00 -2.0000000000e-01 9.9431499484e-01 3.0000000000e+02 -2.5400077809e-07 -3.6902629105e-13 9.9431497587e-08 2.5400094248e-07 -1.5456927778e-07 3.6918375497e-13 -9.9431998905e-08 -3.4713466899e-14
d  1.3637174268e-02 2.4539793172e+00 -2.0000000000e-01 9.9443090755e-01 3.0000000000e+02 -2.5211681471e-07 -3.9654286361e-13 9.9443087214e-08 2.5211712213e-07 -1.5267339836e-07 3.9682074087e-13 -9.9444077251e-08 -4.3127603055e-14
d  1.3637243460e-02 2.4539308825e+00 -2.0000000000e-01 9.9459026973e-01 3.0000000000e+02 -2.4962273290e-07 -4.3739888536e-13 9.9459024517e-08 2.4962294821e-07 -1.5016347804e-07 4.3760345994e-13 -9.9459850975e-08 -5.6360074499e-14
d  1.3637326491e-02 2.4538727609e+00 -2.0000000000e-01 9.9482093255e-01 3.0000000000e+02 -2.4619276390e-07 -5.0063238140e-13 9.9482090501e-08 2.4619300652e-07 -1.4671016033e-07 5.0088074911e-13 -9.9483268631e-08 -7.8225290485e-14
d  1.3637376310e-02 2.4538378879e+00 -2.0000000000e-01 9.9498520632e-01 3.0000000000e+02 -2.4384030417e-07 -5.5946552678e-13 9.9498518402e-08 2.4384049286e-07 -1.4434183637e-07 5.5965442622e-13 -9.9499120473e-08 -9.5163183301e-14
d  1.3637436092e-02 2.4537960403e+00 -2.0000000000e-01 9.9521942461e-01 3.0000000000e+02 -2.4059605083e-07 -6.5550820400e-13 9.9521940145e-08 2.4059624635e-07 -1.4107417047e-07 6.5570809409e-13 -9.9522607720e-08 -1.2368605154e-13
d  1.3637471962e-02 2.4537709317e+00 -2.0000000000e-01 9.9538495610e-01 3.0000000000e+02 -2.3836865581e-07 -7.3497792003e-13 9.9538492834e-08 2.3836887838e-07 -1.3883042272e-07 7.3521499700e-13 -9.9539043692e-08 -1.4674386120e-13
d  1.3637515005e-02 2.4537408014e+00 -2.0000000000e-01 9.9561839900e-01 3.0000000000e+02 -2.3530762885e-07 -8.6267757777e-13 9.9561837700e-08 2.3530780506e-07 -1.3574619126e-07 8.6286878589e-13 -9.9562292772e-08 -1.8347691228e-13
d  1.3637566657e-02 2.4537046451e+00 -2.0000000000e-01 9.9597181931e-01 3.0000000000e+02 -2.3082522685e-07 -1.0930768090e-12 9.9597179939e-08 2.3082538779e-07 -1.3122857110e-07 1.0932538905e-12 -9.9597661381e-08 -2.4830657714e-13
d  1.3637597648e-02 2.4536829513e+00 -2.0000000000e-01 9.9623489510e-01 3.0000000000e+02 -2.2758196640e-07 -1.2991286611e-12 9.9623487292e-08 2.2758213464e-07 -1.2795927058e-07 1.2993281074e-12 -9.9623860083e-08 -3.0288809462e-13
d  1.3637634837e-02 2.4536569188e+00 -2.0000000000e-01 9.9662660743e-01 3.0000000000e+02 -2.2287821274e-07 -1.6562154854e-12 9.9662658937e-08 2.2287834885e-07 -1.2321663961e-07 1.6563793578e-12 -9.9662969528e-08 -3.9571230393e-13
d  1.3637679464e-02 2.4536256797e+00 -2.0000000000e-01 9.9727190673e-01 3.0000000000e+02 -2.1539971571e-07 -2.3841183482e-12 9.9727188774e-08 2.1539985901e-07 -1.1567411349e-07 2.3842878549e-12 -9.9727554775e-08 -5.7478824806e-13
d  1.3637706241e-02 2.4536069363e+00 -2.0000000000e-01 9.9778748398e-01 3.0000000000e+02 -2.0961025960e-07 -3.1146559740e-12 9.9778746600e-08 2.0961038426e-07 -1.0983377952e-07 3.1148239567e-12 -9.9778987608e-08 -7.3150695111e-13
d  1.3637738372e-02 2.4535844442e+00 -2.0000000000e-01 9.9861178053e-01 3.0000000000e+02 -2.0064723717e-07 -4.5259532115e-12 9.9861173733e-08 2.0064753003e-07 -1.0078930873e-07 4.5263130864e-12 -9.9861735685e-08 -1.0115662881e-12
d  1.3637776930e-02 2.4535574536e+00 -2.0000000000e-01 1.0000951553e+00 3.0000000000e+02 -1.8525062055e-07 -7.8704634475e-12 1.0000951240e-07 1.8525082572e-07 -8.5247237982e-08 7.8707035970e-12 -1.0000990842e-07 -1.5490232674e-12
d  1.3637823200e-02 2.4535250649e+00 -2.0000000000e-01 1.0029338422e+00 3.0000000000e+02 -1.5741122482e-07 -1.7410660950e-11 1.0029338209e-07 1.5741135126e-07 -5.7132902491e-08 1.7410787825e-11 -1.0029358213e-07 -2.2769731822e-12
d  1.3637878723e-02 2.4534861986e+00 -2.0000000000e-01 1.0059420143e+00 3.0000000000e+02 -1.2489669429e-07 -3.3846317930e-11 1.0059420083e-07 1.2489672570e-07 -2.4336010472e-08 3.3846351691e-11 -1.0059423642e-07 -3.2479260818e-13
d  1.3637940406e-02 2.4534430210e+00 -2.0000000000e-01 1.0063132562e+00 3.0000000000e+02 -1.0863054146e-07 -3.6093385351e-11 1.0063132522e-07 1.0863056132e-07 -8.0382229909e-09 3.6093410736e-11 -1.0063134621e-07 2.9137367750e-12
d  1.3637985797e-02 2.4534112468e+00 -2.0000000000e-01 1.0061045604e+00 3.0000000000e+02 -1.0433286098e-07 -2.7499753571e-11 1.0061045560e-07 1.0433288122e-07 -3.7519381205e-09 2.7499781206e-11 -1.0061047679e-07 2.0339214799e-12
d  1.3638027567e-02 2.4533820080e+00 -2.0000000000e-01 1.0060518499e+00 3.0000000000e+02 -1.0262855818e-07 -2.1232597185e-11 1.0060518404e-07 1.0262860016e-07 -2.0458853721e-09 2.1232636560e-11 -1.0060522753e-07 1.2800297290e-12
d  1.3638066277e-02 2.4533549113e+00 -2.0000000000e-01 1.0060463447e+00 3.0000000000e+02 -1.0185444986e-07 -1.7680688465e-11 1.0060463436e-07 1.0185445435e-07 -1.2685691505e-09 1.7680710963e-11 -1.0060463932e-07 1.0732064535e-12
d  1.3638110785e-02 2.4533237553e+00 -2.0000000000e-01 1.0060300713e+00 3.0000000000e+02 -1.0138584904e-07 -1.4633618054e-11 1.0060300705e-07 1.0138585223e-07 -7.9840901139e-10 1.4633639537e-11 -1.0060301067e-07 9.3384817624e-13
d  1.3638164195e-02 2.4532863682e+00 -2.0000000000e-01 1.0060007515e+00 3.0000000000e+02 -1.0109265093e-07 -1.1798468350e-11 1.0060007511e-07 1.0109265279e-07 -5.0514844265e-10 1.1798488991e-11 -1.0060007736e-07 7.7450999459e-13
d  1.3638227132e-02 2.4532423124e+00 -2.0000000000e-01 1.0059634899e+00 3.0000000000e+02 -1.0091289716e-07 -9.3979702902e-12 1.0059634820e-07 1.0091293630e-07 -3.2657657355e-10 9.3979988459e-12 -1.0059638851e-07 6.3078204428e-13
d  1.3638301941e-02 2.4531899459e+00 -2.0000000000e-01 1.0059178928e+00 3.0000000000e+02 -1.0079945813e-07 -7.4606676562e-12 1.0059178885e-07 1.0079947999e-07 -2.1564449993e-10 7.4606910252e-12 -1.0059181150e-07 5.1506629597e-13
d  1.3638391713e-02 2.4531271062e+00 -2.0000000000e-01 1.0058617422e+00 3.0000000000e+02 -1.0072490249e-07 -5.9192622331e-12 1.0058617398e-07 1.0072491521e-07 -1.4507013477e-10 5.9192835776e-12 -1.0058618729e-07 4.2286950531e-13
d  1.3638499438e-02 2.4530516985e+00 -2.0000000000e-01 1.0057931585e+00 3.0000000000e+02 -1.0067371337e-07 -4.7037369544e-12 1.0057931571e-07 1.0067372137e-07 -9.9450498586e-11 4.7037575266e-12 -1.0057932420e-07 3.4953492512e-13
d  1.3638628708e-02 2.4529612092e+00 -2.0000000000e-01 1.0057099989e+00 3.0000000000e+02 -1.0063638400e-07 -3.7487380344e-12 1.0057099980e-07 1.0063638905e-07 -6.9424005754e-11 3.7487582761e-12 -1.0057100528e-07 2.9145629006e-13
d  1.3638783833e-02 2.4528526221e+00 -2.0000000000e-01 1.0056096165e+00 3.0000000000e+02 -1.0060700872e-07 -2.9987557904e-12 1.0056096159e-07 1.0060701197e-07 -4.9291051172e-11 2.9987758928e-12 -1.0056096524e-07 2.4553597219e-13
d  1.3638969982e-02 2.4527223176e+00 -2.0000000000e-01 1.0054887529e+00 3.0000000000e+02 -1.0058180242e-07 -2.4091581792e-12 1.0054887525e-07 1.0058180458e-07 -3.5545187727e-11 2.4091782229e-12 -1.0054887779e-07 2.0921180294e-13
d  1.3639193361e-02 2.4525659522e+00 -2.0000000000e-01 1.0053434400e+00 3.0000000000e+02 -1.0055821649e-07 -1.9447914378e-12 1.0053434398e-07 1.0055821797e-07 -2.5997396755e-11 1.9448114565e-12 -1.0053434583e-07 1.8043455966e-13
d  1.3639461416e-02 2.4523783137e+00 -2.0000000000e-01 1.0051688760e+00 3.0000000000e+02 -1.0053441052e-07 -1.5781720358e-12 1.0051688758e-07 1.0053441158e-07 -1.9258357142e-11 1.5781920435e-12 -1.0051688900e-07 1.5758645389e-13
d  1.3639783082e-02 2.4521531475e+00 -2.0000000000e-01 1.0049592704e+00 3.0000000000e+02 -1.0050893078e-07 -1.2879634527e-12 1.0049592703e-07 1.0050893157e-07 -1.4430779097e-11 1.2879834556e-12 -1.0049592818e-07 1.3940129814e-13
d  1.3640169082e-02 2.4518829481e+00 -2.0000000000e-01 1.0047076577e+00 3.0000000000e+02 -1.0048050889e-07 -1.0575587423e-12 1.0047076576e-07 1.0048050950e-07 -1.0925242265e-11 1.0575787430e-12 -1.0047076673e-07 1.2488589675e-13
d  1.3640632281e-02 2.4515587088e+00 -2.0000000000e-01 1.0044056671e+00 3.0000000000e+02 -1.0044792809e-07 -8.7398329720e-13 1.0044056670e-07 1.0044792857e-07 -8.3482925324e-12 8.7400329689e-13 -1.0044056754e-07 1.1325909658e-13
d  1.3641188120e-02 2.4511696216e+00 -2.0000000000e-01 1.0040432464e+00 3.0000000000e+02 -1.0040992700e-07 -7.2713545030e-13 1.0040432463e-07 1.0040992737e-07 -6.4330868161e-12 7.2715544962e-13 -1.0040432535e-07 1.0390881330e-13
d  1.3641855127e-02 2.4507027170e+00 -2.0000000000e-01 1.0036083280e+00 3.0000000000e+02 -1.0036512319e-07 -6.0922779001e-13 1.0036083279e-07 1.0036512347e-07 -4.9956576127e-12 6.0924778924e-13 -1.0036083342e-07 9.6360766875e-14
d  1.3642655535e-02 2.4501424315e+00 -2.0000000000e-01 1.0030864291e+00 3.0000000000e+02 -1.0031194579e-07 -5.1428908791e-13 1.0030864291e-07 1.0031194595e-07 -3.9070858867e-12 5.1430908726e-13 -1.0030864342e-07 9.0249855427e-14
d  1.3643616025e-02 2.4494700888e+00 -2.0000000000e-01 1.0024601703e+00 3.0000000000e+02 -1.0024857019e-07 -4.3767011157e-13 1.0024601702e-07 1.0024857014e-07 -3.0758051719e-12 4.3769011125e-13 -1.0024601732e-07 8.5290611154e-14
d  1.3644768612e-02 2.4486632777e+00 -2.0000000000e-01 1.0017086980e+00 3.0000000000e+02 -1.0017284936e-07 -3.7566186974e-13 1.0017086980e-07 1.0017284887e-07 -2.4361468796e-12 3.7568187010e-13 -1.0017086967e-07 8.1254010317e-14
d  1.3646151717e-02 2.4476951043e+00 -2.0000000000e-01 1.0008069929e+00 3.0000000000e+02 -1.0008223690e-07 -3.2530440490e-13 1.0008069931e-07 1.0008223543e-07 -1.9405489447e-12 3.2532440666e-13 -1.0008069816e-07 7.7956230848e-14
d  1.3647811444e-02 2.4465332962e+00 -2.0000000000e-01 9.9972503906e-01 3.0000000000e+02 -9.9973698887e-08 -2.8426313271e-13 9.9972503953e-08 9.9973695108e-08 -1.5541725797e-12 2.8428313730e-13 -9.9972500472e-08 7.5251598654e-14
d  1.3649803115e-02 2.4451391265e+00 -2.0000000000e-01 9.9842682916e-01 3.0000000000e+02 -9.9843610768e-08 -2.5069094202e-13 9.9842683033e-08 9.9843601611e-08 -1.2512456712e-12 2.5071095237e-13 -9.9842674103e-08 7.3024323698e-14
d  1.3652193121e-02 2.4434661229e+00 -2.0000000000e-01 9.9686917176e-01 3.0000000000e+02 -9.9687635762e-08 -2.2310936499e-13 9.9686917432e-08 9.9687616022e-08 -1.0125553224e-12 2.2312938506e-13 -9.9686897780e-08 7.1181246936e-14
d  1.3655061128e-02 2.4414585185e+00 -2.0000000000e-01 9.9500026274e-01 3.0000000000e+02 -9.9500580304e-08 -2.0032926667e-13 9.9500026146e-08 9.9500589827e-08 -8.2368345453e-13 2.0034925782e-13 -9.9500036141e-08 6.9647179345e-14
d  1.3658502737e-02 2.4390493933e+00 -2.0000000000e-01 9.9275797265e-01 3.0000000000e+02 -9.9276221594e-08 -1.8138484898e-13 9.9275797232e-08 9.9276223903e-08 -6.7374997414e-13 1.8140484695e-13 -9.9275799918e-08 6.8360156220e-14
d  1.3662632667e-02 2.4361584430e+00 -2.0000000000e-01 9.9006780435e-01 3.0000000000e+02 -9.9007102499e-08 -1.6550664116e-13 9.9006780391e-08 9.9007105601e-08 -5.5451901381e-13 1.6552663883e-13 -9.9006783880e-08 6.7271316030e-14
d  1.3667588583e-02 2.4326893026e+00 -2.0000000000e-01 9.8684046419e-01 3.0000000000e+02 -9.8684288079e-08 -1.5209829759e-13 9.8684046344e-08 9.8684293637e-08 -4.5977751038e-13 1.5211829405e-13 -9.8684052320e-08 6.6341918253e-14
d  1.3673535682e-02 2.4285263342e+00 -2.0000000000e-01 9.8296887404e-01 3.0000000000e+02 -9.8297066345e-08 -1.4075134735e-13 9.8296887319e-08 9.8297072641e-08 -3.8491738169e-13 1.4077134386e-13 -9.8296894042e-08 6.5546861103e-14
d  1.3680672202e-02 2.4235307721e+00 -2.0000000000e-01 9.7832472026e-01 3.0000000000e+02 -9.7832602826e-08 -1.3130501662e-13 9.7832471919e-08 9.7832610818e-08 -3.2666167200e-13 1.3132501277e-13 -9.7832480359e-08 6.4876923020e-14
d  1.3689236025e-02 2.4175360976e+00 -2.0000000000e-01 9.7275428638e-01 3.0000000000e+02 -9.7275523421e-08 -1.2393918415e-13 9.7275428513e-08 9.7275532839e-08 -2.8274944670e-13 1.2395918018e-13 -9.7275438396e-08 6.4346947908e-14
d  1.3699512613e-02 2.4103424882e+00 -2.0000000000e-01 9.6607346334e-01 3.0000000000e+02 -9.6607414751e-08 -1.1904637141e-13 9.6607346189e-08 9.6607425647e-08 -2.5113289087e-13 1.1906636737e-13 -9.6607357568e-08 6.3986784315e-14
d  1.3711844518e-02 2.4017101570e+00 -2.0000000000e-01 9.5806187562e-01 3.0000000000e+02 -9.5806236088e-08 -1.1663997082e-13 9.5806187392e-08 9.5806248972e-08 -2.2864791543e-13 1.1665996658e-13 -9.5806200782e-08 6.3798551017e-14
d  1.3726642804e-02 2.3913513594e+00 -2.0000000000e-01 9.4845595188e-01 3.0000000000e+02 -9.4845626672e-08 -1.1592856143e-13 9.4845595023e-08 9.4845639082e-08 -2.1082431856e-13 1.1594855773e-13 -9.4845607933e-08 6.3726119939e-14
d  1.3744400748e-02 2.3789208024e+00 -2.0000000000e-01 9.3694053138e-01 3.0000000000e+02 -9.3694067635e-08 -1.1587274082e-13 9.3694053136e-08 9.3694067614e-08 -1.9375291930e-13 1.1589274076e-13 -9.3694053450e-08 6.3695570275e-14
d  1.3765710280e-02 2.3640041339e+00 -2.0000000000e-01 9.2313939116e-01 3.0000000000e+02 -9.2313935413e-08 -1.1586009785e-13 9.2313939114e-08 9.2313935387e-08 -1.7550976223e-13 1.1588009780e-13 -9.2313939420e-08 6.3661587178e-14
d  1.3791281719e-02 2.3461041317e+00 -2.0000000000e-01 9.0660404264e-01 3.0000000000e+02 -9.0660381049e-08 -1.1570963379e-13 9.0660404263e-08 9.0660380869e-08 -1.5579942126e-13 1.1572963378e-13 -9.0660404408e-08 6.3609332554e-14
d  1.3806624583e-02 2.3353641304e+00 -2.0000000000e-01 8.9669689492e-01 3.0000000000e+02 -8.9669655700e-08 -1.1557039485e-13 8.9669689417e-08 8.9669661236e-08 -1.4504852192e-13 1.1559039279e-13 -8.9669695351e-08 6.3573379484e-14
d  1.3825036019e-02 2.3224761289e+00 -2.0000000000e-01 8.8482271830e-01 3.0000000000e+02 -8.8482226396e-08 -1.1538144062e-13 8.8482271825e-08 8.8482226543e-08 -1.3317465723e-13 1.1540144048e-13 -8.8482272298e-08 6.3527901962e-14
d  1.3847129742e-02 2.3070105270e+00 -2.0000000000e-01 8.7059510542e-01 3.0000000000e+02 -8.7059452543e-08 -1.1513962684e-13 8.7059510541e-08 8.7059452389e-08 -1.2031425273e-13 1.1515962682e-13 -8.7059510705e-08 6.3470970431e-14
d  1.3860385976e-02 2.2977311659e+00 -2.0000000000e-01 8.6207013070e-01 3.0000000000e+02 -8.6206948209e-08 -1.1498715284e-13 8.6207012983e-08 8.6206954656e-08 -1.1326581455e-13 1.1500714949e-13 -8.6207019832e-08 6.3434991381e-14
d  1.3876293457e-02 2.2865959326e+00 -2.0000000000e-01 8.5185202055e-01 3.0000000000e+02 -8.5185129573e-08 -1.1480073483e-13 8.5185202051e-08 8.5185129682e-08 -1.0541512637e-13 1.1482073466e-13 -8.5185202478e-08 6.3390941315e-14
d  1.3895382433e-02 2.2732336526e+00 -2.0000000000e-01 8.3960791921e-01 3.0000000000e+02 -8.3960711103e-08 -1.1457091955e-13 8.3960791917e-08 8.3960711191e-08 -9.6798465047e-14 1.1459091940e-13 -8.3960792320e-08 6.3336379144e-14
d  1.3906835819e-02 2.2652162846e+00 -2.0000000000e-01 8.3227104319e-01 3.0000000000e+02 -8.3227018896e-08 -1.1442702776e-13 8.3227104230e-08 8.3227025495e-08 -9.2015987970e-14 1.1444702314e-13 -8.3227111228e-08 6.3301819249e-14
d  1.3920579883e-02 2.2555954430e+00 -2.0000000000e-01 8.2347647708e-01 3.0000000000e+02 -8.2347557113e-08 -1.1425400225e-13 8.2347647617e-08 8.2347563929e-08 -8.6631112132e-14 1.1427399756e-13 -8.2347654832e-08 6.3260352513e-14
d  1.3937072759e-02 2.2440504330e+00 -2.0000000000e-01 8.1293749138e-01 3.0000000000e+02 -8.1293652820e-08 -1.1403846025e-13 8.1293749137e-08 8.1293652654e-08 -8.0643711878e-14 1.1405846022e-13 -8.1293749277e-08 6.3208270498e-14
d  1.3946968484e-02 2.2371234271e+00 -2.0000000000e-01 8.0662187830e-01 3.0000000000e+02 -8.0662088315e-08 -1.1390614948e-13 8.0662187746e-08 8.0662094683e-08 -7.7282065001e-14 1.1392614363e-13 -8.0662194503e-08 6.3176119863e-14
d  1.3958843355e-02 2.2288110199e+00 -2.0000000000e-01 7.9905103384e-01 3.0000000000e+02 -7.9905000246e-08 -1.1374522919e-13 7.9905103299e-08 7.9905006639e-08 -7.3461456854e-14 1.1376522345e-13 -7.9905110080e-08 6.3136940720e-14
d  1.3973093200e-02 2.2188361314e+00 -2.0000000000e-01 7.8997762871e-01 3.0000000000e+02 -7.8997655679e-08 -1.1354886433e-13 7.8997762867e-08 7.8997655817e-08 -6.9164621130e-14 1.1356886406e-13 -7.8997763310e-08 6.3088976113e-14
d  1.3981643107e-02 2.2128511982e+00 -2.0000000000e-01 7.8453978526e-01 3.0000000000e+02 -7.8453869046e-08 -1.1342853033e-13 7.8453978446e-08 7.8453875070e-08 -6.6727954651e-14 1.1344852322e-13 -7.8453984850e-08 6.3059426897e-14
d  1.3991902995e-02 2.2056692784e+00 -2.0000000000e-01 7.7802067050e-01 3.0000000000e+02 -7.7801954959e-08 -1.1328211786e-13 7.7802066971e-08 7.7801960937e-08 -6.3935878704e-14 1.1330211101e-13 -7.7802073326e-08 6.3023259473e-14
d  1.4004214861e-02 2.1970509747e+00 -2.0000000000e-01 7.7020700158e-01 3.0000000000e+02 -7.7020585117e-08 -1.1310358977e-13 7.7020700070e-08 7.7020591826e-08 -6.0764710281e-14 1.1312358307e-13 -7.7020707164e-08 6.2978989287e-14
d  1.4018989100e-02 2.1867090102e+00 -2.0000000000e-01 7.6084421772e-01 3.0000000000e+02 -7.6084303435e-08 -1.1288596633e-13 7.6084421769e-08 7.6084303446e-08 -5.7200375662e-14 1.1290596613e-13 -7.6084422077e-08 6.2924819124e-14
d  1.4027853644e-02 2.1805038315e+00 -2.0000000000e-01 7.5523382614e-01 3.0000000000e+02 -7.5523262423e-08 -1.1275317800e-13 7.5523382542e-08 7.5523267938e-08 -5.5179870706e-14 1.1277317073e-13 -7.5523388423e-08 6.2891443726e-14
d  1.4038491096e-02 2.1730576171e+00 -2.0000000000e-01 7.4850875231e-01 3.0000000000e+02 -7.4850752927e-08 -1.1259125183e-13 7.4850875160e-08 7.4850758374e-08 -5.2865258285e-14 1.1261124486e-13 -7.4850880971e-08 6.2850575479e-14
d  1.4051256039e-02 2.1641221598e+00 -2.0000000000e-01 7.4044952963e-01 3.0000000000e+02 -7.4044828276e-08 -1.1239436497e-13 7.4044952959e-08 7.4044828391e-08 -5.0236926450e-14 1.1241436461e-13 -7.4044953370e-08 6.2800689500e-14
d  1.4058915004e-02 2.1587608854e+00 -2.0000000000e-01 7.3561979802e-01 3.0000000000e+02 -7.3561853761e-08 -1.1227390353e-13 7.3561979737e-08 7.3561858773e-08 -4.8733840062e-14 1.1229389519e-13 -7.3561985103e-08 6.2769968123e-14
d  1.4068105763e-02 2.1523273562e+00 -2.0000000000e-01 7.2982998269e-01 3.0000000000e+02 -7.2982870676e-08 -1.1212820798e-13 7.2982998205e-08 7.2982875599e-08 -4.6999520294e-14 1.1214820006e-13 -7.2983003480e-08 6.2732638499e-14
d  1.4079134673e-02 2.1446071210e+00 -2.0000000000e-01 7.2289080132e-01 3.0000000000e+02 -7.2288950774e-08 -1.1195104556e-13 7.2289080131e-08 7.2288950661e-08 -4.5013393070e-14 1.1197104542e-13 -7.2289080306e-08 6.2687085300e-14
d  1.4092369366e-02 2.1353428389e+00 -2.0000000000e-01 7.1457636913e-01 3.0000000000e+02 -7.1457505569e-08 -1.1173617071e-13 7.1457636913e-08 7.1457505390e-08 -4.2758843982e-14 1.1175617067e-13 -7.1457637019e-08 6.2631596269e-14
d  1.4100310181e-02 2.1297842696e+00 -2.0000000000e-01 7.0959442834e-01 3.0000000000e+02 -7.0959310365e-08 -1.1160467677e-13 7.0959442777e-08 7.0959314752e-08 -4.1469887804e-14 1.1162466878e-13 -7.0959447505e-08 6.2597385803e-14
d  1.4109839160e-02 2.1231139865e+00 -2.0000000000e-01 7.0362283488e-01 3.0000000000e+02 -7.0362149730e-08 -1.1144680599e-13 7.0362283431e-08 7.0362154163e-08 -3.9982691395e-14 1.1146679820e-13 -7.0362288204e-08 6.2556254203e-14
d  1.4121273934e-02 2.1151096467e+00 -2.0000000000e-01 6.9646683106e-01 3.0000000000e+02 -6.9646547887e-08 -1.1125401140e-13 6.9646683102e-08 6.9646547985e-08 -3.8279829137e-14 1.1127401095e-13 -6.9646683484e-08 6.2505706560e-14
d  1.4134995663e-02 2.1055044390e+00 -2.0000000000e-01 6.8789412931e-01 3.0000000000e+02 -6.8789276072e-08 -1.1102072385e-13 6.8789412930e-08 6.8789275962e-08 -3.6346638161e-14 1.1104072372e-13 -6.8789413100e-08 6.2444241287e-14
d  1.4143228701e-02 2.0997413144e+00 -2.0000000000e-01 6.8275824836e-01 3.0000000000e+02 -6.8275687051e-08 -1.1087823454e-13 6.8275824433e-08 6.8275720033e-08 -3.5241199431e-14 1.1089817178e-13 -6.8275858096e-08 6.2406402266e-14
d  1.4153108346e-02 2.0928255648e+00 -2.0000000000e-01 6.7660298315e-01 3.0000000000e+02 -6.7660159471e-08 -1.1070638451e-13 6.7660298315e-08 6.7660159327e-08 -3.3965515141e-14 1.1072638439e-13 -6.7660298449e-08 6.2360553709e-14
d  1.4164963920e-02 2.0845266653e+00 -2.0000000000e-01 6.6922806373e-01 3.0000000000e+02 -6.6922666329e-08 -1.1049856173e-13 6.6922806364e-08 6.6922666861e-08 -3.2503983719e-14 1.1051856056e-13 -6.6922807180e-08 6.2304883718e-14
d  1.4172077264e-02 2.0795473257e+00 -2.0000000000e-01 6.6480919269e-01 3.0000000000e+02 -6.6480778543e-08 -1.1037125162e-13 6.6480918901e-08 6.6480808983e-08 -3.1661704529e-14 1.1039117958e-13 -6.6480949983e-08 6.2270571506e-14
d  1.4180613278e-02 2.0735721180e+00 -2.0000000000e-01 6.5951257896e-01 3.0000000000e+02 -6.5951116382e-08 -1.1022082909e-13 6.5951257844e-08 6.5951120563e-08 -3.0683095095e-14 1.1024081917e-13 -6.5951262351e-08 6.2229868807e-14
d  1.4190856494e-02 2.0664018689e+00 -2.0000000000e-01 6.5316549904e-01 3.0000000000e+02 -6.5316407493e-08 -1.1003660488e-13 6.5316549902e-08 6.5316407413e-08 -2.9553717625e-14 1.1005660463e-13 -6.5316550096e-08 6.2179853024e-14
d  1.4203148353e-02 2.0577975699e+00 -2.0000000000e-01 6.4556202349e-01 3.0000000000e+02 -6.4556058927e-08 -1.0981320445e-13 6.4556202349e-08 6.4556058778e-08 -2.8259436408e-14 1.0983320436e-13 -6.4556202470e-08 6.2118616508e-14
d  1.4210523468e-02 2.0526349905e+00 -2.0000000000e-01 6.4100680217e-01 3.0000000000e+02 -6.4100536218e-08 -1.0967906309e-13 6.4100679889e-08 6.4100563974e-08 -2.7512923930e-14 1.0969899271e-13 -6.4100708242e-08 6.2081779042e-14
d  1.4219373607e-02 2.0464398953e+00 -2.0000000000e-01 6.3554741794e-01 3.0000000000e+02 -6.3554597134e-08 -1.0951694049e-13 6.3554741794e-08 6.3554596967e-08 -2.6645677337e-14 1.0953694040e-13 -6.3554741895e-08 6.2036983624e-14
d  1.4229993773e-02 2.0390057810e+00 -2.0000000000e-01 6.2900617760e-01 3.0000000000e+02 -6.2900472347e-08 -1.0932166013e-13 6.2900617757e-08 6.2900472413e-08 -2.5644019135e-14 1.0934165957e-13 -6.2900618094e-08 6.1982837887e-14
d  1.4242737973e-02 2.0300848438e+00 -2.0000000000e-01 6.2117131503e-01 3.0000000000e+02 -6.2116985241e-08 -1.0908540606e-13 6.2117131495e-08 6.2116985780e-08 -2.4495291476e-14 1.0910540472e-13 -6.2117132307e-08 6.1916926825e-14
d  1.4250384493e-02 2.0247322815e+00 -2.0000000000e-01 6.1647817020e-01 3.0000000000e+02 -6.1647670278e-08 -1.0894171131e-13 6.1647816990e-08 6.1647672704e-08 -2.3832622710e-14 1.0896170421e-13 -6.1647819710e-08 6.1876577688e-14
d  1.4259560316e-02 2.0183092067e+00 -2.0000000000e-01 6.1085414145e-01 3.0000000000e+02 -6.1085266851e-08 -1.0877076383e-13 6.1085414145e-08 6.1085266693e-08 -2.3062066067e-14 1.0879076372e-13 -6.1085414250e-08 6.1828367609e-14
d  1.4270571305e-02 2.0106015170e+00 -2.0000000000e-01 6.0411652724e-01 3.0000000000e+02 -6.0411504802e-08 -1.0856504444e-13 6.0411652718e-08 6.0411505179e-08 -2.2171424831e-14 1.0858504315e-13 -6.0411653362e-08 6.1770212452e-14
d  1.4277177898e-02 2.0059769032e+00 -2.0000000000e-01 6.0007993860e-01 3.0000000000e+02 -6.0007845582e-08 -1.0843902981e-13 6.0007993596e-08 6.0007869039e-08 -2.1654358375e-14 1.0845895095e-13 -6.0008017578e-08 6.1734331050e-14
d  1.4285105809e-02 2.0004273666e+00 -2.0000000000e-01 5.9524200846e-01 3.0000000000e+02 -5.9524052154e-08 -1.0828900797e-13 5.9524200797e-08 5.9524056346e-08 -2.1049494649e-14 1.0830899394e-13 -5.9524205297e-08 6.1691323328e-14
d  1.4285710000e-02 2.0000044333e+00 -2.0000000000e-01 5.9487357591e-01 3.0000000000e+02 -5.9487208870e-08 -1.0827355703e-13 5.9487357532e-08 5.9487213392e-08 -2.1004548028e-14 1.0829344065e-13 -5.9487362372e-08 6.1687710729e-14
d  1.4286435029e-02 1.9994969134e+00 -2.0000000000e-01 5.9443150779e-01 3.0000000000e+02 -5.9443002022e-08 -1.0825867935e-13 5.9443150784e-08 5.9443001441e-08 -2.0950410485e-14 1.0827869026e-13 -5.9443150458e-08 6.1683557900e-14
d  1.4287305063e-02 1.9988878895e+00 -2.0000000000e-01 5.9390109747e-01 3.0000000000e+02 -5.9389960946e-08 -1.0824343831e-13 5.9390109764e-08 5.9389959440e-08 -2.0885402439e-14 1.0826347069e-13 -5.9390108501e-08 6.1679082915e-14
d  1.4288349104e-02 1.9981570608e+00 -2.0000000000e-01 5.9326471126e-01 3.0000000000e+02 -5.9326322273e-08 -1.0822775796e-13 5.9326471166e-08 5.9326318782e-08 -2.0807607723e-14 1.0824782819e-13 -5.9326467894e-08 6.1673544918e-14
d  1.4289601954e-02 1.9972800664e+00 -2.0000000000e-01 5.9250119583e-01 3.0000000000e+02 -5.9249970666e-08 -1.0820325213e-13 5.9250119677e-08 5.9249962663e-08 -2.0714723504e-14 1.0822339475e-13 -5.9250111839e-08 6.1666823336e-14
d  1.4291105373e-02 1.9962276731e+00 -2.0000000000e-01 5.9158519538e-01 3.0000000000e+02 -5.9158370548e-08 -1.0817420559e-13 5.9158519751e-08 5.9158352379e-08 -2.0603897515e-14 1.0819448588e-13 -5.9158501628e-08 6.1658486606e-14
d  1.4292909477e-02 1.9949648011e+00 -2.0000000000e-01 5.9048631043e-01 3.0000000000e+02 -5.9048481964e-08 -1.0813926936e-13 5.9048631499e-08 5.9048442624e-08 -2.0471683843e-14 1.0815978915e-13 -5.9048591961e-08 6.1648489674e-14
d  1.4295074401e-02 1.9934493548e+00 -2.0000000000e-01 5.8916810510e-01 3.0000000000e+02 -5.8916661328e-08 -1.0809681698e-13 5.8916810573e-08 5.8916655669e-08 -2.0314060172e-14 1.0811687860e-13 -5.8916805110e-08 6.1636648913e-14
d  1.4297672309e-02 1.9916308191e+00 -2.0000000000e-01 5.8758691538e-01 3.0000000000e+02 -5.8758542231e-08 -1.0804913731e-13 5.8758691290e-08 5.8758563868e-08 -2.0126494204e-14 1.0806892802e-13 -5.8758713432e-08 6.1622360949e-14
d  1.4300789800e-02 1.9894485764e+00 -2.0000000000e-01 5.8569043235e-01 3.0000000000e+02 -5.8568893782e-08 -1.0798882078e-13 5.8569043040e-08 5.8568910948e-08 -1.9903756059e-14 1.0800867949e-13 -5.8569060659e-08 6.1605060997e-14
d  1.4304530789e-02 1.9868298851e+00 -2.0000000000e-01 5.8341601687e-01 3.0000000000e+02 -5.8341452061e-08 -1.0791740996e-13 5.8341601465e-08 5.8341471825e-08 -1.9639588229e-14 1.0793727202e-13 -5.8341621707e-08 6.1584430124e-14
d  1.4309019975e-02 1.9836874555e+00 -2.0000000000e-01 5.8068869053e-01 3.0000000000e+02 -5.8068719226e-08 -1.0783134382e-13 5.8068868827e-08 5.8068739562e-08 -1.9327138908e-14 1.0785122319e-13 -5.8068889646e-08 6.1559494117e-14
d  1.4314406999e-02 1.9799165400e+00 -2.0000000000e-01 5.7741875277e-01 3.0000000000e+02 -5.7741725214e-08 -1.0772790361e-13 5.7741875054e-08 5.7741745532e-08 -1.8958556507e-14 1.0774780099e-13 -5.7741895851e-08 6.1529446987e-14
d  1.4320871427e-02 1.9753914414e+00 -2.0000000000e-01 5.7349895744e-01 3.0000000000e+02 -5.7349745407e-08 -1.0760360897e-13 5.7349895520e-08 5.7349765929e-08 -1.8525155528e-14 1.0762352052e-13 -5.7349916521e-08 6.1493233618e-14
d  1.4328628741e-02 1.9699613231e+00 -2.0000000000e-01 5.6880117835e-01 3.0000000000e+02 -5.6879967181e-08 -1.0745464625e-13 5.6880117792e-08 5.6879970972e-08 -1.8017085085e-14 1.0747463168e-13 -5.6880121880e-08 6.1449614838e-14
d  1.4337937518e-02 1.9634451812e+00 -2.0000000000e-01 5.6317252895e-01 3.0000000000e+02 -5.6317101882e-08 -1.0727410436e-13 5.6317252894e-08 5.6317101738e-08 -1.7425427743e-14 1.0729410419e-13 -5.6317253004e-08 6.1396705596e-14
d  1.4349108050e-02 1.9556258108e+00 -2.0000000000e-01 5.5643076654e-01 3.0000000000e+02 -5.5642925233e-08 -1.0705819274e-13 5.5643076645e-08 5.5642925965e-08 -1.6738581749e-14 1.0707819023e-13 -5.5643077637e-08 6.1332809737e-14
d  1.4355810369e-02 1.9509341886e+00 -2.0000000000e-01 5.5239237162e-01 3.0000000000e+02 -5.5239085509e-08 -1.0692745371e-13 5.5239237144e-08 5.5239087065e-08 -1.6338387832e-14 1.0694744665e-13 -5.5239238968e-08 6.1294022972e-14
d  1.4363853153e-02 1.9453042420e+00 -2.0000000000e-01 5.4755295206e-01 3.0000000000e+02 -5.4755143285e-08 -1.0677162407e-13 5.4755295162e-08 5.4755147352e-08 -1.5868539911e-14 1.0679160758e-13 -5.4755299522e-08 6.1247351241e-14
d  1.4373504493e-02 1.9385483060e+00 -2.0000000000e-01 5.4175530461e-01 3.0000000000e+02 -5.4175378237e-08 -1.0658232868e-13 5.4175530460e-08 5.4175378143e-08 -1.5321962507e-14 1.0660232835e-13 -5.4175530614e-08 6.1190848588e-14
d  1.4385086100e-02 1.9304411828e+00 -2.0000000000e-01 5.3481215174e-01 3.0000000000e+02 -5.3481062608e-08 -1.0635654541e-13 5.3481215173e-08 5.3481062479e-08 -1.4686464280e-14 1.0637654523e-13 -5.3481215292e-08 6.1122660482e-14
d  1.4392035065e-02 1.9255769089e+00 -2.0000000000e-01 5.3065366528e-01 3.0000000000e+02 -5.3065213767e-08 -1.0622042540e-13 5.3065366490e-08 5.3065217429e-08 -1.4315458303e-14 1.0624040889e-13 -5.3065370435e-08 6.1081310581e-14
d  1.4400373823e-02 1.9197397802e+00 -2.0000000000e-01 5.2567087100e-01 3.0000000000e+02 -5.2566934115e-08 -1.0605732615e-13 5.2567087055e-08 5.2566938632e-08 -1.3879644118e-14 1.0607730680e-13 -5.2567091862e-08 6.1031532075e-14
d  1.4410380332e-02 1.9127352258e+00 -2.0000000000e-01 5.1970223688e-01 3.0000000000e+02 -5.1970070453e-08 -1.0585972884e-13 5.1970223686e-08 5.1970070467e-08 -1.3373641156e-14 1.0587972811e-13 -5.1970223945e-08 6.0971317147e-14
d  1.4422388143e-02 1.9043297605e+00 -2.0000000000e-01 5.1255544646e-01 3.0000000000e+02 -5.1255391129e-08 -1.0562413229e-13 5.1255544646e-08 5.1255390979e-08 -1.2783812163e-14 1.0564413217e-13 -5.1255544738e-08 6.0898624273e-14
d  1.4429592829e-02 1.8992864813e+00 -2.0000000000e-01 5.0827559799e-01 3.0000000000e+02 -5.0827406122e-08 -1.0548244058e-13 5.0827559760e-08 5.0827410260e-08 -1.2438711292e-14 1.0550242082e-13 -5.0827564179e-08 6.0854538389e-14
d  1.4438238453e-02 1.8932345462e+00 -2.0000000000e-01 5.0314797373e-01 3.0000000000e+02 -5.0314643515e-08 -1.0531121707e-13 5.0314797373e-08 5.0314643344e-08 -1.2035534720e-14 1.0533121699e-13 -5.0314797441e-08 6.0801476010e-14
d  1.4448613202e-02 1.8859722242e+00 -2.0000000000e-01 4.9700672570e-01 3.0000000000e+02 -4.9700518508e-08 -1.0510702668e-13 4.9700672567e-08 4.9700518747e-08 -1.1563327024e-14 1.0512702506e-13 -4.9700673048e-08 6.0737403596e-14
d  1.4454838051e-02 1.8816148310e+00 -2.0000000000e-01 4.9332825112e-01 3.0000000000e+02 -4.9332670933e-08 -1.0498383980e-13 4.9332825089e-08 4.9332673307e-08 -1.1286363234e-14 1.0500382540e-13 -4.9332827723e-08 6.0698629809e-14
d  1.4462307870e-02 1.8763859591e+00 -2.0000000000e-01 4.8892033980e-01 3.0000000000e+02 -4.8891879668e-08 -1.0483613387e-13 4.8892033950e-08 4.8891882919e-08 -1.0959953445e-14 1.0485611537e-13 -4.8892037467e-08 6.0651918601e-14
d  1.4471271653e-02 1.8701113129e+00 -2.0000000000e-01 4.8363990502e-01 3.0000000000e+02 -4.8363836040e-08 -1.0465893129e-13 4.8363990502e-08 4.8363835884e-08 -1.0576962546e-14 1.0467893114e-13 -4.8363990582e-08 6.0595668749e-14
d  1.4482028193e-02 1.8625817374e+00 -2.0000000000e-01 4.7731651568e-01 3.0000000000e+02 -4.7731496936e-08 -1.0444674092e-13 4.7731651561e-08 4.7731497593e-08 -1.0128796661e-14 1.0446673757e-13 -4.7731652458e-08 6.0527795426e-14
d  1.4488482116e-02 1.8580639921e+00 -2.0000000000e-01 4.7352940822e-01 3.0000000000e+02 -4.7352786095e-08 -1.0431884351e-13 4.7352940796e-08 4.7352789113e-08 -9.8657454141e-15 1.0433882450e-13 -4.7352944073e-08 6.0486678571e-14
d  1.4496226825e-02 1.8526426978e+00 -2.0000000000e-01 4.6899177309e-01 3.0000000000e+02 -4.6899022473e-08 -1.0416600705e-13 4.6899177278e-08 4.6899026272e-08 -9.5554973581e-15 1.0418598439e-13 -4.6899181340e-08 6.0437312211e-14
d  1.4505520475e-02 1.8461371446e+00 -2.0000000000e-01 4.6355659993e-01 3.0000000000e+02 -4.6355505035e-08 -1.0398217055e-13 4.6355659993e-08 4.6355504913e-08 -9.1915350425e-15 1.0400217025e-13 -4.6355660102e-08 6.0377718382e-14
d  1.4516672855e-02 1.8383304807e+00 -2.0000000000e-01 4.5704887734e-01 3.0000000000e+02 -4.5704732641e-08 -1.0376224072e-13 4.5704887724e-08 4.5704733908e-08 -8.7651551810e-15 1.0378223461e-13 -4.5704889231e-08 6.0305819284e-14
d  1.4523364283e-02 1.8336464824e+00 -2.0000000000e-01 4.5315188036e-01 3.0000000000e+02 -4.5315032867e-08 -1.0362974471e-13 4.5315188009e-08 4.5315036471e-08 -8.5147058428e-15 1.0364972088e-13 -4.5315191869e-08 6.0262295730e-14
d  1.4531393997e-02 1.8280256844e+00 -2.0000000000e-01 4.4848308287e-01 3.0000000000e+02 -4.4848153032e-08 -1.0347186280e-13 4.4848308254e-08 4.4848157697e-08 -8.2190201783e-15 1.0349183355e-13 -4.4848313180e-08 6.0210073365e-14
d  1.4541029653e-02 1.8212807268e+00 -2.0000000000e-01 4.4289152488e-01 3.0000000000e+02 -4.4288997138e-08 -1.0328174441e-13 4.4289152488e-08 4.4288997079e-08 -7.8723439839e-15 1.0330174377e-13 -4.4289152655e-08 6.0147083374e-14
d  1.4552592441e-02 1.8131867777e+00 -2.0000000000e-01 4.3619750848e-01 3.0000000000e+02 -4.3619595390e-08 -1.0305645750e-13 4.3619750848e-08 4.3619595315e-08 -7.4654075506e-15 1.0307645703e-13 -4.3619750997e-08 6.0071733505e-14
d  1.4559530113e-02 1.8083304083e+00 -2.0000000000e-01 4.3218943116e-01 3.0000000000e+02 -4.3218787598e-08 -1.0292155707e-13 4.3218943087e-08 4.3218792207e-08 -7.2260099049e-15 1.0294152498e-13 -4.3218947949e-08 6.0026289517e-14
d  1.4567855321e-02 1.8025027649e+00 -2.0000000000e-01 4.2738806862e-01 3.0000000000e+02 -4.2738651278e-08 -1.0275897204e-13 4.2738806825e-08 4.2738657490e-08 -6.9432097483e-15 1.0277893094e-13 -4.2738813298e-08 5.9971221899e-14
d  1.4577845569e-02 1.7955095929e+00 -2.0000000000e-01 4.2163846895e-01 3.0000000000e+02 -4.2163691240e-08 -1.0256401658e-13 4.2163846894e-08 4.2163691312e-08 -6.6121294689e-15 1.0258401518e-13 -4.2163847189e-08 5.9905101632e-14
d  1.4589833867e-02 1.7871177865e+00 -2.0000000000e-01 4.1475633441e-01 3.0000000000e+02 -4.1475477705e-08 -1.0233276010e-13 4.1475633426e-08 4.1475480477e-08 -6.2226030485e-15 1.0235274598e-13 -4.1475636433e-08 5.9825733088e-14
d  1.4597026846e-02 1.7820827027e+00 -2.0000000000e-01 4.1063616921e-01 3.0000000000e+02 -4.1063461141e-08 -1.0219494069e-13 4.1063616889e-08 4.1063467503e-08 -5.9932495176e-15 1.0221489382e-13 -4.1063623503e-08 5.9778114599e-14
d  1.4605658421e-02 1.7760406020e+00 -2.0000000000e-01 4.0570103383e-01 3.0000000000e+02 -4.0569947551e-08 -1.0203051447e-13 4.0570103343e-08 4.0569956344e-08 -5.7215939652e-15 1.0205045272e-13 -4.0570112394e-08 5.9720803378e-14
d  1.4616016311e-02 1.7687900813e+00 -2.0000000000e-01 3.9979188512e-01 3.0000000000e+02 -3.9979032627e-08 -1.0183376306e-13 3.9979188510e-08 3.9979032995e-08 -5.4042213318e-15 1.0185375983e-13 -3.9979189097e-08 5.9652372553e-14
d  1.4622231045e-02 1.7644397689e+00 -2.0000000000e-01 3.9625319785e-01 3.0000000000e+02 -3.9625163868e-08 -1.0171808695e-13 3.9625319767e-08 3.9625168344e-08 -5.2158666059e-15 1.0173804573e-13 -3.9625324478e-08 5.9611543400e-14
d  1.4629688725e-02 1.7592193939e+00 -2.0000000000e-01 3.9201348476e-01 3.0000000000e+02 -3.9201192521e-08 -1.0158001444e-13 3.9201348453e-08 3.9201198648e-08 -4.9926577403e-15 1.0159996097e-13 -3.9201354818e-08 5.9562718161e-14
d  1.4638637942e-02 1.7529549440e+00 -2.0000000000e-01 3.8693544477e-01 3.0000000000e+02 -3.8693388479e-08 -1.0141662413e-13 3.8693544477e-08 3.8693388342e-08 -4.7287803801e-15 1.0143662385e-13 -3.8693544555e-08 5.9504559269e-14
d  1.4644007472e-02 1.7491962740e+00 -2.0000000000e-01 3.8389364492e-01 3.0000000000e+02 -3.8389208468e-08 -1.0131978378e-13 3.8389364480e-08 3.8389211926e-08 -4.5724333971e-15 1.0133974435e-13 -3.8389368163e-08 5.9469791825e-14
d  1.4650450908e-02 1.7446858701e+00 -2.0000000000e-01 3.8024839594e-01 3.0000000000e+02 -3.8024683538e-08 -1.0120590808e-13 3.8024839580e-08 3.8024688398e-08 -4.3865167509e-15 1.0122585589e-13 -3.8024844666e-08 5.9428781876e-14
d  1.4658183031e-02 1.7392733854e+00 -2.0000000000e-01 3.7588106019e-01 3.0000000000e+02 -3.7587949923e-08 -1.0107274680e-13 3.7588105993e-08 3.7587960139e-08 -4.1657476822e-15 1.0109265461e-13 -3.7588116446e-08 5.9380477061e-14
d  1.4667461579e-02 1.7327784037e+00 -2.0000000000e-01 3.7064998378e-01 3.0000000000e+02 -3.7064842227e-08 -1.0092037503e-13 3.7064998378e-08 3.7064842154e-08 -3.9039833571e-15 1.0094037427e-13 -3.7064998515e-08 5.9324750873e-14
d  1.4678595837e-02 1.7249844257e+00 -2.0000000000e-01 3.6438588207e-01 3.0000000000e+02 -3.6438431972e-08 -1.0075394390e-13 3.6438588206e-08 3.6438432404e-08 -3.5930987435e-15 1.0077393992e-13 -3.6438588848e-08 5.9262923414e-14
d  1.4685276391e-02 1.7203080389e+00 -2.0000000000e-01 3.6063303558e-01 3.0000000000e+02 -3.6063147221e-08 -1.0069133013e-13 3.6063303539e-08 3.6063162763e-08 -3.4042707707e-15 1.0071117514e-13 -3.6063319309e-08 5.9238484147e-14
d  1.4693293056e-02 1.7146963747e+00 -2.0000000000e-01 3.5613609612e-01 3.0000000000e+02 -3.5613453221e-08 -1.0057046138e-13 3.5613609671e-08 3.5613375849e-08 -3.1858968794e-15 1.0059119235e-13 -3.5613532448e-08 5.9192798247e-14
d  1.4702913055e-02 1.7079623777e+00 -2.0000000000e-01 3.5075019724e-01 3.0000000000e+02 -3.5074863300e-08 -1.0040937370e-13 3.5075019724e-08 3.5074864894e-08 -2.9311183155e-15 1.0042935932e-13 -3.5075021524e-08 5.9132080833e-14
d  1.4714457053e-02 1.6998815813e+00 -2.0000000000e-01 3.4430270810e-01 3.0000000000e+02 -3.4430114348e-08 -1.0021706104e-13 3.4430270800e-08 3.4430096742e-08 -2.6299251971e-15 1.0023718399e-13 -3.4430253409e-08 5.9058701888e-14
d  1.4721383452e-02 1.6950331034e+00 -2.0000000000e-01 3.4044253178e-01 3.0000000000e+02 -3.4044096700e-08 -1.0010076222e-13 3.4044253120e-08 3.4044019314e-08 -2.4521405269e-15 1.0012157874e-13 -3.4044175997e-08 5.9013927257e-14
d  1.4729695131e-02 1.6892149300e+00 -2.0000000000e-01 3.3581861265e-01 3.0000000000e+02 -3.3581704766e-08 -9.9963237768e-14 3.3581861037e-08 3.3581527390e-08 -2.2411667900e-15 9.9985039239e-14 -3.3581684093e-08 5.8960576090e-14
d  1.4739669145e-02 1.6822331219e+00 -2.0000000000e-01 3.3028190375e-01 3.0000000000e+02 -3.3028033852e-08 -9.9800199305e-14 3.3028190254e-08 3.3027973192e-08 -1.9905345366e-15 9.9820729343e-14 -3.3028129916e-08 5.8896354341e-14
d  1.4751637962e-02 1.6738549522e+00 -2.0000000000e-01 3.2365511230e-01 3.0000000000e+02 -3.2365354680e-08 -9.9606589450e-14 3.2365510661e-08 3.2365155706e-08 -1.6965663936e-15 9.9628100004e-14 -3.2365312458e-08 5.8819752631e-14
d  1.4766000543e-02 1.6638011486e+00 -2.0000000000e-01 3.1572773648e-01 3.0000000000e+02 -3.1572617069e-08 -9.9379832008e-14 3.1572773569e-08 3.1572597012e-08 -1.3497073356e-15 9.9399964054e-14 -3.1572753789e-08 5.8728272453e-14
d  1.4774618091e-02 1.6577688664e+00 -2.0000000000e-01 3.1098419906e-01 3.0000000000e+02 -3.1098263301e-08 -9.9250597843e-14 3.1098419849e-08 3.1098250187e-08 -1.1428409195e-15 9.9270727607e-14 -3.1098406990e-08 5.8674420329e-14
d  1.4784959149e-02 1.6505301277e+00 -2.0000000000e-01 3.0530463611e-01 3.0000000000e+02 -3.0530306984e-08 -9.9094161152e-14 3.0530463611e-08 3.0530306749e-08 -9.0166903071e-16 9.9114161832e-14 -3.0530463571e-08 5.8609793291e-14
d  1.4797368419e-02 1.6418436414e+00 -2.0000000000e-01 2.9850725117e-01 3.0000000000e+02 -2.9850568457e-08 -9.8914615913e-14 2.9850725111e-08 2.9850567346e-08 -6.1436190872e-16 9.8934623908e-14 -2.9850724199e-08 5.8533500092e-14
d  1.4812259543e-02 1.6314198577e+00 -2.0000000000e-01 2.9037604588e-01 3.0000000000e+02 -2.9037447882e-08 -9.8709127234e-14 2.9037604567e-08 2.9037445071e-08 -2.7476394074e-16 9.8729146821e-14 -2.9037601969e-08 5.8443941774e-14
d  1.4830128891e-02 1.6189113174e+00 -2.0000000000e-01 2.8065474138e-01 3.0000000000e+02 -2.8065317366e-08 -9.8478021811e-14 2.8065474122e-08 2.8065315532e-08 1.2411716712e-16 9.8498032768e-14 -2.8065472494e-08 5.8339705809e-14
d  1.4840850500e-02 1.6114061932e+00 -2.0000000000e-01 2.7484039534e-01 3.0000000000e+02 -2.7483882710e-08 -9.8351998590e-14 2.7484039533e-08 2.7483882459e-08 3.6021010306e-16 9.8371999481e-14 -2.7484039472e-08 5.8280026071e-14
d  1.4853716431e-02 1.6024000441e+00 -2.0000000000e-01 2.6788085907e-01 3.0000000000e+02 -2.6787929012e-08 -9.8210412693e-14 2.6788085876e-08 2.6787926266e-08 6.4071292633e-16 9.8230437974e-14 -2.6788083348e-08 5.8210475533e-14
d  1.4861435990e-02 1.5969963547e+00 -2.0000000000e-01 2.6371414486e-01 3.0000000000e+02 -2.6371257542e-08 -9.8132377258e-14 2.6371414429e-08 2.6371252803e-08 8.0669854386e-16 9.8152444885e-14 -2.6371409932e-08 5.8170508564e-14
d  1.4870699460e-02 1.5905119273e+00 -2.0000000000e-01 2.5872275250e-01 3.0000000000e+02 -2.5872118242e-08 -9.8044049705e-14 2.5872275172e-08 2.5872112369e-08 1.0048560413e-15 9.8064131383e-14 -2.5872269562e-08 5.8123627780e-14
d  1.4881815624e-02 1.5827306146e+00 -2.0000000000e-01 2.5274513674e-01 3.0000000000e+02 -2.5274356579e-08 -9.7947841306e-14 2.5274513666e-08 2.5274355926e-08 1.2405989148e-15 9.7967847453e-14 -2.5274513204e-08 5.8069796705e-14
d  1.4895155021e-02 1.5733930392e+00 -2.0000000000e-01 2.4558859516e-01 3.0000000000e+02 -2.4558702300e-08 -9.7848085233e-14 2.4558859508e-08 2.4558701635e-08 1.5209651095e-15 9.7868090766e-14 -2.4558859033e-08 5.8009005006e-14
d  1.4903158660e-02 1.5677904940e+00 -2.0000000000e-01 2.4130294728e-01 3.0000000000e+02 -2.4130137425e-08 -9.7800579233e-14 2.4130294643e-08 2.4130132509e-08 1.6882443859e-15 9.7820657717e-14 -2.4130289994e-08 5.7975611746e-14
d  1.4912763026e-02 1.5610674398e+00 -2.0000000000e-01 2.3616785906e-01 3.0000000000e+02 -2.3616628488e-08 -9.7752279253e-14 2.3616785794e-08 2.3616622596e-08 1.8878977793e-15 9.7772371125e-14 -2.3616780194e-08 5.7937846559e-14
d  1.4924288265e-02 1.5529997747e+00 -2.0000000000e-01 2.3001613870e-01 3.0000000000e+02 -2.3001456295e-08 -9.7709101336e-14 2.3001613821e-08 2.3001453881e-08 2.1274168614e-15 9.7729132908e-14 -2.3001611634e-08 5.7896102265e-14
d  1.4938118552e-02 1.5433185766e+00 -2.0000000000e-01 2.2264784450e-01 3.0000000000e+02 -2.2264626667e-08 -9.7677840124e-14 2.2264784438e-08 2.2264626002e-08 2.4102394230e-15 9.7697846420e-14 -2.2264783961e-08 5.7851444061e-14
d  1.4954714896e-02 1.5317011388e+00 -2.0000000000e-01 2.1382316995e-01 3.0000000000e+02 -2.1382158910e-08 -9.7681463804e-14 2.1382316972e-08 2.1382157931e-08 2.7501010338e-15 9.7701472862e-14 -2.1382316191e-08 5.7808390629e-14
d  1.4964672703e-02 1.5247306762e+00 -2.0000000000e-01 2.0853591036e-01 3.0000000000e+02 -2.0853432726e-08 -9.7717282861e-14 2.0853591001e-08 2.0853431397e-08 2.9542717746e-15 9.7737302663e-14 -2.0853589880e-08 5.7791567114e-14
d  1.4976622071e-02 1.5163661210e+00 -2.0000000000e-01 2.0219701022e-01 3.0000000000e+02 -2.0219542415e-08 -9.7781513972e-14 2.0219700949e-08 2.0219539962e-08 3.2009837520e-15 9.7801552080e-14 -2.0219698742e-08 5.7776952482e-14
d  1.4990961312e-02 1.5063286548e+00 -2.0000000000e-01 1.9459619693e-01 3.0000000000e+02 -1.9459460685e-08 -9.7895209005e-14 1.9459619686e-08 1.9459460328e-08 3.4935059683e-15 9.7915212036e-14 -1.9459619506e-08 5.7769765875e-14
d  1.5000000000e-02 1.5000015750e+00 -2.0000000000e-01 1.8980676301e-01 3.0000000000e+02 -1.8980516988e-08 -9.8005835179e-14 1.8980676269e-08 1.8980515990e-08 3.6810614040e-15 9.8025853517e-14 -1.8980675473e-08 5.7775715045e-14
d  1.5010846426e-02 1.4924090792e+00 -2.0000000000e-01 1.8405938606e-01 3.0000000000e+02 -1.8405778894e-08 -9.8163631941e-14 1.8405938574e-08 1.8405777965e-08 3.9070643107e-15 9.8183648396e-14 -1.8405937845e-08 5.7789778291e-14
d  1.5023862136e-02 1.4832980843e+00 -2.0000000000e-01 1.7715962439e-01 3.0000000000e+02 -1.7715802180e-08 -9.8402387934e-14 1.7715962275e-08 1.7715798432e-08 4.1824788920e-15 9.8422455304e-14 -1.7715958857e-08 5.7820022854e-14
d  1.5039480989e-02 1.4723648905e+00 -2.0000000000e-01 1.6886992111e-01 3.0000000000e+02 -1.6886831086e-08 -9.8773353057e-14 1.6886992107e-08 1.6886830845e-08 4.5151141111e-15 9.8793354648e-14 -1.6886992034e-08 5.7880580077e-14
d  1.5048852301e-02 1.4658049741e+00 -2.0000000000e-01 1.6388748203e-01 3.0000000000e+02 -1.6388586613e-08 -9.9072737946e-14 1.6388748234e-08 1.6388587037e-08 4.7221133806e-15 9.9092723130e-14 -1.6388748790e-08 5.7938291860e-14
d  1.5060097875e-02 1.4579330745e+00 -2.0000000000e-01 1.5789621456e-01 3.0000000000e+02 -1.5789459123e-08 -9.9479706337e-14 1.5789621475e-08 1.5789459292e-08 4.9743264284e-15 9.9499698208e-14 -1.5789621788e-08 5.8021098249e-14
d  1.5073592564e-02 1.4484867950e+00 -2.0000000000e-01 1.5068266955e-01 3.0000000000e+02 -1.5068103592e-08 -1.0006845019e-13 1.5068266900e-08 1.5068102609e-08 5.2862333846e-15 1.0008846956e-13 -1.5068266133e-08 5.8148995859e-14
d  1.5081689377e-02 1.4428190273e+00 -2.0000000000e-01 1.4633826918e-01 3.0000000000e+02 -1.4633662807e-08 -1.0051500886e-13 1.4633826890e-08 1.4633662265e-08 5.4822420852e-15 1.0053502303e-13 -1.4633826535e-08 5.8252526268e-14
d  1.5091405553e-02 1.4360177060e+00 -2.0000000000e-01 1.4110469681e-01 3.0000000000e+02 -1.4110304590e-08 -1.0111138073e-13 1.4110469609e-08 1.4110303504e-08 5.7237635589e-15 1.0113141393e-13 -1.4110468753e-08 5.8394096937e-14
d  1.5103064964e-02 1.4278561205e+00 -2.0000000000e-01 1.3478839501e-01 3.0000000000e+02 -1.3478673061e-08 -1.0195061546e-13 1.3478839534e-08 1.3478673300e-08 6.0264570808e-15 1.0197060342e-13 -1.3478839897e-08 5.8599585281e-14
d  1.5110060611e-02 1.4229591692e+00 -2.0000000000e-01 1.3097568978e-01 3.0000000000e+02 -1.3097401563e-08 -1.0257213230e-13 1.3097568873e-08 1.3097400233e-08 6.2207105341e-15 1.0259218984e-13 -1.3097567803e-08 5.8757104144e-14
d  1.5118455387e-02 1.4170828277e+00 -2.0000000000e-01 1.2637314082e-01 3.0000000000e+02 -1.2637145392e-08 -1.0339371924e-13 1.2637314641e-08 1.2637151125e-08 6.4621621392e-15 1.0341343784e-13 -1.2637319968e-08 5.8968037077e-14
d  1.5128529118e-02 1.4100312178e+00 -2.0000000000e-01 1.2080320615e-01 3.0000000000e+02 -1.2080150173e-08 -1.0453774249e-13 1.2080320515e-08 1.2080149074e-08 6.7696237048e-15 1.0455778349e-13 -1.2080319669e-08 5.9267346608e-14
d  1.5134573357e-02 1.4058002519e+00 -2.0000000000e-01 1.1743217527e-01 3.0000000000e+02 -1.1743045823e-08 -1.0537431997e-13 1.1743217287e-08 1.1743043483e-08 6.9708432099e-15 1.0539446424e-13 -1.1743215339e-08 5.9490744656e-14
d  1.5141826443e-02 1.4007230928e+00 -2.0000000000e-01 1.1335289272e-01 3.0000000000e+02 -1.1335115910e-08 -1.0648004529e-13 1.1335289703e-08 1.1335119452e-08 7.2241157425e-15 1.0649980679e-13 -1.1335292964e-08 5.9788675399e-14
d  1.5150530147e-02 1.3946305018e+00 -2.0000000000e-01 1.0840004379e-01 3.0000000000e+02 -1.0839828734e-08 -1.0801540947e-13 1.0840003899e-08 1.0839824850e-08 7.5521999651e-15 1.0803562604e-13 -1.0840000646e-08 6.0207564057e-14
d  1.5155752369e-02 1.3909749473e+00 -2.0000000000e-01 1.0539286652e-01 3.0000000000e+02 -1.0539109356e-08 -1.0913695341e-13 1.0539286151e-08 1.0539105445e-08 7.7718657126e-15 1.0915728686e-13 -1.0539282892e-08 6.0517748306e-14
d  1.5162019036e-02 1.3865882818e+00 -2.0000000000e-01 1.0174295660e-01 3.0000000000e+02 -1.0174116184e-08 -1.1062201832e-13 1.0174295806e-08 1.0174117072e-08 8.0519226677e-15 1.1064192876e-13 -1.0174296696e-08 6.0931059753e-14
d  1.5169539036e-02 1.3813242832e+00 -2.0000000000e-01 9.7293236782e-02 3.0000000000e+02 -9.7291411812e-09 -1.1269117315e-13 9.7293234755e-09 9.7291397418e-09 8.4216570376e-15 1.1271127454e-13 -9.7293223867e-09 6.1511920386e-14
d  1.5174051036e-02 1.3781658841e+00 -2.0000000000e-01 9.4580485517e-02 3.0000000000e+02 -9.4578638471e-09 -1.1421302502e-13 9.4580420982e-09 9.4578235175e-09 8.6761175735e-15 1.1423780150e-13 -9.4580083757e-09 6.1944346096e-14
d  1.5179465436e-02 1.3743758051e+00 -2.0000000000e-01 9.1275014567e-02 3.0000000000e+02 -9.1273138191e-09 -1.1623855102e-13 9.1274905549e-09 9.1272501854e-09 9.0070064707e-15 1.1626600037e-13 -9.1274379794e-09 6.2521723528e-14
d  1.5185962716e-02 1.3698277104e+00 -2.0000000000e-01 8.7223128070e-02 3.0000000000e+02 -8.7221210580e-09 -1.1909413018e-13 8.7223110735e-09 8.7221116859e-09 9.4483500264e-15 1.1911509830e-13 -8.7223035819e-09 6.3337993269e-14
d  1.5189861084e-02 1.3670988535e+00 -2.0000000000e-01 8.4739076265e-02 3.0000000000e+02 -8.4737128020e-09 -1.2123039812e-13 8.4738976157e-09 8.4736606907e-09 9.7645308153e-15 1.2125869021e-13 -8.4738556713e-09 6.3957050711e-14
d  1.5194539126e-02 1.3638242253e+00 -2.0000000000e-01 8.1695582920e-02 3.0000000000e+02 -8.1693593494e-09 -1.2410420686e-13 8.1695475189e-09 8.1693069092e-09 1.0179546175e-14 1.2413245355e-13 -8.1695060073e-09 6.4789345748e-14
d  1.5200152776e-02 1.3598946714e+00 -2.0000000000e-01 7.7934969450e-02 3.0000000000e+02 -7.7932920748e-09 -1.2824525077e-13 7.7934785496e-09 7.7932104061e-09 1.0758964859e-14 1.2827676790e-13 -7.7934154354e-09 6.5995475596e-14
d  1.5203520966e-02 1.3575369391e+00 -2.0000000000e-01 7.5610084778e-02 3.0000000000e+02 -7.5607990837e-09 -1.3141746083e-13 7.5609916976e-09 7.5607261539e-09 1.1185784795e-14 1.3145307911e-13 -7.5609357121e-09 6.6924089896e-14
d  1.5207562794e-02 1.3547076603e+00 -2.0000000000e-01 7.2736870668e-02 3.0000000000e+02 -7.2734713887e-09 -1.3582546448e-13 7.2736817812e-09 7.2734498575e-09 1.1767170799e-14 1.3585001334e-13 -7.2736656845e-09 6.8214767269e-14
d  1.5212412988e-02 1.3513125258e+00 -2.0000000000e-01 6.9139795376e-02 3.0000000000e+02 -6.9137544954e-09 -1.4239938335e-13 6.9139678275e-09 6.9137113147e-09 1.2615786780e-14 1.4242762644e-13 -6.9139365100e-09 7.0151895052e-14
d  1.5215323104e-02 1.3492754450e+00 -2.0000000000e-01 6.6883608551e-02 3.0000000000e+02 -6.6881282822e-09 -1.4770282018e-13 6.6883541551e-09 6.6881039615e-09 1.3280067734e-14 1.4772984754e-13 -6.6883366854e-09 7.1717900360e-14
d  1.5218815243e-02 1.3468309482e+00 -2.0000000000e-01 6.4050332946e-02 3.0000000000e+02 -6.4047897341e-09 -1.5543802563e-13 6.4050229650e-09 6.4047550085e-09 1.4237412735e-14 1.5546804280e-13 -6.4049987235e-09 7.4010899493e-14
d  1.5223005810e-02 1.3438975519e+00 -2.0000000000e-01 6.0409047485e-02 3.0000000000e+02 -6.0406435934e-09 -1.6784192376e-13 6.0409177275e-09 6.0406824625e-09 1.5743251765e-14 1.6785163769e-13 -6.0409437442e-09 7.7689472615e-14
d  1.5225520151e-02 1.3421375142e+00 -2.0000000000e-01 5.8051972039e-02 3.0000000000e+02 -5.8049201223e-09 -1.7908053066e-13 5.8051887107e-09 5.8048949219e-09 1.7081787062e-14 1.7911058176e-13 -5.8051721571e-09 8.1037609789e-14
d  1.5228537359e-02 1.3400254689e+00 -2.0000000000e-01 5.4971760808e-02 3.0000000000e+02 -5.4968730332e-09 -1.9742463654e-13 5.4971512711e-09 5.4968059921e-09 1.9245223089e-14 1.9747175343e-13 -5.4971092157e-09 8.6511714586e-14
d  1.5232158009e-02 1.3374910145e+00 -2.0000000000e-01 5.0687267836e-02 3.0000000000e+02 -5.0683720486e-09 -2.3395857834e-13 5.0687093006e-09 5.0683309587e-09 2.3492743403e-14 2.3399414775e-13 -5.0686858537e-09 9.7414126621e-14
d  1.5234330399e-02 1.3359703419e+00 -2.0000000000e-01 4.7565100238e-02 3.0000000000e+02 -4.7560897410e-09 -2.8037350684e-13 4.7565253645e-09 4.7561242600e-09 2.8795280995e-14 2.8037308282e-13 -4.7565446535e-09 1.1122962622e-13
d  1.5235633833e-02 1.3350579383e+00 -2.0000000000e-01 4.5322651955e-02 3.0000000000e+02 -4.5317705918e-09 -3.3307894746e-13 4.5322904892e-09 4.5318307132e-09 3.4748478263e-14 3.3304077820e-13 -4.5323253768e-09 1.2686467743e-13
d  1.5237197954e-02 1.3339630540e+00 -2.0000000000e-01 4.1822183358e-02 3.0000000000e+02 -4.1815486937e-09 -4.5729171428e-13 4.1822457542e-09 4.1816064385e-09 4.8717625641e-14 4.5725361606e-13 -4.1822761397e-09 1.6371483930e-13
d  1.5238136427e-02 1.3333061235e+00 -2.0000000000e-01 3.8847090781e-02 3.0000000000e+02 -3.8837843977e-09 -6.3903194289e-13 3.8847269347e-09 3.8838246531e-09 6.8775429974e-14 6.3899278352e-13 -3.8847493918e-09 2.1695310976e-13
d  1.5238699510e-02 1.3329119651e+00 -2.0000000000e-01 3.6425165273e-02 3.0000000000e+02 -3.6412794698e-09 -8.6279823737e-13 3.6425247235e-09 3.6413049656e-09 9.2931179653e-14 8.6276452428e-13 -3.6425420909e-09 2.8140729768e-13
d  1.5239037360e-02 1.3326754701e+00 -2.0000000000e-01 3.4578953519e-02 3.0000000000e+02 -3.4563487662e-09 -1.0857007378e-12 3.4578978998e-09 3.4563724252e-09 1.1646617878e-13 1.0856635889e-12 -3.4579190810e-09 3.4449514570e-13
d  1.5239240070e-02 1.3325335731e+00 -2.0000000000e-01 3.3264590251e-02 3.0000000000e+02 -3.3246543101e-09 -1.2724757277e-12 3.3264604446e-09 3.3246465325e-09 1.3578445736e-13 1.2725065330e-12 -3.3264513893e-09 3.9649487052e-13
d  1.5239483323e-02 1.3323632967e+00 -2.0000000000e-01 3.1374117105e-02 3.0000000000e+02 -3.1351742862e-09 -1.5863964118e-12 3.1374076873e-09 3.1351961903e-09 1.6796086700e-13 1.5863828378e-12 -3.1374337323e-09 4.8326597147e-13
d  1.5239629274e-02 1.3322611309e+00 -2.0000000000e-01 3.0035779316e-02 3.0000000000e+02 -3.0010031219e-09 -1.8329164887e-12 3.0035793425e-09 3.0010000237e-09 1.9235121919e-13 1.8329326241e-12 -3.0035749571e-09 5.4949279187e-13
d  1.5239804415e-02 1.3321385319e+00 -2.0000000000e-01 2.8157870185e-02 3.0000000000e+02 -2.8126863380e-09 -2.2192372826e-12 2.8157800945e-09 2.8127000895e-09 2.2988980100e-13 2.2192739363e-12 -2.8158009627e-09 6.5179075271e-13
d  1.5239909500e-02 1.3320649725e+00 -2.0000000000e-01 2.6867016176e-02 3.0000000000e+02 -2.6832221340e-09 -2.5002555312e-12 2.6867005100e-09 2.6832233222e-09 2.5586901474e-13 2.5002854325e-12 -2.6867029614e-09 7.2329382451e-13
d  1.5240035602e-02 1.3319767012e+00 -2.0000000000e-01 2.5120462272e-02 3.0000000000e+02 -2.5080208375e-09 -2.9079978836e-12 2.5120445393e-09 2.5080225971e-09 2.9260727775e-13 2.9080319480e-12 -2.5120481505e-09 8.2495128615e-13
d  1.5240111263e-02 1.3319237384e+00 -2.0000000000e-01 2.3961786191e-02 3.0000000000e+02 -2.3917900454e-09 -3.1829259762e-12 2.3961753074e-09 2.3917925602e-09 3.1577694084e-13 3.1829972958e-12 -2.3961813620e-09 8.8998193443e-13
d  1.5240202057e-02 1.3318601831e+00 -2.0000000000e-01 2.2450619958e-02 3.0000000000e+02 -2.2401874228e-09 -3.5534964508e-12 2.2450559272e-09 2.2401918504e-09 3.4592195147e-13 3.5536043716e-12 -2.2450667175e-09 9.7525636725e-13
d  1.5240311009e-02 1.3317839167e+00 -2.0000000000e-01 2.0454756195e-02 3.0000000000e+02 -2.0399617002e-09 -4.0482094076e-12 2.0454662469e-09 2.0399683214e-09 3.8319782165e-13 4.0483389945e-12 -2.0454825763e-09 1.0825837243e-12
d  1.5240376380e-02 1.3317381568e+00 -2.0000000000e-01 1.9169063359e-02 3.0000000000e+02 -1.9110163634e-09 -4.3484776966e-12 1.9169042932e-09 1.9110173475e-09 4.0200553738e-13 4.3485375400e-12 -1.9169075245e-09 1.1393394195e-12
d  1.5240454825e-02 1.3316832450e+00 -2.0000000000e-01 1.7548138809e-02 3.0000000000e+02 -1.7484681811e-09 -4.7191762635e-12 1.7548128000e-09 1.7484685848e-09 4.2273609216e-13 4.7192160844e-12 -1.7548144540e-09 1.2039483541e-12
d  1.5240501892e-02 1.3316502980e+00 -2.0000000000e-01 1.6542703166e-02 3.0000000000e+02 -1.6476786255e-09 -4.9276101483e-12 1.6542700395e-09 1.6476786066e-09 4.3110416603e-13 4.9276381150e-12 -1.6542704461e-09 1.2330571288e-12
d  1.5240558373e-02 1.3316107615e+00 -2.0000000000e-01 1.5313127774e-02 3.0000000000e+02 -1.5244442638e-09 -5.1683568050e-12 1.5313126040e-09 1.5244441966e-09 4.3852506668e-13 5.1683814772e-12 -1.5313128529e-09 1.2617517048e-12
d  1.5240626150e-02 1.3315633177e+00 -2.0000000000e-01 1.3821929191e-02 3.0000000000e+02 -1.3750462093e-09 -5.4245036335e-12 1.3821926532e-09 1.3750461690e-09 4.4129288163e-13 5.4245295626e-12 -1.3821930234e-09 1.2810270730e-12
d  1.5240707482e-02 1.3315063851e+00 -2.0000000000e-01 1.2047621116e-02 3.0000000000e+02 -1.1973976580e-09 -5.6564652158e-12 1.2047616820e-09 1.1973976565e-09 4.3309927787e-13 5.6564931751e-12 -1.2047622582e-09 1.2749991578e-12
d  1.5240805081e-02 1.3314380660e+00 -2.0000000000e-01 1.0012779911e-02 3.0000000000e+02 -9.9385979801e-10 -5.7917778779e-12 1.0012793145e-09 9.9385933059e-10 4.0537133284e-13 5.7917773898e-12 -1.0012776229e-09 1.2211284694e-12
d  1.5240922199e-02 1.3313560831e+00 -2.0000000000e-01 7.8223732114e-03 3.0000000000e+02 -7.7506812863e-10 -5.7240135058e-12 7.8223757576e-10 7.7506794660e-10 3.4974171362e-13 5.7240301875e-12 -7.8223726740e-10 1.0956067181e-12
d  1.5241062742e-02 1.3312577037e+00 -2.0000000000e-01 5.6805571757e-03 3.0000000000e+02 -5.6153743033e-10 -5.3582394155e-12 5.6805543812e-10 5.6153733451e-10 2.6631726942e-13 5.3582624988e-12 -5.6805576064e-10 8.9384353066e-13
d  1.5241231392e-02 1.3311396483e+00 -2.0000000000e-01 3.8317095782e-03 3.0000000000e+02 -3.7764462913e-10 -4.7008297581e-12 3.8317198704e-10 3.7764440783e-10 1.7208231442e-13 4.7008401305e-12 -3.8317085385e-10 6.5350849886e-13
d  1.5241433773e-02 1.3309979819e+00 -2.0000000000e-01 2.4359325157e-03 3.0000000000e+02 -2.3917326069e-10 -3.8878843144e-12 2.4359246142e-10 2.3917316887e-10 9.3227907261e-14 3.8879105627e-12 -2.4359330353e-10 4.3905429199e-13
d  1.5241676630e-02 1.3308279822e+00 -2.0000000000e-01 1.4982839875e-03 3.0000000000e+02 -1.4640954460e-10 -3.0853305074e-12 1.4982823148e-10 1.4640941676e-10 4.3834373891e-14 3.0853516202e-12 -1.4982840599e-10 2.8973443588e-13
d  1.5241968058e-02 1.3306239826e+00 -2.0000000000e-01 9.1686057925e-04 3.0000000000e+02 -8.9076582012e-11 -2.3899430573e-12 9.1686022170e-11 8.9076449630e-11 1.9333597371e-14 2.3899632565e-12 -9.1686059028e-11 2.0031028344e-13
d  1.5242317772e-02 1.3303791830e+00 -2.0000000000e-01 5.7023063560e-04 3.0000000000e+02 -5.5039295454e-11 -1.8273822713e-12 5.7022819615e-11 5.5039165327e-11 8.6829323337e-15 1.8274034060e-12 -5.7023068411e-11 1.4781586272e-13
d  1.5242737428e-02 1.3300854235e+00 -2.0000000000e-01 3.6487101067e-04 3.0000000000e+02 -3.4978115535e-11 -1.3899832982e-12 3.6487123637e-11 3.4977982351e-11 4.1352218923e-15 1.3900032107e-12 -3.6487100783e-11 1.1493441349e-13
d  1.5243241016e-02 1.3297329121e+00 -2.0000000000e-01 2.4133485767e-04 3.0000000000e+02 -2.2980571504e-11 -1.0581373169e-12 2.4133415703e-11 2.2980438899e-11 2.0738719683e-15 1.0581575428e-12 -2.4133486535e-11 9.2834064747e-14
d  1.5243845321e-02 1.3293098985e+00 -2.0000000000e-01 1.6500462783e-04 3.0000000000e+02 -1.5612998883e-11 -8.0920477101e-13 1.6500432611e-11 1.5612866064e-11 1.0615892540e-15 8.0922485193e-13 -1.6500463045e-11 7.7282111258e-14
d  1.5244570488e-02 1.3288022821e+00 -2.0000000000e-01 1.1634437912e-04 3.0000000000e+02 -1.0944981036e-11 -6.2298398988e-13 1.1634425744e-11 1.0944848189e-11 5.3203990723e-16 6.2300401702e-13 -1.1634438002e-11 6.6044341231e-14
d  1.5245440688e-02 1.3281931424e+00 -2.0000000000e-01 8.4331631517e-05 3.0000000000e+02 -7.8922885744e-12 -4.8298136597e-13 8.4331582974e-12 7.8921557648e-12 2.4241366836e-16 4.8300137497e-13 -8.4331631848e-12 5.7758679245e-14
d  1.5246484927e-02 1.3274621748e+00 -2.0000000000e-01 6.2643581715e-05 3.0000000000e+02 -5.8360156792e-12 -3.7683014011e-13 6.2643559149e-12 5.8358829364e-12 7.8976394813e-17 3.7685014358e-13 -6.2643581870e-12 5.1543541318e-14
d  1.5247738015e-02 1.3265850136e+00 -2.0000000000e-01 4.7561650710e-05 3.0000000000e+02 -4.4139690235e-12 -2.9551575039e-13 4.7561633822e-12 4.4138363670e-12 -1.5502348500e-17 2.9553575256e-13 -4.7561650813e-12 4.6806735462e-14
d  1.5249241720e-02 1.3255324203e+00 -2.0000000000e-01 3.6835891575e-05 3.0000000000e+02 -3.4080575163e-12 -2.3256844267e-13 3.6835900117e-12 3.4079249622e-12 -7.1207227766e-17 2.3258844176e-13 -3.6835891589e-12 4.3143865664e-14
d  1.5251046166e-02 1.3242693082e+00 -2.0000000000e-01 2.9065113676e-05 3.0000000000e+02 -2.6830849102e-12 -1.8336893516e-13 2.9065129148e-12 2.6829524821e-12 -1.0458912529e-16 1.8338893379e-13 -2.9065113670e-12 4.0275651471e-14
d  1.5253211502e-02 1.3227535738e+00 -2.0000000000e-01 2.3352387991e-05 3.0000000000e+02 -2.1528790016e-12 -1.4459143145e-13 2.3352388043e-12 2.1527467263e-12 -1.2484940152e-16 1.4461143145e-13 -2.3352388014e-12 3.8005840465e-14
d  1.5255809905e-02 1.3209346925e+00 -2.0000000000e-01 1.9109037960e-05 3.0000000000e+02 -1.7610969136e-12 -1.1385935102e-13 1.9109038026e-12 1.7609648201e-12 -1.3724371302e-16 1.1387935101e-13 -1.9109037979e-12 3.6196821819e-14
d  1.5258927988e-02 1.3187520349e+00 -2.0000000000e-01 1.5940046803e-05 3.0000000000e+02 -1.4700409254e-12 -8.9468930053e-14 1.5940045953e-12 1.4699090502e-12 -1.4482672879e-16 8.9488930097e-14 -1.5940046820e-12 3.4751588392e-14
d  1.5260798838e-02 1.3174424403e+00 -2.0000000000e-01 1.4643175770e-05 3.0000000000e+02 -1.3513615587e-12 -7.9084797480e-14 1.4643178758e-12 1.3512298143e-12 -1.4669526936e-16 7.9104797255e-14 -1.4643175780e-12 3.4129121837e-14
d  1.5263043858e-02 1.3158709269e+00 -2.0000000000e-01 1.3450465839e-05 3.0000000000e+02 -1.2424994108e-12 -6.9265542795e-14 1.3450469137e-12 1.2423678236e-12 -1.4893853396e-16 6.9285542562e-14 -1.3450465847e-12 3.3541871275e-14
d  1.5265737881e-02 1.3139851107e+00 -2.0000000000e-01 1.2370430727e-05 3.0000000000e+02 -1.1441532056e-12 -6.0155465029e-14 1.2370430549e-12 1.1440218071e-12 -1.5080566627e-16 6.0175465039e-14 -1.2370430740e-12 3.2995847119e-14
d  1.5268970710e-02 1.3117221313e+00 -2.0000000000e-01 1.1414105761e-05 3.0000000000e+02 -1.0572219146e-12 -5.1950062169e-14 1.1414105867e-12 1.0570907424e-12 -1.5216637524e-16 5.1970062164e-14 -1.1414105772e-12 3.2502186068e-14
d  1.5272850104e-02 1.3090065561e+00 -2.0000000000e-01 1.0589166388e-05 3.0000000000e+02 -9.8224006357e-13 -4.4866089236e-14 1.0589166574e-12 9.8210916291e-13 -1.5304212392e-16 4.4886089228e-14 -1.0589166399e-12 3.2074398671e-14
d  1.5277505378e-02 1.3057478657e+00 -2.0000000000e-01 9.8958082784e-06 3.0000000000e+02 -9.1898264260e-13 -3.9135064686e-14 9.8958092103e-13 9.1885206778e-13 -1.5345482527e-16 3.9155064655e-14 -9.8958082875e-13 3.1727105147e-14
d  1.5280298542e-02 1.3037926515e+00 -2.0000000000e-01 9.5891099785e-06 3.0000000000e+02 -8.9075135360e-13 -3.6836211364e-14 9.5891727371e-13 8.9062097237e-13 -1.5345087265e-16 3.6856208218e-14 -9.5891099155e-13 3.1587088133e-14
d  1.5283650338e-02 1.3014463945e+00 -2.0000000000e-01 9.2908680644e-06 3.0000000000e+02 -8.6302277131e-13 -3.4862136400e-14 9.2908682421e-13 8.6289262667e-13 -1.5333909777e-16 3.4882136392e-14 -9.2908680735e-13 3.1467005450e-14
d  1.5287672494e-02 1.2986308861e+00 -2.0000000000e-01 8.9995732345e-06 3.0000000000e+02 -8.3557629670e-13 -3.3273268408e-14 8.9995741144e-13 8.3544643358e-13 -1.5307531672e-16 3.3293268374e-14 -8.9995732427e-13 3.1370285629e-14
d  1.5292499082e-02 1.2952522759e+00 -2.0000000000e-01 8.7111773517e-06 3.0000000000e+02 -8.0796413355e-13 -3.2115813317e-14 8.7111781847e-13 8.0783460830e-13 -1.5263063961e-16 3.2135813290e-14 -8.7111773598e-13 3.1299731456e-14
d  1.5295395034e-02 1.2932251099e+00 -2.0000000000e-01 8.5606992808e-06 3.0000000000e+02 -7.9335257794e-13 -3.1704357123e-14 8.5607004090e-13 7.9322325540e-13 -1.5231516935e-16 3.1724357068e-14 -8.5606992881e-13 3.1274583971e-14
d  1.5298870177e-02 1.2907925106e+00 -2.0000000000e-01 8.3940949461e-06 3.0000000000e+02 -7.7703670542e-13 -3.1378988804e-14 8.3940938768e-13 7.7690762620e-13 -1.5191289715e-16 3.1398988853e-14 -8.3940949556e-13 3.1254705326e-14
d  1.5303040348e-02 1.2878733914e+00 -2.0000000000e-01 8.2074704558e-06 3.0000000000e+02 -7.5863096451e-13 -3.1135905879e-14 8.2074708893e-13 7.5850217716e-13 -1.5140828253e-16 3.1155905863e-14 -8.2074704636e-13 3.1239840167e-14
d  1.5308044554e-02 1.2843704484e+00 -2.0000000000e-01 7.9964497452e-06 3.0000000000e+02 -7.3770544309e-13 -3.0969188978e-14 7.9964507065e-13 7.3757700602e-13 -1.5078531329e-16 3.0989188947e-14 -7.9964497525e-13 3.1229622570e-14
d  1.5311047077e-02 1.2822686827e+00 -2.0000000000e-01 7.8750419602e-06 3.0000000000e+02 -7.2562497030e-13 -3.0911685637e-14 7.8750429633e-13 7.2549674341e-13 -1.5040567883e-16 3.0931685590e-14 -7.8750419671e-13 3.1226083411e-14
d  1.5314650105e-02 1.2797465637e+00 -2.0000000000e-01 7.7332007242e-06 3.0000000000e+02 -7.1148851714e-13 -3.0866120767e-14 7.7331997459e-13 7.1136054251e-13 -1.4994835285e-16 3.0886120810e-14 -7.7332007329e-13 3.1223271921e-14
d  1.5318973739e-02 1.2767200210e+00 -2.0000000000e-01 7.5675284559e-06 3.0000000000e+02 -6.9495817297e-13 -3.0830238811e-14 7.5675314301e-13 6.9483050090e-13 -1.4939873785e-16 3.0850238703e-14 -7.5675284609e-13 3.1221047146e-14
d  1.5321567919e-02 1.2749040953e+00 -2.0000000000e-01 7.4702607642e-06 3.0000000000e+02 -6.8524651816e-13 -3.0816170833e-14 7.4702603876e-13 6.8511902776e-13 -1.4906878670e-16 3.0836170854e-14 -7.4702607721e-13 3.1220167594e-14
d  1.5324680935e-02 1.2727249846e+00 -2.0000000000e-01 7.3554439636e-06 3.0000000000e+02 -6.7377871025e-13 -3.0801735274e-14 7.3554447139e-13 6.7365143773e-13 -1.4867352063e-16 3.0821735236e-14 -7.3554439701e-13 3.1219262462e-14
d  1.5328416555e-02 1.2701100516e+00 -2.0000000000e-01 7.2202395303e-06 3.0000000000e+02 -6.6027143752e-13 -3.0789367761e-14 7.2202387026e-13 6.6014442654e-13 -1.4820013384e-16 3.0809367796e-14 -7.2202395383e-13 3.1218479158e-14
d  1.5332899298e-02 1.2669721321e+00 -2.0000000000e-01 7.0615099703e-06 3.0000000000e+02 -6.4441093992e-13 -3.0776308426e-14 7.0615102623e-13 6.4428424270e-13 -1.4763375318e-16 3.0796308416e-14 -7.0615099771e-13 3.1217648471e-14
d  1.5335588944e-02 1.2650893804e+00 -2.0000000000e-01 6.9680516514e-06 3.0000000000e+02 -6.3507144683e-13 -3.0770288822e-14 6.9680516062e-13 6.3494493789e-13 -1.4729477726e-16 3.0790288824e-14 -6.9680516584e-13 3.1217260948e-14
d  1.5338816520e-02 1.2628300784e+00 -2.0000000000e-01 6.8576059604e-06 3.0000000000e+02 -6.2403374657e-13 -3.0763234838e-14 6.8576066128e-13 6.2390746354e-13 -1.4688908503e-16 3.0783234806e-14 -6.8576059665e-13 3.1216806497e-14
d  1.5342689610e-02 1.2601189159e+00 -2.0000000000e-01 6.7274644308e-06 3.0000000000e+02 -6.1102719012e-13 -3.0755349247e-14 6.7274635838e-13 6.1090117825e-13 -1.4640371196e-16 3.0775349281e-14 -6.7274644383e-13 3.1216296729e-14
d  1.5347337318e-02 1.2568655210e+00 -2.0000000000e-01 6.5746474242e-06 3.0000000000e+02 -5.9575385813e-13 -3.0746290677e-14 6.5746476486e-13 5.9562817157e-13 -1.4582346679e-16 3.0766290669e-14 -6.5746474306e-13 3.1215709789e-14
d  1.5350125943e-02 1.2549134840e+00 -2.0000000000e-01 6.4846751434e-06 3.0000000000e+02 -5.8676143362e-13 -3.0741675005e-14 6.4846750915e-13 5.8663594227e-13 -1.4547636932e-16 3.0761675008e-14 -6.4846751500e-13 3.1215407729e-14
d  1.5353472293e-02 1.2525710397e+00 -2.0000000000e-01 6.3783724681e-06 3.0000000000e+02 -5.7613673814e-13 -3.0735817920e-14 6.3783730740e-13 5.7601148102e-13 -1.4506105670e-16 3.0755817892e-14 -6.3783724739e-13 3.1215025835e-14
d  1.5357487914e-02 1.2497601064e+00 -2.0000000000e-01 6.2531607807e-06 3.0000000000e+02 -5.6362209859e-13 -3.0728923674e-14 6.2531597146e-13 5.6349712260e-13 -1.4456433660e-16 3.0748923716e-14 -6.2531607879e-13 3.1214575877e-14
d  1.5362306658e-02 1.2463869866e+00 -2.0000000000e-01 6.1062132460e-06 3.0000000000e+02 -5.4893485093e-13 -3.0720663985e-14 6.1062134237e-13 5.4881021223e-13 -1.4397064489e-16 3.0740663979e-14 -6.1062132520e-13 3.1214036758e-14
d  1.5368089150e-02 1.2423392427e+00 -2.0000000000e-01 5.9345214182e-06 3.0000000000e+02 -5.3177457859e-13 -3.0711691295e-14 5.9345176989e-13 5.3165034473e-13 -1.4326157602e-16 3.0731691396e-14 -5.9345214265e-13 3.1213447317e-14
d  1.5371558646e-02 1.2399105964e+00 -2.0000000000e-01 5.8338730339e-06 3.0000000000e+02 -5.2171478869e-13 -3.0705646165e-14 5.8338731398e-13 5.2159079763e-13 -1.4283784313e-16 3.0725646161e-14 -5.8338730396e-13 3.1213053081e-14
d  1.5375722041e-02 1.2369962208e+00 -2.0000000000e-01 5.7153867522e-06 3.0000000000e+02 -5.0987222843e-13 -3.0699712400e-14 5.7154215306e-13 5.0974852810e-13 -1.4233139643e-16 3.0719711085e-14 -5.7153867287e-13 3.1212660432e-14
d  1.5380718115e-02 1.2334989701e+00 -2.0000000000e-01 5.5764296325e-06 3.0000000000e+02 -4.9598368948e-13 -3.0693238917e-14 5.5764297378e-13 4.9586033958e-13 -1.4172536844e-16 3.0713238914e-14 -5.5764296380e-13 3.1212231031e-14
d  1.5386713403e-02 1.2293022693e+00 -2.0000000000e-01 5.4142073173e-06 3.0000000000e+02 -4.7976987993e-13 -3.0682959456e-14 5.4142051440e-13 4.7964694974e-13 -1.4100278941e-16 3.0702959513e-14 -5.4142073241e-13 3.1211559103e-14
d  1.5390310577e-02 1.2267842488e+00 -2.0000000000e-01 5.3191808214e-06 3.0000000000e+02 -4.7027208052e-13 -3.0677539437e-14 5.3191809514e-13 4.7014940210e-13 -1.4057071698e-16 3.0697539432e-14 -5.3191808266e-13 3.1211202477e-14
d  1.5394627184e-02 1.2237626242e+00 -2.0000000000e-01 5.2073809273e-06 3.0000000000e+02 -4.5909789856e-13 -3.0671702562e-14 5.2074039754e-13 4.5897552186e-13 -1.4005441331e-16 3.0691701721e-14 -5.2073809140e-13 3.1210814983e-14
d  1.5399807114e-02 1.2201366747e+00 -2.0000000000e-01 5.0763614227e-06 3.0000000000e+02 -4.4600280316e-13 -3.0665110489e-14 5.0763614721e-13 4.4588078949e-13 -1.3943699963e-16 3.0685110488e-14 -5.0763614277e-13 3.1210376667e-14
d  1.5406023029e-02 1.2157855353e+00 -2.0000000000e-01 4.9235409219e-06 3.0000000000e+02 -4.3072882940e-13 -3.0655631295e-14 4.9235394114e-13 4.3060725087e-13 -1.3870059885e-16 3.0675631333e-14 -4.9235409277e-13 3.1209752501e-14
d  1.5409752578e-02 1.2131748516e+00 -2.0000000000e-01 4.8340915403e-06 3.0000000000e+02 -4.2178855025e-13 -3.0650347547e-14 4.8340916777e-13 4.2166723276e-13 -1.3826045653e-16 3.0670347542e-14 -4.8340915450e-13 3.1209403218e-14
d  1.5414228037e-02 1.2100420312e+00 -2.0000000000e-01 4.7289204988e-06 3.0000000000e+02 -4.1127701908e-13 -3.0644650696e-14 4.7289527091e-13 4.1115601431e-13 -1.3773460269e-16 3.0664649563e-14 -4.7289204788e-13 3.1209023066e-14
d  1.5419598588e-02 1.2062826468e+00 -2.0000000000e-01 4.6057646212e-06 3.0000000000e+02 -3.9896802903e-13 -3.0638631332e-14 4.6057645923e-13 3.9884740077e-13 -1.3710568878e-16 3.0658631333e-14 -4.6057646258e-13 3.1208619059e-14
d  1.5426043249e-02 1.2017713854e+00 -2.0000000000e-01 4.4622480549e-06 3.0000000000e+02 -3.8462409642e-13 -3.0629006669e-14 4.4622476489e-13 3.8450391929e-13 -1.3635593167e-16 3.0649006678e-14 -4.4622480596e-13 3.1207983824e-14
d  1.5429910045e-02 1.1990646286e+00 -2.0000000000e-01 4.3783134034e-06 3.0000000000e+02 -3.7623513544e-13 -3.0624052333e-14 4.3783135270e-13 3.7611522898e-13 -1.3590781645e-16 3.0644052328e-14 -4.3783134077e-13 3.1207653821e-14
d  1.5434550201e-02 1.1958165204e+00 -2.0000000000e-01 4.2796925590e-06 3.0000000000e+02 -3.6637842402e-13 -3.0618406854e-14 4.2797137699e-13 3.6625884202e-13 -1.3537247365e-16 3.0638406134e-14 -4.2796925477e-13 3.1207275767e-14
d  1.5440118388e-02 1.1919187906e+00 -2.0000000000e-01 4.1642990862e-06 3.0000000000e+02 -3.5484540424e-13 -3.0612211378e-14 4.1642990335e-13 3.5472621236e-13 -1.3473258474e-16 3.0632211380e-14 -4.1642990904e-13 3.1206859040e-14
d  1.5446800212e-02 1.1872415149e+00 -2.0000000000e-01 4.0299582262e-06 3.0000000000e+02 -3.4141876575e-13 -3.0603339153e-14 4.0299588395e-13 3.4130004159e-13 -1.3396956112e-16 3.0623339139e-14 -4.0299582299e-13 3.1206268461e-14
d  1.5454818402e-02 1.1816287840e+00 -2.0000000000e-01 3.8744950596e-06 3.0000000000e+02 -3.2588116654e-13 -3.0593809023e-14 3.8744951919e-13 3.2576300366e-13 -1.3305974410e-16 3.0613809020e-14 -3.8744950634e-13 3.1205629345e-14
d  1.5459629315e-02 1.1782611454e+00 -2.0000000000e-01 3.7841287201e-06 3.0000000000e+02 -3.1684966172e-13 -3.0588301843e-14 3.7841290850e-13 3.1673183560e-13 -1.3251694519e-16 3.0608301832e-14 -3.7841287236e-13 3.1205258622e-14
d  1.5465402412e-02 1.1742199791e+00 -2.0000000000e-01 3.6784824743e-06 3.0000000000e+02 -3.0629110656e-13 -3.0581609785e-14 3.6784828388e-13 3.0617368456e-13 -1.3186881802e-16 3.0601609775e-14 -3.6784824778e-13 3.1204808543e-14
d  1.5472330127e-02 1.1693705796e+00 -2.0000000000e-01 3.5556097365e-06 3.0000000000e+02 -2.9401093545e-13 -3.0573655643e-14 3.5556103753e-13 2.9389399838e-13 -1.3109558222e-16 3.0593655628e-14 -3.5556097397e-13 3.1204273002e-14
d  1.5476486757e-02 1.1664609399e+00 -2.0000000000e-01 3.4838731687e-06 3.0000000000e+02 -2.8684148587e-13 -3.0569088739e-14 3.4838916355e-13 2.8672483951e-13 -1.3063401569e-16 3.0589088116e-14 -3.4838731591e-13 3.1203963934e-14
d  1.5481474712e-02 1.1629693723e+00 -2.0000000000e-01 3.3997041936e-06 3.0000000000e+02 -2.7842960240e-13 -3.0564356467e-14 3.3997138205e-13 2.7831330533e-13 -1.3008215322e-16 3.0584356163e-14 -3.3997041906e-13 3.1203640391e-14
d  1.5487460258e-02 1.1587794911e+00 -2.0000000000e-01 3.3013887769e-06 3.0000000000e+02 -2.6860394628e-13 -3.0557124721e-14 3.3013892129e-13 2.6848806833e-13 -1.2942357510e-16 3.0577124709e-14 -3.3013887799e-13 3.1203154614e-14
d  1.5494642913e-02 1.1537516337e+00 -2.0000000000e-01 3.1871633667e-06 3.0000000000e+02 -2.5718834862e-13 -3.0549202958e-14 3.1871639346e-13 2.5707297345e-13 -1.2863796259e-16 3.0569202946e-14 -3.1871633696e-13 3.1202618495e-14
d  1.5498952507e-02 1.1507349192e+00 -2.0000000000e-01 3.1205371389e-06 3.0000000000e+02 -2.5052984707e-13 -3.0544745601e-14 3.1205509093e-13 2.5041477339e-13 -1.2816903470e-16 3.0564745153e-14 -3.1205371327e-13 3.1202314879e-14
d  1.5504124019e-02 1.1471148619e+00 -2.0000000000e-01 3.0424237773e-06 3.0000000000e+02 -2.4272342215e-13 -3.0539900423e-14 3.0424304305e-13 2.4260871057e-13 -1.2760854736e-16 3.0559900221e-14 -3.0424237761e-13 3.1201982447e-14
d  1.5510329833e-02 1.1427707931e+00 -2.0000000000e-01 2.9512652107e-06 3.0000000000e+02 -2.3361334279e-13 -3.0532891041e-14 2.9512658526e-13 2.3349906570e-13 -1.2693973616e-16 3.0552891025e-14 -2.9512652133e-13 3.1201508198e-14
d  1.5517776810e-02 1.1375579105e+00 -2.0000000000e-01 2.8454721925e-06 3.0000000000e+02 -2.2304089789e-13 -3.0525134382e-14 2.8454727593e-13 2.2292714209e-13 -1.2614208851e-16 3.0545134370e-14 -2.8454721950e-13 3.1200979639e-14
d  1.5522244997e-02 1.1344301810e+00 -2.0000000000e-01 2.7838237793e-06 3.0000000000e+02 -2.1688011609e-13 -3.0520618324e-14 2.7838341041e-13 2.1676667294e-13 -1.2566604575e-16 3.0540618000e-14 -2.7838237754e-13 3.1200670713e-14
d  1.5527606820e-02 1.1306769055e+00 -2.0000000000e-01 2.7116040620e-06 3.0000000000e+02 -2.0966300020e-13 -3.0515714473e-14 2.7116087482e-13 2.0954993245e-13 -1.2509724018e-16 3.0535714335e-14 -2.7116040618e-13 3.1200332545e-14
d  1.5534041009e-02 1.1261729750e+00 -2.0000000000e-01 2.6274038387e-06 3.0000000000e+02 -2.0124870620e-13 -3.0508832243e-14 2.6274042076e-13 2.0113608890e-13 -1.2441853764e-16 3.0528832234e-14 -2.6274038411e-13 3.1199863653e-14
d  1.5541762034e-02 1.1207682583e+00 -2.0000000000e-01 2.5297983676e-06 3.0000000000e+02 -1.9149497888e-13 -3.0501155815e-14 2.5297988361e-13 1.9138290205e-13 -1.2360928440e-16 3.0521155805e-14 -2.5297983699e-13 3.1199336997e-14
d  1.5546394650e-02 1.1175254283e+00 -2.0000000000e-01 2.4729783177e-06 3.0000000000e+02 -1.8581702589e-13 -3.0496619190e-14 2.4729859985e-13 1.8570527326e-13 -1.2312641510e-16 3.0516618957e-14 -2.4729783154e-13 3.1199024894e-14
d  1.5551953789e-02 1.1136340323e+00 -2.0000000000e-01 2.4064698051e-06 3.0000000000e+02 -1.7917101953e-13 -3.0491550888e-14 2.4064734055e-13 1.7905965609e-13 -1.2254958181e-16 3.0511550786e-14 -2.4064698054e-13 3.1198674083e-14
d  1.5558624755e-02 1.1089643572e+00 -2.0000000000e-01 2.3290052007e-06 3.0000000000e+02 -1.7143029951e-13 -3.0484754773e-14 2.3290055197e-13 1.7131940307e-13 -1.2186138781e-16 3.0504754765e-14 -2.3290052029e-13 3.1198207664e-14
d  1.5566629915e-02 1.1033607469e+00 -2.0000000000e-01 2.2393146823e-06 3.0000000000e+02 -1.6246810104e-13 -3.0477030010e-14 2.2393151294e-13 1.6235776496e-13 -1.2104100999e-16 3.0497030001e-14 -2.2393146844e-13 3.1197674439e-14
d  1.5571433011e-02 1.0999985808e+00 -2.0000000000e-01 2.1871567573e-06 3.0000000000e+02 -1.5725639579e-13 -3.0472464359e-14 2.1871617578e-13 1.5714639588e-13 -1.2055159665e-16 3.0492464213e-14 -2.1871567565e-13 3.1197358358e-14
d  1.5577196726e-02 1.0959639814e+00 -2.0000000000e-01 2.1261576464e-06 3.0000000000e+02 -1.5116137577e-13 -3.0467180765e-14 2.1261603896e-13 1.5105177934e-13 -1.1996708213e-16 3.0487180690e-14 -2.1261576470e-13 3.1196991312e-14
d  1.5584113184e-02 1.0911224622e+00 -2.0000000000e-01 2.0551832574e-06 3.0000000000e+02 -1.4406975996e-13 -3.0460418365e-14 2.0551834303e-13 1.4396064772e-13 -1.1926980878e-16 3.0480418361e-14 -2.0551832594e-13 3.1196523715e-14
d  1.5592412933e-02 1.0853126391e+00 -2.0000000000e-01 1.9731088194e-06 3.0000000000e+02 -1.3586928795e-13 -3.0452567798e-14 1.9731092132e-13 1.3576075668e-13 -1.1843882784e-16 3.0472567790e-14 -1.9731088212e-13 3.1195978521e-14
d  1.5597392783e-02 1.0818267453e+00 -2.0000000000e-01 1.9254314742e-06 3.0000000000e+02 -1.3110572361e-13 -3.0447895015e-14 1.9254336888e-13 1.3099754091e-13 -1.1794316639e-16 3.0467894953e-14 -1.9254314749e-13 3.1195653211e-14
d  1.5603368603e-02 1.0776436727e+00 -2.0000000000e-01 1.8697219991e-06 3.0000000000e+02 -1.2553977645e-13 -3.0442348293e-14 1.8697241003e-13 1.2543201206e-13 -1.1735137371e-16 3.0462348238e-14 -1.8697219999e-13 3.1195266471e-14
d  1.5610539587e-02 1.0726239855e+00 -2.0000000000e-01 1.8049714156e-06 3.0000000000e+02 -1.1907069929e-13 -3.0435571414e-14 1.8049715328e-13 1.1896343689e-13 -1.1664546832e-16 3.0455571412e-14 -1.8049714173e-13 3.1194794204e-14
d  1.5619144767e-02 1.0666003610e+00 -2.0000000000e-01 1.7301897735e-06 3.0000000000e+02 -1.1159971379e-13 -3.0427487404e-14 1.7301900649e-13 1.1149305375e-13 -1.1580444317e-16 3.0447487399e-14 -1.7301897751e-13 3.1194229623e-14
d  1.5624307875e-02 1.0629861862e+00 -2.0000000000e-01 1.6867973749e-06 3.0000000000e+02 -1.0726478271e-13 -3.0422654326e-14 1.6867982632e-13 1.0715848408e-13 -1.1530288932e-16 3.0442654302e-14 -1.6867973761e-13 3.1193891297e-14
d  1.5630503605e-02 1.0586491765e+00 -2.0000000000e-01 1.6361411983e-06 3.0000000000e+02 -1.0220434128e-13 -3.0416866439e-14 1.6361428411e-13 1.0209847635e-13 -1.1470417734e-16 3.0436866397e-14 -1.6361411991e-13 3.1193485757e-14
d  1.5637938481e-02 1.0534447649e+00 -2.0000000000e-01 1.5773288071e-06 3.0000000000e+02 -9.6329319368e-14 -3.0409923297e-14 1.5773289038e-13 9.6223974891e-14 -1.1399014839e-16 3.0429923295e-14 -1.5773288086e-13 3.1192998642e-14
d  1.5646860332e-02 1.0471994710e+00 -2.0000000000e-01 1.5094949012e-06 3.0000000000e+02 -8.9553419267e-14 -3.0401513712e-14 1.5094951278e-13 8.9448699319e-14 -1.1313965862e-16 3.0421513708e-14 -1.5094949027e-13 3.1192408075e-14
d  1.5652213443e-02 1.0434522946e+00 -2.0000000000e-01 1.4701789931e-06 3.0000000000e+02 -8.5626326003e-14 -3.0396436277e-14 1.4701793911e-13 8.5521980770e-14 -1.1263258497e-16 3.0416436266e-14 -1.4701789943e-13 3.1192050919e-14
d  1.5658637175e-02 1.0389556829e+00 -2.0000000000e-01 1.4243251192e-06 3.0000000000e+02 -8.1046365111e-14 -3.0390439001e-14 1.4243264480e-13 8.0942469532e-14 -1.1202738969e-16 3.0410438968e-14 -1.4243251199e-13 3.1191628013e-14
d  1.5666345655e-02 1.0335597490e+00 -2.0000000000e-01 1.3711484427e-06 3.0000000000e+02 -7.5735234916e-14 -3.0383184333e-14 1.3711485381e-13 7.5631878941e-14 -1.1130577531e-16 3.0403184331e-14 -1.3711484441e-13 3.1191116125e-14
d  1.5675595830e-02 1.0270846282e+00 -2.0000000000e-01 1.3098974230e-06 3.0000000000e+02 -6.9618025836e-14 -3.0374370460e-14 1.3098975453e-13 6.9515317372e-14 -1.1044645438e-16 3.0394370458e-14 -1.3098974243e-13 3.1190493667e-14
d  1.5681145935e-02 1.0231995557e+00 -2.0000000000e-01 1.2744389510e-06 3.0000000000e+02 -6.6076944857e-14 -3.0369078682e-14 1.2744391906e-13 6.5974624900e-14 -1.0993424400e-16 3.0389078676e-14 -1.2744389521e-13 3.1190118996e-14
d  1.5687806061e-02 1.0185374688e+00 -2.0000000000e-01 1.2331237792e-06 3.0000000000e+02 -6.1951175088e-14 -3.0362689178e-14 1.2331248576e-13 6.1849321334e-14 -1.0932300722e-16 3.0382689153e-14 -1.2331237799e-13 3.1189666416e-14
d  1.5695798212e-02 1.0129429644e+00 -2.0000000000e-01 1.1852659925e-06 3.0000000000e+02 -5.7172341535e-14 -3.0355050569e-14 1.1852660714e-13 5.7071047239e-14 -1.0859436126e-16 3.0375050567e-14 -1.1852659936e-13 3.1189124287e-14
d  1.5705388794e-02 1.0062295592e+00 -2.0000000000e-01 1.1301497120e-06 3.0000000000e+02 -5.1666667952e-14 -3.0348035694e-14 1.1301525564e-13 5.1566044980e-14 -1.0772669830e-16 3.0368035647e-14 -1.1301497122e-13 3.1188610342e-14
d  1.5714290000e-02 9.9999871667e-01 -2.0000000000e-01 1.0813302949e-06 3.0000000000e+02 -4.6795704887e-14 -3.0336315466e-14 1.0813305415e-13 4.6695705014e-14 -1.0692866441e-16 3.0356315461e-14 -1.0813302959e-13 3.1187797162e-14
d  1.5724971447e-02 9.9252170558e-01 -2.0000000000e-01 1.0253902070e-06 3.0000000000e+02 -4.1211105699e-14 -3.0326095272e-14 1.0253904420e-13 4.1111853528e-14 -1.0597867995e-16 3.0346095269e-14 -1.0253902080e-13 3.1187066674e-14
d  1.5731380316e-02 9.8803549893e-01 -2.0000000000e-01 9.9317851903e-07 3.0000000000e+02 -3.7995630537e-14 -3.0319808307e-14 9.9317915523e-14 3.7896826983e-14 -1.0541321572e-16 3.0339808293e-14 -9.9317851974e-14 3.1186616582e-14
d  1.5739070958e-02 9.8265205095e-01 -2.0000000000e-01 9.5580988970e-07 3.0000000000e+02 -3.4265712166e-14 -3.0312219452e-14 9.5580975073e-14 3.4167446962e-14 -1.0473892753e-16 3.0332219455e-14 -9.5580989072e-14 3.1186073081e-14
d  1.5748299729e-02 9.7619191338e-01 -2.0000000000e-01 9.1274637022e-07 3.0000000000e+02 -2.9967739129e-14 -3.0302972303e-14 9.1274645316e-14 2.9870119937e-14 -1.0393594227e-16 3.0322972302e-14 -9.1274637111e-14 3.1185410420e-14
d  1.5759374253e-02 9.6843974829e-01 -2.0000000000e-01 8.6351944706e-07 3.0000000000e+02 -2.5055320345e-14 -3.0291854829e-14 8.6352290152e-14 2.4958476354e-14 -1.0298112500e-16 3.0311854780e-14 -8.6351944693e-14 3.1184611508e-14
d  1.5766018968e-02 9.6378844923e-01 -2.0000000000e-01 8.3520969254e-07 3.0000000000e+02 -2.2230600947e-14 -3.0285236244e-14 8.3521015969e-14 2.2134222099e-14 -1.0241270791e-16 3.0305236234e-14 -8.3520969319e-14 3.1184133757e-14
d  1.5773992626e-02 9.5820689037e-01 -2.0000000000e-01 8.0240249327e-07 3.0000000000e+02 -1.8957468774e-14 -3.0276744935e-14 8.0240272708e-14 1.8861648084e-14 -1.0173516185e-16 3.0296744930e-14 -8.0240249399e-14 3.1183524119e-14
d  1.5783561015e-02 9.5150901973e-01 -2.0000000000e-01 7.6464490009e-07 3.0000000000e+02 -1.5190919132e-14 -3.0266814420e-14 7.6464496391e-14 1.5095768230e-14 -1.0092849607e-16 3.0286814419e-14 -7.6464490084e-14 3.1182807585e-14
d  1.5795043082e-02 9.4347157496e-01 -2.0000000000e-01 7.2154845255e-07 3.0000000000e+02 -1.0892502489e-14 -3.0254731525e-14 7.2154867156e-14 1.0798155331e-14 -9.9969594519e-17 3.0274731522e-14 -7.2154845321e-14 3.1181934208e-14
d  1.5801932323e-02 9.3864910810e-01 -2.0000000000e-01 6.9679665891e-07 3.0000000000e+02 -8.4241468003e-15 -3.0247370323e-14 6.9679688072e-14 8.3302818883e-15 -9.9398922401e-17 3.0267370318e-14 -6.9679665951e-14 3.1181400794e-14
d  1.5810199411e-02 9.3286214787e-01 -2.0000000000e-01 6.6814299338e-07 3.0000000000e+02 -5.5670584741e-15 -3.0238487983e-14 6.6814329199e-14 5.4737722578e-15 -9.8718782532e-17 3.0258487977e-14 -6.6814299393e-14 3.1180756541e-14
d  1.5820119917e-02 9.2591779559e-01 -2.0000000000e-01 6.3520728971e-07 3.0000000000e+02 -2.2835398134e-15 -3.0227712163e-14 6.3520734281e-14 2.1909480336e-15 -9.7909198216e-17 3.0247712162e-14 -6.3520729033e-14 3.1179973827e-14
d  1.5832024525e-02 9.1758457286e-01 -2.0000000000e-01 5.9766987871e-07 3.0000000000e+02 1.4579677993e-15 -3.0214639720e-14 5.9766998157e-14 -1.5497262570e-15 -9.6947062163e-17 3.0234639719e-14 -5.9766987928e-14 3.1179022103e-14
d  1.5839167289e-02 9.1258463922e-01 -2.0000000000e-01 5.7613819253e-07 3.0000000000e+02 3.6037054109e-15 -3.0206709727e-14 5.7613821627e-14 -3.6949638750e-15 -9.6374603470e-17 3.0226709726e-14 -5.7613819309e-14 3.1178442896e-14
d  1.5847738606e-02 9.0658471885e-01 -2.0000000000e-01 5.5123777925e-07 3.0000000000e+02 6.0847407070e-15 -3.0197126675e-14 5.5123802084e-14 -6.1753991800e-15 -9.5692457331e-17 3.0217126670e-14 -5.5123777971e-14 3.1177742317e-14
d  1.5858024187e-02 8.9938481441e-01 -2.0000000000e-01 5.2265073416e-07 3.0000000000e+02 8.9325188726e-15 -3.0185518959e-14 5.2265075581e-14 -9.0224573541e-15 -9.4880700993e-17 3.0205518958e-14 -5.2265073467e-14 3.1176892227e-14
d  1.5870366884e-02 8.9074492908e-01 -2.0000000000e-01 4.9011554664e-07 3.0000000000e+02 1.2172758519e-14 -3.0171445758e-14 4.9011561131e-14 -1.2261833012e-14 -9.3916292485e-17 3.0191445757e-14 -4.9011554711e-14 3.1175858904e-14
d  1.5885178120e-02 8.8037706668e-01 -2.0000000000e-01 4.5346872836e-07 3.0000000000e+02 1.5821275660e-14 -3.0154357479e-14 4.5346889919e-14 -1.5909313367e-14 -9.2772799519e-17 3.0174357477e-14 -4.5346872877e-14 3.1174600204e-14
d  1.5894064862e-02 8.7415634925e-01 -2.0000000000e-01 4.3266200662e-07 3.0000000000e+02 1.7892124314e-14 -3.0143991093e-14 4.3266205251e-14 -1.7979539949e-14 -9.2093808883e-17 3.0163991092e-14 -4.3266200704e-14 3.1173833185e-14
d  1.5904728952e-02 8.6669148832e-01 -2.0000000000e-01 4.0879923209e-07 3.0000000000e+02 2.0266519261e-14 -3.0131465960e-14 4.0879935323e-14 -2.0353188410e-14 -9.1286068147e-17 3.0151465958e-14 -4.0879923246e-14 3.1172905179e-14
d  1.5917525860e-02 8.5773365521e-01 -2.0000000000e-01 3.8167004269e-07 3.0000000000e+02 2.2965174226e-14 -3.0116475714e-14 3.8167222544e-14 -2.3050947598e-14 -9.0326755570e-17 3.0136475687e-14 -3.8167004254e-14 3.1171790140e-14
d  1.5932882149e-02 8.4698425548e-01 -2.0000000000e-01 3.5115888117e-07 3.0000000000e+02 2.5998675615e-14 -3.0098105767e-14 3.5115894883e-14 -2.6083374041e-14 -8.9189752511e-17 3.0118105766e-14 -3.5115888151e-14 3.1170420523e-14
d  1.5942095923e-02 8.4053461564e-01 -2.0000000000e-01 3.3385376985e-07 3.0000000000e+02 2.7718630786e-14 -3.0086975954e-14 3.3385391027e-14 -2.7802684248e-14 -8.8514852080e-17 3.0106975952e-14 -3.3385377014e-14 3.1169586581e-14
d  1.5953152452e-02 8.3279504783e-01 -2.0000000000e-01 3.1402448198e-07 3.0000000000e+02 2.9688812445e-14 -3.0073662293e-14 3.1402460489e-14 -2.9772091951e-14 -8.7712198920e-17 3.0093662291e-14 -3.1402448226e-14 3.1168586346e-14
d  1.5966420286e-02 8.2350756646e-01 -2.0000000000e-01 2.9150531807e-07 3.0000000000e+02 3.1925355535e-14 -3.0057609174e-14 2.9150544134e-14 -3.2007706292e-14 -8.6759241901e-17 3.0077609173e-14 -2.9150531833e-14 3.1167376363e-14
d  1.5982341687e-02 8.1236258882e-01 -2.0000000000e-01 2.6614257656e-07 3.0000000000e+02 3.4445931497e-14 -3.0040973042e-14 2.6614723848e-14 -3.4527167768e-14 -8.5630113431e-17 3.0060972996e-14 -2.6614257593e-14 3.1166091004e-14
d  1.6001447369e-02 7.9898861565e-01 -2.0000000000e-01 2.3803393339e-07 3.0000000000e+02 3.7234786033e-14 -3.0018211388e-14 2.3803444018e-14 -3.7314684896e-14 -8.4295965877e-17 3.0038211384e-14 -2.3803393354e-14 3.1164353046e-14
d  1.6024374186e-02 7.8293984784e-01 -2.0000000000e-01 2.0740049464e-07 3.0000000000e+02 4.0267037423e-14 -2.9986078918e-14 2.0740032557e-14 -4.0345331408e-14 -8.2724120758e-17 3.0006078920e-14 -2.0740049487e-14 3.1161931438e-14
d  1.6038130277e-02 7.7331058716e-01 -2.0000000000e-01 1.9041578864e-07 3.0000000000e+02 4.1949606577e-14 -2.9969648370e-14 1.9041588195e-14 -4.2026937636e-14 -8.1795774907e-17 2.9989648369e-14 -1.9041578881e-14 3.1160654853e-14
d  1.6054637585e-02 7.6175547434e-01 -2.0000000000e-01 1.7133103115e-07 3.0000000000e+02 4.3839160164e-14 -2.9950016241e-14 1.7133262035e-14 -4.3915335715e-14 -8.0696566442e-17 2.9970016226e-14 -1.7133103103e-14 3.1159123175e-14
d  1.6074446356e-02 7.4788933896e-01 -2.0000000000e-01 1.5015347499e-07 3.0000000000e+02 4.5934173739e-14 -2.9926507779e-14 1.5015348599e-14 -4.6008962673e-14 -7.9398166313e-17 2.9946507779e-14 -1.5015347513e-14 3.1157277602e-14
d  1.6098216880e-02 7.3124997650e-01 -2.0000000000e-01 1.2698722632e-07 3.0000000000e+02 4.8223903588e-14 -2.9898539900e-14 1.2698724251e-14 -4.8297028586e-14 -7.7869255260e-17 2.9918539900e-14 -1.2698722644e-14 3.1155061525e-14
d  1.6126741510e-02 7.1128274154e-01 -2.0000000000e-01 1.0206881873e-07 3.0000000000e+02 5.0684134000e-14 -2.9865788877e-14 1.0206889404e-14 -5.0755262274e-14 -7.6075592584e-17 2.9885788876e-14 -1.0206881883e-14 3.1152431117e-14
d  1.6160971065e-02 6.8732205960e-01 -2.0000000000e-01 7.5775634682e-08 3.0000000000e+02 5.3276937650e-14 -2.9827881763e-14 7.5775144576e-15 -5.3345669855e-14 -7.3980659889e-17 2.9847881765e-14 -7.5775634801e-15 3.1149331823e-14
d  1.6181508798e-02 6.7294565044e-01 -2.0000000000e-01 6.1651747497e-08 3.0000000000e+02 5.4668365756e-14 -2.9806031213e-14 6.1651739416e-15 -5.4735660321e-14 -7.2753096724e-17 2.9826031213e-14 -6.1651747560e-15 3.1147504831e-14
d  1.6206154078e-02 6.5569395944e-01 -2.0000000000e-01 4.6147978923e-08 3.0000000000e+02 5.6194574528e-14 -2.9780889567e-14 4.6147966153e-15 -5.6260143924e-14 -7.1308463039e-17 2.9800889567e-14 -4.6147978971e-15 3.1145373584e-14
d  1.6235728414e-02 6.3499193024e-01 -2.0000000000e-01 2.9241823487e-08 3.0000000000e+02 5.7866124858e-14 -2.9759995253e-14 2.9245257957e-15 -5.7929624055e-14 -6.9614589667e-17 2.9779995235e-14 -2.9241823166e-15 3.1143423598e-14
d  1.6271217617e-02 6.1014949520e-01 -2.0000000000e-01 1.1580592261e-08 3.0000000000e+02 5.9592589382e-14 -2.9719481032e-14 1.1580624301e-15 -5.9653604331e-14 -6.7638211971e-17 2.9739481032e-14 -1.1580592270e-15 3.1139995795e-14
d  1.6313804661e-02 5.8033857315e-01 -2.0000000000e-01 -6.9312662307e-09 3.0000000000e+02 6.1411705437e-14 -2.9685114061e-14 -6.9312529417e-16 -6.1469739294e-14 -6.5343524721e-17 2.9705114061e-14 6.9312662386e-16 3.1136798635e-14
d  1.6364909113e-02 5.4456546670e-01 -2.0000000000e-01 -2.5790841757e-08 3.0000000000e+02 6.3266224494e-14 -2.9650921467e-14 -2.5790807395e-15 -6.3320681041e-14 -6.2697421299e-17 2.9670921466e-14 2.5790841784e-15 3.1133372748e-14
d  1.6426234456e-02 5.0163773895e-01 -2.0000000000e-01 -4.4588869040e-08 3.0000000000e+02 6.5120110745e-14 -2.9621118032e-14 -4.4588742727e-15 -6.5170274519e-14 -5.9669203980e-17 2.9641118032e-14 4.4588869091e-15 3.1129938900e-14
d  1.6499824867e-02 4.5012446566e-01 -2.0000000000e-01 -6.2910893288e-08 3.0000000000e+02 6.6939417591e-14 -2.9602684689e-14 -6.2910745872e-15 -6.6984430038e-14 -5.6235419824e-17 2.9622684689e-14 6.2910893357e-15 3.1126894528e-14
d  1.6588133360e-02 3.8830853770e-01 -2.0000000000e-01 -8.0397121807e-08 3.0000000000e+02 6.8700086410e-14 -2.9606684088e-14 -8.0397165262e-15 -6.8738917264e-14 -5.2383972489e-17 2.9626684088e-14 8.0397121886e-15 3.1124910367e-14
d  1.6694103553e-02 3.1412942415e-01 -2.0000000000e-01 -9.6772277729e-08 3.0000000000e+02 7.0390851101e-14 -2.9648213576e-14 -9.6772635177e-15 -7.0422264043e-14 -4.8119591760e-17 2.9668213576e-14 9.6772277816e-15 3.1124936963e-14
d  1.6821267783e-02 2.2511448790e-01 -2.0000000000e-01 -1.1193734514e-07 3.0000000000e+02 7.2023853147e-14 -2.9747754375e-14 -1.1193730259e-14 -7.2046364596e-14 -4.3469859274e-17 2.9767754375e-14 1.1193734526e-14 3.1128314970e-14
d  1.6973864860e-02 1.1829656439e-01 -2.0000000000e-01 -1.2601948120e-07 3.0000000000e+02 7.3641643579e-14 -2.9933088775e-14 -1.2601955380e-14 -7.3653473235e-14 -3.8491275436e-17 2.9953088776e-14 1.2601948132e-14 3.1136934865e-14
d  1.7142860000e-02 0.0000000000e+00 -2.0000000000e-01 -1.3964211737e-07 3.0000000000e+02 7.5347672481e-14 -3.0243046771e-14 -1.3964209553e-14 -7.5347672481e-14 -3.3651333355e-17 3.0263046771e-14 1.3964211751e-14 3.1154057120e-14
