v ATLAS
# This file was created by ATLAS version 5.32.1.R on Fri Oct  9 04:34:14 2026.
#SSF 2.0 generic
##############################################################################
#                    Copyright (c) 1984 - 2021                               #
#                    Silvaco Inc. All rights reserved                        #
#                                                                            #
# This file format and the following Key are copyright Silvaco Inc.          #
# You may not use, this format or key without reproducing this message in    #
# full and obtaining express written permission from Silvaco Inc.            #
#                                                                            #
# To obtain such permission please contact: Silvaco Inc.                     #
#                                           support@silvaco.com              #
#                                                                            #
# KEY=SVC86hn7562asdx                       PROD=345                         #
##############################################################################
Q 10000 1 "V[1]" 5 1201 7 1
Q 10001 1 "V[2]" 5 1201 7 2
Q 10002 1 "V[3]" 5 1201 7 3
X 1 Vdrain
X 2 Vgate
X 3 Rtap
X 4 Adev_drain
X 5 Adev_source
X 6 Adev_gate
X 7 Adev_tap
X 8 Adev_substrate
p 13 61 10000 10001 10002 82 1301 1302 1303 1304 1305 1306 1307 1308
d  1.0000000000e-09 6.9999996500e-07 -2.0000000000e-01 3.1355110527e-08 3.0000000000e+02 -7.8212621307e-14 3.4458523562e-14 1.0439122108e-14 7.8213517906e-14 -6.7881806044e-16 -3.4434653294e-14 -1.0459152957e-14 -3.2657269237e-14
d  2.0000000000e-09 1.3999999300e-06 -2.0000000000e-01 4.6081656165e-08 3.0000000000e+02 -7.8803550346e-14 3.1921332103e-14 1.5360640182e-14 7.8803540785e-14 -1.4029881598e-16 -3.1901372766e-14 -1.5360473799e-14 -3.1431206055e-14
d  3.0000000000e-09 2.0999998950e-06 -2.0000000000e-01 5.0430818418e-08 3.0000000000e+02 -7.8978965709e-14 3.1131993349e-14 1.6810281074e-14 7.8978964614e-14 1.8567655349e-17 -3.1111997162e-14 -1.6810265467e-14 -3.1065925073e-14
d  4.2000000000e-09 2.9399998530e-06 -2.0000000000e-01 5.0939216321e-08 3.0000000000e+02 -7.8999244090e-14 3.1052551340e-14 1.6979709498e-14 7.8999246482e-14 3.7170701416e-17 -3.1032539740e-14 -1.6979761102e-14 -3.1024047828e-14
d  5.6400000000e-09 3.9479998026e-06 -2.0000000000e-01 5.0401263652e-08 3.0000000000e+02 -7.8977774673e-14 3.1145703438e-14 1.6800349788e-14 7.8977779742e-14 1.7474018668e-17 -3.1125679861e-14 -1.6800466606e-14 -3.1068967857e-14
d  7.3680000000e-09 5.1575997421e-06 -2.0000000000e-01 5.0009658642e-08 3.0000000000e+02 -7.8962236199e-14 3.1213925999e-14 1.6669751698e-14 7.8962244259e-14 3.1307223456e-18 -3.1193888996e-14 -1.6669957443e-14 -3.1101681029e-14
d  9.4416000000e-09 6.6091196695e-06 -2.0000000000e-01 4.9898793506e-08 3.0000000000e+02 -7.8957871755e-14 3.1233258395e-14 1.6632768242e-14 7.8957879749e-14 -9.2662038228e-19 -3.1213221044e-14 -1.6633003063e-14 -3.1110956075e-14
d  1.1929920000e-08 8.3509435825e-06 -2.0000000000e-01 4.9903857990e-08 3.0000000000e+02 -7.8958008697e-14 3.1232198852e-14 1.6634498099e-14 7.8958013228e-14 -7.3113573981e-19 -3.1212175696e-14 -1.6634663911e-14 -3.1110529754e-14
d  1.4915904000e-08 1.0441132278e-05 -2.0000000000e-01 4.9918441644e-08 3.0000000000e+02 -7.8958060194e-14 3.1229307512e-14 1.6639605871e-14 7.8958054527e-14 -1.8389528233e-19 -3.1209327468e-14 -1.6639442152e-14 -3.1109242523e-14
d  1.8499084800e-08 1.2949358713e-05 -2.0000000000e-01 4.9921867896e-08 3.0000000000e+02 -7.8957384581e-14 3.1227678879e-14 1.6641159426e-14 7.8957366785e-14 -1.3041136057e-20 -3.1207750092e-14 -1.6640485569e-14 -3.1108822379e-14
d  2.2798901760e-08 1.5959230434e-05 -2.0000000000e-01 4.9918330005e-08 3.0000000000e+02 -7.8954755962e-14 3.1225964786e-14 1.6641206060e-14 7.8954709211e-14 -1.6286978658e-20 -3.1206159660e-14 -1.6639068255e-14 -3.1108726314e-14
d  2.7958682112e-08 1.9571076500e-05 -2.0000000000e-01 4.9907262257e-08 3.0000000000e+02 -7.8946987494e-14 3.1221043448e-14 1.6641172082e-14 7.8946869888e-14 -3.0534825888e-20 -3.1201542597e-14 -1.6634793363e-14 -3.1108451927e-14
d  3.4150418534e-08 2.3905291779e-05 -2.0000000000e-01 4.9889352590e-08 3.0000000000e+02 -7.8934552505e-14 3.1211252753e-14 1.6641254581e-14 7.8934346128e-14 -3.5179023871e-20 -3.1192133395e-14 -1.6628089268e-14 -3.1107861661e-14
d  4.1580502241e-08 2.9106350114e-05 -2.0000000000e-01 4.9871826381e-08 3.0000000000e+02 -7.8922843650e-14 3.1200126138e-14 1.6641382432e-14 7.8922582341e-14 -3.4571610929e-20 -3.1181241986e-14 -1.6621794593e-14 -3.1107168422e-14
d  5.0496602690e-08 3.5347620115e-05 -2.0000000000e-01 4.9867169496e-08 3.0000000000e+02 -7.8920267997e-14 3.1194356317e-14 1.6641504396e-14 7.8920028475e-14 -3.4022022964e-20 -3.1175375467e-14 -1.6620428427e-14 -3.1106794609e-14
d  6.1195923227e-08 4.2837144117e-05 -2.0000000000e-01 4.9866777683e-08 3.0000000000e+02 -7.8920438611e-14 3.1194615997e-14 1.6641608583e-14 7.8920235256e-14 -3.1014574760e-20 -3.1175475724e-14 -1.6620604644e-14 -3.1106802536e-14
d  7.4035107873e-08 5.1824572920e-05 -2.0000000000e-01 4.9866614881e-08 3.0000000000e+02 -7.8920643121e-14 3.1195246447e-14 1.6641816900e-14 7.8920469794e-14 -3.3490156664e-20 -3.1175972608e-14 -1.6620807429e-14 -3.1106834454e-14
d  8.9442129448e-08 6.2609487483e-05 -2.0000000000e-01 4.9866718198e-08 3.0000000000e+02 -7.8920920247e-14 3.1195394030e-14 1.6642076160e-14 7.8920772258e-14 -3.1928757567e-20 -3.1176006103e-14 -1.6621061438e-14 -3.1106835747e-14
d  1.0793055534e-07 7.5551384958e-05 -2.0000000000e-01 4.9867070313e-08 3.0000000000e+02 -7.8921260292e-14 3.1195535350e-14 1.6642385508e-14 7.8921133488e-14 -3.1903367296e-20 -3.1176050348e-14 -1.6621365637e-14 -3.1106839228e-14
d  1.3011666640e-07 9.1081661929e-05 -2.0000000000e-01 4.9867689074e-08 3.0000000000e+02 -7.8921677661e-14 3.1195659529e-14 1.6642756527e-14 7.8921568361e-14 -3.0780996008e-20 -3.1176092223e-14 -1.6621730286e-14 -3.1106843624e-14
d  1.5673999969e-07 1.0971799429e-04 -2.0000000000e-01 4.9868602772e-08 3.0000000000e+02 -7.8922182784e-14 3.1195800562e-14 1.6643203408e-14 7.8922087730e-14 -3.2521276915e-20 -3.1176163683e-14 -1.6622168750e-14 -3.1106848879e-14
d  1.8868799962e-07 1.3208159313e-04 -2.0000000000e-01 4.9869841083e-08 3.0000000000e+02 -7.8922797811e-14 3.1195948634e-14 1.6643740591e-14 7.8922714106e-14 -3.1910794714e-20 -3.1176253086e-14 -1.6622694431e-14 -3.1106855056e-14
d  2.2702559955e-07 1.5891791174e-04 -2.0000000000e-01 4.9871451701e-08 3.0000000000e+02 -7.8923541578e-14 3.1196080536e-14 1.6644386984e-14 7.8923466624e-14 -3.1725901401e-20 -3.1176335604e-14 -1.6623326345e-14 -3.1106862522e-14
d  2.7303071946e-07 1.9112149406e-04 -2.0000000000e-01 4.9873486789e-08 3.0000000000e+02 -7.8924437673e-14 3.1196251936e-14 1.6645162019e-14 7.8924369111e-14 -3.1854565095e-20 -3.1176465492e-14 -1.6624084600e-14 -3.1106871354e-14
d  3.2823686335e-07 2.2976579285e-04 -2.0000000000e-01 4.9876011636e-08 3.0000000000e+02 -7.8925514375e-14 3.1196416444e-14 1.6646088125e-14 7.8925450021e-14 -3.1736572731e-20 -3.1176595134e-14 -1.6624993315e-14 -3.1106881995e-14
d  3.9448423602e-07 2.7613895140e-04 -2.0000000000e-01 4.9879113530e-08 3.0000000000e+02 -7.8926808129e-14 3.1196621330e-14 1.6647199593e-14 7.8926745905e-14 -3.2154633565e-20 -3.1176770796e-14 -1.6626083526e-14 -3.1106894882e-14
d  4.7398108322e-07 3.3178674166e-04 -2.0000000000e-01 4.9882895332e-08 3.0000000000e+02 -7.8928363605e-14 3.1196841293e-14 1.6648532147e-14 7.8928301485e-14 -3.1482502093e-20 -3.1176966278e-14 -1.6627391240e-14 -3.1106910253e-14
d  5.6937729986e-07 3.9856408998e-04 -2.0000000000e-01 4.9887484228e-08 3.0000000000e+02 -7.8930229819e-14 3.1197115511e-14 1.6650131792e-14 7.8930165764e-14 -3.1869183365e-20 -3.1177220015e-14 -1.6628960291e-14 -3.1106928718e-14
d  6.8385275984e-07 4.7869690795e-04 -2.0000000000e-01 4.9893031913e-08 3.0000000000e+02 -7.8932469696e-14 3.1197421017e-14 1.6652049561e-14 7.8932401595e-14 -3.1964854100e-20 -3.1177508389e-14 -1.6630842491e-14 -3.1106950777e-14
d  8.2122331180e-07 5.7485628952e-04 -2.0000000000e-01 4.9899722240e-08 3.0000000000e+02 -7.8935156966e-14 3.1197784500e-14 1.6654351588e-14 7.8935082563e-14 -3.1929001075e-20 -3.1177857559e-14 -1.6633100146e-14 -3.1106977230e-14
d  9.8606797417e-07 6.9024754740e-04 -2.0000000000e-01 4.9907776678e-08 3.0000000000e+02 -7.8938379780e-14 3.1198212691e-14 1.6657111857e-14 7.8938296607e-14 -3.1835004547e-20 -3.1178273791e-14 -1.6635807973e-14 -3.1107008718e-14
d  1.1838815690e-06 8.2871705686e-04 -2.0000000000e-01 4.9917466423e-08 3.0000000000e+02 -7.8942246253e-14 3.1198721050e-14 1.6660423501e-14 7.8942151545e-14 -3.1827610000e-20 -3.1178772163e-14 -1.6639057108e-14 -3.1107046542e-14
d  1.4212578828e-06 9.9488046822e-04 -2.0000000000e-01 4.9929110452e-08 3.0000000000e+02 -7.8946882456e-14 3.1199323714e-14 1.6664395596e-14 7.8946773063e-14 -3.1838906994e-20 -3.1179366490e-14 -1.6642954496e-14 -3.1107091693e-14
d  1.7061094594e-06 1.1942765618e-03 -2.0000000000e-01 4.9943092388e-08 3.0000000000e+02 -7.8952438990e-14 3.1200037343e-14 1.6669159234e-14 7.8952311267e-14 -3.1734730865e-20 -3.1180073162e-14 -1.6647628531e-14 -3.1107145622e-14
d  2.0479313512e-06 1.4335518742e-03 -2.0000000000e-01 4.9959874368e-08 3.0000000000e+02 -7.8959097038e-14 3.1200890929e-14 1.6674873276e-14 7.8958946732e-14 -3.1848283801e-20 -3.1180920946e-14 -1.6653233691e-14 -3.1107209912e-14
d  2.4581176215e-06 1.7206822490e-03 -2.0000000000e-01 4.9980008563e-08 3.0000000000e+02 -7.8967072221e-14 3.1201900684e-14 1.6681724676e-14 7.8966894323e-14 -3.1848267900e-20 -3.1181925860e-14 -1.6659954405e-14 -3.1107286466e-14
d  2.9503411458e-06 2.0652386988e-03 -2.0000000000e-01 5.0069041696e-08 3.0000000000e+02 -7.9017294352e-14 3.1220992743e-14 1.6668054186e-14 7.9017092669e-14 -2.7430280794e-20 -3.1200971857e-14 -1.6689720774e-14 -3.1108503439e-14
d  3.5410093749e-06 2.4787064385e-03 -2.0000000000e-01 5.0098335179e-08 3.0000000000e+02 -7.9027565033e-14 3.1265428634e-14 1.6677677042e-14 7.9027321223e-14 -3.3431224796e-20 -3.1245411114e-14 -1.6699478787e-14 -3.1111347897e-14
d  4.2498112499e-06 2.9748677262e-03 -2.0000000000e-01 5.0133635553e-08 3.0000000000e+02 -7.9041831500e-14 3.1256947705e-14 1.6689276402e-14 7.9041537423e-14 -3.1879122567e-20 -3.1236932992e-14 -1.6711240175e-14 -3.1110827448e-14
d  5.1003734999e-06 3.5702612714e-03 -2.0000000000e-01 5.0175894905e-08 3.0000000000e+02 -7.9058492225e-14 3.1259417243e-14 1.6703161883e-14 7.9058138067e-14 -3.1885553077e-20 -3.1239404870e-14 -1.6725322123e-14 -3.1111007894e-14
d  6.1210481999e-06 4.2847335257e-03 -2.0000000000e-01 5.0226521660e-08 3.0000000000e+02 -7.9078405088e-14 3.1262333809e-14 1.6719798775e-14 7.9077979030e-14 -3.1926173826e-20 -3.1242323387e-14 -1.6742193953e-14 -3.1111221306e-14
d  7.3458578398e-06 5.1421002308e-03 -2.0000000000e-01 5.0287159452e-08 3.0000000000e+02 -7.9102188129e-14 3.1265761803e-14 1.6739728894e-14 7.9101675958e-14 -3.1939133920e-20 -3.1245753008e-14 -1.6762403419e-14 -3.1111472685e-14
d  8.8156294078e-06 6.1709402769e-03 -2.0000000000e-01 5.0360060525e-08 3.0000000000e+02 -7.9130752287e-14 3.1269853545e-14 1.6786589366e-14 7.9130135201e-14 -3.3526780513e-20 -3.1249853514e-14 -1.6786686907e-14 -3.1111776331e-14
d  1.0579355289e-05 7.4055483323e-03 -2.0000000000e-01 5.0447013421e-08 3.0000000000e+02 -7.9165161350e-14 3.1252146539e-14 1.6815575967e-14 7.9164420801e-14 -3.1437293042e-20 -3.1232146514e-14 -1.6815671195e-14 -3.1110694033e-14
d  1.2695826347e-05 8.8870779987e-03 -2.0000000000e-01 5.0551003738e-08 3.0000000000e+02 -7.9205317491e-14 3.1262713710e-14 1.6850242675e-14 7.9204428788e-14 -3.2016116486e-20 -3.1242713689e-14 -1.6850334624e-14 -3.1111423927e-14
d  1.5235591617e-05 1.0664913598e-02 -2.0000000000e-01 5.0675412636e-08 3.0000000000e+02 -7.9253237732e-14 3.1268545225e-14 1.6891692455e-14 7.9252171246e-14 -3.2044666901e-20 -3.1248545204e-14 -1.6891804257e-14 -3.1111862535e-14
d  1.8283309940e-05 1.2798316318e-02 -2.0000000000e-01 5.0824173225e-08 3.0000000000e+02 -7.9310134466e-14 3.1275162039e-14 1.6941128786e-14 7.9308854644e-14 -3.2092292063e-20 -3.1255161998e-14 -1.6941391159e-14 -3.1112364018e-14
d  2.1940571928e-05 1.5358399582e-02 -2.0000000000e-01 5.1001990299e-08 3.0000000000e+02 -7.9377572055e-14 3.1282653439e-14 1.6999952371e-14 7.9376036237e-14 -3.2129519926e-20 -3.1262653347e-14 -1.7000663616e-14 -3.1112936373e-14
d  2.6329286314e-05 1.8430499498e-02 -2.0000000000e-01 5.1214494955e-08 3.0000000000e+02 -7.9457360149e-14 3.1291085115e-14 1.7068095813e-14 7.9455517184e-14 -3.2136919776e-20 -3.1271084747e-14 -1.7071499034e-14 -3.1113586441e-14
d  3.1595743576e-05 2.2117019398e-02 -2.0000000000e-01 5.1468438394e-08 3.0000000000e+02 -7.9551537783e-14 3.1302139415e-14 1.7156148573e-14 7.9549326081e-14 -3.2355127791e-20 -3.1282139415e-14 -1.7156146136e-14 -3.1114424662e-14
d  3.7915492292e-05 2.6540843277e-02 -2.0000000000e-01 5.1771898576e-08 3.0000000000e+02 -7.9662685479e-14 3.1306914699e-14 1.7257297783e-14 7.9660031394e-14 -3.2316751648e-20 -3.1286914699e-14 -1.7257299531e-14 -3.1114889149e-14
d  4.5499190750e-05 3.1849431933e-02 -2.0000000000e-01 5.2134680290e-08 3.0000000000e+02 -7.9793226777e-14 3.1316121091e-14 1.7378243377e-14 7.9790041833e-14 -3.2439137438e-20 -3.1296121092e-14 -1.7378226766e-14 -3.1115664646e-14
d  5.4599628900e-05 3.8219738319e-02 -2.0000000000e-01 5.2568903078e-08 3.0000000000e+02 -7.9946490256e-14 3.1323304565e-14 1.7523086459e-14 7.9942668280e-14 -3.2544963289e-20 -3.1303304572e-14 -1.7522967686e-14 -3.1116346748e-14
d  6.5520154680e-05 4.5864105983e-02 -2.0000000000e-01 5.3089385661e-08 3.0000000000e+02 -8.0126006935e-14 3.1327900945e-14 1.7696912451e-14 8.0121420520e-14 -3.2674324424e-20 -3.1307900964e-14 -1.7696461854e-14 -3.1116906355e-14
d  7.8624785616e-05 5.5037347179e-02 -2.0000000000e-01 5.3719034340e-08 3.0000000000e+02 -8.0338536359e-14 3.1328927682e-14 1.7906346439e-14 8.0333032625e-14 -3.2812512533e-20 -3.1308927682e-14 -1.7906344785e-14 -3.1117289168e-14
d  9.4350342739e-05 6.6045236615e-02 -2.0000000000e-01 5.4479240624e-08 3.0000000000e+02 -8.0587283703e-14 3.1323679863e-14 1.8159723644e-14 8.0580679180e-14 -3.2979595124e-20 -3.1303679862e-14 -1.8159746881e-14 -3.1117334504e-14
d  1.1322101129e-04 7.9254703938e-02 -2.0000000000e-01 5.5408237699e-08 3.0000000000e+02 -8.0882248920e-14 3.1308105802e-14 1.8468854428e-14 8.0874323453e-14 -3.3176607150e-20 -3.1288105788e-14 -1.8469412599e-14 -3.1116800314e-14
d  1.3586581354e-04 9.5106064726e-02 -2.0000000000e-01 5.6553894079e-08 3.0000000000e+02 -8.1233772123e-14 3.1278056945e-14 1.8851114944e-14 8.1224261517e-14 -3.3393559835e-20 -3.1258056941e-14 -1.8851298040e-14 -3.1115444441e-14
d  1.6303957625e-04 1.1412769767e-01 -2.0000000000e-01 5.7880872018e-08 3.0000000000e+02 -8.1593080070e-14 3.1197045070e-14 1.9292356664e-14 8.1581667306e-14 -3.3433198437e-20 -3.1177045048e-14 -1.9293624055e-14 -3.1111013624e-14
d  1.9564809150e-04 1.3695365721e-01 -2.0000000000e-01 5.9691733479e-08 3.0000000000e+02 -8.2106737145e-14 3.1110565432e-14 1.9897338308e-14 8.2093041779e-14 -3.3862974939e-20 -3.1090565433e-14 -1.9897244496e-14 -3.1106403220e-14
d  2.3477830980e-04 1.6434480865e-01 -2.0000000000e-01 6.2109035509e-08 3.0000000000e+02 -8.2787628000e-14 3.0987945613e-14 2.0703889779e-14 8.2771193516e-14 -3.4174637327e-20 -3.0967945624e-14 -2.0703011822e-14 -3.1099746442e-14
d  2.8173457177e-04 1.9721419038e-01 -2.0000000000e-01 6.5194622907e-08 3.0000000000e+02 -8.3580101643e-14 3.0761085684e-14 2.1731446862e-14 8.3560380224e-14 -3.4277345396e-20 -3.0741085684e-14 -2.1731540977e-14 -3.1086930213e-14
d  3.3808208612e-04 2.3665744845e-01 -2.0000000000e-01 6.9489223514e-08 3.0000000000e+02 -8.4670927545e-14 3.0435774319e-14 2.3162801498e-14 8.4647261801e-14 -3.4539216786e-20 -3.0415774317e-14 -2.3163074516e-14 -3.1068517896e-14
d  4.0569910334e-04 2.8398935814e-01 -2.0000000000e-01 7.5487935267e-08 3.0000000000e+02 -8.6144687787e-14 2.9933597996e-14 2.5162374268e-14 8.6116288852e-14 -3.4558057879e-20 -2.9913597994e-14 -2.5162645100e-14 -3.1039997019e-14
d  4.8683952401e-04 3.4078764977e-01 -2.0000000000e-01 8.3932389241e-08 3.0000000000e+02 -8.8158729408e-14 2.9170140210e-14 2.7976661196e-14 8.8124650644e-14 -3.4264301079e-20 -2.9150140205e-14 -2.7977463098e-14 -3.0996753174e-14
d  5.8420802881e-04 4.0894559972e-01 -2.0000000000e-01 9.5661610482e-08 3.0000000000e+02 -9.0917284363e-14 2.8073677072e-14 3.1885906067e-14 9.0876389805e-14 -3.3412631895e-20 -2.8053677065e-14 -3.1887203516e-14 -3.0935260719e-14
d  6.4262913169e-04 4.4984036969e-01 -2.0000000000e-01 1.0326185795e-07 3.0000000000e+02 -9.2706630799e-14 2.7364524122e-14 3.4419014973e-14 9.2661646765e-14 -3.2615145071e-20 -2.7344524110e-14 -3.4420619349e-14 -3.0896280083e-14
d  6.7768179342e-04 4.7437723168e-01 -2.0000000000e-01 1.0800543397e-07 3.0000000000e+02 -9.3857606005e-14 2.6953695402e-14 3.6000606243e-14 9.3810168285e-14 -3.2159082158e-20 -2.6933695387e-14 -3.6001811363e-14 -3.0874013375e-14
d  6.9871339046e-04 4.8909934887e-01 -2.0000000000e-01 1.1100427783e-07 3.0000000000e+02 -9.4633007886e-14 2.6739935166e-14 3.7002584794e-14 9.4584097946e-14 -3.2123093574e-20 -2.6719935190e-14 -3.7001425910e-14 -3.0862630574e-14
d  7.1133234868e-04 4.9793261918e-01 -2.0000000000e-01 1.1298210812e-07 3.0000000000e+02 -9.5200648582e-14 2.6649775680e-14 3.7660726223e-14 9.5150855320e-14 -3.2417841863e-20 -2.6629775681e-14 -3.7660702715e-14 -3.0858065467e-14
d  7.2647509855e-04 5.0853254356e-01 -2.0000000000e-01 1.1507173249e-07 3.0000000000e+02 -9.5713017943e-14 2.6476938208e-14 3.8357591567e-14 9.5662164686e-14 -3.1463155551e-20 -2.6456938219e-14 -3.8357244153e-14 -3.0848754220e-14
d  7.4464639839e-04 5.2125245281e-01 -2.0000000000e-01 1.1734488701e-07 3.0000000000e+02 -9.6200408136e-14 2.6218416112e-14 3.9113098588e-14 9.6148282903e-14 -3.0821518178e-20 -2.6198416062e-14 -3.9114962445e-14 -3.0834591546e-14
d  7.6645195820e-04 5.3651634391e-01 -2.0000000000e-01 1.2055224160e-07 3.0000000000e+02 -9.7079039826e-14 2.6037270239e-14 4.0184201132e-14 9.7025388191e-14 -3.1547679598e-20 -2.6017270242e-14 -4.0184080541e-14 -3.0825279621e-14
d  7.9261862997e-04 5.5483301324e-01 -2.0000000000e-01 1.2368072766e-07 3.0000000000e+02 -9.7742081979e-14 2.5673859924e-14 4.1226128963e-14 9.7686598681e-14 -2.9766592538e-20 -2.5653859909e-14 -4.1226909260e-14 -3.0805533927e-14
d  8.2401863609e-04 5.7681301642e-01 -2.0000000000e-01 1.2781745317e-07 3.0000000000e+02 -9.8812424834e-14 2.5378272767e-14 4.2604837158e-14 9.8754743536e-14 -3.0102160736e-20 -2.5358272752e-14 -4.2605817765e-14 -3.0790219263e-14
d  8.6169864344e-04 6.0318902025e-01 -2.0000000000e-01 1.3257102975e-07 3.0000000000e+02 -1.0004559947e-13 2.5041478143e-14 4.4188991048e-14 9.9985280567e-14 -2.9292837105e-20 -2.5021478125e-14 -4.4190343296e-14 -3.0772975366e-14
d  9.0691465226e-04 6.3484022484e-01 -2.0000000000e-01 1.3822434020e-07 3.0000000000e+02 -1.0159774535e-13 2.4721290524e-14 4.6072055586e-14 1.0153426134e-13 -2.8902621141e-20 -2.4701290494e-14 -4.6074780139e-14 -3.0757304162e-14
d  9.3404425755e-04 6.5383094759e-01 -2.0000000000e-01 1.4185505848e-07 3.0000000000e+02 -1.0270948217e-13 2.4624523617e-14 4.7285537840e-14 1.0264409907e-13 -2.9149982479e-20 -2.4604523626e-14 -4.7285019490e-14 -3.0753527014e-14
d  9.6659978390e-04 6.7661981490e-01 -2.0000000000e-01 1.4566275938e-07 3.0000000000e+02 -1.0377217330e-13 2.4427032044e-14 4.8552230303e-14 1.0370451133e-13 -2.8223945453e-20 -2.4407032014e-14 -4.8554253201e-14 -3.0744224578e-14
d  9.8613309971e-04 6.9029313528e-01 -2.0000000000e-01 1.4818473851e-07 3.0000000000e+02 -1.0456833591e-13 2.4380514085e-14 4.9394672110e-14 1.0449930660e-13 -2.8827082571e-20 -2.4360514080e-14 -4.9394912861e-14 -3.0742856926e-14
d  1.0095730787e-03 7.0670111974e-01 -2.0000000000e-01 1.5102259115e-07 3.0000000000e+02 -1.0543064553e-13 2.4298570536e-14 5.0340302067e-14 1.0535997543e-13 -2.8379291450e-20 -2.4278570524e-14 -5.0340863754e-14 -3.0739681642e-14
d  1.0377010534e-03 7.2639070109e-01 -2.0000000000e-01 1.5417258434e-07 3.0000000000e+02 -1.0635187980e-13 2.4175582462e-14 5.1388638649e-14 1.0627924074e-13 -2.8020460650e-20 -2.4155582423e-14 -5.1390861538e-14 -3.0734435396e-14
d  1.0545778383e-03 7.3820444990e-01 -2.0000000000e-01 1.5661026386e-07 3.0000000000e+02 -1.0722407496e-13 2.4227053284e-14 5.2202495159e-14 1.0715025452e-13 -2.9330145734e-20 -2.4207053260e-14 -5.2203421347e-14 -3.0738575631e-14
d  1.0748299801e-03 7.5238094848e-01 -2.0000000000e-01 1.5882757529e-07 3.0000000000e+02 -1.0787091798e-13 2.4138653430e-14 5.2941268272e-14 1.0779567989e-13 -2.7769914645e-20 -2.4118653400e-14 -5.2942525171e-14 -3.0734793141e-14
d  1.0991325503e-03 7.6939274677e-01 -2.0000000000e-01 1.6173350312e-07 3.0000000000e+02 -1.0880532728e-13 2.4102451361e-14 5.3912880865e-14 1.0872838800e-13 -2.8580934340e-20 -2.4082451395e-14 -5.3911167656e-14 -3.0734318069e-14
d  1.1282956346e-03 7.8980690471e-01 -2.0000000000e-01 1.6497012948e-07 3.0000000000e+02 -1.0980878267e-13 2.4027938331e-14 5.4987057348e-14 1.0972980200e-13 -2.8093889897e-20 -2.4007938280e-14 -5.4990043273e-14 -3.0731929927e-14
d  1.1632913357e-03 8.1430389424e-01 -2.0000000000e-01 1.6977408348e-07 3.0000000000e+02 -1.1152526117e-13 2.4131380705e-14 5.6591740968e-14 1.1144383077e-13 -2.9545171841e-20 -2.4111380710e-14 -5.6591361168e-14 -3.0740218578e-14
d  1.2052861770e-03 8.4370028169e-01 -2.0000000000e-01 1.7472404323e-07 3.0000000000e+02 -1.1312498534e-13 2.4080072175e-14 5.8243875860e-14 1.1304061530e-13 -2.8641770105e-20 -2.4060072205e-14 -5.8241347702e-14 -3.0739942493e-14
d  1.2304830817e-03 8.6133811415e-01 -2.0000000000e-01 1.7757572861e-07 3.0000000000e+02 -1.1403602540e-13 2.4038366131e-14 5.9188022749e-14 1.1394989160e-13 -2.8726660412e-20 -2.4018366063e-14 -5.9191909684e-14 -3.0739123661e-14
d  1.2607193675e-03 8.8250351311e-01 -2.0000000000e-01 1.8214751644e-07 3.0000000000e+02 -1.1574643571e-13 2.4210353808e-14 6.0718750393e-14 1.1565818535e-13 -3.0673872083e-20 -2.4190353856e-14 -6.0715838739e-14 -3.0750940877e-14
d  1.2970029104e-03 9.0790199186e-01 -2.0000000000e-01 1.8641317682e-07 3.0000000000e+02 -1.1710130566e-13 2.4142790326e-14 6.2132467871e-14 1.1701051547e-13 -2.9040244757e-20 -2.4122790254e-14 -6.2137725764e-14 -3.0749264425e-14
d  1.3405431618e-03 9.3838016636e-01 -2.0000000000e-01 1.9266392303e-07 3.0000000000e+02 -1.1932770594e-13 2.4274037060e-14 6.4225319052e-14 1.1923386791e-13 -3.0950540963e-20 -2.4254037106e-14 -6.4221307607e-14 -3.0759443936e-14
d  1.3666673127e-03 9.5666707106e-01 -2.0000000000e-01 1.9690597988e-07 3.0000000000e+02 -1.2088642357e-13 2.4406023795e-14 6.5637359877e-14 1.2079075686e-13 -3.1667782602e-20 -2.4386023829e-14 -6.5635326582e-14 -3.0768550145e-14
d  1.3980162938e-03 9.7861135670e-01 -2.0000000000e-01 2.0168797158e-07 3.0000000000e+02 -1.2254062646e-13 2.4460109004e-14 6.7232554150e-14 1.2244276531e-13 -3.1552727206e-20 -2.4440109055e-14 -6.7229323782e-14 -3.0773453719e-14
d  1.4168256824e-03 9.9177792808e-01 -2.0000000000e-01 2.0372907843e-07 3.0000000000e+02 -1.2308442419e-13 2.4327661503e-14 6.7905016388e-14 1.2298524642e-13 -3.0101186396e-20 -2.4307661394e-14 -6.7909693039e-14 -3.0766921361e-14
d  1.4393969487e-03 1.0075778137e+00 -2.0000000000e-01 2.0761169714e-07 3.0000000000e+02 -1.2453044717e-13 2.4468450614e-14 6.9206197714e-14 1.2442968937e-13 -3.3165448703e-20 -2.4448450664e-14 -6.9203898973e-14 -3.0776274459e-14
d  1.4664824684e-03 1.0265376765e+00 -2.0000000000e-01 2.1198409631e-07 3.0000000000e+02 -1.2606352185e-13 2.4539081459e-14 7.0657335524e-14 1.2596086810e-13 -3.2350898252e-20 -2.4519081385e-14 -7.0661365598e-14 -3.0781822551e-14
d  1.4827337801e-03 1.0379135942e+00 -2.0000000000e-01 2.1468625529e-07 3.0000000000e+02 -1.2700976584e-13 2.4577757577e-14 7.1558472310e-14 1.2690597450e-13 -3.2890590619e-20 -2.4557757480e-14 -7.1562085304e-14 -3.0784921411e-14
d  1.5022353543e-03 1.0515646954e+00 -2.0000000000e-01 2.1762322192e-07 3.0000000000e+02 -1.2797055796e-13 2.4558788067e-14 7.2533787008e-14 1.2786540153e-13 -3.2398782938e-20 -2.4538787883e-14 -7.2541074346e-14 -3.0784895365e-14
d  1.5256372432e-03 1.0679460169e+00 -2.0000000000e-01 2.2204829416e-07 3.0000000000e+02 -1.2959489013e-13 2.4698248743e-14 7.4021490006e-14 1.2948809550e-13 -3.4494249285e-20 -2.4678248857e-14 -7.4016097858e-14 -3.0794123449e-14
d  1.5396783766e-03 1.0777748097e+00 -2.0000000000e-01 2.2457689637e-07 3.0000000000e+02 -1.3047773022e-13 2.4733679749e-14 7.4855143932e-14 1.3036995277e-13 -3.3851271447e-20 -2.4713679630e-14 -7.4858965703e-14 -3.0796882314e-14
d  1.5565277367e-03 1.0895693612e+00 -2.0000000000e-01 2.2766952170e-07 3.0000000000e+02 -1.3155460421e-13 2.4774942468e-14 7.5885358061e-14 1.3144564730e-13 -3.4388789999e-20 -2.4754942337e-14 -7.5889840836e-14 -3.0800119067e-14
d  1.5767469687e-03 1.1037228229e+00 -2.0000000000e-01 2.3098581681e-07 3.0000000000e+02 -1.3262500215e-13 2.4739809558e-14 7.6986495602e-14 1.3251462991e-13 -3.3744519931e-20 -2.4719809344e-14 -7.6995272700e-14 -3.0799166431e-14
d  1.5888785080e-03 1.1122149000e+00 -2.0000000000e-01 2.3375835932e-07 3.0000000000e+02 -1.3368821777e-13 2.4870157943e-14 7.7913047069e-14 1.3357699633e-13 -3.6382472123e-20 -2.4850157713e-14 -7.7919453565e-14 -3.0807220302e-14
d  1.6034363550e-03 1.1224053924e+00 -2.0000000000e-01 2.3661339738e-07 3.0000000000e+02 -1.3467875460e-13 2.4906670178e-14 7.8867001518e-14 1.3456651409e-13 -3.5001638979e-20 -2.4886670039e-14 -7.8871132747e-14 -3.0810036135e-14
d  1.6209057715e-03 1.1346339834e+00 -2.0000000000e-01 2.4010901964e-07 3.0000000000e+02 -1.3588873222e-13 2.4944670947e-14 8.0032408149e-14 1.3577526885e-13 -3.5788780595e-20 -2.4924670836e-14 -8.0036340113e-14 -3.0813079887e-14
d  1.6418690713e-03 1.1493082925e+00 -2.0000000000e-01 2.4379618299e-07 3.0000000000e+02 -1.3706102574e-13 2.4888262938e-14 8.1256675044e-14 1.3694609496e-13 -3.4965861001e-20 -2.4868262733e-14 -8.1265394743e-14 -3.0810919180e-14
d  1.6544470512e-03 1.1581128780e+00 -2.0000000000e-01 2.4700172444e-07 3.0000000000e+02 -1.3829631588e-13 2.5044013991e-14 8.2329348972e-14 1.3818050462e-13 -3.8214932447e-20 -2.5024013833e-14 -8.2333908472e-14 -3.0820397745e-14
d  1.6695406271e-03 1.1686783805e+00 -2.0000000000e-01 2.5024578251e-07 3.0000000000e+02 -1.3941628281e-13 2.5080703313e-14 8.3410115968e-14 1.3929941501e-13 -3.6457004703e-20 -2.5060703145e-14 -8.3415261178e-14 -3.0823214380e-14
d  1.6876529181e-03 1.1813569836e+00 -2.0000000000e-01 2.5422863037e-07 3.0000000000e+02 -1.4078927722e-13 2.5121164909e-14 8.4736800639e-14 1.4067114156e-13 -3.7417589226e-20 -2.5101164743e-14 -8.4742877129e-14 -3.0826388500e-14
d  1.7093876673e-03 1.1965713073e+00 -2.0000000000e-01 2.5838133265e-07 3.0000000000e+02 -1.4209638828e-13 2.5045381096e-14 8.6112796169e-14 1.4197673122e-13 -3.6403717949e-20 -2.5025380770e-14 -8.6127111529e-14 -3.0823132196e-14
d  1.7224285169e-03 1.2056999015e+00 -2.0000000000e-01 2.6207195746e-07 3.0000000000e+02 -1.4351883515e-13 2.5227375259e-14 8.7351636893e-14 1.4339826520e-13 -4.0233289902e-20 -2.5207375068e-14 -8.7357319539e-14 -3.0834073880e-14
d  1.7380775363e-03 1.2166542146e+00 -2.0000000000e-01 2.6577704621e-07 3.0000000000e+02 -1.4479183504e-13 2.5259846565e-14 8.8585990067e-14 1.4467016966e-13 -3.8126009287e-20 -2.5239846366e-14 -8.8592349143e-14 -3.0836640720e-14
d  1.7568563597e-03 1.2297993903e+00 -2.0000000000e-01 2.7033604688e-07 3.0000000000e+02 -1.4635680725e-13 2.5301108428e-14 9.0103076938e-14 1.4623382737e-13 -3.9244189532e-20 -2.5281108193e-14 -9.0112016099e-14 -3.0839848842e-14
d  1.7793909477e-03 1.2455736011e+00 -2.0000000000e-01 2.7506879677e-07 3.0000000000e+02 -1.4783872663e-13 2.5208638962e-14 9.1676300963e-14 1.4771416933e-13 -3.8129812519e-20 -2.5188638670e-14 -9.1689599509e-14 -3.0835654194e-14
d  1.7929117005e-03 1.2550381276e+00 -2.0000000000e-01 2.7930184679e-07 3.0000000000e+02 -1.4946410598e-13 2.5406805133e-14 9.3093505329e-14 1.4933860222e-13 -4.2379584015e-20 -2.5386804903e-14 -9.3100616061e-14 -3.0847478956e-14
d  1.8091366038e-03 1.2663955594e+00 -2.0000000000e-01 2.8261006249e-07 3.0000000000e+02 -1.5043361226e-13 2.5282303953e-14 9.4227668130e-14 1.5030697254e-13 -3.7898657602e-20 -2.5262304691e-14 -9.4203352790e-14 -3.0841168733e-14
d  1.8188715459e-03 1.2732100184e+00 -2.0000000000e-01 2.8714294194e-07 3.0000000000e+02 -1.5237454888e-13 2.5683452278e-14 9.5709231291e-14 1.5224722793e-13 -4.7722666262e-20 -2.5663452051e-14 -9.5714314439e-14 -3.0864266168e-14
d  1.8247125111e-03 1.2772986939e+00 -2.0000000000e-01 2.8978564817e-07 3.0000000000e+02 -1.5345746759e-13 2.5882009794e-14 9.6597441744e-14 1.5332973769e-13 -4.6339319370e-20 -2.5862009958e-14 -9.6595215774e-14 -3.0875717778e-14
d  1.8317216693e-03 1.2822051044e+00 -2.0000000000e-01 2.9190014069e-07 3.0000000000e+02 -1.5415097548e-13 2.5866804125e-14 9.7297761968e-14 1.5402275501e-13 -4.1205861574e-20 -2.5846803967e-14 -9.7300047226e-14 -3.0875143348e-14
d  1.8401326592e-03 1.2880927971e+00 -2.0000000000e-01 2.9448059648e-07 3.0000000000e+02 -1.5500218917e-13 2.5861415720e-14 9.8160296598e-14 1.5487337989e-13 -4.3452416926e-20 -2.5841415726e-14 -9.8160198846e-14 -3.0875198913e-14
d  1.8502258471e-03 1.2951580282e+00 -2.0000000000e-01 2.9752033400e-07 3.0000000000e+02 -1.5599119303e-13 2.5833309324e-14 9.9176361215e-14 1.5586167719e-13 -4.3292777866e-20 -2.5813309466e-14 -9.9173444428e-14 -3.0874039181e-14
d  1.8562817598e-03 1.2993971669e+00 -2.0000000000e-01 2.9939080961e-07 3.0000000000e+02 -1.5661012733e-13 2.5828415728e-14 9.9798209624e-14 1.5648018759e-13 -4.3647611487e-20 -2.5808415819e-14 -9.9796936396e-14 -3.0874019045e-14
d  1.8635488551e-03 1.3044841334e+00 -2.0000000000e-01 3.0166487427e-07 3.0000000000e+02 -1.5736785654e-13 2.5829306100e-14 1.0055505255e-13 1.5723740813e-13 -4.3875624435e-20 -2.5809306106e-14 -1.0055495811e-13 -3.0874375244e-14
d  1.8722693695e-03 1.3105884931e+00 -2.0000000000e-01 3.0433133428e-07 3.0000000000e+02 -1.5824187239e-13 2.5812931442e-14 1.0144369371e-13 1.5811081354e-13 -4.3731648884e-20 -2.5792931437e-14 -1.0144377813e-13 -3.0873818541e-14
d  1.8827339867e-03 1.3179137248e+00 -2.0000000000e-01 3.0649362138e-07 3.0000000000e+02 -1.5874703094e-13 2.5609338145e-14 1.0215964735e-13 1.5861523962e-13 -4.0073790134e-20 -2.5589337916e-14 -1.0216454092e-13 -3.0862790791e-14
d  1.8952915273e-03 1.3267040028e+00 -2.0000000000e-01 3.0901498879e-07 3.0000000000e+02 -1.5937727123e-13 2.5407964277e-14 1.0299472879e-13 1.5924460092e-13 -4.0729717780e-20 -2.5387963876e-14 -1.0300499705e-13 -3.0852000731e-14
d  1.9103605761e-03 1.3372523364e+00 -2.0000000000e-01 3.1340260212e-07 3.0000000000e+02 -1.6090580034e-13 2.5468605394e-14 1.0445795412e-13 1.6077207518e-13 -4.4273185403e-20 -2.5448605080e-14 -1.0446753466e-13 -3.0856071761e-14
d  1.9284434346e-03 1.3499103367e+00 -2.0000000000e-01 3.1878986005e-07 3.0000000000e+02 -1.6278058074e-13 2.5539692671e-14 1.0625192433e-13 1.6264558977e-13 -4.3904493272e-20 -2.5519692360e-14 -1.0626328731e-13 -3.0860839497e-14
d  1.9501428648e-03 1.3650999371e+00 -2.0000000000e-01 3.2432353605e-07 3.0000000000e+02 -1.6453193008e-13 2.5449065991e-14 1.0808409273e-13 1.6439542021e-13 -4.2450761238e-20 -2.5429065447e-14 -1.0810784642e-13 -3.0856664922e-14
d  1.9761821811e-03 1.3833274576e+00 -2.0000000000e-01 3.3221242250e-07 3.0000000000e+02 -1.6727799481e-13 2.5557420384e-14 1.1070871420e-13 1.6713966220e-13 -4.5381190042e-20 -2.5537419831e-14 -1.1073747525e-13 -3.0863847953e-14
d  1.9918057708e-03 1.3942639699e+00 -2.0000000000e-01 3.3865040815e-07 3.0000000000e+02 -1.6974550698e-13 2.5857697132e-14 1.1286906128e-13 1.6960608067e-13 -4.9268050629e-20 -2.5837696726e-14 -1.1288347019e-13 -3.0881328058e-14
d  2.0105540785e-03 1.4073877846e+00 -2.0000000000e-01 3.4517348554e-07 3.0000000000e+02 -1.7196688287e-13 2.5903745945e-14 1.1504312600e-13 1.7182614418e-13 -4.6622896909e-20 -2.5883745556e-14 -1.1505782929e-13 -3.0884648737e-14
d  2.0330520478e-03 1.4231363623e+00 -2.0000000000e-01 3.5180288848e-07 3.0000000000e+02 -1.7400643378e-13 2.5737931730e-14 1.1723898668e-13 1.7386412029e-13 -4.5604794257e-20 -2.5717931095e-14 -1.1726763074e-13 -3.0876254330e-14
d  2.0465508294e-03 1.4325855089e+00 -2.0000000000e-01 3.5804175906e-07 3.0000000000e+02 -1.7639619016e-13 2.6028696484e-14 1.1933357142e-13 1.7625293171e-13 -5.2474863961e-20 -2.6008696039e-14 -1.1934725390e-13 -3.0893066086e-14
d  2.0627493672e-03 1.4439244849e+00 -2.0000000000e-01 3.6420887650e-07 3.0000000000e+02 -1.7848027377e-13 2.6056607159e-14 1.2138784310e-13 1.7833588143e-13 -4.8684425467e-20 -2.6036606697e-14 -1.2140295974e-13 -3.0895241091e-14
d  2.0724684899e-03 1.4507278704e+00 -2.0000000000e-01 3.6974607104e-07 3.0000000000e+02 -1.8065751780e-13 2.6367585729e-14 1.2324027811e-13 1.8051244510e-13 -5.6498098132e-20 -2.6347585352e-14 -1.2324869110e-13 -3.0912994624e-14
d  2.0841314372e-03 1.4588919331e+00 -2.0000000000e-01 3.7462540512e-07 3.0000000000e+02 -1.8225802363e-13 2.6347123880e-14 1.2486736617e-13 1.8211213451e-13 -5.0077766968e-20 -2.6327123553e-14 -1.2487513570e-13 -3.0912263483e-14
d  2.0981269739e-03 1.4686888083e+00 -2.0000000000e-01 3.7875839250e-07 3.0000000000e+02 -1.8330692474e-13 2.6031934584e-14 1.2623839325e-13 1.8316005597e-13 -4.7198857827e-20 -2.6011934077e-14 -1.2625279850e-13 -3.0895180995e-14
d  2.1149216180e-03 1.4804450586e+00 -2.0000000000e-01 3.8560223332e-07 3.0000000000e+02 -1.8562753186e-13 2.6065139228e-14 1.2851630612e-13 1.8547948748e-13 -5.2966873492e-20 -2.6045138703e-14 -1.2853407881e-13 -3.0897680124e-14
d  2.1249984044e-03 1.4874988087e+00 -2.0000000000e-01 3.9171539948e-07 3.0000000000e+02 -1.8803419887e-13 2.6412308385e-14 1.3056342508e-13 1.8788544907e-13 -5.8913067827e-20 -2.6392308022e-14 -1.3057180056e-13 -3.0917417946e-14
d  2.1370905481e-03 1.4959633089e+00 -2.0000000000e-01 3.9713665810e-07 3.0000000000e+02 -1.8982509931e-13 2.6401057772e-14 1.3236960041e-13 1.8967550306e-13 -5.2177398869e-20 -2.6381057394e-14 -1.3237888679e-13 -3.0917208009e-14
d  2.1428570000e-03 1.4999998250e+00 -2.0000000000e-01 4.0157783403e-07 3.0000000000e+02 -1.9164491922e-13 2.6720680445e-14 1.3385946373e-13 1.9149491923e-13 -6.4536829970e-20 -2.6700680458e-14 -1.3385927802e-13 -3.0935234679e-14
d  2.1497767422e-03 1.5048436443e+00 -2.0000000000e-01 4.0497657455e-07 3.0000000000e+02 -1.9274271466e-13 2.6686300570e-14 1.3499326095e-13 1.9259223028e-13 -5.2906897145e-20 -2.6666300646e-14 -1.3499219141e-13 -3.0933529984e-14
d  2.1580804329e-03 1.5106562275e+00 -2.0000000000e-01 4.0905930112e-07 3.0000000000e+02 -1.9406086532e-13 2.6646427179e-14 1.3635324984e-13 1.9390979970e-13 -5.6398728856e-20 -2.6626427188e-14 -1.3635310040e-13 -3.0931600235e-14
d  2.1680448618e-03 1.5176313274e+00 -2.0000000000e-01 4.1210126915e-07 3.0000000000e+02 -1.9470004951e-13 2.6288798185e-14 1.3736072495e-13 1.9454828644e-13 -4.9416745561e-20 -2.6268797872e-14 -1.3736709035e-13 -3.0912034912e-14
d  2.1800021764e-03 1.5260014472e+00 -2.0000000000e-01 4.1765773920e-07 3.0000000000e+02 -1.9655465605e-13 2.6289270244e-14 1.3920954710e-13 1.9640205599e-13 -5.7366677724e-20 -2.6269269844e-14 -1.3921924720e-13 -3.0912507286e-14
d  2.1943509539e-03 1.5360455909e+00 -2.0000000000e-01 4.2440588120e-07 3.0000000000e+02 -1.9882179174e-13 2.6305674585e-14 1.4145911202e-13 1.9866818726e-13 -5.6159890013e-20 -2.6285674257e-14 -1.4146862773e-13 -3.0913928885e-14
d  2.2115694870e-03 1.5480985635e+00 -2.0000000000e-01 4.3050115079e-07 3.0000000000e+02 -2.0055634357e-13 2.6020713046e-14 1.4347690156e-13 2.0040153387e-13 -5.1782378070e-20 -2.6000712368e-14 -1.4350038493e-13 -3.0898709870e-14
d  2.2219006068e-03 1.5553303470e+00 -2.0000000000e-01 4.3760737017e-07 3.0000000000e+02 -2.0338787286e-13 2.6455181524e-14 1.4585891494e-13 2.0323233992e-13 -6.4870224566e-20 -2.6435181091e-14 -1.4586912425e-13 -3.0923226680e-14
d  2.2342979506e-03 1.5640084872e+00 -2.0000000000e-01 4.4393239670e-07 3.0000000000e+02 -2.0551622762e-13 2.6478708285e-14 1.4796525921e-13 2.0535982688e-13 -5.6476621459e-20 -2.6458707800e-14 -1.4797746653e-13 -3.0924940908e-14
d  2.2491747631e-03 1.5744222554e+00 -2.0000000000e-01 4.5166340712e-07 3.0000000000e+02 -2.0810871402e-13 2.6490879022e-14 1.5054291976e-13 2.0795127189e-13 -5.9504633223e-20 -2.6470878638e-14 -1.5055446982e-13 -3.0926128233e-14
d  2.2581008506e-03 1.5806705164e+00 -2.0000000000e-01 4.5658160291e-07 3.0000000000e+02 -2.0979158374e-13 2.6528379093e-14 1.5218598058e-13 2.0963351678e-13 -6.0754565474e-20 -2.6508378707e-14 -1.5219386841e-13 -3.0928509931e-14
d  2.2688121557e-03 1.5881684296e+00 -2.0000000000e-01 4.6243944616e-07 3.0000000000e+02 -2.1176530599e-13 2.6549284000e-14 1.5413666314e-13 2.1160648924e-13 -6.0743317085e-20 -2.6529283549e-14 -1.5414648295e-13 -3.0930028251e-14
d  2.2816657217e-03 1.5971659253e+00 -2.0000000000e-01 4.6946920988e-07 3.0000000000e+02 -2.1411315029e-13 2.6553722188e-14 1.5647448189e-13 2.1395343383e-13 -6.1243255353e-20 -2.6533721602e-14 -1.5648973779e-13 -3.0930704915e-14
d  2.2893778613e-03 1.6025644228e+00 -2.0000000000e-01 4.7394106252e-07 3.0000000000e+02 -2.1564291535e-13 2.6590166573e-14 1.5797248047e-13 2.1548265901e-13 -6.2739906445e-20 -2.6570166128e-14 -1.5798035507e-13 -3.0932980417e-14
d  2.2986324289e-03 1.6090426197e+00 -2.0000000000e-01 4.7925928805e-07 3.0000000000e+02 -2.1743555725e-13 2.6606002091e-14 1.5974056189e-13 2.1727465314e-13 -6.2507956273e-20 -2.6586001427e-14 -1.5975309733e-13 -3.0934161751e-14
d  2.3097379099e-03 1.6168164561e+00 -2.0000000000e-01 4.8568249296e-07 3.0000000000e+02 -2.1958982580e-13 2.6620375876e-14 1.6187841170e-13 2.1942814431e-13 -6.3218035802e-20 -2.6600375177e-14 -1.6189416569e-13 -3.0935322932e-14
d  2.3230644872e-03 1.6261450597e+00 -2.0000000000e-01 4.9353789655e-07 3.0000000000e+02 -2.2222807731e-13 2.6637222660e-14 1.6449684498e-13 2.2206546294e-13 -6.4124217201e-20 -2.6617222074e-14 -1.6451263335e-13 -3.0936691086e-14
d  2.3310604335e-03 1.6317422219e+00 -2.0000000000e-01 4.9856134957e-07 3.0000000000e+02 -2.2395539788e-13 2.6684644258e-14 1.6617559297e-13 2.2379222379e-13 -6.5634783277e-20 -2.6664643629e-14 -1.6618711776e-13 -3.0939571750e-14
d  2.3406555692e-03 1.6384588165e+00 -2.0000000000e-01 5.0449520491e-07 3.0000000000e+02 -2.2595519461e-13 2.6705889997e-14 1.6815520222e-13 2.2579134884e-13 -6.5386123077e-20 -2.6685889491e-14 -1.6816506931e-13 -3.0941052997e-14
d  2.3521697319e-03 1.6465187300e+00 -2.0000000000e-01 5.1168486189e-07 3.0000000000e+02 -2.2836816958e-13 2.6718203922e-14 1.7054770501e-13 2.2820351785e-13 -6.6176588776e-20 -2.6698203326e-14 -1.7056162182e-13 -3.0942101810e-14
d  2.3659867272e-03 1.6561906263e+00 -2.0000000000e-01 5.2050994934e-07 3.0000000000e+02 -2.3133563561e-13 2.6742331520e-14 1.7348814269e-13 2.3117001667e-13 -6.7272783339e-20 -2.6722330976e-14 -1.7350331754e-13 -3.0943873629e-14
d  2.3742769244e-03 1.6619937640e+00 -2.0000000000e-01 5.2616673118e-07 3.0000000000e+02 -2.3328161896e-13 2.6796364973e-14 1.7537846198e-13 2.3311541971e-13 -6.8976409259e-20 -2.6776364422e-14 -1.7538891149e-13 -3.0947115454e-14
d  2.3842251610e-03 1.6689575293e+00 -2.0000000000e-01 5.3285381974e-07 3.0000000000e+02 -2.3553504554e-13 2.6820709239e-14 1.7760672684e-13 2.3536814991e-13 -6.8685577164e-20 -2.6800708685e-14 -1.7761794102e-13 -3.0948766664e-14
d  2.3961630450e-03 1.6773140476e+00 -2.0000000000e-01 5.4097808470e-07 3.0000000000e+02 -2.3826271713e-13 2.6837463790e-14 1.8030979527e-13 2.3809498588e-13 -6.9655727093e-20 -2.6817463118e-14 -1.8032602957e-13 -3.0950060779e-14
d  2.4033257754e-03 1.6823279586e+00 -2.0000000000e-01 5.4611211096e-07 3.0000000000e+02 -2.4001723570e-13 2.6878026983e-14 1.8202757747e-13 2.3984900304e-13 -7.1196851808e-20 -2.6858026387e-14 -1.8203737150e-13 -3.0952516230e-14
d  2.4119210518e-03 1.6883446518e+00 -2.0000000000e-01 5.5223485358e-07 3.0000000000e+02 -2.4208098592e-13 2.6898554883e-14 1.8406549728e-13 2.4191215162e-13 -7.1051430568e-20 -2.6878554153e-14 -1.8407828597e-13 -3.0953908009e-14
d  2.4170782177e-03 1.6919546678e+00 -2.0000000000e-01 5.5875143826e-07 3.0000000000e+02 -2.4476697320e-13 2.7386299686e-14 1.8625070209e-13 2.4459777773e-13 -8.9499559301e-20 -2.7366299704e-14 -1.8625047944e-13 -3.0980927441e-14
d  2.4232668167e-03 1.6962866869e+00 -2.0000000000e-01 5.6365999647e-07 3.0000000000e+02 -2.4636439809e-13 2.7349147307e-14 1.8789080911e-13 2.4619476935e-13 -6.9268938261e-20 -2.7329147634e-14 -1.8788666493e-13 -3.0979012875e-14
d  2.4306931355e-03 1.7014851098e+00 -2.0000000000e-01 5.6957327351e-07 3.0000000000e+02 -2.4828655426e-13 2.7302692151e-14 1.8985799860e-13 2.4811640574e-13 -7.5142612148e-20 -2.7282692167e-14 -1.8985775786e-13 -3.0976677420e-14
d  2.4396047182e-03 1.7077232173e+00 -2.0000000000e-01 5.7369414042e-07 3.0000000000e+02 -2.4912059888e-13 2.6789520368e-14 1.9121644574e-13 2.4894982674e-13 -6.2814781056e-20 -2.6769519544e-14 -1.9123138176e-13 -3.0948710419e-14
d  2.4502986173e-03 1.7152089463e+00 -2.0000000000e-01 5.8163431118e-07 3.0000000000e+02 -2.5180449421e-13 2.6824292344e-14 1.9385602418e-13 2.5163297355e-13 -7.6892400512e-20 -2.6804291325e-14 -1.9387810572e-13 -3.0950979107e-14
d  2.4631312963e-03 1.7241918212e+00 -2.0000000000e-01 5.9136769621e-07 3.0000000000e+02 -2.5511119743e-13 2.6883196143e-14 1.9709835745e-13 2.5493877847e-13 -7.4923143089e-20 -2.6863195207e-14 -1.9712256725e-13 -3.0954599018e-14
d  2.4708309036e-03 1.7295815461e+00 -2.0000000000e-01 5.9757281160e-07 3.0000000000e+02 -2.5725735637e-13 2.6954956298e-14 1.9917664740e-13 2.5708439839e-13 -7.6854622673e-20 -2.6934955486e-14 -1.9919093880e-13 -3.0958769901e-14
d  2.4800704325e-03 1.7360492159e+00 -2.0000000000e-01 6.0496909839e-07 3.0000000000e+02 -2.5976932676e-13 2.6997168168e-14 2.0164237450e-13 2.5959572201e-13 -7.6730214954e-20 -2.6977167422e-14 -2.0165636761e-13 -3.0961357783e-14
d  2.4911578671e-03 1.7438104198e+00 -2.0000000000e-01 6.1397156271e-07 3.0000000000e+02 -2.6280813517e-13 2.7031079850e-14 2.0463753903e-13 2.6263375433e-13 -7.7856263239e-20 -2.7011078974e-14 -2.0465718930e-13 -3.0963542602e-14
d  2.5044627887e-03 1.7531238644e+00 -2.0000000000e-01 6.2507708503e-07 3.0000000000e+02 -2.6655650566e-13 2.7075060969e-14 2.0833688118e-13 2.6638119347e-13 -7.9394435887e-20 -2.7055060141e-14 -2.0835902998e-13 -3.0966340058e-14
d  2.5204286945e-03 1.7642999980e+00 -2.0000000000e-01 6.3918754690e-07 3.0000000000e+02 -2.7136069599e-13 2.7167528354e-14 2.1308189782e-13 2.7118426584e-13 -8.2224355431e-20 -2.7147528962e-14 -2.1306251453e-13 -3.0971863152e-14
d  2.5300082381e-03 1.7710056781e+00 -2.0000000000e-01 6.4776390529e-07 3.0000000000e+02 -2.7424758608e-13 2.7196987329e-14 2.1589614970e-13 2.7407048579e-13 -8.1880981345e-20 -2.7176986173e-14 -2.1592130403e-13 -3.0973740548e-14
d  2.5415036903e-03 1.7790524942e+00 -2.0000000000e-01 6.5832089251e-07 3.0000000000e+02 -2.7780447895e-13 2.7230652567e-14 2.1942014689e-13 2.7762657391e-13 -8.4034564863e-20 -2.7210651698e-14 -2.1944029923e-13 -3.0975904293e-14
d  2.5484009616e-03 1.7838805839e+00 -2.0000000000e-01 6.6494818879e-07 3.0000000000e+02 -2.8006242140e-13 2.7271635305e-14 2.2163526016e-13 2.7988403355e-13 -8.5457493245e-20 -2.7251634409e-14 -2.2164939803e-13 -3.0978335466e-14
d  2.5566776872e-03 1.7896742916e+00 -2.0000000000e-01 6.7286425409e-07 3.0000000000e+02 -2.8272322873e-13 2.7295106744e-14 2.2427011302e-13 2.8254426154e-13 -8.5402522362e-20 -2.7275105676e-14 -2.2428808680e-13 -3.0979843753e-14
d  2.5616437226e-03 1.7931505161e+00 -2.0000000000e-01 6.8132543099e-07 3.0000000000e+02 -2.8618002861e-13 2.7898486112e-14 2.2710906400e-13 2.8600071354e-13 -1.1026055103e-19 -2.7878486164e-14 -2.2710847697e-13 -3.1012979865e-14
d  2.5676029650e-03 1.7973219856e+00 -2.0000000000e-01 6.8772567044e-07 3.0000000000e+02 -2.8824558140e-13 2.7834789494e-14 2.2923733793e-13 2.8806584928e-13 -8.2812912510e-20 -2.7814789121e-14 -2.2924189093e-13 -3.1009584523e-14
d  2.5747540559e-03 1.8023277490e+00 -2.0000000000e-01 6.9546742333e-07 3.0000000000e+02 -2.9075255925e-13 2.7766385473e-14 2.3182627079e-13 2.9057232642e-13 -9.1246434971e-20 -2.7746385734e-14 -2.3182247402e-13 -3.1006038655e-14
d  2.5833353650e-03 1.8083346651e+00 -2.0000000000e-01 7.0083020309e-07 3.0000000000e+02 -2.9185973074e-13 2.7117878161e-14 2.3359030510e-13 2.9167889754e-13 -7.4036523983e-20 -2.7097877025e-14 -2.3361006993e-13 -3.0970837797e-14
d  2.5884841505e-03 1.8119388147e+00 -2.0000000000e-01 7.0985138928e-07 3.0000000000e+02 -2.9555812936e-13 2.7772194077e-14 2.3662110498e-13 2.9537693540e-13 -1.1610360818e-19 -2.7752194413e-14 -2.3661712919e-13 -3.1006754776e-14
d  2.5946626930e-03 1.8162637943e+00 -2.0000000000e-01 7.1668955095e-07 3.0000000000e+02 -2.9779383318e-13 2.7733593520e-14 2.3889739749e-13 2.9761220678e-13 -8.5037871536e-20 -2.7713593590e-14 -2.3889651692e-13 -3.1004735232e-14
d  2.6020769441e-03 1.8214537698e+00 -2.0000000000e-01 7.2093179989e-07 3.0000000000e+02 -2.9852432527e-13 2.7081685563e-14 2.4029472714e-13 2.9834218013e-13 -7.3350424554e-20 -2.7061684510e-14 -2.4031060204e-13 -3.0969366985e-14
d  2.6109740454e-03 1.8276817404e+00 -2.0000000000e-01 7.3014980830e-07 3.0000000000e+02 -3.0168427059e-13 2.7161339548e-14 2.4336381155e-13 3.0150150267e-13 -9.6262461316e-20 -2.7141338468e-14 -2.4338327156e-13 -3.0974002897e-14
d  2.6163123061e-03 1.8314185227e+00 -2.0000000000e-01 7.3985289610e-07 3.0000000000e+02 -3.0565013792e-13 2.7853504923e-14 2.4661824954e-13 3.0546699606e-13 -1.1681720207e-19 -2.7833504974e-14 -2.4661763201e-13 -3.1011883730e-14
d  2.6227182191e-03 1.8359026615e+00 -2.0000000000e-01 7.4738829123e-07 3.0000000000e+02 -3.0812138064e-13 2.7819738181e-14 2.4913191199e-13 3.0793779033e-13 -8.8981535433e-20 -2.7799738371e-14 -2.4912943012e-13 -3.1010137161e-14
d  2.6304053146e-03 1.8412836281e+00 -2.0000000000e-01 7.5224166138e-07 3.0000000000e+02 -3.0903056481e-13 2.7145917484e-14 2.5072906901e-13 3.0884643671e-13 -7.6707684931e-20 -2.7125916322e-14 -2.5074722275e-13 -3.0973628511e-14
d  2.6396298292e-03 1.8477407880e+00 -2.0000000000e-01 7.6238791414e-07 3.0000000000e+02 -3.1250689486e-13 2.7231176405e-14 2.5410692107e-13 3.1232212107e-13 -1.0007612830e-19 -2.7211175205e-14 -2.5412930708e-13 -3.0978567890e-14
d  2.6451645379e-03 1.8516150840e+00 -2.0000000000e-01 7.7295108098e-07 3.0000000000e+02 -3.1679548397e-13 2.7957601826e-14 2.5765291002e-13 3.1661032242e-13 -1.2159404196e-19 -2.7937602027e-14 -2.5765036002e-13 -3.1018258699e-14
d  2.6518061884e-03 1.8562642391e+00 -2.0000000000e-01 7.8127772027e-07 3.0000000000e+02 -3.1952013626e-13 2.7914540981e-14 2.6042631216e-13 3.1933450983e-13 -9.2946662626e-20 -2.7894541011e-14 -2.6042590678e-13 -3.1016007926e-14
d  2.6597761690e-03 1.8618432252e+00 -2.0000000000e-01 7.8680945681e-07 3.0000000000e+02 -3.2061974079e-13 2.7205902772e-14 2.6224660077e-13 3.2043355680e-13 -8.0362750217e-20 -2.7185901335e-14 -2.6226982175e-13 -3.0977664461e-14
d  2.6693401458e-03 1.8685380086e+00 -2.0000000000e-01 7.9799745671e-07 3.0000000000e+02 -3.2444931723e-13 2.7298402936e-14 2.6596860129e-13 3.2426246381e-13 -1.0421588739e-19 -2.7278401353e-14 -2.6599915534e-13 -3.0982995358e-14
d  2.6750785318e-03 1.8725548787e+00 -2.0000000000e-01 8.0956271373e-07 3.0000000000e+02 -3.2911676526e-13 2.8069154421e-14 2.6984766399e-13 3.2892950989e-13 -1.2693533087e-19 -2.8049153921e-14 -2.6985423894e-13 -3.1025034570e-14
d  2.6819645951e-03 1.8773751227e+00 -2.0000000000e-01 8.1885993728e-07 3.0000000000e+02 -3.3216318917e-13 2.8024105383e-14 2.7295610379e-13 3.3197545161e-13 -9.7895214515e-20 -2.8004105582e-14 -2.7295331213e-13 -3.1022678132e-14
d  2.6902278710e-03 1.8831594155e+00 -2.0000000000e-01 8.2525704065e-07 3.0000000000e+02 -3.3352077852e-13 2.7283453682e-14 2.7505652294e-13 3.3333246299e-13 -8.4548493202e-20 -2.7263451939e-14 -2.7508568363e-13 -3.0982658758e-14
d  2.6951858365e-03 1.8866299912e+00 -2.0000000000e-01 8.3620926706e-07 3.0000000000e+02 -3.3800722535e-13 2.8075910840e-14 2.7873710654e-13 3.3781856234e-13 -1.3796194240e-19 -2.8055910901e-14 -2.7873642232e-13 -3.1025874807e-14
d  2.7011353952e-03 1.8907946821e+00 -2.0000000000e-01 8.4459407860e-07 3.0000000000e+02 -3.4076303897e-13 2.8038567746e-14 2.8153247658e-13 3.4057395948e-13 -9.9175961224e-20 -2.8018567838e-14 -2.8153135944e-13 -3.1023898778e-14
d  2.7047051304e-03 1.8932934966e+00 -2.0000000000e-01 8.4968201960e-07 3.0000000000e+02 -3.4243581458e-13 2.8016555436e-14 2.8322797450e-13 3.4224648521e-13 -1.0958243603e-19 -2.7996555513e-14 -2.8322733981e-13 -3.1022803116e-14
d  2.7089888126e-03 1.8962920740e+00 -2.0000000000e-01 8.5581649182e-07 3.0000000000e+02 -3.4445515304e-13 2.7991741242e-14 2.8527317416e-13 3.4426552380e-13 -1.1005701686e-19 -2.7971741357e-14 -2.8527216381e-13 -3.1021553153e-14
d  2.7141292313e-03 1.8998903669e+00 -2.0000000000e-01 8.6310091246e-07 3.0000000000e+02 -3.4683915837e-13 2.7949552717e-14 2.8771848212e-13 3.4664916894e-13 -1.1017903954e-19 -2.7929554447e-14 -2.8770030095e-13 -3.1019381416e-14
d  2.7202977337e-03 1.9042083184e+00 -2.0000000000e-01 8.7215474098e-07 3.0000000000e+02 -3.4985800306e-13 2.7948745828e-14 2.9072127448e-13 3.4966758218e-13 -1.1196172233e-19 -2.7928746069e-14 -2.9071824662e-13 -3.1019478031e-14
d  2.7276999366e-03 1.9093898601e+00 -2.0000000000e-01 8.7775927326e-07 3.0000000000e+02 -3.5093646059e-13 2.7200670875e-14 2.9256042258e-13 3.5074552202e-13 -8.6042724122e-20 -2.7180669142e-14 -2.9258642781e-13 -3.0979100848e-14
d  2.7365825800e-03 1.9156077102e+00 -2.0000000000e-01 8.8968572274e-07 3.0000000000e+02 -3.5507541189e-13 2.7351633967e-14 2.9653274887e-13 3.5488385152e-13 -1.1565430650e-19 -2.7331632340e-14 -2.9656191078e-13 -3.0987565787e-14
d  2.7419121661e-03 1.9193384203e+00 -2.0000000000e-01 9.0231706048e-07 3.0000000000e+02 -3.6020826606e-13 2.8223638524e-14 3.0077557020e-13 3.6001633215e-13 -1.4294055556e-19 -2.8203638787e-14 -3.0077235308e-13 -3.1034921535e-14
d  2.7483076694e-03 1.9238152724e+00 -2.0000000000e-01 9.1234769664e-07 3.0000000000e+02 -3.6350821372e-13 2.8189273460e-14 3.0411658654e-13 3.6331583218e-13 -1.0754428938e-19 -2.8169273512e-14 -3.0411589887e-13 -3.1033119108e-14
d  2.7559822734e-03 1.9291874949e+00 -2.0000000000e-01 9.1892701678e-07 3.0000000000e+02 -3.6484172199e-13 2.7370671786e-14 3.0628000140e-13 3.6464880369e-13 -9.1369850602e-20 -2.7350669918e-14 -3.0630900926e-13 -3.0989003569e-14
d  2.7605870357e-03 1.9324108284e+00 -2.0000000000e-01 9.3078083487e-07 3.0000000000e+02 -3.6970765560e-13 2.8233717049e-14 3.1028606201e-13 3.6951441396e-13 -1.5551748890e-19 -2.8213719490e-14 -3.1026027374e-13 -3.1035886024e-14
d  2.7661127506e-03 1.9362788286e+00 -2.0000000000e-01 9.3993295081e-07 3.0000000000e+02 -3.7274231399e-13 2.8219548162e-14 3.1332786179e-13 3.7254868576e-13 -1.0970509512e-19 -2.8199549661e-14 -3.1331098084e-13 -3.1035137528e-14
d  2.7727436084e-03 1.9409204288e+00 -2.0000000000e-01 9.5086557157e-07 3.0000000000e+02 -3.7633354892e-13 2.8170999799e-14 3.1695631527e-13 3.7613945686e-13 -1.2129927824e-19 -2.8150999883e-14 -3.1695519046e-13 -3.1032673187e-14
d  2.7807006378e-03 1.9464903491e+00 -2.0000000000e-01 9.5819340727e-07 3.0000000000e+02 -3.7790199614e-13 2.7341988267e-14 3.1936464266e-13 3.7770734761e-13 -9.5149312361e-20 -2.7321986204e-14 -3.1939780647e-13 -3.0988045389e-14
d  2.7902490731e-03 1.9531742535e+00 -2.0000000000e-01 9.7266716946e-07 3.0000000000e+02 -3.8289417140e-13 2.7497189329e-14 3.2417958013e-13 3.8269885455e-13 -1.2546863626e-19 -2.7477187098e-14 -3.2422239420e-13 -3.0996723796e-14
d  2.7959781342e-03 1.9571845961e+00 -2.0000000000e-01 9.8769053719e-07 3.0000000000e+02 -3.8890957550e-13 2.8452378449e-14 3.2923068506e-13 3.8871385703e-13 -1.5559113371e-19 -2.8432378487e-14 -3.2923017909e-13 -3.1048432247e-14
d  2.8028530076e-03 1.9619970072e+00 -2.0000000000e-01 1.0000469408e-06 3.0000000000e+02 -3.9296185676e-13 2.8392454276e-14 3.3335852341e-13 3.9276565689e-13 -1.1884272108e-19 -2.8372454961e-14 -3.3334897906e-13 -3.1045251812e-14
d  2.8111028557e-03 1.9677719006e+00 -2.0000000000e-01 1.0086554746e-06 3.0000000000e+02 -3.9488894418e-13 2.7498601035e-14 3.3617493267e-13 3.9469216765e-13 -1.0097869616e-19 -2.7478598417e-14 -3.3621849667e-13 -3.0997214662e-14
d  2.8160527645e-03 1.9712368366e+00 -2.0000000000e-01 1.0229204545e-06 3.0000000000e+02 -4.0067380293e-13 2.8473462737e-14 3.4097337343e-13 4.0047667925e-13 -1.6983195325e-19 -2.8453462727e-14 -3.4097348495e-13 -3.1049987968e-14
d  2.8219926551e-03 1.9753947598e+00 -2.0000000000e-01 1.0341081046e-06 3.0000000000e+02 -4.0434674730e-13 2.8419023849e-14 3.4470658151e-13 4.0414920775e-13 -1.2093776901e-19 -2.8399024170e-14 -3.4470270103e-13 -3.1047064618e-14
d  2.8255565895e-03 1.9778895137e+00 -2.0000000000e-01 1.0409014246e-06 3.0000000000e+02 -4.0657818787e-13 2.8388560878e-14 3.4696869621e-13 4.0638039888e-13 -1.3395273515e-19 -2.8368561067e-14 -3.4696714127e-13 -3.1045515731e-14
d  2.8298333107e-03 1.9808832184e+00 -2.0000000000e-01 1.0491026362e-06 3.0000000000e+02 -4.0927823176e-13 2.8355356344e-14 3.4970387159e-13 4.0908014336e-13 -1.3473903309e-19 -2.8335356686e-14 -3.4970087819e-13 -3.1043810744e-14
d  2.8349653762e-03 1.9844756641e+00 -2.0000000000e-01 1.0590031169e-06 3.0000000000e+02 -4.1254668369e-13 2.8325221369e-14 3.5300192002e-13 4.1234823610e-13 -1.3547433698e-19 -2.8305221453e-14 -3.5300103892e-13 -3.1042288501e-14
d  2.8411238548e-03 1.9887865989e+00 -2.0000000000e-01 1.0709755194e-06 3.0000000000e+02 -4.1651036243e-13 2.8298543670e-14 3.5699247830e-13 4.1631148376e-13 -1.3663394475e-19 -2.8278543721e-14 -3.5699183982e-13 -3.1040974281e-14
d  2.8485140291e-03 1.9939597206e+00 -2.0000000000e-01 1.0792172321e-06 3.0000000000e+02 -4.1838224621e-13 2.7467372134e-14 3.5970579376e-13 4.1818285080e-13 -1.0660322273e-19 -2.7447369903e-14 -3.5973908175e-13 -3.0996377679e-14
d  2.8528285145e-03 1.9969798603e+00 -2.0000000000e-01 1.0921377555e-06 3.0000000000e+02 -4.2361755421e-13 2.8341855165e-14 3.6408236139e-13 4.2341785537e-13 -1.7732893775e-19 -2.8321858834e-14 -3.6404591160e-13 -3.1043628788e-14
d  2.8571430000e-03 2.0000000000e+00 -2.0000000000e-01 1.1015539765e-06 3.0000000000e+02 -4.2687050856e-13 2.8454484526e-14 3.6718761766e-13 4.2667050848e-13 -1.3405205855e-19 -2.8434484852e-14 -3.6718465834e-13 -3.1049671574e-14
d  2.8623203826e-03 2.0036241676e+00 -2.0000000000e-01 1.1122414353e-06 3.0000000000e+02 -4.3040462192e-13 2.8430018289e-14 3.7074824658e-13 4.3020425948e-13 -1.4106082982e-19 -2.8410018394e-14 -3.7074714501e-13 -3.1048465946e-14
d  2.8685332416e-03 2.0079731687e+00 -2.0000000000e-01 1.1252195230e-06 3.0000000000e+02 -4.3470246170e-13 2.8401346956e-14 3.7507404786e-13 4.3450166436e-13 -1.4384849018e-19 -2.8381347025e-14 -3.7507317431e-13 -3.1047045371e-14
d  2.8722609571e-03 2.0105825694e+00 -2.0000000000e-01 1.1330371076e-06 3.0000000000e+02 -4.3728920769e-13 2.8383030578e-14 3.7768234579e-13 4.3708814935e-13 -1.4433244936e-19 -2.8363030964e-14 -3.7767903524e-13 -3.1046132080e-14
d  2.8767342156e-03 2.0137138502e+00 -2.0000000000e-01 1.1424743774e-06 3.0000000000e+02 -4.4041662426e-13 2.8365637836e-14 3.8082768354e-13 4.4021525280e-13 -1.4519248857e-19 -2.8345638152e-14 -3.8082479197e-13 -3.1045283632e-14
d  2.8821021258e-03 2.0174713872e+00 -2.0000000000e-01 1.1538996290e-06 3.0000000000e+02 -4.4421128323e-13 2.8351900283e-14 3.8463894686e-13 4.4400953597e-13 -1.4650218038e-19 -2.8331900809e-14 -3.8463320878e-13 -3.1044649605e-14
d  2.8885436181e-03 2.0219804316e+00 -2.0000000000e-01 1.1677684247e-06 3.0000000000e+02 -4.4882692836e-13 2.8341561467e-14 3.8925685593e-13 4.4862473030e-13 -1.4785216121e-19 -2.8321561522e-14 -3.8925614157e-13 -3.1044218495e-14
d  2.8924085135e-03 2.0246858582e+00 -2.0000000000e-01 1.1761590918e-06 3.0000000000e+02 -4.5162043284e-13 2.8341053844e-14 3.9205612133e-13 4.5141796417e-13 -1.4884404546e-19 -2.8321054193e-14 -3.9205303006e-13 -3.1044266036e-14
d  2.8970463880e-03 2.0279323702e+00 -2.0000000000e-01 1.1863047838e-06 3.0000000000e+02 -4.5499989942e-13 2.8338423269e-14 3.9543801244e-13 4.5479710610e-13 -1.4984983803e-19 -2.8318423595e-14 -3.9543492742e-13 -3.1044214028e-14
d  2.9026118373e-03 2.0318281845e+00 -2.0000000000e-01 1.1986176864e-06 3.0000000000e+02 -4.5910636257e-13 2.8339813373e-14 3.9953999350e-13 4.5890317974e-13 -1.5130191860e-19 -2.8319813441e-14 -3.9953922878e-13 -3.1044395750e-14
d  2.9092903765e-03 2.0365031617e+00 -2.0000000000e-01 1.2135871639e-06 3.0000000000e+02 -4.6410199838e-13 2.8344376482e-14 4.0453296365e-13 4.6389834799e-13 -1.5311570763e-19 -2.8324376772e-14 -4.0452905419e-13 -3.1044768696e-14
d  2.9132975000e-03 2.0393081480e+00 -2.0000000000e-01 1.2226648124e-06 3.0000000000e+02 -4.6713135342e-13 2.8348229649e-14 4.0755765737e-13 4.6692742253e-13 -1.5400631396e-19 -2.8328229946e-14 -4.0755493703e-13 -3.1045051449e-14
d  2.9181060482e-03 2.0426741316e+00 -2.0000000000e-01 1.2336759110e-06 3.0000000000e+02 -4.7080900347e-13 2.8354073279e-14 4.1122895078e-13 4.7060473597e-13 -1.5546709215e-19 -2.8334073652e-14 -4.1122530309e-13 -3.1045456578e-14
d  2.9238763061e-03 2.0467133119e+00 -2.0000000000e-01 1.2470489725e-06 3.0000000000e+02 -4.7527642857e-13 2.8363083204e-14 4.1568477592e-13 4.7507175720e-13 -1.5696999346e-19 -2.8343083356e-14 -4.1568299067e-13 -3.1046048612e-14
d  2.9273384608e-03 2.0491368201e+00 -2.0000000000e-01 1.2551672096e-06 3.0000000000e+02 -4.7799017692e-13 2.8369858539e-14 4.1839288570e-13 4.7778526313e-13 -1.5813750173e-19 -2.8349859019e-14 -4.1838906908e-13 -3.1046477173e-14
d  2.9314930465e-03 2.0520450300e+00 -2.0000000000e-01 1.2650067602e-06 3.0000000000e+02 -4.8128076718e-13 2.8380019276e-14 4.2167262545e-13 4.8107556257e-13 -1.5931430135e-19 -2.8360019713e-14 -4.2166891937e-13 -3.1047099305e-14
d  2.9364785493e-03 2.0555348817e+00 -2.0000000000e-01 1.2769672060e-06 3.0000000000e+02 -4.8528331944e-13 2.8394385750e-14 4.2566566931e-13 4.8507776571e-13 -1.6106404295e-19 -2.8374386730e-14 -4.2565573360e-13 -3.1047962196e-14
d  2.9424611527e-03 2.0597227039e+00 -2.0000000000e-01 1.2915193207e-06 3.0000000000e+02 -4.9015204369e-13 2.8413439033e-14 4.3050720338e-13 4.8994607141e-13 -1.6252751405e-19 -2.8393439096e-14 -4.3050644023e-13 -3.1049092092e-14
d  2.9460507147e-03 2.0622353972e+00 -2.0000000000e-01 1.3003696535e-06 3.0000000000e+02 -4.9311461918e-13 2.8421735582e-14 4.3346054334e-13 4.9290839552e-13 -1.6406818604e-19 -2.8401736067e-14 -4.3345655039e-13 -3.1049603106e-14
d  2.9503581891e-03 2.0652506291e+00 -2.0000000000e-01 1.3111063569e-06 3.0000000000e+02 -4.9670882734e-13 2.8436915286e-14 4.3703829222e-13 4.9650230220e-13 -1.6530350761e-19 -2.8416915609e-14 -4.3703545180e-13 -3.1050493710e-14
d  2.9555271584e-03 2.0688689074e+00 -2.0000000000e-01 1.3242004257e-06 3.0000000000e+02 -5.0109791885e-13 2.8459267637e-14 4.4140195268e-13 5.0089103191e-13 -1.6734614433e-19 -2.8439267810e-14 -4.4140014171e-13 -3.1051783648e-14
d  2.9617299216e-03 2.0732108414e+00 -2.0000000000e-01 1.3401653808e-06 3.0000000000e+02 -5.0644642210e-13 2.8484042006e-14 4.4672324883e-13 5.0623910098e-13 -1.6939327604e-19 -2.8464042122e-14 -4.4672179351e-13 -3.1053219699e-14
d  2.9654515795e-03 2.0758160018e+00 -2.0000000000e-01 1.3498752964e-06 3.0000000000e+02 -5.0969770547e-13 2.8497809361e-14 4.4996190502e-13 5.0949012377e-13 -1.7070664296e-19 -2.8477809769e-14 -4.4995843148e-13 -3.1054021801e-14
d  2.9699175689e-03 2.0789421943e+00 -2.0000000000e-01 1.3616656996e-06 3.0000000000e+02 -5.1364555062e-13 2.8514507296e-14 4.5390029978e-13 5.1343765608e-13 -1.7243681276e-19 -2.8494508587e-14 -4.5388856421e-13 -3.1054993600e-14
d  2.9752767563e-03 2.0826936253e+00 -2.0000000000e-01 1.3760091893e-06 3.0000000000e+02 -5.1844716811e-13 2.8534806899e-14 4.5867458615e-13 5.1823889863e-13 -1.7395357669e-19 -2.8514807346e-14 -4.5866972905e-13 -3.1056171461e-14
d  2.9817077812e-03 2.0871953425e+00 -2.0000000000e-01 1.3935232594e-06 3.0000000000e+02 -5.2431119408e-13 2.8557344208e-14 4.6450908857e-13 5.2410247451e-13 -1.7652729048e-19 -2.8537344311e-14 -4.6450775307e-13 -3.1057487962e-14
d  2.9855663961e-03 2.0898963728e+00 -2.0000000000e-01 1.4041933496e-06 3.0000000000e+02 -5.2788404192e-13 2.8572196581e-14 4.6806818094e-13 5.2767505218e-13 -1.7806962031e-19 -2.8552197004e-14 -4.6806444921e-13 -3.1058347514e-14
d  2.9901967340e-03 2.0931376091e+00 -2.0000000000e-01 1.4171307551e-06 3.0000000000e+02 -5.3221197561e-13 2.8586989053e-14 4.7238685931e-13 5.3200266159e-13 -1.7966740728e-19 -2.8566990110e-14 -4.7237691647e-13 -3.1059216431e-14
d  2.9957531394e-03 2.0970270928e+00 -2.0000000000e-01 1.4328686871e-06 3.0000000000e+02 -5.3747556915e-13 2.8603971066e-14 4.7762364819e-13 5.3726586643e-13 -1.8139735553e-19 -2.8583971133e-14 -4.7762289571e-13 -3.1060216761e-14
d  3.0024208260e-03 2.1016944731e+00 -2.0000000000e-01 1.4520933132e-06 3.0000000000e+02 -5.4390760120e-13 2.8624471467e-14 4.8404782316e-13 5.4369743141e-13 -1.8453614412e-19 -2.8604472713e-14 -4.8403110212e-13 -3.1061424592e-14
d  3.0064214379e-03 2.1044949013e+00 -2.0000000000e-01 1.4637510465e-06 3.0000000000e+02 -5.4780048115e-13 2.8635404937e-14 4.8792135509e-13 5.4759003154e-13 -1.8503008474e-19 -2.8615405412e-14 -4.8791701475e-13 -3.1062072338e-14
d  3.0112221723e-03 2.1078554152e+00 -2.0000000000e-01 1.4779540291e-06 3.0000000000e+02 -5.5255188183e-13 2.8646098740e-14 4.9266420452e-13 5.5234109595e-13 -1.8790869098e-19 -2.8626100060e-14 -4.9265134062e-13 -3.1062725305e-14
d  3.0169830535e-03 2.1118880318e+00 -2.0000000000e-01 1.4952107684e-06 3.0000000000e+02 -5.5831908044e-13 2.8663489067e-14 4.9841059266e-13 5.5810789147e-13 -1.8937519684e-19 -2.8643489669e-14 -4.9840358847e-13 -3.1063746043e-14
d  3.0204395822e-03 2.1143076018e+00 -2.0000000000e-01 1.5056968785e-06 3.0000000000e+02 -5.6182432890e-13 2.8670604549e-14 5.0190382102e-13 5.6161289799e-13 -1.9095870623e-19 -2.8650605162e-14 -5.0189895846e-13 -3.1064182789e-14
d  3.0245874166e-03 2.1172110858e+00 -2.0000000000e-01 1.5184131305e-06 3.0000000000e+02 -5.6607549172e-13 2.8681434089e-14 5.0614295298e-13 5.6586377045e-13 -1.9267394267e-19 -2.8661434710e-14 -5.0613770914e-13 -3.1064828008e-14
d  3.0295648180e-03 2.1206952666e+00 -2.0000000000e-01 1.5338388204e-06 3.0000000000e+02 -5.7122903504e-13 2.8692319533e-14 5.1127938892e-13 5.7101696552e-13 -1.9433803140e-19 -2.8672319511e-14 -5.1127960699e-13 -3.1065488644e-14
d  3.0355376996e-03 2.1248762835e+00 -2.0000000000e-01 1.5526245340e-06 3.0000000000e+02 -5.7750632823e-13 2.8705589394e-14 5.1754278428e-13 5.7729384057e-13 -1.9699802384e-19 -2.8685589499e-14 -5.1754151127e-13 -3.1066292870e-14
d  3.0391214286e-03 2.1273848936e+00 -2.0000000000e-01 1.5640421448e-06 3.0000000000e+02 -5.8132192406e-13 2.8715072037e-14 5.2135131319e-13 5.8110918545e-13 -1.9846728503e-19 -2.8695072517e-14 -5.2134738082e-13 -3.1066855317e-14
d  3.0434219033e-03 2.1303952258e+00 -2.0000000000e-01 1.5779066097e-06 3.0000000000e+02 -5.8595765877e-13 2.8728585310e-14 5.2598334955e-13 5.8574461883e-13 -2.0056004741e-19 -2.8708586967e-14 -5.2596886687e-13 -3.1067643895e-14
d  3.0485824731e-03 2.1340076244e+00 -2.0000000000e-01 1.5947411508e-06 3.0000000000e+02 -5.9158299974e-13 2.8742975072e-14 5.3158268713e-13 5.9136959892e-13 -2.0201241830e-19 -2.8722975293e-14 -5.3158038334e-13 -3.1068490051e-14
d  3.0547751567e-03 2.1383425028e+00 -2.0000000000e-01 1.6152495471e-06 3.0000000000e+02 -5.9843533456e-13 2.8755277393e-14 5.3841864893e-13 5.9822150026e-13 -2.0507969083e-19 -2.8735277564e-14 -5.3841651554e-13 -3.1069243758e-14
d  3.0584907669e-03 2.1409434298e+00 -2.0000000000e-01 1.6277225539e-06 3.0000000000e+02 -6.0260319277e-13 2.8765300398e-14 5.4258771274e-13 6.0238909802e-13 -2.0690170784e-19 -2.8745301992e-14 -5.4257418173e-13 -3.1069835422e-14
d  3.0629494992e-03 2.1440645422e+00 -2.0000000000e-01 1.6428603449e-06 3.0000000000e+02 -6.0766188416e-13 2.8778469459e-14 5.4762485770e-13 6.0744747757e-13 -2.0830902226e-19 -2.8758469983e-14 -5.4762011412e-13 -3.1070603693e-14
d  3.0682999778e-03 2.1478098771e+00 -2.0000000000e-01 1.6612629146e-06 3.0000000000e+02 -6.1381035416e-13 2.8790054369e-14 5.5376107411e-13 6.1359557300e-13 -2.1104183792e-19 -2.8770054995e-14 -5.5375430381e-13 -3.1071303637e-14
d  3.0747205523e-03 2.1523042790e+00 -2.0000000000e-01 1.6837637616e-06 3.0000000000e+02 -6.2133520152e-13 2.8813433109e-14 5.6128214600e-13 6.2111997048e-13 -2.1450176551e-19 -2.8793435245e-14 -5.6125458319e-13 -3.1072645059e-14
d  3.0785728969e-03 2.1550009201e+00 -2.0000000000e-01 1.6973890637e-06 3.0000000000e+02 -6.2588067662e-13 2.8817749136e-14 5.6581250597e-13 6.2566517605e-13 -2.1499257156e-19 -2.8797750974e-14 -5.6579635118e-13 -3.1072930470e-14
d  3.0831957105e-03 2.1582368894e+00 -2.0000000000e-01 1.7139825986e-06 3.0000000000e+02 -6.3142635634e-13 2.8831763778e-14 5.7134375942e-13 6.3121053219e-13 -2.1810676320e-19 -2.8811765510e-14 -5.7132752968e-13 -3.1073747039e-14
d  3.0887430868e-03 2.1621200527e+00 -2.0000000000e-01 1.7341403539e-06 3.0000000000e+02 -6.3815794047e-13 2.8843193962e-14 5.7804656330e-13 6.3794172847e-13 -2.1997077164e-19 -2.8823193942e-14 -5.7804678484e-13 -3.1074436262e-14
d  3.0920715126e-03 2.1644499506e+00 -2.0000000000e-01 1.7463869509e-06 3.0000000000e+02 -6.4224882251e-13 2.8847753176e-14 5.8213512765e-13 6.4203237731e-13 -2.2220336216e-19 -2.8827753983e-14 -5.8212898224e-13 -3.1074730015e-14
d  3.0960656235e-03 2.1672458281e+00 -2.0000000000e-01 1.7612359510e-06 3.0000000000e+02 -6.4720964812e-13 2.8859803290e-14 5.8708760519e-13 6.4699292325e-13 -2.2392211522e-19 -2.8839804393e-14 -5.8707864838e-13 -3.1075428473e-14
d  3.1008585566e-03 2.1706008811e+00 -2.0000000000e-01 1.7792718608e-06 3.0000000000e+02 -6.5323494717e-13 2.8871952947e-14 5.9309155596e-13 6.5301788706e-13 -2.2606206852e-19 -2.8851953044e-14 -5.9309062025e-13 -3.1076143744e-14
d  3.1066100764e-03 2.1746269447e+00 -2.0000000000e-01 1.8012402377e-06 3.0000000000e+02 -6.6057445928e-13 2.8886212208e-14 6.0042061461e-13 6.6035699641e-13 -2.2932057609e-19 -2.8866212830e-14 -6.0041341153e-13 -3.1076985741e-14
d  3.1100609882e-03 2.1770425829e+00 -2.0000000000e-01 1.8145749332e-06 3.0000000000e+02 -6.6502692893e-13 2.8894809570e-14 6.0486326938e-13 6.6480922451e-13 -2.3065391315e-19 -2.8874810199e-14 -6.0485831003e-13 -3.1077491176e-14
d  3.1142020825e-03 2.1799413487e+00 -2.0000000000e-01 1.8307497070e-06 3.0000000000e+02 -6.7042890058e-13 2.8903191839e-14 6.1026771242e-13 6.7021090589e-13 -2.3324695932e-19 -2.8883193959e-14 -6.1024989840e-13 -3.1077997184e-14
d  3.1191713955e-03 2.1834198677e+00 -2.0000000000e-01 1.8504041249e-06 3.0000000000e+02 -6.7699299904e-13 2.8917242606e-14 6.1680386666e-13 6.7677465699e-13 -2.3502366489e-19 -2.8897242854e-14 -6.1680137465e-13 -3.1078811821e-14
d  3.1251345712e-03 2.1875940905e+00 -2.0000000000e-01 1.8743340049e-06 3.0000000000e+02 -6.8498337927e-13 2.8926587032e-14 6.2478015743e-13 6.8476461981e-13 -2.3857579820e-19 -2.8906587212e-14 -6.2477800148e-13 -3.1079394545e-14
d  3.1287124766e-03 2.1900986241e+00 -2.0000000000e-01 1.8888676674e-06 3.0000000000e+02 -6.8983461393e-13 2.8933432937e-14 6.2964131078e-13 6.8961560345e-13 -2.4068635100e-19 -2.8913435235e-14 -6.2962255152e-13 -3.1079809010e-14
d  3.1330059631e-03 2.1931040645e+00 -2.0000000000e-01 1.9064963368e-06 3.0000000000e+02 -6.9571975961e-13 2.8944657084e-14 6.3551767153e-13 6.9550044862e-13 -2.4239589252e-19 -2.8924659256e-14 -6.3549877491e-13 -3.1080463088e-14
d  3.1381581469e-03 2.1967105930e+00 -2.0000000000e-01 1.9279287943e-06 3.0000000000e+02 -7.0287595321e-13 2.8954569540e-14 6.4265123500e-13 7.0265628192e-13 -2.4513471106e-19 -2.8934570339e-14 -6.4264293007e-13 -3.1081061155e-14
d  3.1443407674e-03 2.2010384271e+00 -2.0000000000e-01 1.9540024521e-06 3.0000000000e+02 -7.1157651902e-13 2.8961008796e-14 6.5133576126e-13 7.1135641514e-13 -2.4840398028e-19 -2.8941008926e-14 -6.5133415064e-13 -3.1081490163e-14
d  3.1480503397e-03 2.2036351276e+00 -2.0000000000e-01 1.9698253813e-06 3.0000000000e+02 -7.1685356148e-13 2.8962869346e-14 6.5662806610e-13 7.1663319734e-13 -2.5073761192e-19 -2.8942871667e-14 -6.5660845612e-13 -3.1081642276e-14
d  3.1525018265e-03 2.2067511682e+00 -2.0000000000e-01 1.9890173834e-06 3.0000000000e+02 -7.2325623133e-13 2.8971351348e-14 6.6302591050e-13 7.2303555559e-13 -2.5260591640e-19 -2.8951353583e-14 -6.6300579030e-13 -3.1082152111e-14
d  3.1578436107e-03 2.2104904169e+00 -2.0000000000e-01 2.0123403940e-06 3.0000000000e+02 -7.3103831902e-13 2.8978184263e-14 6.7078271217e-13 7.3081726991e-13 -2.5533498116e-19 -2.8958184503e-14 -6.7078013107e-13 -3.1082588190e-14
d  3.1642537516e-03 2.2149775154e+00 -2.0000000000e-01 2.0407988330e-06 3.0000000000e+02 -7.4053903046e-13 2.8987049823e-14 6.8027879518e-13 7.4031753240e-13 -2.5974366576e-19 -2.8967050798e-14 -6.8026627594e-13 -3.1083148360e-14
d  3.1680998362e-03 2.2176697745e+00 -2.0000000000e-01 2.0581272883e-06 3.0000000000e+02 -7.4632559404e-13 2.8999901665e-14 6.8606363917e-13 7.4610382638e-13 -2.6194540977e-19 -2.8979904090e-14 -6.8604242492e-13 -3.1083879697e-14
d  3.1727151377e-03 2.2209004854e+00 -2.0000000000e-01 2.0791616500e-06 3.0000000000e+02 -7.5334847430e-13 2.9011686393e-14 6.9305349905e-13 7.5312638426e-13 -2.6390100974e-19 -2.8991686351e-14 -6.9305388362e-13 -3.1084563422e-14
d  3.1782534995e-03 2.2247773384e+00 -2.0000000000e-01 2.1047793749e-06 3.0000000000e+02 -7.6190317171e-13 2.9020892440e-14 7.0160414418e-13 7.6168069367e-13 -2.6828539431e-19 -2.9000893431e-14 -7.0159312323e-13 -3.1085127952e-14
d  3.1815765166e-03 2.2271034503e+00 -2.0000000000e-01 2.1203460062e-06 3.0000000000e+02 -7.6710118579e-13 2.9032868543e-14 7.0678882088e-13 7.6687847520e-13 -2.6977370409e-19 -2.9012869442e-14 -7.0678200051e-13 -3.1085803297e-14
d  3.1855641371e-03 2.2298947845e+00 -2.0000000000e-01 2.1392279685e-06 3.0000000000e+02 -7.7340678427e-13 2.9041679761e-14 7.1309870523e-13 7.7318379400e-13 -2.7294601160e-19 -2.9021682573e-14 -7.1307598423e-13 -3.1086323532e-14
d  3.1903492817e-03 2.2332443855e+00 -2.0000000000e-01 2.1621637563e-06 3.0000000000e+02 -7.8106431751e-13 2.9056107358e-14 7.2072279643e-13 7.8084099303e-13 -2.7484920630e-19 -2.9036107518e-14 -7.2072125201e-13 -3.1087145784e-14
d  3.1960914552e-03 2.2372639068e+00 -2.0000000000e-01 2.1901050530e-06 3.0000000000e+02 -7.9039307160e-13 2.9065575819e-14 7.3003773177e-13 7.9016934514e-13 -2.7932684549e-19 -2.9045576055e-14 -7.3003501741e-13 -3.1087723971e-14
d  3.1995367593e-03 2.2396756195e+00 -2.0000000000e-01 2.2070768409e-06 3.0000000000e+02 -7.9605733031e-13 2.9073205806e-14 7.3569860510e-13 7.9583336252e-13 -2.8136714550e-19 -2.9053206612e-14 -7.3569227894e-13 -3.1088171306e-14
d  3.2036711243e-03 2.2425696749e+00 -2.0000000000e-01 2.2276405076e-06 3.0000000000e+02 -8.0291815830e-13 2.9079270166e-14 7.4257067911e-13 8.0269390051e-13 -2.8421473133e-19 -2.9059273017e-14 -7.4254683050e-13 -3.1088546298e-14
d  3.2086323622e-03 2.2460425412e+00 -2.0000000000e-01 2.2526167660e-06 3.0000000000e+02 -8.1125117314e-13 2.9089030118e-14 7.5088445423e-13 8.1102656851e-13 -2.8663724254e-19 -2.9069031340e-14 -7.5087225316e-13 -3.1089123944e-14
d  3.2145858477e-03 2.2502099809e+00 -2.0000000000e-01 2.2831260412e-06 3.0000000000e+02 -8.2144078151e-13 2.9104292052e-14 7.6104592469e-13 8.2121576041e-13 -2.9141370370e-19 -2.9084292380e-14 -7.6104201332e-13 -3.1090007008e-14
d  3.2181579390e-03 2.2527104447e+00 -2.0000000000e-01 2.3016663752e-06 3.0000000000e+02 -8.2762920383e-13 2.9111639163e-14 7.6724791439e-13 8.2740393186e-13 -2.9425993579e-19 -2.9091642339e-14 -7.6722211907e-13 -3.1090440948e-14
d  3.2224444485e-03 2.2557110012e+00 -2.0000000000e-01 2.3241518060e-06 3.0000000000e+02 -8.3513281094e-13 2.9123685848e-14 7.7472766518e-13 8.3490723948e-13 -2.9598896324e-19 -2.9103687049e-14 -7.7471726655e-13 -3.1091127058e-14
d  3.2275882600e-03 2.2593116690e+00 -2.0000000000e-01 2.3515104124e-06 3.0000000000e+02 -8.4426477232e-13 2.9124857011e-14 7.8385032786e-13 8.4403884074e-13 -3.0044731864e-19 -2.9104858320e-14 -7.8383680179e-13 -3.1091258056e-14
d  3.2337608338e-03 2.2636324705e+00 -2.0000000000e-01 2.3848529879e-06 3.0000000000e+02 -8.5539126862e-13 2.9144489968e-14 7.9495055787e-13 8.5516490538e-13 -3.0425669188e-19 -2.9124489932e-14 -7.9495099627e-13 -3.1092367622e-14
d  3.2374643780e-03 2.2662249513e+00 -2.0000000000e-01 2.4051390893e-06 3.0000000000e+02 -8.6216101795e-13 2.9147993524e-14 8.0173994043e-13 8.6193439450e-13 -3.0790518382e-19 -2.9127996726e-14 -8.0171302371e-13 -3.1092601352e-14
d  3.2419086312e-03 2.2693359283e+00 -2.0000000000e-01 2.4297420157e-06 3.0000000000e+02 -8.7036886585e-13 2.9160122179e-14 8.0991929681e-13 8.7014193207e-13 -3.0948627317e-19 -2.9140122770e-14 -8.0991400431e-13 -3.1093290950e-14
d  3.2472417349e-03 2.2730691008e+00 -2.0000000000e-01 2.4596815077e-06 3.0000000000e+02 -8.8035938483e-13 2.9161056785e-14 8.1989857116e-13 8.8013207777e-13 -3.1439609754e-19 -2.9141057228e-14 -8.1989383526e-13 -3.1093410754e-14
d  3.2504415971e-03 2.2753090042e+00 -2.0000000000e-01 2.4778641403e-06 3.0000000000e+02 -8.8642695611e-13 2.9171790416e-14 8.2596400290e-13 8.8619942484e-13 -3.1673889731e-19 -2.9151791691e-14 -8.2595471118e-13 -3.1094014110e-14
d  3.2542814318e-03 2.2779968884e+00 -2.0000000000e-01 2.4998896241e-06 3.0000000000e+02 -8.9377546678e-13 2.9177856224e-14 8.3330838996e-13 8.9354766664e-13 -3.1941113020e-19 -2.9157857750e-14 -8.3329653860e-13 -3.1094380321e-14
d  3.2588892335e-03 2.2812223494e+00 -2.0000000000e-01 2.5266018632e-06 3.0000000000e+02 -9.0268436083e-13 2.9182131340e-14 8.4220228177e-13 9.0245623854e-13 -3.2240596125e-19 -2.9162131519e-14 -8.4220062096e-13 -3.1094661715e-14
d  3.2644185954e-03 2.2850929025e+00 -2.0000000000e-01 2.5591056645e-06 3.0000000000e+02 -9.1352670531e-13 2.9187463309e-14 8.5303484405e-13 9.1329819603e-13 -3.2693646839e-19 -2.9167463275e-14 -8.5303522181e-13 -3.1095011517e-14
d  3.2677362126e-03 2.2874152344e+00 -2.0000000000e-01 2.5788380425e-06 3.0000000000e+02 -9.2010834340e-13 2.9191209342e-14 8.5962157629e-13 9.1987960153e-13 -3.2964226932e-19 -2.9171210521e-14 -8.5961267877e-13 -3.1095249669e-14
d  3.2717173532e-03 2.2902020327e+00 -2.0000000000e-01 2.6027334370e-06 3.0000000000e+02 -9.2807668546e-13 2.9195771826e-14 8.6758087341e-13 9.2784766514e-13 -3.3203858763e-19 -2.9175772207e-14 -8.6757781185e-13 -3.1095537073e-14
d  3.2764947219e-03 2.2935461907e+00 -2.0000000000e-01 2.6317281544e-06 3.0000000000e+02 -9.3774472446e-13 2.9195159651e-14 8.7725861654e-13 9.3751536930e-13 -3.3620969822e-19 -2.9175161308e-14 -8.7724271510e-13 -3.1095565957e-14
d  3.2822275644e-03 2.2975591802e+00 -2.0000000000e-01 2.6670461435e-06 3.0000000000e+02 -9.4952645240e-13 2.9207454763e-14 8.8902029851e-13 9.4929669633e-13 -3.4031023731e-19 -2.9187455193e-14 -8.8901538056e-13 -3.1096279744e-14
d  3.2856672699e-03 2.2999669739e+00 -2.0000000000e-01 2.6885178280e-06 3.0000000000e+02 -9.5669086387e-13 2.9212075521e-14 8.9617544282e-13 9.5646086706e-13 -3.4344703534e-19 -2.9192075884e-14 -8.9617260887e-13 -3.1096564735e-14
d  3.2897949165e-03 2.3028563264e+00 -2.0000000000e-01 2.7145682097e-06 3.0000000000e+02 -9.6538353162e-13 2.9218303317e-14 9.0485940555e-13 9.6515324586e-13 -3.4693884553e-19 -2.9198303718e-14 -9.0485606939e-13 -3.1096941566e-14
d  3.2947480924e-03 2.3063235493e+00 -2.0000000000e-01 2.7462459466e-06 3.0000000000e+02 -9.7595413918e-13 2.9229351471e-14 9.1541471487e-13 9.7572350685e-13 -3.5103439249e-19 -2.9209351410e-14 -9.1541531594e-13 -3.1097579877e-14
d  3.3006919034e-03 2.3104842169e+00 -2.0000000000e-01 2.7848610063e-06 3.0000000000e+02 -9.8883866307e-13 2.9242142224e-14 9.2829343392e-13 9.8860761445e-13 -3.5634056180e-19 -2.9222142767e-14 -9.2828700129e-13 -3.1098321425e-14
d  3.3042581901e-03 2.3129806174e+00 -2.0000000000e-01 2.8083517714e-06 3.0000000000e+02 -9.9667661615e-13 2.9250366991e-14 9.3612129674e-13 9.9644531793e-13 -3.5922981580e-19 -2.9230367491e-14 -9.3611725642e-13 -3.1098793794e-14
d  3.3085377341e-03 2.3159762980e+00 -2.0000000000e-01 2.8368651299e-06 3.0000000000e+02 -1.0061904770e-12 2.9255524310e-14 9.4563503786e-13 1.0059588789e-12 -3.6335796445e-19 -2.9235525857e-14 -9.4562170716e-13 -3.1099115641e-14
d  3.3136731868e-03 2.3195711148e+00 -2.0000000000e-01 2.8716507236e-06 3.0000000000e+02 -1.0178063136e-12 2.9272492253e-14 9.5722024140e-13 1.0175743564e-12 -3.6811266260e-19 -2.9252492577e-14 -9.5721690749e-13 -3.1100063081e-14
d  3.3198357301e-03 2.3238848949e+00 -2.0000000000e-01 2.9141385477e-06 3.0000000000e+02 -1.0319902098e-12 2.9298229728e-14 9.7139784766e-13 1.0317578208e-12 -3.7441230639e-19 -2.9278231224e-14 -9.7137951314e-13 -3.1101480572e-14
d  3.3235332561e-03 2.3264731630e+00 -2.0000000000e-01 2.9400154785e-06 3.0000000000e+02 -1.0406262804e-12 2.9309950464e-14 9.8000454871e-13 1.0403936331e-12 -3.7705548565e-19 -2.9289950391e-14 -9.8000515995e-13 -3.1102133252e-14
d  3.3279702873e-03 2.3295790847e+00 -2.0000000000e-01 2.9714518826e-06 3.0000000000e+02 -1.0511165230e-12 2.9315262131e-14 9.9048612580e-13 1.0508835650e-12 -3.8206920214e-19 -2.9295262374e-14 -9.9048396066e-13 -3.1102463833e-14
d  3.3332947248e-03 2.3333061907e+00 -2.0000000000e-01 3.0097273345e-06 3.0000000000e+02 -1.0638872126e-12 2.9328271054e-14 1.0032491220e-12 1.0636538817e-12 -3.8699929786e-19 -2.9308271681e-14 -1.0032424439e-12 -3.1103203558e-14
d  3.3364893872e-03 2.3355424543e+00 -2.0000000000e-01 3.0329831694e-06 3.0000000000e+02 -1.0716459110e-12 2.9335489799e-14 1.0110044335e-12 1.0714123563e-12 -3.9010575055e-19 -2.9315491184e-14 -1.0109943874e-12 -3.1103616607e-14
d  3.3403229822e-03 2.3382259706e+00 -2.0000000000e-01 3.0611785381e-06 3.0000000000e+02 -1.0810520663e-12 2.9342447809e-14 1.0203964580e-12 1.0808182435e-12 -3.9357216734e-19 -2.9322448277e-14 -1.0203928454e-12 -3.1104022574e-14
d  3.3449232961e-03 2.3414461902e+00 -2.0000000000e-01 3.0954317201e-06 3.0000000000e+02 -1.0924786199e-12 2.9347404068e-14 1.0318203228e-12 1.0922444749e-12 -3.9849735273e-19 -2.9327405125e-14 -1.0318105715e-12 -3.1104334326e-14
d  3.3504436728e-03 2.3453104537e+00 -2.0000000000e-01 3.1371030103e-06 3.0000000000e+02 -1.1063751174e-12 2.9351636334e-14 1.0457099097e-12 1.1061405860e-12 -4.0349539672e-19 -2.9331637143e-14 -1.0457010021e-12 -3.1104616787e-14
d  3.3537558989e-03 2.3476290118e+00 -2.0000000000e-01 3.1623959805e-06 3.0000000000e+02 -1.1148076023e-12 2.9358186672e-14 1.0541362580e-12 1.1145728392e-12 -4.0657062935e-19 -2.9338187240e-14 -1.0541319927e-12 -3.1104995004e-14
d  3.3577305701e-03 2.3504112816e+00 -2.0000000000e-01 3.1930510177e-06 3.0000000000e+02 -1.1250286506e-12 2.9355520701e-14 1.0643500363e-12 1.1247936095e-12 -4.1059056842e-19 -2.9335520663e-14 -1.0643503396e-12 -3.1104901518e-14
d  3.3625001756e-03 2.3537500053e+00 -2.0000000000e-01 3.2302547962e-06 3.0000000000e+02 -1.1374313612e-12 2.9359196530e-14 1.0767557178e-12 1.1371959860e-12 -4.1538711937e-19 -2.9339196961e-14 -1.0767515982e-12 -3.1105147014e-14
d  3.3682237022e-03 2.3577564737e+00 -2.0000000000e-01 3.2755187989e-06 3.0000000000e+02 -1.1525212731e-12 2.9360903055e-14 1.0918474953e-12 1.1522854971e-12 -4.2099049574e-19 -2.9340903748e-14 -1.0918395985e-12 -3.1105300305e-14
d  3.3716578182e-03 2.3601603547e+00 -2.0000000000e-01 3.3030070942e-06 3.0000000000e+02 -1.1616854418e-12 2.9363021196e-14 1.1010067242e-12 1.1614494256e-12 -4.2433452741e-19 -2.9343021757e-14 -1.1010023639e-12 -3.1105448886e-14
d  3.3757787573e-03 2.3630450120e+00 -2.0000000000e-01 3.3363295954e-06 3.0000000000e+02 -1.1727952449e-12 2.9360950892e-14 1.1121121557e-12 1.1725589403e-12 -4.2867811071e-19 -2.9340951168e-14 -1.1121098649e-12 -3.1105388087e-14
d  3.3807238843e-03 2.3665066007e+00 -2.0000000000e-01 3.3768394692e-06 3.0000000000e+02 -1.1863045750e-12 2.9369316872e-14 1.1256121481e-12 1.1860679244e-12 -4.3402526506e-19 -2.9349316770e-14 -1.1256131569e-12 -3.1105878833e-14
d  3.3866580367e-03 2.3706605071e+00 -2.0000000000e-01 3.4262129153e-06 3.0000000000e+02 -1.2027708197e-12 2.9375786592e-14 1.1420795376e-12 1.2025337533e-12 -4.4073267516e-19 -2.9355787319e-14 -1.1420709706e-12 -3.1106282236e-14
d  3.3902185281e-03 2.3731528510e+00 -2.0000000000e-01 3.4562286348e-06 3.0000000000e+02 -1.2127798327e-12 2.9381424271e-14 1.1520683738e-12 1.2125425177e-12 -4.4392048197e-19 -2.9361423296e-14 -1.1520762139e-12 -3.1106613274e-14
d  3.3944911178e-03 2.3761436637e+00 -2.0000000000e-01 3.4926407458e-06 3.0000000000e+02 -1.2249214109e-12 2.9385511830e-14 1.1642163448e-12 1.2246837965e-12 -4.4949775149e-19 -2.9365512153e-14 -1.1642135816e-12 -3.1106875051e-14
d  3.3996182255e-03 2.3797326388e+00 -2.0000000000e-01 3.5368687912e-06 3.0000000000e+02 -1.2396653258e-12 2.9383519130e-14 1.1789645308e-12 1.2394273522e-12 -4.5455962524e-19 -2.9363519939e-14 -1.1789562624e-12 -3.1106827707e-14
d  3.4057707546e-03 2.3840394090e+00 -2.0000000000e-01 3.5907949040e-06 3.0000000000e+02 -1.2576464801e-12 2.9390104721e-14 1.1969322477e-12 1.2574080761e-12 -4.6150468092e-19 -2.9370104771e-14 -1.1969316349e-12 -3.1107237924e-14
d  3.4094622721e-03 2.3866234712e+00 -2.0000000000e-01 3.6235928522e-06 3.0000000000e+02 -1.2685824461e-12 2.9391382508e-14 1.2078670170e-12 1.2683437837e-12 -4.6595707864e-19 -2.9371382836e-14 -1.2078642838e-12 -3.1107345638e-14
d  3.4138920931e-03 2.3897243457e+00 -2.0000000000e-01 3.6626833185e-06 3.0000000000e+02 -1.2815495277e-12 2.9331981170e-14 1.2210465581e-12 1.2813105486e-12 -4.6878393993e-19 -2.9311998325e-14 -1.2208944046e-12 -3.1104315307e-14
d  3.4192078784e-03 2.3934453952e+00 -2.0000000000e-01 3.7115736229e-06 3.0000000000e+02 -1.2979419892e-12 2.9422795117e-14 1.2371962430e-12 1.2977026445e-12 -4.7825198345e-19 -2.9402795593e-14 -1.2371912070e-12 -3.1109080946e-14
d  3.4255868206e-03 2.3979106545e+00 -2.0000000000e-01 3.7707708803e-06 3.0000000000e+02 -1.3176767749e-12 2.9424283023e-14 1.2569309893e-12 1.3174369835e-12 -4.8570453116e-19 -2.9404283606e-14 -1.2569236259e-12 -3.1109230536e-14
d  3.4294141860e-03 2.4005898101e+00 -2.0000000000e-01 3.8068318148e-06 3.0000000000e+02 -1.3296988084e-12 2.9426421040e-14 1.2689476231e-12 1.3294587493e-12 -4.9032059638e-19 -2.9406421468e-14 -1.2689439378e-12 -3.1109381948e-14
d  3.4340070244e-03 2.4038047969e+00 -2.0000000000e-01 3.8506337397e-06 3.0000000000e+02 -1.3443030973e-12 2.9428359170e-14 1.2835442624e-12 1.3440627168e-12 -4.9610131448e-19 -2.9408359135e-14 -1.2835445804e-12 -3.1109532471e-14
d  3.4395184305e-03 2.4076627810e+00 -2.0000000000e-01 3.9039705702e-06 3.0000000000e+02 -1.3620882530e-12 2.9433354071e-14 1.3013316598e-12 1.3618474863e-12 -5.0337649732e-19 -2.9413354814e-14 -1.3013235222e-12 -3.1109851615e-14
d  3.4428252742e-03 2.4099775714e+00 -2.0000000000e-01 3.9363851920e-06 3.0000000000e+02 -1.3728975142e-12 2.9439401379e-14 1.3121353374e-12 1.3726565161e-12 -5.0740801736e-19 -2.9419402308e-14 -1.3121283958e-12 -3.1110199847e-14
d  3.4467934866e-03 2.4127553199e+00 -2.0000000000e-01 3.9756993451e-06 3.0000000000e+02 -1.3860077825e-12 2.9439526835e-14 1.3252361174e-12 1.3857665068e-12 -5.1262852109e-19 -2.9419527213e-14 -1.3252331146e-12 -3.1110249394e-14
d  3.4515553414e-03 2.4160886182e+00 -2.0000000000e-01 4.0235558558e-06 3.0000000000e+02 -1.4019727213e-12 2.9455413416e-14 1.3411933416e-12 1.4017311121e-12 -5.1972293403e-19 -2.9435414264e-14 -1.3411852839e-12 -3.1111123559e-14
d  3.4572695673e-03 2.4200885761e+00 -2.0000000000e-01 4.0819302795e-06 3.0000000000e+02 -1.4214448900e-12 2.9468398497e-14 1.3606460545e-12 1.4212028811e-12 -5.2737555125e-19 -2.9448398729e-14 -1.3606434264e-12 -3.1111855442e-14
d  3.4606981028e-03 2.4224885508e+00 -2.0000000000e-01 4.1174444801e-06 3.0000000000e+02 -1.4332895051e-12 2.9472212887e-14 1.3724802816e-12 1.4330472563e-12 -5.3219364346e-19 -2.9452212730e-14 -1.3724814941e-12 -3.1112089043e-14
d  3.4648123454e-03 2.4253685205e+00 -2.0000000000e-01 4.1605427946e-06 3.0000000000e+02 -1.4476619918e-12 2.9478832699e-14 1.3868513663e-12 1.4474194548e-12 -5.3818934759e-19 -2.9458833156e-14 -1.3868475977e-12 -3.1112475196e-14
d  3.4697494365e-03 2.4288244841e+00 -2.0000000000e-01 4.2129621479e-06 3.0000000000e+02 -1.4651422706e-12 2.9486059624e-14 1.4043195873e-12 1.4648993882e-12 -5.4489880596e-19 -2.9466059509e-14 -1.4043207166e-12 -3.1112900092e-14
d  3.4727116912e-03 2.4308980623e+00 -2.0000000000e-01 4.2447855381e-06 3.0000000000e+02 -1.4757541879e-12 2.9488558576e-14 1.4149496607e-12 1.4755110969e-12 -5.4998655161e-19 -2.9468561731e-14 -1.4149285067e-12 -3.1113062255e-14
d  3.4762663968e-03 2.4333863561e+00 -2.0000000000e-01 4.2833408353e-06 3.0000000000e+02 -1.4886105456e-12 2.9497585417e-14 1.4277887807e-12 1.4883672065e-12 -5.5379152067e-19 -2.9477586608e-14 -1.4277802764e-12 -3.1113562600e-14
d  3.4805320436e-03 2.4363723087e+00 -2.0000000000e-01 4.3301467720e-06 3.0000000000e+02 -1.5042181647e-12 2.9494513185e-14 1.4433883130e-12 1.5039745271e-12 -5.6072773128e-19 -2.9474513896e-14 -1.4433822563e-12 -3.1113450598e-14
d  3.4856508197e-03 2.4399554518e+00 -2.0000000000e-01 4.3870668666e-06 3.0000000000e+02 -1.5231954932e-12 2.9503188749e-14 1.4623661436e-12 1.5229514971e-12 -5.6814290310e-19 -2.9483189783e-14 -1.4623556204e-12 -3.1113951609e-14
d  3.4887220853e-03 2.4421053376e+00 -2.0000000000e-01 4.4216185961e-06 3.0000000000e+02 -1.5347147000e-12 2.9505735216e-14 1.4738906629e-12 1.5344704885e-12 -5.7274558050e-19 -2.9485737781e-14 -1.4738728605e-12 -3.1114115194e-14
d  3.4924076041e-03 2.4446852006e+00 -2.0000000000e-01 4.4634578084e-06 3.0000000000e+02 -1.5486615000e-12 2.9506112397e-14 1.4878325035e-12 1.5484170307e-12 -5.7761009946e-19 -2.9486114187e-14 -1.4878192662e-12 -3.1114171906e-14
d  3.4968302266e-03 2.4477810363e+00 -2.0000000000e-01 4.5142478026e-06 3.0000000000e+02 -1.5655936672e-12 2.9500153108e-14 1.5047597067e-12 1.5653488885e-12 -5.8449914362e-19 -2.9480154291e-14 -1.5047492655e-12 -3.1113911759e-14
d  3.5021373737e-03 2.4514960390e+00 -2.0000000000e-01 4.5760352635e-06 3.0000000000e+02 -1.5861921359e-12 2.9509928158e-14 1.5253455970e-12 1.5859469863e-12 -5.9236146526e-19 -2.9489928207e-14 -1.5253450882e-12 -3.1114470428e-14
d  3.5053216619e-03 2.4537250407e+00 -2.0000000000e-01 4.6135592800e-06 3.0000000000e+02 -1.5987024308e-12 2.9508592020e-14 1.5378642811e-12 1.5984570576e-12 -5.9782635544e-19 -2.9488593578e-14 -1.5378530906e-12 -3.1114436067e-14
d  3.5091428078e-03 2.4563998426e+00 -2.0000000000e-01 4.6590426594e-06 3.0000000000e+02 -1.6138662967e-12 2.9507727258e-14 1.5530177662e-12 1.6136206565e-12 -6.0314760933e-19 -2.9487727721e-14 -1.5530142193e-12 -3.1114430142e-14
d  3.5137281829e-03 2.4596096050e+00 -2.0000000000e-01 4.7142807699e-06 3.0000000000e+02 -1.6322819352e-12 2.9515298031e-14 1.5714382072e-12 1.6320359737e-12 -6.1091386882e-19 -2.9495299267e-14 -1.5714269211e-12 -3.1114868918e-14
d  3.5192306329e-03 2.4634613199e+00 -2.0000000000e-01 4.7815517574e-06 3.0000000000e+02 -1.6547108436e-12 2.9520282045e-14 1.5938486975e-12 1.6544644976e-12 -6.1932979814e-19 -2.9500281872e-14 -1.5938505866e-12 -3.1115181780e-14
d  3.5225321030e-03 2.4657723488e+00 -2.0000000000e-01 4.8224019167e-06 3.0000000000e+02 -1.6683277641e-12 2.9517270123e-14 1.6074665896e-12 1.6680811869e-12 -6.2481511636e-19 -2.9497270026e-14 -1.6074673062e-12 -3.1115061616e-14
d  3.5264938670e-03 2.4685455835e+00 -2.0000000000e-01 4.8718816108e-06 3.0000000000e+02 -1.6848181514e-12 2.9515151403e-14 1.6239655245e-12 1.6845712965e-12 -6.3094264730e-19 -2.9495152032e-14 -1.6239605361e-12 -3.1114993604e-14
d  3.5312479838e-03 2.4718734651e+00 -2.0000000000e-01 4.9319775906e-06 3.0000000000e+02 -1.7048498452e-12 2.9515603018e-14 1.6439979945e-12 1.7046026576e-12 -6.3863910036e-19 -2.9495603596e-14 -1.6439925294e-12 -3.1115066331e-14
d  3.5341004540e-03 2.4738701941e+00 -2.0000000000e-01 4.9684289610e-06 3.0000000000e+02 -1.7170018605e-12 2.9517251591e-14 1.6561707552e-12 1.7167544717e-12 -6.4421654370e-19 -2.9497255897e-14 -1.6561429785e-12 -3.1115182760e-14
d  3.5375234181e-03 2.4762662689e+00 -2.0000000000e-01 5.0125513560e-06 3.0000000000e+02 -1.7317103390e-12 2.9522425285e-14 1.6708734802e-12 1.7314627109e-12 -6.4875250227e-19 -2.9502428637e-14 -1.6708504455e-12 -3.1115481685e-14
d  3.5416309751e-03 2.4791415586e+00 -2.0000000000e-01 5.0660844975e-06 3.0000000000e+02 -1.7495580714e-12 2.9522552695e-14 1.6887033328e-12 1.7493101567e-12 -6.5603200786e-19 -2.9502553731e-14 -1.6886948308e-12 -3.1115531737e-14
d  3.5465600434e-03 2.4825919063e+00 -2.0000000000e-01 5.1311644783e-06 3.0000000000e+02 -1.7712548665e-12 2.9522803949e-14 1.7103877412e-12 1.7710066074e-12 -6.6481104255e-19 -2.9502803906e-14 -1.7103881601e-12 -3.1115596742e-14
d  3.5495174844e-03 2.4846621149e+00 -2.0000000000e-01 5.1706350111e-06 3.0000000000e+02 -1.7844114271e-12 2.9521277389e-14 1.7235691034e-12 1.7841629593e-12 -6.7061684397e-19 -2.9501280999e-14 -1.7235449966e-12 -3.1115550868e-14
d  3.5530664136e-03 2.4871463652e+00 -2.0000000000e-01 5.2184289587e-06 3.0000000000e+02 -1.8003428726e-12 2.9527542681e-14 1.7394968759e-12 1.8000941566e-12 -6.7562784844e-19 -2.9507545571e-14 -1.7394763140e-12 -3.1115906932e-14
d  3.5573251287e-03 2.4901274656e+00 -2.0000000000e-01 5.2765296205e-06 3.0000000000e+02 -1.8197194455e-12 2.9523535581e-14 1.7588527106e-12 1.8194704322e-12 -6.8427384441e-19 -2.9503536700e-14 -1.7588432049e-12 -3.1115747866e-14
d  3.5624355868e-03 2.4937047860e+00 -2.0000000000e-01 5.3472960199e-06 3.0000000000e+02 -1.8433195917e-12 2.9544127494e-14 1.7824326837e-12 1.8430702212e-12 -6.9411576084e-19 -2.9524127561e-14 -1.7824320070e-12 -3.1116858118e-14
d  3.5655018616e-03 2.4958511783e+00 -2.0000000000e-01 5.3903055530e-06 3.0000000000e+02 -1.8576621506e-12 2.9546160527e-14 1.7967676566e-12 1.8574125655e-12 -7.0010172416e-19 -2.9526160402e-14 -1.7967685185e-12 -3.1116994541e-14
d  3.5691813914e-03 2.4984268491e+00 -2.0000000000e-01 5.4424644419e-06 3.0000000000e+02 -1.8750549009e-12 2.9552750350e-14 1.8141466266e-12 1.8748050587e-12 -7.0706593747e-19 -2.9532749238e-14 -1.8141548169e-12 -3.1117370423e-14
d  3.5714290000e-03 2.5000001750e+00 -2.0000000000e-01 5.4746200559e-06 3.0000000000e+02 -1.8857770842e-12 2.9559185618e-14 1.8248807463e-12 1.8855270836e-12 -7.1231431345e-19 -2.9539187071e-14 -1.8248733495e-12 -3.1117725480e-14
d  3.5741261303e-03 2.5018881661e+00 -2.0000000000e-01 5.5135043877e-06 3.0000000000e+02 -1.8987428181e-12 2.9559995790e-14 1.8378456103e-12 1.8984926285e-12 -7.1683065932e-19 -2.9539997777e-14 -1.8378347923e-12 -3.1117793491e-14
d  3.5773626867e-03 2.5041537555e+00 -2.0000000000e-01 5.5605937499e-06 3.0000000000e+02 -1.9144440185e-12 2.9565703976e-14 1.8535317069e-12 1.9141936031e-12 -7.2297894476e-19 -2.9545704046e-14 -1.8535312504e-12 -3.1118118925e-14
d  3.5812465543e-03 2.5068724627e+00 -2.0000000000e-01 5.6177141747e-06 3.0000000000e+02 -1.9334888669e-12 2.9567188600e-14 1.8725786477e-12 1.9332381792e-12 -7.3131208177e-19 -2.9547189535e-14 -1.8725713901e-12 -3.1118236535e-14
d  3.5859071955e-03 2.5101349114e+00 -2.0000000000e-01 5.6871575126e-06 3.0000000000e+02 -1.9566423070e-12 2.9574502085e-14 1.8957198419e-12 1.9563912935e-12 -7.4020542105e-19 -2.9554502158e-14 -1.8957191713e-12 -3.1118658214e-14
d  3.5887035802e-03 2.5120923806e+00 -2.0000000000e-01 5.7292807675e-06 3.0000000000e+02 -1.9706851565e-12 2.9574055307e-14 1.9097608033e-12 1.9704339472e-12 -7.4594262543e-19 -2.9554055394e-14 -1.9097602562e-12 -3.1118664350e-14
d  3.5920592419e-03 2.5144413436e+00 -2.0000000000e-01 5.7802987989e-06 3.0000000000e+02 -1.9876940178e-12 2.9576730252e-14 1.9267666872e-12 1.9874425737e-12 -7.5281727673e-19 -2.9556730315e-14 -1.9267662668e-12 -3.1118835900e-14
d  3.5960860359e-03 2.5172600992e+00 -2.0000000000e-01 5.8422099327e-06 3.0000000000e+02 -2.0083352569e-12 2.9580430943e-14 1.9474181479e-12 2.0080835299e-12 -7.6153176026e-19 -2.9560432790e-14 -1.9474033074e-12 -3.1119067709e-14
d  3.6009181886e-03 2.5206426060e+00 -2.0000000000e-01 5.9175136280e-06 3.0000000000e+02 -2.0334421995e-12 2.9588901911e-14 1.9725027792e-12 2.0331901354e-12 -7.7089268515e-19 -2.9568901727e-14 -1.9725045437e-12 -3.1119549026e-14
d  3.6038174803e-03 2.5226721101e+00 -2.0000000000e-01 5.9632352327e-06 3.0000000000e+02 -2.0486864607e-12 2.9587599025e-14 1.9877455873e-12 2.0484341935e-12 -7.7774783371e-19 -2.9567599103e-14 -1.9877450780e-12 -3.1119513646e-14
d  3.6072966303e-03 2.5251075149e+00 -2.0000000000e-01 6.0186424941e-06 3.0000000000e+02 -2.0671599484e-12 2.9592928631e-14 2.0062135223e-12 2.0669074377e-12 -7.8508154762e-19 -2.9572928539e-14 -2.0062141655e-12 -3.1119821563e-14
d  3.6114716103e-03 2.5280300008e+00 -2.0000000000e-01 6.0859210845e-06 3.0000000000e+02 -2.0895914944e-12 2.9597280151e-14 2.0286386078e-12 2.0893386915e-12 -7.9428209146e-19 -2.9577279940e-14 -2.0286403626e-12 -3.1120087090e-14
d  3.6164815863e-03 2.5315369838e+00 -2.0000000000e-01 6.1678093847e-06 3.0000000000e+02 -2.1168939466e-12 2.9602722924e-14 2.0559373565e-12 2.1166407928e-12 -8.0549953984e-19 -2.9582723015e-14 -2.0559364620e-12 -3.1120416937e-14
d  3.6194875719e-03 2.5336411736e+00 -2.0000000000e-01 6.2175490631e-06 3.0000000000e+02 -2.1334771560e-12 2.9606249431e-14 2.0725171457e-12 2.1332237919e-12 -8.1216189221e-19 -2.9586249548e-14 -2.0725163547e-12 -3.1120627694e-14
d  3.6230947546e-03 2.5361662014e+00 -2.0000000000e-01 6.2778210664e-06 3.0000000000e+02 -2.1535699039e-12 2.9607709265e-14 2.0926119464e-12 2.1533162869e-12 -8.2025426534e-19 -2.9587709948e-14 -2.0926070213e-12 -3.1120739191e-14
d  3.6274233739e-03 2.5391962347e+00 -2.0000000000e-01 6.3509952466e-06 3.0000000000e+02 -2.1779629868e-12 2.9610339106e-14 2.1170123182e-12 2.1777090662e-12 -8.3000756369e-19 -2.9590340721e-14 -2.1169984125e-12 -3.1120917753e-14
d  3.6300205454e-03 2.5410142547e+00 -2.0000000000e-01 6.3953573616e-06 3.0000000000e+02 -2.1927520948e-12 2.9615531878e-14 2.1318003911e-12 2.1924979922e-12 -8.3582340553e-19 -2.9595534366e-14 -2.1317857825e-12 -3.1121209027e-14
d  3.6331371513e-03 2.5431958787e+00 -2.0000000000e-01 6.4490533623e-06 3.0000000000e+02 -2.2106534305e-12 2.9615365176e-14 2.1496851435e-12 2.2103991108e-12 -8.4261213235e-19 -2.9595365286e-14 -2.1496844545e-12 -3.1121231509e-14
d  3.6368770783e-03 2.5458138275e+00 -2.0000000000e-01 6.5141724038e-06 3.0000000000e+02 -2.2323637705e-12 2.9615173993e-14 2.1714004106e-12 2.2321091884e-12 -8.5235482504e-19 -2.9595175280e-14 -2.1713907991e-12 -3.1121262204e-14
d  3.6413649908e-03 2.5489553661e+00 -2.0000000000e-01 6.5933177428e-06 3.0000000000e+02 -2.2587509433e-12 2.9623560133e-14 2.1977703352e-12 2.2584960479e-12 -8.6239016321e-19 -2.9603559881e-14 -2.1977725822e-12 -3.1121734521e-14
d  3.6440577383e-03 2.5508402892e+00 -2.0000000000e-01 6.6413400164e-06 3.0000000000e+02 -2.2747619226e-12 2.9622900528e-14 2.2137807729e-12 2.2745068385e-12 -8.6950702443e-19 -2.9602900654e-14 -2.2137800059e-12 -3.1121729735e-14
d  3.6472890352e-03 2.5531021970e+00 -2.0000000000e-01 6.6995040449e-06 3.0000000000e+02 -2.2941541871e-12 2.9628323007e-14 2.2331686989e-12 2.2938988768e-12 -8.7728056450e-19 -2.9608323113e-14 -2.2331680154e-12 -3.1122039050e-14
d  3.6511665916e-03 2.5558164863e+00 -2.0000000000e-01 6.7700833776e-06 3.0000000000e+02 -2.3176856294e-12 2.9632471683e-14 2.2567113057e-12 2.3174300464e-12 -8.8742864480e-19 -2.9612473861e-14 -2.2566944550e-12 -3.1122291462e-14
d  3.6558196592e-03 2.5590736335e+00 -2.0000000000e-01 6.8558921338e-06 3.0000000000e+02 -2.3462929753e-12 2.9640881165e-14 2.2852983483e-12 2.3460370679e-12 -8.9808264768e-19 -2.9620881270e-14 -2.2852973784e-12 -3.1122765410e-14
d  3.6586114998e-03 2.5610279218e+00 -2.0000000000e-01 6.9079436473e-06 3.0000000000e+02 -2.3636440440e-12 2.9636026319e-14 2.3026487244e-12 2.3633879411e-12 -9.0544849517e-19 -2.9616026453e-14 -2.3026478828e-12 -3.1122547501e-14
d  3.6619617085e-03 2.5633730678e+00 -2.0000000000e-01 6.9709646510e-06 3.0000000000e+02 -2.3846509522e-12 2.9636244614e-14 2.3236542584e-12 2.3843946149e-12 -9.1362344629e-19 -2.9616244521e-14 -2.3236548846e-12 -3.1122592393e-14
d  3.6659819589e-03 2.5661872429e+00 -2.0000000000e-01 7.0474423138e-06 3.0000000000e+02 -2.4101461149e-12 2.9638967114e-14 2.3491457301e-12 2.4098894963e-12 -9.2406809614e-19 -2.9618966901e-14 -2.3491474391e-12 -3.1122772574e-14
d  3.6683941092e-03 2.5678757480e+00 -2.0000000000e-01 7.0937812507e-06 3.0000000000e+02 -2.4255944195e-12 2.9639302135e-14 2.3646076235e-12 2.4253376306e-12 -9.3095635124e-19 -2.9619304677e-14 -2.3645937454e-12 -3.1122815818e-14
d  3.6712886895e-03 2.5699019541e+00 -2.0000000000e-01 7.1498401905e-06 3.0000000000e+02 -2.4442830862e-12 2.9647001936e-14 2.3832956796e-12 2.4440260946e-12 -9.3777766283e-19 -2.9627004621e-14 -2.3832800583e-12 -3.1123235819e-14
d  3.6747621858e-03 2.5723334015e+00 -2.0000000000e-01 7.2177752609e-06 3.0000000000e+02 -2.4669314963e-12 2.9648693869e-14 2.4059216825e-12 2.4666742633e-12 -9.4663304492e-19 -2.9628693379e-14 -2.4059250888e-12 -3.1123356741e-14
d  3.6789303815e-03 2.5752511383e+00 -2.0000000000e-01 7.3003219758e-06 3.0000000000e+02 -2.4944544727e-12 2.9652098714e-14 2.4334551302e-12 2.4941969464e-12 -9.5951129883e-19 -2.9632100460e-14 -2.4334406552e-12 -3.1123576304e-14
d  3.6814312989e-03 2.5770017804e+00 -2.0000000000e-01 7.3503612400e-06 3.0000000000e+02 -2.5111365818e-12 2.9660312391e-14 2.4501331642e-12 2.5108788804e-12 -9.6537482807e-19 -2.9640314647e-14 -2.4501204091e-12 -3.1124017602e-14
d  3.6844323998e-03 2.5791025509e+00 -2.0000000000e-01 7.4109368901e-06 3.0000000000e+02 -2.5313323368e-12 2.9659442351e-14 2.4703132120e-12 2.5310744265e-12 -9.7359857583e-19 -2.9639442503e-14 -2.4703122971e-12 -3.1124004112e-14
d  3.6880337208e-03 2.5816234755e+00 -2.0000000000e-01 7.4844041996e-06 3.0000000000e+02 -2.5558267257e-12 2.9661014714e-14 2.4948137661e-12 2.5555685623e-12 -9.8464485471e-19 -2.9641016434e-14 -2.4948013967e-12 -3.1124123327e-14
d  3.6923553060e-03 2.5846485850e+00 -2.0000000000e-01 7.5736996236e-06 3.0000000000e+02 -2.5855986524e-12 2.9672036580e-14 2.5245659391e-12 2.5853401876e-12 -9.9618172458e-19 -2.9652036510e-14 -2.5245665421e-12 -3.1124726358e-14
d  3.6949482572e-03 2.5864636507e+00 -2.0000000000e-01 7.6278612636e-06 3.0000000000e+02 -2.6036553415e-12 2.9670836184e-14 2.5426208150e-12 2.6033966951e-12 -1.0040698734e-18 -2.9650836251e-14 -2.5426204218e-12 -3.1124693006e-14
d  3.6980597986e-03 2.5886417296e+00 -2.0000000000e-01 7.6934540380e-06 3.0000000000e+02 -2.6255237125e-12 2.9674053496e-14 2.5644856667e-12 2.6252648482e-12 -1.0130980649e-18 -2.9654053654e-14 -2.5644846797e-12 -3.1124888604e-14
d  3.7017936482e-03 2.5912554242e+00 -2.0000000000e-01 7.7730441959e-06 3.0000000000e+02 -2.6520595302e-12 2.9679569324e-14 2.5910150642e-12 2.6518004046e-12 -1.0241894896e-18 -2.9659569369e-14 -2.5910147326e-12 -3.1125207470e-14
d  3.7062742678e-03 2.5943918577e+00 -2.0000000000e-01 7.8699052119e-06 3.0000000000e+02 -2.6843574870e-12 2.9689570703e-14 2.6232997486e-12 2.6840980480e-12 -1.0381942321e-18 -2.9669570479e-14 -2.6233017386e-12 -3.1125762543e-14
d  3.7089626396e-03 2.5962737179e+00 -2.0000000000e-01 7.9288199316e-06 3.0000000000e+02 -2.7040084243e-12 2.9702745949e-14 2.6429409928e-12 2.7037487968e-12 -1.0477190977e-18 -2.9682746116e-14 -2.6429399776e-12 -3.1126461188e-14
d  3.7121886857e-03 2.5985319500e+00 -2.0000000000e-01 8.0002740669e-06 3.0000000000e+02 -2.7278385170e-12 2.9712305852e-14 2.6667590708e-12 2.7275786637e-12 -1.0579850595e-18 -2.9692306014e-14 -2.6667580227e-12 -3.1126979631e-14
d  3.7160599410e-03 2.6012418286e+00 -2.0000000000e-01 8.0870972596e-06 3.0000000000e+02 -2.7567907592e-12 2.9723064133e-14 2.6956987374e-12 2.7565306351e-12 -1.0705662942e-18 -2.9703064088e-14 -2.6956990875e-12 -3.1127565671e-14
d  3.7183826942e-03 2.6028677558e+00 -2.0000000000e-01 8.1397542680e-06 3.0000000000e+02 -2.7743485826e-12 2.9727753821e-14 2.7132682597e-12 2.7740882941e-12 -1.0788293794e-18 -2.9707757025e-14 -2.7132514163e-12 -3.1127829110e-14
d  3.7211699980e-03 2.6048188684e+00 -2.0000000000e-01 8.2034854385e-06 3.0000000000e+02 -2.7955975115e-12 2.9739171422e-14 2.7345089300e-12 2.7953370282e-12 -1.0867425892e-18 -2.9719173883e-14 -2.7344951414e-12 -3.1128434191e-14
d  3.7245147626e-03 2.6071602035e+00 -2.0000000000e-01 8.2807507134e-06 3.0000000000e+02 -2.8213586880e-12 2.9741474524e-14 2.7602502243e-12 2.8210979720e-12 -1.0976746581e-18 -2.9721474521e-14 -2.7602502386e-12 -3.1128585158e-14
d  3.7285284801e-03 2.6099698056e+00 -2.0000000000e-01 8.3746206355e-06 3.0000000000e+02 -2.8526560928e-12 2.9744338360e-14 2.7915794816e-12 2.8523950921e-12 -1.1124936957e-18 -2.9724343278e-14 -2.7915402008e-12 -3.1128774897e-14
d  3.7309367106e-03 2.6116555669e+00 -2.0000000000e-01 8.4315548935e-06 3.0000000000e+02 -2.8716385483e-12 2.9744861190e-14 2.8105344666e-12 2.8713773810e-12 -1.1183723436e-18 -2.9724864161e-14 -2.8105182920e-12 -3.1128821553e-14
d  3.7338265872e-03 2.6136784804e+00 -2.0000000000e-01 8.5004852641e-06 3.0000000000e+02 -2.8946206416e-12 2.9761732464e-14 2.8334955351e-12 2.8943592737e-12 -1.1290283607e-18 -2.9741732541e-14 -2.8334950887e-12 -3.1129707346e-14
d  3.7372944392e-03 2.6161059766e+00 -2.0000000000e-01 8.5840970692e-06 3.0000000000e+02 -2.9224980557e-12 2.9758448544e-14 2.8613714425e-12 2.9222364445e-12 -1.1415187128e-18 -2.9738449374e-14 -2.8613656886e-12 -3.1129577980e-14
d  3.7414558615e-03 2.6190189721e+00 -2.0000000000e-01 8.6857357233e-06 3.0000000000e+02 -2.9563856472e-12 2.9769722200e-14 2.8952440809e-12 2.9561237454e-12 -1.1554135263e-18 -2.9749722060e-14 -2.8952452423e-12 -3.1130190297e-14
d  3.7439527149e-03 2.6207667694e+00 -2.0000000000e-01 8.7474114960e-06 3.0000000000e+02 -2.9769489614e-12 2.9770491642e-14 2.9158196610e-12 2.9766868830e-12 -1.1650906050e-18 -2.9750494449e-14 -2.9158038264e-12 -3.1130256837e-14
d  3.7469489389e-03 2.6228641261e+00 -2.0000000000e-01 8.8221133618e-06 3.0000000000e+02 -3.0018552322e-12 2.9783859649e-14 2.9407055485e-12 3.0015929456e-12 -1.1743378319e-18 -2.9763859831e-14 -2.9407044544e-12 -3.1130960984e-14
d  3.7505444078e-03 2.6253809542e+00 -2.0000000000e-01 8.9127546258e-06 3.0000000000e+02 -3.0320752957e-12 2.9780995822e-14 2.9709185937e-12 3.0318127576e-12 -1.1880696408e-18 -2.9760995875e-14 -2.9709182094e-12 -3.1130854760e-14
d  3.7527016892e-03 2.6268910511e+00 -2.0000000000e-01 8.9676698410e-06 3.0000000000e+02 -3.0503839955e-12 2.9785871628e-14 2.9892355263e-12 3.0501213049e-12 -1.1962445210e-18 -2.9765874133e-14 -2.9892232756e-12 -3.1131124353e-14
d  3.7552904268e-03 2.6287031673e+00 -2.0000000000e-01 9.0341009533e-06 3.0000000000e+02 -3.0725323269e-12 2.9795097192e-14 3.0113850077e-12 3.0722694545e-12 -1.2052577017e-18 -2.9775100651e-14 -3.0113669774e-12 -3.1131616556e-14
d  3.7583969119e-03 2.6308777068e+00 -2.0000000000e-01 9.1145888364e-06 3.0000000000e+02 -3.0993672525e-12 2.9800797987e-14 3.0381972156e-12 3.0991041646e-12 -1.2160252990e-18 -2.9780798138e-14 -3.0381962794e-12 -3.1131935032e-14
d  3.7621246940e-03 2.6334871541e+00 -2.0000000000e-01 9.2122494183e-06 3.0000000000e+02 -3.1319245912e-12 2.9796993244e-14 3.0707736310e-12 3.1316612400e-12 -1.2309164192e-18 -2.9776996451e-14 -3.0707497992e-12 -3.1131783400e-14
d  3.7643613633e-03 2.6350528226e+00 -2.0000000000e-01 9.2714342007e-06 3.0000000000e+02 -3.1516560372e-12 2.9802177188e-14 3.0904936356e-12 3.1513925300e-12 -1.2381384907e-18 -2.9782180263e-14 -3.0904780608e-12 -3.1132065892e-14
d  3.7670453664e-03 2.6369316247e+00 -2.0000000000e-01 9.3430505462e-06 3.0000000000e+02 -3.1755327808e-12 2.9812192750e-14 3.1143658764e-12 3.1752690858e-12 -1.2489792269e-18 -2.9792195658e-14 -3.1143501763e-12 -3.1132600809e-14
d  3.7702661702e-03 2.6391861872e+00 -2.0000000000e-01 9.4298656864e-06 3.0000000000e+02 -3.2044776547e-12 2.9816229332e-14 3.1432873070e-12 3.2042137362e-12 -1.2607701732e-18 -2.9796229137e-14 -3.1432885636e-12 -3.1132836541e-14
d  3.7741311347e-03 2.6418916622e+00 -2.0000000000e-01 9.5353325616e-06 3.0000000000e+02 -3.2396415389e-12 2.9818214669e-14 3.1784418414e-12 3.2393773500e-12 -1.2767039826e-18 -2.9798214364e-14 -3.1784441889e-12 -3.1132978416e-14
d  3.7764501135e-03 2.6435149472e+00 -2.0000000000e-01 9.5992979196e-06 3.0000000000e+02 -3.2609682406e-12 2.9824927698e-14 3.1997840243e-12 3.2607038869e-12 -1.2866036967e-18 -2.9804931140e-14 -3.1997659662e-12 -3.1133342963e-14
d  3.7792328879e-03 2.6454628893e+00 -2.0000000000e-01 9.6767433742e-06 3.0000000000e+02 -3.2867894663e-12 2.9837339894e-14 3.2255976685e-12 3.2865249180e-12 -1.2966626165e-18 -2.9817342854e-14 -3.2255811187e-12 -3.1133995928e-14
d  3.7825722173e-03 2.6478004197e+00 -2.0000000000e-01 9.7706824515e-06 3.0000000000e+02 -3.3181102672e-12 2.9841426329e-14 3.2569011716e-12 3.3178454863e-12 -1.3104069276e-18 -2.9821427381e-14 -3.2568941489e-12 -3.1134237049e-14
d  3.7865794125e-03 2.6506054562e+00 -2.0000000000e-01 9.8849081011e-06 3.0000000000e+02 -3.3561961577e-12 2.9843812420e-14 3.2949697123e-12 3.3559310971e-12 -1.3274503924e-18 -2.9823812464e-14 -3.2949693679e-12 -3.1134400086e-14
d  3.7889837296e-03 2.6522884781e+00 -2.0000000000e-01 9.9542833328e-06 3.0000000000e+02 -3.3793304688e-12 2.9854785729e-14 3.3181107056e-12 3.3790652379e-12 -1.3389271795e-18 -2.9834788723e-14 -3.3180944382e-12 -3.1134981449e-14
d  3.7918689102e-03 2.6543081044e+00 -2.0000000000e-01 1.0038350717e-05 3.0000000000e+02 -3.4073626650e-12 2.9872150951e-14 3.3461180033e-12 3.4070972340e-12 -1.3499980179e-18 -2.9852151141e-14 -3.3461169063e-12 -3.1135884390e-14
d  3.7953311268e-03 2.6567316559e+00 -2.0000000000e-01 1.0140392659e-05 3.0000000000e+02 -3.4413858509e-12 2.9870283048e-14 3.3801292244e-12 3.4411201780e-12 -1.3657757035e-18 -2.9850282808e-14 -3.3801308881e-12 -3.1135828042e-14
d  3.7974084568e-03 2.6581857869e+00 -2.0000000000e-01 1.0202222299e-05 3.0000000000e+02 -3.4620001870e-12 2.9874733131e-14 3.4007665220e-12 3.4617343649e-12 -1.3758293864e-18 -2.9854738599e-14 -3.4007407547e-12 -3.1136076335e-14
d  3.7999012528e-03 2.6599307440e+00 -2.0000000000e-01 1.0277006127e-05 3.0000000000e+02 -3.4869322980e-12 2.9874433074e-14 3.4256690473e-12 3.4866663048e-12 -1.3838267616e-18 -2.9854433141e-14 -3.4256687097e-12 -3.1136080997e-14
d  3.8028926080e-03 2.6620246925e+00 -2.0000000000e-01 1.0367618271e-05 3.0000000000e+02 -3.5171423325e-12 2.9886911249e-14 3.4558722892e-12 3.5168761300e-12 -1.3988710176e-18 -2.9866911171e-14 -3.4558727582e-12 -3.1136744707e-14
d  3.8064822343e-03 2.6645374308e+00 -2.0000000000e-01 1.0477614278e-05 3.0000000000e+02 -3.5538147052e-12 2.9892599173e-14 3.4925464678e-12 3.5535482504e-12 -1.4146935420e-18 -2.9872600342e-14 -3.4925380909e-12 -3.1137068282e-14
d  3.8086360100e-03 2.6660450737e+00 -2.0000000000e-01 1.0544282386e-05 3.0000000000e+02 -3.5760418298e-12 2.9904175847e-14 3.5147695257e-12 3.5757752240e-12 -1.4241049703e-18 -2.9884177636e-14 -3.5147607922e-12 -3.1137673077e-14
d  3.8112205409e-03 2.6678542452e+00 -2.0000000000e-01 1.0624965942e-05 3.0000000000e+02 -3.6029424982e-12 2.9903744911e-14 3.5416556678e-12 3.6026757127e-12 -1.4356772644e-18 -2.9883744979e-14 -3.5416553148e-12 -3.1137677813e-14
d  3.8143219780e-03 2.6700252511e+00 -2.0000000000e-01 1.0722783020e-05 3.0000000000e+02 -3.6355556761e-12 2.9907145281e-14 3.5742553448e-12 3.6352886743e-12 -1.4503047989e-18 -2.9887144370e-14 -3.5742610100e-12 -3.1137882069e-14
d  3.8180437025e-03 2.6726304581e+00 -2.0000000000e-01 1.0841622625e-05 3.0000000000e+02 -3.6751782411e-12 2.9919004478e-14 3.6138718177e-12 3.6749109783e-12 -1.4680502291e-18 -2.9899004155e-14 -3.6138742104e-12 -3.1138518697e-14
d  3.8202767372e-03 2.6741935823e+00 -2.0000000000e-01 1.0913706406e-05 3.0000000000e+02 -3.6992121442e-12 2.9919510463e-14 3.6379024709e-12 3.6989447248e-12 -1.4787159735e-18 -2.9899510529e-14 -3.6379021364e-12 -3.1138567682e-14
d  3.8229563788e-03 2.6760693314e+00 -2.0000000000e-01 1.1000990644e-05 3.0000000000e+02 -3.7283141309e-12 2.9930128970e-14 3.6669972082e-12 3.7280465239e-12 -1.4915546620e-18 -2.9910129030e-14 -3.6669968822e-12 -3.1139130072e-14
d  3.8261719488e-03 2.6783202302e+00 -2.0000000000e-01 1.1106855283e-05 3.0000000000e+02 -3.7636101786e-12 2.9936405379e-14 3.7023098049e-12 3.7633423433e-12 -1.5078925094e-18 -2.9916409218e-14 -3.7022850859e-12 -3.1139481307e-14
d  3.8300306327e-03 2.6810213088e+00 -2.0000000000e-01 1.1235544000e-05 3.0000000000e+02 -3.8065160447e-12 2.9942233355e-14 3.7451792599e-12 3.8062479428e-12 -1.5252163863e-18 -2.9922233085e-14 -3.7451813353e-12 -3.1139811493e-14
d  3.8323458431e-03 2.6826419560e+00 -2.0000000000e-01 1.1313631556e-05 3.0000000000e+02 -3.8325509201e-12 2.9948052790e-14 3.7712108774e-12 3.8322826559e-12 -1.5380110278e-18 -2.9928052859e-14 -3.7712105197e-12 -3.1140131083e-14
d  3.8351240955e-03 2.6845867326e+00 -2.0000000000e-01 1.1408206373e-05 3.0000000000e+02 -3.8640823611e-12 2.9957502014e-14 3.8027362327e-12 3.8638139023e-12 -1.5516481607e-18 -2.9937502152e-14 -3.8027354583e-12 -3.1140634768e-14
d  3.8384579984e-03 2.6869204646e+00 -2.0000000000e-01 1.1522981981e-05 3.0000000000e+02 -3.9023496702e-12 2.9964714944e-14 3.8409935578e-12 3.9020809782e-12 -1.5687356854e-18 -2.9944714878e-14 -3.8409939950e-12 -3.1141032752e-14
d  3.8404583402e-03 2.6883207037e+00 -2.0000000000e-01 1.1592510774e-05 3.0000000000e+02 -3.9255300618e-12 2.9967575735e-14 3.8641617618e-12 3.9252612311e-12 -1.5785158720e-18 -2.9947573863e-14 -3.8641702637e-12 -3.1141196568e-14
d  3.8428587503e-03 2.6900009907e+00 -2.0000000000e-01 1.1676639210e-05 3.0000000000e+02 -3.9535797321e-12 2.9975706048e-14 3.8922133762e-12 3.9533107319e-12 -1.5921568085e-18 -2.9955706111e-14 -3.8922130711e-12 -3.1141632943e-14
d  3.8457392424e-03 2.6920173351e+00 -2.0000000000e-01 1.1778707379e-05 3.0000000000e+02 -3.9876169922e-12 2.9988032421e-14 3.9262301010e-12 3.9873477913e-12 -1.6078743289e-18 -2.9968031437e-14 -3.9262357968e-12 -3.1142283532e-14
d  3.8491958330e-03 2.6944369484e+00 -2.0000000000e-01 1.1902742366e-05 3.0000000000e+02 -4.0289766922e-12 3.0003985058e-14 3.9675809379e-12 4.0287072485e-12 -1.6274706370e-18 -2.9983985080e-14 -3.9675807898e-12 -3.1143123488e-14
d  3.8512697873e-03 2.6958887163e+00 -2.0000000000e-01 1.1977979495e-05 3.0000000000e+02 -4.0540636570e-12 3.0009057726e-14 3.9926792812e-12 4.0537940651e-12 -1.6395871367e-18 -2.9989061862e-14 -3.9926598229e-12 -3.1143402061e-14
d  3.8537585325e-03 2.6976308379e+00 -2.0000000000e-01 1.2069073728e-05 3.0000000000e+02 -4.0844372453e-12 3.0013213797e-14 4.0230249745e-12 4.0841674822e-12 -1.6516811691e-18 -2.9993213876e-14 -4.0230245771e-12 -3.1143633715e-14
d  3.8567450268e-03 2.6997213838e+00 -2.0000000000e-01 1.2179559036e-05 3.0000000000e+02 -4.1212760321e-12 3.0028302289e-14 4.0598545295e-12 4.1210060597e-12 -1.6699530960e-18 -3.0008302542e-14 -4.0598530126e-12 -3.1144426319e-14
d  3.8603288199e-03 2.7022300388e+00 -2.0000000000e-01 1.2313857741e-05 3.0000000000e+02 -4.1660551542e-12 3.0040245502e-14 4.1046187124e-12 4.1657849313e-12 -1.6902155176e-18 -3.0020245428e-14 -4.1046192483e-12 -3.1145063866e-14
d  3.8624790957e-03 2.7037352318e+00 -2.0000000000e-01 1.2395350712e-05 3.0000000000e+02 -4.1932273841e-12 3.0044932097e-14 4.1317838019e-12 4.1929570105e-12 -1.7029430969e-18 -3.0024932145e-14 -4.1317835719e-12 -3.1145322720e-14
d  3.8650594268e-03 2.7055414635e+00 -2.0000000000e-01 1.2494060072e-05 3.0000000000e+02 -4.2261400629e-12 3.0055833363e-14 4.1646870801e-12 4.2258695086e-12 -1.7181113499e-18 -3.0035833438e-14 -4.1646866918e-12 -3.1145897659e-14
d  3.8681558240e-03 2.7077089414e+00 -2.0000000000e-01 1.2613852931e-05 3.0000000000e+02 -4.2660827406e-12 3.0066396942e-14 4.2046174612e-12 4.2658119697e-12 -1.7366302256e-18 -3.0046396912e-14 -4.2046176450e-12 -3.1146461345e-14
d  3.8700136623e-03 2.7090094282e+00 -2.0000000000e-01 1.2686441254e-05 3.0000000000e+02 -4.2902859005e-12 3.0072335403e-14 4.2288197014e-12 4.2900149985e-12 -1.7482422689e-18 -3.0052336811e-14 -4.2288137491e-12 -3.1146780257e-14
d  3.8722430683e-03 2.7105700123e+00 -2.0000000000e-01 1.2774259779e-05 3.0000000000e+02 -4.3195674033e-12 3.0086253470e-14 4.2581074987e-12 4.3192963427e-12 -1.7621243539e-18 -3.0066258112e-14 -4.2580865829e-12 -3.1147503073e-14
d  3.8749183555e-03 2.7124427133e+00 -2.0000000000e-01 1.2880684860e-05 3.0000000000e+02 -4.3550529525e-12 3.0085753065e-14 4.2935621326e-12 4.3547817082e-12 -1.7771552845e-18 -3.0065753160e-14 -4.2935616211e-12 -3.1147504229e-14
d  3.8781287002e-03 2.7146899544e+00 -2.0000000000e-01 1.3009915326e-05 3.0000000000e+02 -4.3981425285e-12 3.0103730182e-14 4.3366946781e-12 4.3978710506e-12 -1.8002873423e-18 -3.0083738926e-14 -4.3366384199e-12 -3.1148447145e-14
d  3.8800549070e-03 2.7160382991e+00 -2.0000000000e-01 1.3088264414e-05 3.0000000000e+02 -4.4242666338e-12 3.0099861314e-14 4.3627448849e-12 4.4239950318e-12 -1.8070860466e-18 -3.0079859048e-14 -4.3627548115e-12 -3.1148263048e-14
d  3.8823663551e-03 2.7176563127e+00 -2.0000000000e-01 1.3183092464e-05 3.0000000000e+02 -4.4558850726e-12 3.0122328860e-14 4.3943702438e-12 4.4556133059e-12 -1.8273241431e-18 -3.0102330165e-14 -4.3943641527e-12 -3.1149425282e-14
d  3.8851400929e-03 2.7195979291e+00 -2.0000000000e-01 1.3298060119e-05 3.0000000000e+02 -4.4942186267e-12 3.0134726527e-14 4.4326774096e-12 4.4939466685e-12 -1.8425174308e-18 -3.0114724860e-14 -4.4326867121e-12 -3.1150071068e-14
d  3.8884685782e-03 2.7219278687e+00 -2.0000000000e-01 1.3437727427e-05 3.0000000000e+02 -4.5407872522e-12 3.0141882697e-14 4.4792422407e-12 4.5405150594e-12 -1.8655354661e-18 -3.0121882661e-14 -4.4792424773e-12 -3.1150468878e-14
d  3.8904656694e-03 2.7233258324e+00 -2.0000000000e-01 1.3522440796e-05 3.0000000000e+02 -4.5690331766e-12 3.0146100216e-14 4.5075001039e-12 4.5687608404e-12 -1.8792753283e-18 -3.0126104590e-14 -4.5074802558e-12 -3.1150703345e-14
d  3.8928621789e-03 2.7250033890e+00 -2.0000000000e-01 1.3625034246e-05 3.0000000000e+02 -4.6032418938e-12 3.0154781533e-14 4.5416784405e-12 4.6029693934e-12 -1.8936659148e-18 -3.0134781607e-14 -4.5416780832e-12 -3.1151160959e-14
d  3.8957379902e-03 2.7270164568e+00 -2.0000000000e-01 1.3749538511e-05 3.0000000000e+02 -4.6447579984e-12 3.0173135801e-14 4.5831958170e-12 4.6444852940e-12 -1.9158142721e-18 -3.0153138624e-14 -4.5831794975e-12 -3.1152116880e-14
d  3.8991889638e-03 2.7294321382e+00 -2.0000000000e-01 1.3900913826e-05 3.0000000000e+02 -4.6952313082e-12 3.0185066614e-14 4.6336379124e-12 4.6949583649e-12 -1.9380829151e-18 -3.0165066610e-14 -4.6336379434e-12 -3.1152749034e-14
d  3.9012595480e-03 2.7308815470e+00 -2.0000000000e-01 1.3992768870e-05 3.0000000000e+02 -4.7258574707e-12 3.0193377649e-14 4.6642560940e-12 4.7255843825e-12 -1.9532050524e-18 -3.0173377607e-14 -4.6642562915e-12 -3.1153189264e-14
d  3.9037442489e-03 2.7326208376e+00 -2.0000000000e-01 1.4104038142e-05 3.0000000000e+02 -4.7629573923e-12 3.0202069130e-14 4.7013464196e-12 4.7626841302e-12 -1.9707793760e-18 -3.0182069204e-14 -4.7013460487e-12 -3.1153651868e-14
d  3.9067258901e-03 2.7347079864e+00 -2.0000000000e-01 1.4239095827e-05 3.0000000000e+02 -4.8079898223e-12 3.0215325573e-14 4.7463652153e-12 4.8077163515e-12 -1.9922400774e-18 -3.0195325563e-14 -4.7463652772e-12 -3.1154348563e-14
d  3.9085148748e-03 2.7359602756e+00 -2.0000000000e-01 1.4320949097e-05 3.0000000000e+02 -4.8352825852e-12 3.0221994381e-14 4.7736447167e-12 4.8350089902e-12 -2.0051765857e-18 -3.0201993158e-14 -4.7736497036e-12 -3.1154701974e-14
d  3.9106616565e-03 2.7374630227e+00 -2.0000000000e-01 1.4419998291e-05 3.0000000000e+02 -4.8683092579e-12 3.0231928749e-14 4.8066768145e-12 4.8680355095e-12 -2.0221960146e-18 -3.0211931216e-14 -4.8066660920e-12 -3.1155225645e-14
d  3.9132377945e-03 2.7392663192e+00 -2.0000000000e-01 1.4540065311e-05 3.0000000000e+02 -4.9083441663e-12 3.0242441088e-14 4.8466887932e-12 4.9080702396e-12 -2.0400535812e-18 -3.0222441157e-14 -4.8466884383e-12 -3.1155777692e-14
d  3.9163291600e-03 2.7414302750e+00 -2.0000000000e-01 1.4685914570e-05 3.0000000000e+02 -4.9569760000e-12 3.0259338059e-14 4.8953046647e-12 4.9567018570e-12 -2.0644580760e-18 -3.0239338029e-14 -4.8953048581e-12 -3.1156659468e-14
d  3.9181839794e-03 2.7427286484e+00 -2.0000000000e-01 1.4774365296e-05 3.0000000000e+02 -4.9864690578e-12 3.0268513356e-14 4.9247894297e-12 4.9861947847e-12 -2.0788041406e-18 -3.0248513593e-14 -4.9247884328e-12 -3.1157139329e-14
d  3.9204097626e-03 2.7442866966e+00 -2.0000000000e-01 1.4881453112e-05 3.0000000000e+02 -5.0221765984e-12 3.0277532496e-14 4.9605053009e-12 5.0219021655e-12 -2.0970603070e-18 -3.0257537146e-14 -4.9604843603e-12 -3.1157617810e-14
d  3.9230807025e-03 2.7461563544e+00 -2.0000000000e-01 1.5011338354e-05 3.0000000000e+02 -5.0654853527e-12 3.0287493851e-14 5.0037674516e-12 5.0652107394e-12 -2.1157952040e-18 -3.0267491622e-14 -5.0037794587e-12 -3.1158141347e-14
d  3.9262858303e-03 2.7483999438e+00 -2.0000000000e-01 1.5169213335e-05 3.0000000000e+02 -5.1181269703e-12 3.0310950064e-14 5.0564049207e-12 5.1178521302e-12 -2.1438920253e-18 -3.0290950138e-14 -5.0564044465e-12 -3.1159355042e-14
d  3.9282089070e-03 2.7497460974e+00 -2.0000000000e-01 1.5265014138e-05 3.0000000000e+02 -5.1500710432e-12 3.0314079827e-14 5.0883694668e-12 5.1497960620e-12 -2.1601862751e-18 -3.0294087010e-14 -5.0883380291e-12 -3.1159535572e-14
d  3.9305165990e-03 2.7513614818e+00 -2.0000000000e-01 1.5381059002e-05 3.0000000000e+02 -5.1887651874e-12 3.0323419251e-14 5.1270198146e-12 5.1884900512e-12 -2.1760394478e-18 -3.0303419283e-14 -5.1270196689e-12 -3.1160022224e-14
d  3.9332858295e-03 2.7532999430e+00 -2.0000000000e-01 1.5521882409e-05 3.0000000000e+02 -5.2357210970e-12 3.0343492778e-14 5.1739955948e-12 5.2354457600e-12 -2.2027557170e-18 -3.0323499016e-14 -5.1739607873e-12 -3.1161064457e-14
d  3.9349473678e-03 2.7544630197e+00 -2.0000000000e-01 1.5607204928e-05 3.0000000000e+02 -5.2641703797e-12 3.0345893854e-14 5.2024048830e-12 5.2638949327e-12 -2.2130101660e-18 -3.0325894709e-14 -5.2024016422e-12 -3.1161196054e-14
d  3.9369412137e-03 2.7558587118e+00 -2.0000000000e-01 1.5710425607e-05 3.0000000000e+02 -5.2985879345e-12 3.0367898190e-14 5.2367964652e-12 5.2983123513e-12 -2.2319111767e-18 -3.0347895205e-14 -5.2368085450e-12 -3.1162321104e-14
d  3.9393338288e-03 2.7575335423e+00 -2.0000000000e-01 1.5835611873e-05 3.0000000000e+02 -5.3403351627e-12 3.0376815209e-14 5.2785375016e-12 5.3400594093e-12 -2.2549005014e-18 -3.0356815252e-14 -5.2785372925e-12 -3.1162799351e-14
d  3.9422049669e-03 2.7595433389e+00 -2.0000000000e-01 1.5987783456e-05 3.0000000000e+02 -5.3910823833e-12 3.0399464316e-14 5.3292612800e-12 5.3908064289e-12 -2.2805214299e-18 -3.0379464338e-14 -5.3292611536e-12 -3.1163963888e-14
d  3.9439276498e-03 2.7607492168e+00 -2.0000000000e-01 1.6080097027e-05 3.0000000000e+02 -5.4218660738e-12 3.0410265634e-14 5.3600234196e-12 5.4215900009e-12 -2.2960239881e-18 -3.0390263363e-14 -5.3600323499e-12 -3.1164523140e-14
d  3.9459948692e-03 2.7621962704e+00 -2.0000000000e-01 1.6191875484e-05 3.0000000000e+02 -5.4591399690e-12 3.0426500133e-14 5.3973119495e-12 5.4588637448e-12 -2.3171815123e-18 -3.0406504935e-14 -5.3972918172e-12 -3.1165362852e-14
d  3.9484755326e-03 2.7639327346e+00 -2.0000000000e-01 1.6327461002e-05 3.0000000000e+02 -5.5043519026e-12 3.0437217261e-14 5.4424870655e-12 5.5040755093e-12 -2.3373787307e-18 -3.0417217274e-14 -5.4424870021e-12 -3.1165921925e-14
d  3.9514523286e-03 2.7660164917e+00 -2.0000000000e-01 1.6492272286e-05 3.0000000000e+02 -5.5593088547e-12 3.0460348620e-14 5.4974245688e-12 5.5590322530e-12 -2.3670444471e-18 -3.0440348699e-14 -5.4974240966e-12 -3.1167115046e-14
d  3.9532384062e-03 2.7672667460e+00 -2.0000000000e-01 1.6592278679e-05 3.0000000000e+02 -5.5926563460e-12 3.0469197303e-14 5.5307789356e-12 5.5923796148e-12 -2.3848018904e-18 -3.0449202060e-14 -5.5307595490e-12 -3.1167579896e-14
d  3.9553816993e-03 2.7687670511e+00 -2.0000000000e-01 1.6713410221e-05 3.0000000000e+02 -5.6330479592e-12 3.0481661493e-14 5.5711367120e-12 5.6327710825e-12 -2.4033125982e-18 -3.0461661487e-14 -5.5711367420e-12 -3.1168223037e-14
d  3.9579536511e-03 2.7705674172e+00 -2.0000000000e-01 1.6860398225e-05 3.0000000000e+02 -5.6820609497e-12 3.0499659835e-14 5.6201277149e-12 5.6817838940e-12 -2.4297657064e-18 -3.0479658867e-14 -5.6201327461e-12 -3.1169154556e-14
d  3.9610399932e-03 2.7727278566e+00 -2.0000000000e-01 1.7039170509e-05 3.0000000000e+02 -5.7416722942e-12 3.0521557463e-14 5.6797283584e-12 5.7413950203e-12 -2.4606149857e-18 -3.0501558245e-14 -5.6797235023e-12 -3.1170284603e-14
d  3.9628917985e-03 2.7740241202e+00 -2.0000000000e-01 1.7147708981e-05 3.0000000000e+02 -5.7778647993e-12 3.0540058418e-14 5.7159030008e-12 5.7775873968e-12 -2.4786828388e-18 -3.0520058420e-14 -5.7159029953e-12 -3.1171227691e-14
d  3.9651139648e-03 2.7755796366e+00 -2.0000000000e-01 1.7279246762e-05 3.0000000000e+02 -5.8217268468e-12 3.0542444227e-14 5.7597496594e-12 5.8214492886e-12 -2.5019647671e-18 -3.0522444391e-14 -5.7597489221e-12 -3.1171376344e-14
d  3.9677805644e-03 2.7774462562e+00 -2.0000000000e-01 1.7438981769e-05 3.0000000000e+02 -5.8749912342e-12 3.0561524165e-14 5.8130496227e-12 5.8747134768e-12 -2.5316318839e-18 -3.0541534509e-14 -5.8129938948e-12 -3.1172365025e-14
d  3.9709804838e-03 2.7796861997e+00 -2.0000000000e-01 1.7633439593e-05 3.0000000000e+02 -5.9398341276e-12 3.0583011926e-14 5.8778128082e-12 5.9395561591e-12 -2.5609816080e-18 -3.0563011866e-14 -5.8778131995e-12 -3.1173466347e-14
d  3.9729004355e-03 2.7810301658e+00 -2.0000000000e-01 1.7751595372e-05 3.0000000000e+02 -5.9792340166e-12 3.0601621296e-14 5.9171992142e-12 5.9789559134e-12 -2.5847205589e-18 -3.0581621469e-14 -5.9171984586e-12 -3.1174423490e-14
d  3.9752043776e-03 2.7826429252e+00 -2.0000000000e-01 1.7894867811e-05 3.0000000000e+02 -6.0270087616e-12 3.0613863282e-14 5.9649555098e-12 6.0267304974e-12 -2.6092495729e-18 -3.0593863191e-14 -5.9649559389e-12 -3.1175061690e-14
d  3.9779691080e-03 2.7845782364e+00 -2.0000000000e-01 1.8068979530e-05 3.0000000000e+02 -6.0850674251e-12 3.0638838352e-14 6.0229944114e-12 6.0847889670e-12 -2.6400846661e-18 -3.0618838573e-14 -6.0229931778e-12 -3.1176340947e-14
d  3.9796279463e-03 2.7857394231e+00 -2.0000000000e-01 1.8174612464e-05 3.0000000000e+02 -6.1202914508e-12 3.0647484576e-14 6.0582022421e-12 6.1200128774e-12 -2.6585953916e-18 -3.0627484072e-14 -6.0582041577e-12 -3.1176792768e-14
d  3.9816185522e-03 2.7871328472e+00 -2.0000000000e-01 1.8302544682e-05 3.0000000000e+02 -6.1629517060e-12 3.0676337879e-14 6.1008483005e-12 6.1626729927e-12 -2.6816892528e-18 -3.0656337897e-14 -6.1008482290e-12 -3.1178254513e-14
d  3.9840072793e-03 2.7888049561e+00 -2.0000000000e-01 1.8457780421e-05 3.0000000000e+02 -6.2147166089e-12 3.0679831184e-14 6.1525923413e-12 6.2144377287e-12 -2.7090858594e-18 -3.0659830950e-14 -6.1525934763e-12 -3.1178460608e-14
d  3.9868737518e-03 2.7908114867e+00 -2.0000000000e-01 1.8646769456e-05 3.0000000000e+02 -6.2777439971e-12 3.0713948422e-14 6.2155852452e-12 6.2774649171e-12 -2.7450387554e-18 -3.0693947632e-14 -6.2155898231e-12 -3.1180199523e-14
d  3.9885936353e-03 2.7920154051e+00 -2.0000000000e-01 1.8761586668e-05 3.0000000000e+02 -6.3160348821e-12 3.0733772613e-14 6.2539386273e-12 6.3157556600e-12 -2.7706850489e-18 -3.0713792048e-14 -6.2538621716e-12 -3.1181219167e-14
d  3.9906574956e-03 2.7934601072e+00 -2.0000000000e-01 1.8900758363e-05 3.0000000000e+02 -6.3624448002e-12 3.0735710989e-14 6.3002544398e-12 6.3621654537e-12 -2.7864543794e-18 -3.0715711383e-14 -6.3002527883e-12 -3.1181324518e-14
d  3.9931341278e-03 2.7951937497e+00 -2.0000000000e-01 1.9069781470e-05 3.0000000000e+02 -6.4188081797e-12 3.0768703025e-14 6.3565868981e-12 6.4185286622e-12 -2.8234824117e-18 -3.0748701644e-14 -6.3565938293e-12 -3.1183010954e-14
d  3.9961060865e-03 2.7972741207e+00 -2.0000000000e-01 1.9275546657e-05 3.0000000000e+02 -6.4874235547e-12 3.0798216430e-14 6.4251877968e-12 6.4871438259e-12 -2.8605338040e-18 -3.0778217359e-14 -6.4251822180e-12 -3.1184518103e-14
d  3.9978892618e-03 2.7985223433e+00 -2.0000000000e-01 1.9400570614e-05 3.0000000000e+02 -6.5291145689e-12 3.0805254327e-14 6.4668585133e-12 6.5288347163e-12 -2.8826336340e-18 -3.0785254730e-14 -6.4668568721e-12 -3.1184891630e-14
d  4.0000290720e-03 2.8000202104e+00 -2.0000000000e-01 1.9552175461e-05 3.0000000000e+02 -6.5796692734e-12 3.0826924102e-14 6.5173915366e-12 6.5793892714e-12 -2.9107252242e-18 -3.0806924037e-14 -6.5173918225e-12 -3.1185998943e-14
d  4.0025968444e-03 2.8018176510e+00 -2.0000000000e-01 1.9736422377e-05 3.0000000000e+02 -6.6411096453e-12 3.0852821759e-14 6.5788082504e-12 6.6408294634e-12 -2.9448936127e-18 -3.0832821911e-14 -6.5788074606e-12 -3.1187322300e-14
d  4.0041375078e-03 2.8028961153e+00 -2.0000000000e-01 1.9848210046e-05 3.0000000000e+02 -6.6783874929e-12 3.0865429663e-14 6.6160698182e-12 6.6781072034e-12 -2.9656140296e-18 -3.0845429607e-14 -6.6160700174e-12 -3.1187970694e-14
d  4.0059863038e-03 2.8041902725e+00 -2.0000000000e-01 1.9983606703e-05 3.0000000000e+02 -6.7235385593e-12 3.0884802728e-14 6.6612667631e-12 6.7232581214e-12 -2.9945290694e-18 -3.0864819859e-14 -6.6612021889e-12 -3.1188967988e-14
d  4.0082048591e-03 2.8057432611e+00 -2.0000000000e-01 2.0147918053e-05 3.0000000000e+02 -6.7783317385e-12 3.0898259954e-14 6.7159706509e-12 6.7780511647e-12 -3.0175695334e-18 -3.0878259503e-14 -6.7159726878e-12 -3.1189652827e-14
d  4.0108671255e-03 2.8076068474e+00 -2.0000000000e-01 2.0347848919e-05 3.0000000000e+02 -6.8450058391e-12 3.0937928335e-14 6.7826211910e-12 6.8447250771e-12 -3.0616101072e-18 -3.0917929240e-14 -6.7826163054e-12 -3.1191674044e-14
d  4.0124644853e-03 2.8087249993e+00 -2.0000000000e-01 2.0469288560e-05 3.0000000000e+02 -6.8855048650e-12 3.0948618652e-14 6.8230957331e-12 6.8852239926e-12 -3.0835306916e-18 -3.0928618529e-14 -6.8230961890e-12 -3.1192226675e-14
d  4.0143813171e-03 2.8100667814e+00 -2.0000000000e-01 2.0616413860e-05 3.0000000000e+02 -6.9345650260e-12 3.0971595727e-14 6.8721404153e-12 6.9342840186e-12 -3.1110178787e-18 -3.0951596358e-14 -6.8721379537e-12 -3.1193395017e-14
d  4.0166815152e-03 2.8116769200e+00 -2.0000000000e-01 2.0795042707e-05 3.0000000000e+02 -6.9941311018e-12 3.0988435695e-14 6.9316772137e-12 6.9938499352e-12 -3.1441552744e-18 -3.0968434906e-14 -6.9316809069e-12 -3.1194264611e-14
d  4.0194417529e-03 2.8136090864e+00 -2.0000000000e-01 2.1012462060e-05 3.0000000000e+02 -7.0666334625e-12 3.1022227631e-14 7.0041540966e-12 7.0663521015e-12 -3.1859252493e-18 -3.1002227645e-14 -7.0041540219e-12 -3.1195984052e-14
d  4.0210978956e-03 2.8147683862e+00 -2.0000000000e-01 2.1144544033e-05 3.0000000000e+02 -7.1106784887e-12 3.1035647747e-14 7.0481804937e-12 7.1103970121e-12 -3.2107615502e-18 -3.1015647523e-14 -7.0481813470e-12 -3.1196674717e-14
d  4.0230852668e-03 2.8161595459e+00 -2.0000000000e-01 2.1304704075e-05 3.0000000000e+02 -7.1640875038e-12 3.1057824273e-14 7.1015711533e-12 7.1638058868e-12 -3.2418991804e-18 -3.1037825045e-14 -7.1015680248e-12 -3.1197806567e-14
d  4.0254701122e-03 2.8178289376e+00 -2.0000000000e-01 2.1499350457e-05 3.0000000000e+02 -7.2289974189e-12 3.1080174886e-14 7.1664364044e-12 7.2287156401e-12 -3.2786178895e-18 -3.1060172051e-14 -7.1664501633e-12 -3.1198951282e-14
d  4.0283319267e-03 2.8198322077e+00 -2.0000000000e-01 2.1736552639e-05 3.0000000000e+02 -7.3080994875e-12 3.1120931630e-14 7.2455157440e-12 7.3078175048e-12 -3.3263887226e-18 -3.1100931320e-14 -7.2455175497e-12 -3.1201021082e-14
d  4.0300490154e-03 2.8210341697e+00 -2.0000000000e-01 2.1880821212e-05 3.0000000000e+02 -7.3562105952e-12 3.1136427585e-14 7.2936054274e-12 7.3559284923e-12 -3.3541888897e-18 -3.1116427168e-14 -7.2936070741e-12 -3.1201816589e-14
d  4.0321095218e-03 2.8224765241e+00 -2.0000000000e-01 2.2055913444e-05 3.0000000000e+02 -7.4146008278e-12 3.1162235707e-14 7.3519680081e-12 7.4143185812e-12 -3.3888299224e-18 -3.1142234960e-14 -7.3519711526e-12 -3.1203130203e-14
d  4.0345821295e-03 2.8242073495e+00 -2.0000000000e-01 2.2268936799e-05 3.0000000000e+02 -7.4856413276e-12 3.1193791925e-14 7.4229824436e-12 7.4853589058e-12 -3.4317565255e-18 -3.1173792624e-14 -7.4229789331e-12 -3.1204737096e-14
d  4.0360656942e-03 2.8252458447e+00 -2.0000000000e-01 2.2398301746e-05 3.0000000000e+02 -7.5287827867e-12 3.1208057749e-14 7.4661021320e-12 7.5285002616e-12 -3.4572156625e-18 -3.1188058203e-14 -7.4661005829e-12 -3.1205468886e-14
d  4.0378459717e-03 2.8264920389e+00 -2.0000000000e-01 2.2555107273e-05 3.0000000000e+02 -7.5810754014e-12 3.1232256529e-14 7.5183677970e-12 7.5807927526e-12 -3.4888761730e-18 -3.1212256173e-14 -7.5183690944e-12 -3.1206698842e-14
d  4.0399823048e-03 2.8279874720e+00 -2.0000000000e-01 2.2745576234e-05 3.0000000000e+02 -7.6445946941e-12 3.1263051473e-14 7.5818535286e-12 7.6443118970e-12 -3.5273970375e-18 -3.1243050276e-14 -7.5818587508e-12 -3.1208261787e-14
d  4.0425459045e-03 2.8297819917e+00 -2.0000000000e-01 2.2977536473e-05 3.0000000000e+02 -7.7219514862e-12 3.1298758496e-14 7.6591737647e-12 7.7216685096e-12 -3.5748853948e-18 -3.1278757526e-14 -7.6591788299e-12 -3.1210076756e-14
d  4.0440840643e-03 2.8308587035e+00 -2.0000000000e-01 2.3118524205e-05 3.0000000000e+02 -7.7689697084e-12 3.1319893953e-14 7.7061734184e-12 7.7686866230e-12 -3.6039634640e-18 -3.1299893581e-14 -7.7061747383e-12 -3.1211151632e-14
d  4.0459298561e-03 2.8321507577e+00 -2.0000000000e-01 2.3289536383e-05 3.0000000000e+02 -7.8260007201e-12 3.1342926525e-14 7.7631765324e-12 7.8257175058e-12 -3.6387301561e-18 -3.1322925926e-14 -7.7631787985e-12 -3.1212325393e-14
d  4.0481448062e-03 2.8337012227e+00 -2.0000000000e-01 2.3497444045e-05 3.0000000000e+02 -7.8953365628e-12 3.1375532484e-14 7.8324729166e-12 7.8950531955e-12 -3.6816440416e-18 -3.1355530618e-14 -7.8324813566e-12 -3.1213980676e-14
d  4.0508027464e-03 2.8355617807e+00 -2.0000000000e-01 2.3750892842e-05 3.0000000000e+02 -7.9798602079e-12 3.1415933387e-14 7.9169711197e-12 7.9795766494e-12 -3.7351741604e-18 -3.1395934651e-14 -7.9169642788e-12 -3.1216032560e-14
d  4.0523975105e-03 2.8366781155e+00 -2.0000000000e-01 2.3905083513e-05 3.0000000000e+02 -8.0312820275e-12 3.1433018957e-14 7.9683585762e-12 8.0309983606e-12 -3.7662387833e-18 -3.1413018250e-14 -7.9683611756e-12 -3.1216906730e-14
d  4.0543112274e-03 2.8380177173e+00 -2.0000000000e-01 2.4092267872e-05 3.0000000000e+02 -8.0937075939e-12 3.1468386437e-14 8.0307520176e-12 8.0934237936e-12 -3.8065749238e-18 -3.1448385431e-14 -8.0307559627e-12 -3.1218695488e-14
d  4.0566076877e-03 2.8396252394e+00 -2.0000000000e-01 2.4320074149e-05 3.0000000000e+02 -8.1696811785e-12 3.1503382322e-14 8.1066649075e-12 8.1693972252e-12 -3.8539194308e-18 -3.1483376676e-14 -8.1066914041e-12 -3.1220470636e-14
d  4.0593634401e-03 2.8415542660e+00 -2.0000000000e-01 2.4598146767e-05 3.0000000000e+02 -8.2624191728e-12 3.1553856633e-14 8.1993785013e-12 8.2621350187e-12 -3.9155646027e-18 -3.1533855965e-14 -8.1993822605e-12 -3.1223027593e-14
d  4.0610168915e-03 2.8427116819e+00 -2.0000000000e-01 2.4767529461e-05 3.0000000000e+02 -8.3189095947e-12 3.1574208777e-14 8.2558384776e-12 8.3186253253e-12 -3.9511297783e-18 -3.1554207549e-14 -8.2558431599e-12 -3.1224066884e-14
d  4.0630010332e-03 2.8441005810e+00 -2.0000000000e-01 2.4973395061e-05 3.0000000000e+02 -8.3875685611e-12 3.1611753377e-14 8.3244584270e-12 8.3872841535e-12 -3.9966386334e-18 -3.1591751754e-14 -8.3244650279e-12 -3.1225966663e-14
d  4.0653820032e-03 2.8457672600e+00 -2.0000000000e-01 2.5224261302e-05 3.0000000000e+02 -8.4712357562e-12 3.1654408599e-14 8.4081079687e-12 8.4709511719e-12 -4.0530941239e-18 -3.1634412888e-14 -8.4080870882e-12 -3.1228130365e-14
d  4.0668105852e-03 2.8467672673e+00 -2.0000000000e-01 2.5376829777e-05 3.0000000000e+02 -8.5221192417e-12 3.1667869061e-14 8.4589413030e-12 8.5218345658e-12 -4.0842016511e-18 -3.1647868468e-14 -8.4589432633e-12 -3.1228822844e-14
d  4.0685248837e-03 2.8479672762e+00 -2.0000000000e-01 2.5561980695e-05 3.0000000000e+02 -8.5838694138e-12 3.1714068761e-14 8.5206568560e-12 8.5835846184e-12 -4.1275651284e-18 -3.1694067801e-14 -8.5206602372e-12 -3.1231147854e-14
d  4.0705820418e-03 2.8494072868e+00 -2.0000000000e-01 2.5787212929e-05 3.0000000000e+02 -8.6589879318e-12 3.1749874427e-14 8.5957275241e-12 8.6587029949e-12 -4.1773311794e-18 -3.1729872026e-14 -8.5957376535e-12 -3.1232963352e-14
d  4.0730506315e-03 2.8511352995e+00 -2.0000000000e-01 2.6062005318e-05 3.0000000000e+02 -8.7506361591e-12 3.1799811601e-14 8.6873306258e-12 8.7503510473e-12 -4.2401151335e-18 -3.1779810713e-14 -8.6873351118e-12 -3.1235490081e-14
d  4.0745317854e-03 2.8521721071e+00 -2.0000000000e-01 2.6229300172e-05 3.0000000000e+02 -8.8064322786e-12 3.1827498832e-14 8.7430976877e-12 8.8061470623e-12 -4.2781325183e-18 -3.1807498138e-14 -8.7431000622e-12 -3.1236893158e-14
d  4.0763091700e-03 2.8534162763e+00 -2.0000000000e-01 2.6432507409e-05 3.0000000000e+02 -8.8742059800e-12 3.1862568500e-14 8.8108297732e-12 8.8739206409e-12 -4.3244214107e-18 -3.1842566847e-14 -8.8108358109e-12 -3.1238668208e-14
d  4.0784420315e-03 2.8549092793e+00 -2.0000000000e-01 2.6679982148e-05 3.0000000000e+02 -8.9567444548e-12 3.1908889353e-14 8.8933128945e-12 8.9564589696e-12 -4.3815686036e-18 -3.1888886040e-14 -8.8933273965e-12 -3.1241008827e-14
d  4.0810014653e-03 2.8567008829e+00 -2.0000000000e-01 2.6982361641e-05 3.0000000000e+02 -9.0575968227e-12 3.1966356370e-14 8.9941182739e-12 9.0573111535e-12 -4.4534782559e-18 -3.1946355937e-14 -8.9941205513e-12 -3.1243914737e-14
d  4.0825371256e-03 2.8577758451e+00 -2.0000000000e-01 2.7166740964e-05 3.0000000000e+02 -9.1190949801e-12 3.1998812629e-14 9.0555899379e-12 9.1188091985e-12 -4.4980987113e-18 -3.1978815339e-14 -9.0555803155e-12 -3.1245559783e-14
d  4.0843799180e-03 2.8590657996e+00 -2.0000000000e-01 2.7391002238e-05 3.0000000000e+02 -9.1938950688e-12 3.2037872492e-14 9.1303240331e-12 9.1936091664e-12 -4.5502164467e-18 -3.2017869840e-14 -9.1303340908e-12 -3.1247535056e-14
d  4.0865912688e-03 2.8606137452e+00 -2.0000000000e-01 2.7664538288e-05 3.0000000000e+02 -9.2851297872e-12 3.2101003208e-14 9.2214925017e-12 9.2848437343e-12 -4.6174977193e-18 -3.2080998746e-14 -9.2215127813e-12 -3.1250713887e-14
d  4.0892448898e-03 2.8624712798e+00 -2.0000000000e-01 2.7999309723e-05 3.0000000000e+02 -9.3967884351e-12 3.2165014987e-14 9.3330874909e-12 9.3965021945e-12 -4.6990866682e-18 -3.2145012093e-14 -9.3331032550e-12 -3.1253948983e-14
d  4.0908370624e-03 2.8635858005e+00 -2.0000000000e-01 2.8203694197e-05 3.0000000000e+02 -9.4649590447e-12 3.2204644377e-14 9.4012424043e-12 9.4646726813e-12 -4.7507140502e-18 -3.2184647366e-14 -9.4012313920e-12 -3.1255953755e-14
d  4.0927476696e-03 2.8649232254e+00 -2.0000000000e-01 2.8452566604e-05 3.0000000000e+02 -9.5479689097e-12 3.2244385367e-14 9.4841552292e-12 9.5476824321e-12 -4.8083144915e-18 -3.2224376811e-14 -9.4841889001e-12 -3.1257963837e-14
d  4.0950403981e-03 2.8665281353e+00 -2.0000000000e-01 2.8756551976e-05 3.0000000000e+02 -9.6493617979e-12 3.2320957292e-14 9.5854900173e-12 9.6490751569e-12 -4.8883427945e-18 -3.2300951500e-14 -9.5855173496e-12 -3.1261817766e-14
d  4.0964160352e-03 2.8674910813e+00 -2.0000000000e-01 2.8941815479e-05 3.0000000000e+02 -9.7111562847e-12 3.2357329661e-14 9.6472679021e-12 9.7108695374e-12 -4.9357896674e-18 -3.2337328430e-14 -9.6472718330e-12 -3.1263656274e-14
d  4.0980667998e-03 2.8686466164e+00 -2.0000000000e-01 2.9167055896e-05 3.0000000000e+02 -9.7862853565e-12 3.2394771453e-14 9.7223617366e-12 9.7859984873e-12 -4.9919728994e-18 -3.2374774324e-14 -9.7223519589e-12 -3.1265554911e-14
d  4.1000477173e-03 2.8700332586e+00 -2.0000000000e-01 2.9441670250e-05 3.0000000000e+02 -9.8778834773e-12 3.2448698019e-14 9.8138879570e-12 9.8775964749e-12 -5.0613848722e-18 -3.2428697498e-14 -9.8138900882e-12 -3.1268277466e-14
d  4.1024248182e-03 2.8716972292e+00 -2.0000000000e-01 2.9777668415e-05 3.0000000000e+02 -9.9899582210e-12 3.2525855373e-14 9.9258821310e-12 9.9896710546e-12 -5.1499489137e-18 -3.2505853873e-14 -9.9258894805e-12 -3.1272164144e-14
d  4.1038510788e-03 2.8726956115e+00 -2.0000000000e-01 2.9982738265e-05 3.0000000000e+02 -1.0058361013e-11 3.2570312312e-14 9.9942403045e-12 1.0058073746e-11 -5.2041996226e-18 -3.2550310564e-14 -9.9942460970e-12 -3.1274405837e-14
d  4.1055625915e-03 2.8738936703e+00 -2.0000000000e-01 3.0232367106e-05 3.0000000000e+02 -1.0141627555e-11 3.2623898323e-14 1.0077469538e-11 1.0141340159e-11 -5.2714128243e-18 -3.2603902239e-14 -1.0077455692e-11 -3.1277110919e-14
d  4.1076164067e-03 2.8753313409e+00 -2.0000000000e-01 3.0537175362e-05 3.0000000000e+02 -1.0243300196e-11 3.2683435503e-14 1.0179055597e-11 1.0243012664e-11 -5.3505980254e-18 -3.2663434829e-14 -1.0179058460e-11 -3.1280116935e-14
d  4.1100809850e-03 2.8770565456e+00 -2.0000000000e-01 3.0910808650e-05 3.0000000000e+02 -1.0367932319e-11 3.2773528045e-14 1.0303591450e-11 1.0367644619e-11 -5.4533003973e-18 -3.2753525796e-14 -1.0303602895e-11 -3.1284652354e-14
d  4.1115597319e-03 2.8780916684e+00 -2.0000000000e-01 3.1139246632e-05 3.0000000000e+02 -1.0444133076e-11 3.2826681058e-14 1.0379742122e-11 1.0443845270e-11 -5.5170454870e-18 -3.2806679092e-14 -1.0379748887e-11 -3.1287330843e-14
d  4.1133342283e-03 2.8793338158e+00 -2.0000000000e-01 3.1417723073e-05 3.0000000000e+02 -1.0537025352e-11 3.2888522746e-14 1.0472552382e-11 1.0536737430e-11 -5.5930083719e-18 -3.2868516756e-14 -1.0472574382e-11 -3.1290446694e-14
d  4.1154636239e-03 2.8808243927e+00 -2.0000000000e-01 3.1758358241e-05 3.0000000000e+02 -1.0650652899e-11 3.2971056016e-14 1.0586115737e-11 1.0650364818e-11 -5.6904935528e-18 -3.2951055181e-14 -1.0586119420e-11 -3.1294604937e-14
d  4.1167412613e-03 2.8817187388e+00 -2.0000000000e-01 3.1966224816e-05 3.0000000000e+02 -1.0719992788e-11 3.3013934413e-14 1.0655403519e-11 1.0719704619e-11 -5.7483131392e-18 -3.2993932815e-14 -1.0655408281e-11 -3.1296769960e-14
d  4.1182744261e-03 2.8827919542e+00 -2.0000000000e-01 3.2219234161e-05 3.0000000000e+02 -1.0804392313e-11 3.3075398058e-14 1.0739737289e-11 1.0804104037e-11 -5.8210879814e-18 -3.3055395717e-14 -1.0739744732e-11 -3.1299865004e-14
d  4.1201142240e-03 2.8840798126e+00 -2.0000000000e-01 3.2528122234e-05 3.0000000000e+02 -1.0907432311e-11 3.3149146055e-14 1.0842704429e-11 1.0907143905e-11 -5.9106537066e-18 -3.3129145272e-14 -1.0842707417e-11 -3.1303580760e-14
d  4.1223219814e-03 2.8856252427e+00 -2.0000000000e-01 3.2906682828e-05 3.0000000000e+02 -1.1033715821e-11 3.3238987373e-14 1.0968889845e-11 1.1033427261e-11 -6.0212361127e-18 -3.3218986405e-14 -1.0968894283e-11 -3.1308107990e-14
d  4.1236466358e-03 2.8865525007e+00 -2.0000000000e-01 3.3138094821e-05 3.0000000000e+02 -1.1110913413e-11 3.3297208016e-14 1.1046024083e-11 1.1110624762e-11 -6.0905037732e-18 -3.3277205579e-14 -1.1046031618e-11 -3.1311039086e-14
d  4.1252362211e-03 2.8876652104e+00 -2.0000000000e-01 3.3420183434e-05 3.0000000000e+02 -1.1205017611e-11 3.3369399556e-14 1.1140051976e-11 1.1204728850e-11 -6.1757831609e-18 -3.3349396775e-14 -1.1140061158e-11 -3.1314673309e-14
d  4.1271437235e-03 2.8890004620e+00 -2.0000000000e-01 3.3765245617e-05 3.0000000000e+02 -1.1320131222e-11 3.3457212451e-14 1.1255077719e-11 1.1319842324e-11 -6.2814546286e-18 -3.3437211402e-14 -1.1255081880e-11 -3.1319096190e-14
d  4.1294327263e-03 2.8906027639e+00 -2.0000000000e-01 3.4189160313e-05 3.0000000000e+02 -1.1461552354e-11 3.3565814717e-14 1.1396394928e-11 1.1461263289e-11 -6.4131126629e-18 -3.3545816433e-14 -1.1396386767e-11 -3.1324566798e-14
d  4.1308061281e-03 2.8915641451e+00 -2.0000000000e-01 3.4448811134e-05 3.0000000000e+02 -1.1548173452e-11 3.3630769518e-14 1.1482928742e-11 1.1547884300e-11 -6.4929446200e-18 -3.3610766929e-14 -1.1482937057e-11 -3.1327836930e-14
d  4.1324542101e-03 2.8927178024e+00 -2.0000000000e-01 3.4765934988e-05 3.0000000000e+02 -1.1653972459e-11 3.3722690381e-14 1.1588710044e-11 1.1653683150e-11 -6.6013366354e-18 -3.3702709372e-14 -1.1588644930e-11 -3.1332470862e-14
d  4.1344319086e-03 2.8941021913e+00 -2.0000000000e-01 3.5154866615e-05 3.0000000000e+02 -1.1783732621e-11 3.3830193067e-14 1.1718318294e-11 1.1783443194e-11 -6.7211040908e-18 -3.3810200218e-14 -1.1718288846e-11 -3.1337866888e-14
d  4.1368051467e-03 2.8957634579e+00 -2.0000000000e-01 3.5634192844e-05 3.0000000000e+02 -1.1943652347e-11 3.3961142066e-14 1.1878036967e-11 1.1943362786e-11 -6.8823541778e-18 -3.3941136540e-14 -1.1878064310e-11 -3.1344467088e-14
d  4.1382290896e-03 2.8967602179e+00 -2.0000000000e-01 3.5928662395e-05 3.0000000000e+02 -1.2041899098e-11 3.4059545623e-14 1.1976208550e-11 1.2041609430e-11 -6.9862252095e-18 -3.4039541947e-14 -1.1976220815e-11 -3.1349408740e-14
d  4.1399378211e-03 2.8979563299e+00 -2.0000000000e-01 3.6289151711e-05 3.0000000000e+02 -1.2162174750e-11 3.4160956283e-14 1.2096406682e-11 1.2161884941e-11 -7.1106947104e-18 -3.4140962681e-14 -1.2096383883e-11 -3.1354519417e-14
d  4.1419882989e-03 2.8993916643e+00 -2.0000000000e-01 3.6732454340e-05 3.0000000000e+02 -1.2310082630e-11 3.4287177179e-14 1.2244175282e-11 1.2309792677e-11 -7.2634744251e-18 -3.4267182750e-14 -1.2244151427e-11 -3.1360874892e-14
d  4.1444488722e-03 2.9011140655e+00 -2.0000000000e-01 3.7280667032e-05 3.0000000000e+02 -1.2492997042e-11 3.4458322657e-14 1.2426844363e-11 1.2492706958e-11 -7.4570590945e-18 -3.4438313978e-14 -1.2426889056e-11 -3.1369476523e-14
d  4.1459252162e-03 2.9021475062e+00 -2.0000000000e-01 3.7618524159e-05 3.0000000000e+02 -1.2605728357e-11 3.4576905109e-14 1.2539499499e-11 1.2605438148e-11 -7.5872703542e-18 -3.4556902640e-14 -1.2539508066e-11 -3.1375438272e-14
d  4.1476968290e-03 2.9033876351e+00 -2.0000000000e-01 3.8033283231e-05 3.0000000000e+02 -1.2744121833e-11 3.4700157665e-14 1.2677733948e-11 1.2743831511e-11 -7.7372056609e-18 -3.4680150338e-14 -1.2677761110e-11 -3.1381643051e-14
d  4.1498227644e-03 2.9048757898e+00 -2.0000000000e-01 3.8545110901e-05 3.0000000000e+02 -1.2914907323e-11 3.4873339414e-14 1.2848337219e-11 1.2914616857e-11 -7.9331919643e-18 -3.4853331985e-14 -1.2848370338e-11 -3.1390351298e-14
d  4.1523738868e-03 2.9066615754e+00 -2.0000000000e-01 3.9180961401e-05 3.0000000000e+02 -1.3127083415e-11 3.5086900767e-14 1.3060330673e-11 1.3126792742e-11 -8.1827779145e-18 -3.5066902671e-14 -1.3060320461e-11 -3.1401099926e-14
d  4.1539045603e-03 2.9077330468e+00 -2.0000000000e-01 3.9574414488e-05 3.0000000000e+02 -1.3258377007e-11 3.5216270788e-14 1.3191482753e-11 1.3258086226e-11 -8.3387714631e-18 -3.5196273910e-14 -1.3191471487e-11 -3.1407613331e-14
d  4.1557413684e-03 2.9090188124e+00 -2.0000000000e-01 4.0059129805e-05 3.0000000000e+02 -1.3420128378e-11 3.5388068188e-14 1.3353053833e-11 1.3419837469e-11 -8.5369135167e-18 -3.5368070929e-14 -1.3353043261e-11 -3.1416255328e-14
d  4.1579455382e-03 2.9105617312e+00 -2.0000000000e-01 4.0660080822e-05 3.0000000000e+02 -1.3620675440e-11 3.5606872385e-14 1.3553348189e-11 1.3620384392e-11 -8.7878781723e-18 -3.5586869780e-14 -1.3553360291e-11 -3.1427260184e-14
d  4.1605905419e-03 2.9124132337e+00 -2.0000000000e-01 4.1411185422e-05 3.0000000000e+02 -1.3871341973e-11 3.5893560279e-14 1.3803719236e-11 1.3871050738e-11 -9.1148987778e-18 -3.5873558626e-14 -1.3803728488e-11 -3.1441680516e-14
d  4.1621775441e-03 2.9135241352e+00 -2.0000000000e-01 4.1878773531e-05 3.0000000000e+02 -1.4027401781e-11 3.6080037051e-14 1.3959588754e-11 1.4027110430e-11 -9.3295200304e-18 -3.6060036406e-14 -1.3959591184e-11 -3.1451063756e-14
d  4.1640819468e-03 2.9148572170e+00 -2.0000000000e-01 4.2458165787e-05 3.0000000000e+02 -1.4220787663e-11 3.6322043912e-14 1.4153018792e-11 1.4220495958e-11 -9.6179765663e-18 -3.6302117814e-14 -1.4152721589e-11 -3.1463271954e-14
d  4.1652245884e-03 2.9156570661e+00 -2.0000000000e-01 4.2815861231e-05 3.0000000000e+02 -1.4340178764e-11 3.6467457471e-14 1.4271938092e-11 1.4339887210e-11 -9.7465314396e-18 -3.6447451670e-14 -1.4271953769e-11 -3.1470502049e-14
d  4.1665957584e-03 2.9166168850e+00 -2.0000000000e-01 4.3255682558e-05 3.0000000000e+02 -1.4486987058e-11 3.6670254100e-14 1.4418544836e-11 1.4486695409e-11 -1.0000495844e-17 -3.6650248547e-14 -1.4418560879e-11 -3.1480764174e-14
d  4.1682411623e-03 2.9177686677e+00 -2.0000000000e-01 4.3799609229e-05 3.0000000000e+02 -1.4668550382e-11 3.6908462390e-14 1.4599859896e-11 1.4668258613e-11 -1.0264356047e-17 -3.6888459554e-14 -1.4599869760e-11 -3.1492733756e-14
d  4.1702156470e-03 2.9191508069e+00 -2.0000000000e-01 4.4477126016e-05 3.0000000000e+02 -1.4894713731e-11 3.7215789433e-14 1.4825661081e-11 1.4894421853e-11 -1.0611353025e-17 -3.7195778062e-14 -1.4825708733e-11 -3.1508191654e-14
d  4.1714003378e-03 2.9199800905e+00 -2.0000000000e-01 4.4897413338e-05 3.0000000000e+02 -1.5035016891e-11 3.7420339183e-14 1.4965780392e-11 1.5034724912e-11 -1.0841391722e-17 -3.7400330615e-14 -1.4965804484e-11 -3.1518482946e-14
d  4.1728219668e-03 2.9209752307e+00 -2.0000000000e-01 4.5416388288e-05 3.0000000000e+02 -1.5208271802e-11 3.7664560865e-14 1.5138773407e-11 1.5207979723e-11 -1.1122860036e-17 -3.7644553309e-14 -1.5138796132e-11 -3.1530776147e-14
d  4.1745279216e-03 2.9221693990e+00 -2.0000000000e-01 4.6061741569e-05 3.0000000000e+02 -1.5423727577e-11 3.7986156898e-14 1.5353867229e-11 1.5423435399e-11 -1.1486257353e-17 -3.7966144013e-14 -1.5353913921e-11 -3.1546957340e-14
d  4.1755514945e-03 2.9228859000e+00 -2.0000000000e-01 4.6461509148e-05 3.0000000000e+02 -1.5557200296e-11 3.8199616336e-14 1.5487159394e-11 1.5556908016e-11 -1.1726560219e-17 -3.8179612082e-14 -1.5487169736e-11 -3.1557700651e-14
d  4.1767797819e-03 2.9237457012e+00 -2.0000000000e-01 4.6954531660e-05 3.0000000000e+02 -1.5721815071e-11 3.8448947559e-14 1.5651487105e-11 1.5721522716e-11 -1.2016213902e-17 -3.8428938523e-14 -1.5651510594e-11 -3.1570255545e-14
d  4.1782537269e-03 2.9247774626e+00 -2.0000000000e-01 4.7566629078e-05 3.0000000000e+02 -1.5926197888e-11 3.8787423164e-14 1.5855521074e-11 1.5925905429e-11 -1.2396440739e-17 -3.8767416144e-14 -1.5855543062e-11 -3.1587289580e-14
d  4.1800224608e-03 2.9260155762e+00 -2.0000000000e-01 4.8333101889e-05 3.0000000000e+02 -1.6182144763e-11 3.9218902464e-14 1.6111007596e-11 1.6181852185e-11 -1.2887050378e-17 -3.9198895476e-14 -1.6111034003e-11 -3.1609012053e-14
d  4.1810837011e-03 2.9267584444e+00 -2.0000000000e-01 4.8810941917e-05 3.0000000000e+02 -1.6341720487e-11 3.9502649654e-14 1.6270288818e-11 1.6341427834e-11 -1.3209560539e-17 -3.9482639695e-14 -1.6270314017e-11 -3.1623297509e-14
d  4.1823571895e-03 2.9276498863e+00 -2.0000000000e-01 4.9403658750e-05 3.0000000000e+02 -1.6539671415e-11 3.9861757094e-14 1.6467865638e-11 1.6539378669e-11 -1.3619030892e-17 -3.9841749467e-14 -1.6467886287e-11 -3.1641381892e-14
d  4.1838853757e-03 2.9287196165e+00 -2.0000000000e-01 5.0145115265e-05 3.0000000000e+02 -1.6787315801e-11 4.0328089628e-14 1.6715012341e-11 1.6787022953e-11 -1.4149606335e-17 -4.0308081629e-14 -1.6715038465e-11 -3.1664866605e-14
d  4.1857191990e-03 2.9300032928e+00 -2.0000000000e-01 5.1082977674e-05 3.0000000000e+02 -1.7100590748e-11 4.0950660011e-14 1.7027558295e-11 1.7100297845e-11 -1.4853003236e-17 -4.0930634395e-14 -1.7027659371e-11 -3.1696214408e-14
d  4.1868194930e-03 2.9307734986e+00 -2.0000000000e-01 5.1673170398e-05 3.0000000000e+02 -1.7297753488e-11 4.1374623584e-14 1.7224369154e-11 1.7297460431e-11 -1.5337285533e-17 -4.1354615615e-14 -1.7224390172e-11 -3.1717578153e-14
d  4.1881398458e-03 2.9316977455e+00 -2.0000000000e-01 5.2411566331e-05 3.0000000000e+02 -1.7544446953e-11 4.1890623075e-14 1.7470488237e-11 1.7544153817e-11 -1.5937062252e-17 -4.1870611058e-14 -1.7470522170e-11 -3.1743586551e-14
d  4.1897242691e-03 2.9328068418e+00 -2.0000000000e-01 5.3345872302e-05 3.0000000000e+02 -1.7856627977e-11 4.2605701849e-14 1.7781943031e-11 1.7856334711e-11 -1.6753188825e-17 -4.2585697621e-14 -1.7781957461e-11 -3.1779622267e-14
d  4.1906749232e-03 2.9334722995e+00 -2.0000000000e-01 5.3933992799e-05 3.0000000000e+02 -1.8053159009e-11 4.3069590973e-14 1.7977983934e-11 1.8052865675e-11 -1.7293459826e-17 -4.3049584965e-14 -1.7977997629e-11 -3.1803012621e-14
d  4.1918157080e-03 2.9342708489e+00 -2.0000000000e-01 5.4670007636e-05 3.0000000000e+02 -1.8299136436e-11 4.3677925786e-14 1.8223296127e-11 1.8298843051e-11 -1.7993122306e-17 -4.3657909463e-14 -1.8223335954e-11 -3.1833678038e-14
d  4.1931846497e-03 2.9352291081e+00 -2.0000000000e-01 5.5601595423e-05 3.0000000000e+02 -1.8610513084e-11 4.4487968207e-14 1.8533828262e-11 1.8610219601e-11 -1.8927624939e-17 -4.4467955676e-14 -1.8533865208e-11 -3.1874523866e-14
d  4.1948273799e-03 2.9363790191e+00 -2.0000000000e-01 5.6798678197e-05 3.0000000000e+02 -1.9010695254e-11 4.5582667800e-14 1.8932828431e-11 1.9010401688e-11 -2.0200398861e-17 -4.5562649761e-14 -1.8932892841e-11 -3.1929741550e-14
d  4.1958130180e-03 2.9370689657e+00 -2.0000000000e-01 5.7563214876e-05 3.0000000000e+02 -1.9266321383e-11 4.6331017809e-14 1.9187714007e-11 1.9266027703e-11 -2.1086289024e-17 -4.6311007579e-14 -1.9187738342e-11 -3.1967516030e-14
d  4.1969957837e-03 2.9378969017e+00 -2.0000000000e-01 5.8533070984e-05 3.0000000000e+02 -1.9590646271e-11 4.7311012548e-14 1.9510973738e-11 1.9590352539e-11 -2.2245187654e-17 -4.7290992926e-14 -1.9511023758e-11 -3.2016983656e-14
d  4.1984151025e-03 2.9388904248e+00 -2.0000000000e-01 5.9783547474e-05 3.0000000000e+02 -2.0008895483e-11 4.8670471711e-14 1.9927763581e-11 2.0008601697e-11 -2.3850551180e-17 -4.8650443945e-14 -1.9927849314e-11 -3.2085615538e-14
d  4.1992666938e-03 2.9394865387e+00 -2.0000000000e-01 6.0584761463e-05 3.0000000000e+02 -2.0276933639e-11 4.9596967753e-14 2.0194850360e-11 2.0276639774e-11 -2.4967910331e-17 -4.9576933565e-14 -2.0194920636e-11 -3.2132425008e-14
d  4.2002886034e-03 2.9402018753e+00 -2.0000000000e-01 6.1604260464e-05 3.0000000000e+02 -2.0618059909e-11 5.0822396353e-14 2.0534727735e-11 2.0617765921e-11 -2.6453172657e-17 -5.0802384638e-14 -2.0534753546e-11 -3.2194360651e-14
d  4.2015148948e-03 2.9410602793e+00 -2.0000000000e-01 6.2924221655e-05 3.0000000000e+02 -2.1059826756e-11 5.2504982417e-14 2.0974675323e-11 2.1059532733e-11 -2.8498029900e-17 -5.2484957926e-14 -2.0974740683e-11 -3.2279413956e-14
d  4.2029864446e-03 2.9420903641e+00 -2.0000000000e-01 6.4674914475e-05 3.0000000000e+02 -2.1645944791e-11 5.4940102440e-14 2.1558293363e-11 2.1645650598e-11 -3.1488043440e-17 -5.4920098900e-14 -2.1558304853e-11 -3.2402576924e-14
d  4.2047523043e-03 2.9433264659e+00 -2.0000000000e-01 6.7081111958e-05 3.0000000000e+02 -2.2451898814e-11 5.8627416264e-14 2.2360346637e-11 2.2451604517e-11 -3.6093745918e-17 -5.8607410198e-14 -2.2360370705e-11 -3.2589211930e-14
d  4.2058118202e-03 2.9440681269e+00 -2.0000000000e-01 6.8722694663e-05 3.0000000000e+02 -2.3002025730e-11 6.1418802156e-14 2.2907553564e-11 2.3001731340e-11 -3.9727168356e-17 -6.1398797823e-14 -2.2907564918e-11 -3.2730725602e-14
d  4.2070832392e-03 2.9449581202e+00 -2.0000000000e-01 7.0949670034e-05 3.0000000000e+02 -2.3748701653e-11 6.5552307579e-14 2.3649867379e-11 2.3748407192e-11 -4.5128001182e-17 -6.5532299540e-14 -2.3649890067e-11 -3.2940350096e-14
d  4.2086089420e-03 2.9460261121e+00 -2.0000000000e-01 7.4122776550e-05 3.0000000000e+02 -2.4813359194e-11 7.2164684232e-14 2.4707535305e-11 2.4813064688e-11 -5.3942681229e-17 -7.2144667775e-14 -2.4707592316e-11 -3.3276008299e-14
d  4.2104397853e-03 2.9473077024e+00 -2.0000000000e-01 7.9029320967e-05 3.0000000000e+02 -2.6461459642e-11 8.4127556762e-14 2.6343080079e-11 2.6461164965e-11 -7.0500292533e-17 -8.4107550521e-14 -2.6343107062e-11 -3.3884322077e-14
d  4.2126367974e-03 2.9488456107e+00 -2.0000000000e-01 8.7994777395e-05 3.0000000000e+02 -2.9478877350e-11 1.1161355537e-13 2.9331539659e-11 2.9478582607e-11 -1.1093052382e-16 -1.1159354602e-13 -2.9331592633e-11 -3.5286053329e-14
d  4.2139550046e-03 2.9497683557e+00 -2.0000000000e-01 9.6549382239e-05 3.0000000000e+02 -3.2365408353e-11 1.4485040960e-13 3.2183059502e-11 3.2365113564e-11 -1.6673978610e-16 -1.4483039105e-13 -3.2183127644e-11 -3.6992236331e-14
d  4.2147459289e-03 2.9503220027e+00 -2.0000000000e-01 1.0387771505e-04 3.0000000000e+02 -3.4843713713e-11 1.7857463655e-13 3.4625844407e-11 3.4843418841e-11 -2.3038809919e-16 -1.7855460716e-13 -3.4625905240e-11 -3.8735142737e-14
d  4.2156950381e-03 2.9509863791e+00 -2.0000000000e-01 1.1749696232e-04 3.0000000000e+02 -3.9461882172e-11 2.5298293683e-13 3.9165546616e-11 3.9461587438e-11 -3.7903757494e-16 -2.5296289061e-13 -3.9165654565e-11 -4.2595732600e-14
d  4.2162645037e-03 2.9513850050e+00 -2.0000000000e-01 1.3059973550e-04 3.0000000000e+02 -4.3918802557e-11 3.3767534754e-13 4.3533163814e-11 4.3918507705e-11 -5.7787602055e-16 -3.3765529355e-13 -4.3533245563e-11 -4.7041119510e-14
d  4.2169478623e-03 2.9518633560e+00 -2.0000000000e-01 1.6017102788e-04 3.0000000000e+02 -5.4019192613e-11 5.6812877365e-13 5.3390281075e-11 5.4018897760e-11 -1.1881701581e-15 -5.6810873942e-13 -5.3390343040e-11 -5.9263939938e-14
d  4.2173578775e-03 2.9521503666e+00 -2.0000000000e-01 1.9809707247e-04 3.0000000000e+02 -6.7041352058e-11 9.2747662363e-13 6.6032193255e-11 6.7041057924e-11 -2.4177022436e-15 -9.2745648557e-13 -6.6032358846e-11 -7.8830677756e-14
d  4.2176038866e-03 2.9523225730e+00 -2.0000000000e-01 2.4206775449e-04 3.0000000000e+02 -8.2214500825e-11 1.4141276682e-12 8.0689122643e-11 8.2214206526e-11 -4.5894750887e-15 -1.4141074753e-12 -8.0689252797e-11 -1.0628242878e-13
d  4.2177514920e-03 2.9524258968e+00 -2.0000000000e-01 2.8776281889e-04 3.0000000000e+02 -9.8051859989e-11 1.9832236669e-12 9.5920638813e-11 9.8051567107e-11 -7.7886848233e-15 -1.9832028756e-12 -9.5920943405e-11 -1.3965562438e-13
d  4.2179286186e-03 2.9525498854e+00 -2.0000000000e-01 4.1147906899e-04 3.0000000000e+02 -1.4118684669e-10 3.7594514222e-12 1.3715943354e-10 1.4118655532e-10 -1.9751256518e-14 -3.7594308827e-12 -1.3715969459e-10 -2.4773795715e-13
d  4.2180348945e-03 2.9526242785e+00 -2.0000000000e-01 6.4628847744e-04 3.0000000000e+02 -2.2377290480e-10 7.7649024212e-12 2.1542784762e-10 2.2377265762e-10 -6.0162668194e-14 -7.7648779789e-12 -2.1542954950e-10 -5.1810151299e-13
d  4.2180986601e-03 2.9526689144e+00 -2.0000000000e-01 1.2958705025e-03 3.0000000000e+02 -4.5502104263e-10 2.1174184449e-11 4.3195492717e-10 4.5502097653e-10 -2.8544977438e-13 -2.1174163700e-11 -4.3195707241e-10 -1.6045876996e-12
d  4.2181177897e-03 2.9526823052e+00 -2.0000000000e-01 1.8713542734e-03 3.0000000000e+02 -6.6314263778e-10 3.5391045163e-11 6.2378401973e-10 6.6314238911e-10 -7.5089263662e-13 -3.5391012635e-11 -6.2378482714e-10 -3.2161278600e-12
d  4.2181292675e-03 2.9526903396e+00 -2.0000000000e-01 2.5692430373e-03 3.0000000000e+02 -9.1839730823e-10 5.4639402132e-11 8.5641400077e-10 9.1839703952e-10 -1.5660145625e-12 -5.4639370419e-11 -8.5641439305e-10 -5.7773703872e-12
d  4.2181430409e-03 2.9526999810e+00 -2.0000000000e-01 6.1017439668e-03 3.0000000000e+02 -2.2345248404e-09 1.6877414225e-10 2.0339105690e-09 2.2345279870e-09 -7.8633427729e-12 -1.6877418948e-10 -2.0339181190e-09 -2.3972343311e-11
d  4.2181471729e-03 2.9527028734e+00 -2.0000000000e-01 9.9105608456e-03 3.0000000000e+02 -3.7321079415e-09 3.4172027931e-10 3.3035166458e-09 3.7321092402e-09 -2.3278164215e-11 -3.4172000927e-10 -3.3035223537e-09 -6.3590437661e-11
d  4.2181496521e-03 2.9527046088e+00 -2.0000000000e-01 1.5185593213e-02 3.0000000000e+02 -5.9074730039e-09 6.4529699018e-10 5.0618631187e-09 5.9074734654e-09 -5.5842973972e-11 -6.4529678594e-10 -5.0618654970e-09 -1.4446923321e-10
d  4.2181511396e-03 2.9527056501e+00 -2.0000000000e-01 2.1589511332e-02 3.0000000000e+02 -8.6867343108e-09 1.1009216309e-09 7.1965035168e-09 8.6867342201e-09 -1.1083967575e-10 -1.1009215450e-09 -7.1965041009e-09 -2.7846918283e-10
d  4.2181529247e-03 2.9527068996e+00 -2.0000000000e-01 4.3818625953e-02 3.0000000000e+02 -1.8899744272e-08 3.0367200865e-09 1.4606207973e-08 1.8899751580e-08 -3.6554810484e-10 -3.0367203467e-09 -1.4606216082e-08 -8.9126694453e-10
d  4.2181539957e-03 2.9527076493e+00 -2.0000000000e-01 8.8880416907e-02 3.0000000000e+02 -4.1946513375e-08 8.4182587368e-09 2.9626805563e-08 4.1946512522e-08 -1.1494764563e-09 -8.4182586533e-09 -2.9626805172e-08 -2.7519732910e-09
d  4.2181546383e-03 2.9527080992e+00 -2.0000000000e-01 1.5198654216e-01 3.0000000000e+02 -7.7036779804e-08 1.7687659755e-08 5.0662180547e-08 7.7036776992e-08 -2.5737532832e-09 -1.7687659477e-08 -5.0662178560e-08 -6.1131853793e-09
d  4.2181554094e-03 2.9527086390e+00 -2.0000000000e-01 3.0461924582e-01 3.0000000000e+02 -1.5594024751e-07 3.6106978227e-08 1.0153974838e-07 1.5594024562e-07 -5.4309461194e-09 -3.6106977983e-08 -1.0153974737e-07 -1.2862574035e-08
d  4.2181562686e-03 2.9527092403e+00 -2.0000000000e-01 5.4246375280e-01 3.0000000000e+02 -2.4956362075e-07 4.5706742958e-08 1.8082125081e-07 2.4956361938e-07 -6.8246185563e-09 -4.5706742831e-08 -1.8082125006e-07 -1.6211007927e-08
d  4.2181567735e-03 2.9527095938e+00 -2.0000000000e-01 6.8472664626e-01 3.0000000000e+02 -2.9019827667e-07 4.1440699074e-08 2.2824221534e-07 2.9019827350e-07 -6.0635103834e-09 -4.1440698906e-08 -2.2824221281e-07 -1.4451851378e-08
d  4.2181570614e-03 2.9527097953e+00 -2.0000000000e-01 7.5992431135e-01 3.0000000000e+02 -3.0910790513e-07 3.7432110725e-08 2.5330810376e-07 3.0910790611e-07 -5.4241392798e-09 -3.7432110689e-08 -2.5330810517e-07 -1.2943550872e-08
d  4.2181573498e-03 2.9527099973e+00 -2.0000000000e-01 8.2820559178e-01 3.0000000000e+02 -3.2565537087e-07 3.3339819519e-08 2.7606853058e-07 3.2565537112e-07 -4.7948270091e-09 -3.3339819480e-08 -2.7606853126e-07 -1.1452193472e-08
d  4.2181576960e-03 2.9527102396e+00 -2.0000000000e-01 8.9990205064e-01 3.0000000000e+02 -3.4237348573e-07 2.8575658127e-08 2.9996735020e-07 3.4237348591e-07 -4.0792986919e-09 -2.8575658093e-08 -2.9996735080e-07 -9.7511783258e-09
d  4.2181581114e-03 2.9527105304e+00 -2.0000000000e-01 9.7183375335e-01 3.0000000000e+02 -3.5845100799e-07 2.3303165003e-08 3.2394458444e-07 3.5845100811e-07 -3.3028409056e-09 -2.3303164972e-08 -3.2394458499e-07 -7.9004172545e-09
d  4.2181586100e-03 2.9527108793e+00 -2.0000000000e-01 1.0403249052e+00 3.0000000000e+02 -3.7320486656e-07 1.7885290634e-08 3.4677496840e-07 3.7320486674e-07 -2.5182400470e-09 -1.7885290603e-08 -3.4677496903e-07 -6.0263670778e-09
d  4.2181592082e-03 2.9527112981e+00 -2.0000000000e-01 1.1016707684e+00 3.0000000000e+02 -3.8603260732e-07 1.2750704498e-08 3.6722358945e-07 3.8603260775e-07 -1.7853236873e-09 -1.2750704461e-08 -3.6722359034e-07 -4.2729892746e-09
d  4.2181599260e-03 2.9527118006e+00 -2.0000000000e-01 1.1527843294e+00 3.0000000000e+02 -3.9648553095e-07 8.2983253005e-09 3.8426144314e-07 3.9648553096e-07 -1.1571941551e-09 -8.2983252731e-09 -3.8426144359e-07 -2.7685679578e-09
d  4.2181607874e-03 2.9527124036e+00 -2.0000000000e-01 1.1918269476e+00 3.0000000000e+02 -4.0434542590e-07 4.8037954857e-09 3.9727564918e-07 4.0434542640e-07 -6.6858975473e-10 -4.8037954477e-09 -3.9727565016e-07 -1.5973910411e-09
d  4.2181618211e-03 2.9527131271e+00 -2.0000000000e-01 1.2186094413e+00 3.0000000000e+02 -4.0968093034e-07 2.3638676993e-09 4.0620314706e-07 4.0968093051e-07 -3.2957028687e-10 -2.3638676697e-09 -4.0620314768e-07 -7.8434488011e-10
d  4.2181630616e-03 2.9527139955e+00 -2.0000000000e-01 1.2345910593e+00 3.0000000000e+02 -4.1284510939e-07 8.9286437481e-10 4.1153035307e-07 4.1284511009e-07 -1.2597292327e-10 -8.9286433682e-10 -4.1153035425e-07 -2.9591857694e-10
d  4.2181645501e-03 2.9527150374e+00 -2.0000000000e-01 1.2424126471e+00 3.0000000000e+02 -4.1438839912e-07 1.6889123098e-10 4.1413754899e-07 4.1438839980e-07 -2.5974563240e-11 -1.6889119630e-10 -4.1413755015e-07 -5.5983892628e-11
d  4.2181663363e-03 2.9527162878e+00 -2.0000000000e-01 1.2451154675e+00 3.0000000000e+02 -4.1492107739e-07 -8.1779971992e-11 4.1503848888e-07 4.1492108409e-07 8.6153738732e-12 8.1780077018e-11 -4.1503849643e-07 2.7016886947e-11
d  4.2181684798e-03 2.9527177882e+00 -2.0000000000e-01 1.2453432594e+00 3.0000000000e+02 -4.1496655254e-07 -1.0254685314e-10 4.1511441926e-07 4.1496656585e-07 1.1465452214e-11 1.0254700239e-10 -4.1511443376e-07 3.3855413073e-11
d  4.2181710520e-03 2.9527195887e+00 -2.0000000000e-01 1.2448448200e+00 3.0000000000e+02 -4.1486922823e-07 -5.5747172264e-11 4.1494827474e-07 4.1486919130e-07 4.9881943331e-12 5.5746924928e-11 -4.1494823639e-07 1.8309908029e-11
d  4.2181741386e-03 2.9527217494e+00 -2.0000000000e-01 1.2444275531e+00 3.0000000000e+02 -4.1478776771e-07 -1.6554687643e-11 4.1480918578e-07 4.1478772865e-07 -4.3308088300e-13 1.6554491722e-11 -4.1480914537e-07 5.2954966948e-12
d  4.2181778425e-03 2.9527243421e+00 -2.0000000000e-01 1.2442561138e+00 3.0000000000e+02 -4.1475451781e-07 -3.0146885969e-13 4.1475203862e-07 4.1475449757e-07 -2.6789712422e-12 3.0140431541e-13 -4.1475201798e-07 -1.0192965762e-13
d  4.2181822872e-03 2.9527274534e+00 -2.0000000000e-01 1.2442338230e+00 3.0000000000e+02 -4.1475055022e-07 2.0564196166e-12 4.1474461088e-07 4.1475044932e-07 -3.0009882354e-12 -2.0567233054e-12 -4.1474450662e-07 -8.8495696155e-13
d  4.2181876209e-03 2.9527311870e+00 -2.0000000000e-01 1.2442526589e+00 3.0000000000e+02 -4.1475471555e-07 6.2291146925e-13 4.1475088432e-07 4.1475478060e-07 -2.7972351367e-12 -6.2273233686e-13 -4.1475095204e-07 -4.0835886209e-13
d  4.2181940213e-03 2.9527356672e+00 -2.0000000000e-01 1.2442676043e+00 3.0000000000e+02 -4.1475821790e-07 -3.7840501906e-13 4.1475586668e-07 4.1475826780e-07 -2.6524248464e-12 3.7851724126e-13 -4.1475591858e-07 -7.5504120731e-14
d  4.2182017017e-03 2.9527410436e+00 -2.0000000000e-01 1.2442750447e+00 3.0000000000e+02 -4.1476036129e-07 -6.0216103354e-13 4.1475834250e-07 4.1476057489e-07 -2.6139589898e-12 6.0247694847e-13 -4.1475856279e-07 -6.6921956807e-16
d  4.2182109183e-03 2.9527474952e+00 -2.0000000000e-01 1.2442807583e+00 3.0000000000e+02 -4.1476230631e-07 -5.6822880972e-13 4.1476026676e-07 4.1476175412e-07 -2.6100021217e-12 5.6767445048e-13 -4.1475969992e-07 -1.1993931557e-14
d  4.2182219782e-03 2.9527552371e+00 -2.0000000000e-01 1.2442876585e+00 3.0000000000e+02 -4.1476464089e-07 -5.3783613909e-13 4.1476255323e-07 4.1476462416e-07 -2.6034635602e-12 5.3784326432e-13 -4.1476253649e-07 -2.1173010022e-14
d  4.2182352500e-03 2.9527645274e+00 -2.0000000000e-01 1.2442963189e+00 3.0000000000e+02 -4.1476752941e-07 -5.2684700846e-13 4.1476544014e-07 4.1476750708e-07 -2.5923489336e-12 5.2685400383e-13 -4.1476541770e-07 -2.4077094710e-14
d  4.2182511762e-03 2.9527756757e+00 -2.0000000000e-01 1.2443067762e+00 3.0000000000e+02 -4.1477100142e-07 -5.2558861387e-13 4.1476892602e-07 4.1477097271e-07 -2.5775320782e-12 5.2559594307e-13 -4.1476889708e-07 -2.3680357581e-14
d  4.2182702877e-03 2.9527890537e+00 -2.0000000000e-01 1.2443193162e+00 3.0000000000e+02 -4.1477516735e-07 -5.2239682479e-13 4.1477310619e-07 4.1477513001e-07 -2.5601827519e-12 5.2240429561e-13 -4.1477306846e-07 -2.3755543267e-14
d  4.2182932214e-03 2.9528051074e+00 -2.0000000000e-01 1.2443343589e+00 3.0000000000e+02 -4.1478016566e-07 -5.1809575458e-13 4.1477812059e-07 4.1478011757e-07 -2.5397181286e-12 5.1810344252e-13 -4.1477807193e-07 -2.4015793931e-14
d  4.2183207419e-03 2.9528243717e+00 -2.0000000000e-01 1.2443524097e+00 3.0000000000e+02 -4.1478616388e-07 -5.1296212846e-13 4.1478413774e-07 4.1478610255e-07 -2.5155640653e-12 5.1297008778e-13 -4.1478407561e-07 -2.4336874620e-14
d  4.2183537665e-03 2.9528474889e+00 -2.0000000000e-01 1.2443740708e+00 3.0000000000e+02 -4.1479336226e-07 -5.0691139320e-13 4.1479135841e-07 4.1479328463e-07 -2.4871356867e-12 5.0691964447e-13 -4.1479127971e-07 -2.4710866730e-14
d  4.2183933960e-03 2.9528752296e+00 -2.0000000000e-01 1.2444000641e+00 3.0000000000e+02 -4.1480200090e-07 -4.9978235194e-13 4.1480002146e-07 4.1480199634e-07 -2.4537971922e-12 4.9980185034e-13 -4.1480001724e-07 -2.5140788669e-14
d  4.2184409514e-03 2.9529085184e+00 -2.0000000000e-01 1.2444312572e+00 3.0000000000e+02 -4.1481236857e-07 -4.9146694030e-13 4.1481041918e-07 4.1481236298e-07 -2.4148819336e-12 4.9148645444e-13 -4.1481041391e-07 -2.5665213853e-14
d  4.2184980180e-03 2.9529484649e+00 -2.0000000000e-01 1.2444686880e+00 3.0000000000e+02 -4.1482481062e-07 -4.8173078099e-13 4.1482289613e-07 4.1482480386e-07 -2.3696728573e-12 4.8175031564e-13 -4.1482288967e-07 -2.6262126729e-14
d  4.2185664978e-03 2.9529964008e+00 -2.0000000000e-01 1.2445136053e+00 3.0000000000e+02 -4.1483974286e-07 -4.7041020564e-13 4.1483786857e-07 4.1483973483e-07 -2.3174694801e-12 4.7042976572e-13 -4.1483786083e-07 -2.6961784946e-14
d  4.2186486735e-03 2.9530539238e+00 -2.0000000000e-01 1.2445675064e+00 3.0000000000e+02 -4.1485766389e-07 -4.5732990227e-13 4.1485583560e-07 4.1485765460e-07 -2.2575987969e-12 4.5734949613e-13 -4.1485582658e-07 -2.7769864855e-14
d  4.2187472844e-03 2.9531229515e+00 -2.0000000000e-01 1.2446321880e+00 3.0000000000e+02 -4.1487917225e-07 -4.4231371422e-13 4.1487739616e-07 4.1487916205e-07 -2.1894758070e-12 4.4233335702e-13 -4.1487738621e-07 -2.8698016901e-14
d  4.2188656175e-03 2.9532057846e+00 -2.0000000000e-01 1.2447098065e+00 3.0000000000e+02 -4.1490498644e-07 -4.2520673437e-13 4.1490326899e-07 4.1490497660e-07 -2.1126618043e-12 4.2522645794e-13 -4.1490325941e-07 -2.9756017291e-14
d  4.2190076173e-03 2.9533051844e+00 -2.0000000000e-01 1.2448029495e+00 3.0000000000e+02 -4.1493596888e-07 -4.0588751896e-13 4.1493431661e-07 4.1493596126e-07 -2.0269346680e-12 4.0590734770e-13 -4.1493430929e-07 -3.0951674346e-14
d  4.2191780169e-03 2.9534244642e+00 -2.0000000000e-01 1.2449147222e+00 3.0000000000e+02 -4.1497315481e-07 -3.8431442624e-13 4.1497157423e-07 4.1497314418e-07 -1.9323614665e-12 3.8433423070e-13 -4.1497156385e-07 -3.2288035477e-14
d  4.2193824965e-03 2.9535675999e+00 -2.0000000000e-01 1.2450488510e+00 3.0000000000e+02 -4.1501778677e-07 -3.6041100818e-13 4.1501628390e-07 4.1501777160e-07 -1.8293712671e-12 3.6043077941e-13 -4.1501626891e-07 -3.3770049171e-14
d  4.2196278721e-03 2.9537393628e+00 -2.0000000000e-01 1.2452098077e+00 3.0000000000e+02 -4.1507135613e-07 -3.3434587255e-13 4.1506993624e-07 4.1507133558e-07 -1.7187961453e-12 3.3436561837e-13 -4.1506991577e-07 -3.5387839764e-14
d  4.2199223227e-03 2.9539454782e+00 -2.0000000000e-01 1.2454029590e+00 3.0000000000e+02 -4.1513565280e-07 -3.0626188440e-13 4.1513432010e-07 4.1513562554e-07 -1.6019034874e-12 3.0628160765e-13 -4.1513429282e-07 -3.7133163114e-14
d  4.2202756635e-03 2.9541928167e+00 -2.0000000000e-01 1.2456347448e+00 3.0000000000e+02 -4.1521282484e-07 -2.7647774037e-13 4.1521158216e-07 4.1521278974e-07 -1.4803673602e-12 2.7649744742e-13 -4.1521154692e-07 -3.8986771382e-14
d  4.2206996724e-03 2.9544896229e+00 -2.0000000000e-01 1.2459128936e+00 3.0000000000e+02 -4.1530544997e-07 -2.4539033217e-13 4.1530429793e-07 4.1530544542e-07 -1.3562032354e-12 2.4541030273e-13 -4.1530429373e-07 -4.0924289940e-14
d  4.2212084830e-03 2.9548457904e+00 -2.0000000000e-01 1.2462466807e+00 3.0000000000e+02 -4.1541662170e-07 -2.1351497550e-13 4.1541556033e-07 4.1541661626e-07 -1.2316514940e-12 2.1353494617e-13 -4.1541555522e-07 -4.2915305784e-14
d  4.2218190559e-03 2.9552731913e+00 -2.0000000000e-01 1.2466472368e+00 3.0000000000e+02 -4.1555005197e-07 -1.8132670180e-13 4.1554907904e-07 4.1555004537e-07 -1.1090295583e-12 1.8134667219e-13 -4.1554907276e-07 -4.4929603480e-14
d  4.2225517433e-03 2.9557860725e+00 -2.0000000000e-01 1.2471279202e+00 3.0000000000e+02 -4.1571019517e-07 -1.4946303407e-13 4.1570930687e-07 4.1571018718e-07 -9.9055796538e-13 1.4948300423e-13 -4.1570929917e-07 -4.6928290139e-14
d  4.2234309681e-03 2.9564015299e+00 -2.0000000000e-01 1.2477047627e+00 3.0000000000e+02 -4.1590239656e-07 -1.1848464307e-13 4.1590158771e-07 4.1590238688e-07 -8.7821010919e-13 1.1850461300e-13 -4.1590157830e-07 -4.8876416939e-14
d  4.2244860380e-03 2.9571400787e+00 -2.0000000000e-01 1.2483970047e+00 3.0000000000e+02 -4.1613307071e-07 -8.8909884450e-14 4.1613233507e-07 4.1613305899e-07 -7.7358342083e-13 8.8929854166e-14 -4.1613232360e-07 -5.0741508362e-14
d  4.2257521218e-03 2.9580263373e+00 -2.0000000000e-01 1.2492277385e+00 3.0000000000e+02 -4.1640991570e-07 -6.1172150641e-14 4.1640924637e-07 4.1640990149e-07 -6.7782162478e-13 6.1192120094e-14 -4.1640923236e-07 -5.2496133492e-14
d  4.2272714223e-03 2.9590898477e+00 -2.0000000000e-01 1.2502246797e+00 3.0000000000e+02 -4.1674217042e-07 -3.5597458893e-14 4.1674156018e-07 4.1674215313e-07 -5.9159083478e-13 3.5617427978e-14 -4.1674154304e-07 -5.4119349714e-14
d  4.2290945830e-03 2.9603660601e+00 -2.0000000000e-01 1.2514210946e+00 3.0000000000e+02 -4.1714092358e-07 -1.2394476100e-14 4.1714036520e-07 4.1714090242e-07 -5.1510576251e-13 1.2414444642e-14 -4.1714034413e-07 -5.5597391709e-14
d  4.2312823758e-03 2.9618975150e+00 -2.0000000000e-01 1.2528569128e+00 3.0000000000e+02 -4.1761948480e-07 8.3431566018e-15 4.1761897101e-07 4.1761948047e-07 -4.4819392829e-13 -8.3231616472e-15 -4.1761896703e-07 -5.6923566077e-14
d  4.2339077272e-03 2.9637352609e+00 -2.0000000000e-01 1.2545800657e+00 3.0000000000e+02 -4.1819383074e-07 2.6615566107e-14 4.1819335532e-07 4.1819382528e-07 -3.9038228476e-13 -2.6595571464e-14 -4.1819335020e-07 -5.8097179374e-14
d  4.2370581489e-03 2.9659405559e+00 -2.0000000000e-01 1.2566480920e+00 3.0000000000e+02 -4.1888314037e-07 4.2527329077e-14 4.1888269743e-07 4.1888313313e-07 -3.4099143842e-13 -4.2507335043e-14 -4.1888269051e-07 -5.9123930315e-14
d  4.2408386549e-03 2.9685869100e+00 -2.0000000000e-01 1.2591300690e+00 3.0000000000e+02 -4.1971043887e-07 5.6222758224e-14 4.1971002317e-07 4.1971042840e-07 -2.9922209176e-13 -5.6202765477e-14 -4.1971001296e-07 -6.0012258993e-14
d  4.2453752621e-03 2.9717625349e+00 -2.0000000000e-01 1.2621089381e+00 3.0000000000e+02 -4.2070337268e-07 6.7893752512e-14 4.2070297944e-07 4.2070336838e-07 -2.6423057628e-13 -6.7873754878e-14 -4.2070297550e-07 -6.0773724110e-14
d  4.2508191907e-03 2.9755732847e+00 -2.0000000000e-01 1.2656842942e+00 3.0000000000e+02 -4.2189513949e-07 7.7749095400e-14 4.2189476486e-07 4.2189513069e-07 -2.3518581441e-13 -7.7729099565e-14 -4.2189475635e-07 -6.1421058603e-14
d  4.2573519051e-03 2.9801461845e+00 -2.0000000000e-01 1.2699757244e+00 3.0000000000e+02 -4.2332560117e-07 8.6001516404e-14 4.2332524142e-07 4.2332560493e-07 -2.1130983966e-13 -8.5981514758e-14 -4.2332524567e-07 -6.1967154506e-14
d  4.2651911623e-03 2.9856336643e+00 -2.0000000000e-01 1.2751268887e+00 3.0000000000e+02 -4.2504264383e-07 9.2855823893e-14 4.2504229607e-07 4.2504265459e-07 -1.9190387866e-13 -9.2835820181e-14 -4.2504230743e-07 -6.2425125987e-14
d  4.2745982710e-03 2.9922186401e+00 -2.0000000000e-01 1.2813103332e+00 3.0000000000e+02 -4.2710378248e-07 9.8498925482e-14 4.2710344436e-07 4.2710378549e-07 -1.7636186118e-13 -9.8478924564e-14 -4.2710344785e-07 -6.2806379262e-14
d  4.2857140000e-03 2.9999996500e+00 -2.0000000000e-01 1.2886199199e+00 3.0000000000e+02 -4.2954030421e-07 1.0304353093e-13 4.2953997314e-07 4.2954031398e-07 -1.6433366334e-13 -1.0302352859e-13 -4.2953998350e-07 -6.3119017041e-14
d  4.2990528748e-03 3.0093368619e+00 -2.0000000000e-01 1.2973959666e+00 3.0000000000e+02 -4.3246564787e-07 1.0672732551e-13 4.3246532213e-07 4.3246565201e-07 -1.5515997285e-13 -1.0670732465e-13 -4.3246532677e-07 -6.3378482653e-14
d  4.3150595247e-03 3.0205415162e+00 -2.0000000000e-01 1.3079335258e+00 3.0000000000e+02 -4.3597816415e-07 1.0966269241e-13 4.3597784186e-07 4.3597816857e-07 -1.4855303550e-13 -1.0964269166e-13 -4.3597784678e-07 -6.3590469331e-14
d  4.3342675044e-03 3.0339871014e+00 -2.0000000000e-01 1.3205876830e+00 3.0000000000e+02 -4.4019621479e-07 1.1196061871e-13 4.4019589424e-07 4.4019622093e-07 -1.4431065013e-13 -1.1194061787e-13 -4.4019590091e-07 -6.3763973680e-14
d  4.3457922923e-03 3.0420544525e+00 -2.0000000000e-01 1.3281849617e+00 3.0000000000e+02 -4.4272864081e-07 1.1290940751e-13 4.4272832050e-07 4.4272864438e-07 -1.4308915291e-13 -1.1288940671e-13 -4.4272832457e-07 -6.3839682785e-14
d  4.3596220377e-03 3.0517352738e+00 -2.0000000000e-01 1.3373064654e+00 3.0000000000e+02 -4.4576914237e-07 1.1378322913e-13 4.4576882171e-07 4.4576914739e-07 -1.4245898745e-13 -1.1376322809e-13 -4.4576882725e-07 -6.3912749237e-14
d  4.3762177323e-03 3.0633522594e+00 -2.0000000000e-01 1.3482592623e+00 3.0000000000e+02 -4.4942007565e-07 1.1458271629e-13 4.4941975403e-07 4.4942008094e-07 -1.4254444212e-13 -1.1456271539e-13 -4.4941975985e-07 -6.3984166481e-14
d  4.3961325657e-03 3.0772926421e+00 -2.0000000000e-01 1.3614128639e+00 3.0000000000e+02 -4.5380461125e-07 1.1530126935e-13 4.5380428785e-07 4.5380461801e-07 -1.4351526879e-13 -1.1528126842e-13 -4.5380429516e-07 -6.4054133647e-14
d  4.4080814658e-03 3.0856568718e+00 -2.0000000000e-01 1.3693104054e+00 3.0000000000e+02 -4.5643712642e-07 1.1563712090e-13 4.5643680172e-07 4.5643713147e-07 -1.4446810182e-13 -1.1561711980e-13 -4.5643680730e-07 -6.4089713740e-14
d  4.4224201458e-03 3.0956939473e+00 -2.0000000000e-01 1.3787930135e+00 3.0000000000e+02 -4.5959799761e-07 1.1598053386e-13 4.5959767109e-07 4.5959800354e-07 -1.4589232898e-13 -1.1596053265e-13 -4.5959767756e-07 -6.4129377403e-14
d  4.4396265619e-03 3.1077384380e+00 -2.0000000000e-01 1.3901799200e+00 3.0000000000e+02 -4.6339363553e-07 1.1632475382e-13 4.6339330658e-07 4.6339364179e-07 -1.4793248069e-13 -1.1630475277e-13 -4.6339331338e-07 -6.4171228636e-14
d  4.4602742612e-03 3.1221918268e+00 -2.0000000000e-01 1.4038553915e+00 3.0000000000e+02 -4.6795212927e-07 1.1667632126e-13 4.6795179702e-07 4.6795213786e-07 -1.5078934238e-13 -1.1665632008e-13 -4.6795180620e-07 -6.4217575879e-14
d  4.4850515004e-03 3.1395358933e+00 -2.0000000000e-01 1.4202822979e+00 3.0000000000e+02 -4.7342776911e-07 1.1704259941e-13 4.7342743254e-07 4.7342777407e-07 -1.5474264296e-13 -1.1702259883e-13 -4.7342743803e-07 -6.4270086412e-14
d  4.4999178439e-03 3.1499423332e+00 -2.0000000000e-01 1.4301471898e+00 3.0000000000e+02 -4.7671606931e-07 1.1724292415e-13 4.7671572983e-07 4.7671607644e-07 -1.5738217171e-13 -1.1722292287e-13 -4.7671573753e-07 -6.4300908556e-14
d  4.5177574561e-03 3.1624300611e+00 -2.0000000000e-01 1.4419811671e+00 3.0000000000e+02 -4.8066073181e-07 1.1730013395e-13 4.8066038890e-07 4.8066073928e-07 -1.6077481918e-13 -1.1728013270e-13 -4.8066039694e-07 -6.4280851766e-14
d  4.5391649907e-03 3.1774153346e+00 -2.0000000000e-01 1.4561852856e+00 3.0000000000e+02 -4.8539544269e-07 1.1751898114e-13 4.8539509514e-07 4.8539544589e-07 -1.6523102711e-13 -1.1749898067e-13 -4.8539509885e-07 -6.4308894725e-14
d  4.5648540323e-03 3.1953976628e+00 -2.0000000000e-01 1.4732386147e+00 3.0000000000e+02 -4.9107989192e-07 1.1777045976e-13 4.9107953812e-07 4.9107989855e-07 -1.7113495599e-13 -1.1775045899e-13 -4.9107954532e-07 -6.4341260001e-14
d  4.5956808822e-03 3.2169764567e+00 -2.0000000000e-01 1.4937144526e+00 3.0000000000e+02 -4.9790517952e-07 1.1805169938e-13 4.9790481742e-07 4.9790518769e-07 -1.7909403878e-13 -1.1803169860e-13 -4.9790482618e-07 -6.4375165016e-14
d  4.6141769921e-03 3.2299237330e+00 -2.0000000000e-01 1.5060060147e+00 3.0000000000e+02 -5.0200237234e-07 1.1821770528e-13 5.0200200476e-07 5.0200238134e-07 -1.8438064649e-13 -1.1819770394e-13 -5.0200201437e-07 -6.4394983423e-14
d  4.6363723240e-03 3.2454604645e+00 -2.0000000000e-01 1.5207779286e+00 3.0000000000e+02 -5.0692635104e-07 1.1859119963e-13 5.0692597614e-07 5.0692635526e-07 -1.9131945963e-13 -1.1857119902e-13 -5.0692598090e-07 -6.4476230776e-14
d  4.6630067223e-03 3.2641045424e+00 -2.0000000000e-01 1.5385151806e+00 3.0000000000e+02 -5.1283877780e-07 1.1878971758e-13 5.1283839350e-07 5.1283878056e-07 -2.0051731553e-13 -1.1876971723e-13 -5.1283839678e-07 -6.4491730566e-14
d  4.6949680003e-03 3.2864774359e+00 -2.0000000000e-01 1.5598069433e+00 3.0000000000e+02 -5.1993604480e-07 1.1903156852e-13 5.1993564770e-07 5.1993604811e-07 -2.1304286633e-13 -1.1901156817e-13 -5.1993565155e-07 -6.4510744391e-14
d  4.7333215338e-03 3.3133249080e+00 -2.0000000000e-01 1.5853672019e+00 3.0000000000e+02 -5.2845614895e-07 1.1934914502e-13 5.2845573390e-07 5.2845615251e-07 -2.3063334002e-13 -1.1932914471e-13 -5.2845573801e-07 -6.4541407812e-14
d  4.7793457741e-03 3.3455418746e+00 -2.0000000000e-01 1.6160548767e+00 3.0000000000e+02 -5.3868540001e-07 1.1973822188e-13 5.3868495882e-07 5.3868540494e-07 -2.5631977233e-13 -1.1971822153e-13 -5.3868496432e-07 -6.4579751712e-14
d  4.8345748624e-03 3.3842022345e+00 -2.0000000000e-01 1.6529020530e+00 3.0000000000e+02 -5.5096783202e-07 1.2020095415e-13 5.5096735090e-07 5.5096783769e-07 -2.9571742099e-13 -1.2018095381e-13 -5.5096735716e-07 -6.4624859833e-14
d  4.9008497684e-03 3.4305946663e+00 -2.0000000000e-01 1.6971503829e+00 3.0000000000e+02 -5.6571734012e-07 1.2073746634e-13 5.6571679418e-07 5.6571734790e-07 -3.5991707237e-13 -1.2071746595e-13 -5.6571680259e-07 -6.4677742174e-14
d  4.9803796555e-03 3.4862655846e+00 -2.0000000000e-01 1.7502938077e+00 3.0000000000e+02 -5.8343192855e-07 1.2133914655e-13 5.8343126918e-07 5.8343193349e-07 -4.7272459077e-13 -1.2131914633e-13 -5.8343127470e-07 -6.4737945997e-14
d  5.0000000000e-03 3.4999998250e+00 -2.0000000000e-01 1.7634117929e+00 3.0000000000e+02 -5.8780462650e-07 1.2147446209e-13 5.8780393088e-07 5.8780463163e-07 -5.0881953357e-13 -1.2145446135e-13 -5.8780393660e-07 -6.4750987812e-14
d  5.0235444134e-03 3.5164809135e+00 -2.0000000000e-01 1.7791570689e+00 3.0000000000e+02 -5.9305310076e-07 1.2163474734e-13 5.9305235622e-07 5.9305310715e-07 -5.5753985272e-13 -1.2161474635e-13 -5.9305236323e-07 -6.4766925939e-14
d  5.0517977094e-03 3.5362582198e+00 -2.0000000000e-01 1.7980567930e+00 3.0000000000e+02 -5.9935307636e-07 1.2182018147e-13 5.9935226427e-07 5.9935308168e-07 -6.2489334788e-13 -1.2180018078e-13 -5.9935227020e-07 -6.4785853662e-14
d  5.0857016647e-03 3.5599909873e+00 -2.0000000000e-01 1.8207444299e+00 3.0000000000e+02 -6.0691571811e-07 1.2203414619e-13 6.0691480988e-07 6.0691572501e-07 -7.2077688457e-13 -1.2201414545e-13 -6.0691481741e-07 -6.4808284419e-14
d  5.1263864110e-03 3.5884703083e+00 -2.0000000000e-01 1.8479798722e+00 3.0000000000e+02 -6.1599434056e-07 1.2226905783e-13 6.1599329070e-07 6.1599434320e-07 -8.6219075829e-13 -1.2224905757e-13 -6.1599329393e-07 -6.4831725055e-14
d  5.1752081065e-03 3.6226454934e+00 -2.0000000000e-01 1.8806768347e+00 3.0000000000e+02 -6.2689354688e-07 1.2255627289e-13 6.2689227818e-07 6.2689354982e-07 -1.0807071454e-12 -1.2253627266e-13 -6.2689228171e-07 -6.4860291852e-14
d  5.2337941412e-03 3.6636557157e+00 -2.0000000000e-01 1.9199340457e+00 3.0000000000e+02 -6.3997964306e-07 1.2292246613e-13 6.3997801519e-07 6.3997964654e-07 -1.4394550941e-12 -1.2290246590e-13 -6.3997801929e-07 -6.4896068761e-14
d  5.3040973828e-03 3.7128679823e+00 -2.0000000000e-01 1.9670814438e+00 3.0000000000e+02 -6.5569608364e-07 1.2346851367e-13 6.5569381456e-07 6.5569608746e-07 -2.0800535423e-12 -1.2344851345e-13 -6.5569381900e-07 -6.4953414407e-14
d  5.3884612728e-03 3.7719227023e+00 -2.0000000000e-01 2.0237571803e+00 3.0000000000e+02 -6.7458928857e-07 1.2441706355e-13 6.7458572673e-07 6.7458929210e-07 -3.3717371552e-12 -1.2439706338e-13 -6.7458573090e-07 -6.5070017122e-14
d  5.4896979407e-03 3.8427883663e+00 -2.0000000000e-01 2.0917759188e+00 3.0000000000e+02 -6.9726538776e-07 1.2574700930e-13 6.9725863955e-07 6.9726539036e-07 -6.5567223152e-12 -1.2572700919e-13 -6.9725864278e-07 -6.5124303086e-14
d  5.6111819422e-03 3.9278271631e+00 -2.0000000000e-01 2.1734362043e+00 3.0000000000e+02 -7.2449999299e-07 1.3170787327e-13 7.2447873476e-07 7.2449999378e-07 -2.1060411922e-11 -1.3168787322e-13 -7.2447873618e-07 -6.5498934674e-14
d  5.6240699494e-03 3.9368487677e+00 -2.0000000000e-01 2.1820986073e+00 3.0000000000e+02 -7.2739251917e-07 1.4021253551e-13 7.2736620244e-07 7.2739251896e-07 -2.6109921183e-11 -1.4019253547e-13 -7.2736620284e-07 -6.6005134135e-14
d  5.6318027537e-03 3.9422617305e+00 -2.0000000000e-01 2.1872958156e+00 3.0000000000e+02 -7.2912999700e-07 1.5125229029e-13 7.2909860518e-07 7.2912999661e-07 -3.1173296745e-11 -1.5123229029e-13 -7.2909860540e-07 -6.6675575762e-14
d  5.6364424363e-03 3.9455095082e+00 -2.0000000000e-01 2.1904140370e+00 3.0000000000e+02 -7.3017444564e-07 1.6584820035e-13 7.3013801234e-07 7.3017444518e-07 -3.6199297998e-11 -1.6582820041e-13 -7.3013801249e-07 -6.7562987648e-14
d  5.6392262459e-03 3.9474581748e+00 -2.0000000000e-01 2.1922849147e+00 3.0000000000e+02 -7.3080283951e-07 1.8419194354e-13 7.3076163825e-07 7.3080283822e-07 -4.0947816733e-11 -1.8417194481e-13 -7.3076163755e-07 -6.8677497632e-14
d  5.6425668174e-03 3.9497965747e+00 -2.0000000000e-01 2.1945298119e+00 3.0000000000e+02 -7.3156376588e-07 2.5527815285e-13 7.3150993729e-07 7.3156376558e-07 -5.3499721593e-11 -2.5525815268e-13 -7.3150993761e-07 -7.2995830562e-14
d  5.6435689888e-03 3.9504980947e+00 -2.0000000000e-01 2.1952031994e+00 3.0000000000e+02 -7.3179578688e-07 3.1571573104e-13 7.3173439982e-07 7.3179578446e-07 -6.0994133778e-11 -3.1569573808e-13 -7.3173439799e-07 -7.6652978137e-14
d  5.6447715946e-03 3.9513399186e+00 -2.0000000000e-01 2.1960110106e+00 3.0000000000e+02 -7.3208598631e-07 5.4247470150e-13 7.3200367019e-07 7.3208598605e-07 -8.1682684953e-11 -5.4245470089e-13 -7.3200367055e-07 -9.0371428104e-14
d  5.6451323763e-03 3.9515924658e+00 -2.0000000000e-01 2.1962532161e+00 3.0000000000e+02 -7.3217929987e-07 7.1412394954e-13 7.3208440535e-07 7.3217929919e-07 -9.4079103713e-11 -7.1410395218e-13 -7.3208440529e-07 -1.0070577213e-13
d  5.6455653143e-03 3.9518955224e+00 -2.0000000000e-01 2.1965435094e+00 3.0000000000e+02 -7.3230708005e-07 1.2236038813e-12 7.3218116978e-07 7.3230708016e-07 -1.2455469661e-10 -1.2235838758e-12 -7.3218117052e-07 -1.3136868694e-13
d  5.6458250772e-03 3.9520773564e+00 -2.0000000000e-01 2.1967169839e+00 3.0000000000e+02 -7.3241441156e-07 2.2203641070e-12 7.3223899462e-07 7.3241441246e-07 -1.7300482954e-10 -2.2203440852e-12 -7.3223899615e-07 -1.9113892870e-13
d  5.6459809349e-03 3.9521864568e+00 -2.0000000000e-01 2.1968198187e+00 3.0000000000e+02 -7.3253198184e-07 4.2253055713e-12 7.3227327287e-07 7.3253198362e-07 -2.5417226373e-10 -4.2252855088e-12 -7.3227327529e-07 -3.1079697410e-13
d  5.6460744495e-03 3.9522519170e+00 -2.0000000000e-01 2.1968788912e+00 3.0000000000e+02 -7.3271115699e-07 8.6711692594e-12 7.3229296365e-07 7.3271116259e-07 -4.0894694758e-10 -8.6711489566e-12 -7.3229296994e-07 -5.7457108377e-13
d  5.6461305583e-03 3.9522911932e+00 -2.0000000000e-01 2.1969049132e+00 3.0000000000e+02 -7.3319163140e-07 2.3432418676e-11 7.3230163764e-07 7.3319163855e-07 -8.6511869071e-10 -2.3432397741e-11 -7.3230164552e-07 -1.4420156189e-12
d  5.6461473909e-03 3.9523029760e+00 -2.0000000000e-01 2.1969040557e+00 3.0000000000e+02 -7.3364200167e-07 3.8134605615e-11 7.3230135157e-07 7.3364202638e-07 -1.3002319886e-09 -3.8134579093e-11 -7.3230137727e-07 -2.2831565627e-12
d  5.6461574905e-03 3.9523100457e+00 -2.0000000000e-01 2.1968938860e+00 3.0000000000e+02 -7.3422860685e-07 5.7781516245e-11 7.3229796023e-07 7.3422872331e-07 -1.8694765161e-09 -5.7781431849e-11 -7.3229807929e-07 -3.3859702335e-12
d  5.6461635502e-03 3.9523142875e+00 -2.0000000000e-01 2.1968762774e+00 3.0000000000e+02 -7.3492602222e-07 8.1419708679e-11 7.3229209164e-07 7.3492607073e-07 -2.5478357699e-09 -8.1419635707e-11 -7.3229214174e-07 -4.6739225042e-12
d  5.6461708219e-03 3.9523193777e+00 -2.0000000000e-01 2.1967927490e+00 3.0000000000e+02 -7.3752333325e-07 1.7082043995e-10 7.3226424701e-07 7.3752349412e-07 -5.0789015408e-09 -1.7082024068e-10 -7.3226441218e-07 -9.3600983214e-12
d  5.6461730034e-03 3.9523209048e+00 -2.0000000000e-01 2.1967081300e+00 3.0000000000e+02 -7.3958513899e-07 2.3925850860e-10 7.3223604166e-07 7.3958521750e-07 -7.0977562419e-09 -2.3925817931e-10 -7.3223612332e-07 -1.2081207282e-11
d  5.6461756212e-03 3.9523227373e+00 -2.0000000000e-01 2.1963385989e+00 3.0000000000e+02 -7.4744626458e-07 4.9828581684e-10 7.3211286605e-07 7.4744627674e-07 -1.4814575675e-08 -4.9828573945e-10 -7.3211287940e-07 -2.0535612552e-11
d  5.6461764066e-03 3.9523232870e+00 -2.0000000000e-01 2.1959692951e+00 3.0000000000e+02 -7.5382828151e-07 6.7628578792e-10 7.3198976476e-07 7.5382829100e-07 -2.1146498053e-08 -6.7628561477e-10 -7.3198977555e-07 -1.5731872225e-11
d  5.6461773490e-03 3.9523239467e+00 -2.0000000000e-01 2.1942856590e+00 3.0000000000e+02 -7.7958123922e-07 1.3276893851e-09 7.3142855255e-07 7.7958125576e-07 -4.6856151966e-08 -1.3276890655e-09 -7.3142857185e-07 3.1157072240e-11
d  5.6461776317e-03 3.9523241446e+00 -2.0000000000e-01 2.1926853905e+00 3.0000000000e+02 -8.0122710754e-07 1.5440328701e-09 7.3089513010e-07 8.0122710883e-07 -6.8980873237e-08 -1.5440327641e-09 -7.3089513230e-07 1.9292906197e-10
d  5.6461779710e-03 3.9523243821e+00 -2.0000000000e-01 2.1851501047e+00 3.0000000000e+02 -8.9885582503e-07 1.6763043927e-09 7.2838336824e-07 8.9885582481e-07 -1.7004237953e-07 -1.6763043630e-09 -7.2838336871e-07 1.2462279240e-09
d  5.6461780728e-03 3.9523244533e+00 -2.0000000000e-01 2.1785604606e+00 3.0000000000e+02 -9.8499482482e-07 -1.2454381318e-09 7.2618682019e-07 9.8499482453e-07 -2.6332642868e-07 1.2454381664e-09 -7.2618682057e-07 3.2729865477e-09
d  5.6461781949e-03 3.9523245388e+00 -2.0000000000e-01 2.1520638306e+00 3.0000000000e+02 -1.3759480045e-06 -1.9391234960e-08 7.1735461020e-07 1.3759480042e-06 -6.9196609808e-07 1.9391234990e-08 -7.1735461060e-07 1.3981469487e-08
d  5.6461782316e-03 3.9523245645e+00 -2.0000000000e-01 2.1342494329e+00 3.0000000000e+02 -1.6859352268e-06 -4.5877037549e-08 7.1141647764e-07 1.6859352264e-06 -1.0465337783e-06 4.5877037581e-08 -7.1141647795e-07 2.6137992265e-08
d  5.6461782535e-03 3.9523245799e+00 -2.0000000000e-01 2.1186733490e+00 3.0000000000e+02 -1.9894148953e-06 -7.3265968570e-08 7.0622444968e-07 1.9894148950e-06 -1.3945889069e-06 7.3265968598e-08 -7.0622444994e-07 3.8132493242e-08
d  5.6461782799e-03 3.9523245983e+00 -2.0000000000e-01 2.0909907502e+00 3.0000000000e+02 -2.6107555766e-06 -1.2354662585e-07 6.9699691673e-07 2.6107555762e-06 -2.0972965349e-06 1.2354662588e-07 -6.9699691702e-07 5.9991249792e-08
d  5.6461782878e-03 3.9523246039e+00 -2.0000000000e-01 2.0803642159e+00 3.0000000000e+02 -2.8767886011e-06 -1.4539759153e-07 6.9345473864e-07 2.8767886007e-06 -2.3974630344e-06 1.4539759156e-07 -6.9345473889e-07 6.8731580962e-08
d  5.6461782926e-03 3.9523246072e+00 -2.0000000000e-01 2.0733518255e+00 3.0000000000e+02 -3.0611795966e-06 -1.5977311626e-07 6.9111727517e-07 3.0611795962e-06 -2.6043771479e-06 1.5977311629e-07 -6.9111727542e-07 7.4541710674e-08
d  5.6461782983e-03 3.9523246112e+00 -2.0000000000e-01 2.0641938901e+00 3.0000000000e+02 -3.3131356538e-06 -1.7813758500e-07 6.8806463003e-07 3.3131356534e-06 -2.8852743739e-06 1.7813758503e-07 -6.8806463027e-07 8.2065765779e-08
d  5.6461783017e-03 3.9523246136e+00 -2.0000000000e-01 2.0582837192e+00 3.0000000000e+02 -3.4823945749e-06 -1.8992322817e-07 6.8609457308e-07 3.4823945745e-06 -3.0730684920e-06 1.8992322820e-07 -6.8609457332e-07 8.6845262468e-08
d  5.6461783058e-03 3.9523246164e+00 -2.0000000000e-01 2.0507503418e+00 3.0000000000e+02 -3.7059866750e-06 -2.0476378690e-07 6.8358344726e-07 3.7059866746e-06 -3.3200239478e-06 2.0476378693e-07 -6.8358344750e-07 9.2856933720e-08
d  5.6461783083e-03 3.9523246182e+00 -2.0000000000e-01 2.0459911226e+00 3.0000000000e+02 -3.8518107415e-06 -2.1407044616e-07 6.8199704085e-07 3.8518107411e-06 -3.4804815466e-06 2.1407044620e-07 -6.8199704108e-07 9.6597400146e-08
d  5.6461783112e-03 3.9523246202e+00 -2.0000000000e-01 2.0400332822e+00 3.0000000000e+02 -4.0395070830e-06 -2.2558241260e-07 6.8001109408e-07 4.0395070827e-06 -3.6863016704e-06 2.2558241263e-07 -6.8001109431e-07 1.0122326935e-07
d  5.6461783148e-03 3.9523246227e+00 -2.0000000000e-01 2.0325158098e+00 3.0000000000e+02 -4.2847001855e-06 -2.3989275509e-07 6.7750526994e-07 4.2847001851e-06 -3.9540496510e-06 2.3989275512e-07 -6.7750527017e-07 1.0696198085e-07
d  5.6461783169e-03 3.9523246242e+00 -2.0000000000e-01 2.0278087246e+00 3.0000000000e+02 -4.4429880482e-06 -2.4875754164e-07 6.7593624153e-07 4.4429880478e-06 -4.1262958521e-06 2.4875754167e-07 -6.7593624176e-07 1.1048650423e-07
d  5.6461783194e-03 3.9523246260e+00 -2.0000000000e-01 2.0219607797e+00 3.0000000000e+02 -4.6449157362e-06 -2.5959067327e-07 6.7398692657e-07 4.6449157358e-06 -4.3453138558e-06 2.5959067330e-07 -6.7398692680e-07 1.1479437349e-07
d  5.6461783210e-03 3.9523246271e+00 -2.0000000000e-01 2.0183463394e+00 3.0000000000e+02 -4.7726637789e-06 -2.6620044705e-07 6.7278211314e-07 4.7726637785e-06 -4.4834933309e-06 2.6620044708e-07 -6.7278211337e-07 1.1741121878e-07
d  5.6461783228e-03 3.9523246284e+00 -2.0000000000e-01 2.0139029799e+00 3.0000000000e+02 -4.9328707364e-06 -2.7420471645e-07 6.7130099331e-07 4.9328707360e-06 -4.6563557044e-06 2.7420471648e-07 -6.7130099353e-07 1.2058124532e-07
d  5.6461783250e-03 3.9523246299e+00 -2.0000000000e-01 2.0084167092e+00 3.0000000000e+02 -5.1355930592e-06 -2.8390284474e-07 6.6947223639e-07 5.1355930588e-06 -4.8744438272e-06 2.8390284477e-07 -6.6947223662e-07 1.2442016017e-07
d  5.6461783263e-03 3.9523246308e+00 -2.0000000000e-01 2.0050438577e+00 3.0000000000e+02 -5.2629269907e-06 -2.8977415308e-07 6.6834795256e-07 5.2629269903e-06 -5.0110861064e-06 2.8977415311e-07 -6.6834795278e-07 1.2673291595e-07
d  5.6461783279e-03 3.9523246319e+00 -2.0000000000e-01 2.0009158293e+00 3.0000000000e+02 -5.4216445084e-06 -2.9683604691e-07 6.6697194310e-07 5.4216445080e-06 -5.1810242985e-06 2.9683604693e-07 -6.6697194331e-07 1.2951568699e-07
d  5.6461783298e-03 3.9523246333e+00 -2.0000000000e-01 1.9958459079e+00 3.0000000000e+02 -5.6210010263e-06 -3.0532096773e-07 6.6528196929e-07 5.6210010259e-06 -5.3938991724e-06 3.0532096776e-07 -6.6528196951e-07 1.3285914820e-07
d  5.6461783310e-03 3.9523246341e+00 -2.0000000000e-01 1.9927431496e+00 3.0000000000e+02 -5.7454247883e-06 -3.1041892513e-07 6.6424771654e-07 5.7454247879e-06 -5.5264561184e-06 3.1041892516e-07 -6.6424771676e-07 1.3486012171e-07
d  5.6461783323e-03 3.9523246350e+00 -2.0000000000e-01 1.9889598293e+00 3.0000000000e+02 -5.8996875502e-06 -3.1651449667e-07 6.6298660978e-07 5.8996875498e-06 -5.6904695582e-06 3.1651449669e-07 -6.6298660999e-07 1.3725412160e-07
d  5.6461783340e-03 3.9523246362e+00 -2.0000000000e-01 1.9843339068e+00 3.0000000000e+02 -6.0922106504e-06 -3.2377839789e-07 6.6144463560e-07 6.0922106500e-06 -5.8946533755e-06 3.2377839792e-07 -6.6144463582e-07 1.4010896330e-07
d  5.6461783360e-03 3.9523246376e+00 -2.0000000000e-01 1.9786601869e+00 3.0000000000e+02 -6.3343279190e-06 -3.3241018886e-07 6.5955339563e-07 6.3343279186e-06 -6.1506845995e-06 3.3241018890e-07 -6.5955339586e-07 1.4349988786e-07
d  5.6461783372e-03 3.9523246384e+00 -2.0000000000e-01 1.9751923928e+00 3.0000000000e+02 -6.4855890729e-06 -3.3753971630e-07 6.5839746428e-07 6.4855890725e-06 -6.3102382574e-06 3.3753971632e-07 -6.5839746449e-07 1.4550693269e-07
d  5.6461783386e-03 3.9523246394e+00 -2.0000000000e-01 1.9709690657e+00 3.0000000000e+02 -6.6732695289e-06 -3.4360740702e-07 6.5698968855e-07 6.6732695285e-06 -6.5077717027e-06 3.4360740705e-07 -6.5698968877e-07 1.4788445608e-07
d  5.6461783403e-03 3.9523246406e+00 -2.0000000000e-01 1.9658133718e+00 3.0000000000e+02 -6.9076785564e-06 -3.5074957081e-07 6.5527112394e-07 6.9076785560e-06 -6.7538437053e-06 3.5074957084e-07 -6.5527112416e-07 1.5068670248e-07
d  5.6461783413e-03 3.9523246413e+00 -2.0000000000e-01 1.9626747423e+00 3.0000000000e+02 -7.0532629378e-06 -3.5496015553e-07 6.5422491410e-07 7.0532629375e-06 -6.9063321459e-06 3.5496015556e-07 -6.5422491432e-07 1.5233396727e-07
d  5.6461783425e-03 3.9523246422e+00 -2.0000000000e-01 1.9588646078e+00 3.0000000000e+02 -7.2330088284e-06 -3.5991418009e-07 6.5295486927e-07 7.2330088280e-06 -7.0942434249e-06 3.5991418012e-07 -6.5295486948e-07 1.5427528629e-07
d  5.6461783440e-03 3.9523246432e+00 -2.0000000000e-01 1.9542309035e+00 3.0000000000e+02 -7.4561800302e-06 -3.6570649231e-07 6.5141030116e-07 7.4561800298e-06 -7.3270249163e-06 3.6570649234e-07 -6.5141030138e-07 1.5654869566e-07
d  5.6461783458e-03 3.9523246444e+00 -2.0000000000e-01 1.9485845763e+00 3.0000000000e+02 -7.7350964447e-06 -3.7241781209e-07 6.4952819210e-07 7.7350964443e-06 -7.6171720626e-06 3.7241781213e-07 -6.4952819232e-07 1.5918599859e-07
d  5.6461783468e-03 3.9523246452e+00 -2.0000000000e-01 1.9451530302e+00 3.0000000000e+02 -7.9084108303e-06 -3.7631088229e-07 6.4838434339e-07 7.9084108299e-06 -7.7970491615e-06 3.7631088232e-07 -6.4838434360e-07 1.6071179242e-07
d  5.6461783481e-03 3.9523246461e+00 -2.0000000000e-01 1.9409935410e+00 3.0000000000e+02 -8.1224751009e-06 -3.8081995512e-07 6.4699784700e-07 8.1224751005e-06 -8.0187815363e-06 3.8081995515e-07 -6.4699784722e-07 1.6248432776e-07
d  5.6461783496e-03 3.9523246471e+00 -2.0000000000e-01 1.9359446923e+00 3.0000000000e+02 -8.3883628379e-06 -3.8598664322e-07 6.4531489743e-07 8.3883628376e-06 -8.2935564409e-06 3.8598664325e-07 -6.4531489765e-07 1.6452185764e-07
d  5.6461783515e-03 3.9523246484e+00 -2.0000000000e-01 1.9298077698e+00 3.0000000000e+02 -8.7208001865e-06 -3.9180952020e-07 6.4326925660e-07 8.7208001861e-06 -8.6361657735e-06 3.9180952024e-07 -6.4326925683e-07 1.6682532389e-07
d  5.6461783537e-03 3.9523246500e+00 -2.0000000000e-01 1.9223390425e+00 3.0000000000e+02 -9.1396726314e-06 -3.9819709076e-07 6.4077968084e-07 9.1396726311e-06 -9.0664544051e-06 3.9819709079e-07 -6.4077968108e-07 1.6936436434e-07
d  5.6461783563e-03 3.9523246518e+00 -2.0000000000e-01 1.9132421082e+00 3.0000000000e+02 -9.6722515240e-06 -4.0490142725e-07 6.3774736940e-07 9.6722515236e-06 -9.6114569463e-06 4.0490142730e-07 -6.3774736965e-07 1.7205136489e-07
d  5.6461783595e-03 3.9523246540e+00 -2.0000000000e-01 1.9021626319e+00 3.0000000000e+02 -1.0356536499e-05 -4.1140265054e-07 6.3405421063e-07 1.0356536498e-05 -1.0308584655e-05 4.1140265059e-07 -6.3405421090e-07 1.7469971690e-07
d  5.6461783633e-03 3.9523246567e+00 -2.0000000000e-01 1.8886909618e+00 3.0000000000e+02 -1.1246368798e-05 -4.1671602928e-07 6.2956365395e-07 1.1246368798e-05 -1.1210472714e-05 4.1671602934e-07 -6.2956365423e-07 1.7695154142e-07
d  5.6461783679e-03 3.9523246599e+00 -2.0000000000e-01 1.8723830847e+00 3.0000000000e+02 -1.2419222301e-05 -4.1913914963e-07 6.2412769488e-07 1.2419222301e-05 -1.2392415579e-05 4.1913914968e-07 -6.2412769518e-07 1.7818182384e-07
d  5.6461783733e-03 3.9523246637e+00 -2.0000000000e-01 1.8528189914e+00 3.0000000000e+02 -1.3988290045e-05 -4.1590367483e-07 6.1760633047e-07 1.3988290045e-05 -1.3963960367e-05 4.1590367488e-07 -6.1760633078e-07 1.7737297787e-07
d  5.6461783799e-03 3.9523246683e+00 -2.0000000000e-01 1.8297276511e+00 3.0000000000e+02 -1.6120976791e-05 -4.0292896597e-07 6.0990921704e-07 1.6120976791e-05 -1.6087004332e-05 4.0292896606e-07 -6.0990921750e-07 1.7300779229e-07
d  5.6461783878e-03 3.9523246738e+00 -2.0000000000e-01 1.8032105168e+00 3.0000000000e+02 -1.9066956620e-05 -3.7494264570e-07 6.0107017225e-07 1.9066956619e-05 -1.9003927612e-05 3.7494264583e-07 -6.0107017302e-07 1.6309851962e-07
d  5.6461783973e-03 3.9523246805e+00 -2.0000000000e-01 1.7740408774e+00 3.0000000000e+02 -2.3198460251e-05 -3.2725785972e-07 5.9134695914e-07 2.3198460251e-05 -2.3080165964e-05 3.2725785980e-07 -5.9134695975e-07 1.4579481265e-07
d  5.6461784086e-03 3.9523246884e+00 -2.0000000000e-01 1.7438656121e+00 3.0000000000e+02 -2.9062635995e-05 -2.5991064916e-07 5.8128853738e-07 2.9062635995e-05 -2.8862113746e-05 2.5991064927e-07 -5.8128853836e-07 1.2085563997e-07
d  5.6461784223e-03 3.9523246980e+00 -2.0000000000e-01 1.7149382712e+00 3.0000000000e+02 -3.7425674622e-05 -1.8280986599e-07 5.7164609039e-07 3.7425674623e-05 -3.7128335292e-05 1.8280986620e-07 -5.7164609280e-07 9.1496895596e-08
d  5.6461784386e-03 3.9523247094e+00 -2.0000000000e-01 1.6890978533e+00 3.0000000000e+02 -4.9236539326e-05 -1.1575200190e-07 5.6303261775e-07 4.9236539333e-05 -4.8853792697e-05 1.1575200273e-07 -5.6303263205e-07 6.4533993061e-08
d  5.6461784582e-03 3.9523247232e+00 -2.0000000000e-01 1.6667228330e+00 3.0000000000e+02 -6.5343843135e-05 -7.4713325091e-08 5.5557427765e-07 6.5343843137e-05 -6.4908654820e-05 7.4713325284e-08 -5.5557428236e-07 4.5672640367e-08
d  5.6461784818e-03 3.9523247396e+00 -2.0000000000e-01 1.6473909370e+00 3.0000000000e+02 -8.5795061952e-05 -5.3605169284e-08 5.4913031232e-07 8.5795061954e-05 -8.5332693843e-05 5.3605169425e-08 -5.4913031745e-07 3.3157036765e-08
d  5.6461785101e-03 3.9523247594e+00 -2.0000000000e-01 1.6313603293e+00 3.0000000000e+02 -1.0898130263e-04 -3.6606499730e-08 5.4378677644e-07 1.0898130264e-04 -1.0849630541e-04 3.6606499869e-08 -5.4378678413e-07 2.2183060476e-08
d  5.6461785440e-03 3.9523247832e+00 -2.0000000000e-01 1.6193434331e+00 3.0000000000e+02 -1.3155548749e-04 -2.0472834430e-08 5.3978114434e-07 1.3155548749e-04 -1.3104859788e-04 2.0472834569e-08 -5.3978115576e-07 1.2418712413e-08
d  5.6461785847e-03 3.9523248117e+00 -2.0000000000e-01 1.6114051174e+00 3.0000000000e+02 -1.4985170267e-04 -9.2012167194e-09 5.3713503911e-07 1.4985170267e-04 -1.4932944586e-04 9.2012168383e-09 -5.3713505267e-07 5.6770202601e-09
d  5.6461786335e-03 3.9523248459e+00 -2.0000000000e-01 1.6069019780e+00 3.0000000000e+02 -1.6180827754e-04 -3.0059428929e-09 5.3563399266e-07 1.6180827755e-04 -1.6127755533e-04 3.0059429751e-09 -5.3563400438e-07 1.9058463167e-09
d  5.6461786922e-03 3.9523248869e+00 -2.0000000000e-01 1.6048601604e+00 3.0000000000e+02 -1.6778340709e-04 -2.2608459589e-10 5.3495338680e-07 1.6778340710e-04 -1.6724887351e-04 2.2608470665e-10 -5.3495340947e-07 1.9373522747e-10
d  5.6461787625e-03 3.9523249361e+00 -2.0000000000e-01 1.6042331766e+00 3.0000000000e+02 -1.6972737152e-04 4.5781047168e-10 5.3474439220e-07 1.6972737154e-04 -1.6919189735e-04 -4.5781032283e-10 -5.3474443393e-07 -2.7194725003e-10
d  5.6461788469e-03 3.9523249952e+00 -2.0000000000e-01 1.6042128895e+00 3.0000000000e+02 -1.6978336489e-04 3.6623556435e-10 5.3473762965e-07 1.6978336516e-04 -1.6924802524e-04 -3.6623445529e-10 -5.3473808186e-07 -2.3560702060e-10
d  5.6461789482e-03 3.9523250661e+00 -2.0000000000e-01 1.6043350706e+00 3.0000000000e+02 -1.6938286448e-04 1.5943678894e-10 5.3477835689e-07 1.6938286445e-04 -1.6884782185e-04 -1.5943688701e-10 -5.3477829437e-07 -1.0486884317e-10
d  5.6461790697e-03 3.9523251512e+00 -2.0000000000e-01 1.6044185858e+00 3.0000000000e+02 -1.6910974551e-04 3.2033969515e-11 5.3480619538e-07 1.6910974531e-04 -1.6857488615e-04 -3.2034432209e-11 -5.3480586922e-07 -2.1260238147e-11
d  5.6461792156e-03 3.9523252533e+00 -2.0000000000e-01 1.6044449972e+00 3.0000000000e+02 -1.6902343174e-04 -7.5202425176e-12 5.3481499935e-07 1.6902343123e-04 -1.6848862956e-04 7.5192692684e-12 -5.3481414836e-07 4.9596909032e-12
d  5.6461793906e-03 3.9523253758e+00 -2.0000000000e-01 1.6044451848e+00 3.0000000000e+02 -1.6902303740e-04 -7.6449769985e-12 5.3481506112e-07 1.6902303825e-04 -1.6848823446e-04 7.6463435431e-12 -5.3481651660e-07 5.0767635364e-12
d  5.6461796006e-03 3.9523255228e+00 -2.0000000000e-01 1.6044415606e+00 3.0000000000e+02 -1.6903521908e-04 -2.1086988695e-12 5.3481385321e-07 1.6903521969e-04 -1.6850040830e-04 2.1094849337e-12 -5.3481489220e-07 1.4027607011e-12
d  5.6461798526e-03 3.9523256992e+00 -2.0000000000e-01 1.6044401623e+00 3.0000000000e+02 -1.6904017487e-04 1.1231391378e-13 5.3481338667e-07 1.6904017634e-04 -1.6850536023e-04 -1.1079634537e-13 -5.3481592207e-07 -7.2952884556e-14
d  5.6461801551e-03 3.9523259109e+00 -2.0000000000e-01 1.6044401605e+00 3.0000000000e+02 -1.6904063323e-04 2.8624451594e-13 5.3481338760e-07 1.6904063175e-04 -1.6850582045e-04 -2.8744017505e-13 -5.3481083069e-07 -1.8925989430e-13
d  5.6461805180e-03 3.9523261650e+00 -2.0000000000e-01 1.6044404013e+00 3.0000000000e+02 -1.6904038529e-04 1.2472414056e-13 5.3481346661e-07 1.6904038624e-04 -1.6850557091e-04 -1.2406921247e-13 -5.3481511893e-07 -8.2201667788e-14
d  5.6461809535e-03 3.9523264698e+00 -2.0000000000e-01 1.6044406014e+00 3.0000000000e+02 -1.6904038086e-04 7.2601785830e-14 5.3481353380e-07 1.6904038087e-04 -1.6850556720e-04 -7.2577003180e-14 -5.3481354929e-07 -4.8250481132e-14
d  5.6461814761e-03 3.9523268357e+00 -2.0000000000e-01 1.6044407976e+00 3.0000000000e+02 -1.6904051606e-04 7.0462914559e-14 5.3481359946e-07 1.6904051555e-04 -1.6850570273e-04 -7.0673032524e-14 -5.3481269385e-07 -4.6722603158e-14
d  5.6461821033e-03 3.9523272747e+00 -2.0000000000e-01 1.6044410305e+00 3.0000000000e+02 -1.6904068807e-04 7.3723947360e-14 5.3481367717e-07 1.6904068740e-04 -1.6850587478e-04 -7.3948074088e-14 -5.3481250143e-07 -4.8757502511e-14
d  5.6461828558e-03 3.9523278015e+00 -2.0000000000e-01 1.6044413122e+00 3.0000000000e+02 -1.6904088786e-04 7.4243737175e-14 5.3481377110e-07 1.6904088705e-04 -1.6850607458e-04 -7.4464701249e-14 -5.3481235494e-07 -4.9126497006e-14
d  5.6461837589e-03 3.9523284336e+00 -2.0000000000e-01 1.6044416505e+00 3.0000000000e+02 -1.6904112608e-04 7.4175867072e-14 5.3481388399e-07 1.6904112509e-04 -1.6850631283e-04 -7.4400343627e-14 -5.3481213500e-07 -4.9092412821e-14
d  5.6461848426e-03 3.9523291922e+00 -2.0000000000e-01 1.6044420566e+00 3.0000000000e+02 -1.6904141202e-04 7.4146095770e-14 5.3481401944e-07 1.6904141080e-04 -1.6850659882e-04 -7.4374878548e-14 -5.3481185762e-07 -4.9075282199e-14
d  5.6461861430e-03 3.9523301025e+00 -2.0000000000e-01 1.6044425438e+00 3.0000000000e+02 -1.6904175522e-04 7.4142623464e-14 5.3481418197e-07 1.6904175372e-04 -1.6850694207e-04 -7.4374986765e-14 -5.3481152329e-07 -4.9074484911e-14
d  5.6461877035e-03 3.9523311948e+00 -2.0000000000e-01 1.6044431285e+00 3.0000000000e+02 -1.6904216706e-04 7.4140314929e-14 5.3481437701e-07 1.6904216523e-04 -1.6850735399e-04 -7.4375658713e-14 -5.3481112080e-07 -4.9074734709e-14
d  5.6461895761e-03 3.9523325056e+00 -2.0000000000e-01 1.6044438301e+00 3.0000000000e+02 -1.6904266128e-04 7.4137473504e-14 5.3481461106e-07 1.6904265904e-04 -1.6850784828e-04 -7.4375324872e-14 -5.3481063630e-07 -4.9074662838e-14
d  5.6461918232e-03 3.9523340786e+00 -2.0000000000e-01 1.6044446720e+00 3.0000000000e+02 -1.6904325433e-04 7.4135589544e-14 5.3481489192e-07 1.6904325161e-04 -1.6850844143e-04 -7.4375547980e-14 -5.3481005358e-07 -4.9074560383e-14
d  5.6461945198e-03 3.9523359662e+00 -2.0000000000e-01 1.6044456823e+00 3.0000000000e+02 -1.6904396600e-04 7.4133880973e-14 5.3481522895e-07 1.6904396270e-04 -1.6850915322e-04 -7.4375606627e-14 -5.3480935321e-07 -4.9074481121e-14
d  5.6461977556e-03 3.9523382313e+00 -2.0000000000e-01 1.6044468947e+00 3.0000000000e+02 -1.6904482000e-04 7.4132621699e-14 5.3481563340e-07 1.6904481600e-04 -1.6851000737e-04 -7.4375827084e-14 -5.3480851184e-07 -4.9074415419e-14
d  5.6462016386e-03 3.9523409494e+00 -2.0000000000e-01 1.6044483495e+00 3.0000000000e+02 -1.6904584481e-04 7.4131418621e-14 5.3481611872e-07 1.6904583998e-04 -1.6851103235e-04 -7.4375861030e-14 -5.3480750144e-07 -4.9074362576e-14
d  5.6462062983e-03 3.9523442112e+00 -2.0000000000e-01 1.6044500953e+00 3.0000000000e+02 -1.6904707459e-04 7.4130364992e-14 5.3481670112e-07 1.6904706876e-04 -1.6851226234e-04 -7.4375839839e-14 -5.3480628836e-07 -4.9074324817e-14
d  5.6462118898e-03 3.9523481253e+00 -2.0000000000e-01 1.6044521903e+00 3.0000000000e+02 -1.6904855034e-04 7.4129562481e-14 5.3481740000e-07 1.6904854330e-04 -1.6851373834e-04 -7.4375897308e-14 -5.3480483221e-07 -4.9074298267e-14
d  5.6462185997e-03 3.9523528222e+00 -2.0000000000e-01 1.6044547043e+00 3.0000000000e+02 -1.6905032126e-04 7.4128913442e-14 5.3481823865e-07 1.6905031277e-04 -1.6851550956e-04 -7.4375962875e-14 -5.3480308453e-07 -4.9074284511e-14
d  5.6462266516e-03 3.9523584585e+00 -2.0000000000e-01 1.6044577211e+00 3.0000000000e+02 -1.6905244638e-04 7.4128358847e-14 5.3481924503e-07 1.6905243615e-04 -1.6851763504e-04 -7.4376000297e-14 -5.3480098717e-07 -4.9074282168e-14
d  5.6462363138e-03 3.9523652220e+00 -2.0000000000e-01 1.6044613412e+00 3.0000000000e+02 -1.6905499656e-04 7.4127972269e-14 5.3482045270e-07 1.6905498425e-04 -1.6852018565e-04 -7.4376102045e-14 -5.3479847039e-07 -4.9074292332e-14
d  5.6462479084e-03 3.9523733383e+00 -2.0000000000e-01 1.6044656854e+00 3.0000000000e+02 -1.6905805682e-04 7.4127717749e-14 5.3482190190e-07 1.6905804201e-04 -1.6852324644e-04 -7.4376247956e-14 -5.3479545052e-07 -4.9074314877e-14
d  5.6462618220e-03 3.9523830778e+00 -2.0000000000e-01 1.6044708993e+00 3.0000000000e+02 -1.6906173458e-04 7.4152975901e-14 5.3482363281e-07 1.6906173524e-04 -1.6852691031e-04 -7.4123114198e-14 -5.3482479991e-07 -4.8943289500e-14
d  5.6462785183e-03 3.9523947652e+00 -2.0000000000e-01 1.6044771553e+00 3.0000000000e+02 -1.6906614265e-04 7.4326338028e-14 5.3482571809e-07 1.6906614341e-04 -1.6853131622e-04 -7.4296876103e-14 -5.3482706300e-07 -4.9113415904e-14
d  5.6462985539e-03 3.9524087901e+00 -2.0000000000e-01 1.6044846623e+00 3.0000000000e+02 -1.6907143246e-04 7.4281065176e-14 5.3482822036e-07 1.6907143336e-04 -1.6853660340e-04 -7.4251623161e-14 -5.3482983205e-07 -4.9070522052e-14
d  5.6463225966e-03 3.9524256200e+00 -2.0000000000e-01 1.6044936708e+00 3.0000000000e+02 -1.6907778043e-04 7.4282378160e-14 5.3483122312e-07 1.6907778151e-04 -1.6854294823e-04 -7.4252951046e-14 -5.3483315529e-07 -4.9070994529e-14
d  5.6463514478e-03 3.9524458158e+00 -2.0000000000e-01 1.6045044811e+00 3.0000000000e+02 -1.6908539831e-04 7.4282580912e-14 5.3483482645e-07 1.6908539960e-04 -1.6855056234e-04 -7.4253164864e-14 -5.3483714357e-07 -4.9071083642e-14
d  5.6463860693e-03 3.9524700509e+00 -2.0000000000e-01 1.6045174536e+00 3.0000000000e+02 -1.6909454019e-04 7.4282942148e-14 5.3483915049e-07 1.6909454175e-04 -1.6855969969e-04 -7.4253533687e-14 -5.3484193007e-07 -4.9071233306e-14
d  5.6464276150e-03 3.9524991329e+00 -2.0000000000e-01 1.6045330207e+00 3.0000000000e+02 -1.6910551108e-04 7.4283391714e-14 5.3484433937e-07 1.6910551294e-04 -1.6857066514e-04 -7.4253987597e-14 -5.3484767470e-07 -4.9071413034e-14
d  5.6464774700e-03 3.9525340313e+00 -2.0000000000e-01 1.6045517014e+00 3.0000000000e+02 -1.6911867704e-04 7.4283916603e-14 5.3485056611e-07 1.6911867928e-04 -1.6858382459e-04 -7.4254513698e-14 -5.3485456944e-07 -4.9071628979e-14
d  5.6465372959e-03 3.9525759095e+00 -2.0000000000e-01 1.6045741186e+00 3.0000000000e+02 -1.6913447750e-04 7.4284567411e-14 5.3485803829e-07 1.6913448018e-04 -1.6859961722e-04 -7.4255162639e-14 -5.3486284485e-07 -4.9071888393e-14
d  5.6466090869e-03 3.9526261632e+00 -2.0000000000e-01 1.6046010196e+00 3.0000000000e+02 -1.6915343994e-04 7.4285256763e-14 5.3486700505e-07 1.6915344317e-04 -1.6861857027e-04 -7.4255849381e-14 -5.3487277634e-07 -4.9072163179e-14
d  5.6466952362e-03 3.9526864677e+00 -2.0000000000e-01 1.6046333013e+00 3.0000000000e+02 -1.6917619770e-04 7.4285924561e-14 5.3487776532e-07 1.6917620158e-04 -1.6864131675e-04 -7.4256509951e-14 -5.3488469831e-07 -4.9072422905e-14
d  5.6467986154e-03 3.9527588331e+00 -2.0000000000e-01 1.6046720419e+00 3.0000000000e+02 -1.6920351367e-04 7.4291435412e-14 5.3489068008e-07 1.6920351487e-04 -1.6866862192e-04 -7.4268999993e-14 -5.3489283301e-07 -4.9077559157e-14
d  5.6469226704e-03 3.9528456716e+00 -2.0000000000e-01 1.6047185303e+00 3.0000000000e+02 -1.6923629562e-04 7.4263247808e-14 5.3490617611e-07 1.6923629706e-04 -1.6870138818e-04 -7.4240814796e-14 -5.3490875788e-07 -4.9072833532e-14
d  5.6470715364e-03 3.9529498778e+00 -2.0000000000e-01 1.6047743183e+00 3.0000000000e+02 -1.6927564200e-04 7.4272163729e-14 5.3492477197e-07 1.6927564374e-04 -1.6874071574e-04 -7.4249728799e-14 -5.3492787358e-07 -4.9074791012e-14
d  5.6472501755e-03 3.9530749252e+00 -2.0000000000e-01 1.6048412666e+00 3.0000000000e+02 -1.6932286927e-04 7.4274100213e-14 5.3494708793e-07 1.6932287135e-04 -1.6878792041e-04 -7.4251662908e-14 -5.3495081487e-07 -4.9075575389e-14
d  5.6474645425e-03 3.9532249821e+00 -2.0000000000e-01 1.6049216086e+00 3.0000000000e+02 -1.6937955870e-04 7.4276430061e-14 5.3497386839e-07 1.6937956121e-04 -1.6884458274e-04 -7.4253989835e-14 -5.3497834795e-07 -4.9076520554e-14
d  5.6477217830e-03 3.9534050504e+00 -2.0000000000e-01 1.6050180246e+00 3.0000000000e+02 -1.6944761013e-04 7.4279239273e-14 5.3500600685e-07 1.6944761314e-04 -1.6891260162e-04 -7.4256795477e-14 -5.3501139276e-07 -4.9077659248e-14
d  5.6480304714e-03 3.9536211323e+00 -2.0000000000e-01 1.6051337329e+00 3.0000000000e+02 -1.6952930738e-04 7.4283186999e-14 5.3504457739e-07 1.6952930788e-04 -1.6899426229e-04 -7.4262850210e-14 -5.3504546873e-07 -4.9080232106e-14
d  5.6484008976e-03 3.9538804307e+00 -2.0000000000e-01 1.6052725940e+00 3.0000000000e+02 -1.6962739342e-04 7.4282255102e-14 5.3509086440e-07 1.6962739402e-04 -1.6909230196e-04 -7.4261917665e-14 -5.3509193674e-07 -4.9080451537e-14
d  5.6488454091e-03 3.9541915886e+00 -2.0000000000e-01 1.6054392453e+00 3.0000000000e+02 -1.6974516859e-04 7.4288709455e-14 5.3514641479e-07 1.6974516931e-04 -1.6921002148e-04 -7.4268371078e-14 -5.3514770614e-07 -4.9082914745e-14
d  5.6493788228e-03 3.9545649782e+00 -2.0000000000e-01 1.6056392539e+00 3.0000000000e+02 -1.6988660203e-04 7.4295304515e-14 5.3521308425e-07 1.6988660290e-04 -1.6935138814e-04 -7.4274965064e-14 -5.3521464019e-07 -4.9085576764e-14
d  5.6500189193e-03 3.9550130457e+00 -2.0000000000e-01 1.6058793022e+00 3.0000000000e+02 -1.7005647368e-04 7.4302869380e-14 5.3529310025e-07 1.7005647473e-04 -1.6952117963e-04 -7.4282528556e-14 -5.3529497694e-07 -4.9088584147e-14
d  5.6507870350e-03 3.9555507267e+00 -2.0000000000e-01 1.6061674183e+00 3.0000000000e+02 -1.7026054070e-04 7.4313117854e-14 5.3538913885e-07 1.7026054196e-04 -1.6972515044e-04 -7.4292775236e-14 -5.3539140565e-07 -4.9092600876e-14
d  5.6517087739e-03 3.9561959439e+00 -2.0000000000e-01 1.6065132724e+00 3.0000000000e+02 -1.7050576193e-04 7.4332832938e-14 5.3550442403e-07 1.7050576213e-04 -1.6997025722e-04 -7.4312787872e-14 -5.3550478279e-07 -4.9100008818e-14
d  5.6528148606e-03 3.9569702046e+00 -2.0000000000e-01 1.6069292107e+00 3.0000000000e+02 -1.7080105049e-04 7.4510417136e-14 5.3564307014e-07 1.7080105074e-04 -1.7026540711e-04 -7.4490371154e-14 -5.3564351043e-07 -4.9159445231e-14
d  5.6541421647e-03 3.9578993174e+00 -2.0000000000e-01 1.6074278237e+00 3.0000000000e+02 -1.7115557381e-04 7.4349000512e-14 5.3580927445e-07 1.7115557410e-04 -1.7061976418e-04 -7.4328954973e-14 -5.3580979886e-07 -4.9107244257e-14
d  5.6557349295e-03 3.9590142527e+00 -2.0000000000e-01 1.6080263728e+00 3.0000000000e+02 -1.7158193438e-04 7.4406552052e-14 5.3600879078e-07 1.7158193474e-04 -1.7104592519e-04 -7.4386506057e-14 -5.3600942805e-07 -4.9127565187e-14
d  5.6576462473e-03 3.9603521751e+00 -2.0000000000e-01 1.6087449434e+00 3.0000000000e+02 -1.7209491183e-04 7.4427170596e-14 5.3624831428e-07 1.7209491226e-04 -1.7155866305e-04 -7.4407124047e-14 -5.3624909068e-07 -4.9135965899e-14
d  5.6599398287e-03 3.9619576820e+00 -2.0000000000e-01 1.6096076784e+00 3.0000000000e+02 -1.7271243054e-04 7.4451945633e-14 5.3653589256e-07 1.7271243107e-04 -1.7217589411e-04 -7.4431898399e-14 -5.3653684156e-07 -4.9146033375e-14
d  5.6626921263e-03 3.9638842902e+00 -2.0000000000e-01 1.6106436106e+00 3.0000000000e+02 -1.7345627709e-04 7.4481905571e-14 5.3688120351e-07 1.7345627718e-04 -1.7291939569e-04 -7.4461899042e-14 -5.3688136179e-07 -4.9158168691e-14
d  5.6659948835e-03 3.9661962201e+00 -2.0000000000e-01 1.6118871371e+00 3.0000000000e+02 -1.7435249413e-04 7.4478360124e-14 5.3729571235e-07 1.7435249421e-04 -1.7381519824e-04 -7.4458355640e-14 -5.3729584355e-07 -4.9160374136e-14
d  5.6699581921e-03 3.9689705360e+00 -2.0000000000e-01 1.6133810544e+00 3.0000000000e+02 -1.7543411373e-04 7.4554944183e-14 5.3779368476e-07 1.7543411382e-04 -1.7489631985e-04 -7.4534939668e-14 -5.3779384433e-07 -4.9188651062e-14
d  5.6747141624e-03 3.9722997151e+00 -2.0000000000e-01 1.6151749789e+00 3.0000000000e+02 -1.7674011842e-04 7.4564890550e-14 5.3839165958e-07 1.7674011853e-04 -1.7620172655e-04 -7.4544885992e-14 -5.3839185441e-07 -4.9195711313e-14
d  5.6804213268e-03 3.9762947300e+00 -2.0000000000e-01 1.6173304138e+00 3.0000000000e+02 -1.7831973723e-04 7.4636653860e-14 5.3911013788e-07 1.7831973736e-04 -1.7778062686e-04 -7.4616649223e-14 -5.3911037799e-07 -4.9223944147e-14
d  5.6872699241e-03 3.9810887478e+00 -2.0000000000e-01 1.6199212845e+00 3.0000000000e+02 -1.8023361419e-04 7.4723293585e-14 5.3997376144e-07 1.8023361435e-04 -1.7969364017e-04 -7.4703288853e-14 -5.3997405890e-07 -4.9258015325e-14
d  5.6954882408e-03 3.9868415692e+00 -2.0000000000e-01 1.6230353337e+00 3.0000000000e+02 -1.8255609232e-04 7.4787212793e-14 5.4101177782e-07 1.8255609253e-04 -1.8201508026e-04 -7.4767207957e-14 -5.4101214772e-07 -4.9285513525e-14
d  5.7053502209e-03 3.9937449549e+00 -2.0000000000e-01 1.6267806717e+00 3.0000000000e+02 -1.8538195936e-04 7.4907082973e-14 5.4226022387e-07 1.8538195940e-04 -1.8483969898e-04 -7.4887082224e-14 -5.4226029394e-07 -4.9332519821e-14
d  5.7142860000e-03 4.0000000000e+00 -2.0000000000e-01 1.6301814399e+00 3.0000000000e+02 -1.8797896779e-04 7.4987750034e-14 5.4339381327e-07 1.8797896783e-04 -1.8743557383e-04 -7.4967749311e-14 -5.4339387846e-07 -4.9365889420e-14
d  5.7250089349e-03 4.0075060541e+00 -2.0000000000e-01 1.6342741737e+00 3.0000000000e+02 -1.9114410382e-04 7.5153719960e-14 5.4475805790e-07 1.9114410387e-04 -1.9059934561e-04 -7.5133719170e-14 -5.4475814115e-07 -4.9428802453e-14
d  5.7378764568e-03 4.0165133190e+00 -2.0000000000e-01 1.6392000680e+00 3.0000000000e+02 -1.9501165718e-04 7.5287845028e-14 5.4640002265e-07 1.9501165724e-04 -1.9446525698e-04 -7.5267844204e-14 -5.4640012909e-07 -4.9483048333e-14
d  5.7533174832e-03 4.0273220368e+00 -2.0000000000e-01 1.6451323011e+00 3.0000000000e+02 -1.9975530391e-04 7.5468126417e-14 5.4837743367e-07 1.9975530398e-04 -1.9920692629e-04 -7.5448125547e-14 -5.4837757227e-07 -4.9553699092e-14
d  5.7718467147e-03 4.0402924983e+00 -2.0000000000e-01 1.6522807641e+00 3.0000000000e+02 -2.0559907889e-04 7.5676016674e-14 5.5076025465e-07 2.0559907900e-04 -2.0504831843e-04 -7.5656015746e-14 -5.5076043801e-07 -4.9635508539e-14
d  5.7940817926e-03 4.0558570520e+00 -2.0000000000e-01 1.6609035778e+00 3.0000000000e+02 -2.1283836700e-04 7.5948197212e-14 5.5363452593e-07 2.1283836703e-04 -2.1228473233e-04 -7.5928197022e-14 -5.5363457314e-07 -4.9740859015e-14
d  5.8207638860e-03 4.0745345165e+00 -2.0000000000e-01 1.6713130701e+00 3.0000000000e+02 -2.2186857701e-04 7.6255130694e-14 5.5710435670e-07 2.2186857705e-04 -2.2131147250e-04 -7.6235130478e-14 -5.5710442387e-07 -4.9858802991e-14
d  5.8527823982e-03 4.0969474739e+00 -2.0000000000e-01 1.6839025002e+00 3.0000000000e+02 -2.3323602236e-04 7.6697367859e-14 5.6130083337e-07 2.3323602241e-04 -2.3267472135e-04 -7.6677367608e-14 -5.6130093338e-07 -5.0023142520e-14
d  5.8912046127e-03 4.1238430227e+00 -2.0000000000e-01 1.6991539591e+00 3.0000000000e+02 -2.4769996115e-04 7.7231125824e-14 5.6638465302e-07 2.4769996117e-04 -2.4713357635e-04 -7.7211125749e-14 -5.6638469200e-07 -5.0219097077e-14
d  5.9373112702e-03 4.1561176814e+00 -2.0000000000e-01 1.7176445970e+00 3.0000000000e+02 -2.6632946688e-04 7.7782391946e-14 5.7254819898e-07 2.6632946692e-04 -2.6575691853e-04 -7.7762391847e-14 -5.7254826565e-07 -5.0421429393e-14
d  5.9926392592e-03 4.1948472717e+00 -2.0000000000e-01 1.7401157405e+00 3.0000000000e+02 -2.9072381918e-04 7.8537081137e-14 5.8003858014e-07 2.9072381925e-04 -2.9014378042e-04 -7.8517081000e-14 -5.8003870406e-07 -5.0689801913e-14
d  6.0590328460e-03 4.2413227801e+00 -2.0000000000e-01 1.7675084587e+00 3.0000000000e+02 -3.2334999741e-04 7.9522659100e-14 5.8916948622e-07 3.2334999746e-04 -3.2276082776e-04 -7.9502659036e-14 -5.8916956727e-07 -5.1031352726e-14
d  6.1387051501e-03 4.2970933902e+00 -2.0000000000e-01 1.8009969015e+00 3.0000000000e+02 -3.6816550280e-04 8.0730121236e-14 6.0033230048e-07 3.6816550292e-04 -3.6756517029e-04 -8.0710121126e-14 -6.0033249941e-07 -5.1435563589e-14
d  6.2343119150e-03 4.3640181223e+00 -2.0000000000e-01 1.8420543303e+00 3.0000000000e+02 -4.3203880142e-04 8.2226465113e-14 6.1401811007e-07 4.3203880155e-04 -4.3142478311e-04 -8.2206465042e-14 -6.1401830839e-07 -5.1907204371e-14
d  6.3490400330e-03 4.4443278009e+00 -2.0000000000e-01 1.8931457352e+00 3.0000000000e+02 -5.2857318912e-04 8.5293742855e-14 6.3104857836e-07 5.2857318929e-04 -5.2794214032e-04 -8.5273742803e-14 -6.3104883302e-07 -5.2860710152e-14
d  6.4867137745e-03 4.5406994151e+00 -2.0000000000e-01 1.9574036181e+00 3.0000000000e+02 -6.8579392839e-04 8.9420985483e-14 6.5246787265e-07 6.8579392893e-04 -6.8514146015e-04 -8.9400985402e-14 -6.5246864093e-07 -5.4063367491e-14
d  6.6519222644e-03 4.6563453522e+00 -2.0000000000e-01 2.0364736594e+00 3.0000000000e+02 -9.6321566285e-04 9.1780419949e-14 6.7882455289e-07 9.6321566538e-04 -9.6253683710e-04 -9.1760419768e-14 -6.7882813209e-07 -5.4419751267e-14
d  6.7510473583e-03 4.7257329145e+00 -2.0000000000e-01 2.0839319429e+00 3.0000000000e+02 -1.1906271303e-03 9.2143429445e-14 6.9464398023e-07 1.1906271384e-03 -1.1899324826e-03 -9.2123428743e-14 -6.9465565147e-07 -5.4184458015e-14
d  6.8699974709e-03 4.8089979892e+00 -2.0000000000e-01 2.1346638864e+00 3.0000000000e+02 -1.5864573724e-03 8.4268365462e-14 7.1155463456e-07 1.5864573090e-03 -1.5857458498e-03 -8.4248370490e-14 -7.1145912787e-07 -5.0231052363e-14
d  7.0127376062e-03 4.9089160789e+00 -2.0000000000e-01 2.1955467717e+00 3.0000000000e+02 -2.0590323603e-03 8.6818404972e-14 7.3184892389e-07 2.0590323604e-03 -2.0583005112e-03 -8.6798404967e-14 -7.3184902643e-07 -5.1899183870e-14
d  7.1428570000e-03 4.9999996500e+00 -2.0000000000e-01 2.2470133023e+00 3.0000000000e+02 -2.5063213631e-03 8.1457289566e-14 7.4900443411e-07 2.5063213631e-03 -2.5055723585e-03 -8.1437289564e-14 -7.4900446597e-07 -4.9688816882e-14
d  7.2990002726e-03 5.1092999354e+00 -2.0000000000e-01 2.3088917773e+00 3.0000000000e+02 -3.0846065562e-03 8.4458846084e-14 7.6963059242e-07 3.0846065562e-03 -3.0838369254e-03 -8.4438846084e-14 -7.6963060326e-07 -5.0560672997e-14
d  7.4863721997e-03 5.2404602778e+00 -2.0000000000e-01 2.3762433165e+00 3.0000000000e+02 -3.7485541511e-03 7.6491844732e-14 7.9208110551e-07 3.7485541511e-03 -3.7477620698e-03 -7.6471844732e-14 -7.9208111593e-07 -4.7747353791e-14
d  7.7112185123e-03 5.3978526887e+00 -2.0000000000e-01 2.4488605056e+00 3.0000000000e+02 -4.4933542410e-03 7.1965611349e-14 8.1628683520e-07 4.4933542410e-03 -4.4925379540e-03 -7.1945611349e-14 -8.1628684053e-07 -4.5982652808e-14
d  7.9810340874e-03 5.5867235818e+00 -2.0000000000e-01 2.5261935961e+00 3.0000000000e+02 -5.2951628446e-03 6.7307117817e-14 8.4206453202e-07 5.2951628446e-03 -5.2943207800e-03 -6.7287117817e-14 -8.4206453513e-07 -4.4202214775e-14
d  8.3048127775e-03 5.8133686536e+00 -2.0000000000e-01 2.6033349872e+00 3.0000000000e+02 -6.1703425086e-03 6.0828617260e-14 8.6777832905e-07 6.1703425086e-03 -6.1694747301e-03 -6.0808617260e-14 -8.6777833555e-07 -4.1510429296e-14
d  8.5714290000e-03 6.0000000000e+00 -2.0000000000e-01 2.6592154112e+00 3.0000000000e+02 -6.8172509330e-03 5.9355282055e-14 8.8640513707e-07 6.8172509330e-03 -6.8163645277e-03 -5.9335282055e-14 -8.8640513949e-07 -4.0787294779e-14
d  8.8913684670e-03 5.7760424365e+00 -2.0000000000e-01 2.5915768593e+00 3.0000000000e+02 -6.0327261508e-03 -1.2736353860e-13 8.6385895311e-07 6.0327261508e-03 -6.0318622921e-03 1.2738353860e-13 -8.6385894731e-07 8.6727974699e-14
d  9.2329859771e-03 5.5369102472e+00 -2.0000000000e-01 2.5066967300e+00 3.0000000000e+02 -5.0928260715e-03 -6.7369146759e-14 8.3556557668e-07 5.0928260715e-03 -5.0919905060e-03 6.7389146759e-14 -8.3556557314e-07 4.4232442212e-14
d  9.5337650694e-03 5.3263649423e+00 -2.0000000000e-01 2.4168407039e+00 3.0000000000e+02 -4.1648905856e-03 -7.4217033903e-14 8.0561356796e-07 4.1648905856e-03 -4.1640849722e-03 7.4237033903e-14 -8.0561356136e-07 4.6916715028e-14
d  9.8946999800e-03 5.0737105764e+00 -2.0000000000e-01 2.2893642274e+00 3.0000000000e+02 -2.8978111719e-03 -8.2151014436e-14 7.6312140912e-07 2.8978111719e-03 -2.8970480506e-03 8.2171014436e-14 -7.6312139685e-07 4.9857669819e-14
d  1.0000000000e-02 5.0000005833e+00 -2.0000000000e-01 2.2470138576e+00 3.0000000000e+02 -2.5063264265e-03 -8.6208690892e-14 7.4900461919e-07 2.5063264265e-03 -2.5055774220e-03 8.6228690892e-14 -7.4900461830e-07 5.1310938364e-14
d  1.0126360024e-02 4.9115485916e+00 -2.0000000000e-01 2.1971086865e+00 3.0000000000e+02 -2.0714714203e-03 -8.2175933000e-14 7.3236956189e-07 2.0714714232e-03 -2.0707390490e-03 8.2195933255e-14 -7.3237429688e-07 5.0105407287e-14
d  1.0277992053e-02 4.8054062016e+00 -2.0000000000e-01 2.1325664256e+00 3.0000000000e+02 -1.5677724839e-03 -8.8674861647e-14 7.1085543541e-07 1.5677729223e-03 -1.5670614081e-03 8.8694888825e-14 -7.1151438813e-07 5.2524167041e-14
d  1.0459950487e-02 4.6780353335e+00 -2.0000000000e-01 2.0513667786e+00 3.0000000000e+02 -1.0290574728e-03 -8.9759095952e-14 6.8378892586e-07 1.0290574763e-03 -1.0283736825e-03 8.9779096165e-14 -6.8379394009e-07 5.3030568933e-14
d  1.0646770991e-02 4.5472610182e+00 -2.0000000000e-01 1.9618540733e+00 3.0000000000e+02 -6.9859819193e-04 -9.1412125945e-14 6.5395135771e-07 6.9859819242e-04 -6.9794424051e-04 9.1432125996e-14 -6.5395205444e-07 5.4907319874e-14
d  1.0780720969e-02 4.4534960599e+00 -2.0000000000e-01 1.8991580338e+00 3.0000000000e+02 -5.4138923440e-04 -8.6527356351e-14 6.3305267785e-07 5.4138923489e-04 -5.4075618164e-04 8.6547356459e-14 -6.3305338676e-07 5.3317587616e-14
d  1.0886978375e-02 4.3791158967e+00 -2.0000000000e-01 1.8514469529e+00 3.0000000000e+02 -4.4825777227e-04 -8.3065494310e-14 6.1714898430e-07 4.4825777215e-04 -4.4764062348e-04 8.3085494256e-14 -6.1714879766e-07 5.2207231504e-14
d  1.1014487262e-02 4.2898597009e+00 -2.0000000000e-01 1.7966147535e+00 3.0000000000e+02 -3.6196371896e-04 -7.9935281197e-14 5.9887158448e-07 3.6196371905e-04 -3.6136484745e-04 7.9955281249e-14 -5.9887173427e-07 5.1194324650e-14
d  1.1167497927e-02 4.1827522660e+00 -2.0000000000e-01 1.7330647542e+00 3.0000000000e+02 -2.8285161016e-04 -7.8221311802e-14 5.7768825141e-07 2.8285161019e-04 -2.8227392202e-04 7.8241311824e-14 -5.7768830563e-07 5.0612357790e-14
d  1.1351110725e-02 4.0542233440e+00 -2.0000000000e-01 1.6599963199e+00 3.0000000000e+02 -2.1206657864e-04 -7.5790005878e-14 5.5333210662e-07 2.1206657867e-04 -2.1151324664e-04 7.5810005903e-14 -5.5333215741e-07 4.9718798600e-14
d  1.1428570000e-02 4.0000018667e+00 -2.0000000000e-01 1.6301824517e+00 3.0000000000e+02 -1.8797977424e-04 -7.4938995325e-14 5.4339415059e-07 1.8797977418e-04 -1.8743638026e-04 7.4958995206e-14 -5.4339404525e-07 4.9368820376e-14
d  1.1521521130e-02 3.9349360938e+00 -2.0000000000e-01 1.5951723769e+00 3.0000000000e+02 -1.6261154116e-04 -7.3911788908e-14 5.3172412563e-07 1.6261154120e-04 -1.6207981713e-04 7.3931788997e-14 -5.3172419303e-07 4.8951623026e-14
d  1.1633062487e-02 3.8568571664e+00 -2.0000000000e-01 1.5543526217e+00 3.0000000000e+02 -1.3653849656e-04 -7.2494210195e-14 5.1811754054e-07 1.3653849657e-04 -1.3602037912e-04 7.2514210227e-14 -5.1811756533e-07 4.8384240195e-14
d  1.1766912115e-02 3.7631624536e+00 -2.0000000000e-01 1.5066094918e+00 3.0000000000e+02 -1.1025405974e-04 -7.1725038186e-14 5.0220316393e-07 1.1025405975e-04 -1.0975185669e-04 7.1745038211e-14 -5.0220318291e-07 4.8000837569e-14
d  1.1927531668e-02 3.6507287981e+00 -2.0000000000e-01 1.4511563843e+00 3.0000000000e+02 -8.4448156672e-05 -7.0573349249e-14 4.8371879478e-07 8.4448156677e-05 -8.3964437990e-05 7.0593349263e-14 -4.8371880513e-07 4.7423065128e-14
d  1.2120275132e-02 3.5158084116e+00 -2.0000000000e-01 1.3871126017e+00 3.0000000000e+02 -6.0009325373e-05 -6.9536885211e-14 4.6237086723e-07 6.0009325375e-05 -5.9546954619e-05 6.9556885219e-14 -4.6237087262e-07 4.6807839871e-14
d  1.2142860000e-02 3.4999990083e+00 -2.0000000000e-01 1.3797611178e+00 3.0000000000e+02 -5.7534205909e-05 -6.9671096265e-14 4.5992037263e-07 5.7534205897e-05 -5.7074285664e-05 6.9691096049e-14 -4.5992035025e-07 4.6801186064e-14
d  1.2169961842e-02 3.4810277244e+00 -2.0000000000e-01 1.3709766403e+00 3.0000000000e+02 -5.4660340604e-05 -6.9635187084e-14 4.5699221343e-07 5.4660340595e-05 -5.4203348517e-05 6.9655186862e-14 -4.5699219446e-07 4.6742931711e-14
d  1.2202484052e-02 3.4582621838e+00 -2.0000000000e-01 1.3604868769e+00 3.0000000000e+02 -5.1345613012e-05 -6.9594659146e-14 4.5349562563e-07 5.1345613005e-05 -5.0892117510e-05 6.9614659007e-14 -4.5349561202e-07 4.6673153415e-14
d  1.2241510704e-02 3.4309435350e+00 -2.0000000000e-01 1.3479614068e+00 3.0000000000e+02 -4.7553435985e-05 -6.9619116237e-14 4.4932046893e-07 4.7553435982e-05 -4.7104115636e-05 6.9639116174e-14 -4.4932046198e-07 4.6612366256e-14
d  1.2288342687e-02 3.3981611564e+00 -2.0000000000e-01 1.3330113059e+00 3.0000000000e+02 -4.3258783333e-05 -6.9684743196e-14 4.4433710198e-07 4.3258783333e-05 -4.2814446347e-05 6.9704743196e-14 -4.4433710211e-07 4.6547311694e-14
d  1.2344541066e-02 3.3588223022e+00 -2.0000000000e-01 1.3152112962e+00 3.0000000000e+02 -3.8454147286e-05 -6.9693329133e-14 4.3840376539e-07 3.8454147289e-05 -3.8015743633e-05 6.9713329179e-14 -4.3840377201e-07 4.6432409282e-14
d  1.2411979121e-02 3.3116156771e+00 -2.0000000000e-01 1.2940138407e+00 3.0000000000e+02 -3.3157762495e-05 -6.9924897474e-14 4.3133794689e-07 3.3157762500e-05 -3.2726424659e-05 6.9944897542e-14 -4.3133795736e-07 4.6354724052e-14
d  1.2492904787e-02 3.2549677269e+00 -2.0000000000e-01 1.2687392236e+00 3.0000000000e+02 -2.7426645576e-05 -7.0464065782e-14 4.2291307450e-07 2.7426645594e-05 -2.7003732597e-05 7.0484066021e-14 -4.2291311354e-07 4.6320361374e-14
d  1.2590015586e-02 3.1869901868e+00 -2.0000000000e-01 1.2385942225e+00 3.0000000000e+02 -2.1384421822e-05 -7.1344428072e-14 4.1286474084e-07 2.1384421826e-05 -2.0971557192e-05 7.1364428135e-14 -4.1286475158e-07 4.6304815193e-14
d  1.2706548545e-02 3.1054171386e+00 -2.0000000000e-01 1.2025147218e+00 3.0000000000e+02 -1.5230112037e-05 -7.3134195168e-14 4.0083824058e-07 1.5230112039e-05 -1.4829273913e-05 7.3154195195e-14 -4.0083824524e-07 4.6409251982e-14
d  1.2846388096e-02 3.0075294807e+00 -2.0000000000e-01 1.1593052753e+00 3.0000000000e+02 -9.3142378430e-06 -7.6222849359e-14 3.8643509175e-07 9.3142378509e-06 -8.9278028634e-06 7.6242849480e-14 -3.8643511034e-07 4.6572505498e-14
d  1.2857140000e-02 3.0000031500e+00 -2.0000000000e-01 1.1559785140e+00 3.0000000000e+02 -8.9219301414e-06 -7.7139411975e-14 3.8532617137e-07 8.9219301269e-06 -8.5366041112e-06 7.7159410034e-14 -3.8532613947e-07 4.6654174425e-14
d  1.2870042285e-02 2.9909715531e+00 -2.0000000000e-01 1.1519867994e+00 3.0000000000e+02 -8.4628558852e-06 -7.7588760874e-14 3.8399559986e-07 8.4628558715e-06 -8.0788604262e-06 7.7608758592e-14 -3.8399556957e-07 4.6676055164e-14
d  1.2885525027e-02 2.9801336369e+00 -2.0000000000e-01 1.1471961923e+00 3.0000000000e+02 -7.9285941224e-06 -7.8161699169e-14 3.8239873084e-07 7.9285940974e-06 -7.5461955473e-06 7.8181695541e-14 -3.8239867498e-07 4.6711005847e-14
d  1.2904104317e-02 2.9671281374e+00 -2.0000000000e-01 1.1414450237e+00 3.0000000000e+02 -7.3111198573e-06 -7.8921079932e-14 3.8048167457e-07 7.3111198519e-06 -6.9306383144e-06 7.8941079280e-14 -3.8048166315e-07 4.6760640190e-14
d  1.2926399465e-02 2.9515215380e+00 -2.0000000000e-01 1.1345405569e+00 3.0000000000e+02 -6.6040929350e-06 -7.9901719644e-14 3.7818018561e-07 6.6040929371e-06 -6.2259128728e-06 7.9921719909e-14 -3.7818019105e-07 4.6820203866e-14
d  1.2953153643e-02 2.9327936188e+00 -2.0000000000e-01 1.1262517724e+00 3.0000000000e+02 -5.8040763523e-06 -8.1226579662e-14 3.7541725745e-07 5.8040763569e-06 -5.4286592164e-06 8.1246580157e-14 -3.7541726867e-07 4.6896821871e-14
d  1.2985258657e-02 2.9103201157e+00 -2.0000000000e-01 1.1162998874e+00 3.0000000000e+02 -4.9129017211e-06 -8.3099862823e-14 3.7209996244e-07 4.9129017248e-06 -4.5408018833e-06 8.3119863189e-14 -3.7209997155e-07 4.7004198037e-14
d  1.3023784673e-02 2.8833519120e+00 -2.0000000000e-01 1.1043599077e+00 3.0000000000e+02 -3.9415416951e-06 -8.5815212238e-14 3.6811996921e-07 3.9415416962e-06 -3.5734218567e-06 8.5835212362e-14 -3.6811997256e-07 4.7138007458e-14
d  1.3070015892e-02 2.8509900675e+00 -2.0000000000e-01 1.0900844044e+00 3.0000000000e+02 -2.9146929465e-06 -9.0029634289e-14 3.6336146812e-07 2.9146929471e-06 -2.5513316141e-06 9.0049634369e-14 -3.6336147033e-07 4.7279489327e-14
d  1.3125493356e-02 2.8121558541e+00 -2.0000000000e-01 1.0732547444e+00 3.0000000000e+02 -1.8716834049e-06 -9.7800157923e-14 3.5775158145e-07 1.8716834059e-06 -1.5139319663e-06 9.7820158061e-14 -3.5775158480e-07 4.7332495137e-14
d  1.3158779834e-02 2.7888553261e+00 -2.0000000000e-01 1.0637544662e+00 3.0000000000e+02 -1.3283033573e-06 -1.0760592081e-13 3.5458482194e-07 1.3283033691e-06 -9.7371866870e-07 1.0762592351e-13 -3.5458485491e-07 4.6870835719e-14
d  1.3178751721e-02 2.7748750093e+00 -2.0000000000e-01 1.0589626808e+00 3.0000000000e+02 -1.0090869141e-06 -1.2222384413e-13 3.5298755405e-07 1.0090874661e-06 -6.5609818580e-07 1.2224418625e-13 -3.5298944772e-07 4.5155804966e-14
d  1.3184743287e-02 2.7706809143e+00 -2.0000000000e-01 1.0580118022e+00 3.0000000000e+02 -9.0308144563e-07 -1.3796825842e-13 3.5267059150e-07 9.0308221855e-07 -5.5040848663e-07 1.3799034519e-13 -3.5267391222e-07 4.2311488213e-14
d  1.3186540757e-02 2.7694226858e+00 -2.0000000000e-01 1.0578501857e+00 3.0000000000e+02 -8.6780217906e-07 -1.4923701243e-13 3.5261672032e-07 8.6780285386e-07 -5.1518304466e-07 1.4926433841e-13 -3.5261999844e-07 3.9988247884e-14
d  1.3187079997e-02 2.7690452172e+00 -2.0000000000e-01 1.0578208244e+00 3.0000000000e+02 -8.5665018429e-07 -1.5381165211e-13 3.5260693490e-07 8.5665071695e-07 -5.0404135154e-07 1.5385159281e-13 -3.5260955823e-07 3.9001180310e-14
d  1.3187727087e-02 2.7685922549e+00 -2.0000000000e-01 1.0578011000e+00 3.0000000000e+02 -8.4279743706e-07 -1.5853928669e-13 3.5260036058e-07 8.4279792712e-07 -4.9019518260e-07 1.5858041801e-13 -3.5260294104e-07 3.7974567071e-14
d  1.3188115340e-02 2.7683204776e+00 -2.0000000000e-01 1.0577987820e+00 3.0000000000e+02 -8.3419450248e-07 -1.6193358406e-13 3.5259958515e-07 8.3419520874e-07 -4.8159204578e-07 1.6200023012e-13 -3.5260336215e-07 3.7243634896e-14
d  1.3188581244e-02 2.7679943448e+00 -2.0000000000e-01 1.0578073321e+00 3.0000000000e+02 -8.2352411880e-07 -1.6647481462e-13 3.5260243584e-07 8.2352476756e-07 -4.7091880411e-07 1.6653905772e-13 -3.5260616615e-07 3.6225196490e-14
d  1.3188860787e-02 2.7677986651e+00 -2.0000000000e-01 1.0578193346e+00 3.0000000000e+02 -8.1691009974e-07 -1.6975827306e-13 3.5260643947e-07 8.1691052457e-07 -4.6430186821e-07 1.6982139434e-13 -3.5260886158e-07 3.5489204118e-14
d  1.3189028512e-02 2.7676812572e+00 -2.0000000000e-01 1.0578293467e+00 3.0000000000e+02 -8.1285427643e-07 -1.7197938825e-13 3.5260977706e-07 8.1285468132e-07 -4.6024297355e-07 1.7206297765e-13 -3.5261191474e-07 3.4998223321e-14
d  1.3189229783e-02 2.7675403679e+00 -2.0000000000e-01 1.0578444593e+00 3.0000000000e+02 -8.0789056829e-07 -1.7476270208e-13 3.5261481195e-07 8.0789117953e-07 -4.5527319983e-07 1.7487802661e-13 -3.5261818888e-07 3.4375242274e-14
d  1.3189471308e-02 2.7673713006e+00 -2.0000000000e-01 1.0578675607e+00 3.0000000000e+02 -8.0177838340e-07 -1.7847813522e-13 3.5262251292e-07 8.0177895134e-07 -4.4915323096e-07 1.7858005572e-13 -3.5262593236e-07 3.3532370881e-14
d  1.3189616222e-02 2.7672698602e+00 -2.0000000000e-01 1.0578842895e+00 3.0000000000e+02 -7.9802104289e-07 -1.8101238659e-13 3.5262808968e-07 7.9802157080e-07 -4.4539076648e-07 1.8113661272e-13 -3.5263101825e-07 3.2960847850e-14
d  1.3189790120e-02 2.7671481318e+00 -2.0000000000e-01 1.0579075306e+00 3.0000000000e+02 -7.9341249500e-07 -1.8427512544e-13 3.5263583788e-07 7.9341293032e-07 -4.4077476482e-07 1.8438105797e-13 -3.5263838196e-07 3.2215197426e-14
d  1.3189894459e-02 2.7670750948e+00 -2.0000000000e-01 1.0579232687e+00 3.0000000000e+02 -7.9059111398e-07 -1.8641506599e-13 3.5264108105e-07 7.9059176633e-07 -4.3794753390e-07 1.8660325082e-13 -3.5264445059e-07 3.1733353455e-14
d  1.3190019665e-02 2.7669874503e+00 -2.0000000000e-01 1.0579441221e+00 3.0000000000e+02 -7.8714317793e-07 -1.8923524286e-13 3.5264803404e-07 7.8714368927e-07 -4.3449310837e-07 1.8938600067e-13 -3.5265080111e-07 3.1080811327e-14
d  1.3190169913e-02 2.7668822769e+00 -2.0000000000e-01 1.0579722000e+00 3.0000000000e+02 -7.8290906286e-07 -1.9278329945e-13 3.5265739346e-07 7.8290956199e-07 -4.3024940039e-07 1.9292305454e-13 -3.5266038465e-07 3.0263588786e-14
d  1.3190260062e-02 2.7668191729e+00 -2.0000000000e-01 1.0579908010e+00 3.0000000000e+02 -7.8031302569e-07 -1.9523699920e-13 3.5266359570e-07 7.8031337876e-07 -4.2764819252e-07 1.9536408479e-13 -3.5266541104e-07 2.9694828483e-14
d  1.3190368240e-02 2.7667434481e+00 -2.0000000000e-01 1.0580149852e+00 3.0000000000e+02 -7.7713880689e-07 -1.9823985773e-13 3.5267165472e-07 7.7713933947e-07 -4.2446503506e-07 1.9842053383e-13 -3.5267453173e-07 2.9012061637e-14
d  1.3190498054e-02 2.7666525783e+00 -2.0000000000e-01 1.0580470055e+00 3.0000000000e+02 -7.7323445066e-07 -2.0232774693e-13 3.5268232799e-07 7.7323499559e-07 -4.2054959665e-07 2.0250405968e-13 -3.5268562928e-07 2.8056883361e-14
d  1.3190575942e-02 2.7665980564e+00 -2.0000000000e-01 1.0580679124e+00 3.0000000000e+02 -7.7083803944e-07 -2.0502971507e-13 3.5268929556e-07 7.7083868464e-07 -4.1814637282e-07 2.0527563290e-13 -3.5269254421e-07 2.7442354303e-14
d  1.3190669409e-02 2.7665326302e+00 -2.0000000000e-01 1.0580948424e+00 3.0000000000e+02 -7.6790362301e-07 -2.0851272505e-13 3.5269827381e-07 7.6790414777e-07 -4.1520332418e-07 2.0871607638e-13 -3.5270105862e-07 2.6630212900e-14
d  1.3190725488e-02 2.7664933744e+00 -2.0000000000e-01 1.0581120341e+00 3.0000000000e+02 -7.6611013321e-07 -2.1075900927e-13 3.5270400385e-07 7.6611069328e-07 -4.1340452459e-07 2.1100993077e-13 -3.5270640543e-07 2.6113502657e-14
d  1.3190792784e-02 2.7664462676e+00 -2.0000000000e-01 1.0581337619e+00 3.0000000000e+02 -7.6392300890e-07 -2.1359924899e-13 3.5271124822e-07 7.6392343660e-07 -4.1121050571e-07 2.1379388363e-13 -3.5271316980e-07 2.5442748322e-14
d  1.3190873538e-02 2.7663897393e+00 -2.0000000000e-01 1.0581615323e+00 3.0000000000e+02 -7.6124456945e-07 -2.1716765079e-13 3.5272050474e-07 7.6124501841e-07 -4.0852247831e-07 2.1736303729e-13 -3.5272278187e-07 2.4597684783e-14
d  1.3190970444e-02 2.7663219053e+00 -2.0000000000e-01 1.0581975386e+00 3.0000000000e+02 -7.5794488105e-07 -2.2199773048e-13 3.5273250616e-07 7.5794538220e-07 -4.0521021749e-07 2.2220760973e-13 -3.5273541016e-07 2.3468024276e-14
d  1.3191028587e-02 2.7662812050e+00 -2.0000000000e-01 1.0582206761e+00 3.0000000000e+02 -7.5591614331e-07 -2.2528194712e-13 3.5274021901e-07 7.5591661272e-07 -4.0317449690e-07 2.2550649461e-13 -3.5274236363e-07 2.2703526559e-14
d  1.3191098360e-02 2.7662323646e+00 -2.0000000000e-01 1.0582500815e+00 3.0000000000e+02 -7.5342917729e-07 -2.2938030450e-13 3.5275002193e-07 7.5342956450e-07 -4.0067792621e-07 2.2956890476e-13 -3.5275188935e-07 2.1747467363e-14
d  1.3191182086e-02 2.7661737560e+00 -2.0000000000e-01 1.0582879884e+00 3.0000000000e+02 -7.5036119721e-07 -2.3478391837e-13 3.5276265664e-07 7.5036165212e-07 -3.9759672479e-07 2.3499770886e-13 -3.5276518261e-07 2.0469374303e-14
d  1.3191232322e-02 2.7661385909e+00 -2.0000000000e-01 1.0583122405e+00 3.0000000000e+02 -7.4847225698e-07 -2.3852776619e-13 3.5277074171e-07 7.4847263185e-07 -3.9570054244e-07 2.3872678941e-13 -3.5277234730e-07 1.9588579365e-14
d  1.3191292605e-02 2.7660963928e+00 -2.0000000000e-01 1.0583429346e+00 3.0000000000e+02 -7.4615465198e-07 -2.4308703191e-13 3.5278097018e-07 7.4615523963e-07 -3.9337187527e-07 2.4338737362e-13 -3.5278362609e-07 1.8544489310e-14
d  1.3191364945e-02 2.7660457550e+00 -2.0000000000e-01 1.0583823827e+00 3.0000000000e+02 -7.4328982885e-07 -2.4943903331e-13 3.5279412230e-07 7.4329021418e-07 -3.9049434230e-07 2.4964001028e-13 -3.5279613813e-07 1.7018700710e-14
d  1.3191408348e-02 2.7660153724e+00 -2.0000000000e-01 1.0584075074e+00 3.0000000000e+02 -7.4152445543e-07 -2.5347824065e-13 3.5280249486e-07 7.4152500620e-07 -3.8872059386e-07 2.5378259524e-13 -3.5280468186e-07 1.6093811704e-14
d  1.3191460433e-02 2.7659789132e+00 -2.0000000000e-01 1.0584392658e+00 3.0000000000e+02 -7.3935448151e-07 -2.5893860005e-13 3.5281308244e-07 7.3935492772e-07 -3.8654024998e-07 2.5918862031e-13 -3.5281495129e-07 1.4803653930e-14
d  1.3191522934e-02 2.7659351622e+00 -2.0000000000e-01 1.0584799184e+00 3.0000000000e+02 -7.3666917017e-07 -2.6591606234e-13 3.5282663188e-07 7.3666972120e-07 -3.8384069301e-07 2.6621639968e-13 -3.5282930729e-07 1.3157177984e-14
d  1.3191560435e-02 2.7659089116e+00 -2.0000000000e-01 1.0585057889e+00 3.0000000000e+02 -7.3501073326e-07 -2.7085857723e-13 3.5283525751e-07 7.3501112343e-07 -3.8217472233e-07 2.7109427729e-13 -3.5283668353e-07 1.1980401555e-14
d  1.3191605436e-02 2.7658774108e+00 -2.0000000000e-01 1.0585383801e+00 3.0000000000e+02 -7.3297105631e-07 -2.7676596773e-13 3.5284611798e-07 7.3297167965e-07 -3.8012345129e-07 2.7712929836e-13 -3.5284851589e-07 1.0635666588e-14
d  1.3191659438e-02 2.7658396099e+00 -2.0000000000e-01 1.0585800686e+00 3.0000000000e+02 -7.3044096948e-07 -2.8517734828e-13 3.5286001719e-07 7.3044137757e-07 -3.7757983526e-07 2.8541917883e-13 -3.5286183579e-07 8.6038542319e-15
d  1.3191691838e-02 2.7658169294e+00 -2.0000000000e-01 1.0586065223e+00 3.0000000000e+02 -7.2887688944e-07 -2.9054283586e-13 3.5286883307e-07 7.2887743245e-07 -3.7600707982e-07 2.9088201452e-13 -3.5287065041e-07 7.3728915300e-15
d  1.3191730719e-02 2.7657897128e+00 -2.0000000000e-01 1.0586398581e+00 3.0000000000e+02 -7.2694902813e-07 -2.9778951615e-13 3.5287994675e-07 7.2694944863e-07 -3.7406832656e-07 2.9805524588e-13 -3.5288142524e-07 5.6645898701e-15
d  1.3191777376e-02 2.7657570528e+00 -2.0000000000e-01 1.0586823996e+00 3.0000000000e+02 -7.2455443817e-07 -3.0713348804e-13 3.5289412569e-07 7.2455497230e-07 -3.7165899072e-07 3.0746039399e-13 -3.5289629218e-07 3.4559201015e-15
d  1.3191833365e-02 2.7657178609e+00 -2.0000000000e-01 1.0587376468e+00 3.0000000000e+02 -7.2154671746e-07 -3.2034144121e-13 3.5291254312e-07 7.2154713266e-07 -3.6863292278e-07 3.2060205395e-13 -3.5291453034e-07 3.2219081273e-16
d  1.3191866958e-02 2.7656943457e+00 -2.0000000000e-01 1.0587732331e+00 3.0000000000e+02 -7.1966427830e-07 -3.2940714170e-13 3.5292440476e-07 7.1966471968e-07 -3.6673910041e-07 3.2969524137e-13 -3.5292594666e-07 -1.7877734223e-15
d  1.3191907270e-02 2.7656661275e+00 -2.0000000000e-01 1.0588187042e+00 3.0000000000e+02 -7.1731690024e-07 -3.4160205023e-13 3.5293956273e-07 7.1731727583e-07 -3.6437666351e-07 3.4185064409e-13 -3.5294094913e-07 -4.6421632772e-15
d  1.3191955644e-02 2.7656322656e+00 -2.0000000000e-01 1.0588779003e+00 3.0000000000e+02 -7.1435234875e-07 -3.5847186590e-13 3.5295929224e-07 7.1435290585e-07 -3.6139154742e-07 3.5883276362e-13 -3.5296170836e-07 -8.6097128627e-15
d  1.3191984668e-02 2.7656119485e+00 -2.0000000000e-01 1.0589161677e+00 3.0000000000e+02 -7.1248615095e-07 -3.7058273740e-13 3.5297204695e-07 7.1248676935e-07 -3.5951311671e-07 3.7099972472e-13 -3.5297401139e-07 -1.1424180689e-14
d  1.3192019498e-02 2.7655875680e+00 -2.0000000000e-01 1.0589652177e+00 3.0000000000e+02 -7.1014670141e-07 -3.8673310904e-13 3.5298839862e-07 7.1014720709e-07 -3.5715748803e-07 3.8707729059e-13 -3.5299009034e-07 -1.5158424060e-14
d  1.3192061293e-02 2.7655583114e+00 -2.0000000000e-01 1.0590294013e+00 3.0000000000e+02 -7.0716989072e-07 -4.0936475475e-13 3.5300979484e-07 7.0717028064e-07 -3.5415935139e-07 4.0963471789e-13 -3.5301131796e-07 -2.0492215172e-14
d  1.3192086370e-02 2.7655407574e+00 -2.0000000000e-01 1.0590710693e+00 3.0000000000e+02 -7.0528356458e-07 -4.2546101207e-13 3.5302368388e-07 7.0528396539e-07 -3.5225952442e-07 4.2575281085e-13 -3.5302484193e-07 -2.4212667470e-14
d  1.3192116463e-02 2.7655196926e+00 -2.0000000000e-01 1.0591247309e+00 3.0000000000e+02 -7.0290375980e-07 -4.4739861365e-13 3.5304156675e-07 7.0290445757e-07 -3.4986119497e-07 4.4788903881e-13 -3.5304368079e-07 -2.9237897420e-14
d  1.3192152574e-02 2.7654944149e+00 -2.0000000000e-01 1.0591954678e+00 3.0000000000e+02 -6.9984675488e-07 -4.7936058547e-13 3.5306514864e-07 6.9984725651e-07 -3.4678079103e-07 4.7971594862e-13 -3.5306690765e-07 -3.6676113176e-14
d  1.3192195907e-02 2.7654640816e+00 -2.0000000000e-01 1.0592916590e+00 3.0000000000e+02 -6.9582077435e-07 -5.2700572308e-13 3.5309721247e-07 6.9582127383e-07 -3.4272244986e-07 5.2736920383e-13 -3.5309930322e-07 -4.7709749120e-14
d  1.3192221907e-02 2.7654458816e+00 -2.0000000000e-01 1.0593564601e+00 3.0000000000e+02 -6.9318178089e-07 -5.6376797968e-13 3.5311881429e-07 6.9318216862e-07 -3.4006270172e-07 5.6405936316e-13 -3.5311997410e-07 -5.6056205143e-14
d  1.3192253107e-02 2.7654240416e+00 -2.0000000000e-01 1.0594431386e+00 3.0000000000e+02 -6.8973415403e-07 -6.1742090193e-13 3.5314770178e-07 6.8973490346e-07 -3.3658538617e-07 6.1796780939e-13 -3.5315006674e-07 -6.8157709928e-14
d  1.3192290547e-02 2.7653978337e+00 -2.0000000000e-01 1.0595641256e+00 3.0000000000e+02 -6.8506391576e-07 -7.0389093065e-13 3.5318803602e-07 6.8506431413e-07 -3.3187540542e-07 7.0419748860e-13 -3.5318952421e-07 -8.7746531274e-14
d  1.3192313011e-02 2.7653821089e+00 -2.0000000000e-01 1.0596476376e+00 3.0000000000e+02 -6.8192038683e-07 -7.7173153063e-13 3.5321586979e-07 6.8192100891e-07 -3.2870412702e-07 7.7221194307e-13 -3.5321755081e-07 -1.0267746582e-13
d  1.3192339968e-02 2.7653632392e+00 -2.0000000000e-01 1.0597623915e+00 3.0000000000e+02 -6.7769532257e-07 -8.7714794725e-13 3.5325412180e-07 6.7769589884e-07 -3.2444089277e-07 8.7759499617e-13 -3.5325575677e-07 -1.2592936920e-13
d  1.3192372316e-02 2.7653405955e+00 -2.0000000000e-01 1.0599291562e+00 3.0000000000e+02 -6.7172367161e-07 -1.0554074090e-12 3.5330970920e-07 6.7172430903e-07 -3.1841337404e-07 1.0559072309e-12 -3.5331182541e-07 -1.6480863582e-13
d  1.3192391725e-02 2.7653270093e+00 -2.0000000000e-01 1.0600488278e+00 3.0000000000e+02 -6.6753670901e-07 -1.2059010963e-12 3.5334960166e-07 6.6753719637e-07 -3.1418741387e-07 1.2063047667e-12 -3.5335079093e-07 -1.9660558569e-13
d  1.3192415015e-02 2.7653107059e+00 -2.0000000000e-01 1.0602201756e+00 3.0000000000e+02 -6.6166377986e-07 -1.4515066617e-12 3.5340671787e-07 6.6166425198e-07 -3.0825753613e-07 1.4518974008e-12 -3.5340791895e-07 -2.4815020202e-13
d  1.3192442964e-02 2.7652911417e+00 -2.0000000000e-01 1.0604861057e+00 3.0000000000e+02 -6.5278889973e-07 -1.9091622382e-12 3.5349535901e-07 6.5278952006e-07 -2.9929390964e-07 1.9096733409e-12 -3.5349717696e-07 -3.4248539780e-13
d  1.3192459733e-02 2.7652794032e+00 -2.0000000000e-01 1.0606888472e+00 3.0000000000e+02 -6.4617191547e-07 -2.3307086229e-12 3.5356294223e-07 6.4617233786e-07 -2.9261037626e-07 2.3310850068e-12 -3.5356386667e-07 -4.2457281949e-13
d  1.3192479856e-02 2.7652653171e+00 -2.0000000000e-01 1.0609990258e+00 3.0000000000e+02 -6.3624857004e-07 -3.0926201148e-12 3.5366633471e-07 6.3624901572e-07 -2.8258420167e-07 3.0930132170e-12 -3.5366733812e-07 -5.6830282863e-13
d  1.3192504004e-02 2.7652484137e+00 -2.0000000000e-01 1.0615357067e+00 3.0000000000e+02 -6.1953305805e-07 -4.7613538720e-12 3.5384522947e-07 6.1953343500e-07 -2.6569115694e-07 4.7616874979e-12 -3.5384617458e-07 -8.6440068554e-13
d  1.3192518493e-02 2.7652382716e+00 -2.0000000000e-01 1.0619847125e+00 3.0000000000e+02 -6.0586791215e-07 -6.5521695219e-12 3.5399489705e-07 6.0586832570e-07 -2.5187806030e-07 6.5525634415e-12 -3.5399567988e-07 -1.1371260326e-12
d  1.3192535879e-02 2.7652261011e+00 -2.0000000000e-01 1.0627432202e+00 3.0000000000e+02 -5.8334183171e-07 -1.0311355145e-11 3.5424773241e-07 5.8334226846e-07 -2.2910238195e-07 1.0311756857e-11 -3.5424854355e-07 -1.6535600704e-12
d  1.3192556743e-02 2.7652114966e+00 -2.0000000000e-01 1.0642228401e+00 3.0000000000e+02 -5.4084552853e-07 -2.0426626039e-11 3.5474094212e-07 5.4084578446e-07 -1.8612214629e-07 2.0426842110e-11 -3.5474139454e-07 -2.6694267293e-12
d  1.3192581779e-02 2.7651939711e+00 -2.0000000000e-01 1.0669380378e+00 3.0000000000e+02 -4.6394010599e-07 -4.8885164279e-11 3.5564600946e-07 4.6394026739e-07 -1.0833989832e-07 4.8885260137e-11 -3.5564621922e-07 -3.0346752345e-12
d  1.3192611823e-02 2.7651729406e+00 -2.0000000000e-01 1.0688712972e+00 3.0000000000e+02 -3.9535545436e-07 -7.6453742935e-11 3.5629043053e-07 3.9535554519e-07 -3.9143890905e-08 7.6453783856e-11 -3.5629052718e-07 2.4197749182e-12
d  1.3192636217e-02 2.7651558648e+00 -2.0000000000e-01 1.0691479797e+00 3.0000000000e+02 -3.7209681297e-07 -7.1088344818e-11 3.5638265155e-07 3.7209720224e-07 -1.5789780642e-08 7.1088456557e-11 -3.5638305392e-07 4.5431004902e-12
d  1.3192663377e-02 2.7651368529e+00 -2.0000000000e-01 1.0692302506e+00 3.0000000000e+02 -3.6273258194e-07 -5.3676205042e-11 3.5641008253e-07 3.6273262819e-07 -6.3793313045e-09 5.3676234610e-11 -3.5641013036e-07 3.1560483205e-12
d  1.3192682673e-02 2.7651233454e+00 -2.0000000000e-01 1.0692875236e+00 3.0000000000e+02 -3.6007083413e-07 -4.4337742018e-11 3.5642917291e-07 3.6007090573e-07 -3.6884461058e-09 4.4337784142e-11 -3.5642924673e-07 2.4494183122e-12
d  1.3192700068e-02 2.7651111690e+00 -2.0000000000e-01 1.0693105440e+00 3.0000000000e+02 -3.5880403748e-07 -3.8299556153e-11 3.5643683719e-07 3.5880449449e-07 -2.4077005007e-09 3.8299752395e-11 -3.5643730645e-07 2.2125004230e-12
d  1.3192720942e-02 2.7650965572e+00 -2.0000000000e-01 1.0693143718e+00 3.0000000000e+02 -3.5795548386e-07 -3.2291229104e-11 3.5643811954e-07 3.5795567603e-07 -1.5515686722e-09 3.2291308504e-11 -3.5643831681e-07 1.9164906738e-12
d  1.3192745991e-02 2.7650790232e+00 -2.0000000000e-01 1.0693084845e+00 3.0000000000e+02 -3.5740466977e-07 -2.6602340715e-11 3.5643615973e-07 3.5740475064e-07 -9.9670597582e-10 2.6602379306e-11 -3.5643624285e-07 1.5955744036e-12
d  1.3192776049e-02 2.7650579823e+00 -2.0000000000e-01 1.0692961101e+00 3.0000000000e+02 -3.5705246954e-07 -2.1632216317e-11 3.5643203620e-07 3.5705249340e-07 -6.4337885461e-10 2.1632240446e-11 -3.5643206096e-07 1.3140945456e-12
d  1.3192812119e-02 2.7650327332e+00 -2.0000000000e-01 1.0692775127e+00 3.0000000000e+02 -3.5682667376e-07 -1.7501508660e-11 3.5642583752e-07 3.5682667529e-07 -4.1941728412e-10 1.7501528893e-11 -3.5642583948e-07 1.0799484145e-12
d  1.3192855403e-02 2.7650024343e+00 -2.0000000000e-01 1.0692525614e+00 3.0000000000e+02 -3.5667928287e-07 -1.4152640176e-11 3.5641751783e-07 3.5667941569e-07 -2.7680317584e-10 1.4152673169e-11 -3.5641765373e-07 8.8857029032e-13
d  1.3192907344e-02 2.7649660756e+00 -2.0000000000e-01 1.0692208817e+00 3.0000000000e+02 -3.5657984571e-07 -1.1467518348e-11 3.5640695706e-07 3.5658002651e-07 -1.8508585246e-10 1.1467551851e-11 -3.5640714181e-07 7.3393946366e-13
d  1.3192969673e-02 2.7649224452e+00 -2.0000000000e-01 1.0691817387e+00 3.0000000000e+02 -3.5650936962e-07 -9.3158325208e-12 3.5639391272e-07 3.5650937790e-07 -1.2538207542e-10 9.3158530117e-12 -3.5639392155e-07 6.0930113798e-13
d  1.3193044468e-02 2.7648700887e+00 -2.0000000000e-01 1.0691340375e+00 3.0000000000e+02 -3.5645593627e-07 -7.5892562082e-12 3.5637801231e-07 3.5645594559e-07 -8.6021385476e-11 7.5892766345e-12 -3.5637802219e-07 5.0881152943e-13
d  1.3193134223e-02 2.7648072609e+00 -2.0000000000e-01 1.0690763279e+00 3.0000000000e+02 -3.5641189534e-07 -6.1975625429e-12 3.5635877583e-07 3.5641190263e-07 -5.9744009758e-11 6.1975828054e-12 -3.5635878364e-07 4.2742258702e-13
d  1.3193241927e-02 2.7647318675e+00 -2.0000000000e-01 1.0690067718e+00 3.0000000000e+02 -3.5637214468e-07 -5.0722775534e-12 3.5633559049e-07 3.5637215036e-07 -4.1987342165e-11 5.0722977157e-12 -3.5633559666e-07 3.6133652278e-13
d  1.3193371173e-02 2.7646413955e+00 -2.0000000000e-01 1.0689231084e+00 3.0000000000e+02 -3.5633308414e-07 -4.1593214260e-12 3.5630770273e-07 3.5633308872e-07 -2.9847790239e-11 4.1593415309e-12 -3.5630770778e-07 3.0749679751e-13
d  1.3193526268e-02 2.7645328290e+00 -2.0000000000e-01 1.0688225875e+00 3.0000000000e+02 -3.5629197045e-07 -3.4165616100e-12 3.5627419577e-07 3.5629197448e-07 -2.1454326419e-11 3.4165816840e-12 -3.5627420026e-07 2.6351575734e-13
d  1.3193712382e-02 2.7644025493e+00 -2.0000000000e-01 1.0687018847e+00 3.0000000000e+02 -3.5624651122e-07 -2.8106608687e-12 3.5623396150e-07 3.5624651504e-07 -1.5587437883e-11 2.8106809250e-12 -3.5623396578e-07 2.2749333753e-13
d  1.3193935719e-02 2.7642462136e+00 -2.0000000000e-01 1.0685569952e+00 3.0000000000e+02 -3.5619459573e-07 -2.3151702906e-12 3.5618566499e-07 3.5619459966e-07 -1.1443395178e-11 2.3151903372e-12 -3.5618566937e-07 1.9791522015e-13
d  1.3194203723e-02 2.7640586108e+00 -2.0000000000e-01 1.0683831030e+00 3.0000000000e+02 -3.5613410511e-07 -1.9091934079e-12 3.5612770094e-07 3.5613410938e-07 -8.4865055633e-12 1.9092134486e-12 -3.5612770567e-07 1.7358072408e-13
d  1.3194525328e-02 2.7638334875e+00 -2.0000000000e-01 1.0681744227e+00 3.0000000000e+02 -3.5606276668e-07 -1.5764025628e-12 3.5605814082e-07 3.5606277148e-07 -6.3553565011e-12 1.5764225997e-12 -3.5605814610e-07 1.5354978282e-13
d  1.3194911254e-02 2.7635633394e+00 -2.0000000000e-01 1.0679240073e+00 3.0000000000e+02 -3.5597803222e-07 -1.3038362453e-12 3.5597466901e-07 3.5597803776e-07 -4.8036566537e-12 1.3038562796e-12 -3.5597467503e-07 1.3707464637e-13
d  1.3195374365e-02 2.7632391618e+00 -2.0000000000e-01 1.0676235180e+00 3.0000000000e+02 -3.5587696464e-07 -1.0807869018e-12 3.5587450589e-07 3.5587697114e-07 -3.6625949574e-12 1.0808069344e-12 -3.5587451288e-07 1.2353510338e-13
d  1.3195930098e-02 2.7628501486e+00 -2.0000000000e-01 1.0672629467e+00 3.0000000000e+02 -3.5575612054e-07 -8.9843708832e-13 3.5575431544e-07 3.5575612822e-07 -2.8154643084e-12 8.9845711975e-13 -3.5575432363e-07 1.1241842564e-13
d  1.3196596978e-02 2.7623833328e+00 -2.0000000000e-01 1.0668302835e+00 3.0000000000e+02 -3.5561142270e-07 -7.4958825172e-13 3.5561009434e-07 3.5561143183e-07 -2.1807368062e-12 7.4960828218e-13 -3.5561010400e-07 1.0330464193e-13
d  1.3197397234e-02 2.7618231538e+00 -2.0000000000e-01 1.0663111169e+00 3.0000000000e+02 -3.5543801629e-07 -6.2826443881e-13 3.5543703879e-07 3.5543802716e-07 -1.7010583214e-12 6.2828446848e-13 -3.5543705023e-07 9.5843593977e-14
d  1.3198357541e-02 2.7611509390e+00 -2.0000000000e-01 1.0656881549e+00 3.0000000000e+02 -3.5523010181e-07 -5.2949991943e-13 3.5522938475e-07 3.5523011474e-07 -1.3357257243e-12 5.2951994836e-13 -3.5522939828e-07 8.9742965921e-14
d  1.3199509909e-02 2.7603442813e+00 -2.0000000000e-01 1.0649406496e+00 3.0000000000e+02 -3.5498073843e-07 -4.4920391261e-13 3.5498021625e-07 3.5498075381e-07 -1.0555214359e-12 4.4922394084e-13 -3.5498023228e-07 8.4760910046e-14
d  1.3200892752e-02 2.7593762920e+00 -2.0000000000e-01 1.0640437078e+00 3.0000000000e+02 -3.5468161082e-07 -3.8401257623e-13 3.5468123562e-07 3.5468162902e-07 -8.3924119048e-13 3.8403260368e-13 -3.5468125452e-07 8.0697695168e-14
d  1.3202552162e-02 2.7582147049e+00 -2.0000000000e-01 1.0629674646e+00 3.0000000000e+02 -3.5432275137e-07 -3.3115272881e-13 3.5432248812e-07 3.5432275632e-07 -6.7134734555e-13 3.3117273519e-13 -3.5432249353e-07 7.7387850476e-14
d  1.3204543455e-02 2.7568208003e+00 -2.0000000000e-01 1.0616760908e+00 3.0000000000e+02 -3.5389220795e-07 -2.8834500490e-13 3.5389203017e-07 3.5389221362e-07 -5.4035058767e-13 2.8836501088e-13 -3.5389203632e-07 7.4694912489e-14
d  1.3206933007e-02 2.7551481148e+00 -2.0000000000e-01 1.0601266154e+00 3.0000000000e+02 -3.5337565030e-07 -2.5369355127e-13 3.5337553835e-07 3.5337565649e-07 -4.3767770178e-13 2.5371355661e-13 -3.5337554503e-07 7.2504196556e-14
d  1.3209800468e-02 2.7531408922e+00 -2.0000000000e-01 1.0582674934e+00 3.0000000000e+02 -3.5275589197e-07 -2.2566597211e-13 3.5275583103e-07 3.5275589766e-07 -3.5687336673e-13 2.2568597616e-13 -3.5275583720e-07 7.0723182339e-14
d  1.3213241422e-02 2.7507322252e+00 -2.0000000000e-01 1.0560368713e+00 3.0000000000e+02 -3.5201231157e-07 -2.0300506251e-13 3.5201229040e-07 3.5201231412e-07 -2.9304025533e-13 2.0302506408e-13 -3.5201229338e-07 6.9275914719e-14
d  1.3217370567e-02 2.7478418246e+00 -2.0000000000e-01 1.0533605872e+00 3.0000000000e+02 -3.5112018575e-07 -1.8468263200e-13 3.5112019588e-07 3.5112017623e-07 -2.4243926872e-13 1.8470262781e-13 -3.5112018660e-07 6.8098823119e-14
d  1.3222325541e-02 2.7443733440e+00 -2.0000000000e-01 1.0501497141e+00 3.0000000000e+02 -3.5004987027e-07 -1.6986733751e-13 3.5004990483e-07 3.5004986297e-07 -2.0219862790e-13 1.6988733492e-13 -3.5004989780e-07 6.7140858395e-14
d  1.3228271509e-02 2.7402111673e+00 -2.0000000000e-01 1.0462976089e+00 3.0000000000e+02 -3.4876581585e-07 -1.5788518470e-13 3.4876586975e-07 3.4876580909e-07 -1.7010159044e-13 1.5790518277e-13 -3.4876586326e-07 6.6360544659e-14
d  1.3235406671e-02 2.7352165552e+00 -2.0000000000e-01 1.0416764457e+00 3.0000000000e+02 -3.4722541277e-07 -1.4819032394e-13 3.4722548171e-07 3.4722542345e-07 -1.4442937532e-13 1.4821032655e-13 -3.4722549295e-07 6.5723619759e-14
d  1.3243968866e-02 2.7292230207e+00 -2.0000000000e-01 1.0361330225e+00 3.0000000000e+02 -3.4537759283e-07 -1.4034425915e-13 3.4537767397e-07 3.4537760489e-07 -1.2384329392e-13 1.4036426148e-13 -3.4537768661e-07 6.5202608456e-14
d  1.3254243499e-02 2.7220307794e+00 -2.0000000000e-01 1.0294839104e+00 3.0000000000e+02 -3.4316121235e-07 -1.3399013646e-13 3.4316130336e-07 3.4316121781e-07 -1.0729826105e-13 1.3401013732e-13 -3.4316130929e-07 6.4774081000e-14
d  1.3260408279e-02 2.7177154345e+00 -2.0000000000e-01 1.0254959408e+00 3.0000000000e+02 -3.4183188490e-07 -1.3121156993e-13 3.4183198018e-07 3.4183189038e-07 -1.0006579651e-13 1.3123157130e-13 -3.4183198613e-07 6.4583996823e-14
d  1.3267806015e-02 2.7125370207e+00 -2.0000000000e-01 1.0207118877e+00 3.0000000000e+02 -3.4023719643e-07 -1.2852956201e-13 3.4023729579e-07 3.4023720224e-07 -9.3113794930e-14 1.2854956332e-13 -3.4023730207e-07 6.4398749243e-14
d  1.3276683299e-02 2.7063229242e+00 -2.0000000000e-01 1.0149732022e+00 3.0000000000e+02 -3.3832429738e-07 -1.2597346317e-13 3.3832440062e-07 3.3832430370e-07 -8.6496583463e-14 1.2599346429e-13 -3.3832440742e-07 6.4219904018e-14
d  1.3282009669e-02 2.7025944662e+00 -2.0000000000e-01 1.0115311399e+00 3.0000000000e+02 -3.3717694136e-07 -1.2470527926e-13 3.3717704684e-07 3.3717692937e-07 -8.3209698651e-14 1.2472527610e-13 -3.3717703501e-07 6.4129680552e-14
d  1.3288401313e-02 2.6981203167e+00 -2.0000000000e-01 1.0074018083e+00 3.0000000000e+02 -3.3580049548e-07 -1.2338320605e-13 3.3580060260e-07 3.3580050485e-07 -7.9783979955e-14 1.2340320842e-13 -3.3580061251e-07 6.4034705928e-14
d  1.3296071285e-02 2.6927513373e+00 -2.0000000000e-01 1.0024482704e+00 3.0000000000e+02 -3.3414931411e-07 -1.2202453563e-13 3.3414942333e-07 3.3414932133e-07 -7.6261351502e-14 1.2204453709e-13 -3.3414943105e-07 6.3935578163e-14
d  1.3305275253e-02 2.6863085620e+00 -2.0000000000e-01 9.9650643232e-01 3.0000000000e+02 -3.3216869933e-07 -1.2065172004e-13 3.3216881064e-07 3.3216870707e-07 -7.2695255695e-14 1.2067172125e-13 -3.3216881888e-07 6.3833506231e-14
d  1.3310797633e-02 2.6824428968e+00 -2.0000000000e-01 9.9294259242e-01 3.0000000000e+02 -3.3098075161e-07 -1.1993920091e-13 3.3098086422e-07 3.3098074644e-07 -7.0838209649e-14 1.1995919973e-13 -3.3098085934e-07 6.3779517913e-14
d  1.3317424490e-02 2.6778040986e+00 -2.0000000000e-01 9.8866725590e-01 3.0000000000e+02 -3.2955563826e-07 -1.1917300121e-13 3.2955575185e-07 3.2955564520e-07 -6.8839571728e-14 1.1919300279e-13 -3.2955575928e-07 6.3720483440e-14
d  1.3325376717e-02 2.6722375407e+00 -2.0000000000e-01 9.8354799454e-01 3.0000000000e+02 -3.2784921696e-07 -1.1808388357e-13 3.2784933138e-07 3.2784922464e-07 -6.6754640254e-14 1.1810388492e-13 -3.2784933955e-07 6.3564111405e-14
d  1.3334919391e-02 2.6655576712e+00 -2.0000000000e-01 9.7740920502e-01 3.0000000000e+02 -3.2580295240e-07 -1.1729436976e-13 3.2580306828e-07 3.2580295562e-07 -6.4524928032e-14 1.1731437022e-13 -3.2580307193e-07 6.3514939574e-14
d  1.3340644995e-02 2.6615497496e+00 -2.0000000000e-01 9.7372759311e-01 3.0000000000e+02 -3.2457574772e-07 -1.1684816194e-13 3.2457586455e-07 3.2457573658e-07 -6.3334300715e-14 1.1686815963e-13 -3.2457585359e-07 6.3479420961e-14
d  1.3347515720e-02 2.6567402436e+00 -2.0000000000e-01 9.6931133894e-01 3.0000000000e+02 -3.2310366223e-07 -1.1634688132e-13 3.2310377952e-07 3.2310366949e-07 -6.2028249002e-14 1.1636688276e-13 -3.2310378727e-07 6.3435551696e-14
d  1.3355760589e-02 2.6509688364e+00 -2.0000000000e-01 9.6401428084e-01 3.0000000000e+02 -3.2133797537e-07 -1.1580338977e-13 3.2133809348e-07 3.2133798292e-07 -6.0609635509e-14 1.1582339093e-13 -3.2133810152e-07 6.3386636606e-14
d  1.3360707511e-02 2.6475059921e+00 -2.0000000000e-01 9.6083733996e-01 3.0000000000e+02 -3.2027899462e-07 -1.1550413814e-13 3.2027911347e-07 3.2027898568e-07 -5.9826924376e-14 1.1552413607e-13 -3.2027910473e-07 6.3358961331e-14
d  1.3366643817e-02 2.6433505789e+00 -2.0000000000e-01 9.5702630212e-01 3.0000000000e+02 -3.1900864817e-07 -1.1516861843e-13 3.1900876734e-07 3.1900864972e-07 -5.8947794005e-14 1.1518861882e-13 -3.1900876929e-07 6.3327328326e-14
d  1.3373767385e-02 2.6383640831e+00 -2.0000000000e-01 9.5245493261e-01 3.0000000000e+02 -3.1748485776e-07 -1.1479300622e-13 3.1748497741e-07 3.1748486473e-07 -5.7969559089e-14 1.1481300744e-13 -3.1748498487e-07 6.3291030486e-14
d  1.3382315666e-02 2.6323802881e+00 -2.0000000000e-01 9.4697210139e-01 3.0000000000e+02 -3.1565724673e-07 -1.1438398496e-13 3.1565736700e-07 3.1565725427e-07 -5.6892181077e-14 1.1440398596e-13 -3.1565737503e-07 6.3249496635e-14
d  1.3387444634e-02 2.6287900111e+00 -2.0000000000e-01 9.4368392114e-01 3.0000000000e+02 -3.1456118630e-07 -1.1415260851e-13 3.1456130723e-07 3.1456117516e-07 -5.6291138721e-14 1.1417260626e-13 -3.1456129627e-07 6.3225142100e-14
d  1.3393599397e-02 2.6244816787e+00 -2.0000000000e-01 9.3973954711e-01 3.0000000000e+02 -3.1324639456e-07 -1.1389499160e-13 3.1324651550e-07 3.1324640575e-07 -5.5609593047e-14 1.1391499375e-13 -3.1324652725e-07 6.3198204538e-14
d  1.3400985111e-02 2.6193116798e+00 -2.0000000000e-01 9.3500839117e-01 3.0000000000e+02 -3.1166934213e-07 -1.1360479943e-13 3.1166946360e-07 3.1166934882e-07 -5.4843607760e-14 1.1362480043e-13 -3.1166947077e-07 6.3166733068e-14
d  1.3409847969e-02 2.6131076812e+00 -2.0000000000e-01 9.2933406564e-01 3.0000000000e+02 -3.0977789979e-07 -1.1328167069e-13 3.0977802174e-07 3.0977790757e-07 -5.3990401801e-14 1.1330167155e-13 -3.0977803001e-07 6.3130390747e-14
d  1.3415165684e-02 2.6093852820e+00 -2.0000000000e-01 9.2593107611e-01 3.0000000000e+02 -3.0864356967e-07 -1.1310017544e-13 3.0864369226e-07 3.0864355676e-07 -5.3509533096e-14 1.1312017320e-13 -3.0864367948e-07 6.3109429695e-14
d  1.3421546941e-02 2.6049184030e+00 -2.0000000000e-01 9.2184909799e-01 3.0000000000e+02 -3.0728290998e-07 -1.1289310036e-13 3.0728303246e-07 3.0728292152e-07 -5.2960528786e-14 1.1291310223e-13 -3.0728304456e-07 6.3084864329e-14
d  1.3429204450e-02 2.5995581482e+00 -2.0000000000e-01 9.1695306413e-01 3.0000000000e+02 -3.0565089833e-07 -1.1265813171e-13 3.0565102126e-07 3.0565090474e-07 -5.2338048041e-14 1.1267813251e-13 -3.0565102814e-07 6.3056116694e-14
d  1.3433798956e-02 2.5963419953e+00 -2.0000000000e-01 9.1401667854e-01 3.0000000000e+02 -3.0467210293e-07 -1.1252387389e-13 3.0467222628e-07 3.0467209679e-07 -5.1981961889e-14 1.1254387274e-13 -3.0467222039e-07 6.3039249759e-14
d  1.3439312362e-02 2.5924826118e+00 -2.0000000000e-01 9.1049424681e-01 3.0000000000e+02 -3.0349795878e-07 -1.1236894547e-13 3.0349808249e-07 3.0349794593e-07 -5.1570645477e-14 1.1238894327e-13 -3.0349806976e-07 6.3019398075e-14
d  1.3445928450e-02 2.5878513516e+00 -2.0000000000e-01 9.0626911362e-01 3.0000000000e+02 -3.0208958078e-07 -1.1219102346e-13 3.0208970443e-07 3.0208958672e-07 -5.1098180310e-14 1.1221102428e-13 -3.0208971083e-07 6.2996036541e-14
d  1.3453867756e-02 2.5822938394e+00 -2.0000000000e-01 9.0120155018e-01 3.0000000000e+02 -3.0040039266e-07 -1.1198779117e-13 3.0040051661e-07 3.0040039887e-07 -5.0558966176e-14 1.1200779180e-13 -3.0040052329e-07 6.2968498254e-14
d  1.3458631339e-02 2.5789593321e+00 -2.0000000000e-01 8.9816238084e-01 3.0000000000e+02 -2.9938733603e-07 -1.1187095888e-13 2.9938746041e-07 2.9938732815e-07 -5.0248809248e-14 1.1189095764e-13 -2.9938745274e-07 6.2952250428e-14
d  1.3464347639e-02 2.5749579233e+00 -2.0000000000e-01 8.9451674205e-01 3.0000000000e+02 -2.9817212290e-07 -1.1173548246e-13 2.9817224748e-07 2.9817211510e-07 -4.9888974885e-14 1.1175548137e-13 -2.9817223990e-07 6.2933046406e-14
d  1.3471207199e-02 2.5701562328e+00 -2.0000000000e-01 8.9014395745e-01 3.0000000000e+02 -2.9671452780e-07 -1.1157884743e-13 2.9671465238e-07 2.9671453353e-07 -4.9473560248e-14 1.1159884806e-13 -2.9671465857e-07 6.2910269156e-14
d  1.3479438670e-02 2.5643942041e+00 -2.0000000000e-01 8.8489949247e-01 3.0000000000e+02 -2.9496637253e-07 -1.1139894570e-13 2.9496649738e-07 2.9496637860e-07 -4.8996612174e-14 1.1141894617e-13 -2.9496650390e-07 6.2883349939e-14
d  1.3484377554e-02 2.5609369869e+00 -2.0000000000e-01 8.8175432938e-01 3.0000000000e+02 -2.9391798468e-07 -1.1129489300e-13 2.9391810996e-07 2.9391797486e-07 -4.8720873388e-14 1.1131489176e-13 -2.9391810032e-07 6.2867379165e-14
d  1.3490304213e-02 2.5567883263e+00 -2.0000000000e-01 8.7798164387e-01 3.0000000000e+02 -2.9266042266e-07 -1.1117371081e-13 2.9266054780e-07 2.9266043165e-07 -4.8399647462e-14 1.1119371186e-13 -2.9266055729e-07 6.2848457006e-14
d  1.3497416205e-02 2.5518099336e+00 -2.0000000000e-01 8.7345682574e-01 3.0000000000e+02 -2.9115214975e-07 -1.1102575450e-13 2.9115227515e-07 2.9115215516e-07 -4.8028028899e-14 1.1104575496e-13 -2.9115228100e-07 6.2823520230e-14
d  1.3505950595e-02 2.5458358623e+00 -2.0000000000e-01 8.6803064859e-01 3.0000000000e+02 -2.8934342380e-07 -1.1085379931e-13 2.8934354951e-07 2.8934342436e-07 -4.7599200247e-14 1.1087379935e-13 -2.8934355043e-07 6.2793669684e-14
d  1.3511071229e-02 2.5422514195e+00 -2.0000000000e-01 8.6477663312e-01 3.0000000000e+02 -2.8825875183e-07 -1.1076253989e-13 2.8825887791e-07 2.8825874019e-07 -4.7348917238e-14 1.1078253878e-13 -2.8825886640e-07 6.2778904704e-14
d  1.3517215990e-02 2.5379500881e+00 -2.0000000000e-01 8.6087351232e-01 3.0000000000e+02 -2.8695771141e-07 -1.1065106043e-13 2.8695783734e-07 2.8695771652e-07 -4.7056864392e-14 1.1067106087e-13 -2.8695784289e-07 6.2759655839e-14
d  1.3524589703e-02 2.5327884905e+00 -2.0000000000e-01 8.5619221962e-01 3.0000000000e+02 -2.8539728032e-07 -1.1052104443e-13 2.8539740645e-07 2.8539728541e-07 -4.6716515058e-14 1.1054104472e-13 -2.8539741197e-07 6.2736795300e-14
d  1.3529013930e-02 2.5296915320e+00 -2.0000000000e-01 8.5338474925e-01 3.0000000000e+02 -2.8446145675e-07 -1.1044413806e-13 2.8446158317e-07 2.8446145147e-07 -4.6517366546e-14 1.1046413756e-13 -2.8446157814e-07 6.2722901378e-14
d  1.3534323004e-02 2.5259751817e+00 -2.0000000000e-01 8.5001706798e-01 3.0000000000e+02 -2.8333889620e-07 -1.1035465420e-13 2.8333902288e-07 2.8333888362e-07 -4.6282928575e-14 1.1037465318e-13 -2.8333901042e-07 6.2706682368e-14
d  1.3540693892e-02 2.5215155613e+00 -2.0000000000e-01 8.4597770852e-01 3.0000000000e+02 -2.8199244289e-07 -1.1024921387e-13 2.8199256929e-07 2.8199245456e-07 -4.6007923678e-14 1.1026921451e-13 -2.8199258151e-07 6.2687223147e-14
d  1.3548338957e-02 2.5161640169e+00 -2.0000000000e-01 8.4113315836e-01 3.0000000000e+02 -2.8037759267e-07 -1.1012594692e-13 2.8037771936e-07 2.8037759752e-07 -4.5686290444e-14 1.1014594707e-13 -2.8037772464e-07 6.2664039285e-14
d  1.3552925997e-02 2.5129530903e+00 -2.0000000000e-01 8.3822784645e-01 3.0000000000e+02 -2.7940915526e-07 -1.1005312403e-13 2.7940928226e-07 2.7940914854e-07 -4.5497477084e-14 1.1007312361e-13 -2.7940927577e-07 6.2650054206e-14
d  1.3558430444e-02 2.5090999783e+00 -2.0000000000e-01 8.3474288799e-01 3.0000000000e+02 -2.7824750232e-07 -1.0996712552e-13 2.7824762952e-07 2.7824749138e-07 -4.5274806070e-14 1.0998712499e-13 -2.7824761873e-07 6.2633331789e-14
d  1.3565035781e-02 2.5044762440e+00 -2.0000000000e-01 8.3056298854e-01 3.0000000000e+02 -2.7685420236e-07 -1.0986574882e-13 2.7685432925e-07 2.7685421687e-07 -4.5012831812e-14 1.0988574920e-13 -2.7685434435e-07 6.2613329461e-14
d  1.3571430000e-02 2.5000002917e+00 -2.0000000000e-01 8.2651883259e-01 3.0000000000e+02 -2.7550615024e-07 -1.0976917576e-13 2.7550627731e-07 2.7550616228e-07 -4.4764348898e-14 1.0978917600e-13 -2.7550628990e-07 6.2593917114e-14
d  1.3579103063e-02 2.4946291489e+00 -2.0000000000e-01 8.2166865657e-01 3.0000000000e+02 -2.7388942475e-07 -1.0965545032e-13 2.7388955192e-07 2.7388943946e-07 -4.4472332627e-14 1.0967545035e-13 -2.7388956724e-07 6.2570673600e-14
d  1.3583706901e-02 2.4914064632e+00 -2.0000000000e-01 8.1876010235e-01 3.0000000000e+02 -2.7291990659e-07 -1.0958489075e-13 2.7292003424e-07 2.7291989965e-07 -4.4300589835e-14 1.0960489059e-13 -2.7292002751e-07 6.2555612343e-14
d  1.3589231507e-02 2.4875392404e+00 -2.0000000000e-01 8.1527132145e-01 3.0000000000e+02 -2.7175697951e-07 -1.0950590723e-13 2.7175710732e-07 2.7175696978e-07 -4.4096730527e-14 1.0952590712e-13 -2.7175709775e-07 6.2539083919e-14
d  1.3595861033e-02 2.4828985731e+00 -2.0000000000e-01 8.1108692089e-01 3.0000000000e+02 -2.7036217920e-07 -1.0941170088e-13 2.7036230672e-07 2.7036219276e-07 -4.3855999696e-14 1.0943170078e-13 -2.7036232085e-07 6.2519074586e-14
d  1.3603816465e-02 2.4773297723e+00 -2.0000000000e-01 8.0606874281e-01 3.0000000000e+02 -2.6868945302e-07 -1.0930006238e-13 2.6868958090e-07 2.6868945480e-07 -4.3572314079e-14 1.0932006233e-13 -2.6868958305e-07 6.2494915864e-14
d  1.3608589725e-02 2.4739884918e+00 -2.0000000000e-01 8.0305948339e-01 3.0000000000e+02 -2.6768636646e-07 -1.0923302811e-13 2.6768649461e-07 2.6768635798e-07 -4.3404695918e-14 1.0925302822e-13 -2.6768648631e-07 6.2480202728e-14
d  1.3614317636e-02 2.4699789552e+00 -2.0000000000e-01 7.9944999079e-01 3.0000000000e+02 -2.6648320216e-07 -1.0915561357e-13 2.6648333025e-07 2.6648320256e-07 -4.3205703678e-14 1.0917561356e-13 -2.6648333099e-07 6.2463042368e-14
d  1.3621191129e-02 2.4651675113e+00 -2.0000000000e-01 7.9512094178e-01 3.0000000000e+02 -2.6504018570e-07 -1.0906270197e-13 2.6504031369e-07 2.6504019851e-07 -4.2970155459e-14 1.0908270149e-13 -2.6504032706e-07 6.2442280145e-14
d  1.3625315225e-02 2.4622806449e+00 -2.0000000000e-01 7.9252475724e-01 3.0000000000e+02 -2.6417479078e-07 -1.0900697343e-13 2.6417491928e-07 2.6417477943e-07 -4.2830472423e-14 1.0902697380e-13 -2.6417490805e-07 6.2429567279e-14
d  1.3630264140e-02 2.4588164053e+00 -2.0000000000e-01 7.8941056387e-01 3.0000000000e+02 -2.6313672624e-07 -1.0894151038e-13 2.6313685480e-07 2.6313671623e-07 -4.2664200212e-14 1.0896151080e-13 -2.6313684494e-07 6.2414657628e-14
d  1.3636202838e-02 2.4546593177e+00 -2.0000000000e-01 7.8567532281e-01 3.0000000000e+02 -2.6189164578e-07 -1.0886286139e-13 2.6189177414e-07 2.6189165283e-07 -4.2466784746e-14 1.0888286100e-13 -2.6189178164e-07 6.2396469842e-14
d  1.3643329276e-02 2.4496708127e+00 -2.0000000000e-01 7.8119562770e-01 3.0000000000e+02 -2.6039841396e-07 -1.0876953587e-13 2.6039854234e-07 2.6039842615e-07 -4.2232562313e-14 1.0878953509e-13 -2.6039855508e-07 6.2374652942e-14
d  1.3647605139e-02 2.4466777097e+00 -2.0000000000e-01 7.7850917827e-01 3.0000000000e+02 -2.5950293075e-07 -1.0871386969e-13 2.5950305968e-07 2.5950291605e-07 -4.2093380387e-14 1.0873387071e-13 -2.5950304505e-07 6.2361473274e-14
d  1.3652736174e-02 2.4430859860e+00 -2.0000000000e-01 7.7528679913e-01 3.0000000000e+02 -2.5842880428e-07 -1.0864770467e-13 2.5842893324e-07 2.5842879325e-07 -4.1927587654e-14 1.0866770552e-13 -2.5842892234e-07 6.2345744954e-14
d  1.3658893416e-02 2.4387759177e+00 -2.0000000000e-01 7.7142195192e-01 3.0000000000e+02 -2.5714052178e-07 -1.0856733704e-13 2.5714065053e-07 2.5714052769e-07 -4.1730565302e-14 1.0858733653e-13 -2.5714065688e-07 6.2326290773e-14
d  1.3666282107e-02 2.4336038356e+00 -2.0000000000e-01 7.6678717529e-01 3.0000000000e+02 -2.5559559612e-07 -1.0846794931e-13 2.5559572488e-07 2.5559560782e-07 -4.1496960442e-14 1.0848794825e-13 -2.5559573711e-07 6.2301641381e-14
d  1.3670715321e-02 2.4305005864e+00 -2.0000000000e-01 7.6400781345e-01 3.0000000000e+02 -2.5466914210e-07 -1.0841382067e-13 2.5466927125e-07 2.5466913649e-07 -4.1357215300e-14 1.0843382126e-13 -2.5466926585e-07 6.2288556417e-14
d  1.3676035179e-02 2.4267766874e+00 -2.0000000000e-01 7.6067407983e-01 3.0000000000e+02 -2.5355789748e-07 -1.0834702442e-13 2.5355802680e-07 2.5355788694e-07 -4.1190907366e-14 1.0836702561e-13 -2.5355801638e-07 6.2272014060e-14
d  1.3682419007e-02 2.4223080085e+00 -2.0000000000e-01 7.5667577220e-01 3.0000000000e+02 -2.5222512817e-07 -1.0826709191e-13 2.5222525722e-07 2.5222513810e-07 -4.0992769833e-14 1.0828709073e-13 -2.5222526765e-07 6.2252104341e-14
d  1.3690079602e-02 2.4169455938e+00 -2.0000000000e-01 7.5188095367e-01 3.0000000000e+02 -2.5062685521e-07 -1.0817173077e-13 2.5062698455e-07 2.5062685541e-07 -4.0756949726e-14 1.0819173072e-13 -2.5062698508e-07 6.2228075755e-14
d  1.3694675959e-02 2.4137281450e+00 -2.0000000000e-01 7.4900572324e-01 3.0000000000e+02 -2.4966844500e-07 -1.0811466738e-13 2.4966857453e-07 2.4966843817e-07 -4.0616403734e-14 1.0813466837e-13 -2.4966856791e-07 6.2213584339e-14
d  1.3700191587e-02 2.4098672065e+00 -2.0000000000e-01 7.4555710137e-01 3.0000000000e+02 -2.4851890429e-07 -1.0804678845e-13 2.4851903390e-07 2.4851889787e-07 -4.0448616398e-14 1.0806678940e-13 -2.4851902768e-07 6.2196186908e-14
d  1.3706810340e-02 2.4052340802e+00 -2.0000000000e-01 7.4142117376e-01 3.0000000000e+02 -2.4714026166e-07 -1.0796469246e-13 2.4714039107e-07 2.4714027167e-07 -4.0248566324e-14 1.0798469094e-13 -2.4714040159e-07 6.2174965697e-14
d  1.3710781593e-02 2.4024542045e+00 -2.0000000000e-01 7.3894088411e-01 3.0000000000e+02 -2.4631349838e-07 -1.0791601328e-13 2.4631362821e-07 2.4631348867e-07 -4.0129066876e-14 1.0793601515e-13 -2.4631361864e-07 6.2162295698e-14
d  1.3715547095e-02 2.3991183536e+00 -2.0000000000e-01 7.3596579437e-01 3.0000000000e+02 -2.4532180173e-07 -1.0785788844e-13 2.4532193160e-07 2.4532179365e-07 -3.9986192453e-14 1.0787789000e-13 -2.4532192369e-07 6.2147123333e-14
d  1.3721265698e-02 2.3951153325e+00 -2.0000000000e-01 7.3239752352e-01 3.0000000000e+02 -2.4413237803e-07 -1.0778760590e-13 2.4413250774e-07 2.4413238324e-07 -3.9815594940e-14 1.0780760488e-13 -2.4413251336e-07 6.2128585971e-14
d  1.3728128022e-02 2.3903117072e+00 -2.0000000000e-01 7.2811821146e-01 3.0000000000e+02 -2.4270594058e-07 -1.0770537189e-13 2.4270607031e-07 2.4270594999e-07 -3.9611616157e-14 1.0772537019e-13 -2.4270608022e-07 6.2106869551e-14
d  1.3732245417e-02 2.3874295320e+00 -2.0000000000e-01 7.2555201238e-01 3.0000000000e+02 -2.4185054083e-07 -1.0765522861e-13 2.4185067101e-07 2.4185052842e-07 -3.9489846988e-14 1.0767523151e-13 -2.4185065870e-07 6.2093448274e-14
d  1.3737186290e-02 2.3839709217e+00 -2.0000000000e-01 7.2247395396e-01 3.0000000000e+02 -2.4082452128e-07 -1.0759568136e-13 2.4082465148e-07 2.4082451213e-07 -3.9344106275e-14 1.0761568348e-13 -2.4082464248e-07 6.2077500193e-14
d  1.3743115337e-02 2.3798205895e+00 -2.0000000000e-01 7.1878228282e-01 3.0000000000e+02 -2.3959396415e-07 -1.0752435899e-13 2.3959409412e-07 2.3959397246e-07 -3.9169848980e-14 1.0754435712e-13 -2.3959410289e-07 6.2058251823e-14
d  1.3750230195e-02 2.3748401908e+00 -2.0000000000e-01 7.1435523910e-01 3.0000000000e+02 -2.3811828281e-07 -1.0743676985e-13 2.3811841287e-07 2.3811829172e-07 -3.8961872229e-14 1.0745676797e-13 -2.3811842225e-07 6.2034304881e-14
d  1.3754499109e-02 2.3718519515e+00 -2.0000000000e-01 7.1170055610e-01 3.0000000000e+02 -2.3723338842e-07 -1.0738542665e-13 2.3723351898e-07 2.3723337277e-07 -3.8837336772e-14 1.0740543098e-13 -2.3723350336e-07 6.2020241047e-14
d  1.3759621806e-02 2.3682660645e+00 -2.0000000000e-01 7.0851645716e-01 3.0000000000e+02 -2.3617202203e-07 -1.0732441373e-13 2.3617215256e-07 2.3617201250e-07 -3.8688198809e-14 1.0734441631e-13 -2.3617214316e-07 6.2003486198e-14
d  1.3765769043e-02 2.3639630000e+00 -2.0000000000e-01 7.0469774112e-01 3.0000000000e+02 -2.3489911660e-07 -1.0725097665e-13 2.3489924694e-07 2.3489912174e-07 -3.8509758636e-14 1.0727097528e-13 -2.3489925249e-07 6.1983161994e-14
d  1.3773145727e-02 2.3587993226e+00 -2.0000000000e-01 7.0011876591e-01 3.0000000000e+02 -2.3337279144e-07 -1.0715373525e-13 2.3337292193e-07 2.3337279341e-07 -3.8297557657e-14 1.0717373474e-13 -2.3337292424e-07 6.1955514544e-14
d  1.3777571738e-02 2.3557011161e+00 -2.0000000000e-01 6.9737326004e-01 3.0000000000e+02 -2.3245762277e-07 -1.0709376756e-13 2.3245775344e-07 2.3245761747e-07 -3.8170793114e-14 1.0711376921e-13 -2.3245774835e-07 6.1938598179e-14
d  1.3782882950e-02 2.3519832684e+00 -2.0000000000e-01 6.9408035354e-01 3.0000000000e+02 -2.3135998719e-07 -1.0703354192e-13 2.3136011799e-07 2.3135997903e-07 -3.8017604554e-14 1.0705354445e-13 -2.3136010999e-07 6.1921380525e-14
d  1.3789256405e-02 2.3475218511e+00 -2.0000000000e-01 6.9013130037e-01 3.0000000000e+02 -2.3004363605e-07 -1.0695749923e-13 2.3004376665e-07 2.3004364336e-07 -3.7834454795e-14 1.0697749704e-13 -2.3004377440e-07 6.1899939141e-14
d  1.3793080478e-02 2.3448450008e+00 -2.0000000000e-01 6.8776313890e-01 3.0000000000e+02 -2.2925424884e-07 -1.0691247210e-13 2.2925437977e-07 2.2925424076e-07 -3.7724690286e-14 1.0693247529e-13 -2.2925437186e-07 6.1887124469e-14
d  1.3797669366e-02 2.3416327804e+00 -2.0000000000e-01 6.8492262155e-01 3.0000000000e+02 -2.2830740966e-07 -1.0685766366e-13 2.2830754063e-07 2.2830740339e-07 -3.7593237931e-14 1.0687766606e-13 -2.2830753454e-07 6.1871450187e-14
d  1.3803176031e-02 2.3377781158e+00 -2.0000000000e-01 6.8151584865e-01 3.0000000000e+02 -2.2717181862e-07 -1.0679213428e-13 2.2717194975e-07 2.2717180748e-07 -3.7435673225e-14 1.0681213816e-13 -2.2717193871e-07 6.1852599202e-14
d  1.3809784029e-02 2.3331525184e+00 -2.0000000000e-01 6.7743039522e-01 3.0000000000e+02 -2.2581000073e-07 -1.0671357838e-13 2.2581013161e-07 2.2581000773e-07 -3.7246821096e-14 1.0673357606e-13 -2.2581013905e-07 6.1829924420e-14
d  1.3813748828e-02 2.3303771600e+00 -2.0000000000e-01 6.7498053003e-01 3.0000000000e+02 -2.2499337894e-07 -1.0666652485e-13 2.2499351019e-07 2.2499336874e-07 -3.7133638147e-14 1.0668652935e-13 -2.2499350011e-07 6.1816216026e-14
d  1.3818506587e-02 2.3270467298e+00 -2.0000000000e-01 6.7204212454e-01 3.0000000000e+02 -2.2401391038e-07 -1.0660848391e-13 2.2401404164e-07 2.2401390318e-07 -3.6998122748e-14 1.0662848698e-13 -2.2401403461e-07 6.1799234162e-14
d  1.3824215897e-02 2.3230502136e+00 -2.0000000000e-01 6.6851804344e-01 3.0000000000e+02 -2.2283921660e-07 -1.0654227256e-13 2.2283934763e-07 2.2283922622e-07 -3.6835163129e-14 1.0656226870e-13 -2.2283935773e-07 6.1779889938e-14
d  1.3831067070e-02 2.3182543942e+00 -2.0000000000e-01 6.6429209719e-01 3.0000000000e+02 -2.2143056777e-07 -1.0646020709e-13 2.2143069894e-07 2.2143057430e-07 -3.6640123019e-14 1.0648020472e-13 -2.2143070589e-07 6.1755671119e-14
d  1.3835177773e-02 2.3153769026e+00 -2.0000000000e-01 6.6175807984e-01 3.0000000000e+02 -2.2058589526e-07 -1.0641143349e-13 2.2058602684e-07 2.2058588253e-07 -3.6523092666e-14 1.0643143971e-13 -2.2058601418e-07 6.1741202529e-14
d  1.3840110618e-02 2.3119239126e+00 -2.0000000000e-01 6.5871880567e-01 3.0000000000e+02 -2.1957280381e-07 -1.0635271511e-13 2.1957293536e-07 2.1957279596e-07 -3.6382701287e-14 1.0637271880e-13 -2.1957292768e-07 6.1723749102e-14
d  1.3846030031e-02 2.3077803247e+00 -2.0000000000e-01 6.5507391147e-01 3.0000000000e+02 -2.1835783899e-07 -1.0628258406e-13 2.1835797033e-07 2.1835784747e-07 -3.6214219265e-14 1.0630258032e-13 -2.1835797926e-07 6.1702769882e-14
d  1.3853133326e-02 2.3028080191e+00 -2.0000000000e-01 6.5070329054e-01 3.0000000000e+02 -2.1690096526e-07 -1.0619783638e-13 2.1690109683e-07 2.1690096605e-07 -3.6012098313e-14 1.0621783599e-13 -2.1690109793e-07 6.1677263110e-14
d  1.3857395304e-02 2.2998246358e+00 -2.0000000000e-01 6.4808260383e-01 3.0000000000e+02 -2.1602740297e-07 -1.0614806294e-13 2.1602753489e-07 2.1602738727e-07 -3.5890612237e-14 1.0616807139e-13 -2.1602751921e-07 6.1662315429e-14
d  1.3862509677e-02 2.2962445758e+00 -2.0000000000e-01 6.4493946988e-01 3.0000000000e+02 -2.1497969158e-07 -1.0608798962e-13 2.1497982343e-07 2.1497968388e-07 -3.5744892088e-14 1.0610799358e-13 -2.1497981589e-07 6.1643995169e-14
d  1.3868646924e-02 2.2919485038e+00 -2.0000000000e-01 6.4117017688e-01 3.0000000000e+02 -2.1372326050e-07 -1.0601479508e-13 2.1372339198e-07 2.1372327793e-07 -3.5570025343e-14 1.0603478679e-13 -2.1372341002e-07 6.1621653836e-14
d  1.3872329273e-02 2.2893708605e+00 -2.0000000000e-01 6.3890994796e-01 3.0000000000e+02 -2.1296985082e-07 -1.0596819804e-13 2.1296998277e-07 2.1296984426e-07 -3.5465422002e-14 1.0598820229e-13 -2.1296997639e-07 6.1607253144e-14
d  1.3876748091e-02 2.2862776887e+00 -2.0000000000e-01 6.3619896285e-01 3.0000000000e+02 -2.1206618905e-07 -1.0591668982e-13 2.1206632129e-07 2.1206616987e-07 -3.5339202068e-14 1.0593670211e-13 -2.1206630206e-07 6.1591419515e-14
d  1.3882050673e-02 2.2825658825e+00 -2.0000000000e-01 6.3294764679e-01 3.0000000000e+02 -2.1098241696e-07 -1.0585388222e-13 2.1098254903e-07 2.1098241124e-07 -3.5187728655e-14 1.0587388535e-13 -2.1098254350e-07 6.1572010562e-14
d  1.3888413771e-02 2.2781117150e+00 -2.0000000000e-01 6.2904878915e-01 3.0000000000e+02 -2.0968279767e-07 -1.0577786365e-13 2.0968292962e-07 2.0968280269e-07 -3.5005829790e-14 1.0579786102e-13 -2.0968293503e-07 6.1548341771e-14
d  1.3892231630e-02 2.2754392146e+00 -2.0000000000e-01 6.2671089733e-01 3.0000000000e+02 -2.0890350034e-07 -1.0573284318e-13 2.0890363258e-07 2.0890349216e-07 -3.4896472799e-14 1.0575284890e-13 -2.0890362455e-07 6.1534265432e-14
d  1.3896813060e-02 2.2722322140e+00 -2.0000000000e-01 6.2390697097e-01 3.0000000000e+02 -2.0796885817e-07 -1.0567211237e-13 2.0796899042e-07 2.0796885270e-07 -3.4766035888e-14 1.0569211601e-13 -2.0796898514e-07 6.1515064427e-14
d  1.3902310777e-02 2.2683838133e+00 -2.0000000000e-01 6.2054435691e-01 3.0000000000e+02 -2.0684798675e-07 -1.0560742917e-13 2.0684811895e-07 2.0684798785e-07 -3.4608148532e-14 1.0562742837e-13 -2.0684812036e-07 6.1494659965e-14
d  1.3908908037e-02 2.2637657325e+00 -2.0000000000e-01 6.1651219262e-01 3.0000000000e+02 -2.0550393189e-07 -1.0552996634e-13 2.0550406382e-07 2.0550395300e-07 -3.4418232310e-14 1.0554995491e-13 -2.0550408561e-07 6.1470142334e-14
d  1.3912866393e-02 2.2609948840e+00 -2.0000000000e-01 6.1409446007e-01 3.0000000000e+02 -2.0469802099e-07 -1.0548308670e-13 2.0469815354e-07 2.0469801088e-07 -3.4304151645e-14 1.0550309431e-13 -2.0469814354e-07 6.1455146242e-14
d  1.3917616421e-02 2.2576698658e+00 -2.0000000000e-01 6.1119473842e-01 3.0000000000e+02 -2.0373144704e-07 -1.0542710722e-13 2.0373157958e-07 2.0373144095e-07 -3.4166968140e-14 1.0544711158e-13 -2.0373157367e-07 6.1437231617e-14
d  1.3923316454e-02 2.2536798440e+00 -2.0000000000e-01 6.0771732518e-01 3.0000000000e+02 -2.0257230922e-07 -1.0535992798e-13 2.0257244149e-07 2.0257232210e-07 -3.4002007143e-14 1.0537991946e-13 -2.0257245489e-07 6.1415604754e-14
d  1.3930156493e-02 2.2488918178e+00 -2.0000000000e-01 6.0354769678e-01 3.0000000000e+02 -2.0118243299e-07 -1.0527917805e-13 2.0118256519e-07 2.0118245507e-07 -3.3803456499e-14 1.0529916531e-13 -2.0118258796e-07 6.1389454265e-14
d  1.3934260516e-02 2.2460190021e+00 -2.0000000000e-01 6.0104764029e-01 3.0000000000e+02 -2.0034908077e-07 -1.0522901918e-13 2.0034921365e-07 2.0034906841e-07 -3.3684227387e-14 1.0524902919e-13 -2.0034920135e-07 6.1373534534e-14
d  1.3939185345e-02 2.2425716232e+00 -2.0000000000e-01 5.9804928377e-01 3.0000000000e+02 -1.9934962853e-07 -1.0517325617e-13 1.9934976136e-07 1.9934962219e-07 -3.3540536154e-14 1.0519326103e-13 -1.9934975520e-07 6.1354765490e-14
d  1.3945095139e-02 2.2384347686e+00 -2.0000000000e-01 5.9445374283e-01 3.0000000000e+02 -1.9815111481e-07 -1.0510287173e-13 1.9815124747e-07 1.9815112269e-07 -3.3367826276e-14 1.0512286611e-13 -1.9815125577e-07 6.1331748500e-14
d  1.3948641015e-02 2.2359526558e+00 -2.0000000000e-01 5.9229772568e-01 3.0000000000e+02 -1.9743244237e-07 -1.0506100314e-13 1.9743257559e-07 1.9743242163e-07 -3.3263907046e-14 1.0508102372e-13 -1.9743255477e-07 6.1317891424e-14
d  1.3952896067e-02 2.2329741205e+00 -2.0000000000e-01 5.8971180144e-01 3.0000000000e+02 -1.9657046757e-07 -1.0501043992e-13 1.9657060074e-07 1.9657045258e-07 -3.3138969225e-14 1.0503045413e-13 -1.9657058578e-07 6.1301339344e-14
d  1.3958002129e-02 2.2293998781e+00 -2.0000000000e-01 5.8661056788e-01 3.0000000000e+02 -1.9553672298e-07 -1.0495126509e-13 1.9553685606e-07 1.9553671721e-07 -3.2988584753e-14 1.0497126972e-13 -1.9553685047e-07 6.1281414525e-14
d  1.3964129403e-02 2.2251107872e+00 -2.0000000000e-01 5.8289180202e-01 3.0000000000e+02 -1.9429713427e-07 -1.0487928178e-13 1.9429726709e-07 1.9429714846e-07 -3.2807564744e-14 1.0489927128e-13 -1.9429728181e-07 6.1257353306e-14
d  1.3967805768e-02 2.2225373327e+00 -2.0000000000e-01 5.8066199750e-01 3.0000000000e+02 -1.9355386605e-07 -1.0483457319e-13 1.9355399927e-07 1.9355385983e-07 -3.2698874935e-14 1.0485457953e-13 -1.9355399322e-07 6.1242288977e-14
d  1.3972217406e-02 2.2194491873e+00 -2.0000000000e-01 5.7798770095e-01 3.0000000000e+02 -1.9266243380e-07 -1.0478081092e-13 1.9266256729e-07 1.9266241595e-07 -3.2568144210e-14 1.0480082879e-13 -1.9266254941e-07 6.1224127247e-14
d  1.3977511371e-02 2.2157434127e+00 -2.0000000000e-01 5.7478060183e-01 3.0000000000e+02 -1.9159340069e-07 -1.0471970131e-13 1.9159353420e-07 1.9159338572e-07 -3.2410325208e-14 1.0473971427e-13 -1.9159351925e-07 6.1203393128e-14
d  1.3983864129e-02 2.2112964833e+00 -2.0000000000e-01 5.7093506130e-01 3.0000000000e+02 -1.9031155376e-07 -1.0464535733e-13 1.9031168681e-07 1.9031156986e-07 -3.2220394130e-14 1.0466534484e-13 -1.9031170348e-07 6.1178029659e-14
d  1.3987675784e-02 2.2086283257e+00 -2.0000000000e-01 5.6862931379e-01 3.0000000000e+02 -1.8954297120e-07 -1.0460021380e-13 1.8954310473e-07 1.8954296359e-07 -3.2106159749e-14 1.0462022201e-13 -1.8954309727e-07 6.1162502023e-14
d  1.3992249770e-02 2.2054265365e+00 -2.0000000000e-01 5.6586399186e-01 3.0000000000e+02 -1.8862119715e-07 -1.0454612971e-13 1.8862133098e-07 1.8862117644e-07 -3.1968664993e-14 1.0456615157e-13 -1.8862131018e-07 6.1143884698e-14
d  1.3997738553e-02 2.2015843895e+00 -2.0000000000e-01 5.6254811114e-01 3.0000000000e+02 -1.8751590352e-07 -1.0447176451e-13 1.8751603680e-07 1.8751591737e-07 -3.1804476125e-14 1.0449175150e-13 -1.8751605118e-07 6.1118228490e-14
d  1.4004325092e-02 2.1969738130e+00 -2.0000000000e-01 5.5857238875e-01 3.0000000000e+02 -1.8619066262e-07 -1.0439623722e-13 1.8619079598e-07 1.8619067787e-07 -3.1604724790e-14 1.0441622477e-13 -1.8619081178e-07 6.1091904739e-14
d  1.4008277016e-02 2.1942074672e+00 -2.0000000000e-01 5.5618869609e-01 3.0000000000e+02 -1.8539609834e-07 -1.0434997524e-13 1.8539623219e-07 1.8539608911e-07 -3.1484588834e-14 1.0436998579e-13 -1.8539622307e-07 6.1075660851e-14
d  1.4013019324e-02 2.1908878521e+00 -2.0000000000e-01 5.5333003491e-01 3.0000000000e+02 -1.8444321122e-07 -1.0429224198e-13 1.8444334537e-07 1.8444318824e-07 -3.1340279037e-14 1.0431226754e-13 -1.8444332227e-07 6.1055382079e-14
d  1.4018710095e-02 2.1869043141e+00 -2.0000000000e-01 5.4990228422e-01 3.0000000000e+02 -1.8330062758e-07 -1.0422032101e-13 1.8330076114e-07 1.8330064252e-07 -3.1166841155e-14 1.0424030626e-13 -1.8330077663e-07 6.1030049134e-14
d  1.4025539019e-02 2.1821240685e+00 -2.0000000000e-01 5.4579257560e-01 3.0000000000e+02 -1.8193072460e-07 -1.0414332978e-13 1.8193085824e-07 1.8193074103e-07 -3.0956397936e-14 1.0416331569e-13 -1.8193087524e-07 6.1002559493e-14
d  1.4029636374e-02 2.1792559211e+00 -2.0000000000e-01 5.4332864102e-01 3.0000000000e+02 -1.8110941301e-07 -1.0409411188e-13 1.8110954720e-07 1.8110940190e-07 -3.0829995175e-14 1.0411412531e-13 -1.8110953617e-07 6.0985386691e-14
d  1.4034553199e-02 2.1758141442e+00 -2.0000000000e-01 5.4037379463e-01 3.0000000000e+02 -1.8012446413e-07 -1.0403936920e-13 1.8012459861e-07 1.8012444089e-07 -3.0677484879e-14 1.0405939643e-13 -1.8012457524e-07 6.0965124623e-14
d  1.4040453390e-02 2.1716840120e+00 -2.0000000000e-01 5.3683069077e-01 3.0000000000e+02 -1.7894342942e-07 -1.0397088603e-13 1.7894356347e-07 1.7894343626e-07 -3.0493805911e-14 1.0399087881e-13 -1.7894357070e-07 6.0940511421e-14
d  1.4043993504e-02 2.1692059327e+00 -2.0000000000e-01 5.3470625899e-01 3.0000000000e+02 -1.7823528544e-07 -1.0392985156e-13 1.7823541999e-07 1.7823526624e-07 -3.0383201482e-14 1.0394987991e-13 -1.7823540073e-07 6.0925540475e-14
d  1.4048241641e-02 2.1662322375e+00 -2.0000000000e-01 5.3215835949e-01 3.0000000000e+02 -1.7738598554e-07 -1.0388036396e-13 1.7738612005e-07 1.7738597228e-07 -3.0250094086e-14 1.0390038260e-13 -1.7738610684e-07 6.0907709336e-14
d  1.4053339406e-02 2.1626638032e+00 -2.0000000000e-01 5.2910292953e-01 3.0000000000e+02 -1.7636750881e-07 -1.0382257159e-13 1.7636764350e-07 1.7636748973e-07 -3.0089667473e-14 1.0384259478e-13 -1.7636762437e-07 6.0886277005e-14
d  1.4059456723e-02 2.1583816821e+00 -2.0000000000e-01 5.2543937586e-01 3.0000000000e+02 -1.7514632415e-07 -1.0375242355e-13 1.7514645843e-07 1.7514633502e-07 -2.9896273706e-14 1.0377241176e-13 -1.7514646975e-07 6.0860463420e-14
d  1.4063127114e-02 2.1558124094e+00 -2.0000000000e-01 5.2324280162e-01 3.0000000000e+02 -1.7441413268e-07 -1.0371048352e-13 1.7441426762e-07 1.7441410831e-07 -2.9779729464e-14 1.0373052108e-13 -1.7441424310e-07 6.0844834609e-14
d  1.4067531583e-02 2.1527292823e+00 -2.0000000000e-01 5.2060845298e-01 3.0000000000e+02 -1.7353601639e-07 -1.0365996782e-13 1.7353615125e-07 1.7353600087e-07 -2.9639469222e-14 1.0367999058e-13 -1.7353613574e-07 6.0826262538e-14
d  1.4072816945e-02 2.1490295296e+00 -2.0000000000e-01 5.1744948641e-01 3.0000000000e+02 -1.7248302745e-07 -1.0359980258e-13 1.7248316222e-07 1.7248302223e-07 -2.9470519165e-14 1.0361980899e-13 -1.7248315718e-07 6.0803512095e-14
d  1.4079159380e-02 2.1445898265e+00 -2.0000000000e-01 5.1366198503e-01 3.0000000000e+02 -1.7122052689e-07 -1.0352708641e-13 1.7122066148e-07 1.7122053819e-07 -2.9266746144e-14 1.0354707366e-13 -1.7122067324e-07 6.0776177483e-14
d  1.4082964841e-02 2.1419260046e+00 -2.0000000000e-01 5.1139116674e-01 3.0000000000e+02 -1.7046358739e-07 -1.0348533084e-13 1.7046372235e-07 1.7046358116e-07 -2.9143720920e-14 1.0350534058e-13 -1.7046371628e-07 6.0760257500e-14
d  1.4087531394e-02 2.1387294183e+00 -2.0000000000e-01 5.0866787121e-01 3.0000000000e+02 -1.6955582214e-07 -1.0343365150e-13 1.6955595736e-07 1.6955580457e-07 -2.8995754428e-14 1.0345367840e-13 -1.6955593976e-07 6.0740604102e-14
d  1.4093011258e-02 2.1348935148e+00 -2.0000000000e-01 5.0540235194e-01 3.0000000000e+02 -1.6846731562e-07 -1.0337222634e-13 1.6846745018e-07 1.6846734318e-07 -2.8817335487e-14 1.0339218928e-13 -1.6846747847e-07 6.0717094893e-14
d  1.4099587094e-02 2.1302904306e+00 -2.0000000000e-01 5.0148747240e-01 3.0000000000e+02 -1.6716235567e-07 -1.0329082004e-13 1.6716249062e-07 1.6716236624e-07 -2.8603249515e-14 1.0331080759e-13 -1.6716250164e-07 6.0686016184e-14
d  1.4103532596e-02 2.1275285800e+00 -2.0000000000e-01 4.9914043025e-01 3.0000000000e+02 -1.6638000822e-07 -1.0324798399e-13 1.6638014354e-07 1.6638000073e-07 -2.8473375580e-14 1.0326799628e-13 -1.6638013620e-07 6.0669278912e-14
d  1.4108267198e-02 2.1242143594e+00 -2.0000000000e-01 4.9632581929e-01 3.0000000000e+02 -1.6544180448e-07 -1.0319581113e-13 1.6544194007e-07 1.6544178577e-07 -2.8316992917e-14 1.0321584104e-13 -1.6544192132e-07 6.0648921372e-14
d  1.4113948721e-02 2.1202372946e+00 -2.0000000000e-01 4.9295094195e-01 3.0000000000e+02 -1.6431684526e-07 -1.0313311941e-13 1.6431698038e-07 1.6431686156e-07 -2.8128472586e-14 1.0315309643e-13 -1.6431699721e-07 6.0624292629e-14
d  1.4120766548e-02 2.1154648169e+00 -2.0000000000e-01 4.8890499082e-01 3.0000000000e+02 -1.6296819476e-07 -1.0305612211e-13 1.6296833010e-07 1.6296820487e-07 -2.7901248090e-14 1.0307610968e-13 -1.6296834064e-07 6.0593858077e-14
d  1.4124857245e-02 2.1126013302e+00 -2.0000000000e-01 4.8647948509e-01 3.0000000000e+02 -1.6215969278e-07 -1.0300960256e-13 1.6215982851e-07 1.6215968386e-07 -2.7764283362e-14 1.0302961794e-13 -1.6215981970e-07 6.0575413073e-14
d  1.4129766080e-02 2.1091651463e+00 -2.0000000000e-01 4.8357087694e-01 3.0000000000e+02 -1.6119015664e-07 -1.0295701183e-13 1.6119029260e-07 1.6119013923e-07 -2.7598776175e-14 1.0297704091e-13 -1.6119027516e-07 6.0554264705e-14
d  1.4135656683e-02 2.1050417255e+00 -2.0000000000e-01 4.8008343623e-01 3.0000000000e+02 -1.6002767629e-07 -1.0289333251e-13 1.6002781152e-07 1.6002771019e-07 -2.7399248631e-14 1.0291328288e-13 -1.6002784623e-07 6.0528532083e-14
d  1.4142725406e-02 2.1000936206e+00 -2.0000000000e-01 4.7590268255e-01 3.0000000000e+02 -1.5863409160e-07 -1.0281741658e-13 1.5863422734e-07 1.5863410258e-07 -2.7158298459e-14 1.0283740249e-13 -1.5863423876e-07 6.0497504363e-14
d  1.4146966640e-02 2.0971247576e+00 -2.0000000000e-01 4.7339641920e-01 3.0000000000e+02 -1.5779867040e-07 -1.0277169303e-13 1.5779880657e-07 1.5779865993e-07 -2.7012958128e-14 1.0279171199e-13 -1.5779879619e-07 6.0478899570e-14
d  1.4152056121e-02 2.0935621221e+00 -2.0000000000e-01 4.7039107414e-01 3.0000000000e+02 -1.5679688861e-07 -1.0271856408e-13 1.5679702488e-07 1.5679687792e-07 -2.6837642917e-14 1.0273858262e-13 -1.5679701428e-07 6.0456660521e-14
d  1.4158163498e-02 2.0892869595e+00 -2.0000000000e-01 4.6678778858e-01 3.0000000000e+02 -1.5559579330e-07 -1.0265444008e-13 1.5559592940e-07 1.5559580125e-07 -2.6626094543e-14 1.0267442766e-13 -1.5559593772e-07 6.0429922987e-14
d  1.4165492350e-02 2.0841567643e+00 -2.0000000000e-01 4.6246845311e-01 3.0000000000e+02 -1.5415601467e-07 -1.0257564618e-13 1.5415615097e-07 1.5415601863e-07 -2.6370751367e-14 1.0259564069e-13 -1.5415615525e-07 6.0396808863e-14
d  1.4169889662e-02 2.0810786472e+00 -2.0000000000e-01 4.5987925805e-01 3.0000000000e+02 -1.5329294956e-07 -1.0252853751e-13 1.5329308621e-07 1.5329293745e-07 -2.6216858541e-14 1.0254856058e-13 -1.5329307416e-07 6.0377190857e-14
d  1.4175166435e-02 2.0773849067e+00 -2.0000000000e-01 4.5677457597e-01 3.0000000000e+02 -1.5225805542e-07 -1.0247606342e-13 1.5225819187e-07 1.5225806265e-07 -2.6030767783e-14 1.0249604963e-13 -1.5225819947e-07 6.0354260781e-14
d  1.4181498564e-02 2.0729524180e+00 -2.0000000000e-01 4.5305234808e-01 3.0000000000e+02 -1.5101731266e-07 -1.0241162528e-13 1.5101744924e-07 1.5101732032e-07 -2.5806270885e-14 1.0243161270e-13 -1.5101745728e-07 6.0326431631e-14
d  1.4185297841e-02 2.0702929249e+00 -2.0000000000e-01 4.5082082463e-01 3.0000000000e+02 -1.5027347143e-07 -1.0237178799e-13 1.5027360854e-07 1.5027345042e-07 -2.5671019916e-14 1.0239183690e-13 -1.5027358745e-07 6.0309088481e-14
d  1.4189856973e-02 2.0671015330e+00 -2.0000000000e-01 4.4814497670e-01 3.0000000000e+02 -1.4938152204e-07 -1.0231496233e-13 1.4938165911e-07 1.4938150870e-07 -2.5509554026e-14 1.0233499182e-13 -1.4938164581e-07 6.0285447921e-14
d  1.4195327932e-02 2.0632718629e+00 -2.0000000000e-01 4.4493654485e-01 3.0000000000e+02 -1.4831204464e-07 -1.0226339318e-13 1.4831218091e-07 1.4831209037e-07 -2.5312481283e-14 1.0228330475e-13 -1.4831222760e-07 6.0262164225e-14
d  1.4201893083e-02 2.0586762587e+00 -2.0000000000e-01 4.4109010722e-01 3.0000000000e+02 -1.4702989861e-07 -1.0219900763e-13 1.4703003502e-07 1.4702994557e-07 -2.5074930479e-14 1.0221892944e-13 -1.4703008295e-07 6.0233316873e-14
d  1.4209771264e-02 2.0531615336e+00 -2.0000000000e-01 4.3647966884e-01 3.0000000000e+02 -1.4549308564e-07 -1.0212318302e-13 1.4549322292e-07 1.4549308695e-07 -2.4787728639e-14 1.0214318084e-13 -1.4549322450e-07 6.0198791096e-14
d  1.4219225081e-02 2.0465438636e+00 -2.0000000000e-01 4.3095492023e-01 3.0000000000e+02 -1.4365150256e-07 -1.0202949265e-13 1.4365163984e-07 1.4365151809e-07 -2.4440638632e-14 1.0204947297e-13 -1.4365165585e-07 6.0156051493e-14
d  1.4224897371e-02 2.0425732615e+00 -2.0000000000e-01 4.2764417651e-01 3.0000000000e+02 -1.4254792119e-07 -1.0197365596e-13 1.4254805856e-07 1.4254793939e-07 -2.4230918838e-14 1.0199362199e-13 -1.4254807729e-07 6.0130262568e-14
d  1.4231704119e-02 2.0378085391e+00 -2.0000000000e-01 4.2367520465e-01 3.0000000000e+02 -1.4122493040e-07 -1.0191344524e-13 1.4122506755e-07 1.4122497553e-07 -2.3976821633e-14 1.0193336473e-13 -1.4122511359e-07 6.0101311099e-14
d  1.4239872217e-02 2.0320908721e+00 -2.0000000000e-01 4.1891806896e-01 3.0000000000e+02 -1.3963921831e-07 -1.0184082205e-13 1.3963935619e-07 1.3963922701e-07 -2.3669817293e-14 1.0186080836e-13 -1.3963936526e-07 6.0066140506e-14
d  1.4249673935e-02 2.0252296718e+00 -2.0000000000e-01 4.1321761398e-01 3.0000000000e+02 -1.3773906640e-07 -1.0175559388e-13 1.3773920445e-07 1.3773908062e-07 -2.3298122757e-14 1.0177557454e-13 -1.3773921912e-07 6.0024059421e-14
d  1.4255554965e-02 2.0211129516e+00 -2.0000000000e-01 4.0980158631e-01 3.0000000000e+02 -1.3660039036e-07 -1.0170556723e-13 1.3660052830e-07 1.3660042298e-07 -2.3073447213e-14 1.0172550216e-13 -1.3660056163e-07 5.9998860882e-14
d  1.4262612202e-02 2.0161728874e+00 -2.0000000000e-01 4.0570650856e-01 3.0000000000e+02 -1.3523536426e-07 -1.0164795298e-13 1.3523550223e-07 1.3523540832e-07 -2.2801906457e-14 1.0166786847e-13 -1.3523554716e-07 5.9969198242e-14
d  1.4271080886e-02 2.0102448103e+00 -2.0000000000e-01 4.0079856267e-01 3.0000000000e+02 -1.3359938208e-07 -1.0157518759e-13 1.3359952076e-07 1.3359939110e-07 -2.2474388920e-14 1.0159517233e-13 -1.3359953015e-07 5.9931961609e-14
d  1.4281243307e-02 2.0031311178e+00 -2.0000000000e-01 3.9491778722e-01 3.0000000000e+02 -1.3163912332e-07 -1.0149378494e-13 1.3163926223e-07 1.3163913622e-07 -2.2077405830e-14 1.0151376604e-13 -1.3163927554e-07 5.9888699971e-14
d  1.4285710000e-02 2.0000044333e+00 -2.0000000000e-01 3.9233594359e-01 3.0000000000e+02 -1.3077850865e-07 -1.0146249992e-13 1.3077864797e-07 1.3077850059e-07 -2.1901297004e-14 1.0148252133e-13 -1.3077864004e-07 5.9870922775e-14
d  1.4291070032e-02 1.9962524119e+00 -2.0000000000e-01 3.8924006619e-01 3.0000000000e+02 -1.2974654936e-07 -1.0142377361e-13 1.2974668813e-07 1.2974659405e-07 -2.1689133333e-14 1.0144365063e-13 -1.2974673365e-07 5.9849273991e-14
d  1.4297502071e-02 1.9917499863e+00 -2.0000000000e-01 3.8552834368e-01 3.0000000000e+02 -1.2850930834e-07 -1.0137919551e-13 1.2850944737e-07 1.2850934792e-07 -2.1433090915e-14 1.0139910190e-13 -1.2850948771e-07 5.9823514204e-14
d  1.4305220517e-02 1.9863470755e+00 -2.0000000000e-01 3.8107902125e-01 3.0000000000e+02 -1.2702620063e-07 -1.0132932018e-13 1.2702633979e-07 1.2702624912e-07 -2.1123670294e-14 1.0134922124e-13 -1.2702638914e-07 5.9793202959e-14
d  1.4314482652e-02 1.9798635825e+00 -2.0000000000e-01 3.7574656821e-01 3.0000000000e+02 -1.2524871600e-07 -1.0127189127e-13 1.2524885593e-07 1.2524872706e-07 -2.0749373763e-14 1.0129187141e-13 -1.2524886736e-07 5.9757472750e-14
d  1.4325597215e-02 1.9720833909e+00 -2.0000000000e-01 3.6935712962e-01 3.0000000000e+02 -1.2311890279e-07 -1.0120918215e-13 1.2311904306e-07 1.2311891460e-07 -2.0295785220e-14 1.0122916360e-13 -1.2311905525e-07 5.9715873083e-14
d  1.4338934690e-02 1.9627471611e+00 -2.0000000000e-01 3.6170324531e-01 3.0000000000e+02 -1.2056760759e-07 -1.0114067202e-13 1.2056774828e-07 1.2056762068e-07 -1.9745461072e-14 1.0116065389e-13 -1.2056776176e-07 5.9667126148e-14
d  1.4346937175e-02 1.9571454231e+00 -2.0000000000e-01 3.5711788964e-01 3.0000000000e+02 -1.1903915543e-07 -1.0110130098e-13 1.1903929593e-07 1.1903920977e-07 -1.9412417737e-14 1.0112119009e-13 -1.1903935112e-07 5.9638218420e-14
d  1.4356540157e-02 1.9504233376e+00 -2.0000000000e-01 3.5162232686e-01 3.0000000000e+02 -1.1720730084e-07 -1.0105963834e-13 1.1720744216e-07 1.1720731200e-07 -1.9009766266e-14 1.0107961591e-13 -1.1720745367e-07 5.9603879250e-14
d  1.4362301946e-02 1.9463900863e+00 -2.0000000000e-01 3.4832822384e-01 3.0000000000e+02 -1.1610926628e-07 -1.0104859348e-13 1.1610940762e-07 1.1610929644e-07 -1.8764868175e-14 1.0106850426e-13 -1.1610943833e-07 5.9587717253e-14
d  1.4369216093e-02 1.9415501848e+00 -2.0000000000e-01 3.4437825598e-01 3.0000000000e+02 -1.1479261007e-07 -1.0103666323e-13 1.1479275155e-07 1.1479265242e-07 -1.8469328689e-14 1.0105654281e-13 -1.1479279457e-07 5.9568713934e-14
d  1.4377513069e-02 1.9357423029e+00 -2.0000000000e-01 3.3964227712e-01 3.0000000000e+02 -1.1321395012e-07 -1.0102898911e-13 1.1321409170e-07 1.1321401726e-07 -1.8111807962e-14 1.0104882423e-13 -1.1321415975e-07 5.9547650066e-14
d  1.4387469441e-02 1.9287728446e+00 -2.0000000000e-01 3.3396401908e-01 3.0000000000e+02 -1.1132119701e-07 -1.0103871389e-13 1.1132133876e-07 1.1132129516e-07 -1.7677241714e-14 1.0105850417e-13 -1.1132143807e-07 5.9528106148e-14
d  1.4393443264e-02 1.9245911697e+00 -2.0000000000e-01 3.3055911930e-01 3.0000000000e+02 -1.1018623014e-07 -1.0106106438e-13 1.1018637271e-07 1.1018627197e-07 -1.7412728872e-14 1.0108093072e-13 -1.1018641516e-07 5.9521456348e-14
d  1.4400611852e-02 1.9195731597e+00 -2.0000000000e-01 3.2647334601e-01 3.0000000000e+02 -1.0882430529e-07 -1.0114245069e-13 1.0882444822e-07 1.0882435664e-07 -1.7085645501e-14 1.0116229269e-13 -1.0882450024e-07 5.9531620185e-14
d  1.4409214157e-02 1.9135515478e+00 -2.0000000000e-01 3.2156751830e-01 3.0000000000e+02 -1.0718902878e-07 -1.0130243005e-13 1.0718917199e-07 1.0718912258e-07 -1.6681200228e-14 1.0132218043e-13 -1.0718926678e-07 5.9564513495e-14
d  1.4419536923e-02 1.9063256135e+00 -2.0000000000e-01 3.1568472873e-01 3.0000000000e+02 -1.0522809853e-07 -1.0127839544e-13 1.0522824197e-07 1.0522822090e-07 -1.6224402203e-14 1.0129811139e-13 -1.0522836550e-07 5.9529753764e-14
d  1.4425730583e-02 1.9019900529e+00 -2.0000000000e-01 3.1215801804e-01 3.0000000000e+02 -1.0405252804e-07 -1.0127402391e-13 1.0405267228e-07 1.0405258209e-07 -1.5947704061e-14 1.0129383597e-13 -1.0405272695e-07 5.9511691496e-14
d  1.4433162975e-02 1.8967873802e+00 -2.0000000000e-01 3.0792881295e-01 3.0000000000e+02 -1.0264279268e-07 -1.0128704280e-13 1.0264293716e-07 1.0264286377e-07 -1.5611696468e-14 1.0130680431e-13 -1.0264300896e-07 5.9495803131e-14
d  1.4442081845e-02 1.8905441729e+00 -2.0000000000e-01 3.0285789023e-01 3.0000000000e+02 -1.0095248470e-07 -1.0130337505e-13 1.0095262925e-07 1.0095261905e-07 -1.5206623743e-14 1.0132298440e-13 -1.0095276464e-07 5.9476303061e-14
d  1.4452784489e-02 1.8830523242e+00 -2.0000000000e-01 2.9677857458e-01 3.0000000000e+02 -9.8926045656e-08 -1.0133036398e-13 9.8926190625e-08 9.8926213518e-08 -1.4717100589e-14 1.0134993725e-13 -9.8926359605e-08 5.9454281209e-14
d  1.4465627662e-02 1.8740621058e+00 -2.0000000000e-01 2.8949144724e-01 3.0000000000e+02 -9.6497002598e-08 -1.0137261472e-13 9.6497148037e-08 9.6497244574e-08 -1.4124989392e-14 1.0139207194e-13 -9.6497391271e-08 5.9429584243e-14
d  1.4473333565e-02 1.8686679747e+00 -2.0000000000e-01 2.8512313829e-01 3.0000000000e+02 -9.5040899233e-08 -1.0140742577e-13 9.5041045557e-08 9.5041044277e-08 -1.3766949995e-14 1.0142693575e-13 -9.5041191355e-08 5.9416916129e-14
d  1.4482580650e-02 1.8621950175e+00 -2.0000000000e-01 2.7988478640e-01 3.0000000000e+02 -9.3294781468e-08 -1.0145589877e-13 9.3294927961e-08 9.3295073892e-08 -1.3334659480e-14 1.0147493713e-13 -9.3295221437e-08 5.9403283907e-14
d  1.4493677151e-02 1.8544274687e+00 -2.0000000000e-01 2.7360423714e-01 3.0000000000e+02 -9.1201264491e-08 -1.0151207953e-13 9.1201411485e-08 9.1201773941e-08 -1.2814377546e-14 1.0153061058e-13 -9.1201922043e-08 5.9384442000e-14
d  1.4500335052e-02 1.8497669395e+00 -2.0000000000e-01 2.6983848903e-01 3.0000000000e+02 -8.9946014763e-08 -1.0155808903e-13 8.9946162615e-08 8.9946353221e-08 -1.2499508213e-14 1.0157662028e-13 -8.9946501677e-08 5.9376615383e-14
d  1.4504329792e-02 1.8469706219e+00 -2.0000000000e-01 2.6757978248e-01 3.0000000000e+02 -8.9193112355e-08 -1.0159456023e-13 8.9193260482e-08 8.9193486336e-08 -1.2308780504e-14 1.0161184495e-13 -8.9193635016e-08 5.9374461765e-14
d  1.4509123481e-02 1.8436150409e+00 -2.0000000000e-01 2.6487003585e-01 3.0000000000e+02 -8.8289863211e-08 -1.0163448816e-13 8.8290011703e-08 8.8290527284e-08 -1.2080534461e-14 1.0164987443e-13 -8.8290676227e-08 5.9370576853e-14
d  1.4514875907e-02 1.8395883436e+00 -2.0000000000e-01 2.6161925440e-01 3.0000000000e+02 -8.7206269069e-08 -1.0168739052e-13 8.7206418130e-08 8.7206256483e-08 -1.1805048420e-14 1.0170746439e-13 -8.7206405758e-08 5.9367433446e-14
d  1.4521778819e-02 1.8347563069e+00 -2.0000000000e-01 2.5771947941e-01 3.0000000000e+02 -8.5906343677e-08 -1.0175814942e-13 8.5906492726e-08 8.5906011678e-08 -1.1472953000e-14 1.0177985282e-13 -8.5906161348e-08 5.9365026461e-14
d  1.4530062313e-02 1.8289578629e+00 -2.0000000000e-01 2.5304114938e-01 3.0000000000e+02 -8.4346899843e-08 -1.0185098247e-13 8.4347049084e-08 8.4346594498e-08 -1.1072348257e-14 1.0187234153e-13 -8.4346744660e-08 5.9364101467e-14
d  1.4540002505e-02 1.8219997300e+00 -2.0000000000e-01 2.4742874874e-01 3.0000000000e+02 -8.2476099016e-08 -1.0197472563e-13 8.2476248697e-08 8.2475861033e-08 -1.0588709384e-14 1.0199565170e-13 -8.2476011805e-08 5.9365719445e-14
d  1.4545966621e-02 1.8178248503e+00 -2.0000000000e-01 2.4406243899e-01 3.0000000000e+02 -8.1353995415e-08 -1.0204034672e-13 8.1354145968e-08 8.1353913308e-08 -1.0299524763e-14 1.0206082747e-13 -8.1354064431e-08 5.9362754642e-14
d  1.4553123560e-02 1.8128149946e+00 -2.0000000000e-01 2.4002352357e-01 3.0000000000e+02 -8.0007689816e-08 -1.0214220997e-13 8.0007840718e-08 8.0007603990e-08 -9.9484960711e-15 1.0216269668e-13 -8.0007755571e-08 5.9366448831e-14
d  1.4561711886e-02 1.8068031678e+00 -2.0000000000e-01 2.3517673718e-01 3.0000000000e+02 -7.8392093764e-08 -1.0229127553e-13 7.8392244868e-08 7.8391969717e-08 -9.5226089356e-15 1.0231188795e-13 -7.8392121885e-08 5.9378819672e-14
d  1.4572017878e-02 1.7995889756e+00 -2.0000000000e-01 2.2935964299e-01 3.0000000000e+02 -7.6453061636e-08 -1.0248635161e-13 7.6453213280e-08 7.6452941444e-08 -9.0072361987e-15 1.0250687233e-13 -7.6453094340e-08 5.9397041381e-14
d  1.4578201473e-02 1.7952604603e+00 -2.0000000000e-01 2.2586842632e-01 3.0000000000e+02 -7.5289322289e-08 -1.0261809303e-13 7.5289471254e-08 7.5288891819e-08 -8.6971638798e-15 1.0264091590e-13 -7.5289045175e-08 5.9412445325e-14
d  1.4585621787e-02 1.7900662420e+00 -2.0000000000e-01 2.2167755924e-01 3.0000000000e+02 -7.3892366032e-08 -1.0278605699e-13 7.3892513333e-08 7.3891791663e-08 -8.3219323500e-15 1.0280971609e-13 -7.3891945583e-08 5.9432905593e-14
d  1.4594526164e-02 1.7838331800e+00 -2.0000000000e-01 2.1664579513e-01 3.0000000000e+02 -7.2215110625e-08 -1.0300933516e-13 7.2215265028e-08 7.2215109189e-08 -7.8683891082e-15 1.0302934215e-13 -7.2215263809e-08 5.9462122575e-14
d  1.4599868790e-02 1.7800933427e+00 -2.0000000000e-01 2.1362492158e-01 3.0000000000e+02 -7.1208152323e-08 -1.0315860462e-13 7.1208303898e-08 7.1207917182e-08 -7.5936460109e-15 1.0318057827e-13 -7.1208072254e-08 5.9484477395e-14
d  1.4606279941e-02 1.7756055381e+00 -2.0000000000e-01 2.0999770500e-01 3.0000000000e+02 -6.9999079587e-08 -1.0334469741e-13 6.9999230054e-08 6.9998760462e-08 -7.2626868319e-15 1.0336729071e-13 -6.9998916078e-08 5.9512611720e-14
d  1.4613973323e-02 1.7702201725e+00 -2.0000000000e-01 2.0564177301e-01 3.0000000000e+02 -6.8547101595e-08 -1.0357345980e-13 6.8547248778e-08 6.8546591537e-08 -6.8643496613e-15 1.0359706296e-13 -6.8546747814e-08 5.9546857123e-14
d  1.4618589352e-02 1.7669889531e+00 -2.0000000000e-01 2.0302626492e-01 3.0000000000e+02 -6.7675265151e-08 -1.0372316765e-13 6.7675417287e-08 6.7675028229e-08 -6.6235133176e-15 1.0374568891e-13 -6.7675184918e-08 5.9570464045e-14
d  1.4624128586e-02 1.7631114899e+00 -2.0000000000e-01 1.9988512465e-01 3.0000000000e+02 -6.6628217858e-08 -1.0392675467e-13 6.6628370190e-08 6.6627981685e-08 -6.3312041234e-15 1.0394917968e-13 -6.6628138908e-08 5.9606367916e-14
d  1.4630775668e-02 1.7584585340e+00 -2.0000000000e-01 1.9611164538e-01 3.0000000000e+02 -6.5370390782e-08 -1.0418204234e-13 6.5370542233e-08 6.5370105532e-08 -5.9783241730e-15 1.0420457778e-13 -6.5370263409e-08 5.9651819364e-14
d  1.4638752166e-02 1.7528749870e+00 -2.0000000000e-01 1.9157664668e-01 3.0000000000e+02 -6.3858723725e-08 -1.0451552478e-13 6.3858882170e-08 6.3858721202e-08 -5.5507224700e-15 1.0453554299e-13 -6.3858879899e-08 5.9713445916e-14
d  1.4643538065e-02 1.7495248588e+00 -2.0000000000e-01 1.8885157164e-01 3.0000000000e+02 -6.2950364848e-08 -1.0473852863e-13 6.2950522622e-08 6.2950315501e-08 -5.2908463638e-15 1.0475910514e-13 -6.2950474727e-08 5.9757041405e-14
d  1.4649281144e-02 1.7455047049e+00 -2.0000000000e-01 1.8557699536e-01 3.0000000000e+02 -6.1858838779e-08 -1.0501513223e-13 6.1858992759e-08 6.1858631618e-08 -4.9773794719e-15 1.0503748053e-13 -6.1858791489e-08 5.9811497421e-14
d  1.4656172838e-02 1.7406805203e+00 -2.0000000000e-01 1.8164042371e-01 3.0000000000e+02 -6.0546647426e-08 -1.0536700780e-13 6.0546799224e-08 6.0546358523e-08 -4.5981120839e-15 1.0538985301e-13 -6.0546519194e-08 5.9881830356e-14
d  1.4664442871e-02 1.7348914987e+00 -2.0000000000e-01 1.7690514232e-01 3.0000000000e+02 -5.8968219284e-08 -1.0582561913e-13 5.8968380751e-08 5.8968218418e-08 -4.1377664550e-15 1.0584562510e-13 -5.8968380100e-08 5.9975450955e-14
d  1.4669404891e-02 1.7314180857e+00 -2.0000000000e-01 1.7405701332e-01 3.0000000000e+02 -5.8018842276e-08 -1.0614558041e-13 5.8019001138e-08 5.8018747747e-08 -3.8551221545e-15 1.0616681580e-13 -5.8018910104e-08 6.0044943980e-14
d  1.4675359315e-02 1.7272499902e+00 -2.0000000000e-01 1.7063189187e-01 3.0000000000e+02 -5.6877134325e-08 -1.0652758703e-13 5.6877289745e-08 5.6876933420e-08 -3.5158977129e-15 1.0655013944e-13 -5.6877096579e-08 6.0126509668e-14
d  1.4682504624e-02 1.7222482756e+00 -2.0000000000e-01 1.6650941854e-01 3.0000000000e+02 -5.5502975498e-08 -1.0704512379e-13 5.5503138045e-08 5.5502939485e-08 -3.1001994080e-15 1.0706552141e-13 -5.5503103690e-08 6.0241370951e-14
d  1.4691078994e-02 1.7162462180e+00 -2.0000000000e-01 1.6154252172e-01 3.0000000000e+02 -5.3847341883e-08 -1.0772159562e-13 5.3847507226e-08 5.3847341441e-08 -2.5929683781e-15 1.0774159827e-13 -5.3847506984e-08 6.0394216703e-14
d  1.4696223616e-02 1.7126449834e+00 -2.0000000000e-01 1.5855053381e-01 3.0000000000e+02 -5.2850011695e-08 -1.0818535785e-13 5.2850170578e-08 5.2849857559e-08 -2.2804556852e-15 1.0820765014e-13 -5.2850023988e-08 6.0502605300e-14
d  1.4702397163e-02 1.7083235020e+00 -2.0000000000e-01 1.5494698734e-01 3.0000000000e+02 -5.1648828439e-08 -1.0877068918e-13 5.1648984738e-08 5.1648613277e-08 -1.9008609686e-15 1.0879381252e-13 -5.1648780808e-08 6.0640167711e-14
d  1.4709805419e-02 1.7031377243e+00 -2.0000000000e-01 1.5060178943e-01 3.0000000000e+02 -5.0200427729e-08 -1.0953166867e-13 5.0200596438e-08 5.0200426858e-08 -1.4369180610e-15 1.0955167761e-13 -5.0200595792e-08 6.0820623976e-14
d  1.4718695326e-02 1.6969147910e+00 -2.0000000000e-01 1.4535372701e-01 3.0000000000e+02 -4.8451071758e-08 -1.1054475471e-13 4.8451242204e-08 4.8451069429e-08 -8.6522716595e-16 1.1056477915e-13 -4.8451240194e-08 6.1064857381e-14
d  1.4724029270e-02 1.6931810310e+00 -2.0000000000e-01 1.4218428290e-01 3.0000000000e+02 -4.7394589123e-08 -1.1126667983e-13 4.7394749048e-08 4.7394407971e-08 -5.0614113116e-16 1.1128981842e-13 -4.7394580000e-08 6.1245109074e-14
d  1.4730430004e-02 1.6887005190e+00 -2.0000000000e-01 1.3835807325e-01 3.0000000000e+02 -4.6119184342e-08 -1.1217339386e-13 4.6119339023e-08 4.6118920533e-08 -6.9018142493e-17 1.1219788437e-13 -4.6119094131e-08 6.1471053943e-14
d  1.4738110883e-02 1.6833239047e+00 -2.0000000000e-01 1.3372879884e-01 3.0000000000e+02 -4.4576090773e-08 -1.1340899442e-13 4.4576260513e-08 4.4576016656e-08 4.8085311623e-16 1.1343010915e-13 -4.4576192347e-08 6.1783209277e-14
d  1.4747327939e-02 1.6768719674e+00 -2.0000000000e-01 1.2811402046e-01 3.0000000000e+02 -4.2704495306e-08 -1.1500390262e-13 4.2704673299e-08 4.2704492986e-08 1.1485844953e-15 1.1502393176e-13 -4.2704671347e-08 6.2187416894e-14
d  1.4758388406e-02 1.6691296428e+00 -2.0000000000e-01 1.2127500799e-01 3.0000000000e+02 -4.0424820767e-08 -1.1727710965e-13 4.0425002587e-08 4.0424819859e-08 2.0056650260e-15 1.1729711883e-13 -4.0425001933e-08 6.2771168977e-14
d  1.4765024686e-02 1.6644842479e+00 -2.0000000000e-01 1.1710210621e-01 3.0000000000e+02 -3.9033850509e-08 -1.1917652443e-13 3.9034028687e-08 3.9033788536e-08 2.5942193350e-15 1.1919772282e-13 -3.9033973609e-08 6.3281541214e-14
d  1.4772988223e-02 1.6589097742e+00 -2.0000000000e-01 1.1201044428e-01 3.0000000000e+02 -3.7336625951e-08 -1.2167800291e-13 3.7336799528e-08 3.7336499656e-08 3.3339880727e-15 1.2170047055e-13 -3.7336688644e-08 6.3954357081e-14
d  1.4782544466e-02 1.6522204057e+00 -2.0000000000e-01 1.0575184371e-01 3.0000000000e+02 -3.5250420171e-08 -1.2530632395e-13 3.5250613831e-08 3.5250414644e-08 4.3093287709e-15 1.2532642025e-13 -3.5250609219e-08 6.4940737245e-14
d  1.4794011958e-02 1.6441931634e+00 -2.0000000000e-01 9.7958919342e-02 3.0000000000e+02 -3.2652769970e-08 -1.3108177617e-13 3.2652960636e-08 3.2652693583e-08 5.6821179777e-15 1.3110307115e-13 -3.2652896903e-08 6.6534709886e-14
d  1.4800892453e-02 1.6393768181e+00 -2.0000000000e-01 9.3083538715e-02 3.0000000000e+02 -3.1027635598e-08 -1.3612880257e-13 3.1027818207e-08 3.1027481312e-08 6.7143065942e-15 1.3615300250e-13 -3.1027692132e-08 6.7951561859e-14
d  1.4809149048e-02 1.6335972037e+00 -2.0000000000e-01 8.6956011332e-02 3.0000000000e+02 -2.8985115062e-08 -1.4387350053e-13 2.8985276063e-08 2.8984823983e-08 8.1892928839e-15 1.4390179169e-13 -2.8985046215e-08 7.0142537037e-14
d  1.4819056961e-02 1.6266616664e+00 -2.0000000000e-01 7.9013040090e-02 3.0000000000e+02 -2.6337437916e-08 -1.5763420025e-13 2.6337652048e-08 2.6337328120e-08 1.0563251529e-14 1.5765723932e-13 -2.6337570408e-08 7.4070540377e-14
d  1.4830946457e-02 1.6183390217e+00 -2.0000000000e-01 6.7833718599e-02 3.0000000000e+02 -2.2610949264e-08 -1.9102949482e-13 2.2611290607e-08 2.2611097693e-08 1.5660933730e-14 1.9104512369e-13 -2.2611388125e-08 8.3725981064e-14
d  1.4838080154e-02 1.6133454348e+00 -2.0000000000e-01 5.8751434933e-02 3.0000000000e+02 -1.9583422424e-08 -2.6029929123e-13 1.9583903204e-08 1.9583627090e-08 2.5086461486e-14 2.6030816904e-13 -1.9584016462e-08 1.0397545234e-13
d  1.4839150209e-02 1.6125963968e+00 -2.0000000000e-01 5.6962625611e-02 3.0000000000e+02 -1.8987068928e-08 -3.1923974228e-13 1.8987659239e-08 1.8987332183e-08 3.2589335938e-14 3.1918089388e-13 -1.8987805184e-08 1.2121973413e-13
d  1.4840434275e-02 1.6116975512e+00 -2.0000000000e-01 5.4393583610e-02 3.0000000000e+02 -1.8130604766e-08 -4.0137183978e-13 1.8131337919e-08 1.8130904258e-08 4.3112865402e-14 4.0128308231e-13 -1.8131494046e-08 1.4537323149e-13
d  1.4840819494e-02 1.6114278975e+00 -2.0000000000e-01 5.3489912294e-02 3.0000000000e+02 -1.7829317655e-08 -4.4599782884e-13 1.7830082242e-08 1.7829579023e-08 4.8735065976e-14 4.4578324892e-13 -1.7830231982e-08 1.5838847386e-13
d  1.4841281758e-02 1.6111043130e+00 -2.0000000000e-01 5.2261874568e-02 3.0000000000e+02 -1.7419869256e-08 -5.1817369519e-13 1.7420737171e-08 1.7420125353e-08 5.7867422924e-14 5.1794688544e-13 -1.7420880786e-08 1.7956574455e-13
d  1.4841559116e-02 1.6109101624e+00 -2.0000000000e-01 5.1421584619e-02 3.0000000000e+02 -1.7139684238e-08 -5.8045465450e-13 1.7140597632e-08 1.7139859097e-08 6.5706255418e-14 5.8023876743e-13 -1.7140702915e-08 1.9779681395e-13
d  1.4841891946e-02 1.6106771816e+00 -2.0000000000e-01 5.0253944709e-02 3.0000000000e+02 -1.6750317254e-08 -6.8884161547e-13 1.6751407849e-08 1.6750537273e-08 7.9311315610e-14 6.8857022747e-13 -1.6751534696e-08 2.2949644194e-13
d  1.4842091644e-02 1.6105373931e+00 -2.0000000000e-01 4.9437513781e-02 3.0000000000e+02 -1.6478035066e-08 -7.8661710554e-13 1.6479210028e-08 1.6478143116e-08 9.1529466349e-14 7.8644384770e-13 -1.6479279220e-08 2.5803050630e-13
d  1.4842331281e-02 1.6103696470e+00 -2.0000000000e-01 4.8272714206e-02 3.0000000000e+02 -1.6089517620e-08 -9.6387081786e-13 1.6090957137e-08 1.6089653281e-08 1.1361047487e-13 9.6365116541e-13 -1.6091040243e-08 3.0966678242e-13
d  1.4842475064e-02 1.6102689993e+00 -2.0000000000e-01 4.7437368587e-02 3.0000000000e+02 -1.5810840108e-08 -1.1257849923e-12 1.5812493146e-08 1.5810965868e-08 1.3365123537e-13 1.1255208067e-12 -1.5812581753e-08 3.5661768473e-13
d  1.4842647603e-02 1.6101482220e+00 -2.0000000000e-01 4.6212419805e-02 3.0000000000e+02 -1.5402099974e-08 -1.4257646602e-12 1.5404184722e-08 1.5402238390e-08 1.7068224776e-13 1.4254724686e-12 -1.5404278110e-08 4.4346781280e-13
d  1.4842854649e-02 1.6100032893e+00 -2.0000000000e-01 4.4134404308e-02 3.0000000000e+02 -1.4708430540e-08 -2.1328858822e-12 1.4711525560e-08 1.4708575210e-08 2.5740873234e-13 2.1325945221e-12 -1.4711612525e-08 6.4722477952e-13
d  1.4842978877e-02 1.6099163297e+00 -2.0000000000e-01 4.2334256649e-02 3.0000000000e+02 -1.4107191338e-08 -2.9796737845e-12 1.4111441057e-08 1.4107270495e-08 3.5965644651e-13 2.9794805372e-12 -1.4111497933e-08 8.8817904339e-13
d  1.4843127951e-02 1.6098119782e+00 -2.0000000000e-01 3.8824943579e-02 3.0000000000e+02 -1.2934148513e-08 -5.3159397534e-12 1.2941698096e-08 1.2934303630e-08 6.3785435978e-13 5.3155211960e-12 -1.2941802577e-08 1.5455091061e-12
d  1.4843217395e-02 1.6097493673e+00 -2.0000000000e-01 3.5370310462e-02 3.0000000000e+02 -1.1778283744e-08 -8.4298516119e-12 1.1790114974e-08 1.1778379497e-08 9.9491816388e-13 8.4295790918e-12 -1.1790199063e-08 2.3948187360e-12
d  1.4843271062e-02 1.6097118007e+00 -2.0000000000e-01 3.2499087758e-02 3.0000000000e+02 -1.0816997078e-08 -1.1504913034e-11 1.0833034441e-08 1.0816977175e-08 1.3292946966e-12 1.1504957431e-11 -1.0833009512e-08 3.1977525785e-12
d  1.4843303262e-02 1.6096892608e+00 -2.0000000000e-01 3.0380893340e-02 3.0000000000e+02 -1.0107577241e-08 -1.3985243960e-11 1.0126991442e-08 1.0107539043e-08 1.5847621959e-12 1.3985050953e-11 -1.0126925957e-08 3.8174072780e-12
d  1.4843341902e-02 1.6096622128e+00 -2.0000000000e-01 2.7289932433e-02 3.0000000000e+02 -9.0719558048e-09 -1.7935880986e-11 9.0966373120e-09 9.0719640131e-09 1.9772090681e-12 1.7935953624e-11 -9.0966526263e-09 4.7760661545e-12
d  1.4843365085e-02 1.6096459841e+00 -2.0000000000e-01 2.5120455099e-02 3.0000000000e+02 -8.3451485404e-09 -2.0719116216e-11 8.3734849565e-09 8.3451484400e-09 2.2240280753e-12 2.0719137408e-11 -8.3734850983e-09 5.3931586217e-12
d  1.4843392906e-02 1.6096265096e+00 -2.0000000000e-01 2.2179345445e-02 3.0000000000e+02 -7.3598656033e-09 -2.4534802743e-11 7.3931018743e-09 7.3598743974e-09 2.5332198742e-12 2.4535020324e-11 -7.3931244606e-09 6.1818946247e-12
d  1.4843426291e-02 1.6096031402e+00 -2.0000000000e-01 1.8217718474e-02 3.0000000000e+02 -6.0334064483e-09 -2.9325197819e-11 6.0725515482e-09 6.0334178259e-09 2.8362266361e-12 2.9325484818e-11 -6.0725848429e-09 7.0049283739e-12
d  1.4843466353e-02 1.6095750969e+00 -2.0000000000e-01 1.3237446354e-02 3.0000000000e+02 -4.3686435015e-09 -3.3675476653e-11 4.4124772717e-09 4.3686450624e-09 2.8747913489e-12 3.3675550098e-11 -4.4124839348e-09 7.2880602434e-12
d  1.4843514427e-02 1.6095414450e+00 -2.0000000000e-01 8.0438063002e-03 3.0000000000e+02 -2.6390565342e-09 -3.3923503883e-11 2.6812663509e-09 2.6390568102e-09 2.2379581690e-12 3.3923547792e-11 -2.6812692451e-09 6.0509390973e-12
d  1.4843572116e-02 1.6095010627e+00 -2.0000000000e-01 4.0601655718e-03 3.0000000000e+02 -1.3206246514e-09 -2.8181457958e-11 1.3533811763e-09 1.3206250571e-09 1.0783213720e-12 2.8181542029e-11 -1.3533891976e-09 3.5042313205e-12
d  1.4843641343e-02 1.6094526039e+00 -2.0000000000e-01 1.8374473890e-03 3.0000000000e+02 -5.8999792247e-10 -2.0654882993e-11 6.1248159034e-10 5.8999778936e-10 2.6882047954e-13 2.0654909504e-11 -6.1248250174e-10 1.5606356685e-12
d  1.4843724415e-02 1.6093944533e+00 -2.0000000000e-01 8.2841100704e-04 3.0000000000e+02 -2.6048515299e-10 -1.4814872600e-11 2.7613636530e-10 2.6048500109e-10 2.7169212344e-14 1.4814896589e-11 -2.7613701803e-10 8.0996134277e-13
d  1.4843781399e-02 1.6093545646e+00 -2.0000000000e-01 5.3398217020e-04 3.0000000000e+02 -1.6479006087e-10 -1.2410751203e-11 1.7799379710e-10 1.6478990259e-10 5.1306313156e-14 1.2410773339e-11 -1.7799406296e-10 7.4192913203e-13
d  1.4843839258e-02 1.6093140632e+00 -2.0000000000e-01 3.6727317655e-04 3.0000000000e+02 -1.1136632362e-10 -1.0401582772e-11 1.2242436814e-10 1.1136616287e-10 3.7819594043e-14 1.0401602979e-11 -1.2242439275e-10 6.1863099743e-13
d  1.4843908689e-02 1.6092654615e+00 -2.0000000000e-01 2.5244476611e-04 3.0000000000e+02 -7.5041386963e-11 -8.5880512205e-12 8.4148257449e-11 7.5041226025e-11 2.0984724254e-14 8.5880712052e-12 -8.4148255359e-11 4.9799388086e-13
d  1.4843992007e-02 1.6092071395e+00 -2.0000000000e-01 1.7437361067e-04 3.0000000000e+02 -5.0671284895e-11 -7.0388602922e-12 5.8124547331e-11 5.0671123933e-11 1.1085871007e-14 7.0388802282e-12 -5.8124536760e-11 4.0340983301e-13
d  1.4844091987e-02 1.6091371530e+00 -2.0000000000e-01 1.2148802843e-04 3.0000000000e+02 -3.4418827990e-11 -5.7420634824e-12 4.0496019606e-11 3.4418667048e-11 5.6725497253e-15 5.7420834307e-12 -4.0496009374e-11 3.2957630378e-13
d  1.4844211964e-02 1.6090531693e+00 -2.0000000000e-01 8.5577612397e-05 3.0000000000e+02 -2.3581215324e-11 -4.6708507804e-12 2.8525879147e-11 2.3581054401e-11 2.6836194764e-15 4.6708707449e-12 -2.8525870731e-11 2.7125520491e-13
d  1.4844355936e-02 1.6089523888e+00 -2.0000000000e-01 6.1031362171e-05 3.0000000000e+02 -1.6323527186e-11 -3.7945043195e-12 2.0343793670e-11 1.6323366280e-11 1.0158560833e-15 3.7945242973e-12 -2.0343787350e-11 2.2487663622e-13
d  1.4844528703e-02 1.6088314522e+00 -2.0000000000e-01 4.4092586370e-05 3.0000000000e+02 -1.1427563925e-11 -3.0821920128e-12 1.4697533051e-11 1.1427403036e-11 7.3537609424e-17 3.0822120003e-12 -1.4697528769e-11 1.8783777547e-13
d  1.4844736023e-02 1.6086863283e+00 -2.0000000000e-01 3.2271032435e-05 3.0000000000e+02 -8.0939924300e-12 -2.5054581320e-12 1.0757014798e-11 8.0938315577e-12 -4.6623652102e-16 2.5054781223e-12 -1.0757010795e-11 1.5816629164e-13
d  1.4844984807e-02 1.6085121797e+00 -2.0000000000e-01 2.3919743767e-05 3.0000000000e+02 -5.8004468323e-12 -2.0393865177e-12 7.9732585848e-12 5.8002859735e-12 -7.7970772462e-16 2.0394064960e-12 -7.9732478809e-12 1.3433368208e-13
d  1.4845283347e-02 1.6083032013e+00 -2.0000000000e-01 1.7946082214e-05 3.0000000000e+02 -4.2050823236e-12 -1.6629020882e-12 5.9820361095e-12 4.2049214885e-12 -9.6415064070e-16 1.6629220735e-12 -5.9820273771e-12 1.1514141506e-13
d  1.4845641596e-02 1.6080524272e+00 -2.0000000000e-01 1.3620208217e-05 3.0000000000e+02 -3.0830341874e-12 -1.3586075820e-12 4.5400791312e-12 3.0828733778e-12 -1.0739898411e-15 1.3586275683e-12 -4.5400693798e-12 9.9645781016e-14
d  1.4846071495e-02 1.6077514983e+00 -2.0000000000e-01 1.0450106156e-05 3.0000000000e+02 -2.2852499319e-12 -1.1123027494e-12 3.4833819741e-12 2.2850891521e-12 -1.1400636079e-15 1.1123227339e-12 -3.4833686891e-12 8.7099325576e-14
d  1.4846587373e-02 1.6073903836e+00 -2.0000000000e-01 8.1005372477e-06 3.0000000000e+02 -1.7120180974e-12 -9.1257368380e-13 2.7001906130e-12 1.7118573551e-12 -1.1800943414e-15 9.1259367258e-13 -2.7001790614e-12 7.6912503109e-14
d  1.4847206427e-02 1.6069570460e+00 -2.0000000000e-01 6.3404664051e-06 3.0000000000e+02 -1.2959602080e-12 -7.5025940242e-13 2.1135001675e-12 1.2957995097e-12 -1.2044043205e-15 7.5027939322e-13 -2.1134887844e-12 6.8617783428e-14
d  1.4847949291e-02 1.6064370408e+00 -2.0000000000e-01 5.0088052119e-06 3.0000000000e+02 -9.9106898600e-13 -6.1805045426e-13 1.6696136827e-12 9.9090834013e-13 -1.2190596625e-15 6.1807044621e-13 -1.6696017222e-12 6.1844920187e-14
d  1.4848840729e-02 1.6058130347e+00 -2.0000000000e-01 3.9919270139e-06 3.0000000000e+02 -7.6559925835e-13 -5.1011482751e-13 1.3306559712e-12 7.6543867503e-13 -1.2276373889e-15 5.1013481987e-13 -1.3306423236e-12 5.6299810140e-14
d  1.4849910454e-02 1.6050642273e+00 -2.0000000000e-01 3.2087722988e-06 3.0000000000e+02 -5.9742035200e-13 -4.2179976647e-13 1.0696067853e-12 5.9725984365e-13 -1.2322926774e-15 4.2181975900e-13 -1.0695907522e-12 5.1748386428e-14
d  1.4851194124e-02 1.6041656584e+00 -2.0000000000e-01 2.6008811804e-06 3.0000000000e+02 -4.7094949195e-13 -3.4938831192e-13 8.6697583641e-13 4.7078907387e-13 -1.2343159099e-15 3.4940830592e-13 -8.6696038220e-13 4.8003849297e-14
d  1.4852734529e-02 1.6030873757e+00 -2.0000000000e-01 2.1256498602e-06 3.0000000000e+02 -3.7510828364e-13 -2.8990287567e-13 7.0856362026e-13 3.7494797381e-13 -1.2344720557e-15 2.8992287125e-13 -7.0854994513e-13 4.4916556064e-14
d  1.4854583014e-02 1.6017934365e+00 -2.0000000000e-01 1.7517200440e-06 3.0000000000e+02 -3.0194817683e-13 -2.4096359032e-13 5.8391821395e-13 3.0178799673e-13 -1.2331996352e-15 2.4098358722e-13 -5.8390667557e-13 4.2366852586e-14
d  1.4856801196e-02 1.6002407095e+00 -2.0000000000e-01 1.4557853292e-06 3.0000000000e+02 -2.4571279903e-13 -2.0065740295e-13 4.8526275065e-13 2.4555277491e-13 -1.2307302819e-15 2.0067740274e-13 -4.8526177613e-13 4.0258461043e-14
d  1.4859463014e-02 1.5983774371e+00 -2.0000000000e-01 1.2203718601e-06 3.0000000000e+02 -2.0220056196e-13 -1.6744435545e-13 4.0679288814e-13 2.0204072411e-13 -1.2271617270e-15 1.6746435503e-13 -4.0679061934e-13 3.8513784123e-14
d  1.4862657197e-02 1.5961415101e+00 -2.0000000000e-01 1.0322543531e-06 3.0000000000e+02 -1.6831417043e-13 -1.4006446398e-13 3.4408773508e-13 1.6815455617e-13 -1.2224942337e-15 1.4008446352e-13 -3.4408478359e-13 3.7069202762e-14
d  1.4866490215e-02 1.5934583978e+00 -2.0000000000e-01 8.8134825814e-07 3.0000000000e+02 -1.4175733644e-13 -1.1750752117e-13 2.9378468300e-13 1.4159799054e-13 -1.2166623665e-15 1.1752752092e-13 -2.9378275232e-13 3.5873651706e-14
d  1.4871089838e-02 1.5902386631e+00 -2.0000000000e-01 7.5984785016e-07 3.0000000000e+02 -1.2078743273e-13 -9.8952503888e-14 2.5328285282e-13 1.2062840886e-13 -1.2095444350e-15 9.8972503862e-14 -2.5328261675e-13 3.4885568976e-14
d  1.4876609385e-02 1.5863749813e+00 -2.0000000000e-01 6.5929591220e-07 3.0000000000e+02 -1.0289371251e-13 -8.4120208660e-14 2.1978601600e-13 1.0273507458e-13 -1.2009574505e-15 8.4140206800e-14 -2.1976530058e-13 3.4092273625e-14
d  1.4883232841e-02 1.5817385633e+00 -2.0000000000e-01 5.8192968633e-07 3.0000000000e+02 -9.0666634738e-14 -7.1237222894e-14 1.9397797655e-13 9.0508460858e-14 -1.1907567847e-15 7.1257222788e-14 -1.9397656196e-13 3.3399211390e-14
d  1.4891180988e-02 1.5761748616e+00 -2.0000000000e-01 5.1494336687e-07 3.0000000000e+02 -7.8568973341e-14 -6.1520731363e-14 1.7167904610e-13 7.8411355406e-14 -1.1785828204e-15 6.1540729413e-14 -1.7164778529e-13 3.2874350282e-14
d  1.4900718765e-02 1.5694984196e+00 -2.0000000000e-01 4.6442282535e-07 3.0000000000e+02 -7.0764201095e-14 -5.2940196876e-14 1.5480897281e-13 7.0607251237e-14 -1.1642732660e-15 5.2960196805e-14 -1.5480760836e-13 3.2407982679e-14
d  1.4912164098e-02 1.5614866891e+00 -2.0000000000e-01 4.1910343738e-07 3.0000000000e+02 -6.2129930412e-14 -4.6781653589e-14 1.3968944174e-13 6.1973781860e-14 -1.1474064214e-15 4.6801654097e-14 -1.3970114680e-13 3.2071823383e-14
d  1.4925898497e-02 1.5518726126e+00 -2.0000000000e-01 3.8300367909e-07 3.0000000000e+02 -5.5513824647e-14 -4.1628754273e-14 1.2765484625e-13 5.5358637495e-14 -1.1277187689e-15 4.1648754746e-14 -1.2766789397e-13 3.1788953613e-14
d  1.4934139136e-02 1.5461041667e+00 -2.0000000000e-01 3.6687222926e-07 3.0000000000e+02 -5.2436191282e-14 -3.9438010908e-14 1.2230198062e-13 5.2281580733e-14 -1.1161626753e-15 3.9458010311e-14 -1.2229074199e-13 3.1667619664e-14
d  1.4944027903e-02 1.5391820316e+00 -2.0000000000e-01 3.5085114820e-07 3.0000000000e+02 -4.9212864782e-14 -3.7419067675e-14 1.1696307099e-13 4.9058946439e-14 -1.1025544906e-15 3.7439067044e-14 -1.1695038157e-13 3.1555943721e-14
d  1.4955894424e-02 1.5308754695e+00 -2.0000000000e-01 3.3498975672e-07 3.0000000000e+02 -4.5849499135e-14 -3.5581144777e-14 1.1167420125e-13 4.5696411487e-14 -1.0865844663e-15 3.5601144322e-14 -1.1166325141e-13 3.1454020529e-14
d  1.4970134249e-02 1.5209075950e+00 -2.0000000000e-01 3.1931183803e-07 3.0000000000e+02 -4.2328495962e-14 -3.3945820095e-14 1.0642772335e-13 4.2176405277e-14 -1.0679182921e-15 3.3965820427e-14 -1.0643728001e-13 3.1362934530e-14
d  1.4978678144e-02 1.5149268703e+00 -2.0000000000e-01 3.1137639542e-07 3.0000000000e+02 -4.0496396501e-14 -3.3165936619e-14 1.0380433824e-13 4.0344903679e-14 -1.0569719370e-15 3.3185935996e-14 -1.0379213065e-13 3.1319223058e-14
d  1.4988930817e-02 1.5077500006e+00 -2.0000000000e-01 3.0271645372e-07 3.0000000000e+02 -3.8387885989e-14 -3.2418241376e-14 1.0089852785e-13 3.8237111061e-14 -1.0440763629e-15 3.2438241709e-14 -1.0090548523e-13 3.1277241677e-14
d  1.5000000000e-02 1.5000015750e+00 -2.0000000000e-01 2.9423923003e-07 3.0000000000e+02 -3.6232047344e-14 -3.1766751739e-14 9.8071522634e-14 3.6082047265e-14 -1.0304424845e-15 3.1786752098e-14 -9.8079744053e-14 3.1240515525e-14
d  1.5013283019e-02 1.4907034643e+00 -2.0000000000e-01 2.8501074199e-07 3.0000000000e+02 -3.3790746836e-14 -3.1150159307e-14 9.4993542233e-14 3.3641676572e-14 -1.0144614055e-15 3.1170159679e-14 -9.5003581398e-14 3.1205571840e-14
d  1.5029222642e-02 1.4795457314e+00 -2.0000000000e-01 2.7320632919e-07 3.0000000000e+02 -3.0142359731e-14 -3.0860447537e-14 9.1053773634e-14 2.9994405262e-14 -9.9580514854e-16 3.0880448002e-14 -9.1068777310e-14 3.1188729681e-14
d  1.5038786416e-02 1.4728510916e+00 -2.0000000000e-01 2.6936230218e-07 3.0000000000e+02 -2.9518691449e-14 -3.0231113913e-14 8.9780694097e-14 2.9371406406e-14 -9.8489134143e-16 3.0251114220e-14 -8.9787434670e-14 3.1153059229e-14
d  1.5050262944e-02 1.4648175239e+00 -2.0000000000e-01 2.6311335537e-07 3.0000000000e+02 -2.7712138568e-14 -2.9952215021e-14 8.7697329347e-14 2.7565656882e-14 -9.7202637949e-16 2.9972215325e-14 -8.7704452395e-14 3.1136915395e-14
d  1.5057148861e-02 1.4599973833e+00 -2.0000000000e-01 2.6107985324e-07 3.0000000000e+02 -2.7475991644e-14 -2.9527408898e-14 8.7028597816e-14 2.7329991879e-14 -9.6445204577e-16 2.9547408773e-14 -8.7026617537e-14 3.1112751352e-14
d  1.5065411962e-02 1.4542132146e+00 -2.0000000000e-01 2.5675884747e-07 3.0000000000e+02 -2.6098571717e-14 -2.9461708658e-14 8.5588481418e-14 2.5953150368e-14 -9.5546498717e-16 2.9481708528e-14 -8.5586282269e-14 3.1108676717e-14
d  1.5075327683e-02 1.4472722121e+00 -2.0000000000e-01 2.5086454213e-07 3.0000000000e+02 -2.4038501880e-14 -2.9538748034e-14 8.3616963142e-14 2.3893774706e-14 -9.4486805185e-16 2.9558748258e-14 -8.3621514495e-14 3.1112515854e-14
d  1.5087226547e-02 1.4389430091e+00 -2.0000000000e-01 2.4525892262e-07 3.0000000000e+02 -2.2329104571e-14 -2.9377653119e-14 8.1746551709e-14 2.2185210327e-14 -9.3240292134e-16 2.9397653383e-14 -8.1752974734e-14 3.1102889405e-14
d  1.5101505185e-02 1.4289479656e+00 -2.0000000000e-01 2.3721849918e-07 3.0000000000e+02 -1.9532838232e-14 -2.9472505928e-14 7.9061650163e-14 1.9389943520e-14 -9.1777485315e-16 2.9492506312e-14 -7.9072833816e-14 3.1107541000e-14
d  1.5118639550e-02 1.4169539133e+00 -2.0000000000e-01 2.2962301948e-07 3.0000000000e+02 -1.7221300003e-14 -2.9249239401e-14 7.6528563432e-14 1.7079604691e-14 -9.0070636076e-16 2.9269239758e-14 -7.6541007197e-14 3.1094164039e-14
d  1.5128920170e-02 1.4097574819e+00 -2.0000000000e-01 2.2678690754e-07 3.0000000000e+02 -1.6682464921e-14 -2.8855101409e-14 7.5589910185e-14 1.6541489225e-14 -8.9070587794e-16 2.8875101651e-14 -7.5595636331e-14 3.1071468649e-14
d  1.5141256913e-02 1.4011217643e+00 -2.0000000000e-01 2.2181667859e-07 3.0000000000e+02 -1.5103580376e-14 -2.8766980066e-14 7.3931325579e-14 1.4963468265e-14 -8.7892266697e-16 2.8786980366e-14 -7.3938893457e-14 3.1065891795e-14
d  1.5156061004e-02 1.3907589031e+00 -2.0000000000e-01 2.1460789688e-07 3.0000000000e+02 -1.2519112462e-14 -2.8925312932e-14 7.1526119111e-14 1.2380036643e-14 -8.6510604220e-16 2.8945313258e-14 -7.1535966270e-14 3.1074081161e-14
d  1.5173825914e-02 1.3783234697e+00 -2.0000000000e-01 2.0774308190e-07 3.0000000000e+02 -1.0359255931e-14 -2.8790967275e-14 6.9236798024e-14 1.0221423651e-14 -8.4897355328e-16 2.8810967577e-14 -6.9247694562e-14 3.1065630438e-14
d  1.5184484860e-02 1.3708622096e+00 -2.0000000000e-01 2.0513492393e-07 3.0000000000e+02 -9.8255351154e-15 -2.8464137133e-14 6.8371248738e-14 9.6884489562e-15 -8.3951808459e-16 2.8484137420e-14 -6.8378308543e-14 3.1046644522e-14
d  1.5197275595e-02 1.3619086976e+00 -2.0000000000e-01 2.0056089005e-07 3.0000000000e+02 -8.3380088310e-15 -2.8414148329e-14 6.6849707293e-14 8.2018179936e-15 -8.2837489552e-16 2.8434148479e-14 -6.6853630320e-14 3.1043178308e-14
d  1.5212624477e-02 1.3511644831e+00 -2.0000000000e-01 1.9391381018e-07 3.0000000000e+02 -5.9217866202e-15 -2.8594687992e-14 6.4629287183e-14 5.7866702320e-15 -8.1530393391e-16 2.8614688268e-14 -6.4637937272e-14 3.1052617870e-14
d  1.5221833807e-02 1.3447179544e+00 -2.0000000000e-01 1.9197172424e-07 3.0000000000e+02 -5.5724525056e-15 -2.8305406113e-14 6.3997648399e-14 5.4379806394e-15 -8.0762209713e-16 2.8325405780e-14 -6.3990574134e-14 3.1035786617e-14
d  1.5232885002e-02 1.3369821200e+00 -2.0000000000e-01 1.8828174452e-07 3.0000000000e+02 -4.3683677417e-15 -2.8273579556e-14 6.2756548761e-14 4.2346695677e-15 -7.9853226903e-16 2.8293579734e-14 -6.2760581864e-14 3.1033436709e-14
d  1.5246146436e-02 1.3276991187e+00 -2.0000000000e-01 1.8268822795e-07 3.0000000000e+02 -2.2912696212e-15 -2.8460689651e-14 6.0889267737e-14 2.1584997633e-15 -7.8783336950e-16 2.8480689902e-14 -6.0896076478e-14 3.1043372469e-14
d  1.5262060157e-02 1.3165595171e+00 -2.0000000000e-01 1.7744665047e-07 3.0000000000e+02 -6.0612669505e-16 -2.8391704571e-14 5.9141135017e-14 4.7447079522e-16 -7.7528456257e-16 2.8411704810e-14 -5.9148883963e-14 3.1038677489e-14
d  1.5271608390e-02 1.3098757562e+00 -2.0000000000e-01 1.7554889471e-07 3.0000000000e+02 -2.4694374266e-16 -2.8125836620e-14 5.8513419096e-14 1.1595619478e-16 -7.6790045841e-16 2.8145836750e-14 -5.8516298504e-14 3.1023121937e-14
d  1.5283066269e-02 1.3018552431e+00 -2.0000000000e-01 1.7199278581e-07 3.0000000000e+02 9.2427307479e-16 -2.8102882060e-14 5.7326706554e-14 -1.0544585608e-15 -7.5916895760e-16 2.8122882239e-14 -5.7330928960e-14 3.1021248618e-14
d  1.5296815724e-02 1.2922306273e+00 -2.0000000000e-01 1.6668388413e-07 3.0000000000e+02 2.8964604322e-15 -2.8284025123e-14 5.5555238611e-14 -3.0256834487e-15 -7.4888958576e-16 2.8304025338e-14 -5.5561295134e-14 3.1030850109e-14
d  1.5313315070e-02 1.2806810884e+00 -2.0000000000e-01 1.6165443910e-07 3.0000000000e+02 4.5241484448e-15 -2.8227700967e-14 5.3877927332e-14 -4.6522165093e-15 -7.3683109169e-16 2.8247701171e-14 -5.3884813437e-14 3.1026837306e-14
d  1.5323214677e-02 1.2737513651e+00 -2.0000000000e-01 1.5977694404e-07 3.0000000000e+02 4.9016766493e-15 -2.7985757087e-14 5.3256111113e-14 -5.0290517591e-15 -7.2973482738e-16 2.8005757212e-14 -5.3258981600e-14 3.1012586627e-14
d  1.5335094206e-02 1.2654356971e+00 -2.0000000000e-01 1.5635157985e-07 3.0000000000e+02 6.0343776081e-15 -2.7967846634e-14 5.2112716743e-14 -6.1609211387e-15 -7.2134381841e-16 2.7987846817e-14 -5.2117193646e-14 3.1010976845e-14
d  1.5349349641e-02 1.2554568955e+00 -2.0000000000e-01 1.5130010155e-07 3.0000000000e+02 7.9080275152e-15 -2.8137128206e-14 5.0428011668e-14 -8.0335731654e-15 -7.1146421436e-16 2.8157128389e-14 -5.0433367548e-14 3.1019907153e-14
d  1.5366456163e-02 1.2434823336e+00 -2.0000000000e-01 1.4646242218e-07 3.0000000000e+02 9.4806405985e-15 -2.8089981265e-14 4.8814784431e-14 -9.6049887945e-15 -6.9987311921e-16 2.8109981437e-14 -4.8820807737e-14 3.1016380710e-14
d  1.5376720076e-02 1.2362975964e+00 -2.0000000000e-01 1.4459719885e-07 3.0000000000e+02 9.8768232572e-15 -2.7869775285e-14 4.8196054193e-14 -1.0000452990e-14 -6.9305136006e-16 2.7889775412e-14 -4.8199066537e-14 3.1003315392e-14
d  1.5389036772e-02 1.2276759118e+00 -2.0000000000e-01 1.4176300922e-07 3.0000000000e+02 1.0719504268e-14 -2.7763949252e-14 4.7255881535e-14 -1.0842271872e-14 -6.8498678774e-16 2.7783949191e-14 -4.7254336306e-14 3.0996661705e-14
d  1.5403816807e-02 1.2173298903e+00 -2.0000000000e-01 1.3651840076e-07 3.0000000000e+02 1.2748039394e-14 -2.8020940314e-14 4.5501410590e-14 -1.2869772350e-14 -6.7548555722e-16 2.8040940470e-14 -4.5506133897e-14 3.1010601020e-14
d  1.5421552849e-02 1.2049146645e+00 -2.0000000000e-01 1.3272079143e-07 3.0000000000e+02 1.3812140108e-14 -2.7819285135e-14 4.4237675391e-14 -1.3932631559e-14 -6.6434485661e-16 2.7839285206e-14 -4.4240263960e-14 3.0998198941e-14
d  1.5432194474e-02 1.1974655290e+00 -2.0000000000e-01 1.3008197410e-07 3.0000000000e+02 1.4671392962e-14 -2.7793627795e-14 4.3356411562e-14 -1.4791139478e-14 -6.5778016398e-16 2.7813627968e-14 -4.3360658373e-14 3.0996204213e-14
d  1.5444964424e-02 1.1885265664e+00 -2.0000000000e-01 1.2604353651e-07 3.0000000000e+02 1.6185578868e-14 -2.7942702878e-14 4.2010899495e-14 -1.6304431495e-14 -6.5002529914e-16 2.7962703016e-14 -4.2014512444e-14 3.1004104424e-14
d  1.5460288364e-02 1.1777998113e+00 -2.0000000000e-01 1.2222561895e-07 3.0000000000e+02 1.7429547684e-14 -2.7909331141e-14 4.0737714738e-14 -1.7547327636e-14 -6.4089638054e-16 2.7929331273e-14 -4.0741873246e-14 3.1001441798e-14
d  1.5478677092e-02 1.1649277052e+00 -2.0000000000e-01 1.1850176800e-07 3.0000000000e+02 1.8487069404e-14 -2.7724475009e-14 3.9498943208e-14 -1.8603562165e-14 -6.3017747102e-16 2.7744475053e-14 -3.9500589428e-14 3.0989944819e-14
d  1.5484193711e-02 1.1610660734e+00 -2.0000000000e-01 1.1792219769e-07 3.0000000000e+02 1.8517511358e-14 -2.7568697278e-14 3.9306113491e-14 -1.8633617947e-14 -6.2701353269e-16 2.7588697367e-14 -3.9307399414e-14 3.0980725973e-14
d  1.5490813653e-02 1.1564321152e+00 -2.0000000000e-01 1.1639382008e-07 3.0000000000e+02 1.9032070520e-14 -2.7565907393e-14 3.8798000992e-14 -1.9147713732e-14 -6.2323873618e-16 2.7585907388e-14 -3.8797940029e-14 3.0980237795e-14
d  1.5498757584e-02 1.1508713653e+00 -2.0000000000e-01 1.1455240780e-07 3.0000000000e+02 1.9656614959e-14 -2.7574220104e-14 3.8180612123e-14 -1.9771702050e-14 -6.1875818974e-16 2.7594220319e-14 -3.8184136352e-14 3.0980310437e-14
d  1.5508290300e-02 1.1441984655e+00 -2.0000000000e-01 1.1243468824e-07 3.0000000000e+02 2.0358504722e-14 -2.7562070911e-14 3.7478464034e-14 -2.0472924571e-14 -6.1343986687e-16 2.7582070899e-14 -3.7478229403e-14 3.0979130848e-14
d  1.5519729560e-02 1.1361909858e+00 -2.0000000000e-01 1.0920593041e-07 3.0000000000e+02 2.1582425989e-14 -2.7699519584e-14 3.6400701886e-14 -2.1696045076e-14 -6.0713884542e-16 2.7719519638e-14 -3.6401976917e-14 3.0986455574e-14
d  1.5533456673e-02 1.1265820100e+00 -2.0000000000e-01 1.0540743366e-07 3.0000000000e+02 2.2993377936e-14 -2.7828374214e-14 3.5132878306e-14 -2.3106036115e-14 -5.9969989849e-16 2.7848374317e-14 -3.5135811429e-14 3.0993183545e-14
d  1.5549929207e-02 1.1150512392e+00 -2.0000000000e-01 1.0173029835e-07 3.0000000000e+02 2.4193603237e-14 -2.7795739055e-14 3.3906741819e-14 -2.4305108340e-14 -5.9094061578e-16 2.7815739154e-14 -3.3910099649e-14 3.0990502064e-14
d  1.5559812728e-02 1.1081327766e+00 -2.0000000000e-01 1.0086099768e-07 3.0000000000e+02 2.4186372094e-14 -2.7509833698e-14 3.3620408152e-14 -2.4297185373e-14 -5.8577335291e-16 2.7529833694e-14 -3.3620332565e-14 3.0973550781e-14
d  1.5571672953e-02 1.0998306216e+00 -2.0000000000e-01 9.7753408328e-08 3.0000000000e+02 2.5356122778e-14 -2.7630277769e-14 3.2583183641e-14 -2.5466105829e-14 -5.7964242931e-16 2.7650277821e-14 -3.2584469552e-14 3.0979901857e-14
d  1.5585905222e-02 1.0898680356e+00 -2.0000000000e-01 9.4109074993e-08 3.0000000000e+02 2.6703870984e-14 -2.7748791739e-14 3.1367124350e-14 -2.6812857769e-14 -5.7241214636e-16 2.7768791826e-14 -3.1369691840e-14 3.0986024292e-14
d  1.5602983946e-02 1.0779129323e+00 -2.0000000000e-01 9.0548220114e-08 3.0000000000e+02 2.7868866651e-14 -2.7719866975e-14 3.0179104475e-14 -2.7976657922e-14 -5.6389749112e-16 2.7739867078e-14 -3.0182740244e-14 3.0983518656e-14
d  1.5623478415e-02 1.0635668084e+00 -2.0000000000e-01 8.6961208578e-08 3.0000000000e+02 2.8919045028e-14 -2.7571801910e-14 2.8986124185e-14 -2.9025401704e-14 -5.5390575068e-16 2.7591801932e-14 -2.8987069578e-14 3.0973959073e-14
d  1.5635775096e-02 1.0549591341e+00 -2.0000000000e-01 8.3983768891e-08 3.0000000000e+02 3.0025463954e-14 -2.7675033233e-14 2.7990643422e-14 -3.0130959837e-14 -5.4802307832e-16 2.7695033371e-14 -2.7994589902e-14 3.0979314823e-14
d  1.5650531113e-02 1.0446299249e+00 -2.0000000000e-01 8.1096403830e-08 3.0000000000e+02 3.0972344718e-14 -2.7651021268e-14 2.7029979904e-14 -3.1076807695e-14 -5.4108083428e-16 2.7671021339e-14 -2.7032134753e-14 3.0977196369e-14
d  1.5668238334e-02 1.0322348739e+00 -2.0000000000e-01 7.7697667050e-08 3.0000000000e+02 3.2089224578e-14 -2.7629877788e-14 2.5895874620e-14 -3.2192448045e-14 -5.3290310475e-16 2.7649877880e-14 -2.5899222533e-14 3.0975100053e-14
d  1.5689486999e-02 1.0173608126e+00 -2.0000000000e-01 7.3724323094e-08 3.0000000000e+02 3.3396409809e-14 -2.7602927990e-14 2.4572081811e-14 -3.3498145877e-14 -5.2330838378e-16 2.7622928051e-14 -2.4574774490e-14 3.0972487589e-14
d  1.5714290000e-02 9.9999871667e-01 -2.0000000000e-01 6.8723943965e-08 3.0000000000e+02 3.5149707545e-14 -2.7674844559e-14 2.2903722621e-14 -3.5249707399e-14 -5.1239778366e-16 2.7694844643e-14 -2.2907981488e-14 3.0975436074e-14
d  1.5744053601e-02 9.7916420153e-01 -2.0000000000e-01 6.3485498415e-08 3.0000000000e+02 3.6864136234e-14 -2.7632127076e-14 2.1157273462e-14 -3.6962052637e-14 -4.9970262963e-16 2.7652127150e-14 -2.1161832954e-14 3.0971491229e-14
d  1.5779769923e-02 9.5416278336e-01 -2.0000000000e-01 5.7439039601e-08 3.0000000000e+02 3.8855769899e-14 -2.7594968707e-14 1.9141972696e-14 -3.8951186164e-14 -4.8500934229e-16 2.7614968767e-14 -1.9146346654e-14 3.0967563653e-14
d  1.5822629509e-02 9.2416108157e-01 -2.0000000000e-01 5.1027897171e-08 3.0000000000e+02 4.0880840565e-14 -2.7472702847e-14 1.7010747376e-14 -4.0973256677e-14 -4.6811560868e-16 2.7492702831e-14 -1.7009299030e-14 3.0958290988e-14
d  1.5848345261e-02 9.0616006049e-01 -2.0000000000e-01 4.6714168076e-08 3.0000000000e+02 4.2404971012e-14 -2.7544004188e-14 1.5568283787e-14 -4.2495587007e-14 -4.5834615126e-16 2.7564004240e-14 -1.5571389463e-14 3.0961153117e-14
d  1.5879204163e-02 8.8455883519e-01 -2.0000000000e-01 4.2155950635e-08 3.0000000000e+02 4.3921062343e-14 -2.7529638943e-14 1.4049112535e-14 -4.4009518216e-14 -4.4697095121e-16 2.7549638988e-14 -1.4051983636e-14 3.0958762035e-14
d  1.5916234846e-02 8.5863736484e-01 -2.0000000000e-01 3.7257651075e-08 3.0000000000e+02 4.5484726263e-14 -2.7451233827e-14 1.2420237549e-14 -4.5570590002e-14 -4.3379425429e-16 2.7471233814e-14 -1.2419217003e-14 3.0952289259e-14
d  1.5938453255e-02 8.4308448263e-01 -2.0000000000e-01 3.3931137291e-08 3.0000000000e+02 4.6673976709e-14 -2.7519750312e-14 1.1308461785e-14 -4.6758285150e-14 -4.2612584018e-16 2.7539750349e-14 -1.1310379171e-14 3.0955178862e-14
d  1.5965115346e-02 8.2442102397e-01 -2.0000000000e-01 3.1262314391e-08 3.0000000000e+02 4.7382283570e-14 -2.7339287123e-14 1.0420806915e-14 -4.7464725672e-14 -4.1715355072e-16 2.7359287123e-14 -1.0420771466e-14 3.0943189897e-14
d  1.5981112601e-02 8.1322294878e-01 -2.0000000000e-01 2.8666214003e-08 3.0000000000e+02 4.8395501398e-14 -2.7473848527e-14 9.5545664177e-15 -4.8476823688e-14 -4.1188116555e-16 2.7493848549e-14 -9.5554047135e-15 3.0950287741e-14
d  1.6000309307e-02 7.9978525855e-01 -2.0000000000e-01 2.6249588299e-08 3.0000000000e+02 4.9217177388e-14 -2.7482746901e-14 8.7484360888e-15 -4.9297155906e-14 -4.0566998166e-16 2.7502746937e-14 -8.7498628375e-15 3.0949825655e-14
d  1.6023345354e-02 7.8366003027e-01 -2.0000000000e-01 2.3673874768e-08 3.0000000000e+02 5.0038405607e-14 -2.7439731632e-14 7.8910025465e-15 -5.0116771609e-14 -3.9836923796e-16 2.7459731638e-14 -7.8912916033e-15 3.0946098233e-14
d  1.6050988610e-02 7.6430975633e-01 -2.0000000000e-01 2.0371059360e-08 3.0000000000e+02 5.1176364180e-14 -2.7466920390e-14 6.7919282462e-15 -5.1252795161e-14 -3.8982313470e-16 2.7486920363e-14 -6.7903530694e-15 3.0946273745e-14
d  1.6067574564e-02 7.5269959197e-01 -2.0000000000e-01 1.7992052648e-08 3.0000000000e+02 5.2099423722e-14 -2.7585812049e-14 5.9997862073e-15 -5.2174693695e-14 -3.8480474834e-16 2.7605811986e-14 -5.9973507642e-15 3.0952461965e-14
d  1.6087477708e-02 7.3876739474e-01 -2.0000000000e-01 1.6388338216e-08 3.0000000000e+02 5.2497243655e-14 -2.7449851591e-14 5.4628504197e-15 -5.2571120395e-14 -3.7889204223e-16 2.7469851590e-14 -5.4627794038e-15 3.0943370332e-14
d  1.6111361482e-02 7.2204875806e-01 -2.0000000000e-01 1.3575658100e-08 3.0000000000e+02 5.3514638952e-14 -2.7517667885e-14 4.5249912486e-15 -5.3586843827e-14 -3.7193923274e-16 2.7537667889e-14 -4.5252193768e-15 3.0946152833e-14
d  1.6140022010e-02 7.0198639405e-01 -2.0000000000e-01 1.0119257403e-08 3.0000000000e+02 5.4803219360e-14 -2.7638444793e-14 3.3733036806e-15 -5.4873418000e-14 -3.6380455784e-16 2.7658444789e-14 -3.3730857950e-15 3.0951852825e-14
d  1.6148620169e-02 6.9596768485e-01 -2.0000000000e-01 9.7422489206e-09 3.0000000000e+02 5.4810823733e-14 -2.7526585680e-14 3.2469968243e-15 -5.4880420498e-14 -3.6140952738e-16 2.7546585699e-14 -3.2474163434e-15 3.0944745534e-14
d  1.6158937959e-02 6.8874523380e-01 -2.0000000000e-01 8.2206774270e-09 3.0000000000e+02 5.5449914872e-14 -2.7644840115e-14 2.7380795174e-15 -5.5518789374e-14 -3.5855406648e-16 2.7664840215e-14 -2.7402260003e-15 3.0951263182e-14
d  1.6171319307e-02 6.8007829255e-01 -2.0000000000e-01 7.4092601945e-09 3.0000000000e+02 5.5626846010e-14 -2.7552374773e-14 2.4688299945e-15 -5.5694853832e-14 -3.5517312449e-16 2.7572374809e-14 -2.4697534673e-15 3.0945099330e-14
d  1.6186176925e-02 6.6967796304e-01 -2.0000000000e-01 5.9265686094e-09 3.0000000000e+02 5.6147208166e-14 -2.7574894423e-14 1.9756796172e-15 -5.6214175964e-14 -3.5116003660e-16 2.7594894418e-14 -1.9755228607e-15 3.0945669532e-14
d  1.6204006066e-02 6.5719756764e-01 -2.0000000000e-01 4.1769432552e-09 3.0000000000e+02 5.6764560426e-14 -2.7602911741e-14 1.3918635351e-15 -5.6830280181e-14 -3.4641993682e-16 2.7622911753e-14 -1.3923144421e-15 3.0946409972e-14
d  1.6225401036e-02 6.4222109315e-01 -2.0000000000e-01 2.0254360270e-09 3.0000000000e+02 5.7549043538e-14 -2.7660069563e-14 6.7506641592e-16 -5.7613265647e-14 -3.4083327413e-16 2.7680069565e-14 -6.7514534592e-16 3.0948712892e-14
d  1.6251074999e-02 6.2424932377e-01 -2.0000000000e-01 -5.1874638554e-10 3.0000000000e+02 5.8485778790e-14 -2.7737480204e-14 -1.7342912257e-16 -5.8548203720e-14 -3.3427263462e-16 2.7757480213e-14 1.7291544348e-16 3.0952018084e-14
d  1.6281883755e-02 6.0268320050e-01 -2.0000000000e-01 -3.2676889950e-09 3.0000000000e+02 5.9458472124e-14 -2.7782783827e-14 -1.0895814216e-15 -5.9518740443e-14 -3.2659993001e-16 2.7802783833e-14 1.0892296548e-15 3.0953144291e-14
d  1.6318854263e-02 5.7680385259e-01 -2.0000000000e-01 -6.4315029751e-09 3.0000000000e+02 6.0586907402e-14 -2.7843511530e-14 -2.1431727598e-15 -6.0644587789e-14 -3.1766922423e-16 2.7863511522e-14 2.1438343422e-15 3.0954886771e-14
d  1.6363218872e-02 5.4574863509e-01 -2.0000000000e-01 -1.0143858204e-08 3.0000000000e+02 6.1946823577e-14 -2.7949283058e-14 -3.3817581079e-15 -6.2001398439e-14 -3.0733369888e-16 2.7969283063e-14 3.3812860593e-15 3.0958981194e-14
d  1.6416456403e-02 5.0848237410e-01 -2.0000000000e-01 -1.4180303320e-08 3.0000000000e+02 6.3410038635e-14 -2.8047110264e-14 -4.7271653246e-15 -6.3460886871e-14 -2.9545246517e-16 2.8067110268e-14 4.7267677677e-15 3.0962173620e-14
d  1.6448398921e-02 4.8612261750e-01 -2.0000000000e-01 -1.6294365076e-08 3.0000000000e+02 6.4147274592e-14 -2.8070885499e-14 -5.4308311554e-15 -6.4195886856e-14 -2.8858560123e-16 2.8090885491e-14 5.4314550428e-15 3.0961982817e-14
d  1.6486729943e-02 4.5929090958e-01 -2.0000000000e-01 -1.8922412923e-08 3.0000000000e+02 6.5123819801e-14 -2.8158172562e-14 -6.3070547100e-15 -6.5169748893e-14 -2.8059152699e-16 2.8178172557e-14 6.3074709862e-15 3.0965327841e-14
d  1.6532727170e-02 4.2709286008e-01 -2.0000000000e-01 -2.2047705374e-08 3.0000000000e+02 6.6328236351e-14 -2.8301511490e-14 -7.3492996138e-15 -6.6370945637e-14 -2.7133796672e-16 2.8321511490e-14 7.3492351256e-15 3.0971736708e-14
d  1.6587923842e-02 3.8845520068e-01 -2.0000000000e-01 -2.5396818730e-08 3.0000000000e+02 6.7601784629e-14 -2.8438338584e-14 -8.4655327466e-15 -6.7640630150e-14 -2.6069768289e-16 2.8458338584e-14 8.4656062471e-15 3.0977342523e-14
d  1.6654159848e-02 3.4209000940e-01 -2.0000000000e-01 -2.9104360871e-08 3.0000000000e+02 6.9034663396e-14 -2.8611422028e-14 -9.7012561402e-15 -6.9068872397e-14 -2.4855790224e-16 2.8631422026e-14 9.7014536294e-15 3.0984695795e-14
d  1.6733643056e-02 2.8645177987e-01 -2.0000000000e-01 -3.3122123351e-08 3.0000000000e+02 7.0612635627e-14 -2.8821689821e-14 -1.1040783879e-14 -7.0641280805e-14 -2.3483423925e-16 2.8841689821e-14 1.1040707786e-14 3.0993802872e-14
d  1.6781332980e-02 2.5306884215e-01 -2.0000000000e-01 -3.5378522075e-08 3.0000000000e+02 7.1522724241e-14 -2.8961861879e-14 -1.1792837379e-14 -7.1548031125e-14 -2.2701841057e-16 2.8981861879e-14 1.1792840695e-14 3.1000237596e-14
d  1.6838560890e-02 2.1300931688e-01 -2.0000000000e-01 -3.7996177881e-08 3.0000000000e+02 7.2606113998e-14 -2.9150755287e-14 -1.2664922721e-14 -7.2627414930e-14 -2.1802717523e-16 2.9170755283e-14 1.2665392638e-14 3.1009320066e-14
d  1.6907234381e-02 1.6493788656e-01 -2.0000000000e-01 -4.0804953522e-08 3.0000000000e+02 7.3754742828e-14 -2.9339479640e-14 -1.3601587544e-14 -7.3771236617e-14 -2.0776296349e-16 2.9359479640e-14 1.3601651179e-14 3.1017955200e-14
d  1.6989642571e-02 1.0725217018e-01 -2.0000000000e-01 -4.4008382884e-08 3.0000000000e+02 7.5115455817e-14 -2.9602116418e-14 -1.4669451472e-14 -7.5126181034e-14 -1.9615168959e-16 2.9622116418e-14 1.4669460966e-14 3.1030769680e-14
d  1.7088532398e-02 3.8029310517e-02 -2.0000000000e-01 -4.7642775613e-08 3.0000000000e+02 7.6687296489e-14 -2.9926258689e-14 -1.5881047827e-14 -7.6691099420e-14 -1.8315746565e-16 2.9946258689e-14 1.5880925208e-14 3.1047009364e-14
d  1.7142860000e-02 0.0000000000e+00 -2.0000000000e-01 -4.9649582302e-08 3.0000000000e+02 7.7580111758e-14 -3.0129078971e-14 -1.6549784559e-14 -7.7580111758e-14 -1.7643032015e-16 3.0149078970e-14 1.6549860773e-14 3.1057740828e-14
