v ATLAS
# This file was created by ATLAS version 5.32.1.R on Fri Oct  9 09:27:55 2026.
#SSF 2.0 generic
##############################################################################
#                    Copyright (c) 1984 - 2021                               #
#                    Silvaco Inc. All rights reserved                        #
#                                                                            #
# This file format and the following Key are copyright Silvaco Inc.          #
# You may not use, this format or key without reproducing this message in    #
# full and obtaining express written permission from Silvaco Inc.            #
#                                                                            #
# To obtain such permission please contact: Silvaco Inc.                     #
#                                           support@silvaco.com              #
#                                                                            #
# KEY=SVC86hn7562asdx                       PROD=345                         #
##############################################################################
Q 10000 1 "V[1]" 5 1201 7 1
Q 10001 1 "V[2]" 5 1201 7 2
Q 10002 1 "V[3]" 5 1201 7 3
X 1 Vdrain
X 2 Vgate
X 3 Rtap
X 4 Adev_drain
X 5 Adev_source
X 6 Adev_gate
X 7 Adev_tap
X 8 Adev_substrate
p 13 61 10000 10001 10002 82 1301 1302 1303 1304 1305 1306 1307 1308
d  1.0000000000e-09 6.9999996500e-07 0.0000000000e+00 5.5222448076e-08 3.0000000000e+02 -7.7257458767e-14 3.6765202316e-14 5.5156200533e-15 7.7259000624e-14 -1.1181537412e-15 -3.6758426770e-14 -5.5351792074e-15 -3.3847000650e-14
d  2.0000000000e-09 1.3999999300e-06 0.0000000000e+00 9.6324418800e-08 3.0000000000e+02 -7.7747496714e-14 3.4646832773e-14 9.6324911056e-15 7.7747479388e-14 -6.9286438183e-16 -3.4646908288e-14 -9.6322977348e-15 -3.2812520803e-14
d  3.0000000000e-09 2.0999998950e-06 0.0000000000e+00 1.2353780865e-07 3.0000000000e+02 -7.8072724190e-14 3.3178839583e-14 1.2353759067e-14 7.8072731590e-14 -4.1018561155e-16 -3.3178806143e-14 -1.2353844712e-14 -3.2120777572e-14
d  4.2000000000e-09 2.9399998530e-06 0.0000000000e+00 1.4302493450e-07 3.0000000000e+02 -7.8304908949e-14 3.2166277477e-14 1.4302491548e-14 7.8304909226e-14 -2.0784102789e-16 -3.2166274972e-14 -1.4302498247e-14 -3.1628142893e-14
d  5.6400000000e-09 3.9479998026e-06 0.0000000000e+00 1.5507976304e-07 3.0000000000e+02 -7.8448687559e-14 3.1534793076e-14 1.5507967684e-14 7.8448689318e-14 -8.2701512234e-17 -3.1534783614e-14 -1.5507994381e-14 -3.1323047222e-14
d  7.3680000000e-09 5.1575997421e-06 0.0000000000e+00 1.6122686355e-07 3.0000000000e+02 -7.8522106505e-14 3.1213100389e-14 1.6122650558e-14 7.8522113441e-14 -1.8914996046e-17 -3.1213067648e-14 -1.6122748870e-14 -3.1167472899e-14
d  9.4416000000e-09 6.6091196695e-06 0.0000000000e+00 1.6351106257e-07 3.0000000000e+02 -7.8549601721e-14 3.1093683528e-14 1.6351012376e-14 7.8549617346e-14 4.7908469246e-18 -3.1093611974e-14 -1.6351242865e-14 -3.1109689202e-14
d  1.1929920000e-08 8.3509435825e-06 0.0000000000e+00 1.6383159599e-07 3.0000000000e+02 -7.8553664727e-14 3.1077043814e-14 1.6383005675e-14 7.8553686143e-14 8.1194159842e-18 -3.1076946050e-14 -1.6383346241e-14 -3.1101614122e-14
d  1.4915904000e-08 1.0441132278e-05 0.0000000000e+00 1.6350944404e-07 3.0000000000e+02 -7.8549759844e-14 3.1094058955e-14 1.6350807532e-14 7.8549775289e-14 4.7635513418e-18 -3.1093986510e-14 -1.6351082714e-14 -3.1109779758e-14
d  1.8499084800e-08 1.2949358713e-05 0.0000000000e+00 1.6319436760e-07 3.0000000000e+02 -7.8545361376e-14 3.1109889879e-14 1.6319512068e-14 7.8545352521e-14 1.5161927756e-18 -3.1109923096e-14 -1.6319373369e-14 -3.1117689263e-14
d  2.2798901760e-08 1.5959230434e-05 0.0000000000e+00 1.6304841904e-07 3.0000000000e+02 -7.8542446291e-14 3.1116261720e-14 1.6305353174e-14 7.8542401923e-14 3.8550612057e-20 -3.1116449645e-14 -1.6304483183e-14 -3.1121228514e-14
d  2.7958682112e-08 1.9571076500e-05 0.0000000000e+00 1.6299668321e-07 3.0000000000e+02 -7.8534874292e-14 3.1113166220e-14 1.6302796971e-14 7.8534654235e-14 -2.3841609455e-19 -3.1114124548e-14 -1.6297838969e-14 -3.1121638810e-14
d  3.4150418534e-08 2.3905291779e-05 0.0000000000e+00 1.6296062262e-07 3.0000000000e+02 -7.8523150976e-14 3.1102647111e-14 1.6303868142e-14 7.8522695216e-14 -1.4087593205e-19 -3.1104639651e-14 -1.6292258814e-14 -3.1120788458e-14
d  4.1580502241e-08 2.9106350114e-05 0.0000000000e+00 1.6291770460e-07 3.0000000000e+02 -7.8511216108e-14 3.1090769671e-14 1.6304838532e-14 7.8510580835e-14 -5.3316130439e-20 -3.1093549546e-14 -1.6286464294e-14 -3.1119852562e-14
d  5.0496602690e-08 3.5347620115e-05 0.0000000000e+00 1.6289267173e-07 3.0000000000e+02 -7.8506068755e-14 3.1083461197e-14 1.6305209049e-14 7.8505422449e-14 -3.0635838116e-20 -3.1086287235e-14 -1.6283873006e-14 -3.1119310922e-14
d  6.1195923227e-08 4.2837144117e-05 0.0000000000e+00 1.6288732132e-07 3.0000000000e+02 -7.8506229373e-14 3.1082627573e-14 1.6305314026e-14 7.8505667941e-14 -2.7307901231e-20 -3.1085077154e-14 -1.6284056523e-14 -3.1119230764e-14
d  7.4035107873e-08 5.1824572920e-05 0.0000000000e+00 1.6288276621e-07 3.0000000000e+02 -7.8506386860e-14 3.1083806586e-14 1.6305493924e-14 7.8505899595e-14 -3.4031282918e-20 -3.1085926126e-14 -1.6284230977e-14 -3.1119297228e-14
d  8.9442129448e-08 6.2609487483e-05 0.0000000000e+00 1.6287973675e-07 3.0000000000e+02 -7.8506634088e-14 3.1084135037e-14 1.6305759058e-14 7.8506212836e-14 -3.3284392409e-20 -3.1085959601e-14 -1.6284491064e-14 -3.1119300207e-14
d  1.0793055534e-07 7.5551384958e-05 0.0000000000e+00 1.6287796901e-07 3.0000000000e+02 -7.8506951174e-14 3.1084437680e-14 1.6306085428e-14 7.8506588009e-14 -3.3101239815e-20 -3.1086001165e-14 -1.6284812622e-14 -3.1119303469e-14
d  1.3011666640e-07 9.1081661929e-05 0.0000000000e+00 1.6287743698e-07 3.0000000000e+02 -7.8507351728e-14 3.1084705729e-14 1.6306475348e-14 7.8507039097e-14 -3.2172189432e-20 -3.1086040202e-14 -1.6285196543e-14 -3.1119307837e-14
d  1.5673999969e-07 1.0971799429e-04 0.0000000000e+00 1.6287823799e-07 3.0000000000e+02 -7.8507846791e-14 3.1084973954e-14 1.6306943998e-14 7.8507577636e-14 -3.3697243454e-20 -3.1086109083e-14 -1.6285657140e-14 -3.1119313378e-14
d  1.8868799962e-07 1.3208159313e-04 0.0000000000e+00 1.6288047026e-07 3.0000000000e+02 -7.8508459255e-14 3.1085231455e-14 1.6307505672e-14 7.8508227085e-14 -3.3148157604e-20 -3.1086194140e-14 -1.6286209517e-14 -3.1119319814e-14
d  2.2702559955e-07 1.5891791174e-04 0.0000000000e+00 1.6288427346e-07 3.0000000000e+02 -7.8509207755e-14 3.1085459796e-14 1.6308182185e-14 7.8509006617e-14 -3.2944119327e-20 -3.1086274247e-14 -1.6286872780e-14 -3.1119327781e-14
d  2.7303071946e-07 1.9112149406e-04 0.0000000000e+00 1.6288981560e-07 3.0000000000e+02 -7.8510117410e-14 3.1085710684e-14 1.6308994173e-14 7.8509941911e-14 -3.3160956180e-20 -3.1086398250e-14 -1.6287669183e-14 -3.1119337028e-14
d  3.2823686335e-07 2.2976579285e-04 0.0000000000e+00 1.6289730187e-07 3.0000000000e+02 -7.8511218155e-14 3.1085942923e-14 1.6309964873e-14 7.8511063410e-14 -3.2982771937e-20 -3.1086522254e-14 -1.6288624403e-14 -3.1119348180e-14
d  3.9448423602e-07 2.7613895140e-04 0.0000000000e+00 1.6290699969e-07 3.0000000000e+02 -7.8512545321e-14 3.1086203377e-14 1.6311129494e-14 7.8512406842e-14 -3.3474335913e-20 -3.1086690802e-14 -1.6289769610e-14 -3.1119361749e-14
d  4.7398108322e-07 3.3178674166e-04 0.0000000000e+00 1.6291925196e-07 3.0000000000e+02 -7.8514145761e-14 3.1086468025e-14 1.6312525163e-14 7.8514019423e-14 -3.2754856973e-20 -3.1086877602e-14 -1.6291143429e-14 -3.1119377878e-14
d  5.6937729986e-07 3.9856408998e-04 0.0000000000e+00 1.6293448099e-07 3.0000000000e+02 -7.8516070585e-14 3.1086777250e-14 1.6314201315e-14 7.8515952518e-14 -3.3174127784e-20 -3.1087121104e-14 -1.6292791781e-14 -3.1119397322e-14
d  6.8385275984e-07 4.7869690795e-04 0.0000000000e+00 1.6295319535e-07 3.0000000000e+02 -7.8518383706e-14 3.1087107956e-14 1.6316211177e-14 7.8518270225e-14 -3.3274748253e-20 -3.1087396413e-14 -1.6294768956e-14 -3.1119420440e-14
d  8.2122331180e-07 5.7485628952e-04 0.0000000000e+00 1.6297602070e-07 3.0000000000e+02 -7.8521162008e-14 3.1087487572e-14 1.6318622842e-14 7.8521049508e-14 -3.3261535193e-20 -3.1087729439e-14 -1.6297140418e-14 -3.1119448154e-14
d  9.8606797417e-07 6.9024754740e-04 0.0000000000e+00 1.6300373027e-07 3.0000000000e+02 -7.8524498930e-14 3.1087926220e-14 1.6321514888e-14 7.8524383795e-14 -3.3160924579e-20 -3.1088128938e-14 -1.6299986101e-14 -3.1119481318e-14
d  1.1838815690e-06 8.2871705686e-04 0.0000000000e+00 1.6303723629e-07 3.0000000000e+02 -7.8528502325e-14 3.1088435753e-14 1.6324985008e-14 7.8528380810e-14 -3.3158351974e-20 -3.1088605640e-14 -1.6303399368e-14 -3.1119521054e-14
d  1.4212578828e-06 9.9488046822e-04 0.0000000000e+00 1.6307764986e-07 3.0000000000e+02 -7.8533303808e-14 3.1089031378e-14 1.6329146394e-14 7.8533171935e-14 -3.3161810450e-20 -3.1089173751e-14 -1.6307493244e-14 -3.1119568452e-14
d  1.7061094594e-06 1.1942765618e-03 0.0000000000e+00 1.6312630667e-07 3.0000000000e+02 -7.8539060219e-14 3.1089729259e-14 1.6334137843e-14 7.8538913645e-14 -3.3052990301e-20 -3.1089848601e-14 -1.6312402883e-14 -3.1119625046e-14
d  2.0479313512e-06 1.4335518742e-03 0.0000000000e+00 1.6318480881e-07 3.0000000000e+02 -7.8545957918e-14 3.1090557929e-14 1.6340123343e-14 7.8545791798e-14 -3.3174281835e-20 -3.1090658008e-14 -1.6318289868e-14 -3.1119692489e-14
d  2.4581176215e-06 1.7206822490e-03 0.0000000000e+00 1.6347102300e-07 3.0000000000e+02 -7.8594379698e-14 3.1108869103e-14 1.6325510453e-14 7.8594226569e-14 -1.6557923116e-20 -3.1108785904e-14 -1.6347261145e-14 -3.1120903574e-14
d  2.9503411458e-06 2.0652386988e-03 0.0000000000e+00 1.6355494395e-07 3.0000000000e+02 -7.8603155218e-14 3.1151521503e-14 1.6333775083e-14 7.8602964570e-14 -3.8865014844e-20 -3.1151451761e-14 -1.6355627553e-14 -3.1123854973e-14
d  3.5410093749e-06 2.4787064385e-03 0.0000000000e+00 1.6365840851e-07 3.0000000000e+02 -7.8615491967e-14 3.1142944534e-14 1.6343979502e-14 7.8615257414e-14 -3.3228057203e-20 -3.1142886034e-14 -1.6365952546e-14 -3.1123283132e-14
d  4.2498112499e-06 2.9748677262e-03 0.0000000000e+00 1.6378172686e-07 3.0000000000e+02 -7.8629878692e-14 3.1144894257e-14 1.6356147417e-14 7.8629592387e-14 -3.3144968484e-20 -3.1144845141e-14 -1.6378266469e-14 -3.1123439447e-14
d  5.1003734999e-06 3.5702612714e-03 0.0000000000e+00 1.6392941284e-07 3.0000000000e+02 -7.8647080989e-14 3.1147204203e-14 1.6370726297e-14 7.8646733362e-14 -3.3158451640e-20 -3.1147162920e-14 -1.6393020115e-14 -3.1123624862e-14
d  6.1210481999e-06 4.2847335257e-03 0.0000000000e+00 1.6410628915e-07 3.0000000000e+02 -7.8667640021e-14 3.1149928115e-14 1.6388192193e-14 7.8667219459e-14 -3.3211133325e-20 -3.1149893368e-14 -1.6410695268e-14 -3.1123843762e-14
d  7.3458578398e-06 5.1421002308e-03 0.0000000000e+00 1.6431806807e-07 3.0000000000e+02 -7.8692189601e-14 3.1153125507e-14 1.6409110259e-14 7.8691682061e-14 -3.3227261694e-20 -3.1153096215e-14 -1.6431862746e-14 -3.1124101321e-14
d  8.8156294078e-06 6.1709402769e-03 0.0000000000e+00 1.6457244015e-07 3.0000000000e+02 -7.8721639190e-14 3.1156928081e-14 1.6457160291e-14 7.8721022116e-14 -3.8116842551e-20 -3.1156927991e-14 -1.6457244203e-14 -3.1124419677e-14
d  1.0579355289e-05 7.4055483323e-03 0.0000000000e+00 1.6487632379e-07 3.0000000000e+02 -7.8757074117e-14 3.1139678958e-14 1.6487550371e-14 7.8756333579e-14 -3.1577012462e-20 -3.1139678884e-14 -1.6487632536e-14 -3.1123291913e-14
d  1.2695826347e-05 8.8870779987e-03 0.0000000000e+00 1.6523902277e-07 3.0000000000e+02 -7.8798511117e-14 3.1149704798e-14 1.6523818384e-14 7.8797622424e-14 -3.3298326658e-20 -3.1149704735e-14 -1.6523902413e-14 -3.1124044725e-14
d  1.5235591617e-05 1.0664913598e-02 0.0000000000e+00 1.6567292817e-07 3.0000000000e+02 -7.8847924700e-14 3.1155104393e-14 1.6567145184e-14 7.8846858229e-14 -3.3328405665e-20 -3.1155104301e-14 -1.6567293009e-14 -3.1124492935e-14
d  1.8283309940e-05 1.2798316318e-02 0.0000000000e+00 1.6619157587e-07 3.0000000000e+02 -7.8906573027e-14 3.1161226418e-14 1.6618786508e-14 7.8905293240e-14 -3.3361254639e-20 -3.1161226225e-14 -1.6619157971e-14 -3.1125005742e-14
d  2.1940571928e-05 1.5358399582e-02 0.0000000000e+00 1.6681129397e-07 3.0000000000e+02 -7.8976062902e-14 3.1168117418e-14 1.6680280922e-14 7.8974527145e-14 -3.3390441952e-20 -3.1168117051e-14 -1.6681130114e-14 -3.1125589127e-14
d  2.6329286314e-05 1.8430499498e-02 0.0000000000e+00 1.6755159278e-07 3.0000000000e+02 -7.9058248907e-14 3.1175742220e-14 1.6749734857e-14 7.9056406303e-14 -3.3161052379e-20 -3.1175740265e-14 -1.6755163028e-14 -3.1126243361e-14
d  3.1595743576e-05 2.2117019398e-02 0.0000000000e+00 1.6843570313e-07 3.0000000000e+02 -7.9155156108e-14 3.1187459933e-14 1.6843575812e-14 7.9152944406e-14 -3.3981657513e-20 -3.1187459934e-14 -1.6843570327e-14 -3.1127202947e-14
d  3.7915492292e-05 2.6540843277e-02 0.0000000000e+00 1.6949177123e-07 3.0000000000e+02 -7.9269556525e-14 3.1188825125e-14 1.6949177847e-14 7.9266902440e-14 -3.3517155926e-20 -3.1188825125e-14 -1.6949177139e-14 -3.1127488350e-14
d  4.5499190750e-05 3.1849431933e-02 0.0000000000e+00 1.7075364688e-07 3.0000000000e+02 -7.9403798293e-14 3.1196947748e-14 1.7075380467e-14 7.9400613349e-14 -3.3731428981e-20 -3.1196947751e-14 -1.7075364699e-14 -3.1128268520e-14
d  5.4599628900e-05 3.8219738319e-02 0.0000000000e+00 1.7226333453e-07 3.0000000000e+02 -7.9561346279e-14 3.1202243637e-14 1.7226443207e-14 7.9557524301e-14 -3.3853625756e-20 -3.1202243656e-14 -1.7226333433e-14 -3.1128898759e-14
d  6.5520154680e-05 4.5864105983e-02 0.0000000000e+00 1.7407243675e-07 3.0000000000e+02 -7.9745858690e-14 3.1204515547e-14 1.7407639072e-14 7.9741272267e-14 -3.4005654194e-20 -3.1204515604e-14 -1.7407243583e-14 -3.1129373734e-14
d  7.8624785616e-05 5.5037347179e-02 0.0000000000e+00 1.7625826948e-07 3.0000000000e+02 -7.9963883292e-14 3.1202530540e-14 1.7625828762e-14 7.9958379557e-14 -3.4199242170e-20 -3.1202530540e-14 -1.7625826966e-14 -3.1129619342e-14
d  9.4350342739e-05 6.6045236615e-02 0.0000000000e+00 1.7889802965e-07 3.0000000000e+02 -8.0219297379e-14 3.1193493501e-14 1.7889789033e-14 8.0212692855e-14 -3.4426182471e-20 -3.1193493500e-14 -1.7889802985e-14 -3.1129458754e-14
d  1.1322101129e-04 7.9254703938e-02 0.0000000000e+00 1.8212046207e-07 3.0000000000e+02 -8.0521707229e-14 3.1173101011e-14 1.8211459039e-14 8.0513781770e-14 -3.4721768943e-20 -3.1173100961e-14 -1.8212046320e-14 -3.1128617539e-14
d  1.3586581354e-04 9.5106064726e-02 0.0000000000e+00 1.8609093501e-07 3.0000000000e+02 -8.0881790935e-14 3.1136912537e-14 1.8609071456e-14 8.0872280328e-14 -3.5116916932e-20 -3.1136912535e-14 -1.8609093522e-14 -3.1126818698e-14
d  1.6303957625e-04 1.1412769767e-01 0.0000000000e+00 1.9075202891e-07 3.0000000000e+02 -8.1261919165e-14 3.1053179867e-14 1.9074244054e-14 8.1250506408e-14 -3.5164847917e-20 -3.1053179811e-14 -1.9075203017e-14 -3.1121972459e-14
d  1.9564809150e-04 1.3695365721e-01 0.0000000000e+00 1.9698310988e-07 3.0000000000e+02 -8.1782222443e-14 3.0954750016e-14 1.9698349854e-14 8.1768527077e-14 -3.6138820591e-20 -3.0954750018e-14 -1.9698311004e-14 -3.1116328968e-14
d  2.3477830980e-04 1.6434480865e-01 0.0000000000e+00 2.0512661679e-07 3.0000000000e+02 -8.2444170935e-14 3.0807080355e-14 2.0512826142e-14 8.2427736453e-14 -3.6769057652e-20 -3.0807080362e-14 -2.0512661686e-14 -3.1107646638e-14
d  2.8173457177e-04 1.9721419038e-01 0.0000000000e+00 2.1593450700e-07 3.0000000000e+02 -8.3292550397e-14 3.0584764899e-14 2.1593357552e-14 8.3272828979e-14 -3.7617000460e-20 -3.0584764896e-14 -2.1593450728e-14 -3.1094359975e-14
d  3.3808208612e-04 2.3665744845e-01 0.0000000000e+00 2.3064131081e-07 3.0000000000e+02 -8.4412045679e-14 3.0250034033e-14 2.3063871701e-14 8.4388379936e-14 -3.8681809395e-20 -3.0250034026e-14 -2.3064131118e-14 -3.1074172407e-14
d  4.0569910334e-04 2.8398935814e-01 0.0000000000e+00 2.5101685693e-07 3.0000000000e+02 -8.5918401339e-14 2.9744668385e-14 2.5101232212e-14 8.5890002406e-14 -3.9908049425e-20 -2.9744668374e-14 -2.5101685739e-14 -3.1043591457e-14
d  4.8683952401e-04 3.4078764977e-01 0.0000000000e+00 2.7961806969e-07 3.0000000000e+02 -8.7999542823e-14 2.9004567314e-14 2.7961485872e-14 8.7965464060e-14 -4.1308244204e-20 -2.9004567307e-14 -2.7961807010e-14 -3.0998964885e-14
d  5.3552377641e-04 3.7486662475e-01 0.0000000000e+00 2.9849587245e-07 3.0000000000e+02 -8.9340600367e-14 2.8485386331e-14 2.9848872800e-14 8.9303113710e-14 -4.1756970663e-20 -2.8485386310e-14 -2.9849587316e-14 -3.0967964942e-14
d  5.9394487929e-04 4.1576139472e-01 0.0000000000e+00 3.2284903552e-07 3.0000000000e+02 -9.1087694184e-14 2.7831852775e-14 3.2283832889e-14 9.1046118052e-14 -4.2421057532e-20 -2.7831852745e-14 -3.2284903642e-14 -3.0929128561e-14
d  6.6405020275e-04 4.6483511868e-01 0.0000000000e+00 3.5351072656e-07 3.0000000000e+02 -9.3315249129e-14 2.7035144803e-14 3.5349465389e-14 9.3268765627e-14 -4.2738349887e-20 -2.7035144766e-14 -3.5351072764e-14 -3.0882294453e-14
d  6.8508179979e-04 4.7955723587e-01 0.0000000000e+00 3.6321535580e-07 3.0000000000e+02 -9.4071057214e-14 2.6829884759e-14 3.6321643074e-14 9.4023101489e-14 -4.3184491675e-20 -2.6829884765e-14 -3.6321535604e-14 -3.0870678082e-14
d  7.1031971623e-04 4.9722377650e-01 0.0000000000e+00 3.7452408878e-07 3.0000000000e+02 -9.4917413847e-14 2.6559672381e-14 3.7451468014e-14 9.4867691484e-14 -4.2615373362e-20 -2.6559672320e-14 -3.7452409031e-14 -3.0855102041e-14
d  7.4060521597e-04 5.1842362526e-01 0.0000000000e+00 3.8783455330e-07 3.0000000000e+02 -9.5906654866e-14 2.6235178132e-14 3.8782245290e-14 9.5854812518e-14 -4.2515690353e-20 -2.6235178067e-14 -3.8783455492e-14 -3.0836453659e-14
d  7.7694781565e-04 5.4386344376e-01 0.0000000000e+00 4.0382010759e-07 3.0000000000e+02 -9.7136584462e-14 2.5883490034e-14 4.0380568859e-14 9.7082198133e-14 -4.2649850414e-20 -2.5883489969e-14 -4.0382010923e-14 -3.0816564858e-14
d  8.2055893526e-04 5.7439122597e-01 0.0000000000e+00 4.2271196743e-07 3.0000000000e+02 -9.8633779780e-14 2.5509013931e-14 4.2269705072e-14 9.8576340671e-14 -4.2541537589e-20 -2.5509013875e-14 -4.2271196892e-14 -3.0795813022e-14
d  8.2710060321e-04 5.7897039330e-01 0.0000000000e+00 4.2726478949e-07 3.0000000000e+02 -9.9161529099e-14 2.5573612965e-14 4.2726529494e-14 9.9103632058e-14 -4.8982475446e-20 -2.5573612975e-14 -4.2726478975e-14 -3.0800355890e-14
d  8.3495060474e-04 5.8446539409e-01 0.0000000000e+00 4.3071792319e-07 3.0000000000e+02 -9.9442248791e-14 2.5516245011e-14 4.3071809251e-14 9.9383802251e-14 -4.0217122090e-20 -2.5516245014e-14 -4.3071792355e-14 -3.0797242487e-14
d  8.4437060657e-04 5.9105939505e-01 0.0000000000e+00 4.3484753897e-07 3.0000000000e+02 -9.9780522329e-14 2.5443338379e-14 4.3484861656e-14 9.9721416386e-14 -4.3070663720e-20 -2.5443338397e-14 -4.3484753905e-14 -3.0793280297e-14
d  8.5567460878e-04 5.9897219620e-01 0.0000000000e+00 4.3977513686e-07 3.0000000000e+02 -1.0018705058e-13 2.5360838561e-14 4.3977826134e-14 1.0012715335e-13 -4.3050411225e-20 -2.5360838606e-14 -4.3977513645e-14 -3.0788837013e-14
d  8.6923941142e-04 6.0846755757e-01 0.0000000000e+00 4.4565042463e-07 3.0000000000e+02 -1.0067651192e-13 2.5266654010e-14 4.4565165828e-14 1.0061566516e-13 -4.3039854437e-20 -2.5266654025e-14 -4.4565042480e-14 -3.0783813332e-14
d  8.7737829301e-04 6.1416477440e-01 0.0000000000e+00 4.4915439759e-07 3.0000000000e+02 -1.0097101652e-13 2.5213220705e-14 4.4915558386e-14 1.0090960004e-13 -4.3046748056e-20 -2.5213220726e-14 -4.4915439764e-14 -3.0780996213e-14
d  8.8714495092e-04 6.2100143459e-01 0.0000000000e+00 4.5330643260e-07 3.0000000000e+02 -1.0131964529e-13 2.5149277593e-14 4.5328547487e-14 1.0125754523e-13 -4.2872939889e-20 -2.5149277248e-14 -4.5330643959e-14 -3.0777627515e-14
d  8.9886494040e-04 6.2920542682e-01 0.0000000000e+00 4.5834070488e-07 3.0000000000e+02 -1.0175290604e-13 2.5083563932e-14 4.5833946154e-14 1.0168998550e-13 -4.3291395836e-20 -2.5083563915e-14 -4.5834070566e-14 -3.0774280263e-14
d  9.1292892779e-04 6.3905021750e-01 0.0000000000e+00 4.6428959741e-07 3.0000000000e+02 -1.0226549103e-13 2.5002296751e-14 4.6428982269e-14 1.0220158600e-13 -4.3033241920e-20 -2.5002296753e-14 -4.6428959783e-14 -3.0770113170e-14
d  9.2980571265e-04 6.5086396631e-01 0.0000000000e+00 4.7139939412e-07 3.0000000000e+02 -1.0288748875e-13 2.4916493834e-14 4.7138907574e-14 1.0282240237e-13 -4.3171460870e-20 -2.4916493735e-14 -4.7139939647e-14 -3.0765851411e-14
d  9.5005785448e-04 6.6504046488e-01 0.0000000000e+00 4.7835275867e-07 3.0000000000e+02 -1.0339306117e-13 2.4736369001e-14 4.7835830467e-14 1.0332655711e-13 -4.0732175416e-20 -2.4736369046e-14 -4.7835275831e-14 -3.0755906883e-14
d  9.7436042467e-04 6.8205226317e-01 0.0000000000e+00 4.8763422334e-07 3.0000000000e+02 -1.0419897533e-13 2.4615745369e-14 4.8762022960e-14 1.0413077013e-13 -4.2870265366e-20 -2.4615745275e-14 -4.8763422561e-14 -3.0749974543e-14
d  1.0035235089e-03 7.0246642111e-01 0.0000000000e+00 4.9906021138e-07 3.0000000000e+02 -1.0525110038e-13 2.4528225209e-14 4.9904144750e-14 1.0518085377e-13 -4.3058244955e-20 -2.4528225104e-14 -4.9906021388e-14 -3.0746425207e-14
d  1.0385192100e-03 7.2696341065e-01 0.0000000000e+00 5.1325573394e-07 3.0000000000e+02 -1.0662445173e-13 2.4479965233e-14 5.1327193142e-14 1.0655175537e-13 -4.3849677928e-20 -2.4479965309e-14 -5.1325573300e-14 -3.0745691117e-14
d  1.0595166306e-03 7.4166160437e-01 0.0000000000e+00 5.2191701134e-07 3.0000000000e+02 -1.0748175248e-13 2.4469626149e-14 5.2192511020e-14 1.0740758631e-13 -4.4125467929e-20 -2.4469626205e-14 -5.2191701080e-14 -3.0746390064e-14
d  1.0847135354e-03 7.5929943683e-01 0.0000000000e+00 5.3190448005e-07 3.0000000000e+02 -1.0845019956e-13 2.4438225456e-14 5.3191346220e-14 1.0837426960e-13 -4.3910933859e-20 -2.4438225514e-14 -5.3190447947e-14 -3.0746031014e-14
d  1.1149498212e-03 7.8046483579e-01 0.0000000000e+00 5.4315323280e-07 3.0000000000e+02 -1.0951113481e-13 2.4374132604e-14 5.4313058533e-14 1.0943308836e-13 -4.3583109824e-20 -2.4374132481e-14 -5.4315323568e-14 -3.0743938457e-14
d  1.1240207069e-03 7.8681445548e-01 0.0000000000e+00 5.4960622239e-07 3.0000000000e+02 -1.1034104508e-13 2.4543953104e-14 5.4960710908e-14 1.1026236363e-13 -5.2979610655e-20 -2.4543953117e-14 -5.4960622270e-14 -3.0755074661e-14
d  1.1349057698e-03 7.9443399910e-01 0.0000000000e+00 5.5424726200e-07 3.0000000000e+02 -1.1079986393e-13 2.4541227497e-14 5.5424756631e-14 1.1072042052e-13 -4.2523090808e-20 -2.4541227502e-14 -5.5424726247e-14 -3.0755546627e-14
d  1.1479678452e-03 8.0357745145e-01 0.0000000000e+00 5.5985386645e-07 3.0000000000e+02 -1.1135677709e-13 2.4535024714e-14 5.5985535808e-14 1.1127641934e-13 -4.6001376086e-20 -2.4535024732e-14 -5.5985386666e-14 -3.0755962189e-14
d  1.1636423357e-03 8.1454959427e-01 0.0000000000e+00 5.6475284727e-07 3.0000000000e+02 -1.1173080830e-13 2.4424053968e-14 5.6473744818e-14 1.1164935337e-13 -4.2248273155e-20 -2.4424053808e-14 -5.6475285085e-14 -3.0750010421e-14
d  1.1824517243e-03 8.2771616566e-01 0.0000000000e+00 5.7231580772e-07 3.0000000000e+02 -1.1248020572e-13 2.4415235481e-14 5.7230324167e-14 1.1239743413e-13 -4.6657067515e-20 -2.4415235373e-14 -5.7231581035e-14 -3.0750606942e-14
d  1.2050229907e-03 8.4351605132e-01 0.0000000000e+00 5.8185647627e-07 3.0000000000e+02 -1.1345979144e-13 2.4435864094e-14 5.8186778428e-14 1.1337543981e-13 -4.6724848514e-20 -2.4435864176e-14 -5.8185647530e-14 -3.0753232938e-14
d  1.2321085103e-03 8.6247591411e-01 0.0000000000e+00 5.9239900328e-07 3.0000000000e+02 -1.1449132069e-13 2.4412511584e-14 5.9236505954e-14 1.1440507315e-13 -4.5693903855e-20 -2.4412511379e-14 -5.9239900778e-14 -3.0753376777e-14
d  1.2483598221e-03 8.7385183179e-01 0.0000000000e+00 5.9982636529e-07 3.0000000000e+02 -1.1529129297e-13 2.4462309424e-14 5.9978766704e-14 1.1520390787e-13 -4.8398950748e-20 -2.4462309080e-14 -5.9982637242e-14 -3.0757407753e-14
d  1.2581106092e-03 8.8067738239e-01 0.0000000000e+00 6.0397724499e-07 3.0000000000e+02 -1.1571689964e-13 2.4473548125e-14 6.0404760984e-14 1.1562883167e-13 -4.7488656066e-20 -2.4473549161e-14 -6.0397722600e-14 -3.0758660182e-14
d  1.2698115537e-03 8.8886804312e-01 0.0000000000e+00 6.1267847945e-07 3.0000000000e+02 -1.1682912388e-13 2.4695906310e-14 6.1266621348e-14 1.1674023711e-13 -5.7779620924e-20 -2.4695906140e-14 -6.1267848326e-14 -3.0773111251e-14
d  1.2768321203e-03 8.9378243955e-01 0.0000000000e+00 6.1605119158e-07 3.0000000000e+02 -1.1717209910e-13 2.4705896553e-14 6.1605695318e-14 1.1708272083e-13 -4.7541594683e-20 -2.4705896670e-14 -6.1605118998e-14 -3.0774099095e-14
d  1.2852568004e-03 8.9967971528e-01 0.0000000000e+00 6.2010409587e-07 3.0000000000e+02 -1.1758234639e-13 2.4706645428e-14 6.2010650790e-14 1.1749237841e-13 -4.9557606314e-20 -2.4706645474e-14 -6.2010409562e-14 -3.0774619184e-14
d  1.2953664164e-03 9.0675644614e-01 0.0000000000e+00 6.2514527456e-07 3.0000000000e+02 -1.1810181581e-13 2.4720844324e-14 6.2514745618e-14 1.1801114016e-13 -5.0357217804e-20 -2.4720844359e-14 -6.2514527453e-14 -3.0776060616e-14
d  1.3074979556e-03 9.1524852318e-01 0.0000000000e+00 6.3119129975e-07 3.0000000000e+02 -1.1872131600e-13 2.4733088693e-14 6.3119388866e-14 1.1862979114e-13 -5.0408332258e-20 -2.4733088728e-14 -6.3119129972e-14 -3.0777487160e-14
d  1.3220558027e-03 9.2543901563e-01 0.0000000000e+00 6.3598006791e-07 3.0000000000e+02 -1.1906791817e-13 2.4606904502e-14 6.3595771720e-14 1.1897537433e-13 -4.4998165478e-20 -2.4606904253e-14 -6.3598007326e-14 -3.0770476888e-14
d  1.3307905110e-03 9.3155331110e-01 0.0000000000e+00 6.4275105541e-07 3.0000000000e+02 -1.1992304910e-13 2.4773574194e-14 6.4275332281e-14 1.1982989376e-13 -6.0016943292e-20 -2.4773574231e-14 -6.4275105535e-14 -3.0781283661e-14
d  1.3412721609e-03 9.3889046567e-01 0.0000000000e+00 6.4816278000e-07 3.0000000000e+02 -1.2048058362e-13 2.4787683513e-14 6.4816481975e-14 1.2038669457e-13 -4.8640754150e-20 -2.4787683544e-14 -6.4816278006e-14 -3.0782696015e-14
d  1.3475611508e-03 9.4329275840e-01 0.0000000000e+00 6.5146559876e-07 3.0000000000e+02 -1.2082216131e-13 2.4797682633e-14 6.5146862063e-14 1.2072783202e-13 -5.1932653430e-20 -2.4797682702e-14 -6.5146559812e-14 -3.0783657252e-14
d  1.3551079387e-03 9.4857550969e-01 0.0000000000e+00 6.5536590723e-07 3.0000000000e+02 -1.2121987174e-13 2.4804136091e-14 6.5535287237e-14 1.2112501425e-13 -5.1697384276e-20 -2.4804135814e-14 -6.5536591313e-14 -3.0784458587e-14
d  1.3641640843e-03 9.5491481123e-01 0.0000000000e+00 6.6024465964e-07 3.0000000000e+02 -1.2172792128e-13 2.4823248077e-14 6.6023893488e-14 1.2163242983e-13 -5.2824799814e-20 -2.4823247975e-14 -6.6024466223e-14 -3.0786122686e-14
d  1.3750314589e-03 9.6252197308e-01 0.0000000000e+00 6.6606242559e-07 3.0000000000e+02 -1.2232772807e-13 2.4838090581e-14 6.6606279386e-14 1.2223147588e-13 -5.2681220442e-20 -2.4838090586e-14 -6.6606242615e-14 -3.0787613040e-14
d  1.3815518836e-03 9.6708627019e-01 0.0000000000e+00 6.6957816503e-07 3.0000000000e+02 -1.2268998823e-13 2.4846775488e-14 6.6953612715e-14 1.2259327980e-13 -5.2789946194e-20 -2.4846774566e-14 -6.6957818312e-14 -3.0788491185e-14
d  1.3893763934e-03 9.7256342673e-01 0.0000000000e+00 6.7381436091e-07 3.0000000000e+02 -1.2312580084e-13 2.4861465036e-14 6.7381884598e-14 1.2302854447e-13 -5.3455804681e-20 -2.4861465128e-14 -6.7381435984e-14 -3.0789808472e-14
d  1.3987658050e-03 9.7913601457e-01 0.0000000000e+00 6.7906718621e-07 3.0000000000e+02 -1.2367416051e-13 2.4877448888e-14 6.7906750524e-14 1.2357624691e-13 -5.3901353304e-20 -2.4877448894e-14 -6.7906718678e-14 -3.0791283876e-14
d  1.4100330990e-03 9.8702311998e-01 0.0000000000e+00 6.8537580795e-07 3.0000000000e+02 -1.2432800704e-13 2.4898439997e-14 6.8537618443e-14 1.2422930472e-13 -5.4089881556e-20 -2.4898440002e-14 -6.8537580853e-14 -3.0793161413e-14
d  1.4235538518e-03 9.9648764646e-01 0.0000000000e+00 6.9032648026e-07 3.0000000000e+02 -1.2469159230e-13 2.4773129022e-14 6.9027869599e-14 1.2459194366e-13 -4.7863366368e-20 -2.4773128450e-14 -6.9032649179e-14 -3.0786124374e-14
d  1.4397787552e-03 1.0078450783e+00 0.0000000000e+00 6.9833750546e-07 3.0000000000e+02 -1.2548985479e-13 2.4770227334e-14 6.9831331772e-14 1.2538907034e-13 -5.4486633864e-20 -2.4770227092e-14 -6.9833751075e-14 -3.0786795700e-14
d  1.4495136972e-03 1.0146595373e+00 0.0000000000e+00 7.0744929034e-07 3.0000000000e+02 -1.2666011912e-13 2.5010009498e-14 7.0744967624e-14 1.2655865317e-13 -6.6211278201e-20 -2.5010009504e-14 -7.0744929094e-14 -3.0802076368e-14
d  1.4611956276e-03 1.0228368882e+00 0.0000000000e+00 7.1439361697e-07 3.0000000000e+02 -1.2737549935e-13 2.5030362754e-14 7.1437481594e-14 1.2727321572e-13 -5.2325700106e-20 -2.5030362494e-14 -7.1439362261e-14 -3.0803881939e-14
d  1.4682047859e-03 1.0277432987e+00 0.0000000000e+00 7.1866626469e-07 3.0000000000e+02 -1.2781766493e-13 2.5046032379e-14 7.1867078649e-14 1.2771489058e-13 -5.6900117450e-20 -2.5046032472e-14 -7.1866626366e-14 -3.0805202619e-14
d  1.4766157758e-03 1.0336309914e+00 0.0000000000e+00 7.2384720698e-07 3.0000000000e+02 -1.2835367030e-13 2.5058594264e-14 7.2384005576e-14 1.2825030723e-13 -5.7032581423e-20 -2.5058594127e-14 -7.2384721029e-14 -3.0806390856e-14
d  1.4867089637e-03 1.0406962225e+00 0.0000000000e+00 7.3022938097e-07 3.0000000000e+02 -1.2901886687e-13 2.5084538279e-14 7.3022838979e-14 1.2891479725e-13 -5.7889787010e-20 -2.5084538263e-14 -7.3022938200e-14 -3.0808484235e-14
d  1.4927648764e-03 1.0449353612e+00 0.0000000000e+00 7.3396128231e-07 3.0000000000e+02 -1.2939939387e-13 2.5090181540e-14 7.3396831893e-14 1.2929490030e-13 -5.7420088902e-20 -2.5090181706e-14 -7.3396127991e-14 -3.0809125452e-14
d  1.5000319717e-03 1.0500223277e+00 0.0000000000e+00 7.3859113261e-07 3.0000000000e+02 -1.2987906731e-13 2.5104450672e-14 7.3859902639e-14 1.2977406504e-13 -5.8368806047e-20 -2.5104450847e-14 -7.3859113005e-14 -3.0810358134e-14
d  1.5087524860e-03 1.0561266874e+00 0.0000000000e+00 7.4428586447e-07 3.0000000000e+02 -1.3047356522e-13 2.5127264862e-14 7.4430053141e-14 1.3036795249e-13 -5.8936715775e-20 -2.5127265133e-14 -7.4428586009e-14 -3.0812183746e-14
d  1.5192171032e-03 1.0634519191e+00 0.0000000000e+00 7.5110021338e-07 3.0000000000e+02 -1.3117793658e-13 2.5147005051e-14 7.5110062873e-14 1.3107159139e-13 -5.8942037533e-20 -2.5147005057e-14 -7.5110021401e-14 -3.0813900108e-14
d  1.5254958735e-03 1.0678470581e+00 0.0000000000e+00 7.5516735206e-07 3.0000000000e+02 -1.3159435979e-13 2.5156128494e-14 7.5517581854e-14 1.3148757505e-13 -5.9142497674e-20 -2.5156128687e-14 -7.5516734917e-14 -3.0814760815e-14
d  1.5330303979e-03 1.0731212249e+00 0.0000000000e+00 7.6018950727e-07 3.0000000000e+02 -1.3211490981e-13 2.5172639034e-14 7.6019733778e-14 1.3200759765e-13 -5.9930260532e-20 -2.5172639201e-14 -7.6018950487e-14 -3.0816135299e-14
d  1.5420718272e-03 1.0794502251e+00 0.0000000000e+00 7.6634695108e-07 3.0000000000e+02 -1.3275645583e-13 2.5196000075e-14 7.6635024251e-14 1.3264851079e-13 -6.0483189328e-20 -2.5196000134e-14 -7.6634695074e-14 -3.0817999303e-14
d  1.5529215423e-03 1.0870450253e+00 0.0000000000e+00 7.7376280698e-07 3.0000000000e+02 -1.3352389390e-13 2.5218935616e-14 7.7376311901e-14 1.3341518939e-13 -6.0755318976e-20 -2.5218935621e-14 -7.7376280767e-14 -3.0819918567e-14
d  1.5594313714e-03 1.0916019054e+00 0.0000000000e+00 7.7820071416e-07 3.0000000000e+02 -1.3397921194e-13 2.5229072352e-14 7.7820998519e-14 1.3387005170e-13 -6.0914506486e-20 -2.5229072556e-14 -7.7820071109e-14 -3.0820844997e-14
d  1.5672431662e-03 1.0970701615e+00 0.0000000000e+00 7.8367392647e-07 3.0000000000e+02 -1.3454675247e-13 2.5247497589e-14 7.8369132385e-14 1.3443704537e-13 -6.1768251381e-20 -2.5247497947e-14 -7.8367392048e-14 -3.0822341081e-14
d  1.5766173201e-03 1.1036320689e+00 0.0000000000e+00 7.9038473344e-07 3.0000000000e+02 -1.3524571389e-13 2.5272161828e-14 7.9038974281e-14 1.3513535067e-13 -6.2270373355e-20 -2.5272161914e-14 -7.9038473260e-14 -3.0824289375e-14
d  1.5822418124e-03 1.1075692133e+00 0.0000000000e+00 7.9430092499e-07 3.0000000000e+02 -1.3564420363e-13 2.5278780175e-14 7.9430897257e-14 1.3553344667e-13 -6.1812175520e-20 -2.5278780380e-14 -7.9430092192e-14 -3.0824953053e-14
d  1.5889912032e-03 1.1122937866e+00 0.0000000000e+00 7.9918049925e-07 3.0000000000e+02 -1.3614983859e-13 2.5294377285e-14 7.9919073936e-14 1.3603860916e-13 -6.3001237608e-20 -2.5294377529e-14 -7.9918049544e-14 -3.0826221738e-14
d  1.5970904721e-03 1.1179632746e+00 0.0000000000e+00 8.0517435083e-07 3.0000000000e+02 -1.3677486119e-13 2.5317624249e-14 8.0517479708e-14 1.3666306486e-13 -6.3486878681e-20 -2.5317624258e-14 -8.0517435147e-14 -3.0828017912e-14
d  1.6068095948e-03 1.1247666602e+00 0.0000000000e+00 8.1237181667e-07 3.0000000000e+02 -1.3751915313e-13 2.5339595627e-14 8.1237232305e-14 1.3740667646e-13 -6.3702696063e-20 -2.5339595636e-14 -8.1237181732e-14 -3.0829806402e-14
d  1.6126410685e-03 1.1288486915e+00 0.0000000000e+00 8.1665527778e-07 3.0000000000e+02 -1.3795700551e-13 2.5347961030e-14 8.1666562313e-14 1.3784412059e-13 -6.3752957300e-20 -2.5347961284e-14 -8.1665527381e-14 -3.0830582036e-14
d  1.6196388368e-03 1.1337471291e+00 0.0000000000e+00 8.2196172647e-07 3.0000000000e+02 -1.3850691307e-13 2.5365490441e-14 8.2197665620e-14 1.3839353828e-13 -6.4751511424e-20 -2.5365490784e-14 -8.2196172081e-14 -3.0831972780e-14
d  1.6280361589e-03 1.1396252542e+00 0.0000000000e+00 8.2845402925e-07 3.0000000000e+02 -1.3918209365e-13 2.5388764624e-14 8.2845436517e-14 1.3906813113e-13 -6.5206131875e-20 -2.5388764631e-14 -8.2845402995e-14 -3.0833775138e-14
d  1.6381129453e-03 1.1466790044e+00 0.0000000000e+00 8.3627897053e-07 3.0000000000e+02 -1.3999049042e-13 2.5412225841e-14 8.3627921401e-14 1.3987582252e-13 -6.5599985524e-20 -2.5412225845e-14 -8.3627897129e-14 -3.0835660926e-14
d  1.6441590172e-03 1.1509112545e+00 0.0000000000e+00 8.4095889526e-07 3.0000000000e+02 -1.4046958110e-13 2.5422014510e-14 8.4097407822e-14 1.4035448989e-13 -6.5751616373e-20 -2.5422014870e-14 -8.4095888932e-14 -3.0836527455e-14
d  1.6514143034e-03 1.1559899546e+00 0.0000000000e+00 8.4676996643e-07 3.0000000000e+02 -1.4107294228e-13 2.5442119898e-14 8.4678233332e-14 1.4095734322e-13 -6.6776482811e-20 -2.5442120173e-14 -8.4676996210e-14 -3.0838079663e-14
d  1.6601206469e-03 1.1620843947e+00 0.0000000000e+00 8.5379249625e-07 3.0000000000e+02 -1.4179914288e-13 2.5464068640e-14 8.5379644769e-14 1.4168293443e-13 -6.7008240995e-20 -2.5464068713e-14 -8.5379249572e-14 -3.0839804772e-14
d  1.6705682590e-03 1.1693977229e+00 0.0000000000e+00 8.6232240502e-07 3.0000000000e+02 -1.4267925891e-13 2.5488298358e-14 8.6232672258e-14 1.4256231912e-13 -6.7689561523e-20 -2.5488298425e-14 -8.6232240461e-14 -3.0841743481e-14
d  1.6768368263e-03 1.1737857198e+00 0.0000000000e+00 8.6748389875e-07 3.0000000000e+02 -1.4321024839e-13 2.5501686180e-14 8.6749684684e-14 1.4309286976e-13 -6.8036491493e-20 -2.5501686475e-14 -8.6748389404e-14 -3.0842833800e-14
d  1.6843591071e-03 1.1790513160e+00 0.0000000000e+00 8.7379537585e-07 3.0000000000e+02 -1.4386244208e-13 2.5520829705e-14 8.7379565138e-14 1.4374453695e-13 -6.8672832685e-20 -2.5520829710e-14 -8.7379537661e-14 -3.0844329695e-14
d  1.6933858440e-03 1.1853700316e+00 0.0000000000e+00 8.8133267819e-07 3.0000000000e+02 -1.4463336204e-13 2.5535794310e-14 8.8134763605e-14 1.4451482498e-13 -6.8857766525e-20 -2.5535794577e-14 -8.8133267401e-14 -3.0845632079e-14
d  1.6988018862e-03 1.1891612609e+00 0.0000000000e+00 8.8597479114e-07 3.0000000000e+02 -1.4511251549e-13 2.5549172941e-14 8.8598437662e-14 1.4499359931e-13 -6.9624817592e-20 -2.5549173194e-14 -8.8597478725e-14 -3.0846682033e-14
d  1.7053011368e-03 1.1937107361e+00 0.0000000000e+00 8.9161019150e-07 3.0000000000e+02 -1.4569463972e-13 2.5566602972e-14 8.9162738003e-14 1.4557526856e-13 -7.0126202990e-20 -2.5566603397e-14 -8.9161018436e-14 -3.0848024357e-14
d  1.7131002375e-03 1.1991701063e+00 0.0000000000e+00 8.9850461926e-07 3.0000000000e+02 -1.4640933424e-13 2.5588974900e-14 8.9850523457e-14 1.4628941722e-13 -7.0749474820e-20 -2.5588974913e-14 -8.9850461992e-14 -3.0849722290e-14
d  1.7224591583e-03 1.2057213505e+00 0.0000000000e+00 9.0672079064e-07 3.0000000000e+02 -1.4725044183e-13 2.5606551830e-14 9.0675194114e-14 1.4712986957e-13 -7.0950738686e-20 -2.5606552367e-14 -9.0672078137e-14 -3.0851190063e-14
d  1.7280745108e-03 1.2096520971e+00 0.0000000000e+00 9.1175175140e-07 3.0000000000e+02 -1.4776813345e-13 2.5618296306e-14 9.1176833546e-14 1.4764716815e-13 -7.1541954103e-20 -2.5618296728e-14 -9.1175174434e-14 -3.0852142879e-14
d  1.7348129338e-03 1.2143689929e+00 0.0000000000e+00 9.1792194095e-07 3.0000000000e+02 -1.4840693695e-13 2.5639963625e-14 9.1793447212e-14 1.4828549998e-13 -7.2422257516e-20 -2.5639963924e-14 -9.1792193622e-14 -3.0853748410e-14
d  1.7428990414e-03 1.2200292680e+00 0.0000000000e+00 9.2535937517e-07 3.0000000000e+02 -1.4917285595e-13 2.5659951290e-14 9.2535995668e-14 1.4905085302e-13 -7.2631616960e-20 -2.5659951301e-14 -9.2535937588e-14 -3.0855304166e-14
d  1.7526023705e-03 1.2268215980e+00 0.0000000000e+00 9.3439205396e-07 3.0000000000e+02 -1.5010120143e-13 2.5682094293e-14 9.3439279820e-14 1.4997851927e-13 -7.3414331320e-20 -2.5682094306e-14 -9.3439205466e-14 -3.0857057150e-14
d  1.7584243680e-03 1.2308969961e+00 0.0000000000e+00 9.3985043675e-07 3.0000000000e+02 -1.5066027479e-13 2.5694052172e-14 9.3986474873e-14 1.5053718501e-13 -7.3779583217e-20 -2.5694052523e-14 -9.3985043104e-14 -3.0858025690e-14
d  1.7654107650e-03 1.2357874737e+00 0.0000000000e+00 9.4653324750e-07 3.0000000000e+02 -1.5134847141e-13 2.5712415261e-14 9.4649922961e-14 1.5122489284e-13 -7.4333390970e-20 -2.5712414478e-14 -9.4653326326e-14 -3.0859432000e-14
d  1.7737944413e-03 1.2416560469e+00 0.0000000000e+00 9.5462530540e-07 3.0000000000e+02 -1.5217958302e-13 2.5734108290e-14 9.5463199859e-14 1.5205541739e-13 -7.5235699968e-20 -2.5734108419e-14 -9.5462530392e-14 -3.0861097711e-14
d  1.7838548530e-03 1.2486983347e+00 0.0000000000e+00 9.6447297593e-07 3.0000000000e+02 -1.5319005637e-13 2.5754631201e-14 9.6447826742e-14 1.5306518652e-13 -7.5754899316e-20 -2.5754631286e-14 -9.6447297528e-14 -3.0862756122e-14
d  1.7898911000e-03 1.2529237073e+00 0.0000000000e+00 9.7046230566e-07 3.0000000000e+02 -1.5380447935e-13 2.5769115593e-14 9.7043296953e-14 1.5367918714e-13 -7.6137051570e-20 -2.5769114897e-14 -9.7046231978e-14 -3.0863881694e-14
d  1.7971345963e-03 1.2579941545e+00 0.0000000000e+00 9.7772937765e-07 3.0000000000e+02 -1.5454982326e-13 2.5788021828e-14 9.7772978032e-14 1.5442402384e-13 -7.7078900162e-20 -2.5788021837e-14 -9.7772937845e-14 -3.0865325465e-14
d  1.8058267920e-03 1.2640786912e+00 0.0000000000e+00 9.8644024812e-07 3.0000000000e+02 -1.5543634879e-13 2.5798916119e-14 9.8645854385e-14 1.5530994084e-13 -7.7140605621e-20 -2.5798916458e-14 -9.8644024267e-14 -3.0866335135e-14
d  1.8110421094e-03 1.2677294132e+00 0.0000000000e+00 9.9181091130e-07 3.0000000000e+02 -1.5598819675e-13 2.5812707260e-14 9.9182848418e-14 1.5586142370e-13 -7.8141496142e-20 -2.5812707741e-14 -9.9181090319e-14 -3.0867383511e-14
d  1.8173004903e-03 1.2721102796e+00 0.0000000000e+00 9.9836698054e-07 3.0000000000e+02 -1.5666428686e-13 2.5831632940e-14 9.9838250576e-14 1.5653707575e-13 -7.8812102123e-20 -2.5831633338e-14 -9.9836697400e-14 -3.0868784346e-14
d  1.8248105473e-03 1.2773673192e+00 0.0000000000e+00 1.0062931878e-06 3.0000000000e+02 -1.5747882553e-13 2.5851747832e-14 1.0062969787e-13 1.5735108878e-13 -7.9208433865e-20 -2.5851747913e-14 -1.0062931872e-13 -3.0870304802e-14
d  1.8338226158e-03 1.2836757668e+00 0.0000000000e+00 1.0158939810e-06 3.0000000000e+02 -1.5846214432e-13 2.5872109543e-14 1.0158947238e-13 1.5833377674e-13 -7.9922155939e-20 -2.5872109556e-14 -1.0158939817e-13 -3.0871897808e-14
d  1.8392298568e-03 1.2874608354e+00 0.0000000000e+00 1.0216643818e-06 3.0000000000e+02 -1.5904951815e-13 2.5881617422e-14 1.0216834607e-13 1.5892077195e-13 -8.0224258149e-20 -2.5881617927e-14 -1.0216643733e-13 -3.0872686825e-14
d  1.8457185461e-03 1.2920029177e+00 0.0000000000e+00 1.0287897684e-06 3.0000000000e+02 -1.5978258426e-13 2.5900406385e-14 1.0287472708e-13 1.5965338419e-13 -8.1084794231e-20 -2.5900405331e-14 -1.0287897894e-13 -3.0874082842e-14
d  1.8535049733e-03 1.2974534164e+00 0.0000000000e+00 1.0373759807e-06 3.0000000000e+02 -1.6066119866e-13 2.5921124524e-14 1.0373765266e-13 1.6053145332e-13 -8.1894555843e-20 -2.5921124536e-14 -1.0373759816e-13 -3.0875645238e-14
d  1.8628486858e-03 1.3039940149e+00 0.0000000000e+00 1.0478322252e-06 3.0000000000e+02 -1.6173095535e-13 2.5939393392e-14 1.0478328837e-13 1.6160055595e-13 -8.2503019633e-20 -2.5939393403e-14 -1.0478322261e-13 -3.0877115399e-14
d  1.8684549134e-03 1.3079183740e+00 0.0000000000e+00 1.0541874319e-06 3.0000000000e+02 -1.6238087682e-13 2.5953100251e-14 1.0541362205e-13 1.6225008527e-13 -8.2830605697e-20 -2.5953098944e-14 -1.0541874577e-13 -3.0878162709e-14
d  1.8751823864e-03 1.3126276049e+00 0.0000000000e+00 1.0618943258e-06 3.0000000000e+02 -1.6316878316e-13 2.5972458182e-14 1.0618947562e-13 1.6303752039e-13 -8.4061635262e-20 -2.5972458193e-14 -1.0618943267e-13 -3.0879597644e-14
d  1.8832553541e-03 1.3182786820e+00 0.0000000000e+00 1.0712617521e-06 3.0000000000e+02 -1.6412640066e-13 2.5986552923e-14 1.0712654379e-13 1.6399457277e-13 -8.4412963850e-20 -2.5986552996e-14 -1.0712617518e-13 -3.0880759797e-14
d  1.8880991347e-03 1.3216693282e+00 0.0000000000e+00 1.0769455160e-06 3.0000000000e+02 -1.6470718759e-13 2.5998806990e-14 1.0768869130e-13 1.6457502103e-13 -8.4581085592e-20 -2.5998805261e-14 -1.0769455497e-13 -3.0881686598e-14
d  1.8939116714e-03 1.3257381037e+00 0.0000000000e+00 1.0837443195e-06 3.0000000000e+02 -1.6539702969e-13 2.6011856297e-14 1.0837668100e-13 1.6526445574e-13 -8.5622046156e-20 -2.6011856919e-14 -1.0837443088e-13 -3.0882699770e-14
d  1.9008867155e-03 1.3306206343e+00 0.0000000000e+00 1.0921735598e-06 3.0000000000e+02 -1.6626319447e-13 2.6027651255e-14 1.0921739117e-13 1.6613013240e-13 -8.6449316949e-20 -2.6027651263e-14 -1.0921735607e-13 -3.0883920969e-14
d  1.9092567683e-03 1.3364796710e+00 0.0000000000e+00 1.1022036434e-06 3.0000000000e+02 -1.6728067492e-13 2.6041496473e-14 1.1022342498e-13 1.6714702682e-13 -8.6560632849e-20 -2.6041497063e-14 -1.1022036333e-13 -3.0885073176e-14
d  1.9193008318e-03 1.3435105151e+00 0.0000000000e+00 1.1102612847e-06 3.0000000000e+02 -1.6788512520e-13 2.5850195067e-14 1.1102158260e-13 1.6775077431e-13 -7.3816500420e-20 -2.5850194334e-14 -1.1102612998e-13 -3.0873806133e-14
d  1.9253272699e-03 1.3477290215e+00 0.0000000000e+00 1.1217055362e-06 3.0000000000e+02 -1.6930366904e-13 2.6108932574e-14 1.1217059180e-13 1.6916889613e-13 -1.1029249831e-19 -2.6108932583e-14 -1.1217055371e-13 -3.0889812804e-14
d  1.9325589955e-03 1.3527912292e+00 0.0000000000e+00 1.1308721599e-06 3.0000000000e+02 -1.7023795364e-13 2.6124291885e-14 1.1308822862e-13 1.7010267446e-13 -8.2300732031e-20 -2.6124292111e-14 -1.1308721568e-13 -3.0890948309e-14
d  1.9412370664e-03 1.3588658785e+00 0.0000000000e+00 1.1420503966e-06 3.0000000000e+02 -1.7137601778e-13 2.6142043865e-14 1.1420509742e-13 1.7124013119e-13 -9.0430757845e-20 -2.6142043876e-14 -1.1420503975e-13 -3.0892357220e-14
d  1.9516507513e-03 1.3661554576e+00 0.0000000000e+00 1.1508335393e-06 3.0000000000e+02 -1.7202570714e-13 2.5926198143e-14 1.1507926547e-13 1.7188909174e-13 -7.6172574780e-20 -2.5926197507e-14 -1.1508335525e-13 -3.0879614741e-14
d  1.9641471733e-03 1.3749029526e+00 0.0000000000e+00 1.1614082343e-06 3.0000000000e+02 -1.7288638526e-13 2.5738859937e-14 1.1613194908e-13 1.7274889524e-13 -8.1298850740e-20 -2.5738858784e-14 -1.1614082575e-13 -3.0868729654e-14
d  1.9791428797e-03 1.3853999465e+00 0.0000000000e+00 1.1795707139e-06 3.0000000000e+02 -1.7480935001e-13 2.5836805295e-14 1.1794641682e-13 1.7467081031e-13 -9.3757800284e-20 -2.5836804137e-14 -1.1795707372e-13 -3.0875247980e-14
d  1.9881403035e-03 1.3916981429e+00 0.0000000000e+00 1.1962045351e-06 3.0000000000e+02 -1.7681623826e-13 2.6158767434e-14 1.1961442079e-13 1.7667706868e-13 -1.0898668380e-19 -2.6158766469e-14 -1.1962045546e-13 -3.0895111662e-14
d  1.9935387578e-03 1.3954770607e+00 0.0000000000e+00 1.2085612993e-06 3.0000000000e+02 -1.7834938680e-13 2.6442907791e-14 1.2085618080e-13 1.7820983909e-13 -1.1760453169e-19 -2.6442907805e-14 -1.2085613002e-13 -3.0912528459e-14
d  2.0000169030e-03 1.4000117621e+00 0.0000000000e+00 1.2181538676e-06 3.0000000000e+02 -1.7930942064e-13 2.6440984163e-14 1.2181547484e-13 1.7916941946e-13 -8.8970421097e-20 -2.6440984185e-14 -1.2181538684e-13 -3.0912570520e-14
d  2.0077906772e-03 1.4054534037e+00 0.0000000000e+00 1.2296805253e-06 3.0000000000e+02 -1.8045409637e-13 2.6433041158e-14 1.2297129874e-13 1.8031355087e-13 -9.8702360362e-20 -2.6433041831e-14 -1.2296805137e-13 -3.0912374788e-14
d  2.0124549417e-03 1.4087183887e+00 0.0000000000e+00 1.2367313523e-06 3.0000000000e+02 -1.8115900647e-13 2.6431824431e-14 1.2367507798e-13 1.8101813450e-13 -9.9559811308e-20 -2.6431825026e-14 -1.2367313423e-13 -3.0912461041e-14
d  2.0180520591e-03 1.4126363707e+00 0.0000000000e+00 1.2453440695e-06 3.0000000000e+02 -1.8202592956e-13 2.6437739448e-14 1.2453292011e-13 1.8188466601e-13 -1.0052088990e-19 -2.6437739021e-14 -1.2453440788e-13 -3.0913010899e-14
d  2.0247686000e-03 1.4173379491e+00 0.0000000000e+00 1.2557843867e-06 3.0000000000e+02 -1.8307782198e-13 2.6446753287e-14 1.2557884622e-13 1.8293608817e-13 -1.0148674250e-19 -2.6446753385e-14 -1.2557843861e-13 -3.0913785605e-14
d  2.0328284491e-03 1.4229798432e+00 0.0000000000e+00 1.2683431904e-06 3.0000000000e+02 -1.8433803802e-13 2.6446334539e-14 1.2683437892e-13 1.8419574003e-13 -1.0178532554e-19 -2.6446334551e-14 -1.2683431914e-13 -3.0914032344e-14
d  2.0425002679e-03 1.4297501161e+00 0.0000000000e+00 1.2779096671e-06 3.0000000000e+02 -1.8501167124e-13 2.6179519584e-14 1.2778292016e-13 1.8486869655e-13 -8.3598502811e-20 -2.6179518238e-14 -1.2779096940e-13 -3.0898185052e-14
d  2.0483033593e-03 1.4338122798e+00 0.0000000000e+00 1.2921146206e-06 3.0000000000e+02 -1.8675986224e-13 2.6489897556e-14 1.2921181348e-13 1.8661648099e-13 -1.3247872018e-19 -2.6489897642e-14 -1.2921146202e-13 -3.0917255268e-14
d  2.0552670689e-03 1.4386868763e+00 0.0000000000e+00 1.3033657194e-06 3.0000000000e+02 -1.8789101551e-13 2.6492005878e-14 1.3033664831e-13 1.8774714682e-13 -9.5187842339e-20 -2.6492005896e-14 -1.3033657204e-13 -3.0917533634e-14
d  2.0636235204e-03 1.4445363921e+00 0.0000000000e+00 1.3170622142e-06 3.0000000000e+02 -1.8926788880e-13 2.6498914828e-14 1.3170770892e-13 1.8912343509e-13 -1.0595921321e-19 -2.6498915115e-14 -1.3170622100e-13 -3.0918250311e-14
d  2.0736512622e-03 1.4515558110e+00 0.0000000000e+00 1.3276178302e-06 3.0000000000e+02 -1.9002725086e-13 2.6217804642e-14 1.3275388323e-13 1.8988209558e-13 -8.6884587062e-20 -2.6217803366e-14 -1.3276178559e-13 -3.0901559508e-14
d  2.0856845524e-03 1.4599791137e+00 0.0000000000e+00 1.3400338246e-06 3.0000000000e+02 -1.9100842883e-13 2.5972969754e-14 1.3399143834e-13 1.9086243132e-13 -9.3076415605e-20 -2.5972968141e-14 -1.3400338568e-13 -3.0887197461e-14
d  2.1001245006e-03 1.4700870769e+00 0.0000000000e+00 1.3617643749e-06 3.0000000000e+02 -1.9329724819e-13 2.6077164860e-14 1.3616198488e-13 1.9315023990e-13 -1.0926853987e-19 -2.6077163228e-14 -1.3617644077e-13 -3.0894020380e-14
d  2.1087884696e-03 1.4761518549e+00 0.0000000000e+00 1.3821124597e-06 3.0000000000e+02 -1.9574526664e-13 2.6464878543e-14 1.3820502527e-13 1.9559765170e-13 -1.2950540844e-19 -2.6464877509e-14 -1.3821124809e-13 -3.0917753705e-14
d  2.1191852323e-03 1.4834295884e+00 0.0000000000e+00 1.3999952908e-06 3.0000000000e+02 -1.9756439428e-13 2.6497463907e-14 1.3999154849e-13 1.9741605163e-13 -1.0381397762e-19 -2.6497462663e-14 -1.3999953160e-13 -3.0920002584e-14
d  2.1316613476e-03 1.4921628687e+00 0.0000000000e+00 1.4148053721e-06 3.0000000000e+02 -1.9874258154e-13 2.6210131481e-14 1.4146654028e-13 1.9859336573e-13 -9.4180535903e-20 -2.6210129656e-14 -1.4148054086e-13 -3.0903055881e-14
d  2.1428570000e-03 1.4999998250e+00 0.0000000000e+00 1.4409255252e-06 3.0000000000e+02 -2.0176875713e-13 2.6596209390e-14 1.4408573529e-13 2.0161875739e-13 -1.3656419640e-19 -2.6596208447e-14 -1.4409255447e-13 -3.0926790340e-14
d  2.1562917829e-03 1.5094041726e+00 0.0000000000e+00 1.4584316663e-06 3.0000000000e+02 -2.0321013851e-13 2.6305781595e-14 1.4582707828e-13 2.0305919860e-13 -9.2991917653e-20 -2.6305779643e-14 -1.4584317054e-13 -3.0909620822e-14
d  2.1724135224e-03 1.5206893896e+00 0.0000000000e+00 1.4873728727e-06 3.0000000000e+02 -2.0620086894e-13 2.6393376795e-14 1.4871693414e-13 2.0604880058e-13 -1.2152145495e-19 -2.6393374729e-14 -1.4873729143e-13 -3.0915478992e-14
d  2.1820865661e-03 1.5274605199e+00 0.0000000000e+00 1.5133242907e-06 3.0000000000e+02 -2.0923036589e-13 2.6800715617e-14 1.5132271390e-13 2.0907762021e-13 -1.4311096525e-19 -2.6800714167e-14 -1.5133243201e-13 -3.0940356839e-14
d  2.1936942185e-03 1.5355858762e+00 0.0000000000e+00 1.5371463925e-06 3.0000000000e+02 -2.1161325324e-13 2.6805688965e-14 1.5370737762e-13 2.1145969492e-13 -1.1728524192e-19 -2.6805687948e-14 -1.5371464136e-13 -3.0940951855e-14
d  2.2076234014e-03 1.5453363037e+00 0.0000000000e+00 1.5579785725e-06 3.0000000000e+02 -2.1333270327e-13 2.6457978122e-14 1.5577894226e-13 2.1317817025e-13 -1.0683059461e-19 -2.6457975906e-14 -1.5579786170e-13 -3.0920429210e-14
d  2.2159809112e-03 1.5511865603e+00 0.0000000000e+00 1.5832756960e-06 3.0000000000e+02 -2.1632522791e-13 2.6890740735e-14 1.5831940567e-13 2.1617010960e-13 -1.5833296914e-19 -2.6890739327e-14 -1.5832757246e-13 -3.0946826706e-14
d  2.2260099229e-03 1.5582068681e+00 0.0000000000e+00 1.6053760895e-06 3.0000000000e+02 -2.1852977834e-13 2.6890614085e-14 1.6052980473e-13 2.1837395797e-13 -1.2132919426e-19 -2.6890612823e-14 -1.6053761154e-13 -3.0947036786e-14
d  2.2380447369e-03 1.5666312375e+00 0.0000000000e+00 1.6323993562e-06 3.0000000000e+02 -2.2122575865e-13 2.6881136142e-14 1.6322676411e-13 2.2106909601e-13 -1.3289709455e-19 -2.6881134360e-14 -1.6323993923e-13 -3.0946842600e-14
d  2.2416551811e-03 1.5691585483e+00 0.0000000000e+00 1.6488740497e-06 3.0000000000e+02 -2.2331693502e-13 2.7301350665e-14 1.6488787728e-13 2.2316001913e-13 -1.9290121009e-19 -2.7301350832e-14 -1.6488740482e-13 -3.0972322346e-14
d  2.2459877142e-03 1.5721913213e+00 0.0000000000e+00 1.6598340357e-06 3.0000000000e+02 -2.2438421239e-13 2.7272588756e-14 1.6598390066e-13 2.2422699322e-13 -1.1743974877e-19 -2.7272588941e-14 -1.6598340338e-13 -3.0970551000e-14
d  2.2511867539e-03 1.5758306489e+00 0.0000000000e+00 1.6730596652e-06 3.0000000000e+02 -2.2567480516e-13 2.7242276143e-14 1.6730605306e-13 2.2551722209e-13 -1.4127012987e-19 -2.7242276170e-14 -1.6730596664e-13 -3.0968922510e-14
d  2.2574256015e-03 1.5801978420e+00 0.0000000000e+00 1.6890060272e-06 3.0000000000e+02 -2.2723512122e-13 2.7209229459e-14 1.6890070932e-13 2.2707710143e-13 -1.4215810926e-19 -2.7209229487e-14 -1.6890060283e-13 -3.0967111052e-14
d  2.2649122186e-03 1.5854384737e+00 0.0000000000e+00 1.7082388568e-06 3.0000000000e+02 -2.2912368779e-13 2.7175822054e-14 1.7082625499e-13 2.2896514382e-13 -1.4330277654e-19 -2.7175822565e-14 -1.7082388487e-13 -3.0965314068e-14
d  2.2738961591e-03 1.5917272318e+00 0.0000000000e+00 1.7223613216e-06 3.0000000000e+02 -2.3007583539e-13 2.6739838353e-14 1.7222826917e-13 2.2991666303e-13 -1.1120326164e-19 -2.6739836935e-14 -1.7223613506e-13 -3.0939331944e-14
d  2.2846768878e-03 1.5992737415e+00 0.0000000000e+00 1.7479877080e-06 3.0000000000e+02 -2.3266187585e-13 2.6761008660e-14 1.7478906352e-13 2.3250194887e-13 -1.4907599705e-19 -2.6761007197e-14 -1.7479877381e-13 -3.0941001279e-14
d  2.2911453250e-03 1.6038016473e+00 0.0000000000e+00 1.7731932091e-06 3.0000000000e+02 -2.3567581485e-13 2.7224698816e-14 1.7732124795e-13 2.3551543458e-13 -1.8500339322e-19 -2.7224699244e-14 -1.7731932027e-13 -3.0969075377e-14
d  2.2989074496e-03 1.6092351343e+00 0.0000000000e+00 1.7941757811e-06 3.0000000000e+02 -2.3775200270e-13 2.7205076691e-14 1.7942105908e-13 2.3759107900e-13 -1.3633261061e-19 -2.7205077416e-14 -1.7941757689e-13 -3.0968004037e-14
d  2.3082219992e-03 1.6157553186e+00 0.0000000000e+00 1.8098023982e-06 3.0000000000e+02 -2.3883715742e-13 2.6754529485e-14 1.8097292590e-13 2.3867558222e-13 -1.1695212855e-19 -2.6754528212e-14 -1.8098024245e-13 -3.0941212629e-14
d  2.3193994586e-03 1.6235795399e+00 0.0000000000e+00 1.8380353987e-06 3.0000000000e+02 -2.4170063225e-13 2.6788481865e-14 1.8379355587e-13 2.4153827470e-13 -1.5661866147e-19 -2.6788480412e-14 -1.8380354287e-13 -3.0943656484e-14
d  2.3227526965e-03 1.6259268062e+00 0.0000000000e+00 1.8563298547e-06 3.0000000000e+02 -2.4406237213e-13 2.7287293675e-14 1.8563362190e-13 2.4389977940e-13 -2.2287777821e-19 -2.7287293917e-14 -1.8563298520e-13 -3.0973773981e-14
d  2.3267765819e-03 1.6287435259e+00 0.0000000000e+00 1.8679587625e-06 3.0000000000e+02 -2.4521115388e-13 2.7281547655e-14 1.8679626424e-13 2.4504827949e-13 -1.2814733510e-19 -2.7281547810e-14 -1.8679587614e-13 -3.0973334731e-14
d  2.3316052444e-03 1.6321235894e+00 0.0000000000e+00 1.8820293752e-06 3.0000000000e+02 -2.4660291514e-13 2.7264184194e-14 1.8820303439e-13 2.4643970277e-13 -1.5819380270e-19 -2.7264184227e-14 -1.8820293764e-13 -3.0972485929e-14
d  2.3373996393e-03 1.6361796657e+00 0.0000000000e+00 1.8990462727e-06 3.0000000000e+02 -2.4828825275e-13 2.7248157471e-14 1.8990554433e-13 2.4812463472e-13 -1.5944016184e-19 -2.7248157726e-14 -1.8990462697e-13 -3.0971682530e-14
d  2.3443529133e-03 1.6410469573e+00 0.0000000000e+00 1.9196382253e-06 3.0000000000e+02 -2.5033188345e-13 2.7232416987e-14 1.9196403161e-13 2.5016777874e-13 -1.6074067536e-19 -2.7232417036e-14 -1.9196382263e-13 -3.0970927518e-14
d  2.3526968421e-03 1.6468877071e+00 0.0000000000e+00 1.9339969342e-06 3.0000000000e+02 -2.5126834924e-13 2.6761098756e-14 1.9338403696e-13 2.5110366127e-13 -1.2077496934e-19 -2.6761095718e-14 -1.9339969948e-13 -3.0942863691e-14
d  2.3627095566e-03 1.6538966070e+00 0.0000000000e+00 1.9613424758e-06 3.0000000000e+02 -2.5405684115e-13 2.6812830357e-14 1.9611999083e-13 2.5389145213e-13 -1.6827005361e-19 -2.6812828044e-14 -1.9613425227e-13 -3.0946346104e-14
d  2.3687171854e-03 1.6581019469e+00 0.0000000000e+00 1.9891463517e-06 3.0000000000e+02 -2.5740930857e-13 2.7349033784e-14 1.9891480399e-13 2.5724349837e-13 -2.1269481376e-19 -2.7349033825e-14 -1.9891463529e-13 -3.0978675363e-14
d  2.3759263398e-03 1.6631483547e+00 0.0000000000e+00 2.0119728048e-06 3.0000000000e+02 -2.5968009240e-13 2.7338462990e-14 2.0119992634e-13 2.5951377741e-13 -1.5269528961e-19 -2.7338463583e-14 -2.0119727954e-13 -3.0978099537e-14
d  2.3845773252e-03 1.6692040442e+00 0.0000000000e+00 2.0281928126e-06 3.0000000000e+02 -2.6076704062e-13 2.6833447505e-14 2.0280814293e-13 2.6060012078e-13 -1.2773198215e-19 -2.6833445419e-14 -2.0281928550e-13 -3.0948086792e-14
d  2.3949585076e-03 1.6764708715e+00 0.0000000000e+00 2.0586044165e-06 3.0000000000e+02 -2.6386462196e-13 2.6883290996e-14 2.0584766625e-13 2.6369697545e-13 -1.7715866974e-19 -2.6883288995e-14 -2.0586044576e-13 -3.0951460634e-14
d  2.4011872171e-03 1.6808309679e+00 0.0000000000e+00 2.0893591946e-06 3.0000000000e+02 -2.6755047879e-13 2.7457172652e-14 2.0893656136e-13 2.6738239565e-13 -2.2468010458e-19 -2.7457172800e-14 -2.0893591938e-13 -3.0986010845e-14
d  2.4049244428e-03 1.6834470258e+00 0.0000000000e+00 2.1021355818e-06 3.0000000000e+02 -2.6881554678e-13 2.7449021789e-14 2.1021426208e-13 2.6864720201e-13 -1.6665937734e-19 -2.7449022058e-14 -2.1021355788e-13 -3.0985490995e-14
d  2.4094091136e-03 1.6865862952e+00 0.0000000000e+00 2.1176315892e-06 3.0000000000e+02 -2.7035068996e-13 2.7434071482e-14 2.1176518974e-13 2.7018203115e-13 -1.8027599051e-19 -2.7434072210e-14 -2.1176315774e-13 -3.0984738197e-14
d  2.4147907186e-03 1.6903534185e+00 0.0000000000e+00 2.1363658336e-06 3.0000000000e+02 -2.7220782837e-13 2.7418707907e-14 2.1363764491e-13 2.7203879295e-13 -1.8130294317e-19 -2.7418708225e-14 -2.1363658296e-13 -3.0983957259e-14
d  2.4212486445e-03 1.6948739664e+00 0.0000000000e+00 2.1590510761e-06 3.0000000000e+02 -2.7446136342e-13 2.7402751104e-14 2.1590530665e-13 2.7429187601e-13 -1.8304453482e-19 -2.7402751154e-14 -2.1590510773e-13 -3.0983169836e-14
d  2.4289981557e-03 1.7002986240e+00 0.0000000000e+00 2.1741359068e-06 3.0000000000e+02 -2.7540027066e-13 2.6865456997e-14 2.1740285820e-13 2.7523024140e-13 -1.3283565963e-19 -2.6865454756e-14 -2.1741359525e-13 -3.0951200637e-14
d  2.4382975691e-03 1.7068082130e+00 0.0000000000e+00 2.2039732911e-06 3.0000000000e+02 -2.7845181265e-13 2.6926527689e-14 2.2037705030e-13 2.7828113284e-13 -1.9138609722e-19 -2.6926524149e-14 -2.2039733624e-13 -3.0955223289e-14
d  2.4494568651e-03 1.7146197199e+00 0.0000000000e+00 2.2407835077e-06 3.0000000000e+02 -2.8222398505e-13 2.7014939534e-14 2.2406268170e-13 2.8205252378e-13 -1.8250604247e-19 -2.7014937247e-14 -2.2407835550e-13 -3.0960776759e-14
d  2.4628480204e-03 1.7239935281e+00 0.0000000000e+00 2.2876546218e-06 3.0000000000e+02 -2.8704667917e-13 2.7136997607e-14 2.2878351778e-13 2.8687427909e-13 -1.9070357328e-19 -2.7136999812e-14 -2.2876545801e-13 -3.0968421724e-14
d  2.4708827136e-03 1.7296178130e+00 0.0000000000e+00 2.3162564918e-06 3.0000000000e+02 -2.8995080363e-13 2.7179475492e-14 2.3160586857e-13 2.8977784289e-13 -1.8925021110e-19 -2.7179471936e-14 -2.3162565637e-13 -3.0971154826e-14
d  2.4805243454e-03 1.7363669550e+00 0.0000000000e+00 2.3515273932e-06 3.0000000000e+02 -2.9352714944e-13 2.7227954587e-14 2.3513627023e-13 2.9335351358e-13 -1.9569755282e-19 -2.7227951811e-14 -2.3515274501e-13 -3.0974301226e-14
d  2.4863093245e-03 1.7404164401e+00 0.0000000000e+00 2.3875544351e-06 3.0000000000e+02 -2.9781143417e-13 2.7865823904e-14 2.3875912074e-13 2.9763739228e-13 -2.6943413456e-19 -2.7865824817e-14 -2.3875544198e-13 -3.1012581876e-14
d  2.4932512994e-03 1.7452758223e+00 0.0000000000e+00 2.4034473292e-06 3.0000000000e+02 -2.9872145052e-13 2.7226607803e-14 2.4032846803e-13 2.9854692397e-13 -1.2375788287e-19 -2.7226604016e-14 -2.4034474053e-13 -3.0974374555e-14
d  2.5015816693e-03 1.7511070809e+00 0.0000000000e+00 2.4358598160e-06 3.0000000000e+02 -3.0199128747e-13 2.7254368987e-14 2.4357097818e-13 3.0181617761e-13 -2.2060306227e-19 -2.7254366067e-14 -2.4358598756e-13 -3.0976443440e-14
d  2.5115781131e-03 1.7581045913e+00 0.0000000000e+00 2.4752833024e-06 3.0000000000e+02 -3.0597222679e-13 2.7287051138e-14 2.4751132625e-13 3.0579641719e-13 -2.0596787919e-19 -2.7287048370e-14 -2.4752833596e-13 -3.0978605784e-14
d  2.5145770463e-03 1.7602038444e+00 0.0000000000e+00 2.5018224580e-06 3.0000000000e+02 -3.0936878414e-13 2.7982253093e-14 2.5018256620e-13 3.0919276372e-13 -3.3186364690e-19 -2.7982253230e-14 -2.5018224579e-13 -3.1020292824e-14
d  2.5181757661e-03 1.7627229481e+00 0.0000000000e+00 2.5186804773e-06 3.0000000000e+02 -3.1101754917e-13 2.7957862218e-14 2.5186898419e-13 3.1084127678e-13 -1.7713121060e-19 -2.7957862635e-14 -2.5186804719e-13 -3.1018589264e-14
d  2.5224942298e-03 1.7657458726e+00 0.0000000000e+00 2.5387043200e-06 3.0000000000e+02 -3.1296246083e-13 2.7900106906e-14 2.5387486254e-13 3.1278588583e-13 -2.2328878449e-19 -2.7900108555e-14 -2.5387042909e-13 -3.1015344186e-14
d  2.5276763863e-03 1.7693733820e+00 0.0000000000e+00 2.5635520015e-06 3.0000000000e+02 -3.1542189861e-13 2.7877050712e-14 2.5635671324e-13 3.1524496115e-13 -2.2932395886e-19 -2.7877051183e-14 -2.5635519949e-13 -3.1014097765e-14
d  2.5338949741e-03 1.7737263932e+00 0.0000000000e+00 2.5931672676e-06 3.0000000000e+02 -3.1833980759e-13 2.7832762374e-14 2.5931715350e-13 3.1816243492e-13 -2.2806669664e-19 -2.7832762484e-14 -2.5931672680e-13 -3.1011597891e-14
d  2.5413572795e-03 1.7789500067e+00 0.0000000000e+00 2.6128349207e-06 3.0000000000e+02 -3.1958258812e-13 2.7150230843e-14 2.6126856693e-13 3.1940469406e-13 -1.6068602208e-19 -2.7150227605e-14 -2.6128349867e-13 -3.0971073839e-14
d  2.5458346627e-03 1.7820841748e+00 0.0000000000e+00 2.6472212849e-06 3.0000000000e+02 -3.2378718709e-13 2.7868751927e-14 2.6472364968e-13 3.2360897854e-13 -3.2954910724e-19 -2.7868752414e-14 -2.6472212781e-13 -3.1014224894e-14
d  2.5512075225e-03 1.7858451765e+00 0.0000000000e+00 2.6735459446e-06 3.0000000000e+02 -3.2639446344e-13 2.7848623348e-14 2.6735733028e-13 3.2621587870e-13 -2.0377559727e-19 -2.7848624168e-14 -2.6735459313e-13 -3.1012876435e-14
d  2.5576549544e-03 1.7903583785e+00 0.0000000000e+00 2.7055633488e-06 3.0000000000e+02 -3.2956889226e-13 2.7820705926e-14 2.7055802729e-13 3.2938985630e-13 -2.3822760328e-19 -2.7820706350e-14 -2.7055633433e-13 -3.1011430836e-14
d  2.5653918726e-03 1.7957742210e+00 0.0000000000e+00 2.7270896767e-06 3.0000000000e+02 -3.3097897988e-13 2.7121068315e-14 2.7269212262e-13 3.3079940352e-13 -1.6798379981e-19 -2.7121064787e-14 -2.7270897489e-13 -3.0969932249e-14
d  2.5746761744e-03 1.8022732320e+00 0.0000000000e+00 2.7685304837e-06 3.0000000000e+02 -3.3522054698e-13 2.7208714975e-14 2.7683093517e-13 3.3504032091e-13 -2.4765526613e-19 -2.7208711103e-14 -2.7685305635e-13 -3.0975535487e-14
d  2.5802467555e-03 1.8061726385e+00 0.0000000000e+00 2.8118116445e-06 3.0000000000e+02 -3.4039513370e-13 2.8006637171e-14 2.8118522081e-13 3.4021451613e-13 -3.2604263640e-19 -2.8006638217e-14 -2.8118116268e-13 -3.1023162816e-14
d  2.5869314528e-03 1.8108519264e+00 0.0000000000e+00 2.8301704517e-06 3.0000000000e+02 -3.4145010500e-13 2.7271636617e-14 2.8299580297e-13 3.4126902131e-13 -1.3987360583e-19 -2.7271631478e-14 -2.8301705554e-13 -3.0979322869e-14
d  2.5949530896e-03 1.8164670719e+00 0.0000000000e+00 2.8685307361e-06 3.0000000000e+02 -3.4535897154e-13 2.7340849369e-14 2.8683384493e-13 3.4517732605e-13 -2.6322792343e-19 -2.7340845482e-14 -2.8685308159e-13 -3.0983882898e-14
d  2.5997660716e-03 1.8198361592e+00 0.0000000000e+00 2.9100106038e-06 3.0000000000e+02 -3.5036389174e-13 2.8144288504e-14 2.9100174342e-13 3.5018190807e-13 -3.5177554919e-19 -2.8144288708e-14 -2.9100106028e-13 -3.1031798496e-14
d  2.6055416501e-03 1.8238790639e+00 0.0000000000e+00 2.9432119705e-06 3.0000000000e+02 -3.5364239035e-13 2.8110574251e-14 2.9432566734e-13 3.5346000209e-13 -2.3277973357e-19 -2.8110575500e-14 -2.9432119490e-13 -3.1029658526e-14
d  2.6124723443e-03 1.8287305496e+00 0.0000000000e+00 2.9646731884e-06 3.0000000000e+02 -3.5495541200e-13 2.7323193835e-14 2.9644077869e-13 3.5477254083e-13 -1.7957144247e-19 -2.7323187637e-14 -2.9646733135e-13 -3.0983047340e-14
d  2.6207891773e-03 1.8345523324e+00 0.0000000000e+00 3.0073107456e-06 3.0000000000e+02 -3.5929294226e-13 2.7392031601e-14 3.0070972952e-13 3.5910948839e-13 -2.7670154908e-19 -2.7392027435e-14 -3.0073108317e-13 -3.0987529981e-14
d  2.6257792771e-03 1.8380454021e+00 0.0000000000e+00 3.0528281043e-06 3.0000000000e+02 -3.6475083086e-13 2.8240345889e-14 3.0528455212e-13 3.6456702618e-13 -3.6993706066e-19 -2.8240346390e-14 -3.0528280975e-13 -3.1038060856e-14
d  2.6317673969e-03 1.8422370857e+00 0.0000000000e+00 3.0897990687e-06 3.0000000000e+02 -3.6839655841e-13 2.8198969353e-14 3.0898498876e-13 3.6821233429e-13 -2.4725099496e-19 -2.8198970723e-14 -3.0897990449e-13 -3.1035461460e-14
d  2.6389531406e-03 1.8472671061e+00 0.0000000000e+00 3.1142696583e-06 3.0000000000e+02 -3.6996135819e-13 2.7361120592e-14 3.1140713091e-13 3.6977663289e-13 -1.9170104610e-19 -2.7361116121e-14 -3.1142697501e-13 -3.0985913528e-14
d  2.6475760331e-03 1.8533031305e+00 0.0000000000e+00 3.1615833303e-06 3.0000000000e+02 -3.7477558432e-13 2.7438052208e-14 3.1613201734e-13 3.7459025570e-13 -2.9109449559e-19 -2.7438047249e-14 -3.1615834330e-13 -3.0990878564e-14
d  2.6527497686e-03 1.8569247451e+00 0.0000000000e+00 3.2116050529e-06 3.0000000000e+02 -3.8073589998e-13 2.8340909137e-14 3.2116112630e-13 3.8055020745e-13 -3.9007385181e-19 -2.8340909310e-14 -3.2116050528e-13 -3.1044589529e-14
d  2.6558540099e-03 1.8590977139e+00 0.0000000000e+00 3.2323481165e-06 3.0000000000e+02 -3.8277694948e-13 2.8314334096e-14 3.2323557459e-13 3.8259103961e-13 -2.7407683565e-19 -2.8314334447e-14 -3.2323481130e-13 -3.1042822862e-14
d  2.6595790994e-03 1.8617052765e+00 0.0000000000e+00 3.2574821623e-06 3.0000000000e+02 -3.8525184798e-13 2.8276616356e-14 3.2574957783e-13 3.8506567730e-13 -3.0028558179e-19 -2.8276616943e-14 -3.2574821542e-13 -3.1040715459e-14
d  2.6640492069e-03 1.8648343516e+00 0.0000000000e+00 3.2878217697e-06 3.0000000000e+02 -3.8824435684e-13 2.8237248763e-14 3.2878958555e-13 3.8805787266e-13 -3.0246275065e-19 -2.8237251430e-14 -3.2878217210e-13 -3.1038475476e-14
d  2.6694133358e-03 1.8685892416e+00 0.0000000000e+00 3.3244345637e-06 3.0000000000e+02 -3.9186470369e-13 2.8194011530e-14 3.3244550224e-13 3.9167784458e-13 -3.0390656286e-19 -2.8194012145e-14 -3.3244345550e-13 -3.1036023100e-14
d  2.6758502905e-03 1.8730951097e+00 0.0000000000e+00 3.3466493544e-06 3.0000000000e+02 -3.9315847568e-13 2.7323052700e-14 3.3463810429e-13 3.9297116830e-13 -1.9617220045e-19 -2.7323045959e-14 -3.3466494915e-13 -3.0984478679e-14
d  2.6835746362e-03 1.8785021514e+00 0.0000000000e+00 3.3925998513e-06 3.0000000000e+02 -3.9786613486e-13 2.7426469247e-14 3.3923517311e-13 3.9767828642e-13 -3.1588203945e-19 -2.7426464036e-14 -3.3925999593e-13 -3.0991021612e-14
d  2.6882092436e-03 1.8817463765e+00 0.0000000000e+00 3.4431634764e-06 3.0000000000e+02 -4.0396047922e-13 2.8400779898e-14 3.4432405749e-13 4.0377230387e-13 -4.3217800299e-19 -2.8400782284e-14 -3.4431634329e-13 -3.1048886427e-14
d  2.6937707725e-03 1.8856394465e+00 0.0000000000e+00 3.4838671465e-06 3.0000000000e+02 -4.0798768562e-13 2.8363570459e-14 3.4839225190e-13 4.0779912118e-13 -2.8092473076e-19 -2.8363572065e-14 -3.4838671182e-13 -3.1046462570e-14
d  2.7004446072e-03 1.8903111305e+00 0.0000000000e+00 3.5096404193e-06 3.0000000000e+02 -4.0957738304e-13 2.7435117971e-14 3.5094190050e-13 4.0938835369e-13 -2.1123366746e-19 -2.7435112601e-14 -3.5096405301e-13 -3.0991658737e-14
d  2.7084532088e-03 1.8959171514e+00 0.0000000000e+00 3.5611247213e-06 3.0000000000e+02 -4.1483489592e-13 2.7530208792e-14 3.5608468185e-13 4.1464530622e-13 -3.3388637916e-19 -2.7530203158e-14 -3.5611248389e-13 -3.0997710790e-14
d  2.7132583698e-03 1.8992807639e+00 0.0000000000e+00 3.6170460358e-06 3.0000000000e+02 -4.2151849391e-13 2.8558749806e-14 3.6170662327e-13 4.2132856565e-13 -4.5685761799e-19 -2.8558750409e-14 -3.6170460274e-13 -3.1058722693e-14
d  2.7190245629e-03 1.9033170989e+00 0.0000000000e+00 3.6629408757e-06 3.0000000000e+02 -4.2604751031e-13 2.8510084142e-14 3.6630063540e-13 4.2585717802e-13 -3.0181011393e-19 -2.8510085976e-14 -3.6629408429e-13 -3.1055614855e-14
d  2.7259439947e-03 1.9081607009e+00 0.0000000000e+00 3.6930189734e-06 3.0000000000e+02 -4.2800572136e-13 2.7512916119e-14 3.6927608221e-13 4.2781490737e-13 -2.2752790458e-19 -2.7512910076e-14 -3.6930190987e-13 -3.0996813155e-14
d  2.7342473128e-03 1.9139730233e+00 0.0000000000e+00 3.7509117961e-06 3.0000000000e+02 -4.3391119570e-13 2.7620991029e-14 3.7505752284e-13 4.3371980088e-13 -3.5430406016e-19 -2.7620984443e-14 -3.7509119344e-13 -3.1003634462e-14
d  2.7392293037e-03 1.9174604167e+00 0.0000000000e+00 3.8129279553e-06 3.0000000000e+02 -4.4126648085e-13 2.8707950563e-14 3.8129909250e-13 4.4107473422e-13 -4.8501913152e-19 -2.8707952379e-14 -3.8129279229e-13 -3.1068030299e-14
d  2.7452076928e-03 1.9216452889e+00 0.0000000000e+00 3.8384295057e-06 3.0000000000e+02 -4.4270689173e-13 2.7669650356e-14 3.8381711184e-13 4.4251472952e-13 -1.8127085354e-19 -2.7669643370e-14 -3.8384296493e-13 -3.1006344955e-14
d  2.7523817597e-03 1.9266671354e+00 0.0000000000e+00 3.8919859168e-06 3.0000000000e+02 -4.4815218544e-13 2.7745241590e-14 3.8916917113e-13 4.4795952113e-13 -3.7753120870e-19 -2.7745234942e-14 -3.8919860556e-13 -3.1011364233e-14
d  2.7566861998e-03 1.9296802434e+00 0.0000000000e+00 3.9512699414e-06 3.0000000000e+02 -4.5525033662e-13 2.8846751056e-14 3.9512961960e-13 4.5505736832e-13 -5.2456548491e-19 -2.8846751930e-14 -3.9512699281e-13 -3.1076580669e-14
d  2.7618515279e-03 1.9332959729e+00 0.0000000000e+00 3.9990710621e-06 3.0000000000e+02 -4.5994788882e-13 2.8776402235e-14 3.9990981105e-13 4.5975455895e-13 -3.3418983109e-19 -2.8776403080e-14 -3.9990710493e-13 -3.1072106107e-14
d  2.7680499217e-03 1.9376348483e+00 0.0000000000e+00 4.0288689626e-06 3.0000000000e+02 -4.6176052361e-13 2.7673433230e-14 4.0285117729e-13 4.6156676336e-13 -2.4279596917e-19 -2.7673423908e-14 -4.0288691545e-13 -3.1007139424e-14
d  2.7717689580e-03 1.9402381736e+00 0.0000000000e+00 4.0848994445e-06 3.0000000000e+02 -4.6856901003e-13 2.8808422182e-14 4.0849448163e-13 4.6837498568e-13 -5.8810793759e-19 -2.8808423928e-14 -4.0848994142e-13 -3.1074691509e-14
d  2.7762318015e-03 1.9433621639e+00 0.0000000000e+00 4.1277176194e-06 3.0000000000e+02 -4.7278632042e-13 2.8752154216e-14 4.1277450523e-13 4.7259198389e-13 -3.3580784837e-19 -2.8752155206e-14 -4.1277176039e-13 -3.1070907340e-14
d  2.7815872137e-03 1.9471109523e+00 0.0000000000e+00 4.1797615045e-06 3.0000000000e+02 -4.7792484207e-13 2.8685936735e-14 4.1798315017e-13 4.7773013027e-13 -4.0397649025e-19 -2.8685938844e-14 -4.1797614664e-13 -3.1067237474e-14
d  2.7880137084e-03 1.9516094983e+00 0.0000000000e+00 4.2119833968e-06 3.0000000000e+02 -4.7995001144e-13 2.7557701104e-14 4.2116847575e-13 4.7975485322e-13 -2.5221493761e-19 -2.7557693581e-14 -4.2119835537e-13 -3.1000734225e-14
d  2.7918696052e-03 1.9543086259e+00 0.0000000000e+00 4.2719024015e-06 3.0000000000e+02 -4.8722438066e-13 2.8757881699e-14 4.2719320040e-13 4.8702894946e-13 -6.0742739420e-19 -2.8757882799e-14 -4.2719023840e-13 -3.1072070792e-14
d  2.7964966814e-03 1.9575475791e+00 0.0000000000e+00 4.3182994391e-06 3.0000000000e+02 -4.9181413298e-13 2.8721790762e-14 4.3183217150e-13 4.9161837797e-13 -3.5301179910e-19 -2.8721791538e-14 -4.3182994280e-13 -3.1069474367e-14
d  2.8020491728e-03 1.9614343229e+00 0.0000000000e+00 4.3747814080e-06 3.0000000000e+02 -4.9740836331e-13 2.8667672320e-14 4.3748094583e-13 4.9721221959e-13 -4.2196361968e-19 -2.8667673136e-14 -4.3747813959e-13 -3.1066523238e-14
d  2.8053806676e-03 1.9637663691e+00 0.0000000000e+00 4.4089638599e-06 3.0000000000e+02 -5.0079765551e-13 2.8640503200e-14 4.4089868745e-13 5.0060127857e-13 -4.2419080982e-19 -2.8640504187e-14 -4.4089638448e-13 -3.1064982435e-14
d  2.8093784614e-03 1.9665648247e+00 0.0000000000e+00 4.4502456246e-06 3.0000000000e+02 -5.0489784791e-13 2.8613144546e-14 4.4502952112e-13 5.0470119081e-13 -4.2765791192e-19 -2.8613146541e-14 -4.4502455895e-13 -3.1063444203e-14
d  2.8141758140e-03 1.9699229713e+00 0.0000000000e+00 4.5001107144e-06 3.0000000000e+02 -5.0985681000e-13 2.8588819521e-14 4.5001742423e-13 5.0965981699e-13 -4.3106446255e-19 -2.8588821655e-14 -4.5001106761e-13 -3.1062096634e-14
d  2.8199326371e-03 1.9739527472e+00 0.0000000000e+00 4.5278304131e-06 3.0000000000e+02 -5.1139014564e-13 2.7417817186e-14 4.5275282900e-13 5.1119275343e-13 -2.5236674941e-19 -2.7417808702e-14 -4.5278305899e-13 -3.0993133068e-14
d  2.8233867309e-03 1.9763706128e+00 0.0000000000e+00 4.5844570058e-06 3.0000000000e+02 -5.1830273642e-13 2.8587379381e-14 4.5847107470e-13 5.1810509608e-13 -6.4869857246e-19 -2.8587389891e-14 -4.5844568020e-13 -3.1062637134e-14
d  2.8275316435e-03 1.9792720515e+00 0.0000000000e+00 4.6320230025e-06 3.0000000000e+02 -5.2320551510e-13 2.8738111052e-14 4.6320753214e-13 5.2300758724e-13 -4.0085978891e-19 -2.8738113083e-14 -4.6320229667e-13 -3.1071005066e-14
d  2.8325055387e-03 1.9827537779e+00 0.0000000000e+00 4.6868494204e-06 3.0000000000e+02 -5.2865694445e-13 2.8706520999e-14 4.6868485601e-13 5.2845866909e-13 -4.4695048698e-19 -2.8706520971e-14 -4.6868494256e-13 -3.1069322209e-14
d  2.8384742128e-03 1.9869318496e+00 0.0000000000e+00 4.7187932819e-06 3.0000000000e+02 -5.3056203748e-13 2.7485500756e-14 4.7184014451e-13 5.3036334831e-13 -2.7113481155e-19 -2.7485490136e-14 -4.7187935039e-13 -3.0997496612e-14
d  2.8420554173e-03 1.9894386927e+00 0.0000000000e+00 4.7841995774e-06 3.0000000000e+02 -5.3856373681e-13 2.8859474902e-14 4.7842235174e-13 5.3836479263e-13 -7.0511056124e-19 -2.8859475859e-14 -4.7841995631e-13 -3.1078990102e-14
d  2.8463528627e-03 1.9924469043e+00 0.0000000000e+00 4.8341256000e-06 3.0000000000e+02 -5.4352352101e-13 2.8837008917e-14 4.8341602245e-13 5.4332427589e-13 -3.9613392195e-19 -2.8837010214e-14 -4.8341255789e-13 -3.1077071369e-14
d  2.8515097972e-03 1.9960567583e+00 0.0000000000e+00 4.8945358411e-06 3.0000000000e+02 -5.4950504165e-13 2.8777797466e-14 4.8947044570e-13 5.4930543406e-13 -4.7721643894e-19 -2.8777802743e-14 -4.8945357388e-13 -3.1073844667e-14
d  2.8571430000e-03 2.0000000000e+00 0.0000000000e+00 4.9258578082e-06 3.0000000000e+02 -5.5131247317e-13 2.7527837554e-14 4.9255086715e-13 5.5111247694e-13 -2.8124027127e-19 -2.7527827685e-14 -4.9258580155e-13 -3.1000344142e-14
d  2.8605229217e-03 2.0023659450e+00 0.0000000000e+00 4.9927286891e-06 3.0000000000e+02 -5.5952417701e-13 2.8955419839e-14 4.9927537430e-13 5.5932394008e-13 -7.5562745347e-19 -2.8955420899e-14 -4.9927286730e-13 -3.1084977704e-14
d  2.8645788277e-03 2.0052050791e+00 0.0000000000e+00 5.0430584007e-06 3.0000000000e+02 -5.6452237412e-13 2.8936546616e-14 5.0430875155e-13 5.6432185323e-13 -4.1379209656e-19 -2.8936547771e-14 -5.0430583826e-13 -3.1083193908e-14
d  2.8694459149e-03 2.0086120400e+00 0.0000000000e+00 5.1045135995e-06 3.0000000000e+02 -5.7062776679e-13 2.8893791934e-14 5.1045447700e-13 5.7042690521e-13 -5.0602182801e-19 -2.8893792966e-14 -5.1045135836e-13 -3.1080948592e-14
d  2.8752864195e-03 2.0127003930e+00 0.0000000000e+00 5.1401138171e-06 3.0000000000e+02 -5.7277782276e-13 2.7563025275e-14 5.1396769011e-13 5.7257655752e-13 -2.9539165280e-19 -2.7563013175e-14 -5.1401140721e-13 -3.1002761896e-14
d  2.8787907223e-03 2.0151534048e+00 0.0000000000e+00 5.2126001479e-06 3.0000000000e+02 -5.8161845476e-13 2.9057711883e-14 5.2126233169e-13 5.8141693910e-13 -7.8732510370e-19 -2.9057712829e-14 -5.2126001342e-13 -3.1091274838e-14
d  2.8829958856e-03 2.0180970190e+00 0.0000000000e+00 5.2683039305e-06 3.0000000000e+02 -5.8714688427e-13 2.9027794718e-14 5.2683425775e-13 5.8694507405e-13 -4.4035499344e-19 -2.9027796198e-14 -5.2683039059e-13 -3.1088833920e-14
d  2.8880420816e-03 2.0216293561e+00 0.0000000000e+00 5.3363128864e-06 3.0000000000e+02 -5.9389993654e-13 2.8980182799e-14 5.3363179158e-13 5.9369777355e-13 -5.3384958957e-19 -2.8980182960e-14 -5.3363128885e-13 -3.1086308088e-14
d  2.8940975168e-03 2.0258681605e+00 0.0000000000e+00 5.3767941114e-06 3.0000000000e+02 -5.9647396803e-13 2.7587113488e-14 5.3762536565e-13 5.9627138724e-13 -3.1501680214e-19 -2.7587099043e-14 -5.3767944178e-13 -3.1004543877e-14
d  2.8977307780e-03 2.0284114431e+00 0.0000000000e+00 5.4556419755e-06 3.0000000000e+02 -6.0603138495e-13 2.9161105366e-14 5.4556836800e-13 6.0582854323e-13 -8.2330018782e-19 -2.9161107010e-14 -5.4556419477e-13 -3.1097634353e-14
d  2.9020906913e-03 2.0314633823e+00 0.0000000000e+00 5.5173834127e-06 3.0000000000e+02 -6.1215453334e-13 2.9120495796e-14 5.5174500323e-13 6.1195138611e-13 -4.6901405512e-19 -2.9120498257e-14 -5.5173833682e-13 -3.1094553315e-14
d  2.9073225873e-03 2.0351257094e+00 0.0000000000e+00 5.5927457772e-06 3.0000000000e+02 -6.1963269227e-13 2.9064438231e-14 5.5927504571e-13 6.1942917965e-13 -5.6441675775e-19 -2.9064438376e-14 -5.5927457798e-13 -3.1091539104e-14
d  2.9104617249e-03 2.0373231056e+00 0.0000000000e+00 5.6336130783e-06 3.0000000000e+02 -6.2349473905e-13 2.8850054118e-14 5.6340885609e-13 6.2329099946e-13 -5.2923075050e-19 -2.8850075776e-14 -5.6336126491e-13 -3.1078989705e-14
d  2.9142286901e-03 2.0399599811e+00 0.0000000000e+00 5.6922545067e-06 3.0000000000e+02 -6.2954987110e-13 2.9024330519e-14 5.6922876552e-13 6.2934587461e-13 -6.1299586149e-19 -2.9024331935e-14 -5.6922544839e-13 -3.1089380714e-14
d  2.9187490482e-03 2.0431242316e+00 0.0000000000e+00 5.7590600375e-06 3.0000000000e+02 -6.3620224131e-13 2.9003751528e-14 5.7591543367e-13 6.3599792761e-13 -5.7016187253e-19 -2.9003754890e-14 -5.7590599743e-13 -3.1088143512e-14
d  2.9241734780e-03 2.0469213323e+00 0.0000000000e+00 5.8402099071e-06 3.0000000000e+02 -6.4429166657e-13 2.8977366584e-14 5.8402493113e-13 6.4408697394e-13 -5.8598098450e-19 -2.8977367758e-14 -5.8402098885e-13 -3.1086700239e-14
d  2.9274281359e-03 2.0491995927e+00 0.0000000000e+00 5.8893952909e-06 3.0000000000e+02 -6.4919875516e-13 2.8969420763e-14 5.8894159901e-13 6.4899383488e-13 -5.9081227632e-19 -2.8969421673e-14 -5.8893952784e-13 -3.1086285482e-14
d  2.9313337254e-03 2.0519335051e+00 0.0000000000e+00 5.9489389568e-06 3.0000000000e+02 -6.5514387178e-13 2.8957917491e-14 5.9489759086e-13 6.5493867788e-13 -5.9678905440e-19 -2.8957919013e-14 -5.9489389318e-13 -3.1085673514e-14
d  2.9360204327e-03 2.0552142001e+00 0.0000000000e+00 6.0212170209e-06 3.0000000000e+02 -6.6236668070e-13 2.8953260770e-14 6.0212159180e-13 6.6216115929e-13 -6.0360089152e-19 -2.8953260732e-14 -6.0212170277e-13 -3.1085471633e-14
d  2.9388324571e-03 2.0571826171e+00 0.0000000000e+00 6.0650177041e-06 3.0000000000e+02 -6.6674565300e-13 2.8952089349e-14 6.0650459785e-13 6.6653993426e-13 -6.0858455826e-19 -2.8952090785e-14 -6.0650176814e-13 -3.1085447197e-14
d  2.9422068864e-03 2.0595447175e+00 0.0000000000e+00 6.1180449848e-06 3.0000000000e+02 -6.7204916906e-13 2.8953590581e-14 6.1180769733e-13 6.7184321406e-13 -6.1372568206e-19 -2.8953592104e-14 -6.1180449602e-13 -3.1085585125e-14
d  2.9462562015e-03 2.0623792379e+00 0.0000000000e+00 6.1823556537e-06 3.0000000000e+02 -6.7848278587e-13 2.8955404745e-14 6.1824013870e-13 6.7827654726e-13 -6.2054085235e-19 -2.8955406563e-14 -6.1823556226e-13 -3.1085752614e-14
d  2.9511153797e-03 2.0657806625e+00 0.0000000000e+00 6.2606179276e-06 3.0000000000e+02 -6.8631657874e-13 2.8961856490e-14 6.2606162710e-13 6.8611000069e-13 -6.2883598528e-19 -2.8961856435e-14 -6.2606179350e-13 -3.1086202280e-14
d  2.9569463935e-03 2.0698623720e+00 0.0000000000e+00 6.3039659229e-06 3.0000000000e+02 -6.8899923575e-13 2.7400268508e-14 6.3033518182e-13 6.8879225735e-13 -3.5063683358e-19 -2.7400251467e-14 -6.3039662918e-13 -3.0994799871e-14
d  2.9604450018e-03 2.0723113976e+00 0.0000000000e+00 6.3962765208e-06 3.0000000000e+02 -7.0023117135e-13 2.9279512040e-14 6.3963249090e-13 7.0002393945e-13 -9.9198105535e-19 -2.9279514020e-14 -6.3962764866e-13 -3.1105596759e-14
d  2.9646433317e-03 2.0752502284e+00 0.0000000000e+00 6.4688583496e-06 3.0000000000e+02 -7.0746581519e-13 2.9272094170e-14 6.4688572716e-13 7.0725829018e-13 -5.5781536863e-19 -2.9272094129e-14 -6.4688583569e-13 -3.1104277907e-14
d  2.9696813277e-03 2.0787768254e+00 0.0000000000e+00 6.5580099789e-06 3.0000000000e+02 -7.1634846164e-13 2.9236145868e-14 6.5580597156e-13 7.1614058325e-13 -6.7802404163e-19 -2.9236147461e-14 -6.5580099519e-13 -3.1102487280e-14
d  2.9757269228e-03 2.0830087418e+00 0.0000000000e+00 6.6100427613e-06 3.0000000000e+02 -7.1977691461e-13 2.7561020784e-14 6.6092999749e-13 7.1956862342e-13 -3.8302586811e-19 -2.7561000894e-14 -6.6100431965e-13 -3.1004535627e-14
d  2.9793542798e-03 2.0855478916e+00 0.0000000000e+00 6.7123753933e-06 3.0000000000e+02 -7.3209815834e-13 2.9522171896e-14 6.7124553190e-13 7.3188960229e-13 -1.0501247569e-18 -2.9522175052e-14 -6.7123753346e-13 -3.1120029820e-14
d  2.9837071083e-03 2.0885948714e+00 0.0000000000e+00 6.7948338061e-06 3.0000000000e+02 -7.4028975153e-13 2.9485621316e-14 6.7948832137e-13 7.4008089128e-13 -6.0450350633e-19 -2.9485623145e-14 -6.7948337747e-13 -3.1116986713e-14
d  2.9889305025e-03 2.0922512471e+00 0.0000000000e+00 6.8958170615e-06 3.0000000000e+02 -7.5032412630e-13 2.9419874741e-14 6.8958175619e-13 7.5011490117e-13 -7.2608374667e-19 -2.9419874757e-14 -6.8958170680e-13 -3.1113462160e-14
d  2.9951985755e-03 2.0966388980e+00 0.0000000000e+00 6.9563838898e-06 3.0000000000e+02 -7.5448792496e-13 2.7630596844e-14 6.9554618931e-13 7.5427827341e-13 -4.1361296294e-19 -2.7630573018e-14 -6.9563844174e-13 -3.1008951460e-14
d  2.9989594193e-03 2.0992714886e+00 0.0000000000e+00 7.0694693335e-06 3.0000000000e+02 -7.6799704867e-13 2.9702619765e-14 7.0695224848e-13 7.6778712067e-13 -1.1115197556e-18 -2.9702621790e-14 -7.0694692982e-13 -3.1130815591e-14
d  3.0034724319e-03 2.1024305972e+00 0.0000000000e+00 7.1624803459e-06 3.0000000000e+02 -7.7722313721e-13 2.9641602653e-14 7.1625306886e-13 7.7701289336e-13 -6.5304571736e-19 -2.9641604450e-14 -7.1624803151e-13 -3.1126321863e-14
d  3.0088880470e-03 2.1062215276e+00 0.0000000000e+00 7.2762818631e-06 3.0000000000e+02 -7.8851934366e-13 2.9559125195e-14 7.2762901812e-13 7.8830872139e-13 -7.7787604750e-19 -2.9559125443e-14 -7.2762818650e-13 -3.1121831260e-14
d  3.0153867851e-03 2.1107706440e+00 0.0000000000e+00 7.3463060521e-06 3.0000000000e+02 -7.9352766321e-13 2.7673560757e-14 7.3453076071e-13 7.9331659994e-13 -4.4742966137e-19 -2.7673535857e-14 -7.3463066124e-13 -3.1011822424e-14
d  3.0192860279e-03 2.1135001139e+00 0.0000000000e+00 7.4714404467e-06 3.0000000000e+02 -8.0836959295e-13 2.9864769187e-14 7.4714926515e-13 8.0815824207e-13 -1.1783950092e-18 -2.9864771106e-14 -7.4714404136e-13 -3.1140517994e-14
d  3.0239651194e-03 2.1167754777e+00 0.0000000000e+00 7.5764913452e-06 3.0000000000e+02 -8.1878249765e-13 2.9790322924e-14 7.5765525287e-13 8.1857081911e-13 -7.0746376347e-19 -2.9790325032e-14 -7.5764913077e-13 -3.1135217622e-14
d  3.0295800291e-03 2.1207059143e+00 0.0000000000e+00 7.7049648476e-06 3.0000000000e+02 -8.3152849264e-13 2.9690898627e-14 7.7049676954e-13 8.3131642201e-13 -8.3564608218e-19 -2.9690898709e-14 -7.7049648535e-13 -3.1129751079e-14
d  3.0329489749e-03 2.1230641763e+00 0.0000000000e+00 7.7828587794e-06 3.0000000000e+02 -8.3926642167e-13 2.9640317929e-14 7.7829173957e-13 8.3905411419e-13 -8.4189411127e-19 -2.9640320419e-14 -7.7828587350e-13 -3.1126851753e-14
d  3.0369917099e-03 2.1258940906e+00 0.0000000000e+00 7.8769313621e-06 3.0000000000e+02 -8.4862465284e-13 2.9593639679e-14 7.8769916267e-13 8.4841206236e-13 -8.4815693847e-19 -2.9593642078e-14 -7.8769313192e-13 -3.1124184520e-14
d  3.0418429919e-03 2.1292899879e+00 0.0000000000e+00 7.9907542173e-06 3.0000000000e+02 -8.5996433867e-13 2.9555071636e-14 7.9908182576e-13 8.5975140860e-13 -8.5782759694e-19 -2.9555073765e-14 -7.9907541791e-13 -3.1122001138e-14
d  3.0447537611e-03 2.1313275262e+00 0.0000000000e+00 8.0595699098e-06 3.0000000000e+02 -8.6682675839e-13 2.9537762045e-14 8.0596468742e-13 8.6661362410e-13 -8.6386928335e-19 -2.9537765823e-14 -8.0595698394e-13 -3.1121030663e-14
d  3.0482466841e-03 2.1337725722e+00 0.0000000000e+00 8.1428023941e-06 3.0000000000e+02 -8.7513438044e-13 2.9515317142e-14 8.1428525935e-13 8.7492100221e-13 -8.7170243226e-19 -2.9515319452e-14 -8.1428023539e-13 -3.1119770466e-14
d  3.0524381918e-03 2.1367066274e+00 0.0000000000e+00 8.2437412542e-06 3.0000000000e+02 -8.8521745772e-13 2.9508234716e-14 8.2437950632e-13 8.8500378608e-13 -8.8250203973e-19 -2.9508236783e-14 -8.2437412182e-13 -3.1119410775e-14
d  3.0574680010e-03 2.1402274937e+00 0.0000000000e+00 8.3664716516e-06 3.0000000000e+02 -8.9748398396e-13 2.9505014101e-14 8.3664806545e-13 8.9726996106e-13 -8.9484976169e-19 -2.9505014390e-14 -8.3664716536e-13 -3.1119283155e-14
d  3.0604858865e-03 2.1423400134e+00 0.0000000000e+00 8.4410194125e-06 3.0000000000e+02 -9.0493848584e-13 2.9502378825e-14 8.4410736112e-13 9.0472425074e-13 -9.0387441288e-19 -2.9502381392e-14 -8.4410193671e-13 -3.1119169600e-14
d  3.0641073491e-03 2.1448750371e+00 0.0000000000e+00 8.5314709748e-06 3.0000000000e+02 -9.1398712152e-13 2.9507117378e-14 8.5315646917e-13 9.1377263216e-13 -9.1399423684e-19 -2.9507121538e-14 -8.5314708953e-13 -3.1119488265e-14
d  3.0684531042e-03 2.1479170655e+00 0.0000000000e+00 8.6415508954e-06 3.0000000000e+02 -9.2500421019e-13 2.9511030785e-14 8.6416200572e-13 9.2478941721e-13 -9.2658277404e-19 -2.9511033348e-14 -8.6415508485e-13 -3.1119768453e-14
d  3.0736680104e-03 2.1515674997e+00 0.0000000000e+00 8.7759896990e-06 3.0000000000e+02 -9.3846392501e-13 2.9530793891e-14 8.7759870584e-13 9.3824876830e-13 -9.4280606447e-19 -2.9530793809e-14 -8.7759897096e-13 -3.1120976990e-14
d  3.0767969540e-03 2.1537577601e+00 0.0000000000e+00 8.8579394463e-06 3.0000000000e+02 -9.4667092341e-13 2.9538657281e-14 8.8579382178e-13 9.4645554766e-13 -9.5353463156e-19 -2.9538657225e-14 -8.8579394563e-13 -3.1121472602e-14
d  3.0805516865e-03 2.1563860727e+00 0.0000000000e+00 8.9576119063e-06 3.0000000000e+02 -9.5665428554e-13 2.9554077630e-14 8.9576789913e-13 9.5643864558e-13 -9.6653170701e-19 -2.9554080503e-14 -8.9576118537e-13 -3.1122412909e-14
d  3.0850573654e-03 2.1595400478e+00 0.0000000000e+00 9.0791300433e-06 3.0000000000e+02 -9.6882507363e-13 2.9573798512e-14 9.0791282891e-13 9.6860911966e-13 -9.8019998754e-19 -2.9573798449e-14 -9.0791300537e-13 -3.1123605898e-14
d  3.0877607727e-03 2.1614324328e+00 0.0000000000e+00 9.1531726658e-06 3.0000000000e+02 -9.7624460345e-13 2.9585426636e-14 9.1533407691e-13 9.7602845642e-13 -9.9311871661e-19 -2.9585435514e-14 -9.1531724887e-13 -3.1124319806e-14
d  3.0910048616e-03 2.1637032949e+00 0.0000000000e+00 9.2429418276e-06 3.0000000000e+02 -9.8523374445e-13 2.9603090749e-14 9.2430683356e-13 9.8501737134e-13 -9.9994080065e-19 -2.9603097011e-14 -9.2429417043e-13 -3.1125369976e-14
d  3.0948977681e-03 2.1664283294e+00 0.0000000000e+00 9.3522623049e-06 3.0000000000e+02 -9.9618447520e-13 2.9608246643e-14 9.3522599456e-13 9.9596783241e-13 -1.0148716796e-18 -2.9608246545e-14 -9.3522623164e-13 -3.1125719797e-14
d  3.0995692560e-03 2.1696983707e+00 0.0000000000e+00 9.4857379838e-06 3.0000000000e+02 -1.0095549951e-12 2.9636944394e-14 9.4857350782e-13 1.0093380253e-12 -1.0330577727e-18 -2.9636944293e-14 -9.4857379955e-13 -3.1127437198e-14
d  3.1023721488e-03 2.1716603956e+00 0.0000000000e+00 9.5670514717e-06 3.0000000000e+02 -1.0177007241e-12 2.9649080061e-14 9.5671745911e-13 1.0174835552e-12 -1.0444795678e-18 -2.9649086334e-14 -9.5670513483e-13 -3.1128174711e-14
d  3.1057356201e-03 2.1740148253e+00 0.0000000000e+00 9.6658665150e-06 3.0000000000e+02 -1.0275996198e-12 2.9660152776e-14 9.6658653111e-13 1.0273822183e-12 -1.0542828631e-18 -2.9660152719e-14 -9.6658665259e-13 -3.1128848873e-14
d  3.1097717856e-03 2.1768401411e+00 0.0000000000e+00 9.7862445217e-06 3.0000000000e+02 -1.0396578244e-12 2.9685587136e-14 9.7862417310e-13 1.0394401405e-12 -1.0717429529e-18 -2.9685587025e-14 -9.7862445339e-13 -3.1130370171e-14
d  3.1121934849e-03 2.1785353305e+00 0.0000000000e+00 9.8594234695e-06 3.0000000000e+02 -1.0469877622e-12 2.9695400050e-14 9.8594729177e-13 1.0467699074e-12 -1.0813361337e-18 -2.9695402963e-14 -9.8594234183e-13 -3.1130966231e-14
d  3.1150995241e-03 2.1805695579e+00 0.0000000000e+00 9.9482194683e-06 3.0000000000e+02 -1.0558825575e-12 2.9711684568e-14 9.9483046816e-13 1.0556644985e-12 -1.0925298839e-18 -2.9711689272e-14 -9.9482193789e-13 -3.1131940235e-14
d  3.1185867712e-03 2.1830106307e+00 0.0000000000e+00 1.0056227427e-05 3.0000000000e+02 -1.0667028336e-12 2.9724000764e-14 1.0056303377e-12 1.0664845308e-12 -1.1064173959e-18 -2.9724004263e-14 -1.0056227361e-12 -3.1132692770e-14
d  3.1206791194e-03 2.1844752743e+00 0.0000000000e+00 1.0121802860e-05 3.0000000000e+02 -1.0732722039e-12 2.9742853410e-14 1.0121852008e-12 1.0730537550e-12 -1.1149518926e-18 -2.9742856757e-14 -1.0121802801e-12 -3.1133804433e-14
d  3.1231899372e-03 2.1862328468e+00 0.0000000000e+00 1.0201276821e-05 3.0000000000e+02 -1.0812345530e-12 2.9753290628e-14 1.0201334656e-12 1.0810159281e-12 -1.1261989453e-18 -2.9753294318e-14 -1.0201276754e-12 -3.1134438374e-14
d  3.1262029187e-03 2.1883419337e+00 0.0000000000e+00 1.0297769689e-05 3.0000000000e+02 -1.0909014375e-12 2.9770684724e-14 1.0297896104e-12 1.0906826002e-12 -1.1392402729e-18 -2.9770691455e-14 -1.0297769555e-12 -3.1135478114e-14
d  3.1298184964e-03 2.1908728379e+00 0.0000000000e+00 1.0415189663e-05 3.0000000000e+02 -1.1026638607e-12 2.9782906343e-14 1.0415260573e-12 1.1024447718e-12 -1.1531975931e-18 -2.9782909495e-14 -1.0415189604e-12 -3.1136222693e-14
d  3.1319878430e-03 2.1923913805e+00 0.0000000000e+00 1.0486521890e-05 3.0000000000e+02 -1.1098094909e-12 2.9804147302e-14 1.0486582379e-12 1.1095902501e-12 -1.1635047986e-18 -2.9804151275e-14 -1.0486521817e-12 -3.1137473638e-14
d  3.1345910590e-03 2.1942136316e+00 0.0000000000e+00 1.0573012892e-05 3.0000000000e+02 -1.1184742907e-12 2.9815449552e-14 1.0573069758e-12 1.1182548678e-12 -1.1751587066e-18 -2.9815453052e-14 -1.0573012828e-12 -3.1138156218e-14
d  3.1377149181e-03 2.1964003329e+00 0.0000000000e+00 1.0678109134e-05 3.0000000000e+02 -1.1290031844e-12 2.9833744751e-14 1.0678107928e-12 1.1287835444e-12 -1.1886894290e-18 -2.9833744689e-14 -1.0678109146e-12 -3.1139245839e-14
d  3.1414635491e-03 2.1990243744e+00 0.0000000000e+00 1.0806149058e-05 3.0000000000e+02 -1.1418309980e-12 2.9853949846e-14 1.0806145867e-12 1.1416110956e-12 -1.2067730767e-18 -2.9853949709e-14 -1.0806149071e-12 -3.1140455795e-14
d  3.1437127277e-03 2.2005987994e+00 0.0000000000e+00 1.0884000290e-05 3.0000000000e+02 -1.1496306586e-12 2.9867926873e-14 1.0884061641e-12 1.1494105971e-12 -1.2179956762e-18 -2.9867930761e-14 -1.0884000219e-12 -3.1141288598e-14
d  3.1464117420e-03 2.2024881093e+00 0.0000000000e+00 1.0978431019e-05 3.0000000000e+02 -1.1590904834e-12 2.9886199022e-14 1.0978487939e-12 1.1588702330e-12 -1.2293818923e-18 -2.9886202402e-14 -1.0978430958e-12 -3.1142368890e-14
d  3.1496505592e-03 2.2047552812e+00 0.0000000000e+00 1.1093191479e-05 3.0000000000e+02 -1.1705853565e-12 2.9902733999e-14 1.1093267109e-12 1.1703648791e-12 -1.2450361105e-18 -2.9902737747e-14 -1.1093191408e-12 -3.1143358936e-14
d  3.1535371398e-03 2.2074758875e+00 0.0000000000e+00 1.1233007980e-05 3.0000000000e+02 -1.1845884595e-12 2.9918058654e-14 1.1233004795e-12 1.1843677119e-12 -1.2625596041e-18 -2.9918058523e-14 -1.1233007995e-12 -3.1144283329e-14
d  3.1558690882e-03 2.2091082513e+00 0.0000000000e+00 1.1318046016e-05 3.0000000000e+02 -1.1931057671e-12 2.9934064720e-14 1.1318103433e-12 1.1928848547e-12 -1.2757551100e-18 -2.9934068230e-14 -1.1318045953e-12 -3.1145234740e-14
d  3.1586674262e-03 2.2110670878e+00 0.0000000000e+00 1.1421250975e-05 3.0000000000e+02 -1.2034431415e-12 2.9952018707e-14 1.1421373371e-12 1.2032220315e-12 -1.2892778695e-18 -2.9952025718e-14 -1.1421250835e-12 -3.1146298677e-14
d  3.1620254318e-03 2.2134176916e+00 0.0000000000e+00 1.1546805772e-05 3.0000000000e+02 -1.2160197245e-12 2.9964057992e-14 1.1546875815e-12 1.2157983809e-12 -1.3051971713e-18 -2.9964061340e-14 -1.1546805710e-12 -3.1147027544e-14
d  3.1640402352e-03 2.2148280539e+00 0.0000000000e+00 1.1623028580e-05 3.0000000000e+02 -1.2236540314e-12 2.9985045577e-14 1.1623094068e-12 1.2234325466e-12 -1.3161610683e-18 -2.9985050206e-14 -1.1623028494e-12 -3.1148257862e-14
d  3.1664579993e-03 2.2165204887e+00 0.0000000000e+00 1.1715385366e-05 3.0000000000e+02 -1.2329041306e-12 2.9995006200e-14 1.1715453119e-12 1.2326824765e-12 -1.3285407014e-18 -2.9995010687e-14 -1.1715385282e-12 -3.1148857976e-14
d  3.1693593162e-03 2.2185514104e+00 0.0000000000e+00 1.1827489938e-05 3.0000000000e+02 -1.2441309486e-12 3.0010968935e-14 1.1827488770e-12 1.2439090935e-12 -1.3425778786e-18 -3.0010968871e-14 -1.1827489951e-12 -3.1149805664e-14
d  3.1728408964e-03 2.2209885164e+00 0.0000000000e+00 1.1963940859e-05 3.0000000000e+02 -1.2577970678e-12 3.0027992670e-14 1.1964194945e-12 1.2575749623e-12 -1.3646010861e-18 -3.0028004386e-14 -1.1963940609e-12 -3.1150831756e-14
d  3.1749298445e-03 2.2224507801e+00 0.0000000000e+00 1.2046844085e-05 3.0000000000e+02 -1.2661006299e-12 3.0033151429e-14 1.2046915365e-12 1.2658783827e-12 -1.3704784113e-18 -3.0033156289e-14 -1.2046843994e-12 -3.1151139940e-14
d  3.1774365823e-03 2.2242054964e+00 0.0000000000e+00 1.2147364864e-05 3.0000000000e+02 -1.2761686664e-12 3.0061560138e-14 1.2147430622e-12 1.2759462439e-12 -1.3881693731e-18 -3.0061564339e-14 -1.2147364787e-12 -3.1152807593e-14
d  3.1804446677e-03 2.2263111560e+00 0.0000000000e+00 1.2269518131e-05 3.0000000000e+02 -1.2884041481e-12 3.0076517484e-14 1.2269516438e-12 1.2881815170e-12 -1.4035301430e-18 -3.0076517393e-14 -1.2269518145e-12 -3.1153697316e-14
d  3.1840543701e-03 2.2288379476e+00 0.0000000000e+00 1.2418323831e-05 3.0000000000e+02 -1.3033087337e-12 3.0096432799e-14 1.2418320281e-12 1.3030858500e-12 -1.4249158878e-18 -3.0096432641e-14 -1.2418323847e-12 -3.1154883424e-14
d  3.1862201915e-03 2.2303540225e+00 0.0000000000e+00 1.2508772458e-05 3.0000000000e+02 -1.3123673358e-12 3.0109775914e-14 1.2508843741e-12 1.3121442982e-12 -1.4379678925e-18 -3.0109780602e-14 -1.2508772370e-12 -3.1155674920e-14
d  3.1888191772e-03 2.2321733125e+00 0.0000000000e+00 1.2618502173e-05 3.0000000000e+02 -1.3233572460e-12 3.0128911985e-14 1.2618571866e-12 1.3231340266e-12 -1.4518988427e-18 -3.0128916280e-14 -1.2618502093e-12 -3.1156799105e-14
d  3.1919379601e-03 2.2343564604e+00 0.0000000000e+00 1.2751926038e-05 3.0000000000e+02 -1.3367207713e-12 3.0147474661e-14 1.2751989482e-12 1.3364973338e-12 -1.4708306912e-18 -3.0147477923e-14 -1.2751925978e-12 -3.1157899979e-14
d  3.1956804996e-03 2.2369762378e+00 0.0000000000e+00 1.2914603899e-05 3.0000000000e+02 -1.3530144837e-12 3.0166953945e-14 1.2914602283e-12 1.3527907861e-12 -1.4930964351e-18 -3.0166953876e-14 -1.2914603913e-12 -3.1159058471e-14
d  3.1979260232e-03 2.2385481043e+00 0.0000000000e+00 1.3013591728e-05 3.0000000000e+02 -1.3629292896e-12 3.0184923058e-14 1.3013658009e-12 1.3627054327e-12 -1.5086844376e-18 -3.0184927263e-14 -1.3013591650e-12 -3.1160117520e-14
d  3.2006206516e-03 2.2404343441e+00 0.0000000000e+00 1.3133884503e-05 3.0000000000e+02 -1.3749818893e-12 3.0209563009e-14 1.3134059918e-12 1.3747578405e-12 -1.5269995776e-18 -3.0209573437e-14 -1.3133884287e-12 -3.1161562939e-14
d  3.2038542057e-03 2.2426978319e+00 0.0000000000e+00 1.3280354891e-05 3.0000000000e+02 -1.3896568571e-12 3.0225707796e-14 1.3280351654e-12 1.3894325874e-12 -1.5449273813e-18 -3.0225707636e-14 -1.3280354908e-12 -3.1162518153e-14
d  3.2057943382e-03 2.2440559245e+00 0.0000000000e+00 1.3369361650e-05 3.0000000000e+02 -1.3985738706e-12 3.0248816690e-14 1.3369442016e-12 1.3983494623e-12 -1.5617206506e-18 -3.0248822586e-14 -1.3369361538e-12 -3.1163872527e-14
d  3.2081224971e-03 2.2456856357e+00 0.0000000000e+00 1.3477296979e-05 3.0000000000e+02 -1.4093869712e-12 3.0269758005e-14 1.3477377367e-12 1.4091623999e-12 -1.5753115727e-18 -3.0269763530e-14 -1.3477296873e-12 -3.1165093827e-14
d  3.2109162878e-03 2.2476412891e+00 0.0000000000e+00 1.3608461109e-05 3.0000000000e+02 -1.4225268119e-12 3.0290455482e-14 1.3608459477e-12 1.4223020478e-12 -1.5939178931e-18 -3.0290455388e-14 -1.3608461125e-12 -3.1166309764e-14
d  3.2142688367e-03 2.2499880732e+00 0.0000000000e+00 1.3768259127e-05 3.0000000000e+02 -1.4385345679e-12 3.0313484755e-14 1.3768257246e-12 1.4383095691e-12 -1.6184054750e-18 -3.0313484665e-14 -1.3768259142e-12 -3.1167669281e-14
d  3.2162803660e-03 2.2513961437e+00 0.0000000000e+00 1.3865413862e-05 3.0000000000e+02 -1.4482666579e-12 3.0329774316e-14 1.3865498153e-12 1.4480415154e-12 -1.6334841142e-18 -3.0329780281e-14 -1.3865413747e-12 -3.1168626521e-14
d  3.2186942012e-03 2.2530858282e+00 0.0000000000e+00 1.3983276468e-05 3.0000000000e+02 -1.4600726864e-12 3.0352132644e-14 1.3983352581e-12 1.4598473753e-12 -1.6488501330e-18 -3.0352137690e-14 -1.3983276372e-12 -3.1169928974e-14
d  3.2215908034e-03 2.2551134497e+00 0.0000000000e+00 1.4126574946e-05 3.0000000000e+02 -1.4744263445e-12 3.0372874458e-14 1.4126572593e-12 1.4742008332e-12 -1.6694650531e-18 -3.0372874328e-14 -1.4126574963e-12 -3.1171147595e-14
d  3.2250667261e-03 2.2575465954e+00 0.0000000000e+00 1.4301191113e-05 3.0000000000e+02 -1.4919145672e-12 3.0394661482e-14 1.4301187120e-12 1.4916888127e-12 -1.6953653315e-18 -3.0394661298e-14 -1.4301191132e-12 -3.1172434153e-14
d  3.2271522797e-03 2.2590064829e+00 0.0000000000e+00 1.4407353096e-05 3.0000000000e+02 -1.5025454742e-12 3.0409067653e-14 1.4407435947e-12 1.5023195706e-12 -1.7112435916e-18 -3.0409073307e-14 -1.4407352987e-12 -3.1173282390e-14
d  3.2296549441e-03 2.2607583478e+00 0.0000000000e+00 1.4536133935e-05 3.0000000000e+02 -1.5154404980e-12 3.0429028728e-14 1.4536227975e-12 1.5152144190e-12 -1.7279275184e-18 -3.0429034741e-14 -1.4536133817e-12 -3.1174446932e-14
d  3.2326581412e-03 2.2628605857e+00 0.0000000000e+00 1.4692697663e-05 3.0000000000e+02 -1.5311172319e-12 3.0447015723e-14 1.4692754315e-12 1.5308909440e-12 -1.7499573302e-18 -3.0447018745e-14 -1.4692697609e-12 -3.1175507046e-14
d  3.2344600596e-03 2.2641219285e+00 0.0000000000e+00 1.4787704038e-05 3.0000000000e+02 -1.5406298416e-12 3.0452130788e-14 1.4787754204e-12 1.5404034275e-12 -1.7637847027e-18 -3.0452134747e-14 -1.4787703967e-12 -3.1175819868e-14
d  3.2366223615e-03 2.2656355398e+00 0.0000000000e+00 1.4902811179e-05 3.0000000000e+02 -1.5521555566e-12 3.0472380253e-14 1.4902902371e-12 1.5519289897e-12 -1.7811085672e-18 -3.0472386997e-14 -1.4902811047e-12 -3.1177002142e-14
d  3.2392171239e-03 2.2674518734e+00 0.0000000000e+00 1.5042514528e-05 3.0000000000e+02 -1.5661438895e-12 3.0489280256e-14 1.5042513040e-12 1.5659171443e-12 -1.7989038229e-18 -3.0489280164e-14 -1.5042514545e-12 -3.1177990596e-14
d  3.2423308387e-03 2.2696314736e+00 0.0000000000e+00 1.5212537631e-05 3.0000000000e+02 -1.5831698693e-12 3.0507221421e-14 1.5212533527e-12 1.5829429062e-12 -1.8255741558e-18 -3.0507221210e-14 -1.5212537651e-12 -3.1179054437e-14
d  3.2441990677e-03 2.2709392338e+00 0.0000000000e+00 1.5315819291e-05 3.0000000000e+02 -1.5935127498e-12 3.0521759038e-14 1.5315913321e-12 1.5932856523e-12 -1.8418789993e-18 -3.0521766196e-14 -1.5315819150e-12 -3.1179908092e-14
d  3.2464409423e-03 2.2725085460e+00 0.0000000000e+00 1.5441032839e-05 3.0000000000e+02 -1.6060519990e-12 3.0543171961e-14 1.5441125540e-12 1.6058247447e-12 -1.8582027168e-18 -3.0543178572e-14 -1.5441032709e-12 -3.1181150752e-14
d  3.2491311920e-03 2.2743917207e+00 0.0000000000e+00 1.5593159821e-05 3.0000000000e+02 -1.6212867858e-12 3.0562252084e-14 1.5593157605e-12 1.6210593467e-12 -1.8801366828e-18 -3.0562251952e-14 -1.5593159839e-12 -3.1182268704e-14
d  3.2523594915e-03 2.2766515302e+00 0.0000000000e+00 1.5778466029e-05 3.0000000000e+02 -1.6398445102e-12 3.0583677869e-14 1.5778462921e-12 1.6396168452e-12 -1.9091017779e-18 -3.0583677715e-14 -1.5778466049e-12 -3.1183531356e-14
d  3.2542964713e-03 2.2780074160e+00 0.0000000000e+00 1.5891118992e-05 3.0000000000e+02 -1.6511262428e-12 3.0599956262e-14 1.5891216180e-12 1.6508984383e-12 -1.9270157395e-18 -3.0599963397e-14 -1.5891118851e-12 -3.1184484616e-14
d  3.2566208469e-03 2.2796344789e+00 0.0000000000e+00 1.6027779319e-05 3.0000000000e+02 -1.6648120880e-12 3.0623429349e-14 1.6027864914e-12 1.6645841213e-12 -1.9452245727e-18 -3.0623435237e-14 -1.6027779204e-12 -3.1185844659e-14
d  3.2594100977e-03 2.2815869543e+00 0.0000000000e+00 1.6193935072e-05 3.0000000000e+02 -1.6814519267e-12 3.0644132493e-14 1.6193931828e-12 1.6812237681e-12 -1.9698704710e-18 -3.0644132307e-14 -1.6193935093e-12 -3.1187056383e-14
d  3.2627571987e-03 2.2839299249e+00 0.0000000000e+00 1.6396485101e-05 3.0000000000e+02 -1.7017359951e-12 3.0667507662e-14 1.6396483133e-12 1.7015076022e-12 -2.0014385995e-18 -3.0667507568e-14 -1.6396485119e-12 -3.1188430055e-14
d  3.2647654593e-03 2.2853357072e+00 0.0000000000e+00 1.6519693417e-05 3.0000000000e+02 -1.7140739911e-12 3.0684570650e-14 1.6519787303e-12 1.7138454539e-12 -2.0208555520e-18 -3.0684577298e-14 -1.6519693286e-12 -3.1189427618e-14
d  3.2671753720e-03 2.2870226461e+00 0.0000000000e+00 1.6669240387e-05 3.0000000000e+02 -1.7290495193e-12 3.0709020605e-14 1.6669379289e-12 1.7288208116e-12 -2.0421262879e-18 -3.0709029820e-14 -1.6669240196e-12 -3.1190845513e-14
d  3.2700672673e-03 2.2890469726e+00 0.0000000000e+00 1.6851173203e-05 3.0000000000e+02 -1.7472681416e-12 3.0732573399e-14 1.6851169063e-12 1.7470392370e-12 -2.0676436832e-18 -3.0732573170e-14 -1.6851173225e-12 -3.1192215704e-14
d  3.2718024044e-03 2.2902615686e+00 0.0000000000e+00 1.6961656558e-05 3.0000000000e+02 -1.7583320483e-12 3.0741236901e-14 1.6961700550e-12 1.7581030203e-12 -2.0873803399e-18 -3.0741240504e-14 -1.6961656496e-12 -3.1192736231e-14
d  3.2738845690e-03 2.2917190837e+00 0.0000000000e+00 1.7095516029e-05 3.0000000000e+02 -1.7717349891e-12 3.0760643023e-14 1.7095621455e-12 1.7715058128e-12 -2.1064151410e-18 -3.0760651112e-14 -1.7095515867e-12 -3.1193862811e-14
d  3.2763831665e-03 2.2934681019e+00 0.0000000000e+00 1.7258049448e-05 3.0000000000e+02 -1.7880090797e-12 3.0781991869e-14 1.7258047421e-12 1.7877797330e-12 -2.1285777366e-18 -3.0781991740e-14 -1.7258049468e-12 -3.1195101258e-14
d  3.2793814835e-03 2.2955669236e+00 0.0000000000e+00 1.7455833630e-05 3.0000000000e+02 -1.8078116844e-12 3.0799161869e-14 1.7455934516e-12 1.8075821239e-12 -2.1610769029e-18 -3.0799167251e-14 -1.7455833520e-12 -3.1196119586e-14
d  3.2811804736e-03 2.2968262167e+00 0.0000000000e+00 1.7575975727e-05 3.0000000000e+02 -1.8198404709e-12 3.0821924878e-14 1.7576081392e-12 1.8196107838e-12 -2.1774983499e-18 -3.0821933224e-14 -1.7575975560e-12 -3.1197431383e-14
d  3.2833392619e-03 2.2983373684e+00 0.0000000000e+00 1.7721621709e-05 3.0000000000e+02 -1.8344229877e-12 3.0833522781e-14 1.7721726666e-12 1.8341931495e-12 -2.1994579518e-18 -3.0833530547e-14 -1.7721621553e-12 -3.1198116329e-14
d  3.2859298078e-03 2.3001507504e+00 0.0000000000e+00 1.7898531635e-05 3.0000000000e+02 -1.8521349379e-12 3.0854108424e-14 1.7898528560e-12 1.8519049229e-12 -2.2245103301e-18 -3.0854108234e-14 -1.7898531657e-12 -3.1199313246e-14
d  3.2890384628e-03 2.3023268089e+00 0.0000000000e+00 1.8113980313e-05 3.0000000000e+02 -1.8737056901e-12 3.0873275129e-14 1.8113976247e-12 1.8734754576e-12 -2.2587751350e-18 -3.0873274919e-14 -1.8113980337e-12 -3.1200443336e-14
d  3.2909036558e-03 2.3036324439e+00 0.0000000000e+00 1.8244941922e-05 3.0000000000e+02 -1.8868178265e-12 3.0889346797e-14 1.8245055118e-12 1.8865874583e-12 -2.2801093384e-18 -3.0889355420e-14 -1.8244941746e-12 -3.1201382293e-14
d  3.2931418875e-03 2.3051992060e+00 0.0000000000e+00 1.8403804966e-05 3.0000000000e+02 -1.9027237294e-12 3.0914134449e-14 1.8403899176e-12 1.9024932054e-12 -2.3016572224e-18 -3.0914141171e-14 -1.8403804831e-12 -3.1202811375e-14
d  3.2958277654e-03 2.3070793205e+00 0.0000000000e+00 1.8596955511e-05 3.0000000000e+02 -1.9220633383e-12 3.0934328334e-14 1.8596951314e-12 1.9218326305e-12 -2.3312578203e-18 -3.0934328084e-14 -1.8596955536e-12 -3.1203990833e-14
d  3.2990508190e-03 2.3093354578e+00 0.0000000000e+00 1.8832368072e-05 3.0000000000e+02 -1.9456330508e-12 3.0956193815e-14 1.8832371834e-12 1.9454021171e-12 -2.3684611382e-18 -3.0956194001e-14 -1.8832368086e-12 -3.1205274391e-14
d  3.3009846511e-03 2.3106891403e+00 0.0000000000e+00 1.8975541071e-05 3.0000000000e+02 -1.9599668541e-12 3.0973352858e-14 1.8975652768e-12 1.9597357802e-12 -2.3913191770e-18 -3.0973361063e-14 -1.8975540903e-12 -3.1206274398e-14
d  3.3033052497e-03 2.3123135592e+00 0.0000000000e+00 1.9149303703e-05 3.0000000000e+02 -1.9773634892e-12 3.0998468171e-14 1.9149308728e-12 1.9771322577e-12 -2.4144660588e-18 -3.0998468517e-14 -1.9149303714e-12 -3.1207720084e-14
d  3.3060899680e-03 2.3142628619e+00 0.0000000000e+00 1.9360708204e-05 3.0000000000e+02 -1.9985298369e-12 3.1014731139e-14 1.9360706496e-12 1.9982984107e-12 -2.4497710830e-18 -3.1014731041e-14 -1.9360708226e-12 -3.1208683586e-14
d  3.3077607989e-03 2.3154324435e+00 0.0000000000e+00 1.9489092752e-05 3.0000000000e+02 -2.0113841594e-12 3.1031119480e-14 1.9489120982e-12 2.0111526148e-12 -2.4699417660e-18 -3.1031121878e-14 -1.9489092717e-12 -3.1209634896e-14
d  3.3097657961e-03 2.3168359414e+00 0.0000000000e+00 1.9644713082e-05 3.0000000000e+02 -2.0269656950e-12 3.1050852111e-14 1.9644833890e-12 2.0267340057e-12 -2.4951133895e-18 -3.1050861726e-14 -1.9644712884e-12 -3.1210782020e-14
d  3.3121717927e-03 2.3185201390e+00 0.0000000000e+00 1.9833735799e-05 3.0000000000e+02 -2.0458917984e-12 3.1077653103e-14 1.9833733037e-12 2.0456599465e-12 -2.5214315884e-18 -3.1077652920e-14 -1.9833735823e-12 -3.1212324996e-14
d  3.3150589886e-03 2.3205411760e+00 0.0000000000e+00 2.0063921506e-05 3.0000000000e+02 -2.0689399609e-12 3.1097938881e-14 2.0063916985e-12 2.0687079070e-12 -2.5605457230e-18 -3.1097938631e-14 -2.0063921532e-12 -3.1213519236e-14
d  3.3167913061e-03 2.3217537982e+00 0.0000000000e+00 2.0203826615e-05 3.0000000000e+02 -2.0829484247e-12 3.1116107003e-14 2.0203950400e-12 2.0827162434e-12 -2.5844473541e-18 -3.1116117145e-14 -2.0203826406e-12 -3.1214576032e-14
d  3.3188700872e-03 2.3232089449e+00 0.0000000000e+00 2.0373497525e-05 3.0000000000e+02 -2.0999366395e-12 3.1143490753e-14 2.0373619106e-12 2.0997043128e-12 -2.6082596149e-18 -3.1143500084e-14 -2.0373497331e-12 -3.1216148567e-14
d  3.3213646245e-03 2.3249551209e+00 0.0000000000e+00 2.0579694046e-05 3.0000000000e+02 -2.1205814066e-12 3.1164566920e-14 2.0579690095e-12 2.1203489113e-12 -2.6399836843e-18 -3.1164566667e-14 -2.0579694073e-12 -3.1217373360e-14
d  3.3243580692e-03 2.3270505321e+00 0.0000000000e+00 2.0830978034e-05 3.0000000000e+02 -2.1457409623e-12 3.1187149815e-14 2.0830985164e-12 2.1455082569e-12 -2.6824447462e-18 -3.1187150195e-14 -2.0830978046e-12 -3.1218698443e-14
d  3.3261541360e-03 2.3283077788e+00 0.0000000000e+00 2.0983804898e-05 3.0000000000e+02 -2.1610426557e-12 3.1206732590e-14 2.0983932430e-12 2.1608098186e-12 -2.7082576590e-18 -3.1206742666e-14 -2.0983804687e-12 -3.1219835216e-14
d  3.3283094162e-03 2.3298164749e+00 0.0000000000e+00 2.1169254419e-05 3.0000000000e+02 -2.1796102689e-12 3.1235922867e-14 2.1169366187e-12 2.1793772818e-12 -2.7351033842e-18 -3.1235931139e-14 -2.1169254247e-12 -3.1221510900e-14
d  3.3308957524e-03 2.3316269101e+00 0.0000000000e+00 2.1394822890e-05 3.0000000000e+02 -2.2021951824e-12 3.1259042139e-14 2.1394817527e-12 2.2019620199e-12 -2.7711236753e-18 -3.1259041808e-14 -2.1394822919e-12 -3.1222854612e-14
d  3.3324475542e-03 2.3327131713e+00 0.0000000000e+00 2.1531924921e-05 3.0000000000e+02 -2.2159271166e-12 3.1273251132e-14 2.1533108953e-12 2.2156937827e-12 -2.8191334600e-18 -3.1273359355e-14 -2.1531922502e-12 -3.1223742116e-14
d  3.3343097163e-03 2.3340166847e+00 0.0000000000e+00 2.1697836070e-05 3.0000000000e+02 -2.2325338939e-12 3.1279807910e-14 2.1697946207e-12 2.2323004865e-12 -2.7931537077e-18 -3.1279817340e-14 -2.1697835876e-12 -3.1224015710e-14
d  3.3365443108e-03 2.3355809008e+00 0.0000000000e+00 2.1899384559e-05 3.0000000000e+02 -2.2527139627e-12 3.1321515855e-14 2.1899390645e-12 2.2524804043e-12 -2.8599401010e-18 -3.1321516289e-14 -2.1899384570e-12 -3.1226485663e-14
d  3.3392258242e-03 2.3374579601e+00 0.0000000000e+00 2.2144736795e-05 3.0000000000e+02 -2.2772803015e-12 3.1340738541e-14 2.2144731370e-12 2.2770465559e-12 -2.8952280608e-18 -3.1340738218e-14 -2.2144736825e-12 -3.1227600549e-14
d  3.3408347322e-03 2.3385841956e+00 0.0000000000e+00 2.2293801157e-05 3.0000000000e+02 -2.2922052918e-12 3.1359277337e-14 2.2293796624e-12 2.2919714337e-12 -2.9193552133e-18 -3.1359276938e-14 -2.2293801188e-12 -3.1228671666e-14
d  3.3427654219e-03 2.3399356783e+00 0.0000000000e+00 2.2474549046e-05 3.0000000000e+02 -2.3103025317e-12 3.1380683858e-14 2.2474683627e-12 2.3100685310e-12 -2.9514069312e-18 -3.1380694968e-14 -2.2474548811e-12 -3.1229916169e-14
d  3.3450822495e-03 2.3415574576e+00 0.0000000000e+00 2.2694177629e-05 3.0000000000e+02 -2.3322925090e-12 3.1414088897e-14 2.2694174035e-12 2.3320583534e-12 -2.9826803277e-18 -3.1414088650e-14 -2.2694177658e-12 -3.1231827661e-14
d  3.3478624426e-03 2.3435035926e+00 0.0000000000e+00 2.2961755406e-05 3.0000000000e+02 -2.3590838608e-12 3.1435600816e-14 2.2961752832e-12 2.3588495106e-12 -3.0304894783e-18 -3.1435600668e-14 -2.2961755433e-12 -3.1233093420e-14
d  3.3495305584e-03 2.3446712737e+00 0.0000000000e+00 2.3124446541e-05 3.0000000000e+02 -2.3753731697e-12 3.1456482512e-14 2.3124492449e-12 2.3751387001e-12 -3.0578507716e-18 -3.1456486414e-14 -2.3124446473e-12 -3.1234299552e-14
d  3.3515322975e-03 2.3460724909e+00 0.0000000000e+00 2.3321836566e-05 3.0000000000e+02 -2.3951366103e-12 3.1482627743e-14 2.3321972111e-12 2.3949019957e-12 -3.0911539811e-18 -3.1482638532e-14 -2.3321836336e-12 -3.1235808784e-14
d  3.3539343843e-03 2.3477539516e+00 0.0000000000e+00 2.3561856889e-05 3.0000000000e+02 -2.4191681685e-12 3.1515072650e-14 2.3561851670e-12 2.4189333933e-12 -3.1278415785e-18 -3.1515072304e-14 -2.3561856921e-12 -3.1237670524e-14
d  3.3568168885e-03 2.3497717045e+00 0.0000000000e+00 2.3854531184e-05 3.0000000000e+02 -2.4484719593e-12 3.1539075955e-14 2.3854545572e-12 2.4482369814e-12 -3.1803562109e-18 -3.1539076750e-14 -2.3854531187e-12 -3.1239079449e-14
d  3.3585463910e-03 2.3509823562e+00 0.0000000000e+00 2.4032617628e-05 3.0000000000e+02 -2.4663024600e-12 3.1564140679e-14 2.4032757025e-12 2.4660673539e-12 -3.2117114467e-18 -3.1564152101e-14 -2.4032617382e-12 -3.1240525540e-14
d  3.3606217941e-03 2.3524351382e+00 0.0000000000e+00 2.4248764989e-05 3.0000000000e+02 -2.4879422856e-12 3.1594825625e-14 2.4248768396e-12 2.4877070419e-12 -3.2426927390e-18 -3.1594825886e-14 -2.4248765007e-12 -3.1242278196e-14
d  3.3631122777e-03 2.3541784767e+00 0.0000000000e+00 2.4511688869e-05 3.0000000000e+02 -2.5142639163e-12 3.1610498985e-14 2.4511684304e-12 2.5140284987e-12 -3.2897192297e-18 -3.1610498693e-14 -2.4511688901e-12 -3.1243209465e-14
d  3.3646065679e-03 2.3552244798e+00 0.0000000000e+00 2.4671535689e-05 3.0000000000e+02 -2.5302718935e-12 3.1634442878e-14 2.4672912433e-12 2.5300362888e-12 -3.3454731704e-18 -3.1634573398e-14 -2.4671532703e-12 -3.1244653788e-14
d  3.3663997161e-03 2.3564796835e+00 0.0000000000e+00 2.4864977625e-05 3.0000000000e+02 -2.5496318955e-12 3.1640914305e-14 2.4865024346e-12 2.5493962448e-12 -3.3127469621e-18 -3.1640918453e-14 -2.4864977553e-12 -3.1244895148e-14
d  3.3685514940e-03 2.3579859279e+00 0.0000000000e+00 2.5099998725e-05 3.0000000000e+02 -2.5731606041e-12 3.1679644832e-14 2.5100002716e-12 2.5729248053e-12 -3.3964826642e-18 -3.1679645127e-14 -2.5099998743e-12 -3.1247216965e-14
d  3.3711336274e-03 2.3597934212e+00 0.0000000000e+00 2.5386127923e-05 3.0000000000e+02 -2.6018057852e-12 3.1704219764e-14 2.5386122863e-12 2.6015698061e-12 -3.4369533718e-18 -3.1704219452e-14 -2.5386127957e-12 -3.1248627489e-14
d  3.3726829075e-03 2.3608779172e+00 0.0000000000e+00 2.5560321035e-05 3.0000000000e+02 -2.6192539249e-12 3.1731501044e-14 2.5561575521e-12 2.6190177608e-12 -3.4951836763e-18 -3.1731615711e-14 -2.5560318374e-12 -3.1250259549e-14
d  3.3745420435e-03 2.3621793124e+00 0.0000000000e+00 2.5770994651e-05 3.0000000000e+02 -2.6403335504e-12 3.1745023093e-14 2.5770998554e-12 2.6400973322e-12 -3.4672887541e-18 -3.1745023427e-14 -2.5770994669e-12 -3.1250903856e-14
d  3.3767730068e-03 2.3637409866e+00 0.0000000000e+00 2.6027218231e-05 3.0000000000e+02 -2.6659854189e-12 3.1770835714e-14 2.6027213968e-12 2.6657490451e-12 -3.5544703073e-18 -3.1770835410e-14 -2.6027218265e-12 -3.1252498890e-14
d  3.3794501628e-03 2.3656149957e+00 0.0000000000e+00 2.6339427652e-05 3.0000000000e+02 -2.6972419107e-12 3.1804276432e-14 2.6339432320e-12 2.6970053490e-12 -3.6000191947e-18 -3.1804276709e-14 -2.6339427671e-12 -3.1254411927e-14
d  3.3810564563e-03 2.3667394011e+00 0.0000000000e+00 2.6529277638e-05 3.0000000000e+02 -2.7162483442e-12 3.1825370474e-14 2.6529281530e-12 2.7160116700e-12 -3.6326699213e-18 -3.1825370817e-14 -2.6529277656e-12 -3.1255628864e-14
d  3.3829840086e-03 2.3680886876e+00 0.0000000000e+00 2.6759663589e-05 3.0000000000e+02 -2.7393133190e-12 3.1849520562e-14 2.6759667895e-12 2.7390765099e-12 -3.6729316086e-18 -3.1849520917e-14 -2.6759663607e-12 -3.1257025205e-14
d  3.3852970714e-03 2.3697078315e+00 0.0000000000e+00 2.7039899366e-05 3.0000000000e+02 -2.7673693454e-12 3.1879869713e-14 2.7039893821e-12 2.7671323749e-12 -3.7218862406e-18 -3.1879869331e-14 -2.7039899403e-12 -3.1258777874e-14
d  3.3866849090e-03 2.3706793178e+00 0.0000000000e+00 2.7210053033e-05 3.0000000000e+02 -2.7844045856e-12 3.1898007512e-14 2.7210073139e-12 2.7841675164e-12 -3.7526719041e-18 -3.1898009562e-14 -2.7210053013e-12 -3.1259827609e-14
d  3.3883503142e-03 2.3718451013e+00 0.0000000000e+00 2.7416627473e-05 3.0000000000e+02 -2.8050962857e-12 3.1932644477e-14 2.7418054768e-12 2.8048590079e-12 -3.8217735152e-18 -3.1932780786e-14 -2.7416624281e-12 -3.1261887390e-14
d  3.3903488004e-03 2.3732440416e+00 0.0000000000e+00 2.7666873229e-05 3.0000000000e+02 -2.8301382008e-12 3.1946387760e-14 2.7666877199e-12 2.8299008761e-12 -3.7962278219e-18 -3.1946388076e-14 -2.7666873249e-12 -3.1262536387e-14
d  3.3927469838e-03 2.3749227699e+00 0.0000000000e+00 2.7971683550e-05 3.0000000000e+02 -2.8606549102e-12 3.1980675865e-14 2.7971691643e-12 2.8604174175e-12 -3.8955956345e-18 -3.1980676402e-14 -2.7971683564e-12 -3.1264619424e-14
d  3.3941858939e-03 2.3759300069e+00 0.0000000000e+00 2.8157127816e-05 3.0000000000e+02 -2.8792280502e-12 3.2008793567e-14 2.8158684214e-12 2.8789903523e-12 -3.9548195737e-18 -3.2008946587e-14 -2.8157124228e-12 -3.1266293619e-14
d  3.3959125860e-03 2.3771386913e+00 0.0000000000e+00 2.8381579691e-05 3.0000000000e+02 -2.9016913384e-12 3.2018386864e-14 2.8381584636e-12 2.9014536242e-12 -3.9162657573e-18 -3.2018387319e-14 -2.8381579708e-12 -3.1266684284e-14
d  3.3979846165e-03 2.3785891126e+00 0.0000000000e+00 2.8654444040e-05 3.0000000000e+02 -2.9290097058e-12 3.2056351550e-14 2.8654450762e-12 2.9287718464e-12 -4.0196001689e-18 -3.2056352066e-14 -2.8654444056e-12 -3.1268988678e-14
d  3.4004710531e-03 2.3803296181e+00 0.0000000000e+00 2.8986895915e-05 3.0000000000e+02 -2.9622938562e-12 3.2091097084e-14 2.8986897508e-12 2.9620558232e-12 -4.0690362804e-18 -3.2091097186e-14 -2.8986895941e-12 -3.1270971370e-14
d  3.4019629150e-03 2.3813739214e+00 0.0000000000e+00 2.9189020297e-05 3.0000000000e+02 -2.9825294879e-12 3.2113248371e-14 2.9189018489e-12 2.9822913506e-12 -4.1054883153e-18 -3.2113248199e-14 -2.9189020330e-12 -3.1272248622e-14
d  3.4037531494e-03 2.3826270854e+00 0.0000000000e+00 2.9434246412e-05 3.0000000000e+02 -3.0070800522e-12 3.2139022806e-14 2.9434250233e-12 3.0068417892e-12 -4.1501123149e-18 -3.2139023145e-14 -2.9434246433e-12 -3.1273737077e-14
d  3.4059014306e-03 2.3841308822e+00 0.0000000000e+00 2.9732467237e-05 3.0000000000e+02 -3.0369366509e-12 3.2171752224e-14 2.9732462352e-12 3.0366982381e-12 -4.2044234293e-18 -3.2171751863e-14 -2.9732467276e-12 -3.1275624554e-14
d  3.4084793680e-03 2.3859354383e+00 0.0000000000e+00 3.0096162832e-05 3.0000000000e+02 -3.0733489714e-12 3.2211456771e-14 3.0096170522e-12 3.0731103773e-12 -4.2717893689e-18 -3.2211457244e-14 -3.0096162849e-12 -3.1277916229e-14
d  3.4100261305e-03 2.3870181720e+00 0.0000000000e+00 3.0317498278e-05 3.0000000000e+02 -3.0955087467e-12 3.2236675501e-14 3.0317495202e-12 3.0952700451e-12 -4.3125650241e-18 -3.2236675220e-14 -3.0317498316e-12 -3.1279368772e-14
d  3.4118822455e-03 2.3883174524e+00 0.0000000000e+00 3.0586257158e-05 3.0000000000e+02 -3.1224166901e-12 3.2266411294e-14 3.0586262252e-12 3.1221778580e-12 -4.3631629170e-18 -3.2266411730e-14 -3.0586257178e-12 -3.1281084886e-14
d  3.4141095835e-03 2.3898765889e+00 0.0000000000e+00 3.0913408221e-05 3.0000000000e+02 -3.1551710024e-12 3.2303634061e-14 3.0913403981e-12 3.1549320150e-12 -4.4240524402e-18 -3.2303633759e-14 -3.0913408260e-12 -3.1283229374e-14
d  3.4167823890e-03 2.3917475527e+00 0.0000000000e+00 3.1312778814e-05 3.0000000000e+02 -3.1951550384e-12 3.2347270224e-14 3.1312782958e-12 3.1949158634e-12 -4.4990323426e-18 -3.2347270469e-14 -3.1312778838e-12 -3.1285746374e-14
d  3.4183860724e-03 2.3928701310e+00 0.0000000000e+00 3.1556036103e-05 3.0000000000e+02 -3.2195093131e-12 3.2374755357e-14 3.1556076675e-12 3.2192700232e-12 -4.5456078589e-18 -3.2374758930e-14 -3.1556036045e-12 -3.1287331495e-14
d  3.4203104924e-03 2.3942172249e+00 0.0000000000e+00 3.1851628714e-05 3.0000000000e+02 -3.2491035349e-12 3.2411150994e-14 3.1851633271e-12 3.2488641128e-12 -4.6003142355e-18 -3.2411151369e-14 -3.1851628736e-12 -3.1289420998e-14
d  3.4226197964e-03 2.3958337377e+00 0.0000000000e+00 3.2211767257e-05 3.0000000000e+02 -3.2851604794e-12 3.2447072971e-14 3.2211774856e-12 3.2849208955e-12 -4.6701677816e-18 -3.2447073493e-14 -3.2211767275e-12 -3.1291500948e-14
d  3.4240053788e-03 2.3968036453e+00 0.0000000000e+00 3.2430747488e-05 3.0000000000e+02 -3.3070847094e-12 3.2475730275e-14 3.2430765538e-12 3.3068450277e-12 -4.7123222746e-18 -3.2475732115e-14 -3.2430747475e-12 -3.1293146453e-14
d  3.4256680777e-03 2.3979675345e+00 0.0000000000e+00 3.2696453171e-05 3.0000000000e+02 -3.3336873978e-12 3.2503750145e-14 3.2696449953e-12 3.3334476013e-12 -4.7629756028e-18 -3.2503749838e-14 -3.2696453212e-12 -3.1294762944e-14
d  3.4276633163e-03 2.3993642015e+00 0.0000000000e+00 3.3019600997e-05 3.0000000000e+02 -3.3660413899e-12 3.2538932793e-14 3.3019661293e-12 3.3658014490e-12 -4.8272964997e-18 -3.2538937584e-14 -3.3019600905e-12 -3.1296796635e-14
d  3.4300576027e-03 2.4010402018e+00 0.0000000000e+00 3.3413715127e-05 3.0000000000e+02 -3.4055007267e-12 3.2583693136e-14 3.3413720287e-12 3.4052606223e-12 -4.9020198662e-18 -3.2583693477e-14 -3.3413715151e-12 -3.1299371160e-14
d  3.4314941745e-03 2.4020458021e+00 0.0000000000e+00 3.3653569126e-05 3.0000000000e+02 -3.4295153651e-12 3.2616016755e-14 3.3653566961e-12 3.4292751607e-12 -4.9503983261e-18 -3.2616016542e-14 -3.3653569165e-12 -3.1301228275e-14
d  3.4332180607e-03 2.4032525224e+00 0.0000000000e+00 3.3944799799e-05 3.0000000000e+02 -3.4586736952e-12 3.2644040162e-14 3.3944811895e-12 3.4584333690e-12 -5.0078556790e-18 -3.2644041275e-14 -3.3944799805e-12 -3.1302851448e-14
d  3.4352867242e-03 2.4047005867e+00 0.0000000000e+00 3.4299248651e-05 3.0000000000e+02 -3.4941606158e-12 3.2687014931e-14 3.4299244095e-12 3.4939201461e-12 -5.0766868945e-18 -3.2687014582e-14 -3.4299248694e-12 -3.1305320730e-14
d  3.4365279223e-03 2.4055694253e+00 0.0000000000e+00 3.4514573688e-05 3.0000000000e+02 -3.5157187797e-12 3.2707912416e-14 3.4514591677e-12 3.5154782213e-12 -5.1204064559e-18 -3.2707914462e-14 -3.4514573673e-12 -3.1306532610e-14
d  3.4380173599e-03 2.4066120316e+00 0.0000000000e+00 3.4775645586e-05 3.0000000000e+02 -3.5418571626e-12 3.2740838864e-14 3.4775669116e-12 3.5416164995e-12 -5.1717208075e-18 -3.2740841369e-14 -3.4775645559e-12 -3.1308423002e-14
d  3.4398046851e-03 2.4078631592e+00 0.0000000000e+00 3.5092867812e-05 3.0000000000e+02 -3.5736177360e-12 3.2776321756e-14 3.5092873599e-12 3.5733769492e-12 -5.2348990985e-18 -3.2776322269e-14 -3.5092867834e-12 -3.1310467761e-14
d  3.4419494754e-03 2.4093645123e+00 0.0000000000e+00 3.5479331788e-05 3.0000000000e+02 -3.6123112328e-12 3.2818389926e-14 3.5479334206e-12 3.6120702961e-12 -5.3131133123e-18 -3.2818390104e-14 -3.5479331819e-12 -3.1312896007e-14
d  3.4432363496e-03 2.4102653242e+00 0.0000000000e+00 3.5714307322e-05 3.0000000000e+02 -3.6358375401e-12 3.2846730112e-14 3.5714330814e-12 3.6355965116e-12 -5.3613621659e-18 -3.2846732687e-14 -3.5714307294e-12 -3.1314527730e-14
d  3.4447805985e-03 2.4113462984e+00 0.0000000000e+00 3.5999405593e-05 3.0000000000e+02 -3.6643823927e-12 3.2881554175e-14 3.5999403636e-12 3.6641412582e-12 -5.4182411139e-18 -3.2881553974e-14 -3.5999405634e-12 -3.1316528060e-14
d  3.4466336973e-03 2.4126434675e+00 0.0000000000e+00 3.6346084458e-05 3.0000000000e+02 -3.6990923907e-12 3.2917613722e-14 3.6346089486e-12 3.6988511259e-12 -5.4896295616e-18 -3.2917614152e-14 -3.6346084483e-12 -3.1318613307e-14
d  3.4488574159e-03 2.4142000704e+00 0.0000000000e+00 3.6768842607e-05 3.0000000000e+02 -3.7414198447e-12 3.2967272134e-14 3.6768849506e-12 3.7411784241e-12 -5.5762338611e-18 -3.2967272624e-14 -3.6768842630e-12 -3.1321472192e-14
d  3.4501916470e-03 2.4151340321e+00 0.0000000000e+00 3.7026097607e-05 3.0000000000e+02 -3.7671768204e-12 3.3004444458e-14 3.7026122209e-12 3.7669353048e-12 -5.6299064935e-18 -3.3004447057e-14 -3.7026097579e-12 -3.1323601852e-14
d  3.4517927243e-03 2.4162547862e+00 0.0000000000e+00 3.7338451136e-05 3.0000000000e+02 -3.7984509098e-12 3.3033426803e-14 3.7338448117e-12 3.7982092846e-12 -5.6938339613e-18 -3.3033426505e-14 -3.7338451181e-12 -3.1325281727e-14
d  3.4537140172e-03 2.4175996911e+00 0.0000000000e+00 3.7718641959e-05 3.0000000000e+02 -3.8365172792e-12 3.3076668413e-14 3.7718638313e-12 3.8362755196e-12 -5.7742305129e-18 -3.3076668113e-14 -3.7718642005e-12 -3.1327776720e-14
d  3.4548667928e-03 2.4184066341e+00 0.0000000000e+00 3.7949620678e-05 3.0000000000e+02 -3.8596440023e-12 3.3103975136e-14 3.7949637956e-12 3.8594021600e-12 -5.8233759522e-18 -3.3103977249e-14 -3.7949620665e-12 -3.1329350451e-14
d  3.4562501237e-03 2.4193749656e+00 0.0000000000e+00 3.8229686110e-05 3.0000000000e+02 -3.8876856307e-12 3.3140535820e-14 3.8229705527e-12 3.8874436914e-12 -5.8819319819e-18 -3.3140538044e-14 -3.8229686093e-12 -3.1331448988e-14
d  3.4579101207e-03 2.4205369634e+00 0.0000000000e+00 3.8570006392e-05 3.0000000000e+02 -3.9217607307e-12 3.3180404248e-14 3.8570384601e-12 3.9215186435e-12 -5.9611927014e-18 -3.3180440297e-14 -3.8570005490e-12 -3.1333763060e-14
d  3.4599021171e-03 2.4219313608e+00 0.0000000000e+00 3.8984811521e-05 3.0000000000e+02 -3.9632974365e-12 3.3221380675e-14 3.8984809487e-12 3.9630552435e-12 -6.0375421491e-18 -3.3221380514e-14 -3.8984811564e-12 -3.1336109327e-14
d  3.4610973149e-03 2.4227679993e+00 0.0000000000e+00 3.9237092135e-05 3.0000000000e+02 -3.9885594233e-12 3.3264097546e-14 3.9237109586e-12 3.9883171449e-12 -6.1027954727e-18 -3.3264099604e-14 -3.9237092124e-12 -3.1338571080e-14
d  3.4625315523e-03 2.4237719654e+00 0.0000000000e+00 3.9543259583e-05 3.0000000000e+02 -4.0192172362e-12 3.3304920019e-14 3.9543285316e-12 4.0189748566e-12 -6.1680735929e-18 -3.3304922859e-14 -3.9543259551e-12 -3.1340912885e-14
d  3.4642526372e-03 2.4249767248e+00 0.0000000000e+00 3.9915694203e-05 3.0000000000e+02 -4.0565106285e-12 3.3352094878e-14 3.9915701232e-12 4.0562681302e-12 -6.2496654053e-18 -3.3352095524e-14 -3.9915694225e-12 -3.1343626922e-14
d  3.4663179390e-03 2.4264224360e+00 0.0000000000e+00 4.0370026344e-05 3.0000000000e+02 -4.1020046279e-12 3.3405450181e-14 4.0370020171e-12 4.1017619862e-12 -6.3505956999e-18 -3.3405449710e-14 -4.0370026398e-12 -3.1346705853e-14
d  3.4675571202e-03 2.4272898627e+00 0.0000000000e+00 4.0646559609e-05 3.0000000000e+02 -4.1296941965e-12 3.3445146592e-14 4.0646581743e-12 4.1294514653e-12 -6.4126552801e-18 -3.3445149107e-14 -4.0646559586e-12 -3.1348983228e-14
d  3.4690441375e-03 2.4283307748e+00 0.0000000000e+00 4.0982383425e-05 3.0000000000e+02 -4.1633208830e-12 3.3484443801e-14 4.0982381436e-12 4.1630780501e-12 -6.4861704993e-18 -3.3484443590e-14 -4.0982383471e-12 -3.1351247330e-14
d  3.4708285583e-03 2.4295798693e+00 0.0000000000e+00 4.1391223200e-05 3.0000000000e+02 -4.2042588494e-12 3.3531687382e-14 4.1391229958e-12 4.2040158908e-12 -6.5788499935e-18 -3.3531687980e-14 -4.1391223225e-12 -3.1353976842e-14
d  3.4729698633e-03 2.4310787827e+00 0.0000000000e+00 4.1890442786e-05 3.0000000000e+02 -4.2542463439e-12 3.3594903858e-14 4.1890428140e-12 4.2540032374e-12 -6.6904316463e-18 -3.3594902780e-14 -4.1890442860e-12 -3.1357613370e-14
d  3.4742546463e-03 2.4319781308e+00 0.0000000000e+00 4.2194590194e-05 3.0000000000e+02 -4.2847011876e-12 3.3637535571e-14 4.2194607971e-12 4.2844579880e-12 -6.7609600493e-18 -3.3637537518e-14 -4.2194590186e-12 -3.1360062852e-14
d  3.4757963858e-03 2.4330573484e+00 0.0000000000e+00 4.2564248055e-05 3.0000000000e+02 -4.3217161199e-12 3.3680516918e-14 4.2564244958e-12 4.3214728145e-12 -6.8439848924e-18 -3.3680516601e-14 -4.2564248106e-12 -3.1362541274e-14
d  3.4776464733e-03 2.4343524096e+00 0.0000000000e+00 4.3014734475e-05 3.0000000000e+02 -4.3668248931e-12 3.3733920332e-14 4.3014733073e-12 4.3665814580e-12 -6.9483955734e-18 -3.3733920212e-14 -4.3014734522e-12 -3.1365625234e-14
d  3.4787565258e-03 2.4351294463e+00 0.0000000000e+00 4.3288712374e-05 3.0000000000e+02 -4.3942593284e-12 3.3768674359e-14 4.3288727746e-12 4.3940158138e-12 -7.0123216346e-18 -3.3768676308e-14 -4.3288712368e-12 -3.1367627633e-14
d  3.4800885888e-03 2.4360618904e+00 0.0000000000e+00 4.3621212000e-05 3.0000000000e+02 -4.4275538590e-12 3.3815272964e-14 4.3621228922e-12 4.4273102510e-12 -7.0891839495e-18 -3.3815274972e-14 -4.3621211993e-12 -3.1370302081e-14
d  3.4816870644e-03 2.4371808232e+00 0.0000000000e+00 4.4025688818e-05 3.0000000000e+02 -4.4680561666e-12 3.3866002303e-14 4.4025689590e-12 4.4678124484e-12 -7.1836630254e-18 -3.3866002379e-14 -4.4025688860e-12 -3.1373225072e-14
d  3.4836052351e-03 2.4385235427e+00 0.0000000000e+00 4.4519143414e-05 3.0000000000e+02 -4.5174685882e-12 3.3925849247e-14 4.4519138182e-12 4.5172247363e-12 -7.3003720944e-18 -3.3925848818e-14 -4.4519143471e-12 -3.1376679652e-14
d  3.4847561376e-03 2.4393291743e+00 0.0000000000e+00 4.4819540930e-05 3.0000000000e+02 -4.5475491907e-12 3.3968072120e-14 4.4819555417e-12 4.5473052562e-12 -7.3725652186e-18 -3.3968073890e-14 -4.4819540930e-12 -3.1379106368e-14
d  3.4861372205e-03 2.4402959323e+00 0.0000000000e+00 4.5184399489e-05 3.0000000000e+02 -4.5840849527e-12 3.4014328446e-14 4.5184418405e-12 4.5838409211e-12 -7.4592237820e-18 -3.4014330609e-14 -4.5184399478e-12 -3.1381771646e-14
d  3.4877945200e-03 2.4414560419e+00 0.0000000000e+00 4.5628678252e-05 3.0000000000e+02 -4.6285738927e-12 3.4073308333e-14 4.5628684948e-12 4.6283297464e-12 -7.5659118676e-18 -3.4073308970e-14 -4.5628678280e-12 -3.1385166347e-14
d  3.4897832794e-03 2.4428481734e+00 0.0000000000e+00 4.6171347175e-05 3.0000000000e+02 -4.6829157872e-12 3.4139120708e-14 4.6171314164e-12 4.6826715058e-12 -7.6972780984e-18 -3.4139118098e-14 -4.6171347299e-12 -3.1388967334e-14
d  3.4909765350e-03 2.4436834523e+00 0.0000000000e+00 4.6502057348e-05 3.0000000000e+02 -4.7160325740e-12 3.4192575024e-14 4.6502073237e-12 4.7157882039e-12 -7.7803216833e-18 -3.4192576895e-14 -4.6502057346e-12 -3.1392031400e-14
d  3.4924084418e-03 2.4446857870e+00 0.0000000000e+00 4.6904098566e-05 3.0000000000e+02 -4.7562929951e-12 3.4238421787e-14 4.6904096885e-12 4.7560485267e-12 -7.8773218215e-18 -3.4238421601e-14 -4.6904098618e-12 -3.1394683026e-14
d  3.4941267299e-03 2.4458885886e+00 0.0000000000e+00 4.7394199986e-05 3.0000000000e+02 -4.8053719519e-12 3.4299280608e-14 4.7394170565e-12 4.8051273662e-12 -7.9993052501e-18 -3.4299277913e-14 -4.7394200110e-12 -3.1398199217e-14
d  3.4951577027e-03 2.4466102696e+00 0.0000000000e+00 4.7692351955e-05 3.0000000000e+02 -4.8352291109e-12 3.4342595465e-14 4.7692355223e-12 4.8349844495e-12 -8.0754581008e-18 -3.4342595910e-14 -4.7692351991e-12 -3.1400691389e-14
d  3.4963948702e-03 2.4474762868e+00 0.0000000000e+00 4.8054276863e-05 3.0000000000e+02 -4.8714728361e-12 3.4388871307e-14 4.8054288084e-12 4.8712280872e-12 -8.1653530436e-18 -3.4388872739e-14 -4.8054276874e-12 -3.1403360363e-14
d  3.4978794711e-03 2.4485155074e+00 0.0000000000e+00 4.8494668017e-05 3.0000000000e+02 -4.9155743405e-12 3.4450901209e-14 4.8494666131e-12 4.9153294892e-12 -8.2763099403e-18 -3.4450901008e-14 -4.8494668071e-12 -3.1406928419e-14
d  3.4996609922e-03 2.4497625721e+00 0.0000000000e+00 4.9032079693e-05 3.0000000000e+02 -4.9693913538e-12 3.4517316521e-14 4.9032079112e-12 4.9691463776e-12 -8.4129402953e-18 -3.4517316470e-14 -4.9032079744e-12 -3.1410768684e-14
d  3.5007299049e-03 2.4505108109e+00 0.0000000000e+00 4.9359324975e-05 3.0000000000e+02 -5.0021622561e-12 3.4563157320e-14 4.9359352394e-12 5.0019172018e-12 -8.4978699354e-18 -3.4563160923e-14 -4.9359324932e-12 -3.1413409743e-14
d  3.5020126001e-03 2.4514086975e+00 0.0000000000e+00 4.9756881945e-05 3.0000000000e+02 -5.0419746039e-12 3.4624910218e-14 4.9756891075e-12 5.0417294620e-12 -8.5989537086e-18 -3.4624911340e-14 -4.9756881966e-12 -3.1416949502e-14
d  3.5035518344e-03 2.4524861614e+00 0.0000000000e+00 5.0241124783e-05 3.0000000000e+02 -5.0904687500e-12 3.4684451463e-14 5.0241110742e-12 5.0902235030e-12 -8.7252740194e-18 -3.4684450028e-14 -5.0241124873e-12 -3.1420397154e-14
d  3.5053989155e-03 2.4537791181e+00 0.0000000000e+00 5.0832792590e-05 3.0000000000e+02 -5.1497205576e-12 3.4765192966e-14 5.0832753546e-12 5.1494751841e-12 -8.8798127130e-18 -3.4765189649e-14 -5.0832792742e-12 -3.1425052246e-14
d  3.5065071641e-03 2.4545548922e+00 0.0000000000e+00 5.1193476689e-05 3.0000000000e+02 -5.1858411557e-12 3.4817763466e-14 5.1193496082e-12 5.1855956978e-12 -8.9774860573e-18 -3.4817765921e-14 -5.1193476676e-12 -3.1428082232e-14
d  3.5078370625e-03 2.4554858210e+00 0.0000000000e+00 5.1632076721e-05 3.0000000000e+02 -5.2297652013e-12 3.4880748184e-14 5.1632081777e-12 5.2295196521e-12 -9.0919001702e-18 -3.4880748783e-14 -5.1632076757e-12 -3.1431704093e-14
d  3.5094329406e-03 2.4566029356e+00 0.0000000000e+00 5.2166940119e-05 3.0000000000e+02 -5.2833305740e-12 3.4948746542e-14 5.2166945117e-12 5.2830849131e-12 -9.2366601970e-18 -3.4948747034e-14 -5.2166940157e-12 -3.1435643211e-14
d  3.5113479943e-03 2.4579434731e+00 0.0000000000e+00 5.2821461474e-05 3.0000000000e+02 -5.3488802009e-12 3.5037071140e-14 5.2821459899e-12 5.3486344068e-12 -9.4142057974e-18 -3.5037071011e-14 -5.2821461531e-12 -3.1440746173e-14
d  3.5124970265e-03 2.4587477956e+00 0.0000000000e+00 5.3220998030e-05 3.0000000000e+02 -5.3888936680e-12 3.5094744955e-14 5.3220992404e-12 5.3886477939e-12 -9.5244826070e-18 -3.5094744269e-14 -5.3220998102e-12 -3.1444071841e-14
d  3.5138758651e-03 2.4597129826e+00 0.0000000000e+00 5.3707393795e-05 3.0000000000e+02 -5.4376066623e-12 3.5178020485e-14 5.3707393812e-12 5.4373606910e-12 -9.6594064018e-18 -3.5178020487e-14 -5.3707393849e-12 -3.1448845375e-14
d  3.5155304715e-03 2.4608712070e+00 0.0000000000e+00 5.4301379122e-05 3.0000000000e+02 -5.4970962720e-12 3.5244946961e-14 5.4301384874e-12 5.4968501841e-12 -9.8254618907e-18 -3.5244947506e-14 -5.4301379160e-12 -3.1452750291e-14
d  3.5165232353e-03 2.4615661417e+00 0.0000000000e+00 5.4663301847e-05 3.0000000000e+02 -5.5333440230e-12 3.5300147434e-14 5.4663322376e-12 5.5330978637e-12 -9.9284616247e-18 -3.5300150334e-14 -5.4663301826e-12 -3.1455931053e-14
d  3.5177145519e-03 2.4624000632e+00 0.0000000000e+00 5.5103224610e-05 3.0000000000e+02 -5.5774040687e-12 3.5381375619e-14 5.5103226118e-12 5.5771578285e-12 -1.0052503236e-17 -3.5381375819e-14 -5.5103224660e-12 -3.1460576597e-14
d  3.5191441318e-03 2.4634007691e+00 0.0000000000e+00 5.5639434220e-05 3.0000000000e+02 -5.6311090603e-12 3.5451443995e-14 5.5639435777e-12 5.6308627200e-12 -1.0207282960e-17 -3.5451444167e-14 -5.5639434271e-12 -3.1464643662e-14
d  3.5208596277e-03 2.4646016162e+00 0.0000000000e+00 5.6295204839e-05 3.0000000000e+02 -5.6967895296e-12 3.5538975237e-14 5.6295154920e-12 5.6965430758e-12 -1.0396368746e-17 -3.5538970680e-14 -5.6295205036e-12 -3.1469717189e-14
d  3.5218889253e-03 2.4653221244e+00 0.0000000000e+00 5.6695287391e-05 3.0000000000e+02 -5.7368611840e-12 3.5609762387e-14 5.6695292784e-12 5.7366146510e-12 -1.0516875642e-17 -3.5609763121e-14 -5.6695287428e-12 -3.1473784542e-14
d  3.5231240823e-03 2.4661867343e+00 0.0000000000e+00 5.7182132457e-05 3.0000000000e+02 -5.7856235711e-12 3.5673215030e-14 5.7182109671e-12 5.7853769555e-12 -1.0657930783e-17 -3.5673212128e-14 -5.7182132593e-12 -3.1477465492e-14
d  3.5246062708e-03 2.4672242662e+00 0.0000000000e+00 5.7776326967e-05 3.0000000000e+02 -5.8451385773e-12 3.5779068365e-14 5.7776256394e-12 5.8448918643e-12 -1.0835726681e-17 -3.5779060898e-14 -5.7776327245e-12 -3.1483540923e-14
d  3.5263848969e-03 2.4684693044e+00 0.0000000000e+00 5.8504212381e-05 3.0000000000e+02 -5.9180459496e-12 3.5885124457e-14 5.8504210117e-12 5.9177991029e-12 -1.1057887972e-17 -3.5885124258e-14 -5.8504212446e-12 -3.1489685123e-14
d  3.5274520726e-03 2.4692163274e+00 0.0000000000e+00 5.8948952850e-05 3.0000000000e+02 -5.9625933121e-12 3.5945120980e-14 5.8948953037e-12 5.9623463905e-12 -1.1192923419e-17 -3.5945121004e-14 -5.8948952909e-12 -3.1493169659e-14
d  3.5287326834e-03 2.4701127549e+00 0.0000000000e+00 5.9490818939e-05 3.0000000000e+02 -6.0168696723e-12 3.6030528065e-14 5.9490819073e-12 6.0166226610e-12 -1.1360460560e-17 -3.6030528081e-14 -5.9490818998e-12 -3.1498101998e-14
d  3.5302694164e-03 2.4711884679e+00 0.0000000000e+00 6.0153193158e-05 3.0000000000e+02 -6.0832178080e-12 3.6136072808e-14 6.0153187500e-12 6.0829706899e-12 -1.1566861694e-17 -3.6136072232e-14 -6.0153193236e-12 -3.1504196538e-14
d  3.5311914562e-03 2.4718338958e+00 0.0000000000e+00 6.0557141182e-05 3.0000000000e+02 -6.1236806260e-12 3.6200947716e-14 6.0557138484e-12 6.1234334430e-12 -1.1695087341e-17 -3.6200947306e-14 -6.0557141253e-12 -3.1507944670e-14
d  3.5322979040e-03 2.4726084091e+00 0.0000000000e+00 6.1048518740e-05 3.0000000000e+02 -6.1729017045e-12 3.6289974012e-14 6.1048523698e-12 6.1726544429e-12 -1.1851446293e-17 -3.6289974717e-14 -6.1048518782e-12 -3.1513062916e-14
d  3.5336256413e-03 2.4735378252e+00 0.0000000000e+00 6.1648005078e-05 3.0000000000e+02 -6.2329533075e-12 3.6372757886e-14 6.1648008249e-12 6.2327059533e-12 -1.2043688742e-17 -3.6372758261e-14 -6.1648005129e-12 -3.1517882645e-14
d  3.5352189260e-03 2.4746531245e+00 0.0000000000e+00 6.2382006041e-05 3.0000000000e+02 -6.3064802466e-12 3.6495357883e-14 6.2381969402e-12 6.3062327866e-12 -1.2281512756e-17 -3.6495354290e-14 -6.2382006216e-12 -3.1524959964e-14
d  3.5361748969e-03 2.4753223041e+00 0.0000000000e+00 6.2830281462e-05 3.0000000000e+02 -6.3513858790e-12 3.6573382733e-14 6.2830242489e-12 6.3511383527e-12 -1.2430643493e-17 -3.6573377030e-14 -6.2830281680e-12 -3.1529462363e-14
d  3.5373220619e-03 2.4761253195e+00 0.0000000000e+00 6.3376250406e-05 3.0000000000e+02 -6.4060788016e-12 3.6674325394e-14 6.3376251560e-12 6.4058311889e-12 -1.2613059647e-17 -3.6674325552e-14 -6.3376250465e-12 -3.1535273749e-14
d  3.5386986600e-03 2.4770889381e+00 0.0000000000e+00 6.4043350424e-05 3.0000000000e+02 -6.4729077170e-12 3.6766373225e-14 6.4043349565e-12 6.4726600082e-12 -1.2835579787e-17 -3.6766373127e-14 -6.4043350491e-12 -3.1540645447e-14
d  3.5403505776e-03 2.4782452804e+00 0.0000000000e+00 6.4861669334e-05 3.0000000000e+02 -6.5548863763e-12 3.6910503990e-14 6.4861555333e-12 6.5546385687e-12 -1.3112223057e-17 -3.6910493234e-14 -6.4861669749e-12 -3.1548962220e-14
d  3.5413417282e-03 2.4789390858e+00 0.0000000000e+00 6.5362241935e-05 3.0000000000e+02 -6.6050337385e-12 3.7005528181e-14 6.5362242172e-12 6.6047858446e-12 -1.3290841365e-17 -3.7005528215e-14 -6.5362241999e-12 -3.1554446220e-14
d  3.5425311089e-03 2.4797716522e+00 0.0000000000e+00 6.5972748996e-05 3.0000000000e+02 -6.6661955271e-12 3.7095858958e-14 6.5972711369e-12 6.6659475558e-12 -1.3497330194e-17 -3.7095853998e-14 -6.5972749204e-12 -3.1559698872e-14
d  3.5439583657e-03 2.4807707320e+00 0.0000000000e+00 6.6719968372e-05 3.0000000000e+02 -6.7410546709e-12 3.7234234350e-14 6.6719965181e-12 6.7408065943e-12 -1.3763618922e-17 -3.7234234001e-14 -6.6719968449e-12 -3.1567689938e-14
d  3.5448147198e-03 2.4813701798e+00 0.0000000000e+00 6.7176176996e-05 3.0000000000e+02 -6.7867603252e-12 3.7308325826e-14 6.7176156282e-12 6.7865121916e-12 -1.3925365963e-17 -3.7308322443e-14 -6.7176177154e-12 -3.1571991331e-14
d  3.5458423448e-03 2.4820895172e+00 0.0000000000e+00 6.7731669335e-05 3.0000000000e+02 -6.8424133834e-12 3.7417073592e-14 6.7731606828e-12 6.8421651846e-12 -1.4125229203e-17 -3.7417064040e-14 -6.7731669666e-12 -3.1578256048e-14
d  3.5470754947e-03 2.4829527221e+00 0.0000000000e+00 6.8410198951e-05 3.0000000000e+02 -6.9103950052e-12 3.7541581206e-14 6.8410199590e-12 6.9101467099e-12 -1.4375499628e-17 -3.7541581287e-14 -6.8410199017e-12 -3.1585461952e-14
d  3.5485552746e-03 2.4839885680e+00 0.0000000000e+00 6.9242263909e-05 3.0000000000e+02 -6.9937614748e-12 3.7675211988e-14 6.9242239288e-12 6.9935130799e-12 -1.4680028922e-17 -3.7675209395e-14 -6.9242264061e-12 -3.1593240612e-14
d  3.5494431425e-03 2.4846100755e+00 0.0000000000e+00 6.9751133422e-05 3.0000000000e+02 -7.0447469647e-12 3.7773459140e-14 6.9751073178e-12 7.0444985139e-12 -1.4872040194e-17 -3.7773449663e-14 -6.9751133753e-12 -3.1598917194e-14
d  3.5505085840e-03 2.4853558846e+00 0.0000000000e+00 7.0371642118e-05 3.0000000000e+02 -7.1069193228e-12 3.7901755357e-14 7.0371641256e-12 7.1066707874e-12 -1.5110591918e-17 -3.7901755230e-14 -7.0371642192e-12 -3.1606316796e-14
d  3.5517871139e-03 2.4862508554e+00 0.0000000000e+00 7.1130952427e-05 3.0000000000e+02 -7.1830012836e-12 3.8024577929e-14 7.1130945940e-12 7.1827526596e-12 -1.5399443210e-17 -3.8024577137e-14 -7.1130952522e-12 -3.1613481172e-14
d  3.5533213497e-03 2.4873248204e+00 0.0000000000e+00 7.2064105825e-05 3.0000000000e+02 -7.2765035443e-12 3.8205504255e-14 7.2064058362e-12 7.2762548197e-12 -1.5762868057e-17 -3.8205499446e-14 -7.2064106058e-12 -3.1623951095e-14
d  3.5542418911e-03 2.4879691994e+00 0.0000000000e+00 7.2635909375e-05 3.0000000000e+02 -7.3337996907e-12 3.8316429874e-14 7.2635821684e-12 7.3335509090e-12 -1.5990486594e-17 -3.8316416592e-14 -7.2635909824e-12 -3.1630376483e-14
d  3.5553465409e-03 2.4887424542e+00 0.0000000000e+00 7.3334325530e-05 3.0000000000e+02 -7.4037844361e-12 3.8464478664e-14 7.3334323582e-12 7.4035355622e-12 -1.6274764368e-17 -3.8464478388e-14 -7.3334325611e-12 -3.1638929774e-14
d  3.5566721206e-03 2.4896703600e+00 0.0000000000e+00 7.4190749194e-05 3.0000000000e+02 -7.4896051675e-12 3.8613095203e-14 7.4190736695e-12 7.4893562026e-12 -1.6619446222e-17 -3.8613093734e-14 -7.4190749314e-12 -3.1647595441e-14
d  3.5582628163e-03 2.4907838469e+00 0.0000000000e+00 7.5246033017e-05 3.0000000000e+02 -7.5953563356e-12 3.8828032603e-14 7.5246047672e-12 7.5951072547e-12 -1.7058600759e-17 -3.8828034031e-14 -7.5246033042e-12 -3.1660049847e-14
d  3.5592172337e-03 2.4914519390e+00 0.0000000000e+00 7.5894215182e-05 3.0000000000e+02 -7.6603133285e-12 3.8956405988e-14 7.5894082546e-12 7.6600642074e-12 -1.7329265235e-17 -3.8956386651e-14 -7.5894215824e-12 -3.1667495023e-14
d  3.5603625346e-03 2.4922536496e+00 0.0000000000e+00 7.6687544988e-05 3.0000000000e+02 -7.7398183489e-12 3.9139254902e-14 7.6687559558e-12 7.7395691209e-12 -1.7679579992e-17 -3.9139256888e-14 -7.6687545004e-12 -3.1678064391e-14
d  3.5617368957e-03 2.4932157023e+00 0.0000000000e+00 7.7662851393e-05 3.0000000000e+02 -7.8375642472e-12 3.9316528441e-14 7.7662719481e-12 7.8373149496e-12 -1.8094299426e-17 -3.9316513528e-14 -7.7662851963e-12 -3.1688406948e-14
d  3.5633861289e-03 2.4943701655e+00 0.0000000000e+00 7.8868510401e-05 3.0000000000e+02 -7.9584006746e-12 3.9582357942e-14 7.8868503849e-12 7.9581512388e-12 -1.8639344721e-17 -3.9582357328e-14 -7.8868510502e-12 -3.1703823440e-14
d  3.5643756689e-03 2.4950628435e+00 0.0000000000e+00 7.9611333865e-05 3.0000000000e+02 -8.0328549232e-12 3.9739808172e-14 7.9611330332e-12 8.0326054176e-12 -1.8979126217e-17 -3.9739807677e-14 -7.9611333960e-12 -3.1712975393e-14
d  3.5655631168e-03 2.4958940570e+00 0.0000000000e+00 8.0522912816e-05 3.0000000000e+02 -8.1242262815e-12 3.9941628898e-14 8.0522718319e-12 8.1239767291e-12 -1.9398705152e-17 -3.9941603392e-14 -8.0522913698e-12 -3.1724682103e-14
d  3.5669880544e-03 2.4968915132e+00 0.0000000000e+00 8.1647272075e-05 3.0000000000e+02 -8.2369291528e-12 4.0207488159e-14 8.1647040605e-12 8.2366795079e-12 -1.9936701001e-17 -4.0207463001e-14 -8.1647273026e-12 -3.1740091980e-14
d  3.5686979795e-03 2.4980884607e+00 0.0000000000e+00 8.3042933877e-05 3.0000000000e+02 -8.3768334024e-12 4.0519548054e-14 8.3042920275e-12 8.3765835962e-12 -2.0616595871e-17 -4.0519546830e-14 -8.3042934008e-12 -3.1758254022e-14
d  3.5697239345e-03 2.4988066292e+00 0.0000000000e+00 8.3905883855e-05 3.0000000000e+02 -8.4633412664e-12 4.0711262681e-14 8.3905877154e-12 8.4630913871e-12 -2.1044061678e-17 -4.0711261777e-14 -8.3905883968e-12 -3.1769421753e-14
d  3.5709550805e-03 2.4996684314e+00 0.0000000000e+00 8.4968162067e-05 3.0000000000e+02 -8.5698349412e-12 4.0963499850e-14 8.4968130065e-12 8.5695849807e-12 -2.1582549062e-17 -4.0963495815e-14 -8.4968162285e-12 -3.1784084841e-14
d  3.5714290000e-03 2.5000001750e+00 0.0000000000e+00 8.5385108842e-05 3.0000000000e+02 -8.6116352834e-12 4.1066330402e-14 8.5385115645e-12 8.6113852818e-12 -2.1803013788e-17 -4.1066332273e-14 -8.5385108881e-12 -3.1790065788e-14
d  3.5719977034e-03 2.5003982673e+00 0.0000000000e+00 8.5891551992e-05 3.0000000000e+02 -8.6624090933e-12 4.1184110208e-14 8.5891932867e-12 8.6621589681e-12 -2.2084051034e-17 -4.1184215743e-14 -8.5891549448e-12 -3.1796975456e-14
d  3.5726801474e-03 2.5008759781e+00 0.0000000000e+00 8.6508324643e-05 3.0000000000e+02 -8.7242451567e-12 4.1324981870e-14 8.6508317760e-12 8.7239950706e-12 -2.2363017218e-17 -4.1324980286e-14 -8.6508324771e-12 -3.1805099573e-14
d  3.5734990802e-03 2.5014492311e+00 0.0000000000e+00 8.7261867897e-05 3.0000000000e+02 -8.7997956385e-12 4.1524881668e-14 8.7261803275e-12 8.7995455074e-12 -2.2792562297e-17 -4.1524869313e-14 -8.7261868331e-12 -3.1816743628e-14
d  3.5744817997e-03 2.5021371347e+00 0.0000000000e+00 8.8186188018e-05 3.0000000000e+02 -8.8924716675e-12 4.1757464468e-14 8.8186184278e-12 8.8922214545e-12 -2.3291054106e-17 -4.1757463875e-14 -8.8186188124e-12 -3.1830271030e-14
d  3.5756610630e-03 2.5029626189e+00 0.0000000000e+00 8.9325615531e-05 3.0000000000e+02 -9.0067203491e-12 4.2036186883e-14 8.9325608164e-12 9.0064700544e-12 -2.3915968945e-17 -4.2036185914e-14 -8.9325615652e-12 -3.1846525189e-14
d  3.5770761789e-03 2.5039532000e+00 0.0000000000e+00 9.0738996543e-05 3.0000000000e+02 -9.1484456301e-12 4.2403344029e-14 9.0738981056e-12 9.1481952381e-12 -2.4715926812e-17 -4.2403342343e-14 -9.0738996695e-12 -3.1867905159e-14
d  3.5779252485e-03 2.5045475487e+00 0.0000000000e+00 9.1612422098e-05 3.0000000000e+02 -9.2360332900e-12 4.2634919214e-14 9.1612418589e-12 9.2357828361e-12 -2.5229170568e-17 -4.2634918641e-14 -9.1612422207e-12 -3.1881405219e-14
d  3.5789441320e-03 2.5052607671e+00 0.0000000000e+00 9.2687083344e-05 3.0000000000e+02 -9.3438050756e-12 4.2922237185e-14 9.2686821177e-12 9.3435546078e-12 -2.5857538449e-17 -4.2922197182e-14 -9.2687084696e-12 -3.1898135365e-14
d  3.5801667922e-03 2.5061166292e+00 0.0000000000e+00 9.4017052085e-05 3.0000000000e+02 -9.4771876063e-12 4.3304449974e-14 9.4016925821e-12 9.4769370229e-12 -2.6677581203e-17 -4.3304434015e-14 -9.4017052732e-12 -3.1920386171e-14
d  3.5809003883e-03 2.5066301465e+00 0.0000000000e+00 9.4837177258e-05 3.0000000000e+02 -9.5594424246e-12 4.3516798970e-14 9.4837059711e-12 9.5591917889e-12 -2.7183525905e-17 -4.3516776708e-14 -9.4837178001e-12 -3.1932821223e-14
d  3.5817807036e-03 2.5072463672e+00 0.0000000000e+00 9.5844406348e-05 3.0000000000e+02 -9.6604667048e-12 4.3809486306e-14 9.5844212980e-12 9.6602160251e-12 -2.7817982275e-17 -4.3809452071e-14 -9.5844407473e-12 -3.1949863653e-14
d  3.5828370820e-03 2.5079858320e+00 0.0000000000e+00 9.7088152061e-05 3.0000000000e+02 -9.7852224213e-12 4.4170905859e-14 9.7088143367e-12 9.7849716247e-12 -2.8632816204e-17 -4.4170904583e-14 -9.7088152200e-12 -3.1970972480e-14
d  3.5841047361e-03 2.5088731898e+00 0.0000000000e+00 9.8634419818e-05 3.0000000000e+02 -9.9403352654e-12 4.4612170921e-14 9.8634099239e-12 9.9400844536e-12 -2.9647414139e-17 -4.4612131986e-14 -9.8634421333e-12 -3.1996762996e-14
d  3.5848653285e-03 2.5094056045e+00 0.0000000000e+00 9.9591829241e-05 3.0000000000e+02 -1.0036382766e-11 4.4923348113e-14 9.9591617882e-12 1.0036131876e-11 -3.0323071001e-17 -4.4923309604e-14 -9.9591830504e-12 -3.2014897437e-14
d  3.5857780395e-03 2.5100445021e+00 0.0000000000e+00 1.0077192702e-04 3.0000000000e+02 -1.0154778060e-11 4.5280749481e-14 1.0077192161e-11 1.0154527057e-11 -3.1150008603e-17 -4.5280748559e-14 -1.0077192715e-11 -3.2035807716e-14
d  3.5868732926e-03 2.5108111793e+00 0.0000000000e+00 1.0223566421e-04 3.0000000000e+02 -1.0301639318e-11 4.5723340135e-14 1.0223564828e-11 1.0301388240e-11 -3.2190926182e-17 -4.5723337889e-14 -1.0223566439e-11 -3.2061726989e-14
d  3.5881875964e-03 2.5117311919e+00 0.0000000000e+00 1.0406563398e-04 3.0000000000e+02 -1.0485259740e-11 4.6315994674e-14 1.0406561121e-11 1.0485008572e-11 -3.3546002991e-17 -4.6315992018e-14 -1.0406563419e-11 -3.2096378181e-14
d  3.5889761786e-03 2.5122831994e+00 0.0000000000e+00 1.0520451514e-04 3.0000000000e+02 -1.0599545249e-11 4.6690854241e-14 1.0520450905e-11 1.0599294023e-11 -3.4424737167e-17 -4.6690853174e-14 -1.0520451527e-11 -3.2118331133e-14
d  3.5899224773e-03 2.5129456085e+00 0.0000000000e+00 1.0661461688e-04 3.0000000000e+02 -1.0741057867e-11 4.7163430179e-14 1.0661460568e-11 1.0740806576e-11 -3.5530440568e-17 -4.7163428346e-14 -1.0661461704e-11 -3.2146007103e-14
d  3.5910580357e-03 2.5137404993e+00 0.0000000000e+00 1.0837373426e-04 3.0000000000e+02 -1.0917611359e-11 4.7768730018e-14 1.0837370611e-11 1.0917359992e-11 -3.6949358953e-17 -4.7768726206e-14 -1.0837373450e-11 -3.2181464680e-14
d  3.5917393708e-03 2.5142174339e+00 0.0000000000e+00 1.0946637314e-04 3.0000000000e+02 -1.1027282640e-11 4.8153709198e-14 1.0946619780e-11 1.1027031265e-11 -3.7860598614e-17 -4.8153673554e-14 -1.0946637432e-11 -3.2204026254e-14
d  3.5925569729e-03 2.5147897553e+00 0.0000000000e+00 1.1081684473e-04 3.0000000000e+02 -1.1162842706e-11 4.8641786094e-14 1.1081686507e-11 1.1162591222e-11 -3.9027818080e-17 -4.8641789958e-14 -1.1081684472e-11 -3.2232668590e-14
d  3.5935380954e-03 2.5154765410e+00 0.0000000000e+00 1.1249782088e-04 3.0000000000e+02 -1.1331593228e-11 4.9247441951e-14 1.1249780962e-11 1.1331341684e-11 -4.0486441553e-17 -4.9247440180e-14 -1.1249782105e-11 -3.2268215696e-14
d  3.5947154424e-03 2.5163006838e+00 0.0000000000e+00 1.1460905205e-04 3.0000000000e+02 -1.1543559320e-11 5.0045971670e-14 1.1460903788e-11 1.1543307694e-11 -4.2406252379e-17 -5.0045969828e-14 -1.1460905224e-11 -3.2315090624e-14
d  3.5954218506e-03 2.5167951696e+00 0.0000000000e+00 1.1592848142e-04 3.0000000000e+02 -1.1676043011e-11 5.0555154715e-14 1.1592841638e-11 1.1675791350e-11 -4.3658286284e-17 -5.0555142003e-14 -1.1592848194e-11 -3.2345024937e-14
d  3.5962695404e-03 2.5173885524e+00 0.0000000000e+00 1.1756822177e-04 3.0000000000e+02 -1.1840704496e-11 5.1205901064e-14 1.1756814488e-11 1.1840452779e-11 -4.5251836803e-17 -5.1205887026e-14 -1.1756822234e-11 -3.2383279308e-14
d  3.5972867682e-03 2.5181006118e+00 0.0000000000e+00 1.1962395525e-04 3.0000000000e+02 -1.2047167013e-11 5.2043402227e-14 1.1962393047e-11 1.2046915210e-11 -4.7320204456e-17 -5.2043398485e-14 -1.1962395551e-11 -3.2432550971e-14
d  3.5985074416e-03 2.5189550831e+00 0.0000000000e+00 1.2223006630e-04 3.0000000000e+02 -1.2308943054e-11 5.3137427982e-14 1.2223004358e-11 1.2308691166e-11 -5.0049981429e-17 -5.3137425149e-14 -1.2223006654e-11 -3.2496966199e-14
d  3.5992398456e-03 2.5194677659e+00 0.0000000000e+00 1.2387276643e-04 3.0000000000e+02 -1.2473969810e-11 5.3851132125e-14 1.2387265817e-11 1.2473717896e-11 -5.1866775410e-17 -5.3851111801e-14 -1.2387276723e-11 -3.2539047040e-14
d  3.6001187304e-03 2.5200829853e+00 0.0000000000e+00 1.2592996258e-04 3.0000000000e+02 -1.2680661569e-11 5.4770856758e-14 1.2592962172e-11 1.2680409666e-11 -5.4198109452e-17 -5.4770797012e-14 -1.2592996477e-11 -3.2593265376e-14
d  3.6011733922e-03 2.5208212485e+00 0.0000000000e+00 1.2853470592e-04 3.0000000000e+02 -1.2942407976e-11 5.5972583170e-14 1.2853468459e-11 1.2942155901e-11 -5.7294790128e-17 -5.5972580082e-14 -1.2853470617e-11 -3.2664221935e-14
d  3.6024389863e-03 2.5217071643e+00 0.0000000000e+00 1.3188034117e-04 3.0000000000e+02 -1.3278671190e-11 5.7563447938e-14 1.3187968756e-11 1.3278419234e-11 -6.1429459135e-17 -5.7563369981e-14 -1.3188034478e-11 -3.2758198697e-14
d  3.6031983428e-03 2.5222387139e+00 0.0000000000e+00 1.3401494841e-04 3.0000000000e+02 -1.3493257361e-11 5.8643013550e-14 1.3401476584e-11 1.3493005197e-11 -6.4312684136e-17 -5.8642980667e-14 -1.3401494971e-11 -3.2822128227e-14
d  3.6041095706e-03 2.5228765733e+00 0.0000000000e+00 1.3671810582e-04 3.0000000000e+02 -1.3765043604e-11 6.0010315276e-14 1.3671780785e-11 1.3764791417e-11 -6.7996516951e-17 -6.0010265207e-14 -1.3671810781e-11 -3.2903141256e-14
d  3.6052030439e-03 2.5236420046e+00 0.0000000000e+00 1.4019151876e-04 3.0000000000e+02 -1.4114348757e-11 6.1865293507e-14 1.4019099003e-11 1.4114096578e-11 -7.3016528016e-17 -6.1865220268e-14 -1.4019152200e-11 -3.3013115551e-14
d  3.6065152119e-03 2.5245605221e+00 0.0000000000e+00 1.4474269190e-04 3.0000000000e+02 -1.4572168825e-11 6.4413473062e-14 1.4474284304e-11 1.4571916313e-11 -8.0066485276e-17 -6.4413490261e-14 -1.4474269119e-11 -3.3164492128e-14
d  3.6080898135e-03 2.5256627432e+00 0.0000000000e+00 1.5087096451e-04 3.0000000000e+02 -1.5188869801e-11 6.8043344519e-14 1.5087082503e-11 1.5188617291e-11 -9.0348378020e-17 -6.8043331550e-14 -1.5087096544e-11 -3.3380559631e-14
d  3.6099793355e-03 2.5269854085e+00 0.0000000000e+00 1.5946074830e-04 3.0000000000e+02 -1.6053738909e-11 7.3595876107e-14 1.5946058972e-11 1.6053486281e-11 -1.0655049503e-16 -7.3595864162e-14 -1.5946074937e-11 -3.3711998945e-14
d  3.6122467618e-03 2.5285726068e+00 0.0000000000e+00 1.7229260342e-04 3.0000000000e+02 -1.7346742062e-11 8.2829833509e-14 1.7229182579e-11 1.7346489610e-11 -1.3475264263e-16 -8.2829786854e-14 -1.7229260848e-11 -3.4265579702e-14
d  3.6149676733e-03 2.5304772448e+00 0.0000000000e+00 1.9379837352e-04 3.0000000000e+02 -1.9516520377e-11 1.0088717543e-13 1.9379801691e-11 1.9516267571e-11 -1.9373577699e-16 -1.0088715908e-13 -1.9379837643e-11 -3.5355474676e-14
d  3.6157839468e-03 2.5310486362e+00 0.0000000000e+00 2.0209153359e-04 3.0000000000e+02 -2.0354247822e-11 1.0877781642e-13 2.0209135742e-11 2.0353994812e-11 -2.2556224340e-16 -1.0877779121e-13 -2.0209153518e-11 -3.5842551479e-14
d  3.6167634750e-03 2.5317343059e+00 0.0000000000e+00 2.1378764021e-04 3.0000000000e+02 -2.1536576633e-11 1.2071433639e-13 2.1378749733e-11 2.1536323542e-11 -2.7130889094e-16 -1.2071431506e-13 -2.1378764162e-11 -3.6575602847e-14
d  3.6173511919e-03 2.5321457077e+00 0.0000000000e+00 2.2197874223e-04 3.0000000000e+02 -2.2365202310e-11 1.2964237847e-13 2.2197838987e-11 2.2364949298e-11 -3.0762305781e-16 -1.2964229819e-13 -2.2197874585e-11 -3.7127855494e-14
d  3.6180564522e-03 2.5326393899e+00 0.0000000000e+00 2.3336863498e-04 3.0000000000e+02 -2.3518213898e-11 1.4280088156e-13 2.3336851341e-11 2.3517960708e-11 -3.6229449790e-16 -1.4280085586e-13 -2.3336863640e-11 -3.7944159395e-14
d  3.6189027645e-03 2.5332318085e+00 0.0000000000e+00 2.5013022240e-04 3.0000000000e+02 -2.5216629083e-11 1.6365459158e-13 2.5012953750e-11 2.5216376232e-11 -4.5304957024e-16 -1.6365447406e-13 -2.5013022942e-11 -3.9245871642e-14
d  3.6194105519e-03 2.5335872597e+00 0.0000000000e+00 2.6233640086e-04 3.0000000000e+02 -2.6454659763e-11 1.7997394511e-13 2.6233626944e-11 2.6454406494e-11 -5.3119884007e-16 -1.7997391062e-13 -2.6233640262e-11 -4.0278160311e-14
d  3.6200198968e-03 2.5340138010e+00 0.0000000000e+00 2.8001210969e-04 3.0000000000e+02 -2.8249110784e-11 2.0511276250e-13 2.8001175084e-11 2.8248857653e-11 -6.5543309935e-16 -2.0511267536e-13 -2.8001211417e-11 -4.1876173160e-14
d  3.6207511106e-03 2.5345256507e+00 0.0000000000e+00 3.0776376982e-04 3.0000000000e+02 -3.1070250243e-11 2.4810776029e-13 3.0776353353e-11 3.1069996999e-11 -8.8196112464e-16 -2.4810771411e-13 -3.0776377302e-11 -4.4637210860e-14
d  3.6211898390e-03 2.5348327605e+00 0.0000000000e+00 3.2937903563e-04 3.0000000000e+02 -3.3270687426e-11 2.8441509808e-13 3.2937876304e-11 3.3270434186e-11 -1.0993591343e-15 -2.8441501622e-13 -3.2937903980e-11 -4.7019936912e-14
d  3.6217163129e-03 2.5352012923e+00 0.0000000000e+00 3.6324716240e-04 3.0000000000e+02 -3.6723319722e-11 3.4578068665e-13 3.6324544673e-11 3.6723067955e-11 -1.4865831555e-15 -3.4578021373e-13 -3.6324718851e-11 -5.1087756382e-14
d  3.6220321973e-03 2.5354224114e+00 0.0000000000e+00 3.8960117656e-04 3.0000000000e+02 -3.9413935580e-11 3.9717685854e-13 3.8960108439e-11 3.9413682134e-11 -1.8537497386e-15 -3.9717681967e-13 -3.8960117858e-11 -5.4580478462e-14
d  3.6224112586e-03 2.5356877542e+00 0.0000000000e+00 4.3081117816e-04 3.0000000000e+02 -4.3627401291e-11 4.8302683474e-13 4.3081079381e-11 4.3627148181e-11 -2.5022209304e-15 -4.8302668558e-13 -4.3081118575e-11 -6.0487345793e-14
d  3.6228661321e-03 2.5360061657e+00 0.0000000000e+00 5.0498319098e-04 3.0000000000e+02 -5.1228015315e-11 6.5304543400e-13 5.0498282220e-11 5.1227762285e-11 -3.9282596005e-15 -6.5304532113e-13 -5.0498319920e-11 -7.2476963263e-14
d  3.6231390562e-03 2.5361972125e+00 0.0000000000e+00 5.7236891313e-04 3.0000000000e+02 -5.8151063780e-11 8.2314682081e-13 5.7236662174e-11 5.8150813935e-11 -5.6666755435e-15 -8.2314573923e-13 -5.7236897025e-11 -8.5111106882e-14
d  3.6234665651e-03 2.5364264688e+00 0.0000000000e+00 7.0370737076e-04 3.0000000000e+02 -7.1683168548e-11 1.1891135901e-12 7.0370544985e-11 7.1682919234e-11 -9.8627312768e-15 -1.1891127879e-12 -7.0370742901e-11 -1.1325183817e-13
d  3.6236630705e-03 2.5365640225e+00 0.0000000000e+00 8.3628204709e-04 3.0000000000e+02 -8.5391168009e-11 1.5995858980e-12 8.3628133789e-11 8.5390916141e-11 -1.5790020065e-14 -1.5995854417e-12 -8.3628207379e-11 -1.4736581173e-13
d  3.6238988769e-03 2.5367290870e+00 0.0000000000e+00 1.1520018716e-03 3.0000000000e+02 -1.1817768158e-10 2.6979464583e-12 1.1520014307e-10 1.1817742980e-10 -3.4527261856e-14 -2.6979462245e-12 -1.1520018961e-10 -2.4476795721e-13
d  3.6240403608e-03 2.5368281257e+00 0.0000000000e+00 1.5872269102e-03 3.0000000000e+02 -1.6367097994e-10 4.4485775162e-12 1.5872188150e-10 1.6367077431e-10 -7.5609075170e-14 -4.4485711101e-12 -1.5872275104e-10 -4.2384840210e-13
d  3.6241252511e-03 2.5368875489e+00 0.0000000000e+00 2.1313692199e-03 3.0000000000e+02 -2.2097725989e-10 6.9597119929e-12 2.1313673555e-10 2.2097701975e-10 -1.5532463833e-13 -6.9597093669e-12 -2.1313694045e-10 -7.2522198128e-13
d  3.6241761853e-03 2.5369232029e+00 0.0000000000e+00 2.7384113555e-03 3.0000000000e+02 -2.8541688737e-10 1.0127230676e-11 2.7384175779e-10 2.8541658072e-10 -2.8349080874e-13 -1.0127246158e-11 -2.7384105577e-10 -1.1647987960e-12
d  3.6242373063e-03 2.5369659876e+00 0.0000000000e+00 4.6274150331e-03 3.0000000000e+02 -4.8798189913e-10 2.1461880148e-11 4.6274117689e-10 4.8798171995e-10 -8.3631963227e-13 -2.1461874705e-11 -4.6274158933e-10 -2.9417749761e-12
d  3.6242739789e-03 2.5369916584e+00 0.0000000000e+00 9.7933692113e-03 3.0000000000e+02 -1.0562909083e-09 6.2065534039e-11 9.7933572392e-10 1.0562926890e-09 -3.6902047054e-12 -6.2065579726e-11 -9.7933893752e-10 -1.1198053928e-11
d  3.6242849807e-03 2.5369993597e+00 0.0000000000e+00 1.3811712749e-02 3.0000000000e+02 -1.5223354198e-09 1.0881696337e-10 1.3811711721e-09 1.5223352211e-09 -8.4498831097e-12 -1.0881695372e-10 -1.3811713487e-09 -2.3897621468e-11
d  3.6242981829e-03 2.5370086012e+00 0.0000000000e+00 2.8914897603e-02 3.0000000000e+02 -3.3261607065e-09 3.1773557317e-10 2.8914894727e-09 3.3261627546e-09 -3.1781491062e-11 -3.1773564683e-10 -2.8914920094e-09 -8.5153388796e-11
d  3.6243061042e-03 2.5370141461e+00 0.0000000000e+00 7.1582842572e-02 3.0000000000e+02 -8.8170883635e-09 1.1521946096e-09 7.1582736260e-09 8.8170562329e-09 -1.4129225774e-10 -1.1521912000e-09 -7.1582571534e-09 -3.6531587045e-10
d  3.6243108569e-03 2.5370174730e+00 0.0000000000e+00 1.5135289795e-01 3.0000000000e+02 -1.9764949206e-08 3.1199263384e-09 1.5135289736e-08 1.9764948683e-08 -4.2603566499e-10 -3.1199263092e-09 -1.5135289583e-08 -1.0836960169e-09
d  3.6243165603e-03 2.5370214653e+00 0.0000000000e+00 3.4419701398e-01 3.0000000000e+02 -4.3603339989e-08 6.1123072211e-09 3.4419701349e-08 4.3603339485e-08 -8.7038978281e-10 -6.1123071999e-09 -3.4419701213e-08 -2.2009416406e-09
d  3.6243208480e-03 2.5370244667e+00 0.0000000000e+00 5.1103557360e-01 3.0000000000e+02 -5.9914501973e-08 5.8850013724e-09 5.1103557340e-08 5.9914501476e-08 -8.2847800680e-10 -5.8850013608e-09 -5.1103557184e-08 -2.0974649222e-09
d  3.6243245586e-03 2.5370270642e+00 0.0000000000e+00 6.3326366716e-01 3.0000000000e+02 -6.9877491838e-08 4.4016087544e-09 6.3326366704e-08 6.9877490923e-08 -6.0787061387e-10 -4.4016087404e-09 -6.3326366136e-08 -1.5416454298e-09
d  3.6243267099e-03 2.5370285701e+00 0.0000000000e+00 6.8985832914e-01 3.0000000000e+02 -7.4194636287e-08 3.5070509456e-09 6.8985832882e-08 7.4194637282e-08 -4.8114623113e-10 -3.5070509361e-09 -6.8985834255e-08 -1.2206058464e-09
d  3.6243291105e-03 2.5370302505e+00 0.0000000000e+00 7.3987867019e-01 3.0000000000e+02 -7.7920429486e-08 2.6522830933e-09 7.3987866992e-08 7.7920430006e-08 -3.6199414618e-10 -2.6522830806e-09 -7.3987867892e-08 -9.1828492338e-10
d  3.6243319912e-03 2.5370322670e+00 0.0000000000e+00 7.8413444905e-01 3.0000000000e+02 -8.1134882303e-08 1.8382117722e-09 7.8413444877e-08 8.1134882790e-08 -2.4985335209e-10 -1.8382117602e-09 -7.8413445747e-08 -6.3337193994e-10
d  3.6243354481e-03 2.5370346868e+00 0.0000000000e+00 8.1998264566e-01 3.0000000000e+02 -8.3685088224e-08 1.1406190633e-09 8.1998264537e-08 8.3685088715e-08 -1.5474730793e-10 -1.1406190517e-09 -8.1998265414e-08 -3.9145695021e-10
d  3.6243395963e-03 2.5370375906e+00 0.0000000000e+00 8.4614335457e-01 3.0000000000e+02 -8.5519011312e-08 6.1198774049e-10 8.4614335420e-08 8.5519011951e-08 -8.3254509364e-11 -6.1198772766e-10 -8.4614336458e-08 -2.0943326387e-10
d  3.6243445741e-03 2.5370410751e+00 0.0000000000e+00 8.6291741419e-01 3.0000000000e+02 -8.6683967180e-08 2.6507260520e-10 8.6291741367e-08 8.6683968132e-08 -3.6595784931e-11 -2.6507259006e-10 -8.6291742738e-08 -9.0557027057e-11
d  3.6243505476e-03 2.5370452565e+00 0.0000000000e+00 8.7196504769e-01 3.0000000000e+02 -8.7308953812e-08 7.5492356819e-11 8.7196504738e-08 8.7308954285e-08 -1.1180074310e-11 -7.5492349324e-11 -8.7196505597e-08 -2.5776273781e-11
d  3.6243577157e-03 2.5370502741e+00 0.0000000000e+00 8.7569791355e-01 3.0000000000e+02 -8.7566207358e-08 -3.1687575214e-12 8.7569791380e-08 8.7566206478e-08 -6.5087901011e-13 3.1687525420e-12 -8.7569790808e-08 1.0664527955e-12
d  3.6243663174e-03 2.5370562953e+00 0.0000000000e+00 8.7652082585e-01 3.0000000000e+02 -8.7623049494e-08 -2.0428669799e-11 8.7652082158e-08 8.7623060659e-08 1.6563640191e-12 2.0428735928e-11 -8.7652094210e-08 6.9484568611e-12
d  3.6243766395e-03 2.5370635208e+00 0.0000000000e+00 8.7623679445e-01 3.0000000000e+02 -8.7603802490e-08 -1.4229757539e-11 8.7623679525e-08 8.7603799876e-08 8.2321880889e-13 1.4229748084e-11 -8.7623677155e-08 4.8242281758e-12
d  3.6243890260e-03 2.5370721913e+00 0.0000000000e+00 8.7582979374e-01 3.0000000000e+02 -8.7576123275e-08 -5.4098902665e-12 8.7582979565e-08 8.7576116671e-08 -3.6006588007e-13 5.4098735299e-12 -8.7582973079e-08 1.8066409341e-12
d  3.6244038898e-03 2.5370825960e+00 0.0000000000e+00 8.7561693618e-01 3.0000000000e+02 -8.7561810261e-08 -6.8652642384e-13 8.7561693762e-08 8.7561804524e-08 -9.9337899063e-13 6.8651746924e-13 -8.7561688204e-08 1.9056743402e-13
d  3.6244217264e-03 2.5370950816e+00 0.0000000000e+00 8.7557134062e-01 3.0000000000e+02 -8.7559032676e-08 5.2100701806e-13 8.7557136424e-08 8.7558929121e-08 -1.1546939018e-12 -5.2110194407e-13 -8.7557030616e-08 -2.2270060447e-13
d  3.6244431302e-03 2.5371100643e+00 0.0000000000e+00 8.7559173864e-01 3.0000000000e+02 -8.7560851865e-08 3.7207922550e-13 8.7559163267e-08 8.7561391369e-08 -1.1335303879e-12 -3.7185269110e-13 -8.7559714445e-08 -1.7127618620e-13
d  3.6244688149e-03 2.5371280436e+00 0.0000000000e+00 8.7561996803e-01 3.0000000000e+02 -8.7563301945e-08 1.2135875344e-13 8.7561996441e-08 8.7563323489e-08 -1.0988592746e-12 -1.2135700751e-13 -8.7562018703e-08 -8.5797527202e-14
d  3.6244996364e-03 2.5371496187e+00 0.0000000000e+00 8.7564337131e-01 3.0000000000e+02 -8.7565506278e-08 2.9205912253e-14 8.7564335360e-08 8.7565634230e-08 -1.0850814998e-12 -2.9224007376e-14 -8.7564465464e-08 -5.4213910485e-14
d  3.6245366223e-03 2.5371755088e+00 0.0000000000e+00 8.7566674095e-01 3.0000000000e+02 -8.7567839427e-08 2.8067194514e-14 8.7566674347e-08 8.7567816795e-08 -1.0832793396e-12 -2.8061024472e-14 -8.7566651804e-08 -5.3823778673e-14
d  3.6245810054e-03 2.5372065769e+00 0.0000000000e+00 8.7569422095e-01 3.0000000000e+02 -8.7570596607e-08 3.5502687156e-14 8.7569422405e-08 8.7570561738e-08 -1.0822819407e-12 -3.5490624433e-14 -8.7569387573e-08 -5.6321381171e-14
d  3.6246342651e-03 2.5372438587e+00 0.0000000000e+00 8.7572755202e-01 3.0000000000e+02 -8.7573931407e-08 3.8333909373e-14 8.7572755570e-08 8.7573877767e-08 -1.0802784871e-12 -3.8313698924e-14 -8.7572701917e-08 -5.7232913395e-14
d  3.6246981767e-03 2.5372885968e+00 0.0000000000e+00 8.7576768762e-01 3.0000000000e+02 -8.7577942366e-08 3.8540942705e-14 8.7576769216e-08 8.7577853095e-08 -1.0774627715e-12 -3.8507085328e-14 -8.7576679861e-08 -5.7235719962e-14
d  3.6247748706e-03 2.5373422826e+00 0.0000000000e+00 8.7581585468e-01 3.0000000000e+02 -8.7582755811e-08 3.8679712261e-14 8.7581586030e-08 8.7582595493e-08 -1.0740921725e-12 -3.8621403443e-14 -8.7581425545e-08 -5.7200556467e-14
d  3.6248669033e-03 2.5374067055e+00 0.0000000000e+00 8.7587364594e-01 3.0000000000e+02 -8.7588531313e-08 3.9019835833e-14 8.7587365278e-08 8.7588210435e-08 -1.0701033127e-12 -3.8911515429e-14 -8.7587044163e-08 -5.7215502101e-14
d  3.6249773426e-03 2.5374840129e+00 0.0000000000e+00 8.7594298975e-01 3.0000000000e+02 -8.7595461455e-08 3.9471246472e-14 8.7594299008e-08 8.7595426934e-08 -1.0653658749e-12 -3.9460754195e-14 -8.7594264807e-08 -5.7246023586e-14
d  3.6251098697e-03 2.5375767819e+00 0.0000000000e+00 8.7602624446e-01 3.0000000000e+02 -8.7603781823e-08 3.9971102716e-14 8.7602624486e-08 8.7604282969e-08 -1.0597594081e-12 -4.0107884427e-14 -8.7603125790e-08 -5.7314130201e-14
d  3.6252689023e-03 2.5376881047e+00 0.0000000000e+00 8.7612615024e-01 3.0000000000e+02 -8.7613766188e-08 4.0546187229e-14 8.7612615067e-08 8.7613810944e-08 -1.0531101879e-12 -4.0556984434e-14 -8.7612660110e-08 -5.7342225263e-14
d  3.6254597413e-03 2.5378216920e+00 0.0000000000e+00 8.7624596432e-01 3.0000000000e+02 -8.7625740568e-08 4.1149500969e-14 8.7624596435e-08 8.7625742211e-08 -1.0452550329e-12 -4.1149896876e-14 -8.7624598415e-08 -5.7361281666e-14
d  3.6256887482e-03 2.5379819968e+00 0.0000000000e+00 8.7638979018e-01 3.0000000000e+02 -8.7640114896e-08 4.2046477254e-14 8.7638978939e-08 8.7640080726e-08 -1.0360397396e-12 -4.2040363108e-14 -8.7638945197e-08 -5.7447382637e-14
d  3.6259635564e-03 2.5381743626e+00 0.0000000000e+00 8.7656238376e-01 3.0000000000e+02 -8.7657364448e-08 4.2985419040e-14 8.7656238301e-08 8.7657337694e-08 -1.0252249271e-12 -4.2981320941e-14 -8.7656211968e-08 -5.7511317136e-14
d  3.6262933263e-03 2.5384052015e+00 0.0000000000e+00 8.7676950323e-01 3.0000000000e+02 -8.7678064978e-08 4.4103688090e-14 8.7676950270e-08 8.7678048435e-08 -1.0126085111e-12 -4.4101538660e-14 -8.7676934124e-08 -5.7593196415e-14
d  3.6266890501e-03 2.5386822082e+00 0.0000000000e+00 8.7701805518e-01 3.0000000000e+02 -8.7702906921e-08 4.5407468528e-14 8.7701805493e-08 8.7702899726e-08 -9.9796231977e-13 -4.5406690223e-14 -8.7701798665e-08 -5.7688250874e-14
d  3.6271639187e-03 2.5390146162e+00 0.0000000000e+00 8.7731633049e-01 3.0000000000e+02 -8.7732719167e-08 4.6915525946e-14 8.7731633041e-08 8.7732717007e-08 -9.8106105133e-13 -4.6915345006e-14 -8.7731631231e-08 -5.7798418048e-14
d  3.6277337611e-03 2.5394135058e+00 0.0000000000e+00 8.7767427962e-01 3.0000000000e+02 -8.7768496568e-08 4.8652830689e-14 8.7767427967e-08 8.7768497552e-08 -9.6169184938e-13 -4.8652929897e-14 -8.7767429287e-08 -5.7925468087e-14
d  3.6284175719e-03 2.5398921733e+00 0.0000000000e+00 8.7810384586e-01 3.0000000000e+02 -8.7811433289e-08 5.0621795512e-14 8.7810384595e-08 8.7811434975e-08 -9.3966933012e-13 -5.0621926419e-14 -8.7810386613e-08 -5.8069663119e-14
d  3.6292381449e-03 2.5404665744e+00 0.0000000000e+00 8.7861936452e-01 3.0000000000e+02 -8.7862962741e-08 5.2856837492e-14 8.7861936465e-08 8.7862965350e-08 -9.1485712386e-13 -5.2856999845e-14 -8.7861939402e-08 -5.8233605398e-14
d  3.6302228325e-03 2.5411558557e+00 0.0000000000e+00 8.7923804324e-01 3.0000000000e+02 -8.7924805631e-08 5.5359629264e-14 8.7923804344e-08 8.7924809583e-08 -8.8718787571e-13 -5.5359829400e-14 -8.7923808618e-08 -5.8417550973e-14
d  3.6314044575e-03 2.5419829932e+00 0.0000000000e+00 8.7998053858e-01 3.0000000000e+02 -8.7999027643e-08 5.8134086279e-14 8.7998053890e-08 8.7999033866e-08 -8.5668798418e-13 -5.8134344412e-14 -8.7998060422e-08 -5.8621942036e-14
d  3.6328224077e-03 2.5429755582e+00 0.0000000000e+00 8.8087165850e-01 3.0000000000e+02 -8.8088109713e-08 6.1175426759e-14 8.8087165904e-08 8.8088120131e-08 -8.2349958504e-13 -6.1175782572e-14 -8.8087176610e-08 -5.8847041843e-14
d  3.6345239478e-03 2.5441666362e+00 0.0000000000e+00 8.8194116956e-01 3.0000000000e+02 -8.8195028746e-08 6.4463228968e-14 8.8194117053e-08 8.8195047720e-08 -7.8789700537e-13 -6.4463764671e-14 -8.8194136271e-08 -5.9090640327e-14
d  3.6365657959e-03 2.5455959299e+00 0.0000000000e+00 8.8322482135e-01 3.0000000000e+02 -8.8323360093e-08 6.7971894297e-14 8.8322482154e-08 8.8323363571e-08 -7.5029765822e-13 -6.7971981077e-14 -8.8322485955e-08 -5.9351693967e-14
d  3.6390160137e-03 2.5473110822e+00 0.0000000000e+00 8.8476554550e-01 3.0000000000e+02 -8.8477397433e-08 7.1652996280e-14 8.8476554593e-08 8.8477405685e-08 -7.1125902441e-13 -7.1653161231e-14 -8.8476563144e-08 -5.9627039639e-14
d  3.6419562751e-03 2.5493692651e+00 0.0000000000e+00 8.8661490456e-01 3.0000000000e+02 -8.8662297650e-08 7.5471275386e-14 8.8661490561e-08 8.8662317869e-08 -6.7146548652e-13 -7.5471606113e-14 -8.8661511018e-08 -5.9914278705e-14
d  3.6454845887e-03 2.5518390845e+00 0.0000000000e+00 8.8883481504e-01 3.0000000000e+02 -8.8884253118e-08 7.9360787698e-14 8.8883481547e-08 8.8884261321e-08 -6.3170081961e-13 -7.9360901405e-14 -8.8883490051e-08 -6.0208524061e-14
d  3.6497185650e-03 2.5548028678e+00 0.0000000000e+00 8.9149972493e-01 3.0000000000e+02 -8.9150709429e-08 8.3266806746e-14 8.9149972364e-08 8.9150683757e-08 -5.9281684171e-13 -8.3266522690e-14 -8.9149947167e-08 -6.0507285346e-14
d  3.6547993366e-03 2.5583594077e+00 0.0000000000e+00 8.9469905087e-01 3.0000000000e+02 -8.9470609058e-08 8.7124781933e-14 8.9469904929e-08 8.9470577658e-08 -5.5569573179e-13 -8.7124492889e-14 -8.9469874032e-08 -6.0805088161e-14
d  3.6608962625e-03 2.5626272556e+00 0.0000000000e+00 8.9854028827e-01 3.0000000000e+02 -8.9854702378e-08 9.0881694047e-14 8.9854028784e-08 8.9854693396e-08 -5.2122444470e-13 -9.0881626880e-14 -8.9854020191e-08 -6.1098811354e-14
d  3.6682125736e-03 2.5677486732e+00 0.0000000000e+00 9.0315270165e-01 3.0000000000e+02 -9.0315916670e-08 9.4490158582e-14 9.0315270102e-08 9.0315903446e-08 -4.9028264678e-13 -9.4490075910e-14 -9.0315257288e-08 -6.1385335670e-14
d  3.6769921470e-03 2.5738943742e+00 0.0000000000e+00 9.0869178385e-01 3.0000000000e+02 -9.0869802068e-08 9.7913434769e-14 9.0869178315e-08 9.0869787437e-08 -4.6375896404e-13 -9.7913358993e-14 -9.0869164102e-08 -6.1662396073e-14
d  3.6875276349e-03 2.5812692154e+00 0.0000000000e+00 9.1534457272e-01 3.0000000000e+02 -9.1535063278e-08 1.0112343818e-13 9.1534457183e-08 9.1535044029e-08 -4.4260509959e-13 -1.0112335554e-13 -9.1534438372e-08 -6.1927809005e-14
d  3.7001702205e-03 2.5901190249e+00 0.0000000000e+00 9.2333633604e-01 3.0000000000e+02 -9.2334228188e-08 1.0410492709e-13 9.2333633444e-08 9.2334192409e-08 -4.2794513491e-13 -1.0410479980e-13 -9.2333598178e-08 -6.2181596088e-14
d  3.7153413232e-03 2.6007387962e+00 0.0000000000e+00 9.3293850941e-01 3.0000000000e+02 -9.3294441814e-08 1.0684156488e-13 9.3293850748e-08 9.3294396986e-08 -4.2125507807e-13 -1.0684143369e-13 -9.3293806466e-08 -6.2423078517e-14
d  3.7335466465e-03 2.6134825219e+00 0.0000000000e+00 9.4447812528e-01 3.0000000000e+02 -9.4448409469e-08 1.0930212631e-13 9.4447812322e-08 9.4448358874e-08 -4.2463302177e-13 -1.0930200501e-13 -9.4447762289e-08 -6.2649628867e-14
d  3.7553930344e-03 2.6287749926e+00 0.0000000000e+00 9.5834957364e-01 3.0000000000e+02 -9.5835573168e-08 1.1143014899e-13 9.5834957321e-08 9.5835561826e-08 -4.4115803393e-13 -1.1143012722e-13 -9.5834946380e-08 -6.2857489061e-14
d  3.7685008671e-03 2.6379504751e+00 0.0000000000e+00 9.6668419075e-01 3.0000000000e+02 -9.6669051524e-08 1.1233671009e-13 9.6668418850e-08 9.6668989690e-08 -4.5680085526e-13 -1.1233653412e-13 -9.6668357601e-08 -6.2950931465e-14
d  3.7842302664e-03 2.6489610540e+00 0.0000000000e+00 9.7669713411e-01 3.0000000000e+02 -9.7670370264e-08 1.1317161749e-13 9.7669713168e-08 9.7670300428e-08 -4.8027427475e-13 -1.1317143426e-13 -9.7669643938e-08 -6.3044286006e-14
d  3.8031055455e-03 2.6621737487e+00 0.0000000000e+00 9.8872866752e-01 3.0000000000e+02 -9.8873558489e-08 1.1390394853e-13 9.8872866713e-08 9.8873546307e-08 -5.1433302306e-13 -1.1390392285e-13 -9.8872854936e-08 -6.3134414057e-14
d  3.8257558805e-03 2.6780289824e+00 0.0000000000e+00 1.0031889474e+00 3.0000000000e+02 -1.0031963577e-07 1.1451737975e-13 1.0031889468e-07 1.0031961591e-07 -5.6291785718e-13 -1.1451734534e-13 -1.0031887526e-07 -6.3220863269e-14
d  3.8393460815e-03 2.6875421226e+00 0.0000000000e+00 1.0118767354e+00 3.0000000000e+02 -1.0118844801e-07 1.1478026917e-13 1.0118767350e-07 1.0118843223e-07 -5.9605686145e-13 -1.1478022948e-13 -1.0118765813e-07 -6.3264358738e-14
d  3.8556543226e-03 2.6989578909e+00 0.0000000000e+00 1.0223136211e+00 3.0000000000e+02 -1.0223218044e-07 1.1504021304e-13 1.0223136206e-07 1.0223216250e-07 -6.3961131835e-13 -1.1504017137e-13 -1.0223134453e-07 -6.3312678933e-14
d  3.8752242120e-03 2.7126568128e+00 0.0000000000e+00 1.0348538105e+00 3.0000000000e+02 -1.0348625746e-07 1.1530048430e-13 1.0348538100e-07 1.0348623570e-07 -6.9737235189e-13 -1.1530044283e-13 -1.0348535966e-07 -6.3364465359e-14
d  3.8987080793e-03 2.7290955191e+00 0.0000000000e+00 1.0499241440e+00 3.0000000000e+02 -1.0499336887e-07 1.1557744412e-13 1.0499241431e-07 1.0499333366e-07 -7.7509749562e-13 -1.1557738918e-13 -1.0499237956e-07 -6.3422477566e-14
d  3.9268887201e-03 2.7488219666e+00 0.0000000000e+00 1.0680395413e+00 3.0000000000e+02 -1.0680501574e-07 1.1589010754e-13 1.0680395412e-07 1.0680501306e-07 -8.8184729988e-13 -1.1589010448e-13 -1.0680395184e-07 -6.3489521539e-14
d  3.9607054890e-03 2.7724937037e+00 0.0000000000e+00 1.0898213736e+00 3.0000000000e+02 -1.0898335008e-07 1.1625695722e-13 1.0898213736e-07 1.0898334597e-07 -1.0325089369e-12 -1.1625695327e-13 -1.0898213364e-07 -6.3567636736e-14
d  4.0012856117e-03 2.8008997881e+00 0.0000000000e+00 1.1160201458e+00 3.0000000000e+02 -1.1160344776e-07 1.1668705360e-13 1.1160201457e-07 1.1160344219e-07 -1.2524406850e-12 -1.1668704923e-13 -1.1160200940e-07 -6.3658600337e-14
d  4.0256336853e-03 2.8179434388e+00 0.0000000000e+00 1.1317697143e+00 3.0000000000e+02 -1.1317856122e-07 1.1692598751e-13 1.1317697130e-07 1.1317846553e-07 -1.4087578653e-12 -1.1692587344e-13 -1.1317687614e-07 -6.3709027809e-14
d  4.0548513736e-03 2.8383958196e+00 0.0000000000e+00 1.1506990374e+00 3.0000000000e+02 -1.1507170990e-07 1.1721488785e-13 1.1506990370e-07 1.1507168026e-07 -1.6247819625e-12 -1.1721485581e-13 -1.1506987450e-07 -6.3771110954e-14
d  4.0723819866e-03 2.8506672481e+00 0.0000000000e+00 1.1620723176e+00 3.0000000000e+02 -1.1620918479e-07 1.1739418864e-13 1.1620723165e-07 1.1620908228e-07 -1.7714209370e-12 -1.1739402622e-13 -1.1620712965e-07 -6.3809042788e-14
d  4.0934187222e-03 2.8653929623e+00 0.0000000000e+00 1.1757344172e+00 3.0000000000e+02 -1.1757559030e-07 1.1760466593e-13 1.1757344159e-07 1.1757545677e-07 -1.9667238911e-12 -1.1760447125e-13 -1.1757330859e-07 -6.3850134594e-14
d  4.1186628049e-03 2.8830638193e+00 0.0000000000e+00 1.1921489437e+00 3.0000000000e+02 -1.1921730970e-07 1.1787784233e-13 1.1921489420e-07 1.1921709540e-07 -2.2331385500e-12 -1.1787758734e-13 -1.1921468049e-07 -6.3901459896e-14
d  4.1489557042e-03 2.9042688477e+00 0.0000000000e+00 1.2118742696e+00 3.0000000000e+02 -1.2119021724e-07 1.1822565454e-13 1.2118742690e-07 1.2119013936e-07 -2.6076785777e-12 -1.1822557949e-13 -1.2118734949e-07 -6.3963039770e-14
d  4.1853071833e-03 2.9297148818e+00 0.0000000000e+00 1.2356172605e+00 3.0000000000e+02 -1.2356506460e-07 1.1888507015e-13 1.2356172605e-07 1.2356506584e-07 -3.1551440226e-12 -1.1888507135e-13 -1.2356172770e-07 -6.4110534095e-14
d  4.2289289582e-03 2.9602501227e+00 0.0000000000e+00 1.2641891672e+00 3.0000000000e+02 -1.2642309413e-07 1.1950079684e-13 1.2641891672e-07 1.2642309370e-07 -3.9932657594e-12 -1.1950079676e-13 -1.2641891671e-07 -6.4220729845e-14
d  4.2812750881e-03 2.9968924119e+00 0.0000000000e+00 1.2985255705e+00 3.0000000000e+02 -1.2985809707e-07 1.2004612506e-13 1.2985255704e-07 1.2985748331e-07 -5.3552647375e-12 -1.2004581675e-13 -1.2985194372e-07 -6.4273368574e-14
d  4.2857140000e-03 2.9999996500e+00 0.0000000000e+00 1.3014397344e+00 3.0000000000e+02 -1.3014965167e-07 1.2011220873e-13 1.3014397342e-07 1.3015001550e-07 -5.4933983307e-12 -1.2011369203e-13 -1.3014433770e-07 -6.4280730011e-14
d  4.2910406942e-03 3.0037283358e+00 0.0000000000e+00 1.3049372249e+00 3.0000000000e+02 -1.3049957218e-07 1.2019406926e-13 1.3049372248e-07 1.3049979916e-07 -5.6647730150e-12 -1.2019516874e-13 -1.3049394991e-07 -6.4290077279e-14
d  4.2974327273e-03 3.0082027587e+00 0.0000000000e+00 1.3091349173e+00 3.0000000000e+02 -1.3091955570e-07 1.2029191170e-13 1.3091349168e-07 1.3092006687e-07 -5.8789460274e-12 -1.2029396629e-13 -1.3091400333e-07 -6.4301301484e-14
d  4.3051031670e-03 3.0135720662e+00 0.0000000000e+00 1.3141731621e+00 3.0000000000e+02 -1.3142365028e-07 1.2041040375e-13 1.3141731613e-07 1.3142433428e-07 -6.1489168388e-12 -1.2041268369e-13 -1.3141800064e-07 -6.4314842166e-14
d  4.3143076946e-03 3.0200152352e+00 0.0000000000e+00 1.3202205061e+00 3.0000000000e+02 -1.3202872877e-07 1.2055642342e-13 1.3202205053e-07 1.3202928712e-07 -6.4928458270e-12 -1.2055796510e-13 -1.3202260939e-07 -6.4331257566e-14
d  4.3253531278e-03 3.0277470381e+00 0.0000000000e+00 1.3274793088e+00 3.0000000000e+02 -1.3275505326e-07 1.2073846877e-13 1.3274793079e-07 1.3275556026e-07 -6.9368538122e-12 -1.2073962649e-13 -1.3274843831e-07 -6.4350936375e-14
d  4.3386076476e-03 3.0370252015e+00 0.0000000000e+00 1.3361928748e+00 3.0000000000e+02 -1.3362699309e-07 1.2097579798e-13 1.3361928743e-07 1.3362718977e-07 -7.5198248800e-12 -1.2097616901e-13 -1.3361948460e-07 -6.4376749317e-14
d  4.3545130713e-03 3.0481589975e+00 0.0000000000e+00 1.3466534055e+00 3.0000000000e+02 -1.3467382867e-07 1.2128425871e-13 1.3466534048e-07 1.3467403576e-07 -8.3019884895e-12 -1.2128458037e-13 -1.3466554808e-07 -6.4408954602e-14
d  4.3735995798e-03 3.0615195528e+00 0.0000000000e+00 1.3592127442e+00 3.0000000000e+02 -1.3593084243e-07 1.2170377691e-13 1.3592127436e-07 1.3593101051e-07 -9.3814063968e-12 -1.2170399130e-13 -1.3592144295e-07 -6.4453148127e-14
d  4.3965033900e-03 3.0775522192e+00 0.0000000000e+00 1.3743137120e+00 3.0000000000e+02 -1.3744248869e-07 1.2248854919e-13 1.3743137119e-07 1.3744250457e-07 -1.0929982022e-11 -1.2248856602e-13 -1.3743138752e-07 -6.4580261447e-14
d  4.4239879623e-03 3.0967914188e+00 0.0000000000e+00 1.3924418110e+00 3.0000000000e+02 -1.3925763587e-07 1.2317086329e-13 1.3924418109e-07 1.3925765544e-07 -1.3266540183e-11 -1.2317088008e-13 -1.3924420111e-07 -6.4613664425e-14
d  4.4569694490e-03 3.1198784583e+00 0.0000000000e+00 1.4142084858e+00 3.0000000000e+02 -1.4143810842e-07 1.2438658308e-13 1.4142084857e-07 1.4143811239e-07 -1.7070288952e-11 -1.2438658599e-13 -1.4142085300e-07 -6.4716332092e-14
d  4.4767583410e-03 3.1337306820e+00 0.0000000000e+00 1.4272760620e+00 3.0000000000e+02 -1.4274792082e-07 1.2537772203e-13 1.4272760619e-07 1.4274793081e-07 -2.0123989331e-11 -1.2537773222e-13 -1.4272761665e-07 -6.4797610635e-14
d  4.4886316762e-03 3.1420420162e+00 0.0000000000e+00 1.4351195159e+00 3.0000000000e+02 -1.4353449103e-07 1.2610941551e-13 1.4351195155e-07 1.4353453933e-07 -2.2348017710e-11 -1.2610949462e-13 -1.4351200035e-07 -6.4856282132e-14
d  4.5028796784e-03 3.1520156173e+00 0.0000000000e+00 1.4445346996e+00 3.0000000000e+02 -1.4447919913e-07 1.2712093954e-13 1.4445346991e-07 1.4447924712e-07 -2.5536654550e-11 -1.2712101198e-13 -1.4445351840e-07 -6.4936424744e-14
d  4.5114284798e-03 3.1579997780e+00 0.0000000000e+00 1.4501854763e+00 3.0000000000e+02 -1.4504653368e-07 1.2784256416e-13 1.4501854752e-07 1.4504665228e-07 -2.7792757995e-11 -1.2784282636e-13 -1.4501866669e-07 -6.4992882766e-14
d  4.5216870414e-03 3.1651807707e+00 0.0000000000e+00 1.4569683156e+00 3.0000000000e+02 -1.4572796424e-07 1.2886049384e-13 1.4569683145e-07 1.4572807593e-07 -3.0938287477e-11 -1.2886072217e-13 -1.4569694371e-07 -6.5072720245e-14
d  4.5339973154e-03 3.1737979621e+00 0.0000000000e+00 1.4651103559e+00 3.0000000000e+02 -1.4654677742e-07 1.3038250752e-13 1.4651103547e-07 1.4654689286e-07 -3.5545794916e-11 -1.3038270038e-13 -1.4651115149e-07 -6.5188619098e-14
d  4.5487696441e-03 3.1841385917e+00 0.0000000000e+00 1.4748846057e+00 3.0000000000e+02 -1.4753151372e-07 1.3297423388e-13 1.4748846053e-07 1.4753155441e-07 -4.2854325029e-11 -1.3297428911e-13 -1.4748850173e-07 -6.5382005905e-14
d  4.5532013427e-03 3.1872407805e+00 0.0000000000e+00 1.4778177190e+00 3.0000000000e+02 -1.4782754641e-07 1.3413130137e-13 1.4778177188e-07 1.4782756014e-07 -4.5574442238e-11 -1.3413135206e-13 -1.4778178610e-07 -6.5466764380e-14
d  4.5585193811e-03 3.1909634072e+00 0.0000000000e+00 1.4813379998e+00 3.0000000000e+02 -1.4818330374e-07 1.3580825930e-13 1.4813379996e-07 1.4818332611e-07 -4.9301897637e-11 -1.3580834411e-13 -1.4813382281e-07 -6.5589439654e-14
d  4.5649010271e-03 3.1954305592e+00 0.0000000000e+00 1.4855631488e+00 3.0000000000e+02 -1.4861118831e-07 1.3837272640e-13 1.4855631488e-07 1.4861119386e-07 -5.4668816836e-11 -1.3837274434e-13 -1.4855632089e-07 -6.5775752854e-14
d  4.5687300147e-03 3.1981108504e+00 0.0000000000e+00 1.4880986716e+00 3.0000000000e+02 -1.4886858053e-07 1.4038555108e-13 1.4880986715e-07 1.4886858355e-07 -5.8506599700e-11 -1.4038556626e-13 -1.4880987065e-07 -6.5920769663e-14
d  4.5733247998e-03 3.2013271998e+00 0.0000000000e+00 1.4911417604e+00 3.0000000000e+02 -1.4917835561e-07 1.4350940269e-13 1.4911417601e-07 1.4917838370e-07 -6.3969446622e-11 -1.4350952204e-13 -1.4911420460e-07 -6.6145190190e-14
d  4.5760816709e-03 3.2032570095e+00 0.0000000000e+00 1.4929678662e+00 3.0000000000e+02 -1.4936483499e-07 1.4595923422e-13 1.4929678662e-07 1.4936483735e-07 -6.7835624191e-11 -1.4595925103e-13 -1.4929678945e-07 -6.6320267126e-14
d  4.5793899162e-03 3.2055727810e+00 0.0000000000e+00 1.4951594528e+00 3.0000000000e+02 -1.4958944810e-07 1.4973510512e-13 1.4951594526e-07 1.4958946742e-07 -7.3286019053e-11 -1.4973521904e-13 -1.4951596508e-07 -6.6589324644e-14
d  4.5833598105e-03 3.2083517069e+00 0.0000000000e+00 1.4977897880e+00 3.0000000000e+02 -1.4986074691e-07 1.5625832433e-13 1.4977897879e-07 1.4986075162e-07 -8.1544333316e-11 -1.5625834808e-13 -1.4977898398e-07 -6.7053056418e-14
d  4.5857417471e-03 3.2100190625e+00 0.0000000000e+00 1.4993682434e+00 3.0000000000e+02 -1.5002486935e-07 1.6204820934e-13 1.4993682434e-07 1.5002487508e-07 -8.7815027490e-11 -1.6204825199e-13 -1.4993683054e-07 -6.7462765084e-14
d  4.5886000711e-03 3.2120198891e+00 0.0000000000e+00 1.5012627045e+00 3.0000000000e+02 -1.5022402249e-07 1.7253210335e-13 1.5012627043e-07 1.5022403928e-07 -9.7510829733e-11 -1.7253221438e-13 -1.5012628771e-07 -6.8203653931e-14
d  4.5920300598e-03 3.2144208811e+00 0.0000000000e+00 1.5035367386e+00 3.0000000000e+02 -1.5046941730e-07 1.9736167527e-13 1.5035367384e-07 1.5046943703e-07 -1.1547564569e-10 -1.9736177760e-13 -1.5035369407e-07 -6.9954173602e-14
d  4.5940880530e-03 3.2158614763e+00 0.0000000000e+00 1.5049017950e+00 3.0000000000e+02 -1.5062403811e-07 2.3107173458e-13 1.5049017946e-07 1.5062406770e-07 -1.3355475205e-10 -2.3107196095e-13 -1.5049020956e-07 -7.2320826115e-14
d  4.5953228490e-03 3.2167258334e+00 0.0000000000e+00 1.5057212871e+00 3.0000000000e+02 -1.5072280981e-07 2.7089974755e-13 1.5057212869e-07 1.5072281987e-07 -1.5033463225e-10 -2.7089988128e-13 -1.5057213924e-07 -7.5108085400e-14
d  4.5968046041e-03 3.2177630620e+00 0.0000000000e+00 1.5067060110e+00 3.0000000000e+02 -1.5086011301e-07 3.9269170871e-13 1.5067060106e-07 1.5086014152e-07 -1.8903510769e-10 -3.9269202369e-13 -1.5067063010e-07 -8.3622057283e-14
d  4.5976936572e-03 3.2183853991e+00 0.0000000000e+00 1.5072992754e+00 3.0000000000e+02 -1.5097826440e-07 6.5095330417e-13 1.5072992750e-07 1.5097829303e-07 -2.4758383624e-10 -6.5095374030e-13 -1.5072995666e-07 -1.0159296969e-13
d  4.5982270890e-03 3.2187588014e+00 0.0000000000e+00 1.5076596814e+00 3.0000000000e+02 -1.5111748874e-07 1.2783382595e-12 1.5076596808e-07 1.5111752202e-07 -3.5009674319e-10 -1.2783390164e-12 -1.5076600192e-07 -1.4503601318e-13
d  4.5983871186e-03 3.2188708220e+00 0.0000000000e+00 1.5077696105e+00 3.0000000000e+02 -1.5118985502e-07 1.7321121854e-12 1.5077696090e-07 1.5118991467e-07 -4.1098524753e-10 -1.7321167923e-12 -1.5077702118e-07 -1.7617066584e-13
d  4.5985791540e-03 3.2190052469e+00 0.0000000000e+00 1.5079060284e+00 3.0000000000e+02 -1.5135343552e-07 3.0090164615e-12 1.5079060229e-07 1.5135364469e-07 -5.5955908564e-10 -3.0090322948e-12 -1.5079081259e-07 -2.6398871117e-13
d  4.5986943753e-03 3.2190859018e+00 0.0000000000e+00 1.5079948828e+00 3.0000000000e+02 -1.5158698432e-07 5.1888078796e-12 1.5079948785e-07 1.5158711589e-07 -7.8189361925e-10 -5.1888213481e-12 -1.5079962042e-07 -4.1319663458e-13
d  4.5987635081e-03 3.2191342947e+00 0.0000000000e+00 1.5080557413e+00 3.0000000000e+02 -1.5191073388e-07 8.5611310170e-12 1.5080557356e-07 1.5191085883e-07 -1.0959555929e-09 -8.5611482940e-12 -1.5080569967e-07 -6.4253485936e-13
d  4.5988049877e-03 3.2191633305e+00 0.0000000000e+00 1.5080984187e+00 3.0000000000e+02 -1.5233160841e-07 1.3278044516e-11 1.5080983855e-07 1.5233212087e-07 -1.5075276414e-09 -1.3278114750e-11 -1.5081035553e-07 -9.5973816906e-13
d  4.5988298755e-03 3.2191807519e+00 0.0000000000e+00 1.5081263370e+00 3.0000000000e+02 -1.5282717275e-07 1.9121315245e-11 1.5081263280e-07 1.5282727016e-07 -1.9940739495e-09 -1.9121314778e-11 -1.5081273183e-07 -1.3438968920e-12
d  4.5988597409e-03 3.2192016577e+00 0.0000000000e+00 1.5081537167e+00 3.0000000000e+02 -1.5473753323e-07 4.3229333650e-11 1.5081537110e-07 1.5473759810e-07 -3.8760409235e-09 -4.3229330321e-11 -1.5081543756e-07 -2.8901598745e-12
d  4.5988687005e-03 3.2192079294e+00 0.0000000000e+00 1.5080935339e+00 3.0000000000e+02 -1.5632267236e-07 6.3306303964e-11 1.5080935293e-07 1.5632270027e-07 -5.4462473852e-09 -6.3306258788e-11 -1.5080938216e-07 -3.7648972117e-12
d  4.5988794520e-03 3.2192154554e+00 0.0000000000e+00 1.5073074654e+00 3.0000000000e+02 -1.6577980756e-07 1.8561337330e-10 1.5073074640e-07 1.6577981662e-07 -1.4856304236e-08 -1.8561333594e-10 -1.5073075796e-07 -7.1410330000e-12
d  4.5988826775e-03 3.2192177133e+00 0.0000000000e+00 1.5049349889e+00 3.0000000000e+02 -1.8091359077e-07 3.1694333168e-10 1.5049349882e-07 1.8091359348e-07 -3.0121267523e-08 -3.1694330044e-10 -1.5049350264e-07 1.8116893424e-11
d  4.5988846127e-03 3.2192190680e+00 0.0000000000e+00 1.4953395489e+00 3.0000000000e+02 -2.3393968078e-07 4.3923644534e-10 1.4953395544e-07 2.3393965217e-07 -8.4219230592e-08 -4.3923826181e-10 -1.4953380958e-07 2.5262706334e-10
d  4.5988851933e-03 3.2192194744e+00 0.0000000000e+00 1.4861368074e+00 3.0000000000e+02 -2.8735026439e-07 -2.3609953180e-10 1.4861368074e-07 2.8735026425e-07 -1.3977193555e-07 2.3609954118e-10 -1.4861368115e-07 7.9924468301e-10
d  4.5988855417e-03 3.2192197182e+00 0.0000000000e+00 1.4760125337e+00 3.0000000000e+02 -3.5495766677e-07 -1.2564092222e-09 1.4760125337e-07 3.5495766655e-07 -2.1014330891e-07 1.2564092309e-09 -1.4760125368e-07 1.5304891780e-09
d  4.5988859597e-03 3.2192200108e+00 0.0000000000e+00 1.4494637556e+00 3.0000000000e+02 -6.0440701894e-07 -4.2997833570e-09 1.4494637556e-07 6.0440701888e-07 -4.6754233697e-07 4.2997833704e-09 -1.4494637627e-07 3.7819109978e-09
d  4.5988860851e-03 3.2192200986e+00 0.0000000000e+00 1.4361640570e+00 3.0000000000e+02 -7.7649821822e-07 -7.1245955069e-09 1.4361640570e-07 7.7649821798e-07 -6.4539366399e-07 7.1245955170e-09 -1.4361640600e-07 5.3872564601e-09
d  4.5988862356e-03 3.2192202040e+00 0.0000000000e+00 1.4137255496e+00 3.0000000000e+02 -1.1704055175e-06 -1.1461612223e-08 1.4137255496e-07 1.1704055174e-06 -1.0485726226e-06 1.1461612242e-08 -1.4137255550e-07 8.0780483977e-09
d  4.5988864162e-03 3.2192203304e+00 0.0000000000e+00 1.3710279879e+00 3.0000000000e+02 -2.5246482382e-06 -1.9503870940e-08 1.3710279879e-07 2.5246482382e-06 -2.4204055636e-06 1.9503870953e-08 -1.3710279975e-07 1.3356254137e-08
d  4.5988866329e-03 3.2192204821e+00 0.0000000000e+00 1.3031414412e+00 3.0000000000e+02 -8.5669097186e-06 -2.4564391028e-08 1.3031414412e-07 8.5669097224e-06 -8.4779764300e-06 2.4564391072e-08 -1.3031415367e-07 1.6816470206e-08
d  4.5988868627e-03 3.2192206429e+00 0.0000000000e+00 1.2591662647e+00 3.0000000000e+02 -1.8802721282e-05 -9.3499729385e-09 1.2591662648e-07 1.8802721272e-05 -1.8692398906e-05 9.3499728742e-09 -1.2591660834e-07 6.2442689303e-09
d  4.5988871384e-03 3.2192208359e+00 0.0000000000e+00 1.2389997949e+00 3.0000000000e+02 -2.7036983585e-05 -7.8222555801e-10 1.2389997960e-07 2.7036983430e-05 -2.6914341591e-05 7.8222481616e-10 -1.2389970196e-07 4.7563900455e-10
d  4.5988874461e-03 3.2192210513e+00 0.0000000000e+00 1.2322325931e+00 3.0000000000e+02 -3.0216517084e-05 1.2610727190e-10 1.2322325929e-07 3.0216517114e-05 -3.0092941376e-05 -1.2610715263e-10 -1.2322331254e-07 -2.2631769148e-10
d  4.5988878153e-03 3.2192213098e+00 0.0000000000e+00 1.2310911545e+00 3.0000000000e+02 -3.0686584553e-05 5.1984566648e-10 1.2310911542e-07 3.0686584605e-05 -3.0562604684e-05 -5.1984549622e-10 -1.2310920969e-07 -3.5086562479e-10
d  4.5988882584e-03 3.2192216199e+00 0.0000000000e+00 1.2316518408e+00 3.0000000000e+02 -3.0407381870e-05 3.0697444650e-10 1.2316518427e-07 3.0407381572e-05 -3.0283731496e-05 -3.0697522540e-10 -1.2316464536e-07 -1.7845456758e-10
d  4.5988887901e-03 3.2192219921e+00 0.0000000000e+00 1.2320890890e+00 3.0000000000e+02 -3.0207587863e-05 5.1736866809e-11 1.2320890903e-07 3.0207587649e-05 -3.0084298862e-05 -5.1737321886e-11 -1.2320851627e-07 -2.8532560017e-11
d  4.5988894282e-03 3.2192224387e+00 0.0000000000e+00 1.2321924287e+00 3.0000000000e+02 -3.0161241427e-05 -1.6455108743e-11 1.2321924304e-07 3.0161241138e-05 -3.0038048562e-05 1.6454609155e-11 -1.2321870709e-07 9.6767672693e-12
d  4.5988901938e-03 3.2192229747e+00 0.0000000000e+00 1.2321800110e+00 3.0000000000e+02 -3.0167094995e-05 -9.5289943621e-12 1.2321800140e-07 3.0167094481e-05 -3.0043892494e-05 9.5282697418e-12 -1.2321703902e-07 5.5241734901e-12
d  4.5988911126e-03 3.2192236178e+00 0.0000000000e+00 1.2321664309e+00 3.0000000000e+02 -3.0173472448e-05 -1.1355153483e-12 1.2321664346e-07 3.0173471794e-05 -3.0050258176e-05 1.1347608134e-12 -1.2321540757e-07 6.5444373294e-13
d  4.5988922151e-03 3.2192243896e+00 0.0000000000e+00 1.2321641532e+00 3.0000000000e+02 -3.0174749548e-05 4.5235561111e-13 1.2321641541e-07 3.0174749395e-05 -3.0051532549e-05 -4.5250004563e-13 -1.2321612474e-07 -2.6935750385e-13
d  4.5988935381e-03 3.2192253157e+00 0.0000000000e+00 1.2321649809e+00 3.0000000000e+02 -3.0174660476e-05 2.1904306638e-13 1.2321649778e-07 3.0174661038e-05 -3.0051443108e-05 -2.1860539064e-13 -1.2321757747e-07 -1.3345554696e-13
d  4.5988951258e-03 3.2192264271e+00 0.0000000000e+00 1.2321657448e+00 3.0000000000e+02 -3.0174657799e-05 7.7128323971e-14 1.2321657458e-07 3.0174657611e-05 -3.0051441271e-05 -7.7249112686e-14 -1.2321621072e-07 -5.1051640886e-14
d  4.5988970309e-03 3.2192277607e+00 0.0000000000e+00 1.2321663943e+00 3.0000000000e+02 -3.0174775863e-05 6.5086717828e-14 1.2321664013e-07 3.0174774596e-05 -3.0051560310e-05 -6.5757775482e-14 -1.2321417601e-07 -4.4194260320e-14
d  4.5988993171e-03 3.2192293610e+00 0.0000000000e+00 1.2321671431e+00 3.0000000000e+02 -3.0174931707e-05 6.9487199043e-14 1.2321671520e-07 3.0174930051e-05 -3.0051716455e-05 -7.0211987706e-14 -1.2321347917e-07 -4.6745954221e-14
d  4.5989020606e-03 3.2192312814e+00 0.0000000000e+00 1.2321680497e+00 3.0000000000e+02 -3.0175115201e-05 7.0562255139e-14 1.2321680604e-07 3.0175113218e-05 -3.0051900186e-05 -7.1280615585e-14 -1.2321291385e-07 -4.7368473890e-14
d  4.5989053527e-03 3.2192335859e+00 0.0000000000e+00 1.2321691398e+00 3.0000000000e+02 -3.0175334455e-05 7.0511741429e-14 1.2321691526e-07 3.0175332053e-05 -3.0052119752e-05 -7.1232884504e-14 -1.2321218169e-07 -4.7345492622e-14
d  4.5989093032e-03 3.2192363513e+00 0.0000000000e+00 1.2321704477e+00 3.0000000000e+02 -3.0175597583e-05 7.0476882913e-14 1.2321704633e-07 3.0175594668e-05 -3.0052383265e-05 -7.1202508422e-14 -1.2321128449e-07 -4.7327513597e-14
d  4.5989140439e-03 3.2192396698e+00 0.0000000000e+00 1.2321720172e+00 3.0000000000e+02 -3.0175913365e-05 7.0472748294e-14 1.2321720360e-07 3.0175909835e-05 -3.0052699510e-05 -7.1202130837e-14 -1.2321020612e-07 -4.7326839158e-14
d  4.5989197327e-03 3.2192436519e+00 0.0000000000e+00 1.2321739006e+00 3.0000000000e+02 -3.0176292307e-05 7.0470871984e-14 1.2321739232e-07 3.0176288038e-05 -3.0053079009e-05 -7.1203382176e-14 -1.2320891081e-07 -4.7327180230e-14
d  4.5989265592e-03 3.2192484305e+00 0.0000000000e+00 1.2321761607e+00 3.0000000000e+02 -3.0176747041e-05 7.0468714710e-14 1.2321761879e-07 3.0176741885e-05 -3.0053534412e-05 -7.1203857264e-14 -1.2320735495e-07 -4.7327241577e-14
d  4.5989347511e-03 3.2192541648e+00 0.0000000000e+00 1.2321788728e+00 3.0000000000e+02 -3.0177292726e-05 7.0466918544e-14 1.2321789056e-07 3.0177286507e-05 -3.0054080901e-05 -7.1204274779e-14 -1.2320548661e-07 -4.7327263868e-14
d  4.5989445813e-03 3.2192610460e+00 0.0000000000e+00 1.2321821273e+00 3.0000000000e+02 -3.0177947557e-05 7.0465313780e-14 1.2321821668e-07 3.0177940060e-05 -3.0054736698e-05 -7.1204528532e-14 -1.2320324346e-07 -4.7327279663e-14
d  4.5989563776e-03 3.2192693033e+00 0.0000000000e+00 1.2321860327e+00 3.0000000000e+02 -3.0178733366e-05 7.0464010494e-14 1.2321860802e-07 3.0178724335e-05 -3.0055523666e-05 -7.1204783809e-14 -1.2320055066e-07 -4.7327290315e-14
d  4.5989705331e-03 3.2192792122e+00 0.0000000000e+00 1.2321907192e+00 3.0000000000e+02 -3.0179676353e-05 7.0462833721e-14 1.2321907763e-07 3.0179665482e-05 -3.0056468045e-05 -7.1204912790e-14 -1.2319731840e-07 -4.7327295344e-14
d  4.5989875197e-03 3.2192911029e+00 0.0000000000e+00 1.2321963417e+00 3.0000000000e+02 -3.0180808503e-05 7.0451393568e-14 1.2321963430e-07 3.0180808255e-05 -3.0057588998e-05 -7.0465421927e-14 -1.2321913982e-07 -4.7016000520e-14
d  4.5990079037e-03 3.2193053716e+00 0.0000000000e+00 1.2322030907e+00 3.0000000000e+02 -3.0182166523e-05 7.1234276425e-14 1.2322030923e-07 3.0182166221e-05 -3.0058946397e-05 -7.1248533400e-14 -1.2321970513e-07 -4.7384561168e-14
d  4.5990323645e-03 3.2193224942e+00 0.0000000000e+00 1.2322111885e+00 3.0000000000e+02 -3.0183796280e-05 7.1030409170e-14 1.2322111904e-07 3.0183795916e-05 -3.0060575407e-05 -7.1044708004e-14 -1.2322039093e-07 -4.7289479364e-14
d  4.5990617174e-03 3.2193430412e+00 0.0000000000e+00 1.2322209061e+00 3.0000000000e+02 -3.0185752046e-05 7.1034674584e-14 1.2322209084e-07 3.0185751609e-05 -3.0062530277e-05 -7.1049006275e-14 -1.2322121402e-07 -4.7291233836e-14
d  4.5990969408e-03 3.2193676976e+00 0.0000000000e+00 1.2322325671e+00 3.0000000000e+02 -3.0188099072e-05 7.1033892625e-14 1.2322325699e-07 3.0188098546e-05 -3.0064876226e-05 -7.1048251289e-14 -1.2322220172e-07 -4.7291021112e-14
d  4.5991392090e-03 3.2193972853e+00 0.0000000000e+00 1.2322465604e+00 3.0000000000e+02 -3.0190915655e-05 7.1033550273e-14 1.2322465637e-07 3.0190915023e-05 -3.0067691518e-05 -7.1047930659e-14 -1.2322338701e-07 -4.7290995694e-14
d  4.5991899308e-03 3.2194327906e+00 0.0000000000e+00 1.2322633523e+00 3.0000000000e+02 -3.0194295776e-05 7.1033127260e-14 1.2322633563e-07 3.0194295016e-05 -3.0071070088e-05 -7.1047524782e-14 -1.2322480942e-07 -4.7290967812e-14
d  4.5992507970e-03 3.2194753969e+00 0.0000000000e+00 1.2322835027e+00 3.0000000000e+02 -3.0198352237e-05 7.1032654823e-14 1.2322835074e-07 3.0198351324e-05 -3.0075124689e-05 -7.1047065443e-14 -1.2322651640e-07 -4.7290934019e-14
d  4.5993238364e-03 3.2195265245e+00 0.0000000000e+00 1.2323076831e+00 3.0000000000e+02 -3.0203220448e-05 7.1032077572e-14 1.2323076888e-07 3.0203219351e-05 -3.0079990667e-05 -7.1046497671e-14 -1.2322856493e-07 -4.7290893541e-14
d  4.5994114837e-03 3.2195878776e+00 0.0000000000e+00 1.2323366996e+00 3.0000000000e+02 -3.0209062957e-05 7.1031396341e-14 1.2323367065e-07 3.0209061640e-05 -3.0085830498e-05 -7.1045822589e-14 -1.2323102339e-07 -4.7290844935e-14
d  4.5995166605e-03 3.2196615014e+00 0.0000000000e+00 1.2323715194e+00 3.0000000000e+02 -3.0216074916e-05 7.1030571737e-14 1.2323715277e-07 3.0216073334e-05 -3.0092839242e-05 -7.1045001015e-14 -1.2323397385e-07 -4.7290786633e-14
d  4.5996428726e-03 3.2197498498e+00 0.0000000000e+00 1.2324133031e+00 3.0000000000e+02 -3.0224490781e-05 7.1029680048e-14 1.2324133032e-07 3.0224490765e-05 -3.0101249347e-05 -7.1029795637e-14 -1.2324129987e-07 -4.7284672176e-14
d  4.5997943272e-03 3.2198558680e+00 0.0000000000e+00 1.2324634435e+00 3.0000000000e+02 -3.0234591584e-05 7.1040886830e-14 1.2324634436e-07 3.0234591565e-05 -3.0111345139e-05 -7.1041003211e-14 -1.2324630753e-07 -4.7291536214e-14
d  4.5999760726e-03 3.2199830898e+00 0.0000000000e+00 1.2325236117e+00 3.0000000000e+02 -3.0246715333e-05 7.1036124557e-14 1.2325236118e-07 3.0246715311e-05 -3.0123462876e-05 -7.1036241042e-14 -1.2325231690e-07 -4.7289623534e-14
d  4.6001941671e-03 3.2201357560e+00 0.0000000000e+00 1.2325958137e+00 3.0000000000e+02 -3.0261267906e-05 7.1034552014e-14 1.2325958138e-07 3.0261267879e-05 -3.0138008232e-05 -7.1034668552e-14 -1.2325952817e-07 -4.7289542228e-14
d  4.6004558806e-03 3.2203189554e+00 0.0000000000e+00 1.2326824562e+00 3.0000000000e+02 -3.0278736859e-05 7.1032523617e-14 1.2326824563e-07 3.0278736827e-05 -3.0155468527e-05 -7.1032640146e-14 -1.2326818172e-07 -4.7289399237e-14
d  4.6007699367e-03 3.2205387947e+00 0.0000000000e+00 1.2327864273e+00 3.0000000000e+02 -3.0299708053e-05 7.1030094586e-14 1.2327864275e-07 3.0299708014e-05 -3.0176429330e-05 -7.1030211048e-14 -1.2327856603e-07 -4.7289228884e-14
d  4.6011468041e-03 3.2208026018e+00 0.0000000000e+00 1.2329111928e+00 3.0000000000e+02 -3.0324885658e-05 7.1027182596e-14 1.2329111931e-07 3.0324885612e-05 -3.0201594466e-05 -7.1027298925e-14 -1.2329102728e-07 -4.7289025335e-14
d  4.6015990449e-03 3.2211191704e+00 0.0000000000e+00 1.2330609119e+00 3.0000000000e+02 -3.0355116320e-05 7.1023694914e-14 1.2330609121e-07 3.0355116264e-05 -3.0231810165e-05 -7.1023811044e-14 -1.2330598086e-07 -4.7288782285e-14
d  4.6021417339e-03 3.2214990526e+00 0.0000000000e+00 1.2332405752e+00 3.0000000000e+02 -3.0391418376e-05 7.1019518275e-14 1.2332405755e-07 3.0391418310e-05 -3.0268094266e-05 -7.1019634132e-14 -1.2332392530e-07 -4.7288492385e-14
d  4.6027929607e-03 3.2219549114e+00 0.0000000000e+00 1.2334561703e+00 3.0000000000e+02 -3.0435016951e-05 7.1013924422e-14 1.2334561702e-07 3.0435016965e-05 -3.0311671200e-05 -7.1013902437e-14 -1.2334564731e-07 -4.7287898445e-14
d  4.6035744328e-03 3.2225019418e+00 0.0000000000e+00 1.2337148835e+00 3.0000000000e+02 -3.0487387263e-05 7.1007473969e-14 1.2337148834e-07 3.0487387281e-05 -3.0364015638e-05 -7.1007451983e-14 -1.2337152471e-07 -4.7287421087e-14
d  4.6045121994e-03 3.2231583784e+00 0.0000000000e+00 1.2340253368e+00 3.0000000000e+02 -3.0550308090e-05 7.0999747063e-14 1.2340253366e-07 3.0550308111e-05 -3.0426905416e-05 -7.0999725084e-14 -1.2340257733e-07 -4.7286635051e-14
d  4.6056375193e-03 3.2239461023e+00 0.0000000000e+00 1.2343978786e+00 3.0000000000e+02 -3.0625922945e-05 7.0990770511e-14 1.2343978785e-07 3.0625922971e-05 -3.0502483012e-05 -7.0990748518e-14 -1.2343984035e-07 -4.7285872886e-14
d  4.6069879031e-03 3.2248913710e+00 0.0000000000e+00 1.2348449329e+00 3.0000000000e+02 -3.0716817869e-05 7.0980839906e-14 1.2348449328e-07 3.0716817900e-05 -3.0593333225e-05 -7.0980817893e-14 -1.2348455643e-07 -4.7285312855e-14
d  4.6086083638e-03 3.2260256934e+00 0.0000000000e+00 1.2353814045e+00 3.0000000000e+02 -3.0826118360e-05 7.0968710140e-14 1.2353814043e-07 3.0826118397e-05 -3.0702580063e-05 -7.0968688102e-14 -1.2353821644e-07 -4.7284529605e-14
d  4.6105529166e-03 3.2273868802e+00 0.0000000000e+00 1.2360251795e+00 3.0000000000e+02 -3.0957605649e-05 7.0954161215e-14 1.2360251793e-07 3.0957605694e-05 -3.0834002966e-05 -7.0954139148e-14 -1.2360260950e-07 -4.7283581803e-14
d  4.6128863799e-03 3.2290203045e+00 0.0000000000e+00 1.2367977240e+00 3.0000000000e+02 -3.1115861814e-05 7.0936879465e-14 1.2367977237e-07 3.1115861869e-05 -3.0992181868e-05 -7.0936857360e-14 -1.2367988278e-07 -4.7282486379e-14
d  4.6156865359e-03 3.2309804136e+00 0.0000000000e+00 1.2377248191e+00 3.0000000000e+02 -3.1306445759e-05 7.0917545312e-14 1.2377248188e-07 3.1306445824e-05 -3.1182673091e-05 -7.0917523159e-14 -1.2377261516e-07 -4.7281742497e-14
d  4.6190467231e-03 3.2333325445e+00 0.0000000000e+00 1.2388373407e+00 3.0000000000e+02 -3.1536125526e-05 7.0890811662e-14 1.2388373402e-07 3.1536125606e-05 -3.1412241593e-05 -7.0890789491e-14 -1.2388389483e-07 -4.7279440498e-14
d  4.6230789477e-03 3.2361551016e+00 0.0000000000e+00 1.2401722770e+00 3.0000000000e+02 -3.1813150261e-05 7.0854592073e-14 1.2401722769e-07 3.1813150275e-05 -3.1689132899e-05 -7.0854588678e-14 -1.2401725751e-07 -4.7275192636e-14
d  4.6279176172e-03 3.2395421701e+00 0.0000000000e+00 1.2417742290e+00 3.0000000000e+02 -3.2147638520e-05 7.0820892977e-14 1.2417742289e-07 3.2147638538e-05 -3.2023460961e-05 -7.0820889569e-14 -1.2417745903e-07 -4.7273312038e-14
d  4.6337240207e-03 3.2436066523e+00 0.0000000000e+00 1.2436967141e+00 3.0000000000e+02 -3.2551992203e-05 7.0781596301e-14 1.2436967140e-07 3.2551992224e-05 -3.2427622391e-05 -7.0781592880e-14 -1.2436971526e-07 -4.7271549786e-14
d  4.6406917048e-03 3.2484840310e+00 0.0000000000e+00 1.2460039425e+00 3.0000000000e+02 -3.3041511638e-05 7.0734919488e-14 1.2460039424e-07 3.3041511665e-05 -3.2916911099e-05 -7.0734916051e-14 -1.2460044760e-07 -4.7269438296e-14
d  4.6490529258e-03 3.2543368854e+00 0.0000000000e+00 1.2487729840e+00 3.0000000000e+02 -3.3635197644e-05 7.0680272574e-14 1.2487729839e-07 3.3635197676e-05 -3.3510320194e-05 -7.0680269113e-14 -1.2487736362e-07 -4.7266926462e-14
d  4.6590863910e-03 3.2613603106e+00 0.0000000000e+00 1.2520964322e+00 3.0000000000e+02 -3.4356702996e-05 7.0616657731e-14 1.2520964320e-07 3.4356703036e-05 -3.4231493195e-05 -7.0616654243e-14 -1.2520972314e-07 -4.7264458531e-14
d  4.6711265492e-03 3.2697884210e+00 0.0000000000e+00 1.2560852831e+00 3.0000000000e+02 -3.5235732258e-05 7.0538917078e-14 1.2560852829e-07 3.5235732306e-05 -3.5110123562e-05 -7.0538913551e-14 -1.2560862693e-07 -4.7260448064e-14
d  4.6855747391e-03 3.2799021534e+00 0.0000000000e+00 1.2608737337e+00 3.0000000000e+02 -3.6309845494e-05 7.0460307746e-14 1.2608737334e-07 3.6309845555e-05 -3.6183757942e-05 -7.0460304167e-14 -1.2608749584e-07 -4.7260405101e-14
d  4.7029125669e-03 3.2920386322e+00 0.0000000000e+00 1.2666221342e+00 3.0000000000e+02 -3.7627027840e-05 7.0360708522e-14 1.2666221339e-07 3.7627027916e-05 -3.7500365431e-05 -7.0360704873e-14 -1.2666236684e-07 -4.7257346485e-14
d  4.7237179603e-03 3.3066024069e+00 0.0000000000e+00 1.2735252023e+00 3.0000000000e+02 -3.9248890475e-05 7.0262886363e-14 1.2735252022e-07 3.9248890487e-05 -3.9121537825e-05 -7.0262885905e-14 -1.2735254410e-07 -4.7260946829e-14
d  4.7486844324e-03 3.3240789364e+00 0.0000000000e+00 1.2818191448e+00 3.0000000000e+02 -4.1256583530e-05 7.0174998652e-14 1.2818191447e-07 4.1256583546e-05 -4.1128401482e-05 -7.0174998168e-14 -1.2818194580e-07 -4.7272949502e-14
d  4.7786441988e-03 3.3450507719e+00 0.0000000000e+00 1.2917971922e+00 3.0000000000e+02 -4.3758982490e-05 7.0149148644e-14 1.2917971921e-07 4.3758982510e-05 -4.3629802632e-05 -7.0149148123e-14 -1.2917976133e-07 -4.7311783865e-14
d  4.8145959186e-03 3.3702169745e+00 0.0000000000e+00 1.3038008171e+00 3.0000000000e+02 -4.6898480520e-05 7.0051787900e-14 1.3038008170e-07 4.6898480549e-05 -4.6768100291e-05 -7.0051787330e-14 -1.3038013979e-07 -4.7335188120e-14
d  4.8577379823e-03 3.4004164176e+00 0.0000000000e+00 1.3182442699e+00 3.0000000000e+02 -5.0869258821e-05 6.9939441229e-14 1.3182442697e-07 5.0869258862e-05 -5.0737434236e-05 -6.9939440599e-14 -1.3182450866e-07 -4.7361750662e-14
d  4.9095084588e-03 3.4366557493e+00 0.0000000000e+00 1.3356327808e+00 3.0000000000e+02 -5.5945761477e-05 6.9835987911e-14 1.3356327806e-07 5.5945761538e-05 -5.5812198021e-05 -6.9835987176e-14 -1.3356340056e-07 -4.7397411772e-14
d  4.9716330306e-03 3.4801429474e+00 0.0000000000e+00 1.3566166997e+00 3.0000000000e+02 -6.2510154061e-05 6.9846818004e-14 1.3566166994e-07 6.2510154160e-05 -6.2374492178e-05 -6.9846817109e-14 -1.3566186450e-07 -4.7487093519e-14
d  5.0000000000e-03 3.4999998250e+00 0.0000000000e+00 1.3662476712e+00 3.0000000000e+02 -6.5689203372e-05 6.9891047372e-14 1.3662476711e-07 6.5689203408e-05 -6.5552578452e-05 -6.9891046785e-14 -1.3662483830e-07 -4.7538353528e-14
d  5.0340403633e-03 3.5238280781e+00 0.0000000000e+00 1.3778505661e+00 3.0000000000e+02 -6.9663426519e-05 6.9949959204e-14 1.3778505660e-07 6.9663426573e-05 -6.9525641293e-05 -6.9949958380e-14 -1.3778516329e-07 -4.7601126068e-14
d  5.0748887992e-03 3.5524219818e+00 0.0000000000e+00 1.3918401025e+00 3.0000000000e+02 -7.4673299779e-05 7.0017473063e-14 1.3918401021e-07 7.4673299910e-05 -7.4534115527e-05 -7.0017471507e-14 -1.3918426566e-07 -4.7673387136e-14
d  5.1239069223e-03 3.5867346663e+00 0.0000000000e+00 1.4087683182e+00 3.0000000000e+02 -8.1063372282e-05 7.0317885138e-14 1.4087683142e-07 8.1063373808e-05 -8.0922493934e-05 -7.0317871301e-14 -1.4087975625e-07 -4.7832532762e-14
d  5.1827286700e-03 3.6279098876e+00 0.0000000000e+00 1.4292768472e+00 3.0000000000e+02 -8.9303810390e-05 7.0575638083e-14 1.4292768464e-07 8.9303810729e-05 -8.9160882281e-05 -7.0575635736e-14 -1.4292833002e-07 -4.7988403986e-14
d  5.2533147673e-03 3.6773201533e+00 0.0000000000e+00 1.4541535481e+00 3.0000000000e+02 -1.0008398981e-04 7.0871201699e-14 1.4541535479e-07 1.0008398990e-04 -9.9938574250e-05 -7.0871201218e-14 -1.4541553024e-07 -4.8165107528e-14
d  5.3380180840e-03 3.7366124720e+00 0.0000000000e+00 1.4844338693e+00 3.0000000000e+02 -1.1445004611e-04 7.1378655164e-14 1.4844338693e-07 1.1445004614e-04 -1.1430160258e-04 -7.1378655052e-14 -1.4844344228e-07 -4.8424682554e-14
d  5.4396620641e-03 3.8077632545e+00 0.0000000000e+00 1.5214184753e+00 3.0000000000e+02 -1.3404164909e-04 7.2046988215e-14 1.5214184752e-07 1.3404164913e-04 -1.3388950708e-04 -7.2046988093e-14 -1.5214193152e-07 -4.8747399734e-14
d  5.5616348402e-03 3.8931441935e+00 0.0000000000e+00 1.5666507790e+00 3.0000000000e+02 -1.6158481131e-04 7.2731859084e-14 1.5666507790e-07 1.6158481133e-04 -1.6142814609e-04 -7.2731859045e-14 -1.5666511648e-07 -4.9075418870e-14
d  5.7080021715e-03 3.9956013203e+00 0.0000000000e+00 1.6226867601e+00 3.0000000000e+02 -2.0208411061e-04 7.4463458724e-14 1.6226867600e-07 2.0208411066e-04 -2.0192184177e-04 -7.4463458668e-14 -1.6226876360e-07 -4.9769502403e-14
d  5.7142860000e-03 4.0000000000e+00 0.0000000000e+00 1.6251332692e+00 3.0000000000e+02 -2.0403458907e-04 7.4496090356e-14 1.6251332690e-07 2.0403458925e-04 -2.0387207549e-04 -7.4496087260e-14 -1.6251363552e-07 -4.9779114162e-14
d  5.7218265942e-03 4.0052784156e+00 0.0000000000e+00 1.6280734850e+00 3.0000000000e+02 -2.0640045395e-04 7.4570361906e-14 1.6280734847e-07 2.0640045418e-04 -2.0623764632e-04 -7.4570357199e-14 -1.6280773274e-07 -4.9808819211e-14
d  5.7308753071e-03 4.0116125144e+00 0.0000000000e+00 1.6316082724e+00 3.0000000000e+02 -2.0927638949e-04 7.4663627217e-14 1.6316082721e-07 2.0927638977e-04 -2.0911322834e-04 -7.4663622376e-14 -1.6316130907e-07 -4.9846137126e-14
d  5.7417337627e-03 4.0192134330e+00 0.0000000000e+00 1.6358592329e+00 3.0000000000e+02 -2.1278171748e-04 7.4771047692e-14 1.6358592328e-07 2.1278171754e-04 -2.1261813140e-04 -7.4771046923e-14 -1.6358601716e-07 -4.9889036180e-14
d  5.7547639094e-03 4.0283345352e+00 0.0000000000e+00 1.6409738511e+00 3.0000000000e+02 -2.1706792826e-04 7.4904946819e-14 1.6409738510e-07 2.1706792833e-04 -2.1690383070e-04 -7.4904946010e-14 -1.6409750621e-07 -4.9942152848e-14
d  5.7704000855e-03 4.0392798579e+00 0.0000000000e+00 1.6471312264e+00 3.0000000000e+02 -2.2233030362e-04 7.5072172739e-14 1.6471312263e-07 2.2233030372e-04 -2.2216559031e-04 -7.5072171873e-14 -1.6471328264e-07 -5.0007634972e-14
d  5.7891634967e-03 4.0524142451e+00 0.0000000000e+00 1.6545539105e+00 3.0000000000e+02 -2.2882607528e-04 7.5333467671e-14 1.6545539104e-07 2.2882607540e-04 -2.2866061967e-04 -7.5333466736e-14 -1.6545560582e-07 -5.0107016375e-14
d  5.8116795902e-03 4.0681755098e+00 0.0000000000e+00 1.6635071270e+00 3.0000000000e+02 -2.3688835429e-04 7.5599713189e-14 1.6635071269e-07 2.3688835432e-04 -2.3672200342e-04 -7.5599712993e-14 -1.6635076907e-07 -5.0209572146e-14
d  5.8386989024e-03 4.0870890274e+00 0.0000000000e+00 1.6743115577e+00 3.0000000000e+02 -2.4696309599e-04 7.5886477135e-14 1.6743115576e-07 2.4696309604e-04 -2.4679566467e-04 -7.5886476912e-14 -1.6743123699e-07 -5.0319819348e-14
d  5.8711220771e-03 4.1097852485e+00 0.0000000000e+00 1.6873608144e+00 3.0000000000e+02 -2.5966352085e-04 7.6230074040e-14 1.6873608143e-07 2.5966352092e-04 -2.5949478459e-04 -7.6230073778e-14 -1.6873620302e-07 -5.0450076263e-14
d  5.9100298867e-03 4.1370207138e+00 0.0000000000e+00 1.7031423056e+00 3.0000000000e+02 -2.7585145799e-04 7.6665231776e-14 1.7031423056e-07 2.7585145810e-04 -2.7568114355e-04 -7.6665231456e-14 -1.7031442301e-07 -5.0612280841e-14
d  5.9567192581e-03 4.1697032722e+00 0.0000000000e+00 1.7222605956e+00 3.0000000000e+02 -2.9677245651e-04 7.7216562261e-14 1.7222605956e-07 2.9677245656e-04 -2.9660023029e-04 -7.7216562154e-14 -1.7222614453e-07 -5.0813037256e-14
d  6.0127465039e-03 4.2089223423e+00 0.0000000000e+00 1.7454792936e+00 3.0000000000e+02 -3.2429229411e-04 7.7953095934e-14 1.7454792935e-07 3.2429229421e-04 -3.2411774599e-04 -7.7953095782e-14 -1.7454809265e-07 -5.1074946797e-14
d  6.0799791989e-03 4.2559852264e+00 0.0000000000e+00 1.7737384298e+00 3.0000000000e+02 -3.6128724702e-04 7.8835702218e-14 1.7737384297e-07 3.6128724709e-04 -3.6110987301e-04 -7.8835702147e-14 -1.7737394964e-07 -5.1379855546e-14
d  6.1606584328e-03 4.3124606873e+00 0.0000000000e+00 1.8082189120e+00 3.0000000000e+02 -4.1251978642e-04 7.9944749132e-14 1.8082189119e-07 4.1251978659e-04 -4.1233896430e-04 -7.9944749011e-14 -1.8082215525e-07 -5.1745626821e-14
d  6.2574735135e-03 4.3802312405e+00 0.0000000000e+00 1.8504697989e+00 3.0000000000e+02 -4.8641071790e-04 8.1488926088e-14 1.8504697988e-07 4.8641071806e-04 -4.8622567070e-04 -8.1488926019e-14 -1.8504722603e-07 -5.2230070184e-14
d  6.3736516104e-03 4.4615559042e+00 0.0000000000e+00 1.9035859933e+00 3.0000000000e+02 -6.0084254592e-04 8.5636328908e-14 1.9035859932e-07 6.0084254641e-04 -6.0065218696e-04 -8.5636328791e-14 -1.9035931015e-07 -5.3563061764e-14
d  6.5130653266e-03 4.5591455007e+00 0.0000000000e+00 1.9691761845e+00 3.0000000000e+02 -7.8910691184e-04 8.7676438417e-14 1.9691761841e-07 7.8910691296e-04 -7.8890999361e-04 -8.7676438280e-14 -1.9691921323e-07 -5.4019655039e-14
d  6.6803617861e-03 4.6762530165e+00 0.0000000000e+00 2.0486986661e+00 3.0000000000e+02 -1.1212481076e-03 8.9337985981e-14 2.0486986652e-07 1.1212481107e-03 -1.1210432362e-03 -8.9337985782e-14 -2.0487429911e-07 -5.4092646400e-14
d  6.8811175375e-03 4.8167820354e+00 0.0000000000e+00 2.1353686258e+00 3.0000000000e+02 -1.7566377475e-03 8.3184306148e-14 2.1353686240e-07 1.7566377538e-03 -1.7564242069e-03 -8.3184305819e-14 -2.1354676613e-07 -5.0777001148e-14
d  7.1220244391e-03 4.9854168581e+00 0.0000000000e+00 2.2324294964e+00 3.0000000000e+02 -2.5828553887e-03 8.1508208538e-14 2.2324294964e-07 2.5828553887e-03 -2.5826321456e-03 -8.1508208538e-14 -2.2324295353e-07 -5.0045518142e-14
d  7.1428570000e-03 4.9999996500e+00 0.0000000000e+00 2.2408724929e+00 3.0000000000e+02 -2.6601769066e-03 8.4144101052e-14 2.2408726243e-07 2.6601764605e-03 -2.6599531247e-03 -8.4144261334e-14 -2.2333564199e-07 -5.0925633705e-14
d  7.1678560730e-03 5.0174990003e+00 0.0000000000e+00 2.2509169396e+00 3.0000000000e+02 -2.7527047933e-03 8.3489900226e-14 2.2509169396e-07 2.7527047933e-03 -2.7524797015e-03 -8.3489900223e-14 -2.2509170814e-07 -5.0661957838e-14
d  7.1978549607e-03 5.0384982206e+00 0.0000000000e+00 2.2628017193e+00 3.0000000000e+02 -2.8630156099e-03 8.2621893084e-14 2.2628017193e-07 2.8630156099e-03 -2.8627893296e-03 -8.2621893083e-14 -2.2628017570e-07 -5.0337226348e-14
d  7.2338536259e-03 5.0636972849e+00 0.0000000000e+00 2.2765394213e+00 3.0000000000e+02 -2.9987055885e-03 8.0374652247e-14 2.2765394212e-07 2.9987055885e-03 -2.9984779344e-03 -8.0374652237e-14 -2.2765399600e-07 -4.9386316083e-14
d  7.2770520241e-03 5.0939361622e+00 0.0000000000e+00 2.2928849613e+00 3.0000000000e+02 -3.1552862486e-03 8.0413922986e-14 2.2928849613e-07 3.1552862486e-03 -3.1550569599e-03 -8.0413922985e-14 -2.2928850444e-07 -4.9537565331e-14
d  7.3288901020e-03 5.1302228149e+00 0.0000000000e+00 2.3117663216e+00 3.0000000000e+02 -3.3406069214e-03 7.7832716873e-14 2.3117663216e-07 3.3406069214e-03 -3.3403757447e-03 -7.7832716871e-14 -2.3117664316e-07 -4.8547369936e-14
d  7.3910957954e-03 5.1737667981e+00 0.0000000000e+00 2.3340341740e+00 3.0000000000e+02 -3.5601681608e-03 7.7974781570e-14 2.3340341739e-07 3.5601681608e-03 -3.5599347573e-03 -7.7974781568e-14 -2.3340343312e-07 -4.8485062749e-14
d  7.4657426275e-03 5.2260195780e+00 0.0000000000e+00 2.3598087764e+00 3.0000000000e+02 -3.8186734114e-03 7.5915541726e-14 2.3598087766e-07 3.8186734109e-03 -3.8184374310e-03 -7.5915541849e-14 -2.3597974133e-07 -4.7692809607e-14
d  7.5553188261e-03 5.2887229138e+00 0.0000000000e+00 2.3893792433e+00 3.0000000000e+02 -4.1207795319e-03 7.3875805738e-14 2.3893792433e-07 4.1207795319e-03 -4.1205405938e-03 -7.3875805738e-14 -2.3893793128e-07 -4.6888000667e-14
d  7.6628102643e-03 5.3639669168e+00 0.0000000000e+00 2.4231111614e+00 3.0000000000e+02 -4.4680488132e-03 7.1723406983e-14 2.4231111614e-07 4.4680488132e-03 -4.4678065020e-03 -7.1723406982e-14 -2.4231112900e-07 -4.6060138237e-14
d  7.7917999902e-03 5.4542597204e+00 0.0000000000e+00 2.4614064845e+00 3.0000000000e+02 -4.8633533830e-03 6.9606664355e-14 2.4614064845e-07 4.8633533830e-03 -4.8631072423e-03 -6.9606664354e-14 -2.4614066130e-07 -4.5217503040e-14
d  7.9465876613e-03 5.5626110848e+00 0.0000000000e+00 2.5037665103e+00 3.0000000000e+02 -5.3143567085e-03 6.6409588295e-14 2.5037665103e-07 5.3143567085e-03 -5.3141063317e-03 -6.6409588294e-14 -2.5037665755e-07 -4.3911037981e-14
d  8.1323328666e-03 5.6926327220e+00 0.0000000000e+00 2.5485734676e+00 3.0000000000e+02 -5.8317608919e-03 6.1986929881e-14 2.5485734676e-07 5.8317608919e-03 -5.8315060344e-03 -6.1986929881e-14 -2.5485734982e-07 -4.2072560280e-14
d  8.3552271130e-03 5.8486586866e+00 0.0000000000e+00 2.5980142376e+00 3.0000000000e+02 -6.4024318291e-03 6.0716547502e-14 2.5980142376e-07 6.4024318291e-03 -6.4021720275e-03 -6.0716547502e-14 -2.5980142824e-07 -4.1486985030e-14
d  8.5714290000e-03 6.0000000000e+00 0.0000000000e+00 2.6424869563e+00 3.0000000000e+02 -6.9132677899e-03 5.9462009206e-14 2.6424869563e-07 6.9132677899e-03 -6.9130035411e-03 -5.9462009206e-14 -2.6424870070e-07 -4.0847514904e-14
d  8.8308712645e-03 5.8183904663e+00 0.0000000000e+00 2.5887545944e+00 3.0000000000e+02 -6.2954676989e-03 -1.2622546358e-13 2.5887545944e-07 6.2954676989e-03 -6.2952088236e-03 1.2622546358e-13 -2.5887545468e-07 8.6307082018e-14
d  9.1391245601e-03 5.6026132205e+00 0.0000000000e+00 2.5179503186e+00 3.0000000000e+02 -5.4781027232e-03 -6.4072086188e-14 2.5179503186e-07 5.4781027232e-03 -5.4778509283e-03 6.4072086188e-14 -2.5179502771e-07 4.2971031856e-14
d  9.4088714353e-03 5.4137904614e+00 0.0000000000e+00 2.4445543782e+00 3.0000000000e+02 -4.6886766859e-03 -7.0079797545e-14 2.4445543782e-07 4.6886766859e-03 -4.6884322306e-03 7.0079797545e-14 -2.4445542701e-07 4.5420223841e-14
d  9.7325676855e-03 5.1872031504e+00 0.0000000000e+00 2.3407404953e+00 3.0000000000e+02 -3.6271548056e-03 -7.6953003344e-14 2.3407404953e-07 3.6271548056e-03 -3.6269207317e-03 7.6953003344e-14 -2.3407404650e-07 4.8127822027e-14
d  1.0000000000e-02 5.0000005833e+00 0.0000000000e+00 2.2408539953e+00 3.0000000000e+02 -2.6604352789e-03 -8.3081729813e-14 2.2408539953e-07 2.6604352789e-03 -2.6602111936e-03 8.3081729813e-14 -2.2408538330e-07 5.0539312278e-14
d  1.0320918777e-02 4.7753575028e+00 0.0000000000e+00 2.1099615061e+00 3.0000000000e+02 -1.5625172953e-03 -8.4972549332e-14 2.1099614965e-07 1.5625173301e-03 -1.5623062812e-03 8.4972550419e-14 -2.1104901545e-07 5.1766085300e-14
d  1.0621033038e-02 4.5652775799e+00 0.0000000000e+00 1.9733377138e+00 3.0000000000e+02 -8.0328389478e-04 -8.8354580897e-14 1.9733377140e-07 8.0328389395e-04 -8.0308656150e-04 8.8354580853e-14 -1.9733258337e-07 5.3973430317e-14
d  1.0780367256e-02 4.4537436586e+00 0.0000000000e+00 1.8984196833e+00 3.0000000000e+02 -5.8844741070e-04 -8.6172126177e-14 1.8984196829e-07 5.8844741156e-04 -5.8825756848e-04 8.6172126312e-14 -1.8984321687e-07 5.3881950378e-14
d  1.0889082003e-02 4.3776433578e+00 0.0000000000e+00 1.8488110260e+00 3.0000000000e+02 -4.8325261063e-04 -8.2734654305e-14 1.8488110260e-07 4.8325261054e-04 -4.8306772971e-04 8.2734654272e-14 -1.8488095865e-07 5.2689598802e-14
d  1.1005048135e-02 4.2964670878e+00 0.0000000000e+00 1.7984004156e+00 3.0000000000e+02 -3.9714194451e-04 -7.8808687435e-14 1.7984004154e-07 3.9714194491e-04 -3.9696210437e-04 7.8808687643e-14 -1.7984067054e-07 5.1367761194e-14
d  1.1144207495e-02 4.1990555639e+00 0.0000000000e+00 1.7396098520e+00 3.0000000000e+02 -3.1710389707e-04 -7.7724699223e-14 1.7396098519e-07 3.1710389718e-04 -3.1692993614e-04 7.7724699295e-14 -1.7396117079e-07 5.1012027312e-14
d  1.1311198726e-02 4.0821617352e+00 0.0000000000e+00 1.6714903213e+00 3.0000000000e+02 -2.4429486458e-04 -7.5689027121e-14 1.6714903213e-07 2.4429486461e-04 -2.4412771566e-04 7.5689027140e-14 -1.6714907459e-07 5.0265000939e-14
d  1.1428570000e-02 4.0000018667e+00 0.0000000000e+00 1.6251343051e+00 3.0000000000e+02 -2.0403544739e-04 -7.4469254785e-14 1.6251343050e-07 2.0403544743e-04 -2.0387293406e-04 7.4469254832e-14 -1.6251349600e-07 4.9778447832e-14
d  1.1569415529e-02 3.9014100245e+00 0.0000000000e+00 1.5710849285e+00 3.0000000000e+02 -1.6451693233e-04 -7.3123302854e-14 1.5710849285e-07 1.6451693234e-04 -1.6435982394e-04 7.3123302878e-14 -1.5710852113e-07 4.9220873256e-14
d  1.1738430163e-02 3.7830998138e+00 0.0000000000e+00 1.5085163047e+00 3.0000000000e+02 -1.2693319633e-04 -7.1497535500e-14 1.5085163047e-07 1.2693319635e-04 -1.2678234480e-04 7.1497535539e-14 -1.5085167205e-07 4.8531356323e-14
d  1.1941247725e-02 3.6411275611e+00 0.0000000000e+00 1.4359028679e+00 3.0000000000e+02 -9.2088444570e-05 -7.0588753253e-14 1.4359028678e-07 9.2088444577e-05 -9.1944854395e-05 7.0588753266e-14 -1.4359029994e-07 4.8025980060e-14
d  1.2142860000e-02 3.4999990083e+00 0.0000000000e+00 1.3662472614e+00 3.0000000000e+02 -6.5689086768e-05 -6.9730308270e-14 1.3662472613e-07 6.5689086778e-05 -6.5552462150e-05 6.9730308295e-14 -1.3662474529e-07 4.7494286592e-14
d  1.2384794730e-02 3.3306447450e+00 0.0000000000e+00 1.2849406968e+00 3.0000000000e+02 -4.2029144475e-05 -6.9810972305e-14 1.2849406968e-07 4.2029144482e-05 -4.1900650516e-05 6.9810972326e-14 -1.2849408287e-07 4.7186086618e-14
d  1.2675116407e-02 3.1274196291e+00 0.0000000000e+00 1.1887396874e+00 3.0000000000e+02 -2.2212056558e-05 -7.1604240896e-14 1.1887396873e-07 2.2212056559e-05 -2.2093182705e-05 7.1604240904e-14 -1.1887397289e-07 4.7248785032e-14
d  1.2857140000e-02 3.0000031500e+00 0.0000000000e+00 1.1281490997e+00 3.0000000000e+02 -1.3488819158e-05 -7.4528841726e-14 1.1281490996e-07 1.3488819165e-05 -1.3376004362e-05 7.4528841783e-14 -1.1281492500e-07 4.7644236875e-14
d  1.3075568312e-02 2.8471033751e+00 0.0000000000e+00 1.0545741175e+00 3.0000000000e+02 -6.1419774831e-06 -7.9727722054e-14 1.0545741173e-07 6.1419775037e-06 -6.0365201792e-06 7.9727722277e-14 -1.0545745241e-07 4.8203399003e-14
d  1.3334762571e-02 2.6656674453e+00 0.0000000000e+00 9.6631242084e-01 3.0000000000e+02 -1.2531452052e-06 -9.3837346738e-14 9.6631241641e-08 1.2531453536e-06 -1.1565139758e-06 9.3837349836e-14 -9.6631520766e-08 4.9129877656e-14
d  1.3376631893e-02 2.6363589279e+00 0.0000000000e+00 9.5242591965e-01 3.0000000000e+02 -7.9816756823e-07 -1.0849652995e-13 9.5242591758e-08 7.9816762256e-07 -7.0292508521e-07 1.0849653665e-13 -9.5242695199e-08 4.9354788634e-14
d  1.3401753486e-02 2.6187738175e+00 0.0000000000e+00 9.4447541890e-01 3.0000000000e+02 -5.5131967445e-07 -1.2677310809e-13 9.4447540303e-08 5.5132002457e-07 -4.5687197320e-07 1.2677321778e-13 -9.4448227586e-08 4.9443368414e-14
d  1.3409289964e-02 2.6134982844e+00 0.0000000000e+00 9.4226563530e-01 3.0000000000e+02 -4.7593365800e-07 -1.4347329964e-13 9.4226560328e-08 4.7593432352e-07 -3.8170660670e-07 1.4347400411e-13 -9.4227909604e-08 4.9310353619e-14
d  1.3413811851e-02 2.6103329645e+00 0.0000000000e+00 9.4104470569e-01 3.0000000000e+02 -4.2772113751e-07 -1.6056063258e-13 9.4104468688e-08 4.2772151361e-07 -3.3361646232e-07 1.6056146618e-13 -9.4105260889e-08 4.9042344854e-14
d  1.3415168417e-02 2.6093833685e+00 0.0000000000e+00 9.4070632997e-01 3.0000000000e+02 -4.1232769206e-07 -1.7041040852e-13 9.4070630862e-08 4.1232811291e-07 -3.1825680338e-07 1.7041331627e-13 -9.4071528759e-08 4.8832071900e-14
d  1.3415982357e-02 2.6088136110e+00 0.0000000000e+00 9.4051262509e-01 3.0000000000e+02 -4.0276099335e-07 -1.7681597730e-13 9.4051260776e-08 4.0276133102e-07 -3.0870957091e-07 1.7682043900e-13 -9.4051985589e-08 4.8686193297e-14
d  1.3416959085e-02 2.6081299019e+00 0.0000000000e+00 9.4029198796e-01 3.0000000000e+02 -3.9085135073e-07 -1.8511666588e-13 9.4029196928e-08 3.9085171163e-07 -2.9682195950e-07 1.8512134527e-13 -9.4029985720e-08 4.8492269263e-14
d  1.3417545121e-02 2.6077196764e+00 0.0000000000e+00 9.4016720841e-01 3.0000000000e+02 -3.8342622045e-07 -1.9148604762e-13 9.4016718108e-08 3.8342674403e-07 -2.8940911628e-07 1.9149634513e-13 -9.4017867544e-08 4.8335487023e-14
d  1.3418248365e-02 2.6072274059e+00 0.0000000000e+00 9.4002704066e-01 3.0000000000e+02 -3.7416033992e-07 -2.0048043799e-13 9.4002701164e-08 3.7416089230e-07 -2.8015720479e-07 2.0049107358e-13 -9.4003936045e-08 4.8099301263e-14
d  1.3418670311e-02 2.6069320435e+00 0.0000000000e+00 9.3994913429e-01 3.0000000000e+02 -3.6837925631e-07 -2.0702253902e-13 9.3994911446e-08 3.6837963026e-07 -2.7438413779e-07 2.0703337298e-13 -9.3995747305e-08 4.7883716776e-14
d  1.3418923479e-02 2.6067548261e+00 0.0000000000e+00 9.3990501448e-01 3.0000000000e+02 -3.6481557523e-07 -2.1165104094e-13 9.3990499663e-08 3.6481590739e-07 -2.7082493697e-07 2.1166690646e-13 -9.3991229748e-08 4.7745850445e-14
d  1.3419227280e-02 2.6065421653e+00 0.0000000000e+00 9.3985505496e-01 3.0000000000e+02 -3.6042658334e-07 -2.1780725799e-13 9.3985503905e-08 3.6042687897e-07 -2.6644098261e-07 2.1782083685e-13 -9.3986161693e-08 4.7574619223e-14
d  1.3419409561e-02 2.6064145687e+00 0.0000000000e+00 9.3982680878e-01 3.0000000000e+02 -3.5772818351e-07 -2.2194473682e-13 9.3982678498e-08 3.5772861961e-07 -2.6374526134e-07 2.2197387089e-13 -9.3983627607e-08 4.7459583671e-14
d  1.3419628298e-02 2.6062614529e+00 0.0000000000e+00 9.3979487489e-01 3.0000000000e+02 -3.5441556102e-07 -2.2749861779e-13 9.3979485480e-08 3.5441592887e-07 -2.6043590832e-07 2.2752216250e-13 -9.3980295210e-08 4.7295307421e-14
d  1.3419890782e-02 2.6060777139e+00 0.0000000000e+00 9.3975972057e-01 3.0000000000e+02 -3.5032091482e-07 -2.3470312109e-13 9.3975969911e-08 3.5032130892e-07 -2.5634473372e-07 2.3472497659e-13 -9.3976856907e-08 4.7075141061e-14
d  1.3420048273e-02 2.6059674705e+00 0.0000000000e+00 9.3974048889e-01 3.0000000000e+02 -3.4779383824e-07 -2.3984216036e-13 9.3974047346e-08 3.4779411690e-07 -2.5381974632e-07 2.3986444947e-13 -9.3974657214e-08 4.6919145360e-14
d  1.3420237262e-02 2.6058351784e+00 0.0000000000e+00 9.3971949145e-01 3.0000000000e+02 -3.4468281385e-07 -2.4639562441e-13 9.3971946705e-08 3.4468325491e-07 -2.5071062417e-07 2.4642947311e-13 -9.3972923796e-08 4.6720434427e-14
d  1.3420350655e-02 2.6057558032e+00 0.0000000000e+00 9.3970811066e-01 3.0000000000e+02 -3.4276967371e-07 -2.5114944344e-13 9.3970809593e-08 3.4276993426e-07 -2.4879886749e-07 2.5117783101e-13 -9.3971364257e-08 4.6576468816e-14
d  1.3420486727e-02 2.6056605529e+00 0.0000000000e+00 9.3969577224e-01 3.0000000000e+02 -3.4042399239e-07 -2.5675100650e-13 9.3969574954e-08 3.4042439457e-07 -2.4645425645e-07 2.5679291851e-13 -9.3970441201e-08 4.6404878670e-14
d  1.3420650013e-02 2.6055462525e+00 0.0000000000e+00 9.3968310428e-01 3.0000000000e+02 -3.3752770475e-07 -2.6462069811e-13 9.3968307908e-08 3.3752815441e-07 -2.4355916158e-07 2.6466145590e-13 -9.3969303438e-08 4.6157958973e-14
d  1.3420747985e-02 2.6054776723e+00 0.0000000000e+00 9.3967673023e-01 3.0000000000e+02 -3.3574322942e-07 -2.6994317842e-13 9.3967670534e-08 3.3574366268e-07 -2.4177539371e-07 2.6999833149e-13 -9.3968584661e-08 4.5997929651e-14
d  1.3420865551e-02 2.6053953761e+00 0.0000000000e+00 9.3967044978e-01 3.0000000000e+02 -3.3354943930e-07 -2.7688602769e-13 9.3967042891e-08 3.3354980345e-07 -2.3958230446e-07 2.7693042927e-13 -9.3967821393e-08 4.5778860318e-14
d  1.3421006630e-02 2.6052966206e+00 0.0000000000e+00 9.3966511016e-01 3.0000000000e+02 -3.3083327960e-07 -2.8592737151e-13 9.3966508560e-08 3.3083371208e-07 -2.3686658135e-07 2.8597342429e-13 -9.3967462004e-08 4.5484280660e-14
d  1.3421091278e-02 2.6052373673e+00 0.0000000000e+00 9.3966317719e-01 3.0000000000e+02 -3.2915523945e-07 -2.9233369843e-13 9.3966315606e-08 3.2915560087e-07 -2.3518886938e-07 2.9238717889e-13 -9.3967068799e-08 4.5284736590e-14
d  1.3421192855e-02 2.6051662633e+00 0.0000000000e+00 9.3966227428e-01 3.0000000000e+02 -3.2708738173e-07 -3.0056238444e-13 9.3966225632e-08 3.2708768983e-07 -2.3312115835e-07 3.0060609062e-13 -9.3966876817e-08 4.5021942152e-14
d  1.3421314748e-02 2.6050809385e+00 0.0000000000e+00 9.3966348795e-01 3.0000000000e+02 -3.2451851339e-07 -3.1151582934e-13 9.3966346546e-08 3.2451890372e-07 -2.3055205973e-07 3.1156437754e-13 -9.3967200016e-08 4.4661623459e-14
d  1.3421387883e-02 2.6050297437e+00 0.0000000000e+00 9.3966555076e-01 3.0000000000e+02 -3.2292622110e-07 -3.1934217852e-13 9.3966553401e-08 3.2292650202e-07 -2.2895973605e-07 3.1939024028e-13 -9.3967129379e-08 4.4416663573e-14
d  1.3421475646e-02 2.6049683098e+00 0.0000000000e+00 9.3966952269e-01 3.0000000000e+02 -3.2095816697e-07 -3.2935186117e-13 9.3966950831e-08 3.2095840922e-07 -2.2699132747e-07 3.2939161777e-13 -9.3967454967e-08 4.4094603144e-14
d  1.3421580961e-02 2.6048945893e+00 0.0000000000e+00 9.3967674181e-01 3.0000000000e+02 -3.1850313629e-07 -3.4292885912e-13 9.3967672253e-08 3.1850346532e-07 -2.2453546893e-07 3.4297637630e-13 -9.3968382827e-08 4.3645688172e-14
d  1.3421644150e-02 2.6048503569e+00 0.0000000000e+00 9.3968250382e-01 3.0000000000e+02 -3.1697542864e-07 -3.5265423299e-13 9.3968249149e-08 3.1697563078e-07 -2.2300737104e-07 3.5269402649e-13 -9.3968655370e-08 4.3339687472e-14
d  1.3421719977e-02 2.6047972781e+00 0.0000000000e+00 9.3969102468e-01 3.0000000000e+02 -3.1508102609e-07 -3.6498318039e-13 9.3969100425e-08 3.1508136327e-07 -2.2111198295e-07 3.6504682780e-13 -9.3969788086e-08 4.2946584299e-14
d  1.3421810969e-02 2.6047335835e+00 0.0000000000e+00 9.3970394145e-01 3.0000000000e+02 -3.1270484472e-07 -3.8270141615e-13 9.3970392609e-08 3.1270510223e-07 -2.1873458737e-07 3.8274434520e-13 -9.3970939554e-08 4.2367017722e-14
d  1.3421865565e-02 2.6046953667e+00 0.0000000000e+00 9.3971325298e-01 3.0000000000e+02 -3.1121972342e-07 -3.9460555614e-13 9.3971323595e-08 3.1121999609e-07 -2.1724857410e-07 3.9466703426e-13 -9.3971858293e-08 4.1989759497e-14
d  1.3421931079e-02 2.6046495066e+00 0.0000000000e+00 9.3972622208e-01 3.0000000000e+02 -3.0936882863e-07 -4.1115723750e-13 9.3972620772e-08 3.0936906002e-07 -2.1539643033e-07 4.1120729058e-13 -9.3973081865e-08 4.1470508048e-14
d  1.3422009696e-02 2.6045944745e+00 0.0000000000e+00 9.3974478838e-01 3.0000000000e+02 -3.0703338287e-07 -4.3361312446e-13 9.3974476755e-08 3.0703372489e-07 -2.1305901129e-07 4.3367855026e-13 -9.3975187731e-08 4.0735338550e-14
d  1.3422104037e-02 2.6045284359e+00 0.0000000000e+00 9.3977229219e-01 3.0000000000e+02 -3.0403144386e-07 -4.6719727696e-13 9.3977227254e-08 3.0403177165e-07 -2.1005433747e-07 4.6725333674e-13 -9.3977940699e-08 3.9661715733e-14
d  1.3422160642e-02 2.6044888128e+00 0.0000000000e+00 9.3979198600e-01 3.0000000000e+02 -3.0210881308e-07 -4.9194646300e-13 9.3979196902e-08 3.0210908329e-07 -2.0812987775e-07 4.9200814892e-13 -9.3979735979e-08 3.8896276193e-14
d  1.3422228567e-02 2.6044412651e+00 0.0000000000e+00 9.3981953896e-01 3.0000000000e+02 -2.9965212030e-07 -5.2753138202e-13 9.3981952258e-08 2.9965238256e-07 -2.0567046229e-07 5.2758921479e-13 -9.3982485216e-08 3.7796925598e-14
d  1.3422310078e-02 2.6043842078e+00 0.0000000000e+00 9.3985974395e-01 3.0000000000e+02 -2.9643282674e-07 -5.8151173856e-13 9.3985972679e-08 2.9643310645e-07 -2.0244715365e-07 5.8156720554e-13 -9.3986570127e-08 3.6096114917e-14
d  1.3422358984e-02 2.6043499734e+00 0.0000000000e+00 9.3988835303e-01 3.0000000000e+02 -2.9433166334e-07 -6.2288176944e-13 9.3988834065e-08 2.9433185438e-07 -2.0034330667e-07 6.2293189948e-13 -9.3989204996e-08 3.4843920967e-14
d  1.3422417671e-02 2.6043088921e+00 0.0000000000e+00 9.3992838084e-01 3.0000000000e+02 -2.9159364915e-07 -6.8441711240e-13 9.3992836844e-08 2.9159384166e-07 -1.9760134096e-07 6.8446596515e-13 -9.3993217809e-08 3.3039182726e-14
d  1.3422488096e-02 2.6042595946e+00 0.0000000000e+00 9.3998727350e-01 3.0000000000e+02 -2.8789555998e-07 -7.8340271478e-13 9.3998725866e-08 2.8789579539e-07 -1.9389739145e-07 7.8345675811e-13 -9.3999217217e-08 3.0152897601e-14
d  1.3422530352e-02 2.6042300161e+00 0.0000000000e+00 9.4002965083e-01 3.0000000000e+02 -2.8540905443e-07 -8.6332240006e-13 9.4002964211e-08 2.8540918402e-07 -1.9140686656e-07 8.6336154324e-13 -9.4003208295e-08 2.8014764672e-14
d  1.3422581058e-02 2.6041945219e+00 0.0000000000e+00 9.4008999776e-01 3.0000000000e+02 -2.8206471813e-07 -9.8810664757e-13 9.4008998851e-08 2.8206485653e-07 -1.8805660444e-07 9.8814713659e-13 -9.4009264582e-08 2.4692645162e-14
d  1.3422641905e-02 2.6041519288e+00 0.0000000000e+00 9.4018176462e-01 3.0000000000e+02 -2.7731729614e-07 -1.2054484212e-12 9.4018175123e-08 2.7731750138e-07 -1.8330013365e-07 1.2055031484e-12 -9.4018592053e-08 1.9144240099e-14
d  1.3422678413e-02 2.6041263730e+00 0.0000000000e+00 9.4024997665e-01 3.0000000000e+02 -2.7396866016e-07 -1.3938444813e-12 9.4024997065e-08 2.7396874507e-07 -1.7994500164e-07 1.3938742016e-12 -9.4025151671e-08 1.5009577686e-14
d  1.3422722223e-02 2.6040957060e+00 0.0000000000e+00 9.4035100357e-01 3.0000000000e+02 -2.6922379569e-07 -1.7117277505e-12 9.4035099655e-08 2.6922389579e-07 -1.7519033011e-07 1.7117617848e-12 -9.4035285290e-08 8.1776299539e-15
d  1.3422774795e-02 2.6040589056e+00 0.0000000000e+00 9.4051542900e-01 3.0000000000e+02 -2.6189447195e-07 -2.3376006781e-12 9.4051541520e-08 2.6189467379e-07 -1.6784506892e-07 2.3376640433e-12 -9.4051938403e-08 -3.7580677973e-15
d  1.3422806338e-02 2.6040368254e+00 0.0000000000e+00 9.4064522144e-01 3.0000000000e+02 -2.5630277758e-07 -2.9473157201e-12 9.4064521783e-08 2.5630282529e-07 -1.6224115526e-07 2.9473354111e-12 -9.4064605241e-08 -1.1187320687e-14
d  1.3422844190e-02 2.6040103291e+00 0.0000000000e+00 9.4085121979e-01 3.0000000000e+02 -2.4765420383e-07 -4.1197155303e-12 9.4085121496e-08 2.4765426770e-07 -1.5357313002e-07 4.1197413318e-12 -9.4085234707e-08 -2.2358938343e-14
d  1.3422866901e-02 2.6039944313e+00 0.0000000000e+00 9.4100938710e-01 3.0000000000e+02 -2.4109437840e-07 -5.2270251358e-12 9.4100939130e-08 2.4109432905e-07 -1.4699867021e-07 5.2269975696e-12 -9.4100861677e-08 -2.3218096447e-14
d  1.3422894155e-02 2.6039753540e+00 0.0000000000e+00 9.4125041066e-01 3.0000000000e+02 -2.3114357578e-07 -7.2595191983e-12 9.4125041409e-08 2.3114353587e-07 -1.3702579914e-07 7.2594978152e-12 -9.4124978680e-08 -1.6630445935e-14
d  1.3422926859e-02 2.6039524612e+00 0.0000000000e+00 9.4164813658e-01 3.0000000000e+02 -2.1446523755e-07 -1.1708859037e-11 9.4164813885e-08 2.1446521068e-07 -1.2031219078e-07 1.1708846330e-11 -9.4164770952e-08 4.2766973899e-14
d  1.3422966103e-02 2.6039249898e+00 0.0000000000e+00 9.4229898767e-01 3.0000000000e+02 -1.8343920916e-07 -2.3713301861e-11 9.4229899358e-08 1.8343914192e-07 -8.9233532384e-08 2.3713274396e-11 -9.4229796018e-08 4.7369685377e-13
d  1.3423013197e-02 2.6038920242e+00 0.0000000000e+00 9.4230069313e-01 3.0000000000e+02 -1.3759445019e-07 -4.8608328109e-11 9.4230072742e-08 1.3759408895e-07 -4.3416129690e-08 4.8608287336e-11 -9.4229653119e-08 3.0860453385e-12
d  1.3423069710e-02 2.6038524655e+00 0.0000000000e+00 9.3938139815e-01 3.0000000000e+02 -1.0817483449e-07 -5.3475773051e-11 9.3938138876e-08 1.0817495022e-07 -1.4296730007e-08 5.3475752813e-11 -9.3938257802e-08 6.5624268858e-12
d  1.3423107481e-02 2.6038260254e+00 0.0000000000e+00 9.3747726837e-01 3.0000000000e+02 -1.0065704317e-07 -3.9296691689e-11 9.3747722128e-08 1.0065752291e-07 -6.9531581895e-09 3.9296589120e-11 -9.3748210186e-08 4.5485549684e-12
d  1.3423151877e-02 2.6037949485e+00 0.0000000000e+00 9.3641643405e-01 3.0000000000e+02 -9.6997704251e-08 -2.5510570143e-11 9.3641639891e-08 9.6998103736e-08 -3.3836136074e-09 2.5510457702e-11 -9.3642044343e-08 2.0430281325e-12
d  1.3423185753e-02 2.6037712352e+00 0.0000000000e+00 9.3612927778e-01 3.0000000000e+02 -9.5736824724e-08 -2.0365921472e-11 9.3612924649e-08 9.5737111778e-08 -2.1456638137e-09 2.0365856920e-11 -9.3613215820e-08 1.4014563038e-12
d  1.3423221150e-02 2.6037464574e+00 0.0000000000e+00 9.3596944175e-01 3.0000000000e+02 -9.5012214870e-08 -1.7232595411e-11 9.3596943023e-08 9.5012319226e-08 -1.4337406955e-09 1.7232571628e-11 -9.3597049041e-08 1.2375480920e-12
d  1.3423263626e-02 2.6037167240e+00 0.0000000000e+00 9.3583913214e-01 3.0000000000e+02 -9.4523476057e-08 -1.4249103803e-11 9.3583912410e-08 9.4523563218e-08 -9.5485568553e-10 1.4249077881e-11 -9.3584000789e-08 1.0441389720e-12
d  1.3423314598e-02 2.6036810439e+00 0.0000000000e+00 9.3573552630e-01 3.0000000000e+02 -9.4199220554e-08 -1.1546277362e-11 9.3573552206e-08 9.4199278166e-08 -6.3805508805e-10 1.1546258016e-11 -9.3573610608e-08 8.4117794664e-13
d  1.3423375764e-02 2.6036382278e+00 0.0000000000e+00 9.3565181995e-01 3.0000000000e+02 -9.3985100210e-08 -9.2996589359e-12 9.3565181790e-08 9.3985136292e-08 -4.2989747304e-10 9.2996464891e-12 -9.3565218430e-08 6.7992598635e-13
d  1.3423449163e-02 2.6035868485e+00 0.0000000000e+00 9.3557733573e-01 3.0000000000e+02 -9.3842678926e-08 -7.4768868527e-12 9.3557733446e-08 9.3842708962e-08 -2.9297793513e-10 7.4768768016e-12 -9.3557763957e-08 5.5603670188e-13
d  1.3423537241e-02 2.6035251933e+00 0.0000000000e+00 9.3550368988e-01 3.0000000000e+02 -9.3746195650e-08 -6.0086861647e-12 9.3550367048e-08 9.3746863732e-08 -2.0229322855e-10 6.0084790609e-12 -9.3551037266e-08 4.5826915846e-13
d  1.3423642936e-02 2.6034512071e+00 0.0000000000e+00 9.3542513611e-01 3.0000000000e+02 -9.3678927877e-08 -4.8279571814e-12 9.3542512351e-08 9.3679628783e-08 -1.4162235472e-10 4.8277592016e-12 -9.3543214694e-08 3.7994847386e-13
d  1.3423769770e-02 2.6033624236e+00 0.0000000000e+00 9.3533704324e-01 3.0000000000e+02 -9.3630064020e-08 -3.8801720121e-12 9.3533704293e-08 9.3630099577e-08 -1.0055704431e-10 3.8801629644e-12 -9.3533740226e-08 3.1721965654e-13
d  1.3423921970e-02 2.6032558835e+00 0.0000000000e+00 9.3523535749e-01 3.0000000000e+02 -9.3592550915e-08 -3.1216482481e-12 9.3523535726e-08 9.3593160824e-08 -7.2403277493e-11 3.1215122930e-12 -9.3524145872e-08 2.6691221349e-13
d  1.3424104610e-02 2.6031280353e+00 0.0000000000e+00 9.3511610518e-01 3.0000000000e+02 -9.3561706949e-08 -2.5162615182e-12 9.3511610121e-08 9.3561101374e-08 -5.2839122825e-11 2.5163791998e-12 -9.3511005423e-08 2.2662351414e-13
d  1.3424323779e-02 2.6029746175e+00 0.0000000000e+00 9.3497469163e-01 3.0000000000e+02 -9.3534299910e-08 -2.0339596701e-12 9.3497468875e-08 9.3534068563e-08 -3.9058680464e-11 2.0339985400e-12 -9.3497238213e-08 1.9446717120e-13
d  1.3424586781e-02 2.6027905161e+00 0.0000000000e+00 9.3480631920e-01 3.0000000000e+02 -9.3508036374e-08 -1.6495027121e-12 9.3480631706e-08 9.3507913288e-08 -2.9222274113e-11 1.6495204662e-12 -9.3480509207e-08 1.6865949881e-13
d  1.3424902383e-02 2.6025695944e+00 0.0000000000e+00 9.3460509234e-01 3.0000000000e+02 -9.3481127594e-08 -1.3434606397e-12 9.3460509072e-08 9.3481052363e-08 -2.2109536959e-11 1.3434699017e-12 -9.3460434367e-08 1.4806140138e-13
d  1.3425281106e-02 2.6023044885e+00 0.0000000000e+00 9.3436422035e-01 3.0000000000e+02 -9.3452093646e-08 -1.0995613062e-12 9.3436421909e-08 9.3452043639e-08 -1.6902378393e-11 1.0995665363e-12 -9.3436372387e-08 1.3155126473e-13
d  1.3425735574e-02 2.6019863613e+00 0.0000000000e+00 9.3407561134e-01 3.0000000000e+02 -9.3419584033e-08 -9.0496808697e-13 9.3407561031e-08 9.3419547312e-08 -1.3045833505e-11 9.0497133778e-13 -9.3407524770e-08 1.1831248092e-13
d  1.3426280935e-02 2.6016046087e+00 0.0000000000e+00 9.3372960652e-01 3.0000000000e+02 -9.3382262477e-08 -7.4945688786e-13 9.3372960565e-08 9.3382233915e-08 -1.0158613146e-11 7.4945902196e-13 -9.3372932446e-08 1.0767702165e-13
d  1.3426935368e-02 2.6011465055e+00 0.0000000000e+00 9.3331465271e-01 3.0000000000e+02 -9.3338716837e-08 -6.2498061084e-13 9.3331465195e-08 9.3338693322e-08 -7.9753190537e-12 6.2498209056e-13 -9.3331442111e-08 9.9118273235e-14
d  1.3427720688e-02 2.6005967818e+00 0.0000000000e+00 9.3281691249e-01 3.0000000000e+02 -9.3287382899e-08 -5.2522695075e-13 9.3281691179e-08 9.3287362565e-08 -6.3087525030e-12 5.2522802659e-13 -9.3281671270e-08 9.2221900177e-14
d  1.3428663072e-02 2.5999371133e+00 0.0000000000e+00 9.3221980124e-01 3.0000000000e+02 -9.3226473831e-08 -4.4522125698e-13 9.3221980058e-08 9.3226455608e-08 -5.0252428550e-12 4.4522206665e-13 -9.3221962256e-08 8.6660099859e-14
d  1.3429793932e-02 2.5991455110e+00 0.0000000000e+00 9.3150343461e-01 3.0000000000e+02 -9.3153909035e-08 -3.8098642958e-13 9.3150343401e-08 9.3153892723e-08 -4.0283854793e-12 3.8098703744e-13 -9.3150327503e-08 8.2169480920e-14
d  1.3431150965e-02 2.5981955884e+00 0.0000000000e+00 9.3064396802e-01 3.0000000000e+02 -9.3067237342e-08 -3.2932073948e-13 9.3064396799e-08 9.3067236318e-08 -3.2480552276e-12 3.2932076376e-13 -9.3064396132e-08 7.8536696524e-14
d  1.3432779404e-02 2.5970556812e+00 0.0000000000e+00 9.2961286167e-01 3.0000000000e+02 -9.2963556103e-08 -2.8765952676e-13 9.2961286166e-08 9.2963555676e-08 -2.6328274844e-12 2.8765953122e-13 -9.2961286092e-08 7.5587857700e-14
d  1.3434733531e-02 2.5956877926e+00 0.0000000000e+00 9.2837578786e-01 3.0000000000e+02 -9.2839396630e-08 -2.5394615489e-13 9.2837578792e-08 9.2839397810e-08 -2.1446261696e-12 2.5394612270e-13 -9.2837580319e-08 7.3188831900e-14
d  1.3437078484e-02 2.5940463262e+00 0.0000000000e+00 9.2689161965e-01 3.0000000000e+02 -9.2690619425e-08 -2.2659629173e-13 9.2689161989e-08 9.2690624962e-08 -1.7549335408e-12 2.2659618302e-13 -9.2689167854e-08 7.1229490135e-14
d  1.3439892427e-02 2.5920765666e+00 0.0000000000e+00 9.2511105500e-01 3.0000000000e+02 -9.2512274035e-08 -2.0435858428e-13 9.2511105577e-08 9.2512291733e-08 -1.4421675859e-12 2.0435830188e-13 -9.2511123549e-08 6.9624941652e-14
d  1.3443269159e-02 2.5897128550e+00 0.0000000000e+00 9.2297498812e-01 3.0000000000e+02 -9.2298434504e-08 -1.8623603388e-13 9.2297498938e-08 9.2298463223e-08 -1.1898840450e-12 1.8623565161e-13 -9.2297527883e-08 6.8307147193e-14
d  1.3447321237e-02 2.5868764011e+00 0.0000000000e+00 9.2041257945e-01 3.0000000000e+02 -9.2042005130e-08 -1.7142514100e-13 9.2041257923e-08 9.2042000116e-08 -9.8548090387e-13 1.7142519364e-13 -9.2041253282e-08 6.7220728238e-14
d  1.3452183731e-02 2.5834726565e+00 0.0000000000e+00 9.1733900920e-01 3.0000000000e+02 -9.1734494906e-08 -1.5928082585e-13 9.1733900764e-08 9.1734460167e-08 -8.1923649919e-13 1.5928114646e-13 -9.1733866532e-08 6.6320005757e-14
d  1.3458018723e-02 2.5793881629e+00 0.0000000000e+00 9.1365251483e-01 3.0000000000e+02 -9.1365720547e-08 -1.4930337958e-13 9.1365251186e-08 9.1365656325e-08 -6.8359023240e-13 1.4930387962e-13 -9.1365187611e-08 6.5572394722e-14
d  1.3465020714e-02 2.5744867707e+00 0.0000000000e+00 9.0923131341e-01 3.0000000000e+02 -9.0923498272e-08 -1.4108474349e-13 9.0923131275e-08 9.0923484118e-08 -5.7261353591e-13 1.4108483495e-13 -9.0923117536e-08 6.4947351678e-14
d  1.3473423103e-02 2.5686050999e+00 0.0000000000e+00 9.0392963453e-01 3.0000000000e+02 -9.0393246669e-08 -1.3431315201e-13 9.0392963387e-08 9.0393232891e-08 -4.8160541607e-13 1.3431322706e-13 -9.0392950022e-08 6.4423191810e-14
d  1.3483505970e-02 2.5615470950e+00 0.0000000000e+00 8.9757313600e-01 3.0000000000e+02 -8.9757528021e-08 -1.2874190244e-13 8.9757313526e-08 8.9757513118e-08 -4.0679779806e-13 1.2874197112e-13 -8.9757299044e-08 6.3981707943e-14
d  1.3495605411e-02 2.5530774892e+00 0.0000000000e+00 8.8995336915e-01 3.0000000000e+02 -8.8995494607e-08 -1.2417994724e-13 8.8995336805e-08 8.8995473472e-08 -3.4513680541e-13 1.2418003018e-13 -8.8995316124e-08 6.3609182525e-14
d  1.3510124739e-02 2.5429139621e+00 0.0000000000e+00 8.8082138484e-01 3.0000000000e+02 -8.8082249173e-08 -1.2047629782e-13 8.8082138343e-08 8.8082223228e-08 -2.9411767180e-13 1.2047638452e-13 -8.8082112881e-08 6.3293913817e-14
d  1.3527547933e-02 2.5307177297e+00 0.0000000000e+00 8.6988041491e-01 3.0000000000e+02 -8.6988112943e-08 -1.1751113483e-13 8.6988041358e-08 8.6988089590e-08 -2.5164826575e-13 1.1751120131e-13 -8.6988018478e-08 6.3025472090e-14
d  1.3548455766e-02 2.5160822507e+00 0.0000000000e+00 8.5677695085e-01 3.0000000000e+02 -8.5677733369e-08 -1.1518942205e-13 8.5677695068e-08 8.5677730222e-08 -2.1593180763e-13 1.1518942919e-13 -8.5677692276e-08 6.2796025024e-14
d  1.3559942883e-02 2.5080412712e+00 0.0000000000e+00 8.4958994019e-01 3.0000000000e+02 -8.4959018277e-08 -1.1429966264e-13 8.4958993944e-08 8.4959006078e-08 -2.0091994644e-13 1.1429970994e-13 -8.4958982156e-08 6.2697987186e-14
d  1.3571430000e-02 2.5000002917e+00 0.0000000000e+00 8.4241188799e-01 3.0000000000e+02 -8.4241201007e-08 -1.1358690855e-13 8.4241188727e-08 8.4241189625e-08 -1.8807438832e-13 1.1358695794e-13 -8.4241177750e-08 6.2613142886e-14
d  1.3585214540e-02 2.4903511162e+00 0.0000000000e+00 8.3381067432e-01 3.0000000000e+02 -8.3381067083e-08 -1.1288630848e-13 8.3381067329e-08 8.3381051426e-08 -1.7472593717e-13 1.1288636827e-13 -8.3381052108e-08 6.2521092561e-14
d  1.3601755989e-02 2.4787721057e+00 0.0000000000e+00 8.2350688931e-01 3.0000000000e+02 -8.2350675534e-08 -1.1221650161e-13 8.2350688833e-08 8.2350661334e-08 -1.6091478834e-13 1.1221654775e-13 -8.2350675061e-08 6.2425715375e-14
d  1.3611680858e-02 2.4718246994e+00 0.0000000000e+00 8.1733406931e-01 3.0000000000e+02 -8.1733386566e-08 -1.1187483326e-13 8.1733406887e-08 8.1733380132e-08 -1.5355254738e-13 1.1187486379e-13 -8.1733400826e-08 6.2371858973e-14
d  1.3623590700e-02 2.4634878118e+00 0.0000000000e+00 8.0993626204e-01 3.0000000000e+02 -8.0993598160e-08 -1.1150901409e-13 8.0993626139e-08 8.0993589153e-08 -1.4544810277e-13 1.1150905520e-13 -8.0993617524e-08 6.2310129805e-14
d  1.3637882512e-02 2.4534835467e+00 0.0000000000e+00 8.0107314289e-01 3.0000000000e+02 -8.0107277858e-08 -1.1111353243e-13 8.0107314206e-08 8.0107266767e-08 -1.3659539630e-13 1.1111357568e-13 -8.0107303523e-08 6.2237839235e-14
d  1.3655032685e-02 2.4414784286e+00 0.0000000000e+00 7.9045824150e-01 3.0000000000e+02 -7.9045778642e-08 -1.1068888712e-13 7.9045823925e-08 7.9045750303e-08 -1.2701281222e-13 1.1068898270e-13 -7.9045796134e-08 6.2154497266e-14
d  1.3665322789e-02 2.4342753577e+00 0.0000000000e+00 7.8410037290e-01 3.0000000000e+02 -7.8409986787e-08 -1.1045261743e-13 7.8410037096e-08 7.8409962839e-08 -1.2173300206e-13 1.1045273781e-13 -7.8410013664e-08 6.2105266215e-14
d  1.3677670914e-02 2.4256316727e+00 0.0000000000e+00 7.7648242419e-01 3.0000000000e+02 -7.7648186320e-08 -1.1017623816e-13 7.7648242116e-08 7.7648150031e-08 -1.1580097187e-13 1.1017641236e-13 -7.7648206451e-08 6.2044579863e-14
d  1.3692488664e-02 2.4152592506e+00 0.0000000000e+00 7.6735778722e-01 3.0000000000e+02 -7.6735716404e-08 -1.0985954314e-13 7.6735778635e-08 7.6735706267e-08 -1.0919573407e-13 1.0985958382e-13 -7.6735768903e-08 6.1972351578e-14
d  1.3710269964e-02 2.4028123442e+00 0.0000000000e+00 7.5643246105e-01 3.0000000000e+02 -7.5643176949e-08 -1.0950137451e-13 7.5643246079e-08 7.5643173837e-08 -1.0191787454e-13 1.0950138459e-13 -7.5643243309e-08 6.1888255392e-14
d  1.3720938744e-02 2.3953442003e+00 0.0000000000e+00 7.4989055922e-01 3.0000000000e+02 -7.4988982978e-08 -1.0928260720e-13 7.4989055825e-08 7.4988972278e-08 -9.7857574470e-14 1.0928266206e-13 -7.4989045537e-08 6.1834348775e-14
d  1.3733741280e-02 2.3863824277e+00 0.0000000000e+00 7.4205334194e-01 3.0000000000e+02 -7.4205256956e-08 -1.0903448320e-13 7.4205334166e-08 7.4205253827e-08 -9.3255983272e-14 1.0903449764e-13 -7.4205331378e-08 6.1772893351e-14
d  1.3749104323e-02 2.3756283005e+00 0.0000000000e+00 7.3266761876e-01 3.0000000000e+02 -7.3266679837e-08 -1.0874164801e-13 7.3266761874e-08 7.3266679383e-08 -8.8090848325e-14 1.0874164893e-13 -7.3266761733e-08 6.1698878410e-14
d  1.3758322149e-02 2.3691758242e+00 0.0000000000e+00 7.2704626693e-01 3.0000000000e+02 -7.2704541947e-08 -1.0856616002e-13 7.2704626576e-08 7.2704530171e-08 -8.5164254796e-14 1.0856623322e-13 -7.2704615226e-08 6.1653592359e-14
d  1.3769383540e-02 2.3614328526e+00 0.0000000000e+00 7.2031074031e-01 3.0000000000e+02 -7.2030986192e-08 -1.0835812438e-13 7.2031073903e-08 7.2030973576e-08 -8.1810151783e-14 1.0835819902e-13 -7.2031061723e-08 6.1599322277e-14
d  1.3776020375e-02 2.3567870697e+00 0.0000000000e+00 7.1627477592e-01 3.0000000000e+02 -7.1627387976e-08 -1.0823320088e-13 7.1627477469e-08 7.1627376033e-08 -7.9875983826e-14 1.0823330587e-13 -7.1627465956e-08 6.1566332421e-14
d  1.3783984577e-02 2.3512121301e+00 0.0000000000e+00 7.1143695614e-01 3.0000000000e+02 -7.1143603937e-08 -1.0808453590e-13 7.1143695487e-08 7.1143591868e-08 -7.7628376159e-14 1.0808463637e-13 -7.1143683851e-08 6.1526824578e-14
d  1.3793541619e-02 2.3445222027e+00 0.0000000000e+00 7.0563930813e-01 3.0000000000e+02 -7.0563836764e-08 -1.0790705938e-13 7.0563930681e-08 7.0563824489e-08 -7.5031981187e-14 1.0790714579e-13 -7.0563918843e-08 6.1479268080e-14
d  1.3805010069e-02 2.3364942898e+00 0.0000000000e+00 6.9869384884e-01 3.0000000000e+02 -6.9869288139e-08 -1.0768518225e-13 6.9869384741e-08 6.9869275189e-08 -7.2055089688e-14 1.0768525959e-13 -6.9869372238e-08 6.1418519400e-14
d  1.3811891139e-02 2.3316775420e+00 0.0000000000e+00 6.9453250906e-01 3.0000000000e+02 -6.9453152599e-08 -1.0756099491e-13 6.9453250772e-08 6.9453140567e-08 -7.0336066696e-14 1.0756110170e-13 -6.9453239177e-08 6.1384893145e-14
d  1.3820148423e-02 2.3258974447e+00 0.0000000000e+00 6.8954481649e-01 3.0000000000e+02 -6.8954381536e-08 -1.0740924678e-13 6.8954481512e-08 6.8954369540e-08 -6.8338095735e-14 1.0740934764e-13 -6.8954469954e-08 6.1343174236e-14
d  1.3830057164e-02 2.3189613279e+00 0.0000000000e+00 6.8356814685e-01 3.0000000000e+02 -6.8356712494e-08 -1.0722739271e-13 6.8356814545e-08 6.8356700447e-08 -6.6029060318e-14 1.0722747838e-13 -6.8356802938e-08 6.1292953979e-14
d  1.3836002409e-02 2.3147996579e+00 0.0000000000e+00 6.7998665184e-01 3.0000000000e+02 -6.7998561791e-08 -1.0711842103e-13 6.7998665050e-08 6.7998550336e-08 -6.4688072356e-14 1.0711854203e-13 -6.7998654029e-08 6.1262660086e-14
d  1.3843136703e-02 2.3098056538e+00 0.0000000000e+00 6.7569333973e-01 3.0000000000e+02 -6.7569229178e-08 -1.0698809002e-13 6.7569333834e-08 6.7569217551e-08 -6.3121121895e-14 1.0698820624e-13 -6.7569322644e-08 6.1226283353e-14
d  1.3851697855e-02 2.3038128489e+00 0.0000000000e+00 6.7054782211e-01 3.0000000000e+02 -6.7054675792e-08 -1.0683274726e-13 6.7054782072e-08 6.7054664310e-08 -6.1299211780e-14 1.0683284416e-13 -6.7054771026e-08 6.1182745791e-14
d  1.3861971237e-02 2.2966214831e+00 0.0000000000e+00 6.6438255172e-01 3.0000000000e+02 -6.6438146885e-08 -1.0664648517e-13 6.6438255029e-08 6.6438135425e-08 -5.9193494744e-14 1.0664656702e-13 -6.6438244008e-08 6.1130198817e-14
d  1.3868135267e-02 2.2923066635e+00 0.0000000000e+00 6.6068830204e-01 3.0000000000e+02 -6.6068720836e-08 -1.0653512499e-13 6.6068830067e-08 6.6068709930e-08 -5.7970435484e-14 1.0653524073e-13 -6.6068819593e-08 6.1098609828e-14
d  1.3875532103e-02 2.2871288801e+00 0.0000000000e+00 6.5626010260e-01 3.0000000000e+02 -6.5625899634e-08 -1.0640128163e-13 6.5626010122e-08 6.5625888780e-08 -5.6541261097e-14 1.0640139064e-13 -6.5625999700e-08 6.1060456401e-14
d  1.3884408305e-02 2.2809155400e+00 0.0000000000e+00 6.5095334671e-01 3.0000000000e+02 -6.5095222588e-08 -1.0624130674e-13 6.5095334533e-08 6.5095211941e-08 -5.4879424075e-14 1.0624139704e-13 -6.5095324317e-08 6.1014634142e-14
d  1.3895059749e-02 2.2734595319e+00 0.0000000000e+00 6.4459565222e-01 3.0000000000e+02 -6.4459451468e-08 -1.0604637625e-13 6.4459565079e-08 6.4459440811e-08 -5.2958931194e-14 1.0604645281e-13 -6.4459554856e-08 6.0958252354e-14
d  1.3901450614e-02 2.2689859270e+00 0.0000000000e+00 6.4078675723e-01 3.0000000000e+02 -6.4078561015e-08 -1.0592233963e-13 6.4078675588e-08 6.4078550971e-08 -5.1844429105e-14 1.0592244685e-13 -6.4078665971e-08 6.0921782700e-14
d  1.3909119654e-02 2.2636176012e+00 0.0000000000e+00 6.3622141987e-01 3.0000000000e+02 -6.3622026145e-08 -1.0578884687e-13 6.3622141852e-08 6.3622016291e-08 -5.0539946874e-14 1.0578894644e-13 -6.3622132423e-08 6.0883086689e-14
d  1.3918322500e-02 2.2571756101e+00 0.0000000000e+00 6.3075069934e-01 3.0000000000e+02 -6.3074952785e-08 -1.0562606317e-13 6.3075069800e-08 6.3074943168e-08 -4.9023221397e-14 1.0562614528e-13 -6.3075060606e-08 6.0835518758e-14
d  1.3929365917e-02 2.2494452209e+00 0.0000000000e+00 6.2419708240e-01 3.0000000000e+02 -6.2419589592e-08 -1.0542840907e-13 6.2419708228e-08 6.2419588513e-08 -4.7269965821e-14 1.0542841540e-13 -6.2419707449e-08 6.0777223583e-14
d  1.3935991967e-02 2.2448069874e+00 0.0000000000e+00 6.2027070720e-01 3.0000000000e+02 -6.2026951199e-08 -1.0531399995e-13 6.2027070591e-08 6.2026942240e-08 -4.6250762114e-14 1.0531409632e-13 -6.2027062047e-08 6.0743553414e-14
d  1.3943943226e-02 2.2392411071e+00 0.0000000000e+00 6.1556477444e-01 3.0000000000e+02 -6.1556356909e-08 -1.0517693903e-13 6.1556477315e-08 6.1556348171e-08 -4.5059404249e-14 1.0517702802e-13 -6.1556468992e-08 6.0702843997e-14
d  1.3953484738e-02 2.2325620508e+00 0.0000000000e+00 6.0992613790e-01 3.0000000000e+02 -6.0992492090e-08 -1.0500688059e-13 6.0992613662e-08 6.0992483549e-08 -4.3674374186e-14 1.0500695414e-13 -6.0992605533e-08 6.0651914432e-14
d  1.3959209645e-02 2.2285546171e+00 0.0000000000e+00 6.0654737773e-01 3.0000000000e+02 -6.0654615393e-08 -1.0490727619e-13 6.0654737677e-08 6.0654608985e-08 -4.2865199325e-14 1.0490735754e-13 -6.0654731649e-08 6.0622010117e-14
d  1.3966079533e-02 2.2237456965e+00 0.0000000000e+00 6.0249714262e-01 3.0000000000e+02 -6.0249591081e-08 -1.0479123849e-13 6.0249714139e-08 6.0249583065e-08 -4.1914891327e-14 1.0479133547e-13 -6.0249706529e-08 6.0587196801e-14
d  1.3974323400e-02 2.2179749919e+00 0.0000000000e+00 5.9764296803e-01 3.0000000000e+02 -5.9764172690e-08 -1.0465296454e-13 5.9764296682e-08 5.9764164923e-08 -4.0803853574e-14 1.0465304385e-13 -5.9764289318e-08 6.0545542245e-14
d  1.3984216039e-02 2.2110501463e+00 0.0000000000e+00 5.9182661961e-01 3.0000000000e+02 -5.9182536765e-08 -1.0449075497e-13 5.9182661838e-08 5.9182529133e-08 -3.9510874703e-14 1.0449082092e-13 -5.9182654609e-08 6.0496538741e-14
d  1.3990151622e-02 2.2068952390e+00 0.0000000000e+00 5.8834153681e-01 3.0000000000e+02 -5.8834027865e-08 -1.0438677920e-13 5.8834153586e-08 5.8834021930e-08 -3.8756583957e-14 1.0438685488e-13 -5.8834148025e-08 6.0464705690e-14
d  1.3997274323e-02 2.2019093502e+00 0.0000000000e+00 5.8416396806e-01 3.0000000000e+02 -5.8416270253e-08 -1.0427137136e-13 5.8416396691e-08 5.8416263236e-08 -3.7869938809e-14 1.0427145657e-13 -5.8416390067e-08 6.0429476841e-14
d  1.4005821563e-02 2.1959262836e+00 0.0000000000e+00 5.7915712962e-01 3.0000000000e+02 -5.7915585544e-08 -1.0413911442e-13 5.7915712849e-08 5.7915578769e-08 -3.6832443631e-14 1.0413918388e-13 -5.7915706465e-08 6.0389229274e-14
d  1.4016078252e-02 2.1887466037e+00 0.0000000000e+00 5.7315779102e-01 3.0000000000e+02 -5.7315650680e-08 -1.0398178402e-13 5.7315779098e-08 5.7315650243e-08 -3.5625086123e-14 1.0398178598e-13 -5.7315778941e-08 6.0341056455e-14
d  1.4022232265e-02 2.1844387958e+00 0.0000000000e+00 5.6956274012e-01 3.0000000000e+02 -5.6956145003e-08 -1.0389060612e-13 5.6956273919e-08 5.6956139572e-08 -3.4919289792e-14 1.0389067581e-13 -5.6956268856e-08 6.0313098873e-14
d  1.4029617080e-02 2.1792694263e+00 0.0000000000e+00 5.6525302342e-01 3.0000000000e+02 -5.6525172641e-08 -1.0378515665e-13 5.6525302236e-08 5.6525166564e-08 -3.4089989525e-14 1.0378523084e-13 -5.6525296540e-08 6.0280728341e-14
d  1.4038478859e-02 2.1730661829e+00 0.0000000000e+00 5.6008730428e-01 3.0000000000e+02 -5.6008599910e-08 -1.0366582087e-13 5.6008730322e-08 5.6008593961e-08 -3.3119061296e-14 1.0366588226e-13 -5.6008724752e-08 6.0244158087e-14
d  1.4049112994e-02 2.1656222908e+00 0.0000000000e+00 5.5389637714e-01 3.0000000000e+02 -5.5389506234e-08 -1.0353448816e-13 5.5389637689e-08 5.5389504692e-08 -3.1986894084e-14 1.0353450021e-13 -5.5389636444e-08 6.0203982602e-14
d  1.4055493474e-02 2.1611559555e+00 0.0000000000e+00 5.5018532596e-01 3.0000000000e+02 -5.5018400529e-08 -1.0347435136e-13 5.5018532006e-08 5.5018369528e-08 -3.1322662136e-14 1.0347476805e-13 -5.5018501867e-08 6.0186344474e-14
d  1.4063150051e-02 2.1557963532e+00 0.0000000000e+00 5.4573396631e-01 3.0000000000e+02 -5.4573263822e-08 -1.0343909696e-13 5.4573396536e-08 5.4573258728e-08 -3.0536799133e-14 1.0343915956e-13 -5.4573391807e-08 6.0177364112e-14
d  1.4072337944e-02 2.1493648304e+00 0.0000000000e+00 5.4039173380e-01 3.0000000000e+02 -5.4039039601e-08 -1.0346420265e-13 5.4039173362e-08 5.4039038531e-08 -2.9606376466e-14 1.0346421194e-13 -5.4039172579e-08 6.0189938030e-14
d  1.4077850679e-02 2.1455059168e+00 0.0000000000e+00 5.3718901678e-01 3.0000000000e+02 -5.3718767511e-08 -1.0335633532e-13 5.3718901332e-08 5.3718750056e-08 -2.9076108656e-14 1.0335661408e-13 -5.3718884492e-08 6.0154858882e-14
d  1.4084465961e-02 2.1408752204e+00 0.0000000000e+00 5.3334933482e-01 3.0000000000e+02 -5.3334798824e-08 -1.0325259581e-13 5.3334932905e-08 5.3334770338e-08 -2.8447971014e-14 1.0325302858e-13 -5.3334905264e-08 6.0121453862e-14
d  1.4092404300e-02 2.1353183847e+00 0.0000000000e+00 5.2874674140e-01 3.0000000000e+02 -5.2874538884e-08 -1.0314464918e-13 5.2874673551e-08 5.2874510400e-08 -2.7708148058e-14 1.0314501496e-13 -5.2874645924e-08 6.0086858796e-14
d  1.4101930307e-02 2.1286501819e+00 0.0000000000e+00 5.2323089750e-01 3.0000000000e+02 -5.2322953799e-08 -1.0301424561e-13 5.2323089730e-08 5.2322952661e-08 -2.6842936151e-14 1.0301425576e-13 -5.2323088876e-08 6.0044679647e-14
d  1.4107645911e-02 2.1246492602e+00 0.0000000000e+00 5.1992526757e-01 3.0000000000e+02 -5.1992390404e-08 -1.0293435406e-13 5.1992526406e-08 5.1992373855e-08 -2.6335390418e-14 1.0293462081e-13 -5.1992510473e-08 6.0018721505e-14
d  1.4114504636e-02 2.1198481542e+00 0.0000000000e+00 5.1596238995e-01 3.0000000000e+02 -5.1596102169e-08 -1.0283886534e-13 5.1596238469e-08 5.1596077915e-08 -2.5737269443e-14 1.0283923725e-13 -5.1596215005e-08 5.9987458113e-14
d  1.4122735106e-02 2.1140868269e+00 0.0000000000e+00 5.1121255818e-01 3.0000000000e+02 -5.1121118441e-08 -1.0272459049e-13 5.1121255743e-08 5.1121114880e-08 -2.5034818794e-14 1.0272463432e-13 -5.1121252519e-08 5.9949788664e-14
d  1.4132611670e-02 2.1071732343e+00 0.0000000000e+00 5.0552088273e-01 3.0000000000e+02 -5.0551950254e-08 -1.0258801470e-13 5.0552088250e-08 5.0551949032e-08 -2.4213034358e-14 1.0258802593e-13 -5.0552087313e-08 5.9904658558e-14
d  1.4138537608e-02 2.1030250787e+00 0.0000000000e+00 5.0211014830e-01 3.0000000000e+02 -5.0210876436e-08 -1.0250711172e-13 5.0211014472e-08 5.0210860734e-08 -2.3730741466e-14 1.0250736796e-13 -5.0210999388e-08 5.9877530690e-14
d  1.4145648734e-02 2.0980472919e+00 0.0000000000e+00 4.9802150775e-01 3.0000000000e+02 -4.9802011943e-08 -1.0240980722e-13 4.9802150297e-08 4.9801991417e-08 -2.3162350611e-14 1.0241012579e-13 -4.9802130510e-08 5.9844858189e-14
d  1.4154182085e-02 2.0920739479e+00 0.0000000000e+00 4.9312146355e-01 3.0000000000e+02 -4.9312007018e-08 -1.0228824083e-13 4.9312146347e-08 4.9312006441e-08 -2.2495496729e-14 1.0228824571e-13 -4.9312146037e-08 5.9803719779e-14
d  1.4164422106e-02 2.0849059350e+00 0.0000000000e+00 4.8725115474e-01 3.0000000000e+02 -4.8724975566e-08 -1.0213183660e-13 4.8725115448e-08 4.8724974280e-08 -2.1717028179e-14 1.0213184875e-13 -4.8725114445e-08 5.9750363291e-14
d  1.4170566119e-02 2.0806051273e+00 0.0000000000e+00 4.8373368346e-01 3.0000000000e+02 -4.8373228083e-08 -1.0205362492e-13 4.8373367981e-08 4.8373213251e-08 -2.1258132919e-14 1.0205387078e-13 -4.8373353771e-08 5.9723687491e-14
d  1.4177938934e-02 2.0754441580e+00 0.0000000000e+00 4.7951734353e-01 3.0000000000e+02 -4.7951593681e-08 -1.0195567598e-13 4.7951733887e-08 4.7951575122e-08 -2.0717633312e-14 1.0195596872e-13 -4.7951716050e-08 5.9689740592e-14
d  1.4186786313e-02 2.0692509948e+00 0.0000000000e+00 4.7446449269e-01 3.0000000000e+02 -4.7446308124e-08 -1.0183492788e-13 4.7446449261e-08 4.7446307616e-08 -2.0083738927e-14 1.0183493196e-13 -4.7446449015e-08 5.9647943759e-14
d  1.4197403167e-02 2.0618191991e+00 0.0000000000e+00 4.6841061501e-01 3.0000000000e+02 -4.6840919797e-08 -1.0169759474e-13 4.6841061499e-08 4.6840919505e-08 -1.9340922454e-14 1.0169759573e-13 -4.6841061461e-08 5.9599775331e-14
d  1.4203773279e-02 2.0573601216e+00 0.0000000000e+00 4.6478322552e-01 3.0000000000e+02 -4.6478180520e-08 -1.0161689993e-13 4.6478322175e-08 4.6478166339e-08 -1.8904654140e-14 1.0161713964e-13 -4.6478308623e-08 5.9571328284e-14
d  1.4211417414e-02 2.0520092287e+00 0.0000000000e+00 4.6043523715e-01 3.0000000000e+02 -4.6043381298e-08 -1.0152041883e-13 4.6043523279e-08 4.6043365234e-08 -1.8389622659e-14 1.0152067716e-13 -4.6043507902e-08 5.9536918258e-14
d  1.4220590376e-02 2.0455881571e+00 0.0000000000e+00 4.5522469947e-01 3.0000000000e+02 -4.5522327084e-08 -1.0140383868e-13 4.5522469939e-08 4.5522326618e-08 -1.7786284751e-14 1.0140384229e-13 -4.5522469731e-08 5.9495385382e-14
d  1.4231597930e-02 2.0378828713e+00 0.0000000000e+00 4.4898213533e-01 3.0000000000e+02 -4.4898070145e-08 -1.0126872050e-13 4.4898213520e-08 4.4898069508e-08 -1.7078849482e-14 1.0126872561e-13 -4.4898213144e-08 5.9446412493e-14
d  1.4238202463e-02 2.0332596998e+00 0.0000000000e+00 4.4524183742e-01 3.0000000000e+02 -4.4524040046e-08 -1.0118927528e-13 4.4524183359e-08 4.4524026797e-08 -1.6662961708e-14 1.0118950450e-13 -4.4524170741e-08 5.9417399709e-14
d  1.4246127902e-02 2.0277118940e+00 0.0000000000e+00 4.4075907257e-01 3.0000000000e+02 -4.4075763219e-08 -1.0108183048e-13 4.4075907216e-08 4.4075761635e-08 -1.6175043448e-14 1.0108185355e-13 -4.4075905920e-08 5.9378198995e-14
d  1.4255638429e-02 2.0210545270e+00 0.0000000000e+00 4.3538737584e-01 3.0000000000e+02 -4.3538593123e-08 -1.0096875496e-13 4.3538737577e-08 4.3538592679e-08 -1.5599231295e-14 1.0096875839e-13 -4.3538737386e-08 5.9336419458e-14
d  1.4267051061e-02 2.0130656866e+00 0.0000000000e+00 4.2895211631e-01 3.0000000000e+02 -4.2895066677e-08 -1.0083691387e-13 4.2895211619e-08 4.2895066100e-08 -1.4924930075e-14 1.0083691841e-13 -4.2895211298e-08 5.9286578924e-14
d  1.4273898641e-02 2.0082723824e+00 0.0000000000e+00 4.2509644251e-01 3.0000000000e+02 -4.2509499002e-08 -1.0076240045e-13 4.2509643890e-08 4.2509487555e-08 -1.4527817831e-14 1.0076260382e-13 -4.2509633048e-08 5.9258154260e-14
d  1.4282115736e-02 2.0025204174e+00 0.0000000000e+00 4.2047502919e-01 3.0000000000e+02 -4.2047357328e-08 -1.0067142516e-13 4.2047502882e-08 4.2047355994e-08 -1.4060694770e-14 1.0067144466e-13 -4.2047501829e-08 5.9223330259e-14
d  1.4285710000e-02 2.0000044333e+00 0.0000000000e+00 4.1845540330e-01 3.0000000000e+02 -4.1845394589e-08 -1.0063085326e-13 4.1845540175e-08 4.1845389640e-08 -1.3858857106e-14 1.0063101078e-13 -4.1845535623e-08 5.9208241367e-14
d  1.4290023117e-02 1.9969852525e+00 0.0000000000e+00 4.1603332423e-01 3.0000000000e+02 -4.1603186506e-08 -1.0058778173e-13 4.1603331162e-08 4.1603148194e-08 -1.3618562101e-14 1.0058904024e-13 -4.1603294354e-08 5.9190684818e-14
d  1.4295198857e-02 1.9933622355e+00 0.0000000000e+00 4.1312893023e-01 3.0000000000e+02 -4.1312746897e-08 -1.0053184756e-13 4.1312892870e-08 4.1312742159e-08 -1.3333556984e-14 1.0053197399e-13 -4.1312888525e-08 5.9168830783e-14
d  1.4301409745e-02 1.9890146151e+00 0.0000000000e+00 4.0964667740e-01 3.0000000000e+02 -4.0964521364e-08 -1.0046794800e-13 4.0964667461e-08 4.0964513012e-08 -1.2995476077e-14 1.0046813992e-13 -4.0964659628e-08 5.9143561334e-14
d  1.4308862811e-02 1.9837974706e+00 0.0000000000e+00 4.0547267333e-01 3.0000000000e+02 -4.0547120680e-08 -1.0038006623e-13 4.0547266993e-08 4.0547110786e-08 -1.2597342097e-14 1.0038025953e-13 -4.0547257678e-08 5.9109080758e-14
d  1.4317806489e-02 1.9775368972e+00 0.0000000000e+00 4.0047001935e-01 3.0000000000e+02 -4.0046854929e-08 -1.0029534400e-13 4.0047001932e-08 4.0046854629e-08 -1.2125733971e-14 1.0029534572e-13 -4.0047001874e-08 5.9074594075e-14
d  1.4328538904e-02 1.9700242091e+00 0.0000000000e+00 3.9447554668e-01 3.0000000000e+02 -3.9447407250e-08 -1.0019354632e-13 3.9447554653e-08 3.9447406649e-08 -1.1571688890e-14 1.0019355216e-13 -3.9447554303e-08 5.9032584770e-14
d  1.4334978353e-02 1.9655165962e+00 0.0000000000e+00 3.9088364119e-01 3.0000000000e+02 -3.9088216470e-08 -1.0012597428e-13 3.9088363815e-08 3.9088208175e-08 -1.1246247495e-14 1.0012614915e-13 -3.9088356060e-08 5.9004873861e-14
d  1.4342705691e-02 1.9601074608e+00 0.0000000000e+00 3.8657778357e-01 3.0000000000e+02 -3.8657630418e-08 -1.0005833412e-13 3.8657778020e-08 3.8657621409e-08 -1.0859747952e-14 1.0005851525e-13 -3.8657769584e-08 5.8975998103e-14
d  1.4351978497e-02 1.9536164983e+00 0.0000000000e+00 3.8141710031e-01 3.0000000000e+02 -3.8141561752e-08 -9.9976061990e-14 3.8141710027e-08 3.8141561464e-08 -1.0404683795e-14 9.9976063621e-14 -3.8141709976e-08 5.8940614157e-14
d  1.4363105865e-02 1.9458273433e+00 0.0000000000e+00 3.7523283970e-01 3.0000000000e+02 -3.7523135276e-08 -9.9891377405e-14 3.7523283958e-08 3.7523134794e-08 -9.8680324107e-15 9.9891381701e-14 -3.7523283719e-08 5.8902403501e-14
d  1.4376458706e-02 1.9364803573e+00 0.0000000000e+00 3.6782401061e-01 3.0000000000e+02 -3.6782251887e-08 -9.9788789133e-14 3.6782401039e-08 3.6782251168e-08 -9.2401159793e-15 9.9788795866e-14 -3.6782400572e-08 5.8855444505e-14
d  1.4384470410e-02 1.9308721657e+00 0.0000000000e+00 3.6338535727e-01 3.0000000000e+02 -3.6338386280e-08 -9.9723667481e-14 3.6338535725e-08 3.6338386022e-08 -8.8721952070e-15 9.9723668725e-14 -3.6338535699e-08 5.8825471924e-14
d  1.4394084456e-02 1.9241423358e+00 0.0000000000e+00 3.5806525981e-01 3.0000000000e+02 -3.5806376197e-08 -9.9656909411e-14 3.5806525978e-08 3.5806375918e-08 -8.4368594946e-15 9.9656910997e-14 -3.5806525931e-08 5.8793030638e-14
d  1.4405621310e-02 1.9160665399e+00 0.0000000000e+00 3.5168975843e-01 3.0000000000e+02 -3.5168825652e-08 -9.9585007378e-14 3.5168975837e-08 3.5168825337e-08 -7.9241994464e-15 9.9585009335e-14 -3.5168975754e-08 5.8756375054e-14
d  1.4419465536e-02 1.9063755848e+00 0.0000000000e+00 3.4405111838e-01 3.0000000000e+02 -3.4404961165e-08 -9.9506527748e-14 3.4405111763e-08 3.4404959397e-08 -7.3230749588e-15 9.9506549133e-14 -3.4405110295e-08 5.8714093661e-14
d  1.4427772071e-02 1.9005610118e+00 0.0000000000e+00 3.3947384349e-01 3.0000000000e+02 -3.3947233381e-08 -9.9469126953e-14 3.3947384313e-08 3.3947232459e-08 -6.9689214897e-15 9.9469141876e-14 -3.3947383651e-08 5.8691410300e-14
d  1.4437739913e-02 1.8935835241e+00 0.0000000000e+00 3.3398701935e-01 3.0000000000e+02 -3.3398550625e-08 -9.9419237949e-14 3.3398701329e-08 3.3398538288e-08 -6.5502626001e-15 9.9419475394e-14 -3.3398689821e-08 5.8662218823e-14
d  1.4449701324e-02 1.8852105389e+00 0.0000000000e+00 3.2741029186e-01 3.0000000000e+02 -3.2740877448e-08 -9.9384865857e-14 3.2741029124e-08 3.2740876061e-08 -6.0582704926e-15 9.9384885948e-14 -3.2741028021e-08 5.8634462295e-14
d  1.4456878171e-02 1.8801867478e+00 0.0000000000e+00 3.2346785683e-01 3.0000000000e+02 -3.2346633680e-08 -9.9369113047e-14 3.2346785305e-08 3.2346626329e-08 -5.7665104902e-15 9.9369293460e-14 -3.2346778552e-08 5.8619667953e-14
d  1.4465490386e-02 1.8741581984e+00 0.0000000000e+00 3.1874023673e-01 3.0000000000e+02 -3.1873871356e-08 -9.9355326058e-14 3.1874023193e-08 3.1873862276e-08 -5.4208668996e-15 9.9355540238e-14 -3.1874014814e-08 5.8602778319e-14
d  1.4475825045e-02 1.8669239392e+00 0.0000000000e+00 3.1307485834e-01 3.0000000000e+02 -3.1307333244e-08 -9.9271525003e-14 3.1307485771e-08 3.1307331936e-08 -5.0227190981e-15 9.9271548114e-14 -3.1307484744e-08 5.8558617638e-14
d  1.4488226636e-02 1.8582428282e+00 0.0000000000e+00 3.0628691908e-01 3.0000000000e+02 -3.0628538943e-08 -9.9211544778e-14 3.0628691785e-08 3.0628536645e-08 -4.5484956102e-15 9.9211582227e-14 -3.0628689826e-08 5.8518451501e-14
d  1.4495667591e-02 1.8530341616e+00 0.0000000000e+00 3.0221746938e-01 3.0000000000e+02 -3.0221593668e-08 -9.9233969209e-14 3.0221746483e-08 3.0221585810e-08 -4.2629213294e-15 9.9234173844e-14 -3.0221739296e-08 5.8514414477e-14
d  1.4504596736e-02 1.8467837616e+00 0.0000000000e+00 2.9733705894e-01 3.0000000000e+02 -2.9733552294e-08 -9.9240184081e-14 2.9733705258e-08 2.9733541665e-08 -3.9266198039e-15 9.9240451056e-14 -2.9733695480e-08 5.8501499450e-14
d  1.4515311710e-02 1.8392832817e+00 0.0000000000e+00 2.9148435473e-01 3.0000000000e+02 -2.9148281470e-08 -9.9256230417e-14 2.9148435361e-08 2.9148279509e-08 -3.5287264176e-15 9.9256269386e-14 -2.9148433725e-08 5.8488205355e-14
d  1.4528169680e-02 1.8302827057e+00 0.0000000000e+00 2.8446486447e-01 3.0000000000e+02 -2.8446331926e-08 -9.9307019566e-14 2.8446486424e-08 2.8446331386e-08 -3.0564815525e-15 9.9307026329e-14 -2.8446486118e-08 5.8482000277e-14
d  1.4535884461e-02 1.8248823602e+00 0.0000000000e+00 2.8025474952e-01 3.0000000000e+02 -2.8025320114e-08 -9.9345542372e-14 2.8025474349e-08 2.8025310971e-08 -2.7770176602e-15 9.9345798016e-14 -2.8025466020e-08 5.8480177519e-14
d  1.4545142199e-02 1.8184019455e+00 0.0000000000e+00 2.7520399454e-01 3.0000000000e+02 -2.7520244239e-08 -9.9392324738e-14 2.7520398518e-08 2.7520230595e-08 -2.4462187253e-15 9.9392693776e-14 -2.7520386019e-08 5.8477609087e-14
d  1.4556251484e-02 1.8106254479e+00 0.0000000000e+00 2.6914382386e-01 3.0000000000e+02 -2.6914226686e-08 -9.9475008454e-14 2.6914382384e-08 2.6914226479e-08 -2.0520389103e-15 9.9475009071e-14 -2.6914382387e-08 5.8483016041e-14
d  1.4569582627e-02 1.8012936508e+00 0.0000000000e+00 2.6187062796e-01 3.0000000000e+02 -2.6186906476e-08 -9.9610414312e-14 2.6187062793e-08 2.6186906256e-08 -1.5836313210e-15 9.9610415124e-14 -2.6187062782e-08 5.8499406906e-14
d  1.4577581312e-02 1.7956945725e+00 0.0000000000e+00 2.5750536231e-01 3.0000000000e+02 -2.5750379518e-08 -9.9709092516e-14 2.5750535339e-08 2.5750367832e-08 -1.3048818160e-15 9.9709447995e-14 -2.5750524751e-08 5.8514540605e-14
d  1.4587179735e-02 1.7889756785e+00 0.0000000000e+00 2.5226470980e-01 3.0000000000e+02 -2.5226313778e-08 -9.9842722243e-14 2.5226470802e-08 2.5226311381e-08 -9.7277444781e-16 9.9842788270e-14 -2.5226468788e-08 5.8536923570e-14
d  1.4598697842e-02 1.7809130058e+00 0.0000000000e+00 2.4597121074e-01 3.0000000000e+02 -2.4596963256e-08 -1.0002717979e-13 2.4597121071e-08 2.4596963038e-08 -5.7722066060e-16 1.0002718083e-13 -2.4597121058e-08 5.8570805959e-14
d  1.4612519571e-02 1.7712377986e+00 0.0000000000e+00 2.3841022711e-01 3.0000000000e+02 -2.3840864120e-08 -1.0027989110e-13 2.3841022681e-08 2.3840863604e-08 -1.0711306745e-16 1.0027989868e-13 -2.3841022397e-08 5.8619986542e-14
d  1.4620812608e-02 1.7654326742e+00 0.0000000000e+00 2.3386728150e-01 3.0000000000e+02 -2.3386569036e-08 -1.0047518898e-13 2.3386727991e-08 2.3386567116e-08 1.7604784135e-16 1.0047524821e-13 -2.3386726430e-08 5.8662811672e-14
d  1.4630764253e-02 1.7584665250e+00 0.0000000000e+00 2.2840824046e-01 3.0000000000e+02 -2.2840664298e-08 -1.0071785055e-13 2.2840823720e-08 2.2840660672e-08 5.1288322643e-16 1.0071796401e-13 -2.2840820618e-08 5.8715961128e-14
d  1.4642706226e-02 1.7501071459e+00 0.0000000000e+00 2.2184445012e-01 3.0000000000e+02 -2.2184284452e-08 -1.0104851530e-13 2.2184444559e-08 2.2184279707e-08 9.1784996498e-16 1.0104864577e-13 -2.2184440465e-08 5.8791014103e-14
d  1.4657036594e-02 1.7400758910e+00 0.0000000000e+00 2.1394429822e-01 3.0000000000e+02 -2.1394268191e-08 -1.0151991717e-13 2.1394429797e-08 2.1394267780e-08 1.4019754467e-15 1.0151992309e-13 -2.1394429606e-08 5.8904102372e-14
d  1.4665634815e-02 1.7340571381e+00 0.0000000000e+00 2.0918849901e-01 3.0000000000e+02 -2.0918687521e-08 -1.0187968972e-13 2.0918849522e-08 2.0918683863e-08 1.6989739374e-15 1.0187982260e-13 -2.0918846437e-08 5.8995396480e-14
d  1.4675952680e-02 1.7268346345e+00 0.0000000000e+00 2.0346310623e-01 3.0000000000e+02 -2.0346147311e-08 -1.0233774966e-13 2.0346310015e-08 2.0346141796e-08 2.0550883436e-15 1.0233794786e-13 -2.0346305301e-08 5.9112373716e-14
d  1.4688334118e-02 1.7181676303e+00 0.0000000000e+00 1.9656153252e-01 3.0000000000e+02 -1.9655988720e-08 -1.0296200286e-13 1.9656152469e-08 1.9655982034e-08 2.4871610768e-15 1.0296221421e-13 -1.9656146758e-08 5.9274948534e-14
d  1.4703191844e-02 1.7077672253e+00 0.0000000000e+00 1.8822597703e-01 3.0000000000e+02 -1.8822431532e-08 -1.0383906157e-13 1.8822597682e-08 1.8822431196e-08 3.0136627624e-15 1.0383906629e-13 -1.8822597557e-08 5.9508356938e-14
d  1.4712106480e-02 1.7015269822e+00 0.0000000000e+00 1.8319060292e-01 3.0000000000e+02 -1.8318892953e-08 -1.0449629472e-13 1.8319059361e-08 1.8318885840e-08 3.3425701177e-15 1.0449660029e-13 -1.8319053368e-08 5.9688415673e-14
d  1.4722804042e-02 1.6940386906e+00 0.0000000000e+00 1.7710845130e-01 3.0000000000e+02 -1.7710676300e-08 -1.0535055125e-13 1.7710843950e-08 1.7710667787e-08 3.7424894056e-15 1.0535091147e-13 -1.7710836804e-08 5.9923816697e-14
d  1.4735641117e-02 1.6850527406e+00 0.0000000000e+00 1.6974145894e-01 3.0000000000e+02 -1.6973975021e-08 -1.0655628238e-13 1.6974145471e-08 1.6973972053e-08 4.2412970387e-15 1.0655638916e-13 -1.6974143113e-08 6.0261677958e-14
d  1.4743343362e-02 1.6796611706e+00 0.0000000000e+00 1.6527967521e-01 3.0000000000e+02 -1.6527795224e-08 -1.0741917234e-13 1.6527966266e-08 1.6527787067e-08 4.5552624020e-15 1.0741963916e-13 -1.6527959548e-08 6.0506510255e-14
d  1.4752586056e-02 1.6731912866e+00 0.0000000000e+00 1.5987692318e-01 3.0000000000e+02 -1.5987518149e-08 -1.0857065730e-13 1.5987690420e-08 1.5987506505e-08 4.9453696573e-15 1.0857131451e-13 -1.5987680858e-08 6.0836081901e-14
d  1.4763677289e-02 1.6654274258e+00 0.0000000000e+00 1.5331103900e-01 3.0000000000e+02 -1.5330927163e-08 -1.1017843680e-13 1.5331103406e-08 1.5330924204e-08 5.4397557515e-15 1.1017857804e-13 -1.5331101123e-08 6.1300882068e-14
d  1.4776986768e-02 1.6561107929e+00 0.0000000000e+00 1.4528769981e-01 3.0000000000e+02 -1.4528589586e-08 -1.1251154853e-13 1.4528765940e-08 1.4528568395e-08 6.0810476510e-15 1.1251250240e-13 -1.4528748971e-08 6.1982254480e-14
d  1.4784972456e-02 1.6505208131e+00 0.0000000000e+00 1.4038126248e-01 3.0000000000e+02 -1.4037943078e-08 -1.1431930096e-13 1.4038122237e-08 1.4037923013e-08 6.5150150251e-15 1.1432069752e-13 -1.4038106365e-08 6.2516586872e-14
d  1.4794555281e-02 1.6438128374e+00 0.0000000000e+00 1.3438053972e-01 3.0000000000e+02 -1.3437867006e-08 -1.1681108240e-13 1.3438050173e-08 1.3437849211e-08 7.0761379831e-15 1.1681231198e-13 -1.3438036356e-08 6.3257337058e-14
d  1.4806054671e-02 1.6357632665e+00 0.0000000000e+00 1.2697738886e-01 3.0000000000e+02 -1.2697546363e-08 -1.2050033473e-13 1.2697728494e-08 1.2697502004e-08 7.8373189746e-15 1.2050311024e-13 -1.2697694706e-08 6.4362679859e-14
d  1.4812954306e-02 1.6309335240e+00 0.0000000000e+00 1.2240315720e-01 3.0000000000e+02 -1.2240118811e-08 -1.2344900081e-13 1.2240307581e-08 1.2240085703e-08 8.3848362141e-15 1.2345220869e-13 -1.2240282792e-08 6.5252940013e-14
d  1.4821233866e-02 1.6251378330e+00 0.0000000000e+00 1.1674832932e-01 3.0000000000e+02 -1.1674629867e-08 -1.2760745160e-13 1.1674827526e-08 1.1674609327e-08 9.1205446557e-15 1.2760943233e-13 -1.1674812569e-08 6.6512800085e-14
d  1.4831169340e-02 1.6181830038e+00 0.0000000000e+00 1.0965239684e-01 3.0000000000e+02 -1.0965027081e-08 -1.3409430683e-13 1.0965207425e-08 1.0964916393e-08 1.0193484742e-14 1.3410405863e-13 -1.0965129182e-08 6.8492011229e-14
d  1.4837130624e-02 1.6140101062e+00 0.0000000000e+00 1.0518058267e-01 3.0000000000e+02 -1.0517837529e-08 -1.3967119626e-13 1.0518036955e-08 1.0517768215e-08 1.1045361947e-14 1.3968070676e-13 -1.0517989138e-08 7.0200757342e-14
d  1.4844284164e-02 1.6090026292e+00 0.0000000000e+00 9.9523560183e-02 3.0000000000e+02 -9.9521229308e-09 -1.4815871395e-13 9.9523106901e-09 9.9519872715e-09 1.2294932199e-14 1.4817750941e-13 -9.9522205560e-09 7.2813398885e-14
d  1.4852868413e-02 1.6029936567e+00 0.0000000000e+00 9.2128441557e-02 3.0000000000e+02 -9.2125895224e-09 -1.6303133091e-13 9.2128261320e-09 9.2125413544e-09 1.4376975008e-14 1.6303749063e-13 -9.2127961657e-09 7.7400422465e-14
d  1.4858018962e-02 1.5993882733e+00 0.0000000000e+00 8.7199999411e-02 3.0000000000e+02 -8.7197225594e-09 -1.7879893970e-13 8.7199658061e-09 8.7196376660e-09 1.6469447899e-14 1.7881615228e-13 -8.7199152403e-09 8.2289854621e-14
d  1.4864199621e-02 1.5950618131e+00 0.0000000000e+00 8.0423595705e-02 3.0000000000e+02 -8.0420383009e-09 -2.0928172752e-13 8.0423177991e-09 8.0419458923e-09 2.0405382772e-14 2.0930125715e-13 -8.0422673567e-09 9.1760783283e-14
d  1.4867908017e-02 1.5924659370e+00 0.0000000000e+00 7.5525654129e-02 3.0000000000e+02 -7.5521876640e-09 -2.4860288905e-13 7.5526173006e-09 7.5522937545e-09 2.5322309315e-14 2.4856706378e-13 -7.5526716202e-09 1.0398049718e-13
d  1.4870133054e-02 1.5909084114e+00 0.0000000000e+00 7.1987136997e-02 3.0000000000e+02 -7.1982663089e-09 -2.9714176279e-13 7.1987663953e-09 7.1983699079e-09 3.1295315362e-14 2.9708103683e-13 -7.1988173802e-09 1.1908551418e-13
d  1.4871468076e-02 1.5899738960e+00 0.0000000000e+00 6.9463087370e-02 3.0000000000e+02 -6.9457856862e-09 -3.4993299247e-13 6.9463540053e-09 6.9458745274e-09 3.7732013380e-14 3.4984534650e-13 -6.9463976220e-09 1.3550415478e-13
d  1.4872269090e-02 1.5894131867e+00 0.0000000000e+00 6.7707547451e-02 3.0000000000e+02 -6.7701585359e-09 -4.0101555482e-13 6.7707910900e-09 6.7702332691e-09 4.3922734155e-14 4.0089608301e-13 -6.7708294783e-09 1.5137140598e-13
d  1.4873230306e-02 1.5887403356e+00 0.0000000000e+00 6.5171586904e-02 3.0000000000e+02 -6.5164225100e-09 -4.9877619941e-13 6.5171996771e-09 6.5165017948e-09 5.5745082307e-14 4.9865083236e-13 -6.5172379665e-09 1.8176011497e-13
d  1.4873807036e-02 1.5883366250e+00 0.0000000000e+00 6.3288678172e-02 3.0000000000e+02 -6.3279811640e-09 -6.0402162073e-13 6.3289210361e-09 6.3280905872e-09 6.8364962047e-14 6.0377439092e-13 -6.3289770642e-09 2.1431237788e-13
d  1.4874153073e-02 1.5880943986e+00 0.0000000000e+00 6.1954268163e-02 3.0000000000e+02 -6.1943986829e-09 -7.0307704934e-13 6.1954567817e-09 6.1944728181e-09 8.0188258888e-14 7.0283017910e-13 -6.1955007805e-09 2.4487736259e-13
d  1.4874568319e-02 1.5878037269e+00 0.0000000000e+00 5.9998908131e-02 3.0000000000e+02 -5.9985954999e-09 -8.9024953089e-13 5.9999310333e-09 5.9986886115e-09 1.0248661530e-13 8.8994272764e-13 -5.9999836708e-09 3.0258749899e-13
d  1.4874817466e-02 1.5876293239e+00 0.0000000000e+00 5.8555050193e-02 3.0000000000e+02 -5.8539568679e-09 -1.0676692866e-12 5.8555169557e-09 5.8539920138e-09 1.2347973787e-13 1.0675212458e-12 -5.8555401319e-09 3.5702763264e-13
d  1.4875116443e-02 1.5874200403e+00 0.0000000000e+00 5.6356331110e-02 3.0000000000e+02 -5.6335931381e-09 -1.4132166557e-12 5.6356493640e-09 5.6336372139e-09 1.6417033922e-13 1.4130310597e-12 -5.6356771022e-09 4.6266912054e-13
d  1.4875475215e-02 1.5871689000e+00 0.0000000000e+00 5.2320257331e-02 3.0000000000e+02 -5.2287053537e-09 -2.3148054966e-12 5.2320560089e-09 5.2287735294e-09 2.6932861542e-13 2.3145288625e-12 -5.2320936982e-09 7.3627021374e-13
d  1.4875690478e-02 1.5870182158e+00 0.0000000000e+00 4.8535185493e-02 3.0000000000e+02 -4.8485383152e-09 -3.4907795446e-12 4.8535019525e-09 4.8484851741e-09 4.0327332390e-13 3.4910442057e-12 -4.8534659180e-09 1.0863399056e-12
d  1.4875819636e-02 1.5869278053e+00 0.0000000000e+00 4.5438928726e-02 3.0000000000e+02 -4.5372619604e-09 -4.6693178974e-12 4.5438920975e-09 4.5372487106e-09 5.3347895028e-13 4.6693804703e-12 -4.5438798572e-09 1.4284739679e-12
d  1.4875897131e-02 1.5868735590e+00 0.0000000000e+00 4.3155812183e-02 3.0000000000e+02 -4.3075932538e-09 -5.6446894867e-12 4.3155797139e-09 4.3075990968e-09 6.3827326464e-13 5.6446858941e-12 -4.3155872378e-09 1.7052429277e-12
d  1.4875943627e-02 1.5868410112e+00 0.0000000000e+00 4.1591942468e-02 3.0000000000e+02 -4.1502206527e-09 -6.3570136714e-12 4.1591967294e-09 4.1502160498e-09 7.1302807067e-13 6.3569631830e-12 -4.1591897064e-09 1.9035342785e-12
d  1.4875999424e-02 1.5868019539e+00 0.0000000000e+00 3.9467560285e-02 3.0000000000e+02 -3.9363519811e-09 -7.3937209672e-12 3.9467465350e-09 3.9363682228e-09 8.2082764944e-13 7.3938985994e-12 -3.9467727890e-09 2.1899972145e-12
d  1.4876032901e-02 1.5867785195e+00 0.0000000000e+00 3.8048661239e-02 3.0000000000e+02 -3.7934913846e-09 -8.1022902853e-12 3.8048711663e-09 3.7934850474e-09 8.9185120640e-13 8.1021102872e-12 -3.8048596267e-09 2.3800224365e-12
d  1.4876073075e-02 1.5867503982e+00 0.0000000000e+00 3.6181829803e-02 3.0000000000e+02 -3.6054857768e-09 -9.0731605060e-12 3.6181807921e-09 3.6054881943e-09 9.8763565584e-13 9.0732331840e-12 -3.6181856908e-09 2.6371273383e-12
d  1.4876121283e-02 1.5867166526e+00 0.0000000000e+00 3.3677468672e-02 3.0000000000e+02 -3.3532470394e-09 -1.0405640158e-11 3.3677422475e-09 3.3532522927e-09 1.1144103771e-12 1.0405762384e-11 -3.3677525064e-09 2.9798529297e-12
d  1.4876150207e-02 1.5866964053e+00 0.0000000000e+00 3.2033885600e-02 3.0000000000e+02 -3.1877496370e-09 -1.1261835255e-11 3.2033878874e-09 3.1877500794e-09 1.1898771380e-12 1.1261865367e-11 -3.2033892165e-09 3.1871077400e-12
d  1.4876184917e-02 1.5866721085e+00 0.0000000000e+00 2.9917444933e-02 3.0000000000e+02 -2.9746479320e-09 -1.2367441424e-11 2.9917447164e-09 2.9746475875e-09 1.2832990365e-12 1.2367432063e-11 -2.9917442941e-09 3.4460315537e-12
d  1.4876226569e-02 1.5866429524e+00 0.0000000000e+00 2.7174561625e-02 3.0000000000e+02 -2.6985603637e-09 -1.3755916109e-11 2.7174532805e-09 2.6985624542e-09 1.3906007475e-12 1.3756015200e-11 -2.7174585874e-09 3.7495431486e-12
d  1.4876276551e-02 1.5866079650e+00 0.0000000000e+00 2.3635917389e-02 3.0000000000e+02 -2.3426710937e-09 -1.5376415736e-11 2.3635897435e-09 2.3426723008e-09 1.4920116498e-12 1.5376472600e-11 -2.3635932066e-09 4.0522600625e-12
d  1.4876336529e-02 1.5865659801e+00 0.0000000000e+00 1.9205140759e-02 3.0000000000e+02 -1.8978260216e-09 -1.6930901198e-11 1.9205086280e-09 1.8978287970e-09 1.5340744394e-12 1.6931032532e-11 -1.9205172403e-09 4.2232769433e-12
d  1.4876408503e-02 1.5865155983e+00 0.0000000000e+00 1.4090850460e-02 3.0000000000e+02 -1.3860679235e-09 -1.7610928439e-11 1.4090850696e-09 1.3860677562e-09 1.4119001605e-12 1.7610927946e-11 -1.4090850380e-09 3.9942258741e-12
d  1.4876494872e-02 1.5864551401e+00 0.0000000000e+00 9.0588715454e-03 3.0000000000e+02 -8.8537756806e-10 -1.6339508788e-11 9.0588616907e-10 8.8537761351e-10 1.0416607557e-12 1.6339526764e-11 -9.0588738980e-10 3.1286523682e-12
d  1.4876598515e-02 1.5863825903e+00 0.0000000000e+00 5.1204885104e-03 3.0000000000e+02 -4.9644085496e-10 -1.3163299368e-11 5.1204865055e-10 4.9644071738e-10 5.4738015964e-13 1.3163302534e-11 -5.1204887786e-10 1.8974235154e-12
d  1.4876722886e-02 1.5862955305e+00 0.0000000000e+00 2.6770601972e-03 3.0000000000e+02 -2.5687786283e-10 -9.6739583756e-12 2.6770658333e-10 2.5687767506e-10 1.9566107722e-13 9.6739507984e-12 -2.6770597837e-10 9.5868945132e-13
d  1.4876872131e-02 1.5861910587e+00 0.0000000000e+00 1.3867449922e-03 3.0000000000e+02 -1.3112808376e-10 -6.9792338067e-12 1.3867430048e-10 1.3112793041e-10 5.3645480668e-14 6.9792360520e-12 -1.3867450830e-10 5.1377041492e-13
d  1.4877008628e-02 1.5860955112e+00 0.0000000000e+00 8.5590208738e-04 3.0000000000e+02 -7.9654538133e-11 -5.5101808041e-12 8.5589917439e-11 7.9654384533e-11 3.2758745267e-14 5.5101842370e-12 -8.5590219474e-11 3.9282593246e-13
d  1.4877157315e-02 1.5859914301e+00 0.0000000000e+00 5.6006690862e-04 3.0000000000e+02 -5.1291705824e-11 -4.3874009626e-12 5.6006690168e-11 5.1291547233e-11 2.0217179082e-14 4.3874009703e-12 -5.6006690939e-11 3.0737722339e-13
d  1.4877335740e-02 1.5858665329e+00 0.0000000000e+00 3.7250721739e-04 3.0000000000e+02 -3.3534487178e-11 -3.4664581414e-12 3.7251688710e-11 3.3534320667e-11 1.0873142033e-14 3.4664490599e-12 -3.7250698907e-11 2.3909113824e-13
d  1.4877549849e-02 1.5857166562e+00 0.0000000000e+00 2.5268892364e-04 3.0000000000e+02 -2.2333228280e-11 -2.7398958369e-12 2.5269592817e-11 2.2333065662e-11 5.8422604337e-15 2.7398903636e-12 -2.5268879331e-11 1.9005874889e-13
d  1.4877806781e-02 1.5855368041e+00 0.0000000000e+00 1.7493175050e-04 3.0000000000e+02 -1.5163203543e-11 -2.1724398004e-12 1.7493176240e-11 1.5163044984e-11 3.2223690034e-15 2.1724397926e-12 -1.7493175050e-11 1.5441933801e-13
d  1.4878115099e-02 1.5853209816e+00 0.0000000000e+00 1.2348988821e-04 3.0000000000e+02 -1.0489534240e-11 -1.7299660093e-12 1.2348990970e-11 1.0489375701e-11 1.8063461878e-15 1.7299659977e-12 -1.2348988807e-11 1.2785399078e-13
d  1.4878485080e-02 1.5850619946e+00 0.0000000000e+00 8.8765655342e-05 3.0000000000e+02 -7.3838505795e-12 -1.3841626443e-12 8.8765690053e-12 7.3836920653e-12 1.0202855161e-15 1.3841626287e-12 -8.8765655094e-12 1.0768754833e-13
d  1.4878929058e-02 1.5847512103e+00 0.0000000000e+00 6.4861561933e-05 3.0000000000e+02 -5.2807401629e-12 -1.1128395645e-12 6.4861582718e-12 5.2805816841e-12 5.7326690477e-16 1.1128395567e-12 -6.4861561833e-12 9.2157327043e-14
d  1.4879461832e-02 1.5843782690e+00 0.0000000000e+00 4.8100865741e-05 3.0000000000e+02 -3.8310604807e-12 -8.9881724804e-13 4.8100877772e-12 3.8309020413e-12 3.1422426550e-16 8.9881724430e-13 -4.8100865711e-12 8.0051901343e-14
d  1.4880101160e-02 1.5839307395e+00 0.0000000000e+00 3.6149790669e-05 3.0000000000e+02 -2.8154401594e-12 -7.2901797159e-13 3.6149854871e-12 2.8152817596e-12 1.6159624067e-16 7.2901795497e-13 -3.6149790363e-12 7.0517159559e-14
d  1.4880868353e-02 1.5833937042e+00 0.0000000000e+00 2.7498197419e-05 3.0000000000e+02 -2.0934289237e-12 -5.9353185826e-13 2.7498250000e-12 2.0932705800e-12 7.0344747858e-17 5.9353184693e-13 -2.7498197216e-12 6.2939395234e-14
d  1.4881788986e-02 1.5827492617e+00 0.0000000000e+00 2.1149827422e-05 3.0000000000e+02 -1.5733859988e-12 -4.8486517289e-13 2.1149870053e-12 1.5732277211e-12 1.5065225950e-17 4.8486516525e-13 -2.1149827289e-12 5.6871483238e-14
d  1.4882893744e-02 1.5819759307e+00 0.0000000000e+00 1.6435065797e-05 3.0000000000e+02 -1.1944154242e-12 -3.9728517392e-13 1.6435113468e-12 1.1942572242e-12 -1.8808535983e-17 3.9728516681e-13 -1.6435065671e-12 5.1980559966e-14
d  1.4884219455e-02 1.5810479336e+00 0.0000000000e+00 1.2895877799e-05 3.0000000000e+02 -9.1535319963e-13 -3.2641396626e-13 1.2895927999e-12 9.1519509277e-13 -3.9772371587e-17 3.2641396003e-13 -1.2895877688e-12 4.8017264775e-14
d  1.4885810308e-02 1.5799343370e+00 0.0000000000e+00 1.0213811950e-05 3.0000000000e+02 -7.0792993518e-13 -2.6887000271e-13 1.0213975755e-12 7.0777193631e-13 -5.2854990494e-17 2.6886998579e-13 -1.0213811625e-12 4.4791656241e-14
d  1.4887719331e-02 1.5785980211e+00 0.0000000000e+00 8.1641242456e-06 3.0000000000e+02 -5.5244967512e-13 -2.2202939655e-13 8.1641274631e-13 5.5229181523e-13 -6.1057192759e-17 2.2202939627e-13 -8.1641242484e-13 4.2157850619e-14
d  1.4890010159e-02 1.5769944421e+00 0.0000000000e+00 6.5860024683e-06 3.0000000000e+02 -4.3500765315e-13 -1.8381393864e-13 6.5860055600e-13 4.3484995364e-13 -6.6221822055e-17 1.8381393842e-13 -6.5860024706e-13 4.0001009954e-14
d  1.4892759152e-02 1.5750701472e+00 0.0000000000e+00 5.3629289107e-06 3.0000000000e+02 -3.4567102885e-13 -1.5261585108e-13 5.3629324273e-13 3.4551352178e-13 -6.9450900054e-17 1.5261585087e-13 -5.3629289119e-13 3.8232836152e-14
d  1.4896057944e-02 1.5727609933e+00 0.0000000000e+00 4.4095244122e-06 3.0000000000e+02 -2.7726989191e-13 -1.2712950419e-13 4.4095917014e-13 2.7711261484e-13 -7.1441190732e-17 1.2712950085e-13 -4.4095243514e-13 3.6781734955e-14
d  1.4900016495e-02 1.5699900087e+00 0.0000000000e+00 3.6624139868e-06 3.0000000000e+02 -2.2455622781e-13 -1.0632090318e-13 3.6624155045e-13 2.2439922879e-13 -7.2616211209e-17 1.0632090312e-13 -3.6624139892e-13 3.5591147010e-14
d  1.4904766756e-02 1.5666648271e+00 0.0000000000e+00 3.0743209640e-06 3.0000000000e+02 -1.8368785135e-13 -8.9359122036e-14 3.0743380094e-13 1.8353118470e-13 -7.3248680950e-17 8.9359121450e-14 -3.0743209557e-13 3.4615630526e-14
d  1.4910467069e-02 1.5626746092e+00 0.0000000000e+00 2.6094373870e-06 3.0000000000e+02 -1.5179456790e-13 -7.5560352371e-14 2.6094620989e-13 1.5163830024e-13 -7.3498523741e-17 7.5560351663e-14 -2.6094373759e-13 3.3817760512e-14
d  1.4917307444e-02 1.5578863478e+00 0.0000000000e+00 2.2404448862e-06 3.0000000000e+02 -1.2672249595e-13 -6.4382336952e-14 2.2404469473e-13 1.2656670731e-13 -7.3468226450e-17 6.4382336903e-14 -2.2404448874e-13 3.3167863047e-14
d  1.4925515895e-02 1.5521404341e+00 0.0000000000e+00 1.9463770725e-06 3.0000000000e+02 -1.0684989678e-13 -5.5375212313e-14 1.9464020156e-13 1.0669468260e-13 -7.3217343966e-17 5.5375211817e-14 -1.9463770648e-13 3.2641253337e-14
d  1.4935366035e-02 1.5452453376e+00 0.0000000000e+00 1.7015737548e-06 3.0000000000e+02 -8.9595970559e-14 -4.8547310484e-14 1.7014739050e-13 8.9441446487e-14 -7.2744998387e-17 4.8547312142e-14 -1.7015737887e-13 3.2240183266e-14
d  1.4947186204e-02 1.5369712218e+00 0.0000000000e+00 1.5100423323e-06 3.0000000000e+02 -7.6564088513e-14 -4.2769493177e-14 1.5099514163e-13 7.6410391743e-14 -7.2163398142e-17 4.2769494435e-14 -1.5100423582e-13 3.1898642533e-14
d  1.4954278305e-02 1.5320067523e+00 0.0000000000e+00 1.4340587144e-06 3.0000000000e+02 -7.1961685339e-14 -3.9942351835e-14 1.4340769170e-13 7.1808484571e-14 -7.1785886456e-17 3.9942351465e-14 -1.4340587087e-13 3.1729792647e-14
d  1.4958533566e-02 1.5290280707e+00 0.0000000000e+00 1.3920593779e-06 3.0000000000e+02 -6.9015360350e-14 -3.8756688053e-14 1.3920705210e-13 6.8862457457e-14 -7.1506293872e-17 3.8756687678e-14 -1.3920593722e-13 3.1659024648e-14
d  1.4963639879e-02 1.5254536526e+00 0.0000000000e+00 1.3471758859e-06 3.0000000000e+02 -6.5822253137e-14 -3.7532078182e-14 1.3471810242e-13 6.5669707735e-14 -7.1222171280e-17 3.7532078020e-14 -1.3471758841e-13 3.1586085244e-14
d  1.4969767454e-02 1.5211643510e+00 0.0000000000e+00 1.3000912451e-06 3.0000000000e+02 -6.2463339658e-14 -3.6256508269e-14 1.3000936844e-13 6.2311223208e-14 -7.0872597219e-17 3.6256508205e-14 -1.3000912451e-13 3.1510020693e-14
d  1.4977120545e-02 1.5160171891e+00 0.0000000000e+00 1.2504934587e-06 3.0000000000e+02 -5.8841265819e-14 -3.4995932962e-14 1.2505665837e-13 5.8689663716e-14 -7.0445754578e-17 3.4995931356e-14 -1.2504934293e-13 3.1434712402e-14
d  1.4985944254e-02 1.5098405947e+00 0.0000000000e+00 1.1928321579e-06 3.0000000000e+02 -5.4076924998e-14 -3.4050996467e-14 1.1927429637e-13 5.3925941336e-14 -6.9910475478e-17 3.4050998103e-14 -1.1928321904e-13 3.1378278237e-14
d  1.4996532704e-02 1.5024286815e+00 0.0000000000e+00 1.1394321005e-06 3.0000000000e+02 -5.0053132262e-14 -3.2804488412e-14 1.1393604717e-13 4.9902889667e-14 -6.9325699416e-17 3.2804489508e-14 -1.1394321227e-13 3.1303399887e-14
d  1.5000000000e-02 1.5000015750e+00 0.0000000000e+00 1.1298340054e-06 3.0000000000e+02 -4.9800757125e-14 -3.2139365195e-14 1.1298819079e-13 4.9650756577e-14 -6.9163183259e-17 3.2139363408e-14 -1.1298339728e-13 3.1263169053e-14
d  1.5004160755e-02 1.4970890471e+00 0.0000000000e+00 1.1125628217e-06 3.0000000000e+02 -4.8456323106e-14 -3.1777951794e-14 1.1125842947e-13 4.8306614021e-14 -6.8861570783e-17 3.1777950967e-14 -1.1125628072e-13 3.1241506546e-14
d  1.5009153662e-02 1.4935940137e+00 0.0000000000e+00 1.0930366645e-06 3.0000000000e+02 -4.6917855672e-14 -3.1385010570e-14 1.0930568504e-13 4.6768496128e-14 -6.8591814760e-17 3.1385009921e-14 -1.0930366533e-13 3.1217762693e-14
d  1.5015145149e-02 1.4893999736e+00 0.0000000000e+00 1.0712936983e-06 3.0000000000e+02 -4.5195420027e-14 -3.0958818993e-14 1.0712955275e-13 4.5046480018e-14 -6.8247644017e-17 3.0958818944e-14 -1.0712936984e-13 3.1192012036e-14
d  1.5022334934e-02 1.4843671255e+00 0.0000000000e+00 1.0469006990e-06 3.0000000000e+02 -4.3220393013e-14 -3.0520542295e-14 1.0469018752e-13 4.3071956294e-14 -6.7834220958e-17 3.0520542269e-14 -1.0469006996e-13 3.1165485559e-14
d  1.5030962676e-02 1.4783277077e+00 0.0000000000e+00 1.0199494083e-06 3.0000000000e+02 -4.1004246124e-14 -3.0067838839e-14 1.0199630177e-13 4.0856413294e-14 -6.7342104853e-17 3.0067838585e-14 -1.0199494044e-13 3.1138020386e-14
d  1.5041315967e-02 1.4710804064e+00 0.0000000000e+00 9.8429594616e-07 3.0000000000e+02 -3.7614759479e-14 -2.9900521094e-14 9.8423557089e-14 3.7467651663e-14 -6.6735423240e-17 2.9900522037e-14 -9.8429596513e-14 3.1127803253e-14
d  1.5053739916e-02 1.4623836448e+00 0.0000000000e+00 9.5083474256e-07 3.0000000000e+02 -3.4773704625e-14 -2.9423347188e-14 9.5078642644e-14 3.4627466415e-14 -6.6058945577e-17 2.9423347818e-14 -9.5083475556e-14 3.1098663194e-14
d  1.5068648654e-02 1.4519475309e+00 0.0000000000e+00 9.0865093043e-07 3.0000000000e+02 -3.0761900232e-14 -2.9228134773e-14 9.0853061967e-14 3.0616705806e-14 -6.5210769340e-17 2.9228136084e-14 -9.0865095647e-14 3.1086594985e-14
d  1.5077593897e-02 1.4456858626e+00 0.0000000000e+00 8.9409315805e-07 3.0000000000e+02 -2.9891805149e-14 -2.8676257085e-14 8.9403983225e-14 2.9747236762e-14 -6.4751679436e-17 2.8676257941e-14 -8.9409317524e-14 3.1052832611e-14
d  1.5088328188e-02 1.4381718606e+00 0.0000000000e+00 8.7157604796e-07 3.0000000000e+02 -2.7877304162e-14 -2.8448235970e-14 8.7151344293e-14 2.7733487197e-14 -6.4138010244e-17 2.8448236912e-14 -8.7157606677e-14 3.1038775871e-14
d  1.5101209338e-02 1.4291550582e+00 0.0000000000e+00 8.4064688913e-07 3.0000000000e+02 -2.4737706472e-14 -2.8491476708e-14 8.4055204833e-14 2.4594791251e-14 -6.3433088965e-17 2.8491477900e-14 -8.4064691271e-14 3.1041104451e-14
d  1.5116666718e-02 1.4183348953e+00 0.0000000000e+00 8.1143051367e-07 3.0000000000e+02 -2.2091540393e-14 -2.8232407340e-14 8.1132432148e-14 2.1949707176e-14 -6.2623231591e-17 2.8232408455e-14 -8.1143053581e-14 3.1024926957e-14
d  1.5125941146e-02 1.4118427975e+00 0.0000000000e+00 8.0022031026e-07 3.0000000000e+02 -2.1395252904e-14 -2.7831495215e-14 8.0017213133e-14 2.1254068795e-14 -6.2145361036e-17 2.7831495960e-14 -8.0022032523e-14 3.1000237111e-14
d  1.5137070460e-02 1.4040522803e+00 0.0000000000e+00 7.8170929266e-07 3.0000000000e+02 -1.9649869242e-14 -2.7728183415e-14 7.8164971076e-14 1.9509464213e-14 -6.1540284766e-17 2.7728184279e-14 -7.8170930987e-14 3.0993661221e-14
d  1.5150425636e-02 1.3947036595e+00 0.0000000000e+00 7.5541809289e-07 3.0000000000e+02 -1.6868403230e-14 -2.7870761935e-14 7.5533443193e-14 1.6728933103e-14 -6.0840310229e-17 2.7870762948e-14 -7.5541811295e-14 3.1001977810e-14
d  1.5166451848e-02 1.3834853147e+00 0.0000000000e+00 7.3038566553e-07 3.0000000000e+02 -1.4513100208e-14 -2.7731986538e-14 7.3029235372e-14 1.4374751904e-14 -6.0033555086e-17 2.7731987482e-14 -7.3038568428e-14 3.0993024526e-14
d  1.5176067575e-02 1.3767543077e+00 0.0000000000e+00 7.2076185421e-07 3.0000000000e+02 -1.3888096427e-14 -2.7413358269e-14 7.2070663003e-14 1.3750421183e-14 -5.9557312079e-17 2.7413359092e-14 -7.2076187057e-14 3.0973263857e-14
d  1.5187606447e-02 1.3686770994e+00 0.0000000000e+00 7.0443217456e-07 3.0000000000e+02 -1.2302328760e-14 -2.7364796599e-14 7.0440184097e-14 1.2165461146e-14 -5.8959539094e-17 2.7364797023e-14 -7.0443218332e-14 3.0969970021e-14
d  1.5201453094e-02 1.3589844494e+00 0.0000000000e+00 6.8093306912e-07 3.0000000000e+02 -9.7636145935e-15 -2.7544089752e-14 6.8085944291e-14 9.6277163480e-15 -5.8265797868e-17 2.7544090611e-14 -6.8093308616e-14 3.0980503521e-14
d  1.5209761082e-02 1.3531688594e+00 0.0000000000e+00 6.7799194798e-07 3.0000000000e+02 -9.9877782039e-15 -2.7055312166e-14 6.7799261864e-14 9.8524613154e-15 -5.7898842605e-17 2.7055312155e-14 -6.7799194844e-14 3.0950276808e-14
d  1.5219730667e-02 1.3461901515e+00 0.0000000000e+00 6.6142155265e-07 3.0000000000e+02 -8.1137682384e-15 -2.7257588631e-14 6.6137309845e-14 7.9791493971e-15 -5.7359365683e-17 2.7257589413e-14 -6.6142156813e-14 3.0962423911e-14
d  1.5225712419e-02 1.3420029267e+00 0.0000000000e+00 6.5755685202e-07 3.0000000000e+02 -7.9623545516e-15 -2.7034179088e-14 6.5755774421e-14 7.8281542544e-15 -5.7113084462e-17 2.7034179067e-14 -6.5755685227e-14 3.0948469262e-14
d  1.5232890520e-02 1.3369782569e+00 0.0000000000e+00 6.4873099046e-07 3.0000000000e+02 -7.0785716305e-15 -2.7037171976e-14 6.4873205059e-14 6.9448737997e-15 -5.6740436041e-17 2.7037171952e-14 -6.4873099066e-14 3.0948466620e-14
d  1.5241504242e-02 1.3309486532e+00 0.0000000000e+00 6.3816592338e-07 3.0000000000e+02 -6.0139109242e-15 -2.7043549323e-14 6.3817695518e-14 5.8808160139e-15 -5.6334492669e-17 2.7043549117e-14 -6.3816592013e-14 3.0948553579e-14
d  1.5251840709e-02 1.3237131288e+00 0.0000000000e+00 6.2220487345e-07 3.0000000000e+02 -4.2165453142e-15 -2.7232179314e-14 6.2215535565e-14 4.0841741722e-15 -5.5832743029e-17 2.7232180085e-14 -6.2220488868e-14 3.0959782654e-14
d  1.5258042589e-02 1.3193718141e+00 0.0000000000e+00 6.1826086646e-07 3.0000000000e+02 -4.0448581167e-15 -2.7019961484e-14 6.1826176875e-14 3.9129209308e-15 -5.5570148390e-17 2.7019961463e-14 -6.1826086669e-14 3.0946515757e-14
d  1.5265484844e-02 1.3141622365e+00 0.0000000000e+00 6.0956964343e-07 3.0000000000e+02 -3.1753793653e-15 -2.7022502525e-14 6.0957064711e-14 3.0439631370e-15 -5.5197328785e-17 2.7022502504e-14 -6.0956964363e-14 3.0946468801e-14
d  1.5274415551e-02 1.3079107434e+00 0.0000000000e+00 5.9916772259e-07 3.0000000000e+02 -2.1283863877e-15 -2.7027500308e-14 5.9917891927e-14 1.9975952694e-15 -5.4787800820e-17 2.7027500107e-14 -5.9916771938e-14 3.0946458490e-14
d  1.5285132400e-02 1.3004089517e+00 0.0000000000e+00 5.8362654235e-07 3.0000000000e+02 -3.8562273671e-16 -2.7204288520e-14 5.8360423244e-14 2.5558191557e-16 -5.4283738908e-17 2.7204288855e-14 -5.8362654928e-14 3.0956957508e-14
d  1.5297992618e-02 1.2914068016e+00 0.0000000000e+00 5.6521525506e-07 3.0000000000e+02 1.6370173170e-15 -2.7374547031e-14 5.6516417938e-14 -1.7661578535e-15 -5.3699843107e-17 2.7374547671e-14 -5.6521526777e-14 3.0966973022e-14
d  1.5313424880e-02 1.2806042215e+00 0.0000000000e+00 5.4761918922e-07 3.0000000000e+02 3.3406269460e-15 -2.7320840564e-14 5.4756158060e-14 -3.4686872306e-15 -5.3012922125e-17 2.7320841167e-14 -5.4761920122e-14 3.0963156299e-14
d  1.5318054558e-02 1.2773634475e+00 0.0000000000e+00 5.4895995274e-07 3.0000000000e+02 2.7941359637e-15 -2.6932668228e-14 5.4895995518e-14 -2.9218723085e-15 -5.2839749046e-17 2.6932668228e-14 -5.4895995329e-14 3.0939087472e-14
d  1.5323610172e-02 1.2734745186e+00 0.0000000000e+00 5.4311481391e-07 3.0000000000e+02 3.3812523775e-15 -2.6932154038e-14 5.4311941532e-14 -3.5085998572e-15 -5.2543286006e-17 2.6932153906e-14 -5.4311481195e-14 3.0938960819e-14
d  1.5330276909e-02 1.2688078040e+00 0.0000000000e+00 5.3609497613e-07 3.0000000000e+02 4.0910311815e-15 -2.6940285967e-14 5.3609086718e-14 -4.2179119410e-15 -5.2263057765e-17 2.6940286065e-14 -5.3609497853e-14 3.0939195478e-14
d  1.5338276994e-02 1.2632077465e+00 0.0000000000e+00 5.2802609511e-07 3.0000000000e+02 4.8909406435e-15 -2.6932250967e-14 5.2802697468e-14 -5.0172614220e-15 -5.1912707205e-17 2.6932250950e-14 -5.2802609530e-14 3.0938417067e-14
d  1.5347877095e-02 1.2564876775e+00 0.0000000000e+00 5.1816176057e-07 3.0000000000e+02 5.8875778159e-15 -2.6942485441e-14 5.1816976411e-14 -6.0132266127e-15 -5.1492595242e-17 2.6942485307e-14 -5.1816175856e-14 3.0938710115e-14
d  1.5353637156e-02 1.2524556361e+00 0.0000000000e+00 5.1234020953e-07 3.0000000000e+02 6.4729209364e-15 -2.6944505848e-14 5.1230244354e-14 -6.5981663028e-15 -5.1243319242e-17 2.6944506782e-14 -5.1234022766e-14 3.0938629954e-14
d  1.5360549229e-02 1.2476171864e+00 0.0000000000e+00 5.0539033251e-07 3.0000000000e+02 7.1726601096e-15 -2.6945036451e-14 5.0539820322e-14 -7.2974218668e-15 -5.0945877649e-17 2.6945036269e-14 -5.0539032958e-14 3.0938416597e-14
d  1.5368843716e-02 1.2418110467e+00 0.0000000000e+00 4.9737166522e-07 3.0000000000e+02 7.9650786035e-15 -2.6939912218e-14 4.9737260558e-14 -8.0892597121e-15 -5.0591444651e-17 2.6939912200e-14 -4.9737166537e-14 3.0937805388e-14
d  1.5378797101e-02 1.2348436791e+00 0.0000000000e+00 4.8756645851e-07 3.0000000000e+02 8.9535516541e-15 -2.6946098470e-14 4.8757301506e-14 -9.0770360449e-15 -5.0167669635e-17 2.6946098364e-14 -4.8756645700e-14 3.0937833654e-14
d  1.5384769132e-02 1.2306632586e+00 0.0000000000e+00 4.8178426808e-07 3.0000000000e+02 9.5336132121e-15 -2.6946960188e-14 4.8175332092e-14 -9.6566793821e-15 -4.9916170361e-17 2.6946960926e-14 -4.8178428248e-14 3.0937672551e-14
d  1.5391935570e-02 1.2256467540e+00 0.0000000000e+00 4.7490002963e-07 3.0000000000e+02 1.0224381229e-14 -2.6945900907e-14 4.7491319888e-14 -1.0346945967e-14 -4.9616095451e-17 2.6945900612e-14 -4.7490002456e-14 3.0937349655e-14
d  1.5400535294e-02 1.2196269484e+00 0.0000000000e+00 4.6654873406e-07 3.0000000000e+02 1.1072376782e-14 -2.6961460010e-14 4.6652023724e-14 -1.1194339363e-14 -4.9256887729e-17 2.6961460542e-14 -4.6654874456e-14 3.0938002558e-14
d  1.5410854964e-02 1.2124031817e+00 0.0000000000e+00 4.5720589294e-07 3.0000000000e+02 1.1987326151e-14 -2.6938807178e-14 4.5718463252e-14 -1.2108566398e-14 -4.8833007646e-17 2.6938807509e-14 -4.5720589965e-14 3.0936229730e-14
d  1.5417046766e-02 1.2080689217e+00 0.0000000000e+00 4.5146258777e-07 3.0000000000e+02 1.2563629123e-14 -2.6940497066e-14 4.5144538675e-14 -1.2684435932e-14 -4.8577593945e-17 2.6940497462e-14 -4.5146259569e-14 3.0936112902e-14
d  1.5424476928e-02 1.2028678096e+00 0.0000000000e+00 4.4466680768e-07 3.0000000000e+02 1.3243357966e-14 -2.6941510927e-14 4.4467130173e-14 -1.3363644768e-14 -4.8275240686e-17 2.6941510830e-14 -4.4466680630e-14 3.0935905112e-14
d  1.5433393122e-02 1.1966264752e+00 0.0000000000e+00 4.3639629540e-07 3.0000000000e+02 1.4082979485e-14 -2.6953952388e-14 4.3640336116e-14 -1.4202642159e-14 -4.7913534612e-17 2.6953952261e-14 -4.3639629343e-14 3.0936351050e-14
d  1.5444092556e-02 1.1891368739e+00 0.0000000000e+00 4.2716270800e-07 3.0000000000e+02 1.4985975498e-14 -2.6933758085e-14 4.2714982404e-14 -1.5104889144e-14 -4.7486174183e-17 2.6933758279e-14 -4.2716271208e-14 3.0934710397e-14
d  1.5450512216e-02 1.1846431131e+00 0.0000000000e+00 4.2147673232e-07 3.0000000000e+02 1.5556799922e-14 -2.6933545114e-14 4.2147198640e-14 -1.5675264211e-14 -4.7229127054e-17 2.6933545219e-14 -4.2147673473e-14 3.0934464559e-14
d  1.5458215808e-02 1.1792506002e+00 0.0000000000e+00 4.1477807610e-07 3.0000000000e+02 1.6225427307e-14 -2.6933487930e-14 4.1477135595e-14 -1.6343352337e-14 -4.6924644237e-17 2.6933488069e-14 -4.1477807915e-14 3.0934177280e-14
d  1.5467460119e-02 1.1727795846e+00 0.0000000000e+00 4.0661065509e-07 3.0000000000e+02 1.7054382937e-14 -2.6943881315e-14 4.0662556209e-14 -1.7171660951e-14 -4.6560682250e-17 2.6943881056e-14 -4.0661065061e-14 3.0934481054e-14
d  1.5473006705e-02 1.1688969753e+00 0.0000000000e+00 4.0217010331e-07 3.0000000000e+02 1.7479216567e-14 -2.6926939151e-14 4.0217187266e-14 -1.7596106274e-14 -4.6346381311e-17 2.6926939106e-14 -4.0217010286e-14 3.0933224179e-14
d  1.5479662609e-02 1.1642378441e+00 0.0000000000e+00 3.9656045625e-07 3.0000000000e+02 1.8039515086e-14 -2.6924590587e-14 3.9655154679e-14 -1.8155938825e-14 -4.6085886770e-17 2.6924590801e-14 -3.9656046069e-14 3.0932836545e-14
d  1.5487649693e-02 1.1586468867e+00 0.0000000000e+00 3.8986495457e-07 3.0000000000e+02 1.8710318664e-14 -2.6924771348e-14 3.8984552985e-14 -1.8826183271e-14 -4.5778129521e-17 2.6924771738e-14 -3.8986496231e-14 3.0932550187e-14
d  1.5497234194e-02 1.1519377378e+00 0.0000000000e+00 3.8211835257e-07 3.0000000000e+02 1.9474641104e-14 -2.6913763781e-14 3.8212313160e-14 -1.9589834895e-14 -4.5411939545e-17 2.6913763701e-14 -3.8211835144e-14 3.0931509973e-14
d  1.5502984895e-02 1.1479122485e+00 0.0000000000e+00 3.7735197736e-07 3.0000000000e+02 1.9956214198e-14 -2.6920037615e-14 3.7735176568e-14 -2.0071005422e-14 -4.5192008685e-17 2.6920037620e-14 -3.7735197783e-14 3.0931685466e-14
d  1.5509885736e-02 1.1430816613e+00 0.0000000000e+00 3.7177887242e-07 3.0000000000e+02 2.0512954935e-14 -2.6918180555e-14 3.7176612080e-14 -2.0627263039e-14 -4.4931628644e-17 2.6918180851e-14 -3.7177887836e-14 3.0931310420e-14
d  1.5518166745e-02 1.1372849566e+00 0.0000000000e+00 3.6514048464e-07 3.0000000000e+02 2.1177430083e-14 -2.6917506661e-14 3.6511299317e-14 -2.1291158466e-14 -4.4620195779e-17 2.6917507193e-14 -3.6514049503e-14 3.0930957946e-14
d  1.5528103955e-02 1.1303289110e+00 0.0000000000e+00 3.5737276103e-07 3.0000000000e+02 2.1948796371e-14 -2.6910872662e-14 3.5735912562e-14 -2.2061829215e-14 -4.4250134546e-17 2.6910872882e-14 -3.5737276555e-14 3.0930171081e-14
d  1.5534066282e-02 1.1261552837e+00 0.0000000000e+00 3.5271117392e-07 3.0000000000e+02 2.2415307455e-14 -2.6911475151e-14 3.5270898781e-14 -2.2527922973e-14 -4.4028974966e-17 2.6911475203e-14 -3.5271117526e-14 3.0929983225e-14
d  1.5541221074e-02 1.1211469309e+00 0.0000000000e+00 3.4718125985e-07 3.0000000000e+02 2.2967847941e-14 -2.6912075534e-14 3.4716913246e-14 -2.3079962577e-14 -4.3765563457e-17 2.6912075805e-14 -3.4718126531e-14 3.0929749000e-14
d  1.5549806824e-02 1.1151369075e+00 0.0000000000e+00 3.4071351909e-07 3.0000000000e+02 2.3608204311e-14 -2.6904329342e-14 3.4071393796e-14 -2.3719718003e-14 -4.3452056700e-17 2.6904329334e-14 -3.4071351928e-14 3.0928940696e-14
d  1.5560109724e-02 1.1079248794e+00 0.0000000000e+00 3.3296187552e-07 3.0000000000e+02 2.4382209730e-14 -2.6904090316e-14 3.3296218999e-14 -2.4493002219e-14 -4.3077863914e-17 2.6904090311e-14 -3.3296187576e-14 3.0928533175e-14
d  1.5566291464e-02 1.1035976626e+00 0.0000000000e+00 3.2829400617e-07 3.0000000000e+02 2.4852898303e-14 -2.6907034448e-14 3.2828981975e-14 -2.4963258049e-14 -4.2855001817e-17 2.6907034545e-14 -3.2829400831e-14 3.0928479192e-14
d  1.5573709552e-02 1.0984050024e+00 0.0000000000e+00 3.2281501393e-07 3.0000000000e+02 2.5400683628e-14 -2.6905635976e-14 3.2281505854e-14 -2.5510524128e-14 -4.2589843753e-17 2.6905635975e-14 -3.2281501423e-14 3.0928106418e-14
d  1.5582611258e-02 1.0921738101e+00 0.0000000000e+00 3.1641242846e-07 3.0000000000e+02 2.6034632963e-14 -2.6899718210e-14 3.1641279867e-14 -2.6143850346e-14 -4.2273598644e-17 2.6899718204e-14 -3.1641242865e-14 3.0927395225e-14
d  1.5593293305e-02 1.0846963794e+00 0.0000000000e+00 3.0874101706e-07 3.0000000000e+02 2.6800896609e-14 -2.6898568482e-14 3.0874130930e-14 -2.6909366248e-14 -4.1896636713e-17 2.6898568478e-14 -3.0874101729e-14 3.0926911121e-14
d  1.5599702533e-02 1.0802099210e+00 0.0000000000e+00 3.0412455890e-07 3.0000000000e+02 2.7266503001e-14 -2.6901789485e-14 3.0412003215e-14 -2.7374523972e-14 -4.1672126069e-17 2.6901789586e-14 -3.0412456110e-14 3.0926862678e-14
d  1.5607393606e-02 1.0748261709e+00 0.0000000000e+00 2.9870478946e-07 3.0000000000e+02 2.7808687410e-14 -2.6900693376e-14 2.9870486247e-14 -2.7916170027e-14 -4.1405027639e-17 2.6900693375e-14 -2.9870478973e-14 3.0926494265e-14
d  1.5616622895e-02 1.0683656708e+00 0.0000000000e+00 2.9237519135e-07 3.0000000000e+02 2.8435685786e-14 -2.6895123945e-14 2.9237558235e-14 -2.8542522354e-14 -4.1086576050e-17 2.6895123938e-14 -2.9237519152e-14 3.0925786857e-14
d  1.5627698041e-02 1.0606130707e+00 0.0000000000e+00 2.8479420245e-07 3.0000000000e+02 2.9193343350e-14 -2.6894335732e-14 2.8479447425e-14 -2.9299404658e-14 -4.0707125845e-17 2.6894335728e-14 -2.8479420267e-14 3.0925304172e-14
d  1.5634343129e-02 1.0559615106e+00 0.0000000000e+00 2.8023489188e-07 3.0000000000e+02 2.9653424976e-14 -2.6897736623e-14 2.8023556216e-14 -2.9759021130e-14 -4.0481218991e-17 2.6897736609e-14 -2.8023489189e-14 3.0925254505e-14
d  1.5642317234e-02 1.0503796385e+00 0.0000000000e+00 2.7488191930e-07 3.0000000000e+02 3.0189340532e-14 -2.6897483609e-14 2.7488139034e-14 -3.0294378493e-14 -4.0212388050e-17 2.6897483620e-14 -2.7488191978e-14 3.0924923470e-14
d  1.5651886160e-02 1.0436813919e+00 0.0000000000e+00 2.6863228750e-07 3.0000000000e+02 3.0808945379e-14 -2.6891888628e-14 2.6864143627e-14 -3.0913313551e-14 -3.9892105207e-17 2.6891888475e-14 -2.6863228488e-14 3.0924195390e-14
d  1.5663368872e-02 1.0356434961e+00 0.0000000000e+00 2.6115047022e-07 3.0000000000e+02 3.1557345050e-14 -2.6892489489e-14 2.6115072736e-14 -3.1660909401e-14 -3.9510472860e-17 2.6892489485e-14 -2.6115047041e-14 3.0923777210e-14
d  1.5670258499e-02 1.0308207586e+00 0.0000000000e+00 2.5665358945e-07 3.0000000000e+02 3.2011524517e-14 -2.6895445133e-14 2.5665556624e-14 -3.2114606601e-14 -3.9283419987e-17 2.6895445092e-14 -2.5665358894e-14 3.0923686590e-14
d  1.5678526051e-02 1.0250334736e+00 0.0000000000e+00 2.5137377683e-07 3.0000000000e+02 3.2540686084e-14 -2.6895969497e-14 2.5137315440e-14 -3.2643189429e-14 -3.9013166743e-17 2.6895969509e-14 -2.5137377731e-14 3.0923388012e-14
d  1.5688447114e-02 1.0180887316e+00 0.0000000000e+00 2.4520985031e-07 3.0000000000e+02 3.3152603003e-14 -2.6891045142e-14 2.4521088368e-14 -3.3254411880e-14 -3.8691298306e-17 2.6891045125e-14 -2.4520985024e-14 3.0922681852e-14
d  1.5700352390e-02 1.0097550412e+00 0.0000000000e+00 2.3783455486e-07 3.0000000000e+02 3.3891325863e-14 -2.6891917698e-14 2.3783478982e-14 -3.3992301368e-14 -3.8308008504e-17 2.6891917694e-14 -2.3783455504e-14 3.0922257054e-14
d  1.5707321195e-02 1.0048768789e+00 0.0000000000e+00 2.3351390928e-07 3.0000000000e+02 3.4328112547e-14 -2.6895854667e-14 2.3351573310e-14 -3.4428600242e-14 -3.8085515660e-17 2.6895854629e-14 -2.3351390881e-14 3.0922221008e-14
d  1.5714290000e-02 9.9999871667e-01 0.0000000000e+00 2.2929546059e-07 3.0000000000e+02 3.4750493495e-14 -2.6895763776e-14 2.2929666205e-14 -3.4850493372e-14 -3.7864829681e-17 2.6895763749e-14 -2.2929546031e-14 3.0921931917e-14
d  1.5722652566e-02 9.9414492193e-01 0.0000000000e+00 2.2426766800e-07 3.0000000000e+02 3.5255269255e-14 -2.6897236606e-14 2.2426841620e-14 -3.5354683750e-14 -3.7601190990e-17 2.6897236592e-14 -2.2426766795e-14 3.0921684240e-14
d  1.5732687646e-02 9.8712036824e-01 0.0000000000e+00 2.1838866256e-07 3.0000000000e+02 3.5840552002e-14 -2.6894127627e-14 2.1838946824e-14 -3.5939264041e-14 -3.7287786342e-17 2.6894127614e-14 -2.1838866253e-14 3.0921079621e-14
d  1.5744729741e-02 9.7869090382e-01 0.0000000000e+00 2.1136361495e-07 3.0000000000e+02 3.6545589403e-14 -2.6896093550e-14 2.1136381656e-14 -3.6643458494e-14 -3.6914606380e-17 2.6896093547e-14 -2.1136361511e-14 3.0920709664e-14
d  1.5751954999e-02 9.7363322516e-01 0.0000000000e+00 2.0714897985e-07 3.0000000000e+02 3.6972335643e-14 -2.6900594888e-14 2.0715087876e-14 -3.7069698973e-14 -3.6692578463e-17 2.6900594851e-14 -2.0714897936e-14 3.0920694256e-14
d  1.5760625307e-02 9.6756401078e-01 0.0000000000e+00 2.0219838349e-07 3.0000000000e+02 3.7470090717e-14 -2.6902519033e-14 2.0219880910e-14 -3.7566847120e-14 -3.6428345252e-17 2.6902519025e-14 -2.0219838355e-14 3.0920456714e-14
d  1.5771029678e-02 9.6028095351e-01 0.0000000000e+00 1.9640668016e-07 3.0000000000e+02 3.8047884418e-14 -2.6900571821e-14 1.9640734885e-14 -3.8143912515e-14 -3.6113743506e-17 2.6900571811e-14 -1.9640668016e-14 3.0919903759e-14
d  1.5783514922e-02 9.5154128480e-01 0.0000000000e+00 1.8949071735e-07 3.0000000000e+02 3.8743345198e-14 -2.6903787928e-14 1.8949086332e-14 -3.8838499326e-14 -3.5739424658e-17 2.6903787926e-14 -1.8949071750e-14 3.0919587044e-14
d  1.5791006069e-02 9.4629748357e-01 0.0000000000e+00 1.8534553834e-07 3.0000000000e+02 3.9163769366e-14 -2.6908876500e-14 1.8534729317e-14 -3.9258399122e-14 -3.5516776650e-17 2.6908876467e-14 -1.8534553789e-14 3.0919593688e-14
d  1.5799995445e-02 9.4000492209e-01 0.0000000000e+00 1.8047532352e-07 3.0000000000e+02 3.9654491923e-14 -2.6911761238e-14 1.8047442520e-14 -3.9748492412e-14 -3.5251836586e-17 2.6911761254e-14 -1.8047532400e-14 3.0919398337e-14
d  1.5810782696e-02 9.3245384832e-01 0.0000000000e+00 1.7468947362e-07 3.0000000000e+02 4.0238914158e-14 -2.6916499025e-14 1.7472046058e-14 -4.0332159640e-14 -3.4936322942e-17 2.6916498565e-14 -1.7468946512e-14 3.0919243285e-14
d  1.5823727398e-02 9.2339255980e-01 0.0000000000e+00 1.6795444203e-07 3.0000000000e+02 4.0913085967e-14 -2.6918842679e-14 1.6798236960e-14 -4.1005425297e-14 -3.4561667061e-17 2.6918842334e-14 -1.6795443567e-14 3.0918845034e-14
d  1.5831494219e-02 9.1795578668e-01 0.0000000000e+00 1.6390604160e-07 3.0000000000e+02 4.1323003455e-14 -2.6923499089e-14 1.6390752016e-14 -4.1414799040e-14 -3.4338408692e-17 2.6923499062e-14 -1.6390604125e-14 3.0918809668e-14
d  1.5840814404e-02 9.1143165895e-01 0.0000000000e+00 1.5912650402e-07 3.0000000000e+02 4.1805636020e-14 -2.6923949868e-14 1.5912057875e-14 -4.1896779164e-14 -3.4073127718e-17 2.6923949969e-14 -1.5912650609e-14 3.0918442002e-14
d  1.5851998626e-02 9.0360270566e-01 0.0000000000e+00 1.5346620851e-07 3.0000000000e+02 4.2377592821e-14 -2.6929349425e-14 1.5347113189e-14 -4.2467953107e-14 -3.3757264341e-17 2.6929349354e-14 -1.5346620734e-14 3.0918305771e-14
d  1.5865419693e-02 8.9420796172e-01 0.0000000000e+00 1.4367935784e-07 3.0000000000e+02 4.3567720410e-14 -2.7128474395e-14 1.4368362268e-14 -4.3657141217e-14 -3.3374424621e-17 2.7128474345e-14 -1.4367935702e-14 3.0930292929e-14
d  1.5873472333e-02 8.8857111535e-01 0.0000000000e+00 1.4273801649e-07 3.0000000000e+02 4.3452467411e-14 -2.6929082054e-14 1.4273745522e-14 -4.3541324520e-14 -3.3171346009e-17 2.6929082064e-14 -1.4273801682e-14 3.0917352768e-14
d  1.5883135501e-02 8.8180689972e-01 0.0000000000e+00 1.3804732091e-07 3.0000000000e+02 4.3927721997e-14 -2.6936450265e-14 1.3804848974e-14 -4.4015902691e-14 -3.2889454990e-17 2.6936450246e-14 -1.3804732069e-14 3.0917433087e-14
d  1.5894731302e-02 8.7368984095e-01 0.0000000000e+00 1.2970258582e-07 3.0000000000e+02 4.4957193444e-14 -2.7118893268e-14 1.2971120516e-14 -4.5044562453e-14 -3.2569806251e-17 2.7118893149e-14 -1.2970258370e-14 3.0928451057e-14
d  1.5908646264e-02 8.6394937043e-01 0.0000000000e+00 1.2593225572e-07 3.0000000000e+02 4.5144701086e-14 -2.6939476747e-14 1.2593240665e-14 -4.5231096023e-14 -3.2211780288e-17 2.6939476745e-14 -1.2593225582e-14 3.0916500863e-14
d  1.5916995241e-02 8.5810508812e-01 0.0000000000e+00 1.2203228255e-07 3.0000000000e+02 4.5543501732e-14 -2.6947931011e-14 1.2202906161e-14 -4.5629312229e-14 -3.1978437883e-17 2.6947931066e-14 -1.2203228371e-14 3.0916689416e-14
d  1.5927014014e-02 8.5109194935e-01 0.0000000000e+00 1.1750346406e-07 3.0000000000e+02 4.6001060915e-14 -2.6951287225e-14 1.1749812855e-14 -4.6086170092e-14 -3.1714991239e-17 2.6951287310e-14 -1.1750346578e-14 3.0916458871e-14
d  1.5939036541e-02 8.4267618282e-01 0.0000000000e+00 1.1204857212e-07 3.0000000000e+02 4.6559642246e-14 -2.6963158828e-14 1.1204839173e-14 -4.6643909863e-14 -3.1399246099e-17 2.6963158830e-14 -1.1204857228e-14 3.0916682375e-14
d  1.5953463573e-02 8.3257726298e-01 0.0000000000e+00 1.0572528556e-07 3.0000000000e+02 4.7200462234e-14 -2.6970658787e-14 1.0572540891e-14 -4.7283719960e-14 -3.1025321133e-17 2.6970658786e-14 -1.0572528564e-14 3.0916520634e-14
d  1.5962119792e-02 8.2651791108e-01 0.0000000000e+00 1.0191973652e-07 3.0000000000e+02 4.7591228493e-14 -2.6979965509e-14 1.0191763139e-14 -4.7673880276e-14 -3.0802648828e-17 2.6979965544e-14 -1.0191973728e-14 3.0916727133e-14
d  1.5972507256e-02 8.1924668880e-01 0.0000000000e+00 9.7469303926e-08 3.0000000000e+02 4.8044481122e-14 -2.6986815981e-14 9.7456848209e-15 -4.8126405750e-14 -3.0538200211e-17 2.6986816172e-14 -9.7469307639e-15 3.0916699907e-14
d  1.5984972212e-02 8.1052122207e-01 0.0000000000e+00 9.2165344387e-08 3.0000000000e+02 4.8588064002e-14 -2.6997960734e-14 9.2143151578e-15 -4.8669116064e-14 -3.0223494291e-17 2.6997961019e-14 -9.2165349853e-15 3.0916851996e-14
d  1.5999930159e-02 8.0005066198e-01 0.0000000000e+00 8.5971528594e-08 3.0000000000e+02 4.9219668657e-14 -2.7008147577e-14 8.5989536018e-15 -4.9299673764e-14 -2.9850674528e-17 2.7008147384e-14 -8.5971525041e-15 3.0916829429e-14
d  1.6008904927e-02 7.9376832593e-01 0.0000000000e+00 8.2307043553e-08 3.0000000000e+02 4.9594146570e-14 -2.7019067624e-14 8.2309098418e-15 -4.9673523410e-14 -2.9628853388e-17 2.7019067591e-14 -8.2307043022e-15 3.0917120195e-14
d  1.6019674649e-02 7.8622952267e-01 0.0000000000e+00 7.5864513795e-08 3.0000000000e+02 5.0393641216e-14 -2.7161862118e-14 7.5874005270e-15 -5.0472264197e-14 -2.9358846458e-17 2.7161861977e-14 -7.5864511214e-15 3.0925719272e-14
d  1.6032598316e-02 7.7718295876e-01 0.0000000000e+00 7.2739963440e-08 3.0000000000e+02 5.0571798701e-14 -2.7035461008e-14 7.2740086214e-15 -5.0649516997e-14 -2.9058957023e-17 2.7035461006e-14 -7.2739963484e-15 3.0917086808e-14
d  1.6048106715e-02 7.6632708206e-01 0.0000000000e+00 6.6667724130e-08 3.0000000000e+02 5.1196301566e-14 -2.7050993226e-14 6.6674724251e-15 -5.1272934289e-14 -2.8678770356e-17 2.7050993154e-14 -6.6667722832e-15 3.0917389197e-14
d  1.6066716795e-02 7.5330003003e-01 0.0000000000e+00 5.9510837402e-08 3.0000000000e+02 5.1936311876e-14 -2.7073491208e-14 5.9500712166e-15 -5.2011641860e-14 -2.8241054139e-17 2.7073491295e-14 -5.9510839109e-15 3.0917970639e-14
d  1.6077882843e-02 7.4548379881e-01 0.0000000000e+00 5.5331580740e-08 3.0000000000e+02 5.2367210575e-14 -2.7083351789e-14 5.5328999494e-15 -5.2441758948e-14 -2.7980912433e-17 2.7083351822e-14 -5.5331581416e-15 3.0918087597e-14
d  1.6091282100e-02 7.3610432135e-01 0.0000000000e+00 5.0416109179e-08 3.0000000000e+02 5.2873367643e-14 -2.7097968232e-14 5.0416202127e-15 -5.2946978075e-14 -2.7671784383e-17 2.7097968231e-14 -5.0416109208e-15 3.0918405076e-14
d  1.6107361209e-02 7.2484894839e-01 0.0000000000e+00 4.4594354364e-08 3.0000000000e+02 5.3476433628e-14 -2.7116878142e-14 4.4588011374e-15 -5.3548918510e-14 -2.7305315735e-17 2.7116878205e-14 -4.4594355601e-15 3.0918872015e-14
d  1.6126656139e-02 7.1134250084e-01 0.0000000000e+00 3.7741916177e-08 3.0000000000e+02 5.4189475573e-14 -2.7141538397e-14 3.7736985943e-15 -5.4260609814e-14 -2.6872183203e-17 2.7141538438e-14 -3.7741916988e-15 3.0919555493e-14
d  1.6149810056e-02 6.9513476378e-01 0.0000000000e+00 2.9761515613e-08 3.0000000000e+02 5.5020789238e-14 -2.7172049126e-14 2.9755540206e-15 -5.5090302706e-14 -2.6361666889e-17 2.7172049167e-14 -2.9761516425e-15 3.0920431468e-14
d  1.6163702406e-02 6.8541012155e-01 0.0000000000e+00 2.5113303273e-08 3.0000000000e+02 5.5504589672e-14 -2.7188924832e-14 2.5113452971e-15 -5.5573130685e-14 -2.6060160021e-17 2.7188924830e-14 -2.5113303269e-15 3.0920863137e-14
d  1.6180373226e-02 6.7374055086e-01 0.0000000000e+00 1.9605280397e-08 3.0000000000e+02 5.6081780284e-14 -2.7213977657e-14 1.9616989450e-15 -5.6149154363e-14 -2.5702829338e-17 2.7213977545e-14 -1.9605278294e-15 3.0921688142e-14
d  1.6200378210e-02 6.5973706605e-01 0.0000000000e+00 1.2812442070e-08 3.0000000000e+02 5.6817459199e-14 -2.7266763161e-14 1.2804013470e-15 -5.6883432891e-14 -2.5280088546e-17 2.7266763229e-14 -1.2812443357e-15 3.0924136560e-14
d  1.6224384191e-02 6.4293288426e-01 0.0000000000e+00 5.0018357872e-09 3.0000000000e+02 5.7657373159e-14 -2.7319176658e-14 4.9917273286e-16 -5.7721666433e-14 -2.4783174072e-17 2.7319176726e-14 -5.0018370674e-16 3.0926375132e-14
d  1.6238787779e-02 6.3285037519e-01 0.0000000000e+00 1.2275204900e-09 3.0000000000e+02 5.8013380244e-14 -2.7298676633e-14 1.2277979278e-16 -5.8076665282e-14 -2.4491210835e-17 2.7298676630e-14 -1.2275204395e-16 3.0924374688e-14
d  1.6256072085e-02 6.2075136431e-01 0.0000000000e+00 -3.9467847752e-09 3.0000000000e+02 5.8562032532e-14 -2.7328436561e-14 -3.9412040950e-16 -5.8624107680e-14 -2.4141792756e-17 2.7328436510e-14 3.9467857543e-16 3.0925471407e-14
d  1.6276813253e-02 6.0623255125e-01 0.0000000000e+00 -1.0246915336e-08 3.0000000000e+02 5.9248138295e-14 -2.7380416785e-14 -1.0245800662e-15 -5.9308761552e-14 -2.3731333267e-17 2.7380416776e-14 1.0246915509e-15 3.0927832364e-14
d  1.6301702654e-02 5.8880997558e-01 0.0000000000e+00 -1.7066972552e-08 3.0000000000e+02 5.9960666900e-14 -2.7407584344e-14 -1.7063910277e-15 -6.0019547902e-14 -2.3248882197e-17 2.7407584324e-14 1.7066972942e-15 3.0928394485e-14
d  1.6316636294e-02 5.7835643018e-01 0.0000000000e+00 -2.1166199729e-08 3.0000000000e+02 6.0398757542e-14 -2.7433893542e-14 -2.1165850847e-15 -6.0456593186e-14 -2.2963266432e-17 2.7433893538e-14 2.1166199813e-15 3.0929377177e-14
d  1.6334556663e-02 5.6581217569e-01 0.0000000000e+00 -2.6005672016e-08 3.0000000000e+02 6.0919296525e-14 -2.7467171832e-14 -2.6004294823e-15 -6.0975877745e-14 -2.2625793153e-17 2.7467171820e-14 2.6005672274e-15 3.0930666109e-14
d  1.6356061105e-02 5.5075907031e-01 0.0000000000e+00 -3.1808902079e-08 3.0000000000e+02 6.1555166259e-14 -2.7518710679e-14 -3.1803678885e-15 -6.1610242174e-14 -2.2227213382e-17 2.7518710640e-14 3.1808902844e-15 3.0932965969e-14
d  1.6381866436e-02 5.3269534385e-01 0.0000000000e+00 -3.8251396205e-08 3.0000000000e+02 6.2244563766e-14 -2.7560396019e-14 -3.8252276081e-15 -6.2297833299e-14 -2.1759009990e-17 2.7560396025e-14 3.8251396140e-15 3.0934419511e-14
d  1.6412832833e-02 5.1101887211e-01 0.0000000000e+00 -4.5952590848e-08 3.0000000000e+02 6.3090787433e-14 -2.7630211697e-14 -4.5960786668e-15 -6.3141889311e-14 -2.1209386937e-17 2.7630211739e-14 4.5952590092e-15 3.0937451058e-14
d  1.6449992509e-02 4.8500710601e-01 0.0000000000e+00 -5.4660081551e-08 3.0000000000e+02 6.4046330262e-14 -2.7707945229e-14 -5.4660900427e-15 -6.4094830972e-14 -2.0569024461e-17 2.7707945233e-14 5.4660081538e-15 3.0940700260e-14
d  1.6494584121e-02 4.5379298669e-01 0.0000000000e+00 -6.5017480383e-08 3.0000000000e+02 6.5221852625e-14 -2.7838357663e-14 -6.5017589911e-15 -6.5267231924e-14 -1.9825630288e-17 2.7838357664e-14 6.5017480441e-15 3.0947037130e-14
d  1.6548094055e-02 4.1633604351e-01 0.0000000000e+00 -7.6136539033e-08 3.0000000000e+02 6.6465185495e-14 -2.7959678783e-14 -7.6140746358e-15 -6.6506819097e-14 -1.8970182142e-17 2.7959678795e-14 7.6136538869e-15 3.0952368629e-14
d  1.6612305976e-02 3.7138771169e-01 0.0000000000e+00 -8.8519347640e-08 3.0000000000e+02 6.7873160032e-14 -2.8116562852e-14 -8.8524855528e-15 -6.7910298800e-14 -1.7991957186e-17 2.8116562865e-14 8.8519347467e-15 3.0959535429e-14
d  1.6650833128e-02 3.4441871260e-01 0.0000000000e+00 -9.5305039018e-08 3.0000000000e+02 6.8646880061e-14 -2.8204244011e-14 -9.5304658531e-15 -6.8681321933e-14 -1.7430010370e-17 2.8204244009e-14 9.5305039140e-15 3.0963431798e-14
d  1.6697065711e-02 3.1205591370e-01 0.0000000000e+00 -1.0317980951e-07 3.0000000000e+02 6.9565049744e-14 -2.8326066171e-14 -1.0317955081e-14 -6.9596255336e-14 -1.6778756952e-17 2.8326066170e-14 1.0317980963e-14 3.0969217091e-14
d  1.6752544811e-02 2.7322055501e-01 0.0000000000e+00 -1.1216956532e-07 3.0000000000e+02 7.0635054929e-14 -2.8484459574e-14 -1.1216886109e-14 -7.0662376985e-14 -1.6029657677e-17 2.8484459572e-14 1.1216956547e-14 3.0977004404e-14
d  1.6819119730e-02 2.2661812458e-01 0.0000000000e+00 -1.2223632827e-07 3.0000000000e+02 7.1855677705e-14 -2.8682963373e-14 -1.2223612272e-14 -7.1878339517e-14 -1.5174998825e-17 2.8682963373e-14 1.2223632840e-14 3.0986975153e-14
d  1.6899009634e-02 1.7069520807e-01 0.0000000000e+00 -1.3338988650e-07 3.0000000000e+02 7.3229567309e-14 -2.8922716523e-14 -1.3338873444e-14 -7.3246636831e-14 -1.4209505654e-17 2.8922716521e-14 1.3338988668e-14 3.0999141755e-14
d  1.6994877518e-02 1.0358770825e-01 0.0000000000e+00 -1.4568213542e-07 3.0000000000e+02 7.4790012930e-14 -2.9230174611e-14 -1.4568090453e-14 -7.4800371701e-14 -1.3131670927e-17 2.9230174609e-14 1.4568213560e-14 3.1015225883e-14
d  1.7109918979e-02 2.3058708471e-02 0.0000000000e+00 -1.5963791166e-07 3.0000000000e+02 7.6612816558e-14 -2.9626693488e-14 -1.5963794200e-14 -7.6615122429e-14 -1.1945278087e-17 2.9626693488e-14 1.5963791182e-14 3.1036656557e-14
d  1.7142860000e-02 0.0000000000e+00 0.0000000000e+00 -1.6364436369e-07 3.0000000000e+02 7.7158695335e-14 -2.9761475790e-14 -1.6364553994e-14 -7.7158695334e-14 -1.1626201989e-17 2.9761475795e-14 1.6364436377e-14 3.1044392375e-14
