v ATLAS
# This file was created by ATLAS version 5.32.1.R on Thu Oct  8 04:53:36 2026.
#SSF 2.0 generic
##############################################################################
#                    Copyright (c) 1984 - 2021                               #
#                    Silvaco Inc. All rights reserved                        #
#                                                                            #
# This file format and the following Key are copyright Silvaco Inc.          #
# You may not use, this format or key without reproducing this message in    #
# full and obtaining express written permission from Silvaco Inc.            #
#                                                                            #
# To obtain such permission please contact: Silvaco Inc.                     #
#                                           support@silvaco.com              #
#                                                                            #
# KEY=SVC86hn7562asdx                       PROD=345                         #
##############################################################################
Q 10000 1 "V[1]" 5 1201 7 1
Q 10001 1 "V[2]" 5 1201 7 2
Q 10002 1 "V[3]" 5 1201 7 3
X 1 Vdrain
X 2 Vgate
X 3 Rtap
X 4 Adev_drain
X 5 Adev_source
X 6 Adev_gate
X 7 Adev_tap
X 8 Adev_substrate
p 13 61 10000 10001 10002 82 1301 1302 1303 1304 1305 1306 1307 1308
d  1.0000000000e-09 6.9999996500e-07 -2.0000000000e-01 5.5639304997e-08 3.0000000000e+02 -7.7892720031e-14 3.7473173782e-14 5.5571961745e-15 7.7894273899e-14 -1.1768872568e-15 -3.7446730573e-14 -5.5767581431e-15 -3.4109293268e-14
d  2.0000000000e-09 1.3999999300e-06 -2.0000000000e-01 9.6790746975e-08 3.0000000000e+02 -7.8392247157e-14 3.4878232001e-14 9.6789743314e-15 7.8392281756e-14 -7.0862109392e-16 -3.4858087941e-14 -9.6793615026e-15 -3.2980002878e-14
d  3.0000000000e-09 2.0999998950e-06 -2.0000000000e-01 1.2377880508e-07 3.0000000000e+02 -7.8719687193e-14 3.3663562693e-14 1.2377887465e-14 7.8719684576e-14 -4.1692415866e-16 -3.3643572679e-14 -1.2377860643e-14 -3.2270722473e-14
d  4.2000000000e-09 2.9399998530e-06 -2.0000000000e-01 1.4286316675e-07 3.0000000000e+02 -7.8950721672e-14 3.2714823979e-14 1.4286311377e-14 7.8950722950e-14 -2.0680100231e-16 -3.2694817447e-14 -1.4286329690e-14 -3.1762831625e-14
d  5.6400000000e-09 3.9479998026e-06 -2.0000000000e-01 1.5445876836e-07 3.0000000000e+02 -7.9091295159e-14 3.2132268811e-14 1.5445844799e-14 7.9091302698e-14 -7.9157709126e-17 -3.2112235909e-14 -1.5445942347e-14 -3.1453843594e-14
d  7.3680000000e-09 5.1575997421e-06 -2.0000000000e-01 1.6020977817e-07 3.0000000000e+02 -7.9161111250e-14 3.1843782346e-14 1.6020906830e-14 7.9161125383e-14 -1.5865375693e-17 -3.1823721603e-14 -1.6021098763e-14 -3.1300607110e-14
d  9.4416000000e-09 6.6091196695e-06 -2.0000000000e-01 1.6223014667e-07 3.0000000000e+02 -7.9185638966e-14 3.1742405793e-14 1.6222920730e-14 7.9185654461e-14 6.3743328461e-18 -3.1722338813e-14 -1.6223148036e-14 -3.1246778001e-14
d  1.1929920000e-08 8.3509435825e-06 -2.0000000000e-01 1.6242343524e-07 3.0000000000e+02 -7.9187857165e-14 3.1732473981e-14 1.6242271829e-14 7.9187866605e-14 8.5143614087e-18 -3.1712431379e-14 -1.6242428357e-14 -3.1241616814e-14
d  1.4915904000e-08 1.0441132278e-05 -2.0000000000e-01 1.6206810485e-07 3.0000000000e+02 -7.9182939801e-14 3.1749893905e-14 1.6206900795e-14 7.9182927971e-14 4.6150903534e-18 -3.1729938625e-14 -1.6206721470e-14 -3.1251019251e-14
d  1.8499084800e-08 1.2949358713e-05 -2.0000000000e-01 1.6176178962e-07 3.0000000000e+02 -7.9178289868e-14 3.1764134306e-14 1.6176565530e-14 7.9178250098e-14 1.2823913039e-18 -3.1744293824e-14 -1.6175861394e-14 -3.1259051910e-14
d  2.2798901760e-08 1.5959230434e-05 -2.0000000000e-01 1.6162537920e-07 3.0000000000e+02 -7.9173888458e-14 3.1768432541e-14 1.6163859311e-14 7.9173777267e-14 -1.1707045199e-19 -3.1748886943e-14 -1.6161633280e-14 -3.1262322328e-14
d  2.7958682112e-08 1.9571076500e-05 -2.0000000000e-01 1.6157817928e-07 3.0000000000e+02 -7.9165549565e-14 3.1763523984e-14 1.6161969982e-14 7.9165260661e-14 -3.2547243679e-19 -3.1744713842e-14 -1.6155449129e-14 -3.1262486866e-14
d  3.4150418534e-08 2.3905291779e-05 -2.0000000000e-01 1.6153875381e-07 3.0000000000e+02 -7.9152377611e-14 3.1751630273e-14 1.6163068197e-14 7.9151845925e-14 -2.0818878412e-19 -3.1733825667e-14 -1.6149504911e-14 -3.1261526682e-14
d  4.1580502241e-08 2.9106350114e-05 -2.0000000000e-01 1.6149318744e-07 3.0000000000e+02 -7.9139756632e-14 3.1738372647e-14 1.6163853792e-14 7.9139056500e-14 -1.2206056980e-19 -3.1721265404e-14 -1.6143560256e-14 -3.1260528230e-14
d  5.0496602690e-08 3.5347620115e-05 -2.0000000000e-01 1.6147799999e-07 3.0000000000e+02 -7.9137327008e-14 3.1732123710e-14 1.6164012061e-14 7.9136675460e-14 -1.0187686787e-19 -3.1714812497e-14 -1.6142447609e-14 -3.1260065450e-14
d  6.1195923227e-08 4.2837144117e-05 -2.0000000000e-01 1.6147076281e-07 3.0000000000e+02 -7.9137230935e-14 3.1732866592e-14 1.6163928376e-14 7.9136665321e-14 -1.0098676158e-19 -3.1715195709e-14 -1.6142439867e-14 -3.1260096357e-14
d  7.4035107873e-08 5.1824572920e-05 -2.0000000000e-01 1.6146416188e-07 3.0000000000e+02 -7.9137136852e-14 3.1733626065e-14 1.6163900157e-14 7.9136646354e-14 -1.0713918891e-19 -3.1715639774e-14 -1.6142407639e-14 -3.1260134056e-14
d  8.9442129448e-08 6.2609487483e-05 -2.0000000000e-01 1.6145866779e-07 3.0000000000e+02 -7.9137074188e-14 3.1733885667e-14 1.6163913864e-14 7.9136650472e-14 -1.0627971784e-19 -3.1715617806e-14 -1.6142418732e-14 -3.1260132940e-14
d  1.0793055534e-07 7.5551384958e-05 -2.0000000000e-01 1.6145391655e-07 3.0000000000e+02 -7.9137018311e-14 3.1734112247e-14 1.6163936365e-14 7.9136653284e-14 -1.0598487959e-19 -3.1715595499e-14 -1.6142439053e-14 -3.1260131827e-14
d  1.3011666640e-07 9.1081661929e-05 -2.0000000000e-01 1.6144979874e-07 3.0000000000e+02 -7.9136972883e-14 3.1734292672e-14 1.6163961426e-14 7.9136658864e-14 -1.0515441652e-19 -3.1715557832e-14 -1.6142461416e-14 -3.1260130995e-14
d  1.5673999969e-07 1.0971799429e-04 -2.0000000000e-01 1.6144628820e-07 3.0000000000e+02 -7.9136932549e-14 3.1734458702e-14 1.6163991445e-14 7.9136662384e-14 -1.0656111379e-19 -3.1715534169e-14 -1.6142487972e-14 -3.1260130284e-14
d  1.8868799962e-07 1.3208159313e-04 -2.0000000000e-01 1.6144333913e-07 3.0000000000e+02 -7.9136902182e-14 3.1734597928e-14 1.6164026484e-14 7.9136669300e-14 -1.0582713162e-19 -3.1715509424e-14 -1.6142519473e-14 -3.1260129265e-14
d  2.2702559955e-07 1.5891791174e-04 -2.0000000000e-01 1.6144091160e-07 3.0000000000e+02 -7.9136878492e-14 3.1734686252e-14 1.6164068677e-14 7.9136676890e-14 -1.0583010486e-19 -3.1715456824e-14 -1.6142557249e-14 -3.1260128250e-14
d  2.7303071946e-07 1.9112149406e-04 -2.0000000000e-01 1.6143896628e-07 3.0000000000e+02 -7.9136861648e-14 3.1734773878e-14 1.6164119709e-14 7.9136685875e-14 -1.0583971415e-19 -3.1715423915e-14 -1.6142602659e-14 -3.1260126860e-14
d  3.2823686335e-07 2.2976579285e-04 -2.0000000000e-01 1.6143746737e-07 3.0000000000e+02 -7.9136851253e-14 3.1734811156e-14 1.6164180717e-14 7.9136696364e-14 -1.0586402408e-19 -3.1715358504e-14 -1.6142657185e-14 -3.1260125266e-14
d  3.9448423602e-07 2.7613895140e-04 -2.0000000000e-01 1.6143638657e-07 3.0000000000e+02 -7.9136847268e-14 3.1734838335e-14 1.6164253842e-14 7.9136708753e-14 -1.0616876440e-19 -3.1715298504e-14 -1.6142722647e-14 -3.1260123324e-14
d  4.7398108322e-07 3.3178674166e-04 -2.0000000000e-01 1.6143570103e-07 3.0000000000e+02 -7.9136850920e-14 3.1734826211e-14 1.6164341614e-14 7.9136724623e-14 -1.0546700897e-19 -3.1715212593e-14 -1.6142800975e-14 -3.1260121028e-14
d  5.6937729986e-07 3.9856408998e-04 -2.0000000000e-01 1.6143540277e-07 3.0000000000e+02 -7.9136860476e-14 3.1734803706e-14 1.6164446778e-14 7.9136742516e-14 -1.0582712802e-19 -3.1715127784e-14 -1.6142895174e-14 -3.1260118226e-14
d  6.8385275984e-07 4.7869690795e-04 -2.0000000000e-01 1.6143548730e-07 3.0000000000e+02 -7.9136877437e-14 3.1734740859e-14 1.6164573663e-14 7.9136764113e-14 -1.0600815860e-19 -3.1715012455e-14 -1.6143008101e-14 -3.1260114927e-14
d  8.2122331180e-07 5.7485628952e-04 -2.0000000000e-01 1.6143596296e-07 3.0000000000e+02 -7.9136902426e-14 3.1734648366e-14 1.6164724716e-14 7.9136790127e-14 -1.0597434634e-19 -3.1714875811e-14 -1.6143143557e-14 -3.1260110859e-14
d  9.8606797417e-07 6.9024754740e-04 -2.0000000000e-01 1.6143684886e-07 3.0000000000e+02 -7.9136936074e-14 3.1734524007e-14 1.6164906294e-14 7.9136821171e-14 -1.0584149565e-19 -3.1714714379e-14 -1.6143305944e-14 -3.1260106074e-14
d  1.1838815690e-06 8.2871705686e-04 -2.0000000000e-01 1.6143817859e-07 3.0000000000e+02 -7.9136979305e-14 3.1734358115e-14 1.6165124828e-14 7.9136858048e-14 -1.0581942146e-19 -3.1714517398e-14 -1.6143500804e-14 -3.1260100227e-14
d  1.4212578828e-06 9.9488046822e-04 -2.0000000000e-01 1.6143999788e-07 3.0000000000e+02 -7.9137033484e-14 3.1734149401e-14 1.6165386195e-14 7.9136901889e-14 -1.0576875141e-19 -3.1714282633e-14 -1.6143734593e-14 -3.1260093321e-14
d  1.7061094594e-06 1.1942765618e-03 -2.0000000000e-01 1.6144236983e-07 3.0000000000e+02 -7.9137100297e-14 3.1733883826e-14 1.6165700954e-14 7.9136954016e-14 -1.0542220154e-19 -3.1713995255e-14 -1.6144015188e-14 -3.1260084838e-14
d  2.0479313512e-06 1.4335518742e-03 -2.0000000000e-01 1.6144537383e-07 3.0000000000e+02 -7.9137181407e-14 3.1733562646e-14 1.6166080561e-14 7.9137015592e-14 -1.0511748175e-19 -3.1713655846e-14 -1.6144351875e-14 -3.1260074600e-14
d  2.4581176215e-06 1.7206822490e-03 -2.0000000000e-01 1.6144910211e-07 3.0000000000e+02 -7.9137279242e-14 3.1733165521e-14 1.6166537639e-14 7.9137088384e-14 -1.0480325329e-19 -3.1713243492e-14 -1.6144755020e-14 -3.1260062199e-14
d  2.9503411458e-06 2.0652386988e-03 -2.0000000000e-01 1.6166795616e-07 3.0000000000e+02 -7.9179150304e-14 3.1751721749e-14 1.6145367536e-14 7.9178959304e-14 -9.1632626132e-20 -3.1731657376e-14 -1.6166923788e-14 -3.1261246551e-14
d  3.5410093749e-06 2.4787064385e-03 -2.0000000000e-01 1.6167247826e-07 3.0000000000e+02 -7.9177898884e-14 3.1796790927e-14 1.6145784090e-14 7.9177663971e-14 -1.1094465110e-19 -3.1776737192e-14 -1.6167354816e-14 -3.1264227563e-14
d  4.2498112499e-06 2.9748677262e-03 -2.0000000000e-01 1.6168019576e-07 3.0000000000e+02 -7.9178387043e-14 3.1784901622e-14 1.6146521878e-14 7.9178100371e-14 -1.0602842105e-19 -3.1764856772e-14 -1.6168108879e-14 -3.1263469257e-14
d  5.1003734999e-06 3.5702612714e-03 -2.0000000000e-01 1.6168887614e-07 3.0000000000e+02 -7.9178560021e-14 3.1784184481e-14 1.6147355283e-14 7.9178212022e-14 -1.0597488107e-19 -3.1764147045e-14 -1.6168962156e-14 -3.1263449711e-14
d  6.1210481999e-06 4.2847335257e-03 -2.0000000000e-01 1.6169920583e-07 3.0000000000e+02 -7.9178759931e-14 3.1783323923e-14 1.6148352033e-14 7.9178338992e-14 -1.0600418544e-19 -3.1763292673e-14 -1.6169982809e-14 -3.1263426208e-14
d  7.3458578398e-06 5.1421002308e-03 -2.0000000000e-01 1.6171151678e-07 3.0000000000e+02 -7.9178988862e-14 3.1782286970e-14 1.6149544548e-14 7.9178480942e-14 -1.0599389786e-19 -3.1762260881e-14 -1.6171203629e-14 -3.1263397569e-14
d  8.8156294078e-06 6.1709402769e-03 -2.0000000000e-01 1.6172622135e-07 3.0000000000e+02 -7.9179253287e-14 3.1781037564e-14 1.6150970471e-14 7.9178641446e-14 -1.0598646113e-19 -3.1761015778e-14 -1.6172665521e-14 -3.1263362730e-14
d  1.0579355289e-05 7.4055483323e-03 -2.0000000000e-01 1.6174476199e-07 3.0000000000e+02 -7.9179744099e-14 3.1779618672e-14 1.6174375011e-14 7.9179003565e-14 -1.0996832558e-19 -3.1759618587e-14 -1.6174476384e-14 -3.1263335627e-14
d  1.2695826347e-05 8.8870779987e-03 -2.0000000000e-01 1.6176604030e-07 3.0000000000e+02 -7.9180611037e-14 3.1755216627e-14 1.6176502867e-14 7.9179722347e-14 -1.0453751604e-19 -3.1735216556e-14 -1.6176604187e-14 -3.1261803719e-14
d  1.5235591617e-05 1.0664913598e-02 -2.0000000000e-01 1.6179079558e-07 3.0000000000e+02 -7.9180825636e-14 3.1758556495e-14 1.6178952693e-14 7.9179759163e-14 -1.0593804416e-19 -3.1738556421e-14 -1.6179079722e-14 -3.1262103616e-14
d  1.8283309940e-05 1.2798316318e-02 -2.0000000000e-01 1.6182045595e-07 3.0000000000e+02 -7.9181190664e-14 3.1755851538e-14 1.6181778192e-14 7.9179910864e-14 -1.0594364884e-19 -3.1735851408e-14 -1.6182045870e-14 -3.1262023238e-14
d  2.1940571928e-05 1.5358399582e-02 -2.0000000000e-01 1.6185581907e-07 3.0000000000e+02 -7.9181554716e-14 3.1752668063e-14 1.6184919896e-14 7.9180018940e-14 -1.0591584798e-19 -3.1732667795e-14 -1.6185582456e-14 -3.1261930627e-14
d  2.6329286314e-05 1.8430499498e-02 -2.0000000000e-01 1.6189798846e-07 3.0000000000e+02 -7.9181894943e-14 3.1748993582e-14 1.6186626806e-14 7.9180052151e-14 -1.0577225245e-19 -3.1728992512e-14 -1.6189800990e-14 -3.1261828396e-14
d  3.1595743576e-05 2.2117019398e-02 -2.0000000000e-01 1.6194824639e-07 3.0000000000e+02 -7.9182128477e-14 3.1746558854e-14 1.6194831174e-14 7.9179916775e-14 -1.0620365296e-19 -3.1726558855e-14 -1.6194824652e-14 -3.1261834947e-14
d  3.7915492292e-05 2.6540843277e-02 -2.0000000000e-01 1.6200816736e-07 3.0000000000e+02 -7.9182402666e-14 3.1736547257e-14 1.6200814633e-14 7.9179748582e-14 -1.0588154605e-19 -3.1716547257e-14 -1.6200816753e-14 -3.1261380228e-14
d  4.5499190750e-05 3.1849431933e-02 -2.0000000000e-01 1.6187808512e-07 3.0000000000e+02 -7.9143444439e-14 3.1712307579e-14 1.6185380123e-14 7.9140259610e-14 -1.0483252435e-19 -3.1692307105e-14 -1.6187809472e-14 -3.1260042486e-14
d  5.4599628900e-05 3.8219738319e-02 -2.0000000000e-01 1.6195200695e-07 3.0000000000e+02 -7.9140976594e-14 3.1704755841e-14 1.6193699188e-14 7.9137154679e-14 -1.0615904839e-19 -3.1684755597e-14 -1.6195201197e-14 -3.1259837833e-14
d  6.5520154680e-05 4.5864105983e-02 -2.0000000000e-01 1.6204851609e-07 3.0000000000e+02 -7.9139283962e-14 3.1691444737e-14 1.6203724909e-14 7.9134697588e-14 -1.0579865435e-19 -3.1671444584e-14 -1.6204851930e-14 -3.1259311655e-14
d  7.8624785616e-05 5.5037347179e-02 -2.0000000000e-01 1.6216883356e-07 3.0000000000e+02 -7.9137588602e-14 3.1677158340e-14 1.6215869959e-14 7.9132084895e-14 -1.0578002410e-19 -3.1657158225e-14 -1.6216883600e-14 -3.1258788939e-14
d  9.4350342739e-05 6.6045236615e-02 -2.0000000000e-01 1.6231778717e-07 3.0000000000e+02 -7.9135650599e-14 3.1659840051e-14 1.6230741775e-14 7.9129046099e-14 -1.0575890474e-19 -3.1639839953e-14 -1.6231778927e-14 -3.1258148501e-14
d  1.1322101129e-04 7.9254703938e-02 -2.0000000000e-01 1.6273212676e-07 3.0000000000e+02 -7.9177351358e-14 3.1658370170e-14 1.6273218761e-14 7.9169425888e-14 -1.0631241901e-19 -3.1638370170e-14 -1.6273212691e-14 -3.1258619338e-14
d  1.3586581354e-04 9.5106064726e-02 -2.0000000000e-01 1.6297266591e-07 3.0000000000e+02 -7.9175901827e-14 3.1631184407e-14 1.6296787038e-14 7.9166391228e-14 -1.0567505226e-19 -3.1611184375e-14 -1.6297266669e-14 -3.1257538912e-14
d  1.6303957625e-04 1.1412769767e-01 -2.0000000000e-01 1.6328396639e-07 3.0000000000e+02 -7.9175228335e-14 3.1599543358e-14 1.6327909447e-14 7.9163815571e-14 -1.0579989888e-19 -3.1579543332e-14 -1.6328396709e-14 -3.1256305009e-14
d  1.9564809150e-04 1.3695365721e-01 -2.0000000000e-01 1.6348075258e-07 3.0000000000e+02 -7.9135368399e-14 3.1540426816e-14 1.6348043621e-14 7.9121673033e-14 -1.0535462595e-19 -3.1520426815e-14 -1.6348075277e-14 -3.1253472976e-14
d  2.3477830980e-04 1.6434480865e-01 -2.0000000000e-01 1.6402552500e-07 3.0000000000e+02 -7.9137803237e-14 3.1487383020e-14 1.6402597906e-14 7.9121368756e-14 -1.0550097963e-19 -3.1467383021e-14 -1.6402552513e-14 -3.1251225717e-14
d  2.8173457177e-04 1.9721419038e-01 -2.0000000000e-01 1.6482725347e-07 3.0000000000e+02 -7.9153423748e-14 3.1422363627e-14 1.6482709550e-14 7.9133702329e-14 -1.0530299240e-19 -3.1402363626e-14 -1.6482725364e-14 -3.1248445427e-14
d  3.3808208612e-04 2.3665744845e-01 -2.0000000000e-01 1.6601076768e-07 3.0000000000e+02 -7.9186995835e-14 3.1337481825e-14 1.6600983114e-14 7.9163330091e-14 -1.0505951074e-19 -3.1317481823e-14 -1.6601076790e-14 -3.1244689001e-14
d  4.0569910334e-04 2.8398935814e-01 -2.0000000000e-01 1.6782284565e-07 3.0000000000e+02 -7.9252616280e-14 3.1222519063e-14 1.6782011877e-14 7.9224217345e-14 -1.0467252150e-19 -3.1202519057e-14 -1.6782284594e-14 -3.1239393720e-14
d  4.8683952401e-04 3.4078764977e-01 -2.0000000000e-01 1.7074226283e-07 3.0000000000e+02 -7.9382416919e-14 3.1062505806e-14 1.7074133798e-14 7.9348338154e-14 -1.0405419522e-19 -3.1042505805e-14 -1.7074226304e-14 -3.1231745346e-14
d  5.8420802881e-04 4.0894559972e-01 -2.0000000000e-01 1.7546173701e-07 3.0000000000e+02 -7.9601082132e-14 3.0814658461e-14 1.7546205688e-14 7.9560187572e-14 -1.0280794165e-19 -3.0794658461e-14 -1.7546173717e-14 -3.1219296127e-14
d  7.0105023458e-04 4.9073513967e-01 -2.0000000000e-01 1.8359041491e-07 3.0000000000e+02 -8.0016787080e-14 3.0429082721e-14 1.8359030648e-14 7.9967713566e-14 -1.0060799075e-19 -3.0409082721e-14 -1.8359041510e-14 -3.1199357286e-14
d  8.3881688133e-04 5.8717178758e-01 -2.0000000000e-01 1.9754266235e-07 3.0000000000e+02 -8.0775390835e-14 2.9815198477e-14 1.9754029811e-14 8.0716673657e-14 -9.6561723387e-20 -2.9795198475e-14 -1.9754266260e-14 -3.1166997526e-14
d  9.6966434383e-04 6.7876500674e-01 -2.0000000000e-01 2.1634428179e-07 3.0000000000e+02 -8.1882942586e-14 2.9072613752e-14 2.1634819938e-14 8.1815066084e-14 -9.1229115127e-20 -2.9052613757e-14 -2.1634428191e-14 -3.1127851578e-14
d  1.0954671633e-03 7.6682697595e-01 -2.0000000000e-01 2.3938067840e-07 3.0000000000e+02 -8.3262352072e-14 2.8186075281e-14 2.3937463721e-14 8.3185669377e-14 -8.4149409781e-20 -2.8166075274e-14 -2.3938067878e-14 -3.1081196362e-14
d  1.2257334013e-03 8.5801333801e-01 -2.0000000000e-01 2.6893191717e-07 3.0000000000e+02 -8.5209769876e-14 2.7219284272e-14 2.6893550469e-14 8.5123968541e-14 -7.6034524301e-20 -2.7199284276e-14 -2.6893191735e-14 -3.1031256485e-14
d  1.2905538885e-03 9.0338767679e-01 -2.0000000000e-01 2.8526869166e-07 3.0000000000e+02 -8.6350569865e-14 2.6745828910e-14 2.8526915896e-14 8.6260231097e-14 -7.1602011953e-20 -2.6725828911e-14 -2.8526869193e-14 -3.1007509889e-14
d  1.3294461808e-03 9.3061228006e-01 -2.0000000000e-01 2.9502562613e-07 3.0000000000e+02 -8.7008617286e-14 2.6441091583e-14 2.9502803157e-14 8.6915556056e-14 -6.8346922035e-20 -2.6421091592e-14 -2.9502562626e-14 -3.0992122949e-14
d  1.3761169316e-03 9.6328180398e-01 -2.0000000000e-01 3.0728896292e-07 3.0000000000e+02 -8.7889723607e-14 2.6107950724e-14 3.0727971698e-14 8.7793395434e-14 -6.5378354494e-20 -2.6087950693e-14 -3.0728896383e-14 -3.0975544173e-14
d  1.4321218326e-03 1.0024852327e+00 -2.0000000000e-01 3.2298675438e-07 3.0000000000e+02 -8.9121374668e-14 2.5782573057e-14 3.2299553204e-14 8.9021126138e-14 -6.2501384396e-20 -2.5762573081e-14 -3.2298675423e-14 -3.0960040997e-14
d  1.4657247731e-03 1.0260072899e+00 -2.0000000000e-01 3.3137558062e-07 3.0000000000e+02 -8.9700266070e-14 2.5531772244e-14 3.3137510899e-14 8.9597665342e-14 -5.8816172848e-20 -2.5511772242e-14 -3.3137558099e-14 -3.0947617554e-14
d  1.4858865375e-03 1.0401205242e+00 -2.0000000000e-01 3.3787315881e-07 3.0000000000e+02 -9.0306402353e-14 2.5487764801e-14 3.3787349485e-14 9.0202390300e-14 -6.0630714144e-20 -2.5467764804e-14 -3.3787315910e-14 -3.0946296129e-14
d  1.5100806547e-03 1.0570564054e+00 -2.0000000000e-01 3.4447363366e-07 3.0000000000e+02 -9.0827311232e-14 2.5354505620e-14 3.4447382787e-14 9.0721605591e-14 -5.7020534109e-20 -2.5334505621e-14 -3.4447363398e-14 -3.0940077338e-14
d  1.5391135953e-03 1.0773794629e+00 -2.0000000000e-01 3.5152959563e-07 3.0000000000e+02 -9.1320892607e-14 2.5150052358e-14 3.5152606426e-14 9.1213154666e-14 -5.4439093413e-20 -2.5130052339e-14 -3.5152959635e-14 -3.0930091267e-14
d  1.5565333597e-03 1.0895732973e+00 -2.0000000000e-01 3.5699649695e-07 3.0000000000e+02 -9.1837771483e-14 2.5119455430e-14 3.5699879040e-14 9.1728814149e-14 -5.6466247921e-20 -2.5099455447e-14 -3.5699649696e-14 -3.0929382605e-14
d  1.5774370770e-03 1.1042058987e+00 -2.0000000000e-01 3.6262984655e-07 3.0000000000e+02 -9.2301059085e-14 2.5022504397e-14 3.6263025133e-14 9.2190638494e-14 -5.3379916757e-20 -2.5002504400e-14 -3.6262984685e-14 -3.0925076563e-14
d  1.6025215377e-03 1.1217650203e+00 -2.0000000000e-01 3.6883316648e-07 3.0000000000e+02 -9.2775285688e-14 2.4881287168e-14 3.6884485384e-14 9.2663109168e-14 -5.1621139908e-20 -2.4861287239e-14 -3.6883316545e-14 -3.0918503901e-14
d  1.6326228906e-03 1.1428359663e+00 -2.0000000000e-01 3.7594254987e-07 3.0000000000e+02 -9.3314287464e-14 2.4714296838e-14 3.7594419110e-14 9.3200003865e-14 -4.9616935051e-20 -2.4694296847e-14 -3.7594255008e-14 -3.0910773874e-14
d  1.6506837023e-03 1.1554785338e+00 -2.0000000000e-01 3.8190227456e-07 3.0000000000e+02 -9.3935438710e-14 2.4735326723e-14 3.8190304668e-14 9.3819890855e-14 -5.2590998995e-20 -2.4715326729e-14 -3.8190227483e-14 -3.0913047464e-14
d  1.6723566764e-03 1.1706496149e+00 -2.0000000000e-01 3.8759365468e-07 3.0000000000e+02 -9.4431035724e-14 2.4664760871e-14 3.8759729865e-14 9.4313970756e-14 -4.8821000655e-20 -2.4644760896e-14 -3.8759365456e-14 -3.0910301480e-14
d  1.6983642453e-03 1.1888549122e+00 -2.0000000000e-01 3.9321712908e-07 3.0000000000e+02 -9.4839134208e-14 2.4514996419e-14 3.9321834878e-14 9.4720248715e-14 -4.6370109664e-20 -2.4494996427e-14 -3.9321712933e-14 -3.0903318718e-14
d  1.7295733279e-03 1.2107012690e+00 -2.0000000000e-01 4.0103100983e-07 3.0000000000e+02 -9.5537955343e-14 2.4432603617e-14 4.0105477051e-14 9.5416885185e-14 -4.6959063733e-20 -2.4412603734e-14 -4.0103100790e-14 -3.0900478198e-14
d  1.7670242271e-03 1.2369168971e+00 -2.0000000000e-01 4.1075468061e-07 3.0000000000e+02 -9.6456108932e-14 2.4376532492e-14 4.1075636598e-14 9.6332417240e-14 -4.5990546887e-20 -2.4356532499e-14 -4.1075468089e-14 -3.0899481399e-14
d  1.7894947666e-03 1.2526462740e+00 -2.0000000000e-01 4.1596413992e-07 3.0000000000e+02 -9.6913552990e-14 2.4313931663e-14 4.1596490105e-14 9.6788288361e-14 -4.4298447466e-20 -2.4293931668e-14 -4.1596414024e-14 -3.0897232053e-14
d  1.8029770903e-03 1.2620839001e+00 -2.0000000000e-01 4.2065541363e-07 3.0000000000e+02 -9.7454613513e-14 2.4380012348e-14 4.2065575430e-14 9.7328405123e-14 -4.8462099469e-20 -2.4360012351e-14 -4.2065541398e-14 -3.0901750990e-14
d  1.8191558788e-03 1.2734090515e+00 -2.0000000000e-01 4.2477099498e-07 3.0000000000e+02 -9.7841392799e-14 2.4356050720e-14 4.2475705914e-14 9.7714051926e-14 -4.4106686202e-20 -2.4336050589e-14 -4.2477099799e-14 -3.0901308665e-14
d  1.8385704249e-03 1.2869992331e+00 -2.0000000000e-01 4.2879294281e-07 3.0000000000e+02 -9.8158801541e-14 2.4274322705e-14 4.2878304885e-14 9.8030101637e-14 -4.2685745152e-20 -2.4254322628e-14 -4.2879294478e-14 -3.0897792605e-14
d  1.8618678803e-03 1.3033074510e+00 -2.0000000000e-01 4.3413659816e-07 3.0000000000e+02 -9.8643689293e-14 2.4223373017e-14 4.3412497881e-14 9.8513358568e-14 -4.3206753171e-20 -2.4203372941e-14 -4.3413660011e-14 -3.0896238467e-14
d  1.8898248267e-03 1.3228773125e+00 -2.0000000000e-01 4.4052670665e-07 3.0000000000e+02 -9.9238384099e-14 2.4178113067e-14 4.4051652279e-14 9.9106096383e-14 -4.2276200672e-20 -2.4158113011e-14 -4.4052670820e-14 -3.0895258852e-14
d  1.9065989946e-03 1.3346192295e+00 -2.0000000000e-01 4.4563935328e-07 3.0000000000e+02 -9.9812079119e-14 2.4234402323e-14 4.4562976150e-14 9.9678617216e-14 -4.4935244162e-20 -2.4214402246e-14 -4.4563935526e-14 -3.0899371780e-14
d  1.9267279960e-03 1.3487095298e+00 -2.0000000000e-01 4.5074344548e-07 3.0000000000e+02 -1.0032154065e-13 2.4232430262e-14 4.5074008076e-14 1.0018666970e-13 -4.2485890614e-20 -2.4212430236e-14 -4.5074344644e-14 -3.0900368447e-14
d  1.9508827977e-03 1.3656178901e+00 -2.0000000000e-01 4.5692549568e-07 3.0000000000e+02 -1.0094332395e-13 2.4232127288e-14 4.5690485178e-14 1.0080676220e-13 -4.2929391815e-20 -2.4212127158e-14 -4.5692549874e-14 -3.0901678410e-14
d  1.9798685598e-03 1.3859079225e+00 -2.0000000000e-01 4.6383823703e-07 3.0000000000e+02 -1.0161044363e-13 2.4206998974e-14 4.6386635585e-14 1.0147185279e-13 -4.1934527165e-20 -2.4186999123e-14 -4.6383823452e-14 -3.0901840511e-14
d  2.0146514743e-03 1.4102559615e+00 -2.0000000000e-01 4.7231757671e-07 3.0000000000e+02 -1.0245252084e-13 2.4195508109e-14 4.7230528880e-14 1.0231149526e-13 -4.1779804841e-20 -2.4175508055e-14 -4.7231757828e-14 -3.0903068109e-14
d  2.0355212229e-03 1.4248647848e+00 -2.0000000000e-01 4.7907184580e-07 3.0000000000e+02 -1.0322858817e-13 2.4288841450e-14 4.7906491896e-14 1.0308610170e-13 -4.4962425083e-20 -2.4268841405e-14 -4.7907184718e-14 -3.0909419090e-14
d  2.0480430722e-03 1.4336300788e+00 -2.0000000000e-01 4.8402410670e-07 3.0000000000e+02 -1.0383303527e-13 2.4391061684e-14 4.8400867103e-14 1.0368967230e-13 -4.7399836025e-20 -2.4371061517e-14 -4.8402411048e-14 -3.0915810829e-14
d  2.0630692912e-03 1.4441484316e+00 -2.0000000000e-01 4.8847189068e-07 3.0000000000e+02 -1.0429507388e-13 2.4407456487e-14 4.8847723434e-14 1.0415065902e-13 -4.3745557543e-20 -2.4387456541e-14 -4.8847189010e-14 -3.0917502218e-14
d  2.0811007541e-03 1.4567704550e+00 -2.0000000000e-01 4.9233471689e-07 3.0000000000e+02 -1.0460662380e-13 2.4332687495e-14 4.9232237778e-14 1.0446094678e-13 -4.1207307673e-20 -2.4312687391e-14 -4.9233471945e-14 -3.0914239785e-14
d  2.1027385095e-03 1.4719168831e+00 -2.0000000000e-01 4.9790604358e-07 3.0000000000e+02 -1.0514977558e-13 2.4317664672e-14 4.9789102930e-14 1.0500258392e-13 -4.3280727459e-20 -2.4297664566e-14 -4.9790604619e-14 -3.0914519396e-14
d  2.1157211628e-03 1.4810047399e+00 -2.0000000000e-01 5.0412911952e-07 3.0000000000e+02 -1.0594847431e-13 2.4482707164e-14 5.0412559825e-14 1.0580037385e-13 -5.0935064305e-20 -2.4462707128e-14 -5.0412912075e-14 -3.0924435467e-14
d  2.1235107547e-03 1.4864574540e+00 -2.0000000000e-01 5.0661618155e-07 3.0000000000e+02 -1.0620945496e-13 2.4494611932e-14 5.0661746621e-14 1.0606080921e-13 -4.4638140268e-20 -2.4474611954e-14 -5.0661618162e-14 -3.0925478507e-14
d  2.1328582651e-03 1.4930007109e+00 -2.0000000000e-01 5.0958908222e-07 3.0000000000e+02 -1.0651877862e-13 2.4503909888e-14 5.0959080986e-14 1.0636947855e-13 -4.5901773364e-20 -2.4483909916e-14 -5.0958908218e-14 -3.0926471015e-14
d  2.1428570000e-03 1.4999998250e+00 -2.0000000000e-01 5.1288368311e-07 3.0000000000e+02 -1.0686676159e-13 2.4520692214e-14 5.1288727069e-14 1.0671676160e-13 -4.6419551437e-20 -2.4500692267e-14 -5.1288368257e-14 -3.0927911255e-14
d  2.1548554819e-03 1.5083987619e+00 -2.0000000000e-01 5.1694563262e-07 3.0000000000e+02 -1.0729912694e-13 2.4543987994e-14 5.1694698881e-14 1.0714828706e-13 -4.6774661278e-20 -2.4523988011e-14 -5.1694563279e-14 -3.0929812012e-14
d  2.1692536602e-03 1.5184774862e+00 -2.0000000000e-01 5.2183998145e-07 3.0000000000e+02 -1.0781621242e-13 2.4568563481e-14 5.2184020500e-14 1.0766436467e-13 -4.6915406897e-20 -2.4548563484e-14 -5.2183998193e-14 -3.0931898430e-14
d  2.1865314741e-03 1.5305719554e+00 -2.0000000000e-01 5.2598264591e-07 3.0000000000e+02 -1.0815226262e-13 2.4492372856e-14 5.2596759237e-14 1.0799920546e-13 -4.2691876617e-20 -2.4472372724e-14 -5.2598264908e-14 -3.0928485102e-14
d  2.2072648509e-03 1.5450853183e+00 -2.0000000000e-01 5.3297136251e-07 3.0000000000e+02 -1.0889688084e-13 2.4533635062e-14 5.3296189404e-14 1.0874237232e-13 -4.7381468562e-20 -2.4513634992e-14 -5.3297136443e-14 -3.0931816502e-14
d  2.2321449029e-03 1.5625013539e+00 -2.0000000000e-01 5.4172690078e-07 3.0000000000e+02 -1.0983711632e-13 2.4591448952e-14 5.4173209939e-14 1.0968086617e-13 -4.7294206162e-20 -2.4571448984e-14 -5.4172690068e-14 -3.0936248611e-14
d  2.2620009654e-03 1.5834005966e+00 -2.0000000000e-01 5.5067246724e-07 3.0000000000e+02 -1.1070289920e-13 2.4561996243e-14 5.5064791076e-14 1.1054455917e-13 -4.5030649846e-20 -2.4541996117e-14 -5.5067247034e-14 -3.0936033644e-14
d  2.2799146029e-03 1.5959401422e+00 -2.0000000000e-01 5.5727905282e-07 3.0000000000e+02 -1.1142308828e-13 2.4613837306e-14 5.5726127434e-14 1.1126349430e-13 -4.8037076390e-20 -2.4593837172e-14 -5.5727905606e-14 -3.0939776828e-14
d  2.3014109679e-03 1.6109875970e+00 -2.0000000000e-01 5.6753364461e-07 3.0000000000e+02 -1.1263768444e-13 2.4792050788e-14 5.6750967835e-14 1.1247658573e-13 -5.2844424428e-20 -2.4772050619e-14 -5.6753364858e-14 -3.0950715407e-14
d  2.3272066059e-03 1.6290445427e+00 -2.0000000000e-01 5.7841286011e-07 3.0000000000e+02 -1.1380937620e-13 2.4869553438e-14 5.7842059506e-14 1.1364647174e-13 -5.0682197779e-20 -2.4849553484e-14 -5.7841285976e-14 -3.0956208953e-14
d  2.3581613715e-03 1.6507128775e+00 -2.0000000000e-01 5.8987830573e-07 3.0000000000e+02 -1.1493331102e-13 2.4844795279e-14 5.8985731200e-14 1.1476823977e-13 -4.9356148421e-20 -2.4824795176e-14 -5.8987830843e-14 -3.0956236357e-14
d  2.3767342308e-03 1.6637138784e+00 -2.0000000000e-01 5.9824628008e-07 3.0000000000e+02 -1.1584045445e-13 2.4907197234e-14 5.9822337196e-14 1.1567408311e-13 -5.2967922507e-20 -2.4887197067e-14 -5.9824628403e-14 -3.0960543158e-14
d  2.3878779465e-03 1.6715144789e+00 -2.0000000000e-01 6.0846099970e-07 3.0000000000e+02 -1.1721085507e-13 2.5236672041e-14 6.0846114583e-14 1.1704370362e-13 -6.9425888572e-20 -2.5216672043e-14 -6.0846100028e-14 -3.0979357895e-14
d  2.4012504052e-03 1.6808751996e+00 -2.0000000000e-01 6.1307927145e-07 3.0000000000e+02 -1.1756121916e-13 2.5131736468e-14 6.1306650083e-14 1.1739313168e-13 -4.5939590708e-20 -2.5111736323e-14 -6.1307927494e-14 -3.0974063944e-14
d  2.4172973557e-03 1.6921080644e+00 -2.0000000000e-01 6.2155461611e-07 3.0000000000e+02 -1.1846622009e-13 2.5183735965e-14 6.2154101570e-14 1.1829700931e-13 -5.9119508416e-20 -2.5163735836e-14 -6.2155461930e-14 -3.0977673697e-14
d  2.4365536962e-03 1.7055875021e+00 -2.0000000000e-01 6.2941084628e-07 3.0000000000e+02 -1.1917088890e-13 2.5104818293e-14 6.2936188158e-14 1.1900033026e-13 -5.2263835319e-20 -2.5084817906e-14 -6.2941085468e-14 -3.0974115753e-14
d  2.4481075006e-03 1.7136751647e+00 -2.0000000000e-01 6.3845930920e-07 3.0000000000e+02 -1.2029373264e-13 2.5310957264e-14 6.3844680667e-14 1.2012236516e-13 -6.6861276870e-20 -2.5290957118e-14 -6.3845931274e-14 -3.0986063239e-14
d  2.4619720658e-03 1.7233803599e+00 -2.0000000000e-01 6.4666730564e-07 3.0000000000e+02 -1.2117169099e-13 2.5362662016e-14 6.4664092527e-14 1.2099935303e-13 -5.8231543976e-20 -2.5342661728e-14 -6.4666731204e-14 -3.0989491406e-14
d  2.4786095441e-03 1.7350265941e+00 -2.0000000000e-01 6.5684805870e-07 3.0000000000e+02 -1.2225523872e-13 2.5424008935e-14 6.5681487667e-14 1.2208173614e-13 -6.1816746063e-20 -2.5404008632e-14 -6.5684806543e-14 -3.0993589474e-14
d  2.4985745180e-03 1.7490020751e+00 -2.0000000000e-01 6.6659482341e-07 3.0000000000e+02 -1.2314404670e-13 2.5340448774e-14 6.6656477503e-14 1.2296914656e-13 -5.6979007909e-20 -2.5320448545e-14 -6.6659482870e-14 -3.0989783739e-14
d  2.5225324867e-03 1.7657726524e+00 -2.0000000000e-01 6.8204132989e-07 3.0000000000e+02 -1.2480308656e-13 2.5444154236e-14 6.8200559297e-14 1.2462650936e-13 -6.4781331421e-20 -2.5424154009e-14 -6.8204133520e-14 -3.0996522576e-14
d  2.5369072679e-03 1.7758349987e+00 -2.0000000000e-01 6.9522909764e-07 3.0000000000e+02 -1.2638800712e-13 2.5693959751e-14 6.9520243557e-14 1.2621042369e-13 -7.3573570693e-20 -2.5673959501e-14 -6.9522910337e-14 -3.1010920562e-14
d  2.5455321366e-03 1.7818724065e+00 -2.0000000000e-01 7.0525300066e-07 3.0000000000e+02 -1.2764659903e-13 2.5939140311e-14 7.0525330861e-14 1.2746841179e-13 -8.1438189350e-20 -2.5919140316e-14 -7.0525300127e-14 -3.1024811759e-14
d  2.5558819791e-03 1.7891172959e+00 -2.0000000000e-01 7.1380903890e-07 3.0000000000e+02 -1.2854918015e-13 2.5981686961e-14 7.1378661636e-14 1.2837026850e-13 -6.9064914979e-20 -2.5961686633e-14 -7.1380904612e-14 -3.1027530324e-14
d  2.5683017901e-03 1.7978111632e+00 -2.0000000000e-01 7.2075961889e-07 3.0000000000e+02 -1.2908684292e-13 2.5833417332e-14 7.2074189570e-14 1.2890706186e-13 -6.2812597532e-20 -2.5813417116e-14 -7.2075962393e-14 -3.1019813196e-14
d  2.5832055632e-03 1.8082438038e+00 -2.0000000000e-01 7.3313298301e-07 3.0000000000e+02 -1.3039410164e-13 2.5895381427e-14 7.3311317516e-14 1.3021327732e-13 -7.5493180918e-20 -2.5875381226e-14 -7.3313298780e-14 -3.1023834751e-14
d  2.6010900910e-03 1.8207629727e+00 -2.0000000000e-01 7.4472473977e-07 3.0000000000e+02 -1.3143068664e-13 2.5777724435e-14 7.4466235944e-14 1.3124861049e-13 -6.5494866718e-20 -2.5757723905e-14 -7.4472475124e-14 -3.1018015014e-14
d  2.6225515244e-03 1.8357859753e+00 -2.0000000000e-01 7.6325757773e-07 3.0000000000e+02 -1.3340638978e-13 2.5891906313e-14 7.6321099526e-14 1.3322281129e-13 -7.6255122893e-20 -2.5871905983e-14 -7.6325758525e-14 -3.1025152502e-14
d  2.6483052444e-03 1.8538135784e+00 -2.0000000000e-01 7.8703698622e-07 3.0000000000e+02 -1.3593602170e-13 2.6031033517e-14 7.8697382199e-14 1.3575064047e-13 -7.6710722024e-20 -2.6011033143e-14 -7.8703699475e-14 -3.1033781817e-14
d  2.6560313604e-03 1.8592218593e+00 -2.0000000000e-01 8.0346856957e-07 3.0000000000e+02 -1.3814949663e-13 2.6567579291e-14 8.0346965217e-14 1.3796357444e-13 -1.1441701197e-19 -2.6547579308e-14 -8.0346857004e-14 -3.1063644549e-14
d  2.6653026996e-03 1.8657117965e+00 -2.0000000000e-01 8.1426447610e-07 3.0000000000e+02 -1.3927961843e-13 2.6621950569e-14 8.1426667301e-14 1.3909304724e-13 -7.7869629809e-20 -2.6601950605e-14 -8.1426447620e-14 -3.1066873661e-14
d  2.6764283067e-03 1.8734997210e+00 -2.0000000000e-01 8.2300549781e-07 3.0000000000e+02 -1.3994694956e-13 2.6422818983e-14 8.2298978560e-14 1.3975959965e-13 -7.4584993232e-20 -2.6402818769e-14 -8.2300550292e-14 -3.1056306216e-14
d  2.6897790351e-03 1.8828452305e+00 -2.0000000000e-01 8.3864991613e-07 3.0000000000e+02 -1.4158915091e-13 2.6494403080e-14 8.3863008352e-14 1.4140086645e-13 -9.2692932543e-20 -2.6474402855e-14 -8.3864992151e-14 -3.1060746004e-14
d  2.7057999093e-03 1.8940598418e+00 -2.0000000000e-01 8.5366548983e-07 3.0000000000e+02 -1.4294515416e-13 2.6354911458e-14 8.5360447988e-14 1.4275574835e-13 -7.9502831461e-20 -2.6334910881e-14 -8.5366550243e-14 -3.1053617256e-14
d  2.7154124338e-03 1.9007886086e+00 -2.0000000000e-01 8.6982357495e-07 3.0000000000e+02 -1.4489047405e-13 2.6665761867e-14 8.6980635931e-14 1.4470039525e-13 -1.0745748849e-19 -2.6645761626e-14 -8.6982358065e-14 -3.1071069711e-14
d  2.7269474632e-03 1.9088631288e+00 -2.0000000000e-01 8.8514261459e-07 3.0000000000e+02 -1.4650035455e-13 2.6739330320e-14 8.8511150183e-14 1.4630946835e-13 -9.1103980148e-20 -2.6719329913e-14 -8.8514262369e-14 -3.1075455681e-14
d  2.7407894985e-03 1.9185525530e+00 -2.0000000000e-01 9.0425524605e-07 3.0000000000e+02 -1.4849888219e-13 2.6821237216e-14 9.0422184971e-14 1.4830702704e-13 -9.8313217877e-20 -2.6801236851e-14 -9.0425525436e-14 -3.1080418685e-14
d  2.7573999408e-03 1.9301798620e+00 -2.0000000000e-01 9.2844211030e-07 3.0000000000e+02 -1.5102528693e-13 2.6921152269e-14 9.2841847210e-14 1.5083226901e-13 -1.0185391375e-19 -2.6901152053e-14 -9.2844211565e-14 -3.1086440310e-14
d  2.7673662062e-03 1.9371562475e+00 -2.0000000000e-01 9.4414841642e-07 3.0000000000e+02 -1.5269008562e-13 2.7007555108e-14 9.4411427308e-14 1.5249637013e-13 -1.0575969545e-19 -2.6987554647e-14 -9.4414842667e-14 -3.1091495155e-14
d  2.7793257246e-03 1.9455279100e+00 -2.0000000000e-01 9.6336052776e-07 3.0000000000e+02 -1.5469888105e-13 2.7092498609e-14 9.6329120363e-14 1.5450432851e-13 -1.0711415512e-19 -2.7072497732e-14 -9.6336054647e-14 -3.1096522565e-14
d  2.7865014357e-03 1.9505509075e+00 -2.0000000000e-01 9.8141962194e-07 3.0000000000e+02 -1.5691020709e-13 2.7478208610e-14 9.8142009510e-14 1.5671515200e-13 -1.3822930145e-19 -2.7458208619e-14 -9.8141962275e-14 -3.1117906392e-14
d  2.7951122890e-03 1.9565785045e+00 -2.0000000000e-01 9.9739258141e-07 3.0000000000e+02 -1.5856966244e-13 2.7532543518e-14 9.9739344412e-14 1.5837400459e-13 -1.1028124061e-19 -2.7512543534e-14 -9.9739258210e-14 -3.1121063908e-14
d  2.8054453130e-03 1.9638116209e+00 -2.0000000000e-01 1.0107074208e-06 3.0000000000e+02 -1.5961196788e-13 2.7258430255e-14 1.0106833176e-13 1.5941558682e-13 -9.6739420672e-20 -2.7238429903e-14 -1.0107074289e-13 -3.1106352790e-14
d  2.8178449417e-03 1.9724913606e+00 -2.0000000000e-01 1.0338166802e-06 3.0000000000e+02 -1.6201558675e-13 2.7344271887e-14 1.0337887610e-13 1.6181833772e-13 -1.2354638003e-19 -2.7324271546e-14 -1.0338166882e-13 -3.1111472626e-14
d  2.8327244962e-03 1.9829070482e+00 -2.0000000000e-01 1.0628747506e-06 3.0000000000e+02 -1.6503741818e-13 2.7452738571e-14 1.0628490168e-13 1.6483912756e-13 -1.2180996869e-19 -2.7432738309e-14 -1.0628747570e-13 -3.1117827485e-14
d  2.8416522289e-03 1.9891564608e+00 -2.0000000000e-01 1.0815347734e-06 3.0000000000e+02 -1.6699922622e-13 2.7540969355e-14 1.0815076883e-13 1.6680031069e-13 -1.2618445298e-19 -2.7520968947e-14 -1.0815347827e-13 -3.1122905247e-14
d  2.8523655082e-03 1.9966557559e+00 -2.0000000000e-01 1.1045124993e-06 3.0000000000e+02 -1.6939250950e-13 2.7633262611e-14 1.1044594078e-13 1.6919284414e-13 -1.2843986527e-19 -2.7613261862e-14 -1.1045125157e-13 -3.1128245008e-14
d  2.8571430000e-03 2.0000000000e+00 -2.0000000000e-01 1.1223456451e-06 3.0000000000e+02 -1.7164411568e-13 2.8077660102e-14 1.1223467254e-13 1.7144411568e-13 -1.7733573763e-19 -2.8057660131e-14 -1.1223456457e-13 -3.1152704772e-14
d  2.8628759902e-03 2.0040130929e+00 -2.0000000000e-01 1.1364809216e-06 3.0000000000e+02 -1.7310769737e-13 2.8123592899e-14 1.1364822049e-13 1.7290729605e-13 -1.2645751759e-19 -2.8103592933e-14 -1.1364809221e-13 -3.1155239914e-14
d  2.8697555784e-03 2.0088288044e+00 -2.0000000000e-01 1.1539725487e-06 3.0000000000e+02 -1.7491822534e-13 2.8181402266e-14 1.1539736634e-13 1.7471734245e-13 -1.4470162514e-19 -2.8161402291e-14 -1.1539725494e-13 -3.1158599568e-14
d  2.8780110842e-03 2.0146076582e+00 -2.0000000000e-01 1.1675843238e-06 3.0000000000e+02 -1.7590708114e-13 2.7827585712e-14 1.1675588895e-13 1.7570562051e-13 -1.1104834754e-19 -2.7807585247e-14 -1.1675843344e-13 -3.1139464760e-14
d  2.8879176912e-03 2.0215422828e+00 -2.0000000000e-01 1.1925803575e-06 3.0000000000e+02 -1.7850338901e-13 2.7917418817e-14 1.1925435968e-13 1.7830123495e-13 -1.5143786409e-19 -2.7897418257e-14 -1.1925803701e-13 -3.1144705476e-14
d  2.8998056197e-03 2.0298638323e+00 -2.0000000000e-01 1.2235922914e-06 3.0000000000e+02 -1.8171139805e-13 2.8017990790e-14 1.2235348000e-13 1.8150841190e-13 -1.4612683602e-19 -2.7997990059e-14 -1.2235923077e-13 -3.1150472758e-14
d  2.9140711338e-03 2.0398496916e+00 -2.0000000000e-01 1.2537792557e-06 3.0000000000e+02 -1.8442511851e-13 2.7727856518e-14 1.2536833959e-13 1.8422113390e-13 -1.2712795558e-19 -2.7707855500e-14 -1.2537792782e-13 -3.1135022912e-14
d  2.9226304422e-03 2.0458412073e+00 -2.0000000000e-01 1.2858245890e-06 3.0000000000e+02 -1.8820573579e-13 2.8268295241e-14 1.2857824054e-13 1.8800115188e-13 -1.8660997544e-19 -2.8248294579e-14 -1.2858246038e-13 -3.1164743005e-14
d  2.9329016124e-03 2.0530310260e+00 -2.0000000000e-01 1.3170295332e-06 3.0000000000e+02 -1.9143472827e-13 2.8376439763e-14 1.3169904219e-13 1.9122942535e-13 -1.5273520388e-19 -2.8356439188e-14 -1.3170295464e-13 -3.1170784506e-14
d  2.9390643145e-03 2.0573449173e+00 -2.0000000000e-01 1.3463372727e-06 3.0000000000e+02 -1.9497015605e-13 2.8946488625e-14 1.3463399475e-13 1.9476442154e-13 -2.1797577134e-19 -2.8926488683e-14 -1.3463372729e-13 -3.1202002880e-14
d  2.9464595570e-03 2.0625215868e+00 -2.0000000000e-01 1.3628049488e-06 3.0000000000e+02 -1.9614783052e-13 2.8503766947e-14 1.3627733874e-13 1.9594157855e-13 -1.1741450492e-19 -2.8483766304e-14 -1.3628049633e-13 -3.1177906531e-14
d  2.9553338480e-03 2.0687335902e+00 -2.0000000000e-01 1.3933804188e-06 3.0000000000e+02 -1.9930872151e-13 2.8599085479e-14 1.3933410478e-13 1.9910184836e-13 -1.8803385460e-19 -2.8579084809e-14 -1.3933804339e-13 -3.1183425992e-14
d  2.9659829972e-03 2.0761879943e+00 -2.0000000000e-01 1.4315280225e-06 3.0000000000e+02 -2.0324344861e-13 2.8712016097e-14 1.4314931673e-13 2.0303582998e-13 -1.8094589648e-19 -2.8692015602e-14 -1.4315280342e-13 -3.1189759700e-14
d  2.9787619763e-03 2.0851332791e+00 -2.0000000000e-01 1.4681175731e-06 3.0000000000e+02 -2.0649634922e-13 2.8324674788e-14 1.4679881093e-13 2.0628783646e-13 -1.5269929961e-19 -2.8304673256e-14 -1.4681176067e-13 -3.1168986898e-14
d  2.9864293637e-03 2.0905004501e+00 -2.0000000000e-01 1.5076025668e-06 3.0000000000e+02 -2.1114547558e-13 2.8985170163e-14 1.5075572311e-13 2.1093642579e-13 -2.3587789988e-19 -2.8965169370e-14 -1.5076025846e-13 -3.1205098887e-14
d  2.9956302287e-03 2.0969410552e+00 -2.0000000000e-01 1.5460231198e-06 3.0000000000e+02 -2.1510953878e-13 2.9106051609e-14 1.5459503045e-13 2.1489984507e-13 -1.8824293424e-19 -2.9086050416e-14 -1.5460231460e-13 -3.1211709029e-14
d  3.0011507476e-03 2.1008054183e+00 -2.0000000000e-01 1.5822282532e-06 3.0000000000e+02 -2.1946108368e-13 2.9798273617e-14 1.5822319163e-13 2.1925100311e-13 -2.7770742982e-19 -2.9778273706e-14 -1.5822282530e-13 -3.1249432936e-14
d  3.0077753704e-03 2.1054426540e+00 -2.0000000000e-01 1.6025901500e-06 3.0000000000e+02 -2.2091507016e-13 2.9246288949e-14 1.6025509692e-13 2.2070452616e-13 -1.3944486797e-19 -2.9226288058e-14 -1.6025901697e-13 -3.1219377856e-14
d  3.0157249176e-03 2.1110073368e+00 -2.0000000000e-01 1.6403294432e-06 3.0000000000e+02 -2.2480476510e-13 2.9353570234e-14 1.6402811181e-13 2.2459366466e-13 -2.3628954596e-19 -2.9333569317e-14 -1.6403294637e-13 -3.1225520984e-14
d  3.0252643744e-03 2.1176849562e+00 -2.0000000000e-01 1.6875393596e-06 3.0000000000e+02 -2.2966427646e-13 2.9484291075e-14 1.6874849342e-13 2.2945250827e-13 -2.2647326125e-19 -2.9464290214e-14 -1.6875393792e-13 -3.1232713557e-14
d  3.0367117225e-03 2.1256980995e+00 -2.0000000000e-01 1.7320216309e-06 3.0000000000e+02 -2.3357431714e-13 2.8973481899e-14 1.7318837604e-13 2.3336174804e-13 -1.8536465028e-19 -2.8953480080e-14 -1.7320216713e-13 -3.1205236360e-14
d  3.0504485402e-03 2.1353138714e+00 -2.0000000000e-01 1.8175011078e-06 3.0000000000e+02 -2.4301854543e-13 2.9817067063e-14 1.8173969368e-13 2.4280501455e-13 -2.8598695911e-19 -2.9797065918e-14 -1.8175011346e-13 -3.1251190637e-14
d  3.0586906309e-03 2.1410833345e+00 -2.0000000000e-01 1.8677825034e-06 3.0000000000e+02 -2.4825107670e-13 3.0012314810e-14 1.8677279817e-13 2.4803696869e-13 -2.5902423186e-19 -2.9992313923e-14 -1.8677825240e-13 -3.1261747020e-14
d  3.0636358852e-03 2.1445450124e+00 -2.0000000000e-01 1.9144250684e-06 3.0000000000e+02 -2.5382939713e-13 3.0878965450e-14 1.9144301348e-13 2.5361494259e-13 -3.6751383494e-19 -3.0858965587e-14 -1.9144250675e-13 -3.1308710425e-14
d  3.0695701905e-03 2.1486990259e+00 -2.0000000000e-01 1.9572860878e-06 3.0000000000e+02 -2.5822024494e-13 3.0984172882e-14 1.9572909626e-13 2.5800537499e-13 -2.7171341027e-19 -3.0964173006e-14 -1.9572860872e-13 -3.1314187470e-14
d  3.0766913568e-03 2.1536838421e+00 -2.0000000000e-01 1.9939016612e-06 3.0000000000e+02 -2.6114786556e-13 3.0285797886e-14 1.9938378918e-13 2.6093249764e-13 -2.2230808169e-19 -3.0265796537e-14 -1.9939016912e-13 -3.1276526289e-14
d  3.0852367564e-03 2.1596656215e+00 -2.0000000000e-01 2.0554043928e-06 3.0000000000e+02 -2.6745283182e-13 3.0429393737e-14 2.0553329745e-13 2.6723686574e-13 -3.1670091874e-19 -3.0409392478e-14 -2.0554044214e-13 -3.1284534250e-14
d  3.0954912359e-03 2.1668437568e+00 -2.0000000000e-01 2.1127874267e-06 3.0000000000e+02 -2.7248416420e-13 2.9757503866e-14 2.1126011873e-13 2.7226748096e-13 -2.3501701791e-19 -2.9737501127e-14 -2.1127874878e-13 -3.1248335398e-14
d  3.1077966112e-03 2.1754575191e+00 -2.0000000000e-01 2.2235548459e-06 3.0000000000e+02 -2.8468595113e-13 3.0818898513e-14 2.2234159852e-13 2.8446840619e-13 -3.8013614236e-19 -3.0798896813e-14 -2.2235548858e-13 -3.1305797362e-14
d  3.1151798365e-03 2.1806257765e+00 -2.0000000000e-01 2.2889884445e-06 3.0000000000e+02 -2.9147569191e-13 3.1054534774e-14 2.2888399597e-13 2.9125763040e-13 -3.4092975092e-19 -3.1034532080e-14 -2.2889885042e-13 -3.1318378995e-14
d  3.1196097716e-03 2.1837267309e+00 -2.0000000000e-01 2.3496208035e-06 3.0000000000e+02 -2.9868040352e-13 3.2145118633e-14 2.3496252725e-13 2.9846203080e-13 -4.9664189347e-19 -3.2125118768e-14 -2.3496208031e-13 -3.1377218953e-14
d  3.1249256938e-03 2.1874478763e+00 -2.0000000000e-01 2.3849359267e-06 3.0000000000e+02 -3.0126914544e-13 3.1247647329e-14 2.3848697551e-13 3.0105040127e-13 -2.1915657501e-19 -3.1227645456e-14 -2.3849359679e-13 -3.1328455679e-14
d  3.1313048004e-03 2.1919132507e+00 -2.0000000000e-01 2.4488326899e-06 3.0000000000e+02 -3.0782014398e-13 3.1397980257e-14 2.4487556803e-13 3.0760095332e-13 -4.1358609535e-19 -3.1377978440e-14 -2.4488327305e-13 -3.1336942784e-14
d  3.1389597283e-03 2.1972716999e+00 -2.0000000000e-01 2.5290167925e-06 3.0000000000e+02 -3.1603043407e-13 3.1579393052e-14 2.5288333623e-13 3.1581070837e-13 -3.9391885553e-19 -3.1559389446e-14 -2.5290168723e-13 -3.1346613650e-14
d  3.1481456418e-03 2.2037018391e+00 -2.0000000000e-01 2.6038604566e-06 3.0000000000e+02 -3.2259162152e-13 3.0706591285e-14 2.6035721061e-13 3.2237125348e-13 -3.0577636452e-19 -3.0686586557e-14 -2.6038605627e-13 -3.1299698260e-14
d  3.1536571899e-03 2.2075599225e+00 -2.0000000000e-01 2.6862752973e-06 3.0000000000e+02 -3.3219056430e-13 3.1979103610e-14 2.6861831643e-13 3.3196980915e-13 -5.4696547145e-19 -3.1959101373e-14 -2.6862753473e-13 -3.1368323480e-14
d  3.1602710476e-03 2.2121896227e+00 -2.0000000000e-01 2.7676517298e-06 3.0000000000e+02 -3.4051849198e-13 3.2174189482e-14 2.7675543707e-13 3.4029727390e-13 -4.1056778440e-19 -3.2154187269e-14 -2.7676517798e-13 -3.1378425641e-14
d  3.1682076769e-03 2.2177452629e+00 -2.0000000000e-01 2.8717383043e-06 3.0000000000e+02 -3.5115927054e-13 3.2391058315e-14 2.8715019024e-13 3.5093749802e-13 -4.7286478373e-19 -3.2371053837e-14 -2.8717384051e-13 -3.1390081153e-14
d  3.1729696544e-03 2.2210786470e+00 -2.0000000000e-01 2.9381879729e-06 3.0000000000e+02 -3.5797029520e-13 3.2551168377e-14 2.9380925846e-13 3.5774818833e-13 -4.9289965109e-19 -3.2531165697e-14 -2.9381880324e-13 -3.1398621953e-14
d  3.1786840275e-03 2.2250787080e+00 -2.0000000000e-01 3.0216827514e-06 3.0000000000e+02 -3.6652002850e-13 3.2736142012e-14 3.0215784602e-13 3.6629752170e-13 -5.1092576522e-19 -3.2716139269e-14 -3.0216828128e-13 -3.1408469787e-14
d  3.1855412752e-03 2.2298787811e+00 -2.0000000000e-01 3.1277161881e-06 3.0000000000e+02 -3.7736953314e-13 3.2970383419e-14 3.1275729876e-13 3.7714654664e-13 -5.3723402139e-19 -3.2950380281e-14 -3.1277162595e-13 -3.1420929724e-14
d  3.1896556238e-03 2.2327588250e+00 -2.0000000000e-01 3.1944695430e-06 3.0000000000e+02 -3.8418995337e-13 3.3105182215e-14 3.1943732514e-13 3.8396667863e-13 -5.5339528838e-19 -3.3085179085e-14 -3.1944696120e-13 -3.1428082688e-14
d  3.1945928421e-03 2.2362148777e+00 -2.0000000000e-01 3.2784052377e-06 3.0000000000e+02 -3.9278217934e-13 3.3297325857e-14 3.2782981822e-13 3.9255855910e-13 -5.7670345550e-19 -3.3277322598e-14 -3.2784053101e-13 -3.1438290953e-14
d  3.2005175041e-03 2.2403621409e+00 -2.0000000000e-01 3.3847824139e-06 3.0000000000e+02 -4.0367490420e-13 3.3537931653e-14 3.3846493625e-13 4.0345086943e-13 -6.0487986876e-19 -3.3517928279e-14 -3.3847824903e-13 -3.1451053745e-14
d  3.2076270985e-03 2.2453388567e+00 -2.0000000000e-01 3.5208197659e-06 3.0000000000e+02 -4.1758562163e-13 3.3827942234e-14 3.5206035205e-13 4.1736108997e-13 -6.3949077330e-19 -3.3807937669e-14 -3.5208198710e-13 -3.1466409613e-14
d  3.2118928552e-03 2.2483248862e+00 -2.0000000000e-01 3.6076169666e-06 3.0000000000e+02 -4.2647225878e-13 3.4022893811e-14 3.6074926417e-13 4.2624742785e-13 -6.6672600765e-19 -3.4002889916e-14 -3.6076170535e-13 -3.1476727164e-14
d  3.2170117631e-03 2.2519081216e+00 -2.0000000000e-01 3.7173651151e-06 3.0000000000e+02 -4.3771489569e-13 3.4279163668e-14 3.7172390993e-13 4.3748970643e-13 -6.9783590730e-19 -3.4259159971e-14 -3.7173651986e-13 -3.1490284744e-14
d  3.2231544527e-03 2.2562080041e+00 -2.0000000000e-01 3.8573480726e-06 3.0000000000e+02 -4.5203914377e-13 3.4586890098e-14 3.8571972137e-13 4.5181352472e-13 -7.3697121823e-19 -3.4566886414e-14 -3.8573481581e-13 -3.1506536358e-14
d  3.2268400664e-03 2.2587879336e+00 -2.0000000000e-01 3.9459734832e-06 3.0000000000e+02 -4.6109962359e-13 3.4771889782e-14 3.9458494313e-13 4.6087374656e-13 -7.6292388633e-19 -3.4751885284e-14 -3.9459735829e-13 -3.1516289120e-14
d  3.2312628029e-03 2.2618838489e+00 -2.0000000000e-01 4.0578906075e-06 3.0000000000e+02 -4.7256190777e-13 3.5033126708e-14 4.0577498965e-13 4.7233572135e-13 -7.9969048370e-19 -3.5013121932e-14 -4.0578907142e-13 -3.1530080818e-14
d  3.2365700867e-03 2.2655989474e+00 -2.0000000000e-01 4.2005773960e-06 3.0000000000e+02 -4.8718108656e-13 3.5364396536e-14 4.2004105056e-13 4.8695452886e-13 -8.4476670915e-19 -3.5344391820e-14 -4.2005775041e-13 -3.1547547939e-14
d  3.2429388272e-03 2.2700570656e+00 -2.0000000000e-01 4.3846427100e-06 3.0000000000e+02 -5.0602318069e-13 3.5775843015e-14 4.3844491197e-13 5.0579617741e-13 -9.0253969670e-19 -3.5755838463e-14 -4.3846428180e-13 -3.1569212025e-14
d  3.2467600716e-03 2.2727319365e+00 -2.0000000000e-01 4.5027661643e-06 3.0000000000e+02 -5.1812222031e-13 3.6040464974e-14 4.5025543744e-13 5.1789495030e-13 -9.4384973890e-19 -3.6020457576e-14 -4.5027663293e-13 -3.1583129713e-14
d  3.2513455647e-03 2.2759417815e+00 -2.0000000000e-01 4.6528087669e-06 3.0000000000e+02 -5.3348994830e-13 3.6399364465e-14 4.6526322597e-13 5.3326235676e-13 -9.9553754665e-19 -3.6379358693e-14 -4.6528088984e-13 -3.1602017135e-14
d  3.2568481566e-03 2.2797935956e+00 -2.0000000000e-01 4.8465965260e-06 3.0000000000e+02 -5.5335819844e-13 3.6856922567e-14 4.8463718795e-13 5.5313022229e-13 -1.0664093030e-18 -3.6836916455e-14 -4.8465966694e-13 -3.1626075471e-14
d  3.2601497117e-03 2.2821046841e+00 -2.0000000000e-01 4.9698888805e-06 3.0000000000e+02 -5.6596867401e-13 3.7118103914e-14 4.9703236572e-13 5.6574045609e-13 -1.1119431336e-18 -3.7098121491e-14 -4.9698885052e-13 -3.1639775241e-14
d  3.2641115778e-03 2.2848779902e+00 -2.0000000000e-01 5.1268621542e-06 3.0000000000e+02 -5.8206452257e-13 3.7501480383e-14 5.1272640162e-13 5.8183602795e-13 -1.1697017378e-18 -3.7481495590e-14 -5.1268618266e-13 -3.1659912801e-14
d  3.2688658171e-03 2.2882059576e+00 -2.0000000000e-01 5.3288778782e-06 3.0000000000e+02 -6.0278916927e-13 3.8001625184e-14 5.3286523321e-13 6.0256035232e-13 -1.2469451078e-18 -3.7981618082e-14 -5.3288780436e-13 -3.1686165239e-14
d  3.2717183607e-03 2.2902027380e+00 -2.0000000000e-01 5.5164276273e-06 3.0000000000e+02 -6.2453044422e-13 4.0826417384e-14 5.5164659250e-13 6.2430142319e-13 -1.9318528894e-18 -4.0806419174e-14 -5.5164275942e-13 -3.1836611704e-14
d  3.2751414130e-03 2.2925988745e+00 -2.0000000000e-01 5.7074297335e-06 3.0000000000e+02 -6.4415029745e-13 4.1345246189e-14 5.7074292423e-13 6.4392103757e-13 -1.4329959260e-18 -4.1325246167e-14 -5.7074297396e-13 -3.1862473625e-14
d  3.2792490758e-03 2.2954742383e+00 -2.0000000000e-01 5.8860598561e-06 3.0000000000e+02 -6.5983224605e-13 3.9262644327e-14 5.8858206858e-13 6.5960270301e-13 -1.1277241879e-18 -3.9242635611e-14 -5.8860600576e-13 -3.1751401095e-14
d  3.2841782712e-03 2.2989246749e+00 -2.0000000000e-01 6.1679079950e-06 3.0000000000e+02 -6.8877635680e-13 3.9973797923e-14 6.1676136761e-13 6.8854646956e-13 -1.7311121616e-18 -3.9953789006e-14 -6.1679082089e-13 -3.1789729108e-14
d  3.2871357884e-03 2.3009949368e+00 -2.0000000000e-01 6.4208093289e-06 3.0000000000e+02 -7.1765236573e-13 4.3370416978e-14 6.4208087343e-13 7.1742226625e-13 -2.4421331318e-18 -4.3350416952e-14 -6.4208093359e-13 -3.1969900620e-14
d  3.2906848090e-03 2.3034792511e+00 -2.0000000000e-01 6.6123172665e-06 3.0000000000e+02 -7.3432531419e-13 4.1044885565e-14 6.6120678989e-13 7.3409497151e-13 -1.1678404273e-18 -4.1024875049e-14 -6.6123175086e-13 -3.1844064045e-14
d  3.2949436338e-03 2.3064604283e+00 -2.0000000000e-01 6.9192050010e-06 3.0000000000e+02 -7.6588503664e-13 4.1852145489e-14 6.9188911769e-13 7.6565439699e-13 -2.1376488028e-18 -4.1832134487e-14 -6.9192052635e-13 -3.1888111331e-14
d  3.2974989287e-03 2.3082491347e+00 -2.0000000000e-01 7.1971932909e-06 3.0000000000e+02 -7.9773976558e-13 4.5694886593e-14 7.1971939983e-13 7.9750894065e-13 -3.0473088761e-18 -4.5674886630e-14 -7.1971932972e-13 -3.2091811366e-14
d  3.3005652825e-03 2.3103955822e+00 -2.0000000000e-01 7.4041060126e-06 3.0000000000e+02 -8.1564338494e-13 4.3077860869e-14 7.4038466916e-13 8.1541235163e-13 -1.3860611749e-18 -4.3057848213e-14 -7.4041063027e-13 -3.1949964900e-14
d  3.3042449071e-03 2.3129713193e+00 -2.0000000000e-01 7.7384861253e-06 3.0000000000e+02 -8.5006941612e-13 4.3995198762e-14 7.7381500377e-13 8.4983812680e-13 -2.6418602598e-18 -4.3975185126e-14 -7.7384864487e-13 -3.2000280957e-14
d  3.3064526819e-03 2.3145167616e+00 -2.0000000000e-01 8.0436697704e-06 3.0000000000e+02 -8.8516765847e-13 4.8334060096e-14 8.0437048966e-13 8.8493620582e-13 -3.8056683679e-18 -4.8314062214e-14 -8.0436697318e-13 -3.2230189560e-14
d  3.3091020116e-03 2.3163712923e+00 -2.0000000000e-01 8.3666950464e-06 3.0000000000e+02 -9.1851973369e-13 4.9365073062e-14 8.3668623936e-13 9.1828809190e-13 -2.9211240587e-18 -4.9345082503e-14 -8.3666948438e-13 -3.2281602386e-14
d  3.3122812072e-03 2.3185967291e+00 -2.0000000000e-01 8.6819078688e-06 3.0000000000e+02 -9.4708433724e-13 4.6539009497e-14 8.6815568703e-13 9.4685248689e-13 -2.3387882565e-18 -4.6518993015e-14 -8.6819082579e-13 -3.2131193582e-14
d  3.3141887246e-03 2.3199319913e+00 -2.0000000000e-01 9.0220205209e-06 3.0000000000e+02 -9.8630385772e-13 5.1466299051e-14 9.0220525960e-13 9.8607186350e-13 -4.9637186987e-18 -5.1446301290e-14 -9.0220204807e-13 -3.2394710870e-14
d  3.3164777455e-03 2.3215343058e+00 -2.0000000000e-01 9.3787919735e-06 3.0000000000e+02 -1.0231920616e-12 5.2655135668e-14 9.3788318928e-13 1.0229599069e-12 -3.6293085080e-18 -5.2635138275e-14 -9.3787919248e-13 -3.2453242994e-14
d  3.3192245706e-03 2.3234570832e+00 -2.0000000000e-01 9.7244695567e-06 3.0000000000e+02 -1.0544571365e-12 4.9511958962e-14 9.7240657857e-13 1.0542248030e-12 -2.8818273209e-18 -4.9491937016e-14 -9.7244700712e-13 -3.2286025289e-14
d  3.3225207606e-03 2.3257644162e+00 -2.0000000000e-01 1.0267457761e-05 3.0000000000e+02 -1.1105330836e-12 5.1176548809e-14 1.0266975122e-12 1.1103005215e-12 -4.5272805623e-18 -5.1156527028e-14 -1.0267458295e-12 -3.2375678934e-14
d  3.3244984747e-03 2.3271488159e+00 -2.0000000000e-01 1.0753636335e-05 3.0000000000e+02 -1.1656767699e-12 5.7358673659e-14 1.0753605192e-12 1.1654440561e-12 -6.5153626184e-18 -5.7338671568e-14 -1.0753636393e-12 -3.2702454791e-14
d  3.3268717315e-03 2.3288100956e+00 -2.0000000000e-01 1.1300155632e-05 3.0000000000e+02 -1.2223323454e-12 5.9311656910e-14 1.1300164622e-12 1.2220994641e-12 -5.4039696189e-18 -5.9291657475e-14 -1.1300155631e-12 -3.2800763872e-14
d  3.3297196397e-03 2.3308036313e+00 -2.0000000000e-01 1.1874625096e-05 3.0000000000e+02 -1.2764640864e-12 5.6151933330e-14 1.1874084415e-12 1.2762310249e-12 -4.6294914867e-18 -5.6131905103e-14 -1.1874625789e-12 -3.2632482907e-14
d  3.3314283847e-03 2.3319997527e+00 -2.0000000000e-01 1.2455059265e-05 3.0000000000e+02 -1.3422688991e-12 6.3476578563e-14 1.2455060240e-12 1.3420356991e-12 -9.0568664282e-18 -6.3456578639e-14 -1.2455059276e-12 -3.3023380350e-14
d  3.3334788786e-03 2.3334350983e+00 -2.0000000000e-01 1.3110346428e-05 3.0000000000e+02 -1.4103317457e-12 6.5943577875e-14 1.3110601721e-12 1.4100983915e-12 -7.3583257878e-18 -6.5923596421e-14 -1.3110346011e-12 -3.3146736289e-14
d  3.3359394713e-03 2.3351575131e+00 -2.0000000000e-01 1.3806378677e-05 3.0000000000e+02 -1.4763118795e-12 6.2480130132e-14 1.3805748778e-12 1.4760783895e-12 -6.3628687702e-18 -6.2460092092e-14 -1.3806379612e-12 -3.2962151554e-14
d  3.3374158269e-03 2.3361909620e+00 -2.0000000000e-01 1.4505125168e-05 3.0000000000e+02 -1.5554661070e-12 7.1253160196e-14 1.4505155995e-12 1.5552324864e-12 -1.2428191461e-17 -7.1233162968e-14 -1.4505125120e-12 -3.3431000443e-14
d  3.3391874536e-03 2.3374311007e+00 -2.0000000000e-01 1.5302037589e-05 3.0000000000e+02 -1.6384053565e-12 7.4409530357e-14 1.5302064828e-12 1.6381716121e-12 -1.0209939248e-17 -7.4389532646e-14 -1.5302037551e-12 -3.3588452355e-14
d  3.3413134057e-03 2.3389192670e+00 -2.0000000000e-01 1.6161830139e-05 3.0000000000e+02 -1.7204943130e-12 7.0705527698e-14 1.6161123579e-12 1.7202604551e-12 -8.9801517268e-18 -7.0685478343e-14 -1.6161831357e-12 -3.3390771115e-14
d  3.3438645482e-03 2.3407050667e+00 -2.0000000000e-01 1.7812910082e-05 3.0000000000e+02 -1.9002598493e-12 8.4571403001e-14 1.7812909378e-12 1.9000257788e-12 -1.7606023658e-17 -8.4551402960e-14 -1.7812910101e-12 -3.4126733262e-14
d  3.3453952337e-03 2.3417765465e+00 -2.0000000000e-01 1.8916210772e-05 3.0000000000e+02 -2.0154084168e-12 8.9200471990e-14 1.8916295297e-12 2.0151742342e-12 -1.7025080689e-17 -8.9180479277e-14 -1.8916210614e-12 -3.4362683286e-14
d  3.3472320563e-03 2.3430623223e+00 -2.0000000000e-01 2.0473405794e-05 3.0000000000e+02 -2.1781346018e-12 9.5860440763e-14 2.0473414221e-12 2.1779002950e-12 -2.0684375406e-17 -9.5840441441e-14 -2.0473405798e-12 -3.4712028974e-14
d  3.3483341499e-03 2.3438337877e+00 -2.0000000000e-01 2.1556558147e-05 3.0000000000e+02 -2.2914052501e-12 1.0055769924e-13 2.1556569887e-12 2.2911708659e-12 -2.3215800117e-17 -1.0053770065e-13 -2.1556558136e-12 -3.4957983907e-14
d  3.3496566622e-03 2.3447595463e+00 -2.0000000000e-01 2.3042557818e-05 3.0000000000e+02 -2.4469175073e-12 1.0711878870e-13 2.3042573290e-12 2.4466830302e-12 -2.6837944940e-17 -1.0709879043e-13 -2.3042557800e-12 -3.5301712728e-14
d  3.3512436769e-03 2.3458704565e+00 -2.0000000000e-01 2.5171259528e-05 3.0000000000e+02 -2.6698973507e-12 1.1672270592e-13 2.5170850877e-12 2.6696627942e-12 -3.2450108770e-17 -1.1670266796e-13 -2.5171260522e-12 -3.5805243156e-14
d  3.3521958857e-03 2.3465370027e+00 -2.0000000000e-01 2.6676775432e-05 3.0000000000e+02 -2.8277314084e-12 1.2365791828e-13 2.6676788466e-12 2.8274967536e-12 -3.7022505186e-17 -1.2363792009e-13 -2.6676775416e-12 -3.6169385753e-14
d  3.3533385363e-03 2.3473368581e+00 -2.0000000000e-01 2.8778885311e-05 3.0000000000e+02 -3.0482828035e-12 1.3344902122e-13 2.8778894002e-12 3.0480480690e-12 -4.3675620766e-17 -1.3342902235e-13 -2.8778885312e-12 -3.6683815177e-14
d  3.3547097171e-03 2.3482966845e+00 -2.0000000000e-01 3.1869922925e-05 3.0000000000e+02 -3.3729140210e-12 1.4819725388e-13 3.1869921612e-12 3.3726791915e-12 -5.4424436986e-17 -1.4817725374e-13 -3.1869922961e-12 -3.7459786602e-14
d  3.3555324255e-03 2.3488725804e+00 -2.0000000000e-01 3.4113436941e-05 3.0000000000e+02 -3.6087477271e-12 1.5909262022e-13 3.4113446100e-12 3.6085128388e-12 -6.3506872790e-17 -1.5907262169e-13 -3.4113436940e-12 -3.8034437650e-14
d  3.3565196756e-03 2.3495636555e+00 -2.0000000000e-01 3.7331301870e-05 3.0000000000e+02 -3.9472874429e-12 1.7499426565e-13 3.7331295950e-12 3.9470524872e-12 -7.7326180051e-17 -1.7497426477e-13 -3.7331301930e-12 -3.8874206410e-14
d  3.3577043758e-03 2.3503929455e+00 -2.0000000000e-01 4.2260449711e-05 3.0000000000e+02 -4.4664297867e-12 1.9988399482e-13 4.2259790899e-12 4.4661948285e-12 -1.0086521098e-16 -1.9986391364e-13 -4.2260451992e-12 -4.0191718117e-14
d  3.3584151959e-03 2.3508905196e+00 -2.0000000000e-01 4.5989450625e-05 3.0000000000e+02 -4.8595619953e-12 2.1909973765e-13 4.5989449716e-12 4.8593269064e-12 -1.2223661307e-16 -2.1907973748e-13 -4.5989450675e-12 -4.1213643743e-14
d  3.3592681800e-03 2.3514876084e+00 -2.0000000000e-01 5.1583996408e-05 3.0000000000e+02 -5.4499260704e-12 2.4837535003e-13 5.1583954454e-12 5.4496909281e-12 -1.5671109187e-16 -2.4835534281e-13 -5.1583996651e-12 -4.2774205672e-14
d  3.3597799704e-03 2.3518458617e+00 -2.0000000000e-01 5.5730812294e-05 3.0000000000e+02 -5.8878907562e-12 2.7046482662e-13 5.5730813068e-12 5.8876555715e-12 -1.8660468269e-16 -2.7044482682e-13 -5.5730812344e-12 -4.3958076019e-14
d  3.3603941190e-03 2.3522757657e+00 -2.0000000000e-01 6.1814189253e-05 3.0000000000e+02 -6.5308922836e-12 3.0329712941e-13 6.1814187831e-12 6.5306570563e-12 -2.3345140996e-16 -3.0327712907e-13 -6.1814189324e-12 -4.5722456526e-14
d  3.3611310973e-03 2.3527916504e+00 -2.0000000000e-01 7.1466092142e-05 3.0000000000e+02 -7.5521325248e-12 3.5640421101e-13 7.1466086324e-12 7.5518972469e-12 -3.1715814186e-16 -3.5638420986e-13 -7.1466092246e-12 -4.8591065886e-14
d  3.3620154712e-03 2.3534107122e+00 -2.0000000000e-01 8.8955583741e-05 3.0000000000e+02 -9.4052729616e-12 4.5503272924e-13 8.8955573192e-12 9.4050376233e-12 -4.9879308928e-16 -4.5501272755e-13 -8.8955583887e-12 -5.3967569266e-14
d  3.3625460955e-03 2.3537821492e+00 -2.0000000000e-01 1.0486523107e-04 3.0000000000e+02 -1.1093356622e-11 5.4683508797e-13 1.0486521559e-11 1.1093121248e-11 -7.1822145353e-16 -5.4681508423e-13 -1.0486523129e-11 -5.9065656805e-14
d  3.3628644701e-03 2.3540050114e+00 -2.0000000000e-01 1.1766300814e-04 3.0000000000e+02 -1.2452589619e-11 6.2184046582e-13 1.1766300703e-11 1.2452354219e-11 -9.3371677298e-16 -6.2182046537e-13 -1.1766300827e-11 -6.3301508995e-14
d  3.3632465197e-03 2.3542724461e+00 -2.0000000000e-01 1.3838231175e-04 3.0000000000e+02 -1.4655103441e-11 7.4503779476e-13 1.3838227543e-11 1.4654868029e-11 -1.3102504458e-15 -7.4501778091e-13 -1.3838231229e-11 -7.0308317951e-14
d  3.3637049791e-03 2.3545933677e+00 -2.0000000000e-01 1.7752125388e-04 3.0000000000e+02 -1.8820898232e-11 9.8233538668e-13 1.7752124335e-11 1.8820662778e-11 -2.1627136393e-15 -9.8231538346e-13 -1.7752125417e-11 -8.4064357886e-14
d  3.3639800548e-03 2.3547859206e+00 -2.0000000000e-01 2.1492262439e-04 3.0000000000e+02 -2.2807261388e-11 1.2134898876e-12 2.1492220292e-11 2.2807026177e-11 -3.2690712966e-15 -1.2134696921e-12 -2.1492263075e-11 -9.8024380586e-14
d  3.3643101456e-03 2.3550169842e+00 -2.0000000000e-01 2.9169518065e-04 3.0000000000e+02 -3.1001006459e-11 1.6971569779e-12 2.9169355925e-11 3.1000772414e-11 -6.0097113826e-15 -1.6971363020e-12 -2.9169520767e-11 -1.2813672899e-13
d  3.3645082001e-03 2.3551556223e+00 -2.0000000000e-01 3.7357202634e-04 3.0000000000e+02 -3.9754921172e-11 2.2241132873e-12 3.7357194427e-11 3.9754685749e-11 -1.0126799382e-14 -2.2240932355e-12 -3.7357202857e-11 -1.6331561169e-13
d  3.3647458654e-03 2.3553219880e+00 -2.0000000000e-01 5.8047408656e-04 3.0000000000e+02 -6.1917093469e-11 3.5857374614e-12 5.8047195226e-11 6.1916862228e-11 -2.3539448697e-14 -3.5857163208e-12 -5.8047415131e-11 -2.6017631327e-13
d  3.3648884647e-03 2.3554218075e+00 -2.0000000000e-01 8.8489291820e-04 3.0000000000e+02 -9.4633454964e-11 5.6583967799e-12 8.8489136341e-11 9.4633224239e-11 -5.4790387911e-14 -5.6583755553e-12 -8.8489299014e-11 -4.3083886236e-13
d  3.3649740242e-03 2.3554816992e+00 -2.0000000000e-01 1.2860728745e-03 3.0000000000e+02 -1.3794140283e-10 8.5052078229e-12 1.2860725868e-10 1.3794116849e-10 -1.1852476840e-13 -8.5051874276e-12 -1.2860728952e-10 -7.1021284594e-13
d  3.3650253599e-03 2.3555176342e+00 -2.0000000000e-01 1.7509844038e-03 3.0000000000e+02 -1.8839597253e-10 1.1961622179e-11 1.7509843527e-10 1.8839573725e-10 -2.2439637475e-13 -1.1961602056e-11 -1.7509844105e-10 -1.1112978992e-12
d  3.3650869628e-03 2.3555607562e+00 -2.0000000000e-01 3.2200888770e-03 3.0000000000e+02 -3.4873931280e-10 2.3414470977e-11 3.2200878083e-10 3.4873909219e-10 -6.6947817688e-13 -2.3414449127e-11 -3.2200890671e-10 -2.6462549277e-12
d  3.3651239245e-03 2.3555866294e+00 -2.0000000000e-01 6.7472965108e-03 3.0000000000e+02 -7.4043379717e-10 5.4813593870e-11 6.7472962122e-10 7.4043357587e-10 -2.5640175282e-12 -5.4813573547e-11 -6.7472966709e-10 -8.3263401097e-12
d  3.3651350130e-03 2.3555943913e+00 -2.0000000000e-01 9.2018556238e-03 3.0000000000e+02 -1.0245288484e-09 8.3489892153e-11 9.2018549523e-10 1.0245286331e-09 -5.2503614829e-12 -8.3489865642e-11 -9.2018559535e-10 -1.5602821412e-11
d  3.3651483192e-03 2.3556037057e+00 -2.0000000000e-01 1.5856350871e-02 3.0000000000e+02 -1.8039799024e-09 1.6658473054e-10 1.5856352830e-09 1.8039795272e-09 -1.3670066082e-11 -1.6658472634e-10 -1.5856349172e-09 -3.8089839619e-11
d  3.3651563030e-03 2.3556092943e+00 -2.0000000000e-01 2.5680898461e-02 3.0000000000e+02 -3.0000809843e-09 3.1598102711e-10 2.5680897897e-09 3.0000808204e-09 -3.1527563294e-11 -3.1598100082e-10 -2.5680899334e-09 -8.4483240831e-11
d  3.3651658834e-03 2.3556160006e+00 -2.0000000000e-01 7.1792040050e-02 3.0000000000e+02 -8.8163347572e-09 1.1298741366e-09 7.1792008929e-09 8.8163239028e-09 -1.4167311167e-10 -1.1298731216e-09 -7.1791947718e-09 -3.6558259229e-10
d  3.3651687576e-03 2.3556180125e+00 -2.0000000000e-01 1.0256429080e-01 3.0000000000e+02 -1.3004518343e-08 1.8521198895e-09 1.0256429052e-08 1.3004518392e-08 -2.5230848469e-10 -1.8521198691e-09 -1.0256429382e-08 -6.4366016883e-10
d  3.3651722066e-03 2.3556204268e+00 -2.0000000000e-01 1.6155247930e-01 3.0000000000e+02 -2.0681298607e-08 3.0058078572e-09 1.6155247904e-08 2.0681321292e-08 -4.2988072088e-10 -3.0058086853e-09 -1.6155269987e-08 -1.0903621314e-09
d  3.3651763453e-03 2.3556233239e+00 -2.0000000000e-01 2.6623099307e-01 3.0000000000e+02 -3.3057117713e-08 4.2447823275e-09 2.6623099260e-08 3.3057116812e-08 -6.1963862516e-10 -4.2447822698e-09 -2.6623098719e-08 -1.5695982826e-09
d  3.3651813118e-03 2.3556268005e+00 -2.0000000000e-01 4.1092358712e-01 3.0000000000e+02 -4.7840365418e-08 4.4551031567e-09 4.1092358658e-08 4.7840364304e-08 -6.4787622042e-10 -4.4551031021e-09 -4.1092357923e-08 -1.6450267725e-09
d  3.3651872228e-03 2.3556309382e+00 -2.0000000000e-01 5.5869124860e-01 3.0000000000e+02 -6.0836511582e-08 3.2977950730e-09 5.5869124918e-08 6.0836514183e-08 -4.7031813169e-10 -3.2977950994e-09 -5.5869127695e-08 -1.1992732488e-09
d  3.3651902397e-03 2.3556330500e+00 -2.0000000000e-01 6.1726544590e-01 3.0000000000e+02 -6.5572792335e-08 2.5595103905e-09 6.1726544569e-08 6.5572792725e-08 -3.6218024067e-10 -2.5595103658e-09 -6.1726545288e-08 -9.2455688105e-10
d  3.3651931018e-03 2.3556350535e+00 -2.0000000000e-01 6.6105570130e-01 3.0000000000e+02 -6.9031661284e-08 1.9499187029e-09 6.6105570113e-08 6.9031661408e-08 -2.7462286179e-10 -1.9499186752e-09 -6.6105570570e-08 -7.0154930011e-10
d  3.3651965365e-03 2.3556374577e+00 -2.0000000000e-01 7.0013040829e-01 3.0000000000e+02 -7.2051478417e-08 1.3602030237e-09 7.0013040811e-08 7.2051478522e-08 -1.9070473627e-10 -1.3602029964e-09 -7.0013041253e-08 -4.8752954033e-10
d  3.3652006580e-03 2.3556403428e+00 -2.0000000000e-01 7.3198148294e-01 3.0000000000e+02 -7.4467392822e-08 8.4789172945e-10 7.3198148274e-08 7.4467392927e-08 -1.1842705974e-10 -8.4789170258e-10 -7.3198148719e-08 -3.0292544921e-10
d  3.3652056039e-03 2.3556438049e+00 -2.0000000000e-01 7.5531939157e-01 3.0000000000e+02 -7.6213923870e-08 4.5595834770e-10 7.5531939136e-08 7.6213923981e-08 -6.3513784729e-11 -4.5595832124e-10 -7.5531939590e-08 -1.6251228783e-10
d  3.3652115389e-03 2.3556479594e+00 -2.0000000000e-01 7.7030940189e-01 3.0000000000e+02 -7.7325995598e-08 1.9736157417e-10 7.7030940197e-08 7.7325995245e-08 -2.7454243092e-11 -1.9736155612e-10 -7.7030940145e-08 -7.0239303073e-11
d  3.3652186609e-03 2.3556529448e+00 -2.0000000000e-01 7.7838915823e-01 3.0000000000e+02 -7.7922430890e-08 5.5866874868e-11 7.7838915799e-08 7.7922431035e-08 -7.7783902276e-12 -5.5866849456e-11 -7.7838916290e-08 -1.9869502580e-11
d  3.3652272073e-03 2.3556589273e+00 -2.0000000000e-01 7.8170962780e-01 3.0000000000e+02 -7.8167028647e-08 -2.6491736785e-12 7.8170962892e-08 7.8167026656e-08 3.4779692919e-13 2.6491729424e-12 -7.8170961068e-08 9.3743792178e-13
d  3.3652374630e-03 2.3556661063e+00 -2.0000000000e-01 7.8243050795e-01 3.0000000000e+02 -7.8220250177e-08 -1.5278316624e-11 7.8243050788e-08 7.8220250058e-08 2.0996752405e-12 1.5278337734e-11 -7.8243050991e-08 5.4229333079e-12
d  3.3652497699e-03 2.3556747211e+00 -2.0000000000e-01 7.8217014829e-01 3.0000000000e+02 -7.8201355791e-08 -1.0505260983e-11 7.8217014821e-08 7.8201355677e-08 1.4340359147e-12 1.0505281913e-11 -7.8217015031e-08 3.7200112082e-12
d  3.3652645381e-03 2.3556850589e+00 -2.0000000000e-01 7.8180727241e-01 3.0000000000e+02 -7.8174952292e-08 -3.8965019186e-12 7.8180727229e-08 7.8174952260e-08 5.1371770525e-13 3.8965231457e-12 -7.8180727524e-08 1.3650326187e-12
d  3.3652822600e-03 2.3556974642e+00 -2.0000000000e-01 7.8162116660e-01 3.0000000000e+02 -7.8161573263e-08 -3.9856448951e-13 7.8162116659e-08 7.8161573045e-08 2.6623792869e-14 3.9858457234e-13 -7.8162116756e-08 1.1852829393e-13
d  3.3653035263e-03 2.3557123506e+00 -2.0000000000e-01 7.8158480611e-01 3.0000000000e+02 -7.8159247401e-08 4.7747808548e-13 7.8158480634e-08 7.8159246745e-08 -9.5358228006e-14 -4.7745968944e-13 -7.8158480266e-08 -1.9366793765e-13
d  3.3653290458e-03 2.3557302142e+00 -2.0000000000e-01 7.8160706424e-01 3.0000000000e+02 -7.8161294785e-08 3.5816373103e-13 7.8160705662e-08 7.8161308795e-08 -7.8741075265e-14 -3.5810045939e-13 -7.8160720823e-08 -1.5112956250e-13
d  3.3653596692e-03 2.3557516506e+00 -2.0000000000e-01 7.8163636934e-01 3.0000000000e+02 -7.8163942332e-08 1.6898550795e-13 7.8163635283e-08 7.8163973861e-08 -5.2396864299e-14 -1.6888864647e-13 -7.8163668914e-08 -8.3694409543e-14
d  3.3653964172e-03 2.3557773743e+00 -2.0000000000e-01 7.8166235514e-01 3.0000000000e+02 -7.8166445164e-08 1.0497594519e-13 7.8166236050e-08 7.8166434317e-08 -4.3511179365e-14 -1.0497642207e-13 -7.8166224944e-08 -6.0937244437e-14
d  3.3654405149e-03 2.3558082427e+00 -2.0000000000e-01 7.8168930480e-01 3.0000000000e+02 -7.8169137233e-08 1.0297903533e-13 7.8168932354e-08 7.8169098971e-08 -4.3247946315e-14 -1.0301766827e-13 -7.8168892426e-08 -6.0248027191e-14
d  3.3654934322e-03 2.3558452847e+00 -2.0000000000e-01 7.8172120038e-01 3.0000000000e+02 -7.8172335497e-08 1.0878553191e-13 7.8172122480e-08 7.8172284516e-08 -4.4064222369e-14 -1.0882820134e-13 -7.8172069258e-08 -6.2320287294e-14
d  3.3655569329e-03 2.3558897352e+00 -2.0000000000e-01 7.8175977274e-01 3.0000000000e+02 -7.8176195368e-08 1.1054398294e-13 7.8175980199e-08 7.8176132977e-08 -4.4316902024e-14 -1.1058563813e-13 -7.8175915085e-08 -6.2947388963e-14
d  3.3656331337e-03 2.3559430758e+00 -2.0000000000e-01 7.8180617922e-01 3.0000000000e+02 -7.8180835997e-08 1.1052451839e-13 7.8180621491e-08 7.8180758419e-08 -4.4323526489e-14 -1.1056632860e-13 -7.8180540545e-08 -6.2941818591e-14
d  3.3657245747e-03 2.3560070845e+00 -2.0000000000e-01 7.8186187237e-01 3.0000000000e+02 -7.8186405154e-08 1.1040767837e-13 7.8186187253e-08 7.8186404570e-08 -4.4306005029e-14 -1.1038790312e-13 -7.8186186967e-08 -6.2864349663e-14
d  3.3658343039e-03 2.3560838949e+00 -2.0000000000e-01 7.8192870309e-01 3.0000000000e+02 -7.8193088360e-08 1.1053157939e-13 7.8192870329e-08 7.8193087662e-08 -4.4336916496e-14 -1.1051182149e-13 -7.8192869924e-08 -6.2907460602e-14
d  3.3659659789e-03 2.3561760674e+00 -2.0000000000e-01 7.8200889425e-01 3.0000000000e+02 -7.8201107443e-08 1.1049081357e-13 7.8200889452e-08 7.8201106607e-08 -4.4348129854e-14 -1.1047106937e-13 -7.8200888902e-08 -6.2892978999e-14
d  3.3661239889e-03 2.3562866744e+00 -2.0000000000e-01 7.8210512584e-01 3.0000000000e+02 -7.8210730629e-08 1.1050228408e-13 7.8210512619e-08 7.8210729602e-08 -4.4369472276e-14 -1.1048255886e-13 -7.8210511871e-08 -6.2895659335e-14
d  3.3663136010e-03 2.3564194029e+00 -2.0000000000e-01 7.8222060670e-01 3.0000000000e+02 -7.8222278738e-08 1.1051884044e-13 7.8222060716e-08 7.8222277428e-08 -4.4394629210e-14 -1.1049914535e-13 -7.8222059674e-08 -6.2897449310e-14
d  3.3665411354e-03 2.3565786770e+00 -2.0000000000e-01 7.8235918749e-01 3.0000000000e+02 -7.8236136845e-08 1.1055893340e-13 7.8235918750e-08 7.8236136590e-08 -4.4425433369e-14 -1.1053893796e-13 -7.8235918808e-08 -6.2900610920e-14
d  3.3668141768e-03 2.3567698059e+00 -2.0000000000e-01 7.8252548990e-01 3.0000000000e+02 -7.8252767119e-08 1.1045982761e-13 7.8252548990e-08 7.8252766878e-08 -4.4457306005e-14 -1.1043982860e-13 -7.8252549063e-08 -6.2895140679e-14
d  3.3671418264e-03 2.3569991606e+00 -2.0000000000e-01 7.8272506053e-01 3.0000000000e+02 -7.8272724223e-08 1.1047757281e-13 7.8272506050e-08 7.8272724055e-08 -4.4500418149e-14 -1.1045756210e-13 -7.8272506200e-08 -6.2897328298e-14
d  3.3675350059e-03 2.3572743862e+00 -2.0000000000e-01 7.8296455652e-01 3.0000000000e+02 -7.8296673870e-08 1.1047378264e-13 7.8296455639e-08 7.8296673939e-08 -4.4551329195e-14 -1.1045374309e-13 -7.8296456035e-08 -6.2898358863e-14
d  3.3680068213e-03 2.3576046570e+00 -2.0000000000e-01 7.8325196786e-01 3.0000000000e+02 -7.8325415061e-08 1.1046723530e-13 7.8325196768e-08 7.8325415254e-08 -4.4612435498e-14 -1.1044718930e-13 -7.8325197293e-08 -6.2899482611e-14
d  3.3685729998e-03 2.3580009820e+00 -2.0000000000e-01 7.8359688469e-01 3.0000000000e+02 -7.8359906814e-08 1.1045560114e-13 7.8359688452e-08 7.8359907004e-08 -4.4685735826e-14 -1.1043556341e-13 -7.8359688974e-08 -6.2900569054e-14
d  3.3692524140e-03 2.3584765719e+00 -2.0000000000e-01 7.8401081834e-01 3.0000000000e+02 -7.8401300262e-08 1.1044444099e-13 7.8401081822e-08 7.8401300317e-08 -4.4773961631e-14 -1.1042441964e-13 -7.8401082203e-08 -6.2902056696e-14
d  3.3700677111e-03 2.3590472798e+00 -2.0000000000e-01 7.8450758683e-01 3.0000000000e+02 -7.8450977212e-08 1.1044173675e-13 7.8450758685e-08 7.8450976925e-08 -4.4880444378e-14 -1.1042173981e-13 -7.8450758711e-08 -6.2904549710e-14
d  3.3710460675e-03 2.3597321293e+00 -2.0000000000e-01 7.8510377825e-01 3.0000000000e+02 -7.8510596474e-08 1.1045771609e-13 7.8510377855e-08 7.8510595495e-08 -4.5009205873e-14 -1.1043775348e-13 -7.8510377160e-08 -6.2908812838e-14
d  3.3722200953e-03 2.3605539487e+00 -2.0000000000e-01 7.8581930747e-01 3.0000000000e+02 -7.8582149542e-08 1.1044040314e-13 7.8581930752e-08 7.8582149166e-08 -4.5163469056e-14 -1.1042040897e-13 -7.8581930685e-08 -6.2911454174e-14
d  3.3736289286e-03 2.3615401319e+00 -2.0000000000e-01 7.8667808587e-01 3.0000000000e+02 -7.8668027554e-08 1.1040788625e-13 7.8667808833e-08 7.8668021268e-08 -4.5347070496e-14 -1.1038809580e-13 -7.8667802614e-08 -6.2914065935e-14
d  3.3753195286e-03 2.3627235519e+00 -2.0000000000e-01 7.8770882546e-01 3.0000000000e+02 -7.8771101727e-08 1.1039611867e-13 7.8770882577e-08 7.8771100715e-08 -4.5572606779e-14 -1.1037614095e-13 -7.8770881849e-08 -6.2918495069e-14
d  3.3773482485e-03 2.3641436558e+00 -2.0000000000e-01 7.8894600898e-01 3.0000000000e+02 -7.8894820335e-08 1.1037759710e-13 7.8894600978e-08 7.8894818122e-08 -4.5843042545e-14 -1.1035764424e-13 -7.8894599000e-08 -6.2924052649e-14
d  3.3797827125e-03 2.3658477805e+00 -2.0000000000e-01 7.9043105402e-01 3.0000000000e+02 -7.9043325146e-08 1.1035511377e-13 7.9043105414e-08 7.9043324607e-08 -4.6169670706e-14 -1.1033511976e-13 -7.9043105178e-08 -6.2930361870e-14
d  3.3827040693e-03 2.3678927301e+00 -2.0000000000e-01 7.9221371826e-01 3.0000000000e+02 -7.9221591943e-08 1.1031725023e-13 7.9221371852e-08 7.9221591065e-08 -4.6564469251e-14 -1.1029726076e-13 -7.9221371264e-08 -6.2937319034e-14
d  3.3862096974e-03 2.3703466696e+00 -2.0000000000e-01 7.9435379074e-01 3.0000000000e+02 -7.9435599642e-08 1.1028159327e-13 7.9435378872e-08 7.9435604435e-08 -4.7043078520e-14 -1.1026152477e-13 -7.9435384184e-08 -6.2946164919e-14
d  3.3904164511e-03 2.3732913971e+00 -2.0000000000e-01 7.9692310707e-01 3.0000000000e+02 -7.9692531818e-08 1.1023502551e-13 7.9692310687e-08 7.9692532061e-08 -4.7623638952e-14 -1.1021502009e-13 -7.9692311266e-08 -6.2956228492e-14
d  3.3954645555e-03 2.3768250700e+00 -2.0000000000e-01 8.0000810144e-01 3.0000000000e+02 -8.0001031921e-08 1.1018076808e-13 8.0000810117e-08 8.0001032367e-08 -4.8329745237e-14 -1.1016076169e-13 -8.0000810907e-08 -6.2969007578e-14
d  3.4015222809e-03 2.3810654776e+00 -2.0000000000e-01 8.0371267011e-01 3.0000000000e+02 -8.0371489596e-08 1.1011304334e-13 8.0371266962e-08 8.0371490584e-08 -4.9189688668e-14 -1.1009303384e-13 -8.0371268317e-08 -6.2983627807e-14
d  3.4087915513e-03 2.3861539666e+00 -2.0000000000e-01 8.0816183454e-01 3.0000000000e+02 -8.0816407024e-08 1.1003047188e-13 8.0816183402e-08 8.0816408098e-08 -5.0239575928e-14 -1.1001046348e-13 -8.0816184847e-08 -6.3000988715e-14
d  3.4175146758e-03 2.3922601535e+00 -2.0000000000e-01 8.1350608868e-01 3.0000000000e+02 -8.1350833643e-08 1.0992939795e-13 8.1350608809e-08 8.1350834899e-08 -5.1524221853e-14 -1.0990939004e-13 -8.1350610444e-08 -6.3021436937e-14
d  3.4279824253e-03 2.3995875777e+00 -2.0000000000e-01 8.1992668746e-01 3.0000000000e+02 -8.1992894998e-08 1.0980576942e-13 8.1992668665e-08 8.1992896842e-08 -5.3099581894e-14 -1.0978576034e-13 -8.1992670911e-08 -6.3045473382e-14
d  3.4405437246e-03 2.4083804868e+00 -2.0000000000e-01 8.2764210385e-01 3.0000000000e+02 -8.2764438453e-08 1.0965553717e-13 8.2764210281e-08 8.2764440913e-08 -5.5035191961e-14 -1.0963552748e-13 -8.2764213169e-08 -6.3073890400e-14
d  3.4556172837e-03 2.4189319777e+00 -2.0000000000e-01 8.3691572134e-01 3.0000000000e+02 -8.3691802434e-08 1.0947176036e-13 8.3691572023e-08 8.3691805110e-08 -5.7415881221e-14 -1.0945175176e-13 -8.3691575135e-08 -6.3106693704e-14
d  3.4737055547e-03 2.4315937667e+00 -2.0000000000e-01 8.4806544496e-01 3.0000000000e+02 -8.4806777544e-08 1.0925076428e-13 8.4806544375e-08 8.4806780513e-08 -6.0343984612e-14 -1.0923075653e-13 -8.4806547793e-08 -6.3145083032e-14
d  3.4845585173e-03 2.4391908402e+00 -2.0000000000e-01 8.5476630030e-01 3.0000000000e+02 -8.5476864756e-08 1.0911869343e-13 8.5476629921e-08 8.5476867423e-08 -6.2130473375e-14 -1.0909868296e-13 -8.5476633026e-08 -6.3167468846e-14
d  3.4975820724e-03 2.4483073283e+00 -2.0000000000e-01 8.6281803855e-01 3.0000000000e+02 -8.6282040621e-08 1.0896230665e-13 8.6281803721e-08 8.6282043969e-08 -6.4298649692e-14 -1.0894229465e-13 -8.6281807534e-08 -6.3193979738e-14
d  3.5132103386e-03 2.4592471140e+00 -2.0000000000e-01 8.7249531708e-01 3.0000000000e+02 -8.7249770952e-08 1.0877958745e-13 8.7249531565e-08 8.7249774586e-08 -6.6926129958e-14 -1.0875957681e-13 -8.7249535675e-08 -6.3225508449e-14
d  3.5319642579e-03 2.4723748569e+00 -2.0000000000e-01 8.8412950678e-01 3.0000000000e+02 -8.8413192926e-08 1.0856901296e-13 8.8412950523e-08 8.8413196943e-08 -7.0100528646e-14 -1.0854900339e-13 -8.8412955031e-08 -6.3262787238e-14
d  3.5432166096e-03 2.4802515027e+00 -2.0000000000e-01 8.9112106713e-01 3.0000000000e+02 -8.9112350771e-08 1.0844811030e-13 8.9112106566e-08 8.9112354597e-08 -7.2007400917e-14 -1.0842809665e-13 -8.9112110877e-08 -6.3284800553e-14
d  3.5567194315e-03 2.4897034776e+00 -2.0000000000e-01 8.9952169247e-01 3.0000000000e+02 -8.9952415480e-08 1.0831017117e-13 8.9952169076e-08 8.9952419995e-08 -7.4292786974e-14 -1.0829015637e-13 -8.9952174100e-08 -6.3311326298e-14
d  3.5714290000e-03 2.5000001750e+00 -2.0000000000e-01 9.0868622564e-01 3.0000000000e+02 -9.0868871165e-08 1.0816907948e-13 9.0868622382e-08 9.0868876020e-08 -7.6771089127e-14 -1.0814906532e-13 -9.0868627760e-08 -6.3340211664e-14
d  3.5890804822e-03 2.5123562119e+00 -2.0000000000e-01 9.1970149939e-01 3.0000000000e+02 -9.1970401371e-08 1.0801417810e-13 9.1970149744e-08 9.1970406674e-08 -7.9719098006e-14 -1.0799416526e-13 -9.1970155586e-08 -6.3375199081e-14
d  3.6102622608e-03 2.5271834562e+00 -2.0000000000e-01 9.3294486199e-01 3.0000000000e+02 -9.3294740993e-08 1.0784757263e-13 9.3294486181e-08 9.3294741277e-08 -8.3203385667e-14 -1.0782757161e-13 -9.3294486829e-08 -6.3416782560e-14
d  3.6229713280e-03 2.5360798028e+00 -2.0000000000e-01 9.4090375506e-01 3.0000000000e+02 -9.4090632291e-08 1.0775925659e-13 9.4090375283e-08 9.4090638504e-08 -8.5256709320e-14 -1.0773923834e-13 -9.4090382067e-08 -6.3441753252e-14
d  3.6382222086e-03 2.5467554187e+00 -2.0000000000e-01 9.5046689274e-01 3.0000000000e+02 -9.5046948420e-08 1.0766439089e-13 9.5046689254e-08 9.5046948751e-08 -8.7680407203e-14 -1.0764438936e-13 -9.5046689955e-08 -6.3471865318e-14
d  3.6565232654e-03 2.5595661578e+00 -2.0000000000e-01 9.6196029598e-01 3.0000000000e+02 -9.6196291532e-08 1.0756821151e-13 9.6196029576e-08 9.6196291929e-08 -9.0525583184e-14 -1.0754821011e-13 -9.6196030346e-08 -6.3508412686e-14
d  3.6784845335e-03 2.5749390447e+00 -2.0000000000e-01 9.7577718873e-01 3.0000000000e+02 -9.7577984079e-08 1.0747641371e-13 9.7577718849e-08 9.7577984565e-08 -9.3841779480e-14 -1.0745641240e-13 -9.7577719714e-08 -6.3552463230e-14
d  3.6916612943e-03 2.5841627768e+00 -2.0000000000e-01 9.8408007980e-01 3.0000000000e+02 -9.8408275105e-08 1.0743387321e-13 9.8408007954e-08 9.8408275641e-08 -9.5775019301e-14 -1.0741387113e-13 -9.8408008873e-08 -6.3578975017e-14
d  3.7074734073e-03 2.5952312554e+00 -2.0000000000e-01 9.9405588066e-01 3.0000000000e+02 -9.9405857450e-08 1.0739469494e-13 9.9405588038e-08 9.9405858058e-08 -9.8039944082e-14 -1.0737469284e-13 -9.9405589032e-08 -6.3610902256e-14
d  3.7264479430e-03 2.6085134297e+00 -2.0000000000e-01 1.0060442563e+00 3.0000000000e+02 -1.0060469767e-07 1.0736485108e-13 1.0060442560e-07 1.0060469837e-07 -1.0067982849e-13 -1.0734484916e-13 -1.0060442670e-07 -6.3649584820e-14
d  3.7492173857e-03 2.6244520388e+00 -2.0000000000e-01 1.0204548258e+00 3.0000000000e+02 -1.0204575771e-07 1.0735216198e-13 1.0204548255e-07 1.0204575855e-07 -1.0373842558e-13 -1.0733216020e-13 -1.0204548378e-07 -6.3696321785e-14
d  3.7628790514e-03 2.6340152043e+00 -2.0000000000e-01 1.0291164513e+00 3.0000000000e+02 -1.0291192214e-07 1.0739652696e-13 1.0291164509e-07 1.0291192305e-07 -1.0552281351e-13 -1.0737652410e-13 -1.0291164641e-07 -6.3738632478e-14
d  3.7792730502e-03 2.6454910028e+00 -2.0000000000e-01 1.0395225662e+00 3.0000000000e+02 -1.0395253574e-07 1.0740044383e-13 1.0395225658e-07 1.0395253675e-07 -1.0760344693e-13 -1.0738044094e-13 -1.0395225800e-07 -6.3768395720e-14
d  3.7989458487e-03 2.6592619611e+00 -2.0000000000e-01 1.0520266521e+00 3.0000000000e+02 -1.0520294683e-07 1.0742842348e-13 1.0520266517e-07 1.0520294799e-07 -1.1003155784e-13 -1.0740842085e-13 -1.0520266674e-07 -6.3807293777e-14
d  3.8225532070e-03 2.6757871111e+00 -2.0000000000e-01 1.0670550915e+00 3.0000000000e+02 -1.0670579370e-07 1.0748293369e-13 1.0670550910e-07 1.0670579504e-07 -1.1285529559e-13 -1.0746293126e-13 -1.0670551087e-07 -6.3854637901e-14
d  3.8367176219e-03 2.6857022011e+00 -2.0000000000e-01 1.0760841866e+00 3.0000000000e+02 -1.0760870493e-07 1.0752418717e-13 1.0760841861e-07 1.0760870638e-07 -1.1450473691e-13 -1.0750418329e-13 -1.0760842049e-07 -6.3882679493e-14
d  3.8537149199e-03 2.6976003090e+00 -2.0000000000e-01 1.0869307575e+00 3.0000000000e+02 -1.0869336406e-07 1.0758305669e-13 1.0869307570e-07 1.0869336566e-07 -1.1644693613e-13 -1.0756305278e-13 -1.0869307773e-07 -6.3916624868e-14
d  3.8741116774e-03 2.7118780386e+00 -2.0000000000e-01 1.0999630435e+00 3.0000000000e+02 -1.0999659507e-07 1.0766453812e-13 1.0999630429e-07 1.0999659687e-07 -1.1873274769e-13 -1.0764453457e-13 -1.0999630654e-07 -6.3957180228e-14
d  3.8985877864e-03 2.7290113140e+00 -2.0000000000e-01 1.1156248752e+00 3.0000000000e+02 -1.1156278109e-07 1.0777721708e-13 1.1156248745e-07 1.1156278316e-07 -1.2142541716e-13 -1.0775721380e-13 -1.1156248997e-07 -6.4005851832e-14
d  3.9132734518e-03 2.7392912793e+00 -2.0000000000e-01 1.1250338857e+00 3.0000000000e+02 -1.1250368385e-07 1.0785229541e-13 1.1250338850e-07 1.1250368606e-07 -1.2301922957e-13 -1.0783229019e-13 -1.1250339118e-07 -6.4035094040e-14
d  3.9308962503e-03 2.7516272377e+00 -2.0000000000e-01 1.1363361837e+00 3.0000000000e+02 -1.1363391567e-07 1.0794765705e-13 1.1363361829e-07 1.1363391811e-07 -1.2491769411e-13 -1.0792765180e-13 -1.1363362119e-07 -6.4069775046e-14
d  3.9520436085e-03 2.7664303877e+00 -2.0000000000e-01 1.1499151222e+00 3.0000000000e+02 -1.1499181196e-07 1.0807008633e-13 1.1499151213e-07 1.1499181468e-07 -1.2718566736e-13 -1.0805008156e-13 -1.1499151533e-07 -6.4111218871e-14
d  3.9774204384e-03 2.7841941677e+00 -2.0000000000e-01 1.1662340072e+00 3.0000000000e+02 -1.1662370341e-07 1.0823986882e-13 1.1662340062e-07 1.1662370651e-07 -1.2991082902e-13 -1.0821986443e-13 -1.1662340422e-07 -6.4165115872e-14
d  3.9926465363e-03 2.7948524357e+00 -2.0000000000e-01 1.1760373145e+00 3.0000000000e+02 -1.1760403591e-07 1.0833789072e-13 1.1760373135e-07 1.1760403923e-07 -1.3155102581e-13 -1.0831788373e-13 -1.1760373517e-07 -6.4194212040e-14
d  4.0109178538e-03 2.8076423573e+00 -2.0000000000e-01 1.1878123036e+00 3.0000000000e+02 -1.1878153696e-07 1.0845574559e-13 1.1878123025e-07 1.1878154058e-07 -1.3353237275e-13 -1.0843573856e-13 -1.1878123438e-07 -6.4227544865e-14
d  4.0328434348e-03 2.8229902632e+00 -2.0000000000e-01 1.2019579085e+00 3.0000000000e+02 -1.2019610005e-07 1.0860607492e-13 1.2019579073e-07 1.2019610408e-07 -1.3594078528e-13 -1.0858606855e-13 -1.2019579528e-07 -6.4268460817e-14
d  4.0591541320e-03 2.8414077503e+00 -2.0000000000e-01 1.2189546808e+00 3.0000000000e+02 -1.2189578047e-07 1.0879369890e-13 1.2189546795e-07 1.2189578503e-07 -1.3889173071e-13 -1.0877369305e-13 -1.2189547304e-07 -6.4317218204e-14
d  4.0749405503e-03 2.8524582426e+00 -2.0000000000e-01 1.2291640302e+00 3.0000000000e+02 -1.2291671736e-07 1.0890868584e-13 1.2291640288e-07 1.2291672222e-07 -1.4070088804e-13 -1.0888867657e-13 -1.2291640828e-07 -6.4345886750e-14
d  4.0938842522e-03 2.8657188333e+00 -2.0000000000e-01 1.2414262215e+00 3.0000000000e+02 -1.2414293889e-07 1.0905055043e-13 1.2414262200e-07 1.2414294417e-07 -1.4291899500e-13 -1.0903054112e-13 -1.2414262784e-07 -6.4380380357e-14
d  4.1166166946e-03 2.8816315421e+00 -2.0000000000e-01 1.2561563668e+00 3.0000000000e+02 -1.2561595638e-07 1.0922475416e-13 1.2561563652e-07 1.2561596223e-07 -1.4566053495e-13 -1.0920474574e-13 -1.2561564294e-07 -6.4421477856e-14
d  4.1438956255e-03 2.9007267928e+00 -2.0000000000e-01 1.2738543132e+00 3.0000000000e+02 -1.2738575471e-07 1.0943785364e-13 1.2738543129e-07 1.2738575547e-07 -1.4908502377e-13 -1.0941785247e-13 -1.2738543249e-07 -6.4470010533e-14
d  4.1602629840e-03 2.9121839432e+00 -2.0000000000e-01 1.2844842686e+00 3.0000000000e+02 -1.2844875254e-07 1.0956782099e-13 1.2844842683e-07 1.2844875338e-07 -1.5121902774e-13 -1.0954781911e-13 -1.2844842811e-07 -6.4498766814e-14
d  4.1799038142e-03 2.9259325236e+00 -2.0000000000e-01 1.2972511137e+00 3.0000000000e+02 -1.2972543990e-07 1.0972670713e-13 1.2972511134e-07 1.2972544084e-07 -1.5386867510e-13 -1.0970670521e-13 -1.2972511274e-07 -6.4533309186e-14
d  4.2034728104e-03 2.9424308202e+00 -2.0000000000e-01 1.3125867450e+00 3.0000000000e+02 -1.3125900659e-07 1.0992008486e-13 1.3125867447e-07 1.3125900769e-07 -1.5719076134e-13 -1.0990008309e-13 -1.3125867602e-07 -6.4574397371e-14
d  4.2317556059e-03 2.9622287760e+00 -2.0000000000e-01 1.3310112104e+00 3.0000000000e+02 -1.3310145764e-07 1.1015530317e-13 1.3310112100e-07 1.3310145893e-07 -1.6140760001e-13 -1.1013530151e-13 -1.3310112277e-07 -6.4623074876e-14
d  4.2487252832e-03 2.9741075495e+00 -2.0000000000e-01 1.3420770297e+00 3.0000000000e+02 -1.3420804240e-07 1.1029754744e-13 1.3420770293e-07 1.3420804381e-07 -1.6407024408e-13 -1.1027754478e-13 -1.3420770481e-07 -6.4651801945e-14
d  4.2690888960e-03 2.9883620778e+00 -2.0000000000e-01 1.3553668397e+00 3.0000000000e+02 -1.3553702696e-07 1.1047042301e-13 1.3553668393e-07 1.3553702853e-07 -1.6741027039e-13 -1.1045042030e-13 -1.3553668599e-07 -6.4686207535e-14
d  4.2857140000e-03 2.9999996500e+00 -2.0000000000e-01 1.3662254818e+00 3.0000000000e+02 -1.3662289419e-07 1.1061339849e-13 1.3662254813e-07 1.3662289591e-07 -1.7026383580e-13 -1.1059339515e-13 -1.3662255034e-07 -6.4714296246e-14
d  4.3056641249e-03 3.0139647367e+00 -2.0000000000e-01 1.3792659858e+00 3.0000000000e+02 -1.3792694839e-07 1.1078623805e-13 1.3792659853e-07 1.3792695029e-07 -1.7385124003e-13 -1.1076623484e-13 -1.3792660093e-07 -6.4747700105e-14
d  4.3296042747e-03 3.0307228407e+00 -2.0000000000e-01 1.3949288847e+00 3.0000000000e+02 -1.3949324308e-07 1.1099532462e-13 1.3949288841e-07 1.3949324524e-07 -1.7841246380e-13 -1.1097532169e-13 -1.3949289106e-07 -6.4787292962e-14
d  4.3583324545e-03 3.0508325656e+00 -2.0000000000e-01 1.4137446195e+00 3.0000000000e+02 -1.4137482275e-07 1.1125045891e-13 1.4137446188e-07 1.4137482523e-07 -1.8429610381e-13 -1.1123045619e-13 -1.4137446487e-07 -6.4834665345e-14
d  4.3928062702e-03 3.0749642354e+00 -2.0000000000e-01 1.4363519893e+00 3.0000000000e+02 -1.4363556785e-07 1.1156216957e-13 1.4363519892e-07 1.4363556819e-07 -1.9202797330e-13 -1.1154216905e-13 -1.4363519973e-07 -6.4890905057e-14
d  4.4134905597e-03 3.0894432373e+00 -2.0000000000e-01 1.4499310561e+00 3.0000000000e+02 -1.4499347978e-07 1.1175299350e-13 1.4499310553e-07 1.4499348296e-07 -1.9706315418e-13 -1.1173298935e-13 -1.4499310924e-07 -6.4924398233e-14
d  4.4383117070e-03 3.1068180396e+00 -2.0000000000e-01 1.4662400681e+00 3.0000000000e+02 -1.4662438775e-07 1.1198588835e-13 1.4662400672e-07 1.4662439130e-07 -2.0355044534e-13 -1.1196588409e-13 -1.4662401082e-07 -6.4964325521e-14
d  4.4680970838e-03 3.1276678023e+00 -2.0000000000e-01 1.4858309838e+00 3.0000000000e+02 -1.4858348818e-07 1.1227502606e-13 1.4858309828e-07 1.4858349222e-07 -2.1206456459e-13 -1.1225502213e-13 -1.4858310288e-07 -6.5012711682e-14
d  4.5038395360e-03 3.1526875175e+00 -2.0000000000e-01 1.5093589626e+00 3.0000000000e+02 -1.5093629782e-07 1.1257304245e-13 1.5093589615e-07 1.5093630254e-07 -2.2348986071e-13 -1.1255303872e-13 -1.5093590145e-07 -6.5049214407e-14
d  4.5252850073e-03 3.1676993467e+00 -2.0000000000e-01 1.5234879303e+00 3.0000000000e+02 -1.5234920245e-07 1.1279635309e-13 1.5234879291e-07 1.5234920749e-07 -2.3108991840e-13 -1.1277634718e-13 -1.5234879854e-07 -6.5083676833e-14
d  4.5510195728e-03 3.1857135417e+00 -2.0000000000e-01 1.5404545021e+00 3.0000000000e+02 -1.5404586991e-07 1.1306115303e-13 1.5404545008e-07 1.5404587549e-07 -2.4106444576e-13 -1.1304114700e-13 -1.5404545626e-07 -6.5120784095e-14
d  4.5819010515e-03 3.2073305757e+00 -2.0000000000e-01 1.5608365763e+00 3.0000000000e+02 -1.5608409120e-07 1.1343745442e-13 1.5608365760e-07 1.5608409233e-07 -2.5448893752e-13 -1.1341745320e-13 -1.5608365925e-07 -6.5180531563e-14
d  4.6189588259e-03 3.2332710165e+00 -2.0000000000e-01 1.5853167846e+00 3.0000000000e+02 -1.5853213109e-07 1.1383981535e-13 1.5853167843e-07 1.5853213249e-07 -2.7310027167e-13 -1.1381981417e-13 -1.5853168035e-07 -6.5226914679e-14
d  4.6634281552e-03 3.2643995454e+00 -2.0000000000e-01 1.6147229927e+00 3.0000000000e+02 -1.6147277949e-07 1.1439425236e-13 1.6147229926e-07 1.6147277966e-07 -3.0007001099e-13 -1.1437425208e-13 -1.6147229992e-07 -6.5291896829e-14
d  4.6901097527e-03 3.2830766628e+00 -2.0000000000e-01 1.6323818624e+00 3.0000000000e+02 -1.6323868614e-07 1.1476389972e-13 1.6323818619e-07 1.6323868807e-07 -3.1933333826e-13 -1.1474389783e-13 -1.6323818866e-07 -6.5332546976e-14
d  4.7221276698e-03 3.3054892036e+00 -2.0000000000e-01 1.6535870220e+00 3.0000000000e+02 -1.6535922977e-07 1.1526027110e-13 1.6535870214e-07 1.6535923200e-07 -3.4645369895e-13 -1.1524026912e-13 -1.6535870493e-07 -6.5384526137e-14
d  4.7605491703e-03 3.3323842526e+00 -2.0000000000e-01 1.6790535131e+00 3.0000000000e+02 -1.6790591993e-07 1.1595677381e-13 1.6790535125e-07 1.6790592259e-07 -3.8672521653e-13 -1.1593677189e-13 -1.6790535448e-07 -6.5452938397e-14
d  4.8066549709e-03 3.3646583114e+00 -2.0000000000e-01 1.7096414348e+00 3.0000000000e+02 -1.7096477794e-07 1.1699708844e-13 1.7096414340e-07 1.7096478119e-07 -4.5142758312e-13 -1.1697708656e-13 -1.7096414723e-07 -6.5547397101e-14
d  4.8619819316e-03 3.4033871820e+00 -2.0000000000e-01 1.7463855050e+00 3.0000000000e+02 -1.7463930490e-07 1.1871888759e-13 1.7463855047e-07 1.7463930574e-07 -5.6950216496e-13 -1.1869888708e-13 -1.7463855185e-07 -6.5690202607e-14
d  4.8785800199e-03 3.4150058432e+00 -2.0000000000e-01 1.7574166137e+00 3.0000000000e+02 -1.7574246501e-07 1.1939722387e-13 1.7574166128e-07 1.7574246919e-07 -6.1800467344e-13 -1.1937721867e-13 -1.7574166607e-07 -6.5742698629e-14
d  4.8984977257e-03 3.4289482366e+00 -2.0000000000e-01 1.7706586212e+00 3.0000000000e+02 -1.7706673741e-07 1.2036879230e-13 1.7706586203e-07 1.7706674191e-07 -6.8860106704e-13 -1.2034878649e-13 -1.7706586714e-07 -6.5816460015e-14
d  4.9223989728e-03 3.4456791086e+00 -2.0000000000e-01 1.7865556332e+00 3.0000000000e+02 -1.7865655080e-07 1.2185886228e-13 1.7865556322e-07 1.7865655571e-07 -7.9918508787e-13 -1.2183885706e-13 -1.7865556876e-07 -6.5925966427e-14
d  4.9510804692e-03 3.4657561551e+00 -2.0000000000e-01 1.8056412358e+00 3.0000000000e+02 -1.8056530905e-07 1.2446154880e-13 1.8056412355e-07 1.8056531031e-07 -9.9439016313e-13 -1.2444154746e-13 -1.8056412537e-07 -6.6109903817e-14
d  4.9682893671e-03 3.4778023830e+00 -2.0000000000e-01 1.8170973107e+00 3.0000000000e+02 -1.8171109188e-07 1.2681379440e-13 1.8170973104e-07 1.8171109325e-07 -1.1672135152e-12 -1.2679379231e-13 -1.8170973297e-07 -6.6271259213e-14
d  4.9889400445e-03 3.4922578565e+00 -2.0000000000e-01 1.8308492175e+00 3.0000000000e+02 -1.8308660561e-07 1.3131573941e-13 1.8308492172e-07 1.8308660710e-07 -1.4854561372e-12 -1.3129573728e-13 -1.8308492378e-07 -6.6574182085e-14
d  5.0000000000e-03 3.4999998250e+00 -2.0000000000e-01 1.8382164295e+00 3.0000000000e+02 -1.8382359071e-07 1.3519057955e-13 1.8382164290e-07 1.8382359315e-07 -1.7452268407e-12 -1.3517057435e-13 -1.8382164592e-07 -6.6830745151e-14
d  5.0132719466e-03 3.5092901872e+00 -2.0000000000e-01 1.8470589592e+00 3.0000000000e+02 -1.8470834080e-07 1.4292873184e-13 1.8470589585e-07 1.8470834405e-07 -2.2341009859e-12 -1.4290872537e-13 -1.8470589970e-07 -6.7338733670e-14
d  5.0291982825e-03 3.5204386218e+00 -2.0000000000e-01 1.8576726493e+00 3.0000000000e+02 -1.8577116865e-07 1.6822213610e-13 1.8576726490e-07 1.8577117011e-07 -3.6659952967e-12 -1.6820213314e-13 -1.8576726693e-07 -6.8982578946e-14
d  5.0339761833e-03 3.5237831521e+00 -2.0000000000e-01 1.8608572917e+00 3.0000000000e+02 -1.8609056299e-07 1.8603582797e-13 1.8608572911e-07 1.8609056586e-07 -4.5771479713e-12 -1.8601581509e-13 -1.8608573257e-07 -7.0125534234e-14
d  5.0397096643e-03 3.5277965886e+00 -2.0000000000e-01 1.8646791214e+00 3.0000000000e+02 -1.8647504296e-07 2.3377316558e-13 1.8646791208e-07 1.8647504575e-07 -6.8233443755e-12 -2.3375315187e-13 -1.8646791546e-07 -7.3188820340e-14
d  5.0431497528e-03 3.5302046505e+00 -2.0000000000e-01 1.8669721917e+00 3.0000000000e+02 -1.8670783696e-07 3.1269407751e-13 1.8669721923e-07 1.8670783359e-07 -1.0226346371e-11 -3.1267409734e-13 -1.8669721634e-07 -7.8224005935e-14
d  5.0452138060e-03 3.5316494876e+00 -2.0000000000e-01 1.8683477286e+00 3.0000000000e+02 -1.8685046153e-07 4.3553097508e-13 1.8683477286e-07 1.8685046083e-07 -1.5166615070e-11 -4.3551097887e-13 -1.8683477269e-07 -8.6014300263e-14
d  5.0464522378e-03 3.5325163899e+00 -2.0000000000e-01 1.8691725305e+00 3.0000000000e+02 -1.8693989080e-07 6.1277299455e-13 1.8691725305e-07 1.8693989028e-07 -2.1927272021e-11 -6.1275299749e-13 -1.8691725307e-07 -9.7195039961e-14
d  5.0471952970e-03 3.5330365312e+00 -2.0000000000e-01 1.8696667411e+00 3.0000000000e+02 -1.8699801875e-07 8.4321875042e-13 1.8696667411e-07 1.8699801846e-07 -3.0389251393e-11 -8.4319874847e-13 -1.8696667437e-07 -1.1165470152e-13
d  5.0476411325e-03 3.5333486160e+00 -2.0000000000e-01 1.8699625689e+00 3.0000000000e+02 -1.8703731445e-07 1.1072483827e-12 1.8699625689e-07 1.8703731419e-07 -3.9821656082e-11 -1.1072283783e-12 -1.8699625717e-07 -1.2813777015e-13
d  5.0481761350e-03 3.5337231178e+00 -2.0000000000e-01 1.8703147254e+00 3.0000000000e+02 -1.8710184536e-07 1.9400415279e-12 1.8703147253e-07 1.8710184520e-07 -6.8252287228e-11 -1.9400215185e-12 -1.8703147291e-07 -1.7997422021e-13
d  5.0484971366e-03 3.5339478189e+00 -2.0000000000e-01 1.8705156904e+00 3.0000000000e+02 -1.8720142883e-07 4.3830308323e-12 1.8705156904e-07 1.8720142864e-07 -1.4514586843e-10 -4.3830108158e-12 -1.8705156939e-07 -3.3037383671e-13
d  5.0485934370e-03 3.5340152292e+00 -2.0000000000e-01 1.8705678846e+00 3.0000000000e+02 -1.8727698234e-07 6.6611259651e-12 1.8705678841e-07 1.8727698465e-07 -2.1306548649e-10 -6.6611053602e-12 -1.8705679131e-07 -4.6677253442e-13
d  5.0486512173e-03 3.5340556754e+00 -2.0000000000e-01 1.8705916863e+00 3.0000000000e+02 -1.8736385974e-07 9.4736475591e-12 1.8705916857e-07 1.8736386196e-07 -2.9458421438e-10 -9.4736264516e-12 -1.8705917139e-07 -6.3284253751e-13
d  5.0487205536e-03 3.5341042108e+00 -2.0000000000e-01 1.8705756722e+00 3.0000000000e+02 -1.8771124400e-07 2.1237176562e-11 1.8705756710e-07 1.8771125020e-07 -6.3112509169e-10 -2.1237153353e-11 -1.8705757399e-07 -1.3139505450e-12
d  5.0487413545e-03 3.5341187715e+00 -2.0000000000e-01 1.8705308006e+00 3.0000000000e+02 -1.8801876210e-07 3.1436598548e-11 1.8705307964e-07 1.8801878167e-07 -9.3240064365e-10 -3.1436553824e-11 -1.8705310026e-07 -1.8444936312e-12
d  5.0487538351e-03 3.5341275079e+00 -2.0000000000e-01 1.8704685456e+00 3.0000000000e+02 -1.8837496396e-07 4.3033919765e-11 1.8704685440e-07 1.8837497077e-07 -1.2826803111e-09 -4.3033881372e-11 -1.8704686197e-07 -2.3947256453e-12
d  5.0487688117e-03 3.5341379915e+00 -2.0000000000e-01 1.8702359780e+00 3.0000000000e+02 -1.8955697813e-07 8.0706715214e-11 1.8702359773e-07 1.8955698099e-07 -2.4486732250e-09 -8.0706687008e-11 -1.8702360125e-07 -3.9998025223e-12
d  5.0487777977e-03 3.5341442817e+00 -2.0000000000e-01 1.8692811101e+00 3.0000000000e+02 -1.9385449101e-07 2.0658394087e-10 1.8692811097e-07 1.9385449230e-07 -6.7135177889e-09 -2.0658390962e-10 -1.8692811302e-07 -6.2775877039e-12
d  5.0487804935e-03 3.5341461688e+00 -2.0000000000e-01 1.8680441916e+00 3.0000000000e+02 -1.9882159207e-07 3.1587900329e-10 1.8680441915e-07 1.9882159225e-07 -1.1706333111e-08 -3.1587897549e-10 -1.8680441991e-07 5.0396175683e-12
d  5.0487821110e-03 3.5341473010e+00 -2.0000000000e-01 1.8660335143e+00 3.0000000000e+02 -2.0660594008e-07 4.3966907932e-10 1.8660335141e-07 2.0660594016e-07 -1.9605033455e-08 -4.3966904685e-10 -1.8660335210e-07 4.2114471826e-11
d  5.0487830815e-03 3.5341479803e+00 -2.0000000000e-01 1.8630727496e+00 3.0000000000e+02 -2.1800733306e-07 5.2884598568e-10 1.8630727495e-07 2.1800733306e-07 -3.1305692486e-08 -5.2884594872e-10 -1.8630727557e-07 1.3448092895e-10
d  5.0487836638e-03 3.5341483879e+00 -2.0000000000e-01 1.8593092585e+00 3.0000000000e+02 -2.3280433800e-07 4.9892872575e-10 1.8593092584e-07 2.3280433789e-07 -4.6689583925e-08 -4.9892868725e-10 -1.8593092634e-07 3.1510105160e-10
d  5.0487843625e-03 3.5341488771e+00 -2.0000000000e-01 1.8438161650e+00 3.0000000000e+02 -3.0117124004e-07 -2.4951148247e-10 1.8438161650e-07 3.0117123986e-07 -1.1842302286e-07 2.4951151525e-10 -1.8438161703e-07 1.3838885060e-09
d  5.0487845721e-03 3.5341490238e+00 -2.0000000000e-01 1.8322125924e+00 3.0000000000e+02 -3.6177537925e-07 -2.5231184963e-09 1.8322125924e-07 3.6177537903e-07 -1.8403209908e-07 2.5231185348e-09 -1.8322125965e-07 2.9548611469e-09
d  5.0487848237e-03 3.5341491999e+00 -2.0000000000e-01 1.7965805822e+00 3.0000000000e+02 -6.1370999318e-07 -1.1883269715e-08 1.7965805822e-07 6.1370999290e-07 -4.5503790457e-07 1.1883269743e-08 -1.7965805860e-07 9.1027005222e-09
d  5.0487849746e-03 3.5341493055e+00 -2.0000000000e-01 1.7297003806e+00 3.0000000000e+02 -1.4707723933e-06 -4.3887429638e-08 1.7297003806e-07 1.4707723929e-06 -1.3690255351e-06 4.3887429659e-08 -1.7297003834e-07 2.7335750912e-08
d  5.0487851544e-03 3.5341494314e+00 -2.0000000000e-01 1.4625010556e+00 3.0000000000e+02 -2.1053236757e-05 -1.9156082368e-07 1.4625010556e-07 2.1053236756e-05 -2.1201717418e-05 1.9156082371e-07 -1.4625010934e-07 1.0316994765e-07
d  5.0487853110e-03 3.5341495410e+00 -2.0000000000e-01 1.3652522444e+00 3.0000000000e+02 -5.0321017164e-05 -2.1580433588e-08 1.3652522444e-07 5.0321017167e-05 -5.0217761512e-05 2.1580433624e-08 -1.3652523144e-07 1.1689142630e-08
d  5.0487854972e-03 3.5341496714e+00 -2.0000000000e-01 1.3340751641e+00 3.0000000000e+02 -7.2044651780e-05 1.0042446709e-08 1.3340751643e-07 7.2044651728e-05 -7.1897292218e-05 -1.0042446863e-08 -1.3340742458e-07 -3.9096377032e-09
d  5.0487856948e-03 3.5341498096e+00 -2.0000000000e-01 1.3251776880e+00 3.0000000000e+02 -7.9773123411e-05 1.4117622315e-09 1.3251776880e-07 7.9773123433e-05 -7.9638287705e-05 -1.4117621476e-09 -1.3251780737e-07 -9.0615858481e-10
d  5.0487859318e-03 3.5341499755e+00 -2.0000000000e-01 1.3236647482e+00 3.0000000000e+02 -8.0930696059e-05 1.1570742851e-09 1.3236647476e-07 8.0930696234e-05 -8.0796413594e-05 -1.1570738535e-09 -1.3236678073e-07 -7.5878514064e-10
d  5.0487862162e-03 3.5341501746e+00 -2.0000000000e-01 1.3243826586e+00 3.0000000000e+02 -8.0254136471e-05 6.4715077300e-10 1.3243826589e-07 8.0254136389e-05 -8.0120669595e-05 -6.4715090802e-10 -1.3243812146e-07 -3.8152221132e-10
d  5.0487865575e-03 3.5341504135e+00 -2.0000000000e-01 1.3249501147e+00 3.0000000000e+02 -7.9760156455e-05 1.0803448066e-10 1.3249501149e-07 7.9760156396e-05 -7.9627491820e-05 -1.0803455226e-10 -1.3249490476e-07 -6.1635945886e-11
d  5.0487869670e-03 3.5341507002e+00 -2.0000000000e-01 1.3250871435e+00 3.0000000000e+02 -7.9642099855e-05 -3.3666584717e-11 1.3250871435e-07 7.9642099839e-05 -7.9509644933e-05 3.3666585583e-11 -1.3250868666e-07 2.0114092861e-11
d  5.0487874585e-03 3.5341510443e+00 -2.0000000000e-01 1.3250719858e+00 3.0000000000e+02 -7.9655482187e-05 -1.9962755986e-11 1.3250719858e-07 7.9655482205e-05 -7.9523006797e-05 1.9962794553e-11 -1.3250723223e-07 1.1861145519e-11
d  5.0487880483e-03 3.5341514571e+00 -2.0000000000e-01 1.3250539423e+00 3.0000000000e+02 -7.9671428232e-05 -2.5972015542e-12 1.3250539423e-07 7.9671428248e-05 -7.9538926963e-05 2.5972352189e-12 -1.3250542486e-07 1.5432082848e-12
d  5.0487887560e-03 3.5341519525e+00 -2.0000000000e-01 1.3250505344e+00 3.0000000000e+02 -7.9674701857e-05 8.4152208536e-13 1.3250505344e-07 7.9674701858e-05 -7.9542195453e-05 -8.4150142469e-13 -1.3250505539e-07 -5.0828630429e-13
d  5.0487896053e-03 3.5341525470e+00 -2.0000000000e-01 1.3250513029e+00 3.0000000000e+02 -7.9674400327e-05 3.8869186628e-13 1.3250513018e-07 7.9674400722e-05 -7.9541894213e-05 -3.8844902273e-13 -1.3250588233e-07 -2.3841979236e-13
d  5.0487906244e-03 3.5341532604e+00 -2.0000000000e-01 1.3250519731e+00 3.0000000000e+02 -7.9674257808e-05 8.5717384910e-14 1.3250519726e-07 7.9674257999e-05 -7.9541752292e-05 -8.5608807032e-14 -1.3250556319e-07 -5.7662883997e-14
d  5.0487918473e-03 3.5341541164e+00 -2.0000000000e-01 1.3250524196e+00 3.0000000000e+02 -7.9674398144e-05 5.8091408618e-14 1.3250524202e-07 7.9674397939e-05 -7.9541892992e-05 -5.8149658264e-14 -1.3250484779e-07 -4.1239567826e-14
d  5.0487933149e-03 3.5341551437e+00 -2.0000000000e-01 1.3250529101e+00 3.0000000000e+02 -7.9674605992e-05 6.7672179173e-14 1.3250529109e-07 7.9674605684e-05 -7.9542100874e-05 -6.7749336795e-14 -1.3250469512e-07 -4.6953818530e-14
d  5.0487950759e-03 3.5341563764e+00 -2.0000000000e-01 1.3250535087e+00 3.0000000000e+02 -7.9674846695e-05 6.9917660393e-14 1.3250535098e-07 7.9674846331e-05 -7.9542341569e-05 -6.9992594118e-14 -1.3250464352e-07 -4.8293118444e-14
d  5.0487971892e-03 3.5341578557e+00 -2.0000000000e-01 1.3250542301e+00 3.0000000000e+02 -7.9675133000e-05 6.9834684622e-14 1.3250542313e-07 7.9675132559e-05 -7.9542627878e-05 -6.9909801242e-14 -1.3250456360e-07 -4.8245327173e-14
d  5.0487997251e-03 3.5341596308e+00 -2.0000000000e-01 1.3250550956e+00 3.0000000000e+02 -7.9675476598e-05 6.9766505246e-14 1.3250550972e-07 7.9675476062e-05 -7.9542971485e-05 -6.9842483403e-14 -1.3250445967e-07 -4.8205209198e-14
d  5.0488027681e-03 3.5341617610e+00 -2.0000000000e-01 1.3250561342e+00 3.0000000000e+02 -7.9675888990e-05 6.9762953160e-14 1.3250561361e-07 7.9675888339e-05 -7.9543383887e-05 -6.9839667199e-14 -1.3250433436e-07 -4.8203393403e-14
d  5.0488064198e-03 3.5341643172e+00 -2.0000000000e-01 1.3250573805e+00 3.0000000000e+02 -7.9676383866e-05 6.9763564797e-14 1.3250573828e-07 7.9676383078e-05 -7.9543878776e-05 -6.9840885972e-14 -1.3250418376e-07 -4.8204046377e-14
d  5.0488108019e-03 3.5341673846e+00 -2.0000000000e-01 1.3250588761e+00 3.0000000000e+02 -7.9676977720e-05 6.9763128946e-14 1.3250588788e-07 7.9676976766e-05 -7.9544472646e-05 -6.9840959609e-14 -1.3250400270e-07 -4.8204111512e-14
d  5.0488160603e-03 3.5341710655e+00 -2.0000000000e-01 1.3250606708e+00 3.0000000000e+02 -7.9677690349e-05 6.9762740820e-14 1.3250606740e-07 7.9677689197e-05 -7.9545185294e-05 -6.9840998521e-14 -1.3250378515e-07 -4.8204110671e-14
d  5.0488223704e-03 3.5341754826e+00 -2.0000000000e-01 1.3250628244e+00 3.0000000000e+02 -7.9678545511e-05 6.9762459644e-14 1.3250628283e-07 7.9678544120e-05 -7.9546040478e-05 -6.9841074079e-14 -1.3250352386e-07 -4.8204120132e-14
d  5.0488299426e-03 3.5341807831e+00 -2.0000000000e-01 1.3250654088e+00 3.0000000000e+02 -7.9679571714e-05 6.9762167021e-14 1.3250654135e-07 7.9679570037e-05 -7.9547066709e-05 -6.9841078180e-14 -1.3250321016e-07 -4.8204135749e-14
d  5.0488390291e-03 3.5341871437e+00 -2.0000000000e-01 1.3250685100e+00 3.0000000000e+02 -7.9680803172e-05 6.9761938137e-14 1.3250685157e-07 7.9680801152e-05 -7.9548298200e-05 -6.9841094980e-14 -1.3250283363e-07 -4.8204156467e-14
d  5.0488499330e-03 3.5341947764e+00 -2.0000000000e-01 1.3250722315e+00 3.0000000000e+02 -7.9682280941e-05 6.9761827480e-14 1.3250722383e-07 7.9682278509e-05 -7.9549776009e-05 -6.9841186358e-14 -1.3250238179e-07 -4.8204183266e-14
d  5.0488630177e-03 3.5342039357e+00 -2.0000000000e-01 1.3250766973e+00 3.0000000000e+02 -7.9684054293e-05 6.9761706652e-14 1.3250767055e-07 7.9684051367e-05 -7.9551549409e-05 -6.9841230176e-14 -1.3250183966e-07 -4.8204217203e-14
d  5.0488787193e-03 3.5342149268e+00 -2.0000000000e-01 1.3250820563e+00 3.0000000000e+02 -7.9686182357e-05 6.9761670474e-14 1.3250820661e-07 7.9686178838e-05 -7.9553677530e-05 -6.9841326447e-14 -1.3250118932e-07 -4.8204260307e-14
d  5.0488975612e-03 3.5342281161e+00 -2.0000000000e-01 1.3250884871e+00 3.0000000000e+02 -7.9688736147e-05 6.9761542563e-14 1.3250884871e-07 7.9688736135e-05 -7.9556227191e-05 -6.9741807063e-14 -1.3250882647e-07 -4.8156038009e-14
d  5.0489201715e-03 3.5342439434e+00 -2.0000000000e-01 1.3250962042e+00 3.0000000000e+02 -7.9691800713e-05 6.9865140859e-14 1.3250962042e-07 7.9691800700e-05 -7.9559290988e-05 -6.9845407089e-14 -1.3250959349e-07 -4.8215332804e-14
d  5.0489473039e-03 3.5342629360e+00 -2.0000000000e-01 1.3251054646e+00 3.0000000000e+02 -7.9695478337e-05 6.9838826904e-14 1.3251054646e-07 7.9695478320e-05 -7.9562967688e-05 -6.9819093740e-14 -1.3251051402e-07 -4.8200392397e-14
d  5.0489798627e-03 3.5342857272e+00 -2.0000000000e-01 1.3251165772e+00 3.0000000000e+02 -7.9699891660e-05 6.9839373975e-14 1.3251165772e-07 7.9699891640e-05 -7.9567379903e-05 -6.9819641185e-14 -1.3251161867e-07 -4.8200661501e-14
d  5.0490189333e-03 3.5343130766e+00 -2.0000000000e-01 1.3251298934e+00 3.0000000000e+02 -7.9705180425e-05 6.9725919421e-14 1.3251298935e-07 7.9705180405e-05 -7.9572667337e-05 -6.9706145714e-14 -1.3251294964e-07 -4.8162151091e-14
d  5.0490658181e-03 3.5343458959e+00 -2.0000000000e-01 1.3251458953e+00 3.0000000000e+02 -7.9711536057e-05 6.9877447070e-14 1.3251458954e-07 7.9711536028e-05 -7.9579021377e-05 -6.9857714461e-14 -1.3251453315e-07 -4.8213763111e-14
d  5.0491220798e-03 3.5343852791e+00 -2.0000000000e-01 1.3251650978e+00 3.0000000000e+02 -7.9719163396e-05 6.9838476199e-14 1.3251650979e-07 7.9719163362e-05 -7.9586646802e-05 -6.9818743408e-14 -1.3251644210e-07 -4.8200521125e-14
d  5.0491895938e-03 3.5344325389e+00 -2.0000000000e-01 1.3251881410e+00 3.0000000000e+02 -7.9728316961e-05 6.9838854593e-14 1.3251881411e-07 7.9728316920e-05 -7.9595798069e-05 -6.9819121424e-14 -1.3251873294e-07 -4.8200764273e-14
d  5.0492706106e-03 3.5344892507e+00 -2.0000000000e-01 1.3252157933e+00 3.0000000000e+02 -7.9739302342e-05 6.9839275624e-14 1.3252157934e-07 7.9739302293e-05 -7.9606780693e-05 -6.9819541873e-14 -1.3252148209e-07 -4.8201016046e-14
d  5.0493678308e-03 3.5345573048e+00 -2.0000000000e-01 1.3252489766e+00 3.0000000000e+02 -7.9752486390e-05 6.9839787305e-14 1.3252489768e-07 7.9752486332e-05 -7.9619961432e-05 -6.9820052739e-14 -1.3252478126e-07 -4.8201321569e-14
d  5.0494844950e-03 3.5346389698e+00 -2.0000000000e-01 1.3252887975e+00 3.0000000000e+02 -7.9768309540e-05 6.9840403946e-14 1.3252887977e-07 7.9768309470e-05 -7.9635780612e-05 -6.9820668299e-14 -1.3252874055e-07 -4.8201691056e-14
d  5.0496244921e-03 3.5347369677e+00 -2.0000000000e-01 1.3253365838e+00 3.0000000000e+02 -7.9787300624e-05 6.9841152661e-14 1.3253365840e-07 7.9787300541e-05 -7.9654766930e-05 -6.9821415650e-14 -1.3253349211e-07 -4.8202136849e-14
d  5.0497924885e-03 3.5348545652e+00 -2.0000000000e-01 1.3253939291e+00 3.0000000000e+02 -7.9810094683e-05 6.9842048096e-14 1.3253939294e-07 7.9810094583e-05 -7.9677555271e-05 -6.9822309385e-14 -1.3253919458e-07 -4.8202670763e-14
d  5.0499940843e-03 3.5349956823e+00 -2.0000000000e-01 1.3254627460e+00 3.0000000000e+02 -7.9837454406e-05 6.9843120918e-14 1.3254627464e-07 7.9837454288e-05 -7.9704908131e-05 -6.9823380114e-14 -1.3254603839e-07 -4.8203311608e-14
d  5.0502359992e-03 3.5351650227e+00 -2.0000000000e-01 1.3255453301e+00 3.0000000000e+02 -7.9870295942e-05 6.9844408573e-14 1.3255453305e-07 7.9870295802e-05 -7.9737741431e-05 -6.9824665228e-14 -1.3255425218e-07 -4.8204077624e-14
d  5.0505262972e-03 3.5353682312e+00 -2.0000000000e-01 1.3256444417e+00 3.0000000000e+02 -7.9909717628e-05 6.9849090079e-14 1.3256444421e-07 7.9909717465e-05 -7.9777153227e-05 -6.9829336875e-14 -1.3256411995e-07 -4.8206488093e-14
d  5.0508746546e-03 3.5356120815e+00 -2.0000000000e-01 1.3257633887e+00 3.0000000000e+02 -7.9957041732e-05 6.9852460503e-14 1.3257633892e-07 7.9957041542e-05 -7.9824465464e-05 -6.9832700817e-14 -1.3257595980e-07 -4.8208311739e-14
d  5.0512926836e-03 3.5359047018e+00 -2.0000000000e-01 1.3259061302e+00 3.0000000000e+02 -8.0013862580e-05 6.9851374978e-14 1.3259061308e-07 8.0013862348e-05 -7.9881272081e-05 -6.9831620423e-14 -1.3259014809e-07 -4.8208069369e-14
d  5.0517943184e-03 3.5362558461e+00 -2.0000000000e-01 1.3260774358e+00 3.0000000000e+02 -8.0082090055e-05 6.9854867773e-14 1.3260774365e-07 8.0082089782e-05 -7.9949482466e-05 -6.9835107736e-14 -1.3260719769e-07 -4.8210042504e-14
d  5.0523962802e-03 3.5366772193e+00 -2.0000000000e-01 1.3262830253e+00 3.0000000000e+02 -8.0164024203e-05 6.9858071579e-14 1.3262830262e-07 8.0164023883e-05 -8.0031396100e-05 -6.9838304931e-14 -1.3262766492e-07 -4.8211945167e-14
d  5.0531186343e-03 3.5371828671e+00 -2.0000000000e-01 1.3265297660e+00 3.0000000000e+02 -8.0262433482e-05 6.9862028423e-14 1.3265297670e-07 8.0262433111e-05 -8.0129780756e-05 -6.9842253681e-14 -1.3265223719e-07 -4.8214264722e-14
d  5.0539854592e-03 3.5377896446e+00 -2.0000000000e-01 1.3268259029e+00 3.0000000000e+02 -8.0380652064e-05 6.9866859530e-14 1.3268259041e-07 8.0380651638e-05 -8.0247969780e-05 -6.9847075256e-14 -1.3268173946e-07 -4.8217075846e-14
d  5.0550256491e-03 3.5385177775e+00 -2.0000000000e-01 1.3271813361e+00 3.0000000000e+02 -8.0522697825e-05 6.9872470283e-14 1.3271813374e-07 8.0522697340e-05 -8.0389980056e-05 -6.9852674271e-14 -1.3271716668e-07 -4.8220385346e-14
d  5.0562738770e-03 3.5393915369e+00 -2.0000000000e-01 1.3276079553e+00 3.0000000000e+02 -8.0693417432e-05 6.9879336872e-14 1.3276079568e-07 8.0693416890e-05 -8.0560657059e-05 -6.9859526939e-14 -1.3275971244e-07 -4.8224401570e-14
d  5.0577717505e-03 3.5404400483e+00 -2.0000000000e-01 1.3281200403e+00 3.0000000000e+02 -8.0898662139e-05 6.9887331751e-14 1.3281200419e-07 8.0898661544e-05 -8.0765850609e-05 -6.9867504921e-14 -1.3281081730e-07 -4.8229136166e-14
d  5.0595691986e-03 3.5416982619e+00 -2.0000000000e-01 1.3287347468e+00 3.0000000000e+02 -8.1145505828e-05 6.9897062464e-14 1.3287347486e-07 8.1145505196e-05 -8.1012632863e-05 -6.9877215189e-14 -1.3287221549e-07 -4.8234862051e-14
d  5.0617261364e-03 3.5432081183e+00 -2.0000000000e-01 1.3294726900e+00 3.0000000000e+02 -8.1442512320e-05 6.9908808747e-14 1.3294726917e-07 8.1442511682e-05 -8.1309565566e-05 -6.9888936751e-14 -1.3294599862e-07 -4.8241754057e-14
d  5.0643144617e-03 3.5450199460e+00 -2.0000000000e-01 1.3303586638e+00 3.0000000000e+02 -8.1800060425e-05 6.9924011812e-14 1.3303586653e-07 8.1800059849e-05 -8.1667025011e-05 -6.9904107727e-14 -1.3303471990e-07 -4.8250530270e-14
d  5.0674204522e-03 3.5471941391e+00 -2.0000000000e-01 1.3314224715e+00 3.0000000000e+02 -8.2230767543e-05 6.9942122198e-14 1.3314224714e-07 8.2230767569e-05 -8.2097625151e-05 -6.9922118553e-14 -1.3314229980e-07 -4.8260924023e-14
d  5.0711476407e-03 3.5498031710e+00 -2.0000000000e-01 1.3326999334e+00 3.0000000000e+02 -8.2750014286e-05 6.9962353449e-14 1.3326999333e-07 8.2750014320e-05 -8.2616744139e-05 -6.9942349447e-14 -1.3327006305e-07 -4.8272878076e-14
d  5.0756202668e-03 3.5529340091e+00 -2.0000000000e-01 1.3342342118e+00 3.0000000000e+02 -8.3376595778e-05 6.9989419071e-14 1.3342342117e-07 8.3376595825e-05 -8.3243172192e-05 -6.9969414621e-14 -1.3342351478e-07 -4.8288041019e-14
d  5.0809874183e-03 3.5566910150e+00 -2.0000000000e-01 1.3360776804e+00 3.0000000000e+02 -8.4133696696e-05 7.0039665867e-14 1.3360776802e-07 8.4133696760e-05 -8.4000088746e-05 -7.0019660857e-14 -1.3360789542e-07 -4.8312367593e-14
d  5.0874280000e-03 3.5611994219e+00 -2.0000000000e-01 1.3382925808e+00 3.0000000000e+02 -8.5049485407e-05 7.0070507238e-14 1.3382925806e-07 8.5049485495e-05 -8.4915655943e-05 -7.0050501536e-14 -1.3382943358e-07 -4.8331622479e-14
d  5.0951566981e-03 3.5666095103e+00 -2.0000000000e-01 1.3409543585e+00 3.0000000000e+02 -8.6159033132e-05 7.0115121688e-14 1.3409543582e-07 8.6159033256e-05 -8.6024937455e-05 -7.0095115100e-14 -1.3409568184e-07 -4.8356989353e-14
d  5.1044311357e-03 3.5731016164e+00 -2.0000000000e-01 1.3441541862e+00 3.0000000000e+02 -8.7505944060e-05 7.0171241038e-14 1.3441541857e-07 8.7505944237e-05 -8.7371528350e-05 -7.0151233325e-14 -1.3441576882e-07 -4.8388327453e-14
d  5.1155604609e-03 3.5808921436e+00 -2.0000000000e-01 1.3480023506e+00 3.0000000000e+02 -8.9144721814e-05 7.0241064605e-14 1.3480023500e-07 8.9144722071e-05 -8.9009921211e-05 -7.0221055462e-14 -1.3480074125e-07 -4.8426938889e-14
d  5.1289156512e-03 3.5902407763e+00 -2.0000000000e-01 1.3526324899e+00 3.0000000000e+02 -9.1144162114e-05 7.0329012314e-14 1.3526324890e-07 9.1144162492e-05 -9.1008898380e-05 -7.0309001325e-14 -1.3526399316e-07 -4.8474597040e-14
d  5.1449418795e-03 3.6014591356e+00 -2.0000000000e-01 1.3582062375e+00 3.0000000000e+02 -9.3592020670e-05 7.0432477549e-14 1.3582062361e-07 9.3592021246e-05 -9.3456199377e-05 -7.0412464000e-14 -1.3582175063e-07 -4.8530283884e-14
d  5.1641733535e-03 3.6149211667e+00 -2.0000000000e-01 1.3649204734e+00 3.0000000000e+02 -9.6600839125e-05 7.0562440266e-14 1.3649204734e-07 9.6600839147e-05 -9.6464346937e-05 -7.0542439837e-14 -1.3649209148e-07 -4.8599291826e-14
d  5.1872511222e-03 3.6310756040e+00 -2.0000000000e-01 1.3730153542e+00 3.0000000000e+02 -1.0031706142e-04 7.0725301013e-14 1.3730153541e-07 1.0031706145e-04 -1.0017975973e-04 -7.0705300504e-14 -1.3730160046e-07 -4.8684091200e-14
d  5.2149444447e-03 3.6504609288e+00 -2.0000000000e-01 1.3827863018e+00 3.0000000000e+02 -1.0493493029e-04 7.0942997495e-14 1.3827863016e-07 1.0493493034e-04 -1.0479665149e-04 -7.0922996855e-14 -1.3827873223e-07 -4.8792796481e-14
d  5.2481764317e-03 3.6737233185e+00 -2.0000000000e-01 1.3945957300e+00 3.0000000000e+02 -1.1071424521e-04 7.1212933461e-14 1.3945957298e-07 1.1071424529e-04 -1.1057478543e-04 -7.1192932629e-14 -1.3945974023e-07 -4.8925755542e-14
d  5.2880548162e-03 3.7016381862e+00 -2.0000000000e-01 1.4088923302e+00 3.0000000000e+02 -1.1801048541e-04 7.1558858047e-14 1.4088923299e-07 1.1801048556e-04 -1.1786959592e-04 -7.1538856937e-14 -1.4088951744e-07 -4.9091630338e-14
d  5.3359088775e-03 3.7351360275e+00 -2.0000000000e-01 1.4262274085e+00 3.0000000000e+02 -1.2731540951e-04 7.1964793546e-14 1.4262274080e-07 1.2731540976e-04 -1.2717278644e-04 -7.1944792172e-14 -1.4262319577e-07 -4.9286304828e-14
d  5.3933337510e-03 3.7753334369e+00 -2.0000000000e-01 1.4472777259e+00 3.0000000000e+02 -1.3935859842e-04 7.2450319763e-14 1.4472777259e-07 1.3935859844e-04 -1.3921387051e-04 -7.2430319683e-14 -1.4472780788e-07 -4.9507329865e-14
d  5.4622435993e-03 3.8235703283e+00 -2.0000000000e-01 1.4729289332e+00 3.0000000000e+02 -1.5520113057e-04 7.3151286224e-14 1.4729289331e-07 1.5520113060e-04 -1.5505383753e-04 -7.3131286123e-14 -1.4729295320e-07 -4.9816680016e-14
d  5.5449354172e-03 3.8814545980e+00 -2.0000000000e-01 1.5045129939e+00 3.0000000000e+02 -1.7659307031e-04 7.4618457017e-14 1.5045129939e-07 1.7659307037e-04 -1.7644261884e-04 -7.4598456887e-14 -1.5045140604e-07 -5.0404821385e-14
d  5.6441655987e-03 3.9509157215e+00 -2.0000000000e-01 1.5433762862e+00 3.0000000000e+02 -2.0612529676e-04 7.5746595723e-14 1.5433762862e-07 2.0612529677e-04 -2.0597095900e-04 -7.5726595713e-14 -1.5433764050e-07 -5.0876541269e-14
d  5.7142860000e-03 4.0000000000e+00 -2.0000000000e-01 1.5715027408e+00 3.0000000000e+02 -2.2998925803e-04 7.6757789427e-14 1.5715027407e-07 2.2998925810e-04 -2.2983210758e-04 -7.6737789314e-14 -1.5715039236e-07 -5.1274912576e-14
d  5.7984304816e-03 4.0589011341e+00 -2.0000000000e-01 1.6060062233e+00 3.0000000000e+02 -2.6251413812e-04 7.8022022246e-14 1.6060062232e-07 2.6251413825e-04 -2.6235353729e-04 -7.8002022094e-14 -1.6060082947e-07 -5.1762354675e-14
d  5.8994038594e-03 4.1295824951e+00 -2.0000000000e-01 1.6485181413e+00 3.0000000000e+02 -3.0829476927e-04 7.9627469248e-14 1.6485181411e-07 3.0829476952e-04 -3.0812991718e-04 -7.9607469057e-14 -1.6485220879e-07 -5.2359841771e-14
d  6.0205719129e-03 4.2144001283e+00 -2.0000000000e-01 1.7011607740e+00 3.0000000000e+02 -3.7556338943e-04 8.1698024983e-14 1.7011607736e-07 3.7556338995e-04 -3.7539327294e-04 -8.1678024743e-14 -1.7011687698e-07 -5.3094474984e-14
d  6.1659735770e-03 4.3161812881e+00 -2.0000000000e-01 1.7669303777e+00 3.0000000000e+02 -4.8155076859e-04 8.4794415402e-14 1.7669303770e-07 4.8155076983e-04 -4.8137407489e-04 -8.4774415133e-14 -1.7669480109e-07 -5.4109555052e-14
d  6.3404555740e-03 4.4383186799e+00 -2.0000000000e-01 1.8510874731e+00 3.0000000000e+02 -6.6610734451e-04 9.0623696570e-14 1.8510874724e-07 6.6610734635e-04 -6.6592223497e-04 -9.0603696408e-14 -1.8511123875e-07 -5.5973460888e-14
d  6.5498339703e-03 4.5848835500e+00 -2.0000000000e-01 1.9557938810e+00 3.0000000000e+02 -1.0221279063e-03 9.4053595593e-14 1.9557938810e-07 1.0221279063e-03 -1.0219323268e-03 -9.4033595593e-14 -1.9557939014e-07 -5.6591242064e-14
d  6.8010880460e-03 4.7607613941e+00 -2.0000000000e-01 2.0768132325e+00 3.0000000000e+02 -1.7121127838e-03 9.2015260912e-14 2.0768132325e-07 1.7121127838e-03 -1.7119051023e-03 -9.1995260912e-14 -2.0768131739e-07 -5.4863375061e-14
d  7.1025929367e-03 4.9718148071e+00 -2.0000000000e-01 2.2049194911e+00 3.0000000000e+02 -2.7500897251e-03 8.3195897243e-14 2.2049194911e-07 2.7500897251e-03 -2.7498692330e-03 -8.3175897243e-14 -2.2049196460e-07 -5.1171488846e-14
d  7.1428570000e-03 4.9999996500e+00 -2.0000000000e-01 2.2211039611e+00 3.0000000000e+02 -2.8991928432e-03 8.3785931177e-14 2.2211039611e-07 2.8991928432e-03 -2.8989707327e-03 -8.3765931177e-14 -2.2211039268e-07 -5.1428979042e-14
d  7.1911738759e-03 5.0338214615e+00 -2.0000000000e-01 2.2399844198e+00 3.0000000000e+02 -3.0766728113e-03 8.1822713748e-14 2.2399844198e-07 3.0766728113e-03 -3.0764488127e-03 -8.1802713747e-14 -2.2399845459e-07 -5.0693433283e-14
d  7.2491541271e-03 5.0744076352e+00 -2.0000000000e-01 2.2618472117e+00 3.0000000000e+02 -3.2867695775e-03 7.9866760444e-14 2.2618472117e-07 3.2867695775e-03 -3.2865433927e-03 -7.9846760443e-14 -2.2618472947e-07 -4.9937717895e-14
d  7.3187304284e-03 5.1231110438e+00 -2.0000000000e-01 2.2870930745e+00 3.0000000000e+02 -3.5342358163e-03 7.8026730697e-14 2.2870930745e-07 3.5342358163e-03 -3.5340071069e-03 -7.8006730697e-14 -2.2870931203e-07 -4.9212689918e-14
d  7.4022219901e-03 5.1815551340e+00 -2.0000000000e-01 2.3161710015e+00 3.0000000000e+02 -3.8245954755e-03 7.6161160455e-14 2.3161710015e-07 3.8245954755e-03 -3.8243638582e-03 -7.6141160454e-14 -2.3161710381e-07 -4.8471623275e-14
d  7.5024118640e-03 5.2516880422e+00 -2.0000000000e-01 2.3492592799e+00 3.0000000000e+02 -4.1611881026e-03 7.3630764139e-14 2.3492592799e-07 4.1611881026e-03 -4.1609531766e-03 -7.3610764139e-14 -2.3492593367e-07 -4.7467487148e-14
d  7.6226397128e-03 5.3358475322e+00 -2.0000000000e-01 2.3866485205e+00 3.0000000000e+02 -4.5476594981e-03 7.1161927445e-14 2.3866485205e-07 4.5476594981e-03 -4.5474208331e-03 -7.1141927445e-14 -2.3866486039e-07 -4.6462402505e-14
d  7.7669131313e-03 5.4368389201e+00 -2.0000000000e-01 2.4285243015e+00 3.0000000000e+02 -4.9863773379e-03 6.8560121268e-14 2.4285243015e-07 4.9863773379e-03 -4.9861344854e-03 -6.8540121268e-14 -2.4285243385e-07 -4.5377263963e-14
d  7.9400412335e-03 5.5580285856e+00 -2.0000000000e-01 2.4750599725e+00 3.0000000000e+02 -5.4777952426e-03 6.5974900692e-14 2.4750599725e-07 5.4777952426e-03 -5.4775477365e-03 -6.5954900692e-14 -2.4750600310e-07 -4.4277173801e-14
d  8.1477949562e-03 5.7034561841e+00 -2.0000000000e-01 2.5225535886e+00 3.0000000000e+02 -6.0436768077e-03 6.0309664393e-14 2.5225535886e-07 6.0436768077e-03 -6.0434245522e-03 -6.0289664393e-14 -2.5225536190e-07 -4.1730732977e-14
d  8.3970994233e-03 5.8779693024e+00 -2.0000000000e-01 2.5745578202e+00 3.0000000000e+02 -6.6616668045e-03 5.9489080545e-14 2.5745578202e-07 6.6616668045e-03 -6.6614093486e-03 -5.9469080545e-14 -2.5745578640e-07 -4.1299185143e-14
d  8.5714290000e-03 6.0000000000e+00 -2.0000000000e-01 2.6083209552e+00 3.0000000000e+02 -7.0626015405e-03 5.8632545971e-14 2.6083209552e-07 7.0626015405e-03 -7.0623407083e-03 -5.8612545971e-14 -2.6083209904e-07 -4.0805507744e-14
d  8.7806244920e-03 5.8535631971e+00 -2.0000000000e-01 2.5675664845e+00 3.0000000000e+02 -6.5786449831e-03 -1.2393079373e-13 2.5675664845e-07 6.5786449830e-03 -6.5783882266e-03 1.2395079373e-13 -2.5675664516e-07 8.6038900114e-14
d  9.0316590824e-03 5.6778390336e+00 -2.0000000000e-01 2.5144881411e+00 3.0000000000e+02 -5.9477199381e-03 -6.1794782795e-14 2.5144881411e-07 5.9477199380e-03 -5.9474684893e-03 6.1814782795e-14 -2.5144881087e-07 4.2429667863e-14
d  9.2821135227e-03 5.5025209751e+00 -2.0000000000e-01 2.4542522459e+00 3.0000000000e+02 -5.2570295604e-03 -6.5704643693e-14 2.4542522459e-07 5.2570295604e-03 -5.2567841353e-03 6.5724643693e-14 -2.4542522250e-07 4.4164757622e-14
d  9.5826588511e-03 5.2921393048e+00 -2.0000000000e-01 2.3675338684e+00 3.0000000000e+02 -4.3493088525e-03 -7.2748322255e-14 2.3675338684e-07 4.3493088525e-03 -4.3490720993e-03 7.2768322255e-14 -2.3675338125e-07 4.7182305729e-14
d  9.9433132452e-03 5.0396813005e+00 -2.0000000000e-01 2.2431964781e+00 3.0000000000e+02 -3.1072246392e-03 -8.0496448056e-14 2.2431964781e-07 3.1072246392e-03 -3.1070003197e-03 8.0516448056e-14 -2.2431962219e-07 5.0234601236e-14
d  1.0000000000e-02 5.0000005833e+00 -2.0000000000e-01 2.2211044912e+00 3.0000000000e+02 -2.8991979199e-03 -8.3216586313e-14 2.2211044912e-07 2.8991979199e-03 -2.8989758096e-03 8.3236586312e-14 -2.2211043827e-07 5.1251783288e-14
d  1.0068024106e-02 4.9523837228e+00 -2.0000000000e-01 2.1935229183e+00 3.0000000000e+02 -2.6472838498e-03 -8.5548938031e-14 2.1935229183e-07 2.6472838498e-03 -2.6470644977e-03 8.5568938031e-14 -2.1935228937e-07 5.2156488595e-14
d  1.0149653033e-02 4.8952434901e+00 -2.0000000000e-01 2.1590911119e+00 3.0000000000e+02 -2.3476002986e-03 -8.7496167751e-14 2.1590911119e-07 2.3476002986e-03 -2.3473843897e-03 8.7516167751e-14 -2.1590910916e-07 5.2965104321e-14
d  1.0247607745e-02 4.8266752109e+00 -2.0000000000e-01 2.1184399993e+00 3.0000000000e+02 -2.0176592062e-03 -8.3977249333e-14 2.1184399993e-07 2.0176592062e-03 -2.0174473623e-03 8.3997249333e-14 -2.1184399899e-07 5.1892811321e-14
d  1.0365153400e-02 4.7443932758e+00 -2.0000000000e-01 2.0660701404e+00 3.0000000000e+02 -1.6391108340e-03 -9.0228171070e-14 2.0660701404e-07 1.6391108340e-03 -1.6389042272e-03 9.0248171070e-14 -2.0660701499e-07 5.4403041610e-14
d  1.0506208186e-02 4.6456549537e+00 -2.0000000000e-01 1.9986064437e+00 3.0000000000e+02 -1.2340488572e-03 -9.3654182639e-14 1.9986064469e-07 1.2340488476e-03 -1.2338490001e-03 9.3674182218e-14 -1.9984764368e-07 5.5999306976e-14
d  1.0675473929e-02 4.5271689673e+00 -2.0000000000e-01 1.9143580915e+00 3.0000000000e+02 -8.5998573737e-04 -9.3390962628e-14 1.9143580913e-07 8.5998573785e-04 -8.5979430155e-04 9.3410962654e-14 -1.9143644434e-07 5.6477788768e-14
d  1.0839727424e-02 4.4121915527e+00 -2.0000000000e-01 1.8327349401e+00 3.0000000000e+02 -6.1985732129e-04 -8.9970882441e-14 1.8327349398e-07 6.1985732197e-04 -6.1967404770e-04 8.9990882512e-14 -1.8327441075e-07 5.5847584028e-14
d  1.0972705919e-02 4.3191066328e+00 -2.0000000000e-01 1.7688918721e+00 3.0000000000e+02 -4.8515472981e-04 -8.6140177570e-14 1.7688918707e-07 4.8515473251e-04 -4.8497783962e-04 8.6160178163e-14 -1.7689302970e-07 5.4640277224e-14
d  1.1108463956e-02 4.2240760339e+00 -2.0000000000e-01 1.7072723028e+00 3.0000000000e+02 -3.8429226579e-04 -8.1483288841e-14 1.7072723028e-07 3.8429226591e-04 -3.8412153863e-04 8.1503288886e-14 -1.7072741097e-07 5.3030441622e-14
d  1.1271373600e-02 4.1100393153e+00 -2.0000000000e-01 1.6366414538e+00 3.0000000000e+02 -2.9480869520e-04 -7.8887087657e-14 1.6366414537e-07 2.9480869531e-04 -2.9464503112e-04 7.8907087714e-14 -1.6366432321e-07 5.2132169895e-14
d  1.1428570000e-02 4.0000018667e+00 -2.0000000000e-01 1.5715038170e+00 3.0000000000e+02 -2.2999025351e-04 -7.6653891608e-14 1.5715038170e-07 2.2999025356e-04 -2.2983310323e-04 7.6673891647e-14 -1.5715046708e-07 5.1269095746e-14
d  1.1617205680e-02 3.8679569283e+00 -2.0000000000e-01 1.4970842650e+00 3.0000000000e+02 -1.7136266399e-04 -7.4075575510e-14 1.4970842649e-07 1.7136266410e-04 -1.7121295560e-04 7.4095575620e-14 -1.4970862507e-07 5.0226137147e-14
d  1.1843568495e-02 3.7095030023e+00 -2.0000000000e-01 1.4129442118e+00 3.0000000000e+02 -1.2013981942e-04 -7.1291286136e-14 1.4129442118e-07 1.2013981944e-04 -1.1999852511e-04 7.1311286155e-14 -1.4129444901e-07 4.9037016309e-14
d  1.2115203874e-02 3.5193582911e+00 -2.0000000000e-01 1.3178533214e+00 3.0000000000e+02 -7.6850481222e-05 -6.9373508999e-14 1.3178533213e-07 7.6850481230e-05 -7.6718695998e-05 6.9393509014e-14 -1.3178534938e-07 4.8047333510e-14
d  1.2142860000e-02 3.4999990083e+00 -2.0000000000e-01 1.3084796490e+00 3.0000000000e+02 -7.3275773681e-05 -6.9534180806e-14 1.3084796489e-07 7.3275773691e-05 -7.3144925821e-05 6.9554180945e-14 -1.3084798783e-07 4.8043907385e-14
d  1.2176047351e-02 3.4767678690e+00 -2.0000000000e-01 1.2973121826e+00 3.0000000000e+02 -6.9164721717e-05 -6.9296374392e-14 1.2973121826e-07 6.9164721736e-05 -6.9034990596e-05 6.9316374688e-14 -1.2973125787e-07 4.7916125630e-14
d  1.2215872173e-02 3.4488905019e+00 -2.0000000000e-01 1.2840209353e+00 3.0000000000e+02 -6.4476016870e-05 -6.9065896405e-14 1.2840209352e-07 6.4476016896e-05 -6.4347614865e-05 6.9085896764e-14 -1.2840214784e-07 4.7781443100e-14
d  1.2263661959e-02 3.4154376613e+00 -2.0000000000e-01 1.2681892517e+00 3.0000000000e+02 -5.9173277817e-05 -6.8979054125e-14 1.2681892515e-07 5.9173277860e-05 -5.9046458961e-05 6.8999054659e-14 -1.2681901570e-07 4.7682731933e-14
d  1.2321009702e-02 3.3752942525e+00 -2.0000000000e-01 1.2493457293e+00 3.0000000000e+02 -5.3247973912e-05 -6.8878590123e-14 1.2493457291e-07 5.3247973963e-05 -5.3123039399e-05 6.8898590695e-14 -1.2493468036e-07 4.7562786403e-14
d  1.2389826993e-02 3.3271221621e+00 -2.0000000000e-01 1.2269366630e+00 3.0000000000e+02 -4.6724022834e-05 -6.8824413546e-14 1.2269366628e-07 4.6724022880e-05 -4.6601329232e-05 6.8844414025e-14 -1.2269376433e-07 4.7435534131e-14
d  1.2472407743e-02 3.2693156535e+00 -2.0000000000e-01 1.2002815711e+00 3.0000000000e+02 -3.9676958314e-05 -6.8913510907e-14 1.2002815709e-07 3.9676958359e-05 -3.9556930221e-05 6.8933511349e-14 -1.2002825372e-07 4.7332421201e-14
d  1.2571504643e-02 3.1999478432e+00 -2.0000000000e-01 1.1686214320e+00 3.0000000000e+02 -3.2243466536e-05 -6.9075851762e-14 1.1686214319e-07 3.2243466542e-05 -3.2126604502e-05 6.9095851822e-14 -1.1686215688e-07 4.7204845222e-14
d  1.2690420923e-02 3.1167064709e+00 -2.0000000000e-01 1.1309067639e+00 3.0000000000e+02 -2.4630602350e-05 -6.9755026470e-14 1.1309067638e-07 2.4630602355e-05 -2.4517511783e-05 6.9775026527e-14 -1.1309068947e-07 4.7185354990e-14
d  1.2833120459e-02 3.0168168241e+00 -2.0000000000e-01 1.0858134322e+00 3.0000000000e+02 -1.7164389456e-05 -7.1065390984e-14 1.0858134322e-07 1.7164389460e-05 -1.7055808226e-05 7.1085391026e-14 -1.0858135243e-07 4.7263840654e-14
d  1.2857140000e-02 3.0000031500e+00 -2.0000000000e-01 1.0782173386e+00 3.0000000000e+02 -1.6070410721e-05 -7.1581147994e-14 1.0782173386e-07 1.6070410719e-05 -1.5962589107e-05 7.1601147944e-14 -1.0782173160e-07 4.7336964230e-14
d  1.2885963450e-02 2.9798267410e+00 -2.0000000000e-01 1.0690945684e+00 3.0000000000e+02 -1.4815992506e-05 -7.2007751148e-14 1.0690945686e-07 1.4815992487e-05 -1.4709083190e-05 7.2027750146e-14 -1.0690941662e-07 4.7382144713e-14
d  1.2920551589e-02 2.9556150503e+00 -2.0000000000e-01 1.0581354547e+00 3.0000000000e+02 -1.3393107847e-05 -7.2525521551e-14 1.0581354547e-07 1.3393107856e-05 -1.3287294409e-05 7.2545522014e-14 -1.0581356663e-07 4.7434432670e-14
d  1.2962057356e-02 2.9265610214e+00 -2.0000000000e-01 1.0449600175e+00 3.0000000000e+02 -1.1800970285e-05 -7.3234339986e-14 1.0449600174e-07 1.1800970294e-05 -1.1696474391e-05 7.3254340424e-14 -1.0449602397e-07 4.7513472291e-14
d  1.3011864277e-02 2.8916961867e+00 -2.0000000000e-01 1.0291020784e+00 3.0000000000e+02 -1.0051280935e-05 -7.4201757850e-14 1.0291020781e-07 1.0051280957e-05 -9.9483708200e-06 7.4221758777e-14 -1.0291025909e-07 4.7626801137e-14
d  1.3071632582e-02 2.8498583851e+00 -2.0000000000e-01 1.0099834384e+00 3.0000000000e+02 -8.1741222407e-06 -7.5562330556e-14 1.0099834383e-07 8.1741222462e-06 -8.0731240125e-06 7.5582330782e-14 -1.0099835711e-07 4.7791079019e-14
d  1.3143354548e-02 2.7996530231e+00 -2.0000000000e-01 9.8688396180e-01 3.0000000000e+02 -6.2295890988e-06 -7.7469003806e-14 9.8688396171e-08 6.2295891051e-06 -6.1309008195e-06 7.7489004056e-14 -9.8688411149e-08 4.8021572026e-14
d  1.3229420907e-02 2.7394065888e+00 -2.0000000000e-01 9.5887224933e-01 3.0000000000e+02 -4.3179734739e-06 -8.0273208383e-14 9.5887224926e-08 4.3179734777e-06 -4.2220863721e-06 8.0293208545e-14 -9.5887234241e-08 4.8367609583e-14
d  1.3332700538e-02 2.6671108676e+00 -2.0000000000e-01 9.2477301752e-01 3.0000000000e+02 -2.5937779813e-06 -8.4277510730e-14 9.2477301744e-08 2.5937779843e-06 -2.5013008082e-06 8.4297510883e-14 -9.2477309267e-08 4.8839268914e-14
d  1.3456636095e-02 2.5803560021e+00 -2.0000000000e-01 8.8306766002e-01 3.0000000000e+02 -1.2526012842e-06 -8.9904859281e-14 8.8306765899e-08 1.2526013101e-06 -1.1642946250e-06 8.9924861000e-14 -8.8306824499e-08 4.9479906441e-14
d  1.3514033048e-02 2.5401781469e+00 -2.0000000000e-01 8.6344001566e-01 3.0000000000e+02 -8.5549755838e-07 -9.2846714614e-14 8.6344001566e-08 8.5549755822e-07 -7.6915369904e-07 9.2866714629e-14 -8.6344001856e-08 4.9810353139e-14
d  1.3571430000e-02 2.5000002917e+00 -2.0000000000e-01 8.4359063612e-01 3.0000000000e+02 -5.6956951318e-07 -9.5810783265e-14 8.4359063586e-08 5.6956951650e-07 -4.8521059068e-07 9.5830784246e-14 -8.4359071811e-08 5.0159418410e-14
d  1.3640306343e-02 2.4517868654e+00 -2.0000000000e-01 8.1944065328e-01 3.0000000000e+02 -3.3970615524e-07 -9.9880418841e-14 8.1944065000e-08 3.3970618402e-07 -2.5776220026e-07 9.9900430711e-14 -8.1944134298e-08 5.0636545103e-14
d  1.3681632148e-02 2.4228588096e+00 -2.0000000000e-01 8.0478435838e-01 3.0000000000e+02 -2.4588929277e-07 -1.0344366124e-13 8.0478435834e-08 2.4588929275e-07 -1.6541101071e-07 1.0346366144e-13 -8.0478436469e-08 5.0970762100e-14
d  1.3706427632e-02 2.4055019762e+00 -2.0000000000e-01 7.9595956946e-01 3.0000000000e+02 -2.0151816560e-07 -1.0675491245e-13 7.9595957151e-08 2.0151815378e-07 -1.2192238490e-07 1.0677488853e-13 -7.9595926816e-08 5.1168876330e-14
d  1.3736182212e-02 2.3846737760e+00 -2.0000000000e-01 7.8536558417e-01 3.0000000000e+02 -1.5780665080e-07 -1.1237224979e-13 7.8536559893e-08 1.5780658332e-07 -7.9270363470e-08 1.1239206447e-13 -7.8536383717e-08 5.1477935345e-14
d  1.3754034960e-02 2.3721768559e+00 -2.0000000000e-01 7.7894807590e-01 3.0000000000e+02 -1.3610268125e-07 -1.1802496552e-13 7.7894807952e-08 1.3610266652e-07 -5.8208062688e-08 1.1804489879e-13 -7.7894773893e-08 5.2011492939e-14
d  1.3775458258e-02 2.3571805518e+00 -2.0000000000e-01 7.7090908381e-01 3.0000000000e+02 -1.1481016618e-07 -1.2623233288e-13 7.7090909854e-08 1.1481011523e-07 -3.7719478157e-08 1.2625211751e-13 -7.7090816853e-08 5.3531195194e-14
d  1.3788312236e-02 2.3481827694e+00 -2.0000000000e-01 7.6574895642e-01 3.0000000000e+02 -1.0462411679e-07 -1.3206462765e-13 7.6574896996e-08 1.0462407358e-07 -2.8049432311e-08 1.3208436254e-13 -7.6574828470e-08 5.5113059965e-14
d  1.3803737010e-02 2.3373854304e+00 -2.0000000000e-01 7.5924449755e-01 3.0000000000e+02 -9.4420888701e-08 -1.4283129045e-13 7.5924452495e-08 9.4420808992e-08 -1.8496671616e-08 1.4285078109e-13 -7.5924336937e-08 5.6710584765e-14
d  1.3812991875e-02 2.3309070270e+00 -2.0000000000e-01 7.5530798399e-01 3.0000000000e+02 -8.8840426662e-08 -1.6058770721e-13 7.5530796065e-08 8.8840490575e-08 -1.3309821188e-08 1.6060843966e-13 -7.5530887462e-08 5.7464301070e-14
d  1.3818544794e-02 2.3270199850e+00 -2.0000000000e-01 7.5306115769e-01 3.0000000000e+02 -8.5320301226e-08 -1.9337332269e-13 7.5306113797e-08 8.5320353282e-08 -1.0014416353e-08 1.9339455561e-13 -7.5306188321e-08 5.8002648717e-14
d  1.3820210669e-02 2.3258538724e+00 -2.0000000000e-01 7.5243421714e-01 3.0000000000e+02 -8.4160724276e-08 -2.2330248442e-13 7.5243419870e-08 8.4160772175e-08 -8.9175702560e-09 2.2332545361e-13 -7.5243483739e-08 5.8507119055e-14
d  1.3822209720e-02 2.3244545373e+00 -2.0000000000e-01 7.5178032451e-01 3.0000000000e+02 -8.2523906136e-08 -2.9060179298e-13 7.5178031224e-08 8.2523937377e-08 -7.3462144790e-09 2.9062408809e-13 -7.5178072751e-08 5.9241693988e-14
d  1.3823409151e-02 2.3236149362e+00 -2.0000000000e-01 7.5148374542e-01 3.0000000000e+02 -8.1301988786e-08 -3.8826232699e-13 7.5148373997e-08 8.1302002311e-08 -6.1540605601e-09 3.8828367002e-13 -7.5148391157e-08 6.1135565882e-14
d  1.3824128809e-02 2.3231111755e+00 -2.0000000000e-01 7.5135952662e-01 3.0000000000e+02 -8.0435675485e-08 -5.0212492153e-13 7.5135953105e-08 8.0435664236e-08 -5.3002903973e-09 5.0214353561e-13 -7.5135940415e-08 6.4442661765e-14
d  1.3824560604e-02 2.3228089192e+00 -2.0000000000e-01 7.5130971132e-01 3.0000000000e+02 -7.9855346025e-08 -6.0688293852e-13 7.5130971630e-08 7.9855333609e-08 -4.7250505910e-09 6.0690091953e-13 -7.5130958176e-08 6.8232005192e-14
d  1.3824819681e-02 2.3226275653e+00 -2.0000000000e-01 7.5128970327e-01 3.0000000000e+02 -7.9483191883e-08 -6.8852042729e-13 7.5128970397e-08 7.9483189975e-08 -4.3549814888e-09 6.8854003219e-13 -7.5128968652e-08 7.1579251402e-14
d  1.3825130573e-02 2.3224099407e+00 -2.0000000000e-01 7.5127734074e-01 3.0000000000e+02 -7.9008547594e-08 -8.1012453108e-13 7.5127734123e-08 7.9008546190e-08 -3.8817000828e-09 8.1014426998e-13 -7.5127732929e-08 7.6682586878e-14
d  1.3825317109e-02 2.3222793660e+00 -2.0000000000e-01 7.5127529681e-01 3.0000000000e+02 -7.8710932002e-08 -8.9822931467e-13 7.5127529695e-08 7.8710931438e-08 -3.5843812372e-09 8.9824921265e-13 -7.5127529413e-08 8.0953837786e-14
d  1.3825540951e-02 2.3221226763e+00 -2.0000000000e-01 7.5127756516e-01 3.0000000000e+02 -7.8342865391e-08 -1.0194584602e-12 7.5127756593e-08 7.8342863368e-08 -3.2162151472e-09 1.0194779439e-12 -7.5127754752e-08 8.7045816647e-14
d  1.3825675257e-02 2.3220286624e+00 -2.0000000000e-01 7.5128055613e-01 3.0000000000e+02 -7.8118394010e-08 -1.1007486134e-12 7.5128055426e-08 7.8118398049e-08 -2.9915304222e-09 1.1007703783e-12 -7.5128060050e-08 9.1569633645e-14
d  1.3825836423e-02 2.3219158458e+00 -2.0000000000e-01 7.5128497915e-01 3.0000000000e+02 -7.7847524586e-08 -1.2052105666e-12 7.5128497810e-08 7.7847526772e-08 -2.7203291821e-09 1.2052315015e-12 -7.5128500456e-08 9.7531448264e-14
d  1.3826029823e-02 2.3217804659e+00 -2.0000000000e-01 7.5128984581e-01 3.0000000000e+02 -7.7524419535e-08 -1.3380054859e-12 7.5128984575e-08 7.7524419435e-08 -2.3968783865e-09 1.3380255287e-12 -7.5128984791e-08 1.0561480132e-13
d  1.3826261903e-02 2.3216180100e+00 -2.0000000000e-01 7.5129130809e-01 3.0000000000e+02 -7.7148812982e-08 -1.4988303265e-12 7.5129130762e-08 7.7148813833e-08 -2.0212970261e-09 1.4988506179e-12 -7.5129131984e-08 1.1635339443e-13
d  1.3826540399e-02 2.3214230630e+00 -2.0000000000e-01 7.5127949245e-01 3.0000000000e+02 -7.6733595450e-08 -1.6683635142e-12 7.5127949236e-08 7.6733595423e-08 -1.6074437604e-09 1.6683835598e-12 -7.5127949528e-08 1.2935268934e-13
d  1.3826874594e-02 2.3211891265e+00 -2.0000000000e-01 7.5123526426e-01 3.0000000000e+02 -7.6312393576e-08 -1.7924122830e-12 7.5123526401e-08 7.6312393929e-08 -1.1908011992e-09 1.7924323875e-12 -7.5123527091e-08 1.4193940133e-13
d  1.3827275628e-02 2.3209084027e+00 -2.0000000000e-01 7.5113285047e-01 3.0000000000e+02 -7.5932550653e-08 -1.7980541936e-12 7.5113285042e-08 7.5932550524e-08 -8.2121239747e-10 1.7980742082e-12 -7.5113285225e-08 1.4898874950e-13
d  1.3827756869e-02 2.3205715341e+00 -2.0000000000e-01 7.5095062256e-01 3.0000000000e+02 -7.5627533528e-08 -1.6730042287e-12 7.5095062253e-08 7.5627533357e-08 -5.3429158535e-10 1.6730242356e-12 -7.5095062392e-08 1.4760166945e-13
d  1.3828334358e-02 2.3201672919e+00 -2.0000000000e-01 7.5067728613e-01 3.0000000000e+02 -7.5400303659e-08 -1.4762157536e-12 7.5067728600e-08 7.5400303712e-08 -3.3419091104e-10 1.4762357796e-12 -7.5067728973e-08 1.3993557832e-13
d  1.3829027345e-02 2.3196822012e+00 -2.0000000000e-01 7.5030735625e-01 3.0000000000e+02 -7.5233797494e-08 -1.2630726072e-12 7.5030735623e-08 7.5233797307e-08 -2.0445418982e-10 1.2630926106e-12 -7.5030735745e-08 1.2952732289e-13
d  1.3829858929e-02 2.3191000924e+00 -2.0000000000e-01 7.4983481609e-01 3.0000000000e+02 -7.5106316756e-08 -1.0619438371e-12 7.4983481596e-08 7.5106316824e-08 -1.2401554753e-10 1.0619638555e-12 -7.4983481985e-08 1.1874497990e-13
d  1.3830856831e-02 2.3184015618e+00 -2.0000000000e-01 7.4924961963e-01 3.0000000000e+02 -7.4999260424e-08 -8.8570127982e-13 7.4924961959e-08 7.4999260271e-08 -7.5292739245e-11 8.8572128381e-13 -7.4924962117e-08 1.0885360048e-13
d  1.3832052171e-02 2.3175648236e+00 -2.0000000000e-01 7.4853766838e-01 3.0000000000e+02 -7.4899002433e-08 -7.3747562344e-13 7.4853766837e-08 7.4899002230e-08 -4.6073107018e-11 7.3749562465e-13 -7.4853766942e-08 1.0032278915e-13
d  1.3833486580e-02 2.3165607377e+00 -2.0000000000e-01 7.4767688656e-01 3.0000000000e+02 -7.4795464836e-08 -6.1578604626e-13 7.4767688654e-08 7.4795464644e-08 -2.8484890943e-11 6.1580604763e-13 -7.4767688770e-08 9.3211196769e-14
d  1.3835207870e-02 2.3153558347e+00 -2.0000000000e-01 7.4664028244e-01 3.0000000000e+02 -7.4681251004e-08 -5.1672740117e-13 7.4664028243e-08 7.4681250797e-08 -1.7826566136e-11 5.1674740187e-13 -7.4664028343e-08 8.7359584165e-14
d  1.3837273419e-02 2.3139099511e+00 -2.0000000000e-01 7.4539440005e-01 3.0000000000e+02 -7.4550230490e-08 -4.3599718005e-13 7.4539440005e-08 7.4550230270e-08 -1.1308745754e-11 4.3601718031e-13 -7.4539440090e-08 8.2549310147e-14
d  1.3839752077e-02 2.3121748908e+00 -2.0000000000e-01 7.4389848387e-01 3.0000000000e+02 -7.4396681000e-08 -3.7019801750e-13 7.4389848387e-08 7.4396680768e-08 -7.2811248443e-12 3.7021801749e-13 -7.4389848461e-08 7.8598623010e-14
d  1.3842726467e-02 2.3100928184e+00 -2.0000000000e-01 7.4210330801e-01 3.0000000000e+02 -7.4214699688e-08 -3.1702974249e-13 7.4210330801e-08 7.4214699450e-08 -4.7610156923e-12 3.1704974236e-13 -7.4210330868e-08 7.5383440189e-14
d  1.3846295735e-02 2.3075943315e+00 -2.0000000000e-01 7.3994966704e-01 3.0000000000e+02 -7.3997781943e-08 -2.7427879867e-13 7.3994966693e-08 7.3997781973e-08 -3.1620137227e-12 2.7429880228e-13 -7.3994967038e-08 7.2779750104e-14
d  1.3850578857e-02 2.3045961473e+00 -2.0000000000e-01 7.3736652795e-01 3.0000000000e+02 -7.3738474350e-08 -2.4005258766e-13 7.3736652782e-08 7.3738474421e-08 -2.1320026929e-12 2.4007259114e-13 -7.3736653171e-08 7.0679276094e-14
d  1.3855718603e-02 2.3009983262e+00 -2.0000000000e-01 7.3426875640e-01 3.0000000000e+02 -7.3428052563e-08 -2.1265074705e-13 7.3426875621e-08 7.3428052770e-08 -1.4582739779e-12 2.1267075126e-13 -7.3426876150e-08 6.8983324667e-14
d  1.3861886298e-02 2.2966809409e+00 -2.0000000000e-01 7.3055442993e-01 3.0000000000e+02 -7.3056196033e-08 -1.9065362959e-13 7.3055442966e-08 7.3056196451e-08 -1.0110187086e-12 1.9067363481e-13 -7.3055443714e-08 6.7608017369e-14
d  1.3869287532e-02 2.2915000785e+00 -2.0000000000e-01 7.2610164770e-01 3.0000000000e+02 -7.2610635339e-08 -1.7298576683e-13 7.2610164742e-08 7.2610635752e-08 -7.0976285195e-13 1.7300577115e-13 -7.2610165484e-08 6.6489151025e-14
d  1.3878169013e-02 2.2852830436e+00 -2.0000000000e-01 7.2076473667e-01 3.0000000000e+02 -7.2076753569e-08 -1.5878001180e-13 7.2076473665e-08 7.2076753380e-08 -5.0397620233e-13 1.5880001201e-13 -7.2076473778e-08 6.5574396135e-14
d  1.3888826790e-02 2.2778226018e+00 -2.0000000000e-01 7.1436980568e-01 3.0000000000e+02 -7.1437130215e-08 -1.4732968162e-13 7.1436980528e-08 7.1437130887e-08 -3.6151845652e-13 1.4734968586e-13 -7.1436981540e-08 6.4820300468e-14
d  1.3901616122e-02 2.2688700716e+00 -2.0000000000e-01 7.0670953021e-01 3.0000000000e+02 -7.0671012664e-08 -1.3808079797e-13 7.0670953018e-08 7.0671012497e-08 -2.6163800273e-13 1.3810079821e-13 -7.0670953151e-08 6.4192118445e-14
d  1.3916963321e-02 2.2581270354e+00 -2.0000000000e-01 6.9753708823e-01 3.0000000000e+02 -6.9753705626e-08 -1.3057943846e-13 6.9753708823e-08 6.9753705404e-08 -1.9076700688e-13 1.3059943848e-13 -6.9753708898e-08 6.3660629427e-14
d  1.3926171640e-02 2.2516812137e+00 -2.0000000000e-01 6.9204418170e-01 3.0000000000e+02 -6.9204390200e-08 -1.2726171167e-13 6.9204418144e-08 6.9204390541e-08 -1.6243181285e-13 1.2728171450e-13 -6.9204418805e-08 6.3413626748e-14
d  1.3937221624e-02 2.2439462276e+00 -2.0000000000e-01 6.8546331886e-01 3.0000000000e+02 -6.8546281677e-08 -1.2404246380e-13 6.8546331886e-08 6.8546281454e-08 -1.3672578112e-13 1.2406246380e-13 -6.8546331956e-08 6.3165470296e-14
d  1.3950481604e-02 2.2346642443e+00 -2.0000000000e-01 6.7758172641e-01 3.0000000000e+02 -6.7758102765e-08 -1.2094515516e-13 6.7758172636e-08 6.7758102645e-08 -1.1371339381e-13 1.2096515557e-13 -6.7758172812e-08 6.2915496758e-14
d  1.3958437592e-02 2.2290950543e+00 -2.0000000000e-01 6.7286094831e-01 3.0000000000e+02 -6.7286015743e-08 -1.1938681677e-13 6.7286094813e-08 6.7286015925e-08 -1.0281360342e-13 1.1940681919e-13 -6.7286095304e-08 6.2783533675e-14
d  1.3967984777e-02 2.2224120263e+00 -2.0000000000e-01 6.6720420989e-01 3.0000000000e+02 -6.6720332702e-08 -1.1775080714e-13 6.6720420966e-08 6.6720332965e-08 -9.1834429726e-14 1.1777080987e-13 -6.6720421540e-08 6.2639773684e-14
d  1.3979441400e-02 2.2143923928e+00 -2.0000000000e-01 6.6042805795e-01 3.0000000000e+02 -6.6042708501e-08 -1.1604493784e-13 6.6042805794e-08 6.6042708286e-08 -8.0966614147e-14 1.1606493787e-13 -6.6042805867e-08 6.2482961821e-14
d  1.3986315373e-02 2.2095806126e+00 -2.0000000000e-01 6.5636868307e-01 3.0000000000e+02 -6.5636766451e-08 -1.1513257635e-13 6.5636867923e-08 6.5636774319e-08 -7.5406295040e-14 1.1515263371e-13 -6.5636876462e-08 6.2395389243e-14
d  1.3994564142e-02 2.2038064765e+00 -2.0000000000e-01 6.5150372365e-01 3.0000000000e+02 -6.5150265703e-08 -1.1413442568e-13 6.5150372349e-08 6.5150265822e-08 -6.9502903524e-14 1.1415442794e-13 -6.5150372769e-08 6.2296357276e-14
d  1.4004462664e-02 2.1968775131e+00 -2.0000000000e-01 6.4567493389e-01 3.0000000000e+02 -6.4567381754e-08 -1.1304709511e-13 6.4567493386e-08 6.4567381587e-08 -6.3332680061e-14 1.1306709540e-13 -6.4567493505e-08 6.2184061439e-14
d  1.4010401777e-02 2.1927201350e+00 -2.0000000000e-01 6.4218251109e-01 3.0000000000e+02 -6.4218136843e-08 -1.1244500851e-13 6.4218250763e-08 6.4218143776e-08 -6.0035404591e-14 1.1246506848e-13 -6.4218258326e-08 6.2119409736e-14
d  1.4017528713e-02 2.1877312814e+00 -2.0000000000e-01 6.3799646678e-01 3.0000000000e+02 -6.3799529551e-08 -1.1176777209e-13 6.3799646329e-08 6.3799536500e-08 -5.6422507408e-14 1.1178782861e-13 -6.3799653910e-08 6.2044360066e-14
d  1.4026081036e-02 2.1817446570e+00 -2.0000000000e-01 6.3298024223e-01 3.0000000000e+02 -6.3297904029e-08 -1.1101205207e-13 6.3298023837e-08 6.3297911687e-08 -5.2515125354e-14 1.1103210395e-13 -6.3298032163e-08 6.1957984681e-14
d  1.4036343823e-02 2.1745607077e+00 -2.0000000000e-01 6.2697099021e-01 3.0000000000e+02 -6.2696975599e-08 -1.1017560691e-13 6.2697099021e-08 6.2696975385e-08 -4.8351427637e-14 1.1019560693e-13 -6.2697099087e-08 6.1858181940e-14
d  1.4042501496e-02 2.1702503382e+00 -2.0000000000e-01 6.2337084020e-01 3.0000000000e+02 -6.2336958864e-08 -1.0970610026e-13 6.2337083709e-08 6.2336964910e-08 -4.6091208512e-14 1.0972615213e-13 -6.2337090345e-08 6.1800034613e-14
d  1.4049890703e-02 2.1650778947e+00 -2.0000000000e-01 6.1905605477e-01 3.0000000000e+02 -6.1905478417e-08 -1.0917164803e-13 6.1905605159e-08 6.1905484549e-08 -4.3585634163e-14 1.0919169749e-13 -6.1905611887e-08 6.1731822571e-14
d  1.4058757751e-02 2.1588709626e+00 -2.0000000000e-01 6.1388612959e-01 3.0000000000e+02 -6.1388483837e-08 -1.0856786514e-13 6.1388612592e-08 6.1388490920e-08 -4.0840780895e-14 1.0858791265e-13 -6.1388620320e-08 6.1652208859e-14
d  1.4064077980e-02 2.1551468033e+00 -2.0000000000e-01 6.1078829415e-01 3.0000000000e+02 -6.1078699160e-08 -1.0822309358e-13 6.1078829171e-08 6.1078703769e-08 -3.9316249966e-14 1.0824314074e-13 -6.1078834301e-08 6.1605285346e-14
d  1.4070462255e-02 2.1506778121e+00 -2.0000000000e-01 6.0707501512e-01 3.0000000000e+02 -6.0707369990e-08 -1.0782468449e-13 6.0707501230e-08 6.0707375326e-08 -3.7596498673e-14 1.0784473550e-13 -6.0707507124e-08 6.1549692417e-14
d  1.4078123385e-02 2.1453150227e+00 -2.0000000000e-01 6.0262506120e-01 3.0000000000e+02 -6.0262373199e-08 -1.0736770829e-13 6.0262505826e-08 6.0262378740e-08 -3.5675478948e-14 1.0738775246e-13 -6.0262511936e-08 6.1484075334e-14
d  1.4087316741e-02 2.1388796755e+00 -2.0000000000e-01 5.9729380491e-01 3.0000000000e+02 -5.9729246037e-08 -1.0684997864e-13 5.9729380117e-08 5.9729253075e-08 -3.3548959277e-14 1.0687002516e-13 -5.9729387803e-08 6.1406884577e-14
d  1.4092832754e-02 2.1350184671e+00 -2.0000000000e-01 5.9409965174e-01 3.0000000000e+02 -5.9409829888e-08 -1.0654820605e-13 5.9409964927e-08 5.9409834436e-08 -3.2367005625e-14 1.0656825193e-13 -5.9409969996e-08 6.1360646971e-14
d  1.4099451970e-02 2.1303850171e+00 -2.0000000000e-01 5.9027124245e-01 3.0000000000e+02 -5.9026988016e-08 -1.0619685726e-13 5.9027123988e-08 5.9026992734e-08 -3.1021842233e-14 1.0621690194e-13 -5.9027129236e-08 6.1305988109e-14
d  1.4107395030e-02 2.1248248770e+00 -2.0000000000e-01 5.8568378632e-01 3.0000000000e+02 -5.8568241357e-08 -1.0579569999e-13 5.8568378359e-08 5.8568246363e-08 -2.9510314047e-14 1.0581573949e-13 -5.8568383910e-08 6.1241350785e-14
d  1.4116926701e-02 2.1181527090e+00 -2.0000000000e-01 5.8018849487e-01 3.0000000000e+02 -5.8018711068e-08 -1.0533330249e-13 5.8018849481e-08 5.8018710953e-08 -2.7829843446e-14 1.0535330310e-13 -5.8018849641e-08 6.1164403062e-14
d  1.4122645704e-02 2.1141494082e+00 -2.0000000000e-01 5.7689643124e-01 3.0000000000e+02 -5.7689504075e-08 -1.0506382432e-13 5.7689642893e-08 5.7689508211e-08 -2.6885112638e-14 1.0508386566e-13 -5.7689647529e-08 6.1118350439e-14
d  1.4129508507e-02 2.1093454472e+00 -2.0000000000e-01 5.7295104082e-01 3.0000000000e+02 -5.7294964323e-08 -1.0475328546e-13 5.7295103849e-08 5.7294968484e-08 -2.5808926639e-14 1.0477332455e-13 -5.7295108511e-08 6.1063874961e-14
d  1.4137743871e-02 2.1035806940e+00 -2.0000000000e-01 5.6822394012e-01 3.0000000000e+02 -5.6822253463e-08 -1.0439063836e-13 5.6822393753e-08 5.6822258047e-08 -2.4593710277e-14 1.0441067418e-13 -5.6822398863e-08 6.0998926549e-14
d  1.4147626308e-02 2.0966629902e+00 -2.0000000000e-01 5.6256212524e-01 3.0000000000e+02 -5.6256071106e-08 -1.0397406747e-13 5.6256212512e-08 5.6256071125e-08 -2.3231678274e-14 1.0399406891e-13 -5.6256212809e-08 6.0921613995e-14
d  1.4153555770e-02 2.0925123679e+00 -2.0000000000e-01 5.5917068875e-01 3.0000000000e+02 -5.5916926984e-08 -1.0372596532e-13 5.5917068666e-08 5.5916930604e-08 -2.2466984115e-14 1.0374600129e-13 -5.5917072760e-08 6.0875039957e-14
d  1.4160671125e-02 2.0875316211e+00 -2.0000000000e-01 5.5510660468e-01 3.0000000000e+02 -5.5510518040e-08 -1.0344219716e-13 5.5510660255e-08 5.5510521721e-08 -2.1589237053e-14 1.0346223154e-13 -5.5510664414e-08 6.0819803249e-14
d  1.4169209550e-02 2.0815547250e+00 -2.0000000000e-01 5.5023788580e-01 3.0000000000e+02 -5.5023645555e-08 -1.0310847749e-13 5.5023788326e-08 5.5023649942e-08 -2.0593720221e-14 1.0312851144e-13 -5.5023793230e-08 6.0753670880e-14
d  1.4174332606e-02 2.0779685874e+00 -2.0000000000e-01 5.4732097160e-01 3.0000000000e+02 -5.4731953801e-08 -1.0291204396e-13 5.4732097005e-08 5.4731956376e-08 -2.0024685614e-14 1.0293207484e-13 -5.4732099998e-08 6.0713910401e-14
d  1.4180480272e-02 2.0736652222e+00 -2.0000000000e-01 5.4382497584e-01 3.0000000000e+02 -5.4382353845e-08 -1.0268258210e-13 5.4382497392e-08 5.4382357065e-08 -1.9367771521e-14 1.0270261786e-13 -5.4382501066e-08 6.0666549381e-14
d  1.4187857471e-02 2.0685011839e+00 -2.0000000000e-01 5.3963600967e-01 3.0000000000e+02 -5.3963456801e-08 -1.0241196715e-13 5.3963600767e-08 5.3963460137e-08 -1.8614698071e-14 1.0243199802e-13 -5.3963604564e-08 6.0609770403e-14
d  1.4196710111e-02 2.0623043380e+00 -2.0000000000e-01 5.3461833084e-01 3.0000000000e+02 -5.3461688446e-08 -1.0209412287e-13 5.3461833081e-08 5.3461688284e-08 -1.7758163041e-14 1.0211412319e-13 -5.3461833181e-08 6.0541337261e-14
d  1.4202021695e-02 2.0585862305e+00 -2.0000000000e-01 5.3161250181e-01 3.0000000000e+02 -5.3161105279e-08 -1.0190737121e-13 5.3161250021e-08 5.3161107882e-08 -1.7267060604e-14 1.0192740195e-13 -5.3161253043e-08 6.0500461211e-14
d  1.4208395595e-02 2.0541245015e+00 -2.0000000000e-01 5.2801026849e-01 3.0000000000e+02 -5.2800881648e-08 -1.0168743084e-13 5.2801026673e-08 5.2800884508e-08 -1.6699177078e-14 1.0170746240e-13 -5.2801029968e-08 6.0451420361e-14
d  1.4216044276e-02 2.0487704266e+00 -2.0000000000e-01 5.2369448462e-01 3.0000000000e+02 -5.2369302925e-08 -1.0142808299e-13 5.2369448275e-08 5.2369305962e-08 -1.6046592890e-14 1.0144811087e-13 -5.2369451756e-08 6.0392667949e-14
d  1.4225222692e-02 2.0423455368e+00 -2.0000000000e-01 5.1852551935e-01 3.0000000000e+02 -5.1852406027e-08 -1.0112425501e-13 5.1852551931e-08 5.1852405898e-08 -1.5302033961e-14 1.0114425555e-13 -5.1852552063e-08 6.0322404931e-14
d  1.4230729742e-02 2.0384906029e+00 -2.0000000000e-01 5.1542939564e-01 3.0000000000e+02 -5.1542793448e-08 -1.0094347162e-13 5.1542939405e-08 5.1542795952e-08 -1.4874306135e-14 1.0096350088e-13 -5.1542942323e-08 6.0280095040e-14
d  1.4237338202e-02 2.0338646823e+00 -2.0000000000e-01 5.1171930864e-01 3.0000000000e+02 -5.1171784516e-08 -1.0073253979e-13 5.1171930701e-08 5.1171787072e-08 -1.4378729854e-14 1.0075256786e-13 -5.1171933675e-08 6.0229235773e-14
d  1.4245268354e-02 2.0283135775e+00 -2.0000000000e-01 5.0727483094e-01 3.0000000000e+02 -5.0727336486e-08 -1.0048105224e-13 5.0727482911e-08 5.0727339366e-08 -1.3808027298e-14 1.0050107845e-13 -5.0727486227e-08 6.0168128299e-14
d  1.4254784536e-02 2.0216522517e+00 -2.0000000000e-01 5.0195254030e-01 3.0000000000e+02 -5.0195107138e-08 -1.0018471378e-13 5.0195254028e-08 5.0195106973e-08 -1.3155448786e-14 1.0020471405e-13 -5.0195254117e-08 6.0094560690e-14
d  1.4260494246e-02 2.0176554563e+00 -2.0000000000e-01 4.9876501498e-01 3.0000000000e+02 -4.9876354449e-08 -1.0000955092e-13 4.9876501352e-08 4.9876356662e-08 -1.2779653089e-14 1.0002957673e-13 -4.9876503962e-08 6.0050273165e-14
d  1.4267345897e-02 2.0128593017e+00 -2.0000000000e-01 4.9494580717e-01 3.0000000000e+02 -4.9494433492e-08 -9.9802531519e-14 4.9494580568e-08 4.9494435739e-08 -1.2343453767e-14 9.9822556166e-14 -4.9494583216e-08 5.9997214730e-14
d  1.4275567879e-02 2.0071039163e+00 -2.0000000000e-01 4.9037121781e-01 3.0000000000e+02 -4.9036974361e-08 -9.9556698047e-14 4.9037121780e-08 4.9036974171e-08 -1.1840164838e-14 9.9576698142e-14 -4.9037121841e-08 5.9933221123e-14
d  1.4280501068e-02 2.0036506850e+00 -2.0000000000e-01 4.8763092360e-01 3.0000000000e+02 -4.8762944832e-08 -9.9410752205e-14 4.8763092259e-08 4.8762946279e-08 -1.1548105316e-14 9.9430773024e-14 -4.8763094057e-08 5.9894706688e-14
d  1.4285710000e-02 2.0000044333e+00 -2.0000000000e-01 4.8474110217e-01 3.0000000000e+02 -4.8473962581e-08 -9.9258511927e-14 4.8474110098e-08 4.8473964306e-08 -1.1247430169e-14 9.9278537423e-14 -4.8474112191e-08 5.9854118043e-14
d  1.4291960719e-02 1.9956289313e+00 -2.0000000000e-01 4.8127830791e-01 3.0000000000e+02 -4.8127683034e-08 -9.9076511116e-14 4.8127830659e-08 4.8127684965e-08 -1.0896811366e-14 9.9096535187e-14 -4.8127832970e-08 5.9804984265e-14
d  1.4299461582e-02 1.9903783289e+00 -2.0000000000e-01 4.7713014204e-01 3.0000000000e+02 -4.7712866312e-08 -9.8862224519e-14 4.7713014056e-08 4.7712868474e-08 -1.0489484430e-14 9.8882246822e-14 -4.7713016614e-08 5.9746480373e-14
d  1.4308462617e-02 1.9840776060e+00 -2.0000000000e-01 4.7216276160e-01 3.0000000000e+02 -4.7216128122e-08 -9.8607615314e-14 4.7216276157e-08 4.7216127985e-08 -1.0019570254e-14 9.8627615797e-14 -4.7216276269e-08 5.9675902143e-14
d  1.4313863238e-02 1.9802971722e+00 -2.0000000000e-01 4.6918782869e-01 3.0000000000e+02 -4.6918634751e-08 -9.8456015542e-14 4.6918782751e-08 4.6918636406e-08 -9.7469033647e-15 9.8476037548e-14 -4.6918784769e-08 5.9633311158e-14
d  1.4320343984e-02 1.9757606517e+00 -2.0000000000e-01 4.6562337635e-01 3.0000000000e+02 -4.6562189428e-08 -9.8277064928e-14 4.6562337513e-08 4.6562191134e-08 -9.4283386671e-15 9.8297086209e-14 -4.6562339585e-08 5.9582300773e-14
d  1.4328120878e-02 1.9703168271e+00 -2.0000000000e-01 4.6135396561e-01 3.0000000000e+02 -4.6135248259e-08 -9.8063152352e-14 4.6135396561e-08 4.6135248065e-08 -9.0581201049e-15 9.8083152380e-14 -4.6135396610e-08 5.9520737834e-14
d  1.4337453151e-02 1.9637842376e+00 -2.0000000000e-01 4.5624217622e-01 3.0000000000e+02 -4.5624069218e-08 -9.7809647599e-14 4.5624217622e-08 4.5624069028e-08 -8.6300962496e-15 9.7829647654e-14 -4.5624217675e-08 5.9446679361e-14
d  1.4343052515e-02 1.9598646839e+00 -2.0000000000e-01 4.5318116427e-01 3.0000000000e+02 -4.5317967969e-08 -9.7658796302e-14 4.5318116318e-08 4.5317969438e-08 -8.3813555639e-15 9.7678815893e-14 -4.5318118137e-08 5.9402016140e-14
d  1.4349771752e-02 1.9551612194e+00 -2.0000000000e-01 4.4951401391e-01 3.0000000000e+02 -4.4951252876e-08 -9.7478503115e-14 4.4951401277e-08 4.4951254401e-08 -8.0906346882e-15 9.7498522179e-14 -4.4951403157e-08 5.9348030444e-14
d  1.4357834836e-02 1.9495170621e+00 -2.0000000000e-01 4.4512221871e-01 3.0000000000e+02 -4.4512073295e-08 -9.7264274840e-14 4.4512221870e-08 4.4512073109e-08 -7.7521958323e-15 9.7284274923e-14 -4.4512221924e-08 5.9283170032e-14
d  1.4367510538e-02 1.9427440733e+00 -2.0000000000e-01 4.3986478775e-01 3.0000000000e+02 -4.3986330138e-08 -9.7010291784e-14 4.3986478774e-08 4.3986329963e-08 -7.3602399669e-15 9.7030291929e-14 -4.3986478838e-08 5.9205200675e-14
d  1.4373315958e-02 1.9386802800e+00 -2.0000000000e-01 4.3671702109e-01 3.0000000000e+02 -4.3671553441e-08 -9.6859291273e-14 4.3671702010e-08 4.3671554717e-08 -7.1320979955e-15 9.6879308422e-14 -4.3671703622e-08 5.9158285477e-14
d  1.4380282463e-02 1.9338037281e+00 -2.0000000000e-01 4.3294636713e-01 3.0000000000e+02 -4.3294488014e-08 -9.6679460225e-14 4.3294636712e-08 4.3294487843e-08 -6.8650491097e-15 9.6699460474e-14 -4.3294636779e-08 5.9101808086e-14
d  1.4388642269e-02 1.9279518657e+00 -2.0000000000e-01 4.2843126233e-01 3.0000000000e+02 -4.2842977504e-08 -9.6464552631e-14 4.2843126231e-08 4.2842977328e-08 -6.5538553490e-15 9.6484552783e-14 -4.2843126292e-08 5.9033622305e-14
d  1.4393658152e-02 1.9244407483e+00 -2.0000000000e-01 4.2572728943e-01 3.0000000000e+02 -4.2572580201e-08 -9.6336737896e-14 4.2572728865e-08 4.2572581143e-08 -6.3716950684e-15 9.6356753581e-14 -4.2572730121e-08 5.8992636122e-14
d  1.4399677212e-02 1.9202274075e+00 -2.0000000000e-01 4.2248758764e-01 3.0000000000e+02 -4.2248610008e-08 -9.6184248955e-14 4.2248758669e-08 4.2248611187e-08 -6.1574931044e-15 9.6204266783e-14 -4.2248760177e-08 5.8943329323e-14
d  1.4406900084e-02 1.9151713984e+00 -2.0000000000e-01 4.1860729112e-01 3.0000000000e+02 -4.1860580334e-08 -9.6007127216e-14 4.1860729097e-08 4.1860580347e-08 -5.9002794511e-15 9.6027129442e-14 -4.1860729358e-08 5.8884172725e-14
d  1.4415567531e-02 1.9091041875e+00 -2.0000000000e-01 4.1396160443e-01 3.0000000000e+02 -4.1396011673e-08 -9.5783253957e-14 4.1396160441e-08 4.1396011512e-08 -5.6137755336e-15 9.5803254232e-14 -4.1396160514e-08 5.8811917530e-14
d  1.4420767999e-02 1.9054638610e+00 -2.0000000000e-01 4.1117979102e-01 3.0000000000e+02 -4.1117830332e-08 -9.5654774810e-14 4.1117979021e-08 4.1117831278e-08 -5.4422228337e-15 9.5674790363e-14 -4.1117980279e-08 5.8768923294e-14
d  1.4427008560e-02 1.9010954692e+00 -2.0000000000e-01 4.0784718366e-01 3.0000000000e+02 -4.0784569600e-08 -9.5500382025e-14 4.0784718366e-08 4.0784569418e-08 -5.2404160255e-15 9.5520382120e-14 -4.0784718415e-08 5.8717076847e-14
d  1.4434497234e-02 1.8958533990e+00 -2.0000000000e-01 4.0385611352e-01 3.0000000000e+02 -4.0385462595e-08 -9.5316160533e-14 4.0385611352e-08 4.0385462406e-08 -5.0037485562e-15 9.5336160545e-14 -4.0385611394e-08 5.8654707339e-14
d  1.4443483643e-02 1.8895629148e+00 -2.0000000000e-01 3.9907847433e-01 3.0000000000e+02 -3.9907698692e-08 -9.5097349406e-14 3.9907847430e-08 3.9907698549e-08 -4.7272025786e-15 9.5117349813e-14 -3.9907847518e-08 5.8579800408e-14
d  1.4448875488e-02 1.8857886242e+00 -2.0000000000e-01 3.9621802224e-01 3.0000000000e+02 -3.9621653496e-08 -9.4966475916e-14 3.9621802139e-08 3.9621654466e-08 -4.5648938378e-15 9.4986491648e-14 -3.9621803422e-08 5.8534566198e-14
d  1.4455345702e-02 1.8812594756e+00 -2.0000000000e-01 3.9279160145e-01 3.0000000000e+02 -3.9279011437e-08 -9.4810129526e-14 3.9279160138e-08 3.9279011353e-08 -4.3740016700e-15 9.4830130855e-14 -3.9279160288e-08 5.8479961363e-14
d  1.4463109959e-02 1.8758244972e+00 -2.0000000000e-01 3.8868876366e-01 3.0000000000e+02 -3.8868727686e-08 -9.4622310032e-14 3.8868876366e-08 3.8868727501e-08 -4.1505220526e-15 9.4642310059e-14 -3.8868876407e-08 5.8414193287e-14
d  1.4472427067e-02 1.8693025232e+00 -2.0000000000e-01 3.8377821389e-01 3.0000000000e+02 -3.8377672749e-08 -9.4399378646e-14 3.8377821389e-08 3.8377672564e-08 -3.8887912497e-15 9.4419378661e-14 -3.8377821429e-08 5.8334930815e-14
d  1.4478017332e-02 1.8653893387e+00 -2.0000000000e-01 3.8083863757e-01 3.0000000000e+02 -3.8083715143e-08 -9.4266503659e-14 3.8083863755e-08 3.8083714978e-08 -3.7351827126e-15 9.4286503954e-14 -3.8083863817e-08 5.8287298156e-14
d  1.4484725651e-02 1.8606935174e+00 -2.0000000000e-01 3.7731790237e-01 3.0000000000e+02 -3.7731641658e-08 -9.4107340474e-14 3.7731790228e-08 3.7731641592e-08 -3.5533754071e-15 9.4127342009e-14 -3.7731790396e-08 5.8229577440e-14
d  1.4492775632e-02 1.8550585319e+00 -2.0000000000e-01 3.7310274122e-01 3.0000000000e+02 -3.7310125588e-08 -9.3917247872e-14 3.7310274122e-08 3.7310125407e-08 -3.3416453504e-15 9.3937247918e-14 -3.7310274164e-08 5.8160674667e-14
d  1.4502435610e-02 1.8482965492e+00 -2.0000000000e-01 3.6805859970e-01 3.0000000000e+02 -3.6805711493e-08 -9.3692912632e-14 3.6805859964e-08 3.6805711385e-08 -3.0921437763e-15 9.3712913320e-14 -3.6805860083e-08 5.8077826576e-14
d  1.4508231597e-02 1.8442393596e+00 -2.0000000000e-01 3.6503950700e-01 3.0000000000e+02 -3.6503802261e-08 -9.3557996659e-14 3.6503950692e-08 3.6503802170e-08 -2.9461446264e-15 9.3577997924e-14 -3.6503950830e-08 5.8027798737e-14
d  1.4515186781e-02 1.8393707320e+00 -2.0000000000e-01 3.6142393215e-01 3.0000000000e+02 -3.6142244820e-08 -9.3399203371e-14 3.6142393204e-08 3.6142244763e-08 -2.7723811202e-15 9.3419204991e-14 -3.6142393378e-08 5.7967978097e-14
d  1.4523533002e-02 1.8335283790e+00 -2.0000000000e-01 3.5709580342e-01 3.0000000000e+02 -3.5709432007e-08 -9.3207993803e-14 3.5709580341e-08 3.5709431831e-08 -2.5710220907e-15 9.3227993883e-14 -3.5709580385e-08 5.7896225706e-14
d  1.4528540735e-02 1.8300229671e+00 -2.0000000000e-01 3.5450443659e-01 3.0000000000e+02 -3.5450295359e-08 -9.3096555362e-14 3.5450443656e-08 3.5450295211e-08 -2.4511347451e-15 9.3116555919e-14 -3.5450443730e-08 5.7853608697e-14
d  1.4534550014e-02 1.8258164730e+00 -2.0000000000e-01 3.5140005893e-01 3.0000000000e+02 -3.5139857624e-08 -9.2970205557e-14 3.5140005888e-08 3.5139857505e-08 -2.3081462702e-15 9.2990206505e-14 -3.5140005992e-08 5.7804964817e-14
d  1.4541761149e-02 1.8207686799e+00 -2.0000000000e-01 3.4768253181e-01 3.0000000000e+02 -3.4768104956e-08 -9.2815156594e-14 3.4768253169e-08 3.4768104911e-08 -2.1376962371e-15 9.2835158326e-14 -3.4768253353e-08 5.7744226848e-14
d  1.4550414511e-02 1.8147113283e+00 -2.0000000000e-01 3.4323316600e-01 3.0000000000e+02 -3.4323168461e-08 -9.2613070760e-14 3.4323316599e-08 3.4323168293e-08 -1.9448573230e-15 9.2633070901e-14 -3.4323316648e-08 5.7666576789e-14
d  1.4555606528e-02 1.8110769173e+00 -2.0000000000e-01 3.4056971719e-01 3.0000000000e+02 -3.4056823628e-08 -9.2495253288e-14 3.4056971715e-08 3.4056823499e-08 -1.8293699023e-15 9.2515254113e-14 -3.4056971805e-08 5.7620231198e-14
d  1.4561836949e-02 1.8067156241e+00 -2.0000000000e-01 3.3737974222e-01 3.0000000000e+02 -3.3737826191e-08 -9.2353586044e-14 3.3737974217e-08 3.3737826079e-08 -1.6927091389e-15 9.2373587060e-14 -3.3737974324e-08 5.7564390608e-14
d  1.4569313453e-02 1.8014820723e+00 -2.0000000000e-01 3.3356114806e-01 3.0000000000e+02 -3.3355966861e-08 -9.2174500279e-14 3.3356114793e-08 3.3355966825e-08 -1.5291129074e-15 9.2194502085e-14 -3.3356114983e-08 5.7492504822e-14
d  1.4578285259e-02 1.7952018101e+00 -2.0000000000e-01 3.2899289351e-01 3.0000000000e+02 -3.2899141544e-08 -9.1943947826e-14 3.2899289349e-08 3.2899141385e-08 -1.3476515469e-15 9.1963948049e-14 -3.2899289405e-08 5.7402623033e-14
d  1.4583668342e-02 1.7914336528e+00 -2.0000000000e-01 3.2625881383e-01 3.0000000000e+02 -3.2625733622e-08 -9.1831039173e-14 3.2625881379e-08 3.2625733497e-08 -1.2346954967e-15 9.1851040022e-14 -3.2625881470e-08 5.7356478554e-14
d  1.4590128042e-02 1.7869118641e+00 -2.0000000000e-01 3.2298476076e-01 3.0000000000e+02 -3.2298328388e-08 -9.1684582070e-14 3.2298476070e-08 3.2298328281e-08 -1.1025184525e-15 9.1704583142e-14 -3.2298476181e-08 5.7297039080e-14
d  1.4597879682e-02 1.7814857175e+00 -2.0000000000e-01 3.1906584504e-01 3.0000000000e+02 -3.1906436894e-08 -9.1514343156e-14 3.1906584490e-08 3.1906436866e-08 -9.3971684653e-16 9.1534345041e-14 -3.1906584686e-08 5.7225379808e-14
d  1.4607181651e-02 1.7749743417e+00 -2.0000000000e-01 3.1437751914e-01 3.0000000000e+02 -3.1437604430e-08 -9.1297802266e-14 3.1437751912e-08 3.1437604282e-08 -7.6353333974e-16 9.1317802575e-14 -3.1437751975e-08 5.7138512294e-14
d  1.4612762831e-02 1.7710675162e+00 -2.0000000000e-01 3.1157209976e-01 3.0000000000e+02 -3.1157062561e-08 -9.1172431823e-14 3.1157209971e-08 3.1157062440e-08 -6.5538822716e-16 9.1192432720e-14 -3.1157210064e-08 5.7086198597e-14
d  1.4619460248e-02 1.7663793256e+00 -2.0000000000e-01 3.0821316967e-01 3.0000000000e+02 -3.0821169638e-08 -9.1020949812e-14 3.0821316961e-08 3.0821169535e-08 -5.2736463913e-16 9.1040950913e-14 -3.0821317072e-08 5.7022911579e-14
d  1.4627497149e-02 1.7607534969e+00 -2.0000000000e-01 3.0419341031e-01 3.0000000000e+02 -3.0419193786e-08 -9.0849872103e-14 3.0419341017e-08 3.0419193766e-08 -3.6535290040e-16 9.0869874060e-14 -3.0419341219e-08 5.6947478821e-14
d  1.4637141429e-02 1.7540025025e+00 -2.0000000000e-01 2.9938560069e-01 3.0000000000e+02 -2.9938412976e-08 -9.0622321315e-14 2.9938560066e-08 2.9938412832e-08 -1.9884856713e-16 9.0642321650e-14 -2.9938560131e-08 5.6854774517e-14
d  1.4642927998e-02 1.7499519058e+00 -2.0000000000e-01 2.9650927321e-01 3.0000000000e+02 -2.9650780306e-08 -9.0492756637e-14 2.9650927316e-08 2.9650780191e-08 -9.3921317960e-17 9.0512757586e-14 -2.9650927411e-08 5.6799411122e-14
d  1.4649871880e-02 1.7450911898e+00 -2.0000000000e-01 2.9306600917e-01 3.0000000000e+02 -2.9306453999e-08 -9.0339534710e-14 2.9306600910e-08 2.9306453900e-08 3.0495080150e-17 9.0359535835e-14 -2.9306601022e-08 5.6732770224e-14
d  1.4658204538e-02 1.7392583306e+00 -2.0000000000e-01 2.8894615993e-01 3.0000000000e+02 -2.8894469194e-08 -9.0153035589e-14 2.8894615993e-08 2.8894469022e-08 1.7657854830e-16 9.0173035613e-14 -2.8894616024e-08 5.6652201094e-14
d  1.4668203728e-02 1.7322588995e+00 -2.0000000000e-01 2.8401983375e-01 3.0000000000e+02 -2.8401836721e-08 -8.9931200149e-14 2.8401983375e-08 2.8401836550e-08 3.4904993506e-16 8.9951200169e-14 -2.8401983405e-08 5.6555053854e-14
d  1.4674203242e-02 1.7280592409e+00 -2.0000000000e-01 2.8107326385e-01 3.0000000000e+02 -2.8107179821e-08 -8.9798028949e-14 2.8107326379e-08 2.8107179708e-08 4.5085169798e-16 8.9818029903e-14 -2.8107326473e-08 5.6496221426e-14
d  1.4681402659e-02 1.7230196505e+00 -2.0000000000e-01 2.7754657845e-01 3.0000000000e+02 -2.7754511390e-08 -8.9638649137e-14 2.7754657838e-08 2.7754511293e-08 5.7159373972e-16 8.9658650274e-14 -2.7754657949e-08 5.6425391909e-14
d  1.4690041959e-02 1.7169721421e+00 -2.0000000000e-01 2.7332792978e-01 3.0000000000e+02 -2.7332646658e-08 -8.9445940417e-14 2.7332792978e-08 2.7332646489e-08 7.1301215861e-16 8.9465940451e-14 -2.7332793008e-08 5.6339501083e-14
d  1.4700409119e-02 1.7097151320e+00 -2.0000000000e-01 2.6828492569e-01 3.0000000000e+02 -2.6828346413e-08 -8.9217050542e-14 2.6828492567e-08 2.6828346259e-08 8.8024918875e-16 8.9237050722e-14 -2.6828492612e-08 5.6236153510e-14
d  1.4706629416e-02 1.7053609259e+00 -2.0000000000e-01 2.6526933375e-01 3.0000000000e+02 -2.6526787319e-08 -8.9079904097e-14 2.6526933369e-08 2.6526787209e-08 9.7901138882e-16 8.9099905053e-14 -2.6526933461e-08 5.6173636784e-14
d  1.4714093771e-02 1.7001358786e+00 -2.0000000000e-01 2.6166083969e-01 3.0000000000e+02 -2.6165938036e-08 -8.8914720660e-14 2.6166083961e-08 2.6165937941e-08 1.0960266401e-15 8.8934721792e-14 -2.6166084070e-08 5.6097938089e-14
d  1.4723050997e-02 1.6938658219e+00 -2.0000000000e-01 2.5734540868e-01 3.0000000000e+02 -2.5734395085e-08 -8.8717457547e-14 2.5734540868e-08 2.5734394919e-08 1.2331877666e-15 8.8737457585e-14 -2.5734540897e-08 5.6007101253e-14
d  1.4733799669e-02 1.6863417538e+00 -2.0000000000e-01 2.5218829495e-01 3.0000000000e+02 -2.5218683893e-08 -8.8483031614e-14 2.5218829490e-08 2.5218683778e-08 1.3962239265e-15 8.8503032188e-14 -2.5218829575e-08 5.5897427762e-14
d  1.4740248872e-02 1.6818273130e+00 -2.0000000000e-01 2.4910533003e-01 3.0000000000e+02 -2.4910387513e-08 -8.8340803743e-14 2.4910532996e-08 2.4910387403e-08 1.4911151468e-15 8.8360804686e-14 -2.4910533086e-08 5.5830767026e-14
d  1.4747987916e-02 1.6764099839e+00 -2.0000000000e-01 2.4541708461e-01 3.0000000000e+02 -2.4541563107e-08 -8.8170921820e-14 2.4541708453e-08 2.4541563012e-08 1.6045709195e-15 8.8190922929e-14 -2.4541708558e-08 5.5750234033e-14
d  1.4757274768e-02 1.6699091891e+00 -2.0000000000e-01 2.4100759923e-01 3.0000000000e+02 -2.4100614737e-08 -8.7966405578e-14 2.4100759922e-08 2.4100614574e-08 1.7371139592e-15 8.7986405621e-14 -2.4100759950e-08 5.5653035877e-14
d  1.4768418991e-02 1.6621082353e+00 -2.0000000000e-01 2.3574001585e-01 3.0000000000e+02 -2.3573856601e-08 -8.7723308963e-14 2.3574001582e-08 2.3573856455e-08 1.8940326026e-15 8.7743309182e-14 -2.3574001628e-08 5.5535783570e-14
d  1.4781792059e-02 1.6527470908e+00 -2.0000000000e-01 2.2945358579e-01 3.0000000000e+02 -2.2945213845e-08 -8.7431029187e-14 2.2945358579e-08 2.2945213686e-08 2.0776368043e-15 8.7451029242e-14 -2.2945358608e-08 5.5393331203e-14
d  1.4789815899e-02 1.6471304040e+00 -2.0000000000e-01 2.2570009246e-01 3.0000000000e+02 -2.2569864647e-08 -8.7264045126e-14 2.2570009232e-08 2.2569864595e-08 2.1947966410e-15 8.7284046687e-14 -2.2570009381e-08 5.5307142007e-14
d  1.4799444508e-02 1.6403903800e+00 -2.0000000000e-01 2.2121427183e-01 3.0000000000e+02 -2.2121282790e-08 -8.7044393215e-14 2.2121427183e-08 2.2121282629e-08 2.3122847680e-15 8.7064393251e-14 -2.2121427208e-08 5.5201957890e-14
d  1.4810998838e-02 1.6323023511e+00 -2.0000000000e-01 2.1585798937e-01 3.0000000000e+02 -2.1585654771e-08 -8.6793776035e-14 2.1585798936e-08 2.1585654616e-08 2.4616511898e-15 8.6813776130e-14 -2.1585798967e-08 5.5075557218e-14
d  1.4817931436e-02 1.6274495337e+00 -2.0000000000e-01 2.1265832972e-01 3.0000000000e+02 -2.1265688944e-08 -8.6643008417e-14 2.1265832965e-08 2.1265688832e-08 2.5496415893e-15 8.6663009266e-14 -2.1265833044e-08 5.4998802137e-14
d  1.4826250554e-02 1.6216261529e+00 -2.0000000000e-01 2.0883285215e-01 3.0000000000e+02 -2.0883141356e-08 -8.6462223628e-14 2.0883285207e-08 2.0883141255e-08 2.6538336329e-15 8.6482224609e-14 -2.0883285298e-08 5.4906109136e-14
d  1.4836233495e-02 1.6146380960e+00 -2.0000000000e-01 2.0426280071e-01 3.0000000000e+02 -2.0426136419e-08 -8.6244423910e-14 2.0426280071e-08 2.0426136260e-08 2.7754475272e-15 8.6264423934e-14 -2.0426280093e-08 5.4793863169e-14
d  1.4848213025e-02 1.6062524276e+00 -2.0000000000e-01 1.9880859412e-01 3.0000000000e+02 -1.9880716011e-08 -8.5984781447e-14 1.9880859411e-08 1.9880715857e-08 2.9189516076e-15 8.6004781521e-14 -1.9880859439e-08 5.4657973615e-14
d  1.4855400742e-02 1.6012210266e+00 -2.0000000000e-01 1.9555186958e-01 3.0000000000e+02 -1.9555043710e-08 -8.5828980244e-14 1.9555186952e-08 1.9555043596e-08 3.0032939277e-15 8.5848981036e-14 -1.9555187024e-08 5.4575302399e-14
d  1.4864026004e-02 1.5951833454e+00 -2.0000000000e-01 1.9165962476e-01 3.0000000000e+02 -1.9165819414e-08 -8.5641881859e-14 1.9165962468e-08 1.9165819310e-08 3.1030006620e-15 8.5661882766e-14 -1.9165962551e-08 5.4475387284e-14
d  1.4874376317e-02 1.5879381279e+00 -2.0000000000e-01 1.8701198233e-01 3.0000000000e+02 -1.8701055392e-08 -8.5420646590e-14 1.8701198221e-08 1.8701055323e-08 3.2240174124e-15 8.5440647833e-14 -1.8701198342e-08 5.4354440135e-14
d  1.4880586506e-02 1.5835909975e+00 -2.0000000000e-01 1.8423556988e-01 3.0000000000e+02 -1.8423414294e-08 -8.5281663788e-14 1.8423556985e-08 1.8423414159e-08 3.2882472070e-15 8.5301664280e-14 -1.8423557030e-08 5.4280733664e-14
d  1.4888038731e-02 1.5783744409e+00 -2.0000000000e-01 1.8091604695e-01 3.0000000000e+02 -1.8091462168e-08 -8.5120941606e-14 1.8091604690e-08 1.8091462039e-08 3.3696883952e-15 8.5140942173e-14 -1.8091604741e-08 5.4192107069e-14
d  1.4896981402e-02 1.5721145730e+00 -2.0000000000e-01 1.7695031174e-01 3.0000000000e+02 -1.7694888850e-08 -8.4927626478e-14 1.7695031166e-08 1.7694888744e-08 3.4659785279e-15 8.4947627330e-14 -1.7695031243e-08 5.4084829463e-14
d  1.4907712607e-02 1.5646027315e+00 -2.0000000000e-01 1.7221722229e-01 3.0000000000e+02 -1.7221580154e-08 -8.4695441862e-14 1.7221722218e-08 1.7221580076e-08 3.5788012217e-15 8.4715442960e-14 -1.7221722325e-08 5.3954467425e-14
d  1.4914151330e-02 1.5600956267e+00 -2.0000000000e-01 1.6939101974e-01 3.0000000000e+02 -1.6938960051e-08 -8.4555672213e-14 1.6939101970e-08 1.6938959917e-08 3.6442330727e-15 8.4575672678e-14 -1.6939102012e-08 5.3875162929e-14
d  1.4921877798e-02 1.5546871008e+00 -2.0000000000e-01 1.6601324676e-01 3.0000000000e+02 -1.6601182938e-08 -8.4388923266e-14 1.6601324672e-08 1.6601182809e-08 3.7222850903e-15 8.4408923815e-14 -1.6601324720e-08 5.3779416835e-14
d  1.4931149559e-02 1.5481968698e+00 -2.0000000000e-01 1.6197979626e-01 3.0000000000e+02 -1.6197838110e-08 -8.4189360082e-14 1.6197979618e-08 1.6197838003e-08 3.8143163676e-15 8.4209360900e-14 -1.6197979690e-08 5.3663583099e-14
d  1.4942275673e-02 1.5404085926e+00 -2.0000000000e-01 1.5716865191e-01 3.0000000000e+02 -1.5716723938e-08 -8.3953827491e-14 1.5716865178e-08 1.5716723868e-08 3.9259773250e-15 8.3973828688e-14 -1.5716865291e-08 5.3522982737e-14
d  1.4948951341e-02 1.5357356262e+00 -2.0000000000e-01 1.5429735214e-01 3.0000000000e+02 -1.5429594136e-08 -8.3805676904e-14 1.5429735211e-08 1.5429594003e-08 3.9844477537e-15 8.3825677362e-14 -1.5429735251e-08 5.3436679314e-14
d  1.4956962143e-02 1.5301280666e+00 -2.0000000000e-01 1.5086719885e-01 3.0000000000e+02 -1.5086579007e-08 -8.3634784532e-14 1.5086719881e-08 1.5086578881e-08 4.0586601997e-15 8.3654785089e-14 -1.5086719927e-08 5.3333064843e-14
d  1.4966575105e-02 1.5233989951e+00 -2.0000000000e-01 1.4677346088e-01 3.0000000000e+02 -1.4677205452e-08 -8.3429455175e-14 1.4677346080e-08 1.4677205345e-08 4.1458823711e-15 8.3449455967e-14 -1.4677346148e-08 5.3207328549e-14
d  1.4972342882e-02 1.5193615522e+00 -2.0000000000e-01 1.4432911638e-01 3.0000000000e+02 -1.4432771151e-08 -8.3305976648e-14 1.4432911636e-08 1.4432771008e-08 4.1965713938e-15 8.3325976889e-14 -1.4432911661e-08 5.3130625109e-14
d  1.4979264215e-02 1.5145166207e+00 -2.0000000000e-01 1.4140782522e-01 3.0000000000e+02 -1.4140642214e-08 -8.3158439797e-14 1.4140782519e-08 1.4140642077e-08 4.2567079656e-15 8.3178440145e-14 -1.4140782550e-08 5.3038023445e-14
d  1.4987569814e-02 1.5087027029e+00 -2.0000000000e-01 1.3791963161e-01 3.0000000000e+02 -1.3791823070e-08 -8.2981833205e-14 1.3791963156e-08 1.3791822947e-08 4.3273975099e-15 8.3001833792e-14 -1.3791963202e-08 5.2925836987e-14
d  1.4997536533e-02 1.5017260015e+00 -2.0000000000e-01 1.3375915814e-01 3.0000000000e+02 -1.3375775987e-08 -8.2770842716e-14 1.3375915807e-08 1.3375775878e-08 4.4107293727e-15 8.2790843445e-14 -1.3375915869e-08 5.2789235692e-14
d  1.5000000000e-02 1.5000015750e+00 -2.0000000000e-01 1.3273514194e-01 3.0000000000e+02 -1.3273374436e-08 -8.2716736393e-14 1.3273514150e-08 1.3273374518e-08 4.4293563211e-15 8.2736749960e-14 -1.3273514439e-08 5.2754187401e-14
d  1.5002956161e-02 1.4979322632e+00 -2.0000000000e-01 1.3150859593e-01 3.0000000000e+02 -1.3150719909e-08 -8.2657804250e-14 1.3150859438e-08 1.3150720573e-08 4.4562313994e-15 8.2677856004e-14 -1.3150860420e-08 5.2713348248e-14
d  1.5006503553e-02 1.4954490890e+00 -2.0000000000e-01 1.3004003125e-01 3.0000000000e+02 -1.3003863530e-08 -8.2587878220e-14 1.3004002893e-08 1.3003864597e-08 4.4876809807e-15 8.2607942509e-14 -1.3004004354e-08 5.2664120105e-14
d  1.5010760425e-02 1.4924692799e+00 -2.0000000000e-01 1.2828251838e-01 3.0000000000e+02 -1.2828112370e-08 -8.2495697267e-14 1.2828251837e-08 1.2828112222e-08 4.5150464539e-15 8.2515697334e-14 -1.2828251852e-08 5.2604140855e-14
d  1.5015868670e-02 1.4888935090e+00 -2.0000000000e-01 1.2618042139e-01 3.0000000000e+02 -1.2617902811e-08 -8.2382253978e-14 1.2618042138e-08 1.2617902665e-08 4.5544118488e-15 8.2402254105e-14 -1.2618042155e-08 5.2531458363e-14
d  1.5021998565e-02 1.4846025840e+00 -2.0000000000e-01 1.2366795845e-01 3.0000000000e+02 -1.2366656685e-08 -8.2255476526e-14 1.2366795843e-08 1.2366656546e-08 4.6010223557e-15 8.2275476793e-14 -1.2366795866e-08 5.2443999750e-14
d  1.5029354438e-02 1.4794534740e+00 -2.0000000000e-01 1.2066764093e-01 3.0000000000e+02 -1.2066625137e-08 -8.2102481196e-14 1.2066764091e-08 1.2066625002e-08 4.6556194465e-15 8.2122481527e-14 -1.2066764118e-08 5.2337817035e-14
d  1.5038181487e-02 1.4732745419e+00 -2.0000000000e-01 1.1708863456e-01 3.0000000000e+02 -1.1708724748e-08 -8.1919844794e-14 1.1708863455e-08 1.1708724605e-08 4.7192231099e-15 8.1939844899e-14 -1.1708863473e-08 5.2208619735e-14
d  1.5043477716e-02 1.4695671827e+00 -2.0000000000e-01 1.1495257100e-01 3.0000000000e+02 -1.1495118541e-08 -8.1811300626e-14 1.1495257099e-08 1.1495118399e-08 4.7561538994e-15 8.1831300792e-14 -1.1495257117e-08 5.2129814556e-14
d  1.5049833190e-02 1.4651183516e+00 -2.0000000000e-01 1.1240067883e-01 3.0000000000e+02 -1.1239929505e-08 -8.1681241463e-14 1.1240067882e-08 1.1239929365e-08 4.7995987799e-15 8.1701241662e-14 -1.1240067901e-08 5.2034465972e-14
d  1.5057459760e-02 1.4597797543e+00 -2.0000000000e-01 1.0935498846e-01 3.0000000000e+02 -1.0935360687e-08 -8.1527078361e-14 1.0935498850e-08 1.0935360525e-08 4.8504562804e-15 8.1547077951e-14 -1.0935498842e-08 5.1919024029e-14
d  1.5062035702e-02 1.4565765960e+00 -2.0000000000e-01 1.0753635240e-01 3.0000000000e+02 -1.0753497212e-08 -8.1435934649e-14 1.0753635240e-08 1.0753497069e-08 4.8800480640e-15 8.1455934759e-14 -1.0753635254e-08 5.1848809924e-14
d  1.5067526832e-02 1.4527328059e+00 -2.0000000000e-01 1.0536279810e-01 3.0000000000e+02 -1.0536141941e-08 -8.1326309039e-14 1.0536279809e-08 1.0536141799e-08 4.9148106238e-15 8.1346309174e-14 -1.0536279824e-08 5.1763733110e-14
d  1.5074116188e-02 1.4481202579e+00 -2.0000000000e-01 1.0276736849e-01 3.0000000000e+02 -1.0276599172e-08 -8.1195928878e-14 1.0276736851e-08 1.0276599019e-08 4.9554597338e-15 8.1215928594e-14 -1.0276736851e-08 5.1660621451e-14
d  1.5082023416e-02 1.4425852002e+00 -2.0000000000e-01 9.9671604455e-02 3.0000000000e+02 -9.9670230008e-09 -8.1041267333e-14 9.9671604442e-09 9.9670228624e-09 5.0025583787e-15 8.1061267490e-14 -9.9671604614e-09 5.1535147853e-14
d  1.5086767752e-02 1.4392641656e+00 -2.0000000000e-01 9.7824091938e-02 3.0000000000e+02 -9.7822718885e-09 -8.0950489493e-14 9.7824091931e-09 9.7822717473e-09 5.0297516533e-15 8.0970489605e-14 -9.7824092063e-09 5.1458701327e-14
d  1.5092460956e-02 1.4352789241e+00 -2.0000000000e-01 9.5617044406e-02 3.0000000000e+02 -9.5615673027e-09 -8.0842818080e-14 9.5617044441e-09 9.5615671447e-09 5.0617265411e-15 8.0862817521e-14 -9.5617044357e-09 5.1366444247e-14
d  1.5099292801e-02 1.4304966342e+00 -2.0000000000e-01 9.2983122574e-02 3.0000000000e+02 -9.2981753210e-09 -8.0715443181e-14 9.2983122843e-09 9.2981750697e-09 5.0988768927e-15 8.0735439666e-14 -9.2983121585e-09 5.1254471557e-14
d  1.5103391907e-02 1.4276272603e+00 -2.0000000000e-01 9.1410476950e-02 3.0000000000e+02 -9.1409108669e-09 -8.0646695692e-14 9.1410471054e-09 9.1409130515e-09 5.1267619984e-15 8.0666811122e-14 -9.1410500318e-09 5.1186722299e-14
d  1.5108310835e-02 1.4241840117e+00 -2.0000000000e-01 8.9531022421e-02 3.0000000000e+02 -8.9529655555e-09 -8.0566917047e-14 8.9531036458e-09 8.9529599546e-09 5.1540161479e-15 8.0586661659e-14 -8.9530967920e-09 5.1104545540e-14
d  1.5114213549e-02 1.4200521133e+00 -2.0000000000e-01 8.7286916356e-02 3.0000000000e+02 -8.7285551391e-09 -8.0455543336e-14 8.7286916571e-09 8.7285549150e-09 5.1750818446e-15 8.0475540126e-14 -8.7286915623e-09 5.1004967686e-14
d  1.5121296806e-02 1.4150938352e+00 -2.0000000000e-01 8.4610401649e-02 3.0000000000e+02 -8.4609038242e-09 -8.0348569398e-14 8.4610403320e-09 8.4609030566e-09 5.2350694383e-15 8.0368548873e-14 -8.4610395471e-09 5.0884383522e-14
d  1.5125546759e-02 1.4121188683e+00 -2.0000000000e-01 8.3013203381e-02 3.0000000000e+02 -8.3011841642e-09 -8.0264522299e-14 8.3013202148e-09 8.3011844743e-09 5.2335601092e-15 8.0284544948e-14 -8.3013207978e-09 5.0809690912e-14
d  1.5130646704e-02 1.4085489081e+00 -2.0000000000e-01 8.1105298252e-02 3.0000000000e+02 -8.1103938120e-09 -8.0177579693e-14 8.1105298406e-09 8.1103936156e-09 5.2502808552e-15 8.0197577063e-14 -8.1105297777e-09 5.0720132406e-14
d  1.5136766638e-02 1.4042649558e+00 -2.0000000000e-01 7.8828543262e-02 3.0000000000e+02 -7.8827184656e-09 -8.0086301064e-14 7.8828544173e-09 7.8827180032e-09 5.2884473294e-15 8.0106288332e-14 -7.8828540120e-09 5.0612331481e-14
d  1.5140438598e-02 1.4016945845e+00 -2.0000000000e-01 7.7469237748e-02 3.0000000000e+02 -7.7467880397e-09 -8.0025582008e-14 7.7469233352e-09 7.7467894168e-09 5.2934926214e-15 8.0045674238e-14 -7.7469252999e-09 5.0546237296e-14
d  1.5144844950e-02 1.3986101388e+00 -2.0000000000e-01 7.5844827155e-02 3.0000000000e+02 -7.5843471046e-09 -7.9961975114e-14 7.5844860502e-09 7.5843356192e-09 5.3115132483e-15 7.9981325997e-14 -7.5844713761e-09 5.0466145001e-14
d  1.5150132572e-02 1.3949088041e+00 -2.0000000000e-01 7.3905334139e-02 3.0000000000e+02 -7.3903979546e-09 -7.9890204893e-14 7.3905335076e-09 7.3903975012e-09 5.3291291705e-15 7.9910189958e-14 -7.3905331073e-09 5.0371945643e-14
d  1.5156477720e-02 1.3904672023e+00 -2.0000000000e-01 7.1592276983e-02 3.0000000000e+02 -7.1590924194e-09 -7.9799109981e-14 7.1592278287e-09 7.1590918518e-09 5.3506451592e-15 7.9819092979e-14 -7.1592272769e-09 5.0254084060e-14
d  1.5160284808e-02 1.3878022413e+00 -2.0000000000e-01 7.0212055529e-02 3.0000000000e+02 -7.0210703730e-09 -7.9752092227e-14 7.0212061131e-09 7.0210684408e-09 5.3655599725e-15 7.9771982462e-14 -7.0212037663e-09 5.0183008209e-14
d  1.5164853314e-02 1.3846042881e+00 -2.0000000000e-01 6.8563414610e-02 3.0000000000e+02 -6.8562064085e-09 -7.9706506668e-14 6.8563414932e-09 6.8562061685e-09 5.3782833568e-15 7.9726500826e-14 -6.8563413664e-09 5.0098073848e-14
d  1.5170335521e-02 1.3807667442e+00 -2.0000000000e-01 6.6596165624e-02 3.0000000000e+02 -6.6594816450e-09 -7.9647210298e-14 6.6596170260e-09 6.6594800704e-09 5.3999327204e-15 7.9667141663e-14 -6.6596151324e-09 4.9994049371e-14
d  1.5173624845e-02 1.3784642179e+00 -2.0000000000e-01 6.5421693244e-02 3.0000000000e+02 -6.5420344982e-09 -7.9617082287e-14 6.5421692949e-09 6.5420344494e-09 5.4053734868e-15 7.9637088892e-14 -6.5421694200e-09 4.9931504502e-14
d  1.5177572034e-02 1.3757011863e+00 -2.0000000000e-01 6.4018206218e-02 3.0000000000e+02 -6.4016858935e-09 -7.9580302407e-14 6.4018259747e-09 6.4016698515e-09 5.4161825734e-15 7.9599195001e-14 -6.4018047212e-09 4.9854448388e-14
d  1.5182308661e-02 1.3723855484e+00 -2.0000000000e-01 6.2342578129e-02 3.0000000000e+02 -6.2341231950e-09 -7.9550224028e-14 6.2342581881e-09 6.2341219575e-09 5.4304619194e-15 7.9570160786e-14 -6.2342567187e-09 4.9765357838e-14
d  1.5187992613e-02 1.3684067829e+00 -2.0000000000e-01 6.0344310068e-02 3.0000000000e+02 -6.0342965205e-09 -7.9509896179e-14 6.0344352769e-09 6.0342840865e-09 5.4458267685e-15 7.9529311146e-14 -6.0344187143e-09 4.9652215725e-14
d  1.5191402985e-02 1.3660195236e+00 -2.0000000000e-01 5.9151954491e-02 3.0000000000e+02 -5.9150610423e-09 -7.9503175780e-14 5.9151973400e-09 5.9150556246e-09 5.4500586783e-15 7.9522783586e-14 -5.9151901731e-09 4.9586802318e-14
d  1.5195495431e-02 1.3631548124e+00 -2.0000000000e-01 5.7727735453e-02 3.0000000000e+02 -5.7726392284e-09 -7.9476188019e-14 5.7727750800e-09 5.7726348718e-09 5.4570419496e-15 7.9495894358e-14 -5.7727693301e-09 4.9504387834e-14
d  1.5200406365e-02 1.3597171590e+00 -2.0000000000e-01 5.6028287627e-02 3.0000000000e+02 -5.6026945389e-09 -7.9464927433e-14 5.6028295586e-09 5.6026922456e-09 5.4686759806e-15 7.9484803968e-14 -5.6028266107e-09 4.9406693433e-14
d  1.5203352926e-02 1.3576545670e+00 -2.0000000000e-01 5.5013706098e-02 3.0000000000e+02 -5.5012364431e-09 -7.9472142609e-14 5.5013712899e-09 5.5012345243e-09 5.4723062746e-15 7.9491981608e-14 -5.5013688319e-09 4.9347828665e-14
d  1.5206888799e-02 1.3551794565e+00 -2.0000000000e-01 5.3801283622e-02 3.0000000000e+02 -5.3799942551e-09 -7.9472966643e-14 5.3801369016e-09 5.3799720245e-09 5.4776123034e-15 7.9491102973e-14 -5.3801062679e-09 4.9274873778e-14
d  1.5211131847e-02 1.3522093240e+00 -2.0000000000e-01 5.2353731305e-02 3.0000000000e+02 -5.2352390831e-09 -7.9494859506e-14 5.2353739557e-09 5.2352368354e-09 5.4862615514e-15 7.9514713954e-14 -5.2353710229e-09 4.9193497137e-14
d  1.5216223504e-02 1.3486451650e+00 -2.0000000000e-01 5.0627389034e-02 3.0000000000e+02 -5.0626049302e-09 -7.9511986519e-14 5.0627395340e-09 5.0626032062e-09 5.4927714341e-15 7.9531896897e-14 -5.0627373191e-09 4.9087346053e-14
d  1.5219278498e-02 1.3465066696e+00 -2.0000000000e-01 4.9597244025e-02 3.0000000000e+02 -4.9595904626e-09 -7.9541463595e-14 4.9597291009e-09 4.9595789165e-09 5.4949740943e-15 7.9560440140e-14 -4.9597129935e-09 4.9024894446e-14
d  1.5222944492e-02 1.3439404751e+00 -2.0000000000e-01 4.8366704278e-02 3.0000000000e+02 -4.8365365177e-09 -7.9581026795e-14 4.8366725411e-09 4.8365313248e-09 5.4994918518e-15 7.9600604050e-14 -4.8366653730e-09 4.8952299638e-14
d  1.5227343683e-02 1.3408610417e+00 -2.0000000000e-01 4.6898248641e-02 3.0000000000e+02 -4.6896909851e-09 -7.9630070156e-14 4.6898239146e-09 4.6896930973e-09 5.5042061707e-15 7.9650222526e-14 -4.6898271154e-09 4.8861701553e-14
d  1.5229983199e-02 1.3390133816e+00 -2.0000000000e-01 4.6021494937e-02 3.0000000000e+02 -4.6020156256e-09 -7.9673867183e-14 4.6021505681e-09 4.6020130516e-09 5.5054414117e-15 7.9693599593e-14 -4.6021470575e-09 4.8806987529e-14
d  1.5233150617e-02 1.3367961896e+00 -2.0000000000e-01 4.4973669033e-02 3.0000000000e+02 -4.4972330356e-09 -7.9735147608e-14 4.4973675388e-09 4.4972314763e-09 5.5083930869e-15 7.9755002444e-14 -4.4973654818e-09 4.8744077304e-14
d  1.5236951518e-02 1.3341355591e+00 -2.0000000000e-01 4.3722487731e-02 3.0000000000e+02 -4.3721149003e-09 -7.9812377640e-14 4.3722500693e-09 4.3721118798e-09 5.5111356918e-15 7.9832141197e-14 -4.3722458898e-09 4.8666357505e-14
d  1.5239232059e-02 1.3325391808e+00 -2.0000000000e-01 4.2975046663e-02 3.0000000000e+02 -4.2973707807e-09 -7.9871219023e-14 4.2975029284e-09 4.2973743440e-09 5.5126826364e-15 7.9891718027e-14 -4.2975083684e-09 4.8621425866e-14
d  1.5241968709e-02 1.3306235269e+00 -2.0000000000e-01 4.2081365985e-02 3.0000000000e+02 -4.2080026957e-09 -7.9940033456e-14 4.2081443923e-09 4.2079861443e-09 5.5123980442e-15 7.9957982880e-14 -4.2081201792e-09 4.8562226251e-14
d  1.5245252688e-02 1.3283247422e+00 -2.0000000000e-01 4.1013609448e-02 3.0000000000e+02 -4.1012269957e-09 -8.0055383330e-14 4.1013635338e-09 4.1012214230e-09 5.5165600971e-15 8.0074842101e-14 -4.1013555076e-09 4.8502780979e-14
d  1.5249193463e-02 1.3255662005e+00 -2.0000000000e-01 3.9739079827e-02 3.0000000000e+02 -3.9737739829e-09 -8.0177047296e-14 3.9739083999e-09 3.9737729809e-09 5.5169079871e-15 8.0196978315e-14 -3.9739071171e-09 4.8421405787e-14
d  1.5251557928e-02 1.3239110755e+00 -2.0000000000e-01 3.8977911125e-02 3.0000000000e+02 -3.8976570620e-09 -8.0273867579e-14 3.8977911830e-09 3.8976567900e-09 5.5178602457e-15 8.0293849045e-14 -3.8977909768e-09 4.8375232711e-14
d  1.5254395286e-02 1.3219249255e+00 -2.0000000000e-01 3.8068008358e-02 3.0000000000e+02 -3.8066667149e-09 -8.0398376958e-14 3.8068020107e-09 3.8066642795e-09 5.5187794227e-15 8.0418095181e-14 -3.8067985356e-09 4.8320248577e-14
d  1.5257800115e-02 1.3195415455e+00 -2.0000000000e-01 3.6981160402e-02 3.0000000000e+02 -3.6979818178e-09 -8.0562390629e-14 3.6981172928e-09 3.6979792376e-09 5.5202664304e-15 8.0582154574e-14 -3.6981135951e-09 4.8255723302e-14
d  1.5259843013e-02 1.3181115175e+00 -2.0000000000e-01 3.6331692505e-02 3.0000000000e+02 -3.6330349550e-09 -8.0674008444e-14 3.6331667331e-09 3.6330394678e-09 5.5212557736e-15 8.0694778225e-14 -3.6331739007e-09 4.8218454425e-14
d  1.5262294490e-02 1.3163954839e+00 -2.0000000000e-01 3.5554939403e-02 3.0000000000e+02 -3.5553595522e-09 -8.0808398688e-14 3.5555030897e-09 3.5553426768e-09 5.5195511597e-15 8.0825850962e-14 -3.5554771935e-09 4.8167462051e-14
d  1.5265236263e-02 1.3143362436e+00 -2.0000000000e-01 3.4626529920e-02 3.0000000000e+02 -3.4625184543e-09 -8.1017605399e-14 3.4626567685e-09 3.4625113949e-09 5.5241625657e-15 8.1036784502e-14 -3.4626460652e-09 4.8122730830e-14
d  1.5268766390e-02 1.3118651552e+00 -2.0000000000e-01 3.3517791493e-02 3.0000000000e+02 -3.3516444359e-09 -8.1247302357e-14 3.3517823511e-09 3.3516384504e-09 5.5239086459e-15 8.1266763027e-14 -3.3517732968e-09 4.8056265547e-14
d  1.5270884466e-02 1.3103825022e+00 -2.0000000000e-01 3.2855318243e-02 3.0000000000e+02 -3.2853969737e-09 -8.1420612987e-14 3.2855302994e-09 3.2853994591e-09 5.5257761709e-15 8.1441037321e-14 -3.2855344452e-09 4.8022763604e-14
d  1.5273426158e-02 1.3086033186e+00 -2.0000000000e-01 3.2063065416e-02 3.0000000000e+02 -3.2061715208e-09 -8.1628061869e-14 3.2063087958e-09 3.2061675576e-09 5.5256792404e-15 8.1647494430e-14 -3.2063027109e-09 4.7977595914e-14
d  1.5276476188e-02 1.3064682982e+00 -2.0000000000e-01 3.1116192774e-02 3.0000000000e+02 -3.1114840123e-09 -8.1919218659e-14 3.1116207074e-09 3.1114814442e-09 5.5291041638e-15 8.1938942169e-14 -3.1116168422e-09 4.7932894156e-14
d  1.5278306206e-02 1.3051872860e+00 -2.0000000000e-01 3.0550070392e-02 3.0000000000e+02 -3.0548716142e-09 -8.2104893308e-14 3.0550035905e-09 3.0548769470e-09 5.5308883926e-15 8.2126024150e-14 -3.0550125084e-09 4.7906323326e-14
d  1.5280502228e-02 1.3036500713e+00 -2.0000000000e-01 2.9872669397e-02 3.0000000000e+02 -2.9871313111e-09 -8.2333523738e-14 2.9872731075e-09 2.9871214723e-09 5.5302339513e-15 8.2351696066e-14 -2.9872572294e-09 4.7868857660e-14
d  1.5283137453e-02 1.3018054137e+00 -2.0000000000e-01 2.9062488101e-02 3.0000000000e+02 -2.9061128865e-09 -8.2669057870e-14 2.9062554909e-09 2.9061021475e-09 5.5361092380e-15 8.2687549067e-14 -2.9062381999e-09 4.7840740600e-14
d  1.5286299725e-02 1.2995918246e+00 -2.0000000000e-01 2.8094112179e-02 3.0000000000e+02 -2.8092749236e-09 -8.3070444334e-14 2.8094126540e-09 2.8092725072e-09 5.5403447096e-15 8.3090200407e-14 -2.8094089335e-09 4.7801624067e-14
d  1.5288197087e-02 1.2982636712e+00 -2.0000000000e-01 2.7515056682e-02 3.0000000000e+02 -2.7513691189e-09 -8.3340025310e-14 2.7515023468e-09 2.7513738654e-09 5.5434293166e-15 8.3361011235e-14 -2.7515105500e-09 4.7780765924e-14
d  1.5290473922e-02 1.2966698870e+00 -2.0000000000e-01 2.6822046993e-02 3.0000000000e+02 -2.6820678172e-09 -8.3686417871e-14 2.6822078828e-09 2.6820630484e-09 5.5461808376e-15 8.3705571139e-14 -2.6822000605e-09 4.7754861220e-14
d  1.5293206124e-02 1.2947573460e+00 -2.0000000000e-01 2.5992962749e-02 3.0000000000e+02 -2.5991589347e-09 -8.4164224089e-14 2.5992985337e-09 2.5991554822e-09 5.5548992937e-15 8.4183776843e-14 -2.5992929532e-09 4.7738119912e-14
d  1.5294845446e-02 1.2936098214e+00 -2.0000000000e-01 2.5496813534e-02 3.0000000000e+02 -2.5495437183e-09 -8.4464699803e-14 2.5496768280e-09 2.5495496517e-09 5.5599094170e-15 8.4486315367e-14 -2.5496874231e-09 4.7728507909e-14
d  1.5296812631e-02 1.2922327919e+00 -2.0000000000e-01 2.4902648553e-02 3.0000000000e+02 -2.4901268448e-09 -8.4835925500e-14 2.4902660347e-09 2.4901251427e-09 5.5632725591e-15 8.4855548227e-14 -2.4902632838e-09 4.7711944291e-14
d  1.5299173254e-02 1.2905803565e+00 -2.0000000000e-01 2.4191233048e-02 3.0000000000e+02 -2.4189847725e-09 -8.5363470407e-14 2.4191243097e-09 2.4189832809e-09 5.5745743257e-15 8.5383232743e-14 -2.4191219440e-09 4.7711006224e-14
d  1.5302006001e-02 1.2885974340e+00 -2.0000000000e-01 2.3339693427e-02 3.0000000000e+02 -2.3338301424e-09 -8.6018970274e-14 2.3339762387e-09 2.3338205692e-09 5.5852331057e-15 8.6037793594e-14 -2.3339598969e-09 4.7705276023e-14
d  1.5303705650e-02 1.2874076805e+00 -2.0000000000e-01 2.2829783196e-02 3.0000000000e+02 -2.2828386485e-09 -8.6483535095e-14 2.2829732515e-09 2.2828447735e-09 5.5973064933e-15 8.6505170623e-14 -2.2829845801e-09 4.7717093671e-14
d  1.5305745228e-02 1.2859799763e+00 -2.0000000000e-01 2.2218784334e-02 3.0000000000e+02 -2.2217381879e-09 -8.7021603743e-14 2.2218808892e-09 2.2217350466e-09 5.6042426827e-15 8.7040900959e-14 -2.2218754209e-09 4.7714771430e-14
d  1.5308192721e-02 1.2842667312e+00 -2.0000000000e-01 2.1486548908e-02 3.0000000000e+02 -2.1485138315e-09 -8.7807508319e-14 2.1486600556e-09 2.1485072542e-09 5.6242100182e-15 8.7826450675e-14 -2.1486484407e-09 4.7742671965e-14
d  1.5309661217e-02 1.2832387842e+00 -2.0000000000e-01 2.1047649930e-02 3.0000000000e+02 -2.1046234060e-09 -8.8310101342e-14 2.1047595634e-09 2.1046292931e-09 5.6376350792e-15 8.8332266890e-14 -2.1047710163e-09 4.7764093716e-14
d  1.5311423413e-02 1.2820052478e+00 -2.0000000000e-01 2.0521292669e-02 3.0000000000e+02 -2.0519870205e-09 -8.8912741214e-14 2.0521259125e-09 2.0519905972e-09 5.6489766688e-15 8.8933930515e-14 -2.0521329772e-09 4.7779879985e-14
d  1.5313538047e-02 1.2805250041e+00 -2.0000000000e-01 1.9889841522e-02 3.0000000000e+02 -1.9888409937e-09 -8.9769894626e-14 1.9889856400e-09 1.9888391805e-09 5.6715885883e-15 8.9789517590e-14 -1.9889824679e-09 4.7823633437e-14
d  1.5316075609e-02 1.2787487116e+00 -2.0000000000e-01 1.9132004740e-02 3.0000000000e+02 -1.9130561077e-09 -9.0889997248e-14 1.9132013110e-09 1.9130550139e-09 5.7021480105e-15 9.0909852038e-14 -1.9131995094e-09 4.7887805208e-14
d  1.5317598145e-02 1.2776829361e+00 -2.0000000000e-01 1.8677108221e-02 3.0000000000e+02 -1.8675656437e-09 -9.1635110637e-14 1.8677041901e-09 1.8675722087e-09 5.7231708749e-15 9.1657514616e-14 -1.8677175233e-09 4.7935461187e-14
d  1.5319425190e-02 1.2764040056e+00 -2.0000000000e-01 1.8130743620e-02 3.0000000000e+02 -1.8129281240e-09 -9.2588641879e-14 1.8130751055e-09 1.8129272498e-09 5.7476253008e-15 9.2608404985e-14 -1.8130736166e-09 4.7993710964e-14
d  1.5321617643e-02 1.2748692889e+00 -2.0000000000e-01 1.7473912515e-02 3.0000000000e+02 -1.7472435628e-09 -9.3915194337e-14 1.7473922346e-09 1.7472424216e-09 5.7895916481e-15 9.3934979439e-14 -1.7473902388e-09 4.8098313364e-14
d  1.5322933115e-02 1.2739484589e+00 -2.0000000000e-01 1.7079068366e-02 3.0000000000e+02 -1.7077581989e-09 -9.4770984874e-14 1.7079018189e-09 1.7077625165e-09 5.8157915415e-15 9.4793304344e-14 -1.7079112893e-09 4.8166205374e-14
d  1.5324511681e-02 1.2728434629e+00 -2.0000000000e-01 1.6604225534e-02 3.0000000000e+02 -1.6602726750e-09 -9.5870803982e-14 1.6604163050e-09 1.6602780678e-09 5.8493247913e-15 9.5893359845e-14 -1.6604280820e-09 4.8255331431e-14
d  1.5326405960e-02 1.2715174677e+00 -2.0000000000e-01 1.6032492884e-02 3.0000000000e+02 -1.6030977446e-09 -9.7359283140e-14 1.6032558110e-09 1.6030916573e-09 5.8954242517e-15 9.7377429666e-14 -1.6032433242e-09 4.8382154193e-14
d  1.5328679095e-02 1.2699262734e+00 -2.0000000000e-01 1.5342841692e-02 3.0000000000e+02 -1.5341303346e-09 -9.9413108830e-14 1.5342866865e-09 1.5341278440e-09 5.9670009818e-15 9.9432644364e-14 -1.5342818055e-09 4.8580703244e-14
d  1.5330042977e-02 1.2689715568e+00 -2.0000000000e-01 1.4926916593e-02 3.0000000000e+02 -1.4925362870e-09 -1.0076791467e-13 1.4926845215e-09 1.4925418037e-09 6.0121702364e-15 1.0079095998e-13 -1.4926973125e-09 4.8710483280e-14
d  1.5331679634e-02 1.2678258970e+00 -2.0000000000e-01 1.4425074450e-02 3.0000000000e+02 -1.4423500082e-09 -1.0256445040e-13 1.4425026159e-09 1.4423536752e-09 6.0723331371e-15 1.0258625642e-13 -1.4425112451e-09 4.8886326950e-14
d  1.5333643623e-02 1.2664511051e+00 -2.0000000000e-01 1.3817952223e-02 3.0000000000e+02 -1.3816349336e-09 -1.0507662541e-13 1.3818002670e-09 1.3816307078e-09 6.1614760274e-15 1.0509536881e-13 -1.3817911205e-09 4.9148980754e-14
d  1.5334822016e-02 1.2656262300e+00 -2.0000000000e-01 1.3450782891e-02 3.0000000000e+02 -1.3449160537e-09 -1.0680310083e-13 1.3450754829e-09 1.3449178114e-09 6.2248111725e-15 1.0682467318e-13 -1.3450801786e-09 4.9337581438e-14
d  1.5336236088e-02 1.2646363799e+00 -2.0000000000e-01 1.3006709490e-02 3.0000000000e+02 -1.3005061551e-09 -1.0900935012e-13 1.3006640600e-09 1.3005106274e-09 6.3040490738e-15 1.0903277350e-13 -1.3006755578e-09 4.9576826477e-14
d  1.5337932975e-02 1.2634485598e+00 -2.0000000000e-01 1.2467811572e-02 3.0000000000e+02 -1.2466128402e-09 -1.1207097330e-13 1.2467804392e-09 1.2466132120e-09 6.4160535367e-15 1.1209121898e-13 -1.2467816572e-09 4.9918188634e-14
d  1.5339969238e-02 1.2620231756e+00 -2.0000000000e-01 1.1810611400e-02 3.0000000000e+02 -1.1808878299e-09 -1.1642076647e-13 1.1810624630e-09 1.1808867571e-09 6.5796971449e-15 1.1644047965e-13 -1.1810601935e-09 5.0420275660e-14
d  1.5341190997e-02 1.2611679451e+00 -2.0000000000e-01 1.1410108764e-02 3.0000000000e+02 -1.1408340672e-09 -1.1946719066e-13 1.1410073946e-09 1.1408359429e-09 6.6898259279e-15 1.1948904398e-13 -1.1410128839e-09 5.0767446705e-14
d  1.5342657106e-02 1.2601416685e+00 -2.0000000000e-01 1.0921861082e-02 3.0000000000e+02 -1.0920044347e-09 -1.2366173326e-13 1.0921853656e-09 1.0920047292e-09 6.8455615967e-15 1.2368208279e-13 -1.0921865308e-09 5.1257966828e-14
d  1.5344416438e-02 1.2589101365e+00 -2.0000000000e-01 1.0322454036e-02 3.0000000000e+02 -1.0320567630e-09 -1.2969361373e-13 1.0322470428e-09 1.0320556793e-09 7.0739698575e-15 1.2971309553e-13 -1.0322444453e-09 5.1979814464e-14
d  1.5346527636e-02 1.2574322982e+00 -2.0000000000e-01 9.5788662252e-03 3.0000000000e+02 -9.5768755010e-10 -1.3871050124e-13 9.5788757935e-10 9.5768685466e-10 7.4115749886e-15 1.3873031981e-13 -9.5788605311e-10 5.3062392060e-14
d  1.5347794355e-02 1.2565455952e+00 -2.0000000000e-01 9.1182866642e-03 3.0000000000e+02 -9.1162187443e-10 -1.4542573259e-13 9.1182667253e-10 9.1162266142e-10 7.6426594048e-15 1.4544676762e-13 -9.1182958255e-10 5.3834769495e-14
d  1.5349314418e-02 1.2554815517e+00 -2.0000000000e-01 8.5471617530e-03 3.0000000000e+02 -8.5449799335e-10 -1.5528986174e-13 8.5471263641e-10 8.5449942582e-10 7.9926058488e-15 1.5531149796e-13 -8.5471773836e-10 5.4998011799e-14
d  1.5351138493e-02 1.2542046994e+00 -2.0000000000e-01 7.8281538973e-03 3.0000000000e+02 -7.8257971902e-10 -1.7047557093e-13 7.8281607183e-10 7.8257929280e-10 8.5171084381e-15 1.7049535860e-13 -7.8281508909e-10 5.6771935478e-14
d  1.5352232938e-02 1.2534385880e+00 -2.0000000000e-01 7.3774272115e-03 3.0000000000e+02 -7.3749408960e-10 -1.8187839159e-13 7.3774553730e-10 7.3749303647e-10 8.8580521176e-15 1.8189633640e-13 -7.3774178951e-10 5.8004664727e-14
d  1.5353546273e-02 1.2525192543e+00 -2.0000000000e-01 6.8128186343e-03 3.0000000000e+02 -6.8101399585e-10 -1.9877836871e-13 6.8128600568e-10 6.8101259047e-10 9.3647945840e-15 1.9879559773e-13 -6.8128057773e-10 5.9842348890e-14
d  1.5354334273e-02 1.2519676541e+00 -2.0000000000e-01 6.4609632154e-03 3.0000000000e+02 -6.4581490872e-10 -2.1081717662e-13 6.4609778436e-10 6.4581443644e-10 9.6749420742e-15 2.1083532281e-13 -6.4609597140e-10 6.1053608643e-14
d  1.5355279874e-02 1.2513057339e+00 -2.0000000000e-01 6.0238759618e-03 3.0000000000e+02 -6.0208715208e-10 -2.2770971585e-13 6.0238743415e-10 6.0208706320e-10 1.0101684150e-14 2.2772990622e-13 -6.0238763341e-10 6.2740637616e-14
d  1.5355847234e-02 1.2509085817e+00 -2.0000000000e-01 5.7538782011e-03 3.0000000000e+02 -5.7507461352e-10 -2.3917214110e-13 5.7539212423e-10 5.7507371585e-10 1.0341357902e-14 2.3918350742e-13 -5.7538703189e-10 6.3787109517e-14
d  1.5356528066e-02 1.2504319992e+00 -2.0000000000e-01 5.4217139332e-03 3.0000000000e+02 -5.4184100100e-10 -2.5468127260e-13 5.4217104083e-10 5.4184093615e-10 1.0665483570e-14 2.5470193056e-13 -5.4217145530e-10 6.5206508045e-14
d  1.5356936566e-02 1.2501460496e+00 -2.0000000000e-01 5.2183515210e-03 3.0000000000e+02 -5.2149371427e-10 -2.6466139029e-13 5.2183678670e-10 5.2149335437e-10 1.0830305893e-14 2.6467646464e-13 -5.2183490879e-10 6.6032484736e-14
d  1.5357426765e-02 1.2498029102e+00 -2.0000000000e-01 4.9702842754e-03 3.0000000000e+02 -4.9667260656e-10 -2.7778915645e-13 4.9702832886e-10 4.9667249521e-10 1.1048272131e-14 2.7780943359e-13 -4.9702844216e-10 6.7123650884e-14
d  1.5357720885e-02 1.2495970265e+00 -2.0000000000e-01 4.8195014929e-03 3.0000000000e+02 -4.8158531346e-10 -2.8602559247e-13 4.8195041563e-10 4.8158515619e-10 1.1156102590e-14 2.8604442261e-13 -4.8195011538e-10 6.7750658883e-14
d  1.5358073828e-02 1.2493499661e+00 -2.0000000000e-01 4.6367198562e-03 3.0000000000e+02 -4.6329573047e-10 -2.9653063175e-13 4.6367110713e-10 4.6329570887e-10 1.1292401490e-14 2.9655423205e-13 -4.6367209585e-10 6.8549006031e-14
d  1.5358497361e-02 1.2490534936e+00 -2.0000000000e-01 4.4149217008e-03 3.0000000000e+02 -4.4110150031e-10 -3.0980729575e-13 4.4149211608e-10 4.4110138165e-10 1.1438114210e-14 3.0982747716e-13 -4.4149217710e-10 6.9505276398e-14
d  1.5358751480e-02 1.2488756101e+00 -2.0000000000e-01 4.2807864757e-03 3.0000000000e+02 -4.2767906653e-10 -3.1813437846e-13 4.2807884174e-10 4.2767892154e-10 1.1502246828e-14 3.1815337101e-13 -4.2807862612e-10 7.0051101598e-14
d  1.5359056423e-02 1.2486621499e+00 -2.0000000000e-01 4.1189461199e-03 3.0000000000e+02 -4.1148394432e-10 -3.2848997501e-13 4.1189401463e-10 4.1148387931e-10 1.1575500815e-14 3.2851286953e-13 -4.1189467737e-10 7.0717675634e-14
d  1.5359422355e-02 1.2484059977e+00 -2.0000000000e-01 3.9237522009e-03 3.0000000000e+02 -3.9195080170e-10 -3.4133498010e-13 3.9237588804e-10 3.9195061147e-10 1.1638505026e-14 3.4135231676e-13 -3.9237515036e-10 7.1490362657e-14
d  1.5359641914e-02 1.2482523064e+00 -2.0000000000e-01 3.8063389866e-03 3.0000000000e+02 -3.8020109790e-10 -3.4935981652e-13 3.8063398918e-10 3.8020096500e-10 1.1655729618e-14 3.4937926432e-13 -3.8063389000e-10 7.1926991403e-14
d  1.5359905385e-02 1.2480678768e+00 -2.0000000000e-01 3.6653314571e-03 3.0000000000e+02 -3.6609008501e-10 -3.5906723067e-13 3.6653282053e-10 3.6608998827e-10 1.1663510041e-14 3.5908908440e-13 -3.6653317740e-10 7.2431640533e-14
d  1.5360221550e-02 1.2478465613e+00 -2.0000000000e-01 3.4962413349e-03 3.0000000000e+02 -3.4916853736e-10 -3.7102503588e-13 3.4962425020e-10 3.4916840277e-10 1.1650606581e-14 3.7104448677e-13 -3.4962412307e-10 7.3008396576e-14
d  1.5360411249e-02 1.2477137719e+00 -2.0000000000e-01 3.3950304056e-03 3.0000000000e+02 -3.3903991492e-10 -3.7830484709e-13 3.3950417443e-10 3.3903970196e-10 1.1618260494e-14 3.7831674514e-13 -3.3950293855e-10 7.3310489006e-14
d  1.5360638888e-02 1.2475544248e+00 -2.0000000000e-01 3.2739785348e-03 3.0000000000e+02 -3.2692559244e-10 -3.8718706932e-13 3.2739769860e-10 3.2692547934e-10 1.1576092490e-14 3.8720810400e-13 -3.2739786728e-10 7.3675080084e-14
d  1.5360912055e-02 1.2473632082e+00 -2.0000000000e-01 3.1295280805e-03 3.0000000000e+02 -3.1246959832e-10 -3.9774565052e-13 3.1295256836e-10 3.1246949108e-10 1.1495783430e-14 3.9776697498e-13 -3.1295282819e-10 7.4047824427e-14
d  1.5361075955e-02 1.2472484782e+00 -2.0000000000e-01 3.0434173108e-03 3.0000000000e+02 -3.0385200591e-10 -4.0414682345e-13 3.0434163221e-10 3.0385188797e-10 1.1429448033e-14 4.0416764851e-13 -3.0434173961e-10 7.4238891053e-14
d  1.5361272635e-02 1.2471108022e+00 -2.0000000000e-01 2.9407622178e-03 3.0000000000e+02 -2.9357868578e-10 -4.1184437661e-13 2.9407614824e-10 2.9357856597e-10 1.1341681581e-14 4.1186495055e-13 -2.9407622796e-10 7.4452849596e-14
d  1.5361508651e-02 1.2469455911e+00 -2.0000000000e-01 2.8187266425e-03 3.0000000000e+02 -2.8136584882e-10 -4.2103005411e-13 2.8187432940e-10 2.8136561687e-10 1.1215059663e-14 4.2103928731e-13 -2.8187253849e-10 7.4664175845e-14
d  1.5361650260e-02 1.2468464644e+00 -2.0000000000e-01 2.7461990240e-03 3.0000000000e+02 -2.7410759275e-10 -4.2664852843e-13 2.7462012379e-10 2.7410745445e-10 1.1131388204e-14 4.2666637542e-13 -2.7461988533e-10 7.4782324583e-14
d  1.5361820192e-02 1.2467275123e+00 -2.0000000000e-01 2.6599386432e-03 3.0000000000e+02 -2.6547509903e-10 -4.3296819729e-13 2.6599382846e-10 2.6547497649e-10 1.1012077344e-14 4.3298852359e-13 -2.6599386729e-10 7.4864131839e-14
d  1.5362024110e-02 1.2465847699e+00 -2.0000000000e-01 2.5576594674e-03 3.0000000000e+02 -2.5523953777e-10 -4.4069188676e-13 2.5576596497e-10 2.5523941206e-10 1.0860152643e-14 4.4071174925e-13 -2.5576594571e-10 7.4952347614e-14
d  1.5362146461e-02 1.2464991244e+00 -2.0000000000e-01 2.4969955372e-03 3.0000000000e+02 -2.4916867445e-10 -4.4524938313e-13 2.4969996752e-10 2.4916852672e-10 1.0756881363e-14 4.4526470171e-13 -2.4969952278e-10 7.4977157640e-14
d  1.5362293281e-02 1.2463963499e+00 -2.0000000000e-01 2.4249520822e-03 3.0000000000e+02 -2.4195904797e-10 -4.5069271627e-13 2.4249519024e-10 2.4195892430e-10 1.0630676565e-14 4.5071290660e-13 -2.4249520977e-10 7.5001771123e-14
d  1.5362469466e-02 1.2462730204e+00 -2.0000000000e-01 2.3396602408e-03 3.0000000000e+02 -2.3342371467e-10 -4.5694611748e-13 2.3396604267e-10 2.3342358907e-10 1.0464097673e-14 4.5696595416e-13 -2.3396602306e-10 7.4986717595e-14
d  1.5362575177e-02 1.2461990228e+00 -2.0000000000e-01 2.2891280046e-03 3.0000000000e+02 -2.2836690212e-10 -4.6067796084e-13 2.2891308363e-10 2.2836676297e-10 1.0357060913e-14 4.6069423887e-13 -2.2891277972e-10 7.4962651915e-14
d  1.5362702031e-02 1.2461102255e+00 -2.0000000000e-01 2.2291606251e-03 3.0000000000e+02 -2.2236594708e-10 -4.6511974211e-13 2.2291456567e-10 2.2236589724e-10 1.0231201714e-14 4.6515815415e-13 -2.2291616936e-10 7.4938361522e-14
d  1.5362854254e-02 1.2460036689e+00 -2.0000000000e-01 2.1582122711e-03 3.0000000000e+02 -2.1526626238e-10 -4.6994688579e-13 2.1582121236e-10 2.1526613849e-10 1.0055197732e-14 4.6996703645e-13 -2.1582122829e-10 7.4831469523e-14
d  1.5363036923e-02 1.2458758009e+00 -2.0000000000e-01 2.0746101765e-03 3.0000000000e+02 -2.0690039164e-10 -4.7618954821e-13 2.0746099409e-10 2.0690026815e-10 9.8515751920e-15 4.7620974815e-13 -2.0746101930e-10 7.4743041113e-14
d  1.5363146524e-02 1.2457990801e+00 -2.0000000000e-01 2.0252848398e-03 3.0000000000e+02 -2.0196463967e-10 -4.7957885774e-13 2.0252750566e-10 2.0196455968e-10 9.7206313229e-15 4.7961126740e-13 -2.0252855023e-10 7.4655100740e-14
d  1.5363278046e-02 1.2457070151e+00 -2.0000000000e-01 1.9669559391e-03 3.0000000000e+02 -1.9612804353e-10 -4.8340210883e-13 1.9669467332e-10 1.9612795967e-10 9.5535616045e-15 4.8343303817e-13 -1.9669565372e-10 7.4516460229e-14
d  1.5363435871e-02 1.2455965372e+00 -2.0000000000e-01 1.8982461185e-03 3.0000000000e+02 -1.8925279406e-10 -4.8811396525e-13 1.8982486759e-10 1.8925265862e-10 9.3497792884e-15 4.8813144199e-13 -1.8982459679e-10 7.4349538302e-14
d  1.5363625262e-02 1.2454639637e+00 -2.0000000000e-01 1.8177116051e-03 3.0000000000e+02 -1.8119454363e-10 -4.9356339829e-13 1.8177123119e-10 1.8119441620e-10 9.1016209125e-15 4.9358281887e-13 -1.8177115681e-10 7.4132930080e-14
d  1.5363738897e-02 1.2453844195e+00 -2.0000000000e-01 1.7704205078e-03 3.0000000000e+02 -1.7646275886e-10 -4.9648318257e-13 1.7704137029e-10 1.7646266156e-10 8.9461950952e-15 4.9651151337e-13 -1.7704209260e-10 7.3972721388e-14
d  1.5363875258e-02 1.2452889666e+00 -2.0000000000e-01 1.7147187380e-03 3.0000000000e+02 -1.7088956560e-10 -4.9975778869e-13 1.7147197025e-10 1.7088943733e-10 8.7506233217e-15 4.9977668347e-13 -1.7147186832e-10 7.3749550461e-14
d  1.5364038892e-02 1.2451744231e+00 -2.0000000000e-01 1.6494202351e-03 3.0000000000e+02 -1.6435632652e-10 -5.0382966769e-13 1.6494087280e-10 1.6435624468e-10 8.5227762335e-15 5.0386062994e-13 -1.6494208532e-10 7.3504500397e-14
d  1.5364235252e-02 1.2450369708e+00 -2.0000000000e-01 1.5733328000e-03 3.0000000000e+02 -1.5674397931e-10 -5.0786824109e-13 1.5733326516e-10 1.5674385533e-10 8.2296194015e-15 5.0788835860e-13 -1.5733328088e-10 7.3126366462e-14
d  1.5364353068e-02 1.2449544995e+00 -2.0000000000e-01 1.5288848405e-03 3.0000000000e+02 -1.5229719842e-10 -5.1044205214e-13 1.5288847939e-10 1.5229707409e-10 8.0583257759e-15 5.1046210727e-13 -1.5288848446e-10 7.2917202132e-14
d  1.5364494448e-02 1.2448555339e+00 -2.0000000000e-01 1.4767564567e-03 3.0000000000e+02 -1.4708222901e-10 -5.1304637415e-13 1.4767571623e-10 1.4708210215e-10 7.8460300047e-15 5.1306559377e-13 -1.4767564211e-10 7.2627955080e-14
d  1.5364664103e-02 1.2447367752e+00 -2.0000000000e-01 1.4159636219e-03 3.0000000000e+02 -1.4100070705e-10 -5.1592154329e-13 1.4159556035e-10 1.4100060822e-10 7.5913417436e-15 5.1594891895e-13 -1.4159640073e-10 7.2268978095e-14
d  1.5364867690e-02 1.2445942647e+00 -2.0000000000e-01 1.3455692055e-03 3.0000000000e+02 -1.3395906381e-10 -5.1874773806e-13 1.3455691226e-10 1.3395893960e-10 7.2771359846e-15 5.1876780144e-13 -1.3455692104e-10 7.1788542789e-14
d  1.5365111993e-02 1.2444232521e+00 -2.0000000000e-01 1.2647953044e-03 3.0000000000e+02 -1.2587967598e-10 -5.2187622975e-13 1.2647957259e-10 1.2587955034e-10 6.9057978268e-15 5.2189596168e-13 -1.2647952890e-10 7.1211114426e-14
d  1.5365258576e-02 1.2443206446e+00 -2.0000000000e-01 1.2182564137e-03 3.0000000000e+02 -1.2122493035e-10 -5.2329644067e-13 1.2182511565e-10 1.2122482051e-10 6.6852203400e-15 5.2332142883e-13 -1.2182566471e-10 7.0846367998e-14
d  1.5365434474e-02 1.2441975155e+00 -2.0000000000e-01 1.1643108046e-03 3.0000000000e+02 -1.1582971081e-10 -5.2454505248e-13 1.1643059108e-10 1.1582959936e-10 6.4173503170e-15 5.2456939994e-13 -1.1643110106e-10 7.0378734529e-14
d  1.5365645553e-02 1.2440497606e+00 -2.0000000000e-01 1.1022979243e-03 3.0000000000e+02 -1.0962811662e-10 -5.2579245206e-13 1.1022980997e-10 1.0962799178e-10 6.0999244597e-15 5.2581232247e-13 -1.1022979188e-10 6.9812942852e-14
d  1.5365898847e-02 1.2438724548e+00 -2.0000000000e-01 1.0317493701e-03 3.0000000000e+02 -1.0257358458e-10 -5.2664131080e-13 1.0317493096e-10 1.0257346034e-10 5.7267099429e-15 5.2666134796e-13 -1.0317493731e-10 6.9116945828e-14
d  1.5366050823e-02 1.2437660713e+00 -2.0000000000e-01 9.9140034767e-04 3.0000000000e+02 -9.8539204376e-11 -5.2673178033e-13 9.9139723335e-11 9.8539087115e-11 5.5102273990e-15 5.2675463330e-13 -9.9140046912e-11 6.8693199893e-14
d  1.5366233195e-02 1.2436384111e+00 -2.0000000000e-01 9.4490533018e-04 3.0000000000e+02 -9.3890692195e-11 -5.2643150557e-13 9.4490247483e-11 9.3890574040e-11 5.2511204706e-15 5.2645395482e-13 -9.4490543555e-11 6.8164969004e-14
d  1.5366452041e-02 1.2434852188e+00 -2.0000000000e-01 8.9182535662e-04 3.0000000000e+02 -8.8584354230e-11 -5.2575338074e-13 8.9182532417e-11 8.8584229948e-11 4.9476093288e-15 5.2577340390e-13 -8.9182535857e-11 6.7529784420e-14
d  1.5366714657e-02 1.2433013881e+00 -2.0000000000e-01 8.3192062964e-04 3.0000000000e+02 -8.2596513417e-11 -5.2431429308e-13 8.3191588128e-11 8.2596398034e-11 4.5971225830e-15 5.2433711413e-13 -8.3192076875e-11 6.6763534218e-14
d  1.5367029795e-02 1.2430807913e+00 -2.0000000000e-01 7.6526896867e-04 3.0000000000e+02 -7.5935377137e-11 -5.2151421397e-13 7.6526892210e-11 7.5935252910e-11 4.1929493407e-15 5.2153423701e-13 -7.6526897064e-11 6.5821691249e-14
d  1.5367218878e-02 1.2429484332e+00 -2.0000000000e-01 7.2788591458e-04 3.0000000000e+02 -7.2199850281e-11 -5.1960713516e-13 7.2788399042e-11 7.2199729234e-11 3.9699987243e-15 5.1962855183e-13 -7.2788597227e-11 6.5284423833e-14
d  1.5367445778e-02 1.2427896035e+00 -2.0000000000e-01 6.8549227056e-04 3.0000000000e+02 -6.7964249277e-11 -5.1669134508e-13 6.8549047263e-11 6.7964127854e-11 3.7063279816e-15 5.1671258476e-13 -6.8549232123e-11 6.4615066543e-14
d  1.5367718057e-02 1.2425990078e+00 -2.0000000000e-01 6.3801116066e-04 3.0000000000e+02 -6.3221170578e-11 -5.1278384953e-13 6.3801117966e-11 6.3221046290e-11 3.4047143611e-15 5.1280383863e-13 -6.3801116083e-11 6.3820438860e-14
d  1.5368044793e-02 1.2423702930e+00 -2.0000000000e-01 5.8562795916e-04 3.0000000000e+02 -5.7989535059e-11 -5.0743141213e-13 5.8562795150e-11 5.7989410832e-11 3.0668803039e-15 5.0745141579e-13 -5.8562795991e-11 6.2881038778e-14
d  1.5368240834e-02 1.2422330642e+00 -2.0000000000e-01 5.5645023640e-04 3.0000000000e+02 -5.5076027462e-11 -5.0387970214e-13 5.5644930507e-11 5.5075904468e-11 2.8829749244e-15 5.0390036408e-13 -5.5645026069e-11 6.2337414620e-14
d  1.5368476084e-02 1.2420683895e+00 -2.0000000000e-01 5.2353290387e-04 3.0000000000e+02 -5.1789712734e-11 -4.9928373571e-13 5.2353200777e-11 5.1789589639e-11 2.6685591096e-15 4.9930433218e-13 -5.2353292582e-11 6.1680281681e-14
d  1.5368758383e-02 1.2418707799e+00 -2.0000000000e-01 4.8687407804e-04 3.0000000000e+02 -4.8130675120e-11 -4.9347429486e-13 4.8687298676e-11 4.8130552175e-11 2.4263917995e-15 4.9349489985e-13 -4.8687410141e-11 6.0906689574e-14
d  1.5369097143e-02 1.2416336484e+00 -2.0000000000e-01 4.4667538241e-04 3.0000000000e+02 -4.4119416037e-11 -4.8603541891e-13 4.4667407079e-11 4.4119293228e-11 2.1589926267e-15 4.8605602461e-13 -4.4667540688e-11 6.0000356536e-14
d  1.5369503654e-02 1.2413490906e+00 -2.0000000000e-01 4.0340092089e-04 3.0000000000e+02 -3.9802748334e-11 -4.7659480917e-13 4.0339952037e-11 3.9802625493e-11 1.8698694031e-15 4.7661534800e-13 -4.0340094355e-11 5.8949195191e-14
d  1.5369747561e-02 1.2411783559e+00 -2.0000000000e-01 3.7979571859e-04 3.0000000000e+02 -3.7448822467e-11 -4.7072746630e-13 3.7979527231e-11 3.7448698758e-11 1.7193949586e-15 4.7074772127e-13 -3.7979572747e-11 5.8353486471e-14
d  1.5370040249e-02 1.2409734743e+00 -2.0000000000e-01 3.5359975062e-04 3.0000000000e+02 -3.4837308904e-11 -4.6356319736e-13 3.5360026572e-11 3.4837184367e-11 1.5468758026e-15 4.6358292172e-13 -3.5359974181e-11 5.7648137088e-14
d  1.5370391474e-02 1.2407276164e+00 -2.0000000000e-01 3.2497471866e-04 3.0000000000e+02 -3.1984642835e-11 -4.5477362480e-13 3.2497425202e-11 3.1984519123e-11 1.3569532511e-15 4.5479383284e-13 -3.2497472618e-11 5.6825522091e-14
d  1.5370812945e-02 1.2404325869e+00 -2.0000000000e-01 2.9425812226e-04 3.0000000000e+02 -2.8924872578e-11 -4.4398621330e-13 2.9425779959e-11 2.8924748758e-11 1.1538643109e-15 4.4400633318e-13 -2.9425812686e-11 5.5874694422e-14
d  1.5371318710e-02 1.2400785514e+00 -2.0000000000e-01 2.6198738583e-04 3.0000000000e+02 -2.5712053429e-11 -4.3103354784e-13 2.6198678048e-11 2.5711929789e-11 9.4283995527e-16 4.3105373530e-13 -2.6198739302e-11 5.4797427704e-14
d  1.5371925628e-02 1.2396537089e+00 -2.0000000000e-01 2.2890071606e-04 3.0000000000e+02 -2.2420288327e-11 -4.1555145547e-13 2.2890003622e-11 2.2420164720e-11 7.2975210429e-16 4.1557163099e-13 -2.2890072291e-11 5.3586284032e-14
d  1.5372289779e-02 1.2393988034e+00 -2.0000000000e-01 2.1157906642e-04 3.0000000000e+02 -2.0698037423e-11 -4.0639369376e-13 2.1157889816e-11 2.0697913571e-11 6.2813783354e-16 4.0641375816e-13 -2.1157906862e-11 5.2917378586e-14
d  1.5372726760e-02 1.2390929168e+00 -2.0000000000e-01 1.9295436492e-04 3.0000000000e+02 -1.8847278042e-11 -3.9560216004e-13 1.9295425272e-11 1.8847154186e-11 5.1412044213e-16 3.9562220026e-13 -1.9295436635e-11 5.2140297912e-14
d  1.5373251137e-02 1.2387258529e+00 -2.0000000000e-01 1.7331843000e-04 3.0000000000e+02 -1.6897365522e-11 -3.8292528482e-13 1.7331813166e-11 1.6897241775e-11 3.9410588243e-16 3.8294537397e-13 -1.7331843297e-11 5.1254415772e-14
d  1.5373880390e-02 1.2382853761e+00 -2.0000000000e-01 1.5307494530e-04 3.0000000000e+02 -1.4888816047e-11 -3.6822517066e-13 1.5307482413e-11 1.4888692263e-11 2.7338802299e-16 3.6824520085e-13 -1.5307494642e-11 5.0262750678e-14
d  1.5374635493e-02 1.2377568041e+00 -2.0000000000e-01 1.3272383910e-04 3.0000000000e+02 -1.2871710047e-11 -3.5144401408e-13 1.3272400384e-11 1.2871586220e-11 1.5592623214e-16 3.5146397985e-13 -1.3272383813e-11 4.9169805846e-14
d  1.5375088555e-02 1.2374396608e+00 -2.0000000000e-01 1.2223328469e-04 3.0000000000e+02 -1.1832917026e-11 -3.4185009182e-13 1.2223454175e-11 1.1832792881e-11 1.0216582580e-16 3.4186970528e-13 -1.2223327412e-11 4.8570303978e-14
d  1.5375632229e-02 1.2370590889e+00 -2.0000000000e-01 1.1107530717e-04 3.0000000000e+02 -1.0728942297e-11 -3.3080881416e-13 1.1107531225e-11 1.0728818589e-11 4.2529639627e-17 3.3082881269e-13 -1.1107530725e-11 4.7884763325e-14
d  1.5376284639e-02 1.2366024027e+00 -2.0000000000e-01 9.9443061002e-05 3.0000000000e+02 -9.5791837018e-12 -3.1812568973e-13 9.9443046262e-12 9.5790600453e-12 -1.9334563937e-17 3.1814569327e-13 -9.9443061201e-12 4.7109730002e-14
d  1.5377067529e-02 1.2360543792e+00 -2.0000000000e-01 8.7586604197e-05 3.0000000000e+02 -8.4086825159e-12 -3.0389746609e-13 8.7586449511e-12 8.4085589447e-12 -7.9954040263e-17 3.0391749706e-13 -8.7586605162e-12 4.6256806242e-14
d  1.5378006999e-02 1.2353967509e+00 -2.0000000000e-01 7.5798512925e-05 3.0000000000e+02 -7.2466605386e-12 -2.8808529891e-13 7.5798485790e-12 7.2465370040e-12 -1.3761405483e-16 2.8810530344e-13 -7.5798513130e-12 4.5326936176e-14
d  1.5379134362e-02 1.2346075971e+00 -2.0000000000e-01 6.4390255768e-05 3.0000000000e+02 -6.1241340255e-12 -2.7085339495e-13 6.4390253537e-12 6.1240105651e-12 -1.9042260994e-16 2.7087339526e-13 -6.4390255842e-12 4.4331978861e-14
d  1.5379810779e-02 1.2341341047e+00 -2.0000000000e-01 5.8685099529e-05 3.0000000000e+02 -5.5636967229e-12 -2.6133560149e-13 5.8685104168e-12 5.5635733087e-12 -2.1282796075e-16 2.6135560054e-13 -5.8685099563e-12 4.3794294386e-14
d  1.5380622481e-02 1.2335659140e+00 -2.0000000000e-01 5.2746130186e-05 3.0000000000e+02 -4.9810879822e-12 -2.5067155780e-13 5.2746139686e-12 4.9809646242e-12 -2.3756380305e-16 2.5069155597e-13 -5.2746130193e-12 4.3192641666e-14
d  1.5381596522e-02 1.2328840850e+00 -2.0000000000e-01 4.6693857901e-05 3.0000000000e+02 -4.3883420365e-12 -2.3887530359e-13 4.6693860832e-12 4.3882187477e-12 -2.6228209306e-16 2.3889530312e-13 -4.6693857936e-12 4.2531808129e-14
d  1.5382765372e-02 1.2320658903e+00 -2.0000000000e-01 4.0669014690e-05 3.0000000000e+02 -3.7994583288e-12 -2.2600950684e-13 4.0669007260e-12 3.7993351230e-12 -2.8561929657e-16 2.2602950783e-13 -4.0669014756e-12 4.1817285193e-14
d  1.5384167992e-02 1.2310840566e+00 -2.0000000000e-01 3.4820987702e-05 3.0000000000e+02 -3.2292348337e-12 -2.1221158352e-13 3.4820991386e-12 3.2291117250e-12 -3.0689084252e-16 2.1223158311e-13 -3.4820987726e-12 4.1057285527e-14
d  1.5385851136e-02 1.2299058562e+00 -2.0000000000e-01 2.9293680298e-05 3.0000000000e+02 -2.6918517280e-12 -1.9768129613e-13 2.9293683268e-12 2.6917287372e-12 -3.2555562064e-16 1.9770129585e-13 -2.9293680320e-12 4.0262981835e-14
d  1.5387870909e-02 1.2284920157e+00 -2.0000000000e-01 2.4009365335e-05 3.0000000000e+02 -2.1729479774e-12 -1.8865287940e-13 2.4007787242e-12 2.1728252277e-12 -3.3766724037e-16 1.8867300231e-13 -2.4009368474e-12 3.9774711890e-14
d  1.5390294636e-02 1.2267954071e+00 -2.0000000000e-01 1.9391161204e-05 3.0000000000e+02 -1.7288523840e-12 -1.7186418947e-13 1.9389834542e-12 1.7287297720e-12 -3.5414141795e-16 1.7188427563e-13 -1.9391163384e-12 3.8862859600e-14
d  1.5391748873e-02 1.2257774419e+00 -2.0000000000e-01 1.7342855265e-05 3.0000000000e+02 -1.5377179554e-12 -1.5887086514e-13 1.7342864428e-12 1.5375953772e-12 -3.6077237341e-16 1.5889086426e-13 -1.7342855262e-12 3.8161792276e-14
d  1.5393493956e-02 1.2245558838e+00 -2.0000000000e-01 1.5233958411e-05 3.0000000000e+02 -1.3356722028e-12 -1.5047079487e-13 1.5233957400e-12 1.3355497472e-12 -3.6332385020e-16 1.5049079496e-13 -1.5233958428e-12 3.7715174936e-14
d  1.5395588056e-02 1.2230900139e+00 -2.0000000000e-01 1.3178859089e-05 3.0000000000e+02 -1.1395052146e-12 -1.4161360775e-13 1.3178892128e-12 1.1393829042e-12 -3.6860133386e-16 1.4163360528e-13 -1.3178859046e-12 3.7238777347e-14
d  1.5398100977e-02 1.2213309701e+00 -2.0000000000e-01 1.1218248180e-05 3.0000000000e+02 -9.5303461341e-13 -1.3250574811e-13 1.1218462055e-12 9.5291247285e-13 -3.7257298439e-16 1.3252573480e-13 -1.1218247887e-12 3.6751085290e-14
d  1.5401116481e-02 1.2192201176e+00 -2.0000000000e-01 9.3982694912e-06 3.0000000000e+02 -7.8101432054e-13 -1.2304302814e-13 9.3982731641e-13 7.8089239842e-13 -3.7594427311e-16 1.2306302795e-13 -9.3982694962e-13 3.6244732731e-14
d  1.5404735087e-02 1.2166870945e+00 -2.0000000000e-01 7.6995115128e-06 3.0000000000e+02 -6.1911920034e-13 -1.1547034980e-13 7.6991465488e-13 6.1899754024e-13 -3.7803488757e-16 1.1549036561e-13 -7.6995118797e-13 3.5842052986e-14
d  1.5409077413e-02 1.2136474669e+00 -2.0000000000e-01 6.2274421561e-06 3.0000000000e+02 -4.8212746880e-13 -1.0577812716e-13 6.2269938583e-13 4.8200611263e-13 -3.8047264372e-16 1.0579814334e-13 -6.2274425278e-13 3.5323068801e-14
d  1.5411682809e-02 1.2118236903e+00 -2.0000000000e-01 5.5697343499e-06 3.0000000000e+02 -4.2293550531e-13 -9.9526202137e-14 5.5697377129e-13 4.2281432287e-13 -3.8128761618e-16 9.9546201958e-14 -5.5697343517e-13 3.4986801078e-14
d  1.5414809284e-02 1.2096351583e+00 -2.0000000000e-01 4.8943015980e-06 3.0000000000e+02 -3.6058288682e-13 -9.4607416724e-14 4.8943124813e-13 3.6046192309e-13 -3.8146123634e-16 9.4627416183e-14 -4.8943015913e-13 3.4724374666e-14
d  1.5418561054e-02 1.2070089200e+00 -2.0000000000e-01 4.2367461177e-06 3.0000000000e+02 -3.0022918384e-13 -8.9478804208e-14 4.2367613443e-13 3.0010848269e-13 -3.8201067768e-16 8.9498803577e-14 -4.2367461084e-13 3.4449740771e-14
d  1.5423063178e-02 1.2038574341e+00 -2.0000000000e-01 3.6098650853e-06 3.0000000000e+02 -2.4304561396e-13 -8.4251603129e-14 3.6099245412e-13 2.4292522738e-13 -3.8224726631e-16 8.4271601072e-14 -3.6098650449e-13 3.4169924860e-14
d  1.5428465727e-02 1.2000756509e+00 -2.0000000000e-01 3.0271227657e-06 3.0000000000e+02 -1.9036371876e-13 -7.8944637435e-14 3.0271287427e-13 1.9024371113e-13 -3.8227251829e-16 7.8964637263e-14 -3.0271227650e-13 3.3885535800e-14
d  1.5431707257e-02 1.1978065810e+00 -2.0000000000e-01 2.7434608187e-06 3.0000000000e+02 -1.6488593809e-13 -7.6203107967e-14 2.7434598686e-13 1.6476615744e-13 -3.8214154546e-16 7.6223108007e-14 -2.7434608223e-13 3.3738231387e-14
d  1.5435597092e-02 1.1950836971e+00 -2.0000000000e-01 2.4527260396e-06 3.0000000000e+02 -1.3888318361e-13 -7.3287129940e-14 2.4528308350e-13 1.3876367386e-13 -3.8196092735e-16 7.3307125769e-14 -2.4527259558e-13 3.3581705450e-14
d  1.5440264894e-02 1.1918162365e+00 -2.0000000000e-01 2.1616397674e-06 3.0000000000e+02 -1.1307181516e-13 -7.0162952676e-14 2.1616979978e-13 1.1295263289e-13 -3.8168602236e-16 7.0182950744e-14 -2.1616397295e-13 3.3413888814e-14
d  1.5445866257e-02 1.1878952837e+00 -2.0000000000e-01 1.8752897501e-06 3.0000000000e+02 -8.7846895450e-14 -6.6923245749e-14 1.8752633295e-13 8.7728106169e-14 -3.8126457467e-16 6.6943246480e-14 -1.8752897671e-13 3.3239734546e-14
d  1.5452587892e-02 1.1831901404e+00 -2.0000000000e-01 1.5999766940e-06 3.0000000000e+02 -6.3803688556e-14 -6.3607878822e-14 1.5999814857e-13 6.3685369505e-14 -3.8068463381e-16 6.3627878711e-14 -1.5999766933e-13 3.3061300934e-14
d  1.5460653854e-02 1.1775439684e+00 -2.0000000000e-01 1.3412925715e-06 3.0000000000e+02 -4.1449233086e-14 -6.0276304632e-14 1.3412818713e-13 4.1331478759e-14 -3.7991037971e-16 6.0296304838e-14 -1.3412925771e-13 3.2881760229e-14
d  1.5470333009e-02 1.1707685619e+00 -2.0000000000e-01 1.1035988500e-06 3.0000000000e+02 -2.1152733600e-14 -5.6977844631e-14 1.1035995236e-13 2.1035656740e-14 -3.7891154817e-16 5.6997844620e-14 -1.1035988509e-13 3.2703713962e-14
d  1.5481947995e-02 1.1626380743e+00 -2.0000000000e-01 8.9001688483e-07 3.0000000000e+02 -3.1697440541e-15 -5.3775675258e-14 8.9001740066e-14 3.0534802444e-15 -3.7765325093e-16 5.3795675251e-14 -8.9001688558e-14 3.2530543744e-14
d  1.5495885978e-02 1.1528814890e+00 -2.0000000000e-01 6.9950306657e-07 3.0000000000e+02 1.2805450516e-14 -5.0854676174e-14 6.9949288602e-14 -1.2920738628e-14 -3.7608804276e-16 5.0874676287e-14 -6.9950306961e-14 3.2372456916e-14
d  1.5512611557e-02 1.1411735868e+00 -2.0000000000e-01 5.3762307172e-07 3.0000000000e+02 2.5921742172e-14 -4.7939313650e-14 5.3761415916e-14 -2.6035859505e-14 -3.7419763235e-16 4.7959313732e-14 -5.3762307396e-14 3.2214015254e-14
d  1.5532682252e-02 1.1271241040e+00 -2.0000000000e-01 4.0039725796e-07 3.0000000000e+02 3.6832695748e-14 -4.5268965314e-14 4.0038967643e-14 -3.6945408140e-14 -3.7189997137e-16 4.5288965373e-14 -4.0039725955e-14 3.2068496271e-14
d  1.5556767087e-02 1.1102647248e+00 -2.0000000000e-01 2.8631078364e-07 3.0000000000e+02 4.5682329522e-14 -4.2838482437e-14 2.8629816838e-14 -4.5793355971e-14 -3.6915144751e-16 4.2858482518e-14 -2.8631078558e-14 3.1935566198e-14
d  1.5571217987e-02 1.1001490972e+00 -2.0000000000e-01 2.3627888579e-07 3.0000000000e+02 4.9386082435e-14 -4.1604116448e-14 2.3627956939e-14 -4.9496097346e-14 -3.6751051456e-16 4.1624116441e-14 -2.3627888590e-14 3.1867382270e-14
d  1.5588559068e-02 1.0880103441e+00 -2.0000000000e-01 1.8667769647e-07 3.0000000000e+02 5.3114769204e-14 -4.0433881369e-14 1.8666647076e-14 -5.3223570212e-14 -3.6555122972e-16 4.0453881469e-14 -1.8667769865e-14 3.1802950878e-14
d  1.5609368365e-02 1.0734438404e+00 -2.0000000000e-01 1.3943713938e-07 3.0000000000e+02 5.6607875699e-14 -3.9262896735e-14 1.3942637595e-14 -5.6715220063e-14 -3.6322628147e-16 3.9282896815e-14 -1.3943714111e-14 3.1738357503e-14
d  1.5634339521e-02 1.0559640360e+00 -2.0000000000e-01 9.4285771195e-08 3.0000000000e+02 5.9980722321e-14 -3.8176410297e-14 9.4301448830e-15 -6.0086318749e-14 -3.6046483703e-16 3.8196410201e-14 -9.4285769359e-15 3.1678311191e-14
d  1.5664304909e-02 1.0349882707e+00 -2.0000000000e-01 5.4801179971e-08 3.0000000000e+02 6.2693577002e-14 -3.7001515029e-14 5.4801840146e-15 -6.2797075830e-14 -3.5720540701e-16 3.7021515025e-14 -5.4801179958e-15 3.1612875408e-14
d  1.5700263374e-02 1.0098173523e+00 -2.0000000000e-01 1.8489501790e-08 3.0000000000e+02 6.5227834554e-14 -3.5956776842e-14 1.8491971983e-15 -6.5328816292e-14 -3.5335806921e-16 3.5976776831e-14 -1.8489501597e-15 3.1554414244e-14
d  1.5714290000e-02 9.9999871667e-01 -2.0000000000e-01 6.9589311031e-09 3.0000000000e+02 6.6018205373e-14 -3.5611322154e-14 6.9794017674e-16 -6.6118205287e-14 -3.5187846641e-16 3.5631321970e-14 -6.9589274591e-16 3.1534774541e-14
d  1.5731121952e-02 9.8821635390e-01 -2.0000000000e-01 -5.3303178750e-09 3.0000000000e+02 6.6856203741e-14 -3.5240281309e-14 -5.3157289575e-16 -6.6955025407e-14 -3.5011886572e-16 3.5260281177e-14 5.3303204935e-16 3.1513804027e-14
d  1.5751320293e-02 9.7407751857e-01 -2.0000000000e-01 -1.8254372187e-08 3.0000000000e+02 6.7730660415e-14 -3.4840209056e-14 -1.8244891894e-15 -6.7828068183e-14 -3.4802948487e-16 3.4860208984e-14 1.8254373621e-15 3.1491139615e-14
d  1.5775558304e-02 9.5711091618e-01 -2.0000000000e-01 -3.1640950668e-08 3.0000000000e+02 6.8630653517e-14 -3.4420985124e-14 -3.1630205738e-15 -6.8726364625e-14 -3.4555347386e-16 3.4440985057e-14 3.1640952038e-15 3.1467277109e-14
d  1.5804643916e-02 9.3675099331e-01 -2.0000000000e-01 -4.5233608353e-08 3.0000000000e+02 6.9536762940e-14 -3.3987887719e-14 -4.5233525322e-15 -6.9630438040e-14 -3.4262668310e-16 3.4007887718e-14 4.5233608407e-15 3.1442471986e-14
d  1.5839546651e-02 9.1231908586e-01 -2.0000000000e-01 -5.8803957725e-08 3.0000000000e+02 7.0438418510e-14 -3.3550969944e-14 -5.8803844521e-15 -7.0529650419e-14 -3.3917716466e-16 3.3570969943e-14 5.8803957793e-15 3.1417247691e-14
d  1.5881429933e-02 8.8300079693e-01 -2.0000000000e-01 -7.2078323566e-08 3.0000000000e+02 7.1319366675e-14 -3.3122688504e-14 -7.2078129420e-15 -7.1407666755e-14 -3.3512569050e-16 3.3142688503e-14 7.2078323652e-15 3.1392260942e-14
d  1.5931689871e-02 8.4781885021e-01 -2.0000000000e-01 -8.4802930023e-08 3.0000000000e+02 7.2167642732e-14 -3.2714412099e-14 -8.4802417797e-15 -7.2252424617e-14 -3.3038656232e-16 3.2734412098e-14 8.4802930138e-15 3.1368100642e-14
d  1.5992001797e-02 8.0560051415e-01 -2.0000000000e-01 -9.6747928279e-08 3.0000000000e+02 7.2974573128e-14 -3.2339750707e-14 -9.6747746024e-15 -7.3055133180e-14 -3.2486936325e-16 3.2359750707e-14 9.6747928385e-15 3.1345484594e-14
d  1.6064376107e-02 7.5493851087e-01 -2.0000000000e-01 -1.0786764627e-07 3.0000000000e+02 7.3761692045e-14 -3.2023122087e-14 -1.0767840507e-14 -7.3837185988e-14 -3.1848160805e-16 3.2043121690e-14 1.0786765426e-14 3.1325778054e-14
d  1.6151225281e-02 6.9414410694e-01 -2.0000000000e-01 -1.1756713793e-07 3.0000000000e+02 7.4450196026e-14 -3.1746145347e-14 -1.1756707054e-14 -7.4519610436e-14 -3.1113315943e-16 3.1766145347e-14 1.1756713805e-14 3.1307808953e-14
d  1.6255444288e-02 6.2119082222e-01 -2.0000000000e-01 -1.2618427739e-07 3.0000000000e+02 7.5122838440e-14 -3.1555033866e-14 -1.2618425754e-14 -7.5184957522e-14 -3.0274074319e-16 3.1575033866e-14 1.2618427752e-14 3.1294255850e-14
d  1.6380507097e-02 5.3364688056e-01 -2.0000000000e-01 -1.3353484009e-07 3.0000000000e+02 7.5761919481e-14 -3.1449934402e-14 -1.3353260170e-14 -7.5815284170e-14 -2.9323528571e-16 3.1469934399e-14 1.3353484027e-14 3.1285097782e-14
d  1.6530582469e-02 4.2859415057e-01 -2.0000000000e-01 -1.3968024689e-07 3.0000000000e+02 7.6382468266e-14 -3.1439256555e-14 -1.3968215324e-14 -7.6425327681e-14 -2.8256947029e-16 3.1459256557e-14 1.3968024699e-14 3.1280830224e-14
d  1.6710672914e-02 3.0253087458e-01 -2.0000000000e-01 -1.4482125009e-07 3.0000000000e+02 7.7006137417e-14 -3.1523270703e-14 -1.4482126780e-14 -7.7036390505e-14 -2.7072594233e-16 3.1543270703e-14 1.4482125023e-14 3.1281476058e-14
d  1.6926781448e-02 1.5125494339e-01 -2.0000000000e-01 -1.4939845565e-07 3.0000000000e+02 7.7675968712e-14 -3.1701996305e-14 -1.4939863052e-14 -7.7691094206e-14 -2.5772513876e-16 3.1721996305e-14 1.4939845579e-14 3.1287024234e-14
d  1.7142860000e-02 0.0000000000e+00 -2.0000000000e-01 -1.5334491438e-07 3.0000000000e+02 7.8341252889e-14 -3.1936555753e-14 -1.5334462901e-14 -7.8341252889e-14 -2.4588015628e-16 3.1956555753e-14 1.5334491454e-14 3.1296053007e-14
