v ATLAS
# This file was created by ATLAS version 5.32.1.R on Wed Oct  7 22:48:35 2026.
#SSF 2.0 generic
##############################################################################
#                    Copyright (c) 1984 - 2021                               #
#                    Silvaco Inc. All rights reserved                        #
#                                                                            #
# This file format and the following Key are copyright Silvaco Inc.          #
# You may not use, this format or key without reproducing this message in    #
# full and obtaining express written permission from Silvaco Inc.            #
#                                                                            #
# To obtain such permission please contact: Silvaco Inc.                     #
#                                           support@silvaco.com              #
#                                                                            #
# KEY=SVC86hn7562asdx                       PROD=345                         #
##############################################################################
Q 10000 1 "V[1]" 5 1201 7 1
Q 10001 1 "V[2]" 5 1201 7 2
Q 10002 1 "V[3]" 5 1201 7 3
X 1 Vdrain
X 2 Vgate
X 3 Rtap
X 4 Adev_drain
X 5 Adev_source
X 6 Adev_gate
X 7 Adev_tap
X 8 Adev_substrate
p 13 61 10000 10001 10002 82 1301 1302 1303 1304 1305 1306 1307 1308
d  1.0000000000e-09 6.9999996500e-07 -2.0000000000e-01 5.1774434359e-08 3.0000000000e+02 -7.6290606311e-14 3.6919596584e-14 5.1710092132e-15 7.6292009490e-14 -1.1404814540e-15 -3.6893019191e-14 -5.1899965878e-15 -3.3741310248e-14
d  2.0000000000e-09 1.3999999300e-06 -2.0000000000e-01 9.0299287256e-08 3.0000000000e+02 -7.6721507774e-14 3.4019416051e-14 9.0300007298e-15 7.6721484079e-14 -6.8352212172e-16 -3.3999526447e-14 -9.0297180398e-15 -3.2709421123e-14
d  3.0000000000e-09 2.0999998950e-06 -2.0000000000e-01 1.1580112190e-07 3.0000000000e+02 -7.7007304450e-14 3.2946157617e-14 1.1580079289e-14 7.7007315002e-14 -4.1055345204e-16 -3.2926107163e-14 -1.1580208488e-14 -3.2081385716e-14
d  4.2000000000e-09 2.9399998530e-06 -2.0000000000e-01 1.3405533882e-07 3.0000000000e+02 -7.7211241325e-14 3.1997886279e-14 1.3405520917e-14 7.7211244672e-14 -2.0788964581e-16 -3.1977869205e-14 -1.3405566466e-14 -3.1619740552e-14
d  5.6400000000e-09 3.9479998026e-06 -2.0000000000e-01 1.4534140487e-07 3.0000000000e+02 -7.7337512437e-14 3.1406618060e-14 1.4534112053e-14 7.7337518698e-14 -8.2631909844e-17 -3.1386586865e-14 -1.4534200028e-14 -3.1333976412e-14
d  7.3680000000e-09 5.1575997421e-06 -2.0000000000e-01 1.5109166551e-07 3.0000000000e+02 -7.7401952025e-14 3.1105696325e-14 1.5109096965e-14 7.7401965083e-14 -1.8823881877e-17 -3.1085632712e-14 -1.5109287964e-14 -3.1188379363e-14
d  9.4416000000e-09 6.6091196695e-06 -2.0000000000e-01 1.5322439962e-07 3.0000000000e+02 -7.7425895700e-14 3.0994078714e-14 1.5322337823e-14 7.7425911641e-14 4.8471690754e-18 -3.0974000907e-14 -1.5322588470e-14 -3.1134386109e-14
d  1.1929920000e-08 8.3509435825e-06 -2.0000000000e-01 1.5352003715e-07 3.0000000000e+02 -7.7429148421e-14 3.0978448034e-14 1.5351905731e-14 7.7429160858e-14 8.1379869094e-18 -3.0958385833e-14 -1.5352122438e-14 -3.1126897774e-14
d  1.4915904000e-08 1.0441132278e-05 -2.0000000000e-01 1.5321583340e-07 3.0000000000e+02 -7.7425379523e-14 3.0994179709e-14 1.5321578651e-14 7.7425379008e-14 4.7652620986e-18 -3.0974177226e-14 -1.5321588090e-14 -3.1134564542e-14
d  1.8499084800e-08 1.2949358713e-05 -2.0000000000e-01 1.5292023546e-07 3.0000000000e+02 -7.7421449816e-14 3.1008906991e-14 1.5292215401e-14 7.7421430474e-14 1.5129988803e-18 -3.0988991571e-14 -1.5291862146e-14 -3.1141967662e-14
d  2.2798901760e-08 1.5959230434e-05 -2.0000000000e-01 1.5278240963e-07 3.0000000000e+02 -7.7418500686e-14 3.1014761208e-14 1.5278922802e-14 7.7418445642e-14 3.8452912971e-20 -3.0995011697e-14 -1.5277762930e-14 -3.1145270389e-14
d  2.7958682112e-08 1.9571076500e-05 -2.0000000000e-01 1.5273517342e-07 3.0000000000e+02 -7.7411807631e-14 3.1011947654e-14 1.5276471004e-14 7.7411612740e-14 -2.3541166087e-19 -3.0992851895e-14 -1.5271791645e-14 -3.1145652090e-14
d  3.4150418534e-08 2.3905291779e-05 -2.0000000000e-01 1.5270742276e-07 3.0000000000e+02 -7.7402443229e-14 3.1003200939e-14 1.5277385543e-14 7.7402079272e-14 -1.3740638621e-19 -3.0984895779e-14 -1.5267507810e-14 -3.1144919490e-14
d  4.1580502241e-08 2.9106350114e-05 -2.0000000000e-01 1.5267066637e-07 3.0000000000e+02 -7.7392047954e-14 3.0993269322e-14 1.5278180140e-14 7.7391541084e-14 -4.9879748003e-20 -3.0975632109e-14 -1.5262557571e-14 -3.1144121383e-14
d  5.0496602690e-08 3.5347620115e-05 -2.0000000000e-01 1.5262979616e-07 3.0000000000e+02 -7.7382904796e-14 3.0984415000e-14 1.5278393971e-14 7.7382318897e-14 -2.6575910768e-20 -3.0967146035e-14 -1.5257767970e-14 -3.1143502326e-14
d  6.1195923227e-08 4.2837144117e-05 -2.0000000000e-01 1.5262296181e-07 3.0000000000e+02 -7.7382918796e-14 3.0981288723e-14 1.5278339228e-14 7.7382409415e-14 -2.4166731517e-20 -3.0963657410e-14 -1.5257776010e-14 -3.1143268340e-14
d  7.4035107873e-08 5.1824572920e-05 -2.0000000000e-01 1.5261659439e-07 3.0000000000e+02 -7.7382819167e-14 3.0982904094e-14 1.5278314557e-14 7.7382377012e-14 -3.0146833795e-20 -3.0964953309e-14 -1.5257748918e-14 -3.1143363573e-14
d  8.9442129448e-08 6.2609487483e-05 -2.0000000000e-01 1.5261125359e-07 3.0000000000e+02 -7.7382767302e-14 3.0983178830e-14 1.5278326870e-14 7.7382384951e-14 -2.9352606109e-20 -3.0964942533e-14 -1.5257759683e-14 -3.1143363318e-14
d  1.0793055534e-07 7.5551384958e-05 -2.0000000000e-01 1.5260664518e-07 3.0000000000e+02 -7.7382724664e-14 3.0983414240e-14 1.5278350014e-14 7.7382394882e-14 -2.9058757844e-20 -3.0964925346e-14 -1.5257780876e-14 -3.1143362542e-14
d  1.3011666640e-07 9.1081661929e-05 -2.0000000000e-01 1.5260265639e-07 3.0000000000e+02 -7.7382691305e-14 3.0983603169e-14 1.5278375949e-14 7.7382407224e-14 -2.7769063583e-20 -3.0964892673e-14 -1.5257804882e-14 -3.1143361907e-14
d  1.5673999969e-07 1.0971799429e-04 -2.0000000000e-01 1.5259926384e-07 3.0000000000e+02 -7.7382663906e-14 3.0983779836e-14 1.5278406703e-14 7.7382419109e-14 -2.9576003282e-20 -3.0964876379e-14 -1.5257833858e-14 -3.1143361409e-14
d  1.8868799962e-07 1.3208159313e-04 -2.0000000000e-01 1.5259641763e-07 3.0000000000e+02 -7.7382647407e-14 3.0983930947e-14 1.5278443137e-14 7.7382435959e-14 -2.8901545533e-20 -3.0964860606e-14 -1.5257867702e-14 -3.1143360766e-14
d  2.2702559955e-07 1.5891791174e-04 -2.0000000000e-01 1.5259408770e-07 3.0000000000e+02 -7.7382639079e-14 3.0984031528e-14 1.5278487227e-14 7.7382455553e-14 -2.8822872824e-20 -3.0964817663e-14 -1.5257908597e-14 -3.1143360066e-14
d  2.7303071946e-07 1.9112149406e-04 -2.0000000000e-01 1.5259223422e-07 3.0000000000e+02 -7.7382639470e-14 3.0984133503e-14 1.5278540007e-14 7.7382478919e-14 -2.8841720738e-20 -3.0964796793e-14 -1.5257957676e-14 -3.1143359105e-14
d  3.2823686335e-07 2.2976579285e-04 -2.0000000000e-01 1.5259082549e-07 3.0000000000e+02 -7.7382649237e-14 3.0984187828e-14 1.5278602937e-14 7.7382507152e-14 -2.8830453433e-20 -3.0964746402e-14 -1.5258016634e-14 -3.1143358044e-14
d  3.9448423602e-07 2.7613895140e-04 -2.0000000000e-01 1.5258983568e-07 3.0000000000e+02 -7.7382668041e-14 3.0984234295e-14 1.5278679546e-14 7.7382540277e-14 -2.9151719147e-20 -3.0964703961e-14 -1.5258087317e-14 -3.1143356755e-14
d  4.7398108322e-07 3.3178674166e-04 -2.0000000000e-01 1.5258924494e-07 3.0000000000e+02 -7.7382698553e-14 3.0984243960e-14 1.5278769729e-14 7.7382581283e-14 -2.8506814041e-20 -3.0964638314e-14 -1.5258171961e-14 -3.1143355131e-14
d  5.6937729986e-07 3.9856408998e-04 -2.0000000000e-01 1.5258904855e-07 3.0000000000e+02 -7.7382739705e-14 3.0984248728e-14 1.5278879303e-14 7.7382629316e-14 -2.8819976752e-20 -3.0964579496e-14 -1.5258273662e-14 -3.1143353303e-14
d  6.8385275984e-07 4.7869690795e-04 -2.0000000000e-01 1.5258924616e-07 3.0000000000e+02 -7.7382794019e-14 3.0984216502e-14 1.5279010044e-14 7.7382687046e-14 -2.8958445017e-20 -3.0964493674e-14 -1.5258395702e-14 -3.1143351015e-14
d  8.2122331180e-07 5.7485628952e-04 -2.0000000000e-01 1.5258984872e-07 3.0000000000e+02 -7.7382863388e-14 3.0984162045e-14 1.5279166703e-14 7.7382756414e-14 -2.8929700617e-20 -3.0964394131e-14 -1.5258541997e-14 -3.1143348304e-14
d  9.8606797417e-07 6.9024754740e-04 -2.0000000000e-01 1.5259087944e-07 3.0000000000e+02 -7.7382949917e-14 3.0984082046e-14 1.5279355100e-14 7.7382839477e-14 -2.8793219327e-20 -3.0964276269e-14 -1.5258717323e-14 -3.1143345066e-14
d  1.1838815690e-06 8.2871705686e-04 -2.0000000000e-01 1.5259237710e-07 3.0000000000e+02 -7.7383056324e-14 3.0983969691e-14 1.5279581089e-14 7.7382938810e-14 -2.8790968828e-20 -3.0964132153e-14 -1.5258927700e-14 -3.1143341122e-14
d  1.4212578828e-06 9.9488046822e-04 -2.0000000000e-01 1.5259439095e-07 3.0000000000e+02 -7.7383186026e-14 3.0983823318e-14 1.5279851801e-14 7.7383057571e-14 -2.8790958112e-20 -3.0963959164e-14 -1.5259179875e-14 -3.1143336381e-14
d  1.7061094594e-06 1.1942765618e-03 -2.0000000000e-01 1.5259698866e-07 3.0000000000e+02 -7.7383343211e-14 3.0983635582e-14 1.5280176019e-14 7.7383199568e-14 -2.8711407770e-20 -3.0963749145e-14 -1.5259482170e-14 -3.1143330706e-14
d  2.0479313512e-06 1.4335518742e-03 -2.0000000000e-01 1.5260025615e-07 3.0000000000e+02 -7.7383532557e-14 3.0983407787e-14 1.5280564746e-14 7.7383368962e-14 -2.8779194336e-20 -3.0963502710e-14 -1.5259844490e-14 -3.1143323852e-14
d  2.4581176215e-06 1.7206822490e-03 -2.0000000000e-01 1.5260430014e-07 3.0000000000e+02 -7.7383760127e-14 3.0983123698e-14 1.5281032778e-14 7.7383571140e-14 -2.8777889451e-20 -3.0963203045e-14 -1.5260278611e-14 -3.1143315583e-14
d  2.9503411458e-06 2.0652386988e-03 -2.0000000000e-01 1.5281411431e-07 3.0000000000e+02 -7.7422530934e-14 3.0999608112e-14 1.5260925184e-14 7.7422338438e-14 -1.4772098598e-20 -3.0979542366e-14 -1.5281536920e-14 -3.1144407630e-14
d  3.5410093749e-06 2.4787064385e-03 -2.0000000000e-01 1.5281908275e-07 3.0000000000e+02 -7.7421550469e-14 3.1039423020e-14 1.5261390723e-14 7.7421314306e-14 -3.3644568059e-20 -3.1019368148e-14 -1.5282013012e-14 -3.1147146199e-14
d  4.2498112499e-06 2.9748677262e-03 -2.0000000000e-01 1.5282727247e-07 3.0000000000e+02 -7.7422226211e-14 3.1029018959e-14 1.5262180280e-14 7.7421938495e-14 -2.8850540488e-20 -3.1008973166e-14 -1.5282814656e-14 -3.1146453952e-14
d  5.1003734999e-06 3.5702612714e-03 -2.0000000000e-01 1.5283651865e-07 3.0000000000e+02 -7.7422651362e-14 3.1028486811e-14 1.5263076524e-14 7.7422302488e-14 -2.8784168763e-20 -3.1008448597e-14 -1.5283724808e-14 -3.1146440477e-14
d  6.1210481999e-06 4.2847335257e-03 -2.0000000000e-01 1.5284752018e-07 3.0000000000e+02 -7.7423154604e-14 3.1027848496e-14 1.5264147612e-14 7.7422732934e-14 -2.8811099306e-20 -3.1007816606e-14 -1.5284812894e-14 -3.1146424246e-14
d  7.3458578398e-06 5.1421002308e-03 -2.0000000000e-01 1.5286062652e-07 3.0000000000e+02 -7.7423748324e-14 3.1027080729e-14 1.5265427928e-14 7.7423239792e-14 -2.8805524021e-20 -3.1007054115e-14 -1.5286113459e-14 -3.1146404470e-14
d  8.8156294078e-06 6.1709402769e-03 -2.0000000000e-01 1.5287684692e-07 3.0000000000e+02 -7.7424559416e-14 3.1026204405e-14 1.5287624628e-14 7.7423942336e-14 -3.3491212542e-20 -3.1006204341e-14 -1.5287684831e-14 -3.1146394341e-14
d  1.0579355289e-05 7.4055483323e-03 -2.0000000000e-01 1.5289590895e-07 3.0000000000e+02 -7.7425865559e-14 3.1005168630e-14 1.5289532301e-14 7.7425125015e-14 -2.7143430162e-20 -3.0985168577e-14 -1.5289591010e-14 -3.1145004554e-14
d  1.2695826347e-05 8.8870779987e-03 -2.0000000000e-01 1.5291786792e-07 3.0000000000e+02 -7.7426696589e-14 3.1008734208e-14 1.5291726340e-14 7.7425807891e-14 -2.8789850178e-20 -3.0988734162e-14 -1.5291786893e-14 -3.1145303970e-14
d  1.5235591617e-05 1.0664913598e-02 -2.0000000000e-01 1.5294419735e-07 3.0000000000e+02 -7.7427802651e-14 3.1007078327e-14 1.5294311891e-14 7.7426736174e-14 -2.8779965825e-20 -3.0987078260e-14 -1.5294419878e-14 -3.1145257715e-14
d  1.8283309940e-05 1.2798316318e-02 -2.0000000000e-01 1.5297553986e-07 3.0000000000e+02 -7.7429077601e-14 3.1005109412e-14 1.5297284398e-14 7.7427797800e-14 -2.8773624638e-20 -3.0985109272e-14 -1.5297554268e-14 -3.1145203225e-14
d  2.1940571928e-05 1.5358399582e-02 -2.0000000000e-01 1.5301281063e-07 3.0000000000e+02 -7.7430534345e-14 3.1002802549e-14 1.5300686664e-14 7.7428998559e-14 -2.8765450941e-20 -3.0982802292e-14 -1.5301281569e-14 -3.1145141304e-14
d  2.6329286314e-05 1.8430499498e-02 -2.0000000000e-01 1.5305714428e-07 3.0000000000e+02 -7.7432192815e-14 3.1000090228e-14 1.5301623381e-14 7.7430350079e-14 -2.8529878716e-20 -3.0980088755e-14 -1.5305717254e-14 -3.1145069842e-14
d  3.1595743576e-05 2.2117019398e-02 -2.0000000000e-01 1.5310978731e-07 3.0000000000e+02 -7.7433984721e-14 3.0999724254e-14 1.5310983044e-14 7.7431773019e-14 -2.9136256577e-20 -3.0979724255e-14 -1.5310978744e-14 -3.1145180394e-14
d  3.7915492292e-05 2.6540843277e-02 -2.0000000000e-01 1.5317238445e-07 3.0000000000e+02 -7.7436186234e-14 3.0990480196e-14 1.5317230100e-14 7.7433532151e-14 -2.8690806605e-20 -3.0970480194e-14 -1.5317238464e-14 -3.1144715583e-14
d  4.5499190750e-05 3.1849431933e-02 -2.0000000000e-01 1.5304678740e-07 3.0000000000e+02 -7.7401202663e-14 3.0969807735e-14 1.5303358242e-14 7.7398017779e-14 -2.7811573987e-20 -3.0949807460e-14 -1.5304679280e-14 -3.1143513134e-14
d  5.4599628900e-05 3.8219738319e-02 -2.0000000000e-01 1.5312974086e-07 3.0000000000e+02 -7.7402706608e-14 3.0963915208e-14 1.5312057055e-14 7.7398884668e-14 -2.9109010804e-20 -3.0943915049e-14 -1.5312974405e-14 -3.1143348114e-14
d  6.5520154680e-05 4.5864105983e-02 -2.0000000000e-01 1.5323252045e-07 3.0000000000e+02 -7.7404915862e-14 3.0954668283e-14 1.5322506754e-14 7.7400329475e-14 -2.8773947228e-20 -3.0934668176e-14 -1.5323252267e-14 -3.1142997671e-14
d  7.8624785616e-05 5.5037347179e-02 -2.0000000000e-01 1.5335785363e-07 3.0000000000e+02 -7.7407549849e-14 3.0944158943e-14 1.5335127172e-14 7.7402046132e-14 -2.8765972408e-20 -3.0924158864e-14 -1.5335785530e-14 -3.1142614611e-14
d  9.4350342739e-05 6.6045236615e-02 -2.0000000000e-01 1.5351155403e-07 3.0000000000e+02 -7.7410695149e-14 3.0931268133e-14 1.5350537756e-14 7.7404090639e-14 -2.8767130056e-20 -3.0911268071e-14 -1.5351155537e-14 -3.1142132416e-14
d  1.1322101129e-04 7.9254703938e-02 -2.0000000000e-01 1.5370327125e-07 3.0000000000e+02 -7.7414610083e-14 3.0915287339e-14 1.5369637077e-14 7.7406684625e-14 -2.8782293984e-20 -3.0895287281e-14 -1.5370327250e-14 -3.1141514635e-14
d  1.3586581354e-04 9.5106064726e-02 -2.0000000000e-01 1.5394539350e-07 3.0000000000e+02 -7.7419835650e-14 3.0895395044e-14 1.5393770027e-14 7.7410325055e-14 -2.8789912977e-20 -3.0875394990e-14 -1.5394539467e-14 -3.1140719347e-14
d  1.6303957625e-04 1.1412769767e-01 -2.0000000000e-01 1.5425810836e-07 3.0000000000e+02 -7.7427424342e-14 3.0870724350e-14 1.5424998684e-14 7.7416011583e-14 -2.8795123572e-20 -3.0850724303e-14 -1.5425810941e-14 -3.1139704190e-14
d  1.9564809150e-04 1.3695365721e-01 -2.0000000000e-01 1.5468028755e-07 3.0000000000e+02 -7.7440149751e-14 3.0840176827e-14 1.5466550677e-14 7.7426454400e-14 -2.8812637616e-20 -3.0820176755e-14 -1.5468028907e-14 -3.1138414608e-14
d  2.3477830980e-04 1.6434480865e-01 -2.0000000000e-01 1.5526173751e-07 3.0000000000e+02 -7.7462302391e-14 3.0803281939e-14 1.5525631570e-14 7.7445867915e-14 -2.8868160497e-20 -3.0783281917e-14 -1.5526173808e-14 -3.1136841493e-14
d  2.8173457177e-04 1.9721419038e-01 -2.0000000000e-01 1.5606699595e-07 3.0000000000e+02 -7.7493700122e-14 3.0753105807e-14 1.5606677137e-14 7.7473978703e-14 -2.8839265698e-20 -3.0733105806e-14 -1.5606699612e-14 -3.1134557294e-14
d  3.3808208612e-04 2.3665744845e-01 -2.0000000000e-01 1.5726911050e-07 3.0000000000e+02 -7.7550166743e-14 3.0687949281e-14 1.5726859823e-14 7.7526500998e-14 -2.8914678107e-20 -3.0667949280e-14 -1.5726911069e-14 -3.1131493313e-14
d  4.0569910334e-04 2.8398935814e-01 -2.0000000000e-01 1.5911532582e-07 3.0000000000e+02 -7.7647669742e-14 3.0600511918e-14 1.5911420489e-14 7.7619270807e-14 -2.8989532443e-20 -3.0580511915e-14 -1.5911532603e-14 -3.1127234153e-14
d  4.8683952401e-04 3.4078764977e-01 -2.0000000000e-01 1.6208787052e-07 3.0000000000e+02 -7.7820655756e-14 3.0476865958e-14 1.6208677907e-14 7.7786576991e-14 -2.9105389153e-20 -3.0456865956e-14 -1.6208787072e-14 -3.1120976817e-14
d  5.8420802881e-04 4.0894559972e-01 -2.0000000000e-01 1.6714365777e-07 3.0000000000e+02 -7.8139526667e-14 3.0292941595e-14 1.6714323069e-14 7.8098632107e-14 -2.9306688704e-20 -3.0272941594e-14 -1.6714365795e-14 -3.1111351045e-14
d  7.0105023458e-04 4.9073513967e-01 -2.0000000000e-01 1.7633752068e-07 3.0000000000e+02 -7.8764947947e-14 3.0006086708e-14 1.7633934426e-14 7.8715874433e-14 -2.9671446866e-20 -2.9986086711e-14 -1.7633752081e-14 -3.1095969638e-14
d  8.4126088149e-04 5.8888258760e-01 -2.0000000000e-01 1.9416220247e-07 3.0000000000e+02 -8.0060599255e-14 2.9534898129e-14 1.9416006359e-14 8.0001710997e-14 -3.0381656941e-20 -2.9514898127e-14 -1.9416220271e-14 -3.1070337190e-14
d  9.1037674461e-04 6.3726368936e-01 -2.0000000000e-01 2.0685034796e-07 3.0000000000e+02 -8.1034512609e-14 2.9250504544e-14 2.0684881991e-14 8.0970786241e-14 -3.1060903971e-20 -2.9230504541e-14 -2.0685034822e-14 -3.1055087077e-14
d  9.9331578034e-04 6.9532101147e-01 -2.0000000000e-01 2.2652059196e-07 3.0000000000e+02 -8.2588524775e-14 2.8853252457e-14 2.2651823401e-14 8.2518992675e-14 -3.1953865019e-20 -2.8833252452e-14 -2.2652059227e-14 -3.1033602227e-14
d  1.0928426232e-03 7.6498979801e-01 -2.0000000000e-01 2.5769665529e-07 3.0000000000e+02 -8.5141201601e-14 2.8310480784e-14 2.5769149946e-14 8.5064702623e-14 -3.3225873037e-20 -2.8290480776e-14 -2.5769665572e-14 -3.1004384944e-14
d  1.2122748347e-03 8.4859234185e-01 -2.0000000000e-01 3.0749445351e-07 3.0000000000e+02 -8.9386031555e-14 2.7604463205e-14 3.0747882811e-14 8.9301172329e-14 -3.5097713310e-20 -2.7584463184e-14 -3.0749445426e-14 -3.0966937978e-14
d  1.2481044981e-03 8.7367310501e-01 -2.0000000000e-01 3.2561009220e-07 3.0000000000e+02 -9.1007224830e-14 2.7420153138e-14 3.2560935174e-14 9.0919857520e-14 -3.6168082850e-20 -2.7400153135e-14 -3.2561009258e-14 -3.0957750917e-14
d  1.2911000943e-03 9.0377002079e-01 -2.0000000000e-01 3.4875805391e-07 3.0000000000e+02 -9.3065001513e-14 2.7173410584e-14 3.4875560198e-14 9.2974624513e-14 -3.6668548772e-20 -2.7153410575e-14 -3.4875805444e-14 -3.0945045606e-14
d  1.3039987731e-03 9.1279909552e-01 -2.0000000000e-01 3.5789444995e-07 3.0000000000e+02 -9.4022318816e-14 2.7212327523e-14 3.5789453753e-14 9.3931038906e-14 -4.1044965753e-20 -2.7192327524e-14 -3.5789445029e-14 -3.0947929732e-14
d  1.3194771877e-03 9.2363398521e-01 -2.0000000000e-01 3.6714894247e-07 3.0000000000e+02 -9.4859283082e-14 2.7128889285e-14 3.6713110345e-14 9.4766919727e-14 -3.6422987558e-20 -2.7108889101e-14 -3.6714894638e-14 -3.0943673537e-14
d  1.3287642365e-03 9.3013491902e-01 -2.0000000000e-01 3.7288323312e-07 3.0000000000e+02 -9.5383945116e-14 2.7083329157e-14 3.7288333830e-14 9.5290931624e-14 -3.8402812552e-20 -2.7063329159e-14 -3.7288323346e-14 -3.0941400580e-14
d  1.3399086950e-03 9.3793603959e-01 -2.0000000000e-01 3.7980987954e-07 3.0000000000e+02 -9.6013411573e-14 2.7019770712e-14 3.7979081108e-14 9.5919618032e-14 -3.8209088080e-20 -2.6999770438e-14 -3.7980988517e-14 -3.0938148316e-14
d  1.3532820452e-03 9.4729738427e-01 -2.0000000000e-01 3.8837373472e-07 3.0000000000e+02 -9.6800217976e-14 2.6954768102e-14 3.8836242442e-14 9.6705488269e-14 -3.8907624776e-20 -2.6934767967e-14 -3.8837373772e-14 -3.0934916385e-14
d  1.3693300655e-03 9.5853099789e-01 -2.0000000000e-01 3.9889209672e-07 3.0000000000e+02 -9.7769544400e-14 2.6874121830e-14 3.9889216967e-14 9.7673691300e-14 -3.9156906698e-20 -2.6854121830e-14 -3.9889209711e-14 -3.0930889772e-14
d  1.3789588776e-03 9.6527116607e-01 -2.0000000000e-01 4.0532755696e-07 3.0000000000e+02 -9.8364227277e-14 2.6826236255e-14 4.0532760523e-14 9.8267700160e-14 -3.9352549256e-20 -2.6806236256e-14 -4.0532755735e-14 -3.0928509585e-14
d  1.3905134522e-03 9.7335936788e-01 -2.0000000000e-01 4.1318269628e-07 3.0000000000e+02 -9.9092258909e-14 2.6770836377e-14 4.1318338880e-14 9.8994922970e-14 -3.9652892244e-20 -2.6750836387e-14 -4.1318269651e-14 -3.0925776981e-14
d  1.4043789417e-03 9.8306521004e-01 -2.0000000000e-01 4.2279941258e-07 3.0000000000e+02 -9.9986834866e-14 2.6705905636e-14 4.2279987746e-14 9.9888528344e-14 -3.9978374359e-20 -2.6685905641e-14 -4.2279941290e-14 -3.0922593417e-14
d  1.4126982354e-03 9.8888871535e-01 -2.0000000000e-01 4.2867016408e-07 3.0000000000e+02 -1.0053487449e-13 2.6668209677e-14 4.2867029320e-14 1.0043598562e-13 -4.0198153798e-20 -2.6648209679e-14 -4.2867016447e-14 -3.0920761078e-14
d  1.4226813879e-03 9.9587692171e-01 -2.0000000000e-01 4.3386460842e-07 3.0000000000e+02 -1.0088299943e-13 2.6505317906e-14 4.3384949849e-14 1.0078341180e-13 -3.3576941376e-20 -2.6485317663e-14 -4.3386461350e-14 -3.0911668796e-14
d  1.4346611708e-03 1.0042627693e+00 -2.0000000000e-01 4.4429806597e-07 3.0000000000e+02 -1.0199813372e-13 2.6573329468e-14 4.4429982902e-14 1.0189770743e-13 -4.7939903940e-20 -2.6553329491e-14 -4.4429806596e-14 -3.0916220838e-14
d  1.4490369103e-03 1.0143257865e+00 -2.0000000000e-01 4.5495433418e-07 3.0000000000e+02 -1.0300376592e-13 2.6513082511e-14 4.5495442043e-14 1.0290233334e-13 -3.9424634134e-20 -2.6493082512e-14 -4.5495433462e-14 -3.0913331879e-14
d  1.4576623540e-03 1.0203635968e+00 -2.0000000000e-01 4.6144743688e-07 3.0000000000e+02 -1.0361706119e-13 2.6478545726e-14 4.6144748867e-14 1.0351502483e-13 -4.1334780450e-20 -2.6458545727e-14 -4.6144743732e-14 -3.0911709538e-14
d  1.4680128865e-03 1.0276089692e+00 -2.0000000000e-01 4.6934946311e-07 3.0000000000e+02 -1.0436527243e-13 2.6437724570e-14 4.6931791160e-14 1.0426251165e-13 -4.1549804460e-20 -2.6417724082e-14 -4.6934947297e-14 -3.0909796467e-14
d  1.4804335254e-03 1.0363034160e+00 -2.0000000000e-01 4.7898656324e-07 3.0000000000e+02 -1.0528033771e-13 2.6392740525e-14 4.7898685504e-14 1.0517670737e-13 -4.2106762760e-20 -2.6372740529e-14 -4.7898656365e-14 -3.0907737349e-14
d  1.4878859088e-03 1.0415200841e+00 -2.0000000000e-01 4.8485432041e-07 3.0000000000e+02 -1.0583936296e-13 2.6363001571e-14 4.8485447283e-14 1.0573521095e-13 -4.2203294089e-20 -2.6343001574e-14 -4.8485432084e-14 -3.0906342488e-14
d  1.4968287688e-03 1.0477800858e+00 -2.0000000000e-01 4.9193908202e-07 3.0000000000e+02 -1.0651301617e-13 2.6329573072e-14 4.9193991087e-14 1.0640823816e-13 -4.2331924036e-20 -2.6309573087e-14 -4.9193908223e-14 -3.0904801320e-14
d  1.5075602009e-03 1.0552920879e+00 -2.0000000000e-01 4.9792562105e-07 3.0000000000e+02 -1.0690813005e-13 2.6136069313e-14 4.9790908935e-14 1.0680260090e-13 -3.4038291218e-20 -2.6116069067e-14 -4.9792562630e-14 -3.0894005794e-14
d  1.5204379193e-03 1.0643064903e+00 -2.0000000000e-01 5.1085081244e-07 3.0000000000e+02 -1.0832896208e-13 2.6257703810e-14 5.1082385030e-14 1.0822253151e-13 -5.2256433368e-20 -2.6237703474e-14 -5.1085081945e-14 -3.0901716809e-14
d  1.5281645504e-03 1.0697151318e+00 -2.0000000000e-01 5.1722545876e-07 3.0000000000e+02 -1.0893945011e-13 2.6231914762e-14 5.1722779512e-14 1.0883247858e-13 -4.1864142083e-20 -2.6211914805e-14 -5.1722545845e-14 -3.0900545595e-14
d  1.5374365077e-03 1.0762055016e+00 -2.0000000000e-01 5.2505339255e-07 3.0000000000e+02 -1.0969618466e-13 2.6202874739e-14 5.2502868885e-14 1.0958856421e-13 -4.3760690272e-20 -2.6182874312e-14 -5.2505340129e-14 -3.0899281423e-14
d  1.5485628565e-03 1.0839939453e+00 -2.0000000000e-01 5.3141744465e-07 3.0000000000e+02 -1.1010917224e-13 2.5993334994e-14 5.3140321179e-14 1.1000077290e-13 -3.4259351547e-20 -2.5973334789e-14 -5.3141744914e-14 -3.0887591886e-14
d  1.5619144750e-03 1.0933400778e+00 -2.0000000000e-01 5.4222366079e-07 3.0000000000e+02 -1.1114232514e-13 2.5946585741e-14 5.4224236728e-14 1.1103299108e-13 -4.5504509004e-20 -2.5926585965e-14 -5.4222365696e-14 -3.0885518582e-14
d  1.5779364172e-03 1.1045554368e+00 -2.0000000000e-01 5.5598125621e-07 3.0000000000e+02 -1.1250238859e-13 2.5927922309e-14 5.5596708463e-14 1.1239193308e-13 -4.4382903770e-20 -2.5907922167e-14 -5.5598125955e-14 -3.0885174713e-14
d  1.5971627478e-03 1.1180138676e+00 -2.0000000000e-01 5.7211357209e-07 3.0000000000e+02 -1.1405564409e-13 2.5869985778e-14 5.7209221561e-14 1.1394384276e-13 -4.3399651290e-20 -2.5849985600e-14 -5.7211357618e-14 -3.0882698575e-14
d  1.6029306470e-03 1.1220513968e+00 -2.0000000000e-01 5.8061724810e-07 3.0000000000e+02 -1.1511424791e-13 2.6066709250e-14 5.8061756384e-14 1.1500204277e-13 -6.1231043431e-20 -2.6046709257e-14 -5.8061724854e-14 -3.0894402894e-14
d  1.6098521260e-03 1.1268964319e+00 -2.0000000000e-01 5.8705848446e-07 3.0000000000e+02 -1.1574461023e-13 2.6051909943e-14 5.8705886811e-14 1.1563192058e-13 -3.9822224547e-20 -2.6031909952e-14 -5.8705848488e-14 -3.0893811983e-14
d  1.6181579009e-03 1.1327104740e+00 -2.0000000000e-01 5.9488929012e-07 3.0000000000e+02 -1.1651223753e-13 2.6036696683e-14 5.9486164566e-14 1.1639896662e-13 -4.6661355870e-20 -2.6016696151e-14 -5.9488930099e-14 -3.0893316493e-14
d  1.6281248307e-03 1.1396873245e+00 -2.0000000000e-01 6.0442211877e-07 3.0000000000e+02 -1.1744820005e-13 2.6021221399e-14 6.0441255312e-14 1.1733423135e-13 -4.7319570144e-20 -2.6001221246e-14 -6.0442212235e-14 -3.0892867879e-14
d  1.6400851464e-03 1.1480595451e+00 -2.0000000000e-01 6.1606054580e-07 3.0000000000e+02 -1.1859375441e-13 2.6000798733e-14 6.1606113522e-14 1.1847894845e-13 -4.7774851589e-20 -2.5980798741e-14 -6.1606054626e-14 -3.0892220676e-14
d  1.6472613359e-03 1.1530828775e+00 -2.0000000000e-01 6.2313815416e-07 3.0000000000e+02 -1.1929112073e-13 2.5990031475e-14 6.2312470554e-14 1.1917581251e-13 -4.8003610554e-20 -2.5970031209e-14 -6.2313815993e-14 -3.0891917705e-14
d  1.6558727632e-03 1.1591108763e+00 -2.0000000000e-01 6.3174163147e-07 3.0000000000e+02 -1.2014047191e-13 2.5979776204e-14 6.3172958171e-14 1.2002456088e-13 -4.8542109207e-20 -2.5959775980e-14 -6.3174163643e-14 -3.0891708621e-14
d  1.6662064760e-03 1.1663444749e+00 -2.0000000000e-01 6.4215938315e-07 3.0000000000e+02 -1.2116708850e-13 2.5963898383e-14 6.4216260869e-14 1.2105045404e-13 -4.8871626253e-20 -2.5943898433e-14 -6.4215938282e-14 -3.0891249674e-14
d  1.6724067037e-03 1.1706846341e+00 -2.0000000000e-01 6.4859325613e-07 3.0000000000e+02 -1.2180873376e-13 2.5960723968e-14 6.4859328326e-14 1.2169166529e-13 -4.9659210887e-20 -2.5940723969e-14 -6.4859325676e-14 -3.0891342076e-14
d  1.6798469770e-03 1.1758928251e+00 -2.0000000000e-01 6.5625143516e-07 3.0000000000e+02 -1.2256371007e-13 2.5950078693e-14 6.5625436940e-14 1.2244612077e-13 -4.9306870926e-20 -2.5930078756e-14 -6.5625143460e-14 -3.0891054834e-14
d  1.6887753048e-03 1.1821426543e+00 -2.0000000000e-01 6.6569678383e-07 3.0000000000e+02 -1.2350499089e-13 2.5945800788e-14 6.6571217249e-14 1.2338677656e-13 -5.0535227472e-20 -2.5925801063e-14 -6.6569677915e-14 -3.0891203675e-14
d  1.6994892983e-03 1.1896424493e+00 -2.0000000000e-01 6.7715721231e-07 3.0000000000e+02 -1.2464470932e-13 2.5937671357e-14 6.7715964612e-14 1.2452574506e-13 -5.0683828440e-20 -2.5917671394e-14 -6.7715721228e-14 -3.0891205064e-14
d  1.7123460904e-03 1.1986422034e+00 -2.0000000000e-01 6.8832338052e-07 3.0000000000e+02 -1.2559574451e-13 2.5780902736e-14 6.8831245684e-14 1.2547588033e-13 -4.3684401786e-20 -2.5760902600e-14 -6.8832338389e-14 -3.0882708731e-14
d  1.7277742410e-03 1.2094419082e+00 -2.0000000000e-01 7.0259907522e-07 3.0000000000e+02 -1.2690395558e-13 2.5666431258e-14 7.0257590054e-14 1.2678301146e-13 -4.7940671219e-20 -2.5646431018e-14 -7.0259908070e-14 -3.0876799881e-14
d  1.7462880217e-03 1.2224015541e+00 -2.0000000000e-01 7.2150824283e-07 3.0000000000e+02 -1.2876693097e-13 2.5638027726e-14 7.2148751763e-14 1.2864469088e-13 -5.0788136287e-20 -2.5618027546e-14 -7.2150824715e-14 -3.0875992030e-14
d  1.7685045585e-03 1.2379531291e+00 -2.0000000000e-01 7.4445700681e-07 3.0000000000e+02 -1.3102719640e-13 2.5602247719e-14 7.4442607040e-14 1.3090340117e-13 -5.0353932137e-20 -2.5582247496e-14 -7.4445701211e-14 -3.0874912327e-14
d  1.7818344806e-03 1.2472840741e+00 -2.0000000000e-01 7.6048798056e-07 3.0000000000e+02 -1.3272064729e-13 2.5685944068e-14 7.6045707441e-14 1.3259591898e-13 -5.5751058628e-20 -2.5665943737e-14 -7.6048798790e-14 -3.0880324482e-14
d  1.7978303871e-03 1.2584812081e+00 -2.0000000000e-01 7.7866033687e-07 3.0000000000e+02 -1.3454480138e-13 2.5692373118e-14 7.7862610620e-14 1.3441895337e-13 -5.2477148724e-20 -2.5672372775e-14 -7.7866034452e-14 -3.0881381040e-14
d  1.8170254749e-03 1.2719177689e+00 -2.0000000000e-01 8.0055416118e-07 3.0000000000e+02 -1.3671720152e-13 2.5673752374e-14 8.0052801710e-14 1.3659000982e-13 -5.3788129535e-20 -2.5653752155e-14 -8.0055416642e-14 -3.0881138218e-14
d  1.8400595803e-03 1.2880416418e+00 -2.0000000000e-01 8.2710909745e-07 3.0000000000e+02 -1.3933817658e-13 2.5637550857e-14 8.2706764484e-14 1.3920937252e-13 -5.4506762734e-20 -2.5617550568e-14 -8.2710910426e-14 -3.0880043834e-14
d  1.8677005068e-03 1.3073902894e+00 -2.0000000000e-01 8.6066812658e-07 3.0000000000e+02 -1.4269880372e-13 2.5639098250e-14 8.6062903554e-14 1.4256806479e-13 -5.7080936283e-20 -2.5619098023e-14 -8.6066813225e-14 -3.0881309587e-14
d  1.8842850626e-03 1.3189994779e+00 -2.0000000000e-01 8.8460388795e-07 3.0000000000e+02 -1.4524890681e-13 2.5782876536e-14 8.8458685787e-14 1.4511700692e-13 -6.3977727159e-20 -2.5762876390e-14 -8.8460389184e-14 -3.0890260927e-14
d  1.9041865297e-03 1.3329305041e+00 -2.0000000000e-01 9.1143050379e-07 3.0000000000e+02 -1.4793418061e-13 2.5785832191e-14 9.1140150466e-14 1.4780088765e-13 -5.9343118956e-20 -2.5765831958e-14 -9.1143050953e-14 -3.0891240354e-14
d  1.9280682901e-03 1.3496477356e+00 -2.0000000000e-01 9.4504375636e-07 3.0000000000e+02 -1.5131249450e-13 2.5798893945e-14 9.4499438984e-14 1.5117752986e-13 -6.3152125045e-20 -2.5778893614e-14 -9.4504376431e-14 -3.0892967704e-14
d  1.9352328183e-03 1.3546629050e+00 -2.0000000000e-01 9.6753016624e-07 3.0000000000e+02 -1.5422385701e-13 2.6421813885e-14 9.6753155565e-14 1.5408839072e-13 -1.1068674715e-19 -2.6401813910e-14 -9.6753016672e-14 -3.0929004838e-14
d  1.9438302520e-03 1.3606811084e+00 -2.0000000000e-01 9.8336493679e-07 3.0000000000e+02 -1.5583272703e-13 2.6451281497e-14 9.8337507136e-14 1.5569665887e-13 -5.8770124162e-20 -2.6431281685e-14 -9.8336493405e-14 -3.0930912589e-14
d  1.9489887123e-03 1.3642920304e+00 -2.0000000000e-01 9.9302365781e-07 3.0000000000e+02 -1.5680897315e-13 2.6457639740e-14 9.9303237813e-14 1.5667254389e-13 -7.5237753988e-20 -2.6437639980e-14 -9.9302365413e-14 -3.0931497759e-14
d  1.9551788646e-03 1.3686251368e+00 -2.0000000000e-01 1.0050473016e-06 3.0000000000e+02 -1.5803747507e-13 2.6482729056e-14 1.0050106652e-13 1.5790061281e-13 -7.7384539865e-20 -2.6462728112e-14 -1.0050473210e-13 -3.0933167005e-14
d  1.9626070474e-03 1.3738248645e+00 -2.0000000000e-01 1.0196668144e-06 3.0000000000e+02 -1.5952442032e-13 2.6508026941e-14 1.0196671772e-13 1.5938703783e-13 -7.8251586302e-20 -2.6488026949e-14 -1.0196668153e-13 -3.0934890186e-14
d  1.9715208667e-03 1.3800645377e+00 -2.0000000000e-01 1.0376555801e-06 3.0000000000e+02 -1.6135515308e-13 2.6534213662e-14 1.0376599408e-13 1.6121714660e-13 -7.9732078893e-20 -2.6514213740e-14 -1.0376555796e-13 -3.0936717275e-14
d  1.9768691583e-03 1.3838083416e+00 -2.0000000000e-01 1.0486802641e-06 3.0000000000e+02 -1.6247708652e-13 2.6552652355e-14 1.0486382713e-13 1.6233870598e-13 -8.0471075248e-20 -2.6532651242e-14 -1.0486802870e-13 -3.0937967089e-14
d  1.9832871082e-03 1.3883009063e+00 -2.0000000000e-01 1.0621569414e-06 3.0000000000e+02 -1.6384916453e-13 2.6578188042e-14 1.0621605593e-13 1.6371033441e-13 -8.2324084572e-20 -2.6558188132e-14 -1.0621569407e-13 -3.0939662990e-14
d  1.9909886481e-03 1.3936919840e+00 -2.0000000000e-01 1.0787129380e-06 3.0000000000e+02 -1.6553658304e-13 2.6603403265e-14 1.0787163143e-13 1.6539721383e-13 -8.3498964486e-20 -2.6583403335e-14 -1.0787129377e-13 -3.0941383340e-14
d  2.0002304960e-03 1.4001612772e+00 -2.0000000000e-01 1.0937249935e-06 3.0000000000e+02 -1.6679574016e-13 2.6374684825e-14 1.0937198959e-13 1.6665572406e-13 -6.5126714820e-20 -2.6354684737e-14 -1.0937249964e-13 -3.0928622487e-14
d  2.0113207134e-03 1.4079244290e+00 -2.0000000000e-01 1.1123209307e-06 3.0000000000e+02 -1.6845682391e-13 2.6185018734e-14 1.1123031109e-13 1.6831603155e-13 -7.2995198854e-20 -2.6165018477e-14 -1.1123209370e-13 -3.0918226849e-14
d  2.0246289744e-03 1.4172402112e+00 -2.0000000000e-01 1.1391773245e-06 3.0000000000e+02 -1.7118242405e-13 2.6221168161e-14 1.1391297872e-13 1.7104070024e-13 -8.4362106151e-20 -2.6201167591e-14 -1.1391773374e-13 -3.0920812573e-14
d  2.0326139309e-03 1.4228296805e+00 -2.0000000000e-01 1.1613338556e-06 3.0000000000e+02 -1.7371844009e-13 2.6524456535e-14 1.1613544008e-13 1.7357615701e-13 -1.0434340997e-19 -2.6504456900e-14 -1.1613338495e-13 -3.0938440421e-14
d  2.0421958788e-03 1.4295370437e+00 -2.0000000000e-01 1.1835644922e-06 3.0000000000e+02 -1.7598986893e-13 2.6566669525e-14 1.1835548522e-13 1.7584691528e-13 -8.3044805322e-20 -2.6546669364e-14 -1.1835644966e-13 -3.0941145574e-14
d  2.0536942163e-03 1.4375858795e+00 -2.0000000000e-01 1.2055429560e-06 3.0000000000e+02 -1.7796914896e-13 2.6361322616e-14 1.2055190647e-13 1.7782539048e-13 -7.4876992224e-20 -2.6341322284e-14 -1.2055429639e-13 -3.0929839336e-14
d  2.0605932187e-03 1.4424151810e+00 -2.0000000000e-01 1.2332481131e-06 3.0000000000e+02 -1.8138949128e-13 2.6973618687e-14 1.2332734370e-13 1.8124524961e-13 -1.4458282773e-19 -2.6953619207e-14 -1.2332481039e-13 -3.0965094882e-14
d  2.0647326202e-03 1.4453127619e+00 -2.0000000000e-01 1.2446706008e-06 3.0000000000e+02 -1.8255499556e-13 2.6994817094e-14 1.2446718639e-13 1.8241046428e-13 -8.9927980054e-20 -2.6974817138e-14 -1.2446706012e-13 -3.0966325138e-14
d  2.0696999020e-03 1.4487898590e+00 -2.0000000000e-01 1.2585019365e-06 3.0000000000e+02 -1.8395678457e-13 2.7014985965e-14 1.2585078950e-13 1.8381190554e-13 -1.0160288575e-19 -2.6994986156e-14 -1.2585019341e-13 -3.0967658926e-14
d  2.0756606401e-03 1.4529623754e+00 -2.0000000000e-01 1.2758507308e-06 3.0000000000e+02 -1.8573694927e-13 2.7056302149e-14 1.2758601144e-13 1.8559165297e-13 -1.0587418957e-19 -2.7036302399e-14 -1.2758507271e-13 -3.0970213161e-14
d  2.0828135259e-03 1.4579693952e+00 -2.0000000000e-01 1.2970310910e-06 3.0000000000e+02 -1.8789861293e-13 2.7096266141e-14 1.2970312240e-13 1.8775281599e-13 -1.0653191310e-19 -2.7076266144e-14 -1.2970310923e-13 -3.0972719312e-14
d  2.0913969888e-03 1.4639778190e+00 -2.0000000000e-01 1.3161106448e-06 3.0000000000e+02 -1.8950202357e-13 2.6808074509e-14 1.3161380411e-13 1.8935562562e-13 -8.1078904711e-20 -2.6788075017e-14 -1.3161106359e-13 -3.0956559150e-14
d  2.1016971443e-03 1.4711879275e+00 -2.0000000000e-01 1.3414957874e-06 3.0000000000e+02 -1.9188186542e-13 2.6654042470e-14 1.3414845757e-13 1.9173474669e-13 -9.7728593988e-20 -2.6634042297e-14 -1.3414957923e-13 -3.0948186851e-14
d  2.1140573309e-03 1.4798400577e+00 -2.0000000000e-01 1.3743884486e-06 3.0000000000e+02 -1.9513660365e-13 2.6621861074e-14 1.3743577182e-13 1.9498861980e-13 -1.0217339234e-19 -2.6601860678e-14 -1.3743884582e-13 -3.0946792697e-14
d  2.1288895548e-03 1.4902226139e+00 -2.0000000000e-01 1.4178668552e-06 3.0000000000e+02 -1.9959569523e-13 2.6725317569e-14 1.4178544038e-13 1.9944667303e-13 -1.1006265220e-19 -2.6705317435e-14 -1.4178668595e-13 -3.0953189306e-14
d  2.1428570000e-03 1.4999998250e+00 -2.0000000000e-01 1.4609678197e-06 3.0000000000e+02 -2.0401072000e-13 2.6822191297e-14 1.4609467741e-13 2.0386072012e-13 -1.1283462946e-19 -2.6802191067e-14 -1.4609678261e-13 -3.0959158535e-14
d  2.1470472335e-03 1.5029329883e+00 -2.0000000000e-01 1.4892674243e-06 3.0000000000e+02 -2.0766829634e-13 2.7602255609e-14 1.4892677626e-13 2.0751800304e-13 -2.1156475907e-19 -2.7582255619e-14 -1.4892674256e-13 -3.1003727730e-14
d  2.1520755138e-03 1.5064527843e+00 -2.0000000000e-01 1.5089793545e-06 3.0000000000e+02 -2.0968045745e-13 2.7647837114e-14 1.5089796040e-13 2.0952981217e-13 -9.8726381679e-20 -2.7627837122e-14 -1.5089793559e-13 -3.1006227151e-14
d  2.1581094501e-03 1.5106765395e+00 -2.0000000000e-01 1.5334274624e-06 3.0000000000e+02 -2.1217911181e-13 2.7695956064e-14 1.5334283867e-13 2.1202804415e-13 -1.3725181405e-19 -2.7675956089e-14 -1.5334274635e-13 -3.1009198057e-14
d  2.1653501737e-03 1.5157450458e+00 -2.0000000000e-01 1.5550052538e-06 3.0000000000e+02 -2.1396684530e-13 2.7345558893e-14 1.5549399151e-13 2.1381527126e-13 -9.9113760862e-20 -2.7325557456e-14 -1.5550052843e-13 -3.0989470715e-14
d  2.1740390420e-03 1.5218272533e+00 -2.0000000000e-01 1.5892353297e-06 3.0000000000e+02 -2.1744845805e-13 2.7402083379e-14 1.5892279949e-13 2.1729627537e-13 -1.4530648696e-19 -2.7382083244e-14 -1.5892353340e-13 -3.0993024617e-14
d  2.1844656839e-03 1.5291259023e+00 -2.0000000000e-01 1.6228499256e-06 3.0000000000e+02 -2.2048779064e-13 2.7092192078e-14 1.6228145854e-13 2.2033487826e-13 -1.0946248405e-19 -2.7072191538e-14 -1.6228499385e-13 -3.0975721272e-14
d  2.1907216691e-03 1.5335050917e+00 -2.0000000000e-01 1.6561944817e-06 3.0000000000e+02 -2.2432375355e-13 2.7565172279e-14 1.6561784169e-13 2.2417040316e-13 -1.8269096975e-19 -2.7545171915e-14 -1.6561944907e-13 -3.1002822534e-14
d  2.1982288513e-03 1.5387601190e+00 -2.0000000000e-01 1.6889722074e-06 3.0000000000e+02 -2.2766377498e-13 2.7626631765e-14 1.6889956679e-13 2.2750989880e-13 -1.3417031751e-19 -2.7606632262e-14 -1.6889721990e-13 -3.1006413413e-14
d  2.2072374699e-03 1.5450661517e+00 -2.0000000000e-01 1.7300919914e-06 3.0000000000e+02 -2.3185955552e-13 2.7701927642e-14 1.7300717521e-13 2.3170504904e-13 -1.5282074638e-19 -2.7681927285e-14 -1.7300920005e-13 -3.1010953777e-14
d  2.2180478123e-03 1.5526333910e+00 -2.0000000000e-01 1.7710801550e-06 3.0000000000e+02 -2.3559794405e-13 2.7362442788e-14 1.7710522070e-13 2.3544268089e-13 -1.2485826011e-19 -2.7342442377e-14 -1.7710801655e-13 -3.0992014189e-14
d  2.2310202231e-03 1.5617140781e+00 -2.0000000000e-01 1.8314306724e-06 3.0000000000e+02 -2.4177549413e-13 2.7493090769e-14 1.8313909816e-13 2.4161932296e-13 -1.6424255420e-19 -2.7473090283e-14 -1.8314306849e-13 -3.0999845803e-14
d  2.2388036696e-03 1.5671624904e+00 -2.0000000000e-01 1.8803502649e-06 3.0000000000e+02 -2.4725441830e-13 2.8048166295e-14 1.8803269160e-13 2.4709770222e-13 -2.0511174229e-19 -2.8028165871e-14 -1.8803502756e-13 -3.1031463712e-14
d  2.2434737375e-03 1.5704315378e+00 -2.0000000000e-01 1.9176974300e-06 3.0000000000e+02 -2.5162310595e-13 2.8649817548e-14 1.9176981815e-13 2.5146606279e-13 -2.4509664911e-19 -2.8629817571e-14 -1.9176974314e-13 -3.1065585030e-14
d  2.2490778190e-03 1.5743543946e+00 -2.0000000000e-01 1.9529470997e-06 3.0000000000e+02 -2.5520686805e-13 2.8706520845e-14 1.9529768580e-13 2.5504943233e-13 -1.7488668001e-19 -2.8686521689e-14 -1.9529470846e-13 -3.1068746466e-14
d  2.2558027168e-03 1.5790618228e+00 -2.0000000000e-01 1.9853489523e-06 3.0000000000e+02 -2.5797074400e-13 2.8253484205e-14 1.9853264011e-13 2.5781283801e-13 -1.4490657700e-19 -2.8233483672e-14 -1.9853489652e-13 -3.1043285197e-14
d  2.2638725941e-03 1.5847107367e+00 -2.0000000000e-01 2.0356307298e-06 3.0000000000e+02 -2.6308549450e-13 2.8335205560e-14 2.0356182997e-13 2.6292702353e-13 -2.1119262278e-19 -2.8315205315e-14 -2.0356307370e-13 -3.1048206464e-14
d  2.2735564469e-03 1.5914894333e+00 -2.0000000000e-01 2.0853945801e-06 3.0000000000e+02 -2.6762441035e-13 2.7919233079e-14 2.0853484341e-13 2.6746526175e-13 -1.5769047521e-19 -2.7899232322e-14 -2.0853945984e-13 -3.1024901188e-14
d  2.2793667586e-03 1.5955566513e+00 -2.0000000000e-01 2.1341176778e-06 3.0000000000e+02 -2.7318334159e-13 2.8565543231e-14 2.1340928988e-13 2.7302378615e-13 -2.7005913994e-19 -2.8545542629e-14 -2.1341176924e-13 -3.1061636016e-14
d  2.2863391326e-03 1.6004373128e+00 -2.0000000000e-01 2.1830258154e-06 3.0000000000e+02 -2.7816119116e-13 2.8652753296e-14 2.1830191763e-13 2.7800114748e-13 -1.9890837639e-19 -2.8632753145e-14 -2.1830258208e-13 -3.1066539777e-14
d  2.2947059815e-03 1.6062941067e+00 -2.0000000000e-01 2.2449862420e-06 3.0000000000e+02 -2.8448349212e-13 2.8768963690e-14 2.2450121613e-13 2.8432286250e-13 -2.2975667314e-19 -2.8748964182e-14 -2.2449862338e-13 -3.1073290764e-14
d  2.2972160361e-03 1.6080511449e+00 -2.0000000000e-01 2.2774397809e-06 3.0000000000e+02 -2.8846667904e-13 2.9470368627e-14 2.2773639713e-13 2.8830587502e-13 -3.7349258153e-19 -2.9450364804e-14 -2.2774398587e-13 -3.1113028447e-14
d  2.3002281017e-03 1.6101595907e+00 -2.0000000000e-01 2.3037872447e-06 3.0000000000e+02 -2.9115439868e-13 2.9525398551e-14 2.3037223350e-13 2.9099338368e-13 -2.0832563600e-19 -2.9505395125e-14 -2.3037873146e-13 -3.1115820419e-14
d  2.3038425804e-03 1.6126897256e+00 -2.0000000000e-01 2.3366889960e-06 3.0000000000e+02 -2.9453450239e-13 2.9606902934e-14 2.3366892782e-13 2.9437323342e-13 -2.7042131534e-19 -2.9586902946e-14 -2.3366889981e-13 -3.1120561577e-14
d  2.3081799548e-03 1.6157258876e+00 -2.0000000000e-01 2.3769813514e-06 3.0000000000e+02 -2.9864896856e-13 2.9683044930e-14 2.3769823372e-13 2.9848739596e-13 -2.7269165191e-19 -2.9663044966e-14 -2.3769813531e-13 -3.1124884870e-14
d  2.3133848041e-03 1.6193692819e+00 -2.0000000000e-01 2.4270528929e-06 3.0000000000e+02 -3.0376200182e-13 2.9783823364e-14 2.4270533818e-13 3.0360006488e-13 -2.8298733792e-19 -2.9763823379e-14 -2.4270528950e-13 -3.1130609042e-14
d  2.3196306233e-03 1.6237413551e+00 -2.0000000000e-01 2.4897469368e-06 3.0000000000e+02 -3.1016503178e-13 2.9909943553e-14 2.4897389054e-13 3.1000265772e-13 -2.9456422740e-19 -2.9889943349e-14 -2.4897469436e-13 -3.1137756625e-14
d  2.3271256063e-03 1.6289878430e+00 -2.0000000000e-01 2.5495966744e-06 3.0000000000e+02 -3.1549857296e-13 2.9293646473e-14 2.5495715413e-13 3.1533567441e-13 -2.2060731414e-19 -2.9273645941e-14 -2.5495966883e-13 -3.1103128476e-14
d  2.3316225961e-03 1.6321357357e+00 -2.0000000000e-01 2.6115572045e-06 3.0000000000e+02 -3.2262288984e-13 3.0168019309e-14 2.6115593047e-13 3.2245967624e-13 -4.2094008406e-19 -3.0148019375e-14 -2.6115572057e-13 -3.1152572963e-14
d  2.3370189839e-03 1.6359132069e+00 -2.0000000000e-01 2.6553011101e-06 3.0000000000e+02 -3.2631439297e-13 2.9525259150e-14 2.6552762116e-13 3.2615080193e-13 -1.8296993682e-19 -2.9505258418e-14 -2.6553011279e-13 -3.1116131799e-14
d  2.3434946492e-03 1.6404461724e+00 -2.0000000000e-01 2.7237169045e-06 3.0000000000e+02 -3.3325405644e-13 2.9615367577e-14 2.7237052762e-13 3.3309001194e-13 -3.3416418930e-19 -2.9595367292e-14 -2.7237169133e-13 -3.1121550940e-14
d  2.3473800484e-03 1.6431659517e+00 -2.0000000000e-01 2.7853035428e-06 3.0000000000e+02 -3.4040282482e-13 3.0550019263e-14 2.7853042833e-13 3.4023850821e-13 -4.6596366058e-19 -3.0530019290e-14 -2.7853035450e-13 -3.1174129605e-14
d  2.3520425274e-03 1.6464296869e+00 -2.0000000000e-01 2.8444685826e-06 3.0000000000e+02 -3.4641966755e-13 3.0649744710e-14 2.8445140192e-13 3.4625502401e-13 -3.1890536310e-19 -3.0629746256e-14 -2.8444685536e-13 -3.1179403387e-14
d  2.3576375023e-03 1.6503461691e+00 -2.0000000000e-01 2.8995925608e-06 3.0000000000e+02 -3.5120981810e-13 2.9963030457e-14 2.8995599660e-13 3.5104478386e-13 -2.5983074090e-19 -2.9943029533e-14 -2.8995925831e-13 -3.1140908386e-14
d  2.3643514721e-03 1.6550459477e+00 -2.0000000000e-01 2.9835243037e-06 3.0000000000e+02 -3.5973265097e-13 3.0085377557e-14 2.9834453573e-13 3.5956714722e-13 -3.8439712174e-19 -3.0065375693e-14 -2.9835243468e-13 -3.1148037395e-14
d  2.3683798540e-03 1.6578658149e+00 -2.0000000000e-01 3.0572817043e-06 3.0000000000e+02 -3.6819926859e-13 3.1119113319e-14 3.0572954860e-13 3.6803348182e-13 -5.3087409471e-19 -3.1099113802e-14 -3.0572816974e-13 -3.1206046287e-14
d  2.3732139122e-03 1.6612496555e+00 -2.0000000000e-01 3.1101898538e-06 3.0000000000e+02 -3.7270387070e-13 3.0375317760e-14 3.1101285001e-13 3.7253774652e-13 -2.3497514367e-19 -3.0355315746e-14 -3.1101898989e-13 -3.1163920771e-14
d  2.3790147822e-03 1.6653102642e+00 -2.0000000000e-01 3.1928655131e-06 3.0000000000e+02 -3.8110636818e-13 3.0501689242e-14 3.1928657981e-13 3.8093983715e-13 -4.3585968560e-19 -3.0481689250e-14 -3.1928655162e-13 -3.1171383372e-14
d  2.3859758261e-03 1.6701829947e+00 -2.0000000000e-01 3.2969688990e-06 3.0000000000e+02 -3.9170303925e-13 3.0673939227e-14 3.2970508092e-13 3.9153602002e-13 -4.2254413241e-19 -3.0653941090e-14 -3.2969688615e-13 -3.1180954594e-14
d  2.3901524524e-03 1.6731066330e+00 -2.0000000000e-01 3.3642669327e-06 3.0000000000e+02 -3.9864088087e-13 3.0873439376e-14 3.3641966853e-13 3.9847357116e-13 -4.4907961020e-19 -3.0853437002e-14 -3.3642669858e-13 -3.1192105824e-14
d  2.3951644040e-03 1.6766149990e+00 -2.0000000000e-01 3.4469106090e-06 3.0000000000e+02 -4.0706774319e-13 3.1028895778e-14 3.4468813127e-13 4.0690008208e-13 -4.5615649622e-19 -3.1008894851e-14 -3.4469106321e-13 -3.1200750463e-14
d  2.4011787459e-03 1.6808250381e+00 -2.0000000000e-01 3.5498569193e-06 3.0000000000e+02 -4.1750951590e-13 3.1164736018e-14 3.5498140653e-13 4.1734143393e-13 -4.7419406640e-19 -3.1144734890e-14 -3.5498569473e-13 -3.1208303067e-14
d  2.4047873511e-03 1.6833510616e+00 -2.0000000000e-01 3.6415274351e-06 3.0000000000e+02 -4.2800511430e-13 3.2421223582e-14 3.6415640962e-13 4.2783677864e-13 -7.1925467260e-19 -3.2401225015e-14 -3.6415274088e-13 -3.1278610385e-14
d  2.4091176773e-03 1.6863822898e+00 -2.0000000000e-01 3.7085085236e-06 3.0000000000e+02 -4.3376545132e-13 3.1537775706e-14 3.7084466411e-13 4.3359681401e-13 -3.1695536942e-19 -3.1517773440e-14 -3.7085085749e-13 -3.1228600505e-14
d  2.4143140687e-03 1.6900197636e+00 -2.0000000000e-01 3.8127037488e-06 3.0000000000e+02 -4.4436724519e-13 3.1708553605e-14 3.8126664754e-13 4.4419824373e-13 -5.9154628498e-19 -3.1688552469e-14 -3.8127037770e-13 -3.1238572476e-14
d  2.4205497384e-03 1.6943847322e+00 -2.0000000000e-01 3.9442098289e-06 3.0000000000e+02 -4.5775498413e-13 3.1930638692e-14 3.9442681568e-13 4.5758554488e-13 -5.7531473411e-19 -3.1910640171e-14 -3.9442098000e-13 -3.1250767653e-14
d  2.4280325421e-03 1.6996226945e+00 -2.0000000000e-01 4.1134678843e-06 3.0000000000e+02 -4.7500345037e-13 3.2239550864e-14 4.1136149280e-13 4.7483348620e-13 -6.1808551488e-19 -3.2219553967e-14 -4.1134678168e-13 -3.1267839541e-14
d  2.4370119064e-03 1.7059082492e+00 -2.0000000000e-01 4.3399108251e-06 3.0000000000e+02 -4.9821555303e-13 3.2773201134e-14 4.3399917452e-13 4.9804496116e-13 -6.9212373538e-19 -3.2753202553e-14 -4.3399107950e-13 -3.1297325038e-14
d  2.4423995251e-03 1.7096795821e+00 -2.0000000000e-01 4.4845666297e-06 3.0000000000e+02 -5.1290090046e-13 3.2983478551e-14 4.4844997254e-13 5.1272993349e-13 -7.1296682211e-19 -3.2963476806e-14 -4.4845666736e-13 -3.1308817804e-14
d  2.4456320962e-03 1.7119423818e+00 -2.0000000000e-01 4.6135244073e-06 3.0000000000e+02 -5.2758507189e-13 3.4671048571e-14 4.6135255293e-13 5.2741387763e-13 -1.0963979062e-18 -3.4651048620e-14 -4.6135244109e-13 -3.1402772580e-14
d  2.4495111817e-03 1.7146577414e+00 -2.0000000000e-01 4.7104668462e-06 3.0000000000e+02 -5.3604040579e-13 3.3507138471e-14 4.7103862400e-13 5.3586894146e-13 -4.8903597992e-19 -3.3487135179e-14 -4.7104669211e-13 -3.1336982943e-14
d  2.4541660841e-03 1.7179161730e+00 -2.0000000000e-01 4.8599485439e-06 3.0000000000e+02 -5.5126026844e-13 3.3760278538e-14 4.8598988411e-13 5.5108847767e-13 -9.0825512982e-19 -3.3740276849e-14 -4.8599485859e-13 -3.1351610926e-14
d  2.4597519671e-03 1.7218262909e+00 -2.0000000000e-01 5.0495883237e-06 3.0000000000e+02 -5.7055812177e-13 3.4073924245e-14 5.0494453714e-13 5.7038594149e-13 -8.8898121427e-19 -3.4053920203e-14 -5.0495884207e-13 -3.1368615354e-14
d  2.4631034969e-03 1.7241723616e+00 -2.0000000000e-01 5.1735977192e-06 3.0000000000e+02 -5.8333543884e-13 3.4431865240e-14 5.1735419669e-13 5.8316302267e-13 -9.6295630436e-19 -3.4411862896e-14 -5.1735977748e-13 -3.1388316881e-14
d  2.4671253327e-03 1.7269876465e+00 -2.0000000000e-01 5.3278550418e-06 3.0000000000e+02 -5.9907880433e-13 3.4732657346e-14 5.3277888308e-13 5.9890610683e-13 -9.8594187505e-19 -3.4712654740e-14 -5.3278551039e-13 -3.1404703862e-14
d  2.4719515356e-03 1.7303659884e+00 -2.0000000000e-01 5.5226304593e-06 3.0000000000e+02 -6.1886388776e-13 3.5023915579e-14 5.5226125280e-13 6.1869085149e-13 -1.0422239729e-18 -3.5003914992e-14 -5.5226304781e-13 -3.1420540722e-14
d  2.4748472573e-03 1.7323929935e+00 -2.0000000000e-01 5.6952104194e-06 3.0000000000e+02 -6.3839597325e-13 3.7170049119e-14 5.6951910091e-13 6.3822273438e-13 -1.5996842983e-18 -3.7150048175e-14 -5.6952104453e-13 -3.1539544796e-14
d  2.4783221234e-03 1.7348253997e+00 -2.0000000000e-01 5.8776773970e-06 3.0000000000e+02 -6.5706900178e-13 3.7591365446e-14 5.8776574446e-13 6.5689551967e-13 -1.2110026499e-18 -3.7571364538e-14 -5.8776774225e-13 -3.1561513463e-14
d  2.4824919628e-03 1.7377442870e+00 -2.0000000000e-01 6.0596847220e-06 3.0000000000e+02 -6.7377563673e-13 3.6171480895e-14 6.0596632571e-13 6.7360186274e-13 -9.9810354934e-19 -3.6151480081e-14 -6.0596847462e-13 -3.1482552843e-14
d  2.4874957699e-03 1.7412469519e+00 -2.0000000000e-01 6.3262960242e-06 3.0000000000e+02 -7.0089247278e-13 3.6593957502e-14 6.3261566491e-13 7.0071835088e-13 -1.4304801842e-18 -3.6573953110e-14 -6.3262961329e-13 -3.1506161553e-14
d  2.4904980542e-03 1.7433485508e+00 -2.0000000000e-01 6.5562719974e-06 3.0000000000e+02 -7.2660743261e-13 3.9169058267e-14 6.5562285863e-13 7.2643309877e-13 -2.0237688214e-18 -3.9149056233e-14 -6.5562720486e-13 -3.1648295612e-14
d  2.4941007954e-03 1.7458704695e+00 -2.0000000000e-01 6.7488053592e-06 3.0000000000e+02 -7.4417701424e-13 3.7588511851e-14 6.7487584769e-13 7.4400242828e-13 -1.0576990050e-18 -3.7568509794e-14 -6.7488054117e-13 -3.1559120751e-14
d  2.4984240848e-03 1.7488967719e+00 -2.0000000000e-01 7.0333590087e-06 3.0000000000e+02 -7.7311762393e-13 3.8033236778e-14 7.0332086864e-13 7.7294273764e-13 -1.7515404010e-18 -3.8013231293e-14 -7.0333591427e-13 -3.1584343022e-14
d  2.5010180584e-03 1.7507125534e+00 -2.0000000000e-01 7.2808423450e-06 3.0000000000e+02 -8.0088301481e-13 4.0892525699e-14 7.2808433956e-13 8.0070794353e-13 -2.5008781164e-18 -4.0872525756e-14 -7.2808423510e-13 -3.1741965931e-14
d  2.5041308268e-03 1.7528914911e+00 -2.0000000000e-01 7.5504695945e-06 3.0000000000e+02 -8.2850951968e-13 4.1533580335e-14 7.5504106502e-13 8.2833423209e-13 -1.9701942972e-18 -4.1513577343e-14 -7.5504696684e-13 -3.1775272610e-14
d  2.5078661488e-03 1.7555062164e+00 -2.0000000000e-01 7.9044627170e-06 3.0000000000e+02 -8.6479016378e-13 4.2369672711e-14 7.9045694833e-13 8.6461461040e-13 -2.3585397633e-18 -4.2349677216e-14 -7.9044626209e-13 -3.1820861767e-14
d  2.5123485353e-03 1.7586438868e+00 -2.0000000000e-01 8.2811499531e-06 3.0000000000e+02 -9.0057266164e-13 4.0573710536e-14 8.2809391530e-13 9.0039680258e-13 -1.9012382628e-18 -4.0553703137e-14 -8.2811501404e-13 -3.1720826692e-14
d  2.5150379672e-03 1.7605264890e+00 -2.0000000000e-01 8.6328248939e-06 3.0000000000e+02 -9.3950295664e-13 4.4132428364e-14 8.6328185471e-13 9.3932690418e-13 -3.4403637129e-18 -4.4112428032e-14 -8.6328249100e-13 -3.1917424220e-14
d  2.5182652854e-03 1.7627856116e+00 -2.0000000000e-01 9.0330112173e-06 3.0000000000e+02 -9.8054017867e-13 4.5116810877e-14 9.0331504984e-13 9.8036389597e-13 -2.8426845825e-18 -4.5096817680e-14 -9.0330110696e-13 -3.1968807744e-14
d  2.5221380673e-03 1.7654965588e+00 -2.0000000000e-01 9.4583570314e-06 3.0000000000e+02 -1.0209053105e-12 4.3050006533e-14 9.4581752007e-13 1.0207287661e-12 -2.4472833422e-18 -4.3029999144e-14 -9.4583572191e-13 -3.1854255222e-14
d  2.5244617364e-03 1.7671231271e+00 -2.0000000000e-01 9.8584822259e-06 3.0000000000e+02 -1.0652716556e-12 4.7165431824e-14 9.8585139538e-13 1.0650949422e-12 -4.4959221839e-18 -4.7145433742e-14 -9.8584821925e-13 -3.2081478756e-14
d  2.5272501394e-03 1.7690750091e+00 -2.0000000000e-01 1.0213840840e-05 3.0000000000e+02 -1.0984595691e-12 4.4963783251e-14 1.0213699990e-12 1.0982826663e-12 -2.4867481254e-18 -4.4943775275e-14 -1.0213841033e-12 -3.1956689132e-14
d  2.5305962229e-03 1.7714172675e+00 -2.0000000000e-01 1.0736479698e-05 3.0000000000e+02 -1.1518332115e-12 4.6001403968e-14 1.0736325995e-12 1.1516560749e-12 -3.9935043427e-18 -4.5981396737e-14 -1.0736479883e-12 -3.2014911938e-14
d  2.5326038731e-03 1.7728226225e+00 -2.0000000000e-01 1.1182268325e-05 3.0000000000e+02 -1.2012279467e-12 5.0556102438e-14 1.1182268172e-12 1.2010506645e-12 -5.6360280679e-18 -5.0536102427e-14 -1.1182268336e-12 -3.2264353044e-14
d  2.5350130532e-03 1.7745090485e+00 -2.0000000000e-01 1.1579888307e-05 3.0000000000e+02 -1.2383373406e-12 4.8070877849e-14 1.1579722586e-12 1.2381598961e-12 -3.1898660792e-18 -4.8050866982e-14 -1.1579888567e-12 -3.2123467747e-14
d  2.5379040694e-03 1.7765327598e+00 -2.0000000000e-01 1.2170156043e-05 3.0000000000e+02 -1.2987541994e-12 4.9370909812e-14 1.2169955172e-12 1.2985765538e-12 -5.1901678612e-18 -4.9350898869e-14 -1.2170156317e-12 -3.2196560983e-14
d  2.5396386791e-03 1.7777469865e+00 -2.0000000000e-01 1.2670347357e-05 3.0000000000e+02 -1.3541595112e-12 5.4467700722e-14 1.2670314858e-12 1.3539817379e-12 -7.2592270675e-18 -5.4447698088e-14 -1.2670347429e-12 -3.2475378898e-14
d  2.5417202108e-03 1.7792040586e+00 -2.0000000000e-01 1.3242778169e-05 3.0000000000e+02 -1.4129800273e-12 5.5995521261e-14 1.3243195463e-12 1.4128020883e-12 -6.1466763975e-18 -5.5975552904e-14 -1.3242777460e-12 -3.2554087630e-14
d  2.5442180488e-03 1.7809525451e+00 -2.0000000000e-01 1.3862081941e-05 3.0000000000e+02 -1.4721748805e-12 5.3379632255e-14 1.3861850642e-12 1.4719967954e-12 -5.3862852739e-18 -5.3359617665e-14 -1.3862082303e-12 -3.2409420846e-14
d  2.5472154544e-03 1.7830507289e+00 -2.0000000000e-01 1.4765639051e-05 3.0000000000e+02 -1.5645421539e-12 5.5288053425e-14 1.4765373660e-12 1.5643638605e-12 -7.5318993451e-18 -5.5268039533e-14 -1.4765639418e-12 -3.2514603619e-14
d  2.5490138977e-03 1.7843096392e+00 -2.0000000000e-01 1.5376815503e-05 3.0000000000e+02 -1.6275626287e-12 5.7073791196e-14 1.5376572231e-12 1.6273842099e-12 -8.0566203320e-18 -5.7053772201e-14 -1.5376815961e-12 -3.2610376248e-14
d  2.5511720298e-03 1.7858203315e+00 -2.0000000000e-01 1.6176636160e-05 3.0000000000e+02 -1.7096306619e-12 5.9079673547e-14 1.6176265493e-12 1.7094520987e-12 -8.7918894559e-18 -5.9059646482e-14 -1.6176636823e-12 -3.2717901511e-14
d  2.5524669090e-03 1.7867267469e+00 -2.0000000000e-01 1.6855232957e-05 3.0000000000e+02 -1.7847292385e-12 6.5927651827e-14 1.6855232482e-12 1.7845505659e-12 -1.3037870952e-17 -6.5907651775e-14 -1.6855232975e-12 -3.3093147070e-14
d  2.5540207640e-03 1.7878144454e+00 -2.0000000000e-01 1.7639285294e-05 3.0000000000e+02 -1.8654264325e-12 6.8129210766e-14 1.7639258925e-12 1.8652476527e-12 -1.1147801148e-17 -6.8109208086e-14 -1.7639285373e-12 -3.3205323046e-14
d  2.5558853901e-03 1.7891196836e+00 -2.0000000000e-01 1.8697857545e-05 3.0000000000e+02 -1.9744489903e-12 7.1127061397e-14 1.8697829866e-12 1.9742700800e-12 -1.3521339472e-17 -7.1107059061e-14 -1.8697857620e-12 -3.3368032615e-14
d  2.5570041657e-03 1.7899028265e+00 -2.0000000000e-01 1.9402414738e-05 3.0000000000e+02 -2.0470250109e-12 7.3139731196e-14 1.9402414553e-12 2.0468460206e-12 -1.4641560719e-17 -7.3119731173e-14 -1.9402414758e-12 -3.3476116946e-14
d  2.5583466965e-03 1.7908425980e+00 -2.0000000000e-01 2.0327244772e-05 3.0000000000e+02 -2.1423141762e-12 7.5793474798e-14 2.0327245668e-12 2.1421350919e-12 -1.6138620067e-17 -7.5773474904e-14 -2.0327244790e-12 -3.3618673064e-14
d  2.5599577334e-03 1.7919703238e+00 -2.0000000000e-01 2.1571095088e-05 3.0000000000e+02 -2.2705104148e-12 7.9410623651e-14 2.1571093907e-12 2.2703312178e-12 -1.8257062052e-17 -7.9390623535e-14 -2.1571095113e-12 -3.3813031326e-14
d  2.5609243556e-03 1.7926469593e+00 -2.0000000000e-01 2.2398656931e-05 3.0000000000e+02 -2.3558248829e-12 8.1838351981e-14 2.2398847463e-12 2.3556456032e-12 -1.9804125159e-17 -8.1818379745e-14 -2.2398656333e-12 -3.3943490883e-14
d  2.5620843022e-03 1.7934589218e+00 -2.0000000000e-01 2.3486403861e-05 3.0000000000e+02 -2.4679882928e-12 8.5040781175e-14 2.3486406734e-12 2.4678089467e-12 -2.1867091117e-17 -8.5020781567e-14 -2.3486403876e-12 -3.4115605459e-14
d  2.5634762381e-03 1.7944332769e+00 -2.0000000000e-01 2.4952988497e-05 3.0000000000e+02 -2.6192638005e-12 8.9431926984e-14 2.4952887210e-12 2.6190843652e-12 -2.4825507716e-17 -8.9411915522e-14 -2.4952988797e-12 -3.4351754199e-14
d  2.5651465611e-03 1.7956025030e+00 -2.0000000000e-01 2.6999353510e-05 3.0000000000e+02 -2.8304089062e-12 9.5611426339e-14 2.6999352704e-12 2.8302293460e-12 -2.9252185796e-17 -9.5591426264e-14 -2.6999353539e-12 -3.4684234221e-14
d  2.5661487550e-03 1.7963040387e+00 -2.0000000000e-01 2.8409616063e-05 3.0000000000e+02 -2.9759735186e-12 9.9902871503e-14 2.8409606329e-12 2.9757938891e-12 -3.2679229675e-17 -9.9882870139e-14 -2.8409616124e-12 -3.4915294457e-14
d  2.5673513876e-03 1.7971458815e+00 -2.0000000000e-01 3.0327054288e-05 3.0000000000e+02 -3.1739468648e-12 1.0581335560e-13 3.0326977971e-12 3.1737671575e-12 -3.7513610395e-17 -1.0579334561e-13 -3.0327054560e-12 -3.5233740831e-14
d  2.5680729672e-03 1.7976509871e+00 -2.0000000000e-01 3.1616428482e-05 3.0000000000e+02 -3.3071083952e-12 1.0982653517e-13 3.1616509722e-12 3.3069286212e-12 -4.1076233483e-17 -1.0980655104e-13 -3.1616428157e-12 -3.5450169597e-14
d  2.5689388627e-03 1.7982571140e+00 -2.0000000000e-01 3.3328669840e-05 3.0000000000e+02 -3.4839846262e-12 1.1516669788e-13 3.3328671838e-12 3.4838048003e-12 -4.5920944846e-17 -1.1514669824e-13 -3.3328669865e-12 -3.5738330712e-14
d  2.5699779372e-03 1.7989844661e+00 -2.0000000000e-01 3.5669630722e-05 3.0000000000e+02 -3.7258787895e-12 1.2256666669e-13 3.5669613538e-12 3.7256988930e-12 -5.2956310534e-17 -1.2254666409e-13 -3.5669630821e-12 -3.6138045349e-14
d  2.5706013820e-03 1.7994208774e+00 -2.0000000000e-01 3.7251501109e-05 3.0000000000e+02 -3.8893793211e-12 1.2760519762e-13 3.7251580074e-12 3.8891993689e-12 -5.8214132207e-17 -1.2758521548e-13 -3.7251500743e-12 -3.6410613689e-14
d  2.5713495157e-03 1.7999445710e+00 -2.0000000000e-01 3.9361497932e-05 3.0000000000e+02 -4.1075170065e-12 1.3436156363e-13 3.9361505456e-12 4.1073370111e-12 -6.5421252751e-17 -1.3434156522e-13 -3.9361497935e-12 -3.6776391549e-14
d  2.5722472761e-03 1.8005730033e+00 -2.0000000000e-01 4.2263725006e-05 3.0000000000e+02 -4.4076448468e-12 1.4375248286e-13 4.2263810321e-12 4.4074647783e-12 -7.5962356276e-17 -1.4373249783e-13 -4.2263724682e-12 -3.7285516684e-14
d  2.5733245887e-03 1.8013271220e+00 -2.0000000000e-01 4.6430021856e-05 3.0000000000e+02 -4.8386538744e-12 1.5737099334e-13 4.6430022873e-12 4.8384737415e-12 -9.2426195210e-17 -1.5735099349e-13 -4.6430021899e-12 -3.8025347872e-14
d  2.5739709762e-03 1.8017795932e+00 -2.0000000000e-01 4.9380696808e-05 3.0000000000e+02 -5.1440107648e-12 1.6711851607e-13 4.9380700273e-12 5.1438305863e-12 -1.0578012113e-16 -1.6709851682e-13 -4.9380696839e-12 -3.8556720452e-14
d  2.5747466412e-03 1.8023225587e+00 -2.0000000000e-01 5.3502863360e-05 3.0000000000e+02 -5.5707290381e-12 1.8085267296e-13 5.3502842882e-12 5.5705488092e-12 -1.2530083666e-16 -1.8083266881e-13 -5.3502863517e-12 -3.9306705382e-14
d  2.5756774392e-03 1.8029741173e+00 -2.0000000000e-01 5.9561441433e-05 3.0000000000e+02 -6.1981412839e-12 2.0125895643e-13 5.9561595063e-12 6.1979609598e-12 -1.5658925285e-16 -2.0123898219e-13 -5.9561440787e-12 -4.0424534386e-14
d  2.5762359180e-03 1.8033650525e+00 -2.0000000000e-01 6.3953761648e-05 3.0000000000e+02 -6.6531659492e-12 2.1619645457e-13 6.3953764917e-12 6.6529856120e-12 -1.8294084606e-16 -2.1617645539e-13 -6.3953761692e-12 -4.1247509941e-14
d  2.5769060926e-03 1.8038341746e+00 -2.0000000000e-01 7.0239665991e-05 3.0000000000e+02 -7.3045593406e-12 2.3777177530e-13 7.0239627636e-12 7.3043789652e-12 -2.2279060845e-16 -2.3775176631e-13 -7.0239666294e-12 -4.2439525612e-14
d  2.5777103021e-03 1.8043971213e+00 -2.0000000000e-01 7.9819879701e-05 3.0000000000e+02 -8.2977360974e-12 2.7101694713e-13 7.9819912258e-12 8.2975556503e-12 -2.8991280747e-16 -2.7099695342e-13 -7.9819879598e-12 -4.4285765107e-14
d  2.5781928278e-03 1.8047348892e+00 -2.0000000000e-01 8.7023865424e-05 3.0000000000e+02 -9.0448692323e-12 2.9626784524e-13 8.7023834965e-12 9.0446887667e-12 -3.4999767130e-16 -2.9624783641e-13 -8.7023865740e-12 -4.5702205748e-14
d  2.5787718586e-03 1.8051402108e+00 -2.0000000000e-01 9.7744873706e-05 3.0000000000e+02 -1.0157126014e-11 3.3419811453e-13 9.7744746896e-12 1.0156945536e-11 -4.4575830249e-16 -3.3417808031e-13 -9.7744874746e-12 -4.7840284860e-14
d  2.5794666956e-03 1.8056265967e+00 -2.0000000000e-01 1.1512747061e-04 3.0000000000e+02 -1.1961297134e-11 3.9639749770e-13 1.1512713254e-11 1.1961116682e-11 -6.2139587835e-16 -3.9637742278e-13 -1.1512747312e-11 -5.1379361717e-14
d  2.5798835978e-03 1.8059184282e+00 -2.0000000000e-01 1.2907013343e-04 3.0000000000e+02 -1.3409116939e-11 4.4686234809e-13 1.2906998236e-11 1.3408936404e-11 -7.9586041173e-16 -4.4684229778e-13 -1.2907013498e-11 -5.4305533812e-14
d  2.5803838805e-03 1.8062686260e+00 -2.0000000000e-01 1.5141530731e-04 3.0000000000e+02 -1.5730351816e-11 5.2847462045e-13 1.5141532776e-11 1.5730171180e-11 -1.1034827967e-15 -5.2845462677e-13 -1.5141530727e-11 -5.9086740376e-14
d  2.5806840501e-03 1.8064787447e+00 -2.0000000000e-01 1.6914237190e-04 3.0000000000e+02 -1.7572673462e-11 5.9386529216e-13 1.6914232941e-11 1.7572492835e-11 -1.3998320197e-15 -5.9384527244e-13 -1.6914237261e-11 -6.3007764973e-14
d  2.5810442536e-03 1.8067308872e+00 -2.0000000000e-01 1.9719009430e-04 3.0000000000e+02 -2.0488577045e-11 6.9815835487e-13 1.9718977078e-11 2.0488396554e-11 -1.9130437860e-15 -6.9813821537e-13 -1.9719009869e-11 -6.9340673857e-14
d  2.5814764978e-03 1.8070334581e+00 -2.0000000000e-01 2.4770051260e-04 3.0000000000e+02 -2.5742359273e-11 8.8801117833e-13 2.4770060381e-11 2.5742178505e-11 -2.9968371189e-15 -8.8799121029e-13 -2.4770051165e-11 -8.1155340582e-14
d  2.5817358443e-03 1.8072150006e+00 -2.0000000000e-01 2.9321012432e-04 3.0000000000e+02 -3.0479257498e-11 1.0612952728e-12 2.9320947034e-11 3.0479077319e-11 -4.2824988939e-15 -1.0612749271e-12 -2.9321013595e-11 -9.2500909421e-14
d  2.5820470601e-03 1.8074328517e+00 -2.0000000000e-01 3.7814317651e-04 3.0000000000e+02 -3.9324185948e-11 1.3880569995e-12 3.7814342317e-11 3.9324004936e-11 -7.0687611972e-15 -1.3880371188e-12 -3.7814317213e-11 -1.1461345365e-13
d  2.5822337896e-03 1.8075635623e+00 -2.0000000000e-01 4.5815884410e-04 3.0000000000e+02 -4.7664525145e-11 1.7005580064e-12 4.5815767104e-11 4.7664345908e-11 -1.0551846713e-14 -1.7005371492e-12 -4.5815887444e-11 -1.3735779071e-13
d  2.5824578650e-03 1.8077204151e+00 -2.0000000000e-01 6.1791066142e-04 3.0000000000e+02 -6.4327621198e-11 2.3318790680e-12 6.1791066929e-11 6.4327440412e-11 -1.8809341053e-14 -2.3318590732e-12 -6.1791066180e-11 -1.8575343048e-13
d  2.5825923102e-03 1.8078145268e+00 -2.0000000000e-01 7.8142924679e-04 3.0000000000e+02 -8.1408439778e-11 2.9925776160e-12 7.8142746161e-11 8.1408262984e-11 -3.0436083703e-14 -2.9925558272e-12 -7.8142931826e-11 -2.4233169006e-13
d  2.5827536445e-03 1.8079274608e+00 -2.0000000000e-01 1.1570209112e-03 3.0000000000e+02 -1.2069031988e-10 4.5379304517e-12 1.1570228556e-10 1.2069013195e-10 -6.3557598958e-14 -4.5379121683e-12 -1.1570208107e-10 -3.8663650680e-13
d  2.5828504451e-03 1.8079952212e+00 -2.0000000000e-01 1.6225498658e-03 3.0000000000e+02 -1.6952648428e-10 6.5376933053e-12 1.6225498087e-10 1.6952630377e-10 -1.2429380316e-13 -6.5376732294e-12 -1.6225498716e-10 -6.0934855484e-13
d  2.5829085254e-03 1.8080358774e+00 -2.0000000000e-01 2.1180934114e-03 3.0000000000e+02 -2.2171046521e-10 8.7811683834e-12 2.1180933644e-10 2.2171028470e-10 -2.1497754862e-13 -8.7811482750e-12 -2.1180934183e-10 -9.0481646514e-13
d  2.5829782218e-03 1.8080846649e+00 -2.0000000000e-01 3.3574962698e-03 3.0000000000e+02 -3.5260813823e-10 1.4602907080e-11 3.3574960198e-10 3.5260796027e-10 -4.9427063350e-13 -1.4602886588e-11 -3.3574963105e-10 -1.7611749976e-12
d  2.5830200397e-03 1.8081139374e+00 -2.0000000000e-01 5.0817969711e-03 3.0000000000e+02 -5.3626126023e-10 2.3594562427e-11 5.0817969605e-10 5.3626107960e-10 -1.0830611357e-12 -2.3594542396e-11 -5.0817969786e-10 -3.4037829900e-12
d  2.5830451304e-03 1.8081315009e+00 -2.0000000000e-01 7.1247248995e-03 3.0000000000e+02 -7.5628102052e-10 3.5671659411e-11 7.1247247087e-10 7.5628084391e-10 -2.0888171182e-12 -3.5671638430e-11 -7.1247249658e-10 -6.0478909324e-12
d  2.5830752392e-03 1.8081525771e+00 -2.0000000000e-01 1.3406565583e-02 3.0000000000e+02 -1.4390482278e-09 7.6314863487e-11 1.3406565536e-09 1.4390480501e-09 -6.0177790329e-12 -7.6314843328e-11 -1.3406565631e-09 -1.6058867101e-11
d  2.5830933046e-03 1.8081652228e+00 -2.0000000000e-01 2.4597682476e-02 3.0000000000e+02 -2.6843579337e-09 1.6553401849e-10 2.4597682327e-09 2.6843577765e-09 -1.6738922559e-11 -1.6553399796e-10 -2.4597682751e-09 -4.2316582224e-11
d  2.5831041437e-03 1.8081728102e+00 -2.0000000000e-01 4.0018427749e-02 3.0000000000e+02 -4.4451304915e-09 3.1441997427e-10 4.0018427327e-09 4.4451304036e-09 -3.7289285224e-11 -3.1441995103e-10 -4.0018428788e-09 -9.1578295388e-11
d  2.5831171508e-03 1.8081819151e+00 -2.0000000000e-01 8.5353526285e-02 3.0000000000e+02 -9.6129600516e-09 7.3820350849e-10 8.5353522360e-09 9.6129539067e-09 -9.9641764966e-11 -7.3820330665e-10 -8.5353468941e-09 -2.3976195473e-10
d  2.5831249550e-03 1.8081873781e+00 -2.0000000000e-01 1.3554230571e-01 3.0000000000e+02 -1.5245716251e-08 1.1404491464e-09 1.3554230440e-08 1.5245726902e-08 -1.6264101001e-10 -1.1404492996e-09 -1.3554241251e-08 -3.8839509908e-10
d  2.5831343200e-03 1.8081939336e+00 -2.0000000000e-01 2.1494575248e-01 3.0000000000e+02 -2.3608590113e-08 1.4149859382e-09 2.1494575030e-08 2.3608571780e-08 -2.0670442195e-10 -1.4149856504e-09 -2.1494557421e-08 -4.9232471466e-10
d  2.5831455581e-03 1.8082018003e+00 -2.0000000000e-01 3.0830979903e-01 3.0000000000e+02 -3.2636481756e-08 1.2081353168e-09 3.0830979883e-08 3.2636483169e-08 -1.7652990885e-10 -1.2081353050e-09 -3.0830981521e-08 -4.2083612347e-10
d  2.5831523009e-03 1.8082065202e+00 -2.0000000000e-01 3.5408227722e-01 3.0000000000e+02 -3.6781141832e-08 9.2070172985e-10 3.5408227670e-08 3.6781142363e-08 -1.3350168528e-10 -9.2070170184e-10 -3.5408228485e-08 -3.1871054981e-10
d  2.5831603923e-03 1.8082121842e+00 -2.0000000000e-01 3.9459409251e-01 3.0000000000e+02 -4.0353309863e-08 6.0047278849e-10 3.9459409187e-08 4.0353310425e-08 -8.6559207454e-11 -6.0047275724e-10 -3.9459410053e-08 -2.0686844872e-10
d  2.5831701020e-03 1.8082189810e+00 -2.0000000000e-01 4.2520594167e-01 3.0000000000e+02 -4.2996270067e-08 3.1994424778e-10 4.2520594119e-08 4.2996270394e-08 -4.5910975100e-11 -3.1994422016e-10 -4.2520594730e-08 -1.0982050031e-10
d  2.5831817537e-03 1.8082271372e+00 -2.0000000000e-01 4.4453431069e-01 3.0000000000e+02 -4.4641341428e-08 1.2650702593e-10 4.4453431058e-08 4.4641341348e-08 -1.8092022693e-11 -1.2650700452e-10 -4.4453431216e-08 -4.3311098924e-11
d  2.5831957356e-03 1.8082369245e+00 -2.0000000000e-01 4.5422937005e-01 3.0000000000e+02 -4.5460224166e-08 2.5122944255e-11 4.5422936816e-08 4.5460225778e-08 -3.5788397181e-12 -2.5122902109e-11 -4.5422938880e-08 -8.5851691103e-12
d  2.5832125140e-03 1.8082486694e+00 -2.0000000000e-01 4.5757453701e-01 3.0000000000e+02 -4.5741976684e-08 -1.0418366709e-11 4.5757452866e-08 4.5741984430e-08 1.4962834923e-12 1.0418468511e-11 -4.5757461811e-08 3.5626096432e-12
d  2.5832326480e-03 1.8082627632e+00 -2.0000000000e-01 4.5784304681e-01 3.0000000000e+02 -4.5764783186e-08 -1.3150827264e-11 4.5784304674e-08 4.5764783064e-08 1.8824239230e-12 1.3150847753e-11 -4.5784304786e-08 4.4884023559e-12
d  2.5832568088e-03 1.8082796757e+00 -2.0000000000e-01 4.5725494417e-01 3.0000000000e+02 -4.5715579959e-08 -6.6884595152e-12 4.5725494410e-08 4.5715579857e-08 9.5514662883e-13 6.6884800371e-12 -4.5725494542e-08 2.2710623701e-12
d  2.5832858018e-03 1.8082999708e+00 -2.0000000000e-01 4.5679880268e-01 3.0000000000e+02 -4.5677489017e-08 -1.6270324981e-12 4.5679880260e-08 4.5677488921e-08 2.2926295865e-13 1.6270529500e-12 -4.5679880400e-08 5.3515481306e-13
d  2.5833205934e-03 1.8083243249e+00 -2.0000000000e-01 4.5664149502e-01 3.0000000000e+02 -4.5664564866e-08 2.6111371193e-13 4.5664149493e-08 4.5664564773e-08 -4.1551646261e-14 -2.6109333608e-13 -4.5664149637e-08 -1.1249929940e-13
d  2.5833623432e-03 1.8083535499e+00 -2.0000000000e-01 4.5664840356e-01 3.0000000000e+02 -4.5665506336e-08 4.2969527294e-13 4.5664842186e-08 4.5665486218e-08 -6.5750397569e-14 -4.2974316280e-13 -4.5664820349e-08 -1.7037317030e-13
d  2.5834124431e-03 1.8083886198e+00 -2.0000000000e-01 4.5669482151e-01 3.0000000000e+02 -4.5669841279e-08 2.2323064782e-13 4.5669476398e-08 4.5669905338e-08 -3.6087613740e-14 -2.2303486770e-13 -4.5669546738e-08 -9.9434916105e-14
d  2.5834725630e-03 1.8084307037e+00 -2.0000000000e-01 4.5673779180e-01 3.0000000000e+02 -4.5673973884e-08 1.1272338770e-13 4.5673774842e-08 4.5674023301e-08 -2.0256328850e-14 -1.1259419842e-13 -4.5673829011e-08 -6.1561811677e-14
d  2.5835447068e-03 1.8084812043e+00 -2.0000000000e-01 4.5677852773e-01 3.0000000000e+02 -4.5678021347e-08 9.5089350813e-14 4.5677849773e-08 4.5678056243e-08 -1.7739868770e-14 -9.5007118843e-14 -4.5677888003e-08 -5.5536755776e-14
d  2.5836312794e-03 1.8085418051e+00 -2.0000000000e-01 4.5682494175e-01 3.0000000000e+02 -4.5682671084e-08 1.0068329488e-13 4.5682490969e-08 4.5682709176e-08 -1.8543809584e-14 -1.0060845830e-13 -4.5682532589e-08 -5.7459165474e-14
d  2.5837351664e-03 1.8086145261e+00 -2.0000000000e-01 4.5688098726e-01 3.0000000000e+02 -4.5688280246e-08 1.0378658731e-13 4.5688094600e-08 4.5688330257e-08 -1.8985772904e-14 -1.0370836833e-13 -4.5688149065e-08 -5.8523224470e-14
d  2.5838598310e-03 1.8087017912e+00 -2.0000000000e-01 4.5694856111e-01 3.0000000000e+02 -4.5695038092e-08 1.0409971783e-13 4.5694850970e-08 4.5695101534e-08 -1.9021678157e-14 -1.0401982059e-13 -4.5694919884e-08 -5.8633700075e-14
d  2.5840094284e-03 1.8088065094e+00 -2.0000000000e-01 4.5702970026e-01 3.0000000000e+02 -4.5703151751e-08 1.0393066275e-13 4.5702963668e-08 4.5703231450e-08 -1.8969795636e-14 -1.0384946588e-13 -4.5703050059e-08 -5.8586026430e-14
d  2.5841889453e-03 1.8089321712e+00 -2.0000000000e-01 4.5712706083e-01 3.0000000000e+02 -4.5712887866e-08 1.0391203884e-13 4.5712706082e-08 4.5712887696e-08 -1.9038070585e-14 -1.0389203206e-13 -4.5712706140e-08 -5.8607631935e-14
d  2.5844043655e-03 1.8090829654e+00 -2.0000000000e-01 4.5724388954e-01 3.0000000000e+02 -4.5724570611e-08 1.0385532902e-13 4.5724388951e-08 4.5724570461e-08 -1.9027484896e-14 -1.0383531289e-13 -4.5724389031e-08 -5.8571024971e-14
d  2.5846628699e-03 1.8092639184e+00 -2.0000000000e-01 4.5738410093e-01 3.0000000000e+02 -4.5738591811e-08 1.0388698900e-13 4.5738410086e-08 4.5738591729e-08 -1.9038412563e-14 -1.0386694754e-13 -4.5738410238e-08 -5.8585674160e-14
d  2.5849730751e-03 1.8094810621e+00 -2.0000000000e-01 4.5755236826e-01 3.0000000000e+02 -4.5755418556e-08 1.0389106793e-13 4.5755236810e-08 4.5755418587e-08 -1.9044997788e-14 -1.0387099492e-13 -4.5755237084e-08 -5.8587237299e-14
d  2.5853453213e-03 1.8097416344e+00 -2.0000000000e-01 4.5775430889e-01 3.0000000000e+02 -4.5775612638e-08 1.0389838813e-13 4.5775430867e-08 4.5775612736e-08 -1.9053316629e-14 -1.0387830901e-13 -4.5775431214e-08 -5.8590101123e-14
d  2.5857920168e-03 1.8100543212e+00 -2.0000000000e-01 4.5799666661e-01 3.0000000000e+02 -4.5799848433e-08 1.0390535868e-13 4.5799666635e-08 4.5799848596e-08 -1.9063259902e-14 -1.0388527841e-13 -4.5799667051e-08 -5.8593451563e-14
d  2.5863280514e-03 1.8104295454e+00 -2.0000000000e-01 4.5828753761e-01 3.0000000000e+02 -4.5828935561e-08 1.0391680277e-13 4.5828753728e-08 4.5828935820e-08 -1.9075318417e-14 -1.0389671794e-13 -4.5828754247e-08 -5.8597655959e-14
d  2.5869712928e-03 1.8108798144e+00 -2.0000000000e-01 4.5863664287e-01 3.0000000000e+02 -4.5863846120e-08 1.0394131809e-13 4.5863664237e-08 4.5863846603e-08 -1.9090210050e-14 -1.0392121232e-13 -4.5863664997e-08 -5.8603402955e-14
d  2.5877431826e-03 1.8114201373e+00 -2.0000000000e-01 4.5905565560e-01 3.0000000000e+02 -4.5905747434e-08 1.0395361222e-13 4.5905565481e-08 4.5905748328e-08 -1.9107478431e-14 -1.0393347059e-13 -4.5905566682e-08 -5.8609168007e-14
d  2.5886694504e-03 1.8120685247e+00 -2.0000000000e-01 4.5955859526e-01 3.0000000000e+02 -4.5956041447e-08 1.0397365824e-13 4.5955859395e-08 4.5956043052e-08 -1.9128434626e-14 -1.0395346348e-13 -4.5955861359e-08 -5.8616429133e-14
d  2.5897809717e-03 1.8128465895e+00 -2.0000000000e-01 4.6016230208e-01 3.0000000000e+02 -4.6016412187e-08 1.0399724430e-13 4.6016230001e-08 4.6016414843e-08 -1.9153612854e-14 -1.0397698802e-13 -4.6016233091e-08 -5.8625126456e-14
d  2.5911147972e-03 1.8137802674e+00 -2.0000000000e-01 4.6088700819e-01 3.0000000000e+02 -4.6088882867e-08 1.0402535006e-13 4.6088700541e-08 4.6088886505e-08 -1.9183847942e-14 -1.0400506406e-13 -4.6088704685e-08 -5.8635560912e-14
d  2.5927153879e-03 1.8149006808e+00 -2.0000000000e-01 4.6175702577e-01 3.0000000000e+02 -4.6175884707e-08 1.0405852239e-13 4.6175702367e-08 4.6175887418e-08 -1.9220055988e-14 -1.0403834277e-13 -4.6175705517e-08 -5.8648055778e-14
d  2.5946360967e-03 1.8162451769e+00 -2.0000000000e-01 4.6280157972e-01 3.0000000000e+02 -4.6280340199e-08 1.0409755925e-13 4.6280158272e-08 4.6280335874e-08 -1.9263163300e-14 -1.0407777259e-13 -4.6280153875e-08 -5.8663077850e-14
d  2.5969409473e-03 1.8178585722e+00 -2.0000000000e-01 4.6405581042e-01 3.0000000000e+02 -4.6405763393e-08 1.0414745313e-13 4.6405581052e-08 4.6405763072e-08 -1.9319460104e-14 -1.0412745907e-13 -4.6405580949e-08 -5.8680769736e-14
d  2.5997067679e-03 1.8197946466e+00 -2.0000000000e-01 4.6556198706e-01 3.0000000000e+02 -4.6556381202e-08 1.0420472935e-13 4.6556198626e-08 4.6556382137e-08 -1.9384682831e-14 -1.0418468978e-13 -4.6556199870e-08 -5.8702301218e-14
d  2.6030257527e-03 1.8221179358e+00 -2.0000000000e-01 4.6737097450e-01 3.0000000000e+02 -4.6737280120e-08 1.0427135319e-13 4.6737096848e-08 4.6737288369e-08 -1.9463651820e-14 -1.0425110568e-13 -4.6737105929e-08 -5.8727564245e-14
d  2.6070085345e-03 1.8249058829e+00 -2.0000000000e-01 4.6954402427e-01 3.0000000000e+02 -4.6954585306e-08 1.0434940247e-13 4.6954402421e-08 4.6954585215e-08 -1.9559898865e-14 -1.0432940024e-13 -4.6954402566e-08 -5.8758135393e-14
d  2.6117878726e-03 1.8282514194e+00 -2.0000000000e-01 4.7215493240e-01 3.0000000000e+02 -4.7215676364e-08 1.0444522494e-13 4.7215493221e-08 4.7215676442e-08 -1.9674818518e-14 -1.0442521970e-13 -4.7215493547e-08 -5.8794348504e-14
d  2.6175230784e-03 1.8322660632e+00 -2.0000000000e-01 4.7529268724e-01 3.0000000000e+02 -4.7529452156e-08 1.0456049568e-13 4.7529268723e-08 4.7529451985e-08 -1.9821247517e-14 -1.0454049548e-13 -4.7529268783e-08 -5.8837975391e-14
d  2.6244053253e-03 1.8370836358e+00 -2.0000000000e-01 4.7906467426e-01 3.0000000000e+02 -4.7906651224e-08 1.0469918650e-13 4.7906467424e-08 4.7906651068e-08 -1.9998401625e-14 -1.0467918612e-13 -4.7906467501e-08 -5.8890014650e-14
d  2.6326640215e-03 1.8428647229e+00 -2.0000000000e-01 4.8360061818e-01 3.0000000000e+02 -4.8360246056e-08 1.0485822450e-13 4.8360061814e-08 4.8360245932e-08 -2.0215949773e-14 -1.0483822382e-13 -4.8360061926e-08 -5.8951610785e-14
d  2.6425744571e-03 1.8498020275e+00 -2.0000000000e-01 4.8905740579e-01 3.0000000000e+02 -4.8905925356e-08 1.0504823004e-13 4.8905740579e-08 4.8905925175e-08 -2.0490250500e-14 -1.0502823001e-13 -4.8905740632e-08 -5.9024913590e-14
d  2.6544669797e-03 1.8581267929e+00 -2.0000000000e-01 4.9562503506e-01 3.0000000000e+02 -4.9562688935e-08 1.0526849742e-13 4.9562503505e-08 4.9562688764e-08 -2.0832669658e-14 -1.0524849730e-13 -4.9562503571e-08 -5.9111645948e-14
d  2.6616024933e-03 1.8631216521e+00 -2.0000000000e-01 4.9957572360e-01 3.0000000000e+02 -4.9957758181e-08 1.0539880327e-13 4.9957572356e-08 4.9957758049e-08 -2.1045638628e-14 -1.0537880266e-13 -4.9957572464e-08 -5.9162991374e-14
d  2.6701651096e-03 1.8691154833e+00 -2.0000000000e-01 5.0432647227e-01 3.0000000000e+02 -5.0432833522e-08 1.0554533036e-13 5.0432647222e-08 5.0432833408e-08 -2.1308337456e-14 -1.0552532960e-13 -5.0432647349e-08 -5.9223701200e-14
d  2.6804402491e-03 1.8763080806e+00 -2.0000000000e-01 5.1004154045e-01 3.0000000000e+02 -5.1004340929e-08 1.0572582465e-13 5.1004154045e-08 5.1004340749e-08 -2.1643061174e-14 -1.0570582458e-13 -5.1004154104e-08 -5.9296345104e-14
d  2.6866053329e-03 1.8806236390e+00 -2.0000000000e-01 5.1347794145e-01 3.0000000000e+02 -5.1347981382e-08 1.0582887676e-13 5.1347794145e-08 5.1347981197e-08 -2.1849032866e-14 -1.0580887672e-13 -5.1347794200e-08 -5.9339161649e-14
d  2.6940034334e-03 1.8858023091e+00 -2.0000000000e-01 5.1760885420e-01 3.0000000000e+02 -5.1761073085e-08 1.0595049133e-13 5.1760885418e-08 5.1761072935e-08 -2.2103573515e-14 -1.0593049086e-13 -5.1760885511e-08 -5.9390228339e-14
d  2.7028811539e-03 1.8920167132e+00 -2.0000000000e-01 5.2257628960e-01 3.0000000000e+02 -5.2257817134e-08 1.0608797205e-13 5.2257628954e-08 5.2257817030e-08 -2.2413866562e-14 -1.0606797120e-13 -5.2257629098e-08 -5.9450589118e-14
d  2.7135344186e-03 1.8994739981e+00 -2.0000000000e-01 5.2855196187e-01 3.0000000000e+02 -5.2855385008e-08 1.0625886138e-13 5.2855196186e-08 5.2855384831e-08 -2.2817306297e-14 -1.0623886127e-13 -5.2855196252e-08 -5.9522747500e-14
d  2.7199263774e-03 1.9039483690e+00 -2.0000000000e-01 5.3214502220e-01 3.0000000000e+02 -5.3214691427e-08 1.0635431012e-13 5.3214502220e-08 5.3214691238e-08 -2.3064469048e-14 -1.0633431010e-13 -5.3214502274e-08 -5.9565132637e-14
d  2.7275967280e-03 1.9093176141e+00 -2.0000000000e-01 5.3646421246e-01 3.0000000000e+02 -5.3646610923e-08 1.0646649278e-13 5.3646421243e-08 5.3646610778e-08 -2.3370308396e-14 -1.0644649226e-13 -5.3646421346e-08 -5.9615637091e-14
d  2.7368011487e-03 1.9157607083e+00 -2.0000000000e-01 5.4165795396e-01 3.0000000000e+02 -5.4165985646e-08 1.0659702018e-13 5.4165795396e-08 5.4165985456e-08 -2.3752061789e-14 -1.0657702017e-13 -5.4165795452e-08 -5.9675373757e-14
d  2.7478464535e-03 1.9234924213e+00 -2.0000000000e-01 5.4790573636e-01 3.0000000000e+02 -5.4790764588e-08 1.0674711240e-13 5.4790573635e-08 5.4790764414e-08 -2.4231003226e-14 -1.0672711225e-13 -5.4790573710e-08 -5.9746123493e-14
d  2.7544736364e-03 1.9281314491e+00 -2.0000000000e-01 5.5166236189e-01 3.0000000000e+02 -5.5166427560e-08 1.0683057897e-13 5.5166236161e-08 5.5166427813e-08 -2.4525000956e-14 -1.0681057391e-13 -5.5166236690e-08 -5.9787830357e-14
d  2.7624262559e-03 1.9336982825e+00 -2.0000000000e-01 5.5617810401e-01 3.0000000000e+02 -5.5618002302e-08 1.0693046558e-13 5.5617810398e-08 5.5618002163e-08 -2.4899539270e-14 -1.0691046500e-13 -5.5617810511e-08 -5.9837423402e-14
d  2.7719693993e-03 1.9403784825e+00 -2.0000000000e-01 5.6160812265e-01 3.0000000000e+02 -5.6161004805e-08 1.0705259147e-13 5.6160812264e-08 5.6161004613e-08 -2.5362675502e-14 -1.0703259146e-13 -5.6160812322e-08 -5.9896704386e-14
d  2.7834211714e-03 1.9483947225e+00 -2.0000000000e-01 5.6813995822e-01 3.0000000000e+02 -5.6814189146e-08 1.0718290650e-13 5.6813995822e-08 5.6814188951e-08 -2.5943704294e-14 -1.0716290650e-13 -5.6813995879e-08 -5.9965816615e-14
d  2.7902922346e-03 1.9532044666e+00 -2.0000000000e-01 5.7206726660e-01 3.0000000000e+02 -5.7206920460e-08 1.0725680985e-13 5.7206726630e-08 5.7206920757e-08 -2.6304780511e-14 -1.0723680462e-13 -5.7206727209e-08 -6.0006600426e-14
d  2.7985375105e-03 1.9589761594e+00 -2.0000000000e-01 5.7678811515e-01 3.0000000000e+02 -5.7679005905e-08 1.0734366782e-13 5.7678811511e-08 5.7679005772e-08 -2.6755706648e-14 -1.0732366719e-13 -5.7678811636e-08 -6.0055400322e-14
d  2.8084318415e-03 1.9659021908e+00 -2.0000000000e-01 5.8246464853e-01 3.0000000000e+02 -5.8246659965e-08 1.0744587843e-13 5.8246464853e-08 5.8246659771e-08 -2.7319027781e-14 -1.0742587841e-13 -5.8246464914e-08 -6.0113185645e-14
d  2.8203050388e-03 1.9742134284e+00 -2.0000000000e-01 5.8929289015e-01 3.0000000000e+02 -5.8929485015e-08 1.0755679328e-13 5.8929289015e-08 5.8929484827e-08 -2.8025930139e-14 -1.0753679322e-13 -5.8929289083e-08 -6.0181065496e-14
d  2.8274289571e-03 1.9792001710e+00 -2.0000000000e-01 5.9339833663e-01 3.0000000000e+02 -5.9340030207e-08 1.0761877893e-13 5.9339833630e-08 5.9340030588e-08 -2.8466447544e-14 -1.0759877316e-13 -5.9339834302e-08 -6.0220968995e-14
d  2.8359776592e-03 1.9851842622e+00 -2.0000000000e-01 5.9833320093e-01 3.0000000000e+02 -5.9833517302e-08 1.0768867803e-13 5.9833320089e-08 5.9833517177e-08 -2.9012914620e-14 -1.0766867734e-13 -5.9833320227e-08 -6.0268291711e-14
d  2.8462361016e-03 1.9923651715e+00 -2.0000000000e-01 6.0426690528e-01 3.0000000000e+02 -6.0426888561e-08 1.0777117898e-13 6.0426690528e-08 6.0426888367e-08 -2.9698286842e-14 -1.0775117894e-13 -6.0426690594e-08 -6.0324427792e-14
d  2.8571430000e-03 2.0000000000e+00 -2.0000000000e-01 6.1058975075e-01 3.0000000000e+02 -6.1059174005e-08 1.0784892340e-13 6.1058975074e-08 6.1059173823e-08 -3.0456904454e-14 -1.0782892328e-13 -6.1058975154e-08 -6.0382916790e-14
d  2.8636871390e-03 2.0045808971e+00 -2.0000000000e-01 6.1439034158e-01 3.0000000000e+02 -6.1439233637e-08 1.0789239521e-13 6.1439034125e-08 6.1439234018e-08 -3.0928114972e-14 -1.0787238909e-13 -6.1439034800e-08 -6.0417326751e-14
d  2.8715401059e-03 2.0100779736e+00 -2.0000000000e-01 6.1895779635e-01 3.0000000000e+02 -6.1895979786e-08 1.0794084872e-13 6.1895779632e-08 6.1895979634e-08 -3.1509777638e-14 -1.0792084824e-13 -6.1895779745e-08 -6.0458170453e-14
d  2.8809636661e-03 2.0166744654e+00 -2.0000000000e-01 6.2444835498e-01 3.0000000000e+02 -6.2445036476e-08 1.0799526070e-13 6.2444835498e-08 6.2445036275e-08 -3.2232176809e-14 -1.0797526070e-13 -6.2444835561e-08 -6.0506441498e-14
d  2.8922719384e-03 2.0245902556e+00 -2.0000000000e-01 6.3105072873e-01 3.0000000000e+02 -6.3105274869e-08 1.0805320099e-13 6.3105072872e-08 6.3105274686e-08 -3.3133490863e-14 -1.0803320086e-13 -6.3105072956e-08 -6.0563354454e-14
d  2.8990569017e-03 2.0293397297e+00 -2.0000000000e-01 6.3501925620e-01 3.0000000000e+02 -6.3502128240e-08 1.0808470670e-13 6.3501925581e-08 6.3502128745e-08 -3.3692490025e-14 -1.0806469970e-13 -6.3501926392e-08 -6.0596820399e-14
d  2.9071988578e-03 2.0350390987e+00 -2.0000000000e-01 6.3978845000e-01 3.0000000000e+02 -6.3979048384e-08 1.0811850465e-13 6.3978844997e-08 6.3979048238e-08 -3.4381312069e-14 -1.0809850411e-13 -6.3978845122e-08 -6.0636504244e-14
d  2.9169692050e-03 2.0418783414e+00 -2.0000000000e-01 6.4552141002e-01 3.0000000000e+02 -6.4552345325e-08 1.0815627287e-13 6.4552141002e-08 6.4552345123e-08 -3.5235663100e-14 -1.0813627286e-13 -6.4552141068e-08 -6.0683499625e-14
d  2.9286936217e-03 2.0500854327e+00 -2.0000000000e-01 6.5241507370e-01 3.0000000000e+02 -6.5241712851e-08 1.0819302188e-13 6.5241507369e-08 6.5241712669e-08 -3.6298546948e-14 -1.0817302173e-13 -6.5241507459e-08 -6.0738570133e-14
d  2.9357282717e-03 2.0550096874e+00 -2.0000000000e-01 6.5655858496e-01 3.0000000000e+02 -6.5656064686e-08 1.0821260877e-13 6.5655858450e-08 6.5656065350e-08 -3.6956246811e-14 -1.0819260071e-13 -6.5655859431e-08 -6.0771010162e-14
d  2.9441698517e-03 2.0609187931e+00 -2.0000000000e-01 6.6153796357e-01 3.0000000000e+02 -6.6154003414e-08 1.0823115949e-13 6.6153796353e-08 6.6154003276e-08 -3.7764660385e-14 -1.0821115891e-13 -6.6153796490e-08 -6.0809403654e-14
d  2.9542997477e-03 2.0680097200e+00 -2.0000000000e-01 6.6752343744e-01 3.0000000000e+02 -6.6752551869e-08 1.0825251391e-13 6.6752343744e-08 6.6752551664e-08 -3.8765234188e-14 -1.0823251389e-13 -6.6752343812e-08 -6.0854982503e-14
d  2.9664556229e-03 2.0765188322e+00 -2.0000000000e-01 6.7472053133e-01 3.0000000000e+02 -6.7472262571e-08 1.0826942673e-13 6.7472053133e-08 6.7472262364e-08 -4.0005406028e-14 -1.0824942672e-13 -6.7472053201e-08 -6.0908342651e-14
d  2.9737491480e-03 2.0816242995e+00 -2.0000000000e-01 6.7904629665e-01 3.0000000000e+02 -6.7904839908e-08 1.0827666073e-13 6.7904629610e-08 6.7904840775e-08 -4.0770181398e-14 -1.0825665137e-13 -6.7904630809e-08 -6.0939587855e-14
d  2.9825013782e-03 2.0877508603e+00 -2.0000000000e-01 6.8424457719e-01 3.0000000000e+02 -6.8424668943e-08 1.0828229108e-13 6.8424457715e-08 6.8424668810e-08 -4.1707348031e-14 -1.0826229046e-13 -6.8424457864e-08 -6.0976791876e-14
d  2.9930040544e-03 2.0951027333e+00 -2.0000000000e-01 6.9049299088e-01 3.0000000000e+02 -6.9049511518e-08 1.0828828739e-13 6.9049299088e-08 6.9049511312e-08 -4.2863761913e-14 -1.0826828737e-13 -6.9049299160e-08 -6.1020796974e-14
d  3.0056072658e-03 2.1039249809e+00 -2.0000000000e-01 6.9800596898e-01 3.0000000000e+02 -6.9800810809e-08 1.0828745725e-13 6.9800596898e-08 6.9800810601e-08 -4.4290271228e-14 -1.0826745723e-13 -6.9800596971e-08 -6.1072327001e-14
d  3.0131691927e-03 2.1092183294e+00 -2.0000000000e-01 7.0252144818e-01 3.0000000000e+02 -7.0252359633e-08 1.0828493186e-13 7.0252144752e-08 7.0252360760e-08 -4.5166332569e-14 -1.0826492095e-13 -7.0252146227e-08 -6.1102538994e-14
d  3.0222435049e-03 2.1155703476e+00 -2.0000000000e-01 7.0794755457e-01 3.0000000000e+02 -7.0794971372e-08 1.0827878264e-13 7.0794755452e-08 7.0794971246e-08 -4.6235454493e-14 -1.0825878198e-13 -7.0794755614e-08 -6.1138432085e-14
d  3.0331326795e-03 2.1231927695e+00 -2.0000000000e-01 7.1446960530e-01 3.0000000000e+02 -7.1447177797e-08 1.0827320996e-13 7.1446960530e-08 7.1447177589e-08 -4.7549875551e-14 -1.0825320993e-13 -7.1446960606e-08 -6.1181090996e-14
d  3.0461996891e-03 2.1323396758e+00 -2.0000000000e-01 7.2231129568e-01 3.0000000000e+02 -7.2231348485e-08 1.0825898584e-13 7.2231129567e-08 7.2231348292e-08 -4.9161701613e-14 -1.0823898573e-13 -7.2231129660e-08 -6.1231029976e-14
d  3.0540398949e-03 2.1378278195e+00 -2.0000000000e-01 7.2702418184e-01 3.0000000000e+02 -7.2702638107e-08 1.0824984665e-13 7.2702418102e-08 7.2702639583e-08 -5.0146659517e-14 -1.0822983374e-13 -7.2702419947e-08 -6.1260384575e-14
d  3.0634481418e-03 2.1444135921e+00 -2.0000000000e-01 7.3268733682e-01 3.0000000000e+02 -7.3268954828e-08 1.0823688378e-13 7.3268733682e-08 7.3268954612e-08 -5.1345751229e-14 -1.0821688379e-13 -7.3268733754e-08 -6.1295221783e-14
d  3.0747380381e-03 2.1523165191e+00 -2.0000000000e-01 7.3949408528e-01 3.0000000000e+02 -7.3949631163e-08 1.0822367737e-13 7.3949408528e-08 7.3949630955e-08 -5.2807652549e-14 -1.0820367733e-13 -7.3949408609e-08 -6.1336753411e-14
d  3.0882859137e-03 2.1618000315e+00 -2.0000000000e-01 7.4767772597e-01 3.0000000000e+02 -7.4767997045e-08 1.0820029893e-13 7.4767772597e-08 7.4767996830e-08 -5.4591516306e-14 -1.0818029893e-13 -7.4767772672e-08 -6.1385198798e-14
d  3.0964146390e-03 2.1674901389e+00 -2.0000000000e-01 7.5259591527e-01 3.0000000000e+02 -7.5259817075e-08 1.0818709400e-13 7.5259591425e-08 7.5259819030e-08 -5.5675519525e-14 -1.0816707845e-13 -7.5259593774e-08 -6.1413577077e-14
d  3.1061691094e-03 2.1743182679e+00 -2.0000000000e-01 7.5850558258e-01 3.0000000000e+02 -7.5850785140e-08 1.0817189449e-13 7.5850558258e-08 7.5850784922e-08 -5.6989325855e-14 -1.0815189450e-13 -7.5850558333e-08 -6.1447656644e-14
d  3.1178744739e-03 2.1825120226e+00 -2.0000000000e-01 7.6560832203e-01 3.0000000000e+02 -7.6561060701e-08 1.0815641810e-13 7.6560832203e-08 7.6561060492e-08 -5.8582190039e-14 -1.0813641805e-13 -7.6560832289e-08 -6.1488067155e-14
d  3.1319209113e-03 2.1923445283e+00 -2.0000000000e-01 7.7414743055e-01 3.0000000000e+02 -7.7414973515e-08 1.0813300306e-13 7.7414743055e-08 7.7414973312e-08 -6.0513365723e-14 -1.0811300299e-13 -7.7414743150e-08 -6.1535561023e-14
d  3.1403487737e-03 2.1982440317e+00 -2.0000000000e-01 7.7927904554e-01 3.0000000000e+02 -7.7928136197e-08 1.0812163825e-13 7.7927904426e-08 7.7928138801e-08 -6.1680273614e-14 -1.0810161931e-13 -7.7927907456e-08 -6.1563484577e-14
d  3.1504622086e-03 2.2053234358e+00 -2.0000000000e-01 7.8544494178e-01 3.0000000000e+02 -7.8544727247e-08 1.0810693845e-13 7.8544494174e-08 7.8544727123e-08 -6.3085726929e-14 -1.0808693785e-13 -7.8544494353e-08 -6.1596757388e-14
d  3.1625983305e-03 2.2138187207e+00 -2.0000000000e-01 7.9285534242e-01 3.0000000000e+02 -7.9285769039e-08 1.0809658620e-13 7.9285534242e-08 7.9285768826e-08 -6.4784782802e-14 -1.0807658616e-13 -7.9285534330e-08 -6.1636647826e-14
d  3.1771616768e-03 2.2240130625e+00 -2.0000000000e-01 8.0176388881e-01 3.0000000000e+02 -8.0176625760e-08 1.0808302652e-13 8.0176388880e-08 8.0176625552e-08 -6.6829380194e-14 -1.0806302646e-13 -8.0176388975e-08 -6.1683649458e-14
d  3.1858996845e-03 2.2301296677e+00 -2.0000000000e-01 8.0711755296e-01 3.0000000000e+02 -8.0711993435e-08 1.0808344464e-13 8.0711755136e-08 8.0711996848e-08 -6.8058934985e-14 -1.0806342182e-13 -8.0711759012e-08 -6.1713380776e-14
d  3.1963852938e-03 2.2374695938e+00 -2.0000000000e-01 8.1355097655e-01 3.0000000000e+02 -8.1355337328e-08 1.0809748404e-13 8.1355097652e-08 8.1355337175e-08 -6.9537118907e-14 -1.0807748362e-13 -8.1355097807e-08 -6.1753045915e-14
d  3.2089680250e-03 2.2462775052e+00 -2.0000000000e-01 8.2128248923e-01 3.0000000000e+02 -8.2128490392e-08 1.0808762603e-13 8.2128248922e-08 8.2128490170e-08 -7.1306586710e-14 -1.0806762602e-13 -8.2128249007e-08 -6.1789519596e-14
d  3.2165176637e-03 2.2515622520e+00 -2.0000000000e-01 8.2592729193e-01 3.0000000000e+02 -8.2592971746e-08 1.0808613251e-13 8.2592729047e-08 8.2592974888e-08 -7.2366829974e-14 -1.0806610847e-13 -8.2592732642e-08 -6.1812542546e-14
d  3.2255772302e-03 2.2579039482e+00 -2.0000000000e-01 8.3150681639e-01 3.0000000000e+02 -8.3150925493e-08 1.0808781148e-13 8.3150681444e-08 8.3150929790e-08 -7.3637114182e-14 -1.0806778142e-13 -8.3150686245e-08 -6.1840200991e-14
d  3.2364487099e-03 2.2655139837e+00 -2.0000000000e-01 8.3821046524e-01 3.0000000000e+02 -8.3821291938e-08 1.0809305831e-13 8.3821046522e-08 8.3821291751e-08 -7.5157390225e-14 -1.0807305810e-13 -8.3821046647e-08 -6.1873334055e-14
d  3.2494944856e-03 2.2746460262e+00 -2.0000000000e-01 8.4626648610e-01 3.0000000000e+02 -8.4626895891e-08 1.0810325054e-13 8.4626648610e-08 8.4626895664e-08 -7.6974097211e-14 -1.0808325054e-13 -8.4626648695e-08 -6.1912517067e-14
d  3.2573219510e-03 2.2801252517e+00 -2.0000000000e-01 8.5110611108e-01 3.0000000000e+02 -8.5110859507e-08 1.0811041994e-13 8.5110610936e-08 8.5110863375e-08 -7.8058845441e-14 -1.0809039244e-13 -8.5110615291e-08 -6.1935650477e-14
d  3.2667149095e-03 2.2867003223e+00 -2.0000000000e-01 8.5691950226e-01 3.0000000000e+02 -8.5692199960e-08 1.0812162050e-13 8.5691949992e-08 8.5692205314e-08 -7.9355263759e-14 -1.0810158563e-13 -8.5691955894e-08 -6.1963177858e-14
d  3.2779864597e-03 2.2945904071e+00 -2.0000000000e-01 8.6390394452e-01 3.0000000000e+02 -8.6390645787e-08 1.0814000315e-13 8.6390394451e-08 8.6390645572e-08 -8.0902953642e-14 -1.0812000308e-13 -8.6390394552e-08 -6.1996578115e-14
d  3.2915123199e-03 2.3040585087e+00 -2.0000000000e-01 8.7229714157e-01 3.0000000000e+02 -8.7229967403e-08 1.0816603292e-13 8.7229714157e-08 8.7229967173e-08 -8.2747184361e-14 -1.0814603292e-13 -8.7229714244e-08 -6.2036047821e-14
d  3.2996278361e-03 2.3097393698e+00 -2.0000000000e-01 8.7733918742e-01 3.0000000000e+02 -8.7734173130e-08 1.0818497753e-13 8.7733918535e-08 8.7734177941e-08 -8.3846052473e-14 -1.0816494572e-13 -8.7733923872e-08 -6.2059497236e-14
d  3.3093664554e-03 2.3165564030e+00 -2.0000000000e-01 8.8339564505e-01 3.0000000000e+02 -8.8339820259e-08 1.0820812728e-13 8.8339564223e-08 8.8339826960e-08 -8.5157317169e-14 -1.0818808659e-13 -8.8339571527e-08 -6.2087602517e-14
d  3.3210527987e-03 2.3247368428e+00 -2.0000000000e-01 8.9067192332e-01 3.0000000000e+02 -8.9067449716e-08 1.0824163584e-13 8.9067192320e-08 8.9067449772e-08 -8.6720059989e-14 -1.0822163444e-13 -8.9067192709e-08 -6.2121218299e-14
d  3.3350764106e-03 2.3345533707e+00 -2.0000000000e-01 8.9941553018e-01 3.0000000000e+02 -8.9941812348e-08 1.0828661146e-13 8.9941553015e-08 8.9941812172e-08 -8.8579431478e-14 -1.0826661123e-13 -8.9941553166e-08 -6.2161086785e-14
d  3.3519047448e-03 2.3463332041e+00 -2.0000000000e-01 9.0992486986e-01 3.0000000000e+02 -9.0992748634e-08 1.0834645611e-13 9.0992486986e-08 9.0992748401e-08 -9.0788195834e-14 -1.0832645611e-13 -9.0992487078e-08 -6.2208251813e-14
d  3.3620017454e-03 2.3534011041e+00 -2.0000000000e-01 9.1623925349e-01 3.0000000000e+02 -9.1624188379e-08 1.0838558530e-13 9.1623925335e-08 9.1624188488e-08 -9.2100992985e-14 -1.0836558362e-13 -9.1623925785e-08 -6.2236283086e-14
d  3.3741181461e-03 2.3618825841e+00 -2.0000000000e-01 9.2382505783e-01 3.0000000000e+02 -9.2382770464e-08 1.0843728404e-13 9.2382505768e-08 9.2382770622e-08 -9.3665211831e-14 -1.0841728226e-13 -9.2382506269e-08 -6.2269840220e-14
d  3.3886578269e-03 2.3720603602e+00 -2.0000000000e-01 9.3294013880e-01 3.0000000000e+02 -9.3294280532e-08 1.0850456068e-13 9.3294013879e-08 9.3294280324e-08 -9.5527240177e-14 -1.0848456057e-13 -9.3294014002e-08 -6.2309896325e-14
d  3.4061054438e-03 2.3842736915e+00 -2.0000000000e-01 9.4389537404e-01 3.0000000000e+02 -9.4389806409e-08 1.0859268586e-13 9.4389537403e-08 9.4389806206e-08 -9.7742016220e-14 -1.0857268575e-13 -9.4389537534e-08 -6.2357599216e-14
d  3.4165740140e-03 2.3916016902e+00 -2.0000000000e-01 9.5047732970e-01 3.0000000000e+02 -9.5048003379e-08 1.0864909441e-13 9.5047732952e-08 9.5048003624e-08 -9.9060721501e-14 -1.0862909221e-13 -9.5047733550e-08 -6.2385781313e-14
d  3.4291362982e-03 2.4003952887e+00 -2.0000000000e-01 9.5838423806e-01 3.0000000000e+02 -9.5838695895e-08 1.0871843148e-13 9.5838423785e-08 9.5838696197e-08 -1.0063487085e-13 -1.0869842919e-13 -9.5838424444e-08 -6.2419343782e-14
d  3.4442110393e-03 2.4109476070e+00 -2.0000000000e-01 9.6788469143e-01 3.0000000000e+02 -9.6788743243e-08 1.0880874304e-13 9.6788469141e-08 9.6788743031e-08 -1.0251431322e-13 -1.0878874294e-13 -9.6788469268e-08 -6.2459673222e-14
d  3.4623007286e-03 2.4236103888e+00 -2.0000000000e-01 9.7930240361e-01 3.0000000000e+02 -9.7930516871e-08 1.0892268786e-13 9.7930240361e-08 9.7930516631e-08 -1.0475916373e-13 -1.0890268785e-13 -9.7930240461e-08 -6.2507450684e-14
d  3.4731545421e-03 2.4312080579e+00 -2.0000000000e-01 9.8616188185e-01 3.0000000000e+02 -9.8616466138e-08 1.0899412638e-13 9.8616188160e-08 9.8616466572e-08 -1.0610154438e-13 -1.0897412350e-13 -9.8616188961e-08 -6.2535806341e-14
d  3.4861791184e-03 2.4403252609e+00 -2.0000000000e-01 9.9440186149e-01 3.0000000000e+02 -9.9440465836e-08 1.0908284988e-13 9.9440186122e-08 9.9440466340e-08 -1.0771033946e-13 -1.0906284692e-13 -9.9440186997e-08 -6.2569660480e-14
d  3.5018086099e-03 2.4512659044e+00 -2.0000000000e-01 1.0043020076e+00 3.0000000000e+02 -1.0043048253e-07 1.0919325306e-13 1.0043020073e-07 1.0043048315e-07 -1.0964088832e-13 -1.0917325022e-13 -1.0043020173e-07 -6.2609905782e-14
d  3.5205639998e-03 2.4643946766e+00 -2.0000000000e-01 1.0161992893e+00 3.0000000000e+02 -1.0162021320e-07 1.0933001793e-13 1.0161992892e-07 1.0162021307e-07 -1.1196223606e-13 -1.0931001763e-13 -1.0161992914e-07 -6.2657378405e-14
d  3.5318172337e-03 2.4722719400e+00 -2.0000000000e-01 1.0233464711e+00 3.0000000000e+02 -1.0233493290e-07 1.0941610325e-13 1.0233464708e-07 1.0233493359e-07 -1.1335948403e-13 -1.0939609950e-13 -1.0233464815e-07 -6.2685645040e-14
d  3.5453211143e-03 2.4817246560e+00 -2.0000000000e-01 1.0319316469e+00 3.0000000000e+02 -1.0319345231e-07 1.0951836283e-13 1.0319316466e-07 1.0319345309e-07 -1.1504311344e-13 -1.0949835901e-13 -1.0319316583e-07 -6.2719116249e-14
d  3.5615257712e-03 2.4930679152e+00 -2.0000000000e-01 1.0422459641e+00 3.0000000000e+02 -1.0422488623e-07 1.0964704489e-13 1.0422459637e-07 1.0422488717e-07 -1.1707779010e-13 -1.0962704126e-13 -1.0422459771e-07 -6.2759094817e-14
d  3.5714290000e-03 2.5000001750e+00 -2.0000000000e-01 1.0485557933e+00 3.0000000000e+02 -1.0485587050e-07 1.0972653795e-13 1.0485557929e-07 1.0485587125e-07 -1.1833024384e-13 -1.0970653353e-13 -1.0485558043e-07 -6.2783108668e-14
d  3.5833128746e-03 2.5083188868e+00 -2.0000000000e-01 1.0561346860e+00 3.0000000000e+02 -1.0561376144e-07 1.0983976941e-13 1.0561346856e-07 1.0561376244e-07 -1.1984719357e-13 -1.0981976426e-13 -1.0561346996e-07 -6.2817164485e-14
d  3.5975735241e-03 2.5183013410e+00 -2.0000000000e-01 1.0652395663e+00 3.0000000000e+02 -1.0652425149e-07 1.0997421390e-13 1.0652395659e-07 1.0652425262e-07 -1.2168701800e-13 -1.0995420921e-13 -1.0652395812e-07 -6.2856573321e-14
d  3.6146863036e-03 2.5302802860e+00 -2.0000000000e-01 1.0761778432e+00 3.0000000000e+02 -1.0761808159e-07 1.1010909061e-13 1.0761778427e-07 1.0761808292e-07 -1.2392277047e-13 -1.1008908619e-13 -1.0761778601e-07 -6.2893678674e-14
d  3.6352216389e-03 2.5446550200e+00 -2.0000000000e-01 1.0893212527e+00 3.0000000000e+02 -1.0893242550e-07 1.1028440994e-13 1.0893212527e-07 1.0893242538e-07 -1.2666142937e-13 -1.1026440964e-13 -1.0893212551e-07 -6.2940826566e-14
d  3.6475428401e-03 2.5532798604e+00 -2.0000000000e-01 1.0972162398e+00 3.0000000000e+02 -1.0972192602e-07 1.1039097461e-13 1.0972162392e-07 1.0972192750e-07 -1.2833651986e-13 -1.1037096870e-13 -1.0972162582e-07 -6.2968465792e-14
d  3.6623282815e-03 2.5636296689e+00 -2.0000000000e-01 1.1066989475e+00 3.0000000000e+02 -1.1067019900e-07 1.1052068463e-13 1.1066989469e-07 1.1067020067e-07 -1.3038307837e-13 -1.1050067853e-13 -1.1066989679e-07 -6.3001739965e-14
d  3.6800708112e-03 2.5760494390e+00 -2.0000000000e-01 1.1180905374e+00 3.0000000000e+02 -1.1180936071e-07 1.1067964539e-13 1.1180905367e-07 1.1180936264e-07 -1.3289778843e-13 -1.1065963968e-13 -1.1180905604e-07 -6.3041293270e-14
d  3.7013618469e-03 2.5909531633e+00 -2.0000000000e-01 1.1317777879e+00 3.0000000000e+02 -1.1317808912e-07 1.1087258446e-13 1.1317777879e-07 1.1317808903e-07 -1.3601100378e-13 -1.1085258409e-13 -1.1317777908e-07 -6.3087921518e-14
d  3.7141364683e-03 2.5998953978e+00 -2.0000000000e-01 1.1399990223e+00 3.0000000000e+02 -1.1400021462e-07 1.1098918955e-13 1.1399990215e-07 1.1400021676e-07 -1.3793374959e-13 -1.1096918190e-13 -1.1399990474e-07 -6.3115311326e-14
d  3.7294660139e-03 2.6106260792e+00 -2.0000000000e-01 1.1498731155e+00 3.0000000000e+02 -1.1498762649e-07 1.1113059715e-13 1.1498731147e-07 1.1498762892e-07 -1.4030117778e-13 -1.1111058919e-13 -1.1498731436e-07 -6.3148011171e-14
d  3.7478614687e-03 2.6235028969e+00 -2.0000000000e-01 1.1617342004e+00 3.0000000000e+02 -1.1617373812e-07 1.1130247087e-13 1.1617341994e-07 1.1617374089e-07 -1.4323695506e-13 -1.1128246349e-13 -1.1617342318e-07 -6.3186878683e-14
d  3.7699360145e-03 2.6389550782e+00 -2.0000000000e-01 1.1759846380e+00 3.0000000000e+02 -1.1759878581e-07 1.1151076438e-13 1.1759846379e-07 1.1759878581e-07 -1.4691069416e-13 -1.1149076386e-13 -1.1759846417e-07 -6.3232825666e-14
d  3.7831807420e-03 2.6482263870e+00 -2.0000000000e-01 1.1845438072e+00 3.0000000000e+02 -1.1845470519e-07 1.1163819837e-13 1.1845438062e-07 1.1845470826e-07 -1.4920092561e-13 -1.1161818845e-13 -1.1845438418e-07 -6.3260478549e-14
d  3.7990744149e-03 2.6593519575e+00 -2.0000000000e-01 1.1948250186e+00 3.0000000000e+02 -1.1948282938e-07 1.1181498107e-13 1.1948250174e-07 1.1948283288e-07 -1.5204633233e-13 -1.1179497068e-13 -1.1948250574e-07 -6.3300958737e-14
d  3.8181468225e-03 2.6727026421e+00 -2.0000000000e-01 1.2071741067e+00 3.0000000000e+02 -1.2071774196e-07 1.1198495631e-13 1.2071741054e-07 1.2071774589e-07 -1.5559892627e-13 -1.1196494677e-13 -1.2071741499e-07 -6.3334609849e-14
d  3.8410337115e-03 2.6887234636e+00 -2.0000000000e-01 1.2220094252e+00 3.0000000000e+02 -1.2220127856e-07 1.1220386514e-13 1.2220094251e-07 1.2220127868e-07 -1.6009115176e-13 -1.1218386441e-13 -1.2220094303e-07 -6.3378657465e-14
d  3.8547658450e-03 2.6983359565e+00 -2.0000000000e-01 1.2309190785e+00 3.0000000000e+02 -1.2309224688e-07 1.1233643622e-13 1.2309190771e-07 1.2309225122e-07 -1.6291565495e-13 -1.1231642343e-13 -1.2309191259e-07 -6.3404796962e-14
d  3.8712444051e-03 2.7098709481e+00 -2.0000000000e-01 1.2416189245e+00 3.0000000000e+02 -1.2416223520e-07 1.1249757174e-13 1.2416189229e-07 1.2416224015e-07 -1.6644429335e-13 -1.1247755830e-13 -1.2416189779e-07 -6.3436177806e-14
d  3.8910186772e-03 2.7237129379e+00 -2.0000000000e-01 1.2544704577e+00 3.0000000000e+02 -1.2544739321e-07 1.1269316971e-13 1.2544704559e-07 1.2544739872e-07 -1.7089640938e-13 -1.1267315746e-13 -1.2544705167e-07 -6.3473569858e-14
d  3.9147478038e-03 2.7403233256e+00 -2.0000000000e-01 1.2699087987e+00 3.0000000000e+02 -1.2699123328e-07 1.1293064503e-13 1.2699087985e-07 1.2699123360e-07 -1.7658468466e-13 -1.1291064400e-13 -1.2699088058e-07 -6.3517862341e-14
d  3.9289852797e-03 2.7502895583e+00 -2.0000000000e-01 1.2791802752e+00 3.0000000000e+02 -1.2791838472e-07 1.1307448887e-13 1.2791802750e-07 1.2791838500e-07 -1.8019537594e-13 -1.1305448744e-13 -1.2791802820e-07 -6.3544046340e-14
d  3.9460702509e-03 2.7622490375e+00 -2.0000000000e-01 1.2903142860e+00 3.0000000000e+02 -1.2903179055e-07 1.1324983015e-13 1.2903142858e-07 1.2903179092e-07 -1.8474300010e-13 -1.1322982862e-13 -1.2903142937e-07 -6.3575476737e-14
d  3.9665722162e-03 2.7766004125e+00 -2.0000000000e-01 1.3036867305e+00 3.0000000000e+02 -1.3036904105e-07 1.1346343933e-13 1.3036867303e-07 1.3036904150e-07 -1.9053915426e-13 -1.1344343789e-13 -1.3036867391e-07 -6.3612894768e-14
d  3.9911745746e-03 2.7938220626e+00 -2.0000000000e-01 1.3197500864e+00 3.0000000000e+02 -1.3197538446e-07 1.1372558299e-13 1.3197500862e-07 1.3197538507e-07 -1.9803974941e-13 -1.1370558154e-13 -1.3197500967e-07 -6.3657617196e-14
d  4.0059359897e-03 2.8041550526e+00 -2.0000000000e-01 1.3293965304e+00 3.0000000000e+02 -1.3294003386e-07 1.1388555664e-13 1.3293965301e-07 1.3294003441e-07 -2.0285547785e-13 -1.1386555462e-13 -1.3293965401e-07 -6.3684151399e-14
d  4.0236496878e-03 2.8165546406e+00 -2.0000000000e-01 1.3409804876e+00 3.0000000000e+02 -1.3409843593e-07 1.1408205444e-13 1.3409804873e-07 1.3409843661e-07 -2.0898113114e-13 -1.1406205228e-13 -1.3409804985e-07 -6.3716214488e-14
d  4.0449061254e-03 2.8314341462e+00 -2.0000000000e-01 1.3548928856e+00 3.0000000000e+02 -1.3548968392e-07 1.1432349382e-13 1.3548928853e-07 1.3548968473e-07 -2.1688531322e-13 -1.1430349180e-13 -1.3548928979e-07 -6.3754653697e-14
d  4.0704138507e-03 2.8492895530e+00 -2.0000000000e-01 1.3716041841e+00 3.0000000000e+02 -1.3716082450e-07 1.1462181825e-13 1.3716041837e-07 1.3716082556e-07 -2.2727209340e-13 -1.1460181621e-13 -1.3716041989e-07 -6.3800694284e-14
d  4.0857184858e-03 2.8600027971e+00 -2.0000000000e-01 1.3816393730e+00 3.0000000000e+02 -1.3816435037e-07 1.1480507484e-13 1.3816393727e-07 1.3816435134e-07 -2.3403252984e-13 -1.1478507200e-13 -1.3816393870e-07 -6.3828078343e-14
d  4.1040840479e-03 2.8728586899e+00 -2.0000000000e-01 1.3936897873e+00 3.0000000000e+02 -1.3936940077e-07 1.1503145757e-13 1.3936897869e-07 1.3936940192e-07 -2.4273406694e-13 -1.1501145456e-13 -1.3936898031e-07 -6.3861271816e-14
d  4.1261227225e-03 2.8882857614e+00 -2.0000000000e-01 1.4081619149e+00 3.0000000000e+02 -1.4081662524e-07 1.1531272650e-13 1.4081619145e-07 1.4081662659e-07 -2.5413069192e-13 -1.1529272369e-13 -1.4081619327e-07 -6.3901456836e-14
d  4.1525691320e-03 2.9067982471e+00 -2.0000000000e-01 1.4255448260e+00 3.0000000000e+02 -1.4255493202e-07 1.1566511230e-13 1.4255448254e-07 1.4255493375e-07 -2.6939744909e-13 -1.1564510945e-13 -1.4255448476e-07 -6.3949899130e-14
d  4.1684369777e-03 2.9179057385e+00 -2.0000000000e-01 1.4359830071e+00 3.0000000000e+02 -1.4359876050e-07 1.1588650017e-13 1.4359830066e-07 1.4359876210e-07 -2.7951276773e-13 -1.1586649622e-13 -1.4359830274e-07 -6.3979328195e-14
d  4.1874783926e-03 2.9312347283e+00 -2.0000000000e-01 1.4485169861e+00 3.0000000000e+02 -1.4485217195e-07 1.1616391978e-13 1.4485169855e-07 1.4485217380e-07 -2.9274714752e-13 -1.1614391560e-13 -1.4485170089e-07 -6.4015038318e-14
d  4.2103280904e-03 2.9472295159e+00 -2.0000000000e-01 1.4635693437e+00 3.0000000000e+02 -1.4635742584e-07 1.1651791482e-13 1.4635693431e-07 1.4635742797e-07 -3.1046364464e-13 -1.1649791092e-13 -1.4635693695e-07 -6.4059023103e-14
d  4.2377477278e-03 2.9664232611e+00 -2.0000000000e-01 1.4816485264e+00 3.0000000000e+02 -1.4816536907e-07 1.1697846951e-13 1.4816485256e-07 1.4816537178e-07 -3.3491379972e-13 -1.1695846553e-13 -1.4816485579e-07 -6.4113549750e-14
d  4.2706512926e-03 2.9894557554e+00 -2.0000000000e-01 1.5033671913e+00 3.0000000000e+02 -1.5033727144e-07 1.1759979625e-13 1.5033671913e-07 1.5033727115e-07 -3.7009702485e-13 -1.1757979624e-13 -1.5033671929e-07 -6.4183893697e-14
d  4.2857140000e-03 2.9999996500e+00 -2.0000000000e-01 1.5133204574e+00 3.0000000000e+02 -1.5133261716e-07 1.1794382902e-13 1.5133204566e-07 1.5133262006e-07 -3.8882243170e-13 -1.1792382254e-13 -1.5133204909e-07 -6.4227848694e-14
d  4.3037892488e-03 3.0126523236e+00 -2.0000000000e-01 1.5252706925e+00 3.0000000000e+02 -1.5252766624e-07 1.1833076607e-13 1.5252706916e-07 1.5252766950e-07 -4.1395435515e-13 -1.1831075904e-13 -1.5252707297e-07 -6.4264613923e-14
d  4.3254795475e-03 3.0278355318e+00 -2.0000000000e-01 1.5396154901e+00 3.0000000000e+02 -1.5396218129e-07 1.1880280272e-13 1.5396154891e-07 1.5396218495e-07 -4.4874470484e-13 -1.1878279627e-13 -1.5396155312e-07 -6.4299082133e-14
d  4.3515079058e-03 3.0460553818e+00 -2.0000000000e-01 1.5568403103e+00 3.0000000000e+02 -1.5568471433e-07 1.1951034042e-13 1.5568403092e-07 1.5568471864e-07 -4.9898989102e-13 -1.1949033423e-13 -1.5568403579e-07 -6.4365377241e-14
d  4.3827419358e-03 3.0679192017e+00 -2.0000000000e-01 1.5775254931e+00 3.0000000000e+02 -1.5775331067e-07 1.2049455191e-13 1.5775254929e-07 1.5775331123e-07 -5.7596923946e-13 -1.2047455095e-13 -1.5775255033e-07 -6.4448505619e-14
d  4.4202227718e-03 3.0941557856e+00 -2.0000000000e-01 1.6023692480e+00 3.0000000000e+02 -1.6023781706e-07 1.2201575318e-13 1.6023692477e-07 1.6023781784e-07 -7.0523073065e-13 -1.2199575218e-13 -1.6023692604e-07 -6.4569138233e-14
d  4.4427112734e-03 3.1098977359e+00 -2.0000000000e-01 1.6172863834e+00 3.0000000000e+02 -1.6172963927e-07 1.2322221861e-13 1.6172863831e-07 1.6172963991e-07 -8.1260107079e-13 -1.2320221732e-13 -1.6172863945e-07 -6.4659178878e-14
d  4.4696974753e-03 3.1287880763e+00 -2.0000000000e-01 1.6351973576e+00 3.0000000000e+02 -1.6352091774e-07 1.2519027850e-13 1.6351973573e-07 1.6352091856e-07 -9.9153375526e-13 -1.2517027708e-13 -1.6351973705e-07 -6.4799868641e-14
d  4.5020809176e-03 3.1514564848e+00 -2.0000000000e-01 1.6567051854e+00 3.0000000000e+02 -1.6567206131e-07 1.2910396539e-13 1.6567051851e-07 1.6567206254e-07 -1.3481398004e-12 -1.2908396378e-13 -1.6567052025e-07 -6.5066342264e-14
d  4.5215109830e-03 3.1650575299e+00 -2.0000000000e-01 1.6696173219e+00 3.0000000000e+02 -1.6696364909e-07 1.3334330283e-13 1.6696173216e-07 1.6696365013e-07 -1.7177481183e-12 -1.3332330071e-13 -1.6696173372e-07 -6.5344087922e-14
d  4.5448270615e-03 3.1813787840e+00 -2.0000000000e-01 1.6851190309e+00 3.0000000000e+02 -1.6851474858e-07 1.4472073759e-13 1.6851190309e-07 1.6851474827e-07 -2.6342383479e-12 -1.4470073758e-13 -1.6851190326e-07 -6.6072496484e-14
d  4.5588167086e-03 3.1911715364e+00 -2.0000000000e-01 1.6944235702e+00 3.0000000000e+02 -1.6944664925e-07 1.6480309754e-13 1.6944235699e-07 1.6944665044e-07 -4.0596198271e-12 -1.6478309408e-13 -1.6944235870e-07 -6.7335774175e-14
d  4.5672104968e-03 3.1970471879e+00 -2.0000000000e-01 1.7000073395e+00 3.0000000000e+02 -1.7000733481e-07 2.0116992169e-13 1.7000073384e-07 1.7000733920e-07 -6.3296241959e-12 -2.0114990352e-13 -1.7000073883e-07 -6.9601352586e-14
d  4.5722467698e-03 3.2005725788e+00 -2.0000000000e-01 1.7033575697e+00 3.0000000000e+02 -1.7034626583e-07 2.7005986138e-13 1.7033575696e-07 1.7034626582e-07 -1.0164469112e-11 -2.7003985937e-13 -1.7033575745e-07 -7.3862687349e-14
d  4.5752685335e-03 3.2026878133e+00 -2.0000000000e-01 1.7053668441e+00 3.0000000000e+02 -1.7055464292e-07 4.1497121992e-13 1.7053668442e-07 1.7055464249e-07 -1.7460302828e-11 -4.1495122115e-13 -1.7053668448e-07 -8.2765249204e-14
d  4.5770815918e-03 3.2039569541e+00 -2.0000000000e-01 1.7065688710e+00 3.0000000000e+02 -1.7069673519e-07 8.8561303334e-13 1.7065688711e-07 1.7069673473e-07 -3.8850550502e-11 -8.8559303705e-13 -1.7065688713e-07 -1.1144889943e-13
d  4.5776255093e-03 3.2043376963e+00 -2.0000000000e-01 1.7069262303e+00 3.0000000000e+02 -1.7075455139e-07 1.3986036395e-12 1.7069262303e-07 1.7075455111e-07 -6.0387126694e-11 -1.3985836377e-12 -1.7069262324e-07 -1.4217968530e-13
d  4.5779518598e-03 3.2045661416e+00 -2.0000000000e-01 1.7071367079e+00 3.0000000000e+02 -1.7080746797e-07 2.1868826357e-12 1.7071367077e-07 1.7080746826e-07 -9.1420754272e-11 -2.1868625747e-12 -1.7071367157e-07 -1.8907758364e-13
d  4.5781476700e-03 3.2047032088e+00 -2.0000000000e-01 1.7072575582e+00 3.0000000000e+02 -1.7086418410e-07 3.3543562459e-12 1.7072575582e-07 1.7086418374e-07 -1.3481575156e-10 -3.3543362530e-12 -1.7072575595e-07 -2.5781011156e-13
d  4.5782651562e-03 3.2047854491e+00 -2.0000000000e-01 1.7073233760e+00 3.0000000000e+02 -1.7092866184e-07 4.9285637748e-12 1.7073233759e-07 1.7092866189e-07 -1.9104619456e-10 -4.9285436698e-12 -1.7073233815e-07 -3.4914871585e-13
d  4.5783356479e-03 3.2048347933e+00 -2.0000000000e-01 1.7073558428e+00 3.0000000000e+02 -1.7099895781e-07 6.7820409689e-12 1.7073558426e-07 1.7099895854e-07 -2.5613638206e-10 -6.7820204724e-12 -1.7073558551e-07 -4.5476049402e-13
d  4.5784202380e-03 3.2048940063e+00 -2.0000000000e-01 1.7073646931e+00 3.0000000000e+02 -1.7121807658e-07 1.2839288273e-11 1.7073646930e-07 1.7121807672e-07 -4.6797402421e-10 -1.2839268052e-11 -1.7073646995e-07 -7.9347293916e-13
d  4.5784709920e-03 3.2049295342e+00 -2.0000000000e-01 1.7072442286e+00 3.0000000000e+02 -1.7189760585e-07 3.1506001454e-11 1.7072442285e-07 1.7189760595e-07 -1.1399164110e-09 -3.1505981058e-11 -1.7072442345e-07 -1.7601076919e-12
d  4.5784862182e-03 3.2049401925e+00 -2.0000000000e-01 1.7070913818e+00 3.0000000000e+02 -1.7257246624e-07 4.8936390500e-11 1.7070913710e-07 1.7257250735e-07 -1.8119777430e-09 -4.8936272441e-11 -1.7070918022e-07 -2.4132226071e-12
d  4.5784953539e-03 3.2049465875e+00 -2.0000000000e-01 1.7068738251e+00 3.0000000000e+02 -1.7346616185e-07 7.1025685831e-11 1.7068738217e-07 1.7346617390e-07 -2.7047904799e-09 -7.1025606831e-11 -1.7068739526e-07 -2.9631310490e-12
d  4.5785008354e-03 3.2049504245e+00 -2.0000000000e-01 1.7066029716e+00 3.0000000000e+02 -1.7452823965e-07 9.5756527547e-11 1.7066029714e-07 1.7452823981e-07 -3.7690764840e-09 -9.5756503496e-11 -1.7066029781e-07 -3.1090729138e-12
d  4.5785074131e-03 3.2049550289e+00 -2.0000000000e-01 1.7056375408e+00 3.0000000000e+02 -1.7816639624e-07 1.7437135226e-10 1.7056375404e-07 1.7816639723e-07 -7.4266602399e-09 -1.7437132132e-10 -1.7056375562e-07 -1.6099795141e-12
d  4.5785093864e-03 3.2049564102e+00 -2.0000000000e-01 1.7049140866e+00 3.0000000000e+02 -1.8076022168e-07 2.1432434143e-10 1.7049140865e-07 1.8076022178e-07 -1.0059941781e-08 -2.1432431165e-10 -1.7049140928e-07 5.4535576831e-12
d  4.5785117544e-03 3.2049580678e+00 -2.0000000000e-01 1.7028963680e+00 3.0000000000e+02 -1.8789199699e-07 3.1026291079e-10 1.7028963680e-07 1.8789199692e-07 -1.7322139076e-08 -3.1026288471e-10 -1.7028963725e-07 3.0042302435e-11
d  4.5785131752e-03 3.2049590624e+00 -2.0000000000e-01 1.6994944589e+00 3.0000000000e+02 -1.9995018579e-07 3.8476342375e-10 1.6994944589e-07 1.9995018574e-07 -2.9721639727e-08 -3.8476339371e-10 -1.6994944639e-07 1.0566376740e-10
d  4.5785140276e-03 3.2049596591e+00 -2.0000000000e-01 1.6944156609e+00 3.0000000000e+02 -2.1859244133e-07 3.1169254934e-10 1.6944156609e-07 2.1859244120e-07 -4.9135064236e-08 -3.1169251824e-10 -1.6944156651e-07 2.9588205451e-10
d  4.5785145391e-03 3.2049600171e+00 -2.0000000000e-01 1.6879352268e+00 3.0000000000e+02 -2.4404347390e-07 -5.3941230463e-11 1.6879352268e-07 2.4404347363e-07 -7.5960441729e-08 5.3941255070e-11 -1.6879352293e-07 6.5654976299e-10
d  4.5785151529e-03 3.2049604468e+00 -2.0000000000e-01 1.6597990364e+00 3.0000000000e+02 -3.8515089858e-07 -3.0180243723e-09 1.6597990364e-07 3.8515089829e-07 -2.2511319806e-07 3.0180243995e-09 -1.6597990418e-07 2.9241795417e-09
d  4.5785153370e-03 3.2049605757e+00 -2.0000000000e-01 1.6388037689e+00 3.0000000000e+02 -5.2977318382e-07 -8.7295626205e-09 1.6388037689e-07 5.2977318362e-07 -3.8070362323e-07 8.7295626541e-09 -1.6388037728e-07 6.0812542190e-09
d  4.5785155580e-03 3.2049607304e+00 -2.0000000000e-01 1.5743132201e+00 3.0000000000e+02 -1.2943939850e-06 -3.1609387738e-08 1.5743132201e-07 1.2943939847e-06 -1.1871054243e-06 3.1609387758e-08 -1.5743132221e-07 1.8533374101e-08
d  4.5785156906e-03 3.2049608232e+00 -2.0000000000e-01 1.4804978649e+00 3.0000000000e+02 -3.8323484010e-06 -7.9755190335e-08 1.4804978649e-07 3.8323484008e-06 -3.8057720970e-06 7.9755190364e-08 -1.4804978781e-07 4.1718293601e-08
d  4.5785158445e-03 3.2049609309e+00 -2.0000000000e-01 1.3388446968e+00 3.0000000000e+02 -1.5144344329e-05 -1.0255063702e-07 1.3388446968e-07 1.5144344332e-05 -1.5163707255e-05 1.0255063709e-07 -1.3388447951e-07 5.0696765637e-08
d  4.5785160096e-03 3.2049610464e+00 -2.0000000000e-01 1.2569835061e+00 3.0000000000e+02 -3.2819660587e-05 -2.6114801484e-08 1.2569835061e-07 3.2819660589e-05 -3.2733927647e-05 2.6114801520e-08 -1.2569835506e-07 1.3850611385e-08
d  4.5785162076e-03 3.2049611851e+00 -2.0000000000e-01 1.2215596678e+00 3.0000000000e+02 -4.6990927325e-05 2.6038621234e-10 1.2215596678e-07 4.6990927326e-05 -4.6868902314e-05 -2.6038618174e-10 -1.2215597084e-07 3.9134445381e-10
d  4.5785164296e-03 3.2049613405e+00 -2.0000000000e-01 1.2095784325e+00 3.0000000000e+02 -5.2876853286e-05 9.9004191288e-10 1.2095784324e-07 5.2876853307e-05 -5.2754326193e-05 -9.9004180725e-10 -1.2095788195e-07 -5.7919082581e-10
d  4.5785166961e-03 3.2049615270e+00 -2.0000000000e-01 1.2071949335e+00 3.0000000000e+02 -5.4009442672e-05 1.4210383700e-09 1.2071949331e-07 5.4009442777e-05 -5.3886524592e-05 -1.4210380093e-09 -1.2071968513e-07 -7.7746165695e-10
d  4.5785170157e-03 3.2049617508e+00 -2.0000000000e-01 1.2079405643e+00 3.0000000000e+02 -5.3613589938e-05 8.2282835063e-10 1.2079405643e-07 5.3613589945e-05 -5.3491549325e-05 -8.2282831269e-10 -1.2079406920e-07 -4.2372244684e-10
d  4.5785173994e-03 3.2049620193e+00 -2.0000000000e-01 1.2086930531e+00 3.0000000000e+02 -5.3241538439e-05 1.7409521468e-10 1.2086930531e-07 5.3241538448e-05 -5.3120407154e-05 -1.7409517628e-10 -1.2086932164e-07 -8.7877233496e-11
d  4.5785178597e-03 3.2049623416e+00 -2.0000000000e-01 1.2089154648e+00 3.0000000000e+02 -5.3132944807e-05 -3.1179769957e-11 1.2089154606e-07 5.3132945769e-05 -5.3012099680e-05 3.1181463884e-11 -1.2089338353e-07 1.6114046271e-11
d  4.5785184121e-03 3.2049627282e+00 -2.0000000000e-01 1.2089096192e+00 3.0000000000e+02 -5.3135992637e-05 -2.7219390763e-11 1.2089096193e-07 5.3135992621e-05 -5.3015142853e-05 2.7219387697e-11 -1.2089093064e-07 1.3943616692e-11
d  4.5785190750e-03 3.2049631923e+00 -2.0000000000e-01 1.2088848458e+00 3.0000000000e+02 -5.3148324519e-05 -5.0203778723e-12 1.2088848460e-07 5.3148324451e-05 -5.3027443684e-05 5.0203196311e-12 -1.2088835300e-07 2.5651878622e-12
d  4.5785198705e-03 3.2049637491e+00 -2.0000000000e-01 1.2088785038e+00 3.0000000000e+02 -5.3151641719e-05 8.2155632945e-13 1.2088785039e-07 5.3151641698e-05 -5.3030752634e-05 -8.2155633489e-13 -1.2088780903e-07 -4.3316719422e-13
d  4.5785208251e-03 3.2049644173e+00 -2.0000000000e-01 1.2088791033e+00 3.0000000000e+02 -5.3151587545e-05 5.5435290198e-13 1.2088791028e-07 5.3151587662e-05 -5.3030698665e-05 -5.5424013227e-13 -1.2088814662e-07 -2.9613484515e-13
d  4.5785219706e-03 3.2049652192e+00 -2.0000000000e-01 1.2088799583e+00 3.0000000000e+02 -5.3151455735e-05 1.1622954704e-13 1.2088799571e-07 5.3151456033e-05 -5.3030567244e-05 -1.1601489445e-13 -1.2088860253e-07 -7.1047479128e-14
d  4.5785233452e-03 3.2049661814e+00 -2.0000000000e-01 1.2088804611e+00 3.0000000000e+02 -5.3151554745e-05 5.2869666703e-14 1.2088804620e-07 5.3151554511e-05 -5.3030666852e-05 -5.2975583141e-14 -1.2088756720e-07 -3.8623990532e-14
d  4.5785249947e-03 3.2049673360e+00 -2.0000000000e-01 1.2088809653e+00 3.0000000000e+02 -5.3151722199e-05 6.3635760924e-14 1.2088809669e-07 5.3151721800e-05 -5.3030834421e-05 -6.3793948430e-14 -1.2088727108e-07 -4.4199834209e-14
d  4.5785269741e-03 3.2049687216e+00 -2.0000000000e-01 1.2088815813e+00 3.0000000000e+02 -5.3151917864e-05 6.7694427129e-14 1.2088815832e-07 5.3151917390e-05 -5.3031030102e-05 -6.7849318717e-14 -1.2088717352e-07 -4.6277137172e-14
d  4.5785293494e-03 3.2049703843e+00 -2.0000000000e-01 1.2088823258e+00 3.0000000000e+02 -5.3152150023e-05 6.7755258467e-14 1.2088823281e-07 5.3152149454e-05 -5.3031262297e-05 -6.7909457104e-14 -1.2088704295e-07 -4.6308347336e-14
d  4.5785321998e-03 3.2049723796e+00 -2.0000000000e-01 1.2088832195e+00 3.0000000000e+02 -5.3152428521e-05 6.7644288046e-14 1.2088832222e-07 5.3152427832e-05 -5.3031540845e-05 -6.7799511266e-14 -1.2088687276e-07 -4.6252000393e-14
d  4.5785356202e-03 3.2049747739e+00 -2.0000000000e-01 1.2088842917e+00 3.0000000000e+02 -5.3152762788e-05 6.7633675808e-14 1.2088842950e-07 5.3152761954e-05 -5.3031875173e-05 -6.7789850094e-14 -1.2088666705e-07 -4.6246971515e-14
d  4.5785397247e-03 3.2049776471e+00 -2.0000000000e-01 1.2088855784e+00 3.0000000000e+02 -5.3153163918e-05 6.7634672237e-14 1.2088855824e-07 5.3153162910e-05 -5.3032276376e-05 -6.7791622457e-14 -1.2088641998e-07 -4.6247798206e-14
d  4.5785446501e-03 3.2049810948e+00 -2.0000000000e-01 1.2088871224e+00 3.0000000000e+02 -5.3153645276e-05 6.7634379957e-14 1.2088871272e-07 5.3153644059e-05 -5.3032757822e-05 -6.7791981770e-14 -1.2088612305e-07 -4.6247934826e-14
d  4.5785505606e-03 3.2049852322e+00 -2.0000000000e-01 1.2088889752e+00 3.0000000000e+02 -5.3154222909e-05 6.7633835156e-14 1.2088889810e-07 5.3154221442e-05 -5.3033335561e-05 -6.7791984479e-14 -1.2088576634e-07 -4.6247938788e-14
d  4.5785576532e-03 3.2049901970e+00 -2.0000000000e-01 1.2088911986e+00 3.0000000000e+02 -5.3154916074e-05 6.7633444952e-14 1.2088912055e-07 5.3154914306e-05 -5.3034028854e-05 -6.7792053659e-14 -1.2088533795e-07 -4.6247947823e-14
d  4.5785661644e-03 3.2049961548e+00 -2.0000000000e-01 1.2088938667e+00 3.0000000000e+02 -5.3155747881e-05 6.7633059473e-14 1.2088938750e-07 5.3155745752e-05 -5.3034860814e-05 -6.7792052109e-14 -1.2088482360e-07 -4.6247958918e-14
d  4.5785763777e-03 3.2050033042e+00 -2.0000000000e-01 1.2088970684e+00 3.0000000000e+02 -5.3156746062e-05 6.7632746792e-14 1.2088970784e-07 5.3156743499e-05 -5.3035859179e-05 -6.7792059524e-14 -1.2088420617e-07 -4.6247972241e-14
d  4.5785886337e-03 3.2050118834e+00 -2.0000000000e-01 1.2089009104e+00 3.0000000000e+02 -5.3157943895e-05 6.7632503541e-14 1.2089009224e-07 5.3157940813e-05 -5.3037057234e-05 -6.7792082013e-14 -1.2088346509e-07 -4.6247988312e-14
d  4.5786033410e-03 3.2050221784e+00 -2.0000000000e-01 1.2089055209e+00 3.0000000000e+02 -5.3159381321e-05 6.7632303800e-14 1.2089055353e-07 5.3159377615e-05 -5.3038494925e-05 -6.7792101844e-14 -1.2088257570e-07 -4.6248008153e-14
d  4.5786209896e-03 3.2050345325e+00 -2.0000000000e-01 1.2089110423e+00 3.0000000000e+02 -5.3161102863e-05 6.7479072248e-14 1.2089110708e-07 5.3161095550e-05 -5.3040220084e-05 -6.7754491290e-14 -1.2087535204e-07 -4.6247488688e-14
d  4.5786421680e-03 3.2050493574e+00 -2.0000000000e-01 1.2089176811e+00 3.0000000000e+02 -5.3163172767e-05 6.7500917228e-14 1.2089176811e-07 5.3163172749e-05 -5.3042280906e-05 -6.7481519021e-14 -1.2089172967e-07 -4.6131016255e-14
d  4.5786675821e-03 3.2050671472e+00 -2.0000000000e-01 1.2089256480e+00 3.0000000000e+02 -5.3165656721e-05 6.7886780757e-14 1.2089256481e-07 5.3165656699e-05 -5.3044764066e-05 -6.7867385862e-14 -1.2089251834e-07 -4.6277485411e-14
d  4.5786980790e-03 3.2050884950e+00 -2.0000000000e-01 1.2089352080e+00 3.0000000000e+02 -5.3168637626e-05 6.7786359932e-14 1.2089352081e-07 5.3168637599e-05 -5.3047744020e-05 -6.7766965897e-14 -1.2089346489e-07 -4.6239485977e-14
d  4.5787346753e-03 3.2051141124e+00 -2.0000000000e-01 1.2089466800e+00 3.0000000000e+02 -5.3172214856e-05 6.7787651150e-14 1.2089466801e-07 5.3172214825e-05 -5.3051320110e-05 -6.7768257764e-14 -1.2089460076e-07 -4.6240057335e-14
d  4.5787785908e-03 3.2051448533e+00 -2.0000000000e-01 1.2089604466e+00 3.0000000000e+02 -5.3176507758e-05 6.7787518708e-14 1.2089604467e-07 5.3176507720e-05 -5.3055611642e-05 -6.7768125835e-14 -1.2089596381e-07 -4.6240065399e-14
d  4.5788312895e-03 3.2051817424e+00 -2.0000000000e-01 1.2089769665e+00 3.0000000000e+02 -5.3181659564e-05 6.7787513598e-14 1.2089769667e-07 5.3181659519e-05 -5.3060761805e-05 -6.7768121130e-14 -1.2089759949e-07 -4.6240142223e-14
d  4.5788945278e-03 3.2052260092e+00 -2.0000000000e-01 1.2089967906e+00 3.0000000000e+02 -5.3187842198e-05 6.7787518902e-14 1.2089967908e-07 5.3187842144e-05 -5.3066942468e-05 -6.7768126728e-14 -1.2089956233e-07 -4.6240234920e-14
d  4.5789704139e-03 3.2052791294e+00 -2.0000000000e-01 1.2090205797e+00 3.0000000000e+02 -5.3195262032e-05 6.7787516913e-14 1.2090205800e-07 5.3195261967e-05 -5.3074359935e-05 -6.7768124929e-14 -1.2090191775e-07 -4.6240346201e-14
d  4.5790614771e-03 3.2053428737e+00 -2.0000000000e-01 1.2090491269e+00 3.0000000000e+02 -5.3204166801e-05 6.7787520401e-14 1.2090491272e-07 5.3204166723e-05 -5.3083261865e-05 -6.7768128493e-14 -1.2090474431e-07 -4.6240479777e-14
d  4.5791707530e-03 3.2054193668e+00 -2.0000000000e-01 1.2090833840e+00 3.0000000000e+02 -5.3214853919e-05 6.7787523458e-14 1.2090833844e-07 5.3214853825e-05 -5.3093945575e-05 -6.7768131554e-14 -1.2090813624e-07 -4.6240640110e-14
d  4.5793018841e-03 3.2055111586e+00 -2.0000000000e-01 1.2091244931e+00 3.0000000000e+02 -5.3227680469e-05 6.7787529113e-14 1.2091244935e-07 5.3227680357e-05 -5.3106768036e-05 -6.7768137111e-14 -1.2091220663e-07 -4.6240832593e-14
d  4.5794592414e-03 3.2056213087e+00 -2.0000000000e-01 1.2091738249e+00 3.0000000000e+02 -5.3243075223e-05 6.7787533917e-14 1.2091738254e-07 5.3243075088e-05 -5.3122157883e-05 -6.7768141715e-14 -1.2091709123e-07 -4.6241063668e-14
d  4.5796480701e-03 3.2057534888e+00 -2.0000000000e-01 1.2092330242e+00 3.0000000000e+02 -5.3261553094e-05 6.7787542466e-14 1.2092330249e-07 5.3261552932e-05 -5.3140629865e-05 -6.7768149964e-14 -1.2092295292e-07 -4.6241341103e-14
d  4.5798746646e-03 3.2059121049e+00 -2.0000000000e-01 1.2093040653e+00 3.0000000000e+02 -5.3283732540e-05 6.7787552478e-14 1.2093040660e-07 5.3283732346e-05 -5.3162802245e-05 -6.7768159564e-14 -1.2092998721e-07 -4.6241674277e-14
d  4.5801465780e-03 3.2061024443e+00 -2.0000000000e-01 1.2093893171e+00 3.0000000000e+02 -5.3310356520e-05 6.7787569436e-14 1.2093893181e-07 5.3310356287e-05 -5.3189417745e-05 -6.7768175974e-14 -1.2093842873e-07 -4.6242074385e-14
d  4.5804728741e-03 3.2063308515e+00 -2.0000000000e-01 1.2094916231e+00 3.0000000000e+02 -5.3342317748e-05 6.7787588219e-14 1.2094916242e-07 5.3342317469e-05 -5.3221368796e-05 -6.7768194070e-14 -1.2094855908e-07 -4.6242555004e-14
d  4.5808644294e-03 3.2066049402e+00 -2.0000000000e-01 1.2096143957e+00 3.0000000000e+02 -5.3380689158e-05 6.7787613901e-14 1.2096143970e-07 5.3380688823e-05 -5.3259727993e-05 -6.7768218887e-14 -1.2096071626e-07 -4.6243132417e-14
d  4.5813342957e-03 3.2069338467e+00 -2.0000000000e-01 1.2097617305e+00 3.0000000000e+02 -5.3426760690e-05 6.7787648010e-14 1.2097617320e-07 5.3426760288e-05 -5.3305784868e-05 -6.7768251930e-14 -1.2097530600e-07 -4.6243826260e-14
d  4.5818981354e-03 3.2073285344e+00 -2.0000000000e-01 1.2099385435e+00 3.0000000000e+02 -5.3482083757e-05 6.7787694263e-14 1.2099385453e-07 5.3482083276e-05 -5.3361090347e-05 -6.7768296883e-14 -1.2099281527e-07 -4.6244660269e-14
d  4.5825747429e-03 3.2078021596e+00 -2.0000000000e-01 1.2101507352e+00 3.0000000000e+02 -5.3548525081e-05 6.7787756772e-14 1.2101507374e-07 5.3548524505e-05 -5.3427510563e-05 -6.7768357807e-14 -1.2101382871e-07 -4.6245662980e-14
d  4.5833866720e-03 3.2083705100e+00 -2.0000000000e-01 1.2104053885e+00 3.0000000000e+02 -5.3628331975e-05 6.7787841939e-14 1.2104053912e-07 5.3628331285e-05 -5.3507292123e-05 -6.7768441050e-14 -1.2103904819e-07 -4.6246869058e-14
d  4.5843609868e-03 3.2090525303e+00 -2.0000000000e-01 1.2107110061e+00 3.0000000000e+02 -5.3724211654e-05 6.7787950424e-14 1.2107110092e-07 5.3724210828e-05 -5.3603141398e-05 -6.7768547224e-14 -1.2106931633e-07 -4.6248317411e-14
d  4.5855301647e-03 3.2098709548e+00 -2.0000000000e-01 1.2110777955e+00 3.0000000000e+02 -5.3839427874e-05 6.7788110448e-14 1.2110777993e-07 5.3839426887e-05 -5.3718321128e-05 -6.7768704418e-14 -1.2110564519e-07 -4.6250063748e-14
d  4.5869331781e-03 3.2108530641e+00 -2.0000000000e-01 1.2115180128e+00 3.0000000000e+02 -5.3977918978e-05 6.7788342598e-14 1.2115180174e-07 5.3977917797e-05 -5.3856768434e-05 -6.7768933570e-14 -1.2114924817e-07 -4.6252169477e-14
d  4.5886167942e-03 3.2120315953e+00 -2.0000000000e-01 1.2120463684e+00 3.0000000000e+02 -5.4144444472e-05 6.7788034361e-14 1.2120463738e-07 5.4144443054e-05 -5.4023241366e-05 -6.7768623852e-14 -1.2120157387e-07 -4.6254420725e-14
d  4.5906371335e-03 3.2134458328e+00 -2.0000000000e-01 1.2126806035e+00 3.0000000000e+02 -5.4344776668e-05 6.7796287553e-14 1.2126806101e-07 5.4344774949e-05 -5.4223510488e-05 -6.7776881496e-14 -1.2126434643e-07 -4.6259981695e-14
d  4.5930615407e-03 3.2151429177e+00 -2.0000000000e-01 1.2134419373e+00 3.0000000000e+02 -5.4585883653e-05 6.7798311563e-14 1.2134419449e-07 5.4585881636e-05 -5.4464541683e-05 -6.7778890039e-14 -1.2133983906e-07 -4.6264118562e-14
d  4.5959708293e-03 3.2171794196e+00 -2.0000000000e-01 1.2143558409e+00 3.0000000000e+02 -5.4876215520e-05 6.7797523202e-14 1.2143558500e-07 5.4876213116e-05 -5.4754782606e-05 -6.7778095254e-14 -1.2143039651e-07 -4.6268072543e-14
d  4.5994619756e-03 3.2196232219e+00 -2.0000000000e-01 1.2154529517e+00 3.0000000000e+02 -5.5226069271e-05 6.7797995424e-14 1.2154529517e-07 5.5226069259e-05 -5.5104523875e-05 -6.7777997781e-14 -1.2154526952e-07 -4.6272912872e-14
d  4.6036513512e-03 3.2225557847e+00 -2.0000000000e-01 1.2167701370e+00 3.0000000000e+02 -5.5647994428e-05 6.7801222559e-14 1.2167701371e-07 5.5647994413e-05 -5.5526317316e-05 -6.7781224900e-14 -1.2167698294e-07 -4.6280082757e-14
d  4.6086786019e-03 3.2260748600e+00 -2.0000000000e-01 1.2183517030e+00 3.0000000000e+02 -5.6157342390e-05 6.7803819731e-14 1.2183517031e-07 5.6157342373e-05 -5.6035507125e-05 -6.7783822052e-14 -1.2183513344e-07 -4.6288098796e-14
d  4.6147113027e-03 3.2302977504e+00 -2.0000000000e-01 1.2202509192e+00 3.0000000000e+02 -5.6772967313e-05 6.7806666231e-14 1.2202509192e-07 5.6772967292e-05 -5.6650942131e-05 -6.7786668542e-14 -1.2202504749e-07 -4.6297513508e-14
d  4.6219505438e-03 3.2353652189e+00 -2.0000000000e-01 1.2225319106e+00 3.0000000000e+02 -5.7518107417e-05 6.7810759745e-14 1.2225319106e-07 5.7518107392e-05 -5.7395854140e-05 -6.7790762021e-14 -1.2225313801e-07 -4.6309001097e-14
d  4.6306376330e-03 3.2414461810e+00 -2.0000000000e-01 1.2252719768e+00 3.0000000000e+02 -5.8421543092e-05 6.7818112586e-14 1.2252719769e-07 5.8421543062e-05 -5.8299015814e-05 -6.7798114820e-14 -1.2252713447e-07 -4.6323627737e-14
d  4.6410621401e-03 3.2487433356e+00 -2.0000000000e-01 1.2285643299e+00 3.0000000000e+02 -5.9519135692e-05 6.7829261625e-14 1.2285643300e-07 5.9519135657e-05 -5.9396279184e-05 -6.7809263777e-14 -1.2285635886e-07 -4.6341896128e-14
d  4.6535715486e-03 3.2574999211e+00 -2.0000000000e-01 1.2325214208e+00 3.0000000000e+02 -6.0855830569e-05 6.7844019811e-14 1.2325214209e-07 6.0855830529e-05 -6.0732578358e-05 -6.7824021862e-14 -1.2325205589e-07 -4.6364227329e-14
d  4.6685828388e-03 3.2680078237e+00 -2.0000000000e-01 1.2372780603e+00 3.0000000000e+02 -6.2488768450e-05 6.7851869282e-14 1.2372780604e-07 6.2488768401e-05 -6.2365040585e-05 -6.7831871319e-14 -1.2372770123e-07 -4.6386245062e-14
d  4.6865963870e-03 3.2806173069e+00 -2.0000000000e-01 1.2429995145e+00 3.0000000000e+02 -6.4490254300e-05 6.7884742391e-14 1.2429995147e-07 6.4490254250e-05 -6.4365954291e-05 -6.7864744086e-14 -1.2429984427e-07 -4.6422045600e-14
d  4.7082126449e-03 3.2957486866e+00 -2.0000000000e-01 1.2498865940e+00 3.0000000000e+02 -6.6954001529e-05 6.7939481654e-14 1.2498865942e-07 6.6954001476e-05 -6.6829012814e-05 -6.7919483091e-14 -1.2498854731e-07 -4.6469299146e-14
d  4.7341521543e-03 3.3139063423e+00 -2.0000000000e-01 1.2581818402e+00 3.0000000000e+02 -7.0001897756e-05 6.8000936165e-14 1.2581818403e-07 7.0001897715e-05 -6.9876079501e-05 -6.7980937033e-14 -1.2581809995e-07 -4.6523877061e-14
d  4.7652795657e-03 3.3356955292e+00 -2.0000000000e-01 1.2681832011e+00 3.0000000000e+02 -7.3795535690e-05 6.8098519480e-14 1.2681832011e-07 7.3795535688e-05 -7.3668717256e-05 -6.8078519502e-14 -1.2681831760e-07 -4.6596542175e-14
d  4.8026324593e-03 3.3618425534e+00 -2.0000000000e-01 1.2802533594e+00 3.0000000000e+02 -7.8550626992e-05 6.8216477908e-14 1.2802533594e-07 7.8550627001e-05 -7.8422601531e-05 -6.8196477781e-14 -1.2802535541e-07 -4.6683262159e-14
d  4.8474559316e-03 3.3932189825e+00 -2.0000000000e-01 1.2948627757e+00 3.0000000000e+02 -8.4571354348e-05 6.8502472607e-14 1.2948627756e-07 8.4571354369e-05 -8.4441867931e-05 -6.8482472380e-14 -1.2948632216e-07 -4.6832954822e-14
d  4.9012440984e-03 3.4308706973e+00 -2.0000000000e-01 1.3125946875e+00 3.0000000000e+02 -9.2280981057e-05 6.8889615088e-14 1.3125946874e-07 9.2280981100e-05 -9.2149721426e-05 -6.8869614734e-14 -1.3125955794e-07 -4.7026188438e-14
d  4.9657898985e-03 3.4760527552e+00 -2.0000000000e-01 1.3341342677e+00 3.0000000000e+02 -1.0226416581e-04 6.9230702747e-14 1.3341342675e-07 1.0226416591e-04 -1.0213075217e-04 -6.9210702173e-14 -1.3341361601e-07 -4.7215918559e-14
d  5.0000000000e-03 3.4999998250e+00 -2.0000000000e-01 1.3456710685e+00 3.0000000000e+02 -1.0790185958e-04 6.9464771183e-14 1.3456710685e-07 1.0790185960e-04 -1.0776729233e-04 -6.9444770988e-14 -1.3456714794e-07 -4.7331993060e-14
d  5.0410521218e-03 3.5287363088e+00 -2.0000000000e-01 1.3596281382e+00 3.0000000000e+02 -1.1500474157e-04 6.9746018218e-14 1.3596281382e-07 1.1500474161e-04 -1.1486877860e-04 -6.9726017904e-14 -1.3596288670e-07 -4.7470739156e-14
d  5.0903146679e-03 3.5632200893e+00 -2.0000000000e-01 1.3765527078e+00 3.0000000000e+02 -1.2404774965e-04 7.0146551529e-14 1.3765527076e-07 1.2404774973e-04 -1.2391009419e-04 -7.0126551044e-14 -1.3765541572e-07 -4.7656936824e-14
d  5.1494297232e-03 3.6046006260e+00 -2.0000000000e-01 1.3970993681e+00 3.0000000000e+02 -1.3571773521e-04 7.0567469365e-14 1.3970993679e-07 1.3571773535e-04 -1.3557802502e-04 -7.0547468661e-14 -1.3971021159e-07 -4.7851802968e-14
d  5.2203677896e-03 3.6542572700e+00 -2.0000000000e-01 1.4221111934e+00 3.0000000000e+02 -1.5100680954e-04 7.1142722577e-14 1.4221111929e-07 1.5100680985e-04 -1.5086459803e-04 -7.1122721459e-14 -1.4221170004e-07 -4.8109657780e-14
d  5.3054934692e-03 3.7138452428e+00 -2.0000000000e-01 1.4527021220e+00 3.0000000000e+02 -1.7141253268e-04 7.1994294524e-14 1.4527021220e-07 1.7141253271e-04 -1.7126726233e-04 -7.1974294455e-14 -1.4527026093e-07 -4.8473133378e-14
d  5.4076442848e-03 3.7853508101e+00 -2.0000000000e-01 1.4905073301e+00 3.0000000000e+02 -1.9950066297e-04 7.3581734786e-14 1.4905073300e-07 1.9950066302e-04 -1.9935161207e-04 -7.3561734697e-14 -1.4905082264e-07 -4.9088639340e-14
d  5.5302252636e-03 3.8711574909e+00 -2.0000000000e-01 1.5373042662e+00 3.0000000000e+02 -2.3930805347e-04 7.5046287212e-14 1.5373042661e-07 2.3930805358e-04 -2.3915432284e-04 -7.5026287090e-14 -1.5373060885e-07 -4.9666575114e-14
d  5.6773224380e-03 3.9741255079e+00 -2.0000000000e-01 1.5955960031e+00 3.0000000000e+02 -2.9820962119e-04 7.7092745083e-14 1.5955960028e-07 2.9820962145e-04 -2.9805006129e-04 -7.7072744903e-14 -1.5956002711e-07 -5.0434444793e-14
d  5.7142860000e-03 4.0000000000e+00 -2.0000000000e-01 1.6106195929e+00 3.0000000000e+02 -3.1533459780e-04 7.7681207312e-14 1.6106195926e-07 3.1533459825e-04 -3.1517353542e-04 -7.7661206414e-14 -1.6106269957e-07 -5.0641341207e-14
d  5.7586422744e-03 4.0310493905e+00 -2.0000000000e-01 1.6288571082e+00 3.0000000000e+02 -3.3733932665e-04 7.8393818348e-14 1.6288571077e-07 3.3733932738e-04 -3.3717644036e-04 -7.8373816942e-14 -1.6288689412e-07 -5.0893945240e-14
d  5.8118698036e-03 4.0683086591e+00 -2.0000000000e-01 1.6510370644e+00 3.0000000000e+02 -3.6604640089e-04 7.9215244792e-14 1.6510370636e-07 3.6604640213e-04 -3.6588129631e-04 -7.9195243036e-14 -1.6510569104e-07 -5.1182384716e-14
d  5.8757428388e-03 4.1130197815e+00 -2.0000000000e-01 1.6780399812e+00 3.0000000000e+02 -4.0434965638e-04 8.0127611880e-14 1.6780399799e-07 4.0434965862e-04 -4.0418185097e-04 -8.0107609638e-14 -1.6780751553e-07 -5.1485584569e-14
d  5.9523904809e-03 4.1666731283e+00 -2.0000000000e-01 1.7110424389e+00 3.0000000000e+02 -4.5670299507e-04 8.1410640941e-14 1.7110424389e-07 4.5670299523e-04 -4.5653189061e-04 -8.1390640835e-14 -1.7110448432e-07 -5.1910410489e-14
d  6.0443676514e-03 4.2310571445e+00 -2.0000000000e-01 1.7518487305e+00 3.0000000000e+02 -5.3107336902e-04 8.3793880080e-14 1.7518487304e-07 5.3107336931e-04 -5.3089818387e-04 -8.3773879963e-14 -1.7518529831e-07 -5.2691689189e-14
d  6.1547402561e-03 4.3083179639e+00 -2.0000000000e-01 1.8029118690e+00 3.0000000000e+02 -6.4267817547e-04 8.7243717373e-14 1.8029118688e-07 6.4267817592e-04 -6.4249788395e-04 -8.7223717268e-14 -1.8029182389e-07 -5.3784848418e-14
d  6.2871873817e-03 4.4010309471e+00 -2.0000000000e-01 1.8658636397e+00 3.0000000000e+02 -8.1896359146e-04 8.9196715688e-14 1.8658636394e-07 8.1896359222e-04 -8.1877700466e-04 -8.9176715592e-14 -1.8658741311e-07 -5.4248594920e-14
d  6.4461239324e-03 4.5122865271e+00 -2.0000000000e-01 1.9425072823e+00 3.0000000000e+02 -1.1098710862e-03 9.0869911173e-14 1.9425072823e-07 1.1098710862e-03 -1.1096768353e-03 -9.0849911171e-14 -1.9425077461e-07 -5.4494542611e-14
d  6.6368477933e-03 4.6457932230e+00 -2.0000000000e-01 2.0314304402e+00 3.0000000000e+02 -1.5935134334e-03 8.8797097569e-14 2.0314304402e-07 1.5935134334e-03 -1.5933102902e-03 -8.8777097570e-14 -2.0314303623e-07 -5.3217871684e-14
d  6.8657164264e-03 4.8060012581e+00 -2.0000000000e-01 2.1289435437e+00 3.0000000000e+02 -2.2832910607e-03 8.2854542678e-14 2.1289435437e-07 2.2832910607e-03 -2.2830781662e-03 -8.2834542678e-14 -2.1289435573e-07 -5.0770618374e-14
d  7.1403587860e-03 4.9982509003e+00 -2.0000000000e-01 2.2357706658e+00 3.0000000000e+02 -3.2038048761e-03 7.9465332003e-14 2.2357706658e-07 3.2038048761e-03 -3.2035812989e-03 -7.9445332003e-14 -2.2357707442e-07 -4.9148696424e-14
d  7.1428570000e-03 4.9999996500e+00 -2.0000000000e-01 2.2366913848e+00 3.0000000000e+02 -3.2122741733e-03 7.9148317193e-14 2.2366913848e-07 3.2122741733e-03 -3.2120505040e-03 -7.9128317171e-14 -2.2366914961e-07 -4.9104875053e-14
d  7.1458548568e-03 5.0020981496e+00 -2.0000000000e-01 2.2377944852e+00 3.0000000000e+02 -3.2224324947e-03 7.9058345323e-14 2.2377944852e-07 3.2224324947e-03 -3.2222087151e-03 -7.9038345289e-14 -2.2377946198e-07 -4.9069741020e-14
d  7.1494522849e-03 5.0046163492e+00 -2.0000000000e-01 2.2391145925e+00 3.0000000000e+02 -3.2346222608e-03 7.8907112092e-14 2.2391145925e-07 3.2346222608e-03 -3.2343983492e-03 -7.8887112057e-14 -2.2391147564e-07 -4.9009550279e-14
d  7.1537691987e-03 5.0076381887e+00 -2.0000000000e-01 2.2406949313e+00 3.0000000000e+02 -3.2492405549e-03 7.8807387561e-14 2.2406949313e-07 3.2492405549e-03 -3.2490164853e-03 -7.8787387526e-14 -2.2406951305e-07 -4.8970653809e-14
d  7.1589494952e-03 5.0112643961e+00 -2.0000000000e-01 2.2425853531e+00 3.0000000000e+02 -3.2667633302e-03 7.8642994451e-14 2.2425853531e-07 3.2667633302e-03 -3.2665390715e-03 -7.8622994415e-14 -2.2425855956e-07 -4.8907196555e-14
d  7.1651658511e-03 5.0156158450e+00 -2.0000000000e-01 2.2448482721e+00 3.0000000000e+02 -3.2877421358e-03 7.8542616402e-14 2.2448482721e-07 3.2877421358e-03 -3.2875176508e-03 -7.8522616366e-14 -2.2448485676e-07 -4.8871314851e-14
d  7.1726254781e-03 5.0208375836e+00 -2.0000000000e-01 2.2475531302e+00 3.0000000000e+02 -3.3128663057e-03 7.8320959896e-14 2.2475531302e-07 3.3128663057e-03 -3.3126415502e-03 -7.8300959858e-14 -2.2475534930e-07 -4.8788097984e-14
d  7.1815770305e-03 5.0271036700e+00 -2.0000000000e-01 2.2507786492e+00 3.0000000000e+02 -3.3429018147e-03 7.7938551526e-14 2.2507786492e-07 3.3429018147e-03 -3.3426767367e-03 -7.7918551516e-14 -2.2507787641e-07 -4.8652702411e-14
d  7.1923188934e-03 5.0346229736e+00 -2.0000000000e-01 2.2546253608e+00 3.0000000000e+02 -3.3788605600e-03 7.7674766870e-14 2.2546253608e-07 3.3788605600e-03 -3.3786350973e-03 -7.7654766859e-14 -2.2546255061e-07 -4.8546805403e-14
d  7.2052091288e-03 5.0436461380e+00 -2.0000000000e-01 2.2592133820e+00 3.0000000000e+02 -3.4219564541e-03 7.7455053393e-14 2.2592133820e-07 3.4219564541e-03 -3.4217305326e-03 -7.7435053381e-14 -2.2592135693e-07 -4.8445926944e-14
d  7.2206774114e-03 5.0544739352e+00 -2.0000000000e-01 2.2646667672e+00 3.0000000000e+02 -3.4732716231e-03 7.6854174470e-14 2.2646667672e-07 3.4732716232e-03 -3.4730451563e-03 -7.6834174458e-14 -2.2646670073e-07 -4.8244384886e-14
d  7.2392393504e-03 5.0674672919e+00 -2.0000000000e-01 2.2711615019e+00 3.0000000000e+02 -3.5346857445e-03 7.6672277822e-14 2.2711615019e-07 3.5346857445e-03 -3.5344586282e-03 -7.6652277808e-14 -2.2711618224e-07 -4.8141390636e-14
d  7.2615136773e-03 5.0830593200e+00 -2.0000000000e-01 2.2788643462e+00 3.0000000000e+02 -3.6079260658e-03 7.6043466367e-14 2.2788643462e-07 3.6079260658e-03 -3.6076981792e-03 -7.6023466362e-14 -2.2788644781e-07 -4.7904192635e-14
d  7.2882428696e-03 5.1017697536e+00 -2.0000000000e-01 2.2879798762e+00 3.0000000000e+02 -3.6951314046e-03 7.5399904550e-14 2.2879798762e-07 3.6951314046e-03 -3.6949026065e-03 -7.5379904545e-14 -2.2879800656e-07 -4.7653165904e-14
d  7.3203179003e-03 5.1242222740e+00 -2.0000000000e-01 2.2987347819e+00 3.0000000000e+02 -3.7987414488e-03 7.4617807676e-14 2.2987347819e-07 3.7987414488e-03 -3.7985115752e-03 -7.4597807673e-14 -2.2987348929e-07 -4.7349302267e-14
d  7.3588079371e-03 5.1511652984e+00 -2.0000000000e-01 2.3114324100e+00 3.0000000000e+02 -3.9220266429e-03 7.3993387328e-14 2.3114324100e-07 3.9220266429e-03 -3.9217954995e-03 -7.3973387326e-14 -2.3114325119e-07 -4.7096284539e-14
d  7.4049959813e-03 5.1834969277e+00 -2.0000000000e-01 2.3263202629e+00 3.0000000000e+02 -4.0679613241e-03 7.2915398627e-14 2.3263202629e-07 4.0679613242e-03 -4.0677286920e-03 -7.2895398625e-14 -2.3263203836e-07 -4.6670884237e-14
d  7.4604216344e-03 5.2222948829e+00 -2.0000000000e-01 2.3437381977e+00 3.0000000000e+02 -4.2396078413e-03 7.1871018364e-14 2.3437381977e-07 4.2396078413e-03 -4.2393734674e-03 -7.1851018362e-14 -2.3437383508e-07 -4.6264660462e-14
d  7.5269324180e-03 5.2688524292e+00 -2.0000000000e-01 2.3640080233e+00 3.0000000000e+02 -4.4406566556e-03 7.0597569245e-14 2.3640080233e-07 4.4406566556e-03 -4.4404202547e-03 -7.0577569244e-14 -2.3640080781e-07 -4.5764124525e-14
d  7.6067453584e-03 5.3247214847e+00 -2.0000000000e-01 2.3874291691e+00 3.0000000000e+02 -4.6751760184e-03 6.9116841130e-14 2.3874291691e-07 4.6751760184e-03 -4.6749372754e-03 -6.9096841130e-14 -2.3874292420e-07 -4.5164668184e-14
d  7.7025208869e-03 5.3917643512e+00 -2.0000000000e-01 2.4143293732e+00 3.0000000000e+02 -4.9469547868e-03 6.7530354379e-14 2.4143293732e-07 4.9469547868e-03 -4.9467133537e-03 -6.7510354378e-14 -2.4143294709e-07 -4.4517833959e-14
d  7.8174515211e-03 5.4722157911e+00 -2.0000000000e-01 2.4450344005e+00 3.0000000000e+02 -5.2595378374e-03 6.5847119668e-14 2.4450344005e-07 5.2595378374e-03 -5.2592933339e-03 -6.5827119668e-14 -2.4450344415e-07 -4.3821016154e-14
d  7.9553682821e-03 5.5687575190e+00 -2.0000000000e-01 2.4786170424e+00 3.0000000000e+02 -5.6232812763e-03 6.2454289890e-14 2.4786170424e-07 5.6232812763e-03 -5.6230334145e-03 -6.2434289890e-14 -2.4786171064e-07 -4.2395135110e-14
d  8.1208683953e-03 5.6846075925e+00 -2.0000000000e-01 2.5149517701e+00 3.0000000000e+02 -6.0419761104e-03 5.9720091460e-14 2.5149517701e-07 6.0419761104e-03 -6.0417246151e-03 -5.9700091460e-14 -2.5149518543e-07 -4.1219977975e-14
d  8.3194685311e-03 5.8236276806e+00 -2.0000000000e-01 2.5556202798e+00 3.0000000000e+02 -6.5115108137e-03 5.8822773153e-14 2.5556202798e-07 6.5115108137e-03 -6.5112552515e-03 -5.8802773152e-14 -2.5556203206e-07 -4.0761475955e-14
d  8.5577886941e-03 5.9904517864e+00 -2.0000000000e-01 2.6009954267e+00 3.0000000000e+02 -7.0367803422e-03 5.7577381151e-14 2.6009954267e-07 7.0367803422e-03 -7.0365202426e-03 -5.7557381151e-14 -2.6009954828e-07 -4.0092866515e-14
d  8.5714290000e-03 6.0000000000e+00 -2.0000000000e-01 2.6034958916e+00 3.0000000000e+02 -7.0657638152e-03 5.7686680999e-14 2.6034958916e-07 7.0657638152e-03 -7.0655034655e-03 -5.7666680998e-14 -2.6034959178e-07 -4.0114553963e-14
d  8.5877973671e-03 5.9885421463e+00 -2.0000000000e-01 2.6004942184e+00 3.0000000000e+02 -7.0309705284e-03 -1.2063139228e-13 2.6004942184e-07 7.0309705284e-03 -7.0307104792e-03 1.2065139228e-13 -2.6004941926e-07 8.3918456838e-14
d  8.6074394075e-03 5.9747927219e+00 -2.0000000000e-01 2.5968736989e+00 3.0000000000e+02 -6.9890111786e-03 -5.7799482328e-14 2.5968736989e-07 6.9890111786e-03 -6.9887514913e-03 5.7819482326e-14 -2.5968736676e-07 4.0203826400e-14
d  8.6310098561e-03 5.9582934126e+00 -2.0000000000e-01 2.5925016931e+00 3.0000000000e+02 -6.9383549878e-03 -5.7904660493e-14 2.5925016931e-07 6.9383549878e-03 -6.9380957377e-03 5.7924660491e-14 -2.5925016551e-07 4.0263928509e-14
d  8.6592943944e-03 5.9384942414e+00 -2.0000000000e-01 2.5872163568e+00 3.0000000000e+02 -6.8771152156e-03 -5.8025223171e-14 2.5872163568e-07 6.8771152156e-03 -6.8768564941e-03 5.8045223170e-14 -2.5872163108e-07 4.0333814004e-14
d  8.6932358403e-03 5.9147352360e+00 -2.0000000000e-01 2.5808143409e+00 3.0000000000e+02 -6.8029651919e-03 -5.8193183990e-14 2.5808143409e-07 6.8029651919e-03 -6.8027071106e-03 5.8213183989e-14 -2.5808142855e-07 4.0426277538e-14
d  8.7339655754e-03 5.8862244295e+00 -2.0000000000e-01 2.5730419318e+00 3.0000000000e+02 -6.7130044834e-03 -5.8409440204e-14 2.5730419318e-07 6.7130044834e-03 -6.7127471793e-03 5.8429440203e-14 -2.5730419101e-07 4.0542281071e-14
d  8.7828412575e-03 5.8520114616e+00 -2.0000000000e-01 2.5635825492e+00 3.0000000000e+02 -6.6035754095e-03 -5.8678187459e-14 2.5635825492e-07 6.6035754095e-03 -6.6033190514e-03 5.8698187459e-14 -2.5635825232e-07 4.0683295679e-14
d  8.8414920761e-03 5.8109559003e+00 -2.0000000000e-01 2.5520309458e+00 3.0000000000e+02 -6.4700164152e-03 -5.9033239981e-14 2.5520309458e-07 6.4700164152e-03 -6.4697612122e-03 5.9053239981e-14 -2.5520309150e-07 4.0863675220e-14
d  8.9118730584e-03 5.7616892266e+00 -2.0000000000e-01 2.5378597208e+00 3.0000000000e+02 -6.3063128658e-03 -5.9513030466e-14 2.5378597208e-07 6.3063128658e-03 -6.3060590799e-03 5.9533030466e-14 -2.5378596846e-07 4.1098577255e-14
d  8.9963302371e-03 5.7025692183e+00 -2.0000000000e-01 2.5203751411e+00 3.0000000000e+02 -6.1045137030e-03 -6.0159145544e-14 2.5203751411e-07 6.1045137030e-03 -6.1042616656e-03 6.0179145543e-14 -2.5203750993e-07 4.1403539131e-14
d  9.0976788516e-03 5.6316252082e+00 -2.0000000000e-01 2.4986359060e+00 3.0000000000e+02 -5.8539046537e-03 -6.1057192932e-14 2.4986359060e-07 5.8539046537e-03 -5.8536547902e-03 6.1077192932e-14 -2.4986358588e-07 4.1810343949e-14
d  9.2192971890e-03 5.5464923962e+00 -2.0000000000e-01 2.4713430179e+00 3.0000000000e+02 -5.5395239769e-03 -6.2302897954e-14 2.4713430179e-07 5.5395239769e-03 -5.5392768427e-03 6.2322897954e-14 -2.4713429663e-07 4.2353395857e-14
d  9.3652391938e-03 5.4443330218e+00 -2.0000000000e-01 2.4345766650e+00 3.0000000000e+02 -5.1528378715e-03 -6.6653114355e-14 2.4345766650e-07 5.1528378715e-03 -5.1525944140e-03 6.6673114355e-14 -2.4345766207e-07 4.4175149687e-14
d  9.5403695997e-03 5.3217417724e+00 -2.0000000000e-01 2.3862037022e+00 3.0000000000e+02 -4.6628525546e-03 -6.9318980523e-14 2.3862037022e-07 4.6628525546e-03 -4.6626139344e-03 6.9338980523e-14 -2.3862036579e-07 4.5272086519e-14
d  9.7505260866e-03 5.1746322732e+00 -2.0000000000e-01 2.3222774677e+00 3.0000000000e+02 -4.0281693484e-03 -7.2980864171e-14 2.3222774677e-07 4.0281693484e-03 -4.0279371208e-03 7.3000864170e-14 -2.3222773200e-07 4.6731392289e-14
d  1.0000000000e-02 5.0000005833e+00 -2.0000000000e-01 2.2366918753e+00 3.0000000000e+02 -3.2122788039e-03 -7.8546825504e-14 2.2366918753e-07 3.2122788039e-03 -3.2120551348e-03 7.8566825504e-14 -2.2366916744e-07 4.8903232349e-14
d  1.0299368696e-02 4.7904425555e+00 -2.0000000000e-01 2.1200388508e+00 3.0000000000e+02 -2.2136291092e-03 -8.4448354796e-14 2.1200388508e-07 2.2136291092e-03 -2.2134171054e-03 8.4468354796e-14 -2.1200388167e-07 5.1315679356e-14
d  1.0658611131e-02 4.5389729221e+00 -2.0000000000e-01 1.9604365736e+00 3.0000000000e+02 -1.1983247970e-03 -8.9944254923e-14 1.9604365648e-07 1.1983248298e-03 -1.1981287403e-03 8.9964255899e-14 -1.9608964935e-07 5.3967638166e-14
d  1.0926758449e-02 4.3512698527e+00 -2.0000000000e-01 1.8319048752e+00 3.0000000000e+02 -7.1786276419e-04 -9.0367353700e-14 1.8319048744e-07 7.1786276688e-04 -7.1767957274e-04 9.0387353894e-14 -1.8319428357e-07 5.4794808238e-14
d  1.1073448647e-02 4.2485867436e+00 -2.0000000000e-01 1.7632981715e+00 3.0000000000e+02 -5.5411534065e-04 -8.5473374176e-14 1.7632981707e-07 5.5411534259e-04 -5.5393901008e-04 8.5493374573e-14 -1.7633265083e-07 5.3308830869e-14
d  1.1195809700e-02 4.1629340304e+00 -2.0000000000e-01 1.7087203122e+00 3.0000000000e+02 -4.5280611839e-04 -8.1490780891e-14 1.7087203119e-07 4.5280611914e-04 -4.5263524609e-04 8.1510781198e-14 -1.7087318900e-07 5.1975873471e-14
d  1.1342642964e-02 4.0601507745e+00 -2.0000000000e-01 1.6461529997e+00 3.0000000000e+02 -3.5953247946e-04 -7.8499323938e-14 1.6461529991e-07 3.5953248039e-04 -3.5936786374e-04 7.8519324424e-14 -1.6461678054e-07 5.0959514311e-14
d  1.1428570000e-02 4.0000018667e+00 -2.0000000000e-01 1.6106206795e+00 3.0000000000e+02 -3.1533591022e-04 -7.7673825326e-14 1.6106206795e-07 3.1533591031e-04 -3.1517484822e-04 7.7693825418e-14 -1.6106222317e-07 5.0660173173e-14
d  1.1531682443e-02 3.9278231773e+00 -2.0000000000e-01 1.5690931673e+00 3.0000000000e+02 -2.7002028080e-04 -7.6108841409e-14 1.5690931673e-07 2.7002028081e-04 -2.6986337160e-04 7.6128841417e-14 -1.5690932897e-07 5.0083517701e-14
d  1.1655417374e-02 3.8412087500e+00 -2.0000000000e-01 1.5207989814e+00 3.0000000000e+02 -2.2457597640e-04 -7.4432105925e-14 1.5207989812e-07 2.2457597652e-04 -2.2442389653e-04 7.4452106080e-14 -1.5208011642e-07 4.9446692702e-14
d  1.1803899291e-02 3.7372714372e+00 -2.0000000000e-01 1.4649500342e+00 3.0000000000e+02 -1.8014807156e-04 -7.2619806040e-14 1.4649500340e-07 1.8014807173e-04 -1.8000157653e-04 7.2639806279e-14 -1.4649531667e-07 4.8729714266e-14
d  1.1982077592e-02 3.6125466619e+00 -2.0000000000e-01 1.4010736201e+00 3.0000000000e+02 -1.3806758449e-04 -7.0333486641e-14 1.4010736201e-07 1.3806758451e-04 -1.3792747723e-04 7.0353486677e-14 -1.4010740422e-07 4.7804146158e-14
d  1.2142860000e-02 3.4999990083e+00 -2.0000000000e-01 1.3456706583e+00 3.0000000000e+02 -1.0790168372e-04 -6.9328590533e-14 1.3456706583e-07 1.0790168373e-04 -1.0776711676e-04 6.9348590556e-14 -1.3456708688e-07 4.7307192839e-14
d  1.2335798889e-02 3.3649418240e+00 -2.0000000000e-01 1.2816892178e+00 3.0000000000e+02 -7.9129401298e-05 -6.8184753066e-14 1.2816892178e-07 7.9129401315e-05 -7.9001232471e-05 6.8204753113e-14 -1.2816895936e-07 4.6699194774e-14
d  1.2567325557e-02 3.2028732029e+00 -2.0000000000e-01 1.2079432918e+00 3.0000000000e+02 -5.2859950136e-05 -6.7394716191e-14 1.2079432918e-07 5.2859950145e-05 -5.2739155909e-05 6.7414716219e-14 -1.2079434901e-07 4.6131185706e-14
d  1.2845157557e-02 3.0083908575e+00 -2.0000000000e-01 1.1220671242e+00 3.0000000000e+02 -3.0296438931e-05 -6.8000283958e-14 1.1220671242e-07 3.0296438934e-05 -3.0184232328e-05 6.8020283972e-14 -1.1220672036e-07 4.5895961328e-14
d  1.2857140000e-02 3.0000031500e+00 -2.0000000000e-01 1.1183991016e+00 3.0000000000e+02 -2.9504711351e-05 -6.8541854850e-14 1.1183991014e-07 2.9504711388e-05 -2.9392871509e-05 6.8561857146e-14 -1.1183999325e-07 4.6016566672e-14
d  1.2871518931e-02 2.9899379010e+00 -2.0000000000e-01 1.1140008003e+00 3.0000000000e+02 -2.8572775219e-05 -6.8622351363e-14 1.1140008001e-07 2.8572775262e-05 -2.8461375199e-05 6.8642354788e-14 -1.1140017810e-07 4.6013859179e-14
d  1.2888773649e-02 2.9778596022e+00 -2.0000000000e-01 1.1087269172e+00 3.0000000000e+02 -2.7480138248e-05 -6.8723769560e-14 1.1087269168e-07 2.7480138305e-05 -2.7369265599e-05 6.8743773428e-14 -1.1087282126e-07 4.6012549136e-14
d  1.2909479310e-02 2.9633656436e+00 -2.0000000000e-01 1.1024035154e+00 3.0000000000e+02 -2.6205381950e-05 -6.8852764660e-14 1.1024035150e-07 2.6205382016e-05 -2.6095141630e-05 6.8872768493e-14 -1.1024050084e-07 4.6012432378e-14
d  1.2934326103e-02 2.9459728933e+00 -2.0000000000e-01 1.0948212351e+00 3.0000000000e+02 -2.4726950809e-05 -6.9029303936e-14 1.0948212351e-07 2.4726950809e-05 -2.4617468800e-05 6.9049303943e-14 -1.0948212390e-07 4.6017451250e-14
d  1.2964142255e-02 2.9251015929e+00 -2.0000000000e-01 1.0857269165e+00 3.0000000000e+02 -2.3024657456e-05 -6.9277818241e-14 1.0857269166e-07 2.3024657453e-05 -2.2916084884e-05 6.9297818103e-14 -1.0857268464e-07 4.6032473542e-14
d  1.2999921637e-02 2.9000560325e+00 -2.0000000000e-01 1.0748120674e+00 3.0000000000e+02 -2.1082061009e-05 -6.9635097207e-14 1.0748120675e-07 2.1082060992e-05 -2.0974579938e-05 6.9655096583e-14 -1.0748117036e-07 4.6065391113e-14
d  1.3042856896e-02 2.8700013600e+00 -2.0000000000e-01 1.0617076470e+00 3.0000000000e+02 -1.8891413988e-05 -7.0091647086e-14 1.0617076469e-07 1.8891414004e-05 -1.8785243317e-05 7.0111647675e-14 -1.0617080343e-07 4.6107839535e-14
d  1.3094379206e-02 2.8339357529e+00 -2.0000000000e-01 1.0459738145e+00 3.0000000000e+02 -1.6458258389e-05 -7.0674701218e-14 1.0459738145e-07 1.6458258390e-05 -1.6353661122e-05 7.0694701255e-14 -1.0459738422e-07 4.6157167255e-14
d  1.3156205978e-02 2.7906570245e+00 -2.0000000000e-01 1.0270564176e+00 3.0000000000e+02 -1.3807781557e-05 -7.1545118673e-14 1.0270564176e-07 1.3807781558e-05 -1.3705076031e-05 7.1565118709e-14 -1.0270564466e-07 4.6251996175e-14
d  1.3230398105e-02 2.7387225504e+00 -2.0000000000e-01 1.0042691572e+00 3.0000000000e+02 -1.0997232977e-05 -7.2789909876e-14 1.0042691572e-07 1.0997232978e-05 -1.0896806179e-05 7.2809909910e-14 -1.0042691858e-07 4.6396878255e-14
d  1.3319428657e-02 2.6764011814e+00 -2.0000000000e-01 9.7675793070e-01 3.0000000000e+02 -8.1309181262e-06 -7.4581658836e-14 9.7675793070e-08 8.1309181266e-06 -8.0332424531e-06 7.4601658855e-14 -9.7675794688e-08 4.6606965492e-14
d  1.3426265320e-02 2.6016155387e+00 -2.0000000000e-01 9.4342642598e-01 3.0000000000e+02 -5.3773958235e-06 -7.7267582164e-14 9.4342642577e-08 5.3773958363e-06 -5.2830532887e-06 7.7287582553e-14 -9.4342671801e-08 4.6923560261e-14
d  1.3554469316e-02 2.5118727675e+00 -2.0000000000e-01 9.0284787549e-01 3.0000000000e+02 -2.9861665982e-06 -8.1317687986e-14 9.0284787274e-08 2.9861667180e-06 -2.8958817953e-06 8.1337692340e-14 -9.0285051414e-08 4.7390641109e-14
d  1.3571430000e-02 2.5000002917e+00 -2.0000000000e-01 8.9742634936e-01 3.0000000000e+02 -2.7388245112e-06 -8.2165747209e-14 8.9742634936e-08 2.7388245111e-06 -2.6490820055e-06 8.2185747234e-14 -8.9742635292e-08 4.7481323462e-14
d  1.3591782821e-02 2.4857533207e+00 -2.0000000000e-01 8.9090317289e-01 3.0000000000e+02 -2.4618848736e-06 -8.2919918418e-14 8.9090317290e-08 2.4618848730e-06 -2.3727946870e-06 8.2939918319e-14 -8.9090316546e-08 4.7564912554e-14
d  1.3616206207e-02 2.4686569556e+00 -2.0000000000e-01 8.8304988189e-01 3.0000000000e+02 -2.1572666605e-06 -8.3826327932e-14 8.8304988193e-08 2.1572666589e-06 -2.0689618052e-06 8.3846327591e-14 -8.8304985161e-08 4.7665541894e-14
d  1.3645514270e-02 2.4481413174e+00 -2.0000000000e-01 8.7358859106e-01 3.0000000000e+02 -1.8299262959e-06 -8.4936722949e-14 8.7358859117e-08 1.8299262924e-06 -1.7425675730e-06 8.4956722219e-14 -8.7358852111e-08 4.7788341383e-14
d  1.3680683945e-02 2.4235225517e+00 -2.0000000000e-01 8.6217985947e-01 3.0000000000e+02 -1.4889135866e-06 -8.6295757006e-14 8.6217985978e-08 1.4889135780e-06 -1.4026957443e-06 8.6315755179e-14 -8.6217967918e-08 4.7939084316e-14
d  1.3722887556e-02 2.3939800327e+00 -2.0000000000e-01 8.4840583139e-01 3.0000000000e+02 -1.1481722648e-06 -8.7960712717e-14 8.4840583193e-08 1.1481722528e-06 -1.0633318310e-06 8.7980710095e-14 -8.4840557892e-08 4.8127167620e-14
d  1.3773531888e-02 2.3585290100e+00 -2.0000000000e-01 8.3174588623e-01 3.0000000000e+02 -8.2643971880e-07 -9.0002520527e-14 8.3174588806e-08 8.2643968735e-07 -7.4326530356e-07 9.0022512967e-14 -8.3174522181e-08 4.8367284721e-14
d  1.3834305087e-02 2.3159877827e+00 -2.0000000000e-01 8.1152910269e-01 3.0000000000e+02 -5.4508153369e-07 -9.2581863725e-14 8.1152910228e-08 5.4508153841e-07 -4.6392875890e-07 9.2601865160e-14 -8.1152920813e-08 4.8697789997e-14
d  1.3907232926e-02 2.2649383100e+00 -2.0000000000e-01 7.8683296645e-01 3.0000000000e+02 -3.2297104504e-07 -9.6187435914e-14 7.8683294376e-08 3.2297122088e-07 -2.4428769776e-07 9.6207506227e-14 -7.8683668542e-08 4.9213401841e-14
d  1.3950989629e-02 2.2343086263e+00 -2.0000000000e-01 7.7171741220e-01 3.0000000000e+02 -2.3398595355e-07 -9.9305605714e-14 7.7171736291e-08 2.3398624182e-07 -1.5681403093e-07 9.9325850301e-14 -7.7172359876e-08 4.9653982920e-14
d  1.3977243651e-02 2.2159308162e+00 -2.0000000000e-01 7.6253850971e-01 3.0000000000e+02 -1.9241435527e-07 -1.0205967927e-13 7.6253855346e-08 1.9241413969e-07 -1.1616091291e-07 1.0207928704e-13 -7.6253378804e-08 4.9946795453e-14
d  1.4008748478e-02 2.1938774439e+00 -2.0000000000e-01 7.5146634874e-01 3.0000000000e+02 -1.5167308384e-07 -1.0658444266e-13 7.5146638613e-08 1.5167293470e-07 -7.6526798192e-08 1.0660407485e-13 -7.5146293369e-08 5.0254644757e-14
d  1.4027651374e-02 2.1806454206e+00 -2.0000000000e-01 7.4483935768e-01 3.0000000000e+02 -1.3111774850e-07 -1.1143127164e-13 7.4483936891e-08 1.3111770902e-07 -5.6634026615e-08 1.1145108641e-13 -7.4483844287e-08 5.0429925240e-14
d  1.4050334849e-02 2.1647669926e+00 -2.0000000000e-01 7.3688810398e-01 3.0000000000e+02 -1.0982080972e-07 -1.2064676411e-13 7.3688810997e-08 1.0982079164e-07 -3.6132190763e-08 1.2066666433e-13 -7.3688772501e-08 5.0955569385e-14
d  1.4063944934e-02 2.1552399358e+00 -2.0000000000e-01 7.3195621053e-01 3.0000000000e+02 -9.9060969701e-08 -1.2980269263e-13 7.3195619602e-08 9.9061008980e-08 -2.5865499027e-08 1.2982302420e-13 -7.3195691958e-08 5.2181731540e-14
d  1.4080277036e-02 2.1438074677e+00 -2.0000000000e-01 7.2560236395e-01 3.0000000000e+02 -8.8542204612e-08 -1.4277483985e-13 7.2560237817e-08 8.8542169410e-08 -1.5982181768e-08 1.4279456388e-13 -7.2560184956e-08 5.4520118531e-14
d  1.4090076297e-02 2.1369479868e+00 -2.0000000000e-01 7.2162769284e-01 3.0000000000e+02 -8.3128182267e-08 -1.6049665326e-13 7.2162768028e-08 8.3128211254e-08 -1.0965617965e-08 1.6051703873e-13 -7.2162809686e-08 5.5879063097e-14
d  1.4095955854e-02 2.1328322982e+00 -2.0000000000e-01 7.1935565229e-01 3.0000000000e+02 -7.9769817187e-08 -1.9807092181e-13 7.1935564262e-08 7.9769838642e-08 -7.8344987361e-09 1.9809149342e-13 -7.1935594565e-08 5.6569905899e-14
d  1.4097719721e-02 2.1315975917e+00 -2.0000000000e-01 7.1872615157e-01 3.0000000000e+02 -7.8668451366e-08 -2.3467883805e-13 7.1872614133e-08 7.8668473747e-08 -6.7961226552e-09 2.3470033791e-13 -7.1872643145e-08 5.7358947395e-14
d  1.4098778041e-02 2.1308567677e+00 -2.0000000000e-01 7.1837561738e-01 3.0000000000e+02 -7.7953024792e-08 -2.6951878122e-13 7.1837560836e-08 7.7953044224e-08 -6.1157873463e-09 2.6954078921e-13 -7.1837584486e-08 5.8079433317e-14
d  1.4100048025e-02 2.1299677790e+00 -2.0000000000e-01 7.1800765300e-01 3.0000000000e+02 -7.6984692817e-08 -3.3629215245e-13 7.1800764579e-08 7.6984708155e-08 -5.1843208259e-09 3.3631370487e-13 -7.1800783099e-08 5.9466662783e-14
d  1.4100810016e-02 2.1294343858e+00 -2.0000000000e-01 7.1782093119e-01 3.0000000000e+02 -7.6333348031e-08 -4.0289374419e-13 7.1782094412e-08 7.6333320256e-08 -4.5517215958e-09 4.0291024412e-13 -7.1782063090e-08 6.1533167664e-14
d  1.4101267210e-02 2.1291143498e+00 -2.0000000000e-01 7.1772233487e-01 3.0000000000e+02 -7.5915224924e-08 -4.5830226448e-13 7.1772233678e-08 7.5915220683e-08 -4.1435134063e-09 4.5832154100e-13 -7.1772229297e-08 6.3640718379e-14
d  1.4101541526e-02 2.1289223283e+00 -2.0000000000e-01 7.1766829677e-01 3.0000000000e+02 -7.5654061119e-08 -4.9887133917e-13 7.1766829547e-08 7.5654063615e-08 -3.8877952438e-09 4.9889207022e-13 -7.1766832565e-08 6.5298811359e-14
d  1.4101870706e-02 2.1286919024e+00 -2.0000000000e-01 7.1760935158e-01 3.0000000000e+02 -7.5328814409e-08 -5.5603722059e-13 7.1760935268e-08 7.5328811927e-08 -3.5685027191e-09 5.5605664349e-13 -7.1760932876e-08 6.7634162324e-14
d  1.4102068214e-02 2.1285536469e+00 -2.0000000000e-01 7.1757684622e-01 3.0000000000e+02 -7.5127968898e-08 -5.9584041246e-13 7.1757684659e-08 7.5127967925e-08 -3.3709493463e-09 5.9586013866e-13 -7.1757683912e-08 6.9451560325e-14
d  1.4102305224e-02 2.1283877402e+00 -2.0000000000e-01 7.1754061202e-01 3.0000000000e+02 -7.4881530555e-08 -6.4946900948e-13 7.1754061513e-08 7.4881524004e-08 -3.1281906766e-09 6.4948686355e-13 -7.1754054763e-08 7.1944047071e-14
d  1.4102589635e-02 2.1281886523e+00 -2.0000000000e-01 7.1750069696e-01 3.0000000000e+02 -7.4578964046e-08 -7.2320355804e-13 7.1750069891e-08 7.4578959840e-08 -2.8296930447e-09 7.2322241583e-13 -7.1750065669e-08 7.5570334297e-14
d  1.4102760282e-02 2.1280691995e+00 -2.0000000000e-01 7.1747798433e-01 3.0000000000e+02 -7.4395194956e-08 -7.7304943017e-13 7.1747798491e-08 7.4395193582e-08 -2.6482476502e-09 7.7306895210e-13 -7.1747797320e-08 7.8273224855e-14
d  1.4102965058e-02 2.1279258562e+00 -2.0000000000e-01 7.1745145548e-01 3.0000000000e+02 -7.4173604926e-08 -8.3779426942e-13 7.1745145612e-08 7.4173603425e-08 -2.4293788132e-09 8.3781377214e-13 -7.1745144307e-08 8.1843200617e-14
d  1.4103210790e-02 2.1277538442e+00 -2.0000000000e-01 7.1741968367e-01 3.0000000000e+02 -7.3908262267e-08 -9.2253117970e-13 7.1741968419e-08 7.3908260992e-08 -2.1673029672e-09 9.2255083583e-13 -7.1741967357e-08 8.6749030229e-14
d  1.4103358229e-02 2.1276506370e+00 -2.0000000000e-01 7.1739992416e-01 3.0000000000e+02 -7.3750877967e-08 -9.7683257282e-13 7.1739992412e-08 7.3750877832e-08 -2.0119522984e-09 9.7685260935e-13 -7.1739992566e-08 9.0147295519e-14
d  1.4103535156e-02 2.1275267883e+00 -2.0000000000e-01 7.1737487596e-01 3.0000000000e+02 -7.3565240777e-08 -1.0439455978e-12 7.1737487572e-08 7.3565241037e-08 -1.8288912782e-09 1.0439658068e-12 -7.1737488146e-08 9.4426297853e-14
d  1.4103747468e-02 2.1273781700e+00 -2.0000000000e-01 7.1734184408e-01 3.0000000000e+02 -7.3349314714e-08 -1.1254343663e-12 7.1734184408e-08 7.3349314501e-08 -1.6163554689e-09 1.1254543664e-12 -7.1734184480e-08 9.9872991105e-14
d  1.4104002242e-02 2.1271998279e+00 -2.0000000000e-01 7.1729595856e-01 3.0000000000e+02 -7.3104153379e-08 -1.2203013971e-12 7.1729595857e-08 7.3104153135e-08 -1.3758842025e-09 1.2203213874e-12 -7.1729595896e-08 1.0666518047e-13
d  1.4104307971e-02 2.1269858175e+00 -2.0000000000e-01 7.1722864992e-01 3.0000000000e+02 -7.2836813660e-08 -1.3182928541e-12 7.1722864996e-08 7.2836813381e-08 -1.1153811780e-09 1.3183128371e-12 -7.1722864997e-08 1.1447641900e-13
d  1.4104674846e-02 2.1267290050e+00 -2.0000000000e-01 7.1712609946e-01 3.0000000000e+02 -7.2563206444e-08 -1.3936397302e-12 7.1712609955e-08 7.2563206057e-08 -8.5211186858e-10 1.3936596938e-12 -7.1712609843e-08 1.2198822458e-13
d  1.4105115097e-02 2.1264208299e+00 -2.0000000000e-01 7.1696978175e-01 3.0000000000e+02 -7.2306454655e-08 -1.4066218269e-12 7.1696978175e-08 7.2306454440e-08 -6.1100949214e-10 1.4066418266e-12 -7.1696978245e-08 1.2663089516e-13
d  1.4105643397e-02 2.1260510199e+00 -2.0000000000e-01 7.1674104881e-01 3.0000000000e+02 -7.2086631548e-08 -1.3357001220e-12 7.1674104879e-08 7.2086631382e-08 -4.1398838136e-10 1.3357201284e-12 -7.1674105000e-08 1.2627958664e-13
d  1.4106277357e-02 2.1256072478e+00 -2.0000000000e-01 7.1642585141e-01 3.0000000000e+02 -7.1910045325e-08 -1.2038321043e-12 7.1642585141e-08 7.1910045114e-08 -2.6878520327e-10 1.2038521044e-12 -7.1642585214e-08 1.2143997867e-13
d  1.4107038109e-02 2.1250747213e+00 -2.0000000000e-01 7.1601400054e-01 3.0000000000e+02 -7.1769998977e-08 -1.0489512270e-12 7.1601400052e-08 7.1769998799e-08 -1.6976182082e-10 1.0489712301e-12 -7.1601400159e-08 1.1419716444e-13
d  1.4107951012e-02 2.1244356896e+00 -2.0000000000e-01 7.1549529037e-01 3.0000000000e+02 -7.1654215043e-08 -8.9526057885e-13 7.1549529023e-08 7.1654215126e-08 -1.0568725998e-10 8.9528060130e-13 -7.1549529404e-08 1.0625978901e-13
d  1.4109046495e-02 2.1236688515e+00 -2.0000000000e-01 7.1485644170e-01 3.0000000000e+02 -7.1550305783e-08 -7.5586608101e-13 7.1485644166e-08 7.1550305647e-08 -6.5515929541e-11 7.5588608582e-13 -7.1485644318e-08 9.8693448869e-14
d  1.4110361075e-02 2.1227486457e+00 -2.0000000000e-01 7.1407944675e-01 3.0000000000e+02 -7.1447946347e-08 -6.3571585918e-13 7.1407944674e-08 7.1447946159e-08 -4.0729111778e-11 6.3573586047e-13 -7.1407944771e-08 9.1988106059e-14
d  1.4111938571e-02 2.1216443988e+00 -2.0000000000e-01 7.1314074796e-01 3.0000000000e+02 -7.1338961793e-08 -5.3527637778e-13 7.1314074795e-08 7.1338961592e-08 -2.5508296530e-11 5.3529637825e-13 -7.1314074878e-08 8.6285943847e-14
d  1.4113831567e-02 2.1203193026e+00 -2.0000000000e-01 7.1201064247e-01 3.0000000000e+02 -7.1216665322e-08 -4.5297550686e-13 7.1201064248e-08 7.1216665102e-08 -1.6135345361e-11 4.5299550658e-13 -7.1201064311e-08 8.1557955905e-14
d  1.4116103161e-02 2.1187291871e+00 -2.0000000000e-01 7.1065255139e-01 3.0000000000e+02 -7.1075114337e-08 -3.8599388455e-13 7.1065255139e-08 7.1075114133e-08 -1.0322606733e-11 3.8601388478e-13 -7.1065255218e-08 7.7674187556e-14
d  1.4118829074e-02 2.1168210484e+00 -2.0000000000e-01 7.0902202965e-01 3.0000000000e+02 -7.0908482635e-08 -3.3146217755e-13 7.0902202965e-08 7.0908482429e-08 -6.6853551048e-12 3.3148217771e-13 -7.0902203042e-08 7.4486274973e-14
d  1.4122100170e-02 2.1145312821e+00 -2.0000000000e-01 7.0706546276e-01 3.0000000000e+02 -7.0710574133e-08 -2.8705445953e-13 7.0706546276e-08 7.0710573936e-08 -4.3865190336e-12 2.8707445983e-13 -7.0706546362e-08 7.1869527984e-14
d  1.4126025485e-02 2.1117835625e+00 -2.0000000000e-01 7.0471842302e-01 3.0000000000e+02 -7.0474438479e-08 -2.5110840780e-13 7.0471842301e-08 7.0474438284e-08 -2.9167589491e-12 2.5112840808e-13 -7.0471842388e-08 6.9734017295e-14
d  1.4130735862e-02 2.1084862989e+00 -2.0000000000e-01 7.0190365503e-01 3.0000000000e+02 -7.0192040890e-08 -2.2210172363e-13 7.0190365457e-08 7.0192041587e-08 -1.9652233409e-12 2.2212173685e-13 -7.0190366481e-08 6.7995208208e-14
d  1.4136388316e-02 2.1045295827e+00 -2.0000000000e-01 6.9852865278e-01 3.0000000000e+02 -6.9853941068e-08 -1.9876731889e-13 6.9852865221e-08 6.9853942001e-08 -1.3408796691e-12 1.9878733281e-13 -6.9852866492e-08 6.6581607591e-14
d  1.4143171260e-02 2.0997815232e+00 -2.0000000000e-01 6.9448276146e-01 3.0000000000e+02 -6.9448956596e-08 -1.8000069986e-13 6.9448276088e-08 6.9448957551e-08 -9.2562055334e-13 1.8002071172e-13 -6.9448277381e-08 6.5429926014e-14
d  1.4151310793e-02 2.0940838518e+00 -2.0000000000e-01 6.8963378230e-01 3.0000000000e+02 -6.8963794930e-08 -1.6486296955e-13 6.8963378161e-08 6.8963796079e-08 -6.4578916850e-13 1.6488298112e-13 -6.8963379658e-08 6.4485144910e-14
d  1.4161078232e-02 2.0872466461e+00 -2.0000000000e-01 6.8382392986e-01 3.0000000000e+02 -6.8382631677e-08 -1.5264040669e-13 6.8382392986e-08 6.8382631471e-08 -4.5478032020e-13 1.5266040671e-13 -6.8382393058e-08 6.3705081315e-14
d  1.4172799159e-02 2.0790419993e+00 -2.0000000000e-01 6.7686516054e-01 3.0000000000e+02 -6.7686633257e-08 -1.4276093918e-13 6.7686516053e-08 6.7686633072e-08 -3.2276299738e-13 1.4278093932e-13 -6.7686516145e-08 6.3054966469e-14
d  1.4179831716e-02 2.0741192113e+00 -2.0000000000e-01 6.7269683190e-01 3.0000000000e+02 -6.7269753317e-08 -1.3840594974e-13 6.7269683138e-08 6.7269754101e-08 -2.7103834463e-13 1.3842595868e-13 -6.7269684248e-08 6.2757332892e-14
d  1.4188270783e-02 2.0682118656e+00 -2.0000000000e-01 6.6770176430e-01 3.0000000000e+02 -6.6770204746e-08 -1.3420301256e-13 6.6770176426e-08 6.6770204605e-08 -2.2472874419e-13 1.3422301312e-13 -6.6770176562e-08 6.2463654011e-14
d  1.4198397665e-02 2.0611230507e+00 -2.0000000000e-01 6.6171777464e-01 3.0000000000e+02 -6.6171769229e-08 -1.3017169121e-13 6.6171777464e-08 6.6171769025e-08 -1.8385956637e-13 1.3019169123e-13 -6.6171777533e-08 6.2172254229e-14
d  1.4210549922e-02 2.0526164729e+00 -2.0000000000e-01 6.5455171227e-01 3.0000000000e+02 -6.5455131624e-08 -1.2636446327e-13 6.5455171227e-08 6.5455131419e-08 -1.4839422801e-13 1.2638446327e-13 -6.5455171293e-08 6.1884225618e-14
d  1.4217841277e-02 2.0475125262e+00 -2.0000000000e-01 6.5025986759e-01 3.0000000000e+02 -6.5025932813e-08 -1.2447583830e-13 6.5025986714e-08 6.5025933453e-08 -1.3201409811e-13 1.2449584588e-13 -6.5025987670e-08 6.1734629635e-14
d  1.4226590902e-02 2.0413877902e+00 -2.0000000000e-01 6.4511746050e-01 3.0000000000e+02 -6.4511678021e-08 -1.2250822518e-13 6.4511746050e-08 6.4511677815e-08 -1.1580339018e-13 1.2252822517e-13 -6.4511746113e-08 6.1573311843e-14
d  1.4237090452e-02 2.0340381070e+00 -2.0000000000e-01 6.3895791418e-01 3.0000000000e+02 -6.3895709839e-08 -1.2048017210e-13 6.3895791418e-08 6.3895709641e-08 -1.0005552587e-13 1.2050017214e-13 -6.3895791488e-08 6.1399757065e-14
d  1.4249689913e-02 2.0252184871e+00 -2.0000000000e-01 6.3158302276e-01 3.0000000000e+02 -6.3158207951e-08 -1.1842084639e-13 6.3158302276e-08 6.3158207749e-08 -8.5063632243e-14 1.1844084639e-13 -6.3158302339e-08 6.1213374332e-14
d  1.4257249589e-02 2.0199267152e+00 -2.0000000000e-01 6.2716686512e-01 3.0000000000e+02 -6.2716585936e-08 -1.1733989444e-13 6.2716686468e-08 6.2716586516e-08 -7.7629579791e-14 1.1735990141e-13 -6.2716687357e-08 6.1110302197e-14
d  1.4266321201e-02 2.0135765889e+00 -2.0000000000e-01 6.2187626848e-01 3.0000000000e+02 -6.2187519843e-08 -1.1616665580e-13 6.2187626848e-08 6.2187519643e-08 -6.9913533073e-14 1.1618665580e-13 -6.2187626911e-08 6.0994008574e-14
d  1.4277207135e-02 2.0059564373e+00 -2.0000000000e-01 6.1554031572e-01 3.0000000000e+02 -6.1553918079e-08 -1.1491223368e-13 6.1554031571e-08 6.1553917891e-08 -6.2040809917e-14 1.1493223377e-13 -6.1554031645e-08 6.0863579196e-14
d  1.4285710000e-02 2.0000044333e+00 -2.0000000000e-01 6.1060119458e-01 3.0000000000e+02 -6.1060001654e-08 -1.1402419657e-13 6.1060119458e-08 6.1060001454e-08 -5.6746075570e-14 1.1404419657e-13 -6.1060119519e-08 6.0766537551e-14
d  1.4295913438e-02 1.9928620285e+00 -2.0000000000e-01 6.0468574315e-01 3.0000000000e+02 -6.0468452044e-08 -1.1305191402e-13 6.0468574315e-08 6.0468451849e-08 -5.1196790896e-14 1.1307191405e-13 -6.0468574379e-08 6.0655430346e-14
d  1.4308157564e-02 1.9842911428e+00 -2.0000000000e-01 5.9760394414e-01 3.0000000000e+02 -5.9760267610e-08 -1.1199478307e-13 5.9760394414e-08 5.9760267412e-08 -4.5481380832e-14 1.1201478307e-13 -5.9760394474e-08 6.0528149846e-14
d  1.4315504040e-02 1.9791486113e+00 -2.0000000000e-01 5.9336372171e-01 3.0000000000e+02 -5.9336243009e-08 -1.1140986156e-13 5.9336372171e-08 5.9336242819e-08 -4.2464035441e-14 1.1142986164e-13 -5.9336372239e-08 6.0454259793e-14
d  1.4324319811e-02 1.9729775736e+00 -2.0000000000e-01 5.8828432277e-01 3.0000000000e+02 -5.8828300584e-08 -1.1075002228e-13 5.8828432277e-08 5.8828300387e-08 -3.9188669295e-14 1.1077002229e-13 -5.8828432337e-08 6.0367873412e-14
d  1.4334898735e-02 1.9655723283e+00 -2.0000000000e-01 5.8220194567e-01 3.0000000000e+02 -5.8220060207e-08 -1.1001159613e-13 5.8220194567e-08 5.8220060021e-08 -3.5683519667e-14 1.1003159621e-13 -5.8220194636e-08 6.0266967609e-14
d  1.4341246090e-02 1.9611291811e+00 -2.0000000000e-01 5.7855933540e-01 3.0000000000e+02 -5.7855797748e-08 -1.0959247085e-13 5.7855933515e-08 5.7855797970e-08 -3.3774167088e-14 1.0961247562e-13 -5.7855934016e-08 6.0207481220e-14
d  1.4348862916e-02 1.9557974045e+00 -2.0000000000e-01 5.7419501208e-01 3.0000000000e+02 -5.7419363844e-08 -1.0911248643e-13 5.7419501205e-08 5.7419363697e-08 -3.1652049397e-14 1.0913248696e-13 -5.7419501314e-08 6.0137304623e-14
d  1.4358003107e-02 1.9493992726e+00 -2.0000000000e-01 5.6896771118e-01 3.0000000000e+02 -5.6896632054e-08 -1.0856303910e-13 5.6896771118e-08 5.6896631860e-08 -2.9322157318e-14 1.0858303911e-13 -5.6896771176e-08 6.0054347670e-14
d  1.4368971337e-02 1.9417215142e+00 -2.0000000000e-01 5.6270931645e-01 3.0000000000e+02 -5.6270790775e-08 -1.0794206299e-13 5.6270931644e-08 5.6270790600e-08 -2.6797525441e-14 1.0796206314e-13 -5.6270931720e-08 5.9956614443e-14
d  1.4375552274e-02 1.9371148592e+00 -2.0000000000e-01 5.5896185616e-01 3.0000000000e+02 -5.5896043769e-08 -1.0758526920e-13 5.5896185592e-08 5.5896043970e-08 -2.5408336302e-14 1.0760527365e-13 -5.5896186066e-08 5.9898603267e-14
d  1.4383449399e-02 1.9315868732e+00 -2.0000000000e-01 5.5447248162e-01 3.0000000000e+02 -5.5447105240e-08 -1.0717329075e-13 5.5447248159e-08 5.5447105104e-08 -2.3852323823e-14 1.0719329136e-13 -5.5447248275e-08 5.9829622066e-14
d  1.4392925949e-02 1.9249532901e+00 -2.0000000000e-01 5.4909624843e-01 3.0000000000e+02 -5.4909480755e-08 -1.0669681180e-13 5.4909624843e-08 5.4909480565e-08 -2.2130313777e-14 1.0671681181e-13 -5.4909624899e-08 5.9747473162e-14
d  1.4404297809e-02 1.9169929902e+00 -2.0000000000e-01 5.4266082078e-01 3.0000000000e+02 -5.4265936749e-08 -1.0615170909e-13 5.4266082078e-08 5.4265936558e-08 -2.0246449378e-14 1.0617170909e-13 -5.4266082132e-08 5.9649720071e-14
d  1.4411120926e-02 1.9122168103e+00 -2.0000000000e-01 5.3880803648e-01 3.0000000000e+02 -5.3880657647e-08 -1.0583599971e-13 5.3880803646e-08 5.3880657490e-08 -1.9201671796e-14 1.0585600009e-13 -5.3880803736e-08 5.9591386817e-14
d  1.4419308665e-02 1.9064853944e+00 -2.0000000000e-01 5.3419313911e-01 3.0000000000e+02 -5.3419167166e-08 -1.0546938873e-13 5.3419313906e-08 5.3419167042e-08 -1.8023422677e-14 1.0548938943e-13 -5.3419314030e-08 5.9522017565e-14
d  1.4429133952e-02 1.8996076954e+00 -2.0000000000e-01 5.2866755766e-01 3.0000000000e+02 -5.2866608222e-08 -1.0504046356e-13 5.2866755766e-08 5.2866608036e-08 -1.6712871566e-14 1.0506046359e-13 -5.2866755823e-08 5.9438712546e-14
d  1.4440924297e-02 1.8913544565e+00 -2.0000000000e-01 5.2205475464e-01 3.0000000000e+02 -5.2205327067e-08 -1.0454656330e-13 5.2205475464e-08 5.2205326879e-08 -1.5267246066e-14 1.0456656331e-13 -5.2205475518e-08 5.9339314355e-14
d  1.4447998503e-02 1.8864025132e+00 -2.0000000000e-01 5.1809653326e-01 3.0000000000e+02 -5.1809504468e-08 -1.0425840465e-13 5.1809653322e-08 5.1809504337e-08 -1.4459768255e-14 1.0427840529e-13 -5.1809653435e-08 5.9279623590e-14
d  1.4456487551e-02 1.8804601812e+00 -2.0000000000e-01 5.1335612354e-01 3.0000000000e+02 -5.1335462987e-08 -1.0392127376e-13 5.1335612349e-08 5.1335462875e-08 -1.3544314509e-14 1.0394127456e-13 -5.1335612481e-08 5.9208250681e-14
d  1.4466674409e-02 1.8733293829e+00 -2.0000000000e-01 5.0768135975e-01 3.0000000000e+02 -5.0767986070e-08 -1.0352350024e-13 5.0768135974e-08 5.0767985890e-08 -1.2523823938e-14 1.0354350030e-13 -5.0768136033e-08 5.9122550821e-14
d  1.4472786524e-02 1.8690509038e+00 -2.0000000000e-01 5.0428374677e-01 3.0000000000e+02 -5.0428224476e-08 -1.0329168169e-13 5.0428374677e-08 5.0428224299e-08 -1.1944278118e-14 1.0331168182e-13 -5.0428374737e-08 5.9071139612e-14
d  1.4480121061e-02 1.8639167290e+00 -2.0000000000e-01 5.0021383901e-01 3.0000000000e+02 -5.0021233371e-08 -1.0301761043e-13 5.0021383898e-08 5.0021233225e-08 -1.1280623739e-14 1.0303761093e-13 -5.0021383991e-08 5.9009511436e-14
d  1.4488922506e-02 1.8577557192e+00 -2.0000000000e-01 4.9534043222e-01 3.0000000000e+02 -4.9533892321e-08 -1.0269996506e-13 4.9534043216e-08 4.9533892222e-08 -1.0520044524e-14 1.0271996596e-13 -4.9534043359e-08 5.8935885617e-14
d  1.4499484240e-02 1.8503625074e+00 -2.0000000000e-01 4.8950756759e-01 3.0000000000e+02 -4.8950605490e-08 -1.0231481608e-13 4.8950756759e-08 4.8950605318e-08 -9.6789509531e-15 1.0233481620e-13 -4.8950756822e-08 5.8846666643e-14
d  1.4505821281e-02 1.8459265804e+00 -2.0000000000e-01 4.8601588528e-01 3.0000000000e+02 -4.8601437054e-08 -1.0209187932e-13 4.8601588526e-08 4.8601436904e-08 -9.1973189022e-15 1.0211187978e-13 -4.8601588612e-08 5.8793188297e-14
d  1.4513425729e-02 1.8406034679e+00 -2.0000000000e-01 4.8183388033e-01 3.0000000000e+02 -4.8183236333e-08 -1.0182731080e-13 4.8183388030e-08 4.8183236194e-08 -8.6444636208e-15 1.0184731136e-13 -4.8183388126e-08 5.8729029779e-14
d  1.4522551068e-02 1.8342157330e+00 -2.0000000000e-01 4.7682710087e-01 3.0000000000e+02 -4.7682558147e-08 -1.0151440751e-13 4.7682710087e-08 4.7682557964e-08 -8.0155043549e-15 1.0153440751e-13 -4.7682710136e-08 5.8651878427e-14
d  1.4533501474e-02 1.8265504510e+00 -2.0000000000e-01 4.7083585297e-01 3.0000000000e+02 -4.7083433107e-08 -1.0114621492e-13 4.7083585296e-08 4.7083432942e-08 -7.3051782396e-15 1.0116621508e-13 -4.7083585362e-08 5.8559101339e-14
d  1.4540071717e-02 1.8219512818e+00 -2.0000000000e-01 4.6725001579e-01 3.0000000000e+02 -4.6724849257e-08 -1.0092717012e-13 4.6725001576e-08 4.6724849114e-08 -6.9006458150e-15 1.0094717063e-13 -4.6725001665e-08 5.8503090194e-14
d  1.4547956009e-02 1.8164322788e+00 -2.0000000000e-01 4.6295589062e-01 3.0000000000e+02 -4.6295436599e-08 -1.0066987219e-13 4.6295589058e-08 4.6295436468e-08 -6.4349850096e-15 1.0068987282e-13 -4.6295589159e-08 5.8436085629e-14
d  1.4557417160e-02 1.8098094752e+00 -2.0000000000e-01 4.5781584352e-01 3.0000000000e+02 -4.5781431745e-08 -1.0036222552e-13 4.5781584351e-08 4.5781431566e-08 -5.9048374750e-15 1.0038222554e-13 -4.5781584399e-08 5.8355106104e-14
d  1.4568770541e-02 1.8018621109e+00 -2.0000000000e-01 4.5166652197e-01 3.0000000000e+02 -4.5166499449e-08 -9.9999925381e-14 4.5166652197e-08 4.5166499275e-08 -5.3040150807e-15 1.0001992544e-13 -4.5166652248e-08 5.8257750789e-14
d  1.4575582569e-02 1.7970936923e+00 -2.0000000000e-01 4.4798681835e-01 3.0000000000e+02 -4.4798529016e-08 -9.9784570134e-14 4.4798681831e-08 4.4798528880e-08 -4.9608283909e-15 9.9804570702e-14 -4.4798681923e-08 5.8198940608e-14
d  1.4583757003e-02 1.7913715900e+00 -2.0000000000e-01 4.4358104260e-01 3.0000000000e+02 -4.4357951371e-08 -9.9529151266e-14 4.4358104256e-08 4.4357951249e-08 -4.5647950460e-15 9.9549151972e-14 -4.4358104362e-08 5.8128299356e-14
d  1.4593566325e-02 1.7845050672e+00 -2.0000000000e-01 4.3830843948e-01 3.0000000000e+02 -4.3830690998e-08 -9.9223704550e-14 4.3830843948e-08 4.3830690823e-08 -4.1144165676e-15 9.9243704586e-14 -4.3830843996e-08 5.8043030610e-14
d  1.4605337510e-02 1.7762652399e+00 -2.0000000000e-01 4.3200209251e-01 3.0000000000e+02 -4.3200056249e-08 -9.8863892342e-14 4.3200209251e-08 4.3200056072e-08 -3.6017805769e-15 9.8883892345e-14 -4.3200209294e-08 5.7940592200e-14
d  1.4612400221e-02 1.7713213435e+00 -2.0000000000e-01 4.2822924206e-01 3.0000000000e+02 -4.2822771185e-08 -9.8650035600e-14 4.2822924203e-08 4.2822771057e-08 -3.3079618160e-15 9.8670036235e-14 -4.2822924298e-08 5.7878746170e-14
d  1.4620875474e-02 1.7653886678e+00 -2.0000000000e-01 4.2371276701e-01 3.0000000000e+02 -4.2371123668e-08 -9.8395767144e-14 4.2371276696e-08 4.2371123554e-08 -2.9677738844e-15 9.8415767923e-14 -4.2371276807e-08 5.7804280297e-14
d  1.4631045778e-02 1.7582694570e+00 -2.0000000000e-01 4.1830888214e-01 3.0000000000e+02 -4.1830735191e-08 -9.8089518027e-14 4.1830888214e-08 4.1830735021e-08 -2.5828142696e-15 9.8109518090e-14 -4.1830888262e-08 5.7714309100e-14
d  1.4637147961e-02 1.7539979305e+00 -2.0000000000e-01 4.1507492319e-01 3.0000000000e+02 -4.1507339306e-08 -9.7908560233e-14 4.1507492317e-08 4.1507339156e-08 -2.3592330119e-15 9.7928560625e-14 -4.1507492386e-08 5.7660122265e-14
d  1.4644470580e-02 1.7488720987e+00 -2.0000000000e-01 4.1120251361e-01 3.0000000000e+02 -4.1120098369e-08 -9.7692236724e-14 4.1120251359e-08 4.1120098227e-08 -2.0993950821e-15 9.7712237198e-14 -4.1120251435e-08 5.7594956299e-14
d  1.4653257722e-02 1.7427211006e+00 -2.0000000000e-01 4.0656770212e-01 3.0000000000e+02 -4.0656617246e-08 -9.7438366159e-14 4.0656770206e-08 4.0656617141e-08 -1.7944281916e-15 9.7458367014e-14 -4.0656770322e-08 5.7516771378e-14
d  1.4663802294e-02 1.7353399028e+00 -2.0000000000e-01 4.0102345179e-01 3.0000000000e+02 -4.0102192279e-08 -9.7126801591e-14 4.0102345179e-08 4.0102192115e-08 -1.4549016701e-15 9.7146801697e-14 -4.0102345230e-08 5.7421880020e-14
d  1.4670129036e-02 1.7309111841e+00 -2.0000000000e-01 3.9770614018e-01 3.0000000000e+02 -3.9770461159e-08 -9.6943723217e-14 3.9770614016e-08 3.9770461013e-08 -1.2560552764e-15 9.6963723642e-14 -3.9770614085e-08 5.7364745836e-14
d  1.4677721128e-02 1.7255967217e+00 -2.0000000000e-01 3.9373456638e-01 3.0000000000e+02 -3.9373303834e-08 -9.6724836902e-14 3.9373456635e-08 3.9373303697e-08 -1.0246991656e-15 9.6744837421e-14 -3.9373456713e-08 5.7296083317e-14
d  1.4686831637e-02 1.7192193669e+00 -2.0000000000e-01 3.8898197758e-01 3.0000000000e+02 -3.8898045012e-08 -9.6471078705e-14 3.8898197752e-08 3.8898044916e-08 -7.4872807719e-16 9.6491079630e-14 -3.8898197872e-08 5.7214041876e-14
d  1.4697764249e-02 1.7115665410e+00 -2.0000000000e-01 3.8329819699e-01 3.0000000000e+02 -3.8329667072e-08 -9.6151654228e-14 3.8329819698e-08 3.8329666916e-08 -4.5012825372e-16 9.6171654379e-14 -3.8329819752e-08 5.7113715056e-14
d  1.4704323816e-02 1.7069748455e+00 -2.0000000000e-01 3.7989811426e-01 3.0000000000e+02 -3.7989658868e-08 -9.5965969627e-14 3.7989811423e-08 3.7989658726e-08 -2.7259593261e-16 9.5985970085e-14 -3.7989811493e-08 5.7053487748e-14
d  1.4712195296e-02 1.7014648109e+00 -2.0000000000e-01 3.7582815411e-01 3.0000000000e+02 -3.7582662940e-08 -9.5743947883e-14 3.7582815408e-08 3.7582662808e-08 -6.5755490110e-17 9.5763948454e-14 -3.7582815488e-08 5.6981121452e-14
d  1.4721641072e-02 1.6948527693e+00 -2.0000000000e-01 3.7095887993e-01 3.0000000000e+02 -3.7095735634e-08 -9.5478291781e-14 3.7095887992e-08 3.7095735465e-08 1.7293846959e-16 9.5498291794e-14 -3.7095888031e-08 5.6893944961e-14
d  1.4732976004e-02 1.6869183195e+00 -2.0000000000e-01 3.6513699589e-01 3.0000000000e+02 -3.6513547375e-08 -9.5162506751e-14 3.6513699589e-08 3.6513547207e-08 4.4794224719e-16 9.5182506758e-14 -3.6513699626e-08 5.6789069068e-14
d  1.4739776963e-02 1.6821576496e+00 -2.0000000000e-01 3.6165501606e-01 3.0000000000e+02 -3.6165349482e-08 -9.4974815297e-14 3.6165501603e-08 3.6165349346e-08 6.0728263294e-16 9.4994815792e-14 -3.6165501674e-08 5.6726129068e-14
d  1.4747938113e-02 1.6764448457e+00 -2.0000000000e-01 3.5748766322e-01 3.0000000000e+02 -3.5748614308e-08 -9.4752395841e-14 3.5748766318e-08 3.5748614182e-08 7.9341039511e-16 9.4772396457e-14 -3.5748766399e-08 5.6651018878e-14
d  1.4757731494e-02 1.6695894810e+00 -2.0000000000e-01 3.5250259644e-01 3.0000000000e+02 -3.5250107766e-08 -9.4489949121e-14 3.5250259644e-08 3.5250107601e-08 1.0085217661e-15 9.4509949139e-14 -3.5250259681e-08 5.6561875909e-14
d  1.4769483551e-02 1.6613630434e+00 -2.0000000000e-01 3.4654391142e-01 3.0000000000e+02 -3.4654239453e-08 -9.4164770137e-14 3.4654391141e-08 3.4654239293e-08 1.2549604622e-15 9.4184770208e-14 -3.4654391183e-08 5.6450077233e-14
d  1.4776534785e-02 1.6564271809e+00 -2.0000000000e-01 3.4298112638e-01 3.0000000000e+02 -3.4297961069e-08 -9.3969233244e-14 3.4298112635e-08 3.4297960937e-08 1.3976239480e-15 9.3989233777e-14 -3.4298112707e-08 5.6382204268e-14
d  1.4784996266e-02 1.6505041458e+00 -2.0000000000e-01 3.3871819424e-01 3.0000000000e+02 -3.3871668002e-08 -9.3736428163e-14 3.3871819420e-08 3.3871667880e-08 1.5643119943e-15 9.3756428805e-14 -3.3871819502e-08 5.6300818456e-14
d  1.4795150044e-02 1.6433965037e+00 -2.0000000000e-01 3.3362067997e-01 3.0000000000e+02 -3.3361916760e-08 -9.3456385749e-14 3.3362067997e-08 3.3361916597e-08 1.7557498701e-15 9.3476385776e-14 -3.3362068032e-08 5.6202530664e-14
d  1.4807334577e-02 1.6348673332e+00 -2.0000000000e-01 3.2752981195e-01 3.0000000000e+02 -3.2752830186e-08 -9.3123229437e-14 3.2752981192e-08 3.2752830056e-08 1.9784304943e-15 9.3143229788e-14 -3.2752981262e-08 5.6083858147e-14
d  1.4814645296e-02 1.6297498309e+00 -2.0000000000e-01 3.2388908444e-01 3.0000000000e+02 -3.2388757580e-08 -9.2921812590e-14 3.2388908441e-08 3.2388757453e-08 2.1055416253e-15 9.2941813148e-14 -3.2388908512e-08 5.6011950204e-14
d  1.4823418160e-02 1.6236088282e+00 -2.0000000000e-01 3.1953395796e-01 3.0000000000e+02 -3.1953245106e-08 -9.2682891117e-14 3.1953395792e-08 3.1953244989e-08 2.2557183723e-15 9.2702891783e-14 -3.1953395873e-08 5.5925586488e-14
d  1.4833945596e-02 1.6162396249e+00 -2.0000000000e-01 3.1432778864e-01 3.0000000000e+02 -3.1432628396e-08 -9.2393494685e-14 3.1432778864e-08 3.1432628237e-08 2.4272347275e-15 9.2413494722e-14 -3.1432778899e-08 5.5820841949e-14
d  1.4846578520e-02 1.6073965809e+00 -2.0000000000e-01 3.0810940786e-01 3.0000000000e+02 -3.0810790588e-08 -9.2048590347e-14 3.0810940785e-08 3.0810790432e-08 2.6261666245e-15 9.2068590400e-14 -3.0810940821e-08 5.5694402427e-14
d  1.4861738028e-02 1.5967849281e+00 -2.0000000000e-01 3.0068955245e-01 3.0000000000e+02 -3.0068805385e-08 -9.1635318448e-14 3.0068955244e-08 3.0068805233e-08 2.8533927955e-15 9.1655318523e-14 -3.0068955283e-08 5.5541362635e-14
d  1.4879929438e-02 1.5840509448e+00 -2.0000000000e-01 2.9184722023e-01 3.0000000000e+02 -2.9184572584e-08 -9.1140037479e-14 2.9184722022e-08 2.9184572432e-08 3.1105112053e-15 9.1160037527e-14 -2.9184722058e-08 5.5355718393e-14
d  1.4890844284e-02 1.5764105548e+00 -2.0000000000e-01 2.8657441188e-01 3.0000000000e+02 -2.8657292012e-08 -9.0842432450e-14 2.8657441188e-08 2.8657291855e-08 3.2567988895e-15 9.0862432457e-14 -2.8657441217e-08 5.5242638009e-14
d  1.4903942099e-02 1.5672420868e+00 -2.0000000000e-01 2.8027966963e-01 3.0000000000e+02 -2.8027818110e-08 -9.0486089206e-14 2.8027966963e-08 2.8027817956e-08 3.4253966661e-15 9.0506089234e-14 -2.8027966994e-08 5.5106293469e-14
d  1.4919659477e-02 1.5562399252e+00 -2.0000000000e-01 2.7277345205e-01 3.0000000000e+02 -2.7277196746e-08 -9.0060273195e-14 2.7277345200e-08 2.7277196635e-08 3.6196012926e-15 9.0080273612e-14 -2.7277345276e-08 5.4941354586e-14
d  1.4929089904e-02 1.5496386283e+00 -2.0000000000e-01 2.6829482239e-01 3.0000000000e+02 -2.6829334029e-08 -8.9801998606e-14 2.6829482239e-08 2.6829333875e-08 3.7284806759e-15 8.9821998618e-14 -2.6829482267e-08 5.4841037748e-14
d  1.4940406416e-02 1.5417170719e+00 -2.0000000000e-01 2.6294557733e-01 3.0000000000e+02 -2.6294409823e-08 -8.9494593761e-14 2.6294557733e-08 2.6294409669e-08 3.8565173201e-15 8.9514593773e-14 -2.6294557760e-08 5.4720111887e-14
d  1.4953986231e-02 1.5322112043e+00 -2.0000000000e-01 2.5656297916e-01 3.0000000000e+02 -2.5656150372e-08 -8.9125264203e-14 2.5656297913e-08 2.5656150248e-08 4.0038023172e-15 8.9145264534e-14 -2.5656297971e-08 5.4573845580e-14
d  1.4970282009e-02 1.5208041631e+00 -2.0000000000e-01 2.4895700162e-01 3.0000000000e+02 -2.4895553069e-08 -8.8682119569e-14 2.4895700162e-08 2.4895552919e-08 4.1717272726e-15 8.8702119596e-14 -2.4895700190e-08 5.4396487801e-14
d  1.4980059475e-02 1.5139599385e+00 -2.0000000000e-01 2.4442155568e-01 3.0000000000e+02 -2.4442008730e-08 -8.8425143334e-14 2.4442155561e-08 2.4442008636e-08 4.2793966257e-15 8.8445144170e-14 -2.4442155650e-08 5.4289144536e-14
d  1.4991792435e-02 1.5057468688e+00 -2.0000000000e-01 2.3900718277e-01 3.0000000000e+02 -2.3900571796e-08 -8.8095626660e-14 2.3900718272e-08 2.3900571684e-08 4.3805394651e-15 8.8115627208e-14 -2.3900718340e-08 5.4158281798e-14
d  1.5000000000e-02 1.5000015750e+00 -2.0000000000e-01 2.3523806776e-01 3.0000000000e+02 -2.3523660537e-08 -8.7871578304e-14 2.3523806773e-08 2.3523660411e-08 4.4543363434e-15 8.7891578742e-14 -2.3523806823e-08 5.4066436438e-14
d  1.5009849078e-02 1.4931072224e+00 -2.0000000000e-01 2.3073530774e-01 3.0000000000e+02 -2.3073384826e-08 -8.7603081832e-14 2.3073530770e-08 2.3073384707e-08 4.5420449337e-15 8.7623082351e-14 -2.3073530828e-08 5.3955557775e-14
d  1.5021667972e-02 1.4848339992e+00 -2.0000000000e-01 2.2536129688e-01 3.0000000000e+02 -2.2535984095e-08 -8.7279972569e-14 2.2536129684e-08 2.2535983974e-08 4.6424936177e-15 8.7299972967e-14 -2.2536129738e-08 5.3821473027e-14
d  1.5028759308e-02 1.4798700654e+00 -2.0000000000e-01 2.2215236257e-01 3.0000000000e+02 -2.2215090881e-08 -8.7085992987e-14 2.2215236256e-08 2.2215090746e-08 4.7008995515e-15 8.7105993280e-14 -2.2215236293e-08 5.3740164876e-14
d  1.5037268911e-02 1.4739133447e+00 -2.0000000000e-01 2.1831707039e-01 3.0000000000e+02 -2.1831561923e-08 -8.6853559268e-14 2.1831707037e-08 2.1831561792e-08 4.7692320378e-15 8.6873559596e-14 -2.1831707077e-08 5.3642323685e-14
d  1.5047480435e-02 1.4667652799e+00 -2.0000000000e-01 2.1373712535e-01 3.0000000000e+02 -2.1373567736e-08 -8.6574403708e-14 2.1373712531e-08 2.1373567618e-08 4.8489144269e-15 8.6594404211e-14 -2.1373712585e-08 5.3523971567e-14
d  1.5059734264e-02 1.4581876022e+00 -2.0000000000e-01 2.0827380913e-01 3.0000000000e+02 -2.0827236503e-08 -8.6237272983e-14 2.0827380913e-08 2.0827236360e-08 4.9395327768e-15 8.6257273029e-14 -2.0827380937e-08 5.3380304265e-14
d  1.5067086561e-02 1.4530409955e+00 -2.0000000000e-01 2.0501306167e-01 3.0000000000e+02 -2.0501161993e-08 -8.6034809770e-14 2.0501306165e-08 2.0501161860e-08 4.9920382494e-15 8.6054810053e-14 -2.0501306200e-08 5.3293104068e-14
d  1.5075909318e-02 1.4468650675e+00 -2.0000000000e-01 2.0111739238e-01 3.0000000000e+02 -2.0111595349e-08 -8.5791708620e-14 2.0111739235e-08 2.0111595220e-08 5.0532719302e-15 8.5811708938e-14 -2.0111739273e-08 5.3187968723e-14
d  1.5086496626e-02 1.4394539540e+00 -2.0000000000e-01 1.9646759691e-01 3.0000000000e+02 -1.9646616149e-08 -8.5500069686e-14 1.9646759687e-08 1.9646616030e-08 5.1241379594e-15 8.5520070134e-14 -1.9646759736e-08 5.3060954081e-14
d  1.5099201396e-02 1.4305606177e+00 -2.0000000000e-01 1.9092427929e-01 3.0000000000e+02 -1.9092284810e-08 -8.5148541199e-14 1.9092427928e-08 1.9092284670e-08 5.2051915384e-15 8.5168541237e-14 -1.9092427950e-08 5.2906625977e-14
d  1.5106824258e-02 1.4252246159e+00 -2.0000000000e-01 1.8761757461e-01 3.0000000000e+02 -1.8761614601e-08 -8.4936863939e-14 1.8761757459e-08 1.8761614469e-08 5.2516209304e-15 8.4956864203e-14 -1.8761757491e-08 5.2812749606e-14
d  1.5115971692e-02 1.4188214138e+00 -2.0000000000e-01 1.8366880185e-01 3.0000000000e+02 -1.8366737637e-08 -8.4683256904e-14 1.8366880183e-08 1.8366737510e-08 5.3057052303e-15 8.4703257240e-14 -1.8366880219e-08 5.2699673346e-14
d  1.5126948613e-02 1.4111375712e+00 -2.0000000000e-01 1.7895831989e-01 3.0000000000e+02 -1.7895689818e-08 -8.4378415545e-14 1.7895831984e-08 1.7895689704e-08 5.3684235846e-15 8.4398416050e-14 -1.7895832034e-08 5.2562619638e-14
d  1.5140120918e-02 1.4019169601e+00 -2.0000000000e-01 1.7334666124e-01 3.0000000000e+02 -1.7334524417e-08 -8.4009799958e-14 1.7334666123e-08 1.7334524279e-08 5.4382745226e-15 8.4029799990e-14 -1.7334666143e-08 5.2395867392e-14
d  1.5148024301e-02 1.3963845935e+00 -2.0000000000e-01 1.7000136725e-01 3.0000000000e+02 -1.6999995302e-08 -8.3787827932e-14 1.7000136723e-08 1.6999995172e-08 5.4782407740e-15 8.3807828177e-14 -1.7000136752e-08 5.2294159914e-14
d  1.5157508361e-02 1.3897457535e+00 -2.0000000000e-01 1.6600876361e-01 3.0000000000e+02 -1.6600735237e-08 -8.3540039372e-14 1.6600876350e-08 1.6600735160e-08 5.5462601889e-15 8.3560040791e-14 -1.6600876439e-08 5.2172555758e-14
d  1.5168889233e-02 1.3817791456e+00 -2.0000000000e-01 1.6124932001e-01 3.0000000000e+02 -1.6124791334e-08 -8.3202683640e-14 1.6124931997e-08 1.6124791219e-08 5.5777283064e-15 8.3222684089e-14 -1.6124932040e-08 5.2022563205e-14
d  1.5175717756e-02 1.3769991808e+00 -2.0000000000e-01 1.5841042476e-01 3.0000000000e+02 -1.5840902064e-08 -8.3006851871e-14 1.5841042476e-08 1.5840901930e-08 5.6071116391e-15 8.3026851987e-14 -1.5841042496e-08 5.1931760000e-14
d  1.5183911983e-02 1.3712632231e+00 -2.0000000000e-01 1.5502055735e-01 3.0000000000e+02 -1.5501915629e-08 -8.2774784714e-14 1.5502055734e-08 1.5501915496e-08 5.6416718548e-15 8.2794784830e-14 -1.5502055754e-08 5.1822186679e-14
d  1.5193745057e-02 1.3643800738e+00 -2.0000000000e-01 1.5097718660e-01 3.0000000000e+02 -1.5097578926e-08 -8.2495089257e-14 1.5097718657e-08 1.5097578807e-08 5.6810700088e-15 8.2515089663e-14 -1.5097718692e-08 5.1689364370e-14
d  1.5199644901e-02 1.3602501842e+00 -2.0000000000e-01 1.4856411616e-01 3.0000000000e+02 -1.4856272108e-08 -8.2326504751e-14 1.4856411615e-08 1.4856271974e-08 5.7033521207e-15 8.2346504810e-14 -1.4856411632e-08 5.1608530623e-14
d  1.5206724713e-02 1.3552943167e+00 -2.0000000000e-01 1.4568139266e-01 3.0000000000e+02 -1.4568000032e-08 -8.2123979339e-14 1.4568139267e-08 1.4567999896e-08 5.7291812246e-15 8.2143979319e-14 -1.4568139280e-08 5.1510963556e-14
d  1.5215220488e-02 1.3493472758e+00 -2.0000000000e-01 1.4224095630e-01 3.0000000000e+02 -1.4223956726e-08 -8.1880941953e-14 1.4224095629e-08 1.4223956595e-08 5.7587492801e-15 8.1900942068e-14 -1.4224095648e-08 5.1393001366e-14
d  1.5220317954e-02 1.3457790512e+00 -2.0000000000e-01 1.4018666878e-01 3.0000000000e+02 -1.4018528177e-08 -8.1733812770e-14 1.4018666878e-08 1.4018528043e-08 5.7753844213e-15 8.1753812801e-14 -1.4018666893e-08 5.1321045124e-14
d  1.5226434912e-02 1.3414971817e+00 -2.0000000000e-01 1.3773149516e-01 3.0000000000e+02 -1.3773011057e-08 -8.1557387563e-14 1.3773149516e-08 1.3773010921e-08 5.7946959305e-15 8.1577387478e-14 -1.3773149527e-08 5.1234359967e-14
d  1.5233775262e-02 1.3363589383e+00 -2.0000000000e-01 1.3479978199e-01 3.0000000000e+02 -1.3479840034e-08 -8.1345141900e-14 1.3479978200e-08 1.3479839892e-08 5.8167230315e-15 8.1365141610e-14 -1.3479978204e-08 5.1129422418e-14
d  1.5242583681e-02 1.3301930462e+00 -2.0000000000e-01 1.3130284213e-01 3.0000000000e+02 -1.3130146407e-08 -8.1089578193e-14 1.3130284213e-08 1.3130146278e-08 5.8414065337e-15 8.1109578322e-14 -1.3130284231e-08 5.1002016790e-14
d  1.5247868733e-02 1.3264935109e+00 -2.0000000000e-01 1.2921585754e-01 3.0000000000e+02 -1.2921448164e-08 -8.0935709361e-14 1.2921585754e-08 1.2921448031e-08 5.8551244863e-15 8.0955709342e-14 -1.2921585766e-08 5.0924470715e-14
d  1.5254210795e-02 1.3220540686e+00 -2.0000000000e-01 1.2672267180e-01 3.0000000000e+02 -1.2672129853e-08 -8.0750548121e-14 1.2672267182e-08 1.2672129712e-08 5.8707906739e-15 8.0770547745e-14 -1.2672267184e-08 5.0830775858e-14
d  1.5261821270e-02 1.3167267379e+00 -2.0000000000e-01 1.2374714181e-01 3.0000000000e+02 -1.2374577110e-08 -8.0555838576e-14 1.2374714191e-08 1.2374576934e-08 5.9201233728e-15 8.0575836995e-14 -1.2374714149e-08 5.0719072875e-14
d  1.5266387555e-02 1.3135303394e+00 -2.0000000000e-01 1.2197044061e-01 3.0000000000e+02 -1.2196907230e-08 -8.0399473000e-14 1.2197044634e-08 1.2196904568e-08 5.9053355652e-15 8.0419336147e-14 -1.2197041542e-08 5.0648563993e-14
d  1.5271867097e-02 1.3096946613e+00 -2.0000000000e-01 1.1984702366e-01 3.0000000000e+02 -1.1984565782e-08 -8.0240882309e-14 1.1984702368e-08 1.1984565644e-08 5.9094777442e-15 8.0260881944e-14 -1.1984702371e-08 5.0565549649e-14
d  1.5278442547e-02 1.3050918475e+00 -2.0000000000e-01 1.1731146648e-01 3.0000000000e+02 -1.1731010346e-08 -8.0036637184e-14 1.1731146653e-08 1.1731010194e-08 5.9213445061e-15 8.0056636255e-14 -1.1731146638e-08 5.0463835088e-14
d  1.5286333087e-02 1.2995684710e+00 -2.0000000000e-01 1.1428707525e-01 3.0000000000e+02 -1.1428571565e-08 -7.9805234954e-14 1.1428707528e-08 1.1428571418e-08 5.9346810793e-15 7.9825234352e-14 -1.1428707520e-08 5.0341429718e-14
d  1.5291067411e-02 1.2962544450e+00 -2.0000000000e-01 1.1248212774e-01 3.0000000000e+02 -1.1248077007e-08 -7.9671149532e-14 1.1248215452e-08 1.1248065829e-08 5.9490254592e-15 7.9690538029e-14 -1.1248201736e-08 5.0266746245e-14
d  1.5296748600e-02 1.2922776139e+00 -2.0000000000e-01 1.1032589171e-01 3.0000000000e+02 -1.1032453669e-08 -7.9505189984e-14 1.1032589178e-08 1.1032453513e-08 5.9498284493e-15 7.9525188575e-14 -1.1032589156e-08 5.0177544615e-14
d  1.5303566027e-02 1.2875054166e+00 -2.0000000000e-01 1.0775253852e-01 3.0000000000e+02 -1.0775118626e-08 -7.9302613332e-14 1.0775253880e-08 1.0775118386e-08 5.9722617438e-15 7.9322608405e-14 -1.0775253751e-08 5.0067637231e-14
d  1.5307656483e-02 1.2846420982e+00 -2.0000000000e-01 1.0621600415e-01 3.0000000000e+02 -1.0621465396e-08 -7.9173777434e-14 1.0621601228e-08 1.0621462079e-08 5.9648236142e-15 7.9193563399e-14 -1.0621597236e-08 5.0000654720e-14
d  1.5312565030e-02 1.2812061161e+00 -2.0000000000e-01 1.0437964489e-01 3.0000000000e+02 -1.0437829684e-08 -7.9032288263e-14 1.0437976048e-08 1.0437784838e-08 5.9731977134e-15 7.9049446426e-14 -1.0437919776e-08 4.9919199224e-14
d  1.5318455286e-02 1.2770829377e+00 -2.0000000000e-01 1.0218689314e-01 3.0000000000e+02 -1.0218554780e-08 -7.8862068723e-14 1.0218689318e-08 1.0218554635e-08 5.9752475522e-15 7.8882067838e-14 -1.0218689307e-08 4.9825731334e-14
d  1.5325523594e-02 1.2721351235e+00 -2.0000000000e-01 9.9571462498e-02 3.0000000000e+02 -9.9570120566e-09 -7.8629139354e-14 9.9571462495e-09 9.9570119303e-09 5.9744677587e-15 7.8649139394e-14 -9.9571462606e-09 4.9703935215e-14
d  1.5329764579e-02 1.2691664350e+00 -2.0000000000e-01 9.8010611409e-02 3.0000000000e+02 -9.8009271374e-09 -7.8507608662e-14 9.8010640799e-09 9.8009162346e-09 5.9795937677e-15 7.8526869497e-14 -9.8010503734e-09 4.9632313232e-14
d  1.5334853761e-02 1.2656040087e+00 -2.0000000000e-01 9.6146009663e-02 3.0000000000e+02 -9.6144672062e-09 -7.8356410007e-14 9.6146009804e-09 9.6144670288e-09 5.9782198479e-15 7.8376406698e-14 -9.6146009250e-09 4.9546488576e-14
d  1.5340960779e-02 1.2613290973e+00 -2.0000000000e-01 9.3920747797e-02 3.0000000000e+02 -9.3919412981e-09 -7.8170729134e-14 9.3920748467e-09 9.3919409342e-09 5.9849233147e-15 7.8190716106e-14 -9.3920745513e-09 4.9440310137e-14
d  1.5344624990e-02 1.2587641504e+00 -2.0000000000e-01 9.2592083564e-02 3.0000000000e+02 -9.2590750593e-09 -7.8058008456e-14 9.2592095293e-09 9.2590708459e-09 5.9796914945e-15 7.8077668355e-14 -9.2592042774e-09 4.9375921658e-14
d  1.5349022043e-02 1.2556862142e+00 -2.0000000000e-01 9.1004186184e-02 3.0000000000e+02 -9.1002855282e-09 -7.7926145416e-14 9.1004295176e-09 9.1002479174e-09 5.9801553257e-15 7.7943194819e-14 -9.1003811366e-09 4.9297090960e-14
d  1.5354298507e-02 1.2519926907e+00 -2.0000000000e-01 8.9108158058e-02 3.0000000000e+02 -8.9106829652e-09 -7.7774259719e-14 8.9108158485e-09 8.9106826954e-09 5.9802179543e-15 7.7794250155e-14 -8.9108156702e-09 4.9207253254e-14
d  1.5360630263e-02 1.2475604625e+00 -2.0000000000e-01 8.6846719323e-02 3.0000000000e+02 -8.6845394038e-09 -7.7571543128e-14 8.6846720313e-09 8.6845389494e-09 5.9786045945e-15 7.7591524734e-14 -8.6846716113e-09 4.9090096118e-14
d  1.5364429317e-02 1.2449011256e+00 -2.0000000000e-01 8.5497150884e-02 3.0000000000e+02 -8.5495827533e-09 -7.7463710592e-14 8.5497183984e-09 8.5495718340e-09 5.9718748694e-15 7.7482794153e-14 -8.5497043004e-09 4.9021194402e-14
d  1.5368988181e-02 1.2417099212e+00 -2.0000000000e-01 8.3884983792e-02 3.0000000000e+02 -8.3883662706e-09 -7.7315957508e-14 8.3884983982e-09 8.3883660854e-09 5.9669715772e-15 7.7335952598e-14 -8.3884983265e-09 4.8937880919e-14
d  1.5374458819e-02 1.2378804761e+00 -2.0000000000e-01 8.1961041453e-02 3.0000000000e+02 -8.1959723071e-09 -7.7149943323e-14 8.1961042510e-09 8.1959718488e-09 5.9641855036e-15 7.7169920705e-14 -8.1961038189e-09 4.8835283691e-14
d  1.5381023584e-02 1.2332851419e+00 -2.0000000000e-01 7.9667869238e-02 3.0000000000e+02 -7.9666554210e-09 -7.6949284189e-14 7.9667869444e-09 7.9666552335e-09 5.9538942638e-15 7.6969280529e-14 -7.9667868676e-09 4.8711614651e-14
d  1.5384962443e-02 1.2305279414e+00 -2.0000000000e-01 7.8300224332e-02 3.0000000000e+02 -7.8298911265e-09 -7.6830720757e-14 7.8300342420e-09 7.8298551971e-09 5.9497082920e-15 7.6847604049e-14 -7.8299866286e-09 4.8634094887e-14
d  1.5389689074e-02 1.2272193008e+00 -2.0000000000e-01 7.6667326670e-02 3.0000000000e+02 -7.6666015953e-09 -7.6698035808e-14 7.6667328040e-09 7.6666010636e-09 5.9439705098e-15 7.6718002073e-14 -7.6667322657e-09 4.8547804348e-14
d  1.5395361031e-02 1.2232489320e+00 -2.0000000000e-01 7.4719939981e-02 3.0000000000e+02 -7.4718632310e-09 -7.6510547399e-14 7.4719941064e-09 7.4718627908e-09 5.9317602645e-15 7.6530525329e-14 -7.4719936877e-09 4.8432956317e-14
d  1.5398764205e-02 1.2208667108e+00 -2.0000000000e-01 7.3557911090e-02 3.0000000000e+02 -7.3556605157e-09 -7.6410820090e-14 7.3557957381e-09 7.3556471237e-09 5.9256110848e-15 7.6429412207e-14 -7.3557778437e-09 4.8365314038e-14
d  1.5402848014e-02 1.2180080453e+00 -2.0000000000e-01 7.2169886938e-02 3.0000000000e+02 -7.2168583109e-09 -7.6291046075e-14 7.2169887175e-09 7.2168581218e-09 5.9177572846e-15 7.6311039328e-14 -7.2169886337e-09 4.8285933522e-14
d  1.5407748585e-02 1.2145776467e+00 -2.0000000000e-01 7.0513600016e-02 3.0000000000e+02 -7.0512298780e-09 -7.6138424500e-14 7.0513590037e-09 7.0512325368e-09 5.9076365041e-15 7.6158658555e-14 -7.0513627894e-09 4.8185562508e-14
d  1.5413629270e-02 1.2104611683e+00 -2.0000000000e-01 6.8539691893e-02 3.0000000000e+02 -6.8538393723e-09 -7.5965692918e-14 6.8539726690e-09 6.8538297415e-09 5.8952695495e-15 7.5985018417e-14 -6.8539596850e-09 4.8065053926e-14
d  1.5417157681e-02 1.2079912814e+00 -2.0000000000e-01 6.7362584699e-02 3.0000000000e+02 -6.7361288411e-09 -7.5863502465e-14 6.7362717129e-09 6.7360934089e-09 5.8839353966e-15 7.5879666942e-14 -6.7362231577e-09 4.7990634849e-14
d  1.5421391774e-02 1.2050274170e+00 -2.0000000000e-01 6.5957304502e-02 3.0000000000e+02 -6.5956010408e-09 -7.5741607946e-14 6.5957306636e-09 6.5956003600e-09 5.8741182618e-15 7.5761550342e-14 -6.5957298964e-09 4.7906763990e-14
d  1.5426472686e-02 1.2014707797e+00 -2.0000000000e-01 6.4281558187e-02 3.0000000000e+02 -6.4280266936e-09 -7.5577249987e-14 6.4281559096e-09 6.4280263385e-09 5.8577341371e-15 7.5597229713e-14 -6.4281555902e-09 4.7794834265e-14
d  1.5429521233e-02 1.1993367974e+00 -2.0000000000e-01 6.3281716212e-02 3.0000000000e+02 -6.3280426584e-09 -7.5491665053e-14 6.3281785156e-09 6.3280251777e-09 5.8476203354e-15 7.5509362418e-14 -6.3281542622e-09 4.7728830447e-14
d  1.5433179489e-02 1.1967760185e+00 -2.0000000000e-01 6.2087513777e-02 3.0000000000e+02 -6.2086226066e-09 -7.5390337776e-14 6.2087525270e-09 6.2086196315e-09 5.8370637241e-15 7.5409980048e-14 -6.2087485277e-09 4.7653190092e-14
d  1.5437569397e-02 1.1937030839e+00 -2.0000000000e-01 6.0662649776e-02 3.0000000000e+02 -6.0661364515e-09 -7.5251065925e-14 6.0662651616e-09 6.0661358809e-09 5.8211560444e-15 7.5271018661e-14 -6.0662645323e-09 4.7554799471e-14
d  1.5442837286e-02 1.1900155624e+00 -2.0000000000e-01 5.8964735900e-02 3.0000000000e+02 -5.8963453493e-09 -7.5104858476e-14 5.8964736588e-09 5.8963450646e-09 5.8026200522e-15 7.5124843905e-14 -5.8964734303e-09 4.7438959168e-14
d  1.5445998020e-02 1.1878030495e+00 -2.0000000000e-01 5.7952316043e-02 3.0000000000e+02 -5.7951035362e-09 -7.5014318009e-14 5.7952320336e-09 5.7951024114e-09 5.7904292695e-15 7.5034181605e-14 -5.7952306038e-09 4.7367803369e-14
d  1.5449790900e-02 1.1851480340e+00 -2.0000000000e-01 5.6743754435e-02 3.0000000000e+02 -5.6742475818e-09 -7.4907387369e-14 5.6743756680e-09 5.6742469451e-09 5.7757732107e-15 7.4927320956e-14 -5.6743749309e-09 4.7282206457e-14
d  1.5454342357e-02 1.1819620154e+00 -2.0000000000e-01 5.5302721377e-02 3.0000000000e+02 -5.5301445248e-09 -7.4781206538e-14 5.5302724836e-09 5.5301436196e-09 5.7572481684e-15 7.4801122191e-14 -5.5302713560e-09 4.7178222790e-14
d  1.5457073231e-02 1.1800504043e+00 -2.0000000000e-01 5.4443000083e-02 3.0000000000e+02 -5.4441725457e-09 -7.4706481248e-14 5.4443099236e-09 5.4441505191e-09 5.7440339747e-15 7.4722843793e-14 -5.4442780980e-09 4.7112619265e-14
d  1.5460350279e-02 1.1777564709e+00 -2.0000000000e-01 5.3416221763e-02 3.0000000000e+02 -5.3414948828e-09 -7.4629323690e-14 5.3416234453e-09 5.3414919964e-09 5.7319068817e-15 7.4648890244e-14 -5.3416194122e-09 4.7042103175e-14
d  1.5464282738e-02 1.1750037508e+00 -2.0000000000e-01 5.2191220823e-02 3.0000000000e+02 -5.2189950156e-09 -7.4509392972e-14 5.2191223512e-09 5.2189943177e-09 5.7120955630e-15 7.4529317332e-14 -5.2191215070e-09 4.6945742242e-14
d  1.5469001688e-02 1.1717004867e+00 -2.0000000000e-01 5.0731597135e-02 3.0000000000e+02 -5.0730329017e-09 -7.4389440781e-14 5.0731595651e-09 5.0730330997e-09 5.6899116393e-15 7.4409475135e-14 -5.0731600338e-09 4.6834557212e-14
d  1.5471833058e-02 1.1697185283e+00 -2.0000000000e-01 4.9861333279e-02 3.0000000000e+02 -4.9860066712e-09 -7.4317104407e-14 4.9861339962e-09 4.9860051794e-09 5.6754133993e-15 7.4336871381e-14 -4.9861319576e-09 4.6765974546e-14
d  1.5475230702e-02 1.1673401782e+00 -2.0000000000e-01 4.8822532135e-02 3.0000000000e+02 -4.8821267401e-09 -7.4232787982e-14 4.8822534185e-09 4.8821262075e-09 5.6581765336e-15 7.4252721483e-14 -4.8822528024e-09 4.6684077720e-14
d  1.5479307874e-02 1.1644861580e+00 -2.0000000000e-01 4.7584004954e-02 3.0000000000e+02 -4.7582742432e-09 -7.4132613780e-14 4.7584068250e-09 4.7582614415e-09 5.6359952774e-15 7.4150925672e-14 -4.7583878114e-09 4.6583022210e-14
d  1.5481754178e-02 1.1627737459e+00 -2.0000000000e-01 4.6845138669e-02 3.0000000000e+02 -4.6843877408e-09 -7.4082613301e-14 4.6845255765e-09 4.6843649597e-09 5.6222435579e-15 7.4097889870e-14 -4.6844911973e-09 4.6522692289e-14
d  1.5484689742e-02 1.1607188514e+00 -2.0000000000e-01 4.5962743178e-02 3.0000000000e+02 -4.5961483437e-09 -7.4020584889e-14 4.5962759027e-09 4.5961451955e-09 5.6077050430e-15 7.4039990248e-14 -4.5962712890e-09 4.6454319828e-14
d  1.5488212420e-02 1.1582529780e+00 -2.0000000000e-01 4.4910061038e-02 3.0000000000e+02 -4.4908803310e-09 -7.3924533880e-14 4.4910064748e-09 4.4908795113e-09 5.5853799046e-15 7.3944419599e-14 -4.4910054042e-09 4.6361469929e-14
d  1.5490326026e-02 1.1567734539e+00 -2.0000000000e-01 4.4281718806e-02 3.0000000000e+02 -4.4280462174e-09 -7.3881577353e-14 4.4281746393e-09 4.4280410635e-09 5.5725961921e-15 7.3900285863e-14 -4.4281668443e-09 4.6307931989e-14
d  1.5492862354e-02 1.1549980251e+00 -2.0000000000e-01 4.3530968219e-02 3.0000000000e+02 -4.3529712885e-09 -7.3832249668e-14 4.3530976836e-09 4.3529696141e-09 5.5579661998e-15 7.3851874586e-14 -4.3530952665e-09 4.6245310087e-14
d  1.5495905947e-02 1.1528675104e+00 -2.0000000000e-01 4.2634810824e-02 3.0000000000e+02 -4.2633557121e-09 -7.3765078235e-14 4.2634812567e-09 4.2633552828e-09 5.5385185400e-15 7.3785016041e-14 -4.2634807726e-09 4.6166238726e-14
d  1.5499558259e-02 1.1503108929e+00 -2.0000000000e-01 4.1566316577e-02 3.0000000000e+02 -4.1565064760e-09 -7.3693678813e-14 4.1566320362e-09 4.1565056857e-09 5.5151564069e-15 7.3713568123e-14 -4.1566309864e-09 4.6071884638e-14
d  1.5501749646e-02 1.1487769223e+00 -2.0000000000e-01 4.0928871355e-02 3.0000000000e+02 -4.0927620660e-09 -7.3653369707e-14 4.0928968473e-09 4.0927453146e-09 5.4992138787e-15 7.3669043639e-14 -4.0928704945e-09 4.6011814676e-14
d  1.5504379310e-02 1.1469361577e+00 -2.0000000000e-01 4.0167564612e-02 3.0000000000e+02 -4.0166315112e-09 -7.3623263687e-14 4.0167584542e-09 4.0166280181e-09 5.4846601916e-15 7.3642438942e-14 -4.0167530852e-09 4.5949958283e-14
d  1.5507534908e-02 1.1447272401e+00 -2.0000000000e-01 3.9259302079e-02 3.0000000000e+02 -3.9258054299e-09 -7.3552568743e-14 3.9259306353e-09 3.9258045948e-09 5.4610179591e-15 7.3572424039e-14 -3.9259294909e-09 4.5862055583e-14
d  1.5511321625e-02 1.1420765390e+00 -2.0000000000e-01 3.8177077641e-02 3.0000000000e+02 -3.8175831690e-09 -7.3496110365e-14 3.8177085407e-09 3.8175817589e-09 5.4345467437e-15 7.3515895239e-14 -3.8177064716e-09 4.5761913892e-14
d  1.5513593655e-02 1.1404861184e+00 -2.0000000000e-01 3.7531816806e-02 3.0000000000e+02 -3.7530571936e-09 -7.3466026993e-14 3.7531828565e-09 3.7530552019e-09 5.4179086705e-15 7.3485529600e-14 -3.7531798057e-09 4.5700903469e-14
d  1.5516320091e-02 1.1385776136e+00 -2.0000000000e-01 3.6761569141e-02 3.0000000000e+02 -3.6760325541e-09 -7.3432410195e-14 3.6761571332e-09 3.6760320946e-09 5.3980262005e-15 7.3452324210e-14 -3.6761565719e-09 4.5627994401e-14
d  1.5519591815e-02 1.1362874079e+00 -2.0000000000e-01 3.5843180716e-02 3.0000000000e+02 -3.5841938628e-09 -7.3393715929e-14 3.5843190567e-09 3.5841922038e-09 5.3731228463e-15 7.3413400217e-14 -3.5843165291e-09 4.5538721635e-14
d  1.5521554849e-02 1.1349132844e+00 -2.0000000000e-01 3.5295272301e-02 3.0000000000e+02 -3.5294031078e-09 -7.3376364073e-14 3.5295348891e-09 3.5293915531e-09 5.3569173401e-15 7.3392590700e-14 -3.5295157848e-09 4.5483072890e-14
d  1.5523910489e-02 1.1332643363e+00 -2.0000000000e-01 3.4640884256e-02 3.0000000000e+02 -3.4639643952e-09 -7.3370088406e-14 3.4640912827e-09 3.4639600530e-09 5.3408944989e-15 7.3388782664e-14 -3.4640841975e-09 4.5424000939e-14
d  1.5526737258e-02 1.1312855985e+00 -2.0000000000e-01 3.3860147118e-02 3.0000000000e+02 -3.3858908124e-09 -7.3336108069e-14 3.3860158473e-09 3.3858890208e-09 5.3170207913e-15 7.3355685285e-14 -3.3860130359e-09 4.5342925093e-14
d  1.5528433320e-02 1.1300983559e+00 -2.0000000000e-01 3.3394088539e-02 3.0000000000e+02 -3.3392850227e-09 -7.3328314506e-14 3.3394102026e-09 3.3392830218e-09 5.3031893709e-15 7.3347537195e-14 -3.3394069677e-09 4.5295951934e-14
d  1.5530468594e-02 1.1286736647e+00 -2.0000000000e-01 3.2837189450e-02 3.0000000000e+02 -3.2835951937e-09 -7.3321702404e-14 3.2837198064e-09 3.2835938832e-09 5.2867567461e-15 7.3341242109e-14 -3.2837177498e-09 4.5240121236e-14
d  1.5532910922e-02 1.1269640353e+00 -2.0000000000e-01 3.2172350430e-02 3.0000000000e+02 -3.2171113869e-09 -7.3314078237e-14 3.2172353181e-09 3.2171108905e-09 5.2663832156e-15 7.3333958757e-14 -3.2172346623e-09 4.5172029597e-14
d  1.5535841716e-02 1.1249124800e+00 -2.0000000000e-01 3.1379531768e-02 3.0000000000e+02 -3.1378296285e-09 -7.3312340494e-14 3.1379576645e-09 3.1378232686e-09 5.2410051486e-15 7.3330755897e-14 -3.1379469293e-09 4.5089002991e-14
d  1.5537600193e-02 1.1236815468e+00 -2.0000000000e-01 3.0906470636e-02 3.0000000000e+02 -3.0905235697e-09 -7.3317225917e-14 3.0906518735e-09 3.0905171391e-09 5.2261909387e-15 7.3334587374e-14 -3.0906407432e-09 4.5040737592e-14
d  1.5539710364e-02 1.1222044270e+00 -2.0000000000e-01 3.0341420562e-02 3.0000000000e+02 -3.0340186328e-09 -7.3333967420e-14 3.0341449014e-09 3.0340148116e-09 5.2084038745e-15 7.3352521597e-14 -3.0341383473e-09 4.4982637965e-14
d  1.5542242571e-02 1.1204318832e+00 -2.0000000000e-01 2.9667159161e-02 3.0000000000e+02 -2.9665925751e-09 -7.3341392988e-14 2.9667169198e-09 2.9665911508e-09 5.1857719817e-15 7.3360979402e-14 -2.9667146060e-09 4.4910639867e-14
d  1.5545281218e-02 1.1183048306e+00 -2.0000000000e-01 2.8863552556e-02 3.0000000000e+02 -2.8862320030e-09 -7.3364342494e-14 2.8863565914e-09 2.8862301497e-09 5.1582057804e-15 7.3383896343e-14 -2.8863535162e-09 4.4824251843e-14
d  1.5547104406e-02 1.1170285991e+00 -2.0000000000e-01 2.8384295575e-02 3.0000000000e+02 -2.8383063500e-09 -7.3388317579e-14 2.8384303145e-09 2.8383053111e-09 5.1417077974e-15 7.3407922959e-14 -2.8384286324e-09 4.4773093197e-14
d  1.5549292232e-02 1.1154971213e+00 -2.0000000000e-01 2.7812077392e-02 3.0000000000e+02 -2.7810845833e-09 -7.3417938605e-14 2.7812081377e-09 2.7810839878e-09 5.1214883500e-15 7.3437746350e-14 -2.7812072576e-09 4.4711064498e-14
d  1.5551917624e-02 1.1136593479e+00 -2.0000000000e-01 2.7129599340e-02 3.0000000000e+02 -2.7128368326e-09 -7.3461860380e-14 2.7129610763e-09 2.7128353307e-09 5.0968899220e-15 7.3481414980e-14 -2.7129585453e-09 4.4636537733e-14
d  1.5553492858e-02 1.1125566838e+00 -2.0000000000e-01 2.6722320739e-02 3.0000000000e+02 -2.6721089990e-09 -7.3495589395e-14 2.6722352334e-09 2.6721053005e-09 5.0815984351e-15 7.3513650354e-14 -2.6722284855e-09 4.4591216640e-14
d  1.5555383140e-02 1.1112334870e+00 -2.0000000000e-01 2.6235773180e-02 3.0000000000e+02 -2.6234542672e-09 -7.3544158320e-14 2.6235795576e-09 2.6234516286e-09 5.0644319051e-15 7.3562887103e-14 -2.6235747906e-09 4.4539682812e-14
d  1.5557651478e-02 1.1096456508e+00 -2.0000000000e-01 2.5655086234e-02 3.0000000000e+02 -2.5653856038e-09 -7.3597460911e-14 2.5655098568e-09 2.5653840895e-09 5.0423396076e-15 7.3616896286e-14 -2.5655072215e-09 4.4474861620e-14
d  1.5560373484e-02 1.1077402473e+00 -2.0000000000e-01 2.4962846646e-02 3.0000000000e+02 -2.4961616684e-09 -7.3676049013e-14 2.4962860943e-09 2.4961599280e-09 5.0156881773e-15 7.3695521672e-14 -2.4962830364e-09 4.4397702922e-14
d  1.5562006687e-02 1.1065970052e+00 -2.0000000000e-01 2.4549925172e-02 3.0000000000e+02 -2.4548695272e-09 -7.3733048255e-14 2.4550029350e-09 2.4548583960e-09 4.9977323400e-15 7.3746965241e-14 -2.4549814868e-09 4.4347947243e-14
d  1.5563966532e-02 1.1052251148e+00 -2.0000000000e-01 2.4056791074e-02 3.0000000000e+02 -2.4055560981e-09 -7.3832643528e-14 2.4056795333e-09 2.4055555403e-09 4.9830866432e-15 7.3852413824e-14 -2.4056786621e-09 4.4303737781e-14
d  1.5566318344e-02 1.1035788462e+00 -2.0000000000e-01 2.3468514956e-02 3.0000000000e+02 -2.3467285030e-09 -7.3895887086e-14 2.3468507377e-09 2.3467291951e-09 4.9561375774e-15 7.3916215666e-14 -2.3468523011e-09 4.4229757434e-14
d  1.5567729432e-02 1.1025910850e+00 -2.0000000000e-01 2.3117370076e-02 3.0000000000e+02 -2.3116139987e-09 -7.3966401215e-14 2.3117386935e-09 2.3116122458e-09 4.9418636309e-15 7.3985234785e-14 -2.3117353650e-09 4.4190602796e-14
d  1.5569422738e-02 1.1014057716e+00 -2.0000000000e-01 2.2697790500e-02 3.0000000000e+02 -2.2696560132e-09 -7.4060037976e-14 2.2697804051e-09 2.2696545884e-09 4.9258640305e-15 7.4079172040e-14 -2.2697777359e-09 4.4146404998e-14
d  1.5571454704e-02 1.0999833956e+00 -2.0000000000e-01 2.2196902047e-02 3.0000000000e+02 -2.2195671389e-09 -7.4164536150e-14 2.2196917421e-09 2.2195655170e-09 4.9047395072e-15 7.4183748243e-14 -2.2196886934e-09 4.4089385704e-14
d  1.5573893064e-02 1.0982765443e+00 -2.0000000000e-01 2.1599589449e-02 3.0000000000e+02 -2.1598358241e-09 -7.4310478160e-14 2.1599595118e-09 2.1598351526e-09 4.8800882532e-15 7.4330245475e-14 -2.1599583849e-09 4.4023509749e-14
d  1.5575356079e-02 1.0972524335e+00 -2.0000000000e-01 2.1243183104e-02 3.0000000000e+02 -2.1241951497e-09 -7.4405164779e-14 2.1243242079e-09 2.1241896929e-09 4.8634549102e-15 7.4421275597e-14 -2.1243129577e-09 4.3980683289e-14
d  1.5577111698e-02 1.0960235006e+00 -2.0000000000e-01 2.0817431400e-02 3.0000000000e+02 -2.0816199056e-09 -7.4548359530e-14 2.0817484169e-09 2.0816150375e-09 4.8475427237e-15 7.4565149445e-14 -2.0817383771e-09 4.3938859969e-14
d  1.5579218441e-02 1.0945487811e+00 -2.0000000000e-01 2.0309333897e-02 3.0000000000e+02 -2.0308100765e-09 -7.4700698406e-14 2.0309285429e-09 2.0308143971e-09 4.8268462579e-15 7.4723054479e-14 -2.0309378265e-09 4.3885040572e-14
d  1.5580482487e-02 1.0936639494e+00 -2.0000000000e-01 2.0005970776e-02 3.0000000000e+02 -2.0004737261e-09 -7.4779305893e-14 2.0005971188e-09 2.0004735826e-09 4.8099088023e-15 7.4799273445e-14 -2.0005970453e-09 4.3843094354e-14
d  1.5581999341e-02 1.0926021514e+00 -2.0000000000e-01 1.9643365322e-02 3.0000000000e+02 -1.9642130794e-09 -7.4939406201e-14 1.9643372220e-09 1.9642123997e-09 4.7968898312e-15 7.4958905693e-14 -1.9643359627e-09 4.3810447384e-14
d  1.5583819567e-02 1.0913279937e+00 -2.0000000000e-01 1.9210326237e-02 3.0000000000e+02 -1.9209090676e-09 -7.5107183373e-14 1.9210338661e-09 1.9209079110e-09 4.7776039522e-15 7.5126463955e-14 -1.9210315767e-09 4.3763002437e-14
d  1.5586003838e-02 1.0897990046e+00 -2.0000000000e-01 1.8693685940e-02 3.0000000000e+02 -1.8692448912e-09 -7.5331094785e-14 1.8693735993e-09 1.8692405061e-09 4.7545068563e-15 7.5348787275e-14 -1.8693643150e-09 4.3707379026e-14
d  1.5587314401e-02 1.0888816111e+00 -2.0000000000e-01 1.8385273466e-02 3.0000000000e+02 -1.8384035342e-09 -7.5491799478e-14 1.8385301093e-09 1.8384012975e-09 4.7422933846e-15 7.5509723752e-14 -1.8385252166e-09 4.3678562189e-14
d  1.5588887076e-02 1.0877807389e+00 -2.0000000000e-01 1.8016733424e-02 3.0000000000e+02 -1.8015494042e-09 -7.5666216076e-14 1.8016757014e-09 1.8015474857e-09 4.7251928700e-15 7.5684582762e-14 -1.8016715312e-09 4.3638552110e-14
d  1.5590774286e-02 1.0864596922e+00 -2.0000000000e-01 1.7576698389e-02 3.0000000000e+02 -1.7575457225e-09 -7.5907408644e-14 1.7576737546e-09 1.7575425511e-09 4.7059363738e-15 7.5925252600e-14 -1.7576667735e-09 4.3594526955e-14
d  1.5593038938e-02 1.0848744362e+00 -2.0000000000e-01 1.7051818905e-02 3.0000000000e+02 -1.7050575308e-09 -7.6225533832e-14 1.7051759575e-09 1.7050621226e-09 4.6851878337e-15 7.6248123090e-14 -1.7051865979e-09 4.3548078032e-14
d  1.5594397729e-02 1.0839232826e+00 -2.0000000000e-01 1.6738584170e-02 3.0000000000e+02 -1.6737339196e-09 -7.6398644267e-14 1.6738669862e-09 1.6737277374e-09 4.6652148226e-15 7.6412495164e-14 -1.6738523325e-09 4.3504348360e-14
d  1.5596028278e-02 1.0827818983e+00 -2.0000000000e-01 1.6364278807e-02 3.0000000000e+02 -1.6363031249e-09 -7.6724641849e-14 1.6364284906e-09 1.6363025866e-09 4.6570941364e-15 7.6744238996e-14 -1.6364274515e-09 4.3489187599e-14
d  1.5597984938e-02 1.0814122372e+00 -2.0000000000e-01 1.5917449899e-02 3.0000000000e+02 -1.5916199885e-09 -7.7014285215e-14 1.5917457759e-09 1.5916193155e-09 4.6334475812e-15 7.7033874098e-14 -1.5917444258e-09 4.3438929462e-14
d  1.5599158933e-02 1.0805904405e+00 -2.0000000000e-01 1.5650564411e-02 3.0000000000e+02 -1.5649312490e-09 -7.7242208155e-14 1.5650568113e-09 1.5649309050e-09 4.6227785185e-15 7.7261888457e-14 -1.5650562061e-09 4.3418297794e-14
d  1.5600567728e-02 1.0796042844e+00 -2.0000000000e-01 1.5331477085e-02 3.0000000000e+02 -1.5330222783e-09 -7.7518038412e-14 1.5331486791e-09 1.5330215537e-09 4.6091575643e-15 7.7537266529e-14 -1.5331470918e-09 4.3392112925e-14
d  1.5602258282e-02 1.0784208972e+00 -2.0000000000e-01 1.4950237273e-02 3.0000000000e+02 -1.4948979853e-09 -7.7875144207e-14 1.4950258281e-09 1.4948965089e-09 4.5935279205e-15 7.7893820538e-14 -1.4950223575e-09 4.3363450933e-14
d  1.5604286946e-02 1.0770008325e+00 -2.0000000000e-01 1.4495112266e-02 3.0000000000e+02 -1.4493850736e-09 -7.8337412712e-14 1.4495093694e-09 1.4493861986e-09 4.5760831119e-15 7.8358335460e-14 -1.4495124626e-09 4.3333523023e-14
d  1.5605504145e-02 1.0761487937e+00 -2.0000000000e-01 1.4223289457e-02 3.0000000000e+02 -1.4222025352e-09 -7.8619671685e-14 1.4223324179e-09 1.4222004014e-09 4.5621859291e-15 7.8636798852e-14 -1.4223269152e-09 4.3309044162e-14
d  1.5606964783e-02 1.0751263471e+00 -2.0000000000e-01 1.3898273862e-02 3.0000000000e+02 -1.3897006063e-09 -7.9029819030e-14 1.3898306210e-09 1.3896986195e-09 4.5523180883e-15 7.9047355991e-14 -1.3898255034e-09 4.3296602215e-14
d  1.5608717549e-02 1.0738994112e+00 -2.0000000000e-01 1.3509918992e-02 3.0000000000e+02 -1.3508646699e-09 -7.9510112299e-14 1.3509928337e-09 1.3508640062e-09 4.5375832267e-15 7.9529550627e-14 -1.3509913431e-09 4.3275687760e-14
d  1.5610820869e-02 1.0724270881e+00 -2.0000000000e-01 1.3046231970e-02 3.0000000000e+02 -1.3044953693e-09 -8.0141407560e-14 1.3046263578e-09 1.3044933466e-09 4.5198485350e-15 8.0159916878e-14 -1.3046212797e-09 4.3253224901e-14
d  1.5612082860e-02 1.0715436943e+00 -2.0000000000e-01 1.2769232078e-02 3.0000000000e+02 -1.2767949745e-09 -8.0572265898e-14 1.2769237977e-09 1.2767945561e-09 4.5112012829e-15 8.0591797772e-14 -1.2769228970e-09 4.3246331440e-14
d  1.5613597250e-02 1.0704836217e+00 -2.0000000000e-01 1.2437974653e-02 3.0000000000e+02 -1.2436687188e-09 -8.1097765717e-14 1.2437983807e-09 1.2436681322e-09 4.4993899606e-15 8.1117097788e-14 -1.2437969856e-09 4.3235719236e-14
d  1.5615414518e-02 1.0692115345e+00 -2.0000000000e-01 1.2042014613e-02 3.0000000000e+02 -1.2040720281e-09 -8.1801938315e-14 1.2041996203e-09 1.2040729086e-09 4.4887760768e-15 8.1822994369e-14 -1.2042024521e-09 4.3233689262e-14
d  1.5616504879e-02 1.0684482822e+00 -2.0000000000e-01 1.1805256427e-02 3.0000000000e+02 -1.1803957762e-09 -8.2239084998e-14 1.1805260330e-09 1.1803954885e-09 4.4799764618e-15 8.2258709151e-14 -1.1805254623e-09 4.3228486215e-14
d  1.5617813311e-02 1.0675323795e+00 -2.0000000000e-01 1.1521885745e-02 3.0000000000e+02 -1.1520581249e-09 -8.2831969058e-14 1.1521894600e-09 1.1520576099e-09 4.4739491410e-15 8.2851183872e-14 -1.1521881659e-09 4.3234460343e-14
d  1.5619383431e-02 1.0664332962e+00 -2.0000000000e-01 1.1182842631e-02 3.0000000000e+02 -1.1181530710e-09 -8.3573091906e-14 1.1182853718e-09 1.1181524385e-09 4.4662347561e-15 8.3592316348e-14 -1.1182837369e-09 4.3242291761e-14
d  1.5621267574e-02 1.0651143963e+00 -2.0000000000e-01 1.0777338399e-02 3.0000000000e+02 -1.0776016686e-09 -8.4543521680e-14 1.0777384170e-09 1.0775993434e-09 4.4577647611e-15 8.4561013943e-14 -1.0777316171e-09 4.3257284910e-14
d  1.5622398060e-02 1.0643230563e+00 -2.0000000000e-01 1.0534726986e-02 3.0000000000e+02 -1.0533398765e-09 -8.5195301226e-14 1.0534753010e-09 1.0533386918e-09 4.4544999471e-15 8.5212886587e-14 -1.0534716167e-09 4.3273372812e-14
d  1.5623754643e-02 1.0633734483e+00 -2.0000000000e-01 1.0244194751e-02 3.0000000000e+02 -1.0242858235e-09 -8.5998983491e-14 1.0244218115e-09 1.0242847570e-09 4.4500197630e-15 8.6016987870e-14 -1.0244185121e-09 4.3292776600e-14
d  1.5625382543e-02 1.0622339188e+00 -2.0000000000e-01 9.8962891331e-03 3.0000000000e+02 -9.8949416235e-10 -8.7066388808e-14 9.8962967083e-10 9.8949373660e-10 4.4483001108e-15 8.7085879675e-14 -9.8962859375e-10 4.3328340262e-14
d  1.5626359283e-02 1.0615502011e+00 -2.0000000000e-01 9.6879256064e-03 3.0000000000e+02 -9.6865710380e-10 -8.7749141041e-14 9.6879196715e-10 9.6865721073e-10 4.4466266365e-15 8.7769810526e-14 -9.6879277596e-10 4.3350659203e-14
d  1.5627531371e-02 1.0607297398e+00 -2.0000000000e-01 9.4381899513e-03 3.0000000000e+02 -9.4368262426e-10 -8.8624826217e-14 9.4382192446e-10 9.4368147332e-10 4.4452004902e-15 8.8641778063e-14 -9.4381794541e-10 4.3381160877e-14
d  1.5628937876e-02 1.0597451862e+00 -2.0000000000e-01 9.1388228780e-03 3.0000000000e+02 -9.1374470849e-10 -8.9792461949e-14 9.1388270354e-10 9.1374444986e-10 4.4498211597e-15 8.9812119608e-14 -9.1388213540e-10 4.3436187458e-14
d  1.5630625683e-02 1.0585637220e+00 -2.0000000000e-01 8.7799094534e-03 3.0000000000e+02 -8.7785179986e-10 -9.1275530308e-14 8.7799416640e-10 8.7785048430e-10 4.4524700164e-15 9.1293447480e-14 -8.7798973234e-10 4.3500638574e-14
d  1.5631638367e-02 1.0578548435e+00 -2.0000000000e-01 8.5647181274e-03 3.0000000000e+02 -8.5633162709e-10 -9.2278307325e-14 8.5647160832e-10 8.5633158596e-10 4.4571730624e-15 9.2298530488e-14 -8.5647187867e-10 4.3551202398e-14
d  1.5632853588e-02 1.0570041892e+00 -2.0000000000e-01 8.3065356491e-03 3.0000000000e+02 -8.3051204776e-10 -9.3524525535e-14 8.3065838066e-10 8.3051043583e-10 4.4601806807e-15 9.3539674108e-14 -8.3065205030e-10 4.3608641658e-14
d  1.5634311852e-02 1.0559834041e+00 -2.0000000000e-01 7.9965920931e-03 3.0000000000e+02 -7.9951590011e-10 -9.5232046512e-14 7.9966021507e-10 7.9951547214e-10 4.4744669960e-15 9.5251245246e-14 -7.9965888618e-10 4.3709275906e-14
d  1.5636061770e-02 1.0547584620e+00 -2.0000000000e-01 7.6242624116e-03 3.0000000000e+02 -7.6228057461e-10 -9.7430451202e-14 7.6242807150e-10 7.6227987265e-10 4.4884467083e-15 9.7449307432e-14 -7.6242564314e-10 4.3831368490e-14
d  1.5637111721e-02 1.0540234967e+00 -2.0000000000e-01 7.4006509609e-03 3.0000000000e+02 -7.3991786062e-10 -9.8914885801e-14 7.4006538561e-10 7.3991767676e-10 4.4983985802e-15 9.8934578694e-14 -7.4006501779e-10 4.3916127809e-14
d  1.5638371662e-02 1.0531415384e+00 -2.0000000000e-01 7.1319201572e-03 3.0000000000e+02 -7.1304271594e-10 -1.0083917852e-13 7.1319239284e-10 7.1304251030e-10 4.5135911876e-15 1.0085880902e-13 -7.1319191540e-10 4.4031271138e-14
d  1.5639883591e-02 1.0520831884e+00 -2.0000000000e-01 6.8086054006e-03 3.0000000000e+02 -6.8070847855e-10 -1.0341744829e-13 6.8086172029e-10 6.8070805412e-10 4.5371531833e-15 1.0343653317e-13 -6.8086021975e-10 4.4193314401e-14
d  1.5641697906e-02 1.0508131684e+00 -2.0000000000e-01 6.4190631831e-03 3.0000000000e+02 -6.4175049745e-10 -1.0692128958e-13 6.4190810940e-10 6.4174990514e-10 4.5703862407e-15 1.0694019924e-13 -6.4190582955e-10 4.4418183843e-14
d  1.5642786494e-02 1.0500511564e+00 -2.0000000000e-01 6.1845647311e-03 3.0000000000e+02 -6.1829814707e-10 -1.0926996894e-13 6.1845682873e-10 6.1829796288e-10 4.5881940096e-15 1.0928960011e-13 -6.1845639386e-10 4.4561721802e-14
d  1.5644092801e-02 1.0491367420e+00 -2.0000000000e-01 5.9021484319e-03 3.0000000000e+02 -5.9005316744e-10 -1.1238264242e-13 5.9021894489e-10 5.9005217666e-10 4.6149818770e-15 1.1239870480e-13 -5.9021395052e-10 4.4759087203e-14
d  1.5645660369e-02 1.0480394447e+00 -2.0000000000e-01 5.5614248811e-03 3.0000000000e+02 -5.5597625675e-10 -1.1663777831e-13 5.5614302512e-10 5.5597603577e-10 4.6571976959e-15 1.1665736890e-13 -5.5614237170e-10 4.5042121602e-14
d  1.5647541451e-02 1.0467226880e+00 -2.0000000000e-01 5.1495893441e-03 3.0000000000e+02 -5.1478642645e-10 -1.2246543955e-13 5.1495974216e-10 5.1478614968e-10 4.7071920973e-15 1.2248495340e-13 -5.1495876187e-10 4.5417235237e-14
d  1.5648670100e-02 1.0459326340e+00 -2.0000000000e-01 4.9012283779e-03 3.0000000000e+02 -4.8994610627e-10 -1.2643975451e-13 4.9012262325e-10 4.8994603833e-10 4.7293765516e-15 1.2645997432e-13 -4.9012287534e-10 4.5652065280e-14
d  1.5650024478e-02 1.0449845691e+00 -2.0000000000e-01 4.6017931504e-03 3.0000000000e+02 -4.5999688091e-10 -1.3177560875e-13 4.6017904729e-10 4.5999681985e-10 4.7634577432e-15 1.3179586375e-13 -4.6017935941e-10 4.5977097533e-14
d  1.5651649733e-02 1.0438468913e+00 -2.0000000000e-01 4.2403993096e-03 3.0000000000e+02 -4.2384972024e-10 -1.3907576871e-13 4.2404048865e-10 4.2384952785e-10 4.8045293059e-15 1.3909534315e-13 -4.2403984258e-10 4.6413584075e-14
d  1.5652624885e-02 1.0431642846e+00 -2.0000000000e-01 4.0230023024e-03 3.0000000000e+02 -4.0210492397e-10 -1.4391577240e-13 4.0230125409e-10 4.0210468906e-10 4.8120988881e-15 1.4393448152e-13 -4.0230009772e-10 4.6666823755e-14
d  1.5653795069e-02 1.0423451566e+00 -2.0000000000e-01 3.7617876063e-03 3.0000000000e+02 -3.7597672596e-10 -1.5029691501e-13 3.7617876864e-10 3.7597662076e-10 4.8242733416e-15 1.5031690559e-13 -3.7617876003e-10 4.7006294140e-14
d  1.5654497179e-02 1.0418536798e+00 -2.0000000000e-01 3.6051681164e-03 3.0000000000e+02 -3.6031050192e-10 -1.5437442360e-13 3.6051771021e-10 3.6031030662e-10 4.8186860713e-15 1.5439274435e-13 -3.6051671795e-10 4.7198331626e-14
d  1.5655339711e-02 1.0412639076e+00 -2.0000000000e-01 3.4175110641e-03 3.0000000000e+02 -3.4153932563e-10 -1.5961490030e-13 3.4175109604e-10 3.4153922251e-10 4.8135480177e-15 1.5963491838e-13 -3.4175110779e-10 4.7449935206e-14
d  1.5655845230e-02 1.0409100443e+00 -2.0000000000e-01 3.3052181375e-03 3.0000000000e+02 -3.3030663990e-10 -1.6286619341e-13 3.3052206911e-10 3.3030651407e-10 4.8008759427e-15 1.6288550271e-13 -3.3052179114e-10 4.7588263265e-14
d  1.5656451853e-02 1.0404854083e+00 -2.0000000000e-01 3.1708739408e-03 3.0000000000e+02 -3.1686797370e-10 -1.6695979520e-13 3.1708817318e-10 3.1686780554e-10 4.7854328253e-15 1.6697782762e-13 -3.1708732689e-10 4.7763741755e-14
d  1.5657179800e-02 1.0399758451e+00 -2.0000000000e-01 3.0104343434e-03 3.0000000000e+02 -3.0081871952e-10 -1.7203796258e-13 3.0104290040e-10 3.0081865853e-10 4.7596996613e-15 1.7205907083e-13 -3.0104347958e-10 4.7971546591e-14
d  1.5657616569e-02 1.0396701072e+00 -2.0000000000e-01 2.9147241901e-03 3.0000000000e+02 -2.9124447690e-10 -1.7520006802e-13 2.9147253476e-10 2.9124436458e-10 4.7353305965e-15 1.7521969914e-13 -2.9147241032e-10 4.8081882698e-14
d  1.5658140691e-02 1.0393032218e+00 -2.0000000000e-01 2.8005380743e-03 3.0000000000e+02 -2.7982187285e-10 -1.7910219427e-13 2.8005366770e-10 2.7982177866e-10 4.7046515335e-15 1.7912261031e-13 -2.8005381817e-10 4.8220246957e-14
d  1.5658769638e-02 1.0388629592e+00 -2.0000000000e-01 2.6646526543e-03 3.0000000000e+02 -2.6622844148e-10 -1.8386945000e-13 2.6646537139e-10 2.6622833038e-10 4.6589405540e-15 1.8388918991e-13 -2.6646525804e-10 4.8373663345e-14
d  1.5659147006e-02 1.0385988017e+00 -2.0000000000e-01 2.5838341596e-03 3.0000000000e+02 -2.5814363505e-10 -1.8678990144e-13 2.5838337235e-10 2.5814353389e-10 4.6242416071e-15 1.8681006450e-13 -2.5838341920e-10 4.8455143129e-14
d  1.5659599847e-02 1.0382818126e+00 -2.0000000000e-01 2.4876575732e-03 3.0000000000e+02 -2.4852238140e-10 -1.9032923244e-13 2.4876564587e-10 2.4852228425e-10 4.5794291814e-15 1.9034962199e-13 -2.4876576492e-10 4.8548892113e-14
d  1.5660143257e-02 1.0379014257e+00 -2.0000000000e-01 2.3735507181e-03 3.0000000000e+02 -2.3710734347e-10 -1.9463813935e-13 2.3735534667e-10 2.3710722364e-10 4.5188244731e-15 1.9465734552e-13 -2.3735505465e-10 4.8651759327e-14
d  1.5660469303e-02 1.0376731936e+00 -2.0000000000e-01 2.3058539628e-03 3.0000000000e+02 -2.3033506264e-10 -1.9724101011e-13 2.3058534183e-10 2.3033496182e-10 4.4765891021e-15 1.9726124820e-13 -2.3058539986e-10 4.8703825094e-14
d  1.5660860559e-02 1.0373993151e+00 -2.0000000000e-01 2.2254528453e-03 3.0000000000e+02 -2.2229182101e-10 -2.0036197522e-13 2.2254523314e-10 2.2229171996e-10 4.4226639546e-15 2.0038218536e-13 -2.2254528780e-10 4.8759367783e-14
d  1.5661330065e-02 1.0370706608e+00 -2.0000000000e-01 2.1302796582e-03 3.0000000000e+02 -2.1277075307e-10 -2.0412486293e-13 2.1302805771e-10 2.1277064469e-10 4.3525953383e-15 2.0414455193e-13 -2.1302796082e-10 4.8817520846e-14
d  1.5661611768e-02 1.0368734683e+00 -2.0000000000e-01 2.0739167390e-03 3.0000000000e+02 -2.0713223752e-10 -2.0637403974e-13 2.0739164576e-10 2.0713213518e-10 4.3059239409e-15 2.0639418326e-13 -2.0739167570e-10 4.8843401184e-14
d  1.5661949813e-02 1.0366368372e+00 -2.0000000000e-01 2.0070668200e-03 3.0000000000e+02 -2.0044459418e-10 -2.0905312214e-13 2.0070665683e-10 2.0044449169e-10 4.2473834287e-15 2.0907324223e-13 -2.0070668358e-10 4.8868603056e-14
d  1.5662355466e-02 1.0363528799e+00 -2.0000000000e-01 1.9280495080e-03 3.0000000000e+02 -1.9253971935e-10 -2.1225089139e-13 1.9280617564e-10 1.9253956045e-10 4.1719473391e-15 2.1226604752e-13 -1.9280488750e-10 4.8888143501e-14
d  1.5662598858e-02 1.0361825056e+00 -2.0000000000e-01 1.8813037430e-03 3.0000000000e+02 -1.8786327620e-10 -2.1423297857e-13 1.8812910242e-10 1.8786322727e-10 4.1284667074e-15 2.1426053229e-13 -1.8813044193e-10 4.8907527805e-14
d  1.5662890929e-02 1.0359780564e+00 -2.0000000000e-01 1.8259000350e-03 3.0000000000e+02 -1.8232074191e-10 -2.1626932812e-13 1.8258998985e-10 1.8232063888e-10 4.0628457764e-15 2.1628940397e-13 -1.8259000438e-10 4.8886492505e-14
d  1.5663241413e-02 1.0357327173e+00 -2.0000000000e-01 1.7604573517e-03 3.0000000000e+02 -1.7577386736e-10 -2.1908766510e-13 1.7604576082e-10 1.7577376275e-10 3.9917076736e-15 2.1910754683e-13 -1.7604573410e-10 4.8895673740e-14
d  1.5663451704e-02 1.0355855138e+00 -2.0000000000e-01 1.7217575024e-03 3.0000000000e+02 -1.7190236992e-10 -2.2063691606e-13 1.7217564429e-10 1.7190227051e-10 3.9445054065e-15 2.2065764761e-13 -1.7217575580e-10 4.8885496102e-14
d  1.5663704053e-02 1.0354088697e+00 -2.0000000000e-01 1.6758985373e-03 3.0000000000e+02 -1.6731468763e-10 -2.2248151248e-13 1.6758868186e-10 1.6731462883e-10 3.8881510705e-15 2.2250908404e-13 -1.6758991142e-10 4.8873485518e-14
d  1.5664006871e-02 1.0351968967e+00 -2.0000000000e-01 1.6217314635e-03 3.0000000000e+02 -1.6189590038e-10 -2.2458087164e-13 1.6217314017e-10 1.6189579709e-10 3.8135554384e-15 2.2460090481e-13 -1.6217314680e-10 4.8839234416e-14
d  1.5664188563e-02 1.0350697129e+00 -2.0000000000e-01 1.5896956693e-03 3.0000000000e+02 -1.5869108375e-10 -2.2598003048e-13 1.5896973747e-10 1.5869097407e-10 3.7711484271e-15 2.2599866294e-13 -1.5896955861e-10 4.8830618996e-14
d  1.5664406592e-02 1.0349170924e+00 -2.0000000000e-01 1.5517240926e-03 3.0000000000e+02 -1.5489248798e-10 -2.2750370602e-13 1.5517160672e-10 1.5489241286e-10 3.7188859998e-15 2.2752972890e-13 -1.5517244794e-10 4.8810242408e-14
d  1.5664668227e-02 1.0347339478e+00 -2.0000000000e-01 1.5068530317e-03 3.0000000000e+02 -1.5040372005e-10 -2.2916194272e-13 1.5068480662e-10 1.5040363364e-10 3.6499349089e-15 2.2918503915e-13 -1.5068532561e-10 4.8764636541e-14
d  1.5664982190e-02 1.0345141742e+00 -2.0000000000e-01 1.4540342699e-03 3.0000000000e+02 -1.4511990112e-10 -2.3129451857e-13 1.4540316260e-10 1.4511980647e-10 3.5690799562e-15 2.3131588799e-13 -1.4540343824e-10 4.8721129451e-14
d  1.5665170567e-02 1.0343823100e+00 -2.0000000000e-01 1.4228905293e-03 3.0000000000e+02 -1.4200440802e-10 -2.3249937988e-13 1.4228841398e-10 1.4200432534e-10 3.5196841926e-15 2.3252432377e-13 -1.4228908216e-10 4.8689883657e-14
d  1.5665396620e-02 1.0342240731e+00 -2.0000000000e-01 1.3860710181e-03 3.0000000000e+02 -1.3832116311e-10 -2.3384802933e-13 1.3860676177e-10 1.3832107045e-10 3.4572064814e-15 2.3387049182e-13 -1.3860711686e-10 4.8640997401e-14
d  1.5665667883e-02 1.0340341887e+00 -2.0000000000e-01 1.3426981695e-03 3.0000000000e+02 -1.3398237801e-10 -2.3553165251e-13 1.3426982785e-10 1.3398227427e-10 3.3830702386e-15 2.3555158688e-13 -1.3426981663e-10 4.8587440831e-14
d  1.5665993399e-02 1.0338063275e+00 -2.0000000000e-01 1.2918386976e-03 3.0000000000e+02 -1.2889473320e-10 -2.3742539725e-13 1.2918386389e-10 1.2889462999e-10 3.2924357046e-15 2.3744542659e-13 -1.2918387011e-10 4.8513848045e-14
d  1.5666188709e-02 1.0336696107e+00 -2.0000000000e-01 1.2619522585e-03 3.0000000000e+02 -1.2590512642e-10 -2.3848169458e-13 1.2619487892e-10 1.2590503309e-10 3.2373561479e-15 2.3850428489e-13 -1.2619524037e-10 4.8464520055e-14
d  1.5666423081e-02 1.0335055506e+00 -2.0000000000e-01 1.2267199184e-03 3.0000000000e+02 -1.2238079591e-10 -2.3966025128e-13 1.2267202116e-10 1.2238069173e-10 3.1688181708e-15 2.3968004634e-13 -1.2267199079e-10 4.8395856087e-14
d  1.5666704327e-02 1.0333086785e+00 -2.0000000000e-01 1.1853606797e-03 3.0000000000e+02 -1.1824362580e-10 -2.4113334590e-13 1.1853533980e-10 1.1824354221e-10 3.0892504863e-15 2.4115757643e-13 -1.1853609496e-10 4.8322143450e-14
d  1.5666873074e-02 1.0331905552e+00 -2.0000000000e-01 1.1610289851e-03 3.0000000000e+02 -1.1580976636e-10 -2.4180459002e-13 1.1610265737e-10 1.1580966951e-10 3.0378124774e-15 2.4182667863e-13 -1.1610290861e-10 4.8259765817e-14
d  1.5667075571e-02 1.0330488073e+00 -2.0000000000e-01 1.1323140491e-03 3.0000000000e+02 -1.1293746692e-10 -2.4282809660e-13 1.1323126082e-10 1.1293736738e-10 2.9797050384e-15 2.4284926483e-13 -1.1323141075e-10 4.8203183991e-14
d  1.5667318568e-02 1.0328787098e+00 -2.0000000000e-01 1.0985553172e-03 3.0000000000e+02 -1.0956070349e-10 -2.4386828617e-13 1.0985557060e-10 1.0956059922e-10 2.9076879482e-15 2.4388802396e-13 -1.0985553040e-10 4.8121319952e-14
d  1.5667610164e-02 1.0326745928e+00 -2.0000000000e-01 1.0590565176e-03 3.0000000000e+02 -1.0560984799e-10 -2.4505688083e-13 1.0590528284e-10 1.0560975367e-10 2.8221136335e-15 2.4507894935e-13 -1.0590566430e-10 4.8021991070e-14
d  1.5667785121e-02 1.0325521226e+00 -2.0000000000e-01 1.0358866586e-03 3.0000000000e+02 -1.0329233157e-10 -2.4562492965e-13 1.0358856153e-10 1.0329223083e-10 2.7692497421e-15 2.4564580137e-13 -1.0358866994e-10 4.7951978146e-14
d  1.5667995070e-02 1.0324051584e+00 -2.0000000000e-01 1.0086082902e-03 3.0000000000e+02 -1.0056389950e-10 -2.4642610976e-13 1.0086084663e-10 1.0056379585e-10 2.7075523142e-15 2.4644597202e-13 -1.0086082848e-10 4.7877521439e-14
d  1.5668247009e-02 1.0322288013e+00 -2.0000000000e-01 9.7663129392e-04 3.0000000000e+02 -9.7365564341e-11 -2.4724403316e-13 9.7662776265e-11 9.7365469069e-11 2.6334389536e-15 2.4726633083e-13 -9.7663141309e-11 4.7780919715e-14
d  1.5668549335e-02 1.0320171728e+00 -2.0000000000e-01 9.3934750667e-04 3.0000000000e+02 -9.3636535141e-11 -2.4804829298e-13 9.3934769980e-11 9.3636431522e-11 2.5427177198e-15 2.4806818848e-13 -9.3934750169e-11 4.7652314494e-14
d  1.5668730731e-02 1.0318901957e+00 -2.0000000000e-01 9.1754384254e-04 3.0000000000e+02 -9.1455824406e-11 -2.4858404427e-13 9.1754095058e-11 9.1455727420e-11 2.4908390445e-15 2.4860637533e-13 -9.1754394470e-11 4.7583069621e-14
d  1.5668948406e-02 1.0317378231e+00 -2.0000000000e-01 8.9193817781e-04 3.0000000000e+02 -8.8894912897e-11 -2.4901121161e-13 8.9193855806e-11 8.8894808932e-11 2.4256895702e-15 2.4903092467e-13 -8.9193816596e-11 4.7483076928e-14
d  1.5669209617e-02 1.0315549761e+00 -2.0000000000e-01 8.6201286175e-04 3.0000000000e+02 -8.5902037834e-11 -2.4963157008e-13 8.6201096974e-11 8.5901938455e-11 2.3507049626e-15 2.4965275794e-13 -8.6201292038e-11 4.7375078965e-14
d  1.5669523069e-02 1.0313355597e+00 -2.0000000000e-01 8.2724731157e-04 3.0000000000e+02 -8.2425195112e-11 -2.5009579537e-13 8.2724470989e-11 8.2425096938e-11 2.2595786624e-15 2.5011715413e-13 -8.2724738489e-11 4.7228874519e-14
d  1.5669711140e-02 1.0312039098e+00 -2.0000000000e-01 8.0698028487e-04 3.0000000000e+02 -8.0398374913e-11 -2.5033948045e-13 8.0698029866e-11 8.0398271766e-11 2.2057948834e-15 2.5035946973e-13 -8.0698028523e-11 4.7141059740e-14
d  1.5669936826e-02 1.0310459300e+00 -2.0000000000e-01 7.8324084535e-04 3.0000000000e+02 -7.8024347645e-11 -2.5065737549e-13 7.8324082889e-11 7.8024244571e-11 2.1425882946e-15 2.5067738746e-13 -7.8324084663e-11 4.7039681878e-14
d  1.5670207648e-02 1.0308563542e+00 -2.0000000000e-01 7.5558187153e-04 3.0000000000e+02 -7.5258440671e-11 -2.5085435889e-13 7.5558063915e-11 7.5258339754e-11 2.0667190785e-15 2.5087510545e-13 -7.5558190654e-11 4.6908563575e-14
d  1.5670532635e-02 1.0306288632e+00 -2.0000000000e-01 7.2356721698e-04 3.0000000000e+02 -7.2057083470e-11 -2.5096997250e-13 7.2356695968e-11 7.2056980838e-11 1.9767989788e-15 2.5099010219e-13 -7.2356722420e-11 4.6747151202e-14
d  1.5670727628e-02 1.0304923686e+00 -2.0000000000e-01 7.0496320551e-04 3.0000000000e+02 -7.0196802545e-11 -2.5102184820e-13 7.0496335010e-11 7.0196699253e-11 1.9246240490e-15 2.5104173974e-13 -7.0496320197e-11 4.6652866246e-14
d  1.5670961619e-02 1.0303285751e+00 -2.0000000000e-01 6.8322804914e-04 3.0000000000e+02 -6.8023495519e-11 -2.5100108904e-13 6.8322704830e-11 6.8023394106e-11 1.8624905838e-15 2.5102179194e-13 -6.8322807785e-11 4.6536433425e-14
d  1.5671242407e-02 1.0301320229e+00 -2.0000000000e-01 6.5798215515e-04 3.0000000000e+02 -6.5499244333e-11 -2.5084569599e-13 6.5798096728e-11 6.5499143153e-11 1.7885216034e-15 2.5086639032e-13 -6.5798218582e-11 4.6391094448e-14
d  1.5671579354e-02 1.0298961603e+00 -2.0000000000e-01 6.2886676207e-04 3.0000000000e+02 -6.2588228434e-11 -2.5059111270e-13 6.2886548475e-11 6.2588127313e-11 1.7020782973e-15 2.5061173402e-13 -6.2886679185e-11 4.6217667289e-14
d  1.5671781522e-02 1.0297546427e+00 -2.0000000000e-01 6.1200052151e-04 3.0000000000e+02 -6.0901973970e-11 -2.5036518633e-13 6.1200061227e-11 6.0901870861e-11 1.6518056130e-15 2.5038512066e-13 -6.1200051969e-11 4.6112871657e-14
d  1.5672024124e-02 1.0295848216e+00 -2.0000000000e-01 5.9234559339e-04 3.0000000000e+02 -5.8936985583e-11 -2.5009080281e-13 5.9234513545e-11 5.8936883273e-11 1.5926691864e-15 2.5011111306e-13 -5.9234560569e-11 4.5989313226e-14
d  1.5672315246e-02 1.0293810363e+00 -2.0000000000e-01 5.6958416759e-04 3.0000000000e+02 -5.6661533870e-11 -2.4959285008e-13 5.6958336574e-11 5.6661432012e-11 1.5225449771e-15 2.4961330228e-13 -5.6958418657e-11 4.5833919075e-14
d  1.5672664592e-02 1.0291364939e+00 -2.0000000000e-01 5.4342613778e-04 3.0000000000e+02 -5.4046672423e-11 -2.4891745292e-13 5.4342622429e-11 5.4046569400e-11 1.4409036587e-15 2.4893741231e-13 -5.4342613653e-11 4.5648207948e-14
d  1.5672874200e-02 1.0289897685e+00 -2.0000000000e-01 5.2831870374e-04 3.0000000000e+02 -5.2536544353e-11 -2.4848160285e-13 5.2831866623e-11 5.2536441502e-11 1.3942397225e-15 2.4850162903e-13 -5.2831870519e-11 4.5539661948e-14
d  1.5673125729e-02 1.0288136980e+00 -2.0000000000e-01 5.1075589694e-04 3.0000000000e+02 -5.0781061586e-11 -2.4786419754e-13 5.1075567745e-11 5.0780958976e-11 1.3387451870e-15 2.4788434098e-13 -5.1075590258e-11 4.5405481083e-14
d  1.5673427565e-02 1.0286024134e+00 -2.0000000000e-01 4.9047493005e-04 3.0000000000e+02 -4.8753998893e-11 -2.4704881950e-13 4.9047451080e-11 4.8753896524e-11 1.2738400675e-15 2.4706904760e-13 -4.9047493928e-11 4.5243828994e-14
d  1.5673789767e-02 1.0283488718e+00 -2.0000000000e-01 4.6724443067e-04 3.0000000000e+02 -4.6432292256e-11 -2.4597393058e-13 4.6724657824e-11 4.6432187051e-11 1.1984537964e-15 2.4599295786e-13 -4.6724439106e-11 4.5049549850e-14
d  1.5674007088e-02 1.0281967469e+00 -2.0000000000e-01 4.5386559512e-04 3.0000000000e+02 -4.5095257037e-11 -2.4532711499e-13 4.5386536544e-11 4.5095154474e-11 1.1563144181e-15 2.4534726960e-13 -4.5386560075e-11 4.4938878237e-14
d  1.5674267874e-02 1.0280141970e+00 -2.0000000000e-01 4.3834717804e-04 3.0000000000e+02 -4.3544491327e-11 -2.4438204157e-13 4.3834704493e-11 4.3544388669e-11 1.1051938343e-15 2.4440212548e-13 -4.3834718132e-11 4.4796151760e-14
d  1.5674580817e-02 1.0277951371e+00 -2.0000000000e-01 4.2047391136e-04 3.0000000000e+02 -4.1758518626e-11 -2.4327240364e-13 4.2047363893e-11 4.1758416123e-11 1.0464687346e-15 2.4329254663e-13 -4.2047391695e-11 4.4631153270e-14
d  1.5674956348e-02 1.0275322652e+00 -2.0000000000e-01 4.0006310193e-04 3.0000000000e+02 -3.9719150670e-11 -2.4182275799e-13 4.0006284532e-11 3.9719048162e-11 9.7871198156e-16 2.4184287013e-13 -4.0006310666e-11 4.4432152088e-14
d  1.5675406986e-02 1.0272168190e+00 -2.0000000000e-01 3.7699319851e-04 3.0000000000e+02 -3.7414330853e-11 -2.3996718163e-13 3.7699263603e-11 3.7414228632e-11 9.0161418642e-16 2.3998738629e-13 -3.7699320733e-11 4.4195292419e-14
d  1.5675677368e-02 1.0270275513e+00 -2.0000000000e-01 3.6386031608e-04 3.0000000000e+02 -3.6102392558e-11 -2.3878806153e-13 3.6386033174e-11 3.6102289841e-11 8.5846973760e-16 2.3880805306e-13 -3.6386031616e-11 4.4055609684e-14
d  1.5676001827e-02 1.0268004300e+00 -2.0000000000e-01 3.4877111133e-04 3.0000000000e+02 -3.4595147707e-11 -2.3735648631e-13 3.4877094674e-11 3.4595045168e-11 8.0809053025e-16 2.3737656965e-13 -3.4877111449e-11 4.3889780158e-14
d  1.5676391178e-02 1.0265278844e+00 -2.0000000000e-01 3.3158752116e-04 3.0000000000e+02 -3.2878867148e-11 -2.3551957966e-13 3.3158728970e-11 3.2878764681e-11 7.5000643870e-16 2.3553967725e-13 -3.3158752499e-11 4.3689028232e-14
d  1.5676858399e-02 1.0262008298e+00 -2.0000000000e-01 3.1222613276e-04 3.0000000000e+02 -3.0945305608e-11 -2.3324642722e-13 3.1222617502e-11 3.0945202956e-11 6.8436193340e-16 2.3326641239e-13 -3.1222613251e-11 4.3452145772e-14
d  1.5677138732e-02 1.0260045970e+00 -2.0000000000e-01 3.0123305746e-04 3.0000000000e+02 -2.9847576007e-11 -2.3185360884e-13 3.0123306730e-11 2.9847473399e-11 6.4805867010e-16 2.3187360370e-13 -3.0123305760e-11 4.3314283274e-14
d  1.5677475131e-02 1.0257691176e+00 -2.0000000000e-01 2.8862759168e-04 3.0000000000e+02 -2.8588961963e-11 -2.3012636516e-13 2.8862747419e-11 2.8588859472e-11 6.0557185992e-16 2.3014642254e-13 -2.8862759379e-11 4.3147944464e-14
d  1.5677878810e-02 1.0254865424e+00 -2.0000000000e-01 2.7430460646e-04 3.0000000000e+02 -2.7159026385e-11 -2.2800120508e-13 2.7430441846e-11 2.7158923963e-11 5.5696396801e-16 2.2802128155e-13 -2.7430460929e-11 4.2950024213e-14
d  1.5678363225e-02 1.0251474521e+00 -2.0000000000e-01 2.5820627622e-04 3.0000000000e+02 -2.5552079495e-11 -2.2540347734e-13 2.5820691364e-11 2.5551976581e-11 5.0228204293e-16 2.2542326140e-13 -2.5820626885e-11 4.2716804140e-14
d  1.5678653874e-02 1.0249439980e+00 -2.0000000000e-01 2.4908444320e-04 3.0000000000e+02 -2.4641643567e-11 -2.2384771233e-13 2.4908445245e-11 2.4641541067e-11 4.7238252372e-16 2.2386770768e-13 -2.4908444331e-11 4.2582450367e-14
d  1.5679002652e-02 1.0246998530e+00 -2.0000000000e-01 2.3864063635e-04 3.0000000000e+02 -2.3599382486e-11 -2.2190284777e-13 2.3864057633e-11 2.3599280052e-11 4.3723924355e-16 2.2192287604e-13 -2.3864063743e-11 4.2418475056e-14
d  1.5679421187e-02 1.0244068790e+00 -2.0000000000e-01 2.2679382534e-04 3.0000000000e+02 -2.2417265762e-11 -2.1956909918e-13 2.2679383705e-11 2.2417163314e-11 3.9733213343e-16 2.1958909459e-13 -2.2679382542e-11 4.2225898759e-14
d  1.5679923428e-02 1.0240553102e+00 -2.0000000000e-01 2.1350286072e-04 3.0000000000e+02 -2.1091266707e-11 -2.1675157414e-13 2.1350485585e-11 2.1091163249e-11 3.5256027761e-16 2.1677092212e-13 -2.1350283943e-11 4.1999615826e-14
d  1.5680526118e-02 1.0236334276e+00 -2.0000000000e-01 1.9878502023e-04 3.0000000000e+02 -1.9623213436e-11 -2.1336796331e-13 1.9878489803e-11 1.9623111132e-11 3.0367931612e-16 2.1338799658e-13 -1.9878502158e-11 4.1736949852e-14
d  1.5680887731e-02 1.0233802981e+00 -2.0000000000e-01 1.9055131157e-04 3.0000000000e+02 -1.8802077590e-11 -2.1126369470e-13 1.9055124515e-11 1.8801975285e-11 2.7706951385e-16 2.1128372154e-13 -1.9055131254e-11 4.1580363463e-14
d  1.5681321668e-02 1.0230765426e+00 -2.0000000000e-01 1.8122016034e-04 3.0000000000e+02 -1.7871645647e-11 -2.0880328601e-13 1.8122094933e-11 1.7871542969e-11 2.4648385740e-16 2.0882298749e-13 -1.8122015179e-11 4.1398314909e-14
d  1.5681842392e-02 1.0227120361e+00 -2.0000000000e-01 1.7076117387e-04 3.0000000000e+02 -1.6828956945e-11 -2.0586763945e-13 1.7076111716e-11 1.6828854698e-11 2.1234080601e-16 2.0588765733e-13 -1.7076117459e-11 4.1185446088e-14
d  1.5682467260e-02 1.0222746283e+00 -2.0000000000e-01 1.5918913449e-04 3.0000000000e+02 -1.5675578891e-11 -2.0229895767e-13 1.5918913974e-11 1.5675476661e-11 1.7460472905e-16 2.0231895629e-13 -1.5918913460e-11 4.0933383864e-14
d  1.5682842181e-02 1.0220121836e+00 -2.0000000000e-01 1.5271906821e-04 3.0000000000e+02 -1.5030845303e-11 -2.0020142233e-13 1.5271906304e-11 1.5030743104e-11 1.5451507719e-16 2.0022142435e-13 -1.5271906841e-11 4.0789040680e-14
d  1.5683292087e-02 1.0216972500e+00 -2.0000000000e-01 1.4538890979e-04 3.0000000000e+02 -1.4300539284e-11 -1.9768167089e-13 1.4538882036e-11 1.4300437149e-11 1.3128726236e-16 1.9770170351e-13 -1.4538891083e-11 4.0617258140e-14
d  1.5683831973e-02 1.0213193296e+00 -2.0000000000e-01 1.3717446995e-04 3.0000000000e+02 -1.3482313264e-11 -1.9468539448e-13 1.3717444321e-11 1.3482211142e-11 1.0525910865e-16 1.9470540261e-13 -1.3717447032e-11 4.0415850001e-14
d  1.5684479837e-02 1.0208658252e+00 -2.0000000000e-01 1.2808621988e-04 3.0000000000e+02 -1.2577293298e-11 -1.9114998334e-13 1.2808731817e-11 1.2577190851e-11 7.6736338762e-17 1.9116970517e-13 -1.2808621173e-11 4.0182123961e-14
d  1.5685257273e-02 1.0203216198e+00 -2.0000000000e-01 1.1818029999e-04 3.0000000000e+02 -1.1591176422e-11 -1.8700268169e-13 1.1818029052e-11 1.1591074392e-11 4.6272776492e-17 1.8702268368e-13 -1.1818030017e-11 3.9913376717e-14
d  1.5685723735e-02 1.0199950966e+00 -2.0000000000e-01 1.1271185802e-04 3.0000000000e+02 -1.1046964087e-11 -1.8451222904e-13 1.1271171766e-11 1.1046862131e-11 3.0253072836e-17 1.8453227297e-13 -1.1271185931e-11 3.9755920146e-14
d  1.5686283489e-02 1.0196032688e+00 -2.0000000000e-01 1.0657799784e-04 3.0000000000e+02 -1.0436682251e-11 -1.8159112300e-13 1.0657791920e-11 1.0436580313e-11 1.1985709898e-17 1.8161114605e-13 -1.0657799856e-11 3.9572210593e-14
d  1.5686955194e-02 1.0191330754e+00 -2.0000000000e-01 9.9782902949e-05 3.0000000000e+02 -9.7608220449e-12 -1.7819090356e-13 9.9782861676e-12 9.7607201425e-12 -8.1698909350e-18 1.7821091364e-13 -9.9782903328e-12 3.9360363367e-14
d  1.5687761240e-02 1.0185688433e+00 -2.0000000000e-01 9.2363449248e-05 3.0000000000e+02 -9.0231382333e-12 -1.7420140441e-13 9.2363436989e-12 9.0230363794e-12 -2.9819522677e-17 1.7422140691e-13 -9.2363449412e-12 3.9115296169e-14
d  1.5688728495e-02 1.0178917648e+00 -2.0000000000e-01 8.4396489518e-05 3.0000000000e+02 -8.2313841958e-12 -1.6956361159e-13 8.4396267232e-12 8.2312824545e-12 -5.2583176562e-17 1.6958364930e-13 -8.4396490717e-12 3.8834591320e-14
d  1.5689889202e-02 1.0170792706e+00 -2.0000000000e-01 7.6003375048e-05 3.0000000000e+02 -7.3977517424e-12 -1.6421284836e-13 7.6003130947e-12 7.3976500812e-12 -7.5971282879e-17 1.6423288287e-13 -7.6003376172e-12 3.8515678302e-14
d  1.5690585626e-02 1.0165917741e+00 -2.0000000000e-01 7.1501150813e-05 3.0000000000e+02 -6.9508000035e-12 -1.6112895957e-13 7.1501135237e-12 6.9506983474e-12 -8.7472434438e-17 1.6114896283e-13 -7.1501150970e-12 3.8335183145e-14
d  1.5691421334e-02 1.0160067783e+00 -2.0000000000e-01 6.6562421270e-05 3.0000000000e+02 -6.4607290544e-12 -1.5757160827e-13 6.6562403371e-12 6.4606274570e-12 -1.0044251224e-16 1.5759161178e-13 -6.6562421429e-12 3.8127551543e-14
d  1.5692424184e-02 1.0153047833e+00 -2.0000000000e-01 6.1228667379e-05 3.0000000000e+02 -5.9317354732e-12 -1.5343632968e-13 6.1229361669e-12 5.9316338282e-12 -1.1436122131e-16 1.5345621616e-13 -6.1228664383e-12 3.7888101411e-14
d  1.5693627605e-02 1.0144623893e+00 -2.0000000000e-01 5.5570166189e-05 3.0000000000e+02 -5.3708912079e-12 -1.4873904763e-13 5.5570167350e-12 5.3707897614e-12 -1.2863682489e-16 1.4875904747e-13 -5.5570166240e-12 3.7618721952e-14
d  1.5695071709e-02 1.0134515165e+00 -2.0000000000e-01 4.9057443470e-05 3.0000000000e+02 -4.7104852958e-12 -1.5736960148e-13 4.9055805475e-12 4.7103841579e-12 -1.2746686288e-16 1.5738978807e-13 -4.9057448729e-12 3.8093262262e-14
d  1.5695938172e-02 1.0128449928e+00 -2.0000000000e-01 4.6133535943e-05 3.0000000000e+02 -4.4366633846e-12 -1.3993222303e-13 4.6133537506e-12 4.4365620999e-12 -1.6103756281e-16 1.3995222277e-13 -4.6133535982e-12 3.7101929194e-14
d  1.5696977927e-02 1.0121171644e+00 -2.0000000000e-01 4.2755866053e-05 3.0000000000e+02 -4.1025039926e-12 -1.3635683263e-13 4.2755763089e-12 4.1024027937e-12 -1.5549018126e-16 1.3637684885e-13 -4.2755866497e-12 3.6926683948e-14
d  1.5698225633e-02 1.0112437704e+00 -2.0000000000e-01 3.9147987510e-05 3.0000000000e+02 -3.7456820414e-12 -1.3263622200e-13 3.9148601397e-12 3.7455808490e-12 -1.6651550379e-16 1.3265614138e-13 -3.9147985511e-12 3.6713057584e-14
d  1.5699722880e-02 1.0101956975e+00 -2.0000000000e-01 3.5374330489e-05 3.0000000000e+02 -3.3732995267e-12 -1.2794283220e-13 3.5374331947e-12 3.3731985070e-12 -1.7504180122e-16 1.2796283204e-13 -3.5374330520e-12 3.6452533472e-14
d  1.5701519577e-02 1.0089380100e+00 -2.0000000000e-01 3.1191713580e-05 3.0000000000e+02 -2.9522540827e-12 -1.3057440863e-13 3.1191177793e-12 2.9521532340e-12 -1.7704115800e-16 1.3059445762e-13 -3.1191714888e-12 3.6599659975e-14
d  1.5702597596e-02 1.0081833975e+00 -2.0000000000e-01 2.9257888880e-05 3.0000000000e+02 -2.7701936831e-12 -1.1992174702e-13 2.9257891306e-12 2.7700928646e-12 -1.9148405207e-16 1.1994174669e-13 -2.9257888901e-12 3.6003410355e-14
d  1.5703891217e-02 1.0072778625e+00 -2.0000000000e-01 2.7053454192e-05 3.0000000000e+02 -2.5530748416e-12 -1.1668355587e-13 2.7053462183e-12 2.5529741132e-12 -1.8992956247e-16 1.1670355486e-13 -2.7053454195e-12 3.5836976687e-14
d  1.5705443563e-02 1.0061912205e+00 -2.0000000000e-01 2.4714550879e-05 3.0000000000e+02 -2.3229888809e-12 -1.1309972104e-13 2.4714552411e-12 2.3228882617e-12 -1.9570470844e-16 1.1311972088e-13 -2.4714550900e-12 3.5638612911e-14
d  1.5707306379e-02 1.0048872501e+00 -2.0000000000e-01 2.2273893473e-05 3.0000000000e+02 -2.0831373860e-12 -1.0910503836e-13 2.2273900576e-12 2.0830368968e-12 -2.0007338166e-16 1.0912503774e-13 -2.2273893480e-12 3.5421141523e-14
d  1.5709541757e-02 1.0033224857e+00 -2.0000000000e-01 1.9618084301e-05 3.0000000000e+02 -1.8172456450e-12 -1.0940445257e-13 1.9617186601e-12 1.8171453632e-12 -2.0175642653e-16 1.0942451846e-13 -1.9618085934e-12 3.5442117868e-14
d  1.5710882984e-02 1.0023836270e+00 -2.0000000000e-01 1.8380823584e-05 3.0000000000e+02 -1.7012743525e-12 -1.0206239138e-13 1.8380832966e-12 1.7011741135e-12 -2.0859182345e-16 1.0208239036e-13 -1.8380823579e-12 3.5035225097e-14
d  1.5712492457e-02 1.0012569966e+00 -2.0000000000e-01 1.6975095248e-05 3.0000000000e+02 -1.5636090513e-12 -9.9295380173e-14 1.6975098684e-12 1.5635089254e-12 -2.0790173664e-16 9.9315379824e-14 -1.6975095257e-12 3.4890838495e-14
d  1.5714290000e-02 9.9999871667e-01 -2.0000000000e-01 1.5584811914e-05 3.0000000000e+02 -1.4276427027e-12 -9.6396530004e-14 1.5584830083e-12 1.4275427019e-12 -2.1069327632e-16 9.6416528371e-14 -1.5584811893e-12 3.4732813177e-14
d  1.5716447052e-02 9.9848878073e-01 -2.0000000000e-01 1.4125142965e-05 3.0000000000e+02 -1.2850629320e-12 -9.3180318298e-14 1.4125145258e-12 1.2849630830e-12 -2.1278404701e-16 9.3200318124e-14 -1.4125142975e-12 3.4559193634e-14
d  1.5719035514e-02 9.9667685762e-01 -2.0000000000e-01 1.2621948501e-05 3.0000000000e+02 -1.1384702532e-12 -8.9651127426e-14 1.2621951245e-12 1.1383705854e-12 -2.1482637727e-16 8.9671127253e-14 -1.2621948509e-12 3.4368871449e-14
d  1.5722141669e-02 9.9450254987e-01 -2.0000000000e-01 1.1017480046e-05 3.0000000000e+02 -9.7892608256e-13 -8.8789382688e-14 1.1017196261e-12 9.7882664188e-13 -2.1570870350e-16 8.8809397662e-14 -1.1017480405e-12 3.4326893178e-14
d  1.5725869055e-02 9.9189338058e-01 -2.0000000000e-01 9.4735486047e-06 3.0000000000e+02 -8.2895736341e-13 -8.4604766589e-14 9.4733550345e-13 8.2885817961e-13 -2.1833598342e-16 8.4624775108e-14 -9.4735488129e-13 3.4100555727e-14
d  1.5728105486e-02 9.9032787901e-01 -2.0000000000e-01 8.7655973259e-06 3.0000000000e+02 -7.6383739791e-13 -7.9236910973e-14 8.7655901389e-13 7.6373836535e-13 -2.2002776733e-16 7.9256911440e-14 -8.7655973449e-13 3.3806639688e-14
d  1.5730789204e-02 9.8844927712e-01 -2.0000000000e-01 7.9731415178e-06 3.0000000000e+02 -6.8710778402e-13 -7.6813807374e-14 7.9731536756e-13 6.8700893874e-13 -2.1979140441e-16 7.6833806635e-14 -7.9731415097e-13 3.3677955246e-14
d  1.5734009665e-02 9.8619495485e-01 -2.0000000000e-01 7.1569109341e-06 3.0000000000e+02 -6.0834846996e-13 -7.4107872107e-14 7.1569153685e-13 6.0824985036e-13 -2.2084065038e-16 7.4127871882e-14 -7.1569109363e-13 3.3531610625e-14
d  1.5737874219e-02 9.8348976813e-01 -2.0000000000e-01 6.2923571005e-06 3.0000000000e+02 -5.2342622189e-13 -7.2651024843e-14 6.2922064267e-13 5.2332787620e-13 -2.2116383445e-16 7.2671031218e-14 -6.2923572471e-13 3.3455697664e-14
d  1.5742511683e-02 9.8024354406e-01 -2.0000000000e-01 5.4916286067e-06 3.0000000000e+02 -4.4816192286e-13 -6.8097234668e-14 5.4916309102e-13 4.4806389846e-13 -2.2237324077e-16 6.8117234586e-14 -5.4916286104e-13 3.3207336050e-14
d  1.5745294162e-02 9.7829580962e-01 -2.0000000000e-01 5.0729710487e-06 3.0000000000e+02 -4.0804202798e-13 -6.6436641400e-14 5.0730496535e-13 4.0794419671e-13 -2.2229106122e-16 6.6456637305e-14 -5.0729709677e-13 3.3118129122e-14
d  1.5748633136e-02 9.7595852830e-01 -2.0000000000e-01 4.6298685750e-06 3.0000000000e+02 -3.6566413607e-13 -6.4608431431e-14 4.6298666134e-13 3.6556654026e-13 -2.2255931270e-16 6.4628431526e-14 -4.6298685817e-13 3.3019348197e-14
d  1.5752639905e-02 9.7315379070e-01 -2.0000000000e-01 4.1687586999e-06 3.0000000000e+02 -3.2166351326e-13 -6.2599056780e-14 4.1687262044e-13 3.2156619844e-13 -2.2276223484e-16 6.2619058101e-14 -4.1687587319e-13 3.2910822918e-14
d  1.5757448028e-02 9.6978810559e-01 -2.0000000000e-01 3.6981718871e-06 3.0000000000e+02 -2.7688138396e-13 -6.0439547497e-14 3.6980631115e-13 2.7678440675e-13 -2.2291208836e-16 6.0459551186e-14 -3.6981719691e-13 3.2794105041e-14
d  1.5763217776e-02 9.6574928346e-01 -2.0000000000e-01 3.2280327580e-06 3.0000000000e+02 -2.3228560986e-13 -5.8141991078e-14 3.2280335574e-13 2.3218903492e-13 -2.2299494609e-16 5.8161991055e-14 -3.2280327607e-13 3.2669783149e-14
d  1.5770141473e-02 9.6090269690e-01 -2.0000000000e-01 2.7686240561e-06 3.0000000000e+02 -1.8885976241e-13 -5.5762253322e-14 2.7686379753e-13 1.8876367199e-13 -2.2298737702e-16 5.5782252994e-14 -2.7686240518e-13 3.2540884047e-14
d  1.5778449909e-02 9.5508679303e-01 -2.0000000000e-01 2.3308747264e-06 3.0000000000e+02 -1.4768998012e-13 -5.3288676794e-14 2.3308750494e-13 1.4759447144e-13 -2.2287866227e-16 5.3308676788e-14 -2.3308747286e-13 3.2406622687e-14
d  1.5788420033e-02 9.4810770838e-01 -2.0000000000e-01 1.9232592577e-06 3.0000000000e+02 -1.0954050764e-13 -5.0811093792e-14 1.9232541433e-13 1.0944569691e-13 -2.2264284087e-16 5.0831093876e-14 -1.9232592614e-13 3.2271906536e-14
d  1.5794402107e-02 9.4392025759e-01 -2.0000000000e-01 1.7249957046e-06 3.0000000000e+02 -9.1064044746e-14 -4.9530044726e-14 1.7249534419e-13 9.0969653085e-14 -2.2244977266e-16 4.9550045749e-14 -1.7249957272e-13 3.2201894543e-14
d  1.5801580596e-02 9.3889531665e-01 -2.0000000000e-01 1.5224212865e-06 3.0000000000e+02 -7.2261781170e-14 -4.8146205029e-14 1.5224302810e-13 7.2167891567e-14 -2.2221194806e-16 4.8166204825e-14 -1.5224212838e-13 3.2126332167e-14
d  1.5810194783e-02 9.3286538751e-01 -2.0000000000e-01 1.3193395029e-06 3.0000000000e+02 -5.3484883615e-14 -4.6698179832e-14 1.3193404055e-13 5.3391597070e-14 -2.2190011872e-16 4.6718179815e-14 -1.3193395039e-13 3.2047228614e-14
d  1.5815363295e-02 9.2924743003e-01 -2.0000000000e-01 1.2145159876e-06 3.0000000000e+02 -4.3824294099e-14 -4.5917375866e-14 1.2145042247e-13 4.3731369455e-14 -2.2169788622e-16 4.5937376194e-14 -1.2145159953e-13 3.2004403189e-14
d  1.5821565510e-02 9.2490588105e-01 -2.0000000000e-01 1.1027437692e-06 3.0000000000e+02 -3.3557191077e-14 -4.5052518543e-14 1.1027398008e-13 3.3464700520e-14 -2.2145277372e-16 4.5072518646e-14 -1.1027437724e-13 3.1956995428e-14
d  1.5829008167e-02 9.1969602228e-01 -2.0000000000e-01 9.8554481722e-07 3.0000000000e+02 -2.2830815757e-14 -4.4110942642e-14 9.8555584347e-14 2.2738846082e-14 -2.2114956604e-16 4.4130942402e-14 -9.8554481341e-14 3.1905345460e-14
d  1.5837939356e-02 9.1344419176e-01 -2.0000000000e-01 8.6486511901e-07 3.0000000000e+02 -1.1826251670e-14 -4.3103241352e-14 8.6487137886e-14 1.1734907215e-14 -2.2077486062e-16 4.3123241238e-14 -8.6486511760e-14 3.1849990194e-14
d  1.5848656783e-02 9.0594199512e-01 -2.0000000000e-01 7.4312671605e-07 3.0000000000e+02 -7.7370889159e-16 -4.2038550684e-14 7.4316906370e-14 6.8311449047e-16 -2.2031482762e-16 4.2058550042e-14 -7.4312670394e-14 3.1791397838e-14
d  1.5861517695e-02 8.9693935917e-01 -2.0000000000e-01 6.2310902819e-07 3.0000000000e+02 1.0058180122e-14 -4.0930655955e-14 6.2310951332e-14 -1.0147874060e-14 -2.1975189556e-16 4.0950655949e-14 -6.2310902869e-14 3.1730292942e-14
d  1.5876950790e-02 8.8613619602e-01 -2.0000000000e-01 5.0740195369e-07 3.0000000000e+02 2.0437843535e-14 -3.9797439777e-14 5.0740098937e-14 -2.0526457152e-14 -2.1906661486e-16 3.9817439787e-14 -5.0740195440e-14 3.1667624794e-14
d  1.5895470503e-02 8.7317240024e-01 -2.0000000000e-01 3.9685042690e-07 3.0000000000e+02 3.0393972684e-14 -3.8754424500e-14 3.9684494915e-14 -3.0481289909e-14 -2.1823302715e-16 3.8774424548e-14 -3.9685042826e-14 3.1609982091e-14
d  1.5917694160e-02 8.5761584530e-01 -2.0000000000e-01 2.9613188754e-07 3.0000000000e+02 3.9318581764e-14 -3.7665605197e-14 2.9612430478e-14 -3.9404343331e-14 -2.1723556984e-16 3.7685605252e-14 -2.9613188894e-14 3.1549459976e-14
d  1.5944362547e-02 8.3894797938e-01 -2.0000000000e-01 2.0630151320e-07 3.0000000000e+02 4.7180123290e-14 -3.6600484814e-14 2.0632463875e-14 -4.7264018130e-14 -2.1603547766e-16 3.6620484673e-14 -2.0630151060e-14 3.1489969462e-14
d  1.5960363579e-02 8.2774725982e-01 -2.0000000000e-01 1.6609182056e-07 3.0000000000e+02 5.0511203104e-14 -3.5945920702e-14 1.6607137619e-14 -5.0593977782e-14 -2.1532011855e-16 3.5965920886e-14 -1.6609182433e-14 3.1452791419e-14
d  1.5979564818e-02 8.1430639636e-01 -2.0000000000e-01 1.2416558999e-07 3.0000000000e+02 5.4122842910e-14 -3.5391920691e-14 1.2416495635e-14 -5.4204273548e-14 -2.1445703821e-16 3.5411920696e-14 -1.2416559022e-14 3.1421541921e-14
d  1.6002606305e-02 7.9817736020e-01 -2.0000000000e-01 8.3237851568e-08 3.0000000000e+02 5.7620928038e-14 -3.4828638453e-14 8.3237772076e-15 -5.7700745774e-14 -2.1343476295e-16 3.4848638453e-14 -8.3237851662e-15 3.1389689375e-14
d  1.6030256089e-02 7.7882251681e-01 -2.0000000000e-01 4.4256737499e-08 3.0000000000e+02 6.0922119862e-14 -3.4260486649e-14 4.4256899931e-15 -6.1000002114e-14 -2.1221583911e-16 3.4280486648e-14 -4.4256737525e-15 3.1357401303e-14
d  1.6063435830e-02 7.5559670474e-01 -2.0000000000e-01 8.1192871698e-09 3.0000000000e+02 6.3949710790e-14 -3.3702477762e-14 8.1193405143e-16 -6.4025270461e-14 -2.1076772141e-16 3.3722477762e-14 -8.1192871729e-16 3.1325490828e-14
d  1.6103251519e-02 7.2772573026e-01 -2.0000000000e-01 -2.4450416031e-08 3.0000000000e+02 6.6646468334e-14 -3.3168537291e-14 -2.4444793623e-15 -6.6719240913e-14 -2.0905191745e-16 3.3188537268e-14 2.4450416499e-15 3.1294711537e-14
d  1.6151030346e-02 6.9428056088e-01 -2.0000000000e-01 -5.2912666258e-08 3.0000000000e+02 6.8971054081e-14 -3.2670920440e-14 -5.2912484299e-15 -6.9040482137e-14 -2.0702518707e-16 3.2690920439e-14 5.2912666322e-15 3.1265721317e-14
d  1.6208364939e-02 6.5414635763e-01 -2.0000000000e-01 -7.7034928400e-08 3.0000000000e+02 7.0915346779e-14 -3.2222571821e-14 -7.7034863722e-15 -7.0980761414e-14 -2.0463950947e-16 3.2242571821e-14 7.7034928481e-15 3.1239226213e-14
d  1.6277166449e-02 6.0598531373e-01 -2.0000000000e-01 -9.6827370391e-08 3.0000000000e+02 7.2492273869e-14 -3.1836053886e-14 -9.6823543748e-15 -7.2552872403e-14 -2.0184250455e-16 3.1856053877e-14 9.6827370661e-15 3.1215921831e-14
d  1.6359728262e-02 5.4819206105e-01 -2.0000000000e-01 -1.1251853670e-07 3.0000000000e+02 7.3733113784e-14 -3.1518750822e-14 -1.1251879836e-14 -7.3787932990e-14 -1.9857819782e-16 3.1538750822e-14 1.1251853680e-14 3.1196204919e-14
d  1.6458802438e-02 4.7884015783e-01 -2.0000000000e-01 -1.2458686227e-07 3.0000000000e+02 7.4695349928e-14 -3.1278710919e-14 -1.2458685015e-14 -7.4743233944e-14 -1.9478836955e-16 3.1298710919e-14 1.2458686240e-14 3.1180526773e-14
d  1.6577691448e-02 3.9561787396e-01 -2.0000000000e-01 -1.3360008401e-07 3.0000000000e+02 7.5441681620e-14 -3.1122396295e-14 -1.3360006217e-14 -7.5481243407e-14 -1.9041470522e-16 3.1142396295e-14 1.3360008414e-14 3.1169259029e-14
d  1.6720358261e-02 2.9575113333e-01 -2.0000000000e-01 -1.4017920304e-07 3.0000000000e+02 7.6041481946e-14 -3.1055777548e-14 -1.4017989338e-14 -7.6071057059e-14 -1.8540164127e-16 3.1075777548e-14 1.4017920316e-14 3.1162760262e-14
d  1.6891558437e-02 1.7591104456e-01 -2.0000000000e-01 -1.4501722209e-07 3.0000000000e+02 7.6567567476e-14 -3.1081873059e-14 -1.4501706371e-14 -7.6585158581e-14 -1.7970012607e-16 3.1101873059e-14 1.4501722224e-14 3.1161199798e-14
d  1.7096998647e-02 3.2102938047e-02 -2.0000000000e-01 -1.4889732064e-07 3.0000000000e+02 7.7113685318e-14 -3.1215039750e-14 -1.4889867956e-14 -7.7116895611e-14 -1.7327211702e-16 3.1235039751e-14 1.4889732076e-14 3.1165428490e-14
d  1.7142860000e-02 0.0000000000e+00 -2.0000000000e-01 -1.4978138722e-07 3.0000000000e+02 7.7263833029e-14 -3.1269432819e-14 -1.4977185045e-14 -7.7263833034e-14 -1.7189464864e-16 3.1289432793e-14 1.4978138785e-14 3.1167734472e-14
