v ATLAS
# This file was created by ATLAS version 5.32.1.R on Thu Oct  8 14:53:34 2026.
#SSF 2.0 generic
##############################################################################
#                    Copyright (c) 1984 - 2021                               #
#                    Silvaco Inc. All rights reserved                        #
#                                                                            #
# This file format and the following Key are copyright Silvaco Inc.          #
# You may not use, this format or key without reproducing this message in    #
# full and obtaining express written permission from Silvaco Inc.            #
#                                                                            #
# To obtain such permission please contact: Silvaco Inc.                     #
#                                           support@silvaco.com              #
#                                                                            #
# KEY=SVC86hn7562asdx                       PROD=345                         #
##############################################################################
Q 10000 1 "V[4]" 5 1201 7 1
Q 10001 1 "V[2]" 5 1201 7 2
Q 10002 1 "V[1]" 5 1201 7 3
Q 10003 1 "V[3]" 5 1201 7 4
X 1 Vdrain
X 2 Vgate
X 3 Rdrain
X 4 Rtap
X 5 Adev_drain
X 6 Adev_source
X 7 Adev_gate
X 8 Adev_tap
X 9 Adev_substrate
p 15 61 10000 10001 10002 10003 82 1301 1302 1303 1304 1305 1306 1307 1308 1309
d  1.0000000000e-09 6.9999996500e-07 -2.0000000000e-01 6.9767884328e-07 5.5773549879e-08 3.0000000000e+02 -7.7370724176e-14 3.6850271371e-14 7.7334910323e-14 5.5710909844e-15 7.7372333332e-14 -1.2068259084e-15 -3.6823896301e-14 -5.5897433809e-15 -3.3758843809e-14
d  2.0000000000e-09 1.3999999300e-06 -2.0000000000e-01 1.3976523544e-06 9.7610432210e-08 3.0000000000e+02 -7.8252521184e-14 3.4897630968e-14 7.8252476701e-14 9.7610711293e-15 7.8252511185e-14 -7.5788263784e-16 -3.4877673977e-14 -9.7609606606e-15 -3.2889621451e-14
d  3.0000000000e-09 2.0999998950e-06 -2.0000000000e-01 2.0976459262e-06 1.2542215384e-07 3.0000000000e+02 -7.8465625493e-14 3.3349827811e-14 7.8465594993e-14 1.2542185459e-14 7.8465635890e-14 -4.4976448350e-16 -3.3329781844e-14 -1.2542304021e-14 -3.2134624940e-14
d  4.2000000000e-09 2.9399998530e-06 -2.0000000000e-01 2.9376386891e-06 1.4544700006e-07 3.0000000000e+02 -7.8705463137e-14 3.2317259086e-14 7.8705370377e-14 1.4544690008e-14 7.8705466011e-14 -2.2997900235e-16 -3.2297246040e-14 -1.4544725517e-14 -3.1633375953e-14
d  5.6400000000e-09 3.9479998026e-06 -2.0000000000e-01 3.9456341128e-06 1.5793078105e-07 3.0000000000e+02 -7.8856325972e-14 3.1668993630e-14 7.8856113711e-14 1.5793048383e-14 7.8856333530e-14 -9.3038509101e-17 -3.1648961225e-14 -1.5793141236e-14 -3.1321081811e-14
d  7.3680000000e-09 5.1575997421e-06 -2.0000000000e-01 5.1552317167e-06 1.6437225734e-07 3.0000000000e+02 -7.8934179981e-14 3.1334787906e-14 7.8933811700e-14 1.6437154391e-14 7.8934195221e-14 -2.2389033432e-17 -3.1314722928e-14 -1.6437351901e-14 -3.1159898049e-14
d  9.4416000000e-09 6.6091196695e-06 -2.0000000000e-01 6.6067507558e-06 1.6682080267e-07 3.0000000000e+02 -7.8963793773e-14 3.1207723332e-14 7.8963368192e-14 1.6681986186e-14 7.8963810181e-14 4.4701303971e-18 -3.1187651868e-14 -1.6682218882e-14 -3.1098635895e-14
d  1.1929920000e-08 8.3509435825e-06 -2.0000000000e-01 8.3485745309e-06 1.6720700553e-07 3.0000000000e+02 -7.8968385040e-14 3.1187480999e-14 7.8968079978e-14 1.6720625601e-14 7.8968395068e-14 8.7149372336e-18 -3.1167433523e-14 -1.6720792569e-14 -3.1088972191e-14
d  1.4915904000e-08 1.0441132278e-05 -2.0000000000e-01 1.0438763356e-05 1.6689393724e-07 3.0000000000e+02 -7.8964079806e-14 3.1203378242e-14 7.8964377869e-14 1.6689474416e-14 7.8964067273e-14 5.2846101485e-18 -3.1183420853e-14 -1.6689311216e-14 -3.1096759771e-14
d  1.8499084800e-08 1.2949358713e-05 -2.0000000000e-01 1.2946989932e-05 1.6656857300e-07 3.0000000000e+02 -7.8959341834e-14 3.1219242729e-14 7.8960570951e-14 1.6657221184e-14 7.8959300163e-14 1.7475517345e-18 -3.1199402935e-14 -1.6656547220e-14 -3.1104800970e-14
d  2.2798901760e-08 1.5959230434e-05 -2.0000000000e-01 1.5956861786e-05 1.6640852924e-07 3.0000000000e+02 -7.8954931398e-14 3.1225230617e-14 7.8958821578e-14 1.6642103315e-14 7.8954816704e-14 8.1712775379e-20 -3.1205689526e-14 -1.6639965055e-14 -3.1108500144e-14
d  2.7958682112e-08 1.9571076500e-05 -2.0000000000e-01 1.9568708092e-05 1.6635122283e-07 3.0000000000e+02 -7.8946922151e-14 3.1221374142e-14 7.8958599502e-14 1.6639129620e-14 7.8946621276e-14 -2.5639452333e-19 -3.1202600092e-14 -1.6632751180e-14 -3.1108961606e-14
d  3.4150418534e-08 2.3905291779e-05 -2.0000000000e-01 2.3902923736e-05 1.6631325682e-07 3.0000000000e+02 -7.8934758249e-14 3.1210459136e-14 7.8958955400e-14 1.6640142917e-14 7.8934210359e-14 -1.5880669908e-19 -3.1192707548e-14 -1.6626978436e-14 -3.1108138270e-14
d  4.1580502241e-08 2.9106350114e-05 -2.0000000000e-01 2.9103982416e-05 1.6627267173e-07 3.0000000000e+02 -7.8923269979e-14 3.1198410389e-14 7.8959340100e-14 1.6641150536e-14 7.8922553119e-14 -6.1547178462e-20 -3.1181361268e-14 -1.6621563342e-14 -3.1107225244e-14
d  5.0496602690e-08 3.5347620115e-05 -2.0000000000e-01 3.5345252494e-05 1.6625822595e-07 3.0000000000e+02 -7.8920704872e-14 3.1192581209e-14 7.8959637058e-14 1.6641523417e-14 7.8920028839e-14 -3.3406309705e-20 -3.1175362645e-14 -1.6620447417e-14 -3.1106788181e-14
d  6.1195923227e-08 4.2837144117e-05 -2.0000000000e-01 4.2834776493e-05 1.6625281553e-07 3.0000000000e+02 -7.8920822958e-14 3.1193052588e-14 7.8959697080e-14 1.6641623257e-14 7.8920234970e-14 -3.1019035920e-20 -3.1175465382e-14 -1.6620619569e-14 -3.1106797414e-14
d  7.4035107873e-08 5.1824572920e-05 -2.0000000000e-01 5.1822205291e-05 1.6624818034e-07 3.0000000000e+02 -7.8920975700e-14 3.1193894390e-14 7.8959900814e-14 1.6641792631e-14 7.8920464375e-14 -3.7759148820e-20 -3.1175983160e-14 -1.6620782710e-14 -3.1106839097e-14
d  8.9442129448e-08 6.2609487483e-05 -2.0000000000e-01 6.2607119847e-05 1.6624504394e-07 3.0000000000e+02 -7.8921209876e-14 3.1194220520e-14 7.8960246976e-14 1.6642044428e-14 7.8920766383e-14 -3.7022005469e-20 -3.1176019302e-14 -1.6621029692e-14 -3.1106842075e-14
d  1.0793055534e-07 7.5551384958e-05 -2.0000000000e-01 7.5549017313e-05 1.6624313839e-07 3.0000000000e+02 -7.8921512039e-14 3.1194521473e-14 7.8960649183e-14 1.6642355279e-14 7.8921127806e-14 -3.6822796659e-20 -3.1176063424e-14 -1.6621335539e-14 -3.1106845280e-14
d  1.3011666640e-07 9.1081661929e-05 -2.0000000000e-01 9.1079294272e-05 1.6624243615e-07 3.0000000000e+02 -7.8921895787e-14 3.1194788418e-14 7.8961048764e-14 1.6642727229e-14 7.8921562650e-14 -3.5550943618e-20 -3.1176104958e-14 -1.6621700915e-14 -3.1106849482e-14
d  1.5673999969e-07 1.0971799429e-04 -2.0000000000e-01 1.0971562662e-04 1.6624302688e-07 3.0000000000e+02 -7.8922371878e-14 3.1195056150e-14 7.8961587487e-14 1.6643173993e-14 7.8922082143e-14 -3.7216115941e-20 -3.1176176338e-14 -1.6622139360e-14 -3.1106854680e-14
d  1.8868799962e-07 1.3208159313e-04 -2.0000000000e-01 1.3207922544e-04 1.6624500143e-07 3.0000000000e+02 -7.8922962076e-14 3.1195315462e-14 7.8962227303e-14 1.6643711229e-14 7.8922708591e-14 -3.6713928217e-20 -3.1176265803e-14 -1.6622664933e-14 -3.1106860947e-14
d  2.2702559955e-07 1.5891791174e-04 -2.0000000000e-01 1.5891554403e-04 1.6624849736e-07 3.0000000000e+02 -7.8923684918e-14 3.1195544402e-14 7.8963069917e-14 1.6644358225e-14 7.8923461046e-14 -3.6469622841e-20 -3.1176348640e-14 -1.6623296733e-14 -3.1106868382e-14
d  2.7303071946e-07 1.9112149406e-04 -2.0000000000e-01 1.9111912633e-04 1.6625366399e-07 3.0000000000e+02 -7.8924563948e-14 3.1195798617e-14 7.8963868643e-14 1.6645132691e-14 7.8924363602e-14 -3.6685665337e-20 -3.1176477699e-14 -1.6624055141e-14 -3.1106877179e-14
d  3.2823686335e-07 2.2976579285e-04 -2.0000000000e-01 2.2976342509e-04 1.6626068991e-07 3.0000000000e+02 -7.8925626810e-14 3.1196035844e-14 7.8965104795e-14 1.6646058805e-14 7.8925444254e-14 -3.6469872563e-20 -3.1176608156e-14 -1.6624963927e-14 -3.1106887831e-14
d  3.9448423602e-07 2.7613895140e-04 -2.0000000000e-01 2.7613658360e-04 1.6626984046e-07 3.0000000000e+02 -7.8926910437e-14 3.1196302291e-14 7.8966538825e-14 1.6647169440e-14 7.8926740279e-14 -3.6870560611e-20 -3.1176783892e-14 -1.6626054153e-14 -3.1106900724e-14
d  4.7398108322e-07 3.3178674166e-04 -2.0000000000e-01 3.3178437381e-04 1.6628143388e-07 3.0000000000e+02 -7.8928458817e-14 3.1196575423e-14 7.8967952580e-14 1.6648502560e-14 7.8928295889e-14 -3.6246593166e-20 -3.1176980225e-14 -1.6627361813e-14 -3.1106916159e-14
d  5.6937729986e-07 3.9856408998e-04 -2.0000000000e-01 3.9856172207e-04 1.6629587178e-07 3.0000000000e+02 -7.8930320931e-14 3.1196893353e-14 7.8969826045e-14 1.6650101751e-14 7.8930160142e-14 -3.6620241932e-20 -3.1177233270e-14 -1.6628930898e-14 -3.1106934573e-14
d  6.8385275984e-07 4.7869690795e-04 -2.0000000000e-01 4.7869453998e-04 1.6631363780e-07 3.0000000000e+02 -7.8932559646e-14 3.1197236936e-14 7.8972434659e-14 1.6652020309e-14 7.8932395874e-14 -3.6750694329e-20 -3.1177522159e-14 -1.6630813094e-14 -3.1106956646e-14
d  8.2122331180e-07 5.7485628952e-04 -2.0000000000e-01 5.7485392146e-04 1.6633532615e-07 3.0000000000e+02 -7.8935248979e-14 3.1197631060e-14 7.8975243702e-14 1.6654321912e-14 7.8935076954e-14 -3.6718617105e-20 -3.1177870277e-14 -1.6633070763e-14 -3.1106983044e-14
d  9.8606797417e-07 6.9024754740e-04 -2.0000000000e-01 6.9024517925e-04 1.6636165841e-07 3.0000000000e+02 -7.8938476813e-14 3.1198087076e-14 7.8978676810e-14 1.6657082150e-14 7.8938290930e-14 -3.6613684837e-20 -3.1178287643e-14 -1.6635778613e-14 -3.1107014599e-14
d  1.1838815690e-06 8.2871705686e-04 -2.0000000000e-01 8.2871468860e-04 1.6639352362e-07 3.0000000000e+02 -7.8942351747e-14 3.1198616980e-14 7.8982677119e-14 1.6660394227e-14 7.8942145903e-14 -3.6609681980e-20 -3.1178785124e-14 -1.6639027736e-14 -3.1107052372e-14
d  1.4212578828e-06 9.9488046822e-04 -2.0000000000e-01 9.9487809981e-04 1.6643197278e-07 3.0000000000e+02 -7.8947000026e-14 3.1199238444e-14 7.8986347179e-14 1.6664365931e-14 7.8946767456e-14 -3.6618769284e-20 -3.1179379420e-14 -1.6642925133e-14 -3.1107097520e-14
d  1.7061094594e-06 1.1942765618e-03 -2.0000000000e-01 1.1942741933e-03 1.6647827400e-07 3.0000000000e+02 -7.8952572635e-14 3.1199968157e-14 7.8992933064e-14 1.6669129472e-14 7.8952305603e-14 -3.6513501512e-20 -3.1180086372e-14 -1.6647599181e-14 -3.1107151447e-14
d  2.0479313512e-06 1.4335518742e-03 -2.0000000000e-01 1.4335495054e-03 1.6653395848e-07 3.0000000000e+02 -7.8959251444e-14 3.1200836126e-14 7.8998979978e-14 1.6674843874e-14 7.8958941103e-14 -3.6630857616e-20 -3.1180935319e-14 -1.6653204366e-14 -3.1107215826e-14
d  2.4581176215e-06 1.7206822490e-03 -2.0000000000e-01 1.7206798800e-03 1.6660085856e-07 3.0000000000e+02 -7.8967252636e-14 3.1201855996e-14 7.9008641332e-14 1.6681695162e-14 7.8966888645e-14 -3.6621829503e-20 -3.1181939273e-14 -1.6659925085e-14 -3.1107292295e-14
d  2.9503411458e-06 2.0652386988e-03 -2.0000000000e-01 2.0652363283e-03 1.6689652605e-07 3.0000000000e+02 -7.9017495871e-14 3.1221004189e-14 7.8976631427e-14 1.6668119323e-14 7.9017099319e-14 -2.1837104957e-20 -3.1200935037e-14 -1.6689786147e-14 -3.1108485743e-14
d  3.5410093749e-06 2.4787064385e-03 -2.0000000000e-01 2.4787040677e-03 1.6699305244e-07 3.0000000000e+02 -7.9027792920e-14 3.1265498987e-14 7.8986634609e-14 1.6677615874e-14 7.9027311036e-14 -4.1696165839e-20 -3.1245440941e-14 -1.6699417340e-14 -3.1111361636e-14
d  4.2498112499e-06 2.9748677262e-03 -2.0000000000e-01 2.9748653549e-03 1.6711116450e-07 3.0000000000e+02 -7.9042114659e-14 3.1256994264e-14 7.9000603701e-14 1.6689247094e-14 7.9041531339e-14 -3.6645130512e-20 -3.1236945490e-14 -1.6711210644e-14 -3.1110833218e-14
d  5.1003734999e-06 3.5702612714e-03 -2.0000000000e-01 3.5702588997e-03 1.6725214257e-07 3.0000000000e+02 -7.9058837008e-14 3.1259458659e-14 7.9016899346e-14 1.6703133099e-14 7.9058132780e-14 -3.6593559456e-20 -3.1239417619e-14 -1.6725293517e-14 -3.1111013562e-14
d  6.1210481999e-06 4.2847335257e-03 -2.0000000000e-01 4.2847311533e-03 1.6742098657e-07 3.0000000000e+02 -7.9078822658e-14 3.1262371199e-14 7.9036375650e-14 1.6719770026e-14 7.9077973986e-14 -3.6647863870e-20 -3.1242336615e-14 -1.6742165451e-14 -3.1111227009e-14
d  7.3458578398e-06 5.1421002308e-03 -2.0000000000e-01 5.1420978577e-03 1.6762318239e-07 3.0000000000e+02 -7.9102691729e-14 3.1265795226e-14 7.9059639246e-14 1.6739700143e-14 7.9101670303e-14 -3.6656105693e-20 -3.1245766032e-14 -1.6762374627e-14 -3.1111478368e-14
d  8.8156294078e-06 6.1709402769e-03 -2.0000000000e-01 6.1709379030e-03 1.6786624441e-07 3.0000000000e+02 -7.9131359321e-14 3.1269883406e-14 7.9130559455e-14 1.6786527240e-14 7.9130125170e-14 -4.1898710980e-20 -3.1249883301e-14 -1.6786624659e-14 -3.1111790255e-14
d  1.0579355289e-05 7.4055483323e-03 -2.0000000000e-01 7.4055459573e-03 1.6815653477e-07 3.0000000000e+02 -7.9165897619e-14 3.1252153407e-14 7.9164978913e-14 1.6815558700e-14 7.9164416542e-14 -3.4923460798e-20 -3.1232153322e-14 -1.6815653658e-14 -3.1110696885e-14
d  1.2695826347e-05 8.8870779987e-03 -2.0000000000e-01 8.8870756226e-03 1.6850305651e-07 3.0000000000e+02 -7.9206200717e-14 3.1262726436e-14 7.9205139207e-14 1.6850213623e-14 7.9204423351e-14 -3.6756064965e-20 -3.1242726367e-14 -1.6850305801e-14 -3.1111429606e-14
d  1.5235591617e-05 1.0664913598e-02 -2.0000000000e-01 1.0664911221e-02 1.6891775351e-07 3.0000000000e+02 -7.9254298847e-14 3.1268558536e-14 7.9253022952e-14 1.6891663811e-14 7.9252165911e-14 -3.6792065072e-20 -3.1248558467e-14 -1.6891775502e-14 -3.1111868244e-14
d  1.8283309940e-05 1.2798316318e-02 -2.0000000000e-01 1.2798313939e-02 1.6941361630e-07 3.0000000000e+02 -7.9311407714e-14 3.1275174334e-14 7.9309636867e-14 1.6941099919e-14 7.9308848117e-14 -3.6818747704e-20 -3.1255174198e-14 -1.6941361909e-14 -3.1112369621e-14
d  2.1940571928e-05 1.5358399582e-02 -2.0000000000e-01 1.5358397200e-02 1.7000634718e-07 3.0000000000e+02 -7.9379102799e-14 3.1282666172e-14 7.9376234289e-14 1.6999923887e-14 7.9376031207e-14 -3.6840761842e-20 -3.1262665865e-14 -1.7000635328e-14 -3.1112941950e-14
d  2.6329286314e-05 1.8430499498e-02 -2.0000000000e-01 1.8430497114e-02 1.7071468804e-07 3.0000000000e+02 -7.9459196858e-14 3.1291098166e-14 7.9450988034e-14 1.7068070589e-14 7.9455511149e-14 -3.6740872852e-20 -3.1271096941e-14 -1.7071471186e-14 -3.1113591763e-14
d  3.1595743576e-05 2.2117019398e-02 -2.0000000000e-01 2.2117017011e-02 1.7156115973e-07 3.0000000000e+02 -7.9553744370e-14 3.1302150853e-14 7.9551536539e-14 1.7156118194e-14 7.9549321074e-14 -3.7290850452e-20 -3.1282150854e-14 -1.7156115989e-14 -3.1114430575e-14
d  3.7915492292e-05 2.6540843277e-02 -2.0000000000e-01 2.6540840887e-02 1.7257270979e-07 3.0000000000e+02 -7.9665333338e-14 3.1306927818e-14 7.9662676224e-14 1.7257269670e-14 7.9660025301e-14 -3.7024789307e-20 -3.1286927817e-14 -1.7257270997e-14 -3.1114894647e-14
d  4.5499190750e-05 3.1849431933e-02 -2.0000000000e-01 3.1849429539e-02 1.7378198491e-07 3.0000000000e+02 -7.9796406816e-14 3.1316133841e-14 7.9793250711e-14 1.7378214552e-14 7.9790037087e-14 -3.7195240519e-20 -3.1296133844e-14 -1.7378198502e-14 -3.1115670211e-14
d  5.4599628900e-05 3.8219738319e-02 -2.0000000000e-01 3.8219735921e-02 1.7522938795e-07 3.0000000000e+02 -7.9950306138e-14 3.1323317920e-14 7.9946705043e-14 1.7523058145e-14 7.9942662426e-14 -3.7316315067e-20 -3.1303317941e-14 -1.7522938773e-14 -3.1116352346e-14
d  6.5520154680e-05 4.5864105983e-02 -2.0000000000e-01 4.5864103579e-02 1.7696432534e-07 3.0000000000e+02 -8.0130586513e-14 3.1327912728e-14 8.0126837341e-14 1.7696883203e-14 8.0121414020e-14 -3.7475409504e-20 -3.1307912794e-14 -1.7696432425e-14 -3.1116911862e-14
d  7.8624785616e-05 5.5037347179e-02 -2.0000000000e-01 5.5037344769e-02 1.7906315354e-07 3.0000000000e+02 -8.0344033945e-14 3.1328940636e-14 8.0338533511e-14 1.7906317558e-14 8.0333026679e-14 -3.7662584784e-20 -3.1308940636e-14 -1.7906315371e-14 -3.1117294776e-14
d  9.4350342739e-05 6.6045236615e-02 -2.0000000000e-01 6.6045234198e-02 1.8159717032e-07 3.0000000000e+02 -8.0593881771e-14 3.1323692716e-14 8.0587230870e-14 1.8159693700e-14 8.0580673252e-14 -3.7894395600e-20 -3.1303692714e-14 -1.8159717055e-14 -3.1117340156e-14
d  1.1322101129e-04 7.9254703938e-02 -2.0000000000e-01 7.9254701512e-02 1.8469381845e-07 3.0000000000e+02 -8.0890167543e-14 3.1308119707e-14 8.0881208675e-14 1.8468823865e-14 8.0874317273e-14 -3.8186409287e-20 -3.1288119660e-14 -1.8469381954e-14 -3.1116806134e-14
d  1.3586581354e-04 9.5106064726e-02 -2.0000000000e-01 9.5106062289e-02 1.8851265350e-07 3.0000000000e+02 -8.1243273980e-14 3.1278070580e-14 8.1233425079e-14 1.8851083607e-14 8.1224253749e-14 -3.8554851388e-20 -3.1258070567e-14 -1.8851265394e-14 -3.1115450432e-14
d  1.6303957625e-04 1.1412769767e-01 -2.0000000000e-01 1.1412769522e-01 1.9293592294e-07 3.0000000000e+02 -8.1604483557e-14 3.1197056838e-14 8.1590774877e-14 1.9292326206e-14 8.1581659283e-14 -3.8462110249e-20 -3.1177056764e-14 -1.9293592457e-14 -3.1111019119e-14
d  1.9564809150e-04 1.3695365721e-01 -2.0000000000e-01 1.3695365474e-01 1.9897207725e-07 3.0000000000e+02 -8.2120424454e-14 3.1110581561e-14 8.2106944392e-14 1.9897302536e-14 8.2093034671e-14 -3.9573283867e-20 -3.1090581566e-14 -1.9897207736e-14 -3.1106410165e-14
d  2.3477830980e-04 1.6434480865e-01 -2.0000000000e-01 1.6434480616e-01 2.0703001504e-07 3.0000000000e+02 -8.2804107944e-14 3.0987986672e-14 8.2789145909e-14 2.0703831962e-14 8.2771239982e-14 -4.0287003723e-20 -3.0967986705e-14 -2.0703001459e-14 -3.1099755507e-14
d  2.8173457177e-04 1.9721419038e-01 -2.0000000000e-01 1.9721418787e-01 2.1731499277e-07 3.0000000000e+02 -8.3599811542e-14 3.0761147606e-14 8.3580050288e-14 2.1731405069e-14 8.3560370937e-14 -4.0659735580e-20 -3.0741147602e-14 -2.1731499305e-14 -3.1086940817e-14
d  3.3808208612e-04 2.3665744845e-01 -2.0000000000e-01 2.3665744591e-01 2.3163024347e-07 3.0000000000e+02 -8.4694582145e-14 3.0435787022e-14 8.4670669550e-14 2.3162751011e-14 8.4647252143e-14 -4.1846252569e-20 -3.0415787015e-14 -2.3163024386e-14 -3.1068526873e-14
d  4.0569910334e-04 2.8398935814e-01 -2.0000000000e-01 2.8398935556e-01 2.5162585697e-07 3.0000000000e+02 -8.6173074766e-14 2.9933625596e-14 8.6144624767e-14 2.5162314854e-14 8.6116276678e-14 -4.2846757217e-20 -2.9913625589e-14 -2.5162585735e-14 -3.1040008276e-14
d  4.8683952401e-04 3.4078764977e-01 -2.0000000000e-01 3.4078764712e-01 2.7977391706e-07 3.0000000000e+02 -8.8192790947e-14 2.9170173859e-14 8.8158145598e-14 2.7976592290e-14 8.8124635646e-14 -4.3782385135e-20 -2.9150173842e-14 -2.7977391765e-14 -3.0996766490e-14
d  5.8420802881e-04 4.0894559972e-01 -2.0000000000e-01 4.0894559699e-01 3.1887119202e-07 3.0000000000e+02 -9.0958162091e-14 2.8073716874e-14 9.0916100574e-14 3.1885819088e-14 9.0876372339e-14 -4.4345172497e-20 -2.8053716852e-14 -3.1887119277e-14 -3.0935276105e-14
d  6.4262913169e-04 4.4984036969e-01 -2.0000000000e-01 4.4984036691e-01 3.4420528297e-07 3.0000000000e+02 -9.2751590032e-14 2.7364566494e-14 9.2705341552e-14 3.4418922013e-14 9.2661625184e-14 -4.4124432527e-20 -2.7344566453e-14 -3.4420528410e-14 -3.0896296052e-14
d  6.7768179342e-04 4.7437723168e-01 -2.0000000000e-01 4.7437722886e-01 3.6001716376e-07 3.0000000000e+02 -9.3905020207e-14 2.6953738360e-14 9.3856494798e-14 3.6000511407e-14 9.3810145122e-14 -4.4062393629e-20 -2.6933738310e-14 -3.6001716508e-14 -3.0874029741e-14
d  6.9871339046e-04 4.8909934887e-01 -2.0000000000e-01 4.8909934603e-01 3.7001326647e-07 3.0000000000e+02 -9.4681891721e-14 2.6739981160e-14 9.4635327352e-14 3.7002490537e-14 9.4584074719e-14 -4.4594500352e-20 -2.6719981240e-14 -3.7001326531e-14 -3.0862647969e-14
d  7.1133234868e-04 4.9793261918e-01 -2.0000000000e-01 4.9793261633e-01 3.7660594074e-07 3.0000000000e+02 -9.5250413459e-14 2.6649818647e-14 9.5200643665e-14 3.7660618673e-14 9.5150828898e-14 -4.5774164568e-20 -2.6629818650e-14 -3.7660594106e-14 -3.0858084261e-14
d  7.2647509855e-04 5.0853254356e-01 -2.0000000000e-01 5.0853254069e-01 3.8357150523e-07 3.0000000000e+02 -9.5763844174e-14 2.6476981306e-14 9.5713574103e-14 3.8357497767e-14 9.5662139993e-14 -4.3220827604e-20 -2.6456981343e-14 -3.8357150490e-14 -3.0848769661e-14
d  7.4464639839e-04 5.2125245281e-01 -2.0000000000e-01 5.2125244992e-01 3.9114869032e-07 3.0000000000e+02 -9.6252497482e-14 2.6218453766e-14 9.6197531422e-14 3.9113009000e-14 9.6148252418e-14 -4.2156056758e-20 -2.6198453601e-14 -3.9114869389e-14 -3.0834605594e-14
d  7.6645195820e-04 5.3651634391e-01 -2.0000000000e-01 5.3651634100e-01 4.0183970545e-07 3.0000000000e+02 -9.7132659582e-14 2.6037317949e-14 9.7079104015e-14 4.0184090952e-14 9.7025361464e-14 -4.5167502408e-20 -2.6017317958e-14 -4.0183970568e-14 -3.0825298509e-14
d  7.9261862997e-04 5.5483301324e-01 -2.0000000000e-01 5.5483301030e-01 4.1226823883e-07 3.0000000000e+02 -9.7797539788e-14 2.5673897990e-14 9.7741599999e-14 4.1226042706e-14 9.7686574229e-14 -4.0728435181e-20 -2.5653897941e-14 -4.1226824018e-14 -3.0805546674e-14
d  8.2401863609e-04 5.7681301642e-01 -2.0000000000e-01 5.7681301346e-01 4.2605715359e-07 3.0000000000e+02 -9.8870073234e-14 2.5378318460e-14 9.8811869798e-14 4.2604734206e-14 9.8754716037e-14 -4.2990639687e-20 -2.5358318408e-14 -4.2605715500e-14 -3.0790235885e-14
d  8.6169864344e-04 6.0318902025e-01 -2.0000000000e-01 6.0318901725e-01 4.4190233647e-07 3.0000000000e+02 -1.0010586042e-13 2.5041511956e-14 1.0004502782e-13 4.4188888326e-14 9.9985231613e-14 -4.1623648078e-20 -2.5021511897e-14 -4.4190233804e-14 -3.0772989747e-14
d  9.0691465226e-04 6.3484022484e-01 -2.0000000000e-01 6.3484022179e-01 4.6074680690e-07 3.0000000000e+02 -1.0166120265e-13 2.4721328463e-14 1.0159565411e-13 4.6071956915e-14 1.0153423286e-13 -4.1564827701e-20 -2.4701328363e-14 -4.6074680927e-14 -3.0757318901e-14
d  9.3404425755e-04 6.5383094759e-01 -2.0000000000e-01 6.5383094451e-01 4.7284912699e-07 3.0000000000e+02 -1.0277482397e-13 2.4624569940e-14 1.0270950386e-13 4.7285430547e-14 1.0264406761e-13 -4.2666859685e-20 -2.4604569967e-14 -4.7284912693e-14 -3.0753543592e-14
d  9.6659978390e-04 6.7661981490e-01 -2.0000000000e-01 6.7661981179e-01 4.8554160247e-07 3.0000000000e+02 -1.0383980188e-13 2.4427070009e-14 1.0377062543e-13 4.8552138368e-14 1.0370448134e-13 -4.0371822047e-20 -2.4407069907e-14 -4.8554160492e-14 -3.0744237598e-14
d  9.8613309971e-04 6.9029313528e-01 -2.0000000000e-01 6.9029313214e-01 4.9394803339e-07 3.0000000000e+02 -1.0463732406e-13 2.4380555164e-14 1.0456888688e-13 4.9394564196e-14 1.0449926804e-13 -4.2452815654e-20 -2.4360555147e-14 -4.9394803422e-14 -3.0742872836e-14
d  1.0095730787e-03 7.0670111974e-01 -2.0000000000e-01 7.0670111658e-01 5.0340762616e-07 3.0000000000e+02 -1.0550127395e-13 2.4298606779e-14 1.0542891005e-13 5.0340204670e-14 1.0535993884e-13 -4.1252446851e-20 -2.4278606740e-14 -5.0340762740e-14 -3.0739695493e-14
d  1.0377010534e-03 7.2639070109e-01 -2.0000000000e-01 7.2639069790e-01 5.1390768269e-07 3.0000000000e+02 -1.0642448565e-13 2.4175617463e-14 1.0635015831e-13 5.1388545389e-14 1.0627921052e-13 -4.0544047834e-20 -2.4155617333e-14 -5.1390768569e-14 -3.0734448194e-14
d  1.0545778383e-03 7.3820444990e-01 -2.0000000000e-01 7.3820444669e-01 5.2203305133e-07 3.0000000000e+02 -1.0729786132e-13 2.4227103386e-14 1.0722311557e-13 5.2202378811e-14 1.0715022180e-13 -4.4520640801e-20 -2.4207103306e-14 -5.2203305338e-14 -3.0738594359e-14
d  1.0748299801e-03 7.5238094848e-01 -2.0000000000e-01 7.5238094524e-01 5.2942439783e-07 3.0000000000e+02 -1.0794611597e-13 2.4138686537e-14 1.0786997591e-13 5.2941182732e-14 1.0779565045e-13 -3.9698079348e-20 -2.4118686435e-14 -5.2942440029e-14 -3.0734804164e-14
d  1.0991325503e-03 7.6939274677e-01 -2.0000000000e-01 7.6939274350e-01 5.3911066308e-07 3.0000000000e+02 -1.0888222629e-13 2.4102492228e-14 1.0880697454e-13 5.3912779482e-14 1.0872835613e-13 -4.2436917906e-20 -2.4082492343e-14 -5.3911066141e-14 -3.0734333115e-14
d  1.1282956346e-03 7.8980690471e-01 -2.0000000000e-01 7.8980690142e-01 5.4989950520e-07 3.0000000000e+02 -1.0988773232e-13 2.4027973331e-14 1.0980644542e-13 5.4986964639e-14 1.0972977027e-13 -4.1077416988e-20 -2.4007973162e-14 -5.4989950897e-14 -3.0731942576e-14
d  1.1632913357e-03 8.1430389424e-01 -2.0000000000e-01 8.1430389090e-01 5.6591244193e-07 3.0000000000e+02 -1.1160665016e-13 2.4131425627e-14 1.1152513357e-13 5.6591622712e-14 1.1144379219e-13 -4.5117186789e-20 -2.4111425645e-14 -5.6591244215e-14 -3.0740236536e-14
d  1.2052861770e-03 8.4370028169e-01 -2.0000000000e-01 8.4370027829e-01 5.8241252526e-07 3.0000000000e+02 -1.1320931782e-13 2.4080107421e-14 1.1312768500e-13 5.8243781012e-14 1.1304058091e-13 -4.2177051333e-20 -2.4060107521e-14 -5.8241252393e-14 -3.0739955369e-14
d  1.2304830817e-03 8.6133811415e-01 -2.0000000000e-01 8.6133811073e-01 5.9191812223e-07 3.0000000000e+02 -1.1412211440e-13 2.4038400760e-14 1.1403294235e-13 5.9187925382e-14 1.1394985651e-13 -4.2570489367e-20 -2.4018400534e-14 -5.9191812714e-14 -3.0739136783e-14
d  1.2607193675e-03 8.8250351311e-01 -2.0000000000e-01 8.8250350964e-01 6.0715708240e-07 3.0000000000e+02 -1.1583463545e-13 2.4210402363e-14 1.1575010950e-13 6.0718617826e-14 1.1565814041e-13 -4.7902243924e-20 -2.4190402522e-14 -6.0715707997e-14 -3.0750961174e-14
d  1.2970029104e-03 9.0790199186e-01 -2.0000000000e-01 9.0790198834e-01 6.2137573431e-07 3.0000000000e+02 -1.1719196509e-13 2.4142794638e-14 1.1709533343e-13 6.2132315056e-14 1.1701039042e-13 -4.2675434500e-20 -2.4122794398e-14 -6.2137573953e-14 -3.0749274542e-14
d  1.3405431618e-03 9.3838016636e-01 -2.0000000000e-01 9.3838016278e-01 6.4221172096e-07 3.0000000000e+02 -1.1942149472e-13 2.4274089688e-14 1.1933206645e-13 6.4225182500e-14 1.1923382073e-13 -4.7963825079e-20 -2.4254089842e-14 -6.4221171866e-14 -3.0759463030e-14
d  1.3666673127e-03 9.5666707106e-01 -2.0000000000e-01 9.5666706743e-01 6.5635185998e-07 3.0000000000e+02 -1.2098203434e-13 2.4406077770e-14 1.2088847701e-13 6.5637217782e-14 1.2079070841e-13 -4.9374570431e-20 -2.4386077885e-14 -6.5635185845e-14 -3.0768570300e-14
d  1.3980162938e-03 9.7861135670e-01 -2.0000000000e-01 9.7861135302e-01 6.7229498140e-07 3.0000000000e+02 -1.2263889855e-13 2.4460306469e-14 1.2254417851e-13 6.7232313506e-14 1.2244317930e-13 -4.8405814773e-20 -2.4440306618e-14 -6.7229497924e-14 -3.0773479946e-14
d  1.4168256824e-03 9.9177792808e-01 -2.0000000000e-01 9.9177792439e-01 6.7909634530e-07 3.0000000000e+02 -1.2318356106e-13 2.4328013641e-14 1.2308070119e-13 6.7904957702e-14 1.2298520868e-13 -4.4165818446e-20 -2.4308013278e-14 -6.7909635288e-14 -3.0766950679e-14
d  1.4393969487e-03 1.0075778137e+00 -2.0000000000e-01 1.0075778100e+00 6.9203783120e-07 3.0000000000e+02 -1.2463117425e-13 2.4468369286e-14 1.2453180709e-13 6.9206082203e-14 1.2442965618e-13 -5.3403497468e-20 -2.4448369453e-14 -6.9203782871e-14 -3.0776290862e-14
d  1.4664824684e-03 1.0265376765e+00 -2.0000000000e-01 1.0265376727e+00 7.0661320930e-07 3.0000000000e+02 -1.2616622157e-13 2.4539135481e-14 1.2606008829e-13 7.0657286817e-14 1.2596091460e-13 -5.0024926559e-20 -2.4519135235e-14 -7.0661321469e-14 -3.0781841196e-14
d  1.4827337801e-03 1.0379135942e+00 -2.0000000000e-01 1.0379135904e+00 7.1561983297e-07 3.0000000000e+02 -1.2711350933e-13 2.4577792407e-14 1.2700680507e-13 7.1558371156e-14 1.2690593826e-13 -5.1410708530e-20 -2.4557792083e-14 -7.1561983984e-14 -3.0784940403e-14
d  1.5022353543e-03 1.0515646954e+00 -2.0000000000e-01 1.0515646916e+00 7.2540966733e-07 3.0000000000e+02 -1.2807565745e-13 2.4558804118e-14 1.2796306237e-13 7.2533680505e-14 1.2786534552e-13 -4.9678638095e-20 -2.4538803506e-14 -7.2540967971e-14 -3.0784910521e-14
d  1.5256372432e-03 1.0679460169e+00 -2.0000000000e-01 1.0679460130e+00 7.4015960448e-07 3.0000000000e+02 -1.2970163545e-13 2.4698293879e-14 1.2960045629e-13 7.4021362094e-14 1.2948804786e-13 -5.5616760256e-20 -2.4678294259e-14 -7.4015959798e-14 -3.0794147548e-14
d  1.5396783766e-03 1.0777748097e+00 -2.0000000000e-01 1.0777748058e+00 7.4858839717e-07 3.0000000000e+02 -1.3058544995e-13 2.4733707611e-14 1.3047445346e-13 7.4855018937e-14 1.3036990351e-13 -5.3097902118e-20 -2.4713707216e-14 -7.4858840543e-14 -3.0796901412e-14
d  1.5565277367e-03 1.0895693612e+00 -2.0000000000e-01 1.0895693572e+00 7.5889704241e-07 3.0000000000e+02 -1.3166350605e-13 2.4774988090e-14 1.3155052603e-13 7.5885223303e-14 1.3144559480e-13 -5.4427208620e-20 -2.4754987655e-14 -7.5889705144e-14 -3.0800140483e-14
d  1.5767469687e-03 1.1037228229e+00 -2.0000000000e-01 1.1037228189e+00 7.6995135386e-07 3.0000000000e+02 -1.3273529411e-13 2.4739839365e-14 1.3261628832e-13 7.6986360595e-14 1.3251455959e-13 -5.2226819782e-20 -2.4719838653e-14 -7.6995136818e-14 -3.0799183517e-14
d  1.5888785080e-03 1.1122149000e+00 -2.0000000000e-01 1.1122148960e+00 7.7919275942e-07 3.0000000000e+02 -1.3379937078e-13 2.4870220887e-14 1.3368080716e-13 7.7912869367e-14 1.3357693553e-13 -6.0123331578e-20 -2.4850220122e-14 -7.7919277474e-14 -3.0807249498e-14
d  1.6034363550e-03 1.1224053924e+00 -2.0000000000e-01 1.1224053884e+00 7.8870985890e-07 3.0000000000e+02 -1.3479092788e-13 2.4906717121e-14 1.3467524133e-13 7.8866855735e-14 1.3456645393e-13 -5.5083728964e-20 -2.4886716658e-14 -7.8870986848e-14 -3.0810056877e-14
d  1.6209057715e-03 1.1346339834e+00 -2.0000000000e-01 1.1346339793e+00 8.0036179559e-07 3.0000000000e+02 -1.3600213078e-13 2.4944723102e-14 1.3588612457e-13 8.0032250003e-14 1.3577520610e-13 -5.7206456143e-20 -2.4924722733e-14 -8.0036180339e-14 -3.0813103271e-14
d  1.6418690713e-03 1.1493082925e+00 -2.0000000000e-01 1.1493082884e+00 8.1265212006e-07 3.0000000000e+02 -1.3717582029e-13 2.4888287278e-14 1.3705357590e-13 8.1256502754e-14 1.3694597580e-13 -5.4531541272e-20 -2.4868286595e-14 -8.1265213388e-14 -3.0810936887e-14
d  1.6544470512e-03 1.1581128780e+00 -2.0000000000e-01 1.1581128738e+00 8.2333696503e-07 3.0000000000e+02 -1.3841205471e-13 2.5044082448e-14 1.3829244416e-13 8.2329137391e-14 1.3818042991e-13 -6.4208816034e-20 -2.5024081922e-14 -8.2333697585e-14 -3.0820430533e-14
d  1.6695406271e-03 1.1686783805e+00 -2.0000000000e-01 1.1686783763e+00 8.3415088554e-07 3.0000000000e+02 -1.3953305877e-13 2.5080761372e-14 1.3941182283e-13 8.3409944173e-14 1.3929934177e-13 -5.7866422395e-20 -2.5060760815e-14 -8.3415089695e-14 -3.0823237128e-14
d  1.6876529181e-03 1.1813569836e+00 -2.0000000000e-01 1.1813569794e+00 8.4742689614e-07 3.0000000000e+02 -1.4090732568e-13 2.5121228481e-14 1.4078419171e-13 8.4736614070e-14 1.4067106750e-13 -6.0531297081e-20 -2.5101227931e-14 -8.4742690745e-14 -3.0826414587e-14
d  1.7093876673e-03 1.1965713073e+00 -2.0000000000e-01 1.1965713031e+00 8.6126938522e-07 3.0000000000e+02 -1.4221596448e-13 2.5045431079e-14 1.4208181298e-13 8.6112627338e-14 1.4197665074e-13 -5.7252575659e-20 -2.5025429994e-14 -8.6126940673e-14 -3.0823152568e-14
d  1.7224285169e-03 1.2056999015e+00 -2.0000000000e-01 1.2056998972e+00 8.7357078863e-07 3.0000000000e+02 -1.4363931865e-13 2.5227461550e-14 1.4351393407e-13 8.7351397616e-14 1.4339817810e-13 -6.8669587831e-20 -2.5207460917e-14 -8.7357080154e-14 -3.0834111167e-14
d  1.7380775363e-03 1.2166542146e+00 -2.0000000000e-01 1.2166542103e+00 8.8592155592e-07 3.0000000000e+02 -1.4491340528e-13 2.5259907469e-14 1.4478630147e-13 8.8585797965e-14 1.4467008521e-13 -6.1165528345e-20 -2.5239906804e-14 -8.8592156943e-14 -3.0836665430e-14
d  1.7568563597e-03 1.2297993903e+00 -2.0000000000e-01 1.2297993859e+00 9.0111805259e-07 3.0000000000e+02 -1.4647969795e-13 2.5301179093e-14 1.4634816322e-13 9.0102845288e-14 1.4623374200e-13 -6.4283665731e-20 -2.5281178309e-14 -9.0111806839e-14 -3.0839877653e-14
d  1.7793909477e-03 1.2455736011e+00 -2.0000000000e-01 1.2455735967e+00 9.1689407700e-07 3.0000000000e+02 -1.4796319145e-13 2.5208708524e-14 1.4782745398e-13 9.1676111044e-14 1.4771407993e-13 -6.0650514896e-20 -2.5188707549e-14 -9.1689409646e-14 -3.0835677484e-14
d  1.7929117005e-03 1.2550381276e+00 -2.0000000000e-01 1.2550381231e+00 9.3100346178e-07 3.0000000000e+02 -1.4958950826e-13 2.5406898752e-14 1.4945791271e-13 9.3093236289e-14 1.4933850138e-13 -7.3294683281e-20 -2.5386897986e-14 -9.3100347726e-14 -3.0847520009e-14
d  1.8091366038e-03 1.2663955594e+00 -2.0000000000e-01 1.2663955549e+00 9.4203169213e-07 3.0000000000e+02 -1.5056014026e-13 2.5282344543e-14 1.5046087339e-13 9.4227484718e-14 1.5030686514e-13 -5.8821434072e-20 -2.5262347000e-14 -9.4203164641e-14 -3.0841186599e-14
d  1.8188715459e-03 1.2732100184e+00 -2.0000000000e-01 1.2732100139e+00 9.5713947357e-07 3.0000000000e+02 -1.5250174984e-13 2.5683593096e-14 1.5236833277e-13 9.5708862859e-14 1.5224711174e-13 -8.8878347766e-20 -2.5663592340e-14 -9.5713948887e-14 -3.0864329610e-14
d  1.8247125111e-03 1.2772986939e+00 -2.0000000000e-01 1.2772986893e+00 9.6594897682e-07 3.0000000000e+02 -1.5358508465e-13 2.5882140123e-14 1.5345961539e-13 9.6597119574e-14 1.5332963527e-13 -8.2915666536e-20 -2.5862140670e-14 -9.6594896742e-14 -3.0875771308e-14
d  1.8317216693e-03 1.2822051044e+00 -2.0000000000e-01 1.2822050998e+00 9.7299828587e-07 3.0000000000e+02 -1.5427908923e-13 2.5866869705e-14 1.5414568140e-13 9.7297512699e-14 1.5402265114e-13 -6.5680354313e-20 -2.5846869171e-14 -9.7299829698e-14 -3.0875168765e-14
d  1.8401326592e-03 1.2880927971e+00 -2.0000000000e-01 1.2880927924e+00 9.8159936059e-07 3.0000000000e+02 -1.5513087912e-13 2.5861525134e-14 1.5500215185e-13 9.8160034404e-14 1.5487327132e-13 -7.2972126289e-20 -2.5841525153e-14 -9.8159936121e-14 -3.0875236671e-14
d  1.8502258471e-03 1.2951580282e+00 -2.0000000000e-01 1.2951580235e+00 9.9173191755e-07 3.0000000000e+02 -1.5612059985e-13 2.5833392064e-14 1.5599445439e-13 9.9176117671e-14 1.5586157696e-13 -7.2297065837e-20 -2.5813392535e-14 -9.9173190960e-14 -3.0874074141e-14
d  1.8562817598e-03 1.2993971669e+00 -2.0000000000e-01 1.2993971622e+00 9.9796674171e-07 3.0000000000e+02 -1.5673994356e-13 2.5828496646e-14 1.5661053195e-13 9.9797938791e-14 1.5648008084e-13 -7.3301902128e-20 -2.5808496946e-14 -9.9796673702e-14 -3.0874055041e-14
d  1.8635488551e-03 1.3044841334e+00 -2.0000000000e-01 1.3044841286e+00 1.0055468894e-06 3.0000000000e+02 -1.5749817357e-13 2.5829404220e-14 1.5736782248e-13 1.0055478263e-13 1.5723729491e-13 -7.3878702285e-20 -2.5809404241e-14 -1.0055468900e-13 -3.0874412660e-14
d  1.8722693695e-03 1.3105884931e+00 -2.0000000000e-01 1.3105884883e+00 1.0144345716e-06 3.0000000000e+02 -1.5837271815e-13 2.5812985928e-14 1.5824046518e-13 1.0144343222e-13 1.5811061136e-13 -7.3210883732e-20 -2.5792985924e-14 -1.0144345727e-13 -3.0873852205e-14
d  1.8827339867e-03 1.3179137248e+00 -2.0000000000e-01 1.3179137200e+00 1.0216433633e-06 3.0000000000e+02 -1.5887869498e-13 2.5609351700e-14 1.5874138300e-13 1.0215944269e-13 1.5861512964e-13 -6.2000204919e-20 -2.5589350940e-14 -1.0216433788e-13 -3.0862806800e-14
d  1.8952915273e-03 1.3267040028e+00 -2.0000000000e-01 1.3267039980e+00 1.0300477156e-06 3.0000000000e+02 -1.5950982939e-13 2.5408039519e-14 1.5936656439e-13 1.0299449768e-13 1.5924448918e-13 -6.5083317659e-20 -2.5388038183e-14 -1.0300477420e-13 -3.0852024820e-14
d  1.9103605761e-03 1.3372523364e+00 -2.0000000000e-01 1.3372523316e+00 1.0446723725e-06 3.0000000000e+02 -1.6103938793e-13 2.5468707305e-14 1.6089744352e-13 1.0445765828e-13 1.6077194805e-13 -7.6176423500e-20 -2.5448706262e-14 -1.0446723934e-13 -3.0856112019e-14
d  1.9284434346e-03 1.3499103367e+00 -2.0000000000e-01 1.3499103318e+00 1.0626300714e-06 3.0000000000e+02 -1.6291544394e-13 2.5539780611e-14 1.6277090786e-13 1.0625164539e-13 1.6264546521e-13 -7.4012985965e-20 -2.5519779576e-14 -1.0626300921e-13 -3.0860874902e-14
d  1.9501428648e-03 1.3650999371e+00 -2.0000000000e-01 1.3650999322e+00 1.0810748547e-06 3.0000000000e+02 -1.6466815839e-13 2.5449088027e-14 1.6450908043e-13 1.0808374930e-13 1.6439513447e-13 -6.9203027311e-20 -2.5429086215e-14 -1.0810748902e-13 -3.0856689316e-14
d  1.9761821811e-03 1.3833274576e+00 -2.0000000000e-01 1.3833274526e+00 1.1073715562e-06 3.0000000000e+02 -1.6741619077e-13 2.5557520653e-14 1.6725119808e-13 1.1070837057e-13 1.6713952424e-13 -7.7518198400e-20 -2.5537518811e-14 -1.1073715924e-13 -3.0863886859e-14
d  1.9918057708e-03 1.3942639699e+00 -2.0000000000e-01 1.3942639648e+00 1.1288310634e-06 3.0000000000e+02 -1.6988480392e-13 2.5857864600e-14 1.6973180639e-13 1.1286868568e-13 1.6960595692e-13 -8.8171156077e-20 -2.5837863247e-14 -1.1288310902e-13 -3.0881383684e-14
d  2.0105540785e-03 1.4073877846e+00 -2.0000000000e-01 1.4073877795e+00 1.1505751075e-06 3.0000000000e+02 -1.7210746581e-13 2.5903848773e-14 1.7195411761e-13 1.1504280643e-13 1.7182599235e-13 -7.8482841270e-20 -2.5883847478e-14 -1.1505751333e-13 -3.0884686021e-14
d  2.0330520478e-03 1.4231363623e+00 -2.0000000000e-01 1.4231363571e+00 1.1726732750e-06 3.0000000000e+02 -1.7414857127e-13 2.5738012182e-14 1.7398006739e-13 1.1723868833e-13 1.7386396215e-13 -7.5307045213e-20 -2.5718010068e-14 -1.1726733164e-13 -3.0876285405e-14
d  2.0465508294e-03 1.4325855089e+00 -2.0000000000e-01 1.4325855036e+00 1.1934682291e-06 3.0000000000e+02 -1.7653925739e-13 2.6028840851e-14 1.7638415913e-13 1.1933314413e-13 1.7625275403e-13 -9.5988088525e-20 -2.6008839369e-14 -1.1934682585e-13 -3.0893127824e-14
d  2.0627493672e-03 1.4439244849e+00 -2.0000000000e-01 1.4439244795e+00 1.2140261234e-06 3.0000000000e+02 -1.7862448310e-13 2.6056706523e-14 1.7846698933e-13 1.2138750008e-13 1.7833570800e-13 -8.2571551213e-20 -2.6036704986e-14 -1.2140261538e-13 -3.0895280475e-14
d  2.0724684899e-03 1.4507278704e+00 -2.0000000000e-01 1.4507278650e+00 1.2324819232e-06 3.0000000000e+02 -1.8080238099e-13 2.6367758488e-14 1.8064799286e-13 1.2323978287e-13 1.8051224495e-13 -1.0628610329e-19 -2.6347757231e-14 -1.2324819482e-13 -3.0913069424e-14
d  2.0841314372e-03 1.4588919331e+00 -2.0000000000e-01 1.4588919276e+00 1.2487476986e-06 3.0000000000e+02 -1.8240370694e-13 2.6347220678e-14 1.8224988925e-13 1.2486700519e-13 1.8211194126e-13 -8.4502152615e-20 -2.6327219589e-14 -1.2487477205e-13 -3.0912302846e-14
d  2.0981269739e-03 1.4686888083e+00 -2.0000000000e-01 1.4686888028e+00 1.2625248562e-06 3.0000000000e+02 -1.8345359411e-13 2.6032008011e-14 1.8329437967e-13 1.2623808440e-13 1.8315987620e-13 -7.6301339685e-20 -2.6012006322e-14 -1.2625248895e-13 -3.0895207977e-14
d  2.1149216180e-03 1.4804450586e+00 -2.0000000000e-01 1.4804450530e+00 1.2853364561e-06 3.0000000000e+02 -1.8577535208e-13 2.6065271470e-14 1.8561197764e-13 1.2851587596e-13 1.8547928469e-13 -9.4646360066e-20 -2.6045269724e-14 -1.2853364906e-13 -3.0897734934e-14
d  2.1249984044e-03 1.4874988087e+00 -2.0000000000e-01 1.4874988031e+00 1.3057125550e-06 3.0000000000e+02 -1.8818271458e-13 2.6412491234e-14 1.8802541006e-13 1.3056288284e-13 1.8788522044e-13 -1.1183815491e-19 -2.6392490026e-14 -1.3057125792e-13 -3.0917497558e-14
d  2.1370905481e-03 1.4959633089e+00 -2.0000000000e-01 1.4959633032e+00 1.3237848500e-06 3.0000000000e+02 -1.8997447387e-13 2.6401163258e-14 1.8981541524e-13 1.3236919920e-13 1.8967528793e-13 -8.8915928815e-20 -2.6381162000e-14 -1.3237848752e-13 -3.0917250400e-14
d  2.1428570000e-03 1.4999998250e+00 -2.0000000000e-01 1.4999998193e+00 1.3385864082e-06 3.0000000000e+02 -1.9179466636e-13 2.6720917658e-14 1.9164487775e-13 1.3385882692e-13 1.9149468289e-13 -1.2776193968e-19 -2.6700917703e-14 -1.3385864087e-13 -3.0935337123e-14
d  2.1497767422e-03 1.5048436443e+00 -2.0000000000e-01 1.5048436386e+00 1.3499178612e-06 3.0000000000e+02 -1.9289296993e-13 2.6686397375e-14 1.9274242942e-13 1.3499286461e-13 1.9259199822e-13 -8.8847428728e-20 -2.6666397628e-14 -1.3499178577e-13 -3.0933569637e-14
d  2.1580804329e-03 1.5106562275e+00 -2.0000000000e-01 1.5106562217e+00 1.3635263065e-06 3.0000000000e+02 -1.9421169181e-13 2.6646563744e-14 1.9406076005e-13 1.3635277926e-13 1.9390957370e-13 -1.0030586807e-19 -2.6626563773e-14 -1.3635263073e-13 -3.0931657665e-14
d  2.1680448618e-03 1.5176313274e+00 -2.0000000000e-01 1.5176313215e+00 1.3736674625e-06 3.0000000000e+02 -1.9485158794e-13 2.6288869393e-14 1.9469424591e-13 1.3736038231e-13 1.9454806703e-13 -7.8798869978e-20 -2.6268868350e-14 -1.3736674837e-13 -3.0912059276e-14
d  2.1800021764e-03 1.5260014472e+00 -2.0000000000e-01 1.5260014413e+00 1.3921873272e-06 3.0000000000e+02 -1.9670700344e-13 2.6289423107e-14 1.9654481746e-13 1.3920903438e-13 1.9640180736e-13 -1.0471636857e-19 -2.6269421778e-14 -1.3921873539e-13 -3.0912571654e-14
d  2.1943509539e-03 1.5360455909e+00 -2.0000000000e-01 1.5360455850e+00 1.4146815240e-06 3.0000000000e+02 -1.9897514083e-13 2.6305814378e-14 1.9881344719e-13 1.4145863844e-13 1.9866795249e-13 -9.9909899796e-20 -2.6285813286e-14 -1.4146815462e-13 -3.0913984703e-14
d  2.2115694870e-03 1.5480985635e+00 -2.0000000000e-01 1.5480985574e+00 1.4349997936e-06 3.0000000000e+02 -2.0071090785e-13 2.6020802030e-14 2.0053544751e-13 1.4347649667e-13 2.0040128846e-13 -8.6368337362e-20 -2.6000799772e-14 -1.4349998379e-13 -3.0898743865e-14
d  2.2219006068e-03 1.5553303470e+00 -2.0000000000e-01 1.5553303409e+00 1.4586846115e-06 3.0000000000e+02 -2.0354310143e-13 2.6455399364e-14 2.0337764065e-13 1.4585825527e-13 2.0323205141e-13 -1.2667605095e-19 -2.6435397923e-14 -1.4586846403e-13 -3.0923321777e-14
d  2.2342979506e-03 1.5640084872e+00 -2.0000000000e-01 1.5640084810e+00 1.4797698357e-06 3.0000000000e+02 -2.0567234575e-13 2.6478827708e-14 2.0550360672e-13 1.4796477645e-13 2.0535955634e-13 -9.7940696301e-20 -2.6458826092e-14 -1.4797698679e-13 -3.0924989172e-14
d  2.2491747631e-03 1.5744222554e+00 -2.0000000000e-01 1.5744222492e+00 1.5055392776e-06 3.0000000000e+02 -2.0826587254e-13 2.6491031257e-14 2.0809839777e-13 1.5054238503e-13 2.0795099087e-13 -1.0713528353e-19 -2.6471029977e-14 -1.5055393035e-13 -3.0926189944e-14
d  2.2581008506e-03 1.5806705164e+00 -2.0000000000e-01 1.5806705101e+00 1.5219329808e-06 3.0000000000e+02 -2.0994934713e-13 2.6528533636e-14 2.0978454529e-13 1.5218542385e-13 2.0963322216e-13 -1.1058134204e-19 -2.6508532352e-14 -1.5219330067e-13 -3.0928575734e-14
d  2.2688121557e-03 1.5881684296e+00 -2.0000000000e-01 1.5881684232e+00 1.5413171377e-06 3.0000000000e+02 -2.1190251024e-13 2.6542701586e-14 2.1173807892e-13 1.5412425956e-13 2.1158488382e-13 -1.0934498272e-19 -2.6522700446e-14 -1.5413171608e-13 -3.0929718063e-14
d  2.2816657217e-03 1.5971659253e+00 -2.0000000000e-01 1.5971659189e+00 1.5648696404e-06 3.0000000000e+02 -2.1427166139e-13 2.6552618636e-14 2.1409614082e-13 1.5647171106e-13 2.1395223347e-13 -1.1109119936e-19 -2.6532616684e-14 -1.5648696790e-13 -3.0930699876e-14
d  2.2893778613e-03 1.6025644228e+00 -2.0000000000e-01 1.6025644163e+00 1.5797772756e-06 3.0000000000e+02 -2.1580197888e-13 2.6591848797e-14 2.1563458426e-13 1.5796985509e-13 2.1548147129e-13 -1.1493885223e-19 -2.6571847316e-14 -1.5797773053e-13 -3.0933134114e-14
d  2.2986324289e-03 1.6090426197e+00 -2.0000000000e-01 1.6090426132e+00 1.5975074566e-06 3.0000000000e+02 -2.1759537125e-13 2.6607112963e-14 2.1742065925e-13 1.5973820158e-13 2.1727358396e-13 -1.1356751674e-19 -2.6587110750e-14 -1.5975075002e-13 -3.0934280910e-14
d  2.3097379099e-03 1.6168164561e+00 -2.0000000000e-01 1.6168164495e+00 1.6189211178e-06 3.0000000000e+02 -2.1975053477e-13 2.6621315576e-14 2.1957187180e-13 1.6187637733e-13 2.1942718800e-13 -1.1517367044e-19 -2.6601313252e-14 -1.6189211636e-13 -3.0935433782e-14
d  2.3230644872e-03 1.6261450597e+00 -2.0000000000e-01 1.6261450531e+00 1.6451086913e-06 3.0000000000e+02 -2.2238981490e-13 2.6637960469e-14 2.2221175270e-13 1.6449509209e-13 2.2206460397e-13 -1.1726310837e-19 -2.6617958518e-14 -1.6451087301e-13 -3.0936792368e-14
d  2.3310604335e-03 1.6317422219e+00 -2.0000000000e-01 1.6317422152e+00 1.6618551627e-06 3.0000000000e+02 -2.2411781632e-13 2.6685326056e-14 2.2394272362e-13 1.6617399052e-13 2.2379147026e-13 -1.2147126598e-19 -2.6665323961e-14 -1.6618552041e-13 -3.0939674889e-14
d  2.3406555692e-03 1.6384588165e+00 -2.0000000000e-01 1.6384588097e+00 1.6816363687e-06 3.0000000000e+02 -2.2611833196e-13 2.6706478092e-14 2.2594578060e-13 1.6815377256e-13 2.2579064978e-13 -1.1990428589e-19 -2.6686476410e-14 -1.6816364023e-13 -3.0941147714e-14
d  2.3521697319e-03 1.6465187300e+00 -2.0000000000e-01 1.6465187232e+00 1.7056033396e-06 3.0000000000e+02 -2.2853216579e-13 2.6718698046e-14 2.2835424662e-13 1.7054642158e-13 2.2820287311e-13 -1.2165348173e-19 -2.6698696060e-14 -1.7056033790e-13 -3.0942192601e-14
d  2.3659867272e-03 1.6561906263e+00 -2.0000000000e-01 1.6561906193e+00 1.7350217710e-06 3.0000000000e+02 -2.3150067746e-13 2.6742753837e-14 2.3132158411e-13 1.7348696754e-13 2.3116944703e-13 -1.2421297618e-19 -2.6722752019e-14 -1.7350218074e-13 -3.0943962563e-14
d  2.3742769244e-03 1.6619937640e+00 -2.0000000000e-01 1.6619937570e+00 1.7538779998e-06 3.0000000000e+02 -2.3344724049e-13 2.6796783281e-14 2.3327186109e-13 1.7537735324e-13 2.3311485320e-13 -1.2891493644e-19 -2.6776781447e-14 -1.7538780364e-13 -3.0947209689e-14
d  2.3842251610e-03 1.6689575293e+00 -2.0000000000e-01 1.6689575222e+00 1.7761690044e-06 3.0000000000e+02 -2.3570137812e-13 2.6821041140e-14 2.3552475525e-13 1.7760569210e-13 2.3536759706e-13 -1.2713838105e-19 -2.6801039293e-14 -1.7761690413e-13 -3.0948852499e-14
d  2.3961630450e-03 1.6773140476e+00 -2.0000000000e-01 1.6773140405e+00 1.8032503946e-06 3.0000000000e+02 -2.3842990164e-13 2.6837773801e-14 2.3824668904e-13 1.8030880747e-13 2.3809445606e-13 -1.2940000065e-19 -2.6817771562e-14 -1.8032504390e-13 -3.0950147202e-14
d  2.4033257754e-03 1.6823279586e+00 -2.0000000000e-01 1.6823279514e+00 1.8203639084e-06 3.0000000000e+02 -2.4018494035e-13 2.6878338826e-14 2.4000823551e-13 1.8202659810e-13 2.3984848890e-13 -1.3376581836e-19 -2.6858336841e-14 -1.8203639480e-13 -3.0952607959e-14
d  2.4119210518e-03 1.6883446518e+00 -2.0000000000e-01 1.6883446446e+00 1.8407733916e-06 3.0000000000e+02 -2.4224930194e-13 2.6898840607e-14 2.4206783245e-13 1.8406454838e-13 2.4191164101e-13 -1.3251451748e-19 -2.6878838175e-14 -1.8407734397e-13 -3.0953995475e-14
d  2.4170782177e-03 1.6919546678e+00 -2.0000000000e-01 1.6919546604e+00 1.8624918564e-06 3.0000000000e+02 -2.4493560934e-13 2.7386766235e-14 2.4476662179e-13 1.8624940798e-13 2.4459722172e-13 -1.9035166271e-19 -2.7366766298e-14 -1.8624918571e-13 -3.0981103431e-14
d  2.4232668167e-03 1.6962866869e+00 -2.0000000000e-01 1.6962866795e+00 1.8788582701e-06 3.0000000000e+02 -2.4653353361e-13 2.7349376835e-14 2.4636734874e-13 1.8788994866e-13 2.4619428218e-13 -1.2262113572e-19 -2.7329377918e-14 -1.8788582514e-13 -3.0979080084e-14
d  2.4306931355e-03 1.7014851098e+00 -2.0000000000e-01 1.7014851024e+00 1.8985679530e-06 3.0000000000e+02 -2.4845615609e-13 2.7302981845e-14 2.4828622861e-13 1.8985703562e-13 2.4811588148e-13 -1.4180359508e-19 -2.7282981898e-14 -1.8985679539e-13 -3.0976774073e-14
d  2.4396047182e-03 1.7077232173e+00 -2.0000000000e-01 1.7077232099e+00 1.9123066831e-06 3.0000000000e+02 -2.4929086979e-13 2.6789658002e-14 2.4910473684e-13 1.9121572608e-13 2.4894933388e-13 -1.0336761595e-19 -2.6769655258e-14 -1.9123067372e-13 -3.0948745782e-14
d  2.4502986173e-03 1.7152089463e+00 -2.0000000000e-01 1.7152089388e+00 1.9387709435e-06 3.0000000000e+02 -2.5197544924e-13 2.6824572170e-14 2.5178039653e-13 1.9385502407e-13 2.5163241750e-13 -1.4917833531e-19 -2.6804568777e-14 -1.9387710101e-13 -3.0951085250e-14
d  2.4631312963e-03 1.7241918212e+00 -2.0000000000e-01 1.7241918135e+00 1.9712158195e-06 3.0000000000e+02 -2.5528299093e-13 2.6883416765e-14 2.5508601897e-13 1.9709738430e-13 2.5493817807e-13 -1.4125276272e-19 -2.6863413649e-14 -1.9712158809e-13 -3.0954689034e-14
d  2.4708309036e-03 1.7295815461e+00 -2.0000000000e-01 1.7295815384e+00 1.9918995835e-06 3.0000000000e+02 -2.5742976544e-13 2.6955209410e-14 2.5724290105e-13 1.9917567174e-13 2.5708384688e-13 -1.4657468105e-19 -2.6935206708e-14 -1.9918996369e-13 -3.0958867967e-14
d  2.4800704325e-03 1.7360492159e+00 -2.0000000000e-01 1.7360492082e+00 2.0165538577e-06 3.0000000000e+02 -2.5994234299e-13 2.6997411709e-14 2.5975640157e-13 2.0164139803e-13 2.5959514554e-13 -1.4511879106e-19 -2.6977409227e-14 -2.0165539070e-13 -3.0961451929e-14
d  2.4911578671e-03 1.7438104198e+00 -2.0000000000e-01 1.7438104119e+00 2.0465617997e-06 3.0000000000e+02 -2.6298191055e-13 2.7031318970e-14 2.6278884994e-13 2.0463653625e-13 2.6263315399e-13 -1.4767311287e-19 -2.7011316051e-14 -2.0465618574e-13 -3.0963638537e-14
d  2.5044627887e-03 1.7531238644e+00 -2.0000000000e-01 1.7531238564e+00 2.0835798861e-06 3.0000000000e+02 -2.6673118331e-13 2.7075306247e-14 2.6653586005e-13 2.0833586136e-13 2.6638057246e-13 -1.5130006658e-19 -2.7055303492e-14 -2.0835799408e-13 -3.0966439515e-14
d  2.5204286945e-03 1.7642999980e+00 -2.0000000000e-01 1.7642999898e+00 2.1306137957e-06 3.0000000000e+02 -2.7153641477e-13 2.7167765802e-14 2.7137865288e-13 2.1308073704e-13 2.7118355682e-13 -1.5861874784e-19 -2.7147767823e-14 -2.1306137592e-13 -3.0971970066e-14
d  2.5300082381e-03 1.7710056781e+00 -2.0000000000e-01 1.7710056699e+00 2.1592015171e-06 3.0000000000e+02 -2.7442394331e-13 2.7197242924e-14 2.7422110508e-13 2.1589499171e-13 2.7406975389e-13 -1.5639266886e-19 -2.7177239073e-14 -2.1592015927e-13 -3.0973843622e-14
d  2.5415036903e-03 1.7790524942e+00 -2.0000000000e-01 1.7790524859e+00 2.1943913779e-06 3.0000000000e+02 -2.7798167143e-13 2.7230930305e-14 2.7778620885e-13 2.1941902259e-13 2.7762588253e-13 -1.6220221475e-19 -2.7210927415e-14 -2.1943914353e-13 -3.0976015030e-14
d  2.5484009616e-03 1.7838805839e+00 -2.0000000000e-01 1.7838805755e+00 2.2164821447e-06 3.0000000000e+02 -2.8024011876e-13 2.7271902972e-14 2.8004953171e-13 2.2163408123e-13 2.7988333964e-13 -1.6590165807e-19 -2.7251899989e-14 -2.2164822037e-13 -3.0978449632e-14
d  2.5566776872e-03 1.7896742916e+00 -2.0000000000e-01 1.7896742831e+00 2.2428689878e-06 3.0000000000e+02 -2.8290146918e-13 2.7295394497e-14 2.8270514078e-13 2.2426891367e-13 2.8254354826e-13 -1.6473726790e-19 -2.7275390936e-14 -2.2428690579e-13 -3.0979956013e-14
d  2.5616437226e-03 1.7931505161e+00 -2.0000000000e-01 1.7931505076e+00 2.2710679320e-06 3.0000000000e+02 -2.8635856300e-13 2.7899030930e-14 2.8617973917e-13 2.2710738136e-13 2.8599992538e-13 -2.4297810022e-19 -2.7879031101e-14 -2.2710679310e-13 -3.1013212802e-14
d  2.5676029650e-03 1.7973219856e+00 -2.0000000000e-01 1.7973219770e+00 2.2924077527e-06 3.0000000000e+02 -2.8842457123e-13 2.7835008616e-14 2.8823756715e-13 2.2923589309e-13 2.8806511326e-13 -1.5123670785e-19 -2.7815007283e-14 -2.2924077804e-13 -3.1009669852e-14
d  2.5747540559e-03 1.8023277490e+00 -2.0000000000e-01 1.8023277403e+00 2.3182122519e-06 3.0000000000e+02 -2.9093208691e-13 2.7766905561e-14 2.9075519770e-13 2.3182509090e-13 2.9057162593e-13 -1.7889670110e-19 -2.7746906444e-14 -2.3182122374e-13 -3.1006178406e-14
d  2.5833353650e-03 1.8083346651e+00 -2.0000000000e-01 1.8083346563e+00 2.3360909682e-06 3.0000000000e+02 -2.9203981627e-13 2.7117971410e-14 2.9183958953e-13 2.3358934493e-13 2.9167815505e-13 -1.2487073471e-19 -2.7097967632e-14 -2.3360910425e-13 -3.0970879573e-14
d  2.5884841505e-03 1.8119388147e+00 -2.0000000000e-01 1.8119388059e+00 2.3661533569e-06 3.0000000000e+02 -2.9573851777e-13 2.7772780781e-14 2.9555953240e-13 2.3661936800e-13 2.9537612831e-13 -2.6005187779e-19 -2.7752781916e-14 -2.3661533377e-13 -3.1007009981e-14
d  2.5946626930e-03 1.8162637943e+00 -2.0000000000e-01 1.8162637854e+00 2.3889533250e-06 3.0000000000e+02 -2.9797463731e-13 2.7733781282e-14 2.9779376742e-13 2.3889621676e-13 2.9761140273e-13 -1.5603850814e-19 -2.7713781515e-14 -2.3889533229e-13 -3.1004821447e-14
d  2.6020769441e-03 1.8214537698e+00 -2.0000000000e-01 1.8214537608e+00 2.4030962636e-06 3.0000000000e+02 -2.9870567418e-13 2.7081802235e-14 2.9850992049e-13 2.4029375784e-13 2.9834139723e-13 -1.2057015503e-19 -2.7061798732e-14 -2.4030963327e-13 -3.0969400937e-14
d  2.6109740454e-03 1.8276817404e+00 -2.0000000000e-01 1.8276817313e+00 2.4338178936e-06 3.0000000000e+02 -3.0186614384e-13 2.7161685798e-14 3.0166636596e-13 2.4336233361e-13 3.0150061958e-13 -1.9541408428e-19 -2.7141682203e-14 -2.4338179646e-13 -3.0974152865e-14
d  2.6163123061e-03 1.8314185227e+00 -2.0000000000e-01 1.8314185136e+00 2.4661575273e-06 3.0000000000e+02 -3.0583234513e-13 2.7854062775e-14 3.0564973515e-13 2.4661637265e-13 3.0546606000e-13 -2.5864335637e-19 -2.7834062944e-14 -2.4661575266e-13 -3.1012130272e-14
d  2.6227182191e-03 1.8359026615e+00 -2.0000000000e-01 1.8359026523e+00 2.4912812288e-06 3.0000000000e+02 -3.0830406858e-13 2.7819980066e-14 3.0812260891e-13 2.4913060424e-13 3.0793689852e-13 -1.6529054119e-19 -2.7799980699e-14 -2.4912812192e-13 -3.1010234137e-14
d  2.6304053146e-03 1.8412836281e+00 -2.0000000000e-01 1.8412836189e+00 2.5074612885e-06 3.0000000000e+02 -3.0921382262e-13 2.7146040022e-14 3.0901389595e-13 2.5072798058e-13 3.0884556067e-13 -1.2790750047e-19 -2.7126036152e-14 -2.5074613648e-13 -3.0973667882e-14
d  2.6396298292e-03 1.8477407880e+00 -2.0000000000e-01 1.8477407786e+00 2.5412768636e-06 3.0000000000e+02 -3.1269068281e-13 2.7231539328e-14 3.1248601484e-13 2.5410529374e-13 3.1232112794e-13 -2.0407145865e-19 -2.7211535330e-14 -2.5412769425e-13 -3.0978725547e-14
d  2.6451645379e-03 1.8516150840e+00 -2.0000000000e-01 1.8516150745e+00 2.5764833055e-06 3.0000000000e+02 -3.1697959687e-13 2.7958196987e-14 3.1679661857e-13 2.5765088050e-13 3.1660928381e-13 -2.7019688327e-19 -2.7938197657e-14 -2.5764832953e-13 -3.1018517884e-14
d  2.6518061884e-03 1.8562642391e+00 -2.0000000000e-01 1.8562642295e+00 2.6042446200e-06 3.0000000000e+02 -3.1970475258e-13 2.7914799871e-14 3.1951950715e-13 2.6042487053e-13 3.1933351505e-13 -1.7414030779e-19 -2.7894799972e-14 -2.6042446207e-13 -3.1016112517e-14
d  2.6597761690e-03 1.8618432252e+00 -2.0000000000e-01 1.8618432156e+00 2.6226858971e-06 3.0000000000e+02 -3.2080494673e-13 2.7206040666e-14 3.2059700820e-13 2.6224537164e-13 3.2043257081e-13 -1.3591073516e-19 -2.7186035883e-14 -2.6226859910e-13 -3.0977710166e-14
d  2.6693401458e-03 1.8685380086e+00 -2.0000000000e-01 1.8685379989e+00 2.6599736853e-06 3.0000000000e+02 -3.2463503999e-13 2.7298783902e-14 3.2441828483e-13 2.6596678194e-13 3.2426133517e-13 -2.1354888657e-19 -2.7278778626e-14 -2.6599737889e-13 -3.0983161355e-14
d  2.6750785318e-03 1.8725548787e+00 -2.0000000000e-01 1.8725548688e+00 2.6985202868e-06 3.0000000000e+02 -3.2930285560e-13 2.8069803568e-14 3.2910575006e-13 2.6984538348e-13 3.2892835084e-13 -2.8328835069e-19 -2.8049801885e-14 -2.6985203216e-13 -3.1025308775e-14
d  2.6819645951e-03 1.8773751227e+00 -2.0000000000e-01 1.8773751127e+00 2.7295169258e-06 3.0000000000e+02 -3.3234978897e-13 2.8024433164e-14 3.3216444410e-13 2.7295447996e-13 3.3197432639e-13 -1.8584765107e-19 -2.8004433827e-14 -2.7295169159e-13 -3.1022796577e-14
d  2.6902278710e-03 1.8831594155e+00 -2.0000000000e-01 1.8831594055e+00 2.7508428475e-06 3.0000000000e+02 -3.3370796903e-13 2.7283599127e-14 3.3349053889e-13 2.7505510530e-13 3.3333134311e-13 -1.4512739854e-19 -2.7263593319e-14 -2.7508429613e-13 -3.0982711368e-14
d  2.6951858365e-03 1.8866299912e+00 -2.0000000000e-01 1.8866299811e+00 2.7873393140e-06 3.0000000000e+02 -3.3819460090e-13 2.8076654901e-14 3.3800672631e-13 2.7873462486e-13 3.3781729389e-13 -3.1699741153e-19 -2.8056655104e-14 -2.7873393129e-13 -3.1026197379e-14
d  2.7011353952e-03 1.8907946821e+00 -2.0000000000e-01 1.8907946719e+00 2.8152966316e-06 3.0000000000e+02 -3.4095091388e-13 2.8038826444e-14 3.4076278836e-13 2.8153078790e-13 3.4057275334e-13 -1.8716660087e-19 -2.8018826753e-14 -2.8152966285e-13 -3.1024011174e-14
d  2.7047051304e-03 1.8932934966e+00 -2.0000000000e-01 1.8932934863e+00 2.8322541358e-06 3.0000000000e+02 -3.4262387849e-13 2.8016961430e-14 3.4243507289e-13 2.8322604851e-13 3.4224523719e-13 -2.2129075433e-19 -2.7996961687e-14 -2.8322541337e-13 -3.1022970738e-14
d  2.7089888126e-03 1.8962920740e+00 -2.0000000000e-01 1.8962920637e+00 2.8527021345e-06 3.0000000000e+02 -3.4464348964e-13 2.7992141495e-14 3.4445470920e-13 2.8527122816e-13 3.4426425497e-13 -2.2239401555e-19 -2.7972141879e-14 -2.8527021300e-13 -3.1021721125e-14
d  2.7141292313e-03 1.8998903669e+00 -2.0000000000e-01 1.8998903565e+00 2.8769811588e-06 3.0000000000e+02 -3.4702752824e-13 2.7949845661e-14 3.4685674333e-13 2.8771645377e-13 3.4664754202e-13 -2.2221696526e-19 -2.7929851471e-14 -2.8769810511e-13 -3.1019542532e-14
d  2.7202977337e-03 1.9042083184e+00 -2.0000000000e-01 1.9042083079e+00 2.9071618740e-06 3.0000000000e+02 -3.5004707195e-13 2.7949087566e-14 3.4985924528e-13 2.9071921248e-13 3.4966624146e-13 -2.2717144488e-19 -2.7929088368e-14 -2.9071618617e-13 -3.1019647116e-14
d  2.7276999366e-03 1.9093898601e+00 -2.0000000000e-01 1.9093898496e+00 2.9258467350e-06 3.0000000000e+02 -3.5112582601e-13 2.7200771804e-14 3.5091122600e-13 2.9255886803e-13 3.5074395325e-13 -1.4478020108e-19 -2.7180766078e-14 -2.9258468473e-13 -3.0979142536e-14
d  2.7365825800e-03 1.9156077102e+00 -2.0000000000e-01 1.9156076996e+00 2.9655964974e-06 3.0000000000e+02 -3.5526548608e-13 2.7352016459e-14 3.5504801321e-13 2.9653049173e-13 3.5488239352e-13 -2.4113043061e-19 -2.7332011041e-14 -2.9655966042e-13 -3.0987755869e-14
d  2.7419121661e-03 1.9193384203e+00 -2.0000000000e-01 1.9193384095e+00 3.0076956722e-06 3.0000000000e+02 -3.6039865482e-13 2.8224411559e-14 3.6020948446e-13 3.0077278208e-13 3.6001480300e-13 -3.2528052856e-19 -2.8204412436e-14 -3.0076956584e-13 -3.1035246278e-14
d  2.7483076694e-03 1.9238152724e+00 -2.0000000000e-01 1.9238152615e+00 3.0411383711e-06 3.0000000000e+02 -3.6369911531e-13 2.8189621359e-14 3.6350731314e-13 3.0411452492e-13 3.6331435285e-13 -2.0650458277e-19 -2.8169621536e-14 -3.0411383708e-13 -3.1033252145e-14
d  2.7559822734e-03 1.9291874949e+00 -2.0000000000e-01 1.9291874840e+00 3.0630723731e-06 3.0000000000e+02 -3.6503315832e-13 2.7370857500e-14 3.6481371257e-13 3.0627822603e-13 3.6464734587e-13 -1.5687362037e-19 -2.7350851281e-14 -3.0630724952e-13 -3.0989059626e-14
d  2.7605870357e-03 1.9324108284e+00 -2.0000000000e-01 1.9324108173e+00 3.1025699854e-06 3.0000000000e+02 -3.6989893570e-13 2.8234495501e-14 3.6973501298e-13 3.1028296144e-13 3.6951247943e-13 -3.6390244554e-19 -2.8214503682e-14 -3.1025698325e-13 -3.1036261090e-14
d  2.7661127506e-03 1.9362788286e+00 -2.0000000000e-01 1.9362788174e+00 3.1330789772e-06 3.0000000000e+02 -3.7293302127e-13 2.8219392625e-14 3.7275887562e-13 3.1332567315e-13 3.7254577204e-13 -2.1044989092e-19 -2.8199397878e-14 -3.1330788801e-13 -3.1035244592e-14
d  2.7727436084e-03 1.9409204288e+00 -2.0000000000e-01 1.9409204176e+00 3.1695259261e-06 3.0000000000e+02 -3.7652591819e-13 2.8171127498e-14 3.7633300180e-13 3.1695393161e-13 3.7613774084e-13 -2.4806467877e-19 -2.8151127830e-14 -3.1695259230e-13 -3.1032846716e-14
d  2.7807006378e-03 1.9464903491e+00 -2.0000000000e-01 1.9464903378e+00 3.1939571324e-06 3.0000000000e+02 -3.7809494847e-13 2.7342371709e-14 3.7786905456e-13 3.1936253965e-13 3.7770566015e-13 -1.6530145583e-19 -2.7322364839e-14 -3.1939572673e-13 -3.0988117810e-14
d  2.7902490731e-03 1.9531742535e+00 -2.0000000000e-01 1.9531742420e+00 3.2421961934e-06 3.0000000000e+02 -3.8308761816e-13 2.7497742190e-14 3.8285119519e-13 3.2417677750e-13 3.8269698738e-13 -2.6364223279e-19 -2.7477734756e-14 -3.2421963397e-13 -3.0996940934e-14
d  2.7959781342e-03 1.9571845961e+00 -2.0000000000e-01 1.9571845844e+00 3.2922685112e-06 3.0000000000e+02 -3.8910336812e-13 2.8453259932e-14 3.8890810572e-13 3.2922735792e-13 3.8871194428e-13 -3.5645668193e-19 -2.8433260061e-14 -3.2922685121e-13 -3.1048792214e-14
d  2.8028530076e-03 1.9619970072e+00 -2.0000000000e-01 1.9619969954e+00 3.3334643273e-06 3.0000000000e+02 -3.9315621071e-13 2.8392881902e-14 3.9296770282e-13 3.3335597439e-13 3.9276382158e-13 -2.3303566883e-19 -2.8372884182e-14 -3.3334642870e-13 -3.1045411807e-14
d  2.8111028557e-03 1.9677719006e+00 -2.0000000000e-01 1.9677718887e+00 3.3621625890e-06 3.0000000000e+02 -3.9508389507e-13 2.7498845317e-14 3.9484310636e-13 3.3617272044e-13 3.9469033539e-13 -1.7811497411e-19 -2.7478836603e-14 -3.3621627598e-13 -3.0997288874e-14
d  2.8160527645e-03 1.9712368366e+00 -2.0000000000e-01 1.9712368246e+00 3.4096981617e-06 3.0000000000e+02 -4.0086885905e-13 2.8474423854e-14 4.0067162921e-13 3.4096970128e-13 4.0047461757e-13 -3.9978548748e-19 -2.8454423820e-14 -3.4096981657e-13 -3.1050407510e-14
d  2.8219926551e-03 1.9753947598e+00 -2.0000000000e-01 1.9753947477e+00 3.4470002656e-06 3.0000000000e+02 -4.0454227153e-13 2.8419426448e-14 4.0434807354e-13 3.4470390370e-13 4.0414720834e-13 -2.3605639172e-19 -2.8399427517e-14 -3.4470002486e-13 -3.1047221951e-14
d  2.8255565895e-03 1.9778895137e+00 -2.0000000000e-01 1.9778895015e+00 3.4696417375e-06 3.0000000000e+02 -4.0677391197e-13 2.8389102418e-14 4.0657741618e-13 3.4696573831e-13 4.0637834178e-13 -2.7872502757e-19 -2.8369103053e-14 -3.4696417289e-13 -3.1045739597e-14
d  2.8298333107e-03 1.9808832184e+00 -2.0000000000e-01 1.9808832062e+00 3.4969786820e-06 3.0000000000e+02 -4.0947422590e-13 2.8355902460e-14 4.0927867021e-13 3.4970085911e-13 4.0907804803e-13 -2.8072257780e-19 -2.8335903599e-14 -3.4969786638e-13 -3.1044036526e-14
d  2.8349653762e-03 1.9844756641e+00 -2.0000000000e-01 1.9844756517e+00 3.5299798237e-06 3.0000000000e+02 -4.1274297348e-13 2.8325766101e-14 4.1254531643e-13 3.5299886588e-13 4.1234609848e-13 -2.8222888924e-19 -2.8305766382e-14 -3.5299798219e-13 -3.1042514814e-14
d  2.8411238548e-03 1.9887865989e+00 -2.0000000000e-01 1.9887865864e+00 3.5698871833e-06 3.0000000000e+02 -4.1670703346e-13 2.8299092984e-14 4.1650871641e-13 3.5698936022e-13 4.1630928807e-13 -2.8493349175e-19 -2.8279093155e-14 -3.5698871836e-13 -3.1041202842e-14
d  2.8485140291e-03 1.9939597206e+00 -2.0000000000e-01 1.9939597081e+00 3.5973656242e-06 3.0000000000e+02 -4.1857953193e-13 2.7467623888e-14 4.1835108711e-13 3.5970383381e-13 4.1818075397e-13 -1.8911180871e-19 -2.7447616585e-14 -3.5973657681e-13 -3.0996456701e-14
d  2.8528285145e-03 1.9969798603e+00 -2.0000000000e-01 1.9969798476e+00 3.6404144537e-06 3.0000000000e+02 -4.2381420910e-13 2.8342264649e-14 4.2365271291e-13 3.6407745359e-13 4.2341481000e-13 -4.1762270718e-19 -2.8322276717e-14 -3.6404142266e-13 -3.1044033549e-14
d  2.8571430000e-03 2.0000000000e+00 -2.0000000000e-01 1.9999999872e+00 3.6718142799e-06 3.0000000000e+02 -4.2706813021e-13 2.8455371028e-14 4.2687064254e-13 3.6718438385e-13 4.2666813115e-13 -2.7205302821e-19 -2.8435372112e-14 -3.6718142629e-13 -3.1049894780e-14
d  2.8623203826e-03 2.0036241676e+00 -2.0000000000e-01 2.0036241547e+00 3.7074372917e-06 3.0000000000e+02 -4.3060254798e-13 2.8430538226e-14 4.3040313535e-13 3.7074483366e-13 4.3020182412e-13 -2.9414800638e-19 -2.8410538575e-14 -3.7074372888e-13 -3.1048698762e-14
d  2.8685332416e-03 2.0079731687e+00 -2.0000000000e-01 2.0079731557e+00 3.7506965982e-06 3.0000000000e+02 -4.3490075907e-13 2.8401955603e-14 4.3470069026e-13 3.7507053638e-13 4.3449916352e-13 -3.0223795545e-19 -2.8381955834e-14 -3.7506965975e-13 -3.1047292418e-14
d  2.8722609571e-03 2.0105825694e+00 -2.0000000000e-01 2.0105825563e+00 3.7767549570e-06 3.0000000000e+02 -4.3748774677e-13 2.8383638429e-14 4.3728949350e-13 3.7767880230e-13 4.3708562216e-13 -3.0307710862e-19 -2.8363639715e-14 -3.7767549362e-13 -3.1046379146e-14
d  2.8767342156e-03 2.0137138502e+00 -2.0000000000e-01 2.0137138370e+00 3.8082120402e-06 3.0000000000e+02 -4.4061541254e-13 2.8366244173e-14 4.4041648846e-13 3.8082409290e-13 4.4021267852e-13 -3.0499138343e-19 -2.8346245227e-14 -3.8082120239e-13 -3.1045531832e-14
d  2.8821021258e-03 2.0174713872e+00 -2.0000000000e-01 2.0174713739e+00 3.8462955623e-06 3.0000000000e+02 -4.4441036409e-13 2.8352508768e-14 4.4421657464e-13 3.8463536818e-13 4.4400690310e-13 -3.0814688506e-19 -2.8332510540e-14 -3.8462955322e-13 -3.1044900625e-14
d  2.8885436181e-03 2.0219804316e+00 -2.0000000000e-01 2.0219804181e+00 3.8925240860e-06 3.0000000000e+02 -4.4902640905e-13 2.8342136359e-14 4.4882487356e-13 3.8925312219e-13 4.4862202583e-13 -3.1118767510e-19 -2.8322136541e-14 -3.8925240864e-13 -3.1044469741e-14
d  2.8924085135e-03 2.0246858582e+00 -2.0000000000e-01 2.0246858447e+00 3.9204924945e-06 3.0000000000e+02 -4.5182014055e-13 2.8341675282e-14 4.5162029672e-13 3.9205233524e-13 4.5141521705e-13 -3.1352328128e-19 -2.8321676441e-14 -3.9204924763e-13 -3.1044521782e-14
d  2.8970463880e-03 2.0279323702e+00 -2.0000000000e-01 2.0279323565e+00 3.9543108852e-06 3.0000000000e+02 -4.5519986977e-13 2.8339039705e-14 4.5499971198e-13 3.9543416977e-13 4.5479430657e-13 -3.1572175463e-19 -2.8319040791e-14 -3.9543108684e-13 -3.1044470975e-14
d  2.9026118373e-03 2.0318281845e+00 -2.0000000000e-01 2.0318281707e+00 3.9953530849e-06 3.0000000000e+02 -4.5930665141e-13 2.8340436345e-14 4.5910413249e-13 3.9953607486e-13 4.5890031087e-13 -3.1917148035e-19 -2.8320436571e-14 -3.9953530846e-13 -3.1044655904e-14
d  2.9092903765e-03 2.0365031617e+00 -2.0000000000e-01 2.0365031478e+00 4.0452503962e-06 3.0000000000e+02 -4.6430266858e-13 2.8345008931e-14 4.6410247497e-13 4.0452903276e-13 4.6389539943e-13 -3.2351274799e-19 -2.8325009916e-14 -4.0452503813e-13 -3.1045033080e-14
d  2.9132975000e-03 2.0393081480e+00 -2.0000000000e-01 2.0393081340e+00 4.0755086223e-06 3.0000000000e+02 -4.6733226826e-13 2.8348879507e-14 4.6713063047e-13 4.0755357970e-13 4.6692441702e-13 -3.2543794752e-19 -2.8328880492e-14 -4.0755086075e-13 -3.1045318011e-14
d  2.9181060482e-03 2.0426741316e+00 -2.0000000000e-01 2.0426741175e+00 4.1122114801e-06 3.0000000000e+02 -4.7101018019e-13 2.8354707191e-14 4.7080903620e-13 4.1122478756e-13 4.7060166288e-13 -3.2902624504e-19 -2.8334708429e-14 -4.1122114605e-13 -3.1045725582e-14
d  2.9238763061e-03 2.0467133119e+00 -2.0000000000e-01 2.0467132977e+00 4.1567874170e-06 3.0000000000e+02 -4.7547793339e-13 2.8363729202e-14 4.7527481210e-13 4.1568053091e-13 4.7506860289e-13 -3.3247164129e-19 -2.8343729711e-14 -4.1567874114e-13 -3.1046320906e-14
d  2.9273384608e-03 2.0491368201e+00 -2.0000000000e-01 2.0491368058e+00 4.1838475835e-06 3.0000000000e+02 -4.7819188117e-13 2.8370512642e-14 4.7799021038e-13 4.1838857230e-13 4.7778205572e-13 -3.3536802939e-19 -2.8350514239e-14 -4.1838475571e-13 -3.1046752687e-14
d  2.9314930465e-03 2.0520450300e+00 -2.0000000000e-01 2.0520450155e+00 4.2166453612e-06 3.0000000000e+02 -4.8148270581e-13 2.8380675783e-14 4.8128065977e-13 4.2166823689e-13 4.8107229281e-13 -3.3812699559e-19 -2.8360677237e-14 -4.2166453376e-13 -3.1047377211e-14
d  2.9364785493e-03 2.0555348817e+00 -2.0000000000e-01 2.0555348672e+00 4.2565153833e-06 3.0000000000e+02 -4.8548590549e-13 2.8395166059e-14 4.8528742506e-13 4.2566137542e-13 4.8507481801e-13 -3.4252995277e-19 -2.8375169292e-14 -4.2565153255e-13 -3.1048251047e-14
d  2.9424611527e-03 2.0597227039e+00 -2.0000000000e-01 2.0597226892e+00 4.3050190648e-06 3.0000000000e+02 -4.9035458311e-13 2.8414237615e-14 4.9014926932e-13 4.3050267528e-13 4.8994265254e-13 -3.4564106802e-19 -2.8394237826e-14 -4.3050190650e-13 -3.1049383774e-14
d  2.9460507147e-03 2.0622353972e+00 -2.0000000000e-01 2.0622353824e+00 4.3345193519e-06 3.0000000000e+02 -4.9331735528e-13 2.8422375000e-14 4.9311454179e-13 4.3345592339e-13 4.9290491682e-13 -3.4973074364e-19 -2.8402376613e-14 -4.3345193254e-13 -3.1049890638e-14
d  2.9503581891e-03 2.0652506291e+00 -2.0000000000e-01 2.0652506142e+00 4.3703074563e-06 3.0000000000e+02 -4.9691181074e-13 2.8437587024e-14 4.9670769720e-13 4.3703358513e-13 4.9649874676e-13 -3.5252352933e-19 -2.8417588101e-14 -4.3703074400e-13 -3.1050785107e-14
d  2.9555271584e-03 2.0688689074e+00 -2.0000000000e-01 2.0688688924e+00 4.4139530917e-06 3.0000000000e+02 -5.0130114903e-13 2.8459956830e-14 5.0109587590e-13 4.4139711898e-13 5.0088737566e-13 -3.5769688435e-19 -2.8439957405e-14 -4.4139530851e-13 -3.1052081081e-14
d  2.9617299216e-03 2.0732108414e+00 -2.0000000000e-01 2.0732108262e+00 4.4671682633e-06 3.0000000000e+02 -5.0664996558e-13 2.8484748838e-14 5.0644390903e-13 4.4671828430e-13 5.0623533596e-13 -3.6257187855e-19 -2.8464749226e-14 -4.4671682603e-13 -3.1053522272e-14
d  2.9654515795e-03 2.0758160018e+00 -2.0000000000e-01 2.0758159865e+00 4.4995337923e-06 3.0000000000e+02 -5.0990143368e-13 2.8498525134e-14 5.0969680328e-13 4.4995684476e-13 5.0948628587e-13 -3.6575514550e-19 -2.8478526487e-14 -4.4995337708e-13 -3.1054327785e-14
d  2.9699175689e-03 2.0789421943e+00 -2.0000000000e-01 2.0789421789e+00 4.5388341230e-06 3.0000000000e+02 -5.1384951524e-13 2.8515230783e-14 5.1365158053e-13 4.5389513775e-13 5.1343373341e-13 -3.7005590619e-19 -2.8495235078e-14 -4.5388340451e-13 -3.1055304201e-14
d  2.9752767563e-03 2.0826936253e+00 -2.0000000000e-01 2.0826936097e+00 4.5866445474e-06 3.0000000000e+02 -5.1865140600e-13 2.8535543117e-14 5.1844738872e-13 4.5866938501e-13 5.1823487174e-13 -3.7339067412e-19 -2.8515544628e-14 -4.5866445229e-13 -3.1056484956e-14
d  2.9817077812e-03 2.0871953425e+00 -2.0000000000e-01 2.0871953267e+00 4.6450231188e-06 3.0000000000e+02 -5.2451574713e-13 2.8558106594e-14 5.2430822646e-13 4.6450365609e-13 5.2409830962e-13 -3.7984421456e-19 -2.8538106939e-14 -4.6450231168e-13 -3.1057809031e-14
d  2.9855663961e-03 2.0898963728e+00 -2.0000000000e-01 2.0898963569e+00 4.6805891063e-06 3.0000000000e+02 -5.2808877605e-13 2.8572958616e-14 5.2788298177e-13 4.6806264662e-13 5.2767080450e-13 -3.8367790991e-19 -2.8552960025e-14 -4.6805890839e-13 -3.1058672250e-14
d  2.9901967340e-03 2.0931376091e+00 -2.0000000000e-01 2.0931375932e+00 4.7237113090e-06 3.0000000000e+02 -5.3241676205e-13 2.8587705072e-14 5.3221519044e-13 4.7238005232e-13 5.3199812212e-13 -3.8734937391e-19 -2.8567708229e-14 -4.7237112530e-13 -3.1059541746e-14
d  2.9957531394e-03 2.0970270928e+00 -2.0000000000e-01 2.0970270766e+00 4.7761708568e-06 3.0000000000e+02 -5.3768079399e-13 2.8604619457e-14 5.3747172638e-13 4.7761782943e-13 5.3726139865e-13 -3.9142799931e-19 -2.8584619678e-14 -4.7761708573e-13 -3.1060541657e-14
d  3.0024208260e-03 2.1016944731e+00 -2.0000000000e-01 2.1016944568e+00 4.8402506567e-06 3.0000000000e+02 -5.4411308087e-13 2.8625300967e-14 5.4391695592e-13 4.8404176924e-13 5.4369273932e-13 -3.9942411814e-19 -2.8605305111e-14 -4.8402505811e-13 -3.1061767313e-14
d  3.0064214379e-03 2.1044949013e+00 -2.0000000000e-01 2.1044948849e+00 4.8791093091e-06 3.0000000000e+02 -5.4800619338e-13 2.8636212034e-14 5.4779950946e-13 4.8791530881e-13 5.4758531561e-13 -3.9974368485e-19 -2.8616213629e-14 -4.8791092833e-13 -3.1062412341e-14
d  3.0112221723e-03 2.1078554152e+00 -2.0000000000e-01 2.1078553986e+00 4.9264511936e-06 3.0000000000e+02 -5.5275783137e-13 2.8646940924e-14 5.5255715559e-13 4.9265797079e-13 5.5233627295e-13 -4.0760211808e-19 -2.8626945317e-14 -4.9264511138e-13 -3.1063076021e-14
d  3.0169830535e-03 2.1118880318e+00 -2.0000000000e-01 2.1118880151e+00 4.9839722444e-06 3.0000000000e+02 -5.5852529904e-13 2.8664326155e-14 5.5832024929e-13 4.9840427199e-13 5.5810293457e-13 -4.1048125114e-19 -2.8644328171e-14 -4.9839722103e-13 -3.1064097647e-14
d  3.0204395822e-03 2.1143076018e+00 -2.0000000000e-01 2.1143075850e+00 5.0189249049e-06 3.0000000000e+02 -5.6203071439e-13 2.8671455662e-14 5.6182344702e-13 5.0189734621e-13 5.6160785071e-13 -4.1447301887e-19 -2.8651457705e-14 -5.0189248707e-13 -3.1064539049e-14
d  3.0245874166e-03 2.1172110858e+00 -2.0000000000e-01 2.1172110688e+00 5.0613112768e-06 3.0000000000e+02 -5.6628206085e-13 2.8682285531e-14 5.6607493507e-13 5.0613644837e-13 5.6585862867e-13 -4.1872503640e-19 -2.8662287630e-14 -5.0613112415e-13 -3.1065188202e-14
d  3.0295648180e-03 2.1206952666e+00 -2.0000000000e-01 2.1206952494e+00 5.1127287960e-06 3.0000000000e+02 -5.7143582943e-13 2.8693190386e-14 5.7122357215e-13 5.1127265080e-13 5.7101169165e-13 -4.2247404584e-19 -2.8673190311e-14 -5.1127288026e-13 -3.1065852552e-14
d  3.0355376996e-03 2.1248762835e+00 -2.0000000000e-01 2.1248762662e+00 5.1753459937e-06 3.0000000000e+02 -5.7771337356e-13 2.8706462050e-14 5.7750197217e-13 5.1753587256e-13 5.7728840794e-13 -4.2907956402e-19 -2.8686462402e-14 -5.1753459921e-13 -3.1066663146e-14
d  3.0391214286e-03 2.1273848936e+00 -2.0000000000e-01 2.1273848762e+00 5.2134035589e-06 3.0000000000e+02 -5.8152910113e-13 2.8715954808e-14 5.8131971829e-13 5.2134427585e-13 5.8110364928e-13 -4.3262862409e-19 -2.8695956400e-14 -5.2134035335e-13 -3.1067229312e-14
d  3.0434219033e-03 2.1303952258e+00 -2.0000000000e-01 2.1303952082e+00 5.2596170424e-06 3.0000000000e+02 -5.8616502765e-13 2.8729475422e-14 5.8596428450e-13 5.2597617506e-13 5.8573895953e-13 -4.3791802511e-19 -2.8709480935e-14 -5.2596169413e-13 -3.1068023611e-14
d  3.0485824731e-03 2.1340076244e+00 -2.0000000000e-01 2.1340076067e+00 5.3157305908e-06 3.0000000000e+02 -5.9179058680e-13 2.8743875781e-14 5.9157915603e-13 5.3157535998e-13 5.9136379581e-13 -4.4082047982e-19 -2.8723876514e-14 -5.3157305819e-13 -3.1068871499e-14
d  3.0547751567e-03 2.1383425028e+00 -2.0000000000e-01 2.1383424848e+00 5.3840897295e-06 3.0000000000e+02 -5.9864315111e-13 2.8756200110e-14 5.9843117128e-13 5.3841110710e-13 5.9821551195e-13 -4.4857618042e-19 -2.8736200680e-14 -5.3840897238e-13 -3.1069633963e-14
d  3.0584907669e-03 2.1409434298e+00 -2.0000000000e-01 2.1409434117e+00 5.4256651186e-06 3.0000000000e+02 -6.0281117663e-13 2.8766228288e-14 6.0260910336e-13 5.4258007076e-13 6.0238299191e-13 -4.5320535019e-19 -2.8746233607e-14 -5.4256650214e-13 -3.1070230582e-14
d  3.0629494992e-03 2.1440645422e+00 -2.0000000000e-01 2.1440645240e+00 5.4761228848e-06 3.0000000000e+02 -6.0787000975e-13 2.8779408704e-14 6.0765953750e-13 5.4761685699e-13 6.0744123042e-13 -4.5605990300e-19 -2.8759410385e-14 -5.4761228578e-13 -3.1071000828e-14
d  3.0682999778e-03 2.1478098771e+00 -2.0000000000e-01 2.1478098587e+00 5.5374627639e-06 3.0000000000e+02 -6.1401871001e-13 2.8790983194e-14 6.1380980299e-13 5.5375305859e-13 6.1358915420e-13 -4.6304063953e-19 -2.8770985283e-14 -5.5374627288e-13 -3.1071707126e-14
d  3.0747205523e-03 2.1523042790e+00 -2.0000000000e-01 2.1523042603e+00 5.6124767837e-06 3.0000000000e+02 -6.2154562096e-13 2.8814873029e-14 6.2135647738e-13 5.6127518132e-13 6.2111518550e-13 -4.7192027390e-19 -2.8794880127e-14 -5.6124766506e-13 -3.1073084674e-14
d  3.0785728969e-03 2.1550009201e+00 -2.0000000000e-01 2.1550009013e+00 5.6578828165e-06 3.0000000000e+02 -6.2608958003e-13 2.8818854639e-14 6.2588766762e-13 5.6580442451e-13 6.2565860280e-13 -4.7180787125e-19 -2.8798860757e-14 -5.6578827038e-13 -3.1073349835e-14
d  3.0831957105e-03 2.1582368894e+00 -2.0000000000e-01 2.1582368705e+00 5.7131918455e-06 3.0000000000e+02 -6.3163539611e-13 2.8832565951e-14 6.3143268392e-13 5.7133539974e-13 6.3120374589e-13 -4.8033633056e-19 -2.8812571717e-14 -5.7131917394e-13 -3.1074159728e-14
d  3.0887430868e-03 2.1621200527e+00 -2.0000000000e-01 2.1621200335e+00 5.7803815601e-06 3.0000000000e+02 -6.3836711253e-13 2.8844113814e-14 6.3815061383e-13 5.7803782094e-13 6.3793471269e-13 -4.8414884846e-19 -2.8824113714e-14 -5.7803815678e-13 -3.1074857057e-14
d  3.0920715126e-03 2.1644499506e+00 -2.0000000000e-01 2.1644499313e+00 5.8212016690e-06 3.0000000000e+02 -6.4245807838e-13 2.8848687096e-14 6.4224693711e-13 5.8212630368e-13 6.4202521203e-13 -4.9018879112e-19 -2.8828689781e-14 -5.8212016230e-13 -3.1075158185e-14
d  3.0960656235e-03 2.1672458281e+00 -2.0000000000e-01 2.1672458087e+00 5.8706963918e-06 3.0000000000e+02 -6.4741903516e-13 2.8860789321e-14 6.4721032977e-13 5.8707878336e-13 6.4698559439e-13 -4.9414897721e-19 -2.8840793072e-14 -5.8706963251e-13 -3.1075862621e-14
d  3.1008585566e-03 2.1706008811e+00 -2.0000000000e-01 2.1706008615e+00 5.9308135637e-06 3.0000000000e+02 -6.5344444807e-13 2.8872975754e-14 6.5322819746e-13 5.9308229169e-13 6.5301033814e-13 -4.9909763955e-19 -2.8852976075e-14 -5.9308135634e-13 -3.1076583728e-14
d  3.1066100764e-03 2.1746269447e+00 -2.0000000000e-01 2.1746269249e+00 6.0040388068e-06 3.0000000000e+02 -6.6078415797e-13 2.8887251012e-14 6.6057353661e-13 6.0041174297e-13 6.6034923457e-13 -5.0745069973e-19 -2.8867253274e-14 -6.0040387686e-13 -3.1077434887e-14
d  3.1100609882e-03 2.1770425829e+00 -2.0000000000e-01 2.1770425630e+00 6.0484859430e-06 3.0000000000e+02 -6.6523666458e-13 2.8895969107e-14 6.6502320687e-13 6.0485353472e-13 6.6480127927e-13 -5.1021922216e-19 -2.8875971194e-14 -6.0484859087e-13 -3.1077948370e-14
d  3.1142020825e-03 2.1799413487e+00 -2.0000000000e-01 2.1799413286e+00 6.1023997250e-06 3.0000000000e+02 -6.7063875612e-13 2.8904213530e-14 6.7043588459e-13 6.1025777014e-13 6.7020278006e-13 -5.1704573442e-19 -2.8884220583e-14 -6.1023995943e-13 -3.1078454336e-14
d  3.1191713955e-03 2.1834198677e+00 -2.0000000000e-01 2.1834198474e+00 6.1679119709e-06 3.0000000000e+02 -6.7720296330e-13 2.8918319413e-14 6.7698677775e-13 6.1679365673e-13 6.7676630368e-13 -5.2063238937e-19 -2.8898320229e-14 -6.1679119611e-13 -3.1079273486e-14
d  3.1251345712e-03 2.1875940905e+00 -2.0000000000e-01 2.1875940699e+00 6.2476751659e-06 3.0000000000e+02 -6.8519350621e-13 2.8927690684e-14 6.8497662357e-13 6.2476967572e-13 6.8475600623e-13 -5.2965464720e-19 -2.8907691284e-14 -6.2476751604e-13 -3.1079866473e-14
d  3.1287124766e-03 2.1900986241e+00 -2.0000000000e-01 2.1900986034e+00 6.2961188632e-06 3.0000000000e+02 -6.9004482304e-13 2.8934551083e-14 6.8984172448e-13 6.2963062619e-13 6.8960681836e-13 -5.3498950920e-19 -2.8914558729e-14 -6.2961187211e-13 -3.1080287108e-14
d  3.1330059631e-03 2.1931040645e+00 -2.0000000000e-01 2.1931040436e+00 6.3548789790e-06 3.0000000000e+02 -6.9593007572e-13 2.8945780441e-14 6.9572679469e-13 6.3550678039e-13 6.9549146712e-13 -5.3865057252e-19 -2.8925787670e-14 -6.3548788448e-13 -3.1080943768e-14
d  3.1381581469e-03 2.1967105930e+00 -2.0000000000e-01 2.1967105719e+00 6.4263175665e-06 3.0000000000e+02 -7.0308635216e-13 2.8955714156e-14 7.0287389242e-13 6.4264004991e-13 7.0264703544e-13 -5.4527026248e-19 -2.8935716814e-14 -6.4263175209e-13 -3.1081548636e-14
d  3.1443407674e-03 2.2010384271e+00 -2.0000000000e-01 2.2010384058e+00 6.5132264603e-06 3.0000000000e+02 -7.1178707459e-13 2.8962175245e-14 7.1156844861e-13 6.5132426111e-13 7.1134687970e-13 -5.5312322215e-19 -2.8942175679e-14 -6.5132264583e-13 -3.1081985581e-14
d  3.1480503397e-03 2.2036351276e+00 -2.0000000000e-01 2.2036351061e+00 6.5659675072e-06 3.0000000000e+02 -7.1706418472e-13 2.8964049070e-14 7.1686043768e-13 6.5661634181e-13 7.1662347255e-13 -5.5910531920e-19 -2.8944056792e-14 -6.5659673635e-13 -3.1082144566e-14
d  3.1525018265e-03 2.2067511682e+00 -2.0000000000e-01 2.2067511465e+00 6.6299382995e-06 3.0000000000e+02 -7.2346692710e-13 2.8972531349e-14 7.2326232411e-13 6.6301393224e-13 7.2302558391e-13 -5.6308044932e-19 -2.8952538784e-14 -6.6299381611e-13 -3.1082656885e-14
d  3.1578436107e-03 2.2104904169e+00 -2.0000000000e-01 2.2104903950e+00 6.7076784844e-06 3.0000000000e+02 -7.3124911345e-13 2.8979380164e-14 7.3103028816e-13 6.7077043017e-13 7.3080701451e-13 -5.6951190078e-19 -2.8959380964e-14 -6.7076784754e-13 -3.1083098825e-14
d  3.1642537516e-03 2.2149775154e+00 -2.0000000000e-01 2.2149774932e+00 6.8025358292e-06 3.0000000000e+02 -7.4074990933e-13 2.8988280589e-14 7.4053937797e-13 6.8026610928e-13 7.4030690929e-13 -5.8086250583e-19 -2.8968283840e-14 -6.8025357716e-13 -3.1083672321e-14
d  3.1680998362e-03 2.2176697745e+00 -2.0000000000e-01 2.2176697521e+00 6.8602950517e-06 3.0000000000e+02 -7.4653651316e-13 2.9001143311e-14 7.4633232927e-13 6.8605070164e-13 7.4609299160e-13 -5.8616786787e-19 -2.8981151383e-14 -6.8602949009e-13 -3.1084409060e-14
d  3.1727151377e-03 2.2209004854e+00 -2.0000000000e-01 2.2209004628e+00 6.9304065226e-06 3.0000000000e+02 -7.5355943274e-13 2.9012938543e-14 7.5333706680e-13 6.9304033082e-13 7.5311526014e-13 -5.9023870615e-19 -2.8992938428e-14 -6.9304065318e-13 -3.1085095368e-14
d  3.1782534995e-03 2.2247773384e+00 -2.0000000000e-01 2.2247773156e+00 7.0157949631e-06 3.0000000000e+02 -7.6211415379e-13 2.9022176609e-14 7.6190126800e-13 7.0159045379e-13 7.6166921838e-13 -6.0181091662e-19 -2.9002179889e-14 -7.0157949054e-13 -3.1085673863e-14
d  3.1815765166e-03 2.2271034503e+00 -2.0000000000e-01 2.2271034273e+00 7.0676815341e-06 3.0000000000e+02 -7.6731219848e-13 2.9034138247e-14 7.6709533540e-13 7.0677494829e-13 7.6686679192e-13 -6.0501258527e-19 -2.9014141232e-14 -7.0676814830e-13 -3.1086350437e-14
d  3.1855641371e-03 2.2298947845e+00 -2.0000000000e-01 2.2298947613e+00 7.1306184677e-06 3.0000000000e+02 -7.7361780990e-13 2.9042980826e-14 7.7341414754e-13 7.1308454074e-13 7.7317184330e-13 -6.1327564178e-19 -2.9022990182e-14 -7.1306182922e-13 -3.1086881148e-14
d  3.1903492817e-03 2.2332443855e+00 -2.0000000000e-01 2.2332443621e+00 7.2070677308e-06 3.0000000000e+02 -7.8127535366e-13 2.9057416325e-14 7.8105338493e-13 7.2070832343e-13 7.8082872860e-13 -6.1696989194e-19 -2.9037416860e-14 -7.2070677275e-13 -3.1087704965e-14
d  3.1960914552e-03 2.2372639068e+00 -2.0000000000e-01 2.2372638831e+00 7.3002009647e-06 3.0000000000e+02 -7.9060412730e-13 2.9066923314e-14 7.9038278145e-13 7.3002281374e-13 7.9015669171e-13 -6.2861186012e-19 -2.9046924100e-14 -7.3002009565e-13 -3.1088297052e-14
d  3.1995367593e-03 2.2396756195e+00 -2.0000000000e-01 2.2396755957e+00 7.3567710524e-06 3.0000000000e+02 -7.9626837892e-13 2.9074562256e-14 7.9604983346e-13 7.3568342486e-13 7.9582047193e-13 -6.3335909007e-19 -2.9054564939e-14 -7.3567710073e-13 -3.1088748894e-14
d  3.2036711243e-03 2.2425696749e+00 -2.0000000000e-01 2.2425696508e+00 7.4253135607e-06 3.0000000000e+02 -8.0312921027e-13 2.9080641101e-14 8.0292517820e-13 7.4255519076e-13 8.0268072916e-13 -6.4044585266e-19 -2.9060650593e-14 -7.4253133822e-13 -3.1089131557e-14
d  3.2086323622e-03 2.2460425412e+00 -2.0000000000e-01 2.2460425169e+00 7.5085637330e-06 3.0000000000e+02 -8.1146221199e-13 2.9090410330e-14 8.1124817974e-13 7.5086855069e-13 8.1101300970e-13 -6.4560961409e-19 -2.9070414391e-14 -7.5085636603e-13 -3.1089712707e-14
d  3.2145858477e-03 2.2502099809e+00 -2.0000000000e-01 2.2502099562e+00 7.6102563642e-06 3.0000000000e+02 -8.2165178795e-13 2.9105707338e-14 8.2143018313e-13 7.6102953666e-13 8.2120177136e-13 -6.5794130109e-19 -2.9085708428e-14 -7.6102563501e-13 -3.1090609957e-14
d  3.2181579390e-03 2.2527104447e+00 -2.0000000000e-01 2.2527104198e+00 7.6720544655e-06 3.0000000000e+02 -8.2784021066e-13 2.9113065984e-14 8.2763671472e-13 7.6723121555e-13 8.2738965761e-13 -6.6517345916e-19 -2.9093076550e-14 -7.6720542660e-13 -3.1091052060e-14
d  3.2224444485e-03 2.2557110012e+00 -2.0000000000e-01 2.2557109761e+00 7.7470023074e-06 3.0000000000e+02 -8.3534372995e-13 2.9125117848e-14 8.3513246688e-13 7.7471088158e-13 8.3489261997e-13 -6.6832543910e-19 -2.9105121944e-14 -7.7470022345e-13 -3.1091738991e-14
d  3.2275882600e-03 2.2593116690e+00 -2.0000000000e-01 2.2593116437e+00 7.8381928930e-06 3.0000000000e+02 -8.4447563959e-13 2.9126220789e-14 8.4426141633e-13 7.8383279943e-13 8.4402379524e-13 -6.7995665433e-19 -2.9106225143e-14 -7.8381928145e-13 -3.1091878400e-14
d  3.2337608338e-03 2.2636324705e+00 -2.0000000000e-01 2.2636324448e+00 7.9493292399e-06 3.0000000000e+02 -8.5560206110e-13 2.9146001652e-14 8.5537534093e-13 7.9493251134e-13 8.5514934100e-13 -6.8876911300e-19 -2.9126001541e-14 -7.9493292500e-13 -3.1093002603e-14
d  3.2374643780e-03 2.2662249513e+00 -2.0000000000e-01 2.2662249255e+00 8.0169459742e-06 3.0000000000e+02 -8.6237175170e-13 2.9149506948e-14 8.6216778901e-13 8.0172148628e-13 8.6191849913e-13 -6.9856800742e-19 -2.9129517599e-14 -8.0169457724e-13 -3.1093247359e-14
d  3.2419086312e-03 2.2693359283e+00 -2.0000000000e-01 2.2693359022e+00 8.0989516302e-06 3.0000000000e+02 -8.7057950096e-13 2.9161629952e-14 8.7035953259e-13 8.0990044089e-13 8.7012563896e-13 -7.0098634729e-19 -2.9141631913e-14 -8.0989515995e-13 -3.1093935760e-14
d  3.2472417349e-03 2.2730691008e+00 -2.0000000000e-01 2.2730690744e+00 8.1987443358e-06 3.0000000000e+02 -8.8056988188e-13 2.9162607812e-14 8.8034671405e-13 8.1987916022e-13 8.8011528072e-13 -7.1387274303e-19 -2.9142609284e-14 -8.1987443146e-13 -3.1094071174e-14
d  3.2504415971e-03 2.2753090042e+00 -2.0000000000e-01 2.2753089776e+00 8.2593498438e-06 3.0000000000e+02 -8.8663736184e-13 2.9173343173e-14 8.8641781322e-13 8.2594425158e-13 8.8618232002e-13 -7.1957713018e-19 -2.9153347409e-14 -8.2593497689e-13 -3.1094679838e-14
d  3.2542814318e-03 2.2779968884e+00 -2.0000000000e-01 2.2779968616e+00 8.3327642246e-06 3.0000000000e+02 -8.9398579956e-13 2.9179428241e-14 8.9376818539e-13 8.3328821110e-13 8.9353019833e-13 -7.2589138633e-19 -2.9159433296e-14 -8.3327641334e-13 -3.1095052415e-14
d  3.2588892335e-03 2.2812223494e+00 -2.0000000000e-01 2.2812223223e+00 8.4218002036e-06 3.0000000000e+02 -9.0289455329e-13 2.9183718602e-14 9.0266783677e-13 8.4218167967e-13 9.0243832113e-13 -7.3279696161e-19 -2.9163719198e-14 -8.4218002002e-13 -3.1095339882e-14
d  3.2644185954e-03 2.2850929025e+00 -2.0000000000e-01 2.2850928751e+00 8.5301400449e-06 3.0000000000e+02 -9.1373672409e-13 2.9189085802e-14 9.1350789155e-13 8.5301363477e-13 9.1327970814e-13 -7.4413090749e-19 -2.9169085691e-14 -8.5301400557e-13 -3.1095702265e-14
d  3.2677362126e-03 2.2874152344e+00 -2.0000000000e-01 2.2874152068e+00 8.5959110352e-06 3.0000000000e+02 -9.2031825140e-13 2.9192848995e-14 9.2009719843e-13 8.5960008468e-13 9.1986077868e-13 -7.5082560453e-19 -2.9172852961e-14 -8.5959109656e-13 -3.1095947731e-14
d  3.2717173532e-03 2.2902020327e+00 -2.0000000000e-01 2.2902020049e+00 8.6755578539e-06 3.0000000000e+02 -9.2828641909e-13 2.9197430046e-14 9.2806143511e-13 8.6755884458e-13 9.2782841002e-13 -7.5606855511e-19 -2.9177431313e-14 -8.6755578375e-13 -3.1096239517e-14
d  3.2764947219e-03 2.2935461907e+00 -2.0000000000e-01 2.2935461625e+00 8.7722012897e-06 3.0000000000e+02 -9.3795429052e-13 2.9196826940e-14 9.3773880513e-13 8.7723601427e-13 9.3749559122e-13 -7.6662947270e-19 -2.9176832452e-14 -8.7722011885e-13 -3.1096279297e-14
d  3.2822275644e-03 2.2975591802e+00 -2.0000000000e-01 2.2975591517e+00 8.8899208902e-06 3.0000000000e+02 -9.4973574632e-13 2.9209141670e-14 9.4951026301e-13 8.8899701177e-13 9.4927625193e-13 -7.7622604220e-19 -2.9189143102e-14 -8.8899208702e-13 -3.1097001787e-14
d  3.2856672699e-03 2.2999669739e+00 -2.0000000000e-01 2.2999669452e+00 8.9614887291e-06 3.0000000000e+02 -9.5689997809e-13 2.9213786267e-14 9.5667368842e-13 8.9615170022e-13 9.5644001075e-13 -7.8413885205e-19 -2.9193787472e-14 -8.9614887142e-13 -3.1097295711e-14
d  3.2897949165e-03 2.3028563264e+00 -2.0000000000e-01 2.3028562974e+00 9.0483179468e-06 3.0000000000e+02 -9.6559241993e-13 2.9220033666e-14 9.6536649785e-13 9.0483513378e-13 9.6513188507e-13 -7.9275921088e-19 -2.9200035001e-14 -9.0483179293e-13 -3.1097681528e-14
d  3.2947480924e-03 2.3063235493e+00 -2.0000000000e-01 2.3063235201e+00 9.1539037552e-06 3.0000000000e+02 -9.7616278125e-13 2.9231101964e-14 9.7593161700e-13 9.1538976949e-13 9.7570152228e-13 -8.0269742963e-19 -2.9211101761e-14 -9.1539037684e-13 -3.1098329741e-14
d  3.3006919034e-03 2.3104842169e+00 -2.0000000000e-01 2.3104841872e+00 9.2826124139e-06 3.0000000000e+02 -9.8904695198e-13 2.9243927022e-14 9.8882152836e-13 9.2826767767e-13 9.8858486175e-13 -8.1591338575e-19 -2.9223928830e-14 -9.2826123864e-13 -3.1099085549e-14
d  3.3042581901e-03 2.3129806174e+00 -2.0000000000e-01 2.3129805875e+00 9.3609099086e-06 3.0000000000e+02 -9.9688467659e-13 2.9252184689e-14 9.9665875553e-13 9.3609509680e-13 9.9642208593e-13 -8.2280258673e-19 -2.9232186380e-14 -9.3609098843e-13 -3.1099565562e-14
d  3.3085377341e-03 2.3159762980e+00 -2.0000000000e-01 2.3159762679e+00 9.4559481111e-06 3.0000000000e+02 -1.0063982525e-12 2.9257314484e-14 1.0061845579e-12 9.4560851813e-13 1.0059350545e-12 -8.3323297924e-19 -2.9237319782e-14 -9.4559480147e-13 -3.1099896220e-14
d  3.3136731868e-03 2.3195711148e+00 -2.0000000000e-01 2.3195710843e+00 9.5718922446e-06 3.0000000000e+02 -1.0180137034e-12 2.9274214058e-14 1.0177845233e-12 9.5719243073e-13 1.0175497992e-12 -8.4488652526e-19 -2.9254215096e-14 -9.5718922332e-13 -3.1100850672e-14
d  3.3198357301e-03 2.3238848949e+00 -2.0000000000e-01 2.3238848639e+00 9.7135085452e-06 3.0000000000e+02 -1.0321971142e-12 2.9300137672e-14 1.0319806639e-12 9.7136906993e-13 1.0317323457e-12 -8.6093912053e-19 -2.9280142619e-14 -9.7135084537e-13 -3.1102293817e-14
d  3.3235332561e-03 2.3264731630e+00 -2.0000000000e-01 2.3264731318e+00 9.7997591553e-06 3.0000000000e+02 -1.0408328930e-12 2.9311837655e-14 1.0405997249e-12 9.7997532560e-13 1.0403676045e-12 -8.6671154616e-19 -2.9291837420e-14 -9.7997591698e-13 -3.1102949170e-14
d  3.3279702873e-03 2.3295790847e+00 -2.0000000000e-01 2.3295790531e+00 9.9045396779e-06 3.0000000000e+02 -1.0513227523e-12 2.9317214741e-14 1.0510916285e-12 9.9045613322e-13 1.0508568428e-12 -8.7970307180e-19 -2.9297215550e-14 -9.9045396715e-13 -3.1103296454e-14
d  3.3332947248e-03 2.3333061907e+00 -2.0000000000e-01 2.3333061588e+00 1.0032115502e-05 3.0000000000e+02 -1.0640929462e-12 2.9330239449e-14 1.0638653958e-12 1.0032182224e-12 1.0636263043e-12 -8.9168270754e-19 -2.9310241538e-14 -1.0032115470e-12 -3.1104047756e-14
d  3.3364893872e-03 2.3355424543e+00 -2.0000000000e-01 2.3355424221e+00 1.0109629392e-05 3.0000000000e+02 -1.0718513615e-12 2.9337475141e-14 1.0716263728e-12 1.0109729679e-12 1.0713842504e-12 -8.9932709177e-19 -2.9317479746e-14 -1.0109629311e-12 -3.1104468836e-14
d  3.3403229822e-03 2.3382259706e+00 -2.0000000000e-01 2.3382259382e+00 1.0203607147e-05 3.0000000000e+02 -1.0812571135e-12 2.9344451914e-14 1.0810279486e-12 1.0203643195e-12 1.0807894935e-12 -9.0758501928e-19 -2.9324453467e-14 -1.0203607126e-12 -3.1104882750e-14
d  3.3449232961e-03 2.3414461902e+00 -2.0000000000e-01 2.3414461574e+00 1.0317775939e-05 3.0000000000e+02 -1.0926831949e-12 2.9349443616e-14 1.0924615138e-12 1.0317873504e-12 1.0922149262e-12 -9.2005423065e-19 -2.9329447136e-14 -1.0317775878e-12 -3.1105208497e-14
d  3.3504436728e-03 2.3453104537e+00 -2.0000000000e-01 2.3453104205e+00 1.0456670217e-05 3.0000000000e+02 -1.1065791431e-12 2.9353703390e-14 1.1063523283e-12 1.0456759787e-12 1.1061100888e-12 -9.3187056527e-19 -2.9333706100e-14 -1.0456670172e-12 -3.1105502333e-14
d  3.3537558989e-03 2.3476290118e+00 -2.0000000000e-01 2.3476289784e+00 1.0540973891e-05 3.0000000000e+02 -1.1150112544e-12 2.9360287031e-14 1.1147819852e-12 1.0541016481e-12 1.1145417488e-12 -9.3920974375e-19 -2.9340288920e-14 -1.0540973864e-12 -3.1105888537e-14
d  3.3577305701e-03 2.3504112816e+00 -2.0000000000e-01 2.3504112478e+00 1.0643149556e-05 3.0000000000e+02 -1.1252318521e-12 2.9357629468e-14 1.1249965404e-12 1.0643146390e-12 1.1247617796e-12 -9.4907624708e-19 -2.9337629336e-14 -1.0643149569e-12 -3.1105804403e-14
d  3.3625001756e-03 2.3537500053e+00 -2.0000000000e-01 2.3537499711e+00 1.0767152756e-05 3.0000000000e+02 -1.1376340001e-12 2.9361333792e-14 1.1374021576e-12 1.0767193936e-12 1.1371632630e-12 -9.6077595139e-19 -2.9341335228e-14 -1.0767152738e-12 -3.1106061968e-14
d  3.3682237022e-03 2.3577564737e+00 -2.0000000000e-01 2.3577564391e+00 1.0918021207e-05 3.0000000000e+02 -1.1527232212e-12 2.9363075233e-14 1.1524942186e-12 1.0918100094e-12 1.1522516709e-12 -9.7425161625e-19 -2.9343077539e-14 -1.0918021170e-12 -3.1106228850e-14
d  3.3716578182e-03 2.3601603547e+00 -2.0000000000e-01 2.3601603199e+00 1.1009641670e-05 3.0000000000e+02 -1.1618869387e-12 2.9365208001e-14 1.1616565191e-12 1.1009685392e-12 1.1614149097e-12 -9.8220842368e-19 -2.9345209874e-14 -1.1009641643e-12 -3.1106384980e-14
d  3.3757787573e-03 2.3630450120e+00 -2.0000000000e-01 2.3630449768e+00 1.1120707705e-05 3.0000000000e+02 -1.1729961756e-12 2.9363155923e-14 1.1727617840e-12 1.1120730650e-12 1.1725235677e-12 -9.9283937456e-19 -2.9343156846e-14 -1.1120707697e-12 -3.1106334759e-14
d  3.3807238843e-03 2.3665066007e+00 -2.0000000000e-01 2.3665065651e+00 1.1255729435e-05 3.0000000000e+02 -1.1865047654e-12 2.9371557036e-14 1.1862672918e-12 1.1255719737e-12 1.1860314834e-12 -1.0059666299e-18 -2.9351556709e-14 -1.1255729453e-12 -3.1106839282e-14
d  3.3866580367e-03 2.3706605071e+00 -2.0000000000e-01 2.3706604711e+00 1.1420293922e-05 3.0000000000e+02 -1.2029701372e-12 2.9378072913e-14 1.2027404258e-12 1.1420379673e-12 1.2024960130e-12 -1.0225837617e-18 -2.9358075336e-14 -1.1420293883e-12 -3.1107260677e-14
d  3.3902185281e-03 2.3731528510e+00 -2.0000000000e-01 2.3731528146e+00 1.1520336599e-05 3.0000000000e+02 -1.2129784617e-12 2.9383740369e-14 1.2127414184e-12 1.1520339626e-12 1.2125038544e-12 -1.0304380966e-18 -2.9363740494e-14 -1.1520336608e-12 -3.1107599894e-14
d  3.3944911178e-03 2.3761436637e+00 -2.0000000000e-01 2.3761436269e+00 1.1641701581e-05 3.0000000000e+02 -1.2251195880e-12 2.9384772214e-14 1.2248842977e-12 1.1641729230e-12 1.2246443613e-12 -1.0432378842e-18 -2.9364773289e-14 -1.1641701571e-12 -3.1107714297e-14
d  3.3996182255e-03 2.3797326388e+00 -2.0000000000e-01 2.3797326016e+00 1.1789115565e-05 3.0000000000e+02 -1.2398625421e-12 2.9386633412e-14 1.2396316418e-12 1.1789198802e-12 1.2393865936e-12 -1.0561068429e-18 -2.9366636123e-14 -1.1789115521e-12 -3.1107878769e-14
d  3.4057707546e-03 2.3840394090e+00 -2.0000000000e-01 2.3840393713e+00 1.1968853156e-05 3.0000000000e+02 -1.2578425714e-12 2.9392505840e-14 1.2576048351e-12 1.1968859274e-12 1.2573657894e-12 -1.0728207213e-18 -2.9372506007e-14 -1.1968853164e-12 -3.1108266644e-14
d  3.4094622721e-03 2.3866234712e+00 -2.0000000000e-01 2.3866234331e+00 1.2078169822e-05 3.0000000000e+02 -1.2687778616e-12 2.9393804091e-14 1.2685414941e-12 1.2078197160e-12 1.2683005627e-12 -1.0838474587e-18 -2.9373805185e-14 -1.2078169812e-12 -3.1108385748e-14
d  3.4138920931e-03 2.3897243457e+00 -2.0000000000e-01 2.3897243073e+00 1.2208454453e-05 3.0000000000e+02 -1.2817433475e-12 2.9334207165e-14 1.2816560406e-12 1.2209978030e-12 1.2812653927e-12 -1.0891465889e-18 -2.9314264373e-14 -1.2208453288e-12 -3.1105348698e-14
d  3.4192078784e-03 2.3934453952e+00 -2.0000000000e-01 2.3934453562e+00 1.2371409648e-05 3.0000000000e+02 -1.2981353324e-12 2.9425233672e-14 1.2979012827e-12 1.2371471564e-12 1.2976566618e-12 -1.1145761750e-18 -2.9405235621e-14 -1.2371409619e-12 -3.1110151116e-14
d  3.4255868206e-03 2.3979106545e+00 -2.0000000000e-01 2.3979106150e+00 1.2568715454e-05 3.0000000000e+02 -1.3178687877e-12 2.9427055298e-14 1.3176355266e-12 1.2568790056e-12 1.3173892061e-12 -1.1324154204e-18 -2.9407057267e-14 -1.2568715424e-12 -3.1110333603e-14
d  3.4294141860e-03 2.4005898101e+00 -2.0000000000e-01 2.4005897703e+00 1.2688907223e-05 3.0000000000e+02 -1.3298899877e-12 2.9428999160e-14 1.3296530395e-12 1.2688944135e-12 1.3294098756e-12 -1.1437413016e-18 -2.9409000587e-14 -1.2688907206e-12 -3.1110485169e-14
d  3.4340070244e-03 2.4038047969e+00 -2.0000000000e-01 2.4038047566e+00 1.2834899512e-05 3.0000000000e+02 -1.3444932288e-12 2.9430961501e-14 1.3442525907e-12 1.2834896328e-12 1.3440124784e-12 -1.1579179945e-18 -2.9410961385e-14 -1.2834899528e-12 -3.1110649845e-14
d  3.4395184305e-03 2.4076627810e+00 -2.0000000000e-01 2.4076627401e+00 1.3012671271e-05 3.0000000000e+02 -1.3622770717e-12 2.9435997213e-14 1.3620434410e-12 1.3012753796e-12 1.3617955414e-12 -1.1759800779e-18 -2.9415999724e-14 -1.3012671231e-12 -3.1110988132e-14
d  3.4428252742e-03 2.4099775714e+00 -2.0000000000e-01 2.4099775302e+00 1.3120709077e-05 3.0000000000e+02 -1.3730854968e-12 2.9442094943e-14 1.3728532533e-12 1.3120778579e-12 1.3726035116e-12 -1.1856809426e-18 -2.9422098041e-14 -1.3120709026e-12 -3.1111347458e-14
d  3.4467934866e-03 2.4127553199e+00 -2.0000000000e-01 2.4127552784e+00 1.3251742731e-05 3.0000000000e+02 -1.3861947343e-12 2.9442204086e-14 1.3859559574e-12 1.3251772759e-12 1.3857122037e-12 -1.1985055759e-18 -2.9422205342e-14 -1.3251742718e-12 -3.1111407864e-14
d  3.4515553414e-03 2.4160886182e+00 -2.0000000000e-01 2.4160885761e+00 1.3411247435e-05 3.0000000000e+02 -1.4021583916e-12 2.9458147523e-14 1.4019236734e-12 1.3411328772e-12 1.4016751778e-12 -1.2165747941e-18 -2.9438150375e-14 -1.3411247388e-12 -3.1112302817e-14
d  3.4572695673e-03 2.4200885761e+00 -2.0000000000e-01 2.4200885334e+00 1.3605806328e-05 3.0000000000e+02 -1.4216287923e-12 2.9471211567e-14 1.4214008489e-12 1.3605923081e-12 1.4211447932e-12 -1.2357685735e-18 -2.9451214998e-14 -1.3605806269e-12 -3.1113056815e-14
d  3.4606981028e-03 2.4224885508e+00 -2.0000000000e-01 2.4224885078e+00 1.3724176153e-05 3.0000000000e+02 -1.4334726575e-12 2.9471782951e-14 1.4332293426e-12 1.3724163713e-12 1.4329881718e-12 -1.2462827488e-18 -2.9451782415e-14 -1.3724176178e-12 -3.1113130959e-14
d  3.4648123454e-03 2.4253685205e+00 -2.0000000000e-01 2.4253684771e+00 1.3867821131e-05 3.0000000000e+02 -1.4478437980e-12 2.9482766777e-14 1.4476044215e-12 1.3867858871e-12 1.4473587375e-12 -1.2624183674e-18 -2.9462768303e-14 -1.3867821113e-12 -3.1113759213e-14
d  3.4697494365e-03 2.4288244841e+00 -2.0000000000e-01 2.4288244402e+00 1.4042532717e-05 3.0000000000e+02 -1.4653225736e-12 2.9488941388e-14 1.4650790803e-12 1.4042525991e-12 1.4648368016e-12 -1.2784093489e-18 -2.9468941160e-14 -1.4042532736e-12 -3.1114143630e-14
d  3.4727116912e-03 2.4308980623e+00 -2.0000000000e-01 2.4308980180e+00 1.4148598475e-05 3.0000000000e+02 -1.4759334976e-12 2.9491573565e-14 1.4757080891e-12 1.4148809251e-12 1.4754473315e-12 -1.2916384942e-18 -2.9471584037e-14 -1.4148598275e-12 -3.1114326570e-14
d  3.4762663968e-03 2.4333863561e+00 -2.0000000000e-01 2.4333863115e+00 1.4277101508e-05 3.0000000000e+02 -1.4887886659e-12 2.9500463690e-14 1.4885562412e-12 1.4277188487e-12 1.4883020192e-12 -1.2999113487e-18 -2.9480467743e-14 -1.4277101439e-12 -3.1114825128e-14
d  3.4805320436e-03 2.4363723087e+00 -2.0000000000e-01 2.4363722636e+00 1.4433102963e-05 3.0000000000e+02 -1.5043948346e-12 2.9497429016e-14 1.5041563254e-12 1.4433163960e-12 1.5039075832e-12 -1.3175512954e-18 -2.9477431398e-14 -1.4433102928e-12 -3.1114732387e-14
d  3.4856508197e-03 2.4399554518e+00 -2.0000000000e-01 2.4399554061e+00 1.4622814452e-05 3.0000000000e+02 -1.5233703920e-12 2.9506232508e-14 1.5231355732e-12 1.4622923935e-12 1.5228824108e-12 -1.3357228904e-18 -2.9486236092e-14 -1.4622814390e-12 -3.1115256546e-14
d  3.4887220853e-03 2.4421053376e+00 -2.0000000000e-01 2.4421052916e+00 1.4737973391e-05 3.0000000000e+02 -1.5348885086e-12 2.9508903508e-14 1.5346591849e-12 1.4738152484e-12 1.5344000965e-12 -1.3470078173e-18 -2.9488912103e-14 -1.4737973228e-12 -3.1115437091e-14
d  3.4924076041e-03 2.4446852006e+00 -2.0000000000e-01 2.4446851542e+00 1.4877420693e-05 3.0000000000e+02 -1.5488339506e-12 2.9509165335e-14 1.5486061618e-12 1.4877554587e-12 1.5483450090e-12 -1.3584260018e-18 -2.9489171362e-14 -1.4877420582e-12 -3.1115497172e-14
d  3.4968302266e-03 2.4477810363e+00 -2.0000000000e-01 2.4477809893e+00 1.5046699915e-05 3.0000000000e+02 -1.5657644045e-12 2.9503211952e-14 1.5655283736e-12 1.5046804858e-12 1.5652748598e-12 -1.3755297577e-18 -2.9483215912e-14 -1.5046699846e-12 -3.1115253247e-14
d  3.5021373737e-03 2.4514960390e+00 -2.0000000000e-01 2.4514959914e+00 1.5252632541e-05 3.0000000000e+02 -1.5863607628e-12 2.9513112644e-14 1.5861160977e-12 1.5252637406e-12 1.5858704791e-12 -1.3945975993e-18 -2.9493112798e-14 -1.5252632552e-12 -3.1115835239e-14
d  3.5053216619e-03 2.4537250407e+00 -2.0000000000e-01 2.4537249927e+00 1.5377696681e-05 3.0000000000e+02 -1.5988697454e-12 2.9511781920e-14 1.5986382884e-12 1.5377808691e-12 1.5983790081e-12 -1.4084588129e-18 -2.9491787110e-14 -1.5377696588e-12 -3.1115814896e-14
d  3.5091428078e-03 2.4563998426e+00 -2.0000000000e-01 2.4563997942e+00 1.5529288661e-05 3.0000000000e+02 -1.6140320010e-12 2.9510938481e-14 1.6137892356e-12 1.5529324132e-12 1.6135407307e-12 -1.4208971333e-18 -2.9490940024e-14 -1.5529288644e-12 -3.1115820167e-14
d  3.5137281829e-03 2.4596096050e+00 -2.0000000000e-01 2.4596095561e+00 1.5713391586e-05 3.0000000000e+02 -1.6324456164e-12 2.9518562318e-14 1.6322090346e-12 1.5713504759e-12 1.6319537104e-12 -1.4404342305e-18 -2.9498566444e-14 -1.5713391514e-12 -3.1116280484e-14
d  3.5192306329e-03 2.4634613199e+00 -2.0000000000e-01 2.4634612702e+00 1.5937598433e-05 3.0000000000e+02 -1.6548720266e-12 2.9523595903e-14 1.6546245411e-12 1.5937584837e-12 1.6543793378e-12 -1.4607081330e-18 -2.9503595487e-14 -1.5937598458e-12 -3.1116613556e-14
d  3.5225321030e-03 2.4657723488e+00 -2.0000000000e-01 2.4657722987e+00 1.6073747652e-05 3.0000000000e+02 -1.6684874375e-12 2.9520760572e-14 1.6682402422e-12 1.6073740228e-12 1.6679942966e-12 -1.4742240727e-18 -2.9500760239e-14 -1.6073747675e-12 -3.1116514948e-14
d  3.5264938670e-03 2.4685455835e+00 -2.0000000000e-01 2.4685455329e+00 1.6238657922e-05 3.0000000000e+02 -1.6849759706e-12 2.9518487432e-14 1.6847331678e-12 1.6238707932e-12 1.6844822594e-12 -1.4890444504e-18 -2.9498489534e-14 -1.6238657894e-12 -3.1116452128e-14
d  3.5312479838e-03 2.4718734651e+00 -2.0000000000e-01 2.4718734140e+00 1.6438950321e-05 3.0000000000e+02 -1.7050052911e-12 2.9519026898e-14 1.7047632343e-12 1.6439012860e-12 1.7045109278e-12 -1.5077388350e-18 -2.9499029101e-14 -1.6438950290e-12 -3.1116546120e-14
d  3.5341004540e-03 2.4738701941e+00 -2.0000000000e-01 2.4738701426e+00 1.6560437714e-05 3.0000000000e+02 -1.7171558365e-12 2.9520905651e-14 1.7169311454e-12 1.6560714879e-12 1.7166610627e-12 -1.5219612193e-18 -2.9500919965e-14 -1.6560437431e-12 -3.1116688954e-14
d  3.5375234181e-03 2.4762662689e+00 -2.0000000000e-01 2.4762662169e+00 1.6707491806e-05 3.0000000000e+02 -1.7318625239e-12 2.9525803608e-14 1.7316339918e-12 1.6707725313e-12 1.7313672907e-12 -1.5321571556e-18 -2.9505814925e-14 -1.6707491584e-12 -3.1116981006e-14
d  3.5416309751e-03 2.4791415586e+00 -2.0000000000e-01 2.4791415061e+00 1.6885909605e-05 3.0000000000e+02 -1.7497080445e-12 2.9526124009e-14 1.7494671193e-12 1.6885995339e-12 1.7492122107e-12 -1.5501063599e-18 -2.9506127490e-14 -1.6885909547e-12 -3.1117057355e-14
d  3.5465600434e-03 2.4825919063e+00 -2.0000000000e-01 2.4825918531e+00 1.7102811003e-05 3.0000000000e+02 -1.7714020761e-12 2.9526372508e-14 1.7711534905e-12 1.7102806771e-12 1.7709055705e-12 -1.5718484809e-18 -2.9506372364e-14 -1.7102811023e-12 -3.1117142364e-14
d  3.5495174844e-03 2.4846621149e+00 -2.0000000000e-01 2.4846620613e+00 1.7234360014e-05 3.0000000000e+02 -1.7845569450e-12 2.9524873560e-14 1.7843279447e-12 1.7234599814e-12 1.7840600273e-12 -1.5866412001e-18 -2.9504885522e-14 -1.7234359779e-12 -3.1117112903e-14
d  3.5530664136e-03 2.4871463652e+00 -2.0000000000e-01 2.4871463112e+00 1.7393649362e-05 3.0000000000e+02 -1.8004862873e-12 2.9531132952e-14 1.8002630942e-12 1.7393856691e-12 1.7999888802e-12 -1.5978643772e-18 -2.9511142653e-14 -1.7393649173e-12 -3.1117476743e-14
d  3.5573251287e-03 2.4901274656e+00 -2.0000000000e-01 2.4901274110e+00 1.7587288082e-05 3.0000000000e+02 -1.8198602483e-12 2.9527158044e-14 1.8196192553e-12 1.7587385409e-12 1.8193622325e-12 -1.6198909690e-18 -2.9507161861e-14 -1.7587288017e-12 -3.1117340880e-14
d  3.5624355868e-03 2.4937047860e+00 -2.0000000000e-01 2.4937047307e+00 1.7823138848e-05 3.0000000000e+02 -1.8434571225e-12 2.9547920228e-14 1.8432083563e-12 1.7823145618e-12 1.8429584017e-12 -1.6444081927e-18 -2.9527920450e-14 -1.7823138861e-12 -3.1118482970e-14
d  3.5655018616e-03 2.4958511783e+00 -2.0000000000e-01 2.4958511226e+00 1.7966481004e-05 3.0000000000e+02 -1.8577976614e-12 2.9549918962e-14 1.8575468423e-12 1.7966473163e-12 1.8572985144e-12 -1.6593950279e-18 -2.9529918585e-14 -1.7966481030e-12 -3.1118631864e-14
d  3.5691813914e-03 2.4984268491e+00 -2.0000000000e-01 2.4984267928e+00 1.8140314550e-05 3.0000000000e+02 -1.8751878441e-12 2.9556579992e-14 1.8749383823e-12 1.8140319390e-12 1.8746881645e-12 -1.6772970083e-18 -2.9536580211e-14 -1.8140314563e-12 -3.1119028833e-14
d  3.5714290000e-03 2.5000001750e+00 -2.0000000000e-01 2.5000001184e+00 1.8247484136e-05 3.0000000000e+02 -1.8859086791e-12 2.9559437308e-14 1.8856646022e-12 1.8247558269e-12 1.8854086913e-12 -1.6889620643e-18 -2.9539442158e-14 -1.8247484053e-12 -3.1119210672e-14
d  3.5741261303e-03 2.5018881661e+00 -2.0000000000e-01 2.5018881092e+00 1.8377077116e-05 3.0000000000e+02 -1.8988723896e-12 2.9565067077e-14 1.8986307933e-12 1.8377184991e-12 1.8983720371e-12 -1.7012662135e-18 -2.9545073678e-14 -1.8377076997e-12 -3.1119537925e-14
d  3.5773626867e-03 2.5041537555e+00 -2.0000000000e-01 2.5041536980e+00 1.8534015446e-05 3.0000000000e+02 -1.9145713118e-12 2.9569594535e-14 1.9143213089e-12 1.8534019992e-12 1.9140704865e-12 -1.7158327835e-18 -2.9549594768e-14 -1.8534015460e-12 -3.1119815348e-14
d  3.5812465543e-03 2.5068724627e+00 -2.0000000000e-01 2.5068724047e+00 1.8724384522e-05 3.0000000000e+02 -1.9336132765e-12 2.9571138979e-14 1.9333684283e-12 1.8724457402e-12 1.9331119132e-12 -1.7369823742e-18 -2.9551142108e-14 -1.8724384473e-12 -3.1119956831e-14
d  3.5859071955e-03 2.5101349114e+00 -2.0000000000e-01 2.5101348527e+00 1.8955825017e-05 3.0000000000e+02 -1.9567633646e-12 2.9578476350e-14 1.9565235654e-12 1.8955965858e-12 1.9562613511e-12 -1.7595872683e-18 -2.9558481416e-14 -1.8955824923e-12 -3.1120401241e-14
d  3.5887035802e-03 2.5120923806e+00 -2.0000000000e-01 2.5120923214e+00 1.9096208659e-05 3.0000000000e+02 -1.9708036879e-12 2.9582754350e-14 1.9705530097e-12 1.9096214107e-12 1.9703012801e-12 -1.7711521869e-18 -2.9562754638e-14 -1.9096208672e-12 -3.1120656833e-14
d  3.5920592419e-03 2.5144413436e+00 -2.0000000000e-01 2.5144412840e+00 1.9266238853e-05 3.0000000000e+02 -1.9878100224e-12 2.9579233178e-14 1.9875589471e-12 1.9266243093e-12 1.9873071331e-12 -1.7903972709e-18 -2.9559233388e-14 -1.9266238868e-12 -3.1120531697e-14
d  3.5960860359e-03 2.5172600992e+00 -2.0000000000e-01 2.5172600390e+00 1.9472572748e-05 3.0000000000e+02 -2.0084479056e-12 2.9584561038e-14 2.0082080295e-12 1.9472721108e-12 2.0079444698e-12 -1.8117166441e-18 -2.9564567190e-14 -1.9472572632e-12 -3.1120866810e-14
d  3.6009181886e-03 2.5206426060e+00 -2.0000000000e-01 2.5206425450e+00 1.9723539734e-05 3.0000000000e+02 -2.0335507638e-12 2.9593085195e-14 2.0332971603e-12 1.9723520545e-12 2.0330466340e-12 -1.8341713260e-18 -2.9573084529e-14 -1.9723539769e-12 -3.1121370173e-14
d  3.6038174803e-03 2.5226721101e+00 -2.0000000000e-01 2.5226720486e+00 1.9875916968e-05 3.0000000000e+02 -2.0487924779e-12 2.9591772738e-14 2.0485406704e-12 1.9875922024e-12 2.0482879526e-12 -1.8517532687e-18 -2.9571772995e-14 -1.9875916982e-12 -3.1121351885e-14
d  3.6072966303e-03 2.5251075149e+00 -2.0000000000e-01 2.5251074529e+00 2.0060573455e-05 3.0000000000e+02 -2.0672628106e-12 2.9597209190e-14 2.0670098226e-12 2.0060566914e-12 2.0667578272e-12 -1.8696996827e-18 -2.9577208877e-14 -2.0060573482e-12 -3.1121681669e-14
d  3.6114716103e-03 2.5280300008e+00 -2.0000000000e-01 2.5280299381e+00 2.0284792983e-05 3.0000000000e+02 -2.0896905083e-12 2.9601595096e-14 2.0894362536e-12 2.0284774668e-12 2.0891849299e-12 -1.8925636449e-18 -2.9581594363e-14 -2.0284793019e-12 -3.1121970424e-14
d  3.6164815863e-03 2.5315369838e+00 -2.0000000000e-01 2.5315369203e+00 2.0557701437e-05 3.0000000000e+02 -2.1169881711e-12 2.9607088431e-14 2.1167356608e-12 2.0557709252e-12 2.1164818862e-12 -1.9204860343e-18 -2.9587088693e-14 -2.0557701452e-12 -3.1122329172e-14
d  3.6194875719e-03 2.5336411736e+00 -2.0000000000e-01 2.5336411096e+00 2.0723468261e-05 3.0000000000e+02 -2.1335684548e-12 2.9610732173e-14 2.1333158499e-12 2.0723476280e-12 2.1330617469e-12 -1.9369166827e-18 -2.9590732567e-14 -2.0723468273e-12 -3.1122561148e-14
d  3.6230947546e-03 2.5361662014e+00 -2.0000000000e-01 2.5361661368e+00 2.0924335664e-05 3.0000000000e+02 -2.1536576098e-12 2.9612170608e-14 2.1534077336e-12 2.0924384577e-12 2.1531503965e-12 -1.9568683440e-18 -2.9592172866e-14 -2.0924335636e-12 -3.1122690104e-14
d  3.6274233739e-03 2.5391962347e+00 -2.0000000000e-01 2.5391961694e+00 2.1168200883e-05 3.0000000000e+02 -2.1780462227e-12 2.9614854597e-14 2.1778030046e-12 2.1168339714e-12 2.1775383879e-12 -1.9809128401e-18 -2.9594859968e-14 -2.1168200783e-12 -3.1122893767e-14
d  3.6300205454e-03 2.5410142547e+00 -2.0000000000e-01 2.5410141890e+00 2.1316044726e-05 3.0000000000e+02 -2.1928325719e-12 2.9620075621e-14 2.1925897986e-12 2.1316192808e-12 2.1923243757e-12 -1.9951642916e-18 -2.9600084023e-14 -2.1316044566e-12 -3.1123199602e-14
d  3.6331371513e-03 2.5431958787e+00 -2.0000000000e-01 2.5431958124e+00 2.1494994550e-05 3.0000000000e+02 -2.2107305000e-12 2.9620022619e-14 2.2104768238e-12 2.1495001430e-12 2.2102218805e-12 -2.0115610261e-18 -2.9600022985e-14 -2.1494994563e-12 -3.1123242106e-14
d  3.6368770783e-03 2.5458138275e+00 -2.0000000000e-01 2.5458137606e+00 2.1712012588e-05 3.0000000000e+02 -2.2324366748e-12 2.9619807963e-14 2.2321895295e-12 2.1712109397e-12 2.2319275128e-12 -2.0365046999e-18 -2.9599812281e-14 -2.1712012514e-12 -3.1123296585e-14
d  3.6413649908e-03 2.5489553661e+00 -2.0000000000e-01 2.5489552983e+00 2.1975774469e-05 3.0000000000e+02 -2.2588186611e-12 2.9628280619e-14 2.2585621669e-12 2.1975753971e-12 2.2583088789e-12 -2.0608031398e-18 -2.9608279853e-14 -2.1975774509e-12 -3.1123794736e-14
d  3.6440577383e-03 2.5508402892e+00 -2.0000000000e-01 2.5508402210e+00 2.2135814072e-05 3.0000000000e+02 -2.2748264183e-12 2.9627718192e-14 2.2745720862e-12 2.2135821758e-12 2.2743162781e-12 -2.0789328646e-18 -2.9607718614e-14 -2.2135814085e-12 -3.1123812833e-14
d  3.6472890352e-03 2.5531021970e+00 -2.0000000000e-01 2.5531021282e+00 2.2329651920e-05 3.0000000000e+02 -2.2942147856e-12 2.9633092041e-14 2.2939600886e-12 2.2329658724e-12 2.2937041693e-12 -2.0981202798e-18 -2.9613092391e-14 -2.2329651935e-12 -3.1124137458e-14
d  3.6511665916e-03 2.5558164863e+00 -2.0000000000e-01 2.5558164168e+00 2.2564864599e-05 3.0000000000e+02 -2.3177414171e-12 2.9637327221e-14 2.3174986818e-12 2.2565033137e-12 2.3172302620e-12 -2.1237344101e-18 -2.9617334480e-14 -2.2564864458e-12 -3.1124419375e-14
d  3.6558196592e-03 2.5590736335e+00 -2.0000000000e-01 2.5590735631e+00 2.2850829897e-05 3.0000000000e+02 -2.3463427788e-12 2.9645784590e-14 2.3460877537e-12 2.2850839698e-12 2.3458310010e-12 -2.1492922219e-18 -2.9625784944e-14 -2.2850829911e-12 -3.1124917826e-14
d  3.6586114998e-03 2.5610279218e+00 -2.0000000000e-01 2.5610278509e+00 2.3024296209e-05 3.0000000000e+02 -2.3636902982e-12 2.9640996332e-14 2.3634349440e-12 2.3024304611e-12 2.3631780928e-12 -2.1678653739e-18 -2.9620996776e-14 -2.3024296222e-12 -3.1124721231e-14
d  3.6619617085e-03 2.5633730678e+00 -2.0000000000e-01 2.5633729962e+00 2.3234318233e-05 3.0000000000e+02 -2.3846927037e-12 2.9641256972e-14 2.3844348570e-12 2.3234309134e-12 2.3841800345e-12 -2.1877780412e-18 -2.9621256521e-14 -2.3234318266e-12 -3.1124786248e-14
d  3.6659819589e-03 2.5661872429e+00 -2.0000000000e-01 2.5661871706e+00 2.3489184261e-05 3.0000000000e+02 -2.4101822832e-12 2.9644106606e-14 2.4099245858e-12 2.3489169900e-12 2.4096690588e-12 -2.2138125082e-18 -2.9624106009e-14 -2.3489184298e-12 -3.1124997470e-14
d  3.6683941092e-03 2.5678757480e+00 -2.0000000000e-01 2.5678756753e+00 2.3643610899e-05 3.0000000000e+02 -2.4256271633e-12 2.9644499288e-14 2.4253806371e-12 2.3643749193e-12 2.4251136061e-12 -2.2312867140e-18 -2.9624507727e-14 -2.3643610739e-12 -3.1125061155e-14
d  3.6712886895e-03 2.5699019541e+00 -2.0000000000e-01 2.5699018808e+00 2.3830429499e-05 3.0000000000e+02 -2.4443116259e-12 2.9652080650e-14 2.4440663123e-12 2.3830588028e-12 2.4437976742e-12 -2.2476534209e-18 -2.9632089728e-14 -2.3830429323e-12 -3.1125489329e-14
d  3.6747621858e-03 2.5723334015e+00 -2.0000000000e-01 2.5723333275e+00 2.4056824009e-05 3.0000000000e+02 -2.4669548224e-12 2.9653974133e-14 2.4666978090e-12 2.4056826702e-12 2.4664403845e-12 -2.2695488713e-18 -2.9633974262e-14 -2.4056824030e-12 -3.1125640395e-14
d  3.6789303815e-03 2.5752511383e+00 -2.0000000000e-01 2.5752510635e+00 2.4331913421e-05 3.0000000000e+02 -2.4944716160e-12 2.9655945718e-14 2.4942245454e-12 2.4332058221e-12 2.4939565820e-12 -2.3022037774e-18 -2.9635951536e-14 -2.4331913310e-12 -3.1125819735e-14
d  3.6814312989e-03 2.5770017804e+00 -2.0000000000e-01 2.5770017050e+00 2.4498669474e-05 3.0000000000e+02 -2.5111497490e-12 2.9665841562e-14 2.5109013831e-12 2.4498796927e-12 2.5106343765e-12 -2.3163818779e-18 -2.9645849073e-14 -2.4498669333e-12 -3.1126358902e-14
d  3.6844323998e-03 2.5791025509e+00 -2.0000000000e-01 2.5791024749e+00 2.4700537113e-05 3.0000000000e+02 -2.5313406969e-12 2.9664778570e-14 2.5310835946e-12 2.4700546277e-12 2.5308248957e-12 -2.3366789870e-18 -2.9644779077e-14 -2.4700537127e-12 -3.1126354276e-14
d  3.6880337208e-03 2.5816234755e+00 -2.0000000000e-01 2.5816233988e+00 2.4945365087e-05 3.0000000000e+02 -2.5558291377e-12 2.9666419138e-14 2.5555800439e-12 2.4945489943e-12 2.5553128329e-12 -2.3650060031e-18 -2.9646424921e-14 -2.4945364979e-12 -3.1126505423e-14
d  3.6923553060e-03 2.5846485850e+00 -2.0000000000e-01 2.5846485074e+00 2.5242939164e-05 3.0000000000e+02 -2.5855937535e-12 2.9677543392e-14 2.5853337249e-12 2.5242929475e-12 2.5850768461e-12 -2.3930906411e-18 -2.9657543016e-14 -2.5242939198e-12 -3.1127138737e-14
d  3.6949482572e-03 2.5864636507e+00 -2.0000000000e-01 2.5864635726e+00 2.5423430027e-05 3.0000000000e+02 -2.6036458959e-12 2.9676466390e-14 2.6033876092e-12 2.5423434082e-12 2.6031286389e-12 -2.4131710809e-18 -2.9656466620e-14 -2.5423430048e-12 -3.1127131421e-14
d  3.6980597986e-03 2.5886417296e+00 -2.0000000000e-01 2.5886416508e+00 2.5642014019e-05 3.0000000000e+02 -2.6255087378e-12 2.9679586416e-14 2.6252507427e-12 2.5642023871e-12 2.6249910221e-12 -2.4356282194e-18 -2.9659586942e-14 -2.5642014033e-12 -3.1127343295e-14
d  3.7017936482e-03 2.5912554242e+00 -2.0000000000e-01 2.5912553446e+00 2.5907242346e-05 3.0000000000e+02 -2.6520376878e-12 2.9685201622e-14 2.6517788262e-12 2.5907245655e-12 2.6515194674e-12 -2.4633713094e-18 -2.9665201770e-14 -2.5907242368e-12 -3.1127693621e-14
d  3.7062742678e-03 2.5943918577e+00 -2.0000000000e-01 2.5943917772e+00 2.6230021877e-05 3.0000000000e+02 -2.6843270581e-12 2.9695266327e-14 2.6840637268e-12 2.6229993037e-12 2.6838081817e-12 -2.4987464061e-18 -2.9675265247e-14 -2.6230021930e-12 -3.1128286287e-14
d  3.7089626396e-03 2.5962737179e+00 -2.0000000000e-01 2.5962736368e+00 2.6426348188e-05 3.0000000000e+02 -2.7039726794e-12 2.9708818097e-14 2.7037139342e-12 2.6426358316e-12 2.7034534313e-12 -2.5238070536e-18 -2.9688818653e-14 -2.6426348202e-12 -3.1129030187e-14
d  3.7121886857e-03 2.5985319500e+00 -2.0000000000e-01 2.5985318682e+00 2.6664460458e-05 3.0000000000e+02 -2.7277963010e-12 2.9718035458e-14 2.7275373219e-12 2.6664470912e-12 2.7272765972e-12 -2.5494980562e-18 -2.9698035997e-14 -2.6664460473e-12 -3.1129555983e-14
d  3.7160599410e-03 2.6012418286e+00 -2.0000000000e-01 2.6012417459e+00 2.6953787109e-05 3.0000000000e+02 -2.7567405146e-12 2.9728976606e-14 2.7564802145e-12 2.6953784034e-12 2.7562203013e-12 -2.5813628395e-18 -2.9708976473e-14 -2.6953787139e-12 -3.1130182393e-14
d  3.7183826942e-03 2.6028677558e+00 -2.0000000000e-01 2.6028676726e+00 2.7129258913e-05 3.0000000000e+02 -2.7742934360e-12 2.9733732996e-14 2.7740450677e-12 2.7129427042e-12 2.7737728800e-12 -2.6028261718e-18 -2.9713743650e-14 -2.7129258703e-12 -3.1130471525e-14
d  3.7211699980e-03 2.6048188684e+00 -2.0000000000e-01 2.6048187845e+00 2.7341633524e-05 3.0000000000e+02 -2.7955363854e-12 2.9745161480e-14 2.7952854846e-12 2.7341771236e-12 2.7950154306e-12 -2.6218440218e-18 -2.9725169668e-14 -2.7341633366e-12 -3.1131093703e-14
d  3.7245147626e-03 2.6071602035e+00 -2.0000000000e-01 2.6071601188e+00 2.7599107131e-05 3.0000000000e+02 -2.8212901985e-12 2.9747542676e-14 2.8210288328e-12 2.7599105927e-12 2.8207687650e-12 -2.6492749354e-18 -2.9727542617e-14 -2.7599107160e-12 -3.1131274715e-14
d  3.7285284801e-03 2.6099698056e+00 -2.0000000000e-01 2.6099697200e+00 2.7911914300e-05 3.0000000000e+02 -2.8525786469e-12 2.9750439093e-14 2.8523315857e-12 2.7912077382e-12 2.8520566804e-12 -2.6859120186e-18 -2.9730445894e-14 -2.7911914164e-12 -3.1131501840e-14
d  3.7309367106e-03 2.6116555669e+00 -2.0000000000e-01 2.6116554807e+00 2.8101631356e-05 3.0000000000e+02 -2.8715549226e-12 2.9758939497e-14 2.8713048087e-12 2.8101792497e-12 2.8710326190e-12 -2.7040634749e-18 -2.9738949357e-14 -2.8101631161e-12 -3.1131972475e-14
d  3.7338265872e-03 2.6136784804e+00 -2.0000000000e-01 2.6136783935e+00 2.8331328302e-05 3.0000000000e+02 -2.8945304676e-12 2.9765308702e-14 2.8942694315e-12 2.8331332922e-12 2.8940077270e-12 -2.7272605016e-18 -2.9745308967e-14 -2.8331328324e-12 -3.1132345053e-14
d  3.7372944392e-03 2.6161059766e+00 -2.0000000000e-01 2.6161058889e+00 2.8609946586e-05 3.0000000000e+02 -2.9223993695e-12 2.9764804374e-14 2.9221414177e-12 2.8610004249e-12 2.9218761897e-12 -2.7602664392e-18 -2.9744807146e-14 -2.8609946549e-12 -3.1132390520e-14
d  3.7414558615e-03 2.6190189721e+00 -2.0000000000e-01 2.6190188834e+00 2.8948633470e-05 3.0000000000e+02 -2.9562765267e-12 2.9776150726e-14 2.9560134340e-12 2.8948614998e-12 2.9557527648e-12 -2.7947616374e-18 -2.9756149982e-14 -2.8948633517e-12 -3.1133038825e-14
d  3.7439527149e-03 2.6207667694e+00 -2.0000000000e-01 2.6207666801e+00 2.9154152676e-05 3.0000000000e+02 -2.9768334878e-12 2.9776575434e-14 2.9765820179e-12 2.9154312819e-12 2.9763093218e-12 -2.8200918513e-18 -2.9756584895e-14 -2.9154152488e-12 -3.1133114354e-14
d  3.7469489389e-03 2.6228641261e+00 -2.0000000000e-01 2.6228640361e+00 2.9403076834e-05 3.0000000000e+02 -3.0017318112e-12 2.9790590702e-14 3.0014704056e-12 2.9403087738e-12 3.0012072587e-12 -2.8420654707e-18 -2.9770591306e-14 -2.9403076849e-12 -3.1133869877e-14
d  3.7505444078e-03 2.6253809542e+00 -2.0000000000e-01 2.6253808633e+00 2.9705113134e-05 3.0000000000e+02 -3.0319421561e-12 2.9787584241e-14 3.0316798849e-12 2.9705116970e-12 3.0314171002e-12 -2.8773962970e-18 -2.9767584420e-14 -2.9705113159e-12 -3.1133791927e-14
d  3.7527016892e-03 2.6268910511e+00 -2.0000000000e-01 2.6268909596e+00 2.9888101818e-05 3.0000000000e+02 -3.0502448847e-12 2.9792522168e-14 3.0499904676e-12 2.9888224900e-12 3.0497195151e-12 -2.8983031157e-18 -2.9772530555e-14 -2.9888101659e-12 -3.1134085713e-14
d  3.7552904268e-03 2.6287031673e+00 -2.0000000000e-01 2.6287030751e+00 3.0109463070e-05 3.0000000000e+02 -3.0723859329e-12 2.9801814447e-14 3.0721349168e-12 3.0109642963e-12 3.0718601660e-12 -2.9206223231e-18 -2.9781825947e-14 -3.0109462838e-12 -3.1134602298e-14
d  3.7583969119e-03 2.6308777068e+00 -2.0000000000e-01 2.6308776138e+00 3.0377663952e-05 3.0000000000e+02 -3.0992119813e-12 2.9807562520e-14 3.0989494822e-12 3.0377673222e-12 3.0986858101e-12 -2.9472347904e-18 -2.9787563016e-14 -3.0377663970e-12 -3.1134947505e-14
d  3.7621246940e-03 2.6334871541e+00 -2.0000000000e-01 2.6334870602e+00 3.0703084715e-05 3.0000000000e+02 -3.1317582533e-12 2.9803863241e-14 3.1315210129e-12 3.0703347516e-12 3.1312315722e-12 -2.9858153712e-18 -2.9783875017e-14 -3.0703084457e-12 -3.1134840717e-14
d  3.7643613633e-03 2.6350528226e+00 -2.0000000000e-01 2.6350527280e+00 3.0900297836e-05 3.0000000000e+02 -3.1514829808e-12 2.9808378993e-14 3.1512296032e-12 3.0900454389e-12 3.1509559735e-12 -3.0024713594e-18 -2.9788389293e-14 -3.0900297631e-12 -3.1135103055e-14
d  3.7670453664e-03 2.6369316247e+00 -2.0000000000e-01 2.6369315294e+00 3.1138932640e-05 3.0000000000e+02 -3.1753513935e-12 2.9819411562e-14 3.1750975774e-12 3.1139088989e-12 3.1748239911e-12 -3.0307675556e-18 -2.9799421213e-14 -3.1138932448e-12 -3.1135718170e-14
d  3.7702661702e-03 2.6391861872e+00 -2.0000000000e-01 2.6391860911e+00 3.1428210596e-05 3.0000000000e+02 -3.2042860254e-12 2.9823205683e-14 3.2040198790e-12 3.1428197129e-12 3.2037581909e-12 -3.0599700940e-18 -2.9803204988e-14 -3.1428210644e-12 -3.1135968628e-14
d  3.7741311347e-03 2.6418916622e+00 -2.0000000000e-01 2.6418915650e+00 3.1779635911e-05 3.0000000000e+02 -3.2394372422e-12 2.9825360124e-14 3.2391695992e-12 3.1779611854e-12 3.2389088777e-12 -3.1008394581e-18 -2.9805359084e-14 -3.1779635969e-12 -3.1136159942e-14
d  3.7764501135e-03 2.6435149472e+00 -2.0000000000e-01 2.6435148494e+00 3.1992773344e-05 3.0000000000e+02 -3.2607561670e-12 2.9832110935e-14 3.2605029047e-12 3.1992953403e-12 3.2602274590e-12 -3.1264622554e-18 -2.9812122372e-14 -3.1992773110e-12 -3.1136552868e-14
d  3.7792328879e-03 2.6454628893e+00 -2.0000000000e-01 2.6454627907e+00 3.2250823567e-05 3.0000000000e+02 -3.2865676326e-12 2.9844630368e-14 3.2863033036e-12 3.2250826638e-12 3.2860385710e-12 -3.1490205136e-18 -2.9824630551e-14 -3.2250823595e-12 -3.1137228922e-14
d  3.7825722173e-03 2.6478004197e+00 -2.0000000000e-01 2.6478003202e+00 3.2563838064e-05 3.0000000000e+02 -3.3178772636e-12 2.9841397110e-14 3.3176205635e-12 3.2563915582e-12 3.3173477366e-12 -3.1883807723e-18 -2.9821400976e-14 -3.2563838002e-12 -3.1137144406e-14
d  3.7865794125e-03 2.6506054562e+00 -2.0000000000e-01 2.6506053555e+00 3.2944439316e-05 3.0000000000e+02 -3.3559483046e-12 2.9852871402e-14 3.3556834792e-12 3.2944442853e-12 3.3554182242e-12 -3.2288498315e-18 -2.9832871549e-14 -3.2944439345e-12 -3.1137802854e-14
d  3.7889837296e-03 2.6522884781e+00 -2.0000000000e-01 2.6522883767e+00 3.3175596768e-05 3.0000000000e+02 -3.3790736458e-12 2.9862272882e-14 3.3788179514e-12 3.3175758828e-12 3.3785431989e-12 -3.2597453045e-18 -2.9842282820e-14 -3.3175596566e-12 -3.1138338309e-14
d  3.7918689102e-03 2.6543081044e+00 -2.0000000000e-01 2.6543080022e+00 3.3455707642e-05 3.0000000000e+02 -3.4070947967e-12 2.9879638777e-14 3.4068300329e-12 3.3455718203e-12 3.4065639483e-12 -3.2868796945e-18 -2.9859639385e-14 -3.3455707661e-12 -3.1139265802e-14
d  3.7953311268e-03 2.6567316559e+00 -2.0000000000e-01 2.6567315527e+00 3.3795708003e-05 3.0000000000e+02 -3.4411044706e-12 2.9877957803e-14 3.4408379405e-12 3.3795691819e-12 3.4405731357e-12 -3.3276933641e-18 -2.9857957024e-14 -3.3795708056e-12 -3.1139260292e-14
d  3.7974084568e-03 2.6581857869e+00 -2.0000000000e-01 2.6581856830e+00 3.4001721628e-05 3.0000000000e+02 -3.4617105189e-12 2.9882486278e-14 3.4614792958e-12 3.4002015003e-12 3.4611789065e-12 -3.3545840149e-18 -2.9862507014e-14 -3.4001721181e-12 -3.1139541807e-14
d  3.7999012528e-03 2.6599307440e+00 -2.0000000000e-01 2.6599306394e+00 3.4250897858e-05 3.0000000000e+02 -3.4866325728e-12 2.9881320903e-14 3.4863668101e-12 3.4250901228e-12 3.4861006070e-12 -3.3714298651e-18 -2.9861321127e-14 -3.4250897887e-12 -3.1139513172e-14
d  3.8028926080e-03 2.6620246925e+00 -2.0000000000e-01 2.6620245870e+00 3.4552809795e-05 3.0000000000e+02 -3.5168301241e-12 2.9894958694e-14 3.5165626115e-12 3.4552804678e-12 3.5162977257e-12 -3.4119043545e-18 -2.9874958411e-14 -3.4552809837e-12 -3.1140278613e-14
d  3.8064822343e-03 2.6645374308e+00 -2.0000000000e-01 2.6645373242e+00 3.4919305553e-05 3.0000000000e+02 -3.5534871351e-12 2.9900542419e-14 3.5532227235e-12 3.4919375211e-12 3.5529542501e-12 -3.4516681564e-18 -2.9880545660e-14 -3.4919305505e-12 -3.1140635533e-14
d  3.8086360100e-03 2.6660450737e+00 -2.0000000000e-01 2.6660449664e+00 3.5141436003e-05 3.0000000000e+02 -3.5757048635e-12 2.9911825900e-14 3.5754431564e-12 3.5141526482e-12 3.5751716544e-12 -3.4757304351e-18 -2.9891832078e-14 -3.5141435892e-12 -3.1141249301e-14
d  3.8112205409e-03 2.6678542452e+00 -2.0000000000e-01 2.6678541372e+00 3.5410262278e-05 3.0000000000e+02 -3.6025939312e-12 2.9912052174e-14 3.6023273401e-12 3.5410265804e-12 3.6020603608e-12 -3.5045878528e-18 -2.9892052400e-14 -3.5410262308e-12 -3.1141314554e-14
d  3.8143219780e-03 2.6700252511e+00 -2.0000000000e-01 2.6700251420e+00 3.5736173116e-05 3.0000000000e+02 -3.6351928683e-12 2.9915241613e-14 3.6349184107e-12 3.5736117227e-12 3.6346588778e-12 -3.5422134099e-18 -2.9895238619e-14 -3.5736173226e-12 -3.1141545802e-14
d  3.8180437025e-03 2.6726304581e+00 -2.0000000000e-01 2.6726303479e+00 3.6132124705e-05 3.0000000000e+02 -3.6747978250e-12 2.9927231338e-14 3.6745296435e-12 3.6132100489e-12 3.6742633153e-12 -3.5876250656e-18 -2.9907230250e-14 -3.6132124769e-12 -3.1142234284e-14
d  3.8202767372e-03 2.6741935823e+00 -2.0000000000e-01 2.6741934713e+00 3.6372292980e-05 3.0000000000e+02 -3.6988208991e-12 2.9927783422e-14 3.6985536559e-12 3.6372296351e-12 3.6982860682e-12 -3.6148744094e-18 -2.9907783644e-14 -3.6372293011e-12 -3.1142312684e-14
d  3.8229563788e-03 2.6760693314e+00 -2.0000000000e-01 2.6760692195e+00 3.6663104422e-05 3.0000000000e+02 -3.7279096232e-12 2.9938506873e-14 3.7276421505e-12 3.6663107697e-12 3.7273743948e-12 -3.6475673757e-18 -2.9918507076e-14 -3.6663104454e-12 -3.1142912639e-14
d  3.8261719488e-03 2.6783202302e+00 -2.0000000000e-01 2.6783201173e+00 3.7015819657e-05 3.0000000000e+02 -3.7631893587e-12 2.9944875682e-14 3.7629500553e-12 3.7016078241e-12 3.7626536861e-12 -3.6899263497e-18 -2.9924889058e-14 -3.7015819356e-12 -3.1143312102e-14
d  3.8300306327e-03 2.6810213088e+00 -2.0000000000e-01 2.6810211947e+00 3.7444577873e-05 3.0000000000e+02 -3.8060750976e-12 2.9950454881e-14 3.8058105408e-12 3.7444656224e-12 3.8055388992e-12 -3.7334477356e-18 -2.9930458277e-14 -3.7444577820e-12 -3.1143670843e-14
d  3.8323458431e-03 2.6826419560e+00 -2.0000000000e-01 2.6826418411e+00 3.7704735769e-05 3.0000000000e+02 -3.8320968713e-12 2.9966588352e-14 3.8318287950e-12 3.7704739334e-12 3.8315603566e-12 -3.7648024192e-18 -2.9946588579e-14 -3.7704735801e-12 -3.1144539226e-14
d  3.8351240955e-03 2.6845867326e+00 -2.0000000000e-01 2.6845866167e+00 3.8019830931e-05 3.0000000000e+02 -3.8636134900e-12 2.9962931589e-14 3.8633455250e-12 3.8019839077e-12 3.8630765852e-12 -3.8014704474e-18 -2.9942932075e-14 -3.8019830957e-12 -3.1144422154e-14
d  3.8384579984e-03 2.6869204646e+00 -2.0000000000e-01 2.6869203475e+00 3.8402226666e-05 3.0000000000e+02 -3.9018621640e-12 2.9973578341e-14 3.9015933595e-12 3.8402222093e-12 3.9013247856e-12 -3.8446367762e-18 -2.9953578113e-14 -3.8402226710e-12 -3.1145035131e-14
d  3.8404583402e-03 2.6883207037e+00 -2.0000000000e-01 2.6883205860e+00 3.8633872274e-05 3.0000000000e+02 -3.9250310765e-12 2.9976448130e-14 3.9247528190e-12 3.8633786096e-12 3.9244934248e-12 -3.8692373352e-18 -2.9956441810e-14 -3.8633872463e-12 -3.1145222884e-14
d  3.8428587503e-03 2.6900009907e+00 -2.0000000000e-01 2.6900008721e+00 3.8914155425e-05 3.0000000000e+02 -3.9530665254e-12 2.9984663173e-14 3.9527976744e-12 3.8914158496e-12 3.9525285315e-12 -3.9049986325e-18 -2.9964663385e-14 -3.8914155458e-12 -3.1145700937e-14
d  3.8457392424e-03 2.6920173351e+00 -2.0000000000e-01 2.6920172155e+00 3.9254204981e-05 3.0000000000e+02 -3.9870863772e-12 2.9997076332e-14 3.9868094307e-12 3.9254146937e-12 3.9865479975e-12 -3.9455562384e-18 -2.9977072991e-14 -3.9254205105e-12 -3.1146396816e-14
d  3.8491958330e-03 2.6944369484e+00 -2.0000000000e-01 2.6944368275e+00 3.9667435291e-05 3.0000000000e+02 -4.0284245530e-12 3.0013169058e-14 4.0281551576e-12 3.9667436686e-12 4.0278856929e-12 -3.9965720887e-18 -2.9993169126e-14 -3.9667435328e-12 -3.1147296349e-14
d  3.8512697873e-03 2.6958887163e+00 -2.0000000000e-01 2.6958885947e+00 3.9918090931e-05 3.0000000000e+02 -4.0534983004e-12 3.0018270015e-14 4.0532520303e-12 3.9918290964e-12 4.0529591446e-12 -4.0283987951e-18 -2.9998284174e-14 -3.9918090627e-12 -3.1147609944e-14
d  3.8537585325e-03 2.6976308379e+00 -2.0000000000e-01 2.6976307154e+00 4.0221573498e-05 3.0000000000e+02 -4.0838557308e-12 3.0022398589e-14 4.0835861211e-12 4.0221577482e-12 4.0833162042e-12 -4.0579485128e-18 -3.0002398854e-14 -4.0221573532e-12 -3.1147866838e-14
d  3.8567450268e-03 2.6997213838e+00 -2.0000000000e-01 2.6997212602e+00 4.0589654331e-05 3.0000000000e+02 -4.1206745590e-12 3.0037744409e-14 4.1204055131e-12 4.0589674399e-12 4.1201346273e-12 -4.1063878798e-18 -3.0017745525e-14 -4.0589654343e-12 -3.1148723455e-14
d  3.8603288199e-03 2.7022300388e+00 -2.0000000000e-01 2.7022299138e+00 4.1037065626e-05 3.0000000000e+02 -4.1654290152e-12 3.0049692975e-14 4.1651589733e-12 4.1037060216e-12 4.1648886007e-12 -4.1582537346e-18 -3.0029692723e-14 -4.1037065673e-12 -3.1149413099e-14
d  3.8624790957e-03 2.7037352318e+00 -2.0000000000e-01 2.7037351061e+00 4.1308554125e-05 3.0000000000e+02 -4.1925860570e-12 3.0054546590e-14 4.1923157834e-12 4.1308556572e-12 4.1920453364e-12 -4.1913280337e-18 -3.0034546758e-14 -4.1308554162e-12 -3.1149714203e-14
d  3.8650594268e-03 2.7055414635e+00 -2.0000000000e-01 2.7055413367e+00 4.1637395665e-05 3.0000000000e+02 -4.2254801139e-12 3.0065536694e-14 4.2252096932e-12 4.1637399529e-12 4.2249390256e-12 -4.2305527255e-18 -3.0045536942e-14 -4.1637395701e-12 -3.1150333362e-14
d  3.8681558240e-03 2.7077089414e+00 -2.0000000000e-01 2.7077088135e+00 4.2036471668e-05 3.0000000000e+02 -4.2653998687e-12 3.0076193370e-14 4.2651290795e-12 4.2036469760e-12 4.2648583273e-12 -4.2784742522e-18 -3.0056193267e-14 -4.2036471712e-12 -3.1150950439e-14
d  3.8700136623e-03 2.7090094282e+00 -2.0000000000e-01 2.7090092995e+00 4.2278289395e-05 3.0000000000e+02 -4.2895889206e-12 3.0082194101e-14 4.2893199067e-12 4.2278348493e-12 4.2890471387e-12 -4.3088122497e-18 -3.0062198763e-14 -4.2278289324e-12 -3.1151304012e-14
d  3.8722430683e-03 2.7105700123e+00 -2.0000000000e-01 2.7105698827e+00 4.2570842762e-05 3.0000000000e+02 -4.3188532313e-12 3.0096056620e-14 4.3186066427e-12 4.2571056310e-12 4.3183111068e-12 -4.3450234177e-18 -3.0076072405e-14 -4.2570842417e-12 -3.1152061735e-14
d  3.8749183555e-03 2.7124427133e+00 -2.0000000000e-01 2.7124425826e+00 4.2925378214e-05 3.0000000000e+02 -4.3543176335e-12 3.0095728699e-14 4.3540465455e-12 4.2925383482e-12 4.3537751551e-12 -4.3826876813e-18 -3.0075729025e-14 -4.2925378249e-12 -3.1152107200e-14
d  3.8781287002e-03 2.7146899544e+00 -2.0000000000e-01 2.7146898225e+00 4.3355881028e-05 3.0000000000e+02 -4.3973811138e-12 3.0113915018e-14 4.3971692657e-12 4.3356421416e-12 4.3968381621e-12 -4.4448004904e-18 -3.0093942991e-14 -4.3355880319e-12 -3.1153128854e-14
d  3.8800549070e-03 2.7160382991e+00 -2.0000000000e-01 2.7160381664e+00 4.3616882092e-05 3.0000000000e+02 -4.4234891764e-12 3.0110525977e-14 4.4232072227e-12 4.3616785295e-12 4.4229459828e-12 -4.4591308690e-18 -3.0090518614e-14 -4.3616882317e-12 -3.1152975668e-14
d  3.8823663551e-03 2.7176563127e+00 -2.0000000000e-01 2.7176561791e+00 4.3932774012e-05 3.0000000000e+02 -4.4550879641e-12 3.0132583133e-14 4.4548162640e-12 4.3932776008e-12 4.4545444594e-12 -4.5140835874e-18 -3.0112583276e-14 -4.3932774052e-12 -3.1154179407e-14
d  3.8851400929e-03 2.7195979291e+00 -2.0000000000e-01 2.7195977943e+00 4.4315760318e-05 3.0000000000e+02 -4.4933979226e-12 3.0138855507e-14 4.4931143102e-12 4.4315670900e-12 4.4928540416e-12 -4.5537602422e-18 -3.0118850171e-14 -4.4315760502e-12 -3.1154557546e-14
d  3.8884685782e-03 2.7219278687e+00 -2.0000000000e-01 2.7219277325e+00 4.4781014730e-05 3.0000000000e+02 -4.5399365284e-12 3.0153922314e-14 4.5396648810e-12 4.4781012330e-12 4.5393921731e-12 -4.6129132243e-18 -3.0133922194e-14 -4.4781014778e-12 -3.1155412206e-14
d  3.8904656694e-03 2.7233258324e+00 -2.0000000000e-01 2.7233256954e+00 4.5063206018e-05 3.0000000000e+02 -4.5681641250e-12 3.0156707396e-14 4.5679157346e-12 4.5063414812e-12 4.5676194588e-12 -4.6494401532e-18 -3.0136722722e-14 -4.5063205680e-12 -3.1155614034e-14
d  3.8928621789e-03 2.7250033890e+00 -2.0000000000e-01 2.7250032509e+00 4.5404955606e-05 3.0000000000e+02 -4.6023502799e-12 3.0165283966e-14 4.6020778299e-12 4.5404959234e-12 4.6018053116e-12 -4.6852921053e-18 -3.0145284216e-14 -4.5404955645e-12 -3.1156100033e-14
d  3.8957379902e-03 2.7270164568e+00 -2.0000000000e-01 2.7270163175e+00 4.5819688372e-05 3.0000000000e+02 -4.6438387126e-12 3.0184030925e-14 4.6435840210e-12 4.5819861965e-12 4.6432933133e-12 -4.7451550796e-18 -3.0164040925e-14 -4.5819688150e-12 -3.1157141159e-14
d  3.8991889638e-03 2.7294321382e+00 -2.0000000000e-01 2.7294319974e+00 4.6323927835e-05 3.0000000000e+02 -4.6942780202e-12 3.0195890967e-14 4.6940048293e-12 4.6323927502e-12 4.6937321531e-12 -4.8016451440e-18 -3.0175890951e-14 -4.6323927882e-12 -3.1157825056e-14
d  3.9012595480e-03 2.7308815470e+00 -2.0000000000e-01 2.7308814053e+00 4.6629898021e-05 3.0000000000e+02 -4.7248831367e-12 3.0204543308e-14 4.7246100957e-12 4.6629894255e-12 4.7243369975e-12 -4.8416614909e-18 -3.0184543041e-14 -4.6629898075e-12 -3.1158324507e-14
d  3.9037442489e-03 2.7326208376e+00 -2.0000000000e-01 2.7326206948e+00 4.7000534288e-05 3.0000000000e+02 -4.7619572944e-12 3.0212978360e-14 4.7616839804e-12 4.7000538002e-12 4.7614107901e-12 -4.8874650112e-18 -3.0192978607e-14 -4.7000534329e-12 -3.1158821437e-14
d  3.9067258901e-03 2.7347079864e+00 -2.0000000000e-01 2.7347078421e+00 4.7450403978e-05 3.0000000000e+02 -4.8069578781e-12 3.0226674129e-14 4.8066846503e-12 4.7450403366e-12 4.8064109628e-12 -4.9434470158e-18 -3.0206674095e-14 -4.7450404027e-12 -3.1159597853e-14
d  3.9085148748e-03 2.7359602756e+00 -2.0000000000e-01 2.7359601306e+00 4.7723050021e-05 3.0000000000e+02 -4.8342311057e-12 3.0233349616e-14 4.8339507952e-12 4.7722981842e-12 4.8336839202e-12 -4.9768456202e-18 -3.0213344043e-14 -4.7723050207e-12 -3.1159985487e-14
d  3.9106616565e-03 2.7374630227e+00 -2.0000000000e-01 2.7374628767e+00 4.8052971138e-05 3.0000000000e+02 -4.8672337861e-12 3.0243626882e-14 4.8669732836e-12 4.8053088162e-12 4.8666863211e-12 -5.0230463480e-18 -3.0223635852e-14 -4.8052970958e-12 -3.1160577028e-14
d  3.9132377945e-03 2.7392663192e+00 -2.0000000000e-01 2.7392661720e+00 4.8452896977e-05 3.0000000000e+02 -4.9072393420e-12 3.0253793194e-14 4.9069652045e-12 4.8452900566e-12 4.9066914829e-12 -5.0680128338e-18 -3.0233793425e-14 -4.8452897019e-12 -3.1161155510e-14
d  3.9163291600e-03 2.7414302750e+00 -2.0000000000e-01 2.7414301263e+00 4.8938693195e-05 3.0000000000e+02 -4.9558348554e-12 3.0271081485e-14 4.9555596811e-12 4.8938691362e-12 4.9552865617e-12 -5.1328845303e-18 -3.0251081388e-14 -4.8938693246e-12 -3.1162125684e-14
d  3.9181839794e-03 2.7427286484e+00 -2.0000000000e-01 2.7427284989e+00 4.9233302792e-05 3.0000000000e+02 -4.9853055576e-12 3.0280273579e-14 4.9850331270e-12 4.9233319853e-12 4.9847570233e-12 -5.1706086559e-18 -3.0260274925e-14 -4.9233302807e-12 -3.1162645842e-14
d  3.9204097626e-03 2.7442866966e+00 -2.0000000000e-01 2.7442865460e+00 4.9589985220e-05 3.0000000000e+02 -5.0209857295e-12 3.0289326398e-14 5.0207375886e-12 4.9590215680e-12 5.0204368821e-12 -5.2192201312e-18 -3.0269343442e-14 -4.9589984829e-12 -3.1163178479e-14
d  3.9230807025e-03 2.7461563544e+00 -2.0000000000e-01 2.7461562025e+00 5.0022596050e-05 3.0000000000e+02 -5.0642608867e-12 3.0299208017e-14 5.0639695400e-12 5.0022463310e-12 5.0637116693e-12 -5.2660865604e-18 -3.0279199807e-14 -5.0022596323e-12 -3.1163742334e-14
d  3.9262858303e-03 2.7483999438e+00 -2.0000000000e-01 2.7483997903e+00 5.0548424245e-05 3.0000000000e+02 -5.1168608467e-12 3.0323459064e-14 5.1165872576e-12 5.0548428506e-12 5.1163111801e-12 -5.3423846508e-18 -3.0303459284e-14 -5.0548424289e-12 -3.1165079507e-14
d  3.9282089070e-03 2.7497460974e+00 -2.0000000000e-01 2.7497459430e+00 5.0867501131e-05 3.0000000000e+02 -5.1487792843e-12 3.0326420708e-14 5.1485393134e-12 5.0867811830e-12 5.1482293377e-12 -5.3853955265e-18 -3.0306444351e-14 -5.0867500569e-12 -3.1165297980e-14
d  3.9305165990e-03 2.7513614818e+00 -2.0000000000e-01 2.7513613261e+00 5.1253999876e-05 3.0000000000e+02 -5.1874420287e-12 3.0335738346e-14 5.1871666370e-12 5.1254001868e-12 5.1868917620e-12 -5.4250435449e-18 -3.0315738489e-14 -5.1253999924e-12 -3.1165820447e-14
d  3.9332858295e-03 2.7532999430e+00 -2.0000000000e-01 2.7532997860e+00 5.1723020353e-05 3.0000000000e+02 -5.2343593462e-12 3.0356083473e-14 5.2341229129e-12 5.1723384551e-12 5.2338086700e-12 -5.4980444782e-18 -3.0336105213e-14 -5.1723019799e-12 -3.1166958165e-14
d  3.9349473678e-03 2.7544630197e+00 -2.0000000000e-01 2.7544628618e+00 5.2007189762e-05 3.0000000000e+02 -5.2627849181e-12 3.0358075020e-14 5.2625074816e-12 5.2007222176e-12 5.2622340509e-12 -5.5219292279e-18 -3.0338077872e-14 -5.2007189742e-12 -3.1167088534e-14
d  3.9369412137e-03 2.7558587118e+00 -2.0000000000e-01 2.7558585529e+00 5.2350964716e-05 3.0000000000e+02 -5.2971734529e-12 3.0380543681e-14 5.2968861445e-12 5.2350859950e-12 5.2966222959e-12 -5.5737863796e-18 -3.0360535055e-14 -5.2350964990e-12 -3.1168293882e-14
d  3.9393338288e-03 2.7575335423e+00 -2.0000000000e-01 2.7575333821e+00 5.2767888347e-05 3.0000000000e+02 -5.3388846350e-12 3.0389534679e-14 5.3386084442e-12 5.2767890469e-12 5.3383331501e-12 -5.6353097701e-18 -3.0369534826e-14 -5.2767888395e-12 -3.1168843000e-14
d  3.9422049669e-03 2.7595433389e+00 -2.0000000000e-01 2.7595431772e+00 5.3274680199e-05 3.0000000000e+02 -5.3895876884e-12 3.0412429580e-14 5.3893120781e-12 5.3274681439e-12 5.3890357959e-12 -5.7036768874e-18 -3.0392429652e-14 -5.3274680250e-12 -3.1170092721e-14
d  3.9439276498e-03 2.7607492168e+00 -2.0000000000e-01 2.7607490542e+00 5.3582117327e-05 3.0000000000e+02 -5.4203441865e-12 3.0423318793e-14 5.4200590386e-12 5.3582040835e-12 5.4197920705e-12 -5.7448313161e-18 -3.0403312313e-14 -5.3582117547e-12 -3.1170699848e-14
d  3.9459948692e-03 2.7621962704e+00 -2.0000000000e-01 2.7621961066e+00 5.3954375894e-05 3.0000000000e+02 -5.4575848100e-12 3.0439536404e-14 5.4573320825e-12 5.3954588071e-12 5.4570323885e-12 -5.8022286933e-18 -3.0419553261e-14 -5.3954375506e-12 -3.1171602930e-14
d  3.9484755326e-03 2.7639327346e+00 -2.0000000000e-01 2.7639325695e+00 5.4405914825e-05 3.0000000000e+02 -5.5027558709e-12 3.0450348480e-14 5.5024786653e-12 5.4405915521e-12 5.5022030919e-12 -5.8540157191e-18 -3.0430348527e-14 -5.4405914878e-12 -3.1172217937e-14
d  3.9514523286e-03 2.7660164917e+00 -2.0000000000e-01 2.7660163250e+00 5.4954774784e-05 3.0000000000e+02 -5.5576622406e-12 3.0473847860e-14 5.5573866694e-12 5.4954780041e-12 5.5571090630e-12 -5.9341751157e-18 -3.0453848152e-14 -5.4954774830e-12 -3.1173516963e-14
d  3.9532384062e-03 2.7672667460e+00 -2.0000000000e-01 2.7672665783e+00 5.5287815218e-05 3.0000000000e+02 -5.5909785943e-12 3.0482649416e-14 5.5907240023e-12 5.5288017631e-12 5.5904251707e-12 -5.9820138407e-18 -3.0462665962e-14 -5.5287814838e-12 -3.1174032041e-14
d  3.9553816993e-03 2.7687670511e+00 -2.0000000000e-01 2.7687668822e+00 5.5691202097e-05 3.0000000000e+02 -5.6313320570e-12 3.0495188632e-14 5.6310556514e-12 5.5691201719e-12 5.6307783493e-12 -6.0294908308e-18 -3.0475188603e-14 -5.5691202153e-12 -3.1174726107e-14
d  3.9579536511e-03 2.7705674172e+00 -2.0000000000e-01 2.7705672468e+00 5.6180688221e-05 3.0000000000e+02 -5.6802981779e-12 3.0513417636e-14 5.6800121051e-12 5.6180622811e-12 5.6797440702e-12 -6.1008834412e-18 -3.0493413445e-14 -5.6180688396e-12 -3.1175746860e-14
d  3.9610399932e-03 2.7727278566e+00 -2.0000000000e-01 2.7727276844e+00 5.6776011881e-05 3.0000000000e+02 -5.7398518582e-12 3.0536058086e-14 5.7395767546e-12 5.6776024313e-12 5.7392973263e-12 -6.1832872457e-18 -3.0516058752e-14 -5.6776011917e-12 -3.1177002422e-14
d  3.9628917985e-03 2.7740241202e+00 -2.0000000000e-01 2.7740239469e+00 5.7137452633e-05 3.0000000000e+02 -5.7760092011e-12 3.0543335234e-14 5.7757324849e-12 5.7137452665e-12 5.7754544118e-12 -6.2319596996e-18 -3.0523335236e-14 -5.7137452690e-12 -3.1177439315e-14
d  3.9651139648e-03 2.7755796366e+00 -2.0000000000e-01 2.7755794620e+00 5.7575464808e-05 3.0000000000e+02 -5.8198266762e-12 3.0560052254e-14 5.8195528840e-12 5.7575472687e-12 5.8192715565e-12 -6.2934065085e-18 -3.0540052834e-14 -5.7575464849e-12 -3.1178366654e-14
d  3.9677805644e-03 2.7774462562e+00 -2.0000000000e-01 2.7774460800e+00 5.8107364157e-05 3.0000000000e+02 -5.8730365406e-12 3.0575646800e-14 5.8728210295e-12 5.8107943477e-12 5.8724810407e-12 -6.3745983605e-18 -3.0555682617e-14 -5.8107363171e-12 -3.1179273284e-14
d  3.9693805241e-03 2.7785662279e+00 -2.0000000000e-01 2.7785660508e+00 5.8429848960e-05 3.0000000000e+02 -5.9052968136e-12 3.0583331811e-14 5.9050111023e-12 5.8429855015e-12 5.9047411066e-12 -6.4004450796e-18 -3.0563332372e-14 -5.8429849004e-12 -3.1179684203e-14
d  3.9713004758e-03 2.7799101941e+00 -2.0000000000e-01 2.7799100157e+00 5.8820173679e-05 3.0000000000e+02 -5.9443439889e-12 3.0616745309e-14 5.9440679194e-12 5.8820198949e-12 5.9437880318e-12 -6.4720319043e-18 -3.0596747467e-14 -5.8820173680e-12 -3.1181464675e-14
d  3.9736044178e-03 2.7815229534e+00 -2.0000000000e-01 2.7815227737e+00 5.9293482637e-05 3.0000000000e+02 -5.9916930494e-12 3.0618225478e-14 5.9914134987e-12 5.9293478951e-12 5.9911367646e-12 -6.5339385580e-18 -3.0598225216e-14 -5.9293482704e-12 -3.1181631137e-14
d  3.9763691483e-03 2.7834582646e+00 -2.0000000000e-01 2.7834580832e+00 5.9868617889e-05 3.0000000000e+02 -6.0492280672e-12 3.0641172198e-14 6.0489517543e-12 5.9868629484e-12 6.0486713884e-12 -6.6159128173e-18 -3.0621172889e-14 -5.9868617929e-12 -3.1182898373e-14
d  3.9780279865e-03 2.7846194513e+00 -2.0000000000e-01 2.7846192688e+00 6.0217523997e-05 3.0000000000e+02 -6.0841317607e-12 3.0650593157e-14 6.0838433846e-12 6.0217509601e-12 6.0835748515e-12 -6.6649978311e-18 -3.0630591902e-14 -6.0217524091e-12 -3.1183441583e-14
d  3.9800185925e-03 2.7860128754e+00 -2.0000000000e-01 2.7860126916e+00 6.0640057410e-05 3.0000000000e+02 -6.1264013610e-12 3.0678821771e-14 6.1261230607e-12 6.0640058037e-12 6.1258441836e-12 -6.7262935808e-18 -3.0658821822e-14 -6.0640057469e-12 -3.1184938932e-14
d  3.9824073196e-03 2.7876849843e+00 -2.0000000000e-01 2.7876847990e+00 6.1152757422e-05 3.0000000000e+02 -6.1776915370e-12 3.0683069356e-14 6.1774103758e-12 6.1152747253e-12 6.1771340238e-12 -6.7995633053e-18 -3.0663068657e-14 -6.1152757503e-12 -3.1185262095e-14
d  3.9852737921e-03 2.7896915150e+00 -2.0000000000e-01 2.7896913278e+00 6.1776463096e-05 3.0000000000e+02 -6.2400884427e-12 3.0712222875e-14 6.2398021416e-12 6.1776416854e-12 6.2395305341e-12 -6.8915148479e-18 -3.0692220217e-14 -6.1776463240e-12 -3.1186852047e-14
d  3.9869936756e-03 2.7908954334e+00 -2.0000000000e-01 2.7908952450e+00 6.2155417798e-05 3.0000000000e+02 -6.2780038465e-12 3.0733431105e-14 6.2778045577e-12 6.2156136706e-12 6.2774456243e-12 -6.9651824204e-18 -3.0713491987e-14 -6.2155416199e-12 -3.1188030320e-14
d  3.9890575358e-03 2.7923401355e+00 -2.0000000000e-01 2.7923399457e+00 6.2614864275e-05 3.0000000000e+02 -6.3239705085e-12 3.0738100950e-14 6.3236953748e-12 6.2614879534e-12 6.3234120577e-12 -7.0046977642e-18 -3.0718102160e-14 -6.2614864304e-12 -3.1188305352e-14
d  3.9915341681e-03 2.7940737779e+00 -2.0000000000e-01 2.7940735866e+00 6.3172833029e-05 3.0000000000e+02 -6.3797903999e-12 3.0770633171e-14 6.3795019341e-12 6.3172768327e-12 6.3792316013e-12 -7.1060295533e-18 -3.0750628878e-14 -6.3172833219e-12 -3.1190084942e-14
d  3.9945061268e-03 2.7961541489e+00 -2.0000000000e-01 2.7961539555e+00 6.3852117052e-05 3.0000000000e+02 -6.4477466741e-12 3.0800694114e-14 6.4474702022e-12 6.3852138586e-12 6.4471874492e-12 -7.2053993066e-18 -3.0780695308e-14 -6.3852117078e-12 -3.1191728258e-14
d  3.9962893020e-03 2.7974023715e+00 -2.0000000000e-01 2.7974021769e+00 6.4264827219e-05 3.0000000000e+02 -6.4890341771e-12 3.0810185902e-14 6.4887582122e-12 6.4264842504e-12 6.4884746930e-12 -7.2649310852e-18 -3.0790187148e-14 -6.4264827249e-12 -3.1192288804e-14
d  3.9984291123e-03 2.7989002387e+00 -2.0000000000e-01 2.7989000425e+00 6.4765248265e-05 3.0000000000e+02 -6.5390959656e-12 3.0828248741e-14 6.5388020924e-12 6.4765177532e-12 6.5385362110e-12 -7.3384045594e-18 -3.0808243330e-14 -6.4765248486e-12 -3.1193295963e-14
d  4.0009968846e-03 2.8006976792e+00 -2.0000000000e-01 2.8006974812e+00 6.5373341137e-05 3.0000000000e+02 -6.5999301158e-12 3.0862418148e-14 6.5997164030e-12 6.5373967627e-12 6.5993699333e-12 -7.4403325339e-18 -3.0842458245e-14 -6.5373339976e-12 -3.1195153793e-14
d  4.0025375480e-03 2.8017761435e+00 -2.0000000000e-01 2.8017759444e+00 6.5742262363e-05 3.0000000000e+02 -6.6368375639e-12 3.0860583282e-14 6.6365567708e-12 6.5742260617e-12 6.6362772112e-12 -7.4726483441e-18 -3.0840583117e-14 -6.5742262434e-12 -3.1195097495e-14
d  4.0043863441e-03 2.8030703007e+00 -2.0000000000e-01 2.8030701003e+00 6.6189054353e-05 3.0000000000e+02 -6.6815356009e-12 3.0888148402e-14 6.6813246787e-12 6.6189686826e-12 6.6809749487e-12 -7.5710347755e-18 -3.0868204306e-14 -6.6189052871e-12 -3.1196632761e-14
d  4.0066048994e-03 2.8046232893e+00 -2.0000000000e-01 2.8046230873e+00 6.6731217438e-05 3.0000000000e+02 -6.7357746713e-12 3.0899672427e-14 6.7354906985e-12 6.6731198724e-12 6.7352137760e-12 -7.6238582776e-18 -3.0879671046e-14 -6.6731217545e-12 -3.1197266015e-14
d  4.0092671657e-03 2.8064868757e+00 -2.0000000000e-01 2.8064866716e+00 6.7390641314e-05 3.0000000000e+02 -6.8017455546e-12 3.0936879353e-14 6.8014776181e-12 6.7390729208e-12 6.8011842431e-12 -7.7439265264e-18 -3.0916884775e-14 -6.7390641210e-12 -3.1199303008e-14
d  4.0108645255e-03 2.8076050275e+00 -2.0000000000e-01 2.8076048222e+00 6.7791176080e-05 3.0000000000e+02 -6.8418188460e-12 3.0944883100e-14 6.8415370702e-12 6.7791171991e-12 6.8412573283e-12 -7.8024995283e-18 -3.0924882728e-14 -6.7791176159e-12 -3.1199786271e-14
d  4.0127813573e-03 2.8089468097e+00 -2.0000000000e-01 2.8089466030e+00 6.8276670330e-05 3.0000000000e+02 -6.8903910897e-12 3.0976115879e-14 6.8901146418e-12 6.8276691842e-12 6.8898293402e-12 -7.8821003876e-18 -3.0956117711e-14 -6.8276670346e-12 -3.1201457032e-14
d  4.0150815554e-03 2.8105569483e+00 -2.0000000000e-01 2.8105567398e+00 6.8865988161e-05 3.0000000000e+02 -6.9493452469e-12 3.0991077992e-14 6.9490586322e-12 6.8865953562e-12 6.9487831391e-12 -7.9679378329e-18 -3.0971075529e-14 -6.8865988304e-12 -3.1202325121e-14
d  4.0178417932e-03 2.8124891146e+00 -2.0000000000e-01 2.8124889040e+00 6.9583207438e-05 3.0000000000e+02 -7.0210962288e-12 3.1023974657e-14 7.0208137378e-12 6.9583199945e-12 7.0205337386e-12 -8.0810567411e-18 -3.1003974211e-14 -6.9583207523e-12 -3.1204126628e-14
d  4.0194979358e-03 2.8136484144e+00 -2.0000000000e-01 2.8136482025e+00 7.0018893008e-05 3.0000000000e+02 -7.0646828231e-12 3.1038130821e-14 7.0643998651e-12 7.0018885048e-12 7.0641200984e-12 -8.1484671974e-18 -3.1018130124e-14 -7.0018893098e-12 -3.1204928887e-14
d  4.0214853070e-03 2.8150395742e+00 -2.0000000000e-01 2.8150393606e+00 7.0547108329e-05 3.0000000000e+02 -7.1175261865e-12 3.1058832556e-14 7.1172500338e-12 7.0547138408e-12 7.1169631910e-12 -8.2316782268e-18 -3.1038835026e-14 -7.0547108327e-12 -3.1206079930e-14
d  4.0238701524e-03 2.8167089659e+00 -2.0000000000e-01 2.8167087504e+00 7.1188955827e-05 3.0000000000e+02 -7.1817383448e-12 3.1080695848e-14 7.1814401241e-12 7.1188827442e-12 7.1811750156e-12 -8.3304189223e-18 -3.1060687032e-14 -7.1188956174e-12 -3.1207309492e-14
d  4.0267319669e-03 2.8187122359e+00 -2.0000000000e-01 2.8187120181e+00 7.1971011592e-05 3.0000000000e+02 -7.2599785748e-12 3.1120881865e-14 7.2596944012e-12 7.1970993999e-12 7.2594148505e-12 -8.4603685578e-18 -3.1100880855e-14 -7.1971011698e-12 -3.1209498128e-14
d  4.0284490556e-03 2.8199141979e+00 -2.0000000000e-01 2.8199139787e+00 7.2446594147e-05 3.0000000000e+02 -7.3075583128e-12 3.1136211559e-14 7.3072736010e-12 7.2446578802e-12 7.3069943336e-12 -8.5353896824e-18 -3.1116210263e-14 -7.2446594258e-12 -3.1210369030e-14
d  4.0305095621e-03 2.8213565524e+00 -2.0000000000e-01 2.8213563314e+00 7.3023736947e-05 3.0000000000e+02 -7.3652989090e-12 3.1161797469e-14 7.3650119041e-12 7.3023707576e-12 7.3647346380e-12 -8.6296213845e-18 -3.1141795143e-14 -7.3023737091e-12 -3.1211777813e-14
d  4.0329821698e-03 2.8230873777e+00 -2.0000000000e-01 2.8230871546e+00 7.3725797170e-05 3.0000000000e+02 -7.4355374017e-12 3.1192768079e-14 7.4352597708e-12 7.3725830956e-12 7.4349727857e-12 -8.7461126338e-18 -3.1172770315e-14 -7.3725797171e-12 -3.1213487302e-14
d  4.0344657344e-03 2.8241258729e+00 -2.0000000000e-01 2.8241256486e+00 7.4152114438e-05 3.0000000000e+02 -7.4781892105e-12 3.1207167375e-14 7.4779092844e-12 7.4152126958e-12 7.4776243927e-12 -8.8156322296e-18 -3.1187168596e-14 -7.4152114478e-12 -3.1214304169e-14
d  4.0362460120e-03 2.8253720671e+00 -2.0000000000e-01 2.8253718412e+00 7.4668806156e-05 3.0000000000e+02 -7.5298824522e-12 3.1231319218e-14 7.5295977453e-12 7.4668794067e-12 7.5293173986e-12 -8.9017792036e-18 -3.1211318112e-14 -7.4668806263e-12 -3.1215629141e-14
d  4.0383823451e-03 2.8268675002e+00 -2.0000000000e-01 2.8268672724e+00 7.5296349585e-05 3.0000000000e+02 -7.5926664180e-12 3.1261391522e-14 7.5923763572e-12 7.5296300289e-12 7.5921010635e-12 -9.0067142701e-18 -3.1241387757e-14 -7.5296349777e-12 -3.1217275095e-14
d  4.0409459448e-03 2.8286620199e+00 -2.0000000000e-01 2.8286617898e+00 7.6060482163e-05 3.0000000000e+02 -7.6691163050e-12 3.1296678899e-14 7.6688259594e-12 7.6060427667e-12 7.6685505987e-12 -9.1362746316e-18 -3.1276675421e-14 -7.6060482356e-12 -3.1219216477e-14
d  4.0424841046e-03 2.8297387317e+00 -2.0000000000e-01 2.8297385003e+00 7.6524893278e-05 3.0000000000e+02 -7.7155800602e-12 3.1318229435e-14 7.7152949363e-12 7.6524881006e-12 7.7150141241e-12 -9.2164612559e-18 -3.1298228280e-14 -7.6524893388e-12 -3.1220403925e-14
d  4.0443298964e-03 2.8310307859e+00 -2.0000000000e-01 2.8310305527e+00 7.7088163168e-05 3.0000000000e+02 -7.7719342599e-12 3.1340813115e-14 7.7716476513e-12 7.7088141763e-12 7.7713680724e-12 -9.3112863302e-18 -3.1320811228e-14 -7.7088163301e-12 -3.1221663031e-14
d  4.0465448465e-03 2.8325812509e+00 -2.0000000000e-01 2.8325810157e+00 7.7772849724e-05 3.0000000000e+02 -7.8404359285e-12 3.1372911761e-14 7.8401416322e-12 7.7772769765e-12 7.8398694296e-12 -9.4282993448e-18 -3.1352905872e-14 -7.7772849990e-12 -3.1223426159e-14
d  4.0492027866e-03 2.8344418089e+00 -2.0000000000e-01 2.8344415712e+00 7.8607450000e-05 3.0000000000e+02 -7.9239372903e-12 3.1413425372e-14 7.9236609570e-12 7.8607507508e-12 7.9233704079e-12 -9.5760990724e-18 -3.1393428910e-14 -7.8607449956e-12 -3.1225654107e-14
d  4.0507975507e-03 2.8355581437e+00 -2.0000000000e-01 2.8355579045e+00 7.9115105151e-05 3.0000000000e+02 -7.9747273509e-12 3.1430435005e-14 7.9744398640e-12 7.9115080765e-12 7.9741602602e-12 -9.6603600746e-18 -3.1410432793e-14 -7.9115105297e-12 -3.1226619416e-14
d  4.0527112677e-03 2.8368977455e+00 -2.0000000000e-01 2.8368975044e+00 7.9731298687e-05 3.0000000000e+02 -8.0363771600e-12 3.1464522122e-14 8.0360878544e-12 7.9731261648e-12 8.0358098077e-12 -9.7709829099e-18 -3.1444518973e-14 -7.9731298863e-12 -3.1228472089e-14
d  4.0550077280e-03 2.8385052676e+00 -2.0000000000e-01 2.8385050243e+00 8.0481084602e-05 3.0000000000e+02 -8.1113936097e-12 3.1498988366e-14 8.1110756186e-12 8.0480814859e-12 8.1108259466e-12 -9.9002667699e-18 -3.1478969214e-14 -8.0481085317e-12 -3.1230367920e-14
d  4.0577634803e-03 2.8404342942e+00 -2.0000000000e-01 2.8404340481e+00 8.1396184827e-05 3.0000000000e+02 -8.2029510815e-12 3.1549333037e-14 8.2026626232e-12 8.1396149267e-12 8.2023829873e-12 -1.0071883512e-17 -3.1529330929e-14 -8.1396184984e-12 -3.1233119227e-14
d  4.0594169317e-03 2.8415917101e+00 -2.0000000000e-01 2.8415914624e+00 8.1953471126e-05 3.0000000000e+02 -8.2587085364e-12 3.1568755098e-14 8.2584177571e-12 8.1953426821e-12 8.2581402610e-12 -1.0168216720e-17 -3.1548751224e-14 -8.1953471327e-12 -3.1234221776e-14
d  4.0614010734e-03 2.8429806093e+00 -2.0000000000e-01 2.8429803595e+00 8.2630635766e-05 3.0000000000e+02 -8.3264612111e-12 3.1605063503e-14 8.3261679773e-12 8.2630572994e-12 8.3258926315e-12 -1.0293340336e-17 -3.1585058359e-14 -8.2630636012e-12 -3.1236205167e-14
d  4.0637820435e-03 2.8446472882e+00 -2.0000000000e-01 2.8446470359e+00 8.3455736006e-05 3.0000000000e+02 -8.4090168097e-12 3.1647741001e-14 8.4087563875e-12 8.3455923828e-12 8.4084478659e-12 -1.0450748580e-17 -3.1627753852e-14 -8.3455735647e-12 -3.1238554819e-14
d  4.0652106255e-03 2.8456472956e+00 -2.0000000000e-01 2.8456470418e+00 8.3957461206e-05 3.0000000000e+02 -8.4592165765e-12 3.1661659302e-14 8.4589289943e-12 8.3957442502e-12 8.4586474666e-12 -1.0535812543e-17 -3.1641657413e-14 -8.3957461346e-12 -3.1239366313e-14
d  4.0669249239e-03 2.8468473044e+00 -2.0000000000e-01 2.8468470488e+00 8.4566263770e-05 3.0000000000e+02 -8.5201300225e-12 3.1706557008e-14 8.5198405220e-12 8.4566232090e-12 8.5195606809e-12 -1.0656536375e-17 -3.1686554010e-14 -8.4566263946e-12 -3.1241768971e-14
d  4.0689820820e-03 2.8482873150e+00 -2.0000000000e-01 2.8482870572e+00 8.5306745713e-05 3.0000000000e+02 -8.5942191406e-12 3.1742006898e-14 8.5939213967e-12 8.5306649689e-12 8.5936495166e-12 -1.0794133938e-17 -3.1721999313e-14 -8.5306746047e-12 -3.1243726569e-14
d  4.0714506718e-03 2.8500153277e+00 -2.0000000000e-01 2.8500150672e+00 8.6209987452e-05 3.0000000000e+02 -8.6845938156e-12 3.1791196814e-14 8.6843015001e-12 8.6209930783e-12 8.6840238323e-12 -1.0968334536e-17 -3.1771193077e-14 -8.6209987672e-12 -3.1246420272e-14
d  4.0729318256e-03 2.8510521354e+00 -2.0000000000e-01 2.8510518732e+00 8.6759799314e-05 3.0000000000e+02 -8.7396061254e-12 3.1819198695e-14 8.7393176103e-12 8.6759776465e-12 8.7390359395e-12 -1.1074532668e-17 -3.1799196471e-14 -8.6759799468e-12 -3.1247963677e-14
d  4.0747092102e-03 2.8522963045e+00 -2.0000000000e-01 2.8522960404e+00 8.7427547165e-05 3.0000000000e+02 -8.8064187832e-12 3.1853103978e-14 8.8061254141e-12 8.7427490470e-12 8.8058483432e-12 -1.1202664439e-17 -3.1833098807e-14 -8.7427547415e-12 -3.1249830769e-14
d  4.0768420717e-03 2.8537893075e+00 -2.0000000000e-01 2.8537890409e+00 8.8240605160e-05 3.0000000000e+02 -8.8877711072e-12 3.1898757820e-14 8.8874680800e-12 8.8240467994e-12 8.8872003752e-12 -1.1361511132e-17 -3.1878747379e-14 -8.8240605604e-12 -3.1252324680e-14
d  4.0794015056e-03 2.8555809111e+00 -2.0000000000e-01 2.8555806415e+00 8.9233714760e-05 3.0000000000e+02 -8.9871398355e-12 3.1954317409e-14 8.9868521957e-12 8.9233697455e-12 8.9865687377e-12 -1.1560999419e-17 -3.1934316309e-14 -8.9233714890e-12 -3.1255371412e-14
d  4.0809371659e-03 2.8566558733e+00 -2.0000000000e-01 2.8566556019e+00 8.9839023054e-05 3.0000000000e+02 -9.0477072584e-12 3.1984710568e-14 9.0474341796e-12 8.9839113960e-12 9.0471359165e-12 -1.1683747332e-17 -3.1964719096e-14 -8.9839022875e-12 -3.1257058897e-14
d  4.0827799583e-03 2.8579458279e+00 -2.0000000000e-01 2.8579455542e+00 9.0575155157e-05 3.0000000000e+02 -9.1213666936e-12 3.2023590855e-14 9.1210679454e-12 9.0575059571e-12 9.1207951151e-12 -1.1830003341e-17 -3.2003582453e-14 -9.0575155521e-12 -3.1259197767e-14
d  4.0849913091e-03 2.8594937734e+00 -2.0000000000e-01 2.8594934971e+00 9.1472911399e-05 3.0000000000e+02 -9.2111988474e-12 3.2086445814e-14 9.2108912793e-12 9.1472738037e-12 9.2106269829e-12 -1.2019847714e-17 -3.2066433100e-14 -9.1472911941e-12 -3.1262589778e-14
d  4.0876449301e-03 2.8613513080e+00 -2.0000000000e-01 2.8613510284e+00 9.2571482215e-05 3.0000000000e+02 -9.3211246149e-12 3.2149950830e-14 9.3208236981e-12 9.2571357495e-12 9.3205523754e-12 -1.2249174367e-17 -3.2129943199e-14 -9.2571482605e-12 -3.1266073088e-14
d  4.0892371027e-03 2.8624658288e+00 -2.0000000000e-01 2.8624655471e+00 9.3242032719e-05 3.0000000000e+02 -9.3882216454e-12 3.2188468697e-14 9.3879502838e-12 9.3242145184e-12 9.3876491394e-12 -1.2393734652e-17 -3.2168478863e-14 -9.3242032479e-12 -3.1268196036e-14
d  4.0911477098e-03 2.8638032537e+00 -2.0000000000e-01 2.8638029696e+00 9.4058316385e-05 3.0000000000e+02 -9.4699011409e-12 3.2227524574e-14 9.4695910816e-12 9.4058129963e-12 9.4693284221e-12 -1.2555404082e-17 -3.2207508787e-14 -9.4058317014e-12 -3.1270362986e-14
d  4.0934404384e-03 2.8654081636e+00 -2.0000000000e-01 2.8654078765e+00 9.5055155643e-05 3.0000000000e+02 -9.5696493671e-12 3.2300883448e-14 9.5693490317e-12 9.5055042376e-12 9.5690763055e-12 -1.2779555420e-17 -3.2280875448e-14 -9.5055156034e-12 -3.1274327581e-14
d  4.0948160755e-03 2.8663711095e+00 -2.0000000000e-01 2.8663708206e+00 9.5662548837e-05 3.0000000000e+02 -9.6304282637e-12 3.2334290929e-14 9.6301364216e-12 9.5662511846e-12 9.6298550118e-12 -1.2910473158e-17 -3.2314287067e-14 -9.5662549054e-12 -3.1276174967e-14
d  4.0964668400e-03 2.8675266447e+00 -2.0000000000e-01 2.8675263535e+00 9.6400868848e-05 3.0000000000e+02 -9.7043086999e-12 3.2377252095e-14 9.7040344649e-12 9.6400962664e-12 9.7037351744e-12 -1.3072661829e-17 -3.2357261272e-14 -9.6400868647e-12 -3.1278542787e-14
d  4.0984477575e-03 2.8689132868e+00 -2.0000000000e-01 2.8689129930e+00 9.7300800322e-05 3.0000000000e+02 -9.7943609603e-12 3.2428253058e-14 9.7940719831e-12 9.7300783604e-12 9.7937871983e-12 -1.3266187490e-17 -3.2408251694e-14 -9.7300800467e-12 -3.1281351293e-14
d  4.1008248585e-03 2.8705772574e+00 -2.0000000000e-01 2.8705769603e+00 9.8401503583e-05 3.0000000000e+02 -9.9045053165e-12 3.2503366237e-14 9.9042441359e-12 9.8401723649e-12 9.9039312015e-12 -1.3519531720e-17 -3.2483381208e-14 -9.8401503102e-12 -3.1285446448e-14
d  4.1022511190e-03 2.8715756397e+00 -2.0000000000e-01 2.8715753406e+00 9.9073153158e-05 3.0000000000e+02 -9.9717162560e-12 3.2538732195e-14 9.9714213331e-12 9.9073095453e-12 9.9711419556e-12 -1.3662639700e-17 -3.2518726390e-14 -9.9073153446e-12 -3.1287404530e-14
d  4.1039626317e-03 2.8727736986e+00 -2.0000000000e-01 2.8727733970e+00 9.9890551409e-05 3.0000000000e+02 -1.0053512303e-11 3.2602875924e-14 1.0053246872e-11 9.9890721299e-12 1.0052937742e-11 -1.3862870847e-17 -3.2582891933e-14 -9.9890550971e-12 -3.1290879908e-14
d  4.1060164470e-03 2.8742113692e+00 -2.0000000000e-01 2.8742110646e+00 1.0088836503e-04 3.0000000000e+02 -1.0153362729e-11 3.2656904342e-14 1.0153071998e-11 1.0088833794e-11 1.0152787892e-11 -1.4082067787e-17 -3.2636902213e-14 -1.0088836521e-11 -3.1293874809e-14
d  4.1084810252e-03 2.8759365739e+00 -2.0000000000e-01 2.8759362656e+00 1.0211095857e-04 3.0000000000e+02 -1.0275707707e-11 3.2745765806e-14 1.0275407562e-11 1.0211085103e-11 1.0275132549e-11 -1.4373099296e-17 -3.2725758763e-14 -1.0211095896e-11 -3.1298702828e-14
d  4.1099597722e-03 2.8769716967e+00 -2.0000000000e-01 2.8769713862e+00 1.0285820735e-04 3.0000000000e+02 -1.0350486608e-11 3.2797410842e-14 1.0350190660e-11 1.0285814364e-11 1.0349911233e-11 -1.4554174442e-17 -3.2777404668e-14 -1.0285820767e-11 -3.1301527848e-14
d  4.1117342685e-03 2.8782138441e+00 -2.0000000000e-01 2.8782135308e+00 1.0376894134e-04 3.0000000000e+02 -1.0441626391e-11 3.2858431774e-14 1.0441314613e-11 1.0376875123e-11 1.0441050792e-11 -1.4770446606e-17 -3.2838414522e-14 -1.0376894204e-11 -3.1304866359e-14
d  4.1138636642e-03 2.8797044209e+00 -2.0000000000e-01 2.8797041044e+00 1.0488264142e-04 3.0000000000e+02 -1.0553078065e-11 3.2939008247e-14 1.0552785919e-11 1.0488260636e-11 1.0552502166e-11 -1.5047649316e-17 -3.2919005595e-14 -1.0488264163e-11 -3.1309267642e-14
d  4.1151413015e-03 2.8805987671e+00 -2.0000000000e-01 2.8805984484e+00 1.0556205625e-04 3.0000000000e+02 -1.0621069684e-11 3.2981300212e-14 1.0620775563e-11 1.0556201146e-11 1.0620493571e-11 -1.5211821745e-17 -3.2961295196e-14 -1.0556205652e-11 -3.1311603702e-14
d  4.1166744664e-03 2.8816719824e+00 -2.0000000000e-01 2.8816716613e+00 1.0638876935e-04 3.0000000000e+02 -1.0703802468e-11 3.3040644689e-14 1.0703504986e-11 1.0638869830e-11 1.0703226155e-11 -1.5417933156e-17 -3.3020637238e-14 -1.0638876971e-11 -3.1314846035e-14
d  4.1185142642e-03 2.8829598408e+00 -2.0000000000e-01 2.8829595167e+00 1.0739779934e-04 3.0000000000e+02 -1.0804781982e-11 3.3113095379e-14 1.0804490280e-11 1.0739777167e-11 1.0804205414e-11 -1.5674139168e-17 -3.3093092961e-14 -1.0739779953e-11 -3.1318813056e-14
d  4.1207220216e-03 2.8845052709e+00 -2.0000000000e-01 2.8845049431e+00 1.0863386672e-04 3.0000000000e+02 -1.0928482972e-11 3.3199956906e-14 1.0928189361e-11 1.0863382252e-11 1.0927906105e-11 -1.5987612518e-17 -3.3179953688e-14 -1.0863386695e-11 -3.1323577221e-14
d  4.1220466760e-03 2.8854325290e+00 -2.0000000000e-01 2.8854321988e+00 1.0938916866e-04 3.0000000000e+02 -1.1004072003e-11 3.3256405208e-14 1.1003774233e-11 1.0938909790e-11 1.1003494931e-11 -1.6185074826e-17 -3.3236397576e-14 -1.0938916903e-11 -3.1326664052e-14
d  4.1236362614e-03 2.8865452386e+00 -2.0000000000e-01 2.8865449057e+00 1.1030955935e-04 3.0000000000e+02 -1.1096183922e-11 3.3326208490e-14 1.1095884315e-11 1.1030947297e-11 1.1095606642e-11 -1.6427996409e-17 -3.3306199767e-14 -1.1030955976e-11 -3.1330480006e-14
d  4.1255437637e-03 2.8878804902e+00 -2.0000000000e-01 2.8878801540e+00 1.1143495505e-04 3.0000000000e+02 -1.1208814232e-11 3.3411347787e-14 1.1208520734e-11 1.1143491589e-11 1.1208236675e-11 -1.6729702927e-17 -3.3391344493e-14 -1.1143495529e-11 -3.1335144147e-14
d  4.1278327666e-03 2.8894827921e+00 -2.0000000000e-01 2.8894824517e+00 1.1281680952e-04 3.0000000000e+02 -1.1347113055e-11 3.3516469872e-14 1.1346819292e-11 1.1281676769e-11 1.1346535189e-11 -1.7103974306e-17 -3.3496466942e-14 -1.1281680975e-11 -3.1340905082e-14
d  4.1292061683e-03 2.8904441733e+00 -2.0000000000e-01 2.8904438303e+00 1.1366295130e-04 3.0000000000e+02 -1.1431797932e-11 3.3583781472e-14 1.1431498903e-11 1.1366287205e-11 1.1431219875e-11 -1.7339159500e-17 -3.3563773242e-14 -1.1366295170e-11 -3.1344586903e-14
d  4.1308542504e-03 2.8915978307e+00 -2.0000000000e-01 2.8915974846e+00 1.1469577013e-04 3.0000000000e+02 -1.1535166485e-11 3.3666818505e-14 1.1534968743e-11 1.1469666330e-11 1.1534588019e-11 -1.7648303349e-17 -3.3646905364e-14 -1.1469576710e-11 -3.1349173457e-14
d  4.1328319488e-03 2.8929822195e+00 -2.0000000000e-01 2.8929818697e+00 1.1596158643e-04 3.0000000000e+02 -1.1661859033e-11 3.3766245372e-14 1.1661604053e-11 1.1596188038e-11 1.1661280391e-11 -1.7975749483e-17 -3.3746269171e-14 -1.1596158559e-11 -3.1354564518e-14
d  4.1352051870e-03 2.8946434862e+00 -2.0000000000e-01 2.8946431316e+00 1.1752063520e-04 3.0000000000e+02 -1.1817905053e-11 3.3897068933e-14 1.1817589899e-11 1.1752040901e-11 1.1817326186e-11 -1.8448609473e-17 -3.3877053690e-14 -1.1752063600e-11 -3.1361755365e-14
d  4.1366291299e-03 2.8956402461e+00 -2.0000000000e-01 2.8956398887e+00 1.1847788621e-04 3.0000000000e+02 -1.1913718181e-11 3.3991198404e-14 1.1913414300e-11 1.1847776978e-11 1.1913139090e-11 -1.8745403593e-17 -3.3971186768e-14 -1.1847788675e-11 -3.1366858539e-14
d  4.1383378614e-03 2.8968363581e+00 -2.0000000000e-01 2.8968359972e+00 1.1964918940e-04 3.0000000000e+02 -1.2030957949e-11 3.4090047666e-14 1.2030695136e-11 1.1964941529e-11 1.2030378564e-11 -1.9104559959e-17 -3.4070068798e-14 -1.1964918872e-11 -3.1372295718e-14
d  4.1403883391e-03 2.8982716925e+00 -2.0000000000e-01 2.8982713272e+00 1.2108868670e-04 3.0000000000e+02 -1.2175043851e-11 3.4211042344e-14 1.2174780532e-11 1.2108891937e-11 1.2174464163e-11 -1.9542339299e-17 -3.4191060460e-14 -1.2108868606e-11 -3.1378942473e-14
d  4.1428489125e-03 2.8999940937e+00 -2.0000000000e-01 2.8999937231e+00 1.2286746601e-04 3.0000000000e+02 -1.2353093348e-11 3.4376062249e-14 1.2352810819e-11 1.2286753370e-11 1.2352513335e-11 -2.0105224134e-17 -3.4356066633e-14 -1.2286746593e-11 -3.1387955892e-14
d  4.1443252565e-03 2.9010275345e+00 -2.0000000000e-01 2.9010271606e+00 1.2396289572e-04 3.0000000000e+02 -1.2462744459e-11 3.4479981055e-14 1.2462442500e-11 1.2396279700e-11 1.2462164282e-11 -2.0462683974e-17 -3.4459971565e-14 -1.2396289621e-11 -3.1393637309e-14
d  4.1460968693e-03 2.9022676634e+00 -2.0000000000e-01 2.9022672855e+00 1.2530678322e-04 3.0000000000e+02 -1.2597268647e-11 3.4611230682e-14 1.2596971229e-11 1.2530672231e-11 1.2596688216e-11 -2.0912455698e-17 -3.4591225202e-14 -1.2530678357e-11 -3.1400814274e-14
d  4.1482228046e-03 2.9037558180e+00 -2.0000000000e-01 2.9037554352e+00 1.2696393481e-04 3.0000000000e+02 -1.2763154425e-11 3.4769886077e-14 1.2762851946e-11 1.2696382818e-11 1.2762573736e-11 -2.1469342488e-17 -3.4749878099e-14 -1.2696393529e-11 -3.1409509842e-14
d  4.1507739270e-03 2.9055416037e+00 -2.0000000000e-01 2.9055412146e+00 1.2902039387e-04 3.0000000000e+02 -1.2969016743e-11 3.4974764049e-14 1.2968710209e-11 1.2902024974e-11 1.2968435675e-11 -2.2182087337e-17 -3.4954755085e-14 -1.2902039446e-11 -3.1420731321e-14
d  4.1523046005e-03 2.9066130750e+00 -2.0000000000e-01 2.9066126821e+00 1.3029180337e-04 3.0000000000e+02 -1.3096295844e-11 3.5106047819e-14 1.3096021127e-11 1.3029194325e-11 1.3095714522e-11 -2.2646402338e-17 -3.5086060747e-14 -1.3029180297e-11 -3.1427939384e-14
d  4.1541414087e-03 2.9078988407e+00 -2.0000000000e-01 2.9078984431e+00 1.3185684785e-04 3.0000000000e+02 -1.3252972816e-11 3.5263145338e-14 1.3252687096e-11 1.3185689288e-11 1.3252391233e-11 -2.3207076666e-17 -3.5243149230e-14 -1.3185684782e-11 -3.1436566799e-14
d  4.1563455784e-03 2.9094417594e+00 -2.0000000000e-01 2.9094413560e+00 1.3379490747e-04 3.0000000000e+02 -1.3446997300e-11 3.5472680699e-14 1.3446689688e-11 1.3379475866e-11 1.3446415460e-11 -2.3931420531e-17 -3.5452670010e-14 -1.3379490812e-11 -3.1448041048e-14
d  4.1589905822e-03 2.9112932619e+00 -2.0000000000e-01 2.9112928513e+00 1.3621361271e-04 3.0000000000e+02 -1.3689151497e-11 3.5742578587e-14 1.3688881880e-11 1.3621381126e-11 1.3688569217e-11 -2.4875524982e-17 -3.5722590428e-14 -1.3621361218e-11 -3.1462848315e-14
d  4.1605775844e-03 2.9124041635e+00 -2.0000000000e-01 2.9124037483e+00 1.3771679963e-04 3.0000000000e+02 -1.3839653056e-11 3.5909864702e-14 1.3839364662e-11 1.3771682873e-11 1.3839070569e-11 -2.5475498720e-17 -3.5889867285e-14 -1.3771679965e-11 -3.1472048125e-14
d  4.1624819871e-03 2.9137372453e+00 -2.0000000000e-01 2.9137368245e+00 1.3957672879e-04 3.0000000000e+02 -1.4025884675e-11 3.6139228863e-14 1.4025605566e-11 1.3957684044e-11 1.4025301926e-11 -2.6264603082e-17 -3.6119238127e-14 -1.3957672850e-11 -3.1484618028e-14
d  4.1636246287e-03 2.9145370944e+00 -2.0000000000e-01 2.9145366701e+00 1.4072374657e-04 3.0000000000e+02 -1.4140738697e-11 3.6280107021e-14 1.4140429982e-11 1.4072360560e-11 1.4140155837e-11 -2.6754654394e-17 -3.6260089616e-14 -1.4072374735e-11 -3.1492343743e-14
d  4.1649957986e-03 2.9154969133e+00 -2.0000000000e-01 2.9154964848e+00 1.4213274337e-04 3.0000000000e+02 -1.4281828609e-11 3.6466152461e-14 1.4281516014e-11 1.4213256801e-11 1.4281245559e-11 -2.7384707369e-17 -3.6446132208e-14 -1.4213274429e-11 -3.1502525719e-14
d  4.1666412026e-03 2.9166486960e+00 -2.0000000000e-01 2.9166482623e+00 1.4387309024e-04 3.0000000000e+02 -1.4456103320e-11 3.6691085991e-14 1.4455813110e-11 1.4387310716e-11 1.4455520007e-11 -2.8172418695e-17 -3.6671087615e-14 -1.4387309031e-11 -3.1514882138e-14
d  4.1686156873e-03 2.9180308352e+00 -2.0000000000e-01 2.9180303950e+00 1.4603757282e-04 3.0000000000e+02 -1.4672857642e-11 3.6976287480e-14 1.4672516446e-11 1.4603713149e-11 1.4672274179e-11 -2.9164825981e-17 -3.6956252327e-14 -1.4603757470e-11 -3.1530532901e-14
d  4.1698003781e-03 2.9188601187e+00 -2.0000000000e-01 2.9188596745e+00 1.4737832599e-04 3.0000000000e+02 -1.4807127407e-11 3.7169210736e-14 1.4806809290e-11 1.4737810666e-11 1.4806543715e-11 -2.9828351852e-17 -3.7149184706e-14 -1.4737832716e-11 -3.1541115920e-14
d  4.1712220071e-03 2.9198552590e+00 -2.0000000000e-01 2.9198548098e+00 1.4903161847e-04 3.0000000000e+02 -1.4972701451e-11 3.7394148947e-14 1.4972384369e-11 1.4903140491e-11 1.4972117560e-11 -3.0630525044e-17 -3.7374125247e-14 -1.4903161959e-11 -3.1553499517e-14
d  4.1729279619e-03 2.9210494272e+00 -2.0000000000e-01 2.9210489719e+00 1.5108381049e-04 3.0000000000e+02 -1.5178233927e-11 3.7690259414e-14 1.5177902032e-11 1.5108346448e-11 1.5177649819e-11 -3.1668269366e-17 -3.7670227541e-14 -1.5108381212e-11 -3.1569775572e-14
d  4.1739515347e-03 2.9217659282e+00 -2.0000000000e-01 2.9217654691e+00 1.5235291615e-04 3.0000000000e+02 -1.5305344516e-11 3.7884044260e-14 1.5305041575e-11 1.5235282820e-11 1.5304760215e-11 -3.2348158722e-17 -3.7864032183e-14 -1.5235291675e-11 -3.1580434538e-14
d  4.1751798222e-03 2.9226257294e+00 -2.0000000000e-01 2.9226252655e+00 1.5391577570e-04 3.0000000000e+02 -1.5461882954e-11 3.8114145194e-14 1.5461565273e-11 1.5391556414e-11 1.5461298513e-11 -3.3173985601e-17 -3.8094118027e-14 -1.5391577690e-11 -3.1593117796e-14
d  4.1766537671e-03 2.9236574908e+00 -2.0000000000e-01 2.9236570211e+00 1.5585247254e-04 3.0000000000e+02 -1.5655875007e-11 3.8423102651e-14 1.5655557606e-11 1.5585225610e-11 1.5655290351e-11 -3.4252960807e-17 -3.8403079579e-14 -1.5585247370e-11 -3.1610105830e-14
d  4.1784225010e-03 2.9248956045e+00 -2.0000000000e-01 2.9248951275e+00 1.5827162370e-04 3.0000000000e+02 -1.5898206999e-11 3.8815052673e-14 1.5897892454e-11 1.5827143024e-11 1.5897622071e-11 -3.5641692945e-17 -3.8795035574e-14 -1.5827162470e-11 -3.1631695077e-14
d  4.1794837414e-03 2.9256384727e+00 -2.0000000000e-01 2.9256379912e+00 1.5977628773e-04 3.0000000000e+02 -1.6048942042e-11 3.9069864323e-14 1.6048623112e-11 1.5977606739e-11 1.6048356982e-11 -3.6547168086e-17 -3.9049835250e-14 -1.5977628903e-11 -3.1645736815e-14
d  4.1807572298e-03 2.9265299145e+00 -2.0000000000e-01 2.9265294275e+00 1.6163876836e-04 3.0000000000e+02 -1.6235532843e-11 3.9393619956e-14 1.6235211057e-11 1.6163852058e-11 1.6234947629e-11 -3.7697617431e-17 -3.9373589394e-14 -1.6163876978e-11 -3.1663583084e-14
d  4.1822854159e-03 2.9275996448e+00 -2.0000000000e-01 2.9275991507e+00 1.6396224850e-04 3.0000000000e+02 -1.6468324520e-11 3.9812081250e-14 1.6468007180e-11 1.6396203313e-11 1.6467739090e-11 -3.9186984032e-17 -3.9792059223e-14 -1.6396224970e-11 -3.1686660253e-14
d  4.1841192392e-03 2.9288833210e+00 -2.0000000000e-01 2.9288828182e+00 1.6689028051e-04 3.0000000000e+02 -1.6761711959e-11 4.0362305413e-14 1.6761335446e-11 1.6688952461e-11 1.6761126429e-11 -4.1141626162e-17 -4.0342241400e-14 -1.6689028413e-11 -3.1716999660e-14
d  4.1852195332e-03 2.9296535268e+00 -2.0000000000e-01 2.9296530184e+00 1.6872659445e-04 3.0000000000e+02 -1.6945727888e-11 4.0735709662e-14 1.6945404827e-11 1.6872633720e-11 1.6945142052e-11 -4.2479219519e-17 -4.0715677081e-14 -1.6872659599e-11 -3.1737623640e-14
d  4.1865398860e-03 2.9305777737e+00 -2.0000000000e-01 2.9305772584e+00 1.7101681713e-04 3.0000000000e+02 -1.7175247024e-11 4.1193237172e-14 1.7174918613e-11 1.7101651044e-11 1.7174661030e-11 -4.4142450114e-17 -4.1173200887e-14 -1.7101681890e-11 -3.1762931693e-14
d  4.1881243094e-03 2.9316868700e+00 -2.0000000000e-01 2.9316863461e+00 1.7390236547e-04 3.0000000000e+02 -1.7464455663e-11 4.1813349525e-14 1.7464149460e-11 1.7390224884e-11 1.7463869385e-11 -4.6374209938e-17 -4.1793338100e-14 -1.7390236622e-11 -3.1797209625e-14
d  4.1890749634e-03 2.9323523278e+00 -2.0000000000e-01 2.9323517984e+00 1.7571167904e-04 3.0000000000e+02 -1.7645815879e-11 4.2215605071e-14 1.7645509098e-11 1.7571156571e-11 1.7645229471e-11 -4.7848307026e-17 -4.2195588459e-14 -1.7571167988e-11 -3.1819494070e-14
d  4.1902157482e-03 2.9331508771e+00 -2.0000000000e-01 2.9331503409e+00 1.7796773448e-04 3.0000000000e+02 -1.7871974679e-11 4.2738553324e-14 1.7871640775e-11 1.7796738866e-11 1.7871388170e-11 -4.9741298041e-17 -4.2718505965e-14 -1.7796773664e-11 -3.1848426732e-14
d  4.1915846900e-03 2.9341091363e+00 -2.0000000000e-01 2.9341085916e+00 1.8080947668e-04 3.0000000000e+02 -1.8156876705e-11 4.3429667443e-14 1.8156544845e-11 1.8080913762e-11 1.8156290035e-11 -5.2254066241e-17 -4.3409628996e-14 -1.8080947870e-11 -3.1886697700e-14
d  4.1932274201e-03 2.9352590473e+00 -2.0000000000e-01 2.9352584917e+00 1.8443722970e-04 3.0000000000e+02 -1.8520633378e-11 4.4353450632e-14 1.8520300745e-11 1.8443687535e-11 1.8520046483e-11 -5.5646033388e-17 -4.4333417427e-14 -1.8443723173e-11 -3.1937924352e-14
d  4.1942130582e-03 2.9359489940e+00 -2.0000000000e-01 2.9359484314e+00 1.8673984286e-04 3.0000000000e+02 -1.8751551269e-11 4.4974850266e-14 1.8751234506e-11 1.8673964462e-11 1.8750964192e-11 -5.7968113478e-17 -4.4954822404e-14 -1.8673984424e-11 -3.1972463832e-14
d  4.1953958239e-03 2.9367769299e+00 -2.0000000000e-01 2.9367763586e+00 1.8964374374e-04 3.0000000000e+02 -1.9042806841e-11 4.5788726351e-14 1.9042498334e-11 1.8964361437e-11 1.9042219563e-11 -6.1005532901e-17 -4.5768709379e-14 -1.8964374470e-11 -3.2017704008e-14
d  4.1968151428e-03 2.9377704530e+00 -2.0000000000e-01 2.9377698706e+00 1.9335765639e-04 3.0000000000e+02 -1.9415366220e-11 4.6890119873e-14 1.9414999564e-11 1.9335700452e-11 1.9414778945e-11 -6.5115672122e-17 -4.6870049205e-14 -1.9335766029e-11 -3.2078935122e-14
d  4.1976667341e-03 2.9383665669e+00 -2.0000000000e-01 2.9383659774e+00 1.9571902741e-04 3.0000000000e+02 -1.9652286282e-11 4.7640091171e-14 1.9651887880e-11 1.9571814441e-11 1.9651698947e-11 -6.7945750954e-17 -4.7619947515e-14 -1.9571903344e-11 -3.2120692306e-14
d  4.1986886436e-03 2.9390819036e+00 -2.0000000000e-01 2.9390813050e+00 1.9870189392e-04 3.0000000000e+02 -1.9951607925e-11 4.8620801564e-14 1.9951287792e-11 1.9870166984e-11 1.9951020195e-11 -7.1693504353e-17 -4.8600767530e-14 -1.9870189558e-11 -3.2175410874e-14
d  4.1999149351e-03 2.9399403076e+00 -2.0000000000e-01 2.9399396975e+00 2.0252525802e-04 3.0000000000e+02 -2.0335345251e-11 4.9925562129e-14 2.0335000513e-11 2.0252480931e-11 2.0334757449e-11 -7.6714740855e-17 -4.9905505816e-14 -2.0252526101e-11 -3.2248272034e-14
d  4.2013864849e-03 2.9409703924e+00 -2.0000000000e-01 2.9409697673e+00 2.0752453313e-04 3.0000000000e+02 -2.0837237480e-11 5.1785669852e-14 2.0836882397e-11 2.0752397907e-11 2.0836649530e-11 -8.3898509126e-17 -5.1765612560e-14 -2.0752453669e-11 -3.2352224194e-14
d  4.2022694147e-03 2.9415884432e+00 -2.0000000000e-01 2.9415878083e+00 2.1077071730e-04 3.0000000000e+02 -2.1163220915e-11 5.3075627939e-14 2.1162821969e-11 2.1076981235e-11 2.1162632989e-11 -8.9011934372e-17 -5.3055487055e-14 -2.1077072376e-11 -3.2424561406e-14
d  4.2033289306e-03 2.9423301043e+00 -2.0000000000e-01 2.9423294568e+00 2.1495495119e-04 3.0000000000e+02 -2.1583510166e-11 5.4842581637e-14 2.1583200812e-11 2.1495481891e-11 2.1582921757e-11 -9.6046763176e-17 -5.4822562438e-14 -2.1495495232e-11 -3.2523746762e-14
d  4.2046003496e-03 2.9432200975e+00 -2.0000000000e-01 2.9432194334e+00 2.2047163022e-04 3.0000000000e+02 -2.2137822513e-11 5.7319307600e-14 2.2137418654e-11 2.2047064416e-11 2.2137234335e-11 -1.0599682652e-16 -5.7299189740e-14 -2.2047163701e-11 -3.2662945389e-14
d  4.2061260524e-03 2.9442880894e+00 -2.0000000000e-01 2.9442874027e+00 2.2798514981e-04 3.0000000000e+02 -2.2893133163e-11 6.1066367222e-14 2.2892814089e-11 2.2798492246e-11 2.2892544442e-11 -1.2129977052e-16 -6.1046344953e-14 -2.2798515155e-11 -3.2874084126e-14
d  4.2079568957e-03 2.9455696797e+00 -2.0000000000e-01 2.9455689605e+00 2.3874744333e-04 3.0000000000e+02 -2.3975784669e-11 6.7107830912e-14 2.3975351941e-11 2.3874614618e-11 2.3975196310e-11 -1.4661128628e-16 -6.7087727684e-14 -2.3874745260e-11 -3.3215780274e-14
d  4.2101539078e-03 2.9471075881e+00 -2.0000000000e-01 2.9471068180e+00 2.5557525705e-04 3.0000000000e+02 -2.5670500298e-11 7.8363032640e-14 2.5670171559e-11 2.5557493265e-11 2.5669911106e-11 -1.9556855749e-16 -7.8343012065e-14 -2.5557525983e-11 -3.3855999517e-14
d  4.2127903222e-03 2.9489530781e+00 -2.0000000000e-01 2.9489522117e+00 2.8738211988e-04 3.0000000000e+02 -2.8880420001e-11 1.0587813720e-13 2.8879992057e-11 2.8738083480e-11 2.8879831430e-11 -3.2299456197e-16 -1.0585807638e-13 -2.8738213327e-11 -3.5436434153e-14
d  4.2143721709e-03 2.9500603721e+00 -2.0000000000e-01 2.9500594081e+00 3.1953912140e-04 3.0000000000e+02 -3.2135183823e-11 1.4259707708e-13 3.2134704127e-11 3.1953735807e-11 3.2134595582e-11 -5.1814778753e-16 -1.4257694887e-13 -3.1953914151e-11 -3.7593795953e-14
d  4.2153212801e-03 2.9507247485e+00 -2.0000000000e-01 2.9507236952e+00 3.4885185111e-04 3.0000000000e+02 -3.5110203021e-11 1.8363253476e-13 3.5109765288e-11 3.4885052341e-11 3.5109614156e-11 -7.6636430868e-16 -1.8361236170e-13 -3.4885186716e-11 -4.0062977213e-14
d  4.2164602111e-03 2.9515220002e+00 -2.0000000000e-01 2.9515207573e+00 4.1089030975e-04 3.0000000000e+02 -4.1429364740e-11 2.9163321415e-13 4.1429015862e-11 4.1088980170e-11 4.1428775143e-11 -1.4721378148e-15 -2.9161315840e-13 -4.1089031822e-11 -4.6665593931e-14
d  4.2171435697e-03 2.9520003512e+00 -2.0000000000e-01 2.9519988850e+00 4.8363084394e-04 3.0000000000e+02 -4.8873890341e-11 4.5065381617e-13 4.8873510661e-11 4.8363005696e-11 4.8873301190e-11 -2.7435475490e-15 -4.5063368384e-13 -4.8363085917e-11 -5.6840770956e-14
d  4.2175535849e-03 2.9522873618e+00 -2.0000000000e-01 2.9522856608e+00 5.5976183372e-04 3.0000000000e+02 -5.6700184803e-11 6.4855005255e-13 5.6699848150e-11 5.5976146040e-11 5.6699594968e-11 -4.6832171139e-15 -6.4852994000e-13 -5.5976184227e-11 -7.0207365234e-14
d  4.2177995940e-03 2.9524595682e+00 -2.0000000000e-01 2.9524576474e+00 6.3076112291e-04 3.0000000000e+02 -6.4026671362e-11 8.5780631941e-13 6.4026095981e-11 6.3075873856e-11 6.4026084772e-11 -7.1063835275e-15 -8.5778505445e-13 -6.3076118459e-11 -8.5080039898e-14
d  4.2180948049e-03 2.9526662158e+00 -2.0000000000e-01 2.9526638282e+00 7.8086840696e-04 3.0000000000e+02 -7.9587099701e-11 1.3637232856e-12 7.9586735069e-11 7.8086778993e-11 7.9586510634e-11 -1.3633844152e-14 -1.3637029991e-12 -7.8086842743e-11 -1.2238207429e-13
d  4.2182719315e-03 2.9527902044e+00 -2.0000000000e-01 2.9527872821e+00 9.5176530341e-04 3.0000000000e+02 -9.7409153850e-11 2.0310684931e-12 9.7408797813e-11 9.5176477752e-11 9.7408564757e-11 -2.4628769475e-14 -2.0310481211e-12 -9.5176532550e-11 -1.7635876928e-13
d  4.2184844834e-03 2.9529389907e+00 -2.0000000000e-01 2.9529340809e+00 1.5807563433e-03 3.0000000000e+02 -1.6366200580e-10 5.0506436724e-12 1.6366080615e-10 1.5807480172e-10 1.6366149322e-10 -8.7677212527e-14 -5.0506206836e-12 -1.5807571960e-10 -4.4748160235e-13
d  4.2185482489e-03 2.9529836266e+00 -2.0000000000e-01 2.9529771500e+00 2.0693681638e-03 3.0000000000e+02 -2.1588782492e-10 7.9690365293e-12 2.1588733146e-10 2.0693664907e-10 2.1588724529e-10 -1.8947000532e-13 -7.9690136453e-12 -2.0693683269e-10 -7.9211246142e-13
d  4.2185865083e-03 2.9530104081e+00 -2.0000000000e-01 2.9530022652e+00 2.5839078109e-03 3.0000000000e+02 -2.7143179291e-10 1.1443621096e-11 2.7143027697e-10 2.5838982350e-10 2.7143127191e-10 -3.3821496913e-13 -1.1443568138e-11 -2.5839090817e-10 -1.2585840965e-12
d  4.2186324195e-03 2.9530425460e+00 -2.0000000000e-01 2.9530297284e+00 4.0108238601e-03 3.0000000000e+02 -4.2725309799e-10 2.2408153178e-11 4.2725130351e-10 4.0108113373e-10 4.2725269829e-10 -8.8117324867e-13 -2.2408098765e-11 -4.0108264116e-10 -2.8810454146e-12
d  4.2186599662e-03 2.9530618287e+00 -2.0000000000e-01 2.9530401704e+00 6.6408685118e-03 3.0000000000e+02 -7.2194291575e-10 4.7711062847e-11 7.2194213305e-10 6.6408645111e-10 7.2194245087e-10 -2.5898097175e-12 -4.7711028811e-11 -6.6408700543e-10 -7.5548810017e-12
d  4.2186764942e-03 2.9530733983e+00 -2.0000000000e-01 2.9530337929e+00 1.1762366083e-02 3.0000000000e+02 -1.3201808913e-09 1.1292283251e-10 1.3201794605e-09 1.1762357225e-09 1.3201809313e-09 -8.4479219697e-12 -1.1292277179e-10 -1.1762373314e-09 -2.2572948165e-11
d  4.2186864110e-03 2.9530803401e+00 -2.0000000000e-01 2.9529993602e+00 2.2816196385e-02 3.0000000000e+02 -2.6993298248e-09 3.0989032703e-10 2.6993253056e-09 2.2816165857e-09 2.6993382140e-09 -3.0654827782e-11 -3.0989041097e-10 -2.2816287919e-09 -7.7164468600e-11
d  4.2186923611e-03 2.9530845051e+00 -2.0000000000e-01 2.9528926053e+00 4.9559782400e-02 3.0000000000e+02 -6.3966609472e-09 1.0138525107e-09 6.3966641928e-09 4.9559805176e-09 6.3966744233e-09 -1.2464341426e-10 -1.0138539335e-09 -4.9559904563e-09 -3.0218852016e-10
d  4.2186959312e-03 2.9530870042e+00 -2.0000000000e-01 2.9526151398e+00 1.0911148032e-01 3.0000000000e+02 -1.5728812209e-08 3.2670035438e-09 1.5728810148e-08 1.0911147083e-08 1.5728807468e-08 -4.5915524895e-10 -3.2670028813e-09 -1.0911144805e-08 -1.0915052389e-09
d  4.2187002153e-03 2.9530900030e+00 -2.0000000000e-01 2.9514603053e+00 3.6477639633e-01 3.0000000000e+02 -5.4323257220e-08 1.1835575037e-08 5.4323256179e-08 3.6477639214e-08 5.4323255155e-08 -1.7892922454e-09 -1.1835574791e-08 -3.6477638531e-08 -4.2207490584e-09
d  4.2187035718e-03 2.9530923526e+00 -2.0000000000e-01 2.9505608903e+00 6.4295094566e-01 3.0000000000e+02 -8.4382076452e-08 1.3369237315e-08 8.4382075990e-08 6.4295094480e-08 8.4382075202e-08 -1.9921152525e-09 -1.3369237236e-08 -6.4295094057e-08 -4.7256286682e-09
d  4.2187047269e-03 2.9530931612e+00 -2.0000000000e-01 2.9503517696e+00 7.3692820641e-01 3.0000000000e+02 -9.1379717822e-08 1.1836221253e-08 9.1379717358e-08 7.3692820592e-08 9.1379712049e-08 -1.7308265644e-09 -1.1836221036e-08 -7.3692815773e-08 -4.1198486638e-09
d  4.2187055230e-03 2.9530937185e+00 -2.0000000000e-01 2.9502239822e+00 7.9682900613e-01 3.0000000000e+02 -9.5657873660e-08 1.0716863124e-08 9.5657873283e-08 7.9682900596e-08 9.5657873821e-08 -1.5546632203e-09 -1.0716863088e-08 -7.9682901479e-08 -3.7034457993e-09
d  4.2187064784e-03 2.9530943872e+00 -2.0000000000e-01 2.9500880150e+00 8.6157317034e-01 3.0000000000e+02 -1.0021240699e-07 9.4496481366e-09 1.0021240664e-07 8.6157317024e-08 1.0021240688e-07 -1.3609242069e-09 -9.4496481066e-09 -8.6157317621e-08 -3.2445170592e-09
d  4.2187076248e-03 2.9530951897e+00 -2.0000000000e-01 2.9499518534e+00 9.2880319679e-01 3.0000000000e+02 -1.0477787619e-07 8.0157685050e-09 1.0477787585e-07 9.2880319668e-08 1.0477787616e-07 -1.1465140145e-09 -8.0157684767e-09 -9.2880320348e-08 -2.7352733264e-09
d  4.2187090005e-03 2.9530961527e+00 -2.0000000000e-01 2.9498221217e+00 9.9555796362e-01 3.0000000000e+02 -1.0913436565e-07 6.4664219777e-09 1.0913436528e-07 9.9555796339e-08 1.0913436615e-07 -9.1890666994e-10 -6.4664219438e-09 -9.9555797584e-08 -2.1932399674e-09
d  4.2187106513e-03 2.9530973083e+00 -2.0000000000e-01 2.9497041180e+00 1.0584841132e+00 3.0000000000e+02 -1.1310634148e-07 4.9088652889e-09 1.1310634111e-07 1.0584841129e-07 1.1310634193e-07 -6.9359377267e-10 -4.9088652554e-09 -1.0584841249e-07 -1.6554704335e-09
d  4.2187126323e-03 2.9530986950e+00 -2.0000000000e-01 2.9496025568e+00 1.1142907411e+00 3.0000000000e+02 -1.1653794076e-07 3.4606715519e-09 1.1653794039e-07 1.1142907408e-07 1.1653794117e-07 -4.8691465406e-10 -3.4606715179e-09 -1.1142907525e-07 -1.1612797654e-09
d  4.2187150096e-03 2.9531003590e+00 -2.0000000000e-01 2.9495210499e+00 1.1603094632e+00 3.0000000000e+02 -1.1931030523e-07 2.2237574213e-09 1.1931030487e-07 1.1603094630e-07 1.1931030566e-07 -3.1234860803e-10 -2.2237573863e-09 -1.1603094749e-07 -7.4325219084e-10
d  4.2187178622e-03 2.9531023559e+00 -2.0000000000e-01 2.9494610813e+00 1.1950665318e+00 3.0000000000e+02 -1.2137582110e-07 1.2679738938e-09 1.2137582079e-07 1.1950665317e-07 1.2137582076e-07 -1.7860210886e-10 -1.2679738702e-09 -1.1950665356e-07 -4.2259123688e-10
d  4.2187212854e-03 2.9531047521e+00 -2.0000000000e-01 2.9494219367e+00 1.2185947747e+00 3.0000000000e+02 -1.2276051335e-07 6.1065175229e-10 1.2276051302e-07 1.2185947746e-07 1.2276051321e-07 -8.7178138347e-11 -6.1065172619e-10 -1.2185947805e-07 -2.0320528896e-10
d  4.2187253932e-03 2.9531076276e+00 -2.0000000000e-01 2.9494005965e+00 1.2323931582e+00 3.0000000000e+02 -1.2356770488e-07 2.2143463919e-10 1.2356770457e-07 1.2323931582e-07 1.2356770452e-07 -3.3245129796e-11 -2.2143461650e-10 -1.2323931618e-07 -7.3708594856e-11
d  4.2187303226e-03 2.9531110782e+00 -2.0000000000e-01 2.9493925343e+00 1.2389723937e+00 3.0000000000e+02 -1.2395146257e-07 3.4988268976e-11 1.2395146223e-07 1.2389723934e-07 1.2395146277e-07 -7.4585130893e-12 -3.4988241504e-11 -1.2389724030e-07 -1.1775720323e-11
d  4.2187362379e-03 2.9531152189e+00 -2.0000000000e-01 2.9493929091e+00 1.2411247065e+00 3.0000000000e+02 -1.2407699205e-07 -2.6028281947e-11 1.2407699176e-07 1.2411247066e-07 1.2407699125e-07 9.7510957422e-13 2.6028300440e-11 -1.2411247056e-07 8.4759010258e-12
d  4.2187433362e-03 2.9531201877e+00 -2.0000000000e-01 2.9493977195e+00 1.2412100688e+00 3.0000000000e+02 -1.2408227451e-07 -2.8247820473e-11 1.2408227157e-07 1.2412100516e-07 1.2408233682e-07 1.2829279731e-12 2.8248168179e-11 -1.2412107050e-07 9.2025772580e-12
d  4.2187518542e-03 2.9531261503e+00 -2.0000000000e-01 2.9494044883e+00 1.2407417907e+00 3.0000000000e+02 -1.2405540007e-07 -1.4681897033e-11 1.2405540011e-07 1.2407417932e-07 1.2405538961e-07 -5.8944997028e-13 1.4681881260e-11 -1.2407416925e-07 4.6868627017e-12
d  4.2187620758e-03 2.9531333054e+00 -2.0000000000e-01 2.9494122544e+00 1.2403854370e+00 3.0000000000e+02 -1.2403503422e-07 -4.2976882252e-12 1.2403503425e-07 1.2403854393e-07 1.2403502308e-07 -2.0186297538e-12 4.2976826587e-12 -1.2403853322e-07 1.2312088596e-12
d  4.2187743418e-03 2.9531418916e+00 -2.0000000000e-01 2.9494210609e+00 1.2402528716e+00 3.0000000000e+02 -1.2402768888e-07 -2.7206271705e-13 1.2402769493e-07 1.2402529210e-07 1.2402743831e-07 -2.5650805260e-12 2.7169506514e-13 -1.2402503648e-07 -1.0840549260e-13
d  4.2187890609e-03 2.9531521949e+00 -2.0000000000e-01 2.9494313630e+00 1.2402467587e+00 3.0000000000e+02 -1.2402773046e-07 1.8089323092e-13 1.2402773110e-07 1.2402467664e-07 1.2402768622e-07 -2.6141550847e-12 -1.8091355978e-13 -1.2402463226e-07 -2.5818747273e-13
d  4.2188067238e-03 2.9531645590e+00 -2.0000000000e-01 2.9494436668e+00 1.2402731050e+00 3.0000000000e+02 -1.2402973930e-07 -2.3233757919e-13 1.2402973848e-07 1.2402731011e-07 1.2402976406e-07 -2.5408144602e-12 2.3236975724e-13 -1.2402733601e-07 -1.1968454171e-13
d  4.2188279193e-03 2.9531793958e+00 -2.0000000000e-01 2.9494584465e+00 1.2402960779e+00 3.0000000000e+02 -1.2403164490e-07 -4.8487165868e-13 1.2403164440e-07 1.2402960770e-07 1.2403165119e-07 -2.4868157099e-12 4.8489284066e-13 -1.2402961480e-07 -3.4575183159e-14
d  4.2188533539e-03 2.9531972001e+00 -2.0000000000e-01 2.9494761978e+00 1.2403146225e+00 3.0000000000e+02 -1.2403340877e-07 -5.3034539429e-13 1.2403340870e-07 1.2403146259e-07 1.2403337852e-07 -2.4580337611e-12 5.3036610844e-13 -1.2403143271e-07 -1.8190030203e-14
d  4.2188838754e-03 2.9532185651e+00 -2.0000000000e-01 2.9494975037e+00 1.2403344124e+00 3.0000000000e+02 -1.2403538334e-07 -5.1431935051e-13 1.2403538307e-07 1.2403344126e-07 1.2403538120e-07 -2.4337324558e-12 5.1433958707e-13 -1.2403343981e-07 -2.2021644930e-14
d  4.2189205013e-03 2.9532442032e+00 -2.0000000000e-01 2.9495230703e+00 1.2403583386e+00 3.0000000000e+02 -1.2403776423e-07 -4.9997064515e-13 1.2403776395e-07 1.2403583387e-07 1.2403776148e-07 -2.4045733333e-12 4.9999113059e-13 -1.2403583182e-07 -2.5065674617e-14
d  4.2189644523e-03 2.9532749689e+00 -2.0000000000e-01 2.9495537498e+00 1.2403873346e+00 3.0000000000e+02 -1.2404063815e-07 -4.9123297286e-13 1.2404063788e-07 1.2403873348e-07 1.2404063490e-07 -2.3693219093e-12 4.9125366469e-13 -1.2403873092e-07 -2.5908431975e-14
d  4.2190171935e-03 2.9533118878e+00 -2.0000000000e-01 2.9495905650e+00 1.2404221884e+00 3.0000000000e+02 -1.2404409133e-07 -4.8261459225e-13 1.2404409105e-07 1.2404221886e-07 1.2404408825e-07 -2.3280446047e-12 4.8263526406e-13 -1.2404221648e-07 -2.6364570461e-14
d  4.2190804829e-03 2.9533561904e+00 -2.0000000000e-01 2.9496347433e+00 1.2404640059e+00 3.0000000000e+02 -1.2404823614e-07 -4.7236618036e-13 1.2404823585e-07 1.2404640059e-07 1.2404823660e-07 -2.2802592043e-12 4.7238590519e-13 -1.2404640176e-07 -2.6964569056e-14
d  4.2191564302e-03 2.9534093535e+00 -2.0000000000e-01 2.9496877572e+00 1.2405141826e+00 3.0000000000e+02 -1.2405321159e-07 -4.6035256039e-13 1.2405321125e-07 1.2405141823e-07 1.2405321868e-07 -2.2252766766e-12 4.6037065794e-13 -1.2405142607e-07 -2.7705404629e-14
d  4.2192475670e-03 2.9534731493e+00 -2.0000000000e-01 2.9497513737e+00 1.2405743949e+00 3.0000000000e+02 -1.2405918470e-07 -4.4649473669e-13 1.2405918437e-07 1.2405743947e-07 1.2405919067e-07 -2.1624576332e-12 4.4651324927e-13 -1.2405744618e-07 -2.8563191506e-14
d  4.2193569312e-03 2.9535497042e+00 -2.0000000000e-01 2.9498277135e+00 1.2406466500e+00 3.0000000000e+02 -1.2406635585e-07 -4.3066068469e-13 1.2406635554e-07 1.2406466499e-07 1.2406635727e-07 -2.0912865866e-12 4.3068027560e-13 -1.2406466713e-07 -2.9541921935e-14
d  4.2194881682e-03 2.9536415701e+00 -2.0000000000e-01 2.9499193211e+00 1.2407333551e+00 3.0000000000e+02 -1.2407496558e-07 -4.1270171424e-13 1.2407496529e-07 1.2407333553e-07 1.2407495675e-07 -2.0114292213e-12 4.1272319140e-13 -1.2407332740e-07 -3.0652032588e-14
d  4.2196456526e-03 2.9537518091e+00 -2.0000000000e-01 2.9500292500e+00 1.2408374048e+00 3.0000000000e+02 -1.2408530336e-07 -3.9251010864e-13 1.2408530309e-07 1.2408374051e-07 1.2408527608e-07 -1.9228009040e-12 3.9253429082e-13 -1.2408371392e-07 -3.1903231602e-14
d  4.2198346338e-03 2.9538840960e+00 -2.0000000000e-01 2.9501611645e+00 1.2409622665e+00 3.0000000000e+02 -1.2409771620e-07 -3.7006169988e-13 1.2409771596e-07 1.2409622671e-07 1.2409764207e-07 -1.8256337802e-12 3.7009168078e-13 -1.2409615324e-07 -3.3293842193e-14
d  4.2200614114e-03 2.9540428403e+00 -2.0000000000e-01 2.9503194616e+00 1.2411121026e+00 3.0000000000e+02 -1.2411262093e-07 -3.4539219768e-13 1.2411262073e-07 1.2411121036e-07 1.2411241854e-07 -1.7205430520e-12 3.4543574410e-13 -1.2411100862e-07 -3.4823370081e-14
d  4.2203335444e-03 2.9542333334e+00 -2.0000000000e-01 2.9505094178e+00 1.2412919081e+00 3.0000000000e+02 -1.2413051793e-07 -3.1863463233e-13 1.2413051776e-07 1.2412919094e-07 1.2412985662e-07 -1.6085611999e-12 3.1872054260e-13 -1.2412853028e-07 -3.6483136369e-14
d  4.2206601040e-03 2.9544619251e+00 -2.0000000000e-01 2.9507373649e+00 1.2415076746e+00 3.0000000000e+02 -1.2415200759e-07 -2.9002337784e-13 1.2415200731e-07 1.2415076747e-07 1.2415218246e-07 -1.4911402803e-12 2.9002848362e-13 -1.2415094303e-07 -3.8264155072e-14
d  4.2210519756e-03 2.9547362352e+00 -2.0000000000e-01 2.9510109008e+00 1.2417666249e+00 3.0000000000e+02 -1.2417781350e-07 -2.5990307723e-13 1.2417781342e-07 1.2417666273e-07 1.2417874804e-07 -1.3701119495e-12 2.5985578315e-13 -1.2417759767e-07 -4.0147011023e-14
d  4.2215222214e-03 2.9550654072e+00 -2.0000000000e-01 2.9513391433e+00 1.2420773588e+00 3.0000000000e+02 -1.2420879744e-07 -2.2868419563e-13 1.2420879741e-07 1.2420773620e-07 1.2420955597e-07 -1.2475841679e-12 2.2865802773e-13 -1.2420849507e-07 -4.2089951160e-14
d  4.2220865165e-03 2.9554604137e+00 -2.0000000000e-01 2.9517330338e+00 1.2424502348e+00 3.0000000000e+02 -1.2424599705e-07 -1.9693465652e-13 1.2424599678e-07 1.2424502350e-07 1.2424603080e-07 -1.1258219666e-12 1.9695289603e-13 -1.2424505794e-07 -4.4071343690e-14
d  4.2227636705e-03 2.9559344216e+00 -2.0000000000e-01 2.9522057018e+00 1.2428976981e+00 3.0000000000e+02 -1.2429065842e-07 -1.6524974292e-13 1.2429065815e-07 1.2428976984e-07 1.2429069351e-07 -1.0070793032e-12 1.6526820433e-13 -1.2428980562e-07 -4.6056967900e-14
d  4.2235762553e-03 2.9565032309e+00 -2.0000000000e-01 2.9527729026e+00 1.2434346793e+00 3.0000000000e+02 -1.2434427599e-07 -1.3409099643e-13 1.2434427572e-07 1.2434346796e-07 1.2434431493e-07 -8.9344196694e-13 1.3410956487e-13 -1.2434350759e-07 -4.8013901142e-14
d  4.2245513572e-03 2.9571858022e+00 -2.0000000000e-01 2.9534535429e+00 1.2440790737e+00 3.0000000000e+02 -1.2440864056e-07 -1.0408099358e-13 1.2440864031e-07 1.2440790741e-07 1.2440868551e-07 -7.8667489713e-13 1.0409961142e-13 -1.2440795303e-07 -4.9902525106e-14
d  4.2257214793e-03 2.9580048876e+00 -2.0000000000e-01 2.9542703106e+00 1.2448523720e+00 3.0000000000e+02 -1.2448590205e-07 -7.5676590396e-14 1.2448590180e-07 1.2448523725e-07 1.2448595580e-07 -6.8813233021e-13 7.5695209301e-14 -1.2448529167e-07 -5.1695647034e-14
d  4.2271256260e-03 2.9589877902e+00 -2.0000000000e-01 2.9552504310e+00 1.2457803631e+00 3.0000000000e+02 -1.2457863981e-07 -4.9257905034e-14 1.2457863958e-07 1.2457803637e-07 1.2457870691e-07 -5.9870029590e-13 4.9276466133e-14 -1.2457810412e-07 -5.3368526030e-14
d  4.2288106019e-03 2.9601672733e+00 -2.0000000000e-01 2.9564265749e+00 1.2468939966e+00 3.0000000000e+02 -1.2468994897e-07 -2.5090305136e-14 1.2468994876e-07 1.2468939975e-07 1.2469003805e-07 -5.1880019351e-13 2.5108712474e-14 -1.2468948946e-07 -5.4903961198e-14
d  4.2308325730e-03 2.9615826530e+00 -2.0000000000e-01 2.9578379467e+00 1.2482304170e+00 3.0000000000e+02 -1.2482354380e-07 -3.3228356937e-15 1.2482354364e-07 1.2482304184e-07 1.2482367343e-07 -4.4843513806e-13 3.3409052058e-15 -1.2482317205e-07 -5.6291865673e-14
d  4.2332589384e-03 2.9632811087e+00 -2.0000000000e-01 2.9595315923e+00 1.2498342048e+00 3.0000000000e+02 -1.2498388197e-07 1.6004670936e-14 1.2498388191e-07 1.2498342071e-07 1.2498409980e-07 -3.8726714665e-13 -1.5987371555e-14 -1.2498363902e-07 -5.7528948116e-14
d  4.2361705768e-03 2.9653192555e+00 -2.0000000000e-01 2.9615639661e+00 1.2517588662e+00 3.0000000000e+02 -1.2517631358e-07 3.2945607283e-14 1.2517631333e-07 1.2517588667e-07 1.2517635714e-07 -3.3470828937e-13 -3.2926062127e-14 -1.2517593089e-07 -5.8617535621e-14
d  4.2396645429e-03 2.9677650317e+00 -2.0000000000e-01 2.9640028139e+00 1.2540686247e+00 3.0000000000e+02 -1.2540726037e-07 4.7624741268e-14 1.2540726041e-07 1.2540686281e-07 1.2540757972e-07 -2.9001178591e-13 -4.7607486103e-14 -1.2540718253e-07 -5.9565327483e-14
d  4.2438573023e-03 2.9706999630e+00 -2.0000000000e-01 2.9669294301e+00 1.2568405716e+00 3.0000000000e+02 -1.2568443081e-07 6.0220724572e-14 1.2568443048e-07 1.2568405713e-07 1.2568439899e-07 -2.5235171081e-13 -6.0200501734e-14 -1.2568402606e-07 -6.0382112210e-14
d  4.2488886135e-03 2.9742218807e+00 -2.0000000000e-01 2.9704413679e+00 1.2601674170e+00 3.0000000000e+02 -1.2601709531e-07 7.0938134046e-14 1.2601709498e-07 1.2601674166e-07 1.2601706039e-07 -2.2088937288e-13 -7.0917930394e-14 -1.2601670750e-07 -6.1083214895e-14
d  4.2549261869e-03 2.9784481819e+00 -2.0000000000e-01 2.9746556913e+00 1.2641601546e+00 3.0000000000e+02 -1.2641635263e-07 7.9980836265e-14 1.2641635220e-07 1.2641601532e-07 1.2641622461e-07 -1.9481597655e-13 -7.9960208555e-14 -1.2641588816e-07 -6.1675924059e-14
d  4.2621712750e-03 2.9835197433e+00 -2.0000000000e-01 2.9797128771e+00 1.2689521706e+00 3.0000000000e+02 -1.2689554090e-07 8.7568474465e-14 1.2689554057e-07 1.2689521703e-07 1.2689550832e-07 -1.7339204764e-13 -8.7548343772e-14 -1.2689518520e-07 -6.2177119378e-14
d  4.2708653808e-03 2.9896056171e+00 -2.0000000000e-01 2.9857814967e+00 1.2747036738e+00 3.0000000000e+02 -1.2747068055e-07 9.3899652221e-14 1.2747068022e-07 1.2747036735e-07 1.2747064582e-07 -1.5596133046e-13 -9.3879536690e-14 -1.2747033338e-07 -6.2598861403e-14
d  4.2812983077e-03 2.9969086655e+00 -2.0000000000e-01 2.9930638351e+00 1.2816070935e+00 3.0000000000e+02 -1.2816101413e-07 9.9155365327e-14 1.2816101379e-07 1.2816070931e-07 1.2816097127e-07 -1.4196226636e-13 -9.9135246990e-14 -1.2816066722e-07 -6.2952631649e-14
d  4.2857140000e-03 2.9999996500e+00 -2.0000000000e-01 2.9961460525e+00 1.2845294838e+00 3.0000000000e+02 -1.2845325062e-07 1.0083774629e-13 1.2845325028e-07 1.2845294835e-07 1.2845320961e-07 -1.3762085787e-13 -1.0081752416e-13 -1.2845290811e-07 -6.3067809166e-14
d  4.2910128308e-03 3.0037088314e+00 -2.0000000000e-01 2.9998447118e+00 1.2880368756e+00 3.0000000000e+02 -1.2880398728e-07 1.0257594709e-13 1.2880398694e-07 1.2880368751e-07 1.2880393136e-07 -1.3325432116e-13 -1.0255564651e-13 -1.2880363236e-07 -6.3187658218e-14
d  4.2973714277e-03 3.0081598490e+00 -2.0000000000e-01 3.0042831007e+00 1.2922464588e+00 3.0000000000e+02 -1.2922494318e-07 1.0434248552e-13 1.2922494285e-07 1.2922464585e-07 1.2922490620e-07 -1.2893940832e-13 -1.0432232144e-13 -1.2922460963e-07 -6.3309550356e-14
d  4.3050017441e-03 3.0135010702e+00 -2.0000000000e-01 3.0096091647e+00 1.2972988931e+00 3.0000000000e+02 -1.2973018434e-07 1.0610915906e-13 1.2973018401e-07 1.2972988927e-07 1.2973013723e-07 -1.2478516546e-13 -1.0608898511e-13 -1.2972984292e-07 -6.3431925432e-14
d  4.3141581237e-03 3.0199105356e+00 -2.0000000000e-01 3.0160004374e+00 1.3033631504e+00 3.0000000000e+02 -1.3033660807e-07 1.0784688171e-13 1.3033660773e-07 1.3033631500e-07 1.3033655660e-07 -1.2092004665e-13 -1.0782672415e-13 -1.3033626430e-07 -6.3553757430e-14
d  4.3251457792e-03 3.0276018941e+00 -2.0000000000e-01 3.0236699579e+00 1.3106424898e+00 3.0000000000e+02 -1.3106454039e-07 1.0952912710e-13 1.3106454004e-07 1.3106424893e-07 1.3106446855e-07 -1.1748602046e-13 -1.0950894466e-13 -1.3106417788e-07 -6.3675065345e-14
d  4.3383309659e-03 3.0368315243e+00 -2.0000000000e-01 3.0328733725e+00 1.3193810304e+00 3.0000000000e+02 -1.3193839331e-07 1.1111960288e-13 1.3193839291e-07 1.3193810295e-07 1.3193823577e-07 -1.1463389721e-13 -1.1109927111e-13 -1.3193794624e-07 -6.3792162561e-14
d  4.3541531899e-03 3.0479070805e+00 -2.0000000000e-01 3.0439174560e+00 1.3298719333e+00 3.0000000000e+02 -1.3298748307e-07 1.1258897919e-13 1.3298748264e-07 1.3298719321e-07 1.3298724537e-07 -1.1252663106e-13 -1.1256856633e-13 -1.3298695637e-07 -6.3902650460e-14
d  4.3731398586e-03 3.0611977480e+00 -2.0000000000e-01 3.0571703350e+00 1.3424680928e+00 3.0000000000e+02 -1.3424709928e-07 1.1392440502e-13 1.3424709885e-07 1.3424680915e-07 1.3424679955e-07 -1.1134705264e-13 -1.1390397705e-13 -1.3424651029e-07 -6.4008094945e-14
d  4.3959238611e-03 3.0771465489e+00 -2.0000000000e-01 3.0730737577e+00 1.3575941755e+00 3.0000000000e+02 -1.3575970881e-07 1.1511193962e-13 1.3575970835e-07 1.3575941740e-07 1.3575920952e-07 -1.1130904555e-13 -1.1509135515e-13 -1.3575891901e-07 -6.4107745049e-14
d  4.4232646642e-03 3.0962851101e+00 -2.0000000000e-01 3.0921578156e+00 1.3757619127e+00 3.0000000000e+02 -1.3757648505e-07 1.1615210442e-13 1.3757648473e-07 1.3757619127e-07 1.3757644742e-07 -1.1268238587e-13 -1.1613206902e-13 -1.3757615440e-07 -6.4203380255e-14
d  4.4396691460e-03 3.1077682468e+00 -2.0000000000e-01 3.1036082230e+00 1.3866716540e+00 3.0000000000e+02 -1.3866746114e-07 1.1662960529e-13 1.3866746084e-07 1.3866716541e-07 1.3866764245e-07 -1.1412009903e-13 -1.1660985849e-13 -1.3866734747e-07 -6.4252132006e-14
d  4.4495118351e-03 3.1146581288e+00 -2.0000000000e-01 3.1104784572e+00 1.3932208929e+00 3.0000000000e+02 -1.3932238636e-07 1.1687601509e-13 1.3932238607e-07 1.3932208931e-07 1.3932302591e-07 -1.1517124606e-13 -1.1685747971e-13 -1.3932272961e-07 -6.4278924542e-14
d  4.4613230620e-03 3.1229259872e+00 -2.0000000000e-01 3.1187227279e+00 1.4010834559e+00 3.0000000000e+02 -1.4010864437e-07 1.1714373899e-13 1.4010864405e-07 1.4010834558e-07 1.4010919187e-07 -1.1658813216e-13 -1.1712490260e-13 -1.4010889385e-07 -6.4309363770e-14
d  4.4754965343e-03 3.1328474173e+00 -2.0000000000e-01 3.1286158372e+00 1.4105237061e+00 3.0000000000e+02 -1.4105267163e-07 1.1743507133e-13 1.4105267129e-07 1.4105237058e-07 1.4105298217e-07 -1.1849184921e-13 -1.1741561625e-13 -1.4105268192e-07 -6.4344393464e-14
d  4.4925047010e-03 3.1447531335e+00 -2.0000000000e-01 3.1404875453e+00 1.4218596799e+00 3.0000000000e+02 -1.4218627193e-07 1.1775086336e-13 1.4218627158e-07 1.4218596796e-07 1.4218645995e-07 -1.2105083098e-13 -1.1773113524e-13 -1.4218615678e-07 -6.4384715806e-14
d  4.5129145011e-03 3.1590399928e+00 -2.0000000000e-01 3.1547335606e+00 1.4354743257e+00 3.0000000000e+02 -1.4354774035e-07 1.1809462057e-13 1.4354774000e-07 1.4354743254e-07 1.4354786477e-07 -1.2450208264e-13 -1.1807476847e-13 -1.4354755776e-07 -6.4431754796e-14
d  4.5374062612e-03 3.1761842240e+00 -2.0000000000e-01 3.1718287269e+00 1.4518292666e+00 3.0000000000e+02 -1.4518323957e-07 1.1847286076e-13 1.4518323921e-07 1.4518292662e-07 1.4518335255e-07 -1.2918683008e-13 -1.1845297064e-13 -1.4518304042e-07 -6.4487572285e-14
d  4.5667963733e-03 3.1967573015e+00 -2.0000000000e-01 3.1923428468e+00 1.4714817176e+00 3.0000000000e+02 -1.4714849159e-07 1.1889625938e-13 1.4714849122e-07 1.4714817171e-07 1.4714858648e-07 -1.3561380949e-13 -1.1887633462e-13 -1.4714826744e-07 -6.4554962132e-14
d  4.6020645079e-03 3.2214449945e+00 -2.0000000000e-01 3.2169596663e+00 1.4951060865e+00 3.0000000000e+02 -1.4951093803e-07 1.1938626868e-13 1.4951093764e-07 1.4951060858e-07 1.4951104732e-07 -1.4458154077e-13 -1.1936633879e-13 -1.4951071874e-07 -6.4639211040e-14
d  4.6443862694e-03 3.2510702260e+00 -2.0000000000e-01 3.2464998671e+00 1.5234495453e+00 3.0000000000e+02 -1.5234529681e-07 1.1956762144e-13 1.5234529647e-07 1.5234495451e-07 1.5234532594e-07 -1.5731988498e-13 -1.1954763673e-13 -1.5234498446e-07 -6.4613777606e-14
d  4.6951723831e-03 3.2866205039e+00 -2.0000000000e-01 3.2819479151e+00 1.5575259700e+00 3.0000000000e+02 -1.5575295905e-07 1.2024000200e-13 1.5575295869e-07 1.5575259697e-07 1.5575299266e-07 -1.7628183435e-13 -1.2022001603e-13 -1.5575263142e-07 -6.4737880534e-14
d  4.7561157197e-03 3.3292808373e+00 -2.0000000000e-01 3.3244856237e+00 1.5984006080e+00 3.0000000000e+02 -1.5984045249e-07 1.2047840076e-13 1.5984045212e-07 1.5984006076e-07 1.5984048544e-07 -2.0570225209e-13 -1.2045841164e-13 -1.5984009458e-07 -6.4703867265e-14
d  4.8292477235e-03 3.3804732374e+00 -2.0000000000e-01 3.3755309180e+00 1.6474353914e+00 3.0000000000e+02 -1.6474398026e-07 1.2092451498e-13 1.6474397988e-07 1.6474353909e-07 1.6474401225e-07 -2.5466041907e-13 -1.2090452329e-13 -1.6474357197e-07 -6.4722019084e-14
d  4.9170061281e-03 3.4419041176e+00 -2.0000000000e-01 3.4367852985e+00 1.7062677162e+00 3.0000000000e+02 -1.7062730129e-07 1.2140509738e-13 1.7062730089e-07 1.7062677157e-07 1.7062733395e-07 -3.4268030832e-13 -1.2138510399e-13 -1.7062680514e-07 -6.4745520590e-14
d  5.0000000000e-03 3.4999998250e+00 -2.0000000000e-01 3.4947140872e+00 1.7619060125e+00 3.0000000000e+02 -1.7619125995e-07 1.2178713872e-13 1.7619125954e-07 1.7619060118e-07 1.7619129376e-07 -4.7129569696e-13 -1.2176714528e-13 -1.7619063593e-07 -6.4767352581e-14
d  5.0995926463e-03 3.5697146739e+00 -2.0000000000e-01 3.5642285834e+00 1.8286877545e+00 3.0000000000e+02 -1.8286968540e-07 1.2223087703e-13 1.8286968497e-07 1.8286877538e-07 1.8286972045e-07 -7.2204495706e-13 -1.2221088255e-13 -1.8286881139e-07 -6.4799493269e-14
d  5.2191038218e-03 3.6533724926e+00 -2.0000000000e-01 3.6476458608e+00 1.9088625906e+00 3.0000000000e+02 -1.9088772716e-07 1.2282031256e-13 1.9088772670e-07 1.9088625897e-07 1.9088776762e-07 -1.2795295689e-12 -1.2280031748e-13 -1.9088630044e-07 -6.4845350333e-14
d  5.3625172325e-03 3.7537618751e+00 -2.0000000000e-01 3.7477463703e+00 2.0051383834e+00 3.0000000000e+02 -2.0051682489e-07 1.2380900083e-13 2.0051682449e-07 2.0051383830e-07 2.0051683897e-07 -2.7968980775e-12 -1.2378900219e-13 -2.0051385336e-07 -6.4920726123e-14
d  5.5346133253e-03 3.8742291340e+00 -2.0000000000e-01 3.8678664261e+00 2.1208103064e+00 3.0000000000e+02 -2.1209026423e-07 1.2636371418e-13 2.1209026380e-07 2.1208103059e-07 2.1209028283e-07 -9.0411579449e-12 -1.2634371552e-13 -2.1208105022e-07 -6.5109172040e-14
d  5.5795314940e-03 3.9056718505e+00 -2.0000000000e-01 3.8992181184e+00 2.1511053188e+00 3.0000000000e+02 -2.1512440355e-07 1.2974216594e-13 2.1512440313e-07 2.1511053185e-07 2.1512441432e-07 -1.3675541129e-11 -1.2972216824e-13 -2.1511054365e-07 -6.5409112307e-14
d  5.6064823952e-03 3.9245374804e+00 -2.0000000000e-01 3.9180290023e+00 2.1693012549e+00 3.0000000000e+02 -2.1694926961e-07 1.3462446213e-13 2.1694926915e-07 2.1693012543e-07 2.1694929409e-07 -1.8942784536e-11 -1.3460447112e-13 -2.1693015098e-07 -6.5725030032e-14
d  5.6226529359e-03 3.9358568583e+00 -2.0000000000e-01 3.9293154506e+00 2.1802140544e+00 3.0000000000e+02 -2.1804692427e-07 1.4413027377e-13 2.1804692382e-07 2.1802140543e-07 2.1804692668e-07 -2.5307438686e-11 -1.4411027550e-13 -2.1802140886e-07 -6.6276087502e-14
d  5.6275040981e-03 3.9392526717e+00 -2.0000000000e-01 3.9327013467e+00 2.1834871796e+00 3.0000000000e+02 -2.1837750055e-07 1.5310504162e-13 2.1837750010e-07 2.1834871795e-07 2.1837750184e-07 -2.8561686707e-11 -1.5308504509e-13 -2.1834872025e-07 -6.6819161785e-14
d  5.6333254928e-03 3.9433276478e+00 -2.0000000000e-01 3.9367643185e+00 2.1874144515e+00 3.0000000000e+02 -2.1877764349e-07 1.8213234199e-13 2.1877764294e-07 2.1874144515e-07 2.1877764462e-07 -3.5946628345e-11 -1.8211234501e-13 -2.1874144730e-07 -6.8584114456e-14
d  5.6350719112e-03 3.9445501406e+00 -2.0000000000e-01 3.9379831585e+00 2.1885926482e+00 3.0000000000e+02 -2.1889940478e-07 2.0494809282e-13 2.1889940431e-07 2.1885926483e-07 2.1889939902e-07 -3.9864060686e-11 -2.0492807075e-13 -2.1885926006e-07 -6.9972393693e-14
d  5.6371676133e-03 3.9460171320e+00 -2.0000000000e-01 3.9394456479e+00 2.1900064885e+00 3.0000000000e+02 -2.1904946874e-07 2.7207178879e-13 2.1904946827e-07 2.1900064885e-07 2.1904946939e-07 -4.8472778196e-11 -2.7205179524e-13 -2.1900065051e-07 -7.4051391382e-14
d  5.6384250345e-03 3.9468973268e+00 -2.0000000000e-01 3.9403229389e+00 2.1908548749e+00 3.0000000000e+02 -2.1914626436e-07 4.0042078583e-13 2.1914626377e-07 2.1908548748e-07 2.1914626791e-07 -6.0293628926e-11 -4.0040081353e-13 -2.1908549204e-07 -8.1837114110e-14
d  5.6391794873e-03 3.9474254437e+00 -2.0000000000e-01 3.9408490340e+00 2.1913640445e+00 3.0000000000e+02 -2.1921365855e-07 6.3281709111e-13 2.1921365807e-07 2.1913640445e-07 2.1921366061e-07 -7.6524408973e-11 -6.3279712177e-13 -2.1913640752e-07 -9.5896479907e-14
d  5.6396321589e-03 3.9477423138e+00 -2.0000000000e-01 3.9411643180e+00 2.1916697240e+00 3.0000000000e+02 -2.1926653020e-07 1.0213424428e-12 2.1926652954e-07 2.1916697237e-07 2.1926654195e-07 -9.8416140498e-11 -1.0213226712e-12 -2.1916698516e-07 -1.1933063577e-13
d  5.6399037619e-03 3.9479324359e+00 -2.0000000000e-01 3.9413530316e+00 2.1918533260e+00 3.0000000000e+02 -2.1931347720e-07 1.6026202491e-12 2.1931347565e-07 2.1918533239e-07 2.1931355388e-07 -1.2638673544e-10 -1.6026026025e-12 -2.1918541029e-07 -1.5427206130e-13
d  5.6400667237e-03 3.9480465092e+00 -2.0000000000e-01 3.9414657700e+00 2.1919636624e+00 3.0000000000e+02 -2.1935797306e-07 2.3609482857e-12 2.1935797230e-07 2.1919636612e-07 2.1935801416e-07 -1.5904529644e-10 -2.3609303218e-12 -2.1919640836e-07 -1.9969352015e-13
d  5.6402622778e-03 3.9481833971e+00 -2.0000000000e-01 3.9415977861e+00 2.1920970058e+00 3.0000000000e+02 -2.1952036472e-07 6.2696334410e-12 2.1952036387e-07 2.1920970056e-07 2.1952037060e-07 -3.0396047811e-10 -6.2696136864e-12 -2.1920970747e-07 -4.3303003390e-13
d  5.6403209441e-03 3.9482244634e+00 -2.0000000000e-01 3.9416342926e+00 2.1921368892e+00 3.0000000000e+02 -2.1967236189e-07 1.0553235786e-11 2.1967235886e-07 2.1921368812e-07 2.1967255882e-07 -4.4743390389e-10 -1.0553232703e-11 -2.1921388691e-07 -6.8481596796e-13
d  5.6403561438e-03 3.9482491033e+00 -2.0000000000e-01 3.9416528373e+00 2.1921596438e+00 3.0000000000e+02 -2.1987553295e-07 1.6690553489e-11 2.1987553197e-07 2.1921596407e-07 2.1987558925e-07 -6.4183632275e-10 -1.6690538035e-11 -2.1921602171e-07 -1.0410436380e-12
d  5.6403772637e-03 3.9482638872e+00 -2.0000000000e-01 3.9416599861e+00 2.1921704337e+00 3.0000000000e+02 -2.2013003674e-07 2.4724849576e-11 2.2013002780e-07 2.1921703939e-07 2.2013059566e-07 -8.8676916717e-10 -2.4724806372e-11 -2.1921760389e-07 -1.4978032829e-12
d  5.6403899356e-03 3.9482727575e+00 -2.0000000000e-01 3.9416602964e+00 2.1921721930e+00 3.0000000000e+02 -2.2041536995e-07 3.3976840086e-11 2.2041536890e-07 2.1921721886e-07 2.2041541517e-07 -1.1621677491e-09 -3.3976798116e-11 -2.1921726563e-07 -2.0066003694e-12
d  5.6404051419e-03 3.9482834019e+00 -2.0000000000e-01 3.9416448307e+00 2.1921507921e+00 3.0000000000e+02 -2.2128570544e-07 6.3128332878e-11 2.2128570212e-07 2.1921507813e-07 2.2128582288e-07 -2.0039409373e-09 -6.3128260327e-11 -2.1921519810e-07 -3.5551165275e-12
d  5.6404142657e-03 3.9482897885e+00 -2.0000000000e-01 3.9415859588e+00 2.1920113063e+00 3.0000000000e+02 -2.2346099200e-07 1.3712293274e-10 2.2346098865e-07 2.1920113016e-07 2.2346103366e-07 -4.1159521381e-09 -1.3712285401e-10 -2.1920117385e-07 -6.7852219748e-12
d  5.6404170028e-03 3.9482917045e+00 -2.0000000000e-01 3.9415370475e+00 2.1918255136e+00 3.0000000000e+02 -2.2515523383e-07 1.8979032009e-10 2.2515523328e-07 2.1918255131e-07 2.2515523603e-07 -5.7761442943e-09 -1.8979027444e-10 -2.1918255464e-07 -6.7473397947e-12
d  5.6404202873e-03 3.9482940037e+00 -2.0000000000e-01 3.9413398488e+00 2.1909004546e+00 3.0000000000e+02 -2.3180516518e-07 3.9142049207e-10 2.3180516374e-07 2.1909004534e-07 2.3180517136e-07 -1.2321702353e-08 -3.9142040359e-10 -2.1909005307e-07 -1.9953184739e-12
d  5.6404212727e-03 3.9482946935e+00 -2.0000000000e-01 3.9411745144e+00 2.1899317797e+00 3.0000000000e+02 -2.3733930350e-07 4.9920151868e-10 2.3733930305e-07 2.1899317797e-07 2.3733930307e-07 -1.7875552273e-08 -4.9920148679e-10 -2.1899317858e-07 2.8629080580e-11
d  5.6404224552e-03 3.9482955212e+00 -2.0000000000e-01 3.9403845253e+00 2.1847640420e+00 3.0000000000e+02 -2.6369986265e-07 8.3933519825e-10 2.6369986211e-07 2.1847640419e-07 2.6369986210e-07 -4.4643328938e-08 -8.3933516920e-10 -2.1847640474e-07 2.5920681514e-10
d  5.6404228099e-03 3.9482957695e+00 -2.0000000000e-01 3.9396021512e+00 2.1794510705e+00 3.0000000000e+02 -2.8978727833e-07 3.7255390422e-10 2.8978727788e-07 2.1794510705e-07 2.8978727769e-07 -7.2305869374e-08 -3.7255387141e-10 -2.1794510746e-07 8.3625299396e-10
d  5.6404230227e-03 3.9482959185e+00 -2.0000000000e-01 3.9386190993e+00 2.1729889328e+00 3.0000000000e+02 -3.2256063937e-07 -8.4093941917e-10 3.2256063893e-07 2.1729889328e-07 3.2256063866e-07 -1.0793729810e-07 8.4093945186e-10 -2.1729889362e-07 1.8346135956e-09
d  5.6404232781e-03 3.9482960973e+00 -2.0000000000e-01 3.9344292105e+00 2.1492738883e+00 3.0000000000e+02 -4.6222955858e-07 -7.8388028636e-09 4.6222955795e-07 2.1492738882e-07 4.6222955796e-07 -2.6200663780e-07 7.8388029014e-09 -2.1492738940e-07 6.8656663418e-09
d  5.6404233548e-03 3.9482961509e+00 -2.0000000000e-01 3.9311278351e+00 2.1337868367e+00 3.0000000000e+02 -5.7227719300e-07 -1.8085120088e-08 5.7227719241e-07 2.1337868366e-07 5.7227719244e-07 -3.8985511856e-07 1.8085120156e-08 -2.1337868428e-07 1.2871490201e-08
d  5.6404234467e-03 3.9482962153e+00 -2.0000000000e-01 3.9208537380e+00 2.0958805657e+00 3.0000000000e+02 -9.1474924430e-07 -5.0414177161e-08 9.1474924384e-07 2.0958805657e-07 9.1474924357e-07 -7.8734751622e-07 5.0414177189e-08 -2.0958805690e-07 3.1772152330e-08
d  5.6404235019e-03 3.9482962539e+00 -2.0000000000e-01 3.9036614101e+00 2.0491337624e+00 3.0000000000e+02 -1.4878281266e-06 -1.1019183033e-07 1.4878281261e-06 2.0491337624e-07 1.4878281259e-06 -1.4589957336e-06 1.1019183035e-07 -2.0491337656e-07 6.5889153924e-08
d  5.6404235350e-03 3.9482962771e+00 -2.0000000000e-01 3.8825394713e+00 2.0041038411e+00 3.0000000000e+02 -2.1918935243e-06 -1.8648112720e-07 2.1918935238e-06 2.0041038411e-07 2.1918935235e-06 -2.2871275973e-06 1.8648112722e-07 -2.0041038437e-07 1.0916333091e-07
d  5.6404235449e-03 3.9482962840e+00 -2.0000000000e-01 3.8736958251e+00 1.9873617998e+00 3.0000000000e+02 -2.4866819635e-06 -2.1966263851e-07 2.4866819631e-06 1.9873617998e-07 2.4866819628e-06 -2.6354760857e-06 2.1966263853e-07 -1.9873618021e-07 1.2786766462e-07
d  5.6404235509e-03 3.9482962882e+00 -2.0000000000e-01 3.8675884925e+00 1.9763992079e+00 3.0000000000e+02 -2.6902598551e-06 -2.4093800664e-07 2.6902598546e-06 1.9763992079e-07 2.6902598543e-06 -2.8737985621e-06 2.4093800667e-07 -1.9763992101e-07 1.4024062215e-07
d  5.6404235580e-03 3.9482962932e+00 -2.0000000000e-01 3.8592829527e+00 1.9621746410e+00 3.0000000000e+02 -2.9671113509e-06 -2.6768841206e-07 2.9671113505e-06 1.9621746410e-07 2.9671113502e-06 -3.1945177360e-06 2.6768841209e-07 -1.9621746434e-07 1.5593543808e-07
d  5.6404235623e-03 3.9482962962e+00 -2.0000000000e-01 3.8537455247e+00 1.9530480487e+00 3.0000000000e+02 -3.1516923850e-06 -2.8461907903e-07 3.1516923846e-06 1.9530480487e-07 3.1516923843e-06 -3.4068613631e-06 2.8461907906e-07 -1.9530480509e-07 1.6585470487e-07
d  5.6404235674e-03 3.9482962998e+00 -2.0000000000e-01 3.8464999686e+00 1.9414769989e+00 3.0000000000e+02 -3.3932110396e-06 -3.0580866391e-07 3.3932110392e-06 1.9414769989e-07 3.3932110388e-06 -3.6832113482e-06 3.0580866394e-07 -1.9414770012e-07 1.7833934565e-07
d  5.6404235705e-03 3.9482963020e+00 -2.0000000000e-01 3.8418211356e+00 1.9342019235e+00 3.0000000000e+02 -3.5491722138e-06 -3.1900758236e-07 3.5491722134e-06 1.9342019235e-07 3.5491722131e-06 -3.8609000193e-06 3.1900758238e-07 -1.9342019259e-07 1.8614041647e-07
d  5.6404235742e-03 3.9482963046e+00 -2.0000000000e-01 3.8358573373e+00 1.9251334314e+00 3.0000000000e+02 -3.7479655759e-06 -3.3525842213e-07 3.7479655755e-06 1.9251334314e-07 3.7479655752e-06 -4.0865106038e-06 3.3525842216e-07 -1.9251334337e-07 1.9579994983e-07
d  5.6404235787e-03 3.9482963077e+00 -2.0000000000e-01 3.8281713474e+00 1.9137538557e+00 3.0000000000e+02 -4.0041653439e-06 -3.5529727218e-07 4.0041653435e-06 1.9137538557e-07 4.0041653432e-06 -4.3758584421e-06 3.5529727221e-07 -1.9137538580e-07 2.0777121252e-07
d  5.6404235814e-03 3.9482963095e+00 -2.0000000000e-01 3.8232730104e+00 1.9066632700e+00 3.0000000000e+02 -4.1674433060e-06 -3.6758488167e-07 4.1674433056e-06 1.9066632700e-07 4.1674433053e-06 -4.5594938122e-06 3.6758488170e-07 -1.9066632721e-07 2.1513195229e-07
d  5.6404235846e-03 3.9482963118e+00 -2.0000000000e-01 3.8170995139e+00 1.8978919225e+00 3.0000000000e+02 -4.3732265964e-06 -3.8251409088e-07 4.3732265960e-06 1.8978919225e-07 4.3732265957e-06 -4.7900714072e-06 3.8251409091e-07 -1.8978919247e-07 2.2411991321e-07
d  5.6404235865e-03 3.9482963131e+00 -2.0000000000e-01 3.8132372865e+00 1.8924912725e+00 3.0000000000e+02 -4.5019675555e-06 -3.9155323158e-07 4.5019675551e-06 1.8924912725e-07 4.5019675547e-06 -4.9338499412e-06 3.9155323160e-07 -1.8924912747e-07 2.2957828213e-07
d  5.6404235888e-03 3.9482963147e+00 -2.0000000000e-01 3.8084422610e+00 1.8858739361e+00 3.0000000000e+02 -4.6618017913e-06 -4.0244686419e-07 4.6618017909e-06 1.8858739361e-07 4.6618017906e-06 -5.1118410326e-06 4.0244686421e-07 -1.8858739382e-07 2.3617977157e-07
d  5.6404235916e-03 3.9482963167e+00 -2.0000000000e-01 3.8024531190e+00 1.8777370218e+00 3.0000000000e+02 -4.8614399231e-06 -4.1555407675e-07 4.8614399227e-06 1.8777370218e-07 4.8614399223e-06 -5.3333707768e-06 4.1555407677e-07 -1.8777370240e-07 2.4415048006e-07
d  5.6404235949e-03 3.9482963190e+00 -2.0000000000e-01 3.7949222195e+00 1.8676925195e+00 3.0000000000e+02 -5.1124699828e-06 -4.3127119339e-07 5.1124699824e-06 1.8676925195e-07 5.1124699821e-06 -5.6107170138e-06 4.3127119341e-07 -1.8676925218e-07 2.5374509038e-07
d  5.6404235969e-03 3.9482963204e+00 -2.0000000000e-01 3.7902218548e+00 1.8615205186e+00 3.0000000000e+02 -5.2691488538e-06 -4.4066273150e-07 5.2691488534e-06 1.8615205186e-07 5.2691488530e-06 -5.7831559808e-06 4.4066273153e-07 -1.8615205207e-07 2.5949644814e-07
d  5.6404235993e-03 3.9482963221e+00 -2.0000000000e-01 3.7843996317e+00 1.8539724957e+00 3.0000000000e+02 -5.4632230110e-06 -4.5185036644e-07 5.4632230106e-06 1.8539724957e-07 5.4632230102e-06 -5.9960517856e-06 4.5185036646e-07 -1.8539724978e-07 2.6637565866e-07
d  5.6404236021e-03 3.9482963241e+00 -2.0000000000e-01 3.7771499895e+00 1.8447148574e+00 3.0000000000e+02 -5.7048778186e-06 -4.6510848918e-07 5.7048778182e-06 1.8447148574e-07 5.7048778178e-06 -6.2600771206e-06 4.6510848920e-07 -1.8447148596e-07 2.7456229958e-07
d  5.6404236056e-03 3.9482963265e+00 -2.0000000000e-01 3.7680720890e+00 1.8333257792e+00 3.0000000000e+02 -6.0074745842e-06 -4.8068722046e-07 6.0074745838e-06 1.8333257792e-07 6.0074745835e-06 -6.5890560128e-06 4.8068722049e-07 -1.8333257814e-07 2.8422678694e-07
d  5.6404236076e-03 3.9482963279e+00 -2.0000000000e-01 3.7624280059e+00 1.8263495948e+00 3.0000000000e+02 -6.1956107345e-06 -4.8980819833e-07 6.1956107341e-06 1.8263495948e-07 6.1956107337e-06 -6.7926940892e-06 4.8980819835e-07 -1.8263495969e-07 2.8991011689e-07
d  5.6404236101e-03 3.9482963297e+00 -2.0000000000e-01 3.7554615626e+00 1.8178423713e+00 3.0000000000e+02 -6.4278255680e-06 -5.0048262465e-07 6.4278255676e-06 1.8178423713e-07 6.4278255673e-06 -7.0431149980e-06 5.0048262467e-07 -1.8178423734e-07 2.9659104329e-07
d  5.6404236131e-03 3.9482963317e+00 -2.0000000000e-01 3.7468274408e+00 1.8074467818e+00 3.0000000000e+02 -6.7156296975e-06 -5.1284351604e-07 6.7156296971e-06 1.8074467818e-07 6.7156296967e-06 -7.3520933783e-06 5.1284351606e-07 -1.8074467839e-07 3.0436484384e-07
d  5.6404236167e-03 3.9482963342e+00 -2.0000000000e-01 3.7360814066e+00 1.7947189346e+00 3.0000000000e+02 -7.0738309213e-06 -5.2692198593e-07 7.0738309209e-06 1.7947189346e-07 7.0738309206e-06 -7.7345522920e-06 5.2692198595e-07 -1.7947189368e-07 3.1327127921e-07
d  5.6404236209e-03 3.9482963372e+00 -2.0000000000e-01 3.7226542188e+00 1.7791119742e+00 3.0000000000e+02 -7.5214039497e-06 -5.4254575939e-07 7.5214039493e-06 1.7791119742e-07 7.5214039489e-06 -8.2092729226e-06 5.4254575941e-07 -1.7791119764e-07 3.2323441194e-07
d  5.6404236261e-03 3.9482963408e+00 -2.0000000000e-01 3.7058263925e+00 1.7599632303e+00 3.0000000000e+02 -8.0823316117e-06 -5.5917568392e-07 8.0823316113e-06 1.7599632303e-07 8.0823316110e-06 -8.7994561631e-06 5.5917568395e-07 -1.7599632330e-07 3.3394519144e-07
d  5.6404236322e-03 3.9482963452e+00 -2.0000000000e-01 3.6847134573e+00 1.7364948025e+00 3.0000000000e+02 -8.7860962626e-06 -5.7562402585e-07 8.7860962622e-06 1.7364948025e-07 8.7860962619e-06 -9.5327667496e-06 5.7562402588e-07 -1.7364948051e-07 3.4469594229e-07
d  5.6404236396e-03 3.9482963503e+00 -2.0000000000e-01 3.6582861677e+00 1.7078458393e+00 3.0000000000e+02 -9.6670060890e-06 -5.8968568700e-07 9.6670060886e-06 1.7078458393e-07 9.6670060884e-06 -1.0440033239e-05 5.8968568704e-07 -1.7078458425e-07 3.5412604746e-07
d  5.6404236485e-03 3.9482963566e+00 -2.0000000000e-01 3.6254705182e+00 1.6731671009e+00 3.0000000000e+02 -1.0760861280e-05 -5.9771454278e-07 1.0760861280e-05 1.6731671009e-07 1.0760861280e-05 -1.1551187871e-05 5.9771454284e-07 -1.6731671056e-07 3.5992875903e-07
d  5.6404236592e-03 3.9482963640e+00 -2.0000000000e-01 3.5853931634e+00 1.6318188528e+00 3.0000000000e+02 -1.2096773355e-05 -5.9437993496e-07 1.2096773355e-05 1.6318188528e-07 1.2096773355e-05 -1.2886637276e-05 5.9437993500e-07 -1.6318188568e-07 3.5866587243e-07
d  5.6404236720e-03 3.9482963730e+00 -2.0000000000e-01 3.5378263722e+00 1.5837040159e+00 3.0000000000e+02 -1.3682333360e-05 -5.7307977183e-07 1.3682333359e-05 1.5837040159e-07 1.3682333360e-05 -1.4443086936e-05 5.7307977191e-07 -1.5837040255e-07 3.4604420659e-07
d  5.6404236873e-03 3.9482963837e+00 -2.0000000000e-01 3.4837917170e+00 1.5297141750e+00 3.0000000000e+02 -1.5483488890e-05 -5.2761942943e-07 1.5483488889e-05 1.5297141750e-07 1.5483488890e-05 -1.6176200100e-05 5.2761942949e-07 -1.5297141834e-07 3.1806319903e-07
d  5.6404237057e-03 3.9482963966e+00 -2.0000000000e-01 3.4260658891e+00 1.4721317744e+00 3.0000000000e+02 -1.7407683585e-05 -4.5546415182e-07 1.7407683584e-05 1.4721317744e-07 1.7407683585e-05 -1.7989148562e-05 4.5546415190e-07 -1.4721317900e-07 2.7321400455e-07
d  5.6404237278e-03 3.9482964121e+00 -2.0000000000e-01 3.3691108748e+00 1.4146897835e+00 3.0000000000e+02 -1.9306184575e-05 -3.6119362325e-07 1.9306184574e-05 1.4146897835e-07 1.9306184575e-05 -1.9740676092e-05 3.6119362334e-07 -1.4146898040e-07 2.1476687400e-07
d  5.6404237544e-03 3.9482964306e+00 -2.0000000000e-01 3.3180879990e+00 1.3620071461e+00 3.0000000000e+02 -2.1006947721e-05 -2.5721156862e-07 2.1006947720e-05 1.3620071461e-07 2.1006947721e-05 -2.1278989227e-05 2.5721156867e-07 -1.3620071574e-07 1.5103065386e-07
d  5.6404237862e-03 3.9482964529e+00 -2.0000000000e-01 3.2772501229e+00 1.3184125303e+00 3.0000000000e+02 -2.2368211001e-05 -1.5987386004e-07 2.2368211000e-05 1.3184125303e-07 2.2368211003e-05 -2.2488671667e-05 1.5987386013e-07 -1.3184125668e-07 9.2428060827e-08
d  5.6404238244e-03 3.9482964796e+00 -2.0000000000e-01 3.2485837399e+00 1.2866010480e+00 3.0000000000e+02 -2.3323757991e-05 -8.2921259538e-08 2.3323757987e-05 1.2866010479e-07 2.3323758000e-05 -2.3325111108e-05 8.2921259770e-08 -1.2866011811e-07 4.7091966459e-08
d  5.6404238702e-03 3.9482965117e+00 -2.0000000000e-01 3.2314425238e+00 1.2668040967e+00 3.0000000000e+02 -2.3895132931e-05 -3.2444675268e-08 2.3895132929e-05 1.2668040967e-07 2.3895132938e-05 -2.3818921300e-05 3.2444675403e-08 -1.2668041935e-07 1.8024106162e-08
d  5.6404239252e-03 3.9482965502e+00 -2.0000000000e-01 3.2232170618e+00 1.2569208960e+00 3.0000000000e+02 -2.4169316280e-05 -6.2763376413e-09 2.4169316271e-05 1.2569208959e-07 2.4169316309e-05 -2.4053191773e-05 6.2763379961e-09 -1.2569212771e-07 3.2912539777e-09
d  5.6404239912e-03 3.9482965964e+00 -2.0000000000e-01 3.2205454502e+00 1.2535491852e+00 3.0000000000e+02 -2.4258371542e-05 2.9821110348e-09 2.4258371539e-05 1.2535491852e-07 2.4258371551e-05 -2.4128251556e-05 -2.9821109340e-09 -1.2535493141e-07 -1.7829529072e-09
d  5.6404240703e-03 3.9482966518e+00 -2.0000000000e-01 3.2204610017e+00 1.2533486776e+00 3.0000000000e+02 -2.4261188339e-05 3.6754434714e-09 2.4261188328e-05 1.2533486846e-07 2.4261187726e-05 -2.4130088800e-05 -3.6754610838e-09 -1.2533382359e-07 -2.0896406135e-09
d  5.6404241654e-03 3.9482967183e+00 -2.0000000000e-01 3.2210486903e+00 1.2540245887e+00 3.0000000000e+02 -2.4241600936e-05 1.8902504397e-09 2.4241600943e-05 1.2540245888e-07 2.4241600906e-05 -2.4113246957e-05 -1.8902505221e-09 -1.2540242292e-07 -1.0612741692e-09
d  5.6404242794e-03 3.9482967982e+00 -2.0000000000e-01 3.2214828272e+00 1.2545435160e+00 3.0000000000e+02 -2.4227132366e-05 4.8032521489e-10 2.4227132372e-05 1.2545435161e-07 2.4227132343e-05 -2.4100930433e-05 -4.8032524370e-10 -1.2545432394e-07 -2.6726091142e-10
d  5.6404244162e-03 3.9482968939e+00 -2.0000000000e-01 3.2216414366e+00 1.2547357239e+00 3.0000000000e+02 -2.4221848577e-05 -4.8145635321e-11 2.4221848602e-05 1.2547357241e-07 2.4221848491e-05 -2.4096451179e-05 4.8145734752e-11 -1.2547347465e-07 2.8017501338e-11
d  5.6404245804e-03 3.9482970089e+00 -2.0000000000e-01 3.2216542081e+00 1.2547518520e+00 3.0000000000e+02 -2.4221426691e-05 -9.4022608192e-11 2.4221426757e-05 1.2547518513e-07 2.4221426582e-05 -2.4096098536e-05 9.4024203001e-11 -1.2547513852e-07 5.3068598312e-11
d  5.6404247775e-03 3.9482971468e+00 -2.0000000000e-01 3.2216357623e+00 1.2547298962e+00 3.0000000000e+02 -2.4222046151e-05 -3.4527770795e-11 2.4222046038e-05 1.2547298974e-07 2.4222046357e-05 -2.4096627245e-05 3.4525594802e-11 -1.2547308911e-07 1.9452308826e-11
d  5.6404250139e-03 3.9482973123e+00 -2.0000000000e-01 3.2216259248e+00 1.2547181193e+00 3.0000000000e+02 -2.4222379583e-05 -2.4720437032e-12 2.4222379516e-05 1.2547181201e-07 2.4222379705e-05 -2.4096911704e-05 2.4709237517e-12 -1.2547186118e-07 1.3888975574e-12
d  5.6404252976e-03 3.9482975109e+00 -2.0000000000e-01 3.2216244079e+00 1.2547162685e+00 3.0000000000e+02 -2.4222436768e-05 2.6221700518e-12 2.4222436071e-05 1.2547162847e-07 2.4222437111e-05 -2.4096962662e-05 -2.6376992010e-12 -1.2547031889e-07 -1.4931427314e-12
d  5.6404256381e-03 3.9482977493e+00 -2.0000000000e-01 3.2216249733e+00 1.2547168944e+00 3.0000000000e+02 -2.4222425865e-05 9.6969681125e-13 2.4222426063e-05 1.2547168897e-07 2.4222425761e-05 -2.4096952154e-05 -9.6593957254e-13 -1.2547209658e-07 -5.4616877123e-13
d  5.6404260467e-03 3.9482980353e+00 -2.0000000000e-01 3.2216253467e+00 1.2547172763e+00 3.0000000000e+02 -2.4222422953e-05 8.2583274173e-14 2.4222423055e-05 1.2547172741e-07 2.4222422872e-05 -2.4096950829e-05 -8.1013613901e-14 -1.2547191275e-07 -4.8736360750e-14
d  5.6404265370e-03 3.9482983785e+00 -2.0000000000e-01 3.2216254719e+00 1.2547173554e+00 3.0000000000e+02 -2.4222430218e-05 -3.2929952718e-14 2.4222430189e-05 1.2547173562e-07 2.4222430216e-05 -2.4096958629e-05 3.2527049600e-14 -1.2547163603e-07 1.6790315089e-14
d  5.6404271253e-03 3.9482987903e+00 -2.0000000000e-01 3.2216255703e+00 1.2547173890e+00 3.0000000000e+02 -2.4222440666e-05 5.5513283637e-15 2.4222440607e-05 1.2547173906e-07 2.4222440684e-05 -2.4096969118e-05 -6.2327903786e-15 -1.2547155504e-07 -5.1251943425e-15
d  5.6404278313e-03 3.9482992845e+00 -2.0000000000e-01 3.2216257009e+00 1.2547174436e+00 3.0000000000e+02 -2.4222452786e-05 1.9312607954e-14 2.4222452720e-05 1.2547174454e-07 2.4222452805e-05 -2.4096981249e-05 -1.9953022089e-14 -1.2547152301e-07 -1.2956373270e-14
d  5.6404286785e-03 3.9482998776e+00 -2.0000000000e-01 3.2216258628e+00 1.2547175152e+00 3.0000000000e+02 -2.4222467159e-05 1.9419016998e-14 2.4222467080e-05 1.2547175173e-07 2.4222467181e-05 -2.4096995675e-05 -2.0055679976e-14 -1.2547147390e-07 -1.3015971617e-14
d  5.6404296952e-03 3.9483005892e+00 -2.0000000000e-01 3.2216260571e+00 1.2547176012e+00 3.0000000000e+02 -2.4222484404e-05 1.8840296877e-14 2.4222484308e-05 1.2547176038e-07 2.4222484433e-05 -2.4097012995e-05 -1.9490544469e-14 -1.2547140644e-07 -1.2692171023e-14
d  5.6404309152e-03 3.9483014432e+00 -2.0000000000e-01 3.2216262901e+00 1.2547177042e+00 3.0000000000e+02 -2.4222505105e-05 1.8771228699e-14 2.4222504989e-05 1.2547177073e-07 2.4222505143e-05 -2.4097033788e-05 -1.9433729131e-14 -1.2547132301e-07 -1.2658560144e-14
d  5.6404323792e-03 3.9483024680e+00 -2.0000000000e-01 3.2216265696e+00 1.2547178278e+00 3.0000000000e+02 -2.4222529947e-05 1.8776399623e-14 2.4222529806e-05 1.2547178315e-07 2.4222529994e-05 -2.4097058741e-05 -1.9448915171e-14 -1.2547122110e-07 -1.2666233952e-14
d  5.6404341359e-03 3.9483036977e+00 -2.0000000000e-01 3.2216269050e+00 1.2547179760e+00 3.0000000000e+02 -2.4222559757e-05 1.8772821756e-14 2.4222559586e-05 1.2547179806e-07 2.4222559816e-05 -2.4097088687e-05 -1.9453833825e-14 -1.2547109690e-07 -1.2667992303e-14
d  5.6404362441e-03 3.9483051734e+00 -2.0000000000e-01 3.2216273076e+00 1.2547181540e+00 3.0000000000e+02 -2.4222595529e-05 1.8767306672e-14 2.4222595321e-05 1.2547181595e-07 2.4222595602e-05 -2.4097124624e-05 -1.9455548055e-14 -1.2547094605e-07 -1.2668236672e-14
d  5.6404387738e-03 3.9483069443e+00 -2.0000000000e-01 3.2216277907e+00 1.2547183675e+00 3.0000000000e+02 -2.4222638454e-05 1.8762761705e-14 2.4222638204e-05 1.2547183742e-07 2.4222638546e-05 -2.4097167750e-05 -1.9457128696e-14 -1.2547076340e-07 -1.2668456171e-14
d  5.6404418096e-03 3.9483090693e+00 -2.0000000000e-01 3.2216283703e+00 1.2547186237e+00 3.0000000000e+02 -2.4222689965e-05 1.8759134313e-14 2.4222689663e-05 1.2547186318e-07 2.4222690077e-05 -2.4097219502e-05 -1.9458676496e-14 -1.2547054276e-07 -1.2668640501e-14
d  5.6404454524e-03 3.9483116193e+00 -2.0000000000e-01 3.2216290660e+00 1.2547189312e+00 3.0000000000e+02 -2.4222751778e-05 1.8755963021e-14 2.4222751414e-05 1.2547189410e-07 2.4222751915e-05 -2.4097281607e-05 -1.9459868448e-14 -1.2547027668e-07 -1.2668775788e-14
d  5.6404498239e-03 3.9483146793e+00 -2.0000000000e-01 3.2216299007e+00 1.2547193002e+00 3.0000000000e+02 -2.4222825953e-05 1.8753328802e-14 2.4222825514e-05 1.2547193120e-07 2.4222826121e-05 -2.4097356133e-05 -1.9460905544e-14 -1.2546995625e-07 -1.2668863098e-14
d  5.6404550696e-03 3.9483183513e+00 -2.0000000000e-01 3.2216309024e+00 1.2547197431e+00 3.0000000000e+02 -2.4222914963e-05 1.8750946588e-14 2.4222914435e-05 1.2547197572e-07 2.4222915168e-05 -2.4097445565e-05 -1.9461608075e-14 -1.2546957074e-07 -1.2668921632e-14
d  5.6404613645e-03 3.9483227577e+00 -2.0000000000e-01 3.2216321045e+00 1.2547202744e+00 3.0000000000e+02 -2.4223021775e-05 1.8749117327e-14 2.4223021140e-05 1.2547202914e-07 2.4223022024e-05 -2.4097552885e-05 -1.9462367463e-14 -1.2546910727e-07 -1.2668952969e-14
d  5.6404689183e-03 3.9483280454e+00 -2.0000000000e-01 3.2216335469e+00 1.2547209121e+00 3.0000000000e+02 -2.4223149949e-05 1.8747445509e-14 2.4223149185e-05 1.2547209326e-07 2.4223150252e-05 -2.4097681669e-05 -1.9462865712e-14 -1.2546855038e-07 -1.2668961289e-14
d  5.6404779829e-03 3.9483343906e+00 -2.0000000000e-01 3.2216352779e+00 1.2547216772e+00 3.0000000000e+02 -2.4223303759e-05 1.8746003105e-14 2.4223302841e-05 1.2547217019e-07 2.4223304125e-05 -2.4097836211e-05 -1.9463241240e-14 -1.2546788150e-07 -1.2668952842e-14
d  5.6404888605e-03 3.9483420049e+00 -2.0000000000e-01 3.2216373550e+00 1.2547225955e+00 3.0000000000e+02 -2.4223488330e-05 1.8744903947e-14 2.4223487227e-05 1.2547226251e-07 2.4223488773e-05 -2.4098021663e-05 -1.9463664326e-14 -1.2546707832e-07 -1.2668924213e-14
d  5.6405019135e-03 3.9483511420e+00 -2.0000000000e-01 3.2216398475e+00 1.2547236973e+00 3.0000000000e+02 -2.4223709817e-05 1.8743822194e-14 2.4223708491e-05 1.2547237329e-07 2.4223710352e-05 -2.4098244206e-05 -1.9463856603e-14 -1.2546611410e-07 -1.2668878858e-14
d  5.6405175772e-03 3.9483621066e+00 -2.0000000000e-01 3.2216428386e+00 1.2547250195e+00 3.0000000000e+02 -2.4223975601e-05 1.8742986450e-14 2.4223974009e-05 1.2547250623e-07 2.4223976247e-05 -2.4098511258e-05 -1.9464087402e-14 -1.2546495671e-07 -1.2668816079e-14
d  5.6405363735e-03 3.9483752641e+00 -2.0000000000e-01 3.2216464278e+00 1.2547266062e+00 3.0000000000e+02 -2.4224294543e-05 1.8742196274e-14 2.4224292631e-05 1.2547266576e-07 2.4224295322e-05 -2.4098831722e-05 -1.9464190136e-14 -1.2546356762e-07 -1.2668733248e-14
d  5.6405589292e-03 3.9483910530e+00 -2.0000000000e-01 3.2216507348e+00 1.2547285102e+00 3.0000000000e+02 -2.4224677275e-05 1.8741506137e-14 2.4224674978e-05 1.2547285719e-07 2.4224678214e-05 -2.4099216281e-05 -1.9464248174e-14 -1.2546190056e-07 -1.2668629611e-14
d  5.6405859960e-03 3.9484099998e+00 -2.0000000000e-01 3.2216559031e+00 1.2547307950e+00 3.0000000000e+02 -2.4225136556e-05 1.8740865321e-14 2.4225133798e-05 1.2547308690e-07 2.4225137687e-05 -2.4099677754e-05 -1.9464235030e-14 -1.2545990008e-07 -1.2668500808e-14
d  5.6406184762e-03 3.9484327359e+00 -2.0000000000e-01 3.2216621050e+00 1.2547335367e+00 3.0000000000e+02 -2.4225687696e-05 1.8740293828e-14 2.4225684384e-05 1.2547336256e-07 2.4225689057e-05 -2.4100231526e-05 -1.9464191120e-14 -1.2545749960e-07 -1.2668343349e-14
d  5.6406574523e-03 3.9484600192e+00 -2.0000000000e-01 3.2216695472e+00 1.2547368268e+00 3.0000000000e+02 -2.4226349068e-05 1.8739726478e-14 2.4226345092e-05 1.2547369335e-07 2.4226350707e-05 -2.4100896055e-05 -1.9464068523e-14 -1.2545461929e-07 -1.2668152307e-14
d  5.6407042238e-03 3.9484927592e+00 -2.0000000000e-01 3.2216784776e+00 1.2547407748e+00 3.0000000000e+02 -2.4227142721e-05 1.8739136329e-14 2.4227137948e-05 1.2547409029e-07 2.4227144693e-05 -2.4101693498e-05 -1.9463854899e-14 -1.2545116341e-07 -1.2667921400e-14
d  5.6407603495e-03 3.9485320472e+00 -2.0000000000e-01 3.2216891902e+00 1.2547455101e+00 3.0000000000e+02 -2.4228095232e-05 1.8728265806e-14 2.4228095113e-05 1.2547455124e-07 2.4228095435e-05 -2.4102621082e-05 -1.8720418996e-14 -1.2547432203e-07 -1.2247760372e-14
d  5.6408277003e-03 3.9485791928e+00 -2.0000000000e-01 3.2217020494e+00 1.2547511956e+00 3.0000000000e+02 -2.4229238112e-05 1.9524233746e-14 2.4229237968e-05 1.2547511983e-07 2.4229238355e-05 -2.4103763492e-05 -1.9516638406e-14 -1.2547483115e-07 -1.2745111980e-14
d  5.6409085213e-03 3.9486357675e+00 -2.0000000000e-01 3.2217174787e+00 1.2547580168e+00 3.0000000000e+02 -2.4230609628e-05 1.9321975603e-14 2.4230609454e-05 1.2547580201e-07 2.4230609920e-05 -2.4105134433e-05 -1.9314385682e-14 -1.2547545509e-07 -1.2618791664e-14
d  5.6410055065e-03 3.9487036571e+00 -2.0000000000e-01 3.2217359935e+00 1.2547662022e+00 3.0000000000e+02 -2.4232255456e-05 1.9323361783e-14 2.4232255248e-05 1.2547662062e-07 2.4232255806e-05 -2.4106779571e-05 -1.9315771576e-14 -1.2547620361e-07 -1.2619650848e-14
d  5.6411218888e-03 3.9487851247e+00 -2.0000000000e-01 3.2217582105e+00 1.2547760245e+00 3.0000000000e+02 -2.4234230473e-05 1.9322398931e-14 2.4234230223e-05 1.2547760293e-07 2.4234230894e-05 -2.4108753760e-05 -1.9314809498e-14 -1.2547710219e-07 -1.2619104138e-14
d  5.6412615475e-03 3.9488828858e+00 -2.0000000000e-01 3.2217848700e+00 1.2547878108e+00 3.0000000000e+02 -2.4236600526e-05 1.9321506071e-14 2.4236600227e-05 1.2547878165e-07 2.4236601032e-05 -2.4111122819e-05 -1.9313915753e-14 -1.2547818059e-07 -1.2618587873e-14
d  5.6414291379e-03 3.9490001991e+00 -2.0000000000e-01 3.2218168600e+00 1.2548019538e+00 3.0000000000e+02 -2.4239444638e-05 1.9320438613e-14 2.4239444279e-05 1.2548019607e-07 2.4239445245e-05 -2.4113965738e-05 -1.9312845714e-14 -1.2547947484e-07 -1.2617969945e-14
d  5.6416302465e-03 3.9491409751e+00 -2.0000000000e-01 3.2218552458e+00 1.2548189245e+00 3.0000000000e+02 -2.4242857642e-05 1.9319156876e-14 2.4242857211e-05 1.2548189327e-07 2.4242858370e-05 -2.4117377310e-05 -1.9311559624e-14 -1.2548102819e-07 -1.2617228476e-14
d  5.6418715767e-03 3.9493099062e+00 -2.0000000000e-01 3.2219013059e+00 1.2548392881e+00 3.0000000000e+02 -2.4246953345e-05 1.9317623289e-14 2.4246952828e-05 1.2548392980e-07 2.4246954219e-05 -2.4121471295e-05 -1.9310019761e-14 -1.2548289255e-07 -1.2616338829e-14
d  5.6421611730e-03 3.9495126236e+00 -2.0000000000e-01 3.2219565737e+00 1.2548637227e+00 3.0000000000e+02 -2.4251868331e-05 1.9315782127e-14 2.4251867711e-05 1.2548637345e-07 2.4251869381e-05 -2.4126384219e-05 -1.9308170201e-14 -1.2548513029e-07 -1.2615271407e-14
d  5.6425086886e-03 3.9497558845e+00 -2.0000000000e-01 3.2220228889e+00 1.2548930415e+00 3.0000000000e+02 -2.4257766520e-05 1.9313573121e-14 2.4257765777e-05 1.2548930556e-07 2.4257767781e-05 -2.4132279933e-05 -1.9305950392e-14 -1.2548781629e-07 -1.2613990765e-14
d  5.6429257073e-03 3.9500477976e+00 -2.0000000000e-01 3.2221024583e+00 1.2549282204e+00 3.0000000000e+02 -2.4264844643e-05 1.9310925951e-14 2.4264843752e-05 1.2549282373e-07 2.4264846157e-05 -2.4139355085e-05 -1.9303289662e-14 -1.2549104053e-07 -1.2612454363e-14
d  5.6434261297e-03 3.9503980932e+00 -2.0000000000e-01 3.2221979277e+00 1.2549704294e+00 3.0000000000e+02 -2.4273338853e-05 1.9307575905e-14 2.4273338816e-05 1.2549704296e-07 2.4273338984e-05 -2.4147841825e-05 -1.9287826459e-14 -1.2549712697e-07 -1.2603127737e-14
d  5.6440266365e-03 3.9508184480e+00 -2.0000000000e-01 3.2223124734e+00 1.2550210728e+00 3.0000000000e+02 -2.4283532489e-05 1.9316193483e-14 2.4283532445e-05 1.2550210731e-07 2.4283532647e-05 -2.4158030407e-05 -1.9296443727e-14 -1.2550220804e-07 -1.2609735461e-14
d  5.6447472448e-03 3.9513228738e+00 -2.0000000000e-01 3.2224498882e+00 1.2550818359e+00 3.0000000000e+02 -2.4295766186e-05 1.9308620854e-14 2.4295766134e-05 1.2550818363e-07 2.4295766376e-05 -2.4170258039e-05 -1.9288871562e-14 -1.2550830537e-07 -1.2603883157e-14
d  5.6456119747e-03 3.9519281847e+00 -2.0000000000e-01 3.2226147307e+00 1.2551547386e+00 3.0000000000e+02 -2.4310448468e-05 1.9303197176e-14 2.4310448405e-05 1.2551547390e-07 2.4310448695e-05 -2.4184933044e-05 -1.9283446897e-14 -1.2551561981e-07 -1.2599982778e-14
d  5.6466496506e-03 3.9526545578e+00 -2.0000000000e-01 3.2228124863e+00 1.2552421988e+00 3.0000000000e+02 -2.4328069051e-05 1.9296563136e-14 2.4328068976e-05 1.2552421993e-07 2.4328069324e-05 -2.4202544897e-05 -1.9276811944e-14 -1.2552439496e-07 -1.2596528330e-14
d  5.6478948617e-03 3.9535262055e+00 -2.0000000000e-01 3.2230497140e+00 1.2553471178e+00 3.0000000000e+02 -2.4349216383e-05 1.9288653602e-14 2.4349216293e-05 1.2553471185e-07 2.4349216710e-05 -2.4223681756e-05 -1.9268901662e-14 -1.2553492226e-07 -1.2591967092e-14
d  5.6493891150e-03 3.9545721827e+00 -2.0000000000e-01 3.2233342737e+00 1.2554729730e+00 3.0000000000e+02 -2.4374596969e-05 1.9279172564e-14 2.4374596862e-05 1.2554729737e-07 2.4374597362e-05 -2.4249049779e-05 -1.9259419726e-14 -1.2554755041e-07 -1.2586487428e-14
d  5.6511822189e-03 3.9558273554e+00 -2.0000000000e-01 3.2236755818e+00 1.2556239305e+00 3.0000000000e+02 -2.4405059121e-05 1.9267809859e-14 2.4405058993e-05 1.2556239313e-07 2.4405059592e-05 -2.4279496863e-05 -1.9248055944e-14 -1.2556269759e-07 -1.2579918770e-14
d  5.6533339436e-03 3.9573335627e+00 -2.0000000000e-01 3.2240849165e+00 1.2558049807e+00 3.0000000000e+02 -2.4441621541e-05 1.9254195148e-14 2.4441621388e-05 1.2558049817e-07 2.4441622107e-05 -2.4316041211e-05 -1.9234439945e-14 -1.2558086468e-07 -1.2572046190e-14
d  5.6559160133e-03 3.9591410114e+00 -2.0000000000e-01 3.2245757798e+00 1.2560220989e+00 3.0000000000e+02 -2.4485507718e-05 1.9237887675e-14 2.4485507535e-05 1.2560221001e-07 2.4485508397e-05 -2.4359905713e-05 -1.9218130934e-14 -1.2560265152e-07 -1.2562613180e-14
d  5.6590144969e-03 3.9613099498e+00 -2.0000000000e-01 3.2251643246e+00 1.2562824231e+00 3.0000000000e+02 -2.4538187508e-05 1.9217398851e-14 2.4538187492e-05 1.2562824231e-07 2.4538187586e-05 -2.4412559229e-05 -1.9197408696e-14 -1.2562832564e-07 -1.2550694717e-14
d  5.6627326773e-03 3.9639126759e+00 -2.0000000000e-01 3.2258698730e+00 1.2565945163e+00 3.0000000000e+02 -2.4601426764e-05 1.9194358696e-14 2.4601426744e-05 1.2565945162e-07 2.4601426858e-05 -2.4475767275e-05 -1.9174368491e-14 -1.2565955156e-07 -1.2537353207e-14
d  5.6671944937e-03 3.9670359472e+00 -2.0000000000e-01 3.2267154763e+00 1.2569685538e+00 3.0000000000e+02 -2.4677349033e-05 1.9163580987e-14 2.4677349010e-05 1.2569685537e-07 2.4677349146e-05 -2.4551652139e-05 -1.9143590725e-14 -1.2569697530e-07 -1.2519484254e-14
d  5.6725486734e-03 3.9707838728e+00 -2.0000000000e-01 3.2277287101e+00 1.2574167664e+00 3.0000000000e+02 -2.4768505424e-05 1.9129803251e-14 2.4768505397e-05 1.2574167664e-07 2.4768505560e-05 -2.4642763708e-05 -1.9109812936e-14 -1.2574182061e-07 -1.2499703562e-14
d  5.6789736890e-03 3.9752813835e+00 -2.0000000000e-01 3.2289424711e+00 1.2579537634e+00 3.0000000000e+02 -2.4877963750e-05 1.9090431938e-14 2.4877963717e-05 1.2579537633e-07 2.4877963913e-05 -2.4752168332e-05 -1.9070441563e-14 -1.2579554932e-07 -1.2476487133e-14
d  5.6866837078e-03 3.9806783964e+00 -2.0000000000e-01 3.2303959271e+00 1.2585969319e+00 3.0000000000e+02 -2.5009415644e-05 1.9042856650e-14 2.5009415606e-05 1.2585969319e-07 2.5009415840e-05 -2.4883555908e-05 -1.9022866150e-14 -1.2585990016e-07 -1.2448352111e-14
d  5.6959357303e-03 3.9871548118e+00 -2.0000000000e-01 3.2321358206e+00 1.2593669547e+00 3.0000000000e+02 -2.5167299708e-05 1.8986056896e-14 2.5167299662e-05 1.2593669546e-07 2.5167299942e-05 -2.5041362967e-05 -1.8966066286e-14 -1.2593694365e-07 -1.2415565335e-14
d  5.7070381573e-03 3.9949265103e+00 -2.0000000000e-01 3.2342175539e+00 1.2602884428e+00 3.0000000000e+02 -2.5356965215e-05 1.8918448988e-14 2.5356965160e-05 1.2602884428e-07 2.5356965496e-05 -2.5230936323e-05 -1.8898458255e-14 -1.2602914190e-07 -1.2375965522e-14
d  5.7142860000e-03 4.0000000000e+00 -2.0000000000e-01 3.2355729047e+00 1.2608885272e+00 3.0000000000e+02 -2.5480903177e-05 1.8874745739e-14 2.5480903142e-05 1.2608885271e-07 2.5480903357e-05 -2.5354814283e-05 -1.8854754064e-14 -1.2608904341e-07 -1.2350049446e-14
d  5.7229834113e-03 4.0060881876e+00 -2.0000000000e-01 3.2371956467e+00 1.2616070818e+00 3.0000000000e+02 -2.5629751362e-05 1.8822498060e-14 2.5629751320e-05 1.2616070818e-07 2.5629751578e-05 -2.5503590610e-05 -1.8802507181e-14 -1.2616093682e-07 -1.2319833661e-14
d  5.7334203048e-03 4.0133940127e+00 -2.0000000000e-01 3.2391376413e+00 1.2624671383e+00 3.0000000000e+02 -2.5808545715e-05 1.8760240712e-14 2.5808545664e-05 1.2624671382e-07 2.5808545974e-05 -2.5682298954e-05 -1.8740249725e-14 -1.2624698816e-07 -1.2283419168e-14
d  5.7459445771e-03 4.0221610029e+00 -2.0000000000e-01 3.2414605274e+00 1.2634960535e+00 3.0000000000e+02 -2.6023349182e-05 1.8686442043e-14 2.6023349122e-05 1.2634960534e-07 2.6023349492e-05 -2.5896999527e-05 -1.8666450914e-14 -1.2634993411e-07 -1.2240499958e-14
d  5.7609737038e-03 4.0326813910e+00 -2.0000000000e-01 3.2442371178e+00 1.2647262515e+00 3.0000000000e+02 -2.6281475776e-05 1.8598416441e-14 2.6281475768e-05 1.2647262515e-07 2.6281475817e-05 -2.6155003114e-05 -1.8578417220e-14 -1.2647267240e-07 -1.2188644088e-14
d  5.7790086559e-03 4.0453058569e+00 -2.0000000000e-01 3.2475529642e+00 1.2661959865e+00 3.0000000000e+02 -2.6591763090e-05 1.8492213433e-14 2.6591763080e-05 1.2661959865e-07 2.6591763140e-05 -2.6465143454e-05 -1.8472214207e-14 -1.2661965533e-07 -1.2124883816e-14
d  5.8006505984e-03 4.0604552158e+00 -2.0000000000e-01 3.2515094521e+00 1.2679502798e+00 3.0000000000e+02 -2.6964858790e-05 1.8366436532e-14 2.6964858779e-05 1.2679502798e-07 2.6964858850e-05 -2.6838063724e-05 -1.8346437300e-14 -1.2679509605e-07 -1.2050735595e-14
d  5.8266209293e-03 4.0786344466e+00 -2.0000000000e-01 3.2562251620e+00 1.2700425958e+00 3.0000000000e+02 -2.7413642819e-05 1.8222307889e-14 2.7413642806e-05 1.2700425957e-07 2.7413642891e-05 -2.7286638520e-05 -1.8202308649e-14 -1.2700434116e-07 -1.1964164557e-14
d  5.8577853265e-03 4.1004495235e+00 -2.0000000000e-01 3.2618396357e+00 1.2725349597e+00 3.0000000000e+02 -2.7953662926e-05 1.8050916912e-14 2.7953662910e-05 1.2725349597e-07 2.7953663013e-05 -2.7826409389e-05 -1.8030917661e-14 -1.2725359372e-07 -1.1863365370e-14
d  5.8951826031e-03 4.1266276158e+00 -2.0000000000e-01 3.2685139524e+00 1.2754994441e+00 3.0000000000e+02 -2.8603788780e-05 1.7848053159e-14 2.8603788762e-05 1.2754994441e-07 2.8603788884e-05 -2.8476238793e-05 -1.7828053897e-14 -1.2755006142e-07 -1.1742935891e-14
d  5.9400593350e-03 4.1580413266e+00 -2.0000000000e-01 3.2764343874e+00 1.2790201053e+00 3.0000000000e+02 -2.9386897974e-05 1.7613906302e-14 2.9386897952e-05 1.2790201052e-07 2.9386898099e-05 -2.9258995919e-05 -1.7593907029e-14 -1.2790215110e-07 -1.1603070954e-14
d  5.9939114133e-03 4.1957377795e+00 -2.0000000000e-01 3.2858147527e+00 1.2831939182e+00 3.0000000000e+02 -3.0330767560e-05 1.7343529721e-14 3.0330767535e-05 1.2831939181e-07 3.0330767711e-05 -3.0202448122e-05 -1.7323530435e-14 -1.2831956035e-07 -1.1440836712e-14
d  6.0585339072e-03 4.2409735230e+00 -2.0000000000e-01 3.2968976761e+00 1.2881313309e+00 3.0000000000e+02 -3.1469194896e-05 1.7030438542e-14 3.1469194866e-05 1.2881313308e-07 3.1469195078e-05 -3.1340381714e-05 -1.7010439244e-14 -1.2881333619e-07 -1.1251993205e-14
d  6.1360808999e-03 4.2952564152e+00 -2.0000000000e-01 3.3099560579e+00 1.2939578810e+00 3.0000000000e+02 -3.2843345243e-05 1.6672393200e-14 3.2843345207e-05 1.2939578809e-07 3.2843345464e-05 -3.2713949402e-05 -1.6652393891e-14 -1.2939603352e-07 -1.1034487815e-14
d  6.2291372912e-03 4.3603958858e+00 -2.0000000000e-01 3.3252921333e+00 1.3008129607e+00 3.0000000000e+02 -3.4503458418e-05 1.6261284258e-14 3.4503458413e-05 1.3008129606e-07 3.4503458449e-05 -3.4373377091e-05 -1.6241284338e-14 -1.3008133143e-07 -1.0783324690e-14
d  6.3408049608e-03 4.4385632506e+00 -2.0000000000e-01 3.3432350301e+00 1.3088511549e+00 3.0000000000e+02 -3.6510940683e-05 1.5796076784e-14 3.6510940677e-05 1.3088511549e-07 3.6510940722e-05 -3.6380055536e-05 -1.5776076864e-14 -1.3088515883e-07 -1.0496277777e-14
d  6.4748061642e-03 4.5323640883e+00 -2.0000000000e-01 3.3641393324e+00 1.3182436517e+00 3.0000000000e+02 -3.8940825196e-05 1.5278764446e-14 3.8940825189e-05 1.3182436517e-07 3.8940825245e-05 -3.8809000800e-05 -1.5258764526e-14 -1.3182441898e-07 -1.0173776560e-14
d  6.6356076083e-03 4.6449250936e+00 -2.0000000000e-01 3.3883742132e+00 1.3291814675e+00 3.0000000000e+02 -4.1885029348e-05 1.4713989221e-14 4.1885029339e-05 1.3291814674e-07 4.1885029410e-05 -4.1752111170e-05 -1.4693989304e-14 -1.3291821544e-07 -9.8150093593e-15
d  6.8285693413e-03 4.7799982999e+00 -2.0000000000e-01 3.4163046309e+00 1.3418638186e+00 3.0000000000e+02 -4.5456455634e-05 1.4090288859e-14 4.5456455624e-05 1.3418638186e-07 4.5456455715e-05 -4.5322269222e-05 -1.4070288945e-14 -1.3418646979e-07 -9.4123920490e-15
d  7.0601234208e-03 4.9420861475e+00 -2.0000000000e-01 3.4483100728e+00 1.3564806705e+00 3.0000000000e+02 -4.9792535822e-05 1.3400599643e-14 4.9792535809e-05 1.3564806705e-07 4.9792535928e-05 -4.9656887724e-05 -1.3380599732e-14 -1.3564818227e-07 -8.9708680568e-15
d  7.1428570000e-03 4.9999996500e+00 -2.0000000000e-01 3.4593713422e+00 1.3615528712e+00 3.0000000000e+02 -5.1354276927e-05 1.3186720437e-14 5.1354276924e-05 1.3615528712e-07 5.1354276954e-05 -5.1218121615e-05 -1.3166720489e-14 -1.3615531702e-07 -8.8316243383e-15
d  7.2421372950e-03 5.0694958530e+00 -2.0000000000e-01 3.4723993267e+00 1.3675407818e+00 3.0000000000e+02 -5.3236550879e-05 1.2925428699e-14 5.3236550874e-05 1.3675407818e-07 5.3236550914e-05 -5.3099796776e-05 -1.2905428767e-14 -1.3675411672e-07 -8.6620877242e-15
d  7.3612736490e-03 5.1528912966e+00 -2.0000000000e-01 3.4876954430e+00 1.3745946208e+00 3.0000000000e+02 -5.5506528455e-05 1.2632189455e-14 5.5506528449e-05 1.3745946208e-07 5.5506528502e-05 -5.5369068968e-05 -1.2612189529e-14 -1.3745951256e-07 -8.4696628307e-15
d  7.5042372738e-03 5.2529658290e+00 -2.0000000000e-01 3.5055823556e+00 1.3828763020e+00 3.0000000000e+02 -5.8246115780e-05 1.2291541355e-14 5.8246115773e-05 1.3828763020e-07 5.8246115843e-05 -5.8107828125e-05 -1.2271541435e-14 -1.3828769781e-07 -8.2452170037e-15
d  7.6757936235e-03 5.3730552678e+00 -2.0000000000e-01 3.5264087125e+00 1.3925660733e+00 3.0000000000e+02 -6.1554885178e-05 1.1910818442e-14 6.1554885169e-05 1.3925660732e-07 6.1554885265e-05 -6.1415628545e-05 -1.1890818531e-14 -1.3925669949e-07 -7.9932054734e-15
d  7.8816612432e-03 5.5171625944e+00 -2.0000000000e-01 3.5505370674e+00 1.4038553379e+00 3.0000000000e+02 -6.5554184234e-05 1.1482383350e-14 6.5554184220e-05 1.4038553379e-07 6.5554184375e-05 -6.5413798674e-05 -1.1462383465e-14 -1.4038568167e-07 -7.7089285149e-15
d  8.1287023869e-03 5.6900913863e+00 -2.0000000000e-01 3.5783273904e+00 1.4169491279e+00 3.0000000000e+02 -7.0392133196e-05 1.1009256966e-14 7.0392133017e-05 1.4169491276e-07 7.0392135112e-05 -7.0250438185e-05 -1.0989258222e-14 -1.4169690875e-07 -7.3916535160e-15
d  8.4251517592e-03 5.8976059366e+00 -2.0000000000e-01 3.6101256640e+00 1.4320515961e+00 3.0000000000e+02 -7.6249342420e-05 1.0485690985e-14 7.6249342190e-05 1.4320515957e-07 7.6249345044e-05 -7.6106137156e-05 -1.0465692361e-14 -1.4320787074e-07 -7.0397286367e-15
d  8.5714290000e-03 6.0000000000e+00 -2.0000000000e-01 3.6252120923e+00 1.4392789294e+00 3.0000000000e+02 -7.9159596923e-05 1.0257728786e-14 7.9159596824e-05 1.4392789292e-07 7.9159598092e-05 -7.9015668979e-05 -1.0237729836e-14 -1.4392909646e-07 -6.8775992029e-15
d  8.7469616889e-03 5.8771271526e+00 -2.0000000000e-01 3.6070619419e+00 1.4305888105e+00 3.0000000000e+02 -7.5668840355e-05 -2.1682486227e-14 7.5668840364e-05 1.4305888105e-07 7.5668840244e-05 -7.5525781513e-05 2.1702486325e-14 -1.4305876712e-07 1.4584710668e-14
d  8.9576009156e-03 5.7296797357e+00 -2.0000000000e-01 3.5845214218e+00 1.4198803911e+00 3.0000000000e+02 -7.1505277129e-05 -1.0869432051e-14 7.1505277138e-05 1.4198803911e-07 7.1505277021e-05 -7.1363289111e-05 1.0889432133e-14 -1.4198792755e-07 7.3280982447e-15
d  9.2103679876e-03 5.5527428354e+00 -2.0000000000e-01 3.5563550537e+00 1.4065885901e+00 3.0000000000e+02 -6.6546259391e-05 -1.1342354201e-14 6.6546259401e-05 1.4065885902e-07 6.6546259281e-05 -6.6405600555e-05 1.1362354273e-14 -1.4065874491e-07 7.6414906340e-15
d  9.5136884740e-03 5.3404185551e+00 -2.0000000000e-01 3.5208150426e+00 1.3899585425e+00 3.0000000000e+02 -6.0653450417e-05 -1.1958421714e-14 6.0653450416e-05 1.3899585425e-07 6.0653450415e-05 -6.0514454581e-05 1.1978421715e-14 -1.3899585304e-07 8.0521464407e-15
d  9.8776730578e-03 5.0856294186e+00 -2.0000000000e-01 3.4753869683e+00 1.3689164789e+00 3.0000000000e+02 -5.3674748345e-05 -1.2797260110e-14 5.3674748345e-05 1.3689164789e-07 5.3674748342e-05 -5.3537856718e-05 1.2817260111e-14 -1.3689164629e-07 8.6053154249e-15
d  1.0000000000e-02 5.0000005833e+00 -2.0000000000e-01 3.4593714998e+00 1.3615529397e+00 3.0000000000e+02 -5.1354302785e-05 -1.3139700113e-14 5.1354302786e-05 1.3615529397e-07 5.1354302767e-05 -5.1218147513e-05 1.3159700135e-14 -1.3615527582e-07 8.8279139188e-15
d  1.0146792331e-02 4.8972459810e+00 -2.0000000000e-01 3.4396137324e+00 1.3525005669e+00 3.0000000000e+02 -4.8587741619e-05 -1.3554662803e-14 4.8587741620e-05 1.3525005669e-07 4.8587741603e-05 -4.8452491585e-05 1.3574662824e-14 -1.3525004017e-07 9.0952472480e-15
d  1.0322943128e-02 4.7739404581e+00 -2.0000000000e-01 3.4150772023e+00 1.3413048979e+00 3.0000000000e+02 -4.5295441862e-05 -1.4082656630e-14 4.5295441863e-05 1.3413048979e-07 4.5295441848e-05 -4.5161311396e-05 1.4102656645e-14 -1.3413047623e-07 9.4343197138e-15
d  1.0534324084e-02 4.6259738307e+00 -2.0000000000e-01 3.3843582148e+00 1.3273639225e+00 3.0000000000e+02 -4.1387187199e-05 -1.4762820473e-14 4.1387187200e-05 1.3273639225e-07 4.1387187184e-05 -4.1254450831e-05 1.4782820488e-14 -1.3273637751e-07 9.8684498633e-15
d  1.0787981231e-02 4.4484138778e+00 -2.0000000000e-01 3.3454618614e+00 1.3098501252e+00 3.0000000000e+02 -3.6765067214e-05 -1.5670879978e-14 3.6765067212e-05 1.3098501252e-07 3.6765067219e-05 -3.6634082226e-05 1.5690879973e-14 -1.3098501977e-07 1.0447381145e-14
d  1.1092369808e-02 4.2353419343e+00 -2.0000000000e-01 3.2955279837e+00 1.2875207517e+00 3.0000000000e+02 -3.1327131687e-05 -1.6961732989e-14 3.1327131685e-05 1.2875207517e-07 3.1327131697e-05 -3.1198379638e-05 1.6981732981e-14 -1.2875208745e-07 1.1240032617e-14
d  1.1428570000e-02 4.0000018667e+00 -2.0000000000e-01 3.2355733628e+00 1.2608887204e+00 3.0000000000e+02 -2.5480950130e-05 -1.8708048049e-14 2.5480950123e-05 1.2608887203e-07 2.5480950170e-05 -2.5354861282e-05 1.8728048021e-14 -1.2608891827e-07 1.2284005444e-14
d  1.1832010230e-02 3.7175937855e+00 -2.0000000000e-01 3.1554123763e+00 1.2254978127e+00 3.0000000000e+02 -1.8739380305e-05 -2.1464456187e-14 1.8739380300e-05 1.2254978127e-07 1.8739380326e-05 -1.8616830554e-05 2.1484456173e-14 -1.2254980695e-07 1.3869233626e-14
d  1.2142860000e-02 3.4999990083e+00 -2.0000000000e-01 3.0858906865e+00 1.1948834731e+00 3.0000000000e+02 -1.3803610727e-05 -2.4566805516e-14 1.3803610726e-05 1.1948834731e-07 1.3803610729e-05 -1.3684122418e-05 2.4586805513e-14 -1.1948835113e-07 1.5535152380e-14
d  1.2515879724e-02 3.2388852758e+00 -2.0000000000e-01 2.9899718163e+00 1.1527594351e+00 3.0000000000e+02 -8.2971153156e-06 -3.0060937910e-14 8.2971153107e-06 1.1527594350e-07 8.2971153298e-06 -8.1818394156e-06 3.0080937897e-14 -1.1527596252e-07 1.8300205600e-14
d  1.2857140000e-02 3.0000031500e+00 -2.0000000000e-01 2.8841459241e+00 1.1063287861e+00 3.0000000000e+02 -3.8619075295e-06 -3.9665251679e-14 3.8619075280e-06 1.1063287861e-07 3.8619075318e-06 -3.7512747113e-06 3.9685251675e-14 -1.1063288258e-07 2.2450913339e-14
d  1.3061896166e-02 2.8566738745e+00 -2.0000000000e-01 2.8069440507e+00 1.0730482817e+00 3.0000000000e+02 -1.6576607930e-06 -5.3913586537e-14 1.6576607915e-06 1.0730482817e-07 1.6576607942e-06 -1.5503560445e-06 5.3933586527e-14 -1.0730483071e-07 2.7067538931e-14
d  1.3123323016e-02 2.8136750919e+00 -2.0000000000e-01 2.7809859665e+00 1.0625381232e+00 3.0000000000e+02 -1.0896375129e-06 -6.6044898993e-14 1.0896375093e-06 1.0625381231e-07 1.0896375159e-06 -9.8338379349e-07 6.6064898897e-14 -1.0625381743e-07 2.8981820033e-14
d  1.3160179125e-02 2.7878758223e+00 -2.0000000000e-01 2.7649834486e+00 1.0568113163e+00 3.0000000000e+02 -7.6307912202e-07 -7.7622655133e-14 7.6307914296e-07 1.0568113156e-07 7.6307912527e-07 -6.5739806213e-07 7.7642662613e-14 -1.0568116951e-07 2.8729007158e-14
d  1.3182292791e-02 2.7723962605e+00 -2.0000000000e-01 2.7557276408e+00 1.0545655168e+00 3.0000000000e+02 -5.5562065822e-07 -9.2546986692e-14 5.5562119634e-07 1.0545654963e-07 5.5562077222e-07 -4.5016297324e-07 9.2567468149e-14 -1.0545791691e-07 2.5360074548e-14
d  1.3185609841e-02 2.7700743263e+00 -2.0000000000e-01 2.7544641587e+00 1.0544961903e+00 3.0000000000e+02 -5.2033892042e-07 -1.0268576362e-13 5.2033961795e-07 1.0544961626e-07 5.2033908805e-07 -4.1488745580e-07 1.0270989483e-13 -1.0545175614e-07 2.1179294433e-14
d  1.3187600071e-02 2.7686811657e+00 -2.0000000000e-01 2.7537484052e+00 1.0545367761e+00 3.0000000000e+02 -4.9775868457e-07 -1.0882081559e-13 4.9775911036e-07 1.0545367587e-07 4.9775879536e-07 -3.9230371442e-07 1.0884683109e-13 -1.0545520819e-07 1.8414107636e-14
d  1.3188794209e-02 2.7678452694e+00 -2.0000000000e-01 2.7533413283e+00 1.0546037018e+00 3.0000000000e+02 -4.8346470259e-07 -1.1311950923e-13 4.8346515863e-07 1.0546036829e-07 4.8346482715e-07 -3.7800274722e-07 1.1315162123e-13 -1.0546220947e-07 1.6397940787e-14
d  1.3189510692e-02 2.7673437316e+00 -2.0000000000e-01 2.7531076817e+00 1.0546638321e+00 3.0000000000e+02 -4.7453499572e-07 -1.1623430170e-13 4.7453537601e-07 1.0546638161e-07 4.7453510243e-07 -3.6906722569e-07 1.1627227806e-13 -1.0546800788e-07 1.4888698034e-14
d  1.3189940582e-02 2.7670428089e+00 -2.0000000000e-01 2.7529720238e+00 1.0547085309e+00 3.0000000000e+02 -4.6902617011e-07 -1.1827790620e-13 4.6902669433e-07 1.0547085087e-07 4.6902631855e-07 -3.6355338132e-07 1.1833930575e-13 -1.0547306939e-07 1.3861051439e-14
d  1.3190456449e-02 2.7666817017e+00 -2.0000000000e-01 2.7528145507e+00 1.0547721012e+00 3.0000000000e+02 -4.6223836702e-07 -1.2099315437e-13 4.6223880205e-07 1.0547720826e-07 4.6223849350e-07 -3.5675938921e-07 1.2104862496e-13 -1.0547923778e-07 1.2506230962e-14
d  1.3190765970e-02 2.7664650374e+00 -2.0000000000e-01 2.7527231890e+00 1.0548160752e+00 3.0000000000e+02 -4.5806161177e-07 -1.2284099045e-13 4.5806215248e-07 1.0548160520e-07 4.5806176930e-07 -3.5257787273e-07 1.2292477385e-13 -1.0548403100e-07 1.1574875762e-14
d  1.3191137394e-02 2.7662050402e+00 -2.0000000000e-01 2.7526170941e+00 1.0548754190e+00 3.0000000000e+02 -4.5293153674e-07 -1.2525415594e-13 4.5293197240e-07 1.0548754002e-07 4.5293166631e-07 -3.4744212441e-07 1.2532675905e-13 -1.0548967748e-07 1.0333518711e-14
d  1.3191360249e-02 2.7660490419e+00 -2.0000000000e-01 2.7525554739e+00 1.0549148065e+00 3.0000000000e+02 -4.4978559863e-07 -1.2687194256e-13 4.4978607308e-07 1.0549147861e-07 4.4978573865e-07 -3.4429227706e-07 1.2697080277e-13 -1.0549359797e-07 9.5040958723e-15
d  1.3191627675e-02 2.7658618439e+00 -2.0000000000e-01 2.7524837809e+00 1.0549662388e+00 3.0000000000e+02 -4.4593543205e-07 -1.2894691599e-13 4.4593580276e-07 1.0549662227e-07 4.4593554333e-07 -3.4043726417e-07 1.2902933245e-13 -1.0549841652e-07 8.4170057556e-15
d  1.3191788130e-02 2.7657495251e+00 -2.0000000000e-01 2.7524420382e+00 1.0549994548e+00 3.0000000000e+02 -4.4358289679e-07 -1.3031021921e-13 4.4358324882e-07 1.0549994395e-07 4.4358300041e-07 -3.3808173500e-07 1.3040750214e-13 -1.0550140341e-07 7.7051736270e-15
d  1.3191980677e-02 2.7656147425e+00 -2.0000000000e-01 2.7523933126e+00 1.0550418391e+00 3.0000000000e+02 -4.4071433106e-07 -1.3202500921e-13 4.4071484505e-07 1.0550418167e-07 4.4071448504e-07 -3.3520815427e-07 1.3215809994e-13 -1.0550646966e-07 6.8086731810e-15
d  1.3192211733e-02 2.7654530035e+00 -2.0000000000e-01 2.7523370020e+00 1.0550966858e+00 3.0000000000e+02 -4.3720005000e-07 -1.3426670818e-13 4.3720050480e-07 1.0550966658e-07 4.3720018979e-07 -3.3168831264e-07 1.3438254625e-13 -1.0551201701e-07 5.6053393745e-15
d  1.3192350366e-02 2.7653559600e+00 -2.0000000000e-01 2.7523044323e+00 1.0551318406e+00 3.0000000000e+02 -4.3505092535e-07 -1.3574476592e-13 4.3505131967e-07 1.0551318234e-07 4.3505104359e-07 -3.2953633414e-07 1.3586867271e-13 -1.0551484996e-07 4.8182537151e-15
d  1.3192516727e-02 2.7652395079e+00 -2.0000000000e-01 2.7522666510e+00 1.0551764321e+00 3.0000000000e+02 -4.3242856587e-07 -1.3759831111e-13 4.3242887175e-07 1.0551764186e-07 4.3242865899e-07 -3.2690976016e-07 1.3769958886e-13 -1.0551904025e-07 3.8197418724e-15
d  1.3192616543e-02 2.7651696367e+00 -2.0000000000e-01 2.7522447103e+00 1.0552045323e+00 3.0000000000e+02 -4.3083087720e-07 -1.3880546798e-13 4.3083132180e-07 1.0552045130e-07 4.3083100712e-07 -3.2530913143e-07 1.3896610646e-13 -1.0552201769e-07 3.1787235950e-15
d  1.3192736322e-02 2.7650857911e+00 -2.0000000000e-01 2.7522191547e+00 1.0552396753e+00 3.0000000000e+02 -4.2888788270e-07 -1.4032930258e-13 4.2888851915e-07 1.0552396475e-07 4.2888807209e-07 -3.2336184501e-07 1.4055024249e-13 -1.0552636982e-07 2.3645590766e-15
d  1.3192880057e-02 2.7649851765e+00 -2.0000000000e-01 2.7521897008e+00 1.0552840715e+00 3.0000000000e+02 -4.2651585748e-07 -1.4229148987e-13 4.2651616091e-07 1.0552840581e-07 4.2651595048e-07 -3.2098632999e-07 1.4240439855e-13 -1.0552976392e-07 1.2654684027e-15
d  1.3192966298e-02 2.7649248077e+00 -2.0000000000e-01 2.7521726895e+00 1.0553119071e+00 3.0000000000e+02 -4.2507060711e-07 -1.4355511853e-13 4.2507101857e-07 1.0553118892e-07 4.2507072694e-07 -3.1953831782e-07 1.4372018536e-13 -1.0553255333e-07 6.3264186631e-16
d  1.3193069788e-02 2.7648523652e+00 -2.0000000000e-01 2.7521529662e+00 1.0553466016e+00 3.0000000000e+02 -4.2331330081e-07 -1.4506133114e-13 4.2331387632e-07 1.0553465764e-07 4.2331347171e-07 -3.1777690706e-07 1.4528409475e-13 -1.0553670952e-07 -2.2608310923e-16
d  1.3193193975e-02 2.7647654341e+00 -2.0000000000e-01 2.7521303797e+00 1.0553902209e+00 3.0000000000e+02 -4.2116848073e-07 -1.4708692123e-13 4.2116901238e-07 1.0553901973e-07 4.2116864433e-07 -3.1562749835e-07 1.4729022160e-13 -1.0554129169e-07 -1.3407995577e-15
d  1.3193268487e-02 2.7647132755e+00 -2.0000000000e-01 2.7521174229e+00 1.0554174880e+00 3.0000000000e+02 -4.1986175296e-07 -1.4837272561e-13 4.1986242227e-07 1.0554174590e-07 4.1986194629e-07 -3.1431830172e-07 1.4865094921e-13 -1.0554379084e-07 -2.0303040657e-15
d  1.3193357902e-02 2.7646506852e+00 -2.0000000000e-01 2.7521025032e+00 1.0554513552e+00 3.0000000000e+02 -4.1827273380e-07 -1.5001447020e-13 4.1827322545e-07 1.0554513337e-07 4.1827287854e-07 -3.1272627379e-07 1.5022412827e-13 -1.0554675172e-07 -2.9360445488e-15
d  1.3193465200e-02 2.7645755767e+00 -2.0000000000e-01 2.7520855532e+00 1.0554937531e+00 3.0000000000e+02 -4.1633411810e-07 -1.5199882571e-13 4.1633458688e-07 1.0554937324e-07 4.1633426187e-07 -3.1078316812e-07 1.5219698393e-13 -1.0555124172e-07 -4.0482968383e-15
d  1.3193593957e-02 2.7644854466e+00 -2.0000000000e-01 2.7520667059e+00 1.0555473769e+00 3.0000000000e+02 -4.1395802457e-07 -1.5464153043e-13 4.1395849744e-07 1.0555473557e-07 4.1395817475e-07 -3.0840126637e-07 1.5484253607e-13 -1.0555705750e-07 -5.5297363267e-15
d  1.3193671212e-02 2.7644313686e+00 -2.0000000000e-01 2.7520562399e+00 1.0555810993e+00 3.0000000000e+02 -4.1250428893e-07 -1.5640786379e-13 4.1250481850e-07 1.0555810760e-07 4.1250444744e-07 -3.0694469726e-07 1.5664611048e-13 -1.0555989998e-07 -6.5056579157e-15
d  1.3193763917e-02 2.7643664749e+00 -2.0000000000e-01 2.7520445715e+00 1.0556231921e+00 3.0000000000e+02 -4.1073011244e-07 -1.5862215487e-13 4.1073052859e-07 1.0556231736e-07 4.1073023942e-07 -3.0516653898e-07 1.5881562634e-13 -1.0556385128e-07 -7.7260876614e-15
d  1.3193875163e-02 2.7642886025e+00 -2.0000000000e-01 2.7520319641e+00 1.0556762630e+00 3.0000000000e+02 -4.0855461444e-07 -1.6143792537e-13 4.0855505193e-07 1.0556762433e-07 4.0855475337e-07 -3.0298527116e-07 1.6164317268e-13 -1.0556963436e-07 -9.3174529970e-15
d  1.3193941911e-02 2.7642418790e+00 -2.0000000000e-01 2.7520251923e+00 1.0557095618e+00 3.0000000000e+02 -4.0722289228e-07 -1.6334595152e-13 4.0722333082e-07 1.0557095425e-07 4.0722302167e-07 -3.0165087960e-07 1.6356044452e-13 -1.0557229488e-07 -1.0395960786e-14
d  1.3194022008e-02 2.7641858109e+00 -2.0000000000e-01 2.7520178833e+00 1.0557510128e+00 3.0000000000e+02 -4.0559758781e-07 -1.6567497965e-13 4.0559824458e-07 1.0557509837e-07 4.0559778617e-07 -3.0002065471e-07 1.6598923699e-13 -1.0557728559e-07 -1.1646939712e-14
d  1.3194118125e-02 2.7641185292e+00 -2.0000000000e-01 2.7520104438e+00 1.0558031923e+00 3.0000000000e+02 -4.0360284651e-07 -1.6880635201e-13 4.0360322590e-07 1.0558031752e-07 4.0360296624e-07 -2.9802121587e-07 1.6899978951e-13 -1.0558190552e-07 -1.3479526413e-14
d  1.3194175795e-02 2.7640781601e+00 -2.0000000000e-01 2.7520066970e+00 1.0558358156e+00 3.0000000000e+02 -4.0238210327e-07 -1.7073709325e-13 4.0238277311e-07 1.0558357863e-07 4.0238229679e-07 -2.9679705977e-07 1.7107194434e-13 -1.0558539328e-07 -1.4507457810e-14
d  1.3194244999e-02 2.7640297172e+00 -2.0000000000e-01 2.7520029906e+00 1.0558764061e+00 3.0000000000e+02 -4.0089088809e-07 -1.7336809890e-13 4.0089140521e-07 1.0558763833e-07 4.0089104114e-07 -2.9530203347e-07 1.7363324495e-13 -1.0558916484e-07 -1.6015500892e-14
d  1.3194328044e-02 2.7639715858e+00 -2.0000000000e-01 2.7519997487e+00 1.0559273215e+00 3.0000000000e+02 -3.9906123786e-07 -1.7656999315e-13 3.9906180074e-07 1.0559272962e-07 3.9906141356e-07 -2.9346674604e-07 1.7686212706e-13 -1.0559482631e-07 -1.7822300755e-14
d  1.3194377871e-02 2.7639367069e+00 -2.0000000000e-01 2.7519984960e+00 1.0559591442e+00 3.0000000000e+02 -3.9794036398e-07 -1.7878677103e-13 3.9794085969e-07 1.0559591226e-07 3.9794050256e-07 -2.9234357721e-07 1.7905112440e-13 -1.0559708475e-07 -1.9110877256e-14
d  1.3194437664e-02 2.7638948523e+00 -2.0000000000e-01 2.7519976883e+00 1.0559985962e+00 3.0000000000e+02 -3.9657213306e-07 -1.8141981877e-13 3.9657288267e-07 1.0559985633e-07 3.9657234885e-07 -2.9097072355e-07 1.8181131086e-13 -1.0560178635e-07 -2.0499085109e-14
d  1.3194509415e-02 2.7638446267e+00 -2.0000000000e-01 2.7519978732e+00 1.0560480551e+00 3.0000000000e+02 -3.9489178545e-07 -1.8503811531e-13 3.9489221528e-07 1.0560480359e-07 3.9489191685e-07 -2.8928587629e-07 1.8527460852e-13 -1.0560620268e-07 -2.2663059232e-14
d  1.3194595516e-02 2.7637843560e+00 -2.0000000000e-01 2.7519998558e+00 1.0561106233e+00 3.0000000000e+02 -3.9281667468e-07 -1.8955909609e-13 3.9281719376e-07 1.0561105996e-07 3.9281684189e-07 -2.8720375235e-07 1.8985403880e-13 -1.0561325401e-07 -2.5193105198e-14
d  1.3194647176e-02 2.7637481936e+00 -2.0000000000e-01 2.7520020600e+00 1.0561500322e+00 3.0000000000e+02 -3.9153778933e-07 -1.9270513831e-13 3.9153855708e-07 1.0561499983e-07 3.9153801233e-07 -2.8592120184e-07 1.9312149961e-13 -1.0561697607e-07 -2.6986553819e-14
d  1.3194709169e-02 2.7637047987e+00 -2.0000000000e-01 2.7520058024e+00 1.0561993166e+00 3.0000000000e+02 -3.8996654543e-07 -1.9678893694e-13 3.8996716449e-07 1.0561992890e-07 3.8996673029e-07 -2.8434521804e-07 1.9713354486e-13 -1.0562167959e-07 -2.9263635522e-14
d  1.3194783560e-02 2.7636527249e+00 -2.0000000000e-01 2.7520120413e+00 1.0562616630e+00 3.0000000000e+02 -3.8802278558e-07 -2.0197941834e-13 3.8802319616e-07 1.0562616443e-07 3.8802291605e-07 -2.8239541023e-07 2.0222508528e-13 -1.0562767542e-07 -3.2287673546e-14
d  1.3194828195e-02 2.7636214805e+00 -2.0000000000e-01 2.7520167538e+00 1.0563008891e+00 3.0000000000e+02 -3.8682422587e-07 -2.0525103605e-13 3.8682477872e-07 1.0563008649e-07 3.8682438070e-07 -2.8119324134e-07 2.0556707973e-13 -1.0563131026e-07 -3.4247131861e-14
d  1.3194881757e-02 2.7635839874e+00 -2.0000000000e-01 2.7520234696e+00 1.0563499005e+00 3.0000000000e+02 -3.8535059076e-07 -2.0983668519e-13 3.8535103307e-07 1.0563498809e-07 3.8535071858e-07 -2.7971482960e-07 2.1009624348e-13 -1.0563606189e-07 -3.6796477031e-14
d  1.3194946031e-02 2.7635389955e+00 -2.0000000000e-01 2.7520332310e+00 1.0564118374e+00 3.0000000000e+02 -3.8352548554e-07 -2.1575219690e-13 3.8352603927e-07 1.0564118124e-07 3.8352565748e-07 -2.7788290992e-07 2.1608350247e-13 -1.0564292321e-07 -4.0181630924e-14
d  1.3194984595e-02 2.7635120004e+00 -2.0000000000e-01 2.7520400684e+00 1.0564508080e+00 3.0000000000e+02 -3.8239773506e-07 -2.1983977844e-13 3.8239851380e-07 1.0564507744e-07 3.8239794240e-07 -2.7675157831e-07 2.2028969552e-13 -1.0564654122e-07 -4.2503441653e-14
d  1.3195030872e-02 2.7634796063e+00 -2.0000000000e-01 2.7520493385e+00 1.0564995084e+00 3.0000000000e+02 -3.8100892776e-07 -2.2517457480e-13 3.8100952577e-07 1.0564994823e-07 3.8100909287e-07 -2.7535809337e-07 2.2552694600e-13 -1.0565117895e-07 -4.5466612303e-14
d  1.3195086405e-02 2.7634407334e+00 -2.0000000000e-01 2.7520621624e+00 1.0565610686e+00 3.0000000000e+02 -3.7928570102e-07 -2.3195110292e-13 3.7928643076e-07 1.0565610358e-07 3.7928592017e-07 -2.7362806003e-07 2.3238763827e-13 -1.0565804280e-07 -4.9365299212e-14
d  1.3195153045e-02 2.7633940859e+00 -2.0000000000e-01 2.7520803408e+00 1.0566400865e+00 3.0000000000e+02 -3.7712483711e-07 -2.4140857150e-13 3.7712538458e-07 1.0566400613e-07 3.7712501382e-07 -2.7145924867e-07 2.4176409015e-13 -1.0566595149e-07 -5.4871628951e-14
d  1.3195193028e-02 2.7633660974e+00 -2.0000000000e-01 2.7520928444e+00 1.0566904643e+00 3.0000000000e+02 -3.7577510001e-07 -2.4775581383e-13 3.7577571787e-07 1.0566904372e-07 3.7577527211e-07 -2.7010516028e-07 2.4813046895e-13 -1.0567030080e-07 -5.8522465578e-14
d  1.3195241008e-02 2.7633325112e+00 -2.0000000000e-01 2.7521096433e+00 1.0567542044e+00 3.0000000000e+02 -3.7409559587e-07 -2.5647528182e-13 3.7409611466e-07 1.0567541814e-07 3.7409574576e-07 -2.6841935542e-07 2.5679799243e-13 -1.0567658334e-07 -6.3361130125e-14
d  1.3195298585e-02 2.7632922077e+00 -2.0000000000e-01 2.7521328194e+00 1.0568362407e+00 3.0000000000e+02 -3.7197961014e-07 -2.6849359178e-13 3.7198001413e-07 1.0568362222e-07 3.7197973676e-07 -2.6629510854e-07 2.6876322452e-13 -1.0568482640e-07 -7.0234364141e-14
d  1.3195333131e-02 2.7632680256e+00 -2.0000000000e-01 2.7521484831e+00 1.0568887029e+00 3.0000000000e+02 -3.7065141617e-07 -2.7686915746e-13 3.7065229148e-07 1.0568886651e-07 3.7065164578e-07 -2.6496148992e-07 2.7740352666e-13 -1.0569035791e-07 -7.4853423045e-14
d  1.3195374586e-02 2.7632390071e+00 -2.0000000000e-01 2.7521693167e+00 1.0569553926e+00 3.0000000000e+02 -3.6898968248e-07 -2.8853360494e-13 3.6899038723e-07 1.0569553617e-07 3.6898987540e-07 -2.6329322330e-07 2.8897227330e-13 -1.0569685885e-07 -8.1367734178e-14
d  1.3195424332e-02 2.7632041849e+00 -2.0000000000e-01 2.7521977206e+00 1.0570416711e+00 3.0000000000e+02 -3.6688214490e-07 -3.0435585425e-13 3.6688266477e-07 1.0570416476e-07 3.6688230168e-07 -2.6117706373e-07 3.0469832795e-13 -1.0570545188e-07 -9.0279514405e-14
d  1.3195454179e-02 2.7631832916e+00 -2.0000000000e-01 2.7522167671e+00 1.0570971341e+00 3.0000000000e+02 -3.6555081649e-07 -3.1558901510e-13 3.6555140074e-07 1.0570971094e-07 3.6555095794e-07 -2.5984063924e-07 3.1596069520e-13 -1.0571053749e-07 -9.6503680545e-14
d  1.3195489996e-02 2.7631582197e+00 -2.0000000000e-01 2.7522419185e+00 1.0571679097e+00 3.0000000000e+02 -3.6387670461e-07 -3.3081393730e-13 3.6387768891e-07 1.0571678674e-07 3.6387695574e-07 -2.5815886379e-07 3.3142954847e-13 -1.0571831809e-07 -1.0478816544e-13
d  1.3195532977e-02 2.7631281333e+00 -2.0000000000e-01 2.7522760537e+00 1.0572601273e+00 3.0000000000e+02 -3.6173598680e-07 -3.5278159522e-13 3.6173665835e-07 1.0572600973e-07 3.6173617913e-07 -2.5600903280e-07 3.5321978495e-13 -1.0572738156e-07 -1.1705156569e-13
d  1.3195584554e-02 2.7630920296e+00 -2.0000000000e-01 2.7523239547e+00 1.0573835690e+00 3.0000000000e+02 -3.5893583062e-07 -3.8526093915e-13 3.5893645991e-07 1.0573835399e-07 3.5893602929e-07 -2.5319617537e-07 3.8570510803e-13 -1.0574010433e-07 -1.3483437212e-13
d  1.3195615500e-02 2.7630703675e+00 -2.0000000000e-01 2.7523569891e+00 1.0574655721e+00 3.0000000000e+02 -3.5711261372e-07 -4.1006727032e-13 3.5711315164e-07 1.0574655489e-07 3.5711275099e-07 -2.5136564049e-07 4.1042165603e-13 -1.0574737185e-07 -1.4817381502e-13
d  1.3195652635e-02 2.7630443728e+00 -2.0000000000e-01 2.7524019296e+00 1.0575737702e+00 3.0000000000e+02 -3.5474810757e-07 -4.4572336373e-13 3.5474859663e-07 1.0575737487e-07 3.5474823913e-07 -2.4899031832e-07 4.4605250920e-13 -1.0575819927e-07 -1.6722276031e-13
d  1.3195697197e-02 2.7630131793e+00 -2.0000000000e-01 2.7524656849e+00 1.0577218152e+00 3.0000000000e+02 -3.5158314540e-07 -5.0162972765e-13 3.5158363642e-07 1.0577217927e-07 3.5158329398e-07 -2.4581029885e-07 5.0198083217e-13 -1.0577329969e-07 -1.9702505795e-13
d  1.3195723934e-02 2.7629944632e+00 -2.0000000000e-01 2.7525101580e+00 1.0578221892e+00 3.0000000000e+02 -3.4947683849e-07 -5.4554812679e-13 3.4947769303e-07 1.0578221532e-07 3.4947703786e-07 -2.4369408804e-07 5.4611100945e-13 -1.0578327564e-07 -2.1955183892e-13
d  1.3195756019e-02 2.7629720038e+00 -2.0000000000e-01 2.7525715725e+00 1.0579575778e+00 3.0000000000e+02 -3.4668104313e-07 -6.1206482602e-13 3.4668179936e-07 1.0579575452e-07 3.4668123099e-07 -2.4088479450e-07 6.1257080868e-13 -1.0579679450e-07 -2.5358895506e-13
d  1.3195794521e-02 2.7629450526e+00 -2.0000000000e-01 2.7526608278e+00 1.0581490013e+00 3.0000000000e+02 -3.4280749442e-07 -7.2113706872e-13 3.4280823976e-07 1.0581489676e-07 3.4280770810e-07 -2.3699184006e-07 7.2166132725e-13 -1.0581628031e-07 -3.0873505204e-13
d  1.3195817622e-02 2.7629288818e+00 -2.0000000000e-01 2.7527245680e+00 1.0582828834e+00 3.0000000000e+02 -3.4014379559e-07 -8.1141499867e-13 3.4014445563e-07 1.0582828565e-07 3.4014393185e-07 -2.3431544717e-07 8.1186424386e-13 -1.0582894296e-07 -3.5239858676e-13
d  1.3195845343e-02 2.7629094770e+00 -2.0000000000e-01 2.7528148716e+00 1.0584693894e+00 3.0000000000e+02 -3.3648684550e-07 -9.5439733817e-13 3.3648744228e-07 1.0584693643e-07 3.3648697902e-07 -2.3063991655e-07 9.5480855539e-13 -1.0584759599e-07 -4.2067696495e-13
d  1.3195878609e-02 2.7628861911e+00 -2.0000000000e-01 2.7529516850e+00 1.0587466385e+00 3.0000000000e+02 -3.3115020224e-07 -1.2090579039e-12 3.3115086055e-07 1.0587466092e-07 3.3115037810e-07 -2.2527540492e-07 1.2095270983e-12 -1.0587564284e-07 -5.3928762638e-13
d  1.3195898568e-02 2.7628722196e+00 -2.0000000000e-01 2.7530532118e+00 1.0589497124e+00 3.0000000000e+02 -3.2730026120e-07 -1.4351283278e-12 3.2730080752e-07 1.0589496910e-07 3.2730035706e-07 -2.2140576082e-07 1.4355122029e-12 -1.0589539282e-07 -6.3778174177e-13
d  1.3195922519e-02 2.7628554538e+00 -2.0000000000e-01 2.7532032938e+00 1.0592469631e+00 3.0000000000e+02 -3.2173866602e-07 -1.8223143690e-12 3.2173918431e-07 1.0592469422e-07 3.2173876605e-07 -2.1581464827e-07 1.8226803075e-12 -1.0592513805e-07 -8.0184766135e-13
d  1.3195951261e-02 2.7628353348e+00 -2.0000000000e-01 2.7534469414e+00 1.0597247737e+00 3.0000000000e+02 -3.1294644690e-07 -2.6006185615e-12 3.1294713349e-07 1.0597247437e-07 3.1294661312e-07 -2.0697483313e-07 2.6011107101e-12 -1.0597326725e-07 -1.1132691806e-12
d  1.3195968505e-02 2.7628232634e+00 -2.0000000000e-01 2.7536391519e+00 1.0600997675e+00 3.0000000000e+02 -3.0613704894e-07 -3.3807026682e-12 3.0613756448e-07 1.0600997488e-07 3.0613711666e-07 -2.0012885216e-07 3.3810676614e-12 -1.0601025684e-07 -1.3873631661e-12
d  1.3195989199e-02 2.7628087777e+00 -2.0000000000e-01 2.7539430590e+00 1.0606914115e+00 3.0000000000e+02 -2.9552395804e-07 -4.8889472916e-12 2.9552447856e-07 1.0606913919e-07 2.9552403397e-07 -1.8945759665e-07 4.8893113821e-12 -1.0606944401e-07 -1.8820237883e-12
d  1.3196014032e-02 2.7627913949e+00 -2.0000000000e-01 2.7544918988e+00 1.0617601608e+00 3.0000000000e+02 -2.7664987121e-07 -8.5860879445e-12 2.7665073094e-07 1.0617601253e-07 2.7665003600e-07 -1.7047905260e-07 8.5866713051e-12 -1.0617665116e-07 -2.9181998094e-12
d  1.3196028931e-02 2.7627809652e+00 -2.0000000000e-01 2.7549566211e+00 1.0626645049e+00 3.0000000000e+02 -2.6081147332e-07 -1.3071318274e-11 2.6081191054e-07 1.0626644926e-07 2.6081148525e-07 -1.5455424354e-07 1.3071592808e-11 -1.0626653910e-07 -3.7721028757e-12
d  1.3196046811e-02 2.7627684496e+00 -2.0000000000e-01 2.7557227701e+00 1.0641447606e+00 3.0000000000e+02 -2.3485598351e-07 -2.3101571360e-11 2.3485680071e-07 1.0641447417e-07 2.3485596502e-07 -1.2845942748e-07 2.3101983033e-11 -1.0641454454e-07 -5.0944875229e-12
d  1.3196068266e-02 2.7627534309e+00 -2.0000000000e-01 2.7569871701e+00 1.0664126420e+00 3.0000000000e+02 -1.9220869306e-07 -4.8601933480e-11 1.9220904122e-07 1.0664126418e-07 1.9220861396e-07 -8.5610432494e-08 4.8602025332e-11 -1.0664117697e-07 -5.6045798128e-12
d  1.3196094013e-02 2.7627354084e+00 -2.0000000000e-01 2.7583958101e+00 1.0674523354e+00 3.0000000000e+02 -1.4465327576e-07 -9.1341483931e-11 1.4465309219e-07 1.0674523045e-07 1.4465355401e-07 -3.8001620863e-08 9.1341566062e-11 -1.0674553844e-07 2.2642602827e-12
d  1.3196123515e-02 2.7627147566e+00 -2.0000000000e-01 2.7591315473e+00 1.0646894989e+00 3.0000000000e+02 -1.1944031057e-07 -9.7343462595e-11 1.1944030992e-07 1.0646894983e-07 1.1944031463e-07 -1.3080714480e-08 9.7343482621e-11 -1.0646895467e-07 1.2009677207e-11
d  1.3196146616e-02 2.7626985861e+00 -2.0000000000e-01 2.7593290661e+00 1.0625939046e+00 3.0000000000e+02 -1.1231733122e-07 -6.7465788256e-11 1.1231732760e-07 1.0625938982e-07 1.1231737786e-07 -6.1329661267e-09 6.7465810823e-11 -1.0625943813e-07 7.5607935594e-12
d  1.3196167397e-02 2.7626840390e+00 -2.0000000000e-01 2.7593967147e+00 1.0617235302e+00 3.0000000000e+02 -1.0957747674e-07 -4.6139311076e-11 1.0957747021e-07 1.0617235107e-07 1.0957760647e-07 -3.4546606456e-09 4.6139355508e-11 -1.0617248409e-07 3.3987479452e-12
d  1.3196186284e-02 2.7626708183e+00 -2.0000000000e-01 2.7594208928e+00 1.0614222152e+00 3.0000000000e+02 -1.0833085270e-07 -3.6780146378e-11 1.0833085116e-07 1.0614222097e-07 1.0833088594e-07 -2.2276600615e-09 3.6780178181e-11 -1.0614225557e-07 2.2490680767e-12
d  1.3196208543e-02 2.7626552374e+00 -2.0000000000e-01 2.7594292900e+00 1.0612543828e+00 3.0000000000e+02 -1.0753158209e-07 -3.0510878279e-11 1.0753156654e-07 1.0612543127e-07 1.0753205485e-07 -1.4385453119e-09 3.0510966239e-11 -1.0612591296e-07 1.8924751727e-12
d  1.3196235253e-02 2.7626365403e+00 -2.0000000000e-01 2.7594261160e+00 1.0611383252e+00 3.0000000000e+02 -1.0701414230e-07 -2.5178403643e-11 1.0701413511e-07 1.0611382885e-07 1.0701443190e-07 -9.2707635733e-10 2.5178402393e-11 -1.0611412319e-07 1.5876989337e-12
d  1.3196267305e-02 2.7626141038e+00 -2.0000000000e-01 2.7594136368e+00 1.0610534271e+00 3.0000000000e+02 -1.0668223178e-07 -2.0595891812e-11 1.0668222741e-07 1.0610534031e-07 1.0668245858e-07 -5.9878145122e-10 2.0595863327e-11 -1.0610557032e-07 1.2969109656e-12
d  1.3196305768e-02 2.7625871799e+00 -2.0000000000e-01 2.7593930705e+00 1.0609892031e+00 3.0000000000e+02 -1.0647031606e-07 -1.6751307073e-11 1.0647031342e-07 1.0609891879e-07 1.0647049066e-07 -3.8920229516e-10 1.6751275602e-11 -1.0609909561e-07 1.0556263186e-12
d  1.3196351923e-02 2.7625548713e+00 -2.0000000000e-01 2.7593648315e+00 1.0609358256e+00 3.0000000000e+02 -1.0633466262e-07 -1.3575429879e-11 1.0633466083e-07 1.0609358150e-07 1.0633481416e-07 -2.5551879377e-10 1.3575399455e-11 -1.0609373475e-07 8.6377130421e-13
d  1.3196407309e-02 2.7625161010e+00 -2.0000000000e-01 2.7593287000e+00 1.0608856395e+00 3.0000000000e+02 -1.0624669950e-07 -1.0990517136e-11 1.0624669838e-07 1.0608856330e-07 1.0624681747e-07 -1.6983628722e-10 1.0990496856e-11 -1.0608868255e-07 7.1071136774e-13
d  1.3196473772e-02 2.7624695766e+00 -2.0000000000e-01 2.7592839288e+00 1.0608334812e+00 3.0000000000e+02 -1.0618826158e-07 -8.9078108892e-12 1.0618826078e-07 1.0608334769e-07 1.0618836375e-07 -1.1440877153e-10 8.9077970422e-12 -1.0608345092e-07 5.8805793548e-13
d  1.3196553529e-02 2.7624137473e+00 -2.0000000000e-01 2.7592293081e+00 1.0607757314e+00 3.0000000000e+02 -1.0614797420e-07 -7.2362275861e-12 1.0614797359e-07 1.0607757286e-07 1.0614806887e-07 -7.8126341880e-11 7.2362182493e-12 -1.0607766845e-07 4.8962845943e-13
d  1.3196649236e-02 2.7623467522e+00 -2.0000000000e-01 2.7591631910e+00 1.0607094184e+00 3.0000000000e+02 -1.0611870634e-07 -5.8937682688e-12 1.0611870584e-07 1.0607094164e-07 1.0611880409e-07 -5.4068166592e-11 5.8937606589e-12 -1.0607104022e-07 4.1048807986e-13
d  1.3196764085e-02 2.7622663581e+00 -2.0000000000e-01 2.7590834805e+00 1.0606317235e+00 3.0000000000e+02 -1.0609592065e-07 -4.8123475534e-12 1.0609592023e-07 1.0606317221e-07 1.0609603644e-07 -3.7906663653e-11 4.8123383103e-12 -1.0606328877e-07 3.4661162808e-13
d  1.3196901903e-02 2.7621698851e+00 -2.0000000000e-01 2.7589875857e+00 1.0605396955e+00 3.0000000000e+02 -1.0607664769e-07 -3.9381030174e-12 1.0607664731e-07 1.0605396946e-07 1.0607687499e-07 -2.6910476576e-11 3.9380724787e-12 -1.0605419746e-07 2.9483766374e-13
d  1.3197067286e-02 2.7620541175e+00 -2.0000000000e-01 2.7588723518e+00 1.0604300530e+00 3.0000000000e+02 -1.0605885898e-07 -3.2291777726e-12 1.0605885864e-07 1.0604300523e-07 1.0605853256e-07 -1.9335009441e-11 3.2292608638e-12 -1.0604267960e-07 2.5272945409e-13
d  1.3197265744e-02 2.7619151965e+00 -2.0000000000e-01 2.7587339641e+00 1.0602989770e+00 3.0000000000e+02 -1.0604107984e-07 -2.6528207617e-12 1.0604107951e-07 1.0602989764e-07 1.0604100663e-07 -1.4052623221e-11 2.6528529373e-12 -1.0602982515e-07 2.1838536538e-13
d  1.3197503895e-02 2.7617484912e+00 -2.0000000000e-01 2.7585678263e+00 1.0601420850e+00 3.0000000000e+02 -1.0602216126e-07 -2.1831581448e-12 1.0602216093e-07 1.0601420845e-07 1.0602212250e-07 -1.0325559626e-11 2.1831836481e-12 -1.0601417040e-07 1.9027593879e-13
d  1.3197789675e-02 2.7615484448e+00 -2.0000000000e-01 2.7583684117e+00 1.0599540441e+00 3.0000000000e+02 -1.0600110310e-07 -1.8000540763e-12 1.0600110278e-07 1.0599540436e-07 1.0600107595e-07 -7.6653918080e-12 1.8000773524e-12 -1.0599537791e-07 1.6728094942e-13
d  1.3198132612e-02 2.7613083892e+00 -2.0000000000e-01 2.7581290801e+00 1.0597285707e+00 3.0000000000e+02 -1.0597696757e-07 -1.4871576996e-12 1.0597696725e-07 1.0597285703e-07 1.0597694548e-07 -5.7454350246e-12 1.4871799570e-12 -1.0597283564e-07 1.4841832317e-13
d  1.3198544136e-02 2.7610203224e+00 -2.0000000000e-01 2.7578418586e+00 1.0594581315e+00 3.0000000000e+02 -1.0594879428e-07 -1.2314564530e-12 1.0594879396e-07 1.0594581311e-07 1.0594877489e-07 -4.3448814379e-12 1.2314781270e-12 -1.0594579443e-07 1.3294251567e-13
d  1.3199037965e-02 2.7606746423e+00 -2.0000000000e-01 2.7574971761e+00 1.0591337020e+00 3.0000000000e+02 -1.0591554107e-07 -1.0224344686e-12 1.0591554075e-07 1.0591337016e-07 1.0591552281e-07 -3.3129032314e-12 1.0224558001e-12 -1.0591335260e-07 1.2023956995e-13
d  1.3199630560e-02 2.7602598262e+00 -2.0000000000e-01 2.7570835452e+00 1.0587444635e+00 3.0000000000e+02 -1.0587603076e-07 -8.5165319304e-13 1.0587603043e-07 1.0587444630e-07 1.0587601239e-07 -2.5452424345e-12 8.5167432309e-13 -1.0587442864e-07 1.0981682917e-13
d  1.3200341673e-02 2.7597620468e+00 -2.0000000000e-01 2.7565871798e+00 1.0582774407e+00 3.0000000000e+02 -1.0582890014e-07 -7.1230194797e-13 1.0582889981e-07 1.0582774402e-07 1.0582888096e-07 -1.9690043383e-12 7.1232294332e-13 -1.0582772555e-07 1.0127587580e-13
d  1.3201195010e-02 2.7591647116e+00 -2.0000000000e-01 2.7559915352e+00 1.0577170692e+00 3.0000000000e+02 -1.0577254730e-07 -5.9876697170e-13 1.0577254697e-07 1.0577170686e-07 1.0577252692e-07 -1.5328039562e-12 5.9878786301e-13 -1.0577168719e-07 9.4287149594e-14
d  1.3202219013e-02 2.7584479093e+00 -2.0000000000e-01 2.7552767571e+00 1.0570446754e+00 3.0000000000e+02 -1.0570507331e-07 -5.0638814298e-13 1.0570507297e-07 1.0570446747e-07 1.0570505156e-07 -1.2000973511e-12 5.0640894296e-13 -1.0570444645e-07 8.8575917880e-14
d  1.3203447817e-02 2.7575877466e+00 -2.0000000000e-01 2.7544190201e+00 1.0562378593e+00 3.0000000000e+02 -1.0562421590e-07 -4.3133115733e-13 1.0562421555e-07 1.0562378586e-07 1.0562419332e-07 -9.4457676772e-13 4.3135185510e-13 -1.0562376401e-07 8.3914997871e-14
d  1.3204922382e-02 2.7565555513e+00 -2.0000000000e-01 2.7533897332e+00 1.0552697368e+00 3.0000000000e+02 -1.0552727086e-07 -3.7043922836e-13 1.0552727052e-07 1.0552697361e-07 1.0552724952e-07 -7.4710708368e-13 3.7045978067e-13 -1.0552695299e-07 8.0117244877e-14
d  1.3206691861e-02 2.7553169170e+00 -2.0000000000e-01 2.7521545869e+00 1.0541080552e+00 3.0000000000e+02 -1.0541100168e-07 -3.2109722438e-13 1.0541100136e-07 1.0541080547e-07 1.0541098748e-07 -5.9365112780e-13 3.2111752847e-13 -1.0541079197e-07 7.7026088624e-14
d  1.3208815234e-02 2.7538305558e+00 -2.0000000000e-01 2.7506724099e+00 1.0527141177e+00 3.0000000000e+02 -1.0527153055e-07 -2.8114956894e-13 1.0527153031e-07 1.0527141180e-07 1.0527153996e-07 -4.7381181556e-13 2.8116938306e-13 -1.0527142183e-07 7.4512195002e-14
d  1.3211363283e-02 2.7520469223e+00 -2.0000000000e-01 2.7488937961e+00 1.0510414956e+00 3.0000000000e+02 -1.0510420871e-07 -2.4882783774e-13 1.0510420849e-07 1.0510414962e-07 1.0510422455e-07 -3.7981222051e-13 2.4884758144e-13 -1.0510416606e-07 7.2468985077e-14
d  1.3214420941e-02 2.7499065622e+00 -2.0000000000e-01 2.7467594584e+00 1.0490344865e+00 3.0000000000e+02 -1.0490346157e-07 -2.2268821574e-13 1.0490346146e-07 1.0490344881e-07 1.0490350667e-07 -3.0578404416e-13 2.2270761752e-13 -1.0490349440e-07 7.0808825757e-14
d  1.3218090131e-02 2.7473381300e+00 -2.0000000000e-01 2.7441982520e+00 1.0466262618e+00 3.0000000000e+02 -1.0466260307e-07 -2.0154938994e-13 1.0466260273e-07 1.0466262612e-07 1.0466258553e-07 -2.4726613609e-13 2.0156957667e-13 -1.0466260929e-07 6.9459987370e-14
d  1.3222493159e-02 2.7442560115e+00 -2.0000000000e-01 2.7411248030e+00 1.0437366547e+00 3.0000000000e+02 -1.0437361414e-07 -1.8445352735e-13 1.0437361379e-07 1.0437366541e-07 1.0437359516e-07 -2.0084590492e-13 1.8447369714e-13 -1.0437364715e-07 6.8363465613e-14
d  1.3227776792e-02 2.7405574692e+00 -2.0000000000e-01 2.7374366629e+00 1.0402694965e+00 3.0000000000e+02 -1.0402687609e-07 -1.7062247621e-13 1.0402687570e-07 1.0402694954e-07 1.0402684694e-07 -1.6389812530e-13 1.7064269745e-13 -1.0402692115e-07 6.7471690447e-14
d  1.3234117152e-02 2.7361192184e+00 -2.0000000000e-01 2.7330108929e+00 1.0361094163e+00 3.0000000000e+02 -1.0361085048e-07 -1.5942610838e-13 1.0361085014e-07 1.0361094156e-07 1.0361083230e-07 -1.3439309573e-13 1.5944622299e-13 -1.0361092410e-07 6.6745734881e-14
d  1.3241725584e-02 2.7307933175e+00 -2.0000000000e-01 2.7276999665e+00 1.0311180547e+00 3.0000000000e+02 -1.0311170035e-07 -1.5035457077e-13 1.0311170001e-07 1.0311180540e-07 1.0311168241e-07 -1.1075418367e-13 1.5037466586e-13 -1.0311178819e-07 6.6153706353e-14
d  1.3250855702e-02 2.7244022364e+00 -2.0000000000e-01 2.7213268034e+00 1.0251454989e+00 3.0000000000e+02 -1.0251443421e-07 -1.4258514617e-13 1.0251443387e-07 1.0251454982e-07 1.0251441630e-07 -9.1813822685e-14 1.4260522616e-13 -1.0251453263e-07 6.5531635214e-14
d  1.3261811845e-02 2.7167329391e+00 -2.0000000000e-01 2.7136789867e+00 1.0179853785e+00 3.0000000000e+02 -1.0179841317e-07 -1.3664618646e-13 1.0179841280e-07 1.0179853776e-07 1.0179838968e-07 -7.6484707081e-14 1.3666627571e-13 -1.0179851501e-07 6.5145585846e-14
d  1.3274959215e-02 2.7075297823e+00 -2.0000000000e-01 2.7045015932e+00 1.0093977060e+00 3.0000000000e+02 -1.0093963868e-07 -1.3179757354e-13 1.0093963826e-07 1.0093977046e-07 1.0093960428e-07 -6.4069321351e-14 1.3181768497e-13 -1.0093973685e-07 6.4820633019e-14
d  1.3290736060e-02 2.6964859942e+00 -2.0000000000e-01 2.6934887010e+00 9.9909909663e-01 3.0000000000e+02 -9.9909771892e-08 -1.2781804522e-13 9.9909771477e-08 9.9909909517e-08 9.9909738827e-08 -5.3968696344e-14 1.2783813609e-13 -9.9909877237e-08 6.4540382866e-14
d  1.3309668273e-02 2.6832334484e+00 -2.0000000000e-01 2.6802732032e+00 9.8674985464e-01 3.0000000000e+02 -9.8674842901e-08 -1.2457232073e-13 9.8674842487e-08 9.8674985318e-08 9.8674811407e-08 -4.5700723321e-14 1.2459239441e-13 -9.8674954604e-08 6.4305809424e-14
d  1.3332386930e-02 2.6673303935e+00 -2.0000000000e-01 2.6644145670e+00 9.7194365948e-01 3.0000000000e+02 -9.7194219421e-08 -1.2191618934e-13 9.7194219003e-08 9.7194365798e-08 9.7194188694e-08 -3.8884003418e-14 1.2193625084e-13 -9.7194335852e-08 6.4105854311e-14
d  1.3346018123e-02 2.6577885606e+00 -2.0000000000e-01 2.6548993644e+00 9.6306687289e-01 3.0000000000e+02 -9.6306538970e-08 -1.2073670381e-13 9.6306538573e-08 9.6306687159e-08 9.6306513012e-08 -3.5821833105e-14 1.2075678132e-13 -9.6306661959e-08 6.4012099502e-14
d  1.3362375556e-02 2.6463383611e+00 -2.0000000000e-01 2.6434811004e+00 9.5242170683e-01 3.0000000000e+02 -9.5242020598e-08 -1.1958740064e-13 9.5242020209e-08 9.5242170559e-08 9.5241996962e-08 -3.2815858110e-14 1.1960746784e-13 -9.5242147671e-08 6.3917593241e-14
d  1.3382004475e-02 2.6325981216e+00 -2.0000000000e-01 2.6297791532e+00 9.3965765457e-01 3.0000000000e+02 -9.3965613637e-08 -1.1847766992e-13 9.3965613239e-08 9.3965765323e-08 9.3965589257e-08 -2.9878756146e-14 1.1849772912e-13 -9.3965741698e-08 6.3822024065e-14
d  1.3405559178e-02 2.6161098343e+00 -2.0000000000e-01 2.6133367713e+00 9.2435586971e-01 3.0000000000e+02 -9.2435433455e-08 -1.1741442119e-13 9.2435433054e-08 9.2435586831e-08 9.2435409587e-08 -2.7027740973e-14 1.1743447089e-13 -9.2435563717e-08 6.3724102335e-14
d  1.3419692000e-02 2.6062168619e+00 -2.0000000000e-01 2.6034713182e+00 9.1518279471e-01 3.0000000000e+02 -9.1518125087e-08 -1.1688376574e-13 9.1518124722e-08 9.1518279366e-08 9.1518107708e-08 -2.5579951294e-14 1.1690381949e-13 -9.1518262704e-08 6.3672294939e-14
d  1.3436651386e-02 2.5943452950e+00 -2.0000000000e-01 2.5916327508e+00 9.0418297074e-01 3.0000000000e+02 -9.0418141760e-08 -1.1632867018e-13 9.0418141403e-08 9.0418296976e-08 9.0418126011e-08 -2.4041901171e-14 1.1634871659e-13 -9.0418281934e-08 6.3616074794e-14
d  1.3457002649e-02 2.5800994148e+00 -2.0000000000e-01 2.5774264343e+00 8.9099505044e-01 3.0000000000e+02 -8.9099348750e-08 -1.1574644186e-13 8.9099348371e-08 8.9099504923e-08 8.9099330300e-08 -2.2420235548e-14 1.1576648860e-13 -8.9099487199e-08 6.3552519480e-14
d  1.3481424165e-02 2.5630043585e+00 -2.0000000000e-01 2.5603788043e+00 8.7518631560e-01 3.0000000000e+02 -8.7518474222e-08 -1.1515359367e-13 8.7518473959e-08 8.7518631552e-08 8.7518472672e-08 -2.0721061324e-14 1.1517359599e-13 -8.7518630609e-08 6.3484805526e-14
d  1.3496077074e-02 2.5527473247e+00 -2.0000000000e-01 2.5501501994e+00 8.6571000658e-01 3.0000000000e+02 -8.6570842756e-08 -1.1483794951e-13 8.6570842422e-08 8.6571000578e-08 8.6570831591e-08 -1.9805790187e-14 1.1485798533e-13 -8.6570990090e-08 6.3446165019e-14
d  1.3513660566e-02 2.5404388842e+00 -2.0000000000e-01 2.5378758457e+00 8.5434773166e-01 3.0000000000e+02 -8.5434614643e-08 -1.1448853080e-13 8.5434614313e-08 8.5434773090e-08 8.5434604360e-08 -1.8793128298e-14 1.1450856227e-13 -8.5434763476e-08 6.3400472094e-14
d  1.3534760756e-02 2.5256687555e+00 -2.0000000000e-01 2.5231465816e+00 8.4072622222e-01 3.0000000000e+02 -8.4072463006e-08 -1.1411353431e-13 8.4072462656e-08 8.4072622125e-08 8.4072450718e-08 -1.7677811337e-14 1.1413356683e-13 -8.4072610524e-08 6.3349729017e-14
d  1.3547420869e-02 2.5168066783e+00 -2.0000000000e-01 2.5143090025e+00 8.3256022257e-01 3.0000000000e+02 -8.3255862649e-08 -1.1390676065e-13 8.3255862332e-08 8.3256022192e-08 8.3255854400e-08 -1.7053123027e-14 1.1392679268e-13 -8.3256014594e-08 6.3320506436e-14
d  1.3562613006e-02 2.5061721857e+00 -2.0000000000e-01 2.5037038868e+00 8.2276790116e-01 3.0000000000e+02 -8.2276630063e-08 -1.1367318346e-13 8.2276629751e-08 8.2276790055e-08 8.2276622557e-08 -1.6342282391e-14 1.1369321113e-13 -8.2276783194e-08 6.3286226607e-14
d  1.3571430000e-02 2.5000002917e+00 -2.0000000000e-01 2.4975490318e+00 8.1708824356e-01 3.0000000000e+02 -8.1708664053e-08 -1.1354401813e-13 8.1708663645e-08 8.1708824198e-08 8.1708645824e-08 -1.5946915131e-14 1.1356412559e-13 -8.1708806708e-08 6.3266629080e-14
d  1.3582010393e-02 2.4925940188e+00 -2.0000000000e-01 2.4901631955e+00 8.1027604165e-01 3.0000000000e+02 -8.1027443574e-08 -1.1339484114e-13 8.1027443103e-08 8.1027603944e-08 8.1027418878e-08 -1.5487817077e-14 1.1341498126e-13 -8.1027580049e-08 6.3243452221e-14
d  1.3594706864e-02 2.4837064914e+00 -2.0000000000e-01 2.4813001771e+00 8.0210637565e-01 3.0000000000e+02 -8.0210476641e-08 -1.1322212301e-13 8.0210476339e-08 8.0210637511e-08 8.0210470438e-08 -1.4957048835e-14 1.1324215106e-13 -8.0210631938e-08 6.3215618822e-14
d  1.3609942630e-02 2.4730414585e+00 -2.0000000000e-01 2.4706645305e+00 7.9231093503e-01 3.0000000000e+02 -7.9230932216e-08 -1.1301058086e-13 7.9230931918e-08 7.9231093453e-08 7.9230926570e-08 -1.4348033394e-14 1.1303060244e-13 -7.9231088430e-08 6.3178029151e-14
d  1.3628225548e-02 2.4602434190e+00 -2.0000000000e-01 2.4579017215e+00 7.8056746219e-01 3.0000000000e+02 -7.8056584495e-08 -1.1278404591e-13 7.8056584196e-08 7.8056746166e-08 7.8056578857e-08 -1.3648666957e-14 1.1280406436e-13 -7.8056741151e-08 6.3138607809e-14
d  1.3639195300e-02 2.4525645953e+00 -2.0000000000e-01 2.4502440191e+00 7.7352702100e-01 3.0000000000e+02 -7.7352540121e-08 -1.1265567082e-13 7.7352539654e-08 7.7352701879e-08 7.7352518656e-08 -1.3244499882e-14 1.1267578337e-13 -7.7352681203e-08 6.3115818230e-14
d  1.3652359001e-02 2.4433500069e+00 -2.0000000000e-01 2.4410547591e+00 7.6508420375e-01 3.0000000000e+02 -7.6508258104e-08 -1.1250332343e-13 7.6508257576e-08 7.6508420092e-08 7.6508231641e-08 -1.2774418022e-14 1.1252345643e-13 -7.6508394478e-08 6.3087552352e-14
d  1.3668155443e-02 2.4322925007e+00 -2.0000000000e-01 2.4300276220e+00 7.5496121428e-01 3.0000000000e+02 -7.5495958820e-08 -1.1232615090e-13 7.5495958301e-08 7.5496121153e-08 7.5495934121e-08 -1.2229332071e-14 1.1234625670e-13 -7.5496097292e-08 6.3053581601e-14
d  1.3687111173e-02 2.4190234934e+00 -2.0000000000e-01 2.4167950205e+00 7.4282593320e-01 3.0000000000e+02 -7.4282430324e-08 -1.1212115147e-13 7.4282429743e-08 7.4282592981e-08 7.4282401356e-08 -1.1599838007e-14 1.1214125821e-13 -7.4282564910e-08 6.3012840491e-14
d  1.3698484611e-02 2.4110620890e+00 -2.0000000000e-01 2.4088554400e+00 7.3555128105e-01 3.0000000000e+02 -7.3554964884e-08 -1.1200191789e-13 7.3554964419e-08 7.3555127881e-08 7.3554946033e-08 -1.1233816105e-14 1.1202202108e-13 -7.3555109809e-08 6.2988419985e-14
d  1.3712132737e-02 2.4015084037e+00 -2.0000000000e-01 2.3993279237e+00 7.2682829581e-01 3.0000000000e+02 -7.2682666099e-08 -1.1186134730e-13 7.2682665621e-08 7.2682829343e-08 7.2682646781e-08 -1.0805591261e-14 1.1188144843e-13 -7.2682810815e-08 6.2958827894e-14
d  1.3728510488e-02 2.3900439814e+00 -2.0000000000e-01 2.3878948751e+00 7.1637039422e-01 3.0000000000e+02 -7.1636875638e-08 -1.1169631674e-13 7.1636875168e-08 7.1637039190e-08 7.1636857605e-08 -1.0306153423e-14 1.1171639731e-13 -7.1637021939e-08 6.2923097940e-14
d  1.3738337138e-02 2.3831653279e+00 -2.0000000000e-01 2.3810350303e+00 7.1010084861e-01 3.0000000000e+02 -7.1009920903e-08 -1.1159792656e-13 7.1009920539e-08 7.1010084735e-08 7.1009911091e-08 -1.0013636779e-14 1.1161799071e-13 -7.1010075597e-08 6.2901103892e-14
d  1.3750129119e-02 2.3749109439e+00 -2.0000000000e-01 2.3728032009e+00 7.0258263951e-01 3.0000000000e+02 -7.0258099789e-08 -1.1148178107e-13 7.0258099342e-08 7.0258263742e-08 7.0258084251e-08 -9.6692158824e-15 1.1150187975e-13 -7.0258248959e-08 6.2874711359e-14
d  1.3764279496e-02 2.3650056829e+00 -2.0000000000e-01 2.3629249825e+00 6.9356846806e-01 3.0000000000e+02 -6.9356682406e-08 -1.1134440694e-13 6.9356681968e-08 6.9356846605e-08 6.9356667937e-08 -9.2648401606e-15 1.1136448510e-13 -6.9356832880e-08 6.2842783294e-14
d  1.3781259948e-02 2.3531193699e+00 -2.0000000000e-01 2.3510710846e+00 6.8276341556e-01 3.0000000000e+02 -6.8276176894e-08 -1.1117271532e-13 6.8276176652e-08 6.8276341550e-08 6.8276176006e-08 -8.7929329376e-15 1.1119271732e-13 -6.8276341206e-08 6.2800880608e-14
d  1.3791448219e-02 2.3459875820e+00 -2.0000000000e-01 2.3439587271e+00 6.7628663196e-01 3.0000000000e+02 -6.7628498376e-08 -1.1107455345e-13 6.7628498022e-08 6.7628663076e-08 6.7628490116e-08 -8.5152206424e-15 1.1109460930e-13 -6.7628655472e-08 6.2776742827e-14
d  1.3803674144e-02 2.3374294366e+00 -2.0000000000e-01 2.3354238798e+00 6.6852059430e-01 3.0000000000e+02 -6.6851894423e-08 -1.1096026691e-13 6.6851894013e-08 6.6852059254e-08 6.6851882854e-08 -8.1872978732e-15 1.1098034288e-13 -6.6852048395e-08 6.2748381892e-14
d  1.3818345255e-02 2.3271596621e+00 -2.0000000000e-01 2.3251820361e+00 6.5921032303e-01 3.0000000000e+02 -6.5920867079e-08 -1.1082314511e-13 6.5920866649e-08 6.5921032104e-08 6.5920854478e-08 -7.8008969791e-15 1.1084321602e-13 -6.5921020234e-08 6.2713406117e-14
d  1.3827147921e-02 2.3209977974e+00 -2.0000000000e-01 2.3190369156e+00 6.5362892520e-01 3.0000000000e+02 -6.5362727171e-08 -1.1074060163e-13 6.5362726860e-08 6.5362892441e-08 6.5362722010e-08 -7.5741977149e-15 1.1076064271e-13 -6.5362887888e-08 6.2692115281e-14
d  1.3837711121e-02 2.3136035597e+00 -2.0000000000e-01 2.3116627566e+00 6.4693603075e-01 3.0000000000e+02 -6.4693437578e-08 -1.1064273318e-13 6.4693437231e-08 6.4693602960e-08 6.4693430380e-08 -7.3048608172e-15 1.1066278929e-13 -6.4693596405e-08 6.2666505252e-14
d  1.3850386961e-02 2.3047304746e+00 -2.0000000000e-01 2.3028137448e+00 6.3891159040e-01 3.0000000000e+02 -6.3890993371e-08 -1.1052530752e-13 6.3890993136e-08 6.3891159035e-08 6.3890992627e-08 -6.9868710740e-15 1.1054530954e-13 -6.3891158820e-08 6.2635158208e-14
d  1.3857992464e-02 2.2994066234e+00 -2.0000000000e-01 2.2975043261e+00 6.3410077448e-01 3.0000000000e+02 -6.3409911684e-08 -1.1045193337e-13 6.3409911392e-08 6.3410077387e-08 6.3409907782e-08 -6.7990759012e-15 1.1047196985e-13 -6.3410074070e-08 6.2615077049e-14
d  1.3867119069e-02 2.2930180021e+00 -2.0000000000e-01 2.2911330113e+00 6.2833191966e-01 3.0000000000e+02 -6.2833026095e-08 -1.1035924233e-13 6.2833025792e-08 6.2833191891e-08 6.2833021587e-08 -6.5769040339e-15 1.1037928314e-13 -6.2833187979e-08 6.2589131049e-14
d  1.3878070994e-02 2.2853516565e+00 -2.0000000000e-01 2.2834874171e+00 6.2141480171e-01 3.0000000000e+02 -6.2141314137e-08 -1.1027048716e-13 6.2141313732e-08 6.2141479987e-08 6.2141303952e-08 -6.2998521926e-15 1.1029057044e-13 -6.2141470505e-08 6.2562794914e-14
d  1.3891213305e-02 2.2761520418e+00 -2.0000000000e-01 2.2743126794e+00 6.1312247968e-01 3.0000000000e+02 -6.1312081797e-08 -1.1014056012e-13 6.1312081539e-08 6.1312247935e-08 6.1312079693e-08 -5.9984369945e-15 1.1016057216e-13 -6.1312246380e-08 6.2527305916e-14
d  1.3899098691e-02 2.2706322730e+00 -2.0000000000e-01 2.2688078226e+00 6.0815179966e-01 3.0000000000e+02 -6.0815013719e-08 -1.1005405044e-13 6.0815012940e-08 6.0815179414e-08 6.0814985515e-08 -5.8156178700e-15 1.1007435336e-13 -6.0815152277e-08 6.2502824594e-14
d  1.3908561154e-02 2.2640085504e+00 -2.0000000000e-01 2.2622019815e+00 6.0219128387e-01 3.0000000000e+02 -6.0218962026e-08 -1.0997049401e-13 6.0218961727e-08 6.0219128314e-08 6.0218958025e-08 -5.5954015043e-15 1.0999053086e-13 -6.0219124899e-08 6.2478684551e-14
d  1.3919916111e-02 2.2560600833e+00 -2.0000000000e-01 2.2542749536e+00 5.9504489935e-01 3.0000000000e+02 -5.9504323444e-08 -1.0986765700e-13 5.9504323205e-08 5.9504489922e-08 5.9504322363e-08 -5.3346488532e-15 1.0988766256e-13 -5.9504489365e-08 6.2448617105e-14
d  1.3926729084e-02 2.2512910030e+00 -2.0000000000e-01 2.2495187269e+00 5.9076036750e-01 3.0000000000e+02 -5.9075870183e-08 -1.0980571534e-13 5.9075869472e-08 5.9076036265e-08 5.9075846879e-08 -5.1798438505e-15 1.0982601684e-13 -5.9076013956e-08 6.2430332152e-14
d  1.3934904653e-02 2.2455681067e+00 -2.0000000000e-01 2.2438112450e+00 5.8562224694e-01 3.0000000000e+02 -5.8562058039e-08 -1.0973115535e-13 5.8562057267e-08 5.8562224148e-08 5.8562032388e-08 -4.9957001986e-15 1.0975147116e-13 -5.8562199551e-08 6.2408019678e-14
d  1.3944715335e-02 2.2387006311e+00 -2.0000000000e-01 2.2369622522e+00 5.7946132504e-01 3.0000000000e+02 -5.7945965743e-08 -1.0964240498e-13 5.7945965446e-08 5.7946132431e-08 5.7945961992e-08 -4.7768114339e-15 1.0966244010e-13 -5.7946129258e-08 6.2381163448e-14
d  1.3956488154e-02 2.2304596604e+00 -2.0000000000e-01 2.2287434398e+00 5.7207523005e-01 3.0000000000e+02 -5.7207356119e-08 -1.0953673220e-13 5.7207355875e-08 5.7207522986e-08 5.7207354851e-08 -4.5169822572e-15 1.0955673964e-13 -5.7207522239e-08 6.2348816108e-14
d  1.3963551845e-02 2.2255150780e+00 -2.0000000000e-01 2.2238121413e+00 5.6764724337e-01 3.0000000000e+02 -5.6764557377e-08 -1.0947257829e-13 5.6764556679e-08 5.6764723862e-08 5.6764536487e-08 -4.3625357243e-15 1.0949285487e-13 -5.6764703949e-08 6.2329445286e-14
d  1.3972028274e-02 2.2195815791e+00 -2.0000000000e-01 2.2178945720e+00 5.6233739071e-01 3.0000000000e+02 -5.6233572027e-08 -1.0939824338e-13 5.6233571232e-08 5.6233738498e-08 5.6233547456e-08 -4.1787264358e-15 1.0941855365e-13 -5.6233715001e-08 6.2305549490e-14
d  1.3982199990e-02 2.2124613804e+00 -2.0000000000e-01 2.2107934730e+00 5.5597082677e-01 3.0000000000e+02 -5.5596915527e-08 -1.0931047766e-13 5.5596915302e-08 5.5597082674e-08 5.5596914937e-08 -3.9596109306e-15 1.0933047927e-13 -5.5597082586e-08 6.2277936738e-14
d  1.3994406048e-02 2.2039171420e+00 -2.0000000000e-01 2.2022721301e+00 5.4833898888e-01 3.0000000000e+02 -5.4833731622e-08 -1.0919867564e-13 5.4833731370e-08 5.4833898855e-08 5.4833729880e-08 -3.6997226406e-15 1.0921868776e-13 -5.4833897640e-08 6.2241802128e-14
d  1.4001729683e-02 2.1987905990e+00 -2.0000000000e-01 2.1971593119e+00 5.4376403947e-01 3.0000000000e+02 -5.4376236611e-08 -1.0913485575e-13 5.4376235908e-08 5.4376403465e-08 5.4376217270e-08 -3.5456997276e-15 1.0915511894e-13 -5.4376385100e-08 6.2221197798e-14
d  1.4010518045e-02 2.1926387473e+00 -2.0000000000e-01 2.1910239181e+00 5.3827808330e-01 3.0000000000e+02 -5.3827640904e-08 -1.0906224135e-13 5.3827640063e-08 5.3827807708e-08 5.3827616665e-08 -3.3609009622e-15 1.0908255669e-13 -5.3827784584e-08 6.2197351960e-14
d  1.4021064079e-02 2.1852565253e+00 -2.0000000000e-01 2.1836614282e+00 5.3170070049e-01 3.0000000000e+02 -5.3169902517e-08 -1.0897490476e-13 5.3169902292e-08 5.3170070042e-08 5.3169901826e-08 -3.1409810722e-15 1.0899490763e-13 -5.3170069848e-08 6.2168208011e-14
d  1.4027391700e-02 2.1808271921e+00 -2.0000000000e-01 2.1792439253e+00 5.2775728551e-01 3.0000000000e+02 -5.2775560955e-08 -1.0892378273e-13 5.2775560300e-08 5.2775728114e-08 5.2775544428e-08 -3.0097347694e-15 1.0894405348e-13 -5.2775712514e-08 6.2151003375e-14
d  1.4034984845e-02 2.1755119923e+00 -2.0000000000e-01 2.1739429128e+00 5.2302816668e-01 3.0000000000e+02 -5.2302648995e-08 -1.0886282878e-13 5.2302648294e-08 5.2302816184e-08 5.2302631082e-08 -2.8530629720e-15 1.0888310812e-13 -5.2302799242e-08 6.2130227700e-14
d  1.4044096619e-02 2.1691337525e+00 -2.0000000000e-01 2.1675816850e+00 5.1735750032e-01 3.0000000000e+02 -5.1735582267e-08 -1.0879136652e-13 5.1735581981e-08 5.1735749963e-08 5.1735579397e-08 -2.6660194937e-15 1.0881139956e-13 -5.1735747648e-08 6.2105522767e-14
d  1.4055030747e-02 2.1614798647e+00 -2.0000000000e-01 2.1599481933e+00 5.1055882365e-01 3.0000000000e+02 -5.1055714487e-08 -1.0870789606e-13 5.1055714258e-08 5.1055882352e-08 5.1055713628e-08 -2.4429091088e-15 1.0872790098e-13 -5.1055881989e-08 6.2076267188e-14
d  1.4061591224e-02 2.1568875320e+00 -2.0000000000e-01 2.1553680887e+00 5.0648280144e-01 3.0000000000e+02 -5.0648112197e-08 -1.0865933440e-13 5.0648111552e-08 5.0648279714e-08 5.0648097252e-08 -2.3096764992e-15 1.0867958481e-13 -5.0648265681e-08 6.2058989737e-14
d  1.4069463797e-02 2.1513767328e+00 -2.0000000000e-01 2.1498719538e+00 5.0159470198e-01 3.0000000000e+02 -5.0159302169e-08 -1.0860203464e-13 5.0159301453e-08 5.0159469698e-08 5.0159285170e-08 -2.1504626339e-15 1.0862230642e-13 -5.0159453680e-08 6.2038318177e-14
d  1.4078910884e-02 2.1447637738e+00 -2.0000000000e-01 2.1432765777e+00 4.9573371089e-01 3.0000000000e+02 -4.9573202968e-08 -1.0852894185e-13 4.9573202752e-08 4.9573371088e-08 4.9573202492e-08 -1.9611443887e-15 1.0854894251e-13 -4.9573371092e-08 6.2011644158e-14
d  1.4090247388e-02 2.1368282230e+00 -2.0000000000e-01 2.1353621052e+00 4.8870759487e-01 3.0000000000e+02 -4.8870591260e-08 -1.0843977532e-13 4.8870591028e-08 4.8870759468e-08 4.8870590243e-08 -1.7356998147e-15 1.0845978232e-13 -4.8870758946e-08 6.1978679852e-14
d  1.4097049291e-02 2.1320668925e+00 -2.0000000000e-01 2.1306134119e+00 4.8449521765e-01 3.0000000000e+02 -4.8449353455e-08 -1.0840030448e-13 4.8449352807e-08 4.8449521331e-08 4.8449339587e-08 -1.5993015881e-15 1.0842054329e-13 -4.8449508372e-08 6.1963519384e-14
d  1.4105211574e-02 2.1263532959e+00 -2.0000000000e-01 2.1249149697e+00 4.7944374935e-01 3.0000000000e+02 -4.7944206540e-08 -1.0834428970e-13 4.7944205785e-08 4.7944374393e-08 4.7944189697e-08 -1.4376405225e-15 1.0836456729e-13 -4.7944358565e-08 6.1941829318e-14
d  1.4115006314e-02 2.1194969800e+00 -2.0000000000e-01 2.1180768254e+00 4.7338652754e-01 3.0000000000e+02 -4.7338484242e-08 -1.0828709324e-13 4.7338484028e-08 4.7338652751e-08 4.7338483745e-08 -1.2432635298e-15 1.0830709430e-13 -4.7338652728e-08 6.1918967692e-14
d  1.4126760001e-02 2.1112694009e+00 -2.0000000000e-01 2.1098710332e+00 4.6612424442e-01 3.0000000000e+02 -4.6612255789e-08 -1.0822108414e-13 4.6612255572e-08 4.6612424436e-08 4.6612255215e-08 -1.0111064247e-15 1.0824108600e-13 -4.6612424337e-08 6.1891880945e-14
d  1.4133812214e-02 2.1063328534e+00 -2.0000000000e-01 2.1049475471e+00 4.6177044858e-01 3.0000000000e+02 -4.6176876131e-08 -1.0817533781e-13 4.6176875466e-08 4.6177044404e-08 4.6176862938e-08 -8.7345327363e-16 1.0819557259e-13 -4.6177032133e-08 6.1873210486e-14
d  1.4142274869e-02 2.1004089964e+00 -2.0000000000e-01 2.0990393545e+00 4.5654900334e-01 3.0000000000e+02 -4.5654731492e-08 -1.0813755695e-13 4.5654731187e-08 4.5654900239e-08 4.5654728456e-08 -7.0567059764e-16 1.0815760278e-13 -4.5654897763e-08 6.1856047917e-14
d  1.4152430055e-02 2.0933003681e+00 -2.0000000000e-01 2.0919495104e+00 4.5028759750e-01 3.0000000000e+02 -4.5028590774e-08 -1.0809136898e-13 4.5028590560e-08 4.5028759746e-08 4.5028590240e-08 -5.0749082331e-16 1.0811137070e-13 -4.5028759679e-08 6.1835335694e-14
d  1.4164616279e-02 2.0847700141e+00 -2.0000000000e-01 2.0834416795e+00 4.4277987980e-01 3.0000000000e+02 -4.4277818833e-08 -1.0804397214e-13 4.4277818589e-08 4.4277987943e-08 4.4277817466e-08 -2.6808974617e-16 1.0806398426e-13 -4.4277987074e-08 6.1811997742e-14
d  1.4171928013e-02 2.0796518017e+00 -2.0000000000e-01 2.0783369722e+00 4.3827817297e-01 3.0000000000e+02 -4.3827648042e-08 -1.0802068342e-13 4.3827647332e-08 4.3827816795e-08 4.3827634875e-08 -1.2567839717e-16 1.0804092733e-13 -4.3827804590e-08 6.1799694302e-14
d  1.4180702094e-02 2.0735099468e+00 -2.0000000000e-01 2.0722113143e+00 4.3287917801e-01 3.0000000000e+02 -4.3287748419e-08 -1.0798956786e-13 4.3287748093e-08 4.3287917682e-08 4.3287745045e-08 4.7763673644e-17 1.0800962186e-13 -4.3287914885e-08 6.1782568423e-14
d  1.4191230991e-02 2.0661397209e+00 -2.0000000000e-01 2.0648605126e+00 4.2640446944e-01 3.0000000000e+02 -4.2640277408e-08 -1.0795716495e-13 4.2640277194e-08 4.2640446937e-08 4.2640276814e-08 2.4963838382e-16 1.0797716777e-13 -4.2640446806e-08 6.1764769641e-14
d  1.4197548329e-02 2.0617175854e+00 -2.0000000000e-01 2.0604500261e+00 4.2252145330e-01 3.0000000000e+02 -4.2251975683e-08 -1.0795020949e-13 4.2251974844e-08 4.2252144697e-08 4.2251960217e-08 3.7360514420e-16 1.0797056036e-13 -4.2252130319e-08 6.1757589432e-14
d  1.4205129135e-02 2.0564110228e+00 -2.0000000000e-01 2.0551574373e+00 4.1786350673e-01 3.0000000000e+02 -4.1786180897e-08 -1.0793989889e-13 4.1786180545e-08 4.1786350527e-08 4.1786177098e-08 5.2164235860e-16 1.0795997410e-13 -4.1786347327e-08 6.1747992339e-14
d  1.4214226102e-02 2.0500431476e+00 -2.0000000000e-01 2.0488063245e+00 4.1227606264e-01 3.0000000000e+02 -4.1227436310e-08 -1.0794063422e-13 4.1227435834e-08 4.1227605993e-08 4.1227429770e-08 7.0520392725e-16 1.0796075002e-13 -4.1227600175e-08 6.1739466647e-14
d  1.4225142463e-02 2.0424016974e+00 -2.0000000000e-01 2.0411849814e+00 4.0557370881e-01 3.0000000000e+02 -4.0557200724e-08 -1.0793993519e-13 4.0557200501e-08 4.0557370861e-08 4.0557199896e-08 9.1420946423e-16 1.0795994197e-13 -4.0557370501e-08 6.1730697509e-14
d  1.4231692279e-02 2.0378168273e+00 -2.0000000000e-01 2.0366121722e+00 4.0155340755e-01 3.0000000000e+02 -4.0155170461e-08 -1.0795008202e-13 4.0155170072e-08 4.0155340569e-08 4.0155166042e-08 1.0433126200e-15 1.0797017910e-13 -4.0155336783e-08 6.1727822815e-14
d  1.4239552059e-02 2.0323149832e+00 -2.0000000000e-01 2.0311247986e+00 3.9672989070e-01 3.0000000000e+02 -3.9672818606e-08 -1.0796625615e-13 3.9672818135e-08 3.9672988802e-08 3.9672812536e-08 1.1986845759e-15 1.0798638685e-13 -3.9672983446e-08 6.1725512347e-14
d  1.4248983794e-02 2.0257127702e+00 -2.0000000000e-01 2.0245399478e+00 3.9094250133e-01 3.0000000000e+02 -3.9094079437e-08 -1.0800055855e-13 3.9094078853e-08 3.9094249751e-08 3.9094071206e-08 1.3935601684e-15 1.0802071253e-13 -3.9094242346e-08 6.1725625521e-14
d  1.4260301877e-02 2.0177901147e+00 -2.0000000000e-01 2.0166381257e+00 3.8399802526e-01 3.0000000000e+02 -3.8399631565e-08 -1.0804245248e-13 3.8399631336e-08 3.8399802499e-08 3.8399630620e-08 1.6109578313e-15 1.0806246161e-13 -3.8399802023e-08 6.1729346897e-14
d  1.4267092726e-02 2.0130365213e+00 -2.0000000000e-01 2.0118970317e+00 3.7983160329e-01 3.0000000000e+02 -3.7982989204e-08 -1.0806961875e-13 3.7982988721e-08 3.7983160048e-08 3.7982983314e-08 1.7454836272e-15 1.0808975756e-13 -3.7983154880e-08 6.1730490092e-14
d  1.4275241746e-02 2.0073322093e+00 -2.0000000000e-01 2.0062077209e+00 3.7483118722e-01 3.0000000000e+02 -3.7482947357e-08 -1.0813132837e-13 3.7482946793e-08 3.7483118358e-08 3.7482940041e-08 1.9110862209e-15 1.0815149546e-13 -3.7483111845e-08 6.1741559124e-14
d  1.4285020569e-02 2.0004870350e+00 -2.0000000000e-01 1.9993805535e+00 3.6882888181e-01 3.0000000000e+02 -3.6882716514e-08 -1.0821576930e-13 3.6882716303e-08 3.6882888169e-08 3.6882715899e-08 2.1100676230e-15 1.0823577375e-13 -3.6882888002e-08 6.1757950009e-14
d  1.4285710000e-02 2.0000044333e+00 -2.0000000000e-01 1.9988992217e+00 3.6840560708e-01 3.0000000000e+02 -3.6840389012e-08 -1.0822749887e-13 3.6840392191e-08 3.6840564080e-08 3.6840455575e-08 2.1238626198e-15 1.0823460252e-13 -3.6840627692e-08 6.1757983444e-14
d  1.4286537317e-02 1.9994253114e+00 -2.0000000000e-01 1.9983216236e+00 3.6789765437e-01 3.0000000000e+02 -3.6789593683e-08 -1.0824675438e-13 3.6789593636e-08 3.6789765589e-08 3.6789596360e-08 2.1436337420e-15 1.0826604452e-13 -3.6789768550e-08 6.1767173812e-14
d  1.4287530098e-02 1.9987303651e+00 -2.0000000000e-01 1.9976285060e+00 3.6728806230e-01 3.0000000000e+02 -3.6728634472e-08 -1.0824898507e-13 3.6728634392e-08 3.6728806350e-08 3.6728636449e-08 2.1625324387e-15 1.0826852239e-13 -3.6728808643e-08 6.1765505371e-14
d  1.4288721435e-02 1.9978964294e+00 -2.0000000000e-01 1.9967967651e+00 3.6655650423e-01 3.0000000000e+02 -3.6655478620e-08 -1.0826257204e-13 3.6655478451e-08 3.6655650454e-08 3.6655478833e-08 2.1873518211e-15 1.0828247141e-13 -3.6655651072e-08 6.1768883357e-14
d  1.4290151039e-02 1.9968957067e+00 -2.0000000000e-01 1.9957986762e+00 3.6567854566e-01 3.0000000000e+02 -3.6567682710e-08 -1.0828087253e-13 3.6567682396e-08 3.6567854453e-08 3.6567680154e-08 2.2173054984e-15 1.0830117072e-13 -3.6567852446e-08 6.1773337432e-14
d  1.4291866564e-02 1.9956948395e+00 -2.0000000000e-01 1.9946009700e+00 3.6462485736e-01 3.0000000000e+02 -3.6462313816e-08 -1.0830299100e-13 3.6462313452e-08 3.6462485574e-08 3.6462310385e-08 2.2532384390e-15 1.0832334379e-13 -3.6462482741e-08 6.1778658834e-14
d  1.4293925195e-02 1.9942537987e+00 -2.0000000000e-01 1.9931637233e+00 3.6336020995e-01 3.0000000000e+02 -3.6335848995e-08 -1.0833171933e-13 3.6335849326e-08 3.6336021531e-08 3.6335858528e-08 2.2965562994e-15 1.0835074640e-13 -3.6336030962e-08 6.1785525217e-14
d  1.4296395551e-02 1.9925245499e+00 -2.0000000000e-01 1.9914390282e+00 3.6184226670e-01 3.0000000000e+02 -3.6184054566e-08 -1.0837015720e-13 3.6184054770e-08 3.6184227073e-08 3.6184061519e-08 2.3493149925e-15 1.0838955086e-13 -3.6184234057e-08 6.1795710019e-14
d  1.4299359978e-02 1.9904494512e+00 -2.0000000000e-01 1.9893693962e+00 3.6002007481e-01 3.0000000000e+02 -3.6001835242e-08 -1.0842901148e-13 3.6001834704e-08 3.6002007142e-08 3.6001828751e-08 2.4138757229e-15 1.0844943481e-13 -3.6002001425e-08 6.1810869834e-14
d  1.4302917291e-02 1.9879593329e+00 -2.0000000000e-01 1.9868858418e+00 3.5783206872e-01 3.0000000000e+02 -3.5783034436e-08 -1.0851879400e-13 3.5783033998e-08 3.5783206633e-08 3.5783029815e-08 2.4944143772e-15 1.0853904145e-13 -3.5783202685e-08 6.1836596675e-14
d  1.4307186067e-02 1.9849711908e+00 -2.0000000000e-01 1.9839055857e+00 3.5520343066e-01 3.0000000000e+02 -3.5520170320e-08 -1.0867630077e-13 3.5520169863e-08 3.5520342807e-08 3.5520165418e-08 2.5979591488e-15 1.0869652372e-13 -3.5520338597e-08 6.1884116566e-14
d  1.4312308597e-02 1.9813854204e+00 -2.0000000000e-01 1.9803292842e+00 3.5204711537e-01 3.0000000000e+02 -3.5204538612e-08 -1.0873618276e-13 3.5204538081e-08 3.5204711205e-08 3.5204532545e-08 2.7041059963e-15 1.0875642017e-13 -3.5204705902e-08 6.1896884181e-14
d  1.4318455634e-02 1.9770824958e+00 -2.0000000000e-01 1.9760377282e+00 3.4825761595e-01 3.0000000000e+02 -3.4825588445e-08 -1.0881415404e-13 3.4825587871e-08 3.4825761219e-08 3.4825581768e-08 2.8321808007e-15 1.0883437712e-13 -3.4825755349e-08 6.1914011159e-14
d  1.4325832078e-02 1.9719189864e+00 -2.0000000000e-01 1.9708878684e+00 3.4370773949e-01 3.0000000000e+02 -3.4370600524e-08 -1.0891190922e-13 3.4370599890e-08 3.4370773512e-08 3.4370593025e-08 2.9862443371e-15 1.0893212389e-13 -3.4370766879e-08 6.1935588266e-14
d  1.4334683811e-02 1.9657227751e+00 -2.0000000000e-01 1.9647080461e+00 3.3824473926e-01 3.0000000000e+02 -3.3824300179e-08 -1.0902428373e-13 3.3824299415e-08 3.3824473359e-08 3.3824290834e-08 3.1708308166e-15 1.0904451480e-13 -3.3824465009e-08 6.1959009086e-14
d  1.4345305891e-02 1.9582873215e+00 -2.0000000000e-01 1.9572922743e+00 3.3168412656e-01 3.0000000000e+02 -3.3168238501e-08 -1.0917483456e-13 3.3168238290e-08 3.3168412640e-08 3.3168237876e-08 3.3921773984e-15 1.0919483975e-13 -3.3168412455e-08 6.1992006426e-14
d  1.4358052386e-02 1.9493647771e+00 -2.0000000000e-01 1.9483933741e+00 3.2380276946e-01 3.0000000000e+02 -3.2380102263e-08 -1.0938336868e-13 3.2380102064e-08 3.2380276941e-08 3.2380101809e-08 3.6618965569e-15 1.0940336990e-13 -3.2380276914e-08 6.2039543282e-14
d  1.4373348181e-02 1.9386577239e+00 -2.0000000000e-01 1.9377147404e+00 3.1432962015e-01 3.0000000000e+02 -3.1432786635e-08 -1.0967847474e-13 3.1432786422e-08 3.1432961997e-08 3.1432785998e-08 3.9907465431e-15 1.0969847889e-13 -3.1432961797e-08 6.2109913450e-14
d  1.4382525658e-02 1.9322334920e+00 -2.0000000000e-01 1.9313075885e+00 3.0863626682e-01 3.0000000000e+02 -3.0863450829e-08 -1.0988938436e-13 3.0863449853e-08 3.0863625899e-08 3.0863439965e-08 4.1996857995e-15 1.0990964962e-13 -3.0863616235e-08 6.2160391457e-14
d  1.4393538630e-02 1.9245244137e+00 -2.0000000000e-01 1.9236190391e+00 3.0179330617e-01 3.0000000000e+02 -3.0179154180e-08 -1.1015886848e-13 3.0179153071e-08 3.0179329692e-08 3.0179141906e-08 4.4477359873e-15 1.1017915983e-13 -3.0179318759e-08 6.2226468475e-14
d  1.4406754196e-02 1.9152735198e+00 -2.0000000000e-01 1.9143928348e+00 2.9356342355e-01 3.0000000000e+02 -2.9356165196e-08 -1.1050895836e-13 2.9356164988e-08 2.9356342338e-08 2.9356164613e-08 4.7299780070e-15 1.1052896262e-13 -2.9356342184e-08 6.2316731901e-14
d  1.4414683536e-02 1.9097229834e+00 -2.0000000000e-01 1.9088571452e+00 2.8861453439e-01 3.0000000000e+02 -2.8861275786e-08 -1.1075138762e-13 2.8861274865e-08 2.8861452709e-08 2.8861266712e-08 4.9116178066e-15 1.1077166786e-13 -2.8861444776e-08 6.2380694266e-14
d  1.4424198744e-02 1.9030623398e+00 -2.0000000000e-01 1.9022143526e+00 2.8266416223e-01 3.0000000000e+02 -2.8266237972e-08 -1.1105251865e-13 2.8266236808e-08 2.8266415250e-08 2.8266226421e-08 5.1296861699e-15 1.1107286645e-13 -2.8266405082e-08 6.2458323514e-14
d  1.4435616994e-02 1.8950695674e+00 -2.0000000000e-01 1.8942430600e+00 2.7550425481e-01 3.0000000000e+02 -2.7550246437e-08 -1.1146526828e-13 2.7550245064e-08 2.7550424296e-08 2.7550233068e-08 5.3984552465e-15 1.1148561860e-13 -2.7550412520e-08 6.2567458049e-14
d  1.4449318893e-02 1.8854782406e+00 -2.0000000000e-01 1.8846776057e+00 2.6688008842e-01 3.0000000000e+02 -2.6687828760e-08 -1.1202208546e-13 2.6687828569e-08 2.6688008839e-08 2.6687828351e-08 5.7270808562e-15 1.1204208621e-13 -2.6688008836e-08 6.2716990861e-14
d  1.4457540033e-02 1.8797234444e+00 -2.0000000000e-01 1.8789383906e+00 2.6168641036e-01 3.0000000000e+02 -2.6168460257e-08 -1.1240719935e-13 2.6168459029e-08 2.6168639996e-08 2.6168449438e-08 5.9315046489e-15 1.1242757347e-13 -2.6168630620e-08 6.2822467965e-14
d  1.4467405400e-02 1.8728176891e+00 -2.0000000000e-01 1.8720513976e+00 2.5543233388e-01 3.0000000000e+02 -2.5543051722e-08 -1.1290601975e-13 2.5543050158e-08 2.5543232013e-08 2.5543038101e-08 6.1811443266e-15 1.1292648026e-13 -2.5543220169e-08 6.2959890312e-14
d  1.4479243841e-02 1.8645307827e+00 -2.0000000000e-01 1.8637871114e+00 2.4789225296e-01 3.0000000000e+02 -2.4789042470e-08 -1.1356969795e-13 2.4789042042e-08 2.4789225055e-08 2.4789039891e-08 6.4894866131e-15 1.1358976481e-13 -2.4789223114e-08 6.3144478664e-14
d  1.4486346906e-02 1.8595586389e+00 -2.0000000000e-01 1.8588286004e+00 2.4334800561e-01 3.0000000000e+02 -2.4334616976e-08 -1.1401293276e-13 2.4334615768e-08 2.4334799539e-08 2.4334607526e-08 6.6800624945e-15 1.1403335013e-13 -2.4334791508e-08 6.3268735507e-14
d  1.4494870584e-02 1.8535920663e+00 -2.0000000000e-01 1.8528784549e+00 2.3787229456e-01 3.0000000000e+02 -2.3787044892e-08 -1.1459169339e-13 2.3787043117e-08 2.3787227867e-08 2.3787030948e-08 6.9152703382e-15 1.1461229771e-13 -2.3787215908e-08 6.3432535534e-14
d  1.4505098997e-02 1.8464321791e+00 -2.0000000000e-01 1.8457383884e+00 2.3126544055e-01 3.0000000000e+02 -2.3126358226e-08 -1.1534783479e-13 2.3126357765e-08 2.3126543778e-08 2.3126355609e-08 7.2056689920e-15 1.1536792178e-13 -2.3126541830e-08 6.3647541373e-14
d  1.4517373092e-02 1.8378403146e+00 -2.0000000000e-01 1.8371704863e+00 2.2327795792e-01 3.0000000000e+02 -2.2327608262e-08 -1.1638309525e-13 2.2327608064e-08 2.2327795778e-08 2.2327607785e-08 7.5714305276e-15 1.1640309898e-13 -2.2327795705e-08 6.3945173003e-14
d  1.4524737550e-02 1.8326851959e+00 -2.0000000000e-01 1.8320298515e+00 2.1845001440e-01 3.0000000000e+02 -2.1844812729e-08 -1.1711531965e-13 2.1844810861e-08 2.1844999756e-08 2.1844799890e-08 7.8056998573e-15 1.1713596574e-13 -2.1844988990e-08 6.4158400924e-14
d  1.4533574899e-02 1.8264990534e+00 -2.0000000000e-01 1.8258612087e+00 2.1261680846e-01 3.0000000000e+02 -2.1261490632e-08 -1.1805338735e-13 2.1261490064e-08 2.1261680460e-08 2.1261487538e-08 8.0949695910e-15 1.1807352505e-13 -2.1261678139e-08 6.4432078666e-14
d  1.4544179717e-02 1.8190756824e+00 -2.0000000000e-01 1.8184590306e+00 2.0555250903e-01 3.0000000000e+02 -2.0555058690e-08 -1.1931392064e-13 2.0555057890e-08 2.0555250285e-08 2.0555054201e-08 8.4611674178e-15 1.1933410300e-13 -2.0555246798e-08 6.4802265995e-14
d  1.4556905500e-02 1.8101676372e+00 -2.0000000000e-01 1.8095767387e+00 1.9696813318e-01 3.0000000000e+02 -1.9696618373e-08 -1.2105766195e-13 1.9696618168e-08 1.9696813294e-08 1.9696617861e-08 8.9310047665e-15 1.2107766785e-13 -1.9696813187e-08 6.5317924297e-14
d  1.4572176439e-02 1.7994779830e+00 -2.0000000000e-01 1.7989185541e+00 1.8647830144e-01 3.0000000000e+02 -1.8647631229e-08 -1.2362687077e-13 1.8647630389e-08 1.8647829484e-08 1.8647627127e-08 9.5609086243e-15 1.2364700319e-13 -1.8647826420e-08 6.6085450467e-14
d  1.4581339002e-02 1.7930641905e+00 -2.0000000000e-01 1.7925240039e+00 1.8006422681e-01 3.0000000000e+02 -1.8006220754e-08 -1.2560428485e-13 1.8006219325e-08 1.8006421432e-08 1.8006213683e-08 9.9975012717e-15 1.2562465384e-13 -1.8006415987e-08 6.6681975772e-14
d  1.4592334078e-02 1.7853676395e+00 -2.0000000000e-01 1.7848509731e+00 1.7222417169e-01 3.0000000000e+02 -1.7222211222e-08 -1.2825743600e-13 1.7222209077e-08 1.7222415203e-08 1.7222201040e-08 1.0560372753e-14 1.2827797523e-13 -1.7222407362e-08 6.7484061342e-14
d  1.4605528169e-02 1.7761317782e+00 -2.0000000000e-01 1.7756440721e+00 1.6257083562e-01 3.0000000000e+02 -1.6256871953e-08 -1.3202060431e-13 1.6256867725e-08 1.6257079513e-08 1.6256853183e-08 1.1316400496e-14 1.3204151971e-13 -1.6257065165e-08 6.8623983940e-14
d  1.4621361079e-02 1.7650487448e+00 -2.0000000000e-01 1.7645972645e+00 1.5049563111e-01 3.0000000000e+02 -1.5049341888e-08 -1.3847715885e-13 1.5049341486e-08 1.5049562886e-08 1.5049340631e-08 1.2485827141e-14 1.3849720070e-13 -1.5049562222e-08 7.0608192650e-14
d  1.4630860824e-02 1.7583989247e+00 -2.0000000000e-01 1.7579702347e+00 1.4289895350e-01 3.0000000000e+02 -1.4289665643e-08 -1.4422593712e-13 1.4289657765e-08 1.4289887650e-08 1.4289636708e-08 1.3440034743e-14 1.4424804015e-13 -1.4289866784e-08 7.2388049849e-14
d  1.4642260519e-02 1.7504191406e+00 -2.0000000000e-01 1.7500192835e+00 1.3328812674e-01 3.0000000000e+02 -1.3328569804e-08 -1.5317992427e-13 1.3328554061e-08 1.3328797111e-08 1.3328517694e-08 1.4864798977e-14 1.5320386072e-13 -1.3328760934e-08 7.5171414020e-14
d  1.4655940153e-02 1.7408433997e+00 -2.0000000000e-01 1.7404814110e+00 1.2066554261e-01 3.0000000000e+02 -1.2066287069e-08 -1.6980266805e-13 1.2066272028e-08 1.2066539398e-08 1.2066244451e-08 1.7366638479e-14 1.6982575309e-13 -1.2066512007e-08 8.0364798873e-14
d  1.4664147933e-02 1.7350979551e+00 -2.0000000000e-01 1.7347615596e+00 1.1213479724e-01 3.0000000000e+02 -1.1213184267e-08 -1.8921323007e-13 1.1213132712e-08 1.1213428363e-08 1.1213052869e-08 2.0122548311e-14 1.8924888205e-13 -1.1213348707e-08 8.6466556866e-14
d  1.4673997270e-02 1.7282034216e+00 -2.0000000000e-01 1.7279036231e+00 9.9936449383e-02 3.0000000000e+02 -9.9932860781e-09 -2.3284948268e-13 9.9932422120e-09 9.9936012605e-09 9.9931922920e-09 2.6131984048e-14 2.3288175791e-13 -9.9935515252e-09 1.0022207673e-13
d  1.4679906871e-02 1.7240667016e+00 -2.0000000000e-01 1.7237966277e+00 9.0029400385e-02 3.0000000000e+02 -9.0024633244e-09 -3.1414231378e-13 9.0025159944e-09 9.0029928521e-09 9.0025602329e-09 3.6984062837e-14 3.1414055996e-13 -9.0030372699e-09 1.2591366203e-13
d  1.4681679752e-02 1.7228256855e+00 -2.0000000000e-01 1.7225676675e+00 8.6012102904e-02 3.0000000000e+02 -8.6005995744e-09 -4.0672998930e-13 8.6006543090e-09 8.6012651079e-09 8.6006977728e-09 4.9125155765e-14 4.0668240307e-13 -8.6013087461e-09 1.5515875645e-13
d  1.4682743480e-02 1.7220810759e+00 -2.0000000000e-01 1.7218320783e+00 8.3006822034e-02 3.0000000000e+02 -8.2999205074e-09 -5.1108453071e-13 8.3000018847e-09 8.3007635054e-09 8.3000672616e-09 6.2755494779e-14 5.1091638705e-13 -8.3008290442e-09 1.8809857891e-13
d  1.4683381717e-02 1.7216343101e+00 -2.0000000000e-01 1.7213919324e+00 8.0801761680e-02 3.0000000000e+02 -8.0792575844e-09 -6.1958214254e-13 8.0793183393e-09 8.0802367867e-09 8.0793722460e-09 7.6885133449e-14 6.1936465663e-13 -8.0802908474e-09 2.2231830785e-13
d  1.4683764659e-02 1.7213662507e+00 -2.0000000000e-01 1.7211285536e+00 7.9243018111e-02 3.0000000000e+02 -7.9232372957e-09 -7.2058384660e-13 7.9232857504e-09 7.9243500283e-09 7.9233400718e-09 8.9990255524e-14 7.2027860855e-13 -7.9244044850e-09 2.5410128306e-13
d  1.4684224190e-02 1.7210445793e+00 -2.0000000000e-01 1.7208137354e+00 7.6961370503e-02 3.0000000000e+02 -7.6947972563e-09 -9.1115221830e-13 7.6948681372e-09 7.6962075409e-09 7.6949389788e-09 1.1469264695e-13 9.1073040529e-13 -7.6962785063e-09 3.1406125489e-13
d  1.4684499908e-02 1.7208515765e+00 -2.0000000000e-01 1.7206258161e+00 7.5269560175e-02 3.0000000000e+02 -7.5253465265e-09 -1.0980680237e-12 7.5253745441e-09 7.5269838768e-09 7.5254112728e-09 1.3883156559e-13 1.0978175532e-12 -7.5270207410e-09 3.7273068934e-13
d  1.4684830770e-02 1.7206199731e+00 -2.0000000000e-01 1.7204020784e+00 7.2653180011e-02 3.0000000000e+02 -7.2631570721e-09 -1.4805775041e-12 7.2632018568e-09 7.2653624625e-09 7.2632533287e-09 1.8805081977e-13 1.4801975485e-12 -7.2654140539e-09 4.9245043739e-13
d  1.4685029288e-02 1.7204810111e+00 -2.0000000000e-01 1.7202692766e+00 7.0605438059e-02 3.0000000000e+02 -7.0578162833e-09 -1.8742572925e-12 7.0578505776e-09 7.0605777102e-09 7.0579093088e-09 2.3835302968e-13 1.8737884387e-12 -7.0606365164e-09 6.1497092238e-13
d  1.4685267508e-02 1.7203142567e+00 -2.0000000000e-01 1.7201127001e+00 6.7225126981e-02 3.0000000000e+02 -6.7185538779e-09 -2.7309147058e-12 6.7185750178e-09 6.7225336826e-09 6.7186062232e-09 3.4734132208e-13 2.7306554478e-12 -6.7225650122e-09 8.8068657887e-13
d  1.4685410441e-02 1.7202142040e+00 -2.0000000000e-01 1.7200210977e+00 6.4421442943e-02 3.0000000000e+02 -6.4368789810e-09 -3.6429113996e-12 6.4368923136e-09 6.4421574919e-09 6.4369290886e-09 4.6193549799e-13 3.6426231832e-12 -6.4421943462e-09 1.1606271160e-12
d  1.4685496200e-02 1.7201541724e+00 -2.0000000000e-01 1.7199673937e+00 6.2323635231e-02 3.0000000000e+02 -6.2259567033e-09 -4.4422701785e-12 6.2259582152e-09 6.2323651438e-09 6.2260021426e-09 5.6116657175e-13 4.4420514813e-12 -6.2324090457e-09 1.4035113550e-12
d  1.4685599112e-02 1.7200821345e+00 -2.0000000000e-01 1.7199049602e+00 5.9142363594e-02 3.0000000000e+02 -5.9058110095e-09 -5.8580998762e-12 5.9058132990e-09 5.9142387336e-09 5.9058569684e-09 7.3584136486e-13 5.8578682324e-12 -5.9142823813e-09 1.8314929406e-12
d  1.4685660858e-02 1.7200389118e+00 -2.0000000000e-01 1.7198688889e+00 5.6775329027e-02 3.0000000000e+02 -5.6674284903e-09 -7.0415136936e-12 5.6674304387e-09 5.6775349128e-09 5.6674155723e-09 8.7917263427e-13 7.0415551098e-12 -5.6775203274e-09 2.1837229739e-12
d  1.4685734955e-02 1.7199870445e+00 -2.0000000000e-01 1.7198276025e+00 5.3276120057e-02 3.0000000000e+02 -5.3147325661e-09 -9.0039945249e-12 5.3147311834e-09 5.3276108546e-09 5.3147392533e-09 1.1140428742e-12 9.0040012418e-12 -5.3276190440e-09 2.7620071009e-12
d  1.4685779412e-02 1.7199559241e+00 -2.0000000000e-01 1.7198041148e+00 5.0753221391e-02 3.0000000000e+02 -5.0603091451e-09 -1.0523262558e-11 5.0603036655e-09 5.0753172141e-09 5.0603211178e-09 1.2908041133e-12 1.0523368680e-11 -5.0753346512e-09 3.1992348888e-12
d  1.4685832761e-02 1.7199185796e+00 -2.0000000000e-01 1.7197776000e+00 4.7175773337e-02 3.0000000000e+02 -4.6993213152e-09 -1.2843719360e-11 4.6993175409e-09 4.7175739782e-09 4.6993287455e-09 1.5557716511e-12 1.2843794595e-11 -4.7175852345e-09 3.8566957766e-12
d  1.4685864771e-02 1.7198961730e+00 -2.0000000000e-01 1.7197626801e+00 4.4702943623e-02 3.0000000000e+02 -4.4497617223e-09 -1.4490223222e-11 4.4497491964e-09 4.4702832420e-09 4.4497777884e-09 1.7359172690e-12 1.4490646452e-11 -4.4703115132e-09 4.3069856224e-12
d  1.4685903182e-02 1.7198692850e+00 -2.0000000000e-01 1.7197459261e+00 4.1356595345e-02 3.0000000000e+02 -4.1119629091e-09 -1.6793653385e-11 4.1119540961e-09 4.1356517145e-09 4.1119731471e-09 1.9807810770e-12 1.6793940406e-11 -4.1356706070e-09 4.9221377979e-12
d  1.4685926229e-02 1.7198531522e+00 -2.0000000000e-01 1.7197364976e+00 3.9142086638e-02 3.0000000000e+02 -3.8884867188e-09 -1.8290766969e-11 3.8884837078e-09 3.9142062143e-09 3.8884888881e-09 2.1298907930e-12 1.8290927493e-11 -3.9142114242e-09 5.3012428737e-12
d  1.4685953886e-02 1.7198337928e+00 -2.0000000000e-01 1.7197258318e+00 3.6270206562e-02 3.0000000000e+02 -3.5987015292e-09 -2.0228979429e-11 3.5987006726e-09 3.6270200614e-09 3.5987017470e-09 2.3149410462e-12 2.0229031465e-11 -3.6270212770e-09 5.7755590098e-12
d  1.4685987073e-02 1.7198105616e+00 -2.0000000000e-01 1.7197139427e+00 3.2521393088e-02 3.0000000000e+02 -3.2206300108e-09 -2.2655073386e-11 3.2206290159e-09 3.2521385794e-09 3.2206302974e-09 2.5265617877e-12 2.2655125765e-11 -3.2521399988e-09 6.3280217200e-12
d  1.4686026898e-02 1.7197826841e+00 -2.0000000000e-01 1.7197007354e+00 2.7665996076e-02 3.0000000000e+02 -2.7316214928e-09 -2.5408313783e-11 2.7316111836e-09 2.7665905001e-09 2.7316277862e-09 2.7172758118e-12 2.5408671544e-11 -2.7666068339e-09 6.8530654412e-12
d  1.4686074688e-02 1.7197492311e+00 -2.0000000000e-01 1.7196854564e+00 2.1633611861e-02 3.0000000000e+02 -2.1258222544e-09 -2.7739054040e-11 2.1258209881e-09 2.1633601898e-09 2.1258224463e-09 2.7557172002e-12 2.7739105577e-11 -2.1633617783e-09 7.0439957317e-12
d  1.4686132036e-02 1.7197090875e+00 -2.0000000000e-01 1.7196654473e+00 1.4912819022e-02 3.0000000000e+02 -1.4546745901e-09 -2.7869464713e-11 1.4546703834e-09 1.4912782121e-09 1.4546754694e-09 2.4068551502e-12 2.7869586272e-11 -1.4912832987e-09 6.3314648972e-12
d  1.4686200854e-02 1.7196609152e+00 -2.0000000000e-01 1.7196354151e+00 8.8013041728e-03 3.0000000000e+02 -8.5000510030e-10 -2.4120128630e-11 8.4999978826e-10 8.8012576120e-10 8.5000555589e-10 1.5724303510e-12 2.4120260084e-11 -8.8013140317e-10 4.4329606557e-12
d  1.4686283435e-02 1.7196031085e+00 -2.0000000000e-01 1.7195901005e+00 4.5449526294e-03 3.0000000000e+02 -4.3359963881e-10 -1.7947707470e-11 4.3359894474e-10 4.5449479984e-10 4.3359933240e-10 6.6963448565e-13 1.7947736965e-11 -4.5449531655e-10 2.2783159044e-12
d  1.4686382532e-02 1.7195337404e+00 -2.0000000000e-01 1.7195275124e+00 2.2137282015e-03 3.0000000000e+02 -2.0759832235e-10 -1.2589819342e-11 2.0759804409e-10 2.2137273175e-10 2.0759798185e-10 1.7701341428e-13 1.2589840870e-11 -2.2137282628e-10 1.0080238548e-12
d  1.4686482142e-02 1.7194640136e+00 -2.0000000000e-01 1.7194606563e+00 1.2215663440e-03 3.0000000000e+02 -1.1191023012e-10 -9.5410110806e-12 1.1190992417e-10 1.2215654024e-10 1.1190988832e-10 6.8003173271e-14 9.5410326506e-12 -1.2215663920e-10 6.3770670671e-13
d  1.4686574211e-02 1.7193995651e+00 -2.0000000000e-01 1.7193974607e+00 7.8420425670e-04 3.0000000000e+02 -7.0146937033e-11 -7.7159397538e-12 7.0146543825e-11 7.8420352595e-11 7.0146594313e-11 4.8415844829e-14 7.7159610434e-12 -7.8420429024e-11 5.0940996376e-13
d  1.4686683015e-02 1.7193234025e+00 -2.0000000000e-01 1.7193220623e+00 5.1243868046e-04 3.0000000000e+02 -4.4673297247e-11 -6.1522506434e-12 4.4673030638e-11 5.1243870411e-11 4.4672953361e-11 2.7610012869e-14 6.1522706049e-12 -5.1243868012e-11 3.9087058906e-13
d  1.4686813579e-02 1.7192320074e+00 -2.0000000000e-01 1.7192311412e+00 3.4071095381e-04 3.0000000000e+02 -2.8873614064e-11 -4.8809309978e-12 2.8873431794e-11 3.4071113420e-11 2.8873270088e-11 1.4584905578e-14 4.8809507635e-12 -3.4071094892e-11 3.0221630724e-13
d  1.4686970257e-02 1.7191223332e+00 -2.0000000000e-01 1.7191217630e+00 2.3127167342e-04 3.0000000000e+02 -1.9005612940e-11 -3.8744960353e-12 1.9005443286e-11 2.3127179066e-11 1.9005269063e-11 7.9746630527e-15 3.8745159088e-12 -2.3127167093e-11 2.3940172737e-13
d  1.4687158270e-02 1.7189907242e+00 -2.0000000000e-01 1.7189903415e+00 1.6037113892e-04 3.0000000000e+02 -1.2756974737e-11 -3.0825142346e-12 1.2756806293e-11 1.6037121721e-11 1.2756630920e-11 4.5365451519e-15 3.0825341644e-12 -1.6037113761e-11 1.9340903094e-13
d  1.4687383885e-02 1.7188327934e+00 -2.0000000000e-01 1.7188325315e+00 1.1352952649e-04 3.0000000000e+02 -8.7312470147e-12 -2.4604760180e-12 8.7310786971e-12 1.1352961069e-11 8.7309032248e-12 2.6780637821e-15 2.4604959552e-12 -1.1352952532e-11 1.5887275258e-13
d  1.4687654624e-02 1.7186432765e+00 -2.0000000000e-01 1.7186430938e+00 8.1941668635e-05 3.0000000000e+02 -6.0888469085e-12 -1.9714964379e-12 6.0886794421e-12 8.1941772420e-12 6.0885031657e-12 1.6459702603e-15 1.9715163736e-12 -8.1941667415e-12 1.3249657575e-13
d  1.4687979510e-02 1.7184158562e+00 -2.0000000000e-01 1.7184157265e+00 6.0206345346e-05 3.0000000000e+02 -4.3217747157e-12 -1.5860294084e-12 4.3216222823e-12 6.0206508350e-12 4.3214310267e-12 1.0599472305e-15 1.5860493244e-12 -6.0206343726e-12 1.1208817518e-13
d  1.4688369373e-02 1.7181429518e+00 -2.0000000000e-01 1.7181428582e+00 4.4962160424e-05 3.0000000000e+02 -3.1187411526e-12 -1.2809556899e-12 3.1185963219e-12 4.4962371549e-12 3.1183975018e-12 7.2067753835e-16 1.2809755995e-12 -4.4962158677e-12 9.6127504347e-14
d  1.4688837210e-02 1.7178154665e+00 -2.0000000000e-01 1.7178153979e+00 3.4079975696e-05 3.0000000000e+02 -2.2858937643e-12 -1.0383828137e-12 2.2857511957e-12 3.4080198124e-12 2.2855501759e-12 5.2065215859e-16 1.0384027344e-12 -3.4079974172e-12 8.3529886555e-14
d  1.4689398613e-02 1.7174224842e+00 -2.0000000000e-01 1.7174224332e+00 2.6185348913e-05 3.0000000000e+02 -1.7003638352e-12 -8.4459219427e-13 1.7002181737e-12 2.6185552937e-12 1.7000203459e-12 4.0081557692e-16 8.4461213377e-13 -2.6185347757e-12 7.3508077094e-14
d  1.4690072297e-02 1.7169509054e+00 -2.0000000000e-01 1.7169508669e+00 2.0373853333e-05 3.0000000000e+02 -1.2828592558e-12 -6.8904610309e-13 1.2827129877e-12 2.0374048276e-12 1.2825158621e-12 3.2794234527e-16 6.8906605501e-13 -2.0373852419e-12 6.5480122516e-14
d  1.4690880718e-02 1.7163850108e+00 -2.0000000000e-01 1.7163849814e+00 1.6039176401e-05 3.0000000000e+02 -9.8130561294e-13 -5.6364700669e-13 9.8116198129e-13 1.6039383063e-12 9.8096234004e-13 2.8297800528e-16 5.6366696429e-13 -1.6039175596e-12 5.9010662754e-14
d  1.4691850824e-02 1.7157059374e+00 -2.0000000000e-01 1.7157059146e+00 1.2767602028e-05 3.0000000000e+02 -7.6092657972e-13 -4.6213919315e-13 7.6078513119e-13 1.2767818421e-12 7.6058343196e-13 2.5490886789e-16 4.6215915620e-13 -1.2767601327e-12 5.3769686260e-14
d  1.4693014950e-02 1.7148910492e+00 -2.0000000000e-01 1.7148910313e+00 1.0272124992e-05 3.0000000000e+02 -5.9813203788e-13 -3.7966972036e-13 5.9795418246e-13 1.0272089418e-12 5.9778906885e-13 2.3712810406e-16 3.7968972541e-13 -1.0272125100e-12 4.9504589548e-14
d  1.4694411901e-02 1.7139131835e+00 -2.0000000000e-01 1.7139131692e+00 8.3505528099e-06 3.0000000000e+02 -4.7668489436e-13 -3.1244200086e-13 4.7649233448e-13 8.3504330438e-13 4.7634213481e-13 2.2568905450e-16 3.1246201502e-13 -8.3505530903e-13 4.6019526330e-14
d  1.4696088243e-02 1.7127397445e+00 -2.0000000000e-01 1.7127397330e+00 6.8584047594e-06 3.0000000000e+02 -3.8525807571e-13 -2.5751262735e-13 3.8510443723e-13 6.8585780247e-13 3.8491554685e-13 2.1822843791e-16 2.5753261029e-13 -6.8584044393e-13 4.3163745474e-14
d  1.4698099853e-02 1.7113316178e+00 -2.0000000000e-01 1.7113316083e+00 5.6910863171e-06 3.0000000000e+02 -3.1585172845e-13 -2.1255058620e-13 3.1569045156e-13 5.6912260618e-13 3.1550946868e-13 2.1326486827e-16 2.1257057474e-13 -5.6910861037e-13 4.0818391027e-14
d  1.4700513786e-02 1.7096418657e+00 -2.0000000000e-01 1.7096418579e+00 4.7719149768e-06 3.0000000000e+02 -2.6274493106e-13 -1.7566624401e-13 2.6258362891e-13 4.7720501658e-13 2.6240301703e-13 2.0992092145e-16 1.7568623478e-13 -4.7719148053e-13 3.8887222029e-14
d  1.4703410504e-02 1.7076141632e+00 -2.0000000000e-01 1.7076141566e+00 4.0439739418e-06 3.0000000000e+02 -2.2179458790e-13 -1.4541622374e-13 2.2163140952e-13 4.0440281695e-13 2.2145307156e-13 2.0753765143e-16 1.4543622065e-13 -4.0439738871e-13 3.7297055553e-14
d  1.4706886567e-02 1.7051809203e+00 -2.0000000000e-01 1.7051809146e+00 3.4647105643e-06 3.0000000000e+02 -1.8999005250e-13 -1.2061247521e-13 1.8981438643e-13 3.4646776389e-13 1.8964903108e-13 2.0573799846e-16 1.2063247677e-13 -3.4647105975e-13 3.5987609392e-14
d  1.4711057841e-02 1.7022610287e+00 -2.0000000000e-01 1.7022610238e+00 3.0017973419e-06 3.0000000000e+02 -1.6509343670e-13 -1.0028957057e-13 1.6493188297e-13 3.0018750136e-13 1.6475300085e-13 2.0434955041e-16 1.0030956751e-13 -3.0017972865e-13 3.4909897782e-14
d  1.4716063371e-02 1.6987571588e+00 -2.0000000000e-01 1.6987571545e+00 2.6304963221e-06 3.0000000000e+02 -1.4543582132e-13 -8.3705689923e-14 1.4526619167e-13 2.6304999903e-13 1.4509607763e-13 2.0314576336e-16 8.3725689803e-14 -2.6304963224e-13 3.4026398170e-14
d  1.4722070007e-02 1.6945525149e+00 -2.0000000000e-01 1.6945525111e+00 2.3211917155e-06 3.0000000000e+02 -1.2820926504e-13 -7.0695801591e-14 1.2807019889e-13 2.3214885486e-13 1.2787036582e-13 2.0207870460e-16 7.0715793460e-14 -2.3211915631e-13 3.3330483294e-14
d  1.4729277970e-02 1.6895069423e+00 -2.0000000000e-01 1.6895069388e+00 2.0887025560e-06 3.0000000000e+02 -1.1700568222e-13 -5.9267071556e-14 1.1683713996e-13 2.0887080526e-13 1.1666778078e-13 2.0086730710e-16 5.9287071431e-14 -2.0887025557e-13 3.2715404812e-14
d  1.4737927526e-02 1.6834522551e+00 -2.0000000000e-01 1.6834522520e+00 1.8932077946e-06 3.0000000000e+02 -1.0660188823e-13 -5.0588888609e-14 1.0643504596e-13 1.8932279197e-13 1.0626521072e-13 1.9976813749e-16 5.0608888225e-14 -1.8932077892e-13 3.2246554104e-14
d  1.4748306992e-02 1.6761866305e+00 -2.0000000000e-01 1.6761866277e+00 1.7240149132e-06 3.0000000000e+02 -9.6440786130e-14 -4.4178100229e-14 9.6260421856e-14 1.7238714726e-13 9.6105546948e-14 1.9848762397e-16 4.4198102509e-14 -1.7240149584e-13 3.1898758441e-14
d  1.4760762352e-02 1.6674678810e+00 -2.0000000000e-01 1.6674678784e+00 1.5908237624e-06 3.0000000000e+02 -8.8780369232e-14 -3.8814384897e-14 8.8599808971e-14 1.5906693074e-13 8.8446896288e-14 1.9694372564e-16 3.8834386947e-14 -1.5908238030e-13 3.1606276510e-14
d  1.4775708784e-02 1.6570053816e+00 -2.0000000000e-01 1.6570053792e+00 1.4793325064e-06 3.0000000000e+02 -8.1908350274e-14 -3.4758389936e-14 8.1728246393e-14 1.4791700633e-13 8.1576957311e-14 1.9522872070e-16 3.4778391736e-14 -1.4793325422e-13 3.1384167479e-14
d  1.4784676643e-02 1.6507278820e+00 -2.0000000000e-01 1.6507278796e+00 1.4293850461e-06 3.0000000000e+02 -7.8661598448e-14 -3.3102959021e-14 7.8483538187e-14 1.4292547512e-13 7.8331464578e-14 1.9420749417e-16 3.3122961137e-14 -1.4293850877e-13 3.1292805388e-14
d  1.4795438074e-02 1.6431948824e+00 -2.0000000000e-01 1.6431948801e+00 1.3786371716e-06 3.0000000000e+02 -7.5104439540e-14 -3.1660499160e-14 7.4959061180e-14 1.3788115538e-13 7.4775813961e-14 1.9300475434e-16 3.1680496506e-14 -1.3786371226e-13 3.1213325776e-14
d  1.4808351792e-02 1.6341552829e+00 -2.0000000000e-01 1.6341552807e+00 1.3276477260e-06 3.0000000000e+02 -7.1339439076e-14 -3.0398694950e-14 7.1159056425e-14 1.3274842928e-13 7.1012616661e-14 1.9158226660e-16 3.0418697030e-14 -1.3276477668e-13 3.1143660681e-14
d  1.4816100022e-02 1.6287315232e+00 -2.0000000000e-01 1.6287315211e+00 1.3012903497e-06 3.0000000000e+02 -6.9329883902e-14 -2.9802176811e-14 6.9176035270e-14 1.3013850629e-13 6.9004148557e-14 1.9071316946e-16 2.9822175040e-14 -1.3012903175e-13 3.1110565560e-14
d  1.4825397898e-02 1.6222230115e+00 -2.0000000000e-01 1.6222230095e+00 1.2720610550e-06 3.0000000000e+02 -6.6992520201e-14 -2.9248251939e-14 6.6821696324e-14 1.2719706512e-13 6.6668078124e-14 1.8971242249e-16 2.9268253524e-14 -1.2720610864e-13 3.1079817059e-14
d  1.4836555350e-02 1.6144127976e+00 -2.0000000000e-01 1.6144127956e+00 1.2396959969e-06 3.0000000000e+02 -6.4290952661e-14 -2.8742085386e-14 6.4146628750e-14 1.2398513534e-13 6.3968077581e-14 1.8849613704e-16 2.8762083110e-14 -1.2396959549e-13 3.1051626469e-14
d  1.4849944292e-02 1.6050405408e+00 -2.0000000000e-01 1.6050405390e+00 1.2044378909e-06 3.0000000000e+02 -6.1265262882e-14 -2.8269073720e-14 6.1090317989e-14 1.2042973369e-13 6.0944266121e-14 1.8705729001e-16 2.8289075442e-14 -1.2044379248e-13 3.1025175355e-14
d  1.4857977657e-02 1.5994171868e+00 -2.0000000000e-01 1.5994171850e+00 1.1851956248e-06 3.0000000000e+02 -5.9601446228e-14 -2.8019614259e-14 5.9459326351e-14 1.1853452780e-13 5.9281572411e-14 1.8620721636e-16 2.8039611564e-14 -1.1851955749e-13 3.1011152258e-14
d  1.4867617696e-02 1.5926691619e+00 -2.0000000000e-01 1.5926691602e+00 1.1629111092e-06 3.0000000000e+02 -5.7612070767e-14 -2.7797850959e-14 5.7444241956e-14 1.1628248615e-13 5.7293545370e-14 1.8516935472e-16 2.7817852416e-14 -1.1629111379e-13 3.0998639310e-14
d  1.4879185741e-02 1.5845715320e+00 -2.0000000000e-01 1.5845715304e+00 1.1371444029e-06 3.0000000000e+02 -5.5246775308e-14 -2.7592762924e-14 5.5104446931e-14 1.1372882598e-13 5.4929866064e-14 1.8394439556e-16 2.7612760894e-14 -1.1371443655e-13 3.0986979002e-14
d  1.4893067397e-02 1.5748543762e+00 -2.0000000000e-01 1.5748543747e+00 1.1079428452e-06 3.0000000000e+02 -5.2532949507e-14 -2.7399982758e-14 5.2365748774e-14 1.1078386937e-13 5.2217976513e-14 1.8248880699e-16 2.7419983988e-14 -1.1079428697e-13 3.0975928747e-14
d  1.4901396390e-02 1.5690240828e+00 -2.0000000000e-01 1.5690240812e+00 1.0917810811e-06 3.0000000000e+02 -5.1051265266e-14 -2.7271371390e-14 5.0887679256e-14 1.0917110900e-13 5.0737467956e-14 1.8163552280e-16 2.7291372606e-14 -1.0917811053e-13 3.0968551416e-14
d  1.4911391181e-02 1.5620277306e+00 -2.0000000000e-01 1.5620277291e+00 1.0724048894e-06 3.0000000000e+02 -4.9215948157e-14 -2.7173475508e-14 4.9051192737e-14 1.0723219230e-13 4.8903554240e-14 1.8058224406e-16 2.7193476859e-14 -1.0724049160e-13 3.0962846023e-14
d  1.4923384931e-02 1.5536321079e+00 -2.0000000000e-01 1.5536321065e+00 1.0496262451e-06 3.0000000000e+02 -4.7024633265e-14 -2.7091031060e-14 4.6885177222e-14 1.0497645490e-13 4.6713904283e-14 1.7934666792e-16 2.7111029178e-14 -1.0496262104e-13 3.0957933603e-14
d  1.4937777431e-02 1.5435573608e+00 -2.0000000000e-01 1.5435573595e+00 1.0233771557e-06 3.0000000000e+02 -4.4492330013e-14 -2.7006009715e-14 4.4329873106e-14 1.0232877471e-13 4.4183625952e-14 1.7787614443e-16 2.7026010733e-14 -1.0233771761e-13 3.0952804669e-14
d  1.4946412931e-02 1.5375125125e+00 -2.0000000000e-01 1.5375125112e+00 1.0086615738e-06 3.0000000000e+02 -4.3099286076e-14 -2.6930097350e-14 4.2938978299e-14 1.0085952243e-13 4.2791790663e-14 1.7700144834e-16 2.6950098460e-14 -1.0086615958e-13 3.0948322314e-14
d  1.4956775531e-02 1.5302586946e+00 -2.0000000000e-01 1.5302586933e+00 9.9084844011e-07 3.0000000000e+02 -4.1366751333e-14 -2.6882404120e-14 4.1205313236e-14 9.9076917962e-14 4.1060708170e-14 1.7595153495e-16 2.6902405364e-14 -9.9084846468e-14 3.0945371720e-14
d  1.4969210651e-02 1.5215541130e+00 -2.0000000000e-01 1.5215541119e+00 9.6983653464e-07 3.0000000000e+02 -3.9307038256e-14 -2.6842794601e-14 3.9146241804e-14 9.6975157601e-14 3.9002743889e-14 1.7469280285e-16 2.6862795716e-14 -9.6983655674e-14 3.0942803393e-14
d  1.4984132795e-02 1.5111086152e+00 -2.0000000000e-01 1.5111086141e+00 9.4533439788e-07 3.0000000000e+02 -3.6901369818e-14 -2.6801009588e-14 3.6742579349e-14 9.4525137013e-14 3.6599159913e-14 1.7320724242e-16 2.6821010498e-14 -9.4533441611e-14 3.0940035205e-14
d  1.5000000000e-02 1.5000015750e+00 -2.0000000000e-01 1.5000015740e+00 9.1386298372e-07 3.0000000000e+02 -3.3485922910e-14 -2.7055710119e-14 3.3321560326e-14 9.1370205354e-14 3.3185919899e-14 1.7164617012e-16 2.7075711749e-14 -9.1386301559e-14 3.0953846155e-14
d  1.5009520323e-02 1.4933373509e+00 -2.0000000000e-01 1.4933373499e+00 9.0503284492e-07 3.0000000000e+02 -3.3019939593e-14 -2.6662783014e-14 3.2862771763e-14 9.0496042415e-14 3.2721283969e-14 1.7067132882e-16 2.6682784114e-14 -9.0503286666e-14 3.0931519495e-14
d  1.5020944710e-02 1.4853402819e+00 -2.0000000000e-01 1.4853402810e+00 8.8775036391e-07 3.0000000000e+02 -3.1307360946e-14 -2.6643148976e-14 3.1150719041e-14 8.8767538194e-14 3.1010301657e-14 1.6957951991e-16 2.6663150043e-14 -8.8775038503e-14 3.0930125251e-14
d  1.5034653975e-02 1.4757437992e+00 -2.0000000000e-01 1.4757437983e+00 8.6735134871e-07 3.0000000000e+02 -2.9275823573e-14 -2.6636363564e-14 2.9121031512e-14 8.6727832559e-14 2.8980685562e-14 1.6823929029e-16 2.6656364434e-14 -8.6735136607e-14 3.0929310704e-14
d  1.5051105093e-02 1.4642280199e+00 -2.0000000000e-01 1.4642280191e+00 8.3779765713e-07 3.0000000000e+02 -2.6041736584e-14 -2.6900811682e-14 2.5882732994e-14 8.3765704759e-14 2.5748904589e-14 1.6666175492e-16 2.6920813081e-14 -8.3779768452e-14 3.0943661717e-14
d  1.5060975764e-02 1.4573185523e+00 -2.0000000000e-01 1.4573185516e+00 8.2925252318e-07 3.0000000000e+02 -2.5559774837e-14 -2.6550215069e-14 2.5406743376e-14 8.2918611959e-14 2.5268324694e-14 1.6568024792e-16 2.6570216041e-14 -8.2925254243e-14 3.0923636042e-14
d  1.5072820569e-02 1.4490271912e+00 -2.0000000000e-01 1.4490271905e+00 8.1285898650e-07 3.0000000000e+02 -2.3924377833e-14 -2.6542092607e-14 2.3772398864e-14 8.1279335192e-14 2.3634569857e-14 1.6458294723e-16 2.6562093507e-14 -8.1285900437e-14 3.0922851592e-14
d  1.5087034335e-02 1.4390775579e+00 -2.0000000000e-01 1.4390775573e+00 7.8817007649e-07 3.0000000000e+02 -2.1168627289e-14 -2.6814820522e-14 2.1014116373e-14 7.8805484742e-14 2.0880808362e-14 1.6324711248e-16 2.6834821845e-14 -7.8817010235e-14 3.0937740147e-14
d  1.5104090854e-02 1.4271379980e+00 -2.0000000000e-01 1.4271379974e+00 7.6494202985e-07 3.0000000000e+02 -1.8906839256e-14 -2.6758394572e-14 1.8752333020e-14 7.6481338216e-14 1.8621428744e-14 1.6162282354e-16 2.6778395806e-14 -7.6494205402e-14 3.0934017725e-14
d  1.5114324765e-02 1.4199742620e+00 -2.0000000000e-01 1.4199742614e+00 7.5661650526e-07 3.0000000000e+02 -1.8408526385e-14 -2.6442245565e-14 1.8259986116e-14 7.5655741242e-14 1.8124542632e-14 1.6065735470e-16 2.6462246399e-14 -7.5661652181e-14 3.0915884715e-14
d  1.5126605459e-02 1.4113777788e+00 -2.0000000000e-01 1.4113777783e+00 7.4104789095e-07 3.0000000000e+02 -1.6845994543e-14 -2.6444391919e-14 1.6695585655e-14 7.4097057058e-14 1.6563719694e-14 1.5953893293e-16 2.6464392941e-14 -7.4104791107e-14 3.0915637319e-14
d  1.5141342291e-02 1.4010619990e+00 -2.0000000000e-01 1.4010619986e+00 7.1784702819e-07 3.0000000000e+02 -1.4253287678e-14 -2.6702102406e-14 1.4103740398e-14 7.1774520470e-14 1.3973083663e-14 1.5818940303e-16 2.6722103532e-14 -7.1784705025e-14 3.0929685368e-14
d  1.5159026490e-02 1.3886830632e+00 -2.0000000000e-01 1.3886830629e+00 6.9582267158e-07 3.0000000000e+02 -1.2096599492e-14 -2.6661399831e-14 1.1947383823e-14 6.9571003295e-14 1.1818870368e-14 1.5656154351e-16 2.6681400873e-14 -6.9582269207e-14 3.0926802520e-14
d  1.5169637010e-02 1.3812557018e+00 -2.0000000000e-01 1.3812557014e+00 6.8765665869e-07 3.0000000000e+02 -1.1580038144e-14 -2.6377342266e-14 1.1434445983e-14 6.8759393343e-14 1.1303782178e-14 1.5558775516e-16 2.6397343119e-14 -6.8765667557e-14 3.0910409047e-14
d  1.5182369633e-02 1.3723428680e+00 -2.0000000000e-01 1.3723428677e+00 6.7280592936e-07 3.0000000000e+02 -1.0085411239e-14 -2.6382716950e-14 9.9397527246e-15 6.7273642914e-14 9.8109465614e-15 1.5445905995e-16 2.6402717836e-14 -6.7280594684e-14 3.0910311053e-14
d  1.5197648781e-02 1.3616474675e+00 -2.0000000000e-01 1.3616474673e+00 6.5091415468e-07 3.0000000000e+02 -7.6420193416e-15 -2.6623819342e-14 7.4974619106e-15 6.5082444852e-14 7.3696883596e-15 1.5310119867e-16 2.6643820298e-14 -6.5091417349e-14 3.0923426415e-14
d  1.5206816270e-02 1.3552302272e+00 -2.0000000000e-01 1.3552302270e+00 6.4472439539e-07 3.0000000000e+02 -7.3020948554e-15 -2.6362180464e-14 7.1762077762e-15 6.4479826729e-14 7.0310605155e-15 1.5226348263e-16 2.6382179305e-14 -6.4472437406e-14 3.0908282584e-14
d  1.5217817256e-02 1.3475295388e+00 -2.0000000000e-01 1.3475295387e+00 6.3260824568e-07 3.0000000000e+02 -6.0878426324e-15 -2.6365706721e-14 5.9484047317e-15 6.3256651790e-14 5.8183417989e-15 1.5132440709e-16 2.6385707335e-14 -6.3260825795e-14 3.0908142855e-14
d  1.5231018440e-02 1.3382887128e+00 -2.0000000000e-01 1.3382887127e+00 6.1401869653e-07 3.0000000000e+02 -3.9794421014e-15 -2.6597706818e-14 3.8389957879e-15 6.1394790428e-14 3.7117810976e-15 1.5016157290e-16 2.6617707689e-14 -6.1401871365e-14 3.0920829898e-14
d  1.5246859861e-02 1.3271997216e+00 -2.0000000000e-01 1.3271997215e+00 5.9668186272e-07 3.0000000000e+02 -2.2756725974e-15 -2.6571124591e-14 2.1353733596e-15 5.9660134010e-14 2.0102315546e-15 1.4877311988e-16 2.6591125418e-14 -5.9668187903e-14 3.0918767972e-14
d  1.5256364713e-02 1.3205463268e+00 -2.0000000000e-01 1.3205463268e+00 5.9052414473e-07 3.0000000000e+02 -1.9214163138e-15 -2.6323519514e-14 1.7862378243e-15 5.9049408238e-14 1.6573156382e-15 1.4794242364e-16 2.6343519969e-14 -5.9052415394e-14 3.0904391586e-14
d  1.5267770536e-02 1.3125622531e+00 -2.0000000000e-01 1.3125622531e+00 5.7873583434e-07 3.0000000000e+02 -7.3586834326e-16 -2.6328481859e-14 5.9945381992e-16 5.7869258115e-14 4.7336686579e-16 1.4698181030e-16 2.6348482473e-14 -5.7873584655e-14 3.0904299733e-14
d  1.5281457523e-02 1.3029813647e+00 -2.0000000000e-01 1.3029813647e+00 5.6098765616e-07 3.0000000000e+02 1.2699192284e-15 -2.6546294561e-14 -1.4061566726e-15 5.6092453677e-14 -1.5305123821e-15 1.4582289457e-16 2.6566295310e-14 -5.6098767092e-14 3.0916185270e-14
d  1.5297881908e-02 1.2914842986e+00 -2.0000000000e-01 1.2914842987e+00 5.4424548084e-07 3.0000000000e+02 2.9195667151e-15 -2.6524333499e-14 -3.0554891950e-15 5.4417389552e-14 -3.1778513084e-15 1.4440884943e-16 2.6544334208e-14 -5.4424549485e-14 3.0914349358e-14
d  1.5307736539e-02 1.2845860589e+00 -2.0000000000e-01 1.2845860590e+00 5.3809233308e-07 3.0000000000e+02 3.2947209956e-15 -2.6296869491e-14 -3.4264295105e-15 5.3806279415e-14 -3.5516378889e-15 1.4356758346e-16 2.6316869922e-14 -5.3809234179e-14 3.0901062078e-14
d  1.5319562096e-02 1.2763081713e+00 -2.0000000000e-01 1.2763081714e+00 5.2668102022e-07 3.0000000000e+02 4.4432773433e-15 -2.6302433234e-14 -4.5766575714e-15 5.2663544498e-14 -4.6985334206e-15 1.4259368594e-16 2.6322433858e-14 -5.2668103257e-14 3.0900976135e-14
d  1.5333752764e-02 1.2663747061e+00 -2.0000000000e-01 1.2663747063e+00 5.0974047070e-07 3.0000000000e+02 6.3506667915e-15 -2.6503311318e-14 -6.4825996423e-15 5.0968467230e-14 -6.6039364157e-15 1.4142608521e-16 2.6523311956e-14 -5.0974048330e-14 3.0911899259e-14
d  1.5350781567e-02 1.2544545480e+00 -2.0000000000e-01 1.2544545482e+00 4.9358071486e-07 3.0000000000e+02 7.9464904166e-15 -2.6485848403e-14 -8.0778643034e-15 4.9351785463e-14 -8.1973622059e-15 1.4001600107e-16 2.6505849003e-14 -4.9358072675e-14 3.0910281523e-14
d  1.5360998848e-02 1.2473024531e+00 -2.0000000000e-01 1.2473024534e+00 4.8743365310e-07 3.0000000000e+02 8.3417701999e-15 -2.6277912684e-14 -8.4701949158e-15 4.8740252454e-14 -8.5912246706e-15 1.3917992952e-16 2.6297913122e-14 -4.8743366190e-14 3.0898051156e-14
d  1.5373259585e-02 1.2387199392e+00 -2.0000000000e-01 1.2387199395e+00 4.7641479513e-07 3.0000000000e+02 9.4501636334e-15 -2.6282317961e-14 -9.5758660260e-15 4.7639547133e-14 -9.6979002750e-15 1.3819492673e-16 2.6302318216e-14 -4.7641480044e-14 3.0897869992e-14
d  1.5387972471e-02 1.2284209226e+00 -2.0000000000e-01 1.2284209229e+00 4.6022761526e-07 3.0000000000e+02 1.1266988319e-14 -2.6470660656e-14 -1.1394537166e-14 4.6017848352e-14 -1.1512668932e-14 1.3700969624e-16 2.6490661198e-14 -4.6022762597e-14 3.0908076756e-14
d  1.5405627933e-02 1.2160621026e+00 -2.0000000000e-01 1.2160621030e+00 4.4759668642e-07 3.0000000000e+02 1.2341181950e-14 -2.6291552914e-14 -1.2463741150e-14 4.4757970986e-14 -1.2584399288e-14 1.3557603712e-16 2.6311553070e-14 -4.4759668984e-14 3.0897174267e-14
d  1.5416221210e-02 1.2086468106e+00 -2.0000000000e-01 1.2086468110e+00 4.3878012698e-07 3.0000000000e+02 1.3213409045e-14 -2.6283370735e-14 -1.3339729321e-14 4.3873930260e-14 -1.3455137707e-14 1.3474409198e-16 2.6303371289e-14 -4.3878013793e-14 3.0896320265e-14
d  1.5428933143e-02 1.1997484602e+00 -2.0000000000e-01 1.1997484607e+00 4.2520247842e-07 3.0000000000e+02 1.4756899587e-14 -2.6455355888e-14 -1.4880504236e-14 4.2516468551e-14 -1.4996845458e-14 1.3375330820e-16 2.6475356368e-14 -4.2520248796e-14 3.0905687117e-14
d  1.5444187462e-02 1.1890704398e+00 -2.0000000000e-01 1.1890704403e+00 4.1242471150e-07 3.0000000000e+02 1.6020184853e-14 -2.6444080560e-14 -1.6143316313e-14 4.1238120095e-14 -1.6257983456e-14 1.3255503928e-16 2.6464081022e-14 -4.1242472069e-14 3.0904456857e-14
d  1.5462492645e-02 1.1762568152e+00 -2.0000000000e-01 1.1762568157e+00 4.0002152881e-07 3.0000000000e+02 1.7089316615e-14 -2.6281258999e-14 -1.7207916573e-14 4.0000587494e-14 -1.7324569735e-14 1.3112754909e-16 2.6301259138e-14 -4.0002153186e-14 3.0894439308e-14
d  1.5473475755e-02 1.1685686405e+00 -2.0000000000e-01 1.1685686410e+00 3.9151773119e-07 3.0000000000e+02 1.7930318688e-14 -2.6273014130e-14 -1.8052070949e-14 3.9148138647e-14 -1.8164028901e-14 1.3028661233e-16 2.6293014605e-14 -3.9151774060e-14 3.0893548133e-14
d  1.5486655487e-02 1.1593428308e+00 -2.0000000000e-01 1.1593428314e+00 3.7862260920e-07 3.0000000000e+02 1.9389458301e-14 -2.6430156884e-14 -1.9508550331e-14 3.7858999253e-14 -1.9621325437e-14 1.2928651555e-16 2.6450157284e-14 -3.7862261717e-14 3.0902061132e-14
d  1.5502471165e-02 1.1482718592e+00 -2.0000000000e-01 1.1482718598e+00 3.6632779428e-07 3.0000000000e+02 2.0608230292e-14 -2.6422144510e-14 -2.0726805457e-14 3.6628981625e-14 -2.0837880903e-14 1.2808637452e-16 2.6442144898e-14 -3.6632780205e-14 3.0900981884e-14
d  1.5521449979e-02 1.1349866933e+00 -2.0000000000e-01 1.1349866939e+00 3.5421240863e-07 3.0000000000e+02 2.1667902390e-14 -2.6277563563e-14 -2.1779977821e-14 3.5421293846e-14 -2.1894893995e-14 1.2666415076e-16 2.6297563559e-14 -3.5421240890e-14 3.0891939667e-14
d  1.5527143623e-02 1.1310011435e+00 -2.0000000000e-01 1.1310011441e+00 3.5226937784e-07 3.0000000000e+02 2.1713811576e-14 -2.6140758138e-14 -2.1829249519e-14 3.5225829062e-14 -2.1939997369e-14 1.2623924051e-16 2.6160758387e-14 -3.5226938292e-14 3.0883832967e-14
d  1.5533975996e-02 1.1262184837e+00 -2.0000000000e-01 1.1262184844e+00 3.4733948922e-07 3.0000000000e+02 2.2217606444e-14 -2.6143737128e-14 -2.2330722456e-14 3.4733923791e-14 -2.2442843942e-14 1.2576369091e-16 2.6163737134e-14 -3.4733948968e-14 3.0883753771e-14
d  1.5542174844e-02 1.1204792921e+00 -2.0000000000e-01 1.1204792928e+00 3.4138273788e-07 3.0000000000e+02 2.2831529148e-14 -2.6164050855e-14 -2.2946415138e-14 3.4136898664e-14 -2.3055624003e-14 1.2512951391e-16 2.6184051124e-14 -3.4138274333e-14 3.0884581958e-14
d  1.5552013461e-02 1.1135922620e+00 -2.0000000000e-01 1.1135922628e+00 3.3456821263e-07 3.0000000000e+02 2.3516013084e-14 -2.6165266292e-14 -2.3627551767e-14 3.3456865552e-14 -2.3738728662e-14 1.2441286179e-16 2.6185266285e-14 -3.3456821283e-14 3.0884250652e-14
d  1.5563819801e-02 1.1053278260e+00 -2.0000000000e-01 1.1053278268e+00 3.2425695549e-07 3.0000000000e+02 2.4694649266e-14 -2.6306131941e-14 -2.4806571612e-14 3.2424432040e-14 -2.4915714376e-14 1.2353722332e-16 2.6326132113e-14 -3.2425695909e-14 3.0891896145e-14
d  1.5577987410e-02 1.0954105028e+00 -2.0000000000e-01 1.0954105036e+00 3.1214150662e-07 3.0000000000e+02 2.6052646368e-14 -2.6444061630e-14 -2.6164766650e-14 3.1211531173e-14 -2.6271726920e-14 1.2250834111e-16 2.6464061928e-14 -3.1214151259e-14 3.0899274104e-14
d  1.5594988540e-02 1.0835097149e+00 -2.0000000000e-01 1.0835097157e+00 3.0033124087e-07 3.0000000000e+02 2.7224255565e-14 -2.6434812841e-14 -2.7336103751e-14 3.0029845104e-14 -2.7440951614e-14 1.2129192227e-16 2.6454813153e-14 -3.0033124710e-14 3.0898061103e-14
d  1.5615389897e-02 1.0692287695e+00 -2.0000000000e-01 1.0692287703e+00 2.8846184451e-07 3.0000000000e+02 2.8278669283e-14 -2.6308621037e-14 -2.8384598375e-14 2.8846186190e-14 -2.8492519581e-14 1.1982851704e-16 2.6328621037e-14 -2.8846184480e-14 3.0889957655e-14
d  1.5627630710e-02 1.0606602022e+00 -2.0000000000e-01 1.0606602031e+00 2.7855108166e-07 3.0000000000e+02 2.9393418851e-14 -2.6427170512e-14 -2.9504746794e-14 2.7851046318e-14 -2.9605553403e-14 1.1896612097e-16 2.6447170988e-14 -2.7855109099e-14 3.0896320976e-14
d  1.5642319687e-02 1.0503779215e+00 -2.0000000000e-01 1.0503779224e+00 2.6896602919e-07 3.0000000000e+02 3.0346059866e-14 -2.6417424271e-14 -3.0453291740e-14 2.6894403018e-14 -3.0556130788e-14 1.1793733456e-16 2.6437424512e-14 -2.6896603408e-14 3.0895151003e-14
d  1.5659946459e-02 1.0380391846e+00 -2.0000000000e-01 1.0380391855e+00 2.5768265618e-07 3.0000000000e+02 3.1469740550e-14 -2.6415014325e-14 -3.1577651605e-14 2.5764831490e-14 -3.1677340152e-14 1.1671185822e-16 2.6435014640e-14 -2.5768266238e-14 3.0894297815e-14
d  1.5681098585e-02 1.0232327004e+00 -2.0000000000e-01 1.0232327013e+00 2.4449032402e-07 3.0000000000e+02 3.2784999758e-14 -2.6409471832e-14 -3.2889846402e-14 2.4446447300e-14 -3.2989647569e-14 1.1526479702e-16 2.6429472030e-14 -2.4449032803e-14 3.0893108406e-14
d  1.5706481137e-02 1.0054649193e+00 -2.0000000000e-01 1.0054649203e+00 2.2743742713e-07 3.0000000000e+02 3.4593157603e-14 -2.6507037205e-14 -3.4698148058e-14 2.2739283365e-14 -3.4794250298e-14 1.1353997302e-16 2.6527037490e-14 -2.2743743286e-14 3.0897723831e-14
d  1.5714290000e-02 9.9999871667e-01 -2.0000000000e-01 9.9999871770e-01 2.2743570897e-07 3.0000000000e+02 3.4271820408e-14 -2.6202741175e-14 -3.4371294699e-14 2.2744110102e-14 -3.4471816646e-14 1.1299248134e-16 2.6222741086e-14 -2.2743570751e-14 3.0879697894e-14
d  1.5723660636e-02 9.9343927355e-01 -2.0000000000e-01 9.9343927460e-01 2.2203206476e-07 3.0000000000e+02 3.4825075224e-14 -2.6214538656e-14 -3.4924441117e-14 2.2203399306e-14 -3.5023757723e-14 1.1238597876e-16 2.6234538623e-14 -2.2203206435e-14 3.0880018691e-14
d  1.5734905398e-02 9.8556794182e-01 -2.0000000000e-01 9.8556794288e-01 2.1573454294e-07 3.0000000000e+02 3.5463080768e-14 -2.6221808547e-14 -3.5565099014e-14 2.1571483727e-14 -3.5660182527e-14 1.1163134564e-16 2.6241808828e-14 -2.1573454849e-14 3.0879939884e-14
d  1.5741652256e-02 9.8084514277e-01 -2.0000000000e-01 9.8084514385e-01 2.1186282557e-07 3.0000000000e+02 3.5864709911e-14 -2.6233067041e-14 -3.5962854916e-14 2.1186407345e-14 -3.6060870637e-14 1.1118256226e-16 2.6253067015e-14 -2.1186282528e-14 3.0880302019e-14
d  1.5749748485e-02 9.7517778392e-01 -2.0000000000e-01 9.7517778501e-01 2.0732977212e-07 3.0000000000e+02 3.6329419291e-14 -2.6246694468e-14 -3.6426835622e-14 2.0733188076e-14 -3.6524454983e-14 1.1066227689e-16 2.6266694427e-14 -2.0732977153e-14 3.0880742189e-14
d  1.5759463960e-02 9.6837695330e-01 -2.0000000000e-01 9.6837695441e-01 2.0190724813e-07 3.0000000000e+02 3.6887498806e-14 -2.6260659465e-14 -3.6984104668e-14 2.0191053887e-14 -3.7081173916e-14 1.1001241372e-16 2.6280659410e-14 -2.0190724731e-14 3.0881132119e-14
d  1.5771122531e-02 9.6021595656e-01 -2.0000000000e-01 9.6021595768e-01 1.9561370562e-07 3.0000000000e+02 3.7525700863e-14 -2.6268669807e-14 -3.7621690948e-14 1.9561381274e-14 -3.7717737118e-14 1.0928246506e-16 2.6288669805e-14 -1.9561370578e-14 3.0881088925e-14
d  1.5778117673e-02 9.5531935851e-01 -2.0000000000e-01 9.5531935965e-01 1.9176370618e-07 3.0000000000e+02 3.7923928321e-14 -2.6281036720e-14 -3.8019446850e-14 1.9176512865e-14 -3.8114978746e-14 1.0880640590e-16 2.6301036691e-14 -1.9176370582e-14 3.0881504071e-14
d  1.5786511843e-02 9.4944344085e-01 -2.0000000000e-01 9.4944344201e-01 1.8724697612e-07 3.0000000000e+02 3.8386516730e-14 -2.6290947824e-14 -3.8481369942e-14 1.8724895839e-14 -3.8576401302e-14 1.0825853236e-16 2.6310947786e-14 -1.8724697559e-14 3.0881713413e-14
d  1.5796584848e-02 9.4239233966e-01 -2.0000000000e-01 9.4239234083e-01 1.8185746727e-07 3.0000000000e+02 3.8940069702e-14 -2.6304514428e-14 -3.9033665189e-14 1.8186293824e-14 -3.9128542620e-14 1.0762842200e-16 2.6324514341e-14 -1.8185746579e-14 3.0882062277e-14
d  1.5808672453e-02 9.3393101824e-01 -2.0000000000e-01 9.3393101943e-01 1.7558389373e-07 3.0000000000e+02 3.9576625126e-14 -2.6313063316e-14 -3.9669989516e-14 1.7558420243e-14 -3.9763403668e-14 1.0684187172e-16 2.6333063312e-14 -1.7558389383e-14 3.0882028269e-14
d  1.5815925016e-02 9.2885422538e-01 -2.0000000000e-01 9.2885422658e-01 1.7175961525e-07 3.0000000000e+02 3.9971843923e-14 -2.6324794943e-14 -4.0064718210e-14 1.7176099378e-14 -4.0157612134e-14 1.0638076759e-16 2.6344794916e-14 -1.7175961490e-14 3.0882393800e-14
d  1.5824628092e-02 9.2276207396e-01 -2.0000000000e-01 9.2276207517e-01 1.6727098258e-07 3.0000000000e+02 4.0431565973e-14 -2.6334614567e-14 -4.0523754722e-14 1.6727256552e-14 -4.0616113446e-14 1.0585415904e-16 2.6354614537e-14 -1.6727098220e-14 3.0882581542e-14
d  1.5835071783e-02 9.1545149224e-01 -2.0000000000e-01 9.1545149348e-01 1.6199918218e-07 3.0000000000e+02 4.0967697171e-14 -2.6342837652e-14 -4.1059215287e-14 1.6199946291e-14 -4.1150785172e-14 1.0516953392e-16 2.6362837647e-14 -1.6199918226e-14 3.0882598748e-14
d  1.5847604213e-02 9.0667879419e-01 -2.0000000000e-01 9.0667879544e-01 1.5569272370e-07 3.0000000000e+02 4.1613817291e-14 -2.6357181505e-14 -4.1704462106e-14 1.5569291918e-14 -4.1795148060e-14 1.0439469551e-16 2.6377181502e-14 -1.5569272380e-14 3.0882880712e-14
d  1.5862643128e-02 8.9615155653e-01 -2.0000000000e-01 8.9615155782e-01 1.4468464198e-07 3.0000000000e+02 4.2976957578e-14 -2.6604474747e-14 -4.3065192153e-14 1.4470299910e-14 -4.3156184234e-14 1.0346948332e-16 2.6624474551e-14 -1.4468463825e-14 3.0896703635e-14
d  1.5880689826e-02 8.8351887133e-01 -2.0000000000e-01 8.8351887264e-01 1.3702197463e-07 3.0000000000e+02 4.3663908074e-14 -2.6528465665e-14 -4.3754229869e-14 1.3700588629e-14 -4.3840605234e-14 1.0233615975e-16 2.6548465809e-14 -1.3702197752e-14 3.0891445637e-14
d  1.5902345864e-02 8.6835964909e-01 -2.0000000000e-01 8.6835965044e-01 1.2534748200e-07 3.0000000000e+02 4.4932522872e-14 -2.6623519610e-14 -4.5012515937e-14 1.2540100915e-14 -4.5106193091e-14 1.0104234714e-16 2.6643519212e-14 -1.2534747465e-14 3.0896082471e-14
d  1.5928333110e-02 8.5016858241e-01 -2.0000000000e-01 8.5016858378e-01 1.1564003747e-07 3.0000000000e+02 4.5753423158e-14 -2.6483211126e-14 -4.5837544871e-14 1.1564746338e-14 -4.5923452890e-14 9.9467449096e-17 2.6503211079e-14 -1.1564003670e-14 3.0886683066e-14
d  1.5959517804e-02 8.2833930238e-01 -2.0000000000e-01 8.2833930381e-01 9.9737601915e-08 3.0000000000e+02 4.7510023801e-14 -2.6637222907e-14 -4.7595153744e-14 9.9715799895e-15 -4.7675687011e-14 9.7623675476e-17 2.6657223020e-14 -9.9737604174e-15 3.0894346299e-14
d  1.5996939438e-02 8.0214416636e-01 -2.0000000000e-01 8.0214416783e-01 8.4724945180e-08 3.0000000000e+02 4.8974120251e-14 -2.6600915218e-14 -4.9053742549e-14 8.4731193636e-15 -4.9134544325e-14 9.5447326104e-17 2.6620915191e-14 -8.4724944753e-15 3.0890513140e-14
d  1.6019392418e-02 7.8642708474e-01 -2.0000000000e-01 7.8642708624e-01 7.6357271349e-08 3.0000000000e+02 4.9777503896e-14 -2.6568728042e-14 -4.9857000010e-14 7.6350609878e-15 -4.9934780901e-14 9.4166912677e-17 2.6588728084e-14 -7.6357272236e-15 3.0887577785e-14
d  1.6046335994e-02 7.6756658680e-01 -2.0000000000e-01 7.6756658833e-01 6.5604078343e-08 3.0000000000e+02 5.0895211304e-14 -2.6607608733e-14 -5.0970979289e-14 6.5611513963e-15 -5.1048719074e-14 9.2652623481e-17 2.6627608689e-14 -6.5604077558e-15 3.0888625266e-14
d  1.6062502140e-02 7.5625028804e-01 -2.0000000000e-01 7.5625028960e-01 5.7809358563e-08 3.0000000000e+02 5.1809251334e-14 -2.6734735150e-14 -5.1883686236e-14 5.7822461948e-15 -5.1960498845e-14 9.1762150481e-17 2.6754735034e-14 -5.7809356416e-15 3.0895407222e-14
d  1.6081901514e-02 7.4267072952e-01 -2.0000000000e-01 7.4267073109e-01 5.2642314182e-08 3.0000000000e+02 5.2193163935e-14 -2.6607954216e-14 -5.2267390416e-14 5.2642631126e-15 -5.2341691201e-14 9.0683915008e-17 2.6627954213e-14 -5.2642314185e-15 3.0886976824e-14
d  1.6105180764e-02 7.2637525931e-01 -2.0000000000e-01 7.2637526090e-01 4.3455511968e-08 3.0000000000e+02 5.3197955074e-14 -2.6688713626e-14 -5.3271964617e-14 4.3446489521e-15 -5.3343223193e-14 8.9421582660e-17 2.6708713688e-14 -4.3455513198e-15 3.0890681823e-14
d  1.6119148314e-02 7.1659797717e-01 -2.0000000000e-01 7.1659797878e-01 3.8971542418e-08 3.0000000000e+02 5.3631547852e-14 -2.6673415777e-14 -5.3701409986e-14 3.8982357299e-15 -5.3774865483e-14 8.8668060292e-17 2.6693415667e-14 -3.8971540357e-15 3.0889103928e-14
d  1.6135909374e-02 7.0486523862e-01 -2.0000000000e-01 7.0486524025e-01 3.3046504252e-08 3.0000000000e+02 5.4257498424e-14 -2.6706349305e-14 -5.4327975452e-14 3.3046617676e-15 -5.4398473126e-14 8.7771197270e-17 2.6726349303e-14 -3.3046504265e-15 3.0890267927e-14
d  1.6145966010e-02 6.9782559548e-01 -2.0000000000e-01 6.9782559713e-01 2.7871830564e-08 3.0000000000e+02 5.4920013714e-14 -2.6841506894e-14 -5.4990723086e-14 2.7869277339e-15 -5.5059574968e-14 8.7239712478e-17 2.6861506930e-14 -2.7871831280e-15 3.0897848687e-14
d  1.6158033973e-02 6.8937802372e-01 -2.0000000000e-01 6.8937802537e-01 2.5342375781e-08 3.0000000000e+02 5.5072937042e-14 -2.6745965528e-14 -5.5143027181e-14 2.5336040739e-15 -5.5210802967e-14 8.6599377272e-17 2.6765965612e-14 -2.5342377405e-15 3.0891564576e-14
d  1.6172515528e-02 6.7924093761e-01 -2.0000000000e-01 6.7924093928e-01 2.0471065042e-08 3.0000000000e+02 5.5589044381e-14 -2.6773217666e-14 -5.5656979026e-14 2.0471270256e-15 -5.5724891329e-14 8.5848767724e-17 2.6793217664e-14 -2.0471065019e-15 3.0892511173e-14
d  1.6189893395e-02 6.6707643427e-01 -2.0000000000e-01 6.6707643596e-01 1.4716813378e-08 3.0000000000e+02 5.6202252189e-14 -2.6808727008e-14 -5.6269333637e-14 1.4714828535e-15 -5.6335665014e-14 8.4944443907e-17 2.6828727027e-14 -1.4716813741e-15 3.0893794106e-14
d  1.6210746836e-02 6.5247903027e-01 -2.0000000000e-01 6.5247903197e-01 7.9748394106e-09 3.0000000000e+02 5.6923100944e-14 -2.6851635911e-14 -5.6988332571e-14 7.9749488854e-16 -5.7053591368e-14 8.3872610306e-17 2.6871635910e-14 -7.9748394025e-16 3.0895356238e-14
d  1.6235770964e-02 6.3496214546e-01 -2.0000000000e-01 6.3496214720e-01 -7.7730797470e-10 3.0000000000e+02 5.7920970131e-14 -2.6966625097e-14 -5.7985090803e-14 -7.8217894356e-17 -5.8047953177e-14 8.2612077099e-17 2.6986625128e-14 7.7730738010e-17 3.0901040730e-14
d  1.6265799918e-02 6.1394188369e-01 -2.0000000000e-01 6.1394188546e-01 -9.8300617861e-09 3.0000000000e+02 5.8888403729e-14 -2.7023858926e-14 -5.8949959728e-14 -9.8321884241e-16 -5.9011189538e-14 8.1106831242e-17 2.7043858937e-14 9.8300615786e-16 3.0903035176e-14
d  1.6301834662e-02 5.8871756958e-01 -2.0000000000e-01 5.8871757138e-01 -2.0252675431e-08 3.0000000000e+02 6.0010783371e-14 -2.7098228938e-14 -6.0069330991e-14 -2.0251950451e-15 -6.0128517822e-14 7.9350019622e-17 2.7118228935e-14 2.0252675513e-15 3.0905776900e-14
d  1.6345076356e-02 5.5844839263e-01 -2.0000000000e-01 5.5844839448e-01 -3.2529913975e-08 3.0000000000e+02 6.1370447434e-14 -2.7221040829e-14 -6.1426870997e-14 -3.2534984029e-15 -6.1482135330e-14 7.7282902845e-17 2.7241040848e-14 3.2529913638e-15 3.0911099796e-14
d  1.6396966388e-02 5.2212538030e-01 -2.0000000000e-01 5.2212538219e-01 -4.5864142548e-08 3.0000000000e+02 6.2830339212e-14 -2.7337663129e-14 -6.2883069122e-14 -4.5868406755e-15 -6.2934760046e-14 7.4866354451e-17 2.7357663142e-14 4.5864142341e-15 3.0915657064e-14
d  1.6459234427e-02 4.7853776550e-01 -2.0000000000e-01 4.7853776744e-01 -6.0696122606e-08 3.0000000000e+02 6.4479271803e-14 -2.7491203804e-14 -6.4527013362e-14 -6.0696403202e-15 -6.4574976369e-14 7.2088040955e-17 2.7511203804e-14 6.0696122653e-15 3.0921978371e-14
d  1.6496595250e-02 4.5238519663e-01 -2.0000000000e-01 4.5238519859e-01 -6.8971489390e-08 3.0000000000e+02 6.5410213528e-14 -2.7587289738e-14 -6.5454654659e-14 -6.8967539929e-15 -6.5500688800e-14 7.0493170257e-17 2.7607289723e-14 6.8971489748e-15 3.0926039931e-14
d  1.6541428238e-02 4.2100211397e-01 -2.0000000000e-01 4.2100211597e-01 -7.8426441839e-08 3.0000000000e+02 6.6489626576e-14 -2.7711549825e-14 -6.6531556190e-14 -7.8425887990e-15 -6.6573823900e-14 6.8605343992e-17 2.7731549823e-14 7.8426441956e-15 3.0931478734e-14
d  1.6595227824e-02 3.8334241479e-01 -2.0000000000e-01 3.8334241682e-01 -8.9067433972e-08 3.0000000000e+02 6.7722765940e-14 -2.7867792423e-14 -6.7761402045e-14 -8.9069483895e-15 -6.7799432184e-14 6.6424367554e-17 2.7887792429e-14 8.9067433944e-15 3.0938481847e-14
d  1.6659787326e-02 3.3815077576e-01 -2.0000000000e-01 3.3815077784e-01 -1.0089749124e-07 3.0000000000e+02 6.9118640661e-14 -2.8064920065e-14 -6.9152230238e-14 -1.0089580339e-14 -6.9186268177e-14 6.3897249018e-17 2.8084920061e-14 1.0089749142e-14 3.0947549160e-14
d  1.6737258729e-02 2.8392080894e-01 -2.0000000000e-01 2.8392081106e-01 -1.1372405228e-07 3.0000000000e+02 7.0655983438e-14 -2.8300971937e-14 -7.0684913478e-14 -1.1372702782e-14 -7.0712764911e-14 6.0986407999e-17 2.8320971944e-14 1.1372405227e-14 3.0958511661e-14
d  1.6783741571e-02 2.5138282884e-01 -2.0000000000e-01 2.5138283099e-01 -1.2093695008e-07 3.0000000000e+02 7.1543341929e-14 -2.8454271828e-14 -7.1568471519e-14 -1.2093685724e-14 -7.1593617920e-14 5.9296940184e-17 2.8474271828e-14 1.2093695021e-14 3.0965906657e-14
d  1.6839520982e-02 2.1233725273e-01 -2.0000000000e-01 2.1233725491e-01 -1.2932537010e-07 3.0000000000e+02 7.2602310143e-14 -2.8658911739e-14 -7.2622996505e-14 -1.2932226076e-14 -7.2644775889e-14 5.7343524223e-17 2.8678911730e-14 1.2932537040e-14 3.0976134469e-14
d  1.6906456274e-02 1.6548256139e-01 -2.0000000000e-01 1.6548256360e-01 -1.3833021808e-07 3.0000000000e+02 7.3726084848e-14 -2.8865290208e-14 -7.3742286351e-14 -1.3832914050e-14 -7.3759180271e-14 5.5045693864e-17 2.8885290206e-14 1.3833021827e-14 3.0986055585e-14
d  1.6986778625e-02 1.0925693178e-01 -2.0000000000e-01 1.0925693403e-01 -1.4862224543e-07 3.0000000000e+02 7.5059547641e-14 -2.9146743814e-14 -7.5070450782e-14 -1.4862182796e-14 -7.5081398688e-14 5.2415764332e-17 2.9166743813e-14 1.4862224560e-14 3.1000249376e-14
d  1.7083165446e-02 4.1786176256e-02 -2.0000000000e-01 4.1786178554e-02 -1.6029748610e-07 3.0000000000e+02 7.6598444088e-14 -2.9489653438e-14 -7.6602988767e-14 -1.6030296860e-14 -7.6606800867e-14 4.9422059279e-17 2.9509653447e-14 1.6029748608e-14 3.1017880582e-14
d  1.7142860000e-02 0.0000000000e+00 -2.0000000000e-01 2.3274477721e-09 -1.6755617711e-07 3.0000000000e+02 7.7581592402e-14 -2.9727953844e-14 -7.7581089429e-14 -1.6755029110e-14 -7.7581592406e-14 4.7650790724e-17 2.9747953830e-14 1.6755617755e-14 3.1030690375e-14
