v ATLAS
# This file was created by ATLAS version 5.32.1.R on Thu Oct  8 02:11:43 2026.
#SSF 2.0 generic
##############################################################################
#                    Copyright (c) 1984 - 2021                               #
#                    Silvaco Inc. All rights reserved                        #
#                                                                            #
# This file format and the following Key are copyright Silvaco Inc.          #
# You may not use, this format or key without reproducing this message in    #
# full and obtaining express written permission from Silvaco Inc.            #
#                                                                            #
# To obtain such permission please contact: Silvaco Inc.                     #
#                                           support@silvaco.com              #
#                                                                            #
# KEY=SVC86hn7562asdx                       PROD=345                         #
##############################################################################
Q 10000 1 "V[1]" 5 1201 7 1
Q 10001 1 "V[2]" 5 1201 7 2
Q 10002 1 "V[3]" 5 1201 7 3
X 1 Vdrain
X 2 Vgate
X 3 Rtap
X 4 Adev_drain
X 5 Adev_source
X 6 Adev_gate
X 7 Adev_tap
X 8 Adev_substrate
p 13 61 10000 10001 10002 82 1301 1302 1303 1304 1305 1306 1307 1308
d  1.0000000000e-09 6.9999996500e-07 -2.0000000000e-01 6.7101859445e-08 3.0000000000e+02 -8.1344704607e-14 3.9390574326e-14 6.7031203271e-15 8.1346760755e-14 -1.4700142887e-15 -3.9363260675e-14 -6.7245792964e-15 -3.4388458130e-14
d  2.0000000000e-09 1.3999999300e-06 -2.0000000000e-01 1.1759143455e-07 3.0000000000e+02 -8.2067034061e-14 3.6048450991e-14 1.1759079825e-14 8.2067061698e-14 -9.0764625324e-16 -3.6028352190e-14 -1.1759337912e-14 -3.3113957236e-14
d  3.0000000000e-09 2.0999998950e-06 -2.0000000000e-01 1.5154794321e-07 3.0000000000e+02 -8.2552969002e-14 3.4546534831e-14 1.5154800760e-14 8.2552965981e-14 -5.5563724203e-16 -3.4526544827e-14 -1.5154774658e-14 -3.2305358522e-14
d  4.2000000000e-09 2.9399998530e-06 -2.0000000000e-01 1.7638492286e-07 3.0000000000e+02 -8.2907573899e-14 3.3294384779e-14 1.7638492589e-14 8.2907573492e-14 -2.9159278874e-16 -3.3274385174e-14 -1.7638491507e-14 -3.1703131455e-14
d  5.6400000000e-09 3.9479998026e-06 -2.0000000000e-01 1.9221169571e-07 3.0000000000e+02 -8.3133767617e-14 3.2490089310e-14 1.9221144265e-14 8.3133775126e-14 -1.2337021192e-16 -3.2470061201e-14 -1.9221224917e-14 -3.1319001628e-14
d  7.3680000000e-09 5.1575997421e-06 -2.0000000000e-01 2.0065152789e-07 3.0000000000e+02 -8.3254402612e-14 3.2061539952e-14 2.0065103715e-14 8.3254414869e-14 -3.3679021969e-17 -3.2041494524e-14 -2.0065242216e-14 -3.1114159194e-14
d  9.4416000000e-09 6.6091196695e-06 -2.0000000000e-01 2.0406276565e-07 3.0000000000e+02 -8.3303045353e-14 3.1888138609e-14 2.0406242766e-14 8.3303052023e-14 2.5803315750e-18 -3.1868112539e-14 -2.0406327901e-14 -3.1031354889e-14
d  1.1929920000e-08 8.3509435825e-06 -2.0000000000e-01 2.0475954629e-07 3.0000000000e+02 -8.3312633898e-14 3.1852248606e-14 2.0476014546e-14 8.3312622233e-14 1.0002043481e-17 -3.1832287126e-14 -2.0475878846e-14 -3.1014404971e-14
d  1.4915904000e-08 1.0441132278e-05 -2.0000000000e-01 2.0444764130e-07 3.0000000000e+02 -8.3306972308e-14 3.1867085810e-14 2.0445173129e-14 8.3306909657e-14 6.7181565118e-18 -3.1847304914e-14 -2.0444332946e-14 -3.1021848472e-14
d  1.8499084800e-08 1.2949358713e-05 -2.0000000000e-01 2.0404074207e-07 3.0000000000e+02 -8.3299092718e-14 3.1885444657e-14 2.0405173384e-14 8.3298953451e-14 2.4731294298e-18 -3.1865935366e-14 -2.0403108509e-14 -3.1031465726e-14
d  2.2798901760e-08 1.5959230434e-05 -2.0000000000e-01 2.0381391570e-07 3.0000000000e+02 -8.3290633398e-14 3.1891939021e-14 2.0384355324e-14 8.3290321803e-14 2.5975540000e-19 -3.1873041632e-14 -2.0379221675e-14 -3.1036320574e-14
d  2.7958682112e-08 1.9571076500e-05 -2.0000000000e-01 2.0372068303e-07 3.0000000000e+02 -8.3278357824e-14 3.1885657901e-14 2.0379260843e-14 8.3277729058e-14 -2.8288599361e-19 -3.1867887832e-14 -2.0367680025e-14 -3.1037108063e-14
d  3.4150418534e-08 2.3905291779e-05 -2.0000000000e-01 2.0365196405e-07 3.0000000000e+02 -8.3259011775e-14 3.1869407230e-14 2.0380057096e-14 8.3257930605e-14 -2.0361288895e-19 -3.1853246863e-14 -2.0357641010e-14 -3.1036102911e-14
d  4.1580502241e-08 2.9106350114e-05 -2.0000000000e-01 2.0364272363e-07 3.0000000000e+02 -8.3256215824e-14 3.1858767871e-14 2.0381156525e-14 8.3255191598e-14 -7.8000773882e-20 -3.1842403283e-14 -2.0357118932e-14 -3.1035226287e-14
d  5.0496602690e-08 3.5347620115e-05 -2.0000000000e-01 2.0363762066e-07 3.0000000000e+02 -8.3256114324e-14 3.1860042492e-14 2.0381374658e-14 8.3255222973e-14 -3.4779159244e-20 -3.1843202704e-14 -2.0357543691e-14 -3.1035185164e-14
d  6.1195923227e-08 4.2837144117e-05 -2.0000000000e-01 2.0362921146e-07 3.0000000000e+02 -8.3255966519e-14 3.1861005690e-14 2.0381347087e-14 8.3255188222e-14 -3.7553337911e-20 -3.1843760821e-14 -2.0357499860e-14 -3.1035230393e-14
d  7.4035107873e-08 5.1824572920e-05 -2.0000000000e-01 2.0362184198e-07 3.0000000000e+02 -8.3255867124e-14 3.1861338481e-14 2.0381340799e-14 8.3255191352e-14 -4.2795797483e-20 -3.1843725469e-14 -2.0357487312e-14 -3.1035235092e-14
d  8.9442129448e-08 6.2609487483e-05 -2.0000000000e-01 2.0361560281e-07 3.0000000000e+02 -8.3255791612e-14 3.1861666720e-14 2.0381371451e-14 8.3255207432e-14 -4.2156375904e-20 -3.1843723846e-14 -2.0357512468e-14 -3.1035235727e-14
d  1.0793055534e-07 7.5551384958e-05 -2.0000000000e-01 2.0361025237e-07 3.0000000000e+02 -8.3255733118e-14 3.1861932674e-14 2.0381415843e-14 8.3255229878e-14 -4.1985302832e-20 -3.1843697086e-14 -2.0357553402e-14 -3.1035234636e-14
d  1.3011666640e-07 9.1081661929e-05 -2.0000000000e-01 2.0360566728e-07 3.0000000000e+02 -8.3255690557e-14 3.1862148427e-14 2.0381468026e-14 8.3255258032e-14 -4.0797375537e-20 -3.1843655596e-14 -2.0357601073e-14 -3.1035233739e-14
d  1.5673999969e-07 1.0971799429e-04 -2.0000000000e-01 2.0360182774e-07 3.0000000000e+02 -8.3255659655e-14 3.1862343979e-14 2.0381530828e-14 8.3255288294e-14 -4.2526326926e-20 -3.1843626801e-14 -2.0357658572e-14 -3.1035232840e-14
d  1.8868799962e-07 1.3208159313e-04 -2.0000000000e-01 2.0359868447e-07 3.0000000000e+02 -8.3255647021e-14 3.1862508151e-14 2.0381605226e-14 8.3255328020e-14 -4.1912160551e-20 -3.1843596636e-14 -2.0357726643e-14 -3.1035231639e-14
d  2.2702559955e-07 1.5891791174e-04 -2.0000000000e-01 2.0359621006e-07 3.0000000000e+02 -8.3255648915e-14 3.1862615300e-14 2.0381695287e-14 8.3255374240e-14 -4.1838008144e-20 -3.1843536456e-14 -2.0357808459e-14 -3.1035230378e-14
d  2.7303071946e-07 1.9112149406e-04 -2.0000000000e-01 2.0359437218e-07 3.0000000000e+02 -8.3255667423e-14 3.1862716586e-14 2.0381802686e-14 8.3255429813e-14 -4.1854583444e-20 -3.1843494343e-14 -2.0357906839e-14 -3.1035228620e-14
d  3.2823686335e-07 2.2976579285e-04 -2.0000000000e-01 2.0359314469e-07 3.0000000000e+02 -8.3255703934e-14 3.1862764015e-14 2.0381931019e-14 8.3255496832e-14 -4.1856218945e-20 -3.1843419423e-14 -2.0358024838e-14 -3.1035226725e-14
d  3.9448423602e-07 2.7613895140e-04 -2.0000000000e-01 2.0359251500e-07 3.0000000000e+02 -8.3255758965e-14 3.1862796492e-14 2.0382086473e-14 8.3255576432e-14 -4.2175345529e-20 -3.1843347941e-14 -2.0358166431e-14 -3.1035224430e-14
d  4.7398108322e-07 3.3178674166e-04 -2.0000000000e-01 2.0359247816e-07 3.0000000000e+02 -8.3255836483e-14 3.1862782018e-14 2.0382271224e-14 8.3255673140e-14 -4.1519391164e-20 -3.1843245351e-14 -2.0358336133e-14 -3.1035221479e-14
d  5.6937729986e-07 3.9856408998e-04 -2.0000000000e-01 2.0359305085e-07 3.0000000000e+02 -8.3255936885e-14 3.1862755437e-14 2.0382493866e-14 8.3255787780e-14 -4.1823777681e-20 -3.1843144323e-14 -2.0358539894e-14 -3.1035218178e-14
d  6.8385275984e-07 4.7869690795e-04 -2.0000000000e-01 2.0359426074e-07 3.0000000000e+02 -8.3256065124e-14 3.1862680498e-14 2.0382764472e-14 8.3255925627e-14 -4.1981241973e-20 -3.1843006661e-14 -2.0358784304e-14 -3.1035214100e-14
d  8.2122331180e-07 5.7485628952e-04 -2.0000000000e-01 2.0359615440e-07 3.0000000000e+02 -8.3256225268e-14 3.1862567993e-14 2.0383086899e-14 8.3256090991e-14 -4.1936780649e-20 -3.1842841346e-14 -2.0359077584e-14 -3.1035208971e-14
d  9.8606797417e-07 6.9024754740e-04 -2.0000000000e-01 2.0359879774e-07 3.0000000000e+02 -8.3256422466e-14 3.1862418774e-14 2.0383477833e-14 8.3256289103e-14 -4.1838636484e-20 -3.1842647799e-14 -2.0359429146e-14 -3.1035203058e-14
d  1.1838815690e-06 8.2871705686e-04 -2.0000000000e-01 2.0360228518e-07 3.0000000000e+02 -8.3256663175e-14 3.1862216229e-14 2.0383959003e-14 8.3256526388e-14 -4.1832627260e-20 -3.1842408154e-14 -2.0359850890e-14 -3.1035195657e-14
d  1.4212578828e-06 9.9488046822e-04 -2.0000000000e-01 2.0360673319e-07 3.0000000000e+02 -8.3256955252e-14 3.1861949077e-14 2.0384522800e-14 8.3256810610e-14 -4.1820080142e-20 -3.1842109818e-14 -2.0360357054e-14 -3.1035186061e-14
d  1.7061094594e-06 1.1942765618e-03 -2.0000000000e-01 2.0361228705e-07 3.0000000000e+02 -8.3257307612e-14 3.1861630142e-14 2.0385192175e-14 8.3257150376e-14 -4.1714046658e-20 -3.1841764734e-14 -2.0360963894e-14 -3.1035175504e-14
d  2.0479313512e-06 1.4335518742e-03 -2.0000000000e-01 2.0361913316e-07 3.0000000000e+02 -8.3257731440e-14 3.1861246031e-14 2.0385997466e-14 8.3257556420e-14 -4.1811014786e-20 -3.1841358757e-14 -2.0361691530e-14 -3.1035162960e-14
d  2.4581176215e-06 1.7206822490e-03 -2.0000000000e-01 2.0362749639e-07 3.0000000000e+02 -8.3258240246e-14 3.1860766282e-14 2.0386962010e-14 8.3258041650e-14 -4.1814910258e-20 -3.1840860721e-14 -2.0362563836e-14 -3.1035147453e-14
d  2.9503411458e-06 2.0652386988e-03 -2.0000000000e-01 2.0387688687e-07 3.0000000000e+02 -8.3303479608e-14 3.1879722456e-14 2.0363765316e-14 8.3303294942e-14 -2.5297265857e-20 -3.1859644702e-14 -2.0387841722e-14 -3.1036211920e-14
d  3.5410093749e-06 2.4787064385e-03 -2.0000000000e-01 2.0388815112e-07 3.0000000000e+02 -8.3302605423e-14 3.1926034868e-14 2.0364823053e-14 8.3302375819e-14 -4.7516481148e-20 -3.1905969886e-14 -2.0388943011e-14 -3.1038932979e-14
d  4.2498112499e-06 2.9748677262e-03 -2.0000000000e-01 2.0390447685e-07 3.0000000000e+02 -8.3303944806e-14 3.1913785484e-14 2.0366379492e-14 8.3303662589e-14 -4.1879409095e-20 -3.1893731160e-14 -2.0390554609e-14 -3.1038239298e-14
d  5.1003734999e-06 3.5702612714e-03 -2.0000000000e-01 2.0392330349e-07 3.0000000000e+02 -8.3305043107e-14 3.1913011672e-14 2.0368184033e-14 8.3304698847e-14 -4.1802313469e-20 -3.1892966254e-14 -2.0392419746e-14 -3.1038219640e-14
d  6.1210481999e-06 4.2847335257e-03 -2.0000000000e-01 2.0394578339e-07 3.0000000000e+02 -8.3306348814e-14 3.1912074401e-14 2.0370345024e-14 8.3305931017e-14 -4.1839685755e-20 -3.1892036416e-14 -2.0394653109e-14 -3.1038195535e-14
d  7.3458578398e-06 5.1421002308e-03 -2.0000000000e-01 2.0397262137e-07 3.0000000000e+02 -8.3307893169e-14 3.1910940562e-14 2.0372932658e-14 8.3307387891e-14 -4.1845226556e-20 -3.1890908781e-14 -2.0397324697e-14 -3.1038165930e-14
d  8.8156294078e-06 6.1709402769e-03 -2.0000000000e-01 2.0400472924e-07 3.0000000000e+02 -8.3309727410e-14 3.1909567019e-14 2.0376028577e-14 8.3309117794e-14 -4.1838404588e-20 -3.1889540409e-14 -2.0400525307e-14 -3.1038129534e-14
d  1.0579355289e-05 7.4055483323e-03 -2.0000000000e-01 2.0404307924e-07 3.0000000000e+02 -8.3311888920e-14 3.1907900999e-14 2.0379732359e-14 8.3311154630e-14 -4.1838729808e-20 -3.1887878703e-14 -2.0404351815e-14 -3.1038084701e-14
d  1.2695826347e-05 8.8870779987e-03 -2.0000000000e-01 2.0409160242e-07 3.0000000000e+02 -8.3314934542e-14 3.1906087372e-14 2.0408891383e-14 8.3314045892e-14 -4.5753745983e-20 -3.1886087169e-14 -2.0409160663e-14 -3.1038050398e-14
d  1.5235591617e-05 1.0664913598e-02 -2.0000000000e-01 2.0414675523e-07 3.0000000000e+02 -8.3318629717e-14 3.1880155801e-14 2.0414405384e-14 8.3317563274e-14 -4.0447592871e-20 -3.1860155631e-14 -2.0414675878e-14 -3.1036619379e-14
d  1.8283309940e-05 1.2798316318e-02 -2.0000000000e-01 2.0421199067e-07 3.0000000000e+02 -8.3321952291e-14 3.1882781751e-14 2.0420885845e-14 8.3320672505e-14 -4.1816461066e-20 -3.1862781587e-14 -2.0421199411e-14 -3.1036861553e-14
d  2.1940571928e-05 1.5358399582e-02 -2.0000000000e-01 2.0429000721e-07 3.0000000000e+02 -8.3326015377e-14 3.1878946688e-14 2.0428442681e-14 8.3324479605e-14 -4.1808008524e-20 -3.1858946443e-14 -2.0429001222e-14 -3.1036746356e-14
d  2.6329286314e-05 1.8430499498e-02 -2.0000000000e-01 2.0438316049e-07 3.0000000000e+02 -8.3330715743e-14 3.1874402565e-14 2.0436367603e-14 8.3328872893e-14 -4.1730860332e-20 -3.1854401854e-14 -2.0438317467e-14 -3.1036611307e-14
d  3.1595743576e-05 2.2117019398e-02 -2.0000000000e-01 2.0449462505e-07 3.0000000000e+02 -8.3336144269e-14 3.1869808785e-14 2.0442174180e-14 8.3333933189e-14 -4.1522979949e-20 -3.1849806569e-14 -2.0449466884e-14 -3.1036498400e-14
d  3.7915492292e-05 2.6540843277e-02 -2.0000000000e-01 2.0462765124e-07 3.0000000000e+02 -8.3342244536e-14 3.1867307059e-14 2.0462767393e-14 8.3339590451e-14 -4.2331799107e-20 -3.1847307060e-14 -2.0462765143e-14 -3.1036538325e-14
d  4.5499190750e-05 3.1849431933e-02 -2.0000000000e-01 2.0478594228e-07 3.0000000000e+02 -8.3349446780e-14 3.1849988470e-14 2.0478652774e-14 8.3346261833e-14 -4.1706717481e-20 -3.1829988482e-14 -2.0478594225e-14 -3.1035759721e-14
d  5.4599628900e-05 3.8219738319e-02 -2.0000000000e-01 2.0497443245e-07 3.0000000000e+02 -8.3357072201e-14 3.1840243269e-14 2.0497686950e-14 8.3353250215e-14 -4.1839037489e-20 -3.1820243312e-14 -2.0497443181e-14 -3.1035462120e-14
d  6.5520154680e-05 4.5864105983e-02 -2.0000000000e-01 2.0519776709e-07 3.0000000000e+02 -8.3365132480e-14 3.1825557835e-14 2.0520617979e-14 8.3360546034e-14 -4.1839979282e-20 -3.1805557958e-14 -2.0519776487e-14 -3.1034933138e-14
d  7.8624785616e-05 5.5037347179e-02 -2.0000000000e-01 2.0546520356e-07 3.0000000000e+02 -8.3373753458e-14 3.1806656554e-14 2.0548322642e-14 8.3368249661e-14 -4.1844289956e-20 -3.1786656775e-14 -2.0546519943e-14 -3.1034225754e-14
d  9.4350342739e-05 6.6045236615e-02 -2.0000000000e-01 2.0582401322e-07 3.0000000000e+02 -8.3389603764e-14 3.1785453238e-14 2.0582405638e-14 8.3382999240e-14 -4.1866841879e-20 -3.1765453238e-14 -2.0582401342e-14 -3.1033462552e-14
d  1.1322101129e-04 7.9254703938e-02 -2.0000000000e-01 2.0622705396e-07 3.0000000000e+02 -8.3401110465e-14 3.1758435117e-14 2.0621774286e-14 8.3393185017e-14 -4.1822296074e-20 -3.1738435038e-14 -2.0622705572e-14 -3.1032458491e-14
d  1.3586581354e-04 9.5106064726e-02 -2.0000000000e-01 2.0675351982e-07 3.0000000000e+02 -8.3419131842e-14 3.1724038996e-14 2.0677088996e-14 8.3409621201e-14 -4.1955980366e-20 -3.1704039119e-14 -2.0675351761e-14 -3.1031144191e-14
d  1.6303957625e-04 1.1412769767e-01 -2.0000000000e-01 2.0718588411e-07 3.0000000000e+02 -8.3398252442e-14 3.1658036871e-14 2.0718005841e-14 8.3386839682e-14 -4.1534964172e-20 -3.1638036836e-14 -2.0718588499e-14 -3.1028165451e-14
d  1.9564809150e-04 1.3695365721e-01 -2.0000000000e-01 2.0804548247e-07 3.0000000000e+02 -8.3425823039e-14 3.1602603106e-14 2.0804536125e-14 8.3412127673e-14 -4.1992519019e-20 -3.1582603105e-14 -2.0804548269e-14 -3.1025960314e-14
d  2.3477830980e-04 1.6434480865e-01 -2.0000000000e-01 2.0924554939e-07 3.0000000000e+02 -8.3473037676e-14 3.1528942575e-14 2.0924523514e-14 8.3456603196e-14 -4.1965636085e-20 -3.1508942574e-14 -2.0924554963e-14 -3.1022922828e-14
d  2.8173457177e-04 1.9721419038e-01 -2.0000000000e-01 2.1093475607e-07 3.0000000000e+02 -8.3546011940e-14 3.1433863882e-14 2.1093461519e-14 8.3526290521e-14 -4.2027861318e-20 -3.1413863881e-14 -2.1093475629e-14 -3.1018927431e-14
d  3.3808208612e-04 2.3665744845e-01 -2.0000000000e-01 2.1340253421e-07 3.0000000000e+02 -8.3662405113e-14 3.1305080759e-14 2.1340120222e-14 8.3638739370e-14 -4.2114132318e-20 -3.1285080755e-14 -2.1340253450e-14 -3.1013353067e-14
d  4.0569910334e-04 2.8398935814e-01 -2.0000000000e-01 2.1715066631e-07 3.0000000000e+02 -8.3852107249e-14 3.1123469178e-14 2.1714988052e-14 8.3823708313e-14 -4.2219714404e-20 -3.1103469176e-14 -2.1715066656e-14 -3.1005232345e-14
d  4.8683952401e-04 3.4078764977e-01 -2.0000000000e-01 2.2306907225e-07 3.0000000000e+02 -8.4166568046e-14 3.0852819778e-14 2.2306808578e-14 8.4132489281e-14 -4.2312986101e-20 -3.0832819776e-14 -2.2306907251e-14 -3.0992710600e-14
d  5.8420802881e-04 4.0894559972e-01 -2.0000000000e-01 2.3282411615e-07 3.0000000000e+02 -8.4708351341e-14 3.0432286085e-14 2.3281875613e-14 8.4667456784e-14 -4.2409838176e-20 -3.0412286076e-14 -2.3282411656e-14 -3.0972694549e-14
d  7.0105023458e-04 4.9073513967e-01 -2.0000000000e-01 2.4899383084e-07 3.0000000000e+02 -8.5598170534e-14 2.9731564194e-14 2.4898960286e-14 8.5549097021e-14 -4.2157486027e-20 -2.9711564188e-14 -2.4899383121e-14 -3.0938520431e-14
d  8.3125458337e-04 5.8187817926e-01 -2.0000000000e-01 2.7416070269e-07 3.0000000000e+02 -8.7042363121e-14 2.8699964480e-14 2.7415883768e-14 8.6984175304e-14 -4.1558663605e-20 -2.8679964478e-14 -2.7416070301e-14 -3.0887876425e-14
d  8.9198072650e-04 6.2438647733e-01 -2.0000000000e-01 2.8805117571e-07 3.0000000000e+02 -8.7812115542e-14 2.8106159717e-14 2.8804592985e-14 8.7749676898e-14 -4.0722537282e-20 -2.8086159705e-14 -2.8805117623e-14 -3.0858920650e-14
d  9.6485209826e-04 6.7539643501e-01 -2.0000000000e-01 3.0686465749e-07 3.0000000000e+02 -8.8893618324e-14 2.7337790663e-14 3.0685824889e-14 8.8826078684e-14 -3.9853623146e-20 -2.7317790649e-14 -3.0686465808e-14 -3.0821356713e-14
d  1.0085749213e-03 7.0600240962e-01 -2.0000000000e-01 3.1917587109e-07 3.0000000000e+02 -8.9635896088e-14 2.6868556656e-14 3.1917455631e-14 8.9565295849e-14 -3.9218935478e-20 -2.6848556652e-14 -3.1917587149e-14 -3.0798664856e-14
d  1.0216917682e-03 7.1518420201e-01 -2.0000000000e-01 3.2354403111e-07 3.0000000000e+02 -8.9966302708e-14 2.6765911880e-14 3.2352739004e-14 8.9894784333e-14 -4.0167567918e-20 -2.6745911714e-14 -3.2354403465e-14 -3.0793966132e-14
d  1.0374319845e-03 7.2620235287e-01 -2.0000000000e-01 3.2810378162e-07 3.0000000000e+02 -9.0235088817e-14 2.6588728276e-14 3.2809328187e-14 9.0162468611e-14 -3.8124239771e-20 -2.6568728167e-14 -3.2810378407e-14 -3.0785385900e-14
d  1.0563202441e-03 7.3942413390e-01 -2.0000000000e-01 3.3369080731e-07 3.0000000000e+02 -9.0571816780e-14 2.6374296715e-14 3.3368412396e-14 9.0497874382e-14 -3.8358684514e-20 -2.6354296657e-14 -3.3369080877e-14 -3.0775020324e-14
d  1.0789861556e-03 7.5529027113e-01 -2.0000000000e-01 3.4048308901e-07 3.0000000000e+02 -9.0984972941e-14 2.6118801905e-14 3.4048319534e-14 9.0909443913e-14 -3.7873935916e-20 -2.6098801906e-14 -3.4048308934e-14 -3.0762716909e-14
d  1.1061852493e-03 7.7432963582e-01 -2.0000000000e-01 3.4826508333e-07 3.0000000000e+02 -9.1414142946e-14 2.5783517494e-14 3.4825358669e-14 9.1336710001e-14 -3.6609601145e-20 -2.5763517424e-14 -3.4826508503e-14 -3.0746483918e-14
d  1.1388241619e-03 7.9717687344e-01 -2.0000000000e-01 3.5779955580e-07 3.0000000000e+02 -9.1966526775e-14 2.5399438719e-14 3.5779455348e-14 9.1886809095e-14 -3.6168360065e-20 -2.5379438694e-14 -3.5779955665e-14 -3.0728059621e-14
d  1.1779908569e-03 8.2459355859e-01 -2.0000000000e-01 3.6966024154e-07 3.0000000000e+02 -9.2713481047e-14 2.4976522785e-14 3.6965450313e-14 9.2631021698e-14 -3.5471625689e-20 -2.4956522760e-14 -3.6966024239e-14 -3.0708068600e-14
d  1.2249908909e-03 8.5749358076e-01 -2.0000000000e-01 3.8384475523e-07 3.0000000000e+02 -9.3631391101e-14 2.4495235853e-14 3.8383684878e-14 9.3545641751e-14 -3.4262703654e-20 -2.4475235824e-14 -3.8384475616e-14 -3.0685595986e-14
d  1.2813909317e-03 8.9697360737e-01 -2.0000000000e-01 4.0018654795e-07 3.0000000000e+02 -9.4686793486e-14 2.3938304710e-14 4.0016898304e-14 9.4597096140e-14 -3.2584658939e-20 -2.3918304657e-14 -4.0018654937e-14 -3.0659882377e-14
d  1.3152309562e-03 9.2066162334e-01 -2.0000000000e-01 4.1101426871e-07 3.0000000000e+02 -9.5533952247e-14 2.3709297469e-14 4.1101810974e-14 9.5441886080e-14 -3.3131836647e-20 -2.3689297486e-14 -4.1101426879e-14 -3.0650096334e-14
d  1.3558389857e-03 9.4908724250e-01 -2.0000000000e-01 4.2186027948e-07 3.0000000000e+02 -9.6234467779e-14 2.3340687819e-14 4.2183363857e-14 9.6139559085e-14 -3.0176038050e-20 -2.3320687709e-14 -4.2186028203e-14 -3.0633434407e-14
d  1.4045686209e-03 9.8319798549e-01 -2.0000000000e-01 4.3533277138e-07 3.0000000000e+02 -9.7231660915e-14 2.3001213005e-14 4.3529519893e-14 9.7133341153e-14 -3.0338769492e-20 -2.2981212875e-14 -4.3533277434e-14 -3.0618911553e-14
d  1.4338064021e-03 1.0036644313e+00 -2.0000000000e-01 4.4460909980e-07 3.0000000000e+02 -9.8063007058e-14 2.2905910875e-14 4.4461289186e-14 9.7962640610e-14 -3.1316477121e-20 -2.2885910894e-14 -4.4460909987e-14 -3.0615906944e-14
d  1.4688917395e-03 1.0282241662e+00 -2.0000000000e-01 4.5432383408e-07 3.0000000000e+02 -9.8848643798e-14 2.2724989321e-14 4.5433789876e-14 9.8745821363e-14 -2.9145599220e-20 -2.2704989389e-14 -4.5432383324e-14 -3.0608806231e-14
d  1.5109941444e-03 1.0576958482e+00 -2.0000000000e-01 4.6503891465e-07 3.0000000000e+02 -9.9686698943e-14 2.2496928465e-14 4.6502283248e-14 9.9580929376e-14 -2.8270010443e-20 -2.2476928400e-14 -4.6503891637e-14 -3.0599734677e-14
d  1.5362555873e-03 1.0753788574e+00 -2.0000000000e-01 4.7268831851e-07 3.0000000000e+02 -1.0041609719e-13 2.2459241640e-14 4.7270688733e-14 1.0030855927e-13 -2.9963893381e-20 -2.2439241749e-14 -4.7268831687e-14 -3.0599474424e-14
d  1.5665693188e-03 1.0965984684e+00 -2.0000000000e-01 4.8097337872e-07 3.0000000000e+02 -1.0115545518e-13 2.2371230502e-14 4.8097536283e-14 1.0104579533e-13 -2.8313753212e-20 -2.2351230513e-14 -4.8097337899e-14 -3.0596914740e-14
d  1.6029457967e-03 1.1220620016e+00 -2.0000000000e-01 4.8992722805e-07 3.0000000000e+02 -1.0190927577e-13 2.2233080213e-14 4.8990512987e-14 1.0179706960e-13 -2.7410619080e-20 -2.2213080111e-14 -4.8992723052e-14 -3.0592151831e-14
d  1.6247716833e-03 1.1373401215e+00 -2.0000000000e-01 4.9689046838e-07 3.0000000000e+02 -1.0263699195e-13 2.2257815153e-14 4.9688090165e-14 1.0252325796e-13 -3.0030995684e-20 -2.2237815087e-14 -4.9689047013e-14 -3.0594888572e-14
d  1.6509627474e-03 1.1556738654e+00 -2.0000000000e-01 5.0423365733e-07 3.0000000000e+02 -1.0334246328e-13 2.2228509456e-14 5.0422548152e-14 1.0322689591e-13 -2.8052033441e-20 -2.2208509404e-14 -5.0423365884e-14 -3.0595086251e-14
d  1.6666773858e-03 1.1666741117e+00 -2.0000000000e-01 5.0872772964e-07 3.0000000000e+02 -1.0378310127e-13 2.2217360713e-14 5.0871885185e-14 1.0366643388e-13 -2.8666787339e-20 -2.2197360629e-14 -5.0872773175e-14 -3.0595536464e-14
d  1.6855349519e-03 1.1798744073e+00 -2.0000000000e-01 5.1413075888e-07 3.0000000000e+02 -1.0431519130e-13 2.2207920950e-14 5.1411755557e-14 1.0419720389e-13 -2.8631670312e-20 -2.2187920833e-14 -5.1413076164e-14 -3.0596275938e-14
d  1.7081640312e-03 1.1957147621e+00 -2.0000000000e-01 5.2067284751e-07 3.0000000000e+02 -1.0496522096e-13 2.2201056088e-14 5.2066236848e-14 1.0484564951e-13 -2.8726148253e-20 -2.2181056010e-14 -5.2067284952e-14 -3.0597387754e-14
d  1.7353189264e-03 1.2147231877e+00 -2.0000000000e-01 5.2876479605e-07 3.0000000000e+02 -1.0578555248e-13 2.2207663382e-14 5.2877596009e-14 1.0566408014e-13 -2.9045711520e-20 -2.2187663451e-14 -5.2876479525e-14 -3.0599478771e-14
d  1.7516118635e-03 1.2261282432e+00 -2.0000000000e-01 5.3378385151e-07 3.0000000000e+02 -1.0630370515e-13 2.2222187706e-14 5.3377640286e-14 1.0618109234e-13 -2.9225087141e-20 -2.2202187638e-14 -5.3378385335e-14 -3.0601269400e-14
d  1.7711633880e-03 1.2398143096e+00 -2.0000000000e-01 5.3983244653e-07 3.0000000000e+02 -1.0692732698e-13 2.2236222821e-14 5.3981806214e-14 1.0680334558e-13 -2.9279151508e-20 -2.2216222698e-14 -5.3983244943e-14 -3.0603236735e-14
d  1.7946252175e-03 1.2562375894e+00 -2.0000000000e-01 5.4728212774e-07 3.0000000000e+02 -1.0770275309e-13 2.2262759288e-14 5.4725926741e-14 1.0757712937e-13 -2.9623956468e-20 -2.2242759125e-14 -5.4728213143e-14 -3.0606088607e-14
d  1.8227794128e-03 1.2759455252e+00 -2.0000000000e-01 5.5648212623e-07 3.0000000000e+02 -1.0866738917e-13 2.2301864753e-14 5.5645748319e-14 1.0853979465e-13 -2.9988673063e-20 -2.2281864605e-14 -5.5648212961e-14 -3.0609868225e-14
d  1.8565644472e-03 1.2995950481e+00 -2.0000000000e-01 5.6811466864e-07 3.0000000000e+02 -1.0990464115e-13 2.2367590613e-14 5.6812948917e-14 1.0977468162e-13 -3.0743057138e-20 -2.2347590688e-14 -5.6811466779e-14 -3.0615347068e-14
d  1.8768354678e-03 1.3137847618e+00 -2.0000000000e-01 5.7554926531e-07 3.0000000000e+02 -1.1070920814e-13 2.2424733566e-14 5.7552020021e-14 1.1057782972e-13 -3.1273673117e-20 -2.2404733352e-14 -5.7554926999e-14 -3.0619524831e-14
d  1.9011606926e-03 1.3308124183e+00 -2.0000000000e-01 5.8469625366e-07 3.0000000000e+02 -1.1169614051e-13 2.2488965663e-14 5.8467704041e-14 1.1156305930e-13 -3.1737577189e-20 -2.2468965531e-14 -5.8469625679e-14 -3.0624302455e-14
d  1.9157558275e-03 1.3410290122e+00 -2.0000000000e-01 5.9037707693e-07 3.0000000000e+02 -1.1231105165e-13 2.2530936529e-14 5.9035717516e-14 1.1217694880e-13 -3.2150536981e-20 -2.2510936327e-14 -5.9037708140e-14 -3.0627334347e-14
d  1.9332699893e-03 1.3532889248e+00 -2.0000000000e-01 5.9730138054e-07 3.0000000000e+02 -1.1305713687e-13 2.2581103903e-14 5.9725925655e-14 1.1292180808e-13 -3.2354673005e-20 -2.2561103501e-14 -5.9730138884e-14 -3.0630956391e-14
d  1.9542869835e-03 1.3680008200e+00 -2.0000000000e-01 6.0594177101e-07 3.0000000000e+02 -1.1399257150e-13 2.2647375396e-14 6.0592039856e-14 1.1385577146e-13 -3.3132790092e-20 -2.2627375226e-14 -6.0594177488e-14 -3.0635604159e-14
d  1.9795073765e-03 1.3856550943e+00 -2.0000000000e-01 6.1466302765e-07 3.0000000000e+02 -1.1483579568e-13 2.2614639857e-14 6.1461252190e-14 1.1469723025e-13 -3.0626000696e-20 -2.2594639520e-14 -6.1466303473e-14 -3.0635397904e-14
d  2.0097718482e-03 1.4068402234e+00 -2.0000000000e-01 6.3081088464e-07 3.0000000000e+02 -1.1673575060e-13 2.2882051425e-14 6.3082109868e-14 1.1659506657e-13 -3.8659632129e-20 -2.2862051482e-14 -6.3081088418e-14 -3.0650880103e-14
d  2.0279305312e-03 1.4195513008e+00 -2.0000000000e-01 6.3762147704e-07 3.0000000000e+02 -1.1737911941e-13 2.2846199944e-14 6.3757394680e-14 1.1723716438e-13 -3.1481274744e-20 -2.2826199554e-14 -6.3762148516e-14 -3.0650056173e-14
d  2.0497209507e-03 1.4348045938e+00 -2.0000000000e-01 6.5077627739e-07 3.0000000000e+02 -1.1894106090e-13 2.3075548592e-14 6.5076172431e-14 1.1879758047e-13 -4.1356303148e-20 -2.3055548480e-14 -6.5077628019e-14 -3.0663047716e-14
d  2.0758694542e-03 1.4531085453e+00 -2.0000000000e-01 6.6367453367e-07 3.0000000000e+02 -1.2029223326e-13 2.3130758202e-14 6.6374492390e-14 1.2014692229e-13 -3.5225508080e-20 -2.3110758656e-14 -6.6367452563e-14 -3.0667311049e-14
d  2.0915585563e-03 1.4640909162e+00 -2.0000000000e-01 6.7431551540e-07 3.0000000000e+02 -1.2155043177e-13 2.3313588693e-14 6.7426192499e-14 1.2140402281e-13 -4.2277431406e-20 -2.3293588185e-14 -6.7431552581e-14 -3.0677527092e-14
d  2.1009720176e-03 1.4706803388e+00 -2.0000000000e-01 6.8313849808e-07 3.0000000000e+02 -1.2268402459e-13 2.3555262364e-14 6.8316345240e-14 1.2253695646e-13 -4.9801630979e-20 -2.3535262756e-14 -6.8313849127e-14 -3.0690392700e-14
d  2.1122681711e-03 1.4785876459e+00 -2.0000000000e-01 6.8753818884e-07 3.0000000000e+02 -1.2300792715e-13 2.3439312625e-14 6.8752011703e-14 1.2286006845e-13 -2.8567652431e-20 -2.3419312359e-14 -6.8753819462e-14 -3.0685029160e-14
d  2.1258235553e-03 1.4880764143e+00 -2.0000000000e-01 6.9651845806e-07 3.0000000000e+02 -1.2400403410e-13 2.3532640958e-14 6.9649071695e-14 1.2385522655e-13 -4.4760374078e-20 -2.3512640617e-14 -6.9651846529e-14 -3.0690550576e-14
d  2.1420900164e-03 1.4994629365e+00 -2.0000000000e-01 7.0767399508e-07 3.0000000000e+02 -1.2523692857e-13 2.3642504515e-14 7.0763768205e-14 1.2508698237e-13 -4.2701458723e-20 -2.3622504142e-14 -7.0767400293e-14 -3.0697011029e-14
d  2.1428570000e-03 1.4999998250e+00 -2.0000000000e-01 7.1139936900e-07 3.0000000000e+02 -1.2582871388e-13 2.3849536398e-14 7.1134440557e-14 1.2567871580e-13 -1.3688041435e-19 -2.3829528421e-14 -7.1139952186e-14 -3.0707796827e-14
d  2.1437773803e-03 1.5006440912e+00 -2.0000000000e-01 7.1208867549e-07 3.0000000000e+02 -1.2590237054e-13 2.3863537205e-14 7.1199235228e-14 1.2575231024e-13 5.3105335230e-21 -2.3843519979e-14 -7.1208900470e-14 -3.0708269075e-14
d  2.1448818367e-03 1.5014172106e+00 -2.0000000000e-01 7.1290452612e-07 3.0000000000e+02 -1.2599220317e-13 2.3869428153e-14 7.1280969515e-14 1.2584206482e-13 -4.4715812527e-20 -2.3849414017e-14 -7.1290479641e-14 -3.0708728153e-14
d  2.1462071844e-03 1.5023449540e+00 -2.0000000000e-01 7.1390303719e-07 3.0000000000e+02 -1.2610212930e-13 2.3878662018e-14 7.1380594703e-14 1.2595189768e-13 -4.4675423184e-20 -2.3858649955e-14 -7.1390326797e-14 -3.0709267456e-14
d  2.1477976016e-03 1.5034582460e+00 -2.0000000000e-01 7.1498455346e-07 3.0000000000e+02 -1.2621427621e-13 2.3882605149e-14 7.1489297951e-14 1.2606393265e-13 -4.2314046624e-20 -2.3862595664e-14 -7.1498473507e-14 -3.0709545694e-14
d  2.1497061023e-03 1.5047941964e+00 -2.0000000000e-01 7.1649745427e-07 3.0000000000e+02 -1.2638446942e-13 2.3900039637e-14 7.1623806211e-14 1.2623399537e-13 -4.3894542751e-20 -2.3880017241e-14 -7.1649788217e-14 -3.0710535416e-14
d  2.1519963031e-03 1.5063973369e+00 -2.0000000000e-01 7.1822764000e-07 3.0000000000e+02 -1.2657347793e-13 2.3926789555e-14 7.1822871795e-14 1.2642283818e-13 -4.9204808143e-20 -2.3906789632e-14 -7.1822763924e-14 -3.0712029400e-14
d  2.1547445441e-03 1.5083211054e+00 -2.0000000000e-01 7.2031800728e-07 3.0000000000e+02 -1.2680258747e-13 2.3922810861e-14 7.2031718057e-14 1.2665175537e-13 -4.3674168113e-20 -2.3902810812e-14 -7.2031800895e-14 -3.0711955226e-14
d  2.1580424332e-03 1.5106296277e+00 -2.0000000000e-01 7.1959488885e-07 3.0000000000e+02 -1.2654087595e-13 2.3747655866e-14 7.1954024638e-14 1.2638981364e-13 -1.1140412458e-20 -2.3727653132e-14 -7.1959494175e-14 -3.0703130307e-14
d  2.1619999002e-03 1.5133998545e+00 -2.0000000000e-01 7.2583642364e-07 3.0000000000e+02 -1.2741036295e-13 2.3986206158e-14 7.2582990504e-14 1.2725902303e-13 -8.4675194426e-20 -2.3966205886e-14 -7.2583642956e-14 -3.0715642902e-14
d  2.1667488605e-03 1.5167241265e+00 -2.0000000000e-01 7.2606896372e-07 3.0000000000e+02 -1.2724313201e-13 2.3798053946e-14 7.2607801002e-14 1.2709145952e-13 -1.1183878635e-20 -2.3778054261e-14 -7.2606895844e-14 -3.0706147447e-14
d  2.1724476130e-03 1.5207132531e+00 -2.0000000000e-01 7.3386074103e-07 3.0000000000e+02 -1.2828810073e-13 2.4052686765e-14 7.3396119070e-14 1.2813602869e-13 -7.4663787902e-20 -2.4032689683e-14 -7.3386068608e-14 -3.0719542408e-14
d  2.1792861159e-03 1.5255002049e+00 -2.0000000000e-01 7.3950280134e-07 3.0000000000e+02 -1.2891103657e-13 2.4098749479e-14 7.3950587403e-14 1.2875848653e-13 -3.9997907709e-20 -2.4078749553e-14 -7.3950280066e-14 -3.0722162113e-14
d  2.1874923194e-03 1.5312445471e+00 -2.0000000000e-01 7.4635022146e-07 3.0000000000e+02 -1.2966096995e-13 2.4168358025e-14 7.4634627737e-14 1.2950784551e-13 -4.7771645297e-20 -2.4148357945e-14 -7.4635022373e-14 -3.0726133976e-14
d  2.1973397637e-03 1.5381377577e+00 -2.0000000000e-01 7.5480556526e-07 3.0000000000e+02 -1.3058659212e-13 2.4242936081e-14 7.5481520154e-14 1.3043277831e-13 -4.8688723273e-20 -2.4222936244e-14 -7.5480556291e-14 -3.0730421802e-14
d  2.2091566967e-03 1.5464096104e+00 -2.0000000000e-01 7.6148913511e-07 3.0000000000e+02 -1.3112355284e-13 2.4115414243e-14 7.6146161400e-14 1.3096891197e-13 -3.8143419217e-20 -2.4095413855e-14 -7.6148914329e-14 -3.0724496357e-14
d  2.2233370164e-03 1.5563358337e+00 -2.0000000000e-01 7.7418524477e-07 3.0000000000e+02 -1.3252790216e-13 2.4241508444e-14 7.7411603658e-14 1.3237226879e-13 -5.3185005564e-20 -2.4221507628e-14 -7.7418526115e-14 -3.0731643968e-14
d  2.2318452082e-03 1.5622915677e+00 -2.0000000000e-01 7.8614488280e-07 3.0000000000e+02 -1.3405684265e-13 2.4560825239e-14 7.8613103464e-14 1.3390061355e-13 -6.5773854013e-20 -2.4540824998e-14 -7.8614488819e-14 -3.0748316321e-14
d  2.2420550384e-03 1.5694384484e+00 -2.0000000000e-01 7.9216399462e-07 3.0000000000e+02 -1.3450185777e-13 2.4408805654e-14 7.9213630066e-14 1.3434491404e-13 -3.3646821577e-20 -2.4388805203e-14 -7.9216400404e-14 -3.0741012122e-14
d  2.2543068346e-03 1.5780147053e+00 -2.0000000000e-01 8.0446001416e-07 3.0000000000e+02 -1.3586258111e-13 2.4529914691e-14 8.0442044687e-14 1.3570477978e-13 -5.7746755356e-20 -2.4509914152e-14 -8.0446002527e-14 -3.0747802387e-14
d  2.2690089901e-03 1.5883062136e+00 -2.0000000000e-01 8.1981061739e-07 3.0000000000e+02 -1.3755455473e-13 2.4678530515e-14 8.1976848861e-14 1.3739572423e-13 -5.4814835659e-20 -2.4658530036e-14 -8.1981062739e-14 -3.0756038370e-14
d  2.2778302833e-03 1.5944811186e+00 -2.0000000000e-01 8.2954839107e-07 3.0000000000e+02 -1.3863387572e-13 2.4776941015e-14 8.2951680030e-14 1.3847442774e-13 -5.6552668648e-20 -2.4756940485e-14 -8.2954840204e-14 -3.0761445232e-14
d  2.2884158353e-03 1.6018910046e+00 -2.0000000000e-01 8.4152667904e-07 3.0000000000e+02 -1.3995286662e-13 2.4892122836e-14 8.4149146116e-14 1.3979267766e-13 -5.7376730821e-20 -2.4872122281e-14 -8.4152669048e-14 -3.0767777787e-14
d  2.3011184976e-03 1.6107828678e+00 -2.0000000000e-01 8.5643027993e-07 3.0000000000e+02 -1.4158664392e-13 2.5026972211e-14 8.5637931598e-14 1.4142556581e-13 -5.8988384255e-20 -2.5006971540e-14 -8.5643029361e-14 -3.0775196741e-14
d  2.3163616923e-03 1.6214531036e+00 -2.0000000000e-01 8.7504548062e-07 3.0000000000e+02 -1.4361389792e-13 2.5183592952e-14 8.7498552741e-14 1.4345175278e-13 -6.0830357608e-20 -2.5163592293e-14 -8.7504549412e-14 -3.0783819908e-14
d  2.3346535261e-03 1.6342573865e+00 -2.0000000000e-01 8.9461994088e-07 3.0000000000e+02 -1.4554876542e-13 2.5159357338e-14 8.9446846759e-14 1.4538534005e-13 -5.5228290590e-20 -2.5139355945e-14 -8.9461996850e-14 -3.0783388759e-14
d  2.3566037265e-03 1.6496225261e+00 -2.0000000000e-01 9.2352629286e-07 3.0000000000e+02 -1.4866997410e-13 2.5377081054e-14 9.2333552822e-14 1.4850501224e-13 -6.6411482841e-20 -2.5357079584e-14 -9.2352632201e-14 -3.0795389916e-14
d  2.3829439671e-03 1.6680606936e+00 -2.0000000000e-01 9.6214626895e-07 3.0000000000e+02 -1.5287240398e-13 2.5696790868e-14 9.6190644720e-14 1.5270559833e-13 -6.9902896934e-20 -2.5676789320e-14 -9.6214629972e-14 -3.0812676230e-14
d  2.4145522558e-03 1.6901864945e+00 -2.0000000000e-01 1.0138917759e-06 3.0000000000e+02 -1.5847616206e-13 2.6101672788e-14 1.0136372973e-13 1.5830714380e-13 -7.5657379791e-20 -2.6081671409e-14 -1.0138918035e-13 -3.0834413382e-14
d  2.4335172290e-03 1.7034619751e+00 -2.0000000000e-01 1.0475656980e-06 3.0000000000e+02 -1.6208203885e-13 2.6328464339e-14 1.0473045449e-13 1.6191169322e-13 -7.8878667847e-20 -2.6308462263e-14 -1.0475657390e-13 -3.0846577592e-14
d  2.4448962129e-03 1.7114272635e+00 -2.0000000000e-01 1.0760388255e-06 3.0000000000e+02 -1.6547352297e-13 2.6842874987e-14 1.0759572658e-13 1.6530238052e-13 -1.0170456728e-19 -2.6822873918e-14 -1.0760388471e-13 -3.0872960456e-14
d  2.4585509936e-03 1.7209856095e+00 -2.0000000000e-01 1.1038010433e-06 3.0000000000e+02 -1.6838766076e-13 2.6975107931e-14 1.1037131369e-13 1.6821556248e-13 -8.0198213083e-20 -2.6955106850e-14 -1.1038010651e-13 -3.0880054651e-14
d  2.4749367304e-03 1.7324556247e+00 -2.0000000000e-01 1.1326882352e-06 3.0000000000e+02 -1.7110782761e-13 2.6812094211e-14 1.1324675780e-13 1.7093458265e-13 -7.6581153872e-20 -2.6792091939e-14 -1.1326882800e-13 -3.0872414747e-14
d  2.4945996147e-03 1.7462196430e+00 -2.0000000000e-01 1.1741606420e-06 3.0000000000e+02 -1.7538193346e-13 2.6930976227e-14 1.1738486206e-13 1.7520731223e-13 -9.2482025551e-20 -2.6910973536e-14 -1.1741606949e-13 -3.0879119285e-14
d  2.5063973452e-03 1.7544780539e+00 -2.0000000000e-01 1.2096859512e-06 3.0000000000e+02 -1.7953161907e-13 2.7496367160e-14 1.2095931157e-13 1.7935617157e-13 -1.1799880408e-19 -2.7476365982e-14 -1.2096859750e-13 -3.0907977576e-14
d  2.5134759835e-03 1.7594331005e+00 -2.0000000000e-01 1.2274850334e-06 3.0000000000e+02 -1.8138956010e-13 2.7569727930e-14 1.2274074079e-13 1.8121361720e-13 -9.5663791561e-20 -2.7549726301e-14 -1.2274850658e-13 -3.0911833093e-14
d  2.5219703495e-03 1.7653791564e+00 -2.0000000000e-01 1.2490279835e-06 3.0000000000e+02 -1.8361078508e-13 2.7636993684e-14 1.2489424969e-13 1.8343424759e-13 -1.0096003300e-19 -2.7616992002e-14 -1.2490280169e-13 -3.0915485999e-14
d  2.5321635887e-03 1.7725144234e+00 -2.0000000000e-01 1.2755860333e-06 3.0000000000e+02 -1.8634036894e-13 2.7704928611e-14 1.2754550558e-13 1.8616311805e-13 -1.0351381140e-19 -2.7684926458e-14 -1.2755860759e-13 -3.0919215386e-14
d  2.5443954757e-03 1.7810767439e+00 -2.0000000000e-01 1.3083692531e-06 3.0000000000e+02 -1.8969314938e-13 2.7776065148e-14 1.3082296796e-13 1.8951504221e-13 -1.0603756889e-19 -2.7756063229e-14 -1.3083692912e-13 -3.0923161546e-14
d  2.5517346079e-03 1.7862141362e+00 -2.0000000000e-01 1.3291640852e-06 3.0000000000e+02 -1.9184699851e-13 2.7844112954e-14 1.3290677948e-13 1.9166837760e-13 -1.1037253923e-19 -2.7824111002e-14 -1.3291641239e-13 -3.0926800619e-14
d  2.5605415665e-03 1.7923790070e+00 -2.0000000000e-01 1.3542900402e-06 3.0000000000e+02 -1.9441802375e-13 2.7899682902e-14 1.3541826071e-13 1.9423878638e-13 -1.1003056382e-19 -2.7879680860e-14 -1.3542900806e-13 -3.0929845851e-14
d  2.5711099169e-03 1.7997768519e+00 -2.0000000000e-01 1.3851235611e-06 3.0000000000e+02 -1.9755702003e-13 2.7951542494e-14 1.3849734560e-13 1.9737704297e-13 -1.1253202695e-19 -2.7931540108e-14 -1.3851236082e-13 -3.0932758585e-14
d  2.5774509272e-03 1.8042155588e+00 -2.0000000000e-01 1.4150438353e-06 3.0000000000e+02 -2.0121052103e-13 2.8581622413e-14 1.4150459314e-13 2.0103009946e-13 -1.6847989999e-19 -2.8561622462e-14 -1.4150438358e-13 -3.0964591247e-14
d  2.5850601394e-03 1.8095420071e+00 -2.0000000000e-01 1.4287602071e-06 3.0000000000e+02 -2.0197281260e-13 2.8000095150e-14 1.4286547382e-13 2.0179185899e-13 -5.3343083469e-20 -2.7980092833e-14 -1.4287602529e-13 -3.0935455833e-14
d  2.5941911942e-03 1.8159337451e+00 -2.0000000000e-01 1.4575839869e-06 3.0000000000e+02 -2.0490339165e-13 2.8044797490e-14 1.4574504165e-13 2.0472179891e-13 -1.3446890543e-19 -2.8024795036e-14 -1.4575840354e-13 -3.0938121503e-14
d  2.6051484598e-03 1.8236038307e+00 -2.0000000000e-01 1.4928694069e-06 3.0000000000e+02 -2.0847722011e-13 2.8087060377e-14 1.4927406078e-13 2.0829486026e-13 -1.2122778427e-19 -2.8067058399e-14 -1.4928694464e-13 -3.0940519836e-14
d  2.6117228192e-03 1.8282058821e+00 -2.0000000000e-01 1.5269747983e-06 3.0000000000e+02 -2.1261565676e-13 2.8775512825e-14 1.5269794388e-13 2.1243283615e-13 -1.8203888307e-19 -2.8755512930e-14 -1.5269747979e-13 -3.0975223695e-14
d  2.6196120505e-03 1.8337283437e+00 -2.0000000000e-01 1.5432111234e-06 3.0000000000e+02 -2.1356347252e-13 2.8137187479e-14 1.5430822551e-13 2.1338010039e-13 -5.8375339935e-20 -2.8117184743e-14 -1.5432111774e-13 -3.0943284284e-14
d  2.6290791281e-03 1.8403552976e+00 -2.0000000000e-01 1.5762560615e-06 3.0000000000e+02 -2.1690897340e-13 2.8173201503e-14 1.5760804519e-13 2.1672493869e-13 -1.4470858187e-19 -2.8153198386e-14 -1.5762561230e-13 -3.0945523950e-14
d  2.6404396211e-03 1.8483076424e+00 -2.0000000000e-01 1.6168000726e-06 3.0000000000e+02 -2.2100285206e-13 2.8210612119e-14 1.6165940484e-13 2.2081802213e-13 -1.3102466209e-19 -2.8190609059e-14 -1.6168001332e-13 -3.0947677115e-14
d  2.6472559169e-03 1.8530790492e+00 -2.0000000000e-01 1.6424529489e-06 3.0000000000e+02 -2.2363169384e-13 2.8268817750e-14 1.6423109467e-13 2.2344638674e-13 -1.3678952546e-19 -2.8248814643e-14 -1.6424530101e-13 -3.0950777664e-14
d  2.6554354719e-03 1.8588047374e+00 -2.0000000000e-01 1.6732722681e-06 3.0000000000e+02 -2.2674694494e-13 2.8300860345e-14 1.6731141363e-13 2.2656106533e-13 -1.3542228503e-19 -2.8280857101e-14 -1.6732723321e-13 -3.0952593357e-14
d  2.6652509379e-03 1.8656755633e+00 -2.0000000000e-01 1.7110604090e-06 3.0000000000e+02 -2.3055353831e-13 2.8326174186e-14 1.7108287708e-13 2.3036697183e-13 -1.3868938444e-19 -2.8306170212e-14 -1.7110604873e-13 -3.0954124111e-14
d  2.6711402175e-03 1.8697980588e+00 -2.0000000000e-01 1.7488538732e-06 3.0000000000e+02 -2.3516248551e-13 2.9117751965e-14 1.7488604252e-13 2.3497550567e-13 -2.1844487264e-19 -2.9097752131e-14 -1.7488538718e-13 -3.0993866701e-14
d  2.6782073531e-03 1.8747450534e+00 -2.0000000000e-01 1.7793784630e-06 3.0000000000e+02 -2.3819443703e-13 2.9095729752e-14 1.7793831017e-13 2.3800696249e-13 -1.2606556104e-19 -2.9075729862e-14 -1.7793784626e-13 -3.0992735154e-14
d  2.6866879157e-03 1.8806814469e+00 -2.0000000000e-01 1.8016693383e-06 3.0000000000e+02 -2.3958360177e-13 2.8295811727e-14 1.8014779200e-13 2.3939553465e-13 -9.2042056882e-20 -2.8275807932e-14 -1.8016694131e-13 -3.0953050205e-14
d  2.6968645908e-03 1.8878051192e+00 -2.0000000000e-01 1.8445977147e-06 3.0000000000e+02 -2.4389226826e-13 2.8308516897e-14 1.8443737727e-13 2.4370348878e-13 -1.6681259718e-19 -2.8288513183e-14 -1.8445977882e-13 -3.0954109728e-14
d  2.7029705959e-03 1.8920793225e+00 -2.0000000000e-01 1.8872396733e-06 3.0000000000e+02 -2.4906814781e-13 2.9174078250e-14 1.8872642303e-13 2.4887893972e-13 -2.3452923204e-19 -2.9154078850e-14 -1.8872396636e-13 -3.0997447000e-14
d  2.7102978020e-03 1.8972083665e+00 -2.0000000000e-01 1.9219604661e-06 3.0000000000e+02 -2.5250994600e-13 2.9149175666e-14 1.9219709320e-13 2.5232022510e-13 -1.3562803880e-19 -2.9129175906e-14 -1.9219604634e-13 -3.0996163553e-14
d  2.7190904493e-03 1.9033632194e+00 -2.0000000000e-01 1.9475287058e-06 3.0000000000e+02 -2.5413757694e-13 2.8262922315e-14 1.9473022946e-13 2.5394724181e-13 -9.8413087522e-20 -2.8242917976e-14 -1.9475287914e-13 -3.0952255659e-14
d  2.7296416261e-03 1.9107490428e+00 -2.0000000000e-01 1.9960305230e-06 3.0000000000e+02 -2.5900163579e-13 2.8272420427e-14 1.9957512708e-13 2.5881056216e-13 -1.7830314188e-19 -2.8252415949e-14 -1.9960306117e-13 -3.0953175644e-14
d  2.7359723322e-03 1.9151805368e+00 -2.0000000000e-01 2.0429278849e-06 3.0000000000e+02 -2.6462818861e-13 2.9162554447e-14 2.0429665639e-13 2.6443667031e-13 -2.4667842424e-19 -2.9142555360e-14 -2.0429278694e-13 -3.0997664168e-14
d  2.7435691795e-03 1.9204983296e+00 -2.0000000000e-01 2.0836243677e-06 3.0000000000e+02 -2.6873083126e-13 2.9203119796e-14 2.0836222410e-13 2.6853878144e-13 -1.5365539642e-19 -2.9183119749e-14 -2.0836243707e-13 -3.0999647895e-14
d  2.7526853962e-03 1.9268796810e+00 -2.0000000000e-01 2.1130523577e-06 3.0000000000e+02 -2.7064735652e-13 2.8217142278e-14 2.1127840167e-13 2.7045466995e-13 -1.0413399444e-19 -2.8197137306e-14 -2.1130524560e-13 -3.0950851601e-14
d  2.7636248563e-03 1.9345373027e+00 -2.0000000000e-01 2.1683085925e-06 3.0000000000e+02 -2.7619977882e-13 2.8240303175e-14 2.1679514805e-13 2.7600632672e-13 -1.9215030565e-19 -2.8220297637e-14 -2.1683087024e-13 -3.0952475611e-14
d  2.7767522084e-03 1.9437264487e+00 -2.0000000000e-01 2.2203848082e-06 3.0000000000e+02 -2.8071234825e-13 2.7577878491e-14 2.2196276068e-13 2.8051797863e-13 -1.3220928176e-19 -2.7557868652e-14 -2.2203850027e-13 -3.0919896859e-14
d  2.7846286197e-03 1.9492399363e+00 -2.0000000000e-01 2.2769597250e-06 3.0000000000e+02 -2.8731205806e-13 2.8467314128e-14 2.2766500112e-13 2.8711713576e-13 -2.4701648423e-19 -2.8447308215e-14 -2.2769598419e-13 -3.0964404236e-14
d  2.7940803132e-03 1.9558561215e+00 -2.0000000000e-01 2.3293651279e-06 3.0000000000e+02 -2.9257313810e-13 2.8495471176e-14 2.3290126417e-13 2.9237755434e-13 -1.6418763687e-19 -2.8475464861e-14 -2.3293652529e-13 -3.0965866786e-14
d  2.7997513294e-03 1.9598258326e+00 -2.0000000000e-01 2.3837371628e-06 3.0000000000e+02 -2.9917779259e-13 2.9603403719e-14 2.3837548240e-13 2.9898180988e-13 -3.1071272678e-19 -2.9583404185e-14 -2.3837371562e-13 -3.1021108299e-14
d  2.8065565487e-03 1.9645894859e+00 -2.0000000000e-01 2.4273307607e-06 3.0000000000e+02 -3.0346453545e-13 2.9538481330e-14 2.4273489649e-13 3.0326807637e-13 -1.6915545437e-19 -2.9518481780e-14 -2.4273307545e-13 -3.1017732492e-14
d  2.8147228119e-03 1.9703058698e+00 -2.0000000000e-01 2.4574957012e-06 3.0000000000e+02 -3.0523477369e-13 2.8353508773e-14 2.4571917810e-13 3.0503774492e-13 -1.1245134544e-19 -2.8333502484e-14 -2.4574958258e-13 -3.0959207471e-14
d  2.8245223277e-03 1.9771655306e+00 -2.0000000000e-01 2.5165234087e-06 3.0000000000e+02 -3.1111657481e-13 2.8324232668e-14 2.5160977227e-13 3.1091886049e-13 -2.2461072227e-19 -2.8304225294e-14 -2.5165235552e-13 -3.0958246539e-14
d  2.8274621825e-03 1.9792234288e+00 -2.0000000000e-01 2.5577468739e-06 3.0000000000e+02 -3.1654117341e-13 2.9561000545e-14 2.5577875611e-13 3.1634325059e-13 -4.1867570316e-19 -2.9541002386e-14 -2.5577468411e-13 -3.1019808303e-14
d  2.8309900082e-03 1.9816929067e+00 -2.0000000000e-01 2.5821621034e-06 3.0000000000e+02 -3.1893557927e-13 2.9526757261e-14 2.5821832507e-13 3.1873740972e-13 -1.3502310294e-19 -2.9506758262e-14 -2.5821620868e-13 -3.1017603219e-14
d  2.8352233990e-03 1.9846562801e+00 -2.0000000000e-01 2.6117930273e-06 3.0000000000e+02 -3.2184512318e-13 2.9472157428e-14 2.6117908493e-13 3.2164665758e-13 -2.2374161402e-19 -2.9452157342e-14 -2.6117930315e-13 -3.1015169182e-14
d  2.8403034681e-03 1.9882123282e+00 -2.0000000000e-01 2.6477785913e-06 3.0000000000e+02 -3.2538087820e-13 2.9411966961e-14 2.6477939393e-13 3.2518205683e-13 -2.2629389557e-19 -2.9391967468e-14 -2.6477785842e-13 -3.1012303073e-14
d  2.8463995509e-03 1.9924795860e+00 -2.0000000000e-01 2.6915089310e-06 3.0000000000e+02 -3.2968268465e-13 2.9343278038e-14 2.6915506018e-13 3.2948343637e-13 -2.2868483952e-19 -2.9323279188e-14 -2.6915089114e-13 -3.1009040261e-14
d  2.8537148503e-03 1.9976002953e+00 -2.0000000000e-01 2.7186421778e-06 3.0000000000e+02 -3.3103110579e-13 2.8042711731e-14 2.7182891522e-13 3.3083134815e-13 -1.0639588934e-19 -2.8022703578e-14 -2.7186423391e-13 -3.0944795857e-14
d  2.8571430000e-03 2.0000000000e+00 -2.0000000000e-01 2.7660914184e-06 3.0000000000e+02 -3.3715262292e-13 2.9346832128e-14 2.7662222232e-13 3.3695262147e-13 -4.4741234432e-19 -2.9326837580e-14 -2.7660913163e-13 -3.1009903793e-14
d  2.8612567797e-03 2.0028796456e+00 -2.0000000000e-01 2.7966894785e-06 3.0000000000e+02 -3.4016516875e-13 2.9311264632e-14 2.7966855286e-13 3.3996488083e-13 -1.5635794926e-19 -2.9291264471e-14 -2.7966894844e-13 -3.1007636273e-14
d  2.8661933153e-03 2.0063352204e+00 -2.0000000000e-01 2.8339423694e-06 3.0000000000e+02 -3.4383862589e-13 2.9258519386e-14 2.8339601795e-13 3.4363799220e-13 -2.3931750757e-19 -2.9238519991e-14 -2.8339423606e-13 -3.1005305929e-14
d  2.8721171581e-03 2.0104819101e+00 -2.0000000000e-01 2.8794180990e-06 3.0000000000e+02 -3.4833275713e-13 2.9206766700e-14 2.8794821231e-13 3.4813170842e-13 -2.4260660872e-19 -2.9186768520e-14 -2.8794180665e-13 -3.1002884745e-14
d  2.8792257694e-03 2.0154579378e+00 -2.0000000000e-01 2.9061321964e-06 3.0000000000e+02 -3.4954973572e-13 2.7823985074e-14 2.9057378534e-13 3.4934819272e-13 -1.0386423584e-19 -2.7803975696e-14 -2.9061323821e-13 -3.0934645987e-14
d  2.8877561030e-03 2.0214291710e+00 -2.0000000000e-01 2.9662364518e-06 3.0000000000e+02 -3.5563367796e-13 2.7884502052e-14 2.9658034226e-13 3.5543153773e-13 -2.6410833108e-19 -2.7864493434e-14 -2.9662366239e-13 -3.0938196108e-14
d  2.8979925033e-03 2.0285946509e+00 -2.0000000000e-01 3.0392631288e-06 3.0000000000e+02 -3.6300312695e-13 2.7947487209e-14 3.0386889367e-13 3.6280027064e-13 -2.2849532907e-19 -2.7927477639e-14 -3.0392633210e-13 -3.0941506635e-14
d  2.9041343435e-03 2.0328939388e+00 -2.0000000000e-01 3.0858068647e-06 3.0000000000e+02 -3.6778125663e-13 2.8062183091e-14 3.0853821789e-13 3.6757797037e-13 -2.4294818372e-19 -2.8042172687e-14 -3.0858070710e-13 -3.0947344862e-14
d  2.9115045517e-03 2.0380530843e+00 -2.0000000000e-01 3.1417385327e-06 3.0000000000e+02 -3.7343816253e-13 2.8127191191e-14 3.1412775181e-13 3.7323436049e-13 -2.3944047787e-19 -2.8107180596e-14 -3.1417387434e-13 -3.0950731074e-14
d  2.9203488015e-03 2.0442440589e+00 -2.0000000000e-01 3.2099298789e-06 3.0000000000e+02 -3.8028591245e-13 2.8151887026e-14 3.2093435195e-13 3.8008149171e-13 -2.4452648187e-19 -2.8131875744e-14 -3.2099301048e-13 -3.0952186282e-14
d  2.9256553514e-03 2.0479586436e+00 -2.0000000000e-01 3.2532480202e-06 3.0000000000e+02 -3.8470516060e-13 2.8230543059e-14 3.2528383453e-13 3.8450036819e-13 -2.5899287875e-19 -2.8210531466e-14 -3.2532482497e-13 -3.0956217094e-14
d  2.9320232113e-03 2.0524161453e+00 -2.0000000000e-01 3.3053773141e-06 3.0000000000e+02 -3.8995983182e-13 2.8275918315e-14 3.3049057092e-13 3.8975459401e-13 -2.5516783390e-19 -2.8255905796e-14 -3.3053775623e-13 -3.0958602497e-14
d  2.9396646432e-03 2.0577651474e+00 -2.0000000000e-01 3.3691617437e-06 3.0000000000e+02 -3.9636885142e-13 2.8303968101e-14 3.3686308115e-13 3.9616307867e-13 -2.6189293363e-19 -2.8283956308e-14 -3.3691619794e-13 -3.0960186648e-14
d  2.9488343615e-03 2.0641839498e+00 -2.0000000000e-01 3.4470333974e-06 3.0000000000e+02 -4.0415388530e-13 2.8297387617e-14 3.4463424517e-13 4.0394747126e-13 -2.6567170259e-19 -2.8277374766e-14 -3.4470336560e-13 -3.0960101389e-14
d  2.9543361924e-03 2.0680352313e+00 -2.0000000000e-01 3.4967528325e-06 3.0000000000e+02 -4.0921862937e-13 2.8381379503e-14 3.4962665692e-13 4.0901182995e-13 -2.8290881806e-19 -2.8361366207e-14 -3.4967530966e-13 -3.0964394450e-14
d  2.9609383895e-03 2.0726567690e+00 -2.0000000000e-01 3.5563017315e-06 3.0000000000e+02 -4.1519766736e-13 2.8411669082e-14 3.5557754640e-13 4.1499040593e-13 -2.7700015133e-19 -2.8391655583e-14 -3.5563020004e-13 -3.0966032677e-14
d  2.9688610261e-03 2.0782026144e+00 -2.0000000000e-01 3.6293278072e-06 3.0000000000e+02 -4.2251838516e-13 2.8425722896e-14 3.6287456323e-13 4.2231056907e-13 -2.8544879510e-19 -2.8405710397e-14 -3.6293280585e-13 -3.0966932318e-14
d  2.9736146081e-03 2.0815301216e+00 -2.0000000000e-01 3.7119228537e-06 3.0000000000e+02 -4.3261440808e-13 3.0170417580e-14 3.7119787113e-13 4.3240625453e-13 -5.3656742458e-19 -3.0150419344e-14 -3.7119228229e-13 -3.1053080342e-14
d  2.9793189064e-03 2.0855231302e+00 -2.0000000000e-01 3.7365802564e-06 3.0000000000e+02 -4.3307885020e-13 2.8277467101e-14 3.7360696927e-13 4.3287030258e-13 -1.9442540769e-20 -2.8257451975e-14 -3.7365805569e-13 -3.0959345378e-14
d  2.9861640644e-03 2.0903147405e+00 -2.0000000000e-01 3.8036050332e-06 3.0000000000e+02 -4.3979676185e-13 2.8280260025e-14 3.8029944078e-13 4.3958773533e-13 -3.6318988296e-19 -2.8260244889e-14 -3.8036053363e-13 -3.0960359960e-14
d  2.9943782540e-03 2.0960646730e+00 -2.0000000000e-01 3.8840052454e-06 3.0000000000e+02 -4.4782276783e-13 2.8266263134e-14 3.8832462101e-13 4.4761316685e-13 -2.9855421791e-19 -2.8246247383e-14 -3.8840055636e-13 -3.0959749676e-14
d  2.9993067677e-03 2.0995146324e+00 -2.0000000000e-01 3.9760981584e-06 3.0000000000e+02 -4.5905267863e-13 3.0184967558e-14 3.9760941425e-13 4.5884272721e-13 -5.7567089631e-19 -3.0164967436e-14 -3.9760981648e-13 -3.1054362870e-14
d  3.0052209842e-03 2.1036545838e+00 -2.0000000000e-01 4.0046131576e-06 3.0000000000e+02 -4.5975803921e-13 2.8157067659e-14 4.0040287480e-13 4.5954767913e-13 -2.4192360229e-20 -2.8137050931e-14 -4.0046134916e-13 -3.0954081992e-14
d  3.0123180440e-03 2.1086225254e+00 -2.0000000000e-01 4.0788295333e-06 3.0000000000e+02 -4.6719833577e-13 2.8161045235e-14 4.0781337931e-13 4.6698747920e-13 -3.8335399188e-19 -2.8141028569e-14 -4.0788298691e-13 -3.0955195342e-14
d  3.0165762799e-03 2.1116032904e+00 -2.0000000000e-01 4.1239550600e-06 3.0000000000e+02 -4.7175171921e-13 2.8194148214e-14 4.1234751528e-13 4.7154056411e-13 -3.2276298149e-19 -2.8174131297e-14 -4.1239553961e-13 -3.0956801515e-14
d  3.0216861630e-03 2.1151802083e+00 -2.0000000000e-01 4.2228046119e-06 3.0000000000e+02 -4.8374402449e-13 3.0210850705e-14 4.2229311465e-13 4.8353250514e-13 -6.2348458267e-19 -3.0190854887e-14 -4.2228045337e-13 -3.1056154127e-14
d  3.0278180227e-03 2.1194725099e+00 -2.0000000000e-01 4.2550706213e-06 3.0000000000e+02 -4.8470074726e-13 2.8055742014e-14 4.2544124789e-13 4.8448880608e-13 -3.4057554498e-20 -2.8035723814e-14 -4.2550709867e-13 -3.0949696578e-14
d  3.0314971385e-03 2.1220478908e+00 -2.0000000000e-01 4.3402396156e-06 3.0000000000e+02 -4.9542178769e-13 3.0137172516e-14 4.3402985821e-13 4.9520958217e-13 -7.5283949616e-19 -3.0117174916e-14 -4.3402395729e-13 -3.1052986136e-14
d  3.0359120774e-03 2.1251383479e+00 -2.0000000000e-01 4.3533681609e-06 3.0000000000e+02 -4.9439607743e-13 2.7929202009e-14 4.3528598574e-13 4.9418356960e-13 8.7235748088e-20 -2.7909182597e-14 -4.3533685463e-13 -3.0943457193e-14
d  3.0412100042e-03 2.1288468965e+00 -2.0000000000e-01 4.4613660264e-06 3.0000000000e+02 -5.0744389474e-13 3.0056136665e-14 4.4614311988e-13 5.0723100937e-13 -7.5325058990e-19 -3.0036138745e-14 -4.4613659896e-13 -3.1049206427e-14
d  3.0475675163e-03 2.1332971547e+00 -2.0000000000e-01 4.4973695838e-06 3.0000000000e+02 -5.0866530418e-13 2.7795710985e-14 4.4966212716e-13 5.0845198139e-13 -3.8240164910e-20 -2.7775690994e-14 -4.4973699873e-13 -3.0937470341e-14
d  3.0513820236e-03 2.1359673097e+00 -2.0000000000e-01 4.5410153561e-06 3.0000000000e+02 -5.1307973791e-13 2.7828239038e-14 4.5404853910e-13 5.1286614768e-13 -3.9319469252e-19 -2.7808218195e-14 -4.5410157703e-13 -3.0939896276e-14
d  3.0559594323e-03 2.1391714956e+00 -2.0000000000e-01 4.5940294630e-06 3.0000000000e+02 -5.1845975958e-13 2.7914191018e-14 4.5934593428e-13 5.1824584913e-13 -3.4826645609e-19 -2.7894169992e-14 -4.5940298822e-13 -3.0944127012e-14
d  3.0614523227e-03 2.1430165188e+00 -2.0000000000e-01 4.6583305886e-06 3.0000000000e+02 -5.2495861098e-13 2.7976436041e-14 4.6576374595e-13 5.2474431654e-13 -3.5227889146e-19 -2.7956414664e-14 -4.6583310183e-13 -3.0947316727e-14
d  3.0647480570e-03 2.1453235326e+00 -2.0000000000e-01 4.7473261510e-06 3.0000000000e+02 -5.3631328647e-13 3.0308213160e-14 4.7473595366e-13 5.3609875365e-13 -8.2186428485e-19 -3.0288214677e-14 -4.7473261260e-13 -3.1062118544e-14
d  3.0687029382e-03 2.1480919493e+00 -2.0000000000e-01 4.8067479065e-06 3.0000000000e+02 -5.4211802001e-13 3.0195856450e-14 4.8068137037e-13 5.4190320993e-13 -2.8838379691e-19 -3.0175859252e-14 -4.8067478562e-13 -3.1055597191e-14
d  3.0734487955e-03 2.1514140493e+00 -2.0000000000e-01 4.8258082712e-06 3.0000000000e+02 -5.4142824104e-13 2.7714692971e-14 4.8251625436e-13 5.4121310720e-13 -5.1626070343e-20 -2.7694669973e-14 -4.8258087317e-13 -3.0934193788e-14
d  3.0762963099e-03 2.1534073093e+00 -2.0000000000e-01 4.9119168598e-06 3.0000000000e+02 -5.5260530925e-13 3.0147261157e-14 4.9121334650e-13 5.5238996511e-13 -9.8615218352e-19 -3.0127272526e-14 -4.9119166424e-13 -3.1054793569e-14
d  3.0797133272e-03 2.1557992213e+00 -2.0000000000e-01 4.9648948602e-06 3.0000000000e+02 -5.5778303777e-13 3.0063228052e-14 4.9649102816e-13 5.5756745762e-13 -2.6496932068e-19 -3.0043228811e-14 -4.9648948502e-13 -3.1049269447e-14
d  3.0838137480e-03 2.1586695157e+00 -2.0000000000e-01 4.9750099643e-06 3.0000000000e+02 -5.5612785277e-13 2.7504809525e-14 4.9744199421e-13 5.5591199359e-13 3.3544342185e-21 -2.7484785253e-14 -4.9750104483e-13 -3.0924098725e-14
d  3.0887342529e-03 2.1621138689e+00 -2.0000000000e-01 5.0945609982e-06 3.0000000000e+02 -5.7071457159e-13 3.0002824956e-14 5.0946183819e-13 5.7049835953e-13 -9.0062440809e-19 -2.9982826929e-14 -5.0945609640e-13 -3.1047801183e-14
d  3.0916865558e-03 2.1641804809e+00 -2.0000000000e-01 5.1417804380e-06 3.0000000000e+02 -5.7534821985e-13 2.9933076196e-14 5.1417953012e-13 5.7513180157e-13 -3.8856256075e-19 -2.9913076949e-14 -5.1417804283e-13 -3.1043393662e-14
d  3.0952293194e-03 2.1666604152e+00 -2.0000000000e-01 5.1992088027e-06 3.0000000000e+02 -5.8098848124e-13 2.9831654144e-14 5.1992571694e-13 5.8077181447e-13 -4.6575280159e-19 -2.9811656441e-14 -5.1992087626e-13 -3.1038665904e-14
d  3.0994806356e-03 2.1696363365e+00 -2.0000000000e-01 5.2107162649e-06 3.0000000000e+02 -5.7937613973e-13 2.7198601762e-14 5.2100211815e-13 5.7915918521e-13 2.7022972797e-21 -2.7178574152e-14 -5.2107168176e-13 -3.0909565223e-14
d  3.1020314254e-03 2.1714218892e+00 -2.0000000000e-01 5.2982954959e-06 3.0000000000e+02 -5.9093969294e-13 2.9855759523e-14 5.2983495064e-13 5.9072254980e-13 -1.1236066032e-18 -2.9835762686e-14 -5.2982954393e-13 -3.1041325527e-14
d  3.1050923731e-03 2.1735645525e+00 -2.0000000000e-01 5.3491319116e-06 3.0000000000e+02 -5.9595001587e-13 2.9807958125e-14 5.3493362030e-13 5.9573265597e-13 -2.6240388224e-19 -2.9787969339e-14 -5.3491316968e-13 -3.1037284786e-14
d  3.1087655103e-03 2.1761357484e+00 -2.0000000000e-01 5.4105935169e-06 3.0000000000e+02 -6.0199354818e-13 2.9709679478e-14 5.4106778232e-13 6.0177593336e-13 -4.7668354248e-19 -2.9689683344e-14 -5.4105934459e-13 -3.1032998210e-14
d  3.1131732750e-03 2.1792211835e+00 -2.0000000000e-01 5.4233781386e-06 3.0000000000e+02 -6.0040477530e-13 2.6970096142e-14 5.4225575237e-13 6.0018686388e-13 3.7075930759e-22 -2.6950064669e-14 -5.4233787710e-13 -3.0898795007e-14
d  3.1158179338e-03 2.1810724446e+00 -2.0000000000e-01 5.5162586328e-06 3.0000000000e+02 -6.1263947280e-13 2.9763253979e-14 5.5164528607e-13 6.1242136218e-13 -1.1514114546e-18 -2.9743264957e-14 -5.5162584227e-13 -3.1037135773e-14
d  3.1189915244e-03 2.1832939579e+00 -2.0000000000e-01 5.5708086466e-06 3.0000000000e+02 -6.1801785872e-13 2.9714481429e-14 5.5708239335e-13 6.1779952907e-13 -2.7106134825e-19 -2.9694482239e-14 -5.5708086362e-13 -3.1033012570e-14
d  3.1227998330e-03 2.1859597738e+00 -2.0000000000e-01 5.5747342385e-06 3.0000000000e+02 -6.1545619104e-13 2.6888451849e-14 5.5740986738e-13 6.1523760434e-13 6.4817646303e-20 -2.6868423696e-14 -5.5747348024e-13 -3.0894948511e-14
d  3.1273698035e-03 2.1891587530e+00 -2.0000000000e-01 5.6366248035e-06 3.0000000000e+02 -6.2182214183e-13 2.7041672766e-14 5.6358741723e-13 6.2160323569e-13 -5.5225181030e-19 -2.7021644970e-14 -5.6366253655e-13 -3.0903806030e-14
d  3.1301117857e-03 2.1910781405e+00 -2.0000000000e-01 5.7352015223e-06 3.0000000000e+02 -6.3474069532e-13 2.9957558307e-14 5.7352101176e-13 6.3452158735e-13 -1.0890402921e-18 -2.9937558776e-14 -5.7352015188e-13 -3.1046751805e-14
d  3.1334021644e-03 2.1933814054e+00 -2.0000000000e-01 5.7950663763e-06 3.0000000000e+02 -6.4063972667e-13 2.9897665488e-14 5.7951213738e-13 6.4042038762e-13 -3.0248196125e-19 -2.9877668301e-14 -5.7950663265e-13 -3.1042277980e-14
d  3.1373506189e-03 2.1961453234e+00 -2.0000000000e-01 5.8019527999e-06 3.0000000000e+02 -6.3824495523e-13 2.6952450569e-14 5.8012271545e-13 6.3802535124e-13 5.0901521731e-20 -2.6932419536e-14 -5.8019534240e-13 -3.0898483569e-14
d  3.1397196915e-03 2.1978036742e+00 -2.0000000000e-01 5.8978088577e-06 3.0000000000e+02 -6.5099377982e-13 2.9943091750e-14 5.8978931067e-13 6.5077399782e-13 -1.3248953631e-18 -2.9923097061e-14 -5.8978087593e-13 -3.1046703940e-14
d  3.1425625787e-03 2.1997936951e+00 -2.0000000000e-01 5.9515058509e-06 3.0000000000e+02 -6.5627937237e-13 2.9895582273e-14 5.9517111223e-13 6.5605938920e-13 -2.7501131420e-19 -2.9875594405e-14 -5.9515056179e-13 -3.1042290228e-14
d  3.1459740434e-03 2.2021817203e+00 -2.0000000000e-01 6.0169673808e-06 3.0000000000e+02 -6.6273541184e-13 2.9803410630e-14 6.0170210065e-13 6.6251519280e-13 -5.4116639823e-19 -2.9783413278e-14 -6.0169673342e-13 -3.1038408815e-14
d  3.1500678009e-03 2.2050473504e+00 -2.0000000000e-01 6.0258274153e-06 3.0000000000e+02 -6.6042417618e-13 2.6751675728e-14 6.0248497338e-13 6.6020368556e-13 4.6906054078e-20 -2.6731635361e-14 -6.0258282294e-13 -3.0889063245e-14
d  3.1549803100e-03 2.2084861066e+00 -2.0000000000e-01 6.0974743574e-06 3.0000000000e+02 -6.6778818786e-13 2.6932295681e-14 6.0963005874e-13 6.6756735441e-13 -5.8085556538e-19 -2.6912255156e-14 -6.0974751838e-13 -3.0899276286e-14
d  3.1579278155e-03 2.2105493603e+00 -2.0000000000e-01 6.2098809904e-06 3.0000000000e+02 -6.8236495695e-13 3.0107471258e-14 6.2099436167e-13 6.8214390095e-13 -1.1577000792e-18 -3.0087474442e-14 -6.2098809333e-13 -3.1054697515e-14
d  3.1614648220e-03 2.2130252648e+00 -2.0000000000e-01 6.2098480726e-06 3.0000000000e+02 -6.7903096008e-13 2.6952510655e-14 6.2091250845e-13 6.7880966923e-13 3.4444741312e-19 -2.6932476177e-14 -6.2098487658e-13 -3.0898533665e-14
d  3.1635870259e-03 2.2145108074e+00 -2.0000000000e-01 6.3093170279e-06 3.0000000000e+02 -6.9239455709e-13 3.0176569725e-14 6.3093644613e-13 6.9217310499e-13 -1.5377454560e-18 -3.0156573061e-14 -6.3093169687e-13 -3.1058932197e-14
d  3.1661336706e-03 2.2162934586e+00 -2.0000000000e-01 6.3624898931e-06 3.0000000000e+02 -6.9762419949e-13 3.0128346522e-14 6.3625438802e-13 6.9740256903e-13 -2.7137064839e-19 -3.0108350081e-14 -6.3624898294e-13 -3.1054034327e-14
d  3.1691896443e-03 2.2184326401e+00 -2.0000000000e-01 6.4272873822e-06 3.0000000000e+02 -7.0400814858e-13 3.0027748925e-14 6.4273145073e-13 7.0378630482e-13 -5.9369255498e-19 -3.0007750419e-14 -6.4272873590e-13 -3.1049854955e-14
d  3.1710232285e-03 2.2197161489e+00 -2.0000000000e-01 6.4665217648e-06 3.0000000000e+02 -7.0787319940e-13 2.9971952778e-14 6.4665176746e-13 7.0765122789e-13 -5.9598106981e-19 -2.9951952445e-14 -6.4665217778e-13 -3.1047179380e-14
d  3.1732235295e-03 2.2212563596e+00 -2.0000000000e-01 6.5137797057e-06 3.0000000000e+02 -7.1253208062e-13 2.9906936688e-14 6.5138251193e-13 7.1230995393e-13 -5.9900548902e-19 -2.9886940148e-14 -6.5137796443e-13 -3.1044065252e-14
d  3.1758638907e-03 2.2231046124e+00 -2.0000000000e-01 6.5706884237e-06 3.0000000000e+02 -7.1814780665e-13 2.9836136670e-14 6.5707775988e-13 7.1792549437e-13 -6.0056285717e-19 -2.9816142344e-14 -6.5706883182e-13 -3.1040675639e-14
d  3.1790323242e-03 2.2253225157e+00 -2.0000000000e-01 6.6392640470e-06 3.0000000000e+02 -7.2492259503e-13 2.9757832362e-14 6.6393284259e-13 7.2470006162e-13 -6.0275035950e-19 -2.9737835783e-14 -6.6392639855e-13 -3.1036933194e-14
d  3.1828344444e-03 2.2279839997e+00 -2.0000000000e-01 6.6425352624e-06 3.0000000000e+02 -7.2172410664e-13 2.6396037998e-14 6.6415863426e-13 7.2150132337e-13 1.1209184667e-19 -2.6375995826e-14 -6.6425361172e-13 -3.0872545012e-14
d  3.1851157165e-03 2.2295808901e+00 -2.0000000000e-01 6.7518470231e-06 3.0000000000e+02 -7.3633247994e-13 2.9875568248e-14 6.7519487067e-13 7.3610951972e-13 -1.5709462351e-18 -2.9855574910e-14 -6.7518468981e-13 -3.1044753905e-14
d  3.1878532430e-03 2.2314971585e+00 -2.0000000000e-01 6.8122021733e-06 3.0000000000e+02 -7.4230462868e-13 2.9850237239e-14 6.8124660673e-13 7.4208147364e-13 -3.0487593166e-19 -2.9830253446e-14 -6.8122018586e-13 -3.1040977005e-14
d  3.1911382749e-03 2.2337966807e+00 -2.0000000000e-01 6.8858293349e-06 3.0000000000e+02 -7.4959340949e-13 2.9775390528e-14 6.8858229929e-13 7.4937002993e-13 -6.2348276987e-19 -2.9755390203e-14 -6.8858293483e-13 -3.1038050526e-14
d  3.1950803131e-03 2.2365561073e+00 -2.0000000000e-01 6.8906544933e-06 3.0000000000e+02 -7.4641614435e-13 2.6277914534e-14 6.8895777030e-13 7.4619250585e-13 1.0487031007e-19 -2.6257868335e-14 -6.8906554344e-13 -3.0867166266e-14
d  3.1974455360e-03 2.2382117633e+00 -2.0000000000e-01 7.0067355395e-06 3.0000000000e+02 -7.6186504394e-13 2.9915866321e-14 7.0069967042e-13 7.6164121732e-13 -1.6097634572e-18 -2.9895882835e-14 -7.0067352187e-13 -3.1047011182e-14
d  3.2002838035e-03 2.2401985504e+00 -2.0000000000e-01 7.0722277038e-06 3.0000000000e+02 -7.6834668206e-13 2.9891635465e-14 7.0722509710e-13 7.6812266174e-13 -3.2360013377e-19 -2.9871636844e-14 -7.0722276834e-13 -3.1043246664e-14
d  3.2019867640e-03 2.2413906227e+00 -2.0000000000e-01 7.1122950449e-06 3.0000000000e+02 -7.7231621127e-13 2.9839983661e-14 7.1122916471e-13 7.7209207230e-13 -6.5435209206e-19 -2.9819983363e-14 -7.1122950579e-13 -3.1041445113e-14
d  3.2040303166e-03 2.2428211095e+00 -2.0000000000e-01 7.1607816890e-06 3.0000000000e+02 -7.7711688916e-13 2.9794023150e-14 7.1608066229e-13 7.7689260642e-13 -6.5834179213e-19 -2.9774025195e-14 -7.1607816560e-13 -3.1039259228e-14
d  3.2064825797e-03 2.2445376936e+00 -2.0000000000e-01 7.2192923580e-06 3.0000000000e+02 -7.8291345763e-13 2.9742899953e-14 7.2193627089e-13 7.8268900229e-13 -6.6100058090e-19 -2.9722904772e-14 -7.2192922697e-13 -3.1036828313e-14
d  3.2094252954e-03 2.2465975945e+00 -2.0000000000e-01 7.2899067195e-06 3.0000000000e+02 -7.8991485366e-13 2.9685846033e-14 7.2899787331e-13 7.8969019248e-13 -6.6425853502e-19 -2.9665850153e-14 -7.2899066444e-13 -3.1034120310e-14
d  3.2111909249e-03 2.2478335350e+00 -2.0000000000e-01 7.3324728945e-06 3.0000000000e+02 -7.9413762294e-13 2.9654155273e-14 7.3326729164e-13 7.9391283435e-13 -6.6885691414e-19 -2.9634172170e-14 -7.3324725695e-13 -3.1032625595e-14
d  3.2133096802e-03 2.2493166637e+00 -2.0000000000e-01 7.3837911967e-06 3.0000000000e+02 -7.9923280733e-13 2.9628818079e-14 7.3838463510e-13 7.9900787429e-13 -6.6713452740e-19 -2.9608822445e-14 -7.3837911179e-13 -3.1031430032e-14
d  3.2158521866e-03 2.2510964181e+00 -2.0000000000e-01 7.4456901018e-06 3.0000000000e+02 -8.0538231957e-13 2.9576387694e-14 7.4457997412e-13 8.0515720751e-13 -6.7546173034e-19 -2.9556394942e-14 -7.4456899651e-13 -3.1028952691e-14
d  3.2189031943e-03 2.2532321234e+00 -2.0000000000e-01 7.5204628901e-06 3.0000000000e+02 -8.1281530782e-13 2.9538147389e-14 7.5205185001e-13 8.1258998352e-13 -6.7807422479e-19 -2.9518150460e-14 -7.5204628359e-13 -3.1027159283e-14
d  3.2225644035e-03 2.2557949697e+00 -2.0000000000e-01 7.5169912694e-06 3.0000000000e+02 -8.0849708364e-13 2.5750814621e-14 7.5158412751e-13 8.0827152423e-13 1.9702013143e-19 -2.5730761522e-14 -7.5169923551e-13 -3.0842199899e-14
d  3.2269578546e-03 2.2588703853e+00 -2.0000000000e-01 7.5899843845e-06 3.0000000000e+02 -8.1614509270e-13 2.6061842895e-14 7.5885380658e-13 8.1591922844e-13 -7.0569624334e-19 -2.6041787062e-14 -7.5899855412e-13 -3.0859250260e-14
d  3.2295939253e-03 2.2607156346e+00 -2.0000000000e-01 7.7252489165e-06 3.0000000000e+02 -8.3393552674e-13 3.0121187099e-14 7.7253115239e-13 8.3370945390e-13 -1.5615739733e-18 -3.0101190658e-14 -7.7252488526e-13 -3.1057426368e-14
d  3.2311755676e-03 2.2618227843e+00 -2.0000000000e-01 7.7668936291e-06 3.0000000000e+02 -8.3805665617e-13 3.0114255993e-14 7.7668896640e-13 8.3783047401e-13 -5.1329755809e-19 -3.0094255620e-14 -7.7668936442e-13 -3.1054960586e-14
d  3.2330735385e-03 2.2631513638e+00 -2.0000000000e-01 7.8177760542e-06 3.0000000000e+02 -8.4309646210e-13 3.0058190497e-14 7.8180046756e-13 8.4287014062e-13 -7.4325469815e-19 -3.0038210689e-14 -7.8177756641e-13 -3.1052744851e-14
d  3.2353511035e-03 2.2647456592e+00 -2.0000000000e-01 7.8795419326e-06 3.0000000000e+02 -8.4921557804e-13 3.0014455152e-14 7.8796050132e-13 8.4898910194e-13 -7.4027830560e-19 -2.9994459803e-14 -7.8795418481e-13 -3.1050655472e-14
d  3.2380841816e-03 2.2666588138e+00 -2.0000000000e-01 7.9541279255e-06 3.0000000000e+02 -8.5660793833e-13 2.9939171353e-14 7.9541610728e-13 8.5638127173e-13 -7.4767143514e-19 -2.9919173394e-14 -7.9541278924e-13 -3.1047070931e-14
d  3.2397240284e-03 2.2678067065e+00 -2.0000000000e-01 7.9991013385e-06 3.0000000000e+02 -8.6106796779e-13 2.9905824607e-14 7.9991068307e-13 8.6084118696e-13 -7.4933091198e-19 -2.9885825106e-14 -7.9991013366e-13 -3.1045486946e-14
d  3.2416918446e-03 2.2691841777e+00 -2.0000000000e-01 8.0532738442e-06 3.0000000000e+02 -8.6644338090e-13 2.9864525277e-14 8.0532685550e-13 8.6621646262e-13 -7.5285605586e-19 -2.9844524826e-14 -8.0532738612e-13 -3.1043527669e-14
d  3.2440532240e-03 2.2708371433e+00 -2.0000000000e-01 8.1185880622e-06 3.0000000000e+02 -8.7292873788e-13 2.9820465148e-14 8.1187230676e-13 8.7270165091e-13 -7.5889509194e-19 -2.9800474754e-14 -8.1185878786e-13 -3.1041447364e-14
d  3.2468868793e-03 2.2728207019e+00 -2.0000000000e-01 8.1974214076e-06 3.0000000000e+02 -8.8076180919e-13 2.9775731687e-14 8.1974787209e-13 8.8053452589e-13 -7.6013936683e-19 -2.9755735093e-14 -8.1974213471e-13 -3.1039332164e-14
d  3.2485870725e-03 2.2740108371e+00 -2.0000000000e-01 8.2449773396e-06 3.0000000000e+02 -8.8549022774e-13 2.9747519539e-14 8.2449754042e-13 8.8526282671e-13 -7.6415711352e-19 -2.9727519369e-14 -8.2449773512e-13 -3.1038004185e-14
d  3.2506273043e-03 2.2754389993e+00 -2.0000000000e-01 8.3023137342e-06 3.0000000000e+02 -8.9119379634e-13 2.9716602997e-14 8.3023353379e-13 8.9096625185e-13 -7.6976045380e-19 -2.9696604774e-14 -8.3023137073e-13 -3.1036554595e-14
d  3.2530755825e-03 2.2771527939e+00 -2.0000000000e-01 8.3715303411e-06 3.0000000000e+02 -8.9808288106e-13 2.9686834096e-14 8.3716609205e-13 8.9785516266e-13 -7.7535874996e-19 -2.9666843063e-14 -8.3715301698e-13 -3.1035167811e-14
d  3.2560135164e-03 2.2792093475e+00 -2.0000000000e-01 8.4552015710e-06 3.0000000000e+02 -9.0641503258e-13 2.9655538996e-14 8.4551925746e-13 9.0618711184e-13 -7.7805682085e-19 -2.9635538480e-14 -8.4552015899e-13 -3.1033709000e-14
d  3.2577762766e-03 2.2804432796e+00 -2.0000000000e-01 8.5057299612e-06 3.0000000000e+02 -9.1144868760e-13 2.9633259315e-14 8.5060490034e-13 9.1122063439e-13 -7.8986083217e-19 -2.9613286331e-14 -8.5057294333e-13 -3.1032687492e-14
d  3.2598915890e-03 2.2819239982e+00 -2.0000000000e-01 8.5667434442e-06 3.0000000000e+02 -9.1753034945e-13 2.9625757859e-14 8.5668174036e-13 9.1730215507e-13 -7.8324238251e-19 -2.9605763729e-14 -8.5667433358e-13 -3.1032345096e-14
d  3.2624299638e-03 2.2837008605e+00 -2.0000000000e-01 8.6404680590e-06 3.0000000000e+02 -9.2488162005e-13 2.9593614517e-14 8.6404944886e-13 9.2465324933e-13 -7.9571096909e-19 -2.9573616268e-14 -8.6404680324e-13 -3.1030860987e-14
d  3.2639529887e-03 2.2847669779e+00 -2.0000000000e-01 8.6849872081e-06 3.0000000000e+02 -9.2932201289e-13 2.9584346376e-14 8.6849836865e-13 9.2909353630e-13 -7.9835583832e-19 -2.9564346031e-14 -8.6849872236e-13 -3.1030444210e-14
d  3.2657806186e-03 2.2860463187e+00 -2.0000000000e-01 8.7387027831e-06 3.0000000000e+02 -9.3468124131e-13 2.9571214636e-14 8.7387082414e-13 9.3445263652e-13 -8.0383143847e-19 -2.9551215137e-14 -8.7387027819e-13 -3.1029851974e-14
d  3.2679737745e-03 2.2875815277e+00 -2.0000000000e-01 8.8035972012e-06 3.0000000000e+02 -9.4115776262e-13 2.9559305420e-14 8.8036720883e-13 9.4092900249e-13 -8.1014618081e-19 -2.9539311155e-14 -8.8035970953e-13 -3.1029327027e-14
d  3.2706055615e-03 2.2894237786e+00 -2.0000000000e-01 8.8821070102e-06 3.0000000000e+02 -9.4899528571e-13 2.9547572967e-14 8.8821794335e-13 9.4876634163e-13 -8.1565560897e-19 -2.9527577599e-14 -8.8821069254e-13 -3.1028816174e-14
d  3.2721846337e-03 2.2905291291e+00 -2.0000000000e-01 8.9295615187e-06 3.0000000000e+02 -9.5373395995e-13 2.9541724980e-14 8.9293538745e-13 9.5350491342e-13 -8.1519537509e-19 -2.9521705367e-14 -8.9295619164e-13 -3.1028558495e-14
d  3.2740795203e-03 2.2918555496e+00 -2.0000000000e-01 8.9868396383e-06 3.0000000000e+02 -9.5945379770e-13 2.9549301792e-14 8.9871506639e-13 9.5922460300e-13 -8.3667114963e-19 -2.9529329326e-14 -8.9868390996e-13 -3.1029002768e-14
d  3.2763533843e-03 2.2934472544e+00 -2.0000000000e-01 9.0561403482e-06 3.0000000000e+02 -9.6637862482e-13 2.9533668294e-14 9.0562648797e-13 9.6614927684e-13 -8.2675525536e-19 -2.9513677497e-14 -9.0561401724e-13 -3.1028264382e-14
d  3.2790820211e-03 2.2953573000e+00 -2.0000000000e-01 9.1400612218e-06 3.0000000000e+02 -9.7476547349e-13 2.9521090607e-14 9.1401151737e-13 9.7453593650e-13 -8.4048530337e-19 -2.9501093937e-14 -9.1400611632e-13 -3.1027732133e-14
d  3.2807192032e-03 2.2965033274e+00 -2.0000000000e-01 9.1908352590e-06 3.0000000000e+02 -9.7984080979e-13 2.9520276503e-14 9.1908624016e-13 9.7961115863e-13 -8.4522930132e-19 -2.9500278977e-14 -9.1908352190e-13 -3.1027730158e-14
d  3.2826838217e-03 2.2978785603e+00 -2.0000000000e-01 9.2521919893e-06 3.0000000000e+02 -9.8597517692e-13 2.9517943660e-14 9.2521863475e-13 9.8574538923e-13 -8.5130223261e-19 -2.9497943178e-14 -9.2521920082e-13 -3.1027662991e-14
d  3.2850413638e-03 2.2995288397e+00 -2.0000000000e-01 9.3264307946e-06 3.0000000000e+02 -9.9339797968e-13 2.9516066979e-14 9.3266297000e-13 9.9316802164e-13 -8.6199027253e-19 -2.9496081165e-14 -9.3264305175e-13 -3.1027634835e-14
d  3.2864558892e-03 2.3005190074e+00 -2.0000000000e-01 9.3713300859e-06 3.0000000000e+02 -9.9788893373e-13 2.9524616540e-14 9.3713255160e-13 9.9765888198e-13 -8.5901338145e-19 -2.9504616059e-14 -9.3713301048e-13 -3.1028064089e-14
d  3.2881533195e-03 2.3017072086e+00 -2.0000000000e-01 9.4255325561e-06 3.0000000000e+02 -1.0033106435e-12 2.9515875376e-14 9.4255287699e-13 1.0030804729e-12 -8.7088544061e-19 -2.9495875002e-14 -9.4255325730e-13 -3.1027695530e-14
d  3.2901902360e-03 2.3031330500e+00 -2.0000000000e-01 9.4910797269e-06 3.0000000000e+02 -1.0098678569e-12 2.9520616437e-14 9.4911231712e-13 1.0096375424e-12 -8.7700474009e-19 -2.9500620018e-14 -9.4910796646e-13 -3.1027971008e-14
d  3.2926345357e-03 2.3048440597e+00 -2.0000000000e-01 9.5705292925e-06 3.0000000000e+02 -1.0178196311e-12 2.9528193631e-14 9.5705677278e-13 1.0175891457e-12 -8.8503779652e-19 -2.9508196276e-14 -9.5705292484e-13 -3.1028393721e-14
d  3.2941011155e-03 2.3058706656e+00 -2.0000000000e-01 9.6186133964e-06 3.0000000000e+02 -1.0226333940e-12 2.9533350186e-14 9.6187299299e-13 1.0224028030e-12 -8.9234798973e-19 -2.9513362034e-14 -9.6186131708e-13 -3.1028682091e-14
d  3.2958610113e-03 2.3071025926e+00 -2.0000000000e-01 9.6767556367e-06 3.0000000000e+02 -1.0284560539e-12 2.9536341591e-14 9.6767672247e-13 1.0282253433e-12 -8.9510804159e-19 -2.9516342695e-14 -9.6767556244e-13 -3.1028860617e-14
d  3.2979728863e-03 2.3085809050e+00 -2.0000000000e-01 9.7471431901e-06 3.0000000000e+02 -1.0355056197e-12 2.9551002922e-14 9.7472309651e-13 1.0352747591e-12 -9.0755546299e-19 -2.9531009903e-14 -9.7471430593e-13 -3.1029628198e-14
d  3.3005071363e-03 2.3103548799e+00 -2.0000000000e-01 9.8325148253e-06 3.0000000000e+02 -1.0440568382e-12 2.9564994612e-14 9.8326194525e-13 1.0438258001e-12 -9.1532726573e-19 -2.9545001560e-14 -9.8325146935e-13 -3.1030360102e-14
d  3.3020276863e-03 2.3114192648e+00 -2.0000000000e-01 9.8842177436e-06 3.0000000000e+02 -1.0492359585e-12 2.9574843583e-14 9.8842262564e-13 1.0490048163e-12 -9.1959679649e-19 -2.9554844419e-14 -9.8842177368e-13 -3.1030868000e-14
d  3.3038523462e-03 2.3126965267e+00 -2.0000000000e-01 9.9467472220e-06 3.0000000000e+02 -1.0555001103e-12 2.9580909128e-14 9.9467849131e-13 1.0552688395e-12 -9.3015624442e-19 -2.9560912593e-14 -9.9467471626e-13 -3.1031211779e-14
d  3.3060419382e-03 2.3142292410e+00 -2.0000000000e-01 1.0022496646e-05 3.0000000000e+02 -1.0630890204e-12 2.9596043841e-14 1.0022577250e-12 1.0628575952e-12 -9.3830955618e-19 -2.9576050027e-14 -1.0022496531e-12 -3.1031993388e-14
d  3.3086694486e-03 2.3160684982e+00 -2.0000000000e-01 1.0114278155e-05 3.0000000000e+02 -1.0722780247e-12 2.9606756822e-14 1.0114529521e-12 1.0720464115e-12 -9.4859962483e-19 -2.9586772932e-14 -1.0114277834e-12 -3.1032573569e-14
d  3.3102459548e-03 2.3171720525e+00 -2.0000000000e-01 1.0170112285e-05 3.0000000000e+02 -1.0778793368e-12 2.9632340618e-14 1.0170139853e-12 1.0776476187e-12 -9.5328001707e-19 -2.9612343228e-14 -1.0170112243e-12 -3.1033839849e-14
d  3.3121377622e-03 2.3184963176e+00 -2.0000000000e-01 1.0237540945e-05 3.0000000000e+02 -1.0846362619e-12 2.9632595245e-14 1.0237447353e-12 1.0844044152e-12 -9.6228381972e-19 -2.9612586942e-14 -1.0237541122e-12 -3.1033900378e-14
d  3.3144079312e-03 2.3200854358e+00 -2.0000000000e-01 1.0319124884e-05 3.0000000000e+02 -1.0928048858e-12 2.9648941761e-14 1.0319401318e-12 1.0925728695e-12 -9.7742566535e-19 -2.9628962233e-14 -1.0319124478e-12 -3.1034756236e-14
d  3.3157700326e-03 2.3210389067e+00 -2.0000000000e-01 1.0368723066e-05 3.0000000000e+02 -1.0977823034e-12 2.9672166837e-14 1.0368718962e-12 1.0975501996e-12 -9.7527000447e-19 -2.9652166388e-14 -1.0368723086e-12 -3.1035890065e-14
d  3.3174045542e-03 2.3221830718e+00 -2.0000000000e-01 1.0428543343e-05 3.0000000000e+02 -1.1037778905e-12 2.9670273222e-14 1.0428776603e-12 1.1035456641e-12 -9.9327977751e-19 -2.9650297145e-14 -1.0428542876e-12 -3.1035863031e-14
d  3.3193659802e-03 2.3235560699e+00 -2.0000000000e-01 1.0500977970e-05 3.0000000000e+02 -1.1110375558e-12 2.9682618386e-14 1.0501014815e-12 1.1108051990e-12 -9.9099600797e-19 -2.9662621540e-14 -1.0500977916e-12 -3.1036482061e-14
d  3.3217196913e-03 2.3252036677e+00 -2.0000000000e-01 1.0588838305e-05 3.0000000000e+02 -1.1198433361e-12 2.9711035223e-14 1.0588891814e-12 1.1196108143e-12 -1.0083136162e-18 -2.9691039047e-14 -1.0588838237e-12 -3.1037922333e-14
d  3.3231319181e-03 2.3261922263e+00 -2.0000000000e-01 1.0642058087e-05 3.0000000000e+02 -1.1251776834e-12 2.9722020334e-14 1.0642060914e-12 1.1249450641e-12 -1.0125170952e-18 -2.9702020632e-14 -1.0642058092e-12 -3.1038481178e-14
d  3.3248265901e-03 2.3273784967e+00 -2.0000000000e-01 1.0706423380e-05 3.0000000000e+02 -1.1316292846e-12 2.9733367970e-14 1.0706433164e-12 1.1313965464e-12 -1.0222620271e-18 -2.9713368938e-14 -1.0706423371e-12 -3.1039073195e-14
d  3.3268601965e-03 2.3288020211e+00 -2.0000000000e-01 1.0784400149e-05 3.0000000000e+02 -1.1394454193e-12 2.9751748581e-14 1.0784479370e-12 1.1392125366e-12 -1.0326944324e-18 -2.9731755124e-14 -1.0784400027e-12 -3.1040010391e-14
d  3.3293005243e-03 2.3305102505e+00 -2.0000000000e-01 1.0879058972e-05 3.0000000000e+02 -1.1489343280e-12 2.9775278760e-14 1.0879179080e-12 1.1487012737e-12 -1.0438940098e-18 -2.9755287043e-14 -1.0879058812e-12 -3.1041202495e-14
d  3.3307647209e-03 2.3315351881e+00 -2.0000000000e-01 1.0936427349e-05 3.0000000000e+02 -1.1546851902e-12 2.9790852081e-14 1.0936444945e-12 1.1544520360e-12 -1.0488199780e-18 -2.9770853873e-14 -1.0936427324e-12 -3.1041983418e-14
d  3.3325217569e-03 2.3327651132e+00 -2.0000000000e-01 1.1005850117e-05 3.0000000000e+02 -1.1616448841e-12 2.9801900979e-14 1.1005887281e-12 1.1614116063e-12 -1.0612305591e-18 -2.9781904527e-14 -1.1005850057e-12 -3.1042566608e-14
d  3.3346302001e-03 2.3342410233e+00 -2.0000000000e-01 1.1090010739e-05 3.0000000000e+02 -1.1700822858e-12 2.9824073314e-14 1.1090108415e-12 1.1698488587e-12 -1.0718568208e-18 -2.9804081098e-14 -1.1090010591e-12 -3.1043686312e-14
d  3.3358952660e-03 2.3351265694e+00 -2.0000000000e-01 1.1140959095e-05 3.0000000000e+02 -1.1751902106e-12 2.9838984621e-14 1.1140953648e-12 1.1749566982e-12 -1.0750362470e-18 -2.9818983980e-14 -1.1140959119e-12 -3.1044428137e-14
d  3.3374133451e-03 2.3361892247e+00 -2.0000000000e-01 1.1202553428e-05 3.0000000000e+02 -1.1813659380e-12 2.9849355316e-14 1.1202549861e-12 1.1811323192e-12 -1.0868553895e-18 -2.9829354922e-14 -1.1202553447e-12 -3.1044973206e-14
d  3.3392350399e-03 2.3374644111e+00 -2.0000000000e-01 1.1277133972e-05 3.0000000000e+02 -1.1888438118e-12 2.9869501874e-14 1.1277186316e-12 1.1886100636e-12 -1.0967953714e-18 -2.9849506696e-14 -1.1277133886e-12 -3.1045989014e-14
d  3.3414210738e-03 2.3389946347e+00 -2.0000000000e-01 1.1367455783e-05 3.0000000000e+02 -1.1978939935e-12 2.9888181254e-14 1.1367815158e-12 1.1976600832e-12 -1.1098521569e-18 -2.9868208889e-14 -1.1367455228e-12 -3.1046946568e-14
d  3.3427326942e-03 2.3399127689e+00 -2.0000000000e-01 1.1422355452e-05 3.0000000000e+02 -1.2034050539e-12 2.9923173872e-14 1.1422691977e-12 1.2031710495e-12 -1.1163525945e-18 -2.9903212118e-14 -1.1422354699e-12 -3.1048660777e-14
d  3.3443066385e-03 2.3410145299e+00 -2.0000000000e-01 1.1488637070e-05 3.0000000000e+02 -1.2100523483e-12 2.9900416485e-14 1.1488641679e-12 1.2098182467e-12 -1.1163932828e-18 -2.9880416976e-14 -1.1488637072e-12 -3.1047587394e-14
d  3.3461953718e-03 2.3423366432e+00 -2.0000000000e-01 1.1568938262e-05 3.0000000000e+02 -1.2181042582e-12 2.9949972628e-14 1.1568759490e-12 1.2178700305e-12 -1.1342854051e-18 -2.9929956738e-14 -1.1568938597e-12 -3.1050032483e-14
d  3.3484618517e-03 2.3439231790e+00 -2.0000000000e-01 1.1666420612e-05 3.0000000000e+02 -1.2278801142e-12 2.9979728851e-14 1.1666496959e-12 1.2276457196e-12 -1.1533043551e-18 -2.9959734516e-14 -1.1666420507e-12 -3.1051534212e-14
d  3.3498217397e-03 2.3448751005e+00 -2.0000000000e-01 1.1725507916e-05 3.0000000000e+02 -1.2338059455e-12 2.9989665913e-14 1.1725510748e-12 1.2335714578e-12 -1.1540916653e-18 -2.9969666224e-14 -1.1725507921e-12 -3.1052031416e-14
d  3.3514536052e-03 2.3460174064e+00 -2.0000000000e-01 1.1797014265e-05 3.0000000000e+02 -1.2409774972e-12 3.0006266346e-14 1.1797032533e-12 1.2407428948e-12 -1.1674634986e-18 -2.9986268223e-14 -1.1797014239e-12 -3.1052878894e-14
d  3.3534118439e-03 2.3473881734e+00 -2.0000000000e-01 1.1883704077e-05 3.0000000000e+02 -1.2496720060e-12 3.0032091489e-14 1.1883779314e-12 1.2494372647e-12 -1.1795100190e-18 -3.0012097941e-14 -1.1883703957e-12 -3.1054171120e-14
d  3.3557617303e-03 2.3490330937e+00 -2.0000000000e-01 1.1989027857e-05 3.0000000000e+02 -1.2602359270e-12 3.0063558515e-14 1.1989157581e-12 1.2600010198e-12 -1.1939219860e-18 -3.0043567802e-14 -1.1989027677e-12 -3.1055743929e-14
d  3.3571716621e-03 2.3500200460e+00 -2.0000000000e-01 1.2052908465e-05 3.0000000000e+02 -1.2666431778e-12 3.0084794765e-14 1.2052930314e-12 1.2664081749e-12 -1.2000182200e-18 -3.0064797076e-14 -1.2052908430e-12 -3.1056794751e-14
d  3.3588635803e-03 2.3512043887e+00 -2.0000000000e-01 1.2130261725e-05 3.0000000000e+02 -1.2744022729e-12 3.0100974893e-14 1.2130302158e-12 1.2741671510e-12 -1.2148590269e-18 -3.0080978902e-14 -1.2130261656e-12 -3.1057624385e-14
d  3.3608938821e-03 2.3526255999e+00 -2.0000000000e-01 1.2224107742e-05 3.0000000000e+02 -1.2838158459e-12 3.0130667253e-14 1.2224244261e-12 1.2835805788e-12 -1.2285448729e-18 -3.0110678549e-14 -1.2224107522e-12 -3.1059105108e-14
d  3.3621120632e-03 2.3534783266e+00 -2.0000000000e-01 1.2280955206e-05 3.0000000000e+02 -1.2895181646e-12 3.0151631238e-14 1.2280949456e-12 1.2892828170e-12 -1.2313749449e-18 -3.0131630535e-14 -1.2280955232e-12 -3.1060132623e-14
d  3.3635738806e-03 2.3545015987e+00 -2.0000000000e-01 1.2349718991e-05 3.0000000000e+02 -1.2964163823e-12 3.0164692180e-14 1.2349715924e-12 1.2961809323e-12 -1.2467375571e-18 -3.0144691829e-14 -1.2349719011e-12 -3.1060809649e-14
d  3.3653280613e-03 2.3557295252e+00 -2.0000000000e-01 1.2433034441e-05 3.0000000000e+02 -1.3047742864e-12 3.0191788713e-14 1.2433090210e-12 1.3045387115e-12 -1.2585720862e-18 -3.0171794047e-14 -1.2433034345e-12 -3.1062157218e-14
d  3.3674330783e-03 2.3572030369e+00 -2.0000000000e-01 1.2534184351e-05 3.0000000000e+02 -1.3149216646e-12 3.0224428632e-14 1.2534088882e-12 1.3146859474e-12 -1.2695513421e-18 -3.0204421010e-14 -1.2534184521e-12 -3.1063772177e-14
d  3.3686960885e-03 2.3580871440e+00 -2.0000000000e-01 1.2595495582e-05 3.0000000000e+02 -1.3210726570e-12 3.0247836887e-14 1.2595707159e-12 1.3208368395e-12 -1.2892695333e-18 -3.0227861857e-14 -1.2595495093e-12 -3.1064953247e-14
d  3.3702117007e-03 2.3591480725e+00 -2.0000000000e-01 1.2669702286e-05 3.0000000000e+02 -1.3285179146e-12 3.0251049794e-14 1.2669709169e-12 1.3282819995e-12 -1.2852275449e-18 -3.0231050555e-14 -1.2669702284e-12 -3.1065115721e-14
d  3.3720304353e-03 2.3604211867e+00 -2.0000000000e-01 1.2759667257e-05 3.0000000000e+02 -1.3375437720e-12 3.0295566539e-14 1.2759738826e-12 1.3373077273e-12 -1.3088164504e-18 -3.0275573144e-14 -1.2759667135e-12 -3.1067323191e-14
d  3.3742129169e-03 2.3619489237e+00 -2.0000000000e-01 1.2868976243e-05 3.0000000000e+02 -1.3485110584e-12 3.0329330607e-14 1.2869076267e-12 1.3482748602e-12 -1.3225806022e-18 -3.0309338312e-14 -1.2868976095e-12 -3.1068997330e-14
d  3.3755224058e-03 2.3628655659e+00 -2.0000000000e-01 1.2935272704e-05 3.0000000000e+02 -1.3551624411e-12 3.0352093187e-14 1.2935008509e-12 1.3549261655e-12 -1.3241204753e-18 -3.0332063106e-14 -1.2935273324e-12 -3.1070105920e-14
d  3.3770937925e-03 2.3639655366e+00 -2.0000000000e-01 1.3015541544e-05 3.0000000000e+02 -1.3632156520e-12 3.0390429534e-14 1.3015566951e-12 1.3629792544e-12 -1.3540181338e-18 -3.0370432245e-14 -1.3015541502e-12 -3.1072026627e-14
d  3.3789794566e-03 2.3652855014e+00 -2.0000000000e-01 1.3112806027e-05 3.0000000000e+02 -1.3729701569e-12 3.0395233933e-14 1.3113991539e-12 1.3727335859e-12 -1.3759126623e-18 -3.0375339490e-14 -1.3112803867e-12 -3.1072327414e-14
d  3.3801108551e-03 2.3660774802e+00 -2.0000000000e-01 1.3171887796e-05 3.0000000000e+02 -1.3789034743e-12 3.0398499507e-14 1.3171882610e-12 1.3786668668e-12 -1.3353020153e-18 -3.0378498824e-14 -1.3171887823e-12 -3.1072405826e-14
d  3.3814685332e-03 2.3670278549e+00 -2.0000000000e-01 1.3243240157e-05 3.0000000000e+02 -1.3860625523e-12 3.0453766433e-14 1.3243235510e-12 1.3858258498e-12 -1.3912361588e-18 -3.0433765860e-14 -1.3243240182e-12 -3.1075189753e-14
d  3.3830977469e-03 2.3681683045e+00 -2.0000000000e-01 1.3329698263e-05 3.0000000000e+02 -1.3947380144e-12 3.0473668355e-14 1.3329743203e-12 1.3945011958e-12 -1.3944303694e-18 -3.0453672981e-14 -1.3329698182e-12 -3.1076167816e-14
d  3.3850528035e-03 2.3695368439e+00 -2.0000000000e-01 1.3434663790e-05 3.0000000000e+02 -1.4052708255e-12 3.0509845613e-14 1.3434799794e-12 1.4050338670e-12 -1.4110910201e-18 -3.0489857297e-14 -1.3434663561e-12 -3.1077958079e-14
d  3.3862258374e-03 2.3703579676e+00 -2.0000000000e-01 1.3498287919e-05 3.0000000000e+02 -1.4116552837e-12 3.0534882551e-14 1.3498281936e-12 1.4114182482e-12 -1.4159809270e-18 -3.0514881791e-14 -1.3498287948e-12 -3.1079180229e-14
d  3.3876334781e-03 2.3713433161e+00 -2.0000000000e-01 1.3575288115e-05 3.0000000000e+02 -1.4193826664e-12 3.0552757763e-14 1.3575698254e-12 1.4191455142e-12 -1.4435343263e-18 -3.0532806579e-14 -1.3575287141e-12 -3.1080110619e-14
d  3.3893226469e-03 2.3725257342e+00 -2.0000000000e-01 1.3668649728e-05 3.0000000000e+02 -1.4287520922e-12 3.0568882396e-14 1.3668709900e-12 1.4285148373e-12 -1.4369062700e-18 -3.0548888372e-14 -1.3668649619e-12 -3.1080884617e-14
d  3.3913496495e-03 2.3739446359e+00 -2.0000000000e-01 1.3782080559e-05 3.0000000000e+02 -1.4401353644e-12 3.0631390003e-14 1.3782051817e-12 1.4398979709e-12 -1.4664960563e-18 -3.0611387621e-14 -1.3782080622e-12 -3.1083962493e-14
d  3.3925658510e-03 2.3747959770e+00 -2.0000000000e-01 1.3850885948e-05 3.0000000000e+02 -1.4470409599e-12 3.0650515140e-14 1.3851214115e-12 1.4468034656e-12 -1.4858800947e-18 -3.0630555355e-14 -1.3850885148e-12 -3.1084932550e-14
d  3.3940252929e-03 2.3758175862e+00 -2.0000000000e-01 1.3934212166e-05 3.0000000000e+02 -1.4554042389e-12 3.0659111831e-14 1.3934218873e-12 1.4551666569e-12 -1.4797720240e-18 -3.0639112601e-14 -1.3934212164e-12 -3.1085343347e-14
d  3.3957766231e-03 2.3770435173e+00 -2.0000000000e-01 1.4035305590e-05 3.0000000000e+02 -1.4655503082e-12 3.0717211824e-14 1.4035384174e-12 1.4653126008e-12 -1.5111492182e-18 -3.0697219354e-14 -1.4035305449e-12 -3.1088209779e-14
d  3.3978782194e-03 2.3785146347e+00 -2.0000000000e-01 1.4158246538e-05 3.0000000000e+02 -1.4778900467e-12 3.0758651076e-14 1.4158357119e-12 1.4776521913e-12 -1.5277324065e-18 -3.0738659918e-14 -1.4158246366e-12 -3.1090248643e-14
d  3.3991391772e-03 2.3793973051e+00 -2.0000000000e-01 1.4232878142e-05 3.0000000000e+02 -1.4853810079e-12 3.0787680725e-14 1.4232782606e-12 1.4851430724e-12 -1.5352385309e-18 -3.0767669430e-14 -1.4232878386e-12 -3.1091665188e-14
d  3.4006523265e-03 2.3804565095e+00 -2.0000000000e-01 1.4323311281e-05 3.0000000000e+02 -1.4944584068e-12 3.0822927011e-14 1.4323339382e-12 1.4942203599e-12 -1.5601792523e-18 -3.0802930124e-14 -1.4323311232e-12 -3.1093418957e-14
d  3.4024681057e-03 2.3817275549e+00 -2.0000000000e-01 1.4433122111e-05 3.0000000000e+02 -1.5054814230e-12 3.0852984702e-14 1.4433166956e-12 1.5052432485e-12 -1.5736183581e-18 -3.0832988847e-14 -1.4433122039e-12 -3.1094901582e-14
d  3.4035575732e-03 2.3824901821e+00 -2.0000000000e-01 1.4499694366e-05 3.0000000000e+02 -1.5121641019e-12 3.0880669138e-14 1.4499688881e-12 1.5119258531e-12 -1.5842413819e-18 -3.0860668388e-14 -1.4499694396e-12 -3.1096258354e-14
d  3.4048649342e-03 2.3834053348e+00 -2.0000000000e-01 1.4580269923e-05 3.0000000000e+02 -1.5202527085e-12 3.0907151791e-14 1.4580264751e-12 1.5200143682e-12 -1.6000999973e-18 -3.0887151128e-14 -1.4580269951e-12 -3.1097569847e-14
d  3.4064337675e-03 2.3845035180e+00 -2.0000000000e-01 1.4677973234e-05 3.0000000000e+02 -1.5300608537e-12 3.0943911563e-14 1.4678022418e-12 1.5298224013e-12 -1.6176938507e-18 -3.0923916819e-14 -1.4677973140e-12 -3.1099379235e-14
d  3.4083163673e-03 2.3858213378e+00 -2.0000000000e-01 1.4796706449e-05 3.0000000000e+02 -1.5419805907e-12 3.0990101866e-14 1.4796856612e-12 1.5417420028e-12 -1.6387160029e-18 -3.0970115257e-14 -1.4796706184e-12 -3.1101649273e-14
d  3.4094459273e-03 2.3866120297e+00 -2.0000000000e-01 1.4868736956e-05 3.0000000000e+02 -1.5492118776e-12 3.1021968142e-14 1.4868730851e-12 1.5489732167e-12 -1.6454537957e-18 -3.1001967337e-14 -1.4868736987e-12 -3.1103196648e-14
d  3.4108013992e-03 2.3875608600e+00 -2.0000000000e-01 1.4955974999e-05 3.0000000000e+02 -1.5579706483e-12 3.1045429133e-14 1.4956196721e-12 1.5577318819e-12 -1.6727953468e-18 -3.1025456533e-14 -1.4955974456e-12 -3.1104387069e-14
d  3.4124279654e-03 2.3886994564e+00 -2.0000000000e-01 1.5061838751e-05 3.0000000000e+02 -1.5685994154e-12 3.1080153385e-14 1.5061904318e-12 1.5683605426e-12 -1.6793763762e-18 -3.1060160145e-14 -1.5061838627e-12 -3.1106073166e-14
d  3.4143798450e-03 2.3900657720e+00 -2.0000000000e-01 1.5190600615e-05 3.0000000000e+02 -1.5815274307e-12 3.1142393408e-14 1.5190605122e-12 1.5812884240e-12 -1.7077940160e-18 -3.1122393796e-14 -1.5190600622e-12 -3.1109124382e-14
d  3.4155509727e-03 2.3908855613e+00 -2.0000000000e-01 1.5268781727e-05 3.0000000000e+02 -1.5893775452e-12 3.1167922993e-14 1.5268779279e-12 1.5891384567e-12 -1.7221122687e-18 -3.1147922681e-14 -1.5268781748e-12 -3.1110383017e-14
d  3.4169563260e-03 2.3918693086e+00 -2.0000000000e-01 1.5363532408e-05 3.0000000000e+02 -1.5988915386e-12 3.1204958281e-14 1.5363538486e-12 1.5986523514e-12 -1.7397318913e-18 -3.1184959006e-14 -1.5363532409e-12 -3.1112200509e-14
d  3.4186427499e-03 2.3930498053e+00 -2.0000000000e-01 1.5478604821e-05 3.0000000000e+02 -1.6104464406e-12 3.1250726101e-14 1.5478687619e-12 1.6102071321e-12 -1.7621776973e-18 -3.1230734336e-14 -1.5478604665e-12 -3.1114447459e-14
d  3.4206664586e-03 2.3944664013e+00 -2.0000000000e-01 1.5618713030e-05 3.0000000000e+02 -1.6245158323e-12 3.1309319926e-14 1.5618807573e-12 1.6242763820e-12 -1.7865054269e-18 -3.1289327773e-14 -1.5618712879e-12 -3.1117312868e-14
d  3.4218806838e-03 2.3953163589e+00 -2.0000000000e-01 1.5703858050e-05 3.0000000000e+02 -1.6330663009e-12 3.1344992366e-14 1.5704044398e-12 1.6328267603e-12 -1.8051492475e-18 -3.1325015239e-14 -1.5703857597e-12 -3.1119065076e-14
d  3.4233377541e-03 2.3963363081e+00 -2.0000000000e-01 1.5807128800e-05 3.0000000000e+02 -1.6434375209e-12 3.1376216464e-14 1.5807158028e-12 1.6431978859e-12 -1.8181218794e-18 -3.1356219826e-14 -1.5807128747e-12 -3.1120591751e-14
d  3.4250862384e-03 2.3975602470e+00 -2.0000000000e-01 1.5932663321e-05 3.0000000000e+02 -1.6560447285e-12 3.1435635036e-14 1.5932620616e-12 1.6558049743e-12 -1.8465367633e-18 -3.1415630939e-14 -1.5932663423e-12 -3.1123501018e-14
d  3.4261353290e-03 2.3982946104e+00 -2.0000000000e-01 1.6008843094e-05 3.0000000000e+02 -1.6636956467e-12 3.1469502242e-14 1.6008837352e-12 1.6634558176e-12 -1.8627764596e-18 -3.1449501427e-14 -1.6008843126e-12 -3.1125159306e-14
d  3.4273942377e-03 2.3991758465e+00 -2.0000000000e-01 1.6101139847e-05 3.0000000000e+02 -1.6729661857e-12 3.1501578952e-14 1.6101134295e-12 1.6727262684e-12 -1.8793072097e-18 -3.1481578213e-14 -1.6101139878e-12 -3.1126732648e-14
d  3.4289049282e-03 2.4002333297e+00 -2.0000000000e-01 1.6213176683e-05 3.0000000000e+02 -1.6842196455e-12 3.1550713942e-14 1.6213229239e-12 1.6839796197e-12 -1.9029534556e-18 -3.1530719773e-14 -1.6213176579e-12 -3.1129137751e-14
d  3.4307177567e-03 2.4015023096e+00 -2.0000000000e-01 1.6349506012e-05 3.0000000000e+02 -1.6979136646e-12 3.1611218565e-14 1.6349500899e-12 1.6976735146e-12 -1.9272130569e-18 -3.1591218092e-14 -1.6349506038e-12 -3.1132087561e-14
d  3.4318054539e-03 2.4022636976e+00 -2.0000000000e-01 1.6432316621e-05 3.0000000000e+02 -1.7062324595e-12 3.1644167925e-14 1.6432310383e-12 1.7059922334e-12 -1.9457918486e-18 -3.1624167071e-14 -1.6432316655e-12 -3.1133704668e-14
d  3.4331106904e-03 2.4031773631e+00 -2.0000000000e-01 1.6532733049e-05 3.0000000000e+02 -1.7163210544e-12 3.1689325928e-14 1.6532990435e-12 1.7160807236e-12 -1.9731888737e-18 -3.1669358952e-14 -1.6532732388e-12 -3.1135925861e-14
d  3.4346769743e-03 2.4042737618e+00 -2.0000000000e-01 1.6654743285e-05 3.0000000000e+02 -1.7285793219e-12 3.1734537201e-14 1.6654815231e-12 1.7283388912e-12 -1.9849326887e-18 -3.1714544901e-14 -1.6654743141e-12 -3.1138114460e-14
d  3.4365565149e-03 2.4055894402e+00 -2.0000000000e-01 1.6803373065e-05 3.0000000000e+02 -1.7435119426e-12 3.1815644824e-14 1.6803364895e-12 1.7432713840e-12 -2.0218469088e-18 -3.1795644095e-14 -1.6803373097e-12 -3.1142072295e-14
d  3.4376842393e-03 2.4063788472e+00 -2.0000000000e-01 1.6893741791e-05 3.0000000000e+02 -1.7525917218e-12 3.1849947824e-14 1.6893738522e-12 1.7523510841e-12 -2.0413658920e-18 -3.1829947392e-14 -1.6893741817e-12 -3.1143753952e-14
d  3.4390375086e-03 2.4073261356e+00 -2.0000000000e-01 1.7003401212e-05 3.0000000000e+02 -1.7636102889e-12 3.1901126068e-14 1.7003406708e-12 1.7633695560e-12 -2.0643989395e-18 -3.1881126749e-14 -1.7003401215e-12 -3.1146249879e-14
d  3.4406614317e-03 2.4084628818e+00 -2.0000000000e-01 1.7136785320e-05 3.0000000000e+02 -1.7770136226e-12 3.1963155469e-14 1.7136870994e-12 1.7767727724e-12 -2.0943552306e-18 -3.1943164314e-14 -1.7136785151e-12 -3.1149278595e-14
d  3.4416357855e-03 2.4091449294e+00 -2.0000000000e-01 1.7217768230e-05 3.0000000000e+02 -1.7851514580e-12 3.2005781824e-14 1.7217763952e-12 1.7849105437e-12 -2.1070437761e-18 -3.1985781170e-14 -1.7217768260e-12 -3.1151342251e-14
d  3.4428050102e-03 2.4099633866e+00 -2.0000000000e-01 1.7315908692e-05 3.0000000000e+02 -1.7950139123e-12 3.2044540335e-14 1.7315902499e-12 1.7947729163e-12 -2.1324674815e-18 -3.2024539449e-14 -1.7315908727e-12 -3.1153247109e-14
d  3.4442080798e-03 2.4109455353e+00 -2.0000000000e-01 1.7435090737e-05 3.0000000000e+02 -1.8069909199e-12 3.2102271420e-14 1.7435118756e-12 1.8067498239e-12 -2.1582508842e-18 -3.2082274765e-14 -1.7435090685e-12 -3.1156059423e-14
d  3.4458917632e-03 2.4121241137e+00 -2.0000000000e-01 1.7580193144e-05 3.0000000000e+02 -1.8215732003e-12 3.2172361904e-14 1.7579826638e-12 1.8213320046e-12 -2.1812438700e-18 -3.2152325402e-14 -1.7580193934e-12 -3.1159453536e-14
d  3.4469019733e-03 2.4128312607e+00 -2.0000000000e-01 1.7668363159e-05 3.0000000000e+02 -1.8304340855e-12 3.2234970936e-14 1.7668357662e-12 1.8301928026e-12 -2.2214653805e-18 -3.2214970125e-14 -1.7668363194e-12 -3.1162528879e-14
d  3.4481142254e-03 2.4136798371e+00 -2.0000000000e-01 1.7775300916e-05 3.0000000000e+02 -1.8411822887e-12 3.2256703656e-14 1.7775295230e-12 1.8409409211e-12 -2.2288587879e-18 -3.2236702870e-14 -1.7775300950e-12 -3.1163580272e-14
d  3.4495689280e-03 2.4146981288e+00 -2.0000000000e-01 1.7905283112e-05 3.0000000000e+02 -1.8542463226e-12 3.2327035913e-14 1.7905336016e-12 1.8540048501e-12 -2.2636974325e-18 -3.2307042006e-14 -1.7905283003e-12 -3.1167010325e-14
d  3.4513145710e-03 2.4159200789e+00 -2.0000000000e-01 1.8063711626e-05 3.0000000000e+02 -1.8701702271e-12 3.2406805422e-14 1.8063706839e-12 1.8699286353e-12 -2.2969577937e-18 -3.2386804962e-14 -1.8063711654e-12 -3.1170885477e-14
d  3.4523619568e-03 2.4166532489e+00 -2.0000000000e-01 1.8160081162e-05 3.0000000000e+02 -1.8798569996e-12 3.2451053218e-14 1.8160074873e-12 1.8796153346e-12 -2.3210810917e-18 -3.2431052323e-14 -1.8160081199e-12 -3.1173045749e-14
d  3.4536188198e-03 2.4175330530e+00 -2.0000000000e-01 1.8277055235e-05 3.0000000000e+02 -1.8916151396e-12 3.2509370048e-14 1.8277053338e-12 1.8913733864e-12 -2.3482271441e-18 -3.2489369795e-14 -1.8277055259e-12 -3.1175883264e-14
d  3.4551270554e-03 2.4185888178e+00 -2.0000000000e-01 1.8419386238e-05 3.0000000000e+02 -1.9059227277e-12 3.2580487623e-14 1.8419463999e-12 1.9056808649e-12 -2.3832535766e-18 -3.2560496261e-14 -1.8419386074e-12 -3.1179347135e-14
d  3.4569369381e-03 2.4198557357e+00 -2.0000000000e-01 1.8593086576e-05 3.0000000000e+02 -1.9233845076e-12 3.2671446029e-14 1.8593078785e-12 1.9231425223e-12 -2.4205665652e-18 -3.2651445307e-14 -1.8593086610e-12 -3.1183760003e-14
d  3.4580228677e-03 2.4206158864e+00 -2.0000000000e-01 1.8698865527e-05 3.0000000000e+02 -1.9340189366e-12 3.2720423294e-14 1.8698865452e-12 1.9337768750e-12 -2.4489365342e-18 -3.2700423284e-14 -1.8698865546e-12 -3.1186151809e-14
d  3.4593259832e-03 2.4215280672e+00 -2.0000000000e-01 1.8827384967e-05 3.0000000000e+02 -1.9469398913e-12 3.2787529918e-14 1.8827389498e-12 1.9466977383e-12 -2.4795901009e-18 -3.2767530500e-14 -1.8827384974e-12 -3.1189412503e-14
d  3.4608897219e-03 2.4226226842e+00 -2.0000000000e-01 1.8983949340e-05 3.0000000000e+02 -1.9626811827e-12 3.2868327001e-14 1.8984036040e-12 1.9624389161e-12 -2.5196657391e-18 -3.2848336291e-14 -1.8983949161e-12 -3.1193344206e-14
d  3.4618279651e-03 2.4232794544e+00 -2.0000000000e-01 1.9079140752e-05 3.0000000000e+02 -1.9722521945e-12 3.2923220179e-14 1.9079229723e-12 1.9720098610e-12 -2.5412889757e-18 -3.2903234293e-14 -1.9079140481e-12 -3.1196003633e-14
d  3.4629538569e-03 2.4240675786e+00 -2.0000000000e-01 1.9194640286e-05 3.0000000000e+02 -1.9838657817e-12 3.2980253911e-14 1.9194634321e-12 1.9836233753e-12 -2.5676315898e-18 -3.2960253025e-14 -1.9194640323e-12 -3.1198772344e-14
d  3.4643049271e-03 2.4250133277e+00 -2.0000000000e-01 1.9335112037e-05 3.0000000000e+02 -1.9979909587e-12 3.3051019416e-14 1.9335136965e-12 1.9977484560e-12 -2.6076572507e-18 -3.3031022505e-14 -1.9335111992e-12 -3.1202223322e-14
d  3.4659262113e-03 2.4261482266e+00 -2.0000000000e-01 1.9506449944e-05 3.0000000000e+02 -2.0152205292e-12 3.3144803783e-14 1.9506065558e-12 2.0149779336e-12 -2.6409231060e-18 -3.3124764054e-14 -1.9506450814e-12 -3.1206753708e-14
d  3.4668989819e-03 2.4268291660e+00 -2.0000000000e-01 1.9610733379e-05 3.0000000000e+02 -2.0257074974e-12 3.3222150892e-14 1.9610860085e-12 2.0254648067e-12 -2.6942649782e-18 -3.3202170279e-14 -1.9610732999e-12 -3.1210549573e-14
d  3.4680663065e-03 2.4276462932e+00 -2.0000000000e-01 1.9737387907e-05 3.0000000000e+02 -2.0384454074e-12 3.3266048650e-14 1.9737382312e-12 2.0382026431e-12 -2.6997432719e-18 -3.3246047848e-14 -1.9737387943e-12 -3.1212644129e-14
d  3.4694670961e-03 2.4286268458e+00 -2.0000000000e-01 1.9891598855e-05 3.0000000000e+02 -2.0539550942e-12 3.3351029394e-14 1.9891647323e-12 2.0537122289e-12 -2.7528556261e-18 -3.3331035188e-14 -1.9891598752e-12 -3.1216795884e-14
d  3.4711480436e-03 2.4298035090e+00 -2.0000000000e-01 2.0079957074e-05 3.0000000000e+02 -2.0729001038e-12 3.3459084361e-14 2.0079949524e-12 2.0726571238e-12 -2.7988864813e-18 -3.3439083608e-14 -2.0079957110e-12 -3.1222029222e-14
d  3.4721566121e-03 2.4305095069e+00 -2.0000000000e-01 2.0194749124e-05 3.0000000000e+02 -2.0844466041e-12 3.3519705471e-14 2.0194693649e-12 2.0842035566e-12 -2.8304951511e-18 -3.3499697284e-14 -2.0194749314e-12 -3.1224974963e-14
d  3.4733668943e-03 2.4313567044e+00 -2.0000000000e-01 2.0334305680e-05 3.0000000000e+02 -2.0984844549e-12 3.3609588156e-14 2.0334327584e-12 2.0982413179e-12 -2.8723791665e-18 -3.3589591184e-14 -2.0334305637e-12 -3.1229335984e-14
d  3.4748192329e-03 2.4323733414e+00 -2.0000000000e-01 2.0504449440e-05 3.0000000000e+02 -2.1156004093e-12 3.3694300002e-14 2.0504526736e-12 2.1153571678e-12 -2.9171012758e-18 -3.3674308913e-14 -2.0504449270e-12 -3.1233451730e-14
d  3.4756906361e-03 2.4329833236e+00 -2.0000000000e-01 2.0607968877e-05 3.0000000000e+02 -2.1260143820e-12 3.3760208183e-14 2.0607974928e-12 2.1257710833e-12 -2.9428418758e-18 -3.3740209216e-14 -2.0607968876e-12 -3.1236636781e-14
d  3.4767363199e-03 2.4337153022e+00 -2.0000000000e-01 2.0733649404e-05 3.0000000000e+02 -2.1386586575e-12 3.3825864328e-14 2.0733772769e-12 2.1384152779e-12 -2.9857284700e-18 -3.3805884059e-14 -2.0733649017e-12 -3.1239843527e-14
d  3.4779911405e-03 2.4345936766e+00 -2.0000000000e-01 2.0886615159e-05 3.0000000000e+02 -2.1540484002e-12 3.3921134974e-14 2.0886704614e-12 2.1538049356e-12 -3.0222381449e-18 -3.3901146903e-14 -2.0886614929e-12 -3.1244444714e-14
d  3.4794969252e-03 2.4356477258e+00 -2.0000000000e-01 2.1073358935e-05 3.0000000000e+02 -2.1728380443e-12 3.4029126478e-14 2.1073403619e-12 2.1725944771e-12 -3.0775383594e-18 -3.4009131447e-14 -2.1073358849e-12 -3.1249686093e-14
d  3.4804003960e-03 2.4362801554e+00 -2.0000000000e-01 2.1187116836e-05 3.0000000000e+02 -2.1842847085e-12 3.4095432990e-14 2.1187134028e-12 2.1840410793e-12 -3.1109118838e-18 -3.4075435821e-14 -2.1187116799e-12 -3.1252902263e-14
d  3.4814845610e-03 2.4370390708e+00 -2.0000000000e-01 2.1325369422e-05 3.0000000000e+02 -2.1981967438e-12 3.4176127331e-14 2.1325247681e-12 2.1979530478e-12 -3.1484721170e-18 -3.4156108550e-14 -2.1325369834e-12 -3.1256808620e-14
d  3.4827855590e-03 2.4379497694e+00 -2.0000000000e-01 2.1493843508e-05 3.0000000000e+02 -2.2151505914e-12 3.4289929179e-14 2.1493980311e-12 2.2149067883e-12 -3.2105850623e-18 -3.4269946775e-14 -2.1493843157e-12 -3.1262342290e-14
d  3.4843467565e-03 2.4390426076e+00 -2.0000000000e-01 2.1699842255e-05 3.0000000000e+02 -2.2358824096e-12 3.4406568102e-14 2.1699466432e-12 2.2356385260e-12 -3.2513785496e-18 -3.4386527795e-14 -2.1699843151e-12 -3.1267956274e-14
d  3.4852834751e-03 2.4396983106e+00 -2.0000000000e-01 2.1825497142e-05 3.0000000000e+02 -2.2485290462e-12 3.4501260149e-14 2.1825558332e-12 2.2482850723e-12 -3.3197679872e-18 -3.4481269868e-14 -2.1825496961e-12 -3.1272595694e-14
d  3.4864075373e-03 2.4404851541e+00 -2.0000000000e-01 2.1978392660e-05 3.0000000000e+02 -2.2639187794e-12 3.4571810800e-14 2.1978387543e-12 2.2636747312e-12 -3.3433662548e-18 -3.4551810039e-14 -2.1978392698e-12 -3.1275984438e-14
d  3.4877564120e-03 2.4414293663e+00 -2.0000000000e-01 2.2164984569e-05 3.0000000000e+02 -2.2827010010e-12 3.4691940960e-14 2.2165117272e-12 2.2824568502e-12 -3.4133542837e-18 -3.4671957422e-14 -2.2164984240e-12 -3.1281827716e-14
d  3.4893750617e-03 2.4425624210e+00 -2.0000000000e-01 2.2393545279e-05 3.0000000000e+02 -2.3057094200e-12 3.4845182031e-14 2.2393189129e-12 2.3054651834e-12 -3.4707311844e-18 -3.4825145192e-14 -2.2393546109e-12 -3.1289211831e-14
d  3.4903462515e-03 2.4432422539e+00 -2.0000000000e-01 2.2533187724e-05 3.0000000000e+02 -2.3197679103e-12 3.4948499747e-14 2.2533276283e-12 2.3195235802e-12 -3.5434061036e-18 -3.4928513313e-14 -2.2533187462e-12 -3.1294265093e-14
d  3.4915116792e-03 2.4440580532e+00 -2.0000000000e-01 2.2703334626e-05 3.0000000000e+02 -2.3368989837e-12 3.5036580187e-14 2.2703361540e-12 2.3366545761e-12 -3.5761295576e-18 -3.5016584049e-14 -2.2703334567e-12 -3.1298501366e-14
d  3.4929101925e-03 2.4450370125e+00 -2.0000000000e-01 2.2911332809e-05 3.0000000000e+02 -2.3578422768e-12 3.5175768244e-14 2.2911496670e-12 2.3575977633e-12 -3.6561535347e-18 -3.5155787849e-14 -2.2911332408e-12 -3.1305264492e-14
d  3.4937493005e-03 2.4456243880e+00 -2.0000000000e-01 2.3038187509e-05 3.0000000000e+02 -2.3706158231e-12 3.5271875401e-14 2.3038184937e-12 2.3703712609e-12 -3.6883957983e-18 -3.5251874945e-14 -2.3038187542e-12 -3.1309886929e-14
d  3.4947562300e-03 2.4463292387e+00 -2.0000000000e-01 2.3192514151e-05 3.0000000000e+02 -2.3861573923e-12 3.5358720204e-14 2.3192561269e-12 2.3859127560e-12 -3.7517385833e-18 -3.5338728027e-14 -2.3192514011e-12 -3.1314128243e-14
d  3.4959645455e-03 2.4471750595e+00 -2.0000000000e-01 2.3380821246e-05 3.0000000000e+02 -2.4051215948e-12 3.5492904841e-14 2.3380927232e-12 2.4048768704e-12 -3.8136684583e-18 -3.5472919509e-14 -2.3380820957e-12 -3.1320615046e-14
d  3.4974145241e-03 2.4481900445e+00 -2.0000000000e-01 2.3611431816e-05 3.0000000000e+02 -2.4283483631e-12 3.5653464283e-14 2.3611619645e-12 2.4281035328e-12 -3.8946318136e-18 -3.5633485954e-14 -2.3611431367e-12 -3.1328388154e-14
d  3.4982845112e-03 2.4487990354e+00 -2.0000000000e-01 2.3752299078e-05 3.0000000000e+02 -2.4425372222e-12 3.5759754261e-14 2.3752308672e-12 2.4422923416e-12 -3.9370193076e-18 -3.5739755900e-14 -2.3752299068e-12 -3.1333510117e-14
d  3.4993284958e-03 2.4495298246e+00 -2.0000000000e-01 2.3923905704e-05 3.0000000000e+02 -2.4598242461e-12 3.5861413624e-14 2.3923995668e-12 2.4595792867e-12 -4.0104482588e-18 -3.5841428029e-14 -2.3923905425e-12 -3.1338471110e-14
d  3.5005812773e-03 2.4504067716e+00 -2.0000000000e-01 2.4133639784e-05 3.0000000000e+02 -2.4809526917e-12 3.6018394010e-14 2.4133805225e-12 2.4807076402e-12 -4.0828853870e-18 -3.5998416092e-14 -2.4133639334e-12 -3.1346055741e-14
d  3.5020846151e-03 2.4514591080e+00 -2.0000000000e-01 2.4390998402e-05 3.0000000000e+02 -2.5068809783e-12 3.6204611894e-14 2.4391204500e-12 2.5066358199e-12 -4.1769371636e-18 -3.6184634826e-14 -2.4390997921e-12 -3.1355065712e-14
d  3.5029866178e-03 2.4520905098e+00 -2.0000000000e-01 2.4548487588e-05 3.0000000000e+02 -2.5227488865e-12 3.6326643685e-14 2.4548519387e-12 2.5225036751e-12 -4.2304294221e-18 -3.6306648928e-14 -2.4548487502e-12 -3.1360952578e-14
d  3.5040690210e-03 2.4528481921e+00 -2.0000000000e-01 2.4740638492e-05 3.0000000000e+02 -2.5421114254e-12 3.6446902644e-14 2.4740752115e-12 2.5418661325e-12 -4.3146992120e-18 -3.6426920189e-14 -2.4740638145e-12 -3.1366812659e-14
d  3.5053679048e-03 2.4537574107e+00 -2.0000000000e-01 2.4975933829e-05 3.0000000000e+02 -2.5658227059e-12 3.6629834782e-14 2.4976184725e-12 2.5655773137e-12 -4.4035955673e-18 -3.6609867076e-14 -2.4975933153e-12 -3.1375655428e-14
d  3.5069265655e-03 2.4548484731e+00 -2.0000000000e-01 2.5265360846e-05 3.0000000000e+02 -2.5949923432e-12 3.6851786939e-14 2.5265519346e-12 2.5947468486e-12 -4.5118029138e-18 -3.6831803945e-14 -2.5265360492e-12 -3.1386379989e-14
d  3.5078617618e-03 2.4555031105e+00 -2.0000000000e-01 2.5442862656e-05 3.0000000000e+02 -2.6128837724e-12 3.6987404127e-14 2.5442942204e-12 2.6126382162e-12 -4.5849352152e-18 -3.6967416774e-14 -2.5442862414e-12 -3.1392945499e-14
d  3.5089839975e-03 2.4562886754e+00 -2.0000000000e-01 2.5659834517e-05 3.0000000000e+02 -2.6347559158e-12 3.7141769961e-14 2.5659945658e-12 2.6345102789e-12 -4.6777595928e-18 -3.7121786512e-14 -2.5659834189e-12 -3.1400434593e-14
d  3.5103306803e-03 2.4572313533e+00 -2.0000000000e-01 2.5926154751e-05 3.0000000000e+02 -2.6616053682e-12 3.7353403215e-14 2.5926493414e-12 2.6613596226e-12 -4.7919930873e-18 -3.7333445248e-14 -2.5926153854e-12 -3.1410681280e-14
d  3.5119466996e-03 2.4583625668e+00 -2.0000000000e-01 2.6254695537e-05 3.0000000000e+02 -2.6947314660e-12 3.7625661284e-14 2.6254403505e-12 2.6944856479e-12 -4.9107031963e-18 -3.7605631075e-14 -2.6254696246e-12 -3.1423799712e-14
d  3.5129163112e-03 2.4590412949e+00 -2.0000000000e-01 2.6456717339e-05 3.0000000000e+02 -2.7151041684e-12 3.7783251037e-14 2.6456826719e-12 2.7148582562e-12 -5.0297729573e-18 -3.7763267806e-14 -2.6456717006e-12 -3.1431495856e-14
d  3.5140798451e-03 2.4598557686e+00 -2.0000000000e-01 2.6704225814e-05 3.0000000000e+02 -2.7400661325e-12 3.7973709465e-14 2.6703632497e-12 2.7398201899e-12 -5.0987351165e-18 -3.7953624268e-14 -2.6704227684e-12 -3.1440633351e-14
d  3.5154760858e-03 2.4608331370e+00 -2.0000000000e-01 2.7008904546e-05 3.0000000000e+02 -2.7707990962e-12 3.8247299118e-14 2.7008907348e-12 2.7705530127e-12 -5.2828778966e-18 -3.8227299454e-14 -2.7008904565e-12 -3.1453955055e-14
d  3.5163138303e-03 2.4614195581e+00 -2.0000000000e-01 2.7195892426e-05 3.0000000000e+02 -2.7896635136e-12 3.8378429705e-14 2.7195889145e-12 2.7894173719e-12 -5.3447999630e-18 -3.8358429123e-14 -2.7195892465e-12 -3.1460271625e-14
d  3.5173191236e-03 2.4621232634e+00 -2.0000000000e-01 2.7424581188e-05 3.0000000000e+02 -2.8127366473e-12 3.8576495014e-14 2.7424656466e-12 2.8124904290e-12 -5.4580247729e-18 -3.8556507521e-14 -2.7424580949e-12 -3.1469866519e-14
d  3.5185254755e-03 2.4629677097e+00 -2.0000000000e-01 2.7705469881e-05 3.0000000000e+02 -2.8410797198e-12 3.8823761860e-14 2.7705690496e-12 2.8408334069e-12 -5.5921779915e-18 -3.8803792406e-14 -2.7705469240e-12 -3.1481829352e-14
d  3.5199730979e-03 2.4639810453e+00 -2.0000000000e-01 2.8052290757e-05 3.0000000000e+02 -2.8760806768e-12 3.9135014195e-14 2.8052286650e-12 2.8758342790e-12 -5.7509161766e-18 -3.9115013721e-14 -2.8052290796e-12 -3.1496862632e-14
d  3.5208416713e-03 2.4645890467e+00 -2.0000000000e-01 2.8265715370e-05 3.0000000000e+02 -2.8976227039e-12 3.9310572040e-14 2.8265725740e-12 2.8973762442e-12 -5.8663303348e-18 -3.9290573814e-14 -2.8265715361e-12 -3.1505388766e-14
d  3.5218839594e-03 2.4653186483e+00 -2.0000000000e-01 2.8527356705e-05 3.0000000000e+02 -2.9240338866e-12 3.9549536372e-14 2.8527468690e-12 2.9237873458e-12 -6.0001120150e-18 -3.9529554313e-14 -2.8527356346e-12 -3.1516953668e-14
d  3.5231347051e-03 2.4661941703e+00 -2.0000000000e-01 2.8849672079e-05 3.0000000000e+02 -2.9565744876e-12 3.9850173096e-14 2.8849999951e-12 2.9563278439e-12 -6.1680922860e-18 -3.9830216865e-14 -2.8849671138e-12 -3.1531502159e-14
d  3.5238851526e-03 2.4667194835e+00 -2.0000000000e-01 2.9047586221e-05 3.0000000000e+02 -2.9765574447e-12 4.0053764676e-14 2.9047581356e-12 2.9763107731e-12 -6.2531607517e-18 -4.0033763713e-14 -2.9047586270e-12 -3.1541294685e-14
d  3.5247856895e-03 2.4673498593e+00 -2.0000000000e-01 2.9289779732e-05 3.0000000000e+02 -3.0010157169e-12 4.0243268755e-14 2.9289776996e-12 3.0007689822e-12 -6.4030408154e-18 -4.0223268248e-14 -2.9289779772e-12 -3.1550541538e-14
d  3.5258663338e-03 2.4681063102e+00 -2.0000000000e-01 2.9587457715e-05 3.0000000000e+02 -3.0310795437e-12 4.0535487181e-14 2.9587545007e-12 3.0308327261e-12 -6.5624659650e-18 -4.0515500666e-14 -2.9587457451e-12 -3.1564671313e-14
d  3.5271631070e-03 2.4690140514e+00 -2.0000000000e-01 2.9955330138e-05 3.0000000000e+02 -3.0682387568e-12 4.0895149452e-14 2.9954889368e-12 3.0679918885e-12 -6.7498709728e-18 -4.0875092724e-14 -2.9955331441e-12 -3.1582036127e-14
d  3.5279411708e-03 2.4695586961e+00 -2.0000000000e-01 3.0181873821e-05 3.0000000000e+02 -3.0911255568e-12 4.1136278432e-14 3.0181871922e-12 3.0908786011e-12 -6.9143287870e-18 -4.1116278070e-14 -3.0181873859e-12 -3.1593765126e-14
d  3.5288748475e-03 2.4702122698e+00 -2.0000000000e-01 3.0459787386e-05 3.0000000000e+02 -3.1192062494e-12 4.1378645482e-14 3.0459796120e-12 3.1189592274e-12 -7.0495548522e-18 -4.1358647043e-14 -3.0459787382e-12 -3.1605474035e-14
d  3.5299952595e-03 2.4709965581e+00 -2.0000000000e-01 3.0802415548e-05 3.0000000000e+02 -3.1538302653e-12 4.1732208894e-14 3.0802418298e-12 3.1535831654e-12 -7.2578851847e-18 -4.1712209304e-14 -3.0802415570e-12 -3.1622593716e-14
d  3.5313397540e-03 2.4719377042e+00 -2.0000000000e-01 3.1227484561e-05 3.0000000000e+02 -3.1967936284e-12 4.2166952469e-14 3.1227486898e-12 3.1965464345e-12 -7.5161750216e-18 -4.2146952759e-14 -3.1227484585e-12 -3.1643642725e-14
d  3.5321464506e-03 2.4725023918e+00 -2.0000000000e-01 3.1490173676e-05 3.0000000000e+02 -3.2233491734e-12 4.2440296124e-14 3.1490172017e-12 3.2231019233e-12 -7.6808067271e-18 -4.2420295819e-14 -3.1490173714e-12 -3.1656878943e-14
d  3.5331144866e-03 2.4731800170e+00 -2.0000000000e-01 3.1813393912e-05 3.0000000000e+02 -3.2560286765e-12 4.2780280344e-14 3.1813408452e-12 3.2557813572e-12 -7.8869238831e-18 -4.2760282850e-14 -3.1813393890e-12 -3.1673344756e-14
d  3.5342761298e-03 2.4739931671e+00 -2.0000000000e-01 3.2213398597e-05 3.0000000000e+02 -3.2964787366e-12 4.3210087989e-14 3.2213398999e-12 3.2962313372e-12 -8.1453076867e-18 -4.3190088047e-14 -3.2213398628e-12 -3.1694155421e-14
d  3.5356701016e-03 2.4749689474e+00 -2.0000000000e-01 3.2712065127e-05 3.0000000000e+02 -3.3469179808e-12 4.3754775476e-14 3.2712074796e-12 3.3466704832e-12 -8.4801274420e-18 -4.3734776632e-14 -3.2712065133e-12 -3.1720540118e-14
d  3.5365064847e-03 2.4755544155e+00 -2.0000000000e-01 3.3021592891e-05 3.0000000000e+02 -3.3782327963e-12 4.4100825804e-14 3.3021596559e-12 3.3779852405e-12 -8.6948188114e-18 -4.4080826455e-14 -3.3021592909e-12 -3.1737303229e-14
d  3.5375101444e-03 2.4762569772e+00 -2.0000000000e-01 3.3403904258e-05 3.0000000000e+02 -3.4169179432e-12 4.4532369059e-14 3.3403938173e-12 3.4166703144e-12 -8.9657606257e-18 -4.4512374694e-14 -3.3403904167e-12 -3.1758214244e-14
d  3.5387145360e-03 2.4771000513e+00 -2.0000000000e-01 3.3879336099e-05 3.0000000000e+02 -3.4650358684e-12 4.5082780204e-14 3.3878699606e-12 3.4647882125e-12 -9.2894439519e-18 -4.5062692128e-14 -3.3879338137e-12 -3.1784834784e-14
d  3.5394371710e-03 2.4776058958e+00 -2.0000000000e-01 3.4173770624e-05 3.0000000000e+02 -3.4948408969e-12 4.5460257293e-14 3.4173770011e-12 3.4945931364e-12 -9.5593583777e-18 -4.5440257167e-14 -3.4173770661e-12 -3.1803202163e-14
d  3.5403043330e-03 2.4782129092e+00 -2.0000000000e-01 3.4536741391e-05 3.0000000000e+02 -3.5315909930e-12 4.5844541934e-14 3.4536741262e-12 3.5313431717e-12 -9.7944043094e-18 -4.5824541909e-14 -3.4536741426e-12 -3.1821791522e-14
d  3.5413449274e-03 2.4789413252e+00 -2.0000000000e-01 3.4986991772e-05 3.0000000000e+02 -3.5771862540e-12 4.6400097458e-14 3.4987049711e-12 3.5769383545e-12 -1.0155990555e-17 -4.6380106737e-14 -3.4986991599e-12 -3.1848733188e-14
d  3.5425936406e-03 2.4798154244e+00 -2.0000000000e-01 3.5549938157e-05 3.0000000000e+02 -3.6342086263e-12 4.7098230853e-14 3.5549940454e-12 3.6339606446e-12 -1.0602902783e-17 -4.7078231159e-14 -3.5549938186e-12 -3.1882566102e-14
d  3.5433428686e-03 2.4803398840e+00 -2.0000000000e-01 3.5900289259e-05 3.0000000000e+02 -3.6697053770e-12 4.7533469002e-14 3.5900289984e-12 3.6694573430e-12 -1.0897922891e-17 -4.7513469145e-14 -3.5900289291e-12 -3.1903685297e-14
d  3.5442419421e-03 2.4809692354e+00 -2.0000000000e-01 3.6334020218e-05 3.0000000000e+02 -3.7136586299e-12 4.8086405711e-14 3.6334026051e-12 3.7134105324e-12 -1.1265155521e-17 -4.8066406792e-14 -3.6334020230e-12 -3.1930502554e-14
d  3.5453208304e-03 2.4817244572e+00 -2.0000000000e-01 3.6874963753e-05 3.0000000000e+02 -3.7684900735e-12 4.8789270539e-14 3.6874991563e-12 3.7682418984e-12 -1.1735909911e-17 -4.8769274831e-14 -3.6874963692e-12 -3.1964597430e-14
d  3.5466154963e-03 2.4826307233e+00 -2.0000000000e-01 3.7555986141e-05 3.0000000000e+02 -3.8375415660e-12 4.9695304599e-14 3.7555989587e-12 3.8372933027e-12 -1.2347804234e-17 -4.9675305041e-14 -3.7555986168e-12 -3.2008553111e-14
d  3.5473922958e-03 2.4831744829e+00 -2.0000000000e-01 3.7982473612e-05 3.0000000000e+02 -3.8807969615e-12 5.0271405066e-14 3.7982479478e-12 3.8805486435e-12 -1.2751299825e-17 -5.0251406185e-14 -3.7982473625e-12 -3.2036523899e-14
d  3.5483244553e-03 2.4838269945e+00 -2.0000000000e-01 3.8513378305e-05 3.0000000000e+02 -3.9346556428e-12 5.1004171482e-14 3.8513400444e-12 3.9344072579e-12 -1.3261500026e-17 -5.0984175437e-14 -3.8513378255e-12 -3.2072096560e-14
d  3.5494430466e-03 2.4846100084e+00 -2.0000000000e-01 3.9180195405e-05 3.0000000000e+02 -4.0023226391e-12 5.1944441561e-14 3.9180198402e-12 4.0020741778e-12 -1.3920409790e-17 -5.1924442007e-14 -3.9180195434e-12 -3.2117748008e-14
d  3.5501142014e-03 2.4850798167e+00 -2.0000000000e-01 3.9596894335e-05 3.0000000000e+02 -4.0446198480e-12 5.2541148539e-14 3.9597104205e-12 4.0443713159e-12 -1.4361493698e-17 -5.2521194893e-14 -3.9596893364e-12 -3.2146760869e-14
d  3.5509195872e-03 2.4856435867e+00 -2.0000000000e-01 4.0114631698e-05 3.0000000000e+02 -4.0971854707e-12 5.3287005004e-14 4.0114777376e-12 4.0969368899e-12 -1.4890512433e-17 -5.3267035130e-14 -4.0114631073e-12 -3.2182974919e-14
d  3.5518860501e-03 2.4863201108e+00 -2.0000000000e-01 4.0763302238e-05 3.0000000000e+02 -4.1630634120e-12 5.4257295281e-14 4.0763336762e-12 4.1628147763e-12 -1.5595398877e-17 -5.4237301225e-14 -4.0763302143e-12 -3.2230122331e-14
d  3.5530458056e-03 2.4871319396e+00 -2.0000000000e-01 4.1584746040e-05 3.0000000000e+02 -4.2465185192e-12 5.5511267447e-14 4.1584747960e-12 4.2462698058e-12 -1.6522286826e-17 -5.5491267722e-14 -4.1584746075e-12 -3.2291079890e-14
d  3.5537416589e-03 2.4876190369e+00 -2.0000000000e-01 4.2101906806e-05 3.0000000000e+02 -4.2990772528e-12 5.6310693943e-14 4.2101909704e-12 4.2988284905e-12 -1.7133630140e-17 -5.6290694560e-14 -4.2101906834e-12 -3.2329970903e-14
d  3.5545766829e-03 2.4882035536e+00 -2.0000000000e-01 4.2748706742e-05 3.0000000000e+02 -4.3648299489e-12 5.7333016096e-14 4.2748709199e-12 4.3645811282e-12 -1.7913017521e-17 -5.7313016585e-14 -4.2748706773e-12 -3.2379703076e-14
d  3.5555787116e-03 2.4889049737e+00 -2.0000000000e-01 4.3565974351e-05 3.0000000000e+02 -4.4479417738e-12 5.8652522621e-14 4.3565975158e-12 4.4476928832e-12 -1.8931653838e-17 -5.8632522754e-14 -4.3565974391e-12 -3.2443913175e-14
d  3.5567811461e-03 2.4897466778e+00 -2.0000000000e-01 4.4612356926e-05 3.0000000000e+02 -4.5544011050e-12 6.0388885660e-14 4.4612359146e-12 4.5541521300e-12 -2.0295796986e-17 -6.0368885967e-14 -4.4612356964e-12 -3.2528446584e-14
d  3.5575026068e-03 2.4902517003e+00 -2.0000000000e-01 4.5277792650e-05 3.0000000000e+02 -4.6221304294e-12 6.1518091891e-14 4.5277794918e-12 4.6218814039e-12 -2.1216211705e-17 -6.1498092356e-14 -4.5277792685e-12 -3.2583471621e-14
d  3.5583683597e-03 2.4908577272e+00 -2.0000000000e-01 4.6117587410e-05 3.0000000000e+02 -4.7076370068e-12 6.2972441874e-14 4.6117589955e-12 4.7073879207e-12 -2.2405475408e-17 -6.2952442362e-14 -4.6117587445e-12 -3.2654349661e-14
d  3.5594072631e-03 2.4915849596e+00 -2.0000000000e-01 4.7191250381e-05 3.0000000000e+02 -4.8170046397e-12 6.4879396129e-14 4.7191502943e-12 4.8167554517e-12 -2.3995584154e-17 -6.4859436451e-14 -4.7191249463e-12 -3.2747342564e-14
d  3.5606539472e-03 2.4924576384e+00 -2.0000000000e-01 4.8587362315e-05 3.0000000000e+02 -4.9592987887e-12 6.7428961870e-14 4.8587367101e-12 4.9590495424e-12 -2.6149072118e-17 -6.7408962505e-14 -4.8587362347e-12 -3.2871703090e-14
d  3.5621499681e-03 2.4935048530e+00 -2.0000000000e-01 5.0444768724e-05 3.0000000000e+02 -5.1487471060e-12 7.0969011025e-14 5.0444769445e-12 5.1484977554e-12 -2.9252015116e-17 -7.0949011104e-14 -5.0444768772e-12 -3.3044580574e-14
d  3.5639451932e-03 2.4947615105e+00 -2.0000000000e-01 5.2996334294e-05 3.0000000000e+02 -5.4092462128e-12 7.6056359524e-14 5.2996323344e-12 5.4089967379e-12 -3.3881185573e-17 -7.6036358525e-14 -5.2996334376e-12 -3.3293301333e-14
d  3.5660994633e-03 2.4962694995e+00 -2.0000000000e-01 5.6670417044e-05 3.0000000000e+02 -5.7848273663e-12 8.3841280138e-14 5.6670387689e-12 5.7845777429e-12 -4.1347352345e-17 -8.3821277925e-14 -5.6670417174e-12 -3.3674562221e-14
d  3.5686845875e-03 2.4980790863e+00 -2.0000000000e-01 6.2371542344e-05 3.0000000000e+02 -6.3686763370e-12 9.6922036394e-14 6.2371507084e-12 6.3684265340e-12 -5.4844573219e-17 -9.6902034215e-14 -6.2371542492e-12 -3.4316840624e-14
d  3.5693706906e-03 2.4985593585e+00 -2.0000000000e-01 6.4187409147e-05 3.0000000000e+02 -6.5548932566e-12 1.0132982357e-13 6.4187416664e-12 6.5546433995e-12 -6.0542072098e-17 -1.0130982498e-13 -6.4187409176e-12 -3.4535165115e-14
d  3.5701940144e-03 2.4991356851e+00 -2.0000000000e-01 6.6590261391e-05 3.0000000000e+02 -6.8014913476e-12 1.0734130685e-13 6.6590274149e-12 6.8012414319e-12 -6.7686965553e-17 -1.0732130941e-13 -6.6590261394e-12 -3.4831955689e-14
d  3.5711820029e-03 2.4998272770e+00 -2.0000000000e-01 6.9872703811e-05 3.0000000000e+02 -7.1386757826e-12 1.1585208995e-13 6.9872701322e-12 7.1384258003e-12 -7.8066387378e-17 -1.1583208954e-13 -6.9872703892e-12 -3.5252639964e-14
d  3.5714290000e-03 2.5000001750e+00 -2.0000000000e-01 7.0770158984e-05 3.0000000000e+02 -7.2309257463e-12 1.1822878922e-13 7.0770161596e-12 7.2306757457e-12 -8.1402105573e-17 -1.1820879059e-13 -7.0770159026e-12 -3.5370868847e-14
d  3.5717253966e-03 2.5002076526e+00 -2.0000000000e-01 7.1893762727e-05 3.0000000000e+02 -7.3464587909e-12 1.2124613563e-13 7.1893529585e-12 7.3462088300e-12 -8.5320958567e-17 -1.2122600457e-13 -7.1893765574e-12 -3.5520421032e-14
d  3.5720810724e-03 2.5004566257e+00 -2.0000000000e-01 7.3315813889e-05 3.0000000000e+02 -7.4927353732e-12 1.2513610185e-13 7.3315266817e-12 7.4924854580e-12 -9.0438062296e-17 -1.2511584596e-13 -7.3315819518e-12 -3.5713360353e-14
d  3.5725078835e-03 2.5007553934e+00 -2.0000000000e-01 7.5139930374e-05 3.0000000000e+02 -7.6804589103e-12 1.3020150236e-13 7.5139945790e-12 7.6802088312e-12 -9.7331877059e-17 -1.3018150836e-13 -7.5139930315e-12 -3.5965054302e-14
d  3.5730200567e-03 2.5011139146e+00 -2.0000000000e-01 7.7520956832e-05 3.0000000000e+02 -7.9256410981e-12 1.3690439570e-13 7.7520959757e-12 7.9253909861e-12 -1.0661119210e-16 -1.3688439665e-13 -7.7520956888e-12 -3.6298346945e-14
d  3.5736346646e-03 2.5015441401e+00 -2.0000000000e-01 8.0702230248e-05 3.0000000000e+02 -8.2534743222e-12 1.4614262988e-13 8.0702246648e-12 8.2532241644e-12 -1.1991754307e-16 -1.4612263429e-13 -8.0702230220e-12 -3.6758673827e-14
d  3.5743721941e-03 2.5020604108e+00 -2.0000000000e-01 8.5092069946e-05 3.0000000000e+02 -8.7062908323e-12 1.5929982208e-13 8.5092080377e-12 8.7060406240e-12 -1.3976125259e-16 -1.5927982440e-13 -8.5092069970e-12 -3.7415911054e-14
d  3.5752572295e-03 2.5026799355e+00 -2.0000000000e-01 9.1438124105e-05 3.0000000000e+02 -9.3617112027e-12 1.7909621517e-13 9.1438103909e-12 9.3614609392e-12 -1.7151836183e-16 -1.7907621146e-13 -9.1438124304e-12 -3.8408304887e-14
d  3.5757882507e-03 2.5030516503e+00 -2.0000000000e-01 9.5967521825e-05 3.0000000000e+02 -9.8300668058e-12 1.9374292244e-13 9.5967527304e-12 9.8298164993e-12 -1.9770989817e-16 -1.9372292395e-13 -9.5967521882e-12 -3.9147472651e-14
d  3.5764254761e-03 2.5034977081e+00 -2.0000000000e-01 1.0236177714e-04 3.0000000000e+02 -1.0491986109e-11 2.1511965183e-13 1.0236163592e-11 1.0491735796e-11 -2.3718152490e-16 -2.1509961560e-13 -1.0236177821e-11 -4.0228705605e-14
d  3.5768078114e-03 2.5037653428e+00 -2.0000000000e-01 1.0682332699e-04 3.0000000000e+02 -1.0954304699e-11 2.3051185654e-13 1.0682333149e-11 1.0954054321e-11 -2.6820856361e-16 -2.3049185827e-13 -1.0682332705e-11 -4.1012091353e-14
d  3.5772666138e-03 2.5040865044e+00 -2.0000000000e-01 1.1297569537e-04 3.0000000000e+02 -1.1592418168e-11 2.5217042031e-13 1.1297570298e-11 1.1592167757e-11 -3.1331251326e-16 -2.5215042303e-13 -1.1297569542e-11 -4.2117224961e-14
d  3.5778171766e-03 2.5044718984e+00 -2.0000000000e-01 1.2186838744e-04 3.0000000000e+02 -1.2515857176e-11 2.8462372663e-13 1.2186820568e-11 1.2515606786e-11 -3.8474421214e-16 -2.8460367280e-13 -1.2186838903e-11 -4.3780525460e-14
d  3.5781475142e-03 2.5047031347e+00 -2.0000000000e-01 1.2821282073e-04 3.0000000000e+02 -1.3175417348e-11 3.0849759987e-13 1.2821282347e-11 1.3175166876e-11 -4.4346991928e-16 -3.0847760108e-13 -1.2821282083e-11 -4.5015792015e-14
d  3.5785439195e-03 2.5049806184e+00 -2.0000000000e-01 1.3715955487e-04 3.0000000000e+02 -1.4106461367e-11 3.4292357450e-13 1.3715955877e-11 1.4106210867e-11 -5.3143934540e-16 -3.4290357611e-13 -1.3715955497e-11 -4.6803516659e-14
d  3.5790196057e-03 2.5053135987e+00 -2.0000000000e-01 1.5052877501e-04 3.0000000000e+02 -1.5499585092e-11 3.9621170431e-13 1.5052779556e-11 1.5499334942e-11 -6.7722910397e-16 -3.9619137018e-13 -1.5052878458e-11 -4.9589399553e-14
d  3.5793050175e-03 2.5055133870e+00 -2.0000000000e-01 1.6038789811e-04 3.0000000000e+02 -1.6528235015e-11 4.3673604625e-13 1.6038789832e-11 1.6527984463e-11 -8.0398202093e-16 -4.3671604635e-13 -1.6038789827e-11 -5.1738608570e-14
d  3.5796475116e-03 2.5057531328e+00 -2.0000000000e-01 1.7478758081e-04 3.0000000000e+02 -1.8032369428e-11 4.9738429289e-13 1.7478757867e-11 1.8032118854e-11 -1.0028966133e-15 -4.9736429187e-13 -1.7478758101e-11 -5.4973370598e-14
d  3.5800585045e-03 2.5060408279e+00 -2.0000000000e-01 1.9752289368e-04 3.0000000000e+02 -2.0410920222e-11 5.9671297988e-13 1.9752289711e-11 2.0410669616e-11 -1.3591578698e-15 -5.9669298122e-13 -1.9752289384e-11 -6.0331237890e-14
d  3.5803051003e-03 2.5062134449e+00 -2.0000000000e-01 2.1526736248e-04 3.0000000000e+02 -2.2270155412e-11 6.7674293826e-13 2.1526735298e-11 2.2269904796e-11 -1.6982421687e-15 -6.7672293267e-13 -2.1526736285e-11 -6.4749997034e-14
d  3.5806010152e-03 2.5064205853e+00 -2.0000000000e-01 2.4290162534e-04 3.0000000000e+02 -2.5169736041e-11 8.0514712742e-13 2.4290161593e-11 2.5169485405e-11 -2.2809058886e-15 -8.0512712229e-13 -2.4290162573e-11 -7.1917150084e-14
d  3.5809561131e-03 2.5066691538e+00 -2.0000000000e-01 2.9160438740e-04 3.0000000000e+02 -3.0290140542e-11 1.0406288991e-12 2.9160423822e-11 3.0289889992e-11 -3.4936622885e-15 -1.0406088330e-12 -2.9160438998e-11 -8.5348804817e-14
d  3.5811691718e-03 2.5068182949e+00 -2.0000000000e-01 3.3450477531e-04 3.0000000000e+02 -3.4809974686e-11 1.2561761614e-12 3.3450475045e-11 3.4809724027e-11 -4.8892857825e-15 -1.2561561448e-12 -3.3450477615e-11 -9.8211958099e-14
d  3.5814248423e-03 2.5069972643e+00 -2.0000000000e-01 4.1270308612e-04 3.0000000000e+02 -4.3065285078e-11 1.6636621508e-12 4.1270305159e-11 4.3065034418e-11 -7.8667933171e-15 -1.6636421296e-12 -4.1270308728e-11 -1.2321545709e-13
d  3.5815782446e-03 2.5071046459e+00 -2.0000000000e-01 4.8455683928e-04 3.0000000000e+02 -5.0668358897e-11 2.0523636150e-12 4.8455414418e-11 5.0668111755e-11 -1.1473027644e-14 -2.0523411222e-12 -4.8455691754e-11 -1.4860787646e-13
d  3.5817623273e-03 2.5072335038e+00 -2.0000000000e-01 6.2404177286e-04 3.0000000000e+02 -6.5460740239e-11 2.8347181726e-12 6.2404172131e-11 6.5460489606e-11 -1.9839167360e-14 -2.8346981294e-12 -6.2404177514e-11 -2.0197019927e-13
d  3.5818727770e-03 2.5073108185e+00 -2.0000000000e-01 7.6245021097e-04 3.0000000000e+02 -8.0182764947e-11 3.6437182464e-12 7.6245016954e-11 8.0182514303e-11 -3.1172982892e-14 -3.6436981938e-12 -7.6245021350e-11 -2.6259142320e-13
d  3.5820053166e-03 2.5074035962e+00 -2.0000000000e-01 1.0678806328e-03 3.0000000000e+02 -1.1276929180e-10 5.5061536911e-12 1.0678803171e-10 1.1276904208e-10 -6.2334543106e-14 -5.5061333369e-12 -1.0678806501e-10 -4.1251063069e-13
d  3.5820848403e-03 2.5074592628e+00 -2.0000000000e-01 1.4282834565e-03 3.0000000000e+02 -1.5141329660e-10 7.8378948900e-12 1.4282834167e-10 1.5141304602e-10 -1.1623904649e-13 -7.8378748225e-12 -1.4282834608e-10 -6.3059890959e-13
d  3.5821802688e-03 2.5075260628e+00 -2.0000000000e-01 2.6381727041e-03 3.0000000000e+02 -2.8196695912e-10 1.6238704273e-11 2.6381700637e-10 2.8196673977e-10 -3.7074190684e-13 -1.6238681235e-11 -2.6381730809e-10 -1.5400055714e-12
d  3.5822088974e-03 2.5075461028e+00 -2.0000000000e-01 3.4762755626e-03 3.0000000000e+02 -3.7391159023e-10 2.3005628776e-11 3.4762690343e-10 3.7391140718e-10 -7.1675434329e-13 -2.3005581125e-11 -3.4762767183e-10 -2.5614957379e-12
d  3.5822432516e-03 2.5075701508e+00 -2.0000000000e-01 5.7190116468e-03 3.0000000000e+02 -6.2180307249e-10 4.2309854487e-11 5.7190005149e-10 6.2180305517e-10 -1.8385042897e-12 -4.2309791256e-11 -5.7190147709e-10 -5.7534679558e-12
d  3.5822638642e-03 2.5075845795e+00 -2.0000000000e-01 9.2646422789e-03 3.0000000000e+02 -1.0222431879e-09 7.8134554204e-11 9.2646401287e-10 1.0222430159e-09 -4.5899762752e-12 -7.8134522385e-11 -9.2646432948e-10 -1.3054451584e-11
d  3.5822762317e-03 2.5075932368e+00 -2.0000000000e-01 1.4130782068e-02 3.0000000000e+02 -1.5887257448e-09 1.3777172492e-10 1.4130781384e-09 1.5887255301e-09 -1.0313629199e-11 -1.3777169829e-10 -1.4130782563e-09 -2.7561950765e-11
d  3.5822836522e-03 2.5075984312e+00 -2.0000000000e-01 1.9765147050e-02 3.0000000000e+02 -2.2659756298e-09 2.2002896875e-10 1.9765130774e-09 2.2659764778e-09 -1.9400989822e-11 -2.2002866541e-10 -1.9765163020e-09 -5.0030532004e-11
d  3.5822925569e-03 2.5076046644e+00 -2.0000000000e-01 3.5754079988e-02 3.0000000000e+02 -4.2369729904e-09 4.8319774534e-10 3.5754079683e-09 4.2369728151e-09 -5.1075291941e-11 -4.8319772311e-10 -3.5754080837e-09 -1.2729227029e-10
d  3.5822978996e-03 2.5076084044e+00 -2.0000000000e-01 5.8597137770e-02 3.0000000000e+02 -7.1888768174e-09 9.4166317784e-10 5.8597137066e-09 7.1888769144e-09 -1.1255797998e-10 -9.4166315361e-10 -5.8597141471e-09 -2.7494155255e-10
d  3.5823043110e-03 2.5076128923e+00 -2.0000000000e-01 1.2889032990e-01 3.0000000000e+02 -1.6328592510e-08 2.3652340876e-09 1.2889032832e-08 1.6328591273e-08 -3.1554237894e-10 -2.3652339861e-09 -1.2889032128e-08 -7.5878281486e-10
d  3.5823062344e-03 2.5076142387e+00 -2.0000000000e-01 1.6366183385e-01 3.0000000000e+02 -2.0903547222e-08 3.0929404893e-09 1.6366183333e-08 2.0903547530e-08 -4.2529310863e-10 -3.0929404520e-09 -1.6366184001e-08 -1.0191299034e-09
d  3.5823085424e-03 2.5076158543e+00 -2.0000000000e-01 2.1623835808e-01 3.0000000000e+02 -2.7369176625e-08 3.8937942574e-09 2.1623835787e-08 2.7369176738e-08 -5.4589728063e-10 -3.8937942330e-09 -2.1623836207e-08 -1.3056491000e-09
d  3.5823113121e-03 2.5076177931e+00 -2.0000000000e-01 2.9135872454e-01 3.0000000000e+02 -3.5770660526e-08 4.4840393045e-09 2.9135872421e-08 3.5770662717e-08 -6.3423266937e-10 -4.4840393293e-09 -2.9135874891e-08 -1.5165158358e-09
d  3.5823129739e-03 2.5076189564e+00 -2.0000000000e-01 3.3997384178e-01 3.0000000000e+02 -4.0752057290e-08 4.5643194925e-09 3.3997384126e-08 4.0752057966e-08 -6.4563968890e-10 -4.5643194458e-09 -3.3997385195e-08 -1.5447137693e-09
d  3.5823149681e-03 2.5076203523e+00 -2.0000000000e-01 3.9803775745e-01 3.0000000000e+02 -4.6331619933e-08 4.4123506217e-09 3.9803775726e-08 4.6331620062e-08 -6.2322559147e-10 -4.4123505928e-09 -3.9803776184e-08 -1.4922677042e-09
d  3.5823173611e-03 2.5076220274e+00 -2.0000000000e-01 4.6301122309e-01 3.0000000000e+02 -5.2170062979e-08 3.9699947863e-09 4.6301122289e-08 5.2170063224e-08 -5.5904125830e-10 -3.9699947593e-09 -4.6301122866e-08 -1.3399043427e-09
d  3.5823202328e-03 2.5076240375e+00 -2.0000000000e-01 5.3012428589e-01 3.0000000000e+02 -5.7818421902e-08 3.2547453715e-09 5.3012428570e-08 5.7818422156e-08 -4.5632992431e-10 -3.2547453452e-09 -5.3012429161e-08 -1.0949177376e-09
d  3.5823236787e-03 2.5076264497e+00 -2.0000000000e-01 5.9317693023e-01 3.0000000000e+02 -6.2829870255e-08 2.3817321433e-09 5.9317693004e-08 6.2829870440e-08 -3.3229578729e-10 -2.3817321170e-09 -5.9317693530e-08 -7.9814901471e-10
d  3.5823278138e-03 2.5076293443e+00 -2.0000000000e-01 6.4628272947e-01 3.0000000000e+02 -6.6865735008e-08 1.5192217222e-09 6.4628272928e-08 6.6865735119e-08 -2.1100160955e-10 -1.5192216962e-09 -6.4628273384e-08 -5.0723843512e-10
d  3.5823327760e-03 2.5076328178e+00 -2.0000000000e-01 6.8569934176e-01 3.0000000000e+02 -6.9767891512e-08 8.1421707308e-10 6.8569934158e-08 6.9767891576e-08 -1.1268853385e-10 -8.1421704742e-10 -6.8569934569e-08 -2.7105142878e-10
d  3.5823387306e-03 2.5076369860e+00 -2.0000000000e-01 7.1083057525e-01 3.0000000000e+02 -7.1581559220e-08 3.3904407256e-10 7.1083057507e-08 7.1581559255e-08 -4.6818471035e-11 -3.3904404759e-10 -7.1083057890e-08 -1.1263884857e-10
d  3.5823458761e-03 2.5076419879e+00 -2.0000000000e-01 7.2396049759e-01 3.0000000000e+02 -7.2518722984e-08 8.3471831190e-11 7.2396049739e-08 7.2518723041e-08 -1.1514343611e-11 -8.3471806428e-11 -7.2396050148e-08 -2.7686745353e-11
d  3.5823544507e-03 2.5076479901e+00 -2.0000000000e-01 7.2897055864e-01 3.0000000000e+02 -7.2874659787e-08 -1.5227894356e-11 7.2897055837e-08 7.2874659945e-08 2.0962705554e-12 1.5227919618e-11 -7.2897056354e-08 5.0722173761e-12
d  3.5823647402e-03 2.5076551928e+00 -2.0000000000e-01 7.2976507213e-01 3.0000000000e+02 -7.2931275447e-08 -3.0776818735e-11 7.2976507042e-08 7.2931277852e-08 4.2347336776e-12 3.0776866092e-11 -7.2976509987e-08 1.0220533622e-11
d  3.5823770877e-03 2.5076638360e+00 -2.0000000000e-01 7.2915058474e-01 3.0000000000e+02 -7.2888079466e-08 -1.8372539737e-11 7.2915058591e-08 7.2888077322e-08 2.5169862247e-12 1.8372544502e-11 -7.2915056628e-08 6.0897448105e-12
d  3.5823919046e-03 2.5076742078e+00 -2.0000000000e-01 7.2852834744e-01 3.0000000000e+02 -7.2844329980e-08 -5.8147253285e-12 7.2852834876e-08 7.2844327478e-08 7.7947746182e-13 5.8147312722e-12 -7.2852832542e-08 1.9108599945e-12
d  3.5824096849e-03 2.5076866540e+00 -2.0000000000e-01 7.2825342188e-01 3.0000000000e+02 -7.2825194286e-08 -1.3427823526e-13 7.2825342244e-08 7.2825193038e-08 -6.5050619417e-15 1.3429339550e-13 -7.2825341255e-08 2.0425957318e-14
d  3.5824310213e-03 2.5077015895e+00 -2.0000000000e-01 7.2821483412e-01 3.0000000000e+02 -7.2822842141e-08 8.8979292764e-13 7.2821483863e-08 7.2822833483e-08 -1.4820625847e-13 -8.8980468626e-13 -7.2821475023e-08 -3.2043684014e-13
d  3.5824566249e-03 2.5077195120e+00 -2.0000000000e-01 7.2824999651e-01 3.0000000000e+02 -7.2825783243e-08 4.9884125069e-13 7.2824987509e-08 7.2826019183e-08 -9.3958873603e-14 -4.9812600877e-13 -7.2825237126e-08 -1.8995266772e-13
d  3.5824873493e-03 2.5077410191e+00 -2.0000000000e-01 7.2828496046e-01 3.0000000000e+02 -7.2828804000e-08 1.7593091902e-13 7.2828486101e-08 7.2829005326e-08 -4.9336801603e-14 -1.7544851210e-13 -7.2828698510e-08 -8.2597830698e-14
d  3.5825242185e-03 2.5077668276e+00 -2.0000000000e-01 7.2831133888e-01 3.0000000000e+02 -7.2831321759e-08 9.4088968023e-14 7.2831132072e-08 7.2831359800e-08 -3.8111508349e-14 -9.4000466772e-14 -7.2831172375e-08 -5.5571784089e-14
d  3.5825684616e-03 2.5077977977e+00 -2.0000000000e-01 7.2833773462e-01 3.0000000000e+02 -7.2833971277e-08 1.0064575553e-13 7.2833774449e-08 7.2833949409e-08 -3.9047287120e-14 -1.0065596687e-13 -7.2833751863e-08 -5.7807984778e-14
d  3.5826215533e-03 2.5078349619e+00 -2.0000000000e-01 7.2836937906e-01 3.0000000000e+02 -7.2837150257e-08 1.1051530342e-13 7.2836938947e-08 7.2837126418e-08 -4.0417319647e-14 -1.1052112713e-13 -7.2836914344e-08 -6.1090344485e-14
d  3.5826852634e-03 2.5078795590e+00 -2.0000000000e-01 7.2840785564e-01 3.0000000000e+02 -7.2841000826e-08 1.1250656320e-13 7.2840785607e-08 7.2840999557e-08 -4.0694353110e-14 -1.1248743893e-13 -7.2840784617e-08 -6.1739114801e-14
d  3.5827617155e-03 2.5079330754e+00 -2.0000000000e-01 7.2845415790e-01 3.0000000000e+02 -7.2845630730e-08 1.1229969606e-13 7.2845415843e-08 7.2845629203e-08 -4.0674309110e-14 -1.1228056271e-13 -7.2845414585e-08 -6.1670303573e-14
d  3.5828534579e-03 2.5079972952e+00 -2.0000000000e-01 7.2850971042e-01 3.0000000000e+02 -7.2851185727e-08 1.1211560712e-13 7.2850971108e-08 7.2851183853e-08 -4.0659158683e-14 -1.1209648062e-13 -7.2850969490e-08 -6.1609189931e-14
d  3.5829635489e-03 2.5080743588e+00 -2.0000000000e-01 7.2857636514e-01 3.0000000000e+02 -7.2857851196e-08 1.1210767146e-13 7.2857636595e-08 7.2857848894e-08 -4.0670299751e-14 -1.1208855053e-13 -7.2857634533e-08 -6.1606343471e-14
d  3.5830956581e-03 2.5081668353e+00 -2.0000000000e-01 7.2865635109e-01 3.0000000000e+02 -7.2865849814e-08 1.1211784837e-13 7.2865635209e-08 7.2865846979e-08 -4.0686164378e-14 -1.1209873370e-13 -7.2865632596e-08 -6.1608842801e-14
d  3.5832541891e-03 2.5082778070e+00 -2.0000000000e-01 7.2875233616e-01 3.0000000000e+02 -7.2875448340e-08 1.1213020379e-13 7.2875233739e-08 7.2875444829e-08 -4.0704663412e-14 -1.1211110073e-13 -7.2875230427e-08 -6.1610364831e-14
d  3.5834444263e-03 2.5084109730e+00 -2.0000000000e-01 7.2886752055e-01 3.0000000000e+02 -7.2886966800e-08 1.1215752083e-13 7.2886752066e-08 7.2886966241e-08 -4.0726972150e-14 -1.1213758923e-13 -7.2886751819e-08 -6.1612078164e-14
d  3.5836727110e-03 2.5085707722e+00 -2.0000000000e-01 7.2900574548e-01 3.0000000000e+02 -7.2900789320e-08 1.1209343466e-13 7.2900574560e-08 7.2900788730e-08 -4.0750556959e-14 -1.1207349561e-13 -7.2900574281e-08 -6.1609191714e-14
d  3.5839466525e-03 2.5087625313e+00 -2.0000000000e-01 7.2917162014e-01 3.0000000000e+02 -7.2917376816e-08 1.1210549519e-13 7.2917162024e-08 7.2917376290e-08 -4.0781978344e-14 -1.1208553531e-13 -7.2917161812e-08 -6.1610556691e-14
d  3.5842753824e-03 2.5089926423e+00 -2.0000000000e-01 7.2937067683e-01 3.0000000000e+02 -7.2937282521e-08 1.1210392608e-13 7.2937067679e-08 7.2937282374e-08 -4.0819187848e-14 -1.1208391376e-13 -7.2937067859e-08 -6.1611394324e-14
d  3.5846698583e-03 2.5092687754e+00 -2.0000000000e-01 7.2960955505e-01 3.0000000000e+02 -7.2961170387e-08 1.1210121858e-13 7.2960955494e-08 7.2961170436e-08 -4.0863871028e-14 -1.1208118939e-13 -7.2960955878e-08 -6.1612372448e-14
d  3.5851432294e-03 2.5096001351e+00 -2.0000000000e-01 7.2989622356e-01 3.0000000000e+02 -7.2989837291e-08 1.1209494087e-13 7.2989622346e-08 7.2989837341e-08 -4.0917442167e-14 -1.1207491686e-13 -7.2989622730e-08 -6.1613327952e-14
d  3.5857112746e-03 2.5099977668e+00 -2.0000000000e-01 7.3024024687e-01 3.0000000000e+02 -7.3024239684e-08 1.1208912405e-13 7.3024024679e-08 7.3024239661e-08 -4.0981901651e-14 -1.1206910911e-13 -7.3024024987e-08 -6.1614579752e-14
d  3.5863929290e-03 2.5104749248e+00 -2.0000000000e-01 7.3065310519e-01 3.0000000000e+02 -7.3065525593e-08 1.1210144269e-13 7.3065310510e-08 7.3065525602e-08 -4.1060150493e-14 -1.1208142861e-13 -7.3065310853e-08 -6.1617330265e-14
d  3.5872109142e-03 2.5110475144e+00 -2.0000000000e-01 7.3114857889e-01 3.0000000000e+02 -7.3115073053e-08 1.1209797604e-13 7.3114857870e-08 7.3115073330e-08 -4.1153553816e-14 -1.1207795256e-13 -7.3114858489e-08 -6.1619445584e-14
d  3.5881924964e-03 2.5117346219e+00 -2.0000000000e-01 7.3174320645e-01 3.0000000000e+02 -7.3174535918e-08 1.1209143440e-13 7.3174320601e-08 7.3174536951e-08 -4.1265745706e-14 -1.1207138719e-13 -7.3174322002e-08 -6.1621578147e-14
d  3.5893703950e-03 2.5125591509e+00 -2.0000000000e-01 7.3245684763e-01 3.0000000000e+02 -7.3245900168e-08 1.1208530476e-13 7.3245684658e-08 7.3245902972e-08 -4.1400930323e-14 -1.1206521191e-13 -7.3245687892e-08 -6.1624491824e-14
d  3.5907838734e-03 2.5135485857e+00 -2.0000000000e-01 7.3331334703e-01 3.0000000000e+02 -7.3331550266e-08 1.1207787969e-13 7.3331334468e-08 7.3331556814e-08 -4.1563681481e-14 -1.1205770871e-13 -7.3331341576e-08 -6.1628061771e-14
d  3.5924800475e-03 2.5147359075e+00 -2.0000000000e-01 7.3434133380e-01 3.0000000000e+02 -7.3434349137e-08 1.1205791644e-13 7.3434133322e-08 7.3434350577e-08 -4.1760884010e-14 -1.1203788124e-13 -7.3434135144e-08 -6.1631769449e-14
d  3.5945154564e-03 2.5161606937e+00 -2.0000000000e-01 7.3557518644e-01 3.0000000000e+02 -7.3557734632e-08 1.1204914691e-13 7.3557518533e-08 7.3557737616e-08 -4.1998475294e-14 -1.1202909112e-13 -7.3557521953e-08 -6.1636858733e-14
d  3.5969579471e-03 2.5178704371e+00 -2.0000000000e-01 7.3705619607e-01 3.0000000000e+02 -7.3705835876e-08 1.1203716604e-13 7.3705619434e-08 7.3705840716e-08 -4.2285647471e-14 -1.1201709330e-13 -7.3705624773e-08 -6.1643054420e-14
d  3.5998889359e-03 2.5199221291e+00 -2.0000000000e-01 7.3883396665e-01 3.0000000000e+02 -7.3883613273e-08 1.1202367350e-13 7.3883396644e-08 7.3883613655e-08 -4.2633257011e-14 -1.1200366599e-13 -7.3883397373e-08 -6.1650628660e-14
d  3.6034061225e-03 2.5223841596e+00 -2.0000000000e-01 7.4096808987e-01 3.0000000000e+02 -7.4097026004e-08 1.1199585970e-13 7.4096809045e-08 7.4097024052e-08 -4.3054059568e-14 -1.1197587638e-13 -7.4096807361e-08 -6.1658726230e-14
d  3.6076267463e-03 2.5253385962e+00 -2.0000000000e-01 7.4353018126e-01 3.0000000000e+02 -7.4353235639e-08 1.1197227831e-13 7.4353018181e-08 7.4353233761e-08 -4.3565415985e-14 -1.1195229151e-13 -7.4353016574e-08 -6.1669058415e-14
d  3.6126914950e-03 2.5288839200e+00 -2.0000000000e-01 7.4660633067e-01 3.0000000000e+02 -7.4660851185e-08 1.1194142181e-13 7.4660632981e-08 7.4660853520e-08 -4.4187517953e-14 -1.1192140441e-13 -7.4660635730e-08 -6.1681234727e-14
d  3.6187691934e-03 2.5331383087e+00 -2.0000000000e-01 7.5030006028e-01 3.0000000000e+02 -7.5030224881e-08 1.1190346024e-13 7.5030005937e-08 7.5030227329e-08 -4.4946229774e-14 -1.1188344522e-13 -7.5030008803e-08 -6.1695746692e-14
d  3.6260624314e-03 2.5382435751e+00 -2.0000000000e-01 7.5473589310e-01 3.0000000000e+02 -7.5473809063e-08 1.1185614767e-13 7.5473589199e-08 7.5473812155e-08 -4.5873884495e-14 -1.1183613229e-13 -7.5473592732e-08 -6.1712817706e-14
d  3.6348143171e-03 2.5443698948e+00 -2.0000000000e-01 7.6006369112e-01 3.0000000000e+02 -7.6006589965e-08 1.1179762848e-13 7.6006369068e-08 7.6006591050e-08 -4.7011421724e-14 -1.1177762340e-13 -7.6006370528e-08 -6.1733035057e-14
d  3.6453165799e-03 2.5517214784e+00 -2.0000000000e-01 7.6646391365e-01 3.0000000000e+02 -7.6646613570e-08 1.1172539554e-13 7.6646391319e-08 7.6646614739e-08 -4.8410576426e-14 -1.1170539108e-13 -7.6646392866e-08 -6.1756974835e-14
d  3.6579192953e-03 2.5605433787e+00 -2.0000000000e-01 7.7415395829e-01 3.0000000000e+02 -7.7415619700e-08 1.1163575826e-13 7.7415395779e-08 7.7415620988e-08 -5.0136709293e-14 -1.1161575428e-13 -7.7415397451e-08 -6.1785082739e-14
d  3.6730425538e-03 2.5711296591e+00 -2.0000000000e-01 7.8339590463e-01 3.0000000000e+02 -7.8339816394e-08 1.1152505447e-13 7.8339590394e-08 7.8339818293e-08 -5.2272318377e-14 -1.1150504991e-13 -7.8339592698e-08 -6.1818024434e-14
d  3.6821165089e-03 2.5774814273e+00 -2.0000000000e-01 7.8894826345e-01 3.0000000000e+02 -7.8895053541e-08 1.1145734330e-13 7.8894826289e-08 7.8895055009e-08 -5.3584818450e-14 -1.1143733786e-13 -7.8894828150e-08 -6.1837333527e-14
d  3.6930052549e-03 2.5851035492e+00 -2.0000000000e-01 7.9561812999e-01 3.0000000000e+02 -7.9562041743e-08 1.1137575825e-13 7.9561812941e-08 7.9562043311e-08 -5.5189442840e-14 -1.1135575291e-13 -7.9561814905e-08 -6.1860281611e-14
d  3.7060717502e-03 2.5942500955e+00 -2.0000000000e-01 8.0363203699e-01 3.0000000000e+02 -8.0363434339e-08 1.1127868081e-13 8.0363203636e-08 8.0363436076e-08 -5.7154304267e-14 -1.1125867601e-13 -8.0363205775e-08 -6.1887739025e-14
d  3.7217515446e-03 2.6052259510e+00 -2.0000000000e-01 8.1326287847e-01 3.0000000000e+02 -8.1326520811e-08 1.1116038787e-13 8.1326287753e-08 8.1326523558e-08 -5.9562401655e-14 -1.1114038193e-13 -8.1326290936e-08 -6.1919291902e-14
d  3.7311594212e-03 2.6118114643e+00 -2.0000000000e-01 8.1904880566e-01 3.0000000000e+02 -8.1905114952e-08 1.1109282564e-13 8.1904880498e-08 8.1905116905e-08 -6.1030614053e-14 -1.1107281912e-13 -8.1904882863e-08 -6.1938771247e-14
d  3.7424488732e-03 2.6197140802e+00 -2.0000000000e-01 8.2599910994e-01 3.0000000000e+02 -8.2600147103e-08 1.1101069834e-13 8.2599910922e-08 8.2600149181e-08 -6.2812953567e-14 -1.1099069193e-13 -8.2599913416e-08 -6.1961151280e-14
d  3.7559962155e-03 2.6291972194e+00 -2.0000000000e-01 8.3434970409e-01 3.0000000000e+02 -8.3435208616e-08 1.1091522496e-13 8.3434970330e-08 8.3435210938e-08 -6.4977527950e-14 -1.1089521914e-13 -8.3434973078e-08 -6.1987928790e-14
d  3.7722530263e-03 2.6405769864e+00 -2.0000000000e-01 8.4438494891e-01 3.0000000000e+02 -8.4438735650e-08 1.1080543547e-13 8.4438494774e-08 8.4438739274e-08 -6.7605178406e-14 -1.1078542829e-13 -8.4438498863e-08 -6.2019808258e-14
d  3.7917611993e-03 2.6542327068e+00 -2.0000000000e-01 8.5644770288e-01 3.0000000000e+02 -8.5645014147e-08 1.1068030903e-13 8.5644770281e-08 8.5645014115e-08 -7.0790157687e-14 -1.1066030868e-13 -8.5644770607e-08 -6.2057254931e-14
d  3.8034661030e-03 2.6624261390e+00 -2.0000000000e-01 8.6369570559e-01 3.0000000000e+02 -8.6369816287e-08 1.1060703117e-13 8.6369570467e-08 8.6369819154e-08 -7.2710500859e-14 -1.1058702410e-13 -8.6369573779e-08 -6.2078332626e-14
d  3.8175119876e-03 2.6722582577e+00 -2.0000000000e-01 8.7240363832e-01 3.0000000000e+02 -8.7240611824e-08 1.1052964374e-13 8.7240363730e-08 8.7240615064e-08 -7.5022002313e-14 -1.1050963640e-13 -8.7240367426e-08 -6.2105665490e-14
d  3.8343670490e-03 2.6840568001e+00 -2.0000000000e-01 8.8286759983e-01 3.0000000000e+02 -8.8287010697e-08 1.1044194944e-13 8.8286759838e-08 8.8287015452e-08 -7.7797791403e-14 -1.1042194081e-13 -8.8286765096e-08 -6.2137016828e-14
d  3.8545931227e-03 2.6982150510e+00 -2.0000000000e-01 8.9544488639e-01 3.0000000000e+02 -8.9544742629e-08 1.1035186207e-13 8.9544488608e-08 8.9544743432e-08 -8.1123239715e-14 -1.1033186056e-13 -8.9544489802e-08 -6.2175370469e-14
d  3.8788644112e-03 2.7152049521e+00 -2.0000000000e-01 9.1056679571e-01 3.0000000000e+02 -9.1056937494e-08 1.1026546080e-13 9.1056679537e-08 9.1056938430e-08 -8.5092240045e-14 -1.1024545942e-13 -9.1056680870e-08 -6.2222017713e-14
d  3.8934271843e-03 2.7253988927e+00 -2.0000000000e-01 9.1965477560e-01 3.0000000000e+02 -9.1965737828e-08 1.1022168001e-13 9.1965477421e-08 9.1965742544e-08 -8.7453187186e-14 -1.1020167146e-13 -9.1965482640e-08 -6.2249000302e-14
d  3.9109025120e-03 2.7376316215e+00 -2.0000000000e-01 9.3057482829e-01 3.0000000000e+02 -9.3057745907e-08 1.1018294105e-13 9.3057482644e-08 9.3057752337e-08 -9.0265038652e-14 -1.1016293042e-13 -9.3057489627e-08 -6.2282444066e-14
d  3.9318729052e-03 2.7523108960e+00 -2.0000000000e-01 9.4369934946e-01 3.0000000000e+02 -9.4370201376e-08 1.1015219788e-13 9.4369934749e-08 9.4370208364e-08 -9.3605256580e-14 -1.1013218846e-13 -9.4369942304e-08 -6.2322670607e-14
d  3.9570373771e-03 2.7699260255e+00 -2.0000000000e-01 9.5947750652e-01 3.0000000000e+02 -9.5948021075e-08 1.1013712349e-13 9.5947750606e-08 9.5948022502e-08 -9.7562274872e-14 -1.1011712169e-13 -9.5947752452e-08 -6.2370919752e-14
d  3.9872347434e-03 2.7910641808e+00 -2.0000000000e-01 9.7845907606e-01 3.0000000000e+02 -9.7846182874e-08 1.1021028507e-13 9.7845907555e-08 9.7846184551e-08 -1.0225179436e-13 -1.1019028339e-13 -9.7845909660e-08 -6.2448899872e-14
d  4.0053531631e-03 2.8037470740e+00 -2.0000000000e-01 9.8986901824e-01 3.0000000000e+02 -9.8987179898e-08 1.1021732069e-13 9.8986901770e-08 9.8987181694e-08 -1.0501869516e-13 -1.1019731801e-13 -9.8986904000e-08 -6.2478304095e-14
d  4.0270952668e-03 2.8189665458e+00 -2.0000000000e-01 1.0035796474e+00 3.0000000000e+02 -1.0035824617e-07 1.1024616277e-13 1.0035796468e-07 1.0035824816e-07 -1.0830798500e-13 -1.1022616007e-13 -1.0035796711e-07 -6.2515638593e-14
d  4.0531857913e-03 2.8372299120e+00 -2.0000000000e-01 1.0200590296e+00 3.0000000000e+02 -1.0200618842e-07 1.1031044787e-13 1.0200590289e-07 1.0200619066e-07 -1.1222338604e-13 -1.1029044543e-13 -1.0200590558e-07 -6.2563796513e-14
d  4.0844944206e-03 2.8591459515e+00 -2.0000000000e-01 1.0398717254e+00 3.0000000000e+02 -1.0398746284e-07 1.1041359859e-13 1.0398717247e-07 1.0398746539e-07 -1.1689715910e-13 -1.1039359635e-13 -1.0398717548e-07 -6.2621681400e-14
d  4.1032795982e-03 2.8722955752e+00 -2.0000000000e-01 1.0517783467e+00 3.0000000000e+02 -1.0517812788e-07 1.1048610472e-13 1.0517783460e-07 1.0517813061e-07 -1.1969537641e-13 -1.1046610115e-13 -1.0517783779e-07 -6.2655615993e-14
d  4.1258218114e-03 2.8880751236e+00 -2.0000000000e-01 1.0660848388e+00 3.0000000000e+02 -1.0660878061e-07 1.1058813808e-13 1.0660848380e-07 1.0660878359e-07 -1.2306431705e-13 -1.1056813450e-13 -1.0660848726e-07 -6.2697547101e-14
d  4.1528724671e-03 2.9070105816e+00 -2.0000000000e-01 1.0832785677e+00 3.0000000000e+02 -1.0832815776e-07 1.1072360774e-13 1.0832785668e-07 1.0832816107e-07 -1.2714477910e-13 -1.1070360452e-13 -1.0832786048e-07 -6.2747170721e-14
d  4.1853332540e-03 2.9297331313e+00 -2.0000000000e-01 1.1039471570e+00 3.0000000000e+02 -1.1039502193e-07 1.1090425712e-13 1.1039471560e-07 1.1039502565e-07 -1.3213468948e-13 -1.1088425421e-13 -1.1039471982e-07 -6.2806117590e-14
d  4.2048097262e-03 2.9433666611e+00 -2.0000000000e-01 1.1163673961e+00 3.0000000000e+02 -1.1163704906e-07 1.1102866010e-13 1.1163673951e-07 1.1163705301e-07 -1.3519446209e-13 -1.1100865547e-13 -1.1163674397e-07 -6.2843475440e-14
d  4.2281814927e-03 2.9597268969e+00 -2.0000000000e-01 1.1312906469e+00 3.0000000000e+02 -1.1312937811e-07 1.1118838555e-13 1.1312906459e-07 1.1312938239e-07 -1.3895372216e-13 -1.1116838095e-13 -1.1312906938e-07 -6.2888902423e-14
d  4.2562276126e-03 2.9793591799e+00 -2.0000000000e-01 1.1492235978e+00 3.0000000000e+02 -1.1492267810e-07 1.1137457746e-13 1.1492235966e-07 1.1492268280e-07 -1.4361879508e-13 -1.1135457335e-13 -1.1492236489e-07 -6.2937878244e-14
d  4.2857140000e-03 2.9999996500e+00 -2.0000000000e-01 1.1681062115e+00 3.0000000000e+02 -1.1681094487e-07 1.1158587422e-13 1.1681062103e-07 1.1681095003e-07 -1.4874852435e-13 -1.1156587011e-13 -1.1681062672e-07 -6.2990456263e-14
d  4.3210976649e-03 3.0247682142e+00 -2.0000000000e-01 1.1908033153e+00 3.0000000000e+02 -1.1908066211e-07 1.1185378416e-13 1.1908033139e-07 1.1908066786e-07 -1.5527737891e-13 -1.1183378036e-13 -1.1908033770e-07 -6.3053450966e-14
d  4.3423278638e-03 3.0396293527e+00 -2.0000000000e-01 1.2044410290e+00 3.0000000000e+02 -1.2044443784e-07 1.1202049823e-13 1.2044410276e-07 1.2044444391e-07 -1.5942123939e-13 -1.1200049224e-13 -1.2044410940e-07 -6.3090810660e-14
d  4.3678041025e-03 3.0574627189e+00 -2.0000000000e-01 1.2208248589e+00 3.0000000000e+02 -1.2208282632e-07 1.1222445690e-13 1.2208248575e-07 1.2208283284e-07 -1.6465589081e-13 -1.1220445097e-13 -1.2208249284e-07 -6.3134827379e-14
d  4.3983755889e-03 3.0788627583e+00 -2.0000000000e-01 1.2405120074e+00 3.0000000000e+02 -1.2405154820e-07 1.1248104930e-13 1.2405120070e-07 1.2405155012e-07 -1.7137411971e-13 -1.1246104772e-13 -1.2405120310e-07 -6.3188650783e-14
d  4.4350613727e-03 3.1045428057e+00 -2.0000000000e-01 1.2641740349e+00 3.0000000000e+02 -1.2641776014e-07 1.1279995827e-13 1.2641740348e-07 1.2641776065e-07 -1.8017375178e-13 -1.1277995779e-13 -1.2641740444e-07 -6.3252772798e-14
d  4.4570728429e-03 3.1199508341e+00 -2.0000000000e-01 1.2783902538e+00 3.0000000000e+02 -1.2783938799e-07 1.1299544519e-13 1.2783902533e-07 1.2783939033e-07 -1.8589726579e-13 -1.1297544290e-13 -1.2783902817e-07 -6.3290229538e-14
d  4.4834866072e-03 3.1384404681e+00 -2.0000000000e-01 1.2954677740e+00 3.0000000000e+02 -1.2954714767e-07 1.1323448260e-13 1.2954677734e-07 1.2954715023e-07 -1.9327537036e-13 -1.1321448031e-13 -1.2954678040e-07 -6.3334520361e-14
d  4.5151831244e-03 3.1606280290e+00 -2.0000000000e-01 1.3159870763e+00 3.0000000000e+02 -1.3159908797e-07 1.1354054934e-13 1.3159870757e-07 1.3159909081e-07 -2.0298317579e-13 -1.1352054728e-13 -1.3159871092e-07 -6.3390146730e-14
d  4.5342010347e-03 3.1739405656e+00 -2.0000000000e-01 1.3283122254e+00 3.0000000000e+02 -1.3283160944e-07 1.1372973704e-13 1.3283122247e-07 1.3283161232e-07 -2.0931688808e-13 -1.1370973392e-13 -1.3283122587e-07 -6.3423240023e-14
d  4.5570225270e-03 3.1899156094e+00 -2.0000000000e-01 1.3431157012e+00 3.0000000000e+02 -1.3431196548e-07 1.1396510653e-13 1.3431157005e-07 1.3431196869e-07 -2.1749634004e-13 -1.1394510334e-13 -1.3431157379e-07 -6.3463442756e-14
d  4.5844083178e-03 3.2090856620e+00 -2.0000000000e-01 1.3608987949e+00 3.0000000000e+02 -1.3609028596e-07 1.1425908165e-13 1.3608987941e-07 1.3609028945e-07 -2.2826666956e-13 -1.1423907883e-13 -1.3608988343e-07 -6.3512070054e-14
d  4.6172712668e-03 3.2320897252e+00 -2.0000000000e-01 1.3822653216e+00 3.0000000000e+02 -1.3822695361e-07 1.1462955991e-13 1.3822653208e-07 1.3822695747e-07 -2.4280997209e-13 -1.1460955738e-13 -1.3822653648e-07 -6.3570953121e-14
d  4.6369890362e-03 3.2458921630e+00 -2.0000000000e-01 1.3950989155e+00 3.0000000000e+02 -1.3951032298e-07 1.1486020682e-13 1.3950989147e-07 1.3951032693e-07 -2.5251910450e-13 -1.1484020296e-13 -1.3950989596e-07 -6.3605956318e-14
d  4.6606503595e-03 3.2624550885e+00 -2.0000000000e-01 1.4105127391e+00 3.0000000000e+02 -1.4105171847e-07 1.1515186595e-13 1.4105127383e-07 1.4105172284e-07 -2.6531188131e-13 -1.1513186202e-13 -1.4105127874e-07 -6.3649423721e-14
d  4.6890439474e-03 3.2823305990e+00 -2.0000000000e-01 1.4290286073e+00 3.0000000000e+02 -1.4290332300e-07 1.1552197897e-13 1.4290286063e-07 1.4290332774e-07 -2.8259476372e-13 -1.1550197548e-13 -1.4290286594e-07 -6.3702543897e-14
d  4.7231162529e-03 3.3061812117e+00 -2.0000000000e-01 1.4512665382e+00 3.0000000000e+02 -1.4512714068e-07 1.1594166216e-13 1.4512665372e-07 1.4512714593e-07 -3.0671868279e-13 -1.1592165901e-13 -1.4512665954e-07 -6.3748294018e-14
d  4.7435596362e-03 3.3204915793e+00 -2.0000000000e-01 1.4646198346e+00 3.0000000000e+02 -1.4646248730e-07 1.1623754245e-13 1.4646198336e-07 1.4646249271e-07 -3.2335298208e-13 -1.1621753761e-13 -1.4646198936e-07 -6.3783329897e-14
d  4.7680916961e-03 3.3376640204e+00 -2.0000000000e-01 1.4806550378e+00 3.0000000000e+02 -1.4806603066e-07 1.1662872232e-13 1.4806550367e-07 1.4806603662e-07 -3.4595970724e-13 -1.1660871740e-13 -1.4806551022e-07 -6.3828851117e-14
d  4.7975301681e-03 3.3582709498e+00 -2.0000000000e-01 1.4999129402e+00 3.0000000000e+02 -1.4999185335e-07 1.1714512754e-13 1.4999129398e-07 1.4999185551e-07 -3.7782946723e-13 -1.1712512593e-13 -1.4999129667e-07 -6.3884608124e-14
d  4.8151932513e-03 3.3706351074e+00 -2.0000000000e-01 1.5114755128e+00 3.0000000000e+02 -1.5114813314e-07 1.1748515784e-13 1.5114755123e-07 1.5114813528e-07 -3.9998813237e-13 -1.1746515547e-13 -1.5114755391e-07 -6.3919018924e-14
d  4.8363889511e-03 3.3854720965e+00 -2.0000000000e-01 1.5253583340e+00 3.0000000000e+02 -1.5253644609e-07 1.1793480790e-13 1.5253583335e-07 1.5253644854e-07 -4.3032039063e-13 -1.1791480541e-13 -1.5253583634e-07 -6.3963578619e-14
d  4.8618237908e-03 3.4032764834e+00 -2.0000000000e-01 1.5420286817e+00 3.0000000000e+02 -1.5420352466e-07 1.1853875159e-13 1.5420286812e-07 1.5420352740e-07 -4.7345414038e-13 -1.1851874934e-13 -1.5420287140e-07 -6.4020749825e-14
d  4.8923455986e-03 3.4246417478e+00 -2.0000000000e-01 1.5620484777e+00 3.0000000000e+02 -1.5620556983e-07 1.1938060655e-13 1.5620484771e-07 1.5620557291e-07 -5.3810768652e-13 -1.1936060449e-13 -1.5620485134e-07 -6.4096120007e-14
d  4.9106586832e-03 3.4374609064e+00 -2.0000000000e-01 1.5740698118e+00 3.0000000000e+02 -1.5740775158e-07 1.1998612809e-13 1.5740698112e-07 1.5740775456e-07 -5.8578054115e-13 -1.1996612510e-13 -1.5740698467e-07 -6.4152188268e-14
d  4.9326343848e-03 3.4528438967e+00 -2.0000000000e-01 1.5885056650e+00 3.0000000000e+02 -1.5885140698e-07 1.2082562241e-13 1.5885056643e-07 1.5885141051e-07 -6.5494325195e-13 -1.2080561918e-13 -1.5885057053e-07 -6.4226859029e-14
d  4.9590052266e-03 3.4713034851e+00 -2.0000000000e-01 1.6058385631e+00 3.0000000000e+02 -1.6058480513e-07 1.2201218352e-13 1.6058385623e-07 1.6058480904e-07 -7.6200621404e-13 -1.2199218059e-13 -1.6058386073e-07 -6.4315043491e-14
d  4.9906502369e-03 3.4934549911e+00 -2.0000000000e-01 1.6266518401e+00 3.0000000000e+02 -1.6266631895e-07 1.2399525748e-13 1.6266518393e-07 1.6266632336e-07 -9.4599933279e-13 -1.2397525476e-13 -1.6266518893e-07 -6.4459554856e-14
d  5.0000000000e-03 3.4999998250e+00 -2.0000000000e-01 1.6328041424e+00 3.0000000000e+02 -1.6328162109e-07 1.2476233556e-13 1.6328041419e-07 1.6328162360e-07 -1.0170870324e-12 -1.2474233118e-13 -1.6328041726e-07 -6.4513369727e-14
d  5.0112197157e-03 3.5078536256e+00 -2.0000000000e-01 1.6401885934e+00 3.0000000000e+02 -1.6402016743e-07 1.2584889935e-13 1.6401885930e-07 1.6402016969e-07 -1.1171622824e-12 -1.2582889516e-13 -1.6401886211e-07 -6.4588536942e-14
d  5.0246833746e-03 3.5172781864e+00 -2.0000000000e-01 1.6490522450e+00 3.0000000000e+02 -1.6490668352e-07 1.2748161780e-13 1.6490522445e-07 1.6490668616e-07 -1.2663417307e-12 -1.2746161380e-13 -1.6490522766e-07 -6.4698988155e-14
d  5.0408397653e-03 3.5285876593e+00 -2.0000000000e-01 1.6596910216e+00 3.0000000000e+02 -1.6597080690e-07 1.3018056862e-13 1.6596910210e-07 1.6597081024e-07 -1.5091885320e-12 -1.3016056450e-13 -1.6596910601e-07 -6.4874567325e-14
d  5.0602274341e-03 3.5421590268e+00 -2.0000000000e-01 1.6724601772e+00 3.0000000000e+02 -1.6724819311e-07 1.3558202931e-13 1.6724601764e-07 1.6724819728e-07 -1.9740898869e-12 -1.3556202504e-13 -1.6724602241e-07 -6.5219746825e-14
d  5.0718600354e-03 3.5503018473e+00 -2.0000000000e-01 1.6801245956e+00 3.0000000000e+02 -1.6801509928e-07 1.4130132986e-13 1.6801245952e-07 1.6801510180e-07 -2.4323227467e-12 -1.4128132586e-13 -1.6801246261e-07 -6.5589530222e-14
d  5.0858191570e-03 3.5600732319e+00 -2.0000000000e-01 1.6893242843e+00 3.0000000000e+02 -1.6893610998e-07 1.5518253027e-13 1.6893242838e-07 1.6893611293e-07 -3.4594009280e-12 -1.5516252581e-13 -1.6893243190e-07 -6.6466042487e-14
d  5.0941946299e-03 3.5659360626e+00 -2.0000000000e-01 1.6948452615e+00 3.0000000000e+02 -1.6948952578e-07 1.7457294044e-13 1.6948452607e-07 1.6948953018e-07 -4.7568744937e-12 -1.7455293087e-13 -1.6948453107e-07 -6.7678920162e-14
d  5.0992199137e-03 3.5694537611e+00 -2.0000000000e-01 1.6981582131e+00 3.0000000000e+02 -1.6982232144e-07 1.9853005687e-13 1.6981582139e-07 1.6982231612e-07 -6.2319274451e-12 -1.9851007325e-13 -1.6981581652e-07 -6.9167833451e-14
d  5.1052502542e-03 3.5736749992e+00 -2.0000000000e-01 1.7021337740e+00 3.0000000000e+02 -1.7022512029e-07 2.9168146870e-13 1.7021337732e-07 1.7022512513e-07 -1.1375755593e-11 -2.9166144964e-13 -1.7021338277e-07 -7.4938826605e-14
d  5.1070593563e-03 3.5749413707e+00 -2.0000000000e-01 1.7033262258e+00 3.0000000000e+02 -1.7034838327e-07 3.6908972513e-13 1.7033262256e-07 1.7034838419e-07 -1.5311410688e-11 -3.6906971444e-13 -1.7033262403e-07 -7.9676135290e-14
d  5.1092302789e-03 3.5764610164e+00 -2.0000000000e-01 1.7047557447e+00 3.0000000000e+02 -1.7050739457e-07 7.0411559961e-13 1.7047557446e-07 1.7050739485e-07 -3.1015314294e-11 -7.0409559242e-13 -1.7047557528e-07 -1.0016609757e-13
d  5.1098815557e-03 3.5769169101e+00 -2.0000000000e-01 1.7051832869e+00 3.0000000000e+02 -1.7056471529e-07 1.0280740146e-12 1.7051832862e-07 1.7056471883e-07 -4.5238325498e-11 -1.0280539191e-12 -1.7051833276e-07 -1.1971399947e-13
d  5.1102723217e-03 3.5771904464e+00 -2.0000000000e-01 1.7054385574e+00 3.0000000000e+02 -1.7060808459e-07 1.4450924906e-12 1.7054385570e-07 1.7060808617e-07 -6.2638538134e-11 -1.4450724039e-12 -1.7054385784e-07 -1.4475982784e-13
d  5.1105067814e-03 3.5773545681e+00 -2.0000000000e-01 1.7055904499e+00 3.0000000000e+02 -1.7064307608e-07 1.9276414912e-12 1.7055904496e-07 1.7064307775e-07 -8.1929346337e-11 -1.9276213388e-12 -1.7055904719e-07 -1.7359268424e-13
d  5.1107881329e-03 3.5775515142e+00 -2.0000000000e-01 1.7057675642e+00 3.0000000000e+02 -1.7072119703e-07 3.4935061045e-12 1.7057675636e-07 1.7072120023e-07 -1.4067982784e-10 -3.4934858177e-12 -1.7057676015e-07 -2.6676825028e-13
d  5.1109569439e-03 3.5776696818e+00 -2.0000000000e-01 1.7058551737e+00 3.0000000000e+02 -1.7089571213e-07 8.0725241384e-12 1.7058551728e-07 1.7089571673e-07 -3.0158687312e-10 -8.0725033354e-12 -1.7058552250e-07 -5.3487645975e-13
d  5.1110075872e-03 3.5777051321e+00 -2.0000000000e-01 1.7058671018e+00 3.0000000000e+02 -1.7103993219e-07 1.2019144877e-11 1.7058670944e-07 1.7103997306e-07 -4.4044719419e-10 -1.2019109120e-11 -1.7058675165e-07 -7.5521260227e-13
d  5.1110379731e-03 3.5777264023e+00 -2.0000000000e-01 1.7058617663e+00 3.0000000000e+02 -1.7120378219e-07 1.6516107150e-11 1.7058617608e-07 1.7120381015e-07 -6.0008977149e-10 -1.6516064782e-11 -1.7058620519e-07 -9.9942699771e-13
d  5.1110744363e-03 3.5777519265e+00 -2.0000000000e-01 1.7058005247e+00 3.0000000000e+02 -1.7173386399e-07 3.0970146033e-11 1.7058005230e-07 1.7173387261e-07 -1.1210818545e-09 -3.0970118922e-11 -1.7058006166e-07 -1.7589093225e-12
d  5.1110963142e-03 3.5777672411e+00 -2.0000000000e-01 1.7055190989e+00 3.0000000000e+02 -1.7340499385e-07 7.4713514992e-11 1.7055190984e-07 1.7340499625e-07 -2.7746746002e-09 -7.4713490188e-11 -1.7055191289e-07 -3.6952669919e-12
d  5.1111028776e-03 3.5777718354e+00 -2.0000000000e-01 1.7051788931e+00 3.0000000000e+02 -1.7505735820e-07 1.1317884760e-10 1.7051788926e-07 1.7505735962e-07 -4.4222558662e-09 -1.1317881827e-10 -1.7051789129e-07 -4.0336493618e-12
d  5.1111068156e-03 3.5777745920e+00 -2.0000000000e-01 1.7046942960e+00 3.0000000000e+02 -1.7721674812e-07 1.5895849494e-10 1.7046942957e-07 1.7721674882e-07 -6.5855173895e-09 -1.5895846283e-10 -1.7046943087e-07 -2.8421024949e-12
d  5.1111091784e-03 3.5777762460e+00 -2.0000000000e-01 1.7040944955e+00 3.0000000000e+02 -1.7972889113e-07 2.0533967148e-10 1.7040944953e-07 1.7972889153e-07 -9.1151908389e-09 -2.0533963541e-10 -1.7040945053e-07 1.0894682800e-12
d  5.1111120138e-03 3.5777782308e+00 -2.0000000000e-01 1.7021019835e+00 3.0000000000e+02 -1.8767889301e-07 3.2976186925e-10 1.7021019833e-07 1.8767889314e-07 -1.7160665531e-08 -3.2976183977e-10 -1.7021019905e-07 2.1733277122e-11
d  5.1111137150e-03 3.5777794216e+00 -2.0000000000e-01 1.6971507069e+00 3.0000000000e+02 -2.0671233494e-07 4.6299773698e-10 1.6971507068e-07 2.0671233490e-07 -3.6668665848e-08 -4.6299770681e-10 -1.6971507128e-07 1.3439992127e-10
d  5.1111142254e-03 3.5777797789e+00 -2.0000000000e-01 1.6936688567e+00 3.0000000000e+02 -2.2013145227e-07 2.9339388974e-10 1.6936688567e-07 2.2013145206e-07 -5.0787007166e-08 -2.9339385682e-10 -1.6936688603e-07 3.1583498466e-10
d  5.1111148378e-03 3.5777802076e+00 -2.0000000000e-01 1.6846297177e+00 3.0000000000e+02 -2.5723916352e-07 -2.3796659940e-10 1.6846297176e-07 2.5723916331e-07 -8.9849822200e-08 2.3796663163e-10 -1.6846297215e-07 8.3566440990e-10
d  5.1111152053e-03 3.5777804648e+00 -2.0000000000e-01 1.6720478182e+00 3.0000000000e+02 -3.1642028552e-07 -1.7330429618e-09 1.6720478182e-07 3.1642028526e-07 -1.5283656212e-07 1.7330429925e-09 -1.6720478215e-07 1.8880160003e-09
d  5.1111154258e-03 3.5777806191e+00 -2.0000000000e-01 1.6577801826e+00 3.0000000000e+02 -3.9626469088e-07 -4.4881401660e-09 1.6577801826e-07 3.9626469057e-07 -2.3850904434e-07 4.4881401937e-09 -1.6577801852e-07 3.5342320826e-09
d  5.1111156903e-03 3.5777808043e+00 -2.0000000000e-01 1.6167552016e+00 3.0000000000e+02 -7.3149999552e-07 -1.5082628379e-08 1.6167552016e-07 7.3149999532e-07 -5.9456476481e-07 1.5082628416e-08 -1.6167552086e-07 9.6576619319e-09
d  5.1111160078e-03 3.5777810266e+00 -2.0000000000e-01 1.3239011141e+00 3.0000000000e+02 -3.3281223886e-05 -1.1527163850e-07 1.3239011140e-07 3.3281223907e-05 -3.3328893527e-05 1.1527163858e-07 -1.3239018861e-07 6.4788169903e-08
d  5.1111162537e-03 3.5777811987e+00 -2.0000000000e-01 1.2772129696e+00 3.0000000000e+02 -6.0453788209e-05 1.1145530515e-08 1.2772129697e-07 6.0453788174e-05 -6.0308935934e-05 -1.1145530576e-08 -1.2772123434e-07 -5.9854755798e-09
d  5.1111165349e-03 3.5777813955e+00 -2.0000000000e-01 1.2663917384e+00 3.0000000000e+02 -7.2326020422e-05 4.4426968808e-09 1.2663917384e-07 7.2326020417e-05 -7.2192861550e-05 -4.4426968704e-09 -1.2663916557e-07 -2.0770044745e-09
d  5.1111168536e-03 3.5777816186e+00 -2.0000000000e-01 1.2644791932e+00 3.0000000000e+02 -7.4169916395e-05 6.5940263058e-10 1.2644791930e-07 7.4169916442e-05 -7.4042255780e-05 -6.5940253271e-10 -1.2644799987e-07 -5.5325884556e-10
d  5.1111172360e-03 3.5777818863e+00 -2.0000000000e-01 1.2650712340e+00 3.0000000000e+02 -7.3428336329e-05 4.4102158429e-10 1.2650712341e-07 7.3428336303e-05 -7.3301107378e-05 -4.4102159941e-10 -1.2650707872e-07 -2.8082457744e-10
d  5.1111176949e-03 3.5777822076e+00 -2.0000000000e-01 1.2655814157e+00 3.0000000000e+02 -7.2885993443e-05 7.7140944269e-11 1.2655814157e-07 7.2885993424e-05 -7.2759314757e-05 -7.7140945330e-11 -1.2655810823e-07 -4.3417286710e-11
d  5.1111182457e-03 3.5777825931e+00 -2.0000000000e-01 1.2656890164e+00 3.0000000000e+02 -7.2774355957e-05 -2.3628647458e-11 1.2656890166e-07 7.2774355874e-05 -7.2647825803e-05 2.3628593894e-11 -1.2656875670e-07 1.5056275974e-11
d  5.1111189065e-03 3.5777830557e+00 -2.0000000000e-01 1.2656721521e+00 3.0000000000e+02 -7.2792529041e-05 -1.1565676344e-11 1.2656721508e-07 7.2792529508e-05 -7.2665980230e-05 1.1566039205e-11 -1.2656805101e-07 7.2075527966e-12
d  5.1111196996e-03 3.5777836108e+00 -2.0000000000e-01 1.2656589637e+00 3.0000000000e+02 -7.2806858440e-05 -8.8504140184e-13 1.2656589627e-07 7.2806858809e-05 -7.2680293686e-05 8.8528314175e-13 -1.2656656197e-07 5.5317261106e-13
d  5.1111206512e-03 3.5777842770e+00 -2.0000000000e-01 1.2656574433e+00 3.0000000000e+02 -7.2808953982e-05 5.6698974893e-13 1.2656574410e-07 7.2808954849e-05 -7.2682386607e-05 -5.6654271173e-13 -1.2656731703e-07 -3.5785458223e-13
d  5.1111217932e-03 3.5777850763e+00 -2.0000000000e-01 1.2656583116e+00 3.0000000000e+02 -7.2808622567e-05 2.0879414359e-13 1.2656583120e-07 7.2808622396e-05 -7.2682056536e-05 -2.0884320443e-13 -1.2656552019e-07 -1.3241837863e-13
d  5.1111231635e-03 3.5777860356e+00 -2.0000000000e-01 1.2656589735e+00 3.0000000000e+02 -7.2808625711e-05 7.0980997391e-14 1.2656589736e-07 7.2808625661e-05 -7.2682059737e-05 -7.0977661509e-14 -1.2656580590e-07 -4.7090304997e-14
d  5.1111248080e-03 3.5777871867e+00 -2.0000000000e-01 1.2656595639e+00 3.0000000000e+02 -7.2808845537e-05 6.8649548203e-14 1.2656595639e-07 7.2808845545e-05 -7.2682279460e-05 -6.8627266763e-14 -1.2656597178e-07 -4.5184579991e-14
d  5.1111267813e-03 3.5777885680e+00 -2.0000000000e-01 1.2656602614e+00 3.0000000000e+02 -7.2809120998e-05 7.3327279767e-14 1.2656602613e-07 7.2809121005e-05 -7.2682554844e-05 -7.3305721267e-14 -1.2656603892e-07 -4.8108322579e-14
d  5.1111291493e-03 3.5777902256e+00 -2.0000000000e-01 1.2656611047e+00 3.0000000000e+02 -7.2809444723e-05 7.3878434867e-14 1.2656611047e-07 7.2809444722e-05 -7.2682878490e-05 -7.3858512562e-14 -1.2656610984e-07 -4.8466799385e-14
d  5.1111319909e-03 3.5777922147e+00 -2.0000000000e-01 1.2656621178e+00 3.0000000000e+02 -7.2809832156e-05 7.3799211585e-14 1.2656621178e-07 7.2809832148e-05 -7.2683265828e-05 -7.3780400185e-14 -1.2656619774e-07 -4.8419412708e-14
d  5.1111354008e-03 3.5777946016e+00 -2.0000000000e-01 1.2656633333e+00 3.0000000000e+02 -7.2810297175e-05 7.3780996194e-14 1.2656633333e-07 7.2810297158e-05 -7.2683730733e-05 -7.3763087911e-14 -1.2656630333e-07 -4.8408019244e-14
d  5.1111394926e-03 3.5777974660e+00 -2.0000000000e-01 1.2656647919e+00 3.0000000000e+02 -7.2810855231e-05 7.3780845422e-14 1.2656647920e-07 7.2810855204e-05 -7.2684288652e-05 -7.3763702062e-14 -1.2656642965e-07 -4.8408238664e-14
d  5.1111444029e-03 3.5778009031e+00 -2.0000000000e-01 1.2656665423e+00 3.0000000000e+02 -7.2811524902e-05 7.3780798372e-14 1.2656665424e-07 7.2811524862e-05 -7.2684958159e-05 -7.3764299872e-14 -1.2656658092e-07 -4.8408444098e-14
d  5.1111502952e-03 3.5778050277e+00 -2.0000000000e-01 1.2656686427e+00 3.0000000000e+02 -7.2812328513e-05 7.3780383922e-14 1.2656686428e-07 7.2812328458e-05 -7.2685761574e-05 -7.3764427045e-14 -1.2656676221e-07 -4.8408467233e-14
d  5.1111573660e-03 3.5778099773e+00 -2.0000000000e-01 1.2656711632e+00 3.0000000000e+02 -7.2813292856e-05 7.3780192770e-14 1.2656711634e-07 7.2813292782e-05 -7.2686725681e-05 -7.3764689198e-14 -1.2656697958e-07 -4.8408486014e-14
d  5.1111658509e-03 3.5778159167e+00 -2.0000000000e-01 1.2656741878e+00 3.0000000000e+02 -7.2814450079e-05 7.3779977134e-14 1.2656741881e-07 7.2814449984e-05 -7.2687882621e-05 -7.3764851686e-14 -1.2656724032e-07 -4.8408510816e-14
d  5.1111760328e-03 3.5778230441e+00 -2.0000000000e-01 1.2656778174e+00 3.0000000000e+02 -7.2815838766e-05 7.3779809342e-14 1.2656778177e-07 7.2815838644e-05 -7.2689270969e-05 -7.3764997946e-14 -1.2656755317e-07 -4.8408539987e-14
d  5.1111882511e-03 3.5778315969e+00 -2.0000000000e-01 1.2656821729e+00 3.0000000000e+02 -7.2817505216e-05 7.3779665188e-14 1.2656821732e-07 7.2817505062e-05 -7.2690937012e-05 -7.3765113318e-14 -1.2656792863e-07 -4.8408575338e-14
d  5.1112029130e-03 3.5778418602e+00 -2.0000000000e-01 1.2656873994e+00 3.0000000000e+02 -7.2819504995e-05 7.3779575118e-14 1.2656873999e-07 7.2819504803e-05 -7.2692936302e-05 -7.3765236044e-14 -1.2656837936e-07 -4.8408617604e-14
d  5.1112205074e-03 3.5778541763e+00 -2.0000000000e-01 1.2656936715e+00 3.0000000000e+02 -7.2821904909e-05 7.3781521077e-14 1.2656936713e-07 7.2821904954e-05 -7.2695335379e-05 -7.3760408595e-14 -1.2656945246e-07 -4.8406133426e-14
d  5.1112416206e-03 3.5778689555e+00 -2.0000000000e-01 1.2657011978e+00 3.0000000000e+02 -7.2824784761e-05 7.3715957623e-14 1.2657011977e-07 7.2824784815e-05 -7.2698214470e-05 -7.3694847107e-14 -1.2657022209e-07 -4.8408236872e-14
d  5.1112669564e-03 3.5778866906e+00 -2.0000000000e-01 1.2657102295e+00 3.0000000000e+02 -7.2828240700e-05 7.3732396269e-14 1.2657102293e-07 7.2828240765e-05 -7.2701669497e-05 -7.3711286074e-14 -1.2657114578e-07 -4.8407820295e-14
d  5.1112973594e-03 3.5779079727e+00 -2.0000000000e-01 1.2657210675e+00 3.0000000000e+02 -7.2832387992e-05 7.3732550036e-14 1.2657210673e-07 7.2832388070e-05 -7.2705815693e-05 -7.3711440087e-14 -1.2657225423e-07 -4.8407915059e-14
d  5.1113338430e-03 3.5779335112e+00 -2.0000000000e-01 1.2657340733e+00 3.0000000000e+02 -7.2837364978e-05 7.3732731251e-14 1.2657340730e-07 7.2837365072e-05 -7.2710791365e-05 -7.3711621227e-14 -1.2657358442e-07 -4.8408024788e-14
d  5.1113776234e-03 3.5779641575e+00 -2.0000000000e-01 1.2657496803e+00 3.0000000000e+02 -7.2843337702e-05 7.3732944903e-14 1.2657496800e-07 7.2843337815e-05 -7.2716762512e-05 -7.3711834478e-14 -1.2657518074e-07 -4.8408158188e-14
d  5.1114301598e-03 3.5780009329e+00 -2.0000000000e-01 1.2657684089e+00 3.0000000000e+02 -7.2850505462e-05 7.3733199895e-14 1.2657684085e-07 7.2850505597e-05 -7.2723928378e-05 -7.3712088758e-14 -1.2657709642e-07 -4.8408318321e-14
d  5.1114932034e-03 3.5780450635e+00 -2.0000000000e-01 1.2657908834e+00 3.0000000000e+02 -7.2859107480e-05 7.3733507274e-14 1.2657908830e-07 7.2859107642e-05 -7.2732528124e-05 -7.3712395063e-14 -1.2657939541e-07 -4.8408510591e-14
d  5.1115688559e-03 3.5780980202e+00 -2.0000000000e-01 1.2658178533e+00 3.0000000000e+02 -7.2869430918e-05 7.3733870871e-14 1.2658178528e-07 7.2869431113e-05 -7.2742848836e-05 -7.3712757202e-14 -1.2658215444e-07 -4.8408741293e-14
d  5.1116596388e-03 3.5781615682e+00 -2.0000000000e-01 1.2658502176e+00 3.0000000000e+02 -7.2881820508e-05 7.3734313633e-14 1.2658502170e-07 7.2881820743e-05 -7.2755235155e-05 -7.3713198066e-14 -1.2658546561e-07 -4.8409018133e-14
d  5.1117685782e-03 3.5782378259e+00 -2.0000000000e-01 1.2658890555e+00 3.0000000000e+02 -7.2896690126e-05 7.3734847272e-14 1.2658890548e-07 7.2896690409e-05 -7.2770100847e-05 -7.3713729292e-14 -1.2658943952e-07 -4.8409350446e-14
d  5.1118993056e-03 3.5783293350e+00 -2.0000000000e-01 1.2659356621e+00 3.0000000000e+02 -7.2914536706e-05 7.3735483993e-14 1.2659356613e-07 7.2914537046e-05 -7.2787942715e-05 -7.3714363027e-14 -1.2659420891e-07 -4.8409749229e-14
d  5.1120561785e-03 3.5784391460e+00 -2.0000000000e-01 1.2659915916e+00 3.0000000000e+02 -7.2935956976e-05 7.3736248892e-14 1.2659915906e-07 7.2935957386e-05 -7.2809357331e-05 -7.3715124253e-14 -1.2659993321e-07 -4.8410227945e-14
d  5.1122444259e-03 3.5785709192e+00 -2.0000000000e-01 1.2660587092e+00 3.0000000000e+02 -7.2961667603e-05 7.3737165186e-14 1.2660587080e-07 7.2961668097e-05 -7.2835061171e-05 -7.3716036069e-14 -1.2660680385e-07 -4.8410802513e-14
d  5.1124703228e-03 3.5787290470e+00 -2.0000000000e-01 1.2661392535e+00 3.0000000000e+02 -7.2992529432e-05 7.3738268106e-14 1.2661392520e-07 7.2992530028e-05 -7.2865914856e-05 -7.3717133557e-14 -1.2661505075e-07 -4.8411492215e-14
d  5.1127413991e-03 3.5789188004e+00 -2.0000000000e-01 1.2662359113e+00 3.0000000000e+02 -7.3029576702e-05 7.3739594685e-14 1.2662359095e-07 7.3029577422e-05 -7.2902952350e-05 -7.3718453568e-14 -1.2662495009e-07 -4.8412320177e-14
d  5.1130666906e-03 3.5791465045e+00 -2.0000000000e-01 1.2663519073e+00 3.0000000000e+02 -7.3074052261e-05 7.3741183112e-14 1.2663519052e-07 7.3074053132e-05 -7.2947416176e-05 -7.3720034072e-14 -1.2663683373e-07 -4.8413314201e-14
d  5.1134570405e-03 3.5794197494e+00 -2.0000000000e-01 1.2664911122e+00 3.0000000000e+02 -7.3127450066e-05 7.3743096729e-14 1.2664911096e-07 7.3127451120e-05 -7.3000799897e-05 -7.3721938149e-14 -1.2665110047e-07 -4.8414507666e-14
d  5.1139254603e-03 3.5797476432e+00 -2.0000000000e-01 1.2666581718e+00 3.0000000000e+02 -7.3191566524e-05 7.3745394430e-14 1.2666581687e-07 7.3191567803e-05 -7.3064899451e-05 -7.3724224375e-14 -1.2666822976e-07 -4.8415940782e-14
d  5.1144875641e-03 3.5801411159e+00 -2.0000000000e-01 1.2668586633e+00 3.0000000000e+02 -7.3268562604e-05 7.3748156766e-14 1.2668586595e-07 7.3268564158e-05 -7.3141875238e-05 -7.3726972920e-14 -1.2668879817e-07 -4.8417661862e-14
d  5.1151620887e-03 3.5806132830e+00 -2.0000000000e-01 1.2670992819e+00 3.0000000000e+02 -7.3361039076e-05 7.3751478935e-14 1.2670992772e-07 7.3361040969e-05 -7.3234327348e-05 -7.3730278526e-14 -1.2671349940e-07 -4.8419729112e-14
d  5.1159715181e-03 3.5811798836e+00 -2.0000000000e-01 1.2673880656e+00 3.0000000000e+02 -7.3472127937e-05 7.3755527214e-14 1.2673880655e-07 7.3472127998e-05 -7.3345388953e-05 -7.3735494897e-14 -1.2673892221e-07 -4.8422748427e-14
d  5.1169428335e-03 3.5818598044e+00 -2.0000000000e-01 1.2677347041e+00 3.0000000000e+02 -7.3605617959e-05 7.3767553932e-14 1.2677347039e-07 7.3605618034e-05 -7.3478844300e-05 -7.3747521130e-14 -1.2677361150e-07 -4.8428167959e-14
d  5.1181084119e-03 3.5826757092e+00 -2.0000000000e-01 1.2681508210e+00 3.0000000000e+02 -7.3766074195e-05 7.3784171455e-14 1.2681508207e-07 7.3766074285e-05 -7.3639258910e-05 -7.3764138525e-14 -1.2681525235e-07 -4.8435153871e-14
d  5.1195071060e-03 3.5836547950e+00 -2.0000000000e-01 1.2686502783e+00 3.0000000000e+02 -7.3958975450e-05 7.3785406039e-14 1.2686502780e-07 7.3958975559e-05 -7.3832110202e-05 -7.3765372736e-14 -1.2686523486e-07 -4.8437557274e-14
d  5.1211855390e-03 3.5848296980e+00 -2.0000000000e-01 1.2692498064e+00 3.0000000000e+02 -7.4190963447e-05 7.3794151454e-14 1.2692498061e-07 7.4190963581e-05 -7.4064038225e-05 -7.3774117685e-14 -1.2692523318e-07 -4.8442899152e-14
d  5.1231996585e-03 3.5862395816e+00 -2.0000000000e-01 1.2699695190e+00 3.0000000000e+02 -7.4470071530e-05 7.3806072636e-14 1.2699695186e-07 7.4470071693e-05 -7.4343074311e-05 -7.3786038376e-14 -1.2699726027e-07 -4.8449929450e-14
d  5.1256166019e-03 3.5879314419e+00 -2.0000000000e-01 1.2708335493e+00 3.0000000000e+02 -7.4806062765e-05 7.3818093984e-14 1.2708335488e-07 7.4806062966e-05 -7.4678979109e-05 -7.3798058969e-14 -1.2708373449e-07 -4.8457243239e-14
d  5.1285169340e-03 3.5899616743e+00 -2.0000000000e-01 1.2718709316e+00 3.0000000000e+02 -7.5210776575e-05 7.3833317208e-14 1.2718709310e-07 7.5210776824e-05 -7.5083589140e-05 -7.3813281384e-14 -1.2718756120e-07 -4.8466475384e-14
d  5.1319973326e-03 3.5923979532e+00 -2.0000000000e-01 1.2731165702e+00 3.0000000000e+02 -7.5698637424e-05 7.3851223556e-14 1.2731165695e-07 7.5698637732e-05 -7.5571325373e-05 -7.3831186786e-14 -1.2731223655e-07 -4.8477361323e-14
d  5.1361738108e-03 3.5953214878e+00 -2.0000000000e-01 1.2746124467e+00 3.0000000000e+02 -7.6287267832e-05 7.3872449391e-14 1.2746124458e-07 7.6287268216e-05 -7.6159806127e-05 -7.3852411456e-14 -1.2746196671e-07 -4.8490242356e-14
d  5.1411855847e-03 3.5988297293e+00 -2.0000000000e-01 1.2764091288e+00 3.0000000000e+02 -7.6998243973e-05 7.3899386974e-14 1.2764091276e-07 7.6998244455e-05 -7.6870602514e-05 -7.3879347627e-14 -1.2764181845e-07 -4.8506279554e-14
d  5.1471997134e-03 3.6030396192e+00 -2.0000000000e-01 1.2785675181e+00 3.0000000000e+02 -7.7858110374e-05 7.3932285214e-14 1.2785675180e-07 7.7858110396e-05 -7.7730253479e-05 -7.3912283714e-14 -1.2785679375e-07 -4.8525682479e-14
d  5.1544166678e-03 3.6080914870e+00 -2.0000000000e-01 1.2811610692e+00 3.0000000000e+02 -7.8899686726e-05 7.3973923276e-14 1.2811610691e-07 7.8899686755e-05 -7.8771570472e-05 -7.3953921706e-14 -1.2811616014e-07 -4.8549587550e-14
d  5.1630770130e-03 3.6141537284e+00 -2.0000000000e-01 1.2842783579e+00 3.0000000000e+02 -8.0163731022e-05 7.4023793799e-14 1.2842783578e-07 8.0163731058e-05 -8.0035303032e-05 -7.4003792145e-14 -1.2842790394e-07 -4.8578154974e-14
d  5.1734694274e-03 3.6214284181e+00 -2.0000000000e-01 1.2880261388e+00 3.0000000000e+02 -8.1701102732e-05 7.4079121515e-14 1.2880261387e-07 8.1701102773e-05 -8.1572299960e-05 -7.4059119978e-14 -1.2880269104e-07 -4.8610890985e-14
d  5.1859403246e-03 3.6301580457e+00 -2.0000000000e-01 1.2925339666e+00 3.0000000000e+02 -8.3575873718e-05 7.4153981084e-14 1.2925339665e-07 8.3575873770e-05 -8.3446620153e-05 -7.4133979492e-14 -1.2925349445e-07 -4.8653012565e-14
d  5.2009054012e-03 3.6406335988e+00 -2.0000000000e-01 1.2979586621e+00 3.0000000000e+02 -8.5869373110e-05 7.4245277346e-14 1.2979586619e-07 8.5869373179e-05 -8.5739577061e-05 -7.4225275640e-14 -1.2979599482e-07 -4.8703864747e-14
d  5.2188634932e-03 3.6532042626e+00 -2.0000000000e-01 1.3044908267e+00 3.0000000000e+02 -8.8686308999e-05 7.4363184125e-14 1.3044908265e-07 8.8686309092e-05 -8.8555859714e-05 -7.4343182273e-14 -1.3044925483e-07 -4.8766754428e-14
d  5.2404132036e-03 3.6682890591e+00 -2.0000000000e-01 1.3123641620e+00 3.0000000000e+02 -9.2162660266e-05 7.4528292743e-14 1.3123641618e-07 9.2162660393e-05 -9.2031423619e-05 -7.4508290715e-14 -1.3123665011e-07 -4.8849871871e-14
d  5.2662728560e-03 3.6863908149e+00 -2.0000000000e-01 1.3218610604e+00 3.0000000000e+02 -9.6476037378e-05 7.4709697820e-14 1.3218610600e-07 9.6476037555e-05 -9.6343851002e-05 -7.4689695573e-14 -1.3218642975e-07 -4.8943483681e-14
d  5.2973044390e-03 3.7081129219e+00 -2.0000000000e-01 1.3333309748e+00 3.0000000000e+02 -1.0186506469e-04 7.4960399274e-14 1.3333309743e-07 1.0186506495e-04 -1.0173173127e-04 -7.4940396741e-14 -1.3333355715e-07 -4.9065356084e-14
d  5.3345423385e-03 3.7341794502e+00 -2.0000000000e-01 1.3472027065e+00 3.0000000000e+02 -1.0865243694e-04 7.5268541626e-14 1.3472027065e-07 1.0865243696e-04 -1.0851771652e-04 -7.5248541422e-14 -1.3472031785e-07 -4.9212852177e-14
d  5.3792278179e-03 3.7654592843e+00 -2.0000000000e-01 1.3640045413e+00 3.0000000000e+02 -1.1728442787e-04 7.5645433830e-14 1.3640045413e-07 1.1728442791e-04 -1.1714802726e-04 -7.5625433590e-14 -1.3640052557e-07 -4.9389830595e-14
d  5.4328503932e-03 3.8029950851e+00 -2.0000000000e-01 1.3843972392e+00 3.0000000000e+02 -1.2839818796e-04 7.6138642561e-14 1.3843972391e-07 1.2839818803e-04 -1.2825974807e-04 -7.6118642274e-14 -1.3843983606e-07 -4.9611571354e-14
d  5.4971974836e-03 3.8480380461e+00 -2.0000000000e-01 1.4091849689e+00 3.0000000000e+02 -1.4294553827e-04 7.6704696515e-14 1.4091849687e-07 1.4294553838e-04 -1.4280461957e-04 -7.6684696164e-14 -1.4091868129e-07 -4.9856713246e-14
d  5.5744139921e-03 3.9020895993e+00 -2.0000000000e-01 1.4396289747e+00 3.0000000000e+02 -1.6244303804e-04 7.8134259759e-14 1.4396289745e-07 1.6244303823e-04 -1.6229907489e-04 -7.8114259326e-14 -1.4396321140e-07 -5.0402087211e-14
d  5.6670738022e-03 3.9669514632e+00 -2.0000000000e-01 1.4769634638e+00 3.0000000000e+02 -1.8904330269e-04 7.9099831776e-14 1.4769634634e-07 1.8904330301e-04 -1.8889560600e-04 -7.9079831258e-14 -1.4769687928e-07 -5.0801068953e-14
d  5.7142860000e-03 4.0000000000e+00 -2.0000000000e-01 1.4963249460e+00 3.0000000000e+02 -2.0412406505e-04 7.9709984792e-14 1.4963249459e-07 2.0412406517e-04 -2.0397443235e-04 -7.9689984511e-14 -1.4963268129e-07 -5.1034405688e-14
d  5.7709406374e-03 4.0396582442e+00 -2.0000000000e-01 1.5198741530e+00 3.0000000000e+02 -2.2376952457e-04 8.0502000670e-14 1.5198741528e-07 2.2376952474e-04 -2.2361753692e-04 -8.0482000304e-14 -1.5198769675e-07 -5.1331044886e-14
d  5.8389262022e-03 4.0872481372e+00 -2.0000000000e-01 1.5485646164e+00 3.0000000000e+02 -2.4982122205e-04 8.1378486798e-14 1.5485646161e-07 2.4982122233e-04 -2.4966636529e-04 -8.1358486382e-14 -1.5485690161e-07 -5.1655246181e-14
d  5.9205088800e-03 4.1443560088e+00 -2.0000000000e-01 1.5836340920e+00 3.0000000000e+02 -2.8517950093e-04 8.2550925227e-14 1.5836340916e-07 2.8517950140e-04 -2.8502113714e-04 -8.2530924755e-14 -1.5836412235e-07 -5.2073236969e-14
d  6.0184080934e-03 4.2128854547e+00 -2.0000000000e-01 1.6266398540e+00 3.0000000000e+02 -3.3459372075e-04 8.3999968102e-14 1.6266398535e-07 3.3459372156e-04 -3.3443105622e-04 -8.3979967567e-14 -1.6266519601e-07 -5.2569826386e-14
d  6.1358871494e-03 4.2951207898e+00 -2.0000000000e-01 1.6795062812e+00 3.0000000000e+02 -4.0655273935e-04 8.5746610547e-14 1.6795062804e-07 4.0655274081e-04 -4.0638478790e-04 -8.5726609956e-14 -1.6795277356e-07 -5.3123528508e-14
d  6.2768620167e-03 4.3938031920e+00 -2.0000000000e-01 1.7457518952e+00 3.0000000000e+02 -5.1923120522e-04 8.9727420725e-14 1.7457518940e-07 5.1923120812e-04 -5.1905662875e-04 -8.9707420152e-14 -1.7457922757e-07 -5.4351318337e-14
d  6.4460318574e-03 4.5122220745e+00 -2.0000000000e-01 1.8284389469e+00 3.0000000000e+02 -7.0839442323e-04 9.3186281114e-14 1.8284389457e-07 7.0839442698e-04 -7.0821157787e-04 -9.3166280778e-14 -1.8284896787e-07 -5.5264340120e-14
d  6.6490356662e-03 4.6543247336e+00 -2.0000000000e-01 1.9294990761e+00 3.0000000000e+02 -1.0537721062e-03 9.5505053427e-14 1.9294990761e-07 1.0537721062e-03 -1.0535791561e-03 -9.5485053427e-14 -1.9294991072e-07 -5.5493457139e-14
d  6.8926402368e-03 4.8248479245e+00 -2.0000000000e-01 2.0468052519e+00 3.0000000000e+02 -1.6904939316e-03 9.3882153763e-14 2.0468052519e-07 1.6904939316e-03 -1.6902892510e-03 -9.3862153763e-14 -2.0468052324e-07 -5.4150599118e-14
d  7.1428570000e-03 4.9999996500e+00 -2.0000000000e-01 2.1576707457e+00 3.0000000000e+02 -2.5169309284e-03 8.8190322663e-14 2.1576707457e-07 2.5169309284e-03 -2.5167151612e-03 -8.8170322663e-14 -2.1576707711e-07 -5.1888539045e-14
d  7.4431171158e-03 5.2101817206e+00 -2.0000000000e-01 2.2807214836e+00 3.0000000000e+02 -3.6259349285e-03 8.4410915867e-14 2.2807214836e-07 3.6259349285e-03 -3.6257068562e-03 -8.4390915867e-14 -2.2807215273e-07 -5.0401499529e-14
d  7.8034292548e-03 5.4624002053e+00 -2.0000000000e-01 2.4068611734e+00 3.0000000000e+02 -4.8715148892e-03 7.4071854221e-14 2.4068611734e-07 4.8715148892e-03 -4.8712742029e-03 -7.4051854220e-14 -2.4068612568e-07 -4.6733470099e-14
d  8.2358038216e-03 5.7650623869e+00 -2.0000000000e-01 2.5295381042e+00 3.0000000000e+02 -6.2102308234e-03 6.5575242411e-14 2.5295381042e-07 6.2102308234e-03 -6.2099778695e-03 -6.5555242411e-14 -2.5295381341e-07 -4.3292224819e-14
d  8.5714290000e-03 6.0000000000e+00 -2.0000000000e-01 2.6085198801e+00 3.0000000000e+02 -7.1237662764e-03 6.2000829830e-14 2.6085198801e-07 7.1237662764e-03 -7.1235054243e-03 -6.1980829830e-14 -2.6085199140e-07 -4.1676882334e-14
d  8.9741792140e-03 5.7180749301e+00 -2.0000000000e-01 2.5124541355e+00 3.0000000000e+02 -6.0131931991e-03 -1.3528772259e-13 2.5124541355e-07 6.0131931991e-03 -6.0129419539e-03 1.3530772259e-13 -2.5124541122e-07 8.9538208141e-14
d  9.3381257058e-03 5.4633124580e+00 -2.0000000000e-01 2.4072816152e+00 3.0000000000e+02 -4.8757686580e-03 -7.3509314348e-14 2.4072816152e-07 4.8757686579e-03 -4.8755279299e-03 7.3529314348e-14 -2.4072815838e-07 4.6494106240e-14
d  9.6449910177e-03 5.2485068005e+00 -2.0000000000e-01 2.3012830635e+00 3.0000000000e+02 -3.8236841088e-03 -8.1005012757e-14 2.3012830635e-07 3.8236841088e-03 -3.8234539806e-03 8.1025012757e-14 -2.3012830153e-07 4.9362669645e-14
d  1.0000000000e-02 5.0000005833e+00 -2.0000000000e-01 2.1576713383e+00 3.0000000000e+02 -2.5169360122e-03 -8.9919524115e-14 2.1576713383e-07 2.5169360122e-03 -2.5167202452e-03 8.9939524115e-14 -2.1576713323e-07 5.2531892693e-14
d  1.0426010779e-02 4.7017931227e+00 -2.0000000000e-01 1.9627094003e+00 3.0000000000e+02 -1.2103084836e-03 -9.4793822856e-14 1.9627093626e-07 1.2103086329e-03 -1.2101121589e-03 9.4813825412e-14 -1.9647417024e-07 5.4789770612e-14
d  1.0673065720e-02 4.5288547127e+00 -2.0000000000e-01 1.8402061958e+00 3.0000000000e+02 -7.4126550796e-04 -9.5194282639e-14 1.8402061956e-07 7.4126550853e-04 -7.4108148729e-04 9.5214282667e-14 -1.8402138838e-07 5.5776184950e-14
d  1.0811604029e-02 4.4318779237e+00 -2.0000000000e-01 1.7720460233e+00 3.0000000000e+02 -5.7246752075e-04 -9.1218277280e-14 1.7720460232e-07 5.7246752109e-04 -5.7229031616e-04 9.1238277330e-14 -1.7720507617e-07 5.4830772197e-14
d  1.0940189674e-02 4.3418679978e+00 -2.0000000000e-01 1.7104445822e+00 3.0000000000e+02 -4.5570984559e-04 -8.8266974150e-14 1.7104445821e-07 4.5570984587e-04 -4.5553880116e-04 8.8286974225e-14 -1.7104485515e-07 5.3960339327e-14
d  1.1094492448e-02 4.2338560866e+00 -2.0000000000e-01 1.6399978242e+00 3.0000000000e+02 -3.5148585135e-04 -8.3885048066e-14 1.6399978240e-07 3.5148585179e-04 -3.5132185149e-04 8.3905048237e-14 -1.6400043787e-07 5.2555015962e-14
d  1.1279655777e-02 4.1042417932e+00 -2.0000000000e-01 1.5589259246e+00 3.0000000000e+02 -2.5984562884e-04 -8.1518749786e-14 1.5589259243e-07 2.5984562932e-04 -2.5968973612e-04 8.1538750031e-14 -1.5589333859e-07 5.1756690202e-14
d  1.1428570000e-02 4.0000018667e+00 -2.0000000000e-01 1.4963260434e+00 3.0000000000e+02 -2.0412498301e-04 -7.9632767580e-14 1.4963260433e-07 2.0412498315e-04 -2.0397535046e-04 7.9652767691e-14 -1.4963281991e-07 5.1036608457e-14
d  1.1607267068e-02 3.8749139548e+00 -2.0000000000e-01 1.4242458807e+00 3.0000000000e+02 -1.5235834953e-04 -7.7406842839e-14 1.4242458806e-07 1.5235834956e-04 -1.5221592504e-04 7.7426842873e-14 -1.4242464150e-07 5.0154562555e-14
d  1.1821703549e-02 3.7248084605e+00 -2.0000000000e-01 1.3422024036e+00 3.0000000000e+02 -1.0617108534e-04 -7.4804145959e-14 1.3422024035e-07 1.0617108542e-04 -1.0603686517e-04 7.4824146066e-14 -1.3422038014e-07 4.9072907884e-14
d  1.2079027326e-02 3.5446818674e+00 -2.0000000000e-01 1.2488754545e+00 3.0000000000e+02 -6.6570915963e-05 -7.3157046744e-14 1.2488754543e-07 6.6570916019e-05 -6.6446028488e-05 7.3177046846e-14 -1.2488765259e-07 4.8186780465e-14
d  1.2142860000e-02 3.4999990083e+00 -2.0000000000e-01 1.2264975378e+00 3.0000000000e+02 -5.8810319645e-05 -7.3055097058e-14 1.2264975377e-07 5.8810319683e-05 -5.8687669975e-05 7.3075097308e-14 -1.2264982970e-07 4.8034958089e-14
d  1.2219459209e-02 3.4463795775e+00 -2.0000000000e-01 1.1999653534e+00 3.0000000000e+02 -5.0399853615e-05 -7.2925117607e-14 1.1999653533e-07 5.0399853622e-05 -5.0279857193e-05 7.2945117666e-14 -1.1999655036e-07 4.7865485847e-14
d  1.2311378259e-02 3.3820362605e+00 -2.0000000000e-01 1.1684883946e+00 3.0000000000e+02 -4.1480670940e-05 -7.2978115403e-14 1.1684883945e-07 4.1480670976e-05 -4.1363822184e-05 7.2998115682e-14 -1.1684891253e-07 4.7720358809e-14
d  1.2421681119e-02 3.3048242801e+00 -2.0000000000e-01 1.1311345637e+00 3.0000000000e+02 -3.2291369630e-05 -7.3269800641e-14 1.1311345636e-07 3.2291369636e-05 -3.2178256288e-05 7.3289800687e-14 -1.1311346876e-07 4.7594742629e-14
d  1.2554044552e-02 3.2121699036e+00 -2.0000000000e-01 1.0867313262e+00 3.0000000000e+02 -2.3189731815e-05 -7.4062622707e-14 1.0867313262e-07 2.3189731823e-05 -2.3081058794e-05 7.4082622780e-14 -1.0867315142e-07 4.7537160928e-14
d  1.2712880671e-02 3.1009846518e+00 -2.0000000000e-01 1.0335260250e+00 3.0000000000e+02 -1.4663598284e-05 -7.6137447970e-14 1.0335260250e-07 1.4663598291e-05 -1.4560245798e-05 7.6157448032e-14 -1.0335261708e-07 4.7715170718e-14
d  1.2857140000e-02 3.0000031500e+00 -2.0000000000e-01 9.8478402245e-01 3.0000000000e+02 -8.8947375463e-06 -7.9379659990e-14 9.8478402241e-08 8.8947375497e-06 -8.7962592673e-06 7.9399660036e-14 -9.8478409906e-08 4.8104441087e-14
d  1.3030251195e-02 2.8788253479e+00 -2.0000000000e-01 9.2502679469e-01 3.0000000000e+02 -4.1597415986e-06 -8.5391735557e-14 9.2502679466e-08 4.1597416002e-06 -4.0672390511e-06 8.5411735590e-14 -9.2502683441e-08 4.8869135930e-14
d  1.3237984629e-02 2.7334119853e+00 -2.0000000000e-01 8.5046997296e-01 3.0000000000e+02 -1.1898073772e-06 -9.6094306303e-14 8.5046997267e-08 1.1898073855e-06 -1.1047605178e-06 9.6114306577e-14 -8.5047014039e-08 5.0186158296e-14
d  1.3325199014e-02 2.6723619333e+00 -2.0000000000e-01 8.1802645632e-01 3.0000000000e+02 -6.2094284042e-07 -1.0202890431e-13 8.1802645929e-08 6.2094278790e-07 -5.3914039512e-07 1.0204889870e-13 -8.1802545733e-08 5.0909508577e-14
d  1.3377527645e-02 2.6357319020e+00 -2.0000000000e-01 7.9811080633e-01 3.0000000000e+02 -4.0805775381e-07 -1.0579111472e-13 7.9811080626e-08 4.0805775438e-07 -3.2824682934e-07 1.0581111495e-13 -7.9811082312e-08 5.1456961495e-14
d  1.3440322002e-02 2.5917758645e+00 -2.0000000000e-01 7.7366538732e-01 3.0000000000e+02 -2.4169276987e-07 -1.1102579426e-13 7.7366538818e-08 2.4169276266e-07 -1.6432640066e-07 1.1104579110e-13 -7.7366525240e-08 5.2188973833e-14
d  1.3477998616e-02 2.5654022420e+00 -2.0000000000e-01 7.5867584602e-01 3.0000000000e+02 -1.7499491202e-07 -1.1661468799e-13 7.5867584498e-08 1.7499491811e-07 -9.9127489936e-08 1.1663469470e-13 -7.5867597607e-08 5.2802161969e-14
d  1.3500604584e-02 2.5495780685e+00 -2.0000000000e-01 7.4960428100e-01 3.0000000000e+02 -1.4349857650e-07 -1.2280283581e-13 7.4960428095e-08 1.4349857651e-07 -6.8538323821e-08 1.2282283645e-13 -7.4960428716e-08 5.3209572420e-14
d  1.3527731747e-02 2.5305890603e+00 -2.0000000000e-01 7.3864020121e-01 3.0000000000e+02 -1.1248922390e-07 -1.3511264277e-13 7.3864020436e-08 1.1248921049e-07 -3.8625404582e-08 1.3513260088e-13 -7.3863995070e-08 5.4029229010e-14
d  1.3544008044e-02 2.5191956554e+00 -2.0000000000e-01 7.3179299220e-01 3.0000000000e+02 -9.7831002489e-08 -1.4761336934e-13 7.3179299484e-08 9.7830992395e-08 -2.4651911709e-08 1.4763332363e-13 -7.3179283978e-08 5.5658408890e-14
d  1.3553773823e-02 2.5123596124e+00 -2.0000000000e-01 7.2745229177e-01 3.0000000000e+02 -9.0726948869e-08 -1.5604244055e-13 7.2745228654e-08 9.0726966881e-08 -1.7981925769e-08 1.5606257685e-13 -7.2745254479e-08 5.7304008808e-14
d  1.3565492757e-02 2.5041563609e+00 -2.0000000000e-01 7.2207623293e-01 3.0000000000e+02 -8.3387558652e-08 -1.7619285922e-13 7.2207622646e-08 8.3387579478e-08 -1.1180164287e-08 1.7621302872e-13 -7.2207650420e-08 5.9017734342e-14
d  1.3571430000e-02 2.5000002917e+00 -2.0000000000e-01 7.1944443921e-01 3.0000000000e+02 -7.9538957986e-08 -2.2563488301e-13 7.1944442669e-08 7.9538996915e-08 -7.5947895199e-09 2.2565557461e-13 -7.1944493589e-08 6.0540107525e-14
d  1.3573211173e-02 2.4987534709e+00 -2.0000000000e-01 7.1870474607e-01 3.0000000000e+02 -7.8240105628e-08 -2.8328828789e-13 7.1870473953e-08 7.8240125443e-08 -6.3699730058e-09 2.8330918660e-13 -7.1870498231e-08 6.2496264164e-14
d  1.3574279877e-02 2.4980053785e+00 -2.0000000000e-01 7.1828851997e-01 3.0000000000e+02 -7.7374052428e-08 -3.4380856295e-13 7.1828851772e-08 7.7374058967e-08 -5.5456078169e-09 3.4382901107e-13 -7.1828859593e-08 6.4626369851e-14
d  1.3574921099e-02 2.4975565230e+00 -2.0000000000e-01 7.1805342243e-01 3.0000000000e+02 -7.6807919523e-08 -3.9752677122e-13 7.1805342133e-08 7.6807922551e-08 -5.0030409726e-09 3.9754706203e-13 -7.1805345817e-08 6.6700620691e-14
d  1.3575305832e-02 2.4972872097e+00 -2.0000000000e-01 7.1791869155e-01 3.0000000000e+02 -7.6448164777e-08 -4.3921715739e-13 7.1791869190e-08 7.6448163500e-08 -4.6568030023e-09 4.3923702921e-13 -7.1791868153e-08 6.8436173540e-14
d  1.3575767513e-02 2.4969640338e+00 -2.0000000000e-01 7.1776509832e-01 3.0000000000e+02 -7.5990801002e-08 -5.0183349385e-13 7.1776509767e-08 7.5990802634e-08 -4.2148636745e-09 5.0185371625e-13 -7.1776511865e-08 7.1054828407e-14
d  1.3576044521e-02 2.4967701282e+00 -2.0000000000e-01 7.1767710451e-01 3.0000000000e+02 -7.5703202916e-08 -5.4800497825e-13 7.1767710604e-08 7.5703198281e-08 -3.9361135161e-09 5.4802427517e-13 -7.1767706002e-08 7.3178090671e-14
d  1.3576376930e-02 2.4965374415e+00 -2.0000000000e-01 7.1757586962e-01 3.0000000000e+02 -7.5344423897e-08 -6.1372368924e-13 7.1757586691e-08 7.5344431386e-08 -3.5875263665e-09 6.1374485737e-13 -7.1757594994e-08 7.6258092303e-14
d  1.3576576376e-02 2.4963978295e+00 -2.0000000000e-01 7.1751714082e-01 3.0000000000e+02 -7.5122894936e-08 -6.5940032643e-13 7.1751713361e-08 7.5122914721e-08 -3.3719181133e-09 6.5942460914e-13 -7.1751734632e-08 7.8553949899e-14
d  1.3576815711e-02 2.4962302951e+00 -2.0000000000e-01 7.1744854348e-01 3.0000000000e+02 -7.4851387793e-08 -7.2091751905e-13 7.1744854208e-08 7.4851391458e-08 -3.1073358097e-09 7.2093830327e-13 -7.1744858416e-08 8.1676281791e-14
d  1.3577102913e-02 2.4960292538e+00 -2.0000000000e-01 7.1736845736e-01 3.0000000000e+02 -7.4518970134e-08 -8.0578128940e-13 7.1736845549e-08 7.4518975133e-08 -2.7830159067e-09 8.0580217493e-13 -7.1736851161e-08 8.6163471754e-14
d  1.3577275234e-02 2.4959086290e+00 -2.0000000000e-01 7.1732099958e-01 3.0000000000e+02 -7.4317889259e-08 -8.6251608200e-13 7.1732097979e-08 7.4317942953e-08 -2.5867400850e-09 8.6254927053e-13 -7.1732154818e-08 8.9380780100e-14
d  1.3577482019e-02 2.4957638793e+00 -2.0000000000e-01 7.1726419382e-01 3.0000000000e+02 -7.4076598019e-08 -9.3573639824e-13 7.1726419149e-08 7.4076604123e-08 -2.3512076869e-09 9.3575784874e-13 -7.1726425899e-08 9.3553072083e-14
d  1.3577730162e-02 2.4955901796e+00 -2.0000000000e-01 7.1719532382e-01 3.0000000000e+02 -7.3789961432e-08 -1.0307002587e-12 7.1719531447e-08 7.3789986956e-08 -2.0715582900e-09 1.0307251581e-12 -7.1719558571e-08 9.9202535983e-14
d  1.3577879047e-02 2.4954859598e+00 -2.0000000000e-01 7.1715301531e-01 3.0000000000e+02 -7.3621454473e-08 -1.0901494424e-12 7.1715300755e-08 7.3621474961e-08 -1.9073456163e-09 1.0901752883e-12 -7.1715322564e-08 1.0294013445e-13
d  1.3578057710e-02 2.4953608961e+00 -2.0000000000e-01 7.1710073781e-01 3.0000000000e+02 -7.3424531133e-08 -1.1622762037e-12 7.1710073382e-08 7.3424541586e-08 -1.7157268148e-09 1.1622990095e-12 -7.1710084661e-08 1.0754821730e-13
d  1.3578272105e-02 2.4952108196e+00 -2.0000000000e-01 7.1703498024e-01 3.0000000000e+02 -7.3198572663e-08 -1.2467604864e-12 7.1703497257e-08 7.3198593215e-08 -1.4964341039e-09 1.2467849722e-12 -7.1703519080e-08 1.1317771299e-13
d  1.3578529379e-02 2.4950307277e+00 -2.0000000000e-01 7.1695024157e-01 3.0000000000e+02 -7.2947079076e-08 -1.3380440617e-12 7.1695023357e-08 7.2947100676e-08 -1.2535122246e-09 1.3380679336e-12 -7.1695046239e-08 1.1967137811e-13
d  1.3578838108e-02 2.4948146175e+00 -2.0000000000e-01 7.1683804430e-01 3.0000000000e+02 -7.2680448631e-08 -1.4194297818e-12 7.1683803992e-08 7.2680460450e-08 -9.9818955923e-10 1.4194515257e-12 -7.1683816640e-08 1.2622326843e-13
d  1.3579208583e-02 2.4945552853e+00 -2.0000000000e-01 7.1668641979e-01 3.0000000000e+02 -7.2417137756e-08 -1.4592800525e-12 7.1668641841e-08 7.2417141342e-08 -7.5008575231e-10 1.4593004980e-12 -7.1668645902e-08 1.3099763552e-13
d  1.3579653152e-02 2.4942440867e+00 -2.0000000000e-01 7.1648123611e-01 3.0000000000e+02 -7.2178695153e-08 -1.4257108040e-12 7.1648123484e-08 7.2178698437e-08 -5.3212872328e-10 1.4257311304e-12 -7.1648127225e-08 1.3177795577e-13
d  1.3580186636e-02 2.4938706482e+00 -2.0000000000e-01 7.1620915042e-01 3.0000000000e+02 -7.1979105463e-08 -1.3196206515e-12 7.1620914813e-08 7.1979111629e-08 -3.5963774248e-10 1.3196411245e-12 -7.1620921540e-08 1.2800396005e-13
d  1.3580826816e-02 2.4934225222e+00 -2.0000000000e-01 7.1585889622e-01 3.0000000000e+02 -7.1819168686e-08 -1.1732713170e-12 7.1585889569e-08 7.1819169925e-08 -2.3457327189e-10 1.1732914056e-12 -7.1585891184e-08 1.2120049051e-13
d  1.3581595033e-02 2.4928847709e+00 -2.0000000000e-01 7.1541971057e-01 3.0000000000e+02 -7.1690418043e-08 -1.0161382026e-12 7.1541971048e-08 7.1690418063e-08 -1.4957595511e-10 1.0161582156e-12 -7.1541971399e-08 1.1313702325e-13
d  1.3582516892e-02 2.4922394693e+00 -2.0000000000e-01 7.1487913458e-01 3.0000000000e+02 -7.1581214673e-08 -8.6611543936e-13 7.1487913404e-08 7.1581215947e-08 -9.4272072483e-11 8.6613549960e-13 -7.1487915053e-08 1.0504337345e-13
d  1.3583623124e-02 2.4914651074e+00 -2.0000000000e-01 7.1422138219e-01 3.0000000000e+02 -7.1480522450e-08 -7.3261546638e-13 7.1422138205e-08 7.1480522604e-08 -5.9214190871e-11 7.3263547949e-13 -7.1422138694e-08 9.7634983379e-14
d  1.3584950602e-02 2.4905358732e+00 -2.0000000000e-01 7.1342631181e-01 3.0000000000e+02 -7.1379209409e-08 -6.1816653758e-13 7.1342631176e-08 7.1379209303e-08 -3.7287265356e-11 6.1818654143e-13 -7.1342631396e-08 9.1171484997e-14
d  1.3586543575e-02 2.4894207921e+00 -2.0000000000e-01 7.1246870666e-01 3.0000000000e+02 -7.1269890503e-08 -5.2270155309e-13 7.1246870656e-08 7.1269890534e-08 -2.3627954365e-11 5.2272155933e-13 -7.1246871017e-08 8.5715263690e-14
d  1.3588455143e-02 2.4880826948e+00 -2.0000000000e-01 7.1131754199e-01 3.0000000000e+02 -7.1146329448e-08 -4.4421886394e-13 7.1131754191e-08 7.1146329403e-08 -1.5100374120e-11 4.4423886771e-13 -7.1131754474e-08 8.1188914179e-14
d  1.3590749025e-02 2.4864769780e+00 -2.0000000000e-01 7.0993509245e-01 3.0000000000e+02 -7.1002798203e-08 -3.8007085629e-13 7.0993509239e-08 7.1002798133e-08 -9.7461865798e-12 3.8009085903e-13 -7.0993509495e-08 7.7461015298e-14
d  1.3593501683e-02 2.4845501179e+00 -2.0000000000e-01 7.0827579978e-01 3.0000000000e+02 -7.0833538460e-08 -3.2752071692e-13 7.0827579971e-08 7.0833538402e-08 -6.3600892124e-12 3.2754071935e-13 -7.0827580239e-08 7.4385313165e-14
d  1.3596804873e-02 2.4822378857e+00 -2.0000000000e-01 7.0628485683e-01 3.0000000000e+02 -7.0632329866e-08 -2.8457767524e-13 7.0628485681e-08 7.0632329692e-08 -4.2003162256e-12 2.8459767602e-13 -7.0628485828e-08 7.1854145607e-14
d  1.3600768700e-02 2.4794632072e+00 -2.0000000000e-01 7.0389646896e-01 3.0000000000e+02 -7.0392136270e-08 -2.4971281769e-13 7.0389646920e-08 7.0392135330e-08 -2.8085727042e-12 2.4973281159e-13 -7.0389646274e-08 6.9784105095e-14
d  1.3605525294e-02 2.4761335929e+00 -2.0000000000e-01 7.0103175045e-01 3.0000000000e+02 -7.0104787150e-08 -2.2151394423e-13 7.0103174869e-08 7.0104791876e-08 -1.9014173993e-12 2.2153398076e-13 -7.0103180090e-08 6.8096527230e-14
d  1.3611233206e-02 2.4721380557e+00 -2.0000000000e-01 6.9759620504e-01 3.0000000000e+02 -6.9760657989e-08 -1.9878761286e-13 6.9759620437e-08 6.9760659626e-08 -1.3027001811e-12 1.9880762440e-13 -6.9759622459e-08 6.6723867285e-14
d  1.3618082700e-02 2.4673434111e+00 -2.0000000000e-01 6.9347671646e-01 3.0000000000e+02 -6.9348328406e-08 -1.8046582351e-13 6.9347671575e-08 6.9348330146e-08 -9.0253426739e-13 1.8048583367e-13 -6.9347673702e-08 6.5604998466e-14
d  1.3626302093e-02 2.4615898376e+00 -2.0000000000e-01 6.8853799222e-01 3.0000000000e+02 -6.8854200908e-08 -1.6566781548e-13 6.8853799067e-08 6.8854204973e-08 -6.3174704982e-13 1.6568783388e-13 -6.8853803602e-08 6.4688466789e-14
d  1.3636165364e-02 2.4546855494e+00 -2.0000000000e-01 6.8261831294e-01 3.0000000000e+02 -6.8262060164e-08 -1.5372046839e-13 6.8261831114e-08 6.8262064876e-08 -4.4623168939e-13 1.5374048607e-13 -6.8261836320e-08 6.3934851541e-14
d  1.3648001290e-02 2.4464004035e+00 -2.0000000000e-01 6.7552458954e-01 3.0000000000e+02 -6.7552569472e-08 -1.4406455543e-13 6.7552458781e-08 6.7552573970e-08 -3.1760059636e-13 1.4408456958e-13 -6.7552463764e-08 6.3310494456e-14
d  1.3662204402e-02 2.4364582285e+00 -2.0000000000e-01 6.6702642909e-01 3.0000000000e+02 -6.6702671549e-08 -1.3624477087e-13 6.6702642709e-08 6.6702676714e-08 -2.2738302432e-13 1.3626478438e-13 -6.6702648383e-08 6.2787941244e-14
d  1.3670726268e-02 2.4304929235e+00 -2.0000000000e-01 6.6193515431e-01 3.0000000000e+02 -6.6193512011e-08 -1.3279609805e-13 6.6193515277e-08 6.6193515902e-08 -1.9163398579e-13 1.3281611373e-13 -6.6193519632e-08 6.2547532964e-14
d  1.3680952508e-02 2.4233345575e+00 -2.0000000000e-01 6.5583322604e-01 3.0000000000e+02 -6.5583290517e-08 -1.2946196896e-13 6.5583322453e-08 6.5583294287e-08 -1.5939672455e-13 1.2948198330e-13 -6.5583326682e-08 6.2309335607e-14
d  1.3693223997e-02 2.4147445183e+00 -2.0000000000e-01 6.4852201621e-01 3.0000000000e+02 -6.4852144305e-08 -1.2626514679e-13 6.4852201474e-08 6.4852147947e-08 -1.3073471037e-13 1.2628515838e-13 -6.4852205569e-08 6.2071937716e-14
d  1.3707949782e-02 2.4044364712e+00 -2.0000000000e-01 6.3976475745e-01 3.0000000000e+02 -6.3976396632e-08 -1.2323607973e-13 6.3976475745e-08 6.3976396395e-08 -1.0567452394e-13 1.2325607974e-13 -6.3976475812e-08 6.1835588219e-14
d  1.3716785254e-02 2.3982516430e+00 -2.0000000000e-01 6.3451897859e-01 3.0000000000e+02 -6.3451808726e-08 -1.2173329891e-13 6.3451897729e-08 6.3451811847e-08 -9.4028672558e-14 1.2175331163e-13 -6.3451901284e-08 6.1712265219e-14
d  1.3727387819e-02 2.3908298491e+00 -2.0000000000e-01 6.2823262809e-01 3.0000000000e+02 -6.2823163800e-08 -1.2016602782e-13 6.2823262684e-08 6.2823166764e-08 -8.2454223225e-14 1.2018603924e-13 -6.2823266074e-08 6.1578725123e-14
d  1.3740110898e-02 2.3819236964e+00 -2.0000000000e-01 6.2070156296e-01 3.0000000000e+02 -6.2070047749e-08 -1.1854991106e-13 6.2070156170e-08 6.2070050698e-08 -7.1156895724e-14 1.1856992056e-13 -6.2070159545e-08 6.1433988931e-14
d  1.3747744745e-02 2.3765800048e+00 -2.0000000000e-01 6.1618954978e-01 3.0000000000e+02 -6.1618841650e-08 -1.1769436747e-13 6.1618954913e-08 6.1618843071e-08 -6.5440472935e-14 1.1771437494e-13 -6.1618956699e-08 6.1353842273e-14
d  1.3756905362e-02 2.3701675749e+00 -2.0000000000e-01 6.1078160574e-01 3.0000000000e+02 -6.1078042243e-08 -1.1676451717e-13 6.1078160464e-08 6.1078044757e-08 -5.9419648753e-14 1.1678452882e-13 -6.1078163387e-08 6.1264547050e-14
d  1.3767898102e-02 2.3624726590e+00 -2.0000000000e-01 6.0430170384e-01 3.0000000000e+02 -6.0430046927e-08 -1.1575442620e-13 6.0430170278e-08 6.0430049313e-08 -5.3182554799e-14 1.1577443548e-13 -6.0430173067e-08 6.1161846049e-14
d  1.3781089390e-02 2.3532387599e+00 -2.0000000000e-01 5.9653993481e-01 3.0000000000e+02 -5.9653864871e-08 -1.1467540989e-13 5.9653993369e-08 5.9653867389e-08 -4.6836679089e-14 1.1469541803e-13 -5.9653996294e-08 6.1046257041e-14
d  1.3789004163e-02 2.3476984205e+00 -2.0000000000e-01 5.9189028550e-01 3.0000000000e+02 -5.9188897274e-08 -1.1408851170e-13 5.9189028478e-08 5.9188898789e-08 -4.3518771638e-14 1.1410851951e-13 -5.9189030359e-08 6.0980640016e-14
d  1.3798501891e-02 2.3410500131e+00 -2.0000000000e-01 5.8631809696e-01 3.0000000000e+02 -5.8631675572e-08 -1.1343415404e-13 5.8631809604e-08 5.8631677563e-08 -3.9942382669e-14 1.1345416340e-13 -5.8631811980e-08 6.0904758696e-14
d  1.3809899164e-02 2.3330719243e+00 -2.0000000000e-01 5.7964221412e-01 3.0000000000e+02 -5.7964084299e-08 -1.1271088583e-13 5.7964221324e-08 5.7964086196e-08 -3.6143586902e-14 1.1273089331e-13 -5.7964223600e-08 6.0817084408e-14
d  1.3823575891e-02 2.3234982178e+00 -2.0000000000e-01 5.7164682774e-01 3.0000000000e+02 -5.7164542577e-08 -1.1192115058e-13 5.7164682762e-08 5.7164542617e-08 -3.2170313003e-14 1.1194115139e-13 -5.7164683104e-08 6.0715958576e-14
d  1.3831781928e-02 2.3177539938e+00 -2.0000000000e-01 5.6685791407e-01 3.0000000000e+02 -5.6685649595e-08 -1.1147925379e-13 5.6685791332e-08 5.6685651110e-08 -3.0052916626e-14 1.1149926155e-13 -5.6685793211e-08 6.0656635164e-14
d  1.3841629172e-02 2.3108609251e+00 -2.0000000000e-01 5.6111949926e-01 3.0000000000e+02 -5.6111806358e-08 -1.1097756078e-13 5.6111949850e-08 5.6111807903e-08 -2.7730273453e-14 1.1099756821e-13 -5.6111951759e-08 6.0587331706e-14
d  1.3853445864e-02 2.3025892426e+00 -2.0000000000e-01 5.5424544251e-01 3.0000000000e+02 -5.5424398812e-08 -1.1041782288e-13 5.5424544176e-08 5.5424400304e-08 -2.5219699430e-14 1.1043782890e-13 -5.5424546029e-08 6.0506290910e-14
d  1.3860535880e-02 2.2976262331e+00 -2.0000000000e-01 5.5012736899e-01 3.0000000000e+02 -5.5012590447e-08 -1.1009905821e-13 5.5012736576e-08 5.5012597623e-08 -2.3840551661e-14 1.1011909723e-13 -5.5012744360e-08 6.0458395656e-14
d  1.3869043898e-02 2.2916706217e+00 -2.0000000000e-01 5.4519202652e-01 3.0000000000e+02 -5.4519055079e-08 -1.0973261863e-13 5.4519202585e-08 5.4519056370e-08 -2.2298039555e-14 1.0975262616e-13 -5.4519204226e-08 6.0401725343e-14
d  1.3879253521e-02 2.2845238881e+00 -2.0000000000e-01 5.3927881686e-01 3.0000000000e+02 -5.3927732891e-08 -1.0931401685e-13 5.3927881622e-08 5.3927734118e-08 -2.0591497080e-14 1.0933402287e-13 -5.3927883195e-08 6.0334858873e-14
d  1.3891505068e-02 2.2759478077e+00 -2.0000000000e-01 5.3219635117e-01 3.0000000000e+02 -5.3219485012e-08 -1.0883777126e-13 5.3219635052e-08 5.3219486237e-08 -1.8727104717e-14 1.0885777629e-13 -5.3219636623e-08 6.0255613038e-14
d  1.3898855996e-02 2.2708021595e+00 -2.0000000000e-01 5.2795397441e-01 3.0000000000e+02 -5.2795246623e-08 -1.0856350176e-13 5.2795397100e-08 5.2795253951e-08 -1.7694004900e-14 1.0858354120e-13 -5.2795405049e-08 6.0208193061e-14
d  1.3907677110e-02 2.2646273816e+00 -2.0000000000e-01 5.2287019051e-01 3.0000000000e+02 -5.2286867441e-08 -1.0824692639e-13 5.2287018995e-08 5.2286868448e-08 -1.6530629403e-14 1.0826693245e-13 -5.2287020337e-08 6.0152122188e-14
d  1.3918262446e-02 2.2572176481e+00 -2.0000000000e-01 5.1677990801e-01 3.0000000000e+02 -5.1677838325e-08 -1.0788207248e-13 5.1677990747e-08 5.1677839279e-08 -1.5233798336e-14 1.0790207733e-13 -5.1677992033e-08 6.0085480466e-14
d  1.3930964850e-02 2.2483259680e+00 -2.0000000000e-01 5.0948653737e-01 3.0000000000e+02 -5.0948500326e-08 -1.0746390726e-13 5.0948653728e-08 5.0948500301e-08 -1.3802893864e-14 1.0748390795e-13 -5.0948653988e-08 6.0005849648e-14
d  1.3938586292e-02 2.2429909599e+00 -2.0000000000e-01 5.0511841696e-01 3.0000000000e+02 -5.0511687780e-08 -1.0721963554e-13 5.0511841312e-08 5.0511695748e-08 -1.3007327738e-14 1.0723967797e-13 -5.0511849938e-08 5.9958205116e-14
d  1.3947732023e-02 2.2365889502e+00 -2.0000000000e-01 4.9988459480e-01 3.0000000000e+02 -4.9988305000e-08 -1.0693651333e-13 4.9988459433e-08 4.9988305766e-08 -1.2104468674e-14 1.0695651816e-13 -4.9988460519e-08 5.9901110268e-14
d  1.3958706900e-02 2.2289065385e+00 -2.0000000000e-01 4.9361553387e-01 3.0000000000e+02 -4.9361398291e-08 -1.0660761464e-13 4.9361553342e-08 4.9361399019e-08 -1.1091695016e-14 1.0662761852e-13 -4.9361554388e-08 5.9832951665e-14
d  1.3965291826e-02 2.2242970915e+00 -2.0000000000e-01 4.8986014199e-01 3.0000000000e+02 -4.8985858759e-08 -1.0641668169e-13 4.8986013991e-08 4.8985862863e-08 -1.0517699356e-14 1.0643670825e-13 -4.8986018575e-08 5.9792470060e-14
d  1.3973193737e-02 2.2187657552e+00 -2.0000000000e-01 4.8535972414e-01 3.0000000000e+02 -4.8535816590e-08 -1.0619131137e-13 4.8535971976e-08 4.8535825421e-08 -9.8603128296e-15 1.0621136364e-13 -4.8535981516e-08 5.9743605877e-14
d  1.3982676031e-02 2.2121281515e+00 -2.0000000000e-01 4.7996797786e-01 3.0000000000e+02 -4.7996641535e-08 -1.0592844392e-13 4.7996797747e-08 4.7996642127e-08 -9.1129163320e-15 1.0594844784e-13 -4.7996798648e-08 5.9685311982e-14
d  1.3994054783e-02 2.2041630271e+00 -2.0000000000e-01 4.7351062716e-01 3.0000000000e+02 -4.7350905998e-08 -1.0562129059e-13 4.7351062677e-08 4.7350906572e-08 -8.2709627111e-15 1.0564129379e-13 -4.7351063558e-08 5.9615289329e-14
d  1.4000882035e-02 2.1993839525e+00 -2.0000000000e-01 4.6964292889e-01 3.0000000000e+02 -4.6964135913e-08 -1.0544157265e-13 4.6964292687e-08 4.6964139753e-08 -7.7921603345e-15 1.0546159731e-13 -4.6964296995e-08 5.9573346315e-14
d  1.4009074737e-02 2.1936490629e+00 -2.0000000000e-01 4.6500841542e-01 3.0000000000e+02 -4.6500684278e-08 -1.0522902051e-13 4.6500841102e-08 4.6500692825e-08 -7.2422413714e-15 1.0524907060e-13 -4.6500850355e-08 5.9522753480e-14
d  1.4018905979e-02 2.1867671954e+00 -2.0000000000e-01 4.5945675738e-01 3.0000000000e+02 -4.5945518156e-08 -1.0497821694e-13 4.5945675300e-08 4.5945526590e-08 -6.6151182576e-15 1.0499825825e-13 -4.5945684437e-08 5.9462006521e-14
d  1.4024804724e-02 2.1826380749e+00 -2.0000000000e-01 4.5613096316e-01 3.0000000000e+02 -4.5612938559e-08 -1.0482836766e-13 4.5613096155e-08 4.5612941498e-08 -6.2551380964e-15 1.0484839035e-13 -4.5613099519e-08 5.9424782242e-14
d  1.4031883218e-02 2.1776831303e+00 -2.0000000000e-01 4.5214515148e-01 3.0000000000e+02 -4.5214357190e-08 -1.0465777168e-13 4.5214514937e-08 4.5214361082e-08 -5.8376431243e-15 1.0467779944e-13 -4.5214519302e-08 5.9381312931e-14
d  1.4040377411e-02 2.1717371968e+00 -2.0000000000e-01 4.4736962207e-01 3.0000000000e+02 -4.4736804025e-08 -1.0445166448e-13 4.4736962170e-08 4.4736804518e-08 -5.3570612975e-15 1.0447166848e-13 -4.4736962962e-08 5.9328633160e-14
d  1.4050570443e-02 2.1646020766e+00 -2.0000000000e-01 4.4164982004e-01 3.0000000000e+02 -4.4164823578e-08 -1.0420877124e-13 4.4164982003e-08 4.4164823372e-08 -4.8081845640e-15 1.0422877129e-13 -4.4164982058e-08 5.9265136801e-14
d  1.4056686262e-02 2.1603210045e+00 -2.0000000000e-01 4.3822368302e-01 3.0000000000e+02 -4.3822209743e-08 -1.0406458620e-13 4.3822368154e-08 4.3822212338e-08 -4.4923056413e-15 1.0408460614e-13 -4.3822371157e-08 5.9226585624e-14
d  1.4064025245e-02 2.1551837180e+00 -2.0000000000e-01 4.3411803640e-01 3.0000000000e+02 -4.3411644930e-08 -1.0389438665e-13 4.3411803404e-08 4.3411649161e-08 -4.1257631245e-15 1.0391441631e-13 -4.3411808130e-08 5.9180564679e-14
d  1.4072832024e-02 2.1490189741e+00 -2.0000000000e-01 4.2919950000e-01 3.0000000000e+02 -4.2919791103e-08 -1.0370190320e-13 4.2919949956e-08 4.2919791708e-08 -3.6933844978e-15 1.0372190776e-13 -4.2919950862e-08 5.9126124992e-14
d  1.4083400160e-02 2.1416212815e+00 -2.0000000000e-01 4.2330921529e-01 3.0000000000e+02 -4.2330762466e-08 -1.0345773135e-13 4.2330921525e-08 4.2330762324e-08 -3.2181650283e-15 1.0347773169e-13 -4.2330921644e-08 5.9059425521e-14
d  1.4089741041e-02 2.1371826659e+00 -2.0000000000e-01 4.1978135444e-01 3.0000000000e+02 -4.1977976281e-08 -1.0331776355e-13 4.1978135306e-08 4.1977978597e-08 -2.9389344016e-15 1.0333778129e-13 -4.1978138016e-08 5.9019475814e-14
d  1.4097350098e-02 2.1318563272e+00 -2.0000000000e-01 4.1555424578e-01 3.0000000000e+02 -4.1555265305e-08 -1.0315086844e-13 4.1555424557e-08 4.1555265472e-08 -2.6146789441e-15 1.0317087094e-13 -4.1555424999e-08 5.8971139120e-14
d  1.4106480967e-02 2.1254647208e+00 -2.0000000000e-01 4.1049088500e-01 3.0000000000e+02 -4.1048929108e-08 -1.0295326489e-13 4.1049088500e-08 4.1048928902e-08 -2.2400524989e-15 1.0297326493e-13 -4.1049088548e-08 5.8913134797e-14
d  1.4117438010e-02 2.1177947931e+00 -2.0000000000e-01 4.0442811017e-01 3.0000000000e+02 -4.0442651494e-08 -1.0272094771e-13 4.0442811016e-08 4.0442651288e-08 -1.8099670781e-15 1.0274094773e-13 -4.0442811062e-08 5.8843635063e-14
d  1.4124012235e-02 2.1131928365e+00 -2.0000000000e-01 4.0079742542e-01 3.0000000000e+02 -4.0079582950e-08 -1.0258335998e-13 4.0079742409e-08 4.0079585088e-08 -1.5615627934e-15 1.0260337628e-13 -4.0079744932e-08 5.8801775982e-14
d  1.4131901306e-02 2.1076704885e+00 -2.0000000000e-01 3.9644756105e-01 3.0000000000e+02 -3.9644596435e-08 -1.0242062627e-13 3.9644756075e-08 3.9644596749e-08 -1.2717162546e-15 1.0244062970e-13 -3.9644756670e-08 5.8751444939e-14
d  1.4141368191e-02 2.1010436710e+00 -2.0000000000e-01 3.9123782008e-01 3.0000000000e+02 -3.9123622259e-08 -1.0222563143e-13 3.9123782007e-08 3.9123622059e-08 -9.3829066466e-16 1.0224563148e-13 -3.9123782057e-08 5.8690704204e-14
d  1.4152728453e-02 2.0930914899e+00 -2.0000000000e-01 3.8500077924e-01 3.0000000000e+02 -3.8499918088e-08 -1.0199795445e-13 3.8500077914e-08 3.8499918050e-08 -5.5215196832e-16 1.0201795523e-13 -3.8500078134e-08 5.8617743768e-14
d  1.4159544610e-02 2.0883201813e+00 -2.0000000000e-01 3.8126625430e-01 3.0000000000e+02 -3.8126465554e-08 -1.0186088945e-13 3.8126625294e-08 3.8126467659e-08 -3.3142010589e-16 1.0188090535e-13 -3.8126627783e-08 5.8573797267e-14
d  1.4167723999e-02 2.0825946109e+00 -2.0000000000e-01 3.7679250563e-01 3.0000000000e+02 -3.7679090638e-08 -1.0170102609e-13 3.7679250535e-08 3.7679090913e-08 -7.0979921953e-17 1.0172102921e-13 -3.7679251084e-08 5.8520980601e-14
d  1.4177539265e-02 2.0757239265e+00 -2.0000000000e-01 3.7143506361e-01 3.0000000000e+02 -3.7143346389e-08 -1.0151011019e-13 3.7143506360e-08 3.7143346197e-08 2.2807126817e-16 1.0153011027e-13 -3.7143506413e-08 5.8457881643e-14
d  1.4183428425e-02 2.0716015158e+00 -2.0000000000e-01 3.6822641372e-01 3.0000000000e+02 -3.6822481375e-08 -1.0139783263e-13 3.6822641273e-08 3.6822482799e-08 4.0300877299e-16 1.0141784590e-13 -3.6822643040e-08 5.8419897585e-14
d  1.4190495416e-02 2.0666546230e+00 -2.0000000000e-01 3.6438183465e-01 3.0000000000e+02 -3.6438023443e-08 -1.0126327441e-13 3.6438183312e-08 3.6438025742e-08 6.0778732344e-16 1.0128329359e-13 -3.6438186007e-08 5.8374042238e-14
d  1.4198975806e-02 2.0607183517e+00 -2.0000000000e-01 3.5977675841e-01 3.0000000000e+02 -3.5977515791e-08 -1.0110433300e-13 3.5977675813e-08 3.5977516040e-08 8.4869415885e-16 1.0112433591e-13 -3.5977676333e-08 5.8318803320e-14
d  1.4209152274e-02 2.0535948261e+00 -2.0000000000e-01 3.5426262824e-01 3.0000000000e+02 -3.5426102748e-08 -1.0091846125e-13 3.5426262823e-08 3.5426102566e-08 1.1242797203e-15 1.0093846137e-13 -3.5426262883e-08 5.8254033090e-14
d  1.4215258155e-02 2.0493207107e+00 -2.0000000000e-01 3.5096008818e-01 3.0000000000e+02 -3.5095848711e-08 -1.0082089641e-13 3.5096008724e-08 3.5095850006e-08 1.2878686126e-15 1.0084090847e-13 -3.5096010353e-08 5.8218916340e-14
d  1.4222585212e-02 2.0441917723e+00 -2.0000000000e-01 3.4700255815e-01 3.0000000000e+02 -3.4700095664e-08 -1.0071080782e-13 3.4700255798e-08 3.4700095733e-08 1.4806484883e-15 1.0073080988e-13 -3.4700256123e-08 5.8178689991e-14
d  1.4231377681e-02 2.0380370461e+00 -2.0000000000e-01 3.4226280996e-01 3.0000000000e+02 -3.4226120851e-08 -1.0054278563e-13 3.4226280968e-08 3.4226121082e-08 1.7030974294e-15 1.0056278837e-13 -3.4226281465e-08 5.8117207191e-14
d  1.4241928643e-02 2.0306513748e+00 -2.0000000000e-01 3.3658877669e-01 3.0000000000e+02 -3.3658717539e-08 -1.0034504749e-13 3.3658877666e-08 3.3658717370e-08 1.9553331044e-15 1.0036504767e-13 -3.3658877737e-08 5.8045326238e-14
d  1.4248259220e-02 2.0262199720e+00 -2.0000000000e-01 3.3319159614e-01 3.0000000000e+02 -3.3318999494e-08 -1.0022901256e-13 3.3319159521e-08 3.3319000706e-08 2.1042197890e-15 1.0024902381e-13 -3.3319161061e-08 5.8001908843e-14
d  1.4255855913e-02 2.0209022886e+00 -2.0000000000e-01 3.2912228387e-01 3.0000000000e+02 -3.2912068286e-08 -1.0008826972e-13 3.2912228369e-08 3.2912068363e-08 2.2785623381e-15 1.0010827180e-13 -3.2912228699e-08 5.7948923209e-14
d  1.4264971944e-02 2.0145210685e+00 -2.0000000000e-01 3.2424964845e-01 3.0000000000e+02 -3.2424804759e-08 -9.9926577648e-14 3.2424964817e-08 3.2424804972e-08 2.4869201977e-15 9.9946580234e-14 -3.2424965292e-08 5.7886081060e-14
d  1.4275911181e-02 2.0068636045e+00 -2.0000000000e-01 3.1841778897e-01 3.0000000000e+02 -3.1841618856e-08 -9.9724963461e-14 3.1841778894e-08 3.1841618702e-08 2.7186300833e-15 9.9744963703e-14 -3.1841778975e-08 5.7809442808e-14
d  1.4285710000e-02 2.0000044333e+00 -2.0000000000e-01 3.1320829411e-01 3.0000000000e+02 -3.1320669412e-08 -9.9547893402e-14 3.1320829410e-08 3.1320669225e-08 2.9231031736e-15 9.9567893475e-14 -3.1320829455e-08 5.7739827697e-14
d  1.4297468582e-02 1.9917734280e+00 -2.0000000000e-01 3.0697496669e-01 3.0000000000e+02 -3.0697336723e-08 -9.9338926952e-14 3.0697496668e-08 3.0697336537e-08 3.1605089359e-15 9.9358927016e-14 -3.0697496713e-08 5.7656437616e-14
d  1.4304523732e-02 1.9868348248e+00 -2.0000000000e-01 3.0324454081e-01 3.0000000000e+02 -3.0324294172e-08 -9.9213426559e-14 3.0324454065e-08 3.0324294191e-08 3.2987287675e-15 9.9233428179e-14 -3.0324454329e-08 5.7605583258e-14
d  1.4312989911e-02 1.9809085009e+00 -2.0000000000e-01 2.9877754931e-01 3.0000000000e+02 -2.9877595068e-08 -9.9065329558e-14 2.9877754912e-08 2.9877595146e-08 3.4610742342e-15 9.9085331488e-14 -2.9877755237e-08 5.7544850128e-14
d  1.4323149326e-02 1.9737969123e+00 -2.0000000000e-01 2.9343105765e-01 3.0000000000e+02 -2.9342945965e-08 -9.8885941580e-14 2.9343105764e-08 2.9342945774e-08 3.6491238907e-15 9.8905941616e-14 -2.9343105800e-08 5.7470751196e-14
d  1.4335340625e-02 1.9652630060e+00 -2.0000000000e-01 2.8703535362e-01 3.0000000000e+02 -2.8703375641e-08 -9.8676202570e-14 2.8703535359e-08 2.8703375489e-08 3.8683285526e-15 9.8696202789e-14 -2.8703535436e-08 5.7382183269e-14
d  1.4342655404e-02 1.9601426622e+00 -2.0000000000e-01 2.8320857329e-01 3.0000000000e+02 -2.8320697659e-08 -9.8549961158e-14 2.8320857312e-08 2.8320697680e-08 3.9959253852e-15 9.8569962759e-14 -2.8320857574e-08 5.7328074537e-14
d  1.4351433138e-02 1.9539982496e+00 -2.0000000000e-01 2.7862705503e-01 3.0000000000e+02 -2.7862545897e-08 -9.8400445869e-14 2.7862705484e-08 2.7862545955e-08 4.1458139283e-15 9.8420447625e-14 -2.7862705784e-08 5.7263176920e-14
d  1.4361966420e-02 1.9466249545e+00 -2.0000000000e-01 2.7314464754e-01 3.0000000000e+02 -2.7314305230e-08 -9.8221486809e-14 2.7314464754e-08 2.7314305042e-08 4.3195806654e-15 9.8241486849e-14 -2.7314464788e-08 5.7184747126e-14
d  1.4374606358e-02 1.9377770004e+00 -2.0000000000e-01 2.6658817690e-01 3.0000000000e+02 -2.6658658269e-08 -9.8009548852e-14 2.6658817684e-08 2.6658658142e-08 4.5219652225e-15 9.8029549176e-14 -2.6658817783e-08 5.7089894813e-14
d  1.4382190321e-02 1.9324682279e+00 -2.0000000000e-01 2.6266615999e-01 3.0000000000e+02 -2.6266456644e-08 -9.7882926071e-14 2.6266615983e-08 2.6266456650e-08 4.6397495207e-15 9.7902927529e-14 -2.6266616225e-08 5.7032215560e-14
d  1.4391291076e-02 1.9260977010e+00 -2.0000000000e-01 2.5797159140e-01 3.0000000000e+02 -2.5796999865e-08 -9.7732703602e-14 2.5797159122e-08 2.5796999904e-08 4.7781781247e-15 9.7752705194e-14 -2.5797159398e-08 5.6962865776e-14
d  1.4402211983e-02 1.9184530687e+00 -2.0000000000e-01 2.5235538841e-01 3.0000000000e+02 -2.5235379669e-08 -9.7551649064e-14 2.5235538841e-08 2.5235379485e-08 4.9383682376e-15 9.7571649104e-14 -2.5235538873e-08 5.6878556527e-14
d  1.4415317070e-02 1.9092795099e+00 -2.0000000000e-01 2.4564104295e-01 3.0000000000e+02 -2.4563945250e-08 -9.7338848095e-14 2.4564104292e-08 2.4563945103e-08 5.1250786442e-15 9.7358848305e-14 -2.4564104364e-08 5.6776979948e-14
d  1.4423180123e-02 1.9037753746e+00 -2.0000000000e-01 2.4162571496e-01 3.0000000000e+02 -2.4162412529e-08 -9.7212298305e-14 2.4162571481e-08 2.4162412519e-08 5.2337852705e-15 9.7232299611e-14 -2.4162571701e-08 5.6715235474e-14
d  1.4432615786e-02 1.8971704122e+00 -2.0000000000e-01 2.3682057310e-01 3.0000000000e+02 -2.3681898438e-08 -9.7062536343e-14 2.3682057292e-08 2.3681898462e-08 5.3614915493e-15 9.7082537793e-14 -2.3682057547e-08 5.6641071342e-14
d  1.4443938582e-02 1.8892444574e+00 -2.0000000000e-01 2.3107371394e-01 3.0000000000e+02 -2.3107212643e-08 -9.6882678612e-14 2.3107371394e-08 2.3107212458e-08 5.5092921634e-15 9.6902678635e-14 -2.3107371421e-08 5.6550958712e-14
d  1.4457525937e-02 1.8797333116e+00 -2.0000000000e-01 2.2420561585e-01 3.0000000000e+02 -2.2420402982e-08 -9.6670674994e-14 2.2420561585e-08 2.2420402796e-08 5.6812418201e-15 9.6690675006e-14 -2.2420561610e-08 5.6441889781e-14
d  1.4473830763e-02 1.8683199367e+00 -2.0000000000e-01 2.1600499292e-01 3.0000000000e+02 -2.1600340871e-08 -9.6420383627e-14 2.1600499289e-08 2.1600340716e-08 5.8791551916e-15 9.6440383753e-14 -2.1600499345e-08 5.6309354801e-14
d  1.4483613658e-02 1.8614719118e+00 -2.0000000000e-01 2.1110629682e-01 3.0000000000e+02 -2.1110471363e-08 -9.6279519060e-14 2.1110629657e-08 2.1110471452e-08 5.9975727516e-15 9.6299520696e-14 -2.1110629979e-08 5.6229782818e-14
d  1.4495353133e-02 1.8532542818e+00 -2.0000000000e-01 2.0524960774e-01 3.0000000000e+02 -2.0524802588e-08 -9.6107468824e-14 2.0524960734e-08 2.0524802825e-08 6.1315247300e-15 9.6127471173e-14 -2.0524961217e-08 5.6132979391e-14
d  1.4509440503e-02 1.8433931259e+00 -2.0000000000e-01 1.9825339053e-01 3.0000000000e+02 -1.9825180919e-08 -9.5954647789e-14 1.9825338988e-08 1.9825181407e-08 6.3450995402e-15 9.5974650894e-14 -1.9825339745e-08 5.6018424791e-14
d  1.4517892924e-02 1.8374764323e+00 -2.0000000000e-01 1.9407245474e-01 3.0000000000e+02 -1.9407087558e-08 -9.5783614182e-14 1.9407245460e-08 1.9407087520e-08 6.3721850791e-15 9.5803615193e-14 -1.9407245638e-08 5.5943934659e-14
d  1.4528035831e-02 1.8303764000e+00 -2.0000000000e-01 1.8907209080e-01 3.0000000000e+02 -1.8907051282e-08 -9.5644164878e-14 1.8907209057e-08 1.8907051335e-08 6.4774702879e-15 9.5664166415e-14 -1.8907209335e-08 5.5858389490e-14
d  1.4540207318e-02 1.8218563613e+00 -2.0000000000e-01 1.8309600550e-01 3.0000000000e+02 -1.8309442890e-08 -9.5484301575e-14 1.8309600504e-08 1.8309443164e-08 6.6008765767e-15 9.5504304031e-14 -1.8309601025e-08 5.5755237100e-14
d  1.4554813103e-02 1.8116323148e+00 -2.0000000000e-01 1.7596012113e-01 3.0000000000e+02 -1.7595854620e-08 -9.5299742635e-14 1.7596012004e-08 1.7595855485e-08 6.7423733565e-15 9.5319747275e-14 -1.7596013177e-08 5.5630574975e-14
d  1.4563576574e-02 1.8054978869e+00 -2.0000000000e-01 1.7169728748e-01 3.0000000000e+02 -1.7169571351e-08 -9.5196004477e-14 1.7169728732e-08 1.7169571317e-08 6.8241256730e-15 9.5216005457e-14 -1.7169728912e-08 5.5555337488e-14
d  1.4574092739e-02 1.7981365735e+00 -2.0000000000e-01 1.6660063606e-01 3.0000000000e+02 -1.6659906325e-08 -9.5072894540e-14 1.6660063559e-08 1.6659906576e-08 6.9202103840e-15 9.5092897217e-14 -1.6660064054e-08 5.5464150950e-14
d  1.4586712137e-02 1.7893029973e+00 -2.0000000000e-01 1.6051191297e-01 3.0000000000e+02 -1.6051034150e-08 -9.4934661274e-14 1.6051191226e-08 1.6051034609e-08 7.0321264192e-15 9.4954664514e-14 -1.6051191951e-08 5.5354331673e-14
d  1.4601855414e-02 1.7787027059e+00 -2.0000000000e-01 1.5324503029e-01 3.0000000000e+02 -1.5324346035e-08 -9.4783372125e-14 1.5324503024e-08 1.5324345898e-08 7.1615576175e-15 9.4803372296e-14 -1.5324503086e-08 5.5222233975e-14
d  1.4610941381e-02 1.7723425311e+00 -2.0000000000e-01 1.4890589265e-01 3.0000000000e+02 -1.4890432357e-08 -9.4701889414e-14 1.4890589237e-08 1.4890432424e-08 7.2362043633e-15 9.4721890923e-14 -1.4890589524e-08 5.5141914168e-14
d  1.4621844541e-02 1.7647103213e+00 -2.0000000000e-01 1.4371986849e-01 3.0000000000e+02 -1.4371830037e-08 -9.4613089655e-14 1.4371986766e-08 1.4371830555e-08 7.3238046834e-15 9.4633093587e-14 -1.4371987558e-08 5.5045931402e-14
d  1.4634928333e-02 1.7555516696e+00 -2.0000000000e-01 1.3752678985e-01 3.0000000000e+02 -1.3752522271e-08 -9.4524679298e-14 1.3752678966e-08 1.3752522252e-08 7.4265359313e-15 9.4544680006e-14 -1.3752679156e-08 5.4931979619e-14
d  1.4642778608e-02 1.7500564785e+00 -2.0000000000e-01 1.3382674049e-01 3.0000000000e+02 -1.3382517381e-08 -9.4485898046e-14 1.3382674032e-08 1.3382517341e-08 7.4862357224e-15 9.4505898962e-14 -1.3382674198e-08 5.4864204146e-14
d  1.4652198938e-02 1.7434622492e+00 -2.0000000000e-01 1.2940245701e-01 3.0000000000e+02 -1.2940089085e-08 -9.4444577459e-14 1.2940245594e-08 1.2940089745e-08 7.5563571441e-15 9.4464582576e-14 -1.2940246548e-08 5.4782184070e-14
d  1.4663503334e-02 1.7355491741e+00 -2.0000000000e-01 1.2411605613e-01 3.0000000000e+02 -1.2411449044e-08 -9.4412022462e-14 1.2411605606e-08 1.2411448930e-08 7.6386832391e-15 9.4432022751e-14 -1.2411605686e-08 5.4684752985e-14
d  1.4670285972e-02 1.7308013290e+00 -2.0000000000e-01 1.2095601726e-01 3.0000000000e+02 -1.2095445164e-08 -9.4411119334e-14 1.2095601710e-08 1.2095445109e-08 7.6875729759e-15 9.4431120185e-14 -1.2095601856e-08 5.4628170711e-14
d  1.4678425138e-02 1.7251039150e+00 -2.0000000000e-01 1.1717561766e-01 3.0000000000e+02 -1.1717405208e-08 -9.4416980639e-14 1.1717561723e-08 1.1717405355e-08 7.7452235650e-15 9.4436982688e-14 -1.1717562098e-08 5.4560375349e-14
d  1.4688192136e-02 1.7182670181e+00 -2.0000000000e-01 1.1265579268e-01 3.0000000000e+02 -1.1265422694e-08 -9.4442969921e-14 1.1265579256e-08 1.1265422610e-08 7.8134841853e-15 9.4462970348e-14 -1.1265579367e-08 5.4480627259e-14
d  1.4699912534e-02 1.7100627418e+00 -2.0000000000e-01 1.0725567043e-01 3.0000000000e+02 -1.0725410414e-08 -9.4508060392e-14 1.0725567039e-08 1.0725410271e-08 7.8944014985e-15 9.4528060491e-14 -1.0725567081e-08 5.4388092038e-14
d  1.4706944773e-02 1.7051401760e+00 -2.0000000000e-01 1.0402778021e-01 3.0000000000e+02 -1.0402621327e-08 -9.4576162610e-14 1.0402777988e-08 1.0402621380e-08 7.9427595837e-15 9.4596163778e-14 -1.0402778255e-08 5.4335438574e-14
d  1.4715383459e-02 1.6992330971e+00 -2.0000000000e-01 1.0016604621e-01 3.0000000000e+02 -1.0016447828e-08 -9.4677575962e-14 1.0016604606e-08 1.0016447756e-08 8.0008388776e-15 9.4697576385e-14 -1.0016604730e-08 5.4274841673e-14
d  1.4725509883e-02 1.6921446024e+00 -2.0000000000e-01 9.5548647846e-02 3.0000000000e+02 -9.5547078412e-09 -9.4828517360e-14 9.5548647449e-09 9.5547079357e-09 8.0696404404e-15 9.4848518097e-14 -9.5548650579e-09 5.4204036026e-14
d  1.4731585737e-02 1.6878915055e+00 -2.0000000000e-01 9.2786638537e-02 3.0000000000e+02 -9.2785067797e-09 -9.4954217689e-14 9.2786638158e-09 9.2785068564e-09 8.1117360218e-15 9.4974218692e-14 -9.2786641084e-09 5.4166017800e-14
d  1.4738876763e-02 1.6827877894e+00 -2.0000000000e-01 8.9480169464e-02 3.0000000000e+02 -8.9478596893e-09 -9.5127528873e-14 8.9480150141e-09 8.9478718712e-09 8.1633448664e-15 9.5147565068e-14 -8.9480293059e-09 5.4123768780e-14
d  1.4747625993e-02 1.6766633299e+00 -2.0000000000e-01 8.5523330405e-02 3.0000000000e+02 -8.5521755218e-09 -9.5372605303e-14 8.5523330353e-09 8.5521753871e-09 8.2246807889e-15 9.5392605345e-14 -8.5523330820e-09 5.4076877699e-14
d  1.4758125069e-02 1.6693139786e+00 -2.0000000000e-01 8.0789449070e-02 3.0000000000e+02 -8.0787869778e-09 -9.5749209298e-14 8.0789448978e-09 8.0787868677e-09 8.3021683571e-15 9.5769209283e-14 -8.0789449719e-09 5.4033007178e-14
d  1.4764424515e-02 1.6649043678e+00 -2.0000000000e-01 7.7955783880e-02 3.0000000000e+02 -7.7954201316e-09 -9.6043091745e-14 7.7955767749e-09 7.7954296801e-09 8.3515393578e-15 9.6063084054e-14 -7.7955881111e-09 5.4016330062e-14
d  1.4771983850e-02 1.6596128349e+00 -2.0000000000e-01 7.4560982064e-02 3.0000000000e+02 -7.4559394984e-09 -9.6441663317e-14 7.4560961990e-09 7.4559512577e-09 8.4156391637e-15 9.6461635412e-14 -7.4561101393e-09 5.4002871555e-14
d  1.4781055052e-02 1.6532629953e+00 -2.0000000000e-01 7.0493542903e-02 3.0000000000e+02 -7.0491949416e-09 -9.7012652552e-14 7.0493542764e-09 7.0491948583e-09 8.4904478490e-15 9.7032652222e-14 -7.0493543794e-09 5.4001077203e-14
d  1.4786497773e-02 1.6494530916e+00 -2.0000000000e-01 6.8055224948e-02 3.0000000000e+02 -6.8053626444e-09 -9.7443944426e-14 6.8055204166e-09 6.8053743323e-09 8.5426532644e-15 9.7463868047e-14 -6.8055343547e-09 5.4015366002e-14
d  1.4793029038e-02 1.6448812072e+00 -2.0000000000e-01 6.5130023615e-02 3.0000000000e+02 -6.5128418342e-09 -9.8024968947e-14 6.5129982150e-09 6.5128651142e-09 8.6106227023e-15 9.8044769903e-14 -6.5130258130e-09 5.4041963970e-14
d  1.4796947797e-02 1.6421380765e+00 -2.0000000000e-01 6.3374696525e-02 3.0000000000e+02 -6.3373086517e-09 -9.8433356500e-14 6.3374685602e-09 6.3373144391e-09 8.6513243334e-15 9.8453285545e-14 -6.3374756107e-09 5.4067267901e-14
d  1.4801650309e-02 1.6388463197e+00 -2.0000000000e-01 6.1267335176e-02 3.0000000000e+02 -6.1265718875e-09 -9.8965538603e-14 6.1267308662e-09 6.1265861188e-09 8.7064644765e-15 9.8985333338e-14 -6.1267479193e-09 5.4107155178e-14
d  1.4807293322e-02 1.6348962115e+00 -2.0000000000e-01 5.8735942874e-02 3.0000000000e+02 -5.8734318008e-09 -9.9688996393e-14 5.8735905773e-09 5.8734519037e-09 8.7779124849e-15 9.9708671416e-14 -5.8736145600e-09 5.4167876491e-14
d  1.4814064938e-02 1.6301560817e+00 -2.0000000000e-01 5.5692222832e-02 3.0000000000e+02 -5.5690585845e-09 -1.0070699924e-13 5.5692194229e-09 5.5690741429e-09 8.8721956203e-15 1.0072671907e-13 -5.5692380102e-09 5.4267006165e-14
d  1.4818127907e-02 1.6273120038e+00 -2.0000000000e-01 5.3861460354e-02 3.0000000000e+02 -5.3859814471e-09 -1.0144780519e-13 5.3861432180e-09 5.3859961246e-09 8.9376891247e-15 1.0146741434e-13 -5.3861608812e-09 5.4349102335e-14
d  1.4823003471e-02 1.6238991103e+00 -2.0000000000e-01 5.1658250437e-02 3.0000000000e+02 -5.1656592621e-09 -1.0243694964e-13 5.1658198189e-09 5.1656866842e-09 9.0241919588e-15 1.0245613118e-13 -5.1658526335e-09 5.4466808294e-14
d  1.4828854147e-02 1.6198036382e+00 -2.0000000000e-01 4.9002280752e-02 3.0000000000e+02 -4.9000606180e-09 -1.0381690838e-13 4.9002272226e-09 4.9000650434e-09 9.1407939120e-15 1.0383676426e-13 -4.9002326675e-09 5.4642662740e-14
d  1.4832364553e-02 1.6173463549e+00 -2.0000000000e-01 4.7400652957e-02 3.0000000000e+02 -4.7398966129e-09 -1.0482331204e-13 4.7400621188e-09 4.7399126084e-09 9.2239718793e-15 1.0484257809e-13 -4.7400814577e-09 5.4781531850e-14
d  1.4836577040e-02 1.6143976149e+00 -2.0000000000e-01 4.5468430325e-02 3.0000000000e+02 -4.5466726994e-09 -1.0616796337e-13 4.5468422865e-09 4.5466763698e-09 9.3339114987e-15 1.0618777224e-13 -4.5468468689e-09 5.4973658193e-14
d  1.4841632024e-02 1.6108591270e+00 -2.0000000000e-01 4.3131194651e-02 3.0000000000e+02 -4.3129468134e-09 -1.0805326772e-13 4.3131182643e-09 4.3129530431e-09 9.4869848946e-15 1.0807293800e-13 -4.3131258601e-09 5.5257104757e-14
d  1.4847698005e-02 1.6066129414e+00 -2.0000000000e-01 4.0291705733e-02 3.0000000000e+02 -4.0289944870e-09 -1.1082762566e-13 4.0291649055e-09 4.0290259742e-09 9.7090566918e-15 1.1084590872e-13 -4.0292022243e-09 5.5693876904e-14
d  1.4851337593e-02 1.6040652301e+00 -2.0000000000e-01 3.8564618213e-02 3.0000000000e+02 -3.8562830433e-09 -1.1298718518e-13 3.8564606488e-09 3.8562889841e-09 9.8786422773e-15 1.1300669073e-13 -3.8564679262e-09 5.6048454934e-14
d  1.4855705100e-02 1.6010079765e+00 -2.0000000000e-01 3.6461234420e-02 3.0000000000e+02 -3.6459408327e-09 -1.1605821935e-13 3.6461199221e-09 3.6459596417e-09 1.0122876327e-14 1.1607652289e-13 -3.6461424138e-09 5.6573616699e-14
d  1.4860946107e-02 1.5973392722e+00 -2.0000000000e-01 3.3879094135e-02 3.0000000000e+02 -3.3877210312e-09 -1.2065515581e-13 3.3879057625e-09 3.3877424731e-09 1.0486202275e-14 1.2067313680e-13 -3.3879310171e-09 5.7379698924e-14
d  1.4864090712e-02 1.5951380496e+00 -2.0000000000e-01 3.2290366228e-02 3.0000000000e+02 -3.2288435256e-09 -1.2439947521e-13 3.2290345217e-09 3.2288544663e-09 1.0779910176e-14 1.2441794954e-13 -3.2290477252e-09 5.8054072586e-14
d  1.4867864237e-02 1.5924965826e+00 -2.0000000000e-01 3.0330654265e-02 3.0000000000e+02 -3.0328653497e-09 -1.2992413920e-13 3.0330646646e-09 3.0328694969e-09 1.1218100357e-14 1.2994348558e-13 -3.0330697355e-09 5.9074806166e-14
d  1.4872392468e-02 1.5893268220e+00 -2.0000000000e-01 2.7873848671e-02 3.0000000000e+02 -2.7871735330e-09 -1.3880583009e-13 2.7873858165e-09 2.7871669124e-09 1.1922998704e-14 1.3882686658e-13 -2.7873784090e-09 6.0746351866e-14
d  1.4875109406e-02 1.5874249657e+00 -2.0000000000e-01 2.6324534198e-02 3.0000000000e+02 -2.6322320789e-09 -1.4669461089e-13 2.6324506174e-09 2.6322474399e-09 1.2543942289e-14 1.4671099792e-13 -2.6324689393e-09 6.2247970051e-14
d  1.4878369732e-02 1.5851427382e+00 -2.0000000000e-01 2.4353831568e-02 3.0000000000e+02 -2.4351454291e-09 -1.5955179273e-13 2.4353817235e-09 2.4351543637e-09 1.3566549077e-14 1.5956941336e-13 -2.4353922502e-09 6.4739866351e-14
d  1.4882282124e-02 1.5824040651e+00 -2.0000000000e-01 2.1734628920e-02 3.0000000000e+02 -2.1731939294e-09 -1.8405871365e-13 2.1734620512e-09 2.1732022569e-09 1.5511536999e-14 1.8407626017e-13 -2.1734713774e-09 6.9530191295e-14
d  1.4884629558e-02 1.5807608612e+00 -2.0000000000e-01 1.9948511575e-02 3.0000000000e+02 -1.9945473928e-09 -2.1143911698e-13 1.9948525730e-09 1.9945384753e-09 1.7631332987e-14 2.1146279589e-13 -1.9948424033e-09 7.4828772020e-14
d  1.4887446480e-02 1.5787890166e+00 -2.0000000000e-01 1.7355177729e-02 3.0000000000e+02 -1.7351326257e-09 -2.7541789843e-13 1.7355185748e-09 1.7351253534e-09 2.2590549601e-14 2.7544152913e-13 -1.7355106637e-09 8.7288381360e-14
d  1.4889136633e-02 1.5776059098e+00 -2.0000000000e-01 1.5371649907e-02 3.0000000000e+02 -1.5366748224e-09 -3.5887065444e-13 1.5371666050e-09 1.5366689514e-09 2.8643755402e-14 3.5889446119e-13 -1.5371592821e-09 1.0279987559e-13
d  1.4889643679e-02 1.5772509778e+00 -2.0000000000e-01 1.4697318101e-02 3.0000000000e+02 -1.4691959705e-09 -3.9619723045e-13 1.4697330612e-09 1.4691947620e-09 3.0908873140e-14 3.9621604028e-13 -1.4697307576e-09 1.0889428866e-13
d  1.4890252134e-02 1.5768250593e+00 -2.0000000000e-01 1.3805549603e-02 3.0000000000e+02 -1.3799440108e-09 -4.5669688224e-13 1.3805591639e-09 1.3799407404e-09 3.4929968316e-14 4.5671198159e-13 -1.3805518366e-09 1.1945541441e-13
d  1.4890617207e-02 1.5765695083e+00 -2.0000000000e-01 1.3218644228e-02 3.0000000000e+02 -1.3211981927e-09 -5.0169611035e-13 1.3218652742e-09 1.3211975872e-09 3.7743529922e-14 5.0171379399e-13 -1.3218639717e-09 1.2697272560e-13
d  1.4891055295e-02 1.5762628470e+00 -2.0000000000e-01 1.2449998318e-02 3.0000000000e+02 -1.2442526688e-09 -5.6773315573e-13 1.2450013079e-09 1.2442517674e-09 4.1762489410e-14 5.6774946015e-13 -1.2449990819e-09 1.3779647299e-13
d  1.4891318147e-02 1.5760788502e+00 -2.0000000000e-01 1.1951998394e-02 3.0000000000e+02 -1.1943963904e-09 -6.1424711760e-13 1.1952021862e-09 1.1943953325e-09 4.4366797328e-14 6.1425644504e-13 -1.1951989209e-09 1.4498569611e-13
d  1.4891633571e-02 1.5758580541e+00 -2.0000000000e-01 1.1312463886e-02 3.0000000000e+02 -1.1303645166e-09 -6.7927574388e-13 1.1312494862e-09 1.1303632205e-09 4.7908110732e-14 6.7928266151e-13 -1.1312452272e-09 1.5484763035e-13
d  1.4891822824e-02 1.5757255765e+00 -2.0000000000e-01 1.0905912191e-02 3.0000000000e+02 -1.0896574082e-09 -7.2286925396e-13 1.0905951930e-09 1.0896560652e-09 5.0069155348e-14 7.2286151779e-13 -1.0905899863e-09 1.6104915778e-13
d  1.4892049929e-02 1.5755666033e+00 -2.0000000000e-01 1.0393613168e-02 3.0000000000e+02 -1.0383583442e-09 -7.8110904379e-13 1.0393681828e-09 1.0383562155e-09 5.2869238114e-14 7.8108440190e-13 -1.0393592684e-09 1.6916851111e-13
d  1.4892186192e-02 1.5754712193e+00 -2.0000000000e-01 1.0073395367e-02 3.0000000000e+02 -1.0062923516e-09 -8.1875535486e-13 1.0073426384e-09 1.0062914307e-09 5.4521547992e-14 8.1874349762e-13 -1.0073387198e-09 1.7411872981e-13
d  1.4892349707e-02 1.5753567586e+00 -2.0000000000e-01 9.6760170538e-03 3.0000000000e+02 -9.6649783936e-10 -8.6717290520e-13 9.6760223226e-10 9.6649755625e-10 5.6570908726e-14 8.6718785662e-13 -9.6760157212e-10 1.8033030403e-13
d  1.4892545926e-02 1.5752194058e+00 -2.0000000000e-01 9.1800484321e-03 3.0000000000e+02 -9.1682791720e-10 -9.2997885645e-13 9.1800445270e-10 9.1682785129e-10 5.9041573399e-14 9.3000191866e-13 -9.1800494103e-10 1.8803482746e-13
d  1.4892663657e-02 1.5751369941e+00 -2.0000000000e-01 8.8730394199e-03 3.0000000000e+02 -8.8608182412e-10 -9.6944917432e-13 8.8730418706e-10 8.8608161620e-10 6.0360833453e-14 9.6946618891e-13 -8.8730388741e-10 1.9242639514e-13
d  1.4892804934e-02 1.5750381000e+00 -2.0000000000e-01 8.4956411246e-03 3.0000000000e+02 -8.4828512044e-10 -1.0193760977e-12 8.4956498779e-10 8.4828478958e-10 6.1945663903e-14 1.0193861357e-12 -8.4956392306e-10 1.9782053007e-13
d  1.4892974467e-02 1.5749194271e+00 -2.0000000000e-01 8.0306182129e-03 3.0000000000e+02 -8.0171187238e-10 -1.0822302125e-12 8.0306165803e-10 8.0171174629e-10 6.3713353476e-14 1.0822517412e-12 -8.0306185610e-10 2.0417534148e-13
d  1.4893076186e-02 1.5748482234e+00 -2.0000000000e-01 7.7461205055e-03 3.0000000000e+02 -7.7321956462e-10 -1.1205486714e-12 7.7461461768e-10 7.7321896462e-10 6.4516921543e-14 1.1205317883e-12 -7.7461154676e-10 2.0752016821e-13
d  1.4893198250e-02 1.5747627790e+00 -2.0000000000e-01 7.4000674303e-03 3.0000000000e+02 -7.3856194582e-10 -1.1681247299e-12 7.4000733689e-10 7.3856169021e-10 6.5436795762e-14 1.1681367518e-12 -7.4000663219e-10 2.1152757387e-13
d  1.4893271488e-02 1.5747115123e+00 -2.0000000000e-01 7.1904255409e-03 3.0000000000e+02 -7.1756678987e-10 -1.1964877376e-12 7.1904226005e-10 7.1756667764e-10 6.5825795330e-14 1.1965137212e-12 -7.1904261004e-10 2.1360999515e-13
d  1.4893359374e-02 1.5746499923e+00 -2.0000000000e-01 6.9372681070e-03 3.0000000000e+02 -6.9221356702e-10 -1.2310881820e-12 6.9372850883e-10 6.9221315681e-10 6.6226430667e-14 1.2310758635e-12 -6.9372650464e-10 2.1600568509e-13
d  1.4893464837e-02 1.5745761683e+00 -2.0000000000e-01 6.6318150872e-03 3.0000000000e+02 -6.6162341138e-10 -1.2731123789e-12 6.6318141582e-10 6.6162326730e-10 6.6587866943e-14 1.2731338427e-12 -6.6318152521e-10 2.1867903611e-13
d  1.4893528114e-02 1.5745318739e+00 -2.0000000000e-01 6.4480529465e-03 3.0000000000e+02 -6.4322121530e-10 -1.2976442538e-12 6.4480505321e-10 6.4322109077e-10 6.6630199474e-14 1.2976699870e-12 -6.4480533776e-10 2.1991455154e-13
d  1.4893604048e-02 1.5744787206e+00 -2.0000000000e-01 6.2274248677e-03 3.0000000000e+02 -6.2112739471e-10 -1.3272928118e-12 6.2274352082e-10 6.2112710089e-10 6.6616612335e-14 1.3272898404e-12 -6.2274231275e-10 2.2128182092e-13
d  1.4893695168e-02 1.5744149366e+00 -2.0000000000e-01 5.9630344446e-03 3.0000000000e+02 -5.9465192134e-10 -1.3626293238e-12 5.9630337164e-10 5.9465177316e-10 6.6475332272e-14 1.3626506651e-12 -5.9630345655e-10 2.2267401372e-13
d  1.4893804512e-02 1.5743383959e+00 -2.0000000000e-01 5.6472783005e-03 3.0000000000e+02 -5.6303454911e-10 -1.4036018799e-12 5.6472887952e-10 5.6303426418e-10 6.6029231786e-14 1.4036058543e-12 -5.6472767632e-10 2.2374350123e-13
d  1.4893870118e-02 1.5742924714e+00 -2.0000000000e-01 5.4591326669e-03 3.0000000000e+02 -5.4419641126e-10 -1.4275074479e-12 5.4591410356e-10 5.4419615741e-10 6.5583122315e-14 1.4275082285e-12 -5.4591313884e-10 2.2401093835e-13
d  1.4893948846e-02 1.5742373621e+00 -2.0000000000e-01 5.2351622684e-03 3.0000000000e+02 -5.2177216810e-10 -1.4552368224e-12 5.2351612028e-10 5.2177202246e-10 6.4946652103e-14 1.4552591127e-12 -5.2351624296e-10 2.2409369795e-13
d  1.4894043319e-02 1.5741712309e+00 -2.0000000000e-01 4.9696982371e-03 3.0000000000e+02 -4.9519517349e-10 -1.4870025097e-12 4.9696988217e-10 4.9519500991e-10 6.3991040542e-14 1.4870214668e-12 -4.9696981631e-10 2.2375202954e-13
d  1.4894100003e-02 1.5741315522e+00 -2.0000000000e-01 4.8124824833e-03 3.0000000000e+02 -4.7945671727e-10 -1.5051492947e-12 4.8124863424e-10 4.7945652063e-10 6.3281345263e-14 1.5051589791e-12 -4.8124819245e-10 2.2324206874e-13
d  1.4894168023e-02 1.5740839377e+00 -2.0000000000e-01 4.6262036507e-03 3.0000000000e+02 -4.6080972869e-10 -1.5260377294e-12 4.6262035195e-10 4.6080957256e-10 6.2358565432e-14 1.5260580577e-12 -4.6262036736e-10 2.2245273131e-13
d  1.4894249648e-02 1.5740268004e+00 -2.0000000000e-01 4.4065394503e-03 3.0000000000e+02 -4.3882238854e-10 -1.5494058447e-12 4.4065378755e-10 4.3882224577e-10 6.1111876258e-14 1.5494291183e-12 -4.4065396555e-10 2.2115753261e-13
d  1.4894347598e-02 1.5739582356e+00 -2.0000000000e-01 4.1492447989e-03 3.0000000000e+02 -4.1307093206e-10 -1.5751240562e-12 4.1492511322e-10 4.1307071919e-10 5.9419261946e-14 1.5751331193e-12 -4.1492440664e-10 2.1911578930e-13
d  1.4894406368e-02 1.5739170967e+00 -2.0000000000e-01 3.9984769847e-03 3.0000000000e+02 -3.9798280058e-10 -1.5892434189e-12 3.9984793870e-10 3.9798262281e-10 5.8291512938e-14 1.5892572134e-12 -3.9984766820e-10 2.1761466415e-13
d  1.4894476892e-02 1.5738677300e+00 -2.0000000000e-01 3.8214421104e-03 3.0000000000e+02 -3.8026738692e-10 -1.6045412628e-12 3.8214421591e-10 3.8026722913e-10 5.6860947373e-14 1.6045611449e-12 -3.8214421083e-10 2.1558742107e-13
d  1.4894561520e-02 1.5738084900e+00 -2.0000000000e-01 3.6149871721e-03 3.0000000000e+02 -3.5961010725e-10 -1.6208408884e-12 3.6150045500e-10 3.5960981721e-10 5.5030560863e-14 1.6208259486e-12 -3.6149852690e-10 2.1283776374e-13
d  1.4894663074e-02 1.5737374020e+00 -2.0000000000e-01 3.3764380788e-03 3.0000000000e+02 -3.3574477275e-10 -1.6375148848e-12 3.3764366533e-10 3.3574462552e-10 5.2714981353e-14 1.6375372677e-12 -3.3764382232e-10 2.0918015163e-13
d  1.4894724007e-02 1.5736947492e+00 -2.0000000000e-01 3.2383219533e-03 3.0000000000e+02 -3.2192902359e-10 -1.6452917409e-12 3.2383220262e-10 3.2192886571e-10 5.1239242418e-14 1.6453115590e-12 -3.2383219485e-10 2.0671046810e-13
d  1.4894797126e-02 1.5736435658e+00 -2.0000000000e-01 3.0777536735e-03 3.0000000000e+02 -3.0586904546e-10 -1.6533267925e-12 3.0777555300e-10 3.0586887588e-10 4.9434696109e-14 1.6533424531e-12 -3.0777534825e-10 2.0362688997e-13
d  1.4894884869e-02 1.5735821457e+00 -2.0000000000e-01 2.8927389437e-03 3.0000000000e+02 -2.8736657713e-10 -1.6605922387e-12 2.8927494728e-10 2.8736635514e-10 4.7214603433e-14 1.6605917653e-12 -2.8927379606e-10 1.9970357868e-13
d  1.4894990161e-02 1.5735084417e+00 -2.0000000000e-01 2.6820124790e-03 3.0000000000e+02 -2.6629659755e-10 -1.6657448207e-12 2.6820222251e-10 2.6629638503e-10 4.4502086094e-14 1.6657490531e-12 -2.6820116682e-10 1.9474080369e-13
d  1.4895116511e-02 1.5734199968e+00 -2.0000000000e-01 2.4456051175e-03 3.0000000000e+02 -2.4266440450e-10 -1.6666273466e-12 2.4456042381e-10 2.4266425168e-10 4.1213678122e-14 1.6666485307e-12 -2.4456051848e-10 1.8847439123e-13
d  1.4895192320e-02 1.5733669299e+00 -2.0000000000e-01 2.3123113732e-03 3.0000000000e+02 -2.2934250734e-10 -1.6647788667e-12 2.3123125632e-10 2.2934234408e-10 3.9276959511e-14 1.6647964775e-12 -2.3123112767e-10 1.8466985086e-13
d  1.4895283292e-02 1.5733032496e+00 -2.0000000000e-01 2.1607628370e-03 3.0000000000e+02 -2.1419912523e-10 -1.6603475851e-12 2.1607645784e-10 2.1419895980e-10 3.6965721954e-14 1.6603643101e-12 -2.1607627039e-10 1.8002783437e-13
d  1.4895392459e-02 1.5732268333e+00 -2.0000000000e-01 1.9908218472e-03 3.0000000000e+02 -1.9722204580e-10 -1.6516789991e-12 1.9908280451e-10 1.9722186217e-10 3.4240329172e-14 1.6516892949e-12 -1.9908214253e-10 1.7439183086e-13
d  1.4895523458e-02 1.5731351336e+00 -2.0000000000e-01 1.8035209239e-03 3.0000000000e+02 -1.7851637711e-10 -1.6372093307e-12 1.8035203418e-10 1.7851622202e-10 3.1098539858e-14 1.6372300898e-12 -1.8035209605e-10 1.6768606405e-13
d  1.4895680657e-02 1.5730250941e+00 -2.0000000000e-01 1.6014973410e-03 3.0000000000e+02 -1.5834826243e-10 -1.6142293401e-12 1.6014966665e-10 1.5834810740e-10 2.7542826453e-14 1.6142500728e-12 -1.6014973774e-10 1.5978663700e-13
d  1.4895869297e-02 1.5728930466e+00 -2.0000000000e-01 1.3893426055e-03 3.0000000000e+02 -1.3717943265e-10 -1.5805484704e-12 1.3893426924e-10 1.3717927510e-10 2.3648478608e-14 1.5805683918e-12 -1.3893426030e-10 1.5073670136e-13
d  1.4896095664e-02 1.5727345896e+00 -2.0000000000e-01 1.1736739225e-03 3.0000000000e+02 -1.1567420870e-10 -1.5331411258e-12 1.1736730763e-10 1.1567405348e-10 1.9546712692e-14 1.5331617651e-12 -1.1736739549e-10 1.4064374695e-13
d  1.4896231484e-02 1.5726395155e+00 -2.0000000000e-01 1.0621600421e-03 3.0000000000e+02 -1.0456055940e-10 -1.5026597377e-12 1.0621590328e-10 1.0456040445e-10 1.7535745626e-14 1.5026808713e-12 -1.0621600851e-10 1.3535734003e-13
d  1.4896394469e-02 1.5725254265e+00 -2.0000000000e-01 9.4391153106e-04 3.0000000000e+02 -9.2783049604e-11 -1.4637480768e-12 9.4390909634e-11 9.2782897344e-11 1.5273920748e-14 1.4637706393e-12 -9.4391162436e-11 1.2919240633e-13
d  1.4896590050e-02 1.5723885196e+00 -2.0000000000e-01 8.2173249132e-04 3.0000000000e+02 -8.0622890276e-11 -1.4152015093e-12 8.2173241433e-11 8.0622733173e-11 1.2884436787e-14 1.4152215768e-12 -8.2173249462e-11 1.2232916259e-13
d  1.4896824747e-02 1.5722242315e+00 -2.0000000000e-01 6.9920715862e-04 3.0000000000e+02 -6.8439161653e-11 -1.3562311043e-12 6.9920701748e-11 6.8439004641e-11 1.0498492268e-14 1.3562512076e-12 -6.9920716313e-11 1.1498174284e-13
d  1.4897106384e-02 1.5720270857e+00 -2.0000000000e-01 5.8042041770e-04 3.0000000000e+02 -5.6640755324e-11 -1.2859001182e-12 5.8042147349e-11 5.6640596824e-11 8.2183145361e-15 1.2859194735e-12 -5.8042039464e-11 1.0730057370e-13
d  1.4897444349e-02 1.5717905107e+00 -2.0000000000e-01 4.6948067281e-04 3.0000000000e+02 -4.5638057382e-11 -1.2045316759e-12 4.6948302593e-11 4.5637897877e-11 6.1501538871e-15 1.2045504765e-12 -4.6948063019e-11 9.9502723002e-14
d  1.4897647127e-02 1.5716485657e+00 -2.0000000000e-01 4.1585631453e-04 3.0000000000e+02 -4.0326435768e-11 -1.1584051083e-12 4.1585662947e-11 4.0326278301e-11 5.3049381517e-15 1.1584248708e-12 -4.1585630800e-11 9.5706364247e-14
d  1.4897890461e-02 1.5714782317e+00 -2.0000000000e-01 3.6161569704e-04 3.0000000000e+02 -3.4960908567e-11 -1.1050145532e-12 3.6161586824e-11 3.4960751274e-11 4.3772252414e-15 1.1050344323e-12 -3.6161569395e-11 9.1408129951e-14
d  1.4898182463e-02 1.5712738309e+00 -2.0000000000e-01 3.0825857607e-04 3.0000000000e+02 -2.9690900757e-11 -1.0448108361e-12 3.0825838938e-11 2.9690743763e-11 3.4694421269e-15 1.0448309461e-12 -3.0825857952e-11 8.6824581042e-14
d  1.4898532864e-02 1.5710285500e+00 -2.0000000000e-01 2.5733810825e-04 3.0000000000e+02 -2.4671018373e-11 -9.7817305657e-13 2.5733763525e-11 2.4670861548e-11 2.6428584615e-15 9.7819328907e-13 -2.5733811513e-11 8.2089536706e-14
d  1.4898953346e-02 1.5707342129e+00 -2.0000000000e-01 2.1028531982e-04 3.0000000000e+02 -2.0043354936e-11 -9.0604676464e-13 2.1028531269e-11 2.0043197866e-11 1.9234904103e-15 9.0606676757e-13 -2.1028532012e-11 7.7296347291e-14
d  1.4899457924e-02 1.5703810083e+00 -2.0000000000e-01 1.6823597856e-04 3.0000000000e+02 -1.5919987448e-11 -8.2988978934e-13 1.6823597289e-11 1.5919830412e-11 1.3267971458e-15 8.2990979128e-13 -1.6823597878e-11 7.2542442335e-14
d  1.4900063418e-02 1.5699571629e+00 -2.0000000000e-01 1.3190081496e-04 3.0000000000e+02 -1.2370089585e-11 -7.5136246028e-13 1.3190084814e-11 1.2369932579e-11 8.5556095143e-16 7.5138245081e-13 -1.3190081484e-11 6.7910547497e-14
d  1.4900790010e-02 1.5694485483e+00 -2.0000000000e-01 1.0151499704e-04 3.0000000000e+02 -9.4150612761e-12 -6.7259483605e-13 1.0151510258e-11 9.4149043068e-12 5.0133208090e-16 6.7261481092e-13 -1.0151499648e-11 6.3484714306e-14
d  1.4901661921e-02 1.5688382109e+00 -2.0000000000e-01 7.6875346454e-05 3.0000000000e+02 -7.0324734840e-12 -5.9562180787e-13 7.6875376862e-12 7.0323165948e-12 2.4732366851e-16 5.9564180183e-13 -7.6875346377e-12 5.9329019970e-14
d  1.4902708214e-02 1.5681058059e+00 -2.0000000000e-01 5.7445592851e-05 3.0000000000e+02 -5.1668189831e-12 -5.2230924818e-13 5.7445600437e-12 5.1666621715e-12 7.2903809196e-17 5.2232924693e-13 -5.7445592878e-12 5.5492829188e-14
d  1.4903335990e-02 1.5676663630e+00 -2.0000000000e-01 4.9158380116e-05 3.0000000000e+02 -4.3762316115e-12 -4.8604143001e-13 4.9158363595e-12 4.3760748473e-12 2.4662063715e-17 4.8606143403e-13 -4.9158380255e-12 5.3660579970e-14
d  1.4904089321e-02 1.5671390314e+00 -2.0000000000e-01 4.1413559522e-05 3.0000000000e+02 -3.6412048037e-12 -4.4857511597e-13 4.1413545784e-12 3.6410480915e-12 -3.2859264785e-17 4.4859511909e-13 -4.1413559632e-12 5.1754561871e-14
d  1.4904993318e-02 1.5665062335e+00 -2.0000000000e-01 3.4350787653e-05 3.0000000000e+02 -2.9750540966e-12 -4.1042015630e-13 3.4350807841e-12 2.9748974439e-12 -8.3976294807e-17 4.1044015247e-13 -3.4350787603e-12 4.9826387321e-14
d  1.4906078115e-02 1.5657468761e+00 -2.0000000000e-01 2.8072220709e-05 3.0000000000e+02 -2.3872736391e-12 -3.7229103265e-13 2.8072249639e-12 2.3871170620e-12 -1.2500689886e-16 3.7231102807e-13 -2.8072220637e-12 4.7916091406e-14
d  1.4907379871e-02 1.5648356471e+00 -2.0000000000e-01 2.2629962875e-05 3.0000000000e+02 -1.8823241172e-12 -3.3490630440e-13 2.2629988407e-12 1.8821676319e-12 -1.5672329929e-16 3.3492630102e-13 -2.2629962825e-12 4.6056504789e-14
d  1.4908941978e-02 1.5637421724e+00 -2.0000000000e-01 1.8024739408e-05 3.0000000000e+02 -1.4595763574e-12 -2.9893506319e-13 1.8024742394e-12 1.4594199830e-12 -1.8035595059e-16 2.9895506286e-13 -1.8024739419e-12 4.4277392069e-14
d  1.4910816507e-02 1.5624300027e+00 -2.0000000000e-01 1.4213295836e-05 3.0000000000e+02 -1.1141069171e-12 -2.6495432494e-13 1.4213405175e-12 1.1139506695e-12 -1.9737356101e-16 2.6497431490e-13 -1.4213295637e-12 4.2603828059e-14
d  1.4913065941e-02 1.5608553991e+00 -2.0000000000e-01 1.1120617909e-05 3.0000000000e+02 -8.3795703910e-13 -2.3340018170e-13 1.1120612055e-12 8.3780095376e-13 -2.0923569609e-16 2.3342018215e-13 -1.1120617930e-12 4.1054287900e-14
d  1.4915765262e-02 1.5589658748e+00 -2.0000000000e-01 8.6534791687e-06 3.0000000000e+02 -6.2150281188e-13 -2.0455739111e-13 8.6535847199e-13 6.2134691245e-13 -2.1727716726e-16 2.0457738439e-13 -8.6534790377e-13 3.9640319609e-14
d  1.4919004448e-02 1.5566984456e+00 -2.0000000000e-01 6.7126982958e-06 3.0000000000e+02 -4.5467780586e-13 -1.7858680195e-13 6.7127101319e-13 4.5452213576e-13 -2.2256651168e-16 1.7860680132e-13 -6.7126982896e-13 3.8368115315e-14
d  1.4922891470e-02 1.5539775306e+00 -2.0000000000e-01 5.2024622865e-06 3.0000000000e+02 -3.2788654273e-13 -1.5548276241e-13 5.2024691472e-13 3.2773114486e-13 -2.2595349853e-16 1.5550276210e-13 -5.2024622855e-13 3.7236247881e-14
d  1.4927555897e-02 1.5507124325e+00 -2.0000000000e-01 4.0362904216e-06 3.0000000000e+02 -2.3257403432e-13 -1.3517706691e-13 4.0363725618e-13 2.3241896198e-13 -2.2804160458e-16 1.3519706388e-13 -4.0362903646e-13 3.6240776883e-14
d  1.4933153210e-02 1.5467943149e+00 -2.0000000000e-01 3.1395200962e-06 3.0000000000e+02 -1.6142216794e-13 -1.1751644266e-13 3.1396058015e-13 1.6126748760e-13 -2.2925181868e-16 1.1753644003e-13 -3.1395200467e-13 3.5373954116e-14
d  1.4939869985e-02 1.5420925737e+00 -2.0000000000e-01 2.4399368308e-06 3.0000000000e+02 -1.0691623356e-13 -1.0278686853e-13 2.4404203983e-13 1.0676202021e-13 -2.2981079802e-16 1.0280685617e-13 -2.4399365876e-13 3.4650298270e-14
d  1.4947930115e-02 1.5364504843e+00 -2.0000000000e-01 1.9128311440e-06 3.0000000000e+02 -6.8125470204e-14 -8.9530759069e-14 1.9131709528e-13 6.7971822847e-14 -2.3009990946e-16 8.9550751837e-14 -1.9128310031e-13 3.3997214827e-14
d  1.4957602271e-02 1.5296799770e+00 -2.0000000000e-01 1.5073923189e-06 3.0000000000e+02 -3.9398509586e-14 -7.8262580041e-14 1.5073245403e-13 3.9245541959e-14 -2.2997856418e-16 7.8282581242e-14 -1.5073923440e-13 3.3441000011e-14
d  1.4969208858e-02 1.5215553682e+00 -2.0000000000e-01 1.1936416794e-06 3.0000000000e+02 -1.7982734628e-14 -6.8775426666e-14 1.1935820015e-13 1.7830579356e-14 -2.2964254477e-16 6.8795427546e-14 -1.1936416978e-13 3.2971529715e-14
d  1.4983136763e-02 1.5118058377e+00 -2.0000000000e-01 9.4905703413e-07 3.0000000000e+02 -1.8793497657e-15 -6.0812289635e-14 9.4900378265e-14 1.7281693732e-15 -2.2909909382e-16 6.0832290289e-14 -9.4905704784e-14 3.2576432882e-14
d  1.4999850248e-02 1.5001064011e+00 -2.0000000000e-01 7.5638794132e-07 3.0000000000e+02 1.0423420674e-14 -5.4175552701e-14 7.5633551895e-14 -1.0573431160e-14 -2.2836053003e-16 5.4195553237e-14 -7.5638795251e-14 3.2246197091e-14
d  1.5000000000e-02 1.5000015750e+00 -2.0000000000e-01 7.5815443426e-07 3.0000000000e+02 9.9297864575e-15 -5.3984989561e-14 7.5813623885e-14 -1.0079783444e-14 -2.2882511447e-16 5.4005002703e-14 -7.5815468715e-14 3.2234595900e-14
d  1.5000179702e-02 1.4998757837e+00 -2.0000000000e-01 7.5659339688e-07 3.0000000000e+02 1.0036378407e-14 -5.3763924700e-14 7.5656136761e-14 -1.0186358865e-14 -2.2807136449e-16 5.3783954228e-14 -7.5659396411e-14 3.2224878875e-14
d  1.5000395344e-02 1.4997248341e+00 -2.0000000000e-01 7.5462932391e-07 3.0000000000e+02 1.0158094728e-14 -5.3753266240e-14 7.5459915260e-14 -1.0308061619e-14 -2.2830995920e-16 5.3773289421e-14 -7.5462976938e-14 3.2223916409e-14
d  1.5000654115e-02 1.4995436945e+00 -2.0000000000e-01 7.5231032500e-07 3.0000000000e+02 1.0304848357e-14 -5.3672327612e-14 7.5228196938e-14 -1.0454798344e-14 -2.2830634865e-16 5.3692345768e-14 -7.5231067409e-14 3.2219867926e-14
d  1.5000964640e-02 1.4993263271e+00 -2.0000000000e-01 7.4954549669e-07 3.0000000000e+02 1.0479805515e-14 -5.3575657567e-14 7.4951732258e-14 -1.0629734517e-14 -2.2829089322e-16 5.3595672602e-14 -7.4954578590e-14 3.2215053838e-14
d  1.5001337270e-02 1.4990654862e+00 -2.0000000000e-01 7.4625170866e-07 3.0000000000e+02 1.0688149546e-14 -5.3460259259e-14 7.4622175931e-14 -1.0838052875e-14 -2.2827363162e-16 5.3480272579e-14 -7.4625196499e-14 3.2209303954e-14
d  1.5001784426e-02 1.4987524771e+00 -2.0000000000e-01 7.4233350441e-07 3.0000000000e+02 1.0935876839e-14 -5.3322762225e-14 7.4229523788e-14 -1.1085748655e-14 -2.2825287190e-16 5.3342776409e-14 -7.4233377733e-14 3.2202453093e-14
d  1.5002321013e-02 1.4983768662e+00 -2.0000000000e-01 7.3768049239e-07 3.0000000000e+02 1.1229898864e-14 -5.3158858959e-14 7.3762435048e-14 -1.1379732351e-14 -2.2822795911e-16 5.3178876303e-14 -7.3768082597e-14 3.2194285288e-14
d  1.5002964918e-02 1.4979261331e+00 -2.0000000000e-01 7.3216620153e-07 3.0000000000e+02 1.1578094473e-14 -5.2963881180e-14 7.3210378443e-14 -1.1727883190e-14 -2.2819947129e-16 5.2983897252e-14 -7.3216651072e-14 3.2184564584e-14
d  1.5003737603e-02 1.4973852534e+00 -2.0000000000e-01 7.2564688344e-07 3.0000000000e+02 1.1989370653e-14 -5.2734336589e-14 7.2558693223e-14 -1.2139106055e-14 -2.2816420911e-16 5.2754349455e-14 -7.2564713113e-14 3.2173122162e-14
d  1.5004664826e-02 1.4967361978e+00 -2.0000000000e-01 7.1796158081e-07 3.0000000000e+02 1.2473639694e-14 -5.2463666865e-14 7.1790595054e-14 -1.2623310894e-14 -2.2812150291e-16 5.2483676817e-14 -7.1796177257e-14 3.2159628701e-14
d  1.5005777493e-02 1.4959573310e+00 -2.0000000000e-01 7.0893346152e-07 3.0000000000e+02 1.3041606155e-14 -5.2144736045e-14 7.0888987267e-14 -1.3191200305e-14 -2.2807047992e-16 5.2164742545e-14 -7.0893358703e-14 3.2143725822e-14
d  1.5007112694e-02 1.4950226909e+00 -2.0000000000e-01 6.9838841503e-07 3.0000000000e+02 1.3701847488e-14 -5.1769722223e-14 6.9824539859e-14 -1.3851345417e-14 -2.2800619919e-16 5.1789740001e-14 -6.9838875712e-14 3.2125028392e-14
d  1.5008714934e-02 1.4939011227e+00 -2.0000000000e-01 6.8588262299e-07 3.0000000000e+02 1.4506320858e-14 -5.1336663608e-14 6.8568790654e-14 -1.4655706033e-14 -2.2792935591e-16 5.1356683787e-14 -6.8588301125e-14 3.2103433954e-14
d  1.5010637623e-02 1.4925552409e+00 -2.0000000000e-01 6.7174178984e-07 3.0000000000e+02 1.5378110588e-14 -5.0817695465e-14 6.7174221918e-14 -1.5527366121e-14 -2.2785253643e-16 5.0837695428e-14 -6.7174178980e-14 3.2077506102e-14
d  1.5012944850e-02 1.4909401828e+00 -2.0000000000e-01 6.5528534031e-07 3.0000000000e+02 1.6407897635e-14 -5.0248434809e-14 6.5528652675e-14 -1.6556991674e-14 -2.2773438705e-16 5.0268434723e-14 -6.5528533933e-14 3.2049124961e-14
d  1.5015713522e-02 1.4890021130e+00 -2.0000000000e-01 6.3645593938e-07 3.0000000000e+02 1.7584481746e-14 -4.9571311866e-14 6.3645808399e-14 -1.7733381989e-14 -2.2760662699e-16 4.9591311737e-14 -6.3645593755e-14 3.2015307347e-14
d  1.5019035928e-02 1.4866764293e+00 -2.0000000000e-01 6.1508654699e-07 3.0000000000e+02 1.8916611487e-14 -4.8804006579e-14 6.1508193524e-14 -1.9065279072e-14 -2.2744995065e-16 4.8824006810e-14 -6.1508655204e-14 3.1976974834e-14
d  1.5023022815e-02 1.4838856088e+00 -2.0000000000e-01 5.9104661324e-07 3.0000000000e+02 2.0412045236e-14 -4.7937426369e-14 5.9103725037e-14 -2.0560433699e-14 -2.2726116478e-16 4.7957426760e-14 -5.9104662135e-14 3.1933657359e-14
d  1.5027807080e-02 1.4805366242e+00 -2.0000000000e-01 5.6428103055e-07 3.0000000000e+02 2.2072518679e-14 -4.6968980982e-14 5.6425543633e-14 -2.2220572119e-14 -2.2703352520e-16 4.6988981874e-14 -5.6428104827e-14 3.1885214650e-14
d  1.5033548198e-02 1.4765178427e+00 -2.0000000000e-01 5.3473648038e-07 3.0000000000e+02 2.3907874804e-14 -4.5901399431e-14 5.3473696838e-14 -2.4055526591e-14 -2.2675911510e-16 4.5921399417e-14 -5.3473648064e-14 3.1831770606e-14
d  1.5040437540e-02 1.4716953049e+00 -2.0000000000e-01 5.0241388031e-07 3.0000000000e+02 2.5928579813e-14 -4.4750253430e-14 5.0237156281e-14 -2.6075749085e-14 -2.2642747942e-16 4.4770254456e-14 -5.0241390056e-14 3.1774097889e-14
d  1.5048704750e-02 1.4659082596e+00 -2.0000000000e-01 4.6801632247e-07 3.0000000000e+02 2.8042277238e-14 -4.3481473981e-14 4.6802054136e-14 -2.8188868086e-14 -2.2603215991e-16 4.3501473896e-14 -4.6801632129e-14 3.1710428411e-14
d  1.5058625402e-02 1.4589638052e+00 -2.0000000000e-01 4.3133317578e-07 3.0000000000e+02 3.0318495597e-14 -4.2160066549e-14 4.3133392164e-14 -3.0464391980e-14 -2.2555207379e-16 4.2180066537e-14 -4.3133317597e-14 3.1644044374e-14
d  1.5070530184e-02 1.4506304599e+00 -2.0000000000e-01 3.9024467429e-07 3.0000000000e+02 3.3139709186e-14 -4.0931913384e-14 3.9022720472e-14 -3.3284772169e-14 -2.2496922082e-16 4.0951913630e-14 -3.9024467941e-14 3.1582348641e-14
d  1.5084815923e-02 1.4406304455e+00 -2.0000000000e-01 3.5050246098e-07 3.0000000000e+02 3.5612918895e-14 -3.9501899606e-14 3.5050254005e-14 -3.5756981939e-14 -2.2429085299e-16 3.9521899605e-14 -3.5050246131e-14 3.1510217456e-14
d  1.5101958810e-02 1.4286304283e+00 -2.0000000000e-01 3.0992854248e-07 3.0000000000e+02 3.8168565832e-14 -3.8067988208e-14 3.0998109801e-14 -3.8311429006e-14 -2.2346288319e-16 3.8087987694e-14 -3.0992853287e-14 3.1437725174e-14
d  1.5122530274e-02 1.4142304076e+00 -2.0000000000e-01 2.6901258086e-07 3.0000000000e+02 4.0788965466e-14 -3.6669472491e-14 2.6899061656e-14 -4.0930388461e-14 -2.2247653793e-16 3.6689472671e-14 -2.6901258458e-14 3.1366791664e-14
d  1.5147216031e-02 1.3969503828e+00 -2.0000000000e-01 2.2828058056e-07 3.0000000000e+02 4.3447503967e-14 -3.5318652045e-14 2.2825893295e-14 -4.3587198967e-14 -2.2130106628e-16 3.5338652192e-14 -2.2828058363e-14 3.1297991082e-14
d  1.5176838939e-02 1.3762143530e+00 -2.0000000000e-01 1.8805005985e-07 3.0000000000e+02 4.6144661469e-14 -3.4054301252e-14 1.8806861528e-14 -4.6282282931e-14 -2.1990236356e-16 3.4074301147e-14 -1.8805005800e-14 3.1233252170e-14
d  1.5212386428e-02 1.3513311173e+00 -2.0000000000e-01 1.4667653597e-07 3.0000000000e+02 4.9182943228e-14 -3.3004351176e-14 1.4663412080e-14 -4.9318076288e-14 -2.1824060889e-16 3.3024351377e-14 -1.4667653999e-14 3.1179120237e-14
d  1.5233714922e-02 1.3364011758e+00 -2.0000000000e-01 1.2830853003e-07 3.0000000000e+02 5.0313316390e-14 -3.2332175968e-14 1.2832786032e-14 -5.0446956541e-14 -2.1726062551e-16 3.2352175833e-14 -1.2830852757e-14 3.1144147989e-14
d  1.5259309115e-02 1.3184852461e+00 -2.0000000000e-01 1.0681477039e-07 3.0000000000e+02 5.1877099772e-14 -3.1771484781e-14 1.0681855648e-14 -5.2008948303e-14 -2.1608430506e-16 3.1791484756e-14 -1.0681477002e-14 3.1114823748e-14
d  1.5290022146e-02 1.2969861304e+00 -2.0000000000e-01 8.2397546452e-08 3.0000000000e+02 5.3847467068e-14 -3.1321904232e-14 8.2372228800e-15 -5.3977165646e-14 -2.1469168365e-16 3.1341904369e-14 -8.2397549185e-15 3.1091047522e-14
d  1.5326877783e-02 1.2711871916e+00 -2.0000000000e-01 5.8424518976e-08 3.0000000000e+02 5.5688832117e-14 -3.0788807352e-14 5.8399088099e-15 -5.5815950807e-14 -2.1304587724e-16 3.0808807468e-14 -5.8424521255e-15 3.1062656993e-14
d  1.5371104548e-02 1.2402284650e+00 -2.0000000000e-01 3.3598045576e-08 3.0000000000e+02 5.7655819170e-14 -3.0294941644e-14 3.3575861036e-15 -5.7779841995e-14 -2.1109777855e-16 3.0314941728e-14 -3.3598047225e-15 3.1035941491e-14
d  1.5424176666e-02 1.2030779932e+00 -2.0000000000e-01 8.1845304710e-09 3.0000000000e+02 5.9739753103e-14 -2.9855975962e-14 8.1943771764e-16 -5.9860060910e-14 -2.0880394794e-16 2.9875975931e-14 -8.1845298816e-16 3.1011638002e-14
d  1.5487863207e-02 1.1584974269e+00 -2.0000000000e-01 -1.7604251004e-08 3.0000000000e+02 6.1942706790e-14 -2.9493110792e-14 -1.7589331736e-15 -6.2058556543e-14 -2.0611176445e-16 2.9513110753e-14 1.7604251776e-15 3.0990780880e-14
d  1.5564287056e-02 1.1050007474e+00 -2.0000000000e-01 -4.3302572233e-08 3.0000000000e+02 6.4227774946e-14 -2.9217215016e-14 -4.3287679178e-15 -6.4338275029e-14 -2.0296560814e-16 2.9237214984e-14 4.3302572904e-15 3.0973865572e-14
d  1.5655995676e-02 1.0408047320e+00 -2.0000000000e-01 -6.8488861084e-08 3.0000000000e+02 6.6571194811e-14 -2.9044472634e-14 -6.8484750584e-15 -6.6675275286e-14 -1.9930668154e-16 2.9064472626e-14 6.8488861297e-15 3.0961673077e-14
d  1.5714290000e-02 9.9999871667e-01 -2.0000000000e-01 -8.1972178806e-08 3.0000000000e+02 6.7875571304e-14 -2.8997872586e-14 -8.1967670417e-15 -6.7975571179e-14 -1.9704431437e-16 2.9017872574e-14 8.1972179110e-15 3.0957136674e-14
d  1.5784243189e-02 9.5103149830e-01 -2.0000000000e-01 -9.6025533026e-08 3.0000000000e+02 6.9279070048e-14 -2.8991867271e-14 -9.6022382331e-15 -6.9374173200e-14 -1.9439228924e-16 2.9011867264e-14 9.6025533266e-15 3.0954346295e-14
d  1.5868187016e-02 8.9227083626e-01 -2.0000000000e-01 -1.1034863905e-07 3.0000000000e+02 7.0764326647e-14 -2.9036248717e-14 -1.1034487741e-14 -7.0853553732e-14 -1.9129657079e-16 2.9056248710e-14 1.1034863930e-14 3.0953733948e-14
d  1.5968919608e-02 8.2175804182e-01 -2.0000000000e-01 -1.2453207663e-07 3.0000000000e+02 7.2303152102e-14 -2.9144020862e-14 -1.2453057837e-14 -7.2385327907e-14 -1.8770086490e-16 2.9164020860e-14 1.2453207681e-14 3.0955928430e-14
d  1.6089798718e-02 7.3714268848e-01 -2.0000000000e-01 -1.3844107146e-07 3.0000000000e+02 7.3918387061e-14 -2.9348787960e-14 -1.3844334023e-14 -7.3992101329e-14 -1.8354833769e-16 2.9368787963e-14 1.3844107154e-14 3.0962716847e-14
d  1.6234853651e-02 6.3560426448e-01 -2.0000000000e-01 -1.5097960389e-07 3.0000000000e+02 7.5460312987e-14 -2.9612631404e-14 -1.5098051587e-14 -7.5523873413e-14 -1.7878505682e-16 2.9632631405e-14 1.5097960402e-14 3.0972042063e-14
d  1.6321886610e-02 5.7468121007e-01 -2.0000000000e-01 -1.5685488633e-07 3.0000000000e+02 7.6224172972e-14 -2.9774220148e-14 -1.5685459783e-14 -7.6281641093e-14 -1.7603545935e-16 2.9794220147e-14 1.5685488650e-14 3.0977972164e-14
d  1.6426326162e-02 5.0157354479e-01 -2.0000000000e-01 -1.6308629869e-07 3.0000000000e+02 7.7083947499e-14 -2.9991827248e-14 -1.6308636031e-14 -7.7134104854e-14 -1.7283743522e-16 3.0011827248e-14 1.6308629885e-14 3.0986496927e-14
d  1.6551653623e-02 4.1384434645e-01 -2.0000000000e-01 -1.6938661859e-07 3.0000000000e+02 7.7998027290e-14 -3.0252950071e-14 -1.6938679828e-14 -7.8039411725e-14 -1.6913840425e-16 3.0272950071e-14 1.6938661875e-14 3.0996921513e-14
d  1.6626850100e-02 3.6120682745e-01 -2.0000000000e-01 -1.7270304026e-07 3.0000000000e+02 7.8499303059e-14 -3.0408793799e-14 -1.7270315343e-14 -7.8535423742e-14 -1.6698799595e-16 3.0428793799e-14 1.7270304043e-14 3.1003287828e-14
d  1.6717085873e-02 2.9804180464e-01 -2.0000000000e-01 -1.7637762792e-07 3.0000000000e+02 7.9063678320e-14 -3.0589547234e-14 -1.7637776988e-14 -7.9093482500e-14 -1.6447287964e-16 3.0609547235e-14 1.7637762809e-14 3.1010643969e-14
d  1.6825368800e-02 2.2224377728e-01 -2.0000000000e-01 -1.8042410236e-07 3.0000000000e+02 7.9697884639e-14 -3.0800011608e-14 -1.8042414938e-14 -7.9720109016e-14 -1.6154463545e-16 3.0820011608e-14 1.8042410254e-14 3.1019237020e-14
d  1.6955308312e-02 1.3128614444e-01 -2.0000000000e-01 -1.8492396876e-07 3.0000000000e+02 8.0421236901e-14 -3.1050287796e-14 -1.8492267460e-14 -8.0434365516e-14 -1.5815356339e-16 3.1070287794e-14 1.8492396897e-14 3.1029620349e-14
d  1.7111235727e-02 2.2136985036e-02 -2.0000000000e-01 -1.8995181712e-07 3.0000000000e+02 8.1233971176e-14 -3.1334035391e-14 -1.8995076650e-14 -8.1236184875e-14 -1.5425083193e-16 3.1354035390e-14 1.8995181733e-14 3.1041389035e-14
d  1.7142860000e-02 0.0000000000e+00 -2.0000000000e-01 -1.9097422716e-07 3.0000000000e+02 8.1402781822e-14 -3.1394561912e-14 -1.9097443012e-14 -8.1402781821e-14 -1.5348038347e-16 3.1414561913e-14 1.9097422733e-14 3.1044064599e-14
