v ATLAS
# This file was created by ATLAS version 5.32.1.R on Wed Oct  7 17:08:04 2026.
#SSF 2.0 generic
##############################################################################
#                    Copyright (c) 1984 - 2021                               #
#                    Silvaco Inc. All rights reserved                        #
#                                                                            #
# This file format and the following Key are copyright Silvaco Inc.          #
# You may not use, this format or key without reproducing this message in    #
# full and obtaining express written permission from Silvaco Inc.            #
#                                                                            #
# To obtain such permission please contact: Silvaco Inc.                     #
#                                           support@silvaco.com              #
#                                                                            #
# KEY=SVC86hn7562asdx                       PROD=345                         #
##############################################################################
Q 10000 1 "V[1]" 5 1201 7 1
Q 10001 1 "V[2]" 5 1201 7 2
Q 10002 1 "V[3]" 5 1201 7 3
X 1 Vdrain
X 2 Vgate
X 3 Rtap
X 4 Adev_drain
X 5 Adev_source
X 6 Adev_gate
X 7 Adev_tap
X 8 Adev_substrate
p 13 61 10000 10001 10002 82 1301 1302 1303 1304 1305 1306 1307 1308
d  1.0000000000e-09 6.9999996500e-07 -2.0000000000e-01 4.7132157360e-09 3.0000000000e+02 -7.8847081887e-14 3.2256087597e-14 1.5692569476e-14 7.8847211172e-14 -1.2048803312e-16 -3.2235529323e-14 -1.5711793659e-14 -3.1378341146e-14
d  2.0000000000e-09 1.3999999300e-06 -2.0000000000e-01 5.0973137003e-09 3.0000000000e+02 -7.9001399286e-14 3.0807952187e-14 1.6991059602e-14 7.9001398997e-14 4.7528814696e-17 -3.0787952822e-14 -1.6991044429e-14 -3.1005153176e-14
d  3.0000000000e-09 2.0999998950e-06 -2.0000000000e-01 5.0116165624e-09 3.0000000000e+02 -7.8967737108e-14 3.1188219496e-14 1.6705370308e-14 7.8967737094e-14 6.9736247405e-18 -3.1168218652e-14 -1.6705390167e-14 -3.1092469233e-14
d  4.2000000000e-09 2.9399998530e-06 -2.0000000000e-01 4.9912595912e-09 3.0000000000e+02 -7.8959434520e-14 3.1231413888e-14 1.6637484097e-14 7.8959434665e-14 -4.6160677041e-19 -3.1211411981e-14 -1.6637535622e-14 -3.1109965089e-14
d  5.6400000000e-09 3.9479998026e-06 -2.0000000000e-01 4.9919068237e-09 3.0000000000e+02 -7.8959789265e-14 3.1230261420e-14 1.6639580253e-14 7.8959789705e-14 -2.4755373910e-19 -3.1210257818e-14 -1.6639696350e-14 -3.1109448501e-14
d  7.3680000000e-09 5.1575997421e-06 -2.0000000000e-01 4.9925068091e-09 3.0000000000e+02 -7.8960171408e-14 3.1229603725e-14 1.6641493701e-14 7.8960172139e-14 -5.1571608966e-20 -3.1209598340e-14 -1.6641699726e-14 -3.1108978692e-14
d  9.4416000000e-09 6.6091196695e-06 -2.0000000000e-01 4.9925415196e-09 3.0000000000e+02 -7.8960236462e-14 3.1229648350e-14 1.6641581166e-14 7.8960236990e-14 -3.8298819575e-20 -3.1209643216e-14 -1.6641814946e-14 -3.1108963637e-14
d  1.1929920000e-08 8.3509435825e-06 -2.0000000000e-01 4.9925124077e-09 3.0000000000e+02 -7.8960112627e-14 3.1229486550e-14 1.6641551382e-14 7.8960112487e-14 -3.2307175243e-20 -3.1209483559e-14 -1.6641713786e-14 -3.1108967522e-14
d  1.4915904000e-08 1.0441132278e-05 -2.0000000000e-01 4.9924157230e-09 3.0000000000e+02 -7.8959475540e-14 3.1229240739e-14 1.6641554444e-14 7.8959473872e-14 -3.8409041588e-20 -3.1209243428e-14 -1.6641380574e-14 -3.1108945433e-14
d  1.8499084800e-08 1.2949358713e-05 -2.0000000000e-01 4.9922615165e-09 3.0000000000e+02 -7.8958502319e-14 3.1228400472e-14 1.6641556686e-14 7.8958498919e-14 -3.2200578690e-20 -3.1208409557e-14 -1.6640854231e-14 -3.1108897713e-14
d  2.2798901760e-08 1.5959230434e-05 -2.0000000000e-01 4.9918186224e-09 3.0000000000e+02 -7.8955685523e-14 3.1226713073e-14 1.6641561570e-14 7.8955678378e-14 -3.2074843487e-20 -3.1206737020e-14 -1.6639349315e-14 -3.1108790725e-14
d  2.7958682112e-08 1.9571076500e-05 -2.0000000000e-01 4.9905384193e-09 3.0000000000e+02 -7.8947577334e-14 3.1221853050e-14 1.6641569427e-14 7.8947561627e-14 -3.2188201531e-20 -3.1201912392e-14 -1.6635013846e-14 -3.1108477043e-14
d  3.4150418534e-08 2.3905291779e-05 -2.0000000000e-01 4.9884533717e-09 3.0000000000e+02 -7.8934464532e-14 3.1212064441e-14 1.6641578083e-14 7.8934438310e-14 -3.5013758293e-20 -3.1192167321e-14 -1.6627979898e-14 -3.1107860288e-14
d  4.1580502241e-08 2.9106350114e-05 -2.0000000000e-01 4.9864538411e-09 3.0000000000e+02 -7.8922002384e-14 3.1200647403e-14 1.6641588679e-14 7.8921969729e-14 -3.4486355645e-20 -3.1180775850e-14 -1.6621265597e-14 -3.1107135802e-14
d  5.0496602690e-08 3.5347620115e-05 -2.0000000000e-01 4.9859699762e-09 3.0000000000e+02 -7.8919129072e-14 3.1194463538e-14 1.6641565573e-14 7.8919098789e-14 -3.4307609944e-20 -3.1174579055e-14 -1.6619677602e-14 -3.1106741871e-14
d  6.1195923227e-08 4.2837144117e-05 -2.0000000000e-01 4.9859615236e-09 3.0000000000e+02 -7.8919126626e-14 3.1194544502e-14 1.6641495672e-14 7.8919100095e-14 -3.1735268706e-20 -3.1174640582e-14 -1.6619686838e-14 -3.1106747793e-14
d  7.4035107873e-08 5.1824572920e-05 -2.0000000000e-01 4.9859558167e-09 3.0000000000e+02 -7.8919110862e-14 3.1195033312e-14 1.6641511092e-14 7.8919087111e-14 -3.3207003396e-20 -3.1175113506e-14 -1.6619698387e-14 -3.1106776761e-14
d  8.9442129448e-08 6.2609487483e-05 -2.0000000000e-01 4.9859529383e-09 3.0000000000e+02 -7.8919116044e-14 3.1195025103e-14 1.6641529659e-14 7.8919094289e-14 -3.1816123631e-20 -3.1175092018e-14 -1.6619714347e-14 -3.1106774862e-14
d  1.0793055534e-07 7.5551384958e-05 -2.0000000000e-01 4.9859524856e-09 3.0000000000e+02 -7.8919120948e-14 3.1195016480e-14 1.6641551784e-14 7.8919100467e-14 -3.1730376960e-20 -3.1175072303e-14 -1.6619734185e-14 -3.1106774392e-14
d  1.3011666640e-07 9.1081661929e-05 -2.0000000000e-01 4.9859542440e-09 3.0000000000e+02 -7.8919130185e-14 3.1194990650e-14 1.6641577983e-14 7.8919110295e-14 -3.0584689422e-20 -3.1175037212e-14 -1.6619757868e-14 -3.1106773795e-14
d  1.5673999969e-07 1.0971799429e-04 -2.0000000000e-01 4.9859586149e-09 3.0000000000e+02 -7.8919138472e-14 3.1194977151e-14 1.6641610620e-14 7.8919118508e-14 -3.2345193741e-20 -3.1175015986e-14 -1.6619787311e-14 -3.1106773184e-14
d  1.8868799962e-07 1.3208159313e-04 -2.0000000000e-01 4.9859652055e-09 3.0000000000e+02 -7.8919152136e-14 3.1194962214e-14 1.6641648378e-14 7.8919131429e-14 -3.1614981780e-20 -3.1174994600e-14 -1.6619821691e-14 -3.1106772297e-14
d  2.2702559955e-07 1.5891791174e-04 -2.0000000000e-01 4.9859745610e-09 3.0000000000e+02 -7.8919168400e-14 3.1194918912e-14 1.6641693930e-14 7.8919146255e-14 -3.1548602452e-20 -3.1174945918e-14 -1.6619863230e-14 -3.1106771388e-14
d  2.7303071946e-07 1.9112149406e-04 -2.0000000000e-01 4.9859869221e-09 3.0000000000e+02 -7.8919187857e-14 3.1194895255e-14 1.6641748582e-14 7.8919163530e-14 -3.1605968705e-20 -3.1174917774e-14 -1.6619913069e-14 -3.1106770206e-14
d  3.2823686335e-07 2.2976579285e-04 -2.0000000000e-01 4.9860027076e-09 3.0000000000e+02 -7.8919211942e-14 3.1194839549e-14 1.6641815053e-14 7.8919184617e-14 -3.1547083238e-20 -3.1174858327e-14 -1.6619972887e-14 -3.1106768824e-14
d  3.9448423602e-07 2.7613895140e-04 -2.0000000000e-01 4.9860224815e-09 3.0000000000e+02 -7.8919240590e-14 3.1194788501e-14 1.6641894331e-14 7.8919209351e-14 -3.1916686149e-20 -3.1174804159e-14 -1.6620044805e-14 -3.1106767095e-14
d  4.7398108322e-07 3.3178674166e-04 -2.0000000000e-01 4.9860467463e-09 3.0000000000e+02 -7.8919276317e-14 3.1194713223e-14 1.6641988801e-14 7.8919240115e-14 -3.1248454533e-20 -3.1174726279e-14 -1.6620130694e-14 -3.1106765087e-14
d  5.6937729986e-07 3.9856408998e-04 -2.0000000000e-01 4.9860765037e-09 3.0000000000e+02 -7.8919318219e-14 3.1194640420e-14 1.6642102349e-14 7.8919275841e-14 -3.1571259912e-20 -3.1174651307e-14 -1.6620234060e-14 -3.1106762666e-14
d  6.8385275984e-07 4.7869690795e-04 -2.0000000000e-01 4.9861126570e-09 3.0000000000e+02 -7.8919368792e-14 3.1194538288e-14 1.6642238858e-14 7.8919318820e-14 -3.1729150502e-20 -3.1174547367e-14 -1.6620358050e-14 -3.1106759781e-14
d  8.2122331180e-07 5.7485628952e-04 -2.0000000000e-01 4.9861563751e-09 3.0000000000e+02 -7.8919429725e-14 3.1194417547e-14 1.6642402525e-14 7.8919370486e-14 -3.1685087645e-20 -3.1174425119e-14 -1.6620506677e-14 -3.1106756272e-14
d  9.8606797417e-07 6.9024754740e-04 -2.0000000000e-01 4.9862091221e-09 3.0000000000e+02 -7.8919502813e-14 3.1194273299e-14 1.6642598753e-14 7.8919432326e-14 -3.1531511305e-20 -3.1174279616e-14 -1.6620684918e-14 -3.1106752057e-14
d  1.1838815690e-06 8.2871705686e-04 -2.0000000000e-01 4.9862726691e-09 3.0000000000e+02 -7.8919590250e-14 3.1194098197e-14 1.6642833799e-14 7.8919506158e-14 -3.1528803075e-20 -3.1174103466e-14 -1.6620898757e-14 -3.1106747012e-14
d  1.4212578828e-06 9.9488046822e-04 -2.0000000000e-01 4.9863491000e-09 3.0000000000e+02 -7.8919694904e-14 3.1193887357e-14 1.6643116454e-14 7.8919594398e-14 -3.1526128085e-20 -3.1173891754e-14 -1.6621155206e-14 -3.1106740939e-14
d  1.7061094594e-06 1.1942765618e-03 -2.0000000000e-01 4.9864409236e-09 3.0000000000e+02 -7.8919820092e-14 3.1193630265e-14 1.6643456270e-14 7.8919699815e-14 -3.1432147187e-20 -3.1173633934e-14 -1.6621462684e-14 -3.1106733578e-14
d  2.0479313512e-06 1.4335518742e-03 -2.0000000000e-01 4.9865511777e-09 3.0000000000e+02 -7.8919969344e-14 3.1193326575e-14 1.6643864961e-14 7.8919825280e-14 -3.1523230764e-20 -3.1173329639e-14 -1.6621831364e-14 -3.1106724674e-14
d  2.4581176215e-06 1.7206822490e-03 -2.0000000000e-01 4.9866834670e-09 3.0000000000e+02 -7.8920147483e-14 3.1192956226e-14 1.6644358474e-14 7.8919974823e-14 -3.1514820976e-20 -3.1172958785e-14 -1.6622273299e-14 -3.1106713833e-14
d  2.9503411458e-06 2.0652386988e-03 -2.0000000000e-01 4.9934050570e-09 3.0000000000e+02 -7.8961440021e-14 3.1210564900e-14 1.6622807055e-14 7.8961233987e-14 -3.1114098624e-20 -3.1190562787e-14 -1.6644687590e-14 -3.1107847175e-14
d  3.5410093749e-06 2.4787064385e-03 -2.0000000000e-01 4.9936023140e-09 3.0000000000e+02 -7.8960296398e-14 3.1253366401e-14 1.6623449325e-14 7.8960048935e-14 -3.1715921523e-20 -3.1233364639e-14 -1.6645344438e-14 -3.1110576957e-14
d  4.2498112499e-06 2.9748677262e-03 -2.0000000000e-01 4.9938364895e-09 3.0000000000e+02 -7.8960916055e-14 3.1242124576e-14 1.6624211925e-14 7.8960618908e-14 -3.1549556652e-20 -3.1222123107e-14 -1.6646124461e-14 -3.1109883771e-14
d  5.1003734999e-06 3.5702612714e-03 -2.0000000000e-01 4.9941169569e-09 3.0000000000e+02 -7.8961245823e-14 3.1241489535e-14 1.6625126329e-14 7.8960889081e-14 -3.1551285187e-20 -3.1221488309e-14 -1.6647058882e-14 -3.1109866991e-14
d  6.1210481999e-06 4.2847335257e-03 -2.0000000000e-01 4.9944527319e-09 3.0000000000e+02 -7.8961635191e-14 3.1240723484e-14 1.6626220976e-14 7.8961206955e-14 -3.1574524299e-20 -3.1220722462e-14 -1.6648177742e-14 -3.1109846565e-14
d  7.3458578398e-06 5.1421002308e-03 -2.0000000000e-01 4.9948544811e-09 3.0000000000e+02 -7.8962092831e-14 3.1239798962e-14 1.6627531166e-14 7.8961578819e-14 -3.1578303609e-20 -3.1219798109e-14 -1.6649516580e-14 -3.1109821721e-14
d  8.8156294078e-06 6.1709402769e-03 -2.0000000000e-01 4.9953347794e-09 3.0000000000e+02 -7.8962627277e-14 3.1238681191e-14 1.6629097956e-14 7.8962010348e-14 -3.1568560186e-20 -3.1218680479e-14 -1.6651117302e-14 -3.1109791356e-14
d  1.0579355289e-05 7.4055483323e-03 -2.0000000000e-01 4.9959402244e-09 3.0000000000e+02 -7.8963445269e-14 3.1237414380e-14 1.6653032157e-14 7.8962704715e-14 -3.1694627240e-20 -3.1217414377e-14 -1.6653134087e-14 -3.1109759870e-14
d  1.2695826347e-05 8.8870779987e-03 -2.0000000000e-01 4.9966251171e-09 3.0000000000e+02 -7.8964713906e-14 3.1214323384e-14 1.6655314513e-14 7.8963825198e-14 -3.1499369190e-20 -3.1194323381e-14 -1.6655417062e-14 -3.1108350283e-14
d  1.5235591617e-05 1.0664913598e-02 -2.0000000000e-01 4.9974440876e-09 3.0000000000e+02 -7.8965403938e-14 3.1217611543e-14 1.6658017422e-14 7.8964337448e-14 -3.1554160224e-20 -3.1197611541e-14 -1.6658146964e-14 -3.1108629714e-14
d  1.8283309940e-05 1.2798316318e-02 -2.0000000000e-01 4.9984208937e-09 3.0000000000e+02 -7.8966341491e-14 3.1215178540e-14 1.6661128161e-14 7.8965061661e-14 -3.1565391532e-20 -3.1195178535e-14 -1.6661402988e-14 -3.1108559304e-14
d  2.1940571928e-05 1.5358399582e-02 -2.0000000000e-01 4.9995859525e-09 3.0000000000e+02 -7.8967393561e-14 3.1212319248e-14 1.6664605135e-14 7.8965857723e-14 -3.1550105003e-20 -3.1192319239e-14 -1.6665286526e-14 -3.1108478456e-14
d  2.6329286314e-05 1.8430499498e-02 -2.0000000000e-01 5.0009757175e-09 3.0000000000e+02 -7.8968560443e-14 3.1209028089e-14 1.6666620222e-14 7.8966717401e-14 -3.1549401863e-20 -3.1189028053e-14 -1.6669919128e-14 -3.1108390073e-14
d  3.1595743576e-05 2.2117019398e-02 -2.0000000000e-01 5.0026331115e-09 3.0000000000e+02 -7.8969785806e-14 3.1207014428e-14 1.6675450327e-14 7.8967574104e-14 -3.1561149795e-20 -3.1187014428e-14 -1.6675443705e-14 -3.1108406515e-14
d  3.7915492292e-05 2.6540843277e-02 -2.0000000000e-01 5.0046076581e-09 3.0000000000e+02 -7.8971256145e-14 3.1197682806e-14 1.6682024110e-14 7.8968602060e-14 -3.1561928451e-20 -3.1177682806e-14 -1.6682025528e-14 -3.1107987016e-14
d  4.5499190750e-05 3.1849431933e-02 -2.0000000000e-01 5.0007891244e-09 3.0000000000e+02 -7.8934143019e-14 3.1174882692e-14 1.6666951713e-14 7.8930958079e-14 -3.1491576630e-20 -3.1154882677e-14 -1.6669297110e-14 -3.1106750103e-14
d  5.4599628900e-05 3.8219738319e-02 -2.0000000000e-01 5.0032939611e-09 3.0000000000e+02 -7.8933654181e-14 3.1168071541e-14 1.6676125426e-14 7.8929832209e-14 -3.1563187882e-20 -3.1148071533e-14 -1.6677646553e-14 -3.1106567327e-14
d  6.5520154680e-05 4.5864105983e-02 -2.0000000000e-01 5.0065018850e-09 3.0000000000e+02 -7.8934126597e-14 3.1156059712e-14 1.6687155701e-14 7.8929540188e-14 -3.1554147723e-20 -3.1136059706e-14 -1.6688339627e-14 -3.1106103627e-14
d  7.8624785616e-05 5.5037347179e-02 -2.0000000000e-01 5.0104600350e-09 3.0000000000e+02 -7.8934852731e-14 3.1143004785e-14 1.6700503999e-14 7.8929348997e-14 -3.1540697986e-20 -3.1123004781e-14 -1.6701533458e-14 -3.1105631935e-14
d  9.4350342739e-05 6.6045236615e-02 -2.0000000000e-01 5.0153543203e-09 3.0000000000e+02 -7.8935871512e-14 3.1127114115e-14 1.6716811979e-14 7.8929266989e-14 -3.1537877018e-20 -3.1107114112e-14 -1.6717847741e-14 -3.1105049972e-14
d  1.1322101129e-04 7.9254703938e-02 -2.0000000000e-01 5.0283839305e-09 3.0000000000e+02 -7.8980320905e-14 3.1126403576e-14 1.6761286599e-14 7.8972395435e-14 -3.1589194499e-20 -3.1106403576e-14 -1.6761279769e-14 -3.1105501766e-14
d  1.3586581354e-04 9.5106064726e-02 -2.0000000000e-01 5.0362337185e-09 3.0000000000e+02 -7.8983260990e-14 3.1101472680e-14 1.6787221373e-14 7.8973750384e-14 -3.1524029947e-20 -3.1081472679e-14 -1.6787445730e-14 -3.1104523266e-14
d  1.6303957625e-04 1.1412769767e-01 -2.0000000000e-01 5.0463216571e-09 3.0000000000e+02 -7.8987781656e-14 3.1072118513e-14 1.6821072524e-14 7.8976368886e-14 -3.1524862926e-20 -3.1052118513e-14 -1.6821072191e-14 -3.1103382622e-14
d  1.9564809150e-04 1.3695365721e-01 -2.0000000000e-01 5.0530052728e-09 3.0000000000e+02 -7.8954684671e-14 3.1016788059e-14 1.6843121986e-14 7.8940989305e-14 -3.1463215471e-20 -3.0996788058e-14 -1.6843350911e-14 -3.1100760609e-14
d  2.3477830980e-04 1.6434480865e-01 -2.0000000000e-01 5.0703978078e-09 3.0000000000e+02 -7.8964458819e-14 3.0968169303e-14 1.6901313088e-14 7.8948024338e-14 -3.1453136974e-20 -3.0948169303e-14 -1.6901326026e-14 -3.1098730785e-14
d  2.8173457177e-04 1.9721419038e-01 -2.0000000000e-01 5.0957914293e-09 3.0000000000e+02 -7.8989141399e-14 3.0907228910e-14 1.6985927904e-14 7.8969419980e-14 -3.1405258224e-20 -3.0887228910e-14 -1.6985971432e-14 -3.1096138692e-14
d  3.3808208612e-04 2.3665744845e-01 -2.0000000000e-01 5.1330515499e-09 3.0000000000e+02 -7.9033963600e-14 3.0827492875e-14 1.7110010292e-14 7.9010297855e-14 -3.1337285233e-20 -3.0807492875e-14 -1.7110171834e-14 -3.1092635891e-14
d  4.0569910334e-04 2.8398935814e-01 -2.0000000000e-01 5.1899810335e-09 3.0000000000e+02 -7.9114406637e-14 3.0718522889e-14 1.7299595307e-14 7.9086007702e-14 -3.1240835551e-20 -3.0698522889e-14 -1.7299936779e-14 -3.1087656565e-14
d  4.8683952401e-04 3.4078764977e-01 -2.0000000000e-01 5.2809243154e-09 3.0000000000e+02 -7.9259272695e-14 3.0562148436e-14 1.7603218354e-14 7.9225193930e-14 -3.1068831951e-20 -3.0542148436e-14 -1.7603081052e-14 -3.1080211377e-14
d  5.8420802881e-04 4.0894559972e-01 -2.0000000000e-01 5.4323363105e-09 3.0000000000e+02 -7.9519759890e-14 3.0322476516e-14 1.8107869515e-14 7.9478865330e-14 -3.0764329480e-20 -3.0302476516e-14 -1.8107787702e-14 -3.1068333885e-14
d  7.0105023458e-04 4.9073513967e-01 -2.0000000000e-01 5.6964488257e-09 3.0000000000e+02 -8.0005850214e-14 2.9939658682e-14 1.8988308977e-14 7.9956776700e-14 -3.0213033196e-20 -2.9919658682e-14 -1.8988162753e-14 -3.1048815067e-14
d  8.4046460088e-04 5.8832519120e-01 -2.0000000000e-01 6.1644219608e-09 3.0000000000e+02 -8.0907562014e-14 2.9304588573e-14 2.0547872257e-14 8.0848729495e-14 -2.9158113292e-20 -2.9284588573e-14 -2.0548073203e-14 -3.1015866286e-14
d  9.0649617519e-04 6.3454729090e-01 -2.0000000000e-01 6.4573897082e-09 3.0000000000e+02 -8.1501648075e-14 2.8936304362e-14 2.1524736874e-14 8.1438193346e-14 -2.8508247099e-20 -2.8916304362e-14 -2.1524632361e-14 -3.0996992635e-14
d  9.8573406435e-04 6.9001381055e-01 -2.0000000000e-01 6.8771067584e-09 3.0000000000e+02 -8.2373372368e-14 2.8429583954e-14 2.2923586932e-14 8.2304370987e-14 -2.7592577971e-20 -2.8409583954e-14 -2.2923689196e-14 -3.0970800035e-14
d  1.0808195314e-03 7.5657363412e-01 -2.0000000000e-01 7.4787764511e-09 3.0000000000e+02 -8.3671550645e-14 2.7750595080e-14 2.4928773540e-14 8.3595893282e-14 -2.6358933472e-20 -2.7730595080e-14 -2.4929254838e-14 -3.0935860335e-14
d  1.1378708116e-03 7.9650952827e-01 -2.0000000000e-01 7.8890434156e-09 3.0000000000e+02 -8.4596151857e-14 2.7325034948e-14 2.6296790872e-14 8.4516500904e-14 -2.5534735732e-20 -2.7305034948e-14 -2.6296811386e-14 -3.0914335507e-14
d  1.2063323478e-03 8.4443260124e-01 -2.0000000000e-01 8.4275901925e-09 3.0000000000e+02 -8.5856685253e-14 2.6811300740e-14 2.8092136722e-14 8.5772241993e-14 -2.4578489021e-20 -2.6791300740e-14 -2.8091967309e-14 -3.0888522905e-14
d  1.2166015782e-03 8.5162106218e-01 -2.0000000000e-01 8.5163110544e-09 3.0000000000e+02 -8.6086983445e-14 2.6746603927e-14 2.8385249401e-14 8.6001821341e-14 -2.4454525841e-20 -2.6726603919e-14 -2.8387703532e-14 -3.0885466313e-14
d  1.2289246548e-03 8.6024721532e-01 -2.0000000000e-01 8.6184833935e-09 3.0000000000e+02 -8.6331300790e-14 2.6659938836e-14 2.8727321873e-14 8.6245276069e-14 -2.4279710960e-20 -2.6639938833e-14 -2.8728277986e-14 -3.0881193107e-14
d  1.2437123466e-03 8.7059859908e-01 -2.0000000000e-01 8.7591549377e-09 3.0000000000e+02 -8.6723850792e-14 2.6582289697e-14 2.9197203464e-14 8.6636790932e-14 -2.4178631428e-20 -2.6562289697e-14 -2.9197183126e-14 -3.0877556434e-14
d  1.2614575768e-03 8.8302025960e-01 -2.0000000000e-01 8.9114708199e-09 3.0000000000e+02 -8.7094994407e-14 2.6450523226e-14 2.9704410568e-14 8.7006692381e-14 -2.3869853877e-20 -2.6430523224e-14 -2.9704902736e-14 -3.0871026042e-14
d  1.2827518530e-03 8.9792625221e-01 -2.0000000000e-01 9.0969840369e-09 3.0000000000e+02 -8.7551793074e-14 2.6295751377e-14 3.0322621047e-14 8.7462000449e-14 -2.3593841620e-20 -2.6275751375e-14 -3.0323280127e-14 -3.0863402911e-14
d  1.3083049845e-03 9.1581344335e-01 -2.0000000000e-01 9.3068569836e-09 3.0000000000e+02 -8.8026495063e-14 2.6079876945e-14 3.1021401704e-14 8.7934913720e-14 -2.3123607434e-20 -2.6059876942e-14 -3.1022856618e-14 -3.0852591900e-14
d  1.3389687423e-03 9.3727807272e-01 -2.0000000000e-01 9.5742400403e-09 3.0000000000e+02 -8.8687259903e-14 2.5858393326e-14 3.1913831628e-14 8.8593532096e-14 -2.2705929070e-20 -2.5838393326e-14 -3.1914133470e-14 -3.0841783105e-14
d  1.3757652516e-03 9.6303562797e-01 -2.0000000000e-01 9.8944013627e-09 3.0000000000e+02 -8.9484400172e-14 2.5597260674e-14 3.2981316286e-14 8.9388096609e-14 -2.2246647374e-20 -2.5577260674e-14 -3.2981337877e-14 -3.0829131932e-14
d  1.4199210628e-03 9.9394469426e-01 -2.0000000000e-01 1.0285581442e-08 3.0000000000e+02 -9.0499226454e-14 2.5318038716e-14 3.4285046969e-14 9.0399831985e-14 -2.1696366020e-20 -2.5298038716e-14 -3.4285271476e-14 -3.0815936290e-14
d  1.4464145495e-03 1.0124901340e+00 -2.0000000000e-01 1.0534745385e-08 3.0000000000e+02 -9.1200576004e-14 2.5192152244e-14 3.5115631988e-14 9.1099326991e-14 -2.1472132494e-20 -2.5172152244e-14 -3.5115817951e-14 -3.0810389935e-14
d  1.4623106415e-03 1.0236173979e+00 -2.0000000000e-01 1.0705724642e-08 3.0000000000e+02 -9.1742650853e-14 2.5164559356e-14 3.5685799441e-14 9.1640289113e-14 -2.1473049861e-20 -2.5144559356e-14 -3.5685748808e-14 -3.0809740896e-14
d  1.4813859520e-03 1.0369701145e+00 -2.0000000000e-01 1.0880659368e-08 3.0000000000e+02 -9.2222966209e-14 2.5065305137e-14 3.6268938088e-14 9.2119269198e-14 -2.1203620472e-20 -2.5045305137e-14 -3.6268864562e-14 -3.0805265549e-14
d  1.5042763245e-03 1.0529933745e+00 -2.0000000000e-01 1.1090465221e-08 3.0000000000e+02 -9.2805691372e-14 2.4951957948e-14 3.6968237285e-14 9.2700392034e-14 -2.1005625140e-20 -2.4931957948e-14 -3.6968217405e-14 -3.0800225648e-14
d  1.5180105480e-03 1.0626073305e+00 -2.0000000000e-01 1.1216062460e-08 3.0000000000e+02 -9.3158180859e-14 2.4887616364e-14 3.7386889512e-14 9.3051920126e-14 -2.0882143120e-20 -2.4867616365e-14 -3.7386874866e-14 -3.0797412077e-14
d  1.5344916162e-03 1.0741440777e+00 -2.0000000000e-01 1.1366508440e-08 3.0000000000e+02 -9.3583955810e-14 2.4813927845e-14 3.7888416355e-14 9.3476541402e-14 -2.0736239395e-20 -2.4793927845e-14 -3.7888361468e-14 -3.0794233587e-14
d  1.5542688981e-03 1.0879881743e+00 -2.0000000000e-01 1.1546556998e-08 3.0000000000e+02 -9.4098693534e-14 2.4730668662e-14 3.8488594269e-14 9.3989894717e-14 -2.0570060543e-20 -2.4710668662e-14 -3.8488523327e-14 -3.0790710270e-14
d  1.5780016363e-03 1.1046010902e+00 -2.0000000000e-01 1.1743653921e-08 3.0000000000e+02 -9.4624061666e-14 2.4603142126e-14 3.9146845547e-14 9.4513601557e-14 -2.0281264605e-20 -2.4583142129e-14 -3.9145513065e-14 -3.0784954492e-14
d  1.6064809222e-03 1.1245365893e+00 -2.0000000000e-01 1.1968703380e-08 3.0000000000e+02 -9.5217138022e-14 2.4450232790e-14 3.9895781463e-14 9.5104684363e-14 -1.9950738286e-20 -2.4430232791e-14 -3.9895677934e-14 -3.0778066774e-14
d  1.6150247080e-03 1.1305172391e+00 -2.0000000000e-01 1.2087675598e-08 3.0000000000e+02 -9.5685207297e-14 2.4515632420e-14 4.0292309327e-14 9.5572155573e-14 -2.0304420825e-20 -2.4495632420e-14 -4.0292251993e-14 -3.0782172317e-14
d  1.6252772509e-03 1.1376940187e+00 -2.0000000000e-01 1.2179719147e-08 3.0000000000e+02 -9.5959598073e-14 2.4486638359e-14 4.0599121097e-14 9.5845828671e-14 -2.0042433456e-20 -2.4466638359e-14 -4.0599063824e-14 -3.0781134324e-14
d  1.6375803024e-03 1.1463061544e+00 -2.0000000000e-01 1.2290009719e-08 3.0000000000e+02 -9.6290218781e-14 2.4449195777e-14 4.0966711981e-14 9.6175588165e-14 -2.0027383141e-20 -2.4429195777e-14 -4.0966699064e-14 -3.0779742748e-14
d  1.6523439642e-03 1.1566407171e+00 -2.0000000000e-01 1.2422345938e-08 3.0000000000e+02 -9.6690235618e-14 2.4408408919e-14 4.1407900852e-14 9.6574571546e-14 -1.9954359448e-20 -2.4388408919e-14 -4.1407819795e-14 -3.0778301959e-14
d  1.6700603583e-03 1.1690421924e+00 -2.0000000000e-01 1.2580738295e-08 3.0000000000e+02 -9.7172778528e-14 2.4363350302e-14 4.1935869518e-14 9.7055874309e-14 -1.9880040075e-20 -2.4343350302e-14 -4.1935794317e-14 -3.0776786969e-14
d  1.6913200313e-03 1.1839239627e+00 -2.0000000000e-01 1.2769286923e-08 3.0000000000e+02 -9.7750296641e-14 2.4312476030e-14 4.2562599248e-14 9.7631904246e-14 -1.9777288120e-20 -2.4292476026e-14 -4.2564289751e-14 -3.0775143554e-14
d  1.7040758351e-03 1.1928530250e+00 -2.0000000000e-01 1.2884358046e-08 3.0000000000e+02 -9.8111019644e-14 2.4291244891e-14 4.2947942402e-14 9.7991734342e-14 -1.9745391167e-20 -2.4271244891e-14 -4.2947860155e-14 -3.0774668975e-14
d  1.7193827997e-03 1.2035678996e+00 -2.0000000000e-01 1.3020779046e-08 3.0000000000e+02 -9.8537580518e-14 2.4260223370e-14 4.3403223649e-14 9.8417223727e-14 -1.9696505925e-20 -2.4240223372e-14 -4.3402596818e-14 -3.0773791285e-14
d  1.7285669784e-03 1.2099968244e+00 -2.0000000000e-01 1.3049598245e-08 3.0000000000e+02 -9.8505020157e-14 2.4137407738e-14 4.3500436741e-14 9.8384020473e-14 -1.9226226092e-20 -2.4117407746e-14 -4.3498660803e-14 -3.0767514078e-14
d  1.7395879929e-03 1.2177115341e+00 -2.0000000000e-01 1.3196979272e-08 3.0000000000e+02 -9.9096106742e-14 2.4230807005e-14 4.3989944804e-14 9.8974335588e-14 -1.9871697703e-20 -2.4210807005e-14 -4.3989930909e-14 -3.0773268792e-14
d  1.7528132103e-03 1.2269691858e+00 -2.0000000000e-01 1.3314719000e-08 3.0000000000e+02 -9.9470895273e-14 2.4212899803e-14 4.4382410177e-14 9.9348198355e-14 -1.9570825157e-20 -2.4192899803e-14 -4.4382396669e-14 -3.0772995616e-14
d  1.7686834711e-03 1.2380783679e+00 -2.0000000000e-01 1.3456716680e-08 3.0000000000e+02 -9.9925750083e-14 2.4193426675e-14 4.4856767966e-14 9.9801942245e-14 -1.9595664268e-20 -2.4173426678e-14 -4.4855722262e-14 -3.0772776752e-14
d  1.7877277841e-03 1.2514093863e+00 -2.0000000000e-01 1.3627869396e-08 3.0000000000e+02 -1.0047819125e-13 2.4173434359e-14 4.5426248686e-14 1.0035305032e-13 -1.9592837917e-20 -2.4153434359e-14 -4.5426231322e-14 -3.0772695485e-14
d  1.7991543720e-03 1.2594079974e+00 -2.0000000000e-01 1.3730990356e-08 3.0000000000e+02 -1.0081329516e-13 2.4164672030e-14 4.5769979303e-14 1.0068735436e-13 -1.9552321146e-20 -2.4144672031e-14 -4.5769967853e-14 -3.0772821096e-14
d  1.8128662773e-03 1.2690063307e+00 -2.0000000000e-01 1.3855581558e-08 3.0000000000e+02 -1.0122109818e-13 2.4155844933e-14 4.6185297859e-14 1.0109419755e-13 -1.9578337852e-20 -2.4135844933e-14 -4.6185271861e-14 -3.0773062762e-14
d  1.8210934206e-03 1.2747653306e+00 -2.0000000000e-01 1.3930362701e-08 3.0000000000e+02 -1.0146637487e-13 2.4151354951e-14 4.6434542042e-14 1.0133889834e-13 -1.9576203869e-20 -2.4131354951e-14 -4.6434542337e-14 -3.0773250124e-14
d  1.8309659924e-03 1.2816761306e+00 -2.0000000000e-01 1.4018801903e-08 3.0000000000e+02 -1.0175404983e-13 2.4143335022e-14 4.6728544119e-14 1.0162588222e-13 -1.9554178448e-20 -2.4123335018e-14 -4.6729339686e-14 -3.0773329223e-14
d  1.8428130787e-03 1.2899690906e+00 -2.0000000000e-01 1.4128736245e-08 3.0000000000e+02 -1.0212074849e-13 2.4142859410e-14 4.7095811135e-14 1.0199175158e-13 -1.9572934442e-20 -2.4122859410e-14 -4.7095787486e-14 -3.0773925155e-14
d  1.8570295822e-03 1.2999206425e+00 -2.0000000000e-01 1.4258546058e-08 3.0000000000e+02 -1.0254944674e-13 2.4136407632e-14 4.7527143398e-14 1.0241945468e-13 -1.9582442236e-20 -2.4116407628e-14 -4.7528486871e-14 -3.0774313428e-14
d  1.8740893863e-03 1.3118625048e+00 -2.0000000000e-01 1.4377823744e-08 3.0000000000e+02 -1.0287092118e-13 2.4063704435e-14 4.7925298253e-14 1.0273973493e-13 -1.9351636796e-20 -2.4043704433e-14 -4.7926079153e-14 -3.0771208475e-14
d  1.8945611514e-03 1.3261927397e+00 -2.0000000000e-01 1.4547382165e-08 3.0000000000e+02 -1.0341444641e-13 2.4039314007e-14 4.8488138244e-14 1.0328182714e-13 -1.9369859225e-20 -2.4019313999e-14 -4.8491273901e-14 -3.0770932202e-14
d  1.9191272694e-03 1.3433890214e+00 -2.0000000000e-01 1.4744949992e-08 3.0000000000e+02 -1.0404530262e-13 2.4011713183e-14 4.9148653611e-14 1.0391096371e-13 -1.9310554785e-20 -2.3991713180e-14 -4.9149833313e-14 -3.0770684159e-14
d  1.9338669402e-03 1.3537067905e+00 -2.0000000000e-01 1.4916149093e-08 3.0000000000e+02 -1.0470789849e-13 2.4094830701e-14 4.9719441075e-14 1.0457252781e-13 -1.9665944837e-20 -2.4074830698e-14 -4.9720496983e-14 -3.0775991488e-14
d  1.9515545452e-03 1.3660881133e+00 -2.0000000000e-01 1.5082022593e-08 3.0000000000e+02 -1.0527667685e-13 2.4109473671e-14 5.0272453073e-14 1.0514006804e-13 -1.9620698327e-20 -2.4089473669e-14 -5.0273408651e-14 -3.0777686617e-14
d  1.9727796712e-03 1.3809457008e+00 -2.0000000000e-01 1.5264093674e-08 3.0000000000e+02 -1.0586684208e-13 2.4090673456e-14 5.0880009098e-14 1.0572874751e-13 -1.9598414688e-20 -2.4070673456e-14 -5.0880312251e-14 -3.0777721721e-14
d  1.9982498224e-03 1.3987748057e+00 -2.0000000000e-01 1.5486741160e-08 3.0000000000e+02 -1.0660280315e-13 2.4081133319e-14 5.1621015108e-14 1.0646292567e-13 -1.9619773143e-20 -2.4061133316e-14 -5.1622470539e-14 -3.0778467492e-14
d  2.0135319131e-03 1.4094722687e+00 -2.0000000000e-01 1.5680242857e-08 3.0000000000e+02 -1.0736105329e-13 2.4186607577e-14 5.2265924351e-14 1.0722010607e-13 -2.0051887492e-20 -2.4166607572e-14 -5.2267476201e-14 -3.0784986153e-14
d  2.0227011675e-03 1.4158907465e+00 -2.0000000000e-01 1.5729710303e-08 3.0000000000e+02 -1.0745008520e-13 2.4115447993e-14 5.2437114295e-14 1.0730849612e-13 -1.9620333980e-20 -2.4095448015e-14 -5.2432367637e-14 -3.0781541679e-14
d  2.0337042728e-03 1.4235929198e+00 -2.0000000000e-01 1.5937495092e-08 3.0000000000e+02 -1.0836071704e-13 2.4317963671e-14 5.3125348965e-14 1.0821835774e-13 -2.0699784625e-20 -2.4297963673e-14 -5.3124983638e-14 -3.0793143926e-14
d  2.0469079992e-03 1.4328355278e+00 -2.0000000000e-01 1.6084569244e-08 3.0000000000e+02 -1.0887235840e-13 2.4339329988e-14 5.3615271458e-14 1.0872907485e-13 -2.0374492137e-20 -2.4319329988e-14 -5.3615230815e-14 -3.0794943021e-14
d  2.0627524708e-03 1.4439266574e+00 -2.0000000000e-01 1.6209318360e-08 3.0000000000e+02 -1.0920691832e-13 2.4260078894e-14 5.4029607174e-14 1.0906252565e-13 -2.0174965177e-20 -2.4240078889e-14 -5.4031061211e-14 -3.0791371447e-14
d  2.0722591538e-03 1.4505813351e+00 -2.0000000000e-01 1.6264244892e-08 3.0000000000e+02 -1.0930824072e-13 2.4181888077e-14 5.4216309637e-14 1.0916318258e-13 -1.9968074904e-20 -2.4161888087e-14 -5.4214149623e-14 -3.0787557403e-14
d  2.0836671734e-03 1.4585669485e+00 -2.0000000000e-01 1.6385147492e-08 3.0000000000e+02 -1.0973583379e-13 2.4203709786e-14 5.4623868513e-14 1.0958997708e-13 -2.0224340644e-20 -2.4183709815e-14 -5.4617158253e-14 -3.0789292724e-14
d  2.0973567969e-03 1.4681496844e+00 -2.0000000000e-01 1.6644297324e-08 3.0000000000e+02 -1.1084700553e-13 2.4433879146e-14 5.5481533508e-14 1.1070019056e-13 -2.1104201875e-20 -2.4413879147e-14 -5.5480991077e-14 -3.0802493626e-14
d  2.1137843451e-03 1.4796489676e+00 -2.0000000000e-01 1.6785835824e-08 3.0000000000e+02 -1.1123939622e-13 2.4360038931e-14 5.5951616918e-14 1.1109143132e-13 -2.0506146816e-20 -2.4340038927e-14 -5.5952786089e-14 -3.0799230473e-14
d  2.1334974029e-03 1.4934481074e+00 -2.0000000000e-01 1.6965507061e-08 3.0000000000e+02 -1.1177779645e-13 2.4299865181e-14 5.6550107310e-14 1.1162845164e-13 -2.0535136945e-20 -2.4279865177e-14 -5.6551690214e-14 -3.0796866917e-14
d  2.1428570000e-03 1.4999998250e+00 -2.0000000000e-01 1.7195489022e-08 3.0000000000e+02 -1.1280589138e-13 2.4545534228e-14 5.7319800545e-14 1.1265589139e-13 -2.1668972778e-20 -2.4525534235e-14 -5.7318296730e-14 -3.0810678566e-14
d  2.1540885165e-03 1.5078618861e+00 -2.0000000000e-01 1.7221830736e-08 3.0000000000e+02 -1.1267734997e-13 2.4340080799e-14 5.7410279051e-14 1.1252656378e-13 -2.0277462857e-20 -2.4320080817e-14 -5.7406102420e-14 -3.0800000007e-14
d  2.1675663362e-03 1.5172963595e+00 -2.0000000000e-01 1.7450460523e-08 3.0000000000e+02 -1.1359771625e-13 2.4488628561e-14 5.8166313951e-14 1.1344598661e-13 -2.1483483116e-20 -2.4468628554e-14 -5.8168201758e-14 -3.0808702230e-14
d  2.1837397200e-03 1.5286177275e+00 -2.0000000000e-01 1.7663153200e-08 3.0000000000e+02 -1.1434692994e-13 2.4526118977e-14 5.8874681553e-14 1.1419406817e-13 -2.1340769212e-20 -2.4506118969e-14 -5.8877177349e-14 -3.0811469897e-14
d  2.2031477804e-03 1.5422033692e+00 -2.0000000000e-01 1.7862658573e-08 3.0000000000e+02 -1.1494630293e-13 2.4461646920e-14 5.9540362112e-14 1.1479208259e-13 -2.1185240599e-20 -2.4441646916e-14 -5.9542195253e-14 -3.0808831500e-14
d  2.2147926167e-03 1.5503547542e+00 -2.0000000000e-01 1.8087006933e-08 3.0000000000e+02 -1.1586033015e-13 2.4616059560e-14 6.0288416667e-14 1.1570529468e-13 -2.1946597140e-20 -2.4596059554e-14 -6.0290023122e-14 -3.0817741591e-14
d  2.2287664202e-03 1.5601364161e+00 -2.0000000000e-01 1.8290739346e-08 3.0000000000e+02 -1.1658127395e-13 2.4656360851e-14 6.0965456291e-14 1.1642526031e-13 -2.1923177018e-20 -2.4636360838e-14 -6.0969131181e-14 -3.0820542972e-14
d  2.2371507023e-03 1.5660054133e+00 -2.0000000000e-01 1.8489700687e-08 3.0000000000e+02 -1.1741397497e-13 2.4817687069e-14 6.1632390568e-14 1.1725737443e-13 -2.2706505462e-20 -2.4797687070e-14 -6.1632335624e-14 -3.0829668505e-14
d  2.2472118409e-03 1.5730482100e+00 -2.0000000000e-01 1.8654128307e-08 3.0000000000e+02 -1.1799260937e-13 2.4842567923e-14 6.2180676117e-14 1.1783530455e-13 -2.2515979833e-20 -2.4822567924e-14 -6.2180427691e-14 -3.0831449155e-14
d  2.2592852071e-03 1.5814995659e+00 -2.0000000000e-01 1.8853218263e-08 3.0000000000e+02 -1.1868633031e-13 2.4870784882e-14 6.2843888538e-14 1.1852818035e-13 -2.2735236429e-20 -2.4850784881e-14 -6.2844060879e-14 -3.0833495474e-14
d  2.2737732466e-03 1.5916411931e+00 -2.0000000000e-01 1.9022172351e-08 3.0000000000e+02 -1.1914588136e-13 2.4771224895e-14 6.3406055341e-14 1.1898671724e-13 -2.2363392881e-20 -2.4751224892e-14 -6.3407241181e-14 -3.0828708696e-14
d  2.2911588940e-03 1.6038111456e+00 -2.0000000000e-01 1.9232816935e-08 3.0000000000e+02 -1.1976283650e-13 2.4687784940e-14 6.4105211247e-14 1.1960245539e-13 -2.2271493162e-20 -2.4667784928e-14 -6.4109389809e-14 -3.0824924340e-14
d  2.3120216709e-03 1.6184150887e+00 -2.0000000000e-01 1.9574237764e-08 3.0000000000e+02 -1.2097792574e-13 2.4759336079e-14 6.5244890413e-14 1.2081608423e-13 -2.2735981164e-20 -2.4739336073e-14 -6.5247459226e-14 -3.0829687981e-14
d  2.3370570032e-03 1.6359398204e+00 -2.0000000000e-01 2.0005261864e-08 3.0000000000e+02 -1.2251245322e-13 2.4847793599e-14 6.6681060996e-14 1.2234885924e-13 -2.3096943405e-20 -2.4827793592e-14 -6.6684206228e-14 -3.0835525906e-14
d  2.3520782025e-03 1.6464546594e+00 -2.0000000000e-01 2.0371529286e-08 3.0000000000e+02 -1.2396094666e-13 2.5061500286e-14 6.7902155730e-14 1.2379630119e-13 -2.3996161562e-20 -2.5041500277e-14 -6.7905097639e-14 -3.0847707799e-14
d  2.3701036418e-03 1.6590724663e+00 -2.0000000000e-01 2.0640049702e-08 3.0000000000e+02 -1.2476130558e-13 2.4973136655e-14 6.8797627598e-14 1.2459539834e-13 -2.3506545402e-20 -2.4953136648e-14 -6.8800165688e-14 -3.0843654063e-14
d  2.3917341688e-03 1.6742138345e+00 -2.0000000000e-01 2.1072298684e-08 3.0000000000e+02 -1.2629308879e-13 2.5054283797e-14 7.0237765595e-14 1.2612566741e-13 -2.4156067715e-20 -2.5034283790e-14 -7.0240995630e-14 -3.0848914126e-14
d  2.4176908013e-03 1.6923834763e+00 -2.0000000000e-01 2.1623890007e-08 3.0000000000e+02 -1.2824627812e-13 2.5160488770e-14 7.2074265620e-14 1.2807703978e-13 -2.4675220226e-20 -2.5140488760e-14 -7.2079633380e-14 -3.0855682646e-14
d  2.4332647808e-03 1.7032852614e+00 -2.0000000000e-01 2.2086339639e-08 3.0000000000e+02 -1.3005009311e-13 2.5407508175e-14 7.3619506842e-14 1.2987976458e-13 -2.5721239398e-20 -2.5387508170e-14 -7.3621132140e-14 -3.0869621492e-14
d  2.4519535562e-03 1.7163674035e+00 -2.0000000000e-01 2.2448267112e-08 3.0000000000e+02 -1.3115349904e-13 2.5309077217e-14 7.4821865135e-14 1.3098186231e-13 -2.5182278385e-20 -2.5289077202e-14 -7.4827557071e-14 -3.0865020848e-14
d  2.4743800867e-03 1.7320659741e+00 -2.0000000000e-01 2.3013178187e-08 3.0000000000e+02 -1.3314160518e-13 2.5407054391e-14 7.6706481078e-14 1.3296839858e-13 -2.6009525609e-20 -2.5387054382e-14 -7.6710593977e-14 -3.0871158919e-14
d  2.4878360049e-03 1.7414851164e+00 -2.0000000000e-01 2.3495207044e-08 3.0000000000e+02 -1.3503107455e-13 2.5670767516e-14 7.8317188294e-14 1.3485692604e-13 -2.7202454627e-20 -2.5650767516e-14 -7.8317356817e-14 -3.0885869777e-14
d  2.5039831069e-03 1.7527880872e+00 -2.0000000000e-01 2.3974800681e-08 3.0000000000e+02 -1.3670517398e-13 2.5742731578e-14 7.9914446977e-14 1.3652989517e-13 -2.7295376499e-20 -2.5722731573e-14 -7.9916002283e-14 -3.0890330939e-14
d  2.5233596292e-03 1.7663516521e+00 -2.0000000000e-01 2.4450910607e-08 3.0000000000e+02 -1.3817198230e-13 2.5626983059e-14 8.1498948980e-14 1.3799534714e-13 -2.7104869047e-20 -2.5606983049e-14 -8.1503035380e-14 -3.0884799111e-14
d  2.5466114560e-03 1.7826279301e+00 -2.0000000000e-01 2.5182747167e-08 3.0000000000e+02 -1.4073698253e-13 2.5742577011e-14 8.3936322838e-14 1.4055871974e-13 -2.8015944486e-20 -2.5722576998e-14 -8.3942490585e-14 -3.0891856056e-14
d  2.5605625521e-03 1.7923936968e+00 -2.0000000000e-01 2.5795948987e-08 3.0000000000e+02 -1.4310802903e-13 2.6050891990e-14 8.5985760777e-14 1.4292878966e-13 -2.9456621042e-20 -2.6030891988e-14 -8.5986496632e-14 -3.0908915725e-14
d  2.5773038673e-03 1.8041126169e+00 -2.0000000000e-01 2.6427833201e-08 3.0000000000e+02 -1.4530893241e-13 2.6140465101e-14 8.8090335200e-14 1.4512852115e-13 -2.9648662484e-20 -2.6120465094e-14 -8.8092777352e-14 -3.0914294459e-14
d  2.5873486565e-03 1.8111439690e+00 -2.0000000000e-01 2.6835288548e-08 3.0000000000e+02 -1.4674130868e-13 2.6209815968e-14 8.9445910158e-14 1.4656019428e-13 -3.0177653739e-20 -2.6189815946e-14 -8.9450961871e-14 -3.0918351246e-14
d  2.5994024035e-03 1.8195815915e+00 -2.0000000000e-01 2.7332573424e-08 3.0000000000e+02 -1.4846738294e-13 2.6276612528e-14 9.1106774322e-14 1.4828542478e-13 -3.0611373343e-20 -2.6256612520e-14 -9.1108578095e-14 -3.0922334649e-14
d  2.6138668999e-03 1.8297067385e+00 -2.0000000000e-01 2.7954180684e-08 3.0000000000e+02 -1.5061942208e-13 2.6348022187e-14 9.3179942980e-14 1.5043645141e-13 -3.1138565693e-20 -2.6328022185e-14 -9.3180602287e-14 -3.0926637546e-14
d  2.6225455978e-03 1.8357818267e+00 -2.0000000000e-01 2.8352545457e-08 3.0000000000e+02 -1.5201525316e-13 2.6410246165e-14 9.4506855621e-14 1.5183167498e-13 -3.1559415348e-20 -2.6390246157e-14 -9.4508484875e-14 -3.0930251755e-14
d  2.6329600352e-03 1.8430719325e+00 -2.0000000000e-01 2.8839012794e-08 3.0000000000e+02 -1.5370296650e-13 2.6474796329e-14 9.6126817177e-14 1.5351865931e-13 -3.1976351287e-20 -2.6454796314e-14 -9.6130042680e-14 -3.0934043056e-14
d  2.6454573601e-03 1.8518200595e+00 -2.0000000000e-01 2.9442533602e-08 3.0000000000e+02 -1.5578805660e-13 2.6543332862e-14 9.8138378637e-14 1.5560287459e-13 -3.2474620994e-20 -2.6523332849e-14 -9.8141778704e-14 -3.0938107808e-14
d  2.6604541500e-03 1.8623178119e+00 -2.0000000000e-01 3.0202441738e-08 3.0000000000e+02 -1.5841199917e-13 2.6627593475e-14 1.0067257542e-13 1.5822576739e-13 -3.3160329892e-20 -2.6607593468e-14 -1.0067480581e-13 -3.0943083991e-14
d  2.6694522239e-03 1.8686164633e+00 -2.0000000000e-01 3.0694939395e-08 3.0000000000e+02 -1.6013858635e-13 2.6705513766e-14 1.0231295351e-13 1.5995172471e-13 -3.3710649003e-20 -2.6685513750e-14 -1.0231646469e-13 -3.0947525736e-14
d  2.6802499126e-03 1.8761748450e+00 -2.0000000000e-01 3.1295300452e-08 3.0000000000e+02 -1.6221601051e-13 2.6779823239e-14 1.0431067561e-13 1.6202839304e-13 -3.4179501741e-20 -2.6759823207e-14 -1.0431766824e-13 -3.0951824513e-14
d  2.6932071391e-03 1.8852449031e+00 -2.0000000000e-01 3.2043166440e-08 3.0000000000e+02 -1.6479263298e-13 2.6859150264e-14 1.0681018595e-13 1.6460410849e-13 -3.4834509398e-20 -2.6839150263e-14 -1.0681055481e-13 -3.0956448643e-14
d  2.7087558108e-03 1.8961289727e+00 -2.0000000000e-01 3.2992549955e-08 3.0000000000e+02 -1.6806577330e-13 2.6955850156e-14 1.0997213963e-13 1.6787616040e-13 -3.5670280527e-20 -2.6935850147e-14 -1.0997516654e-13 -3.0962066176e-14
d  2.7180850138e-03 1.9026594146e+00 -2.0000000000e-01 3.3610109864e-08 3.0000000000e+02 -1.7022472622e-13 2.7051200124e-14 1.1203135519e-13 1.7003446029e-13 -3.6367171633e-20 -2.7031200114e-14 -1.1203369957e-13 -3.0967419846e-14
d  2.7292800575e-03 1.9104959447e+00 -2.0000000000e-01 3.4365249718e-08 3.0000000000e+02 -1.7282886161e-13 2.7134470070e-14 1.1454720649e-13 1.7263781202e-13 -3.6984555999e-20 -2.7114470054e-14 -1.1455083243e-13 -3.0972175649e-14
d  2.7427141099e-03 1.9198997809e+00 -2.0000000000e-01 3.5315695756e-08 3.0000000000e+02 -1.7610010222e-13 2.7231098450e-14 1.1771600871e-13 1.7590811225e-13 -3.7810651259e-20 -2.7211098439e-14 -1.1771898588e-13 -3.0977696745e-14
d  2.7507745413e-03 1.9255420826e+00 -2.0000000000e-01 3.5927919200e-08 3.0000000000e+02 -1.7823185966e-13 2.7314782769e-14 1.1975705208e-13 1.7803930545e-13 -3.8481132173e-20 -2.7294782754e-14 -1.1975973070e-13 -3.0982370907e-14
d  2.7604470590e-03 1.9323128447e+00 -2.0000000000e-01 3.6679272566e-08 3.0000000000e+02 -1.8082245282e-13 2.7397830099e-14 1.2225802583e-13 1.8062922155e-13 -3.9091853498e-20 -2.7377830068e-14 -1.2226424195e-13 -3.0987049637e-14
d  2.7662505697e-03 1.9363753019e+00 -2.0000000000e-01 3.7398197741e-08 3.0000000000e+02 -1.8371562187e-13 2.7870601703e-14 1.2466077320e-13 1.8352198434e-13 -4.2100919608e-20 -2.7850601704e-14 -1.2466065914e-13 -3.1012370429e-14
d  2.7732147824e-03 1.9412502506e+00 -2.0000000000e-01 3.8028830510e-08 3.0000000000e+02 -1.8588166750e-13 2.7928619858e-14 1.2676278494e-13 1.8568754247e-13 -4.1074562802e-20 -2.7908619858e-14 -1.2676276837e-13 -3.1015614102e-14
d  2.7815718377e-03 1.9471001891e+00 -2.0000000000e-01 3.8541434029e-08 3.0000000000e+02 -1.8720654867e-13 2.7563948087e-14 1.2846887340e-13 1.8701183866e-13 -3.9786982557e-20 -2.7543948072e-14 -1.2847144680e-13 -3.0996406199e-14
d  2.7916003041e-03 1.9541201152e+00 -2.0000000000e-01 3.9443418949e-08 3.0000000000e+02 -1.9030551437e-13 2.7649746489e-14 1.3147486760e-13 1.9011010236e-13 -4.1792708156e-20 -2.7629746474e-14 -1.3147806320e-13 -3.1001221742e-14
d  2.8036344637e-03 1.9625440265e+00 -2.0000000000e-01 4.0568542130e-08 3.0000000000e+02 -1.9416309117e-13 2.7750413355e-14 1.3522230319e-13 1.9396683677e-13 -4.2428310565e-20 -2.7730413330e-14 -1.3522847382e-13 -3.1006863251e-14
d  2.8180754553e-03 1.9726527201e+00 -2.0000000000e-01 4.1993487216e-08 3.0000000000e+02 -1.9903942080e-13 2.7870161704e-14 1.3997402111e-13 1.9884215553e-13 -4.3630588124e-20 -2.7850161690e-14 -1.3997829075e-13 -3.1013562395e-14
d  2.8267400503e-03 1.9787179362e+00 -2.0000000000e-01 4.2932702076e-08 3.0000000000e+02 -2.0231125093e-13 2.7999658573e-14 1.4310618873e-13 2.0211337914e-13 -4.4710557895e-20 -2.7979658559e-14 -1.4310900695e-13 -3.1020628685e-14
d  2.8319388072e-03 1.9823570659e+00 -2.0000000000e-01 4.3820051861e-08 3.0000000000e+02 -2.0587677046e-13 2.8577971660e-14 1.4606699773e-13 2.0567853475e-13 -4.8503818291e-20 -2.8557971661e-14 -1.4606683954e-13 -3.1051419193e-14
d  2.8381773156e-03 1.9867240216e+00 -2.0000000000e-01 4.4597914844e-08 3.0000000000e+02 -2.0854287850e-13 2.8650290372e-14 1.4865998038e-13 2.0834420610e-13 -4.7044266931e-20 -2.8630290374e-14 -1.4865971615e-13 -3.1055360867e-14
d  2.8456635256e-03 1.9919643683e+00 -2.0000000000e-01 4.5227043654e-08 3.0000000000e+02 -2.1016295831e-13 2.8195430923e-14 1.5075359768e-13 2.0996376188e-13 -4.5340759596e-20 -2.8175430903e-14 -1.5075681223e-13 -3.1031386738e-14
d  2.8546469777e-03 1.9982527844e+00 -2.0000000000e-01 4.6338342080e-08 3.0000000000e+02 -2.1397611950e-13 2.8296935767e-14 1.5445730298e-13 2.1377629423e-13 -4.8018530073e-20 -2.8276935746e-14 -1.5446114031e-13 -3.1036955306e-14
d  2.8571430000e-03 2.0000000000e+00 -2.0000000000e-01 4.6979339239e-08 3.0000000000e+02 -2.1674290521e-13 2.8892547665e-14 1.5659558833e-13 2.1654290522e-13 -5.3007649287e-20 -2.8872547631e-14 -1.5659779753e-13 -3.1068552727e-14
d  2.8601382268e-03 2.0020966587e+00 -2.0000000000e-01 4.7406451976e-08 3.0000000000e+02 -2.1820747526e-13 2.8940155432e-14 1.5801553156e-13 2.1800726562e-13 -4.8878048723e-20 -2.8920155336e-14 -1.5802150678e-13 -3.1071111606e-14
d  2.8637324990e-03 2.0046126491e+00 -2.0000000000e-01 4.7927481045e-08 3.0000000000e+02 -2.1998876947e-13 2.8981179005e-14 1.5975832356e-13 2.1978830820e-13 -5.0741151815e-20 -2.8961179005e-14 -1.5975827015e-13 -3.1073341776e-14
d  2.8680456256e-03 2.0076318375e+00 -2.0000000000e-01 4.8569318245e-08 3.0000000000e+02 -2.2218618855e-13 2.9030299959e-14 1.6189784541e-13 2.2198542536e-13 -5.1289686266e-20 -2.9010299960e-14 -1.6189772749e-13 -3.1076007514e-14
d  2.8732213775e-03 2.0112548637e+00 -2.0000000000e-01 4.9361114973e-08 3.0000000000e+02 -2.2489665865e-13 2.9098780468e-14 1.6453744104e-13 2.2469553316e-13 -5.1991773150e-20 -2.9078780471e-14 -1.6453704991e-13 -3.1079707767e-14
d  2.8794322799e-03 2.0156024951e+00 -2.0000000000e-01 4.9955687662e-08 3.0000000000e+02 -2.2632172145e-13 2.8569650934e-14 1.6651573279e-13 2.2612016120e-13 -4.8910686211e-20 -2.8549650909e-14 -1.6651895893e-13 -3.1051815249e-14
d  2.8868853626e-03 2.0208196528e+00 -2.0000000000e-01 5.1066910523e-08 3.0000000000e+02 -2.3013529912e-13 2.8671436869e-14 1.7021908510e-13 2.2993321717e-13 -5.2235352550e-20 -2.8651436843e-14 -1.7022303513e-13 -3.1057337578e-14
d  2.8958290620e-03 2.0270802420e+00 -2.0000000000e-01 5.2447140087e-08 3.0000000000e+02 -2.3486235715e-13 2.8790738219e-14 1.7482050296e-13 2.3465964913e-13 -5.2844024878e-20 -2.8770738201e-14 -1.7482380033e-13 -3.1063795016e-14
d  2.9065615012e-03 2.0345929491e+00 -2.0000000000e-01 5.3710723937e-08 3.0000000000e+02 -2.3853642462e-13 2.8277766402e-14 1.7902187116e-13 2.3833296535e-13 -5.0828638354e-20 -2.8257766340e-14 -1.7903574659e-13 -3.1036893477e-14
d  2.9130009647e-03 2.0391005733e+00 -2.0000000000e-01 5.5157818180e-08 3.0000000000e+02 -2.4419496216e-13 2.9066317905e-14 1.8385499387e-13 2.4399105211e-13 -5.7385694845e-20 -2.9046317876e-14 -1.8385939400e-13 -3.1078637883e-14
d  2.9207283209e-03 2.0445097224e+00 -2.0000000000e-01 5.6536488376e-08 3.0000000000e+02 -2.4891877189e-13 2.9194228850e-14 1.8844809089e-13 2.4871432093e-13 -5.6005043845e-20 -2.9174228807e-14 -1.8845496135e-13 -3.1085493002e-14
d  2.9253647347e-03 2.0477552119e+00 -2.0000000000e-01 5.7858117600e-08 3.0000000000e+02 -2.5416331980e-13 2.9989635201e-14 1.9286082309e-13 2.5395854428e-13 -6.2614697184e-20 -2.9969635205e-14 -1.9286039200e-13 -3.1127488135e-14
d  2.9309284312e-03 2.0516497992e+00 -2.0000000000e-01 5.9055943450e-08 3.0000000000e+02 -2.5825777717e-13 3.0087084812e-14 1.9685340195e-13 2.5805261219e-13 -6.0289622556e-20 -3.0067084814e-14 -1.9685314484e-13 -3.1132652643e-14
d  2.9376048669e-03 2.0563233040e+00 -2.0000000000e-01 6.0054206072e-08 3.0000000000e+02 -2.6091195707e-13 2.9446768863e-14 2.0017584363e-13 2.6070632475e-13 -5.7703839568e-20 -2.9426768828e-14 -2.0018068698e-13 -3.1098969426e-14
d  2.9456165899e-03 2.0619315098e+00 -2.0000000000e-01 6.1763636985e-08 3.0000000000e+02 -2.6675547233e-13 2.9582281142e-14 2.0587281933e-13 2.6654927920e-13 -6.1904455216e-20 -2.9562281106e-14 -2.0587879003e-13 -3.1106203807e-14
d  2.9504236236e-03 2.0652964333e+00 -2.0000000000e-01 6.3349500677e-08 3.0000000000e+02 -2.7298295815e-13 3.0474902254e-14 2.1116538783e-13 2.7277642851e-13 -6.7903774464e-20 -3.0454902257e-14 -2.1116500226e-13 -3.1153224690e-14
d  2.9561920642e-03 2.0693343414e+00 -2.0000000000e-01 6.4281728408e-08 3.0000000000e+02 -2.7534454147e-13 2.9770392797e-14 2.1426776408e-13 2.7513760805e-13 -5.9883940598e-20 -2.9750392758e-14 -2.1427242811e-13 -3.1116175583e-14
d  2.9631141928e-03 2.0741798312e+00 -2.0000000000e-01 6.5957382306e-08 3.0000000000e+02 -2.8107904334e-13 2.9908101912e-14 2.1985202959e-13 2.8087162537e-13 -6.5853303585e-20 -2.9888101871e-14 -2.1985794111e-13 -3.1123487280e-14
d  2.9672674700e-03 2.0770871251e+00 -2.0000000000e-01 6.7549503884e-08 3.0000000000e+02 -2.8738700549e-13 3.0857692781e-14 2.2516547774e-13 2.8717929678e-13 -7.2559574756e-20 -3.0837692785e-14 -2.2516501294e-13 -3.1173421120e-14
d  2.9722514026e-03 2.0805758778e+00 -2.0000000000e-01 6.8994222727e-08 3.0000000000e+02 -2.9232482458e-13 3.0977283224e-14 2.2998107913e-13 2.9211676699e-13 -6.9353309851e-20 -3.0957283227e-14 -2.2998074242e-13 -3.1179687062e-14
d  2.9782321217e-03 2.0847623809e+00 -2.0000000000e-01 7.0190025707e-08 3.0000000000e+02 -2.9549961138e-13 3.0205370262e-14 2.3396169701e-13 2.9529113516e-13 -6.5974662292e-20 -3.0185370221e-14 -2.3396675244e-13 -3.1139152730e-14
d  2.9854089846e-03 2.0897861848e+00 -2.0000000000e-01 7.2246874173e-08 3.0000000000e+02 -3.0253506236e-13 3.0372980376e-14 2.4080923213e-13 3.0232608378e-13 -7.1478202312e-20 -3.0352980284e-14 -2.4082291411e-13 -3.1147996147e-14
d  2.9940212202e-03 2.0958147493e+00 -2.0000000000e-01 7.4108161286e-08 3.0000000000e+02 -3.0795094226e-13 2.9626205025e-14 2.4700593517e-13 3.0774136083e-13 -6.7075266256e-20 -2.9606204906e-14 -2.4702720455e-13 -3.1108873948e-14
d  3.0043559028e-03 2.1030490268e+00 -2.0000000000e-01 7.7813422939e-08 3.0000000000e+02 -3.2153951882e-13 3.0793848705e-14 2.5936721683e-13 3.2132921394e-13 -7.7833793550e-20 -3.0773848655e-14 -2.5937807658e-13 -3.1170156100e-14
d  3.0105567124e-03 2.1073895933e+00 -2.0000000000e-01 7.9983953247e-08 3.0000000000e+02 -3.2903924836e-13 3.1044744284e-14 2.6659588319e-13 3.2882850944e-13 -7.7723322544e-20 -3.1024744165e-14 -2.6661317775e-13 -3.1183275330e-14
d  3.0179976839e-03 2.1125982731e+00 -2.0000000000e-01 8.2702155272e-08 3.0000000000e+02 -3.3832011513e-13 3.1264286007e-14 2.7565695466e-13 3.3810885534e-13 -8.0339158351e-20 -3.1244285898e-14 -2.7567385114e-13 -3.1194743098e-14
d  3.0224622668e-03 2.1157234810e+00 -2.0000000000e-01 8.4431397463e-08 3.0000000000e+02 -3.4423584706e-13 3.1403598913e-14 2.8143129642e-13 3.4402427474e-13 -8.2131926290e-20 -3.1383598849e-14 -2.8143799168e-13 -3.1202003149e-14
d  3.0278197663e-03 2.1194737305e+00 -2.0000000000e-01 8.6599834775e-08 3.0000000000e+02 -3.5164837061e-13 3.1576167636e-14 2.8865888600e-13 3.5143642326e-13 -8.4153988946e-20 -3.1556167571e-14 -2.8866611606e-13 -3.1210993844e-14
d  3.0342487657e-03 2.1239740298e+00 -2.0000000000e-01 8.9350217627e-08 3.0000000000e+02 -3.6104974796e-13 3.1798186636e-14 2.9782312741e-13 3.6083735059e-13 -8.6786303508e-20 -3.1778186555e-14 -2.9783405894e-13 -3.1222544037e-14
d  3.0419635650e-03 2.1293743890e+00 -2.0000000000e-01 9.1846657833e-08 3.0000000000e+02 -3.6830952986e-13 3.0788889092e-14 3.0612904541e-13 3.6809659249e-13 -8.1579513542e-20 -3.0768888927e-14 -3.0615552647e-13 -3.1169776975e-14
d  3.0465924445e-03 2.1326146045e+00 -2.0000000000e-01 9.4720274654e-08 3.0000000000e+02 -3.7943880864e-13 3.2249425802e-14 3.1572598536e-13 3.7922554721e-13 -9.7274847782e-20 -3.2229425726e-14 -3.1573424901e-13 -3.1246006565e-14
d  3.0521471000e-03 2.1365028632e+00 -2.0000000000e-01 9.7529603507e-08 3.0000000000e+02 -3.8904151177e-13 3.2491893464e-14 3.2508955724e-13 3.8882786151e-13 -9.3077551042e-20 -3.2471893386e-14 -3.2509867853e-13 -3.1258567434e-14
d  3.0588126866e-03 2.1411687735e+00 -2.0000000000e-01 1.0113440265e-07 3.0000000000e+02 -4.0134826248e-13 3.2763577779e-14 3.3709511574e-13 4.0113414566e-13 -9.8275553087e-20 -3.2743577638e-14 -3.3711467582e-13 -3.1272609902e-14
d  3.0628120385e-03 2.1439683198e+00 -2.0000000000e-01 1.0343185029e-07 3.0000000000e+02 -4.0919719974e-13 3.2946239878e-14 3.4476417198e-13 4.0898280295e-13 -1.0062597291e-19 -3.2926239785e-14 -3.4477283450e-13 -3.1282037241e-14
d  3.0676112608e-03 2.1473277752e+00 -2.0000000000e-01 1.0633026007e-07 3.0000000000e+02 -4.1910313252e-13 3.3176791220e-14 3.5442472597e-13 4.1888839978e-13 -1.0347352014e-19 -3.3156791125e-14 -3.5443420045e-13 -3.1293936054e-14
d  3.0733703276e-03 2.1513591218e+00 -2.0000000000e-01 1.1002840503e-07 3.0000000000e+02 -4.3174508520e-13 3.3475943999e-14 3.6675012241e-13 4.3152994933e-13 -1.0718573840e-19 -3.3455943905e-14 -3.6676135029e-13 -3.1309358066e-14
d  3.0768257677e-03 2.1537779297e+00 -2.0000000000e-01 1.1235736001e-07 3.0000000000e+02 -4.3968730621e-13 3.3642665844e-14 3.7451577627e-13 4.3947192846e-13 -1.0938715650e-19 -3.3622665736e-14 -3.7452453359e-13 -3.1317925046e-14
d  3.0809722958e-03 2.1566804992e+00 -2.0000000000e-01 1.1529440714e-07 3.0000000000e+02 -4.4972542012e-13 3.3882983606e-14 3.8430500780e-13 4.4950975212e-13 -1.1247195062e-19 -3.3862983494e-14 -3.8431469072e-13 -3.1330294213e-14
d  3.0859481295e-03 2.1601635826e+00 -2.0000000000e-01 1.1903118314e-07 3.0000000000e+02 -4.6250599973e-13 3.4190023761e-14 3.9675898583e-13 4.6228998342e-13 -1.1632971667e-19 -3.4170023649e-14 -3.9677061070e-13 -3.1346080496e-14
d  3.0919191299e-03 2.1643432827e+00 -2.0000000000e-01 1.2383283501e-07 3.0000000000e+02 -4.7891180169e-13 3.4569140725e-14 4.1276198739e-13 4.7869536741e-13 -1.2118860853e-19 -3.4549140612e-14 -4.1277611697e-13 -3.1365540614e-14
d  3.0955017302e-03 2.1668511028e+00 -2.0000000000e-01 1.2689806019e-07 3.0000000000e+02 -4.8938228247e-13 3.4804577076e-14 4.2298231814e-13 4.8916559742e-13 -1.2437176507e-19 -3.4784576942e-14 -4.2299353427e-13 -3.1377598111e-14
d  3.0998008505e-03 2.1698604869e+00 -2.0000000000e-01 1.3078868404e-07 3.0000000000e+02 -5.0268683684e-13 3.5131315844e-14 4.3595001638e-13 5.0246985085e-13 -1.2854234743e-19 -3.5111315708e-14 -4.3596228045e-13 -3.1394352779e-14
d  3.1049597949e-03 2.1734717478e+00 -2.0000000000e-01 1.3578926517e-07 3.0000000000e+02 -5.1979483263e-13 3.5546646042e-14 4.5261541480e-13 5.1957748552e-13 -1.3390670439e-19 -3.5526645898e-14 -4.5263088421e-13 -3.1415622492e-14
d  3.1080551615e-03 2.1756385043e+00 -2.0000000000e-01 1.3895744376e-07 3.0000000000e+02 -5.3060673296e-13 3.5780711058e-14 4.6318019887e-13 5.3038916917e-13 -1.3709645033e-19 -3.5760710903e-14 -4.6319147955e-13 -3.1427567778e-14
d  3.1117696015e-03 2.1782386121e+00 -2.0000000000e-01 1.4297743096e-07 3.0000000000e+02 -5.4435854800e-13 3.6121955546e-14 4.7657868214e-13 5.4414072421e-13 -1.4164540236e-19 -3.6101955381e-14 -4.7659143688e-13 -3.1445023044e-14
d  3.1162269294e-03 2.1813587415e+00 -2.0000000000e-01 1.4813134385e-07 3.0000000000e+02 -5.6200282665e-13 3.6561746432e-14 4.9375595160e-13 5.6178469085e-13 -1.4736889403e-19 -3.6541746268e-14 -4.9377114655e-13 -3.1467497188e-14
d  3.1215757230e-03 2.1851028968e+00 -2.0000000000e-01 1.5482520390e-07 3.0000000000e+02 -5.8490319149e-13 3.7118553374e-14 5.1605075672e-13 5.8468468135e-13 -1.5469984179e-19 -3.7098553077e-14 -5.1608401368e-13 -3.1495911822e-14
d  3.1247849991e-03 2.1873493900e+00 -2.0000000000e-01 1.5913849314e-07 3.0000000000e+02 -5.9965628864e-13 3.7477588486e-14 5.3049276389e-13 5.9943755353e-13 -1.5980889503e-19 -3.7457588900e-14 -5.3046164293e-13 -3.1514201052e-14
d  3.1286361305e-03 2.1900451818e+00 -2.0000000000e-01 1.6465671538e-07 3.0000000000e+02 -6.1854797058e-13 3.7951902389e-14 5.4883896155e-13 6.1832896615e-13 -1.6587161597e-19 -3.7931902181e-14 -5.4885571839e-13 -3.1538376596e-14
d  3.1332574881e-03 2.1932801320e+00 -2.0000000000e-01 1.7183241657e-07 3.0000000000e+02 -6.4313240661e-13 3.8581416231e-14 5.7275400897e-13 6.4291307870e-13 -1.7456068629e-19 -3.8561416017e-14 -5.7277472238e-13 -3.1570441156e-14
d  3.1360303026e-03 2.1952211021e+00 -2.0000000000e-01 1.7835162275e-07 3.0000000000e+02 -6.6793443584e-13 4.1495716424e-14 5.9451238869e-13 6.6771491368e-13 -2.0854952152e-19 -4.1475716532e-14 -5.9450540895e-13 -3.1720488205e-14
d  3.1393576801e-03 2.1975502662e+00 -2.0000000000e-01 1.8314979406e-07 3.0000000000e+02 -6.8183653694e-13 3.9524810480e-14 6.1048178397e-13 6.8161678202e-13 -1.6837770386e-19 -3.9504810228e-14 -6.1049931410e-13 -3.1618294681e-14
d  3.1433505331e-03 2.2003452632e+00 -2.0000000000e-01 1.9095417598e-07 3.0000000000e+02 -7.0859610448e-13 4.0220119973e-14 6.3649192243e-13 7.0837607008e-13 -2.0243472692e-19 -4.0200119710e-14 -6.3651392054e-13 -3.1653695312e-14
d  3.1481419567e-03 2.2036992595e+00 -2.0000000000e-01 2.0117676767e-07 3.0000000000e+02 -7.4363133834e-13 4.1133155633e-14 6.7056345396e-13 7.4341096857e-13 -2.1028454684e-19 -4.1113155377e-14 -6.7058922619e-13 -3.1700052700e-14
d  3.1510168108e-03 2.2057116573e+00 -2.0000000000e-01 2.0784794338e-07 3.0000000000e+02 -7.6649608500e-13 4.1719182942e-14 6.9280529770e-13 7.6627551398e-13 -2.1888164367e-19 -4.1699182629e-14 -6.9282647865e-13 -3.1729748657e-14
d  3.1544666358e-03 2.2081265347e+00 -2.0000000000e-01 2.1650630411e-07 3.0000000000e+02 -7.9620643784e-13 4.2542657246e-14 7.2166345770e-13 7.9598562535e-13 -2.3041979235e-19 -4.2522656910e-14 -7.2168768113e-13 -3.1771530334e-14
d  3.1586064258e-03 2.2110243875e+00 -2.0000000000e-01 2.2797870034e-07 3.0000000000e+02 -8.3559667318e-13 4.3631222122e-14 7.5989879370e-13 8.3537557095e-13 -2.4596639282e-19 -4.3611221774e-14 -7.5992900196e-13 -3.1826702817e-14
d  3.1610902998e-03 2.2127630992e+00 -2.0000000000e-01 2.3825231588e-07 3.0000000000e+02 -8.7420187312e-13 4.7767311294e-14 7.9417471080e-13 8.7398059681e-13 -3.0063989282e-19 -4.7747311300e-14 -7.9417438629e-13 -3.2038505450e-14
d  3.1640709485e-03 2.2148495532e+00 -2.0000000000e-01 2.4663354311e-07 3.0000000000e+02 -8.9958519297e-13 4.5365143194e-14 8.2208557084e-13 8.9936370823e-13 -2.4248274550e-19 -4.5345142773e-14 -8.2211181131e-13 -3.1914290749e-14
d  3.1676477271e-03 2.2173532981e+00 -2.0000000000e-01 2.5989601122e-07 3.0000000000e+02 -9.4518098062e-13 4.6666293867e-14 8.6628662085e-13 9.4495924555e-13 -2.9879724752e-19 -4.6646293422e-14 -8.6632003845e-13 -3.1980197985e-14
d  3.1697937942e-03 2.2188555450e+00 -2.0000000000e-01 2.7167703521e-07 3.0000000000e+02 -9.8949390636e-13 5.1454725412e-14 9.0559007953e-13 9.8927202080e-13 -3.6100548497e-19 -5.1434725411e-14 -9.0559011741e-13 -3.2224880572e-14
d  3.1723690748e-03 2.2206582413e+00 -2.0000000000e-01 2.8127533722e-07 3.0000000000e+02 -1.0186089773e-12 4.8745285698e-14 9.3755336412e-13 1.0183869118e-12 -2.8444822439e-19 -4.8725285121e-14 -9.3758445870e-13 -3.2085031918e-14
d  3.1754594114e-03 2.2228214768e+00 -2.0000000000e-01 2.9649384985e-07 3.0000000000e+02 -1.0709956587e-12 5.0303841963e-14 9.8827542908e-13 1.0707733769e-12 -3.5781047842e-19 -5.0283841386e-14 -9.8831283417e-13 -3.2163842420e-14
d  3.1773136134e-03 2.2241194182e+00 -2.0000000000e-01 3.1003160198e-07 3.0000000000e+02 -1.1219687265e-12 5.5856228282e-14 1.0334409278e-12 1.1217463145e-12 -4.3728134154e-19 -5.5836228334e-14 -1.0334386732e-12 -3.2446960042e-14
d  3.1795386558e-03 2.2256769478e+00 -2.0000000000e-01 3.2509230692e-07 3.0000000000e+02 -1.1740123620e-12 5.7645084968e-14 1.0836615055e-12 1.1737897941e-12 -4.1266320638e-19 -5.7625085408e-14 -1.0836410221e-12 -3.2536978886e-14
d  3.1822087067e-03 2.2275459833e+00 -2.0000000000e-01 3.4089906385e-07 3.0000000000e+02 -1.2238326709e-12 5.4893826120e-14 1.1362868840e-12 1.2236099168e-12 -3.9064012685e-19 -5.4873825347e-14 -1.1363302146e-12 -3.2394967061e-14
d  3.1838107372e-03 2.2286674046e+00 -2.0000000000e-01 3.5683949188e-07 3.0000000000e+02 -1.2838360006e-12 6.1414115937e-14 1.1894599873e-12 1.2836131340e-12 -5.4788766113e-19 -6.1394115805e-14 -1.1894649733e-12 -3.2726856351e-14
d  3.1857331738e-03 2.2300131102e+00 -2.0000000000e-01 3.7458356586e-07 3.0000000000e+02 -1.3452424127e-12 6.3602581305e-14 1.2486136248e-12 1.3450194114e-12 -5.0589701512e-19 -6.3582581349e-14 -1.2486118861e-12 -3.2836772015e-14
d  3.1880400978e-03 2.2316279569e+00 -2.0000000000e-01 3.9332857823e-07 3.0000000000e+02 -1.4045660980e-12 6.0593398505e-14 1.3110472104e-12 1.4043429357e-12 -4.7827345993e-19 -6.0573397513e-14 -1.3110952631e-12 -3.2681631104e-14
d  3.1908084065e-03 2.2335657729e+00 -2.0000000000e-01 4.2252689571e-07 3.0000000000e+02 -1.5054241488e-12 6.3923806933e-14 1.4083612116e-12 1.5052007930e-12 -5.9702714173e-19 -6.3903805875e-14 -1.4084229883e-12 -3.2849217269e-14
d  3.1924693917e-03 2.2347284625e+00 -2.0000000000e-01 4.4811585533e-07 3.0000000000e+02 -1.6001409179e-12 7.2871937187e-14 1.4937194689e-12 1.5999174450e-12 -7.5190904638e-19 -7.2851937185e-14 -1.4937195178e-12 -3.3302590637e-14
d  3.1944625740e-03 2.2361236900e+00 -2.0000000000e-01 4.7914117238e-07 3.0000000000e+02 -1.7077955223e-12 7.6962087987e-14 1.5971380115e-12 1.7075719099e-12 -7.4453466770e-19 -7.6942088005e-14 -1.5971372413e-12 -3.3507543040e-14
d  3.1968543928e-03 2.2377979631e+00 -2.0000000000e-01 5.2375214929e-07 3.0000000000e+02 -1.8627193769e-12 8.2872354847e-14 1.7458405146e-12 1.8624955971e-12 -8.8549436389e-19 -8.2852354847e-14 -1.7458404977e-12 -3.3803784258e-14
d  3.1982894840e-03 2.2388025269e+00 -2.0000000000e-01 5.5531319877e-07 3.0000000000e+02 -1.9724036800e-12 8.7141270207e-14 1.8510447328e-12 1.9721797997e-12 -9.7667950325e-19 -8.7121270229e-14 -1.8510439959e-12 -3.4017326140e-14
d  3.2000115935e-03 2.2400080035e+00 -2.0000000000e-01 5.9932762480e-07 3.0000000000e+02 -2.1254732330e-12 9.3190217140e-14 1.9977593556e-12 2.1252492322e-12 -1.1083496456e-18 -9.3170217157e-14 -1.9977587494e-12 -3.4319898861e-14
d  3.2010448592e-03 2.2407312894e+00 -2.0000000000e-01 6.2966076291e-07 3.0000000000e+02 -2.2310269802e-12 9.7424806310e-14 2.0988694388e-12 2.2308029071e-12 -1.2067050586e-18 -9.7404806320e-14 -2.0988692097e-12 -3.4531414212e-14
d  3.2022847781e-03 2.2415992326e+00 -2.0000000000e-01 6.7092421306e-07 3.0000000000e+02 -2.3746965474e-12 1.0325348327e-13 2.2364148602e-12 2.3744723875e-12 -1.3445388232e-18 -1.0323348330e-13 -2.2364140435e-12 -3.4822533046e-14
d  3.2037726807e-03 2.2426407644e+00 -2.0000000000e-01 7.2931398052e-07 3.0000000000e+02 -2.5781380456e-12 1.1164674510e-13 2.4310461195e-12 2.5779137815e-12 -1.5510916001e-18 -1.1162674509e-13 -2.4310466019e-12 -3.5241498099e-14
d  3.2046654223e-03 2.2432656834e+00 -2.0000000000e-01 7.7011204508e-07 3.0000000000e+02 -2.7203739085e-12 1.1759756694e-13 2.5670318429e-12 2.7201495822e-12 -1.7102726175e-18 -1.1757756654e-13 -2.5670401512e-12 -3.5538023249e-14
d  3.2057367121e-03 2.2440155863e+00 -2.0000000000e-01 8.2636519295e-07 3.0000000000e+02 -2.9166046610e-12 1.2590016404e-13 2.7545515985e-12 2.9163802594e-12 -1.9379195058e-18 -1.2588016408e-13 -2.7545506432e-12 -3.5951696032e-14
d  3.2070222600e-03 2.2449154698e+00 -2.0000000000e-01 9.0752557790e-07 3.0000000000e+02 -3.1999256968e-12 1.3807754423e-13 3.0250810556e-12 3.1997012053e-12 -2.2882333577e-18 -1.3805754408e-13 -3.0250852601e-12 -3.6558025950e-14
d  3.2077935887e-03 2.2454553998e+00 -2.0000000000e-01 9.6531912667e-07 3.0000000000e+02 -3.4018034095e-12 1.4687906166e-13 3.2177311189e-12 3.4015788639e-12 -2.5681785436e-18 -1.4685906170e-13 -3.2177304223e-12 -3.6995439957e-14
d  3.2087191832e-03 2.2461033159e+00 -2.0000000000e-01 1.0465482265e-06 3.0000000000e+02 -3.6857144247e-12 1.5939447656e-13 3.4884944755e-12 3.6854898143e-12 -2.9780986902e-18 -1.5937447658e-13 -3.4884940883e-12 -3.7617334354e-14
d  3.2098298965e-03 2.2468808152e+00 -2.0000000000e-01 1.1671091987e-06 3.0000000000e+02 -4.1074169302e-12 1.7829228870e-13 3.8903531558e-12 4.1071922425e-12 -3.6362110892e-18 -1.7827228824e-13 -3.8903639968e-12 -3.8555677112e-14
d  3.2104963245e-03 2.2473473148e+00 -2.0000000000e-01 1.2554120670e-06 3.0000000000e+02 -4.4164897205e-12 1.9234750601e-13 4.1847073089e-12 4.4162649857e-12 -4.1884639821e-18 -1.9232750603e-13 -4.1847068901e-12 -3.9252115037e-14
d  3.2112960381e-03 2.2479071143e+00 -2.0000000000e-01 1.3832243386e-06 3.0000000000e+02 -4.8641373213e-12 2.1290318450e-13 4.6107469530e-12 4.8639125306e-12 -5.0305375226e-18 -2.1288318445e-13 -4.6107477957e-12 -4.0270429141e-14
d  3.2122556945e-03 2.2485788737e+00 -2.0000000000e-01 1.5816827925e-06 3.0000000000e+02 -5.5597789424e-12 2.4541686017e-13 5.2722749271e-12 5.5595540846e-12 -6.4717436288e-18 -2.4539686012e-13 -5.2722759753e-12 -4.1879758909e-14
d  3.2128314883e-03 2.2489819293e+00 -2.0000000000e-01 1.7338964336e-06 3.0000000000e+02 -6.0936951673e-12 2.7070091251e-13 5.7796539157e-12 6.0934702691e-12 -7.7783905902e-18 -2.7068091244e-13 -5.7796547791e-12 -4.3128267499e-14
d  3.2135224408e-03 2.2494655961e+00 -2.0000000000e-01 1.9656594507e-06 3.0000000000e+02 -6.9072112937e-12 3.0974760990e-13 6.5521981158e-12 6.9069863472e-12 -9.9161935035e-18 -3.0972760990e-13 -6.5521981693e-12 -4.5055826472e-14
d  3.2139370124e-03 2.2497557962e+00 -2.0000000000e-01 2.1400380228e-06 3.0000000000e+02 -7.5196560164e-12 3.3945865152e-13 7.1334600285e-12 7.5194310408e-12 -1.1785046550e-17 -3.3943865152e-13 -7.1334600763e-12 -4.6519732559e-14
d  3.2144344982e-03 2.2501040362e+00 -2.0000000000e-01 2.3999473139e-06 3.0000000000e+02 -8.4330223158e-12 3.8425191350e-13 7.9998238777e-12 8.4327973054e-12 -1.4757621918e-17 -3.8423191345e-13 -7.9998243801e-12 -4.8726277249e-14
d  3.2150314812e-03 2.2505219243e+00 -2.0000000000e-01 2.8228434556e-06 3.0000000000e+02 -9.9202337154e-12 4.5816784599e-13 9.4094748553e-12 9.9200086634e-12 -2.0198222103e-17 -4.5814784573e-13 -9.4094781865e-12 -5.2364209344e-14
d  3.2157478608e-03 2.2510233900e+00 -2.0000000000e-01 3.6253655360e-06 3.0000000000e+02 -1.2745245036e-11 6.0106880217e-13 1.2084537073e-11 1.2745019935e-11 -3.2589883615e-17 -6.0104880124e-13 -1.2084551790e-11 -5.9387510555e-14
d  3.2161776886e-03 2.2513242694e+00 -2.0000000000e-01 4.3968443816e-06 3.0000000000e+02 -1.5463215261e-11 7.4059498040e-13 1.4656106510e-11 1.5462990134e-11 -4.8591309408e-17 -7.4057497646e-13 -1.4656147951e-11 -6.6223971696e-14
d  3.2164355853e-03 2.2515047971e+00 -2.0000000000e-01 5.0467157075e-06 3.0000000000e+02 -1.7753981072e-11 8.5931186003e-13 1.6822385408e-11 1.7753755921e-11 -6.5363911898e-17 -8.5929185998e-13 -1.6822385692e-11 -7.2030725087e-14
d  3.2167450612e-03 2.2517214303e+00 -2.0000000000e-01 6.1624354960e-06 3.0000000000e+02 -2.1689175567e-11 1.0653056227e-12 2.0541447107e-11 2.1688950395e-11 -9.6933709282e-17 -1.0652856220e-12 -2.0541451656e-11 -8.2110195520e-14
d  3.2171164324e-03 2.2519813901e+00 -2.0000000000e-01 8.5411696858e-06 3.0000000000e+02 -3.0085180627e-11 1.5103582016e-12 2.8470541395e-11 3.0084955435e-11 -1.8026563128e-16 -1.5103381988e-12 -2.8470565632e-11 -1.0387432521e-13
d  3.2173392551e-03 2.2521373660e+00 -2.0000000000e-01 1.1204182984e-05 3.0000000000e+02 -3.9489405283e-11 2.0131931474e-12 3.7347271616e-11 3.9489180071e-11 -3.1507636431e-16 -2.0131731465e-12 -3.7347276619e-11 -1.2842710372e-13
d  3.2174729488e-03 2.2522309515e+00 -2.0000000000e-01 1.3782636438e-05 3.0000000000e+02 -4.8597631180e-11 2.5024916079e-12 4.5942118209e-11 4.8597405958e-11 -4.9111318690e-16 -2.5024716069e-12 -4.5942121463e-11 -1.5232236427e-13
d  3.2176333811e-03 2.2523432542e+00 -2.0000000000e-01 1.9246281313e-05 3.0000000000e+02 -6.7904896152e-11 3.5461022142e-12 6.4154226574e-11 6.7904670944e-11 -9.3150253934e-16 -3.5460822019e-12 -6.4154271094e-11 -2.0338648150e-13
d  3.2177296405e-03 2.2524106358e+00 -2.0000000000e-01 2.5340141319e-05 3.0000000000e+02 -8.9441421926e-11 4.7118582006e-12 8.4467106267e-11 8.9441196709e-11 -1.6343550171e-15 -4.7118381874e-12 -8.4467137779e-11 -2.6060532029e-13
d  3.2178451518e-03 2.2524914937e+00 -2.0000000000e-01 4.2338230887e-05 3.0000000000e+02 -1.4952293746e-10 7.9696076011e-12 1.4112722685e-10 1.4952271253e-10 -4.2206360933e-15 -7.9695875282e-12 -1.4112743674e-10 -4.2147066783e-13
d  3.2179144586e-03 2.2525400084e+00 -2.0000000000e-01 7.3050762781e-05 3.0000000000e+02 -2.5805431943e-10 1.3824064303e-11 2.4350242726e-10 2.5805409450e-10 -1.2075353887e-14 -1.3824044246e-11 -2.4350254304e-10 -7.1548198097e-13
d  3.2179560427e-03 2.2525691173e+00 -2.0000000000e-01 1.3008508166e-04 3.0000000000e+02 -4.5952102628e-10 2.4591116572e-11 4.3361690215e-10 4.5952080121e-10 -3.7375104310e-14 -2.4591096542e-11 -4.3361693913e-10 -1.2754090371e-12
d  3.2179809931e-03 2.2525865826e+00 -2.0000000000e-01 2.4550130002e-04 3.0000000000e+02 -8.6705922173e-10 4.6125056759e-11 8.1833734072e-10 8.6705899994e-10 -1.2685498158e-13 -4.6125036355e-11 -8.1833767100e-10 -2.4694400317e-12
d  3.2179959634e-03 2.2525970617e+00 -2.0000000000e-01 5.4457916084e-04 3.0000000000e+02 -1.9230226827e-09 1.0127374129e-10 1.8152592855e-09 1.9230226093e-09 -5.5786831667e-13 -1.0127371516e-10 -1.8152640361e-09 -5.9270597258e-12
d  3.2180004545e-03 2.2526002055e+00 -2.0000000000e-01 7.8824184201e-04 3.0000000000e+02 -2.7851509092e-09 1.4668853157e-10 2.6274727706e-09 2.7851506848e-09 -1.3470332017e-12 -1.4668851128e-10 -2.6274728081e-09 -9.6435655892e-12
d  3.2180058438e-03 2.2526039780e+00 -2.0000000000e-01 1.8003541850e-03 3.0000000000e+02 -6.3706413766e-09 3.3656389311e-10 6.0011802288e-09 6.3706411902e-09 -5.6461794591e-12 -3.3656387127e-10 -6.0011806598e-09 -2.7249966303e-11
d  3.2180074606e-03 2.2526051098e+00 -2.0000000000e-01 2.6924379131e-03 3.0000000000e+02 -9.5599806339e-09 5.1910385700e-10 8.9747930259e-09 9.5599804101e-09 -1.3770039869e-11 -5.1910383662e-10 -8.9747930461e-09 -5.2313579675e-11
d  3.2180094007e-03 2.2526064679e+00 -2.0000000000e-01 7.2288630292e-03 3.0000000000e+02 -2.5889990259e-08 1.5053298679e-09 2.4096204699e-08 2.5889994506e-08 -7.1737611302e-11 -1.5053298908e-09 -2.4096214611e-08 -2.1671235710e-10
d  3.2180099827e-03 2.2526068753e+00 -2.0000000000e-01 1.1844094085e-02 3.0000000000e+02 -4.3041621691e-08 2.8218387805e-09 3.9480313424e-08 4.3041621549e-08 -1.9962936937e-10 -2.8218387501e-09 -3.9480313719e-08 -5.3984122207e-10
d  3.2180106812e-03 2.2526073642e+00 -2.0000000000e-01 4.4418295815e-02 3.0000000000e+02 -1.6671780756e-07 1.3554370068e-08 1.4806097695e-07 1.6671778953e-07 -1.4662313485e-09 -1.3554368813e-08 -1.4806096995e-07 -3.6362188266e-09
d  3.2180111003e-03 2.2526076576e+00 -2.0000000000e-01 1.5582886642e-01 3.0000000000e+02 -5.9981373698e-07 5.4874454866e-08 5.1942955460e-07 5.9981373634e-07 -7.5178081542e-09 -5.4874454823e-08 -5.1942955438e-07 -1.7991918676e-08
d  3.2180115984e-03 2.2526080062e+00 -2.0000000000e-01 3.7196412510e-01 3.0000000000e+02 -1.3557145131e-06 7.7671347981e-08 1.2398804155e-06 1.3557144940e-06 -1.1291423738e-08 -7.7671347676e-08 -1.2398803985e-06 -2.6871324159e-08
d  3.2180118667e-03 2.2526081940e+00 -2.0000000000e-01 4.7303829461e-01 3.0000000000e+02 -1.6563249451e-06 5.3617828921e-08 1.5767942881e-06 1.6563252958e-06 -7.6443003209e-09 -5.3617825041e-08 -1.5767946732e-06 -1.8268497157e-08
d  3.2180121102e-03 2.2526083645e+00 -2.0000000000e-01 5.3645992960e-01 3.0000000000e+02 -1.8342748572e-06 3.1165566635e-08 1.7881997651e-06 1.8342748585e-06 -4.3922993835e-09 -3.1165566572e-08 -1.7881997670e-06 -1.0517229916e-08
d  3.2180123215e-03 2.2526085124e+00 -2.0000000000e-01 5.7055157586e-01 3.0000000000e+02 -1.9277880431e-06 1.7570411127e-08 1.9018385861e-06 1.9277880439e-06 -2.4675706379e-09 -1.7570411066e-08 -1.9018385874e-06 -5.9114737891e-09
d  3.2180125751e-03 2.2526086899e+00 -2.0000000000e-01 5.9343338469e-01 3.0000000000e+02 -1.9897133266e-06 7.8614151405e-09 1.9781112823e-06 1.9897133267e-06 -1.1013264267e-09 -7.8614151081e-09 -1.9781112827e-06 -2.6393024280e-09
d  3.2180128794e-03 2.2526089029e+00 -2.0000000000e-01 6.0606565775e-01 3.0000000000e+02 -2.0235924776e-06 2.2875177241e-09 2.0202188592e-06 2.0235924772e-06 -3.1976086634e-10 -2.2875177098e-09 -2.0202188590e-06 -7.6633954644e-10
d  3.2180132446e-03 2.2526091586e+00 -2.0000000000e-01 6.1130588166e-01 3.0000000000e+02 -2.0375845275e-06 -6.8180452165e-11 2.0376862719e-06 2.0375845293e-06 9.8109611082e-12 6.8180523024e-11 -2.0376862744e-06 2.3753611491e-11
d  3.2180136828e-03 2.2526094653e+00 -2.0000000000e-01 6.1244305007e-01 3.0000000000e+02 -2.0406178633e-06 -5.8173425453e-10 2.0414768334e-06 2.0406178641e-06 8.1529425743e-11 5.8173429596e-10 -2.0414768347e-06 1.9570685869e-10
d  3.2180142086e-03 2.2526098334e+00 -2.0000000000e-01 6.1203849493e-01 3.0000000000e+02 -2.0395420728e-06 -3.9713599167e-10 2.0401283165e-06 2.0395420723e-06 5.5569091028e-11 3.9713600683e-10 -2.0401283162e-06 1.3353889055e-10
d  3.2180148396e-03 2.2526102751e+00 -2.0000000000e-01 6.1148148480e-01 3.0000000000e+02 -2.0380592607e-06 -1.4391991143e-10 2.0382716161e-06 2.0380592600e-06 2.0030639572e-11 1.4391992521e-10 -2.0382716156e-06 4.8405018384e-11
d  3.2180155968e-03 2.2526108051e+00 -2.0000000000e-01 6.1119747337e-01 3.0000000000e+02 -2.0373031965e-06 -1.4810489086e-11 2.0373249113e-06 2.0373031960e-06 1.9093252652e-12 1.4810506173e-11 -2.0373249110e-06 4.9951688067e-12
d  3.2180165054e-03 2.2526114412e+00 -2.0000000000e-01 6.1113306019e-01 3.0000000000e+02 -2.0371319990e-06 1.4657593428e-11 2.0371102019e-06 2.0371319892e-06 -2.2267694389e-12 -1.4657651345e-11 -2.0371101909e-06 -4.9138470653e-12
d  3.2180175958e-03 2.2526122044e+00 -2.0000000000e-01 6.1114632009e-01 3.0000000000e+02 -2.0371677361e-06 8.9261673480e-12 2.0371544000e-06 2.0371677379e-06 -1.4225286881e-12 -8.9261340686e-12 -2.0371544024e-06 -2.9868258725e-12
d  3.2180189043e-03 2.2526131203e+00 -2.0000000000e-01 6.1116228105e-01 3.0000000000e+02 -2.0372107499e-06 2.0254907231e-12 2.0372076032e-06 2.0372107525e-06 -4.5413423818e-13 -2.0254564007e-12 -2.0372076064e-06 -6.6654204725e-13
d  3.2180204744e-03 2.2526142194e+00 -2.0000000000e-01 6.1116772633e-01 3.0000000000e+02 -2.0372258574e-06 -3.5675404400e-14 2.0372257543e-06 2.0372258581e-06 -1.6488586119e-13 3.5699068831e-14 -2.0372257554e-06 2.6499716509e-14
d  3.2180223585e-03 2.2526155384e+00 -2.0000000000e-01 6.1116873321e-01 3.0000000000e+02 -2.0372292651e-06 -8.8002533054e-16 2.0372291125e-06 2.0372292487e-06 -1.6978084046e-13 8.4675133097e-16 -2.0372290946e-06 1.4776052038e-14
d  3.2180246195e-03 2.2526171210e+00 -2.0000000000e-01 6.1116957886e-01 3.0000000000e+02 -2.0372323884e-06 2.0530710186e-13 2.0372319342e-06 2.0372323463e-06 -1.9872923778e-13 -2.0539858722e-13 -2.0372318875e-06 -5.4577118352e-14
d  3.2180273327e-03 2.2526190203e+00 -2.0000000000e-01 6.1117102680e-01 3.0000000000e+02 -2.0372372900e-06 2.5621550046e-13 2.0372367588e-06 2.0372372637e-06 -2.0586666878e-13 -2.5625162370e-13 -2.0372367298e-06 -7.1671123510e-14
d  3.2180305886e-03 2.2526212994e+00 -2.0000000000e-01 6.1117290610e-01 3.0000000000e+02 -2.0372435500e-06 2.5330493731e-13 2.0372430228e-06 2.0372435260e-06 -2.0545912175e-13 -2.5332627353e-13 -2.0372429965e-06 -7.0685866201e-14
d  3.2180344956e-03 2.2526240343e+00 -2.0000000000e-01 6.1117516110e-01 3.0000000000e+02 -2.0372510613e-06 2.4967446526e-13 2.0372505401e-06 2.0372510312e-06 -2.0495431695e-13 -2.4969658384e-13 -2.0372505071e-06 -6.9465515372e-14
d  3.2180391839e-03 2.2526273161e+00 -2.0000000000e-01 6.1117785842e-01 3.0000000000e+02 -2.0372600518e-06 2.4923511644e-13 2.0372595319e-06 2.0372600137e-06 -2.0489829208e-13 -2.4925853717e-13 -2.0372594902e-06 -6.9318237470e-14
d  3.2180448100e-03 2.2526312544e+00 -2.0000000000e-01 6.1118109387e-01 3.0000000000e+02 -2.0372708368e-06 2.4933127947e-13 2.0372703176e-06 2.0372707895e-06 -2.0491834806e-13 -2.4935529513e-13 -2.0372702658e-06 -6.9350648313e-14
d  3.2180515613e-03 2.2526359803e+00 -2.0000000000e-01 6.1118497661e-01 3.0000000000e+02 -2.0372837793e-06 2.4935831922e-13 2.0372832611e-06 2.0372837210e-06 -2.0492996995e-13 -2.4938274305e-13 -2.0372831973e-06 -6.9359713838e-14
d  3.2180596629e-03 2.2526416514e+00 -2.0000000000e-01 6.1118963598e-01 3.0000000000e+02 -2.0372993105e-06 2.4935824101e-13 2.0372987935e-06 2.0372992390e-06 -2.0493929764e-13 -2.4938300818e-13 -2.0372987153e-06 -6.9359553776e-14
d  3.2180693847e-03 2.2526484567e+00 -2.0000000000e-01 6.1119522722e-01 3.0000000000e+02 -2.0373179480e-06 2.4935772472e-13 2.0373174241e-06 2.0373179473e-06 -2.0494193655e-13 -2.4933797749e-13 -2.0373174236e-06 -6.9339326771e-14
d  3.2180810509e-03 2.2526566230e+00 -2.0000000000e-01 6.1120193688e-01 3.0000000000e+02 -2.0373403136e-06 2.4943361886e-13 2.0373397896e-06 2.0373403128e-06 -2.0496591198e-13 -2.4941387466e-13 -2.0373397890e-06 -6.9364515848e-14
d  3.2180950504e-03 2.2526664226e+00 -2.0000000000e-01 6.1120998829e-01 3.0000000000e+02 -2.0373671516e-06 2.4941317437e-13 2.0373666277e-06 2.0373671507e-06 -2.0497906929e-13 -2.4939343217e-13 -2.0373666270e-06 -6.9357036967e-14
d  3.2181118498e-03 2.2526781822e+00 -2.0000000000e-01 6.1121965003e-01 3.0000000000e+02 -2.0373993575e-06 2.4941656375e-13 2.0373988335e-06 2.0373993564e-06 -2.0499878197e-13 -2.4939682305e-13 -2.0373988326e-06 -6.9357475703e-14
d  3.2181320090e-03 2.2526922937e+00 -2.0000000000e-01 6.1123124417e-01 3.0000000000e+02 -2.0374380046e-06 2.4941870925e-13 2.0374374807e-06 2.0374380033e-06 -2.0502219417e-13 -2.4939896995e-13 -2.0374374795e-06 -6.9357364814e-14
d  3.2181562001e-03 2.2527092274e+00 -2.0000000000e-01 6.1124515719e-01 3.0000000000e+02 -2.0374843814e-06 2.4942135657e-13 2.0374838574e-06 2.0374843798e-06 -2.0505033496e-13 -2.4940161845e-13 -2.0374838560e-06 -6.9357256543e-14
d  3.2181852294e-03 2.2527295479e+00 -2.0000000000e-01 6.1126185288e-01 3.0000000000e+02 -2.0375400337e-06 2.4942454897e-13 2.0375395097e-06 2.0375400319e-06 -2.0508415827e-13 -2.4940481180e-13 -2.0375395081e-06 -6.9357134547e-14
d  3.2182200646e-03 2.2527539325e+00 -2.0000000000e-01 6.1128188782e-01 3.0000000000e+02 -2.0376068169e-06 2.4942836362e-13 2.0376062929e-06 2.0376068147e-06 -2.0512481657e-13 -2.4940862721e-13 -2.0376062909e-06 -6.9356987410e-14
d  3.2182618667e-03 2.2527831941e+00 -2.0000000000e-01 6.1130592990e-01 3.0000000000e+02 -2.0376869572e-06 2.4943292898e-13 2.0376864332e-06 2.0376869547e-06 -2.0517371347e-13 -2.4941319319e-13 -2.0376864307e-06 -6.9356809568e-14
d  3.2183120294e-03 2.2528183079e+00 -2.0000000000e-01 6.1133478063e-01 3.0000000000e+02 -2.0377831264e-06 2.4943836449e-13 2.0377826023e-06 2.0377831233e-06 -2.0523254078e-13 -2.4941862923e-13 -2.0377825993e-06 -6.9356594469e-14
d  3.2183722245e-03 2.2528604445e+00 -2.0000000000e-01 6.1136940182e-01 3.0000000000e+02 -2.0378985304e-06 2.4944484977e-13 2.0378980064e-06 2.0378985268e-06 -2.0530335098e-13 -2.4942511491e-13 -2.0378980027e-06 -6.9356334049e-14
d  3.2184444587e-03 2.2529110085e+00 -2.0000000000e-01 6.1141094771e-01 3.0000000000e+02 -2.0380370168e-06 2.4945257221e-13 2.0380364927e-06 2.0380370125e-06 -2.0538864137e-13 -2.4943283765e-13 -2.0380364883e-06 -6.9356018314e-14
d  3.2185311398e-03 2.2529716852e+00 -2.0000000000e-01 6.1146080345e-01 3.0000000000e+02 -2.0382032027e-06 2.4946176030e-13 2.0382026786e-06 2.0382031976e-06 -2.0549144815e-13 -2.4944202600e-13 -2.0382026733e-06 -6.9355635127e-14
d  3.2186351570e-03 2.2530444972e+00 -2.0000000000e-01 6.1152063130e-01 3.0000000000e+02 -2.0384026290e-06 2.4947268176e-13 2.0384021049e-06 2.0384026229e-06 -2.0561548267e-13 -2.4945294763e-13 -2.0384020985e-06 -6.9355169341e-14
d  3.2187599777e-03 2.2531318717e+00 -2.0000000000e-01 6.1159242611e-01 3.0000000000e+02 -2.0386419452e-06 2.4948564787e-13 2.0386414210e-06 2.0386419379e-06 -2.0576529241e-13 -2.4946591383e-13 -2.0386414133e-06 -6.9354603276e-14
d  3.2189097625e-03 2.2532367211e+00 -2.0000000000e-01 6.1167858187e-01 3.0000000000e+02 -2.0389291313e-06 2.4950105091e-13 2.0389286070e-06 2.0389291225e-06 -2.0594647427e-13 -2.4948131693e-13 -2.0389285977e-06 -6.9353916813e-14
d  3.2190895043e-03 2.2533625403e+00 -2.0000000000e-01 6.1178197165e-01 3.0000000000e+02 -2.0392737641e-06 2.4951939626e-13 2.0392732398e-06 2.0392737537e-06 -2.0616595269e-13 -2.4949966228e-13 -2.0392732286e-06 -6.9353088092e-14
d  3.2193051944e-03 2.2535135234e+00 -2.0000000000e-01 6.1190604353e-01 3.0000000000e+02 -2.0396873374e-06 2.4954138105e-13 2.0396868129e-06 2.0396873248e-06 -2.0643234486e-13 -2.4952164701e-13 -2.0396867995e-06 -6.9352097274e-14
d  3.2195640226e-03 2.2536947031e+00 -2.0000000000e-01 6.1205493574e-01 3.0000000000e+02 -2.0401836451e-06 2.4956801198e-13 2.0401831205e-06 2.0401836300e-06 -2.0675645131e-13 -2.4954827785e-13 -2.0401831044e-06 -6.9350932702e-14
d  3.2198746164e-03 2.2539121188e+00 -2.0000000000e-01 6.1223361495e-01 3.0000000000e+02 -2.0407792429e-06 2.4960107205e-13 2.0407787181e-06 2.0407792248e-06 -2.0715193457e-13 -2.4958133779e-13 -2.0407786987e-06 -6.9349619313e-14
d  3.2202473290e-03 2.2541730176e+00 -2.0000000000e-01 6.1244804234e-01 3.0000000000e+02 -2.0414940013e-06 2.4964378772e-13 2.0414934764e-06 2.0414939797e-06 -2.0763625550e-13 -2.4962405328e-13 -2.0414934531e-06 -6.9348258763e-14
d  3.2206945840e-03 2.2544860961e+00 -2.0000000000e-01 6.1270537296e-01 3.0000000000e+02 -2.0423517707e-06 2.4970234943e-13 2.0423512432e-06 2.0423517702e-06 -2.0823196396e-13 -2.4968235169e-13 -2.0423512430e-06 -6.9347006345e-14
d  3.2212312901e-03 2.2548617904e+00 -2.0000000000e-01 6.1301419526e-01 3.0000000000e+02 -2.0433811791e-06 2.4967781691e-13 2.0433806509e-06 2.0433811786e-06 -2.0896469001e-13 -2.4965781915e-13 -2.0433806507e-06 -6.9339622791e-14
d  3.2218753375e-03 2.2553126235e+00 -2.0000000000e-01 6.1338481878e-01 3.0000000000e+02 -2.0446165918e-06 2.4972873378e-13 2.0446160626e-06 2.0446165913e-06 -2.0987913270e-13 -2.4970873597e-13 -2.0446160624e-06 -6.9335883292e-14
d  3.2226481942e-03 2.2558536232e+00 -2.0000000000e-01 6.1382961753e-01 3.0000000000e+02 -2.0460992555e-06 2.4976351674e-13 2.0460987251e-06 2.0460992549e-06 -2.1102429967e-13 -2.4974351886e-13 -2.0460987248e-06 -6.9329596250e-14
d  3.2235756224e-03 2.2565028228e+00 -2.0000000000e-01 6.1436345428e-01 3.0000000000e+02 -2.0478787128e-06 2.4979263551e-13 2.0478781810e-06 2.0478787122e-06 -2.1247328594e-13 -2.4977263748e-13 -2.0478781806e-06 -6.9321799550e-14
d  3.2246885361e-03 2.2572818624e+00 -2.0000000000e-01 6.1500416786e-01 3.0000000000e+02 -2.0500144266e-06 2.4980463035e-13 2.0500138929e-06 2.0500144259e-06 -2.1432788054e-13 -2.4978463208e-13 -2.0500138925e-06 -6.9310806845e-14
d  3.2260240326e-03 2.2582167099e+00 -2.0000000000e-01 6.1577318162e-01 3.0000000000e+02 -2.0525778081e-06 2.4978583884e-13 2.0525772721e-06 2.0525778075e-06 -2.1673652260e-13 -2.4976584017e-13 -2.0525772717e-06 -6.9295770397e-14
d  3.2276266284e-03 2.2593385269e+00 -2.0000000000e-01 6.1669622449e-01 3.0000000000e+02 -2.0556546208e-06 2.4971138757e-13 2.0556540816e-06 2.0556546206e-06 -2.1992158226e-13 -2.4969138759e-13 -2.0556540817e-06 -6.9274727277e-14
d  3.2295497434e-03 2.2606847073e+00 -2.0000000000e-01 6.1780420128e-01 3.0000000000e+02 -2.0593478809e-06 2.4953870864e-13 2.0593473376e-06 2.0593478806e-06 -2.2422763684e-13 -2.4951870864e-13 -2.0593473377e-06 -6.9244656979e-14
d  3.2318574813e-03 2.2623001238e+00 -2.0000000000e-01 6.1913424083e-01 3.0000000000e+02 -2.0637813517e-06 2.4919920949e-13 2.0637808028e-06 2.0637813514e-06 -2.3021046685e-13 -2.4917920947e-13 -2.0637808028e-06 -6.9200861740e-14
d  3.2346267669e-03 2.2642386236e+00 -2.0000000000e-01 6.2073095949e-01 3.0000000000e+02 -2.0691037551e-06 2.4857820432e-13 2.0691031983e-06 2.0691037549e-06 -2.3880463343e-13 -2.4855820432e-13 -2.0691031984e-06 -6.9135859337e-14
d  3.2362883382e-03 2.2654017235e+00 -2.0000000000e-01 6.2168934118e-01 3.0000000000e+02 -2.0722983662e-06 2.4807617746e-13 2.0722978039e-06 2.0722983657e-06 -2.4484513837e-13 -2.4805617801e-13 -2.0722978038e-06 -6.9089569032e-14
d  3.2382822238e-03 2.2667974433e+00 -2.0000000000e-01 6.2283974513e-01 3.0000000000e+02 -2.0761330535e-06 2.4734527447e-13 2.0761324838e-06 2.0761330533e-06 -2.5312633236e-13 -2.4732527447e-13 -2.0761324838e-06 -6.9026297687e-14
d  3.2406748866e-03 2.2684723072e+00 -2.0000000000e-01 6.2422072704e-01 3.0000000000e+02 -2.0807363370e-06 2.4624159787e-13 2.0807357568e-06 2.0807363368e-06 -2.6478991791e-13 -2.4622159785e-13 -2.0807357569e-06 -6.8937094889e-14
d  3.2435460818e-03 2.2704821437e+00 -2.0000000000e-01 6.2587861916e-01 3.0000000000e+02 -2.0862626593e-06 2.4458458817e-13 2.0862620639e-06 2.0862626591e-06 -2.8176079998e-13 -2.4456458817e-13 -2.0862620639e-06 -6.8810635279e-14
d  3.2469915161e-03 2.2728939476e+00 -2.0000000000e-01 6.2786911395e-01 3.0000000000e+02 -2.0928976648e-06 2.4205353233e-13 2.0928970465e-06 2.0928976647e-06 -3.0738567175e-13 -2.4203353226e-13 -2.0928970466e-06 -6.8627319356e-14
d  3.2490587767e-03 2.2743410300e+00 -2.0000000000e-01 6.2906394533e-01 3.0000000000e+02 -2.0968804528e-06 2.4022467689e-13 2.0968798178e-06 2.0968804526e-06 -3.2609040240e-13 -2.4020467686e-13 -2.0968798178e-06 -6.8499951758e-14
d  3.2515394894e-03 2.2760775288e+00 -2.0000000000e-01 6.3049827038e-01 3.0000000000e+02 -2.1016615600e-06 2.3771170951e-13 2.1016609013e-06 2.1016615598e-06 -3.5243852750e-13 -2.3769170950e-13 -2.1016609013e-06 -6.8328261067e-14
d  3.2545163447e-03 2.2781613274e+00 -2.0000000000e-01 6.3222021753e-01 3.0000000000e+02 -2.1074014182e-06 2.3419992394e-13 2.1074007251e-06 2.1074014180e-06 -3.9056600597e-13 -2.3417992391e-13 -2.1074007252e-06 -6.8093446044e-14
d  3.2580885710e-03 2.2806618856e+00 -2.0000000000e-01 6.3428764048e-01 3.0000000000e+02 -2.1142928796e-06 2.2927803608e-13 2.1142921349e-06 2.1142928793e-06 -4.4732564491e-13 -2.2925803611e-13 -2.1142921350e-06 -6.7771258849e-14
d  3.2602319067e-03 2.2821622206e+00 -2.0000000000e-01 6.3552866127e-01 3.0000000000e+02 -2.1184296527e-06 2.2594414230e-13 2.1184288710e-06 2.1184296516e-06 -4.8801021320e-13 -2.2592414390e-13 -2.1184288701e-06 -6.7557151639e-14
d  3.2628039097e-03 2.2839626226e+00 -2.0000000000e-01 6.3701844526e-01 3.0000000000e+02 -2.1233956508e-06 2.2158644227e-13 2.1233948175e-06 2.1233956506e-06 -5.4416974532e-13 -2.2156644230e-13 -2.1233948176e-06 -6.7279458528e-14
d  3.2658903132e-03 2.2861231049e+00 -2.0000000000e-01 6.3880698839e-01 3.0000000000e+02 -2.1293575340e-06 2.1584627319e-13 2.1293566280e-06 2.1293575338e-06 -6.2301280686e-13 -2.1582627321e-13 -2.1293566280e-06 -6.6917401335e-14
d  3.2695939974e-03 2.2887156838e+00 -2.0000000000e-01 6.4095439106e-01 3.0000000000e+02 -2.1365156472e-06 2.0833823950e-13 2.1365146371e-06 2.1365156441e-06 -7.3527604378e-13 -2.0831824275e-13 -2.1365146341e-06 -6.6449009432e-14
d  3.2740384185e-03 2.2918267784e+00 -2.0000000000e-01 6.4353292248e-01 3.0000000000e+02 -2.1451109025e-06 1.9860459787e-13 2.1451097416e-06 2.1451109023e-06 -8.9623402614e-13 -1.9858459792e-13 -2.1451097416e-06 -6.5848418433e-14
d  3.2793717238e-03 2.2955600919e+00 -2.0000000000e-01 6.4662952238e-01 3.0000000000e+02 -2.1554331183e-06 1.8626812528e-13 2.1554317413e-06 2.1554331180e-06 -1.1254208336e-12 -1.8624812535e-13 -2.1554317412e-06 -6.5095579402e-14
d  3.2825717069e-03 2.2978000800e+00 -2.0000000000e-01 6.4848871334e-01 3.0000000000e+02 -2.1616305674e-06 1.7875992723e-13 2.1616290447e-06 2.1616305648e-06 -1.2792227370e-12 -1.7873992998e-13 -2.1616290422e-06 -6.4642807007e-14
d  3.2864116868e-03 2.3004880657e+00 -2.0000000000e-01 6.5072095548e-01 3.0000000000e+02 -2.1690715616e-06 1.6985275098e-13 2.1690698516e-06 2.1690715614e-06 -1.4758084188e-12 -1.6983275097e-13 -2.1690698517e-06 -6.4107412194e-14
d  3.2887156746e-03 2.3021008571e+00 -2.0000000000e-01 6.5206093372e-01 3.0000000000e+02 -2.1735382724e-06 1.6465660306e-13 2.1735364458e-06 2.1735382707e-06 -1.5979317567e-12 -1.6463660548e-13 -2.1735364443e-06 -6.3797059059e-14
d  3.2914804601e-03 2.3040362069e+00 -2.0000000000e-01 6.5366953219e-01 3.0000000000e+02 -2.1789004095e-06 1.5862483418e-13 2.1788984406e-06 2.1789004093e-06 -1.7465178158e-12 -1.5860483417e-13 -2.1788984407e-06 -6.3437613909e-14
d  3.2947982026e-03 2.3063586265e+00 -2.0000000000e-01 6.5560074706e-01 3.0000000000e+02 -2.1853379635e-06 1.5177096506e-13 2.1853358235e-06 2.1853379633e-06 -1.9249246825e-12 -1.5175096505e-13 -2.1853358236e-06 -6.3030888110e-14
d  3.2967888482e-03 2.3077520783e+00 -2.0000000000e-01 6.5675994434e-01 3.0000000000e+02 -2.1892020559e-06 1.4788312773e-13 2.1891998145e-06 2.1892020557e-06 -2.0305186099e-12 -1.4786312775e-13 -2.1891998145e-06 -6.2801411617e-14
d  3.2991776228e-03 2.3094242205e+00 -2.0000000000e-01 6.5815144383e-01 3.0000000000e+02 -2.1938405070e-06 1.4346827832e-13 2.1938381461e-06 2.1938405068e-06 -2.1546597718e-12 -1.4344827826e-13 -2.1938381462e-06 -6.2541462394e-14
d  3.3020441524e-03 2.3114307911e+00 -2.0000000000e-01 6.5982190768e-01 3.0000000000e+02 -2.1994088586e-06 1.3854157966e-13 2.1994063589e-06 2.1994088584e-06 -2.2986274851e-12 -1.3852157965e-13 -2.1994063590e-06 -6.2252513119e-14
d  3.3037640701e-03 2.3126347334e+00 -2.0000000000e-01 6.6082453281e-01 3.0000000000e+02 -2.2027510225e-06 1.3578622975e-13 2.2027484427e-06 2.2027510223e-06 -2.3816899966e-12 -1.3576622976e-13 -2.2027484428e-06 -6.2091670831e-14
d  3.3058279714e-03 2.3140794643e+00 -2.0000000000e-01 6.6202802589e-01 3.0000000000e+02 -2.2067627588e-06 1.3267998562e-13 2.2067600863e-06 2.2067627586e-06 -2.4776915212e-12 -1.3265998555e-13 -2.2067600864e-06 -6.1910867804e-14
d  3.3083046529e-03 2.3158131413e+00 -2.0000000000e-01 6.6347271051e-01 3.0000000000e+02 -2.2115784802e-06 1.2923455336e-13 2.2115757017e-06 2.2115784799e-06 -2.5872357662e-12 -1.2921455334e-13 -2.2115757018e-06 -6.1711163503e-14
d  3.3097906619e-03 2.3168533475e+00 -2.0000000000e-01 6.6433977867e-01 3.0000000000e+02 -2.2144687678e-06 1.2731368694e-13 2.2144659289e-06 2.2144687676e-06 -2.6497568434e-12 -1.2729368696e-13 -2.2144659290e-06 -6.1600336251e-14
d  3.3115738726e-03 2.3181015949e+00 -2.0000000000e-01 6.6538051447e-01 3.0000000000e+02 -2.2179379567e-06 1.2514860887e-13 2.2179350482e-06 2.2179379565e-06 -2.7215532208e-12 -1.2512860886e-13 -2.2179350483e-06 -6.1475820894e-14
d  3.3137137254e-03 2.3195994918e+00 -2.0000000000e-01 6.6662976256e-01 3.0000000000e+02 -2.2221021959e-06 1.2274563897e-13 2.2220992085e-06 2.2221021957e-06 -2.8030532086e-12 -1.2272563895e-13 -2.2220992086e-06 -6.1338268673e-14
d  3.3149976371e-03 2.3204982300e+00 -2.0000000000e-01 6.6737950223e-01 3.0000000000e+02 -2.2246013732e-06 1.2140477954e-13 2.2245983408e-06 2.2246013729e-06 -2.8494585458e-12 -1.2138477956e-13 -2.2245983408e-06 -6.1261890763e-14
d  3.3165383312e-03 2.3215767158e+00 -2.0000000000e-01 6.6827937843e-01 3.0000000000e+02 -2.2276010122e-06 1.1988559682e-13 2.2275979281e-06 2.2276010119e-06 -2.9027199954e-12 -1.1986559682e-13 -2.2275979282e-06 -6.1175669023e-14
d  3.3183871641e-03 2.3228708987e+00 -2.0000000000e-01 6.6935950096e-01 3.0000000000e+02 -2.2312014793e-06 1.1819741083e-13 2.2311983365e-06 2.2312014792e-06 -2.9632275202e-12 -1.1817741051e-13 -2.2311983367e-06 -6.1080366504e-14
d  3.3206057635e-03 2.3244239182e+00 -2.0000000000e-01 6.7065603757e-01 3.0000000000e+02 -2.2355233339e-06 1.1634341519e-13 2.2355201252e-06 2.2355233337e-06 -3.0310738478e-12 -1.1632341517e-13 -2.2355201253e-06 -6.0976404848e-14
d  3.3219369232e-03 2.3253557299e+00 -2.0000000000e-01 6.7143416313e-01 3.0000000000e+02 -2.2381171229e-06 1.1531103802e-13 2.2381138771e-06 2.2381171227e-06 -3.0693088437e-12 -1.1529103803e-13 -2.2381138772e-06 -6.0918877077e-14
d  3.3235343148e-03 2.3264739040e+00 -2.0000000000e-01 6.7236811548e-01 3.0000000000e+02 -2.2412303397e-06 1.1416078351e-13 2.2412270516e-06 2.2412303395e-06 -3.1128536401e-12 -1.1414078349e-13 -2.2412270517e-06 -6.0855204823e-14
d  3.3254511847e-03 2.3278157129e+00 -2.0000000000e-01 6.7348914785e-01 3.0000000000e+02 -2.2449671620e-06 1.1289006938e-13 2.2449638262e-06 2.2449671618e-06 -3.1619037046e-12 -1.1287006937e-13 -2.2449638262e-06 -6.0785390941e-14
d  3.3277514286e-03 2.3294258835e+00 -2.0000000000e-01 6.7483480229e-01 3.0000000000e+02 -2.2494527299e-06 1.1151168445e-13 2.2494493410e-06 2.2494527298e-06 -3.2164034662e-12 -1.1149168415e-13 -2.2494493412e-06 -6.0710437282e-14
d  3.3291315749e-03 2.3303919859e+00 -2.0000000000e-01 6.7564241207e-01 3.0000000000e+02 -2.2521447922e-06 1.1076896639e-13 2.2521413736e-06 2.2521447919e-06 -3.2468922453e-12 -1.1074896638e-13 -2.2521413737e-06 -6.0670546336e-14
d  3.3307877505e-03 2.3315513088e+00 -2.0000000000e-01 6.7661173525e-01 3.0000000000e+02 -2.2553759031e-06 1.0991315853e-13 2.2553724508e-06 2.2553759029e-06 -3.2814300039e-12 -1.0989315841e-13 -2.2553724510e-06 -6.0623904905e-14
d  3.3327751612e-03 2.3329424962e+00 -2.0000000000e-01 6.7777525011e-01 3.0000000000e+02 -2.2592543237e-06 1.0899920620e-13 2.2592508337e-06 2.2592543235e-06 -3.3201240855e-12 -1.0897920611e-13 -2.2592508338e-06 -6.0576752825e-14
d  3.3339676077e-03 2.3337772087e+00 -2.0000000000e-01 6.7847352031e-01 3.0000000000e+02 -2.2615819123e-06 1.0849202764e-13 2.2615784010e-06 2.2615819121e-06 -3.3419539819e-12 -1.0847202766e-13 -2.2615784011e-06 -6.0550169518e-14
d  3.3353985434e-03 2.3347788636e+00 -2.0000000000e-01 6.7931160410e-01 3.0000000000e+02 -2.2643755493e-06 1.0791804948e-13 2.2643720137e-06 2.2643755490e-06 -3.3668672498e-12 -1.0789804944e-13 -2.2643720138e-06 -6.0520611928e-14
d  3.3371156663e-03 2.3359808496e+00 -2.0000000000e-01 6.8031753373e-01 3.0000000000e+02 -2.2677286755e-06 1.0730143953e-13 2.2677251124e-06 2.2677286755e-06 -3.3950342419e-12 -1.0728143890e-13 -2.2677251128e-06 -6.0489468237e-14
d  3.3391762137e-03 2.3374232327e+00 -2.0000000000e-01 6.8152497825e-01 3.0000000000e+02 -2.2717535214e-06 1.0661586190e-13 2.2717499275e-06 2.2717535211e-06 -3.4265190465e-12 -1.0659586189e-13 -2.2717499276e-06 -6.0455349922e-14
d  3.3404125422e-03 2.3382886626e+00 -2.0000000000e-01 6.8224961695e-01 3.0000000000e+02 -2.2741690010e-06 1.0622620557e-13 2.2741653898e-06 2.2741690008e-06 -3.4442543837e-12 -1.0620620558e-13 -2.2741653899e-06 -6.0436180198e-14
d  3.3418961363e-03 2.3393271785e+00 -2.0000000000e-01 6.8311935334e-01 3.0000000000e+02 -2.2770681421e-06 1.0580976154e-13 2.2770645111e-06 2.2770681419e-06 -3.4644784697e-12 -1.0578976152e-13 -2.2770645112e-06 -6.0416247271e-14
d  3.3436764493e-03 2.3405733975e+00 -2.0000000000e-01 6.8416328131e-01 3.0000000000e+02 -2.2805479244e-06 1.0534849861e-13 2.2805442710e-06 2.2805479241e-06 -3.4873319158e-12 -1.0532849860e-13 -2.2805442711e-06 -6.0394632911e-14
d  3.3458128249e-03 2.3420688603e+00 -2.0000000000e-01 6.8541634595e-01 3.0000000000e+02 -2.2847248315e-06 1.0485175640e-13 2.2847211532e-06 2.2847248313e-06 -3.5128806948e-12 -1.0483175637e-13 -2.2847211532e-06 -6.0372096988e-14
d  3.3470946503e-03 2.3429661380e+00 -2.0000000000e-01 6.8616837054e-01 3.0000000000e+02 -2.2872315943e-06 1.0458194389e-13 2.2872279018e-06 2.2872315941e-06 -3.5272822538e-12 -1.0456194389e-13 -2.2872279019e-06 -6.0360367222e-14
d  3.3486328407e-03 2.3440428713e+00 -2.0000000000e-01 6.8707097859e-01 3.0000000000e+02 -2.2902403039e-06 1.0428196811e-13 2.2902365953e-06 2.2902403037e-06 -3.5437207670e-12 -1.0426196805e-13 -2.2902365954e-06 -6.0347446805e-14
d  3.3504786692e-03 2.3453349512e+00 -2.0000000000e-01 6.8815436764e-01 3.0000000000e+02 -2.2938516190e-06 1.0395271000e-13 2.2938478921e-06 2.2938516188e-06 -3.5623291609e-12 -1.0393270998e-13 -2.2938478922e-06 -6.0333950686e-14
d  3.3526936634e-03 2.3468854470e+00 -2.0000000000e-01 6.8945481163e-01 3.0000000000e+02 -2.2981864528e-06 1.0360279392e-13 2.2981827054e-06 2.2981864526e-06 -3.5831911250e-12 -1.0358279390e-13 -2.2981827055e-06 -6.0320552454e-14
d  3.3540226599e-03 2.3478157446e+00 -2.0000000000e-01 6.9023527405e-01 3.0000000000e+02 -2.3007880058e-06 1.0341362507e-13 2.3007842468e-06 2.3007880056e-06 -3.5949870253e-12 -1.0339362505e-13 -2.3007842469e-06 -6.0313681239e-14
d  3.3556174558e-03 2.3489321016e+00 -2.0000000000e-01 6.9117202085e-01 3.0000000000e+02 -2.3039105084e-06 1.0320967680e-13 2.3039067362e-06 2.3039105083e-06 -3.6084917489e-12 -1.0318967660e-13 -2.3039067363e-06 -6.0306768611e-14
d  3.3575312108e-03 2.3502717300e+00 -2.0000000000e-01 6.9229639591e-01 3.0000000000e+02 -2.3076584404e-06 1.0297929057e-13 2.3076546530e-06 2.3076584402e-06 -3.6238408307e-12 -1.0295929049e-13 -2.3076546531e-06 -6.0299455035e-14
d  3.3586794638e-03 2.3510755071e+00 -2.0000000000e-01 6.9297116618e-01 3.0000000000e+02 -2.3099076833e-06 1.0285571279e-13 2.3099038873e-06 2.3099076831e-06 -3.6326278232e-12 -1.0283571280e-13 -2.3099038873e-06 -6.0295892354e-14
d  3.3600573674e-03 2.3520400396e+00 -2.0000000000e-01 6.9378103406e-01 3.0000000000e+02 -2.3126072529e-06 1.0271442042e-13 2.3126034469e-06 2.3126072527e-06 -3.6427874207e-12 -1.0269442039e-13 -2.3126034469e-06 -6.0292048243e-14
d  3.3617108517e-03 2.3531974785e+00 -2.0000000000e-01 6.9475308188e-01 3.0000000000e+02 -2.3158474239e-06 1.0257794164e-13 2.3158436063e-06 2.3158474239e-06 -3.6544677633e-12 -1.0255794104e-13 -2.3158436066e-06 -6.0289416955e-14
d  3.3636950329e-03 2.3545864053e+00 -2.0000000000e-01 6.9591983587e-01 3.0000000000e+02 -2.3197366170e-06 1.0241348651e-13 2.3197327862e-06 2.3197366170e-06 -3.6678085324e-12 -1.0239348603e-13 -2.3197327865e-06 -6.0286201562e-14
d  3.3648855416e-03 2.3554197613e+00 -2.0000000000e-01 6.9662004341e-01 3.0000000000e+02 -2.3220706497e-06 1.0233207073e-13 2.3220668114e-06 2.3220706495e-06 -3.6754811210e-12 -1.0231207074e-13 -2.3220668114e-06 -6.0285306751e-14
d  3.3663141520e-03 2.3564197886e+00 -2.0000000000e-01 6.9746044702e-01 3.0000000000e+02 -2.3248720039e-06 1.0221310634e-13 2.3248681567e-06 2.3248720037e-06 -3.6843861784e-12 -1.0219310633e-13 -2.3248681568e-06 -6.0283000421e-14
d  3.3680284846e-03 2.3576198213e+00 -2.0000000000e-01 6.9846915159e-01 3.0000000000e+02 -2.3282343627e-06 1.0211386667e-13 2.3282305053e-06 2.3282343624e-06 -3.6946745377e-12 -1.0209386666e-13 -2.3282305054e-06 -6.0282747205e-14
d  3.3700856836e-03 2.3590598606e+00 -2.0000000000e-01 6.9967991356e-01 3.0000000000e+02 -2.3322702476e-06 1.0200274019e-13 2.3322663785e-06 2.3322702474e-06 -3.7064969477e-12 -1.0198274017e-13 -2.3322663786e-06 -6.0282932836e-14
d  3.3713200030e-03 2.3599238841e+00 -2.0000000000e-01 7.0040653616e-01 3.0000000000e+02 -2.3346923297e-06 1.0194477375e-13 2.3346884539e-06 2.3346923295e-06 -3.7133337732e-12 -1.0192477376e-13 -2.3346884539e-06 -6.0283556432e-14
d  3.3728011864e-03 2.3609607124e+00 -2.0000000000e-01 7.0127864672e-01 3.0000000000e+02 -2.3375993728e-06 1.0187850704e-13 2.3375954891e-06 2.3375993726e-06 -3.7213062439e-12 -1.0185850701e-13 -2.3375954892e-06 -6.0284497403e-14
d  3.3745786063e-03 2.3622049063e+00 -2.0000000000e-01 7.0232541424e-01 3.0000000000e+02 -2.3410886071e-06 1.0180805406e-13 2.3410847141e-06 2.3410886069e-06 -3.7305679316e-12 -1.0178805404e-13 -2.3410847142e-06 -6.0286157120e-14
d  3.3767115103e-03 2.3636979390e+00 -2.0000000000e-01 7.0358187284e-01 3.0000000000e+02 -2.3452768131e-06 1.0173590441e-13 2.3452729095e-06 2.3452768128e-06 -3.7412834893e-12 -1.0171590438e-13 -2.3452729096e-06 -6.0288882681e-14
d  3.3779912527e-03 2.3645937587e+00 -2.0000000000e-01 7.0433592444e-01 3.0000000000e+02 -2.3477903246e-06 1.0169812615e-13 2.3477864148e-06 2.3477903244e-06 -3.7475182834e-12 -1.0167812615e-13 -2.3477864149e-06 -6.0290838210e-14
d  3.3795269436e-03 2.3656687422e+00 -2.0000000000e-01 7.0524096072e-01 3.0000000000e+02 -2.3508071195e-06 1.0165907293e-13 2.3508032024e-06 2.3508071193e-06 -3.7548254245e-12 -1.0163907285e-13 -2.3508032025e-06 -6.0293556447e-14
d  3.3813697726e-03 2.3669587225e+00 -2.0000000000e-01 7.0632725487e-01 3.0000000000e+02 -2.3544281085e-06 1.0161383586e-13 2.3544241829e-06 2.3544281082e-06 -3.7633647311e-12 -1.0159383583e-13 -2.3544241830e-06 -6.0296904748e-14
d  3.3835811674e-03 2.3685066988e+00 -2.0000000000e-01 7.0763116782e-01 3.0000000000e+02 -2.3587744949e-06 1.0157069866e-13 2.3587705594e-06 2.3587744946e-06 -3.7733145590e-12 -1.0155069865e-13 -2.3587705595e-06 -6.0301572113e-14
d  3.3849080043e-03 2.3694354846e+00 -2.0000000000e-01 7.0841370376e-01 3.0000000000e+02 -2.3613829538e-06 1.0154805582e-13 2.3613790125e-06 2.3613829536e-06 -3.7791398178e-12 -1.0152805580e-13 -2.3613790126e-06 -6.0304557635e-14
d  3.3865002086e-03 2.3705500275e+00 -2.0000000000e-01 7.0935293281e-01 3.0000000000e+02 -2.3645137241e-06 1.0153351096e-13 2.3645097760e-06 2.3645137240e-06 -3.7860012358e-12 -1.0151351073e-13 -2.3645097762e-06 -6.0308893464e-14
d  3.3884108538e-03 2.3718874790e+00 -2.0000000000e-01 7.1048027489e-01 3.0000000000e+02 -2.3682715391e-06 1.0150486852e-13 2.3682675830e-06 2.3682715389e-06 -3.7940655792e-12 -1.0148486845e-13 -2.3682675831e-06 -6.0313409941e-14
d  3.3895572408e-03 2.3726899500e+00 -2.0000000000e-01 7.1115681975e-01 3.0000000000e+02 -2.3705266934e-06 1.0149298829e-13 2.3705227325e-06 2.3705266932e-06 -3.7988216680e-12 -1.0147298831e-13 -2.3705227326e-06 -6.0316426229e-14
d  3.3909329053e-03 2.3736529151e+00 -2.0000000000e-01 7.1196881156e-01 3.0000000000e+02 -2.3732333384e-06 1.0147794452e-13 2.3732293719e-06 2.3732333382e-06 -3.8044542242e-12 -1.0145794449e-13 -2.3732293719e-06 -6.0319995419e-14
d  3.3925837027e-03 2.3748084732e+00 -2.0000000000e-01 7.1294340019e-01 3.0000000000e+02 -2.3764819738e-06 1.0148095894e-13 2.3764780006e-06 2.3764819738e-06 -3.8111151505e-12 -1.0146095834e-13 -2.3764780009e-06 -6.0325542867e-14
d  3.3945646596e-03 2.3761951429e+00 -2.0000000000e-01 7.1411319178e-01 3.0000000000e+02 -2.3803812870e-06 1.0146801554e-13 2.3803773059e-06 2.3803812869e-06 -3.8189783796e-12 -1.0144801518e-13 -2.3803773062e-06 -6.0331185460e-14
d  3.3957532338e-03 2.3770271448e+00 -2.0000000000e-01 7.1481521629e-01 3.0000000000e+02 -2.3827213733e-06 1.0146532199e-13 2.3827173876e-06 2.3827213731e-06 -3.8236333671e-12 -1.0144532200e-13 -2.3827173877e-06 -6.0334890682e-14
d  3.3971795227e-03 2.3780255470e+00 -2.0000000000e-01 7.1565779584e-01 3.0000000000e+02 -2.3855299774e-06 1.0144613052e-13 2.3855259861e-06 2.3855299771e-06 -3.8291621827e-12 -1.0142613051e-13 -2.3855259862e-06 -6.0338463585e-14
d  3.3988910695e-03 2.3792236297e+00 -2.0000000000e-01 7.1666910309e-01 3.0000000000e+02 -2.3889010081e-06 1.0144799679e-13 2.3888970103e-06 2.3889010079e-06 -3.8357228530e-12 -1.0142799678e-13 -2.3888970104e-06 -6.0344049644e-14
d  3.4009449256e-03 2.3806613289e+00 -2.0000000000e-01 7.1788297737e-01 3.0000000000e+02 -2.3929472635e-06 1.0144844468e-13 2.3929432579e-06 2.3929472632e-06 -3.8434983767e-12 -1.0142844467e-13 -2.3929432580e-06 -6.0350723603e-14
d  3.4021772392e-03 2.3815239484e+00 -2.0000000000e-01 7.1861146178e-01 3.0000000000e+02 -2.3953755495e-06 1.0145040894e-13 2.3953715393e-06 2.3953755492e-06 -3.8481164161e-12 -1.0143040895e-13 -2.3953715393e-06 -6.0354818188e-14
d  3.4036560156e-03 2.3825590918e+00 -2.0000000000e-01 7.1948580030e-01 3.0000000000e+02 -2.3982900167e-06 1.0145369414e-13 2.3982860010e-06 2.3982900165e-06 -3.8536157073e-12 -1.0143369412e-13 -2.3982860011e-06 -6.0359747684e-14
d  3.4054305473e-03 2.3838012639e+00 -2.0000000000e-01 7.2053523253e-01 3.0000000000e+02 -2.4017881307e-06 1.0145768208e-13 2.4017841084e-06 2.4017881305e-06 -3.8601594972e-12 -1.0143768207e-13 -2.4017841085e-06 -6.0365666435e-14
d  3.4075599853e-03 2.3852918704e+00 -2.0000000000e-01 7.2179487589e-01 3.0000000000e+02 -2.4059869497e-06 1.0146613365e-13 2.4059829196e-06 2.4059869495e-06 -3.8679406341e-12 -1.0144613364e-13 -2.4059829197e-06 -6.0372971056e-14
d  3.4088376481e-03 2.3861862343e+00 -2.0000000000e-01 7.2255083157e-01 3.0000000000e+02 -2.4085068066e-06 1.0147144194e-13 2.4085027719e-06 2.4085068064e-06 -3.8725746933e-12 -1.0145144194e-13 -2.4085027720e-06 -6.0377356705e-14
d  3.4103708434e-03 2.3872594710e+00 -2.0000000000e-01 7.2345814603e-01 3.0000000000e+02 -2.4115311937e-06 1.0148205038e-13 2.4115271534e-06 2.4115311935e-06 -3.8781049509e-12 -1.0146205031e-13 -2.4115271535e-06 -6.0382869728e-14
d  3.4122106779e-03 2.3885473551e+00 -2.0000000000e-01 7.2454716437e-01 3.0000000000e+02 -2.4151612614e-06 1.0149030758e-13 2.4151572146e-06 2.4151612612e-06 -3.8847012428e-12 -1.0147030756e-13 -2.4151572147e-06 -6.0389204992e-14
d  3.4144184792e-03 2.3900928159e+00 -2.0000000000e-01 7.2585433264e-01 3.0000000000e+02 -2.4195184969e-06 1.0150477123e-13 2.4195144421e-06 2.4195184969e-06 -3.8925658837e-12 -1.0148477086e-13 -2.4195144424e-06 -6.0397064887e-14
d  3.4157431600e-03 2.3910200924e+00 -2.0000000000e-01 7.2663881454e-01 3.0000000000e+02 -2.4221334413e-06 1.0152859277e-13 2.4221293818e-06 2.4221334410e-06 -3.8972606089e-12 -1.0150859276e-13 -2.4221293819e-06 -6.0402681115e-14
d  3.4173327769e-03 2.3921328242e+00 -2.0000000000e-01 7.2758037160e-01 3.0000000000e+02 -2.4252719704e-06 1.0152623747e-13 2.4252679053e-06 2.4252719702e-06 -3.9028717101e-12 -1.0150623729e-13 -2.4252679055e-06 -6.0407550006e-14
d  3.4192403173e-03 2.3934681024e+00 -2.0000000000e-01 7.2871050157e-01 3.0000000000e+02 -2.4290390771e-06 1.0154229309e-13 2.4290350052e-06 2.4290390769e-06 -3.9095784091e-12 -1.0152229305e-13 -2.4290350053e-06 -6.0414674335e-14
d  3.4215293657e-03 2.3950704362e+00 -2.0000000000e-01 7.3006702728e-01 3.0000000000e+02 -2.4335608375e-06 1.0155971299e-13 2.4335567576e-06 2.4335608372e-06 -3.9175914960e-12 -1.0153971298e-13 -2.4335567577e-06 -6.0422868968e-14
d  3.4229027947e-03 2.3960318365e+00 -2.0000000000e-01 7.3088113558e-01 3.0000000000e+02 -2.4362745366e-06 1.0157065024e-13 2.4362704519e-06 2.4362745364e-06 -3.9223828242e-12 -1.0155065020e-13 -2.4362704520e-06 -6.0427818804e-14
d  3.4245509096e-03 2.3971855168e+00 -2.0000000000e-01 7.3185825611e-01 3.0000000000e+02 -2.4395316108e-06 1.0160229742e-13 2.4395275204e-06 2.4395316108e-06 -3.9281186326e-12 -1.0158229696e-13 -2.4395275206e-06 -6.0434876912e-14
d  3.4265286474e-03 2.3985699332e+00 -2.0000000000e-01 7.3303107463e-01 3.0000000000e+02 -2.4434410128e-06 1.0160984144e-13 2.4434369154e-06 2.4434410126e-06 -3.9349825356e-12 -1.0158984125e-13 -2.4434369156e-06 -6.0441498383e-14
d  3.4277152901e-03 2.3994005831e+00 -2.0000000000e-01 7.3373490888e-01 3.0000000000e+02 -2.4457871311e-06 1.0162052372e-13 2.4457830296e-06 2.4457871308e-06 -3.9390925786e-12 -1.0160052374e-13 -2.4457830297e-06 -6.0445833429e-14
d  3.4291392613e-03 2.4003973629e+00 -2.0000000000e-01 7.3457965145e-01 3.0000000000e+02 -2.4486029446e-06 1.0162652482e-13 2.4485988382e-06 2.4486029443e-06 -3.9440170320e-12 -1.0160652481e-13 -2.4485988382e-06 -6.0450618969e-14
d  3.4308480268e-03 2.4015934987e+00 -2.0000000000e-01 7.3559354589e-01 3.0000000000e+02 -2.4519825986e-06 1.0164531490e-13 2.4519784863e-06 2.4519825984e-06 -3.9499174375e-12 -1.0162531489e-13 -2.4519784864e-06 -6.0457051889e-14
d  3.4328985454e-03 2.4030288616e+00 -2.0000000000e-01 7.3681051148e-01 3.0000000000e+02 -2.4560391577e-06 1.0166608613e-13 2.4560350382e-06 2.4560391574e-06 -3.9569862456e-12 -1.0164608612e-13 -2.4560350383e-06 -6.0464650028e-14
d  3.4341288565e-03 2.4038900794e+00 -2.0000000000e-01 7.3754084356e-01 3.0000000000e+02 -2.4584736022e-06 1.0167877340e-13 2.4584694785e-06 2.4584736020e-06 -3.9612221174e-12 -1.0165877341e-13 -2.4584694786e-06 -6.0469211774e-14
d  3.4356052299e-03 2.4049235407e+00 -2.0000000000e-01 7.3841739320e-01 3.0000000000e+02 -2.4613954394e-06 1.0169486319e-13 2.4613913107e-06 2.4613954392e-06 -3.9663006630e-12 -1.0167486317e-13 -2.4613913108e-06 -6.0474742134e-14
d  3.4373768780e-03 2.4061636943e+00 -2.0000000000e-01 7.3946947013e-01 3.0000000000e+02 -2.4649023686e-06 1.0171258946e-13 2.4648982338e-06 2.4649023684e-06 -3.9723893850e-12 -1.0169258944e-13 -2.4648982338e-06 -6.0481274382e-14
d  3.4395028556e-03 2.4076518785e+00 -2.0000000000e-01 7.4073227371e-01 3.0000000000e+02 -2.4691117212e-06 1.0173548744e-13 2.4691075790e-06 2.4691117210e-06 -3.9796894621e-12 -1.0171548740e-13 -2.4691075791e-06 -6.0489161987e-14
d  3.4407784422e-03 2.4085447891e+00 -2.0000000000e-01 7.4149011864e-01 3.0000000000e+02 -2.4716378754e-06 1.0175408424e-13 2.4716337288e-06 2.4716378752e-06 -3.9840668279e-12 -1.0173408425e-13 -2.4716337289e-06 -6.0494187397e-14
d  3.4423091461e-03 2.4096162818e+00 -2.0000000000e-01 7.4239969354e-01 3.0000000000e+02 -2.4746697970e-06 1.0176592319e-13 2.4746656451e-06 2.4746697968e-06 -3.9893171751e-12 -1.0174592315e-13 -2.4746656452e-06 -6.0499583699e-14
d  3.4441459908e-03 2.4109020730e+00 -2.0000000000e-01 7.4349141483e-01 3.0000000000e+02 -2.4783088743e-06 1.0178604531e-13 2.4783047161e-06 2.4783088741e-06 -3.9956155716e-12 -1.0176604529e-13 -2.4783047162e-06 -6.0506404045e-14
d  3.4463502045e-03 2.4124450225e+00 -2.0000000000e-01 7.4480181289e-01 3.0000000000e+02 -2.4826768754e-06 1.0181097463e-13 2.4826727096e-06 2.4826768752e-06 -4.0031716117e-12 -1.0179097457e-13 -2.4826727097e-06 -6.0514619588e-14
d  3.4476727326e-03 2.4133707922e+00 -2.0000000000e-01 7.4558822547e-01 3.0000000000e+02 -2.4852982552e-06 1.0182688780e-13 2.4852940849e-06 2.4852982550e-06 -4.0077045991e-12 -1.0180688779e-13 -2.4852940850e-06 -6.0519594515e-14
d  3.4492597665e-03 2.4144817158e+00 -2.0000000000e-01 7.4653209223e-01 3.0000000000e+02 -2.4884444832e-06 1.0184684684e-13 2.4884403074e-06 2.4884444831e-06 -4.0131440522e-12 -1.0182684672e-13 -2.4884403076e-06 -6.0525611106e-14
d  3.4511642070e-03 2.4158148241e+00 -2.0000000000e-01 7.4766497909e-01 3.0000000000e+02 -2.4922207793e-06 1.0186559387e-13 2.4922165970e-06 2.4922207791e-06 -4.0196716711e-12 -1.0184559383e-13 -2.4922165971e-06 -6.0532506122e-14
d  3.4534495357e-03 2.4174145541e+00 -2.0000000000e-01 7.4902479784e-01 3.0000000000e+02 -2.4967535164e-06 1.0189104606e-13 2.4967493261e-06 2.4967535161e-06 -4.0275065304e-12 -1.0187104604e-13 -2.4967493262e-06 -6.0540941411e-14
d  3.4548207330e-03 2.4183743922e+00 -2.0000000000e-01 7.4984087433e-01 3.0000000000e+02 -2.4994737760e-06 1.0190638056e-13 2.4994695811e-06 2.4994737758e-06 -4.0322086050e-12 -1.0188638053e-13 -2.4994695812e-06 -6.0545993480e-14
d  3.4564661696e-03 2.4195261978e+00 -2.0000000000e-01 7.5082034911e-01 3.0000000000e+02 -2.5027386977e-06 1.0193608174e-13 2.5027344970e-06 2.5027386976e-06 -4.0378529504e-12 -1.0191608142e-13 -2.5027344972e-06 -6.0552732457e-14
d  3.4584406936e-03 2.4209083645e+00 -2.0000000000e-01 7.5199598184e-01 3.0000000000e+02 -2.5066574802e-06 1.0195169269e-13 2.5066532728e-06 2.5066574800e-06 -4.0446279376e-12 -1.0193169260e-13 -2.5066532729e-06 -6.0559597222e-14
d  3.4596254080e-03 2.4217376645e+00 -2.0000000000e-01 7.5270149883e-01 3.0000000000e+02 -2.5090092076e-06 1.0196362171e-13 2.5090049961e-06 2.5090092074e-06 -4.0486945383e-12 -1.0194362174e-13 -2.5090049962e-06 -6.0563856541e-14
d  3.4610470653e-03 2.4227328246e+00 -2.0000000000e-01 7.5354825506e-01 3.0000000000e+02 -2.5118317333e-06 1.0197621595e-13 2.5118275169e-06 2.5118317331e-06 -4.0535761177e-12 -1.0195621591e-13 -2.5118275170e-06 -6.0568867461e-14
d  3.4627530540e-03 2.4239270166e+00 -2.0000000000e-01 7.5456455788e-01 3.0000000000e+02 -2.5152194152e-06 1.0201420686e-13 2.5152151929e-06 2.5152194150e-06 -4.0594373683e-12 -1.0199420685e-13 -2.5152151930e-06 -6.0576253338e-14
d  3.4648002405e-03 2.4253600471e+00 -2.0000000000e-01 7.5578440205e-01 3.0000000000e+02 -2.5192855695e-06 1.0201638985e-13 2.5192813402e-06 2.5192855695e-06 -4.0664736603e-12 -1.0199638943e-13 -2.5192813405e-06 -6.0582483004e-14
d  3.4660285524e-03 2.4262198654e+00 -2.0000000000e-01 7.5651645531e-01 3.0000000000e+02 -2.5217257513e-06 1.0205234665e-13 2.5217215177e-06 2.5217257511e-06 -4.0706990108e-12 -1.0203234667e-13 -2.5217215178e-06 -6.0588302385e-14
d  3.4675025267e-03 2.4272516473e+00 -2.0000000000e-01 7.5739506423e-01 3.0000000000e+02 -2.5246544528e-06 1.0204695959e-13 2.5246502141e-06 2.5246544526e-06 -4.0757703319e-12 -1.0202695958e-13 -2.5246502142e-06 -6.0592351173e-14
d  3.4692712958e-03 2.4284897856e+00 -2.0000000000e-01 7.5844960338e-01 3.0000000000e+02 -2.5281695894e-06 1.0207268823e-13 2.5281653446e-06 2.5281695892e-06 -4.0818610473e-12 -1.0205268822e-13 -2.5281653447e-06 -6.0599142970e-14
d  3.4713938187e-03 2.4299755516e+00 -2.0000000000e-01 7.5971534979e-01 3.0000000000e+02 -2.5323887515e-06 1.0209768010e-13 2.5323844993e-06 2.5323887512e-06 -4.0891756268e-12 -1.0207768009e-13 -2.5323844994e-06 -6.0606920857e-14
d  3.4726673325e-03 2.4308670112e+00 -2.0000000000e-01 7.6047495411e-01 3.0000000000e+02 -2.5349207703e-06 1.0211313081e-13 2.5349165137e-06 2.5349207700e-06 -4.0935676232e-12 -1.0209313083e-13 -2.5349165138e-06 -6.0611604420e-14
d  3.4741955490e-03 2.4319367627e+00 -2.0000000000e-01 7.6138663391e-01 3.0000000000e+02 -2.5379597083e-06 1.0213150634e-13 2.5379554464e-06 2.5379597080e-06 -4.0988413677e-12 -1.0211150631e-13 -2.5379554465e-06 -6.0617210611e-14
d  3.4760294088e-03 2.4332204645e+00 -2.0000000000e-01 7.6248087232e-01 3.0000000000e+02 -2.5416071760e-06 1.0215187776e-13 2.5416029077e-06 2.5416071758e-06 -4.1051748676e-12 -1.0213187774e-13 -2.5416029078e-06 -6.0623840443e-14
d  3.4782300406e-03 2.4347609067e+00 -2.0000000000e-01 7.6379427774e-01 3.0000000000e+02 -2.5459852017e-06 1.0217810324e-13 2.5459809258e-06 2.5459852015e-06 -4.1127826825e-12 -1.0215810323e-13 -2.5459809259e-06 -6.0631866107e-14
d  3.4795504197e-03 2.4356851720e+00 -2.0000000000e-01 7.6458248786e-01 3.0000000000e+02 -2.5486125733e-06 1.0219299391e-13 2.5486082929e-06 2.5486125731e-06 -4.1173514175e-12 -1.0217299392e-13 -2.5486082929e-06 -6.0636621907e-14
d  3.4811348746e-03 2.4367942904e+00 -2.0000000000e-01 7.6552850487e-01 3.0000000000e+02 -2.5517659689e-06 1.0221485604e-13 2.5517616829e-06 2.5517659687e-06 -4.1228379643e-12 -1.0219485596e-13 -2.5517616830e-06 -6.0642565016e-14
d  3.4830362204e-03 2.4381252324e+00 -2.0000000000e-01 7.6666396224e-01 3.0000000000e+02 -2.5555508334e-06 1.0223455571e-13 2.5555465408e-06 2.5555508332e-06 -4.1294275781e-12 -1.0221455568e-13 -2.5555465409e-06 -6.0649291573e-14
d  3.4853178355e-03 2.4397223628e+00 -2.0000000000e-01 7.6802685156e-01 3.0000000000e+02 -2.5600938058e-06 1.0226128910e-13 2.5600895052e-06 2.5600938057e-06 -4.1373440431e-12 -1.0224128878e-13 -2.5600895055e-06 -6.0657533772e-14
d  3.4866868045e-03 2.4406806411e+00 -2.0000000000e-01 7.6884476305e-01 3.0000000000e+02 -2.5628201822e-06 1.0229037575e-13 2.5628158768e-06 2.5628201819e-06 -4.1420990749e-12 -1.0227037574e-13 -2.5628158769e-06 -6.0663254984e-14
d  3.4883295673e-03 2.4418305750e+00 -2.0000000000e-01 7.6982643260e-01 3.0000000000e+02 -2.5660924197e-06 1.0229893639e-13 2.5660881086e-06 2.5660924196e-06 -4.1478090584e-12 -1.0227893617e-13 -2.5660881088e-06 -6.0668523716e-14
d  3.4903008827e-03 2.4432104957e+00 -2.0000000000e-01 7.7100468863e-01 3.0000000000e+02 -2.5700199467e-06 1.0232175167e-13 2.5700156288e-06 2.5700199465e-06 -4.1546687235e-12 -1.0230175162e-13 -2.5700156289e-06 -6.0675591856e-14
d  3.4926664612e-03 2.4448664006e+00 -2.0000000000e-01 7.7241895856e-01 3.0000000000e+02 -2.5747341881e-06 1.0234704565e-13 2.5747298618e-06 2.5747341881e-06 -4.1629108696e-12 -1.0232704530e-13 -2.5747298621e-06 -6.0683925339e-14
d  3.4940858083e-03 2.4458599435e+00 -2.0000000000e-01 7.7326771011e-01 3.0000000000e+02 -2.5775633649e-06 1.0237869511e-13 2.5775590337e-06 2.5775633647e-06 -4.1678623635e-12 -1.0235869506e-13 -2.5775590338e-06 -6.0689912976e-14
d  3.4957890248e-03 2.4470521950e+00 -2.0000000000e-01 7.7428639928e-01 3.0000000000e+02 -2.5809590015e-06 1.0239747956e-13 2.5809546643e-06 2.5809590015e-06 -4.1738091800e-12 -1.0237747901e-13 -2.5809546646e-06 -6.0695930654e-14
d  3.4978328845e-03 2.4484828968e+00 -2.0000000000e-01 7.7550909586e-01 3.0000000000e+02 -2.5850346639e-06 1.0241532249e-13 2.5850303195e-06 2.5850346638e-06 -4.1809537886e-12 -1.0239532230e-13 -2.5850303197e-06 -6.0702867186e-14
d  3.4990592004e-03 2.4493413178e+00 -2.0000000000e-01 7.7624285472e-01 3.0000000000e+02 -2.5874805311e-06 1.0242716835e-13 2.5874761824e-06 2.5874805308e-06 -4.1852452263e-12 -1.0240716838e-13 -2.5874761825e-06 -6.0707088497e-14
d  3.5005307795e-03 2.4503714231e+00 -2.0000000000e-01 7.7712350425e-01 3.0000000000e+02 -2.5904160347e-06 1.0243668568e-13 2.5904116808e-06 2.5904160344e-06 -4.1903994461e-12 -1.0241668567e-13 -2.5904116809e-06 -6.0711848499e-14
d  3.5022966743e-03 2.4516075495e+00 -2.0000000000e-01 7.7818048339e-01 3.0000000000e+02 -2.5939393047e-06 1.0245942948e-13 2.5939349446e-06 2.5939393045e-06 -4.1965916467e-12 -1.0243942947e-13 -2.5939349447e-06 -6.0718243857e-14
d  3.5044157482e-03 2.4530909011e+00 -2.0000000000e-01 7.7944914567e-01 3.0000000000e+02 -2.5981681865e-06 1.0248448383e-13 2.5981638189e-06 2.5981681862e-06 -4.2040319955e-12 -1.0246448382e-13 -2.5981638190e-06 -6.0725777956e-14
d  3.5056871925e-03 2.4539809120e+00 -2.0000000000e-01 7.8021049310e-01 3.0000000000e+02 -2.6007060157e-06 1.0249944344e-13 2.6007016437e-06 2.6007060155e-06 -4.2085013766e-12 -1.0247944347e-13 -2.6007016437e-06 -6.0730278467e-14
d  3.5072129257e-03 2.4550489252e+00 -2.0000000000e-01 7.8112425830e-01 3.0000000000e+02 -2.6037519051e-06 1.0251822450e-13 2.6037475277e-06 2.6037519049e-06 -4.2138698547e-12 -1.0249822449e-13 -2.6037475277e-06 -6.0735726320e-14
d  3.5090438054e-03 2.4563305410e+00 -2.0000000000e-01 7.8222098424e-01 3.0000000000e+02 -2.6074076647e-06 1.0253794209e-13 2.6074032808e-06 2.6074076645e-06 -4.2203192376e-12 -1.0251794208e-13 -2.6074032809e-06 -6.0741891746e-14
d  3.5112408612e-03 2.4578684799e+00 -2.0000000000e-01 7.8353736473e-01 3.0000000000e+02 -2.6117956074e-06 1.0256460301e-13 2.6117912158e-06 2.6117956072e-06 -4.2280699592e-12 -1.0254460297e-13 -2.6117912159e-06 -6.0749847008e-14
d  3.5125590947e-03 2.4587912433e+00 -2.0000000000e-01 7.8432735305e-01 3.0000000000e+02 -2.6144289065e-06 1.0258360396e-13 2.6144245102e-06 2.6144289063e-06 -4.2327262876e-12 -1.0256360397e-13 -2.6144245102e-06 -6.0754662798e-14
d  3.5141409748e-03 2.4598985594e+00 -2.0000000000e-01 7.8527549716e-01 3.0000000000e+02 -2.6175893925e-06 1.0259905545e-13 2.6175849905e-06 2.6175893923e-06 -4.2383195331e-12 -1.0257905540e-13 -2.6175849906e-06 -6.0760030948e-14
d  3.5160392310e-03 2.4612273386e+00 -2.0000000000e-01 7.8641349734e-01 3.0000000000e+02 -2.6213827332e-06 1.0262071326e-13 2.6213783245e-06 2.6213827330e-06 -4.2450401481e-12 -1.0260071323e-13 -2.6213783246e-06 -6.0766651377e-14
d  3.5183171384e-03 2.4628218737e+00 -2.0000000000e-01 7.8777942410e-01 3.0000000000e+02 -2.6259358305e-06 1.0264769580e-13 2.6259314137e-06 2.6259358303e-06 -4.2531174598e-12 -1.0262769577e-13 -2.6259314138e-06 -6.0774640187e-14
d  3.5196838828e-03 2.4637785948e+00 -2.0000000000e-01 7.8859915076e-01 3.0000000000e+02 -2.6286682576e-06 1.0266419297e-13 2.6286638359e-06 2.6286682573e-06 -4.2579704867e-12 -1.0264419297e-13 -2.6286638360e-06 -6.0779440242e-14
d  3.5213239762e-03 2.4649266601e+00 -2.0000000000e-01 7.8958299134e-01 3.0000000000e+02 -2.6319477321e-06 1.0268700759e-13 2.6319433045e-06 2.6319477319e-06 -4.2638008515e-12 -1.0266700745e-13 -2.6319433046e-06 -6.0785378447e-14
d  3.5232920882e-03 2.4663043384e+00 -2.0000000000e-01 7.9076384236e-01 3.0000000000e+02 -2.6358839091e-06 1.0270687195e-13 2.6358794745e-06 2.6358839089e-06 -4.2708067464e-12 -1.0268687191e-13 -2.6358794746e-06 -6.0792039799e-14
d  3.5256538226e-03 2.4679575524e+00 -2.0000000000e-01 7.9218121162e-01 3.0000000000e+02 -2.6406084818e-06 1.0273331445e-13 2.6406040387e-06 2.6406084815e-06 -4.2792281470e-12 -1.0271331444e-13 -2.6406040388e-06 -6.0800171881e-14
d  3.5270708632e-03 2.4689494808e+00 -2.0000000000e-01 7.9303181502e-01 3.0000000000e+02 -2.6434438315e-06 1.0274926877e-13 2.6434393834e-06 2.6434438313e-06 -4.2842884946e-12 -1.0272926875e-13 -2.6434393835e-06 -6.0805044335e-14
d  3.5287713120e-03 2.4701397949e+00 -2.0000000000e-01 7.9405271874e-01 3.0000000000e+02 -2.6468468501e-06 1.0278196327e-13 2.6468423958e-06 2.6468468500e-06 -4.2903688137e-12 -1.0276196289e-13 -2.6468423960e-06 -6.0811705026e-14
d  3.5308118505e-03 2.4715681718e+00 -2.0000000000e-01 7.9527806136e-01 3.0000000000e+02 -2.6509313328e-06 1.0279842962e-13 2.6509268712e-06 2.6509313326e-06 -4.2976753971e-12 -1.0277842954e-13 -2.6509268713e-06 -6.0818309087e-14
d  3.5320361736e-03 2.4724251979e+00 -2.0000000000e-01 7.9601340186e-01 3.0000000000e+02 -2.6533824722e-06 1.0280937667e-13 2.6533780062e-06 2.6533824719e-06 -4.3020652669e-12 -1.0278937671e-13 -2.6533780063e-06 -6.0822327248e-14
d  3.5335053613e-03 2.4734536293e+00 -2.0000000000e-01 7.9689594378e-01 3.0000000000e+02 -2.6563242839e-06 1.0282307935e-13 2.6563198126e-06 2.6563242837e-06 -4.3073389907e-12 -1.0280307931e-13 -2.6563198127e-06 -6.0827178487e-14
d  3.5352683866e-03 2.4746877469e+00 -2.0000000000e-01 7.9795518593e-01 3.0000000000e+02 -2.6598550974e-06 1.0286408940e-13 2.6598506198e-06 2.6598550972e-06 -4.3136766860e-12 -1.0284408940e-13 -2.6598506199e-06 -6.0834485729e-14
d  3.5373840169e-03 2.4761686881e+00 -2.0000000000e-01 7.9922655248e-01 3.0000000000e+02 -2.6640929936e-06 1.0286447158e-13 2.6640885082e-06 2.6640929935e-06 -4.3212926504e-12 -1.0284447119e-13 -2.6640885086e-06 -6.0840291563e-14
d  3.5386533952e-03 2.4770572528e+00 -2.0000000000e-01 7.9998951659e-01 3.0000000000e+02 -2.6666362119e-06 1.0290034862e-13 2.6666317220e-06 2.6666362116e-06 -4.3258700436e-12 -1.0288034865e-13 -2.6666317220e-06 -6.0845919083e-14
d  3.5401766490e-03 2.4781235304e+00 -2.0000000000e-01 8.0090521582e-01 3.0000000000e+02 -2.6696885481e-06 1.0289716650e-13 2.6696840527e-06 2.6696885479e-06 -4.3313679095e-12 -1.0287716648e-13 -2.6696840528e-06 -6.0849864495e-14
d  3.5420045536e-03 2.4794030636e+00 -2.0000000000e-01 8.0200425938e-01 3.0000000000e+02 -2.6733520333e-06 1.0292309469e-13 2.6733475313e-06 2.6733520331e-06 -4.3379760687e-12 -1.0290309468e-13 -2.6733475313e-06 -6.0856389854e-14
d  3.5441980391e-03 2.4809385034e+00 -2.0000000000e-01 8.0332340539e-01 3.0000000000e+02 -2.6777491947e-06 1.0294887507e-13 2.6777446846e-06 2.6777491944e-06 -4.3459196050e-12 -1.0292887505e-13 -2.6777446847e-06 -6.0863881530e-14
d  3.5455141305e-03 2.4818597672e+00 -2.0000000000e-01 8.0411504648e-01 3.0000000000e+02 -2.6803880031e-06 1.0296449281e-13 2.6803834883e-06 2.6803880029e-06 -4.3506931093e-12 -1.0294449284e-13 -2.6803834884e-06 -6.0868375452e-14
d  3.5470934401e-03 2.4829652839e+00 -2.0000000000e-01 8.0506516746e-01 3.0000000000e+02 -2.6835550788e-06 1.0298382076e-13 2.6835505582e-06 2.6835550785e-06 -4.3564287286e-12 -1.0296382073e-13 -2.6835505583e-06 -6.0873798872e-14
d  3.5489886116e-03 2.4842919039e+00 -2.0000000000e-01 8.0620553060e-01 3.0000000000e+02 -2.6873562962e-06 1.0300455365e-13 2.6873517687e-06 2.6873562959e-06 -4.3633221813e-12 -1.0298455363e-13 -2.6873517688e-06 -6.0880148582e-14
d  3.5512628174e-03 2.4858838479e+00 -2.0000000000e-01 8.0757428366e-01 3.0000000000e+02 -2.6919188147e-06 1.0303180019e-13 2.6919142789e-06 2.6919188144e-06 -4.3716103786e-12 -1.0301180019e-13 -2.6919142789e-06 -6.0888013156e-14
d  3.5526273408e-03 2.4868390142e+00 -2.0000000000e-01 8.0839570084e-01 3.0000000000e+02 -2.6946568770e-06 1.0304704193e-13 2.6946523361e-06 2.6946568767e-06 -4.3765916404e-12 -1.0302704195e-13 -2.6946523362e-06 -6.0892614374e-14
d  3.5542647690e-03 2.4879852139e+00 -2.0000000000e-01 8.0938156308e-01 3.0000000000e+02 -2.6979430905e-06 1.0306987308e-13 2.6979385436e-06 2.6979430903e-06 -4.3825776243e-12 -1.0304987299e-13 -2.6979385437e-06 -6.0898347219e-14
d  3.5562296828e-03 2.4893606535e+00 -2.0000000000e-01 8.1056483007e-01 3.0000000000e+02 -2.7018873210e-06 1.0309001296e-13 2.7018827669e-06 2.7018873207e-06 -4.3897727609e-12 -1.0307001293e-13 -2.7018827670e-06 -6.0904801396e-14
d  3.5585875794e-03 2.4910111810e+00 -2.0000000000e-01 8.1198508419e-01 3.0000000000e+02 -2.7066215101e-06 1.0311704824e-13 2.7066169473e-06 2.7066215099e-06 -4.3984248317e-12 -1.0309704806e-13 -2.7066169475e-06 -6.0912703842e-14
d  3.5600023174e-03 2.4920014975e+00 -2.0000000000e-01 8.1283741102e-01 3.0000000000e+02 -2.7094626047e-06 1.0314048108e-13 2.7094580367e-06 2.7094626045e-06 -4.4036257397e-12 -1.0312048108e-13 -2.7094580368e-06 -6.0917870015e-14
d  3.5617000029e-03 2.4931898774e+00 -2.0000000000e-01 8.1386037548e-01 3.0000000000e+02 -2.7128724925e-06 1.0315850344e-13 2.7128679183e-06 2.7128724924e-06 -4.4098759417e-12 -1.0313850318e-13 -2.7128679185e-06 -6.0923452588e-14
d  3.5637372255e-03 2.4946159331e+00 -2.0000000000e-01 8.1508818037e-01 3.0000000000e+02 -2.7169651830e-06 1.0317981442e-13 2.7169606012e-06 2.7169651828e-06 -4.4173900843e-12 -1.0315981437e-13 -2.7169606013e-06 -6.0930121709e-14
d  3.5661818927e-03 2.4963272001e+00 -2.0000000000e-01 8.1656190186e-01 3.0000000000e+02 -2.7218775971e-06 1.0320468962e-13 2.7218730062e-06 2.7218775969e-06 -4.4264273727e-12 -1.0318468958e-13 -2.7218730063e-06 -6.0938065460e-14
d  3.5676486930e-03 2.4973539602e+00 -2.0000000000e-01 8.1744632053e-01 3.0000000000e+02 -2.7248256648e-06 1.0322374906e-13 2.7248210684e-06 2.7248256645e-06 -4.4318606561e-12 -1.0320374906e-13 -2.7248210685e-06 -6.0943069155e-14
d  3.5694088534e-03 2.4985860724e+00 -2.0000000000e-01 8.1850780646e-01 3.0000000000e+02 -2.7283639578e-06 1.0324087948e-13 2.7283593549e-06 2.7283639575e-06 -4.4383912134e-12 -1.0322087948e-13 -2.7283593550e-06 -6.0948720128e-14
d  3.5714290000e-03 2.5000001750e+00 -2.0000000000e-01 8.1972632649e-01 3.0000000000e+02 -2.7324256987e-06 1.0326519798e-13 2.7324210883e-06 2.7324256985e-06 -4.4459012561e-12 -1.0324519794e-13 -2.7324210884e-06 -6.0955476993e-14
d  3.5738531760e-03 2.5016970981e+00 -2.0000000000e-01 8.2118889344e-01 3.0000000000e+02 -2.7373009310e-06 1.0329466847e-13 2.7372963115e-06 2.7373009307e-06 -4.4549342100e-12 -1.0327466845e-13 -2.7372963116e-06 -6.0963488906e-14
d  3.5753076815e-03 2.5027152519e+00 -2.0000000000e-01 8.2206661562e-01 3.0000000000e+02 -2.7402266770e-06 1.0331035326e-13 2.7402220521e-06 2.7402266768e-06 -4.4603651508e-12 -1.0329035324e-13 -2.7402220522e-06 -6.0968293484e-14
d  3.5770530882e-03 2.5039370366e+00 -2.0000000000e-01 8.2312004691e-01 3.0000000000e+02 -2.7437381212e-06 1.0334404151e-13 2.7437334897e-06 2.7437381212e-06 -4.4668930965e-12 -1.0332404104e-13 -2.7437334900e-06 -6.0974329832e-14
d  3.5791475763e-03 2.5054031781e+00 -2.0000000000e-01 8.2438443124e-01 3.0000000000e+02 -2.7479527435e-06 1.0336204695e-13 2.7479481041e-06 2.7479527433e-06 -4.4747431656e-12 -1.0334204686e-13 -2.7479481043e-06 -6.0981336526e-14
d  3.5804042691e-03 2.5062828630e+00 -2.0000000000e-01 8.2514319550e-01 3.0000000000e+02 -2.7504819624e-06 1.0337091086e-13 2.7504773183e-06 2.7504819622e-06 -4.4794617138e-12 -1.0335091091e-13 -2.7504773184e-06 -6.0984984507e-14
d  3.5819123005e-03 2.5073384850e+00 -2.0000000000e-01 8.2605384535e-01 3.0000000000e+02 -2.7535174676e-06 1.0338513831e-13 2.7535128178e-06 2.7535174674e-06 -4.4851329708e-12 -1.0336513831e-13 -2.7535128179e-06 -6.0989748251e-14
d  3.5837219381e-03 2.5086052313e+00 -2.0000000000e-01 8.2714681596e-01 3.0000000000e+02 -2.7571607099e-06 1.0340700660e-13 2.7571560532e-06 2.7571607096e-06 -4.4919513853e-12 -1.0338700659e-13 -2.7571560533e-06 -6.0995736524e-14
d  3.5858935033e-03 2.5101253268e+00 -2.0000000000e-01 8.2845865485e-01 3.0000000000e+02 -2.7615335144e-06 1.0343231056e-13 2.7615288495e-06 2.7615335144e-06 -4.5001518893e-12 -1.0341231015e-13 -2.7615288498e-06 -6.1002851875e-14
d  3.5871964424e-03 2.5110373842e+00 -2.0000000000e-01 8.2924589294e-01 3.0000000000e+02 -2.7641576463e-06 1.0346340032e-13 2.7641529765e-06 2.7641576460e-06 -4.5050820276e-12 -1.0344340036e-13 -2.7641529765e-06 -6.1007699112e-14
d  3.5887599694e-03 2.5121318530e+00 -2.0000000000e-01 8.3019072643e-01 3.0000000000e+02 -2.7673070972e-06 1.0346059280e-13 2.7673024214e-06 2.7673070970e-06 -4.5110073324e-12 -1.0344059279e-13 -2.7673024215e-06 -6.1011893336e-14
d  3.5906362017e-03 2.5134452155e+00 -2.0000000000e-01 8.3132473007e-01 3.0000000000e+02 -2.7710871165e-06 1.0348698510e-13 2.7710824335e-06 2.7710871163e-06 -4.5181330295e-12 -1.0346698508e-13 -2.7710824336e-06 -6.1018195940e-14
d  3.5928876805e-03 2.5150212506e+00 -2.0000000000e-01 8.3268582675e-01 3.0000000000e+02 -2.7756241141e-06 1.0351343154e-13 2.7756194225e-06 2.7756241138e-06 -4.5267047512e-12 -1.0349343153e-13 -2.7756194226e-06 -6.1025538044e-14
d  3.5942385678e-03 2.5159668716e+00 -2.0000000000e-01 8.3350263749e-01 3.0000000000e+02 -2.7783468217e-06 1.0352938286e-13 2.7783421250e-06 2.7783468214e-06 -4.5318589245e-12 -1.0350938289e-13 -2.7783421250e-06 -6.1029937256e-14
d  3.5958596325e-03 2.5171016169e+00 -2.0000000000e-01 8.3448296128e-01 3.0000000000e+02 -2.7816145739e-06 1.0354946169e-13 2.7816098709e-06 2.7816145736e-06 -4.5380551392e-12 -1.0352946165e-13 -2.7816098710e-06 -6.1035268990e-14
d  3.5978049102e-03 2.5184633112e+00 -2.0000000000e-01 8.3565956673e-01 3.0000000000e+02 -2.7855365995e-06 1.0357063694e-13 2.7855318891e-06 2.7855365993e-06 -4.5455068164e-12 -1.0355063692e-13 -2.7855318892e-06 -6.1041481312e-14
d  3.6001392434e-03 2.5200973444e+00 -2.0000000000e-01 8.3707180632e-01 3.0000000000e+02 -2.7902440738e-06 1.0359818185e-13 2.7902393544e-06 2.7902440736e-06 -4.5544728415e-12 -1.0357818185e-13 -2.7902393545e-06 -6.1049089340e-14
d  3.6015398433e-03 2.5210777643e+00 -2.0000000000e-01 8.3791931477e-01 3.0000000000e+02 -2.7930691074e-06 1.0361393946e-13 2.7930643826e-06 2.7930691071e-06 -4.5598651494e-12 -1.0359393948e-13 -2.7930643826e-06 -6.1053636476e-14
d  3.6032205632e-03 2.5222542681e+00 -2.0000000000e-01 8.3893648574e-01 3.0000000000e+02 -2.7964596838e-06 1.0363797051e-13 2.7964549525e-06 2.7964596836e-06 -4.5663487057e-12 -1.0361797039e-13 -2.7964549526e-06 -6.1059300389e-14
d  3.6052374271e-03 2.5236660728e+00 -2.0000000000e-01 8.4015732206e-01 3.0000000000e+02 -2.8005291461e-06 1.0365857562e-13 2.8005244069e-06 2.8005291458e-06 -4.5741472086e-12 -1.0363857559e-13 -2.8005244070e-06 -6.1065613563e-14
d  3.6076576638e-03 2.5253602384e+00 -2.0000000000e-01 8.4162265770e-01 3.0000000000e+02 -2.8054136076e-06 1.0368584146e-13 2.8054088590e-06 2.8054136075e-06 -4.5835325595e-12 -1.0366584130e-13 -2.8054088592e-06 -6.1073327306e-14
d  3.6091098058e-03 2.5263767377e+00 -2.0000000000e-01 8.4250203058e-01 3.0000000000e+02 -2.8083448562e-06 1.0370900055e-13 2.8083401019e-06 2.8083448559e-06 -4.5891782165e-12 -1.0368900055e-13 -2.8083401020e-06 -6.1078277034e-14
d  3.6108523762e-03 2.5275965370e+00 -2.0000000000e-01 8.4355744755e-01 3.0000000000e+02 -2.8118629196e-06 1.0372974985e-13 2.8118581585e-06 2.8118629195e-06 -4.5959670954e-12 -1.0370974953e-13 -2.8118581587e-06 -6.1083832080e-14
d  3.6129434607e-03 2.5290602960e+00 -2.0000000000e-01 8.4482419610e-01 3.0000000000e+02 -2.8160854229e-06 1.0375160205e-13 2.8160806537e-06 2.8160854227e-06 -4.6041349197e-12 -1.0373160200e-13 -2.8160806538e-06 -6.1090442172e-14
d  3.6154527621e-03 2.5308168069e+00 -2.0000000000e-01 8.4634464834e-01 3.0000000000e+02 -2.8211536069e-06 1.0377571717e-13 2.8211488278e-06 2.8211536067e-06 -4.6139671516e-12 -1.0375571714e-13 -2.8211488279e-06 -6.1098115251e-14
d  3.6169583429e-03 2.5318707134e+00 -2.0000000000e-01 8.4725710611e-01 3.0000000000e+02 -2.8241951388e-06 1.0379577044e-13 2.8241903537e-06 2.8241951386e-06 -4.6198831751e-12 -1.0377577044e-13 -2.8241903538e-06 -6.1103114067e-14
d  3.6187650399e-03 2.5331354013e+00 -2.0000000000e-01 8.4835223795e-01 3.0000000000e+02 -2.8278455854e-06 1.0381362700e-13 2.8278407932e-06 2.8278455851e-06 -4.6269986086e-12 -1.0379362699e-13 -2.8278407932e-06 -6.1108639832e-14
d  3.6209330763e-03 2.5346530267e+00 -2.0000000000e-01 8.4966665839e-01 3.0000000000e+02 -2.8322269955e-06 1.0383971929e-13 2.8322221946e-06 2.8322269953e-06 -4.6355611514e-12 -1.0381971913e-13 -2.8322221948e-06 -6.1115563071e-14
d  3.6222338981e-03 2.5355636019e+00 -2.0000000000e-01 8.5045544732e-01 3.0000000000e+02 -2.8348562971e-06 1.0386186326e-13 2.8348514911e-06 2.8348562968e-06 -4.6407114538e-12 -1.0384186331e-13 -2.8348514911e-06 -6.1120084171e-14
d  3.6237948843e-03 2.5366562922e+00 -2.0000000000e-01 8.5140212931e-01 3.0000000000e+02 -2.8380119099e-06 1.0387132918e-13 2.8380070977e-06 2.8380119097e-06 -4.6469038889e-12 -1.0385132918e-13 -2.8380070978e-06 -6.1124487808e-14
d  3.6256680678e-03 2.5379675206e+00 -2.0000000000e-01 8.5253834232e-01 3.0000000000e+02 -2.8417992941e-06 1.0389479810e-13 2.8417944744e-06 2.8417992939e-06 -4.6543537282e-12 -1.0387479809e-13 -2.8417944745e-06 -6.1130500290e-14
d  3.6279158879e-03 2.5395409946e+00 -2.0000000000e-01 8.5390207758e-01 3.0000000000e+02 -2.8463450873e-06 1.0392126357e-13 2.8463402586e-06 2.8463450871e-06 -4.6633204183e-12 -1.0390126357e-13 -2.8463402587e-06 -6.1137596857e-14
d  3.6292645800e-03 2.5404850790e+00 -2.0000000000e-01 8.5472046486e-01 3.0000000000e+02 -2.8490730503e-06 1.0393693293e-13 2.8490682162e-06 2.8490730500e-06 -4.6687147014e-12 -1.0391693297e-13 -2.8490682163e-06 -6.1141832014e-14
d  3.6308830105e-03 2.5416179803e+00 -2.0000000000e-01 8.5570267399e-01 3.0000000000e+02 -2.8523470873e-06 1.0395712023e-13 2.8523422466e-06 2.8523470870e-06 -4.6752022235e-12 -1.0393712020e-13 -2.8523422467e-06 -6.1146995224e-14
d  3.6328251271e-03 2.5429774618e+00 -2.0000000000e-01 8.5688153222e-01 3.0000000000e+02 -2.8562766225e-06 1.0397856766e-13 2.8562717741e-06 2.8562766223e-06 -4.6830080720e-12 -1.0395856764e-13 -2.8562717742e-06 -6.1153003596e-14
d  3.6351556670e-03 2.5446088397e+00 -2.0000000000e-01 8.5829645976e-01 3.0000000000e+02 -2.8609930571e-06 1.0400607526e-13 2.8609881992e-06 2.8609930568e-06 -4.6924057419e-12 -1.0398607524e-13 -2.8609881993e-06 -6.1160307217e-14
d  3.6365539910e-03 2.5455876664e+00 -2.0000000000e-01 8.5914557242e-01 3.0000000000e+02 -2.8638234383e-06 1.0402361280e-13 2.8638185747e-06 2.8638234380e-06 -4.6980606210e-12 -1.0400361283e-13 -2.8638185748e-06 -6.1164767277e-14
d  3.6382319797e-03 2.5467622584e+00 -2.0000000000e-01 8.6016466473e-01 3.0000000000e+02 -2.8672204195e-06 1.0404463570e-13 2.8672155491e-06 2.8672204193e-06 -4.7048629253e-12 -1.0402463563e-13 -2.8672155492e-06 -6.1170209309e-14
d  3.6402455662e-03 2.5481717689e+00 -2.0000000000e-01 8.6138779663e-01 3.0000000000e+02 -2.8712975340e-06 1.0406651295e-13 2.8712926554e-06 2.8712975338e-06 -4.7130492792e-12 -1.0404651292e-13 -2.8712926555e-06 -6.1176337829e-14
d  3.6426618700e-03 2.5498631815e+00 -2.0000000000e-01 8.6285587257e-01 3.0000000000e+02 -2.8761911304e-06 1.0409463657e-13 2.8761862419e-06 2.8761911302e-06 -4.7229077997e-12 -1.0407463656e-13 -2.8761862420e-06 -6.1183843377e-14
d  3.6441116522e-03 2.5508780290e+00 -2.0000000000e-01 8.6373688410e-01 3.0000000000e+02 -2.8791278415e-06 1.0411118978e-13 2.8791229470e-06 2.8791278412e-06 -4.7288413251e-12 -1.0409118980e-13 -2.8791229471e-06 -6.1188315887e-14
d  3.6458513910e-03 2.5520958461e+00 -2.0000000000e-01 8.6479426250e-01 3.0000000000e+02 -2.8826524433e-06 1.0413816410e-13 2.8826475417e-06 2.8826524431e-06 -4.7359803065e-12 -1.0411816389e-13 -2.8826475419e-06 -6.1194132409e-14
d  3.6479390774e-03 2.5535572265e+00 -2.0000000000e-01 8.6606335374e-01 3.0000000000e+02 -2.8868827560e-06 1.0415934981e-13 2.8868778458e-06 2.8868827558e-06 -4.7445738060e-12 -1.0413934977e-13 -2.8868778459e-06 -6.1200435366e-14
d  3.6504443012e-03 2.5553108831e+00 -2.0000000000e-01 8.6758660163e-01 3.0000000000e+02 -2.8919602594e-06 1.0418594480e-13 2.8919553388e-06 2.8919602592e-06 -4.7549256801e-12 -1.0416594480e-13 -2.8919553389e-06 -6.1207988940e-14
d  3.6519474355e-03 2.5563630770e+00 -2.0000000000e-01 8.6850072716e-01 3.0000000000e+02 -2.8950073507e-06 1.0420300338e-13 2.8950024239e-06 2.8950073505e-06 -4.7611577862e-12 -1.0418300336e-13 -2.8950024239e-06 -6.1212585908e-14
d  3.6537511966e-03 2.5576257097e+00 -2.0000000000e-01 8.6959785241e-01 3.0000000000e+02 -2.8986644425e-06 1.0424085847e-13 2.8986595080e-06 2.8986644425e-06 -4.7686578375e-12 -1.0422085796e-13 -2.8986595084e-06 -6.1219152218e-14
d  3.6559157099e-03 2.5591408690e+00 -2.0000000000e-01 8.7091465357e-01 3.0000000000e+02 -2.9030537887e-06 1.0425887312e-13 2.9030488452e-06 2.9030537885e-06 -4.7776877462e-12 -1.0423887305e-13 -2.9030488454e-06 -6.1225353909e-14
d  3.6585131259e-03 2.5609590601e+00 -2.0000000000e-01 8.7249517533e-01 3.0000000000e+02 -2.9083222055e-06 1.0427984258e-13 2.9083172511e-06 2.9083222053e-06 -4.7885689122e-12 -1.0425984255e-13 -2.9083172512e-06 -6.1232743662e-14
d  3.6600715755e-03 2.5620499747e+00 -2.0000000000e-01 8.7344367665e-01 3.0000000000e+02 -2.9114838832e-06 1.0430144915e-13 2.9114789222e-06 2.9114838829e-06 -4.7951217888e-12 -1.0428144914e-13 -2.9114789223e-06 -6.1237712351e-14
d  3.6619417150e-03 2.5633590723e+00 -2.0000000000e-01 8.7458206424e-01 3.0000000000e+02 -2.9152785164e-06 1.0432023328e-13 2.9152735475e-06 2.9152785161e-06 -4.8030088915e-12 -1.0430023327e-13 -2.9152735476e-06 -6.1243236847e-14
d  3.6641858824e-03 2.5649299895e+00 -2.0000000000e-01 8.7594839655e-01 3.0000000000e+02 -2.9198329669e-06 1.0434757990e-13 2.9198279885e-06 2.9198329668e-06 -4.8125084126e-12 -1.0432757964e-13 -2.9198279887e-06 -6.1250144090e-14
d  3.6655323829e-03 2.5658725397e+00 -2.0000000000e-01 8.7676833557e-01 3.0000000000e+02 -2.9225661027e-06 1.0437486011e-13 2.9225611186e-06 2.9225661025e-06 -4.8182270096e-12 -1.0435486016e-13 -2.9225611186e-06 -6.1254940562e-14
d  3.6671481834e-03 2.5670036000e+00 -2.0000000000e-01 8.7775240036e-01 3.0000000000e+02 -2.9258463256e-06 1.0437977119e-13 2.9258413345e-06 2.9258463253e-06 -4.8251069974e-12 -1.0435977118e-13 -2.9258413346e-06 -6.1259001131e-14
d  3.6690871441e-03 2.5683608724e+00 -2.0000000000e-01 8.7893347634e-01 3.0000000000e+02 -2.9297832539e-06 1.0440562329e-13 2.9297782545e-06 2.9297832536e-06 -4.8333909021e-12 -1.0438562327e-13 -2.9297782546e-06 -6.1265076489e-14
d  3.6714138969e-03 2.5699895993e+00 -2.0000000000e-01 8.8035105235e-01 3.0000000000e+02 -2.9345085172e-06 1.0443347966e-13 2.9345035078e-06 2.9345085170e-06 -4.8433710864e-12 -1.0441347965e-13 -2.9345035079e-06 -6.1272161445e-14
d  3.6728099485e-03 2.5709668354e+00 -2.0000000000e-01 8.8120174678e-01 3.0000000000e+02 -2.9373441714e-06 1.0444998713e-13 2.9373391559e-06 2.9373441711e-06 -4.8493801657e-12 -1.0442998718e-13 -2.9373391560e-06 -6.1276389677e-14
d  3.6744852105e-03 2.5721395188e+00 -2.0000000000e-01 8.8222272711e-01 3.0000000000e+02 -2.9407474464e-06 1.0447162709e-13 2.9407424237e-06 2.9407474461e-06 -4.8566121616e-12 -1.0445162705e-13 -2.9407424238e-06 -6.1281570169e-14
d  3.6764955249e-03 2.5735467388e+00 -2.0000000000e-01 8.8344811480e-01 3.0000000000e+02 -2.9448320808e-06 1.0449402092e-13 2.9448270493e-06 2.9448320805e-06 -4.8653211273e-12 -1.0447402090e-13 -2.9448270494e-06 -6.1287560651e-14
d  3.6789079022e-03 2.5752354028e+00 -2.0000000000e-01 8.8491888357e-01 3.0000000000e+02 -2.9497346539e-06 1.0452277120e-13 2.9497296119e-06 2.9497346536e-06 -4.8758167106e-12 -1.0450277115e-13 -2.9497296120e-06 -6.1294848768e-14
d  3.6803553286e-03 2.5762486012e+00 -2.0000000000e-01 8.8580150342e-01 3.0000000000e+02 -2.9526767264e-06 1.0454345913e-13 2.9526716781e-06 2.9526767261e-06 -4.8821378029e-12 -1.0452345916e-13 -2.9526716782e-06 -6.1299419699e-14
d  3.6820922402e-03 2.5774644393e+00 -2.0000000000e-01 8.8686080391e-01 3.0000000000e+02 -2.9562077356e-06 1.0456321958e-13 2.9562026797e-06 2.9562077354e-06 -4.8897466467e-12 -1.0454321945e-13 -2.9562026798e-06 -6.1304592090e-14
d  3.6841765342e-03 2.5789234450e+00 -2.0000000000e-01 8.8813219328e-01 3.0000000000e+02 -2.9604457094e-06 1.0458729723e-13 2.9604406443e-06 2.9604457092e-06 -4.8989121003e-12 -1.0456729719e-13 -2.9604406444e-06 -6.1310925552e-14
d  3.6866776870e-03 2.5806742519e+00 -2.0000000000e-01 8.8965818612e-01 3.0000000000e+02 -2.9655323633e-06 1.0461588570e-13 2.9655272871e-06 2.9655323631e-06 -4.9099612661e-12 -1.0459588567e-13 -2.9655272872e-06 -6.1318371462e-14
d  3.6881783787e-03 2.5817247360e+00 -2.0000000000e-01 8.9057395090e-01 3.0000000000e+02 -2.9685849192e-06 1.0463453647e-13 2.9685798363e-06 2.9685849190e-06 -4.9166175730e-12 -1.0461453648e-13 -2.9685798364e-06 -6.1322893578e-14
d  3.6899792086e-03 2.5829853169e+00 -2.0000000000e-01 8.9167303608e-01 3.0000000000e+02 -2.9722485446e-06 1.0466457856e-13 2.9722434536e-06 2.9722485445e-06 -4.9246321462e-12 -1.0464457823e-13 -2.9722434539e-06 -6.1328817638e-14
d  3.6921402046e-03 2.5844980140e+00 -2.0000000000e-01 8.9299217819e-01 3.0000000000e+02 -2.9766456946e-06 1.0468634492e-13 2.9766405940e-06 2.9766456944e-06 -4.9342881074e-12 -1.0466634488e-13 -2.9766405941e-06 -6.1335020669e-14
d  3.6947333998e-03 2.5863132506e+00 -2.0000000000e-01 8.9457549312e-01 3.0000000000e+02 -2.9819234227e-06 1.0471124192e-13 2.9819183104e-06 2.9819234225e-06 -4.9459323888e-12 -1.0469124190e-13 -2.9819183105e-06 -6.1342377447e-14
d  3.6962893169e-03 2.5874023925e+00 -2.0000000000e-01 8.9552566197e-01 3.0000000000e+02 -2.9850906593e-06 1.0473044594e-13 2.9850855399e-06 2.9850906590e-06 -4.9529493854e-12 -1.0471044594e-13 -2.9850855400e-06 -6.1347038968e-14
d  3.6981564175e-03 2.5887093628e+00 -2.0000000000e-01 8.9666604166e-01 3.0000000000e+02 -2.9888919334e-06 1.0475224892e-13 2.9888868055e-06 2.9888919331e-06 -4.9614000807e-12 -1.0473224891e-13 -2.9888868056e-06 -6.1352530728e-14
d  3.7003969381e-03 2.5902777272e+00 -2.0000000000e-01 8.9803475217e-01 3.0000000000e+02 -2.9934543120e-06 1.0477927567e-13 2.9934491739e-06 2.9934543118e-06 -4.9715852389e-12 -1.0475927557e-13 -2.9934491741e-06 -6.1359182859e-14
d  3.7030855629e-03 2.5921597644e+00 -2.0000000000e-01 8.9967757145e-01 3.0000000000e+02 -2.9989303886e-06 1.0481484920e-13 2.9989252382e-06 2.9989303885e-06 -4.9838721824e-12 -1.0479484892e-13 -2.9989252385e-06 -6.1367349071e-14
d  3.7046987378e-03 2.5932889868e+00 -2.0000000000e-01 9.0066350524e-01 3.0000000000e+02 -3.0022168420e-06 1.0485118143e-13 3.0022116841e-06 3.0022168417e-06 -4.9912819806e-12 -1.0483118142e-13 -3.0022116842e-06 -6.1374953121e-14
d  3.7066345476e-03 2.5946440536e+00 -2.0000000000e-01 9.0184683226e-01 3.0000000000e+02 -3.0061612743e-06 1.0485664588e-13 3.0061561075e-06 3.0061612740e-06 -5.0002065408e-12 -1.0483664587e-13 -3.0061561076e-06 -6.1379669133e-14
d  3.7089575194e-03 2.5962701338e+00 -2.0000000000e-01 9.0326709575e-01 3.0000000000e+02 -3.0108954967e-06 1.0488834723e-13 3.0108903192e-06 3.0108954965e-06 -5.0109667480e-12 -1.0486834723e-13 -3.0108903193e-06 -6.1386519204e-14
d  3.7103513025e-03 2.5972457819e+00 -2.0000000000e-01 9.0411939542e-01 3.0000000000e+02 -3.0137365021e-06 1.0490495139e-13 3.0137313181e-06 3.0137365019e-06 -5.0174492395e-12 -1.0488495145e-13 -3.0137313181e-06 -6.1390595895e-14
d  3.7120238422e-03 2.5984165596e+00 -2.0000000000e-01 9.0514229498e-01 3.0000000000e+02 -3.0171461752e-06 1.0492648056e-13 3.0171409833e-06 3.0171461749e-06 -5.0252547839e-12 -1.0490648054e-13 -3.0171409834e-06 -6.1395586107e-14
d  3.7140308898e-03 2.5998214929e+00 -2.0000000000e-01 9.0636997539e-01 3.0000000000e+02 -3.0212384526e-06 1.0494941215e-13 3.0212332513e-06 3.0212384524e-06 -5.0346600793e-12 -1.0492941213e-13 -3.0212332514e-06 -6.1401381816e-14
d  3.7164393470e-03 2.6015074128e+00 -2.0000000000e-01 9.0784348087e-01 3.0000000000e+02 -3.0261501489e-06 1.0497866476e-13 3.0261449362e-06 3.0261501487e-06 -5.0460031424e-12 -1.0495866474e-13 -3.0261449363e-06 -6.1408438508e-14
d  3.7178844213e-03 2.6025189648e+00 -2.0000000000e-01 9.0872773517e-01 3.0000000000e+02 -3.0290976702e-06 1.0499617743e-13 3.0290924506e-06 3.0290976699e-06 -5.0528389710e-12 -1.0497617748e-13 -3.0290924507e-06 -6.1412660253e-14
d  3.7196185105e-03 2.6037328271e+00 -2.0000000000e-01 9.0978898953e-01 3.0000000000e+02 -3.0326351930e-06 1.0501954088e-13 3.0326299651e-06 3.0326351927e-06 -5.0610721284e-12 -1.0499954082e-13 -3.0326299652e-06 -6.1417863614e-14
d  3.7216994175e-03 2.6051894620e+00 -2.0000000000e-01 9.1106270911e-01 3.0000000000e+02 -3.0368809348e-06 1.0504299167e-13 3.0368756970e-06 3.0368809346e-06 -5.0709956469e-12 -1.0502299165e-13 -3.0368756971e-06 -6.1423818138e-14
d  3.7241965059e-03 2.6069374237e+00 -2.0000000000e-01 9.1259148048e-01 3.0000000000e+02 -3.0419768514e-06 1.0507274207e-13 3.0419716016e-06 3.0419768512e-06 -5.0829679256e-12 -1.0505274201e-13 -3.0419716017e-06 -6.1431046336e-14
d  3.7256947589e-03 2.6079862008e+00 -2.0000000000e-01 9.1350888835e-01 3.0000000000e+02 -3.0450348849e-06 1.0509768761e-13 3.0450296278e-06 3.0450348846e-06 -5.0901845383e-12 -1.0507768765e-13 -3.0450296279e-06 -6.1435197604e-14
d  3.7274926625e-03 2.6092447333e+00 -2.0000000000e-01 9.1460994994e-01 3.0000000000e+02 -3.0487050989e-06 1.0511572395e-13 3.0486998331e-06 3.0487050987e-06 -5.0988793034e-12 -1.0509572377e-13 -3.0486998333e-06 -6.1440821587e-14
d  3.7296501469e-03 2.6107549723e+00 -2.0000000000e-01 9.1593145222e-01 3.0000000000e+02 -3.0531101170e-06 1.0514168015e-13 3.0531048407e-06 3.0531101168e-06 -5.1093625376e-12 -1.0512168013e-13 -3.0531048409e-06 -6.1446884658e-14
d  3.7322391281e-03 2.6125672591e+00 -2.0000000000e-01 9.1751758290e-01 3.0000000000e+02 -3.0583972320e-06 1.0516987464e-13 3.0583919430e-06 3.0583972318e-06 -5.1220149856e-12 -1.0514987456e-13 -3.0583919431e-06 -6.1454164476e-14
d  3.7337925169e-03 2.6136546311e+00 -2.0000000000e-01 9.1846943260e-01 3.0000000000e+02 -3.0615700720e-06 1.0519275356e-13 3.0615647753e-06 3.0615700717e-06 -5.1296450260e-12 -1.0517275356e-13 -3.0615647754e-06 -6.1458883951e-14
d  3.7356565834e-03 2.6149594776e+00 -2.0000000000e-01 9.1961182145e-01 3.0000000000e+02 -3.0653780440e-06 1.0522550823e-13 3.0653727382e-06 3.0653780440e-06 -5.1388396643e-12 -1.0520550779e-13 -3.0653727385e-06 -6.1464864515e-14
d  3.7378934632e-03 2.6165252934e+00 -2.0000000000e-01 9.2098293120e-01 3.0000000000e+02 -3.0699484210e-06 1.0524839553e-13 3.0699431040e-06 3.0699484207e-06 -5.1499289991e-12 -1.0522839549e-13 -3.0699431041e-06 -6.1471031700e-14
d  3.7405777189e-03 2.6184042723e+00 -2.0000000000e-01 9.2262861208e-01 3.0000000000e+02 -3.0754340373e-06 1.0527034885e-13 3.0754287069e-06 3.0754340371e-06 -5.1633184568e-12 -1.0525034882e-13 -3.0754287070e-06 -6.1478082099e-14
d  3.7421882724e-03 2.6195316597e+00 -2.0000000000e-01 9.2361620300e-01 3.0000000000e+02 -3.0787260152e-06 1.0529297262e-13 3.0787206767e-06 3.0787260149e-06 -5.1713960913e-12 -1.0527297261e-13 -3.0787206768e-06 -6.1482874461e-14
d  3.7441209365e-03 2.6208845245e+00 -2.0000000000e-01 9.2480149226e-01 3.0000000000e+02 -3.0826769891e-06 1.0531460661e-13 3.0826716409e-06 3.0826769889e-06 -5.1811327583e-12 -1.0529460660e-13 -3.0826716410e-06 -6.1488284503e-14
d  3.7464401335e-03 2.6225079623e+00 -2.0000000000e-01 9.2622409818e-01 3.0000000000e+02 -3.0874190207e-06 1.0534363129e-13 3.0874136606e-06 3.0874190205e-06 -5.1928802615e-12 -1.0532363117e-13 -3.0874136608e-06 -6.1494951997e-14
d  3.7478316517e-03 2.6234820250e+00 -2.0000000000e-01 9.2707779697e-01 3.0000000000e+02 -3.0902646904e-06 1.0536723802e-13 3.0902593233e-06 3.0902646901e-06 -5.1999625218e-12 -1.0534723809e-13 -3.0902593233e-06 -6.1499320330e-14
d  3.7495014735e-03 2.6246509002e+00 -2.0000000000e-01 9.2810236914e-01 3.0000000000e+02 -3.0936799395e-06 1.0538001384e-13 3.0936745638e-06 3.0936799392e-06 -5.2084943142e-12 -1.0536001383e-13 -3.0936745639e-06 -6.1503611685e-14
d  3.7515052597e-03 2.6260535505e+00 -2.0000000000e-01 9.2933204776e-01 3.0000000000e+02 -3.0977788786e-06 1.0540594554e-13 3.0977734925e-06 3.0977788783e-06 -5.2187818130e-12 -1.0538594552e-13 -3.0977734926e-06 -6.1509398457e-14
d  3.7539098031e-03 2.6277367308e+00 -2.0000000000e-01 9.3080793800e-01 3.0000000000e+02 -3.1026985252e-06 1.0543582184e-13 3.1026931267e-06 3.1026985249e-06 -5.2311981106e-12 -1.0541582184e-13 -3.1026931268e-06 -6.1516254324e-14
d  3.7553525292e-03 2.6287466390e+00 -2.0000000000e-01 9.3169361200e-01 3.0000000000e+02 -3.1056507793e-06 1.0545281254e-13 3.1056453733e-06 3.1056507790e-06 -5.2386853430e-12 -1.0543281260e-13 -3.1056453734e-06 -6.1520130165e-14
d  3.7570838004e-03 2.6299585288e+00 -2.0000000000e-01 9.3275656608e-01 3.0000000000e+02 -3.1091939687e-06 1.0547671557e-13 3.1091885536e-06 3.1091939684e-06 -5.2477082464e-12 -1.0545671553e-13 -3.1091885537e-06 -6.1525350337e-14
d  3.7591613259e-03 2.6314127966e+00 -2.0000000000e-01 9.3403231587e-01 3.0000000000e+02 -3.1134464789e-06 1.0550086693e-13 3.1134410529e-06 3.1134464786e-06 -5.2585905892e-12 -1.0548086691e-13 -3.1134410530e-06 -6.1531114555e-14
d  3.7616543566e-03 2.6331579179e+00 -2.0000000000e-01 9.3556351002e-01 3.0000000000e+02 -3.1185504725e-06 1.0553169995e-13 3.1185450334e-06 3.1185504723e-06 -5.2717298805e-12 -1.0551169994e-13 -3.1185450335e-06 -6.1538175177e-14
d  3.7631501749e-03 2.6342049907e+00 -2.0000000000e-01 9.3648237942e-01 3.0000000000e+02 -3.1216133785e-06 1.0555047233e-13 3.1216079314e-06 3.1216133782e-06 -5.2796559340e-12 -1.0553047238e-13 -3.1216079315e-06 -6.1542383247e-14
d  3.7649451570e-03 2.6354614781e+00 -2.0000000000e-01 9.3758517467e-01 3.0000000000e+02 -3.1252893722e-06 1.0557604719e-13 3.1252839156e-06 3.1252893720e-06 -5.2892097663e-12 -1.0555604708e-13 -3.1252839157e-06 -6.1547665859e-14
d  3.7670991354e-03 2.6369692630e+00 -2.0000000000e-01 9.3890874759e-01 3.0000000000e+02 -3.1297012935e-06 1.0560097279e-13 3.1296958253e-06 3.1297012933e-06 -5.3007359955e-12 -1.0558097276e-13 -3.1296958254e-06 -6.1553639990e-14
d  3.7696839096e-03 2.6387786048e+00 -2.0000000000e-01 9.4049734890e-01 3.0000000000e+02 -3.1349966452e-06 1.0563152994e-13 3.1349911630e-06 3.1349966449e-06 -5.3146578010e-12 -1.0561152993e-13 -3.1349911631e-06 -6.1560826095e-14
d  3.7712347741e-03 2.6398642098e+00 -2.0000000000e-01 9.4145067330e-01 3.0000000000e+02 -3.1381744016e-06 1.0565024338e-13 3.1381689110e-06 3.1381744013e-06 -5.3230586191e-12 -1.0563024341e-13 -3.1381689111e-06 -6.1565139091e-14
d  3.7730958114e-03 2.6411669360e+00 -2.0000000000e-01 9.4259482415e-01 3.0000000000e+02 -3.1419882480e-06 1.0568328246e-13 3.1419827472e-06 3.1419882478e-06 -5.3331877652e-12 -1.0566328217e-13 -3.1419827474e-06 -6.1570959360e-14
d  3.7753290563e-03 2.6427302073e+00 -2.0000000000e-01 9.4396803752e-01 3.0000000000e+02 -3.1465656381e-06 1.0570782949e-13 3.1465601251e-06 3.1465656378e-06 -5.3454120812e-12 -1.0568782945e-13 -3.1465601252e-06 -6.1577019643e-14
d  3.7780089501e-03 2.6446061329e+00 -2.0000000000e-01 9.4561622696e-01 3.0000000000e+02 -3.1520596177e-06 1.0573460337e-13 3.1520540899e-06 3.1520596176e-06 -5.3601831473e-12 -1.0571460319e-13 -3.1520540901e-06 -6.1584104719e-14
d  3.7796168864e-03 2.6457316882e+00 -2.0000000000e-01 9.4660531479e-01 3.0000000000e+02 -3.1553565861e-06 1.0576557750e-13 3.1553510493e-06 3.1553565858e-06 -5.3691004167e-12 -1.0574557750e-13 -3.1553510494e-06 -6.1589253311e-14
d  3.7815464100e-03 2.6470823546e+00 -2.0000000000e-01 9.4779239222e-01 3.0000000000e+02 -3.1593135216e-06 1.0577585940e-13 3.1593079740e-06 3.1593135214e-06 -5.3798544067e-12 -1.0575585939e-13 -3.1593079741e-06 -6.1593790063e-14
d  3.7838618383e-03 2.6487031544e+00 -2.0000000000e-01 9.4921713230e-01 3.0000000000e+02 -3.1640626683e-06 1.0580854930e-13 3.1640571077e-06 3.1640626680e-06 -5.3928388966e-12 -1.0578854924e-13 -3.1640571078e-06 -6.1600462650e-14
d  3.7866403522e-03 2.6506481140e+00 -2.0000000000e-01 9.5092717540e-01 3.0000000000e+02 -3.1697628277e-06 1.0584593764e-13 3.1697572513e-06 3.1697628274e-06 -5.4085354421e-12 -1.0582593758e-13 -3.1697572515e-06 -6.1608341436e-14
d  3.7883074606e-03 2.6518150898e+00 -2.0000000000e-01 9.5195338672e-01 3.0000000000e+02 -3.1731835416e-06 1.0586776725e-13 3.1731779557e-06 3.1731835413e-06 -5.4180144912e-12 -1.0584776724e-13 -3.1731779558e-06 -6.1613021310e-14
d  3.7903079906e-03 2.6532154607e+00 -2.0000000000e-01 9.5318502345e-01 3.0000000000e+02 -3.1772890088e-06 1.0588891652e-13 3.1772834115e-06 3.1772890085e-06 -5.4294505605e-12 -1.0586891651e-13 -3.1772834116e-06 -6.1618322970e-14
d  3.7927086266e-03 2.6548959059e+00 -2.0000000000e-01 9.5466325058e-01 3.0000000000e+02 -3.1822164464e-06 1.0592026585e-13 3.1822108353e-06 3.1822164463e-06 -5.4432634354e-12 -1.0590026569e-13 -3.1822108355e-06 -6.1625036161e-14
d  3.7941490082e-03 2.6559041730e+00 -2.0000000000e-01 9.5555030456e-01 3.0000000000e+02 -3.1851733014e-06 1.0594407606e-13 3.1851676819e-06 3.1851733011e-06 -5.4515974571e-12 -1.0592407614e-13 -3.1851676819e-06 -6.1628571166e-14
d  3.7958774662e-03 2.6571140935e+00 -2.0000000000e-01 9.5661492301e-01 3.0000000000e+02 -3.1887220396e-06 1.0595922230e-13 3.1887164100e-06 3.1887220394e-06 -5.4616469204e-12 -1.0593922228e-13 -3.1887164101e-06 -6.1633821940e-14
d  3.7979516157e-03 2.6585659981e+00 -2.0000000000e-01 9.5789266035e-01 3.0000000000e+02 -3.1929811762e-06 1.0598644237e-13 3.1929755345e-06 3.1929811760e-06 -5.4737751401e-12 -1.0596644235e-13 -3.1929755346e-06 -6.1639370242e-14
d  3.8004405951e-03 2.6603082836e+00 -2.0000000000e-01 9.5942622654e-01 3.0000000000e+02 -3.1980930782e-06 1.0601826991e-13 3.1980874218e-06 3.1980930780e-06 -5.4884295924e-12 -1.0599826990e-13 -3.1980874219e-06 -6.1646271817e-14
d  3.8019339828e-03 2.6613536549e+00 -2.0000000000e-01 9.6034651339e-01 3.0000000000e+02 -3.2011607099e-06 1.0603715569e-13 3.2011550446e-06 3.2011607096e-06 -5.4972754472e-12 -1.0601715576e-13 -3.2011550447e-06 -6.1650391008e-14
d  3.8037260480e-03 2.6626081005e+00 -2.0000000000e-01 9.6145100258e-01 3.0000000000e+02 -3.2048423513e-06 1.0606264983e-13 3.2048366753e-06 3.2048423510e-06 -5.5079438390e-12 -1.0604264977e-13 -3.2048366754e-06 -6.1655485729e-14
d  3.8058765262e-03 2.6641134352e+00 -2.0000000000e-01 9.6277659751e-01 3.0000000000e+02 -3.2092610139e-06 1.0608847184e-13 3.2092553250e-06 3.2092610137e-06 -5.5208232359e-12 -1.0606847182e-13 -3.2092553251e-06 -6.1661292015e-14
d  3.8084571001e-03 2.6659198368e+00 -2.0000000000e-01 9.6436761006e-01 3.0000000000e+02 -3.2145644047e-06 1.0612077812e-13 3.2145587002e-06 3.2145644045e-06 -5.5363917534e-12 -1.0610077809e-13 -3.2145587003e-06 -6.1668330703e-14
d  3.8100054444e-03 2.6670036778e+00 -2.0000000000e-01 9.6532237064e-01 3.0000000000e+02 -3.2177469494e-06 1.0614105540e-13 3.2177412355e-06 3.2177469491e-06 -5.5457926253e-12 -1.0612105545e-13 -3.2177412356e-06 -6.1672488188e-14
d  3.8118634576e-03 2.6683042869e+00 -2.0000000000e-01 9.6646823442e-01 3.0000000000e+02 -3.2215665067e-06 1.0616898615e-13 3.2215607814e-06 3.2215665066e-06 -5.5571337546e-12 -1.0614898597e-13 -3.2215607816e-06 -6.1677748498e-14
d  3.8140930735e-03 2.6698650179e+00 -2.0000000000e-01 9.6784349074e-01 3.0000000000e+02 -3.2261507082e-06 1.0619585696e-13 3.2261449691e-06 3.2261507079e-06 -5.5708305453e-12 -1.0617585693e-13 -3.2261449692e-06 -6.1683726026e-14
d  3.8167686125e-03 2.6717378951e+00 -2.0000000000e-01 9.6949411848e-01 3.0000000000e+02 -3.2316528172e-06 1.0622694567e-13 3.2316470616e-06 3.2316528170e-06 -5.5873950045e-12 -1.0620694566e-13 -3.2316470617e-06 -6.1690894965e-14
d  3.8183739359e-03 2.6728616215e+00 -2.0000000000e-01 9.7048466124e-01 3.0000000000e+02 -3.2349546365e-06 1.0624753397e-13 3.2349488708e-06 3.2349546362e-06 -5.5974015114e-12 -1.0622753399e-13 -3.2349488709e-06 -6.1695243912e-14
d  3.8203003240e-03 2.6742100931e+00 -2.0000000000e-01 9.7167347662e-01 3.0000000000e+02 -3.2389173665e-06 1.0628657852e-13 3.2389115887e-06 3.2389173663e-06 -5.6094779387e-12 -1.0626657852e-13 -3.2389115888e-06 -6.1701353702e-14
d  3.8226119897e-03 2.6758282590e+00 -2.0000000000e-01 9.7310029083e-01 3.0000000000e+02 -3.2436734285e-06 1.0629889985e-13 3.2436676361e-06 3.2436734283e-06 -5.6240679060e-12 -1.0627889981e-13 -3.2436676362e-06 -6.1706570614e-14
d  3.8253859885e-03 2.6777700581e+00 -2.0000000000e-01 9.7481280644e-01 3.0000000000e+02 -3.2493818316e-06 1.0634047416e-13 3.2493760215e-06 3.2493818313e-06 -5.6417222144e-12 -1.0632047416e-13 -3.2493760216e-06 -6.1714448418e-14
d  3.8270503878e-03 2.6789351375e+00 -2.0000000000e-01 9.7584049256e-01 3.0000000000e+02 -3.2528074627e-06 1.0636001544e-13 3.2528016419e-06 3.2528074624e-06 -5.6523916430e-12 -1.0634001544e-13 -3.2528016420e-06 -6.1718830743e-14
d  3.8290476670e-03 2.6803332329e+00 -2.0000000000e-01 9.7707389053e-01 3.0000000000e+02 -3.2569188021e-06 1.0638642983e-13 3.2569129684e-06 3.2569188019e-06 -5.6652724208e-12 -1.0636642982e-13 -3.2569129685e-06 -6.1724269429e-14
d  3.8314444020e-03 2.6820109473e+00 -2.0000000000e-01 9.7855421709e-01 3.0000000000e+02 -3.2618532396e-06 1.0641757287e-13 3.2618473903e-06 3.2618532394e-06 -5.6808420462e-12 -1.0639757280e-13 -3.2618473905e-06 -6.1730699845e-14
d  3.8343204839e-03 2.6840242046e+00 -2.0000000000e-01 9.8033096894e-01 3.0000000000e+02 -3.2677757647e-06 1.0645815919e-13 3.2677698965e-06 3.2677757644e-06 -5.6996908884e-12 -1.0643815919e-13 -3.2677698966e-06 -6.1738667486e-14
d  3.8360461331e-03 2.6852321589e+00 -2.0000000000e-01 9.8139720823e-01 3.0000000000e+02 -3.2713299071e-06 1.0647768903e-13 3.2713240274e-06 3.2713299068e-06 -5.7110876805e-12 -1.0645768901e-13 -3.2713240275e-06 -6.1743138289e-14
d  3.8381169122e-03 2.6866817042e+00 -2.0000000000e-01 9.8267688107e-01 3.0000000000e+02 -3.2755954970e-06 1.0650595851e-13 3.2755896036e-06 3.2755954968e-06 -5.7248520772e-12 -1.0648595850e-13 -3.2755896037e-06 -6.1748784721e-14
d  3.8406018470e-03 2.6884211585e+00 -2.0000000000e-01 9.8421275539e-01 3.0000000000e+02 -3.2807150948e-06 1.0653834240e-13 3.2807091846e-06 3.2807150947e-06 -5.7414977441e-12 -1.0651834220e-13 -3.2807091849e-06 -6.1755461230e-14
d  3.8420928079e-03 2.6894648311e+00 -2.0000000000e-01 9.8513441948e-01 3.0000000000e+02 -3.2837873185e-06 1.0656859429e-13 3.2837813983e-06 3.2837873182e-06 -5.7515537234e-12 -1.0654859438e-13 -3.2837813983e-06 -6.1760118640e-14
d  3.8438819610e-03 2.6907172382e+00 -2.0000000000e-01 9.8624055417e-01 3.0000000000e+02 -3.2874744463e-06 1.0658012607e-13 3.2874685139e-06 3.2874744460e-06 -5.7636885415e-12 -1.0656012604e-13 -3.2874685140e-06 -6.1764191820e-14
d  3.8460289447e-03 2.6922201267e+00 -2.0000000000e-01 9.8756811361e-01 3.0000000000e+02 -3.2918996591e-06 1.0661100412e-13 3.2918937120e-06 3.2918996588e-06 -5.7783508423e-12 -1.0659100410e-13 -3.2918937121e-06 -6.1770104430e-14
d  3.8486053252e-03 2.6940235929e+00 -2.0000000000e-01 9.8916146972e-01 3.0000000000e+02 -3.2972108639e-06 1.0664530317e-13 3.2972048991e-06 3.2972108637e-06 -5.7960914036e-12 -1.0662530316e-13 -3.2972048992e-06 -6.1777036948e-14
d  3.8501511534e-03 2.6951056726e+00 -2.0000000000e-01 9.9011763197e-01 3.0000000000e+02 -3.3003980822e-06 1.0666587637e-13 3.3003921066e-06 3.3003980819e-06 -5.8068130278e-12 -1.0664587644e-13 -3.3003921066e-06 -6.1781176615e-14
d  3.8520061473e-03 2.6964041683e+00 -2.0000000000e-01 9.9126517381e-01 3.0000000000e+02 -3.3042232346e-06 1.0669440649e-13 3.3042172460e-06 3.3042232344e-06 -5.8197567003e-12 -1.0667440639e-13 -3.3042172462e-06 -6.1786390208e-14
d  3.8542321400e-03 2.6979623631e+00 -2.0000000000e-01 9.9264243552e-01 3.0000000000e+02 -3.3088141227e-06 1.0672284573e-13 3.3088081184e-06 3.3088141224e-06 -5.8354021812e-12 -1.0670284570e-13 -3.3088081185e-06 -6.1792282809e-14
d  3.8569033313e-03 2.6998321969e+00 -2.0000000000e-01 9.9429545249e-01 3.0000000000e+02 -3.3143241982e-06 1.0675712668e-13 3.3143181750e-06 3.3143241980e-06 -5.8543423794e-12 -1.0673712665e-13 -3.3143181751e-06 -6.1799326912e-14
d  3.8585060460e-03 2.7009540972e+00 -2.0000000000e-01 9.9528742092e-01 3.0000000000e+02 -3.3176307711e-06 1.0678057532e-13 3.3176247364e-06 3.3176307708e-06 -5.8657943859e-12 -1.0676057537e-13 -3.3176247365e-06 -6.1803722716e-14
d  3.8604293037e-03 2.7023003775e+00 -2.0000000000e-01 9.9647793931e-01 3.0000000000e+02 -3.3215991796e-06 1.0681248663e-13 3.3215931310e-06 3.3215991795e-06 -5.8796250696e-12 -1.0679248635e-13 -3.3215931313e-06 -6.1809222735e-14
d  3.8627372130e-03 2.7039159139e+00 -2.0000000000e-01 9.9790678584e-01 3.0000000000e+02 -3.3263620181e-06 1.0684246821e-13 3.3263559528e-06 3.3263620179e-06 -5.8963505506e-12 -1.0682246817e-13 -3.3263559529e-06 -6.1815303522e-14
d  3.8655067040e-03 2.7058545575e+00 -2.0000000000e-01 9.9962172399e-01 3.0000000000e+02 -3.3320784990e-06 1.0687371784e-13 3.3320724133e-06 3.3320784987e-06 -5.9166098361e-12 -1.0685371783e-13 -3.3320724134e-06 -6.1822298003e-14
d  3.8671683987e-03 2.7070177437e+00 -2.0000000000e-01 1.0006508553e+00 3.0000000000e+02 -3.3355089491e-06 1.0689745864e-13 3.3355028512e-06 3.3355089488e-06 -5.9288658380e-12 -1.0687745864e-13 -3.3355028513e-06 -6.1826791547e-14
d  3.8691624323e-03 2.7084135672e+00 -2.0000000000e-01 1.0018859793e+00 3.0000000000e+02 -3.3396260438e-06 1.0692430048e-13 3.3396199310e-06 3.3396260435e-06 -5.9436737362e-12 -1.0690430047e-13 -3.3396199311e-06 -6.1832075640e-14
d  3.8715552726e-03 2.7100885553e+00 -2.0000000000e-01 1.0033683659e+00 3.0000000000e+02 -3.3445673505e-06 1.0695751721e-13 3.3445612197e-06 3.3445673502e-06 -5.9615903966e-12 -1.0693751716e-13 -3.3445612198e-06 -6.1838437570e-14
d  3.8744266809e-03 2.7120985410e+00 -2.0000000000e-01 1.0051475734e+00 3.0000000000e+02 -3.3504980639e-06 1.0699956672e-13 3.3504919114e-06 3.3504980636e-06 -5.9833062574e-12 -1.0697956671e-13 -3.3504919115e-06 -6.1846245907e-14
d  3.8761495259e-03 2.7133045325e+00 -2.0000000000e-01 1.0062152587e+00 3.0000000000e+02 -3.3540570279e-06 1.0701914272e-13 3.3540508622e-06 3.3540570276e-06 -5.9964490920e-12 -1.0699914271e-13 -3.3540508623e-06 -6.1849943088e-14
d  3.8782169400e-03 2.7147517222e+00 -2.0000000000e-01 1.0074966752e+00 3.0000000000e+02 -3.3583284321e-06 1.0705094301e-13 3.3583222505e-06 3.3583284319e-06 -6.0123375220e-12 -1.0703094300e-13 -3.3583222506e-06 -6.1856330375e-14
d  3.8806978368e-03 2.7164883499e+00 -2.0000000000e-01 1.0090346294e+00 3.0000000000e+02 -3.3634549654e-06 1.0708492376e-13 3.3634487645e-06 3.3634549652e-06 -6.0315713268e-12 -1.0706492368e-13 -3.3634487647e-06 -6.1862696596e-14
d  3.8836749130e-03 2.7185723031e+00 -2.0000000000e-01 1.0108805396e+00 3.0000000000e+02 -3.3696080230e-06 1.0713004726e-13 3.3696017988e-06 3.3696080228e-06 -6.0548992281e-12 -1.0711004724e-13 -3.3696017989e-06 -6.1870809456e-14
d  3.8854611587e-03 2.7198226751e+00 -2.0000000000e-01 1.0119882765e+00 3.0000000000e+02 -3.3733004935e-06 1.0715244336e-13 3.3732942551e-06 3.3733004933e-06 -6.0690272942e-12 -1.0713244333e-13 -3.3732942552e-06 -6.1875379519e-14
d  3.8876046535e-03 2.7213231214e+00 -2.0000000000e-01 1.0133177491e+00 3.0000000000e+02 -3.3777320860e-06 1.0718342110e-13 3.3777258305e-06 3.3777320857e-06 -6.0861136910e-12 -1.0716342109e-13 -3.3777258306e-06 -6.1881108539e-14
d  3.8901768473e-03 2.7231236570e+00 -2.0000000000e-01 1.0149133868e+00 3.0000000000e+02 -3.3830508991e-06 1.0721948499e-13 3.3830446228e-06 3.3830508990e-06 -6.1068112715e-12 -1.0719948476e-13 -3.3830446231e-06 -6.1887904851e-14
d  3.8917201636e-03 2.7242039783e+00 -2.0000000000e-01 1.0158709108e+00 3.0000000000e+02 -3.3862426582e-06 1.0725418279e-13 3.3862363693e-06 3.3862426578e-06 -6.1193334689e-12 -1.0723418288e-13 -3.3862363694e-06 -6.1892770275e-14
d  3.8935721432e-03 2.7255003640e+00 -2.0000000000e-01 1.0170200791e+00 3.0000000000e+02 -3.3900732342e-06 1.0726646687e-13 3.3900669303e-06 3.3900732340e-06 -6.1344629452e-12 -1.0724646682e-13 -3.3900669304e-06 -6.1896810236e-14
d  3.8957945186e-03 2.7270560267e+00 -2.0000000000e-01 1.0183992929e+00 3.0000000000e+02 -3.3946706320e-06 1.0730277843e-13 3.3946643096e-06 3.3946706317e-06 -6.1527717200e-12 -1.0728277841e-13 -3.3946643098e-06 -6.1903298065e-14
d  3.8984613692e-03 2.7289228220e+00 -2.0000000000e-01 1.0200546430e+00 3.0000000000e+02 -3.4001884880e-06 1.0734090718e-13 3.4001821435e-06 3.4001884878e-06 -6.1749646929e-12 -1.0732090717e-13 -3.4001821436e-06 -6.1910360039e-14
d  3.9000614795e-03 2.7300428992e+00 -2.0000000000e-01 1.0210480040e+00 3.0000000000e+02 -3.4034997047e-06 1.0736415985e-13 3.4034933467e-06 3.4034997044e-06 -6.1883987081e-12 -1.0734415992e-13 -3.4034933467e-06 -6.1914566887e-14
d  3.9019816119e-03 2.7313869918e+00 -2.0000000000e-01 1.0222401857e+00 3.0000000000e+02 -3.4074736599e-06 1.0739708004e-13 3.4074672855e-06 3.4074736597e-06 -6.2046387313e-12 -1.0737707988e-13 -3.4074672857e-06 -6.1919948869e-14
d  3.9042857708e-03 2.7329999029e+00 -2.0000000000e-01 1.0236710171e+00 3.0000000000e+02 -3.4122431175e-06 1.0742969831e-13 3.4122367235e-06 3.4122431173e-06 -6.2243008795e-12 -1.0740969828e-13 -3.4122367236e-06 -6.1925984404e-14
d  3.9070507615e-03 2.7349353963e+00 -2.0000000000e-01 1.0253883212e+00 3.0000000000e+02 -3.4179674887e-06 1.0746717624e-13 3.4179610708e-06 3.4179674884e-06 -6.2481513145e-12 -1.0744717621e-13 -3.4179610709e-06 -6.1933111682e-14
d  3.9087097558e-03 2.7360966923e+00 -2.0000000000e-01 1.0264188638e+00 3.0000000000e+02 -3.4214026451e-06 1.0749491316e-13 3.4213962127e-06 3.4214026448e-06 -6.2625977952e-12 -1.0747491321e-13 -3.4213962128e-06 -6.1937698324e-14
d  3.9107005491e-03 2.7374902475e+00 -2.0000000000e-01 1.0276556731e+00 3.0000000000e+02 -3.4255253601e-06 1.0753240929e-13 3.4255189102e-06 3.4255253600e-06 -6.2800707969e-12 -1.0751240892e-13 -3.4255189105e-06 -6.1943454656e-14
d  3.9130895010e-03 2.7391625138e+00 -2.0000000000e-01 1.0291400713e+00 3.0000000000e+02 -3.4304733755e-06 1.0756694538e-13 3.4304669044e-06 3.4304733753e-06 -6.3012393287e-12 -1.0754694534e-13 -3.4304669045e-06 -6.1949714454e-14
d  3.9159562434e-03 2.7411692333e+00 -2.0000000000e-01 1.0309216763e+00 3.0000000000e+02 -3.4364120846e-06 1.0760035182e-13 3.4364055877e-06 3.4364120843e-06 -6.3269372450e-12 -1.0758035180e-13 -3.4364055879e-06 -6.1956739788e-14
d  3.9176762887e-03 2.7423732650e+00 -2.0000000000e-01 1.0319908099e+00 3.0000000000e+02 -3.4399758786e-06 1.0762877331e-13 3.4399693662e-06 3.4399758784e-06 -6.3425138514e-12 -1.0760877331e-13 -3.4399693663e-06 -6.1961442027e-14
d  3.9197403432e-03 2.7438181031e+00 -2.0000000000e-01 1.0332739384e+00 3.0000000000e+02 -3.4442529928e-06 1.0765928144e-13 3.4442464615e-06 3.4442529925e-06 -6.3613645981e-12 -1.0763928144e-13 -3.4442464616e-06 -6.1966863838e-14
d  3.9222172086e-03 2.7455519087e+00 -2.0000000000e-01 1.0348139346e+00 3.0000000000e+02 -3.4493863362e-06 1.0769795548e-13 3.4493797820e-06 3.4493863360e-06 -6.3842186496e-12 -1.0767795544e-13 -3.4493797821e-06 -6.1973486395e-14
d  3.9251894470e-03 2.7476324755e+00 -2.0000000000e-01 1.0366622772e+00 3.0000000000e+02 -3.4555475060e-06 1.0774652450e-13 3.4555409239e-06 3.4555475057e-06 -6.4119866787e-12 -1.0772652449e-13 -3.4555409240e-06 -6.1981548123e-14
d  3.9269727900e-03 2.7488808156e+00 -2.0000000000e-01 1.0377714649e+00 3.0000000000e+02 -3.4592448152e-06 1.0777245351e-13 3.4592382162e-06 3.4592448149e-06 -6.4288304092e-12 -1.0775245349e-13 -3.4592382163e-06 -6.1986204152e-14
d  3.9291128017e-03 2.7503788237e+00 -2.0000000000e-01 1.0391026702e+00 3.0000000000e+02 -3.4636821866e-06 1.0780661963e-13 3.4636755673e-06 3.4636821864e-06 -6.4492279719e-12 -1.0778661962e-13 -3.4636755674e-06 -6.1991964242e-14
d  3.9316808157e-03 2.7521764334e+00 -2.0000000000e-01 1.0407003737e+00 3.0000000000e+02 -3.4690078900e-06 1.0784715685e-13 3.4690012458e-06 3.4690078898e-06 -6.4739764838e-12 -1.0782715677e-13 -3.4690012460e-06 -6.1998798441e-14
d  3.9347624325e-03 2.7543335650e+00 -2.0000000000e-01 1.0426179886e+00 3.0000000000e+02 -3.4753999697e-06 1.0790021355e-13 3.4753932953e-06 3.4753999694e-06 -6.5040750825e-12 -1.0788021351e-13 -3.4753932955e-06 -6.2007291717e-14
d  3.9366114026e-03 2.7556278440e+00 -2.0000000000e-01 1.0437687528e+00 3.0000000000e+02 -3.4792358685e-06 1.0793039239e-13 3.4792291759e-06 3.4792358683e-06 -6.5223480874e-12 -1.0791039235e-13 -3.4792291760e-06 -6.2012324025e-14
d  3.9388301667e-03 2.7571809788e+00 -2.0000000000e-01 1.0451498643e+00 3.0000000000e+02 -3.4838395957e-06 1.0796356642e-13 3.4838328809e-06 3.4838395954e-06 -6.5444921884e-12 -1.0794356640e-13 -3.4838328810e-06 -6.2018191440e-14
d  3.9414926836e-03 2.7590447406e+00 -2.0000000000e-01 1.0468074743e+00 3.0000000000e+02 -3.4893649894e-06 1.0800709635e-13 3.4893582476e-06 3.4893649891e-06 -6.5713829809e-12 -1.0798709635e-13 -3.4893582477e-06 -6.2025354290e-14
d  3.9430901938e-03 2.7601629976e+00 -2.0000000000e-01 1.0478021832e+00 3.0000000000e+02 -3.4926807020e-06 1.0803332767e-13 3.4926739439e-06 3.4926807017e-06 -6.5876866591e-12 -1.0801332776e-13 -3.4926739440e-06 -6.2029611398e-14
d  3.9450072059e-03 2.7615049061e+00 -2.0000000000e-01 1.0489959748e+00 3.0000000000e+02 -3.4966600273e-06 1.0806831909e-13 3.4966532494e-06 3.4966600270e-06 -6.6074220191e-12 -1.0804831901e-13 -3.4966532495e-06 -6.2034954295e-14
d  3.9473076206e-03 2.7631151962e+00 -2.0000000000e-01 1.0504287275e+00 3.0000000000e+02 -3.5014358937e-06 1.0810558708e-13 3.5014290918e-06 3.5014358934e-06 -6.6313550285e-12 -1.0808558705e-13 -3.5014290919e-06 -6.2041076261e-14
d  3.9500681181e-03 2.7650475444e+00 -2.0000000000e-01 1.0521483221e+00 3.0000000000e+02 -3.5071679045e-06 1.0815053956e-13 3.5071610735e-06 3.5071679042e-06 -6.6604434403e-12 -1.0813053955e-13 -3.5071610736e-06 -6.2048421844e-14
d  3.9517244166e-03 2.7662069533e+00 -2.0000000000e-01 1.0531802296e+00 3.0000000000e+02 -3.5106076140e-06 1.0817870681e-13 3.5106007653e-06 3.5106076137e-06 -6.6780929210e-12 -1.0815870689e-13 -3.5106007654e-06 -6.2052847997e-14
d  3.9537119748e-03 2.7675982440e+00 -2.0000000000e-01 1.0544186687e+00 3.0000000000e+02 -3.5147357658e-06 1.0821895221e-13 3.5147288957e-06 3.5147357657e-06 -6.6994710774e-12 -1.0819895199e-13 -3.5147288959e-06 -6.2058608018e-14
d  3.9560970447e-03 2.7692677928e+00 -2.0000000000e-01 1.0559050115e+00 3.0000000000e+02 -3.5196902679e-06 1.0825908912e-13 3.5196833718e-06 3.5196902676e-06 -6.7254162218e-12 -1.0823908908e-13 -3.5196833719e-06 -6.2065008211e-14
d  3.9589591286e-03 2.7712712514e+00 -2.0000000000e-01 1.0576889329e+00 3.0000000000e+02 -3.5256367042e-06 1.0830310940e-13 3.5256297765e-06 3.5256367040e-06 -6.7569800785e-12 -1.0828310935e-13 -3.5256297766e-06 -6.2072418954e-14
d  3.9606763789e-03 2.7724733266e+00 -2.0000000000e-01 1.0587594477e+00 3.0000000000e+02 -3.5292051060e-06 1.0833784247e-13 3.5291981591e-06 3.5292051057e-06 -6.7761479630e-12 -1.0831784252e-13 -3.5291981592e-06 -6.2077363526e-14
d  3.9627370792e-03 2.7739158168e+00 -2.0000000000e-01 1.0600442254e+00 3.0000000000e+02 -3.5334877215e-06 1.0838444441e-13 3.5334807513e-06 3.5334877212e-06 -6.7993820176e-12 -1.0836444440e-13 -3.5334807514e-06 -6.2083593158e-14
d  3.9652099197e-03 2.7756468050e+00 -2.0000000000e-01 1.0615861900e+00 3.0000000000e+02 -3.5386276319e-06 1.0841077622e-13 3.5386206334e-06 3.5386276316e-06 -6.8276038499e-12 -1.0839077618e-13 -3.5386206336e-06 -6.2089295232e-14
d  3.9681773282e-03 2.7777239909e+00 -2.0000000000e-01 1.0634368778e+00 3.0000000000e+02 -3.5447966257e-06 1.0847022689e-13 3.5447895927e-06 3.5447966254e-06 -6.8619755535e-12 -1.0845022686e-13 -3.5447895929e-06 -6.2097763215e-14
d  3.9699577733e-03 2.7789703024e+00 -2.0000000000e-01 1.0645474626e+00 3.0000000000e+02 -3.5484985959e-06 1.0850231407e-13 3.5484915421e-06 3.5484985957e-06 -6.8828681368e-12 -1.0848231407e-13 -3.5484915422e-06 -6.2102611317e-14
d  3.9720943075e-03 2.7804658762e+00 -2.0000000000e-01 1.0658803346e+00 3.0000000000e+02 -3.5529415278e-06 1.0853974868e-13 3.5529344486e-06 3.5529415275e-06 -6.9082125806e-12 -1.0851974867e-13 -3.5529344487e-06 -6.2108370445e-14
d  3.9746581485e-03 2.7822605648e+00 -2.0000000000e-01 1.0674800254e+00 3.0000000000e+02 -3.5582738613e-06 1.0858801822e-13 3.5582667512e-06 3.5582738610e-06 -6.9390294043e-12 -1.0856801817e-13 -3.5582667513e-06 -6.2115474360e-14
d  3.9777347576e-03 2.7844141911e+00 -2.0000000000e-01 1.0694000054e+00 3.0000000000e+02 -3.5646738323e-06 1.0864854854e-13 3.5646666845e-06 3.5646738320e-06 -6.9766069874e-12 -1.0862854852e-13 -3.5646666846e-06 -6.2124143420e-14
d  3.9795807231e-03 2.7857063669e+00 -2.0000000000e-01 1.0705521767e+00 3.0000000000e+02 -3.5685144262e-06 1.0868163701e-13 3.5685072555e-06 3.5685144259e-06 -6.9994730207e-12 -1.0866163700e-13 -3.5685072557e-06 -6.2129135264e-14
d  3.9817958817e-03 2.7872569778e+00 -2.0000000000e-01 1.0719349614e+00 3.0000000000e+02 -3.5731237364e-06 1.0872437152e-13 3.5731165379e-06 3.5731237361e-06 -7.0272365160e-12 -1.0870437151e-13 -3.5731165380e-06 -6.2135251419e-14
d  3.9844540720e-03 2.7891177110e+00 -2.0000000000e-01 1.0735945617e+00 3.0000000000e+02 -3.5786557714e-06 1.0877552341e-13 3.5786485391e-06 3.5786557712e-06 -7.0610304663e-12 -1.0875552332e-13 -3.5786485393e-06 -6.2142625038e-14
d  3.9876439004e-03 2.7913505907e+00 -2.0000000000e-01 1.0755864553e+00 3.0000000000e+02 -3.5852954579e-06 1.0884237024e-13 3.5852881842e-06 3.5852954576e-06 -7.1022909555e-12 -1.0882237023e-13 -3.5852881843e-06 -6.2151813480e-14
d  3.9895577975e-03 2.7926903186e+00 -2.0000000000e-01 1.0767817863e+00 3.0000000000e+02 -3.5892799198e-06 1.0887596745e-13 3.5892726210e-06 3.5892799196e-06 -7.1274261504e-12 -1.0885596739e-13 -3.5892726211e-06 -6.2156912866e-14
d  3.9918544739e-03 2.7942979920e+00 -2.0000000000e-01 1.0782163757e+00 3.0000000000e+02 -3.5940619150e-06 1.0892530450e-13 3.5940545856e-06 3.5940619148e-06 -7.1579740587e-12 -1.0890530448e-13 -3.5940545857e-06 -6.2163567861e-14
d  3.9946104856e-03 2.7962272001e+00 -2.0000000000e-01 1.0799381592e+00 3.0000000000e+02 -3.5998012308e-06 1.0897886057e-13 3.5997938641e-06 3.5998012306e-06 -7.1952004595e-12 -1.0895886056e-13 -3.5997938642e-06 -6.2171208330e-14
d  3.9962640927e-03 2.7973847250e+00 -2.0000000000e-01 1.0809713739e+00 3.0000000000e+02 -3.6032453025e-06 1.0901300743e-13 3.6032379132e-06 3.6032453022e-06 -7.2178405935e-12 -1.0899300753e-13 -3.6032379132e-06 -6.2175913771e-14
d  3.9982484211e-03 2.7987737548e+00 -2.0000000000e-01 1.0822113744e+00 3.0000000000e+02 -3.6073786650e-06 1.0905815978e-13 3.6073712481e-06 3.6073786648e-06 -7.2453171824e-12 -1.0903815967e-13 -3.6073712483e-06 -6.2181807939e-14
d  4.0006296152e-03 2.8004405906e+00 -2.0000000000e-01 1.0836995756e+00 3.0000000000e+02 -3.6123393690e-06 1.0910678428e-13 3.6123319186e-06 3.6123393688e-06 -7.2787427200e-12 -1.0908678425e-13 -3.6123319187e-06 -6.2188406718e-14
d  4.0034870482e-03 2.8024407936e+00 -2.0000000000e-01 1.0854857130e+00 3.0000000000e+02 -3.6182932012e-06 1.0916505323e-13 3.6182857099e-06 3.6182932009e-06 -7.3195248393e-12 -1.0914505322e-13 -3.6182857101e-06 -6.2196531329e-14
d  4.0052015080e-03 2.8036409154e+00 -2.0000000000e-01 1.0865575491e+00 3.0000000000e+02 -3.6218660132e-06 1.0920236209e-13 3.6218584971e-06 3.6218660129e-06 -7.3443533021e-12 -1.0918236217e-13 -3.6218584972e-06 -6.2201478075e-14
d  4.0072588597e-03 2.8050810615e+00 -2.0000000000e-01 1.0878439043e+00 3.0000000000e+02 -3.6261538940e-06 1.0925480839e-13 3.6261463477e-06 3.6261538939e-06 -7.3745121865e-12 -1.0923480813e-13 -3.6261463480e-06 -6.2207895382e-14
d  4.0097276818e-03 2.8068092369e+00 -2.0000000000e-01 1.0893877486e+00 3.0000000000e+02 -3.6313000786e-06 1.0930835167e-13 3.6312924954e-06 3.6313000783e-06 -7.4112405641e-12 -1.0928835164e-13 -3.6312924956e-06 -6.2215013429e-14
d  4.0126902683e-03 2.8088830473e+00 -2.0000000000e-01 1.0912406738e+00 3.0000000000e+02 -3.6374765406e-06 1.0936632339e-13 3.6374689125e-06 3.6374765404e-06 -7.4561109334e-12 -1.0934632334e-13 -3.6374689127e-06 -6.2223129749e-14
d  4.0144678201e-03 2.8101273336e+00 -2.0000000000e-01 1.0923525924e+00 3.0000000000e+02 -3.6411829634e-06 1.0941294051e-13 3.6411753079e-06 3.6411829631e-06 -7.4834608664e-12 -1.0939294051e-13 -3.6411753080e-06 -6.2228737623e-14
d  4.0166008824e-03 2.8116204771e+00 -2.0000000000e-01 1.0936870562e+00 3.0000000000e+02 -3.6456312096e-06 1.0945433508e-13 3.6456235208e-06 3.6456312093e-06 -7.5167146789e-12 -1.0943433508e-13 -3.6456235209e-06 -6.2234563521e-14
d  4.0191605571e-03 2.8134122493e+00 -2.0000000000e-01 1.0952886198e+00 3.0000000000e+02 -3.6509697954e-06 1.0951331824e-13 3.6509620661e-06 3.6509697952e-06 -7.5572594688e-12 -1.0949331820e-13 -3.6509620662e-06 -6.2241480227e-14
d  4.0222321668e-03 2.8155623760e+00 -2.0000000000e-01 1.0972108488e+00 3.0000000000e+02 -3.6573772751e-06 1.0959016694e-13 3.6573694960e-06 3.6573772749e-06 -7.6068675284e-12 -1.0957016690e-13 -3.6573694962e-06 -6.2251529949e-14
d  4.0240751326e-03 2.8168524520e+00 -2.0000000000e-01 1.0983643602e+00 3.0000000000e+02 -3.6612223435e-06 1.0963390304e-13 3.6612145341e-06 3.6612223432e-06 -7.6371437056e-12 -1.0961390304e-13 -3.6612145342e-06 -6.2256879921e-14
d  4.0262866916e-03 2.8184005432e+00 -2.0000000000e-01 1.0997487458e+00 3.0000000000e+02 -3.6658369989e-06 1.0968469062e-13 3.6658291526e-06 3.6658369986e-06 -7.6739964773e-12 -1.0966469061e-13 -3.6658291527e-06 -6.2263364332e-14
d  4.0289405623e-03 2.8202582526e+00 -2.0000000000e-01 1.1014102553e+00 3.0000000000e+02 -3.6713754090e-06 1.0975056247e-13 3.6713675176e-06 3.6713754087e-06 -7.7189916701e-12 -1.0973056242e-13 -3.6713675177e-06 -6.2271437139e-14
d  4.0321252072e-03 2.8224875039e+00 -2.0000000000e-01 1.1034044211e+00 3.0000000000e+02 -3.6780226836e-06 1.0983293970e-13 3.6780147370e-06 3.6780226834e-06 -7.7741343980e-12 -1.0981293968e-13 -3.6780147371e-06 -6.2281312706e-14
d  4.0340359942e-03 2.8238250547e+00 -2.0000000000e-01 1.1046011057e+00 3.0000000000e+02 -3.6820116659e-06 1.0987955471e-13 3.6820036855e-06 3.6820116657e-06 -7.8078380904e-12 -1.0985955469e-13 -3.6820036857e-06 -6.2287054397e-14
d  4.0363289385e-03 2.8254301157e+00 -2.0000000000e-01 1.1060373127e+00 3.0000000000e+02 -3.6867990638e-06 1.0993926943e-13 3.6867910423e-06 3.6867990636e-06 -7.8489142640e-12 -1.0991926942e-13 -3.6867910424e-06 -6.2294249655e-14
d  4.0390804717e-03 2.8273561888e+00 -2.0000000000e-01 1.1077610262e+00 3.0000000000e+02 -3.6925448258e-06 1.1001082127e-13 3.6925367540e-06 3.6925448256e-06 -7.8991424137e-12 -1.0999082118e-13 -3.6925367541e-06 -6.2302804480e-14
d  4.0423823116e-03 2.8296674766e+00 -2.0000000000e-01 1.1098298592e+00 3.0000000000e+02 -3.6994409975e-06 1.1010356371e-13 3.6994328639e-06 3.6994409972e-06 -7.9608134277e-12 -1.1008356369e-13 -3.6994328640e-06 -6.2313413071e-14
d  4.0443634155e-03 2.8310542493e+00 -2.0000000000e-01 1.1110713557e+00 3.0000000000e+02 -3.7035793570e-06 1.1015362503e-13 3.7035711856e-06 3.7035793568e-06 -7.9985695518e-12 -1.1013362496e-13 -3.7035711857e-06 -6.2319437224e-14
d  4.0467407402e-03 2.8327183765e+00 -2.0000000000e-01 1.1125613457e+00 3.0000000000e+02 -3.7085460366e-06 1.1022229604e-13 3.7085378190e-06 3.7085460363e-06 -8.0446492630e-12 -1.1020229602e-13 -3.7085378191e-06 -6.2327186550e-14
d  4.0495935298e-03 2.8347153291e+00 -2.0000000000e-01 1.1143496127e+00 3.0000000000e+02 -3.7145069831e-06 1.1029945344e-13 3.7144987090e-06 3.7145069828e-06 -8.1010935272e-12 -1.1027945343e-13 -3.7144987091e-06 -6.2336153628e-14
d  4.0513052035e-03 2.8359135007e+00 -2.0000000000e-01 1.1154227186e+00 3.0000000000e+02 -3.7180840372e-06 1.1034881769e-13 3.7180757286e-06 3.7180840369e-06 -8.1355779196e-12 -1.1032881779e-13 -3.7180757286e-06 -6.2341712440e-14
d  4.0533592121e-03 2.8373513066e+00 -2.0000000000e-01 1.1167105895e+00 3.0000000000e+02 -3.7223769825e-06 1.1041318688e-13 3.7223686318e-06 3.7223769823e-06 -8.1775896955e-12 -1.1039318676e-13 -3.7223686320e-06 -6.2348692568e-14
d  4.0558240223e-03 2.8390766737e+00 -2.0000000000e-01 1.1182562415e+00 3.0000000000e+02 -3.7275292070e-06 1.1048563767e-13 3.7275208049e-06 3.7275292068e-06 -8.2289387172e-12 -1.1046563764e-13 -3.7275208050e-06 -6.2356767614e-14
d  4.0587817946e-03 2.8411471142e+00 -2.0000000000e-01 1.1201113207e+00 3.0000000000e+02 -3.7337128675e-06 1.1057111733e-13 3.7337044022e-06 3.7337128672e-06 -8.2919508107e-12 -1.1055111732e-13 -3.7337044024e-06 -6.2366355141e-14
d  4.0605564580e-03 2.8423893785e+00 -2.0000000000e-01 1.1212245233e+00 3.0000000000e+02 -3.7374235815e-06 1.1062660636e-13 3.7374150776e-06 3.7374235812e-06 -8.3305091246e-12 -1.1060660644e-13 -3.7374150777e-06 -6.2372355353e-14
d  4.0626860540e-03 2.8438800956e+00 -2.0000000000e-01 1.1225605196e+00 3.0000000000e+02 -3.7418769497e-06 1.1070219034e-13 3.7418683987e-06 3.7418769496e-06 -8.3775478686e-12 -1.1068219007e-13 -3.7418683990e-06 -6.2380101053e-14
d  4.0652415693e-03 2.8456689562e+00 -2.0000000000e-01 1.1241639352e+00 3.0000000000e+02 -3.7472217260e-06 1.1078303236e-13 3.7472131173e-06 3.7472217257e-06 -8.4351375822e-12 -1.1076303232e-13 -3.7472131175e-06 -6.2388783515e-14
d  4.0683081876e-03 2.8478155889e+00 -2.0000000000e-01 1.1260883499e+00 3.0000000000e+02 -3.7536365124e-06 1.1087401285e-13 3.7536278328e-06 3.7536365122e-06 -8.5059549073e-12 -1.1085401279e-13 -3.7536278330e-06 -6.2398820247e-14
d  4.0701481585e-03 2.8491035685e+00 -2.0000000000e-01 1.1272431636e+00 3.0000000000e+02 -3.7574859352e-06 1.1094359806e-13 3.7574772121e-06 3.7574859349e-06 -8.5493707485e-12 -1.1092359806e-13 -3.7574772122e-06 -6.2405748640e-14
d  4.0723561237e-03 2.8506491441e+00 -2.0000000000e-01 1.1286291028e+00 3.0000000000e+02 -3.7621057857e-06 1.1100967783e-13 3.7620970095e-06 3.7621057854e-06 -8.6024187928e-12 -1.1098967783e-13 -3.7620970096e-06 -6.2412984884e-14
d  4.0750056819e-03 2.8525038347e+00 -2.0000000000e-01 1.1302924640e+00 3.0000000000e+02 -3.7676503881e-06 1.1110459653e-13 3.7676415467e-06 3.7676503878e-06 -8.6674936505e-12 -1.1108459649e-13 -3.7676415468e-06 -6.2422628215e-14
d  4.0781851518e-03 2.8547294635e+00 -2.0000000000e-01 1.1322888335e+00 3.0000000000e+02 -3.7743050333e-06 1.1122101249e-13 3.7742961116e-06 3.7743050331e-06 -8.7477106682e-12 -1.1120101244e-13 -3.7742961118e-06 -6.2434333000e-14
d  4.0800928337e-03 2.8560648408e+00 -2.0000000000e-01 1.1334868306e+00 3.0000000000e+02 -3.7782984066e-06 1.1129228350e-13 3.7782894355e-06 3.7782984063e-06 -8.7969953581e-12 -1.1127228349e-13 -3.7782894356e-06 -6.2441431806e-14
d  4.0823820520e-03 2.8576672935e+00 -2.0000000000e-01 1.1349246005e+00 3.0000000000e+02 -3.7830910333e-06 1.1137431589e-13 3.7830820017e-06 3.7830910330e-06 -8.8573271476e-12 -1.1135431588e-13 -3.7830820018e-06 -6.2449731730e-14
d  4.0851291139e-03 2.8595902368e+00 -2.0000000000e-01 1.1366501591e+00 3.0000000000e+02 -3.7888429695e-06 1.1148006478e-13 3.7888338636e-06 3.7888429692e-06 -8.9315071130e-12 -1.1146006473e-13 -3.7888338638e-06 -6.2459795949e-14
d  4.0884255883e-03 2.8618977687e+00 -2.0000000000e-01 1.1387211951e+00 3.0000000000e+02 -3.7957465146e-06 1.1161551266e-13 3.7957373170e-06 3.7957465144e-06 -9.0232146111e-12 -1.1159551263e-13 -3.7957373171e-06 -6.2473060299e-14
d  4.0904034729e-03 2.8632822879e+00 -2.0000000000e-01 1.1399640033e+00 3.0000000000e+02 -3.7998892653e-06 1.1169495184e-13 3.7998800110e-06 3.7998892650e-06 -9.0797049437e-12 -1.1167495181e-13 -3.7998800112e-06 -6.2480669586e-14
d  4.0927769344e-03 2.8649437108e+00 -2.0000000000e-01 1.1414555526e+00 3.0000000000e+02 -3.8048611656e-06 1.1179407517e-13 3.8048518419e-06 3.8048611653e-06 -9.1490121826e-12 -1.1177407516e-13 -3.8048518420e-06 -6.2489963891e-14
d  4.0956250882e-03 2.8669374184e+00 -2.0000000000e-01 1.1432456783e+00 3.0000000000e+02 -3.8108283371e-06 1.1191733305e-13 3.8108189278e-06 3.8108283369e-06 -9.2344677221e-12 -1.1189733296e-13 -3.8108189280e-06 -6.2501620423e-14
d  4.0990428728e-03 2.8693298675e+00 -2.0000000000e-01 1.1453942091e+00 3.0000000000e+02 -3.8179902125e-06 1.1207639205e-13 3.8179806970e-06 3.8179902122e-06 -9.3404866544e-12 -1.1205639204e-13 -3.8179806972e-06 -6.2516145030e-14
d  4.1010935436e-03 2.8707653370e+00 -2.0000000000e-01 1.1466835259e+00 3.0000000000e+02 -3.8222880006e-06 1.1216719591e-13 3.8222784195e-06 3.8222880004e-06 -9.4059992579e-12 -1.1214719584e-13 -3.8222784197e-06 -6.2524572498e-14
d  4.1035543485e-03 2.8724879003e+00 -2.0000000000e-01 1.1482309017e+00 3.0000000000e+02 -3.8274460008e-06 1.1229008983e-13 3.8274363390e-06 3.8274460005e-06 -9.4865975751e-12 -1.1227008981e-13 -3.8274363391e-06 -6.2535530942e-14
d  4.1065073144e-03 2.8745549764e+00 -2.0000000000e-01 1.1500880296e+00 3.0000000000e+02 -3.8336365271e-06 1.1243293665e-13 3.8336267654e-06 3.8336365268e-06 -9.5863185502e-12 -1.1241293664e-13 -3.8336267655e-06 -6.2548295739e-14
d  4.1082790939e-03 2.8757952220e+00 -2.0000000000e-01 1.1512024536e+00 3.0000000000e+02 -3.8373513351e-06 1.1252487686e-13 3.8373415119e-06 3.8373513348e-06 -9.6477913229e-12 -1.1250487696e-13 -3.8373415119e-06 -6.2556424856e-14
d  4.1104052294e-03 2.8772835167e+00 -2.0000000000e-01 1.1525399070e+00 3.0000000000e+02 -3.8418095887e-06 1.1264250820e-13 3.8417996898e-06 3.8418095885e-06 -9.7232623223e-12 -1.1262250809e-13 -3.8417996900e-06 -6.2566554150e-14
d  4.1129565919e-03 2.8790694704e+00 -2.0000000000e-01 1.1541450592e+00 3.0000000000e+02 -3.8471601895e-06 1.1278245284e-13 3.8471501974e-06 3.8471601893e-06 -9.8163987396e-12 -1.1276245281e-13 -3.8471501975e-06 -6.2578644344e-14
d  4.1160182270e-03 2.8812126148e+00 -2.0000000000e-01 1.1560715409e+00 3.0000000000e+02 -3.8535819111e-06 1.1295382247e-13 3.8535718031e-06 3.8535819108e-06 -9.9320771310e-12 -1.1293382245e-13 -3.8535718032e-06 -6.2593344444e-14
d  4.1178552080e-03 2.8824985015e+00 -2.0000000000e-01 1.1572275861e+00 3.0000000000e+02 -3.8574354667e-06 1.1306434122e-13 3.8574252870e-06 3.8574354663e-06 -1.0003632857e-11 -1.1304434130e-13 -3.8574252871e-06 -6.2602624179e-14
d  4.1200595852e-03 2.8840415654e+00 -2.0000000000e-01 1.1586149945e+00 3.0000000000e+02 -3.8620602496e-06 1.1320867429e-13 3.8620499816e-06 3.8620602494e-06 -1.0091746476e-11 -1.1318867407e-13 -3.8620499819e-06 -6.2614470453e-14
d  4.1227048379e-03 2.8858932422e+00 -2.0000000000e-01 1.1602801061e+00 3.0000000000e+02 -3.8676107308e-06 1.1337825636e-13 3.8676003535e-06 3.8676107305e-06 -1.0200896285e-11 -1.1335825632e-13 -3.8676003537e-06 -6.2628454831e-14
d  4.1258791411e-03 2.8881152544e+00 -2.0000000000e-01 1.1622785579e+00 3.0000000000e+02 -3.8742723733e-06 1.1358356697e-13 3.8742618595e-06 3.8742723730e-06 -1.0337114664e-11 -1.1356356692e-13 -3.8742618597e-06 -6.2645328475e-14
d  4.1277837230e-03 2.8894484616e+00 -2.0000000000e-01 1.1634777950e+00 3.0000000000e+02 -3.8782699151e-06 1.1372678603e-13 3.8782593166e-06 3.8782699148e-06 -1.0421742986e-11 -1.1370678604e-13 -3.8782593167e-06 -6.2656666117e-14
d  4.1300692213e-03 2.8910483104e+00 -2.0000000000e-01 1.1649170435e+00 3.0000000000e+02 -3.8830675150e-06 1.1388533217e-13 3.8830568117e-06 3.8830675147e-06 -1.0526350673e-11 -1.1386533216e-13 -3.8830568118e-06 -6.2669451895e-14
d  4.1328118193e-03 2.8929681289e+00 -2.0000000000e-01 1.1666443773e+00 3.0000000000e+02 -3.8888254247e-06 1.1410033623e-13 3.8888145910e-06 3.8888254245e-06 -1.0656560344e-11 -1.1408033619e-13 -3.8888145912e-06 -6.2686295705e-14
d  4.1361029369e-03 2.8952719110e+00 -2.0000000000e-01 1.1687175160e+00 3.0000000000e+02 -3.8957360510e-06 1.1437387016e-13 3.8957250534e-06 3.8957360507e-06 -1.0820071336e-11 -1.1435387012e-13 -3.8957250536e-06 -6.2707438752e-14
d  4.1380776074e-03 2.8966541804e+00 -2.0000000000e-01 1.1699615758e+00 3.0000000000e+02 -3.8998830193e-06 1.1454748629e-13 3.8998719195e-06 3.8998830190e-06 -1.0922227661e-11 -1.1452748629e-13 -3.8998719196e-06 -6.2720690747e-14
d  4.1404472121e-03 2.8983129035e+00 -2.0000000000e-01 1.1714546219e+00 3.0000000000e+02 -3.9048599668e-06 1.1475837558e-13 3.9048487398e-06 3.9048599665e-06 -1.1049131681e-11 -1.1473837558e-13 -3.9048487399e-06 -6.2736742031e-14
d  4.1432907376e-03 2.9003033713e+00 -2.0000000000e-01 1.1732465277e+00 3.0000000000e+02 -3.9108331451e-06 1.1503531112e-13 3.9108217588e-06 3.9108331449e-06 -1.1208104179e-11 -1.1501531107e-13 -3.9108217590e-06 -6.2757448340e-14
d  4.1467029683e-03 2.9026919327e+00 -2.0000000000e-01 1.1753971740e+00 3.0000000000e+02 -3.9180021679e-06 1.1539491084e-13 3.9179905799e-06 3.9180021676e-06 -1.1409388804e-11 -1.1537491081e-13 -3.9179905801e-06 -6.2783940439e-14
d  4.1487503067e-03 2.9041250695e+00 -2.0000000000e-01 1.1766877495e+00 3.0000000000e+02 -3.9223042132e-06 1.1562343190e-13 3.9222924983e-06 3.9223042130e-06 -1.1536096258e-11 -1.1560343189e-13 -3.9222924985e-06 -6.2800600218e-14
d  4.1512071128e-03 2.9058448337e+00 -2.0000000000e-01 1.1782366255e+00 3.0000000000e+02 -3.9274672921e-06 1.1591149326e-13 3.9274554184e-06 3.9274672918e-06 -1.1694563442e-11 -1.1589149325e-13 -3.9274554185e-06 -6.2821428223e-14
d  4.1541552802e-03 2.9079085507e+00 -2.0000000000e-01 1.1800955430e+00 3.0000000000e+02 -3.9336638842e-06 1.1628752421e-13 3.9336518098e-06 3.9336638840e-06 -1.1894813193e-11 -1.1626752415e-13 -3.9336518100e-06 -6.2848258380e-14
d  4.1559241806e-03 2.9091467809e+00 -2.0000000000e-01 1.1812110323e+00 3.0000000000e+02 -3.9373823081e-06 1.1653551552e-13 3.9373701077e-06 3.9373823077e-06 -1.2020644899e-11 -1.1651551563e-13 -3.9373701077e-06 -6.2865703049e-14
d  4.1580468610e-03 2.9106326572e+00 -2.0000000000e-01 1.1825497556e+00 3.0000000000e+02 -3.9418448767e-06 1.1683414185e-13 3.9418325188e-06 3.9418448764e-06 -1.2177765770e-11 -1.1681414183e-13 -3.9418325189e-06 -6.2886663930e-14
d  4.1605940776e-03 2.9124157087e+00 -2.0000000000e-01 1.1841564208e+00 3.0000000000e+02 -3.9472006258e-06 1.1722912380e-13 3.9471880693e-06 3.9472006255e-06 -1.2375903255e-11 -1.1720912378e-13 -3.9471880695e-06 -6.2914090043e-14
d  4.1636507375e-03 2.9145553705e+00 -2.0000000000e-01 1.1860847021e+00 3.0000000000e+02 -3.9536284838e-06 1.1774529158e-13 3.9536156738e-06 3.9536284835e-06 -1.2628957627e-11 -1.1772529158e-13 -3.9536156739e-06 -6.2949538367e-14
d  4.1654847334e-03 2.9158391676e+00 -2.0000000000e-01 1.1872418189e+00 3.0000000000e+02 -3.9574857005e-06 1.1808060636e-13 3.9574727295e-06 3.9574857001e-06 -1.2789518743e-11 -1.1806060646e-13 -3.9574727296e-06 -6.2972353704e-14
d  4.1676855285e-03 2.9173797241e+00 -2.0000000000e-01 1.1886305051e+00 3.0000000000e+02 -3.9621148573e-06 1.1851625298e-13 3.9621016836e-06 3.9621148571e-06 -1.2991761433e-11 -1.1849625293e-13 -3.9621016838e-06 -6.3001752193e-14
d  4.1703264826e-03 2.9192283919e+00 -2.0000000000e-01 1.1902971388e+00 3.0000000000e+02 -3.9676705615e-06 1.1908051186e-13 3.9676571292e-06 3.9676705612e-06 -1.3249715565e-11 -1.1906051184e-13 -3.9676571294e-06 -6.3039545889e-14
d  4.1734956276e-03 2.9214467932e+00 -2.0000000000e-01 1.1922974007e+00 3.0000000000e+02 -3.9743384365e-06 1.1983595141e-13 3.9743246691e-06 3.9743384362e-06 -1.3584156373e-11 -1.1981595140e-13 -3.9743246692e-06 -6.3089632810e-14
d  4.1753971146e-03 2.9227778341e+00 -2.0000000000e-01 1.1934977152e+00 3.0000000000e+02 -3.9783397005e-06 1.2033778642e-13 3.9783257173e-06 3.9783397001e-06 -1.3799321727e-11 -1.2031778652e-13 -3.9783257173e-06 -6.3122614158e-14
d  4.1776788989e-03 2.9243750830e+00 -2.0000000000e-01 1.1949382477e+00 3.0000000000e+02 -3.9831417508e-06 1.2099920531e-13 3.9831274925e-06 3.9831417506e-06 -1.4073810752e-11 -1.2097920524e-13 -3.9831274926e-06 -6.3165785059e-14
d  4.1804170402e-03 2.9262917818e+00 -2.0000000000e-01 1.1966671087e+00 3.0000000000e+02 -3.9889049778e-06 1.2187846836e-13 3.9888903624e-06 3.9889049775e-06 -1.4429863544e-11 -1.2185846834e-13 -3.9888903626e-06 -6.3222748700e-14
d  4.1837028097e-03 2.9285918203e+00 -2.0000000000e-01 1.1987420620e+00 3.0000000000e+02 -3.9958219621e-06 1.2308942172e-13 3.9958068732e-06 3.9958219618e-06 -1.4902111280e-11 -1.2306942171e-13 -3.9958068733e-06 -6.3300578171e-14
d  4.1856742714e-03 2.9299718435e+00 -2.0000000000e-01 1.1999872011e+00 3.0000000000e+02 -3.9999727370e-06 1.2391904997e-13 3.9999573369e-06 3.9999727367e-06 -1.5212459764e-11 -1.2389905007e-13 -3.9999573369e-06 -6.3353498612e-14
d  4.1880400254e-03 2.9316278712e+00 -2.0000000000e-01 1.2014815330e+00 3.0000000000e+02 -4.0049542485e-06 1.2503515675e-13 4.0049384433e-06 4.0049542483e-06 -1.5616349561e-11 -1.2501515669e-13 -4.0049384435e-06 -6.3424310399e-14
d  4.1908789303e-03 2.9336151045e+00 -2.0000000000e-01 1.2032749681e+00 3.0000000000e+02 -4.0109329056e-06 1.2657849225e-13 4.0109165605e-06 4.0109329054e-06 -1.6154656217e-11 -1.2655849222e-13 -4.0109165606e-06 -6.3521634092e-14
d  4.1942856161e-03 2.9359997844e+00 -2.0000000000e-01 1.2054274302e+00 3.0000000000e+02 -4.0181085230e-06 1.2880963290e-13 4.0180914339e-06 4.0181085227e-06 -1.6896176464e-11 -1.2878963288e-13 -4.0180914341e-06 -6.3661363716e-14
d  4.1963296276e-03 2.9374305924e+00 -2.0000000000e-01 1.2067190807e+00 3.0000000000e+02 -4.0224145315e-06 1.3040805346e-13 4.0223969356e-06 4.0224145312e-06 -1.7401376833e-11 -1.3038805357e-13 -4.0223969356e-06 -6.3760762840e-14
d  4.1987824413e-03 2.9391475620e+00 -2.0000000000e-01 1.2082692377e+00 3.0000000000e+02 -4.0275824051e-06 1.3265081318e-13 4.0275641257e-06 4.0275824049e-06 -1.8082453518e-11 -1.3263081316e-13 -4.0275641259e-06 -6.3899902010e-14
d  4.2017258179e-03 2.9412079255e+00 -2.0000000000e-01 1.2101296771e+00 3.0000000000e+02 -4.0337848277e-06 1.3596025035e-13 4.0337655903e-06 4.0337848274e-06 -1.9036923736e-11 -1.3594025034e-13 -4.0337655905e-06 -6.4104140522e-14
d  4.2052578697e-03 2.9436803616e+00 -2.0000000000e-01 1.2123625638e+00 3.0000000000e+02 -4.0412292058e-06 1.4121984865e-13 4.0412085459e-06 4.0412292055e-06 -2.0453831518e-11 -1.4119984865e-13 -4.0412085461e-06 -6.4427068449e-14
d  4.2073771008e-03 2.9451638233e+00 -2.0000000000e-01 1.2137024829e+00 3.0000000000e+02 -4.0456966470e-06 1.4533869342e-13 4.0456749429e-06 4.0456966466e-06 -2.1493692769e-11 -1.4531869356e-13 -4.0456749430e-06 -6.4678815610e-14
d  4.2099201782e-03 2.9469439774e+00 -2.0000000000e-01 1.2153105699e+00 3.0000000000e+02 -4.0510584616e-06 1.5172621677e-13 4.0510352331e-06 4.0510584612e-06 -2.3011279162e-11 -1.5170621694e-13 -4.0510352331e-06 -6.5068153166e-14
d  4.2129718710e-03 2.9490801622e+00 -2.0000000000e-01 1.2172405367e+00 3.0000000000e+02 -4.0574941076e-06 1.6273594931e-13 4.0574684557e-06 4.0574941073e-06 -2.5423047124e-11 -1.6271594934e-13 -4.0574684558e-06 -6.5737004139e-14
d  4.2166339023e-03 2.9516435840e+00 -2.0000000000e-01 1.2195568634e+00 3.0000000000e+02 -4.0652197080e-06 1.8572482148e-13 4.0651895446e-06 4.0652197076e-06 -2.9910193643e-11 -1.8570482158e-13 -4.0651895446e-06 -6.7128318625e-14
d  4.2210283400e-03 2.9547196902e+00 -2.0000000000e-01 1.2223369110e+00 3.0000000000e+02 -4.0744998007e-06 2.6798883841e-13 4.0744563700e-06 4.0744998002e-06 -4.3090234543e-11 -2.6796883857e-13 -4.0744563699e-06 -7.2084905655e-14
d  4.2223466712e-03 2.9556425221e+00 -2.0000000000e-01 1.2231709852e+00 3.0000000000e+02 -4.0772882304e-06 3.2634026063e-13 4.0772366175e-06 4.0772882299e-06 -5.1210587601e-11 -3.2632026099e-13 -4.0772366174e-06 -7.5574318302e-14
d  4.2239286688e-03 2.9567499203e+00 -2.0000000000e-01 1.2241718094e+00 3.0000000000e+02 -4.0806436791e-06 4.7749534042e-13 4.0805726980e-06 4.0806436786e-06 -7.0418647321e-11 -4.7747534100e-13 -4.0805726979e-06 -8.4608791245e-14
d  4.2248778673e-03 2.9574143593e+00 -2.0000000000e-01 1.2247721213e+00 3.0000000000e+02 -4.0826710889e-06 6.9811966179e-13 4.0825737378e-06 4.0826710883e-06 -9.6554889654e-11 -6.9809966288e-13 -4.0825737376e-06 -9.7736018372e-14
d  4.2254473864e-03 2.9578130226e+00 -2.0000000000e-01 1.2251320730e+00 3.0000000000e+02 -4.0839028786e-06 9.7622980186e-13 4.0837735766e-06 4.0839028783e-06 -1.2821121291e-10 -9.7620980193e-13 -4.0837735767e-06 -1.1420600750e-13
d  4.2261308094e-03 2.9582914186e+00 -2.0000000000e-01 1.2255624982e+00 3.0000000000e+02 -4.0854725843e-06 2.2040176306e-12 4.0852083272e-06 4.0854725836e-06 -2.6186601401e-10 -2.2039976334e-12 -4.0852083269e-06 -1.8669479449e-13
d  4.2263358363e-03 2.9584349375e+00 -2.0000000000e-01 1.2256902774e+00 3.0000000000e+02 -4.0860222923e-06 3.3473243135e-12 4.0856342581e-06 4.0860222918e-06 -3.8443312495e-10 -3.3473043158e-12 -4.0856342581e-06 -2.5335792393e-13
d  4.2264588524e-03 2.9585210487e+00 -2.0000000000e-01 1.2257657166e+00 3.0000000000e+02 -4.0864230142e-06 4.7355875644e-12 4.0858857222e-06 4.0864230136e-06 -5.3222215485e-10 -4.7355675711e-12 -4.0858857220e-06 -3.3392434484e-13
d  4.2266064717e-03 2.9586243823e+00 -2.0000000000e-01 1.2258491249e+00 3.0000000000e+02 -4.0873122086e-06 1.0455041740e-11 4.0861637498e-06 4.0873122077e-06 -1.1373390573e-09 -1.0455021758e-11 -4.0861637492e-06 -6.6452921554e-13
d  4.2266507575e-03 2.9586553823e+00 -2.0000000000e-01 1.2258681706e+00 3.0000000000e+02 -4.0879190197e-06 1.5442366258e-11 4.0862272354e-06 4.0879190199e-06 -1.6753949902e-09 -1.5442346224e-11 -4.0862272360e-06 -9.4658472807e-13
d  4.2266773290e-03 2.9586739824e+00 -2.0000000000e-01 1.2258745401e+00 3.0000000000e+02 -4.0885696910e-06 2.1170367332e-11 4.0862484669e-06 4.0885696930e-06 -2.2987867798e-09 -2.1170347064e-11 -4.0862484694e-06 -1.2668212678e-12
d  4.2267092148e-03 2.9586963024e+00 -2.0000000000e-01 1.2258592435e+00 3.0000000000e+02 -4.0906479247e-06 4.0691219109e-11 4.0861974782e-06 4.0906479239e-06 -4.4074083706e-09 -4.0691199176e-11 -4.0861974778e-06 -2.3464938192e-12
d  4.2267187805e-03 2.9587029984e+00 -2.0000000000e-01 1.2258393514e+00 3.0000000000e+02 -4.0921271481e-06 5.4819422250e-11 4.0861311712e-06 4.0921271500e-06 -5.9380717126e-09 -5.4819401598e-11 -4.0861311736e-06 -3.0854480523e-12
d  4.2267302594e-03 2.9587110337e+00 -2.0000000000e-01 1.2257670787e+00 3.0000000000e+02 -4.0966055258e-06 9.9950246020e-11 4.0858902624e-06 4.0966055266e-06 -1.0609912216e-08 -9.9950225642e-11 -4.0858902637e-06 -5.4004911906e-12
d  4.2267371468e-03 2.9587158548e+00 -2.0000000000e-01 1.2255515153e+00 3.0000000000e+02 -4.1087678165e-06 2.2669210100e-10 4.0851717180e-06 4.1087678135e-06 -2.3358176445e-08 -2.2669208267e-10 -4.0851717153e-06 -1.1229808303e-11
d  4.2267392130e-03 2.9587173011e+00 -2.0000000000e-01 1.2253630774e+00 3.0000000000e+02 -4.1189067878e-06 3.2153527560e-10 4.0845435909e-06 4.1189067926e-06 -3.4027869589e-08 -3.2153524772e-10 -4.0845435965e-06 -1.3791588657e-11
d  4.2267416924e-03 2.9587190367e+00 -2.0000000000e-01 1.2245372457e+00 3.0000000000e+02 -4.1624532337e-06 6.8906413899e-10 4.0817908187e-06 4.1624532398e-06 -7.9954402315e-08 -6.8906410686e-10 -4.0817908260e-06 -1.8947325166e-11
d  4.2267424362e-03 2.9587195574e+00 -2.0000000000e-01 1.2237645802e+00 3.0000000000e+02 -4.2007226460e-06 9.0341647155e-10 4.0792152669e-06 4.2007226513e-06 -1.2060490890e-07 -9.0341642388e-10 -4.0792152733e-06 9.4657019266e-13
d  4.2267433288e-03 2.9587201822e+00 -2.0000000000e-01 1.2205840783e+00 3.0000000000e+02 -4.3551615720e-06 1.5280076999e-09 4.0686135878e-06 4.3551616637e-06 -2.8514773397e-07 -1.5280071603e-09 -4.0686136995e-06 1.2777724613e-10
d  4.2267438644e-03 2.9587205571e+00 -2.0000000000e-01 1.2091042309e+00 3.0000000000e+02 -4.9019178243e-06 1.2686479244e-09 4.0303474371e-06 4.9019178149e-06 -8.7144738518e-07 -1.2686480026e-09 -4.0303474194e-06 1.1456367788e-09
d  4.2267445070e-03 2.9587210070e+00 -2.0000000000e-01 1.1230237998e+00 3.0000000000e+02 -1.1077028833e-05 -1.4902844903e-08 3.7434126632e-06 1.1077028910e-05 -7.3578166110e-06 1.4902845289e-08 -3.7434129780e-06 9.2978334483e-09
d  4.2267451541e-03 2.9587214600e+00 -2.0000000000e-01 1.0704676251e+00 3.0000000000e+02 -1.8330994568e-05 -6.0273986470e-09 3.5682254164e-06 1.8330994587e-05 -1.4771539255e-05 6.0273987133e-09 -3.5682254534e-06 2.7427238551e-09
d  4.2267459134e-03 2.9587219915e+00 -2.0000000000e-01 1.0564714520e+00 3.0000000000e+02 -2.1495716776e-05 1.5327942090e-09 3.5215715047e-06 2.1495716857e-05 -1.7971863398e-05 -1.5327940347e-09 -3.5215716518e-06 -7.4901371629e-10
d  4.2267467475e-03 2.9587225753e+00 -2.0000000000e-01 1.0554022891e+00 3.0000000000e+02 -2.1844458393e-05 6.5454789348e-10 3.5180076294e-06 2.1844458437e-05 -1.8325422048e-05 -6.5454779995e-10 -3.5180077089e-06 -3.7413206998e-10
d  4.2267477484e-03 2.9587232759e+00 -2.0000000000e-01 1.0564075158e+00 3.0000000000e+02 -2.1609255585e-05 1.7509370767e-10 3.5213583859e-06 2.1609255592e-05 -1.8087612915e-05 -1.7509367688e-10 -3.5213584002e-06 -1.0918376443e-10
d  4.2267489495e-03 2.9587241167e+00 -2.0000000000e-01 1.0569565416e+00 3.0000000000e+02 -2.1476494155e-05 1.1804858681e-11 3.5231884719e-06 2.1476494157e-05 -1.7953286176e-05 -1.1804836961e-11 -3.5231884748e-06 -7.7012110622e-12
d  4.2267503908e-03 2.9587251256e+00 -2.0000000000e-01 1.0570398328e+00 3.0000000000e+02 -2.1456597674e-05 -1.3038291105e-11 3.5234661057e-06 2.1456597833e-05 -1.7933152204e-05 1.3038464475e-11 -3.5234664123e-06 7.7449495796e-12
d  4.2267521203e-03 2.9587263363e+00 -2.0000000000e-01 1.0570140782e+00 3.0000000000e+02 -2.1462978023e-05 -4.4239850119e-12 3.5233802614e-06 2.1462977990e-05 -1.7939604835e-05 4.4239788180e-12 -3.5233801973e-06 2.6187706291e-12
d  4.2267541957e-03 2.9587277891e+00 -2.0000000000e-01 1.0570016066e+00 3.0000000000e+02 -2.1466225510e-05 -5.0258848236e-14 3.5233386892e-06 2.1466225490e-05 -1.7942886917e-05 5.0265370039e-14 -3.5233386488e-06 2.5322682168e-14
d  4.2267566863e-03 2.9587295325e+00 -2.0000000000e-01 1.0570013651e+00 3.0000000000e+02 -2.1466606440e-05 3.0346460854e-13 3.5233379040e-06 2.1466605566e-05 -1.7943268919e-05 -3.0392063357e-13 -3.5233361593e-06 -1.8352739475e-13
d  4.2267596749e-03 2.9587316245e+00 -2.0000000000e-01 1.0570028938e+00 3.0000000000e+02 -2.1466629682e-05 1.1518870766e-13 3.5233429803e-06 2.1466629647e-05 -1.7943286550e-05 -1.1518434821e-13 -3.5233429105e-06 -7.2098630380e-14
d  4.2267632613e-03 2.9587341350e+00 -2.0000000000e-01 1.0570041959e+00 3.0000000000e+02 -2.1466784842e-05 6.9392381010e-14 3.5233473281e-06 2.1466784481e-05 -1.7943437771e-05 -6.9507336124e-14 -3.5233465959e-06 -4.5125353398e-14
d  4.2267675650e-03 2.9587371475e+00 -2.0000000000e-01 1.0570055872e+00 3.0000000000e+02 -2.1467011694e-05 7.0810921076e-14 3.5233519696e-06 2.1467011151e-05 -1.7943660175e-05 -7.0959622130e-14 -3.5233508592e-06 -4.5977645071e-14
d  4.2267727294e-03 2.9587407626e+00 -2.0000000000e-01 1.0570072576e+00 3.0000000000e+02 -2.1467283756e-05 7.2627608026e-14 3.5233575403e-06 2.1467283096e-05 -1.7943926797e-05 -7.2778346213e-14 -3.5233561789e-06 -4.7045382018e-14
d  4.2267789266e-03 2.9587451007e+00 -2.0000000000e-01 1.0570092681e+00 3.0000000000e+02 -2.1467608788e-05 7.2747767154e-14 3.5233642452e-06 2.1467607989e-05 -1.7944245281e-05 -7.2899623323e-14 -3.5233625878e-06 -4.7117719704e-14
d  4.2267863633e-03 2.9587503064e+00 -2.0000000000e-01 1.0570116813e+00 3.0000000000e+02 -2.1467998706e-05 7.2711728787e-14 3.5233722930e-06 2.1467997736e-05 -1.7944627344e-05 -7.2865170162e-14 -3.5233702722e-06 -4.7097199384e-14
d  4.2267952874e-03 2.9587565532e+00 -2.0000000000e-01 1.0570145770e+00 3.0000000000e+02 -2.1468466641e-05 7.2705923343e-14 3.5233819499e-06 2.1468465466e-05 -1.7945085854e-05 -7.2860771459e-14 -3.5233794913e-06 -4.7094377749e-14
d  4.2268059963e-03 2.9587640495e+00 -2.0000000000e-01 1.0570180518e+00 3.0000000000e+02 -2.1469028175e-05 7.2705402676e-14 3.5233935382e-06 2.1469026753e-05 -1.7945636080e-05 -7.2861437066e-14 -3.5233905535e-06 -4.7094578838e-14
d  4.2268188469e-03 2.9587730449e+00 -2.0000000000e-01 1.0570222216e+00 3.0000000000e+02 -2.1469702028e-05 7.2704728378e-14 3.5234074441e-06 2.1469700311e-05 -1.7946296364e-05 -7.2861766102e-14 -3.5234038275e-06 -4.7094619729e-14
d  4.2268342677e-03 2.9587838395e+00 -2.0000000000e-01 1.0570272254e+00 3.0000000000e+02 -2.1470510671e-05 7.2703955076e-14 3.5234241312e-06 2.1470508599e-05 -1.7947088723e-05 -7.2861841401e-14 -3.5234197555e-06 -4.7094598229e-14
d  4.2268527726e-03 2.9587967929e+00 -2.0000000000e-01 1.0570332298e+00 3.0000000000e+02 -2.1471481065e-05 7.2702841281e-14 3.5234441557e-06 2.1471478562e-05 -1.7948039582e-05 -7.2861722498e-14 -3.5234388603e-06 -4.7094564959e-14
d  4.2268749786e-03 2.9588123371e+00 -2.0000000000e-01 1.0570404351e+00 3.0000000000e+02 -2.1472645598e-05 7.2701334886e-14 3.5234681172e-06 2.1472645587e-05 -1.7949177374e-05 -7.2682010046e-14 -3.5234680932e-06 -4.7023516934e-14
d  4.2269016257e-03 2.9588309900e+00 -2.0000000000e-01 1.0570490818e+00 3.0000000000e+02 -2.1474043038e-05 7.2851062336e-14 3.5234969395e-06 2.1474043024e-05 -1.7950545994e-05 -7.2831743563e-14 -3.5234969104e-06 -4.7106002386e-14
d  4.2269336022e-03 2.9588533736e+00 -2.0000000000e-01 1.0570594573e+00 3.0000000000e+02 -2.1475720091e-05 7.2810688156e-14 3.5235315246e-06 2.1475720074e-05 -1.7952188464e-05 -7.2791372655e-14 -3.5235314895e-06 -4.7084288357e-14
d  4.2269719740e-03 2.9588802339e+00 -2.0000000000e-01 1.0570719079e+00 3.0000000000e+02 -2.1477732661e-05 7.2811406248e-14 3.5235730269e-06 2.1477732641e-05 -1.7954159536e-05 -7.2792093306e-14 -3.5235729845e-06 -4.7084764787e-14
d  4.2270180202e-03 2.9589124662e+00 -2.0000000000e-01 1.0570868487e+00 3.0000000000e+02 -2.1480147910e-05 7.2810560226e-14 3.5236228295e-06 2.1480147886e-05 -1.7956524988e-05 -7.2791249150e-14 -3.5236227784e-06 -4.7084594503e-14
d  4.2270732756e-03 2.9589511450e+00 -2.0000000000e-01 1.0571047775e+00 3.0000000000e+02 -2.1483046449e-05 7.2809721250e-14 3.5236825922e-06 2.1483046420e-05 -1.7959363769e-05 -7.2790411456e-14 -3.5236825307e-06 -4.7084460733e-14
d  4.2271395822e-03 2.9589975596e+00 -2.0000000000e-01 1.0571262919e+00 3.0000000000e+02 -2.1486525039e-05 7.2808717331e-14 3.5237543071e-06 2.1486525004e-05 -1.7962770651e-05 -7.2789408238e-14 -3.5237542332e-06 -4.7084301943e-14
d  4.2272191500e-03 2.9590532570e+00 -2.0000000000e-01 1.0571521090e+00 3.0000000000e+02 -2.1490699843e-05 7.2807516972e-14 3.5238403644e-06 2.1490699801e-05 -1.7966859405e-05 -7.2788208012e-14 -3.5238402755e-06 -4.7084111496e-14
d  4.2273146314e-03 2.9591200940e+00 -2.0000000000e-01 1.0571830893e+00 3.0000000000e+02 -2.1495710320e-05 7.2806073908e-14 3.5239436322e-06 2.1495710270e-05 -1.7971766625e-05 -7.2786764530e-14 -3.5239435255e-06 -4.7083882930e-14
d  4.2274292091e-03 2.9592002984e+00 -2.0000000000e-01 1.0572202653e+00 3.0000000000e+02 -2.1501723921e-05 7.2804338009e-14 3.5240675523e-06 2.1501723861e-05 -1.7977656317e-05 -7.2785027645e-14 -3.5240674244e-06 -4.7083608826e-14
d  4.2275667023e-03 2.9592965436e+00 -2.0000000000e-01 1.0572648759e+00 3.0000000000e+02 -2.1508941722e-05 7.2802260623e-14 3.5242162546e-06 2.1508941650e-05 -1.7984725429e-05 -7.2782948682e-14 -3.5242161013e-06 -4.7083280089e-14
d  4.2277316941e-03 2.9594120379e+00 -2.0000000000e-01 1.0573184079e+00 3.0000000000e+02 -2.1517605214e-05 7.2799765721e-14 3.5243946948e-06 2.1517605128e-05 -1.7993210497e-05 -7.2780451536e-14 -3.5243945112e-06 -4.7082885885e-14
d  4.2279296843e-03 2.9595506310e+00 -2.0000000000e-01 1.0573826450e+00 3.0000000000e+02 -2.1528004474e-05 7.2796776830e-14 3.5246088191e-06 2.1528004371e-05 -1.8003395651e-05 -7.2777459686e-14 -3.5246085997e-06 -4.7082413238e-14
d  4.2281672726e-03 2.9597169428e+00 -2.0000000000e-01 1.0574597280e+00 3.0000000000e+02 -2.1540488005e-05 7.2793191426e-14 3.5248657628e-06 2.1540487883e-05 -1.8015622262e-05 -7.2773870490e-14 -3.5248655008e-06 -4.7081846646e-14
d  4.2284523785e-03 2.9599165169e+00 -2.0000000000e-01 1.0575522252e+00 3.0000000000e+02 -2.1555474610e-05 7.2788891716e-14 3.5251740874e-06 2.1555474464e-05 -1.8030300569e-05 -7.2769566044e-14 -3.5251737749e-06 -4.7081167615e-14
d  4.2287945056e-03 2.9601560059e+00 -2.0000000000e-01 1.0576632185e+00 3.0000000000e+02 -2.1573467706e-05 7.2783738450e-14 3.5255440655e-06 2.1573467532e-05 -1.8047923718e-05 -7.2764406944e-14 -3.5255436935e-06 -4.7080353989e-14
d  4.2292050581e-03 2.9604433926e+00 -2.0000000000e-01 1.0577964055e+00 3.0000000000e+02 -2.1595072630e-05 7.2777563949e-14 3.5259880231e-06 2.1595072423e-05 -1.8069084722e-05 -7.2758225320e-14 -3.5259875811e-06 -4.7079379401e-14
d  4.2296977211e-03 2.9607882567e+00 -2.0000000000e-01 1.0579562228e+00 3.0000000000e+02 -2.1621017542e-05 7.2770088813e-14 3.5265207483e-06 2.1621017297e-05 -1.8094496953e-05 -7.2750741724e-14 -3.5265202242e-06 -4.7078189568e-14
d  4.2302889167e-03 2.9612020936e+00 -2.0000000000e-01 1.0581479935e+00 3.0000000000e+02 -2.1652178844e-05 7.2761239323e-14 3.5271599849e-06 2.1652178554e-05 -1.8125019069e-05 -7.2741881812e-14 -3.5271593653e-06 -4.7076797047e-14
d  4.2309983514e-03 2.9616986979e+00 -2.0000000000e-01 1.0583781040e+00 3.0000000000e+02 -2.1689611898e-05 7.2750630556e-14 3.5279270208e-06 2.1689611556e-05 -1.8161685145e-05 -7.2731260523e-14 -3.5279262909e-06 -4.7075127496e-14
d  4.2318496731e-03 2.9622946230e+00 -2.0000000000e-01 1.0586542158e+00 3.0000000000e+02 -2.1734588465e-05 7.2737928030e-14 3.5288473949e-06 2.1734588065e-05 -1.8205741406e-05 -7.2718542984e-14 -3.5288465386e-06 -4.7073130005e-14
d  4.2328712591e-03 2.9630097332e+00 -2.0000000000e-01 1.0589855204e+00 3.0000000000e+02 -2.1788642347e-05 7.2722732065e-14 3.5299517451e-06 2.1788641879e-05 -1.8258691014e-05 -7.2703329059e-14 -3.5299507459e-06 -4.7070743891e-14
d  4.2340971623e-03 2.9638678654e+00 -2.0000000000e-01 1.0593830437e+00 3.0000000000e+02 -2.1853625189e-05 7.2704564988e-14 3.5312768243e-06 2.1853624648e-05 -1.8322348862e-05 -7.2685140541e-14 -3.5312756658e-06 -4.7067896178e-14
d  4.2355682461e-03 2.9648976240e+00 -2.0000000000e-01 1.0598600112e+00 3.0000000000e+02 -2.1931774967e-05 7.2682861993e-14 3.5328667176e-06 2.1931774344e-05 -1.8398908839e-05 -7.2663412006e-14 -3.5328653860e-06 -4.7064501356e-14
d  4.2373335467e-03 2.9661333344e+00 -2.0000000000e-01 1.0604322860e+00 3.0000000000e+02 -2.2025800340e-05 7.2656958791e-14 3.5347743023e-06 2.2025799633e-05 -1.8491026725e-05 -7.2637478445e-14 -3.5347727881e-06 -4.7060459758e-14
d  4.2394519075e-03 2.9676161868e+00 -2.0000000000e-01 1.0611188933e+00 3.0000000000e+02 -2.2138985051e-05 7.2626075134e-14 3.5370629949e-06 2.2138984258e-05 -1.8601922840e-05 -7.2606558857e-14 -3.5370612977e-06 -4.7055655928e-14
d  4.2419939403e-03 2.9693956098e+00 -2.0000000000e-01 1.0619426478e+00 3.0000000000e+02 -2.2275317737e-05 7.2589278603e-14 3.5398088450e-06 2.2275316865e-05 -1.8735509766e-05 -7.2569719718e-14 -3.5398069800e-06 -4.7049950339e-14
d  4.2450443798e-03 2.9715309173e+00 -2.0000000000e-01 1.0629309266e+00 3.0000000000e+02 -2.2439657656e-05 7.2547228851e-14 3.5431030886e-06 2.2439657653e-05 -1.8896554450e-05 -7.2527229941e-14 -3.5431030831e-06 -4.7043558165e-14
d  4.2487049071e-03 2.9740932863e+00 -2.0000000000e-01 1.0641165527e+00 3.0000000000e+02 -2.2637933799e-05 7.2497324376e-14 3.5470551758e-06 2.2637933796e-05 -1.9090878506e-05 -7.2477325246e-14 -3.5470551705e-06 -4.7036439937e-14
d  4.2530975400e-03 2.9771681291e+00 -2.0000000000e-01 1.0655388289e+00 3.0000000000e+02 -2.2877402863e-05 7.2435426052e-14 3.5517960965e-06 2.2877402860e-05 -1.9325606649e-05 -7.2415426684e-14 -3.5517960919e-06 -4.7026951310e-14
d  4.2583686993e-03 2.9808579405e+00 -2.0000000000e-01 1.0672448953e+00 3.0000000000e+02 -2.3166991237e-05 7.2363301483e-14 3.5574829844e-06 2.3166991235e-05 -1.9609508134e-05 -7.2343301837e-14 -3.5574829813e-06 -4.7016136313e-14
d  4.2646940906e-03 2.9852857142e+00 -2.0000000000e-01 1.0692912306e+00 3.0000000000e+02 -2.3517712631e-05 7.2277422788e-14 3.5643041018e-06 2.3517712630e-05 -1.9953408409e-05 -7.2257422817e-14 -3.5643041016e-06 -4.7003259557e-14
d  4.2722845601e-03 2.9905990426e+00 -2.0000000000e-01 1.0717455401e+00 3.0000000000e+02 -2.3943234435e-05 7.2177201798e-14 3.5724851336e-06 2.3943234437e-05 -2.0370749179e-05 -7.2157201460e-14 -3.5724851382e-06 -4.6988498759e-14
d  4.2813931235e-03 2.9969750366e+00 -2.0000000000e-01 1.0746894304e+00 3.0000000000e+02 -2.4460693084e-05 7.2073696550e-14 3.5822981014e-06 2.4460693089e-05 -2.0878394857e-05 -7.2053695859e-14 -3.5822981126e-06 -4.6975636848e-14
d  4.2857140000e-03 2.9999996500e+00 -2.0000000000e-01 1.0760858301e+00 3.0000000000e+02 -2.4708846727e-05 7.2042393725e-14 3.5869527671e-06 2.4708846724e-05 -2.1121893844e-05 -7.2022394444e-14 -3.5869527607e-06 -4.6974809977e-14
d  4.2908990518e-03 3.0036291860e+00 -2.0000000000e-01 1.0777610816e+00 3.0000000000e+02 -2.5008892423e-05 7.1977890786e-14 3.5925369389e-06 2.5008892419e-05 -2.1416355368e-05 -7.1957891464e-14 -3.5925369326e-06 -4.6965111921e-14
d  4.2971211139e-03 3.0079846293e+00 -2.0000000000e-01 1.0797705978e+00 3.0000000000e+02 -2.5372237698e-05 7.1901616386e-14 3.5992353261e-06 2.5372237696e-05 -2.1773002255e-05 -7.1881616736e-14 -3.5992353222e-06 -4.6953208284e-14
d  4.3045875884e-03 3.0132111612e+00 -2.0000000000e-01 1.0821808167e+00 3.0000000000e+02 -2.5812935933e-05 7.1807561551e-14 3.6072693890e-06 2.5812935932e-05 -2.2205666425e-05 -7.1787561565e-14 -3.6072693889e-06 -4.6938911644e-14
d  4.3135473578e-03 3.0194829995e+00 -2.0000000000e-01 1.0850717198e+00 3.0000000000e+02 -2.6348519948e-05 7.1704919709e-14 3.6169057326e-06 2.6348519950e-05 -2.2731614093e-05 -7.1684919334e-14 -3.6169057390e-06 -4.6925266749e-14
d  4.3242990811e-03 3.0270092054e+00 -2.0000000000e-01 1.0885396620e+00 3.0000000000e+02 -2.7001107391e-05 7.1599122370e-14 3.6284655399e-06 2.7001107398e-05 -2.3372641724e-05 -7.1579121611e-14 -3.6284655554e-06 -4.6913823335e-14
d  4.3372011491e-03 3.0360406526e+00 -2.0000000000e-01 1.0926998699e+00 3.0000000000e+02 -2.7798634604e-05 7.1474165268e-14 3.6423328995e-06 2.7798634618e-05 -2.4156301569e-05 -7.1454164039e-14 -3.6423329303e-06 -4.6900086970e-14
d  4.3526836307e-03 3.0468783891e+00 -2.0000000000e-01 1.0976897086e+00 3.0000000000e+02 -2.8776495288e-05 7.1315489597e-14 3.6589656948e-06 2.8776495313e-05 -2.5117529446e-05 -7.1295487843e-14 -3.6589657487e-06 -4.6880505005e-14
d  4.3712626086e-03 3.0598836730e+00 -2.0000000000e-01 1.1036748670e+00 3.0000000000e+02 -2.9980359151e-05 7.1142619632e-14 3.6789162227e-06 2.9980359192e-05 -2.6301442764e-05 -7.1122617328e-14 -3.6789163099e-06 -4.6861646860e-14
d  4.3935573820e-03 3.0754900136e+00 -2.0000000000e-01 1.1108545972e+00 3.0000000000e+02 -3.1469608809e-05 7.0951126104e-14 3.7028486562e-06 3.1469608872e-05 -2.7766759963e-05 -7.0931123233e-14 -3.7028487911e-06 -4.6842896940e-14
d  4.4203111102e-03 3.0942176224e+00 -2.0000000000e-01 1.1194686391e+00 3.0000000000e+02 -3.3322262396e-05 7.0739707316e-14 3.7315621286e-06 3.3322262492e-05 -2.9590700042e-05 -7.0719703841e-14 -3.7315623323e-06 -4.6824775139e-14
d  4.4524155840e-03 3.1166907529e+00 -2.0000000000e-01 1.1298070349e+00 3.0000000000e+02 -3.5642378071e-05 7.0518211076e-14 3.7660234474e-06 3.5642378205e-05 -3.1876354354e-05 -7.0498207192e-14 -3.7660237337e-06 -4.6811212536e-14
d  4.4909409525e-03 3.1436585096e+00 -2.0000000000e-01 1.1422222390e+00 3.0000000000e+02 -3.8570826544e-05 7.0297033723e-14 3.8074074631e-06 3.8570826548e-05 -3.4763418958e-05 -7.0277033621e-14 -3.8074074728e-06 -4.6806467569e-14
d  4.5371713948e-03 3.1760198175e+00 -2.0000000000e-01 1.1571509852e+00 3.0000000000e+02 -4.2302697480e-05 7.0121735166e-14 3.8571699505e-06 4.2302697482e-05 -3.8445527410e-05 -7.0101735126e-14 -3.8571699554e-06 -4.6826287676e-14
d  4.5926479255e-03 3.2148533871e+00 -2.0000000000e-01 1.1751404926e+00 3.0000000000e+02 -4.7114401495e-05 7.0034124627e-14 3.9171349755e-06 4.7114401474e-05 -4.3197266425e-05 -7.0014124906e-14 -3.9171349322e-06 -4.6884892284e-14
d  4.6592197623e-03 3.2614536706e+00 -2.0000000000e-01 1.1968305659e+00 3.0000000000e+02 -5.3394180580e-05 6.9886570083e-14 3.9894352199e-06 5.3394180551e-05 -4.9404745275e-05 -6.9866570379e-14 -3.9894351594e-06 -4.6935482356e-14
d  4.7391059665e-03 3.3173740107e+00 -2.0000000000e-01 1.2230431758e+00 3.0000000000e+02 -6.1712252723e-05 6.9849833694e-14 4.0768105853e-06 6.1712252779e-05 -5.7635441961e-05 -6.9829833274e-14 -4.0768107006e-06 -4.7036624243e-14
d  4.8349694116e-03 3.3844784189e+00 -2.0000000000e-01 1.2548555165e+00 3.0000000000e+02 -7.2932521363e-05 7.0022639169e-14 4.1828517210e-06 7.2932521447e-05 -6.8749669437e-05 -7.0002638711e-14 -4.1828518932e-06 -4.7222717978e-14
d  4.9500055457e-03 3.4650037087e+00 -2.0000000000e-01 1.2937651949e+00 3.0000000000e+02 -8.8442444409e-05 7.0643220934e-14 4.3125506497e-06 8.8442444417e-05 -8.4129893633e-05 -7.0623220904e-14 -4.3125506652e-06 -4.7572275132e-14
d  5.0000000000e-03 3.4999998250e+00 -2.0000000000e-01 1.3109484410e+00 3.0000000000e+02 -9.5956084786e-05 7.0964602051e-14 4.3698281358e-06 9.5956084874e-05 -9.1586256446e-05 -7.0944601460e-14 -4.3698283093e-06 -4.7737708603e-14
d  5.0599933452e-03 3.5419951645e+00 -2.0000000000e-01 1.3317941146e+00 3.0000000000e+02 -1.0564907910e-04 7.1320920151e-14 4.4393137141e-06 1.0564907927e-04 -1.0120976511e-04 -7.1300919166e-14 -4.4393140317e-06 -4.7926108957e-14
d  5.1319853594e-03 3.5923895720e+00 -2.0000000000e-01 1.3571575319e+00 3.0000000000e+02 -1.1834315287e-04 7.1828229216e-14 4.5238584396e-06 1.1834315289e-04 -1.1381929430e-04 -7.1808229148e-14 -4.5238584688e-06 -4.8174995011e-14
d  5.2183757765e-03 3.6528628609e+00 -2.0000000000e-01 1.3881212802e+00 3.0000000000e+02 -1.3528438800e-04 7.2504837279e-14 4.6270709337e-06 1.3528438803e-04 -1.3065731692e-04 -7.2484837175e-14 -4.6270709948e-06 -4.8489114024e-14
d  5.3220442769e-03 3.7254308076e+00 -2.0000000000e-01 1.4260318790e+00 3.0000000000e+02 -1.5845973403e-04 7.3330264564e-14 4.7534395963e-06 1.5845973409e-04 -1.5370629426e-04 -7.3310264422e-14 -4.7534397133e-06 -4.8855144161e-14
d  5.4464464775e-03 3.8125123436e+00 -2.0000000000e-01 1.4730226015e+00 3.0000000000e+02 -1.9127442243e-04 7.5097490327e-14 4.9100753377e-06 1.9127442256e-04 -1.8636434687e-04 -7.5077490133e-14 -4.9100755738e-06 -4.9553222313e-14
d  5.5957291182e-03 3.9170101869e+00 -2.0000000000e-01 1.5315155810e+00 3.0000000000e+02 -2.3954880838e-04 7.6944531816e-14 5.1050519358e-06 2.3954880868e-04 -2.3444375612e-04 -7.6924531554e-14 -5.1050524361e-06 -5.0276360154e-14
d  5.7142860000e-03 4.0000000000e+00 -2.0000000000e-01 1.5796258119e+00 3.0000000000e+02 -2.8670814119e-04 7.8553830984e-14 5.2654193722e-06 2.8670814142e-04 -2.8144272155e-04 -7.8533830802e-14 -5.2654197421e-06 -5.0872440915e-14
d  5.8565542582e-03 4.0995877758e+00 -2.0000000000e-01 1.6393787268e+00 3.0000000000e+02 -3.5685351204e-04 8.0687291319e-14 5.4645957547e-06 3.5685351257e-04 -3.5138891586e-04 -8.0667291049e-14 -5.4645965820e-06 -5.1630758152e-14
d  6.0272761681e-03 4.2190931067e+00 -2.0000000000e-01 1.7139088250e+00 3.0000000000e+02 -4.6832342365e-04 8.3314744606e-14 5.7130294146e-06 4.6832342488e-04 -4.6261039349e-04 -8.3294744273e-14 -5.7130312562e-06 -5.2491295668e-14
d  6.2321424599e-03 4.3624995038e+00 -2.0000000000e-01 1.8095505762e+00 3.0000000000e+02 -6.6685583593e-04 8.9228700199e-14 6.0318352512e-06 6.6685583844e-04 -6.6082399955e-04 -8.9208699932e-14 -6.0318387461e-06 -5.4350345105e-14
d  6.4779820101e-03 4.5345871803e+00 -2.0000000000e-01 1.9290278598e+00 3.0000000000e+02 -1.0613943927e-03 9.2666893496e-14 6.4300928662e-06 1.0613943927e-03 -1.0549642997e-03 -9.2646893496e-14 -6.4300928688e-06 -5.5038258387e-14
d  6.7729894703e-03 4.7410923921e+00 -2.0000000000e-01 2.0669065554e+00 3.0000000000e+02 -1.8371028187e-03 9.0054602393e-14 6.8896885180e-06 1.8371028187e-03 -1.8302131301e-03 -9.0034602393e-14 -6.8896884996e-06 -5.3298752551e-14
d  7.1269984226e-03 4.9888986463e+00 -2.0000000000e-01 2.2130049460e+00 3.0000000000e+02 -3.0123092945e-03 8.1768344940e-14 7.3766831532e-06 3.0123092945e-03 -3.0049326113e-03 -8.1748344940e-14 -7.3766831358e-06 -4.9870091686e-14
d  7.1428570000e-03 4.9999996500e+00 -2.0000000000e-01 2.2191844487e+00 3.0000000000e+02 -3.0680924175e-03 8.2294502737e-14 7.3972814955e-06 3.0680924175e-03 -3.0606951358e-03 -8.2274502733e-14 -7.3972815092e-06 -5.0128224954e-14
d  7.1618872929e-03 5.0133208544e+00 -2.0000000000e-01 2.2265282341e+00 3.0000000000e+02 -3.1348731527e-03 8.1672468560e-14 7.4217607802e-06 3.1348731527e-03 -3.1274513918e-03 -8.1652468554e-14 -7.4217607981e-06 -4.9893650666e-14
d  7.1847236445e-03 5.0293062997e+00 -2.0000000000e-01 2.2352236662e+00 3.0000000000e+02 -3.2147189109e-03 8.0906193609e-14 7.4507455539e-06 3.2147189109e-03 -3.2072681652e-03 -8.0886193601e-14 -7.4507455780e-06 -4.9607484232e-14
d  7.2121272663e-03 5.0484888340e+00 -2.0000000000e-01 2.2454966280e+00 3.0000000000e+02 -3.3098626012e-03 8.0053189419e-14 7.4849887599e-06 3.3098626012e-03 -3.3023776123e-03 -8.0033189410e-14 -7.4849887927e-06 -4.9298676096e-14
d  7.2450116125e-03 5.0715078752e+00 -2.0000000000e-01 2.2576369135e+00 3.0000000000e+02 -3.4234419184e-03 7.9410006466e-14 7.5254563782e-06 3.4234419184e-03 -3.4159164619e-03 -7.9390006463e-14 -7.5254563912e-06 -4.9033089001e-14
d  7.2844728279e-03 5.0991307246e+00 -2.0000000000e-01 2.2719228464e+00 3.0000000000e+02 -3.5583859112e-03 7.8377999225e-14 7.5730761548e-06 3.5583859113e-03 -3.5508128350e-03 -7.8357999220e-14 -7.5730761759e-06 -4.8645642333e-14
d  7.3318262864e-03 5.1322781439e+00 -2.0000000000e-01 2.2886594885e+00 3.0000000000e+02 -3.7183682928e-03 7.7191491850e-14 7.6288649618e-06 3.7183682928e-03 -3.7107394277e-03 -7.7171491848e-14 -7.6288649738e-06 -4.8190081338e-14
d  7.3886504367e-03 5.1720550471e+00 -2.0000000000e-01 2.3082562148e+00 3.0000000000e+02 -3.9080664302e-03 7.6130189543e-14 7.6941873828e-06 3.9080664302e-03 -3.9003722427e-03 -7.6110189541e-14 -7.6941873989e-06 -4.7774434981e-14
d  7.4568394169e-03 5.2197873309e+00 -2.0000000000e-01 2.3309900825e+00 3.0000000000e+02 -4.1311723002e-03 7.4472285988e-14 7.7699669417e-06 4.1311723002e-03 -4.1234023331e-03 -7.4452285987e-14 -7.7699669465e-06 -4.7136763735e-14
d  7.5386661933e-03 5.2770660714e+00 -2.0000000000e-01 2.3573022372e+00 3.0000000000e+02 -4.3914516375e-03 7.2934568735e-14 7.8576741238e-06 4.3914516375e-03 -4.3835939632e-03 -7.2914568735e-14 -7.8576741303e-06 -4.6549977339e-14
d  7.6368583248e-03 5.3458005601e+00 -2.0000000000e-01 2.3874884992e+00 3.0000000000e+02 -4.6936258926e-03 7.1040793860e-14 7.9582949974e-06 4.6936258926e-03 -4.6856675975e-03 -7.1020793859e-14 -7.9582950064e-06 -4.5798138473e-14
d  7.7546888828e-03 5.4282819465e+00 -2.0000000000e-01 2.4218574549e+00 3.0000000000e+02 -5.0415576969e-03 6.9024229733e-14 8.0728581831e-06 5.0415576969e-03 -5.0334848386e-03 -6.9004229733e-14 -8.0728581869e-06 -4.4987068210e-14
d  7.8960855522e-03 5.5272596102e+00 -2.0000000000e-01 2.4606892481e+00 3.0000000000e+02 -5.4382843350e-03 6.6903032476e-14 8.2022974935e-06 5.4382843350e-03 -5.4300820374e-03 -6.6883032476e-14 -8.2022974990e-06 -4.4120440160e-14
d  8.0657615556e-03 5.6460328066e+00 -2.0000000000e-01 2.5012202781e+00 3.0000000000e+02 -5.9038460391e-03 6.1518961672e-14 8.3374009269e-06 5.9038460391e-03 -5.8955086381e-03 -6.1498961671e-14 -8.3374009301e-06 -4.1862017838e-14
d  8.2693727597e-03 5.7885606424e+00 -2.0000000000e-01 2.5461712524e+00 3.0000000000e+02 -6.4228291741e-03 6.0674737671e-14 8.4872375081e-06 6.4228291741e-03 -6.4143419365e-03 -6.0654737671e-14 -8.4872375123e-06 -4.1464659791e-14
d  8.5137062046e-03 5.9595940452e+00 -2.0000000000e-01 2.5958950502e+00 3.0000000000e+02 -6.9985978292e-03 5.9035679765e-14 8.6529835006e-06 6.9985978292e-03 -6.9899448456e-03 -5.9015679765e-14 -8.6529835029e-06 -4.0663332740e-14
d  8.5714290000e-03 6.0000000000e+00 -2.0000000000e-01 2.6070787636e+00 3.0000000000e+02 -7.1283160767e-03 5.8912412974e-14 8.6902625453e-06 7.1283160767e-03 -7.1196258140e-03 -5.8892412974e-14 -8.6902625493e-06 -4.0562493523e-14
d  8.6406963545e-03 5.9515128656e+00 -2.0000000000e-01 2.5936343629e+00 3.0000000000e+02 -6.9723873560e-03 -1.2353310279e-13 8.6454478764e-06 6.9723873560e-03 -6.9637419083e-03 1.2355310279e-13 -8.6454478721e-06 8.5023055237e-14
d  8.7238171799e-03 5.8933283043e+00 -2.0000000000e-01 2.5771127306e+00 3.0000000000e+02 -6.7808922605e-03 -5.9737037282e-14 8.5903757686e-06 6.7808922605e-03 -6.7723018849e-03 5.9757037282e-14 -8.5903757637e-06 4.1009565724e-14
d  8.8235621704e-03 5.8235068307e+00 -2.0000000000e-01 2.5566715433e+00 3.0000000000e+02 -6.5442820754e-03 -6.0420947885e-14 8.5222384776e-06 6.5442820754e-03 -6.5357598370e-03 6.0440947884e-14 -8.5222384719e-06 4.1342871554e-14
d  8.9432561591e-03 5.7397210624e+00 -2.0000000000e-01 2.5311662406e+00 3.0000000000e+02 -6.2494573522e-03 -6.1373474520e-14 8.4372208022e-06 6.2494573522e-03 -6.2410201315e-03 6.1393474519e-14 -8.4372207956e-06 4.1785834747e-14
d  9.0868889454e-03 5.6391781405e+00 -2.0000000000e-01 2.4989643886e+00 3.0000000000e+02 -5.8778396463e-03 -6.2762586992e-14 8.3298812954e-06 5.8778396463e-03 -5.8695097652e-03 6.2782586991e-14 -8.3298812882e-06 4.2399813973e-14
d  9.2592482890e-03 5.5185266341e+00 -2.0000000000e-01 2.4573620028e+00 3.0000000000e+02 -5.4041675782e-03 -6.5131046558e-14 8.1912066759e-06 5.4041675782e-03 -5.3959763716e-03 6.5151046557e-14 -8.1912066691e-06 4.3396524056e-14
d  9.4660795013e-03 5.3737448265e+00 -2.0000000000e-01 2.3993481061e+00 3.0000000000e+02 -4.8133132479e-03 -7.1205104415e-14 7.9978270202e-06 4.8133132479e-03 -4.8053154210e-03 7.1225104415e-14 -7.9978270143e-06 4.5906402014e-14
d  9.7142769561e-03 5.2000066574e+00 -2.0000000000e-01 2.3216672761e+00 3.0000000000e+02 -4.0393264157e-03 -7.4822660724e-14 7.7388909204e-06 4.0393264157e-03 -4.0315875249e-03 7.4842660724e-14 -7.7388909160e-06 4.7310976961e-14
d  1.0000000000e-02 5.0000005833e+00 -2.0000000000e-01 2.2191849662e+00 3.0000000000e+02 -3.0680972300e-03 -8.1499726774e-14 7.3972832205e-06 3.0680972300e-03 -3.0606999469e-03 8.1519726773e-14 -7.3972832019e-06 4.9862209284e-14
d  1.0342867653e-02 4.7599932944e+00 -2.0000000000e-01 2.0787232190e+00 3.0000000000e+02 -1.9194943886e-03 -8.7679447260e-14 6.9290773968e-06 1.9194943886e-03 -1.9125653113e-03 8.7699447260e-14 -6.9290773940e-06 5.2412838019e-14
d  1.0713303015e-02 4.5006886141e+00 -2.0000000000e-01 1.9053623915e+00 3.0000000000e+02 -9.6631498990e-04 -9.3146162069e-14 6.3512079722e-06 9.6631498928e-04 -9.5996378231e-04 9.3166162049e-14 -6.3512071122e-06 5.5132198301e-14
d  1.0923821731e-02 4.3533255545e+00 -2.0000000000e-01 1.8032802391e+00 3.0000000000e+02 -6.5126876173e-04 -9.0141301781e-14 6.0109341289e-06 6.5126876297e-04 -6.4525782726e-04 9.0161301898e-14 -6.0109358557e-06 5.4699364765e-14
d  1.1053045116e-02 4.2628692108e+00 -2.0000000000e-01 1.7424463703e+00 3.0000000000e+02 -5.1992082927e-04 -8.6167762971e-14 5.8081545656e-06 5.1992083077e-04 -5.1411267417e-04 8.6187763339e-14 -5.8081567357e-06 5.3461892509e-14
d  1.1182591987e-02 4.1721864269e+00 -2.0000000000e-01 1.6842882247e+00 3.0000000000e+02 -4.2029540420e-04 -8.2124890576e-14 5.6142940802e-06 4.2029540546e-04 -4.1468110959e-04 8.2144891101e-14 -5.6142960036e-06 5.2122423356e-14
d  1.1338048232e-02 4.0633670861e+00 -2.0000000000e-01 1.6173889119e+00 3.0000000000e+02 -3.2936436826e-04 -7.9561060951e-14 5.3912963730e-06 3.2936436834e-04 -3.2397307197e-04 7.9581060995e-14 -5.3912965041e-06 5.1263645439e-14
d  1.1428570000e-02 4.0000018667e+00 -2.0000000000e-01 1.5796269075e+00 3.0000000000e+02 -2.8670934276e-04 -7.8554949752e-14 5.2654230245e-06 2.8670934289e-04 -2.8144391978e-04 7.8574949884e-14 -5.2654232395e-06 5.0888903421e-14
d  1.1537196121e-02 3.9239636033e+00 -2.0000000000e-01 1.5354902963e+00 3.0000000000e+02 -2.4317036386e-04 -7.7023979994e-14 5.1183009872e-06 2.4317036401e-04 -2.3805206289e-04 7.7043980175e-14 -5.1183012429e-06 5.0318650838e-14
d  1.1667547467e-02 3.8327176872e+00 -2.0000000000e-01 1.4841585163e+00 3.0000000000e+02 -1.9978594218e-04 -7.5360090488e-14 4.9471950536e-06 1.9978594238e-04 -1.9483874711e-04 7.5380090744e-14 -4.9471953983e-06 4.9679061254e-14
d  1.1823969082e-02 3.7232225880e+00 -2.0000000000e-01 1.4248648970e+00 3.0000000000e+02 -1.5770459351e-04 -7.3481219737e-14 4.7495496553e-06 1.5770459380e-04 -1.5295504374e-04 7.3501220165e-14 -4.7495501829e-06 4.8923627446e-14
d  1.2011675019e-02 3.5918284689e+00 -2.0000000000e-01 1.3568728890e+00 3.0000000000e+02 -1.1819501594e-04 -7.1484206328e-14 4.5229096298e-06 1.1819501599e-04 -1.1367210638e-04 7.1504206411e-14 -4.5229097231e-06 4.8078856145e-14
d  1.2142860000e-02 3.4999990083e+00 -2.0000000000e-01 1.3109480211e+00 3.0000000000e+02 -9.5955925179e-05 -7.0858938701e-14 4.3698267367e-06 9.5955925191e-05 -9.1586098548e-05 7.0878938735e-14 -4.3698267613e-06 4.7722676428e-14
d  1.2300281977e-02 3.3898036557e+00 -2.0000000000e-01 1.2573990695e+00 3.0000000000e+02 -7.3885002169e-05 -7.0067825827e-14 4.1913302313e-06 7.3885002201e-05 -6.9693672021e-05 7.0087825934e-14 -4.1913302979e-06 4.7262305006e-14
d  1.2489188349e-02 3.2575692325e+00 -2.0000000000e-01 1.1950179763e+00 3.0000000000e+02 -5.2848767679e-05 -6.9564899276e-14 3.9833932541e-06 5.2848767699e-05 -4.8865374520e-05 6.9584899349e-14 -3.9833932962e-06 4.6841820969e-14
d  1.2715875996e-02 3.0988879247e+00 -2.0000000000e-01 1.1216168008e+00 3.0000000000e+02 -3.3795637374e-05 -7.0303372626e-14 3.7387226692e-06 3.3795637383e-05 -3.0056914811e-05 7.0323372666e-14 -3.7387226894e-06 4.6730142187e-14
d  1.2857140000e-02 3.0000031500e+00 -2.0000000000e-01 1.0760873884e+00 3.0000000000e+02 -2.4709155469e-05 -7.1696022631e-14 3.5869579612e-06 2.4709155473e-05 -2.1122197621e-05 7.1716022664e-14 -3.5869579704e-06 4.6895744263e-14
d  1.3026656805e-02 2.8813414203e+00 -2.0000000000e-01 1.0208862457e+00 3.0000000000e+02 -1.6176339309e-05 -7.4328295804e-14 3.4029541521e-06 1.6176339310e-05 -1.2773385275e-05 7.4348295824e-14 -3.4029541568e-06 4.7319833567e-14
d  1.3230076970e-02 2.7389473447e+00 -2.0000000000e-01 9.5229361038e-01 3.0000000000e+02 -8.8933706616e-06 -7.9906830988e-14 3.1743120325e-06 8.8933707180e-06 -5.7190586960e-06 7.9926831644e-14 -3.1743121503e-06 4.8354718608e-14
d  1.3352129070e-02 2.6535108993e+00 -2.0000000000e-01 9.0855555573e-01 3.0000000000e+02 -5.8975536263e-06 -8.6925893803e-14 3.0285185187e-06 5.8975536343e-06 -2.8690352357e-06 8.6945893994e-14 -3.0285185352e-06 4.9743684841e-14
d  1.3425360329e-02 2.6022490321e+00 -2.0000000000e-01 8.8048620725e-01 3.0000000000e+02 -4.5624361541e-06 -9.4564857630e-14 2.9349540241e-06 4.5624361541e-06 -1.6274822753e-06 9.4584857642e-14 -2.9349540247e-06 5.1315714132e-14
d  1.3513237841e-02 2.5407347914e+00 -2.0000000000e-01 8.4256808150e-01 3.0000000000e+02 -3.4564892800e-06 -1.0815178813e-13 2.8085602635e-06 3.4564894052e-06 -6.4792912748e-07 1.0817179456e-13 -2.8085604408e-06 5.4905687215e-14
d  1.3571430000e-02 2.5000002917e+00 -2.0000000000e-01 8.1367729303e-01 3.0000000000e+02 -3.0124505218e-06 -1.1878109891e-13 2.7122575977e-06 3.0124511689e-06 -3.0019293187e-07 1.1880114922e-13 -2.7122584141e-06 5.8311128770e-14
d  1.3606345295e-02 2.4755595918e+00 -2.0000000000e-01 7.9525937429e-01 3.0000000000e+02 -2.8171402063e-06 -1.2758356081e-13 2.6508645699e-06 2.8171403559e-06 -1.6627579011e-07 1.2760358303e-13 -2.6508647529e-06 5.9533332792e-14
d  1.3627294473e-02 2.4608951719e+00 -2.0000000000e-01 7.8401690176e-01 3.0000000000e+02 -2.7137860873e-06 -1.4312049297e-13 2.6133896868e-06 2.7137858986e-06 -1.0039664737e-07 1.4314043069e-13 -2.6133894549e-06 6.0437983967e-14
d  1.3633579226e-02 2.4564958459e+00 -2.0000000000e-01 7.8070040101e-01 3.0000000000e+02 -2.6809609520e-06 -1.7019636116e-13 2.6023346496e-06 2.6809612196e-06 -7.8626460144e-08 1.7021671864e-13 -2.6023349910e-06 6.1310546890e-14
d  1.3635464652e-02 2.4551760481e+00 -2.0000000000e-01 7.7974053658e-01 3.0000000000e+02 -2.6696302593e-06 -2.0478318091e-13 2.5991350965e-06 2.6696305915e-06 -7.0495328488e-08 2.0480494426e-13 -2.5991355302e-06 6.2321077160e-14
d  1.3636595907e-02 2.4543841695e+00 -2.0000000000e-01 7.7919121852e-01 3.0000000000e+02 -2.6616773027e-06 -2.5046395665e-13 2.5973040452e-06 2.6616775186e-06 -6.4373499434e-08 2.5048644811e-13 -2.5973043332e-06 6.3633585248e-14
d  1.3637274661e-02 2.4539090423e+00 -2.0000000000e-01 7.7888565219e-01 3.0000000000e+02 -2.6558563089e-06 -3.1658237810e-13 2.5962854993e-06 2.6558564124e-06 -5.9571156036e-08 3.1660454828e-13 -2.5962856385e-06 6.5566340876e-14
d  1.3637681913e-02 2.4536239659e+00 -2.0000000000e-01 7.7872189530e-01 3.0000000000e+02 -2.6515070243e-06 -4.0829751510e-13 2.5957396387e-06 2.6515071849e-06 -5.5767812717e-08 4.0832280537e-13 -2.5957398489e-06 6.8355944076e-14
d  1.3638170615e-02 2.4532818743e+00 -2.0000000000e-01 7.7859184883e-01 3.0000000000e+02 -2.6433769080e-06 -7.5743227682e-13 2.5953061535e-06 2.6433770283e-06 -4.8071543252e-08 7.5745773810e-13 -2.5953063218e-06 7.9373193646e-14
d  1.3638463837e-02 2.4530766194e+00 -2.0000000000e-01 7.7861274271e-01 3.0000000000e+02 -2.6341749660e-06 -1.6465310210e-12 2.5953757967e-06 2.6341751256e-06 -3.8800882713e-08 1.6465597821e-12 -2.5953760013e-06 1.1184500934e-13
d  1.3638639769e-02 2.4529534664e+00 -2.0000000000e-01 7.7867601079e-01 3.0000000000e+02 -2.6264457141e-06 -2.7475890047e-12 2.5955867133e-06 2.6264455763e-06 -3.0861929394e-08 2.7476024091e-12 -2.5955865560e-06 1.6150757615e-13
d  1.3638850889e-02 2.4528056829e+00 -2.0000000000e-01 7.7876223186e-01 3.0000000000e+02 -2.6167356075e-06 -3.8890617747e-12 2.5958741114e-06 2.6167355406e-06 -2.0865619023e-08 3.8890795937e-12 -2.5958740378e-06 2.2703417929e-13
d  1.3639104232e-02 2.4526283426e+00 -2.0000000000e-01 7.7878710001e-01 3.0000000000e+02 -2.6085264322e-06 -3.7649448076e-12 2.5959570027e-06 2.6085263972e-06 -1.2573440194e-08 3.7649640550e-12 -2.5959569650e-06 2.4300442611e-13
d  1.3639408244e-02 2.4524155342e+00 -2.0000000000e-01 7.7871664772e-01 3.0000000000e+02 -2.6030575390e-06 -2.9950570248e-12 2.5957221610e-06 2.6030575143e-06 -7.3385903061e-09 2.9950766331e-12 -2.5957221346e-06 2.1550595731e-13
d  1.3639773059e-02 2.4521601642e+00 -2.0000000000e-01 7.7856244271e-01 3.0000000000e+02 -2.5995331060e-06 -2.3212407733e-12 2.5952081447e-06 2.5995330763e-06 -4.3274678516e-09 2.3212604020e-12 -2.5952081129e-06 1.8316366327e-13
d  1.3640155220e-02 2.4518926514e+00 -2.0000000000e-01 7.7836735912e-01 3.0000000000e+02 -2.5973021245e-06 -1.9373468027e-12 2.5945578638e-06 2.5973021228e-06 -2.7463609305e-09 1.9373667862e-12 -2.5945578624e-06 1.6305116013e-13
d  1.3640571885e-02 2.4516009858e+00 -2.0000000000e-01 7.7813804377e-01 3.0000000000e+02 -2.5955930823e-06 -1.6884250392e-12 2.5937934798e-06 2.5955930746e-06 -1.8014411044e-09 1.6884449627e-12 -2.5937934718e-06 1.4989614554e-13
d  1.3641071884e-02 2.4512509870e+00 -2.0000000000e-01 7.7785239223e-01 3.0000000000e+02 -2.5939984685e-06 -1.4943730614e-12 2.5928413075e-06 2.5939984678e-06 -1.1587947711e-09 1.4943930583e-12 -2.5928413071e-06 1.3963297567e-13
d  1.3641671882e-02 2.4508309885e+00 -2.0000000000e-01 7.7750240453e-01 3.0000000000e+02 -2.5923995165e-06 -1.3326835934e-12 2.5916746818e-06 2.5923995160e-06 -7.2629809704e-10 1.3327035919e-12 -2.5916746816e-06 1.3097968141e-13
d  1.3642391879e-02 2.4503269902e+00 -2.0000000000e-01 7.7707744178e-01 3.0000000000e+02 -2.5906990562e-06 -1.1859726767e-12 2.5902581394e-06 2.5906990550e-06 -4.4222560275e-10 1.1859926712e-12 -2.5902581384e-06 1.2300981837e-13
d  1.3643255876e-02 2.4497221924e+00 -2.0000000000e-01 7.7656409553e-01 3.0000000000e+02 -2.5888086886e-06 -1.0347971450e-12 2.5885469851e-06 2.5888086879e-06 -2.6285264120e-10 1.0348171431e-12 -2.5885469848e-06 1.1464985908e-13
d  1.3644289585e-02 2.4489985968e+00 -2.0000000000e-01 7.7594771357e-01 3.0000000000e+02 -2.5866467485e-06 -8.6768119220e-13 2.5864923786e-06 2.5866467483e-06 -1.5534260225e-10 8.6770119210e-13 -2.5864923786e-06 1.0524219447e-13
d  1.3645487594e-02 2.4481599906e+00 -2.0000000000e-01 7.7523211844e-01 3.0000000000e+02 -2.5842007004e-06 -7.0988916396e-13 2.5841070615e-06 2.5842006998e-06 -9.4444748954e-11 7.0990916286e-13 -2.5841070612e-06 9.6244505203e-14
d  1.3646894786e-02 2.4471749565e+00 -2.0000000000e-01 7.7439095317e-01 3.0000000000e+02 -2.5813617764e-06 -5.7605567918e-13 2.5813031772e-06 2.5813617760e-06 -5.9263508066e-11 5.7607567877e-13 -2.5813031772e-06 8.8544530670e-14
d  1.3648583416e-02 2.4459929155e+00 -2.0000000000e-01 7.7338131368e-01 3.0000000000e+02 -2.5779754214e-06 -4.6634271293e-13 2.5779377123e-06 2.5779754212e-06 -3.8257430872e-11 4.6636271292e-13 -2.5779377123e-06 8.2186618470e-14
d  1.3650609773e-02 2.4445744663e+00 -2.0000000000e-01 7.7216977265e-01 3.0000000000e+02 -2.5739243235e-06 -3.7859540824e-13 2.5738992422e-06 2.5739243232e-06 -2.5536667782e-11 3.7861540824e-13 -2.5738992422e-06 7.7067060571e-14
d  1.3653041401e-02 2.4428723272e+00 -2.0000000000e-01 7.7071617503e-01 3.0000000000e+02 -2.5690712111e-06 -3.0946142686e-13 2.5690539168e-06 2.5690712109e-06 -1.7676506104e-11 3.0948142688e-13 -2.5690539169e-06 7.3007097168e-14
d  1.3655959354e-02 2.4408297604e+00 -2.0000000000e-01 7.6897234075e-01 3.0000000000e+02 -2.5632535179e-06 -2.5558891170e-13 2.5632411358e-06 2.5632535176e-06 -1.2707164187e-11 2.5560891170e-13 -2.5632411359e-06 6.9823063936e-14
d  1.3659460899e-02 2.4383786802e+00 -2.0000000000e-01 7.6688050363e-01 3.0000000000e+02 -2.5562775589e-06 -2.1377695051e-13 2.5562683454e-06 2.5562775587e-06 -9.4942766417e-12 2.1379695051e-13 -2.5562683455e-06 6.7335629053e-14
d  1.3663662752e-02 2.4354373839e+00 -2.0000000000e-01 7.6437143926e-01 3.0000000000e+02 -2.5479119263e-06 -1.8149718704e-13 2.5479047975e-06 2.5479119261e-06 -7.3753941046e-12 1.8151718707e-13 -2.5479047976e-06 6.5401846666e-14
d  1.3666183863e-02 2.4336726062e+00 -2.0000000000e-01 7.6286660629e-01 3.0000000000e+02 -2.5428950376e-06 -1.6805101074e-13 2.5428886875e-06 2.5428950390e-06 -6.5823533032e-12 1.6807101300e-13 -2.5428886893e-06 6.4587974381e-14
d  1.3669209197e-02 2.4315548728e+00 -2.0000000000e-01 7.6106141051e-01 3.0000000000e+02 -2.5368770399e-06 -1.5563593779e-13 2.5368713684e-06 2.5368770397e-06 -5.8907002328e-12 1.5565593781e-13 -2.5368713685e-06 6.3836194175e-14
d  1.3671024398e-02 2.4302842329e+00 -2.0000000000e-01 7.5997861070e-01 3.0000000000e+02 -2.5332673935e-06 -1.4961206406e-13 2.5332620355e-06 2.5332673949e-06 -5.5706561477e-12 1.4963206713e-13 -2.5332620373e-06 6.3469585827e-14
d  1.3673202639e-02 2.4287594649e+00 -2.0000000000e-01 7.5867956595e-01 3.0000000000e+02 -2.5289369329e-06 -1.4345245134e-13 2.5289318865e-06 2.5289369327e-06 -5.2526496965e-12 1.4347245144e-13 -2.5289318866e-06 6.3093902921e-14
d  1.3675816527e-02 2.4269297433e+00 -2.0000000000e-01 7.5712116707e-01 3.0000000000e+02 -2.5237419663e-06 -1.3727997659e-13 2.5237372236e-06 2.5237419660e-06 -4.9423937424e-12 1.3729997661e-13 -2.5237372236e-06 6.2715842460e-14
d  1.3677384860e-02 2.4258319104e+00 -2.0000000000e-01 7.5618636657e-01 3.0000000000e+02 -2.5206258118e-06 -1.3409450257e-13 2.5206212219e-06 2.5206258116e-06 -4.7862186594e-12 1.3411450262e-13 -2.5206212220e-06 6.2519743950e-14
d  1.3679266860e-02 2.4245145108e+00 -2.0000000000e-01 7.5506484297e-01 3.0000000000e+02 -2.5168872396e-06 -1.3070132527e-13 2.5168828099e-06 2.5168872394e-06 -4.6223945153e-12 1.3072132539e-13 -2.5168828101e-06 6.2310216373e-14
d  1.3681525260e-02 2.4229336314e+00 -2.0000000000e-01 7.5371935665e-01 3.0000000000e+02 -2.5124021202e-06 -1.2713410611e-13 2.5123978555e-06 2.5124021199e-06 -4.4535998199e-12 1.2715410613e-13 -2.5123978556e-06 6.2088972875e-14
d  1.3682880300e-02 2.4219851037e+00 -2.0000000000e-01 7.5291224428e-01 3.0000000000e+02 -2.5097116588e-06 -1.2525330241e-13 2.5097074809e-06 2.5097116585e-06 -4.3647722313e-12 1.2527330246e-13 -2.5097074810e-06 6.1971713252e-14
d  1.3684506348e-02 2.4208468705e+00 -2.0000000000e-01 7.5194388734e-01 3.0000000000e+02 -2.5064837083e-06 -1.2318397520e-13 2.5064796245e-06 2.5064837081e-06 -4.2685847213e-12 1.2320397528e-13 -2.5064796246e-06 6.1842279305e-14
d  1.3686457605e-02 2.4194809907e+00 -2.0000000000e-01 7.5078211547e-01 3.0000000000e+02 -2.5026110352e-06 -1.2095707360e-13 2.5026070516e-06 2.5026110351e-06 -4.1660285893e-12 1.2097707387e-13 -2.5026070518e-06 6.1702332208e-14
d  1.3688799114e-02 2.4178419349e+00 -2.0000000000e-01 7.4938835962e-01 3.0000000000e+02 -2.4979650775e-06 -1.1860438458e-13 2.4979611987e-06 2.4979650773e-06 -4.0586487459e-12 1.1862438459e-13 -2.4979611988e-06 6.1553543846e-14
d  1.3690204020e-02 2.4168585014e+00 -2.0000000000e-01 7.4855230048e-01 3.0000000000e+02 -2.4951781578e-06 -1.1735282829e-13 2.4951743349e-06 2.4951781576e-06 -4.0014131896e-12 1.1737282835e-13 -2.4951743350e-06 6.1473853528e-14
d  1.3691889906e-02 2.4156783812e+00 -2.0000000000e-01 7.4754922233e-01 3.0000000000e+02 -2.4918345029e-06 -1.1597138674e-13 2.4918307411e-06 2.4918345027e-06 -3.9388581570e-12 1.1599138675e-13 -2.4918307412e-06 6.1385472788e-14
d  1.3693912970e-02 2.4142622370e+00 -2.0000000000e-01 7.4634580675e-01 3.0000000000e+02 -2.4878230519e-06 -1.1448123720e-13 2.4878193558e-06 2.4878230516e-06 -3.8714819388e-12 1.1450123722e-13 -2.4878193559e-06 6.1289485192e-14
d  1.3696340646e-02 2.4125628639e+00 -2.0000000000e-01 7.4490210957e-01 3.0000000000e+02 -2.4830106583e-06 -1.1290045525e-13 2.4830070319e-06 2.4830106580e-06 -3.8001470977e-12 1.1292045525e-13 -2.4830070320e-06 6.1186757409e-14
d  1.3697797252e-02 2.4115432401e+00 -2.0000000000e-01 7.4403610199e-01 3.0000000000e+02 -2.4801239288e-06 -1.1205167874e-13 2.4801203400e-06 2.4801239286e-06 -3.7617693868e-12 1.1207167883e-13 -2.4801203401e-06 6.1131099723e-14
d  1.3699545179e-02 2.4103196915e+00 -2.0000000000e-01 7.4299710194e-01 3.0000000000e+02 -2.4766605541e-06 -1.1111291006e-13 2.4766570065e-06 2.4766605539e-06 -3.7195261585e-12 1.1113291025e-13 -2.4766570066e-06 6.1069114041e-14
d  1.3701642692e-02 2.4088514332e+00 -2.0000000000e-01 7.4175060353e-01 3.0000000000e+02 -2.4725055146e-06 -1.1010468704e-13 2.4725020118e-06 2.4725055144e-06 -3.6736582632e-12 1.1012468718e-13 -2.4725020119e-06 6.1001848470e-14
d  1.3702901199e-02 2.4079704782e+00 -2.0000000000e-01 7.4100286274e-01 3.0000000000e+02 -2.4700130207e-06 -1.0954926214e-13 2.4700095425e-06 2.4700130205e-06 -3.6484312854e-12 1.0956926220e-13 -2.4700095426e-06 6.0964458730e-14
d  1.3704411408e-02 2.4069133322e+00 -2.0000000000e-01 7.4010573076e-01 3.0000000000e+02 -2.4670225532e-06 -1.0893944418e-13 2.4670191025e-06 2.4670225530e-06 -3.6201844446e-12 1.0895944433e-13 -2.4670191027e-06 6.0923007817e-14
d  1.3706223659e-02 2.4056447570e+00 -2.0000000000e-01 7.3902939831e-01 3.0000000000e+02 -2.4634347478e-06 -1.0823975519e-13 2.4634313277e-06 2.4634347475e-06 -3.5889136243e-12 1.0825975520e-13 -2.4634313278e-06 6.0875207204e-14
d  1.3708398360e-02 2.4041224668e+00 -2.0000000000e-01 7.3773812615e-01 3.0000000000e+02 -2.4591304739e-06 -1.0752855664e-13 2.4591270872e-06 2.4591304736e-06 -3.5547486145e-12 1.0754855667e-13 -2.4591270873e-06 6.0825552750e-14
d  1.3709703181e-02 2.4032090926e+00 -2.0000000000e-01 7.3696353464e-01 3.0000000000e+02 -2.4565484837e-06 -1.0711847971e-13 2.4565451155e-06 2.4565484835e-06 -3.5358584426e-12 1.0713847977e-13 -2.4565451156e-06 6.0796739557e-14
d  1.3711268965e-02 2.4021130437e+00 -2.0000000000e-01 7.3603419488e-01 3.0000000000e+02 -2.4534506637e-06 -1.0667169197e-13 2.4534473163e-06 2.4534506635e-06 -3.5146157119e-12 1.0669169200e-13 -2.4534473163e-06 6.0764915745e-14
d  1.3713147907e-02 2.4007977849e+00 -2.0000000000e-01 7.3491923248e-01 3.0000000000e+02 -2.4497340993e-06 -1.0617766989e-13 2.4497307749e-06 2.4497340991e-06 -3.4909764089e-12 1.0619766991e-13 -2.4497307750e-06 6.0729254065e-14
d  1.3715402637e-02 2.3992194744e+00 -2.0000000000e-01 7.3358163165e-01 3.0000000000e+02 -2.4452754044e-06 -1.0564184730e-13 2.4452721055e-06 2.4452754042e-06 -3.4649868292e-12 1.0566184730e-13 -2.4452721056e-06 6.0689884164e-14
d  1.3716755475e-02 2.3982724881e+00 -2.0000000000e-01 7.3277925693e-01 3.0000000000e+02 -2.4426008079e-06 -1.0534943658e-13 2.4425975231e-06 2.4426008077e-06 -3.4505332455e-12 1.0536943666e-13 -2.4425975232e-06 6.0668005352e-14
d  1.3718378880e-02 2.3971361045e+00 -2.0000000000e-01 7.3181659155e-01 3.0000000000e+02 -2.4393919073e-06 -1.0501799454e-13 2.4393886385e-06 2.4393919071e-06 -3.4342013395e-12 1.0503799467e-13 -2.4393886386e-06 6.0642919458e-14
d  1.3720326967e-02 2.3957724443e+00 -2.0000000000e-01 7.3066165897e-01 3.0000000000e+02 -2.4355421142e-06 -1.0466109726e-13 2.4355388632e-06 2.4355421139e-06 -3.4159183124e-12 1.0468109730e-13 -2.4355388633e-06 6.0615271199e-14
d  1.3721495819e-02 2.3949542481e+00 -2.0000000000e-01 7.2996883890e-01 3.0000000000e+02 -2.4332327038e-06 -1.0446053347e-13 2.4332294630e-06 2.4332327036e-06 -3.4055877603e-12 1.0448053352e-13 -2.4332294631e-06 6.0599492503e-14
d  1.3722898441e-02 2.3939724127e+00 -2.0000000000e-01 7.2913759314e-01 3.0000000000e+02 -2.4304618730e-06 -1.0423749727e-13 2.4304586438e-06 2.4304618728e-06 -3.3937677889e-12 1.0425749737e-13 -2.4304586439e-06 6.0581619410e-14
d  1.3724581588e-02 2.3927942102e+00 -2.0000000000e-01 7.2814029774e-01 3.0000000000e+02 -2.4271375419e-06 -1.0397612639e-13 2.4271343258e-06 2.4271375418e-06 -3.3803455743e-12 1.0399612684e-13 -2.4271343261e-06 6.0560541761e-14
d  1.3726601365e-02 2.3913803672e+00 -2.0000000000e-01 7.2694383446e-01 3.0000000000e+02 -2.4231493161e-06 -1.0370001450e-13 2.4231461148e-06 2.4231493161e-06 -3.3652338130e-12 1.0372001482e-13 -2.4231461151e-06 6.0537395736e-14
d  1.3727813230e-02 2.3905320614e+00 -2.0000000000e-01 7.2622610873e-01 3.0000000000e+02 -2.4207568886e-06 -1.0354303296e-13 2.4207536958e-06 2.4207568884e-06 -3.3566512012e-12 1.0356303302e-13 -2.4207536959e-06 6.0524065769e-14
d  1.3729267469e-02 2.3895140945e+00 -2.0000000000e-01 7.2536498765e-01 3.0000000000e+02 -2.4178864753e-06 -1.0338353014e-13 2.4178832922e-06 2.4178864751e-06 -3.3467885418e-12 1.0340353015e-13 -2.4178832922e-06 6.0509849417e-14
d  1.3731012556e-02 2.3882925342e+00 -2.0000000000e-01 7.2433185842e-01 3.0000000000e+02 -2.4144427002e-06 -1.0318604762e-13 2.4144395281e-06 2.4144427000e-06 -3.3355306102e-12 1.0320604763e-13 -2.4144395281e-06 6.0492394961e-14
d  1.3733106660e-02 2.3868266618e+00 -2.0000000000e-01 7.2309241512e-01 3.0000000000e+02 -2.4103112100e-06 -1.0297238804e-13 2.4103080504e-06 2.4103112098e-06 -3.3227736312e-12 1.0299238807e-13 -2.4103080505e-06 6.0472843514e-14
d  1.3734363122e-02 2.3859471383e+00 -2.0000000000e-01 7.2234891272e-01 3.0000000000e+02 -2.4078328615e-06 -1.0285202034e-13 2.4078297091e-06 2.4078328613e-06 -3.3154855500e-12 1.0287202040e-13 -2.4078297092e-06 6.0461574591e-14
d  1.3735870877e-02 2.3848917102e+00 -2.0000000000e-01 7.2145687209e-01 3.0000000000e+02 -2.4048593845e-06 -1.0271890734e-13 2.4048562403e-06 2.4048593842e-06 -3.3070695644e-12 1.0273890737e-13 -2.4048562404e-06 6.0448731165e-14
d  1.3737680183e-02 2.3836251964e+00 -2.0000000000e-01 7.2038665737e-01 3.0000000000e+02 -2.4012919926e-06 -1.0256987460e-13 2.4012888579e-06 2.4012919924e-06 -3.2974047483e-12 1.0258987462e-13 -2.4012888580e-06 6.0433955561e-14
d  1.3739851350e-02 2.3821053799e+00 -2.0000000000e-01 7.1910273746e-01 3.0000000000e+02 -2.3970122487e-06 -1.0240425992e-13 2.3970091249e-06 2.3970122485e-06 -3.2863731524e-12 1.0242426000e-13 -2.3970091250e-06 6.0417007852e-14
d  1.3741154050e-02 2.3811934900e+00 -2.0000000000e-01 7.1833256283e-01 3.0000000000e+02 -2.3944449937e-06 -1.0231003973e-13 2.3944418761e-06 2.3944449935e-06 -3.2800292942e-12 1.0233003980e-13 -2.3944418762e-06 6.0407133979e-14
d  1.3742717291e-02 2.3800992222e+00 -2.0000000000e-01 7.1740852907e-01 3.0000000000e+02 -2.3913648739e-06 -1.0220612760e-13 2.3913617636e-06 2.3913648737e-06 -3.2726638572e-12 1.0222612769e-13 -2.3913617637e-06 6.0395838782e-14
d  1.3744593179e-02 2.3787861007e+00 -2.0000000000e-01 7.1629994424e-01 3.0000000000e+02 -2.3876695828e-06 -1.0209154961e-13 2.3876664808e-06 2.3876695825e-06 -3.2641504148e-12 1.0211154964e-13 -2.3876664809e-06 6.0382811566e-14
d  1.3746844245e-02 2.3772103549e+00 -2.0000000000e-01 7.1497000873e-01 3.0000000000e+02 -2.3832364547e-06 -1.0196300221e-13 2.3832333624e-06 2.3832364546e-06 -3.2543570643e-12 1.0198300235e-13 -2.3832333626e-06 6.0367805301e-14
d  1.3748194885e-02 2.3762649075e+00 -2.0000000000e-01 7.1417224160e-01 3.0000000000e+02 -2.3805772254e-06 -1.0188584179e-13 2.3805741387e-06 2.3805772252e-06 -3.2486864066e-12 1.0190584190e-13 -2.3805741388e-06 6.0358688889e-14
d  1.3749815652e-02 2.3751303706e+00 -2.0000000000e-01 7.1321511290e-01 3.0000000000e+02 -2.3773867898e-06 -1.0180064323e-13 2.3773837096e-06 2.3773867897e-06 -3.2420654288e-12 1.0182064354e-13 -2.3773837098e-06 6.0348266213e-14
d  1.3751760573e-02 2.3737689262e+00 -2.0000000000e-01 7.1206683334e-01 3.0000000000e+02 -2.3735591837e-06 -1.0171534237e-13 2.3735561111e-06 2.3735591836e-06 -3.2343611003e-12 1.0173534251e-13 -2.3735561113e-06 6.0336822951e-14
d  1.3752927526e-02 2.3729520596e+00 -2.0000000000e-01 7.1137800982e-01 3.0000000000e+02 -2.3712631009e-06 -1.0166302529e-13 2.3712600327e-06 2.3712631006e-06 -3.2298568034e-12 1.0168302534e-13 -2.3712600328e-06 6.0329866994e-14
d  1.3754327869e-02 2.3719718197e+00 -2.0000000000e-01 7.1055156456e-01 3.0000000000e+02 -2.3685082781e-06 -1.0160951146e-13 2.3685052152e-06 2.3685082779e-06 -3.2245588229e-12 1.0162951147e-13 -2.3685052153e-06 6.0322077212e-14
d  1.3756008281e-02 2.3707955318e+00 -2.0000000000e-01 7.0956003639e-01 3.0000000000e+02 -2.3652031781e-06 -1.0154075564e-13 2.3652001213e-06 2.3652031779e-06 -3.2183441872e-12 1.0156075565e-13 -2.3652001214e-06 6.0312448457e-14
d  1.3758024775e-02 2.3693839863e+00 -2.0000000000e-01 7.0837050022e-01 3.0000000000e+02 -2.3612380503e-06 -1.0146471053e-13 2.3612350007e-06 2.3612380501e-06 -3.2110743137e-12 1.0148471054e-13 -2.3612350008e-06 6.0301263098e-14
d  1.3759234671e-02 2.3685370590e+00 -2.0000000000e-01 7.0765693467e-01 3.0000000000e+02 -2.3588594943e-06 -1.0142141102e-13 2.3588564489e-06 2.3588594940e-06 -3.2068043189e-12 1.0144141107e-13 -2.3588564490e-06 6.0294682861e-14
d  1.3760686547e-02 2.3675207463e+00 -2.0000000000e-01 7.0680081086e-01 3.0000000000e+02 -2.3560057433e-06 -1.0137119563e-13 2.3560027029e-06 2.3560057430e-06 -3.2017636814e-12 1.0139119565e-13 -2.3560027029e-06 6.0286886968e-14
d  1.3762428798e-02 2.3663011710e+00 -2.0000000000e-01 7.0577368562e-01 3.0000000000e+02 -2.3525819866e-06 -1.0131549484e-13 2.3525789521e-06 2.3525819864e-06 -3.1958253277e-12 1.0133549485e-13 -2.3525789521e-06 6.0277799625e-14
d  1.3764519499e-02 2.3648376806e+00 -2.0000000000e-01 7.0454145761e-01 3.0000000000e+02 -2.3484745530e-06 -1.0125113336e-13 2.3484715254e-06 2.3484745527e-06 -3.1888444198e-12 1.0127113336e-13 -2.3484715254e-06 6.0267027497e-14
d  1.3765773920e-02 2.3639595864e+00 -2.0000000000e-01 7.0380228991e-01 3.0000000000e+02 -2.3460106566e-06 -1.0121487255e-13 2.3460076330e-06 2.3460106564e-06 -3.1847267610e-12 1.0123487261e-13 -2.3460076331e-06 6.0260693698e-14
d  1.3767279224e-02 2.3629058734e+00 -2.0000000000e-01 7.0291545643e-01 3.0000000000e+02 -2.3430545401e-06 -1.0117041446e-13 2.3430515214e-06 2.3430545399e-06 -3.1798498246e-12 1.0119041451e-13 -2.3430515215e-06 6.0253031537e-14
d  1.3769085590e-02 2.3616414177e+00 -2.0000000000e-01 7.0185149821e-01 3.0000000000e+02 -2.3395080070e-06 -1.0112397449e-13 2.3395049940e-06 2.3395080068e-06 -3.1740822053e-12 1.0114397451e-13 -2.3395049941e-06 6.0244243804e-14
d  1.3771253229e-02 2.3601240709e+00 -2.0000000000e-01 7.0057509735e-01 3.0000000000e+02 -2.3352533308e-06 -1.0106823603e-13 2.3352503245e-06 2.3352533305e-06 -3.1672722942e-12 1.0108823603e-13 -2.3352503246e-06 6.0233686203e-14
d  1.3772553812e-02 2.3592136628e+00 -2.0000000000e-01 6.9980944003e-01 3.0000000000e+02 -2.3327011357e-06 -1.0103763784e-13 2.3326981334e-06 2.3327011355e-06 -3.1632405199e-12 1.0105763792e-13 -2.3326981335e-06 6.0227506943e-14
d  1.3774114512e-02 2.3581211731e+00 -2.0000000000e-01 6.9889083298e-01 3.0000000000e+02 -2.3296391075e-06 -1.0099456068e-13 2.3296361099e-06 2.3296391073e-06 -3.1584515475e-12 1.0101456084e-13 -2.3296361101e-06 6.0219702740e-14
d  1.3775987352e-02 2.3568101855e+00 -2.0000000000e-01 6.9778876671e-01 3.0000000000e+02 -2.3259655476e-06 -1.0095690254e-13 2.3259625557e-06 2.3259655474e-06 -3.1527688432e-12 1.0097690259e-13 -2.3259625558e-06 6.0211173785e-14
d  1.3777111056e-02 2.3560235929e+00 -2.0000000000e-01 6.9712766448e-01 3.0000000000e+02 -2.3237618701e-06 -1.0093194680e-13 2.3237588816e-06 2.3237618699e-06 -3.1493909814e-12 1.0095194684e-13 -2.3237588817e-06 6.0205904377e-14
d  1.3778459501e-02 2.3550796818e+00 -2.0000000000e-01 6.9633447858e-01 3.0000000000e+02 -2.3211179132e-06 -1.0090583932e-13 2.3211149286e-06 2.3211179130e-06 -3.1453664094e-12 1.0092583943e-13 -2.3211149287e-06 6.0199789685e-14
d  1.3780077635e-02 2.3539469885e+00 -2.0000000000e-01 6.9538285347e-01 3.0000000000e+02 -2.3179458247e-06 -1.0086134846e-13 2.3179428449e-06 2.3179458246e-06 -3.1405759730e-12 1.0088134892e-13 -2.3179428451e-06 6.0191628491e-14
d  1.3782019396e-02 2.3525877565e+00 -2.0000000000e-01 6.9424118713e-01 3.0000000000e+02 -2.3141402646e-06 -1.0082593957e-13 2.3141372904e-06 2.3141402645e-06 -3.1348778242e-12 1.0084593985e-13 -2.3141372906e-06 6.0182976329e-14
d  1.3783184452e-02 2.3517722173e+00 -2.0000000000e-01 6.9355633622e-01 3.0000000000e+02 -2.3118574248e-06 -1.0080175217e-13 2.3118544541e-06 2.3118574246e-06 -3.1314841597e-12 1.0082175222e-13 -2.3118544542e-06 6.0177585920e-14
d  1.3784582519e-02 2.3507935703e+00 -2.0000000000e-01 6.9273466278e-01 3.0000000000e+02 -2.3091185094e-06 -1.0078683628e-13 2.3091155426e-06 2.3091185091e-06 -3.1274342380e-12 1.0080683628e-13 -2.3091155427e-06 6.0171964330e-14
d  1.3786260201e-02 2.3496191939e+00 -2.0000000000e-01 6.9174886762e-01 3.0000000000e+02 -2.3058325207e-06 -1.0075291204e-13 2.3058295587e-06 2.3058325205e-06 -3.1226054471e-12 1.0077291205e-13 -2.3058295588e-06 6.0164242662e-14
d  1.3788273418e-02 2.3482099422e+00 -2.0000000000e-01 6.9056622186e-01 3.0000000000e+02 -2.3018903624e-06 -1.0071650445e-13 2.3018874062e-06 2.3018903622e-06 -3.1168510326e-12 1.0073650446e-13 -2.3018874063e-06 6.0155184264e-14
d  1.3789481348e-02 2.3473643911e+00 -2.0000000000e-01 6.8985679437e-01 3.0000000000e+02 -2.2995256007e-06 -1.0069503524e-13 2.2995226479e-06 2.2995256005e-06 -3.1134180386e-12 1.0071503529e-13 -2.2995226480e-06 6.0149855332e-14
d  1.3790930865e-02 2.3463497299e+00 -2.0000000000e-01 6.8900564157e-01 3.0000000000e+02 -2.2966884207e-06 -1.0066965283e-13 2.2966854719e-06 2.2966884205e-06 -3.1093164403e-12 1.0068965285e-13 -2.2966854720e-06 6.0143362022e-14
d  1.3792670284e-02 2.3451321364e+00 -2.0000000000e-01 6.8798448925e-01 3.0000000000e+02 -2.2932845748e-06 -1.0064125062e-13 2.2932816308e-06 2.2932845745e-06 -3.1044182896e-12 1.0066125064e-13 -2.2932816309e-06 6.0135709003e-14
d  1.3794757588e-02 2.3436710242e+00 -2.0000000000e-01 6.8675944118e-01 3.0000000000e+02 -2.2892010754e-06 -1.0060625154e-13 2.2891981373e-06 2.2892010752e-06 -3.0985720513e-12 1.0062625156e-13 -2.2891981374e-06 6.0126412280e-14
d  1.3796009970e-02 2.3427943569e+00 -2.0000000000e-01 6.8602458633e-01 3.0000000000e+02 -2.2867515558e-06 -1.0058615368e-13 2.2867486211e-06 2.2867515555e-06 -3.0950796135e-12 1.0060615374e-13 -2.2867486212e-06 6.0120958574e-14
d  1.3797512829e-02 2.3417423562e+00 -2.0000000000e-01 6.8514293203e-01 3.0000000000e+02 -2.2838127040e-06 -1.0056020700e-13 2.2838097734e-06 2.2838127037e-06 -3.0909026304e-12 1.0058020707e-13 -2.2838097735e-06 6.0114303091e-14
d  1.3799316259e-02 2.3404799552e+00 -2.0000000000e-01 6.8408519889e-01 3.0000000000e+02 -2.2802869218e-06 -1.0053397715e-13 2.2802839963e-06 2.2802869216e-06 -3.0859086723e-12 1.0055397717e-13 -2.2802839964e-06 6.0106420605e-14
d  1.3801480376e-02 2.3389650741e+00 -2.0000000000e-01 6.8281627963e-01 3.0000000000e+02 -2.2760571851e-06 -1.0050040878e-13 2.2760542654e-06 2.2760571848e-06 -3.0799400933e-12 1.0052040880e-13 -2.2760542655e-06 6.0096970270e-14
d  1.3802778846e-02 2.3380561455e+00 -2.0000000000e-01 6.8205511725e-01 3.0000000000e+02 -2.2735199736e-06 -1.0048127379e-13 2.2735170575e-06 2.2735199734e-06 -3.0763707228e-12 1.0050127388e-13 -2.2735170576e-06 6.0091331203e-14
d  1.3804337010e-02 2.3369654311e+00 -2.0000000000e-01 6.8114191004e-01 3.0000000000e+02 -2.2704759453e-06 -1.0045037249e-13 2.2704730334e-06 2.2704759451e-06 -3.0720983307e-12 1.0047037270e-13 -2.2704730336e-06 6.0084078890e-14
d  1.3806206806e-02 2.3356565738e+00 -2.0000000000e-01 6.8004633205e-01 3.0000000000e+02 -2.2668240136e-06 -1.0042890906e-13 2.2668211068e-06 2.2668240134e-06 -3.0669849061e-12 1.0044890914e-13 -2.2668211069e-06 6.0076308008e-14
d  1.3807328684e-02 2.3348712594e+00 -2.0000000000e-01 6.7938912723e-01 3.0000000000e+02 -2.2646333278e-06 -1.0041220208e-13 2.2646304241e-06 2.2646333276e-06 -3.0639238797e-12 1.0043220212e-13 -2.2646304242e-06 6.0071404878e-14
d  1.3808674938e-02 2.3339288822e+00 -2.0000000000e-01 6.7860062231e-01 3.0000000000e+02 -2.2620049744e-06 -1.0039612193e-13 2.2620020744e-06 2.2620049742e-06 -3.0602568292e-12 1.0041612204e-13 -2.2620020745e-06 6.0065751913e-14
d  1.3810290442e-02 2.3327980295e+00 -2.0000000000e-01 6.7765461986e-01 3.0000000000e+02 -2.2588516286e-06 -1.0035823092e-13 2.2588487328e-06 2.2588516286e-06 -3.0558652750e-12 1.0037823151e-13 -2.2588487332e-06 6.0057828450e-14
d  1.3812229047e-02 2.3314410063e+00 -2.0000000000e-01 6.7651971018e-01 3.0000000000e+02 -2.2550685911e-06 -1.0033587657e-13 2.2550657006e-06 2.2550685911e-06 -3.0506055288e-12 1.0035587704e-13 -2.2550657009e-06 6.0049713543e-14
d  1.3813392210e-02 2.3306267923e+00 -2.0000000000e-01 6.7583893385e-01 3.0000000000e+02 -2.2527993335e-06 -1.0031078494e-13 2.2527964462e-06 2.2527993333e-06 -3.0474562244e-12 1.0033078499e-13 -2.2527964462e-06 6.0043350517e-14
d  1.3814788006e-02 2.3296497356e+00 -2.0000000000e-01 6.7502213078e-01 3.0000000000e+02 -2.2500766529e-06 -1.0031605403e-13 2.2500737693e-06 2.2500766527e-06 -3.0436790514e-12 1.0033605404e-13 -2.2500737693e-06 6.0040104623e-14
d  1.3816462961e-02 2.3284772675e+00 -2.0000000000e-01 6.7404218538e-01 3.0000000000e+02 -2.2468101637e-06 -1.0028666146e-13 2.2468072846e-06 2.2468101635e-06 -3.0391549743e-12 1.0030666147e-13 -2.2468072847e-06 6.0032126375e-14
d  1.3818472907e-02 2.3270703059e+00 -2.0000000000e-01 6.7286656819e-01 3.0000000000e+02 -2.2428914344e-06 -1.0025890806e-13 2.2428885606e-06 2.2428914341e-06 -3.0337339661e-12 1.0027890809e-13 -2.2428885607e-06 6.0023363809e-14
d  1.3819678874e-02 2.3262261289e+00 -2.0000000000e-01 6.7216136434e-01 3.0000000000e+02 -2.2405407516e-06 -1.0024010172e-13 2.2405378811e-06 2.2405407514e-06 -3.0304854794e-12 1.0026010177e-13 -2.2405378812e-06 6.0017977609e-14
d  1.3821126035e-02 2.3252131165e+00 -2.0000000000e-01 6.7131528521e-01 3.0000000000e+02 -2.2377204840e-06 -1.0022235175e-13 2.2377176174e-06 2.2377204838e-06 -3.0265907863e-12 1.0024235178e-13 -2.2377176174e-06 6.0011782475e-14
d  1.3822862629e-02 2.3239975016e+00 -2.0000000000e-01 6.7030022873e-01 3.0000000000e+02 -2.2343369578e-06 -1.0019950930e-13 2.2343340958e-06 2.2343369576e-06 -3.0219219955e-12 1.0021950932e-13 -2.2343340959e-06 6.0004258876e-14
d  1.3824946540e-02 2.3225387637e+00 -2.0000000000e-01 6.6908250453e-01 3.0000000000e+02 -2.2302778715e-06 -1.0017113972e-13 2.2302750151e-06 2.2302778713e-06 -3.0163256325e-12 1.0019113980e-13 -2.2302750152e-06 5.9995170870e-14
d  1.3826196887e-02 2.3216635210e+00 -2.0000000000e-01 6.6835205026e-01 3.0000000000e+02 -2.2278430206e-06 -1.0015240692e-13 2.2278401675e-06 2.2278430204e-06 -3.0129708451e-12 1.0017240698e-13 -2.2278401676e-06 5.9989599306e-14
d  1.3827697304e-02 2.3206132297e+00 -2.0000000000e-01 6.6747568393e-01 3.0000000000e+02 -2.2249217955e-06 -1.0013237917e-13 2.2249189464e-06 2.2249217953e-06 -3.0089476309e-12 1.0015237926e-13 -2.2249189465e-06 5.9983055634e-14
d  1.3829497804e-02 2.3193528802e+00 -2.0000000000e-01 6.6642430223e-01 3.0000000000e+02 -2.2214171851e-06 -1.0011087936e-13 2.2214143408e-06 2.2214171849e-06 -3.0041230886e-12 1.0013087939e-13 -2.2214143408e-06 5.9975344594e-14
d  1.3831658404e-02 2.3178404608e+00 -2.0000000000e-01 6.6516301639e-01 3.0000000000e+02 -2.2172128932e-06 -1.0008230724e-13 2.2172100546e-06 2.2172128930e-06 -2.9983380332e-12 1.0010230731e-13 -2.2172100547e-06 5.9965905467e-14
d  1.3832954763e-02 2.3169330091e+00 -2.0000000000e-01 6.6440644012e-01 3.0000000000e+02 -2.2146909688e-06 -1.0006359590e-13 2.2146881337e-06 2.2146909686e-06 -2.9948690993e-12 1.0008359599e-13 -2.2146881338e-06 5.9960136767e-14
d  1.3834510395e-02 2.3158440671e+00 -2.0000000000e-01 6.6349874228e-01 3.0000000000e+02 -2.2116653053e-06 -1.0003612863e-13 2.2116624743e-06 2.2116653051e-06 -2.9907082415e-12 1.0005612890e-13 -2.2116624744e-06 5.9952902937e-14
d  1.3836377154e-02 2.3145373367e+00 -2.0000000000e-01 6.6240978453e-01 3.0000000000e+02 -2.2080354411e-06 -1.0001911368e-13 2.2080326151e-06 2.2080354409e-06 -2.9857168545e-12 1.0003911380e-13 -2.2080326152e-06 5.9945164194e-14
d  1.3837497208e-02 2.3137532985e+00 -2.0000000000e-01 6.6175655669e-01 3.0000000000e+02 -2.2058580120e-06 -1.0000369247e-13 2.2058551890e-06 2.2058580118e-06 -2.9827232607e-12 1.0002369251e-13 -2.2058551890e-06 5.9940191285e-14
d  1.3838841274e-02 2.3128124526e+00 -2.0000000000e-01 6.6097282887e-01 3.0000000000e+02 -2.2032455824e-06 -9.9991190393e-14 2.2032427629e-06 2.2032455822e-06 -2.9791316860e-12 1.0001119052e-13 -2.2032427630e-06 5.9934584842e-14
d  1.3840454153e-02 2.3116834376e+00 -2.0000000000e-01 6.6003256539e-01 3.0000000000e+02 -2.2001113665e-06 -9.9950882386e-14 2.2001085513e-06 2.2001113665e-06 -2.9748236289e-12 9.9970883114e-14 -2.2001085516e-06 5.9926326228e-14
d  1.3842389608e-02 2.3103286195e+00 -2.0000000000e-01 6.5890455169e-01 3.0000000000e+02 -2.1963513157e-06 -9.9933613972e-14 2.1963485056e-06 2.1963513155e-06 -2.9696540894e-12 9.9953613978e-14 -2.1963485057e-06 5.9918286964e-14
d  1.3843550881e-02 2.3095157287e+00 -2.0000000000e-01 6.5822790216e-01 3.0000000000e+02 -2.1940958142e-06 -9.9931821629e-14 2.1940930072e-06 2.1940958140e-06 -2.9665527249e-12 9.9951821673e-14 -2.1940930073e-06 5.9913963508e-14
d  1.3844944409e-02 2.3085402597e+00 -2.0000000000e-01 6.5741608023e-01 3.0000000000e+02 -2.1913897374e-06 -9.9910754203e-14 2.1913869341e-06 2.1913897372e-06 -2.9628322409e-12 9.9930754216e-14 -2.1913869342e-06 5.9907627157e-14
d  1.3846616642e-02 2.3073696969e+00 -2.0000000000e-01 6.5644212110e-01 3.0000000000e+02 -2.1881432025e-06 -9.9890104546e-14 2.1881404037e-06 2.1881432023e-06 -2.9583679721e-12 9.9910104556e-14 -2.1881404038e-06 5.9900293787e-14
d  1.3848623322e-02 2.3059650215e+00 -2.0000000000e-01 6.5527369794e-01 3.0000000000e+02 -2.1842484533e-06 -9.9864293327e-14 2.1842456598e-06 2.1842484531e-06 -2.9530113321e-12 9.9884293385e-14 -2.1842456599e-06 5.9891416806e-14
d  1.3849827329e-02 2.3051222163e+00 -2.0000000000e-01 6.5457281588e-01 3.0000000000e+02 -2.1819121766e-06 -9.9838854558e-14 2.1819093863e-06 2.1819121764e-06 -2.9497977852e-12 9.9858854609e-14 -2.1819093863e-06 5.9885485093e-14
d  1.3851272139e-02 2.3041108500e+00 -2.0000000000e-01 6.5373192777e-01 3.0000000000e+02 -2.1791092124e-06 -9.9832393875e-14 2.1791064259e-06 2.1791092122e-06 -2.9459407431e-12 9.9852393914e-14 -2.1791064260e-06 5.9879810295e-14
d  1.3853005910e-02 2.3028972105e+00 -2.0000000000e-01 6.5272310780e-01 3.0000000000e+02 -2.1757464746e-06 -9.9808545609e-14 2.1757436927e-06 2.1757464743e-06 -2.9413128206e-12 9.9828545628e-14 -2.1757436927e-06 5.9872019524e-14
d  1.3855086435e-02 2.3014408431e+00 -2.0000000000e-01 6.5151287843e-01 3.0000000000e+02 -2.1717123711e-06 -9.9781551842e-14 2.1717095947e-06 2.1717123710e-06 -2.9357589164e-12 9.9801552116e-14 -2.1717095950e-06 5.9862751498e-14
d  1.3856334751e-02 2.3005670227e+00 -2.0000000000e-01 6.5078692685e-01 3.0000000000e+02 -2.1692925292e-06 -9.9756279501e-14 2.1692897562e-06 2.1692925290e-06 -2.9324265972e-12 9.9776279565e-14 -2.1692897562e-06 5.9856631409e-14
d  1.3857832729e-02 2.2995184381e+00 -2.0000000000e-01 6.4991596947e-01 3.0000000000e+02 -2.1663893340e-06 -9.9746077286e-14 2.1663865649e-06 2.1663893338e-06 -2.9284267727e-12 9.9766077405e-14 -2.1663865650e-06 5.9850492610e-14
d  1.3859630303e-02 2.2982601367e+00 -2.0000000000e-01 6.4887108681e-01 3.0000000000e+02 -2.1629063870e-06 -9.9723831296e-14 2.1629036227e-06 2.1629063868e-06 -2.9236267516e-12 9.9743831333e-14 -2.1629036228e-06 5.9842512648e-14
d  1.3861787392e-02 2.2967501749e+00 -2.0000000000e-01 6.4761761171e-01 3.0000000000e+02 -2.1587281310e-06 -9.9696610423e-14 2.1587253724e-06 2.1587281308e-06 -2.9178656831e-12 9.9716610449e-14 -2.1587253725e-06 5.9832886411e-14
d  1.3863081645e-02 2.2958441979e+00 -2.0000000000e-01 6.4686572820e-01 3.0000000000e+02 -2.1562218492e-06 -9.9680525309e-14 2.1562190940e-06 2.1562218490e-06 -2.9144084743e-12 9.9700525408e-14 -2.1562190941e-06 5.9827111649e-14
d  1.3864634749e-02 2.2947570254e+00 -2.0000000000e-01 6.4596366788e-01 3.0000000000e+02 -2.1532149773e-06 -9.9647751765e-14 2.1532122263e-06 2.1532149772e-06 -2.9102595103e-12 9.9667752112e-14 -2.1532122265e-06 5.9819364665e-14
d  1.3866498474e-02 2.2934524185e+00 -2.0000000000e-01 6.4488148390e-01 3.0000000000e+02 -2.1496076924e-06 -9.9634672347e-14 2.1496049463e-06 2.1496076923e-06 -2.9052787316e-12 9.9654672537e-14 -2.1496049465e-06 5.9811636076e-14
d  1.3867616709e-02 2.2926696543e+00 -2.0000000000e-01 6.4423232478e-01 3.0000000000e+02 -2.1474438257e-06 -9.9618433574e-14 2.1474410826e-06 2.1474438255e-06 -2.9022899603e-12 9.9638433612e-14 -2.1474410827e-06 5.9806482786e-14
d  1.3868958590e-02 2.2917303373e+00 -2.0000000000e-01 6.4345348386e-01 3.0000000000e+02 -2.1448476858e-06 -9.9608894434e-14 2.1448449462e-06 2.1448476855e-06 -2.8987024613e-12 9.9628894440e-14 -2.1448449463e-06 5.9800893226e-14
d  1.3870568849e-02 2.2906031569e+00 -2.0000000000e-01 6.4251909110e-01 3.0000000000e+02 -2.1417330390e-06 -9.9586777119e-14 2.1417303037e-06 2.1417330387e-06 -2.8943968444e-12 9.9606777125e-14 -2.1417303037e-06 5.9793534115e-14
d  1.3872501158e-02 2.2892505405e+00 -2.0000000000e-01 6.4139813178e-01 3.0000000000e+02 -2.1379965028e-06 -9.9562364191e-14 2.1379937726e-06 2.1379965025e-06 -2.8892284490e-12 9.9582364199e-14 -2.1379937727e-06 5.9784821221e-14
d  1.3873660544e-02 2.2884389706e+00 -2.0000000000e-01 6.4072571951e-01 3.0000000000e+02 -2.1357551254e-06 -9.9547618000e-14 2.1357523984e-06 2.1357551252e-06 -2.8861265455e-12 9.9567618042e-14 -2.1357523984e-06 5.9779592748e-14
d  1.3875051807e-02 2.2874650867e+00 -2.0000000000e-01 6.3991898716e-01 3.0000000000e+02 -2.1330660139e-06 -9.9529489695e-14 2.1330632905e-06 2.1330660137e-06 -2.8824033902e-12 9.9549489712e-14 -2.1330632906e-06 5.9773258084e-14
d  1.3876721323e-02 2.2862964261e+00 -2.0000000000e-01 6.3895114257e-01 3.0000000000e+02 -2.1298398608e-06 -9.9509306938e-14 2.1298371419e-06 2.1298398606e-06 -2.8779341999e-12 9.9529306950e-14 -2.1298371420e-06 5.9765747834e-14
d  1.3878724742e-02 2.2848940333e+00 -2.0000000000e-01 6.3779006698e-01 3.0000000000e+02 -2.1259696035e-06 -9.9483796130e-14 2.1259668899e-06 2.1259696033e-06 -2.8725691855e-12 9.9503796136e-14 -2.1259668900e-06 5.9756641534e-14
d  1.3879926793e-02 2.2840525976e+00 -2.0000000000e-01 6.3709359891e-01 3.0000000000e+02 -2.1236480401e-06 -9.9468874738e-14 2.1236453297e-06 2.1236480399e-06 -2.8693490802e-12 9.9488874787e-14 -2.1236453298e-06 5.9751188627e-14
d  1.3881369255e-02 2.2830428749e+00 -2.0000000000e-01 6.3625801305e-01 3.0000000000e+02 -2.1208627501e-06 -9.9448538907e-14 2.1208600435e-06 2.1208627499e-06 -2.8654838994e-12 9.9468538957e-14 -2.1208600436e-06 5.9744493407e-14
d  1.3883100209e-02 2.2818312075e+00 -2.0000000000e-01 6.3525556364e-01 3.0000000000e+02 -2.1175212474e-06 -9.9428760326e-14 2.1175185455e-06 2.1175212472e-06 -2.8608438493e-12 9.9448760346e-14 -2.1175185455e-06 5.9736726301e-14
d  1.3885177353e-02 2.2803772067e+00 -2.0000000000e-01 6.3405299028e-01 3.0000000000e+02 -2.1135126640e-06 -9.9401988886e-14 2.1135099676e-06 2.1135126638e-06 -2.8552734070e-12 9.9421988892e-14 -2.1135099677e-06 5.9727205436e-14
d  1.3886423640e-02 2.2795048062e+00 -2.0000000000e-01 6.3333163846e-01 3.0000000000e+02 -2.1111081546e-06 -9.9387250265e-14 2.1111054615e-06 2.1111081544e-06 -2.8519297987e-12 9.9407250332e-14 -2.1111054616e-06 5.9721550006e-14
d  1.3887919184e-02 2.2784579256e+00 -2.0000000000e-01 6.3246620679e-01 3.0000000000e+02 -2.1082233784e-06 -9.9362075219e-14 2.1082206893e-06 2.1082233782e-06 -2.8479163336e-12 9.9382075371e-14 -2.1082206894e-06 5.9714316596e-14
d  1.3889713837e-02 2.2772016689e+00 -2.0000000000e-01 6.3142796354e-01 3.0000000000e+02 -2.1047625628e-06 -9.9344498743e-14 2.1047598785e-06 2.1047625626e-06 -2.8430977374e-12 9.9364498793e-14 -2.1047598785e-06 5.9706385645e-14
d  1.3890790629e-02 2.2764479149e+00 -2.0000000000e-01 6.3080516169e-01 3.0000000000e+02 -2.1026865537e-06 -9.9330249205e-14 2.1026838723e-06 2.1026865535e-06 -2.8402056630e-12 9.9350249238e-14 -2.1026838724e-06 5.9701394184e-14
d  1.3892082779e-02 2.2755434101e+00 -2.0000000000e-01 6.3005794234e-01 3.0000000000e+02 -2.1001958191e-06 -9.9316612867e-14 2.1001931411e-06 2.1001958189e-06 -2.8367340225e-12 9.9336612951e-14 -2.1001931412e-06 5.9695609230e-14
d  1.3893633359e-02 2.2744580043e+00 -2.0000000000e-01 6.2916148515e-01 3.0000000000e+02 -2.0972076244e-06 -9.9286153748e-14 2.0972049505e-06 2.0972076243e-06 -2.8325669152e-12 9.9306154177e-14 -2.0972049507e-06 5.9687810121e-14
d  1.3895494055e-02 2.2731555173e+00 -2.0000000000e-01 6.2808603377e-01 3.0000000000e+02 -2.0936227814e-06 -9.9267102466e-14 2.0936201125e-06 2.0936227813e-06 -2.8275634465e-12 9.9287102747e-14 -2.0936201127e-06 5.9679489812e-14
d  1.3896610473e-02 2.2723740251e+00 -2.0000000000e-01 6.2744091885e-01 3.0000000000e+02 -2.0914723954e-06 -9.9250733648e-14 2.0914697295e-06 2.0914723952e-06 -2.8245603217e-12 9.9270733685e-14 -2.0914697296e-06 5.9674189172e-14
d  1.3897950174e-02 2.2714362345e+00 -2.0000000000e-01 6.2666693555e-01 3.0000000000e+02 -2.0888924475e-06 -9.9244855263e-14 2.0888897852e-06 2.0888924473e-06 -2.8209549268e-12 9.9264855271e-14 -2.0888897852e-06 5.9668651475e-14
d  1.3899557816e-02 2.2703108858e+00 -2.0000000000e-01 6.2573837858e-01 3.0000000000e+02 -2.0857972533e-06 -9.9221819174e-14 2.0857945953e-06 2.0857972531e-06 -2.8166272757e-12 9.9241819180e-14 -2.0857945953e-06 5.9661035784e-14
d  1.3901486985e-02 2.2689604673e+00 -2.0000000000e-01 6.2462443192e-01 3.0000000000e+02 -2.0820840926e-06 -9.9197389054e-14 2.0820814397e-06 2.0820840924e-06 -2.8114313849e-12 9.9217389066e-14 -2.0820814398e-06 5.9652074627e-14
d  1.3902644487e-02 2.2681502162e+00 -2.0000000000e-01 6.2395623268e-01 3.0000000000e+02 -2.0798567587e-06 -9.9182218161e-14 2.0798541089e-06 2.0798567585e-06 -2.8083125068e-12 9.9202218202e-14 -2.0798541090e-06 5.9646655393e-14
d  1.3904033490e-02 2.2671779149e+00 -2.0000000000e-01 6.2315456095e-01 3.0000000000e+02 -2.0771845159e-06 -9.9164414944e-14 2.0771818698e-06 2.0771845156e-06 -2.8045684659e-12 9.9184414965e-14 -2.0771818699e-06 5.9640171243e-14
d  1.3905700292e-02 2.2660111534e+00 -2.0000000000e-01 6.2219279624e-01 3.0000000000e+02 -2.0739786290e-06 -9.9144228437e-14 2.0739759875e-06 2.0739786288e-06 -2.8000735897e-12 9.9164228452e-14 -2.0739759876e-06 5.9632450763e-14
d  1.3907700456e-02 2.2646110395e+00 -2.0000000000e-01 6.2103902677e-01 3.0000000000e+02 -2.0701327254e-06 -9.9118593219e-14 2.0701300892e-06 2.0701327252e-06 -2.7946768902e-12 9.9138593237e-14 -2.0701300893e-06 5.9623087585e-14
d  1.3908900553e-02 2.2637709712e+00 -2.0000000000e-01 6.2034694771e-01 3.0000000000e+02 -2.0678257920e-06 -9.9103318952e-14 2.0678231590e-06 2.0678257918e-06 -2.7914373533e-12 9.9123319002e-14 -2.0678231591e-06 5.9617464137e-14
d  1.3910340671e-02 2.2627628892e+00 -2.0000000000e-01 6.1951663403e-01 3.0000000000e+02 -2.0650580759e-06 -9.9082977588e-14 2.0650554468e-06 2.0650580757e-06 -2.7875484457e-12 9.9102977652e-14 -2.0650554469e-06 5.9610585039e-14
d  1.3912068812e-02 2.2615531908e+00 -2.0000000000e-01 6.1852051900e-01 3.0000000000e+02 -2.0617376878e-06 -9.9063383119e-14 2.0617350633e-06 2.0617376876e-06 -2.7828793952e-12 9.9083383142e-14 -2.0617350634e-06 5.9602609483e-14
d  1.3914142581e-02 2.2601015527e+00 -2.0000000000e-01 6.1732555808e-01 3.0000000000e+02 -2.0577544792e-06 -9.9036561778e-14 2.0577518603e-06 2.0577544790e-06 -2.7772734831e-12 9.9056561791e-14 -2.0577518603e-06 5.9592821830e-14
d  1.3915386843e-02 2.2592305699e+00 -2.0000000000e-01 6.1660877939e-01 3.0000000000e+02 -2.0553652135e-06 -9.9021167789e-14 2.0553625980e-06 2.0553652133e-06 -2.7739082688e-12 9.9041167858e-14 -2.0553625981e-06 5.9586977534e-14
d  1.3916879957e-02 2.2581853905e+00 -2.0000000000e-01 6.1574884121e-01 3.0000000000e+02 -2.0524987489e-06 -9.8995199620e-14 2.0524961373e-06 2.0524987487e-06 -2.7698685607e-12 9.9015199810e-14 -2.0524961375e-06 5.9579507745e-14
d  1.3918671693e-02 2.2569311752e+00 -2.0000000000e-01 6.1471719846e-01 3.0000000000e+02 -2.0490599349e-06 -9.8978497291e-14 2.0490573282e-06 2.0490599347e-06 -2.7650179980e-12 9.8998497359e-14 -2.0490573283e-06 5.9571400768e-14
d  1.3919746735e-02 2.2561786460e+00 -2.0000000000e-01 6.1409836130e-01 3.0000000000e+02 -2.0469971415e-06 -9.8964181849e-14 2.0469945377e-06 2.0469971413e-06 -2.7621065608e-12 9.8984181881e-14 -2.0469945377e-06 5.9566268048e-14
d  1.3921036786e-02 2.2552756110e+00 -2.0000000000e-01 6.1335590567e-01 3.0000000000e+02 -2.0445222859e-06 -9.8950551396e-14 2.0445196855e-06 2.0445222857e-06 -2.7586115865e-12 9.8970551486e-14 -2.0445196856e-06 5.9560229998e-14
d  1.3922584846e-02 2.2541919690e+00 -2.0000000000e-01 6.1246516793e-01 3.0000000000e+02 -2.0415531560e-06 -9.8917749879e-14 2.0415505597e-06 2.0415531559e-06 -2.7544160748e-12 9.8937750399e-14 -2.0415505600e-06 5.9552261723e-14
d  1.3924442519e-02 2.2528915986e+00 -2.0000000000e-01 6.1139658895e-01 3.0000000000e+02 -2.0379912210e-06 -9.8899956004e-14 2.0379886298e-06 2.0379912210e-06 -2.7493781571e-12 9.8919956405e-14 -2.0379886301e-06 5.9543728874e-14
d  1.3925557122e-02 2.2521113764e+00 -2.0000000000e-01 6.1075560224e-01 3.0000000000e+02 -2.0358545957e-06 -9.8880824690e-14 2.0358520075e-06 2.0358545954e-06 -2.7463542920e-12 9.8900824724e-14 -2.0358520075e-06 5.9538118576e-14
d  1.3926894646e-02 2.2511751097e+00 -2.0000000000e-01 6.0998657752e-01 3.0000000000e+02 -2.0332911763e-06 -9.8879854365e-14 2.0332885917e-06 2.0332911761e-06 -2.7427235840e-12 9.8899854375e-14 -2.0332885918e-06 5.9532702010e-14
d  1.3928499675e-02 2.2500515896e+00 -2.0000000000e-01 6.0906397764e-01 3.0000000000e+02 -2.0302158391e-06 -9.8855331005e-14 2.0302132588e-06 2.0302158388e-06 -2.7383656557e-12 9.8875331012e-14 -2.0302132589e-06 5.9524789732e-14
d  1.3930425710e-02 2.2487033656e+00 -2.0000000000e-01 6.0795718931e-01 3.0000000000e+02 -2.0265265394e-06 -9.8830650829e-14 2.0265239644e-06 2.0265265392e-06 -2.7331331833e-12 9.8850650847e-14 -2.0265239644e-06 5.9515564074e-14
d  1.3931581331e-02 2.2478944312e+00 -2.0000000000e-01 6.0729329024e-01 3.0000000000e+02 -2.0243135394e-06 -9.8814348463e-14 2.0243109675e-06 2.0243135392e-06 -2.7299922907e-12 9.8834348503e-14 -2.0243109675e-06 5.9509925499e-14
d  1.3932968076e-02 2.2469237099e+00 -2.0000000000e-01 6.0649678392e-01 3.0000000000e+02 -2.0216585146e-06 -9.8797485733e-14 2.0216559464e-06 2.0216585144e-06 -2.7262216800e-12 9.8817485759e-14 -2.0216559465e-06 5.9503313637e-14
d  1.3934632171e-02 2.2457588443e+00 -2.0000000000e-01 6.0554122507e-01 3.0000000000e+02 -2.0184733139e-06 -9.8776927170e-14 2.0184707502e-06 2.0184733137e-06 -2.7216948646e-12 9.8796927184e-14 -2.0184707503e-06 5.9495355535e-14
d  1.3936629084e-02 2.2443610056e+00 -2.0000000000e-01 6.0439491334e-01 3.0000000000e+02 -2.0146522694e-06 -9.8750937658e-14 2.0146497111e-06 2.0146522692e-06 -2.7162596917e-12 9.8770937711e-14 -2.0146497112e-06 5.9485707485e-14
d  1.3937827231e-02 2.2435223024e+00 -2.0000000000e-01 6.0370731458e-01 3.0000000000e+02 -2.0123602703e-06 -9.8734388649e-14 2.0123577153e-06 2.0123602701e-06 -2.7129970312e-12 9.8754388699e-14 -2.0123577153e-06 5.9479848184e-14
d  1.3939265009e-02 2.2425158586e+00 -2.0000000000e-01 6.0288238622e-01 3.0000000000e+02 -2.0096105052e-06 -9.8714317632e-14 2.0096079541e-06 2.0096105050e-06 -2.7090803939e-12 9.8734317712e-14 -2.0096079542e-06 5.9472642809e-14
d  1.3940990341e-02 2.2413081259e+00 -2.0000000000e-01 6.0189274251e-01 3.0000000000e+02 -2.0063116882e-06 -9.8694654254e-14 2.0063091417e-06 2.0063116880e-06 -2.7043779018e-12 9.8714654279e-14 -2.0063091418e-06 5.9464455171e-14
d  1.3943060741e-02 2.2398588468e+00 -2.0000000000e-01 6.0070555898e-01 3.0000000000e+02 -2.0023544041e-06 -9.8667736389e-14 2.0023518633e-06 2.0023544039e-06 -2.6987317033e-12 9.8687736416e-14 -2.0023518633e-06 5.9454393116e-14
d  1.3944302980e-02 2.2389892793e+00 -2.0000000000e-01 5.9999345285e-01 3.0000000000e+02 -1.9999807137e-06 -9.8651060184e-14 1.9999781762e-06 1.9999807135e-06 -2.6953422760e-12 9.8671060257e-14 -1.9999781763e-06 5.9448306635e-14
d  1.3945793668e-02 2.2379457983e+00 -2.0000000000e-01 5.9913912716e-01 3.0000000000e+02 -1.9971329573e-06 -9.8624562062e-14 1.9971304238e-06 1.9971329572e-06 -2.6912733551e-12 9.8644562298e-14 -1.9971304240e-06 5.9440635306e-14
d  1.3947582493e-02 2.2366936211e+00 -2.0000000000e-01 5.9811422744e-01 3.0000000000e+02 -1.9937166201e-06 -9.8608877003e-14 1.9937140914e-06 1.9937166199e-06 -2.6863875593e-12 9.8628877097e-14 -1.9937140915e-06 5.9432365497e-14
d  1.3948655788e-02 2.2359423148e+00 -2.0000000000e-01 5.9749944061e-01 3.0000000000e+02 -1.9916673277e-06 -9.8594232040e-14 1.9916648020e-06 1.9916673275e-06 -2.6834549612e-12 9.8614232071e-14 -1.9916648021e-06 5.9427062953e-14
d  1.3949943742e-02 2.2350407472e+00 -2.0000000000e-01 5.9676184815e-01 3.0000000000e+02 -1.9892086827e-06 -9.8581490561e-14 1.9892061605e-06 1.9892086825e-06 -2.6799344146e-12 9.8601490658e-14 -1.9892061606e-06 5.9420994887e-14
d  1.3951489287e-02 2.2339588661e+00 -2.0000000000e-01 5.9587695600e-01 3.0000000000e+02 -1.9862590380e-06 -9.8544317342e-14 1.9862565200e-06 1.9862590380e-06 -2.6757084971e-12 9.8564317962e-14 -1.9862565203e-06 5.9412389712e-14
d  1.3953343941e-02 2.2326606088e+00 -2.0000000000e-01 5.9481540106e-01 3.0000000000e+02 -1.9827205165e-06 -9.8528754201e-14 1.9827180035e-06 1.9827205165e-06 -2.6706335797e-12 9.8548754766e-14 -1.9827180038e-06 5.9403793481e-14
d  1.3954456733e-02 2.2318816545e+00 -2.0000000000e-01 5.9417863463e-01 3.0000000000e+02 -1.9805979587e-06 -9.8505187243e-14 1.9805954488e-06 1.9805979585e-06 -2.6675876918e-12 9.8525187277e-14 -1.9805954488e-06 5.9397719186e-14
d  1.3955792084e-02 2.2309469092e+00 -2.0000000000e-01 5.9341468158e-01 3.0000000000e+02 -1.9780514449e-06 -9.8510678619e-14 1.9780489386e-06 1.9780514447e-06 -2.6639301710e-12 9.8530678630e-14 -1.9780489386e-06 5.9392403236e-14
d  1.3957394505e-02 2.2298252149e+00 -2.0000000000e-01 5.9249817519e-01 3.0000000000e+02 -1.9749964192e-06 -9.8484258138e-14 1.9749939173e-06 1.9749964190e-06 -2.6595402159e-12 9.8504258147e-14 -1.9749939174e-06 5.9384186226e-14
d  1.3959317410e-02 2.2284791817e+00 -2.0000000000e-01 5.9139871124e-01 3.0000000000e+02 -1.9713315342e-06 -9.8459141168e-14 1.9713290375e-06 1.9713315340e-06 -2.6542690857e-12 9.8479141198e-14 -1.9713290375e-06 5.9374613357e-14
d  1.3960471153e-02 2.2276715618e+00 -2.0000000000e-01 5.9073921208e-01 3.0000000000e+02 -1.9691332005e-06 -9.8440121421e-14 1.9691307069e-06 1.9691332003e-06 -2.6511049057e-12 9.8460121460e-14 -1.9691307070e-06 5.9368682508e-14
d  1.3961855645e-02 2.2267024179e+00 -2.0000000000e-01 5.8994799082e-01 3.0000000000e+02 -1.9664957925e-06 -9.8426550033e-14 1.9664933027e-06 1.9664957923e-06 -2.6473059979e-12 9.8446550066e-14 -1.9664933028e-06 5.9362085966e-14
d  1.3963517035e-02 2.2255394453e+00 -2.0000000000e-01 5.8899878164e-01 3.0000000000e+02 -1.9633317574e-06 -9.8405123744e-14 1.9633292721e-06 1.9633317572e-06 -2.6427452059e-12 9.8425123760e-14 -1.9633292722e-06 5.9353850259e-14
d  1.3965510703e-02 2.2241438781e+00 -2.0000000000e-01 5.8786010045e-01 3.0000000000e+02 -1.9595361480e-06 -9.8378891693e-14 1.9595336682e-06 1.9595361478e-06 -2.6372689403e-12 9.8398891827e-14 -1.9595336683e-06 5.9343918516e-14
d  1.3966706903e-02 2.2233065378e+00 -2.0000000000e-01 5.8717708946e-01 3.0000000000e+02 -1.9572594414e-06 -9.8358801446e-14 1.9572569649e-06 1.9572594412e-06 -2.6339817420e-12 9.8378801496e-14 -1.9572569649e-06 5.9337505883e-14
d  1.3968142344e-02 2.2223017294e+00 -2.0000000000e-01 5.8635766112e-01 3.0000000000e+02 -1.9545280097e-06 -9.8343703150e-14 1.9545255371e-06 1.9545280095e-06 -2.6300345754e-12 9.8363703249e-14 -1.9545255371e-06 5.9330951967e-14
d  1.3969864873e-02 2.2210959593e+00 -2.0000000000e-01 5.8537462458e-01 3.0000000000e+02 -1.9512512165e-06 -9.8323025937e-14 1.9512487486e-06 1.9512512163e-06 -2.6252958364e-12 9.8343025966e-14 -1.9512487487e-06 5.9322332916e-14
d  1.3971931908e-02 2.2196490352e+00 -2.0000000000e-01 5.8419538207e-01 3.0000000000e+02 -1.9473204025e-06 -9.8296007917e-14 1.9473179402e-06 1.9473204023e-06 -2.6196057395e-12 9.8316007921e-14 -1.9473179403e-06 5.9311952336e-14
d  1.3973172129e-02 2.2187808808e+00 -2.0000000000e-01 5.8348804458e-01 3.0000000000e+02 -1.9449626075e-06 -9.8281465584e-14 1.9449601486e-06 1.9449626073e-06 -2.6161896398e-12 9.8301465662e-14 -1.9449601487e-06 5.9305933661e-14
d  1.3974660395e-02 2.2177390955e+00 -2.0000000000e-01 5.8263944797e-01 3.0000000000e+02 -1.9421339480e-06 -9.8249758908e-14 1.9421314932e-06 1.9421339479e-06 -2.6120888882e-12 9.8269759196e-14 -1.9421314934e-06 5.9297694192e-14
d  1.3976446313e-02 2.2164889531e+00 -2.0000000000e-01 5.8162143263e-01 3.0000000000e+02 -1.9387405587e-06 -9.8236544007e-14 1.9387381088e-06 1.9387405585e-06 -2.6071643275e-12 9.8256544136e-14 -1.9387381089e-06 5.9289315903e-14
d  1.3977517864e-02 2.2157388676e+00 -2.0000000000e-01 5.8101077481e-01 3.0000000000e+02 -1.9367050297e-06 -9.8222657644e-14 1.9367025827e-06 1.9367050295e-06 -2.6042080547e-12 9.8242657672e-14 -1.9367025828e-06 5.9284259142e-14
d  1.3978803725e-02 2.2148387651e+00 -2.0000000000e-01 5.8027814781e-01 3.0000000000e+02 -1.9342629361e-06 -9.8209460326e-14 1.9342604927e-06 1.9342629359e-06 -2.6006595562e-12 9.8229460432e-14 -1.9342604928e-06 5.9277589485e-14
d  1.3980346758e-02 2.2137586421e+00 -2.0000000000e-01 5.7939922160e-01 3.0000000000e+02 -1.9313331779e-06 -9.8167956122e-14 1.9313307386e-06 1.9313331779e-06 -2.5963997474e-12 9.8187956851e-14 -1.9313307390e-06 5.9268590158e-14
d  1.3982198398e-02 2.2124624945e+00 -2.0000000000e-01 5.7834483339e-01 3.0000000000e+02 -1.9278185454e-06 -9.8155686630e-14 1.9278161113e-06 1.9278185452e-06 -2.5912835285e-12 9.8175686635e-14 -1.9278161114e-06 5.9260018513e-14
d  1.3983309382e-02 2.2116848059e+00 -2.0000000000e-01 5.7771237106e-01 3.0000000000e+02 -1.9257103346e-06 -9.8152686550e-14 1.9257079035e-06 1.9257103344e-06 -2.5882121532e-12 9.8172686583e-14 -1.9257079036e-06 5.9255049520e-14
d  1.3984642563e-02 2.2107515796e+00 -2.0000000000e-01 5.7695358542e-01 3.0000000000e+02 -1.9231810455e-06 -9.8132396183e-14 1.9231786181e-06 1.9231810452e-06 -2.5845254977e-12 9.8152396197e-14 -1.9231786181e-06 5.9248112082e-14
d  1.3986242380e-02 2.2096317080e+00 -2.0000000000e-01 5.7604328797e-01 3.0000000000e+02 -1.9201467162e-06 -9.8112208786e-14 1.9201442932e-06 1.9201467160e-06 -2.5800990932e-12 9.8132208796e-14 -1.9201442933e-06 5.9239970983e-14
d  1.3988162160e-02 2.2082878622e+00 -2.0000000000e-01 5.7495128375e-01 3.0000000000e+02 -1.9165066969e-06 -9.8087171684e-14 1.9165042792e-06 1.9165066967e-06 -2.5747840611e-12 9.8107171740e-14 -1.9165042792e-06 5.9230195551e-14
d  1.3989314028e-02 2.2074815546e+00 -2.0000000000e-01 5.7429626585e-01 3.0000000000e+02 -1.9143233007e-06 -9.8061313285e-14 1.9143208862e-06 1.9143233005e-06 -2.5715935816e-12 9.8081313323e-14 -1.9143208863e-06 5.9223679987e-14
d  1.3990696270e-02 2.2065139856e+00 -2.0000000000e-01 5.7351042748e-01 3.0000000000e+02 -1.9117038357e-06 -9.8056416008e-14 1.9117014249e-06 1.9117038355e-06 -2.5677623576e-12 9.8076416050e-14 -1.9117014250e-06 5.9217412694e-14
d  1.3992354961e-02 2.2053529028e+00 -2.0000000000e-01 5.7256768552e-01 3.0000000000e+02 -1.9085613579e-06 -9.8032869045e-14 1.9085589517e-06 1.9085613577e-06 -2.5631629761e-12 9.8052869062e-14 -1.9085589518e-06 5.9208820397e-14
d  1.3994345389e-02 2.2039596034e+00 -2.0000000000e-01 5.7143677619e-01 3.0000000000e+02 -1.9047916546e-06 -9.8006526879e-14 1.9047892539e-06 1.9047916546e-06 -2.5576399200e-12 9.8026527174e-14 -1.9047892541e-06 5.9198606132e-14
d  1.3995539646e-02 2.2031236238e+00 -2.0000000000e-01 5.7075843047e-01 3.0000000000e+02 -1.9025304990e-06 -9.7981391690e-14 1.9025281016e-06 1.9025304988e-06 -2.5543244080e-12 9.8001391741e-14 -1.9025281016e-06 5.9191904330e-14
d  1.3996972754e-02 2.2021204482e+00 -2.0000000000e-01 5.6994461385e-01 3.0000000000e+02 -1.8998177729e-06 -9.7971542705e-14 1.8998153795e-06 1.8998177728e-06 -2.5503431384e-12 9.7991542828e-14 -1.8998153796e-06 5.9185073524e-14
d  1.3998692484e-02 2.2009166375e+00 -2.0000000000e-01 5.6896831983e-01 3.0000000000e+02 -1.8965634548e-06 -9.7950060103e-14 1.8965610661e-06 1.8965634546e-06 -2.5455631655e-12 9.7970060136e-14 -1.8965610662e-06 5.9176285231e-14
d  1.4000756160e-02 2.1994720647e+00 -2.0000000000e-01 5.6779718411e-01 3.0000000000e+02 -1.8926596634e-06 -9.7922785887e-14 1.8926572804e-06 1.8926596632e-06 -2.5398233128e-12 9.7942785932e-14 -1.8926572805e-06 5.9165486393e-14
d  1.4001994366e-02 2.1986053210e+00 -2.0000000000e-01 5.6709471326e-01 3.0000000000e+02 -1.8903180904e-06 -9.7907442331e-14 1.8903157109e-06 1.8903180902e-06 -2.5363769223e-12 9.7927442416e-14 -1.8903157110e-06 5.9159464199e-14
d  1.4003480213e-02 2.1975652286e+00 -2.0000000000e-01 5.6625196471e-01 3.0000000000e+02 -1.8875089245e-06 -9.7874300215e-14 1.8875065490e-06 1.8875089244e-06 -2.5322398056e-12 9.7894300562e-14 -1.8875065492e-06 5.9150804665e-14
d  1.4005263229e-02 2.1963171177e+00 -2.0000000000e-01 5.6524097612e-01 3.0000000000e+02 -1.8841389576e-06 -9.7863229216e-14 1.8841365871e-06 1.8841389574e-06 -2.5272710475e-12 9.7883229390e-14 -1.8841365872e-06 5.9142331222e-14
d  1.4006333038e-02 2.1955682511e+00 -2.0000000000e-01 5.6463454546e-01 3.0000000000e+02 -1.8821175191e-06 -9.7847280412e-14 1.8821151515e-06 1.8821175189e-06 -2.5242884997e-12 9.7867280440e-14 -1.8821151516e-06 5.9136658266e-14
d  1.4007616810e-02 2.1946696113e+00 -2.0000000000e-01 5.6390698971e-01 3.0000000000e+02 -1.8796923297e-06 -9.7836996809e-14 1.8796899657e-06 1.8796923295e-06 -2.5207075200e-12 9.7856996815e-14 -1.8796899658e-06 5.9130381423e-14
d  1.4009157336e-02 2.1935912434e+00 -2.0000000000e-01 5.6303415510e-01 3.0000000000e+02 -1.8767828767e-06 -9.7815419932e-14 1.8767805170e-06 1.8767828765e-06 -2.5164083084e-12 9.7835419937e-14 -1.8767805171e-06 5.9122283206e-14
d  1.4011005967e-02 2.1922972021e+00 -2.0000000000e-01 5.6198708869e-01 3.0000000000e+02 -1.8732926502e-06 -9.7791361444e-14 1.8732902956e-06 1.8732926500e-06 -2.5112457386e-12 9.7811361450e-14 -1.8732902957e-06 5.9112658400e-14
d  1.4012115145e-02 2.1915207772e+00 -2.0000000000e-01 5.6135902464e-01 3.0000000000e+02 -1.8711991003e-06 -9.7776811440e-14 1.8711967488e-06 1.8711991001e-06 -2.5081463974e-12 9.7796811472e-14 -1.8711967489e-06 5.9106864008e-14
d  1.4013446160e-02 2.1905890674e+00 -2.0000000000e-01 5.6060552212e-01 3.0000000000e+02 -1.8686874216e-06 -9.7758882925e-14 1.8686850737e-06 1.8686874214e-06 -2.5044253934e-12 9.7778882941e-14 -1.8686850738e-06 5.9099876835e-14
d  1.4015043377e-02 2.1894710157e+00 -2.0000000000e-01 5.5970157048e-01 3.0000000000e+02 -1.8656742450e-06 -9.7738961014e-14 1.8656719016e-06 1.8656742448e-06 -2.4999575153e-12 9.7758961025e-14 -1.8656719017e-06 5.9091579078e-14
d  1.4016960038e-02 2.1881293535e+00 -2.0000000000e-01 5.5861719111e-01 3.0000000000e+02 -1.8620596417e-06 -9.7713844139e-14 1.8620573037e-06 1.8620596415e-06 -2.4945923060e-12 9.7733844142e-14 -1.8620573037e-06 5.9081533262e-14
d  1.4018110034e-02 2.1873243563e+00 -2.0000000000e-01 5.5796675368e-01 3.0000000000e+02 -1.8598915138e-06 -9.7699146480e-14 1.8598891789e-06 1.8598915136e-06 -2.4913711881e-12 9.7719146518e-14 -1.8598891790e-06 5.9075514882e-14
d  1.4019490030e-02 2.1863583596e+00 -2.0000000000e-01 5.5718641738e-01 3.0000000000e+02 -1.8572903889e-06 -9.7678980176e-14 1.8572880579e-06 1.8572903887e-06 -2.4875039337e-12 9.7698980227e-14 -1.8572880580e-06 5.9068135227e-14
d  1.4021146025e-02 2.1851991635e+00 -2.0000000000e-01 5.5625029753e-01 3.0000000000e+02 -1.8541699848e-06 -9.7657861068e-14 1.8541676584e-06 1.8541699846e-06 -2.4828607155e-12 9.7677861085e-14 -1.8541676585e-06 5.9058993605e-14
d  1.4023133219e-02 2.1838081282e+00 -2.0000000000e-01 5.5512732503e-01 3.0000000000e+02 -1.8504267376e-06 -9.7634576675e-14 1.8504244168e-06 1.8504267374e-06 -2.4772834761e-12 9.7654576679e-14 -1.8504244168e-06 5.9049534134e-14
d  1.4024325535e-02 2.1829735070e+00 -2.0000000000e-01 5.5445374746e-01 3.0000000000e+02 -1.8481814757e-06 -9.7619158742e-14 1.8481791582e-06 1.8481814755e-06 -2.4739353901e-12 9.7639158796e-14 -1.8481791583e-06 5.9042998298e-14
d  1.4025756314e-02 2.1819719616e+00 -2.0000000000e-01 5.5364565857e-01 3.0000000000e+02 -1.8454878421e-06 -9.7594038863e-14 1.8454855286e-06 1.8454878419e-06 -2.4699155621e-12 9.7614039014e-14 -1.8454855287e-06 5.9035047586e-14
d  1.4027473250e-02 2.1807701071e+00 -2.0000000000e-01 5.5267624643e-01 3.0000000000e+02 -1.8422564635e-06 -9.7577113022e-14 1.8422541548e-06 1.8422564633e-06 -2.4650881645e-12 9.7597113062e-14 -1.8422541549e-06 5.9026285841e-14
d  1.4029533573e-02 2.1793278818e+00 -2.0000000000e-01 5.5151337684e-01 3.0000000000e+02 -1.8383802258e-06 -9.7550589515e-14 1.8383779228e-06 1.8383802256e-06 -2.4592909718e-12 9.7570589573e-14 -1.8383779229e-06 5.9015379128e-14
d  1.4030769766e-02 2.1784625465e+00 -2.0000000000e-01 5.5081587803e-01 3.0000000000e+02 -1.8360552263e-06 -9.7532971094e-14 1.8360529268e-06 1.8360552261e-06 -2.4558103786e-12 9.7552971187e-14 -1.8360529268e-06 5.9008717635e-14
d  1.4032253198e-02 2.1774241443e+00 -2.0000000000e-01 5.4997910059e-01 3.0000000000e+02 -1.8332659640e-06 -9.7498153242e-14 1.8332636686e-06 1.8332659639e-06 -2.4516316412e-12 9.7518153656e-14 -1.8332636688e-06 5.8999897354e-14
d  1.4034033317e-02 2.1761780615e+00 -2.0000000000e-01 5.4897528674e-01 3.0000000000e+02 -1.8299199128e-06 -9.7489973650e-14 1.8299176225e-06 1.8299199127e-06 -2.4466125761e-12 9.7509973881e-14 -1.8299176226e-06 5.8991308592e-14
d  1.4035101388e-02 2.1754304119e+00 -2.0000000000e-01 5.4837316573e-01 3.0000000000e+02 -1.8279128398e-06 -9.7472845561e-14 1.8279105524e-06 1.8279128396e-06 -2.4435997746e-12 9.7492845588e-14 -1.8279105525e-06 5.8985415311e-14
d  1.4036383074e-02 2.1745332323e+00 -2.0000000000e-01 5.4765078638e-01 3.0000000000e+02 -1.8255049051e-06 -9.7464537548e-14 1.8255026213e-06 1.8255049049e-06 -2.4399822324e-12 9.7484537555e-14 -1.8255026213e-06 5.8979070273e-14
d  1.4037921096e-02 2.1734566169e+00 -2.0000000000e-01 5.4678417039e-01 3.0000000000e+02 -1.8226161808e-06 -9.7442440316e-14 1.8226139013e-06 1.8226161806e-06 -2.4356390398e-12 9.7462440322e-14 -1.8226139014e-06 5.8970719527e-14
d  1.4039766723e-02 2.1721646783e+00 -2.0000000000e-01 5.4574457628e-01 3.0000000000e+02 -1.8191508619e-06 -9.7418378853e-14 1.8191485876e-06 1.8191508617e-06 -2.4304233796e-12 9.7438378860e-14 -1.8191485877e-06 5.8960829192e-14
d  1.4040874099e-02 2.1713895152e+00 -2.0000000000e-01 5.4512100082e-01 3.0000000000e+02 -1.8170722739e-06 -9.7403721810e-14 1.8170700027e-06 1.8170722737e-06 -2.4272920513e-12 9.7423721842e-14 -1.8170700028e-06 5.8954869372e-14
d  1.4042202951e-02 2.1704593194e+00 -2.0000000000e-01 5.4437288975e-01 3.0000000000e+02 -1.8145785666e-06 -9.7385789753e-14 1.8145762992e-06 1.8145785664e-06 -2.4235325459e-12 9.7405789774e-14 -1.8145762992e-06 5.8947691379e-14
d  1.4043797573e-02 2.1693430845e+00 -2.0000000000e-01 5.4347541532e-01 3.0000000000e+02 -1.8115869807e-06 -9.7365935945e-14 1.8115847177e-06 1.8115869805e-06 -2.4190183017e-12 9.7385935956e-14 -1.8115847178e-06 5.8939166319e-14
d  1.4045711119e-02 2.1680036025e+00 -2.0000000000e-01 5.4239881943e-01 3.0000000000e+02 -1.8079983224e-06 -9.7340730280e-14 1.8079960648e-06 1.8079983221e-06 -2.4135972394e-12 9.7360730288e-14 -1.8079960648e-06 5.8928835687e-14
d  1.4046859247e-02 2.1671999134e+00 -2.0000000000e-01 5.4175305779e-01 3.0000000000e+02 -1.8058457803e-06 -9.7325976039e-14 1.8058435260e-06 1.8058457801e-06 -2.4103425027e-12 9.7345976077e-14 -1.8058435260e-06 5.8922645944e-14
d  1.4048237000e-02 2.1662354864e+00 -2.0000000000e-01 5.4097833810e-01 3.0000000000e+02 -1.8032633774e-06 -9.7305483817e-14 1.8032611270e-06 1.8032633772e-06 -2.4064348163e-12 9.7325483880e-14 -1.8032611271e-06 5.8915044004e-14
d  1.4049890304e-02 2.1650781740e+00 -2.0000000000e-01 5.4004895534e-01 3.0000000000e+02 -1.8001654303e-06 -9.7286229015e-14 1.8001631845e-06 1.8001654301e-06 -2.4017424273e-12 9.7306229033e-14 -1.8001631845e-06 5.8906202878e-14
d  1.4051874268e-02 2.1636893992e+00 -2.0000000000e-01 5.3893410029e-01 3.0000000000e+02 -1.7964492412e-06 -9.7259888623e-14 1.7964470010e-06 1.7964492409e-06 -2.3961073098e-12 9.7279888629e-14 -1.7964470010e-06 5.8895422590e-14
d  1.4053064647e-02 2.1628561343e+00 -2.0000000000e-01 5.3826539930e-01 3.0000000000e+02 -1.7942202345e-06 -9.7245272520e-14 1.7942179977e-06 1.7942202343e-06 -2.3927239618e-12 9.7265272575e-14 -1.7942179977e-06 5.8889006255e-14
d  1.4054493102e-02 2.1618562164e+00 -2.0000000000e-01 5.3746318423e-01 3.0000000000e+02 -1.7915461802e-06 -9.7216238287e-14 1.7915439474e-06 1.7915461801e-06 -2.3886627135e-12 9.7236238470e-14 -1.7915439475e-06 5.8879889702e-14
d  1.4056207247e-02 2.1606563149e+00 -2.0000000000e-01 5.3650080393e-01 3.0000000000e+02 -1.7883382411e-06 -9.7204901764e-14 1.7883360131e-06 1.7883382409e-06 -2.3837836024e-12 9.7224901813e-14 -1.7883360132e-06 5.8872434195e-14
d  1.4057235734e-02 2.1599363741e+00 -2.0000000000e-01 5.3592353487e-01 3.0000000000e+02 -1.7864140079e-06 -9.7189703106e-14 1.7864117829e-06 1.7864140077e-06 -2.3808552609e-12 9.7209703129e-14 -1.7864117830e-06 5.8866368244e-14
d  1.4058469919e-02 2.1590724450e+00 -2.0000000000e-01 5.3523096972e-01 3.0000000000e+02 -1.7841054540e-06 -9.7176026722e-14 1.7841032324e-06 1.7841054538e-06 -2.3773392676e-12 9.7196026794e-14 -1.7841032325e-06 5.8859770897e-14
d  1.4059950941e-02 2.1580357301e+00 -2.0000000000e-01 5.3440011899e-01 3.0000000000e+02 -1.7813359473e-06 -9.7142923951e-14 1.7813337300e-06 1.7813359473e-06 -2.3731181481e-12 9.7162924432e-14 -1.7813337302e-06 5.8850844732e-14
d  1.4061728167e-02 2.1567916723e+00 -2.0000000000e-01 5.3340342619e-01 3.0000000000e+02 -1.7780136330e-06 -9.7127374995e-14 1.7780114206e-06 1.7780136328e-06 -2.3680484588e-12 9.7147375274e-14 -1.7780114208e-06 5.8841565355e-14
d  1.4062794502e-02 2.1560452376e+00 -2.0000000000e-01 5.3280558258e-01 3.0000000000e+02 -1.7760208179e-06 -9.7111523340e-14 1.7760186086e-06 1.7760208177e-06 -2.3650050777e-12 9.7131523366e-14 -1.7760186087e-06 5.8835594484e-14
d  1.4064074105e-02 2.1551495159e+00 -2.0000000000e-01 5.3208834087e-01 3.0000000000e+02 -1.7736300086e-06 -9.7104846237e-14 1.7736278029e-06 1.7736300084e-06 -2.3613508613e-12 9.7124846246e-14 -1.7736278030e-06 5.8829163529e-14
d  1.4065609628e-02 2.1540746500e+00 -2.0000000000e-01 5.3122789687e-01 3.0000000000e+02 -1.7707618575e-06 -9.7082231630e-14 1.7707596562e-06 1.7707618573e-06 -2.3569637751e-12 9.7102231636e-14 -1.7707596563e-06 5.8820562093e-14
d  1.4067452256e-02 2.1527848108e+00 -2.0000000000e-01 5.3019571900e-01 3.0000000000e+02 -1.7673212594e-06 -9.7058072841e-14 1.7673190633e-06 1.7673212592e-06 -2.3516954758e-12 9.7078072850e-14 -1.7673190634e-06 5.8810401623e-14
d  1.4068557833e-02 2.1520109073e+00 -2.0000000000e-01 5.2957659845e-01 3.0000000000e+02 -1.7652575211e-06 -9.7043205560e-14 1.7652553282e-06 1.7652575209e-06 -2.3485325912e-12 9.7063205589e-14 -1.7652553282e-06 5.8804270287e-14
d  1.4069884525e-02 2.1510822231e+00 -2.0000000000e-01 5.2883383840e-01 3.0000000000e+02 -1.7627816505e-06 -9.7025288269e-14 1.7627794613e-06 1.7627816503e-06 -2.3447352191e-12 9.7045288294e-14 -1.7627794614e-06 5.8796902367e-14
d  1.4071476555e-02 2.1499678021e+00 -2.0000000000e-01 5.2794279259e-01 3.0000000000e+02 -1.7598114932e-06 -9.7005451428e-14 1.7598093086e-06 1.7598114930e-06 -2.3401755723e-12 9.7025451440e-14 -1.7598093087e-06 5.8788148970e-14
d  1.4073386992e-02 2.1486304968e+00 -2.0000000000e-01 5.2687392169e-01 3.0000000000e+02 -1.7562485848e-06 -9.6980107373e-14 1.7562464056e-06 1.7562485846e-06 -2.3347001007e-12 9.7000107387e-14 -1.7562464057e-06 5.8777534415e-14
d  1.4074533254e-02 2.1478281137e+00 -2.0000000000e-01 5.2623280062e-01 3.0000000000e+02 -1.7541115113e-06 -9.6965207424e-14 1.7541093354e-06 1.7541115111e-06 -2.3314127641e-12 9.6985207461e-14 -1.7541093355e-06 5.8771170174e-14
d  1.4075908768e-02 2.1468652539e+00 -2.0000000000e-01 5.2546365514e-01 3.0000000000e+02 -1.7515476891e-06 -9.6944370101e-14 1.7515455171e-06 1.7515476889e-06 -2.3274660069e-12 9.6964370177e-14 -1.7515455172e-06 5.8763349956e-14
d  1.4077559386e-02 2.1457098221e+00 -2.0000000000e-01 5.2454096871e-01 3.0000000000e+02 -1.7484720630e-06 -9.6925513300e-14 1.7484698957e-06 1.7484720628e-06 -2.3227267608e-12 9.6945513319e-14 -1.7484698958e-06 5.8754321085e-14
d  1.4079540126e-02 2.1443233041e+00 -2.0000000000e-01 5.2343417096e-01 3.0000000000e+02 -1.7447827315e-06 -9.6897904071e-14 1.7447805699e-06 1.7447827313e-06 -2.3170360046e-12 9.6917904079e-14 -1.7447805699e-06 5.8742831955e-14
d  1.4080728571e-02 2.1434913932e+00 -2.0000000000e-01 5.2277030379e-01 3.0000000000e+02 -1.7425698375e-06 -9.6884623977e-14 1.7425676793e-06 1.7425698374e-06 -2.3136188367e-12 9.6904624035e-14 -1.7425676794e-06 5.8736763046e-14
d  1.4082154704e-02 2.1424931002e+00 -2.0000000000e-01 5.2197387946e-01 3.0000000000e+02 -1.7399150857e-06 -9.6856418154e-14 1.7399129315e-06 1.7399150856e-06 -2.3095167315e-12 9.6876418370e-14 -1.7399129317e-06 5.8728122844e-14
d  1.4083866064e-02 2.1412951486e+00 -2.0000000000e-01 5.2101848222e-01 3.0000000000e+02 -1.7367304233e-06 -9.6841961846e-14 1.7367282740e-06 1.7367304231e-06 -2.3045903823e-12 9.6861961905e-14 -1.7367282741e-06 5.8719006259e-14
d  1.4084892880e-02 2.1405763776e+00 -2.0000000000e-01 5.2044540747e-01 3.0000000000e+02 -1.7348201712e-06 -9.6828042175e-14 1.7348180249e-06 1.7348201710e-06 -2.3016331553e-12 9.6848042197e-14 -1.7348180250e-06 5.8713211122e-14
d  1.4086125059e-02 2.1397138524e+00 -2.0000000000e-01 5.1975787999e-01 3.0000000000e+02 -1.7325284094e-06 -9.6814394584e-14 1.7325262666e-06 1.7325284093e-06 -2.2980828442e-12 9.6834394659e-14 -1.7325262667e-06 5.8706435014e-14
d  1.4087603674e-02 2.1386788222e+00 -2.0000000000e-01 5.1893308093e-01 3.0000000000e+02 -1.7297790750e-06 -9.6778290473e-14 1.7297769364e-06 1.7297790750e-06 -2.2938207554e-12 9.6798291026e-14 -1.7297769366e-06 5.8697113435e-14
d  1.4089378012e-02 2.1374367860e+00 -2.0000000000e-01 5.1794365995e-01 3.0000000000e+02 -1.7264810000e-06 -9.6764919242e-14 1.7264788665e-06 1.7264809999e-06 -2.2887019308e-12 9.6784919567e-14 -1.7264788667e-06 5.8687685866e-14
d  1.4090442615e-02 2.1366915642e+00 -2.0000000000e-01 5.1735018443e-01 3.0000000000e+02 -1.7245027452e-06 -9.6748404178e-14 1.7245006148e-06 1.7245027450e-06 -2.2856292164e-12 9.6768404203e-14 -1.7245006148e-06 5.8681520349e-14
d  1.4091720138e-02 2.1357972981e+00 -2.0000000000e-01 5.1663818926e-01 3.0000000000e+02 -1.7221294243e-06 -9.6743157770e-14 1.7221272975e-06 1.7221294241e-06 -2.2819398188e-12 9.6763157780e-14 -1.7221272976e-06 5.8674987914e-14
d  1.4093253166e-02 2.1347241788e+00 -2.0000000000e-01 5.1578404810e-01 3.0000000000e+02 -1.7192822827e-06 -9.6720058744e-14 1.7192801603e-06 1.7192822825e-06 -2.2775107408e-12 9.6740058751e-14 -1.7192801604e-06 5.8666131995e-14
d  1.4095092800e-02 2.1334364356e+00 -2.0000000000e-01 5.1475944374e-01 3.0000000000e+02 -1.7158669295e-06 -9.6695770637e-14 1.7158648125e-06 1.7158669293e-06 -2.2721922647e-12 9.6715770647e-14 -1.7158648125e-06 5.8655692545e-14
d  1.4096196580e-02 2.1326637897e+00 -2.0000000000e-01 5.1414487258e-01 3.0000000000e+02 -1.7138183558e-06 -9.6680607296e-14 1.7138162419e-06 1.7138183556e-06 -2.2689994091e-12 9.6700607325e-14 -1.7138162420e-06 5.8649380465e-14
d  1.4097521116e-02 2.1317366146e+00 -2.0000000000e-01 5.1340757703e-01 3.0000000000e+02 -1.7113607002e-06 -9.6662724893e-14 1.7113585901e-06 1.7113607000e-06 -2.2651661940e-12 9.6682724924e-14 -1.7113585902e-06 5.8641818819e-14
d  1.4099110560e-02 2.1306240045e+00 -2.0000000000e-01 5.1252309618e-01 3.0000000000e+02 -1.7084124261e-06 -9.6642859391e-14 1.7084103206e-06 1.7084124259e-06 -2.2605637489e-12 9.6662859404e-14 -1.7084103207e-06 5.8632828276e-14
d  1.4101017892e-02 2.1292888724e+00 -2.0000000000e-01 5.1146211422e-01 3.0000000000e+02 -1.7048758141e-06 -9.6617313644e-14 1.7048737141e-06 1.7048758139e-06 -2.2550372510e-12 9.6637313664e-14 -1.7048737141e-06 5.8621915991e-14
d  1.4102162291e-02 2.1284877931e+00 -2.0000000000e-01 5.1082573231e-01 3.0000000000e+02 -1.7027545378e-06 -9.6602178308e-14 1.7027524410e-06 1.7027545376e-06 -2.2517194835e-12 9.6622178346e-14 -1.7027524411e-06 5.8615364798e-14
d  1.4103535570e-02 2.1275264980e+00 -2.0000000000e-01 5.1006227948e-01 3.0000000000e+02 -1.7002096911e-06 -9.6580895691e-14 1.7002075983e-06 1.7002096909e-06 -2.2477363948e-12 9.6600895782e-14 -1.7002075983e-06 5.8607314799e-14
d  1.4105183505e-02 2.1263729438e+00 -2.0000000000e-01 5.0914643241e-01 3.0000000000e+02 -1.6971568627e-06 -9.6562362906e-14 1.6971547747e-06 1.6971568625e-06 -2.2429538038e-12 9.6582362926e-14 -1.6971547748e-06 5.8598059692e-14
d  1.4107161027e-02 2.1249886788e+00 -2.0000000000e-01 5.0804784343e-01 3.0000000000e+02 -1.6934948938e-06 -9.6535894706e-14 1.6934928114e-06 1.6934948936e-06 -2.2372110681e-12 9.6555894716e-14 -1.6934928115e-06 5.8586680385e-14
d  1.4108347540e-02 2.1241581199e+00 -2.0000000000e-01 5.0738891432e-01 3.0000000000e+02 -1.6912984600e-06 -9.6520629737e-14 1.6912963811e-06 1.6912984598e-06 -2.2337634905e-12 9.6540629798e-14 -1.6912963811e-06 5.8579874279e-14
d  1.4109771356e-02 2.1231614491e+00 -2.0000000000e-01 5.0659842147e-01 3.0000000000e+02 -1.6886634797e-06 -9.6491062888e-14 1.6886614049e-06 1.6886634796e-06 -2.2296247752e-12 9.6511063142e-14 -1.6886614050e-06 5.8571041780e-14
d  1.4111479935e-02 2.1219654441e+00 -2.0000000000e-01 5.0565015069e-01 3.0000000000e+02 -1.6855025722e-06 -9.6478173328e-14 1.6855005023e-06 1.6855025720e-06 -2.2246547990e-12 9.6498173399e-14 -1.6855005024e-06 5.8561763382e-14
d  1.4112505083e-02 2.1212478411e+00 -2.0000000000e-01 5.0508135646e-01 3.0000000000e+02 -1.6836065884e-06 -9.6464172259e-14 1.6836045215e-06 1.6836065882e-06 -2.2216716275e-12 9.6484172279e-14 -1.6836045216e-06 5.8555807274e-14
d  1.4113735259e-02 2.1203867176e+00 -2.0000000000e-01 5.0439897056e-01 3.0000000000e+02 -1.6813319652e-06 -9.6450475932e-14 1.6813299019e-06 1.6813319650e-06 -2.2180904061e-12 9.6470476012e-14 -1.6813299019e-06 5.8548823610e-14
d  1.4115211472e-02 2.1193533693e+00 -2.0000000000e-01 5.0358034844e-01 3.0000000000e+02 -1.6786032205e-06 -9.6410729995e-14 1.6786011614e-06 1.6786032205e-06 -2.2137916131e-12 9.6430730620e-14 -1.6786011617e-06 5.8539051004e-14
d  1.4116982926e-02 2.1181133514e+00 -2.0000000000e-01 5.0259834886e-01 3.0000000000e+02 -1.6753298835e-06 -9.6400281544e-14 1.6753278295e-06 1.6753298834e-06 -2.2086289052e-12 9.6420281906e-14 -1.6753278297e-06 5.8529555529e-14
d  1.4118045799e-02 2.1173693406e+00 -2.0000000000e-01 5.0200933109e-01 3.0000000000e+02 -1.6733664878e-06 -9.6383162294e-14 1.6733644370e-06 1.6733664876e-06 -2.2055301811e-12 9.6403162317e-14 -1.6733644370e-06 5.8523191572e-14
d  1.4119321247e-02 2.1164765277e+00 -2.0000000000e-01 5.0130269020e-01 3.0000000000e+02 -1.6710110145e-06 -9.6378909446e-14 1.6710089673e-06 1.6710110143e-06 -2.2018097519e-12 9.6398909459e-14 -1.6710089674e-06 5.8516523557e-14
d  1.4120851783e-02 2.1154051522e+00 -2.0000000000e-01 5.0045498134e-01 3.0000000000e+02 -1.6681853138e-06 -9.6355339778e-14 1.6681832711e-06 1.6681853136e-06 -2.1973438414e-12 9.6375339785e-14 -1.6681832712e-06 5.8507407816e-14
d  1.4122688428e-02 2.1141195016e+00 -2.0000000000e-01 4.9943811149e-01 3.0000000000e+02 -1.6647957424e-06 -9.6330126381e-14 1.6647937050e-06 1.6647957422e-06 -2.1919818909e-12 9.6350126394e-14 -1.6647937050e-06 5.8496441456e-14
d  1.4123790414e-02 2.1133481113e+00 -2.0000000000e-01 4.9882818697e-01 3.0000000000e+02 -1.6627626574e-06 -9.6314731782e-14 1.6627606232e-06 1.6627626572e-06 -2.1887631455e-12 9.6334731809e-14 -1.6627606233e-06 5.8489989297e-14
d  1.4125112798e-02 2.1124224428e+00 -2.0000000000e-01 4.9809647278e-01 3.0000000000e+02 -1.6603236063e-06 -9.6296858032e-14 1.6603215759e-06 1.6603236061e-06 -2.1848991502e-12 9.6316858069e-14 -1.6603215760e-06 5.8482233471e-14
d  1.4126699659e-02 2.1113116407e+00 -2.0000000000e-01 4.9721869732e-01 3.0000000000e+02 -1.6573976835e-06 -9.6276901316e-14 1.6573956577e-06 1.6573976833e-06 -2.1802601840e-12 9.6296901329e-14 -1.6573956578e-06 5.8472994761e-14
d  1.4128603891e-02 2.1099786782e+00 -2.0000000000e-01 4.9616577298e-01 3.0000000000e+02 -1.6538879301e-06 -9.6251092323e-14 1.6538859099e-06 1.6538879299e-06 -2.1746904622e-12 9.6271092349e-14 -1.6538859100e-06 5.8461777575e-14
d  1.4129746431e-02 2.1091789007e+00 -2.0000000000e-01 4.9553423143e-01 3.0000000000e+02 -1.6517827883e-06 -9.6235700286e-14 1.6517807714e-06 1.6517827881e-06 -2.1713470817e-12 9.6255700324e-14 -1.6517807715e-06 5.8455038707e-14
d  1.4131117479e-02 2.1082191676e+00 -2.0000000000e-01 4.9477659283e-01 3.0000000000e+02 -1.6492573224e-06 -9.6213759848e-14 1.6492553094e-06 1.6492573222e-06 -2.1673335879e-12 9.6233759955e-14 -1.6492553095e-06 5.8446739571e-14
d  1.4132762736e-02 2.1070674880e+00 -2.0000000000e-01 4.9386773125e-01 3.0000000000e+02 -1.6462277790e-06 -9.6195603270e-14 1.6462257708e-06 1.6462277788e-06 -2.1625149437e-12 9.6215603291e-14 -1.6462257709e-06 5.8437252708e-14
d  1.4134737044e-02 2.1056854724e+00 -2.0000000000e-01 4.9277753696e-01 3.0000000000e+02 -1.6425937922e-06 -9.6168994339e-14 1.6425917899e-06 1.6425937920e-06 -2.1567296576e-12 9.6188994350e-14 -1.6425917899e-06 5.8425561550e-14
d  1.4135921629e-02 2.1048562631e+00 -2.0000000000e-01 4.9212365087e-01 3.0000000000e+02 -1.6404141685e-06 -9.6153353536e-14 1.6404121696e-06 1.6404141683e-06 -2.1532569278e-12 9.6173353600e-14 -1.6404121696e-06 5.8418556620e-14
d  1.4137343131e-02 2.1038612119e+00 -2.0000000000e-01 4.9133921921e-01 3.0000000000e+02 -1.6377993922e-06 -9.6121031463e-14 1.6377973974e-06 1.6377993920e-06 -2.1490886014e-12 9.6141031757e-14 -1.6377973975e-06 5.8409189419e-14
d  1.4139048934e-02 2.1026671505e+00 -2.0000000000e-01 4.9039823271e-01 3.0000000000e+02 -1.6346627655e-06 -9.6109996681e-14 1.6346607757e-06 1.6346627653e-06 -2.1440834064e-12 9.6129996759e-14 -1.6346607758e-06 5.8399742301e-14
d  1.4140072415e-02 2.1019507136e+00 -2.0000000000e-01 4.8983381386e-01 3.0000000000e+02 -1.6327813664e-06 -9.6095967298e-14 1.6327793795e-06 1.6327813662e-06 -2.1410794156e-12 9.6115967317e-14 -1.6327793796e-06 5.8393646334e-14
d  1.4141300593e-02 2.1010909894e+00 -2.0000000000e-01 4.8915668284e-01 3.0000000000e+02 -1.6305242594e-06 -9.6082223466e-14 1.6305222761e-06 1.6305242592e-06 -2.1374735066e-12 9.6102223551e-14 -1.6305222762e-06 5.8386486203e-14
d  1.4142774407e-02 2.1000593203e+00 -2.0000000000e-01 4.8834437317e-01 3.0000000000e+02 -1.6278165562e-06 -9.6038264997e-14 1.6278145772e-06 1.6278165562e-06 -2.1331456108e-12 9.6058265693e-14 -1.6278145775e-06 5.8376237721e-14
d  1.4144542983e-02 2.0988213174e+00 -2.0000000000e-01 4.8736995853e-01 3.0000000000e+02 -1.6245685022e-06 -9.6031343531e-14 1.6245665284e-06 1.6245685021e-06 -2.1279483107e-12 9.6051343918e-14 -1.6245665286e-06 5.8366667288e-14
d  1.4145604128e-02 2.0980785156e+00 -2.0000000000e-01 4.8678549688e-01 3.0000000000e+02 -1.6226202936e-06 -9.6013749224e-14 1.6226183229e-06 1.6226202934e-06 -2.1248292370e-12 9.6033749245e-14 -1.6226183230e-06 5.8360111073e-14
d  1.4146877503e-02 2.0971871536e+00 -2.0000000000e-01 4.8608432938e-01 3.0000000000e+02 -1.6202830649e-06 -9.6009802603e-14 1.6202810979e-06 1.6202830647e-06 -2.1210847189e-12 9.6029802617e-14 -1.6202810980e-06 5.8353213981e-14
d  1.4148405553e-02 2.0961175190e+00 -2.0000000000e-01 4.8524319713e-01 3.0000000000e+02 -1.6174792863e-06 -9.5985727794e-14 1.6174773238e-06 1.6174792860e-06 -2.1165904010e-12 9.6005727801e-14 -1.6174773238e-06 5.8343796173e-14
d  1.4150239213e-02 2.0948339576e+00 -2.0000000000e-01 4.8423422441e-01 3.0000000000e+02 -1.6141160385e-06 -9.5960986846e-14 1.6141140814e-06 1.6141160383e-06 -2.1111947651e-12 9.5980986859e-14 -1.6141140814e-06 5.8332780764e-14
d  1.4151339408e-02 2.0940638208e+00 -2.0000000000e-01 4.8362904343e-01 3.0000000000e+02 -1.6120987654e-06 -9.5945028215e-14 1.6120968114e-06 1.6120987652e-06 -2.1079562698e-12 9.5965028242e-14 -1.6120968115e-06 5.8326069954e-14
d  1.4152659643e-02 2.0931396566e+00 -2.0000000000e-01 4.8290302707e-01 3.0000000000e+02 -1.6096787070e-06 -9.5926993509e-14 1.6096767569e-06 1.6096787068e-06 -2.1040688804e-12 9.5946993553e-14 -1.6096767570e-06 5.8318090219e-14
d  1.4154243925e-02 2.0920306595e+00 -2.0000000000e-01 4.8203209696e-01 3.0000000000e+02 -1.6067756020e-06 -9.5906963486e-14 1.6067736565e-06 1.6067756018e-06 -2.0994023411e-12 9.5926963498e-14 -1.6067736566e-06 5.8308599348e-14
d  1.4156145064e-02 2.0906998631e+00 -2.0000000000e-01 4.8098739848e-01 3.0000000000e+02 -1.6032932681e-06 -9.5880857246e-14 1.6032913283e-06 1.6032932679e-06 -2.0938002750e-12 9.5900857276e-14 -1.6032913283e-06 5.8297065646e-14
d  1.4157285747e-02 2.0899013852e+00 -2.0000000000e-01 4.8036079846e-01 3.0000000000e+02 -1.6012045981e-06 -9.5865247397e-14 1.6012026615e-06 1.6012045979e-06 -2.0904378790e-12 9.5885247436e-14 -1.6012026616e-06 5.8290133612e-14
d  1.4158654566e-02 2.0889432117e+00 -2.0000000000e-01 4.7960909630e-01 3.0000000000e+02 -1.5986989202e-06 -9.5842276203e-14 1.5986969877e-06 1.5986989200e-06 -2.0864019989e-12 9.5862276329e-14 -1.5986969878e-06 5.8281526475e-14
d  1.4160297150e-02 2.0877934036e+00 -2.0000000000e-01 4.7870736442e-01 3.0000000000e+02 -1.5956931424e-06 -9.5825049752e-14 1.5956912147e-06 1.5956931422e-06 -2.0815568501e-12 9.5845049773e-14 -1.5956912148e-06 5.8271950090e-14
d  1.4162268250e-02 2.0864136338e+00 -2.0000000000e-01 4.7762573819e-01 3.0000000000e+02 -1.5920877159e-06 -9.5798155641e-14 1.5920857940e-06 1.5920877157e-06 -2.0757406994e-12 9.5818155652e-14 -1.5920857940e-06 5.8259892506e-14
d  1.4163450910e-02 2.0855857719e+00 -2.0000000000e-01 4.7697699958e-01 3.0000000000e+02 -1.5899252504e-06 -9.5782164195e-14 1.5899233319e-06 1.5899252502e-06 -2.0722498925e-12 9.5802164263e-14 -1.5899233320e-06 5.8252672284e-14
d  1.4164870102e-02 2.0845923377e+00 -2.0000000000e-01 4.7619874839e-01 3.0000000000e+02 -1.5873310756e-06 -9.5747556673e-14 1.5873291613e-06 1.5873310755e-06 -2.0680602206e-12 9.5767557007e-14 -1.5873291615e-06 5.8243080301e-14
d  1.4166573133e-02 2.0834002166e+00 -2.0000000000e-01 4.7526518643e-01 3.0000000000e+02 -1.5842191974e-06 -9.5738924066e-14 1.5842172881e-06 1.5842191972e-06 -2.0630299080e-12 9.5758924148e-14 -1.5842172882e-06 5.8233508536e-14
d  1.4167594951e-02 2.0826849439e+00 -2.0000000000e-01 4.7470522745e-01 3.0000000000e+02 -1.5823526645e-06 -9.5724645217e-14 1.5823507582e-06 1.5823526643e-06 -2.0600112544e-12 9.5744645235e-14 -1.5823507582e-06 5.8227201622e-14
d  1.4168821133e-02 2.0818266168e+00 -2.0000000000e-01 4.7403345446e-01 3.0000000000e+02 -1.5801134176e-06 -9.5710367843e-14 1.5801115149e-06 1.5801134174e-06 -2.0563880402e-12 9.5730367849e-14 -1.5801115149e-06 5.8219745736e-14
d  1.4170292552e-02 2.0807966241e+00 -2.0000000000e-01 4.7322758132e-01 3.0000000000e+02 -1.5774271694e-06 -9.5689858182e-14 1.5774252710e-06 1.5774271694e-06 -2.0520391491e-12 9.5709858946e-14 -1.5774252713e-06 5.8210691630e-14
d  1.4172058254e-02 2.0795606330e+00 -2.0000000000e-01 4.7226090094e-01 3.0000000000e+02 -1.5742048963e-06 -9.5652230094e-14 1.5742030031e-06 1.5742048963e-06 -2.0468192911e-12 9.5672230494e-14 -1.5742030033e-06 5.8198990148e-14
d  1.4173117675e-02 2.0788190383e+00 -2.0000000000e-01 4.7168108513e-01 3.0000000000e+02 -1.5722721738e-06 -9.5641311610e-14 1.5722702838e-06 1.5722721736e-06 -2.0436861121e-12 9.5661311631e-14 -1.5722702838e-06 5.8192666865e-14
d  1.4174388981e-02 2.0779291247e+00 -2.0000000000e-01 4.7098549694e-01 3.0000000000e+02 -1.5699535428e-06 -9.5637428499e-14 1.5699516565e-06 1.5699535426e-06 -2.0399252527e-12 9.5657428516e-14 -1.5699516565e-06 5.8185616267e-14
d  1.4175914547e-02 2.0768612283e+00 -2.0000000000e-01 4.7015106623e-01 3.0000000000e+02 -1.5671721026e-06 -9.5613247991e-14 1.5671702208e-06 1.5671721024e-06 -2.0354118039e-12 9.5633247998e-14 -1.5671702208e-06 5.8175979639e-14
d  1.4177745227e-02 2.0755797527e+00 -2.0000000000e-01 4.6915014622e-01 3.0000000000e+02 -1.5638356972e-06 -9.5588163966e-14 1.5638338207e-06 1.5638356970e-06 -2.0299939413e-12 9.5608163979e-14 -1.5638338208e-06 5.8164631771e-14
d  1.4178843635e-02 2.0748108673e+00 -2.0000000000e-01 4.6854980478e-01 3.0000000000e+02 -1.5618345558e-06 -9.5571530523e-14 1.5618326826e-06 1.5618345556e-06 -2.0267425804e-12 9.5591530549e-14 -1.5618326826e-06 5.8157587095e-14
d  1.4180161725e-02 2.0738882049e+00 -2.0000000000e-01 4.6782960841e-01 3.0000000000e+02 -1.5594338974e-06 -9.5552061134e-14 1.5594320280e-06 1.5594338972e-06 -2.0228403345e-12 9.5572061186e-14 -1.5594320281e-06 5.8148999047e-14
d  1.4181743432e-02 2.0727810100e+00 -2.0000000000e-01 4.6696565796e-01 3.0000000000e+02 -1.5565540579e-06 -9.5534349929e-14 1.5565521932e-06 1.5565540577e-06 -2.0181556154e-12 9.5554349942e-14 -1.5565521933e-06 5.8140025055e-14
d  1.4183641481e-02 2.0714523760e+00 -2.0000000000e-01 4.6592934684e-01 3.0000000000e+02 -1.5530996819e-06 -9.5507323760e-14 1.5530978228e-06 1.5530996817e-06 -2.0125330494e-12 9.5527323791e-14 -1.5530978229e-06 5.8127947339e-14
d  1.4184780311e-02 2.0706551957e+00 -2.0000000000e-01 4.6530778541e-01 3.0000000000e+02 -1.5510278072e-06 -9.5491597635e-14 1.5510259514e-06 1.5510278070e-06 -2.0091586685e-12 9.5511597673e-14 -1.5510259514e-06 5.8120823020e-14
d  1.4186146906e-02 2.0696985793e+00 -2.0000000000e-01 4.6456213507e-01 3.0000000000e+02 -1.5485423020e-06 -9.5467569292e-14 1.5485404502e-06 1.5485423018e-06 -2.0051087784e-12 9.5487569436e-14 -1.5485404503e-06 5.8111959514e-14
d  1.4187786820e-02 2.0685506396e+00 -2.0000000000e-01 4.6366767680e-01 3.0000000000e+02 -1.5455607696e-06 -9.5450660143e-14 1.5455589227e-06 1.5455607694e-06 -2.0002474155e-12 9.5470660165e-14 -1.5455589227e-06 5.8102020926e-14
d  1.4189754718e-02 2.0671731119e+00 -2.0000000000e-01 4.6259479163e-01 3.0000000000e+02 -1.5419844799e-06 -9.5423817906e-14 1.5419826388e-06 1.5419844797e-06 -1.9944124933e-12 9.5443817915e-14 -1.5419826388e-06 5.8089681653e-14
d  1.4190935456e-02 2.0663465953e+00 -2.0000000000e-01 4.6195130432e-01 3.0000000000e+02 -1.5398395187e-06 -9.5407645892e-14 1.5398376811e-06 1.5398395185e-06 -1.9909108343e-12 9.5427645965e-14 -1.5398376811e-06 5.8082257467e-14
d  1.4192352342e-02 2.0653547754e+00 -2.0000000000e-01 4.6117936133e-01 3.0000000000e+02 -1.5372663712e-06 -9.5369701365e-14 1.5372645377e-06 1.5372663711e-06 -1.9867085972e-12 9.5389701741e-14 -1.5372645379e-06 5.8072234950e-14
d  1.4194052605e-02 2.0641645915e+00 -2.0000000000e-01 4.6025337825e-01 3.0000000000e+02 -1.5341797560e-06 -9.5364164217e-14 1.5341779275e-06 1.5341797558e-06 -1.9816634849e-12 9.5384164302e-14 -1.5341779276e-06 5.8062586759e-14
d  1.4195072763e-02 2.0634504812e+00 -2.0000000000e-01 4.5969797068e-01 3.0000000000e+02 -1.5323283944e-06 -9.5349931232e-14 1.5323265689e-06 1.5323283942e-06 -1.9786362624e-12 9.5369931249e-14 -1.5323265690e-06 5.8056161386e-14
d  1.4196296953e-02 2.0625935488e+00 -2.0000000000e-01 4.5903166297e-01 3.0000000000e+02 -1.5301073651e-06 -9.5335580454e-14 1.5301055432e-06 1.5301073649e-06 -1.9750030170e-12 9.5355580460e-14 -1.5301055433e-06 5.8048557538e-14
d  1.4197765980e-02 2.0615652299e+00 -2.0000000000e-01 4.5823235519e-01 3.0000000000e+02 -1.5274430015e-06 -9.5314882584e-14 1.5274411840e-06 1.5274430015e-06 -1.9706425158e-12 9.5334883411e-14 -1.5274411843e-06 5.8039230877e-14
d  1.4199528813e-02 2.0603312473e+00 -2.0000000000e-01 4.5727356299e-01 3.0000000000e+02 -1.5242470223e-06 -9.5276199754e-14 1.5242452099e-06 1.5242470222e-06 -1.9654092922e-12 9.5296200152e-14 -1.5242452101e-06 5.8027195696e-14
d  1.4200586513e-02 2.0595908577e+00 -2.0000000000e-01 4.5669848550e-01 3.0000000000e+02 -1.5223300942e-06 -9.5266394046e-14 1.5223282850e-06 1.5223300940e-06 -1.9622683350e-12 9.5286394065e-14 -1.5223282851e-06 5.8020754770e-14
d  1.4201855752e-02 2.0587023902e+00 -2.0000000000e-01 4.5600859762e-01 3.0000000000e+02 -1.5200304642e-06 -9.5260244870e-14 1.5200286587e-06 1.5200304640e-06 -1.9584989274e-12 9.5280244891e-14 -1.5200286588e-06 5.8012898347e-14
d  1.4203378840e-02 2.0576362291e+00 -2.0000000000e-01 4.5518099974e-01 3.0000000000e+02 -1.5172718001e-06 -9.5239024923e-14 1.5172699991e-06 1.5172717999e-06 -1.9539744839e-12 9.5259024931e-14 -1.5172699992e-06 5.8004003244e-14
d  1.4205206545e-02 2.0563568359e+00 -2.0000000000e-01 4.5418829038e-01 3.0000000000e+02 -1.5139627635e-06 -9.5212899418e-14 1.5139609679e-06 1.5139627633e-06 -1.9485447633e-12 9.5232899430e-14 -1.5139609680e-06 5.7992055356e-14
d  1.4206303168e-02 2.0555892000e+00 -2.0000000000e-01 4.5359287875e-01 3.0000000000e+02 -1.5119780548e-06 -9.5196679109e-14 1.5119762625e-06 1.5119780546e-06 -1.9452863803e-12 9.5216679135e-14 -1.5119762626e-06 5.7984981661e-14
d  1.4207619116e-02 2.0546680369e+00 -2.0000000000e-01 4.5287859699e-01 3.0000000000e+02 -1.5095971117e-06 -9.5177825612e-14 1.5095953233e-06 1.5095971115e-06 -1.9413757976e-12 9.5197825672e-14 -1.5095953233e-06 5.7976521931e-14
d  1.4209198253e-02 2.0535626411e+00 -2.0000000000e-01 4.5202176486e-01 3.0000000000e+02 -1.5067410000e-06 -9.5158022871e-14 1.5067392162e-06 1.5067409998e-06 -1.9366823172e-12 9.5178022883e-14 -1.5067392162e-06 5.7966525169e-14
d  1.4211093218e-02 2.0522361662e+00 -2.0000000000e-01 4.5099400785e-01 3.0000000000e+02 -1.5033151377e-06 -9.5131493905e-14 1.5033133595e-06 1.5033151375e-06 -1.9310492767e-12 9.5151493932e-14 -1.5033133595e-06 5.7954339294e-14
d  1.4212230196e-02 2.0514402813e+00 -2.0000000000e-01 4.5037758540e-01 3.0000000000e+02 -1.5012603928e-06 -9.5115811691e-14 1.5012586180e-06 1.5012603926e-06 -1.9276689953e-12 9.5135811731e-14 -1.5012586180e-06 5.7947018796e-14
d  1.4213594571e-02 2.0504852194e+00 -2.0000000000e-01 4.4963810806e-01 3.0000000000e+02 -1.4987954644e-06 -9.5090370920e-14 1.4987936935e-06 1.4987954642e-06 -1.9236123631e-12 9.5110371086e-14 -1.4987936936e-06 5.7937846474e-14
d  1.4215231820e-02 2.0493391451e+00 -2.0000000000e-01 4.4875106642e-01 3.0000000000e+02 -1.4958386540e-06 -9.5074500813e-14 1.4958368880e-06 1.4958386538e-06 -1.9187432497e-12 9.5094500836e-14 -1.4958368881e-06 5.7927696038e-14
d  1.4217196520e-02 2.0479638559e+00 -2.0000000000e-01 4.4768709418e-01 3.0000000000e+02 -1.4922920741e-06 -9.5047680584e-14 1.4922903139e-06 1.4922920739e-06 -1.9128996866e-12 9.5067680593e-14 -1.4922903140e-06 5.7915029059e-14
d  1.4218375339e-02 2.0471386824e+00 -2.0000000000e-01 4.4704896144e-01 3.0000000000e+02 -1.4901649615e-06 -9.5031530165e-14 1.4901632048e-06 1.4901649613e-06 -1.9093931752e-12 9.5051530243e-14 -1.4901632049e-06 5.7907408313e-14
d  1.4219789923e-02 2.0461484742e+00 -2.0000000000e-01 4.4628345068e-01 3.0000000000e+02 -1.4876132548e-06 -9.4989684728e-14 1.4876115023e-06 1.4876132547e-06 -1.9051855352e-12 9.5009685146e-14 -1.4876115024e-06 5.7896916263e-14
d  1.4221487423e-02 2.0449602244e+00 -2.0000000000e-01 4.4536519624e-01 3.0000000000e+02 -1.4845524016e-06 -9.4987862063e-14 1.4845506541e-06 1.4845524014e-06 -1.9001341110e-12 9.5007862146e-14 -1.4845506542e-06 5.7887195935e-14
d  1.4222505923e-02 2.0442472745e+00 -2.0000000000e-01 4.4481443162e-01 3.0000000000e+02 -1.4827165166e-06 -9.4973362023e-14 1.4827147721e-06 1.4827165164e-06 -1.8971034513e-12 9.4993362039e-14 -1.4827147721e-06 5.7880546966e-14
d  1.4223728123e-02 2.0433917346e+00 -2.0000000000e-01 4.4415370057e-01 3.0000000000e+02 -1.4805140761e-06 -9.4958724424e-14 1.4805123352e-06 1.4805140759e-06 -1.8934662821e-12 9.4978724432e-14 -1.4805123353e-06 5.7872728019e-14
d  1.4225194764e-02 2.0423650867e+00 -2.0000000000e-01 4.4336109223e-01 3.0000000000e+02 -1.4778720440e-06 -9.4937998938e-14 1.4778703074e-06 1.4778720440e-06 -1.8891013844e-12 9.4957999820e-14 -1.4778703077e-06 5.7863146280e-14
d  1.4226954732e-02 2.0411331093e+00 -2.0000000000e-01 4.4241035007e-01 3.0000000000e+02 -1.4747028982e-06 -9.4898448391e-14 1.4747011669e-06 1.4747028981e-06 -1.8838633966e-12 9.4918448775e-14 -1.4747011671e-06 5.7850757591e-14
d  1.4228010713e-02 2.0403939229e+00 -2.0000000000e-01 4.4184010811e-01 3.0000000000e+02 -1.4728020886e-06 -9.4890098969e-14 1.4728003604e-06 1.4728020884e-06 -1.8807197527e-12 9.4910098989e-14 -1.4728003604e-06 5.7844227391e-14
d  1.4229277890e-02 2.0395068991e+00 -2.0000000000e-01 4.4115601935e-01 3.0000000000e+02 -1.4705217890e-06 -9.4884493333e-14 1.4705200645e-06 1.4705217888e-06 -1.8769470168e-12 9.4904493357e-14 -1.4705200646e-06 5.7836649484e-14
d  1.4230798503e-02 2.0384424706e+00 -2.0000000000e-01 4.4033540356e-01 3.0000000000e+02 -1.4677863985e-06 -9.4860579796e-14 1.4677846785e-06 1.4677863983e-06 -1.8724199747e-12 9.4880579804e-14 -1.4677846786e-06 5.7826519362e-14
d  1.4232623238e-02 2.0371651564e+00 -2.0000000000e-01 4.3935108395e-01 3.0000000000e+02 -1.4645053277e-06 -9.4835219146e-14 1.4645036132e-06 1.4645053275e-06 -1.8669868861e-12 9.4855219157e-14 -1.4645036132e-06 5.7814541915e-14
d  1.4233718079e-02 2.0363987679e+00 -2.0000000000e-01 4.3876071213e-01 3.0000000000e+02 -1.4625374184e-06 -9.4819220971e-14 1.4625357071e-06 1.4625374182e-06 -1.8637268155e-12 9.4839220997e-14 -1.4625357071e-06 5.7807293752e-14
d  1.4235031888e-02 2.0354791017e+00 -2.0000000000e-01 4.3805248404e-01 3.0000000000e+02 -1.4601766542e-06 -9.4799599635e-14 1.4601749468e-06 1.4601766540e-06 -1.8598144876e-12 9.4819599704e-14 -1.4601749469e-06 5.7798564057e-14
d  1.4236608459e-02 2.0343755022e+00 -2.0000000000e-01 4.3720292486e-01 3.0000000000e+02 -1.4573447856e-06 -9.4780209488e-14 1.4573430829e-06 1.4573447854e-06 -1.8551192239e-12 9.4800209501e-14 -1.4573430829e-06 5.7788322281e-14
d  1.4238500345e-02 2.0330511828e+00 -2.0000000000e-01 4.3618390776e-01 3.0000000000e+02 -1.4539480564e-06 -9.4753636762e-14 1.4539463592e-06 1.4539480562e-06 -1.8494845792e-12 9.4773636783e-14 -1.4539463593e-06 5.7775807158e-14
d  1.4239635476e-02 2.0322565912e+00 -2.0000000000e-01 4.3557273565e-01 3.0000000000e+02 -1.4519108126e-06 -9.4738163401e-14 1.4519091188e-06 1.4519108125e-06 -1.8461035984e-12 9.4758163441e-14 -1.4519091189e-06 5.7768308768e-14
d  1.4240997633e-02 2.0313030813e+00 -2.0000000000e-01 4.3483956525e-01 3.0000000000e+02 -1.4494669073e-06 -9.4711083031e-14 1.4494652175e-06 1.4494669071e-06 -1.8420464584e-12 9.4731083218e-14 -1.4494652176e-06 5.7758797488e-14
d  1.4242632222e-02 2.0301588693e+00 -2.0000000000e-01 4.3396010121e-01 3.0000000000e+02 -1.4465353557e-06 -9.4696535296e-14 1.4465336707e-06 1.4465353555e-06 -1.8371770053e-12 9.4716535317e-14 -1.4465336708e-06 5.7748444331e-14
d  1.4244593729e-02 2.0287858150e+00 -2.0000000000e-01 4.3290523540e-01 3.0000000000e+02 -1.4430191305e-06 -9.4669754559e-14 1.4430174513e-06 1.4430191303e-06 -1.8313336463e-12 9.4689754566e-14 -1.4430174514e-06 5.7735442945e-14
d  1.4245770633e-02 2.0279619824e+00 -2.0000000000e-01 4.3227257350e-01 3.0000000000e+02 -1.4409102540e-06 -9.4653678689e-14 1.4409085783e-06 1.4409102538e-06 -1.8278274800e-12 9.4673678694e-14 -1.4409085784e-06 5.7727623499e-14
d  1.4247182918e-02 2.0269733833e+00 -2.0000000000e-01 4.3151363465e-01 3.0000000000e+02 -1.4383804537e-06 -9.4634451451e-14 1.4383787822e-06 1.4383804536e-06 -1.8236199751e-12 9.4654451906e-14 -1.4383787823e-06 5.7718236256e-14
d  1.4248877659e-02 2.0257870644e+00 -2.0000000000e-01 4.3060327646e-01 3.0000000000e+02 -1.4353459213e-06 -9.4603477344e-14 1.4353442549e-06 1.4353459212e-06 -1.8185710243e-12 9.4623477421e-14 -1.4353442549e-06 5.7706485009e-14
d  1.4250911350e-02 2.0243634817e+00 -2.0000000000e-01 4.2951137818e-01 3.0000000000e+02 -1.4317062544e-06 -9.4582820301e-14 1.4317045939e-06 1.4317062542e-06 -1.8125115345e-12 9.4602820320e-14 -1.4317045940e-06 5.7693340907e-14
d  1.4252131564e-02 2.0235093320e+00 -2.0000000000e-01 4.2885651807e-01 3.0000000000e+02 -1.4295233838e-06 -9.4563171330e-14 1.4295217269e-06 1.4295233836e-06 -1.8088760175e-12 9.4583171344e-14 -1.4295217270e-06 5.7685003645e-14
d  1.4253595821e-02 2.0224843525e+00 -2.0000000000e-01 4.2807096249e-01 3.0000000000e+02 -1.4269048608e-06 -9.4546445191e-14 1.4269032083e-06 1.4269048606e-06 -1.8045131103e-12 9.4566445195e-14 -1.4269032083e-06 5.7675398580e-14
d  1.4255352929e-02 2.0212543770e+00 -2.0000000000e-01 4.2712869479e-01 3.0000000000e+02 -1.4237639633e-06 -9.4521326469e-14 1.4237623160e-06 1.4237639632e-06 -1.7992777627e-12 9.4541326818e-14 -1.4237623161e-06 5.7663550969e-14
d  1.4256407194e-02 2.0205163917e+00 -2.0000000000e-01 4.2656354347e-01 3.0000000000e+02 -1.4218801224e-06 -9.4496270883e-14 1.4218784782e-06 1.4218801222e-06 -1.7961368367e-12 9.4516270902e-14 -1.4218784783e-06 5.7655832242e-14
d  1.4257672312e-02 2.0196308094e+00 -2.0000000000e-01 4.2588556932e-01 3.0000000000e+02 -1.4196202049e-06 -9.4491539447e-14 1.4196185644e-06 1.4196202047e-06 -1.7923668669e-12 9.4511539474e-14 -1.4196185645e-06 5.7648076928e-14
d  1.4259190454e-02 2.0185681106e+00 -2.0000000000e-01 4.2507229949e-01 3.0000000000e+02 -1.4169093009e-06 -9.4468111683e-14 1.4169076650e-06 1.4169093007e-06 -1.7878435463e-12 9.4488111690e-14 -1.4169076650e-06 5.7637699557e-14
d  1.4261012223e-02 2.0172928720e+00 -2.0000000000e-01 4.2409680739e-01 3.0000000000e+02 -1.4136576552e-06 -9.4442660724e-14 1.4136560246e-06 1.4136576550e-06 -1.7824155114e-12 9.4462660733e-14 -1.4136560247e-06 5.7625377433e-14
d  1.4262105285e-02 2.0165277289e+00 -2.0000000000e-01 4.2351173861e-01 3.0000000000e+02 -1.4117074227e-06 -9.4426965177e-14 1.4117057954e-06 1.4117074225e-06 -1.7791587617e-12 9.4446965202e-14 -1.4117057954e-06 5.7617942440e-14
d  1.4263416960e-02 2.0156095571e+00 -2.0000000000e-01 4.2280988058e-01 3.0000000000e+02 -1.4093678921e-06 -9.4406383358e-14 1.4093662686e-06 1.4093678919e-06 -1.7752507539e-12 9.4426383436e-14 -1.4093662687e-06 5.7608912979e-14
d  1.4264990969e-02 2.0145077510e+00 -2.0000000000e-01 4.2196797468e-01 3.0000000000e+02 -1.4065615344e-06 -9.4387516221e-14 1.4065599156e-06 1.4065615342e-06 -1.7705610438e-12 9.4407516234e-14 -1.4065599156e-06 5.7598412316e-14
d  1.4266879780e-02 2.0131855837e+00 -2.0000000000e-01 4.2095815447e-01 3.0000000000e+02 -1.4031954614e-06 -9.4360961483e-14 1.4031938482e-06 1.4031954612e-06 -1.7649336981e-12 9.4380961497e-14 -1.4031938483e-06 5.7585560135e-14
d  1.4268013067e-02 2.0123922833e+00 -2.0000000000e-01 4.2035250723e-01 3.0000000000e+02 -1.4011766340e-06 -9.4345677045e-14 1.4011750241e-06 1.4011766338e-06 -1.7615574232e-12 9.4365677085e-14 -1.4011750242e-06 5.7577869815e-14
d  1.4269373010e-02 2.0114403228e+00 -2.0000000000e-01 4.1962597338e-01 3.0000000000e+02 -1.3987548504e-06 -9.4316778814e-14 1.3987532446e-06 1.3987548503e-06 -1.7575063168e-12 9.4336779022e-14 -1.3987532447e-06 5.7568005203e-14
d  1.4271004943e-02 2.0102979702e+00 -2.0000000000e-01 4.1875448330e-01 3.0000000000e+02 -1.3958498787e-06 -9.4303777305e-14 1.3958482777e-06 1.3958498785e-06 -1.7526444701e-12 9.4323777326e-14 -1.3958482777e-06 5.7557431432e-14
d  1.4272963262e-02 2.0089271471e+00 -2.0000000000e-01 4.1770919812e-01 3.0000000000e+02 -1.3923655889e-06 -9.4277261497e-14 1.3923639937e-06 1.3923655887e-06 -1.7468109127e-12 9.4297261501e-14 -1.3923639938e-06 5.7544165346e-14
d  1.4274138254e-02 2.0081046532e+00 -2.0000000000e-01 4.1708229206e-01 3.0000000000e+02 -1.3902758986e-06 -9.4261157963e-14 1.3902743069e-06 1.3902758984e-06 -1.7433110447e-12 9.4281157969e-14 -1.3902743069e-06 5.7536099208e-14
d  1.4275548244e-02 2.0071176606e+00 -2.0000000000e-01 4.1633026763e-01 3.0000000000e+02 -1.3877691463e-06 -9.4241596198e-14 1.3877675588e-06 1.3877691463e-06 -1.7391114438e-12 9.4261596691e-14 -1.3877675589e-06 5.7526430764e-14
d  1.4277240232e-02 2.0059332694e+00 -2.0000000000e-01 4.1542821742e-01 3.0000000000e+02 -1.3847623073e-06 -9.4210178932e-14 1.3847607247e-06 1.3847623071e-06 -1.7340724845e-12 9.4230179002e-14 -1.3847607248e-06 5.7514339470e-14
d  1.4279270617e-02 2.0045120001e+00 -2.0000000000e-01 4.1434630412e-01 3.0000000000e+02 -1.3811559236e-06 -9.4190236749e-14 1.3811543471e-06 1.3811559234e-06 -1.7280256988e-12 9.4210236757e-14 -1.3811543471e-06 5.7500859815e-14
d  1.4280488848e-02 2.0036592384e+00 -2.0000000000e-01 4.1369744306e-01 3.0000000000e+02 -1.3789930498e-06 -9.4172701415e-14 1.3789914769e-06 1.3789930496e-06 -1.7243981653e-12 9.4192701432e-14 -1.3789914769e-06 5.7492422181e-14
d  1.4281950726e-02 2.0026359245e+00 -2.0000000000e-01 4.1291909379e-01 3.0000000000e+02 -1.3763985479e-06 -9.4152734297e-14 1.3763969793e-06 1.3763985477e-06 -1.7200454122e-12 9.4172734302e-14 -1.3763969793e-06 5.7482375912e-14
d  1.4283704979e-02 2.0014079477e+00 -2.0000000000e-01 4.1198549149e-01 3.0000000000e+02 -1.3732865351e-06 -9.4127548688e-14 1.3732849716e-06 1.3732865350e-06 -1.7148229386e-12 9.4147548994e-14 -1.3732849718e-06 5.7469954383e-14
d  1.4285710000e-02 2.0000044333e+00 -2.0000000000e-01 4.1091897936e-01 3.0000000000e+02 -1.3697314887e-06 -9.4093909272e-14 1.3697299312e-06 1.3697314885e-06 -1.7088545363e-12 9.4113909282e-14 -1.3697299312e-06 5.7455872726e-14
d  1.4286913013e-02 1.9991623247e+00 -2.0000000000e-01 4.1027935395e-01 3.0000000000e+02 -1.3675994005e-06 -9.4084170398e-14 1.3675978465e-06 1.3675994003e-06 -1.7052736416e-12 9.4104170410e-14 -1.3675978465e-06 5.7447911072e-14
d  1.4288356628e-02 1.9981517944e+00 -2.0000000000e-01 4.0951208299e-01 3.0000000000e+02 -1.3650418263e-06 -9.4063315398e-14 1.3650402766e-06 1.3650418263e-06 -1.7009773333e-12 9.4083316199e-14 -1.3650402769e-06 5.7437832209e-14
d  1.4290088966e-02 1.9969391579e+00 -2.0000000000e-01 4.0859176110e-01 3.0000000000e+02 -1.3619740816e-06 -9.4026060460e-14 1.3619725370e-06 1.3619740814e-06 -1.6958228063e-12 9.4046060639e-14 -1.3619725371e-06 5.7424991220e-14
d  1.4291128369e-02 1.9962115761e+00 -2.0000000000e-01 4.0803978013e-01 3.0000000000e+02 -1.3601341419e-06 -9.4021583623e-14 1.3601326004e-06 1.3601341417e-06 -1.6927298750e-12 9.4041583639e-14 -1.3601326005e-06 5.7418295710e-14
d  1.4292375653e-02 1.9953384779e+00 -2.0000000000e-01 4.0737761262e-01 3.0000000000e+02 -1.3579269132e-06 -9.4008072700e-14 1.3579253754e-06 1.3579269130e-06 -1.6890190300e-12 9.4028072722e-14 -1.3579253754e-06 5.7409829601e-14
d  1.4293872393e-02 1.9942907600e+00 -2.0000000000e-01 4.0658331468e-01 3.0000000000e+02 -1.3552792490e-06 -9.3986282676e-14 1.3552777156e-06 1.3552792488e-06 -1.6845668307e-12 9.4006282683e-14 -1.3552777157e-06 5.7399280534e-14
d  1.4295668481e-02 1.9930334986e+00 -2.0000000000e-01 4.0563059176e-01 3.0000000000e+02 -1.3521035006e-06 -9.3961371691e-14 1.3521019725e-06 1.3521035004e-06 -1.6792249494e-12 9.3981371695e-14 -1.3521019726e-06 5.7386779109e-14
d  1.4296746134e-02 1.9922791417e+00 -2.0000000000e-01 4.0505918729e-01 3.0000000000e+02 -1.3501988159e-06 -9.3946269185e-14 1.3501972910e-06 1.3501988157e-06 -1.6760203792e-12 9.3966269207e-14 -1.3501972910e-06 5.7379164607e-14
d  1.4298039318e-02 1.9913739135e+00 -2.0000000000e-01 4.0437373276e-01 3.0000000000e+02 -1.3479139636e-06 -9.3924739305e-14 1.3479124425e-06 1.3479139634e-06 -1.6721756203e-12 9.3944739370e-14 -1.3479124426e-06 5.7369680971e-14
d  1.4299591138e-02 1.9902876396e+00 -2.0000000000e-01 4.0355151443e-01 3.0000000000e+02 -1.3451732313e-06 -9.3906046009e-14 1.3451717148e-06 1.3451732311e-06 -1.6675622592e-12 9.3926046020e-14 -1.3451717148e-06 5.7359015758e-14
d  1.4301453322e-02 1.9889841109e+00 -2.0000000000e-01 4.0256532430e-01 3.0000000000e+02 -1.3418859254e-06 -9.3879731857e-14 1.3418844143e-06 1.3418859252e-06 -1.6620275543e-12 9.3899731903e-14 -1.3418844144e-06 5.7345878677e-14
d  1.4302570633e-02 1.9882019938e+00 -2.0000000000e-01 4.0197385774e-01 3.0000000000e+02 -1.3399143668e-06 -9.3853095086e-14 1.3399128591e-06 1.3399143667e-06 -1.6587076872e-12 9.3873095119e-14 -1.3399128592e-06 5.7337333561e-14
d  1.4303911405e-02 1.9872634531e+00 -2.0000000000e-01 4.0126434329e-01 3.0000000000e+02 -1.3375493147e-06 -9.3841216347e-14 1.3375478110e-06 1.3375493146e-06 -1.6547237736e-12 9.3861216519e-14 -1.3375478110e-06 5.7328267522e-14
d  1.4305520333e-02 1.9861372044e+00 -2.0000000000e-01 4.0041327991e-01 3.0000000000e+02 -1.3347124321e-06 -9.3823034725e-14 1.3347109330e-06 1.3347124319e-06 -1.6499441863e-12 9.3843034741e-14 -1.3347109331e-06 5.7317138981e-14
d  1.4307451045e-02 1.9847857058e+00 -2.0000000000e-01 3.9939251450e-01 3.0000000000e+02 -1.3313098750e-06 -9.3796108508e-14 1.3313083817e-06 1.3313098748e-06 -1.6442102934e-12 9.3816108628e-14 -1.3313083817e-06 5.7303456331e-14
d  1.4308609473e-02 1.9839748067e+00 -2.0000000000e-01 3.9878032311e-01 3.0000000000e+02 -1.3292692336e-06 -9.3776655253e-14 1.3292677437e-06 1.3292692334e-06 -1.6407709161e-12 9.3796655322e-14 -1.3292677437e-06 5.7295032053e-14
d  1.4309999586e-02 1.9830017278e+00 -2.0000000000e-01 3.9804595907e-01 3.0000000000e+02 -1.3268213494e-06 -9.3735786686e-14 1.3268198635e-06 1.3268213493e-06 -1.6366448870e-12 9.3755787098e-14 -1.3268198637e-06 5.7283871796e-14
d  1.4311667722e-02 1.9818340331e+00 -2.0000000000e-01 3.9716510533e-01 3.0000000000e+02 -1.3238851653e-06 -9.3737571166e-14 1.3238836844e-06 1.3238851651e-06 -1.6316931265e-12 9.3757571203e-14 -1.3238836845e-06 5.7273488017e-14
d  1.4313669485e-02 1.9804327994e+00 -2.0000000000e-01 3.9610863356e-01 3.0000000000e+02 -1.3203635869e-06 -9.3709859515e-14 1.3203621119e-06 1.3203635867e-06 -1.6257538712e-12 9.3729859545e-14 -1.3203621119e-06 5.7259223242e-14
d  1.4314870543e-02 1.9795920592e+00 -2.0000000000e-01 3.9547504046e-01 3.0000000000e+02 -1.3182516063e-06 -9.3691181350e-14 1.3182501349e-06 1.3182516061e-06 -1.6221913560e-12 9.3711181363e-14 -1.3182501349e-06 5.7250522863e-14
d  1.4316311812e-02 1.9785831710e+00 -2.0000000000e-01 3.9471501746e-01 3.0000000000e+02 -1.3157181921e-06 -9.3672621755e-14 1.3157167248e-06 1.3157181921e-06 -1.6179172350e-12 9.3692622579e-14 -1.3157167251e-06 5.7240250276e-14
d  1.4318041335e-02 1.9773725051e+00 -2.0000000000e-01 3.9380340600e-01 3.0000000000e+02 -1.3126794821e-06 -9.3634469242e-14 1.3126780200e-06 1.3126794820e-06 -1.6127902563e-12 9.3654469391e-14 -1.3126780201e-06 5.7226991632e-14
d  1.4319079049e-02 1.9766461056e+00 -2.0000000000e-01 3.9325665669e-01 3.0000000000e+02 -1.3108569814e-06 -9.3631233900e-14 1.3108555223e-06 1.3108569812e-06 -1.6097141597e-12 9.3651233916e-14 -1.3108555223e-06 5.7220223828e-14
d  1.4320324306e-02 1.9757744262e+00 -2.0000000000e-01 3.9260077577e-01 3.0000000000e+02 -1.3086707080e-06 -9.3615730040e-14 1.3086692526e-06 1.3086707078e-06 -1.6060241840e-12 9.3635730066e-14 -1.3086692526e-06 5.7211252466e-14
d  1.4321818614e-02 1.9747284109e+00 -2.0000000000e-01 3.9181402460e-01 3.0000000000e+02 -1.3060481997e-06 -9.3595312137e-14 1.3060467487e-06 1.3060481995e-06 -1.6015971674e-12 9.3615312143e-14 -1.3060467487e-06 5.7200797904e-14
d  1.4323611783e-02 1.9734731925e+00 -2.0000000000e-01 3.9087037195e-01 3.0000000000e+02 -1.3029026856e-06 -9.3569741324e-14 1.3029012398e-06 1.3029026856e-06 -1.5962867392e-12 9.3589741942e-14 -1.3029012401e-06 5.7187759864e-14
d  1.4324687685e-02 1.9727200614e+00 -2.0000000000e-01 3.9030441569e-01 3.0000000000e+02 -1.3010161615e-06 -9.3536342228e-14 1.3010147190e-06 1.3010161613e-06 -1.5931019804e-12 9.3556342249e-14 -1.3010147190e-06 5.7178899049e-14
d  1.4325978767e-02 1.9718163042e+00 -2.0000000000e-01 3.8962550150e-01 3.0000000000e+02 -1.2987531105e-06 -9.3539544260e-14 1.2987516717e-06 1.2987531103e-06 -1.5892797523e-12 9.3559544332e-14 -1.2987516717e-06 5.7170826468e-14
d  1.4327528066e-02 1.9707317955e+00 -2.0000000000e-01 3.8881114096e-01 3.0000000000e+02 -1.2960385708e-06 -9.3514592180e-14 1.2960371365e-06 1.2960385706e-06 -1.5846955149e-12 9.3534592189e-14 -1.2960371366e-06 5.7159416812e-14
d  1.4329387224e-02 1.9694303851e+00 -2.0000000000e-01 3.8783439353e-01 3.0000000000e+02 -1.2927827405e-06 -9.3488119436e-14 1.2927813118e-06 1.2927827403e-06 -1.5791963971e-12 9.3508119462e-14 -1.2927813118e-06 5.7145913654e-14
d  1.4330502719e-02 1.9686495389e+00 -2.0000000000e-01 3.8724859949e-01 3.0000000000e+02 -1.2908300905e-06 -9.3467312020e-14 1.2908286650e-06 1.2908300903e-06 -1.5758982197e-12 9.3487312054e-14 -1.2908286650e-06 5.7137504847e-14
d  1.4331841313e-02 1.9677125233e+00 -2.0000000000e-01 3.8654590055e-01 3.0000000000e+02 -1.2884877567e-06 -9.3445797925e-14 1.2884863352e-06 1.2884877566e-06 -1.5719414407e-12 9.3465798112e-14 -1.2884863352e-06 5.7127529859e-14
d  1.4333447626e-02 1.9665881047e+00 -2.0000000000e-01 3.8570302693e-01 3.0000000000e+02 -1.2856781733e-06 -9.3430784946e-14 1.2856767564e-06 1.2856781731e-06 -1.5671946042e-12 9.3450784960e-14 -1.2856767565e-06 5.7116258939e-14
d  1.4335375201e-02 1.9652388024e+00 -2.0000000000e-01 3.8469210852e-01 3.0000000000e+02 -1.2823084396e-06 -9.3403068183e-14 1.2823070284e-06 1.2823084394e-06 -1.5615013518e-12 9.3423068239e-14 -1.2823070285e-06 5.7102006665e-14
d  1.4336531746e-02 1.9644292210e+00 -2.0000000000e-01 3.8408583393e-01 3.0000000000e+02 -1.2802875209e-06 -9.3385450672e-14 1.2802861131e-06 1.2802875207e-06 -1.5580867285e-12 9.3405450676e-14 -1.2802861131e-06 5.7093473617e-14
d  1.4337919600e-02 1.9634577234e+00 -2.0000000000e-01 3.8335857769e-01 3.0000000000e+02 -1.2778633294e-06 -9.3368060984e-14 1.2778619256e-06 1.2778633293e-06 -1.5539904201e-12 9.3388061418e-14 -1.2778619258e-06 5.7083447699e-14
d  1.4339585026e-02 1.9622919261e+00 -2.0000000000e-01 3.8248626435e-01 3.0000000000e+02 -1.2749556134e-06 -9.3337286042e-14 1.2749542145e-06 1.2749556132e-06 -1.5490771198e-12 9.3357286072e-14 -1.2749542146e-06 5.7070795825e-14
d  1.4341583536e-02 1.9608929695e+00 -2.0000000000e-01 3.8144005700e-01 3.0000000000e+02 -1.2714682497e-06 -9.3316248853e-14 1.2714668567e-06 1.2714682495e-06 -1.5431835445e-12 9.3336248862e-14 -1.2714668567e-06 5.7056530317e-14
d  1.4342782642e-02 1.9600535955e+00 -2.0000000000e-01 3.8081263090e-01 3.0000000000e+02 -1.2693768258e-06 -9.3297823826e-14 1.2693754363e-06 1.2693768256e-06 -1.5396491778e-12 9.3317823840e-14 -1.2693754364e-06 5.7047605817e-14
d  1.4344221569e-02 1.9590463467e+00 -2.0000000000e-01 3.8006001542e-01 3.0000000000e+02 -1.2668681034e-06 -9.3278515983e-14 1.2668667180e-06 1.2668681034e-06 -1.5354094192e-12 9.3298516820e-14 -1.2668667183e-06 5.7037054042e-14
d  1.4345948282e-02 1.9578376482e+00 -2.0000000000e-01 3.7915730357e-01 3.0000000000e+02 -1.2638590588e-06 -9.3240469838e-14 1.2638576786e-06 1.2638590587e-06 -1.5303245168e-12 9.3260469960e-14 -1.2638576786e-06 5.7023490528e-14
d  1.4346984309e-02 1.9571124291e+00 -2.0000000000e-01 3.7861590026e-01 3.0000000000e+02 -1.2620543781e-06 -9.3237847366e-14 1.2620530009e-06 1.2620543779e-06 -1.5272741255e-12 9.3257847381e-14 -1.2620530009e-06 5.7016533662e-14
d  1.4348227542e-02 1.9562421661e+00 -2.0000000000e-01 3.7796643819e-01 3.0000000000e+02 -1.2598895009e-06 -9.3221482674e-14 1.2598881273e-06 1.2598895007e-06 -1.5236153841e-12 9.3241482702e-14 -1.2598881273e-06 5.7007396883e-14
d  1.4349719422e-02 1.9551978506e+00 -2.0000000000e-01 3.7718740403e-01 3.0000000000e+02 -1.2572927160e-06 -9.3200239389e-14 1.2572913468e-06 1.2572927158e-06 -1.5192267981e-12 9.3220239395e-14 -1.2572913468e-06 5.6996307737e-14
d  1.4351509678e-02 1.9539446719e+00 -2.0000000000e-01 3.7625302488e-01 3.0000000000e+02 -1.2541781136e-06 -9.3174705794e-14 1.2541767496e-06 1.2541781136e-06 -1.5139632024e-12 9.3194706278e-14 -1.2541767498e-06 5.6982989969e-14
d  1.4352583831e-02 1.9531927647e+00 -2.0000000000e-01 3.7569263948e-01 3.0000000000e+02 -1.2523101591e-06 -9.3145372491e-14 1.2523087983e-06 1.2523101590e-06 -1.5108069180e-12 9.3165372512e-14 -1.2523087983e-06 5.6974156527e-14
d  1.4353872815e-02 1.9522904761e+00 -2.0000000000e-01 3.7502041705e-01 3.0000000000e+02 -1.2500694140e-06 -9.3142392867e-14 1.2500680568e-06 1.2500694138e-06 -1.5070197307e-12 9.3162392945e-14 -1.2500680569e-06 5.6965456669e-14
d  1.4355419596e-02 1.9512077297e+00 -2.0000000000e-01 3.7421409631e-01 3.0000000000e+02 -1.2473816737e-06 -9.3119106823e-14 1.2473803210e-06 1.2473816735e-06 -1.5024779261e-12 9.3139106832e-14 -1.2473803211e-06 5.6953832925e-14
d  1.4357275733e-02 1.9499084341e+00 -2.0000000000e-01 3.7324701082e-01 3.0000000000e+02 -1.2441580499e-06 -9.3092404988e-14 1.2441567027e-06 1.2441580497e-06 -1.4970308233e-12 9.3112405001e-14 -1.2441567028e-06 5.6939933540e-14
d  1.4358389416e-02 1.9491288567e+00 -2.0000000000e-01 3.7266702144e-01 3.0000000000e+02 -1.2422247488e-06 -9.3074763921e-14 1.2422234048e-06 1.2422247486e-06 -1.4937643029e-12 9.3094763953e-14 -1.2422234048e-06 5.6931480672e-14
d  1.4359725834e-02 1.9481933639e+00 -2.0000000000e-01 3.7197129385e-01 3.0000000000e+02 -1.2399056529e-06 -9.3047463517e-14 1.2399043128e-06 1.2399056528e-06 -1.4898462861e-12 9.3067463717e-14 -1.2399043129e-06 5.6920966384e-14
d  1.4361329537e-02 1.9470707725e+00 -2.0000000000e-01 3.7113679536e-01 3.0000000000e+02 -1.2371239866e-06 -9.3034968598e-14 1.2371226512e-06 1.2371239864e-06 -1.4851464230e-12 9.3054968610e-14 -1.2371226512e-06 5.6909532372e-14
d  1.4363253980e-02 1.9457236628e+00 -2.0000000000e-01 3.7013593766e-01 3.0000000000e+02 -1.2337877887e-06 -9.3007408056e-14 1.2337864589e-06 1.2337877885e-06 -1.4795106097e-12 9.3027408077e-14 -1.2337864589e-06 5.6895037807e-14
d  1.4364408646e-02 1.9449153969e+00 -2.0000000000e-01 3.6953570658e-01 3.0000000000e+02 -1.2317870151e-06 -9.2990621229e-14 1.2317856886e-06 1.2317870149e-06 -1.4761310447e-12 9.3010621235e-14 -1.2317856887e-06 5.6886305403e-14
d  1.4365794245e-02 1.9439454779e+00 -2.0000000000e-01 3.6881571043e-01 3.0000000000e+02 -1.2293870239e-06 -9.2971509705e-14 1.2293857014e-06 1.2293870238e-06 -1.4720774632e-12 9.2991510155e-14 -1.2293857016e-06 5.6875882799e-14
d  1.4367456963e-02 1.9427815752e+00 -2.0000000000e-01 3.6795212051e-01 3.0000000000e+02 -1.2265083860e-06 -9.2940766187e-14 1.2265070684e-06 1.2265083858e-06 -1.4672161763e-12 9.2960766214e-14 -1.2265070684e-06 5.6862892832e-14
d  1.4369452226e-02 1.9413848918e+00 -2.0000000000e-01 3.6691639779e-01 3.0000000000e+02 -1.2230559711e-06 -9.2919715107e-14 1.2230546593e-06 1.2230559709e-06 -1.4613862049e-12 9.2939715111e-14 -1.2230546593e-06 5.6848211227e-14
d  1.4370649383e-02 1.9405468818e+00 -2.0000000000e-01 3.6629527107e-01 3.0000000000e+02 -1.2209855453e-06 -9.2901894567e-14 1.2209842369e-06 1.2209855451e-06 -1.4578906007e-12 9.2921894584e-14 -1.2209842369e-06 5.6839077254e-14
d  1.4372085972e-02 1.9395412698e+00 -2.0000000000e-01 3.6555022336e-01 3.0000000000e+02 -1.2185020487e-06 -9.2881190737e-14 1.2185007445e-06 1.2185020487e-06 -1.4536980311e-12 9.2901191577e-14 -1.2185007448e-06 5.6828146821e-14
d  1.4373809879e-02 1.9383345354e+00 -2.0000000000e-01 3.6465660512e-01 3.0000000000e+02 -1.2155233163e-06 -9.2843434560e-14 1.2155220171e-06 1.2155233161e-06 -1.4486705753e-12 9.2863434653e-14 -1.2155220171e-06 5.6814244874e-14
d  1.4375878567e-02 1.9368864541e+00 -2.0000000000e-01 3.6358489669e-01 3.0000000000e+02 -1.2119509489e-06 -9.2828350438e-14 1.2119496556e-06 1.2119509487e-06 -1.4426412942e-12 9.2848350556e-14 -1.2119496557e-06 5.6799320942e-14
d  1.4377119780e-02 1.9360176053e+00 -2.0000000000e-01 3.6294220395e-01 3.0000000000e+02 -1.2098086361e-06 -9.2805538581e-14 1.2098073465e-06 1.2098086359e-06 -1.4390267026e-12 9.2825538629e-14 -1.2098073465e-06 5.6789529466e-14
d  1.4378609236e-02 1.9349749868e+00 -2.0000000000e-01 3.6217130224e-01 3.0000000000e+02 -1.2072389595e-06 -9.2788344362e-14 1.2072376741e-06 1.2072389593e-06 -1.4346913589e-12 9.2808344368e-14 -1.2072376742e-06 5.6778372844e-14
d  1.4380396582e-02 1.9337238446e+00 -2.0000000000e-01 3.6124669562e-01 3.0000000000e+02 -1.2041569322e-06 -9.2762077104e-14 1.2041556521e-06 1.2041569321e-06 -1.4294928270e-12 9.2782077457e-14 -1.2041556522e-06 5.6764629372e-14
d  1.4381468990e-02 1.9329731592e+00 -2.0000000000e-01 3.6069218101e-01 3.0000000000e+02 -1.2023085471e-06 -9.2736509060e-14 1.2023072700e-06 1.2023085469e-06 -1.4263759574e-12 9.2756509080e-14 -1.2023072701e-06 5.6755783547e-14
d  1.4382755880e-02 1.9320723368e+00 -2.0000000000e-01 3.6002701082e-01 3.0000000000e+02 -1.2000913095e-06 -9.2727490668e-14 1.2000900361e-06 1.2000913093e-06 -1.4226369236e-12 9.2747490754e-14 -1.2000900361e-06 5.6746441489e-14
d  1.4384300147e-02 1.9309913499e+00 -2.0000000000e-01 3.5922917182e-01 3.0000000000e+02 -1.1974318417e-06 -9.2704569335e-14 1.1974305727e-06 1.1974318415e-06 -1.4181536431e-12 9.2724569343e-14 -1.1974305728e-06 5.6734139802e-14
d  1.4386153268e-02 1.9296941657e+00 -2.0000000000e-01 3.5827226242e-01 3.0000000000e+02 -1.1942421383e-06 -9.2680310533e-14 1.1942408747e-06 1.1942421381e-06 -1.4127769215e-12 9.2700310540e-14 -1.1942408748e-06 5.6720709698e-14
d  1.4387265141e-02 1.9289158551e+00 -2.0000000000e-01 3.5769838621e-01 3.0000000000e+02 -1.1923292144e-06 -9.2663324215e-14 1.1923279540e-06 1.1923292142e-06 -1.4095535214e-12 9.2683324248e-14 -1.1923279541e-06 5.6711860641e-14
d  1.4388599388e-02 1.9279818824e+00 -2.0000000000e-01 3.5701000233e-01 3.0000000000e+02 -1.1900345976e-06 -9.2632220223e-14 1.1900333411e-06 1.1900345975e-06 -1.4056878140e-12 9.2652220436e-14 -1.1900333412e-06 5.6700819184e-14
d  1.4390200484e-02 1.9268611152e+00 -2.0000000000e-01 3.5618432756e-01 3.0000000000e+02 -1.1872823438e-06 -9.2621782592e-14 1.1872810919e-06 1.1872823436e-06 -1.4010512548e-12 9.2641782602e-14 -1.1872810919e-06 5.6689157185e-14
d  1.4392121800e-02 1.9255161946e+00 -2.0000000000e-01 3.5519407454e-01 3.0000000000e+02 -1.1839814949e-06 -9.2593833585e-14 1.1839802485e-06 1.1839814947e-06 -1.3954926001e-12 9.2613833592e-14 -1.1839802485e-06 5.6674218975e-14
d  1.4393274589e-02 1.9247092422e+00 -2.0000000000e-01 3.5460021477e-01 3.0000000000e+02 -1.1820019590e-06 -9.2577282022e-14 1.1820007159e-06 1.1820019588e-06 -1.3921598876e-12 9.2597282028e-14 -1.1820007159e-06 5.6665248599e-14
d  1.4394657937e-02 1.9237408993e+00 -2.0000000000e-01 3.5388787807e-01 3.0000000000e+02 -1.1796274994e-06 -9.2556424423e-14 1.1796262602e-06 1.1796274993e-06 -1.3881633590e-12 9.2576424882e-14 -1.1796262604e-06 5.6654159694e-14
d  1.4396317953e-02 1.9225788879e+00 -2.0000000000e-01 3.5303348036e-01 3.0000000000e+02 -1.1767795023e-06 -9.2527565369e-14 1.1767782679e-06 1.1767795021e-06 -1.3833706355e-12 9.2547565389e-14 -1.1767782679e-06 5.6641453060e-14
d  1.4398309974e-02 1.9211844742e+00 -2.0000000000e-01 3.5200880587e-01 3.0000000000e+02 -1.1733639149e-06 -9.2505850944e-14 1.1733626862e-06 1.1733639148e-06 -1.3776246250e-12 9.2525851184e-14 -1.1733626864e-06 5.6626133708e-14
d  1.4399505186e-02 1.9203478259e+00 -2.0000000000e-01 3.5139431734e-01 3.0000000000e+02 -1.1713156164e-06 -9.2480135809e-14 1.1713143911e-06 1.1713156162e-06 -1.3741801673e-12 9.2500135827e-14 -1.1713143912e-06 5.6616265335e-14
d  1.4400939440e-02 1.9193438480e+00 -2.0000000000e-01 3.5065724465e-01 3.0000000000e+02 -1.1688587034e-06 -9.2469468553e-14 1.1688574822e-06 1.1688587034e-06 -1.3700489264e-12 9.2489469381e-14 -1.1688574824e-06 5.6605610717e-14
d  1.4402660546e-02 1.9181390746e+00 -2.0000000000e-01 3.4977320969e-01 3.0000000000e+02 -1.1659119152e-06 -9.2429325252e-14 1.1659106990e-06 1.1659119151e-06 -1.3650964348e-12 9.2449325318e-14 -1.1659106990e-06 5.6591183658e-14
d  1.4404725872e-02 1.9166933464e+00 -2.0000000000e-01 3.4871302030e-01 3.0000000000e+02 -1.1623779447e-06 -9.2414005911e-14 1.1623767343e-06 1.1623779446e-06 -1.3591582474e-12 9.2434006099e-14 -1.1623767344e-06 5.6575784098e-14
d  1.4405965068e-02 1.9158259095e+00 -2.0000000000e-01 3.4807724903e-01 3.0000000000e+02 -1.1602587036e-06 -9.2388229402e-14 1.1602574968e-06 1.1602587034e-06 -1.3555990302e-12 9.2408229454e-14 -1.1602574968e-06 5.6565538111e-14
d  1.4407452103e-02 1.9147849853e+00 -2.0000000000e-01 3.4731466306e-01 3.0000000000e+02 -1.1577167461e-06 -9.2374046294e-14 1.1577155435e-06 1.1577167459e-06 -1.3513305457e-12 9.2394046299e-14 -1.1577155436e-06 5.6554225640e-14
d  1.4409236545e-02 1.9135358761e+00 -2.0000000000e-01 3.4640004970e-01 3.0000000000e+02 -1.1546680299e-06 -9.2346858201e-14 1.1546668323e-06 1.1546680298e-06 -1.3462132939e-12 9.2366858440e-14 -1.1546668324e-06 5.6540025469e-14
d  1.4410307211e-02 1.9127864107e+00 -2.0000000000e-01 3.4585153860e-01 3.0000000000e+02 -1.1528396565e-06 -9.2324550845e-14 1.1528384620e-06 1.1528396563e-06 -1.3431455446e-12 9.2344550863e-14 -1.1528384620e-06 5.6531131274e-14
d  1.4411592009e-02 1.9118870521e+00 -2.0000000000e-01 3.4519358002e-01 3.0000000000e+02 -1.1506464576e-06 -9.2310369692e-14 1.1506452667e-06 1.1506464574e-06 -1.3394662108e-12 9.2330369784e-14 -1.1506452668e-06 5.6521197153e-14
d  1.4413133767e-02 1.9108078218e+00 -2.0000000000e-01 3.4440439710e-01 3.0000000000e+02 -1.1480158435e-06 -9.2290313525e-14 1.1480146570e-06 1.1480158433e-06 -1.3350546244e-12 9.2310313533e-14 -1.1480146570e-06 5.6509079971e-14
d  1.4414983876e-02 1.9095127455e+00 -2.0000000000e-01 3.4345790020e-01 3.0000000000e+02 -1.1448608486e-06 -9.2264199387e-14 1.1448596673e-06 1.1448608484e-06 -1.3297656631e-12 9.2284199391e-14 -1.1448596674e-06 5.6494652172e-14
d  1.4416093942e-02 1.9087356997e+00 -2.0000000000e-01 3.4289028280e-01 3.0000000000e+02 -1.1429687874e-06 -9.2247376174e-14 1.1429676093e-06 1.1429687872e-06 -1.3265952996e-12 9.2267376205e-14 -1.1429676094e-06 5.6485515188e-14
d  1.4417426021e-02 1.9078032447e+00 -2.0000000000e-01 3.4220941763e-01 3.0000000000e+02 -1.1406992331e-06 -9.2214075780e-14 1.1406980588e-06 1.1406992329e-06 -1.3227937446e-12 9.2234076001e-14 -1.1406980589e-06 5.6474083217e-14
d  1.4419024516e-02 1.9066842987e+00 -2.0000000000e-01 3.4139277714e-01 3.0000000000e+02 -1.1379770936e-06 -9.2205454002e-14 1.1379759238e-06 1.1379770934e-06 -1.3182347461e-12 9.2225454012e-14 -1.1379759238e-06 5.6462159437e-14
d  1.4420942709e-02 1.9053415636e+00 -2.0000000000e-01 3.4041338212e-01 3.0000000000e+02 -1.1347124381e-06 -9.2177122277e-14 1.1347112737e-06 1.1347124379e-06 -1.3127702764e-12 9.2197122315e-14 -1.1347112738e-06 5.6446761847e-14
d  1.4422093626e-02 1.9045359225e+00 -2.0000000000e-01 3.3982604599e-01 3.0000000000e+02 -1.1327546477e-06 -9.2149918944e-14 1.1327534866e-06 1.1327546476e-06 -1.3094948910e-12 9.2169918951e-14 -1.1327534867e-06 5.6436894846e-14
d  1.4423474725e-02 1.9035691532e+00 -2.0000000000e-01 3.3912154200e-01 3.0000000000e+02 -1.1304062972e-06 -9.2143683730e-14 1.1304051400e-06 1.1304062971e-06 -1.3055666015e-12 9.2163684191e-14 -1.1304051401e-06 5.6426567690e-14
d  1.4425132044e-02 1.9024090300e+00 -2.0000000000e-01 3.3827657320e-01 3.0000000000e+02 -1.1275897299e-06 -9.2108531129e-14 1.1275885773e-06 1.1275897297e-06 -1.3008580466e-12 9.2128531146e-14 -1.1275885774e-06 5.6412362118e-14
d  1.4427120827e-02 1.9010168822e+00 -2.0000000000e-01 3.3726323162e-01 3.0000000000e+02 -1.1242119190e-06 -9.2087449849e-14 1.1242107721e-06 1.1242119188e-06 -1.2952132089e-12 9.2107449909e-14 -1.1242107721e-06 5.6396859902e-14
d  1.4428314097e-02 1.9001815935e+00 -2.0000000000e-01 3.3665555245e-01 3.0000000000e+02 -1.1221863184e-06 -9.2067470128e-14 1.1221851748e-06 1.1221863182e-06 -1.2918299192e-12 9.2087470147e-14 -1.1221851749e-06 5.6387053814e-14
d  1.4429746021e-02 1.8991792471e+00 -2.0000000000e-01 3.3592666059e-01 3.0000000000e+02 -1.1197566748e-06 -9.2048783707e-14 1.1197555353e-06 1.1197566748e-06 -1.2877730996e-12 9.2068784513e-14 -1.1197555355e-06 5.6375589218e-14
d  1.4431464330e-02 1.8979764314e+00 -2.0000000000e-01 3.3505245644e-01 3.0000000000e+02 -1.1168426562e-06 -9.2011107381e-14 1.1168415215e-06 1.1168426560e-06 -1.2829102566e-12 9.2031107425e-14 -1.1168415215e-06 5.6360907684e-14
d  1.4433526300e-02 1.8965330526e+00 -2.0000000000e-01 3.3400408397e-01 3.0000000000e+02 -1.1133480755e-06 -9.1995235335e-14 1.1133469466e-06 1.1133480753e-06 -1.2770808474e-12 9.2015235342e-14 -1.1133469466e-06 5.6344992308e-14
d  1.4434763482e-02 1.8956670253e+00 -2.0000000000e-01 3.3337541329e-01 3.0000000000e+02 -1.1112525031e-06 -9.1974554016e-14 1.1112513776e-06 1.1112525029e-06 -1.2735873100e-12 9.1994554070e-14 -1.1112513777e-06 5.6334759664e-14
d  1.4436248101e-02 1.8946277925e+00 -2.0000000000e-01 3.3262135838e-01 3.0000000000e+02 -1.1087389826e-06 -9.1952986554e-14 1.1087378613e-06 1.1087389824e-06 -1.2693986399e-12 9.1972986559e-14 -1.1087378613e-06 5.6322661340e-14
d  1.4438029643e-02 1.8933807132e+00 -2.0000000000e-01 3.3171699723e-01 3.0000000000e+02 -1.1057244404e-06 -9.1927599558e-14 1.1057233241e-06 1.1057244403e-06 -1.2643775885e-12 9.1947599709e-14 -1.1057233242e-06 5.6308149917e-14
d  1.4440167494e-02 1.8918842180e+00 -2.0000000000e-01 3.3063249688e-01 3.0000000000e+02 -1.1021094333e-06 -9.1893002300e-14 1.1021083229e-06 1.1021094331e-06 -1.2583603561e-12 9.1913002383e-14 -1.1021083230e-06 5.6290311556e-14
d  1.4441450205e-02 1.8909863209e+00 -2.0000000000e-01 3.2998218047e-01 3.0000000000e+02 -1.0999417084e-06 -9.1874607647e-14 1.0999406016e-06 1.0999417082e-06 -1.2547540487e-12 9.1894607788e-14 -1.0999406016e-06 5.6279783687e-14
d  1.4442989457e-02 1.8899088443e+00 -2.0000000000e-01 3.2920217986e-01 3.0000000000e+02 -1.0973417020e-06 -9.1853257181e-14 1.0973405995e-06 1.0973417018e-06 -1.2504305293e-12 9.1873257188e-14 -1.0973405996e-06 5.6267228772e-14
d  1.4444836561e-02 1.8886158725e+00 -2.0000000000e-01 3.2826672599e-01 3.0000000000e+02 -1.0942235173e-06 -9.1827867481e-14 1.0942224200e-06 1.0942235173e-06 -1.2452482818e-12 9.1847867959e-14 -1.0942224201e-06 5.6252128314e-14
d  1.4445944822e-02 1.8878400894e+00 -2.0000000000e-01 3.2770574053e-01 3.0000000000e+02 -1.0923535627e-06 -9.1797490258e-14 1.0923524684e-06 1.0923535625e-06 -1.2421426074e-12 9.1817490286e-14 -1.0923524685e-06 5.6242150304e-14
d  1.4447274737e-02 1.8869091497e+00 -2.0000000000e-01 3.2703284244e-01 3.0000000000e+02 -1.0901105654e-06 -9.1781095400e-14 1.0901094748e-06 1.0901105653e-06 -1.2384181715e-12 9.1801095623e-14 -1.0901094749e-06 5.6231353246e-14
d  1.4448870634e-02 1.8857920220e+00 -2.0000000000e-01 3.2622577500e-01 3.0000000000e+02 -1.0874203362e-06 -9.1769581611e-14 1.0874192500e-06 1.0874203360e-06 -1.2339531488e-12 9.1789581619e-14 -1.0874192500e-06 5.6218866958e-14
d  1.4450785710e-02 1.8844514688e+00 -2.0000000000e-01 3.2525788649e-01 3.0000000000e+02 -1.0841940358e-06 -9.1740754612e-14 1.0841929550e-06 1.0841940356e-06 -1.2286022568e-12 9.1760754622e-14 -1.0841929550e-06 5.6202943660e-14
d  1.4451934756e-02 1.8836471369e+00 -2.0000000000e-01 3.2467746454e-01 3.0000000000e+02 -1.0822592928e-06 -9.1722030111e-14 1.0822582151e-06 1.0822592926e-06 -1.2253952625e-12 9.1742030119e-14 -1.0822582152e-06 5.6193266611e-14
d  1.4453313611e-02 1.8826819386e+00 -2.0000000000e-01 3.2398126643e-01 3.0000000000e+02 -1.0799386286e-06 -9.1704174435e-14 1.0799375548e-06 1.0799386285e-06 -1.2215501816e-12 9.1724174888e-14 -1.0799375549e-06 5.6181944844e-14
d  1.4454968238e-02 1.8815237006e+00 -2.0000000000e-01 3.2314627071e-01 3.0000000000e+02 -1.0771553050e-06 -9.1673206508e-14 1.0771542357e-06 1.0771553048e-06 -1.2169413076e-12 9.1693206520e-14 -1.0771542357e-06 5.6167868988e-14
d  1.4456953789e-02 1.8801338151e+00 -2.0000000000e-01 3.2214491665e-01 3.0000000000e+02 -1.0738174526e-06 -9.1651406750e-14 1.0738163888e-06 1.0738174525e-06 -1.2114174899e-12 9.1671406761e-14 -1.0738163889e-06 5.6151719158e-14
d  1.4458145120e-02 1.8792998837e+00 -2.0000000000e-01 3.2154444039e-01 3.0000000000e+02 -1.0718158618e-06 -9.1632948290e-14 1.0718148013e-06 1.0718158616e-06 -1.2081072311e-12 9.1652948311e-14 -1.0718148013e-06 5.6141704521e-14
d  1.4459574717e-02 1.8782991661e+00 -2.0000000000e-01 3.2082420229e-01 3.0000000000e+02 -1.0694150642e-06 -9.1612065831e-14 1.0694140076e-06 1.0694150642e-06 -1.2041386825e-12 9.1632066599e-14 -1.0694140078e-06 5.6129751648e-14
d  1.4461290233e-02 1.8770983050e+00 -2.0000000000e-01 3.1996039749e-01 3.0000000000e+02 -1.0665357102e-06 -9.1575638086e-14 1.0665346583e-06 1.0665357100e-06 -1.1993823519e-12 9.1595638113e-14 -1.0665346583e-06 5.6114713624e-14
d  1.4463348853e-02 1.8756572716e+00 -2.0000000000e-01 3.1892452565e-01 3.0000000000e+02 -1.0630827984e-06 -9.1558978246e-14 1.0630817522e-06 1.0630827983e-06 -1.1936818914e-12 9.1578978561e-14 -1.0630817523e-06 5.6098233033e-14
d  1.4464584025e-02 1.8747926516e+00 -2.0000000000e-01 3.1830336663e-01 3.0000000000e+02 -1.0610122649e-06 -9.1528601981e-14 1.0610112221e-06 1.0610122648e-06 -1.1902665308e-12 9.1548602040e-14 -1.0610112221e-06 5.6087112522e-14
d  1.4466066231e-02 1.8737551076e+00 -2.0000000000e-01 3.1755833690e-01 3.0000000000e+02 -1.0585288284e-06 -9.1519774470e-14 1.0585277897e-06 1.0585288282e-06 -1.1861714050e-12 9.1539774474e-14 -1.0585277897e-06 5.6075392528e-14
d  1.4467844878e-02 1.8725100548e+00 -2.0000000000e-01 3.1666482212e-01 3.0000000000e+02 -1.0555504410e-06 -9.1491128134e-14 1.0555494070e-06 1.0555504408e-06 -1.1812640149e-12 9.1511128221e-14 -1.0555494071e-06 5.6060235517e-14
d  1.4469979255e-02 1.8710159914e+00 -2.0000000000e-01 3.1559335804e-01 3.0000000000e+02 -1.0519788882e-06 -9.1457888519e-14 1.0519778601e-06 1.0519788880e-06 -1.1753840225e-12 9.1477888521e-14 -1.0519778602e-06 5.6042015476e-14
d  1.4471259881e-02 1.8701195534e+00 -2.0000000000e-01 3.1495087790e-01 3.0000000000e+02 -1.0498372843e-06 -9.1440446094e-14 1.0498362597e-06 1.0498372841e-06 -1.1718607593e-12 9.1460446238e-14 -1.0498362597e-06 5.6031084068e-14
d  1.4472796632e-02 1.8690438278e+00 -2.0000000000e-01 3.1418029580e-01 3.0000000000e+02 -1.0472686731e-06 -9.1415055112e-14 1.0472676527e-06 1.0472686729e-06 -1.1676376181e-12 9.1435055118e-14 -1.0472676527e-06 5.6017803373e-14
d  1.4474640734e-02 1.8677529570e+00 -2.0000000000e-01 3.1325616171e-01 3.0000000000e+02 -1.0441882211e-06 -9.1390800486e-14 1.0441872057e-06 1.0441882210e-06 -1.1625763571e-12 9.1410800757e-14 -1.0441872058e-06 5.6002338031e-14
d  1.4475747195e-02 1.8669784346e+00 -2.0000000000e-01 3.1270197732e-01 3.0000000000e+02 -1.0423409368e-06 -9.1366520309e-14 1.0423399244e-06 1.0423409366e-06 -1.1595435353e-12 9.1386520333e-14 -1.0423399244e-06 5.5992435477e-14
d  1.4477074948e-02 1.8660490076e+00 -2.0000000000e-01 3.1203725152e-01 3.0000000000e+02 -1.0401251805e-06 -9.1339998193e-14 1.0401241717e-06 1.0401251803e-06 -1.1559075916e-12 9.1359998415e-14 -1.0401241718e-06 5.5980604817e-14
d  1.4478668252e-02 1.8649336953e+00 -2.0000000000e-01 3.1124000487e-01 3.0000000000e+02 -1.0374676873e-06 -9.1332411234e-14 1.0374666829e-06 1.0374676872e-06 -1.1515487603e-12 9.1352411240e-14 -1.0374666829e-06 5.5967935189e-14
d  1.4480580216e-02 1.8635953205e+00 -2.0000000000e-01 3.1028391984e-01 3.0000000000e+02 -1.0342807321e-06 -9.1303272946e-14 1.0342797328e-06 1.0342807319e-06 -1.1463263055e-12 9.1323272951e-14 -1.0342797328e-06 5.5951527569e-14
d  1.4481727395e-02 1.8627922956e+00 -2.0000000000e-01 3.0971058930e-01 3.0000000000e+02 -1.0323696272e-06 -9.1286122166e-14 1.0323686310e-06 1.0323696270e-06 -1.1431967608e-12 9.1306122174e-14 -1.0323686310e-06 5.5941672423e-14
d  1.4483104010e-02 1.8618286657e+00 -2.0000000000e-01 3.0902291050e-01 3.0000000000e+02 -1.0300773608e-06 -9.1266124271e-14 1.0300763683e-06 1.0300773607e-06 -1.1394452047e-12 9.1286124709e-14 -1.0300763685e-06 5.5929870684e-14
d  1.4484755947e-02 1.8606723099e+00 -2.0000000000e-01 3.0819815439e-01 3.0000000000e+02 -1.0273281693e-06 -9.1235672127e-14 1.0273271813e-06 1.0273281691e-06 -1.1349491698e-12 9.1255672137e-14 -1.0273271813e-06 5.5915304025e-14
d  1.4486738272e-02 1.8592846829e+00 -2.0000000000e-01 3.0720910804e-01 3.0000000000e+02 -1.0240313428e-06 -9.1213640209e-14 1.0240303601e-06 1.0240313426e-06 -1.1295616631e-12 9.1233640253e-14 -1.0240303602e-06 5.5898666568e-14
d  1.4487927667e-02 1.8584521067e+00 -2.0000000000e-01 3.0661602690e-01 3.0000000000e+02 -1.0220544024e-06 -9.1182015765e-14 1.0220534230e-06 1.0220544023e-06 -1.1263340445e-12 9.1202015787e-14 -1.0220534230e-06 5.5887569570e-14
d  1.4489354941e-02 1.8574530153e+00 -2.0000000000e-01 3.0590467405e-01 3.0000000000e+02 -1.0196832225e-06 -9.1178671508e-14 1.0196822468e-06 1.0196832224e-06 -1.1224640742e-12 9.1198672227e-14 -1.0196822470e-06 5.5876261130e-14
d  1.4491067669e-02 1.8562541056e+00 -2.0000000000e-01 3.0505154523e-01 3.0000000000e+02 -1.0168394551e-06 -9.1138905181e-14 1.0168384841e-06 1.0168394549e-06 -1.1178274953e-12 9.1158905198e-14 -1.0168384841e-06 5.5860649771e-14
d  1.4493122944e-02 1.8548154139e+00 -2.0000000000e-01 3.0402850690e-01 3.0000000000e+02 -1.0134293218e-06 -9.1121092110e-14 1.0134283563e-06 1.0134293217e-06 -1.1122716564e-12 9.1141092159e-14 -1.0134283564e-06 5.5843534851e-14
d  1.4494356108e-02 1.8539521989e+00 -2.0000000000e-01 3.0341505969e-01 3.0000000000e+02 -1.0113844945e-06 -9.1099635139e-14 1.0113835323e-06 1.0113844943e-06 -1.1089432842e-12 9.1119635199e-14 -1.0113835323e-06 5.5832617142e-14
d  1.4495835906e-02 1.8529163409e+00 -2.0000000000e-01 3.0267929565e-01 3.0000000000e+02 -1.0089319437e-06 -9.1078959709e-14 1.0089309855e-06 1.0089319436e-06 -1.1049537861e-12 9.1098959713e-14 -1.0089309855e-06 5.5819808726e-14
d  1.4497611663e-02 1.8516733113e+00 -2.0000000000e-01 3.0179691624e-01 3.0000000000e+02 -1.0059906743e-06 -9.1053365627e-14 1.0059897208e-06 1.0059906741e-06 -1.1001732661e-12 9.1073365674e-14 -1.0059897209e-06 5.5804368198e-14
d  1.4499742571e-02 1.8501816758e+00 -2.0000000000e-01 3.0073883680e-01 3.0000000000e+02 -1.0024637372e-06 -9.1020941492e-14 1.0024627893e-06 1.0024637370e-06 -1.0944466196e-12 9.1040941497e-14 -1.0024627894e-06 5.5785689135e-14
d  1.4501021117e-02 1.8492866945e+00 -2.0000000000e-01 3.0010439626e-01 3.0000000000e+02 -1.0003489320e-06 -9.1002738997e-14 1.0003479875e-06 1.0003489318e-06 -1.0910158428e-12 9.1022739142e-14 -1.0003479876e-06 5.5774526685e-14
d  1.4502555371e-02 1.8482127169e+00 -2.0000000000e-01 2.9934347144e-01 3.0000000000e+02 -9.9781251184e-07 -9.0978433439e-14 9.9781157148e-07 9.9781251165e-07 -1.0869041841e-12 9.0998433443e-14 -9.9781157151e-07 5.5760973386e-14
d  1.4504396476e-02 1.8469239438e+00 -2.0000000000e-01 2.9843094491e-01 3.0000000000e+02 -9.9477075185e-07 -9.0953767534e-14 9.9476981637e-07 9.9477075171e-07 -1.0819776126e-12 9.0973767675e-14 -9.9476981645e-07 5.5744925707e-14
d  1.4506605802e-02 1.8453774161e+00 -2.0000000000e-01 2.9733675370e-01 3.0000000000e+02 -9.9112344194e-07 -9.0918308407e-14 9.9112251232e-07 9.9112344176e-07 -1.0760768032e-12 9.0938308412e-14 -9.9112251235e-07 5.5725319857e-14
d  1.4507931397e-02 1.8444494995e+00 -2.0000000000e-01 2.9668068002e-01 3.0000000000e+02 -9.8893652619e-07 -9.0901405275e-14 9.8893560005e-07 9.8893652607e-07 -1.0725419634e-12 9.0921405588e-14 -9.8893560016e-07 5.5713780312e-14
d  1.4509522112e-02 1.8433359995e+00 -2.0000000000e-01 2.9589382911e-01 3.0000000000e+02 -9.8631368562e-07 -9.0872973530e-14 9.8631276370e-07 9.8631368544e-07 -1.0683061286e-12 9.0892973536e-14 -9.8631276373e-07 5.5699435150e-14
d  1.4511430969e-02 1.8419997996e+00 -2.0000000000e-01 2.9495023918e-01 3.0000000000e+02 -9.8316838084e-07 -9.0851014589e-14 9.8316746393e-07 9.8316838076e-07 -1.0632310312e-12 9.0871014985e-14 -9.8316746408e-07 5.5682913227e-14
d  1.4512576284e-02 1.8411980796e+00 -2.0000000000e-01 2.9438441632e-01 3.0000000000e+02 -9.8128230160e-07 -9.0821485814e-14 9.8128138773e-07 9.8128230142e-07 -1.0601908779e-12 9.0841485823e-14 -9.8128138776e-07 5.5672008532e-14
d  1.4513950661e-02 1.8402360157e+00 -2.0000000000e-01 2.9370575686e-01 3.0000000000e+02 -9.7902009981e-07 -9.0817169579e-14 9.7901918953e-07 9.7902009971e-07 -1.0565459995e-12 9.0837169992e-14 -9.7901918965e-07 5.5660770688e-14
d  1.4515599914e-02 1.8390815389e+00 -2.0000000000e-01 2.9289183873e-01 3.0000000000e+02 -9.7630703505e-07 -9.0783264872e-14 9.7630612911e-07 9.7630703487e-07 -1.0521793872e-12 9.0803264880e-14 -9.7630612914e-07 5.5645551730e-14
d  1.4517579018e-02 1.8376961668e+00 -2.0000000000e-01 2.9191582018e-01 3.0000000000e+02 -9.7305363467e-07 -9.0760677125e-14 9.7305273392e-07 9.7305363449e-07 -1.0469479475e-12 9.0780677132e-14 -9.7305273395e-07 5.5628313595e-14
d  1.4518766480e-02 1.8368649436e+00 -2.0000000000e-01 2.9133056744e-01 3.0000000000e+02 -9.7110278911e-07 -9.0741501701e-14 9.7110189146e-07 9.7110278893e-07 -1.0438140759e-12 9.0761501723e-14 -9.7110189150e-07 5.5617615796e-14
d  1.4520191435e-02 1.8358674756e+00 -2.0000000000e-01 2.9062861958e-01 3.0000000000e+02 -9.6876295919e-07 -9.0721631400e-14 9.6876206524e-07 9.6876295913e-07 -1.0400580762e-12 9.0741632059e-14 -9.6876206542e-07 5.5604953716e-14
d  1.4521901380e-02 1.8346705141e+00 -2.0000000000e-01 2.8978679486e-01 3.0000000000e+02 -9.6595687233e-07 -9.0686920340e-14 9.6595598286e-07 9.6595687214e-07 -1.0355581278e-12 9.0706920351e-14 -9.6595598289e-07 5.5589091134e-14
d  1.4523953315e-02 1.8332341604e+00 -2.0000000000e-01 2.8877734490e-01 3.0000000000e+02 -9.6259203377e-07 -9.0668022442e-14 9.6259114965e-07 9.6259203359e-07 -1.0301673838e-12 9.0688022446e-14 -9.6259114968e-07 5.5571367175e-14
d  1.4525184475e-02 1.8323723481e+00 -2.0000000000e-01 2.8817206293e-01 3.0000000000e+02 -9.6057442402e-07 -9.0648224579e-14 9.6057354309e-07 9.6057442384e-07 -1.0269384983e-12 9.0668224639e-14 -9.6057354313e-07 5.5560208507e-14
d  1.4526661868e-02 1.8313381734e+00 -2.0000000000e-01 2.8744610955e-01 3.0000000000e+02 -9.5815457557e-07 -9.0625798351e-14 9.5815369846e-07 9.5815457557e-07 -1.0230688949e-12 9.0645799235e-14 -9.5815369870e-07 5.5546876414e-14
d  1.4528434740e-02 1.8300971637e+00 -2.0000000000e-01 2.8657552031e-01 3.0000000000e+02 -9.5525260685e-07 -9.0587472195e-14 9.5525173436e-07 9.5525260668e-07 -1.0184334697e-12 9.0607472220e-14 -9.5525173440e-07 5.5530200553e-14
d  1.4530562185e-02 1.8286079521e+00 -2.0000000000e-01 2.8553161401e-01 3.0000000000e+02 -9.5177291369e-07 -9.0571979232e-14 9.5177204669e-07 9.5177291354e-07 -1.0128807944e-12 9.0591979370e-14 -9.5177204676e-07 5.5511935510e-14
d  1.4531838653e-02 1.8277144251e+00 -2.0000000000e-01 2.8490569048e-01 3.0000000000e+02 -9.4968649862e-07 -9.0546131540e-14 9.4968563492e-07 9.4968649846e-07 -1.0095555183e-12 9.0566131682e-14 -9.4968563498e-07 5.5499966563e-14
d  1.4533370414e-02 1.8266421927e+00 -2.0000000000e-01 2.8415499883e-01 3.0000000000e+02 -9.4718418919e-07 -9.0527521587e-14 9.4718332944e-07 9.4718418900e-07 -1.0055704734e-12 9.0547521591e-14 -9.4718332947e-07 5.5486337039e-14
d  1.4535208527e-02 1.8253555139e+00 -2.0000000000e-01 2.8325476971e-01 3.0000000000e+02 -9.4418342072e-07 -9.0501687959e-14 9.4418256570e-07 9.4418342056e-07 -1.0007968222e-12 9.0521688027e-14 -9.4418256575e-07 5.5469747744e-14
d  1.4537414263e-02 1.8238114993e+00 -2.0000000000e-01 2.8217536162e-01 3.0000000000e+02 -9.4058538808e-07 -9.0467771253e-14 9.4058453873e-07 9.4058538790e-07 -9.9508049491e-13 9.0487771274e-14 -9.4058453876e-07 5.5449630365e-14
d  1.4538737704e-02 1.8228850906e+00 -2.0000000000e-01 2.8152817147e-01 3.0000000000e+02 -9.3842808421e-07 -9.0448904612e-14 9.3842723824e-07 9.3842808409e-07 -9.9165697414e-13 9.0468904910e-14 -9.3842723834e-07 5.5437620603e-14
d  1.4540325834e-02 1.8217734000e+00 -2.0000000000e-01 2.8075199420e-01 3.0000000000e+02 -9.3584082257e-07 -9.0421887476e-14 9.3583998068e-07 9.3584082239e-07 -9.8755512750e-13 9.0441887481e-14 -9.3583998071e-07 5.5422937925e-14
d  1.4542231590e-02 1.8204393714e+00 -2.0000000000e-01 2.7982123176e-01 3.0000000000e+02 -9.3273827623e-07 -9.0399656826e-14 9.3273743919e-07 9.3273827609e-07 -9.8264164246e-13 9.0419657011e-14 -9.3273743928e-07 5.5405898069e-14
d  1.4543375043e-02 1.8196389543e+00 -2.0000000000e-01 2.7926311528e-01 3.0000000000e+02 -9.3087788503e-07 -9.0376728579e-14 9.3087705092e-07 9.3087788485e-07 -9.7969862791e-13 9.0396728587e-14 -9.3087705095e-07 5.5395087497e-14
d  1.4544747187e-02 1.8186784537e+00 -2.0000000000e-01 2.7859371931e-01 3.0000000000e+02 -9.2864656165e-07 -9.0362971044e-14 9.2864573102e-07 9.2864656154e-07 -9.7617149126e-13 9.0382971426e-14 -9.2864573113e-07 5.5382644995e-14
d  1.4546393760e-02 1.8175258529e+00 -2.0000000000e-01 2.7779092145e-01 3.0000000000e+02 -9.2597056459e-07 -9.0333884680e-14 9.2596973817e-07 9.2597056441e-07 -9.7194564439e-13 9.0353884687e-14 -9.2596973819e-07 5.5367780581e-14
d  1.4548369648e-02 1.8161427321e+00 -2.0000000000e-01 2.7682826775e-01 3.0000000000e+02 -9.2276171390e-07 -9.0310517731e-14 9.2276089247e-07 9.2276171385e-07 -9.6688449532e-13 9.0330518218e-14 -9.2276089265e-07 5.5349831895e-14
d  1.4549555180e-02 1.8153128596e+00 -2.0000000000e-01 2.7625104713e-01 3.0000000000e+02 -9.2083764218e-07 -9.0277065732e-14 9.2083682376e-07 9.2083764200e-07 -9.6385373753e-13 9.0297065755e-14 -9.2083682380e-07 5.5337856745e-14
d  1.4550977819e-02 1.8143170125e+00 -2.0000000000e-01 2.7555874732e-01 3.0000000000e+02 -9.1852997254e-07 -9.0276543810e-14 9.1852915770e-07 9.1852997247e-07 -9.6022051072e-13 9.0296544404e-14 -9.1852915786e-07 5.5326046821e-14
d  1.4552684986e-02 1.8131219961e+00 -2.0000000000e-01 2.7472851345e-01 3.0000000000e+02 -9.1576252200e-07 -9.0238710321e-14 9.1576171150e-07 9.1576252182e-07 -9.5586937935e-13 9.0258710330e-14 -9.1576171152e-07 5.5309612060e-14
d  1.4554733586e-02 1.8116879764e+00 -2.0000000000e-01 2.7373299055e-01 3.0000000000e+02 -9.1244410716e-07 -9.0219123360e-14 9.1244330182e-07 9.1244410698e-07 -9.5065790490e-13 9.0239123372e-14 -9.1244330185e-07 5.5291405835e-14
d  1.4555962746e-02 1.8108275646e+00 -2.0000000000e-01 2.7313607443e-01 3.0000000000e+02 -9.1045438366e-07 -9.0196933777e-14 9.1045358141e-07 9.1045438349e-07 -9.4753705235e-13 9.0216933835e-14 -9.1045358145e-07 5.5279826981e-14
d  1.4557437738e-02 1.8097950704e+00 -2.0000000000e-01 2.7242016522e-01 3.0000000000e+02 -9.0806801594e-07 -9.0179793295e-14 9.0806721738e-07 9.0806801591e-07 -9.4379713295e-13 9.0199794074e-14 -9.0806721758e-07 5.5266671358e-14
d  1.4559207729e-02 1.8085560773e+00 -2.0000000000e-01 2.7156163915e-01 3.0000000000e+02 -9.0520625793e-07 -9.0143045929e-14 9.0520546383e-07 9.0520625775e-07 -9.3931806355e-13 9.0163045942e-14 -9.0520546386e-07 5.5249755735e-14
d  1.4561331718e-02 1.8070692857e+00 -2.0000000000e-01 2.7053221954e-01 3.0000000000e+02 -9.0177485391e-07 -9.0126966123e-14 9.0177406513e-07 9.0177485374e-07 -9.3395379604e-13 9.0146966133e-14 -9.0177406516e-07 5.5231207344e-14
d  1.4562606111e-02 1.8061772107e+00 -2.0000000000e-01 2.6991499098e-01 3.0000000000e+02 -8.9971742222e-07 -9.0107098618e-14 8.9971663661e-07 8.9971742206e-07 -9.3074168618e-13 9.0127098754e-14 -8.9971663667e-07 5.5219547969e-14
d  1.4564135383e-02 1.8051067207e+00 -2.0000000000e-01 2.6917473233e-01 3.0000000000e+02 -8.9724988956e-07 -9.0084802367e-14 8.9724910777e-07 8.9724988938e-07 -9.2689307491e-13 9.0104802370e-14 -8.9724910780e-07 5.5205745483e-14
d  1.4565970509e-02 1.8038221328e+00 -2.0000000000e-01 2.6828701008e-01 3.0000000000e+02 -8.9429081081e-07 -9.0063928631e-14 8.9429003359e-07 8.9429081064e-07 -9.2228301755e-13 9.0083928661e-14 -8.9429003363e-07 5.5189848730e-14
d  1.4568172660e-02 1.8022806272e+00 -2.0000000000e-01 2.6722257429e-01 3.0000000000e+02 -8.9074268603e-07 -9.0036355073e-14 8.9074191427e-07 8.9074268592e-07 -9.1676320891e-13 9.0056355333e-14 -8.9074191439e-07 5.5170966728e-14
d  1.4569493951e-02 1.8013557239e+00 -2.0000000000e-01 2.6658436165e-01 3.0000000000e+02 -8.8861530728e-07 -9.0009950119e-14 8.8861453881e-07 8.8861530716e-07 -9.1345860947e-13 9.0029950397e-14 -8.8861453890e-07 5.5158363939e-14
d  1.4571079500e-02 1.8002458398e+00 -2.0000000000e-01 2.6581896607e-01 3.0000000000e+02 -8.8606398477e-07 -8.9994175627e-14 8.8606322022e-07 8.8606398459e-07 -9.0949939304e-13 9.0014175632e-14 -8.8606322025e-07 5.5143882151e-14
d  1.4572982159e-02 1.7989139790e+00 -2.0000000000e-01 2.6490115973e-01 3.0000000000e+02 -8.8300462562e-07 -8.9969093026e-14 8.8300386577e-07 8.8300462546e-07 -9.0475828545e-13 8.9989093106e-14 -8.8300386581e-07 5.5126136315e-14
d  1.4575265350e-02 1.7973157461e+00 -2.0000000000e-01 2.6380076172e-01 3.0000000000e+02 -8.7933662663e-07 -8.9933568914e-14 8.7933587239e-07 8.7933662653e-07 -8.9908329541e-13 8.9953569172e-14 -8.7933587251e-07 5.5104393120e-14
d  1.4576635264e-02 1.7963568063e+00 -2.0000000000e-01 2.6314104013e-01 3.0000000000e+02 -8.7713755131e-07 -8.9905052207e-14 8.7713680043e-07 8.7713755123e-07 -8.9568619892e-13 8.9925052690e-14 -8.7713680057e-07 5.5090552493e-14
d  1.4578279161e-02 1.7952060785e+00 -2.0000000000e-01 2.6234986865e-01 3.0000000000e+02 -8.7450030902e-07 -8.9886848178e-14 8.7449956218e-07 8.7450030884e-07 -8.9161593939e-13 8.9906848184e-14 -8.7449956221e-07 5.5075813099e-14
d  1.4580251838e-02 1.7938252052e+00 -2.0000000000e-01 2.6140119626e-01 3.0000000000e+02 -8.7133806289e-07 -8.9863873285e-14 8.7133732087e-07 8.7133806276e-07 -8.8674285793e-13 8.9883873490e-14 -8.7133732096e-07 5.5057098438e-14
d  1.4581435444e-02 1.7929966813e+00 -2.0000000000e-01 2.6083237830e-01 3.0000000000e+02 -8.6944200013e-07 -8.9838774032e-14 8.6944126101e-07 8.6944199995e-07 -8.8382496587e-13 8.9858774054e-14 -8.6944126104e-07 5.5045254145e-14
d  1.4582855771e-02 1.7920024525e+00 -2.0000000000e-01 2.6015017916e-01 3.0000000000e+02 -8.6716799954e-07 -8.9825739371e-14 8.6716726386e-07 8.6716799946e-07 -8.8032850233e-13 8.9845739902e-14 -8.6716726400e-07 5.5032054058e-14
d  1.4584560164e-02 1.7908093780e+00 -2.0000000000e-01 2.5933209258e-01 3.0000000000e+02 -8.6444104011e-07 -8.9791551043e-14 8.6444030860e-07 8.6444103993e-07 -8.7614143842e-13 8.9811551050e-14 -8.6444030862e-07 5.5015063363e-14
d  1.4586605435e-02 1.7893776885e+00 -2.0000000000e-01 2.5835118593e-01 3.0000000000e+02 -8.6117134630e-07 -8.9769767080e-14 8.6117061973e-07 8.6117134626e-07 -8.7112788085e-13 8.9789767589e-14 -8.6117061991e-07 5.4995775401e-14
d  1.4587832598e-02 1.7885186749e+00 -2.0000000000e-01 2.5776306054e-01 3.0000000000e+02 -8.5921092536e-07 -8.9734651030e-14 8.5921020178e-07 8.5921092519e-07 -8.6812671183e-13 8.9754651086e-14 -8.5921020182e-07 5.4982856690e-14
d  1.4589305193e-02 1.7874878585e+00 -2.0000000000e-01 2.5705772553e-01 3.0000000000e+02 -8.5685980511e-07 -8.9733218966e-14 8.5685908507e-07 8.5685980506e-07 -8.6452991718e-13 8.9753219662e-14 -8.5685908525e-07 5.4969739464e-14
d  1.4591072307e-02 1.7862508788e+00 -2.0000000000e-01 2.5621192475e-01 3.0000000000e+02 -8.5404046491e-07 -8.9692557355e-14 8.5403974916e-07 8.5404046474e-07 -8.6022398065e-13 8.9712557363e-14 -8.5403974919e-07 5.4951606606e-14
d  1.4593192844e-02 1.7847665032e+00 -2.0000000000e-01 2.5519783600e-01 3.0000000000e+02 -8.5066016400e-07 -8.9671988017e-14 8.5065945335e-07 8.5066016383e-07 -8.5506867337e-13 8.9691988038e-14 -8.5065945338e-07 5.4931350648e-14
d  1.4594465167e-02 1.7838758779e+00 -2.0000000000e-01 2.5458983753e-01 3.0000000000e+02 -8.4863349935e-07 -8.9645698662e-14 8.4863279175e-07 8.4863349920e-07 -8.5198254435e-13 8.9665698792e-14 -8.4863279180e-07 5.4918496368e-14
d  1.4595991953e-02 1.7828071274e+00 -2.0000000000e-01 2.5386069207e-01 3.0000000000e+02 -8.4620301084e-07 -8.9628834178e-14 8.4620230688e-07 8.4620301082e-07 -8.4828527077e-13 8.9648834981e-14 -8.4620230708e-07 5.4903785005e-14
d  1.4597824098e-02 1.7815246269e+00 -2.0000000000e-01 2.5298636881e-01 3.0000000000e+02 -8.4328859559e-07 -8.9590209480e-14 8.4328789604e-07 8.4328859542e-07 -8.4385888203e-13 8.9610209495e-14 -8.4328789607e-07 5.4885104509e-14
d  1.4600022671e-02 1.7799856263e+00 -2.0000000000e-01 2.5193812133e-01 3.0000000000e+02 -8.3979443209e-07 -8.9571289108e-14 8.3979373778e-07 8.3979443192e-07 -8.3856000905e-13 8.9591289122e-14 -8.3979373781e-07 5.4864217005e-14
d  1.4601341814e-02 1.7790622259e+00 -2.0000000000e-01 2.5130966689e-01 3.0000000000e+02 -8.3769958079e-07 -8.9548957227e-14 8.3769888961e-07 8.3769958066e-07 -8.3538835838e-13 8.9568957484e-14 -8.3769888969e-07 5.4850980604e-14
d  1.4602924787e-02 1.7779541455e+00 -2.0000000000e-01 2.5055601244e-01 3.0000000000e+02 -8.3518739556e-07 -8.9521735006e-14 8.3518670814e-07 8.3518739538e-07 -8.3158957466e-13 8.9541735010e-14 -8.3518670817e-07 5.4835033879e-14
d  1.4604824354e-02 1.7766244490e+00 -2.0000000000e-01 2.4965233526e-01 3.0000000000e+02 -8.3217513377e-07 -8.9498164789e-14 8.3217445086e-07 8.3217513360e-07 -8.2704112288e-13 8.9518164820e-14 -8.3217445090e-07 5.4816418423e-14
d  1.4607103834e-02 1.7750288131e+00 -2.0000000000e-01 2.4856894882e-01 3.0000000000e+02 -8.2856384026e-07 -8.9462437119e-14 8.2856316272e-07 8.2856384017e-07 -8.2159833888e-13 8.9482437428e-14 -8.2856316285e-07 5.4793467973e-14
d  1.4608471522e-02 1.7740714316e+00 -2.0000000000e-01 2.4791945329e-01 3.0000000000e+02 -8.2639885194e-07 -8.9432363763e-14 8.2639817762e-07 8.2639885184e-07 -8.1834079611e-13 8.9452364193e-14 -8.2639817774e-07 5.4779262009e-14
d  1.4610112748e-02 1.7729225738e+00 -2.0000000000e-01 2.4714059157e-01 3.0000000000e+02 -8.2380264233e-07 -8.9414948961e-14 8.2380197189e-07 8.2380264215e-07 -8.1443897720e-13 8.9434948965e-14 -8.2380197192e-07 5.4763217043e-14
d  1.4612082219e-02 1.7715439444e+00 -2.0000000000e-01 2.4620672870e-01 3.0000000000e+02 -8.2068976148e-07 -8.9390190532e-14 8.2068909566e-07 8.2068976132e-07 -8.0976830441e-13 8.9410190610e-14 -8.2068909570e-07 5.4743634302e-14
d  1.4614445585e-02 1.7698895892e+00 -2.0000000000e-01 2.4508720302e-01 3.0000000000e+02 -8.1695800370e-07 -8.9352384285e-14 8.1695734341e-07 8.1695800352e-07 -8.0418002680e-13 8.9372384288e-14 -8.1695734343e-07 5.4719720805e-14
d  1.4615863604e-02 1.7688969760e+00 -2.0000000000e-01 2.4441607035e-01 3.0000000000e+02 -8.1472089149e-07 -8.9332733231e-14 8.1472023449e-07 8.1472089143e-07 -8.0083553924e-13 8.9352733842e-14 -8.1472023466e-07 5.4705480930e-14
d  1.4617565227e-02 1.7677058403e+00 -2.0000000000e-01 2.4361129665e-01 3.0000000000e+02 -8.1203830852e-07 -8.9296066724e-14 8.1203765550e-07 8.1203830835e-07 -7.9683136445e-13 8.9316066730e-14 -8.1203765553e-07 5.4687325442e-14
d  1.4619607175e-02 1.7662764773e+00 -2.0000000000e-01 2.4264638758e-01 3.0000000000e+02 -8.0882194019e-07 -8.9280237865e-14 8.0882129191e-07 8.0882194006e-07 -7.9203708779e-13 8.9300238057e-14 -8.0882129199e-07 5.4668077929e-14
d  1.4620832343e-02 1.7654188596e+00 -2.0000000000e-01 2.4206788069e-01 3.0000000000e+02 -8.0689358105e-07 -8.9253637729e-14 8.0689293562e-07 8.0689358089e-07 -7.8916784959e-13 8.9273637782e-14 -8.0689293565e-07 5.4654932289e-14
d  1.4622302545e-02 1.7643897183e+00 -2.0000000000e-01 2.4137410776e-01 3.0000000000e+02 -8.0458100123e-07 -8.9238683022e-14 8.0458035918e-07 8.0458100116e-07 -7.8573048050e-13 8.9258683628e-14 -8.0458035933e-07 5.4640355069e-14
d  1.4624066788e-02 1.7631547487e+00 -2.0000000000e-01 2.4054220800e-01 3.0000000000e+02 -8.0180799797e-07 -8.9203120296e-14 8.0180736001e-07 8.0180799780e-07 -7.8161550503e-13 8.9223120303e-14 -8.0180736003e-07 5.4621806449e-14
d  1.4626183879e-02 1.7616727852e+00 -2.0000000000e-01 2.3954483454e-01 3.0000000000e+02 -7.9848341490e-07 -8.9181092890e-14 7.9848278178e-07 7.9848341484e-07 -7.7669010951e-13 8.9201093353e-14 -7.9848278195e-07 5.4600705792e-14
d  1.4627454134e-02 1.7607836071e+00 -2.0000000000e-01 2.3894688621e-01 3.0000000000e+02 -7.9649025086e-07 -8.9146411219e-14 7.9648962069e-07 7.9649025071e-07 -7.7374271635e-13 8.9166411338e-14 -7.9648962073e-07 5.4586735613e-14
d  1.4628978440e-02 1.7597165934e+00 -2.0000000000e-01 2.3822982032e-01 3.0000000000e+02 -7.9410002775e-07 -8.9141362514e-14 7.9409940104e-07 7.9410002770e-07 -7.7021144066e-13 8.9161363213e-14 -7.9409940122e-07 5.4572109781e-14
d  1.4630807607e-02 1.7584361770e+00 -2.0000000000e-01 2.3737002265e-01 3.0000000000e+02 -7.9123403132e-07 -8.9101433323e-14 7.9123340882e-07 7.9123403114e-07 -7.6598523146e-13 8.9121433331e-14 -7.9123340884e-07 5.4552522519e-14
d  1.4633002607e-02 1.7568996772e+00 -2.0000000000e-01 2.3633924931e-01 3.0000000000e+02 -7.8779811520e-07 -8.9079991288e-14 7.8779749770e-07 7.8779811503e-07 -7.6092735150e-13 8.9099991305e-14 -7.8779749773e-07 5.4530515369e-14
d  1.4634319607e-02 1.7559777774e+00 -2.0000000000e-01 2.3572130192e-01 3.0000000000e+02 -7.8573828758e-07 -8.9053503371e-14 7.8573767307e-07 7.8573828744e-07 -7.5790071761e-13 8.9073503601e-14 -7.8573767314e-07 5.4516457409e-14
d  1.4635900007e-02 1.7548714976e+00 -2.0000000000e-01 2.3498027785e-01 3.0000000000e+02 -7.8326820374e-07 -8.9033445642e-14 7.8326759279e-07 7.8326820371e-07 -7.5427574114e-13 8.9053446436e-14 -7.8326759299e-07 5.4500260465e-14
d  1.4637796488e-02 1.7535439618e+00 -2.0000000000e-01 2.3409178940e-01 3.0000000000e+02 -7.8030657131e-07 -8.8995991867e-14 7.8030596468e-07 7.8030657113e-07 -7.4993745191e-13 8.9015991879e-14 -7.8030596470e-07 5.4479982824e-14
d  1.4640072264e-02 1.7519509188e+00 -2.0000000000e-01 2.3302667252e-01 3.0000000000e+02 -7.7675617657e-07 -8.8975151891e-14 7.7675557507e-07 7.7675617639e-07 -7.4474630932e-13 8.8995151902e-14 -7.7675557510e-07 5.4457003870e-14
d  1.4641437730e-02 1.7509950931e+00 -2.0000000000e-01 2.3238816654e-01 3.0000000000e+02 -7.7462782022e-07 -8.8951783971e-14 7.7462722178e-07 7.7462782011e-07 -7.4164038689e-13 8.8971784350e-14 -7.7462722188e-07 5.4442410533e-14
d  1.4643076289e-02 1.7498481022e+00 -2.0000000000e-01 2.3162251056e-01 3.0000000000e+02 -7.7207562994e-07 -8.8922713120e-14 7.7207503519e-07 7.7207562976e-07 -7.3792123881e-13 8.8942713125e-14 -7.7207503522e-07 5.4425226756e-14
d  1.4645042559e-02 1.7484717131e+00 -2.0000000000e-01 2.3070452735e-01 3.0000000000e+02 -7.6901568152e-07 -8.8900179865e-14 7.6901509118e-07 7.6901568135e-07 -7.3346990205e-13 8.8920179891e-14 -7.6901509121e-07 5.4404890691e-14
d  1.4647402084e-02 1.7468200462e+00 -2.0000000000e-01 2.2960410879e-01 3.0000000000e+02 -7.6534761436e-07 -8.8863352374e-14 7.6534702927e-07 7.6534761425e-07 -7.2814569545e-13 8.8883352605e-14 -7.6534702937e-07 5.4379929181e-14
d  1.4648817799e-02 1.7458290460e+00 -2.0000000000e-01 2.2894446757e-01 3.0000000000e+02 -7.6314880718e-07 -8.8834836282e-14 7.6314822523e-07 7.6314880710e-07 -7.2496035660e-13 8.8854836816e-14 -7.6314822537e-07 5.4364513026e-14
d  1.4650516657e-02 1.7446398458e+00 -2.0000000000e-01 2.2815350345e-01 3.0000000000e+02 -7.6051225634e-07 -8.8811493928e-14 7.6051167818e-07 7.6051225617e-07 -7.2114652717e-13 8.8831493933e-14 -7.6051167821e-07 5.4346640402e-14
d  1.4652555286e-02 1.7432128056e+00 -2.0000000000e-01 2.2720522044e-01 3.0000000000e+02 -7.5735130846e-07 -8.8788737635e-14 7.5735073481e-07 7.5735130830e-07 -7.1658261145e-13 8.8808737698e-14 -7.5735073485e-07 5.4325447935e-14
d  1.4655001642e-02 1.7415003574e+00 -2.0000000000e-01 2.2606854321e-01 3.0000000000e+02 -7.5356237895e-07 -8.8749579201e-14 7.5356181069e-07 7.5356237883e-07 -7.1112489386e-13 8.8769579379e-14 -7.5356181077e-07 5.4299237278e-14
d  1.4656469455e-02 1.7404728884e+00 -2.0000000000e-01 2.2538719988e-01 3.0000000000e+02 -7.5129123130e-07 -8.8722691745e-14 7.5129066625e-07 7.5129123125e-07 -7.0786005389e-13 8.8742692382e-14 -7.5129066642e-07 5.4283248527e-14
d  1.4658230831e-02 1.7392399257e+00 -2.0000000000e-01 2.2457024998e-01 3.0000000000e+02 -7.4856806110e-07 -8.8693436199e-14 7.4856749994e-07 7.4856806092e-07 -7.0395207382e-13 8.8713436205e-14 -7.4856749996e-07 5.4264072116e-14
d  1.4660344482e-02 1.7377603704e+00 -2.0000000000e-01 2.2359086590e-01 3.0000000000e+02 -7.4530344288e-07 -8.8672133004e-14 7.4530288633e-07 7.4530344274e-07 -6.9927594751e-13 8.8692133153e-14 -7.4530288640e-07 5.4241870133e-14
d  1.4661612672e-02 1.7368726372e+00 -2.0000000000e-01 2.2300373451e-01 3.0000000000e+02 -7.4334633546e-07 -8.8647057005e-14 7.4334578168e-07 7.4334633530e-07 -6.9647796667e-13 8.8667057111e-14 -7.4334578172e-07 5.4227902526e-14
d  1.4663134501e-02 1.7358073574e+00 -2.0000000000e-01 2.2229967212e-01 3.0000000000e+02 -7.4099945752e-07 -8.8628902409e-14 7.4099890704e-07 7.4099945745e-07 -6.9312725242e-13 8.8648903005e-14 -7.4099890719e-07 5.4211757560e-14
d  1.4664960696e-02 1.7345290216e+00 -2.0000000000e-01 2.2145551215e-01 3.0000000000e+02 -7.3818558701e-07 -8.8593978044e-14 7.3818504051e-07 7.3818558683e-07 -6.8911734607e-13 8.8613978050e-14 -7.3818504053e-07 5.4191564783e-14
d  1.4667152129e-02 1.7329950187e+00 -2.0000000000e-01 2.2044355256e-01 3.0000000000e+02 -7.3481238363e-07 -8.8570242950e-14 7.3481184186e-07 7.3481238355e-07 -6.8431991281e-13 8.8590243304e-14 -7.3481184199e-07 5.4168337269e-14
d  1.4668466989e-02 1.7320746170e+00 -2.0000000000e-01 2.1983691887e-01 3.0000000000e+02 -7.3279026850e-07 -8.8538421669e-14 7.3278972957e-07 7.3279026836e-07 -6.8145003445e-13 8.8558421869e-14 -7.3278972963e-07 5.4153312334e-14
d  1.4670044821e-02 1.7309701348e+00 -2.0000000000e-01 2.1910949650e-01 3.0000000000e+02 -7.3036552385e-07 -8.8526874471e-14 7.3036498830e-07 7.3036552380e-07 -6.7801302862e-13 8.8546875152e-14 -7.3036498847e-07 5.4136831417e-14
d  1.4671938219e-02 1.7296447563e+00 -2.0000000000e-01 2.1823736635e-01 3.0000000000e+02 -7.2745841929e-07 -8.8488970260e-14 7.2745788783e-07 7.2745841912e-07 -6.7390096122e-13 8.8508970266e-14 -7.2745788786e-07 5.4115589812e-14
d  1.4674210298e-02 1.7280543021e+00 -2.0000000000e-01 2.1719193195e-01 3.0000000000e+02 -7.2397363311e-07 -8.8465490819e-14 7.2397310651e-07 7.2397363294e-07 -6.6898205545e-13 8.8485490828e-14 -7.2397310653e-07 5.4091320548e-14
d  1.4675573544e-02 1.7271000295e+00 -2.0000000000e-01 2.1656526040e-01 3.0000000000e+02 -7.2188472504e-07 -8.8441168457e-14 7.2188420133e-07 7.2188472492e-07 -6.6603968924e-13 8.8461168782e-14 -7.2188420142e-07 5.4076099764e-14
d  1.4677209441e-02 1.7259549025e+00 -2.0000000000e-01 2.1581383934e-01 3.0000000000e+02 -7.1937998468e-07 -8.8415354092e-14 7.1937946444e-07 7.1937998465e-07 -6.6251701436e-13 8.8435354879e-14 -7.1937946463e-07 5.4058009127e-14
d  1.4679172516e-02 1.7245807500e+00 -2.0000000000e-01 2.1491297835e-01 3.0000000000e+02 -7.1637711055e-07 -8.8379902010e-14 7.1637659450e-07 7.1637711038e-07 -6.5830269840e-13 8.8399902019e-14 -7.1637659452e-07 5.4035986647e-14
d  1.4681528207e-02 1.7229317671e+00 -2.0000000000e-01 2.1383317201e-01 3.0000000000e+02 -7.1277775111e-07 -8.8356316048e-14 7.1277724003e-07 7.1277775093e-07 -6.5326259699e-13 8.8376316052e-14 -7.1277724006e-07 5.4010387405e-14
d  1.4682941621e-02 1.7219423773e+00 -2.0000000000e-01 2.1318593013e-01 3.0000000000e+02 -7.1062027519e-07 -8.8333062933e-14 7.1061976708e-07 7.1062027510e-07 -6.5024813834e-13 8.8353063384e-14 -7.1061976720e-07 5.3994567438e-14
d  1.4684637718e-02 1.7207551096e+00 -2.0000000000e-01 2.1240987981e-01 3.0000000000e+02 -7.0803343722e-07 -8.8300348975e-14 7.0803293269e-07 7.0803343704e-07 -6.4664029238e-13 8.8320348980e-14 -7.0803293271e-07 5.3975115102e-14
d  1.4686673035e-02 1.7193303883e+00 -2.0000000000e-01 2.1147954005e-01 3.0000000000e+02 -7.0493230045e-07 -8.8278233887e-14 7.0493180018e-07 7.0493230028e-07 -6.4232356897e-13 8.8298233905e-14 -7.0493180021e-07 5.3952871002e-14
d  1.4689115415e-02 1.7176207228e+00 -2.0000000000e-01 2.1036445934e-01 3.0000000000e+02 -7.0121535965e-07 -8.8240157646e-14 7.0121486447e-07 7.0121535950e-07 -6.3716312306e-13 8.8260157743e-14 -7.0121486452e-07 5.3925451266e-14
d  1.4690580843e-02 1.7165949235e+00 -2.0000000000e-01 2.0969610796e-01 3.0000000000e+02 -6.9898751866e-07 -8.8215506604e-14 6.9898702652e-07 6.9898751859e-07 -6.3407700426e-13 8.8235507145e-14 -6.9898702666e-07 5.3908809925e-14
d  1.4692339357e-02 1.7153639643e+00 -2.0000000000e-01 2.0889477845e-01 3.0000000000e+02 -6.9631641665e-07 -8.8184951655e-14 6.9631592818e-07 6.9631641648e-07 -6.3038377461e-13 8.8204951659e-14 -6.9631592820e-07 5.3888753953e-14
d  1.4694449573e-02 1.7138868133e+00 -2.0000000000e-01 2.0793418258e-01 3.0000000000e+02 -6.9311442605e-07 -8.8162620513e-14 6.9311394193e-07 6.9311442589e-07 -6.2596583296e-13 8.8182620554e-14 -6.9311394197e-07 5.3865467588e-14
d  1.4696981833e-02 1.7121142321e+00 -2.0000000000e-01 2.0678291529e-01 3.0000000000e+02 -6.8927686320e-07 -8.8122187919e-14 6.8927638430e-07 6.8927686303e-07 -6.2068567963e-13 8.8142187926e-14 -6.8927638432e-07 5.3836531734e-14
d  1.4698501188e-02 1.7110506834e+00 -2.0000000000e-01 2.0609291725e-01 3.0000000000e+02 -6.8697686662e-07 -8.8099406350e-14 6.8697639082e-07 6.8697686657e-07 -6.1752841888e-13 8.8119407005e-14 -6.8697639098e-07 5.3819131672e-14
d  1.4700324415e-02 1.7097744249e+00 -2.0000000000e-01 2.0526567328e-01 3.0000000000e+02 -6.8421938300e-07 -8.8062149593e-14 6.8421891095e-07 6.8421938283e-07 -6.1375105869e-13 8.8082149597e-14 -6.8421891097e-07 5.3797792775e-14
d  1.4702512288e-02 1.7082429147e+00 -2.0000000000e-01 2.0427407293e-01 3.0000000000e+02 -6.8091404403e-07 -8.8041751390e-14 6.8091357643e-07 6.8091404388e-07 -6.0923303923e-13 8.8061751485e-14 -6.8091357648e-07 5.3773388279e-14
d  1.4705137734e-02 1.7064051025e+00 -2.0000000000e-01 2.0308571287e-01 3.0000000000e+02 -6.7695283849e-07 -8.8000064276e-14 6.7695237622e-07 6.7695283836e-07 -6.0383424577e-13 8.8020064432e-14 -6.7695237629e-07 5.3743480413e-14
d  1.4706713002e-02 1.7053024152e+00 -2.0000000000e-01 2.0237352330e-01 3.0000000000e+02 -6.7457887008e-07 -8.7972449135e-14 6.7457841101e-07 6.7457886991e-07 -6.0060709313e-13 8.7992449139e-14 -6.7457841103e-07 5.3724975058e-14
d  1.4708603324e-02 1.7039791904e+00 -2.0000000000e-01 2.0151971666e-01 3.0000000000e+02 -6.7173284414e-07 -8.7951295079e-14 6.7173238888e-07 6.7173284397e-07 -5.9674578460e-13 8.7971295084e-14 -6.7173238890e-07 5.3703575445e-14
d  1.4710871710e-02 1.7023913207e+00 -2.0000000000e-01 2.0049633488e-01 3.0000000000e+02 -6.6832156696e-07 -8.7915263188e-14 6.6832111624e-07 6.6832156684e-07 -5.9212952419e-13 8.7935263402e-14 -6.6832111632e-07 5.3677176049e-14
d  1.4712232742e-02 1.7014385988e+00 -2.0000000000e-01 1.9988292882e-01 3.0000000000e+02 -6.6627687739e-07 -8.7888999907e-14 6.6627642940e-07 6.6627687727e-07 -5.8936882956e-13 8.7909000175e-14 -6.6627642947e-07 5.3661000554e-14
d  1.4713865980e-02 1.7002953326e+00 -2.0000000000e-01 1.9914746015e-01 3.0000000000e+02 -6.6382531188e-07 -8.7869691207e-14 6.6382486714e-07 6.6382531182e-07 -5.8606426400e-13 8.7889691869e-14 -6.6382486729e-07 5.3642283186e-14
d  1.4715825865e-02 1.6989234131e+00 -2.0000000000e-01 1.9826579783e-01 3.0000000000e+02 -6.6088643358e-07 -8.7833027342e-14 6.6088599276e-07 6.6088643341e-07 -5.8211231793e-13 8.7853027347e-14 -6.6088599278e-07 5.3618739114e-14
d  1.4718177728e-02 1.6972771098e+00 -2.0000000000e-01 1.9720907794e-01 3.0000000000e+02 -6.5736402928e-07 -8.7809290255e-14 6.5736359312e-07 6.5736402911e-07 -5.7738701644e-13 8.7829290258e-14 -6.5736359315e-07 5.3592377129e-14
d  1.4719588845e-02 1.6962893278e+00 -2.0000000000e-01 1.9657572718e-01 3.0000000000e+02 -6.5525285729e-07 -8.7785337422e-14 6.5525242391e-07 6.5525285718e-07 -5.7456213657e-13 8.7805337792e-14 -6.5525242400e-07 5.3575321382e-14
d  1.4721282186e-02 1.6951039894e+00 -2.0000000000e-01 1.9581637972e-01 3.0000000000e+02 -6.5272169576e-07 -8.7755358780e-14 6.5272126570e-07 6.5272169572e-07 -5.7118138584e-13 8.7775359520e-14 -6.5272126587e-07 5.3555121388e-14
d  1.4723314196e-02 1.6936815833e+00 -2.0000000000e-01 1.9490613530e-01 3.0000000000e+02 -6.4968754373e-07 -8.7721135597e-14 6.4968711768e-07 6.4968754356e-07 -5.6713863981e-13 8.7741135604e-14 -6.4968711770e-07 5.3530884137e-14
d  1.4725752607e-02 1.6919746960e+00 -2.0000000000e-01 1.9381524964e-01 3.0000000000e+02 -6.4605125340e-07 -8.7695247930e-14 6.4605083212e-07 6.4605125324e-07 -5.6230648319e-13 8.7715247955e-14 -6.4605083215e-07 5.3502525168e-14
d  1.4727215653e-02 1.6909505636e+00 -2.0000000000e-01 1.9316145759e-01 3.0000000000e+02 -6.4387194374e-07 -8.7662549634e-14 6.4387152529e-07 6.4387194364e-07 -5.5941813352e-13 8.7682550078e-14 -6.4387152540e-07 5.3484439205e-14
d  1.4728971309e-02 1.6897216047e+00 -2.0000000000e-01 1.9237763681e-01 3.0000000000e+02 -6.4125920438e-07 -8.7642003219e-14 6.4125878936e-07 6.4125920421e-07 -5.5596170073e-13 8.7662003222e-14 -6.4125878938e-07 5.3463977865e-14
d  1.4731078097e-02 1.6882468541e+00 -2.0000000000e-01 1.9143811094e-01 3.0000000000e+02 -6.3812744740e-07 -8.7615251516e-14 6.3812703645e-07 6.3812744723e-07 -5.5182899111e-13 8.7635251526e-14 -6.3812703648e-07 5.3439004322e-14
d  1.4733606241e-02 1.6864771533e+00 -2.0000000000e-01 1.9031221078e-01 3.0000000000e+02 -6.3437444200e-07 -8.7575672796e-14 6.3437403592e-07 6.3437444183e-07 -5.4689135253e-13 8.7595672810e-14 -6.3437403594e-07 5.3408534187e-14
d  1.4735123128e-02 1.6854153328e+00 -2.0000000000e-01 1.8963747498e-01 3.0000000000e+02 -6.3212531978e-07 -8.7553077530e-14 6.3212491660e-07 6.3212531970e-07 -5.4393991896e-13 8.7573078072e-14 -6.3212491673e-07 5.3390242110e-14
d  1.4736943392e-02 1.6841411483e+00 -2.0000000000e-01 1.8882859106e-01 3.0000000000e+02 -6.2942903655e-07 -8.7517980495e-14 6.2942863686e-07 6.2942903638e-07 -5.4040968229e-13 8.7537980499e-14 -6.2942863688e-07 5.3367776688e-14
d  1.4739127709e-02 1.6826121268e+00 -2.0000000000e-01 1.8785908493e-01 3.0000000000e+02 -6.2619734528e-07 -8.7495100821e-14 6.2619694976e-07 6.2619734512e-07 -5.3618871854e-13 8.7515100840e-14 -6.2619694978e-07 5.3341864906e-14
d  1.4741748890e-02 1.6807773011e+00 -2.0000000000e-01 1.8669734911e-01 3.0000000000e+02 -6.2232488758e-07 -8.7453600982e-14 6.2232449701e-07 6.2232488747e-07 -5.3114717314e-13 8.7473601213e-14 -6.2232449711e-07 5.3309759540e-14
d  1.4743321598e-02 1.6796764056e+00 -2.0000000000e-01 1.8600118560e-01 3.0000000000e+02 -6.2000433958e-07 -8.7422493624e-14 6.2000395197e-07 6.2000433952e-07 -5.2813441555e-13 8.7442494269e-14 -6.2000395213e-07 5.3290066497e-14
d  1.4745208848e-02 1.6783553311e+00 -2.0000000000e-01 1.8516666070e-01 3.0000000000e+02 -6.1722258635e-07 -8.7394728245e-14 6.1722220233e-07 6.1722258619e-07 -5.2453110820e-13 8.7414728250e-14 -6.1722220235e-07 5.3266982642e-14
d  1.4747473548e-02 1.6767700416e+00 -2.0000000000e-01 1.8416648994e-01 3.0000000000e+02 -6.1388867960e-07 -8.7370235058e-14 6.1388829981e-07 6.1388867944e-07 -5.2022398669e-13 8.7390235103e-14 -6.1388829984e-07 5.3239691929e-14
d  1.4750191187e-02 1.6748676943e+00 -2.0000000000e-01 1.8296810619e-01 3.0000000000e+02 -6.0989406201e-07 -8.7326670129e-14 6.0989368729e-07 6.0989406188e-07 -5.1508087713e-13 8.7346670274e-14 -6.0989368735e-07 5.3205959947e-14
d  1.4751821771e-02 1.6737262859e+00 -2.0000000000e-01 1.8225003285e-01 3.0000000000e+02 -6.0750048117e-07 -8.7298134681e-14 6.0750010946e-07 6.0750048113e-07 -5.1200788759e-13 8.7318135362e-14 -6.0750010963e-07 5.3185492652e-14
d  1.4753778472e-02 1.6723565958e+00 -2.0000000000e-01 1.8138929581e-01 3.0000000000e+02 -6.0463135410e-07 -8.7264440374e-14 6.0463098604e-07 6.0463135393e-07 -5.0833381437e-13 8.7284440377e-14 -6.0463098606e-07 5.3160909452e-14
d  1.4756126513e-02 1.6707129677e+00 -2.0000000000e-01 1.8035779407e-01 3.0000000000e+02 -6.0119301064e-07 -8.7239799395e-14 6.0119264690e-07 6.0119301050e-07 -5.0394296048e-13 8.7259799495e-14 -6.0119264694e-07 5.3132002985e-14
d  1.4757535337e-02 1.6697267908e+00 -2.0000000000e-01 1.7973961741e-01 3.0000000000e+02 -5.9913241919e-07 -8.7213521392e-14 5.9913205803e-07 5.9913241907e-07 -5.0131860233e-13 8.7233521688e-14 -5.9913205810e-07 5.3114032579e-14
d  1.4759225927e-02 1.6685433786e+00 -2.0000000000e-01 1.7899852268e-01 3.0000000000e+02 -5.9666210032e-07 -8.7188347960e-14 5.9666174224e-07 5.9666210026e-07 -4.9817870504e-13 8.7208348574e-14 -5.9666174238e-07 5.3092846201e-14
d  1.4761254634e-02 1.6671232839e+00 -2.0000000000e-01 1.7811024515e-01 3.0000000000e+02 -5.9370117153e-07 -8.7153870551e-14 5.9370081717e-07 5.9370117137e-07 -4.9442517390e-13 8.7173870556e-14 -5.9370081719e-07 5.3067064402e-14
d  1.4763689083e-02 1.6654191703e+00 -2.0000000000e-01 1.7704581402e-01 3.0000000000e+02 -5.9015306334e-07 -8.7125130779e-14 5.9015271338e-07 5.9015306322e-07 -4.8994062396e-13 8.7145130995e-14 -5.9015271346e-07 5.3036638377e-14
d  1.4765149752e-02 1.6643967021e+00 -2.0000000000e-01 1.7640793513e-01 3.0000000000e+02 -5.8802679775e-07 -8.7096446597e-14 5.8802645043e-07 5.8802679764e-07 -4.8726062553e-13 8.7116446957e-14 -5.8802645052e-07 5.3018018806e-14
d  1.4766902555e-02 1.6631697403e+00 -2.0000000000e-01 1.7564326233e-01 3.0000000000e+02 -5.8547788524e-07 -8.7073900573e-14 5.8547754107e-07 5.8547788518e-07 -4.8405473934e-13 8.7093901216e-14 -5.8547754122e-07 5.2995862846e-14
d  1.4769005919e-02 1.6616973862e+00 -2.0000000000e-01 1.7472678455e-01 3.0000000000e+02 -5.8242295553e-07 -8.7037608864e-14 5.8242261516e-07 5.8242295537e-07 -4.8022333905e-13 8.7057608869e-14 -5.8242261518e-07 5.2968743473e-14
d  1.4771529955e-02 1.6599305612e+00 -2.0000000000e-01 1.7362864427e-01 3.0000000000e+02 -5.7876248343e-07 -8.7008398787e-14 5.7876214756e-07 5.7876248326e-07 -4.7564672464e-13 8.7028398791e-14 -5.7876214758e-07 5.2936912430e-14
d  1.4773044377e-02 1.6588704662e+00 -2.0000000000e-01 1.7297061904e-01 3.0000000000e+02 -5.7656906331e-07 -8.6983355968e-14 5.7656873012e-07 5.7656906322e-07 -4.7291242733e-13 8.7003356396e-14 -5.7656873022e-07 5.2917252835e-14
d  1.4774861683e-02 1.6575983522e+00 -2.0000000000e-01 1.7218183953e-01 3.0000000000e+02 -5.7393979505e-07 -8.6951383154e-14 5.7393946507e-07 5.7393979500e-07 -4.6964230748e-13 8.6971383807e-14 -5.7393946523e-07 5.2893611992e-14
d  1.4777042451e-02 1.6560718154e+00 -2.0000000000e-01 1.7123653672e-01 3.0000000000e+02 -5.7078878185e-07 -8.6916705977e-14 5.7078845574e-07 5.7078878169e-07 -4.6573479943e-13 8.6936705983e-14 -5.7078845576e-07 5.2865239044e-14
d  1.4779659372e-02 1.6542399712e+00 -2.0000000000e-01 1.7010395566e-01 3.0000000000e+02 -5.6701350704e-07 -8.6886314958e-14 5.6701318552e-07 5.6701350688e-07 -4.6106859488e-13 8.6906314983e-14 -5.6701318555e-07 5.2831741282e-14
d  1.4781229524e-02 1.6531408647e+00 -2.0000000000e-01 1.6942534397e-01 3.0000000000e+02 -5.6475146533e-07 -8.6851669086e-14 5.6475114654e-07 5.6475146525e-07 -4.5828161963e-13 8.6871669612e-14 -5.6475114667e-07 5.2810567745e-14
d  1.4783113707e-02 1.6518219369e+00 -2.0000000000e-01 1.6861194631e-01 3.0000000000e+02 -5.6204013652e-07 -8.6827706232e-14 5.6203982100e-07 5.6204013647e-07 -4.5494875824e-13 8.6847706886e-14 -5.6203982116e-07 5.2785973206e-14
d  1.4785374727e-02 1.6502392236e+00 -2.0000000000e-01 1.6763721759e-01 3.0000000000e+02 -5.5879103687e-07 -8.6790488365e-14 5.5879072530e-07 5.5879103671e-07 -4.5096755586e-13 8.6810488373e-14 -5.5879072532e-07 5.2756057140e-14
d  1.4788087951e-02 1.6483399675e+00 -2.0000000000e-01 1.6646948971e-01 3.0000000000e+02 -5.5489860595e-07 -8.6758664143e-14 5.5489829905e-07 5.5489860579e-07 -4.4621458609e-13 8.6778664154e-14 -5.5489829907e-07 5.2720794179e-14
d  1.4789715885e-02 1.6472004139e+00 -2.0000000000e-01 1.6576987882e-01 3.0000000000e+02 -5.5256656684e-07 -8.6731719088e-14 5.5256626271e-07 5.5256656677e-07 -4.4337625686e-13 8.6751719656e-14 -5.5256626285e-07 5.2698959742e-14
d  1.4791669406e-02 1.6458329496e+00 -2.0000000000e-01 1.6493136935e-01 3.0000000000e+02 -5.4977153194e-07 -8.6693412507e-14 5.4977123117e-07 5.4977153177e-07 -4.3998386953e-13 8.6713412510e-14 -5.4977123119e-07 5.2672262995e-14
d  1.4794013631e-02 1.6441919924e+00 -2.0000000000e-01 1.6392663020e-01 3.0000000000e+02 -5.4642239745e-07 -8.6668123498e-14 5.4642210066e-07 5.4642239729e-07 -4.3593089768e-13 8.6688123512e-14 -5.4642210068e-07 5.2641585541e-14
d  1.4796826701e-02 1.6422228437e+00 -2.0000000000e-01 1.6272306971e-01 3.0000000000e+02 -5.4241052440e-07 -8.6623646703e-14 5.4241023237e-07 5.4241052428e-07 -4.3109496203e-13 8.6643646868e-14 -5.4241023243e-07 5.2603768404e-14
d  1.4798514544e-02 1.6410413545e+00 -2.0000000000e-01 1.6200205282e-01 3.0000000000e+02 -5.4000713191e-07 -8.6592803478e-14 5.4000684270e-07 5.4000713185e-07 -4.2820763457e-13 8.6612804066e-14 -5.4000684284e-07 5.2580652378e-14
d  1.4800539954e-02 1.6396235675e+00 -2.0000000000e-01 1.6113794553e-01 3.0000000000e+02 -5.3712677091e-07 -8.6560569221e-14 5.3712648511e-07 5.3712677074e-07 -4.2475715702e-13 8.6580569224e-14 -5.3712648513e-07 5.2553152803e-14
d  1.4802970447e-02 1.6379222231e+00 -2.0000000000e-01 1.6010262622e-01 3.0000000000e+02 -5.3367570249e-07 -8.6532452471e-14 5.3367542075e-07 5.3367570233e-07 -4.2063633477e-13 8.6552452501e-14 -5.3367542077e-07 5.2520641210e-14
d  1.4805887038e-02 1.6358806098e+00 -2.0000000000e-01 1.5886257224e-01 3.0000000000e+02 -5.2954218439e-07 -8.6485743588e-14 5.2954190748e-07 5.2954218424e-07 -4.1572104145e-13 8.6505743610e-14 -5.2954190750e-07 5.2480664303e-14
d  1.4807636993e-02 1.6346556418e+00 -2.0000000000e-01 1.5811976508e-01 3.0000000000e+02 -5.2706615763e-07 -8.6459057340e-14 5.2706588357e-07 5.2706615757e-07 -4.1278691742e-13 8.6479057937e-14 -5.2706588372e-07 5.2456613957e-14
d  1.4809736939e-02 1.6331856802e+00 -2.0000000000e-01 1.5722961503e-01 3.0000000000e+02 -5.2409898736e-07 -8.6418565321e-14 5.2409871677e-07 5.2409898720e-07 -4.0928196324e-13 8.6438565324e-14 -5.2409871679e-07 5.2427181364e-14
d  1.4812256874e-02 1.6314217263e+00 -2.0000000000e-01 1.5616319736e-01 3.0000000000e+02 -5.2054425766e-07 -8.6390996501e-14 5.2054399118e-07 5.2054425751e-07 -4.0509690016e-13 8.6410996567e-14 -5.2054399122e-07 5.2392955802e-14
d  1.4815280795e-02 1.6293049816e+00 -2.0000000000e-01 1.5488604688e-01 3.0000000000e+02 -5.1628708452e-07 -8.6341781406e-14 5.1628682294e-07 5.1628708439e-07 -4.0010682321e-13 8.6361781533e-14 -5.1628682300e-07 5.2350722596e-14
d  1.4817095148e-02 1.6280349348e+00 -2.0000000000e-01 1.5412109899e-01 3.0000000000e+02 -5.1373725528e-07 -8.6311035935e-14 5.1373699661e-07 5.1373725522e-07 -3.9712900797e-13 8.6331036530e-14 -5.1373699675e-07 5.2325139704e-14
d  1.4819272372e-02 1.6265108786e+00 -2.0000000000e-01 1.5320450084e-01 3.0000000000e+02 -5.1068192463e-07 -8.6273416653e-14 5.1068166947e-07 5.1068192447e-07 -3.9357273265e-13 8.6293416656e-14 -5.1068166949e-07 5.2294205216e-14
d  1.4821885041e-02 1.6246820112e+00 -2.0000000000e-01 1.5210651858e-01 3.0000000000e+02 -5.0702197958e-07 -8.6243041609e-14 5.0702172859e-07 5.0702197945e-07 -3.8932785365e-13 8.6263041736e-14 -5.0702172864e-07 5.2257881733e-14
d  1.4823452642e-02 1.6235846908e+00 -2.0000000000e-01 1.5144874558e-01 3.0000000000e+02 -5.0482940044e-07 -8.6213349476e-14 5.0482915193e-07 5.0482940034e-07 -3.8679363600e-13 8.6233349865e-14 -5.0482915202e-07 5.2235334312e-14
d  1.4825333763e-02 1.6222679062e+00 -2.0000000000e-01 1.5066042816e-01 3.0000000000e+02 -5.0220167273e-07 -8.6184566986e-14 5.0220142718e-07 5.0220167265e-07 -3.8376443563e-13 8.6204567521e-14 -5.0220142731e-07 5.2208600672e-14
d  1.4827591109e-02 1.6206877648e+00 -2.0000000000e-01 1.4971590898e-01 3.0000000000e+02 -4.9905327190e-07 -8.6147870634e-14 4.9905302993e-07 4.9905327174e-07 -3.8014729510e-13 8.6167870639e-14 -4.9905302994e-07 5.2176232985e-14
d  1.4830299923e-02 1.6187915951e+00 -2.0000000000e-01 1.4858459794e-01 3.0000000000e+02 -4.9528223088e-07 -8.6112888765e-14 4.9528199313e-07 4.9528223077e-07 -3.7583150329e-13 8.6132889014e-14 -4.9528199321e-07 5.2137820147e-14
d  1.4831925212e-02 1.6176538932e+00 -2.0000000000e-01 1.4790692308e-01 3.0000000000e+02 -4.9302331215e-07 -8.6078938503e-14 4.9302307692e-07 4.9302331206e-07 -3.7325580027e-13 8.6098938955e-14 -4.9302307703e-07 5.2113825652e-14
d  1.4833875559e-02 1.6162886510e+00 -2.0000000000e-01 1.4709481882e-01 3.0000000000e+02 -4.9031629492e-07 -8.6053015642e-14 4.9031606270e-07 4.9031629484e-07 -3.7017743074e-13 8.6073016180e-14 -4.9031606283e-07 5.2085855073e-14
d  1.4836215974e-02 1.6146503604e+00 -2.0000000000e-01 1.4612189245e-01 3.0000000000e+02 -4.8707320343e-07 -8.6014595677e-14 4.8707297484e-07 4.8707320327e-07 -3.6650280825e-13 8.6034595682e-14 -4.8707297486e-07 5.2051724611e-14
d  1.4839024474e-02 1.6126844116e+00 -2.0000000000e-01 1.4495669804e-01 3.0000000000e+02 -4.8318921777e-07 -8.5977293867e-14 4.8318899348e-07 4.8318921761e-07 -3.6212006706e-13 8.5997293872e-14 -4.8318899350e-07 5.2010996595e-14
d  1.4840709573e-02 1.6115048423e+00 -2.0000000000e-01 1.4425880173e-01 3.0000000000e+02 -4.8086289417e-07 -8.5948252256e-14 4.8086267242e-07 4.8086289408e-07 -3.5950489759e-13 8.5968252727e-14 -4.8086267253e-07 5.1985985736e-14
d  1.4842731692e-02 1.6100893592e+00 -2.0000000000e-01 1.4342254500e-01 3.0000000000e+02 -4.7807536868e-07 -8.5911352203e-14 4.7807514999e-07 4.7807536861e-07 -3.5638088207e-13 8.5931352738e-14 -4.7807515012e-07 5.1955634852e-14
d  1.4845158235e-02 1.6083907795e+00 -2.0000000000e-01 1.4242078909e-01 3.0000000000e+02 -4.7473617863e-07 -8.5874064933e-14 4.7473596362e-07 4.7473617847e-07 -3.5265229876e-13 8.5894064937e-14 -4.7473596364e-07 5.1919824612e-14
d  1.4848070087e-02 1.6063524838e+00 -2.0000000000e-01 1.4122121870e-01 3.0000000000e+02 -4.7073760632e-07 -8.5835182305e-14 4.7073739566e-07 4.7073760616e-07 -3.4820693626e-13 8.5855182337e-14 -4.7073739569e-07 5.1876856155e-14
d  1.4849817198e-02 1.6051295064e+00 -2.0000000000e-01 1.4050281173e-01 3.0000000000e+02 -4.6834291382e-07 -8.5792466001e-14 4.6834270575e-07 4.6834291374e-07 -3.4555558285e-13 8.5812466487e-14 -4.6834270586e-07 5.1849746052e-14
d  1.4851913732e-02 1.6036619335e+00 -2.0000000000e-01 1.3964205190e-01 3.0000000000e+02 -4.6547371128e-07 -8.5771513435e-14 4.6547350630e-07 4.6547371120e-07 -3.4238807991e-13 8.5791513963e-14 -4.6547350643e-07 5.1818932260e-14
d  1.4854429572e-02 1.6019008460e+00 -2.0000000000e-01 1.3861106225e-01 3.0000000000e+02 -4.6203707542e-07 -8.5728125742e-14 4.6203687417e-07 4.6203707526e-07 -3.3860991007e-13 8.5748125748e-14 -4.6203687419e-07 5.1780701548e-14
d  1.4857448580e-02 1.5997875410e+00 -2.0000000000e-01 1.3737666013e-01 3.0000000000e+02 -4.5792239727e-07 -8.5686983771e-14 4.5792220043e-07 4.5792239712e-07 -3.3410694911e-13 8.5706983784e-14 -4.5792220045e-07 5.1735165758e-14
d  1.4859259984e-02 1.5985195580e+00 -2.0000000000e-01 1.3663748494e-01 3.0000000000e+02 -4.5545847735e-07 -8.5656503906e-14 4.5545828312e-07 4.5545847727e-07 -3.3142173867e-13 8.5676504397e-14 -4.5545828323e-07 5.1707324410e-14
d  1.4861433670e-02 1.5969979785e+00 -2.0000000000e-01 1.3575193366e-01 3.0000000000e+02 -4.5250663659e-07 -8.5615552772e-14 4.5250644549e-07 4.5250663652e-07 -3.2821588501e-13 8.5635553291e-14 -4.5250644562e-07 5.1673560548e-14
d  1.4864042093e-02 1.5951720830e+00 -2.0000000000e-01 1.3469138833e-01 3.0000000000e+02 -4.4897148178e-07 -8.5574563515e-14 4.4897129444e-07 4.4897148162e-07 -3.2439254955e-13 8.5594563526e-14 -4.4897129446e-07 5.1633213282e-14
d  1.4867172200e-02 1.5929810084e+00 -2.0000000000e-01 1.3342179292e-01 3.0000000000e+02 -4.4473949262e-07 -8.5531350564e-14 4.4473930974e-07 4.4473949249e-07 -3.1983772506e-13 8.5551350680e-14 -4.4473930979e-07 5.1585033561e-14
d  1.4869050265e-02 1.5916663636e+00 -2.0000000000e-01 1.3266164234e-01 3.0000000000e+02 -4.4220565468e-07 -8.5496414232e-14 4.4220547443e-07 4.4220565460e-07 -3.1712262155e-13 8.5516414720e-14 -4.4220547455e-07 5.1555481516e-14
d  1.4871303942e-02 1.5900887899e+00 -2.0000000000e-01 1.3175106975e-01 3.0000000000e+02 -4.3917040954e-07 -8.5457736706e-14 4.3917023246e-07 4.3917040946e-07 -3.1388206011e-13 8.5477737211e-14 -4.3917023259e-07 5.1519783877e-14
d  1.4874008355e-02 1.5881957015e+00 -2.0000000000e-01 1.3066071559e-01 3.0000000000e+02 -4.3553589192e-07 -8.5413115775e-14 4.3553571864e-07 4.3553589176e-07 -3.1001902556e-13 8.5433115795e-14 -4.3553571866e-07 5.1476805345e-14
d  1.4877253650e-02 1.5859239953e+00 -2.0000000000e-01 1.2935566586e-01 3.0000000000e+02 -4.3118572164e-07 -8.5366648530e-14 4.3118555286e-07 4.3118572148e-07 -3.0541901139e-13 8.5386648534e-14 -4.3118555287e-07 5.1425468861e-14
d  1.4879200828e-02 1.5845609716e+00 -2.0000000000e-01 1.2857440945e-01 3.0000000000e+02 -4.2858153093e-07 -8.5333237983e-14 4.2858136480e-07 4.2858153085e-07 -3.0267796137e-13 8.5353238463e-14 -4.2858136492e-07 5.1394211940e-14
d  1.4881537440e-02 1.5829253432e+00 -2.0000000000e-01 1.2763866794e-01 3.0000000000e+02 -4.2546238937e-07 -8.5288767292e-14 4.2546222644e-07 4.2546238930e-07 -2.9940769135e-13 8.5308767779e-14 -4.2546222656e-07 5.1356247941e-14
d  1.4884341376e-02 1.5809625891e+00 -2.0000000000e-01 1.2651833605e-01 3.0000000000e+02 -4.2172794595e-07 -8.5243684286e-14 4.2172778685e-07 4.2172794580e-07 -2.9551060111e-13 8.5263684322e-14 -4.2172778687e-07 5.1310933997e-14
d  1.4887706098e-02 1.5786072842e+00 -2.0000000000e-01 1.2517764642e-01 3.0000000000e+02 -4.1725897598e-07 -8.5194485401e-14 4.1725882140e-07 4.1725897582e-07 -2.9087245484e-13 8.5214485414e-14 -4.1725882142e-07 5.1256466293e-14
d  1.4889724931e-02 1.5771941012e+00 -2.0000000000e-01 1.2437518729e-01 3.0000000000e+02 -4.1458410952e-07 -8.5159568500e-14 4.1458395762e-07 4.1458410944e-07 -2.8810994309e-13 8.5179568970e-14 -4.1458395773e-07 5.1223182644e-14
d  1.4892147531e-02 1.5754982817e+00 -2.0000000000e-01 1.2341418372e-01 3.0000000000e+02 -4.1138076107e-07 -8.5112677444e-14 4.1138061239e-07 4.1138076100e-07 -2.8481530108e-13 8.5132677910e-14 -4.1138061251e-07 5.1182812657e-14
d  1.4895054651e-02 1.5734632982e+00 -2.0000000000e-01 1.2226380035e-01 3.0000000000e+02 -4.0754614600e-07 -8.5064921613e-14 4.0754600116e-07 4.0754614586e-07 -2.8089090854e-13 8.5084921674e-14 -4.0754600119e-07 5.1134603984e-14
d  1.4896798923e-02 1.5722423082e+00 -2.0000000000e-01 1.2157505478e-01 3.0000000000e+02 -4.0525032516e-07 -8.5040613916e-14 4.0525018259e-07 4.0525032505e-07 -2.7855112242e-13 8.5060614285e-14 -4.0525018267e-07 5.1105750528e-14
d  1.4898892050e-02 1.5707771201e+00 -2.0000000000e-01 1.2075003978e-01 3.0000000000e+02 -4.0250027242e-07 -8.5001894492e-14 4.0250013257e-07 4.0250027232e-07 -2.7575868430e-13 8.5021894905e-14 -4.0250013266e-07 5.1070381454e-14
d  1.4901403802e-02 1.5690188944e+00 -2.0000000000e-01 1.1976216010e-01 3.0000000000e+02 -3.9920733693e-07 -8.4959839890e-14 3.9920720032e-07 3.9920733685e-07 -2.7242886286e-13 8.4979840336e-14 -3.9920720044e-07 5.1028106104e-14
d  1.4904417904e-02 1.5669090235e+00 -2.0000000000e-01 1.1857980756e-01 3.0000000000e+02 -3.9526615791e-07 -8.4904997333e-14 3.9526602518e-07 3.9526615778e-07 -2.6846505305e-13 8.4924997440e-14 -3.9526602522e-07 5.0976660806e-14
d  1.4906226365e-02 1.5656431010e+00 -2.0000000000e-01 1.1787203601e-01 3.0000000000e+02 -3.9290691712e-07 -8.4877990652e-14 3.9290678668e-07 3.9290691702e-07 -2.6610276438e-13 8.4897991026e-14 -3.9290678676e-07 5.0945738968e-14
d  1.4908396518e-02 1.5641239940e+00 -2.0000000000e-01 1.1702433874e-01 3.0000000000e+02 -3.9008125680e-07 -8.4839029792e-14 3.9008112910e-07 3.9008125671e-07 -2.6328414289e-13 8.4859030202e-14 -3.9008112919e-07 5.0908360907e-14
d  1.4911000703e-02 1.5623010656e+00 -2.0000000000e-01 1.1600945987e-01 3.0000000000e+02 -3.8669832398e-07 -8.4793523851e-14 3.8669819957e-07 3.8669832382e-07 -2.5992506109e-13 8.4813523854e-14 -3.8669819958e-07 5.0863307540e-14
d  1.4914125724e-02 1.5601135515e+00 -2.0000000000e-01 1.1479502408e-01 3.0000000000e+02 -3.8265020080e-07 -8.4743430881e-14 3.8265008026e-07 3.8265020069e-07 -2.5592715674e-13 8.4763431087e-14 -3.8265008033e-07 5.0809120492e-14
d  1.4916000736e-02 1.5588010430e+00 -2.0000000000e-01 1.1406816710e-01 3.0000000000e+02 -3.8022734188e-07 -8.4703181640e-14 3.8022722366e-07 3.8022734178e-07 -2.5354634267e-13 8.4723182014e-14 -3.8022722374e-07 5.0775643686e-14
d  1.4918250751e-02 1.5572260329e+00 -2.0000000000e-01 1.1319774198e-01 3.0000000000e+02 -3.7732592206e-07 -8.4666115775e-14 3.7732580659e-07 3.7732592196e-07 -2.5070618357e-13 8.4686116179e-14 -3.7732580668e-07 5.0735885353e-14
d  1.4920950769e-02 1.5553360207e+00 -2.0000000000e-01 1.1215583179e-01 3.0000000000e+02 -3.7385288479e-07 -8.4617207749e-14 3.7385277263e-07 3.7385288463e-07 -2.4732292057e-13 8.4637207752e-14 -3.7385277264e-07 5.0687999913e-14
d  1.4924190791e-02 1.5530680061e+00 -2.0000000000e-01 1.1090931064e-01 3.0000000000e+02 -3.6969781037e-07 -8.4563986738e-14 3.6969770210e-07 3.6969781028e-07 -2.4329801290e-13 8.4583987041e-14 -3.6969770220e-07 5.0630329290e-14
d  1.4926134804e-02 1.5517071973e+00 -2.0000000000e-01 1.1016338459e-01 3.0000000000e+02 -3.6721138789e-07 -8.4519006530e-14 3.6721128195e-07 3.6721138779e-07 -2.4090274922e-13 8.4539006900e-14 -3.6721128203e-07 5.0594687964e-14
d  1.4928467620e-02 1.5500742268e+00 -2.0000000000e-01 1.0927025472e-01 3.0000000000e+02 -3.6423428554e-07 -8.4483983398e-14 3.6423418237e-07 3.6423428545e-07 -2.3804581550e-13 8.4503983793e-14 -3.6423418246e-07 5.0552817978e-14
d  1.4931266999e-02 1.5481146622e+00 -2.0000000000e-01 1.0820137003e-01 3.0000000000e+02 -3.6067133328e-07 -8.4430700890e-14 3.6067123343e-07 3.6067133313e-07 -2.3464460643e-13 8.4450700892e-14 -3.6067123344e-07 5.0501627942e-14
d  1.4934626253e-02 1.5457631846e+00 -2.0000000000e-01 1.0692287431e-01 3.0000000000e+02 -3.5640967697e-07 -8.4373345641e-14 3.5640958103e-07 3.5640967681e-07 -2.3060098649e-13 8.4393345648e-14 -3.5640958105e-07 5.0440111929e-14
d  1.4936641806e-02 1.5443522981e+00 -2.0000000000e-01 1.0615797603e-01 3.0000000000e+02 -3.5386001370e-07 -8.4332132151e-14 3.5385992007e-07 3.5386001359e-07 -2.2819506602e-13 8.4352132516e-14 -3.5385992016e-07 5.0402387441e-14
d  1.4939060469e-02 1.5426592343e+00 -2.0000000000e-01 1.0524229109e-01 3.0000000000e+02 -3.5080772778e-07 -8.4285804163e-14 3.5080763693e-07 3.5080772768e-07 -2.2532754215e-13 8.4305804551e-14 -3.5080763702e-07 5.0357152014e-14
d  1.4941962865e-02 1.5406275577e+00 -2.0000000000e-01 1.0414664923e-01 3.0000000000e+02 -3.4715558495e-07 -8.4230846427e-14 3.4715549743e-07 3.4715558480e-07 -2.2191513646e-13 8.4250846431e-14 -3.4715549744e-07 5.0302548025e-14
d  1.4945445741e-02 1.5381895457e+00 -2.0000000000e-01 1.0283650392e-01 3.0000000000e+02 -3.4278843000e-07 -8.4168175495e-14 3.4278834640e-07 3.4278842985e-07 -2.1786098320e-13 8.4188175522e-14 -3.4278834642e-07 5.0236522890e-14
d  1.4947535466e-02 1.5367267386e+00 -2.0000000000e-01 1.0205285205e-01 3.0000000000e+02 -3.4017625478e-07 -8.4113023997e-14 3.4017617349e-07 3.4017625467e-07 -2.1545033476e-13 8.4133024355e-14 -3.4017617357e-07 5.0195629646e-14
d  1.4950043136e-02 1.5349713700e+00 -2.0000000000e-01 1.0111489781e-01 3.0000000000e+02 -3.3704973786e-07 -8.4079029740e-14 3.3704965935e-07 3.3704973777e-07 -2.1257760548e-13 8.4099030115e-14 -3.3704965944e-07 5.0148230973e-14
d  1.4953052340e-02 1.5328649277e+00 -2.0000000000e-01 9.9992872586e-02 3.0000000000e+02 -3.3330965048e-07 -8.4016412447e-14 3.3330957529e-07 3.3330965033e-07 -2.0916166810e-13 8.4036412452e-14 -3.3330957530e-07 5.0089686757e-14
d  1.4956663385e-02 1.5303371969e+00 -2.0000000000e-01 9.8651561376e-02 3.0000000000e+02 -3.2883860920e-07 -8.3949096035e-14 3.2883853792e-07 3.2883860905e-07 -2.0510587731e-13 8.3969096039e-14 -3.2883853793e-07 5.0019149083e-14
d  1.4958830012e-02 1.5288205585e+00 -2.0000000000e-01 9.7849478378e-02 3.0000000000e+02 -3.2616499689e-07 -8.3904476467e-14 3.2616492791e-07 3.2616499678e-07 -2.0269543179e-13 8.3924476815e-14 -3.2616492799e-07 4.9976103670e-14
d  1.4961429964e-02 1.5270005923e+00 -2.0000000000e-01 9.6889672346e-02 3.0000000000e+02 -3.2296564068e-07 -8.3848117485e-14 3.2296557447e-07 3.2296564058e-07 -1.9982543291e-13 8.3868117851e-14 -3.2296557455e-07 4.9924192641e-14
d  1.4964549907e-02 1.5248166329e+00 -2.0000000000e-01 9.5741811578e-02 3.0000000000e+02 -3.1913943483e-07 -8.3785763453e-14 3.1913937193e-07 3.1913943468e-07 -1.9641397536e-13 8.3805763457e-14 -3.1913937194e-07 4.9861768278e-14
d  1.4968293839e-02 1.5221958817e+00 -2.0000000000e-01 9.4370050913e-02 3.0000000000e+02 -3.1456689539e-07 -8.3713527422e-14 3.1456683637e-07 3.1456689524e-07 -1.9236657912e-13 8.3733527444e-14 -3.1456683639e-07 4.9786379327e-14
d  1.4970540197e-02 1.5206234309e+00 -2.0000000000e-01 9.3549991484e-02 3.0000000000e+02 -3.1183336164e-07 -8.3665293654e-14 3.1183330493e-07 3.1183336154e-07 -1.8996274906e-13 8.3685293993e-14 -3.1183330501e-07 4.9740294947e-14
d  1.4973235828e-02 1.5187364900e+00 -2.0000000000e-01 9.2568917302e-02 3.0000000000e+02 -3.0856311162e-07 -8.3605041658e-14 3.0856305765e-07 3.0856311152e-07 -1.8710233737e-13 8.3625042009e-14 -3.0856305774e-07 4.9684494854e-14
d  1.4976470585e-02 1.5164721610e+00 -2.0000000000e-01 9.1395968576e-02 3.0000000000e+02 -3.0465327927e-07 -8.3537707093e-14 3.0465322859e-07 3.0465327912e-07 -1.8370446202e-13 8.3557707099e-14 -3.0465322860e-07 4.9617579343e-14
d  1.4980352293e-02 1.5137549661e+00 -2.0000000000e-01 8.9994761417e-02 3.0000000000e+02 -2.9998258488e-07 -8.3457470989e-14 2.9998253805e-07 2.9998258474e-07 -1.7967686584e-13 8.3477471052e-14 -2.9998253808e-07 4.9536098229e-14
d  1.4982681318e-02 1.5121246491e+00 -2.0000000000e-01 8.9157391081e-02 3.0000000000e+02 -2.9719134814e-07 -8.3402663483e-14 2.9719130358e-07 2.9719134804e-07 -1.7728671174e-13 8.3422663809e-14 -2.9719130366e-07 4.9486075921e-14
d  1.4985476148e-02 1.5101682688e+00 -2.0000000000e-01 8.8155889139e-02 3.0000000000e+02 -2.9385300561e-07 -8.3339490602e-14 2.9385296377e-07 2.9385300551e-07 -1.7444396432e-13 8.3359490939e-14 -2.9385296386e-07 4.9426208045e-14
d  1.4988829943e-02 1.5078206124e+00 -2.0000000000e-01 8.6958932149e-02 3.0000000000e+02 -2.8986314575e-07 -8.3265155957e-14 2.8986310716e-07 2.8986314560e-07 -1.7106980983e-13 8.3285155965e-14 -2.8986310717e-07 4.9353991760e-14
d  1.4992854498e-02 1.5050034247e+00 -2.0000000000e-01 8.5529632185e-02 3.0000000000e+02 -2.8509880872e-07 -8.3178197175e-14 2.8509877393e-07 2.8509880860e-07 -1.6707364767e-13 8.3198197322e-14 -2.8509877399e-07 4.9266507357e-14
d  1.4995269231e-02 1.5033131121e+00 -2.0000000000e-01 8.4675778213e-02 3.0000000000e+02 -2.8225262655e-07 -8.3117288469e-14 2.8225259402e-07 2.8225262645e-07 -1.6470414910e-13 8.3137288781e-14 -2.8225259410e-07 4.9212837931e-14
d  1.4998166911e-02 1.5012847370e+00 -2.0000000000e-01 8.3654882050e-02 3.0000000000e+02 -2.7884963666e-07 -8.3051888117e-14 2.7884960681e-07 2.7884963656e-07 -1.6188784366e-13 8.3071888438e-14 -2.7884960689e-07 4.9148446035e-14
d  1.5000000000e-02 1.5000015750e+00 -2.0000000000e-01 8.3011172796e-02 3.0000000000e+02 -2.7670393746e-07 -8.3005968392e-14 2.7670390931e-07 2.7670393733e-07 -1.6012210800e-13 8.3025968564e-14 -2.7670390935e-07 4.9107114355e-14
d  1.5002199707e-02 1.4984617806e+00 -2.0000000000e-01 8.2240901953e-02 3.0000000000e+02 -2.7413636598e-07 -8.2959101383e-14 2.7413633983e-07 2.7413636586e-07 -1.5801844423e-13 8.2979101611e-14 -2.7413633988e-07 4.9057777223e-14
d  1.5004839355e-02 1.4966140274e+00 -2.0000000000e-01 8.1319749452e-02 3.0000000000e+02 -2.7106585527e-07 -8.2892701425e-14 2.7106583149e-07 2.7106585516e-07 -1.5551713671e-13 8.2912701709e-14 -2.7106583155e-07 4.8997315875e-14
d  1.5008006933e-02 1.4943967235e+00 -2.0000000000e-01 8.0218955852e-02 3.0000000000e+02 -2.6739654045e-07 -8.2815232494e-14 2.6739651948e-07 2.6739654035e-07 -1.5254769234e-13 8.2835232794e-14 -2.6739651956e-07 4.8924731770e-14
d  1.5011808027e-02 1.4917359588e+00 -2.0000000000e-01 7.8904679507e-02 3.0000000000e+02 -2.6301561597e-07 -8.2719429723e-14 2.6301559835e-07 2.6301561583e-07 -1.4903179643e-13 8.2739429807e-14 -2.6301559838e-07 4.8836435261e-14
d  1.5014088683e-02 1.4901394999e+00 -2.0000000000e-01 7.8119643174e-02 3.0000000000e+02 -2.6039882622e-07 -8.2664772814e-14 2.6039881057e-07 2.6039882610e-07 -1.4694659895e-13 8.2684773071e-14 -2.6039881062e-07 4.8782951025e-14
d  1.5016825470e-02 1.4882237494e+00 -2.0000000000e-01 7.7181126369e-02 3.0000000000e+02 -2.5727043452e-07 -8.2594764708e-14 2.5727042121e-07 2.5727043441e-07 -1.4446853539e-13 8.2614764982e-14 -2.5727042128e-07 4.8718191069e-14
d  1.5020109615e-02 1.4859248487e+00 -2.0000000000e-01 7.6060030123e-02 3.0000000000e+02 -2.5353344426e-07 -8.2510215477e-14 2.5353343372e-07 2.5353344415e-07 -1.4152938090e-13 8.2530215762e-14 -2.5353343380e-07 4.8639802174e-14
d  1.5024050588e-02 1.4831661678e+00 -2.0000000000e-01 7.4722178800e-02 3.0000000000e+02 -2.4907393657e-07 -8.2404316724e-14 2.4907392932e-07 2.4907393644e-07 -1.3805288511e-13 8.2424316839e-14 -2.4907392936e-07 4.8544341853e-14
d  1.5026415173e-02 1.4815109593e+00 -2.0000000000e-01 7.3923413528e-02 3.0000000000e+02 -2.4641138372e-07 -8.2343196557e-14 2.4641137841e-07 2.4641138360e-07 -1.3599291864e-13 8.2363196804e-14 -2.4641137846e-07 4.8486528626e-14
d  1.5029252674e-02 1.4795247091e+00 -2.0000000000e-01 7.2968848617e-02 3.0000000000e+02 -2.4322949839e-07 -8.2266419659e-14 2.4322949537e-07 2.4322949827e-07 -1.3354676117e-13 8.2286419922e-14 -2.4322949543e-07 4.8416346983e-14
d  1.5032657675e-02 1.4771412089e+00 -2.0000000000e-01 7.1829107350e-02 3.0000000000e+02 -2.3943035811e-07 -8.2172899977e-14 2.3943035781e-07 2.3943035800e-07 -1.3064802353e-13 8.2192900247e-14 -2.3943035788e-07 4.8331572516e-14
d  1.5036743677e-02 1.4742810086e+00 -2.0000000000e-01 7.0469766384e-02 3.0000000000e+02 -2.3489921835e-07 -8.2056764863e-14 2.3489922127e-07 2.3489921822e-07 -1.2722305618e-13 8.2076764988e-14 -2.3489922131e-07 4.8228471144e-14
d  1.5039195278e-02 1.4725648884e+00 -2.0000000000e-01 6.9658591571e-02 3.0000000000e+02 -2.3219530041e-07 -8.1987432129e-14 2.3219530522e-07 2.3219530029e-07 -1.2519597298e-13 8.2007432365e-14 -2.3219530527e-07 4.8165475618e-14
d  1.5042137199e-02 1.4705055442e+00 -2.0000000000e-01 6.8689607665e-02 3.0000000000e+02 -2.2896535181e-07 -8.1903639818e-14 2.2896535887e-07 2.2896535170e-07 -1.2279050094e-13 8.1923640068e-14 -2.2896535892e-07 4.8089690348e-14
d  1.5045667504e-02 1.4680343312e+00 -2.0000000000e-01 6.7533255679e-02 3.0000000000e+02 -2.2511084254e-07 -8.1800068305e-14 2.2511085224e-07 2.2511084243e-07 -1.1994302413e-13 8.1820068561e-14 -2.2511085231e-07 4.7997836051e-14
d  1.5049903871e-02 1.4650688755e+00 -2.0000000000e-01 6.6155013201e-02 3.0000000000e+02 -2.2051669783e-07 -8.1670621789e-14 2.2051671066e-07 2.2051669770e-07 -1.1658302877e-13 8.1690621910e-14 -2.2051671070e-07 4.7885739907e-14
d  1.5052445690e-02 1.4632896021e+00 -2.0000000000e-01 6.5333021081e-02 3.0000000000e+02 -2.1777672225e-07 -8.1595514332e-14 2.1777673692e-07 2.1777672213e-07 -1.1459623590e-13 8.1615514555e-14 -2.1777673697e-07 4.7817985527e-14
d  1.5055495874e-02 1.4611544741e+00 -2.0000000000e-01 6.4351605385e-02 3.0000000000e+02 -2.1450533442e-07 -8.1501436179e-14 2.1450535127e-07 2.1450533430e-07 -1.1224128581e-13 8.1521436414e-14 -2.1450535132e-07 4.7735433532e-14
d  1.5059156095e-02 1.4585923204e+00 -2.0000000000e-01 6.3181144307e-02 3.0000000000e+02 -2.1060379492e-07 -8.1385393354e-14 2.1060381434e-07 2.1060379481e-07 -1.0945682192e-13 8.1405393596e-14 -2.1060381440e-07 4.7635373839e-14
d  1.5063548360e-02 1.4555177360e+00 -2.0000000000e-01 6.1787310391e-02 3.0000000000e+02 -2.0595767887e-07 -8.1231300920e-14 2.0595770129e-07 2.0595767874e-07 -1.0617754990e-13 8.1251301027e-14 -2.0595770133e-07 4.7510431200e-14
d  1.5066183718e-02 1.4536729853e+00 -2.0000000000e-01 6.0956861647e-02 3.0000000000e+02 -2.0318951464e-07 -8.1125229700e-14 2.0318953881e-07 2.0318951452e-07 -1.0424381862e-13 8.1145229900e-14 -2.0318953885e-07 4.7430150095e-14
d  1.5069346149e-02 1.4514592845e+00 -2.0000000000e-01 5.9965929816e-02 3.0000000000e+02 -1.9988640643e-07 -8.1026095737e-14 1.9988643270e-07 1.9988640631e-07 -1.0194925801e-13 8.1046095948e-14 -1.9988643275e-07 4.7342178399e-14
d  1.5073141066e-02 1.4488028436e+00 -2.0000000000e-01 5.8784972892e-02 3.0000000000e+02 -1.9594988088e-07 -8.0895761416e-14 1.9594990962e-07 1.9594988077e-07 -9.9240979837e-14 8.0915761635e-14 -1.9594990968e-07 4.7233040518e-14
d  1.5077694966e-02 1.4456151144e+00 -2.0000000000e-01 5.7379731269e-02 3.0000000000e+02 -1.9126573924e-07 -8.0734467465e-14 1.9126577089e-07 1.9126573912e-07 -9.6054745957e-14 8.0754467560e-14 -1.9126577092e-07 4.7100052404e-14
d  1.5080427306e-02 1.4437024770e+00 -2.0000000000e-01 5.6542903387e-02 3.0000000000e+02 -1.8847631127e-07 -8.0637366566e-14 1.8847634461e-07 1.8847631115e-07 -9.4176156489e-14 8.0657366749e-14 -1.8847634465e-07 4.7018842880e-14
d  1.5083706114e-02 1.4414073120e+00 -2.0000000000e-01 5.5545035753e-02 3.0000000000e+02 -1.8515008382e-07 -8.0518901531e-14 1.8515011916e-07 1.8515008370e-07 -9.1954093158e-14 8.0538901727e-14 -1.8515011921e-07 4.6920781551e-14
d  1.5087640683e-02 1.4386531140e+00 -2.0000000000e-01 5.4356823566e-02 3.0000000000e+02 -1.8118937417e-07 -8.0371696646e-14 1.8118941187e-07 1.8118937406e-07 -8.9334320114e-14 8.0391696857e-14 -1.8118941192e-07 4.6801289979e-14
d  1.5092362167e-02 1.4353480764e+00 -2.0000000000e-01 5.2944431250e-02 3.0000000000e+02 -1.7648139704e-07 -8.0190722026e-14 1.7648143749e-07 1.7648139690e-07 -8.6257682199e-14 8.0210722083e-14 -1.7648143752e-07 4.6655899582e-14
d  1.5095195057e-02 1.4333650539e+00 -2.0000000000e-01 5.2104144493e-02 3.0000000000e+02 -1.7368043957e-07 -8.0081270041e-14 1.7368048163e-07 1.7368043944e-07 -8.4446728530e-14 8.0101270206e-14 -1.7368048167e-07 4.6566955448e-14
d  1.5098594525e-02 1.4309854269e+00 -2.0000000000e-01 5.1102961390e-02 3.0000000000e+02 -1.7034316066e-07 -7.9946463490e-14 1.7034320462e-07 1.7034316054e-07 -8.2307608751e-14 7.9966463670e-14 -1.7034320466e-07 4.6459496006e-14
d  1.5102673887e-02 1.4281298744e+00 -2.0000000000e-01 4.9911985740e-02 3.0000000000e+02 -1.6637323961e-07 -7.9781076107e-14 1.6637328578e-07 1.6637323949e-07 -7.9789750273e-14 7.9801076313e-14 -1.6637328583e-07 4.6328740447e-14
d  1.5107569121e-02 1.4247032115e+00 -2.0000000000e-01 4.8498037418e-02 3.0000000000e+02 -1.6166007594e-07 -7.9578660742e-14 1.6166012472e-07 1.6166007580e-07 -7.6838725544e-14 7.9598660774e-14 -1.6166012474e-07 4.6169836939e-14
d  1.5110506262e-02 1.4226472137e+00 -2.0000000000e-01 4.7657749285e-02 3.0000000000e+02 -1.5885911399e-07 -7.9456175031e-14 1.5885916427e-07 1.5885911386e-07 -7.5104913734e-14 7.9476175178e-14 -1.5885916430e-07 4.6072640877e-14
d  1.5114030830e-02 1.4201800164e+00 -2.0000000000e-01 4.6657509715e-02 3.0000000000e+02 -1.5552498031e-07 -7.9303739716e-14 1.5552503237e-07 1.5552498019e-07 -7.3060224167e-14 7.9323739878e-14 -1.5552503240e-07 4.5954876646e-14
d  1.5118260313e-02 1.4172193796e+00 -2.0000000000e-01 4.5469037663e-02 3.0000000000e+02 -1.5156340473e-07 -7.9118625153e-14 1.5156345885e-07 1.5156340461e-07 -7.0657931038e-14 7.9138625363e-14 -1.5156345891e-07 4.5811874916e-14
d  1.5123335691e-02 1.4136666154e+00 -2.0000000000e-01 4.4060133878e-02 3.0000000000e+02 -1.4686705637e-07 -7.8889864171e-14 1.4686711292e-07 1.4686705623e-07 -6.7849277614e-14 7.8909864190e-14 -1.4686711293e-07 4.5637382037e-14
d  1.5129426146e-02 1.4094032985e+00 -2.0000000000e-01 4.2394762132e-02 3.0000000000e+02 -1.4131581445e-07 -7.8609618620e-14 1.4131587377e-07 1.4131581431e-07 -6.4584073398e-14 7.8629618634e-14 -1.4131587378e-07 4.5423792941e-14
d  1.5133080419e-02 1.4068453083e+00 -2.0000000000e-01 4.1409009201e-02 3.0000000000e+02 -1.3802996975e-07 -7.8434548558e-14 1.3803003065e-07 1.3802996963e-07 -6.2680014082e-14 7.8454548728e-14 -1.3803003069e-07 4.5292575690e-14
d  1.5137465546e-02 1.4037757201e+00 -2.0000000000e-01 4.0239666432e-02 3.0000000000e+02 -1.3413215866e-07 -7.8219283701e-14 1.3413222142e-07 1.3413215855e-07 -6.0448577862e-14 7.8239283936e-14 -1.3413222147e-07 4.5133280322e-14
d  1.5142727699e-02 1.4000922142e+00 -2.0000000000e-01 3.8856246564e-02 3.0000000000e+02 -1.2952075695e-07 -7.7958658815e-14 1.2952082188e-07 1.2952075681e-07 -5.7847100476e-14 7.7978658823e-14 -1.2952082189e-07 4.4939813364e-14
d  1.5149042282e-02 1.3956720072e+00 -2.0000000000e-01 3.7225153944e-02 3.0000000000e+02 -1.2408377910e-07 -7.7637175764e-14 1.2408384648e-07 1.2408377896e-07 -5.4834354823e-14 7.7657175766e-14 -1.2408384649e-07 4.4702870843e-14
d  1.5156619782e-02 1.3903677587e+00 -2.0000000000e-01 3.5310472003e-02 3.0000000000e+02 -1.1770150319e-07 -7.7237140837e-14 1.1770157331e-07 1.1770150308e-07 -5.1373077485e-14 7.7257140993e-14 -1.1770157338e-07 4.4412014257e-14
d  1.5165712782e-02 1.3840026606e+00 -2.0000000000e-01 3.3075714360e-02 3.0000000000e+02 -1.1025230797e-07 -7.6735137021e-14 1.1025238118e-07 1.1025230785e-07 -4.7440521275e-14 7.6755137113e-14 -1.1025238122e-07 4.4053398217e-14
d  1.5176624382e-02 1.3763645428e+00 -2.0000000000e-01 3.0487093607e-02 3.0000000000e+02 -1.0162356878e-07 -7.6112343122e-14 1.0162364536e-07 1.0162356865e-07 -4.3028903060e-14 7.6132343128e-14 -1.0162364536e-07 4.3609792462e-14
d  1.5189718302e-02 1.3671988015e+00 -2.0000000000e-01 2.7519073180e-02 3.0000000000e+02 -9.1730163837e-08 -7.5324483949e-14 9.1730243932e-08 9.1730163703e-08 -3.8166071530e-14 7.5344483959e-14 -9.1730243940e-08 4.3058530836e-14
d  1.5197574654e-02 1.3616993567e+00 -2.0000000000e-01 2.5812729633e-02 3.0000000000e+02 -8.6042350149e-08 -7.4832310786e-14 8.6042430004e-08 8.6042351700e-08 -3.5468486519e-14 7.4852320461e-14 -8.6042433799e-08 4.2714846888e-14
d  1.5207002276e-02 1.3551000230e+00 -2.0000000000e-01 2.3840707097e-02 3.0000000000e+02 -7.9468939687e-08 -7.4228800977e-14 7.9469021677e-08 7.9468941028e-08 -3.2438825694e-14 7.4248809452e-14 -7.9469025134e-08 4.2296725499e-14
d  1.5218315423e-02 1.3471808225e+00 -2.0000000000e-01 2.1585406431e-02 3.0000000000e+02 -7.1951268711e-08 -7.3485085241e-14 7.1951356335e-08 7.1951267508e-08 -2.9093686050e-14 7.3505079698e-14 -7.1951353704e-08 4.1784806622e-14
d  1.5225103311e-02 1.3424293022e+00 -2.0000000000e-01 2.0291421188e-02 3.0000000000e+02 -6.7637983475e-08 -7.3033301167e-14 6.7638067584e-08 6.7637985306e-08 -2.7234355091e-14 7.3053317203e-14 -6.7638072594e-08 4.1470710650e-14
d  1.5233248776e-02 1.3367274778e+00 -2.0000000000e-01 1.8798061042e-02 3.0000000000e+02 -6.2660115158e-08 -7.2482186598e-14 6.2660200018e-08 6.2660117109e-08 -2.5142280294e-14 7.2502203577e-14 -6.2660205561e-08 4.1091188623e-14
d  1.5243023335e-02 1.3298852886e+00 -2.0000000000e-01 1.7092492868e-02 3.0000000000e+02 -5.6974886714e-08 -7.1819737816e-14 5.6974976649e-08 5.6974886346e-08 -2.2825570993e-14 7.1839736094e-14 -5.6974975992e-08 4.0631735516e-14
d  1.5248888070e-02 1.3257799751e+00 -2.0000000000e-01 1.6114777673e-02 3.0000000000e+02 -5.3715835445e-08 -7.1423672581e-14 5.3715921595e-08 5.3715837403e-08 -2.1533554059e-14 7.1443696585e-14 -5.3715927668e-08 4.0353517773e-14
d  1.5255925753e-02 1.3208535988e+00 -2.0000000000e-01 1.4986880281e-02 3.0000000000e+02 -4.9956176819e-08 -7.0952915180e-14 4.9956262264e-08 4.9956179315e-08 -2.0075377709e-14 7.0972945178e-14 -4.9956270232e-08 4.0019886818e-14
d  1.5264370972e-02 1.3149419474e+00 -2.0000000000e-01 1.3698828243e-02 3.0000000000e+02 -4.5662669365e-08 -7.0391993718e-14 4.5662760799e-08 4.5662669239e-08 -1.8453895903e-14 7.0411993771e-14 -4.5662760817e-08 3.9619369523e-14
d  1.5274505234e-02 1.3078479656e+00 -2.0000000000e-01 1.2247278296e-02 3.0000000000e+02 -4.0824168908e-08 -6.9733869423e-14 4.0824260981e-08 4.0824168779e-08 -1.6683933463e-14 6.9753869444e-14 -4.0824260990e-08 3.9140283721e-14
d  1.5286666349e-02 1.2993351874e+00 -2.0000000000e-01 1.0639912760e-02 3.0000000000e+02 -3.5466283214e-08 -6.8986323083e-14 3.5466375857e-08 3.5466283088e-08 -1.4795369604e-14 6.9006323115e-14 -3.5466375872e-08 3.8572694033e-14
d  1.5293963018e-02 1.2942275205e+00 -2.0000000000e-01 9.7450123824e-03 3.0000000000e+02 -3.2483281669e-08 -6.8582918369e-14 3.2483374594e-08 3.2483281544e-08 -1.3775668595e-14 6.8602918433e-14 -3.2483374614e-08 3.8240734897e-14
d  1.5302719021e-02 1.2880983203e+00 -2.0000000000e-01 8.7387629989e-03 3.0000000000e+02 -2.9129116791e-08 -6.8124650930e-14 2.9129210033e-08 2.9129116651e-08 -1.2658279793e-14 6.8144650772e-14 -2.9129209986e-08 3.7848725946e-14
d  1.5313226225e-02 1.2807432799e+00 -2.0000000000e-01 7.6264830832e-03 3.0000000000e+02 -2.5421516817e-08 -6.7634867133e-14 2.5421610752e-08 2.5421516560e-08 -1.1457960114e-14 6.7654865443e-14 -2.5421610149e-08 3.7391897676e-14
d  1.5325834869e-02 1.2719172316e+00 -2.0000000000e-01 6.4242493088e-03 3.0000000000e+02 -2.1414070641e-08 -6.7163423302e-14 2.1414164365e-08 2.1414070513e-08 -1.0204158437e-14 6.7183423296e-14 -2.1414164363e-08 3.6869172070e-14
d  1.5333400055e-02 1.2666216025e+00 -2.0000000000e-01 5.7695458855e-03 3.0000000000e+02 -1.9231725684e-08 -6.6997872586e-14 1.9231819841e-08 1.9231725509e-08 -9.5348068224e-15 6.7017871633e-14 -1.9231819571e-08 3.6578866072e-14
d  1.5342478279e-02 1.2602668477e+00 -2.0000000000e-01 5.0469138787e-03 3.0000000000e+02 -1.6822952070e-08 -6.6867152806e-14 1.6823049333e-08 1.6822951358e-08 -8.8119754535e-15 6.6887140685e-14 -1.6823045677e-08 3.6243938926e-14
d  1.5347925213e-02 1.2564539948e+00 -2.0000000000e-01 4.6450560998e-03 3.0000000000e+02 -1.5483425928e-08 -6.6867447012e-14 1.5483520294e-08 1.5483425809e-08 -8.4141614097e-15 6.6887447235e-14 -1.5483520340e-08 3.6057122762e-14
d  1.5354461534e-02 1.2518785713e+00 -2.0000000000e-01 4.1929479831e-03 3.0000000000e+02 -1.3976398598e-08 -6.6916477815e-14 1.3976493787e-08 1.3976398390e-08 -7.9726866554e-15 6.6936475079e-14 -1.3976493194e-08 3.5840911198e-14
d  1.5362305120e-02 1.2463880631e+00 -2.0000000000e-01 3.6919728157e-03 3.0000000000e+02 -1.2306480971e-08 -6.7077809738e-14 1.2306596182e-08 1.2306477893e-08 -7.4892038107e-15 6.7097721638e-14 -1.2306573099e-08 3.5597531230e-14
d  1.5367011271e-02 1.2430937582e+00 -2.0000000000e-01 3.4122029916e-03 3.0000000000e+02 -1.1373914548e-08 -6.7277458603e-14 1.1373994146e-08 1.1373916590e-08 -7.2141761593e-15 6.7297560512e-14 -1.1374012139e-08 3.5466234034e-14
d  1.5372658652e-02 1.2391405923e+00 -2.0000000000e-01 3.0961651695e-03 3.0000000000e+02 -1.0320454708e-08 -6.7565945892e-14 1.0320566106e-08 1.0320452618e-08 -6.9168594857e-15 6.7585853815e-14 -1.0320548599e-08 3.5314913691e-14
d  1.5379435510e-02 1.2343967933e+00 -2.0000000000e-01 2.7439927270e-03 3.0000000000e+02 -9.1465459138e-09 -6.8035147746e-14 9.1466688600e-09 9.1465427471e-09 -6.5765561437e-15 6.8055020614e-14 -9.1466393801e-09 3.5148759407e-14
d  1.5383501625e-02 1.2315505138e+00 -2.0000000000e-01 2.5462207780e-03 3.0000000000e+02 -8.4873055899e-09 -6.8444617920e-14 8.4873930868e-09 8.4873064898e-09 -6.3904974926e-15 6.8464685237e-14 -8.4874036170e-09 3.5062965628e-14
d  1.5388380962e-02 1.2281349785e+00 -2.0000000000e-01 2.3216665254e-03 3.0000000000e+02 -7.7387907476e-09 -6.8982186448e-14 7.7389136492e-09 7.7387880977e-09 -6.1776186724e-15 6.9002022715e-14 -7.7388858909e-09 3.4964902112e-14
d  1.5394236167e-02 1.2240363361e+00 -2.0000000000e-01 2.0697440395e-03 3.0000000000e+02 -6.8990481743e-09 -6.9800608422e-14 6.8991591150e-09 6.8990469191e-09 -5.9365092296e-15 6.9820544008e-14 -6.8991456654e-09 3.4863488511e-14
d  1.5397749290e-02 1.2215771507e+00 -2.0000000000e-01 1.9273532035e-03 3.0000000000e+02 -6.4244113346e-09 -7.0431180058e-14 6.4245162186e-09 6.4244107362e-09 -5.7985394267e-15 7.0451137250e-14 -6.4245102021e-09 3.4814854260e-14
d  1.5401965038e-02 1.2186261282e+00 -2.0000000000e-01 1.7647388218e-03 3.0000000000e+02 -5.8823624342e-09 -7.1284231988e-14 5.8825065482e-09 5.8823587856e-09 -5.6413718623e-15 7.1303923371e-14 -5.8824592119e-09 3.4763858789e-14
d  1.5404494487e-02 1.2168555146e+00 -2.0000000000e-01 1.6713310547e-03 3.0000000000e+02 -5.5710025307e-09 -7.1903703454e-14 5.5710966477e-09 5.5710029286e-09 -5.5496741951e-15 7.1923775944e-14 -5.5711040356e-09 3.4742009607e-14
d  1.5407529825e-02 1.2147307784e+00 -2.0000000000e-01 1.5632008096e-03 3.0000000000e+02 -5.2105674977e-09 -7.2690213445e-14 5.2106300299e-09 5.2105702117e-09 -5.4438838431e-15 7.2710593484e-14 -5.2106722017e-09 3.4718355575e-14
d  1.5411172231e-02 1.2121810950e+00 -2.0000000000e-01 1.4389316395e-03 3.0000000000e+02 -4.7963357321e-09 -7.3780303949e-14 4.7964452048e-09 4.7963351726e-09 -5.3216008209e-15 7.3800254392e-14 -4.7964383601e-09 3.4699844688e-14
d  1.5415543118e-02 1.2091214748e+00 -2.0000000000e-01 1.2973214973e-03 3.0000000000e+02 -4.3243002166e-09 -7.5362552766e-14 4.3244109028e-09 4.3242997172e-09 -5.1800831598e-15 7.5382516626e-14 -4.3244046127e-09 3.4696723756e-14
d  1.5418165650e-02 1.2072857027e+00 -2.0000000000e-01 1.2161022673e-03 3.0000000000e+02 -4.0535681897e-09 -7.6526127719e-14 4.0536662006e-09 4.0535685446e-09 -5.0976237217e-15 7.6546201848e-14 -4.0536747002e-09 3.4708435269e-14
d  1.5421312689e-02 1.2050827762e+00 -2.0000000000e-01 1.1221354969e-03 3.0000000000e+02 -3.7403439244e-09 -7.8097516717e-14 3.7404754984e-09 3.7403424658e-09 -5.0015465016e-15 7.8117318070e-14 -3.7404503180e-09 3.4732992965e-14
d  1.5425089136e-02 1.2024392644e+00 -2.0000000000e-01 1.0141182962e-03 3.0000000000e+02 -3.3802841861e-09 -8.0347089512e-14 3.3803992985e-09 3.3802838021e-09 -4.8890550854e-15 8.0367057323e-14 -3.3803940569e-09 3.4784875037e-14
d  1.5427355003e-02 1.2008531573e+00 -2.0000000000e-01 9.5165851385e-04 3.0000000000e+02 -3.1720831324e-09 -8.2004272179e-14 3.1721834241e-09 3.1720835745e-09 -4.8228877735e-15 8.2024389032e-14 -3.1721956087e-09 3.4833494085e-14
d  1.5430074045e-02 1.1989498288e+00 -2.0000000000e-01 8.7885000105e-04 3.0000000000e+02 -2.9293856521e-09 -8.4280834574e-14 2.9295043636e-09 2.9293853320e-09 -4.7445632816e-15 8.4300795350e-14 -2.9294998032e-09 3.4908443702e-14
d  1.5431705470e-02 1.1978078317e+00 -2.0000000000e-01 8.3622904738e-04 3.0000000000e+02 -2.7873140866e-09 -8.5904941704e-14 2.7874252209e-09 2.7873141711e-09 -4.6977513701e-15 8.5925013761e-14 -2.7874303624e-09 3.4967974575e-14
d  1.5433663180e-02 1.1964374352e+00 -2.0000000000e-01 7.8604894586e-04 3.0000000000e+02 -2.6200447761e-09 -8.8062563295e-14 2.6201524145e-09 2.6200450838e-09 -4.6419192019e-15 8.8082704960e-14 -2.6201635806e-09 3.5051102332e-14
d  1.5436012432e-02 1.1947929594e+00 -2.0000000000e-01 7.2710654027e-04 3.0000000000e+02 -2.4235668936e-09 -9.1068461371e-14 2.4237030552e-09 2.4235662091e-09 -4.5752450184e-15 9.1088314202e-14 -2.4236879023e-09 3.5173521437e-14
d  1.5437421983e-02 1.1938062739e+00 -2.0000000000e-01 6.9236401031e-04 3.0000000000e+02 -2.3077561694e-09 -9.3246571184e-14 2.3078664447e-09 2.3077565129e-09 -4.5347809756e-15 9.3266803060e-14 -2.3078804979e-09 3.5267595396e-14
d  1.5439113444e-02 1.1926222513e+00 -2.0000000000e-01 6.5120290441e-04 3.0000000000e+02 -2.1705493706e-09 -9.6148068231e-14 2.1706692247e-09 2.1705494851e-09 -4.4863374827e-15 9.6168178071e-14 -2.1706765821e-09 3.5395662630e-14
d  1.5441143198e-02 1.1912014242e+00 -2.0000000000e-01 6.0244861040e-04 3.0000000000e+02 -2.0080306678e-09 -1.0030330464e-13 2.0081540352e-09 2.0080308060e-09 -4.4268178240e-15 1.0032339791e-13 -2.0081622922e-09 3.5586469793e-14
d  1.5443578902e-02 1.1894964316e+00 -2.0000000000e-01 5.4463305724e-04 3.0000000000e+02 -1.8153056024e-09 -1.0649012005e-13 1.8154506543e-09 1.8153052622e-09 -4.3539171064e-15 1.0651005920e-13 -1.8154433028e-09 3.5879145770e-14
d  1.5445040325e-02 1.1884734361e+00 -2.0000000000e-01 5.1022371422e-04 3.0000000000e+02 -1.7006027645e-09 -1.1125776349e-13 1.7007433091e-09 1.7006027084e-09 -4.3091884628e-15 1.1127780088e-13 -1.7007457770e-09 3.6109513499e-14
d  1.5446794032e-02 1.1872458415e+00 -2.0000000000e-01 4.6899629179e-04 3.0000000000e+02 -1.5631706883e-09 -1.1817833304e-13 1.5633147653e-09 1.5631707227e-09 -4.2524097123e-15 1.1819841944e-13 -1.5633211259e-09 3.6451005826e-14
d  1.5448898480e-02 1.1857727279e+00 -2.0000000000e-01 4.1928159073e-04 3.0000000000e+02 -1.3974436973e-09 -1.2888897281e-13 1.3976101607e-09 1.3974434636e-09 -4.1799436699e-15 1.2890892374e-13 -1.3976051872e-09 3.6987461503e-14
d  1.5451423818e-02 1.1840049917e+00 -2.0000000000e-01 3.5860349105e-04 3.0000000000e+02 -1.1951640741e-09 -1.4717242119e-13 1.1953491140e-09 1.1951638646e-09 -4.0843871195e-15 1.4719239263e-13 -1.1953448789e-09 3.7914149533e-14
d  1.5452939021e-02 1.1829443499e+00 -2.0000000000e-01 3.2155733184e-04 3.0000000000e+02 -1.0716602743e-09 -1.6292118634e-13 1.0718650546e-09 1.0716600344e-09 -4.0264619790e-15 1.6294107921e-13 -1.0718576510e-09 3.8707958369e-14
d  1.5453848143e-02 1.1823079648e+00 -2.0000000000e-01 2.9907703200e-04 3.0000000000e+02 -9.9671342244e-10 -1.7482165583e-13 9.9692840679e-10 9.9671324343e-10 -3.9913531319e-15 1.7484149074e-13 -9.9692337892e-10 3.9306471000e-14
d  1.5454939089e-02 1.1815443028e+00 -2.0000000000e-01 2.7169043883e-04 3.0000000000e+02 -9.0540668958e-10 -1.9198345554e-13 9.0563708296e-10 9.0540654574e-10 -3.9437692416e-15 1.9200338500e-13 -9.0563477032e-10 4.0176263689e-14
d  1.5455593657e-02 1.1810861055e+00 -2.0000000000e-01 2.5506663200e-04 3.0000000000e+02 -8.4998121860e-10 -2.0412564039e-13 8.5022428056e-10 8.4998108136e-10 -3.9174242126e-15 2.0414552465e-13 -8.5022208734e-10 4.0786316009e-14
d  1.5456379138e-02 1.1805362689e+00 -2.0000000000e-01 2.3491586904e-04 3.0000000000e+02 -7.8279445494e-10 -2.2080819100e-13 7.8305205505e-10 7.8279434376e-10 -3.8843442883e-15 2.2082823278e-13 -7.8305290377e-10 4.1625694423e-14
d  1.5456850427e-02 1.1802063668e+00 -2.0000000000e-01 2.2274996390e-04 3.0000000000e+02 -7.4222962060e-10 -2.3202906745e-13 7.4250033134e-10 7.4222949958e-10 -3.8669756605e-15 2.3204903077e-13 -7.4249987664e-10 4.2185796901e-14
d  1.5457415973e-02 1.1798104844e+00 -2.0000000000e-01 2.0809084335e-04 3.0000000000e+02 -6.9335033235e-10 -2.4683720522e-13 6.9363554317e-10 6.9335021812e-10 -3.8457233426e-15 2.4685725078e-13 -6.9363614835e-10 4.2925532352e-14
d  1.5457755301e-02 1.1795729550e+00 -2.0000000000e-01 1.9928401194e-04 3.0000000000e+02 -6.6398414505e-10 -2.5641815118e-13 6.6428163402e-10 6.6398401866e-10 -3.8350365484e-15 2.5643796039e-13 -6.6428003104e-10 4.3400970950e-14
d  1.5458162495e-02 1.1792879196e+00 -2.0000000000e-01 1.8871800013e-04 3.0000000000e+02 -6.2875124405e-10 -2.6869316863e-13 6.2905983729e-10 6.2875112694e-10 -3.8221124694e-15 2.6871318685e-13 -6.2906000130e-10 4.4010586171e-14
d  1.5458651127e-02 1.1789458772e+00 -2.0000000000e-01 1.7606822194e-04 3.0000000000e+02 -5.8656878416e-10 -2.8439918016e-13 5.8689462065e-10 5.8656866359e-10 -3.8086101872e-15 2.8441913006e-13 -5.8689407040e-10 4.4787957445e-14
d  1.5458944306e-02 1.1787406518e+00 -2.0000000000e-01 1.6851696130e-04 3.0000000000e+02 -5.6138743010e-10 -2.9440479995e-13 5.6172369116e-10 5.6138731017e-10 -3.8028500344e-15 2.9442473066e-13 -5.6172320217e-10 4.5280140266e-14
d  1.5459296121e-02 1.1784943813e+00 -2.0000000000e-01 1.5951209861e-04 3.0000000000e+02 -5.3135810871e-10 -3.0689405144e-13 5.3170476679e-10 5.3135799982e-10 -3.7965052265e-15 3.0691434784e-13 -5.3170700486e-10 4.5894258925e-14
d  1.5459507210e-02 1.1783466189e+00 -2.0000000000e-01 1.5414874985e-04 3.0000000000e+02 -5.1347215063e-10 -3.1457517252e-13 5.1382933261e-10 5.1347203220e-10 -3.7943040145e-15 3.1459513867e-13 -5.1382916552e-10 4.6269849960e-14
d  1.5459760517e-02 1.1781693041e+00 -2.0000000000e-01 1.4776024787e-04 3.0000000000e+02 -4.9216715314e-10 -3.2418182215e-13 4.9253339100e-10 4.9216703800e-10 -3.7915881974e-15 3.2420196825e-13 -4.9253416253e-10 4.6740333789e-14
d  1.5460064485e-02 1.1779565264e+00 -2.0000000000e-01 1.4017519367e-04 3.0000000000e+02 -4.6687134517e-10 -3.3585501856e-13 4.6724955190e-10 4.6687123107e-10 -3.7899659657e-15 3.3587519020e-13 -4.6725064958e-10 4.7310045046e-14
d  1.5460246866e-02 1.1778288598e+00 -2.0000000000e-01 1.3567440046e-04 3.0000000000e+02 -4.5186118557e-10 -3.4301021058e-13 4.5224809202e-10 4.5186106751e-10 -3.7902493251e-15 3.4303018902e-13 -4.5224800122e-10 4.7657822254e-14
d  1.5460465724e-02 1.1776756598e+00 -2.0000000000e-01 1.3032995667e-04 3.0000000000e+02 -4.3403724491e-10 -3.5176659024e-13 4.3443279140e-10 4.3403712833e-10 -3.7908320499e-15 3.5178667880e-13 -4.3443319025e-10 4.8083527513e-14
d  1.5460728352e-02 1.1774918198e+00 -2.0000000000e-01 1.2400762715e-04 3.0000000000e+02 -4.1295173722e-10 -3.6230038870e-13 4.1335820379e-10 4.1295162107e-10 -3.7928271665e-15 3.6232049070e-13 -4.1335875897e-10 4.8594133430e-14
d  1.5460885929e-02 1.1773815158e+00 -2.0000000000e-01 1.2026711824e-04 3.0000000000e+02 -4.0047668530e-10 -3.6867473180e-13 4.0089351028e-10 4.0047655916e-10 -3.7951916856e-15 3.6869386457e-13 -4.0089038426e-10 4.8901680027e-14
d  1.5461075022e-02 1.1772491511e+00 -2.0000000000e-01 1.1583559065e-04 3.0000000000e+02 -3.8569688054e-10 -3.7655947916e-13 3.8611845329e-10 3.8569676329e-10 -3.7975725983e-15 3.7657952658e-13 -3.8611863606e-10 4.9283596445e-14
d  1.5461301933e-02 1.1770903133e+00 -2.0000000000e-01 1.1060649859e-04 3.0000000000e+02 -3.6825691996e-10 -3.8553882657e-13 3.6868804338e-10 3.6825680297e-10 -3.8023264454e-15 3.8555888809e-13 -3.6868832946e-10 4.9715293853e-14
d  1.5461438080e-02 1.1769950107e+00 -2.0000000000e-01 1.0751877075e-04 3.0000000000e+02 -3.5795872185e-10 -3.9108504406e-13 3.5839756997e-10 3.5795860018e-10 -3.8057191253e-15 3.9110450326e-13 -3.5839589761e-10 4.9981673549e-14
d  1.5461601456e-02 1.1768806475e+00 -2.0000000000e-01 1.0386576862e-04 3.0000000000e+02 -3.4577515933e-10 -3.9780725314e-13 3.4621914378e-10 3.4577504184e-10 -3.8096623446e-15 3.9782727892e-13 -3.4621922899e-10 5.0305180002e-14
d  1.5461797507e-02 1.1767434117e+00 -2.0000000000e-01 9.9561534198e-05 3.0000000000e+02 -3.3141951964e-10 -4.0546530648e-13 3.3187165752e-10 3.3141940224e-10 -3.8156600493e-15 4.0548533747e-13 -3.3187178100e-10 5.0671408394e-14
d  1.5461915138e-02 1.1766610702e+00 -2.0000000000e-01 9.7022446102e-05 3.0000000000e+02 -3.2295103074e-10 -4.1013616208e-13 3.2340897621e-10 3.2295091132e-10 -3.8196158823e-15 4.1015585175e-13 -3.2340815139e-10 5.0894653640e-14
d  1.5462056295e-02 1.1765622605e+00 -2.0000000000e-01 9.4020386567e-05 3.0000000000e+02 -3.1293839741e-10 -4.1573760069e-13 3.1340125105e-10 3.1293827983e-10 -3.8243561367e-15 4.1575761393e-13 -3.1340128867e-10 5.1162622873e-14
d  1.5462225683e-02 1.1764436887e+00 -2.0000000000e-01 9.0484905687e-05 3.0000000000e+02 -3.0114664763e-10 -4.2214177908e-13 3.0161630259e-10 3.0114653009e-10 -3.8308375739e-15 4.2216179365e-13 -3.0161635242e-10 5.1467426809e-14
d  1.5462327316e-02 1.1763725457e+00 -2.0000000000e-01 8.8399731218e-05 3.0000000000e+02 -2.9419204365e-10 -4.2600366558e-13 2.9466613680e-10 2.9419192530e-10 -3.8349522570e-15 4.2602350512e-13 -2.9466576975e-10 5.1651159575e-14
d  1.5462449275e-02 1.1762871741e+00 -2.0000000000e-01 8.5934313906e-05 3.0000000000e+02 -2.8596923347e-10 -4.3059775010e-13 2.8644718322e-10 2.8596911685e-10 -3.8398880635e-15 4.3061796744e-13 -2.8644771440e-10 5.1869834121e-14
d  1.5462595627e-02 1.1761847281e+00 -2.0000000000e-01 8.3030146133e-05 3.0000000000e+02 -2.7628308692e-10 -4.3582348301e-13 2.7676712796e-10 2.7628296935e-10 -3.8464511310e-15 4.3584349181e-13 -2.7676715385e-10 5.2117138394e-14
d  1.5462771248e-02 1.1760617929e+00 -2.0000000000e-01 7.9625493942e-05 3.0000000000e+02 -2.6492773150e-10 -4.4212976548e-13 2.6541868819e-10 2.6492761323e-10 -3.8544612426e-15 4.4214965931e-13 -2.6541831231e-10 5.2415877084e-14
d  1.5462876621e-02 1.1759880318e+00 -2.0000000000e-01 7.7625582550e-05 3.0000000000e+02 -2.5825755557e-10 -4.4579855139e-13 2.5875224928e-10 2.5825743744e-10 -3.8594929221e-15 4.4581842133e-13 -2.5875194109e-10 5.2589334809e-14
d  1.5463003069e-02 1.1758995185e+00 -2.0000000000e-01 7.5269003599e-05 3.0000000000e+02 -2.5039784170e-10 -4.5004130750e-13 2.5089666574e-10 2.5039772413e-10 -3.8657036132e-15 4.5006131261e-13 -2.5089667870e-10 5.2789423234e-14
d  1.5463154806e-02 1.1757933025e+00 -2.0000000000e-01 7.2504557291e-05 3.0000000000e+02 -2.4117785595e-10 -4.5494005034e-13 2.4168186011e-10 2.4117773836e-10 -3.8734435513e-15 4.5496004953e-13 -2.4168185764e-10 5.3019758149e-14
d  1.5463336891e-02 1.1756658433e+00 -2.0000000000e-01 6.9280119369e-05 3.0000000000e+02 -2.3042380482e-10 -4.6061969184e-13 2.3093439528e-10 2.3042368623e-10 -3.8830167593e-15 4.6063951027e-13 -2.3093372991e-10 5.3286238686e-14
d  1.5463446142e-02 1.1755893678e+00 -2.0000000000e-01 6.7394533921e-05 3.0000000000e+02 -2.2413511307e-10 -4.6396489931e-13 2.2464699757e-10 2.2413499768e-10 -3.8885996342e-15 4.6398549086e-13 -2.2464844958e-10 5.3443656214e-14
d  1.5463577243e-02 1.1754975972e+00 -2.0000000000e-01 6.5180965641e-05 3.0000000000e+02 -2.1675261825e-10 -4.6740697849e-13 2.1726987512e-10 2.1675250071e-10 -3.8961616602e-15 4.6742698244e-13 -2.1726988550e-10 5.3602708782e-14
d  1.5463734564e-02 1.1753874724e+00 -2.0000000000e-01 6.2596045521e-05 3.0000000000e+02 -2.0813174425e-10 -4.7197936465e-13 2.0865346953e-10 2.0813162673e-10 -3.9046112650e-15 4.7199936959e-13 -2.0865348511e-10 5.3816954139e-14
d  1.5463923349e-02 1.1752553228e+00 -2.0000000000e-01 5.9597532750e-05 3.0000000000e+02 -1.9813168228e-10 -4.7673427953e-13 1.9865894133e-10 1.9813156410e-10 -3.9152923305e-15 4.7675414778e-13 -1.9865844162e-10 5.4037155957e-14
d  1.5464036620e-02 1.1751760330e+00 -2.0000000000e-01 5.7852493959e-05 3.0000000000e+02 -1.9231206564e-10 -4.7948958133e-13 1.9284088051e-10 1.9231194911e-10 -3.9214880921e-15 4.7950988319e-13 -1.9284164804e-10 5.4165112542e-14
d  1.5464172546e-02 1.1750808852e+00 -2.0000000000e-01 5.5812067492e-05 3.0000000000e+02 -1.8550745525e-10 -4.8234367717e-13 1.8604037907e-10 1.8550733755e-10 -3.9294452509e-15 4.8236362033e-13 -1.8604022469e-10 5.4295354272e-14
d  1.5464335656e-02 1.1749667079e+00 -2.0000000000e-01 5.3440737116e-05 3.0000000000e+02 -1.7759949200e-10 -4.8593337725e-13 1.7813578092e-10 1.7759937451e-10 -3.9385602479e-15 4.8595338016e-13 -1.7813579041e-10 5.4460904069e-14
d  1.5464531389e-02 1.1748296951e+00 -2.0000000000e-01 5.0705766999e-05 3.0000000000e+02 -1.6847911278e-10 -4.8952618127e-13 1.6901930099e-10 1.6847899521e-10 -3.9497281736e-15 4.8954616146e-13 -1.6901922321e-10 5.4623965603e-14
d  1.5464648828e-02 1.1747474874e+00 -2.0000000000e-01 4.9122050312e-05 3.0000000000e+02 -1.6319799667e-10 -4.9151847331e-13 1.6374067270e-10 1.6319787864e-10 -3.9562871642e-15 4.9153828126e-13 -1.6374016683e-10 5.4714161926e-14
d  1.5464789756e-02 1.1746488382e+00 -2.0000000000e-01 4.7277827183e-05 3.0000000000e+02 -1.5704834254e-10 -4.9372981914e-13 1.5759204085e-10 1.5704822584e-10 -3.9639912970e-15 4.9375007423e-13 -1.5759275848e-10 5.4813915397e-14
d  1.5464958869e-02 1.1745304591e+00 -2.0000000000e-01 4.5144970140e-05 3.0000000000e+02 -1.4993645358e-10 -4.9580099558e-13 1.5048233643e-10 1.4993633703e-10 -3.9734884707e-15 4.9582126138e-13 -1.5048323516e-10 5.4904343903e-14
d  1.5465161804e-02 1.1743884043e+00 -2.0000000000e-01 4.2699277606e-05 3.0000000000e+02 -1.4178178955e-10 -4.9810873647e-13 1.4233101361e-10 1.4178167203e-10 -3.9845559546e-15 4.9812871472e-13 -1.4233092524e-10 5.5004885357e-14
d  1.5465405327e-02 1.1742179384e+00 -2.0000000000e-01 3.9924563989e-05 3.0000000000e+02 -1.3253060128e-10 -5.0031574980e-13 1.3308186488e-10 1.3253048387e-10 -3.9973481486e-15 5.0033575289e-13 -1.3308187998e-10 5.5098775010e-14
d  1.5465551441e-02 1.1741156589e+00 -2.0000000000e-01 3.8341126099e-05 3.0000000000e+02 -1.2725153860e-10 -5.0118006255e-13 1.2780317884e-10 1.2725142169e-10 -4.0046356429e-15 5.0120023814e-13 -1.2780375446e-10 5.5133074655e-14
d  1.5465726777e-02 1.1739929235e+00 -2.0000000000e-01 3.6519553508e-05 3.0000000000e+02 -1.2117885232e-10 -5.0182488191e-13 1.2173131741e-10 1.2117873535e-10 -4.0133792056e-15 5.0184503282e-13 -1.2173184572e-10 5.5154742727e-14
d  1.5465937181e-02 1.1738456410e+00 -2.0000000000e-01 3.4443820122e-05 3.0000000000e+02 -1.1425929917e-10 -5.0231828879e-13 1.1481275694e-10 1.1425918177e-10 -4.0234953875e-15 5.0233828326e-13 -1.1481273372e-10 5.5167566115e-14
d  1.5466189665e-02 1.1736689021e+00 -2.0000000000e-01 3.2105858825e-05 3.0000000000e+02 -1.0646624332e-10 -5.0229167333e-13 1.0701958038e-10 1.0646612592e-10 -4.0349943483e-15 5.0231166324e-13 -1.0701952937e-10 5.5153371791e-14
d  1.5466341155e-02 1.1735628587e+00 -2.0000000000e-01 3.0779830304e-05 3.0000000000e+02 -1.0204657758e-10 -5.0188023543e-13 1.0259910396e-10 1.0204646046e-10 -4.0413390557e-15 5.0190033285e-13 -1.0259943475e-10 5.5126136154e-14
d  1.5466522944e-02 1.1734356066e+00 -2.0000000000e-01 2.9261747018e-05 3.0000000000e+02 -9.6987140313e-11 -5.0099228500e-13 9.7538820608e-11 9.6987023194e-11 -4.0488692821e-15 5.0101237781e-13 -9.7539157112e-11 5.5073903381e-14
d  1.5466741091e-02 1.1732829041e+00 -2.0000000000e-01 2.7541458555e-05 3.0000000000e+02 -9.1254306445e-11 -4.9965259201e-13 9.1804860630e-11 9.1254189117e-11 -4.0574474917e-15 4.9967259229e-13 -9.1804861855e-11 5.4998336644e-14
d  1.5467002866e-02 1.1730996612e+00 -2.0000000000e-01 2.5616074448e-05 3.0000000000e+02 -8.4838721471e-11 -4.9749584635e-13 8.5386835748e-11 8.4838604207e-11 -4.0669854296e-15 4.9751586148e-13 -8.5386914901e-11 5.4881479455e-14
d  1.5467159932e-02 1.1729897154e+00 -2.0000000000e-01 2.4529805820e-05 3.0000000000e+02 -8.1219541577e-11 -4.9583205237e-13 8.1765875340e-11 8.1219424361e-11 -4.0721165914e-15 4.9585209336e-13 -8.1766019553e-11 5.4793796743e-14
d  1.5467348410e-02 1.1728577804e+00 -2.0000000000e-01 2.3291282495e-05 3.0000000000e+02 -7.7093466571e-11 -4.9359276301e-13 7.7637430235e-11 7.7093349381e-11 -4.0780948608e-15 4.9361281047e-13 -7.7637608496e-11 5.4676689964e-14
d  1.5467574585e-02 1.1726994585e+00 -2.0000000000e-01 2.1894261944e-05 3.0000000000e+02 -7.2439907707e-11 -4.9058219453e-13 7.2980685476e-11 7.2439790532e-11 -4.0848050383e-15 4.9060223617e-13 -7.2980873313e-11 5.4520649791e-14
d  1.5467845994e-02 1.1725094722e+00 -2.0000000000e-01 2.0338713355e-05 3.0000000000e+02 -6.7259047905e-11 -4.8650422064e-13 6.7795714700e-11 6.7258930652e-11 -4.0921182852e-15 4.8652421999e-13 -6.7795711184e-11 5.4311128648e-14
d  1.5468171685e-02 1.1722814886e+00 -2.0000000000e-01 1.8633372203e-05 3.0000000000e+02 -6.1580367152e-11 -4.8105118655e-13 6.2110964269e-11 6.1580250040e-11 -4.0998218560e-15 4.8107122908e-13 -6.2111240865e-11 5.4033108778e-14
d  1.5468367099e-02 1.1721446985e+00 -2.0000000000e-01 1.7688282315e-05 3.0000000000e+02 -5.8433832663e-11 -4.7737795345e-13 5.8960837940e-11 5.8433715492e-11 -4.1036664602e-15 4.7739797702e-13 -5.8960941133e-11 5.3847106006e-14
d  1.5468601597e-02 1.1719805503e+00 -2.0000000000e-01 1.6626056625e-05 3.0000000000e+02 -5.4897851776e-11 -4.7290327594e-13 5.5420091563e-11 5.4897734616e-11 -4.1079936089e-15 4.7292329675e-13 -5.5420188826e-11 5.3620894686e-14
d  1.5468882994e-02 1.1717835725e+00 -2.0000000000e-01 1.5447866198e-05 3.0000000000e+02 -5.0976589634e-11 -4.6714942606e-13 5.1492758109e-11 5.0976472501e-11 -4.1126142997e-15 4.6716944911e-13 -5.1492887415e-11 5.3330742330e-14
d  1.5469220670e-02 1.1715471991e+00 -2.0000000000e-01 1.4161402326e-05 3.0000000000e+02 -4.6696004572e-11 -4.5988529483e-13 4.7204529776e-11 4.6695887465e-11 -4.1172467713e-15 4.5990531632e-13 -4.7204674503e-11 5.2965425952e-14
d  1.5469625882e-02 1.1712635511e+00 -2.0000000000e-01 1.2782519002e-05 3.0000000000e+02 -4.2109309435e-11 -4.5076669936e-13 4.2608251743e-11 4.2109192350e-11 -4.1215974130e-15 4.5078671730e-13 -4.2608396749e-11 5.2507957642e-14
d  1.5469869008e-02 1.1710933622e+00 -2.0000000000e-01 1.2032847789e-05 3.0000000000e+02 -3.9616331948e-11 -4.4510863791e-13 4.0109443451e-11 3.9616214853e-11 -4.1233333321e-15 4.4512864695e-13 -4.0109492662e-11 5.2224779239e-14
d  1.5470160761e-02 1.1708891357e+00 -2.0000000000e-01 1.1202799769e-05 3.0000000000e+02 -3.6856735537e-11 -4.3825898966e-13 3.7342795775e-11 3.6856618413e-11 -4.1251590786e-15 4.3827896730e-13 -3.7342665824e-11 5.1882067264e-14
d  1.5470510864e-02 1.1706440637e+00 -2.0000000000e-01 1.0297844587e-05 3.0000000000e+02 -3.3849011995e-11 -4.2992944928e-13 3.4326099409e-11 3.3848894943e-11 -4.1267319658e-15 4.2994945634e-13 -3.4326148648e-11 5.1465643008e-14
d  1.5470930987e-02 1.1703499774e+00 -2.0000000000e-01 9.3288615311e-06 3.0000000000e+02 -3.0629706064e-11 -4.1973660785e-13 3.1096136691e-11 3.0629589044e-11 -4.1277609941e-15 4.1975661602e-13 -3.1096205133e-11 5.0956316379e-14
d  1.5471435135e-02 1.1699970739e+00 -2.0000000000e-01 8.3127792739e-06 3.0000000000e+02 -2.7255534432e-11 -4.0758391050e-13 2.7709194295e-11 2.7255417445e-11 -4.1278679371e-15 4.0760391747e-13 -2.7709264272e-11 5.0349455793e-14
d  1.5471737624e-02 1.1697853318e+00 -2.0000000000e-01 7.7703398748e-06 3.0000000000e+02 -2.5455023301e-11 -4.0031433337e-13 2.5901133328e-11 2.5454906322e-11 -4.1271728049e-15 4.0033433331e-13 -2.5901132916e-11 4.9986524061e-14
d  1.5472100611e-02 1.1695312412e+00 -2.0000000000e-01 7.1780114835e-06 3.0000000000e+02 -2.3489642151e-11 -3.9174056116e-13 2.3926706759e-11 2.3489525197e-11 -4.1261271356e-15 3.9176056091e-13 -2.3926704945e-11 4.9558497804e-14
d  1.5472536195e-02 1.1692263325e+00 -2.0000000000e-01 6.5421683666e-06 3.0000000000e+02 -2.1380843588e-11 -3.8155703893e-13 2.1807208276e-11 2.1380726669e-11 -4.1243904566e-15 3.8157704119e-13 -2.1807227896e-11 4.9050020791e-14
d  1.5473058895e-02 1.1688604421e+00 -2.0000000000e-01 5.8729035215e-06 3.0000000000e+02 -1.9162467242e-11 -3.6962617947e-13 1.9576324342e-11 1.9162350359e-11 -4.1216190915e-15 3.6964618147e-13 -1.9576345079e-11 4.8454169951e-14
d  1.5473686136e-02 1.1684213736e+00 -2.0000000000e-01 5.1840331873e-06 3.0000000000e+02 -1.6880725866e-11 -3.5582512666e-13 1.7280086816e-11 1.6880609027e-11 -4.1174683599e-15 3.5584512857e-13 -1.7280110631e-11 4.7764673562e-14
d  1.5474062481e-02 1.1681579325e+00 -2.0000000000e-01 4.8217976122e-06 3.0000000000e+02 -1.5681684296e-11 -3.4780371063e-13 1.6072659752e-11 1.5681567480e-11 -4.1144414799e-15 3.4782371051e-13 -1.6072658707e-11 4.7363511192e-14
d  1.5474514094e-02 1.1678418032e+00 -2.0000000000e-01 4.4306222939e-06 3.0000000000e+02 -1.4387541940e-11 -3.3851629928e-13 1.4768775856e-11 1.4387425152e-11 -4.1106795413e-15 3.3853629540e-13 -1.4768740969e-11 4.6899025254e-14
d  1.5475056030e-02 1.1674624481e+00 -2.0000000000e-01 4.0157526969e-06 3.0000000000e+02 -1.3015917839e-11 -3.2777507229e-13 1.3385853932e-11 1.3015801092e-11 -4.1058484878e-15 3.2779507122e-13 -1.3385842320e-11 4.6361583124e-14
d  1.5475706354e-02 1.1670072219e+00 -2.0000000000e-01 3.5846838138e-06 3.0000000000e+02 -1.1591896956e-11 -3.1549978585e-13 1.1948926569e-11 1.1591780257e-11 -4.0996221348e-15 3.1551978736e-13 -1.1948946051e-11 4.5746947105e-14
d  1.5476486742e-02 1.1664609504e+00 -2.0000000000e-01 3.1469436272e-06 3.0000000000e+02 -1.0147285015e-11 -3.0164446135e-13 1.0489805600e-11 1.0147168370e-11 -4.0916583915e-15 3.0166446176e-13 -1.0489812092e-11 4.5052580289e-14
d  1.5477423207e-02 1.1658054247e+00 -2.0000000000e-01 2.7135214098e-06 3.0000000000e+02 -8.7186842303e-12 -2.8628058499e-13 9.0450707784e-12 8.7185676498e-12 -4.0815639888e-15 2.8630058502e-13 -9.0450713664e-12 4.4281815048e-14
d  1.5477985087e-02 1.1654121092e+00 -2.0000000000e-01 2.4926954208e-06 3.0000000000e+02 -7.9916495680e-12 -2.7765897864e-13 8.3090330413e-12 7.9915330236e-12 -4.0751796396e-15 2.7767897480e-13 -8.3089847265e-12 4.3848333232e-14
d  1.5478659342e-02 1.1649401307e+00 -2.0000000000e-01 2.2596805415e-06 3.0000000000e+02 -7.2251761723e-12 -2.6788634306e-13 7.5322689980e-12 7.2250596782e-12 -4.0674695910e-15 2.6790634302e-13 -7.5322684717e-12 4.3356992950e-14
d  1.5479468448e-02 1.1643737565e+00 -2.0000000000e-01 2.0186941050e-06 3.0000000000e+02 -6.4333659265e-12 -2.5696075292e-13 6.7289772030e-12 6.4332494893e-12 -4.0580720829e-15 2.5698075311e-13 -6.7289803507e-12 4.2807330930e-14
d  1.5480439376e-02 1.1636941074e+00 -2.0000000000e-01 1.7749743379e-06 3.0000000000e+02 -5.6336613866e-12 -2.4485715880e-13 5.9166354697e-12 5.6335450147e-12 -4.0466021876e-15 2.4487715599e-13 -5.9165811191e-12 4.2197719598e-14
d  1.5481604489e-02 1.1628785285e+00 -2.0000000000e-01 1.5344329707e-06 3.0000000000e+02 -4.8456874750e-12 -2.3169963186e-13 5.1147764713e-12 4.8455711871e-12 -4.0326495978e-15 2.3171963187e-13 -5.1147765692e-12 4.1534204097e-14
d  1.5483002624e-02 1.1618998338e+00 -2.0000000000e-01 1.3031496331e-06 3.0000000000e+02 -4.0895555360e-12 -2.1756211908e-13 4.3438321989e-12 4.0894393460e-12 -4.0157564425e-15 2.1758211908e-13 -4.3438321103e-12 4.0820145342e-14
d  1.5483841506e-02 1.1613126170e+00 -2.0000000000e-01 1.1880000210e-06 3.0000000000e+02 -3.7137880994e-12 -2.0987925501e-13 3.9600011023e-12 3.7136719681e-12 -4.0055293522e-15 2.0989925495e-13 -3.9600000698e-12 4.0430937702e-14
d  1.5484848163e-02 1.1606079568e+00 -2.0000000000e-01 1.0684382011e-06 3.0000000000e+02 -3.3241821417e-12 -2.0136737100e-13 3.5614618436e-12 3.3240660809e-12 -3.9932990805e-15 2.0138737094e-13 -3.5614606704e-12 3.9999846338e-14
d  1.5486056153e-02 1.1597623646e+00 -2.0000000000e-01 9.4684351452e-07 3.0000000000e+02 -2.9286449146e-12 -1.9204644838e-13 3.1561462293e-12 2.9285289383e-12 -3.9786292707e-15 1.9206644833e-13 -3.1561450484e-12 3.9527416052e-14
d  1.5487505740e-02 1.1587476540e+00 -2.0000000000e-01 8.2596969056e-07 3.0000000000e+02 -2.5362832881e-12 -1.8198745190e-13 2.7532323706e-12 2.5361674134e-12 -3.9610476380e-15 1.8200745190e-13 -2.7532323019e-12 3.9016905972e-14
d  1.5489245244e-02 1.1575300012e+00 -2.0000000000e-01 7.0871429802e-07 3.0000000000e+02 -2.1566330972e-12 -1.7130975947e-13 2.3623814870e-12 2.1565173442e-12 -3.9400244322e-15 1.7132975945e-13 -2.3623809935e-12 3.8474181649e-14
d  1.5491332649e-02 1.1560688179e+00 -2.0000000000e-01 5.9784882370e-07 3.0000000000e+02 -1.7987643106e-12 -1.6016772624e-13 1.9928298341e-12 1.7986487038e-12 -3.9149530723e-15 1.6018772623e-13 -1.9928294124e-12 3.7906882817e-14
d  1.5493837536e-02 1.1543153979e+00 -2.0000000000e-01 4.9205427890e-07 3.0000000000e+02 -1.4541005790e-12 -1.5253773987e-13 1.6400984642e-12 1.4539851486e-12 -3.8850734051e-15 1.5255774153e-13 -1.6401809337e-12 3.7522420695e-14
d  1.5495340468e-02 1.1532633459e+00 -2.0000000000e-01 4.4479353304e-07 3.0000000000e+02 -1.3070598541e-12 -1.4255073878e-13 1.4826457098e-12 1.3069445278e-12 -3.8674615549e-15 1.4257073876e-13 -1.4826451101e-12 3.7006986167e-14
d  1.5497143986e-02 1.1520008835e+00 -2.0000000000e-01 3.9509051955e-07 3.0000000000e+02 -1.1481548600e-12 -1.3607572638e-13 1.3169714345e-12 1.1480396599e-12 -3.8462871919e-15 1.3609572630e-13 -1.3169683984e-12 3.6675545044e-14
d  1.5499308208e-02 1.1504859286e+00 -2.0000000000e-01 3.4578265242e-07 3.0000000000e+02 -9.9100201552e-13 -1.2920064763e-13 1.1526115986e-12 9.9088696689e-13 -3.8212372785e-15 1.2922064757e-13 -1.1526088413e-12 3.6323271334e-14
d  1.5501905274e-02 1.1486679828e+00 -2.0000000000e-01 2.9793062927e-07 3.0000000000e+02 -8.3904960718e-13 -1.2198029182e-13 9.9310485180e-13 8.3893474035e-13 -3.7915220673e-15 1.2200029176e-13 -9.9310209749e-13 3.5952763682e-14
d  1.5505021753e-02 1.1464864478e+00 -2.0000000000e-01 2.5258340857e-07 3.0000000000e+02 -6.9567887418e-13 -1.1454286908e-13 8.4195148540e-13 6.9556422548e-13 -3.7563941959e-15 1.1456286897e-13 -8.4194469501e-13 3.5570460476e-14
d  1.5508761529e-02 1.1438686057e+00 -2.0000000000e-01 2.0943506841e-07 3.0000000000e+02 -5.5812239084e-13 -1.0854430566e-13 6.9808753750e-13 5.5800800417e-13 -3.7149827581e-15 1.0856430605e-13 -6.9811689559e-13 3.5263482955e-14
d  1.5511005394e-02 1.1422979005e+00 -2.0000000000e-01 1.8993145953e-07 3.0000000000e+02 -4.9894202319e-13 -1.0297659881e-13 6.3310510240e-13 4.9882779340e-13 -3.6905675351e-15 1.0299659880e-13 -6.3310486512e-13 3.4973910738e-14
d  1.5513698032e-02 1.1404130543e+00 -2.0000000000e-01 1.6933747238e-07 3.0000000000e+02 -4.3471335237e-13 -9.8744113157e-14 5.6445921022e-13 4.3459931106e-13 -3.6616011539e-15 9.8764113139e-14 -5.6445824123e-13 3.4755126099e-14
d  1.5516929198e-02 1.1381512388e+00 -2.0000000000e-01 1.4880525055e-07 3.0000000000e+02 -3.7095530358e-13 -9.4260547318e-14 4.9601778421e-13 3.7084148846e-13 -3.6274154076e-15 9.4280547314e-14 -4.9601750185e-13 3.4523158323e-14
d  1.5520806597e-02 1.1354370602e+00 -2.0000000000e-01 1.2876909421e-07 3.0000000000e+02 -3.0905926934e-13 -8.9571189385e-14 4.2923101509e-13 3.0894572563e-13 -3.5871539986e-15 8.9591189376e-14 -4.2923031401e-13 3.4280156187e-14
d  1.5525459476e-02 1.1321800458e+00 -2.0000000000e-01 1.0964896466e-07 3.0000000000e+02 -2.5033332818e-13 -8.4765053027e-14 3.6549670451e-13 2.5022011018e-13 -3.5399157560e-15 8.4785053025e-14 -3.6549654887e-13 3.4030658589e-14
d  1.5531042931e-02 1.1282716286e+00 -2.0000000000e-01 9.1849424981e-08 3.0000000000e+02 -1.9608239050e-13 -7.9879333734e-14 3.0616802871e-13 1.9596956333e-13 -3.4847284422e-15 7.9899333704e-14 -3.0616474988e-13 3.3776459327e-14
d  1.5537743077e-02 1.1235815280e+00 -2.0000000000e-01 7.5313842774e-08 3.0000000000e+02 -1.4547121852e-13 -7.5536681616e-14 2.5104309276e-13 1.4535886038e-13 -3.4205714043e-15 7.5556681638e-14 -2.5104614264e-13 3.3550637380e-14
d  1.5545783251e-02 1.1179534072e+00 -2.0000000000e-01 6.0797537504e-08 3.0000000000e+02 -1.0199177645e-13 -7.0805931494e-14 2.0265374475e-13 1.0187998112e-13 -3.3464300544e-15 7.0825931523e-14 -2.0265845841e-13 3.3303406272e-14
d  1.5550607356e-02 1.1145765348e+00 -2.0000000000e-01 5.4336015895e-08 3.0000000000e+02 -8.3573372816e-14 -6.7801686905e-14 1.8111939112e-13 8.3461915165e-14 -3.3033638896e-15 6.7821686911e-14 -1.8112005300e-13 3.3144828661e-14
d  1.5556396282e-02 1.1105242878e+00 -2.0000000000e-01 4.7620436600e-08 3.0000000000e+02 -6.3803359103e-14 -6.5260561471e-14 1.5873701360e-13 6.3692306668e-14 -3.2530303631e-15 6.5280561452e-14 -1.5873478863e-13 3.3011253820e-14
d  1.5563342993e-02 1.1056615915e+00 -2.0000000000e-01 4.1053305285e-08 3.0000000000e+02 -4.4630667652e-14 -6.2627604142e-14 1.3684439603e-13 4.4520101493e-14 -3.1944944747e-15 6.2647604141e-14 -1.3684435095e-13 3.2872701121e-14
d  1.5571679046e-02 1.0998263559e+00 -2.0000000000e-01 3.4762348844e-08 3.0000000000e+02 -2.6436495577e-14 -5.9924354697e-14 1.1587546662e-13 2.6326512939e-14 -3.1267961738e-15 5.9944354691e-14 -1.1587449614e-13 3.2730117091e-14
d  1.5581682310e-02 1.0928240732e+00 -2.0000000000e-01 2.8873030301e-08 3.0000000000e+02 -9.6045771086e-15 -5.7191127021e-14 9.6246046171e-14 9.4952946972e-15 -3.0490163811e-15 5.7211127009e-14 -9.6243434314e-14 3.2585553693e-14
d  1.5593686227e-02 1.0844213339e+00 -2.0000000000e-01 2.3396998735e-08 3.0000000000e+02 6.0263382787e-15 -5.4616786337e-14 7.7996368310e-14 -6.1347804202e-15 -2.9603294556e-15 5.4636786310e-14 -7.7989995731e-14 3.2449138351e-14
d  1.5608090927e-02 1.0743380468e+00 -2.0000000000e-01 1.8570201205e-08 3.0000000000e+02 1.9372216246e-14 -5.1917239756e-14 6.1899197930e-14 -1.9479650049e-14 -2.8600843212e-15 5.1937239761e-14 -6.1900670694e-14 3.2305373335e-14
d  1.5625376567e-02 1.0622381022e+00 -2.0000000000e-01 1.4328631520e-08 3.0000000000e+02 3.0912534997e-14 -4.9340838224e-14 4.7761505728e-14 -3.1018758807e-14 -2.7478876383e-15 4.9360838226e-14 -4.7762105071e-14 3.2167594927e-14
d  1.5646119335e-02 1.0477181688e+00 -2.0000000000e-01 1.0692207380e-08 3.0000000000e+02 4.0571642702e-14 -4.6885848364e-14 3.5639665128e-14 -4.0676414519e-14 -2.6237061127e-15 4.6905848367e-14 -3.5640691274e-14 3.2035644771e-14
d  1.5658564996e-02 1.0390062087e+00 -2.0000000000e-01 9.0552260046e-09 3.0000000000e+02 4.4751518050e-14 -4.5607507223e-14 3.0184139650e-14 -4.4855418671e-14 -2.5541496306e-15 4.5627507223e-14 -3.0184086683e-14 3.1966270632e-14
d  1.5673499789e-02 1.0285518566e+00 -2.0000000000e-01 7.4100226330e-09 3.0000000000e+02 4.8999658673e-14 -4.4359037722e-14 2.4700118474e-14 -4.9102513859e-14 -2.4751694141e-15 4.4379037722e-14 -2.4700075444e-14 3.1898582321e-14
d  1.5691421540e-02 1.0160066341e+00 -2.0000000000e-01 5.8200171573e-09 3.0000000000e+02 5.3039361763e-14 -4.3078324853e-14 1.9400189727e-14 -5.3140962426e-14 -2.3862819057e-15 4.3098324853e-14 -1.9400057191e-14 3.1828951882e-14
d  1.5712927642e-02 1.0009523671e+00 -2.0000000000e-01 4.3138559196e-09 3.0000000000e+02 5.6795053584e-14 -4.1783718232e-14 1.4378590391e-14 -5.6895148820e-14 -2.2872674253e-15 4.1803718234e-14 -1.4379519737e-14 3.1758242872e-14
d  1.5714290000e-02 9.9999871667e-01 -2.0000000000e-01 4.2278129413e-09 3.0000000000e+02 5.7011007591e-14 -4.1704723955e-14 1.4088098102e-14 -5.7111007437e-14 -2.2812351492e-15 4.1724724068e-14 -1.4092710023e-14 3.1753709508e-14
d  1.5715924830e-02 9.9885433616e-01 -2.0000000000e-01 4.1299714522e-09 3.0000000000e+02 5.7250029405e-14 -4.1618945685e-14 1.3761736098e-14 -5.7349914807e-14 -2.2740661286e-15 4.1638945829e-14 -1.3766571786e-14 3.1749002720e-14
d  1.5717886625e-02 9.9748107956e-01 -2.0000000000e-01 4.0133754563e-09 3.0000000000e+02 5.7539423744e-14 -4.1516439697e-14 1.3372503021e-14 -5.7639171823e-14 -2.2655203014e-15 4.1536439832e-14 -1.3377918448e-14 3.1743383176e-14
d  1.5720240780e-02 9.9583317163e-01 -2.0000000000e-01 3.8768332703e-09 3.0000000000e+02 5.7877067795e-14 -4.1394374398e-14 1.2915695451e-14 -5.7976651080e-14 -2.2553454227e-15 4.1414374545e-14 -1.2922777851e-14 3.1736687226e-14
d  1.5723065766e-02 9.9385568212e-01 -2.0000000000e-01 3.7172356604e-09 3.0000000000e+02 5.8271322319e-14 -4.1250912295e-14 1.2382501717e-14 -5.8370707856e-14 -2.2432492187e-15 4.1270912438e-14 -1.2390785811e-14 3.1728813080e-14
d  1.5726455749e-02 9.9148269471e-01 -2.0000000000e-01 3.5320679356e-09 3.0000000000e+02 5.8726647031e-14 -4.1082968865e-14 1.1762450080e-14 -5.8825795266e-14 -2.2288950219e-15 4.1102969025e-14 -1.1773560095e-14 3.1719588976e-14
d  1.5730523729e-02 9.8863510981e-01 -2.0000000000e-01 3.3232695779e-09 3.0000000000e+02 5.9222227245e-14 -4.0874589101e-14 1.1077563825e-14 -5.9321090756e-14 -2.2118981707e-15 4.0894589102e-14 -1.1077565260e-14 3.1708126006e-14
d  1.5735405304e-02 9.8521800794e-01 -2.0000000000e-01 3.0793398916e-09 3.0000000000e+02 5.9813586215e-14 -4.0654731493e-14 1.0264467099e-14 -5.9912108016e-14 -2.1918231369e-15 4.0674731493e-14 -1.0264466306e-14 3.1696032541e-14
d  1.5741263195e-02 9.8111748569e-01 -2.0000000000e-01 2.8017995739e-09 3.0000000000e+02 6.0483720422e-14 -4.0387995569e-14 9.3393807981e-15 -6.0581832170e-14 -2.1681844912e-15 4.0407995568e-14 -9.3393319126e-15 3.1681334386e-14
d  1.5748292663e-02 9.7619685899e-01 -2.0000000000e-01 2.4889124071e-09 3.0000000000e+02 6.1235045098e-14 -4.0084889668e-14 8.2964522584e-15 -6.1332664784e-14 -2.1404485041e-15 4.0104889667e-14 -8.2963746894e-15 3.1664609300e-14
d  1.5756728026e-02 9.7029210695e-01 -2.0000000000e-01 2.1398457812e-09 3.0000000000e+02 6.2067911313e-14 -3.9740258708e-14 7.1329032564e-15 -6.2164940523e-14 -2.1080410687e-15 3.9760258707e-14 -7.1328192699e-15 3.1645559795e-14
d  1.5766850461e-02 9.6320640450e-01 -2.0000000000e-01 1.7547734154e-09 3.0000000000e+02 6.2980574675e-14 -3.9352439254e-14 5.8500960048e-15 -6.3076895316e-14 -2.0703606364e-15 3.9372439250e-14 -5.8492447101e-15 3.1624078490e-14
d  1.5778997383e-02 9.5470356156e-01 -2.0000000000e-01 1.3261311450e-09 3.0000000000e+02 6.4019171202e-14 -3.8941256464e-14 4.4212246610e-15 -6.4114641559e-14 -2.0267987952e-15 3.8961256461e-14 -4.4204371441e-15 3.1601256068e-14
d  1.5793573689e-02 9.4450015003e-01 -2.0000000000e-01 8.8647716139e-10 3.0000000000e+02 6.5009180437e-14 -3.8441952724e-14 2.9561828832e-15 -6.5103630453e-14 -1.9767703336e-15 3.8461952720e-14 -2.9549238632e-15 3.1573442224e-14
d  1.5811065257e-02 9.3225605620e-01 -2.0000000000e-01 4.1253021369e-10 3.0000000000e+02 6.6099418819e-14 -3.7923894227e-14 1.3770431738e-15 -6.6192644426e-14 -1.9197515034e-15 3.7943894221e-14 -1.3751007018e-15 3.1544482927e-14
d  1.5832055138e-02 9.1756314361e-01 -2.0000000000e-01 -7.8617157865e-11 3.0000000000e+02 6.7214220131e-14 -3.7367275045e-14 -2.6054364778e-16 -6.7305976446e-14 -1.8553304312e-15 3.7387275041e-14 2.6205719976e-16 3.1513231501e-14
d  1.5857242995e-02 8.9993164849e-01 -2.0000000000e-01 -5.7898846133e-10 3.0000000000e+02 6.8335958396e-14 -3.6779939057e-14 -1.9284719545e-15 -6.8425951561e-14 -1.7832630329e-15 3.6799939054e-14 1.9299615435e-15 3.1480079927e-14
d  1.5887468424e-02 8.7877385435e-01 -2.0000000000e-01 -1.0782790565e-09 3.0000000000e+02 6.9438399413e-14 -3.6170902729e-14 -3.5942530059e-15 -6.9526276798e-14 -1.7035338763e-15 3.6190902729e-14 3.5942635220e-15 3.1445480055e-14
d  1.5923738938e-02 8.5338450139e-01 -2.0000000000e-01 -1.5677271122e-09 3.0000000000e+02 7.0507050056e-14 -3.5552681208e-14 -5.2257441278e-15 -7.0592388507e-14 -1.6164134425e-15 3.5572681208e-14 5.2257570407e-15 3.1410077190e-14
d  1.5967263556e-02 8.2291727783e-01 -2.0000000000e-01 -2.0374060077e-09 3.0000000000e+02 7.1521616922e-14 -3.4940389707e-14 -6.7913354803e-15 -7.1603908650e-14 -1.5225032734e-15 3.4960389706e-14 6.7913533594e-15 3.1374663093e-14
d  1.6019493097e-02 7.8635660955e-01 -2.0000000000e-01 -2.4787433637e-09 3.0000000000e+02 7.2468692747e-14 -3.4347658286e-14 -8.2624576862e-15 -7.2547328408e-14 -1.4227584501e-15 3.4367658286e-14 8.2624778794e-15 3.1339947055e-14
d  1.6082168546e-02 7.4248380763e-01 -2.0000000000e-01 -2.8890521683e-09 3.0000000000e+02 7.3365585490e-14 -3.3800768143e-14 -9.6095520101e-15 -7.3439833874e-14 -1.3184778621e-15 3.3820768127e-14 9.6301739262e-15 3.1307374229e-14
d  1.6157379085e-02 6.8983644531e-01 -2.0000000000e-01 -3.2496660276e-09 3.0000000000e+02 7.4134251447e-14 -3.3286658907e-14 -1.0832218891e-14 -7.4203235092e-14 -1.2112563598e-15 3.3306658907e-14 1.0832220092e-14 3.1276126767e-14
d  1.6247631731e-02 6.2665961054e-01 -2.0000000000e-01 -3.5704178604e-09 3.0000000000e+02 7.4855131489e-14 -3.2850416141e-14 -1.1901414445e-14 -7.4917797450e-14 -1.1028983712e-15 3.2870416141e-14 1.1901392868e-14 3.1248757678e-14
d  1.6355934907e-02 5.5084740881e-01 -2.0000000000e-01 -3.8458568746e-09 3.0000000000e+02 7.5512551750e-14 -3.2497840491e-14 -1.2819554352e-14 -7.5567636491e-14 -9.9530155169e-16 3.2517840491e-14 1.2819522916e-14 3.1225586601e-14
d  1.6485898719e-02 4.5987276673e-01 -2.0000000000e-01 -4.0779103208e-09 3.0000000000e+02 7.6123313911e-14 -3.2239333538e-14 -1.3593051737e-14 -7.6169301188e-14 -8.9032449106e-16 3.2259333538e-14 1.3593034403e-14 3.1207221957e-14
d  1.6641855292e-02 3.5070319624e-01 -2.0000000000e-01 -4.2720338318e-09 3.0000000000e+02 7.6710273926e-14 -3.2080846147e-14 -1.4240116706e-14 -7.6745344245e-14 -7.8965791428e-16 3.2100846147e-14 1.4240112773e-14 3.1194037263e-14
d  1.6829003180e-02 2.1969971166e-01 -2.0000000000e-01 -4.4382475062e-09 3.0000000000e+02 7.7305792991e-14 -3.2022274311e-14 -1.4794161058e-14 -7.7327762962e-14 -6.9471796828e-16 3.2042274311e-14 1.4794158354e-14 3.1186049729e-14
d  1.7053580646e-02 6.2495530149e-02 -2.0000000000e-01 -4.5919348779e-09 3.0000000000e+02 7.7962779515e-14 -3.2065787166e-14 -1.5306419930e-14 -7.7969029068e-14 -6.0657539442e-16 3.2085787166e-14 1.5306449593e-14 3.1183365597e-14
d  1.7142860000e-02 0.0000000000e+00 -2.0000000000e-01 -4.6490849813e-09 3.0000000000e+02 7.8244788134e-14 -3.2120819109e-14 -1.5496951504e-14 -7.8244788134e-14 -5.7745937191e-16 3.2140819109e-14 1.5496949938e-14 3.1184548161e-14
