EXPORTED XY-GRAPH DATA
4338 2 2
Drain Voltage
Drain Current
0.0000000000e+00 -4.2061475430e-19 
5.0000000000e-02 6.7734474880e-17 
1.0000000000e-01 1.7204759170e-16 
1.5000000000e-01 2.5871104250e-16 
2.0000000000e-01 3.2663865130e-16 
2.5000000000e-01 3.5187601990e-16 
3.0000000000e-01 4.5739006270e-16 
3.5000000000e-01 5.4545336490e-16 
4.0000000000e-01 6.0508643770e-16 
4.2500000000e-01 6.5661565950e-16 
4.5000000000e-01 7.5703469050e-16 
5.0000000000e-01 8.0553748550e-16 
5.5000000000e-01 9.4180990820e-16 
6.0000000000e-01 1.0550135620e-15 
6.5000000000e-01 1.1656706030e-15 
7.0000000000e-01 1.3002167920e-15 
7.5000000000e-01 1.4735895340e-15 
8.0000000000e-01 1.6017105280e-15 
8.5000000000e-01 1.8061132360e-15 
9.0000000000e-01 2.0032168560e-15 
9.5000000000e-01 2.1377125200e-15 
1.0000000000e+00 2.3039318320e-15 
1.0500000000e+00 2.5513446960e-15 
1.1000000000e+00 2.7053570730e-15 
1.1500000000e+00 2.9371015820e-15 
1.2000000000e+00 3.1073638330e-15 
1.2500000000e+00 3.3946170180e-15 
1.3000000000e+00 3.6236666870e-15 
1.3500000000e+00 3.9412626170e-15 
1.4000000000e+00 4.2019879020e-15 
1.4500000000e+00 4.5353168290e-15 
1.5000000000e+00 5.0018819070e-15 
1.5500000000e+00 5.2744496060e-15 
1.6000000000e+00 5.7560388790e-15 
1.6500000000e+00 6.2381373160e-15 
1.7000000000e+00 6.8026946130e-15 
1.7500000000e+00 7.4910967610e-15 
1.8000000000e+00 8.0870213900e-15 
1.8500000000e+00 8.9318666490e-15 
1.9000000000e+00 9.8989398230e-15 
1.9500000000e+00 1.0953861370e-14 
2.0000000000e+00 1.2465003720e-14 
2.0500000000e+00 1.4127589830e-14 
2.1000000000e+00 1.6326227120e-14 
2.1500000000e+00 1.9016750260e-14 
2.2000000000e+00 2.2471865270e-14 
2.2500000000e+00 2.6620806310e-14 
2.3000000000e+00 3.1593187390e-14 
2.3500000000e+00 3.7443793060e-14 
2.4000000000e+00 4.4456526920e-14 
2.4500000000e+00 5.2630349320e-14 
2.5000000000e+00 6.2271925850e-14 
2.5500000000e+00 7.3283489600e-14 
2.6000000000e+00 8.6183498100e-14 
2.6500000000e+00 1.0111062150e-13 
2.7000000000e+00 1.1831545340e-13 
2.7500000000e+00 1.3766774620e-13 
2.8000000000e+00 1.5973379630e-13 
2.8500000000e+00 1.8469753420e-13 
2.9000000000e+00 2.1335468360e-13 
2.9500000000e+00 2.4619644480e-13 
3.0000000000e+00 2.8440073130e-13 
3.0010000000e+00 2.8522340030e-13 
3.0020000000e+00 2.8606241740e-13 
3.0030000000e+00 2.8690206430e-13 
3.0040000000e+00 2.8764802010e-13 
3.0050000000e+00 2.8848904700e-13 
3.0060000000e+00 2.8934419060e-13 
3.0070000000e+00 2.9019082950e-13 
3.0080000000e+00 2.9101910450e-13 
3.0090000000e+00 2.9191172590e-13 
3.0100000000e+00 2.9275256450e-13 
3.0110000000e+00 2.9353448650e-13 
3.0120000000e+00 2.9441562420e-13 
3.0130000000e+00 2.9528069170e-13 
3.0140000000e+00 2.9608754090e-13 
3.0150000000e+00 2.9694999770e-13 
3.0160000000e+00 2.9781873020e-13 
3.0170000000e+00 2.9863859800e-13 
3.0180000000e+00 2.9952215180e-13 
3.0190000000e+00 3.0037764720e-13 
3.0200000000e+00 3.0120286390e-13 
3.0210000000e+00 3.0211209260e-13 
3.0220000000e+00 3.0299404320e-13 
3.0230000000e+00 3.0388650780e-13 
3.0240000000e+00 3.0474217980e-13 
3.0250000000e+00 3.0562582840e-13 
3.0260000000e+00 3.0645251370e-13 
3.0270000000e+00 3.0737113780e-13 
3.0280000000e+00 3.0825843220e-13 
3.0290000000e+00 3.0917708230e-13 
3.0300000000e+00 3.0996757060e-13 
3.0310000000e+00 3.1082572910e-13 
3.0320000000e+00 3.1180398250e-13 
3.0330000000e+00 3.1272876320e-13 
3.0340000000e+00 3.1363829320e-13 
3.0350000000e+00 3.1439388550e-13 
3.0360000000e+00 3.1533828770e-13 
3.0370000000e+00 3.1626994430e-13 
3.0380000000e+00 3.1716546220e-13 
3.0390000000e+00 3.1810128560e-13 
3.0400000000e+00 3.1902749530e-13 
3.0410000000e+00 3.1999275660e-13 
3.0420000000e+00 3.2090015530e-13 
3.0430000000e+00 3.2180880020e-13 
3.0440000000e+00 3.2282437670e-13 
3.0450000000e+00 3.2360246530e-13 
3.0460000000e+00 3.2452863130e-13 
3.0470000000e+00 3.2547169110e-13 
3.0480000000e+00 3.2640721350e-13 
3.0490000000e+00 3.2739619550e-13 
3.0500000000e+00 3.2833044440e-13 
3.0510000000e+00 3.2923398170e-13 
3.0520000000e+00 3.3022836820e-13 
3.0530000000e+00 3.3122900930e-13 
3.0540000000e+00 3.3210431920e-13 
3.0550000000e+00 3.3309595480e-13 
3.0560000000e+00 3.3404893770e-13 
3.0570000000e+00 3.3498394510e-13 
3.0580000000e+00 3.3601940330e-13 
3.0590000000e+00 3.3698070040e-13 
3.0600000000e+00 3.3791630920e-13 
3.0610000000e+00 3.3892442360e-13 
3.0620000000e+00 3.3988009700e-13 
3.0630000000e+00 3.4081716500e-13 
3.0640000000e+00 3.4178157780e-13 
3.0650000000e+00 3.4287108400e-13 
3.0660000000e+00 3.4382668990e-13 
3.0670000000e+00 3.4478415770e-13 
3.0680000000e+00 3.4580510230e-13 
3.0690000000e+00 3.4676503940e-13 
3.0700000000e+00 3.4772787910e-13 
3.0710000000e+00 3.4875398490e-13 
3.0720000000e+00 3.4973913280e-13 
3.0730000000e+00 3.5079882510e-13 
3.0740000000e+00 3.5177077300e-13 
3.0750000000e+00 3.5282185950e-13 
3.0760000000e+00 3.5376807370e-13 
3.0770000000e+00 3.5486157510e-13 
3.0780000000e+00 3.5585292090e-13 
3.0790000000e+00 3.5687995880e-13 
3.0800000000e+00 3.5794373270e-13 
3.0810000000e+00 3.5894440460e-13 
3.0820000000e+00 3.5998264710e-13 
3.0830000000e+00 3.6105348690e-13 
3.0840000000e+00 3.6209430460e-13 
3.0850000000e+00 3.6319818370e-13 
3.0860000000e+00 3.6421273350e-13 
3.0870000000e+00 3.6522370290e-13 
3.0880000000e+00 3.6626993880e-13 
3.0890000000e+00 3.6730590830e-13 
3.0900000000e+00 3.6841202400e-13 
3.0910000000e+00 3.6943915560e-13 
3.0920000000e+00 3.7052494500e-13 
3.0930000000e+00 3.7168338550e-13 
3.0940000000e+00 3.7265443940e-13 
3.0950000000e+00 3.7372529600e-13 
3.0960000000e+00 3.7484958680e-13 
3.0970000000e+00 3.7600165540e-13 
3.0980000000e+00 3.7701232790e-13 
3.0990000000e+00 3.7806724200e-13 
3.1000000000e+00 3.7917475100e-13 
3.1010000000e+00 3.8024817590e-13 
3.1020000000e+00 3.8139737960e-13 
3.1030000000e+00 3.8240388850e-13 
3.1040000000e+00 3.8356554400e-13 
3.1050000000e+00 3.8466554350e-13 
3.1060000000e+00 3.8582711690e-13 
3.1070000000e+00 3.8690113400e-13 
3.1080000000e+00 3.8799912840e-13 
3.1090000000e+00 3.8918020840e-13 
3.1100000000e+00 3.9033534600e-13 
3.1110000000e+00 3.9136929780e-13 
3.1120000000e+00 3.9252977780e-13 
3.1130000000e+00 3.9364238250e-13 
3.1140000000e+00 3.9479253770e-13 
3.1150000000e+00 3.9590567800e-13 
3.1160000000e+00 3.9706751320e-13 
3.1170000000e+00 3.9825743280e-13 
3.1180000000e+00 3.9942997790e-13 
3.1190000000e+00 4.0057261620e-13 
3.1200000000e+00 4.0173672810e-13 
3.1210000000e+00 4.0305515180e-13 
3.1220000000e+00 4.0406211660e-13 
3.1230000000e+00 4.0522193030e-13 
3.1240000000e+00 4.0643141280e-13 
3.1250000000e+00 4.0759093360e-13 
3.1260000000e+00 4.0874727920e-13 
3.1270000000e+00 4.0995767860e-13 
3.1280000000e+00 4.1112709750e-13 
3.1290000000e+00 4.1244790070e-13 
3.1300000000e+00 4.1354371200e-13 
3.1310000000e+00 4.1478672950e-13 
3.1320000000e+00 4.1588850940e-13 
3.1330000000e+00 4.1716255840e-13 
3.1340000000e+00 4.1839792190e-13 
3.1350000000e+00 4.1956634660e-13 
3.1360000000e+00 4.2080180710e-13 
3.1370000000e+00 4.2196453350e-13 
3.1380000000e+00 4.2323518290e-13 
3.1390000000e+00 4.2445732350e-13 
3.1400000000e+00 4.2565017230e-13 
3.1410000000e+00 4.2692985840e-13 
3.1420000000e+00 4.2820072030e-13 
3.1430000000e+00 4.2937919530e-13 
3.1440000000e+00 4.3073340940e-13 
3.1450000000e+00 4.3193865510e-13 
3.1460000000e+00 4.3319627820e-13 
3.1470000000e+00 4.3446095450e-13 
3.1480000000e+00 4.3570532230e-13 
3.1490000000e+00 4.3704216840e-13 
3.1500000000e+00 4.3826847510e-13 
3.1510000000e+00 4.3952397320e-13 
3.1520000000e+00 4.4080093400e-13 
3.1530000000e+00 4.4210353450e-13 
3.1540000000e+00 4.4341422960e-13 
3.1550000000e+00 4.4463777610e-13 
3.1560000000e+00 4.4605509760e-13 
3.1570000000e+00 4.4725765300e-13 
3.1580000000e+00 4.4854307520e-13 
3.1590000000e+00 4.4991345230e-13 
3.1600000000e+00 4.5119960300e-13 
3.1610000000e+00 4.5258261320e-13 
3.1620000000e+00 4.5385674730e-13 
3.1630000000e+00 4.5516570370e-13 
3.1640000000e+00 4.5645726860e-13 
3.1650000000e+00 4.5781331700e-13 
3.1660000000e+00 4.5925139300e-13 
3.1670000000e+00 4.6054696600e-13 
3.1680000000e+00 4.6186253270e-13 
3.1690000000e+00 4.6326660000e-13 
3.1700000000e+00 4.6455510660e-13 
3.1710000000e+00 4.6593712620e-13 
3.1720000000e+00 4.6721924920e-13 
3.1730000000e+00 4.6860637200e-13 
3.1740000000e+00 4.6998278290e-13 
3.1750000000e+00 4.7140320410e-13 
3.1760000000e+00 4.7279682980e-13 
3.1770000000e+00 4.7410246210e-13 
3.1780000000e+00 4.7549116130e-13 
3.1790000000e+00 4.7697128160e-13 
3.1800000000e+00 4.7830492480e-13 
3.1810000000e+00 4.7963223280e-13 
3.1820000000e+00 4.8113032140e-13 
3.1830000000e+00 4.8257028100e-13 
3.1840000000e+00 4.8389529990e-13 
3.1850000000e+00 4.8536729510e-13 
3.1860000000e+00 4.8680037580e-13 
3.1870000000e+00 4.8817848000e-13 
3.1880000000e+00 4.8963532330e-13 
3.1890000000e+00 4.9102156000e-13 
3.1900000000e+00 4.9255936970e-13 
3.1910000000e+00 4.9399813050e-13 
3.1920000000e+00 4.9538235950e-13 
3.1930000000e+00 4.9688598780e-13 
3.1940000000e+00 4.9824521840e-13 
3.1950000000e+00 4.9972948740e-13 
3.1960000000e+00 5.0115666340e-13 
3.1970000000e+00 5.0266835700e-13 
3.1980000000e+00 5.0419230030e-13 
3.1990000000e+00 5.0557017270e-13 
3.2000000000e+00 5.0711713830e-13 
3.2010000000e+00 5.0856920360e-13 
3.2020000000e+00 5.0999425710e-13 
3.2030000000e+00 5.1147361140e-13 
3.2040000000e+00 5.1303267440e-13 
3.2050000000e+00 5.1449954940e-13 
3.2060000000e+00 5.1604091040e-13 
3.2070000000e+00 5.1758574280e-13 
3.2080000000e+00 5.1908224750e-13 
3.2090000000e+00 5.2054420570e-13 
3.2100000000e+00 5.2206726650e-13 
3.2110000000e+00 5.2358102290e-13 
3.2120000000e+00 5.2516436320e-13 
3.2130000000e+00 5.2669999720e-13 
3.2140000000e+00 5.2819962120e-13 
3.2150000000e+00 5.2976390770e-13 
3.2160000000e+00 5.3122346650e-13 
3.2170000000e+00 5.3281327050e-13 
3.2180000000e+00 5.3439860100e-13 
3.2190000000e+00 5.3601120520e-13 
3.2200000000e+00 5.3756315000e-13 
3.2210000000e+00 5.3910769580e-13 
3.2220000000e+00 5.4073507180e-13 
3.2230000000e+00 5.4231891400e-13 
3.2240000000e+00 5.4387154480e-13 
3.2250000000e+00 5.4546042740e-13 
3.2260000000e+00 5.4705819980e-13 
3.2270000000e+00 5.4867843780e-13 
3.2280000000e+00 5.5022548020e-13 
3.2290000000e+00 5.5186871650e-13 
3.2300000000e+00 5.5353274580e-13 
3.2310000000e+00 5.5510979330e-13 
3.2320000000e+00 5.5686657940e-13 
3.2330000000e+00 5.5841168980e-13 
3.2340000000e+00 5.6007996470e-13 
3.2350000000e+00 5.6171289840e-13 
3.2360000000e+00 5.6332965220e-13 
3.2370000000e+00 5.6499934810e-13 
3.2380000000e+00 5.6665786730e-13 
3.2390000000e+00 5.6836453450e-13 
3.2400000000e+00 5.6997001050e-13 
3.2410000000e+00 5.7159376570e-13 
3.2420000000e+00 5.7336237230e-13 
3.2430000000e+00 5.7498968410e-13 
3.2440000000e+00 5.7670294610e-13 
3.2450000000e+00 5.7844827060e-13 
3.2460000000e+00 5.8013375620e-13 
3.2470000000e+00 5.8179887020e-13 
3.2480000000e+00 5.8347548490e-13 
3.2490000000e+00 5.8527752610e-13 
3.2500000000e+00 5.8696730500e-13 
3.2510000000e+00 5.8875535740e-13 
3.2520000000e+00 5.9039250640e-13 
3.2530000000e+00 5.9215612460e-13 
3.2540000000e+00 5.9385468210e-13 
3.2550000000e+00 5.9566174530e-13 
3.2560000000e+00 5.9739539210e-13 
3.2570000000e+00 5.9913791480e-13 
3.2580000000e+00 6.0092816200e-13 
3.2590000000e+00 6.0271203690e-13 
3.2600000000e+00 6.0447742490e-13 
3.2610000000e+00 6.0626546120e-13 
3.2620000000e+00 6.0798570550e-13 
3.2630000000e+00 6.0978896870e-13 
3.2640000000e+00 6.1162303410e-13 
3.2650000000e+00 6.1344800790e-13 
3.2660000000e+00 6.1526703940e-13 
3.2670000000e+00 6.1708661330e-13 
3.2680000000e+00 6.1890324110e-13 
3.2690000000e+00 6.2066837210e-13 
3.2700000000e+00 6.2250607210e-13 
3.2710000000e+00 6.2438584620e-13 
3.2720000000e+00 6.2615647520e-13 
3.2730000000e+00 6.2804925540e-13 
3.2740000000e+00 6.2985628980e-13 
3.2750000000e+00 6.3177891580e-13 
3.2760000000e+00 6.3361641310e-13 
3.2770000000e+00 6.3547091640e-13 
3.2780000000e+00 6.3731255740e-13 
3.2790000000e+00 6.3921757140e-13 
3.2800000000e+00 6.4108674420e-13 
3.2810000000e+00 6.4302489530e-13 
3.2820000000e+00 6.4489899820e-13 
3.2830000000e+00 6.4678257790e-13 
3.2840000000e+00 6.4873859320e-13 
3.2850000000e+00 6.5063850350e-13 
3.2860000000e+00 6.5252408130e-13 
3.2870000000e+00 6.5452670250e-13 
3.2880000000e+00 6.5642037390e-13 
3.2890000000e+00 6.5838409260e-13 
3.2900000000e+00 6.6032325890e-13 
3.2910000000e+00 6.6222888950e-13 
3.2920000000e+00 6.6416870670e-13 
3.2930000000e+00 6.6610170310e-13 
3.2940000000e+00 6.6813105810e-13 
3.2950000000e+00 6.7006691240e-13 
3.2960000000e+00 6.7209327590e-13 
3.2970000000e+00 6.7408585790e-13 
3.2980000000e+00 6.7601458510e-13 
3.2990000000e+00 6.7802233030e-13 
3.3000000000e+00 6.8004873140e-13 
3.3010000000e+00 6.8207937590e-13 
3.3020000000e+00 6.8409045220e-13 
3.3030000000e+00 6.8610241840e-13 
3.3040000000e+00 6.8812633900e-13 
3.3050000000e+00 6.9019585430e-13 
3.3060000000e+00 6.9217729010e-13 
3.3070000000e+00 6.9426906800e-13 
3.3080000000e+00 6.9639829340e-13 
3.3090000000e+00 6.9839306930e-13 
3.3100000000e+00 7.0047894680e-13 
3.3110000000e+00 7.0249887490e-13 
3.3120000000e+00 7.0467306390e-13 
3.3130000000e+00 7.0665914580e-13 
3.3140000000e+00 7.0879963360e-13 
3.3150000000e+00 7.1091531970e-13 
3.3160000000e+00 7.1297926010e-13 
3.3170000000e+00 7.1508124390e-13 
3.3180000000e+00 7.1720332330e-13 
3.3190000000e+00 7.1934568810e-13 
3.3200000000e+00 7.2140521840e-13 
3.3210000000e+00 7.2364719150e-13 
3.3220000000e+00 7.2569767950e-13 
3.3230000000e+00 7.2782756760e-13 
3.3240000000e+00 7.3003055660e-13 
3.3250000000e+00 7.3211977330e-13 
3.3260000000e+00 7.3438685830e-13 
3.3270000000e+00 7.3653325570e-13 
3.3280000000e+00 7.3872438620e-13 
3.3290000000e+00 7.4087356960e-13 
3.3300000000e+00 7.4307416800e-13 
3.3310000000e+00 7.4523866570e-13 
3.3320000000e+00 7.4750553960e-13 
3.3330000000e+00 7.4974487450e-13 
3.3340000000e+00 7.5194288440e-13 
3.3350000000e+00 7.5416870270e-13 
3.3360000000e+00 7.5639559390e-13 
3.3370000000e+00 7.5863587990e-13 
3.3380000000e+00 7.6086825560e-13 
3.3390000000e+00 7.6309084020e-13 
3.3400000000e+00 7.6540743900e-13 
3.3410000000e+00 7.6767518700e-13 
3.3420000000e+00 7.6989658960e-13 
3.3430000000e+00 7.7221346560e-13 
3.3440000000e+00 7.7453035960e-13 
3.3450000000e+00 7.7678565670e-13 
3.3460000000e+00 7.7914832910e-13 
3.3470000000e+00 7.8149618970e-13 
3.3480000000e+00 7.8376302730e-13 
3.3490000000e+00 7.8613389560e-13 
3.3500000000e+00 7.8844775840e-13 
3.3510000000e+00 7.9078064170e-13 
3.3520000000e+00 7.9315092460e-13 
3.3530000000e+00 7.9547318010e-13 
3.3540000000e+00 7.9786082090e-13 
3.3550000000e+00 8.0017536860e-13 
3.3560000000e+00 8.0260083260e-13 
3.3570000000e+00 8.0496615090e-13 
3.3580000000e+00 8.0732541880e-13 
3.3590000000e+00 8.0980144820e-13 
3.3600000000e+00 8.1212104190e-13 
3.3610000000e+00 8.1466203650e-13 
3.3620000000e+00 8.1704638460e-13 
3.3630000000e+00 8.1942133520e-13 
3.3640000000e+00 8.2194395410e-13 
3.3650000000e+00 8.2426710580e-13 
3.3660000000e+00 8.2674753150e-13 
3.3670000000e+00 8.2922127080e-13 
3.3680000000e+00 8.3174826690e-13 
3.3690000000e+00 8.3418335740e-13 
3.3700000000e+00 8.3661071380e-13 
3.3710000000e+00 8.3915155640e-13 
3.3720000000e+00 8.4164250820e-13 
3.3730000000e+00 8.4418127970e-13 
3.3740000000e+00 8.4661686010e-13 
3.3750000000e+00 8.4916291760e-13 
3.3760000000e+00 8.5171376530e-13 
3.3770000000e+00 8.5426543350e-13 
3.3780000000e+00 8.5674565350e-13 
3.3790000000e+00 8.5927556530e-13 
3.3800000000e+00 8.6190592310e-13 
3.3810000000e+00 8.6441135980e-13 
3.3820000000e+00 8.6698862520e-13 
3.3830000000e+00 8.6967719420e-13 
3.3840000000e+00 8.7209135580e-13 
3.3850000000e+00 8.7482486280e-13 
3.3860000000e+00 8.7735574430e-13 
3.3870000000e+00 8.7999061340e-13 
3.3880000000e+00 8.8269981030e-13 
3.3890000000e+00 8.8533190610e-13 
3.3900000000e+00 8.8798235130e-13 
3.3910000000e+00 8.9062900500e-13 
3.3920000000e+00 8.9325181470e-13 
3.3930000000e+00 8.9589860960e-13 
3.3940000000e+00 8.9866170690e-13 
3.3950000000e+00 9.0127563750e-13 
3.3960000000e+00 9.0393777800e-13 
3.3970000000e+00 9.0668969140e-13 
3.3980000000e+00 9.0937681600e-13 
3.3990000000e+00 9.1208165250e-13 
3.4000000000e+00 9.1482237100e-13 
3.4010000000e+00 9.1761045770e-13 
3.4020000000e+00 9.2034466350e-13 
3.4030000000e+00 9.2304946550e-13 
3.4040000000e+00 9.2580830890e-13 
3.4050000000e+00 9.2863017360e-13 
3.4060000000e+00 9.3140613060e-13 
3.4070000000e+00 9.3424909360e-13 
3.4080000000e+00 9.3713460410e-13 
3.4090000000e+00 9.3989013780e-13 
3.4100000000e+00 9.4270492570e-13 
3.4110000000e+00 9.4555330630e-13 
3.4120000000e+00 9.4838272790e-13 
3.4130000000e+00 9.5129320020e-13 
3.4140000000e+00 9.5420944910e-13 
3.4150000000e+00 9.5696124790e-13 
3.4160000000e+00 9.5989427740e-13 
3.4170000000e+00 9.6275589520e-13 
3.4180000000e+00 9.6569644290e-13 
3.4190000000e+00 9.6856404450e-13 
3.4200000000e+00 9.7151239200e-13 
3.4210000000e+00 9.7446148950e-13 
3.4220000000e+00 9.7736935460e-13 
3.4230000000e+00 9.8037717890e-13 
3.4240000000e+00 9.8326627870e-13 
3.4250000000e+00 9.8623758120e-13 
3.4260000000e+00 9.8914989190e-13 
3.4270000000e+00 9.9222878260e-13 
3.4280000000e+00 9.9519565050e-13 
3.4290000000e+00 9.9818211960e-13 
3.4300000000e+00 1.0011843640e-12 
3.4310000000e+00 1.0042207610e-12 
3.4320000000e+00 1.0073076030e-12 
3.4330000000e+00 1.0102988890e-12 
3.4340000000e+00 1.0133230720e-12 
3.4350000000e+00 1.0163916370e-12 
3.4360000000e+00 1.0194958100e-12 
3.4370000000e+00 1.0225382580e-12 
3.4380000000e+00 1.0256764650e-12 
3.4390000000e+00 1.0288310600e-12 
3.4400000000e+00 1.0319247610e-12 
3.4410000000e+00 1.0350972980e-12 
3.4420000000e+00 1.0380819480e-12 
3.4430000000e+00 1.0412574530e-12 
3.4440000000e+00 1.0444264040e-12 
3.4450000000e+00 1.0475603520e-12 
3.4460000000e+00 1.0508228360e-12 
3.4470000000e+00 1.0539671840e-12 
3.4480000000e+00 1.0571636200e-12 
3.4490000000e+00 1.0603508250e-12 
3.4500000000e+00 1.0635919420e-12 
3.4510000000e+00 1.0668433570e-12 
3.4520000000e+00 1.0701056890e-12 
3.4530000000e+00 1.0733885490e-12 
3.4540000000e+00 1.0766875490e-12 
3.4550000000e+00 1.0799515160e-12 
3.4560000000e+00 1.0833233120e-12 
3.4570000000e+00 1.0865472840e-12 
3.4580000000e+00 1.0898941200e-12 
3.4590000000e+00 1.0932990700e-12 
3.4600000000e+00 1.0966015300e-12 
3.4610000000e+00 1.0999610210e-12 
3.4620000000e+00 1.1032339040e-12 
3.4630000000e+00 1.1066693250e-12 
3.4640000000e+00 1.1101058200e-12 
3.4650000000e+00 1.1134755110e-12 
3.4660000000e+00 1.1168920240e-12 
3.4670000000e+00 1.1203627430e-12 
3.4680000000e+00 1.1237119460e-12 
3.4690000000e+00 1.1272088450e-12 
3.4700000000e+00 1.1306257770e-12 
3.4710000000e+00 1.1341116580e-12 
3.4720000000e+00 1.1375589220e-12 
3.4730000000e+00 1.1411024950e-12 
3.4740000000e+00 1.1445489660e-12 
3.4750000000e+00 1.1480355560e-12 
3.4760000000e+00 1.1515693670e-12 
3.4770000000e+00 1.1551067420e-12 
3.4780000000e+00 1.1586900810e-12 
3.4790000000e+00 1.1621946880e-12 
3.4800000000e+00 1.1657970530e-12 
3.4810000000e+00 1.1694138380e-12 
3.4820000000e+00 1.1729199290e-12 
3.4830000000e+00 1.1765987550e-12 
3.4840000000e+00 1.1801589470e-12 
3.4850000000e+00 1.1837385640e-12 
3.4860000000e+00 1.1874545670e-12 
3.4870000000e+00 1.1911047750e-12 
3.4880000000e+00 1.1947708400e-12 
3.4890000000e+00 1.1984698880e-12 
3.4900000000e+00 1.2022221850e-12 
3.4910000000e+00 1.2059255940e-12 
3.4920000000e+00 1.2096104010e-12 
3.4930000000e+00 1.2133628630e-12 
3.4940000000e+00 1.2170599580e-12 
3.4950000000e+00 1.2207952550e-12 
3.4960000000e+00 1.2246042580e-12 
3.4970000000e+00 1.2283773040e-12 
3.4980000000e+00 1.2321265130e-12 
3.4990000000e+00 1.2359707270e-12 
3.5000000000e+00 1.2396973190e-12 
3.5010000000e+00 1.2436339980e-12 
3.5020000000e+00 1.2474286130e-12 
3.5030000000e+00 1.2512889850e-12 
3.5040000000e+00 1.2551754260e-12 
3.5050000000e+00 1.2590551430e-12 
3.5060000000e+00 1.2630100100e-12 
3.5070000000e+00 1.2668453600e-12 
3.5080000000e+00 1.2707271030e-12 
3.5090000000e+00 1.2746819110e-12 
3.5100000000e+00 1.2785859130e-12 
3.5110000000e+00 1.2825431210e-12 
3.5120000000e+00 1.2865384960e-12 
3.5130000000e+00 1.2905196100e-12 
3.5140000000e+00 1.2945689620e-12 
3.5150000000e+00 1.2986025750e-12 
3.5160000000e+00 1.3025779350e-12 
3.5170000000e+00 1.3065964780e-12 
3.5180000000e+00 1.3106590210e-12 
3.5190000000e+00 1.3147599820e-12 
3.5200000000e+00 1.3188492590e-12 
3.5210000000e+00 1.3229209030e-12 
3.5220000000e+00 1.3271175670e-12 
3.5230000000e+00 1.3312619220e-12 
3.5240000000e+00 1.3353873830e-12 
3.5250000000e+00 1.3395747800e-12 
3.5260000000e+00 1.3436864680e-12 
3.5270000000e+00 1.3479202400e-12 
3.5280000000e+00 1.3521071220e-12 
3.5290000000e+00 1.3563348810e-12 
3.5300000000e+00 1.3605719630e-12 
3.5310000000e+00 1.3649418370e-12 
3.5320000000e+00 1.3691717200e-12 
3.5330000000e+00 1.3733958370e-12 
3.5340000000e+00 1.3777491140e-12 
3.5350000000e+00 1.3820888920e-12 
3.5360000000e+00 1.3864615390e-12 
3.5370000000e+00 1.3907830860e-12 
3.5380000000e+00 1.3950827730e-12 
3.5390000000e+00 1.3995107730e-12 
3.5400000000e+00 1.4039829760e-12 
3.5410000000e+00 1.4083395670e-12 
3.5420000000e+00 1.4128338470e-12 
3.5430000000e+00 1.4172849130e-12 
3.5440000000e+00 1.4217120110e-12 
3.5450000000e+00 1.4262034880e-12 
3.5460000000e+00 1.4306248350e-12 
3.5470000000e+00 1.4352258510e-12 
3.5480000000e+00 1.4396558350e-12 
3.5490000000e+00 1.4442250540e-12 
3.5500000000e+00 1.4487272610e-12 
3.5510000000e+00 1.4533270400e-12 
3.5520000000e+00 1.4579180750e-12 
3.5530000000e+00 1.4625327390e-12 
3.5540000000e+00 1.4671313430e-12 
3.5550000000e+00 1.4717481400e-12 
3.5560000000e+00 1.4764348440e-12 
3.5570000000e+00 1.4811073830e-12 
3.5580000000e+00 1.4857425450e-12 
3.5590000000e+00 1.4903741640e-12 
3.5600000000e+00 1.4951977390e-12 
3.5610000000e+00 1.4998542900e-12 
3.5620000000e+00 1.5046608040e-12 
3.5630000000e+00 1.5093374620e-12 
3.5640000000e+00 1.5141578200e-12 
3.5650000000e+00 1.5189750140e-12 
3.5660000000e+00 1.5238539980e-12 
3.5670000000e+00 1.5286214570e-12 
3.5680000000e+00 1.5335230080e-12 
3.5690000000e+00 1.5383647730e-12 
3.5700000000e+00 1.5433090200e-12 
3.5710000000e+00 1.5482688800e-12 
3.5720000000e+00 1.5530799730e-12 
3.5730000000e+00 1.5580902740e-12 
3.5740000000e+00 1.5631101920e-12 
3.5750000000e+00 1.5681106210e-12 
3.5760000000e+00 1.5731143240e-12 
3.5770000000e+00 1.5780521640e-12 
3.5780000000e+00 1.5831054330e-12 
3.5790000000e+00 1.5882227470e-12 
3.5800000000e+00 1.5932612390e-12 
3.5810000000e+00 1.5983777640e-12 
3.5820000000e+00 1.6034517900e-12 
3.5830000000e+00 1.6085936360e-12 
3.5840000000e+00 1.6137321100e-12 
3.5850000000e+00 1.6188450030e-12 
3.5860000000e+00 1.6240797720e-12 
3.5870000000e+00 1.6293021130e-12 
3.5880000000e+00 1.6344612690e-12 
3.5890000000e+00 1.6397402010e-12 
3.5900000000e+00 1.6449993850e-12 
3.5910000000e+00 1.6502812170e-12 
3.5920000000e+00 1.6555558150e-12 
3.5930000000e+00 1.6608237940e-12 
3.5940000000e+00 1.6661597320e-12 
3.5950000000e+00 1.6715849320e-12 
3.5960000000e+00 1.6769565270e-12 
3.5970000000e+00 1.6823261030e-12 
3.5980000000e+00 1.6877176760e-12 
3.5990000000e+00 1.6930305700e-12 
3.6000000000e+00 1.6985260720e-12 
3.6010000000e+00 1.7040776050e-12 
3.6020000000e+00 1.7094823590e-12 
3.6030000000e+00 1.7150727400e-12 
3.6040000000e+00 1.7205320200e-12 
3.6050000000e+00 1.7261057990e-12 
3.6060000000e+00 1.7316919390e-12 
3.6070000000e+00 1.7371551510e-12 
3.6080000000e+00 1.7428243940e-12 
3.6090000000e+00 1.7484134580e-12 
3.6100000000e+00 1.7540817030e-12 
3.6110000000e+00 1.7597532330e-12 
3.6120000000e+00 1.7653585700e-12 
3.6130000000e+00 1.7710900660e-12 
3.6140000000e+00 1.7767451230e-12 
3.6150000000e+00 1.7825307220e-12 
3.6160000000e+00 1.7883616420e-12 
3.6170000000e+00 1.7941021170e-12 
3.6180000000e+00 1.7998960510e-12 
3.6190000000e+00 1.8056586420e-12 
3.6200000000e+00 1.8115699270e-12 
3.6210000000e+00 1.8174256330e-12 
3.6220000000e+00 1.8233786450e-12 
3.6230000000e+00 1.8292010810e-12 
3.6240000000e+00 1.8351310490e-12 
3.6250000000e+00 1.8411359260e-12 
3.6260000000e+00 1.8470513660e-12 
3.6270000000e+00 1.8530993860e-12 
3.6280000000e+00 1.8590899180e-12 
3.6290000000e+00 1.8651259070e-12 
3.6300000000e+00 1.8711503310e-12 
3.6310000000e+00 1.8772026760e-12 
3.6320000000e+00 1.8833501960e-12 
3.6330000000e+00 1.8894755690e-12 
3.6340000000e+00 1.8956391370e-12 
3.6350000000e+00 1.9017543650e-12 
3.6360000000e+00 1.9080450180e-12 
3.6370000000e+00 1.9142750980e-12 
3.6380000000e+00 1.9205541450e-12 
3.6390000000e+00 1.9269337780e-12 
3.6400000000e+00 1.9332901360e-12 
3.6410000000e+00 1.9395997760e-12 
3.6420000000e+00 1.9459695830e-12 
3.6430000000e+00 1.9524568160e-12 
3.6440000000e+00 1.9588755420e-12 
3.6450000000e+00 1.9653786880e-12 
3.6460000000e+00 1.9719004550e-12 
3.6470000000e+00 1.9784337390e-12 
3.6480000000e+00 1.9849516020e-12 
3.6490000000e+00 1.9915322240e-12 
3.6500000000e+00 1.9982287790e-12 
3.6510000000e+00 2.0047457180e-12 
3.6520000000e+00 2.0113856810e-12 
3.6530000000e+00 2.0180720110e-12 
3.6540000000e+00 2.0247372380e-12 
3.6550000000e+00 2.0314960260e-12 
3.6560000000e+00 2.0382497850e-12 
3.6570000000e+00 2.0450411170e-12 
3.6580000000e+00 2.0517576490e-12 
3.6590000000e+00 2.0586646350e-12 
3.6600000000e+00 2.0655285590e-12 
3.6610000000e+00 2.0723134900e-12 
3.6620000000e+00 2.0792278710e-12 
3.6630000000e+00 2.0861981770e-12 
3.6640000000e+00 2.0930865510e-12 
3.6650000000e+00 2.1001125060e-12 
3.6660000000e+00 2.1070638290e-12 
3.6670000000e+00 2.1141071890e-12 
3.6680000000e+00 2.1211151730e-12 
3.6690000000e+00 2.1283014450e-12 
3.6700000000e+00 2.1353161510e-12 
3.6710000000e+00 2.1425170730e-12 
3.6720000000e+00 2.1496470900e-12 
3.6730000000e+00 2.1568175240e-12 
3.6740000000e+00 2.1640624130e-12 
3.6750000000e+00 2.1713282980e-12 
3.6760000000e+00 2.1785461480e-12 
3.6770000000e+00 2.1857989600e-12 
3.6780000000e+00 2.1931807190e-12 
3.6790000000e+00 2.2005439590e-12 
3.6800000000e+00 2.2078756480e-12 
3.6810000000e+00 2.2153452620e-12 
3.6820000000e+00 2.2226490890e-12 
3.6830000000e+00 2.2301739440e-12 
3.6840000000e+00 2.2376614530e-12 
3.6850000000e+00 2.2451391820e-12 
3.6860000000e+00 2.2527232530e-12 
3.6870000000e+00 2.2602847910e-12 
3.6880000000e+00 2.2678432150e-12 
3.6890000000e+00 2.2755677000e-12 
3.6900000000e+00 2.2831718850e-12 
3.6910000000e+00 2.2908155470e-12 
3.6920000000e+00 2.2984809270e-12 
3.6930000000e+00 2.3062363160e-12 
3.6940000000e+00 2.3140324180e-12 
3.6950000000e+00 2.3218437440e-12 
3.6960000000e+00 2.3296843800e-12 
3.6970000000e+00 2.3375164400e-12 
3.6980000000e+00 2.3454677200e-12 
3.6990000000e+00 2.3533389560e-12 
3.7000000000e+00 2.3612525370e-12 
3.7010000000e+00 2.3692817690e-12 
3.7020000000e+00 2.3772952680e-12 
3.7030000000e+00 2.3853723990e-12 
3.7040000000e+00 2.3934661450e-12 
3.7050000000e+00 2.4014908690e-12 
3.7060000000e+00 2.4096617000e-12 
3.7070000000e+00 2.4177912830e-12 
3.7080000000e+00 2.4260421100e-12 
3.7090000000e+00 2.4343086980e-12 
3.7100000000e+00 2.4423926390e-12 
3.7110000000e+00 2.4507981940e-12 
3.7120000000e+00 2.4591332280e-12 
3.7130000000e+00 2.4673822770e-12 
3.7140000000e+00 2.4758394620e-12 
3.7150000000e+00 2.4841570340e-12 
3.7160000000e+00 2.4927175640e-12 
3.7170000000e+00 2.5011726560e-12 
3.7180000000e+00 2.5096812520e-12 
3.7190000000e+00 2.5182180700e-12 
3.7200000000e+00 2.5267459260e-12 
3.7210000000e+00 2.5354296080e-12 
3.7220000000e+00 2.5440771610e-12 
3.7230000000e+00 2.5527215790e-12 
3.7240000000e+00 2.5613808190e-12 
3.7250000000e+00 2.5701252590e-12 
3.7260000000e+00 2.5789872680e-12 
3.7270000000e+00 2.5877063820e-12 
3.7280000000e+00 2.5965850320e-12 
3.7290000000e+00 2.6054784670e-12 
3.7300000000e+00 2.6144115340e-12 
3.7310000000e+00 2.6234094980e-12 
3.7320000000e+00 2.6322787350e-12 
3.7330000000e+00 2.6414644380e-12 
3.7340000000e+00 2.6504672670e-12 
3.7350000000e+00 2.6595518650e-12 
3.7360000000e+00 2.6687374400e-12 
3.7370000000e+00 2.6779193430e-12 
3.7380000000e+00 2.6871744270e-12 
3.7390000000e+00 2.6963629560e-12 
3.7400000000e+00 2.7056768680e-12 
3.7410000000e+00 2.7149033210e-12 
3.7420000000e+00 2.7243602010e-12 
3.7430000000e+00 2.7337770190e-12 
3.7440000000e+00 2.7431834260e-12 
3.7450000000e+00 2.7527337660e-12 
3.7460000000e+00 2.7621562960e-12 
3.7470000000e+00 2.7717171030e-12 
3.7480000000e+00 2.7813163410e-12 
3.7490000000e+00 2.7909230900e-12 
3.7500000000e+00 2.8006829850e-12 
3.7510000000e+00 2.8103410290e-12 
3.7520000000e+00 2.8199956970e-12 
3.7530000000e+00 2.8297775200e-12 
3.7540000000e+00 2.8396747940e-12 
3.7550000000e+00 2.8494763470e-12 
3.7560000000e+00 2.8593363120e-12 
3.7570000000e+00 2.8693300750e-12 
3.7580000000e+00 2.8792103960e-12 
3.7590000000e+00 2.8892764110e-12 
3.7600000000e+00 2.8994279550e-12 
3.7610000000e+00 2.9093857670e-12 
3.7620000000e+00 2.9195933110e-12 
3.7630000000e+00 2.9298033580e-12 
3.7640000000e+00 2.9399654200e-12 
3.7650000000e+00 2.9503386870e-12 
3.7660000000e+00 2.9606129850e-12 
3.7670000000e+00 2.9710193110e-12 
3.7680000000e+00 2.9813734750e-12 
3.7690000000e+00 2.9918198470e-12 
3.7700000000e+00 3.0022977530e-12 
3.7710000000e+00 3.0128222220e-12 
3.7720000000e+00 3.0233721480e-12 
3.7730000000e+00 3.0339435540e-12 
3.7740000000e+00 3.0447509360e-12 
3.7750000000e+00 3.0553995260e-12 
3.7760000000e+00 3.0661132660e-12 
3.7770000000e+00 3.0769254870e-12 
3.7780000000e+00 3.0876732950e-12 
3.7790000000e+00 3.0985444510e-12 
3.7800000000e+00 3.1095182670e-12 
3.7810000000e+00 3.1204944440e-12 
3.7820000000e+00 3.1314725700e-12 
3.7830000000e+00 3.1424618380e-12 
3.7840000000e+00 3.1536610790e-12 
3.7850000000e+00 3.1647559420e-12 
3.7860000000e+00 3.1759621750e-12 
3.7870000000e+00 3.1871987720e-12 
3.7880000000e+00 3.1985125440e-12 
3.7890000000e+00 3.2097686820e-12 
3.7900000000e+00 3.2210833020e-12 
3.7910000000e+00 3.2325894130e-12 
3.7920000000e+00 3.2440593660e-12 
3.7930000000e+00 3.2555016990e-12 
3.7940000000e+00 3.2671252680e-12 
3.7950000000e+00 3.2786976120e-12 
3.7960000000e+00 3.2903413230e-12 
3.7970000000e+00 3.3019970720e-12 
3.7980000000e+00 3.3138179470e-12 
3.7990000000e+00 3.3255654130e-12 
3.8000000000e+00 3.3374067590e-12 
3.8010000000e+00 3.3492720040e-12 
3.8020000000e+00 3.3611603020e-12 
3.8030000000e+00 3.3732140860e-12 
3.8040000000e+00 3.3852445320e-12 
3.8050000000e+00 3.3973773640e-12 
3.8060000000e+00 3.4095242210e-12 
3.8070000000e+00 3.4216042590e-12 
3.8080000000e+00 3.4339148920e-12 
3.8090000000e+00 3.4461532530e-12 
3.8100000000e+00 3.4584812010e-12 
3.8110000000e+00 3.4708584130e-12 
3.8120000000e+00 3.4834047650e-12 
3.8130000000e+00 3.4959021890e-12 
3.8140000000e+00 3.5083884790e-12 
3.8150000000e+00 3.5209876920e-12 
3.8160000000e+00 3.5337220280e-12 
3.8170000000e+00 3.5464813120e-12 
3.8180000000e+00 3.5592949590e-12 
3.8190000000e+00 3.5721021990e-12 
3.8200000000e+00 3.5850018140e-12 
3.8210000000e+00 3.5979699800e-12 
3.8220000000e+00 3.6110124940e-12 
3.8230000000e+00 3.6241204210e-12 
3.8240000000e+00 3.6371076250e-12 
3.8250000000e+00 3.6503224830e-12 
3.8260000000e+00 3.6634777900e-12 
3.8270000000e+00 3.6767803110e-12 
3.8280000000e+00 3.6901007400e-12 
3.8290000000e+00 3.7034965060e-12 
3.8300000000e+00 3.7169464990e-12 
3.8310000000e+00 3.7304720100e-12 
3.8320000000e+00 3.7440707280e-12 
3.8330000000e+00 3.7576735040e-12 
3.8340000000e+00 3.7713845500e-12 
3.8350000000e+00 3.7850900190e-12 
3.8360000000e+00 3.7989924960e-12 
3.8370000000e+00 3.8127592460e-12 
3.8380000000e+00 3.8267070890e-12 
3.8390000000e+00 3.8406206820e-12 
3.8400000000e+00 3.8546844400e-12 
3.8410000000e+00 3.8687134900e-12 
3.8420000000e+00 3.8829016190e-12 
3.8430000000e+00 3.8971252010e-12 
3.8440000000e+00 3.9114470890e-12 
3.8450000000e+00 3.9256909850e-12 
3.8460000000e+00 3.9401033360e-12 
3.8470000000e+00 3.9545921380e-12 
3.8480000000e+00 3.9690371830e-12 
3.8490000000e+00 3.9836314190e-12 
3.8500000000e+00 3.9982977610e-12 
3.8510000000e+00 4.0130011020e-12 
3.8520000000e+00 4.0277539600e-12 
3.8530000000e+00 4.0425755340e-12 
3.8540000000e+00 4.0575201130e-12 
3.8550000000e+00 4.0724949460e-12 
3.8560000000e+00 4.0874062060e-12 
3.8570000000e+00 4.1025193650e-12 
3.8580000000e+00 4.1176560450e-12 
3.8590000000e+00 4.1328540330e-12 
3.8600000000e+00 4.1480418100e-12 
3.8610000000e+00 4.1635321360e-12 
3.8620000000e+00 4.1788610710e-12 
3.8630000000e+00 4.1943228900e-12 
3.8640000000e+00 4.2099556650e-12 
3.8650000000e+00 4.2255300420e-12 
3.8660000000e+00 4.2412483190e-12 
3.8670000000e+00 4.2570273530e-12 
3.8680000000e+00 4.2727990340e-12 
3.8690000000e+00 4.2886448020e-12 
3.8700000000e+00 4.3046018180e-12 
3.8710000000e+00 4.3206299630e-12 
3.8720000000e+00 4.3367467630e-12 
3.8730000000e+00 4.3528344000e-12 
3.8740000000e+00 4.3692019770e-12 
3.8750000000e+00 4.3853791120e-12 
3.8760000000e+00 4.4017747440e-12 
3.8770000000e+00 4.4182750230e-12 
3.8780000000e+00 4.4347612960e-12 
3.8790000000e+00 4.4513702600e-12 
3.8800000000e+00 4.4679778090e-12 
3.8810000000e+00 4.4847880970e-12 
3.8820000000e+00 4.5015510820e-12 
3.8830000000e+00 4.5184728670e-12 
3.8840000000e+00 4.5354062180e-12 
3.8850000000e+00 4.5524530420e-12 
3.8860000000e+00 4.5695216280e-12 
3.8870000000e+00 4.5867554330e-12 
3.8880000000e+00 4.6040340940e-12 
3.8890000000e+00 4.6213409300e-12 
3.8900000000e+00 4.6387868270e-12 
3.8910000000e+00 4.6562715100e-12 
3.8920000000e+00 4.6738241990e-12 
3.8930000000e+00 4.6914711920e-12 
3.8940000000e+00 4.7092425430e-12 
3.8950000000e+00 4.7270043500e-12 
3.8960000000e+00 4.7448580990e-12 
3.8970000000e+00 4.7628501370e-12 
3.8980000000e+00 4.7809083860e-12 
3.8990000000e+00 4.7990572600e-12 
3.9000000000e+00 4.8171743420e-12 
3.9010000000e+00 4.8355829350e-12 
3.9020000000e+00 4.8540367650e-12 
3.9030000000e+00 4.8723614000e-12 
3.9040000000e+00 4.8910463970e-12 
3.9050000000e+00 4.9096121860e-12 
3.9060000000e+00 4.9283712070e-12 
3.9070000000e+00 4.9470920150e-12 
3.9080000000e+00 4.9659497940e-12 
3.9090000000e+00 4.9850126310e-12 
3.9100000000e+00 5.0039772380e-12 
3.9110000000e+00 5.0231719270e-12 
3.9120000000e+00 5.0424174680e-12 
3.9130000000e+00 5.0617604130e-12 
3.9140000000e+00 5.0810578750e-12 
3.9150000000e+00 5.1006199960e-12 
3.9160000000e+00 5.1201109190e-12 
3.9170000000e+00 5.1398121190e-12 
3.9180000000e+00 5.1596250150e-12 
3.9190000000e+00 5.1796053480e-12 
3.9200000000e+00 5.1995222970e-12 
3.9210000000e+00 5.2194192500e-12 
3.9220000000e+00 5.2396351550e-12 
3.9230000000e+00 5.2597326660e-12 
3.9240000000e+00 5.2801265630e-12 
3.9250000000e+00 5.3005056100e-12 
3.9260000000e+00 5.3211051740e-12 
3.9270000000e+00 5.3416077500e-12 
3.9280000000e+00 5.3622904260e-12 
3.9290000000e+00 5.3830944980e-12 
3.9300000000e+00 5.4040099330e-12 
3.9310000000e+00 5.4249920220e-12 
3.9320000000e+00 5.4460572360e-12 
3.9330000000e+00 5.4673582290e-12 
3.9340000000e+00 5.4884987550e-12 
3.9350000000e+00 5.5099643990e-12 
3.9360000000e+00 5.5314004770e-12 
3.9370000000e+00 5.5529594350e-12 
3.9380000000e+00 5.5747237440e-12 
3.9390000000e+00 5.5964602820e-12 
3.9400000000e+00 5.6183292370e-12 
3.9410000000e+00 5.6403056620e-12 
3.9420000000e+00 5.6624351050e-12 
3.9430000000e+00 5.6846279330e-12 
3.9440000000e+00 5.7069110580e-12 
3.9450000000e+00 5.7293800050e-12 
3.9460000000e+00 5.7518919300e-12 
3.9470000000e+00 5.7745415120e-12 
3.9480000000e+00 5.7973287060e-12 
3.9490000000e+00 5.8202760940e-12 
3.9500000000e+00 5.8433481860e-12 
3.9510000000e+00 5.8663914760e-12 
3.9520000000e+00 5.8896636750e-12 
3.9530000000e+00 5.9129817830e-12 
3.9540000000e+00 5.9364389170e-12 
3.9550000000e+00 5.9600588520e-12 
3.9560000000e+00 5.9837841250e-12 
3.9570000000e+00 6.0075824980e-12 
3.9580000000e+00 6.0315038540e-12 
3.9590000000e+00 6.0556008180e-12 
3.9600000000e+00 6.0798072830e-12 
3.9610000000e+00 6.1040263800e-12 
3.9620000000e+00 6.1284487690e-12 
3.9630000000e+00 6.1528943710e-12 
3.9640000000e+00 6.1776380180e-12 
3.9650000000e+00 6.2023341730e-12 
3.9660000000e+00 6.2272236100e-12 
3.9670000000e+00 6.2522323630e-12 
3.9680000000e+00 6.2773378200e-12 
3.9690000000e+00 6.3026190910e-12 
3.9700000000e+00 6.3279646460e-12 
3.9710000000e+00 6.3535524210e-12 
3.9720000000e+00 6.3791818630e-12 
3.9730000000e+00 6.4049498490e-12 
3.9740000000e+00 6.4308408810e-12 
3.9750000000e+00 6.4568022880e-12 
3.9760000000e+00 6.4829952720e-12 
3.9770000000e+00 6.5091747960e-12 
3.9780000000e+00 6.5356156850e-12 
3.9790000000e+00 6.5621840150e-12 
3.9800000000e+00 6.5888108210e-12 
3.9810000000e+00 6.6155839920e-12 
3.9820000000e+00 6.6426652010e-12 
3.9830000000e+00 6.6696725350e-12 
3.9840000000e+00 6.6969092280e-12 
3.9850000000e+00 6.7242743480e-12 
3.9860000000e+00 6.7518035730e-12 
3.9870000000e+00 6.7793874150e-12 
3.9880000000e+00 6.8072582960e-12 
3.9890000000e+00 6.8350773840e-12 
3.9900000000e+00 6.8631735560e-12 
3.9910000000e+00 6.8913667710e-12 
3.9920000000e+00 6.9197048130e-12 
3.9930000000e+00 6.9482095670e-12 
3.9940000000e+00 6.9769131510e-12 
3.9950000000e+00 7.0056446670e-12 
3.9960000000e+00 7.0346185710e-12 
3.9970000000e+00 7.0635791640e-12 
3.9980000000e+00 7.0928848100e-12 
3.9990000000e+00 7.1223282670e-12 
4.0000000000e+00 7.1518169540e-12 
4.0010000000e+00 7.1814853330e-12 
4.0020000000e+00 7.2113930900e-12 
4.0030000000e+00 7.2413515680e-12 
4.0040000000e+00 7.2715710460e-12 
4.0050000000e+00 7.3018010400e-12 
4.0060000000e+00 7.3323078030e-12 
4.0070000000e+00 7.3628924410e-12 
4.0080000000e+00 7.3937504000e-12 
4.0090000000e+00 7.4246977990e-12 
4.0100000000e+00 7.4557995740e-12 
4.0110000000e+00 7.4870370710e-12 
4.0120000000e+00 7.5184492950e-12 
4.0130000000e+00 7.5500409910e-12 
4.0140000000e+00 7.5818438530e-12 
4.0150000000e+00 7.6137790810e-12 
4.0160000000e+00 7.6458027560e-12 
4.0170000000e+00 7.6781370520e-12 
4.0180000000e+00 7.7106254710e-12 
4.0190000000e+00 7.7432119660e-12 
4.0200000000e+00 7.7760226720e-12 
4.0210000000e+00 7.8089768770e-12 
4.0220000000e+00 7.8421148310e-12 
4.0230000000e+00 7.8755060250e-12 
4.0240000000e+00 7.9089436210e-12 
4.0250000000e+00 7.9426224270e-12 
4.0260000000e+00 7.9765427970e-12 
4.0270000000e+00 8.0105753810e-12 
4.0280000000e+00 8.0446896180e-12 
4.0290000000e+00 8.0792093890e-12 
4.0300000000e+00 8.1137799790e-12 
4.0310000000e+00 8.1485853320e-12 
4.0320000000e+00 8.1835082740e-12 
4.0330000000e+00 8.2187427180e-12 
4.0340000000e+00 8.2540947540e-12 
4.0350000000e+00 8.2896173660e-12 
4.0360000000e+00 8.3253672940e-12 
4.0370000000e+00 8.3613971020e-12 
4.0380000000e+00 8.3974838590e-12 
4.0390000000e+00 8.4337718190e-12 
4.0400000000e+00 8.4703682650e-12 
4.0410000000e+00 8.5072344840e-12 
4.0420000000e+00 8.5441918210e-12 
4.0430000000e+00 8.5812732020e-12 
4.0440000000e+00 8.6186391670e-12 
4.0450000000e+00 8.6562691690e-12 
4.0460000000e+00 8.6940006130e-12 
4.0470000000e+00 8.7320744730e-12 
4.0480000000e+00 8.7703110450e-12 
4.0490000000e+00 8.8087079510e-12 
4.0500000000e+00 8.8473530410e-12 
4.0510000000e+00 8.8862777940e-12 
4.0520000000e+00 8.9253216120e-12 
4.0530000000e+00 8.9647694590e-12 
4.0540000000e+00 9.0042703600e-12 
4.0550000000e+00 9.0440760420e-12 
4.0560000000e+00 9.0840778150e-12 
4.0570000000e+00 9.1243166610e-12 
4.0580000000e+00 9.1647566380e-12 
4.0590000000e+00 9.2054784870e-12 
4.0600000000e+00 9.2463430120e-12 
4.0610000000e+00 9.2875544940e-12 
4.0620000000e+00 9.3289507040e-12 
4.0630000000e+00 9.3706041870e-12 
4.0640000000e+00 9.4123428560e-12 
4.0650000000e+00 9.4542352840e-12 
4.0660000000e+00 9.4964443590e-12 
4.0670000000e+00 9.5388429960e-12 
4.0680000000e+00 9.5815177760e-12 
4.0690000000e+00 9.6243796240e-12 
4.0700000000e+00 9.6676270080e-12 
4.0710000000e+00 9.7110797180e-12 
4.0720000000e+00 9.7548830600e-12 
4.0730000000e+00 9.7988784600e-12 
4.0740000000e+00 9.8430931730e-12 
4.0750000000e+00 9.8876820160e-12 
4.0760000000e+00 9.9324575830e-12 
4.0770000000e+00 9.9775315020e-12 
4.0780000000e+00 1.0022914320e-11 
4.0790000000e+00 1.0068481870e-11 
4.0800000000e+00 1.0114403610e-11 
4.0810000000e+00 1.0160518830e-11 
4.0820000000e+00 1.0207061760e-11 
4.0830000000e+00 1.0253688680e-11 
4.0840000000e+00 1.0300724060e-11 
4.0850000000e+00 1.0348114940e-11 
4.0860000000e+00 1.0395686800e-11 
4.0870000000e+00 1.0443590380e-11 
4.0880000000e+00 1.0491736790e-11 
4.0890000000e+00 1.0540184990e-11 
4.0900000000e+00 1.0589132750e-11 
4.0910000000e+00 1.0638096680e-11 
4.0920000000e+00 1.0687543870e-11 
4.0930000000e+00 1.0737296790e-11 
4.0940000000e+00 1.0787285420e-11 
4.0950000000e+00 1.0837715340e-11 
4.0960000000e+00 1.0888412000e-11 
4.0970000000e+00 1.0939373600e-11 
4.0980000000e+00 1.0990698990e-11 
4.0990000000e+00 1.1042404940e-11 
4.1000000000e+00 1.1094400880e-11 
4.1010000000e+00 1.1146604360e-11 
4.1020000000e+00 1.1199254370e-11 
4.1030000000e+00 1.1252204960e-11 
4.1040000000e+00 1.1305586520e-11 
4.1050000000e+00 1.1359360060e-11 
4.1060000000e+00 1.1413290900e-11 
4.1070000000e+00 1.1467727850e-11 
4.1080000000e+00 1.1522554780e-11 
4.1090000000e+00 1.1577589470e-11 
4.1100000000e+00 1.1633095940e-11 
4.1110000000e+00 1.1688835080e-11 
4.1120000000e+00 1.1745065700e-11 
4.1130000000e+00 1.1801712850e-11 
4.1140000000e+00 1.1858619510e-11 
4.1150000000e+00 1.1915955490e-11 
4.1160000000e+00 1.1973721050e-11 
4.1170000000e+00 1.2031827840e-11 
4.1180000000e+00 1.2090349220e-11 
4.1190000000e+00 1.2149241830e-11 
4.1200000000e+00 1.2208558870e-11 
4.1210000000e+00 1.2268183160e-11 
4.1220000000e+00 1.2328414450e-11 
4.1230000000e+00 1.2388977850e-11 
4.1240000000e+00 1.2449842270e-11 
4.1250000000e+00 1.2511275670e-11 
4.1260000000e+00 1.2573071050e-11 
4.1270000000e+00 1.2635368160e-11 
4.1280000000e+00 1.2697999870e-11 
4.1290000000e+00 1.2761162730e-11 
4.1300000000e+00 1.2824740370e-11 
4.1310000000e+00 1.2888758020e-11 
4.1320000000e+00 1.2953270050e-11 
4.1330000000e+00 1.3018121460e-11 
4.1340000000e+00 1.3083611610e-11 
4.1350000000e+00 1.3149446630e-11 
4.1360000000e+00 1.3215746960e-11 
4.1370000000e+00 1.3282710490e-11 
4.1380000000e+00 1.3350031700e-11 
4.1390000000e+00 1.3417840880e-11 
4.1400000000e+00 1.3486149580e-11 
4.1410000000e+00 1.3555051060e-11 
4.1420000000e+00 1.3624259360e-11 
4.1430000000e+00 1.3694175780e-11 
4.1440000000e+00 1.3764599660e-11 
4.1450000000e+00 1.3835517140e-11 
4.1460000000e+00 1.3906967440e-11 
4.1470000000e+00 1.3978892520e-11 
4.1480000000e+00 1.4051516240e-11 
4.1490000000e+00 1.4124568210e-11 
4.1500000000e+00 1.4198137740e-11 
4.1510000000e+00 1.4272432100e-11 
4.1520000000e+00 1.4347227280e-11 
4.1530000000e+00 1.4422600850e-11 
4.1540000000e+00 1.4498497740e-11 
4.1550000000e+00 1.4575081160e-11 
4.1560000000e+00 1.4652143560e-11 
4.1570000000e+00 1.4729910980e-11 
4.1580000000e+00 1.4808379070e-11 
4.1590000000e+00 1.4887375350e-11 
4.1600000000e+00 1.4966969850e-11 
4.1610000000e+00 1.5047335130e-11 
4.1620000000e+00 1.5128263180e-11 
4.1630000000e+00 1.5209838180e-11 
4.1640000000e+00 1.5292171470e-11 
4.1650000000e+00 1.5374983590e-11 
4.1660000000e+00 1.5458629390e-11 
4.1670000000e+00 1.5542990010e-11 
4.1680000000e+00 1.5628069180e-11 
4.1690000000e+00 1.5713788960e-11 
4.1700000000e+00 1.5800199440e-11 
4.1710000000e+00 1.5887451780e-11 
4.1720000000e+00 1.5975407340e-11 
4.1730000000e+00 1.6064093650e-11 
4.1740000000e+00 1.6153523020e-11 
4.1750000000e+00 1.6243794040e-11 
4.1760000000e+00 1.6334738540e-11 
4.1770000000e+00 1.6426359890e-11 
4.1780000000e+00 1.6518942650e-11 
4.1790000000e+00 1.6612415110e-11 
4.1800000000e+00 1.6706692110e-11 
4.1810000000e+00 1.6801842640e-11 
4.1820000000e+00 1.6897804700e-11 
4.1830000000e+00 1.6994553680e-11 
4.1840000000e+00 1.7092332260e-11 
4.1850000000e+00 1.7190961660e-11 
4.1860000000e+00 1.7290516750e-11 
4.1870000000e+00 1.7390951400e-11 
4.1880000000e+00 1.7492308170e-11 
4.1890000000e+00 1.7594617470e-11 
4.1900000000e+00 1.7697989910e-11 
4.1910000000e+00 1.7802311140e-11 
4.1920000000e+00 1.7907613400e-11 
4.1930000000e+00 1.8013900770e-11 
4.1940000000e+00 1.8121206640e-11 
4.1950000000e+00 1.8229664240e-11 
4.1960000000e+00 1.8339058240e-11 
4.1970000000e+00 1.8449680230e-11 
4.1980000000e+00 1.8561411530e-11 
4.1990000000e+00 1.8674117940e-11 
4.2000000000e+00 1.8787986850e-11 
4.2010000000e+00 1.8903066800e-11 
4.2020000000e+00 1.9019356210e-11 
4.2030000000e+00 1.9136809590e-11 
4.2040000000e+00 1.9255564420e-11 
4.2050000000e+00 1.9375515410e-11 
4.2060000000e+00 1.9496706790e-11 
4.2070000000e+00 1.9619215630e-11 
4.2080000000e+00 1.9742996470e-11 
4.2090000000e+00 1.9868189350e-11 
4.2100000000e+00 1.9994707840e-11 
4.2110000000e+00 2.0122763570e-11 
4.2120000000e+00 2.0252050300e-11 
4.2130000000e+00 2.0382812880e-11 
4.2140000000e+00 2.0515101990e-11 
4.2150000000e+00 2.0648952820e-11 
4.2160000000e+00 2.0784386320e-11 
4.2170000000e+00 2.0921343280e-11 
4.2180000000e+00 2.1059899880e-11 
4.2190000000e+00 2.1200087070e-11 
4.2200000000e+00 2.1342029280e-11 
4.2210000000e+00 2.1485667270e-11 
4.2220000000e+00 2.1630933760e-11 
4.2230000000e+00 2.1778068700e-11 
4.2240000000e+00 2.1927037950e-11 
4.2250000000e+00 2.2077855910e-11 
4.2260000000e+00 2.2230575090e-11 
4.2270000000e+00 2.2385201780e-11 
4.2280000000e+00 2.2542166510e-11 
4.2290000000e+00 2.2700851400e-11 
4.2300000000e+00 2.2861719100e-11 
4.2310000000e+00 2.3024639220e-11 
4.2320000000e+00 2.3189710820e-11 
4.2330000000e+00 2.3357117210e-11 
4.2340000000e+00 2.3526939890e-11 
4.2350000000e+00 2.3698938780e-11 
4.2360000000e+00 2.3873424690e-11 
4.2370000000e+00 2.4050389950e-11 
4.2380000000e+00 2.4229934220e-11 
4.2390000000e+00 2.4412058740e-11 
4.2400000000e+00 2.4597050440e-11 
4.2410000000e+00 2.4784575700e-11 
4.2420000000e+00 2.4974976440e-11 
4.2430000000e+00 2.5168060780e-11 
4.2440000000e+00 2.5364358770e-11 
4.2450000000e+00 2.5563911130e-11 
4.2460000000e+00 2.5766989230e-11 
4.2470000000e+00 2.5973085550e-11 
4.2480000000e+00 2.6182496390e-11 
4.2490000000e+00 2.6395372200e-11 
4.2500000000e+00 2.6611926750e-11 
4.2510000000e+00 2.6832262610e-11 
4.2520000000e+00 2.7056316930e-11 
4.2530000000e+00 2.7284508800e-11 
4.2540000000e+00 2.7516728560e-11 
4.2550000000e+00 2.7753297510e-11 
4.2560000000e+00 2.7994260630e-11 
4.2570000000e+00 2.8239835870e-11 
4.2580000000e+00 2.8490275180e-11 
4.2590000000e+00 2.8745585010e-11 
4.2600000000e+00 2.9006002270e-11 
4.2610000000e+00 2.9271985200e-11 
4.2620000000e+00 2.9543302760e-11 
4.2630000000e+00 2.9820548580e-11 
4.2640000000e+00 3.0103791940e-11 
4.2650000000e+00 3.0393446790e-11 
4.2660000000e+00 3.0689729310e-11 
4.2670000000e+00 3.0992378990e-11 
4.2680000000e+00 3.1302687500e-11 
4.2690000000e+00 3.1620720200e-11 
4.2700000000e+00 3.1946741420e-11 
4.2710000000e+00 3.2281128380e-11 
4.2720000000e+00 3.2624326210e-11 
4.2730000000e+00 3.2976961110e-11 
4.2740000000e+00 3.3339380110e-11 
4.2750000000e+00 3.3712352960e-11 
4.2760000000e+00 3.4096404780e-11 
4.2770000000e+00 3.4492251760e-11 
4.2780000000e+00 3.4901326910e-11 
4.2790000000e+00 3.5323432350e-11 
4.2800000000e+00 3.5759757030e-11 
4.2810000000e+00 3.6211626100e-11 
4.2820000000e+00 3.6680246890e-11 
4.2830000000e+00 3.7166756480e-11 
4.2840000000e+00 3.7672218850e-11 
4.2850000000e+00 3.8199516430e-11 
4.2860000000e+00 3.8750260310e-11 
4.2870000000e+00 3.9326604500e-11 
4.2880000000e+00 3.9932252290e-11 
4.2890000000e+00 4.0568903080e-11 
4.2900000000e+00 4.1240370260e-11 
4.2910000000e+00 4.1952695290e-11 
4.2920000000e+00 4.2712077910e-11 
4.2930000000e+00 4.3524230340e-11 
4.2940000000e+00 4.4398071610e-11 
4.2945000000e+00 4.4863733810e-11 
4.2950000000e+00 4.5349195480e-11 
4.2955000000e+00 4.5856251440e-11 
4.2960000000e+00 4.6390006260e-11 
4.2962500000e+00 4.6668734220e-11 
4.2965000000e+00 4.6953844150e-11 
4.2967500000e+00 4.7246163730e-11 
4.2970000000e+00 4.7548048200e-11 
4.2972500000e+00 4.7859550120e-11 
4.2975000000e+00 4.8182311820e-11 
4.2977500000e+00 4.8514971180e-11 
4.2980000000e+00 4.8858374320e-11 
4.2985000000e+00 9.2612236700e-08 
4.2990000000e+00 9.3254655020e-08 
4.3000000000e+00 9.4549868600e-08 
4.3010000000e+00 9.5858954590e-08 
4.3020000000e+00 9.7181725850e-08 
4.3030000000e+00 9.8518301760e-08 
4.3040000000e+00 9.9868804400e-08 
4.3050000000e+00 1.0123343490e-07 
4.3060000000e+00 1.0261212880e-07 
4.3070000000e+00 1.0400494340e-07 
4.3080000000e+00 1.0541196910e-07 
4.3090000000e+00 1.0683328970e-07 
4.3100000000e+00 1.0826899190e-07 
4.3110000000e+00 1.0971916180e-07 
4.3120000000e+00 1.1118388520e-07 
4.3130000000e+00 1.1266324790e-07 
4.3140000000e+00 1.1415733500e-07 
4.3150000000e+00 1.1566623140e-07 
4.3160000000e+00 1.1719002130e-07 
4.3170000000e+00 1.1872879910e-07 
4.3180000000e+00 1.2028275390e-07 
4.3190000000e+00 1.2185192430e-07 
4.3200000000e+00 1.2343632940e-07 
4.3210000000e+00 1.2503614740e-07 
4.3220000000e+00 1.2665142320e-07 
4.3230000000e+00 1.2828218220e-07 
4.3240000000e+00 1.2992850630e-07 
4.3250000000e+00 1.3159047510e-07 
4.3260000000e+00 1.3326816870e-07 
4.3270000000e+00 1.3496168670e-07 
4.3280000000e+00 1.3667109380e-07 
4.3290000000e+00 1.3839646240e-07 
4.3300000000e+00 1.4013786990e-07 
4.3310000000e+00 1.4189539300e-07 
4.3320000000e+00 1.4366910750e-07 
4.3330000000e+00 1.4545912140e-07 
4.3340000000e+00 1.4726554230e-07 
4.3350000000e+00 1.4908842360e-07 
4.3360000000e+00 1.5092790130e-07 
4.3370000000e+00 1.5278395600e-07 
4.3380000000e+00 1.5465666010e-07 
4.3390000000e+00 1.5654611430e-07 
4.3400000000e+00 1.5845239080e-07 
4.3410000000e+00 1.6037555970e-07 
4.3420000000e+00 1.6231570090e-07 
4.3430000000e+00 1.6427285270e-07 
4.3440000000e+00 1.6624712090e-07 
4.3450000000e+00 1.6823854130e-07 
4.3460000000e+00 1.7024721580e-07 
4.3470000000e+00 1.7227325270e-07 
4.3480000000e+00 1.7431667430e-07 
4.3490000000e+00 1.7637766610e-07 
4.3500000000e+00 1.7845616790e-07 
4.3510000000e+00 1.8055223220e-07 
4.3520000000e+00 1.8266592280e-07 
4.3530000000e+00 1.8479730260e-07 
4.3540000000e+00 1.8694652720e-07 
4.3550000000e+00 1.8911361850e-07 
4.3560000000e+00 1.9129858420e-07 
4.3570000000e+00 1.9350148370e-07 
4.3580000000e+00 1.9572237620e-07 
4.3590000000e+00 1.9796131960e-07 
4.3600000000e+00 2.0021837760e-07 
4.3610000000e+00 2.0249360820e-07 
4.3620000000e+00 2.0478706150e-07 
4.3630000000e+00 2.0709886940e-07 
4.3640000000e+00 2.0942905300e-07 
4.3650000000e+00 2.1177762540e-07 
4.3660000000e+00 2.1414464150e-07 
4.3670000000e+00 2.1653015100e-07 
4.3680000000e+00 2.1893420500e-07 
4.3690000000e+00 2.2135685370e-07 
4.3700000000e+00 2.2379814650e-07 
4.3710000000e+00 2.2625813140e-07 
4.3720000000e+00 2.2873545590e-07 
4.3730000000e+00 2.3123150020e-07 
4.3740000000e+00 2.3374635970e-07 
4.3750000000e+00 2.3628006800e-07 
4.3760000000e+00 2.3883266920e-07 
4.3770000000e+00 2.4140423510e-07 
4.3780000000e+00 2.4399482870e-07 
4.3790000000e+00 2.4660462670e-07 
4.3800000000e+00 2.4923351330e-07 
4.3810000000e+00 2.5188150870e-07 
4.3820000000e+00 2.5454865190e-07 
4.3830000000e+00 2.5723498110e-07 
4.3840000000e+00 2.5994056370e-07 
4.3850000000e+00 2.6266545560e-07 
4.3860000000e+00 2.6540964470e-07 
4.3870000000e+00 2.6817316960e-07 
4.3880000000e+00 2.7095606500e-07 
4.3890000000e+00 2.7375848250e-07 
4.3900000000e+00 2.7658039270e-07 
4.3910000000e+00 2.7942177140e-07 
4.3920000000e+00 2.8228265040e-07 
4.3930000000e+00 2.8516307140e-07 
4.3940000000e+00 2.8806305300e-07 
4.3950000000e+00 2.9098262290e-07 
4.3960000000e+00 2.9392182870e-07 
4.3970000000e+00 2.9688069570e-07 
4.3980000000e+00 2.9985923030e-07 
4.3990000000e+00 3.0285746090e-07 
4.4000000000e+00 3.0587547880e-07 
4.4010000000e+00 3.0891325230e-07 
4.4020000000e+00 3.1197081750e-07 
4.4030000000e+00 3.1504819860e-07 
4.4040000000e+00 3.1814539390e-07 
4.4050000000e+00 3.2126242880e-07 
4.4060000000e+00 3.2439932430e-07 
4.4070000000e+00 3.2755611320e-07 
4.4080000000e+00 3.3073267690e-07 
4.4090000000e+00 3.3392933300e-07 
4.4100000000e+00 3.3714594510e-07 
4.4110000000e+00 3.4038262250e-07 
4.4120000000e+00 3.4363927780e-07 
4.4130000000e+00 3.4691592580e-07 
4.4140000000e+00 3.5021262150e-07 
4.4150000000e+00 3.5352966540e-07 
4.4160000000e+00 3.5686682780e-07 
4.4170000000e+00 3.6022426370e-07 
4.4180000000e+00 3.6360187800e-07 
4.4190000000e+00 3.6699966430e-07 
4.4200000000e+00 3.7041756030e-07 
4.4210000000e+00 3.7385567220e-07 
4.4220000000e+00 3.7731386600e-07 
4.4230000000e+00 3.8079225380e-07 
4.4240000000e+00 3.8429086040e-07 
4.4250000000e+00 3.8780967770e-07 
4.4260000000e+00 3.9134866770e-07 
4.4270000000e+00 3.9490783730e-07 
4.4280000000e+00 3.9848719330e-07 
4.4290000000e+00 4.0208674170e-07 
4.4300000000e+00 4.0570648830e-07 
4.4310000000e+00 4.0934643810e-07 
4.4320000000e+00 4.1300659530e-07 
4.4330000000e+00 4.1668696390e-07 
4.4340000000e+00 4.2038754720e-07 
4.4350000000e+00 4.2410845460e-07 
4.4360000000e+00 4.2784997030e-07 
4.4370000000e+00 4.3161178540e-07 
4.4380000000e+00 4.3539363900e-07 
4.4390000000e+00 4.3919540250e-07 
4.4400000000e+00 4.4301739500e-07 
4.4410000000e+00 4.4685961700e-07 
4.4420000000e+00 4.5072206810e-07 
4.4430000000e+00 4.5460483790e-07 
4.4440000000e+00 4.5850788350e-07 
4.4450000000e+00 4.6243182530e-07 
4.4460000000e+00 4.6637609130e-07 
4.4470000000e+00 4.7034079240e-07 
4.4480000000e+00 4.7432602290e-07 
4.4490000000e+00 4.7833152870e-07 
4.4500000000e+00 4.8235726630e-07 
4.4510000000e+00 4.8640323150e-07 
4.4520000000e+00 4.9046942030e-07 
4.4530000000e+00 4.9455582790e-07 
4.4540000000e+00 4.9866244930e-07 
4.4550000000e+00 5.0278929400e-07 
4.4560000000e+00 5.0693654040e-07 
4.4570000000e+00 5.1110418400e-07 
4.4580000000e+00 5.1529203940e-07 
4.4590000000e+00 5.1950008380e-07 
4.4600000000e+00 5.2372830860e-07 
4.4610000000e+00 5.2797670590e-07 
4.4620000000e+00 5.3224527260e-07 
4.4630000000e+00 5.3653400560e-07 
4.4640000000e+00 5.4084303670e-07 
4.4650000000e+00 5.4517236990e-07 
4.4660000000e+00 5.4952185600e-07 
4.4670000000e+00 5.5389145400e-07 
4.4680000000e+00 5.5828115970e-07 
4.4690000000e+00 5.6269084030e-07 
4.4700000000e+00 5.6712056660e-07 
4.4710000000e+00 5.7157041260e-07 
4.4720000000e+00 5.7604037440e-07 
4.4730000000e+00 5.8053037920e-07 
4.4740000000e+00 5.8504042370e-07 
4.4750000000e+00 5.8957049570e-07 
4.4760000000e+00 5.9412065130e-07 
4.4770000000e+00 5.9869096240e-07 
4.4780000000e+00 6.0328182470e-07 
4.4790000000e+00 6.0789267340e-07 
4.4800000000e+00 6.1252350920e-07 
4.4810000000e+00 6.1717427400e-07 
4.4820000000e+00 6.2184467010e-07 
4.4830000000e+00 6.2653498380e-07 
4.4840000000e+00 6.3124521430e-07 
4.4850000000e+00 6.3597534660e-07 
4.4860000000e+00 6.4072537610e-07 
4.4870000000e+00 6.4549530480e-07 
4.4880000000e+00 6.5028510990e-07 
4.4890000000e+00 6.5509476140e-07 
4.4900000000e+00 6.5992429310e-07 
4.4910000000e+00 6.6477368210e-07 
4.4920000000e+00 6.6964298920e-07 
4.4930000000e+00 6.7453212740e-07 
4.4940000000e+00 6.7944104470e-07 
4.4950000000e+00 6.8436973770e-07 
4.4960000000e+00 6.8931819080e-07 
4.4970000000e+00 6.9428638920e-07 
4.4980000000e+00 6.9927431720e-07 
4.4990000000e+00 7.0428195950e-07 
4.5000000000e+00 7.0930932210e-07 
4.5010000000e+00 7.1435637330e-07 
4.5020000000e+00 7.1942309180e-07 
4.5030000000e+00 7.2450946140e-07 
4.5040000000e+00 7.2961559350e-07 
4.5050000000e+00 7.3474167570e-07 
4.5060000000e+00 7.3988620360e-07 
4.5070000000e+00 7.4504894850e-07 
4.5080000000e+00 7.5023123600e-07 
4.5090000000e+00 7.5543304950e-07 
4.5100000000e+00 7.6065437220e-07 
4.5110000000e+00 7.6589532080e-07 
4.5120000000e+00 7.7115621320e-07 
4.5130000000e+00 7.7643658320e-07 
4.5140000000e+00 7.8173642330e-07 
4.5150000000e+00 7.8705577510e-07 
4.5160000000e+00 7.9239454750e-07 
4.5170000000e+00 7.9775275870e-07 
4.5180000000e+00 8.0313034750e-07 
4.5190000000e+00 8.0852731040e-07 
4.5200000000e+00 8.1394418110e-07 
4.5210000000e+00 8.1938039470e-07 
4.5220000000e+00 8.2483594670e-07 
4.5230000000e+00 8.3031108790e-07 
4.5240000000e+00 8.3580557400e-07 
4.5250000000e+00 8.4131932660e-07 
4.5260000000e+00 8.4685233450e-07 
4.5270000000e+00 8.5240459080e-07 
4.5280000000e+00 8.5797606640e-07 
4.5290000000e+00 8.6356676620e-07 
4.5300000000e+00 8.6917665230e-07 
4.5310000000e+00 8.7480570810e-07 
4.5320000000e+00 8.8045391780e-07 
4.5330000000e+00 8.8612146190e-07 
4.5340000000e+00 8.9180835110e-07 
4.5350000000e+00 8.9751434380e-07 
4.5360000000e+00 9.0323943440e-07 
4.5370000000e+00 9.0898406010e-07 
4.5380000000e+00 9.1474775520e-07 
4.5390000000e+00 9.2053052920e-07 
4.5400000000e+00 9.2633233260e-07 
4.5410000000e+00 9.3215314970e-07 
4.5420000000e+00 9.3799296060e-07 
4.5430000000e+00 9.4385194570e-07 
4.5440000000e+00 9.4973020400e-07 
4.5450000000e+00 9.5562745790e-07 
4.5460000000e+00 9.6154403370e-07 
4.5470000000e+00 9.6747980220e-07 
4.5480000000e+00 9.7343531550e-07 
4.5490000000e+00 9.7940970580e-07 
4.5500000000e+00 9.8540213850e-07 
4.5510000000e+00 9.9141164940e-07 
4.5520000000e+00 9.9743997550e-07 
4.5530000000e+00 1.0034871410e-06 
4.5540000000e+00 1.0095532010e-06 
4.5550000000e+00 1.0156380310e-06 
4.5560000000e+00 1.0217416310e-06 
4.5570000000e+00 1.0278639780e-06 
4.5580000000e+00 1.0340050920e-06 
4.5590000000e+00 1.0401650940e-06 
4.5600000000e+00 1.0463438190e-06 
4.5610000000e+00 1.0525412350e-06 
4.5620000000e+00 1.0587573280e-06 
4.5630000000e+00 1.0649921950e-06 
4.5640000000e+00 1.0712466760e-06 
4.5650000000e+00 1.0775197950e-06 
4.5660000000e+00 1.0838115390e-06 
4.5670000000e+00 1.0901218910e-06 
4.5680000000e+00 1.0964508560e-06 
4.5690000000e+00 1.1027984130e-06 
4.5700000000e+00 1.1091646360e-06 
4.5710000000e+00 1.1155507270e-06 
4.5720000000e+00 1.1219557140e-06 
4.5730000000e+00 1.1283798450e-06 
4.5740000000e+00 1.1348225060e-06 
4.5750000000e+00 1.1412836820e-06 
4.5760000000e+00 1.1477633600e-06 
4.5770000000e+00 1.1542615240e-06 
4.5780000000e+00 1.1607781590e-06 
4.5790000000e+00 1.1673132550e-06 
4.5800000000e+00 1.1738667810e-06 
4.5810000000e+00 1.1804387710e-06 
4.5820000000e+00 1.1870291690e-06 
4.5830000000e+00 1.1936378450e-06 
4.5840000000e+00 1.2002648770e-06 
4.5850000000e+00 1.2069103350e-06 
4.5860000000e+00 1.2135745090e-06 
4.5870000000e+00 1.2202573040e-06 
4.5880000000e+00 1.2269584310e-06 
4.5890000000e+00 1.2336778840e-06 
4.5900000000e+00 1.2404156460e-06 
4.5910000000e+00 1.2471717790e-06 
4.5920000000e+00 1.2539471380e-06 
4.5930000000e+00 1.2607421590e-06 
4.5940000000e+00 1.2675554540e-06 
4.5950000000e+00 1.2743870230e-06 
4.5960000000e+00 1.2812368760e-06 
4.5970000000e+00 1.2881050060e-06 
4.5980000000e+00 1.2949913680e-06 
4.5990000000e+00 1.3018959580e-06 
4.6000000000e+00 1.3088187610e-06 
4.6010000000e+00 1.3157597790e-06 
4.6020000000e+00 1.3227189880e-06 
4.6030000000e+00 1.3296963840e-06 
4.6040000000e+00 1.3366923530e-06 
4.6050000000e+00 1.3437064850e-06 
4.6060000000e+00 1.3507387410e-06 
4.6070000000e+00 1.3577891670e-06 
4.6080000000e+00 1.3648580410e-06 
4.6090000000e+00 1.3719450600e-06 
4.6100000000e+00 1.3790501880e-06 
4.6110000000e+00 1.3861735170e-06 
4.6120000000e+00 1.3933149360e-06 
4.6130000000e+00 1.4004745490e-06 
4.6140000000e+00 1.4076523920e-06 
4.6150000000e+00 1.4148482890e-06 
4.6160000000e+00 1.4220622290e-06 
4.6170000000e+00 1.4292942000e-06 
4.6180000000e+00 1.4365441910e-06 
4.6190000000e+00 1.4438121910e-06 
4.6200000000e+00 1.4510987430e-06 
4.6210000000e+00 1.4584033520e-06 
4.6220000000e+00 1.4657265830e-06 
4.6230000000e+00 1.4730681260e-06 
4.6240000000e+00 1.4804282910e-06 
4.6250000000e+00 1.4878064260e-06 
4.6260000000e+00 1.4952030340e-06 
4.6270000000e+00 1.5026181620e-06 
4.6280000000e+00 1.5100518030e-06 
4.6290000000e+00 1.5175035040e-06 
4.6300000000e+00 1.5249731390e-06 
4.6310000000e+00 1.5324606950e-06 
4.6320000000e+00 1.5399661630e-06 
4.6330000000e+00 1.5474879810e-06 
4.6340000000e+00 1.5550260250e-06 
4.6350000000e+00 1.5625819290e-06 
4.6360000000e+00 1.5701556840e-06 
4.6370000000e+00 1.5777472800e-06 
4.6380000000e+00 1.5853567080e-06 
4.6390000000e+00 1.5929845690e-06 
4.6400000000e+00 1.6006302770e-06 
4.6410000000e+00 1.6082937550e-06 
4.6420000000e+00 1.6159750870e-06 
4.6430000000e+00 1.6236741780e-06 
4.6440000000e+00 1.6313908520e-06 
4.6450000000e+00 1.6391250450e-06 
4.6460000000e+00 1.6468769880e-06 
4.6470000000e+00 1.6546466590e-06 
4.6480000000e+00 1.6624350810e-06 
4.6490000000e+00 1.6702415250e-06 
4.6500000000e+00 1.6780657090e-06 
4.6510000000e+00 1.6859076610e-06 
4.6520000000e+00 1.6937676390e-06 
4.6530000000e+00 1.7016452980e-06 
4.6540000000e+00 1.7095406740e-06 
4.6550000000e+00 1.7174537330e-06 
4.6560000000e+00 1.7253845310e-06 
4.6570000000e+00 1.7333330000e-06 
4.6580000000e+00 1.7412991430e-06 
4.6590000000e+00 1.7492831540e-06 
4.6600000000e+00 1.7572848660e-06 
4.6610000000e+00 1.7653042370e-06 
4.6620000000e+00 1.7733428640e-06 
4.6630000000e+00 1.7813992570e-06 
4.6640000000e+00 1.7894733010e-06 
4.6650000000e+00 1.7975650180e-06 
4.6660000000e+00 1.8056744030e-06 
4.6670000000e+00 1.8138019580e-06 
4.6680000000e+00 1.8219488460e-06 
4.6690000000e+00 1.8301147560e-06 
4.6700000000e+00 1.8382983680e-06 
4.6710000000e+00 1.8465005830e-06 
4.6720000000e+00 1.8547204590e-06 
4.6730000000e+00 1.8629579930e-06 
4.6740000000e+00 1.8712131780e-06 
4.6750000000e+00 1.8794860100e-06 
4.6760000000e+00 1.8877764820e-06 
4.6770000000e+00 1.8960845890e-06 
4.6780000000e+00 1.9044106940e-06 
4.6790000000e+00 1.9127552040e-06 
4.6800000000e+00 1.9211173450e-06 
4.6810000000e+00 1.9294972150e-06 
4.6820000000e+00 1.9378947730e-06 
4.6830000000e+00 1.9463103660e-06 
4.6840000000e+00 1.9547438740e-06 
4.6850000000e+00 1.9631950040e-06 
4.6860000000e+00 1.9716637480e-06 
4.6870000000e+00 1.9801507620e-06 
4.6880000000e+00 1.9886554030e-06 
4.6890000000e+00 1.9971776540e-06 
4.6900000000e+00 2.0057175080e-06 
4.6910000000e+00 2.0142749100e-06 
4.6920000000e+00 2.0228495860e-06 
4.6930000000e+00 2.0314418510e-06 
4.6940000000e+00 2.0400516890e-06 
4.6950000000e+00 2.0486790950e-06 
4.6960000000e+00 2.0573240740e-06 
4.6970000000e+00 2.0659868260e-06 
4.6980000000e+00 2.0746673710e-06 
4.6990000000e+00 2.0833654570e-06 
4.7000000000e+00 2.0920812500e-06 
4.7010000000e+00 2.1008145270e-06 
4.7020000000e+00 2.1095653390e-06 
4.7030000000e+00 2.1183336750e-06 
4.7040000000e+00 2.1271195090e-06 
4.7050000000e+00 2.1359228610e-06 
4.7060000000e+00 2.1447447170e-06 
4.7070000000e+00 2.1535845460e-06 
4.7080000000e+00 2.1624418910e-06 
4.7090000000e+00 2.1713168030e-06 
4.7100000000e+00 2.1802092130e-06 
4.7110000000e+00 2.1891191500e-06 
4.7120000000e+00 2.1980466080e-06 
4.7130000000e+00 2.2069915440e-06 
4.7140000000e+00 2.2159540110e-06 
4.7150000000e+00 2.2249339280e-06 
4.7160000000e+00 2.2339314100e-06 
4.7170000000e+00 2.2429470430e-06 
4.7180000000e+00 2.2519815070e-06 
4.7190000000e+00 2.2610334540e-06 
4.7200000000e+00 2.2701029280e-06 
4.7210000000e+00 2.2791899230e-06 
4.7220000000e+00 2.2882937430e-06 
4.7230000000e+00 2.2974148570e-06 
4.7240000000e+00 2.3065534670e-06 
4.7250000000e+00 2.3157095690e-06 
4.7260000000e+00 2.3248835370e-06 
4.7270000000e+00 2.3340751760e-06 
4.7280000000e+00 2.3432843210e-06 
4.7290000000e+00 2.3525128620e-06 
4.7300000000e+00 2.3617589080e-06 
4.7310000000e+00 2.3710224630e-06 
4.7320000000e+00 2.3803035240e-06 
4.7330000000e+00 2.3896020910e-06 
4.7340000000e+00 2.3989181640e-06 
4.7350000000e+00 2.4082518510e-06 
4.7360000000e+00 2.4176043880e-06 
4.7370000000e+00 2.4269746830e-06 
4.7380000000e+00 2.4363629040e-06 
4.7390000000e+00 2.4457695440e-06 
4.7400000000e+00 2.4551941680e-06 
4.7410000000e+00 2.4646379120e-06 
4.7420000000e+00 2.4740999760e-06 
4.7430000000e+00 2.4835807000e-06 
4.7440000000e+00 2.4930792340e-06 
4.7450000000e+00 2.5025953420e-06 
4.7460000000e+00 2.5121318680e-06 
4.7470000000e+00 2.5216879310e-06 
4.7480000000e+00 2.5312616020e-06 
4.7490000000e+00 2.5408528930e-06 
4.7500000000e+00 2.5504618060e-06 
4.7510000000e+00 2.5600852390e-06 
4.7520000000e+00 2.5697251860e-06 
4.7530000000e+00 2.5793827100e-06 
4.7540000000e+00 2.5890578180e-06 
4.7550000000e+00 2.5987507040e-06 
4.7560000000e+00 2.6084612070e-06 
4.7570000000e+00 2.6181892210e-06 
4.7580000000e+00 2.6279348300e-06 
4.7590000000e+00 2.6376980170e-06 
4.7600000000e+00 2.6474787480e-06 
4.7610000000e+00 2.6572770810e-06 
4.7620000000e+00 2.6670929690e-06 
4.7630000000e+00 2.6769264550e-06 
4.7640000000e+00 2.6867774830e-06 
4.7650000000e+00 2.6966462770e-06 
4.7660000000e+00 2.7065329860e-06 
4.7670000000e+00 2.7164372820e-06 
4.7680000000e+00 2.7263591780e-06 
4.7690000000e+00 2.7362986780e-06 
4.7700000000e+00 2.7462559130e-06 
4.7710000000e+00 2.7562309860e-06 
4.7720000000e+00 2.7662237660e-06 
4.7730000000e+00 2.7762341530e-06 
4.7740000000e+00 2.7862639880e-06 
4.7750000000e+00 2.7963116590e-06 
4.7760000000e+00 2.8063769670e-06 
4.7770000000e+00 2.8164599120e-06 
4.7780000000e+00 2.8265601190e-06 
4.7790000000e+00 2.8366779800e-06 
4.7800000000e+00 2.8468135320e-06 
4.7810000000e+00 2.8569667270e-06 
4.7820000000e+00 2.8671375710e-06 
4.7830000000e+00 2.8773260630e-06 
4.7840000000e+00 2.8875316860e-06 
4.7850000000e+00 2.8977549940e-06 
4.7860000000e+00 2.9079959320e-06 
4.7870000000e+00 2.9182547350e-06 
4.7880000000e+00 2.9285319410e-06 
4.7890000000e+00 2.9388268090e-06 
4.7900000000e+00 2.9491412480e-06 
4.7910000000e+00 2.9594744760e-06 
4.7920000000e+00 2.9698254120e-06 
4.7930000000e+00 2.9801940620e-06 
4.7940000000e+00 2.9905804230e-06 
4.7950000000e+00 3.0009861040e-06 
4.7960000000e+00 3.0114120720e-06 
4.7970000000e+00 3.0218560240e-06 
4.7980000000e+00 3.0323177000e-06 
4.7990000000e+00 3.0427971360e-06 
4.8000000000e+00 3.0532949790e-06 
4.8010000000e+00 3.0638108860e-06 
4.8020000000e+00 3.0743453140e-06 
4.8030000000e+00 3.0848975090e-06 
4.8040000000e+00 3.0954674030e-06 
4.8050000000e+00 3.1060548490e-06 
4.8060000000e+00 3.1166618500e-06 
4.8070000000e+00 3.1272879430e-06 
4.8080000000e+00 3.1379318490e-06 
4.8090000000e+00 3.1485934780e-06 
4.8100000000e+00 3.1592757120e-06 
4.8110000000e+00 3.1699797300e-06 
4.8120000000e+00 3.1807016300e-06 
4.8130000000e+00 3.1914411890e-06 
4.8140000000e+00 3.2021989520e-06 
4.8150000000e+00 3.2129749630e-06 
4.8160000000e+00 3.2237691470e-06 
4.8170000000e+00 3.2345812390e-06 
4.8180000000e+00 3.2454112160e-06 
4.8190000000e+00 3.2562590920e-06 
4.8200000000e+00 3.2671248770e-06 
4.8210000000e+00 3.2780085680e-06 
4.8220000000e+00 3.2889101710e-06 
4.8230000000e+00 3.2998296900e-06 
4.8240000000e+00 3.3107671240e-06 
4.8250000000e+00 3.3217237940e-06 
4.8260000000e+00 3.3327016300e-06 
4.8270000000e+00 3.3436974370e-06 
4.8280000000e+00 3.3547112300e-06 
4.8290000000e+00 3.3657430200e-06 
4.8300000000e+00 3.3767928040e-06 
4.8310000000e+00 3.3878636420e-06 
4.8320000000e+00 3.3989528170e-06 
4.8330000000e+00 3.4100612900e-06 
4.8340000000e+00 3.4211885960e-06 
4.8350000000e+00 3.4323339460e-06 
4.8360000000e+00 3.4434973380e-06 
4.8370000000e+00 3.4546789830e-06 
4.8380000000e+00 3.4658793620e-06 
4.8390000000e+00 3.4770978230e-06 
4.8400000000e+00 3.4883359120e-06 
4.8410000000e+00 3.4995922000e-06 
4.8420000000e+00 3.5108665760e-06 
4.8430000000e+00 3.5221590480e-06 
4.8440000000e+00 3.5334696190e-06 
4.8450000000e+00 3.5447982930e-06 
4.8460000000e+00 3.5561450770e-06 
4.8470000000e+00 3.5675131510e-06 
4.8480000000e+00 3.5788998550e-06 
4.8490000000e+00 3.5903047180e-06 
4.8500000000e+00 3.6017283240e-06 
4.8510000000e+00 3.6131732580e-06 
4.8520000000e+00 3.6246363990e-06 
4.8530000000e+00 3.6361177060e-06 
4.8540000000e+00 3.6476172380e-06 
4.8550000000e+00 3.6591349710e-06 
4.8560000000e+00 3.6706709500e-06 
4.8570000000e+00 3.6822250970e-06 
4.8580000000e+00 3.6937972300e-06 
4.8590000000e+00 3.7053875250e-06 
4.8600000000e+00 3.7169975410e-06 
4.8610000000e+00 3.7286284140e-06 
4.8620000000e+00 3.7402775470e-06 
4.8630000000e+00 3.7519452180e-06 
4.8640000000e+00 3.7636375560e-06 
4.8650000000e+00 3.7753492280e-06 
4.8660000000e+00 3.7870792280e-06 
4.8670000000e+00 3.7988282190e-06 
4.8680000000e+00 3.8105958290e-06 
4.8690000000e+00 3.8223819040e-06 
4.8700000000e+00 3.8341872780e-06 
4.8710000000e+00 3.8460112460e-06 
4.8720000000e+00 3.8578545490e-06 
4.8730000000e+00 3.8697163150e-06 
4.8740000000e+00 3.8815965490e-06 
4.8750000000e+00 3.8934952620e-06 
4.8760000000e+00 3.9054123780e-06 
4.8770000000e+00 3.9173480030e-06 
4.8780000000e+00 3.9293020570e-06 
4.8790000000e+00 3.9412745750e-06 
4.8800000000e+00 3.9532659810e-06 
4.8810000000e+00 3.9652808370e-06 
4.8820000000e+00 3.9773143590e-06 
4.8830000000e+00 3.9893664720e-06 
4.8840000000e+00 4.0014371820e-06 
4.8850000000e+00 4.0135265020e-06 
4.8860000000e+00 4.0256344370e-06 
4.8870000000e+00 4.0377610500e-06 
4.8880000000e+00 4.0499069780e-06 
4.8890000000e+00 4.0620732780e-06 
4.8900000000e+00 4.0742582450e-06 
4.8910000000e+00 4.0864618940e-06 
4.8920000000e+00 4.0986842330e-06 
4.8930000000e+00 4.1109252710e-06 
4.8940000000e+00 4.1231850190e-06 
4.8950000000e+00 4.1354634860e-06 
4.8960000000e+00 4.1477589560e-06 
4.8970000000e+00 4.1600696220e-06 
4.8980000000e+00 4.1724028220e-06 
4.8990000000e+00 4.1847558910e-06 
4.9000000000e+00 4.1971275050e-06 
4.9010000000e+00 4.2095179070e-06 
4.9020000000e+00 4.2219271060e-06 
4.9030000000e+00 4.2343551110e-06 
4.9040000000e+00 4.2468019090e-06 
4.9050000000e+00 4.2592675270e-06 
4.9060000000e+00 4.2717545130e-06 
4.9070000000e+00 4.2842650390e-06 
4.9080000000e+00 4.2968004340e-06 
4.9090000000e+00 4.3093608060e-06 
4.9100000000e+00 4.3219435070e-06 
4.9110000000e+00 4.3345449060e-06 
4.9120000000e+00 4.3471652070e-06 
4.9130000000e+00 4.3598051600e-06 
4.9140000000e+00 4.3724642080e-06 
4.9150000000e+00 4.3851421670e-06 
4.9160000000e+00 4.3978402180e-06 
4.9170000000e+00 4.4105574530e-06 
4.9180000000e+00 4.4232938640e-06 
4.9190000000e+00 4.4360494360e-06 
4.9200000000e+00 4.4488241950e-06 
4.9210000000e+00 4.4616181510e-06 
4.9220000000e+00 4.4744317490e-06 
4.9230000000e+00 4.4872651210e-06 
4.9240000000e+00 4.5001178800e-06 
4.9250000000e+00 4.5129900410e-06 
4.9260000000e+00 4.5258814220e-06 
4.9270000000e+00 4.5387919860e-06 
4.9280000000e+00 4.5517218200e-06 
4.9290000000e+00 4.5646797590e-06 
4.9300000000e+00 4.5776571490e-06 
4.9310000000e+00 4.5906539370e-06 
4.9320000000e+00 4.6036701270e-06 
4.9330000000e+00 4.6167057240e-06 
4.9340000000e+00 4.6297607430e-06 
4.9350000000e+00 4.6428352010e-06 
4.9360000000e+00 4.6559291100e-06 
4.9370000000e+00 4.6690424360e-06 
4.9380000000e+00 4.6821752180e-06 
4.9390000000e+00 4.6953274780e-06 
4.9400000000e+00 4.7084992370e-06 
4.9410000000e+00 4.7216974370e-06 
4.9420000000e+00 4.7349153300e-06 
4.9430000000e+00 4.7481528190e-06 
4.9440000000e+00 4.7614099800e-06 
4.9450000000e+00 4.7746869190e-06 
4.9460000000e+00 4.7879834570e-06 
4.9470000000e+00 4.8013049810e-06 
4.9480000000e+00 4.8146477930e-06 
4.9490000000e+00 4.8280162310e-06 
4.9500000000e+00 4.8414098740e-06 
4.9510000000e+00 4.8548235190e-06 
4.9520000000e+00 4.8682570510e-06 
4.9530000000e+00 4.8817106620e-06 
4.9540000000e+00 4.8951842270e-06 
4.9550000000e+00 4.9086777180e-06 
4.9560000000e+00 4.9221911520e-06 
4.9570000000e+00 4.9357245440e-06 
4.9580000000e+00 4.9492779720e-06 
4.9590000000e+00 4.9628514390e-06 
4.9600000000e+00 4.9764449110e-06 
4.9610000000e+00 4.9900583980e-06 
4.9620000000e+00 5.0036920840e-06 
4.9630000000e+00 5.0173457520e-06 
4.9640000000e+00 5.0310189260e-06 
4.9650000000e+00 5.0447117650e-06 
4.9660000000e+00 5.0584242760e-06 
4.9670000000e+00 5.0721566750e-06 
4.9680000000e+00 5.0859090440e-06 
4.9690000000e+00 5.0996824020e-06 
4.9700000000e+00 5.1134816130e-06 
4.9710000000e+00 5.1273011020e-06 
4.9720000000e+00 5.1411410160e-06 
4.9730000000e+00 5.1550027780e-06 
4.9740000000e+00 5.1688848470e-06 
4.9750000000e+00 5.1827932690e-06 
4.9760000000e+00 5.1967212630e-06 
4.9770000000e+00 5.2106695880e-06 
4.9780000000e+00 5.2246382540e-06 
4.9790000000e+00 5.2386272770e-06 
4.9800000000e+00 5.2526366750e-06 
4.9810000000e+00 5.2666722380e-06 
4.9820000000e+00 5.2807303120e-06 
4.9830000000e+00 5.2948088730e-06 
4.9840000000e+00 5.3089079450e-06 
4.9850000000e+00 5.3230329350e-06 
4.9860000000e+00 5.3371813380e-06 
4.9870000000e+00 5.3513614840e-06 
4.9880000000e+00 5.3655633850e-06 
4.9890000000e+00 5.3797860620e-06 
4.9900000000e+00 5.3940295210e-06 
4.9910000000e+00 5.4082937780e-06 
4.9920000000e+00 5.4225789000e-06 
4.9930000000e+00 5.4368850690e-06 
4.9940000000e+00 5.4512115940e-06 
4.9950000000e+00 5.4655582920e-06 
4.9960000000e+00 5.4799259010e-06 
4.9970000000e+00 5.4943144180e-06 
4.9980000000e+00 5.5087238670e-06 
4.9990000000e+00 5.5231542960e-06 
5.0000000000e+00 5.5376057210e-06 
5.0200000000e+00 5.8311385670e-06 
5.0400000000e+00 6.1340033870e-06 
5.0600000000e+00 6.4458919150e-06 
5.0800000000e+00 6.7673231760e-06 
5.1000000000e+00 7.0981367410e-06 
5.1200000000e+00 7.4393890710e-06 
5.1400000000e+00 7.7905679130e-06 
5.1600000000e+00 8.1529438730e-06 
5.1800000000e+00 8.5260322670e-06 
5.2000000000e+00 8.9103148500e-06 
5.2200000000e+00 9.3066764220e-06 
5.2400000000e+00 9.7148505720e-06 
5.2600000000e+00 1.0135407120e-05 
5.2800000000e+00 1.0569387520e-05 
5.3000000000e+00 1.1016717410e-05 
5.3200000000e+00 1.1477546650e-05 
5.3400000000e+00 1.1952832800e-05 
5.3600000000e+00 1.2442962910e-05 
5.3800000000e+00 1.2948313890e-05 
5.4000000000e+00 1.3468862700e-05 
5.4200000000e+00 1.4006336950e-05 
5.4400000000e+00 1.4560238890e-05 
5.4600000000e+00 1.5131395700e-05 
5.4800000000e+00 1.5719595040e-05 
5.5000000000e+00 1.6327439160e-05 
5.5200000000e+00 1.6952606050e-05 
5.5400000000e+00 1.7599102250e-05 
5.5600000000e+00 1.8263880020e-05 
5.5800000000e+00 1.8951562910e-05 
5.6000000000e+00 1.9659046950e-05 
5.6200000000e+00 2.0389285550e-05 
5.6400000000e+00 2.1142581490e-05 
5.6600000000e+00 2.1918184470e-05 
5.6800000000e+00 2.2721443530e-05 
5.7000000000e+00 2.3545294710e-05 
5.7200000000e+00 2.4399362350e-05 
5.7400000000e+00 2.5276294970e-05 
5.7600000000e+00 2.6181427570e-05 
5.7800000000e+00 2.7116334520e-05 
5.8000000000e+00 2.8073076980e-05 
5.8200000000e+00 2.9064550660e-05 
5.8400000000e+00 3.0086500150e-05 
5.8600000000e+00 3.1134289000e-05 
5.8800000000e+00 3.2218231060e-05 
5.9000000000e+00 3.3334423880e-05 
5.9200000000e+00 3.4483188640e-05 
5.9400000000e+00 3.5668018210e-05 
5.9600000000e+00 3.6883857530e-05 
5.9800000000e+00 3.8136552960e-05 
6.0000000000e+00 3.9427723090e-05 
6.0200000000e+00 4.0757395820e-05 
6.0400000000e+00 4.2125675990e-05 
6.0600000000e+00 4.3533844140e-05 
6.0800000000e+00 4.4980702220e-05 
6.1000000000e+00 4.6469979890e-05 
6.1200000000e+00 4.8000302900e-05 
6.1400000000e+00 4.9572398120e-05 
6.1600000000e+00 5.1191011650e-05 
6.1800000000e+00 5.2851878340e-05 
6.2000000000e+00 5.4555778390e-05 
6.2200000000e+00 5.6306655060e-05 
6.2400000000e+00 5.8103366830e-05 
6.2600000000e+00 5.9941064980e-05 
6.2800000000e+00 6.1828256230e-05 
6.3000000000e+00 6.3761417870e-05 
6.3200000000e+00 6.5741663500e-05 
6.3400000000e+00 6.7765184200e-05 
6.3600000000e+00 6.9835438240e-05 
6.3800000000e+00 7.1945607790e-05 
6.4000000000e+00 7.4100548050e-05 
6.4200000000e+00 7.6298273440e-05 
6.4400000000e+00 7.8537938040e-05 
6.4600000000e+00 8.0823357920e-05 
6.4800000000e+00 8.3155163860e-05 
6.5000000000e+00 8.5522449260e-05 
6.5200000000e+00 8.7930340530e-05 
6.5400000000e+00 9.0381612980e-05 
6.5600000000e+00 9.2871654440e-05 
6.5800000000e+00 9.5399615770e-05 
6.6000000000e+00 9.7969914150e-05 
6.6200000000e+00 1.0057413010e-04 
6.6400000000e+00 1.0321574370e-04 
6.6600000000e+00 1.0589240480e-04 
6.6800000000e+00 1.0860910870e-04 
6.7000000000e+00 1.1136294060e-04 
6.7200000000e+00 1.1414880160e-04 
6.7400000000e+00 1.1696503540e-04 
6.7600000000e+00 1.1981012680e-04 
6.7800000000e+00 1.2268951480e-04 
6.8000000000e+00 1.2560278090e-04 
6.8200000000e+00 1.2855322350e-04 
6.8400000000e+00 1.3153206440e-04 
6.8600000000e+00 1.3453313910e-04 
6.8800000000e+00 1.3756315920e-04 
6.9000000000e+00 1.4062394210e-04 
6.9200000000e+00 1.4371459180e-04 
6.9400000000e+00 1.4683176600e-04 
6.9600000000e+00 1.4997496600e-04 
6.9650000000e+00 1.5076557400e-04 
6.9662500000e+00 1.5096508840e-04 
6.9665625000e+00 1.5101179870e-04 
6.9667187500e+00 1.5103801590e-04 
6.9467187500e+00 1.4788408220e-04 
6.9267187500e+00 1.4475925650e-04 
6.9067187500e+00 1.4165900150e-04 
6.8867187500e+00 1.3858807070e-04 
6.8667187500e+00 1.3554767150e-04 
6.8467187500e+00 1.3253769390e-04 
6.8267187500e+00 1.2955242060e-04 
6.8067187500e+00 1.2659008770e-04 
6.7867187500e+00 1.2366438740e-04 
6.7667187500e+00 1.2077360400e-04 
6.7467187500e+00 1.1791734120e-04 
6.7267187500e+00 1.1509228960e-04 
6.7067187500e+00 1.1229595260e-04 
6.6867187500e+00 1.0953071070e-04 
6.6667187500e+00 1.0680154730e-04 
6.6467187500e+00 1.0411091650e-04 
6.6267187500e+00 1.0145787590e-04 
6.6067187500e+00 9.8842315280e-05 
6.5867187500e+00 9.6259542960e-05 
6.5667187500e+00 9.3717323450e-05 
6.5467187500e+00 9.1214502910e-05 
6.5267187500e+00 8.8750173780e-05 
6.5067187500e+00 8.6327655670e-05 
6.4867187500e+00 8.3946773340e-05 
6.4667187500e+00 8.1603430460e-05 
6.4467187500e+00 7.9301371200e-05 
6.4267187500e+00 7.7047249440e-05 
6.4067187500e+00 7.4835595850e-05 
6.3867187500e+00 7.2665503240e-05 
6.3667187500e+00 7.0540965300e-05 
6.3467187500e+00 6.8456694920e-05 
6.3267187500e+00 6.6417388510e-05 
6.3067187500e+00 6.4422563510e-05 
6.2867187500e+00 6.2474039090e-05 
6.2667187500e+00 6.0570222800e-05 
6.2467187500e+00 5.8716172370e-05 
6.2267187500e+00 5.6906669110e-05 
6.2067187500e+00 5.5139411450e-05 
6.1867187500e+00 5.3419891320e-05 
6.1667187500e+00 5.1745285420e-05 
6.1467187500e+00 5.0111880400e-05 
6.1267187500e+00 4.8523921660e-05 
6.1067187500e+00 4.6980545170e-05 
6.0867187500e+00 4.5476643560e-05 
6.0667187500e+00 4.4015330220e-05 
6.0467187500e+00 4.2594799460e-05 
6.0267187500e+00 4.1213104100e-05 
6.0067187500e+00 3.9870870560e-05 
5.9867187500e+00 3.8566614880e-05 
5.9667187500e+00 3.7300621910e-05 
5.9467187500e+00 3.6072772360e-05 
5.9267187500e+00 3.4877340300e-05 
5.9067187500e+00 3.3716854010e-05 
5.8867187500e+00 3.2590226300e-05 
5.8667187500e+00 3.1494260010e-05 
5.8467187500e+00 3.0434818600e-05 
5.8267187500e+00 2.9405690660e-05 
5.8067187500e+00 2.8402177500e-05 
5.7867187500e+00 2.7433993490e-05 
5.7667187500e+00 2.6492615160e-05 
5.7467187500e+00 2.5577006440e-05 
5.7267187500e+00 2.4692423010e-05 
5.7067187500e+00 2.3828670460e-05 
5.6867187500e+00 2.2995009930e-05 
5.6667187500e+00 2.2185093360e-05 
5.6467187500e+00 2.1400114680e-05 
5.6267187500e+00 2.0640492290e-05 
5.6067187500e+00 1.9901429290e-05 
5.5867187500e+00 1.9187582930e-05 
5.5667187500e+00 1.8492113000e-05 
5.5467187500e+00 1.7820228670e-05 
5.5267187500e+00 1.7167301490e-05 
5.5067187500e+00 1.6535245650e-05 
5.4867187500e+00 1.5921666310e-05 
5.4667187500e+00 1.5326874960e-05 
5.4467187500e+00 1.4750208720e-05 
5.4267187500e+00 1.4190595530e-05 
5.4067187500e+00 1.3647489180e-05 
5.3867187500e+00 1.3121413350e-05 
5.3667187500e+00 1.2610931580e-05 
5.3467187500e+00 1.2115796660e-05 
5.3267187500e+00 1.1635522670e-05 
5.3067187500e+00 1.1169997760e-05 
5.2867187500e+00 1.0718120270e-05 
5.2667187500e+00 1.0279698830e-05 
5.2467187500e+00 9.8546511090e-06 
5.2267187500e+00 9.4424325400e-06 
5.2067187500e+00 9.0421083200e-06 
5.1867187500e+00 8.6537406210e-06 
5.1667187500e+00 8.2770169430e-06 
5.1467187500e+00 7.9109745200e-06 
5.1267187500e+00 7.5561260040e-06 
5.1067187500e+00 7.2115679940e-06 
5.0867187500e+00 6.8772639060e-06 
5.0667187500e+00 6.5528288790e-06 
5.0467187500e+00 6.2376780040e-06 
5.0267187500e+00 5.9318096720e-06 
5.0067187500e+00 5.6351955650e-06 
5.0057187500e+00 5.6206186290e-06 
5.0047187500e+00 5.6060472530e-06 
5.0037187500e+00 5.5914969590e-06 
5.0027187500e+00 5.5769677280e-06 
5.0017187500e+00 5.5624595340e-06 
5.0007187500e+00 5.5479723620e-06 
4.9997187500e+00 5.5335060500e-06 
4.9987187500e+00 5.5190606270e-06 
4.9977187500e+00 5.5046362120e-06 
4.9967187500e+00 5.4902327540e-06 
4.9957187500e+00 5.4758502210e-06 
4.9947187500e+00 5.4614885970e-06 
4.9937187500e+00 5.4471478650e-06 
4.9927187500e+00 5.4328269660e-06 
4.9917187500e+00 5.4185267960e-06 
4.9907187500e+00 5.4042476680e-06 
4.9897187500e+00 5.3899893680e-06 
4.9887187500e+00 5.3757518500e-06 
4.9877187500e+00 5.3615351190e-06 
4.9867187500e+00 5.3473391590e-06 
4.9857187500e+00 5.3331679630e-06 
4.9847187500e+00 5.3190261510e-06 
4.9837187500e+00 5.3049092520e-06 
4.9827187500e+00 5.2908160600e-06 
4.9817187500e+00 5.2767433640e-06 
4.9807187500e+00 5.2626911420e-06 
4.9797187500e+00 5.2486637060e-06 
4.9787187500e+00 5.2346601490e-06 
4.9777187500e+00 5.2206769490e-06 
4.9767187500e+00 5.2067141030e-06 
4.9757187500e+00 5.1927715930e-06 
4.9747187500e+00 5.1788493590e-06 
4.9737187500e+00 5.1649483260e-06 
4.9727187500e+00 5.1510721310e-06 
4.9717187500e+00 5.1372164470e-06 
4.9707187500e+00 5.1233825340e-06 
4.9697187500e+00 5.1095688180e-06 
4.9687187500e+00 5.0957764350e-06 
4.9677187500e+00 5.0820097100e-06 
4.9667187500e+00 5.0682630570e-06 
4.9657187500e+00 5.0545363000e-06 
4.9647187500e+00 5.0408294470e-06 
4.9637187500e+00 5.0271421660e-06 
4.9627187500e+00 5.0134745950e-06 
4.9617187500e+00 4.9998265660e-06 
4.9607187500e+00 4.9861986720e-06 
4.9597187500e+00 4.9725909090e-06 
4.9587187500e+00 4.9590031570e-06 
4.9577187500e+00 4.9454353860e-06 
4.9567187500e+00 4.9318877000e-06 
4.9557187500e+00 4.9183600160e-06 
4.9547187500e+00 4.9048522850e-06 
4.9537187500e+00 4.8913644920e-06 
4.9527187500e+00 4.8778966240e-06 
4.9517187500e+00 4.8644487490e-06 
4.9507187500e+00 4.8510209050e-06 
4.9497187500e+00 4.8376129500e-06 
4.9487187500e+00 4.8242250530e-06 
4.9477187500e+00 4.8108655240e-06 
4.9467187500e+00 4.7975284050e-06 
4.9457187500e+00 4.7842144780e-06 
4.9447187500e+00 4.7709235320e-06 
4.9437187500e+00 4.7576522040e-06 
4.9427187500e+00 4.7444007070e-06 
4.9417187500e+00 4.7311688170e-06 
4.9407187500e+00 4.7179565230e-06 
4.9397187500e+00 4.7047659510e-06 
4.9387187500e+00 4.6915997860e-06 
4.9377187500e+00 4.6784530940e-06 
4.9367187500e+00 4.6653258800e-06 
4.9357187500e+00 4.6522180740e-06 
4.9347187500e+00 4.6391297230e-06 
4.9337187500e+00 4.6260608200e-06 
4.9327187500e+00 4.6130113510e-06 
4.9317187500e+00 4.5999812950e-06 
4.9307187500e+00 4.5869706490e-06 
4.9297187500e+00 4.5739794030e-06 
4.9287187500e+00 4.5610075500e-06 
4.9277187500e+00 4.5480577180e-06 
4.9267187500e+00 4.5351334150e-06 
4.9257187500e+00 4.5222283330e-06 
4.9247187500e+00 4.5093424180e-06 
4.9237187500e+00 4.4964757520e-06 
4.9227187500e+00 4.4836285650e-06 
4.9217187500e+00 4.4708007010e-06 
4.9207187500e+00 4.4579928630e-06 
4.9197187500e+00 4.4452043900e-06 
4.9187187500e+00 4.4324351110e-06 
4.9177187500e+00 4.4196850100e-06 
4.9167187500e+00 4.4069540780e-06 
4.9157187500e+00 4.3942422500e-06 
4.9147187500e+00 4.3815499670e-06 
4.9137187500e+00 4.3688773660e-06 
4.9127187500e+00 4.3562237890e-06 
4.9117187500e+00 4.3435894380e-06 
4.9107187500e+00 4.3309745170e-06 
4.9097187500e+00 4.3183784730e-06 
4.9087187500e+00 4.3058011570e-06 
4.9077187500e+00 4.2932489390e-06 
4.9067187500e+00 4.2807192610e-06 
4.9057187500e+00 4.2682161410e-06 
4.9047187500e+00 4.2557360710e-06 
4.9037187500e+00 4.2432758340e-06 
4.9027187500e+00 4.2308343810e-06 
4.9017187500e+00 4.2184117460e-06 
4.9007187500e+00 4.2060079140e-06 
4.8997187500e+00 4.1936228760e-06 
4.8987187500e+00 4.1812566230e-06 
4.8977187500e+00 4.1689087930e-06 
4.8967187500e+00 4.1565824450e-06 
4.8957187500e+00 4.1442770650e-06 
4.8947187500e+00 4.1319854980e-06 
4.8937187500e+00 4.1197123740e-06 
4.8927187500e+00 4.1074579660e-06 
4.8917187500e+00 4.0952222630e-06 
4.8907187500e+00 4.0830052570e-06 
4.8897187500e+00 4.0708069390e-06 
4.8887187500e+00 4.0586273010e-06 
4.8877187500e+00 4.0464663370e-06 
4.8867187500e+00 4.0343263880e-06 
4.8857187500e+00 4.0222051180e-06 
4.8847187500e+00 4.0101024960e-06 
4.8837187500e+00 3.9980184860e-06 
4.8827187500e+00 3.9859530800e-06 
4.8817187500e+00 3.9739062720e-06 
4.8807187500e+00 3.9618780520e-06 
4.8797187500e+00 3.9498697990e-06 
4.8787187500e+00 3.9378839370e-06 
4.8777187500e+00 3.9259166980e-06 
4.8767187500e+00 3.9139678930e-06 
4.8757187500e+00 3.9020375600e-06 
4.8747187500e+00 3.8901256410e-06 
4.8737187500e+00 3.8782322160e-06 
4.8727187500e+00 3.8663572490e-06 
4.8717187500e+00 3.8545007500e-06 
4.8707187500e+00 3.8426628580e-06 
4.8697187500e+00 3.8308442930e-06 
4.8687187500e+00 3.8190444050e-06 
4.8677187500e+00 3.8072636070e-06 
4.8667187500e+00 3.7955012560e-06 
4.8657187500e+00 3.7837577470e-06 
4.8647187500e+00 3.7720329420e-06 
4.8637187500e+00 3.7603265110e-06 
4.8627187500e+00 3.7486412170e-06 
4.8617187500e+00 3.7369790920e-06 
4.8607187500e+00 3.7253351960e-06 
4.8597187500e+00 3.7137095160e-06 
4.8587187500e+00 3.7021058830e-06 
4.8577187500e+00 3.6905207510e-06 
4.8567187500e+00 3.6789537480e-06 
4.8557187500e+00 3.6674047590e-06 
4.8547187500e+00 3.6558739820e-06 
4.8537187500e+00 3.6443614180e-06 
4.8527187500e+00 3.6328670940e-06 
4.8517187500e+00 3.6213909520e-06 
4.8507187500e+00 3.6099330080e-06 
4.8497187500e+00 3.5984937590e-06 
4.8487187500e+00 3.5870759200e-06 
4.8477187500e+00 3.5756762350e-06 
4.8467187500e+00 3.5642947140e-06 
4.8457187500e+00 3.5529328460e-06 
4.8447187500e+00 3.5415912330e-06 
4.8437187500e+00 3.5302677190e-06 
4.8427187500e+00 3.5189623070e-06 
4.8417187500e+00 3.5076749920e-06 
4.8407187500e+00 3.4964057710e-06 
4.8397187500e+00 3.4851546370e-06 
4.8387187500e+00 3.4739221860e-06 
4.8377187500e+00 3.4627088740e-06 
4.8367187500e+00 3.4515136840e-06 
4.8357187500e+00 3.4403373790e-06 
4.8347187500e+00 3.4291791300e-06 
4.8337187500e+00 3.4180389210e-06 
4.8327187500e+00 3.4069167530e-06 
4.8317187500e+00 3.3958139620e-06 
4.8307187500e+00 3.3847299780e-06 
4.8297187500e+00 3.3736652280e-06 
4.8287187500e+00 3.3626205780e-06 
4.8277187500e+00 3.3515939160e-06 
4.8267187500e+00 3.3405852440e-06 
4.8257187500e+00 3.3295945620e-06 
4.8247187500e+00 3.3186218590e-06 
4.8237187500e+00 3.3076715840e-06 
4.8227187500e+00 3.2967392500e-06 
4.8217187500e+00 3.2858248350e-06 
4.8207187500e+00 3.2749283340e-06 
4.8197187500e+00 3.2640497440e-06 
4.8187187500e+00 3.2531890600e-06 
4.8177187500e+00 3.2423462790e-06 
4.8167187500e+00 3.2315214010e-06 
4.8157187500e+00 3.2207144140e-06 
4.8147187500e+00 3.2099252550e-06 
4.8137187500e+00 3.1991544980e-06 
4.8127187500e+00 3.1884020270e-06 
4.8117187500e+00 3.1776674200e-06 
4.8107187500e+00 3.1669506250e-06 
4.8097187500e+00 3.1562523470e-06 
4.8087187500e+00 3.1455764470e-06 
4.8077187500e+00 3.1349198460e-06 
4.8067187500e+00 3.1242810160e-06 
4.8057187500e+00 3.1136599540e-06 
4.8047187500e+00 3.1030589640e-06 
4.8037187500e+00 3.0924764590e-06 
4.8027187500e+00 3.0819116110e-06 
4.8017187500e+00 3.0713644770e-06 
4.8007187500e+00 3.0608351560e-06 
4.7997187500e+00 3.0503245370e-06 
4.7987187500e+00 3.0398319520e-06 
4.7977187500e+00 3.0293575760e-06 
4.7967187500e+00 3.0189009500e-06 
4.7957187500e+00 3.0084619960e-06 
4.7947187500e+00 2.9980416130e-06 
4.7937187500e+00 2.9876417480e-06 
4.7927187500e+00 2.9772604310e-06 
4.7917187500e+00 2.9668968230e-06 
4.7907187500e+00 2.9565509290e-06 
4.7897187500e+00 2.9462227420e-06 
4.7887187500e+00 2.9359142000e-06 
4.7877187500e+00 2.9256243610e-06 
4.7867187500e+00 2.9153522250e-06 
4.7857187500e+00 2.9050986830e-06 
4.7847187500e+00 2.8948627470e-06 
4.7837187500e+00 2.8846444620e-06 
4.7827187500e+00 2.8744437270e-06 
4.7817187500e+00 2.8642602570e-06 
4.7807187500e+00 2.8540944370e-06 
4.7797187500e+00 2.8439462630e-06 
4.7787187500e+00 2.8338157370e-06 
4.7777187500e+00 2.8237029100e-06 
4.7767187500e+00 2.8136076130e-06 
4.7757187500e+00 2.8035296880e-06 
4.7747187500e+00 2.7934693990e-06 
4.7737187500e+00 2.7834267460e-06 
4.7727187500e+00 2.7734025130e-06 
4.7717187500e+00 2.7633971520e-06 
4.7707187500e+00 2.7534093440e-06 
4.7697187500e+00 2.7434393290e-06 
4.7687187500e+00 2.7334871940e-06 
4.7677187500e+00 2.7235527020e-06 
4.7667187500e+00 2.7136358130e-06 
4.7657187500e+00 2.7037365230e-06 
4.7647187500e+00 2.6938548010e-06 
4.7637187500e+00 2.6839911200e-06 
4.7627187500e+00 2.6741450680e-06 
4.7617187500e+00 2.6643166030e-06 
4.7607187500e+00 2.6545056990e-06 
4.7597187500e+00 2.6447123870e-06 
4.7587187500e+00 2.6349366330e-06 
4.7577187500e+00 2.6251784310e-06 
4.7567187500e+00 2.6154378270e-06 
4.7557187500e+00 2.6057147880e-06 
4.7547187500e+00 2.5960093130e-06 
4.7537187500e+00 2.5863213790e-06 
4.7527187500e+00 2.5766513130e-06 
4.7517187500e+00 2.5669988020e-06 
4.7507187500e+00 2.5573638160e-06 
4.7497187500e+00 2.5477442420e-06 
4.7487187500e+00 2.5381403430e-06 
4.7477187500e+00 2.5285540640e-06 
4.7467187500e+00 2.5189854050e-06 
4.7457187500e+00 2.5094347780e-06 
4.7447187500e+00 2.4999041800e-06 
4.7437187500e+00 2.4903930780e-06 
4.7427187500e+00 2.4808995420e-06 
4.7417187500e+00 2.4714241970e-06 
4.7407187500e+00 2.4619671320e-06 
4.7397187500e+00 2.4525290350e-06 
4.7387187500e+00 2.4431094070e-06 
4.7377187500e+00 2.4337081310e-06 
4.7367187500e+00 2.4243248970e-06 
4.7357187500e+00 2.4149597730e-06 
4.7347187500e+00 2.4056124880e-06 
4.7337187500e+00 2.3962838940e-06 
4.7327187500e+00 2.3869728090e-06 
4.7317187500e+00 2.3776792190e-06 
4.7307187500e+00 2.3684031350e-06 
4.7297187500e+00 2.3591445580e-06 
4.7287187500e+00 2.3499034900e-06 
4.7277187500e+00 2.3406804600e-06 
4.7267187500e+00 2.3314763010e-06 
4.7257187500e+00 2.3222896340e-06 
4.7247187500e+00 2.3131207970e-06 
4.7237187500e+00 2.3039696670e-06 
4.7227187500e+00 2.2948360300e-06 
4.7217187500e+00 2.2857198880e-06 
4.7207187500e+00 2.2766207930e-06 
4.7197187500e+00 2.2675387780e-06 
4.7187187500e+00 2.2584742840e-06 
4.7177187500e+00 2.2494272760e-06 
4.7167187500e+00 2.2403978140e-06 
4.7157187500e+00 2.2313877170e-06 
4.7147187500e+00 2.2223952440e-06 
4.7137187500e+00 2.2134202310e-06 
4.7127187500e+00 2.2044627600e-06 
4.7117187500e+00 2.1955227570e-06 
4.7107187500e+00 2.1866002850e-06 
4.7097187500e+00 2.1776953310e-06 
4.7087187500e+00 2.1688078660e-06 
4.7077187500e+00 2.1599379490e-06 
4.7067187500e+00 2.1510855790e-06 
4.7057187500e+00 2.1422507290e-06 
4.7047187500e+00 2.1334342610e-06 
4.7037187500e+00 2.1246358940e-06 
4.7027187500e+00 2.1158550010e-06 
4.7017187500e+00 2.1070916480e-06 
4.7007187500e+00 2.0983458280e-06 
4.6997187500e+00 2.0896174930e-06 
4.6987187500e+00 2.0809067300e-06 
4.6977187500e+00 2.0722136110e-06 
4.6967187500e+00 2.0635380520e-06 
4.6957187500e+00 2.0548804080e-06 
4.6947187500e+00 2.0462404250e-06 
4.6937187500e+00 2.0376180000e-06 
4.6927187500e+00 2.0290131520e-06 
4.6917187500e+00 2.0204258840e-06 
4.6907187500e+00 2.0118561520e-06 
4.6897187500e+00 2.0033036980e-06 
4.6887187500e+00 1.9947688450e-06 
4.6877187500e+00 1.9862515950e-06 
4.6867187500e+00 1.9777519570e-06 
4.6857187500e+00 1.9692701380e-06 
4.6847187500e+00 1.9608063980e-06 
4.6837187500e+00 1.9523602710e-06 
4.6827187500e+00 1.9439317790e-06 
4.6817187500e+00 1.9355213890e-06 
4.6807187500e+00 1.9271287900e-06 
4.6797187500e+00 1.9187539930e-06 
4.6787187500e+00 1.9103968590e-06 
4.6777187500e+00 1.9020573590e-06 
4.6767187500e+00 1.8937365850e-06 
4.6757187500e+00 1.8854334860e-06 
4.6747187500e+00 1.8771480210e-06 
4.6737187500e+00 1.8688802010e-06 
4.6727187500e+00 1.8606300270e-06 
4.6717187500e+00 1.8523975070e-06 
4.6707187500e+00 1.8441826460e-06 
4.6697187500e+00 1.8359856980e-06 
4.6687187500e+00 1.8278071210e-06 
4.6677187500e+00 1.8196466180e-06 
4.6667187500e+00 1.8115048910e-06 
4.6657187500e+00 1.8033828140e-06 
4.6647187500e+00 1.7952784570e-06 
4.6637187500e+00 1.7871917540e-06 
4.6627187500e+00 1.7791226700e-06 
4.6617187500e+00 1.7710712920e-06 
4.6607187500e+00 1.7630381590e-06 
4.6597187500e+00 1.7550237870e-06 
4.6587187500e+00 1.7470271030e-06 
4.6577187500e+00 1.7390481780e-06 
4.6567187500e+00 1.7310870280e-06 
4.6557187500e+00 1.7231435800e-06 
4.6547187500e+00 1.7152178240e-06 
4.6537187500e+00 1.7073097540e-06 
4.6527187500e+00 1.6994194180e-06 
4.6517187500e+00 1.6915467890e-06 
4.6507187500e+00 1.6836918860e-06 
4.6497187500e+00 1.6758549490e-06 
4.6487187500e+00 1.6680358390e-06 
4.6477187500e+00 1.6602344330e-06 
4.6467187500e+00 1.6524514130e-06 
4.6457187500e+00 1.6446867620e-06 
4.6447187500e+00 1.6369398590e-06 
4.6437187500e+00 1.6292107180e-06 
4.6427187500e+00 1.6214989330e-06 
4.6417187500e+00 1.6138049010e-06 
4.6407187500e+00 1.6061286350e-06 
4.6397187500e+00 1.5984701250e-06 
4.6387187500e+00 1.5908295090e-06 
4.6377187500e+00 1.5832068850e-06 
4.6367187500e+00 1.5756025170e-06 
4.6357187500e+00 1.5680159820e-06 
4.6347187500e+00 1.5604472930e-06 
4.6337187500e+00 1.5528964560e-06 
4.6327187500e+00 1.5453634800e-06 
4.6317187500e+00 1.5378458410e-06 
4.6307187500e+00 1.5303454530e-06 
4.6297187500e+00 1.5228629800e-06 
4.6287187500e+00 1.5153984330e-06 
4.6277187500e+00 1.5079518210e-06 
4.6267187500e+00 1.5005234650e-06 
4.6257187500e+00 1.4931134410e-06 
4.6247187500e+00 1.4857222070e-06 
4.6237187500e+00 1.4783491700e-06 
4.6227187500e+00 1.4709941060e-06 
4.6217187500e+00 1.4636579350e-06 
4.6207187500e+00 1.4563399890e-06 
4.6197187500e+00 1.4490404630e-06 
4.6187187500e+00 1.4417592010e-06 
4.6177187500e+00 1.4344963080e-06 
4.6167187500e+00 1.4272514260e-06 
4.6157187500e+00 1.4200245680e-06 
4.6147187500e+00 1.4128157440e-06 
4.6137187500e+00 1.4056249650e-06 
4.6127187500e+00 1.3984522430e-06 
4.6117187500e+00 1.3912978360e-06 
4.6107187500e+00 1.3841615430e-06 
4.6097187500e+00 1.3770433930e-06 
4.6087187500e+00 1.3699433480e-06 
4.6077187500e+00 1.3628614730e-06 
4.6067187500e+00 1.3557978300e-06 
4.6057187500e+00 1.3487525570e-06 
4.6047187500e+00 1.3417254220e-06 
4.6037187500e+00 1.3347164460e-06 
4.6027187500e+00 1.3277257190e-06 
4.6017187500e+00 1.3207534530e-06 
4.6007187500e+00 1.3137994280e-06 
4.5997187500e+00 1.3068635660e-06 
4.5987187500e+00 1.2999459270e-06 
4.5977187500e+00 1.2930465040e-06 
4.5967187500e+00 1.2861653120e-06 
4.5957187500e+00 1.2793023640e-06 
4.5947187500e+00 1.2724576740e-06 
4.5937187500e+00 1.2656312850e-06 
4.5927187500e+00 1.2588231750e-06 
4.5917187500e+00 1.2520333600e-06 
4.5907187500e+00 1.2452638070e-06 
4.5897187500e+00 1.2385128880e-06 
4.5887187500e+00 1.2317803160e-06 
4.5877187500e+00 1.2250660550e-06 
4.5867187500e+00 1.2183701130e-06 
4.5857187500e+00 1.2116925230e-06 
4.5847187500e+00 1.2050337270e-06 
4.5837187500e+00 1.1983934930e-06 
4.5827187500e+00 1.1917716510e-06 
4.5817187500e+00 1.1851681490e-06 
4.5807187500e+00 1.1785829690e-06 
4.5797187500e+00 1.1720162120e-06 
4.5787187500e+00 1.1654678930e-06 
4.5777187500e+00 1.1589380280e-06 
4.5767187500e+00 1.1524266260e-06 
4.5757187500e+00 1.1459337000e-06 
4.5747187500e+00 1.1394592640e-06 
4.5737187500e+00 1.1330033290e-06 
4.5727187500e+00 1.1265659190e-06 
4.5717187500e+00 1.1201470440e-06 
4.5707187500e+00 1.1137475740e-06 
4.5697187500e+00 1.1073670340e-06 
4.5687187500e+00 1.1010061710e-06 
4.5677187500e+00 1.0946638760e-06 
4.5667187500e+00 1.0883401600e-06 
4.5657187500e+00 1.0820350940e-06 
4.5647187500e+00 1.0757486260e-06 
4.5637187500e+00 1.0694807850e-06 
4.5627187500e+00 1.0632317710e-06 
4.5617187500e+00 1.0570023040e-06 
4.5607187500e+00 1.0507915000e-06 
4.5597187500e+00 1.0445993760e-06 
4.5587187500e+00 1.0384259490e-06 
4.5577187500e+00 1.0322712880e-06 
4.5567187500e+00 1.0261355000e-06 
4.5557187500e+00 1.0200184480e-06 
4.5547187500e+00 1.0139201680e-06 
4.5537187500e+00 1.0078406560e-06 
4.5527187500e+00 1.0017799370e-06 
4.5517187500e+00 9.9573806310e-07 
4.5507187500e+00 9.8971509540e-07 
4.5497187500e+00 9.8371093460e-07 
4.5487187500e+00 9.7772305950e-07 
4.5477187500e+00 9.7175403610e-07 
4.5467187500e+00 9.6580396250e-07 
4.5457187500e+00 9.5987377090e-07 
4.5447187500e+00 9.5396264270e-07 
4.5437187500e+00 9.4807076130e-07 
4.5427187500e+00 9.4219788850e-07 
4.5417187500e+00 9.3634440520e-07 
4.5407187500e+00 9.3050997070e-07 
4.5397187500e+00 9.2469453540e-07 
4.5387187500e+00 9.1889811930e-07 
4.5377187500e+00 9.1312074140e-07 
4.5367187500e+00 9.0736244200e-07 
4.5357187500e+00 9.0162335050e-07 
4.5347187500e+00 8.9590362900e-07 
4.5337187500e+00 8.9020306870e-07 
4.5327187500e+00 8.8452160100e-07 
4.5317187500e+00 8.7885957480e-07 
4.5307187500e+00 8.7321678580e-07 
4.5297187500e+00 8.6759315580e-07 
4.5287187500e+00 8.6198869870e-07 
4.5277187500e+00 8.5640343450e-07 
4.5267187500e+00 8.5083739790e-07 
4.5257187500e+00 8.4529058810e-07 
4.5247187500e+00 8.3976302160e-07 
4.5237187500e+00 8.3425472650e-07 
4.5227187500e+00 8.2876570960e-07 
4.5217187500e+00 8.2329609340e-07 
4.5207187500e+00 8.1784602490e-07 
4.5197187500e+00 8.1241528390e-07 
4.5187187500e+00 8.0700403760e-07 
4.5177187500e+00 8.0161256120e-07 
4.5167187500e+00 7.9624045670e-07 
4.5157187500e+00 7.9088774270e-07 
4.5147187500e+00 7.8555445840e-07 
4.5137187500e+00 7.8024061150e-07 
4.5127187500e+00 7.7494629270e-07 
4.5117187500e+00 7.6967143260e-07 
4.5107187500e+00 7.6441608400e-07 
4.5097187500e+00 7.5918078160e-07 
4.5087187500e+00 7.5396497700e-07 
4.5077187500e+00 7.4876868610e-07 
4.5067187500e+00 7.4359192580e-07 
4.5057187500e+00 7.3843471280e-07 
4.5047187500e+00 7.3329502770e-07 
4.5037187500e+00 7.2817447090e-07 
4.5027187500e+00 7.2307403220e-07 
4.5017187500e+00 7.1799322090e-07 
4.5007187500e+00 7.1293206400e-07 
4.4997187500e+00 7.0789057900e-07 
4.4987187500e+00 7.0286879420e-07 
4.4977187500e+00 6.9786672640e-07 
4.4967187500e+00 6.9288437700e-07 
4.4957187500e+00 6.8792176170e-07 
4.4947187500e+00 6.8297889560e-07 
4.4937187500e+00 6.7805579390e-07 
4.4927187500e+00 6.7315247180e-07 
4.4917187500e+00 6.6826894410e-07 
4.4907187500e+00 6.6340524350e-07 
4.4897187500e+00 6.5856146570e-07 
4.4887187500e+00 6.5373755400e-07 
4.4877187500e+00 6.4893351920e-07 
4.4867187500e+00 6.4414932810e-07 
4.4857187500e+00 6.3938502900e-07 
4.4847187500e+00 6.3464060650e-07 
4.4837187500e+00 6.2991611070e-07 
4.4827187500e+00 6.2521151070e-07 
4.4817187500e+00 6.2052683130e-07 
4.4807187500e+00 6.1586205210e-07 
4.4797187500e+00 6.1121682570e-07 
4.4787187500e+00 6.0659165180e-07 
4.4777187500e+00 6.0198645320e-07 
4.4767187500e+00 5.9740132380e-07 
4.4757187500e+00 5.9283677600e-07 
4.4747187500e+00 5.8829230100e-07 
4.4737187500e+00 5.8376789020e-07 
4.4727187500e+00 5.7926350990e-07 
4.4717187500e+00 5.7477917290e-07 
4.4707187500e+00 5.7031489160e-07 
4.4697187500e+00 5.6587072570e-07 
4.4687187500e+00 5.6144667880e-07 
4.4677187500e+00 5.5704263180e-07 
4.4667187500e+00 5.5265860930e-07 
4.4657187500e+00 5.4829469700e-07 
4.4647187500e+00 5.4395090640e-07 
4.4637187500e+00 5.3962725710e-07 
4.4627187500e+00 5.3532401180e-07 
4.4617187500e+00 5.3104097650e-07 
4.4607187500e+00 5.2677810560e-07 
4.4597187500e+00 5.2253541150e-07 
4.4587187500e+00 5.1831288930e-07 
4.4577187500e+00 5.1411054980e-07 
4.4567187500e+00 5.0992840120e-07 
4.4557187500e+00 5.0576648260e-07 
4.4547187500e+00 5.0162502540e-07 
4.4537187500e+00 4.9750390730e-07 
4.4527187500e+00 4.9340299710e-07 
4.4517187500e+00 4.8932230200e-07 
4.4507187500e+00 4.8526182730e-07 
4.4497187500e+00 4.8122157700e-07 
4.4487187500e+00 4.7720155520e-07 
4.4477187500e+00 4.7320177150e-07 
4.4467187500e+00 4.6922226530e-07 
4.4457187500e+00 4.6526341240e-07 
4.4447187500e+00 4.6132486340e-07 
4.4437187500e+00 4.5740682520e-07 
4.4427187500e+00 4.5350951910e-07 
4.4417187500e+00 4.4963249560e-07 
4.4407187500e+00 4.4577575890e-07 
4.4397187500e+00 4.4193925150e-07 
4.4387187500e+00 4.3812297330e-07 
4.4377187500e+00 4.3432692390e-07 
4.4367187500e+00 4.3055062770e-07 
4.4357187500e+00 4.2679454850e-07 
4.4347187500e+00 4.2305878110e-07 
4.4337187500e+00 4.1934369110e-07 
4.4327187500e+00 4.1564881760e-07 
4.4317187500e+00 4.1197415770e-07 
4.4307187500e+00 4.0831970820e-07 
4.4297187500e+00 4.0468546480e-07 
4.4287187500e+00 4.0107142300e-07 
4.4277187500e+00 3.9747757760e-07 
4.4267187500e+00 3.9390392300e-07 
4.4257187500e+00 3.9035045280e-07 
4.4247187500e+00 3.8681716000e-07 
4.4237187500e+00 3.8330404830e-07 
4.4227187500e+00 3.7981113970e-07 
4.4217187500e+00 3.7633845620e-07 
4.4207187500e+00 3.7288596420e-07 
4.4197187500e+00 3.6945364060e-07 
4.4187187500e+00 3.6604155340e-07 
4.4177187500e+00 3.6264946210e-07 
4.4167187500e+00 3.5927752720e-07 
4.4157187500e+00 3.5592581530e-07 
4.4147187500e+00 3.5259436650e-07 
4.4137187500e+00 3.4928307740e-07 
4.4127187500e+00 3.4599204160e-07 
4.4117187500e+00 3.4272090780e-07 
4.4107187500e+00 3.3946989740e-07 
4.4097187500e+00 3.3623887660e-07 
4.4087187500e+00 3.3302791150e-07 
4.4077187500e+00 3.2983688840e-07 
4.4067187500e+00 3.2666581150e-07 
4.4057187500e+00 3.2351464250e-07 
4.4047187500e+00 3.2038335560e-07 
4.4037187500e+00 3.1727192380e-07 
4.4027187500e+00 3.1418032540e-07 
4.4017187500e+00 3.1110853960e-07 
4.4007187500e+00 3.0805655840e-07 
4.3997187500e+00 3.0502436540e-07 
4.3987187500e+00 3.0201193180e-07 
4.3977187500e+00 2.9901926660e-07 
4.3967187500e+00 2.9604628730e-07 
4.3957187500e+00 2.9309297160e-07 
4.3947187500e+00 2.9015930650e-07 
4.3937187500e+00 2.8724527130e-07 
4.3927187500e+00 2.8435081330e-07 
4.3917187500e+00 2.8147590960e-07 
4.3907187500e+00 2.7862053800e-07 
4.3897187500e+00 2.7578465710e-07 
4.3887187500e+00 2.7296823580e-07 
4.3877187500e+00 2.7017134660e-07 
4.3867187500e+00 2.6739392150e-07 
4.3857187500e+00 2.6463585670e-07 
4.3847187500e+00 2.6189711790e-07 
4.3837187500e+00 2.5917766990e-07 
4.3827187500e+00 2.5647753040e-07 
4.3817187500e+00 2.5379661930e-07 
4.3807187500e+00 2.5113488340e-07 
4.3797187500e+00 2.4849228420e-07 
4.3787187500e+00 2.4586878270e-07 
4.3777187500e+00 2.4326439650e-07 
4.3767187500e+00 2.4067918940e-07 
4.3757187500e+00 2.3811297630e-07 
4.3747187500e+00 2.3556571370e-07 
4.3737187500e+00 2.3303732840e-07 
4.3727187500e+00 2.3052777930e-07 
4.3717187500e+00 2.2803703740e-07 
4.3707187500e+00 2.2556459550e-07 
4.3697187500e+00 2.2310988950e-07 
4.3687187500e+00 2.2067386210e-07 
4.3677187500e+00 2.1825646470e-07 
4.3667187500e+00 2.1585764810e-07 
4.3657187500e+00 2.1347736170e-07 
4.3647187500e+00 2.1111555410e-07 
4.3637187500e+00 2.0877217570e-07 
4.3627187500e+00 2.0644717450e-07 
4.3617187500e+00 2.0414055610e-07 
4.3607187500e+00 2.0185224950e-07 
4.3597187500e+00 1.9958214940e-07 
4.3587187500e+00 1.9733021000e-07 
4.3577187500e+00 1.9509634970e-07 
4.3567187500e+00 1.9288053930e-07 
4.3557187500e+00 1.9068270510e-07 
4.3547187500e+00 1.8850278800e-07 
4.3537187500e+00 1.8634072840e-07 
4.3527187500e+00 1.8419655920e-07 
4.3517187500e+00 1.8207017620e-07 
4.3507187500e+00 1.7996146440e-07 
4.3497187500e+00 1.7787036110e-07 
4.3487187500e+00 1.7579680240e-07 
4.3477187500e+00 1.7374076160e-07 
4.3467187500e+00 1.7170226360e-07 
4.3457187500e+00 1.6968112450e-07 
4.3447187500e+00 1.6767732730e-07 
4.3437187500e+00 1.6569075550e-07 
4.3427187500e+00 1.6372132150e-07 
4.3417187500e+00 1.6176897810e-07 
4.3407187500e+00 1.5983362580e-07 
4.3397187500e+00 1.5791523560e-07 
4.3387187500e+00 1.5601370630e-07 
4.3377187500e+00 1.5412899070e-07 
4.3367187500e+00 1.5226099180e-07 
4.3357187500e+00 1.5040962160e-07 
4.3347187500e+00 1.4857481800e-07 
4.3337187500e+00 1.4675660410e-07 
4.3327187500e+00 1.4495480890e-07 
4.3317187500e+00 1.4316941110e-07 
4.3307187500e+00 1.4140027320e-07 
4.3297187500e+00 1.3964730560e-07 
4.3287187500e+00 1.3791043190e-07 
4.3277187500e+00 1.3618957530e-07 
4.3267187500e+00 1.3448465850e-07 
4.3257187500e+00 1.3279561430e-07 
4.3247187500e+00 1.3112236750e-07 
4.3237187500e+00 1.2946482190e-07 
4.3227187500e+00 1.2782289900e-07 
4.3217187500e+00 1.2619651810e-07 
4.3207187500e+00 1.2458560240e-07 
4.3197187500e+00 1.2299014890e-07 
4.3187187500e+00 1.2141005520e-07 
4.3177187500e+00 1.1984516910e-07 
4.3167187500e+00 1.1829551390e-07 
4.3157187500e+00 1.1676096060e-07 
4.3147187500e+00 1.1524138350e-07 
4.3137187500e+00 1.1373667610e-07 
4.3127187500e+00 1.1224675440e-07 
4.3117187500e+00 1.1077153320e-07 
4.3107187500e+00 1.0931092730e-07 
4.3097187500e+00 1.0786485080e-07 
4.3087187500e+00 1.0643321790e-07 
4.3077187500e+00 1.0501594220e-07 
4.3067187500e+00 1.0361293720e-07 
4.3057187500e+00 1.0222412020e-07 
4.3047187500e+00 1.0084939860e-07 
4.3037187500e+00 9.9488731380e-08 
4.3027187500e+00 9.8142205240e-08 
4.3017187500e+00 9.6809535530e-08 
4.3007187500e+00 9.5490640380e-08 
4.2997187500e+00 9.4185398250e-08 
4.2987187500e+00 9.2893700700e-08 
4.2977187500e+00 9.1615467410e-08 
4.2967187500e+00 9.0350605940e-08 
4.2957187500e+00 8.9099022710e-08 
4.2947187500e+00 8.7860628530e-08 
4.2937187500e+00 8.6635333890e-08 
4.2927187500e+00 8.5423048710e-08 
4.2917187500e+00 8.4223683200e-08 
4.2907187500e+00 8.3037147180e-08 
4.2897187500e+00 8.1863904240e-08 
4.2887187500e+00 8.0703537810e-08 
4.2877187500e+00 7.9555646020e-08 
4.2867187500e+00 7.8420182250e-08 
4.2857187500e+00 7.7297058780e-08 
4.2847187500e+00 7.6186186740e-08 
4.2837187500e+00 7.5087491130e-08 
4.2827187500e+00 7.4000894510e-08 
4.2817187500e+00 7.2926293830e-08 
4.2807187500e+00 7.1863579290e-08 
4.2797187500e+00 7.0812663420e-08 
4.2787187500e+00 6.9773456770e-08 
4.2777187500e+00 6.8745869620e-08 
4.2767187500e+00 6.7729825970e-08 
4.2757187500e+00 6.6725225790e-08 
4.2747187500e+00 6.5731980190e-08 
4.2737187500e+00 6.4749998850e-08 
4.2727187500e+00 6.3779189770e-08 
4.2717187500e+00 6.2819463770e-08 
4.2707187500e+00 6.1870731610e-08 
4.2697187500e+00 6.0932909060e-08 
4.2687187500e+00 6.0005906520e-08 
4.2677187500e+00 5.9089629650e-08 
4.2667187500e+00 5.8183990240e-08 
4.2657187500e+00 5.7288900650e-08 
4.2647187500e+00 5.6404281080e-08 
4.2637187500e+00 5.5530075450e-08 
4.2627187500e+00 5.4666173120e-08 
4.2617187500e+00 5.3812469270e-08 
4.2607187500e+00 5.2968896580e-08 
4.2597187500e+00 5.2135350070e-08 
4.2587187500e+00 5.1311727520e-08 
4.2577187500e+00 5.0497943620e-08 
4.2567187500e+00 4.9693920700e-08 
4.2557187500e+00 4.8899628770e-08 
4.2547187500e+00 4.8114918470e-08 
4.2537187500e+00 4.7339695360e-08 
4.2527187500e+00 4.6573882410e-08 
4.2517187500e+00 4.5817414210e-08 
4.2507187500e+00 4.5070189820e-08 
4.2497187500e+00 4.4332120100e-08 
4.2487187500e+00 4.3603117110e-08 
4.2477187500e+00 4.2882036330e-08 
4.2467187500e+00 4.2170935100e-08 
4.2457187500e+00 4.1468687220e-08 
4.2447187500e+00 4.0775170450e-08 
4.2437187500e+00 4.0090310560e-08 
4.2427187500e+00 3.9414013460e-08 
4.2417187500e+00 3.8746226070e-08 
4.2407187500e+00 3.8086876200e-08 
4.2397187500e+00 3.7435842120e-08 
4.2387187500e+00 3.6793043310e-08 
4.2377187500e+00 3.6158409420e-08 
4.2367187500e+00 3.5531871290e-08 
4.2357187500e+00 3.4913335450e-08 
4.2347187500e+00 3.4302711800e-08 
4.2337187500e+00 3.3699926330e-08 
4.2327187500e+00 3.3104895370e-08 
4.2317187500e+00 3.2517541280e-08 
4.2307187500e+00 3.1937786360e-08 
4.2297187500e+00 3.1365564590e-08 
4.2287187500e+00 3.0800788060e-08 
4.2277187500e+00 3.0243379160e-08 
4.2267187500e+00 2.9693262760e-08 
4.2257187500e+00 2.9150392990e-08 
4.2247187500e+00 2.8614662990e-08 
4.2237187500e+00 2.8086031970e-08 
4.2227187500e+00 2.7564409640e-08 
4.2217187500e+00 2.7049720060e-08 
4.2207187500e+00 2.6541881240e-08 
4.2197187500e+00 2.6040802470e-08 
4.2187187500e+00 2.5546410380e-08 
4.2177187500e+00 2.5058632250e-08 
4.2167187500e+00 2.4577395740e-08 
4.2157187500e+00 2.4102628770e-08 
4.2147187500e+00 2.3634259300e-08 
4.2137187500e+00 2.3172216090e-08 
4.2127187500e+00 2.2716428870e-08 
4.2117187500e+00 2.2266824970e-08 
4.2107187500e+00 2.1823333930e-08 
4.2097187500e+00 2.1385885510e-08 
4.2087187500e+00 2.0954409620e-08 
4.2077187500e+00 2.0528836240e-08 
4.2067187500e+00 2.0109150730e-08 
4.2057187500e+00 1.9695268560e-08 
4.2047187500e+00 1.9287073860e-08 
4.2037187500e+00 1.8884499610e-08 
4.2027187500e+00 1.8487482530e-08 
4.2017187500e+00 1.8095965870e-08 
4.2007187500e+00 1.7709862040e-08 
4.1997187500e+00 1.7329103730e-08 
4.1987187500e+00 1.6953628070e-08 
4.1977187500e+00 1.6583363450e-08 
4.1967187500e+00 1.6218241950e-08 
4.1957187500e+00 1.5858210550e-08 
4.1947187500e+00 1.5502719590e-08 
4.1937187500e+00 1.5152642810e-08 
4.1927187500e+00 1.4807438210e-08 
4.1917187500e+00 1.4467038190e-08 
4.1907187500e+00 1.4131375580e-08 
4.1897187500e+00 1.3800382490e-08 
4.1887187500e+00 1.3473990750e-08 
4.1877187500e+00 1.3152132610e-08 
4.1867187500e+00 1.2835028800e-08 
4.1857187500e+00 1.2522444310e-08 
4.1847187500e+00 1.2214151490e-08 
4.1837187500e+00 1.1910082570e-08 
4.1827187500e+00 1.1610167430e-08 
4.1817187500e+00 1.1314335590e-08 
4.1807187500e+00 1.1022530830e-08 
4.1797187500e+00 1.0734695410e-08 
4.1787187500e+00 1.0450725310e-08 
4.1777187500e+00 1.0170558670e-08 
4.1767187500e+00 9.8940917180e-09 
4.1757187500e+00 9.6212444210e-09 
4.1747187500e+00 9.3519433000e-09 
4.1737187500e+00 9.0861150450e-09 
4.1727187500e+00 8.8236451860e-09 
4.1717187500e+00 8.5644400360e-09 
4.1707187500e+00 8.3084088000e-09 
4.1697187500e+00 8.0554405470e-09 
4.1687187500e+00 7.8049947840e-09 
4.1677187500e+00 7.5577927300e-09 
4.1667187500e+00 7.3132902800e-09 
4.1657187500e+00 7.0713520650e-09 
4.1647187500e+00 6.8318171340e-09 
4.1637187500e+00 6.5945152590e-09 
4.1627187500e+00 6.3592551130e-09 
4.1617187500e+00 6.1258248330e-09 
4.1607187500e+00 5.8940065500e-09 
4.1597187500e+00 5.6632043910e-09 
4.1587187500e+00 5.4336547780e-09 
4.1577187500e+00 5.2046099810e-09 
4.1567187500e+00 4.9755621360e-09 
4.1557187500e+00 4.7458446540e-09 
4.1547187500e+00 4.5141868710e-09 
4.1537187500e+00 4.2801653120e-09 
4.1527187500e+00 4.0414287690e-09 
4.1517187500e+00 3.7961782610e-09 
4.1507187500e+00 3.5397005490e-09 
4.1497187500e+00 3.2644361560e-09 
4.1487187500e+00 2.9541241460e-09 
4.1477187500e+00 2.5383015110e-09 
4.1467187500e+00 1.3958530960e-11 
4.1457187500e+00 1.3886674640e-11 
4.1447187500e+00 1.3815287390e-11 
4.1437187500e+00 1.3744640180e-11 
4.1427187500e+00 1.3674336260e-11 
4.1417187500e+00 1.3604622170e-11 
4.1407187500e+00 1.3535386480e-11 
4.1397187500e+00 1.3466740140e-11 
4.1387187500e+00 1.3398568830e-11 
4.1377187500e+00 1.3330878560e-11 
4.1367187500e+00 1.3263769280e-11 
4.1357187500e+00 1.3197009410e-11 
4.1347187500e+00 1.3130745880e-11 
4.1337187500e+00 1.3065064950e-11 
4.1327187500e+00 1.2999728960e-11 
4.1317187500e+00 1.2934890640e-11 
4.1307187500e+00 1.2870611700e-11 
4.1297187500e+00 1.2806737740e-11 
4.1287187500e+00 1.2743230370e-11 
4.1277187500e+00 1.2680283850e-11 
4.1267187500e+00 1.2617697470e-11 
4.1257187500e+00 1.2555576730e-11 
4.1247187500e+00 1.2493827220e-11 
4.1237187500e+00 1.2432552550e-11 
4.1227187500e+00 1.2371867400e-11 
4.1217187500e+00 1.2311346290e-11 
4.1207187500e+00 1.2251421380e-11 
4.1197187500e+00 1.2191732990e-11 
4.1187187500e+00 1.2132544270e-11 
4.1177187500e+00 1.2073705290e-11 
4.1167187500e+00 1.2015373340e-11 
4.1157187500e+00 1.1957406310e-11 
4.1147187500e+00 1.1899659650e-11 
4.1137187500e+00 1.1842512620e-11 
4.1127187500e+00 1.1785685330e-11 
4.1117187500e+00 1.1729276740e-11 
4.1107187500e+00 1.1673079000e-11 
4.1097187500e+00 1.1617313270e-11 
4.1087187500e+00 1.1561970950e-11 
4.1077187500e+00 1.1506973880e-11 
4.1067187500e+00 1.1452385820e-11 
4.1057187500e+00 1.1398042160e-11 
4.1047187500e+00 1.1344117550e-11 
4.1037187500e+00 1.1290491600e-11 
4.1027187500e+00 1.1237369110e-11 
4.1017187500e+00 1.1184458500e-11 
4.1007187500e+00 1.1131793380e-11 
4.0997187500e+00 1.1079582160e-11 
4.0987187500e+00 1.1027758770e-11 
4.0977187500e+00 1.0976134130e-11 
4.0967187500e+00 1.0924979910e-11 
4.0957187500e+00 1.0874091360e-11 
4.0947187500e+00 1.0823411390e-11 
4.0937187500e+00 1.0773141900e-11 
4.0927187500e+00 1.0723196990e-11 
4.0917187500e+00 1.0673588330e-11 
4.0907187500e+00 1.0624236110e-11 
4.0897187500e+00 1.0575234560e-11 
4.0887187500e+00 1.0526520940e-11 
4.0877187500e+00 1.0478168300e-11 
4.0867187500e+00 1.0430032830e-11 
4.0857187500e+00 1.0382175570e-11 
4.0847187500e+00 1.0334682620e-11 
4.0837187500e+00 1.0287442310e-11 
4.0827187500e+00 1.0240541870e-11 
4.0817187500e+00 1.0193913960e-11 
4.0807187500e+00 1.0147422710e-11 
4.0797187500e+00 1.0101325990e-11 
4.0787187500e+00 1.0055618480e-11 
4.0777187500e+00 1.0010007260e-11 
4.0767187500e+00 9.9647330550e-12 
4.0757187500e+00 9.9198158200e-12 
4.0747187500e+00 9.8750020980e-12 
4.0737187500e+00 9.8305942790e-12 
4.0727187500e+00 9.7864124910e-12 
4.0717187500e+00 9.7425964630e-12 
4.0707187500e+00 9.6988655830e-12 
4.0697187500e+00 9.6554026260e-12 
4.0687187500e+00 9.6122045930e-12 
4.0677187500e+00 9.5694468410e-12 
4.0667187500e+00 9.5267429310e-12 
4.0657187500e+00 9.4844935620e-12 
4.0647187500e+00 9.4424465230e-12 
4.0637187500e+00 9.4005542910e-12 
4.0627187500e+00 9.3588955600e-12 
4.0617187500e+00 9.3173449640e-12 
4.0607187500e+00 9.2760078630e-12 
4.0597187500e+00 9.2348798690e-12 
4.0587187500e+00 9.1940286470e-12 
4.0577187500e+00 9.1534786570e-12 
4.0567187500e+00 9.1130060830e-12 
4.0557187500e+00 9.0728236750e-12 
4.0547187500e+00 9.0328800070e-12 
4.0537187500e+00 8.9932074320e-12 
4.0527187500e+00 8.9537258320e-12 
4.0517187500e+00 8.9143954000e-12 
4.0507187500e+00 8.8754424420e-12 
4.0497187500e+00 8.8366816730e-12 
4.0487187500e+00 8.7980821410e-12 
4.0477187500e+00 8.7596652330e-12 
4.0467187500e+00 8.7214936880e-12 
4.0457187500e+00 8.6835222630e-12 
4.0447187500e+00 8.6458057550e-12 
4.0437187500e+00 8.6081850740e-12 
4.0427187500e+00 8.5709546060e-12 
4.0417187500e+00 8.5338295380e-12 
4.0407187500e+00 8.4969603260e-12 
4.0397187500e+00 8.4602559830e-12 
4.0387187500e+00 8.4237000810e-12 
4.0377187500e+00 8.3874073610e-12 
4.0367187500e+00 8.3513981560e-12 
4.0357187500e+00 8.3153941200e-12 
4.0347187500e+00 8.2797217820e-12 
4.0337187500e+00 8.2442891020e-12 
4.0327187500e+00 8.2089238360e-12 
4.0317187500e+00 8.1737515970e-12 
4.0307187500e+00 8.1388585550e-12 
4.0297187500e+00 8.1041989750e-12 
4.0287187500e+00 8.0695882850e-12 
4.0277187500e+00 8.0352500360e-12 
4.0267187500e+00 8.0010011180e-12 
4.0257187500e+00 7.9670496290e-12 
4.0247187500e+00 7.9332358520e-12 
4.0237187500e+00 7.8996114400e-12 
4.0227187500e+00 7.8660945820e-12 
4.0217187500e+00 7.8328837610e-12 
4.0207187500e+00 7.7997695470e-12 
4.0197187500e+00 7.7668209280e-12 
4.0187187500e+00 7.7340763960e-12 
4.0177187500e+00 7.7014431570e-12 
4.0167187500e+00 7.6690541520e-12 
4.0157187500e+00 7.6368577170e-12 
4.0147187500e+00 7.6048284300e-12 
4.0137187500e+00 7.5729201870e-12 
4.0127187500e+00 7.5412533540e-12 
4.0117187500e+00 7.5097296100e-12 
4.0107187500e+00 7.4782310040e-12 
4.0097187500e+00 7.4471176740e-12 
4.0087187500e+00 7.4160431680e-12 
4.0077187500e+00 7.3850865560e-12 
4.0067187500e+00 7.3543611630e-12 
4.0057187500e+00 7.3237102660e-12 
4.0047187500e+00 7.2934125440e-12 
4.0037187500e+00 7.2630557480e-12 
4.0027187500e+00 7.2329427860e-12 
4.0017187500e+00 7.2030659810e-12 
4.0007187500e+00 7.1732685260e-12 
3.9997187500e+00 7.1435964230e-12 
3.9987187500e+00 7.1141526890e-12 
3.9977187500e+00 7.0846671030e-12 
3.9967187500e+00 7.0555662190e-12 
3.9957187500e+00 7.0265257180e-12 
3.9947187500e+00 6.9976634490e-12 
3.9937187500e+00 6.9688228110e-12 
3.9927187500e+00 6.9402164760e-12 
3.9917187500e+00 6.9117981220e-12 
3.9907187500e+00 6.8835289480e-12 
3.9897187500e+00 6.8553049850e-12 
3.9887187500e+00 6.8273228130e-12 
3.9877187500e+00 6.7994241190e-12 
3.9867187500e+00 6.7716835620e-12 
3.9857187500e+00 6.7441166430e-12 
3.9847187500e+00 6.7166517650e-12 
3.9837187500e+00 6.6892572220e-12 
3.9827187500e+00 6.6621055770e-12 
3.9817187500e+00 6.6350510910e-12 
3.9807187500e+00 6.6080885120e-12 
3.9797187500e+00 6.5813530140e-12 
3.9787187500e+00 6.5546797190e-12 
3.9777187500e+00 6.5282386870e-12 
3.9767187500e+00 6.5018557640e-12 
3.9757187500e+00 6.4756446140e-12 
3.9747187500e+00 6.4495647580e-12 
3.9737187500e+00 6.4235575440e-12 
3.9727187500e+00 6.3977126150e-12 
3.9717187500e+00 6.3719990990e-12 
3.9707187500e+00 6.3463750530e-12 
3.9697187500e+00 6.3208697560e-12 
3.9687187500e+00 6.2954600630e-12 
3.9677187500e+00 6.2703433560e-12 
3.9667187500e+00 6.2451967570e-12 
3.9657187500e+00 6.2202398010e-12 
3.9647187500e+00 6.1954049020e-12 
3.9637187500e+00 6.1706807780e-12 
3.9627187500e+00 6.1460478770e-12 
3.9617187500e+00 6.1215246360e-12 
3.9607187500e+00 6.0971756290e-12 
3.9597187500e+00 6.0729770790e-12 
3.9587187500e+00 6.0487982560e-12 
3.9577187500e+00 6.0247955780e-12 
3.9567187500e+00 6.0009601720e-12 
3.9557187500e+00 5.9771476950e-12 
3.9547187500e+00 5.9534217120e-12 
3.9537187500e+00 5.9298543390e-12 
3.9527187500e+00 5.9064318100e-12 
3.9517187500e+00 5.8831524960e-12 
3.9507187500e+00 5.8599706900e-12 
3.9497187500e+00 5.8367840810e-12 
3.9487187500e+00 5.8137806790e-12 
3.9477187500e+00 5.7909354980e-12 
3.9467187500e+00 5.7681800470e-12 
3.9457187500e+00 5.7456022090e-12 
3.9447187500e+00 5.7230050760e-12 
3.9437187500e+00 5.7006831570e-12 
3.9427187500e+00 5.6783689390e-12 
3.9417187500e+00 5.6562421530e-12 
3.9407187500e+00 5.6341908750e-12 
3.9397187500e+00 5.6122168380e-12 
3.9387187500e+00 5.5903642560e-12 
3.9377187500e+00 5.5686254930e-12 
3.9367187500e+00 5.5470454840e-12 
3.9357187500e+00 5.5254014270e-12 
3.9347187500e+00 5.5038877470e-12 
3.9337187500e+00 5.4825550460e-12 
3.9327187500e+00 5.4613285780e-12 
3.9317187500e+00 5.4401670180e-12 
3.9307187500e+00 5.4191378550e-12 
3.9297187500e+00 5.3981909890e-12 
3.9287187500e+00 5.3772704730e-12 
3.9277187500e+00 5.3564851240e-12 
3.9267187500e+00 5.3357592080e-12 
3.9257187500e+00 5.3152557510e-12 
3.9247187500e+00 5.2947885720e-12 
3.9237187500e+00 5.2744303810e-12 
3.9227187500e+00 5.2541298240e-12 
3.9217187500e+00 5.2339800810e-12 
3.9207187500e+00 5.2138245280e-12 
3.9197187500e+00 5.1938101740e-12 
3.9187187500e+00 5.1738875890e-12 
3.9177187500e+00 5.1540125380e-12 
3.9167187500e+00 5.1343053480e-12 
3.9157187500e+00 5.1146731000e-12 
3.9147187500e+00 5.0950882450e-12 
3.9137187500e+00 5.0757298080e-12 
3.9127187500e+00 5.0562074440e-12 
3.9117187500e+00 5.0369900800e-12 
3.9107187500e+00 5.0176886230e-12 
3.9097187500e+00 4.9987149800e-12 
3.9087187500e+00 4.9796863230e-12 
3.9077187500e+00 4.9607263250e-12 
3.9067187500e+00 4.9418373510e-12 
3.9057187500e+00 4.9231233200e-12 
3.9047187500e+00 4.9043420490e-12 
3.9037187500e+00 4.8857147500e-12 
3.9027187500e+00 4.8671919430e-12 
3.9017187500e+00 4.8488611560e-12 
3.9007187500e+00 4.8303362260e-12 
3.8997187500e+00 4.8122057630e-12 
3.8987187500e+00 4.7939885600e-12 
3.8977187500e+00 4.7759505270e-12 
3.8967187500e+00 4.7578466840e-12 
3.8957187500e+00 4.7399842950e-12 
3.8947187500e+00 4.7220408930e-12 
3.8937187500e+00 4.7042656750e-12 
3.8927187500e+00 4.6866204410e-12 
3.8917187500e+00 4.6688907050e-12 
3.8907187500e+00 4.6514599660e-12 
3.8897187500e+00 4.6339456030e-12 
3.8887187500e+00 4.6165717490e-12 
3.8877187500e+00 4.5992354530e-12 
3.8867187500e+00 4.5819269160e-12 
3.8857187500e+00 4.5647622330e-12 
3.8847187500e+00 4.5476326650e-12 
3.8837187500e+00 4.5306907040e-12 
3.8827187500e+00 4.5137588330e-12 
3.8817187500e+00 4.4968493900e-12 
3.8807187500e+00 4.4801185900e-12 
3.8797187500e+00 4.4633110520e-12 
3.8787187500e+00 4.4467192070e-12 
3.8777187500e+00 4.4300917610e-12 
3.8767187500e+00 4.4135896640e-12 
3.8757187500e+00 4.3970812950e-12 
3.8747187500e+00 4.3808555310e-12 
3.8737187500e+00 4.3645663010e-12 
3.8727187500e+00 4.3483272460e-12 
3.8717187500e+00 4.3322183810e-12 
3.8707187500e+00 4.3161344530e-12 
3.8697187500e+00 4.3001063940e-12 
3.8687187500e+00 4.2841513480e-12 
3.8677187500e+00 4.2683635300e-12 
3.8667187500e+00 4.2525192630e-12 
3.8657187500e+00 4.2367725000e-12 
3.8647187500e+00 4.2210737560e-12 
3.8637187500e+00 4.2056312880e-12 
3.8627187500e+00 4.1900914110e-12 
3.8617187500e+00 4.1745781260e-12 
3.8607187500e+00 4.1592037860e-12 
3.8597187500e+00 4.1438378680e-12 
3.8587187500e+00 4.1286527830e-12 
3.8577187500e+00 4.1134039750e-12 
3.8567187500e+00 4.0982478080e-12 
3.8557187500e+00 4.0831262360e-12 
3.8547187500e+00 4.0681885960e-12 
3.8537187500e+00 4.0532809690e-12 
3.8527187500e+00 4.0384033910e-12 
3.8517187500e+00 4.0235268460e-12 
3.8507187500e+00 4.0088520680e-12 
3.8497187500e+00 3.9941562150e-12 
3.8487187500e+00 3.9794986190e-12 
3.8477187500e+00 3.9650524450e-12 
3.8467187500e+00 3.9504960570e-12 
3.8457187500e+00 3.9360981390e-12 
3.8447187500e+00 3.9217327730e-12 
3.8437187500e+00 3.9073785910e-12 
3.8427187500e+00 3.8931279250e-12 
3.8417187500e+00 3.8789112390e-12 
3.8407187500e+00 3.8647663510e-12 
3.8397187500e+00 3.8507362560e-12 
3.8387187500e+00 3.8366844170e-12 
3.8377187500e+00 3.8227422300e-12 
3.8367187500e+00 3.8088900670e-12 
3.8357187500e+00 3.7950230890e-12 
3.8347187500e+00 3.7812990150e-12 
3.8337187500e+00 3.7674688890e-12 
3.8327187500e+00 3.7537862880e-12 
3.8317187500e+00 3.7401850170e-12 
3.8307187500e+00 3.7267223180e-12 
3.8297187500e+00 3.7132837450e-12 
3.8287187500e+00 3.6997715650e-12 
3.8277187500e+00 3.6863825410e-12 
3.8267187500e+00 3.6729802970e-12 
3.8257187500e+00 3.6597582560e-12 
3.8247187500e+00 3.6466491770e-12 
3.8237187500e+00 3.6334354370e-12 
3.8227187500e+00 3.6203998530e-12 
3.8217187500e+00 3.6073149820e-12 
3.8207187500e+00 3.5942897330e-12 
3.8197187500e+00 3.5813797190e-12 
3.8187187500e+00 3.5685188360e-12 
3.8177187500e+00 3.5557217170e-12 
3.8167187500e+00 3.5428914540e-12 
3.8157187500e+00 3.5301606770e-12 
3.8147187500e+00 3.5174776180e-12 
3.8137187500e+00 3.5048853000e-12 
3.8127187500e+00 3.4923270670e-12 
3.8117187500e+00 3.4798984790e-12 
3.8107187500e+00 3.4674773600e-12 
3.8097187500e+00 3.4550653940e-12 
3.8087187500e+00 3.4427622220e-12 
3.8077187500e+00 3.4304907840e-12 
3.8067187500e+00 3.4182160030e-12 
3.8057187500e+00 3.4061152170e-12 
3.8047187500e+00 3.3939494960e-12 
3.8037187500e+00 3.3818905390e-12 
3.8027187500e+00 3.3698508440e-12 
3.8017187500e+00 3.3578805490e-12 
3.8007187500e+00 3.3460164260e-12 
3.7997187500e+00 3.3340157860e-12 
3.7987187500e+00 3.3222322490e-12 
3.7977187500e+00 3.3104628080e-12 
3.7967187500e+00 3.2987498300e-12 
3.7957187500e+00 3.2869762240e-12 
3.7947187500e+00 3.2753401920e-12 
3.7937187500e+00 3.2638237780e-12 
3.7927187500e+00 3.2521918110e-12 
3.7917187500e+00 3.2408074930e-12 
3.7907187500e+00 3.2293663260e-12 
3.7897187500e+00 3.2179410040e-12 
3.7887187500e+00 3.2065551300e-12 
3.7877187500e+00 3.1953071110e-12 
3.7867187500e+00 3.1840670430e-12 
3.7857187500e+00 3.1727957900e-12 
3.7847187500e+00 3.1616212870e-12 
3.7837187500e+00 3.1505341370e-12 
3.7827187500e+00 3.1393478330e-12 
3.7817187500e+00 3.1283687910e-12 
3.7807187500e+00 3.1174077800e-12 
3.7797187500e+00 3.1064228160e-12 
3.7787187500e+00 3.0955039350e-12 
3.7777187500e+00 3.0846739290e-12 
3.7767187500e+00 3.0738553210e-12 
3.7757187500e+00 3.0630057220e-12 
3.7747187500e+00 3.0522228920e-12 
3.7737187500e+00 3.0416789430e-12 
3.7727187500e+00 3.0309313020e-12 
3.7717187500e+00 3.0203743140e-12 
3.7707187500e+00 3.0098394360e-12 
3.7697187500e+00 2.9993642720e-12 
3.7687187500e+00 2.9888312410e-12 
3.7677187500e+00 2.9783986720e-12 
3.7667187500e+00 2.9680752710e-12 
3.7657187500e+00 2.9576537220e-12 
3.7647187500e+00 2.9473328740e-12 
3.7637187500e+00 2.9371027090e-12 
3.7627187500e+00 2.9268684130e-12 
3.7617187500e+00 2.9166212220e-12 
3.7607187500e+00 2.9065241220e-12 
3.7597187500e+00 2.8964777940e-12 
3.7587187500e+00 2.8863991920e-12 
3.7577187500e+00 2.8764061230e-12 
3.7567187500e+00 2.8664523810e-12 
3.7557187500e+00 2.8565244650e-12 
3.7547187500e+00 2.8466633050e-12 
3.7537187500e+00 2.8368252620e-12 
3.7527187500e+00 2.8271108090e-12 
3.7517187500e+00 2.8172849820e-12 
3.7507187500e+00 2.8075253240e-12 
3.7497187500e+00 2.7979135110e-12 
3.7487187500e+00 2.7881986430e-12 
3.7477187500e+00 2.7785888380e-12 
3.7467187500e+00 2.7690151610e-12 
3.7457187500e+00 2.7594529740e-12 
3.7447187500e+00 2.7499204560e-12 
3.7437187500e+00 2.7404562560e-12 
3.7427187500e+00 2.7311171930e-12 
3.7417187500e+00 2.7216664210e-12 
3.7407187500e+00 2.7123349540e-12 
3.7397187500e+00 2.7030212910e-12 
3.7387187500e+00 2.6937162500e-12 
3.7377187500e+00 2.6844989990e-12 
3.7367187500e+00 2.6752465240e-12 
3.7357187500e+00 2.6661587170e-12 
3.7347187500e+00 2.6570016550e-12 
3.7337187500e+00 2.6478850020e-12 
3.7327187500e+00 2.6387435980e-12 
3.7317187500e+00 2.6297774750e-12 
3.7307187500e+00 2.6207418940e-12 
3.7297187500e+00 2.6117620160e-12 
3.7287187500e+00 2.6029754890e-12 
3.7277187500e+00 2.5940709040e-12 
3.7267187500e+00 2.5852966080e-12 
3.7257187500e+00 2.5764437440e-12 
3.7247187500e+00 2.5677053100e-12 
3.7237187500e+00 2.5589236190e-12 
3.7227187500e+00 2.5502935510e-12 
3.7217187500e+00 2.5415554940e-12 
3.7207187500e+00 2.5329442170e-12 
3.7197187500e+00 2.5243791080e-12 
3.7187187500e+00 2.5158021070e-12 
3.7177187500e+00 2.5072733750e-12 
3.7167187500e+00 2.4988445090e-12 
3.7157187500e+00 2.4902609090e-12 
3.7147187500e+00 2.4817966130e-12 
3.7137187500e+00 2.4734491220e-12 
3.7127187500e+00 2.4649896210e-12 
3.7117187500e+00 2.4566571880e-12 
3.7107187500e+00 2.4483559460e-12 
3.7097187500e+00 2.4401147340e-12 
3.7087187500e+00 2.4318125100e-12 
3.7077187500e+00 2.4236016500e-12 
3.7067187500e+00 2.4154903080e-12 
3.7057187500e+00 2.4072955240e-12 
3.7047187500e+00 2.3991467990e-12 
3.7037187500e+00 2.3911393820e-12 
3.7027187500e+00 2.3830497730e-12 
3.7017187500e+00 2.3749951760e-12 
3.7007187500e+00 2.3669699550e-12 
3.6997187500e+00 2.3590798050e-12 
3.6987187500e+00 2.3510851630e-12 
3.6977187500e+00 2.3431667030e-12 
3.6967187500e+00 2.3352818250e-12 
3.6957187500e+00 2.3274675020e-12 
3.6947187500e+00 2.3196306460e-12 
3.6937187500e+00 2.3118990950e-12 
3.6927187500e+00 2.3040900330e-12 
3.6917187500e+00 2.2963120780e-12 
3.6907187500e+00 2.2887187510e-12 
3.6897187500e+00 2.2809466320e-12 
3.6887187500e+00 2.2733284490e-12 
3.6877187500e+00 2.2656653690e-12 
3.6867187500e+00 2.2581251170e-12 
3.6857187500e+00 2.2505230610e-12 
3.6847187500e+00 2.2429630130e-12 
3.6837187500e+00 2.2355968240e-12 
3.6827187500e+00 2.2279196730e-12 
3.6817187500e+00 2.2206095410e-12 
3.6807187500e+00 2.2131595180e-12 
3.6797187500e+00 2.2058183690e-12 
3.6787187500e+00 2.1984614620e-12 
3.6777187500e+00 2.1910096780e-12 
3.6767187500e+00 2.1837760230e-12 
3.6757187500e+00 2.1764818750e-12 
3.6747187500e+00 2.1691895060e-12 
3.6737187500e+00 2.1619443360e-12 
3.6727187500e+00 2.1548565370e-12 
3.6717187500e+00 2.1476119820e-12 
3.6707187500e+00 2.1404352070e-12 
3.6697187500e+00 2.1333846980e-12 
3.6687187500e+00 2.1261906070e-12 
3.6677187500e+00 2.1192082190e-12 
3.6667187500e+00 2.1121459640e-12 
3.6657187500e+00 2.1050579420e-12 
3.6647187500e+00 2.0980987190e-12 
3.6637187500e+00 2.0911471580e-12 
3.6627187500e+00 2.0841688030e-12 
3.6617187500e+00 2.0772887690e-12 
3.6607187500e+00 2.0703297330e-12 
3.6597187500e+00 2.0635373270e-12 
3.6587187500e+00 2.0567237860e-12 
3.6577187500e+00 2.0498663490e-12 
3.6567187500e+00 2.0430732120e-12 
3.6557187500e+00 2.0362946700e-12 
3.6547187500e+00 2.0295392920e-12 
3.6537187500e+00 2.0228597180e-12 
3.6527187500e+00 2.0162668120e-12 
3.6517187500e+00 2.0094949040e-12 
3.6507187500e+00 2.0029005300e-12 
3.6497187500e+00 1.9963015670e-12 
3.6487187500e+00 1.9897145180e-12 
3.6477187500e+00 1.9831385670e-12 
3.6467187500e+00 1.9765940440e-12 
3.6457187500e+00 1.9700670910e-12 
3.6447187500e+00 1.9636134800e-12 
3.6437187500e+00 1.9571172950e-12 
3.6427187500e+00 1.9506562290e-12 
3.6417187500e+00 1.9442705780e-12 
3.6407187500e+00 1.9378080910e-12 
3.6397187500e+00 1.9314857910e-12 
3.6387187500e+00 1.9251510020e-12 
3.6377187500e+00 1.9188113950e-12 
3.6367187500e+00 1.9125330560e-12 
3.6357187500e+00 1.9062497990e-12 
3.6347187500e+00 1.9000635650e-12 
3.6337187500e+00 1.8938677980e-12 
3.6327187500e+00 1.8877247940e-12 
3.6317187500e+00 1.8816584490e-12 
3.6307187500e+00 1.8754619430e-12 
3.6297187500e+00 1.8694539760e-12 
3.6287187500e+00 1.8633699190e-12 
3.6277187500e+00 1.8573904080e-12 
3.6267187500e+00 1.8513423360e-12 
3.6257187500e+00 1.8453203190e-12 
3.6247187500e+00 1.8394315130e-12 
3.6237187500e+00 1.8335071400e-12 
3.6227187500e+00 1.8275570220e-12 
3.6217187500e+00 1.8216196070e-12 
3.6207187500e+00 1.8157429420e-12 
3.6197187500e+00 1.8098591500e-12 
3.6187187500e+00 1.8040609730e-12 
3.6177187500e+00 1.7982567230e-12 
3.6167187500e+00 1.7924280220e-12 
3.6157187500e+00 1.7866745050e-12 
3.6147187500e+00 1.7808639610e-12 
3.6137187500e+00 1.7751906410e-12 
3.6127187500e+00 1.7694295990e-12 
3.6117187500e+00 1.7637314320e-12 
3.6107187500e+00 1.7581099280e-12 
3.6097187500e+00 1.7523737480e-12 
3.6087187500e+00 1.7468620690e-12 
3.6077187500e+00 1.7412401290e-12 
3.6067187500e+00 1.7356328370e-12 
3.6057187500e+00 1.7300701570e-12 
3.6047187500e+00 1.7245188170e-12 
3.6037187500e+00 1.7189215660e-12 
3.6027187500e+00 1.7135046070e-12 
3.6017187500e+00 1.7079269260e-12 
3.6007187500e+00 1.7024631950e-12 
3.5997187500e+00 1.6970749200e-12 
3.5987187500e+00 1.6915808060e-12 
3.5977187500e+00 1.6861867990e-12 
3.5967187500e+00 1.6808062240e-12 
3.5957187500e+00 1.6754564190e-12 
3.5947187500e+00 1.6700277340e-12 
3.5937187500e+00 1.6646956190e-12 
3.5927187500e+00 1.6593389350e-12 
3.5917187500e+00 1.6540414400e-12 
3.5907187500e+00 1.6487343900e-12 
3.5897187500e+00 1.6434339070e-12 
3.5887187500e+00 1.6382214450e-12 
3.5877187500e+00 1.6330514780e-12 
3.5867187500e+00 1.6277337310e-12 
3.5857187500e+00 1.6225512220e-12 
3.5847187500e+00 1.6173615080e-12 
3.5837187500e+00 1.6122888660e-12 
3.5827187500e+00 1.6070805740e-12 
3.5817187500e+00 1.6020276810e-12 
3.5807187500e+00 1.5969024150e-12 
3.5797187500e+00 1.5917916860e-12 
3.5787187500e+00 1.5867341340e-12 
3.5777187500e+00 1.5817251680e-12 
3.5767187500e+00 1.5766388460e-12 
3.5757187500e+00 1.5716504100e-12 
3.5747187500e+00 1.5666773600e-12 
3.5737187500e+00 1.5616777170e-12 
3.5727187500e+00 1.5567670020e-12 
3.5717187500e+00 1.5517595860e-12 
3.5707187500e+00 1.5468137280e-12 
3.5697187500e+00 1.5419695340e-12 
3.5687187500e+00 1.5370578240e-12 
3.5677187500e+00 1.5321165900e-12 
3.5667187500e+00 1.5272448640e-12 
3.5657187500e+00 1.5224569200e-12 
3.5647187500e+00 1.5176129850e-12 
3.5637187500e+00 1.5127980490e-12 
3.5627187500e+00 1.5079755110e-12 
3.5617187500e+00 1.5032944960e-12 
3.5607187500e+00 1.4984745830e-12 
3.5597187500e+00 1.4938288800e-12 
3.5587187500e+00 1.4890781730e-12 
3.5577187500e+00 1.4843796880e-12 
3.5567187500e+00 1.4797486760e-12 
3.5557187500e+00 1.4750708900e-12 
3.5547187500e+00 1.4704871730e-12 
3.5537187500e+00 1.4658087370e-12 
3.5527187500e+00 1.4612305770e-12 
3.5517187500e+00 1.4566593350e-12 
3.5507187500e+00 1.4520663980e-12 
3.5497187500e+00 1.4475821000e-12 
3.5487187500e+00 1.4429234320e-12 
3.5477187500e+00 1.4384465120e-12 
3.5467187500e+00 1.4338979560e-12 
3.5457187500e+00 1.4293493480e-12 
3.5447187500e+00 1.4248636540e-12 
3.5437187500e+00 1.4204356560e-12 
3.5427187500e+00 1.4159805560e-12 
3.5417187500e+00 1.4115067020e-12 
3.5407187500e+00 1.4071068070e-12 
3.5397187500e+00 1.4027027930e-12 
3.5387187500e+00 1.3983580150e-12 
3.5377187500e+00 1.3939594560e-12 
3.5367187500e+00 1.3896085860e-12 
3.5357187500e+00 1.3851882360e-12 
3.5347187500e+00 1.3808853430e-12 
3.5337187500e+00 1.3765110930e-12 
3.5327187500e+00 1.3721743100e-12 
3.5317187500e+00 1.3679364010e-12 
3.5307187500e+00 1.3636845820e-12 
3.5297187500e+00 1.3593964090e-12 
3.5287187500e+00 1.3552080420e-12 
3.5277187500e+00 1.3509088860e-12 
3.5267187500e+00 1.3467149030e-12 
3.5257187500e+00 1.3425492210e-12 
3.5247187500e+00 1.3383936730e-12 
3.5237187500e+00 1.3341887330e-12 
3.5227187500e+00 1.3300434320e-12 
3.5217187500e+00 1.3259847160e-12 
3.5207187500e+00 1.3218078980e-12 
3.5197187500e+00 1.3176372560e-12 
3.5187187500e+00 1.3135277230e-12 
3.5177187500e+00 1.3094575300e-12 
3.5167187500e+00 1.3054614160e-12 
3.5157187500e+00 1.3014151040e-12 
3.5147187500e+00 1.2974395780e-12 
3.5137187500e+00 1.2933621080e-12 
3.5127187500e+00 1.2893823220e-12 
3.5117187500e+00 1.2854294180e-12 
3.5107187500e+00 1.2814119170e-12 
3.5097187500e+00 1.2774570210e-12 
3.5087187500e+00 1.2735776800e-12 
3.5077187500e+00 1.2696439830e-12 
3.5067187500e+00 1.2657021270e-12 
3.5057187500e+00 1.2618394320e-12 
3.5047187500e+00 1.2579635350e-12 
3.5037187500e+00 1.2540919820e-12 
3.5027187500e+00 1.2501543870e-12 
3.5017187500e+00 1.2463443720e-12 
3.5007187500e+00 1.2424889970e-12 
3.4997187500e+00 1.2387194310e-12 
3.4987187500e+00 1.2348226350e-12 
3.4977187500e+00 1.2311062680e-12 
3.4967187500e+00 1.2273052830e-12 
3.4957187500e+00 1.2235472970e-12 
3.4947187500e+00 1.2197341400e-12 
3.4937187500e+00 1.2160143230e-12 
3.4927187500e+00 1.2122261870e-12 
3.4917187500e+00 1.2085240870e-12 
3.4907187500e+00 1.2047966980e-12 
3.4897187500e+00 1.2011411450e-12 
3.4887187500e+00 1.1974014070e-12 
3.4877187500e+00 1.1937894840e-12 
3.4867187500e+00 1.1901023440e-12 
3.4857187500e+00 1.1864302370e-12 
3.4847187500e+00 1.1828191130e-12 
3.4837187500e+00 1.1791490870e-12 
3.4827187500e+00 1.1755678300e-12 
3.4817187500e+00 1.1719602580e-12 
3.4807187500e+00 1.1683913310e-12 
3.4797187500e+00 1.1647509770e-12 
3.4787187500e+00 1.1612207030e-12 
3.4777187500e+00 1.1576670450e-12 
3.4767187500e+00 1.1541687490e-12 
3.4757187500e+00 1.1506192930e-12 
3.4747187500e+00 1.1470420740e-12 
3.4737187500e+00 1.1435551010e-12 
3.4727187500e+00 1.1401088750e-12 
3.4717187500e+00 1.1366121240e-12 
3.4707187500e+00 1.1330938820e-12 
3.4697187500e+00 1.1296729950e-12 
3.4687187500e+00 1.1262009620e-12 
3.4677187500e+00 1.1227671780e-12 
3.4667187500e+00 1.1193722720e-12 
3.4657187500e+00 1.1159137320e-12 
3.4647187500e+00 1.1125480150e-12 
3.4637187500e+00 1.1091382620e-12 
3.4627187500e+00 1.1057552740e-12 
3.4617187500e+00 1.1023604150e-12 
3.4607187500e+00 1.0989885730e-12 
3.4597187500e+00 1.0956410760e-12 
3.4587187500e+00 1.0923449410e-12 
3.4577187500e+00 1.0889613390e-12 
3.4567187500e+00 1.0857296330e-12 
3.4557187500e+00 1.0824311420e-12 
3.4547187500e+00 1.0790341190e-12 
3.4537187500e+00 1.0757534890e-12 
3.4527187500e+00 1.0725165690e-12 
3.4517187500e+00 1.0692320850e-12 
3.4507187500e+00 1.0659115260e-12 
3.4497187500e+00 1.0626866860e-12 
3.4487187500e+00 1.0594431110e-12 
3.4477187500e+00 1.0561899560e-12 
3.4467187500e+00 1.0530616620e-12 
3.4457187500e+00 1.0498768480e-12 
3.4447187500e+00 1.0466944140e-12 
3.4437187500e+00 1.0435632370e-12 
3.4427187500e+00 1.0403943410e-12 
3.4417187500e+00 1.0372606970e-12 
3.4407187500e+00 1.0341355370e-12 
3.4397187500e+00 1.0310658190e-12 
3.4387187500e+00 1.0279326990e-12 
3.4377187500e+00 1.0247938270e-12 
3.4367187500e+00 1.0217212630e-12 
3.4357187500e+00 1.0186287450e-12 
3.4347187500e+00 1.0155975250e-12 
3.4337187500e+00 1.0124880830e-12 
3.4327187500e+00 1.0094324220e-12 
3.4317187500e+00 1.0064568600e-12 
3.4307187500e+00 1.0033644410e-12 
3.4297187500e+00 1.0003494090e-12 
3.4287187500e+00 9.9737458780e-13 
3.4277187500e+00 9.9431988250e-13 
3.4267187500e+00 9.9134955150e-13 
3.4257187500e+00 9.8835364320e-13 
3.4247187500e+00 9.8545935880e-13 
3.4237187500e+00 9.8247475320e-13 
3.4227187500e+00 9.7960514250e-13 
3.4217187500e+00 9.7657775010e-13 
3.4207187500e+00 9.7365345010e-13 
3.4197187500e+00 9.7075621710e-13 
3.4187187500e+00 9.6781482930e-13 
3.4177187500e+00 9.6488609170e-13 
3.4167187500e+00 9.6199430560e-13 
3.4157187500e+00 9.5909914870e-13 
3.4147187500e+00 9.5616306480e-13 
3.4137187500e+00 9.5332194090e-13 
3.4127187500e+00 9.5046695920e-13 
3.4117187500e+00 9.4763259460e-13 
3.4107187500e+00 9.4473392300e-13 
3.4097187500e+00 9.4191175260e-13 
3.4087187500e+00 9.3912961960e-13 
3.4077187500e+00 9.3623651580e-13 
3.4067187500e+00 9.3349999910e-13 
3.4057187500e+00 9.3062013990e-13 
3.4047187500e+00 9.2787039850e-13 
3.4037187500e+00 9.2506782360e-13 
3.4027187500e+00 9.2221527400e-13 
3.4017187500e+00 9.1959096000e-13 
3.4007187500e+00 9.1681910730e-13 
3.3997187500e+00 9.1404154110e-13 
3.3987187500e+00 9.1129463460e-13 
3.3977187500e+00 9.0861598450e-13 
3.3967187500e+00 9.0590471000e-13 
3.3957187500e+00 9.0330409420e-13 
3.3947187500e+00 9.0050982110e-13 
3.3937187500e+00 8.9784354490e-13 
3.3927187500e+00 8.9513650350e-13 
3.3917187500e+00 8.9244571830e-13 
3.3907187500e+00 8.8984972410e-13 
3.3897187500e+00 8.8717599890e-13 
3.3887187500e+00 8.8449555850e-13 
3.3877187500e+00 8.8201037680e-13 
3.3867187500e+00 8.7934888330e-13 
3.3857187500e+00 8.7667441210e-13 
3.3847187500e+00 8.7405609870e-13 
3.3837187500e+00 8.7142836060e-13 
3.3827187500e+00 8.6885222550e-13 
3.3817187500e+00 8.6623412810e-13 
3.3807187500e+00 8.6377683580e-13 
3.3797187500e+00 8.6113843630e-13 
3.3787187500e+00 8.5860633030e-13 
3.3777187500e+00 8.5607692130e-13 
3.3767187500e+00 8.5351156960e-13 
3.3757187500e+00 8.5101429240e-13 
3.3747187500e+00 8.4848504410e-13 
3.3737187500e+00 8.4592716780e-13 
3.3727187500e+00 8.4342692600e-13 
3.3717187500e+00 8.4091497660e-13 
3.3707187500e+00 8.3842640990e-13 
3.3697187500e+00 8.3592683470e-13 
3.3687187500e+00 8.3349288300e-13 
3.3677187500e+00 8.3095658160e-13 
3.3667187500e+00 8.2854350630e-13 
3.3657187500e+00 8.2605732450e-13 
3.3647187500e+00 8.2360434990e-13 
3.3637187500e+00 8.2120003960e-13 
3.3627187500e+00 8.1868774540e-13 
3.3617187500e+00 8.1629930920e-13 
3.3607187500e+00 8.1386993720e-13 
3.3597187500e+00 8.1146813820e-13 
3.3587187500e+00 8.0910853380e-13 
3.3577187500e+00 8.0666685030e-13 
3.3567187500e+00 8.0427237620e-13 
3.3557187500e+00 8.0188856130e-13 
3.3547187500e+00 7.9951122910e-13 
3.3537187500e+00 7.9714351380e-13 
3.3527187500e+00 7.9480358750e-13 
3.3517187500e+00 7.9241041130e-13 
3.3507187500e+00 7.9008617270e-13 
3.3497187500e+00 7.8782565100e-13 
3.3487187500e+00 7.8546426140e-13 
3.3477187500e+00 7.8309307010e-13 
3.3467187500e+00 7.8078831400e-13 
3.3457187500e+00 7.7849715120e-13 
3.3447187500e+00 7.7618010710e-13 
3.3437187500e+00 7.7391592480e-13 
3.3427187500e+00 7.7159599260e-13 
3.3417187500e+00 7.6927900440e-13 
3.3407187500e+00 7.6702219140e-13 
3.3397187500e+00 7.6476749010e-13 
3.3387187500e+00 7.6248566030e-13 
3.3377187500e+00 7.6022328000e-13 
3.3367187500e+00 7.5799162870e-13 
3.3357187500e+00 7.5576167520e-13 
3.3347187500e+00 7.5346219730e-13 
3.3337187500e+00 7.5127428230e-13 
3.3327187500e+00 7.4908159300e-13 
3.3317187500e+00 7.4691608680e-13 
3.3307187500e+00 7.4464701480e-13 
3.3297187500e+00 7.4245212250e-13 
3.3287187500e+00 7.4025141530e-13 
3.3277187500e+00 7.3806181220e-13 
3.3267187500e+00 7.3586430740e-13 
3.3257187500e+00 7.3371299800e-13 
3.3247187500e+00 7.3161666670e-13 
3.3237187500e+00 7.2939828420e-13 
3.3227187500e+00 7.2726076560e-13 
3.3217187500e+00 7.2513723620e-13 
3.3207187500e+00 7.2296654580e-13 
3.3197187500e+00 7.2080279160e-13 
3.3187187500e+00 7.1868553900e-13 
3.3177187500e+00 7.1660947910e-13 
3.3167187500e+00 7.1443299190e-13 
3.3157187500e+00 7.1237225020e-13 
3.3147187500e+00 7.1029400420e-13 
3.3137187500e+00 7.0818113880e-13 
3.3127187500e+00 7.0604890250e-13 
3.3117187500e+00 7.0401843820e-13 
3.3107187500e+00 7.0193105950e-13 
3.3097187500e+00 6.9985735150e-13 
3.3087187500e+00 6.9778264170e-13 
3.3077187500e+00 6.9574014360e-13 
3.3067187500e+00 6.9365760270e-13 
3.3057187500e+00 6.9162671240e-13 
3.3047187500e+00 6.8964371350e-13 
3.3037187500e+00 6.8754652730e-13 
3.3027187500e+00 6.8553023460e-13 
3.3017187500e+00 6.8345341170e-13 
3.3007187500e+00 6.8150030110e-13 
3.2997187500e+00 6.7946537940e-13 
3.2987187500e+00 6.7747522140e-13 
3.2977187500e+00 6.7544983210e-13 
3.2967187500e+00 6.7349740460e-13 
3.2957187500e+00 6.7154022270e-13 
3.2947187500e+00 6.6951898310e-13 
3.2937187500e+00 6.6756318820e-13 
3.2927187500e+00 6.6556861560e-13 
3.2917187500e+00 6.6363426800e-13 
3.2907187500e+00 6.6169768270e-13 
3.2897187500e+00 6.5972967850e-13 
3.2887187500e+00 6.5776996350e-13 
3.2877187500e+00 6.5590703030e-13 
3.2867187500e+00 6.5393368480e-13 
3.2857187500e+00 6.5202412150e-13 
3.2847187500e+00 6.5006993990e-13 
3.2837187500e+00 6.4818371900e-13 
3.2827187500e+00 6.4628355270e-13 
3.2817187500e+00 6.4436269610e-13 
3.2807187500e+00 6.4253674670e-13 
3.2797187500e+00 6.4052768480e-13 
3.2787187500e+00 6.3868118260e-13 
3.2777187500e+00 6.3679382840e-13 
3.2767187500e+00 6.3495188490e-13 
3.2757187500e+00 6.3313968780e-13 
3.2747187500e+00 6.3123797540e-13 
3.2737187500e+00 6.2935535840e-13 
3.2727187500e+00 6.2758039620e-13 
3.2717187500e+00 6.2566269400e-13 
3.2707187500e+00 6.2382492670e-13 
3.2697187500e+00 6.2203988530e-13 
3.2687187500e+00 6.2024658150e-13 
3.2677187500e+00 6.1837191310e-13 
3.2667187500e+00 6.1656271340e-13 
3.2657187500e+00 6.1473757940e-13 
3.2647187500e+00 6.1293518430e-13 
3.2637187500e+00 6.1109278420e-13 
3.2627187500e+00 6.0930249020e-13 
3.2617187500e+00 6.0752503630e-13 
3.2607187500e+00 6.0573222600e-13 
3.2597187500e+00 6.0392571290e-13 
3.2587187500e+00 6.0220702200e-13 
3.2577187500e+00 6.0040634860e-13 
3.2567187500e+00 5.9866676660e-13 
3.2557187500e+00 5.9688572360e-13 
3.2547187500e+00 5.9515240570e-13 
3.2537187500e+00 5.9337157080e-13 
3.2527187500e+00 5.9162405030e-13 
3.2517187500e+00 5.8989313560e-13 
3.2507187500e+00 5.8815543410e-13 
3.2497187500e+00 5.8643016210e-13 
3.2487187500e+00 5.8483762670e-13 
3.2477187500e+00 5.8303466210e-13 
3.2467187500e+00 5.8128736380e-13 
3.2457187500e+00 5.7963036890e-13 
3.2447187500e+00 5.7791638940e-13 
3.2437187500e+00 5.7621546510e-13 
3.2427187500e+00 5.7452216600e-13 
3.2417187500e+00 5.7290688050e-13 
3.2407187500e+00 5.7117223120e-13 
3.2397187500e+00 5.6952374210e-13 
3.2387187500e+00 5.6783964510e-13 
3.2377187500e+00 5.6621476590e-13 
3.2367187500e+00 5.6455323570e-13 
3.2357187500e+00 5.6289451650e-13 
3.2347187500e+00 5.6126702430e-13 
3.2337187500e+00 5.5967765690e-13 
3.2327187500e+00 5.5801328770e-13 
3.2317187500e+00 5.5629870130e-13 
3.2307187500e+00 5.5474609980e-13 
3.2297187500e+00 5.5302046330e-13 
3.2287187500e+00 5.5143028670e-13 
3.2277187500e+00 5.4991604380e-13 
3.2267187500e+00 5.4817320910e-13 
3.2257187500e+00 5.4662452690e-13 
3.2247187500e+00 5.4504275210e-13 
3.2237187500e+00 5.4350077950e-13 
3.2227187500e+00 5.4182316240e-13 
3.2217187500e+00 5.4022795690e-13 
3.2207187500e+00 5.3871725230e-13 
3.2197187500e+00 5.3715152690e-13 
3.2187187500e+00 5.3551908470e-13 
3.2177187500e+00 5.3399850630e-13 
3.2167187500e+00 5.3251480940e-13 
3.2157187500e+00 5.3080795710e-13 
3.2147187500e+00 5.2931802940e-13 
3.2137187500e+00 5.2772274740e-13 
3.2127187500e+00 5.2625833850e-13 
3.2117187500e+00 5.2468690540e-13 
3.2107187500e+00 5.2314734080e-13 
3.2097187500e+00 5.2160214010e-13 
3.2087187500e+00 5.2012891450e-13 
3.2077187500e+00 5.1865475700e-13 
3.2067187500e+00 5.1714313230e-13 
3.2057187500e+00 5.1558171800e-13 
3.2047187500e+00 5.1404591490e-13 
3.2037187500e+00 5.1257269270e-13 
3.2027187500e+00 5.1106158760e-13 
3.2017187500e+00 5.0962707300e-13 
3.2007187500e+00 5.0815349040e-13 
3.1997187500e+00 5.0663241950e-13 
3.1987187500e+00 5.0516390270e-13 
3.1977187500e+00 5.0373039230e-13 
3.1967187500e+00 5.0226986430e-13 
3.1957187500e+00 5.0075746440e-13 
3.1947187500e+00 4.9936863990e-13 
3.1937187500e+00 4.9785212620e-13 
3.1927187500e+00 4.9643349850e-13 
3.1917187500e+00 4.9494211400e-13 
3.1907187500e+00 4.9354819790e-13 
3.1897187500e+00 4.9205862540e-13 
3.1887187500e+00 4.9070641840e-13 
3.1877187500e+00 4.8924492970e-13 
3.1867187500e+00 4.8775939650e-13 
3.1857187500e+00 4.8636306440e-13 
3.1847187500e+00 4.8495977390e-13 
3.1837187500e+00 4.8353156290e-13 
3.1827187500e+00 4.8211728110e-13 
3.1817187500e+00 4.8072632770e-13 
3.1807187500e+00 4.7933384810e-13 
3.1797187500e+00 4.7789722220e-13 
3.1787187500e+00 4.7654741990e-13 
3.1777187500e+00 4.7510481880e-13 
3.1767187500e+00 4.7369620100e-13 
3.1757187500e+00 4.7238798600e-13 
3.1747187500e+00 4.7102832910e-13 
3.1737187500e+00 4.6957984380e-13 
3.1727187500e+00 4.6817724880e-13 
3.1717187500e+00 4.6691035660e-13 
3.1707187500e+00 4.6546148320e-13 
3.1697187500e+00 4.6414350970e-13 
3.1687187500e+00 4.6279728080e-13 
3.1677187500e+00 4.6140107480e-13 
3.1667187500e+00 4.6008042000e-13 
3.1657187500e+00 4.5871375770e-13 
3.1647187500e+00 4.5748321890e-13 
3.1637187500e+00 4.5615299500e-13 
3.1627187500e+00 4.5483002550e-13 
3.1617187500e+00 4.5345227780e-13 
3.1607187500e+00 4.5220626430e-13 
3.1597187500e+00 4.5085033240e-13 
3.1587187500e+00 4.4954739830e-13 
3.1577187500e+00 4.4818927010e-13 
3.1567187500e+00 4.4687975450e-13 
3.1557187500e+00 4.4551859630e-13 
3.1547187500e+00 4.4434954200e-13 
3.1537187500e+00 4.4305762290e-13 
3.1527187500e+00 4.4179865300e-13 
3.1517187500e+00 4.4045796560e-13 
3.1507187500e+00 4.3913686090e-13 
3.1497187500e+00 4.3791575250e-13 
3.1487187500e+00 4.3664906160e-13 
3.1477187500e+00 4.3538628990e-13 
3.1467187500e+00 4.3415020400e-13 
3.1457187500e+00 4.3285120110e-13 
3.1447187500e+00 4.3155277670e-13 
3.1437187500e+00 4.3032009720e-13 
3.1427187500e+00 4.2910604140e-13 
3.1417187500e+00 4.2788988020e-13 
3.1407187500e+00 4.2659241870e-13 
3.1397187500e+00 4.2533793200e-13 
3.1387187500e+00 4.2410783180e-13 
3.1377187500e+00 4.2288039680e-13 
3.1367187500e+00 4.2171723590e-13 
3.1357187500e+00 4.2038943320e-13 
3.1347187500e+00 4.1924957430e-13 
3.1337187500e+00 4.1804805760e-13 
3.1327187500e+00 4.1677669770e-13 
3.1317187500e+00 4.1561578210e-13 
3.1307187500e+00 4.1444249860e-13 
3.1297187500e+00 4.1321047960e-13 
3.1287187500e+00 4.1203063300e-13 
3.1277187500e+00 4.1081523570e-13 
3.1267187500e+00 4.0964741660e-13 
3.1257187500e+00 4.0844530080e-13 
3.1247187500e+00 4.0720533810e-13 
3.1237187500e+00 4.0607206320e-13 
3.1227187500e+00 4.0492913820e-13 
3.1217187500e+00 4.0374544330e-13 
3.1207187500e+00 4.0256003690e-13 
3.1197187500e+00 4.0139297050e-13 
3.1187187500e+00 4.0026158030e-13 
3.1177187500e+00 3.9906999750e-13 
3.1167187500e+00 3.9798468830e-13 
3.1157187500e+00 3.9682456670e-13 
3.1147187500e+00 3.9564069700e-13 
3.1137187500e+00 3.9450910470e-13 
3.1127187500e+00 3.9330311070e-13 
3.1117187500e+00 3.9224118850e-13 
3.1107187500e+00 3.9110382110e-13 
3.1097187500e+00 3.9000212550e-13 
3.1087187500e+00 3.8882310610e-13 
3.1077187500e+00 3.8771631110e-13 
3.1067187500e+00 3.8663683490e-13 
3.1057187500e+00 3.8551408130e-13 
3.1047187500e+00 3.8442679330e-13 
3.1037187500e+00 3.8320182180e-13 
3.1027187500e+00 3.8221011240e-13 
3.1017187500e+00 3.8110808180e-13 
3.1007187500e+00 3.7994857360e-13 
3.0997187500e+00 3.7882202690e-13 
3.0987187500e+00 3.7778650630e-13 
3.0977187500e+00 3.7670019280e-13 
3.0967187500e+00 3.7560506910e-13 
3.0957187500e+00 3.7453524620e-13 
3.0947187500e+00 3.7343783000e-13 
3.0937187500e+00 3.7242288050e-13 
3.0927187500e+00 3.7131265350e-13 
3.0917187500e+00 3.7020030370e-13 
3.0907187500e+00 3.6920133400e-13 
3.0897187500e+00 3.6814823480e-13 
3.0887187500e+00 3.6699004340e-13 
3.0877187500e+00 3.6596987960e-13 
3.0867187500e+00 3.6490289800e-13 
3.0857187500e+00 3.6389144310e-13 
3.0847187500e+00 3.6280395890e-13 
3.0837187500e+00 3.6182512320e-13 
3.0827187500e+00 3.6070050050e-13 
3.0817187500e+00 3.5969937640e-13 
3.0807187500e+00 3.5864185220e-13 
3.0797187500e+00 3.5762440510e-13 
3.0787187500e+00 3.5661466150e-13 
3.0777187500e+00 3.5566233170e-13 
3.0767187500e+00 3.5455332920e-13 
3.0757187500e+00 3.5352181290e-13 
3.0747187500e+00 3.5247110090e-13 
3.0737187500e+00 3.5147321010e-13 
3.0727187500e+00 3.5050955190e-13 
3.0717187500e+00 3.4948780830e-13 
3.0707187500e+00 3.4846520880e-13 
3.0697187500e+00 3.4746556450e-13 
3.0687187500e+00 3.4641034100e-13 
3.0677187500e+00 3.4551425250e-13 
3.0667187500e+00 3.4450264270e-13 
3.0657187500e+00 3.4356808610e-13 
3.0647187500e+00 3.4250505950e-13 
3.0637187500e+00 3.4154018220e-13 
3.0627187500e+00 3.4055920540e-13 
3.0617187500e+00 3.3953435020e-13 
3.0607187500e+00 3.3863062100e-13 
3.0597187500e+00 3.3766129280e-13 
3.0587187500e+00 3.3671790950e-13 
3.0577187500e+00 3.3570976370e-13 
3.0567187500e+00 3.3469680020e-13 
3.0557187500e+00 3.3376674300e-13 
3.0547187500e+00 3.3283061570e-13 
3.0537187500e+00 3.3191849530e-13 
3.0527187500e+00 3.3088563850e-13 
3.0517187500e+00 3.2992670840e-13 
3.0507187500e+00 3.2899283070e-13 
3.0497187500e+00 3.2806646690e-13 
3.0487187500e+00 3.2707618020e-13 
3.0477187500e+00 3.2618822730e-13 
3.0467187500e+00 3.2522444650e-13 
3.0457187500e+00 3.2436423790e-13 
3.0447187500e+00 3.2338955390e-13 
3.0437187500e+00 3.2242467840e-13 
3.0427187500e+00 3.2155378460e-13 
3.0417187500e+00 3.2063818620e-13 
3.0407187500e+00 3.1967036450e-13 
3.0397187500e+00 3.1876436030e-13 
3.0387187500e+00 3.1781950090e-13 
3.0377187500e+00 3.1692100390e-13 
3.0367187500e+00 3.1603482460e-13 
3.0357187500e+00 3.1516367870e-13 
3.0347187500e+00 3.1422046950e-13 
3.0337187500e+00 3.1337563160e-13 
3.0327187500e+00 3.1243909800e-13 
3.0317187500e+00 3.1158986680e-13 
3.0307187500e+00 3.1066815620e-13 
3.0297187500e+00 3.0976315230e-13 
3.0287187500e+00 3.0891287350e-13 
3.0277187500e+00 3.0801152640e-13 
3.0267187500e+00 3.0707383650e-13 
3.0257187500e+00 3.0621927530e-13 
3.0247187500e+00 3.0537208880e-13 
3.0237187500e+00 3.0451073070e-13 
3.0227187500e+00 3.0362344770e-13 
3.0217187500e+00 3.0277562460e-13 
3.0207187500e+00 3.0192058350e-13 
3.0197187500e+00 3.0100046370e-13 
3.0187187500e+00 3.0013947390e-13 
3.0177187500e+00 2.9930000200e-13 
3.0167187500e+00 2.9851348690e-13 
3.0157187500e+00 2.9760395970e-13 
3.0147187500e+00 2.9675731080e-13 
3.0137187500e+00 2.9588707030e-13 
3.0127187500e+00 2.9498807830e-13 
3.0117187500e+00 2.9415950710e-13 
3.0107187500e+00 2.9332050550e-13 
3.0097187500e+00 2.9255292820e-13 
3.0087187500e+00 2.9161386870e-13 
3.0077187500e+00 2.9076672550e-13 
3.0067187500e+00 2.8994507990e-13 
3.0057187500e+00 2.8907499370e-13 
3.0047187500e+00 2.8835892970e-13 
3.0037187500e+00 2.8744831400e-13 
3.0027187500e+00 2.8656197010e-13 
3.0017187500e+00 2.8585510270e-13 
3.0007187500e+00 2.8499117300e-13 
3.0000000000e+00 2.8449031140e-13 
2.9500000000e+00 2.4619979130e-13 
2.9000000000e+00 2.1344658710e-13 
2.8500000000e+00 1.8468187150e-13 
2.8000000000e+00 1.5974319710e-13 
2.7500000000e+00 1.3763788010e-13 
2.7000000000e+00 1.1825175070e-13 
2.6500000000e+00 1.0111647110e-13 
2.6000000000e+00 8.6192270880e-14 
2.5500000000e+00 7.3254875360e-14 
2.5000000000e+00 6.2223469390e-14 
2.4500000000e+00 5.2650818420e-14 
2.4000000000e+00 4.4527123640e-14 
2.3500000000e+00 3.7537364910e-14 
2.3000000000e+00 3.1588383530e-14 
2.2500000000e+00 2.6549792070e-14 
2.2000000000e+00 2.2418604580e-14 
2.1500000000e+00 1.9054554910e-14 
2.1000000000e+00 1.6290093390e-14 
2.0500000000e+00 1.4165394480e-14 
2.0000000000e+00 1.2379995470e-14 
1.9500000000e+00 1.1010463910e-14 
1.9000000000e+00 9.8696986550e-15 
1.8500000000e+00 8.9594368920e-15 
1.8000000000e+00 8.0868125230e-15 
1.7500000000e+00 7.4865017210e-15 
1.7000000000e+00 6.8336067010e-15 
1.6500000000e+00 6.2337511430e-15 
1.6000000000e+00 5.7326459460e-15 
1.5500000000e+00 5.3089124100e-15 
1.5000000000e+00 4.9260637410e-15 
1.4500000000e+00 4.5635136760e-15 
1.4000000000e+00 4.2483560370e-15 
1.3500000000e+00 3.9220469860e-15 
1.3000000000e+00 3.6393316050e-15 
1.2500000000e+00 3.4198897240e-15 
1.2000000000e+00 3.1123766330e-15 
1.1500000000e+00 2.8940752940e-15 
1.1000000000e+00 2.6997176820e-15 
1.0500000000e+00 2.5317113120e-15 
1.0000000000e+00 2.3137484970e-15 
9.5000000000e-01 2.1441873340e-15 
9.0000000000e-01 1.9936091780e-15 
8.5000000000e-01 1.7747834010e-15 
8.0000000000e-01 1.6794090850e-15 
7.5000000000e-01 1.4930143800e-15 
7.0000000000e-01 1.3290402540e-15 
6.5000000000e-01 1.2132919570e-15 
6.0000000000e-01 1.0449867950e-15 
5.5000000000e-01 9.1946063910e-16 
5.0000000000e-01 8.1597989260e-16 
4.5000000000e-01 7.3301536450e-16 
4.0000000000e-01 6.0822145950e-16 
3.5000000000e-01 5.0242809630e-16 
3.0000000000e-01 4.3107525610e-16 
2.5000000000e-01 3.2597751650e-16 
2.0000000000e-01 3.3123083620e-16 
1.5000000000e-01 2.5202408370e-16 
1.0000000000e-01 1.8435433720e-16 
5.0000000000e-02 9.2996591260e-17 
0.0000000000e+00 2.3809412450e-17 
