EXPORTED XY-GRAPH DATA
4358 2 2
Drain Voltage
Drain Current
0.0000000000e+00 -4.5340564840e-17 
5.0000000000e-02 8.0811291130e-17 
1.0000000000e-01 1.7852069750e-16 
1.5000000000e-01 2.3326001120e-16 
2.0000000000e-01 3.3240982570e-16 
2.5000000000e-01 3.8522476220e-16 
3.0000000000e-01 4.4570178900e-16 
3.5000000000e-01 5.6553508680e-16 
4.0000000000e-01 6.4212241110e-16 
4.2500000000e-01 6.7504250840e-16 
4.5000000000e-01 7.7327970660e-16 
5.0000000000e-01 8.5553664030e-16 
5.5000000000e-01 9.7932133610e-16 
6.0000000000e-01 1.1189578470e-15 
6.5000000000e-01 1.2556190940e-15 
7.0000000000e-01 1.3683087200e-15 
7.5000000000e-01 1.5739921940e-15 
8.0000000000e-01 1.7065290910e-15 
8.5000000000e-01 1.9109410410e-15 
9.0000000000e-01 2.1208706450e-15 
9.5000000000e-01 2.2978397690e-15 
1.0000000000e+00 2.4606842820e-15 
1.0500000000e+00 2.7259625080e-15 
1.1000000000e+00 2.8919549150e-15 
1.1500000000e+00 3.1732189960e-15 
1.2000000000e+00 3.3902140230e-15 
1.2500000000e+00 3.6882841160e-15 
1.3000000000e+00 3.9193697190e-15 
1.3500000000e+00 4.2659096170e-15 
1.4000000000e+00 4.6490561460e-15 
1.4500000000e+00 4.9901312190e-15 
1.5000000000e+00 5.5113889740e-15 
1.5500000000e+00 5.8682780870e-15 
1.6000000000e+00 6.3790344780e-15 
1.6500000000e+00 6.9355520470e-15 
1.7000000000e+00 7.5651236180e-15 
1.7500000000e+00 8.3568588220e-15 
1.8000000000e+00 9.0672815740e-15 
1.8500000000e+00 1.0082764290e-14 
1.9000000000e+00 1.1181123920e-14 
1.9500000000e+00 1.2489080150e-14 
2.0000000000e+00 1.4221256190e-14 
2.0500000000e+00 1.6306319210e-14 
2.1000000000e+00 1.9027553170e-14 
2.1500000000e+00 2.2238884590e-14 
2.2000000000e+00 2.6394087260e-14 
2.2500000000e+00 3.1307960230e-14 
2.3000000000e+00 3.7161114230e-14 
2.3500000000e+00 4.4089271260e-14 
2.4000000000e+00 5.2189929390e-14 
2.4500000000e+00 6.1813792530e-14 
2.5000000000e+00 7.2793635280e-14 
2.5500000000e+00 8.5663339090e-14 
2.6000000000e+00 1.0051061030e-13 
2.6500000000e+00 1.1762052990e-13 
2.7000000000e+00 1.3702601930e-13 
2.7500000000e+00 1.5907223990e-13 
2.8000000000e+00 1.8390096270e-13 
2.8500000000e+00 2.1217142630e-13 
2.9000000000e+00 2.4484531370e-13 
2.9500000000e+00 2.8241504530e-13 
3.0000000000e+00 3.2608730240e-13 
3.0010000000e+00 3.2694240220e-13 
3.0020000000e+00 3.2788030600e-13 
3.0030000000e+00 3.2886687100e-13 
3.0040000000e+00 3.2973249460e-13 
3.0050000000e+00 3.3070462880e-13 
3.0060000000e+00 3.3160009810e-13 
3.0070000000e+00 3.3257555080e-13 
3.0080000000e+00 3.3357249300e-13 
3.0090000000e+00 3.3460325840e-13 
3.0100000000e+00 3.3553521720e-13 
3.0110000000e+00 3.3645442160e-13 
3.0120000000e+00 3.3746697490e-13 
3.0130000000e+00 3.3848160250e-13 
3.0140000000e+00 3.3934416140e-13 
3.0150000000e+00 3.4035437320e-13 
3.0160000000e+00 3.4133950540e-13 
3.0170000000e+00 3.4232274190e-13 
3.0180000000e+00 3.4331494340e-13 
3.0190000000e+00 3.4435746500e-13 
3.0200000000e+00 3.4531412370e-13 
3.0210000000e+00 3.4630083660e-13 
3.0220000000e+00 3.4730032300e-13 
3.0230000000e+00 3.4825008000e-13 
3.0240000000e+00 3.4931114250e-13 
3.0250000000e+00 3.5033939260e-13 
3.0260000000e+00 3.5136433250e-13 
3.0270000000e+00 3.5230217560e-13 
3.0280000000e+00 3.5332980870e-13 
3.0290000000e+00 3.5442195870e-13 
3.0300000000e+00 3.5538646870e-13 
3.0310000000e+00 3.5635575920e-13 
3.0320000000e+00 3.5740188850e-13 
3.0330000000e+00 3.5850919130e-13 
3.0340000000e+00 3.5951997390e-13 
3.0350000000e+00 3.6051297800e-13 
3.0360000000e+00 3.6157722890e-13 
3.0370000000e+00 3.6262078670e-13 
3.0380000000e+00 3.6367246360e-13 
3.0390000000e+00 3.6473685430e-13 
3.0400000000e+00 3.6581897120e-13 
3.0410000000e+00 3.6689980710e-13 
3.0420000000e+00 3.6788035940e-13 
3.0430000000e+00 3.6897199980e-13 
3.0440000000e+00 3.7010809990e-13 
3.0450000000e+00 3.7111403540e-13 
3.0460000000e+00 3.7219867470e-13 
3.0470000000e+00 3.7322605400e-13 
3.0480000000e+00 3.7430165020e-13 
3.0490000000e+00 3.7542170350e-13 
3.0500000000e+00 3.7653754770e-13 
3.0510000000e+00 3.7758300440e-13 
3.0520000000e+00 3.7865393940e-13 
3.0530000000e+00 3.7977684680e-13 
3.0540000000e+00 3.8091058010e-13 
3.0550000000e+00 3.8201023300e-13 
3.0560000000e+00 3.8307601380e-13 
3.0570000000e+00 3.8414468260e-13 
3.0580000000e+00 3.8526406910e-13 
3.0590000000e+00 3.8638279210e-13 
3.0600000000e+00 3.8752340860e-13 
3.0610000000e+00 3.8869928570e-13 
3.0620000000e+00 3.8977236300e-13 
3.0630000000e+00 3.9092456200e-13 
3.0640000000e+00 3.9204915200e-13 
3.0650000000e+00 3.9320565880e-13 
3.0660000000e+00 3.9435124320e-13 
3.0670000000e+00 3.9545167190e-13 
3.0680000000e+00 3.9668280930e-13 
3.0690000000e+00 3.9771193230e-13 
3.0700000000e+00 3.9886633270e-13 
3.0710000000e+00 4.0005828680e-13 
3.0720000000e+00 4.0122680540e-13 
3.0730000000e+00 4.0243893390e-13 
3.0740000000e+00 4.0352844360e-13 
3.0750000000e+00 4.0471274710e-13 
3.0760000000e+00 4.0587033350e-13 
3.0770000000e+00 4.0708615720e-13 
3.0780000000e+00 4.0825641180e-13 
3.0790000000e+00 4.0947299790e-13 
3.0800000000e+00 4.1063927470e-13 
3.0810000000e+00 4.1179863410e-13 
3.0820000000e+00 4.1305799490e-13 
3.0830000000e+00 4.1419740530e-13 
3.0840000000e+00 4.1545223650e-13 
3.0850000000e+00 4.1669757990e-13 
3.0860000000e+00 4.1778602100e-13 
3.0870000000e+00 4.1896485670e-13 
3.0880000000e+00 4.2028149890e-13 
3.0890000000e+00 4.2146713750e-13 
3.0900000000e+00 4.2268761150e-13 
3.0910000000e+00 4.2389028640e-13 
3.0920000000e+00 4.2513322650e-13 
3.0930000000e+00 4.2633727160e-13 
3.0940000000e+00 4.2763901940e-13 
3.0950000000e+00 4.2884380700e-13 
3.0960000000e+00 4.3008425710e-13 
3.0970000000e+00 4.3146478850e-13 
3.0980000000e+00 4.3263807670e-13 
3.0990000000e+00 4.3386896280e-13 
3.1000000000e+00 4.3513717330e-13 
3.1010000000e+00 4.3644333730e-13 
3.1020000000e+00 4.3769744260e-13 
3.1030000000e+00 4.3893708490e-13 
3.1040000000e+00 4.4018422790e-13 
3.1050000000e+00 4.4149238450e-13 
3.1060000000e+00 4.4275120190e-13 
3.1070000000e+00 4.4407950050e-13 
3.1080000000e+00 4.4535469490e-13 
3.1090000000e+00 4.4664508700e-13 
3.1100000000e+00 4.4803171670e-13 
3.1110000000e+00 4.4925285420e-13 
3.1120000000e+00 4.5058776600e-13 
3.1130000000e+00 4.5190193480e-13 
3.1140000000e+00 4.5320454920e-13 
3.1150000000e+00 4.5446260090e-13 
3.1160000000e+00 4.5581688020e-13 
3.1170000000e+00 4.5718969250e-13 
3.1180000000e+00 4.5852109350e-13 
3.1190000000e+00 4.5985222900e-13 
3.1200000000e+00 4.6118936480e-13 
3.1210000000e+00 4.6255672870e-13 
3.1220000000e+00 4.6385949540e-13 
3.1230000000e+00 4.6523300920e-13 
3.1240000000e+00 4.6663403460e-13 
3.1250000000e+00 4.6792241850e-13 
3.1260000000e+00 4.6932436530e-13 
3.1270000000e+00 4.7076698070e-13 
3.1280000000e+00 4.7205196370e-13 
3.1290000000e+00 4.7343383080e-13 
3.1300000000e+00 4.7479057060e-13 
3.1310000000e+00 4.7623559680e-13 
3.1320000000e+00 4.7761205080e-13 
3.1330000000e+00 4.7901162420e-13 
3.1340000000e+00 4.8035035260e-13 
3.1350000000e+00 4.8179825200e-13 
3.1360000000e+00 4.8319929960e-13 
3.1370000000e+00 4.8464100940e-13 
3.1380000000e+00 4.8603901290e-13 
3.1390000000e+00 4.8744973980e-13 
3.1400000000e+00 4.8882405540e-13 
3.1410000000e+00 4.9029312680e-13 
3.1420000000e+00 4.9175189410e-13 
3.1430000000e+00 4.9311806380e-13 
3.1440000000e+00 4.9463767910e-13 
3.1450000000e+00 4.9606782880e-13 
3.1460000000e+00 4.9750876800e-13 
3.1470000000e+00 4.9893334370e-13 
3.1480000000e+00 5.0036766350e-13 
3.1490000000e+00 5.0184389220e-13 
3.1500000000e+00 5.0332109180e-13 
3.1510000000e+00 5.0480385680e-13 
3.1520000000e+00 5.0628592080e-13 
3.1530000000e+00 5.0774493460e-13 
3.1540000000e+00 5.0920350350e-13 
3.1550000000e+00 5.1071278350e-13 
3.1560000000e+00 5.1223911290e-13 
3.1570000000e+00 5.1370604670e-13 
3.1580000000e+00 5.1521676370e-13 
3.1590000000e+00 5.1671257240e-13 
3.1600000000e+00 5.1818114690e-13 
3.1610000000e+00 5.1973715460e-13 
3.1620000000e+00 5.2124984620e-13 
3.1630000000e+00 5.2272089230e-13 
3.1640000000e+00 5.2425764940e-13 
3.1650000000e+00 5.2580497650e-13 
3.1660000000e+00 5.2737665820e-13 
3.1670000000e+00 5.2893497190e-13 
3.1680000000e+00 5.3048274940e-13 
3.1690000000e+00 5.3202354780e-13 
3.1700000000e+00 5.3351838910e-13 
3.1710000000e+00 5.3517564210e-13 
3.1720000000e+00 5.3669411980e-13 
3.1730000000e+00 5.3828226960e-13 
3.1740000000e+00 5.3980913210e-13 
3.1750000000e+00 5.4136869640e-13 
3.1760000000e+00 5.4301526680e-13 
3.1770000000e+00 5.4457360480e-13 
3.1780000000e+00 5.4616004780e-13 
3.1790000000e+00 5.4771214460e-13 
3.1800000000e+00 5.4934873900e-13 
3.1810000000e+00 5.5096435340e-13 
3.1820000000e+00 5.5251261910e-13 
3.1830000000e+00 5.5422830050e-13 
3.1840000000e+00 5.5579287700e-13 
3.1850000000e+00 5.5746199940e-13 
3.1860000000e+00 5.5910324660e-13 
3.1870000000e+00 5.6068236400e-13 
3.1880000000e+00 5.6239067180e-13 
3.1890000000e+00 5.6401658870e-13 
3.1900000000e+00 5.6568334490e-13 
3.1910000000e+00 5.6730906440e-13 
3.1920000000e+00 5.6896037460e-13 
3.1930000000e+00 5.7066317460e-13 
3.1940000000e+00 5.7230634710e-13 
3.1950000000e+00 5.7398137440e-13 
3.1960000000e+00 5.7568387010e-13 
3.1970000000e+00 5.7733174950e-13 
3.1980000000e+00 5.7901565970e-13 
3.1990000000e+00 5.8080327240e-13 
3.2000000000e+00 5.8250723480e-13 
3.2010000000e+00 5.8419104150e-13 
3.2020000000e+00 5.8586257550e-13 
3.2030000000e+00 5.8762023450e-13 
3.2040000000e+00 5.8933436830e-13 
3.2050000000e+00 5.9104638530e-13 
3.2060000000e+00 5.9279088160e-13 
3.2070000000e+00 5.9453195840e-13 
3.2080000000e+00 5.9625064520e-13 
3.2090000000e+00 5.9797256740e-13 
3.2100000000e+00 5.9975056750e-13 
3.2110000000e+00 6.0149504160e-13 
3.2120000000e+00 6.0326614230e-13 
3.2130000000e+00 6.0508433790e-13 
3.2140000000e+00 6.0685438520e-13 
3.2150000000e+00 6.0862390480e-13 
3.2160000000e+00 6.1034715470e-13 
3.2170000000e+00 6.1223968340e-13 
3.2180000000e+00 6.1400531910e-13 
3.2190000000e+00 6.1581658410e-13 
3.2200000000e+00 6.1758278520e-13 
3.2210000000e+00 6.1938383030e-13 
3.2220000000e+00 6.2120961380e-13 
3.2230000000e+00 6.2306013570e-13 
3.2240000000e+00 6.2489403980e-13 
3.2250000000e+00 6.2671216100e-13 
3.2260000000e+00 6.2855501860e-13 
3.2270000000e+00 6.3042699820e-13 
3.2280000000e+00 6.3227609170e-13 
3.2290000000e+00 6.3412130450e-13 
3.2300000000e+00 6.3600984030e-13 
3.2310000000e+00 6.3786901320e-13 
3.2320000000e+00 6.3980115580e-13 
3.2330000000e+00 6.4161391090e-13 
3.2340000000e+00 6.4354904060e-13 
3.2350000000e+00 6.4538940420e-13 
3.2360000000e+00 6.4731297730e-13 
3.2370000000e+00 6.4925396730e-13 
3.2380000000e+00 6.5117817700e-13 
3.2390000000e+00 6.5308535260e-13 
3.2400000000e+00 6.5496712490e-13 
3.2410000000e+00 6.5696113570e-13 
3.2420000000e+00 6.5885308820e-13 
3.2430000000e+00 6.6075459380e-13 
3.2440000000e+00 6.6270833540e-13 
3.2450000000e+00 6.6462852150e-13 
3.2460000000e+00 6.6668203600e-13 
3.2470000000e+00 6.6862993600e-13 
3.2480000000e+00 6.7059461590e-13 
3.2490000000e+00 6.7261408860e-13 
3.2500000000e+00 6.7446340530e-13 
3.2510000000e+00 6.7652875750e-13 
3.2520000000e+00 6.7858101910e-13 
3.2530000000e+00 6.8048275540e-13 
3.2540000000e+00 6.8249149740e-13 
3.2550000000e+00 6.8452044070e-13 
3.2560000000e+00 6.8658225670e-13 
3.2570000000e+00 6.8858022290e-13 
3.2580000000e+00 6.9058242820e-13 
3.2590000000e+00 6.9264213310e-13 
3.2600000000e+00 6.9466848050e-13 
3.2610000000e+00 6.9672858250e-13 
3.2620000000e+00 6.9876986330e-13 
3.2630000000e+00 7.0084963180e-13 
3.2640000000e+00 7.0290418320e-13 
3.2650000000e+00 7.0500745520e-13 
3.2660000000e+00 7.0709323670e-13 
3.2670000000e+00 7.0914189340e-13 
3.2680000000e+00 7.1126370570e-13 
3.2690000000e+00 7.1334442320e-13 
3.2700000000e+00 7.1550184550e-13 
3.2710000000e+00 7.1754256210e-13 
3.2720000000e+00 7.1964849420e-13 
3.2730000000e+00 7.2180105200e-13 
3.2740000000e+00 7.2386530750e-13 
3.2750000000e+00 7.2602527060e-13 
3.2760000000e+00 7.2815457670e-13 
3.2770000000e+00 7.3032382150e-13 
3.2780000000e+00 7.3242961520e-13 
3.2790000000e+00 7.3459142880e-13 
3.2800000000e+00 7.3680758500e-13 
3.2810000000e+00 7.3895360230e-13 
3.2820000000e+00 7.4117506100e-13 
3.2830000000e+00 7.4340971860e-13 
3.2840000000e+00 7.4560953490e-13 
3.2850000000e+00 7.4775654640e-13 
3.2860000000e+00 7.4993409030e-13 
3.2870000000e+00 7.5218853370e-13 
3.2880000000e+00 7.5436740410e-13 
3.2890000000e+00 7.5658662090e-13 
3.2900000000e+00 7.5881067630e-13 
3.2910000000e+00 7.6104040490e-13 
3.2920000000e+00 7.6331528140e-13 
3.2930000000e+00 7.6558872800e-13 
3.2940000000e+00 7.6781019840e-13 
3.2950000000e+00 7.7007932070e-13 
3.2960000000e+00 7.7236810600e-13 
3.2970000000e+00 7.7466735540e-13 
3.2980000000e+00 7.7695638820e-13 
3.2990000000e+00 7.7924063070e-13 
3.3000000000e+00 7.8156457570e-13 
3.3010000000e+00 7.8392509560e-13 
3.3020000000e+00 7.8618726270e-13 
3.3030000000e+00 7.8855409340e-13 
3.3040000000e+00 7.9089609010e-13 
3.3050000000e+00 7.9323122810e-13 
3.3060000000e+00 7.9548878940e-13 
3.3070000000e+00 7.9799575270e-13 
3.3080000000e+00 8.0033292440e-13 
3.3090000000e+00 8.0259638170e-13 
3.3100000000e+00 8.0500919230e-13 
3.3110000000e+00 8.0731089980e-13 
3.3120000000e+00 8.0984090980e-13 
3.3130000000e+00 8.1218274360e-13 
3.3140000000e+00 8.1463403340e-13 
3.3150000000e+00 8.1699760950e-13 
3.3160000000e+00 8.1931294630e-13 
3.3170000000e+00 8.2179475660e-13 
3.3180000000e+00 8.2425652270e-13 
3.3190000000e+00 8.2675338410e-13 
3.3200000000e+00 8.2914331130e-13 
3.3210000000e+00 8.3156874970e-13 
3.3220000000e+00 8.3404139470e-13 
3.3230000000e+00 8.3650526950e-13 
3.3240000000e+00 8.3905352710e-13 
3.3250000000e+00 8.4146602230e-13 
3.3260000000e+00 8.4402409540e-13 
3.3270000000e+00 8.4656377250e-13 
3.3280000000e+00 8.4900359990e-13 
3.3290000000e+00 8.5154957280e-13 
3.3300000000e+00 8.5406716700e-13 
3.3310000000e+00 8.5655363270e-13 
3.3320000000e+00 8.5913909190e-13 
3.3330000000e+00 8.6170929430e-13 
3.3340000000e+00 8.6428408120e-13 
3.3350000000e+00 8.6682105200e-13 
3.3360000000e+00 8.6943320190e-13 
3.3370000000e+00 8.7196137430e-13 
3.3380000000e+00 8.7457642030e-13 
3.3390000000e+00 8.7709140410e-13 
3.3400000000e+00 8.7971038640e-13 
3.3410000000e+00 8.8231041030e-13 
3.3420000000e+00 8.8492425290e-13 
3.3430000000e+00 8.8760261400e-13 
3.3440000000e+00 8.9026152890e-13 
3.3450000000e+00 8.9288706370e-13 
3.3460000000e+00 8.9556877500e-13 
3.3470000000e+00 8.9826502600e-13 
3.3480000000e+00 9.0086472990e-13 
3.3490000000e+00 9.0353770860e-13 
3.3500000000e+00 9.0630589230e-13 
3.3510000000e+00 9.0894495830e-13 
3.3520000000e+00 9.1179180570e-13 
3.3530000000e+00 9.1441533450e-13 
3.3540000000e+00 9.1721550890e-13 
3.3550000000e+00 9.1994335870e-13 
3.3560000000e+00 9.2259743300e-13 
3.3570000000e+00 9.2553301150e-13 
3.3580000000e+00 9.2822208100e-13 
3.3590000000e+00 9.3101177500e-13 
3.3600000000e+00 9.3386282540e-13 
3.3610000000e+00 9.3653712450e-13 
3.3620000000e+00 9.3936133670e-13 
3.3630000000e+00 9.4220679850e-13 
3.3640000000e+00 9.4505262330e-13 
3.3650000000e+00 9.4785481400e-13 
3.3660000000e+00 9.5068892790e-13 
3.3670000000e+00 9.5351901420e-13 
3.3680000000e+00 9.5644720690e-13 
3.3690000000e+00 9.5930683020e-13 
3.3700000000e+00 9.6220064460e-13 
3.3710000000e+00 9.6507831250e-13 
3.3720000000e+00 9.6787320460e-13 
3.3730000000e+00 9.7087146550e-13 
3.3740000000e+00 9.7370569950e-13 
3.3750000000e+00 9.7662696170e-13 
3.3760000000e+00 9.7963951840e-13 
3.3770000000e+00 9.8251645790e-13 
3.3780000000e+00 9.8557020430e-13 
3.3790000000e+00 9.8843297160e-13 
3.3800000000e+00 9.9145607050e-13 
3.3810000000e+00 9.9438155090e-13 
3.3820000000e+00 9.9741184150e-13 
3.3830000000e+00 1.0003765370e-12 
3.3840000000e+00 1.0033511520e-12 
3.3850000000e+00 1.0063971080e-12 
3.3860000000e+00 1.0094239690e-12 
3.3870000000e+00 1.0125000330e-12 
3.3880000000e+00 1.0155191950e-12 
3.3890000000e+00 1.0185048750e-12 
3.3900000000e+00 1.0216860240e-12 
3.3910000000e+00 1.0247006120e-12 
3.3920000000e+00 1.0278381260e-12 
3.3930000000e+00 1.0308408230e-12 
3.3940000000e+00 1.0339637850e-12 
3.3950000000e+00 1.0370944600e-12 
3.3960000000e+00 1.0402016390e-12 
3.3970000000e+00 1.0433529630e-12 
3.3980000000e+00 1.0464158300e-12 
3.3990000000e+00 1.0496149770e-12 
3.4000000000e+00 1.0527966780e-12 
3.4010000000e+00 1.0559323170e-12 
3.4020000000e+00 1.0591396950e-12 
3.4030000000e+00 1.0623189700e-12 
3.4040000000e+00 1.0655351000e-12 
3.4050000000e+00 1.0687609300e-12 
3.4060000000e+00 1.0719647110e-12 
3.4070000000e+00 1.0751938550e-12 
3.4080000000e+00 1.0784849110e-12 
3.4090000000e+00 1.0816722270e-12 
3.4100000000e+00 1.0849020810e-12 
3.4110000000e+00 1.0882398440e-12 
3.4120000000e+00 1.0914772400e-12 
3.4130000000e+00 1.0948228850e-12 
3.4140000000e+00 1.0982441990e-12 
3.4150000000e+00 1.1014821890e-12 
3.4160000000e+00 1.1048384540e-12 
3.4170000000e+00 1.1082321630e-12 
3.4180000000e+00 1.1115845710e-12 
3.4190000000e+00 1.1149733750e-12 
3.4200000000e+00 1.1183787930e-12 
3.4210000000e+00 1.1217955610e-12 
3.4220000000e+00 1.1252255360e-12 
3.4230000000e+00 1.1286371730e-12 
3.4240000000e+00 1.1320484040e-12 
3.4250000000e+00 1.1355087250e-12 
3.4260000000e+00 1.1389306530e-12 
3.4270000000e+00 1.1424547520e-12 
3.4280000000e+00 1.1458905370e-12 
3.4290000000e+00 1.1493332480e-12 
3.4300000000e+00 1.1529696090e-12 
3.4310000000e+00 1.1564305440e-12 
3.4320000000e+00 1.1599879760e-12 
3.4330000000e+00 1.1634988250e-12 
3.4340000000e+00 1.1670268180e-12 
3.4350000000e+00 1.1705802790e-12 
3.4360000000e+00 1.1741972520e-12 
3.4370000000e+00 1.1777630660e-12 
3.4380000000e+00 1.1813552110e-12 
3.4390000000e+00 1.1849477860e-12 
3.4400000000e+00 1.1886136820e-12 
3.4410000000e+00 1.1922158780e-12 
3.4420000000e+00 1.1958646570e-12 
3.4430000000e+00 1.1994952700e-12 
3.4440000000e+00 1.2032606030e-12 
3.4450000000e+00 1.2068989480e-12 
3.4460000000e+00 1.2106099760e-12 
3.4470000000e+00 1.2143360400e-12 
3.4480000000e+00 1.2180015290e-12 
3.4490000000e+00 1.2217812600e-12 
3.4500000000e+00 1.2255423930e-12 
3.4510000000e+00 1.2292251920e-12 
3.4520000000e+00 1.2330577310e-12 
3.4530000000e+00 1.2368311450e-12 
3.4540000000e+00 1.2405590100e-12 
3.4550000000e+00 1.2443388650e-12 
3.4560000000e+00 1.2481955610e-12 
3.4570000000e+00 1.2520687360e-12 
3.4580000000e+00 1.2558817340e-12 
3.4590000000e+00 1.2597920370e-12 
3.4600000000e+00 1.2636244390e-12 
3.4610000000e+00 1.2675274850e-12 
3.4620000000e+00 1.2713411040e-12 
3.4630000000e+00 1.2753161410e-12 
3.4640000000e+00 1.2792169960e-12 
3.4650000000e+00 1.2831222810e-12 
3.4660000000e+00 1.2871336160e-12 
3.4670000000e+00 1.2911361320e-12 
3.4680000000e+00 1.2950592330e-12 
3.4690000000e+00 1.2990131980e-12 
3.4700000000e+00 1.3030399950e-12 
3.4710000000e+00 1.3070241260e-12 
3.4720000000e+00 1.3110572850e-12 
3.4730000000e+00 1.3151135710e-12 
3.4740000000e+00 1.3191030510e-12 
3.4750000000e+00 1.3232268000e-12 
3.4760000000e+00 1.3273337700e-12 
3.4770000000e+00 1.3314341940e-12 
3.4780000000e+00 1.3355135510e-12 
3.4790000000e+00 1.3396847200e-12 
3.4800000000e+00 1.3438572630e-12 
3.4810000000e+00 1.3480067740e-12 
3.4820000000e+00 1.3522093330e-12 
3.4830000000e+00 1.3564392980e-12 
3.4840000000e+00 1.3606935980e-12 
3.4850000000e+00 1.3648431530e-12 
3.4860000000e+00 1.3691287810e-12 
3.4870000000e+00 1.3734805120e-12 
3.4880000000e+00 1.3776228470e-12 
3.4890000000e+00 1.3820002520e-12 
3.4900000000e+00 1.3863727380e-12 
3.4910000000e+00 1.3906743000e-12 
3.4920000000e+00 1.3950152570e-12 
3.4930000000e+00 1.3992467350e-12 
3.4940000000e+00 1.4036790150e-12 
3.4950000000e+00 1.4080401510e-12 
3.4960000000e+00 1.4124588020e-12 
3.4970000000e+00 1.4168325430e-12 
3.4980000000e+00 1.4212531530e-12 
3.4990000000e+00 1.4256571220e-12 
3.5000000000e+00 1.4301866840e-12 
3.5010000000e+00 1.4346269140e-12 
3.5020000000e+00 1.4391442750e-12 
3.5030000000e+00 1.4436456120e-12 
3.5040000000e+00 1.4481670550e-12 
3.5050000000e+00 1.4526269360e-12 
3.5060000000e+00 1.4572207490e-12 
3.5070000000e+00 1.4617684510e-12 
3.5080000000e+00 1.4663573710e-12 
3.5090000000e+00 1.4709564530e-12 
3.5100000000e+00 1.4755451300e-12 
3.5110000000e+00 1.4801904450e-12 
3.5120000000e+00 1.4848416420e-12 
3.5130000000e+00 1.4894335510e-12 
3.5140000000e+00 1.4940877300e-12 
3.5150000000e+00 1.4988637020e-12 
3.5160000000e+00 1.5035419480e-12 
3.5170000000e+00 1.5082684620e-12 
3.5180000000e+00 1.5129613750e-12 
3.5190000000e+00 1.5177627680e-12 
3.5200000000e+00 1.5225182060e-12 
3.5210000000e+00 1.5272632080e-12 
3.5220000000e+00 1.5320521420e-12 
3.5230000000e+00 1.5369179640e-12 
3.5240000000e+00 1.5416921750e-12 
3.5250000000e+00 1.5465153270e-12 
3.5260000000e+00 1.5514670860e-12 
3.5270000000e+00 1.5563584910e-12 
3.5280000000e+00 1.5612759670e-12 
3.5290000000e+00 1.5661808700e-12 
3.5300000000e+00 1.5712089600e-12 
3.5310000000e+00 1.5761599300e-12 
3.5320000000e+00 1.5811927260e-12 
3.5330000000e+00 1.5861260480e-12 
3.5340000000e+00 1.5911209300e-12 
3.5350000000e+00 1.5962302100e-12 
3.5360000000e+00 1.6012535840e-12 
3.5370000000e+00 1.6063499950e-12 
3.5380000000e+00 1.6114327610e-12 
3.5390000000e+00 1.6165208850e-12 
3.5400000000e+00 1.6217022980e-12 
3.5410000000e+00 1.6267936120e-12 
3.5420000000e+00 1.6320332430e-12 
3.5430000000e+00 1.6372876280e-12 
3.5440000000e+00 1.6423508120e-12 
3.5450000000e+00 1.6475906590e-12 
3.5460000000e+00 1.6528371650e-12 
3.5470000000e+00 1.6581218790e-12 
3.5480000000e+00 1.6633407280e-12 
3.5490000000e+00 1.6686580530e-12 
3.5500000000e+00 1.6739997040e-12 
3.5510000000e+00 1.6793429110e-12 
3.5520000000e+00 1.6846060050e-12 
3.5530000000e+00 1.6900020250e-12 
3.5540000000e+00 1.6954463770e-12 
3.5550000000e+00 1.7007308190e-12 
3.5560000000e+00 1.7061797150e-12 
3.5570000000e+00 1.7117324910e-12 
3.5580000000e+00 1.7171712970e-12 
3.5590000000e+00 1.7225903280e-12 
3.5600000000e+00 1.7281940600e-12 
3.5610000000e+00 1.7335827630e-12 
3.5620000000e+00 1.7392171770e-12 
3.5630000000e+00 1.7446423590e-12 
3.5640000000e+00 1.7502708160e-12 
3.5650000000e+00 1.7558510690e-12 
3.5660000000e+00 1.7614428500e-12 
3.5670000000e+00 1.7671313740e-12 
3.5680000000e+00 1.7728441600e-12 
3.5690000000e+00 1.7784736380e-12 
3.5700000000e+00 1.7842023530e-12 
3.5710000000e+00 1.7899262880e-12 
3.5720000000e+00 1.7956101400e-12 
3.5730000000e+00 1.8013159380e-12 
3.5740000000e+00 1.8071971950e-12 
3.5750000000e+00 1.8129575270e-12 
3.5760000000e+00 1.8187546230e-12 
3.5770000000e+00 1.8245744870e-12 
3.5780000000e+00 1.8303981070e-12 
3.5790000000e+00 1.8364025970e-12 
3.5800000000e+00 1.8422293320e-12 
3.5810000000e+00 1.8482212660e-12 
3.5820000000e+00 1.8541647240e-12 
3.5830000000e+00 1.8600605380e-12 
3.5840000000e+00 1.8661060830e-12 
3.5850000000e+00 1.8720444500e-12 
3.5860000000e+00 1.8781511280e-12 
3.5870000000e+00 1.8841284810e-12 
3.5880000000e+00 1.8902505360e-12 
3.5890000000e+00 1.8963217000e-12 
3.5900000000e+00 1.9023987570e-12 
3.5910000000e+00 1.9086002630e-12 
3.5920000000e+00 1.9147285690e-12 
3.5930000000e+00 1.9209459550e-12 
3.5940000000e+00 1.9271887480e-12 
3.5950000000e+00 1.9334911880e-12 
3.5960000000e+00 1.9397177220e-12 
3.5970000000e+00 1.9460838930e-12 
3.5980000000e+00 1.9523735690e-12 
3.5990000000e+00 1.9587335460e-12 
3.6000000000e+00 1.9651477050e-12 
3.6010000000e+00 1.9716225170e-12 
3.6020000000e+00 1.9779944340e-12 
3.6030000000e+00 1.9845094970e-12 
3.6040000000e+00 1.9910359060e-12 
3.6050000000e+00 1.9974857260e-12 
3.6060000000e+00 2.0040291760e-12 
3.6070000000e+00 2.0105580600e-12 
3.6080000000e+00 2.0171383750e-12 
3.6090000000e+00 2.0237235400e-12 
3.6100000000e+00 2.0304044060e-12 
3.6110000000e+00 2.0370305860e-12 
3.6120000000e+00 2.0437374200e-12 
3.6130000000e+00 2.0505213500e-12 
3.6140000000e+00 2.0571246940e-12 
3.6150000000e+00 2.0639603910e-12 
3.6160000000e+00 2.0707206990e-12 
3.6170000000e+00 2.0775300990e-12 
3.6180000000e+00 2.0843827360e-12 
3.6190000000e+00 2.0912190790e-12 
3.6200000000e+00 2.0980536000e-12 
3.6210000000e+00 2.1049782100e-12 
3.6220000000e+00 2.1118549710e-12 
3.6230000000e+00 2.1188501360e-12 
3.6240000000e+00 2.1258101750e-12 
3.6250000000e+00 2.1328282440e-12 
3.6260000000e+00 2.1398118110e-12 
3.6270000000e+00 2.1469171980e-12 
3.6280000000e+00 2.1539637360e-12 
3.6290000000e+00 2.1611557910e-12 
3.6300000000e+00 2.1682061670e-12 
3.6310000000e+00 2.1753936950e-12 
3.6320000000e+00 2.1826421330e-12 
3.6330000000e+00 2.1899270390e-12 
3.6340000000e+00 2.1971865830e-12 
3.6350000000e+00 2.2045176750e-12 
3.6360000000e+00 2.2118275720e-12 
3.6370000000e+00 2.2190935030e-12 
3.6380000000e+00 2.2264944610e-12 
3.6390000000e+00 2.2338999000e-12 
3.6400000000e+00 2.2412594780e-12 
3.6410000000e+00 2.2486916150e-12 
3.6420000000e+00 2.2561651870e-12 
3.6430000000e+00 2.2637693410e-12 
3.6440000000e+00 2.2712503360e-12 
3.6450000000e+00 2.2788103400e-12 
3.6460000000e+00 2.2864048630e-12 
3.6470000000e+00 2.2940182350e-12 
3.6480000000e+00 2.3016441830e-12 
3.6490000000e+00 2.3093117670e-12 
3.6500000000e+00 2.3170799510e-12 
3.6510000000e+00 2.3247141190e-12 
3.6520000000e+00 2.3324541950e-12 
3.6530000000e+00 2.3403613750e-12 
3.6540000000e+00 2.3481121220e-12 
3.6550000000e+00 2.3559194710e-12 
3.6560000000e+00 2.3638554760e-12 
3.6570000000e+00 2.3717714190e-12 
3.6580000000e+00 2.3796911220e-12 
3.6590000000e+00 2.3876819080e-12 
3.6600000000e+00 2.3956302650e-12 
3.6610000000e+00 2.4036671990e-12 
3.6620000000e+00 2.4117586600e-12 
3.6630000000e+00 2.4198022420e-12 
3.6640000000e+00 2.4279188710e-12 
3.6650000000e+00 2.4359942940e-12 
3.6660000000e+00 2.4441722020e-12 
3.6670000000e+00 2.4524599000e-12 
3.6680000000e+00 2.4606526940e-12 
3.6690000000e+00 2.4689099420e-12 
3.6700000000e+00 2.4772270160e-12 
3.6710000000e+00 2.4855563090e-12 
3.6720000000e+00 2.4938694100e-12 
3.6730000000e+00 2.5022885030e-12 
3.6740000000e+00 2.5106974520e-12 
3.6750000000e+00 2.5192497670e-12 
3.6760000000e+00 2.5277461840e-12 
3.6770000000e+00 2.5361800120e-12 
3.6780000000e+00 2.5447258570e-12 
3.6790000000e+00 2.5533114450e-12 
3.6800000000e+00 2.5619156730e-12 
3.6810000000e+00 2.5706001520e-12 
3.6820000000e+00 2.5792184580e-12 
3.6830000000e+00 2.5880208070e-12 
3.6840000000e+00 2.5967596850e-12 
3.6850000000e+00 2.6054432330e-12 
3.6860000000e+00 2.6143550830e-12 
3.6870000000e+00 2.6231428710e-12 
3.6880000000e+00 2.6320799960e-12 
3.6890000000e+00 2.6409829460e-12 
3.6900000000e+00 2.6499732630e-12 
3.6910000000e+00 2.6589501890e-12 
3.6920000000e+00 2.6679538190e-12 
3.6930000000e+00 2.6769813980e-12 
3.6940000000e+00 2.6860663590e-12 
3.6950000000e+00 2.6951782060e-12 
3.6960000000e+00 2.7043553850e-12 
3.6970000000e+00 2.7135420010e-12 
3.6980000000e+00 2.7227947450e-12 
3.6990000000e+00 2.7319849510e-12 
3.7000000000e+00 2.7412855550e-12 
3.7010000000e+00 2.7506616660e-12 
3.7020000000e+00 2.7600345360e-12 
3.7030000000e+00 2.7694104220e-12 
3.7040000000e+00 2.7788784990e-12 
3.7050000000e+00 2.7883775660e-12 
3.7060000000e+00 2.7978802540e-12 
3.7070000000e+00 2.8074038920e-12 
3.7080000000e+00 2.8169818900e-12 
3.7090000000e+00 2.8266399310e-12 
3.7100000000e+00 2.8362560300e-12 
3.7110000000e+00 2.8459893340e-12 
3.7120000000e+00 2.8557481450e-12 
3.7130000000e+00 2.8654988260e-12 
3.7140000000e+00 2.8752480540e-12 
3.7150000000e+00 2.8852109520e-12 
3.7160000000e+00 2.8950226240e-12 
3.7170000000e+00 2.9049691510e-12 
3.7180000000e+00 2.9150511730e-12 
3.7190000000e+00 2.9250289130e-12 
3.7200000000e+00 2.9350745400e-12 
3.7210000000e+00 2.9452262870e-12 
3.7220000000e+00 2.9553775410e-12 
3.7230000000e+00 2.9655742430e-12 
3.7240000000e+00 2.9758512170e-12 
3.7250000000e+00 2.9860831640e-12 
3.7260000000e+00 2.9964908430e-12 
3.7270000000e+00 3.0068396920e-12 
3.7280000000e+00 3.0172418650e-12 
3.7290000000e+00 3.0277424670e-12 
3.7300000000e+00 3.0382236900e-12 
3.7310000000e+00 3.0487588350e-12 
3.7320000000e+00 3.0593148940e-12 
3.7330000000e+00 3.0699674670e-12 
3.7340000000e+00 3.0806415620e-12 
3.7350000000e+00 3.0912797200e-12 
3.7360000000e+00 3.1021487130e-12 
3.7370000000e+00 3.1129508890e-12 
3.7380000000e+00 3.1237895860e-12 
3.7390000000e+00 3.1346232290e-12 
3.7400000000e+00 3.1455627180e-12 
3.7410000000e+00 3.1564912870e-12 
3.7420000000e+00 3.1675609800e-12 
3.7430000000e+00 3.1785930000e-12 
3.7440000000e+00 3.1897235180e-12 
3.7450000000e+00 3.2008900270e-12 
3.7460000000e+00 3.2120624700e-12 
3.7470000000e+00 3.2233444500e-12 
3.7480000000e+00 3.2345492190e-12 
3.7490000000e+00 3.2458845570e-12 
3.7500000000e+00 3.2572811500e-12 
3.7510000000e+00 3.2687020210e-12 
3.7520000000e+00 3.2801076830e-12 
3.7530000000e+00 3.2916207300e-12 
3.7540000000e+00 3.3032653810e-12 
3.7550000000e+00 3.3148661780e-12 
3.7560000000e+00 3.3264001360e-12 
3.7570000000e+00 3.3381744680e-12 
3.7580000000e+00 3.3498567790e-12 
3.7590000000e+00 3.3616510300e-12 
3.7600000000e+00 3.3735999480e-12 
3.7610000000e+00 3.3854353890e-12 
3.7620000000e+00 3.3973469940e-12 
3.7630000000e+00 3.4093056370e-12 
3.7640000000e+00 3.4213077930e-12 
3.7650000000e+00 3.4333981820e-12 
3.7660000000e+00 3.4455530980e-12 
3.7670000000e+00 3.4578072600e-12 
3.7680000000e+00 3.4700462010e-12 
3.7690000000e+00 3.4823561930e-12 
3.7700000000e+00 3.4947052720e-12 
3.7710000000e+00 3.5071698710e-12 
3.7720000000e+00 3.5195513460e-12 
3.7730000000e+00 3.5321383390e-12 
3.7740000000e+00 3.5447741860e-12 
3.7750000000e+00 3.5572825950e-12 
3.7760000000e+00 3.5700021240e-12 
3.7770000000e+00 3.5827997150e-12 
3.7780000000e+00 3.5955301940e-12 
3.7790000000e+00 3.6083021580e-12 
3.7800000000e+00 3.6211876550e-12 
3.7810000000e+00 3.6341361250e-12 
3.7820000000e+00 3.6471523610e-12 
3.7830000000e+00 3.6601820450e-12 
3.7840000000e+00 3.6733057870e-12 
3.7850000000e+00 3.6864022230e-12 
3.7860000000e+00 3.6995945710e-12 
3.7870000000e+00 3.7128780150e-12 
3.7880000000e+00 3.7262387560e-12 
3.7890000000e+00 3.7395869690e-12 
3.7900000000e+00 3.7530295800e-12 
3.7910000000e+00 3.7664707080e-12 
3.7920000000e+00 3.7800266760e-12 
3.7930000000e+00 3.7936143440e-12 
3.7940000000e+00 3.8072359940e-12 
3.7950000000e+00 3.8209789210e-12 
3.7960000000e+00 3.8348000300e-12 
3.7970000000e+00 3.8485443070e-12 
3.7980000000e+00 3.8624526690e-12 
3.7990000000e+00 3.8763851070e-12 
3.8000000000e+00 3.8903230400e-12 
3.8010000000e+00 3.9043980390e-12 
3.8020000000e+00 3.9184530240e-12 
3.8030000000e+00 3.9327373650e-12 
3.8040000000e+00 3.9469611430e-12 
3.8050000000e+00 3.9612638650e-12 
3.8060000000e+00 3.9755433840e-12 
3.8070000000e+00 3.9899907950e-12 
3.8080000000e+00 4.0043976360e-12 
3.8090000000e+00 4.0189420550e-12 
3.8100000000e+00 4.0335177210e-12 
3.8110000000e+00 4.0482310150e-12 
3.8120000000e+00 4.0630156640e-12 
3.8130000000e+00 4.0777256010e-12 
3.8140000000e+00 4.0925260160e-12 
3.8150000000e+00 4.1074396880e-12 
3.8160000000e+00 4.1224676430e-12 
3.8170000000e+00 4.1374138680e-12 
3.8180000000e+00 4.1525368300e-12 
3.8190000000e+00 4.1677011320e-12 
3.8200000000e+00 4.1829094750e-12 
3.8210000000e+00 4.1981710330e-12 
3.8220000000e+00 4.2135217140e-12 
3.8230000000e+00 4.2289195200e-12 
3.8240000000e+00 4.2443569150e-12 
3.8250000000e+00 4.2599861460e-12 
3.8260000000e+00 4.2755899730e-12 
3.8270000000e+00 4.2912978790e-12 
3.8280000000e+00 4.3068901220e-12 
3.8290000000e+00 4.3227572640e-12 
3.8300000000e+00 4.3386883320e-12 
3.8310000000e+00 4.3546367330e-12 
3.8320000000e+00 4.3705892920e-12 
3.8330000000e+00 4.3867396080e-12 
3.8340000000e+00 4.4029032380e-12 
3.8350000000e+00 4.4191271570e-12 
3.8360000000e+00 4.4354077980e-12 
3.8370000000e+00 4.4517781430e-12 
3.8380000000e+00 4.4681771870e-12 
3.8390000000e+00 4.4847283500e-12 
3.8400000000e+00 4.5013315680e-12 
3.8410000000e+00 4.5180079180e-12 
3.8420000000e+00 4.5346997350e-12 
3.8430000000e+00 4.5514903370e-12 
3.8440000000e+00 4.5683694730e-12 
3.8450000000e+00 4.5853258490e-12 
3.8460000000e+00 4.6023354310e-12 
3.8470000000e+00 4.6194612650e-12 
3.8480000000e+00 4.6366396280e-12 
3.8490000000e+00 4.6538560910e-12 
3.8500000000e+00 4.6712415920e-12 
3.8510000000e+00 4.6885738780e-12 
3.8520000000e+00 4.7059922450e-12 
3.8530000000e+00 4.7235488870e-12 
3.8540000000e+00 4.7412228990e-12 
3.8550000000e+00 4.7588778720e-12 
3.8560000000e+00 4.7766065200e-12 
3.8570000000e+00 4.7945917910e-12 
3.8580000000e+00 4.8124186480e-12 
3.8590000000e+00 4.8304709650e-12 
3.8600000000e+00 4.8485782870e-12 
3.8610000000e+00 4.8666756360e-12 
3.8620000000e+00 4.8850263700e-12 
3.8630000000e+00 4.9033157090e-12 
3.8640000000e+00 4.9217700400e-12 
3.8650000000e+00 4.9402773900e-12 
3.8660000000e+00 4.9589419620e-12 
3.8670000000e+00 4.9775999840e-12 
3.8680000000e+00 4.9962727360e-12 
3.8690000000e+00 5.0151110000e-12 
3.8700000000e+00 5.0340713310e-12 
3.8710000000e+00 5.0530661450e-12 
3.8720000000e+00 5.0721395140e-12 
3.8730000000e+00 5.0912546550e-12 
3.8740000000e+00 5.1106306450e-12 
3.8750000000e+00 5.1299464340e-12 
3.8760000000e+00 5.1493295730e-12 
3.8770000000e+00 5.1688820090e-12 
3.8780000000e+00 5.1884378770e-12 
3.8790000000e+00 5.2082202210e-12 
3.8800000000e+00 5.2279689800e-12 
3.8810000000e+00 5.2478604110e-12 
3.8820000000e+00 5.2678165840e-12 
3.8830000000e+00 5.2878149170e-12 
3.8840000000e+00 5.3080304150e-12 
3.8850000000e+00 5.3282362500e-12 
3.8860000000e+00 5.3485455200e-12 
3.8870000000e+00 5.3690512110e-12 
3.8880000000e+00 5.3895918910e-12 
3.8890000000e+00 5.4102696010e-12 
3.8900000000e+00 5.4310153900e-12 
3.8910000000e+00 5.4517863630e-12 
3.8920000000e+00 5.4728095720e-12 
3.8930000000e+00 5.4937666890e-12 
3.8940000000e+00 5.5149599140e-12 
3.8950000000e+00 5.5361176940e-12 
3.8960000000e+00 5.5575192570e-12 
3.8970000000e+00 5.5788784280e-12 
3.8980000000e+00 5.6003837860e-12 
3.8990000000e+00 5.6220167140e-12 
3.9000000000e+00 5.6438121800e-12 
3.9010000000e+00 5.6657031150e-12 
3.9020000000e+00 5.6876091480e-12 
3.9030000000e+00 5.7096923300e-12 
3.9040000000e+00 5.7319179600e-12 
3.9050000000e+00 5.7542266920e-12 
3.9060000000e+00 5.7765666970e-12 
3.9070000000e+00 5.7990630580e-12 
3.9080000000e+00 5.8216580960e-12 
3.9090000000e+00 5.8443421750e-12 
3.9100000000e+00 5.8671557840e-12 
3.9110000000e+00 5.8900218210e-12 
3.9120000000e+00 5.9131789880e-12 
3.9130000000e+00 5.9361953190e-12 
3.9140000000e+00 5.9594690900e-12 
3.9150000000e+00 5.9828026830e-12 
3.9160000000e+00 6.0061835340e-12 
3.9170000000e+00 6.0297962490e-12 
3.9180000000e+00 6.0535407500e-12 
3.9190000000e+00 6.0772916720e-12 
3.9200000000e+00 6.1012466380e-12 
3.9210000000e+00 6.1252257180e-12 
3.9220000000e+00 6.1493408280e-12 
3.9230000000e+00 6.1736850910e-12 
3.9240000000e+00 6.1980220360e-12 
3.9250000000e+00 6.2225329240e-12 
3.9260000000e+00 6.2471980880e-12 
3.9270000000e+00 6.2719214150e-12 
3.9280000000e+00 6.2967170720e-12 
3.9290000000e+00 6.3217393770e-12 
3.9300000000e+00 6.3468974380e-12 
3.9310000000e+00 6.3720598410e-12 
3.9320000000e+00 6.3974788620e-12 
3.9330000000e+00 6.4229318110e-12 
3.9340000000e+00 6.4484242930e-12 
3.9350000000e+00 6.4742071180e-12 
3.9360000000e+00 6.5000078880e-12 
3.9370000000e+00 6.5259802910e-12 
3.9380000000e+00 6.5520152600e-12 
3.9390000000e+00 6.5782652290e-12 
3.9400000000e+00 6.6046012900e-12 
3.9410000000e+00 6.6311052780e-12 
3.9420000000e+00 6.6577335010e-12 
3.9430000000e+00 6.6844339140e-12 
3.9440000000e+00 6.7113480880e-12 
3.9450000000e+00 6.7383606870e-12 
3.9460000000e+00 6.7654887980e-12 
3.9470000000e+00 6.7927570270e-12 
3.9480000000e+00 6.8201872630e-12 
3.9490000000e+00 6.8477049010e-12 
3.9500000000e+00 6.8753159540e-12 
3.9510000000e+00 6.9031975000e-12 
3.9520000000e+00 6.9310840270e-12 
3.9530000000e+00 6.9592432570e-12 
3.9540000000e+00 6.9874717000e-12 
3.9550000000e+00 7.0158573800e-12 
3.9560000000e+00 7.0443347500e-12 
3.9570000000e+00 7.0730581170e-12 
3.9580000000e+00 7.1018774640e-12 
3.9590000000e+00 7.1308157190e-12 
3.9600000000e+00 7.1599375920e-12 
3.9610000000e+00 7.1891208490e-12 
3.9620000000e+00 7.2184267620e-12 
3.9630000000e+00 7.2480248620e-12 
3.9640000000e+00 7.2777460290e-12 
3.9650000000e+00 7.3074795140e-12 
3.9660000000e+00 7.3375036880e-12 
3.9670000000e+00 7.3675998210e-12 
3.9680000000e+00 7.3980297790e-12 
3.9690000000e+00 7.4283855020e-12 
3.9700000000e+00 7.4590120430e-12 
3.9710000000e+00 7.4897512780e-12 
3.9720000000e+00 7.5207506140e-12 
3.9730000000e+00 7.5517441130e-12 
3.9740000000e+00 7.5829491370e-12 
3.9750000000e+00 7.6144571220e-12 
3.9760000000e+00 7.6459837560e-12 
3.9770000000e+00 7.6776545070e-12 
3.9780000000e+00 7.7096289040e-12 
3.9790000000e+00 7.7416351570e-12 
3.9800000000e+00 7.7739159130e-12 
3.9810000000e+00 7.8063186440e-12 
3.9820000000e+00 7.8388228260e-12 
3.9830000000e+00 7.8716236910e-12 
3.9840000000e+00 7.9045603550e-12 
3.9850000000e+00 7.9375350110e-12 
3.9860000000e+00 7.9707948980e-12 
3.9870000000e+00 8.0042996460e-12 
3.9880000000e+00 8.0379080000e-12 
3.9890000000e+00 8.0716186490e-12 
3.9900000000e+00 8.1055766960e-12 
3.9910000000e+00 8.1396872520e-12 
3.9920000000e+00 8.1741281650e-12 
3.9930000000e+00 8.2086690180e-12 
3.9940000000e+00 8.2433101880e-12 
3.9950000000e+00 8.2781769270e-12 
3.9960000000e+00 8.3133059320e-12 
3.9970000000e+00 8.3485352660e-12 
3.9980000000e+00 8.3839745180e-12 
3.9990000000e+00 8.4195956340e-12 
4.0000000000e+00 8.4554559850e-12 
4.0010000000e+00 8.4914807300e-12 
4.0020000000e+00 8.5277665060e-12 
4.0030000000e+00 8.5641494340e-12 
4.0040000000e+00 8.6007414020e-12 
4.0050000000e+00 8.6376088400e-12 
4.0060000000e+00 8.6747191560e-12 
4.0070000000e+00 8.7117044150e-12 
4.0080000000e+00 8.7489148820e-12 
4.0090000000e+00 8.7863675980e-12 
4.0100000000e+00 8.8239860640e-12 
4.0110000000e+00 8.8618456070e-12 
4.0120000000e+00 8.8998974880e-12 
4.0130000000e+00 8.9381545810e-12 
4.0140000000e+00 8.9766481390e-12 
4.0150000000e+00 9.0153702220e-12 
4.0160000000e+00 9.0542230010e-12 
4.0170000000e+00 9.0933451870e-12 
4.0180000000e+00 9.1327222960e-12 
4.0190000000e+00 9.1723658050e-12 
4.0200000000e+00 9.2123025020e-12 
4.0210000000e+00 9.2523257350e-12 
4.0220000000e+00 9.2925818390e-12 
4.0230000000e+00 9.3331680600e-12 
4.0240000000e+00 9.3737985860e-12 
4.0250000000e+00 9.4148739330e-12 
4.0260000000e+00 9.4560642150e-12 
4.0270000000e+00 9.4975994210e-12 
4.0280000000e+00 9.5391873860e-12 
4.0290000000e+00 9.5811932930e-12 
4.0300000000e+00 9.6233835370e-12 
4.0310000000e+00 9.6656987100e-12 
4.0320000000e+00 9.7084408580e-12 
4.0330000000e+00 9.7513575090e-12 
4.0340000000e+00 9.7944840330e-12 
4.0350000000e+00 9.8377846840e-12 
4.0360000000e+00 9.8815573300e-12 
4.0370000000e+00 9.9254330190e-12 
4.0380000000e+00 9.9696633320e-12 
4.0390000000e+00 1.0014083530e-11 
4.0400000000e+00 1.0058773890e-11 
4.0410000000e+00 1.0103793920e-11 
4.0420000000e+00 1.0149054040e-11 
4.0430000000e+00 1.0194547520e-11 
4.0440000000e+00 1.0240312270e-11 
4.0450000000e+00 1.0286264440e-11 
4.0460000000e+00 1.0332595480e-11 
4.0470000000e+00 1.0379303410e-11 
4.0480000000e+00 1.0426076440e-11 
4.0490000000e+00 1.0473183070e-11 
4.0500000000e+00 1.0520679570e-11 
4.0510000000e+00 1.0568401020e-11 
4.0520000000e+00 1.0616410810e-11 
4.0530000000e+00 1.0664637730e-11 
4.0540000000e+00 1.0713367500e-11 
4.0550000000e+00 1.0762258280e-11 
4.0560000000e+00 1.0811384200e-11 
4.0570000000e+00 1.0860838370e-11 
4.0580000000e+00 1.0910650510e-11 
4.0590000000e+00 1.0960721700e-11 
4.0600000000e+00 1.1011144110e-11 
4.0610000000e+00 1.1062050680e-11 
4.0620000000e+00 1.1112948290e-11 
4.0630000000e+00 1.1164304020e-11 
4.0640000000e+00 1.1215888680e-11 
4.0650000000e+00 1.1267987980e-11 
4.0660000000e+00 1.1320436800e-11 
4.0670000000e+00 1.1372989430e-11 
4.0680000000e+00 1.1426064710e-11 
4.0690000000e+00 1.1479410810e-11 
4.0700000000e+00 1.1532978070e-11 
4.0710000000e+00 1.1587091350e-11 
4.0720000000e+00 1.1641466840e-11 
4.0730000000e+00 1.1696199860e-11 
4.0740000000e+00 1.1751212740e-11 
4.0750000000e+00 1.1806705640e-11 
4.0760000000e+00 1.1862560150e-11 
4.0770000000e+00 1.1918674720e-11 
4.0780000000e+00 1.1975138480e-11 
4.0790000000e+00 1.2032082850e-11 
4.0800000000e+00 1.2089387120e-11 
4.0810000000e+00 1.2147050720e-11 
4.0820000000e+00 1.2204962670e-11 
4.0830000000e+00 1.2263424430e-11 
4.0840000000e+00 1.2322313680e-11 
4.0850000000e+00 1.2381537310e-11 
4.0860000000e+00 1.2441000500e-11 
4.0870000000e+00 1.2501008740e-11 
4.0880000000e+00 1.2561430320e-11 
4.0890000000e+00 1.2622228750e-11 
4.0900000000e+00 1.2683509910e-11 
4.0910000000e+00 1.2745095870e-11 
4.0920000000e+00 1.2807217680e-11 
4.0930000000e+00 1.2869759740e-11 
4.0940000000e+00 1.2932658510e-11 
4.0950000000e+00 1.2996037280e-11 
4.0960000000e+00 1.3059892580e-11 
4.0970000000e+00 1.3124089150e-11 
4.0980000000e+00 1.3188809490e-11 
4.0990000000e+00 1.3253948590e-11 
4.1000000000e+00 1.3319644900e-11 
4.1010000000e+00 1.3385577370e-11 
4.1020000000e+00 1.3452135650e-11 
4.1030000000e+00 1.3519187520e-11 
4.1040000000e+00 1.3586733450e-11 
4.1050000000e+00 1.3654689590e-11 
4.1060000000e+00 1.3723182660e-11 
4.1070000000e+00 1.3792149140e-11 
4.1080000000e+00 1.3861666030e-11 
4.1090000000e+00 1.3931619860e-11 
4.1100000000e+00 1.4002197300e-11 
4.1110000000e+00 1.4073092500e-11 
4.1120000000e+00 1.4144647090e-11 
4.1130000000e+00 1.4216702890e-11 
4.1140000000e+00 1.4289376010e-11 
4.1150000000e+00 1.4362423530e-11 
4.1160000000e+00 1.4436172630e-11 
4.1170000000e+00 1.4510427800e-11 
4.1180000000e+00 1.4585216710e-11 
4.1190000000e+00 1.4660552620e-11 
4.1200000000e+00 1.4736589150e-11 
4.1210000000e+00 1.4813034380e-11 
4.1220000000e+00 1.4890211300e-11 
4.1230000000e+00 1.4967947690e-11 
4.1240000000e+00 1.5046219580e-11 
4.1250000000e+00 1.5125234460e-11 
4.1260000000e+00 1.5204776670e-11 
4.1270000000e+00 1.5284969280e-11 
4.1280000000e+00 1.5365815220e-11 
4.1290000000e+00 1.5447239730e-11 
4.1300000000e+00 1.5529398390e-11 
4.1310000000e+00 1.5612236550e-11 
4.1320000000e+00 1.5695603430e-11 
4.1330000000e+00 1.5779734440e-11 
4.1340000000e+00 1.5864622060e-11 
4.1350000000e+00 1.5950101280e-11 
4.1360000000e+00 1.6036238700e-11 
4.1370000000e+00 1.6123226450e-11 
4.1380000000e+00 1.6210718240e-11 
4.1390000000e+00 1.6299123330e-11 
4.1400000000e+00 1.6388245980e-11 
4.1410000000e+00 1.6478123940e-11 
4.1420000000e+00 1.6568767600e-11 
4.1430000000e+00 1.6660260410e-11 
4.1440000000e+00 1.6752444160e-11 
4.1450000000e+00 1.6845424020e-11 
4.1460000000e+00 1.6939208860e-11 
4.1470000000e+00 1.7033808780e-11 
4.1480000000e+00 1.7129387390e-11 
4.1490000000e+00 1.7225645860e-11 
4.1500000000e+00 1.7322828300e-11 
4.1510000000e+00 1.7420968980e-11 
4.1520000000e+00 1.7519719020e-11 
4.1530000000e+00 1.7619575100e-11 
4.1540000000e+00 1.7720325640e-11 
4.1550000000e+00 1.7821848080e-11 
4.1560000000e+00 1.7924482210e-11 
4.1570000000e+00 1.8028054750e-11 
4.1580000000e+00 1.8132503380e-11 
4.1590000000e+00 1.8237977770e-11 
4.1600000000e+00 1.8344391710e-11 
4.1610000000e+00 1.8451864500e-11 
4.1620000000e+00 1.8560446750e-11 
4.1630000000e+00 1.8670091460e-11 
4.1640000000e+00 1.8780769860e-11 
4.1650000000e+00 1.8892517980e-11 
4.1660000000e+00 1.9005419370e-11 
4.1670000000e+00 1.9119407350e-11 
4.1680000000e+00 1.9234620350e-11 
4.1690000000e+00 1.9350885990e-11 
4.1700000000e+00 1.9468408210e-11 
4.1710000000e+00 1.9586947100e-11 
4.1720000000e+00 1.9706860940e-11 
4.1730000000e+00 1.9828060970e-11 
4.1740000000e+00 1.9950348510e-11 
4.1750000000e+00 2.0074074960e-11 
4.1760000000e+00 2.0198948430e-11 
4.1770000000e+00 2.0325208610e-11 
4.1780000000e+00 2.0452952500e-11 
4.1790000000e+00 2.0581995040e-11 
4.1800000000e+00 2.0712487290e-11 
4.1810000000e+00 2.0844329210e-11 
4.1820000000e+00 2.0977685760e-11 
4.1830000000e+00 2.1112614890e-11 
4.1840000000e+00 2.1248993260e-11 
4.1850000000e+00 2.1386996770e-11 
4.1860000000e+00 2.1526505510e-11 
4.1870000000e+00 2.1667696640e-11 
4.1880000000e+00 2.1810456630e-11 
4.1890000000e+00 2.1954930190e-11 
4.1900000000e+00 2.2101169490e-11 
4.1910000000e+00 2.2249144470e-11 
4.1920000000e+00 2.2398897830e-11 
4.1930000000e+00 2.2550519620e-11 
4.1940000000e+00 2.2703982470e-11 
4.1950000000e+00 2.2859714470e-11 
4.1960000000e+00 2.3017059820e-11 
4.1970000000e+00 2.3176508870e-11 
4.1980000000e+00 2.3338016020e-11 
4.1990000000e+00 2.3501479780e-11 
4.2000000000e+00 2.3667185640e-11 
4.2010000000e+00 2.3835219300e-11 
4.2020000000e+00 2.4005339950e-11 
4.2030000000e+00 2.4177877670e-11 
4.2040000000e+00 2.4352814930e-11 
4.2050000000e+00 2.4530036290e-11 
4.2060000000e+00 2.4709871380e-11 
4.2070000000e+00 2.4892238200e-11 
4.2080000000e+00 2.5076898240e-11 
4.2090000000e+00 2.5264582330e-11 
4.2100000000e+00 2.5455103100e-11 
4.2110000000e+00 2.5648453000e-11 
4.2120000000e+00 2.5845094900e-11 
4.2130000000e+00 2.6044338980e-11 
4.2140000000e+00 2.6246902960e-11 
4.2150000000e+00 2.6452439400e-11 
4.2160000000e+00 2.6661309970e-11 
4.2170000000e+00 2.6873689170e-11 
4.2180000000e+00 2.7089553500e-11 
4.2190000000e+00 2.7309025830e-11 
4.2200000000e+00 2.7532133330e-11 
4.2210000000e+00 2.7759176690e-11 
4.2220000000e+00 2.7990208960e-11 
4.2230000000e+00 2.8225333300e-11 
4.2240000000e+00 2.8464733190e-11 
4.2250000000e+00 2.8708646590e-11 
4.2260000000e+00 2.8957152330e-11 
4.2270000000e+00 2.9210369390e-11 
4.2280000000e+00 2.9468407270e-11 
4.2290000000e+00 2.9731588870e-11 
4.2300000000e+00 3.0000202090e-11 
4.2310000000e+00 3.0274289040e-11 
4.2320000000e+00 3.0554201140e-11 
4.2330000000e+00 3.0840009900e-11 
4.2340000000e+00 3.1132101700e-11 
4.2350000000e+00 3.1430801720e-11 
4.2360000000e+00 3.1735803760e-11 
4.2370000000e+00 3.2048392880e-11 
4.2380000000e+00 3.2368484520e-11 
4.2390000000e+00 3.2696434570e-11 
4.2400000000e+00 3.3032634690e-11 
4.2410000000e+00 3.3377634690e-11 
4.2420000000e+00 3.3731730300e-11 
4.2430000000e+00 3.4095525170e-11 
4.2440000000e+00 3.4469513740e-11 
4.2450000000e+00 3.4854286890e-11 
4.2460000000e+00 3.5250667000e-11 
4.2470000000e+00 3.5659776140e-11 
4.2480000000e+00 3.6081446590e-11 
4.2490000000e+00 3.6516914620e-11 
4.2500000000e+00 3.6967314310e-11 
4.2510000000e+00 3.7433793050e-11 
4.2520000000e+00 3.7917558700e-11 
4.2530000000e+00 3.8419943590e-11 
4.2540000000e+00 3.8941770670e-11 
4.2550000000e+00 3.9486464820e-11 
4.2560000000e+00 4.0055378050e-11 
4.2570000000e+00 4.0650819390e-11 
4.2580000000e+00 4.1276746260e-11 
4.2590000000e+00 4.1934802660e-11 
4.2600000000e+00 4.2628984370e-11 
4.2610000000e+00 4.3365648290e-11 
4.2620000000e+00 4.4150276680e-11 
4.2630000000e+00 4.4991672640e-11 
4.2640000000e+00 4.5897247960e-11 
4.2650000000e+00 4.6880052970e-11 
4.2655000000e+00 4.7406514430e-11 
4.2660000000e+00 4.7959488140e-11 
4.2662500000e+00 4.8248207790e-11 
4.2665000000e+00 4.8543823850e-11 
4.2667500000e+00 4.8846838890e-11 
4.2670000000e+00 4.9160001980e-11 
4.2672500000e+00 4.9482926000e-11 
4.2675000000e+00 4.9817714610e-11 
4.2677500000e+00 5.0162886260e-11 
4.2680000000e+00 5.0520423920e-11 
4.2682500000e+00 5.0890304510e-11 
4.2683750000e+00 5.1081210560e-11 
4.2685000000e+00 5.1276179320e-11 
4.2686250000e+00 5.1476512310e-11 
4.2687500000e+00 5.1679886520e-11 
4.2688750000e+00 5.1887944570e-11 
4.2690000000e+00 5.2100741100e-11 
4.2691250000e+00 5.2317327660e-11 
4.2692500000e+00 5.2540595960e-11 
4.2693750000e+00 5.2769549060e-11 
4.2695000000e+00 5.3004605100e-11 
4.2696250000e+00 5.3247874710e-11 
4.2697500000e+00 5.3496749970e-11 
4.2698750000e+00 5.3753282250e-11 
4.2699375000e+00 5.3884576020e-11 
4.2700000000e+00 5.4016464680e-11 
4.2700625000e+00 5.4152111160e-11 
4.2701250000e+00 5.4289989430e-11 
4.2701875000e+00 5.4430366310e-11 
4.2702500000e+00 5.4573205700e-11 
4.2703125000e+00 5.4718749050e-11 
4.2703750000e+00 5.4866984820e-11 
4.2705000000e+00 7.3695221110e-08 
4.2710000000e+00 7.4220118090e-08 
4.2720000000e+00 7.5278575740e-08 
4.2730000000e+00 7.6348932660e-08 
4.2740000000e+00 7.7431587230e-08 
4.2750000000e+00 7.8526068110e-08 
4.2760000000e+00 7.9632401150e-08 
4.2770000000e+00 8.0750661830e-08 
4.2780000000e+00 8.1880984170e-08 
4.2790000000e+00 8.3023417060e-08 
4.2800000000e+00 8.4178071770e-08 
4.2810000000e+00 8.5345027970e-08 
4.2820000000e+00 8.6524382890e-08 
4.2830000000e+00 8.7716192880e-08 
4.2840000000e+00 8.8920565710e-08 
4.2850000000e+00 9.0137566840e-08 
4.2860000000e+00 9.1367280030e-08 
4.2870000000e+00 9.2610066090e-08 
4.2880000000e+00 9.3865801500e-08 
4.2890000000e+00 9.5134522040e-08 
4.2900000000e+00 9.6416374410e-08 
4.2910000000e+00 9.7711443910e-08 
4.2920000000e+00 9.9019782620e-08 
4.2930000000e+00 1.0034144670e-07 
4.2940000000e+00 1.0167654120e-07 
4.2950000000e+00 1.0302516010e-07 
4.2960000000e+00 1.0438738190e-07 
4.2970000000e+00 1.0576329320e-07 
4.2980000000e+00 1.0715300930e-07 
4.2990000000e+00 1.0855659150e-07 
4.3000000000e+00 1.0997410510e-07 
4.3010000000e+00 1.1140562580e-07 
4.3020000000e+00 1.1285123370e-07 
4.3030000000e+00 1.1431101050e-07 
4.3040000000e+00 1.1578503860e-07 
4.3050000000e+00 1.1727339810e-07 
4.3060000000e+00 1.1877616940e-07 
4.3070000000e+00 1.2029343290e-07 
4.3080000000e+00 1.2182526830e-07 
4.3090000000e+00 1.2337175490e-07 
4.3100000000e+00 1.2493297170e-07 
4.3110000000e+00 1.2650900480e-07 
4.3120000000e+00 1.2809993500e-07 
4.3130000000e+00 1.2970582970e-07 
4.3140000000e+00 1.3132676590e-07 
4.3150000000e+00 1.3296282620e-07 
4.3160000000e+00 1.3461414970e-07 
4.3170000000e+00 1.3628076200e-07 
4.3180000000e+00 1.3796273340e-07 
4.3190000000e+00 1.3966014080e-07 
4.3200000000e+00 1.4137307330e-07 
4.3210000000e+00 1.4310158240e-07 
4.3220000000e+00 1.4484573910e-07 
4.3230000000e+00 1.4660561610e-07 
4.3240000000e+00 1.4838128510e-07 
4.3250000000e+00 1.5017281760e-07 
4.3260000000e+00 1.5198028990e-07 
4.3270000000e+00 1.5380387440e-07 
4.3280000000e+00 1.5564353560e-07 
4.3290000000e+00 1.5749934200e-07 
4.3300000000e+00 1.5937136170e-07 
4.3310000000e+00 1.6125966260e-07 
4.3320000000e+00 1.6316432530e-07 
4.3330000000e+00 1.6508550020e-07 
4.3340000000e+00 1.6702319370e-07 
4.3350000000e+00 1.6897743810e-07 
4.3360000000e+00 1.7094829780e-07 
4.3370000000e+00 1.7293584620e-07 
4.3380000000e+00 1.7494021050e-07 
4.3390000000e+00 1.7696138600e-07 
4.3400000000e+00 1.7899949970e-07 
4.3410000000e+00 1.8105460590e-07 
4.3420000000e+00 1.8312670570e-07 
4.3430000000e+00 1.8521585780e-07 
4.3440000000e+00 1.8732212090e-07 
4.3450000000e+00 1.8944555280e-07 
4.3460000000e+00 1.9158621710e-07 
4.3470000000e+00 1.9374417020e-07 
4.3480000000e+00 1.9591946170e-07 
4.3490000000e+00 1.9811215310e-07 
4.3500000000e+00 2.0032229830e-07 
4.3510000000e+00 2.0254994480e-07 
4.3520000000e+00 2.0479515020e-07 
4.3530000000e+00 2.0705799110e-07 
4.3540000000e+00 2.0933851750e-07 
4.3550000000e+00 2.1163680080e-07 
4.3560000000e+00 2.1395284590e-07 
4.3570000000e+00 2.1628670480e-07 
4.3580000000e+00 2.1863842560e-07 
4.3590000000e+00 2.2100806890e-07 
4.3600000000e+00 2.2339568880e-07 
4.3610000000e+00 2.2580131130e-07 
4.3620000000e+00 2.2822498360e-07 
4.3630000000e+00 2.3066674990e-07 
4.3640000000e+00 2.3312665520e-07 
4.3650000000e+00 2.3560474240e-07 
4.3660000000e+00 2.3810114600e-07 
4.3670000000e+00 2.4061606270e-07 
4.3680000000e+00 2.4314934180e-07 
4.3690000000e+00 2.4570098970e-07 
4.3700000000e+00 2.4826974290e-07 
4.3710000000e+00 2.5085667210e-07 
4.3720000000e+00 2.5346208860e-07 
4.3730000000e+00 2.5608599510e-07 
4.3740000000e+00 2.5872845310e-07 
4.3750000000e+00 2.6138951180e-07 
4.3760000000e+00 2.6406917610e-07 
4.3770000000e+00 2.6676750360e-07 
4.3780000000e+00 2.6948451380e-07 
4.3790000000e+00 2.7222026700e-07 
4.3800000000e+00 2.7497492880e-07 
4.3810000000e+00 2.7774839250e-07 
4.3820000000e+00 2.8054065710e-07 
4.3830000000e+00 2.8335141870e-07 
4.3840000000e+00 2.8618104150e-07 
4.3850000000e+00 2.8902965530e-07 
4.3860000000e+00 2.9189722910e-07 
4.3870000000e+00 2.9478375040e-07 
4.3880000000e+00 2.9768924560e-07 
4.3890000000e+00 3.0061373910e-07 
4.3900000000e+00 3.0355753760e-07 
4.3910000000e+00 3.0652044750e-07 
4.3920000000e+00 3.0950243430e-07 
4.3930000000e+00 3.1250352080e-07 
4.3940000000e+00 3.1552372880e-07 
4.3950000000e+00 3.1856307950e-07 
4.3960000000e+00 3.2162166350e-07 
4.3970000000e+00 3.2469943960e-07 
4.3980000000e+00 3.2779645100e-07 
4.3990000000e+00 3.3091269040e-07 
4.4000000000e+00 3.3404817520e-07 
4.4010000000e+00 3.3720330760e-07 
4.4020000000e+00 3.4037783820e-07 
4.4030000000e+00 3.4357167310e-07 
4.4040000000e+00 3.4678506460e-07 
4.4050000000e+00 3.5001781420e-07 
4.4060000000e+00 3.5326990790e-07 
4.4070000000e+00 3.5654136690e-07 
4.4080000000e+00 3.5983220520e-07 
4.4090000000e+00 3.6314246140e-07 
4.4100000000e+00 3.6647215330e-07 
4.4110000000e+00 3.6982125730e-07 
4.4120000000e+00 3.7318978950e-07 
4.4130000000e+00 3.7657761420e-07 
4.4140000000e+00 3.7998503340e-07 
4.4150000000e+00 3.8341221740e-07 
4.4160000000e+00 3.8685879610e-07 
4.4170000000e+00 3.9032488040e-07 
4.4180000000e+00 3.9381048700e-07 
4.4190000000e+00 3.9731557100e-07 
4.4200000000e+00 4.0084014590e-07 
4.4210000000e+00 4.0438425340e-07 
4.4220000000e+00 4.0794787620e-07 
4.4230000000e+00 4.1153107950e-07 
4.4240000000e+00 4.1513379130e-07 
4.4250000000e+00 4.1875602470e-07 
4.4260000000e+00 4.2239777760e-07 
4.4270000000e+00 4.2605904720e-07 
4.4280000000e+00 4.2973984640e-07 
4.4290000000e+00 4.3344018740e-07 
4.4300000000e+00 4.3716004830e-07 
4.4310000000e+00 4.4089945820e-07 
4.4320000000e+00 4.4465839660e-07 
4.4330000000e+00 4.4843692100e-07 
4.4340000000e+00 4.5223498470e-07 
4.4350000000e+00 4.5605259830e-07 
4.4360000000e+00 4.5988973090e-07 
4.4370000000e+00 4.6374638690e-07 
4.4380000000e+00 4.6762269670e-07 
4.4390000000e+00 4.7151861690e-07 
4.4400000000e+00 4.7543406450e-07 
4.4410000000e+00 4.7936905940e-07 
4.4420000000e+00 4.8332356460e-07 
4.4430000000e+00 4.8729763330e-07 
4.4440000000e+00 4.9129128480e-07 
4.4450000000e+00 4.9530455200e-07 
4.4460000000e+00 4.9933781500e-07 
4.4470000000e+00 5.0339101470e-07 
4.4480000000e+00 5.0746370780e-07 
4.4490000000e+00 5.1155589840e-07 
4.4500000000e+00 5.1566759040e-07 
4.4510000000e+00 5.1979886050e-07 
4.4520000000e+00 5.2394960920e-07 
4.4530000000e+00 5.2811984450e-07 
4.4540000000e+00 5.3230958680e-07 
4.4550000000e+00 5.3651885130e-07 
4.4560000000e+00 5.4074762360e-07 
4.4570000000e+00 5.4499590100e-07 
4.4580000000e+00 5.4926387060e-07 
4.4590000000e+00 5.5355130680e-07 
4.4600000000e+00 5.5785817520e-07 
4.4610000000e+00 5.6218446710e-07 
4.4620000000e+00 5.6653017380e-07 
4.4630000000e+00 5.7089528640e-07 
4.4640000000e+00 5.7527982900e-07 
4.4650000000e+00 5.7968377560e-07 
4.4660000000e+00 5.8410709760e-07 
4.4670000000e+00 5.8854978230e-07 
4.4680000000e+00 5.9301181890e-07 
4.4690000000e+00 5.9749317690e-07 
4.4700000000e+00 6.0199409760e-07 
4.4710000000e+00 6.0651421760e-07 
4.4720000000e+00 6.1105155560e-07 
4.4730000000e+00 6.1560817490e-07 
4.4740000000e+00 6.2018406420e-07 
4.4750000000e+00 6.2477921150e-07 
4.4760000000e+00 6.2939360560e-07 
4.4770000000e+00 6.3402723480e-07 
4.4780000000e+00 6.3868008980e-07 
4.4790000000e+00 6.4335216260e-07 
4.4800000000e+00 6.4804307610e-07 
4.4810000000e+00 6.5275316140e-07 
4.4820000000e+00 6.5748244860e-07 
4.4830000000e+00 6.6223089400e-07 
4.4840000000e+00 6.6699848480e-07 
4.4850000000e+00 6.7178520900e-07 
4.4860000000e+00 6.7659105090e-07 
4.4870000000e+00 6.8141603390e-07 
4.4880000000e+00 6.8626012000e-07 
4.4890000000e+00 6.9112334240e-07 
4.4900000000e+00 6.9600618280e-07 
4.4910000000e+00 7.0090808120e-07 
4.4920000000e+00 7.0582902710e-07 
4.4930000000e+00 7.1076900790e-07 
4.4940000000e+00 7.1572841020e-07 
4.4950000000e+00 7.2070683430e-07 
4.4960000000e+00 7.2570424800e-07 
4.4970000000e+00 7.3072064240e-07 
4.4980000000e+00 7.3575602330e-07 
4.4990000000e+00 7.4081037950e-07 
4.5000000000e+00 7.4588367540e-07 
4.5010000000e+00 7.5097588810e-07 
4.5020000000e+00 7.5608695790e-07 
4.5030000000e+00 7.6121689180e-07 
4.5040000000e+00 7.6636574080e-07 
4.5050000000e+00 7.7153344540e-07 
4.5060000000e+00 7.7671999280e-07 
4.5070000000e+00 7.8192536660e-07 
4.5080000000e+00 7.8714957310e-07 
4.5090000000e+00 7.9239258150e-07 
4.5100000000e+00 7.9765437050e-07 
4.5110000000e+00 8.0293492400e-07 
4.5120000000e+00 8.0823362340e-07 
4.5130000000e+00 8.1354925270e-07 
4.5140000000e+00 8.1888369990e-07 
4.5150000000e+00 8.2423678160e-07 
4.5160000000e+00 8.2960853210e-07 
4.5170000000e+00 8.3499893920e-07 
4.5180000000e+00 8.4040806610e-07 
4.5190000000e+00 8.4583670900e-07 
4.5200000000e+00 8.5128412640e-07 
4.5210000000e+00 8.5675049140e-07 
4.5220000000e+00 8.6223545930e-07 
4.5230000000e+00 8.6773908740e-07 
4.5240000000e+00 8.7326132890e-07 
4.5250000000e+00 8.7880213860e-07 
4.5260000000e+00 8.8436149160e-07 
4.5270000000e+00 8.8993937770e-07 
4.5280000000e+00 8.9553579480e-07 
4.5290000000e+00 9.0115070900e-07 
4.5300000000e+00 9.0678410830e-07 
4.5310000000e+00 9.1243597960e-07 
4.5320000000e+00 9.1810630890e-07 
4.5330000000e+00 9.2379508250e-07 
4.5340000000e+00 9.2950228550e-07 
4.5350000000e+00 9.3522790320e-07 
4.5360000000e+00 9.4097257300e-07 
4.5370000000e+00 9.4673595390e-07 
4.5380000000e+00 9.5251772220e-07 
4.5390000000e+00 9.5831786520e-07 
4.5400000000e+00 9.6413636280e-07 
4.5410000000e+00 9.6997341850e-07 
4.5420000000e+00 9.7582886200e-07 
4.5430000000e+00 9.8170273130e-07 
4.5440000000e+00 9.8759560570e-07 
4.5450000000e+00 9.9350724310e-07 
4.5460000000e+00 9.9943752210e-07 
4.5470000000e+00 1.0053865230e-06 
4.5480000000e+00 1.0113537920e-06 
4.5490000000e+00 1.0173393130e-06 
4.5500000000e+00 1.0233430670e-06 
4.5510000000e+00 1.0293652120e-06 
4.5520000000e+00 1.0354058920e-06 
4.5530000000e+00 1.0414649660e-06 
4.5540000000e+00 1.0475422300e-06 
4.5550000000e+00 1.0536376730e-06 
4.5560000000e+00 1.0597513190e-06 
4.5570000000e+00 1.0658831140e-06 
4.5580000000e+00 1.0720330470e-06 
4.5590000000e+00 1.0782011120e-06 
4.5600000000e+00 1.0843872860e-06 
4.5610000000e+00 1.0905915660e-06 
4.5620000000e+00 1.0968139290e-06 
4.5630000000e+00 1.1030543580e-06 
4.5640000000e+00 1.1093128460e-06 
4.5650000000e+00 1.1155893790e-06 
4.5660000000e+00 1.1218839460e-06 
4.5670000000e+00 1.1281965300e-06 
4.5680000000e+00 1.1345271360e-06 
4.5690000000e+00 1.1408757960e-06 
4.5700000000e+00 1.1472429490e-06 
4.5710000000e+00 1.1536286910e-06 
4.5720000000e+00 1.1600324290e-06 
4.5730000000e+00 1.1664541590e-06 
4.5740000000e+00 1.1728938290e-06 
4.5750000000e+00 1.1793514470e-06 
4.5760000000e+00 1.1858277610e-06 
4.5770000000e+00 1.1923227950e-06 
4.5780000000e+00 1.1988361770e-06 
4.5790000000e+00 1.2053676360e-06 
4.5800000000e+00 1.2119169860e-06 
4.5810000000e+00 1.2184842080e-06 
4.5820000000e+00 1.2250693630e-06 
4.5830000000e+00 1.2316723580e-06 
4.5840000000e+00 1.2382931970e-06 
4.5850000000e+00 1.2449319570e-06 
4.5860000000e+00 1.2515885190e-06 
4.5870000000e+00 1.2582632170e-06 
4.5880000000e+00 1.2649557660e-06 
4.5890000000e+00 1.2716661130e-06 
4.5900000000e+00 1.2783942690e-06 
4.5910000000e+00 1.2851402240e-06 
4.5920000000e+00 1.2919028350e-06 
4.5930000000e+00 1.2986813630e-06 
4.5940000000e+00 1.3054776070e-06 
4.5950000000e+00 1.3122915580e-06 
4.5960000000e+00 1.3191232050e-06 
4.5970000000e+00 1.3259725310e-06 
4.5980000000e+00 1.3328395300e-06 
4.5990000000e+00 1.3397243020e-06 
4.6000000000e+00 1.3466275280e-06 
4.6010000000e+00 1.3535484250e-06 
4.6020000000e+00 1.3604870910e-06 
4.6030000000e+00 1.3674434280e-06 
4.6040000000e+00 1.3744173900e-06 
4.6050000000e+00 1.3814089660e-06 
4.6060000000e+00 1.3884181460e-06 
4.6070000000e+00 1.3954455560e-06 
4.6080000000e+00 1.4024907420e-06 
4.6090000000e+00 1.4095536150e-06 
4.6100000000e+00 1.4166341890e-06 
4.6110000000e+00 1.4237321580e-06 
4.6120000000e+00 1.4308476820e-06 
4.6130000000e+00 1.4379807550e-06 
4.6140000000e+00 1.4451313660e-06 
4.6150000000e+00 1.4522994930e-06 
4.6160000000e+00 1.4594851310e-06 
4.6170000000e+00 1.4666883270e-06 
4.6180000000e+00 1.4739092510e-06 
4.6190000000e+00 1.4811479730e-06 
4.6200000000e+00 1.4884041620e-06 
4.6210000000e+00 1.4956779920e-06 
4.6220000000e+00 1.5029697460e-06 
4.6230000000e+00 1.5102789710e-06 
4.6240000000e+00 1.5176056390e-06 
4.6250000000e+00 1.5249497630e-06 
4.6260000000e+00 1.5323113320e-06 
4.6270000000e+00 1.5396903130e-06 
4.6280000000e+00 1.5470867530e-06 
4.6290000000e+00 1.5545008000e-06 
4.6300000000e+00 1.5619325600e-06 
4.6310000000e+00 1.5693820640e-06 
4.6320000000e+00 1.5768497250e-06 
4.6330000000e+00 1.5843351640e-06 
4.6340000000e+00 1.5918379740e-06 
4.6350000000e+00 1.5993582030e-06 
4.6360000000e+00 1.6068958140e-06 
4.6370000000e+00 1.6144508050e-06 
4.6380000000e+00 1.6220231570e-06 
4.6390000000e+00 1.6296128910e-06 
4.6400000000e+00 1.6372199590e-06 
4.6410000000e+00 1.6448445230e-06 
4.6420000000e+00 1.6524866020e-06 
4.6430000000e+00 1.6601460140e-06 
4.6440000000e+00 1.6678227660e-06 
4.6450000000e+00 1.6755168500e-06 
4.6460000000e+00 1.6832282610e-06 
4.6470000000e+00 1.6909583160e-06 
4.6480000000e+00 1.6987058090e-06 
4.6490000000e+00 1.7064706250e-06 
4.6500000000e+00 1.7142527800e-06 
4.6510000000e+00 1.7220523160e-06 
4.6520000000e+00 1.7298691570e-06 
4.6530000000e+00 1.7377039140e-06 
4.6540000000e+00 1.7455569750e-06 
4.6550000000e+00 1.7534280840e-06 
4.6560000000e+00 1.7613168220e-06 
4.6570000000e+00 1.7692228490e-06 
4.6580000000e+00 1.7771461680e-06 
4.6590000000e+00 1.7850867490e-06 
4.6600000000e+00 1.7930446520e-06 
4.6610000000e+00 1.8010198260e-06 
4.6620000000e+00 1.8090122780e-06 
4.6630000000e+00 1.8170220010e-06 
4.6640000000e+00 1.8250489880e-06 
4.6650000000e+00 1.8330932380e-06 
4.6660000000e+00 1.8411543640e-06 
4.6670000000e+00 1.8492323110e-06 
4.6680000000e+00 1.8573275030e-06 
4.6690000000e+00 1.8654399330e-06 
4.6700000000e+00 1.8735695840e-06 
4.6710000000e+00 1.8817174430e-06 
4.6720000000e+00 1.8898834490e-06 
4.6730000000e+00 1.8980667490e-06 
4.6740000000e+00 1.9062673150e-06 
4.6750000000e+00 1.9144850760e-06 
4.6760000000e+00 1.9227199890e-06 
4.6770000000e+00 1.9309720790e-06 
4.6780000000e+00 1.9392413480e-06 
4.6790000000e+00 1.9475278110e-06 
4.6800000000e+00 1.9558314370e-06 
4.6810000000e+00 1.9641522470e-06 
4.6820000000e+00 1.9724902340e-06 
4.6830000000e+00 1.9808453820e-06 
4.6840000000e+00 1.9892176770e-06 
4.6850000000e+00 1.9976072960e-06 
4.6860000000e+00 2.0060143840e-06 
4.6870000000e+00 2.0144386150e-06 
4.6880000000e+00 2.0228800260e-06 
4.6890000000e+00 2.0313385640e-06 
4.6900000000e+00 2.0398146270e-06 
4.6910000000e+00 2.0483079400e-06 
4.6920000000e+00 2.0568183980e-06 
4.6930000000e+00 2.0653459600e-06 
4.6940000000e+00 2.0738907010e-06 
4.6950000000e+00 2.0824525140e-06 
4.6960000000e+00 2.0910319350e-06 
4.6970000000e+00 2.0996287740e-06 
4.6980000000e+00 2.1082434670e-06 
4.6990000000e+00 2.1168754110e-06 
4.7000000000e+00 2.1255252340e-06 
4.7010000000e+00 2.1341927140e-06 
4.7020000000e+00 2.1428786190e-06 
4.7030000000e+00 2.1515817850e-06 
4.7040000000e+00 2.1603021230e-06 
4.7050000000e+00 2.1690396290e-06 
4.7060000000e+00 2.1777943000e-06 
4.7070000000e+00 2.1865650530e-06 
4.7080000000e+00 2.1953503020e-06 
4.7090000000e+00 2.2041526870e-06 
4.7100000000e+00 2.2129722000e-06 
4.7110000000e+00 2.2218088420e-06 
4.7120000000e+00 2.2306626110e-06 
4.7130000000e+00 2.2395339180e-06 
4.7140000000e+00 2.2484231530e-06 
4.7150000000e+00 2.2573294090e-06 
4.7160000000e+00 2.2662532980e-06 
4.7170000000e+00 2.2751942830e-06 
4.7180000000e+00 2.2841523800e-06 
4.7190000000e+00 2.2931274720e-06 
4.7200000000e+00 2.3021192080e-06 
4.7210000000e+00 2.3111280510e-06 
4.7220000000e+00 2.3201539970e-06 
4.7230000000e+00 2.3291980990e-06 
4.7240000000e+00 2.3382598930e-06 
4.7250000000e+00 2.3473388620e-06 
4.7260000000e+00 2.3564352700e-06 
4.7270000000e+00 2.3655487960e-06 
4.7280000000e+00 2.3746794020e-06 
4.7290000000e+00 2.3838271340e-06 
4.7300000000e+00 2.3929919820e-06 
4.7310000000e+00 2.4021739870e-06 
4.7320000000e+00 2.4113732580e-06 
4.7330000000e+00 2.4205895640e-06 
4.7340000000e+00 2.4298229730e-06 
4.7350000000e+00 2.4390735210e-06 
4.7360000000e+00 2.4483421760e-06 
4.7370000000e+00 2.4576287560e-06 
4.7380000000e+00 2.4669322470e-06 
4.7390000000e+00 2.4762528490e-06 
4.7400000000e+00 2.4855905700e-06 
4.7410000000e+00 2.4949453750e-06 
4.7420000000e+00 2.5043198130e-06 
4.7430000000e+00 2.5137134300e-06 
4.7440000000e+00 2.5231249610e-06 
4.7450000000e+00 2.5325536720e-06 
4.7460000000e+00 2.5419994950e-06 
4.7470000000e+00 2.5514624750e-06 
4.7480000000e+00 2.5609425550e-06 
4.7490000000e+00 2.5704399170e-06 
4.7500000000e+00 2.5799557870e-06 
4.7510000000e+00 2.5894888480e-06 
4.7520000000e+00 2.5990391040e-06 
4.7530000000e+00 2.6086066260e-06 
4.7540000000e+00 2.6181918250e-06 
4.7550000000e+00 2.6277947890e-06 
4.7560000000e+00 2.6374149480e-06 
4.7570000000e+00 2.6470524580e-06 
4.7580000000e+00 2.6567075380e-06 
4.7590000000e+00 2.6663798370e-06 
4.7600000000e+00 2.6760693570e-06 
4.7610000000e+00 2.6857761010e-06 
4.7620000000e+00 2.6955000740e-06 
4.7630000000e+00 2.7052412710e-06 
4.7640000000e+00 2.7149996950e-06 
4.7650000000e+00 2.7247753480e-06 
4.7660000000e+00 2.7345682320e-06 
4.7670000000e+00 2.7443783460e-06 
4.7680000000e+00 2.7542061480e-06 
4.7690000000e+00 2.7640520740e-06 
4.7700000000e+00 2.7739152100e-06 
4.7710000000e+00 2.7837956950e-06 
4.7720000000e+00 2.7936934230e-06 
4.7730000000e+00 2.8036083870e-06 
4.7740000000e+00 2.8135405840e-06 
4.7750000000e+00 2.8234900180e-06 
4.7760000000e+00 2.8334575450e-06 
4.7770000000e+00 2.8434431840e-06 
4.7780000000e+00 2.8534460780e-06 
4.7790000000e+00 2.8634667660e-06 
4.7800000000e+00 2.8735050150e-06 
4.7810000000e+00 2.8835610900e-06 
4.7820000000e+00 2.8936344240e-06 
4.7830000000e+00 2.9037259880e-06 
4.7840000000e+00 2.9138350610e-06 
4.7850000000e+00 2.9239615610e-06 
4.7860000000e+00 2.9341075370e-06 
4.7870000000e+00 2.9442707130e-06 
4.7880000000e+00 2.9544510230e-06 
4.7890000000e+00 2.9646485540e-06 
4.7900000000e+00 2.9748632600e-06 
4.7910000000e+00 2.9850952370e-06 
4.7920000000e+00 2.9953444490e-06 
4.7930000000e+00 3.0056108160e-06 
4.7940000000e+00 3.0158945840e-06 
4.7950000000e+00 3.0261960920e-06 
4.7960000000e+00 3.0365148920e-06 
4.7970000000e+00 3.0468509350e-06 
4.7980000000e+00 3.0572063680e-06 
4.7990000000e+00 3.0675792060e-06 
4.8000000000e+00 3.0779692440e-06 
4.8010000000e+00 3.0883774730e-06 
4.8020000000e+00 3.0988033020e-06 
4.8030000000e+00 3.1092479780e-06 
4.8040000000e+00 3.1197103940e-06 
4.8050000000e+00 3.1301905970e-06 
4.8060000000e+00 3.1406895120e-06 
4.8070000000e+00 3.1512067640e-06 
4.8080000000e+00 3.1617413950e-06 
4.8090000000e+00 3.1722935870e-06 
4.8100000000e+00 3.1828673310e-06 
4.8110000000e+00 3.1934584750e-06 
4.8120000000e+00 3.2040670590e-06 
4.8130000000e+00 3.2146930880e-06 
4.8140000000e+00 3.2253378510e-06 
4.8150000000e+00 3.2360032090e-06 
4.8160000000e+00 3.2466871550e-06 
4.8170000000e+00 3.2573886090e-06 
4.8180000000e+00 3.2681076200e-06 
4.8190000000e+00 3.2788443770e-06 
4.8200000000e+00 3.2895986600e-06 
4.8210000000e+00 3.3003705530e-06 
4.8220000000e+00 3.3111603250e-06 
4.8230000000e+00 3.3219674790e-06 
4.8240000000e+00 3.3327921160e-06 
4.8250000000e+00 3.3436341680e-06 
4.8260000000e+00 3.3544937680e-06 
4.8270000000e+00 3.3653709260e-06 
4.8280000000e+00 3.3762656470e-06 
4.8290000000e+00 3.3871779330e-06 
4.8300000000e+00 3.3981079540e-06 
4.8310000000e+00 3.4090555520e-06 
4.8320000000e+00 3.4200207270e-06 
4.8330000000e+00 3.4310039250e-06 
4.8340000000e+00 3.4420051980e-06 
4.8350000000e+00 3.4530243650e-06 
4.8360000000e+00 3.4640611660e-06 
4.8370000000e+00 3.4751155600e-06 
4.8380000000e+00 3.4861876940e-06 
4.8390000000e+00 3.4972786010e-06 
4.8400000000e+00 3.5083883620e-06 
4.8410000000e+00 3.5195157070e-06 
4.8420000000e+00 3.5306605890e-06 
4.8430000000e+00 3.5418228940e-06 
4.8440000000e+00 3.5530027750e-06 
4.8450000000e+00 3.5642006550e-06 
4.8460000000e+00 3.5754165640e-06 
4.8470000000e+00 3.5866500840e-06 
4.8480000000e+00 3.5979011930e-06 
4.8490000000e+00 3.6091698220e-06 
4.8500000000e+00 3.6204547430e-06 
4.8510000000e+00 3.6317537290e-06 
4.8520000000e+00 3.6430713430e-06 
4.8530000000e+00 3.6544069540e-06 
4.8540000000e+00 3.6657633940e-06 
4.8550000000e+00 3.6771375290e-06 
4.8560000000e+00 3.6885290730e-06 
4.8570000000e+00 3.6999382370e-06 
4.8580000000e+00 3.7113651210e-06 
4.8590000000e+00 3.7228107640e-06 
4.8600000000e+00 3.7342784910e-06 
4.8610000000e+00 3.7457639890e-06 
4.8620000000e+00 3.7572672860e-06 
4.8630000000e+00 3.7687883010e-06 
4.8640000000e+00 3.7803271410e-06 
4.8650000000e+00 3.7918837770e-06 
4.8660000000e+00 3.8034582370e-06 
4.8670000000e+00 3.8150505240e-06 
4.8680000000e+00 3.8266606450e-06 
4.8690000000e+00 3.8382886050e-06 
4.8700000000e+00 3.8499352510e-06 
4.8710000000e+00 3.8616025970e-06 
4.8720000000e+00 3.8732878290e-06 
4.8730000000e+00 3.8849909600e-06 
4.8740000000e+00 3.8967130590e-06 
4.8750000000e+00 3.9084579470e-06 
4.8760000000e+00 3.9202228170e-06 
4.8770000000e+00 3.9320058760e-06 
4.8780000000e+00 3.9438071980e-06 
4.8790000000e+00 3.9556269090e-06 
4.8800000000e+00 3.9674646290e-06 
4.8810000000e+00 3.9793203660e-06 
4.8820000000e+00 3.9911941120e-06 
4.8830000000e+00 4.0030856910e-06 
4.8840000000e+00 4.0149953060e-06 
4.8850000000e+00 4.0269229080e-06 
4.8860000000e+00 4.0388685700e-06 
4.8870000000e+00 4.0508366830e-06 
4.8880000000e+00 4.0628238050e-06 
4.8890000000e+00 4.0748290500e-06 
4.8900000000e+00 4.0868524270e-06 
4.8910000000e+00 4.0988939430e-06 
4.8920000000e+00 4.1109542470e-06 
4.8930000000e+00 4.1230355790e-06 
4.8940000000e+00 4.1351353160e-06 
4.8950000000e+00 4.1472531910e-06 
4.8960000000e+00 4.1593892830e-06 
4.8970000000e+00 4.1715434500e-06 
4.8980000000e+00 4.1837154910e-06 
4.8990000000e+00 4.1959055860e-06 
4.9000000000e+00 4.2081141200e-06 
4.9010000000e+00 4.2203434840e-06 
4.9020000000e+00 4.2325909840e-06 
4.9030000000e+00 4.2448566970e-06 
4.9040000000e+00 4.2571404350e-06 
4.9050000000e+00 4.2694423160e-06 
4.9060000000e+00 4.2817624910e-06 
4.9070000000e+00 4.2941033590e-06 
4.9080000000e+00 4.3064643910e-06 
4.9090000000e+00 4.3188437750e-06 
4.9100000000e+00 4.3312415250e-06 
4.9110000000e+00 4.3436576930e-06 
4.9120000000e+00 4.3560964230e-06 
4.9130000000e+00 4.3685536920e-06 
4.9140000000e+00 4.3810295400e-06 
4.9150000000e+00 4.3935239820e-06 
4.9160000000e+00 4.4060368270e-06 
4.9170000000e+00 4.4185673580e-06 
4.9180000000e+00 4.4311138600e-06 
4.9190000000e+00 4.4436788240e-06 
4.9200000000e+00 4.4562621190e-06 
4.9210000000e+00 4.4688653290e-06 
4.9220000000e+00 4.4814909190e-06 
4.9230000000e+00 4.4941361970e-06 
4.9240000000e+00 4.5068002350e-06 
4.9250000000e+00 4.5194890190e-06 
4.9260000000e+00 4.5321989120e-06 
4.9270000000e+00 4.5449283970e-06 
4.9280000000e+00 4.5576762530e-06 
4.9290000000e+00 4.5704434270e-06 
4.9300000000e+00 4.5832292590e-06 
4.9310000000e+00 4.5960337600e-06 
4.9320000000e+00 4.6088569390e-06 
4.9330000000e+00 4.6216988040e-06 
4.9340000000e+00 4.6345593710e-06 
4.9350000000e+00 4.6474386480e-06 
4.9360000000e+00 4.6603366450e-06 
4.9370000000e+00 4.6732533180e-06 
4.9380000000e+00 4.6861887260e-06 
4.9390000000e+00 4.6991435160e-06 
4.9400000000e+00 4.7121220230e-06 
4.9410000000e+00 4.7251196680e-06 
4.9420000000e+00 4.7381362600e-06 
4.9430000000e+00 4.7511718250e-06 
4.9440000000e+00 4.7642262060e-06 
4.9450000000e+00 4.7772994580e-06 
4.9460000000e+00 4.7903916690e-06 
4.9470000000e+00 4.8035056500e-06 
4.9480000000e+00 4.8166387180e-06 
4.9490000000e+00 4.8297907240e-06 
4.9500000000e+00 4.8429616080e-06 
4.9510000000e+00 4.8561516010e-06 
4.9520000000e+00 4.8693604270e-06 
4.9530000000e+00 4.8825875840e-06 
4.9540000000e+00 4.8958334170e-06 
4.9550000000e+00 4.9090980590e-06 
4.9560000000e+00 4.9223825980e-06 
4.9570000000e+00 4.9356906920e-06 
4.9580000000e+00 4.9490174940e-06 
4.9590000000e+00 4.9623633790e-06 
4.9600000000e+00 4.9757283360e-06 
4.9610000000e+00 4.9891123920e-06 
4.9620000000e+00 5.0025155590e-06 
4.9630000000e+00 5.0159378470e-06 
4.9640000000e+00 5.0293792670e-06 
4.9650000000e+00 5.0428520950e-06 
4.9660000000e+00 5.0563471130e-06 
4.9670000000e+00 5.0698614380e-06 
4.9680000000e+00 5.0834037570e-06 
4.9690000000e+00 5.0969671280e-06 
4.9700000000e+00 5.1105502660e-06 
4.9710000000e+00 5.1241533710e-06 
4.9720000000e+00 5.1377759010e-06 
4.9730000000e+00 5.1514179160e-06 
4.9740000000e+00 5.1650794190e-06 
4.9750000000e+00 5.1787604250e-06 
4.9760000000e+00 5.1924609550e-06 
4.9770000000e+00 5.2061810210e-06 
4.9780000000e+00 5.2199206380e-06 
4.9790000000e+00 5.2336797530e-06 
4.9800000000e+00 5.2474584190e-06 
4.9810000000e+00 5.2612566480e-06 
4.9820000000e+00 5.2750747460e-06 
4.9830000000e+00 5.2889124670e-06 
4.9840000000e+00 5.3027698160e-06 
4.9850000000e+00 5.3166498220e-06 
4.9860000000e+00 5.3305570400e-06 
4.9870000000e+00 5.3444840680e-06 
4.9880000000e+00 5.3584307620e-06 
4.9890000000e+00 5.3723971830e-06 
4.9900000000e+00 5.3863834010e-06 
4.9910000000e+00 5.4003907420e-06 
4.9920000000e+00 5.4144182170e-06 
4.9930000000e+00 5.4284655250e-06 
4.9940000000e+00 5.4425326810e-06 
4.9950000000e+00 5.4566196810e-06 
4.9960000000e+00 5.4707265380e-06 
4.9970000000e+00 5.4848564250e-06 
4.9980000000e+00 5.4990110240e-06 
4.9990000000e+00 5.5131855940e-06 
5.0000000000e+00 5.5273801710e-06 
5.0200000000e+00 5.8157363300e-06 
5.0400000000e+00 6.1125327040e-06 
5.0600000000e+00 6.4184348660e-06 
5.0800000000e+00 6.7331846690e-06 
5.1000000000e+00 7.0572785840e-06 
5.1200000000e+00 7.3909930000e-06 
5.1400000000e+00 7.7345263510e-06 
5.1600000000e+00 8.0884051920e-06 
5.1800000000e+00 8.4526605360e-06 
5.2000000000e+00 8.8277103020e-06 
5.2200000000e+00 9.2138017480e-06 
5.2400000000e+00 9.6108897270e-06 
5.2600000000e+00 1.0020196720e-05 
5.2800000000e+00 1.0441638430e-05 
5.3000000000e+00 1.0875460910e-05 
5.3200000000e+00 1.1322857190e-05 
5.3400000000e+00 1.1783886360e-05 
5.3600000000e+00 1.2258872390e-05 
5.3800000000e+00 1.2748029880e-05 
5.4000000000e+00 1.3252694660e-05 
5.4200000000e+00 1.3772798270e-05 
5.4400000000e+00 1.4308253490e-05 
5.4600000000e+00 1.4859504320e-05 
5.4800000000e+00 1.5427942220e-05 
5.5000000000e+00 1.6013435530e-05 
5.5200000000e+00 1.6617021310e-05 
5.5400000000e+00 1.7238964070e-05 
5.5600000000e+00 1.7880356530e-05 
5.5800000000e+00 1.8540224850e-05 
5.6000000000e+00 1.9222448910e-05 
5.6200000000e+00 1.9923188590e-05 
5.6400000000e+00 2.0647889480e-05 
5.6600000000e+00 2.1392812940e-05 
5.6800000000e+00 2.2162450970e-05 
5.7000000000e+00 2.2956094600e-05 
5.7200000000e+00 2.3771928480e-05 
5.7400000000e+00 2.4616790830e-05 
5.7600000000e+00 2.5482410710e-05 
5.7800000000e+00 2.6379693260e-05 
5.8000000000e+00 2.7299069550e-05 
5.8200000000e+00 2.8248451660e-05 
5.8400000000e+00 2.9227566040e-05 
5.8600000000e+00 3.0230091010e-05 
5.8800000000e+00 3.1268870440e-05 
5.9000000000e+00 3.2335649110e-05 
5.9200000000e+00 3.3431107730e-05 
5.9400000000e+00 3.4564862710e-05 
5.9600000000e+00 3.5729191700e-05 
5.9800000000e+00 3.6926965410e-05 
6.0000000000e+00 3.8161075790e-05 
6.0200000000e+00 3.9427275780e-05 
6.0400000000e+00 4.0731861990e-05 
6.0600000000e+00 4.2077027180e-05 
6.0800000000e+00 4.3459543280e-05 
6.1000000000e+00 4.4881465730e-05 
6.1200000000e+00 4.6343017260e-05 
6.1400000000e+00 4.7845401620e-05 
6.1600000000e+00 4.9390550610e-05 
6.1800000000e+00 5.0975661380e-05 
6.2000000000e+00 5.2606782570e-05 
6.2200000000e+00 5.4281691400e-05 
6.2400000000e+00 5.5998318700e-05 
6.2600000000e+00 5.7759813310e-05 
6.2800000000e+00 5.9569888680e-05 
6.3000000000e+00 6.1421807360e-05 
6.3200000000e+00 6.3320297980e-05 
6.3400000000e+00 6.5263322030e-05 
6.3600000000e+00 6.7246129890e-05 
6.3800000000e+00 6.9272468570e-05 
6.4000000000e+00 7.1344720070e-05 
6.4200000000e+00 7.3461541940e-05 
6.4400000000e+00 7.5621306180e-05 
6.4600000000e+00 7.7824513680e-05 
6.4800000000e+00 8.0067435110e-05 
6.5000000000e+00 8.2354209580e-05 
6.5200000000e+00 8.4686915670e-05 
6.5400000000e+00 8.7061368390e-05 
6.5600000000e+00 8.9474396670e-05 
6.5800000000e+00 9.1926296150e-05 
6.6000000000e+00 9.4417290470e-05 
6.6200000000e+00 9.6945616400e-05 
6.6400000000e+00 9.9515834050e-05 
6.6600000000e+00 1.0212861280e-04 
6.6800000000e+00 1.0476718800e-04 
6.7000000000e+00 1.0744175210e-04 
6.7200000000e+00 1.1015261510e-04 
6.7400000000e+00 1.1290134840e-04 
6.7600000000e+00 1.1568625260e-04 
6.7800000000e+00 1.1850697930e-04 
6.8000000000e+00 1.2135205830e-04 
6.8200000000e+00 1.2422401600e-04 
6.8400000000e+00 1.2712965060e-04 
6.8600000000e+00 1.3006757430e-04 
6.8800000000e+00 1.3304090650e-04 
6.9000000000e+00 1.3604314600e-04 
6.9050000000e+00 1.3679653280e-04 
6.9075000000e+00 1.3717363380e-04 
6.9087500000e+00 1.3736332470e-04 
6.9089062500e+00 1.3738566750e-04 
6.9089843750e+00 1.3739809590e-04 
6.9090234370e+00 1.3740400120e-04 
6.9090429690e+00 1.3740695390e-04 
6.9090527340e+00 1.3740843030e-04 
6.9090576170e+00 1.3740916850e-04 
6.8890576170e+00 1.3439811490e-04 
6.8690576170e+00 1.3141009570e-04 
6.8490576170e+00 1.2845552490e-04 
6.8290576170e+00 1.2553610380e-04 
6.8090576170e+00 1.2264894750e-04 
6.7890576170e+00 1.1979473230e-04 
6.7690576170e+00 1.1695987040e-04 
6.7490576170e+00 1.1415876410e-04 
6.7290576170e+00 1.1139359360e-04 
6.7090576170e+00 1.0866468120e-04 
6.6890576170e+00 1.0597527480e-04 
6.6690576170e+00 1.0331965180e-04 
6.6490576170e+00 1.0069543500e-04 
6.6290576170e+00 9.8105006600e-05 
6.6090576170e+00 9.5557758220e-05 
6.5890576170e+00 9.3050397830e-05 
6.5690576170e+00 9.0580386870e-05 
6.5490576170e+00 8.8150856600e-05 
6.5290576170e+00 8.5758835890e-05 
6.5090576170e+00 8.3405877220e-05 
6.4890576170e+00 8.1098477460e-05 
6.4690576170e+00 7.8835987300e-05 
6.4490576170e+00 7.6615203810e-05 
6.4290576170e+00 7.4435411000e-05 
6.4090576170e+00 7.2299028350e-05 
6.3890576170e+00 7.0206144020e-05 
6.3690576170e+00 6.8160076720e-05 
6.3490576170e+00 6.6156556830e-05 
6.3290576170e+00 6.4196028250e-05 
6.3090576170e+00 6.2276790890e-05 
6.2890576170e+00 6.0404524300e-05 
6.2690576170e+00 5.8574098520e-05 
6.2490576170e+00 5.6791127830e-05 
6.2290576170e+00 5.5054628350e-05 
6.2090576170e+00 5.3360379580e-05 
6.1890576170e+00 5.1709179220e-05 
6.1690576170e+00 5.0103541550e-05 
6.1490576170e+00 4.8539825760e-05 
6.1290576170e+00 4.7018955730e-05 
6.1090576170e+00 4.5539423870e-05 
6.0890576170e+00 4.4099046060e-05 
6.0690576170e+00 4.2699045200e-05 
6.0490576170e+00 4.1335830780e-05 
6.0290576170e+00 4.0013195210e-05 
6.0090576170e+00 3.8730150860e-05 
5.9890576170e+00 3.7482655290e-05 
5.9690576170e+00 3.6267419220e-05 
5.9490576170e+00 3.5088390210e-05 
5.9290576170e+00 3.3940055870e-05 
5.9090576170e+00 3.2827080390e-05 
5.8890576170e+00 3.1749494560e-05 
5.8690576170e+00 3.0696065550e-05 
5.8490576170e+00 2.9677271430e-05 
5.8290576170e+00 2.8689740330e-05 
5.8090576170e+00 2.7724793070e-05 
5.7890576170e+00 2.6793822390e-05 
5.7690576170e+00 2.5884753480e-05 
5.7490576170e+00 2.5004982040e-05 
5.7290576170e+00 2.4151254950e-05 
5.7090576170e+00 2.3321878120e-05 
5.6890576170e+00 2.2520275350e-05 
5.6690576170e+00 2.1737837690e-05 
5.6490576170e+00 2.0983099990e-05 
5.6290576170e+00 2.0248171500e-05 
5.6090576170e+00 1.9537143710e-05 
5.5890576170e+00 1.8846343390e-05 
5.5690576170e+00 1.8176553670e-05 
5.5490576170e+00 1.7527144580e-05 
5.5290576170e+00 1.6896099340e-05 
5.5090576170e+00 1.6284438740e-05 
5.4890576170e+00 1.5690907230e-05 
5.4690576170e+00 1.5114720150e-05 
5.4490576170e+00 1.4555716890e-05 
5.4290576170e+00 1.4013257600e-05 
5.4090576170e+00 1.3486333560e-05 
5.3890576170e+00 1.2974560690e-05 
5.3690576170e+00 1.2478498900e-05 
5.3490576170e+00 1.1997216390e-05 
5.3290576170e+00 1.1529909050e-05 
5.3090576170e+00 1.1076287630e-05 
5.2890576170e+00 1.0636511360e-05 
5.2690576170e+00 1.0209560460e-05 
5.2490576170e+00 9.7946938000e-06 
5.2290576170e+00 9.3921580380e-06 
5.2090576170e+00 9.0011445970e-06 
5.1890576170e+00 8.6209511740e-06 
5.1690576170e+00 8.2520001830e-06 
5.1490576170e+00 7.8932767760e-06 
5.1290576170e+00 7.5453087130e-06 
5.1090576170e+00 7.2069864820e-06 
5.0890576170e+00 6.8787640980e-06 
5.0690576170e+00 6.5597390170e-06 
5.0490576170e+00 6.2499371080e-06 
5.0290576170e+00 5.9489875040e-06 
5.0090576170e+00 5.6569041650e-06 
5.0080576170e+00 5.6425213890e-06 
5.0070576170e+00 5.6281460020e-06 
5.0060576170e+00 5.6137902480e-06 
5.0050576170e+00 5.5994594110e-06 
5.0040576170e+00 5.5851566640e-06 
5.0030576170e+00 5.5708740210e-06 
5.0020576170e+00 5.5566177360e-06 
5.0010576170e+00 5.5423820860e-06 
5.0000576170e+00 5.5281664490e-06 
4.9990576170e+00 5.5139708130e-06 
4.9980576170e+00 5.4997951840e-06 
4.9970576170e+00 5.4856395480e-06 
4.9960576170e+00 5.4715082340e-06 
4.9950576170e+00 5.4574003390e-06 
4.9940576170e+00 5.4433122660e-06 
4.9930576170e+00 5.4292440680e-06 
4.9920576170e+00 5.4151957080e-06 
4.9910576170e+00 5.4011671830e-06 
4.9900576170e+00 5.3871586970e-06 
4.9890576170e+00 5.3731714280e-06 
4.9880576170e+00 5.3592039660e-06 
4.9870576170e+00 5.3452562070e-06 
4.9860576170e+00 5.3313281310e-06 
4.9850576170e+00 5.3174199000e-06 
4.9840576170e+00 5.3035383480e-06 
4.9830576170e+00 5.2896799660e-06 
4.9820576170e+00 5.2758412020e-06 
4.9810576170e+00 5.2620220480e-06 
4.9800576170e+00 5.2482227820e-06 
4.9790576170e+00 5.2344430820e-06 
4.9780576170e+00 5.2206829020e-06 
4.9770576170e+00 5.2069422530e-06 
4.9760576170e+00 5.1932211480e-06 
4.9750576170e+00 5.1795195810e-06 
4.9740576170e+00 5.1658375380e-06 
4.9730576170e+00 5.1521749970e-06 
4.9720576170e+00 5.1385319460e-06 
4.9710576170e+00 5.1249083800e-06 
4.9700576170e+00 5.1113042460e-06 
4.9690576170e+00 5.0977200340e-06 
4.9680576170e+00 5.0841556340e-06 
4.9670576170e+00 5.0706120210e-06 
4.9660576170e+00 5.0570964600e-06 
4.9650576170e+00 5.0436004190e-06 
4.9640576170e+00 5.0301258470e-06 
4.9630576170e+00 5.0166834690e-06 
4.9620576170e+00 5.0032601620e-06 
4.9610576170e+00 4.9898559760e-06 
4.9600576170e+00 4.9764709010e-06 
4.9590576170e+00 4.9631049260e-06 
4.9580576170e+00 4.9497580240e-06 
4.9570576170e+00 4.9364301990e-06 
4.9560576170e+00 4.9231210800e-06 
4.9550576170e+00 4.9098352520e-06 
4.9540576170e+00 4.8965696030e-06 
4.9530576170e+00 4.8833227650e-06 
4.9520576170e+00 4.8700945810e-06 
4.9510576170e+00 4.8568847710e-06 
4.9500576170e+00 4.8436937650e-06 
4.9490576170e+00 4.8305218520e-06 
4.9480576170e+00 4.8173688250e-06 
4.9470576170e+00 4.8042347470e-06 
4.9460576170e+00 4.7911197500e-06 
4.9450576170e+00 4.7780264000e-06 
4.9440576170e+00 4.7649521520e-06 
4.9430576170e+00 4.7518967410e-06 
4.9420576170e+00 4.7388601750e-06 
4.9410576170e+00 4.7258425640e-06 
4.9400576170e+00 4.7128439170e-06 
4.9390576170e+00 4.6998644110e-06 
4.9380576170e+00 4.6869083550e-06 
4.9370576170e+00 4.6739719450e-06 
4.9360576170e+00 4.6610542640e-06 
4.9350576170e+00 4.6481552640e-06 
4.9340576170e+00 4.6352749880e-06 
4.9330576170e+00 4.6224134220e-06 
4.9320576170e+00 4.6095705570e-06 
4.9310576170e+00 4.5967463800e-06 
4.9300576170e+00 4.5839408810e-06 
4.9290576170e+00 4.5711540500e-06 
4.9280576170e+00 4.5583858800e-06 
4.9270576170e+00 4.5456370040e-06 
4.9260576170e+00 4.5329064570e-06 
4.9250576170e+00 4.5201955800e-06 
4.9240576170e+00 4.5075053780e-06 
4.9230576170e+00 4.4948403780e-06 
4.9220576170e+00 4.4821940940e-06 
4.9210576170e+00 4.4695674250e-06 
4.9200576170e+00 4.4569629940e-06 
4.9190576170e+00 4.4443787260e-06 
4.9180576170e+00 4.4318127720e-06 
4.9170576170e+00 4.4192652830e-06 
4.9160576170e+00 4.4067339530e-06 
4.9150576170e+00 4.3942200840e-06 
4.9140576170e+00 4.3817246670e-06 
4.9130576170e+00 4.3692478200e-06 
4.9120576170e+00 4.3567895510e-06 
4.9110576170e+00 4.3443498530e-06 
4.9100576170e+00 4.3319324930e-06 
4.9090576170e+00 4.3195337590e-06 
4.9080576170e+00 4.3071533900e-06 
4.9070576170e+00 4.2947913770e-06 
4.9060576170e+00 4.2824493230e-06 
4.9050576170e+00 4.2701281770e-06 
4.9040576170e+00 4.2578253080e-06 
4.9030576170e+00 4.2455405630e-06 
4.9020576170e+00 4.2332738590e-06 
4.9010576170e+00 4.2210253780e-06 
4.9000576170e+00 4.2087950180e-06 
4.8990576170e+00 4.1965853620e-06 
4.8980576170e+00 4.1843942980e-06 
4.8970576170e+00 4.1722212600e-06 
4.8960576170e+00 4.1600661270e-06 
4.8950576170e+00 4.1479290570e-06 
4.8940576170e+00 4.1358102020e-06 
4.8930576170e+00 4.1237094790e-06 
4.8920576170e+00 4.1116271740e-06 
4.8910576170e+00 4.0995657180e-06 
4.8900576170e+00 4.0875232290e-06 
4.8890576170e+00 4.0754988790e-06 
4.8880576170e+00 4.0634926610e-06 
4.8870576170e+00 4.0515045680e-06 
4.8860576170e+00 4.0395352230e-06 
4.8850576170e+00 4.0275886270e-06 
4.8840576170e+00 4.0156600200e-06 
4.8830576170e+00 4.0037494440e-06 
4.8820576170e+00 3.9918568960e-06 
4.8810576170e+00 3.9799821940e-06 
4.8800576170e+00 3.9681254890e-06 
4.8790576170e+00 3.9562868000e-06 
4.8780576170e+00 3.9444661230e-06 
4.8770576170e+00 3.9326638000e-06 
4.8760576170e+00 3.9208797740e-06 
4.8750576170e+00 3.9091138820e-06 
4.8740576170e+00 3.8973678710e-06 
4.8730576170e+00 3.8856446120e-06 
4.8720576170e+00 3.8739405210e-06 
4.8710576170e+00 3.8622543280e-06 
4.8700576170e+00 3.8505860280e-06 
4.8690576170e+00 3.8389382390e-06 
4.8680576170e+00 3.8273093200e-06 
4.8670576170e+00 3.8156982380e-06 
4.8660576170e+00 3.8041049910e-06 
4.8650576170e+00 3.7925295720e-06 
4.8640576170e+00 3.7809719730e-06 
4.8630576170e+00 3.7694321920e-06 
4.8620576170e+00 3.7579101800e-06 
4.8610576170e+00 3.7464059290e-06 
4.8600576170e+00 3.7349194720e-06 
4.8590576170e+00 3.7234508080e-06 
4.8580576170e+00 3.7120039380e-06 
4.8570576170e+00 3.7005761010e-06 
4.8560576170e+00 3.6891659830e-06 
4.8550576170e+00 3.6777735040e-06 
4.8540576170e+00 3.6663984130e-06 
4.8530576170e+00 3.6550410310e-06 
4.8520576170e+00 3.6437043040e-06 
4.8510576170e+00 3.6323857090e-06 
4.8500576170e+00 3.6210857040e-06 
4.8490576170e+00 3.6098001100e-06 
4.8480576170e+00 3.5985305120e-06 
4.8470576170e+00 3.5872784360e-06 
4.8460576170e+00 3.5760439800e-06 
4.8450576170e+00 3.5648270840e-06 
4.8440576170e+00 3.5536282080e-06 
4.8430576170e+00 3.5424473710e-06 
4.8420576170e+00 3.5312841100e-06 
4.8410576170e+00 3.5201382850e-06 
4.8400576170e+00 3.5090099830e-06 
4.8390576170e+00 3.4978992670e-06 
4.8380576170e+00 3.4868072900e-06 
4.8370576170e+00 3.4757341980e-06 
4.8360576170e+00 3.4646788480e-06 
4.8350576170e+00 3.4536410980e-06 
4.8340576170e+00 3.4426209630e-06 
4.8330576170e+00 3.4316187620e-06 
4.8320576170e+00 3.4206345190e-06 
4.8310576170e+00 3.4096684040e-06 
4.8300576170e+00 3.3987198570e-06 
4.8290576170e+00 3.3877888810e-06 
4.8280576170e+00 3.3768756420e-06 
4.8270576170e+00 3.3659799710e-06 
4.8260576170e+00 3.3551018650e-06 
4.8250576170e+00 3.3442413170e-06 
4.8240576170e+00 3.3333983170e-06 
4.8230576170e+00 3.3225727420e-06 
4.8220576170e+00 3.3117646310e-06 
4.8210576170e+00 3.3009739130e-06 
4.8200576170e+00 3.2902010510e-06 
4.8190576170e+00 3.2794458210e-06 
4.8180576170e+00 3.2687081160e-06 
4.8170576170e+00 3.2579881410e-06 
4.8160576170e+00 3.2472857410e-06 
4.8150576170e+00 3.2366008520e-06 
4.8140576170e+00 3.2259344460e-06 
4.8130576170e+00 3.2152885680e-06 
4.8120576170e+00 3.2046615970e-06 
4.8110576170e+00 3.1940520690e-06 
4.8100576170e+00 3.1834599810e-06 
4.8090576170e+00 3.1728853290e-06 
4.8080576170e+00 3.1623319260e-06 
4.8070576170e+00 3.1517963620e-06 
4.8060576170e+00 3.1412781720e-06 
4.8050576170e+00 3.1307782350e-06 
4.8040576170e+00 3.1202970510e-06 
4.8030576170e+00 3.1098336540e-06 
4.8020576170e+00 3.0993880440e-06 
4.8010576170e+00 3.0889611840e-06 
4.8000576170e+00 3.0785520170e-06 
4.7990576170e+00 3.0681609610e-06 
4.7980576170e+00 3.0577871900e-06 
4.7970576170e+00 3.0474306920e-06 
4.7960576170e+00 3.0370937100e-06 
4.7950576170e+00 3.0267739700e-06 
4.7940576170e+00 3.0164715310e-06 
4.7930576170e+00 3.0061867530e-06 
4.7920576170e+00 2.9959194660e-06 
4.7910576170e+00 2.9856692970e-06 
4.7900576170e+00 2.9754363830e-06 
4.7890576170e+00 2.9652207430e-06 
4.7880576170e+00 2.9550222610e-06 
4.7870576170e+00 2.9448410150e-06 
4.7860576170e+00 2.9346769000e-06 
4.7850576170e+00 2.9245299930e-06 
4.7840576170e+00 2.9144024350e-06 
4.7830576170e+00 2.9042924270e-06 
4.7820576170e+00 2.8941998570e-06 
4.7810576170e+00 2.8841255870e-06 
4.7800576170e+00 2.8740685700e-06 
4.7790576170e+00 2.8640293360e-06 
4.7780576170e+00 2.8540076530e-06 
4.7770576170e+00 2.8440038290e-06 
4.7760576170e+00 2.8340172570e-06 
4.7750576170e+00 2.8240487040e-06 
4.7740576170e+00 2.8140983350e-06 
4.7730576170e+00 2.8041652030e-06 
4.7720576170e+00 2.7942493040e-06 
4.7710576170e+00 2.7843506380e-06 
4.7700576170e+00 2.7744692120e-06 
4.7690576170e+00 2.7646051460e-06 
4.7680576170e+00 2.7547582380e-06 
4.7670576170e+00 2.7449294470e-06 
4.7660576170e+00 2.7351183970e-06 
4.7650576170e+00 2.7253245780e-06 
4.7640576170e+00 2.7155479890e-06 
4.7630576170e+00 2.7057886280e-06 
4.7620576170e+00 2.6960464950e-06 
4.7610576170e+00 2.6863215870e-06 
4.7600576170e+00 2.6766139040e-06 
4.7590576170e+00 2.6669234480e-06 
4.7580576170e+00 2.6572502120e-06 
4.7570576170e+00 2.6475941980e-06 
4.7560576170e+00 2.6379557270e-06 
4.7550576170e+00 2.6283346320e-06 
4.7540576170e+00 2.6187307470e-06 
4.7530576170e+00 2.6091445210e-06 
4.7520576170e+00 2.5995760670e-06 
4.7510576170e+00 2.5900248750e-06 
4.7500576170e+00 2.5804908780e-06 
4.7490576170e+00 2.5709740760e-06 
4.7480576170e+00 2.5614757210e-06 
4.7470576170e+00 2.5519946770e-06 
4.7460576170e+00 2.5425307380e-06 
4.7450576170e+00 2.5330839800e-06 
4.7440576170e+00 2.5236543280e-06 
4.7430576170e+00 2.5142418600e-06 
4.7420576170e+00 2.5048471680e-06 
4.7410576170e+00 2.4954717560e-06 
4.7400576170e+00 2.4861159050e-06 
4.7390576170e+00 2.4767772560e-06 
4.7380576170e+00 2.4674557280e-06 
4.7370576170e+00 2.4581512880e-06 
4.7360576170e+00 2.4488638090e-06 
4.7350576170e+00 2.4395940730e-06 
4.7340576170e+00 2.4303425610e-06 
4.7330576170e+00 2.4211082480e-06 
4.7320576170e+00 2.4118910090e-06 
4.7310576170e+00 2.4026908010e-06 
4.7300576170e+00 2.3935078510e-06 
4.7290576170e+00 2.3843420710e-06 
4.7280576170e+00 2.3751934070e-06 
4.7270576170e+00 2.3660618600e-06 
4.7260576170e+00 2.3569473970e-06 
4.7250576170e+00 2.3478500580e-06 
4.7240576170e+00 2.3387701360e-06 
4.7230576170e+00 2.3297074100e-06 
4.7220576170e+00 2.3206622850e-06 
4.7210576170e+00 2.3116354110e-06 
4.7200576170e+00 2.3026256360e-06 
4.7190576170e+00 2.2936329670e-06 
4.7180576170e+00 2.2846569570e-06 
4.7170576170e+00 2.2756979340e-06 
4.7160576170e+00 2.2667560160e-06 
4.7150576170e+00 2.2578312130e-06 
4.7140576170e+00 2.2489239450e-06 
4.7130576170e+00 2.2400337720e-06 
4.7120576170e+00 2.2311614870e-06 
4.7110576170e+00 2.2223067860e-06 
4.7100576170e+00 2.2134692090e-06 
4.7090576170e+00 2.2046487600e-06 
4.7080576170e+00 2.1958454420e-06 
4.7070576170e+00 2.1870592550e-06 
4.7060576170e+00 2.1782877810e-06 
4.7050576170e+00 2.1695321720e-06 
4.7040576170e+00 2.1607937290e-06 
4.7030576170e+00 2.1520724530e-06 
4.7020576170e+00 2.1433683480e-06 
4.7010576170e+00 2.1346814300e-06 
4.7000576170e+00 2.1260130160e-06 
4.6990576170e+00 2.1173621870e-06 
4.6980576170e+00 2.1087293290e-06 
4.6970576170e+00 2.1001136090e-06 
4.6960576170e+00 2.0915158410e-06 
4.6950576170e+00 2.0829354730e-06 
4.6940576170e+00 2.0743726560e-06 
4.6930576170e+00 2.0658269900e-06 
4.6920576170e+00 2.0572984660e-06 
4.6910576170e+00 2.0487870760e-06 
4.6900576170e+00 2.0402928360e-06 
4.6890576170e+00 2.0318158040e-06 
4.6880576170e+00 2.0233562880e-06 
4.6870576170e+00 2.0149139670e-06 
4.6860576170e+00 2.0064887730e-06 
4.6850576170e+00 1.9980807540e-06 
4.6840576170e+00 1.9896901720e-06 
4.6830576170e+00 1.9813169350e-06 
4.6820576170e+00 1.9729608320e-06 
4.6810576170e+00 1.9646219050e-06 
4.6800576170e+00 1.9563001580e-06 
4.6790576170e+00 1.9479955750e-06 
4.6780576170e+00 1.9397081780e-06 
4.6770576170e+00 1.9314379730e-06 
4.6760576170e+00 1.9231849340e-06 
4.6750576170e+00 1.9149490440e-06 
4.6740576170e+00 1.9067303560e-06 
4.6730576170e+00 1.8985288690e-06 
4.6720576170e+00 1.8903445760e-06 
4.6710576170e+00 1.8821775920e-06 
4.6700576170e+00 1.8740287270e-06 
4.6690576170e+00 1.8658981350e-06 
4.6680576170e+00 1.8577847620e-06 
4.6670576170e+00 1.8496886260e-06 
4.6660576170e+00 1.8416097340e-06 
4.6650576170e+00 1.8335477100e-06 
4.6640576170e+00 1.8255025170e-06 
4.6630576170e+00 1.8174745840e-06 
4.6620576170e+00 1.8094639160e-06 
4.6610576170e+00 1.8014705160e-06 
4.6600576170e+00 1.7934943930e-06 
4.6590576170e+00 1.7855355590e-06 
4.6580576170e+00 1.7775939800e-06 
4.6570576170e+00 1.7696697350e-06 
4.6560576170e+00 1.7617627450e-06 
4.6550576170e+00 1.7538730640e-06 
4.6540576170e+00 1.7460009360e-06 
4.6530576170e+00 1.7381469520e-06 
4.6520576170e+00 1.7303111370e-06 
4.6510576170e+00 1.7224933500e-06 
4.6500576170e+00 1.7146928640e-06 
4.6490576170e+00 1.7069097530e-06 
4.6480576170e+00 1.6991439860e-06 
4.6470576170e+00 1.6913955410e-06 
4.6460576170e+00 1.6836644500e-06 
4.6450576170e+00 1.6759520920e-06 
4.6440576170e+00 1.6682570560e-06 
4.6430576170e+00 1.6605793510e-06 
4.6420576170e+00 1.6529189850e-06 
4.6410576170e+00 1.6452759640e-06 
4.6400576170e+00 1.6376503880e-06 
4.6390576170e+00 1.6300423410e-06 
4.6380576170e+00 1.6224516730e-06 
4.6370576170e+00 1.6148783310e-06 
4.6360576170e+00 1.6073224000e-06 
4.6350576170e+00 1.5997838350e-06 
4.6340576170e+00 1.5922626340e-06 
4.6330576170e+00 1.5847588420e-06 
4.6320576170e+00 1.5772724860e-06 
4.6310576170e+00 1.5698037770e-06 
4.6300576170e+00 1.5623533240e-06 
4.6290576170e+00 1.5549205850e-06 
4.6280576170e+00 1.5475055690e-06 
4.6270576170e+00 1.5401081700e-06 
4.6260576170e+00 1.5327281860e-06 
4.6250576170e+00 1.5253656710e-06 
4.6240576170e+00 1.5180205880e-06 
4.6230576170e+00 1.5106929550e-06 
4.6220576170e+00 1.5033827680e-06 
4.6210576170e+00 1.4960900530e-06 
4.6200576170e+00 1.4888152340e-06 
4.6190576170e+00 1.4815580640e-06 
4.6180576170e+00 1.4743183860e-06 
4.6170576170e+00 1.4670964580e-06 
4.6160576170e+00 1.4598923180e-06 
4.6150576170e+00 1.4527056690e-06 
4.6140576170e+00 1.4455365850e-06 
4.6130576170e+00 1.4383850080e-06 
4.6120576170e+00 1.4312509690e-06 
4.6110576170e+00 1.4241344780e-06 
4.6100576170e+00 1.4170355420e-06 
4.6090576170e+00 1.4099540200e-06 
4.6080576170e+00 1.4028901560e-06 
4.6070576170e+00 1.3958440010e-06 
4.6060576170e+00 1.3888155740e-06 
4.6050576170e+00 1.3818054240e-06 
4.6040576170e+00 1.3748128780e-06 
4.6030576170e+00 1.3678379440e-06 
4.6020576170e+00 1.3608806340e-06 
4.6010576170e+00 1.3539409860e-06 
4.6000576170e+00 1.3470191170e-06 
4.5990576170e+00 1.3401149040e-06 
4.5980576170e+00 1.3332291050e-06 
4.5970576170e+00 1.3263611310e-06 
4.5960576170e+00 1.3195108290e-06 
4.5950576170e+00 1.3126782070e-06 
4.5940576170e+00 1.3058632790e-06 
4.5930576170e+00 1.2990660560e-06 
4.5920576170e+00 1.2922865500e-06 
4.5910576170e+00 1.2855231140e-06 
4.5900576170e+00 1.2787761850e-06 
4.5890576170e+00 1.2720470440e-06 
4.5880576170e+00 1.2653357140e-06 
4.5870576170e+00 1.2586421810e-06 
4.5860576170e+00 1.2519664790e-06 
4.5850576170e+00 1.2453089330e-06 
4.5840576170e+00 1.2386692110e-06 
4.5830576170e+00 1.2320473360e-06 
4.5820576170e+00 1.2254433530e-06 
4.5810576170e+00 1.2188572260e-06 
4.5800576170e+00 1.2122889460e-06 
4.5790576170e+00 1.2057386450e-06 
4.5780576170e+00 1.1992061980e-06 
4.5770576170e+00 1.1926917540e-06 
4.5760576170e+00 1.1861957960e-06 
4.5750576170e+00 1.1797183150e-06 
4.5740576170e+00 1.1732597460e-06 
4.5730576170e+00 1.1668190590e-06 
4.5720576170e+00 1.1603963530e-06 
4.5710576170e+00 1.1539916180e-06 
4.5700576170e+00 1.1476048820e-06 
4.5690576170e+00 1.1412366610e-06 
4.5680576170e+00 1.1348870020e-06 
4.5670576170e+00 1.1285553880e-06 
4.5660576170e+00 1.1222418090e-06 
4.5650576170e+00 1.1159462440e-06 
4.5640576170e+00 1.1096687050e-06 
4.5630576170e+00 1.1034092210e-06 
4.5620576170e+00 1.0971677900e-06 
4.5610576170e+00 1.0909444260e-06 
4.5600576170e+00 1.0847391440e-06 
4.5590576170e+00 1.0785519610e-06 
4.5580576170e+00 1.0723828940e-06 
4.5570576170e+00 1.0662319480e-06 
4.5560576170e+00 1.0600991500e-06 
4.5550576170e+00 1.0539844990e-06 
4.5540576170e+00 1.0478880360e-06 
4.5530576170e+00 1.0418097640e-06 
4.5520576170e+00 1.0357496810e-06 
4.5510576170e+00 1.0297079710e-06 
4.5500576170e+00 1.0236848080e-06 
4.5490576170e+00 1.0176800130e-06 
4.5480576170e+00 1.0116934890e-06 
4.5470576170e+00 1.0057252070e-06 
4.5460576170e+00 9.9977519400e-07 
4.5450576170e+00 9.9384384740e-07 
4.5440576170e+00 9.8793119730e-07 
4.5430576170e+00 9.8203723300e-07 
4.5420576170e+00 9.7616234980e-07 
4.5410576170e+00 9.7030587830e-07 
4.5400576170e+00 9.6446780400e-07 
4.5390576170e+00 9.5864827410e-07 
4.5380576170e+00 9.5284711120e-07 
4.5370576170e+00 9.4706431440e-07 
4.5360576170e+00 9.4129991000e-07 
4.5350576170e+00 9.3555415690e-07 
4.5340576170e+00 9.2982751760e-07 
4.5330576170e+00 9.2411929050e-07 
4.5320576170e+00 9.1842949180e-07 
4.5310576170e+00 9.1275813650e-07 
4.5300576170e+00 9.0710523820e-07 
4.5290576170e+00 9.0147081110e-07 
4.5280576170e+00 8.9585486790e-07 
4.5270576170e+00 8.9025742120e-07 
4.5260576170e+00 8.8467850280e-07 
4.5250576170e+00 8.7911811800e-07 
4.5240576170e+00 8.7357627720e-07 
4.5230576170e+00 8.6805299410e-07 
4.5220576170e+00 8.6254832420e-07 
4.5210576170e+00 8.5706228740e-07 
4.5200576170e+00 8.5159490730e-07 
4.5190576170e+00 8.4614643840e-07 
4.5180576170e+00 8.4071670330e-07 
4.5170576170e+00 8.3530651420e-07 
4.5160576170e+00 8.2991504530e-07 
4.5150576170e+00 8.2454226700e-07 
4.5140576170e+00 8.1918814520e-07 
4.5130576170e+00 8.1385269850e-07 
4.5120576170e+00 8.0853593940e-07 
4.5110576170e+00 8.0323635850e-07 
4.5100576170e+00 7.9795476020e-07 
4.5090576170e+00 7.9269192560e-07 
4.5080576170e+00 7.8744787020e-07 
4.5070576170e+00 7.8222261060e-07 
4.5060576170e+00 7.7701618700e-07 
4.5050576170e+00 7.7182858990e-07 
4.5040576170e+00 7.6665983420e-07 
4.5030576170e+00 7.6150993560e-07 
4.5020576170e+00 7.5637894440e-07 
4.5010576170e+00 7.5126680890e-07 
4.5000576170e+00 7.4617354650e-07 
4.4990576170e+00 7.4109919480e-07 
4.4980576170e+00 7.3604377930e-07 
4.4970576170e+00 7.3100734930e-07 
4.4960576170e+00 7.2598988070e-07 
4.4950576170e+00 7.2099140880e-07 
4.4940576170e+00 7.1601192600e-07 
4.4930576170e+00 7.1105144640e-07 
4.4920576170e+00 7.0611039040e-07 
4.4910576170e+00 7.0118838120e-07 
4.4900576170e+00 6.9628541820e-07 
4.4890576170e+00 6.9140151570e-07 
4.4880576170e+00 6.8653716130e-07 
4.4870576170e+00 6.8169202740e-07 
4.4860576170e+00 6.7686597400e-07 
4.4850576170e+00 6.7205906380e-07 
4.4840576170e+00 6.6727127040e-07 
4.4830576170e+00 6.6250260870e-07 
4.4820576170e+00 6.5775309230e-07 
4.4810576170e+00 6.5302273200e-07 
4.4800576170e+00 6.4831156800e-07 
4.4790576170e+00 6.4361960120e-07 
4.4780576170e+00 6.3894645380e-07 
4.4770576170e+00 6.3429252260e-07 
4.4760576170e+00 6.2965781700e-07 
4.4750576170e+00 6.2504234570e-07 
4.4740576170e+00 6.2044612010e-07 
4.4730576170e+00 6.1586915230e-07 
4.4720576170e+00 6.1131145280e-07 
4.4710576170e+00 6.0677303440e-07 
4.4700576170e+00 6.0225196220e-07 
4.4690576170e+00 5.9774993570e-07 
4.4680576170e+00 5.9326749360e-07 
4.4670576170e+00 5.8880437400e-07 
4.4660576170e+00 5.8436060390e-07 
4.4650576170e+00 5.7993619600e-07 
4.4640576170e+00 5.7553116250e-07 
4.4630576170e+00 5.7114552920e-07 
4.4620576170e+00 5.6677932820e-07 
4.4610576170e+00 5.6243253240e-07 
4.4600576170e+00 5.5810515080e-07 
4.4590576170e+00 5.5379719210e-07 
4.4580576170e+00 5.4950866490e-07 
4.4570576170e+00 5.4523958530e-07 
4.4560576170e+00 5.4099022260e-07 
4.4550576170e+00 5.3676033010e-07 
4.4540576170e+00 5.3254998030e-07 
4.4530576170e+00 5.2835913320e-07 
4.4520576170e+00 5.2418780340e-07 
4.4510576170e+00 5.2003595900e-07 
4.4500576170e+00 5.1590359720e-07 
4.4490576170e+00 5.1179078530e-07 
4.4480576170e+00 5.0769750970e-07 
4.4470576170e+00 5.0362372100e-07 
4.4460576170e+00 4.9956943520e-07 
4.4450576170e+00 4.9553500980e-07 
4.4440576170e+00 4.9152063590e-07 
4.4430576170e+00 4.8752589150e-07 
4.4420576170e+00 4.8355069410e-07 
4.4410576170e+00 4.7959510530e-07 
4.4400576170e+00 4.7565901690e-07 
4.4390576170e+00 4.7174245760e-07 
4.4380576170e+00 4.6784544590e-07 
4.4370576170e+00 4.6396802280e-07 
4.4360576170e+00 4.6011026900e-07 
4.4350576170e+00 4.5627203790e-07 
4.4340576170e+00 4.5245333150e-07 
4.4330576170e+00 4.4865415670e-07 
4.4320576170e+00 4.4487453530e-07 
4.4310576170e+00 4.4111448970e-07 
4.4300576170e+00 4.3737398100e-07 
4.4290576170e+00 4.3365301910e-07 
4.4280576170e+00 4.2995158260e-07 
4.4270576170e+00 4.2626967350e-07 
4.4260576170e+00 4.2260730680e-07 
4.4250576170e+00 4.1896445460e-07 
4.4240576170e+00 4.1534111920e-07 
4.4230576170e+00 4.1173730790e-07 
4.4220576170e+00 4.0815300490e-07 
4.4210576170e+00 4.0458827750e-07 
4.4200576170e+00 4.0104306680e-07 
4.4190576170e+00 3.9751739270e-07 
4.4180576170e+00 3.9401120940e-07 
4.4170576170e+00 3.9052451260e-07 
4.4160576170e+00 3.8705731030e-07 
4.4150576170e+00 3.8360963590e-07 
4.4140576170e+00 3.8018148240e-07 
4.4130576170e+00 3.7677296810e-07 
4.4120576170e+00 3.7338390000e-07 
4.4110576170e+00 3.7001427050e-07 
4.4100576170e+00 3.6666406990e-07 
4.4090576170e+00 3.6333328740e-07 
4.4080576170e+00 3.6002192190e-07 
4.4070576170e+00 3.5672999010e-07 
4.4060576170e+00 3.5345743630e-07 
4.4050576170e+00 3.5020424870e-07 
4.4040576170e+00 3.4697041200e-07 
4.4030576170e+00 3.4375590230e-07 
4.4020576170e+00 3.4056097630e-07 
4.4010576170e+00 3.3738535460e-07 
4.4000576170e+00 3.3422909800e-07 
4.3990576170e+00 3.3109252470e-07 
4.3980576170e+00 3.2797519710e-07 
4.3970576170e+00 3.2487709770e-07 
4.3960576170e+00 3.2179823400e-07 
4.3950576170e+00 3.1873856390e-07 
4.3940576170e+00 3.1569812320e-07 
4.3930576170e+00 3.1267683240e-07 
4.3920576170e+00 3.0967466410e-07 
4.3910576170e+00 3.0669159660e-07 
4.3900576170e+00 3.0372760710e-07 
4.3890576170e+00 3.0078270710e-07 
4.3880576170e+00 2.9785713690e-07 
4.3870576170e+00 2.9495056630e-07 
4.3860576170e+00 2.9206297080e-07 
4.3850576170e+00 2.8919432420e-07 
4.3840576170e+00 2.8634462950e-07 
4.3830576170e+00 2.8351393720e-07 
4.3820576170e+00 2.8070210730e-07 
4.3810576170e+00 2.7790880490e-07 
4.3800576170e+00 2.7513425350e-07 
4.3790576170e+00 2.7237854150e-07 
4.3780576170e+00 2.6964170290e-07 
4.3770576170e+00 2.6692363460e-07 
4.3760576170e+00 2.6422425020e-07 
4.3750576170e+00 2.6154352150e-07 
4.3740576170e+00 2.5888141640e-07 
4.3730576170e+00 2.5623789430e-07 
4.3720576170e+00 2.5361294120e-07 
4.3710576170e+00 2.5100647490e-07 
4.3700576170e+00 2.4841849880e-07 
4.3690576170e+00 2.4584879010e-07 
4.3680576170e+00 2.4329609840e-07 
4.3670576170e+00 2.4076177970e-07 
4.3660576170e+00 2.3824581780e-07 
4.3650576170e+00 2.3574835260e-07 
4.3640576170e+00 2.3326923510e-07 
4.3630576170e+00 2.3080829890e-07 
4.3620576170e+00 2.2836550430e-07 
4.3610576170e+00 2.2594080630e-07 
4.3600576170e+00 2.2353416030e-07 
4.3590576170e+00 2.2114552140e-07 
4.3580576170e+00 2.1877485350e-07 
4.3570576170e+00 2.1642211850e-07 
4.3560576170e+00 2.1408724670e-07 
4.3550576170e+00 2.1177019110e-07 
4.3540576170e+00 2.0947090270e-07 
4.3530576170e+00 2.0718936060e-07 
4.3520576170e+00 2.0492552020e-07 
4.3510576170e+00 2.0267931350e-07 
4.3500576170e+00 2.0045067170e-07 
4.3490576170e+00 1.9823953420e-07 
4.3480576170e+00 1.9604585100e-07 
4.3470576170e+00 1.9386957280e-07 
4.3460576170e+00 1.9171063600e-07 
4.3450576170e+00 1.8956899060e-07 
4.3440576170e+00 1.8744458100e-07 
4.3430576170e+00 1.8533734380e-07 
4.3420576170e+00 1.8324722060e-07 
4.3410576170e+00 1.8117415320e-07 
4.3400576170e+00 1.7911808270e-07 
4.3390576170e+00 1.7707900050e-07 
4.3380576170e+00 1.7505686800e-07 
4.3370576170e+00 1.7305153130e-07 
4.3360576170e+00 1.7106302740e-07 
4.3350576170e+00 1.6909122130e-07 
4.3340576170e+00 1.6713603380e-07 
4.3330576170e+00 1.6519740090e-07 
4.3320576170e+00 1.6327528470e-07 
4.3310576170e+00 1.6136968350e-07 
4.3300576170e+00 1.5948045690e-07 
4.3290576170e+00 1.5760751330e-07 
4.3280576170e+00 1.5575078670e-07 
4.3270576170e+00 1.5391020920e-07 
4.3260576170e+00 1.5208571220e-07 
4.3250576170e+00 1.5027732420e-07 
4.3240576170e+00 1.4848488760e-07 
4.3230576170e+00 1.4670831840e-07 
4.3220576170e+00 1.4494754560e-07 
4.3210576170e+00 1.4320249680e-07 
4.3200576170e+00 1.4147310000e-07 
4.3190576170e+00 1.3975928340e-07 
4.3180576170e+00 1.3806099480e-07 
4.3170576170e+00 1.3637814820e-07 
4.3160576170e+00 1.3471066430e-07 
4.3150576170e+00 1.3305847320e-07 
4.3140576170e+00 1.3142154660e-07 
4.3130576170e+00 1.2979975320e-07 
4.3120576170e+00 1.2819300580e-07 
4.3110576170e+00 1.2660122730e-07 
4.3100576170e+00 1.2502434930e-07 
4.3090576170e+00 1.2346229320e-07 
4.3080576170e+00 1.2191497180e-07 
4.3070576170e+00 1.2038230620e-07 
4.3060576170e+00 1.1886421710e-07 
4.3050576170e+00 1.1736062460e-07 
4.3040576170e+00 1.1587144890e-07 
4.3030576170e+00 1.1439660910e-07 
4.3020576170e+00 1.1293602530e-07 
4.3010576170e+00 1.1148961520e-07 
4.3000576170e+00 1.1005729720e-07 
4.2990576170e+00 1.0863898970e-07 
4.2980576170e+00 1.0723462040e-07 
4.2970576170e+00 1.0584411380e-07 
4.2960576170e+00 1.0446742290e-07 
4.2950576170e+00 1.0310442990e-07 
4.2940576170e+00 1.0175503750e-07 
4.2930576170e+00 1.0041917860e-07 
4.2920576170e+00 9.9096757200e-08 
4.2910576170e+00 9.7787665700e-08 
4.2900576170e+00 9.6491843560e-08 
4.2890576170e+00 9.5209245120e-08 
4.2880576170e+00 9.3939784400e-08 
4.2870576170e+00 9.2683316490e-08 
4.2860576170e+00 9.1439770510e-08 
4.2850576170e+00 9.0209340410e-08 
4.2840576170e+00 8.8991622720e-08 
4.2830576170e+00 8.7786537460e-08 
4.2820576170e+00 8.6594020100e-08 
4.2810576170e+00 8.5413964930e-08 
4.2800576170e+00 8.4246306490e-08 
4.2790576170e+00 8.3090961750e-08 
4.2780576170e+00 8.1947841190e-08 
4.2770576170e+00 8.0816837890e-08 
4.2760576170e+00 7.9697868040e-08 
4.2750576170e+00 7.8590864110e-08 
4.2740576170e+00 7.7495717420e-08 
4.2730576170e+00 7.6412342590e-08 
4.2720576170e+00 7.5341324100e-08 
4.2710576170e+00 7.4281880470e-08 
4.2700576170e+00 7.3233939900e-08 
4.2690576170e+00 7.2197404600e-08 
4.2680576170e+00 7.1172248780e-08 
4.2670576170e+00 7.0158349970e-08 
4.2660576170e+00 6.9155593160e-08 
4.2650576170e+00 6.8163889510e-08 
4.2640576170e+00 6.7183156540e-08 
4.2630576170e+00 6.6213304850e-08 
4.2620576170e+00 6.5254280260e-08 
4.2610576170e+00 6.4305977610e-08 
4.2600576170e+00 6.3368302690e-08 
4.2590576170e+00 6.2441171270e-08 
4.2580576170e+00 6.1524499310e-08 
4.2570576170e+00 6.0618202730e-08 
4.2560576170e+00 5.9722197760e-08 
4.2550576170e+00 5.8836400680e-08 
4.2540576170e+00 5.7960727300e-08 
4.2530576170e+00 5.7095093940e-08 
4.2520576170e+00 5.6239417270e-08 
4.2510576170e+00 5.5393648960e-08 
4.2500576170e+00 5.4557699040e-08 
4.2490576170e+00 5.3731451260e-08 
4.2480576170e+00 5.2914824550e-08 
4.2470576170e+00 5.2107734720e-08 
4.2460576170e+00 5.1310099960e-08 
4.2450576170e+00 5.0521839070e-08 
4.2440576170e+00 4.9742870060e-08 
4.2430576170e+00 4.8973113010e-08 
4.2420576170e+00 4.8212488980e-08 
4.2410576170e+00 4.7460913250e-08 
4.2400576170e+00 4.6718304880e-08 
4.2390576170e+00 4.5984587000e-08 
4.2380576170e+00 4.5259685240e-08 
4.2370576170e+00 4.4543515600e-08 
4.2360576170e+00 4.3835993990e-08 
4.2350576170e+00 4.3137047120e-08 
4.2340576170e+00 4.2446588580e-08 
4.2330576170e+00 4.1763592140e-08 
4.2320576170e+00 4.1089862760e-08 
4.2310576170e+00 4.0424387070e-08 
4.2300576170e+00 3.9767086660e-08 
4.2290576170e+00 3.9117913690e-08 
4.2280576170e+00 3.8476758920e-08 
4.2270576170e+00 3.7843544940e-08 
4.2260576170e+00 3.7218195350e-08 
4.2250576170e+00 3.6600634510e-08 
4.2240576170e+00 3.5990786690e-08 
4.2230576170e+00 3.5388576720e-08 
4.2220576170e+00 3.4793929520e-08 
4.2210576170e+00 3.4206770740e-08 
4.2200576170e+00 3.3627025940e-08 
4.2190576170e+00 3.3054625500e-08 
4.2180576170e+00 3.2489494140e-08 
4.2170576170e+00 3.1931558850e-08 
4.2160576170e+00 3.1380750000e-08 
4.2150576170e+00 3.0836988720e-08 
4.2140576170e+00 3.0300203870e-08 
4.2130576170e+00 2.9770324550e-08 
4.2120576170e+00 2.9247278920e-08 
4.2110576170e+00 2.8730994930e-08 
4.2100576170e+00 2.8221402370e-08 
4.2090576170e+00 2.7718430820e-08 
4.2080576170e+00 2.7222011040e-08 
4.2070576170e+00 2.6732094300e-08 
4.2060576170e+00 2.6248614210e-08 
4.2050576170e+00 2.5771474810e-08 
4.2040576170e+00 2.5300640000e-08 
4.2030576170e+00 2.4836032510e-08 
4.2020576170e+00 2.4377575740e-08 
4.2010576170e+00 2.3925183800e-08 
4.2000576170e+00 2.3478797200e-08 
4.1990576170e+00 2.3038354630e-08 
4.1980576170e+00 2.2603790580e-08 
4.1970576170e+00 2.2175027830e-08 
4.1960576170e+00 2.1751997650e-08 
4.1950576170e+00 2.1334642170e-08 
4.1940576170e+00 2.0922898400e-08 
4.1930576170e+00 2.0516696690e-08 
4.1920576170e+00 2.0115973560e-08 
4.1910576170e+00 1.9720673560e-08 
4.1900576170e+00 1.9330737730e-08 
4.1890576170e+00 1.8946092140e-08 
4.1880576170e+00 1.8566679650e-08 
4.1870576170e+00 1.8192484460e-08 
4.1860576170e+00 1.7823417340e-08 
4.1850576170e+00 1.7459383840e-08 
4.1840576170e+00 1.7100324460e-08 
4.1830576170e+00 1.6746178590e-08 
4.1820576170e+00 1.6396892400e-08 
4.1810576170e+00 1.6052398300e-08 
4.1800576170e+00 1.5712643010e-08 
4.1790576170e+00 1.5377571260e-08 
4.1780576170e+00 1.5047111470e-08 
4.1770576170e+00 1.4721201600e-08 
4.1760576170e+00 1.4399781880e-08 
4.1750576170e+00 1.4082793280e-08 
4.1740576170e+00 1.3770175940e-08 
4.1730576170e+00 1.3461428730e-08 
4.1720576170e+00 1.3157371880e-08 
4.1710576170e+00 1.2857510010e-08 
4.1700576170e+00 1.2561778370e-08 
4.1690576170e+00 1.2270117160e-08 
4.1680576170e+00 1.1982466030e-08 
4.1670576170e+00 1.1698987070e-08 
4.1660576170e+00 1.1419544480e-08 
4.1650576170e+00 1.1143920660e-08 
4.1640576170e+00 1.0872034100e-08 
4.1630576170e+00 1.0603825040e-08 
4.1620576170e+00 1.0339248840e-08 
4.1610576170e+00 1.0078223250e-08 
4.1600576170e+00 9.8206836150e-09 
4.1590576170e+00 9.5665643770e-09 
4.1580576170e+00 9.3157990940e-09 
4.1570576170e+00 9.0683195740e-09 
4.1560576170e+00 8.8240557520e-09 
4.1550576170e+00 8.5829353450e-09 
4.1540576170e+00 8.3448915660e-09 
4.1530576170e+00 8.1098543030e-09 
4.1520576170e+00 7.8777275640e-09 
4.1510576170e+00 7.6484255640e-09 
4.1500576170e+00 7.4218596020e-09 
4.1490576170e+00 7.1979440370e-09 
4.1480576170e+00 6.9765792210e-09 
4.1470576170e+00 6.7572452120e-09 
4.1460576170e+00 6.5405939830e-09 
4.1450576170e+00 6.3261304990e-09 
4.1440576170e+00 6.1137080960e-09 
4.1430576170e+00 5.9031699510e-09 
4.1420576170e+00 5.6943404870e-09 
4.1410576170e+00 5.4870199300e-09 
4.1400576170e+00 5.2809980100e-09 
4.1390576170e+00 5.0760765870e-09 
4.1380576170e+00 4.8714522790e-09 
4.1370576170e+00 4.6674397340e-09 
4.1360576170e+00 4.4632329110e-09 
4.1350576170e+00 4.2582095550e-09 
4.1340576170e+00 4.0511957710e-09 
4.1330576170e+00 3.8417261230e-09 
4.1320576170e+00 3.6276204990e-09 
4.1310576170e+00 3.4070232590e-09 
4.1300576170e+00 3.1753662970e-09 
4.1290576170e+00 2.9249673740e-09 
4.1280576170e+00 2.6379451090e-09 
4.1270576170e+00 2.2197973100e-09 
4.1260576170e+00 1.5209244960e-11 
4.1250576170e+00 1.5129620220e-11 
4.1240576170e+00 1.5050587580e-11 
4.1230576170e+00 1.4972174080e-11 
4.1220576170e+00 1.4894444370e-11 
4.1210576170e+00 1.4817302310e-11 
4.1200576170e+00 1.4740754280e-11 
4.1190576170e+00 1.4664717700e-11 
4.1180576170e+00 1.4589320320e-11 
4.1170576170e+00 1.4514505640e-11 
4.1160576170e+00 1.4440333090e-11 
4.1150576170e+00 1.4366553170e-11 
4.1140576170e+00 1.4293376630e-11 
4.1130576170e+00 1.4220721950e-11 
4.1120576170e+00 1.4148634460e-11 
4.1110576170e+00 1.4076998880e-11 
4.1100576170e+00 1.4006062980e-11 
4.1090576170e+00 1.3935563470e-11 
4.1080576170e+00 1.3865506670e-11 
4.1070576170e+00 1.3795940900e-11 
4.1060576170e+00 1.3726989650e-11 
4.1050576170e+00 1.3658464590e-11 
4.1040576170e+00 1.3590537860e-11 
4.1030576170e+00 1.3522945500e-11 
4.1020576170e+00 1.3455839460e-11 
4.1010576170e+00 1.3389305320e-11 
4.1000576170e+00 1.3323215330e-11 
4.0990576170e+00 1.3257552130e-11 
4.0980576170e+00 1.3192382220e-11 
4.0970576170e+00 1.3127593050e-11 
4.0960576170e+00 1.3063311550e-11 
4.0950576170e+00 1.2999631980e-11 
4.0940576170e+00 1.2936229730e-11 
4.0930576170e+00 1.2873213010e-11 
4.0920576170e+00 1.2810639460e-11 
4.0910576170e+00 1.2748547340e-11 
4.0900576170e+00 1.2686925060e-11 
4.0890576170e+00 1.2625665210e-11 
4.0880576170e+00 1.2564786380e-11 
4.0870576170e+00 1.2504379820e-11 
4.0860576170e+00 1.2444390570e-11 
4.0850576170e+00 1.2384732900e-11 
4.0840576170e+00 1.2325590690e-11 
4.0830576170e+00 1.2266693450e-11 
4.0820576170e+00 1.2208303700e-11 
4.0810576170e+00 1.2150211440e-11 
4.0800576170e+00 1.2092643640e-11 
4.0790576170e+00 1.2035284550e-11 
4.0780576170e+00 1.1978361820e-11 
4.0770576170e+00 1.1921779950e-11 
4.0760576170e+00 1.1865660040e-11 
4.0750576170e+00 1.1809911740e-11 
4.0740576170e+00 1.1754312820e-11 
4.0730576170e+00 1.1699297090e-11 
4.0720576170e+00 1.1644589420e-11 
4.0710576170e+00 1.1590181190e-11 
4.0700576170e+00 1.1536160490e-11 
4.0690576170e+00 1.1482391300e-11 
4.0680576170e+00 1.1429026440e-11 
4.0670576170e+00 1.1375966650e-11 
4.0660576170e+00 1.1323302930e-11 
4.0650576170e+00 1.1270977560e-11 
4.0640576170e+00 1.1218847780e-11 
4.0630576170e+00 1.1167212160e-11 
4.0620576170e+00 1.1115919710e-11 
4.0610576170e+00 1.1064902610e-11 
4.0600576170e+00 1.1014027150e-11 
4.0590576170e+00 1.0963598030e-11 
4.0580576170e+00 1.0913512180e-11 
4.0570576170e+00 1.0863695610e-11 
4.0560576170e+00 1.0814313250e-11 
4.0550576170e+00 1.0765022060e-11 
4.0540576170e+00 1.0716120570e-11 
4.0530576170e+00 1.0667450460e-11 
4.0520576170e+00 1.0619132600e-11 
4.0510576170e+00 1.0571083260e-11 
4.0500576170e+00 1.0523377800e-11 
4.0490576170e+00 1.0475909000e-11 
4.0480576170e+00 1.0428758620e-11 
4.0470576170e+00 1.0381924500e-11 
4.0460576170e+00 1.0335251130e-11 
4.0450576170e+00 1.0288908890e-11 
4.0440576170e+00 1.0242878900e-11 
4.0430576170e+00 1.0197063480e-11 
4.0420576170e+00 1.0151538950e-11 
4.0410576170e+00 1.0106261160e-11 
4.0400576170e+00 1.0061360260e-11 
4.0390576170e+00 1.0016637380e-11 
4.0380576170e+00 9.9721422570e-12 
4.0370576170e+00 9.9279802960e-12 
4.0360576170e+00 9.8840378170e-12 
4.0350576170e+00 9.8403819670e-12 
4.0340576170e+00 9.7969389070e-12 
4.0330576170e+00 9.7537367970e-12 
4.0320576170e+00 9.7107685690e-12 
4.0310576170e+00 9.6681959090e-12 
4.0300576170e+00 9.6257040520e-12 
4.0290576170e+00 9.5835386740e-12 
4.0280576170e+00 9.5415962700e-12 
4.0270576170e+00 9.4999773940e-12 
4.0260576170e+00 9.4584605570e-12 
4.0250576170e+00 9.4172090710e-12 
4.0240576170e+00 9.3762341760e-12 
4.0230576170e+00 9.3354192060e-12 
4.0220576170e+00 9.2948576100e-12 
4.0210576170e+00 9.2545935440e-12 
4.0200576170e+00 9.2145389510e-12 
4.0190576170e+00 9.1746316710e-12 
4.0180576170e+00 9.1350608100e-12 
4.0170576170e+00 9.0955681470e-12 
4.0160576170e+00 9.0564872660e-12 
4.0150576170e+00 9.0176198800e-12 
4.0140576170e+00 8.9789389280e-12 
4.0130576170e+00 8.9404491280e-12 
4.0120576170e+00 8.9021183000e-12 
4.0110576170e+00 8.8640499070e-12 
4.0100576170e+00 8.8262020440e-12 
4.0090576170e+00 8.7885706080e-12 
4.0080576170e+00 8.7511153610e-12 
4.0070576170e+00 8.7139182310e-12 
4.0060576170e+00 8.6767932150e-12 
4.0050576170e+00 8.6398099610e-12 
4.0040576170e+00 8.6030198460e-12 
4.0030576170e+00 8.5663633510e-12 
4.0020576170e+00 8.5299096380e-12 
4.0010576170e+00 8.4936898660e-12 
4.0000576170e+00 8.4576283610e-12 
3.9990576170e+00 8.4218584440e-12 
3.9980576170e+00 8.3861385250e-12 
3.9970576170e+00 8.3506121610e-12 
3.9960576170e+00 8.3153903270e-12 
3.9950576170e+00 8.2803020270e-12 
3.9940576170e+00 8.2453995430e-12 
3.9930576170e+00 8.2107174020e-12 
3.9920576170e+00 8.1762466850e-12 
3.9910576170e+00 8.1418065710e-12 
3.9900576170e+00 8.1077448400e-12 
3.9890576170e+00 8.0737115500e-12 
3.9880576170e+00 8.0399569820e-12 
3.9870576170e+00 8.0063245470e-12 
3.9860576170e+00 7.9728604620e-12 
3.9850576170e+00 7.9396057270e-12 
3.9840576170e+00 7.9065455700e-12 
3.9830576170e+00 7.8735975500e-12 
3.9820576170e+00 7.8408235460e-12 
3.9810576170e+00 7.8082110850e-12 
3.9800576170e+00 7.7758159900e-12 
3.9790576170e+00 7.7436172240e-12 
3.9780576170e+00 7.7115379780e-12 
3.9770576170e+00 7.6796687460e-12 
3.9760576170e+00 7.6479226960e-12 
3.9750576170e+00 7.6163740210e-12 
3.9740576170e+00 7.5848876430e-12 
3.9730576170e+00 7.5537067300e-12 
3.9720576170e+00 7.5225199070e-12 
3.9710576170e+00 7.4916374100e-12 
3.9700576170e+00 7.4608529310e-12 
3.9690576170e+00 7.4302577950e-12 
3.9680576170e+00 7.3998158650e-12 
3.9670576170e+00 7.3695513960e-12 
3.9660576170e+00 7.3394275490e-12 
3.9650576170e+00 7.3093645870e-12 
3.9640576170e+00 7.2795024980e-12 
3.9630576170e+00 7.2497797150e-12 
3.9620576170e+00 7.2202773250e-12 
3.9610576170e+00 7.1909200660e-12 
3.9600576170e+00 7.1615983740e-12 
3.9590576170e+00 7.1325423340e-12 
3.9580576170e+00 7.1035915850e-12 
3.9570576170e+00 7.0748077800e-12 
3.9560576170e+00 7.0461024060e-12 
3.9550576170e+00 7.0175972840e-12 
3.9540576170e+00 6.9891686000e-12 
3.9530576170e+00 6.9609499910e-12 
3.9520576170e+00 6.9328120790e-12 
3.9510576170e+00 6.9048595660e-12 
3.9500576170e+00 6.8770835090e-12 
3.9490576170e+00 6.8492926310e-12 
3.9480576170e+00 6.8217931710e-12 
3.9470576170e+00 6.7943800650e-12 
3.9460576170e+00 6.7671475520e-12 
3.9450576170e+00 6.7399743230e-12 
3.9440576170e+00 6.7130095480e-12 
3.9430576170e+00 6.6860625750e-12 
3.9420576170e+00 6.6593391750e-12 
3.9410576170e+00 6.6327230510e-12 
3.9400576170e+00 6.6062088120e-12 
3.9390576170e+00 6.5798545600e-12 
3.9380576170e+00 6.5536386140e-12 
3.9370576170e+00 6.5275643530e-12 
3.9360576170e+00 6.5016080060e-12 
3.9350576170e+00 6.4756925380e-12 
3.9340576170e+00 6.4500306140e-12 
3.9330576170e+00 6.4243762250e-12 
3.9320576170e+00 6.3989478840e-12 
3.9310576170e+00 6.3736192620e-12 
3.9300576170e+00 6.3484248590e-12 
3.9290576170e+00 6.3233183430e-12 
3.9280576170e+00 6.2982822040e-12 
3.9270576170e+00 6.2733540750e-12 
3.9260576170e+00 6.2486390500e-12 
3.9250576170e+00 6.2239871980e-12 
3.9240576170e+00 6.1995387030e-12 
3.9230576170e+00 6.1751022790e-12 
3.9220576170e+00 6.1507963850e-12 
3.9210576170e+00 6.1267131660e-12 
3.9200576170e+00 6.1026669740e-12 
3.9190576170e+00 6.0787021220e-12 
3.9180576170e+00 6.0548837220e-12 
3.9170576170e+00 6.0312333460e-12 
3.9160576170e+00 6.0075633250e-12 
3.9150576170e+00 5.9841706990e-12 
3.9140576170e+00 5.9608142590e-12 
3.9130576170e+00 5.9375629620e-12 
3.9120576170e+00 5.9143696370e-12 
3.9110576170e+00 5.8913782230e-12 
3.9100576170e+00 5.8685217040e-12 
3.9090576170e+00 5.8457063330e-12 
3.9080576170e+00 5.8229607540e-12 
3.9070576170e+00 5.8003670810e-12 
3.9060576170e+00 5.7778645660e-12 
3.9050576170e+00 5.7555039920e-12 
3.9040576170e+00 5.7332106150e-12 
3.9030576170e+00 5.7110723960e-12 
3.9020576170e+00 5.6890058180e-12 
3.9010576170e+00 5.6669432370e-12 
3.9000576170e+00 5.6450927130e-12 
3.8990576170e+00 5.6233566090e-12 
3.8980576170e+00 5.6016797070e-12 
3.8970576170e+00 5.5801823780e-12 
3.8960576170e+00 5.5587963540e-12 
3.8950576170e+00 5.5374126340e-12 
3.8940576170e+00 5.5162087820e-12 
3.8930576170e+00 5.4950112560e-12 
3.8920576170e+00 5.4739399730e-12 
3.8910576170e+00 5.4530119050e-12 
3.8900576170e+00 5.4322424790e-12 
3.8890576170e+00 5.4115782250e-12 
3.8880576170e+00 5.3908711410e-12 
3.8870576170e+00 5.3702480340e-12 
3.8860576170e+00 5.3498188040e-12 
3.8850576170e+00 5.3294377560e-12 
3.8840576170e+00 5.3091996060e-12 
3.8830576170e+00 5.2890783730e-12 
3.8820576170e+00 5.2690980680e-12 
3.8810576170e+00 5.2491373630e-12 
3.8800576170e+00 5.2291697580e-12 
3.8790576170e+00 5.2093289500e-12 
3.8780576170e+00 5.1896360590e-12 
3.8770576170e+00 5.1699614040e-12 
3.8760576170e+00 5.1505038480e-12 
3.8750576170e+00 5.1310512070e-12 
3.8740576170e+00 5.1117521730e-12 
3.8730576170e+00 5.0923584800e-12 
3.8720576170e+00 5.0732999910e-12 
3.8710576170e+00 5.0541356050e-12 
3.8700576170e+00 5.0351228740e-12 
3.8690576170e+00 5.0161266870e-12 
3.8680576170e+00 4.9973285690e-12 
3.8670576170e+00 4.9787523540e-12 
3.8660576170e+00 4.9599074380e-12 
3.8650576170e+00 4.9413515150e-12 
3.8640576170e+00 4.9228262390e-12 
3.8630576170e+00 4.9044559080e-12 
3.8620576170e+00 4.8861480150e-12 
3.8610576170e+00 4.8678083840e-12 
3.8600576170e+00 4.8496674140e-12 
3.8590576170e+00 4.8314953740e-12 
3.8580576170e+00 4.8135665250e-12 
3.8570576170e+00 4.7955548500e-12 
3.8560576170e+00 4.7776097080e-12 
3.8550576170e+00 4.7599355980e-12 
3.8540576170e+00 4.7422512000e-12 
3.8530576170e+00 4.7246910420e-12 
3.8520576170e+00 4.7070830390e-12 
3.8510576170e+00 4.6896671990e-12 
3.8500576170e+00 4.6722398970e-12 
3.8490576170e+00 4.6548287230e-12 
3.8480576170e+00 4.6377148300e-12 
3.8470576170e+00 4.6204109530e-12 
3.8460576170e+00 4.6033317100e-12 
3.8450576170e+00 4.5863167090e-12 
3.8440576170e+00 4.5693429970e-12 
3.8430576170e+00 4.5524947810e-12 
3.8420576170e+00 4.5357574480e-12 
3.8410576170e+00 4.5189666360e-12 
3.8400576170e+00 4.5023241280e-12 
3.8390576170e+00 4.4856897940e-12 
3.8380576170e+00 4.4691787370e-12 
3.8370576170e+00 4.4527362520e-12 
3.8360576170e+00 4.4363454390e-12 
3.8350576170e+00 4.4200689760e-12 
3.8340576170e+00 4.4038646890e-12 
3.8330576170e+00 4.3876810070e-12 
3.8320576170e+00 4.3715653590e-12 
3.8310576170e+00 4.3555612060e-12 
3.8300576170e+00 4.3396401610e-12 
3.8290576170e+00 4.3236825610e-12 
3.8280576170e+00 4.3079012560e-12 
3.8270576170e+00 4.2921408670e-12 
3.8260576170e+00 4.2765413520e-12 
3.8250576170e+00 4.2609477490e-12 
3.8240576170e+00 4.2453028420e-12 
3.8230576170e+00 4.2299051180e-12 
3.8220576170e+00 4.2144037010e-12 
3.8210576170e+00 4.1991077280e-12 
3.8200576170e+00 4.1837680390e-12 
3.8190576170e+00 4.1686331990e-12 
3.8180576170e+00 4.1533738450e-12 
3.8170576170e+00 4.1383202070e-12 
3.8160576170e+00 4.1233371930e-12 
3.8150576170e+00 4.1083539130e-12 
3.8140576170e+00 4.0934122320e-12 
3.8130576170e+00 4.0785906980e-12 
3.8120576170e+00 4.0638575560e-12 
3.8110576170e+00 4.0490476090e-12 
3.8100576170e+00 4.0344182440e-12 
3.8090576170e+00 4.0198383760e-12 
3.8080576170e+00 4.0053075040e-12 
3.8070576170e+00 3.9908586520e-12 
3.8060576170e+00 3.9764356490e-12 
3.8050576170e+00 3.9620454010e-12 
3.8040576170e+00 3.9478057230e-12 
3.8030576170e+00 3.9335848370e-12 
3.8020576170e+00 3.9193796220e-12 
3.8010576170e+00 3.9052063860e-12 
3.8000576170e+00 3.8911831500e-12 
3.7990576170e+00 3.8771497290e-12 
3.7980576170e+00 3.8632498370e-12 
3.7970576170e+00 3.8493861350e-12 
3.7960576170e+00 3.8355511630e-12 
3.7950576170e+00 3.8217272890e-12 
3.7940576170e+00 3.8081023310e-12 
3.7930576170e+00 3.7944898280e-12 
3.7920576170e+00 3.7808413390e-12 
3.7910576170e+00 3.7672909670e-12 
3.7900576170e+00 3.7537687550e-12 
3.7890576170e+00 3.7403609800e-12 
3.7880576170e+00 3.7269974740e-12 
3.7870576170e+00 3.7136886940e-12 
3.7860576170e+00 3.7003870320e-12 
3.7850576170e+00 3.6871777170e-12 
3.7840576170e+00 3.6740091740e-12 
3.7830576170e+00 3.6609073130e-12 
3.7820576170e+00 3.6479575740e-12 
3.7810576170e+00 3.6349130900e-12 
3.7800576170e+00 3.6219436800e-12 
3.7790576170e+00 3.6090957270e-12 
3.7780576170e+00 3.5962412070e-12 
3.7770576170e+00 3.5834569960e-12 
3.7760576170e+00 3.5707238890e-12 
3.7750576170e+00 3.5580412730e-12 
3.7740576170e+00 3.5454429950e-12 
3.7730576170e+00 3.5328645290e-12 
3.7720576170e+00 3.5203376310e-12 
3.7710576170e+00 3.5078458160e-12 
3.7700576170e+00 3.4954901860e-12 
3.7690576170e+00 3.4830334810e-12 
3.7680576170e+00 3.4707067180e-12 
3.7670576170e+00 3.4585725680e-12 
3.7660576170e+00 3.4462723930e-12 
3.7650576170e+00 3.4340872800e-12 
3.7640576170e+00 3.4220427780e-12 
3.7630576170e+00 3.4100012880e-12 
3.7620576170e+00 3.3980394550e-12 
3.7610576170e+00 3.3860684640e-12 
3.7600576170e+00 3.3741485730e-12 
3.7590576170e+00 3.3623735720e-12 
3.7580576170e+00 3.3505431070e-12 
3.7570576170e+00 3.3389745610e-12 
3.7560576170e+00 3.3271047110e-12 
3.7550576170e+00 3.3153856260e-12 
3.7540576170e+00 3.3038319600e-12 
3.7530576170e+00 3.2923221640e-12 
3.7520576170e+00 3.2808111320e-12 
3.7510576170e+00 3.2693155850e-12 
3.7500576170e+00 3.2580053380e-12 
3.7490576170e+00 3.2465432940e-12 
3.7480576170e+00 3.2352367050e-12 
3.7470576170e+00 3.2239397530e-12 
3.7460576170e+00 3.2126679290e-12 
3.7450576170e+00 3.2015192180e-12 
3.7440576170e+00 3.1903576480e-12 
3.7430576170e+00 3.1792253800e-12 
3.7420576170e+00 3.1682039330e-12 
3.7410576170e+00 3.1571773940e-12 
3.7400576170e+00 3.1461852070e-12 
3.7390576170e+00 3.1352527190e-12 
3.7380576170e+00 3.1242861410e-12 
3.7370576170e+00 3.1135252540e-12 
3.7360576170e+00 3.1026968730e-12 
3.7350576170e+00 3.0919996710e-12 
3.7340576170e+00 3.0812473740e-12 
3.7330576170e+00 3.0705677540e-12 
3.7320576170e+00 3.0598914800e-12 
3.7310576170e+00 3.0493211190e-12 
3.7300576170e+00 3.0387988230e-12 
3.7290576170e+00 3.0283039230e-12 
3.7280576170e+00 3.0177526750e-12 
3.7270576170e+00 3.0074074210e-12 
3.7260576170e+00 2.9970845780e-12 
3.7250576170e+00 2.9866506890e-12 
3.7240576170e+00 2.9764192640e-12 
3.7230576170e+00 2.9660897010e-12 
3.7220576170e+00 2.9558985330e-12 
3.7210576170e+00 2.9458079540e-12 
3.7200576170e+00 2.9356345890e-12 
3.7190576170e+00 2.9256158300e-12 
3.7180576170e+00 2.9154606470e-12 
3.7170576170e+00 2.9054827260e-12 
3.7160576170e+00 2.8955520990e-12 
3.7150576170e+00 2.8857772700e-12 
3.7140576170e+00 2.8758157130e-12 
3.7130576170e+00 2.8659249610e-12 
3.7120576170e+00 2.8561885690e-12 
3.7110576170e+00 2.8464937580e-12 
3.7100576170e+00 2.8368121290e-12 
3.7090576170e+00 2.8270925190e-12 
3.7080576170e+00 2.8175279270e-12 
3.7070576170e+00 2.8079201460e-12 
3.7060576170e+00 2.7984112140e-12 
3.7050576170e+00 2.7888461600e-12 
3.7040576170e+00 2.7793459240e-12 
3.7030576170e+00 2.7699602240e-12 
3.7020576170e+00 2.7604605660e-12 
3.7010576170e+00 2.7511341480e-12 
3.7000576170e+00 2.7417610440e-12 
3.6990576170e+00 2.7324438150e-12 
3.6980576170e+00 2.7232403230e-12 
3.6970576170e+00 2.7140473980e-12 
3.6960576170e+00 2.7049291670e-12 
3.6950576170e+00 2.6956841780e-12 
3.6940576170e+00 2.6865655220e-12 
3.6930576170e+00 2.6774616400e-12 
3.6920576170e+00 2.6684195190e-12 
3.6910576170e+00 2.6593775420e-12 
3.6900576170e+00 2.6504259690e-12 
3.6890576170e+00 2.6415165620e-12 
3.6880576170e+00 2.6325597960e-12 
3.6870576170e+00 2.6236565870e-12 
3.6860576170e+00 2.6147439760e-12 
3.6850576170e+00 2.6059274480e-12 
3.6840576170e+00 2.5971940600e-12 
3.6830576170e+00 2.5884742670e-12 
3.6820576170e+00 2.5797902150e-12 
3.6810576170e+00 2.5710176350e-12 
3.6800576170e+00 2.5623472280e-12 
3.6790576170e+00 2.5537990530e-12 
3.6780576170e+00 2.5451751110e-12 
3.6770576170e+00 2.5366865720e-12 
3.6760576170e+00 2.5280663040e-12 
3.6750576170e+00 2.5196058890e-12 
3.6740576170e+00 2.5112643960e-12 
3.6730576170e+00 2.5027043040e-12 
3.6720576170e+00 2.4943260160e-12 
3.6710576170e+00 2.4860284460e-12 
3.6700576170e+00 2.4777211630e-12 
3.6690576170e+00 2.4693337750e-12 
3.6680576170e+00 2.4611256860e-12 
3.6670576170e+00 2.4528450350e-12 
3.6660576170e+00 2.4446229940e-12 
3.6650576170e+00 2.4364963320e-12 
3.6640576170e+00 2.4283050640e-12 
3.6630576170e+00 2.4202785280e-12 
3.6620576170e+00 2.4121957530e-12 
3.6610576170e+00 2.4041340250e-12 
3.6600576170e+00 2.3961169990e-12 
3.6590576170e+00 2.3880830800e-12 
3.6580576170e+00 2.3801999320e-12 
3.6570576170e+00 2.3722111610e-12 
3.6560576170e+00 2.3642833840e-12 
3.6550576170e+00 2.3564247310e-12 
3.6540576170e+00 2.3485612680e-12 
3.6530576170e+00 2.3407195270e-12 
3.6520576170e+00 2.3329064080e-12 
3.6510576170e+00 2.3252010730e-12 
3.6500576170e+00 2.3173948740e-12 
3.6490576170e+00 2.3098007370e-12 
3.6480576170e+00 2.3020283690e-12 
3.6470576170e+00 2.2944340280e-12 
3.6460576170e+00 2.2868334670e-12 
3.6450576170e+00 2.2792329560e-12 
3.6440576170e+00 2.2716813750e-12 
3.6430576170e+00 2.2641173230e-12 
3.6420576170e+00 2.2566274860e-12 
3.6410576170e+00 2.2491345560e-12 
3.6400576170e+00 2.2417206600e-12 
3.6390576170e+00 2.2342289380e-12 
3.6380576170e+00 2.2268680550e-12 
3.6370576170e+00 2.2195425650e-12 
3.6360576170e+00 2.2122077750e-12 
3.6350576170e+00 2.2048565890e-12 
3.6340576170e+00 2.1975635780e-12 
3.6330576170e+00 2.1902802890e-12 
3.6320576170e+00 2.1831333000e-12 
3.6310576170e+00 2.1758588200e-12 
3.6300576170e+00 2.1686759530e-12 
3.6290576170e+00 2.1614880000e-12 
3.6280576170e+00 2.1543735000e-12 
3.6270576170e+00 2.1473232660e-12 
3.6260576170e+00 2.1401679600e-12 
3.6250576170e+00 2.1331199160e-12 
3.6240576170e+00 2.1262228450e-12 
3.6230576170e+00 2.1192566040e-12 
3.6220576170e+00 2.1122228630e-12 
3.6210576170e+00 2.1052805810e-12 
3.6200576170e+00 2.0983696100e-12 
3.6190576170e+00 2.0915689800e-12 
3.6180576170e+00 2.0847335350e-12 
3.6170576170e+00 2.0778807520e-12 
3.6160576170e+00 2.0711537080e-12 
3.6150576170e+00 2.0643301750e-12 
3.6140576170e+00 2.0575181420e-12 
3.6130576170e+00 2.0507903670e-12 
3.6120576170e+00 2.0441451850e-12 
3.6110576170e+00 2.0374200330e-12 
3.6100576170e+00 2.0307736540e-12 
3.6090576170e+00 2.0241976990e-12 
3.6080576170e+00 2.0174759970e-12 
3.6070576170e+00 2.0109147490e-12 
3.6060576170e+00 2.0043779880e-12 
3.6050576170e+00 1.9977932430e-12 
3.6040576170e+00 1.9912666210e-12 
3.6030576170e+00 1.9848305010e-12 
3.6020576170e+00 1.9783735620e-12 
3.6010576170e+00 1.9718976890e-12 
3.6000576170e+00 1.9654565640e-12 
3.5990576170e+00 1.9591176550e-12 
3.5980576170e+00 1.9527840530e-12 
3.5970576170e+00 1.9463707400e-12 
3.5960576170e+00 1.9401190830e-12 
3.5950576170e+00 1.9337854590e-12 
3.5940576170e+00 1.9275789440e-12 
3.5930576170e+00 1.9212777290e-12 
3.5920576170e+00 1.9150113140e-12 
3.5910576170e+00 1.9089018600e-12 
3.5900576170e+00 1.9027573680e-12 
3.5890576170e+00 1.8966385920e-12 
3.5880576170e+00 1.8905610020e-12 
3.5870576170e+00 1.8845114720e-12 
3.5860576170e+00 1.8784702610e-12 
3.5850576170e+00 1.8724371580e-12 
3.5840576170e+00 1.8664737820e-12 
3.5830576170e+00 1.8604046900e-12 
3.5820576170e+00 1.8544007370e-12 
3.5810576170e+00 1.8485181130e-12 
3.5800576170e+00 1.8425797030e-12 
3.5790576170e+00 1.8366799190e-12 
3.5780576170e+00 1.8308400680e-12 
3.5770576170e+00 1.8249527970e-12 
3.5760576170e+00 1.8190667770e-12 
3.5750576170e+00 1.8132620050e-12 
3.5740576170e+00 1.8075332650e-12 
3.5730576170e+00 1.8016771240e-12 
3.5720576170e+00 1.7958991110e-12 
3.5710576170e+00 1.7902036150e-12 
3.5700576170e+00 1.7844555050e-12 
3.5690576170e+00 1.7786848590e-12 
3.5680576170e+00 1.7730710980e-12 
3.5670576170e+00 1.7674343910e-12 
3.5660576170e+00 1.7617741150e-12 
3.5650576170e+00 1.7561759100e-12 
3.5640576170e+00 1.7506569060e-12 
3.5630576170e+00 1.7451003510e-12 
3.5620576170e+00 1.7394857780e-12 
3.5610576170e+00 1.7339211770e-12 
3.5600576170e+00 1.7284725750e-12 
3.5590576170e+00 1.7229117110e-12 
3.5580576170e+00 1.7173484050e-12 
3.5570576170e+00 1.7119311620e-12 
3.5560576170e+00 1.7065818700e-12 
3.5550576170e+00 1.7011267580e-12 
3.5540576170e+00 1.6956583550e-12 
3.5530576170e+00 1.6903408340e-12 
3.5520576170e+00 1.6849546800e-12 
3.5510576170e+00 1.6795815630e-12 
3.5500576170e+00 1.6743012740e-12 
3.5490576170e+00 1.6689135120e-12 
3.5480576170e+00 1.6636802000e-12 
3.5470576170e+00 1.6583866250e-12 
3.5460576170e+00 1.6531078010e-12 
3.5450576170e+00 1.6479083380e-12 
3.5440576170e+00 1.6427146910e-12 
3.5430576170e+00 1.6375270720e-12 
3.5420576170e+00 1.6322921590e-12 
3.5410576170e+00 1.6271260890e-12 
3.5400576170e+00 1.6220385820e-12 
3.5390576170e+00 1.6168996160e-12 
3.5380576170e+00 1.6117413600e-12 
3.5370576170e+00 1.6066003670e-12 
3.5360576170e+00 1.6015802390e-12 
3.5350576170e+00 1.5965577470e-12 
3.5340576170e+00 1.5913975500e-12 
3.5330576170e+00 1.5863784870e-12 
3.5320576170e+00 1.5813929940e-12 
3.5310576170e+00 1.5764097460e-12 
3.5300576170e+00 1.5714120350e-12 
3.5290576170e+00 1.5665337480e-12 
3.5280576170e+00 1.5615422110e-12 
3.5270576170e+00 1.5566055650e-12 
3.5260576170e+00 1.5516839180e-12 
3.5250576170e+00 1.5467858890e-12 
3.5240576170e+00 1.5419924400e-12 
3.5230576170e+00 1.5371284510e-12 
3.5220576170e+00 1.5323351490e-12 
3.5210576170e+00 1.5275266190e-12 
3.5200576170e+00 1.5228027570e-12 
3.5190576170e+00 1.5179953550e-12 
3.5180576170e+00 1.5131869030e-12 
3.5170576170e+00 1.5085301630e-12 
3.5160576170e+00 1.5037738240e-12 
3.5150576170e+00 1.4990795380e-12 
3.5140576170e+00 1.4943412030e-12 
3.5130576170e+00 1.4897177700e-12 
3.5120576170e+00 1.4851148330e-12 
3.5110576170e+00 1.4804231580e-12 
3.5100576170e+00 1.4757407070e-12 
3.5090576170e+00 1.4712370790e-12 
3.5080576170e+00 1.4665881200e-12 
3.5070576170e+00 1.4619981900e-12 
3.5060576170e+00 1.4574258840e-12 
3.5050576170e+00 1.4530370080e-12 
3.5040576170e+00 1.4483572340e-12 
3.5030576170e+00 1.4439020420e-12 
3.5020576170e+00 1.4393612700e-12 
3.5010576170e+00 1.4348980450e-12 
3.5000576170e+00 1.4304177540e-12 
3.4990576170e+00 1.4259130870e-12 
3.4980576170e+00 1.4214976710e-12 
3.4970576170e+00 1.4171176210e-12 
3.4960576170e+00 1.4126689290e-12 
3.4950576170e+00 1.4082981480e-12 
3.4940576170e+00 1.4038714680e-12 
3.4930576170e+00 1.3996033960e-12 
3.4920576170e+00 1.3952520690e-12 
3.4910576170e+00 1.3908741740e-12 
3.4900576170e+00 1.3864805420e-12 
3.4890576170e+00 1.3821922690e-12 
3.4880576170e+00 1.3779738490e-12 
3.4870576170e+00 1.3736274910e-12 
3.4860576170e+00 1.3693894220e-12 
3.4850576170e+00 1.3651071740e-12 
3.4840576170e+00 1.3608285790e-12 
3.4830576170e+00 1.3566743640e-12 
3.4820576170e+00 1.3524293990e-12 
3.4810576170e+00 1.3482571540e-12 
3.4800576170e+00 1.3441212510e-12 
3.4790576170e+00 1.3398666620e-12 
3.4780576170e+00 1.3357740630e-12 
3.4770576170e+00 1.3316464480e-12 
3.4760576170e+00 1.3275143140e-12 
3.4750576170e+00 1.3234481090e-12 
3.4740576170e+00 1.3193440290e-12 
3.4730576170e+00 1.3152947190e-12 
3.4720576170e+00 1.3112574760e-12 
3.4710576170e+00 1.3072318720e-12 
3.4700576170e+00 1.3032469410e-12 
3.4690576170e+00 1.2991961610e-12 
3.4680576170e+00 1.2952721000e-12 
3.4670576170e+00 1.2912531650e-12 
3.4660576170e+00 1.2872676030e-12 
3.4650576170e+00 1.2833724330e-12 
3.4640576170e+00 1.2794521450e-12 
3.4630576170e+00 1.2755479790e-12 
3.4620576170e+00 1.2715980410e-12 
3.4610576170e+00 1.2676324030e-12 
3.4600576170e+00 1.2638273500e-12 
3.4590576170e+00 1.2599753430e-12 
3.4580576170e+00 1.2561325380e-12 
3.4570576170e+00 1.2522959730e-12 
3.4560576170e+00 1.2484384980e-12 
3.4550576170e+00 1.2445670060e-12 
3.4540576170e+00 1.2407502170e-12 
3.4530576170e+00 1.2370301140e-12 
3.4520576170e+00 1.2332757410e-12 
3.4510576170e+00 1.2294409390e-12 
3.4500576170e+00 1.2257051220e-12 
3.4490576170e+00 1.2219730550e-12 
3.4480576170e+00 1.2182154970e-12 
3.4470576170e+00 1.2145233080e-12 
3.4460576170e+00 1.2108252650e-12 
3.4450576170e+00 1.2071199090e-12 
3.4440576170e+00 1.2034087040e-12 
3.4430576170e+00 1.1997384380e-12 
3.4420576170e+00 1.1960759020e-12 
3.4410576170e+00 1.1924394790e-12 
3.4400576170e+00 1.1888577850e-12 
3.4390576170e+00 1.1851889980e-12 
3.4380576170e+00 1.1815277400e-12 
3.4370576170e+00 1.1779682100e-12 
3.4360576170e+00 1.1744256130e-12 
3.4350576170e+00 1.1708036620e-12 
3.4340576170e+00 1.1672389550e-12 
3.4330576170e+00 1.1637231110e-12 
3.4320576170e+00 1.1601435780e-12 
3.4310576170e+00 1.1565575650e-12 
3.4300576170e+00 1.1531181750e-12 
3.4290576170e+00 1.1495816850e-12 
3.4280576170e+00 1.1461195810e-12 
3.4270576170e+00 1.1426664920e-12 
3.4260576170e+00 1.1391292670e-12 
3.4250576170e+00 1.1356754150e-12 
3.4240576170e+00 1.1322564810e-12 
3.4230576170e+00 1.1288269020e-12 
3.4220576170e+00 1.1253298700e-12 
3.4210576170e+00 1.1219270810e-12 
3.4200576170e+00 1.1185460600e-12 
3.4190576170e+00 1.1151847380e-12 
3.4180576170e+00 1.1117876100e-12 
3.4170576170e+00 1.1083297560e-12 
3.4160576170e+00 1.1049839080e-12 
3.4150576170e+00 1.1016986870e-12 
3.4140576170e+00 1.0984128980e-12 
3.4130576170e+00 1.0950532290e-12 
3.4120576170e+00 1.0917034380e-12 
3.4110576170e+00 1.0884270250e-12 
3.4100576170e+00 1.0851738750e-12 
3.4090576170e+00 1.0819225330e-12 
3.4080576170e+00 1.0786182820e-12 
3.4070576170e+00 1.0753880350e-12 
3.4060576170e+00 1.0721238310e-12 
3.4050576170e+00 1.0689044130e-12 
3.4040576170e+00 1.0657260240e-12 
3.4030576170e+00 1.0624938400e-12 
3.4020576170e+00 1.0593626320e-12 
3.4010576170e+00 1.0560907440e-12 
3.4000576170e+00 1.0529217150e-12 
3.3990576170e+00 1.0498175310e-12 
3.3980576170e+00 1.0466468190e-12 
3.3970576170e+00 1.0435077450e-12 
3.3960576170e+00 1.0403946720e-12 
3.3950576170e+00 1.0372904460e-12 
3.3940576170e+00 1.0341004810e-12 
3.3930576170e+00 1.0310074060e-12 
3.3920576170e+00 1.0279514760e-12 
3.3910576170e+00 1.0248824980e-12 
3.3900576170e+00 1.0217660110e-12 
3.3890576170e+00 1.0187171020e-12 
3.3880576170e+00 1.0156854940e-12 
3.3870576170e+00 1.0126133070e-12 
3.3860576170e+00 1.0096057780e-12 
3.3850576170e+00 1.0065553430e-12 
3.3840576170e+00 1.0036123860e-12 
3.3830576170e+00 1.0006075120e-12 
3.3820576170e+00 9.9755198810e-13 
3.3810576170e+00 9.9457038370e-13 
3.3800576170e+00 9.9156597890e-13 
3.3790576170e+00 9.8866133350e-13 
3.3780576170e+00 9.8564820970e-13 
3.3770576170e+00 9.8271584090e-13 
3.3760576170e+00 9.7978629440e-13 
3.3750576170e+00 9.7687673040e-13 
3.3740576170e+00 9.7388886630e-13 
3.3730576170e+00 9.7097466310e-13 
3.3720576170e+00 9.6804472750e-13 
3.3710576170e+00 9.6520244900e-13 
3.3700576170e+00 9.6233921890e-13 
3.3690576170e+00 9.5944250630e-13 
3.3680576170e+00 9.5657768740e-13 
3.3670576170e+00 9.5370340790e-13 
3.3660576170e+00 9.5083867580e-13 
3.3650576170e+00 9.4801711950e-13 
3.3640576170e+00 9.4513996610e-13 
3.3630576170e+00 9.4238773870e-13 
3.3620576170e+00 9.3957864510e-13 
3.3610576170e+00 9.3670976120e-13 
3.3600576170e+00 9.3397282790e-13 
3.3590576170e+00 9.3115062640e-13 
3.3580576170e+00 9.2826717720e-13 
3.3570576170e+00 9.2551066930e-13 
3.3560576170e+00 9.2282283060e-13 
3.3550576170e+00 9.2007332990e-13 
3.3540576170e+00 9.1734216390e-13 
3.3530576170e+00 9.1462744120e-13 
3.3520576170e+00 9.1188404910e-13 
3.3510576170e+00 9.0913246930e-13 
3.3500576170e+00 9.0644538910e-13 
3.3490576170e+00 9.0371503480e-13 
3.3480576170e+00 9.0104897340e-13 
3.3470576170e+00 8.9832606390e-13 
3.3460576170e+00 8.9570523780e-13 
3.3450576170e+00 8.9305165300e-13 
3.3440576170e+00 8.9036995000e-13 
3.3430576170e+00 8.8779857380e-13 
3.3420576170e+00 8.8519730780e-13 
3.3410576170e+00 8.8248218940e-13 
3.3400576170e+00 8.7981346560e-13 
3.3390576170e+00 8.7723502690e-13 
3.3380576170e+00 8.7466012230e-13 
3.3370576170e+00 8.7205449890e-13 
3.3360576170e+00 8.6957418020e-13 
3.3350576170e+00 8.6691944520e-13 
3.3340576170e+00 8.6433780060e-13 
3.3330576170e+00 8.6183927300e-13 
3.3320576170e+00 8.5936371000e-13 
3.3310576170e+00 8.5672939960e-13 
3.3300576170e+00 8.5412160620e-13 
3.3290576170e+00 8.5176256420e-13 
3.3280576170e+00 8.4920136260e-13 
3.3270576170e+00 8.4666506290e-13 
3.3260576170e+00 8.4414859340e-13 
3.3250576170e+00 8.4168348880e-13 
3.3240576170e+00 8.3916679250e-13 
3.3230576170e+00 8.3667578690e-13 
3.3220576170e+00 8.3423532780e-13 
3.3210576170e+00 8.3181826370e-13 
3.3200576170e+00 8.2932016280e-13 
3.3190576170e+00 8.2682561650e-13 
3.3180576170e+00 8.2435760110e-13 
3.3170576170e+00 8.2198608740e-13 
3.3160576170e+00 8.1950346410e-13 
3.3150576170e+00 8.1715807300e-13 
3.3140576170e+00 8.1480517150e-13 
3.3130576170e+00 8.1227704150e-13 
3.3120576170e+00 8.0996551550e-13 
3.3110576170e+00 8.0751949160e-13 
3.3100576170e+00 8.0508058170e-13 
3.3090576170e+00 8.0275844090e-13 
3.3080576170e+00 8.0048748640e-13 
3.3070576170e+00 7.9804945480e-13 
3.3060576170e+00 7.9566031360e-13 
3.3050576170e+00 7.9335515300e-13 
3.3040576170e+00 7.9098807370e-13 
3.3030576170e+00 7.8865508000e-13 
3.3020576170e+00 7.8636680440e-13 
3.3010576170e+00 7.8406142390e-13 
3.3000576170e+00 7.8172640730e-13 
3.2990576170e+00 7.7938598390e-13 
3.2980576170e+00 7.7708129470e-13 
3.2970576170e+00 7.7482632910e-13 
3.2960576170e+00 7.7252856350e-13 
3.2950576170e+00 7.7019593840e-13 
3.2940576170e+00 7.6796923710e-13 
3.2930576170e+00 7.6576491480e-13 
3.2920576170e+00 7.6340084180e-13 
3.2910576170e+00 7.6113810070e-13 
3.2900576170e+00 7.5894724220e-13 
3.2890576170e+00 7.5670524550e-13 
3.2880576170e+00 7.5447080250e-13 
3.2870576170e+00 7.5229404170e-13 
3.2860576170e+00 7.5005507530e-13 
3.2850576170e+00 7.4784058320e-13 
3.2840576170e+00 7.4566685780e-13 
3.2830576170e+00 7.4344053650e-13 
3.2820576170e+00 7.4125769830e-13 
3.2810576170e+00 7.3909766680e-13 
3.2800576170e+00 7.3689861860e-13 
3.2790576170e+00 7.3478712490e-13 
3.2780576170e+00 7.3259734400e-13 
3.2770576170e+00 7.3043037330e-13 
3.2760576170e+00 7.2829937140e-13 
3.2750576170e+00 7.2614627520e-13 
3.2740576170e+00 7.2399197200e-13 
3.2730576170e+00 7.2192460380e-13 
3.2720576170e+00 7.1973447060e-13 
3.2710576170e+00 7.1764213510e-13 
3.2700576170e+00 7.1554796920e-13 
3.2690576170e+00 7.1341458680e-13 
3.2680576170e+00 7.1128668590e-13 
3.2670576170e+00 7.0923173080e-13 
3.2660576170e+00 7.0716638490e-13 
3.2650576170e+00 7.0506182570e-13 
3.2640576170e+00 7.0303460070e-13 
3.2630576170e+00 7.0096168920e-13 
3.2620576170e+00 6.9888089630e-13 
3.2610576170e+00 6.9686302840e-13 
3.2600576170e+00 6.9478392830e-13 
3.2590576170e+00 6.9275342330e-13 
3.2580576170e+00 6.9067556680e-13 
3.2570576170e+00 6.8871327450e-13 
3.2560576170e+00 6.8671282150e-13 
3.2550576170e+00 6.8467170290e-13 
3.2540576170e+00 6.8261917140e-13 
3.2530576170e+00 6.8063634830e-13 
3.2520576170e+00 6.7868596570e-13 
3.2510576170e+00 6.7664625540e-13 
3.2500576170e+00 6.7464295560e-13 
3.2490576170e+00 6.7265538930e-13 
3.2480576170e+00 6.7069901320e-13 
3.2470576170e+00 6.6872933970e-13 
3.2460576170e+00 6.6672318550e-13 
3.2450576170e+00 6.6484471950e-13 
3.2440576170e+00 6.6287505130e-13 
3.2430576170e+00 6.6088498720e-13 
3.2420576170e+00 6.5895907310e-13 
3.2410576170e+00 6.5704332920e-13 
3.2400576170e+00 6.5504996390e-13 
3.2390576170e+00 6.5320685050e-13 
3.2380576170e+00 6.5132789050e-13 
3.2370576170e+00 6.4934166250e-13 
3.2360576170e+00 6.4743076770e-13 
3.2350576170e+00 6.4558720880e-13 
3.2340576170e+00 6.4358269640e-13 
3.2330576170e+00 6.4170398560e-13 
3.2320576170e+00 6.3987224290e-13 
3.2310576170e+00 6.3809467940e-13 
3.2300576170e+00 6.3609662940e-13 
3.2290576170e+00 6.3424299250e-13 
3.2280576170e+00 6.3244395720e-13 
3.2270576170e+00 6.3053702630e-13 
3.2260576170e+00 6.2867968550e-13 
3.2250576170e+00 6.2685042230e-13 
3.2240576170e+00 6.2499326140e-13 
3.2230576170e+00 6.2317211620e-13 
3.2220576170e+00 6.2131513770e-13 
3.2210576170e+00 6.1961845100e-13 
3.2200576170e+00 6.1769523800e-13 
3.2190576170e+00 6.1592843750e-13 
3.2180576170e+00 6.1406246840e-13 
3.2170576170e+00 6.1235428850e-13 
3.2160576170e+00 6.1050271520e-13 
3.2150576170e+00 6.0872914650e-13 
3.2140576170e+00 6.0694878360e-13 
3.2130576170e+00 6.0512194260e-13 
3.2120576170e+00 6.0338668430e-13 
3.2110576170e+00 6.0160829090e-13 
3.2100576170e+00 5.9986007490e-13 
3.2090576170e+00 5.9816898040e-13 
3.2080576170e+00 5.9628833800e-13 
3.2070576170e+00 5.9461248620e-13 
3.2060576170e+00 5.9288541560e-13 
3.2050576170e+00 5.9119043780e-13 
3.2040576170e+00 5.8940721500e-13 
3.2030576170e+00 5.8771773910e-13 
3.2020576170e+00 5.8596699000e-13 
3.2010576170e+00 5.8422239950e-13 
3.2000576170e+00 5.8257098450e-13 
3.1990576170e+00 5.8078119580e-13 
3.1980576170e+00 5.7909490020e-13 
3.1970576170e+00 5.7745633130e-13 
3.1960576170e+00 5.7579802600e-13 
3.1950576170e+00 5.7410578200e-13 
3.1940576170e+00 5.7236727690e-13 
3.1930576170e+00 5.7070908340e-13 
3.1920576170e+00 5.6908587840e-13 
3.1910576170e+00 5.6737213460e-13 
3.1900576170e+00 5.6574517910e-13 
3.1890576170e+00 5.6411666250e-13 
3.1880576170e+00 5.6243311580e-13 
3.1870576170e+00 5.6081380180e-13 
3.1860576170e+00 5.5917705460e-13 
3.1850576170e+00 5.5758261040e-13 
3.1840576170e+00 5.5585502260e-13 
3.1830576170e+00 5.5429234280e-13 
3.1820576170e+00 5.5262534410e-13 
3.1810576170e+00 5.5114978050e-13 
3.1800576170e+00 5.4938296440e-13 
3.1790576170e+00 5.4787797210e-13 
3.1780576170e+00 5.4625696660e-13 
3.1770576170e+00 5.4460537430e-13 
3.1760576170e+00 5.4301572330e-13 
3.1750576170e+00 5.4152456550e-13 
3.1740576170e+00 5.3983405940e-13 
3.1730576170e+00 5.3831703020e-13 
3.1720576170e+00 5.3680951920e-13 
3.1710576170e+00 5.3518474560e-13 
3.1700576170e+00 5.3358954230e-13 
3.1690576170e+00 5.3207654400e-13 
3.1680576170e+00 5.3055079790e-13 
3.1670576170e+00 5.2894768810e-13 
3.1660576170e+00 5.2742950020e-13 
3.1650576170e+00 5.2590879810e-13 
3.1640576170e+00 5.2436357590e-13 
3.1630576170e+00 5.2281430320e-13 
3.1620576170e+00 5.2126849950e-13 
3.1610576170e+00 5.1981681280e-13 
3.1600576170e+00 5.1833872820e-13 
3.1590576170e+00 5.1683048550e-13 
3.1580576170e+00 5.1532780050e-13 
3.1570576170e+00 5.1377574410e-13 
3.1560576170e+00 5.1237023290e-13 
3.1550576170e+00 5.1080026660e-13 
3.1540576170e+00 5.0936034600e-13 
3.1530576170e+00 5.0782492590e-13 
3.1520576170e+00 5.0630013540e-13 
3.1510576170e+00 5.0490309550e-13 
3.1500576170e+00 5.0341846660e-13 
3.1490576170e+00 5.0195590340e-13 
3.1480576170e+00 5.0047781070e-13 
3.1470576170e+00 4.9902408220e-13 
3.1460576170e+00 4.9758030670e-13 
3.1450576170e+00 4.9609259730e-13 
3.1440576170e+00 4.9469504630e-13 
3.1430576170e+00 4.9316395910e-13 
3.1420576170e+00 4.9181910930e-13 
3.1410576170e+00 4.9039732680e-13 
3.1400576170e+00 4.8892284060e-13 
3.1390576170e+00 4.8750238130e-13 
3.1380576170e+00 4.8606848590e-13 
3.1370576170e+00 4.8463561360e-13 
3.1360576170e+00 4.8330085840e-13 
3.1350576170e+00 4.8188311710e-13 
3.1340576170e+00 4.8046447420e-13 
3.1330576170e+00 4.7908461470e-13 
3.1320576170e+00 4.7767461340e-13 
3.1310576170e+00 4.7632720700e-13 
3.1300576170e+00 4.7490036750e-13 
3.1290576170e+00 4.7352317410e-13 
3.1280576170e+00 4.7216179130e-13 
3.1270576170e+00 4.7073144680e-13 
3.1260576170e+00 4.6945426530e-13 
3.1250576170e+00 4.6800909840e-13 
3.1240576170e+00 4.6663154410e-13 
3.1230576170e+00 4.6533016270e-13 
3.1220576170e+00 4.6398277210e-13 
3.1210576170e+00 4.6264158910e-13 
3.1200576170e+00 4.6132290590e-13 
3.1190576170e+00 4.5998160770e-13 
3.1180576170e+00 4.5861790410e-13 
3.1170576170e+00 4.5723137760e-13 
3.1160576170e+00 4.5590996110e-13 
3.1150576170e+00 4.5453188640e-13 
3.1140576170e+00 4.5325484370e-13 
3.1130576170e+00 4.5194472530e-13 
3.1120576170e+00 4.5067714930e-13 
3.1110576170e+00 4.4937337390e-13 
3.1100576170e+00 4.4803695840e-13 
3.1090576170e+00 4.4669462280e-13 
3.1080576170e+00 4.4552225420e-13 
3.1070576170e+00 4.4413491400e-13 
3.1060576170e+00 4.4284151150e-13 
3.1050576170e+00 4.4154845460e-13 
3.1040576170e+00 4.4034599830e-13 
3.1030576170e+00 4.3901932210e-13 
3.1020576170e+00 4.3775024440e-13 
3.1010576170e+00 4.3644351970e-13 
3.1000576170e+00 4.3523240430e-13 
3.0990576170e+00 4.3395982310e-13 
3.0980576170e+00 4.3264519670e-13 
3.0970576170e+00 4.3136728140e-13 
3.0960576170e+00 4.3016471800e-13 
3.0950576170e+00 4.2891446670e-13 
3.0940576170e+00 4.2772640310e-13 
3.0930576170e+00 4.2642926470e-13 
3.0920576170e+00 4.2525384860e-13 
3.0910576170e+00 4.2395787090e-13 
3.0900576170e+00 4.2277922990e-13 
3.0890576170e+00 4.2150133220e-13 
3.0880576170e+00 4.2028980860e-13 
3.0870576170e+00 4.1908304380e-13 
3.0860576170e+00 4.1788688670e-13 
3.0850576170e+00 4.1668191280e-13 
3.0840576170e+00 4.1546394530e-13 
3.0830576170e+00 4.1433131900e-13 
3.0820576170e+00 4.1311192770e-13 
3.0810576170e+00 4.1187346890e-13 
3.0800576170e+00 4.1068279490e-13 
3.0790576170e+00 4.0948770300e-13 
3.0780576170e+00 4.0843738770e-13 
3.0770576170e+00 4.0717754360e-13 
3.0760576170e+00 4.0597259470e-13 
3.0750576170e+00 4.0479956610e-13 
3.0740576170e+00 4.0362108720e-13 
3.0730576170e+00 4.0248292220e-13 
3.0720576170e+00 4.0127895360e-13 
3.0710576170e+00 4.0012068370e-13 
3.0700576170e+00 3.9902816370e-13 
3.0690576170e+00 3.9781007350e-13 
3.0680576170e+00 3.9673835600e-13 
3.0670576170e+00 3.9550639730e-13 
3.0660576170e+00 3.9441078660e-13 
3.0650576170e+00 3.9327670390e-13 
3.0640576170e+00 3.9208136310e-13 
3.0630576170e+00 3.9097767400e-13 
3.0620576170e+00 3.8986747100e-13 
3.0610576170e+00 3.8871274120e-13 
3.0600576170e+00 3.8757301170e-13 
3.0590576170e+00 3.8648734070e-13 
3.0580576170e+00 3.8546282990e-13 
3.0570576170e+00 3.8429186750e-13 
3.0560576170e+00 3.8318269270e-13 
3.0550576170e+00 3.8201604370e-13 
3.0540576170e+00 3.8094209510e-13 
3.0530576170e+00 3.7983782560e-13 
3.0520576170e+00 3.7873372980e-13 
3.0510576170e+00 3.7772567750e-13 
3.0500576170e+00 3.7665119760e-13 
3.0490576170e+00 3.7547041010e-13 
3.0480576170e+00 3.7435517470e-13 
3.0470576170e+00 3.7333285270e-13 
3.0460576170e+00 3.7223447270e-13 
3.0450576170e+00 3.7117887950e-13 
3.0440576170e+00 3.7008168410e-13 
3.0430576170e+00 3.6902246020e-13 
3.0420576170e+00 3.6789344630e-13 
3.0410576170e+00 3.6685734910e-13 
3.0400576170e+00 3.6579971070e-13 
3.0390576170e+00 3.6482078670e-13 
3.0380576170e+00 3.6374366850e-13 
3.0370576170e+00 3.6265273820e-13 
3.0360576170e+00 3.6161963700e-13 
3.0350576170e+00 3.6057168750e-13 
3.0340576170e+00 3.5955217060e-13 
3.0330576170e+00 3.5853471760e-13 
3.0320576170e+00 3.5747233410e-13 
3.0310576170e+00 3.5649263720e-13 
3.0300576170e+00 3.5541078140e-13 
3.0290576170e+00 3.5443458800e-13 
3.0280576170e+00 3.5344208000e-13 
3.0270576170e+00 3.5239691520e-13 
3.0260576170e+00 3.5141501460e-13 
3.0250576170e+00 3.5030904370e-13 
3.0240576170e+00 3.4939025200e-13 
3.0230576170e+00 3.4832606950e-13 
3.0220576170e+00 3.4736650870e-13 
3.0210576170e+00 3.4636849730e-13 
3.0200576170e+00 3.4535693870e-13 
3.0190576170e+00 3.4438985040e-13 
3.0180576170e+00 3.4337658300e-13 
3.0170576170e+00 3.4239671730e-13 
3.0160576170e+00 3.4142706980e-13 
3.0150576170e+00 3.4041438010e-13 
3.0140576170e+00 3.3951070240e-13 
3.0130576170e+00 3.3847960170e-13 
3.0120576170e+00 3.3754602650e-13 
3.0110576170e+00 3.3654413800e-13 
3.0100576170e+00 3.3556249540e-13 
3.0090576170e+00 3.3461049820e-13 
3.0080576170e+00 3.3364971530e-13 
3.0070576170e+00 3.3264568430e-13 
3.0060576170e+00 3.3165332650e-13 
3.0050576170e+00 3.3076518010e-13 
3.0040576170e+00 3.2980454600e-13 
3.0030576170e+00 3.2883408430e-13 
3.0020576170e+00 3.2793128640e-13 
3.0010576170e+00 3.2699945210e-13 
3.0000576170e+00 3.2605866290e-13 
2.9500576170e+00 2.8252006650e-13 
2.9000576170e+00 2.4490107410e-13 
2.8500576170e+00 2.1219291730e-13 
2.8000576170e+00 1.8394131040e-13 
2.7500576170e+00 1.5910456850e-13 
2.7000576170e+00 1.3709305460e-13 
2.6500576170e+00 1.1770124630e-13 
2.6000576170e+00 1.0053124410e-13 
2.5500576170e+00 8.5678093000e-14 
2.5000576170e+00 7.2840094930e-14 
2.4500576170e+00 6.1826711790e-14 
2.4000576170e+00 5.2252527200e-14 
2.3500576170e+00 4.4145880530e-14 
2.3000576170e+00 3.7276061930e-14 
2.2500576170e+00 3.1316231630e-14 
2.2000576170e+00 2.6379610650e-14 
2.1500576170e+00 2.2226937160e-14 
2.1000576170e+00 1.8986558930e-14 
2.0500576170e+00 1.6301822420e-14 
2.0000576170e+00 1.4189105830e-14 
1.9500576170e+00 1.2531808720e-14 
1.9000576170e+00 1.1216218350e-14 
1.8500576170e+00 1.0079472060e-14 
1.8000576170e+00 9.1667837330e-15 
1.7500576170e+00 8.3151951720e-15 
1.7000576170e+00 7.5827999890e-15 
1.6500576170e+00 6.9643167090e-15 
1.6000576170e+00 6.4048882900e-15 
1.5500576170e+00 5.8916407230e-15 
1.5000576170e+00 5.4382658670e-15 
1.4500576170e+00 4.9752906920e-15 
1.4000576170e+00 4.6185576300e-15 
1.3500576170e+00 4.2707146170e-15 
1.3000576170e+00 4.0256866770e-15 
1.2500576170e+00 3.6841134420e-15 
1.2000576170e+00 3.3762283260e-15 
1.1500576170e+00 3.1235189880e-15 
1.1000576170e+00 2.8827762020e-15 
1.0500576170e+00 2.6829486020e-15 
1.0000576170e+00 2.4855524400e-15 
9.5005761720e-01 2.2734168190e-15 
9.0005761720e-01 2.0893470770e-15 
8.5005761720e-01 1.8792091210e-15 
8.0005761720e-01 1.7387091360e-15 
7.5005761720e-01 1.6049186860e-15 
7.0005761720e-01 1.3919244720e-15 
6.5005761720e-01 1.2570951170e-15 
6.0005761720e-01 1.1632501930e-15 
5.5005761720e-01 9.7390418930e-16 
5.0005761720e-01 8.7747994070e-16 
4.5005761720e-01 7.5449262060e-16 
4.0005761720e-01 6.6176351630e-16 
3.5005761720e-01 5.5969501210e-16 
3.0005761720e-01 4.4821878120e-16 
2.5005761720e-01 3.5202698160e-16 
2.0005761720e-01 3.3451846970e-16 
1.5005761720e-01 2.2972724800e-16 
1.0005761720e-01 1.6976058660e-16 
5.0057617190e-02 1.0568178650e-16 
5.7617187500e-05 -2.4994785530e-18 
