EXPORTED XY-GRAPH DATA
4334 2 2
Drain Voltage
Drain Current
0.0000000000e+00 3.4880916670e-17 
5.0000000000e-02 1.0034778290e-16 
1.0000000000e-01 1.8766606680e-16 
1.5000000000e-01 2.4728873140e-16 
2.0000000000e-01 3.1516654120e-16 
2.5000000000e-01 2.9927656880e-16 
3.0000000000e-01 4.0138878940e-16 
3.5000000000e-01 4.9781975950e-16 
3.7500000000e-01 5.1487076680e-16 
4.0000000000e-01 5.8915117970e-16 
4.2500000000e-01 6.0304668290e-16 
4.5000000000e-01 7.7296456780e-16 
5.0000000000e-01 7.7241171720e-16 
5.5000000000e-01 8.7181155800e-16 
6.0000000000e-01 1.0034072590e-15 
6.5000000000e-01 1.1105120830e-15 
7.0000000000e-01 1.2102966070e-15 
7.5000000000e-01 1.5146002950e-15 
8.0000000000e-01 1.4987246030e-15 
8.5000000000e-01 1.7314731990e-15 
9.0000000000e-01 1.7915448290e-15 
9.5000000000e-01 1.9469750200e-15 
1.0000000000e+00 2.2273342470e-15 
1.0500000000e+00 2.4022133370e-15 
1.1000000000e+00 2.4665600590e-15 
1.1500000000e+00 2.6436588440e-15 
1.2000000000e+00 2.8393399900e-15 
1.2500000000e+00 3.1200160370e-15 
1.3000000000e+00 3.3434076670e-15 
1.3500000000e+00 3.6960050870e-15 
1.4000000000e+00 3.9246457360e-15 
1.4500000000e+00 4.1072519900e-15 
1.5000000000e+00 4.5239796780e-15 
1.5500000000e+00 4.8361881940e-15 
1.6000000000e+00 5.2010105920e-15 
1.6500000000e+00 5.5865884060e-15 
1.7000000000e+00 6.0685500450e-15 
1.7500000000e+00 6.7382795270e-15 
1.8000000000e+00 7.2008672200e-15 
1.8500000000e+00 8.0178301000e-15 
1.9000000000e+00 8.7354495900e-15 
1.9500000000e+00 9.6764138650e-15 
2.0000000000e+00 1.0854054410e-14 
2.0500000000e+00 1.2290360500e-14 
2.1000000000e+00 1.4170600090e-14 
2.1500000000e+00 1.6513666910e-14 
2.2000000000e+00 1.9391964030e-14 
2.2500000000e+00 2.2885884420e-14 
2.3000000000e+00 2.7094984000e-14 
2.3500000000e+00 3.2011425280e-14 
2.4000000000e+00 3.8023056020e-14 
2.4500000000e+00 4.5034296910e-14 
2.5000000000e+00 5.3070819730e-14 
2.5500000000e+00 6.2632462220e-14 
2.6000000000e+00 7.3488511650e-14 
2.6500000000e+00 8.6198919290e-14 
2.7000000000e+00 1.0077642300e-13 
2.7500000000e+00 1.1752580780e-13 
2.8000000000e+00 1.3620120080e-13 
2.8500000000e+00 1.5773206100e-13 
2.9000000000e+00 1.8194310130e-13 
2.9500000000e+00 2.1020727850e-13 
3.0000000000e+00 2.4234378940e-13 
3.0010000000e+00 2.4300063500e-13 
3.0020000000e+00 2.4375612930e-13 
3.0030000000e+00 2.4433914220e-13 
3.0040000000e+00 2.4502955330e-13 
3.0050000000e+00 2.4575613920e-13 
3.0060000000e+00 2.4647900630e-13 
3.0070000000e+00 2.4725642780e-13 
3.0080000000e+00 2.4783651180e-13 
3.0090000000e+00 2.4865766650e-13 
3.0100000000e+00 2.4932889510e-13 
3.0110000000e+00 2.4998054270e-13 
3.0120000000e+00 2.5075697170e-13 
3.0130000000e+00 2.5146601700e-13 
3.0140000000e+00 2.5214940920e-13 
3.0150000000e+00 2.5290092850e-13 
3.0160000000e+00 2.5362825640e-13 
3.0170000000e+00 2.5430799940e-13 
3.0180000000e+00 2.5510140140e-13 
3.0190000000e+00 2.5585745260e-13 
3.0200000000e+00 2.5653500600e-13 
3.0210000000e+00 2.5729843850e-13 
3.0220000000e+00 2.5800968990e-13 
3.0230000000e+00 2.5876881580e-13 
3.0240000000e+00 2.5947809990e-13 
3.0250000000e+00 2.6027326150e-13 
3.0260000000e+00 2.6096778330e-13 
3.0270000000e+00 2.6172082080e-13 
3.0280000000e+00 2.6250084710e-13 
3.0290000000e+00 2.6326252610e-13 
3.0300000000e+00 2.6397181240e-13 
3.0310000000e+00 2.6474818780e-13 
3.0320000000e+00 2.6544674920e-13 
3.0330000000e+00 2.6630261630e-13 
3.0340000000e+00 2.6707287850e-13 
3.0350000000e+00 2.6781267590e-13 
3.0360000000e+00 2.6851955430e-13 
3.0370000000e+00 2.6934053000e-13 
3.0380000000e+00 2.7012498100e-13 
3.0390000000e+00 2.7088648260e-13 
3.0400000000e+00 2.7169646800e-13 
3.0410000000e+00 2.7252757550e-13 
3.0420000000e+00 2.7320269080e-13 
3.0430000000e+00 2.7397061990e-13 
3.0440000000e+00 2.7480749980e-13 
3.0450000000e+00 2.7553495890e-13 
3.0460000000e+00 2.7629857630e-13 
3.0470000000e+00 2.7714096010e-13 
3.0480000000e+00 2.7789919510e-13 
3.0490000000e+00 2.7872679710e-13 
3.0500000000e+00 2.7950680110e-13 
3.0510000000e+00 2.8025424520e-13 
3.0520000000e+00 2.8113593510e-13 
3.0530000000e+00 2.8196624080e-13 
3.0540000000e+00 2.8272116640e-13 
3.0550000000e+00 2.8354566430e-13 
3.0560000000e+00 2.8436684000e-13 
3.0570000000e+00 2.8516380680e-13 
3.0580000000e+00 2.8591024730e-13 
3.0590000000e+00 2.8683257130e-13 
3.0600000000e+00 2.8758656820e-13 
3.0610000000e+00 2.8853273960e-13 
3.0620000000e+00 2.8930389960e-13 
3.0630000000e+00 2.9006783530e-13 
3.0640000000e+00 2.9090427250e-13 
3.0650000000e+00 2.9186479160e-13 
3.0660000000e+00 2.9260371950e-13 
3.0670000000e+00 2.9340344230e-13 
3.0680000000e+00 2.9435312210e-13 
3.0690000000e+00 2.9510645990e-13 
3.0700000000e+00 2.9597928230e-13 
3.0710000000e+00 2.9680011040e-13 
3.0720000000e+00 2.9769363660e-13 
3.0730000000e+00 2.9856378250e-13 
3.0740000000e+00 2.9934642600e-13 
3.0750000000e+00 3.0017774720e-13 
3.0760000000e+00 3.0106505590e-13 
3.0770000000e+00 3.0193279560e-13 
3.0780000000e+00 3.0280162150e-13 
3.0790000000e+00 3.0369113480e-13 
3.0800000000e+00 3.0453408040e-13 
3.0810000000e+00 3.0541045360e-13 
3.0820000000e+00 3.0629162710e-13 
3.0830000000e+00 3.0715358060e-13 
3.0840000000e+00 3.0800781360e-13 
3.0850000000e+00 3.0894309380e-13 
3.0860000000e+00 3.0984203830e-13 
3.0870000000e+00 3.1064950640e-13 
3.0880000000e+00 3.1156329630e-13 
3.0890000000e+00 3.1250153190e-13 
3.0900000000e+00 3.1338431220e-13 
3.0910000000e+00 3.1427482470e-13 
3.0920000000e+00 3.1515719550e-13 
3.0930000000e+00 3.1603622800e-13 
3.0940000000e+00 3.1694951770e-13 
3.0950000000e+00 3.1790291230e-13 
3.0960000000e+00 3.1883942480e-13 
3.0970000000e+00 3.1972903140e-13 
3.0980000000e+00 3.2055583100e-13 
3.0990000000e+00 3.2150481640e-13 
3.1000000000e+00 3.2245380110e-13 
3.1010000000e+00 3.2335893640e-13 
3.1020000000e+00 3.2432471810e-13 
3.1030000000e+00 3.2524979530e-13 
3.1040000000e+00 3.2620209480e-13 
3.1050000000e+00 3.2708065740e-13 
3.1060000000e+00 3.2801894980e-13 
3.1070000000e+00 3.2890982360e-13 
3.1080000000e+00 3.2992768130e-13 
3.1090000000e+00 3.3093508900e-13 
3.1100000000e+00 3.3187544370e-13 
3.1110000000e+00 3.3273460550e-13 
3.1120000000e+00 3.3365895120e-13 
3.1130000000e+00 3.3462234440e-13 
3.1140000000e+00 3.3556692910e-13 
3.1150000000e+00 3.3653781960e-13 
3.1160000000e+00 3.3759244910e-13 
3.1170000000e+00 3.3844008080e-13 
3.1180000000e+00 3.3945771630e-13 
3.1190000000e+00 3.4042938840e-13 
3.1200000000e+00 3.4138621770e-13 
3.1210000000e+00 3.4236391980e-13 
3.1220000000e+00 3.4332218310e-13 
3.1230000000e+00 3.4431364100e-13 
3.1240000000e+00 3.4529422290e-13 
3.1250000000e+00 3.4626956770e-13 
3.1260000000e+00 3.4720505910e-13 
3.1270000000e+00 3.4828611660e-13 
3.1280000000e+00 3.4933060530e-13 
3.1290000000e+00 3.5032411300e-13 
3.1300000000e+00 3.5129817820e-13 
3.1310000000e+00 3.5228183250e-13 
3.1320000000e+00 3.5323580900e-13 
3.1330000000e+00 3.5426934380e-13 
3.1340000000e+00 3.5530807830e-13 
3.1350000000e+00 3.5635242250e-13 
3.1360000000e+00 3.5735455470e-13 
3.1370000000e+00 3.5835019060e-13 
3.1380000000e+00 3.5939179780e-13 
3.1390000000e+00 3.6046619140e-13 
3.1400000000e+00 3.6154285910e-13 
3.1410000000e+00 3.6253198810e-13 
3.1420000000e+00 3.6357122060e-13 
3.1430000000e+00 3.6452876180e-13 
3.1440000000e+00 3.6574694190e-13 
3.1450000000e+00 3.6670012670e-13 
3.1460000000e+00 3.6777122870e-13 
3.1470000000e+00 3.6878764840e-13 
3.1480000000e+00 3.6978963550e-13 
3.1490000000e+00 3.7101216330e-13 
3.1500000000e+00 3.7195061260e-13 
3.1510000000e+00 3.7303649900e-13 
3.1520000000e+00 3.7414617370e-13 
3.1530000000e+00 3.7521238180e-13 
3.1540000000e+00 3.7623533170e-13 
3.1550000000e+00 3.7730399980e-13 
3.1560000000e+00 3.7850193180e-13 
3.1570000000e+00 3.7960419240e-13 
3.1580000000e+00 3.8062900080e-13 
3.1590000000e+00 3.8173858260e-13 
3.1600000000e+00 3.8278025700e-13 
3.1610000000e+00 3.8388184900e-13 
3.1620000000e+00 3.8497881910e-13 
3.1630000000e+00 3.8602102600e-13 
3.1640000000e+00 3.8715488430e-13 
3.1650000000e+00 3.8829853020e-13 
3.1660000000e+00 3.8949436230e-13 
3.1670000000e+00 3.9053393280e-13 
3.1680000000e+00 3.9170589360e-13 
3.1690000000e+00 3.9282915790e-13 
3.1700000000e+00 3.9393150440e-13 
3.1710000000e+00 3.9507893410e-13 
3.1720000000e+00 3.9625390190e-13 
3.1730000000e+00 3.9736889300e-13 
3.1740000000e+00 3.9846755970e-13 
3.1750000000e+00 3.9961381450e-13 
3.1760000000e+00 4.0084457630e-13 
3.1770000000e+00 4.0191340510e-13 
3.1780000000e+00 4.0304966180e-13 
3.1790000000e+00 4.0422828220e-13 
3.1800000000e+00 4.0547850730e-13 
3.1810000000e+00 4.0659021800e-13 
3.1820000000e+00 4.0775327250e-13 
3.1830000000e+00 4.0895409400e-13 
3.1840000000e+00 4.1013754160e-13 
3.1850000000e+00 4.1130800130e-13 
3.1860000000e+00 4.1250975220e-13 
3.1870000000e+00 4.1366969100e-13 
3.1880000000e+00 4.1487177160e-13 
3.1890000000e+00 4.1607562350e-13 
3.1900000000e+00 4.1734042750e-13 
3.1910000000e+00 4.1845291850e-13 
3.1920000000e+00 4.1968045790e-13 
3.1930000000e+00 4.2096038560e-13 
3.1940000000e+00 4.2215401460e-13 
3.1950000000e+00 4.2334697940e-13 
3.1960000000e+00 4.2459086940e-13 
3.1970000000e+00 4.2585122110e-13 
3.1980000000e+00 4.2710923660e-13 
3.1990000000e+00 4.2825776750e-13 
3.2000000000e+00 4.2946578550e-13 
3.2010000000e+00 4.3084043830e-13 
3.2020000000e+00 4.3197339360e-13 
3.2030000000e+00 4.3320260990e-13 
3.2040000000e+00 4.3453271900e-13 
3.2050000000e+00 4.3571031430e-13 
3.2060000000e+00 4.3705997210e-13 
3.2070000000e+00 4.3834212360e-13 
3.2080000000e+00 4.3953629970e-13 
3.2090000000e+00 4.4087600170e-13 
3.2100000000e+00 4.4217868540e-13 
3.2110000000e+00 4.4337271370e-13 
3.2120000000e+00 4.4468992730e-13 
3.2130000000e+00 4.4596469540e-13 
3.2140000000e+00 4.4730395690e-13 
3.2150000000e+00 4.4866634490e-13 
3.2160000000e+00 4.4993385420e-13 
3.2170000000e+00 4.5115995990e-13 
3.2180000000e+00 4.5247875350e-13 
3.2190000000e+00 4.5380000480e-13 
3.2200000000e+00 4.5513081480e-13 
3.2210000000e+00 4.5639954230e-13 
3.2220000000e+00 4.5781442560e-13 
3.2230000000e+00 4.5905109650e-13 
3.2240000000e+00 4.6048321470e-13 
3.2250000000e+00 4.6182818500e-13 
3.2260000000e+00 4.6315514150e-13 
3.2270000000e+00 4.6450188830e-13 
3.2280000000e+00 4.6591249590e-13 
3.2290000000e+00 4.6716577520e-13 
3.2300000000e+00 4.6850776940e-13 
3.2310000000e+00 4.6988730610e-13 
3.2320000000e+00 4.7127326400e-13 
3.2330000000e+00 4.7260089450e-13 
3.2340000000e+00 4.7404146690e-13 
3.2350000000e+00 4.7541221860e-13 
3.2360000000e+00 4.7678478050e-13 
3.2370000000e+00 4.7815373530e-13 
3.2380000000e+00 4.7963207920e-13 
3.2390000000e+00 4.8098859750e-13 
3.2400000000e+00 4.8238599620e-13 
3.2410000000e+00 4.8384703540e-13 
3.2420000000e+00 4.8523511010e-13 
3.2430000000e+00 4.8664422070e-13 
3.2440000000e+00 4.8805129100e-13 
3.2450000000e+00 4.8949212730e-13 
3.2460000000e+00 4.9086167810e-13 
3.2470000000e+00 4.9230782030e-13 
3.2480000000e+00 4.9381279980e-13 
3.2490000000e+00 4.9522435330e-13 
3.2500000000e+00 4.9666132490e-13 
3.2510000000e+00 4.9807195960e-13 
3.2520000000e+00 4.9955876730e-13 
3.2530000000e+00 5.0094673500e-13 
3.2540000000e+00 5.0244664550e-13 
3.2550000000e+00 5.0386210610e-13 
3.2560000000e+00 5.0539341850e-13 
3.2570000000e+00 5.0691944040e-13 
3.2580000000e+00 5.0835913170e-13 
3.2590000000e+00 5.0982193740e-13 
3.2600000000e+00 5.1131474980e-13 
3.2610000000e+00 5.1278201840e-13 
3.2620000000e+00 5.1427810510e-13 
3.2630000000e+00 5.1575634780e-13 
3.2640000000e+00 5.1728678110e-13 
3.2650000000e+00 5.1881715970e-13 
3.2660000000e+00 5.2027079430e-13 
3.2670000000e+00 5.2183191770e-13 
3.2680000000e+00 5.2328957560e-13 
3.2690000000e+00 5.2487226630e-13 
3.2700000000e+00 5.2635566790e-13 
3.2710000000e+00 5.2799814650e-13 
3.2720000000e+00 5.2946280160e-13 
3.2730000000e+00 5.3100507550e-13 
3.2740000000e+00 5.3256961810e-13 
3.2750000000e+00 5.3416037420e-13 
3.2760000000e+00 5.3573807470e-13 
3.2770000000e+00 5.3725574670e-13 
3.2780000000e+00 5.3877939190e-13 
3.2790000000e+00 5.4039506200e-13 
3.2800000000e+00 5.4202024850e-13 
3.2810000000e+00 5.4363340760e-13 
3.2820000000e+00 5.4513013700e-13 
3.2830000000e+00 5.4686509280e-13 
3.2840000000e+00 5.4834054840e-13 
3.2850000000e+00 5.5001475420e-13 
3.2860000000e+00 5.5154704990e-13 
3.2870000000e+00 5.5315716150e-13 
3.2880000000e+00 5.5486534830e-13 
3.2890000000e+00 5.5638128670e-13 
3.2900000000e+00 5.5804271160e-13 
3.2910000000e+00 5.5969485300e-13 
3.2920000000e+00 5.6134857140e-13 
3.2930000000e+00 5.6302391720e-13 
3.2940000000e+00 5.6464089440e-13 
3.2950000000e+00 5.6622999660e-13 
3.2960000000e+00 5.6791257420e-13 
3.2970000000e+00 5.6963014420e-13 
3.2980000000e+00 5.7129891020e-13 
3.2990000000e+00 5.7294080940e-13 
3.3000000000e+00 5.7464088800e-13 
3.3010000000e+00 5.7637303710e-13 
3.3020000000e+00 5.7794601830e-13 
3.3030000000e+00 5.7971312560e-13 
3.3040000000e+00 5.8141705650e-13 
3.3050000000e+00 5.8313885100e-13 
3.3060000000e+00 5.8479686270e-13 
3.3070000000e+00 5.8652438660e-13 
3.3080000000e+00 5.8832867100e-13 
3.3090000000e+00 5.8999876130e-13 
3.3100000000e+00 5.9177401690e-13 
3.3110000000e+00 5.9343095110e-13 
3.3120000000e+00 5.9521811320e-13 
3.3130000000e+00 5.9698574590e-13 
3.3140000000e+00 5.9872486510e-13 
3.3150000000e+00 6.0054804970e-13 
3.3160000000e+00 6.0223745330e-13 
3.3170000000e+00 6.0400946000e-13 
3.3180000000e+00 6.0578240280e-13 
3.3190000000e+00 6.0764108030e-13 
3.3200000000e+00 6.0941756420e-13 
3.3210000000e+00 6.1113775360e-13 
3.3220000000e+00 6.1290596730e-13 
3.3230000000e+00 6.1473213040e-13 
3.3240000000e+00 6.1659869900e-13 
3.3250000000e+00 6.1842881080e-13 
3.3260000000e+00 6.2027572580e-13 
3.3270000000e+00 6.2205693310e-13 
3.3280000000e+00 6.2389217640e-13 
3.3290000000e+00 6.2582901820e-13 
3.3300000000e+00 6.2762580060e-13 
3.3310000000e+00 6.2944355830e-13 
3.3320000000e+00 6.3135184260e-13 
3.3330000000e+00 6.3315264850e-13 
3.3340000000e+00 6.3503625100e-13 
3.3350000000e+00 6.3690078120e-13 
3.3360000000e+00 6.3887759150e-13 
3.3370000000e+00 6.4070159570e-13 
3.3380000000e+00 6.4255492350e-13 
3.3390000000e+00 6.4451025910e-13 
3.3400000000e+00 6.4634056050e-13 
3.3410000000e+00 6.4827265680e-13 
3.3420000000e+00 6.5020984430e-13 
3.3430000000e+00 6.5214481300e-13 
3.3440000000e+00 6.5403871310e-13 
3.3450000000e+00 6.5591556340e-13 
3.3460000000e+00 6.5793957430e-13 
3.3470000000e+00 6.5981186180e-13 
3.3480000000e+00 6.6178134530e-13 
3.3490000000e+00 6.6372771800e-13 
3.3500000000e+00 6.6570925240e-13 
3.3510000000e+00 6.6769461790e-13 
3.3520000000e+00 6.6966146530e-13 
3.3530000000e+00 6.7166242780e-13 
3.3540000000e+00 6.7361148110e-13 
3.3550000000e+00 6.7554664820e-13 
3.3560000000e+00 6.7765189860e-13 
3.3570000000e+00 6.7961790180e-13 
3.3580000000e+00 6.8158083730e-13 
3.3590000000e+00 6.8361986420e-13 
3.3600000000e+00 6.8560736480e-13 
3.3610000000e+00 6.8765006850e-13 
3.3620000000e+00 6.8973335410e-13 
3.3630000000e+00 6.9173983840e-13 
3.3640000000e+00 6.9376413650e-13 
3.3650000000e+00 6.9584405230e-13 
3.3660000000e+00 6.9791400130e-13 
3.3670000000e+00 7.0002431910e-13 
3.3680000000e+00 7.0209584490e-13 
3.3690000000e+00 7.0409975450e-13 
3.3700000000e+00 7.0620961410e-13 
3.3710000000e+00 7.0829780610e-13 
3.3720000000e+00 7.1039712140e-13 
3.3730000000e+00 7.1251925590e-13 
3.3740000000e+00 7.1467423410e-13 
3.3750000000e+00 7.1669482660e-13 
3.3760000000e+00 7.1879860990e-13 
3.3770000000e+00 7.2096948730e-13 
3.3780000000e+00 7.2311743680e-13 
3.3790000000e+00 7.2534083330e-13 
3.3800000000e+00 7.2741974060e-13 
3.3810000000e+00 7.2958328310e-13 
3.3820000000e+00 7.3175104680e-13 
3.3830000000e+00 7.3393222080e-13 
3.3840000000e+00 7.3604764440e-13 
3.3850000000e+00 7.3827004830e-13 
3.3860000000e+00 7.4042648590e-13 
3.3870000000e+00 7.4266190640e-13 
3.3880000000e+00 7.4492556140e-13 
3.3890000000e+00 7.4705996550e-13 
3.3900000000e+00 7.4923137480e-13 
3.3910000000e+00 7.5156427230e-13 
3.3920000000e+00 7.5372885820e-13 
3.3930000000e+00 7.5598809340e-13 
3.3940000000e+00 7.5824802270e-13 
3.3950000000e+00 7.6052287710e-13 
3.3960000000e+00 7.6274306360e-13 
3.3970000000e+00 7.6499384990e-13 
3.3980000000e+00 7.6731588560e-13 
3.3990000000e+00 7.6954228610e-13 
3.4000000000e+00 7.7183784540e-13 
3.4010000000e+00 7.7417415660e-13 
3.4020000000e+00 7.7650631280e-13 
3.4030000000e+00 7.7874429200e-13 
3.4040000000e+00 7.8112515530e-13 
3.4050000000e+00 7.8336192080e-13 
3.4060000000e+00 7.8565342720e-13 
3.4070000000e+00 7.8807027010e-13 
3.4080000000e+00 7.9040212060e-13 
3.4090000000e+00 7.9267487740e-13 
3.4100000000e+00 7.9508821470e-13 
3.4110000000e+00 7.9744141190e-13 
3.4120000000e+00 7.9978167150e-13 
3.4130000000e+00 8.0217875350e-13 
3.4140000000e+00 8.0463223920e-13 
3.4150000000e+00 8.0703915680e-13 
3.4160000000e+00 8.0935877650e-13 
3.4170000000e+00 8.1178471550e-13 
3.4180000000e+00 8.1422778730e-13 
3.4190000000e+00 8.1666731310e-13 
3.4200000000e+00 8.1912898220e-13 
3.4210000000e+00 8.2154679200e-13 
3.4220000000e+00 8.2397776190e-13 
3.4230000000e+00 8.2640580810e-13 
3.4240000000e+00 8.2892282980e-13 
3.4250000000e+00 8.3134168280e-13 
3.4260000000e+00 8.3378246370e-13 
3.4270000000e+00 8.3641936540e-13 
3.4280000000e+00 8.3889042280e-13 
3.4290000000e+00 8.4132638460e-13 
3.4300000000e+00 8.4391397550e-13 
3.4310000000e+00 8.4641696750e-13 
3.4320000000e+00 8.4890261420e-13 
3.4330000000e+00 8.5145132760e-13 
3.4340000000e+00 8.5397517430e-13 
3.4350000000e+00 8.5652657830e-13 
3.4360000000e+00 8.5908945600e-13 
3.4370000000e+00 8.6161200750e-13 
3.4380000000e+00 8.6420346840e-13 
3.4390000000e+00 8.6680055130e-13 
3.4400000000e+00 8.6938278610e-13 
3.4410000000e+00 8.7207653550e-13 
3.4420000000e+00 8.7466060960e-13 
3.4430000000e+00 8.7722920570e-13 
3.4440000000e+00 8.7991733740e-13 
3.4450000000e+00 8.8248579020e-13 
3.4460000000e+00 8.8515593390e-13 
3.4470000000e+00 8.8782229010e-13 
3.4480000000e+00 8.9039776080e-13 
3.4490000000e+00 8.9311273290e-13 
3.4500000000e+00 8.9579076550e-13 
3.4510000000e+00 8.9841947160e-13 
3.4520000000e+00 9.0124029900e-13 
3.4530000000e+00 9.0390130170e-13 
3.4540000000e+00 9.0656768620e-13 
3.4550000000e+00 9.0932071000e-13 
3.4560000000e+00 9.1203526180e-13 
3.4570000000e+00 9.1476815180e-13 
3.4580000000e+00 9.1749765660e-13 
3.4590000000e+00 9.2024027540e-13 
3.4600000000e+00 9.2297407600e-13 
3.4610000000e+00 9.2581936370e-13 
3.4620000000e+00 9.2853952020e-13 
3.4630000000e+00 9.3135943550e-13 
3.4640000000e+00 9.3420832600e-13 
3.4650000000e+00 9.3704901170e-13 
3.4660000000e+00 9.3988086480e-13 
3.4670000000e+00 9.4270095980e-13 
3.4680000000e+00 9.4553789970e-13 
3.4690000000e+00 9.4846144780e-13 
3.4700000000e+00 9.5129553470e-13 
3.4710000000e+00 9.5412412350e-13 
3.4720000000e+00 9.5701617870e-13 
3.4730000000e+00 9.5992346260e-13 
3.4740000000e+00 9.6283403560e-13 
3.4750000000e+00 9.6582983150e-13 
3.4760000000e+00 9.6869668020e-13 
3.4770000000e+00 9.7166015490e-13 
3.4780000000e+00 9.7458302970e-13 
3.4790000000e+00 9.7750415220e-13 
3.4800000000e+00 9.8053995870e-13 
3.4810000000e+00 9.8343387840e-13 
3.4820000000e+00 9.8641627530e-13 
3.4830000000e+00 9.8942164990e-13 
3.4840000000e+00 9.9240333170e-13 
3.4850000000e+00 9.9538888970e-13 
3.4860000000e+00 9.9847556210e-13 
3.4870000000e+00 1.0014840310e-12 
3.4880000000e+00 1.0045028450e-12 
3.4890000000e+00 1.0076122100e-12 
3.4900000000e+00 1.0106060540e-12 
3.4910000000e+00 1.0137123720e-12 
3.4920000000e+00 1.0167325320e-12 
3.4930000000e+00 1.0198355050e-12 
3.4940000000e+00 1.0229600920e-12 
3.4950000000e+00 1.0260187760e-12 
3.4960000000e+00 1.0291199390e-12 
3.4970000000e+00 1.0322694450e-12 
3.4980000000e+00 1.0353868770e-12 
3.4990000000e+00 1.0386195940e-12 
3.5000000000e+00 1.0417164310e-12 
3.5010000000e+00 1.0448798660e-12 
3.5020000000e+00 1.0480775100e-12 
3.5030000000e+00 1.0513000810e-12 
3.5040000000e+00 1.0545613610e-12 
3.5050000000e+00 1.0577573310e-12 
3.5060000000e+00 1.0610592450e-12 
3.5070000000e+00 1.0642427950e-12 
3.5080000000e+00 1.0675158020e-12 
3.5090000000e+00 1.0708667770e-12 
3.5100000000e+00 1.0740847630e-12 
3.5110000000e+00 1.0774479690e-12 
3.5120000000e+00 1.0806748410e-12 
3.5130000000e+00 1.0840354410e-12 
3.5140000000e+00 1.0873440870e-12 
3.5150000000e+00 1.0906951820e-12 
3.5160000000e+00 1.0940373460e-12 
3.5170000000e+00 1.0974133930e-12 
3.5180000000e+00 1.1007984670e-12 
3.5190000000e+00 1.1041668750e-12 
3.5200000000e+00 1.1075618520e-12 
3.5210000000e+00 1.1109938390e-12 
3.5220000000e+00 1.1144147940e-12 
3.5230000000e+00 1.1177967200e-12 
3.5240000000e+00 1.1212798380e-12 
3.5250000000e+00 1.1248043420e-12 
3.5260000000e+00 1.1282296660e-12 
3.5270000000e+00 1.1316813340e-12 
3.5280000000e+00 1.1351798150e-12 
3.5290000000e+00 1.1386766490e-12 
3.5300000000e+00 1.1422202920e-12 
3.5310000000e+00 1.1456847960e-12 
3.5320000000e+00 1.1492382960e-12 
3.5330000000e+00 1.1528166690e-12 
3.5340000000e+00 1.1564000820e-12 
3.5350000000e+00 1.1599198950e-12 
3.5360000000e+00 1.1634970750e-12 
3.5370000000e+00 1.1671012070e-12 
3.5380000000e+00 1.1706172040e-12 
3.5390000000e+00 1.1743284940e-12 
3.5400000000e+00 1.1779366070e-12 
3.5410000000e+00 1.1815397070e-12 
3.5420000000e+00 1.1852436880e-12 
3.5430000000e+00 1.1889228110e-12 
3.5440000000e+00 1.1926025360e-12 
3.5450000000e+00 1.1963179620e-12 
3.5460000000e+00 1.2000053740e-12 
3.5470000000e+00 1.2037032060e-12 
3.5480000000e+00 1.2074026940e-12 
3.5490000000e+00 1.2111825770e-12 
3.5500000000e+00 1.2149561750e-12 
3.5510000000e+00 1.2186265730e-12 
3.5520000000e+00 1.2224567300e-12 
3.5530000000e+00 1.2262204430e-12 
3.5540000000e+00 1.2300987960e-12 
3.5550000000e+00 1.2338551430e-12 
3.5560000000e+00 1.2377639310e-12 
3.5570000000e+00 1.2416169180e-12 
3.5580000000e+00 1.2453804760e-12 
3.5590000000e+00 1.2492580380e-12 
3.5600000000e+00 1.2531936240e-12 
3.5610000000e+00 1.2570811310e-12 
3.5620000000e+00 1.2609358030e-12 
3.5630000000e+00 1.2648783620e-12 
3.5640000000e+00 1.2688325700e-12 
3.5650000000e+00 1.2727896330e-12 
3.5660000000e+00 1.2767794290e-12 
3.5670000000e+00 1.2807562200e-12 
3.5680000000e+00 1.2847101880e-12 
3.5690000000e+00 1.2886753750e-12 
3.5700000000e+00 1.2927424290e-12 
3.5710000000e+00 1.2967860310e-12 
3.5720000000e+00 1.3007822010e-12 
3.5730000000e+00 1.3048831510e-12 
3.5740000000e+00 1.3089526990e-12 
3.5750000000e+00 1.3130468760e-12 
3.5760000000e+00 1.3171589060e-12 
3.5770000000e+00 1.3212886020e-12 
3.5780000000e+00 1.3254549670e-12 
3.5790000000e+00 1.3295721550e-12 
3.5800000000e+00 1.3337449840e-12 
3.5810000000e+00 1.3380031410e-12 
3.5820000000e+00 1.3421497020e-12 
3.5830000000e+00 1.3464290640e-12 
3.5840000000e+00 1.3506170450e-12 
3.5850000000e+00 1.3548888810e-12 
3.5860000000e+00 1.3591625460e-12 
3.5870000000e+00 1.3633999660e-12 
3.5880000000e+00 1.3677629920e-12 
3.5890000000e+00 1.3720266660e-12 
3.5900000000e+00 1.3763704600e-12 
3.5910000000e+00 1.3806898990e-12 
3.5920000000e+00 1.3851069090e-12 
3.5930000000e+00 1.3894168360e-12 
3.5940000000e+00 1.3937859370e-12 
3.5950000000e+00 1.3982217210e-12 
3.5960000000e+00 1.4025886390e-12 
3.5970000000e+00 1.4070846910e-12 
3.5980000000e+00 1.4116145800e-12 
3.5990000000e+00 1.4160241960e-12 
3.6000000000e+00 1.4204800130e-12 
3.6010000000e+00 1.4250108220e-12 
3.6020000000e+00 1.4295189050e-12 
3.6030000000e+00 1.4340911420e-12 
3.6040000000e+00 1.4387001730e-12 
3.6050000000e+00 1.4432352960e-12 
3.6060000000e+00 1.4477562430e-12 
3.6070000000e+00 1.4523837360e-12 
3.6080000000e+00 1.4569970490e-12 
3.6090000000e+00 1.4616369060e-12 
3.6100000000e+00 1.4662178700e-12 
3.6110000000e+00 1.4709120670e-12 
3.6120000000e+00 1.4756023930e-12 
3.6130000000e+00 1.4802750240e-12 
3.6140000000e+00 1.4850337070e-12 
3.6150000000e+00 1.4897629370e-12 
3.6160000000e+00 1.4945534470e-12 
3.6170000000e+00 1.4992778340e-12 
3.6180000000e+00 1.5041636410e-12 
3.6190000000e+00 1.5089627330e-12 
3.6200000000e+00 1.5137444490e-12 
3.6210000000e+00 1.5185614200e-12 
3.6220000000e+00 1.5234533290e-12 
3.6230000000e+00 1.5283872610e-12 
3.6240000000e+00 1.5333224680e-12 
3.6250000000e+00 1.5382196050e-12 
3.6260000000e+00 1.5431697330e-12 
3.6270000000e+00 1.5481550960e-12 
3.6280000000e+00 1.5530873400e-12 
3.6290000000e+00 1.5580604520e-12 
3.6300000000e+00 1.5631381320e-12 
3.6310000000e+00 1.5680578360e-12 
3.6320000000e+00 1.5731943460e-12 
3.6330000000e+00 1.5782453460e-12 
3.6340000000e+00 1.5832799670e-12 
3.6350000000e+00 1.5884206000e-12 
3.6360000000e+00 1.5935515300e-12 
3.6370000000e+00 1.5986094660e-12 
3.6380000000e+00 1.6037878520e-12 
3.6390000000e+00 1.6090363520e-12 
3.6400000000e+00 1.6142041210e-12 
3.6410000000e+00 1.6193571570e-12 
3.6420000000e+00 1.6246128390e-12 
3.6430000000e+00 1.6298635970e-12 
3.6440000000e+00 1.6351042070e-12 
3.6450000000e+00 1.6403747670e-12 
3.6460000000e+00 1.6457358700e-12 
3.6470000000e+00 1.6510745740e-12 
3.6480000000e+00 1.6563160160e-12 
3.6490000000e+00 1.6617206500e-12 
3.6500000000e+00 1.6671589730e-12 
3.6510000000e+00 1.6724613840e-12 
3.6520000000e+00 1.6779704190e-12 
3.6530000000e+00 1.6834013900e-12 
3.6540000000e+00 1.6887557560e-12 
3.6550000000e+00 1.6942150170e-12 
3.6560000000e+00 1.6998549870e-12 
3.6570000000e+00 1.7052923940e-12 
3.6580000000e+00 1.7107901970e-12 
3.6590000000e+00 1.7164524060e-12 
3.6600000000e+00 1.7220189800e-12 
3.6610000000e+00 1.7274470990e-12 
3.6620000000e+00 1.7331638870e-12 
3.6630000000e+00 1.7388696100e-12 
3.6640000000e+00 1.7444981690e-12 
3.6650000000e+00 1.7501100820e-12 
3.6660000000e+00 1.7559291810e-12 
3.6670000000e+00 1.7616791330e-12 
3.6680000000e+00 1.7673954400e-12 
3.6690000000e+00 1.7732633610e-12 
3.6700000000e+00 1.7790105340e-12 
3.6710000000e+00 1.7848594300e-12 
3.6720000000e+00 1.7906244210e-12 
3.6730000000e+00 1.7964961030e-12 
3.6740000000e+00 1.8024233710e-12 
3.6750000000e+00 1.8083263630e-12 
3.6760000000e+00 1.8142836080e-12 
3.6770000000e+00 1.8202146880e-12 
3.6780000000e+00 1.8261830950e-12 
3.6790000000e+00 1.8321795200e-12 
3.6800000000e+00 1.8381671250e-12 
3.6810000000e+00 1.8442304740e-12 
3.6820000000e+00 1.8502229390e-12 
3.6830000000e+00 1.8563696730e-12 
3.6840000000e+00 1.8625288510e-12 
3.6850000000e+00 1.8686114920e-12 
3.6860000000e+00 1.8747266210e-12 
3.6870000000e+00 1.8809838860e-12 
3.6880000000e+00 1.8871520690e-12 
3.6890000000e+00 1.8933619160e-12 
3.6900000000e+00 1.8995879400e-12 
3.6910000000e+00 1.9058907080e-12 
3.6920000000e+00 1.9121054200e-12 
3.6930000000e+00 1.9184277790e-12 
3.6940000000e+00 1.9247130370e-12 
3.6950000000e+00 1.9311849650e-12 
3.6960000000e+00 1.9376053690e-12 
3.6970000000e+00 1.9440310640e-12 
3.6980000000e+00 1.9506214540e-12 
3.6990000000e+00 1.9570458190e-12 
3.7000000000e+00 1.9636372970e-12 
3.7010000000e+00 1.9702056210e-12 
3.7020000000e+00 1.9767853120e-12 
3.7030000000e+00 1.9833764940e-12 
3.7040000000e+00 1.9900602010e-12 
3.7050000000e+00 1.9967086050e-12 
3.7060000000e+00 2.0033463450e-12 
3.7070000000e+00 2.0100910070e-12 
3.7080000000e+00 2.0167763310e-12 
3.7090000000e+00 2.0235462180e-12 
3.7100000000e+00 2.0303396760e-12 
3.7110000000e+00 2.0371654710e-12 
3.7120000000e+00 2.0439761850e-12 
3.7130000000e+00 2.0508678930e-12 
3.7140000000e+00 2.0577399140e-12 
3.7150000000e+00 2.0646574110e-12 
3.7160000000e+00 2.0715842440e-12 
3.7170000000e+00 2.0784796790e-12 
3.7180000000e+00 2.0855358670e-12 
3.7190000000e+00 2.0925886340e-12 
3.7200000000e+00 2.0995759420e-12 
3.7210000000e+00 2.1066675930e-12 
3.7220000000e+00 2.1137741870e-12 
3.7230000000e+00 2.1209445930e-12 
3.7240000000e+00 2.1280875320e-12 
3.7250000000e+00 2.1352044610e-12 
3.7260000000e+00 2.1424305080e-12 
3.7270000000e+00 2.1496750220e-12 
3.7280000000e+00 2.1569670300e-12 
3.7290000000e+00 2.1642634980e-12 
3.7300000000e+00 2.1715330910e-12 
3.7310000000e+00 2.1789550110e-12 
3.7320000000e+00 2.1862245170e-12 
3.7330000000e+00 2.1937142190e-12 
3.7340000000e+00 2.2011319080e-12 
3.7350000000e+00 2.2085586190e-12 
3.7360000000e+00 2.2160749680e-12 
3.7370000000e+00 2.2235898840e-12 
3.7380000000e+00 2.2311919190e-12 
3.7390000000e+00 2.2387743380e-12 
3.7400000000e+00 2.2463064320e-12 
3.7410000000e+00 2.2539295950e-12 
3.7420000000e+00 2.2615966200e-12 
3.7430000000e+00 2.2693181510e-12 
3.7440000000e+00 2.2770735050e-12 
3.7450000000e+00 2.2847787120e-12 
3.7460000000e+00 2.2925772570e-12 
3.7470000000e+00 2.3003519600e-12 
3.7480000000e+00 2.3082844980e-12 
3.7490000000e+00 2.3160815470e-12 
3.7500000000e+00 2.3240500770e-12 
3.7510000000e+00 2.3319933880e-12 
3.7520000000e+00 2.3398906810e-12 
3.7530000000e+00 2.3479084150e-12 
3.7540000000e+00 2.3558563080e-12 
3.7550000000e+00 2.3638914200e-12 
3.7560000000e+00 2.3720139530e-12 
3.7570000000e+00 2.3801654180e-12 
3.7580000000e+00 2.3882754220e-12 
3.7590000000e+00 2.3964565360e-12 
3.7600000000e+00 2.4047350600e-12 
3.7610000000e+00 2.4129543980e-12 
3.7620000000e+00 2.4212824660e-12 
3.7630000000e+00 2.4296172690e-12 
3.7640000000e+00 2.4379525340e-12 
3.7650000000e+00 2.4463410980e-12 
3.7660000000e+00 2.4548044650e-12 
3.7670000000e+00 2.4631901580e-12 
3.7680000000e+00 2.4717197740e-12 
3.7690000000e+00 2.4802732110e-12 
3.7700000000e+00 2.4888416880e-12 
3.7710000000e+00 2.4974107850e-12 
3.7720000000e+00 2.5060247770e-12 
3.7730000000e+00 2.5146255890e-12 
3.7740000000e+00 2.5234191580e-12 
3.7750000000e+00 2.5320625170e-12 
3.7760000000e+00 2.5408056720e-12 
3.7770000000e+00 2.5496733040e-12 
3.7780000000e+00 2.5584538460e-12 
3.7790000000e+00 2.5673826170e-12 
3.7800000000e+00 2.5762113700e-12 
3.7810000000e+00 2.5851636950e-12 
3.7820000000e+00 2.5941503920e-12 
3.7830000000e+00 2.6031670690e-12 
3.7840000000e+00 2.6121993060e-12 
3.7850000000e+00 2.6213036980e-12 
3.7860000000e+00 2.6304992420e-12 
3.7870000000e+00 2.6396012950e-12 
3.7880000000e+00 2.6486760590e-12 
3.7890000000e+00 2.6579643470e-12 
3.7900000000e+00 2.6671603740e-12 
3.7910000000e+00 2.6765268790e-12 
3.7920000000e+00 2.6858006800e-12 
3.7930000000e+00 2.6951935660e-12 
3.7940000000e+00 2.7046660530e-12 
3.7950000000e+00 2.7140658710e-12 
3.7960000000e+00 2.7234984870e-12 
3.7970000000e+00 2.7330175720e-12 
3.7980000000e+00 2.7425771670e-12 
3.7990000000e+00 2.7522798160e-12 
3.8000000000e+00 2.7618683990e-12 
3.8010000000e+00 2.7715273340e-12 
3.8020000000e+00 2.7811979220e-12 
3.8030000000e+00 2.7909933590e-12 
3.8040000000e+00 2.8007081130e-12 
3.8050000000e+00 2.8106291570e-12 
3.8060000000e+00 2.8205515820e-12 
3.8070000000e+00 2.8303646460e-12 
3.8080000000e+00 2.8402690940e-12 
3.8090000000e+00 2.8502987440e-12 
3.8100000000e+00 2.8604381240e-12 
3.8110000000e+00 2.8704031810e-12 
3.8120000000e+00 2.8805552460e-12 
3.8130000000e+00 2.8907562500e-12 
3.8140000000e+00 2.9008852500e-12 
3.8150000000e+00 2.9111369010e-12 
3.8160000000e+00 2.9214288990e-12 
3.8170000000e+00 2.9316925180e-12 
3.8180000000e+00 2.9421186530e-12 
3.8190000000e+00 2.9524593700e-12 
3.8200000000e+00 2.9629431580e-12 
3.8210000000e+00 2.9735205070e-12 
3.8220000000e+00 2.9839888820e-12 
3.8230000000e+00 2.9946011990e-12 
3.8240000000e+00 3.0052070340e-12 
3.8250000000e+00 3.0159312280e-12 
3.8260000000e+00 3.0266628640e-12 
3.8270000000e+00 3.0374675140e-12 
3.8280000000e+00 3.0482570290e-12 
3.8290000000e+00 3.0591847040e-12 
3.8300000000e+00 3.0701534080e-12 
3.8310000000e+00 3.0810513860e-12 
3.8320000000e+00 3.0920348610e-12 
3.8330000000e+00 3.1030897600e-12 
3.8340000000e+00 3.1142234740e-12 
3.8350000000e+00 3.1252785940e-12 
3.8360000000e+00 3.1364876740e-12 
3.8370000000e+00 3.1477807180e-12 
3.8380000000e+00 3.1590321970e-12 
3.8390000000e+00 3.1703636640e-12 
3.8400000000e+00 3.1817197580e-12 
3.8410000000e+00 3.1931480890e-12 
3.8420000000e+00 3.2045973820e-12 
3.8430000000e+00 3.2161045840e-12 
3.8440000000e+00 3.2276148540e-12 
3.8450000000e+00 3.2392403440e-12 
3.8460000000e+00 3.2508118600e-12 
3.8470000000e+00 3.2626130320e-12 
3.8480000000e+00 3.2742891920e-12 
3.8490000000e+00 3.2861022480e-12 
3.8500000000e+00 3.2980479150e-12 
3.8510000000e+00 3.3098504380e-12 
3.8520000000e+00 3.3217910490e-12 
3.8530000000e+00 3.3337889300e-12 
3.8540000000e+00 3.3459069360e-12 
3.8550000000e+00 3.3579886320e-12 
3.8560000000e+00 3.3701021880e-12 
3.8570000000e+00 3.3823934800e-12 
3.8580000000e+00 3.3946682490e-12 
3.8590000000e+00 3.4069323330e-12 
3.8600000000e+00 3.4192414860e-12 
3.8610000000e+00 3.4316153290e-12 
3.8620000000e+00 3.4441697400e-12 
3.8630000000e+00 3.4566758070e-12 
3.8640000000e+00 3.4692001570e-12 
3.8650000000e+00 3.4818664250e-12 
3.8660000000e+00 3.4945001960e-12 
3.8670000000e+00 3.5072869290e-12 
3.8680000000e+00 3.5200430190e-12 
3.8690000000e+00 3.5328436440e-12 
3.8700000000e+00 3.5456852320e-12 
3.8710000000e+00 3.5586841010e-12 
3.8720000000e+00 3.5717746700e-12 
3.8730000000e+00 3.5847257100e-12 
3.8740000000e+00 3.5979271600e-12 
3.8750000000e+00 3.6110916070e-12 
3.8760000000e+00 3.6243092690e-12 
3.8770000000e+00 3.6375778330e-12 
3.8780000000e+00 3.6509452640e-12 
3.8790000000e+00 3.6643261360e-12 
3.8800000000e+00 3.6778547700e-12 
3.8810000000e+00 3.6913661480e-12 
3.8820000000e+00 3.7050473990e-12 
3.8830000000e+00 3.7186952770e-12 
3.8840000000e+00 3.7324527480e-12 
3.8850000000e+00 3.7462281980e-12 
3.8860000000e+00 3.7600157660e-12 
3.8870000000e+00 3.7739793960e-12 
3.8880000000e+00 3.7879099980e-12 
3.8890000000e+00 3.8019629550e-12 
3.8900000000e+00 3.8160033240e-12 
3.8910000000e+00 3.8302102960e-12 
3.8920000000e+00 3.8444046500e-12 
3.8930000000e+00 3.8586275160e-12 
3.8940000000e+00 3.8730737510e-12 
3.8950000000e+00 3.8874480040e-12 
3.8960000000e+00 3.9019103440e-12 
3.8970000000e+00 3.9163809710e-12 
3.8980000000e+00 3.9309541770e-12 
3.8990000000e+00 3.9456378850e-12 
3.9000000000e+00 3.9602938100e-12 
3.9010000000e+00 3.9750891900e-12 
3.9020000000e+00 3.9899453050e-12 
3.9030000000e+00 4.0048366640e-12 
3.9040000000e+00 4.0198388600e-12 
3.9050000000e+00 4.0348537080e-12 
3.9060000000e+00 4.0500290150e-12 
3.9070000000e+00 4.0650680050e-12 
3.9080000000e+00 4.0803123790e-12 
3.9090000000e+00 4.0956267730e-12 
3.9100000000e+00 4.1110326840e-12 
3.9110000000e+00 4.1264116660e-12 
3.9120000000e+00 4.1418779530e-12 
3.9130000000e+00 4.1575768800e-12 
3.9140000000e+00 4.1732072300e-12 
3.9150000000e+00 4.1889636030e-12 
3.9160000000e+00 4.2046453340e-12 
3.9170000000e+00 4.2205629890e-12 
3.9180000000e+00 4.2364439800e-12 
3.9190000000e+00 4.2525178220e-12 
3.9200000000e+00 4.2685411180e-12 
3.9210000000e+00 4.2845721800e-12 
3.9220000000e+00 4.3007893380e-12 
3.9230000000e+00 4.3171319830e-12 
3.9240000000e+00 4.3334372190e-12 
3.9250000000e+00 4.3499080430e-12 
3.9260000000e+00 4.3664098930e-12 
3.9270000000e+00 4.3829915710e-12 
3.9280000000e+00 4.3996767320e-12 
3.9290000000e+00 4.4164018200e-12 
3.9300000000e+00 4.4332222300e-12 
3.9310000000e+00 4.4500343300e-12 
3.9320000000e+00 4.4670962580e-12 
3.9330000000e+00 4.4841233090e-12 
3.9340000000e+00 4.5012139390e-12 
3.9350000000e+00 4.5184361640e-12 
3.9360000000e+00 4.5356424560e-12 
3.9370000000e+00 4.5530140880e-12 
3.9380000000e+00 4.5704150670e-12 
3.9390000000e+00 4.5879696470e-12 
3.9400000000e+00 4.6055435050e-12 
3.9410000000e+00 4.6232095150e-12 
3.9420000000e+00 4.6408229100e-12 
3.9430000000e+00 4.6588444260e-12 
3.9440000000e+00 4.6766854570e-12 
3.9450000000e+00 4.6946012150e-12 
3.9460000000e+00 4.7126595580e-12 
3.9470000000e+00 4.7308838560e-12 
3.9480000000e+00 4.7490416190e-12 
3.9490000000e+00 4.7675025160e-12 
3.9500000000e+00 4.7858429450e-12 
3.9510000000e+00 4.8043078810e-12 
3.9520000000e+00 4.8229486810e-12 
3.9530000000e+00 4.8415117590e-12 
3.9540000000e+00 4.8603827540e-12 
3.9550000000e+00 4.8791466530e-12 
3.9560000000e+00 4.8980936290e-12 
3.9570000000e+00 4.9171319650e-12 
3.9580000000e+00 4.9362417950e-12 
3.9590000000e+00 4.9554258080e-12 
3.9600000000e+00 4.9746687330e-12 
3.9610000000e+00 4.9941025470e-12 
3.9620000000e+00 5.0134527610e-12 
3.9630000000e+00 5.0331042720e-12 
3.9640000000e+00 5.0527289560e-12 
3.9650000000e+00 5.0724826000e-12 
3.9660000000e+00 5.0923231950e-12 
3.9670000000e+00 5.1121452380e-12 
3.9680000000e+00 5.1322452900e-12 
3.9690000000e+00 5.1523563910e-12 
3.9700000000e+00 5.1724893800e-12 
3.9710000000e+00 5.1929378920e-12 
3.9720000000e+00 5.2132296830e-12 
3.9730000000e+00 5.2337326920e-12 
3.9740000000e+00 5.2542865090e-12 
3.9750000000e+00 5.2749842600e-12 
3.9760000000e+00 5.2958624670e-12 
3.9770000000e+00 5.3166857020e-12 
3.9780000000e+00 5.3376346130e-12 
3.9790000000e+00 5.3588196610e-12 
3.9800000000e+00 5.3799901770e-12 
3.9810000000e+00 5.4012555780e-12 
3.9820000000e+00 5.4227449110e-12 
3.9830000000e+00 5.4441476410e-12 
3.9840000000e+00 5.4656714230e-12 
3.9850000000e+00 5.4875205550e-12 
3.9860000000e+00 5.5092877170e-12 
3.9870000000e+00 5.5311857130e-12 
3.9880000000e+00 5.5532255800e-12 
3.9890000000e+00 5.5752575310e-12 
3.9900000000e+00 5.5975609960e-12 
3.9910000000e+00 5.6198834220e-12 
3.9920000000e+00 5.6424085810e-12 
3.9930000000e+00 5.6649353020e-12 
3.9940000000e+00 5.6876164410e-12 
3.9950000000e+00 5.7104116550e-12 
3.9960000000e+00 5.7332373640e-12 
3.9970000000e+00 5.7563380240e-12 
3.9980000000e+00 5.7794912970e-12 
3.9990000000e+00 5.8025734520e-12 
4.0000000000e+00 5.8260149220e-12 
4.0010000000e+00 5.8494229710e-12 
4.0020000000e+00 5.8730421830e-12 
4.0030000000e+00 5.8967478290e-12 
4.0040000000e+00 5.9205415110e-12 
4.0050000000e+00 5.9444587240e-12 
4.0060000000e+00 5.9685190700e-12 
4.0070000000e+00 5.9926876220e-12 
4.0080000000e+00 6.0170055030e-12 
4.0090000000e+00 6.0414185790e-12 
4.0100000000e+00 6.0660091150e-12 
4.0110000000e+00 6.0906338470e-12 
4.0120000000e+00 6.1154602450e-12 
4.0130000000e+00 6.1403782740e-12 
4.0140000000e+00 6.1656216520e-12 
4.0150000000e+00 6.1908250330e-12 
4.0160000000e+00 6.2162053900e-12 
4.0170000000e+00 6.2416097930e-12 
4.0180000000e+00 6.2672942690e-12 
4.0190000000e+00 6.2930891760e-12 
4.0200000000e+00 6.3189439310e-12 
4.0210000000e+00 6.3450067860e-12 
4.0220000000e+00 6.3711331640e-12 
4.0230000000e+00 6.3973278250e-12 
4.0240000000e+00 6.4238123350e-12 
4.0250000000e+00 6.4503182560e-12 
4.0260000000e+00 6.4770425060e-12 
4.0270000000e+00 6.5039069250e-12 
4.0280000000e+00 6.5308596700e-12 
4.0290000000e+00 6.5578520300e-12 
4.0300000000e+00 6.5851795040e-12 
4.0310000000e+00 6.6126026870e-12 
4.0320000000e+00 6.6400851900e-12 
4.0330000000e+00 6.6678189140e-12 
4.0340000000e+00 6.6956078970e-12 
4.0350000000e+00 6.7236269100e-12 
4.0360000000e+00 6.7517332520e-12 
4.0370000000e+00 6.7799525640e-12 
4.0380000000e+00 6.8084028060e-12 
4.0390000000e+00 6.8368637850e-12 
4.0400000000e+00 6.8655280250e-12 
4.0410000000e+00 6.8944414270e-12 
4.0420000000e+00 6.9234493690e-12 
4.0430000000e+00 6.9526453200e-12 
4.0440000000e+00 6.9819373870e-12 
4.0450000000e+00 7.0114380950e-12 
4.0460000000e+00 7.0410118380e-12 
4.0470000000e+00 7.0707746180e-12 
4.0480000000e+00 7.1008874080e-12 
4.0490000000e+00 7.1309337490e-12 
4.0500000000e+00 7.1612742960e-12 
4.0510000000e+00 7.1916890590e-12 
4.0520000000e+00 7.2223321230e-12 
4.0530000000e+00 7.2530382210e-12 
4.0540000000e+00 7.2839854580e-12 
4.0550000000e+00 7.3151405650e-12 
4.0560000000e+00 7.3463539360e-12 
4.0570000000e+00 7.3778602790e-12 
4.0580000000e+00 7.4094466980e-12 
4.0590000000e+00 7.4412129740e-12 
4.0600000000e+00 7.4732160640e-12 
4.0610000000e+00 7.5053629630e-12 
4.0620000000e+00 7.5376763750e-12 
4.0630000000e+00 7.5700946230e-12 
4.0640000000e+00 7.6027751270e-12 
4.0650000000e+00 7.6357182420e-12 
4.0660000000e+00 7.6688142490e-12 
4.0670000000e+00 7.7019055970e-12 
4.0680000000e+00 7.7352965370e-12 
4.0690000000e+00 7.7688470610e-12 
4.0700000000e+00 7.8027310890e-12 
4.0710000000e+00 7.8366818330e-12 
4.0720000000e+00 7.8708153530e-12 
4.0730000000e+00 7.9050964910e-12 
4.0740000000e+00 7.9396578040e-12 
4.0750000000e+00 7.9744089930e-12 
4.0760000000e+00 8.0093902980e-12 
4.0770000000e+00 8.0444967950e-12 
4.0780000000e+00 8.0797449130e-12 
4.0790000000e+00 8.1152438130e-12 
4.0800000000e+00 8.1509850480e-12 
4.0810000000e+00 8.1868956670e-12 
4.0820000000e+00 8.2230495310e-12 
4.0830000000e+00 8.2593688630e-12 
4.0840000000e+00 8.2958443960e-12 
4.0850000000e+00 8.3326987020e-12 
4.0860000000e+00 8.3696232050e-12 
4.0870000000e+00 8.4067410570e-12 
4.0880000000e+00 8.4441572340e-12 
4.0890000000e+00 8.4817672220e-12 
4.0900000000e+00 8.5195949560e-12 
4.0910000000e+00 8.5576470360e-12 
4.0920000000e+00 8.5959556500e-12 
4.0930000000e+00 8.6343922770e-12 
4.0940000000e+00 8.6731294340e-12 
4.0950000000e+00 8.7120519480e-12 
4.0960000000e+00 8.7513182580e-12 
4.0970000000e+00 8.7906463050e-12 
4.0980000000e+00 8.8302193820e-12 
4.0990000000e+00 8.8701015140e-12 
4.1000000000e+00 8.9104583630e-12 
4.1010000000e+00 8.9506255390e-12 
4.1020000000e+00 8.9912297300e-12 
4.1030000000e+00 9.0320849500e-12 
4.1040000000e+00 9.0731965310e-12 
4.1050000000e+00 9.1145428620e-12 
4.1060000000e+00 9.1560498910e-12 
4.1070000000e+00 9.1978945520e-12 
4.1080000000e+00 9.2399203900e-12 
4.1090000000e+00 9.2823656390e-12 
4.1100000000e+00 9.3248620000e-12 
4.1110000000e+00 9.3677299090e-12 
4.1120000000e+00 9.4109093210e-12 
4.1130000000e+00 9.4542833660e-12 
4.1140000000e+00 9.4978481740e-12 
4.1150000000e+00 9.5417730200e-12 
4.1160000000e+00 9.5859343540e-12 
4.1170000000e+00 9.6304765930e-12 
4.1180000000e+00 9.6751791720e-12 
4.1190000000e+00 9.7202871010e-12 
4.1200000000e+00 9.7654595650e-12 
4.1210000000e+00 9.8110105760e-12 
4.1220000000e+00 9.8569080570e-12 
4.1230000000e+00 9.9030900540e-12 
4.1240000000e+00 9.9495594360e-12 
4.1250000000e+00 9.9962538410e-12 
4.1260000000e+00 1.0043310190e-11 
4.1270000000e+00 1.0090614030e-11 
4.1280000000e+00 1.0138183890e-11 
4.1290000000e+00 1.0185916710e-11 
4.1300000000e+00 1.0233933490e-11 
4.1310000000e+00 1.0282242860e-11 
4.1320000000e+00 1.0330966250e-11 
4.1330000000e+00 1.0379794190e-11 
4.1340000000e+00 1.0429195910e-11 
4.1350000000e+00 1.0478747510e-11 
4.1360000000e+00 1.0528830100e-11 
4.1370000000e+00 1.0579085960e-11 
4.1380000000e+00 1.0629771640e-11 
4.1390000000e+00 1.0680681460e-11 
4.1400000000e+00 1.0731986960e-11 
4.1410000000e+00 1.0783757330e-11 
4.1420000000e+00 1.0835639840e-11 
4.1430000000e+00 1.0888054200e-11 
4.1440000000e+00 1.0940769350e-11 
4.1450000000e+00 1.0993718990e-11 
4.1460000000e+00 1.1047185710e-11 
4.1470000000e+00 1.1100970720e-11 
4.1480000000e+00 1.1155073430e-11 
4.1490000000e+00 1.1209507650e-11 
4.1500000000e+00 1.1264480040e-11 
4.1510000000e+00 1.1319682600e-11 
4.1520000000e+00 1.1375299240e-11 
4.1530000000e+00 1.1431356500e-11 
4.1540000000e+00 1.1487691450e-11 
4.1550000000e+00 1.1544496730e-11 
4.1560000000e+00 1.1601684500e-11 
4.1570000000e+00 1.1659268230e-11 
4.1580000000e+00 1.1717416660e-11 
4.1590000000e+00 1.1775810060e-11 
4.1600000000e+00 1.1834696160e-11 
4.1610000000e+00 1.1893986800e-11 
4.1620000000e+00 1.1953607290e-11 
4.1630000000e+00 1.2013708900e-11 
4.1640000000e+00 1.2074218370e-11 
4.1650000000e+00 1.2135257240e-11 
4.1660000000e+00 1.2196674890e-11 
4.1670000000e+00 1.2258594310e-11 
4.1680000000e+00 1.2320878320e-11 
4.1690000000e+00 1.2383654590e-11 
4.1700000000e+00 1.2446871760e-11 
4.1710000000e+00 1.2510565710e-11 
4.1720000000e+00 1.2574882810e-11 
4.1730000000e+00 1.2639478590e-11 
4.1740000000e+00 1.2704696600e-11 
4.1750000000e+00 1.2770238670e-11 
4.1760000000e+00 1.2836341700e-11 
4.1770000000e+00 1.2903086930e-11 
4.1780000000e+00 1.2970123830e-11 
4.1790000000e+00 1.3037847920e-11 
4.1800000000e+00 1.3105962600e-11 
4.1810000000e+00 1.3174770900e-11 
4.1820000000e+00 1.3243925500e-11 
4.1830000000e+00 1.3313684680e-11 
4.1840000000e+00 1.3384026400e-11 
4.1850000000e+00 1.3454838790e-11 
4.1860000000e+00 1.3526272560e-11 
4.1870000000e+00 1.3598339670e-11 
4.1880000000e+00 1.3670806500e-11 
4.1890000000e+00 1.3744003130e-11 
4.1900000000e+00 1.3817770040e-11 
4.1910000000e+00 1.3892104580e-11 
4.1920000000e+00 1.3966963550e-11 
4.1930000000e+00 1.4042543100e-11 
4.1940000000e+00 1.4118652220e-11 
4.1950000000e+00 1.4195533390e-11 
4.1960000000e+00 1.4272974010e-11 
4.1970000000e+00 1.4350971800e-11 
4.1980000000e+00 1.4429808740e-11 
4.1990000000e+00 1.4509149380e-11 
4.2000000000e+00 1.4589161630e-11 
4.2010000000e+00 1.4669941320e-11 
4.2020000000e+00 1.4751372640e-11 
4.2030000000e+00 1.4833528750e-11 
4.2040000000e+00 1.4916362180e-11 
4.2050000000e+00 1.4999959770e-11 
4.2060000000e+00 1.5084165630e-11 
4.2070000000e+00 1.5169164110e-11 
4.2080000000e+00 1.5255096100e-11 
4.2090000000e+00 1.5341381180e-11 
4.2100000000e+00 1.5428700370e-11 
4.2110000000e+00 1.5516784800e-11 
4.2120000000e+00 1.5605592370e-11 
4.2130000000e+00 1.5695414090e-11 
4.2140000000e+00 1.5785912900e-11 
4.2150000000e+00 1.5877405270e-11 
4.2160000000e+00 1.5969522350e-11 
4.2170000000e+00 1.6062508210e-11 
4.2180000000e+00 1.6156484210e-11 
4.2190000000e+00 1.6251311530e-11 
4.2200000000e+00 1.6347118460e-11 
4.2210000000e+00 1.6443701730e-11 
4.2220000000e+00 1.6541274350e-11 
4.2230000000e+00 1.6639828760e-11 
4.2240000000e+00 1.6739273760e-11 
4.2250000000e+00 1.6839741650e-11 
4.2260000000e+00 1.6941233760e-11 
4.2270000000e+00 1.7043644220e-11 
4.2280000000e+00 1.7147152890e-11 
4.2290000000e+00 1.7251722390e-11 
4.2300000000e+00 1.7357295040e-11 
4.2310000000e+00 1.7464033930e-11 
4.2320000000e+00 1.7571843320e-11 
4.2330000000e+00 1.7680676750e-11 
4.2340000000e+00 1.7790782570e-11 
4.2350000000e+00 1.7901998330e-11 
4.2360000000e+00 1.8014442840e-11 
4.2370000000e+00 1.8127959000e-11 
4.2380000000e+00 1.8242802620e-11 
4.2390000000e+00 1.8359018140e-11 
4.2400000000e+00 1.8476302220e-11 
4.2410000000e+00 1.8594985990e-11 
4.2420000000e+00 1.8714935480e-11 
4.2430000000e+00 1.8836195320e-11 
4.2440000000e+00 1.8958983600e-11 
4.2450000000e+00 1.9083122350e-11 
4.2460000000e+00 1.9208778840e-11 
4.2470000000e+00 1.9335915900e-11 
4.2480000000e+00 1.9464326260e-11 
4.2490000000e+00 1.9594343180e-11 
4.2500000000e+00 1.9726033790e-11 
4.2510000000e+00 1.9859299360e-11 
4.2520000000e+00 1.9994109210e-11 
4.2530000000e+00 2.0130731540e-11 
4.2540000000e+00 2.0268869700e-11 
4.2550000000e+00 2.0409253380e-11 
4.2560000000e+00 2.0551095470e-11 
4.2570000000e+00 2.0694606150e-11 
4.2580000000e+00 2.0840136370e-11 
4.2590000000e+00 2.0987539110e-11 
4.2600000000e+00 2.1136935250e-11 
4.2610000000e+00 2.1288306810e-11 
4.2620000000e+00 2.1441717310e-11 
4.2630000000e+00 2.1597246990e-11 
4.2640000000e+00 2.1754947090e-11 
4.2650000000e+00 2.1914942530e-11 
4.2660000000e+00 2.2077186750e-11 
4.2670000000e+00 2.2241617150e-11 
4.2680000000e+00 2.2408688360e-11 
4.2690000000e+00 2.2578162300e-11 
4.2700000000e+00 2.2750165470e-11 
4.2710000000e+00 2.2924802000e-11 
4.2720000000e+00 2.3102067910e-11 
4.2730000000e+00 2.3282080000e-11 
4.2740000000e+00 2.3464988320e-11 
4.2750000000e+00 2.3650993290e-11 
4.2760000000e+00 2.3839465720e-11 
4.2770000000e+00 2.4031478710e-11 
4.2780000000e+00 2.4226674030e-11 
4.2790000000e+00 2.4425187330e-11 
4.2800000000e+00 2.4627254520e-11 
4.2810000000e+00 2.4832859620e-11 
4.2820000000e+00 2.5042605340e-11 
4.2830000000e+00 2.5255833110e-11 
4.2840000000e+00 2.5472905280e-11 
4.2850000000e+00 2.5694117220e-11 
4.2860000000e+00 2.5919608110e-11 
4.2870000000e+00 2.6149432830e-11 
4.2880000000e+00 2.6383872180e-11 
4.2890000000e+00 2.6623141460e-11 
4.2900000000e+00 2.6866897560e-11 
4.2910000000e+00 2.7116243370e-11 
4.2920000000e+00 2.7370891970e-11 
4.2930000000e+00 2.7631323970e-11 
4.2940000000e+00 2.7897566150e-11 
4.2950000000e+00 2.8169962530e-11 
4.2960000000e+00 2.8448892930e-11 
4.2970000000e+00 2.8734454570e-11 
4.2980000000e+00 2.9027234750e-11 
4.2990000000e+00 2.9327352670e-11 
4.3000000000e+00 2.9635516310e-11 
4.3010000000e+00 2.9952520610e-11 
4.3020000000e+00 3.0277771550e-11 
4.3030000000e+00 3.0612478990e-11 
4.3040000000e+00 3.0956850240e-11 
4.3050000000e+00 3.1311930420e-11 
4.3060000000e+00 3.1678130770e-11 
4.3070000000e+00 3.2055679770e-11 
4.3080000000e+00 3.2446644270e-11 
4.3090000000e+00 3.2851495400e-11 
4.3100000000e+00 3.3271076850e-11 
4.3110000000e+00 3.3707605520e-11 
4.3120000000e+00 3.4161044140e-11 
4.3130000000e+00 3.4633612790e-11 
4.3140000000e+00 3.5126270990e-11 
4.3150000000e+00 3.5642769130e-11 
4.3160000000e+00 3.6185570410e-11 
4.3170000000e+00 3.6756490450e-11 
4.3180000000e+00 3.7358635170e-11 
4.3190000000e+00 3.7999072400e-11 
4.3200000000e+00 3.8680932840e-11 
4.3205000000e+00 3.9039670550e-11 
4.3210000000e+00 3.9410709010e-11 
4.3215000000e+00 3.9797931680e-11 
4.3220000000e+00 4.0200314950e-11 
4.3222500000e+00 4.0406944230e-11 
4.3225000000e+00 4.0618864550e-11 
4.3227500000e+00 4.0836905530e-11 
4.3230000000e+00 4.1059043590e-11 
4.3232500000e+00 4.1285273820e-11 
4.3235000000e+00 4.1519413890e-11 
4.3237500000e+00 4.1758694000e-11 
4.3240000000e+00 4.2003006910e-11 
4.3242500000e+00 4.2256743520e-11 
4.3245000000e+00 4.2515242630e-11 
4.3247500000e+00 4.2784169180e-11 
4.3250000000e+00 4.2130886370e-07 
4.3260000000e+00 4.2574071530e-07 
4.3270000000e+00 4.3019918620e-07 
4.3280000000e+00 4.3468506210e-07 
4.3290000000e+00 4.3919836770e-07 
4.3300000000e+00 4.4373901780e-07 
4.3310000000e+00 4.4830705720e-07 
4.3320000000e+00 4.5290324220e-07 
4.3330000000e+00 4.5752693460e-07 
4.3340000000e+00 4.6217843280e-07 
4.3350000000e+00 4.6685730790e-07 
4.3360000000e+00 4.7156358530e-07 
4.3370000000e+00 4.7629744270e-07 
4.3380000000e+00 4.8105863760e-07 
4.3390000000e+00 4.8584708810e-07 
4.3400000000e+00 4.9066275450e-07 
4.3410000000e+00 4.9550562580e-07 
4.3420000000e+00 5.0037566000e-07 
4.3430000000e+00 5.0527284350e-07 
4.3440000000e+00 5.1019714320e-07 
4.3450000000e+00 5.1514861550e-07 
4.3460000000e+00 5.2012726200e-07 
4.3470000000e+00 5.2513294910e-07 
4.3480000000e+00 5.3016564960e-07 
4.3490000000e+00 5.3522556320e-07 
4.3500000000e+00 5.4031247620e-07 
4.3510000000e+00 5.4542634600e-07 
4.3520000000e+00 5.5056718550e-07 
4.3530000000e+00 5.5573488190e-07 
4.3540000000e+00 5.6092941600e-07 
4.3550000000e+00 5.6615075610e-07 
4.3560000000e+00 5.7139887090e-07 
4.3570000000e+00 5.7667372830e-07 
4.3580000000e+00 5.8197529420e-07 
4.3590000000e+00 5.8730353600e-07 
4.3600000000e+00 5.9265844030e-07 
4.3610000000e+00 5.9804001900e-07 
4.3620000000e+00 6.0344818000e-07 
4.3630000000e+00 6.0888287900e-07 
4.3640000000e+00 6.1434408080e-07 
4.3650000000e+00 6.1983180520e-07 
4.3660000000e+00 6.2534591820e-07 
4.3670000000e+00 6.3088646470e-07 
4.3680000000e+00 6.3645342640e-07 
4.3690000000e+00 6.4204680980e-07 
4.3700000000e+00 6.4766648790e-07 
4.3710000000e+00 6.5331247220e-07 
4.3720000000e+00 6.5898471000e-07 
4.3730000000e+00 6.6468318730e-07 
4.3740000000e+00 6.7040783800e-07 
4.3750000000e+00 6.7615861950e-07 
4.3760000000e+00 6.8193553630e-07 
4.3770000000e+00 6.8773865450e-07 
4.3780000000e+00 6.9356784500e-07 
4.3790000000e+00 6.9942301400e-07 
4.3800000000e+00 7.0530414920e-07 
4.3810000000e+00 7.1121127850e-07 
4.3820000000e+00 7.1714427170e-07 
4.3830000000e+00 7.2310346080e-07 
4.3840000000e+00 7.2908853390e-07 
4.3850000000e+00 7.3509937710e-07 
4.3860000000e+00 7.4113595210e-07 
4.3870000000e+00 7.4719823080e-07 
4.3880000000e+00 7.5328640980e-07 
4.3890000000e+00 7.5940036420e-07 
4.3900000000e+00 7.6553990000e-07 
4.3910000000e+00 7.7170500640e-07 
4.3920000000e+00 7.7789577230e-07 
4.3930000000e+00 7.8411198610e-07 
4.3940000000e+00 7.9035372270e-07 
4.3950000000e+00 7.9662127160e-07 
4.3960000000e+00 8.0291442940e-07 
4.3970000000e+00 8.0923307440e-07 
4.3980000000e+00 8.1557707370e-07 
4.3990000000e+00 8.2194632110e-07 
4.4000000000e+00 8.2833983310e-07 
4.4010000000e+00 8.3475582460e-07 
4.4020000000e+00 8.4119698200e-07 
4.4030000000e+00 8.4766333750e-07 
4.4040000000e+00 8.5415480880e-07 
4.4050000000e+00 8.6067132090e-07 
4.4060000000e+00 8.6721278590e-07 
4.4070000000e+00 8.7377917290e-07 
4.4080000000e+00 8.8037044440e-07 
4.4090000000e+00 8.8698679540e-07 
4.4100000000e+00 8.9362812490e-07 
4.4110000000e+00 9.0029429590e-07 
4.4120000000e+00 9.0698521700e-07 
4.4130000000e+00 9.1370089720e-07 
4.4140000000e+00 9.2044121910e-07 
4.4150000000e+00 9.2720613610e-07 
4.4160000000e+00 9.3399563090e-07 
4.4170000000e+00 9.4080967280e-07 
4.4180000000e+00 9.4764874690e-07 
4.4190000000e+00 9.5451237270e-07 
4.4200000000e+00 9.6140044220e-07 
4.4210000000e+00 9.6831291990e-07 
4.4220000000e+00 9.7525002170e-07 
4.4230000000e+00 9.8221175090e-07 
4.4240000000e+00 9.8919778630e-07 
4.4250000000e+00 9.9620809050e-07 
4.4260000000e+00 1.0032426230e-06 
4.4270000000e+00 1.0103014190e-06 
4.4280000000e+00 1.0173843570e-06 
4.4290000000e+00 1.0244915400e-06 
4.4300000000e+00 1.0316227810e-06 
4.4310000000e+00 1.0387782320e-06 
4.4320000000e+00 1.0459578110e-06 
4.4330000000e+00 1.0531614050e-06 
4.4340000000e+00 1.0603890110e-06 
4.4350000000e+00 1.0676405790e-06 
4.4360000000e+00 1.0749160260e-06 
4.4370000000e+00 1.0822153300e-06 
4.4380000000e+00 1.0895384520e-06 
4.4390000000e+00 1.0968854100e-06 
4.4400000000e+00 1.1042561950e-06 
4.4410000000e+00 1.1116512880e-06 
4.4420000000e+00 1.1190702830e-06 
4.4430000000e+00 1.1265129450e-06 
4.4440000000e+00 1.1339792920e-06 
4.4450000000e+00 1.1414692740e-06 
4.4460000000e+00 1.1489828300e-06 
4.4470000000e+00 1.1565200190e-06 
4.4480000000e+00 1.1640807470e-06 
4.4490000000e+00 1.1716654910e-06 
4.4500000000e+00 1.1792742030e-06 
4.4510000000e+00 1.1869065050e-06 
4.4520000000e+00 1.1945621620e-06 
4.4530000000e+00 1.2022412980e-06 
4.4540000000e+00 1.2099443030e-06 
4.4550000000e+00 1.2176711660e-06 
4.4560000000e+00 1.2254213110e-06 
4.4570000000e+00 1.2331947100e-06 
4.4580000000e+00 1.2409913310e-06 
4.4590000000e+00 1.2488111440e-06 
4.4600000000e+00 1.2566557010e-06 
4.4610000000e+00 1.2645242060e-06 
4.4620000000e+00 1.2724163460e-06 
4.4630000000e+00 1.2803315920e-06 
4.4640000000e+00 1.2882699180e-06 
4.4650000000e+00 1.2962312940e-06 
4.4660000000e+00 1.3042156670e-06 
4.4670000000e+00 1.3122230520e-06 
4.4680000000e+00 1.3202533930e-06 
4.4690000000e+00 1.3283068120e-06 
4.4700000000e+00 1.3363833410e-06 
4.4710000000e+00 1.3444827680e-06 
4.4720000000e+00 1.3526050520e-06 
4.4730000000e+00 1.3607501660e-06 
4.4740000000e+00 1.3689180780e-06 
4.4750000000e+00 1.3771087660e-06 
4.4760000000e+00 1.3853227710e-06 
4.4770000000e+00 1.3935597300e-06 
4.4780000000e+00 1.4018193820e-06 
4.4790000000e+00 1.4101017050e-06 
4.4800000000e+00 1.4184069330e-06 
4.4810000000e+00 1.4267349360e-06 
4.4820000000e+00 1.4350855360e-06 
4.4830000000e+00 1.4434591200e-06 
4.4840000000e+00 1.4518553240e-06 
4.4850000000e+00 1.4602740240e-06 
4.4860000000e+00 1.4687153300e-06 
4.4870000000e+00 1.4771791540e-06 
4.4880000000e+00 1.4856654310e-06 
4.4890000000e+00 1.4941741610e-06 
4.4900000000e+00 1.5027052990e-06 
4.4910000000e+00 1.5112594400e-06 
4.4920000000e+00 1.5198379010e-06 
4.4930000000e+00 1.5284390290e-06 
4.4940000000e+00 1.5370625700e-06 
4.4950000000e+00 1.5457084410e-06 
4.4960000000e+00 1.5543766510e-06 
4.4970000000e+00 1.5630673020e-06 
4.4980000000e+00 1.5717802240e-06 
4.4990000000e+00 1.5805154000e-06 
4.5000000000e+00 1.5892728580e-06 
4.5010000000e+00 1.5980525440e-06 
4.5020000000e+00 1.6068544170e-06 
4.5030000000e+00 1.6156787880e-06 
4.5040000000e+00 1.6245261240e-06 
4.5050000000e+00 1.6333958440e-06 
4.5060000000e+00 1.6422877730e-06 
4.5070000000e+00 1.6512017400e-06 
4.5080000000e+00 1.6601378590e-06 
4.5090000000e+00 1.6690959430e-06 
4.5100000000e+00 1.6780737700e-06 
4.5110000000e+00 1.6870734630e-06 
4.5120000000e+00 1.6960951650e-06 
4.5130000000e+00 1.7051388400e-06 
4.5140000000e+00 1.7142044670e-06 
4.5150000000e+00 1.7232920300e-06 
4.5160000000e+00 1.7324015100e-06 
4.5170000000e+00 1.7415328870e-06 
4.5180000000e+00 1.7506864050e-06 
4.5190000000e+00 1.7598617980e-06 
4.5200000000e+00 1.7690590370e-06 
4.5210000000e+00 1.7782789050e-06 
4.5220000000e+00 1.7875207930e-06 
4.5230000000e+00 1.7967844860e-06 
4.5240000000e+00 1.8060699420e-06 
4.5250000000e+00 1.8153772290e-06 
4.5260000000e+00 1.8247062190e-06 
4.5270000000e+00 1.8340569480e-06 
4.5280000000e+00 1.8434294640e-06 
4.5290000000e+00 1.8528242410e-06 
4.5300000000e+00 1.8622412030e-06 
4.5310000000e+00 1.8716798500e-06 
4.5320000000e+00 1.8811401710e-06 
4.5330000000e+00 1.8906221480e-06 
4.5340000000e+00 1.9001257740e-06 
4.5350000000e+00 1.9096511380e-06 
4.5360000000e+00 1.9191986980e-06 
4.5370000000e+00 1.9287678410e-06 
4.5380000000e+00 1.9383588890e-06 
4.5390000000e+00 1.9479715550e-06 
4.5400000000e+00 1.9576054900e-06 
4.5410000000e+00 1.9672619520e-06 
4.5420000000e+00 1.9769402540e-06 
4.5430000000e+00 1.9866403950e-06 
4.5440000000e+00 1.9963624910e-06 
4.5450000000e+00 2.0061061000e-06 
4.5460000000e+00 2.0158712500e-06 
4.5470000000e+00 2.0256584030e-06 
4.5480000000e+00 2.0354677490e-06 
4.5490000000e+00 2.0452987660e-06 
4.5500000000e+00 2.0551515700e-06 
4.5510000000e+00 2.0650257890e-06 
4.5520000000e+00 2.0749224640e-06 
4.5530000000e+00 2.0848414770e-06 
4.5540000000e+00 2.0947819600e-06 
4.5550000000e+00 2.1047438950e-06 
4.5560000000e+00 2.1147272060e-06 
4.5570000000e+00 2.1247341960e-06 
4.5580000000e+00 2.1347638670e-06 
4.5590000000e+00 2.1448149370e-06 
4.5600000000e+00 2.1548874010e-06 
4.5610000000e+00 2.1649812240e-06 
4.5620000000e+00 2.1750964280e-06 
4.5630000000e+00 2.1852330590e-06 
4.5640000000e+00 2.1953910780e-06 
4.5650000000e+00 2.2055704390e-06 
4.5660000000e+00 2.2157711310e-06 
4.5670000000e+00 2.2259931470e-06 
4.5680000000e+00 2.2362339320e-06 
4.5690000000e+00 2.2464932030e-06 
4.5700000000e+00 2.2567737300e-06 
4.5710000000e+00 2.2670754990e-06 
4.5720000000e+00 2.2773985010e-06 
4.5730000000e+00 2.2877427280e-06 
4.5740000000e+00 2.2981081720e-06 
4.5750000000e+00 2.3084956630e-06 
4.5760000000e+00 2.3189046390e-06 
4.5770000000e+00 2.3293348870e-06 
4.5780000000e+00 2.3397863400e-06 
4.5790000000e+00 2.3502589780e-06 
4.5800000000e+00 2.3607527960e-06 
4.5810000000e+00 2.3712678050e-06 
4.5820000000e+00 2.3818039760e-06 
4.5830000000e+00 2.3923613180e-06 
4.5840000000e+00 2.4029397610e-06 
4.5850000000e+00 2.4135393370e-06 
4.5860000000e+00 2.4241600430e-06 
4.5870000000e+00 2.4348027830e-06 
4.5880000000e+00 2.4454669220e-06 
4.5890000000e+00 2.4561529620e-06 
4.5900000000e+00 2.4668602780e-06 
4.5910000000e+00 2.4775887330e-06 
4.5920000000e+00 2.4883383040e-06 
4.5930000000e+00 2.4991091370e-06 
4.5940000000e+00 2.5099013670e-06 
4.5950000000e+00 2.5207145950e-06 
4.5960000000e+00 2.5315488680e-06 
4.5970000000e+00 2.5424042130e-06 
4.5980000000e+00 2.5532805190e-06 
4.5990000000e+00 2.5641779320e-06 
4.6000000000e+00 2.5750963800e-06 
4.6010000000e+00 2.5860358610e-06 
4.6020000000e+00 2.5969968340e-06 
4.6030000000e+00 2.6079798350e-06 
4.6040000000e+00 2.6189849880e-06 
4.6050000000e+00 2.6300114740e-06 
4.6060000000e+00 2.6410590960e-06 
4.6070000000e+00 2.6521284840e-06 
4.6080000000e+00 2.6632191780e-06 
4.6090000000e+00 2.6743309180e-06 
4.6100000000e+00 2.6854636970e-06 
4.6110000000e+00 2.6966175170e-06 
4.6120000000e+00 2.7077923690e-06 
4.6130000000e+00 2.7189882480e-06 
4.6140000000e+00 2.7302046750e-06 
4.6150000000e+00 2.7414389360e-06 
4.6160000000e+00 2.7526941830e-06 
4.6170000000e+00 2.7639704220e-06 
4.6180000000e+00 2.7752676480e-06 
4.6190000000e+00 2.7865858600e-06 
4.6200000000e+00 2.7979250580e-06 
4.6210000000e+00 2.8092856470e-06 
4.6220000000e+00 2.8206686720e-06 
4.6230000000e+00 2.8320726800e-06 
4.6240000000e+00 2.8434980510e-06 
4.6250000000e+00 2.8549457530e-06 
4.6260000000e+00 2.8664148590e-06 
4.6270000000e+00 2.8779053240e-06 
4.6280000000e+00 2.8894167080e-06 
4.6290000000e+00 2.9009491320e-06 
4.6300000000e+00 2.9125025070e-06 
4.6310000000e+00 2.9240772100e-06 
4.6320000000e+00 2.9356748750e-06 
4.6330000000e+00 2.9472935300e-06 
4.6340000000e+00 2.9589331790e-06 
4.6350000000e+00 2.9705950370e-06 
4.6360000000e+00 2.9822810030e-06 
4.6370000000e+00 2.9939882810e-06 
4.6380000000e+00 3.0057165510e-06 
4.6390000000e+00 3.0174661390e-06 
4.6400000000e+00 3.0292367970e-06 
4.6410000000e+00 3.0410283790e-06 
4.6420000000e+00 3.0528408840e-06 
4.6430000000e+00 3.0646752840e-06 
4.6440000000e+00 3.0765311300e-06 
4.6450000000e+00 3.0884079750e-06 
4.6460000000e+00 3.1003058340e-06 
4.6470000000e+00 3.1122246790e-06 
4.6480000000e+00 3.1241645560e-06 
4.6490000000e+00 3.1361255030e-06 
4.6500000000e+00 3.1481077090e-06 
4.6510000000e+00 3.1601109220e-06 
4.6520000000e+00 3.1721351470e-06 
4.6530000000e+00 3.1841813230e-06 
4.6540000000e+00 3.1962496590e-06 
4.6550000000e+00 3.2083395240e-06 
4.6560000000e+00 3.2204505060e-06 
4.6570000000e+00 3.2325825220e-06 
4.6580000000e+00 3.2447359710e-06 
4.6590000000e+00 3.2569110550e-06 
4.6600000000e+00 3.2691072730e-06 
4.6610000000e+00 3.2813245730e-06 
4.6620000000e+00 3.2935629500e-06 
4.6630000000e+00 3.3058224770e-06 
4.6640000000e+00 3.3181031690e-06 
4.6650000000e+00 3.3304049430e-06 
4.6660000000e+00 3.3427276330e-06 
4.6670000000e+00 3.3550711780e-06 
4.6680000000e+00 3.3674358570e-06 
4.6690000000e+00 3.3798215900e-06 
4.6700000000e+00 3.3922288920e-06 
4.6710000000e+00 3.4046588450e-06 
4.6720000000e+00 3.4171099070e-06 
4.6730000000e+00 3.4295820810e-06 
4.6740000000e+00 3.4420753670e-06 
4.6750000000e+00 3.4545897770e-06 
4.6760000000e+00 3.4671253050e-06 
4.6770000000e+00 3.4796819540e-06 
4.6780000000e+00 3.4922597230e-06 
4.6790000000e+00 3.5048585730e-06 
4.6800000000e+00 3.5174785710e-06 
4.6810000000e+00 3.5301196860e-06 
4.6820000000e+00 3.5427819450e-06 
4.6830000000e+00 3.5554653410e-06 
4.6840000000e+00 3.5681698770e-06 
4.6850000000e+00 3.5808961850e-06 
4.6860000000e+00 3.5936458570e-06 
4.6870000000e+00 3.6064166980e-06 
4.6880000000e+00 3.6192110490e-06 
4.6890000000e+00 3.6320275320e-06 
4.6900000000e+00 3.6448652380e-06 
4.6910000000e+00 3.6577241660e-06 
4.6920000000e+00 3.6706043220e-06 
4.6930000000e+00 3.6835057030e-06 
4.6940000000e+00 3.6964282290e-06 
4.6950000000e+00 3.7093717770e-06 
4.6960000000e+00 3.7223365080e-06 
4.6970000000e+00 3.7353236150e-06 
4.6980000000e+00 3.7483314130e-06 
4.6990000000e+00 3.7613578670e-06 
4.7000000000e+00 3.7744080100e-06 
4.7010000000e+00 3.7874863150e-06 
4.7020000000e+00 3.8005866710e-06 
4.7030000000e+00 3.8137085330e-06 
4.7040000000e+00 3.8268529880e-06 
4.7050000000e+00 3.8400184190e-06 
4.7060000000e+00 3.8532052870e-06 
4.7070000000e+00 3.8664142270e-06 
4.7080000000e+00 3.8796449680e-06 
4.7090000000e+00 3.8928970950e-06 
4.7100000000e+00 3.9061708400e-06 
4.7110000000e+00 3.9194662450e-06 
4.7120000000e+00 3.9327830650e-06 
4.7130000000e+00 3.9461212990e-06 
4.7140000000e+00 3.9594809530e-06 
4.7150000000e+00 3.9728620340e-06 
4.7160000000e+00 3.9862645470e-06 
4.7170000000e+00 3.9996884980e-06 
4.7180000000e+00 4.0131338930e-06 
4.7190000000e+00 4.0266006890e-06 
4.7200000000e+00 4.0400888940e-06 
4.7210000000e+00 4.0535985510e-06 
4.7220000000e+00 4.0671296740e-06 
4.7230000000e+00 4.0806823400e-06 
4.7240000000e+00 4.0942568100e-06 
4.7250000000e+00 4.1078533790e-06 
4.7260000000e+00 4.1214714290e-06 
4.7270000000e+00 4.1351130540e-06 
4.7280000000e+00 4.1487770840e-06 
4.7290000000e+00 4.1624628770e-06 
4.7300000000e+00 4.1761702340e-06 
4.7310000000e+00 4.1898991110e-06 
4.7320000000e+00 4.2036495470e-06 
4.7330000000e+00 4.2174215450e-06 
4.7340000000e+00 4.2312151100e-06 
4.7350000000e+00 4.2450302490e-06 
4.7360000000e+00 4.2588669690e-06 
4.7370000000e+00 4.2727252760e-06 
4.7380000000e+00 4.2866051780e-06 
4.7390000000e+00 4.3005073560e-06 
4.7400000000e+00 4.3144317360e-06 
4.7410000000e+00 4.3283777260e-06 
4.7420000000e+00 4.3423453510e-06 
4.7430000000e+00 4.3563358750e-06 
4.7440000000e+00 4.3703533480e-06 
4.7450000000e+00 4.3843935750e-06 
4.7460000000e+00 4.3984555050e-06 
4.7470000000e+00 4.4125409760e-06 
4.7480000000e+00 4.4266487100e-06 
4.7490000000e+00 4.4407780930e-06 
4.7500000000e+00 4.4549291910e-06 
4.7510000000e+00 4.4691019560e-06 
4.7520000000e+00 4.4832967650e-06 
4.7530000000e+00 4.4975169220e-06 
4.7540000000e+00 4.5117582570e-06 
4.7550000000e+00 4.5260232340e-06 
4.7560000000e+00 4.5403158670e-06 
4.7570000000e+00 4.5546304050e-06 
4.7580000000e+00 4.5689668980e-06 
4.7590000000e+00 4.5833253550e-06 
4.7600000000e+00 4.5977057840e-06 
4.7610000000e+00 4.6121079790e-06 
4.7620000000e+00 4.6265328800e-06 
4.7630000000e+00 4.6409798110e-06 
4.7640000000e+00 4.6554487570e-06 
4.7650000000e+00 4.6699397290e-06 
4.7660000000e+00 4.6844527340e-06 
4.7670000000e+00 4.6989877850e-06 
4.7680000000e+00 4.7135448890e-06 
4.7690000000e+00 4.7281240580e-06 
4.7700000000e+00 4.7427253040e-06 
4.7710000000e+00 4.7573486350e-06 
4.7720000000e+00 4.7719939280e-06 
4.7730000000e+00 4.7866613200e-06 
4.7740000000e+00 4.8013546180e-06 
4.7750000000e+00 4.8160736760e-06 
4.7760000000e+00 4.8308181160e-06 
4.7770000000e+00 4.8455847810e-06 
4.7780000000e+00 4.8603736970e-06 
4.7790000000e+00 4.8751848750e-06 
4.7800000000e+00 4.8900184010e-06 
4.7810000000e+00 4.9048742470e-06 
4.7820000000e+00 4.9197522910e-06 
4.7830000000e+00 4.9346526950e-06 
4.7840000000e+00 4.9495769180e-06 
4.7850000000e+00 4.9645240590e-06 
4.7860000000e+00 4.9794916390e-06 
4.7870000000e+00 4.9944802910e-06 
4.7880000000e+00 5.0094913060e-06 
4.7890000000e+00 5.0245246930e-06 
4.7900000000e+00 5.0395804170e-06 
4.7910000000e+00 5.0546619540e-06 
4.7920000000e+00 5.0697705030e-06 
4.7930000000e+00 5.0849031490e-06 
4.7940000000e+00 5.1000583110e-06 
4.7950000000e+00 5.1152360010e-06 
4.7960000000e+00 5.1304362320e-06 
4.7970000000e+00 5.1456589890e-06 
4.7980000000e+00 5.1609043210e-06 
4.7990000000e+00 5.1761726450e-06 
4.8000000000e+00 5.1914673460e-06 
4.8010000000e+00 5.2067871260e-06 
4.8020000000e+00 5.2221291260e-06 
4.8030000000e+00 5.2375016410e-06 
4.8040000000e+00 5.2528978850e-06 
4.8050000000e+00 5.2683168010e-06 
4.8060000000e+00 5.2837584000e-06 
4.8070000000e+00 5.2992234320e-06 
4.8080000000e+00 5.3147113390e-06 
4.8090000000e+00 5.3302220730e-06 
4.8100000000e+00 5.3457556470e-06 
4.8110000000e+00 5.3613120760e-06 
4.8120000000e+00 5.3768913720e-06 
4.8130000000e+00 5.3924935480e-06 
4.8140000000e+00 5.4081185310e-06 
4.8150000000e+00 5.4237662740e-06 
4.8160000000e+00 5.4394302190e-06 
4.8170000000e+00 5.4551170280e-06 
4.8180000000e+00 5.4708267460e-06 
4.8190000000e+00 5.4865596030e-06 
4.8200000000e+00 5.5023215950e-06 
4.8210000000e+00 5.5181067100e-06 
4.8220000000e+00 5.5339148520e-06 
4.8230000000e+00 5.5497460340e-06 
4.8240000000e+00 5.5656002170e-06 
4.8250000000e+00 5.5814774920e-06 
4.8260000000e+00 5.5973778480e-06 
4.8270000000e+00 5.6133014770e-06 
4.8280000000e+00 5.6292511910e-06 
4.8290000000e+00 5.6452240040e-06 
4.8300000000e+00 5.6612203490e-06 
4.8310000000e+00 5.6772398870e-06 
4.8320000000e+00 5.6932826240e-06 
4.8330000000e+00 5.7093485530e-06 
4.8340000000e+00 5.7254376220e-06 
4.8350000000e+00 5.7415527240e-06 
4.8360000000e+00 5.7576955640e-06 
4.8370000000e+00 5.7738617120e-06 
4.8380000000e+00 5.7900512010e-06 
4.8390000000e+00 5.8062640450e-06 
4.8400000000e+00 5.8225002580e-06 
4.8410000000e+00 5.8387592340e-06 
4.8420000000e+00 5.8550415140e-06 
4.8430000000e+00 5.8713530180e-06 
4.8440000000e+00 5.8876886800e-06 
4.8450000000e+00 5.9040516450e-06 
4.8460000000e+00 5.9204454000e-06 
4.8470000000e+00 5.9368625590e-06 
4.8480000000e+00 5.9533024620e-06 
4.8490000000e+00 5.9697662540e-06 
4.8500000000e+00 5.9862544770e-06 
4.8510000000e+00 6.0027663980e-06 
4.8520000000e+00 6.0193042800e-06 
4.8530000000e+00 6.0358754100e-06 
4.8540000000e+00 6.0524703610e-06 
4.8550000000e+00 6.0690891810e-06 
4.8560000000e+00 6.0857313350e-06 
4.8570000000e+00 6.1023969840e-06 
4.8580000000e+00 6.1190862840e-06 
4.8590000000e+00 6.1357993460e-06 
4.8600000000e+00 6.1525364900e-06 
4.8610000000e+00 6.1692978520e-06 
4.8620000000e+00 6.1860830350e-06 
4.8630000000e+00 6.2028922290e-06 
4.8640000000e+00 6.2197254550e-06 
4.8650000000e+00 6.2365827600e-06 
4.8660000000e+00 6.2534641810e-06 
4.8670000000e+00 6.2703696840e-06 
4.8680000000e+00 6.2872984560e-06 
4.8690000000e+00 6.3042512530e-06 
4.8700000000e+00 6.3212281880e-06 
4.8710000000e+00 6.3382336900e-06 
4.8720000000e+00 6.3552728810e-06 
4.8730000000e+00 6.3723368780e-06 
4.8740000000e+00 6.3894258140e-06 
4.8750000000e+00 6.4065388910e-06 
4.8760000000e+00 6.4236771790e-06 
4.8770000000e+00 6.4408398310e-06 
4.8780000000e+00 6.4580268510e-06 
4.8790000000e+00 6.4752382820e-06 
4.8800000000e+00 6.4924741410e-06 
4.8810000000e+00 6.5097344490e-06 
4.8820000000e+00 6.5270212820e-06 
4.8830000000e+00 6.5443426760e-06 
4.8840000000e+00 6.5616886100e-06 
4.8850000000e+00 6.5790590640e-06 
4.8860000000e+00 6.5964541330e-06 
4.8870000000e+00 6.6138738310e-06 
4.8880000000e+00 6.6313202180e-06 
4.8890000000e+00 6.6488002820e-06 
4.8900000000e+00 6.6663055240e-06 
4.8910000000e+00 6.6838494770e-06 
4.8920000000e+00 6.7014205460e-06 
4.8930000000e+00 6.7190165420e-06 
4.8940000000e+00 6.7366375500e-06 
4.8950000000e+00 6.7542835930e-06 
4.8960000000e+00 6.7719546940e-06 
4.8970000000e+00 6.7896508760e-06 
4.8980000000e+00 6.8073721610e-06 
4.8990000000e+00 6.8251185480e-06 
4.9000000000e+00 6.8428900830e-06 
4.9010000000e+00 6.8606867830e-06 
4.9020000000e+00 6.8785088210e-06 
4.9030000000e+00 6.8963567720e-06 
4.9040000000e+00 6.9142305120e-06 
4.9050000000e+00 6.9321295270e-06 
4.9060000000e+00 6.9500538150e-06 
4.9070000000e+00 6.9680034050e-06 
4.9080000000e+00 6.9859786120e-06 
4.9090000000e+00 7.0039812400e-06 
4.9100000000e+00 7.0220091900e-06 
4.9110000000e+00 7.0400617160e-06 
4.9120000000e+00 7.0581389410e-06 
4.9130000000e+00 7.0762423870e-06 
4.9140000000e+00 7.0943712350e-06 
4.9150000000e+00 7.1125254120e-06 
4.9160000000e+00 7.1307049800e-06 
4.9170000000e+00 7.1489100520e-06 
4.9180000000e+00 7.1671406440e-06 
4.9190000000e+00 7.1853967770e-06 
4.9200000000e+00 7.2036782820e-06 
4.9210000000e+00 7.2219853070e-06 
4.9220000000e+00 7.2403179350e-06 
4.9230000000e+00 7.2586761650e-06 
4.9240000000e+00 7.2770600330e-06 
4.9250000000e+00 7.2954695850e-06 
4.9260000000e+00 7.3139048440e-06 
4.9270000000e+00 7.3323658350e-06 
4.9280000000e+00 7.3508524310e-06 
4.9290000000e+00 7.3693647520e-06 
4.9300000000e+00 7.3879028570e-06 
4.9310000000e+00 7.4064667910e-06 
4.9320000000e+00 7.4250566520e-06 
4.9330000000e+00 7.4436803090e-06 
4.9340000000e+00 7.4623298520e-06 
4.9350000000e+00 7.4810053960e-06 
4.9360000000e+00 7.4997104960e-06 
4.9370000000e+00 7.5184519530e-06 
4.9380000000e+00 7.5372202930e-06 
4.9390000000e+00 7.5560153490e-06 
4.9400000000e+00 7.5748374870e-06 
4.9410000000e+00 7.5936970350e-06 
4.9420000000e+00 7.6125828720e-06 
4.9430000000e+00 7.6314985220e-06 
4.9440000000e+00 7.6504484340e-06 
4.9450000000e+00 7.6694404320e-06 
4.9460000000e+00 7.6884613420e-06 
4.9470000000e+00 7.7075100030e-06 
4.9480000000e+00 7.7265860950e-06 
4.9490000000e+00 7.7456889920e-06 
4.9500000000e+00 7.7648186990e-06 
4.9510000000e+00 7.7839752740e-06 
4.9520000000e+00 7.8031587260e-06 
4.9530000000e+00 7.8223691020e-06 
4.9540000000e+00 7.8416066590e-06 
4.9550000000e+00 7.8608712740e-06 
4.9560000000e+00 7.8801629170e-06 
4.9570000000e+00 7.8994816020e-06 
4.9580000000e+00 7.9188273610e-06 
4.9590000000e+00 7.9382001810e-06 
4.9600000000e+00 7.9575927300e-06 
4.9610000000e+00 7.9770114190e-06 
4.9620000000e+00 7.9964568080e-06 
4.9630000000e+00 8.0159290920e-06 
4.9640000000e+00 8.0354285870e-06 
4.9650000000e+00 8.0549552580e-06 
4.9660000000e+00 8.0745078430e-06 
4.9670000000e+00 8.0940860620e-06 
4.9680000000e+00 8.1136911630e-06 
4.9690000000e+00 8.1333235850e-06 
4.9700000000e+00 8.1529833690e-06 
4.9710000000e+00 8.1726703640e-06 
4.9720000000e+00 8.1923847060e-06 
4.9730000000e+00 8.2121264790e-06 
4.9740000000e+00 8.2318956620e-06 
4.9750000000e+00 8.2516923610e-06 
4.9760000000e+00 8.2715166090e-06 
4.9770000000e+00 8.2913684360e-06 
4.9780000000e+00 8.3112477880e-06 
4.9790000000e+00 8.3311546770e-06 
4.9800000000e+00 8.3510891560e-06 
4.9810000000e+00 8.3710513430e-06 
4.9820000000e+00 8.3910412680e-06 
4.9830000000e+00 8.4110587720e-06 
4.9840000000e+00 8.4311038210e-06 
4.9850000000e+00 8.4511766300e-06 
4.9860000000e+00 8.4712772310e-06 
4.9870000000e+00 8.4914057190e-06 
4.9880000000e+00 8.5115626840e-06 
4.9890000000e+00 8.5317484590e-06 
4.9900000000e+00 8.5519622260e-06 
4.9910000000e+00 8.5722048480e-06 
4.9920000000e+00 8.5924766110e-06 
4.9930000000e+00 8.6127763760e-06 
4.9940000000e+00 8.6331041580e-06 
4.9950000000e+00 8.6534600100e-06 
4.9960000000e+00 8.6738439690e-06 
4.9970000000e+00 8.6942561240e-06 
4.9980000000e+00 8.7146965060e-06 
4.9990000000e+00 8.7351651510e-06 
5.0000000000e+00 8.7556620730e-06 
5.0200000000e+00 9.1722178100e-06 
5.0400000000e+00 9.6011683030e-06 
5.0600000000e+00 1.0042229750e-05 
5.0800000000e+00 1.0495699930e-05 
5.1000000000e+00 1.0962163360e-05 
5.1200000000e+00 1.1441938310e-05 
5.1400000000e+00 1.1935456750e-05 
5.1600000000e+00 1.2443151490e-05 
5.1800000000e+00 1.2965842290e-05 
5.2000000000e+00 1.3503921610e-05 
5.2200000000e+00 1.4057953990e-05 
5.2400000000e+00 1.4627918210e-05 
5.2600000000e+00 1.5214812030e-05 
5.2800000000e+00 1.5818998000e-05 
5.3000000000e+00 1.6440803270e-05 
5.3200000000e+00 1.7080422770e-05 
5.3400000000e+00 1.7738525970e-05 
5.3600000000e+00 1.8415759780e-05 
5.3800000000e+00 1.9112689560e-05 
5.4000000000e+00 1.9829913210e-05 
5.4200000000e+00 2.0567595430e-05 
5.4400000000e+00 2.1326168620e-05 
5.4600000000e+00 2.2104915600e-05 
5.4800000000e+00 2.2908008490e-05 
5.5000000000e+00 2.3735733350e-05 
5.5200000000e+00 2.4581197200e-05 
5.5400000000e+00 2.5452418470e-05 
5.5600000000e+00 2.6352101710e-05 
5.5800000000e+00 2.7274229770e-05 
5.6000000000e+00 2.8218159470e-05 
5.6200000000e+00 2.9192145280e-05 
5.6400000000e+00 3.0197338840e-05 
5.6600000000e+00 3.1227468010e-05 
5.6800000000e+00 3.2283009390e-05 
5.7000000000e+00 3.3367747040e-05 
5.7200000000e+00 3.4483549240e-05 
5.7400000000e+00 3.5629252420e-05 
5.7600000000e+00 3.6806931420e-05 
5.7800000000e+00 3.8018807970e-05 
5.8000000000e+00 3.9264127600e-05 
5.8200000000e+00 4.0540503840e-05 
5.8400000000e+00 4.1849428590e-05 
5.8600000000e+00 4.3194642600e-05 
5.8800000000e+00 4.4576090370e-05 
5.9000000000e+00 4.5992671290e-05 
5.9200000000e+00 4.7448305540e-05 
5.9400000000e+00 4.8942762890e-05 
5.9600000000e+00 5.0474696790e-05 
5.9800000000e+00 5.2043487290e-05 
6.0000000000e+00 5.3653727990e-05 
6.0200000000e+00 5.5308148250e-05 
6.0400000000e+00 5.7000782540e-05 
6.0600000000e+00 5.8735058110e-05 
6.0800000000e+00 6.0513034320e-05 
6.1000000000e+00 6.2333924480e-05 
6.1200000000e+00 6.4197411260e-05 
6.1400000000e+00 6.6107388030e-05 
6.1600000000e+00 6.8060530180e-05 
6.1800000000e+00 7.0057812250e-05 
6.2000000000e+00 7.2103286350e-05 
6.2200000000e+00 7.4192345200e-05 
6.2400000000e+00 7.6327837090e-05 
6.2600000000e+00 7.8509686070e-05 
6.2800000000e+00 8.0741281510e-05 
6.3000000000e+00 8.3016130050e-05 
6.3200000000e+00 8.5336341690e-05 
6.3400000000e+00 8.7704076770e-05 
6.3600000000e+00 9.0116422310e-05 
6.3800000000e+00 9.2577700920e-05 
6.4000000000e+00 9.5089388690e-05 
6.4200000000e+00 9.7639891020e-05 
6.4400000000e+00 1.0022859000e-04 
6.4600000000e+00 1.0286041240e-04 
6.4800000000e+00 1.0554077580e-04 
6.5000000000e+00 1.0826007820e-04 
6.5200000000e+00 1.1102139740e-04 
6.5400000000e+00 1.1382324860e-04 
6.5600000000e+00 1.1666476490e-04 
6.5800000000e+00 1.1954956370e-04 
6.6000000000e+00 1.2247705850e-04 
6.6200000000e+00 1.2544357620e-04 
6.6400000000e+00 1.2844904250e-04 
6.6600000000e+00 1.3148849250e-04 
6.6800000000e+00 1.3456657080e-04 
6.7000000000e+00 1.3768082830e-04 
6.7200000000e+00 1.4083046150e-04 
6.7400000000e+00 1.4401205470e-04 
6.7600000000e+00 1.4723461910e-04 
6.7800000000e+00 1.5049518900e-04 
6.8000000000e+00 1.5378666840e-04 
6.8200000000e+00 1.5710974650e-04 
6.8400000000e+00 1.6046859620e-04 
6.8600000000e+00 1.6385519250e-04 
6.8800000000e+00 1.6727314300e-04 
6.9000000000e+00 1.7072374120e-04 
6.9200000000e+00 1.7421006160e-04 
6.9400000000e+00 1.7772777070e-04 
6.9600000000e+00 1.8127638490e-04 
6.9800000000e+00 1.8484923730e-04 
7.0000000000e+00 1.8845026280e-04 
6.9800000000e+00 1.8484564570e-04 
6.9600000000e+00 1.8127313190e-04 
6.9400000000e+00 1.7772479000e-04 
6.9200000000e+00 1.7420857440e-04 
6.9000000000e+00 1.7072362020e-04 
6.8800000000e+00 1.6727301660e-04 
6.8600000000e+00 1.6385505950e-04 
6.8400000000e+00 1.6046846480e-04 
6.8200000000e+00 1.5710962010e-04 
6.8000000000e+00 1.5378655270e-04 
6.7800000000e+00 1.5049509680e-04 
6.7600000000e+00 1.4723453910e-04 
6.7400000000e+00 1.4401198960e-04 
6.7200000000e+00 1.4083041820e-04 
6.7000000000e+00 1.3768080740e-04 
6.6800000000e+00 1.3456657030e-04 
6.6600000000e+00 1.3148852090e-04 
6.6400000000e+00 1.2844910380e-04 
6.6200000000e+00 1.2544366940e-04 
6.6000000000e+00 1.2247717050e-04 
6.5800000000e+00 1.1954969300e-04 
6.5600000000e+00 1.1666491890e-04 
6.5400000000e+00 1.1382343480e-04 
6.5200000000e+00 1.1102161280e-04 
6.5000000000e+00 1.0826031800e-04 
6.4800000000e+00 1.0554103040e-04 
6.4600000000e+00 1.0286068720e-04 
6.4400000000e+00 1.0022887090e-04 
6.4200000000e+00 9.7640186980e-05 
6.4000000000e+00 9.5089718220e-05 
6.3800000000e+00 9.2578030770e-05 
6.3600000000e+00 9.0116750270e-05 
6.3400000000e+00 8.7704403130e-05 
6.3200000000e+00 8.5336670720e-05 
6.3000000000e+00 8.3016453540e-05 
6.2800000000e+00 8.0741611150e-05 
6.2600000000e+00 7.8510007410e-05 
6.2400000000e+00 7.6328133640e-05 
6.2200000000e+00 7.4192628820e-05 
6.2000000000e+00 7.2103559260e-05 
6.1800000000e+00 7.0058072080e-05 
6.1600000000e+00 6.8060768260e-05 
6.1400000000e+00 6.6107608940e-05 
6.1200000000e+00 6.4197606160e-05 
6.1000000000e+00 6.2334111890e-05 
6.0800000000e+00 6.0513190190e-05 
6.0600000000e+00 5.8735198830e-05 
6.0400000000e+00 5.7000900590e-05 
6.0200000000e+00 5.5308244980e-05 
6.0000000000e+00 5.3653813660e-05 
5.9800000000e+00 5.2043548180e-05 
5.9600000000e+00 5.0474743840e-05 
5.9400000000e+00 4.8942802890e-05 
5.9200000000e+00 4.7448329160e-05 
5.9000000000e+00 4.5992678820e-05 
5.8800000000e+00 4.4576090770e-05 
5.8600000000e+00 4.3194632690e-05 
5.8400000000e+00 4.1849409840e-05 
5.8200000000e+00 4.0540480810e-05 
5.8000000000e+00 3.9264101500e-05 
5.7800000000e+00 3.8018775050e-05 
5.7600000000e+00 3.6806894410e-05 
5.7400000000e+00 3.5629213440e-05 
5.7200000000e+00 3.4483507850e-05 
5.7000000000e+00 3.3367705920e-05 
5.6800000000e+00 3.2282907870e-05 
5.6600000000e+00 3.1227366470e-05 
5.6400000000e+00 3.0197245680e-05 
5.6200000000e+00 2.9191978090e-05 
5.6000000000e+00 2.8217987280e-05 
5.5800000000e+00 2.7274053610e-05 
5.5600000000e+00 2.6351951330e-05 
5.5400000000e+00 2.5452262360e-05 
5.5200000000e+00 2.4581044040e-05 
5.5000000000e+00 2.3735587530e-05 
5.4800000000e+00 2.2907872170e-05 
5.4600000000e+00 2.2104783690e-05 
5.4400000000e+00 2.1326045000e-05 
5.4200000000e+00 2.0567479600e-05 
5.4000000000e+00 1.9829804020e-05 
5.3800000000e+00 1.9112588450e-05 
5.3600000000e+00 1.8415665690e-05 
5.3400000000e+00 1.7738440500e-05 
5.3200000000e+00 1.7080343660e-05 
5.3000000000e+00 1.6440731750e-05 
5.2800000000e+00 1.5818932970e-05 
5.2600000000e+00 1.5214754030e-05 
5.2400000000e+00 1.4627867030e-05 
5.2200000000e+00 1.4057909020e-05 
5.2000000000e+00 1.3503882730e-05 
5.1800000000e+00 1.2965809090e-05 
5.1600000000e+00 1.2443123530e-05 
5.1400000000e+00 1.1935433400e-05 
5.1200000000e+00 1.1441919170e-05 
5.1000000000e+00 1.0962063450e-05 
5.0800000000e+00 1.0495611740e-05 
5.0600000000e+00 1.0042151660e-05 
5.0400000000e+00 9.6010178510e-06 
5.0200000000e+00 9.1720832680e-06 
5.0000000000e+00 8.7555624090e-06 
4.9990000000e+00 8.7351038000e-06 
4.9980000000e+00 8.7146353320e-06 
4.9970000000e+00 8.6941951320e-06 
4.9960000000e+00 8.6737831590e-06 
4.9950000000e+00 8.6533993800e-06 
4.9940000000e+00 8.6330437080e-06 
4.9930000000e+00 8.6127161020e-06 
4.9920000000e+00 8.5924165040e-06 
4.9910000000e+00 8.5721449190e-06 
4.9900000000e+00 8.5519024770e-06 
4.9890000000e+00 8.5316888870e-06 
4.9880000000e+00 8.5115032900e-06 
4.9870000000e+00 8.4913465030e-06 
4.9860000000e+00 8.4712182000e-06 
4.9850000000e+00 8.4511177500e-06 
4.9840000000e+00 8.4310451170e-06 
4.9830000000e+00 8.4110002450e-06 
4.9820000000e+00 8.3909829170e-06 
4.9810000000e+00 8.3709931690e-06 
4.9800000000e+00 8.3510311580e-06 
4.9790000000e+00 8.3310968530e-06 
4.9780000000e+00 8.3111901390e-06 
4.9770000000e+00 8.2913109330e-06 
4.9760000000e+00 8.2714592860e-06 
4.9750000000e+00 8.2516352140e-06 
4.9740000000e+00 8.2318386880e-06 
4.9730000000e+00 8.2120696790e-06 
4.9720000000e+00 8.1923280750e-06 
4.9710000000e+00 8.1726139100e-06 
4.9700000000e+00 8.1529270620e-06 
4.9690000000e+00 8.1332674460e-06 
4.9680000000e+00 8.1136351980e-06 
4.9670000000e+00 8.0940302800e-06 
4.9660000000e+00 8.0744521540e-06 
4.9650000000e+00 8.0548996760e-06 
4.9640000000e+00 8.0353731660e-06 
4.9630000000e+00 8.0158738390e-06 
4.9620000000e+00 7.9964017230e-06 
4.9610000000e+00 7.9769564990e-06 
4.9600000000e+00 7.9575379820e-06 
4.9590000000e+00 7.9381456030e-06 
4.9580000000e+00 7.9187729410e-06 
4.9570000000e+00 7.8994273520e-06 
4.9560000000e+00 7.8801088370e-06 
4.9550000000e+00 7.8608173660e-06 
4.9540000000e+00 7.8415528950e-06 
4.9530000000e+00 7.8223155200e-06 
4.9520000000e+00 7.8031053140e-06 
4.9510000000e+00 7.7839220310e-06 
4.9500000000e+00 7.7647656310e-06 
4.9490000000e+00 7.7456360630e-06 
4.9480000000e+00 7.7265333410e-06 
4.9470000000e+00 7.7074574160e-06 
4.9460000000e+00 7.6884089220e-06 
4.9450000000e+00 7.6693881870e-06 
4.9440000000e+00 7.6503964980e-06 
4.9430000000e+00 7.6314468910e-06 
4.9420000000e+00 7.6125315170e-06 
4.9410000000e+00 7.5936458520e-06 
4.9400000000e+00 7.5747865260e-06 
4.9390000000e+00 7.5559646690e-06 
4.9380000000e+00 7.5371697750e-06 
4.9370000000e+00 7.5184015950e-06 
4.9360000000e+00 7.4996603570e-06 
4.9350000000e+00 7.4809555350e-06 
4.9340000000e+00 7.4622801640e-06 
4.9330000000e+00 7.4436307780e-06 
4.9320000000e+00 7.4250073220e-06 
4.9310000000e+00 7.4064176970e-06 
4.9300000000e+00 7.3878539200e-06 
4.9290000000e+00 7.3693159720e-06 
4.9280000000e+00 7.3508038170e-06 
4.9270000000e+00 7.3323173390e-06 
4.9260000000e+00 7.3138565000e-06 
4.9250000000e+00 7.2954213970e-06 
4.9240000000e+00 7.2770120000e-06 
4.9230000000e+00 7.2586282860e-06 
4.9220000000e+00 7.2402702070e-06 
4.9210000000e+00 7.2219377320e-06 
4.9200000000e+00 7.2036308670e-06 
4.9190000000e+00 7.1853494800e-06 
4.9180000000e+00 7.1670934970e-06 
4.9170000000e+00 7.1488630580e-06 
4.9160000000e+00 7.1306581390e-06 
4.9150000000e+00 7.1124787200e-06 
4.9140000000e+00 7.0943246790e-06 
4.9130000000e+00 7.0761959740e-06 
4.9120000000e+00 7.0580926280e-06 
4.9110000000e+00 7.0400155180e-06 
4.9100000000e+00 7.0219631150e-06 
4.9090000000e+00 7.0039352950e-06 
4.9080000000e+00 6.9859328310e-06 
4.9070000000e+00 6.9679577490e-06 
4.9060000000e+00 6.9500083120e-06 
4.9050000000e+00 6.9320841750e-06 
4.9040000000e+00 6.9141853170e-06 
4.9030000000e+00 6.8963116980e-06 
4.9020000000e+00 6.8784639060e-06 
4.9010000000e+00 6.8606420190e-06 
4.9000000000e+00 6.8428454690e-06 
4.8990000000e+00 6.8250740880e-06 
4.8980000000e+00 6.8073278160e-06 
4.8970000000e+00 6.7896066890e-06 
4.8960000000e+00 6.7719106550e-06 
4.8950000000e+00 6.7542397010e-06 
4.8940000000e+00 6.7365938050e-06 
4.8930000000e+00 6.7189729440e-06 
4.8920000000e+00 6.7013770780e-06 
4.8910000000e+00 6.6838061600e-06 
4.8900000000e+00 6.6662624770e-06 
4.8890000000e+00 6.6487574990e-06 
4.8880000000e+00 6.6312776190e-06 
4.8870000000e+00 6.6138314910e-06 
4.8860000000e+00 6.5964119340e-06 
4.8850000000e+00 6.5790170160e-06 
4.8840000000e+00 6.5616466610e-06 
4.8830000000e+00 6.5443008750e-06 
4.8820000000e+00 6.5269796740e-06 
4.8810000000e+00 6.5096931000e-06 
4.8800000000e+00 6.4924329310e-06 
4.8790000000e+00 6.4751972100e-06 
4.8780000000e+00 6.4579859180e-06 
4.8770000000e+00 6.4407990340e-06 
4.8760000000e+00 6.4236365140e-06 
4.8750000000e+00 6.4064983210e-06 
4.8740000000e+00 6.3893853990e-06 
4.8730000000e+00 6.3722966000e-06 
4.8720000000e+00 6.3552327390e-06 
4.8710000000e+00 6.3381937280e-06 
4.8700000000e+00 6.3211885260e-06 
4.8690000000e+00 6.3042117370e-06 
4.8680000000e+00 6.2872590730e-06 
4.8670000000e+00 6.2703304200e-06 
4.8660000000e+00 6.2534250300e-06 
4.8650000000e+00 6.2365437440e-06 
4.8640000000e+00 6.2196865690e-06 
4.8630000000e+00 6.2028534760e-06 
4.8620000000e+00 6.1860444130e-06 
4.8610000000e+00 6.1692593500e-06 
4.8600000000e+00 6.1524981200e-06 
4.8590000000e+00 6.1357610650e-06 
4.8580000000e+00 6.1190481200e-06 
4.8570000000e+00 6.1023589090e-06 
4.8560000000e+00 6.0856933920e-06 
4.8550000000e+00 6.0690513140e-06 
4.8540000000e+00 6.0524326200e-06 
4.8530000000e+00 6.0358378020e-06 
4.8520000000e+00 6.0192668420e-06 
4.8510000000e+00 6.0027292210e-06 
4.8500000000e+00 5.9862174320e-06 
4.8490000000e+00 5.9697293410e-06 
4.8480000000e+00 5.9532656890e-06 
4.8470000000e+00 5.9368258990e-06 
4.8460000000e+00 5.9204088660e-06 
4.8450000000e+00 5.9040152730e-06 
4.8440000000e+00 5.8876525630e-06 
4.8430000000e+00 5.8713170390e-06 
4.8420000000e+00 5.8550057320e-06 
4.8410000000e+00 5.8387236040e-06 
4.8400000000e+00 5.8224647370e-06 
4.8390000000e+00 5.8062286470e-06 
4.8380000000e+00 5.7900159260e-06 
4.8370000000e+00 5.7738265610e-06 
4.8360000000e+00 5.7576605350e-06 
4.8350000000e+00 5.7415178330e-06 
4.8340000000e+00 5.7254029280e-06 
4.8330000000e+00 5.7093139830e-06 
4.8320000000e+00 5.6932481560e-06 
4.8310000000e+00 5.6772055410e-06 
4.8300000000e+00 5.6611861230e-06 
4.8290000000e+00 5.6451898960e-06 
4.8280000000e+00 5.6292172030e-06 
4.8270000000e+00 5.6132676240e-06 
4.8260000000e+00 5.5973441480e-06 
4.8250000000e+00 5.5814439080e-06 
4.8240000000e+00 5.5655667620e-06 
4.8230000000e+00 5.5497126470e-06 
4.8220000000e+00 5.5338815960e-06 
4.8210000000e+00 5.5180735710e-06 
4.8200000000e+00 5.5022885720e-06 
4.8190000000e+00 5.4865267600e-06 
4.8180000000e+00 5.4707940580e-06 
4.8170000000e+00 5.4550844570e-06 
4.8160000000e+00 5.4393977630e-06 
4.8150000000e+00 5.4237339340e-06 
4.8140000000e+00 5.4080863040e-06 
4.8130000000e+00 5.3924613850e-06 
4.8120000000e+00 5.3768593380e-06 
4.8110000000e+00 5.3612801560e-06 
4.8100000000e+00 5.3457238420e-06 
4.8090000000e+00 5.3301903810e-06 
4.8080000000e+00 5.3146797600e-06 
4.8070000000e+00 5.2991919650e-06 
4.8060000000e+00 5.2837269790e-06 
4.8050000000e+00 5.2682854940e-06 
4.8040000000e+00 5.2528666830e-06 
4.8030000000e+00 5.2374705270e-06 
4.8020000000e+00 5.2220982150e-06 
4.8010000000e+00 5.2067563530e-06 
4.8000000000e+00 5.1914366390e-06 
4.7990000000e+00 5.1761421260e-06 
4.7980000000e+00 5.1608739220e-06 
4.7970000000e+00 5.1456287010e-06 
4.7960000000e+00 5.1304060490e-06 
4.7950000000e+00 5.1152059160e-06 
4.7940000000e+00 5.1000283370e-06 
4.7930000000e+00 5.0848732850e-06 
4.7920000000e+00 5.0697407520e-06 
4.7910000000e+00 5.0546323690e-06 
4.7900000000e+00 5.0395510270e-06 
4.7890000000e+00 5.0244953750e-06 
4.7880000000e+00 5.0094621130e-06 
4.7870000000e+00 4.9944512050e-06 
4.7860000000e+00 4.9794626600e-06 
4.7850000000e+00 4.9644951870e-06 
4.7840000000e+00 4.9495481530e-06 
4.7830000000e+00 4.9346240610e-06 
4.7820000000e+00 4.9197237990e-06 
4.7810000000e+00 4.9048458030e-06 
4.7800000000e+00 4.8899900640e-06 
4.7790000000e+00 4.8751566440e-06 
4.7780000000e+00 4.8603455690e-06 
4.7770000000e+00 4.8455567580e-06 
4.7760000000e+00 4.8307901960e-06 
4.7750000000e+00 4.8160458750e-06 
4.7740000000e+00 4.8013269700e-06 
4.7730000000e+00 4.7866338500e-06 
4.7720000000e+00 4.7719665750e-06 
4.7710000000e+00 4.7573213610e-06 
4.7700000000e+00 4.7426981250e-06 
4.7690000000e+00 4.7280969790e-06 
4.7680000000e+00 4.7135179100e-06 
4.7670000000e+00 4.6989609060e-06 
4.7660000000e+00 4.6844259550e-06 
4.7650000000e+00 4.6699130490e-06 
4.7640000000e+00 4.6554221770e-06 
4.7630000000e+00 4.6409533310e-06 
4.7620000000e+00 4.6265064990e-06 
4.7610000000e+00 4.6120817000e-06 
4.7600000000e+00 4.5976795920e-06 
4.7590000000e+00 4.5832992420e-06 
4.7580000000e+00 4.5689408840e-06 
4.7570000000e+00 4.5546044890e-06 
4.7560000000e+00 4.5402900480e-06 
4.7550000000e+00 4.5259975490e-06 
4.7540000000e+00 4.5117326820e-06 
4.7530000000e+00 4.4974914550e-06 
4.7520000000e+00 4.4832713930e-06 
4.7510000000e+00 4.4690766730e-06 
4.7500000000e+00 4.4549040170e-06 
4.7490000000e+00 4.4407529660e-06 
4.7480000000e+00 4.4266236880e-06 
4.7470000000e+00 4.4125160390e-06 
4.7460000000e+00 4.3984306790e-06 
4.7450000000e+00 4.3843688360e-06 
4.7440000000e+00 4.3703287030e-06 
4.7430000000e+00 4.3563113750e-06 
4.7420000000e+00 4.3423210020e-06 
4.7410000000e+00 4.3283534720e-06 
4.7400000000e+00 4.3144075750e-06 
4.7390000000e+00 4.3004833080e-06 
4.7380000000e+00 4.2865811780e-06 
4.7370000000e+00 4.2727013940e-06 
4.7360000000e+00 4.2588431790e-06 
4.7350000000e+00 4.2450065520e-06 
4.7340000000e+00 4.2311915050e-06 
4.7330000000e+00 4.2173980310e-06 
4.7320000000e+00 4.2036261250e-06 
4.7310000000e+00 4.1898757790e-06 
4.7300000000e+00 4.1761469950e-06 
4.7290000000e+00 4.1624396650e-06 
4.7280000000e+00 4.1487540020e-06 
4.7270000000e+00 4.1350900680e-06 
4.7260000000e+00 4.1214485620e-06 
4.7250000000e+00 4.1078306100e-06 
4.7240000000e+00 4.0942341300e-06 
4.7230000000e+00 4.0806597500e-06 
4.7220000000e+00 4.0671071740e-06 
4.7210000000e+00 4.0535761390e-06 
4.7200000000e+00 4.0400665700e-06 
4.7190000000e+00 4.0265784600e-06 
4.7180000000e+00 4.0131116820e-06 
4.7170000000e+00 3.9996664090e-06 
4.7160000000e+00 3.9862425450e-06 
4.7150000000e+00 3.9728401190e-06 
4.7140000000e+00 3.9594591250e-06 
4.7130000000e+00 3.9460995570e-06 
4.7120000000e+00 3.9327614090e-06 
4.7110000000e+00 3.9194446760e-06 
4.7100000000e+00 3.9061493540e-06 
4.7090000000e+00 3.8928757000e-06 
4.7080000000e+00 3.8796236590e-06 
4.7070000000e+00 3.8663930040e-06 
4.7060000000e+00 3.8531841300e-06 
4.7050000000e+00 3.8399973520e-06 
4.7040000000e+00 3.8268319620e-06 
4.7030000000e+00 3.8136876110e-06 
4.7020000000e+00 3.8005658050e-06 
4.7010000000e+00 3.7874655210e-06 
4.7000000000e+00 3.7743873860e-06 
4.6990000000e+00 3.7613373110e-06 
4.6980000000e+00 3.7483109940e-06 
4.6970000000e+00 3.7353032630e-06 
4.6960000000e+00 3.7223162660e-06 
4.6950000000e+00 3.7093515990e-06 
4.6940000000e+00 3.6964080750e-06 
4.6930000000e+00 3.6834856510e-06 
4.6920000000e+00 3.6705843510e-06 
4.6910000000e+00 3.6577042790e-06 
4.6900000000e+00 3.6448454320e-06 
4.6890000000e+00 3.6320078080e-06 
4.6880000000e+00 3.6191914030e-06 
4.6870000000e+00 3.6063971500e-06 
4.6860000000e+00 3.5936264010e-06 
4.6850000000e+00 3.5808768190e-06 
4.6840000000e+00 3.5681506190e-06 
4.6830000000e+00 3.5554461630e-06 
4.6820000000e+00 3.5427628460e-06 
4.6810000000e+00 3.5301006660e-06 
4.6800000000e+00 3.5174596290e-06 
4.6790000000e+00 3.5048397300e-06 
4.6780000000e+00 3.4922408870e-06 
4.6770000000e+00 3.4796632250e-06 
4.6760000000e+00 3.4671066550e-06 
4.6750000000e+00 3.4545712050e-06 
4.6740000000e+00 3.4420568720e-06 
4.6730000000e+00 3.4295636630e-06 
4.6720000000e+00 3.4170915670e-06 
4.6710000000e+00 3.4046405810e-06 
4.6700000000e+00 3.3922107110e-06 
4.6690000000e+00 3.3798035060e-06 
4.6680000000e+00 3.3674178460e-06 
4.6670000000e+00 3.3550532770e-06 
4.6660000000e+00 3.3427097350e-06 
4.6650000000e+00 3.3303871340e-06 
4.6640000000e+00 3.3180854360e-06 
4.6630000000e+00 3.3058048190e-06 
4.6620000000e+00 3.2935453680e-06 
4.6610000000e+00 3.2813070660e-06 
4.6600000000e+00 3.2690898400e-06 
4.6590000000e+00 3.2568936950e-06 
4.6580000000e+00 3.2447186870e-06 
4.6570000000e+00 3.2325653210e-06 
4.6560000000e+00 3.2204333780e-06 
4.6550000000e+00 3.2083224970e-06 
4.6540000000e+00 3.1962326600e-06 
4.6530000000e+00 3.1841644080e-06 
4.6520000000e+00 3.1721182470e-06 
4.6510000000e+00 3.1600941200e-06 
4.6500000000e+00 3.1480909560e-06 
4.6490000000e+00 3.1361087900e-06 
4.6480000000e+00 3.1241479220e-06 
4.6470000000e+00 3.1122081220e-06 
4.6460000000e+00 3.1002893480e-06 
4.6450000000e+00 3.0883915530e-06 
4.6440000000e+00 3.0765147690e-06 
4.6430000000e+00 3.0646589680e-06 
4.6420000000e+00 3.0528246650e-06 
4.6410000000e+00 3.0410122090e-06 
4.6400000000e+00 3.0292206830e-06 
4.6390000000e+00 3.0174500980e-06 
4.6380000000e+00 3.0057006030e-06 
4.6370000000e+00 2.9939723320e-06 
4.6360000000e+00 2.9822651620e-06 
4.6350000000e+00 2.9705792880e-06 
4.6340000000e+00 2.9589175290e-06 
4.6330000000e+00 2.9472779530e-06 
4.6320000000e+00 2.9356593670e-06 
4.6310000000e+00 2.9240617790e-06 
4.6300000000e+00 2.9124871630e-06 
4.6290000000e+00 2.9009338570e-06 
4.6280000000e+00 2.8894015320e-06 
4.6270000000e+00 2.8778901390e-06 
4.6260000000e+00 2.8663997700e-06 
4.6250000000e+00 2.8549307370e-06 
4.6240000000e+00 2.8434831080e-06 
4.6230000000e+00 2.8320578080e-06 
4.6220000000e+00 2.8206538670e-06 
4.6210000000e+00 2.8092709150e-06 
4.6200000000e+00 2.7979104070e-06 
4.6190000000e+00 2.7865712770e-06 
4.6180000000e+00 2.7752531270e-06 
4.6170000000e+00 2.7639559680e-06 
4.6160000000e+00 2.7526797950e-06 
4.6150000000e+00 2.7414246130e-06 
4.6140000000e+00 2.7301904260e-06 
4.6130000000e+00 2.7189740510e-06 
4.6120000000e+00 2.7077782370e-06 
4.6110000000e+00 2.6966034510e-06 
4.6100000000e+00 2.6854496960e-06 
4.6090000000e+00 2.6743169760e-06 
4.6080000000e+00 2.6632053030e-06 
4.6070000000e+00 2.6521146730e-06 
4.6060000000e+00 2.6410453550e-06 
4.6050000000e+00 2.6299978180e-06 
4.6040000000e+00 2.6189713260e-06 
4.6030000000e+00 2.6079662650e-06 
4.6020000000e+00 2.5969833080e-06 
4.6010000000e+00 2.5860224100e-06 
4.6000000000e+00 2.5750829640e-06 
4.5990000000e+00 2.5641645850e-06 
4.5980000000e+00 2.5532672470e-06 
4.5970000000e+00 2.5423909430e-06 
4.5960000000e+00 2.5315356760e-06 
4.5950000000e+00 2.5207014620e-06 
4.5940000000e+00 2.5098882530e-06 
4.5930000000e+00 2.4990961080e-06 
4.5920000000e+00 2.4883253390e-06 
4.5910000000e+00 2.4775758220e-06 
4.5900000000e+00 2.4668474370e-06 
4.5890000000e+00 2.4561401570e-06 
4.5880000000e+00 2.4454541760e-06 
4.5870000000e+00 2.4347900760e-06 
4.5860000000e+00 2.4241474140e-06 
4.5850000000e+00 2.4135267720e-06 
4.5840000000e+00 2.4029272580e-06 
4.5830000000e+00 2.3923488630e-06 
4.5820000000e+00 2.3817915840e-06 
4.5810000000e+00 2.3712554700e-06 
4.5800000000e+00 2.3607405240e-06 
4.5790000000e+00 2.3502467630e-06 
4.5780000000e+00 2.3397741870e-06 
4.5770000000e+00 2.3293227950e-06 
4.5760000000e+00 2.3188925970e-06 
4.5750000000e+00 2.3084836700e-06 
4.5740000000e+00 2.2980962450e-06 
4.5730000000e+00 2.2877308640e-06 
4.5720000000e+00 2.2773866950e-06 
4.5710000000e+00 2.2670637510e-06 
4.5700000000e+00 2.2567620410e-06 
4.5690000000e+00 2.2464815730e-06 
4.5680000000e+00 2.2362223560e-06 
4.5670000000e+00 2.2259816320e-06 
4.5660000000e+00 2.2157596740e-06 
4.5650000000e+00 2.2055590380e-06 
4.5640000000e+00 2.1953797330e-06 
4.5630000000e+00 2.1852217710e-06 
4.5620000000e+00 2.1750851970e-06 
4.5610000000e+00 2.1649700570e-06 
4.5600000000e+00 2.1548762150e-06 
4.5590000000e+00 2.1448038550e-06 
4.5580000000e+00 2.1347528360e-06 
4.5570000000e+00 2.1247232290e-06 
4.5560000000e+00 2.1147163440e-06 
4.5550000000e+00 2.1047330270e-06 
4.5540000000e+00 2.0947711630e-06 
4.5530000000e+00 2.0848307010e-06 
4.5520000000e+00 2.0749117350e-06 
4.5510000000e+00 2.0650151820e-06 
4.5500000000e+00 2.0551409460e-06 
4.5490000000e+00 2.0452882040e-06 
4.5480000000e+00 2.0354572450e-06 
4.5470000000e+00 2.0256479510e-06 
4.5460000000e+00 2.0158608480e-06 
4.5450000000e+00 2.0060957740e-06 
4.5440000000e+00 1.9963521530e-06 
4.5430000000e+00 1.9866301150e-06 
4.5420000000e+00 1.9769300710e-06 
4.5410000000e+00 1.9672517780e-06 
4.5400000000e+00 1.9575953690e-06 
4.5390000000e+00 1.9479614950e-06 
4.5380000000e+00 1.9383488970e-06 
4.5370000000e+00 1.9287578740e-06 
4.5360000000e+00 1.9191887800e-06 
4.5350000000e+00 1.9096412670e-06 
4.5340000000e+00 1.9001159590e-06 
4.5330000000e+00 1.8906123860e-06 
4.5320000000e+00 1.8811304610e-06 
4.5310000000e+00 1.8716701930e-06 
4.5300000000e+00 1.8622315980e-06 
4.5290000000e+00 1.8528146880e-06 
4.5280000000e+00 1.8434199680e-06 
4.5270000000e+00 1.8340475050e-06 
4.5260000000e+00 1.8246968260e-06 
4.5250000000e+00 1.8153678790e-06 
4.5240000000e+00 1.8060606640e-06 
4.5230000000e+00 1.7967751820e-06 
4.5220000000e+00 1.7875115790e-06 
4.5210000000e+00 1.7782697420e-06 
4.5200000000e+00 1.7690499280e-06 
4.5190000000e+00 1.7598527410e-06 
4.5180000000e+00 1.7506773990e-06 
4.5170000000e+00 1.7415239280e-06 
4.5160000000e+00 1.7323926040e-06 
4.5150000000e+00 1.7232831730e-06 
4.5140000000e+00 1.7141956580e-06 
4.5130000000e+00 1.7051300800e-06 
4.5120000000e+00 1.6960864530e-06 
4.5110000000e+00 1.6870648000e-06 
4.5100000000e+00 1.6780651550e-06 
4.5090000000e+00 1.6690873760e-06 
4.5080000000e+00 1.6601293390e-06 
4.5070000000e+00 1.6511933000e-06 
4.5060000000e+00 1.6422793100e-06 
4.5050000000e+00 1.6333874720e-06 
4.5040000000e+00 1.6245177390e-06 
4.5030000000e+00 1.6156704330e-06 
4.5020000000e+00 1.6068461500e-06 
4.5010000000e+00 1.5980442780e-06 
4.5000000000e+00 1.5892646690e-06 
4.4990000000e+00 1.5805072400e-06 
4.4980000000e+00 1.5717721090e-06 
4.4970000000e+00 1.5630592350e-06 
4.4960000000e+00 1.5543686420e-06 
4.4950000000e+00 1.5457004380e-06 
4.4940000000e+00 1.5370546360e-06 
4.4930000000e+00 1.5284311530e-06 
4.4920000000e+00 1.5198300060e-06 
4.4910000000e+00 1.5112516440e-06 
4.4900000000e+00 1.5026975650e-06 
4.4890000000e+00 1.4941664740e-06 
4.4880000000e+00 1.4856577910e-06 
4.4870000000e+00 1.4771715500e-06 
4.4860000000e+00 1.4687077720e-06 
4.4850000000e+00 1.4602665440e-06 
4.4840000000e+00 1.4518478020e-06 
4.4830000000e+00 1.4434516610e-06 
4.4820000000e+00 1.4350781120e-06 
4.4810000000e+00 1.4267275650e-06 
4.4800000000e+00 1.4183996070e-06 
4.4790000000e+00 1.4100944260e-06 
4.4780000000e+00 1.4018121470e-06 
4.4770000000e+00 1.3935525400e-06 
4.4760000000e+00 1.3853156260e-06 
4.4750000000e+00 1.3771016650e-06 
4.4740000000e+00 1.3689110220e-06 
4.4730000000e+00 1.3607431520e-06 
4.4720000000e+00 1.3525980820e-06 
4.4710000000e+00 1.3444758410e-06 
4.4700000000e+00 1.3363764560e-06 
4.4690000000e+00 1.3282999490e-06 
4.4680000000e+00 1.3202465830e-06 
4.4670000000e+00 1.3122162850e-06 
4.4660000000e+00 1.3042089520e-06 
4.4650000000e+00 1.2962246020e-06 
4.4640000000e+00 1.2882632720e-06 
4.4630000000e+00 1.2803249880e-06 
4.4620000000e+00 1.2724097840e-06 
4.4610000000e+00 1.2645176880e-06 
4.4600000000e+00 1.2566492240e-06 
4.4590000000e+00 1.2488047120e-06 
4.4580000000e+00 1.2409849430e-06 
4.4570000000e+00 1.2331883630e-06 
4.4560000000e+00 1.2254150060e-06 
4.4550000000e+00 1.2176649010e-06 
4.4540000000e+00 1.2099380800e-06 
4.4530000000e+00 1.2022351430e-06 
4.4520000000e+00 1.1945560160e-06 
4.4510000000e+00 1.1869003650e-06 
4.4500000000e+00 1.1792681520e-06 
4.4490000000e+00 1.1716594110e-06 
4.4480000000e+00 1.1640747170e-06 
4.4470000000e+00 1.1565140560e-06 
4.4460000000e+00 1.1489769020e-06 
4.4450000000e+00 1.1414633330e-06 
4.4440000000e+00 1.1339734110e-06 
4.4430000000e+00 1.1265071170e-06 
4.4420000000e+00 1.1190644590e-06 
4.4410000000e+00 1.1116455230e-06 
4.4400000000e+00 1.1042504710e-06 
4.4390000000e+00 1.0968797490e-06 
4.4380000000e+00 1.0895327840e-06 
4.4370000000e+00 1.0822097120e-06 
4.4360000000e+00 1.0749104500e-06 
4.4350000000e+00 1.0676350390e-06 
4.4340000000e+00 1.0603835180e-06 
4.4330000000e+00 1.0531559230e-06 
4.4320000000e+00 1.0459523860e-06 
4.4310000000e+00 1.0387728470e-06 
4.4300000000e+00 1.0316174410e-06 
4.4290000000e+00 1.0244862130e-06 
4.4280000000e+00 1.0173791240e-06 
4.4270000000e+00 1.0102961550e-06 
4.4260000000e+00 1.0032374390e-06 
4.4250000000e+00 9.9620290150e-07 
4.4240000000e+00 9.8919264600e-07 
4.4230000000e+00 9.8220665090e-07 
4.4220000000e+00 9.7524496110e-07 
4.4210000000e+00 9.6830789790e-07 
4.4200000000e+00 9.6139545910e-07 
4.4190000000e+00 9.5450742890e-07 
4.4180000000e+00 9.4764383980e-07 
4.4170000000e+00 9.4080480420e-07 
4.4160000000e+00 9.3399080150e-07 
4.4150000000e+00 9.2720134470e-07 
4.4140000000e+00 9.2043646540e-07 
4.4130000000e+00 9.1369618250e-07 
4.4120000000e+00 9.0698054270e-07 
4.4110000000e+00 9.0028964570e-07 
4.4100000000e+00 8.9362351230e-07 
4.4090000000e+00 8.8698222040e-07 
4.4080000000e+00 8.8036590670e-07 
4.4070000000e+00 8.7377467260e-07 
4.4060000000e+00 8.6720832260e-07 
4.4050000000e+00 8.6066689480e-07 
4.4040000000e+00 8.5415042510e-07 
4.4030000000e+00 8.4765897600e-07 
4.4020000000e+00 8.4119266180e-07 
4.4010000000e+00 8.3475154130e-07 
4.4000000000e+00 8.2833558600e-07 
4.3990000000e+00 8.2194211080e-07 
4.3980000000e+00 8.1557289990e-07 
4.3970000000e+00 8.0922895390e-07 
4.3960000000e+00 8.0291032510e-07 
4.3950000000e+00 7.9661713780e-07 
4.3940000000e+00 7.9034968810e-07 
4.3930000000e+00 7.8410795310e-07 
4.3920000000e+00 7.7789178630e-07 
4.3910000000e+00 7.7170108640e-07 
4.3900000000e+00 7.6553594370e-07 
4.3890000000e+00 7.5939647720e-07 
4.3880000000e+00 7.5328256630e-07 
4.3870000000e+00 7.4719438980e-07 
4.3860000000e+00 7.4113215100e-07 
4.3850000000e+00 7.3509562610e-07 
4.3840000000e+00 7.2908481970e-07 
4.3830000000e+00 7.2309978340e-07 
4.3820000000e+00 7.1714063300e-07 
4.3810000000e+00 7.1120766930e-07 
4.3800000000e+00 7.0530059410e-07 
4.3790000000e+00 6.9941945190e-07 
4.3780000000e+00 6.9356433850e-07 
4.3770000000e+00 6.8773519160e-07 
4.3760000000e+00 6.8193208390e-07 
4.3750000000e+00 6.7615521810e-07 
4.3740000000e+00 6.7040447300e-07 
4.3730000000e+00 6.6467985850e-07 
4.3720000000e+00 6.5898141310e-07 
4.3710000000e+00 6.5330921120e-07 
4.3700000000e+00 6.4766326510e-07 
4.3690000000e+00 6.4204361470e-07 
4.3680000000e+00 6.3645029150e-07 
4.3670000000e+00 6.3088332640e-07 
4.3660000000e+00 6.2534282790e-07 
4.3650000000e+00 6.1982875070e-07 
4.3640000000e+00 6.1434107000e-07 
4.3630000000e+00 6.0887987530e-07 
4.3620000000e+00 6.0344522710e-07 
4.3610000000e+00 5.9803710190e-07 
4.3600000000e+00 5.9265555880e-07 
4.3590000000e+00 5.8730069010e-07 
4.3580000000e+00 5.8197248410e-07 
4.3570000000e+00 5.7667095360e-07 
4.3560000000e+00 5.7139613170e-07 
4.3550000000e+00 5.6614805180e-07 
4.3540000000e+00 5.6092674690e-07 
4.3530000000e+00 5.5573224810e-07 
4.3520000000e+00 5.5056458740e-07 
4.3510000000e+00 5.4542379550e-07 
4.3500000000e+00 5.4030993070e-07 
4.3490000000e+00 5.3522306330e-07 
4.3480000000e+00 5.3016318530e-07 
4.3470000000e+00 5.2513051980e-07 
4.3460000000e+00 5.2012486740e-07 
4.3450000000e+00 5.1514625600e-07 
4.3440000000e+00 5.1019481730e-07 
4.3430000000e+00 5.0527055240e-07 
4.3420000000e+00 5.0037340340e-07 
4.3410000000e+00 4.9550340390e-07 
4.3400000000e+00 4.9066057030e-07 
4.3390000000e+00 4.8584493010e-07 
4.3380000000e+00 4.8105651700e-07 
4.3370000000e+00 4.7629535640e-07 
4.3360000000e+00 4.7156153720e-07 
4.3350000000e+00 4.6685527480e-07 
4.3340000000e+00 4.6217643950e-07 
4.3330000000e+00 4.5752496420e-07 
4.3320000000e+00 4.5290131160e-07 
4.3310000000e+00 4.4830517070e-07 
4.3300000000e+00 4.4373713970e-07 
4.3290000000e+00 4.3919652870e-07 
4.3280000000e+00 4.3468326310e-07 
4.3270000000e+00 4.3019739880e-07 
4.3260000000e+00 4.2573896990e-07 
4.3250000000e+00 4.2130797010e-07 
4.3240000000e+00 4.1690444370e-07 
4.3230000000e+00 4.1252831690e-07 
4.3220000000e+00 4.0817995970e-07 
4.3210000000e+00 4.0385909400e-07 
4.3200000000e+00 3.9956569280e-07 
4.3190000000e+00 3.9529971530e-07 
4.3180000000e+00 3.9106116980e-07 
4.3170000000e+00 3.8685006130e-07 
4.3160000000e+00 3.8266639420e-07 
4.3150000000e+00 3.7851027540e-07 
4.3140000000e+00 3.7438163280e-07 
4.3130000000e+00 3.7028042310e-07 
4.3120000000e+00 3.6620665090e-07 
4.3110000000e+00 3.6216031500e-07 
4.3100000000e+00 3.5814142910e-07 
4.3090000000e+00 3.5415000000e-07 
4.3080000000e+00 3.5018598750e-07 
4.3070000000e+00 3.4624940060e-07 
4.3060000000e+00 3.4234022520e-07 
4.3050000000e+00 3.3845844950e-07 
4.3040000000e+00 3.3460416590e-07 
4.3030000000e+00 3.3077744260e-07 
4.3020000000e+00 3.2697814560e-07 
4.3010000000e+00 3.2320620220e-07 
4.3000000000e+00 3.1946168640e-07 
4.2990000000e+00 3.1574438930e-07 
4.2980000000e+00 3.1205444570e-07 
4.2970000000e+00 3.0839182220e-07 
4.2960000000e+00 3.0475653860e-07 
4.2950000000e+00 3.0114841190e-07 
4.2940000000e+00 2.9756768700e-07 
4.2930000000e+00 2.9401412090e-07 
4.2920000000e+00 2.9048768470e-07 
4.2910000000e+00 2.8698834900e-07 
4.2900000000e+00 2.8351608340e-07 
4.2890000000e+00 2.8007085540e-07 
4.2880000000e+00 2.7665263170e-07 
4.2870000000e+00 2.7326138210e-07 
4.2860000000e+00 2.6989713280e-07 
4.2850000000e+00 2.6655977910e-07 
4.2840000000e+00 2.6324935370e-07 
4.2830000000e+00 2.5996573640e-07 
4.2820000000e+00 2.5670887600e-07 
4.2810000000e+00 2.5347872780e-07 
4.2800000000e+00 2.5027527730e-07 
4.2790000000e+00 2.4709846420e-07 
4.2780000000e+00 2.4394821630e-07 
4.2770000000e+00 2.4082449980e-07 
4.2760000000e+00 2.3772735130e-07 
4.2750000000e+00 2.3465668900e-07 
4.2740000000e+00 2.3161237220e-07 
4.2730000000e+00 2.2859435910e-07 
4.2720000000e+00 2.2560257380e-07 
4.2710000000e+00 2.2263695070e-07 
4.2700000000e+00 2.1969755820e-07 
4.2690000000e+00 2.1678424130e-07 
4.2680000000e+00 2.1389699100e-07 
4.2670000000e+00 2.1103568060e-07 
4.2660000000e+00 2.0820025460e-07 
4.2650000000e+00 2.0539055070e-07 
4.2640000000e+00 2.0260655800e-07 
4.2630000000e+00 1.9984825440e-07 
4.2620000000e+00 1.9711548230e-07 
4.2610000000e+00 1.9440815880e-07 
4.2600000000e+00 1.9172623660e-07 
4.2590000000e+00 1.8906961570e-07 
4.2580000000e+00 1.8643817090e-07 
4.2570000000e+00 1.8383180610e-07 
4.2560000000e+00 1.8125050750e-07 
4.2550000000e+00 1.7869422610e-07 
4.2540000000e+00 1.7616278550e-07 
4.2530000000e+00 1.7365605370e-07 
4.2520000000e+00 1.7117396870e-07 
4.2510000000e+00 1.6871640620e-07 
4.2500000000e+00 1.6628327000e-07 
4.2490000000e+00 1.6387449710e-07 
4.2480000000e+00 1.6148995490e-07 
4.2470000000e+00 1.5912962540e-07 
4.2460000000e+00 1.5679337050e-07 
4.2450000000e+00 1.5448102230e-07 
4.2440000000e+00 1.5219249280e-07 
4.2430000000e+00 1.4992767600e-07 
4.2420000000e+00 1.4768644260e-07 
4.2410000000e+00 1.4546869050e-07 
4.2400000000e+00 1.4327430990e-07 
4.2390000000e+00 1.4110317770e-07 
4.2380000000e+00 1.3895518050e-07 
4.2370000000e+00 1.3683025570e-07 
4.2360000000e+00 1.3472828190e-07 
4.2350000000e+00 1.3264908920e-07 
4.2340000000e+00 1.3059255700e-07 
4.2330000000e+00 1.2855863680e-07 
4.2320000000e+00 1.2654723970e-07 
4.2310000000e+00 1.2455816290e-07 
4.2300000000e+00 1.2259167770e-07 
4.2290000000e+00 1.2064718310e-07 
4.2280000000e+00 1.1872456700e-07 
4.2270000000e+00 1.1682378130e-07 
4.2260000000e+00 1.1494461530e-07 
4.2250000000e+00 1.1308693840e-07 
4.2240000000e+00 1.1125061900e-07 
4.2230000000e+00 1.0943552440e-07 
4.2220000000e+00 1.0764152300e-07 
4.2210000000e+00 1.0586848000e-07 
4.2200000000e+00 1.0411625600e-07 
4.2190000000e+00 1.0238519490e-07 
4.2180000000e+00 1.0067551190e-07 
4.2170000000e+00 9.8986153180e-08 
4.2160000000e+00 9.7317060930e-08 
4.2150000000e+00 9.5668086800e-08 
4.2140000000e+00 9.4039049140e-08 
4.2130000000e+00 9.2429721060e-08 
4.2120000000e+00 9.0839980410e-08 
4.2110000000e+00 8.9269742060e-08 
4.2100000000e+00 8.7718850780e-08 
4.2090000000e+00 8.6187164030e-08 
4.2080000000e+00 8.4674538920e-08 
4.2070000000e+00 8.3180840330e-08 
4.2060000000e+00 8.1705926870e-08 
4.2050000000e+00 8.0249639090e-08 
4.2040000000e+00 7.8811834010e-08 
4.2030000000e+00 7.7392366630e-08 
4.2020000000e+00 7.5991087520e-08 
4.2010000000e+00 7.4607849570e-08 
4.2000000000e+00 7.3242507700e-08 
4.1990000000e+00 7.1894911740e-08 
4.1980000000e+00 7.0564912680e-08 
4.1970000000e+00 6.9250667720e-08 
4.1960000000e+00 6.7955487310e-08 
4.1950000000e+00 6.6677494670e-08 
4.1940000000e+00 6.5416477760e-08 
4.1930000000e+00 6.4172347130e-08 
4.1920000000e+00 6.2944920900e-08 
4.1910000000e+00 6.1734058700e-08 
4.1900000000e+00 6.0539609180e-08 
4.1890000000e+00 5.9361394460e-08 
4.1880000000e+00 5.8199254640e-08 
4.1870000000e+00 5.7053041590e-08 
4.1860000000e+00 5.5922606080e-08 
4.1850000000e+00 5.4807832590e-08 
4.1840000000e+00 5.3708577350e-08 
4.1830000000e+00 5.2624643490e-08 
4.1820000000e+00 5.1555882570e-08 
4.1810000000e+00 5.0502146260e-08 
4.1800000000e+00 4.9463300260e-08 
4.1790000000e+00 4.8439186420e-08 
4.1780000000e+00 4.7429646460e-08 
4.1770000000e+00 4.6434531290e-08 
4.1760000000e+00 4.5453691930e-08 
4.1750000000e+00 4.4487027460e-08 
4.1740000000e+00 4.3534354790e-08 
4.1730000000e+00 4.2595503520e-08 
4.1720000000e+00 4.1670329250e-08 
4.1710000000e+00 4.0758685630e-08 
4.1700000000e+00 3.9860418090e-08 
4.1690000000e+00 3.8975378380e-08 
4.1680000000e+00 3.8103418190e-08 
4.1670000000e+00 3.7244405140e-08 
4.1660000000e+00 3.6398192860e-08 
4.1650000000e+00 3.5564612010e-08 
4.1640000000e+00 3.4743514310e-08 
4.1630000000e+00 3.3934773380e-08 
4.1620000000e+00 3.3138241040e-08 
4.1610000000e+00 3.2353742270e-08 
4.1600000000e+00 3.1581130150e-08 
4.1590000000e+00 3.0820256570e-08 
4.1580000000e+00 3.0070973950e-08 
4.1570000000e+00 2.9333136340e-08 
4.1560000000e+00 2.8606591590e-08 
4.1550000000e+00 2.7891210970e-08 
4.1540000000e+00 2.7186836710e-08 
4.1530000000e+00 2.6493304760e-08 
4.1520000000e+00 2.5810486050e-08 
4.1510000000e+00 2.5137316390e-08 
4.1500000000e+00 2.4475542790e-08 
4.1490000000e+00 2.3823986960e-08 
4.1480000000e+00 2.3182499770e-08 
4.1470000000e+00 2.2550955730e-08 
4.1460000000e+00 2.1929156500e-08 
4.1450000000e+00 2.1316942990e-08 
4.1440000000e+00 2.0714162770e-08 
4.1430000000e+00 2.0120643970e-08 
4.1420000000e+00 1.9536218080e-08 
4.1410000000e+00 1.8960714930e-08 
4.1400000000e+00 1.8393960350e-08 
4.1390000000e+00 1.7835775550e-08 
4.1380000000e+00 1.7285976230e-08 
4.1370000000e+00 1.6744371970e-08 
4.1360000000e+00 1.6211068720e-08 
4.1350000000e+00 1.5686170630e-08 
4.1340000000e+00 1.5168052730e-08 
4.1330000000e+00 1.4657852080e-08 
4.1320000000e+00 1.4154672930e-08 
4.1310000000e+00 1.3658259040e-08 
4.1300000000e+00 1.3168360050e-08 
4.1290000000e+00 1.2684682970e-08 
4.1280000000e+00 1.2206898210e-08 
4.1270000000e+00 1.1734623930e-08 
4.1260000000e+00 1.1267419270e-08 
4.1250000000e+00 1.0804171700e-08 
4.1240000000e+00 1.0345532400e-08 
4.1230000000e+00 9.8902177250e-09 
4.1220000000e+00 9.4375074810e-09 
4.1210000000e+00 8.9864255320e-09 
4.1200000000e+00 8.5351759980e-09 
4.1190000000e+00 8.0831826040e-09 
4.1180000000e+00 7.6278450180e-09 
4.1170000000e+00 7.1658200760e-09 
4.1160000000e+00 6.6932513120e-09 
4.1150000000e+00 6.2013915240e-09 
4.1140000000e+00 5.6758883550e-09 
4.1130000000e+00 5.0829295940e-09 
4.1120000000e+00 4.2712975490e-09 
4.1110000000e+00 9.3677477370e-12 
4.1100000000e+00 9.3248624650e-12 
4.1090000000e+00 9.2822513310e-12 
4.1080000000e+00 9.2400157230e-12 
4.1070000000e+00 9.1980193640e-12 
4.1060000000e+00 9.1561294200e-12 
4.1050000000e+00 9.1146013400e-12 
4.1040000000e+00 9.0732237120e-12 
4.1030000000e+00 9.0321447520e-12 
4.1020000000e+00 8.9913046090e-12 
4.1010000000e+00 8.9506584740e-12 
4.1000000000e+00 8.9103263330e-12 
4.0990000000e+00 8.8702740290e-12 
4.0980000000e+00 8.8304575830e-12 
4.0970000000e+00 8.7908058640e-12 
4.0960000000e+00 8.7513747360e-12 
4.0950000000e+00 8.7122319630e-12 
4.0940000000e+00 8.6731787950e-12 
4.0930000000e+00 8.6344592760e-12 
4.0920000000e+00 8.5960979330e-12 
4.0910000000e+00 8.5577869040e-12 
4.0900000000e+00 8.5197115200e-12 
4.0890000000e+00 8.4819329580e-12 
4.0880000000e+00 8.4443416460e-12 
4.0870000000e+00 8.4068783510e-12 
4.0860000000e+00 8.3696947910e-12 
4.0850000000e+00 8.3327267180e-12 
4.0840000000e+00 8.2959811040e-12 
4.0830000000e+00 8.2594281620e-12 
4.0820000000e+00 8.2232553240e-12 
4.0810000000e+00 8.1870125620e-12 
4.0800000000e+00 8.1510218150e-12 
4.0790000000e+00 8.1153848790e-12 
4.0780000000e+00 8.0797770250e-12 
4.0770000000e+00 8.0445473610e-12 
4.0760000000e+00 8.0094854240e-12 
4.0750000000e+00 7.9744588670e-12 
4.0740000000e+00 7.9398067500e-12 
4.0730000000e+00 7.9052250370e-12 
4.0720000000e+00 7.8708902890e-12 
4.0710000000e+00 7.8366653530e-12 
4.0700000000e+00 7.8027744110e-12 
4.0690000000e+00 7.7689583280e-12 
4.0680000000e+00 7.7353982610e-12 
4.0670000000e+00 7.7019023250e-12 
4.0660000000e+00 7.6688264940e-12 
4.0650000000e+00 7.6357357700e-12 
4.0640000000e+00 7.6029071740e-12 
4.0630000000e+00 7.5702699640e-12 
4.0620000000e+00 7.5377277090e-12 
4.0610000000e+00 7.5053786390e-12 
4.0600000000e+00 7.4732911140e-12 
4.0590000000e+00 7.4413131440e-12 
4.0580000000e+00 7.4095440000e-12 
4.0570000000e+00 7.3778926770e-12 
4.0560000000e+00 7.3464820490e-12 
4.0550000000e+00 7.3151822610e-12 
4.0540000000e+00 7.2840739910e-12 
4.0530000000e+00 7.2531052930e-12 
4.0520000000e+00 7.2223674980e-12 
4.0510000000e+00 7.1917292870e-12 
4.0500000000e+00 7.1612049190e-12 
4.0490000000e+00 7.1310056130e-12 
4.0480000000e+00 7.1008918570e-12 
4.0470000000e+00 7.0709063130e-12 
4.0460000000e+00 7.0411329280e-12 
4.0450000000e+00 7.0114625270e-12 
4.0440000000e+00 6.9820410240e-12 
4.0430000000e+00 6.9527891030e-12 
4.0420000000e+00 6.9235115290e-12 
4.0410000000e+00 6.8944708410e-12 
4.0400000000e+00 6.8656704740e-12 
4.0390000000e+00 6.8369475850e-12 
4.0380000000e+00 6.8083968350e-12 
4.0370000000e+00 6.7800032360e-12 
4.0360000000e+00 6.7517616160e-12 
4.0350000000e+00 6.7236532250e-12 
4.0340000000e+00 6.6957021320e-12 
4.0330000000e+00 6.6678409210e-12 
4.0320000000e+00 6.6401477550e-12 
4.0310000000e+00 6.6126667510e-12 
4.0300000000e+00 6.5852369220e-12 
4.0290000000e+00 6.5580022200e-12 
4.0280000000e+00 6.5308348670e-12 
4.0270000000e+00 6.5039487860e-12 
4.0260000000e+00 6.4770528640e-12 
4.0250000000e+00 6.4503528770e-12 
4.0240000000e+00 6.4239134080e-12 
4.0230000000e+00 6.3974368690e-12 
4.0220000000e+00 6.3712084040e-12 
4.0210000000e+00 6.3450064500e-12 
4.0200000000e+00 6.3189973060e-12 
4.0190000000e+00 6.2930343910e-12 
4.0180000000e+00 6.2673314150e-12 
4.0170000000e+00 6.2417662320e-12 
4.0160000000e+00 6.2162227560e-12 
4.0150000000e+00 6.1909123990e-12 
4.0140000000e+00 6.1655966770e-12 
4.0130000000e+00 6.1404642370e-12 
4.0120000000e+00 6.1155606500e-12 
4.0110000000e+00 6.0905997720e-12 
4.0100000000e+00 6.0660272890e-12 
4.0090000000e+00 6.0414374090e-12 
4.0080000000e+00 6.0170235260e-12 
4.0070000000e+00 5.9927165330e-12 
4.0060000000e+00 5.9685191830e-12 
4.0050000000e+00 5.9445495110e-12 
4.0040000000e+00 5.9206325330e-12 
4.0030000000e+00 5.8968067120e-12 
4.0020000000e+00 5.8730288230e-12 
4.0010000000e+00 5.8494664470e-12 
4.0000000000e+00 5.8260901700e-12 
3.9990000000e+00 5.8027913800e-12 
3.9980000000e+00 5.7795757830e-12 
3.9970000000e+00 5.7563195630e-12 
3.9960000000e+00 5.7333467510e-12 
3.9950000000e+00 5.7104465000e-12 
3.9940000000e+00 5.6876640500e-12 
3.9930000000e+00 5.6649701920e-12 
3.9920000000e+00 5.6424069730e-12 
3.9910000000e+00 5.6200138390e-12 
3.9900000000e+00 5.5977254790e-12 
3.9890000000e+00 5.5754011480e-12 
3.9880000000e+00 5.5531929350e-12 
3.9870000000e+00 5.5311959050e-12 
3.9860000000e+00 5.5093493100e-12 
3.9850000000e+00 5.4874819120e-12 
3.9840000000e+00 5.4657846450e-12 
3.9830000000e+00 5.4442003110e-12 
3.9820000000e+00 5.4226992250e-12 
3.9810000000e+00 5.4014260860e-12 
3.9800000000e+00 5.3799791990e-12 
3.9790000000e+00 5.3588249920e-12 
3.9780000000e+00 5.3377322810e-12 
3.9770000000e+00 5.3167330520e-12 
3.9760000000e+00 5.2958563640e-12 
3.9750000000e+00 5.2749781740e-12 
3.9740000000e+00 5.2543420560e-12 
3.9730000000e+00 5.2336884180e-12 
3.9720000000e+00 5.2133038530e-12 
3.9710000000e+00 5.1928063730e-12 
3.9700000000e+00 5.1725243420e-12 
3.9690000000e+00 5.1523688120e-12 
3.9680000000e+00 5.1322278580e-12 
3.9670000000e+00 5.1122236900e-12 
3.9660000000e+00 5.0922157730e-12 
3.9650000000e+00 5.0724752390e-12 
3.9640000000e+00 5.0527564910e-12 
3.9630000000e+00 5.0330407560e-12 
3.9620000000e+00 5.0135202170e-12 
3.9610000000e+00 4.9940735220e-12 
3.9600000000e+00 4.9747021720e-12 
3.9590000000e+00 4.9553907530e-12 
3.9580000000e+00 4.9361973550e-12 
3.9570000000e+00 4.9171393370e-12 
3.9560000000e+00 4.8981661810e-12 
3.9550000000e+00 4.8791580200e-12 
3.9540000000e+00 4.8604196160e-12 
3.9530000000e+00 4.8415755780e-12 
3.9520000000e+00 4.8229680240e-12 
3.9510000000e+00 4.8042942350e-12 
3.9500000000e+00 4.7858593880e-12 
3.9490000000e+00 4.7673568920e-12 
3.9480000000e+00 4.7490935940e-12 
3.9470000000e+00 4.7308280680e-12 
3.9460000000e+00 4.7126353210e-12 
3.9450000000e+00 4.6947004290e-12 
3.9440000000e+00 4.6766451610e-12 
3.9430000000e+00 4.6588003820e-12 
3.9420000000e+00 4.6408993920e-12 
3.9410000000e+00 4.6232527990e-12 
3.9400000000e+00 4.6055594390e-12 
3.9390000000e+00 4.5880029270e-12 
3.9380000000e+00 4.5704832380e-12 
3.9370000000e+00 4.5530517750e-12 
3.9360000000e+00 4.5356141520e-12 
3.9350000000e+00 4.5184377390e-12 
3.9340000000e+00 4.5012105110e-12 
3.9330000000e+00 4.4841322140e-12 
3.9320000000e+00 4.4670598490e-12 
3.9310000000e+00 4.4501036170e-12 
3.9300000000e+00 4.4332566460e-12 
3.9290000000e+00 4.4164301890e-12 
3.9280000000e+00 4.3996434950e-12 
3.9270000000e+00 4.3829600120e-12 
3.9260000000e+00 4.3664165670e-12 
3.9250000000e+00 4.3499523230e-12 
3.9240000000e+00 4.3334996780e-12 
3.9230000000e+00 4.3171261510e-12 
3.9220000000e+00 4.3008752070e-12 
3.9210000000e+00 4.2846739320e-12 
3.9200000000e+00 4.2685027290e-12 
3.9190000000e+00 4.2525301960e-12 
3.9180000000e+00 4.2364858140e-12 
3.9170000000e+00 4.2205106310e-12 
3.9160000000e+00 4.2046888540e-12 
3.9150000000e+00 4.1888874510e-12 
3.9140000000e+00 4.1732186010e-12 
3.9130000000e+00 4.1575579730e-12 
3.9120000000e+00 4.1419829120e-12 
3.9110000000e+00 4.1264495860e-12 
3.9100000000e+00 4.1110551560e-12 
3.9090000000e+00 4.0956555190e-12 
3.9080000000e+00 4.0803428030e-12 
3.9070000000e+00 4.0651769700e-12 
3.9060000000e+00 4.0499307910e-12 
3.9050000000e+00 4.0348346530e-12 
3.9040000000e+00 4.0198110390e-12 
3.9030000000e+00 4.0048149080e-12 
3.9020000000e+00 3.9899820380e-12 
3.9010000000e+00 3.9751887980e-12 
3.9000000000e+00 3.9604439710e-12 
3.8990000000e+00 3.9455806490e-12 
3.8980000000e+00 3.9310030520e-12 
3.8970000000e+00 3.9164181550e-12 
3.8960000000e+00 3.9018253490e-12 
3.8950000000e+00 3.8874398780e-12 
3.8940000000e+00 3.8730259470e-12 
3.8930000000e+00 3.8586912530e-12 
3.8920000000e+00 3.8444003020e-12 
3.8910000000e+00 3.8302320630e-12 
3.8900000000e+00 3.8160888010e-12 
3.8890000000e+00 3.8019617590e-12 
3.8880000000e+00 3.7879136130e-12 
3.8870000000e+00 3.7739220270e-12 
3.8860000000e+00 3.7600622090e-12 
3.8850000000e+00 3.7461948600e-12 
3.8840000000e+00 3.7324179540e-12 
3.8830000000e+00 3.7186930720e-12 
3.8820000000e+00 3.7049800340e-12 
3.8810000000e+00 3.6914558540e-12 
3.8800000000e+00 3.6778747210e-12 
3.8790000000e+00 3.6643797190e-12 
3.8780000000e+00 3.6509904980e-12 
3.8770000000e+00 3.6375152990e-12 
3.8760000000e+00 3.6242289870e-12 
3.8750000000e+00 3.6110597870e-12 
3.8740000000e+00 3.5978362360e-12 
3.8730000000e+00 3.5848355110e-12 
3.8720000000e+00 3.5717518460e-12 
3.8710000000e+00 3.5587279110e-12 
3.8700000000e+00 3.5458069530e-12 
3.8690000000e+00 3.5328178250e-12 
3.8680000000e+00 3.5200113550e-12 
3.8670000000e+00 3.5072592370e-12 
3.8660000000e+00 3.4944783560e-12 
3.8650000000e+00 3.4817936250e-12 
3.8640000000e+00 3.4692320020e-12 
3.8630000000e+00 3.4565865450e-12 
3.8620000000e+00 3.4441376920e-12 
3.8610000000e+00 3.4316237880e-12 
3.8600000000e+00 3.4192204860e-12 
3.8590000000e+00 3.4069470390e-12 
3.8580000000e+00 3.3945352760e-12 
3.8570000000e+00 3.3823202310e-12 
3.8560000000e+00 3.3701341970e-12 
3.8550000000e+00 3.3579644450e-12 
3.8540000000e+00 3.3458522450e-12 
3.8530000000e+00 3.3338434640e-12 
3.8520000000e+00 3.3217829140e-12 
3.8510000000e+00 3.3098418740e-12 
3.8500000000e+00 3.2980558390e-12 
3.8490000000e+00 3.2860538840e-12 
3.8480000000e+00 3.2742855150e-12 
3.8470000000e+00 3.2626066280e-12 
3.8460000000e+00 3.2508551560e-12 
3.8450000000e+00 3.2392230580e-12 
3.8440000000e+00 3.2275925450e-12 
3.8430000000e+00 3.2160526050e-12 
3.8420000000e+00 3.2044635180e-12 
3.8410000000e+00 3.1930857500e-12 
3.8400000000e+00 3.1816388070e-12 
3.8390000000e+00 3.1702870760e-12 
3.8380000000e+00 3.1589232120e-12 
3.8370000000e+00 3.1476773490e-12 
3.8360000000e+00 3.1364590590e-12 
3.8350000000e+00 3.1252589340e-12 
3.8340000000e+00 3.1141407180e-12 
3.8330000000e+00 3.1030305840e-12 
3.8320000000e+00 3.0920143040e-12 
3.8310000000e+00 3.0809562430e-12 
3.8300000000e+00 3.0700922880e-12 
3.8290000000e+00 3.0591899830e-12 
3.8280000000e+00 3.0482516340e-12 
3.8270000000e+00 3.0374364090e-12 
3.8260000000e+00 3.0266785230e-12 
3.8250000000e+00 3.0159504180e-12 
3.8240000000e+00 3.0051934120e-12 
3.8230000000e+00 2.9945944500e-12 
3.8220000000e+00 2.9839781440e-12 
3.8210000000e+00 2.9734264080e-12 
3.8200000000e+00 2.9629114870e-12 
3.8190000000e+00 2.9524558770e-12 
3.8180000000e+00 2.9421379070e-12 
3.8170000000e+00 2.9316831390e-12 
3.8160000000e+00 2.9213482780e-12 
3.8150000000e+00 2.9110813260e-12 
3.8140000000e+00 2.9008941960e-12 
3.8130000000e+00 2.8906559410e-12 
3.8120000000e+00 2.8804710020e-12 
3.8110000000e+00 2.8703895160e-12 
3.8100000000e+00 2.8603337940e-12 
3.8090000000e+00 2.8503038430e-12 
3.8080000000e+00 2.8403773520e-12 
3.8070000000e+00 2.8302776010e-12 
3.8060000000e+00 2.8204281780e-12 
3.8050000000e+00 2.8106611270e-12 
3.8040000000e+00 2.8007519780e-12 
3.8030000000e+00 2.7910142310e-12 
3.8020000000e+00 2.7812991910e-12 
3.8010000000e+00 2.7715193500e-12 
3.8000000000e+00 2.7618564300e-12 
3.7990000000e+00 2.7522133180e-12 
3.7980000000e+00 2.7425941980e-12 
3.7970000000e+00 2.7329988710e-12 
3.7960000000e+00 2.7234808150e-12 
3.7950000000e+00 2.7140373220e-12 
3.7940000000e+00 2.7046548260e-12 
3.7930000000e+00 2.6950783080e-12 
3.7920000000e+00 2.6858295240e-12 
3.7910000000e+00 2.6765001500e-12 
3.7900000000e+00 2.6672065240e-12 
3.7890000000e+00 2.6579029180e-12 
3.7880000000e+00 2.6487328320e-12 
3.7870000000e+00 2.6395387910e-12 
3.7860000000e+00 2.6303043040e-12 
3.7850000000e+00 2.6213004840e-12 
3.7840000000e+00 2.6121495010e-12 
3.7830000000e+00 2.6031170410e-12 
3.7820000000e+00 2.5941930870e-12 
3.7810000000e+00 2.5851458040e-12 
3.7800000000e+00 2.5762247960e-12 
3.7790000000e+00 2.5672293550e-12 
3.7780000000e+00 2.5584624420e-12 
3.7770000000e+00 2.5495895670e-12 
3.7760000000e+00 2.5407847910e-12 
3.7750000000e+00 2.5321347770e-12 
3.7740000000e+00 2.5233061410e-12 
3.7730000000e+00 2.5146324490e-12 
3.7720000000e+00 2.5059173740e-12 
3.7710000000e+00 2.4973764730e-12 
3.7700000000e+00 2.4888194770e-12 
3.7690000000e+00 2.4802246710e-12 
3.7680000000e+00 2.4716258990e-12 
3.7670000000e+00 2.4631827400e-12 
3.7660000000e+00 2.4547822060e-12 
3.7650000000e+00 2.4463217510e-12 
3.7640000000e+00 2.4379053970e-12 
3.7630000000e+00 2.4295250050e-12 
3.7620000000e+00 2.4212183870e-12 
3.7610000000e+00 2.4129598590e-12 
3.7600000000e+00 2.4046880830e-12 
3.7590000000e+00 2.3965004020e-12 
3.7580000000e+00 2.3883297210e-12 
3.7570000000e+00 2.3800887470e-12 
3.7560000000e+00 2.3719794620e-12 
3.7550000000e+00 2.3639452680e-12 
3.7540000000e+00 2.3558819480e-12 
3.7530000000e+00 2.3478557200e-12 
3.7520000000e+00 2.3398394370e-12 
3.7510000000e+00 2.3319454760e-12 
3.7500000000e+00 2.3239440900e-12 
3.7490000000e+00 2.3160501150e-12 
3.7480000000e+00 2.3082217290e-12 
3.7470000000e+00 2.3003635340e-12 
3.7460000000e+00 2.2926466780e-12 
3.7450000000e+00 2.2846634860e-12 
3.7440000000e+00 2.2770411880e-12 
3.7430000000e+00 2.2692958490e-12 
3.7420000000e+00 2.2615878850e-12 
3.7410000000e+00 2.2538650830e-12 
3.7400000000e+00 2.2462577840e-12 
3.7390000000e+00 2.2388205060e-12 
3.7380000000e+00 2.2311841900e-12 
3.7370000000e+00 2.2235213650e-12 
3.7360000000e+00 2.2160538530e-12 
3.7350000000e+00 2.2085932620e-12 
3.7340000000e+00 2.2010664950e-12 
3.7330000000e+00 2.1937185570e-12 
3.7320000000e+00 2.1863176150e-12 
3.7310000000e+00 2.1789112930e-12 
3.7300000000e+00 2.1715056560e-12 
3.7290000000e+00 2.1642260280e-12 
3.7280000000e+00 2.1568867330e-12 
3.7270000000e+00 2.1497131440e-12 
3.7260000000e+00 2.1424032470e-12 
3.7250000000e+00 2.1352256470e-12 
3.7240000000e+00 2.1280049040e-12 
3.7230000000e+00 2.1208993440e-12 
3.7220000000e+00 2.1137450120e-12 
3.7210000000e+00 2.1065734520e-12 
3.7200000000e+00 2.0995440350e-12 
3.7190000000e+00 2.0925057560e-12 
3.7180000000e+00 2.0855492680e-12 
3.7170000000e+00 2.0785258640e-12 
3.7160000000e+00 2.0714871390e-12 
3.7150000000e+00 2.0646864530e-12 
3.7140000000e+00 2.0576707820e-12 
3.7130000000e+00 2.0508240250e-12 
3.7120000000e+00 2.0439584180e-12 
3.7110000000e+00 2.0370885870e-12 
3.7100000000e+00 2.0302765700e-12 
3.7090000000e+00 2.0234820610e-12 
3.7080000000e+00 2.0167787940e-12 
3.7070000000e+00 2.0100619240e-12 
3.7060000000e+00 2.0033091090e-12 
3.7050000000e+00 1.9966605010e-12 
3.7040000000e+00 1.9899770010e-12 
3.7030000000e+00 1.9833173050e-12 
3.7020000000e+00 1.9767488830e-12 
3.7010000000e+00 1.9701852670e-12 
3.7000000000e+00 1.9636060760e-12 
3.6990000000e+00 1.9570640920e-12 
3.6980000000e+00 1.9505467750e-12 
3.6970000000e+00 1.9440683300e-12 
3.6960000000e+00 1.9375927090e-12 
3.6950000000e+00 1.9311495300e-12 
3.6940000000e+00 1.9247475620e-12 
3.6930000000e+00 1.9183785410e-12 
3.6920000000e+00 1.9121296960e-12 
3.6910000000e+00 1.9058594200e-12 
3.6900000000e+00 1.8996420710e-12 
3.6890000000e+00 1.8933149500e-12 
3.6880000000e+00 1.8870982050e-12 
3.6870000000e+00 1.8809379520e-12 
3.6860000000e+00 1.8747028210e-12 
3.6850000000e+00 1.8685448690e-12 
3.6840000000e+00 1.8624544930e-12 
3.6830000000e+00 1.8563312340e-12 
3.6820000000e+00 1.8502715910e-12 
3.6810000000e+00 1.8441807450e-12 
3.6800000000e+00 1.8381894490e-12 
3.6790000000e+00 1.8322005840e-12 
3.6780000000e+00 1.8261795080e-12 
3.6770000000e+00 1.8201975190e-12 
3.6760000000e+00 1.8142209000e-12 
3.6750000000e+00 1.8082931000e-12 
3.6740000000e+00 1.8023836280e-12 
3.6730000000e+00 1.7965503440e-12 
3.6720000000e+00 1.7906748960e-12 
3.6710000000e+00 1.7847793600e-12 
3.6700000000e+00 1.7790300880e-12 
3.6690000000e+00 1.7731734630e-12 
3.6680000000e+00 1.7673700770e-12 
3.6670000000e+00 1.7616391440e-12 
3.6660000000e+00 1.7559123700e-12 
3.6650000000e+00 1.7502162890e-12 
3.6640000000e+00 1.7445116340e-12 
3.6630000000e+00 1.7389173220e-12 
3.6620000000e+00 1.7331512310e-12 
3.6610000000e+00 1.7274542800e-12 
3.6600000000e+00 1.7219298700e-12 
3.6590000000e+00 1.7163837600e-12 
3.6580000000e+00 1.7108213830e-12 
3.6570000000e+00 1.7053304680e-12 
3.6560000000e+00 1.6998531630e-12 
3.6550000000e+00 1.6943410140e-12 
3.6540000000e+00 1.6887812840e-12 
3.6530000000e+00 1.6834250340e-12 
3.6520000000e+00 1.6779309810e-12 
3.6510000000e+00 1.6724192260e-12 
3.6500000000e+00 1.6671232850e-12 
3.6490000000e+00 1.6617962820e-12 
3.6480000000e+00 1.6563682510e-12 
3.6470000000e+00 1.6509868640e-12 
3.6460000000e+00 1.6457398480e-12 
3.6450000000e+00 1.6403459490e-12 
3.6440000000e+00 1.6351167400e-12 
3.6430000000e+00 1.6298228650e-12 
3.6420000000e+00 1.6246516800e-12 
3.6410000000e+00 1.6194110320e-12 
3.6400000000e+00 1.6141604510e-12 
3.6390000000e+00 1.6090361220e-12 
3.6380000000e+00 1.6037186920e-12 
3.6370000000e+00 1.5986752290e-12 
3.6360000000e+00 1.5935920160e-12 
3.6350000000e+00 1.5884249490e-12 
3.6340000000e+00 1.5832680200e-12 
3.6330000000e+00 1.5781939200e-12 
3.6320000000e+00 1.5731259980e-12 
3.6310000000e+00 1.5681400760e-12 
3.6300000000e+00 1.5630689400e-12 
3.6290000000e+00 1.5580520360e-12 
3.6280000000e+00 1.5530947940e-12 
3.6270000000e+00 1.5481477170e-12 
3.6260000000e+00 1.5432083000e-12 
3.6250000000e+00 1.5381470520e-12 
3.6240000000e+00 1.5332549240e-12 
3.6230000000e+00 1.5283784050e-12 
3.6220000000e+00 1.5235175720e-12 
3.6210000000e+00 1.5186141720e-12 
3.6200000000e+00 1.5137453980e-12 
3.6190000000e+00 1.5089480140e-12 
3.6180000000e+00 1.5041374310e-12 
3.6170000000e+00 1.4992842030e-12 
3.6160000000e+00 1.4944787730e-12 
3.6150000000e+00 1.4897185430e-12 
3.6140000000e+00 1.4850187590e-12 
3.6130000000e+00 1.4802784520e-12 
3.6120000000e+00 1.4756170970e-12 
3.6110000000e+00 1.4709645720e-12 
3.6100000000e+00 1.4662542900e-12 
3.6090000000e+00 1.4616524350e-12 
3.6080000000e+00 1.4569398900e-12 
3.6070000000e+00 1.4522914850e-12 
3.6060000000e+00 1.4477136980e-12 
3.6050000000e+00 1.4432558250e-12 
3.6040000000e+00 1.4386350640e-12 
3.6030000000e+00 1.4340454550e-12 
3.6020000000e+00 1.4295931030e-12 
3.6010000000e+00 1.4250242390e-12 
3.6000000000e+00 1.4205115960e-12 
3.5990000000e+00 1.4160399030e-12 
3.5980000000e+00 1.4115713880e-12 
3.5970000000e+00 1.4070778340e-12 
3.5960000000e+00 1.4026605230e-12 
3.5950000000e+00 1.3982173660e-12 
3.5940000000e+00 1.3938306620e-12 
3.5930000000e+00 1.3894296020e-12 
3.5920000000e+00 1.3850730950e-12 
3.5910000000e+00 1.3807039140e-12 
3.5900000000e+00 1.3763418600e-12 
3.5890000000e+00 1.3719974380e-12 
3.5880000000e+00 1.3677494270e-12 
3.5870000000e+00 1.3634158460e-12 
3.5860000000e+00 1.3591769630e-12 
3.5850000000e+00 1.3549005790e-12 
3.5840000000e+00 1.3505610690e-12 
3.5830000000e+00 1.3463352800e-12 
3.5820000000e+00 1.3421352840e-12 
3.5810000000e+00 1.3379912270e-12 
3.5800000000e+00 1.3337261770e-12 
3.5790000000e+00 1.3296170470e-12 
3.5780000000e+00 1.3254461780e-12 
3.5770000000e+00 1.3212526580e-12 
3.5760000000e+00 1.3171419670e-12 
3.5750000000e+00 1.3129996480e-12 
3.5740000000e+00 1.3089643670e-12 
3.5730000000e+00 1.3048486570e-12 
3.5720000000e+00 1.3007662940e-12 
3.5710000000e+00 1.2967671980e-12 
3.5700000000e+00 1.2927382130e-12 
3.5690000000e+00 1.2887434250e-12 
3.5680000000e+00 1.2846570920e-12 
3.5670000000e+00 1.2807108500e-12 
3.5660000000e+00 1.2767271650e-12 
3.5650000000e+00 1.2727638940e-12 
3.5640000000e+00 1.2688256240e-12 
3.5630000000e+00 1.2648900030e-12 
3.5620000000e+00 1.2609773100e-12 
3.5610000000e+00 1.2570424310e-12 
3.5600000000e+00 1.2531618150e-12 
3.5590000000e+00 1.2492201690e-12 
3.5580000000e+00 1.2454221830e-12 
3.5570000000e+00 1.2416371090e-12 
3.5560000000e+00 1.2377488210e-12 
3.5550000000e+00 1.2338525630e-12 
3.5540000000e+00 1.2300022250e-12 
3.5530000000e+00 1.2262984810e-12 
3.5520000000e+00 1.2224641690e-12 
3.5510000000e+00 1.2186968780e-12 
3.5500000000e+00 1.2149477360e-12 
3.5490000000e+00 1.2111826990e-12 
3.5480000000e+00 1.2074266240e-12 
3.5470000000e+00 1.2037006090e-12 
3.5460000000e+00 1.2000011040e-12 
3.5450000000e+00 1.1962919670e-12 
3.5440000000e+00 1.1926387830e-12 
3.5430000000e+00 1.1889172810e-12 
3.5420000000e+00 1.1852287580e-12 
3.5410000000e+00 1.1815366800e-12 
3.5400000000e+00 1.1779074690e-12 
3.5390000000e+00 1.1743549130e-12 
3.5380000000e+00 1.1706787100e-12 
3.5370000000e+00 1.1670944120e-12 
3.5360000000e+00 1.1635126270e-12 
3.5350000000e+00 1.1599001460e-12 
3.5340000000e+00 1.1563329190e-12 
3.5330000000e+00 1.1528058980e-12 
3.5320000000e+00 1.1492268970e-12 
3.5310000000e+00 1.1457237310e-12 
3.5300000000e+00 1.1421666980e-12 
3.5290000000e+00 1.1387233080e-12 
3.5280000000e+00 1.1351397930e-12 
3.5270000000e+00 1.1316774440e-12 
3.5260000000e+00 1.1282172110e-12 
3.5250000000e+00 1.1247296440e-12 
3.5240000000e+00 1.1212684240e-12 
3.5230000000e+00 1.1178074440e-12 
3.5220000000e+00 1.1144378390e-12 
3.5210000000e+00 1.1110373510e-12 
3.5200000000e+00 1.1076162230e-12 
3.5190000000e+00 1.1042118460e-12 
3.5180000000e+00 1.1008096000e-12 
3.5170000000e+00 1.0973829600e-12 
3.5160000000e+00 1.0940553680e-12 
3.5150000000e+00 1.0906595240e-12 
3.5140000000e+00 1.0873401740e-12 
3.5130000000e+00 1.0840137740e-12 
3.5120000000e+00 1.0807461170e-12 
3.5110000000e+00 1.0774822740e-12 
3.5100000000e+00 1.0740735340e-12 
3.5090000000e+00 1.0707765950e-12 
3.5080000000e+00 1.0675484310e-12 
3.5070000000e+00 1.0642668590e-12 
3.5060000000e+00 1.0610001790e-12 
3.5050000000e+00 1.0577024410e-12 
3.5040000000e+00 1.0545352920e-12 
3.5030000000e+00 1.0512426810e-12 
3.5020000000e+00 1.0481189020e-12 
3.5010000000e+00 1.0449068450e-12 
3.5000000000e+00 1.0417342180e-12 
3.4990000000e+00 1.0385751370e-12 
3.4980000000e+00 1.0354071670e-12 
3.4970000000e+00 1.0323444550e-12 
3.4960000000e+00 1.0291492080e-12 
3.4950000000e+00 1.0260348840e-12 
3.4940000000e+00 1.0229536410e-12 
3.4930000000e+00 1.0198854470e-12 
3.4920000000e+00 1.0167256610e-12 
3.4910000000e+00 1.0136835690e-12 
3.4900000000e+00 1.0106106670e-12 
3.4890000000e+00 1.0075547890e-12 
3.4880000000e+00 1.0045366960e-12 
3.4870000000e+00 1.0014585630e-12 
3.4860000000e+00 9.9845761230e-13 
3.4850000000e+00 9.9540561020e-13 
3.4840000000e+00 9.9242046860e-13 
3.4830000000e+00 9.8945048180e-13 
3.4820000000e+00 9.8643737790e-13 
3.4810000000e+00 9.8344015020e-13 
3.4800000000e+00 9.8044597370e-13 
3.4790000000e+00 9.7749872490e-13 
3.4780000000e+00 9.7456465150e-13 
3.4770000000e+00 9.7163237640e-13 
3.4760000000e+00 9.6873281320e-13 
3.4750000000e+00 9.6576654330e-13 
3.4740000000e+00 9.6286912180e-13 
3.4730000000e+00 9.5997045280e-13 
3.4720000000e+00 9.5709261780e-13 
3.4710000000e+00 9.5413038250e-13 
3.4700000000e+00 9.5124247460e-13 
3.4690000000e+00 9.4839982300e-13 
3.4680000000e+00 9.4551178140e-13 
3.4670000000e+00 9.4266147210e-13 
3.4660000000e+00 9.3977265960e-13 
3.4650000000e+00 9.3700973090e-13 
3.4640000000e+00 9.3417969610e-13 
3.4630000000e+00 9.3139429960e-13 
3.4620000000e+00 9.2855015420e-13 
3.4610000000e+00 9.2578592570e-13 
3.4600000000e+00 9.2297008690e-13 
3.4590000000e+00 9.2029664730e-13 
3.4580000000e+00 9.1746108220e-13 
3.4570000000e+00 9.1477857100e-13 
3.4560000000e+00 9.1200808410e-13 
3.4550000000e+00 9.0927995500e-13 
3.4540000000e+00 9.0661862200e-13 
3.4530000000e+00 9.0383109480e-13 
3.4520000000e+00 9.0127368740e-13 
3.4510000000e+00 8.9842236530e-13 
3.4500000000e+00 8.9579867100e-13 
3.4490000000e+00 8.9306445250e-13 
3.4480000000e+00 8.9045098770e-13 
3.4470000000e+00 8.8777651400e-13 
3.4460000000e+00 8.8516341740e-13 
3.4450000000e+00 8.8251436820e-13 
3.4440000000e+00 8.7982351910e-13 
3.4430000000e+00 8.7724859150e-13 
3.4420000000e+00 8.7467268410e-13 
3.4410000000e+00 8.7203137980e-13 
3.4400000000e+00 8.6944707490e-13 
3.4390000000e+00 8.6679654010e-13 
3.4380000000e+00 8.6417293030e-13 
3.4370000000e+00 8.6160507020e-13 
3.4360000000e+00 8.5913201890e-13 
3.4350000000e+00 8.5657707710e-13 
3.4340000000e+00 8.5391100490e-13 
3.4330000000e+00 8.5133995370e-13 
3.4320000000e+00 8.4883175920e-13 
3.4310000000e+00 8.4641942340e-13 
3.4300000000e+00 8.4380761150e-13 
3.4290000000e+00 8.4131380030e-13 
3.4280000000e+00 8.3889642660e-13 
3.4270000000e+00 8.3635268310e-13 
3.4260000000e+00 8.3384715690e-13 
3.4250000000e+00 8.3141911580e-13 
3.4240000000e+00 8.2893948210e-13 
3.4230000000e+00 8.2644313710e-13 
3.4220000000e+00 8.2396496240e-13 
3.4210000000e+00 8.2152480150e-13 
3.4200000000e+00 8.1911806060e-13 
3.4190000000e+00 8.1664552970e-13 
3.4180000000e+00 8.1420934490e-13 
3.4170000000e+00 8.1180282370e-13 
3.4160000000e+00 8.0934450960e-13 
3.4150000000e+00 8.0692421590e-13 
3.4140000000e+00 8.0466517420e-13 
3.4130000000e+00 8.0217868700e-13 
3.4120000000e+00 7.9979413610e-13 
3.4110000000e+00 7.9752154810e-13 
3.4100000000e+00 7.9513430500e-13 
3.4090000000e+00 7.9277255660e-13 
3.4080000000e+00 7.9035171340e-13 
3.4070000000e+00 7.8813181390e-13 
3.4060000000e+00 7.8568927980e-13 
3.4050000000e+00 7.8338043670e-13 
3.4040000000e+00 7.8109020090e-13 
3.4030000000e+00 7.7872646370e-13 
3.4020000000e+00 7.7637465210e-13 
3.4010000000e+00 7.7416405480e-13 
3.4000000000e+00 7.7186784500e-13 
3.3990000000e+00 7.6959087400e-13 
3.3980000000e+00 7.6725293860e-13 
3.3970000000e+00 7.6502614480e-13 
3.3960000000e+00 7.6271896410e-13 
3.3950000000e+00 7.6046389630e-13 
3.3940000000e+00 7.5823206740e-13 
3.3930000000e+00 7.5605192400e-13 
3.3920000000e+00 7.5378349800e-13 
3.3910000000e+00 7.5147813600e-13 
3.3900000000e+00 7.4931734300e-13 
3.3890000000e+00 7.4707324780e-13 
3.3880000000e+00 7.4482146050e-13 
3.3870000000e+00 7.4267268080e-13 
3.3860000000e+00 7.4045731100e-13 
3.3850000000e+00 7.3827413730e-13 
3.3840000000e+00 7.3607533500e-13 
3.3830000000e+00 7.3393902420e-13 
3.3820000000e+00 7.3174740610e-13 
3.3810000000e+00 7.2957671760e-13 
3.3800000000e+00 7.2741421870e-13 
3.3790000000e+00 7.2531901930e-13 
3.3780000000e+00 7.2310439450e-13 
3.3770000000e+00 7.2100991380e-13 
3.3760000000e+00 7.1885365640e-13 
3.3750000000e+00 7.1674130900e-13 
3.3740000000e+00 7.1460959940e-13 
3.3730000000e+00 7.1251832450e-13 
3.3720000000e+00 7.1043420290e-13 
3.3710000000e+00 7.0827744880e-13 
3.3700000000e+00 7.0619698420e-13 
3.3690000000e+00 7.0416753720e-13 
3.3680000000e+00 7.0202911760e-13 
3.3670000000e+00 7.0000333270e-13 
3.3660000000e+00 6.9798700370e-13 
3.3650000000e+00 6.9581115940e-13 
3.3640000000e+00 6.9378847200e-13 
3.3630000000e+00 6.9176688850e-13 
3.3620000000e+00 6.8974557420e-13 
3.3610000000e+00 6.8770489660e-13 
3.3600000000e+00 6.8560496310e-13 
3.3590000000e+00 6.8367636200e-13 
3.3580000000e+00 6.8159368160e-13 
3.3570000000e+00 6.7961403630e-13 
3.3560000000e+00 6.7761482290e-13 
3.3550000000e+00 6.7568376570e-13 
3.3540000000e+00 6.7358505640e-13 
3.3530000000e+00 6.7162138190e-13 
3.3520000000e+00 6.6969749020e-13 
3.3510000000e+00 6.6768510960e-13 
3.3500000000e+00 6.6565880580e-13 
3.3490000000e+00 6.6368416340e-13 
3.3480000000e+00 6.6179543710e-13 
3.3470000000e+00 6.5981279450e-13 
3.3460000000e+00 6.5788745460e-13 
3.3450000000e+00 6.5598354080e-13 
3.3440000000e+00 6.5405885970e-13 
3.3430000000e+00 6.5212109730e-13 
3.3420000000e+00 6.5026048420e-13 
3.3410000000e+00 6.4827818130e-13 
3.3400000000e+00 6.4634754650e-13 
3.3390000000e+00 6.4450638350e-13 
3.3380000000e+00 6.4255000310e-13 
3.3370000000e+00 6.4068121870e-13 
3.3360000000e+00 6.3873941390e-13 
3.3350000000e+00 6.3691194180e-13 
3.3340000000e+00 6.3504803770e-13 
3.3330000000e+00 6.3313352260e-13 
3.3320000000e+00 6.3126880340e-13 
3.3310000000e+00 6.2947873640e-13 
3.3300000000e+00 6.2759038170e-13 
3.3290000000e+00 6.2576352220e-13 
3.3280000000e+00 6.2397330340e-13 
3.3270000000e+00 6.2206245050e-13 
3.3260000000e+00 6.2020584130e-13 
3.3250000000e+00 6.1848361960e-13 
3.3240000000e+00 6.1661110760e-13 
3.3230000000e+00 6.1478631160e-13 
3.3220000000e+00 6.1296537050e-13 
3.3210000000e+00 6.1112990030e-13 
3.3200000000e+00 6.0938590050e-13 
3.3190000000e+00 6.0754968070e-13 
3.3180000000e+00 6.0576410550e-13 
3.3170000000e+00 6.0398322540e-13 
3.3160000000e+00 6.0224609870e-13 
3.3150000000e+00 6.0052724460e-13 
3.3140000000e+00 5.9869528740e-13 
3.3130000000e+00 5.9696577530e-13 
3.3120000000e+00 5.9522905430e-13 
3.3110000000e+00 5.9346967090e-13 
3.3100000000e+00 5.9169974000e-13 
3.3090000000e+00 5.8999967560e-13 
3.3080000000e+00 5.8833543310e-13 
3.3070000000e+00 5.8655099040e-13 
3.3060000000e+00 5.8478921220e-13 
3.3050000000e+00 5.8309318650e-13 
3.3040000000e+00 5.8142820300e-13 
3.3030000000e+00 5.7966683360e-13 
3.3020000000e+00 5.7799538700e-13 
3.3010000000e+00 5.7632277580e-13 
3.3000000000e+00 5.7464764670e-13 
3.2990000000e+00 5.7294485240e-13 
3.2980000000e+00 5.7130420600e-13 
3.2970000000e+00 5.6960849590e-13 
3.2960000000e+00 5.6798428830e-13 
3.2950000000e+00 5.6624343690e-13 
3.2940000000e+00 5.6456389540e-13 
3.2930000000e+00 5.6294441150e-13 
3.2920000000e+00 5.6137621330e-13 
3.2910000000e+00 5.5970808280e-13 
3.2900000000e+00 5.5805886500e-13 
3.2890000000e+00 5.5644130150e-13 
3.2880000000e+00 5.5479252430e-13 
3.2870000000e+00 5.5322344150e-13 
3.2860000000e+00 5.5155651810e-13 
3.2850000000e+00 5.4994965700e-13 
3.2840000000e+00 5.4839638390e-13 
3.2830000000e+00 5.4669222020e-13 
3.2820000000e+00 5.4515693940e-13 
3.2810000000e+00 5.4355598630e-13 
3.2800000000e+00 5.4200026450e-13 
3.2790000000e+00 5.4045507260e-13 
3.2780000000e+00 5.3885736520e-13 
3.2770000000e+00 5.3725852800e-13 
3.2760000000e+00 5.3575568510e-13 
3.2750000000e+00 5.3409924270e-13 
3.2740000000e+00 5.3258451190e-13 
3.2730000000e+00 5.3097610800e-13 
3.2720000000e+00 5.2955414030e-13 
3.2710000000e+00 5.2793408880e-13 
3.2700000000e+00 5.2640377060e-13 
3.2690000000e+00 5.2485520260e-13 
3.2680000000e+00 5.2333245600e-13 
3.2670000000e+00 5.2184242360e-13 
3.2660000000e+00 5.2026333740e-13 
3.2650000000e+00 5.1879069590e-13 
3.2640000000e+00 5.1727222170e-13 
3.2630000000e+00 5.1581029690e-13 
3.2620000000e+00 5.1422365210e-13 
3.2610000000e+00 5.1274490100e-13 
3.2600000000e+00 5.1131376570e-13 
3.2590000000e+00 5.0975244510e-13 
3.2580000000e+00 5.0833036780e-13 
3.2570000000e+00 5.0689464470e-13 
3.2560000000e+00 5.0548997320e-13 
3.2550000000e+00 5.0394800840e-13 
3.2540000000e+00 5.0248680580e-13 
3.2530000000e+00 5.0097123010e-13 
3.2520000000e+00 4.9953752090e-13 
3.2510000000e+00 4.9812297990e-13 
3.2500000000e+00 4.9660206410e-13 
3.2490000000e+00 4.9521480210e-13 
3.2480000000e+00 4.9379071630e-13 
3.2470000000e+00 4.9229158470e-13 
3.2460000000e+00 4.9087363910e-13 
3.2450000000e+00 4.8945500450e-13 
3.2440000000e+00 4.8798095860e-13 
3.2430000000e+00 4.8661064800e-13 
3.2420000000e+00 4.8515621330e-13 
3.2410000000e+00 4.8384458330e-13 
3.2400000000e+00 4.8241570850e-13 
3.2390000000e+00 4.8099721450e-13 
3.2380000000e+00 4.7956049150e-13 
3.2370000000e+00 4.7812016090e-13 
3.2360000000e+00 4.7680070680e-13 
3.2350000000e+00 4.7536882700e-13 
3.2340000000e+00 4.7405655680e-13 
3.2330000000e+00 4.7262768100e-13 
3.2320000000e+00 4.7133033580e-13 
3.2310000000e+00 4.6988276220e-13 
3.2300000000e+00 4.6859992990e-13 
3.2290000000e+00 4.6715245830e-13 
3.2280000000e+00 4.6580665130e-13 
3.2270000000e+00 4.6445181050e-13 
3.2260000000e+00 4.6318881840e-13 
3.2250000000e+00 4.6177560020e-13 
3.2240000000e+00 4.6051772660e-13 
3.2230000000e+00 4.5912362150e-13 
3.2220000000e+00 4.5779734710e-13 
3.2210000000e+00 4.5647206680e-13 
3.2200000000e+00 4.5512062830e-13 
3.2190000000e+00 4.5380214110e-13 
3.2180000000e+00 4.5247169950e-13 
3.2170000000e+00 4.5115875380e-13 
3.2160000000e+00 4.4981986040e-13 
3.2150000000e+00 4.4857219330e-13 
3.2140000000e+00 4.4728123680e-13 
3.2130000000e+00 4.4604118630e-13 
3.2120000000e+00 4.4472297380e-13 
3.2110000000e+00 4.4341557660e-13 
3.2100000000e+00 4.4220650980e-13 
3.2090000000e+00 4.4086059100e-13 
3.2080000000e+00 4.3955952840e-13 
3.2070000000e+00 4.3826321710e-13 
3.2060000000e+00 4.3703077530e-13 
3.2050000000e+00 4.3582794960e-13 
3.2040000000e+00 4.3456743450e-13 
3.2030000000e+00 4.3327220560e-13 
3.2020000000e+00 4.3202607100e-13 
3.2010000000e+00 4.3075296670e-13 
3.2000000000e+00 4.2962707240e-13 
3.1990000000e+00 4.2821457480e-13 
3.1980000000e+00 4.2705831570e-13 
3.1970000000e+00 4.2580865460e-13 
3.1960000000e+00 4.2464375410e-13 
3.1950000000e+00 4.2334702100e-13 
3.1940000000e+00 4.2214194170e-13 
3.1930000000e+00 4.2094664150e-13 
3.1920000000e+00 4.1966963770e-13 
3.1910000000e+00 4.1848449780e-13 
3.1900000000e+00 4.1721932600e-13 
3.1890000000e+00 4.1608443570e-13 
3.1880000000e+00 4.1490815410e-13 
3.1870000000e+00 4.1369792760e-13 
3.1860000000e+00 4.1252107050e-13 
3.1850000000e+00 4.1129300230e-13 
3.1840000000e+00 4.1014656190e-13 
3.1830000000e+00 4.0890296080e-13 
3.1820000000e+00 4.0779926150e-13 
3.1810000000e+00 4.0666670110e-13 
3.1800000000e+00 4.0540439820e-13 
3.1790000000e+00 4.0421411730e-13 
3.1780000000e+00 4.0310797290e-13 
3.1770000000e+00 4.0194874090e-13 
3.1760000000e+00 4.0083918340e-13 
3.1750000000e+00 3.9965040290e-13 
3.1740000000e+00 3.9849579340e-13 
3.1730000000e+00 3.9731211830e-13 
3.1720000000e+00 3.9623367850e-13 
3.1710000000e+00 3.9509171120e-13 
3.1700000000e+00 3.9395493340e-13 
3.1690000000e+00 3.9287138460e-13 
3.1680000000e+00 3.9172305620e-13 
3.1670000000e+00 3.9053104420e-13 
3.1660000000e+00 3.8938766730e-13 
3.1650000000e+00 3.8834451560e-13 
3.1640000000e+00 3.8722802230e-13 
3.1630000000e+00 3.8604236510e-13 
3.1620000000e+00 3.8499765150e-13 
3.1610000000e+00 3.8390339660e-13 
3.1600000000e+00 3.8287699590e-13 
3.1590000000e+00 3.8175386380e-13 
3.1580000000e+00 3.8064992110e-13 
3.1570000000e+00 3.7956830120e-13 
3.1560000000e+00 3.7842343170e-13 
3.1550000000e+00 3.7738507280e-13 
3.1540000000e+00 3.7629384710e-13 
3.1530000000e+00 3.7520134480e-13 
3.1520000000e+00 3.7420322670e-13 
3.1510000000e+00 3.7299642930e-13 
3.1500000000e+00 3.7198552540e-13 
3.1490000000e+00 3.7088875590e-13 
3.1480000000e+00 3.6992438560e-13 
3.1470000000e+00 3.6873441940e-13 
3.1460000000e+00 3.6767685300e-13 
3.1450000000e+00 3.6672960810e-13 
3.1440000000e+00 3.6563523000e-13 
3.1430000000e+00 3.6460440210e-13 
3.1420000000e+00 3.6356999820e-13 
3.1410000000e+00 3.6249776490e-13 
3.1400000000e+00 3.6154288960e-13 
3.1390000000e+00 3.6043468310e-13 
3.1380000000e+00 3.5942629080e-13 
3.1370000000e+00 3.5839157590e-13 
3.1360000000e+00 3.5745170700e-13 
3.1350000000e+00 3.5633093900e-13 
3.1340000000e+00 3.5529139860e-13 
3.1330000000e+00 3.5431657660e-13 
3.1320000000e+00 3.5328471270e-13 
3.1310000000e+00 3.5224614550e-13 
3.1300000000e+00 3.5124536400e-13 
3.1290000000e+00 3.5029636260e-13 
3.1280000000e+00 3.4933376680e-13 
3.1270000000e+00 3.4824082110e-13 
3.1260000000e+00 3.4730826680e-13 
3.1250000000e+00 3.4629570390e-13 
3.1240000000e+00 3.4537111330e-13 
3.1230000000e+00 3.4438384750e-13 
3.1220000000e+00 3.4327250070e-13 
3.1210000000e+00 3.4235037090e-13 
3.1200000000e+00 3.4136682040e-13 
3.1190000000e+00 3.4040121860e-13 
3.1180000000e+00 3.3939591900e-13 
3.1170000000e+00 3.3844971540e-13 
3.1160000000e+00 3.3755237360e-13 
3.1150000000e+00 3.3652907370e-13 
3.1140000000e+00 3.3562543770e-13 
3.1130000000e+00 3.3464367490e-13 
3.1120000000e+00 3.3378805610e-13 
3.1110000000e+00 3.3269995970e-13 
3.1100000000e+00 3.3178711930e-13 
3.1090000000e+00 3.3087203720e-13 
3.1080000000e+00 3.2993564370e-13 
3.1070000000e+00 3.2900007880e-13 
3.1060000000e+00 3.2798263230e-13 
3.1050000000e+00 3.2718448850e-13 
3.1040000000e+00 3.2624326630e-13 
3.1030000000e+00 3.2521556600e-13 
3.1020000000e+00 3.2433748350e-13 
3.1010000000e+00 3.2339258820e-13 
3.1000000000e+00 3.2243293880e-13 
3.0990000000e+00 3.2154891120e-13 
3.0980000000e+00 3.2058509620e-13 
3.0970000000e+00 3.1970127610e-13 
3.0960000000e+00 3.1879558680e-13 
3.0950000000e+00 3.1782899760e-13 
3.0940000000e+00 3.1698546610e-13 
3.0930000000e+00 3.1610538580e-13 
3.0920000000e+00 3.1522134040e-13 
3.0910000000e+00 3.1432998830e-13 
3.0900000000e+00 3.1350610370e-13 
3.0890000000e+00 3.1259136690e-13 
3.0880000000e+00 3.1162117470e-13 
3.0870000000e+00 3.1074727790e-13 
3.0860000000e+00 3.0982368050e-13 
3.0850000000e+00 3.0892578020e-13 
3.0840000000e+00 3.0800010770e-13 
3.0830000000e+00 3.0714232390e-13 
3.0820000000e+00 3.0630063030e-13 
3.0810000000e+00 3.0547793890e-13 
3.0800000000e+00 3.0459634400e-13 
3.0790000000e+00 3.0373856870e-13 
3.0780000000e+00 3.0284425140e-13 
3.0770000000e+00 3.0191819620e-13 
3.0760000000e+00 3.0108826110e-13 
3.0750000000e+00 3.0024084550e-13 
3.0740000000e+00 2.9938696680e-13 
3.0730000000e+00 2.9852056810e-13 
3.0720000000e+00 2.9766086530e-13 
3.0710000000e+00 2.9680389050e-13 
3.0700000000e+00 2.9595883390e-13 
3.0690000000e+00 2.9514741780e-13 
3.0680000000e+00 2.9430656540e-13 
3.0670000000e+00 2.9353525640e-13 
3.0660000000e+00 2.9262149300e-13 
3.0650000000e+00 2.9175348620e-13 
3.0640000000e+00 2.9096340120e-13 
3.0630000000e+00 2.9007203220e-13 
3.0620000000e+00 2.8931561560e-13 
3.0610000000e+00 2.8842602870e-13 
3.0600000000e+00 2.8761687300e-13 
3.0590000000e+00 2.8677932970e-13 
3.0580000000e+00 2.8597564120e-13 
3.0570000000e+00 2.8520100380e-13 
3.0560000000e+00 2.8439025180e-13 
3.0550000000e+00 2.8362108340e-13 
3.0540000000e+00 2.8267899420e-13 
3.0530000000e+00 2.8189587160e-13 
3.0520000000e+00 2.8106556580e-13 
3.0510000000e+00 2.8030647980e-13 
3.0500000000e+00 2.7954232640e-13 
3.0490000000e+00 2.7879866480e-13 
3.0480000000e+00 2.7791759320e-13 
3.0470000000e+00 2.7719214990e-13 
3.0460000000e+00 2.7636000040e-13 
3.0450000000e+00 2.7563564970e-13 
3.0440000000e+00 2.7475342110e-13 
3.0430000000e+00 2.7399152390e-13 
3.0420000000e+00 2.7314798530e-13 
3.0410000000e+00 2.7240728620e-13 
3.0400000000e+00 2.7159769170e-13 
3.0390000000e+00 2.7090780390e-13 
3.0380000000e+00 2.7012353580e-13 
3.0370000000e+00 2.6939464290e-13 
3.0360000000e+00 2.6858223070e-13 
3.0350000000e+00 2.6780851520e-13 
3.0340000000e+00 2.6704741340e-13 
3.0330000000e+00 2.6628550570e-13 
3.0320000000e+00 2.6551464670e-13 
3.0310000000e+00 2.6475802060e-13 
3.0300000000e+00 2.6401944980e-13 
3.0290000000e+00 2.6321137000e-13 
3.0280000000e+00 2.6246305830e-13 
3.0270000000e+00 2.6179017990e-13 
3.0260000000e+00 2.6095338730e-13 
3.0250000000e+00 2.6019871210e-13 
3.0240000000e+00 2.5948271040e-13 
3.0230000000e+00 2.5876110310e-13 
3.0220000000e+00 2.5802599670e-13 
3.0210000000e+00 2.5735944250e-13 
3.0200000000e+00 2.5658577540e-13 
3.0190000000e+00 2.5580211820e-13 
3.0180000000e+00 2.5510120750e-13 
3.0170000000e+00 2.5436419900e-13 
3.0160000000e+00 2.5360634020e-13 
3.0150000000e+00 2.5296297620e-13 
3.0140000000e+00 2.5217803830e-13 
3.0130000000e+00 2.5144117640e-13 
3.0120000000e+00 2.5079479070e-13 
3.0110000000e+00 2.4996384770e-13 
3.0100000000e+00 2.4930133900e-13 
3.0090000000e+00 2.4860797070e-13 
3.0080000000e+00 2.4791735670e-13 
3.0070000000e+00 2.4715409770e-13 
3.0060000000e+00 2.4650554600e-13 
3.0050000000e+00 2.4577891930e-13 
3.0040000000e+00 2.4511687270e-13 
3.0030000000e+00 2.4446635490e-13 
3.0020000000e+00 2.4374194000e-13 
3.0010000000e+00 2.4304597220e-13 
3.0000000000e+00 2.4235192620e-13 
2.9500000000e+00 2.1012394520e-13 
2.9000000000e+00 1.8203040960e-13 
2.8500000000e+00 1.5776401910e-13 
2.8000000000e+00 1.3614167570e-13 
2.7500000000e+00 1.1749782110e-13 
2.7000000000e+00 1.0081276650e-13 
2.6500000000e+00 8.6191818310e-14 
2.6000000000e+00 7.3400161950e-14 
2.5500000000e+00 6.2616170930e-14 
2.5000000000e+00 5.3091915360e-14 
2.4500000000e+00 4.4967877860e-14 
2.4000000000e+00 3.8001960740e-14 
2.3500000000e+00 3.2061135300e-14 
2.3000000000e+00 2.7056135060e-14 
2.2500000000e+00 2.2804844630e-14 
2.2000000000e+00 1.9320532050e-14 
2.1500000000e+00 1.6470640620e-14 
2.1000000000e+00 1.4122143300e-14 
2.0500000000e+00 1.2381216980e-14 
2.0000000000e+00 1.0808939460e-14 
1.9500000000e+00 9.6766227300e-15 
1.9000000000e+00 8.6615112100e-15 
1.8500000000e+00 7.9750126760e-15 
1.8000000000e+00 7.3105215960e-15 
1.7500000000e+00 6.6557776630e-15 
1.7000000000e+00 6.0735628180e-15 
1.6500000000e+00 5.6264817140e-15 
1.6000000000e+00 5.2559422150e-15 
1.5500000000e+00 4.8157193740e-15 
1.5000000000e+00 4.4542186050e-15 
1.4500000000e+00 4.1910070540e-15 
1.4000000000e+00 3.8726382330e-15 
1.3500000000e+00 3.5773695040e-15 
1.3000000000e+00 3.3908201250e-15 
1.2500000000e+00 3.1987583180e-15 
1.2000000000e+00 2.9431461370e-15 
1.1500000000e+00 2.7236543120e-15 
1.1000000000e+00 2.5327704780e-15 
1.0500000000e+00 2.2654064610e-15 
1.0000000000e+00 2.1820105500e-15 
9.5000000000e-01 2.0411734400e-15 
9.0000000000e-01 1.8172353850e-15 
8.5000000000e-01 1.6671427340e-15 
8.0000000000e-01 1.6219556040e-15 
7.5000000000e-01 1.4657259900e-15 
7.0000000000e-01 1.3360345680e-15 
6.5000000000e-01 1.1558361210e-15 
6.0000000000e-01 9.9066768850e-16 
5.5000000000e-01 8.8162660370e-16 
5.0000000000e-01 7.8953746260e-16 
4.5000000000e-01 6.6309836880e-16 
4.0000000000e-01 5.7870566220e-16 
3.5000000000e-01 4.9844635600e-16 
3.0000000000e-01 3.7841623850e-16 
2.5000000000e-01 3.3812065250e-16 
2.0000000000e-01 3.3020607940e-16 
1.5000000000e-01 2.5103851950e-16 
1.0000000000e-01 2.0039462270e-16 
5.0000000000e-02 1.0556044520e-16 
2.9910447680e-13 1.5446636660e-17 
