EXPORTED XY-GRAPH DATA
3839 2 2
Drain Voltage
Drain Current
0.0000000000e+00 -4.3039843630e-19 
5.0000000000e-02 1.1128563290e-16 
1.0000000000e-01 1.7810564560e-16 
1.5000000000e-01 2.3825201040e-16 
2.0000000000e-01 2.9906059240e-16 
2.5000000000e-01 3.0087398730e-16 
3.0000000000e-01 3.9910240580e-16 
3.5000000000e-01 4.6949536470e-16 
4.0000000000e-01 5.2576408030e-16 
4.5000000000e-01 6.2904196000e-16 
5.0000000000e-01 6.8137668020e-16 
5.5000000000e-01 8.0333684500e-16 
6.0000000000e-01 9.0967374390e-16 
6.5000000000e-01 9.5928786410e-16 
7.0000000000e-01 1.0720381440e-15 
7.5000000000e-01 1.2324323300e-15 
8.0000000000e-01 1.3412476040e-15 
8.5000000000e-01 1.4643809510e-15 
9.0000000000e-01 1.6017560090e-15 
9.5000000000e-01 1.7158081390e-15 
1.0000000000e+00 1.8540282950e-15 
1.0500000000e+00 2.0127584930e-15 
1.1000000000e+00 2.1333799590e-15 
1.1500000000e+00 2.3163451900e-15 
1.2000000000e+00 2.4511411910e-15 
1.2500000000e+00 2.6331077410e-15 
1.3000000000e+00 2.8083897720e-15 
1.3500000000e+00 3.0539734210e-15 
1.4000000000e+00 3.2204822820e-15 
1.4500000000e+00 3.4245236620e-15 
1.5000000000e+00 3.7480645250e-15 
1.5500000000e+00 3.9225371100e-15 
1.6000000000e+00 4.2042432060e-15 
1.6500000000e+00 4.5516892280e-15 
1.7000000000e+00 4.8919010290e-15 
1.7500000000e+00 5.3659837230e-15 
1.8000000000e+00 5.7491698060e-15 
1.8500000000e+00 6.3279671460e-15 
1.9000000000e+00 6.8476242450e-15 
1.9500000000e+00 7.5053241070e-15 
2.0000000000e+00 8.2987582750e-15 
2.0500000000e+00 9.2542867040e-15 
2.1000000000e+00 1.0510980940e-14 
2.1500000000e+00 1.2022916240e-14 
2.2000000000e+00 1.3922644300e-14 
2.2500000000e+00 1.6290889750e-14 
2.3000000000e+00 1.9209411780e-14 
2.3500000000e+00 2.2768859660e-14 
2.4000000000e+00 2.6969855370e-14 
2.4500000000e+00 3.2067807370e-14 
2.5000000000e+00 3.7932022500e-14 
2.5500000000e+00 4.4791635830e-14 
2.6000000000e+00 5.2957607590e-14 
2.6500000000e+00 6.2390771060e-14 
2.7000000000e+00 7.3406846540e-14 
2.7500000000e+00 8.6085905310e-14 
2.8000000000e+00 1.0058944810e-13 
2.8500000000e+00 1.1727610040e-13 
2.9000000000e+00 1.3595087880e-13 
2.9500000000e+00 1.5760466130e-13 
3.0000000000e+00 1.8223435860e-13 
3.0010000000e+00 1.8272266610e-13 
3.0020000000e+00 1.8327832050e-13 
3.0030000000e+00 1.8381284720e-13 
3.0040000000e+00 1.8433707010e-13 
3.0050000000e+00 1.8485531430e-13 
3.0060000000e+00 1.8541041920e-13 
3.0070000000e+00 1.8594431990e-13 
3.0080000000e+00 1.8646325970e-13 
3.0090000000e+00 1.8707229780e-13 
3.0100000000e+00 1.8757363800e-13 
3.0110000000e+00 1.8811348560e-13 
3.0120000000e+00 1.8866761290e-13 
3.0130000000e+00 1.8921805720e-13 
3.0140000000e+00 1.8975333100e-13 
3.0150000000e+00 1.9031165630e-13 
3.0160000000e+00 1.9088050120e-13 
3.0170000000e+00 1.9145317860e-13 
3.0180000000e+00 1.9198852920e-13 
3.0190000000e+00 1.9254358880e-13 
3.0200000000e+00 1.9313255920e-13 
3.0210000000e+00 1.9365455830e-13 
3.0220000000e+00 1.9421798780e-13 
3.0230000000e+00 1.9484373420e-13 
3.0240000000e+00 1.9535599810e-13 
3.0250000000e+00 1.9592640260e-13 
3.0260000000e+00 1.9653719110e-13 
3.0270000000e+00 1.9712612150e-13 
3.0280000000e+00 1.9765852200e-13 
3.0290000000e+00 1.9824613560e-13 
3.0300000000e+00 1.9880583350e-13 
3.0310000000e+00 1.9943306730e-13 
3.0320000000e+00 1.9998520940e-13 
3.0330000000e+00 2.0056230490e-13 
3.0340000000e+00 2.0113174340e-13 
3.0350000000e+00 2.0173216480e-13 
3.0360000000e+00 2.0226414900e-13 
3.0370000000e+00 2.0290188970e-13 
3.0380000000e+00 2.0347578790e-13 
3.0390000000e+00 2.0405268030e-13 
3.0400000000e+00 2.0466493940e-13 
3.0410000000e+00 2.0530630050e-13 
3.0420000000e+00 2.0580862700e-13 
3.0430000000e+00 2.0641691790e-13 
3.0440000000e+00 2.0704574690e-13 
3.0450000000e+00 2.0763830270e-13 
3.0460000000e+00 2.0819604700e-13 
3.0470000000e+00 2.0885077280e-13 
3.0480000000e+00 2.0945359590e-13 
3.0490000000e+00 2.0999468840e-13 
3.0500000000e+00 2.1064529410e-13 
3.0510000000e+00 2.1122641510e-13 
3.0520000000e+00 2.1190681450e-13 
3.0530000000e+00 2.1248890560e-13 
3.0540000000e+00 2.1308839980e-13 
3.0550000000e+00 2.1368963190e-13 
3.0560000000e+00 2.1436904660e-13 
3.0570000000e+00 2.1494848150e-13 
3.0580000000e+00 2.1561822320e-13 
3.0590000000e+00 2.1620769680e-13 
3.0600000000e+00 2.1683922610e-13 
3.0610000000e+00 2.1756856960e-13 
3.0620000000e+00 2.1810352440e-13 
3.0630000000e+00 2.1866841120e-13 
3.0640000000e+00 2.1932923160e-13 
3.0650000000e+00 2.2000745240e-13 
3.0660000000e+00 2.2061242580e-13 
3.0670000000e+00 2.2125422390e-13 
3.0680000000e+00 2.2198422720e-13 
3.0690000000e+00 2.2255576570e-13 
3.0700000000e+00 2.2314345030e-13 
3.0710000000e+00 2.2379114270e-13 
3.0720000000e+00 2.2444224050e-13 
3.0730000000e+00 2.2515961210e-13 
3.0740000000e+00 2.2575402520e-13 
3.0750000000e+00 2.2635121660e-13 
3.0760000000e+00 2.2703139060e-13 
3.0770000000e+00 2.2768134190e-13 
3.0780000000e+00 2.2835683760e-13 
3.0790000000e+00 2.2898853410e-13 
3.0800000000e+00 2.2964640130e-13 
3.0810000000e+00 2.3034798330e-13 
3.0820000000e+00 2.3098968310e-13 
3.0830000000e+00 2.3169222490e-13 
3.0840000000e+00 2.3232632070e-13 
3.0850000000e+00 2.3305029040e-13 
3.0860000000e+00 2.3369453530e-13 
3.0870000000e+00 2.3433675300e-13 
3.0880000000e+00 2.3495459490e-13 
3.0890000000e+00 2.3564184140e-13 
3.0900000000e+00 2.3637551730e-13 
3.0910000000e+00 2.3704226270e-13 
3.0920000000e+00 2.3774688270e-13 
3.0930000000e+00 2.3841584670e-13 
3.0940000000e+00 2.3907018910e-13 
3.0950000000e+00 2.3984412190e-13 
3.0960000000e+00 2.4044600270e-13 
3.0970000000e+00 2.4127184040e-13 
3.0980000000e+00 2.4180529820e-13 
3.0990000000e+00 2.4253951990e-13 
3.1000000000e+00 2.4326606290e-13 
3.1010000000e+00 2.4398367590e-13 
3.1020000000e+00 2.4462534600e-13 
3.1030000000e+00 2.4535715380e-13 
3.1040000000e+00 2.4603914340e-13 
3.1050000000e+00 2.4670614230e-13 
3.1060000000e+00 2.4750832470e-13 
3.1070000000e+00 2.4818147540e-13 
3.1080000000e+00 2.4886156560e-13 
3.1090000000e+00 2.4971714930e-13 
3.1100000000e+00 2.5026804460e-13 
3.1110000000e+00 2.5104582380e-13 
3.1120000000e+00 2.5168293000e-13 
3.1130000000e+00 2.5242985630e-13 
3.1140000000e+00 2.5313842270e-13 
3.1150000000e+00 2.5385643080e-13 
3.1160000000e+00 2.5461688130e-13 
3.1170000000e+00 2.5533456400e-13 
3.1180000000e+00 2.5609244880e-13 
3.1190000000e+00 2.5672254440e-13 
3.1200000000e+00 2.5752624780e-13 
3.1210000000e+00 2.5831578860e-13 
3.1220000000e+00 2.5894370760e-13 
3.1230000000e+00 2.5968090300e-13 
3.1240000000e+00 2.6047745580e-13 
3.1250000000e+00 2.6118157260e-13 
3.1260000000e+00 2.6192107230e-13 
3.1270000000e+00 2.6270238750e-13 
3.1280000000e+00 2.6344885950e-13 
3.1290000000e+00 2.6422569020e-13 
3.1300000000e+00 2.6491484910e-13 
3.1310000000e+00 2.6567526660e-13 
3.1320000000e+00 2.6640940240e-13 
3.1330000000e+00 2.6721249860e-13 
3.1340000000e+00 2.6792999480e-13 
3.1350000000e+00 2.6872125500e-13 
3.1360000000e+00 2.6951275840e-13 
3.1370000000e+00 2.7022973090e-13 
3.1380000000e+00 2.7095968680e-13 
3.1390000000e+00 2.7171411340e-13 
3.1400000000e+00 2.7257091740e-13 
3.1410000000e+00 2.7336302620e-13 
3.1420000000e+00 2.7413117870e-13 
3.1430000000e+00 2.7486576620e-13 
3.1440000000e+00 2.7564595890e-13 
3.1450000000e+00 2.7641197890e-13 
3.1460000000e+00 2.7719933300e-13 
3.1470000000e+00 2.7799234720e-13 
3.1480000000e+00 2.7877057170e-13 
3.1490000000e+00 2.7962861220e-13 
3.1500000000e+00 2.8040898350e-13 
3.1510000000e+00 2.8115554710e-13 
3.1520000000e+00 2.8194558290e-13 
3.1530000000e+00 2.8283005370e-13 
3.1540000000e+00 2.8356270670e-13 
3.1550000000e+00 2.8437559150e-13 
3.1560000000e+00 2.8522735230e-13 
3.1570000000e+00 2.8594483950e-13 
3.1580000000e+00 2.8675112110e-13 
3.1590000000e+00 2.8759815780e-13 
3.1600000000e+00 2.8845189520e-13 
3.1610000000e+00 2.8936330520e-13 
3.1620000000e+00 2.9006420370e-13 
3.1630000000e+00 2.9092449130e-13 
3.1640000000e+00 2.9175679570e-13 
3.1650000000e+00 2.9256543230e-13 
3.1660000000e+00 2.9340792720e-13 
3.1670000000e+00 2.9423958280e-13 
3.1680000000e+00 2.9505977220e-13 
3.1690000000e+00 2.9597188370e-13 
3.1700000000e+00 2.9671462610e-13 
3.1710000000e+00 2.9762176610e-13 
3.1720000000e+00 2.9848715320e-13 
3.1730000000e+00 2.9926734320e-13 
3.1740000000e+00 3.0011877610e-13 
3.1750000000e+00 3.0089566500e-13 
3.1760000000e+00 3.0181988810e-13 
3.1770000000e+00 3.0267060800e-13 
3.1780000000e+00 3.0355518120e-13 
3.1790000000e+00 3.0439966910e-13 
3.1800000000e+00 3.0524688890e-13 
3.1810000000e+00 3.0610749230e-13 
3.1820000000e+00 3.0694618090e-13 
3.1830000000e+00 3.0790414730e-13 
3.1840000000e+00 3.0877900060e-13 
3.1850000000e+00 3.0974033930e-13 
3.1860000000e+00 3.1047841550e-13 
3.1870000000e+00 3.1139905460e-13 
3.1880000000e+00 3.1227751710e-13 
3.1890000000e+00 3.1309876430e-13 
3.1900000000e+00 3.1402696430e-13 
3.1910000000e+00 3.1491256910e-13 
3.1920000000e+00 3.1581151940e-13 
3.1930000000e+00 3.1679151010e-13 
3.1940000000e+00 3.1763888290e-13 
3.1950000000e+00 3.1853200870e-13 
3.1960000000e+00 3.1939172720e-13 
3.1970000000e+00 3.2045426490e-13 
3.1980000000e+00 3.2127306730e-13 
3.1990000000e+00 3.2221884940e-13 
3.2000000000e+00 3.2322269050e-13 
3.2010000000e+00 3.2401767090e-13 
3.2020000000e+00 3.2494299180e-13 
3.2030000000e+00 3.2586330410e-13 
3.2040000000e+00 3.2685818230e-13 
3.2050000000e+00 3.2769328540e-13 
3.2060000000e+00 3.2867689860e-13 
3.2070000000e+00 3.2961770200e-13 
3.2080000000e+00 3.3049752380e-13 
3.2090000000e+00 3.3146423940e-13 
3.2100000000e+00 3.3247983510e-13 
3.2110000000e+00 3.3332479300e-13 
3.2120000000e+00 3.3429277760e-13 
3.2130000000e+00 3.3530400190e-13 
3.2140000000e+00 3.3622374750e-13 
3.2150000000e+00 3.3721012520e-13 
3.2160000000e+00 3.3807432040e-13 
3.2170000000e+00 3.3909266160e-13 
3.2180000000e+00 3.4000573780e-13 
3.2190000000e+00 3.4104518040e-13 
3.2200000000e+00 3.4200880720e-13 
3.2210000000e+00 3.4300774430e-13 
3.2220000000e+00 3.4392235990e-13 
3.2230000000e+00 3.4490569210e-13 
3.2240000000e+00 3.4599324810e-13 
3.2250000000e+00 3.4686295690e-13 
3.2260000000e+00 3.4778112160e-13 
3.2270000000e+00 3.4885635210e-13 
3.2280000000e+00 3.4986349110e-13 
3.2290000000e+00 3.5086290040e-13 
3.2300000000e+00 3.5186606720e-13 
3.2310000000e+00 3.5285273140e-13 
3.2320000000e+00 3.5393150280e-13 
3.2330000000e+00 3.5486030580e-13 
3.2340000000e+00 3.5591128660e-13 
3.2350000000e+00 3.5698627550e-13 
3.2360000000e+00 3.5789625600e-13 
3.2370000000e+00 3.5890922620e-13 
3.2380000000e+00 3.6003813730e-13 
3.2390000000e+00 3.6094676670e-13 
3.2400000000e+00 3.6199617170e-13 
3.2410000000e+00 3.6306269530e-13 
3.2420000000e+00 3.6401266320e-13 
3.2430000000e+00 3.6511363190e-13 
3.2440000000e+00 3.6614424250e-13 
3.2450000000e+00 3.6717871800e-13 
3.2460000000e+00 3.6824199610e-13 
3.2470000000e+00 3.6928140870e-13 
3.2480000000e+00 3.7030399040e-13 
3.2490000000e+00 3.7144343790e-13 
3.2500000000e+00 3.7242770920e-13 
3.2510000000e+00 3.7351160040e-13 
3.2520000000e+00 3.7457755700e-13 
3.2530000000e+00 3.7559280030e-13 
3.2540000000e+00 3.7666363020e-13 
3.2550000000e+00 3.7772524200e-13 
3.2560000000e+00 3.7883801220e-13 
3.2570000000e+00 3.7989312160e-13 
3.2580000000e+00 3.8093589380e-13 
3.2590000000e+00 3.8202919680e-13 
3.2600000000e+00 3.8314692230e-13 
3.2610000000e+00 3.8422306800e-13 
3.2620000000e+00 3.8528791950e-13 
3.2630000000e+00 3.8642751870e-13 
3.2640000000e+00 3.8748584560e-13 
3.2650000000e+00 3.8860559370e-13 
3.2660000000e+00 3.8968590390e-13 
3.2670000000e+00 3.9083169050e-13 
3.2680000000e+00 3.9190874480e-13 
3.2690000000e+00 3.9295674580e-13 
3.2700000000e+00 3.9416136820e-13 
3.2710000000e+00 3.9520930780e-13 
3.2720000000e+00 3.9635247240e-13 
3.2730000000e+00 3.9746616800e-13 
3.2740000000e+00 3.9867634030e-13 
3.2750000000e+00 3.9981777660e-13 
3.2760000000e+00 4.0089757760e-13 
3.2770000000e+00 4.0204503090e-13 
3.2780000000e+00 4.0316739960e-13 
3.2790000000e+00 4.0432421000e-13 
3.2800000000e+00 4.0546888470e-13 
3.2810000000e+00 4.0655881470e-13 
3.2820000000e+00 4.0777090870e-13 
3.2830000000e+00 4.0892449760e-13 
3.2840000000e+00 4.1012526690e-13 
3.2850000000e+00 4.1121071890e-13 
3.2860000000e+00 4.1245676430e-13 
3.2870000000e+00 4.1367479730e-13 
3.2880000000e+00 4.1476873940e-13 
3.2890000000e+00 4.1603810310e-13 
3.2900000000e+00 4.1716603920e-13 
3.2910000000e+00 4.1842156590e-13 
3.2920000000e+00 4.1956887370e-13 
3.2930000000e+00 4.2081954280e-13 
3.2940000000e+00 4.2195677060e-13 
3.2950000000e+00 4.2310796450e-13 
3.2960000000e+00 4.2430904890e-13 
3.2970000000e+00 4.2554540290e-13 
3.2980000000e+00 4.2679780810e-13 
3.2990000000e+00 4.2801337540e-13 
3.3000000000e+00 4.2922908900e-13 
3.3010000000e+00 4.3046523950e-13 
3.3020000000e+00 4.3164663510e-13 
3.3030000000e+00 4.3284199220e-13 
3.3040000000e+00 4.3416869260e-13 
3.3050000000e+00 4.3540721830e-13 
3.3060000000e+00 4.3665218490e-13 
3.3070000000e+00 4.3783717280e-13 
3.3080000000e+00 4.3917835720e-13 
3.3090000000e+00 4.4041716230e-13 
3.3100000000e+00 4.4162439290e-13 
3.3110000000e+00 4.4288735440e-13 
3.3120000000e+00 4.4412939270e-13 
3.3130000000e+00 4.4540606560e-13 
3.3140000000e+00 4.4675350620e-13 
3.3150000000e+00 4.4804597720e-13 
3.3160000000e+00 4.4926509790e-13 
3.3170000000e+00 4.5058527050e-13 
3.3180000000e+00 4.5177005890e-13 
3.3190000000e+00 4.5315845120e-13 
3.3200000000e+00 4.5443714870e-13 
3.3210000000e+00 4.5571601430e-13 
3.3220000000e+00 4.5694136900e-13 
3.3230000000e+00 4.5828970370e-13 
3.3240000000e+00 4.5970545970e-13 
3.3250000000e+00 4.6097935330e-13 
3.3260000000e+00 4.6229790100e-13 
3.3270000000e+00 4.6364648160e-13 
3.3280000000e+00 4.6494614340e-13 
3.3290000000e+00 4.6626372280e-13 
3.3300000000e+00 4.6763765090e-13 
3.3310000000e+00 4.6891588540e-13 
3.3320000000e+00 4.7034450880e-13 
3.3330000000e+00 4.7164546810e-13 
3.3340000000e+00 4.7295577850e-13 
3.3350000000e+00 4.7438112550e-13 
3.3360000000e+00 4.7576673930e-13 
3.3370000000e+00 4.7704432040e-13 
3.3380000000e+00 4.7844696230e-13 
3.3390000000e+00 4.7989278910e-13 
3.3400000000e+00 4.8121909410e-13 
3.3410000000e+00 4.8261343810e-13 
3.3420000000e+00 4.8398308430e-13 
3.3430000000e+00 4.8543977510e-13 
3.3440000000e+00 4.8682874090e-13 
3.3450000000e+00 4.8817567150e-13 
3.3460000000e+00 4.8956432140e-13 
3.3470000000e+00 4.9101327890e-13 
3.3480000000e+00 4.9236401470e-13 
3.3490000000e+00 4.9382478040e-13 
3.3500000000e+00 4.9525441420e-13 
3.3510000000e+00 4.9669673190e-13 
3.3520000000e+00 4.9810202290e-13 
3.3530000000e+00 4.9954443410e-13 
3.3540000000e+00 5.0096965990e-13 
3.3550000000e+00 5.0237557180e-13 
3.3560000000e+00 5.0381874900e-13 
3.3570000000e+00 5.0529616490e-13 
3.3580000000e+00 5.0670023280e-13 
3.3590000000e+00 5.0823916440e-13 
3.3600000000e+00 5.0965020630e-13 
3.3610000000e+00 5.1113971730e-13 
3.3620000000e+00 5.1261370710e-13 
3.3630000000e+00 5.1402538960e-13 
3.3640000000e+00 5.1563333950e-13 
3.3650000000e+00 5.1701627460e-13 
3.3660000000e+00 5.1855328490e-13 
3.3670000000e+00 5.2004698350e-13 
3.3680000000e+00 5.2159094980e-13 
3.3690000000e+00 5.2305171850e-13 
3.3700000000e+00 5.2445832110e-13 
3.3710000000e+00 5.2606975040e-13 
3.3720000000e+00 5.2761594270e-13 
3.3730000000e+00 5.2906786510e-13 
3.3740000000e+00 5.3053203850e-13 
3.3750000000e+00 5.3217388370e-13 
3.3760000000e+00 5.3368762110e-13 
3.3770000000e+00 5.3520337530e-13 
3.3780000000e+00 5.3679014660e-13 
3.3790000000e+00 5.3831522660e-13 
3.3800000000e+00 5.3988994020e-13 
3.3810000000e+00 5.4138938510e-13 
3.3820000000e+00 5.4293637360e-13 
3.3830000000e+00 5.4458855200e-13 
3.3840000000e+00 5.4609778760e-13 
3.3850000000e+00 5.4771033200e-13 
3.3860000000e+00 5.4930671330e-13 
3.3870000000e+00 5.5081132180e-13 
3.3880000000e+00 5.5246289030e-13 
3.3890000000e+00 5.5404800980e-13 
3.3900000000e+00 5.5558907600e-13 
3.3910000000e+00 5.5723011030e-13 
3.3920000000e+00 5.5890260420e-13 
3.3930000000e+00 5.6048417800e-13 
3.3940000000e+00 5.6216995040e-13 
3.3950000000e+00 5.6378671560e-13 
3.3960000000e+00 5.6534261850e-13 
3.3970000000e+00 5.6700287120e-13 
3.3980000000e+00 5.6858513370e-13 
3.3990000000e+00 5.7029054270e-13 
3.4000000000e+00 5.7193675820e-13 
3.4010000000e+00 5.7367854890e-13 
3.4020000000e+00 5.7530412450e-13 
3.4030000000e+00 5.7685713730e-13 
3.4040000000e+00 5.7870999390e-13 
3.4050000000e+00 5.8027933240e-13 
3.4060000000e+00 5.8188367200e-13 
3.4070000000e+00 5.8364624280e-13 
3.4080000000e+00 5.8535358350e-13 
3.4090000000e+00 5.8703388900e-13 
3.4100000000e+00 5.8872893010e-13 
3.4110000000e+00 5.9051139430e-13 
3.4120000000e+00 5.9218787160e-13 
3.4130000000e+00 5.9387991960e-13 
3.4140000000e+00 5.9565583700e-13 
3.4150000000e+00 5.9739761530e-13 
3.4160000000e+00 5.9900290980e-13 
3.4170000000e+00 6.0073760460e-13 
3.4180000000e+00 6.0255303390e-13 
3.4190000000e+00 6.0428522640e-13 
3.4200000000e+00 6.0613833560e-13 
3.4210000000e+00 6.0783427820e-13 
3.4220000000e+00 6.0954223480e-13 
3.4230000000e+00 6.1132799740e-13 
3.4240000000e+00 6.1312431070e-13 
3.4250000000e+00 6.1490067950e-13 
3.4260000000e+00 6.1672707280e-13 
3.4270000000e+00 6.1856359380e-13 
3.4280000000e+00 6.2031833440e-13 
3.4290000000e+00 6.2209615370e-13 
3.4300000000e+00 6.2395615960e-13 
3.4310000000e+00 6.2580957200e-13 
3.4320000000e+00 6.2767373740e-13 
3.4330000000e+00 6.2947534360e-13 
3.4340000000e+00 6.3122274430e-13 
3.4350000000e+00 6.3304940400e-13 
3.4360000000e+00 6.3493172000e-13 
3.4370000000e+00 6.3679073990e-13 
3.4380000000e+00 6.3861852670e-13 
3.4390000000e+00 6.4048880930e-13 
3.4400000000e+00 6.4236795950e-13 
3.4410000000e+00 6.4424203340e-13 
3.4420000000e+00 6.4612145000e-13 
3.4430000000e+00 6.4799991440e-13 
3.4440000000e+00 6.4988076800e-13 
3.4450000000e+00 6.5173663830e-13 
3.4460000000e+00 6.5370528200e-13 
3.4470000000e+00 6.5556018200e-13 
3.4480000000e+00 6.5748889900e-13 
3.4490000000e+00 6.5947442780e-13 
3.4500000000e+00 6.6132400100e-13 
3.4510000000e+00 6.6325302600e-13 
3.4520000000e+00 6.6522766620e-13 
3.4530000000e+00 6.6718505260e-13 
3.4540000000e+00 6.6909134810e-13 
3.4550000000e+00 6.7108398250e-13 
3.4560000000e+00 6.7301068430e-13 
3.4570000000e+00 6.7497380680e-13 
3.4580000000e+00 6.7695498450e-13 
3.4590000000e+00 6.7896636440e-13 
3.4600000000e+00 6.8088362120e-13 
3.4610000000e+00 6.8291875250e-13 
3.4620000000e+00 6.8492722270e-13 
3.4630000000e+00 6.8693096170e-13 
3.4640000000e+00 6.8898452650e-13 
3.4650000000e+00 6.9093795160e-13 
3.4660000000e+00 6.9295807420e-13 
3.4670000000e+00 6.9500855090e-13 
3.4680000000e+00 6.9700270150e-13 
3.4690000000e+00 6.9903200760e-13 
3.4700000000e+00 7.0111213350e-13 
3.4710000000e+00 7.0317018490e-13 
3.4720000000e+00 7.0518882490e-13 
3.4730000000e+00 7.0724366210e-13 
3.4740000000e+00 7.0939281760e-13 
3.4750000000e+00 7.1141631950e-13 
3.4760000000e+00 7.1344447650e-13 
3.4770000000e+00 7.1563644320e-13 
3.4780000000e+00 7.1761563440e-13 
3.4790000000e+00 7.1975236770e-13 
3.4800000000e+00 7.2201154700e-13 
3.4810000000e+00 7.2404519700e-13 
3.4820000000e+00 7.2614996790e-13 
3.4830000000e+00 7.2828718900e-13 
3.4840000000e+00 7.3045453290e-13 
3.4850000000e+00 7.3254569030e-13 
3.4860000000e+00 7.3474174710e-13 
3.4870000000e+00 7.3696855520e-13 
3.4880000000e+00 7.3907030020e-13 
3.4890000000e+00 7.4114347690e-13 
3.4900000000e+00 7.4335183500e-13 
3.4910000000e+00 7.4557840880e-13 
3.4920000000e+00 7.4770790360e-13 
3.4930000000e+00 7.4988192940e-13 
3.4940000000e+00 7.5215458130e-13 
3.4950000000e+00 7.5434226570e-13 
3.4960000000e+00 7.5652978100e-13 
3.4970000000e+00 7.5880464080e-13 
3.4980000000e+00 7.6095421930e-13 
3.4990000000e+00 7.6320074840e-13 
3.5000000000e+00 7.6547195950e-13 
3.5010000000e+00 7.6775427560e-13 
3.5020000000e+00 7.7000153640e-13 
3.5030000000e+00 7.7226177990e-13 
3.5040000000e+00 7.7451641640e-13 
3.5050000000e+00 7.7678173620e-13 
3.5060000000e+00 7.7911872710e-13 
3.5070000000e+00 7.8133877390e-13 
3.5080000000e+00 7.8364948810e-13 
3.5090000000e+00 7.8601077410e-13 
3.5100000000e+00 7.8821460130e-13 
3.5110000000e+00 7.9053416470e-13 
3.5120000000e+00 7.9291474060e-13 
3.5130000000e+00 7.9525795240e-13 
3.5140000000e+00 7.9755857760e-13 
3.5150000000e+00 8.0001044210e-13 
3.5160000000e+00 8.0230693070e-13 
3.5170000000e+00 8.0465083150e-13 
3.5180000000e+00 8.0707056810e-13 
3.5190000000e+00 8.0947862300e-13 
3.5200000000e+00 8.1178748180e-13 
3.5210000000e+00 8.1420851520e-13 
3.5220000000e+00 8.1663645400e-13 
3.5230000000e+00 8.1905876520e-13 
3.5240000000e+00 8.2144328260e-13 
3.5250000000e+00 8.2397786690e-13 
3.5260000000e+00 8.2632886570e-13 
3.5270000000e+00 8.2877572740e-13 
3.5280000000e+00 8.3123867060e-13 
3.5290000000e+00 8.3365889420e-13 
3.5300000000e+00 8.3615720890e-13 
3.5310000000e+00 8.3858743270e-13 
3.5320000000e+00 8.4107968590e-13 
3.5330000000e+00 8.4359094090e-13 
3.5340000000e+00 8.4602282090e-13 
3.5350000000e+00 8.4853782260e-13 
3.5360000000e+00 8.5105197880e-13 
3.5370000000e+00 8.5349448450e-13 
3.5380000000e+00 8.5603264080e-13 
3.5390000000e+00 8.5865830080e-13 
3.5400000000e+00 8.6114881300e-13 
3.5410000000e+00 8.6370990870e-13 
3.5420000000e+00 8.6625763610e-13 
3.5430000000e+00 8.6880560140e-13 
3.5440000000e+00 8.7137547590e-13 
3.5450000000e+00 8.7400255740e-13 
3.5460000000e+00 8.7654690610e-13 
3.5470000000e+00 8.7923367760e-13 
3.5480000000e+00 8.8178863050e-13 
3.5490000000e+00 8.8436924800e-13 
3.5500000000e+00 8.8702920720e-13 
3.5510000000e+00 8.8957927470e-13 
3.5520000000e+00 8.9230145480e-13 
3.5530000000e+00 8.9496411530e-13 
3.5540000000e+00 8.9758288060e-13 
3.5550000000e+00 9.0023585400e-13 
3.5560000000e+00 9.0297525080e-13 
3.5570000000e+00 9.0560996740e-13 
3.5580000000e+00 9.0821979270e-13 
3.5590000000e+00 9.1098902050e-13 
3.5600000000e+00 9.1373232790e-13 
3.5610000000e+00 9.1644780740e-13 
3.5620000000e+00 9.1916156890e-13 
3.5630000000e+00 9.2184523510e-13 
3.5640000000e+00 9.2467213500e-13 
3.5650000000e+00 9.2740164010e-13 
3.5660000000e+00 9.3020728980e-13 
3.5670000000e+00 9.3297735980e-13 
3.5680000000e+00 9.3578911710e-13 
3.5690000000e+00 9.3858451140e-13 
3.5700000000e+00 9.4144687890e-13 
3.5710000000e+00 9.4420515740e-13 
3.5720000000e+00 9.4706570470e-13 
3.5730000000e+00 9.4988565510e-13 
3.5740000000e+00 9.5278510490e-13 
3.5750000000e+00 9.5567373480e-13 
3.5760000000e+00 9.5853703420e-13 
3.5770000000e+00 9.6140316900e-13 
3.5780000000e+00 9.6432936670e-13 
3.5790000000e+00 9.6721328190e-13 
3.5800000000e+00 9.7021061080e-13 
3.5810000000e+00 9.7314227570e-13 
3.5820000000e+00 9.7607634930e-13 
3.5830000000e+00 9.7899465910e-13 
3.5840000000e+00 9.8201416720e-13 
3.5850000000e+00 9.8503273760e-13 
3.5860000000e+00 9.8794886010e-13 
3.5870000000e+00 9.9091689110e-13 
3.5880000000e+00 9.9394818410e-13 
3.5890000000e+00 9.9693237280e-13 
3.5900000000e+00 9.9992271640e-13 
3.5910000000e+00 1.0029795760e-12 
3.5920000000e+00 1.0060512080e-12 
3.5930000000e+00 1.0090730270e-12 
3.5940000000e+00 1.0121323240e-12 
3.5950000000e+00 1.0152407940e-12 
3.5960000000e+00 1.0183255390e-12 
3.5970000000e+00 1.0214544400e-12 
3.5980000000e+00 1.0245145000e-12 
3.5990000000e+00 1.0276377190e-12 
3.6000000000e+00 1.0307276000e-12 
3.6010000000e+00 1.0338668520e-12 
3.6020000000e+00 1.0369963650e-12 
3.6030000000e+00 1.0401817190e-12 
3.6040000000e+00 1.0433059480e-12 
3.6050000000e+00 1.0464889400e-12 
3.6060000000e+00 1.0497352890e-12 
3.6070000000e+00 1.0528676660e-12 
3.6080000000e+00 1.0561603090e-12 
3.6090000000e+00 1.0593776170e-12 
3.6100000000e+00 1.0626279890e-12 
3.6110000000e+00 1.0658090780e-12 
3.6120000000e+00 1.0690698040e-12 
3.6130000000e+00 1.0722909840e-12 
3.6140000000e+00 1.0755692730e-12 
3.6150000000e+00 1.0789234330e-12 
3.6160000000e+00 1.0821613060e-12 
3.6170000000e+00 1.0854662750e-12 
3.6180000000e+00 1.0887696210e-12 
3.6190000000e+00 1.0921379670e-12 
3.6200000000e+00 1.0954879770e-12 
3.6210000000e+00 1.0987561530e-12 
3.6220000000e+00 1.1021187770e-12 
3.6230000000e+00 1.1055913840e-12 
3.6240000000e+00 1.1089124310e-12 
3.6250000000e+00 1.1122713150e-12 
3.6260000000e+00 1.1157515830e-12 
3.6270000000e+00 1.1191541830e-12 
3.6280000000e+00 1.1225603620e-12 
3.6290000000e+00 1.1259807700e-12 
3.6300000000e+00 1.1294565530e-12 
3.6310000000e+00 1.1328870340e-12 
3.6320000000e+00 1.1363616060e-12 
3.6330000000e+00 1.1398163550e-12 
3.6340000000e+00 1.1433335710e-12 
3.6350000000e+00 1.1468852520e-12 
3.6360000000e+00 1.1503790870e-12 
3.6370000000e+00 1.1539535520e-12 
3.6380000000e+00 1.1573786870e-12 
3.6390000000e+00 1.1610133360e-12 
3.6400000000e+00 1.1645534780e-12 
3.6410000000e+00 1.1681846860e-12 
3.6420000000e+00 1.1717231560e-12 
3.6430000000e+00 1.1753464220e-12 
3.6440000000e+00 1.1789479600e-12 
3.6450000000e+00 1.1825491450e-12 
3.6460000000e+00 1.1862661360e-12 
3.6470000000e+00 1.1898790280e-12 
3.6480000000e+00 1.1935647880e-12 
3.6490000000e+00 1.1972729460e-12 
3.6500000000e+00 1.2010506270e-12 
3.6510000000e+00 1.2047476510e-12 
3.6520000000e+00 1.2084826490e-12 
3.6530000000e+00 1.2122357800e-12 
3.6540000000e+00 1.2159241210e-12 
3.6550000000e+00 1.2196908020e-12 
3.6560000000e+00 1.2235070070e-12 
3.6570000000e+00 1.2272646790e-12 
3.6580000000e+00 1.2310688760e-12 
3.6590000000e+00 1.2349431950e-12 
3.6600000000e+00 1.2388450260e-12 
3.6610000000e+00 1.2426110350e-12 
3.6620000000e+00 1.2465340490e-12 
3.6630000000e+00 1.2504120940e-12 
3.6640000000e+00 1.2542904900e-12 
3.6650000000e+00 1.2581284430e-12 
3.6660000000e+00 1.2620217190e-12 
3.6670000000e+00 1.2660147520e-12 
3.6680000000e+00 1.2699985110e-12 
3.6690000000e+00 1.2739523140e-12 
3.6700000000e+00 1.2779874840e-12 
3.6710000000e+00 1.2819551000e-12 
3.6720000000e+00 1.2860177500e-12 
3.6730000000e+00 1.2899804000e-12 
3.6740000000e+00 1.2940045640e-12 
3.6750000000e+00 1.2980910750e-12 
3.6760000000e+00 1.3021981540e-12 
3.6770000000e+00 1.3062806880e-12 
3.6780000000e+00 1.3103664430e-12 
3.6790000000e+00 1.3144822510e-12 
3.6800000000e+00 1.3186461730e-12 
3.6810000000e+00 1.3228308440e-12 
3.6820000000e+00 1.3269441500e-12 
3.6830000000e+00 1.3311400250e-12 
3.6840000000e+00 1.3353610240e-12 
3.6850000000e+00 1.3395256900e-12 
3.6860000000e+00 1.3437743780e-12 
3.6870000000e+00 1.3480172730e-12 
3.6880000000e+00 1.3522767210e-12 
3.6890000000e+00 1.3565794530e-12 
3.6900000000e+00 1.3608467260e-12 
3.6910000000e+00 1.3651998860e-12 
3.6920000000e+00 1.3695714680e-12 
3.6930000000e+00 1.3738669470e-12 
3.6940000000e+00 1.3782756700e-12 
3.6950000000e+00 1.3825641180e-12 
3.6960000000e+00 1.3868820450e-12 
3.6970000000e+00 1.3913115330e-12 
3.6980000000e+00 1.3957195310e-12 
3.6990000000e+00 1.4001561640e-12 
3.7000000000e+00 1.4046256070e-12 
3.7010000000e+00 1.4090910970e-12 
3.7020000000e+00 1.4136073530e-12 
3.7030000000e+00 1.4180759980e-12 
3.7040000000e+00 1.4224894380e-12 
3.7050000000e+00 1.4271390750e-12 
3.7060000000e+00 1.4316685960e-12 
3.7070000000e+00 1.4362311080e-12 
3.7080000000e+00 1.4408245210e-12 
3.7090000000e+00 1.4454576040e-12 
3.7100000000e+00 1.4500440920e-12 
3.7110000000e+00 1.4547099530e-12 
3.7120000000e+00 1.4594086350e-12 
3.7130000000e+00 1.4639903240e-12 
3.7140000000e+00 1.4686461280e-12 
3.7150000000e+00 1.4733679800e-12 
3.7160000000e+00 1.4781340900e-12 
3.7170000000e+00 1.4828393790e-12 
3.7180000000e+00 1.4876150110e-12 
3.7190000000e+00 1.4923674110e-12 
3.7200000000e+00 1.4971189250e-12 
3.7210000000e+00 1.5019424430e-12 
3.7220000000e+00 1.5067784360e-12 
3.7230000000e+00 1.5115636140e-12 
3.7240000000e+00 1.5164853260e-12 
3.7250000000e+00 1.5213392930e-12 
3.7260000000e+00 1.5261697950e-12 
3.7270000000e+00 1.5311545750e-12 
3.7280000000e+00 1.5360363750e-12 
3.7290000000e+00 1.5409983250e-12 
3.7300000000e+00 1.5459054680e-12 
3.7310000000e+00 1.5508969010e-12 
3.7320000000e+00 1.5559298080e-12 
3.7330000000e+00 1.5609755700e-12 
3.7340000000e+00 1.5658915280e-12 
3.7350000000e+00 1.5710454910e-12 
3.7360000000e+00 1.5760341370e-12 
3.7370000000e+00 1.5811745190e-12 
3.7380000000e+00 1.5863101950e-12 
3.7390000000e+00 1.5913402790e-12 
3.7400000000e+00 1.5965032910e-12 
3.7410000000e+00 1.6016762060e-12 
3.7420000000e+00 1.6068606920e-12 
3.7430000000e+00 1.6120454510e-12 
3.7440000000e+00 1.6173184260e-12 
3.7450000000e+00 1.6225492810e-12 
3.7460000000e+00 1.6277315380e-12 
3.7470000000e+00 1.6330527550e-12 
3.7480000000e+00 1.6383134610e-12 
3.7490000000e+00 1.6436298450e-12 
3.7500000000e+00 1.6489991340e-12 
3.7510000000e+00 1.6542759450e-12 
3.7520000000e+00 1.6596816710e-12 
3.7530000000e+00 1.6651486360e-12 
3.7540000000e+00 1.6705011820e-12 
3.7550000000e+00 1.6759663400e-12 
3.7560000000e+00 1.6812725830e-12 
3.7570000000e+00 1.6867641160e-12 
3.7580000000e+00 1.6923005190e-12 
3.7590000000e+00 1.6978421670e-12 
3.7600000000e+00 1.7033111450e-12 
3.7610000000e+00 1.7089207560e-12 
3.7620000000e+00 1.7144388090e-12 
3.7630000000e+00 1.7200804970e-12 
3.7640000000e+00 1.7257142300e-12 
3.7650000000e+00 1.7312955170e-12 
3.7660000000e+00 1.7369850440e-12 
3.7670000000e+00 1.7427622310e-12 
3.7680000000e+00 1.7484207360e-12 
3.7690000000e+00 1.7541765190e-12 
3.7700000000e+00 1.7599251320e-12 
3.7710000000e+00 1.7657885590e-12 
3.7720000000e+00 1.7715718070e-12 
3.7730000000e+00 1.7774193140e-12 
3.7740000000e+00 1.7832805300e-12 
3.7750000000e+00 1.7891813400e-12 
3.7760000000e+00 1.7950345630e-12 
3.7770000000e+00 1.8010307630e-12 
3.7780000000e+00 1.8070396000e-12 
3.7790000000e+00 1.8129449420e-12 
3.7800000000e+00 1.8189848920e-12 
3.7810000000e+00 1.8250276500e-12 
3.7820000000e+00 1.8310803130e-12 
3.7830000000e+00 1.8371794300e-12 
3.7840000000e+00 1.8433454630e-12 
3.7850000000e+00 1.8494468200e-12 
3.7860000000e+00 1.8555931540e-12 
3.7870000000e+00 1.8617190550e-12 
3.7880000000e+00 1.8678916090e-12 
3.7890000000e+00 1.8741354410e-12 
3.7900000000e+00 1.8803738930e-12 
3.7910000000e+00 1.8866740040e-12 
3.7920000000e+00 1.8930017270e-12 
3.7930000000e+00 1.8992718380e-12 
3.7940000000e+00 1.9056374330e-12 
3.7950000000e+00 1.9119155390e-12 
3.7960000000e+00 1.9183442580e-12 
3.7970000000e+00 1.9247466550e-12 
3.7980000000e+00 1.9312311470e-12 
3.7990000000e+00 1.9376759580e-12 
3.8000000000e+00 1.9441661590e-12 
3.8010000000e+00 1.9506480460e-12 
3.8020000000e+00 1.9571424560e-12 
3.8030000000e+00 1.9637558850e-12 
3.8040000000e+00 1.9703628080e-12 
3.8050000000e+00 1.9768548270e-12 
3.8060000000e+00 1.9835492060e-12 
3.8070000000e+00 1.9902220350e-12 
3.8080000000e+00 1.9968641200e-12 
3.8090000000e+00 2.0035617160e-12 
3.8100000000e+00 2.0103542950e-12 
3.8110000000e+00 2.0170622260e-12 
3.8120000000e+00 2.0238559380e-12 
3.8130000000e+00 2.0306633690e-12 
3.8140000000e+00 2.0375089490e-12 
3.8150000000e+00 2.0444026990e-12 
3.8160000000e+00 2.0512575160e-12 
3.8170000000e+00 2.0580974160e-12 
3.8180000000e+00 2.0650554390e-12 
3.8190000000e+00 2.0721157070e-12 
3.8200000000e+00 2.0790486420e-12 
3.8210000000e+00 2.0860315940e-12 
3.8220000000e+00 2.0930756240e-12 
3.8230000000e+00 2.1001872030e-12 
3.8240000000e+00 2.1072535400e-12 
3.8250000000e+00 2.1143867880e-12 
3.8260000000e+00 2.1215466260e-12 
3.8270000000e+00 2.1287121670e-12 
3.8280000000e+00 2.1359034560e-12 
3.8290000000e+00 2.1432021530e-12 
3.8300000000e+00 2.1504885750e-12 
3.8310000000e+00 2.1577840180e-12 
3.8320000000e+00 2.1650291610e-12 
3.8330000000e+00 2.1723969160e-12 
3.8340000000e+00 2.1798492710e-12 
3.8350000000e+00 2.1871924030e-12 
3.8360000000e+00 2.1946545980e-12 
3.8370000000e+00 2.2020593590e-12 
3.8380000000e+00 2.2095958960e-12 
3.8390000000e+00 2.2170956520e-12 
3.8400000000e+00 2.2246444750e-12 
3.8410000000e+00 2.2322593230e-12 
3.8420000000e+00 2.2398338940e-12 
3.8430000000e+00 2.2474963620e-12 
3.8440000000e+00 2.2551230740e-12 
3.8450000000e+00 2.2628412220e-12 
3.8460000000e+00 2.2705639120e-12 
3.8470000000e+00 2.2782842450e-12 
3.8480000000e+00 2.2861026790e-12 
3.8490000000e+00 2.2938892940e-12 
3.8500000000e+00 2.3016992240e-12 
3.8510000000e+00 2.3096911990e-12 
3.8520000000e+00 2.3175798880e-12 
3.8530000000e+00 2.3254527780e-12 
3.8540000000e+00 2.3335412980e-12 
3.8550000000e+00 2.3414667870e-12 
3.8560000000e+00 2.3495208160e-12 
3.8570000000e+00 2.3576135670e-12 
3.8580000000e+00 2.3656788230e-12 
3.8590000000e+00 2.3738114020e-12 
3.8600000000e+00 2.3819170990e-12 
3.8610000000e+00 2.3901053520e-12 
3.8620000000e+00 2.3983817930e-12 
3.8630000000e+00 2.4066567760e-12 
3.8640000000e+00 2.4149046390e-12 
3.8650000000e+00 2.4232103500e-12 
3.8660000000e+00 2.4315697490e-12 
3.8670000000e+00 2.4399466970e-12 
3.8680000000e+00 2.4483594180e-12 
3.8690000000e+00 2.4567930170e-12 
3.8700000000e+00 2.4653444750e-12 
3.8710000000e+00 2.4739078390e-12 
3.8720000000e+00 2.4823649370e-12 
3.8730000000e+00 2.4909438090e-12 
3.8740000000e+00 2.4995926030e-12 
3.8750000000e+00 2.5082417590e-12 
3.8760000000e+00 2.5168956540e-12 
3.8770000000e+00 2.5256010680e-12 
3.8780000000e+00 2.5344423750e-12 
3.8790000000e+00 2.5431426090e-12 
3.8800000000e+00 2.5519239950e-12 
3.8810000000e+00 2.5608692370e-12 
3.8820000000e+00 2.5697602740e-12 
3.8830000000e+00 2.5787032000e-12 
3.8840000000e+00 2.5876622910e-12 
3.8850000000e+00 2.5966164440e-12 
3.8860000000e+00 2.6056274760e-12 
3.8870000000e+00 2.6147471760e-12 
3.8880000000e+00 2.6238715210e-12 
3.8890000000e+00 2.6330293280e-12 
3.8900000000e+00 2.6421921810e-12 
3.8910000000e+00 2.6513945690e-12 
3.8920000000e+00 2.6606611600e-12 
3.8930000000e+00 2.6699146000e-12 
3.8940000000e+00 2.6792515870e-12 
3.8950000000e+00 2.6886334710e-12 
3.8960000000e+00 2.6981068210e-12 
3.8970000000e+00 2.7075116370e-12 
3.8980000000e+00 2.7169542240e-12 
3.8990000000e+00 2.7265467330e-12 
3.9000000000e+00 2.7360297450e-12 
3.9010000000e+00 2.7456246480e-12 
3.9020000000e+00 2.7552712140e-12 
3.9030000000e+00 2.7649738050e-12 
3.9040000000e+00 2.7747358230e-12 
3.9050000000e+00 2.7845275800e-12 
3.9060000000e+00 2.7943196300e-12 
3.9070000000e+00 2.8041758780e-12 
3.9080000000e+00 2.8141073880e-12 
3.9090000000e+00 2.8240746750e-12 
3.9100000000e+00 2.8339781000e-12 
3.9110000000e+00 2.8439876660e-12 
3.9120000000e+00 2.8540515700e-12 
3.9130000000e+00 2.8641990430e-12 
3.9140000000e+00 2.8743227190e-12 
3.9150000000e+00 2.8844397150e-12 
3.9160000000e+00 2.8946661500e-12 
3.9170000000e+00 2.9050166310e-12 
3.9180000000e+00 2.9153209280e-12 
3.9190000000e+00 2.9257056020e-12 
3.9200000000e+00 2.9361226040e-12 
3.9210000000e+00 2.9464667720e-12 
3.9220000000e+00 2.9569194840e-12 
3.9230000000e+00 2.9675179080e-12 
3.9240000000e+00 2.9780817830e-12 
3.9250000000e+00 2.9886514090e-12 
3.9260000000e+00 2.9993355960e-12 
3.9270000000e+00 3.0099923030e-12 
3.9280000000e+00 3.0207516460e-12 
3.9290000000e+00 3.0315022860e-12 
3.9300000000e+00 3.0424171550e-12 
3.9310000000e+00 3.0532729660e-12 
3.9320000000e+00 3.0641377960e-12 
3.9330000000e+00 3.0751471900e-12 
3.9340000000e+00 3.0861816650e-12 
3.9350000000e+00 3.0971351070e-12 
3.9360000000e+00 3.1081929780e-12 
3.9370000000e+00 3.1194049760e-12 
3.9380000000e+00 3.1306088020e-12 
3.9390000000e+00 3.1418606300e-12 
3.9400000000e+00 3.1531178400e-12 
3.9410000000e+00 3.1643939980e-12 
3.9420000000e+00 3.1758338350e-12 
3.9430000000e+00 3.1872324440e-12 
3.9440000000e+00 3.1988316790e-12 
3.9450000000e+00 3.2102720920e-12 
3.9460000000e+00 3.2218052550e-12 
3.9470000000e+00 3.2334918040e-12 
3.9480000000e+00 3.2451182680e-12 
3.9490000000e+00 3.2568845190e-12 
3.9500000000e+00 3.2685952550e-12 
3.9510000000e+00 3.2804739710e-12 
3.9520000000e+00 3.2922506630e-12 
3.9530000000e+00 3.3041474590e-12 
3.9540000000e+00 3.3161219470e-12 
3.9550000000e+00 3.3281640900e-12 
3.9560000000e+00 3.3402210440e-12 
3.9570000000e+00 3.3524084330e-12 
3.9580000000e+00 3.3645297640e-12 
3.9590000000e+00 3.3766955150e-12 
3.9600000000e+00 3.3890042580e-12 
3.9610000000e+00 3.4012824130e-12 
3.9620000000e+00 3.4136423360e-12 
3.9630000000e+00 3.4260203100e-12 
3.9640000000e+00 3.4385157440e-12 
3.9650000000e+00 3.4510574010e-12 
3.9660000000e+00 3.4636964390e-12 
3.9670000000e+00 3.4762450700e-12 
3.9680000000e+00 3.4890583130e-12 
3.9690000000e+00 3.5017727630e-12 
3.9700000000e+00 3.5145745040e-12 
3.9710000000e+00 3.5274842020e-12 
3.9720000000e+00 3.5404412590e-12 
3.9730000000e+00 3.5534661360e-12 
3.9740000000e+00 3.5664913620e-12 
3.9750000000e+00 3.5795975450e-12 
3.9760000000e+00 3.5927397660e-12 
3.9770000000e+00 3.6060270370e-12 
3.9780000000e+00 3.6192611310e-12 
3.9790000000e+00 3.6325381130e-12 
3.9800000000e+00 3.6459776480e-12 
3.9810000000e+00 3.6594462530e-12 
3.9820000000e+00 3.6729390780e-12 
3.9830000000e+00 3.6866090290e-12 
3.9840000000e+00 3.7000932950e-12 
3.9850000000e+00 3.7137899570e-12 
3.9860000000e+00 3.7275722190e-12 
3.9870000000e+00 3.7414329640e-12 
3.9880000000e+00 3.7551848270e-12 
3.9890000000e+00 3.7690920050e-12 
3.9900000000e+00 3.7831137560e-12 
3.9910000000e+00 3.7971974280e-12 
3.9920000000e+00 3.8113325640e-12 
3.9930000000e+00 3.8253485040e-12 
3.9940000000e+00 3.8396234890e-12 
3.9950000000e+00 3.8539002100e-12 
3.9960000000e+00 3.8682109810e-12 
3.9970000000e+00 3.8826855070e-12 
3.9980000000e+00 3.8971660770e-12 
3.9990000000e+00 3.9117226460e-12 
4.0000000000e+00 3.9263297150e-12 
4.0010000000e+00 3.9409885210e-12 
4.0020000000e+00 3.9557222320e-12 
4.0030000000e+00 3.9705462870e-12 
4.0040000000e+00 3.9853658440e-12 
4.0050000000e+00 4.0002303880e-12 
4.0060000000e+00 4.0152636350e-12 
4.0070000000e+00 4.0303205740e-12 
4.0080000000e+00 4.0455195690e-12 
4.0090000000e+00 4.0606523640e-12 
4.0100000000e+00 4.0758868700e-12 
4.0110000000e+00 4.0912487580e-12 
4.0120000000e+00 4.1065876280e-12 
4.0130000000e+00 4.1220101930e-12 
4.0140000000e+00 4.1376168990e-12 
4.0150000000e+00 4.1532725910e-12 
4.0160000000e+00 4.1688726110e-12 
4.0170000000e+00 4.1846214190e-12 
4.0180000000e+00 4.2003934690e-12 
4.0190000000e+00 4.2162618440e-12 
4.0200000000e+00 4.2322511730e-12 
4.0210000000e+00 4.2482945600e-12 
4.0220000000e+00 4.2643627490e-12 
4.0230000000e+00 4.2804921400e-12 
4.0240000000e+00 4.2967609950e-12 
4.0250000000e+00 4.3130508700e-12 
4.0260000000e+00 4.3294400680e-12 
4.0270000000e+00 4.3458874240e-12 
4.0280000000e+00 4.3624215320e-12 
4.0290000000e+00 4.3789329270e-12 
4.0300000000e+00 4.3956561460e-12 
4.0310000000e+00 4.4124840190e-12 
4.0320000000e+00 4.4293110500e-12 
4.0330000000e+00 4.4461322050e-12 
4.0340000000e+00 4.4631398380e-12 
4.0350000000e+00 4.4802335790e-12 
4.0360000000e+00 4.4973629460e-12 
4.0370000000e+00 4.5145728230e-12 
4.0380000000e+00 4.5318596370e-12 
4.0390000000e+00 4.5492421670e-12 
4.0400000000e+00 4.5666746490e-12 
4.0410000000e+00 4.5841276110e-12 
4.0420000000e+00 4.6018147020e-12 
4.0430000000e+00 4.6195370150e-12 
4.0440000000e+00 4.6373206660e-12 
4.0450000000e+00 4.6551635440e-12 
4.0460000000e+00 4.6730973850e-12 
4.0470000000e+00 4.6911545420e-12 
4.0480000000e+00 4.7091808480e-12 
4.0490000000e+00 4.7273300050e-12 
4.0500000000e+00 4.7456228780e-12 
4.0510000000e+00 4.7639274390e-12 
4.0520000000e+00 4.7823157250e-12 
4.0530000000e+00 4.8008205020e-12 
4.0540000000e+00 4.8195952640e-12 
4.0550000000e+00 4.8382072150e-12 
4.0560000000e+00 4.8569923990e-12 
4.0570000000e+00 4.8757822350e-12 
4.0580000000e+00 4.8948453000e-12 
4.0590000000e+00 4.9139245270e-12 
4.0600000000e+00 4.9329831550e-12 
4.0610000000e+00 4.9522597980e-12 
4.0620000000e+00 4.9714741050e-12 
4.0630000000e+00 4.9908666840e-12 
4.0640000000e+00 5.0103502110e-12 
4.0650000000e+00 5.0299944220e-12 
4.0660000000e+00 5.0497289020e-12 
4.0670000000e+00 5.0693831910e-12 
4.0680000000e+00 5.0892901930e-12 
4.0690000000e+00 5.1092932350e-12 
4.0700000000e+00 5.1293233620e-12 
4.0710000000e+00 5.1494663920e-12 
4.0720000000e+00 5.1696295620e-12 
4.0730000000e+00 5.1899872460e-12 
4.0740000000e+00 5.2103710710e-12 
4.0750000000e+00 5.2309249170e-12 
4.0760000000e+00 5.2515200970e-12 
4.0770000000e+00 5.2723059680e-12 
4.0780000000e+00 5.2931257550e-12 
4.0790000000e+00 5.3140653220e-12 
4.0800000000e+00 5.3350703340e-12 
4.0810000000e+00 5.3562226380e-12 
4.0820000000e+00 5.3773768330e-12 
4.0830000000e+00 5.3986346090e-12 
4.0840000000e+00 5.4200679940e-12 
4.0850000000e+00 5.4416472980e-12 
4.0860000000e+00 5.4633198580e-12 
4.0870000000e+00 5.4850240270e-12 
4.0880000000e+00 5.5067858480e-12 
4.0890000000e+00 5.5287661330e-12 
4.0900000000e+00 5.5507968670e-12 
4.0910000000e+00 5.5729290450e-12 
4.0920000000e+00 5.5952643600e-12 
4.0930000000e+00 5.6176223210e-12 
4.0940000000e+00 5.6400853380e-12 
4.0950000000e+00 5.6627048810e-12 
4.0960000000e+00 5.6854284250e-12 
4.0970000000e+00 5.7081974530e-12 
4.0980000000e+00 5.7310455610e-12 
4.0990000000e+00 5.7541373000e-12 
4.1000000000e+00 5.7772618910e-12 
4.1010000000e+00 5.8005441030e-12 
4.1020000000e+00 5.8239549830e-12 
4.1030000000e+00 5.8475487690e-12 
4.1040000000e+00 5.8711159350e-12 
4.1050000000e+00 5.8948536130e-12 
4.1060000000e+00 5.9188210870e-12 
4.1070000000e+00 5.9427614150e-12 
4.1080000000e+00 5.9668287370e-12 
4.1090000000e+00 5.9910331850e-12 
4.1100000000e+00 6.0155015350e-12 
4.1110000000e+00 6.0398857790e-12 
4.1120000000e+00 6.0644519740e-12 
4.1130000000e+00 6.0892388980e-12 
4.1140000000e+00 6.1141076280e-12 
4.1150000000e+00 6.1389798230e-12 
4.1160000000e+00 6.1640273390e-12 
4.1170000000e+00 6.1891892910e-12 
4.1180000000e+00 6.2145751720e-12 
4.1190000000e+00 6.2399994850e-12 
4.1200000000e+00 6.2656442450e-12 
4.1210000000e+00 6.2913715960e-12 
4.1220000000e+00 6.3172422790e-12 
4.1230000000e+00 6.3432643990e-12 
4.1240000000e+00 6.3693052570e-12 
4.1250000000e+00 6.3956348420e-12 
4.1260000000e+00 6.4220263410e-12 
4.1270000000e+00 6.4485091590e-12 
4.1280000000e+00 6.4751237740e-12 
4.1290000000e+00 6.5019359330e-12 
4.1300000000e+00 6.5289050740e-12 
4.1310000000e+00 6.5558958070e-12 
4.1320000000e+00 6.5831583090e-12 
4.1330000000e+00 6.6103729700e-12 
4.1340000000e+00 6.6379838790e-12 
4.1350000000e+00 6.6656873760e-12 
4.1360000000e+00 6.6935187450e-12 
4.1370000000e+00 6.7214023290e-12 
4.1380000000e+00 6.7494838710e-12 
4.1390000000e+00 6.7777088090e-12 
4.1400000000e+00 6.8060781380e-12 
4.1410000000e+00 6.8346665860e-12 
4.1420000000e+00 6.8633203770e-12 
4.1430000000e+00 6.8921257230e-12 
4.1440000000e+00 6.9211878430e-12 
4.1450000000e+00 6.9503174550e-12 
4.1460000000e+00 6.9795976370e-12 
4.1470000000e+00 7.0090295890e-12 
4.1480000000e+00 7.0387341860e-12 
4.1490000000e+00 7.0684096940e-12 
4.1500000000e+00 7.0983333030e-12 
4.1510000000e+00 7.1284764920e-12 
4.1520000000e+00 7.1586709280e-12 
4.1530000000e+00 7.1890840630e-12 
4.1540000000e+00 7.2196224820e-12 
4.1550000000e+00 7.2504049720e-12 
4.1560000000e+00 7.2812696070e-12 
4.1570000000e+00 7.3123598220e-12 
4.1580000000e+00 7.3435487780e-12 
4.1590000000e+00 7.3749840850e-12 
4.1600000000e+00 7.4065506000e-12 
4.1610000000e+00 7.4382551580e-12 
4.1620000000e+00 7.4701227530e-12 
4.1630000000e+00 7.5021634970e-12 
4.1640000000e+00 7.5344107540e-12 
4.1650000000e+00 7.5667890820e-12 
4.1660000000e+00 7.5994614340e-12 
4.1670000000e+00 7.6322685900e-12 
4.1680000000e+00 7.6652775450e-12 
4.1690000000e+00 7.6984259700e-12 
4.1700000000e+00 7.7316920190e-12 
4.1710000000e+00 7.7651693340e-12 
4.1720000000e+00 7.7989006750e-12 
4.1730000000e+00 7.8328061610e-12 
4.1740000000e+00 7.8668270740e-12 
4.1750000000e+00 7.9010015790e-12 
4.1760000000e+00 7.9355600250e-12 
4.1770000000e+00 7.9701232480e-12 
4.1780000000e+00 8.0049243250e-12 
4.1790000000e+00 8.0400452820e-12 
4.1800000000e+00 8.0752678550e-12 
4.1810000000e+00 8.1107155630e-12 
4.1820000000e+00 8.1462533900e-12 
4.1830000000e+00 8.1821144850e-12 
4.1840000000e+00 8.2181678170e-12 
4.1850000000e+00 8.2543673570e-12 
4.1860000000e+00 8.2908025230e-12 
4.1870000000e+00 8.3274869500e-12 
4.1880000000e+00 8.3643626770e-12 
4.1890000000e+00 8.4014085320e-12 
4.1900000000e+00 8.4387306230e-12 
4.1910000000e+00 8.4761689980e-12 
4.1920000000e+00 8.5139115520e-12 
4.1930000000e+00 8.5518729870e-12 
4.1940000000e+00 8.5900279450e-12 
4.1950000000e+00 8.6283003150e-12 
4.1960000000e+00 8.6669214350e-12 
4.1970000000e+00 8.7057853220e-12 
4.1980000000e+00 8.7448175340e-12 
4.1990000000e+00 8.7840977680e-12 
4.2000000000e+00 8.8235312360e-12 
4.2010000000e+00 8.8632470920e-12 
4.2020000000e+00 8.9032969600e-12 
4.2030000000e+00 8.9434884860e-12 
4.2040000000e+00 8.9838983550e-12 
4.2050000000e+00 9.0245673860e-12 
4.2060000000e+00 9.0654731360e-12 
4.2070000000e+00 9.1066443310e-12 
4.2080000000e+00 9.1480138260e-12 
4.2090000000e+00 9.1897087220e-12 
4.2100000000e+00 9.2314983270e-12 
4.2110000000e+00 9.2737618370e-12 
4.2120000000e+00 9.3160653410e-12 
4.2130000000e+00 9.3587600460e-12 
4.2140000000e+00 9.4016628800e-12 
4.2150000000e+00 9.4449038590e-12 
4.2160000000e+00 9.4883642410e-12 
4.2170000000e+00 9.5320441240e-12 
4.2180000000e+00 9.5760263170e-12 
4.2190000000e+00 9.6202449160e-12 
4.2200000000e+00 9.6648265880e-12 
4.2210000000e+00 9.7095402470e-12 
4.2220000000e+00 9.7547118830e-12 
4.2230000000e+00 9.8000091800e-12 
4.2240000000e+00 9.8456632320e-12 
4.2250000000e+00 9.8914984720e-12 
4.2260000000e+00 9.9376202540e-12 
4.2270000000e+00 9.9841828060e-12 
4.2280000000e+00 1.0030940790e-11 
4.2290000000e+00 1.0078075600e-11 
4.2300000000e+00 1.0125353570e-11 
4.2310000000e+00 1.0173036530e-11 
4.2320000000e+00 1.0221072280e-11 
4.2330000000e+00 1.0269254000e-11 
4.2340000000e+00 1.0317972220e-11 
4.2350000000e+00 1.0366912500e-11 
4.2360000000e+00 1.0416151540e-11 
4.2370000000e+00 1.0465873660e-11 
4.2380000000e+00 1.0515721950e-11 
4.2390000000e+00 1.0565918110e-11 
4.2400000000e+00 1.0616383140e-11 
4.2410000000e+00 1.0667042470e-11 
4.2420000000e+00 1.0718185840e-11 
4.2430000000e+00 1.0769456380e-11 
4.2440000000e+00 1.0821128540e-11 
4.2450000000e+00 1.0873086960e-11 
4.2460000000e+00 1.0925364760e-11 
4.2470000000e+00 1.0978074570e-11 
4.2480000000e+00 1.1031061870e-11 
4.2490000000e+00 1.1084514050e-11 
4.2500000000e+00 1.1138053960e-11 
4.2510000000e+00 1.1192250980e-11 
4.2520000000e+00 1.1246538090e-11 
4.2530000000e+00 1.1301379530e-11 
4.2540000000e+00 1.1356618780e-11 
4.2550000000e+00 1.1412128880e-11 
4.2560000000e+00 1.1468155480e-11 
4.2570000000e+00 1.1524362760e-11 
4.2580000000e+00 1.1581109760e-11 
4.2590000000e+00 1.1638159460e-11 
4.2600000000e+00 1.1695681040e-11 
4.2610000000e+00 1.1753501790e-11 
4.2620000000e+00 1.1811868170e-11 
4.2630000000e+00 1.1870545430e-11 
4.2640000000e+00 1.1929615030e-11 
4.2650000000e+00 1.1989094940e-11 
4.2660000000e+00 1.2049094170e-11 
4.2670000000e+00 1.2109395700e-11 
4.2680000000e+00 1.2170141940e-11 
4.2690000000e+00 1.2231341500e-11 
4.2700000000e+00 1.2292982640e-11 
4.2710000000e+00 1.2355086860e-11 
4.2720000000e+00 1.2417671470e-11 
4.2730000000e+00 1.2480602540e-11 
4.2740000000e+00 1.2544035670e-11 
4.2750000000e+00 1.2607980000e-11 
4.2760000000e+00 1.2672346100e-11 
4.2770000000e+00 1.2737218300e-11 
4.2780000000e+00 1.2802497980e-11 
4.2790000000e+00 1.2868430290e-11 
4.2800000000e+00 1.2934658640e-11 
4.2810000000e+00 1.3001444190e-11 
4.2820000000e+00 1.3068677260e-11 
4.2830000000e+00 1.3136536190e-11 
4.2840000000e+00 1.3204880940e-11 
4.2850000000e+00 1.3273626430e-11 
4.2860000000e+00 1.3343099040e-11 
4.2870000000e+00 1.3412962230e-11 
4.2880000000e+00 1.3483379740e-11 
4.2890000000e+00 1.3554430720e-11 
4.2900000000e+00 1.3625911990e-11 
4.2910000000e+00 1.3697993000e-11 
4.2920000000e+00 1.3770577630e-11 
4.2930000000e+00 1.3843865640e-11 
4.2940000000e+00 1.3917592900e-11 
4.2950000000e+00 1.3992010540e-11 
4.2960000000e+00 1.4067001450e-11 
4.2970000000e+00 1.4142495710e-11 
4.2980000000e+00 1.4218642510e-11 
4.2990000000e+00 1.4295389460e-11 
4.3000000000e+00 1.4372917480e-11 
4.3010000000e+00 1.4450800300e-11 
4.3020000000e+00 1.4529524900e-11 
4.3030000000e+00 1.4608842240e-11 
4.3040000000e+00 1.4688774260e-11 
4.3050000000e+00 1.4769432710e-11 
4.3060000000e+00 1.4850699970e-11 
4.3070000000e+00 1.4932704290e-11 
4.3080000000e+00 1.5015430580e-11 
4.3090000000e+00 1.5098836200e-11 
4.3100000000e+00 1.5182933440e-11 
4.3110000000e+00 1.5267808080e-11 
4.3120000000e+00 1.5353257670e-11 
4.3130000000e+00 1.5439579130e-11 
4.3140000000e+00 1.5526600700e-11 
4.3150000000e+00 1.5614433610e-11 
4.3160000000e+00 1.5702901330e-11 
4.3170000000e+00 1.5792211470e-11 
4.3180000000e+00 1.5882493000e-11 
4.3190000000e+00 1.5973357050e-11 
4.3200000000e+00 1.6065213270e-11 
4.3210000000e+00 1.6157790590e-11 
4.3220000000e+00 1.6251263650e-11 
4.3230000000e+00 1.6345501090e-11 
4.3240000000e+00 1.6440702570e-11 
4.3250000000e+00 1.6536775970e-11 
4.3260000000e+00 1.6633793320e-11 
4.3270000000e+00 1.6731751450e-11 
4.3280000000e+00 1.6830457080e-11 
4.3290000000e+00 1.6930240360e-11 
4.3300000000e+00 1.7030929920e-11 
4.3310000000e+00 1.7132633630e-11 
4.3320000000e+00 1.7235337780e-11 
4.3330000000e+00 1.7338937780e-11 
4.3340000000e+00 1.7443707090e-11 
4.3350000000e+00 1.7549336590e-11 
4.3360000000e+00 1.7656118700e-11 
4.3370000000e+00 1.7763944780e-11 
4.3380000000e+00 1.7872973310e-11 
4.3390000000e+00 1.7982967360e-11 
4.3400000000e+00 1.8094150640e-11 
4.3410000000e+00 1.8206474790e-11 
4.3420000000e+00 1.8319721600e-11 
4.3430000000e+00 1.8434516120e-11 
4.3440000000e+00 1.8550361170e-11 
4.3450000000e+00 1.8667614690e-11 
4.3460000000e+00 1.8785908910e-11 
4.3470000000e+00 1.8905599500e-11 
4.3480000000e+00 1.9026608450e-11 
4.3490000000e+00 1.9148960450e-11 
4.3500000000e+00 1.9272531680e-11 
4.3510000000e+00 1.9397639090e-11 
4.3520000000e+00 1.9524072230e-11 
4.3530000000e+00 1.9651945850e-11 
4.3540000000e+00 1.9781401420e-11 
4.3550000000e+00 1.9912298000e-11 
4.3560000000e+00 2.0044661120e-11 
4.3570000000e+00 2.0178569090e-11 
4.3580000000e+00 2.0314158940e-11 
4.3590000000e+00 2.0451424790e-11 
4.3600000000e+00 2.0590067580e-11 
4.3610000000e+00 2.0730698230e-11 
4.3620000000e+00 2.0872931040e-11 
4.3630000000e+00 2.1017055270e-11 
4.3640000000e+00 2.1162985660e-11 
4.3650000000e+00 2.1310820560e-11 
4.3660000000e+00 2.1460517620e-11 
4.3670000000e+00 2.1612103700e-11 
4.3680000000e+00 2.1765768550e-11 
4.3690000000e+00 2.1921426190e-11 
4.3700000000e+00 2.2079196650e-11 
4.3710000000e+00 2.2239091470e-11 
4.3720000000e+00 2.2401130740e-11 
4.3730000000e+00 2.2565439320e-11 
4.3740000000e+00 2.2732124800e-11 
4.3750000000e+00 2.2901121840e-11 
4.3760000000e+00 2.3072616810e-11 
4.3770000000e+00 2.3246522640e-11 
4.3780000000e+00 2.3423030130e-11 
4.3790000000e+00 2.3602343870e-11 
4.3800000000e+00 2.3784539390e-11 
4.3810000000e+00 2.3969207220e-11 
4.3820000000e+00 2.4156937310e-11 
4.3830000000e+00 2.4347528260e-11 
4.3840000000e+00 2.4541037170e-11 
4.3850000000e+00 2.4737899370e-11 
4.3860000000e+00 2.4937838640e-11 
4.3870000000e+00 2.5140834450e-11 
4.3880000000e+00 2.5347593540e-11 
4.3890000000e+00 2.5557952940e-11 
4.3900000000e+00 2.5771948850e-11 
4.3910000000e+00 2.5989812190e-11 
4.3920000000e+00 2.6211448180e-11 
4.3930000000e+00 2.6437336670e-11 
4.3940000000e+00 2.6667447960e-11 
4.3950000000e+00 2.6901743560e-11 
4.3960000000e+00 2.7140764160e-11 
4.3970000000e+00 2.7384359390e-11 
4.3980000000e+00 2.7632854060e-11 
4.3990000000e+00 2.7886932250e-11 
4.4000000000e+00 2.8145984400e-11 
4.4010000000e+00 2.8410488550e-11 
4.4020000000e+00 2.8680835850e-11 
4.4030000000e+00 2.8957146550e-11 
4.4040000000e+00 2.9239767710e-11 
4.4050000000e+00 2.9528935280e-11 
4.4060000000e+00 2.9825060690e-11 
4.4070000000e+00 3.0128509680e-11 
4.4080000000e+00 3.0439489710e-11 
4.4090000000e+00 3.0758464310e-11 
4.4100000000e+00 3.1085847820e-11 
4.4110000000e+00 3.1422192550e-11 
4.4120000000e+00 3.1767889430e-11 
4.4130000000e+00 3.2123659780e-11 
4.4140000000e+00 3.2489445370e-11 
4.4150000000e+00 3.2866937620e-11 
4.4160000000e+00 3.3256491790e-11 
4.4170000000e+00 3.3658896100e-11 
4.4180000000e+00 3.4074935530e-11 
4.4190000000e+00 3.4505751180e-11 
4.4200000000e+00 3.4952647320e-11 
4.4210000000e+00 3.5416747290e-11 
4.4220000000e+00 3.5900341900e-11 
4.4230000000e+00 3.6403624730e-11 
4.4240000000e+00 3.6929473620e-11 
4.4250000000e+00 3.7479981690e-11 
4.4260000000e+00 3.8057201550e-11 
4.4270000000e+00 3.8665600780e-11 
4.4280000000e+00 3.9308553170e-11 
4.4290000000e+00 3.9990518910e-11 
4.4300000000e+00 4.0718588700e-11 
4.4310000000e+00 4.1498260630e-11 
4.4320000000e+00 4.2339716140e-11 
4.4325000000e+00 4.2787348160e-11 
4.4330000000e+00 4.3255637960e-11 
4.4335000000e+00 4.3746043260e-11 
4.4340000000e+00 4.4262926600e-11 
4.4345000000e+00 4.4809314860e-11 
4.4347500000e+00 4.5095799310e-11 
4.4350000000e+00 4.5389281970e-11 
4.4352500000e+00 4.5693321400e-11 
4.4355000000e+00 4.6008000560e-11 
4.4357500000e+00 4.6334165770e-11 
4.4360000000e+00 4.6672788260e-11 
4.4361250000e+00 4.6848476520e-11 
4.4362500000e+00 4.7026669710e-11 
4.4363750000e+00 4.7208681670e-11 
4.4365000000e+00 4.7393591580e-11 
4.4366250000e+00 4.7583703120e-11 
4.4367500000e+00 4.7778415890e-11 
4.4368750000e+00 4.7977950690e-11 
4.4370000000e+00 4.8182607170e-11 
4.4371250000e+00 4.8392572840e-11 
4.4372500000e+00 4.8608423600e-11 
4.4373750000e+00 4.8831628280e-11 
4.4375000000e+00 4.9060495820e-11 
4.4375625000e+00 4.9177840880e-11 
4.4376250000e+00 4.9296877980e-11 
4.4376875000e+00 4.9417779870e-11 
4.4377500000e+00 4.9539763040e-11 
4.4378125000e+00 4.9664886440e-11 
4.4378750000e+00 4.9792270860e-11 
4.4379375000e+00 4.9922085010e-11 
4.4380000000e+00 5.0054336270e-11 
4.4380625000e+00 5.0189143730e-11 
4.4381250000e+00 5.0326723270e-11 
4.4381875000e+00 5.0467069910e-11 
4.4382500000e+00 5.0610554550e-11 
4.4383125000e+00 5.0757165620e-11 
4.4383750000e+00 5.0907200640e-11 
4.4384375000e+00 5.1060955780e-11 
4.4385000000e+00 5.1218454180e-11 
4.4385312500e+00 5.1299880660e-11 
4.4385625000e+00 5.1381323280e-11 
4.4385937500e+00 5.1463859570e-11 
4.4386250000e+00 5.1547428520e-11 
4.4386562500e+00 5.1632270360e-11 
4.4386875000e+00 5.1718251820e-11 
4.4387187500e+00 5.1805525820e-11 
4.4387500000e+00 5.1894222150e-11 
4.4387812500e+00 5.1984217470e-11 
4.4388125000e+00 5.2075739000e-11 
4.4388437500e+00 5.2168758940e-11 
4.4388750000e+00 5.2263358890e-11 
4.4389062500e+00 5.2359443940e-11 
4.4389375000e+00 5.2457379250e-11 
4.4389687500e+00 5.2557196090e-11 
4.4390000000e+00 5.2658812640e-11 
4.4440000000e+00 3.2210082580e-07 
4.4490000000e+00 3.3914344420e-07 
4.4590000000e+00 3.7491331680e-07 
4.4790000000e+00 4.5322372800e-07 
4.4990000000e+00 5.4058298510e-07 
4.5190000000e+00 6.3693054790e-07 
4.5390000000e+00 7.4218393940e-07 
4.5590000000e+00 8.5624157510e-07 
4.5790000000e+00 9.7885763490e-07 
4.5990000000e+00 1.1099112000e-06 
4.6190000000e+00 1.2492293450e-06 
4.6390000000e+00 1.3966992150e-06 
4.6590000000e+00 1.5521873990e-06 
4.6790000000e+00 1.7156241500e-06 
4.6990000000e+00 1.8870695820e-06 
4.7190000000e+00 2.0663711870e-06 
4.7390000000e+00 2.2536636640e-06 
4.7590000000e+00 2.4488044270e-06 
4.7790000000e+00 2.6519001330e-06 
4.7990000000e+00 2.8630836720e-06 
4.8190000000e+00 3.0822716900e-06 
4.8390000000e+00 3.3098891820e-06 
4.8590000000e+00 3.5456421240e-06 
4.8790000000e+00 3.7900911120e-06 
4.8990000000e+00 4.0430276670e-06 
4.9190000000e+00 4.3046916640e-06 
4.9390000000e+00 4.5755588470e-06 
4.9590000000e+00 4.8554230370e-06 
4.9790000000e+00 5.1450083380e-06 
4.9990000000e+00 5.4441588240e-06 
5.0190000000e+00 5.7531466050e-06 
5.0390000000e+00 6.0727078780e-06 
5.0590000000e+00 6.4024950080e-06 
5.0790000000e+00 6.7427539040e-06 
5.0990000000e+00 7.0946074160e-06 
5.1190000000e+00 7.4580472550e-06 
5.1390000000e+00 7.8332892960e-06 
5.1590000000e+00 8.2207649230e-06 
5.1790000000e+00 8.6211369740e-06 
5.1990000000e+00 9.0345264070e-06 
5.2190000000e+00 9.4612951270e-06 
5.2390000000e+00 9.9016540590e-06 
5.2590000000e+00 1.0356796340e-05 
5.2790000000e+00 1.0826548170e-05 
5.2990000000e+00 1.1311621190e-05 
5.3190000000e+00 1.1812897200e-05 
5.3390000000e+00 1.2330273810e-05 
5.3590000000e+00 1.2865373350e-05 
5.3790000000e+00 1.3417469600e-05 
5.3990000000e+00 1.3987691550e-05 
5.4190000000e+00 1.4576723990e-05 
5.4390000000e+00 1.5184674770e-05 
5.4590000000e+00 1.5813891040e-05 
5.4790000000e+00 1.6461747340e-05 
5.4990000000e+00 1.7133455710e-05 
5.5190000000e+00 1.7825010310e-05 
5.5390000000e+00 1.8541071990e-05 
5.5590000000e+00 1.9281114280e-05 
5.5790000000e+00 2.0041704920e-05 
5.5990000000e+00 2.0830085380e-05 
5.6190000000e+00 2.1643244650e-05 
5.6390000000e+00 2.2481122650e-05 
5.6590000000e+00 2.3350039340e-05 
5.6790000000e+00 2.4245912410e-05 
5.6990000000e+00 2.5167874930e-05 
5.7190000000e+00 2.6122792570e-05 
5.7390000000e+00 2.7108102340e-05 
5.7590000000e+00 2.8123797020e-05 
5.7790000000e+00 2.9172729390e-05 
5.7990000000e+00 3.0252081740e-05 
5.8190000000e+00 3.1365263850e-05 
5.8390000000e+00 3.2514388530e-05 
5.8590000000e+00 3.3700704230e-05 
5.8790000000e+00 3.4924291390e-05 
5.8990000000e+00 3.6183735680e-05 
5.9190000000e+00 3.7480005600e-05 
5.9390000000e+00 3.8814455010e-05 
5.9590000000e+00 4.0188849130e-05 
5.9790000000e+00 4.1602795980e-05 
5.9990000000e+00 4.3060059860e-05 
6.0190000000e+00 4.4558259310e-05 
6.0390000000e+00 4.6095927090e-05 
6.0590000000e+00 4.7676087350e-05 
6.0790000000e+00 4.9301651990e-05 
6.0990000000e+00 5.0967889580e-05 
6.1190000000e+00 5.2679233140e-05 
6.1390000000e+00 5.4434517660e-05 
6.1590000000e+00 5.6233751570e-05 
6.1790000000e+00 5.8076002240e-05 
6.1990000000e+00 5.9963724890e-05 
6.2190000000e+00 6.1895910300e-05 
6.2390000000e+00 6.3873936420e-05 
6.2590000000e+00 6.5898774880e-05 
6.2790000000e+00 6.7964383430e-05 
6.2990000000e+00 7.0072258360e-05 
6.3190000000e+00 7.2227582680e-05 
6.3390000000e+00 7.4428421830e-05 
6.3590000000e+00 7.6673790830e-05 
6.3790000000e+00 7.8961671680e-05 
6.3990000000e+00 8.1289741930e-05 
6.4190000000e+00 8.3661929250e-05 
6.4390000000e+00 8.6079357740e-05 
6.4590000000e+00 8.8537393010e-05 
6.4790000000e+00 9.1029161500e-05 
6.4990000000e+00 9.3558999850e-05 
6.5190000000e+00 9.6126127950e-05 
6.5390000000e+00 9.8733675770e-05 
6.5590000000e+00 1.0137956000e-04 
6.5790000000e+00 1.0406537730e-04 
6.5990000000e+00 1.0678943810e-04 
6.6190000000e+00 1.0954570220e-04 
6.6390000000e+00 1.1233184790e-04 
6.6590000000e+00 1.1515615200e-04 
6.6790000000e+00 1.1801832640e-04 
6.6990000000e+00 1.2091430140e-04 
6.7190000000e+00 1.2384217120e-04 
6.7390000000e+00 1.2680182430e-04 
6.7590000000e+00 1.2979455530e-04 
6.7790000000e+00 1.3281797090e-04 
6.7990000000e+00 1.3587479560e-04 
6.8190000000e+00 1.3896770690e-04 
6.8390000000e+00 1.4209358670e-04 
6.8590000000e+00 1.4524399800e-04 
6.8790000000e+00 1.4841690340e-04 
6.8990000000e+00 1.5162204660e-04 
6.9190000000e+00 1.5486027940e-04 
6.9390000000e+00 1.5813091540e-04 
6.9590000000e+00 1.6143218120e-04 
6.9790000000e+00 1.6475522410e-04 
6.9990000000e+00 1.6810792500e-04 
6.9790000000e+00 1.6475170390e-04 
6.9590000000e+00 1.6142888830e-04 
6.9390000000e+00 1.5812786310e-04 
6.9190000000e+00 1.5485743400e-04 
6.8990000000e+00 1.5161939690e-04 
6.8790000000e+00 1.4841443660e-04 
6.8590000000e+00 1.4524174690e-04 
6.8390000000e+00 1.4209152030e-04 
6.8190000000e+00 1.3896579460e-04 
6.7990000000e+00 1.3587439490e-04 
6.7790000000e+00 1.3281759500e-04 
6.7590000000e+00 1.2979420700e-04 
6.7390000000e+00 1.2680150900e-04 
6.7190000000e+00 1.2384189160e-04 
6.6990000000e+00 1.2091406640e-04 
6.6790000000e+00 1.1801813950e-04 
6.6590000000e+00 1.1515601130e-04 
6.6390000000e+00 1.1233174680e-04 
6.6190000000e+00 1.0954565450e-04 
6.5990000000e+00 1.0678944740e-04 
6.5790000000e+00 1.0406545690e-04 
6.5590000000e+00 1.0137970580e-04 
6.5390000000e+00 9.8733889020e-05 
6.5190000000e+00 9.6126407320e-05 
6.4990000000e+00 9.3559332020e-05 
6.4790000000e+00 9.1029572850e-05 
6.4590000000e+00 8.8537867090e-05 
6.4390000000e+00 8.6079926170e-05 
6.4190000000e+00 8.3662553880e-05 
6.3990000000e+00 8.1290420450e-05 
6.3790000000e+00 7.8962415850e-05 
6.3590000000e+00 7.6674604850e-05 
6.3390000000e+00 7.4429294670e-05 
6.3190000000e+00 7.2228525840e-05 
6.2990000000e+00 7.0073224630e-05 
6.2790000000e+00 6.7965384790e-05 
6.2590000000e+00 6.5899801490e-05 
6.2390000000e+00 6.3875008010e-05 
6.2190000000e+00 6.1896980720e-05 
6.1990000000e+00 5.9964796270e-05 
6.1790000000e+00 5.8077065980e-05 
6.1590000000e+00 5.6234834850e-05 
6.1390000000e+00 5.4435554760e-05 
6.1190000000e+00 5.2680261170e-05 
6.0990000000e+00 5.0968863190e-05 
6.0790000000e+00 4.9302593350e-05 
6.0590000000e+00 4.7676986800e-05 
6.0390000000e+00 4.6096771510e-05 
6.0190000000e+00 4.4559049820e-05 
5.9990000000e+00 4.3060812530e-05 
5.9790000000e+00 4.1603478180e-05 
5.9590000000e+00 4.0189460910e-05 
5.9390000000e+00 3.8815025400e-05 
5.9190000000e+00 3.7480521230e-05 
5.8990000000e+00 3.6184194510e-05 
5.8790000000e+00 3.4924698660e-05 
5.8590000000e+00 3.3701061700e-05 
5.8390000000e+00 3.2514703410e-05 
5.8190000000e+00 3.1365529170e-05 
5.7990000000e+00 3.0252307690e-05 
5.7790000000e+00 2.9172928450e-05 
5.7590000000e+00 2.8123961930e-05 
5.7390000000e+00 2.7108236790e-05 
5.7190000000e+00 2.6122913770e-05 
5.6990000000e+00 2.5167961270e-05 
5.6790000000e+00 2.4245974980e-05 
5.6590000000e+00 2.3350103850e-05 
5.6390000000e+00 2.2481162190e-05 
5.6190000000e+00 2.1643266240e-05 
5.5990000000e+00 2.0830110100e-05 
5.5790000000e+00 2.0041740040e-05 
5.5590000000e+00 1.9281124640e-05 
5.5390000000e+00 1.8541085910e-05 
5.5190000000e+00 1.7825002340e-05 
5.4990000000e+00 1.7133453930e-05 
5.4790000000e+00 1.6461719410e-05 
5.4590000000e+00 1.5813846840e-05 
5.4390000000e+00 1.5184635740e-05 
5.4190000000e+00 1.4576674120e-05 
5.3990000000e+00 1.3987646090e-05 
5.3790000000e+00 1.3417418320e-05 
5.3590000000e+00 1.2865327090e-05 
5.3390000000e+00 1.2330225140e-05 
5.3190000000e+00 1.1812851180e-05 
5.2990000000e+00 1.1311577240e-05 
5.2790000000e+00 1.0826507440e-05 
5.2590000000e+00 1.0356758260e-05 
5.2390000000e+00 9.9016195540e-06 
5.2190000000e+00 9.4612636720e-06 
5.1990000000e+00 9.0344982860e-06 
5.1790000000e+00 8.6211119550e-06 
5.1590000000e+00 8.2207430700e-06 
5.1390000000e+00 7.8332703780e-06 
5.1190000000e+00 7.4579737670e-06 
5.0990000000e+00 7.0945410740e-06 
5.0790000000e+00 6.7426951390e-06 
5.0590000000e+00 6.4023890850e-06 
5.0390000000e+00 6.0726126560e-06 
5.0190000000e+00 5.7530621280e-06 
5.0000000000e+00 5.4592997360e-06 
4.9990000000e+00 5.4441109460e-06 
4.9980000000e+00 5.4289224630e-06 
4.9970000000e+00 5.4137582470e-06 
4.9960000000e+00 5.3986182700e-06 
4.9950000000e+00 5.3835024930e-06 
4.9940000000e+00 5.3684108930e-06 
4.9930000000e+00 5.3533440160e-06 
4.9920000000e+00 5.3383025700e-06 
4.9910000000e+00 5.3232861070e-06 
4.9900000000e+00 5.3082937410e-06 
4.9890000000e+00 5.2933262310e-06 
4.9880000000e+00 5.2783829740e-06 
4.9870000000e+00 5.2634636280e-06 
4.9860000000e+00 5.2485682830e-06 
4.9850000000e+00 5.2336969080e-06 
4.9840000000e+00 5.2188492110e-06 
4.9830000000e+00 5.2040249760e-06 
4.9820000000e+00 5.1892245980e-06 
4.9810000000e+00 5.1744480670e-06 
4.9800000000e+00 5.1596952670e-06 
4.9790000000e+00 5.1449654600e-06 
4.9780000000e+00 5.1302593880e-06 
4.9770000000e+00 5.1155769930e-06 
4.9760000000e+00 5.1009182270e-06 
4.9750000000e+00 5.0862822920e-06 
4.9740000000e+00 5.0716691330e-06 
4.9730000000e+00 5.0570796050e-06 
4.9720000000e+00 5.0425137050e-06 
4.9710000000e+00 5.0279713900e-06 
4.9700000000e+00 5.0134525890e-06 
4.9690000000e+00 4.9989573720e-06 
4.9680000000e+00 4.9844856500e-06 
4.9670000000e+00 4.9700373640e-06 
4.9660000000e+00 4.9556124840e-06 
4.9650000000e+00 4.9412110630e-06 
4.9640000000e+00 4.9268329950e-06 
4.9630000000e+00 4.9124783190e-06 
4.9620000000e+00 4.8981559770e-06 
4.9610000000e+00 4.8838745190e-06 
4.9600000000e+00 4.8696185810e-06 
4.9590000000e+00 4.8553855810e-06 
4.9580000000e+00 4.8411754600e-06 
4.9570000000e+00 4.8269882380e-06 
4.9560000000e+00 4.8128238900e-06 
4.9550000000e+00 4.7986823590e-06 
4.9540000000e+00 4.7845636080e-06 
4.9530000000e+00 4.7704685230e-06 
4.9520000000e+00 4.7563962870e-06 
4.9510000000e+00 4.7423467880e-06 
4.9500000000e+00 4.7283200320e-06 
4.9490000000e+00 4.7143159520e-06 
4.9480000000e+00 4.7003345430e-06 
4.9470000000e+00 4.6863758310e-06 
4.9460000000e+00 4.6724398180e-06 
4.9450000000e+00 4.6585272290e-06 
4.9440000000e+00 4.6446372450e-06 
4.9430000000e+00 4.6307698460e-06 
4.9420000000e+00 4.6169250080e-06 
4.9410000000e+00 4.6031027080e-06 
4.9400000000e+00 4.5893028670e-06 
4.9390000000e+00 4.5755256650e-06 
4.9380000000e+00 4.5617709410e-06 
4.9370000000e+00 4.5480386310e-06 
4.9360000000e+00 4.5343287380e-06 
4.9350000000e+00 4.5206412430e-06 
4.9340000000e+00 4.5069761020e-06 
4.9330000000e+00 4.4933333010e-06 
4.9320000000e+00 4.4797128220e-06 
4.9310000000e+00 4.4661144710e-06 
4.9300000000e+00 4.4525379550e-06 
4.9290000000e+00 4.4389832950e-06 
4.9280000000e+00 4.4254508810e-06 
4.9270000000e+00 4.4119406820e-06 
4.9260000000e+00 4.3984527260e-06 
4.9250000000e+00 4.3849869400e-06 
4.9240000000e+00 4.3715439140e-06 
4.9230000000e+00 4.3581233090e-06 
4.9220000000e+00 4.3447248570e-06 
4.9210000000e+00 4.3313484730e-06 
4.9200000000e+00 4.3179941230e-06 
4.9190000000e+00 4.3046623870e-06 
4.9180000000e+00 4.2913527810e-06 
4.9170000000e+00 4.2780652720e-06 
4.9160000000e+00 4.2648005390e-06 
4.9150000000e+00 4.2515577620e-06 
4.9140000000e+00 4.2383369110e-06 
4.9130000000e+00 4.2251379930e-06 
4.9120000000e+00 4.2119719300e-06 
4.9110000000e+00 4.1988444450e-06 
4.9100000000e+00 4.1857386360e-06 
4.9090000000e+00 4.1726544340e-06 
4.9080000000e+00 4.1595917940e-06 
4.9070000000e+00 4.1465507160e-06 
4.9060000000e+00 4.1335313170e-06 
4.9050000000e+00 4.1205341070e-06 
4.9040000000e+00 4.1075584170e-06 
4.9030000000e+00 4.0946042270e-06 
4.9020000000e+00 4.0816714820e-06 
4.9010000000e+00 4.0687602290e-06 
4.9000000000e+00 4.0558707360e-06 
4.8990000000e+00 4.0430026660e-06 
4.8980000000e+00 4.0301562650e-06 
4.8970000000e+00 4.0173318040e-06 
4.8960000000e+00 4.0045287370e-06 
4.8950000000e+00 3.9917470400e-06 
4.8940000000e+00 3.9789866930e-06 
4.8930000000e+00 3.9662463020e-06 
4.8920000000e+00 3.9535261640e-06 
4.8910000000e+00 3.9408272980e-06 
4.8900000000e+00 3.9281497730e-06 
4.8890000000e+00 3.9154936560e-06 
4.8880000000e+00 3.9028588070e-06 
4.8870000000e+00 3.8902451810e-06 
4.8860000000e+00 3.8776526830e-06 
4.8850000000e+00 3.8650812460e-06 
4.8840000000e+00 3.8525272990e-06 
4.8830000000e+00 3.8399929100e-06 
4.8820000000e+00 3.8274797190e-06 
4.8810000000e+00 3.8149877320e-06 
4.8800000000e+00 3.8025174620e-06 
4.8790000000e+00 3.7900689290e-06 
4.8780000000e+00 3.7776415360e-06 
4.8770000000e+00 3.7652352610e-06 
4.8760000000e+00 3.7528501140e-06 
4.8750000000e+00 3.7404860560e-06 
4.8740000000e+00 3.7281430760e-06 
4.8730000000e+00 3.7158211190e-06 
4.8720000000e+00 3.7035202030e-06 
4.8710000000e+00 3.6912403200e-06 
4.8700000000e+00 3.6789814420e-06 
4.8690000000e+00 3.6667435450e-06 
4.8680000000e+00 3.6545266260e-06 
4.8670000000e+00 3.6423306670e-06 
4.8660000000e+00 3.6301556640e-06 
4.8650000000e+00 3.6180016030e-06 
4.8640000000e+00 3.6058702050e-06 
4.8630000000e+00 3.5937708710e-06 
4.8620000000e+00 3.5816978950e-06 
4.8610000000e+00 3.5696506160e-06 
4.8600000000e+00 3.5576269000e-06 
4.8590000000e+00 3.5456237850e-06 
4.8580000000e+00 3.5336412660e-06 
4.8570000000e+00 3.5216793320e-06 
4.8560000000e+00 3.5097379690e-06 
4.8550000000e+00 3.4978171660e-06 
4.8540000000e+00 3.4859169070e-06 
4.8530000000e+00 3.4740371880e-06 
4.8520000000e+00 3.4621779900e-06 
4.8510000000e+00 3.4503393670e-06 
4.8500000000e+00 3.4385212770e-06 
4.8490000000e+00 3.4267236610e-06 
4.8480000000e+00 3.4149465160e-06 
4.8470000000e+00 3.4031898480e-06 
4.8460000000e+00 3.3914537390e-06 
4.8450000000e+00 3.3797381420e-06 
4.8440000000e+00 3.3680429750e-06 
4.8430000000e+00 3.3563682200e-06 
4.8420000000e+00 3.3447138520e-06 
4.8410000000e+00 3.3330799140e-06 
4.8400000000e+00 3.3214662710e-06 
4.8390000000e+00 3.3098729260e-06 
4.8380000000e+00 3.2982996450e-06 
4.8370000000e+00 3.2867466330e-06 
4.8360000000e+00 3.2752139520e-06 
4.8350000000e+00 3.2637015830e-06 
4.8340000000e+00 3.2522095740e-06 
4.8330000000e+00 3.2407378500e-06 
4.8320000000e+00 3.2292864210e-06 
4.8310000000e+00 3.2178552770e-06 
4.8300000000e+00 3.2064444080e-06 
4.8290000000e+00 3.1950537660e-06 
4.8280000000e+00 3.1836833500e-06 
4.8270000000e+00 3.1723332100e-06 
4.8260000000e+00 3.1610032820e-06 
4.8250000000e+00 3.1496935130e-06 
4.8240000000e+00 3.1384037630e-06 
4.8230000000e+00 3.1271342230e-06 
4.8220000000e+00 3.1158848850e-06 
4.8210000000e+00 3.1046557350e-06 
4.8200000000e+00 3.0934467660e-06 
4.8190000000e+00 3.0822579550e-06 
4.8180000000e+00 3.0710892960e-06 
4.8170000000e+00 3.0599444240e-06 
4.8160000000e+00 3.0488283770e-06 
4.8150000000e+00 3.0377333130e-06 
4.8140000000e+00 3.0266623200e-06 
4.8130000000e+00 3.0156112640e-06 
4.8120000000e+00 3.0045823340e-06 
4.8110000000e+00 2.9935759220e-06 
4.8100000000e+00 2.9825912540e-06 
4.8090000000e+00 2.9716270390e-06 
4.8080000000e+00 2.9606826640e-06 
4.8070000000e+00 2.9497580990e-06 
4.8060000000e+00 2.9388531880e-06 
4.8050000000e+00 2.9279677880e-06 
4.8040000000e+00 2.9171022090e-06 
4.8030000000e+00 2.9062564980e-06 
4.8020000000e+00 2.8954306840e-06 
4.8010000000e+00 2.8846246790e-06 
4.8000000000e+00 2.8738385100e-06 
4.7990000000e+00 2.8630721100e-06 
4.7980000000e+00 2.8523254670e-06 
4.7970000000e+00 2.8415986230e-06 
4.7960000000e+00 2.8308914900e-06 
4.7950000000e+00 2.8202041200e-06 
4.7940000000e+00 2.8095364290e-06 
4.7930000000e+00 2.7988884300e-06 
4.7920000000e+00 2.7882600550e-06 
4.7910000000e+00 2.7776513260e-06 
4.7900000000e+00 2.7670623580e-06 
4.7890000000e+00 2.7564931230e-06 
4.7880000000e+00 2.7459436180e-06 
4.7870000000e+00 2.7354138450e-06 
4.7860000000e+00 2.7249037910e-06 
4.7850000000e+00 2.7144134350e-06 
4.7840000000e+00 2.7039433630e-06 
4.7830000000e+00 2.6934933220e-06 
4.7820000000e+00 2.6830629710e-06 
4.7810000000e+00 2.6726523280e-06 
4.7800000000e+00 2.6622613840e-06 
4.7790000000e+00 2.6518901480e-06 
4.7780000000e+00 2.6415386040e-06 
4.7770000000e+00 2.6312067490e-06 
4.7760000000e+00 2.6208945780e-06 
4.7750000000e+00 2.6106020730e-06 
4.7740000000e+00 2.6003292480e-06 
4.7730000000e+00 2.5900760980e-06 
4.7720000000e+00 2.5798472530e-06 
4.7710000000e+00 2.5696444580e-06 
4.7700000000e+00 2.5594614950e-06 
4.7690000000e+00 2.5492980870e-06 
4.7680000000e+00 2.5391572430e-06 
4.7670000000e+00 2.5290372350e-06 
4.7660000000e+00 2.5189367240e-06 
4.7650000000e+00 2.5088557100e-06 
4.7640000000e+00 2.4987941910e-06 
4.7630000000e+00 2.4887521660e-06 
4.7620000000e+00 2.4787333070e-06 
4.7610000000e+00 2.4687348950e-06 
4.7600000000e+00 2.4587559040e-06 
4.7590000000e+00 2.4487964150e-06 
4.7580000000e+00 2.4388544750e-06 
4.7570000000e+00 2.4289303450e-06 
4.7560000000e+00 2.4190279900e-06 
4.7550000000e+00 2.4091450650e-06 
4.7540000000e+00 2.3992815740e-06 
4.7530000000e+00 2.3894374990e-06 
4.7520000000e+00 2.3796128810e-06 
4.7510000000e+00 2.3698076700e-06 
4.7500000000e+00 2.3600218870e-06 
4.7490000000e+00 2.3502555030e-06 
4.7480000000e+00 2.3405083020e-06 
4.7470000000e+00 2.3307804870e-06 
4.7460000000e+00 2.3210720240e-06 
4.7450000000e+00 2.3113829290e-06 
4.7440000000e+00 2.3017132350e-06 
4.7430000000e+00 2.2920629800e-06 
4.7420000000e+00 2.2824322080e-06 
4.7410000000e+00 2.2728209300e-06 
4.7400000000e+00 2.2632291010e-06 
4.7390000000e+00 2.2536567190e-06 
4.7380000000e+00 2.2441037880e-06 
4.7370000000e+00 2.2345703050e-06 
4.7360000000e+00 2.2250562740e-06 
4.7350000000e+00 2.2155616980e-06 
4.7340000000e+00 2.2060865750e-06 
4.7330000000e+00 2.1966309740e-06 
4.7320000000e+00 2.1871948380e-06 
4.7310000000e+00 2.1777781620e-06 
4.7300000000e+00 2.1683809330e-06 
4.7290000000e+00 2.1590031710e-06 
4.7280000000e+00 2.1496448740e-06 
4.7270000000e+00 2.1403060450e-06 
4.7260000000e+00 2.1309894670e-06 
4.7250000000e+00 2.1216971930e-06 
4.7240000000e+00 2.1124262550e-06 
4.7230000000e+00 2.1031746880e-06 
4.7220000000e+00 2.0939425040e-06 
4.7210000000e+00 2.0847297060e-06 
4.7200000000e+00 2.0755362990e-06 
4.7190000000e+00 2.0663657570e-06 
4.7180000000e+00 2.0572146850e-06 
4.7170000000e+00 2.0480829750e-06 
4.7160000000e+00 2.0389705940e-06 
4.7150000000e+00 2.0298776190e-06 
4.7140000000e+00 2.0208041300e-06 
4.7130000000e+00 2.0117500000e-06 
4.7120000000e+00 2.0027152790e-06 
4.7110000000e+00 1.9936999410e-06 
4.7100000000e+00 1.9847039830e-06 
4.7090000000e+00 1.9757274900e-06 
4.7080000000e+00 1.9667703670e-06 
4.7070000000e+00 1.9578337160e-06 
4.7060000000e+00 1.9489197460e-06 
4.7050000000e+00 1.9400251280e-06 
4.7040000000e+00 1.9311498940e-06 
4.7030000000e+00 1.9222940420e-06 
4.7020000000e+00 1.9134576210e-06 
4.7010000000e+00 1.9046406440e-06 
4.7000000000e+00 1.8958430650e-06 
4.6990000000e+00 1.8870648760e-06 
4.6980000000e+00 1.8783061470e-06 
4.6970000000e+00 1.8695673550e-06 
4.6960000000e+00 1.8608481030e-06 
4.6950000000e+00 1.8521483660e-06 
4.6940000000e+00 1.8434680530e-06 
4.6930000000e+00 1.8348072020e-06 
4.6920000000e+00 1.8261658160e-06 
4.6910000000e+00 1.8175439090e-06 
4.6900000000e+00 1.8089415050e-06 
4.6890000000e+00 1.8003586410e-06 
4.6880000000e+00 1.7917952740e-06 
4.6870000000e+00 1.7832514140e-06 
4.6860000000e+00 1.7747274100e-06 
4.6850000000e+00 1.7662229250e-06 
4.6840000000e+00 1.7577379480e-06 
4.6830000000e+00 1.7492730560e-06 
4.6820000000e+00 1.7408278770e-06 
4.6810000000e+00 1.7324055920e-06 
4.6800000000e+00 1.7240032450e-06 
4.6790000000e+00 1.7156204340e-06 
4.6780000000e+00 1.7072571580e-06 
4.6770000000e+00 1.6989134300e-06 
4.6760000000e+00 1.6905892600e-06 
4.6750000000e+00 1.6822875880e-06 
4.6740000000e+00 1.6740076740e-06 
4.6730000000e+00 1.6657494770e-06 
4.6720000000e+00 1.6575107920e-06 
4.6710000000e+00 1.6492916380e-06 
4.6700000000e+00 1.6410920190e-06 
4.6690000000e+00 1.6329120480e-06 
4.6680000000e+00 1.6247516140e-06 
4.6670000000e+00 1.6166108620e-06 
4.6660000000e+00 1.6084895200e-06 
4.6650000000e+00 1.6003868920e-06 
4.6640000000e+00 1.5923038860e-06 
4.6630000000e+00 1.5842405450e-06 
4.6620000000e+00 1.5761970150e-06 
4.6610000000e+00 1.5681730520e-06 
4.6600000000e+00 1.5601687700e-06 
4.6590000000e+00 1.5521841380e-06 
4.6580000000e+00 1.5442196750e-06 
4.6570000000e+00 1.5362754820e-06 
4.6560000000e+00 1.5283509780e-06 
4.6550000000e+00 1.5204461330e-06 
4.6540000000e+00 1.5125609800e-06 
4.6530000000e+00 1.5046955670e-06 
4.6520000000e+00 1.4968498900e-06 
4.6510000000e+00 1.4890239600e-06 
4.6500000000e+00 1.4812177960e-06 
4.6490000000e+00 1.4734323420e-06 
4.6480000000e+00 1.4656676160e-06 
4.6470000000e+00 1.4579226920e-06 
4.6460000000e+00 1.4501996070e-06 
4.6450000000e+00 1.4424964270e-06 
4.6440000000e+00 1.4348134150e-06 
4.6430000000e+00 1.4271502610e-06 
4.6420000000e+00 1.4195070520e-06 
4.6410000000e+00 1.4118836910e-06 
4.6400000000e+00 1.4042801960e-06 
4.6390000000e+00 1.3966965790e-06 
4.6380000000e+00 1.3891328560e-06 
4.6370000000e+00 1.3815890430e-06 
4.6360000000e+00 1.3740651340e-06 
4.6350000000e+00 1.3665612350e-06 
4.6340000000e+00 1.3590772650e-06 
4.6330000000e+00 1.3516132690e-06 
4.6320000000e+00 1.3441692690e-06 
4.6310000000e+00 1.3367452610e-06 
4.6300000000e+00 1.3293412880e-06 
4.6290000000e+00 1.3219573500e-06 
4.6280000000e+00 1.3145934700e-06 
4.6270000000e+00 1.3072498620e-06 
4.6260000000e+00 1.2999264460e-06 
4.6250000000e+00 1.2926231360e-06 
4.6240000000e+00 1.2853399480e-06 
4.6230000000e+00 1.2780769000e-06 
4.6220000000e+00 1.2708341100e-06 
4.6210000000e+00 1.2636115110e-06 
4.6200000000e+00 1.2564091520e-06 
4.6190000000e+00 1.2492270180e-06 
4.6180000000e+00 1.2420650840e-06 
4.6170000000e+00 1.2349234430e-06 
4.6160000000e+00 1.2278023000e-06 
4.6150000000e+00 1.2207025340e-06 
4.6140000000e+00 1.2136257670e-06 
4.6130000000e+00 1.2065694220e-06 
4.6120000000e+00 1.1995350540e-06 
4.6110000000e+00 1.1925188280e-06 
4.6100000000e+00 1.1855217530e-06 
4.6090000000e+00 1.1785450980e-06 
4.6080000000e+00 1.1715888260e-06 
4.6070000000e+00 1.1646529310e-06 
4.6060000000e+00 1.1577368290e-06 
4.6050000000e+00 1.1508407870e-06 
4.6040000000e+00 1.1439666490e-06 
4.6030000000e+00 1.1371130020e-06 
4.6020000000e+00 1.1302812960e-06 
4.6010000000e+00 1.1234700620e-06 
4.6000000000e+00 1.1166793540e-06 
4.5990000000e+00 1.1099092080e-06 
4.5980000000e+00 1.1031595820e-06 
4.5970000000e+00 1.0964305170e-06 
4.5960000000e+00 1.0897220320e-06 
4.5950000000e+00 1.0830341530e-06 
4.5940000000e+00 1.0763670730e-06 
4.5930000000e+00 1.0697210730e-06 
4.5920000000e+00 1.0630957200e-06 
4.5910000000e+00 1.0564910310e-06 
4.5900000000e+00 1.0499070320e-06 
4.5890000000e+00 1.0433437550e-06 
4.5880000000e+00 1.0368012080e-06 
4.5870000000e+00 1.0302794200e-06 
4.5860000000e+00 1.0237784160e-06 
4.5850000000e+00 1.0172982470e-06 
4.5840000000e+00 1.0108389110e-06 
4.5830000000e+00 1.0044004280e-06 
4.5820000000e+00 9.9798281780e-07 
4.5810000000e+00 9.9158610740e-07 
4.5800000000e+00 9.8521035250e-07 
4.5790000000e+00 9.7885597900e-07 
4.5780000000e+00 9.7252325170e-07 
4.5770000000e+00 9.6621149000e-07 
4.5760000000e+00 9.5992130160e-07 
4.5750000000e+00 9.5365315350e-07 
4.5740000000e+00 9.4740601050e-07 
4.5730000000e+00 9.4118003880e-07 
4.5720000000e+00 9.3497522080e-07 
4.5710000000e+00 9.2879146400e-07 
4.5700000000e+00 9.2262886760e-07 
4.5690000000e+00 9.1648742250e-07 
4.5680000000e+00 9.1036709600e-07 
4.5670000000e+00 9.0426793590e-07 
4.5660000000e+00 8.9819000920e-07 
4.5650000000e+00 8.9213336810e-07 
4.5640000000e+00 8.8609792250e-07 
4.5630000000e+00 8.8008372940e-07 
4.5620000000e+00 8.7409084470e-07 
4.5610000000e+00 8.6811923470e-07 
4.5600000000e+00 8.6216893250e-07 
4.5590000000e+00 8.5623996330e-07 
4.5580000000e+00 8.5033243390e-07 
4.5570000000e+00 8.4444626940e-07 
4.5560000000e+00 8.3858149730e-07 
4.5550000000e+00 8.3273820270e-07 
4.5540000000e+00 8.2691646070e-07 
4.5530000000e+00 8.2111621400e-07 
4.5520000000e+00 8.1533745240e-07 
4.5510000000e+00 8.0958020580e-07 
4.5500000000e+00 8.0384450570e-07 
4.5490000000e+00 7.9813042560e-07 
4.5480000000e+00 7.9243793020e-07 
4.5470000000e+00 7.8676709470e-07 
4.5460000000e+00 7.8111789860e-07 
4.5450000000e+00 7.7549035430e-07 
4.5440000000e+00 7.6988448580e-07 
4.5430000000e+00 7.6430031850e-07 
4.5420000000e+00 7.5873801060e-07 
4.5410000000e+00 7.5319770360e-07 
4.5400000000e+00 7.4767918660e-07 
4.5390000000e+00 7.4218246680e-07 
4.5380000000e+00 7.3670778230e-07 
4.5370000000e+00 7.3125635120e-07 
4.5360000000e+00 7.2582757400e-07 
4.5350000000e+00 7.2042064540e-07 
4.5340000000e+00 7.1503609530e-07 
4.5330000000e+00 7.0967395700e-07 
4.5320000000e+00 7.0433432260e-07 
4.5310000000e+00 6.9901664040e-07 
4.5300000000e+00 6.9372089580e-07 
4.5290000000e+00 6.8844710210e-07 
4.5280000000e+00 6.8319528450e-07 
4.5270000000e+00 6.7796545890e-07 
4.5260000000e+00 6.7275785710e-07 
4.5250000000e+00 6.6757292440e-07 
4.5240000000e+00 6.6241003260e-07 
4.5230000000e+00 6.5726920270e-07 
4.5220000000e+00 6.5215045500e-07 
4.5210000000e+00 6.4705438030e-07 
4.5200000000e+00 6.4198069820e-07 
4.5190000000e+00 6.3692925460e-07 
4.5180000000e+00 6.3189995140e-07 
4.5170000000e+00 6.2689306950e-07 
4.5160000000e+00 6.2190849470e-07 
4.5150000000e+00 6.1694607800e-07 
4.5140000000e+00 6.1200588060e-07 
4.5130000000e+00 6.0708794780e-07 
4.5120000000e+00 6.0219225240e-07 
4.5110000000e+00 5.9731887450e-07 
4.5100000000e+00 5.9246777810e-07 
4.5090000000e+00 5.8763905850e-07 
4.5080000000e+00 5.8283263680e-07 
4.5070000000e+00 5.7804853610e-07 
4.5060000000e+00 5.7328677330e-07 
4.5050000000e+00 5.6854737480e-07 
4.5040000000e+00 5.6383038520e-07 
4.5030000000e+00 5.5913580120e-07 
4.5020000000e+00 5.5446366830e-07 
4.5010000000e+00 5.4981393110e-07 
4.5000000000e+00 5.4518662010e-07 
4.4990000000e+00 5.4058178830e-07 
4.4980000000e+00 5.3599943450e-07 
4.4970000000e+00 5.3143960440e-07 
4.4960000000e+00 5.2690225510e-07 
4.4950000000e+00 5.2238740260e-07 
4.4940000000e+00 5.1789508200e-07 
4.4930000000e+00 5.1342527340e-07 
4.4920000000e+00 5.0897845220e-07 
4.4910000000e+00 5.0455425410e-07 
4.4900000000e+00 5.0015266690e-07 
4.4890000000e+00 4.9577363640e-07 
4.4880000000e+00 4.9141715750e-07 
4.4870000000e+00 4.8708323930e-07 
4.4860000000e+00 4.8277189010e-07 
4.4850000000e+00 4.7848295890e-07 
4.4840000000e+00 4.7421636240e-07 
4.4830000000e+00 4.6997236550e-07 
4.4820000000e+00 4.6575100590e-07 
4.4810000000e+00 4.6155226530e-07 
4.4800000000e+00 4.5737616320e-07 
4.4790000000e+00 4.5322269120e-07 
4.4780000000e+00 4.4909184270e-07 
4.4770000000e+00 4.4498362030e-07 
4.4760000000e+00 4.4089802740e-07 
4.4750000000e+00 4.3683506600e-07 
4.4740000000e+00 4.3279473810e-07 
4.4730000000e+00 4.2877709340e-07 
4.4720000000e+00 4.2478209440e-07 
4.4710000000e+00 4.2080972830e-07 
4.4700000000e+00 4.1685999210e-07 
4.4690000000e+00 4.1293288390e-07 
4.4680000000e+00 4.0902840120e-07 
4.4670000000e+00 4.0514654130e-07 
4.4660000000e+00 4.0128730060e-07 
4.4650000000e+00 3.9745075720e-07 
4.4640000000e+00 3.9363694380e-07 
4.4630000000e+00 3.8984574270e-07 
4.4620000000e+00 3.8607721620e-07 
4.4610000000e+00 3.8233137670e-07 
4.4600000000e+00 3.7860811600e-07 
4.4590000000e+00 3.7490745890e-07 
4.4580000000e+00 3.7122939220e-07 
4.4570000000e+00 3.6757391900e-07 
4.4560000000e+00 3.6394103640e-07 
4.4550000000e+00 3.6033068380e-07 
4.4540000000e+00 3.5674282740e-07 
4.4530000000e+00 3.5317744280e-07 
4.4520000000e+00 3.4963459740e-07 
4.4510000000e+00 3.4611425770e-07 
4.4500000000e+00 3.4261636590e-07 
4.4490000000e+00 3.3914092670e-07 
4.4480000000e+00 3.3568797910e-07 
4.4470000000e+00 3.3225753840e-07 
4.4460000000e+00 3.2884948010e-07 
4.4450000000e+00 3.2546383620e-07 
4.4440000000e+00 3.2210044410e-07 
4.4430000000e+00 3.1875935510e-07 
4.4420000000e+00 3.1544059350e-07 
4.4410000000e+00 3.1214417850e-07 
4.4400000000e+00 3.0887004200e-07 
4.4390000000e+00 3.0561829880e-07 
4.4380000000e+00 3.0238871080e-07 
4.4370000000e+00 2.9918144500e-07 
4.4360000000e+00 2.9599631310e-07 
4.4350000000e+00 2.9283326900e-07 
4.4340000000e+00 2.8969225690e-07 
4.4330000000e+00 2.8657311060e-07 
4.4320000000e+00 2.8347608460e-07 
4.4310000000e+00 2.8040099650e-07 
4.4300000000e+00 2.7734781410e-07 
4.4290000000e+00 2.7431654530e-07 
4.4280000000e+00 2.7130713330e-07 
4.4270000000e+00 2.6831951460e-07 
4.4260000000e+00 2.6535381210e-07 
4.4250000000e+00 2.6240983650e-07 
4.4240000000e+00 2.5948753750e-07 
4.4230000000e+00 2.5658687910e-07 
4.4220000000e+00 2.5370818580e-07 
4.4210000000e+00 2.5085142700e-07 
4.4200000000e+00 2.4801616680e-07 
4.4190000000e+00 2.4520234990e-07 
4.4180000000e+00 2.4240994820e-07 
4.4170000000e+00 2.3963918790e-07 
4.4160000000e+00 2.3688979670e-07 
4.4150000000e+00 2.3416165220e-07 
4.4140000000e+00 2.3145470520e-07 
4.4130000000e+00 2.2876890460e-07 
4.4120000000e+00 2.2610419820e-07 
4.4110000000e+00 2.2346055500e-07 
4.4100000000e+00 2.2083795480e-07 
4.4090000000e+00 2.1823628710e-07 
4.4080000000e+00 2.1565549070e-07 
4.4070000000e+00 2.1309555200e-07 
4.4060000000e+00 2.1055638060e-07 
4.4050000000e+00 2.0803790570e-07 
4.4040000000e+00 2.0554025140e-07 
4.4030000000e+00 2.0306319630e-07 
4.4020000000e+00 2.0060664920e-07 
4.4010000000e+00 1.9817054770e-07 
4.4000000000e+00 1.9575482740e-07 
4.3990000000e+00 1.9335948560e-07 
4.3980000000e+00 1.9098455110e-07 
4.3970000000e+00 1.8863005640e-07 
4.3960000000e+00 1.8629568810e-07 
4.3950000000e+00 1.8398135780e-07 
4.3940000000e+00 1.8168701710e-07 
4.3930000000e+00 1.7941265250e-07 
4.3920000000e+00 1.7715809530e-07 
4.3910000000e+00 1.7492328080e-07 
4.3900000000e+00 1.7270813520e-07 
4.3890000000e+00 1.7051261700e-07 
4.3880000000e+00 1.6833662270e-07 
4.3870000000e+00 1.6618011800e-07 
4.3860000000e+00 1.6404303930e-07 
4.3850000000e+00 1.6192522910e-07 
4.3840000000e+00 1.5982664220e-07 
4.3830000000e+00 1.5774718050e-07 
4.3820000000e+00 1.5568676900e-07 
4.3810000000e+00 1.5364531310e-07 
4.3800000000e+00 1.5162273080e-07 
4.3790000000e+00 1.4961894020e-07 
4.3780000000e+00 1.4763388200e-07 
4.3770000000e+00 1.4566748960e-07 
4.3760000000e+00 1.4371959690e-07 
4.3750000000e+00 1.4178920490e-07 
4.3740000000e+00 1.3987719950e-07 
4.3730000000e+00 1.3798349790e-07 
4.3720000000e+00 1.3610802760e-07 
4.3710000000e+00 1.3425067660e-07 
4.3700000000e+00 1.3241135480e-07 
4.3690000000e+00 1.3058998400e-07 
4.3680000000e+00 1.2878646040e-07 
4.3670000000e+00 1.2700069290e-07 
4.3660000000e+00 1.2523281410e-07 
4.3650000000e+00 1.2348263940e-07 
4.3640000000e+00 1.2174990800e-07 
4.3630000000e+00 1.2003458030e-07 
4.3620000000e+00 1.1833655020e-07 
4.3610000000e+00 1.1665568860e-07 
4.3600000000e+00 1.1499190290e-07 
4.3590000000e+00 1.1334509660e-07 
4.3580000000e+00 1.1171518330e-07 
4.3570000000e+00 1.1010208520e-07 
4.3560000000e+00 1.0850567070e-07 
4.3550000000e+00 1.0692584140e-07 
4.3540000000e+00 1.0536249870e-07 
4.3530000000e+00 1.0381599840e-07 
4.3520000000e+00 1.0228643290e-07 
4.3510000000e+00 1.0077298500e-07 
4.3500000000e+00 9.9275617250e-08 
4.3490000000e+00 9.7794177830e-08 
4.3480000000e+00 9.6328566500e-08 
4.3470000000e+00 9.4878685790e-08 
4.3460000000e+00 9.3444432740e-08 
4.3450000000e+00 9.2025710950e-08 
4.3440000000e+00 9.0622458600e-08 
4.3430000000e+00 8.9234523160e-08 
4.3420000000e+00 8.7861802680e-08 
4.3410000000e+00 8.6504194680e-08 
4.3400000000e+00 8.5161596650e-08 
4.3390000000e+00 8.3833906250e-08 
4.3380000000e+00 8.2521071370e-08 
4.3370000000e+00 8.1222935500e-08 
4.3360000000e+00 7.9939394790e-08 
4.3350000000e+00 7.8670345040e-08 
4.3340000000e+00 7.7415681740e-08 
4.3330000000e+00 7.6175300550e-08 
4.3320000000e+00 7.4949099870e-08 
4.3310000000e+00 7.3736986990e-08 
4.3300000000e+00 7.2538904160e-08 
4.3290000000e+00 7.1354703300e-08 
4.3280000000e+00 7.0184300920e-08 
4.3270000000e+00 6.9027535090e-08 
4.3260000000e+00 6.7884320720e-08 
4.3250000000e+00 6.6754548590e-08 
4.3240000000e+00 6.5638133970e-08 
4.3230000000e+00 6.4534930680e-08 
4.3220000000e+00 6.3444870340e-08 
4.3210000000e+00 6.2367845900e-08 
4.3200000000e+00 6.1303730550e-08 
4.3190000000e+00 6.0250836850e-08 
4.3180000000e+00 5.9212212870e-08 
4.3170000000e+00 5.8186205410e-08 
4.3160000000e+00 5.7172670120e-08 
4.3150000000e+00 5.6171493460e-08 
4.3140000000e+00 5.5182571420e-08 
4.3130000000e+00 5.4205799570e-08 
4.3120000000e+00 5.3241073680e-08 
4.3110000000e+00 5.2288306430e-08 
4.3100000000e+00 5.1347377640e-08 
4.3090000000e+00 5.0418180870e-08 
4.3080000000e+00 4.9500635240e-08 
4.3070000000e+00 4.8594629770e-08 
4.3060000000e+00 4.7700043450e-08 
4.3050000000e+00 4.6816779030e-08 
4.3040000000e+00 4.5944720130e-08 
4.3030000000e+00 4.5083764060e-08 
4.3020000000e+00 4.4233813170e-08 
4.3010000000e+00 4.3394756810e-08 
4.3000000000e+00 4.2566492250e-08 
4.2990000000e+00 4.1748894410e-08 
4.2980000000e+00 4.0941846960e-08 
4.2970000000e+00 4.0145274120e-08 
4.2960000000e+00 3.9359083520e-08 
4.2950000000e+00 3.8583183190e-08 
4.2940000000e+00 3.7817494600e-08 
4.2930000000e+00 3.7061892500e-08 
4.2920000000e+00 3.6316254400e-08 
4.2910000000e+00 3.5580478500e-08 
4.2900000000e+00 3.4854476340e-08 
4.2890000000e+00 3.4138145140e-08 
4.2880000000e+00 3.3431370010e-08 
4.2870000000e+00 3.2734049250e-08 
4.2860000000e+00 3.2046081170e-08 
4.2850000000e+00 3.1367364040e-08 
4.2840000000e+00 3.0697798350e-08 
4.2830000000e+00 3.0037307950e-08 
4.2820000000e+00 2.9385763730e-08 
4.2810000000e+00 2.8743061820e-08 
4.2800000000e+00 2.8109099880e-08 
4.2790000000e+00 2.7483775900e-08 
4.2780000000e+00 2.6867045260e-08 
4.2770000000e+00 2.6258885380e-08 
4.2760000000e+00 2.5659036770e-08 
4.2750000000e+00 2.5067397390e-08 
4.2740000000e+00 2.4483865410e-08 
4.2730000000e+00 2.3907428340e-08 
4.2720000000e+00 2.3339762860e-08 
4.2710000000e+00 2.2779889310e-08 
4.2700000000e+00 2.2227708230e-08 
4.2690000000e+00 2.1683106700e-08 
4.2680000000e+00 2.1145974750e-08 
4.2670000000e+00 2.0616203180e-08 
4.2660000000e+00 2.0093681180e-08 
4.2650000000e+00 1.9578297400e-08 
4.2640000000e+00 1.9069937080e-08 
4.2630000000e+00 1.8568483320e-08 
4.2620000000e+00 1.8073853820e-08 
4.2610000000e+00 1.7585914070e-08 
4.2600000000e+00 1.7104540900e-08 
4.2590000000e+00 1.6630342800e-08 
4.2580000000e+00 1.6162406400e-08 
4.2570000000e+00 1.5700558780e-08 
4.2560000000e+00 1.5244669300e-08 
4.2550000000e+00 1.4794571440e-08 
4.2540000000e+00 1.4349479670e-08 
4.2530000000e+00 1.3910448570e-08 
4.2520000000e+00 1.3476744560e-08 
4.2510000000e+00 1.3048181480e-08 
4.2500000000e+00 1.2624535630e-08 
4.2490000000e+00 1.2205596340e-08 
4.2480000000e+00 1.1791141020e-08 
4.2470000000e+00 1.1380910650e-08 
4.2460000000e+00 1.0974618410e-08 
4.2450000000e+00 1.0571957390e-08 
4.2440000000e+00 1.0172008010e-08 
4.2430000000e+00 9.7753825530e-09 
4.2420000000e+00 9.3810796540e-09 
4.2410000000e+00 8.9885153380e-09 
4.2400000000e+00 8.5969742570e-09 
4.2390000000e+00 8.2055428210e-09 
4.2380000000e+00 7.8127919890e-09 
4.2370000000e+00 7.4180956250e-09 
4.2360000000e+00 7.0189553340e-09 
4.2350000000e+00 6.6117158400e-09 
4.2340000000e+00 6.1926745580e-09 
4.2330000000e+00 5.7544702260e-09 
4.2320000000e+00 5.2833192380e-09 
4.2310000000e+00 4.7440914780e-09 
4.2300000000e+00 3.9765438020e-09 
4.2290000000e+00 1.0078086600e-11 
4.2285000000e+00 1.0054520140e-11 
4.2280000000e+00 1.0031033580e-11 
4.2270000000e+00 9.9842722780e-12 
4.2260000000e+00 9.9377969200e-12 
4.2250000000e+00 9.8916152940e-12 
4.2240000000e+00 9.8457659490e-12 
4.2230000000e+00 9.8000677140e-12 
4.2220000000e+00 9.7547713480e-12 
4.2210000000e+00 9.7097146810e-12 
4.2200000000e+00 9.6648530280e-12 
4.2190000000e+00 9.6203746260e-12 
4.2180000000e+00 9.5760564880e-12 
4.2170000000e+00 9.5321654470e-12 
4.2160000000e+00 9.4884752080e-12 
4.2150000000e+00 9.4450270250e-12 
4.2140000000e+00 9.4018385540e-12 
4.2130000000e+00 9.3589796640e-12 
4.2120000000e+00 9.3161388350e-12 
4.2110000000e+00 9.2737978140e-12 
4.2100000000e+00 9.2316910310e-12 
4.2090000000e+00 9.1898025010e-12 
4.2080000000e+00 9.1480761430e-12 
4.2070000000e+00 9.1067246840e-12 
4.2060000000e+00 9.0655504300e-12 
4.2050000000e+00 9.0245994290e-12 
4.2040000000e+00 8.9839795520e-12 
4.2030000000e+00 8.9435327850e-12 
4.2020000000e+00 8.9033718210e-12 
4.2010000000e+00 8.8633247370e-12 
4.2000000000e+00 8.8235943270e-12 
4.1990000000e+00 8.7841705330e-12 
4.1980000000e+00 8.7448778310e-12 
4.1970000000e+00 8.7058344050e-12 
4.1960000000e+00 8.6670065050e-12 
4.1950000000e+00 8.6284213720e-12 
4.1940000000e+00 8.5900778400e-12 
4.1930000000e+00 8.5519751580e-12 
4.1920000000e+00 8.5139979090e-12 
4.1910000000e+00 8.4762779700e-12 
4.1900000000e+00 8.4387621640e-12 
4.1890000000e+00 8.4015583470e-12 
4.1880000000e+00 8.3644985540e-12 
4.1870000000e+00 8.3274904610e-12 
4.1860000000e+00 8.2908952720e-12 
4.1850000000e+00 8.2544330080e-12 
4.1840000000e+00 8.2182608810e-12 
4.1830000000e+00 8.1821351250e-12 
4.1820000000e+00 8.1463722470e-12 
4.1810000000e+00 8.1107810000e-12 
4.1800000000e+00 8.0753563170e-12 
4.1790000000e+00 8.0401035080e-12 
4.1780000000e+00 8.0050757530e-12 
4.1770000000e+00 7.9701535810e-12 
4.1760000000e+00 7.9357176040e-12 
4.1750000000e+00 7.9011648430e-12 
4.1740000000e+00 7.8669471450e-12 
4.1730000000e+00 7.8327957380e-12 
4.1720000000e+00 7.7989970200e-12 
4.1710000000e+00 7.7652373220e-12 
4.1700000000e+00 7.7317243270e-12 
4.1690000000e+00 7.6984284560e-12 
4.1680000000e+00 7.6652846640e-12 
4.1670000000e+00 7.6323196110e-12 
4.1660000000e+00 7.5994909820e-12 
4.1650000000e+00 7.5668965760e-12 
4.1640000000e+00 7.5345170310e-12 
4.1630000000e+00 7.5022988480e-12 
4.1620000000e+00 7.4701424280e-12 
4.1610000000e+00 7.4383644760e-12 
4.1600000000e+00 7.4065170880e-12 
4.1590000000e+00 7.3749654390e-12 
4.1580000000e+00 7.3435479210e-12 
4.1570000000e+00 7.3123631780e-12 
4.1560000000e+00 7.2813074610e-12 
4.1550000000e+00 7.2504470380e-12 
4.1540000000e+00 7.2197167980e-12 
4.1530000000e+00 7.1891433230e-12 
4.1520000000e+00 7.1587753360e-12 
4.1510000000e+00 7.1284568670e-12 
4.1500000000e+00 7.0984298380e-12 
4.1490000000e+00 7.0685248510e-12 
4.1480000000e+00 7.0386943930e-12 
4.1470000000e+00 7.0091007380e-12 
4.1460000000e+00 6.9796441660e-12 
4.1450000000e+00 6.9503224500e-12 
4.1440000000e+00 6.9211657150e-12 
4.1430000000e+00 6.8921880050e-12 
4.1420000000e+00 6.8633887450e-12 
4.1410000000e+00 6.8347255830e-12 
4.1400000000e+00 6.8061822790e-12 
4.1390000000e+00 6.7777590890e-12 
4.1380000000e+00 6.7495960030e-12 
4.1370000000e+00 6.7214084280e-12 
4.1360000000e+00 6.6934250320e-12 
4.1350000000e+00 6.6657148300e-12 
4.1340000000e+00 6.6380040470e-12 
4.1330000000e+00 6.6104424590e-12 
4.1320000000e+00 6.5831062620e-12 
4.1310000000e+00 6.5558945390e-12 
4.1300000000e+00 6.5289598050e-12 
4.1290000000e+00 6.5019649970e-12 
4.1280000000e+00 6.4751060740e-12 
4.1270000000e+00 6.4485052680e-12 
4.1260000000e+00 6.4220454470e-12 
4.1250000000e+00 6.3956215960e-12 
4.1240000000e+00 6.3693908250e-12 
4.1230000000e+00 6.3432846150e-12 
4.1220000000e+00 6.3172516540e-12 
4.1210000000e+00 6.2914025050e-12 
4.1200000000e+00 6.2656770540e-12 
4.1190000000e+00 6.2401714180e-12 
4.1180000000e+00 6.2145410130e-12 
4.1170000000e+00 6.1893312250e-12 
4.1160000000e+00 6.1640352000e-12 
4.1150000000e+00 6.1390142290e-12 
4.1140000000e+00 6.1140616390e-12 
4.1130000000e+00 6.0891780970e-12 
4.1120000000e+00 6.0644611620e-12 
4.1110000000e+00 6.0399373830e-12 
4.1100000000e+00 6.0154366100e-12 
4.1090000000e+00 5.9911021600e-12 
4.1080000000e+00 5.9668331890e-12 
4.1070000000e+00 5.9426894400e-12 
4.1060000000e+00 5.9188383130e-12 
4.1050000000e+00 5.8948758690e-12 
4.1040000000e+00 5.8711106360e-12 
4.1030000000e+00 5.8475758610e-12 
4.1020000000e+00 5.8239998440e-12 
4.1010000000e+00 5.8005407330e-12 
4.1000000000e+00 5.7772787970e-12 
4.0990000000e+00 5.7541287400e-12 
4.0980000000e+00 5.7311794630e-12 
4.0970000000e+00 5.7081705430e-12 
4.0960000000e+00 5.6854754670e-12 
4.0950000000e+00 5.6627792990e-12 
4.0940000000e+00 5.6400446850e-12 
4.0930000000e+00 5.6175912900e-12 
4.0920000000e+00 5.5952575720e-12 
4.0910000000e+00 5.5729955820e-12 
4.0900000000e+00 5.5508838840e-12 
4.0890000000e+00 5.5288136900e-12 
4.0880000000e+00 5.5068703850e-12 
4.0870000000e+00 5.4851192300e-12 
4.0860000000e+00 5.4633432230e-12 
4.0850000000e+00 5.4416299470e-12 
4.0840000000e+00 5.4201500750e-12 
4.0830000000e+00 5.3987256840e-12 
4.0820000000e+00 5.3773975330e-12 
4.0810000000e+00 5.3561869550e-12 
4.0800000000e+00 5.3350225490e-12 
4.0790000000e+00 5.3140396880e-12 
4.0780000000e+00 5.2930988800e-12 
4.0770000000e+00 5.2723701690e-12 
4.0760000000e+00 5.2515598730e-12 
4.0750000000e+00 5.2309910210e-12 
4.0740000000e+00 5.2105345170e-12 
4.0730000000e+00 5.1899698250e-12 
4.0720000000e+00 5.1696150760e-12 
4.0710000000e+00 5.1494665370e-12 
4.0700000000e+00 5.1292786110e-12 
4.0690000000e+00 5.1092714700e-12 
4.0680000000e+00 5.0892600840e-12 
4.0670000000e+00 5.0694539730e-12 
4.0660000000e+00 5.0496710330e-12 
4.0650000000e+00 5.0300564510e-12 
4.0640000000e+00 5.0103550210e-12 
4.0630000000e+00 4.9908809020e-12 
4.0620000000e+00 4.9716318220e-12 
4.0610000000e+00 4.9522794660e-12 
4.0600000000e+00 4.9330761430e-12 
4.0590000000e+00 4.9137840120e-12 
4.0580000000e+00 4.8949429010e-12 
4.0570000000e+00 4.8758777560e-12 
4.0560000000e+00 4.8569797360e-12 
4.0550000000e+00 4.8382563860e-12 
4.0540000000e+00 4.8195707130e-12 
4.0530000000e+00 4.8008525620e-12 
4.0520000000e+00 4.7823007980e-12 
4.0510000000e+00 4.7639684970e-12 
4.0500000000e+00 4.7455879170e-12 
4.0490000000e+00 4.7273361990e-12 
4.0480000000e+00 4.7092371770e-12 
4.0470000000e+00 4.6911680610e-12 
4.0460000000e+00 4.6731209380e-12 
4.0450000000e+00 4.6551658000e-12 
4.0440000000e+00 4.6372452320e-12 
4.0430000000e+00 4.6195841910e-12 
4.0420000000e+00 4.6018305560e-12 
4.0410000000e+00 4.5841495040e-12 
4.0400000000e+00 4.5667308000e-12 
4.0390000000e+00 4.5491913850e-12 
4.0380000000e+00 4.5318823800e-12 
4.0370000000e+00 4.5145899310e-12 
4.0360000000e+00 4.4973635590e-12 
4.0350000000e+00 4.4802116400e-12 
4.0340000000e+00 4.4632039560e-12 
4.0330000000e+00 4.4461641630e-12 
4.0320000000e+00 4.4291644330e-12 
4.0310000000e+00 4.4124071680e-12 
4.0300000000e+00 4.3956970990e-12 
4.0290000000e+00 4.3789684550e-12 
4.0280000000e+00 4.3624217650e-12 
4.0270000000e+00 4.3459687010e-12 
4.0260000000e+00 4.3294499180e-12 
4.0250000000e+00 4.3130210400e-12 
4.0240000000e+00 4.2967858920e-12 
4.0230000000e+00 4.2804566790e-12 
4.0220000000e+00 4.2642917850e-12 
4.0210000000e+00 4.2482730590e-12 
4.0200000000e+00 4.2322284210e-12 
4.0190000000e+00 4.2162825400e-12 
4.0180000000e+00 4.2004245890e-12 
4.0170000000e+00 4.1846120040e-12 
4.0160000000e+00 4.1688531560e-12 
4.0150000000e+00 4.1531597590e-12 
4.0140000000e+00 4.1375911490e-12 
4.0130000000e+00 4.1220800900e-12 
4.0120000000e+00 4.1066228390e-12 
4.0110000000e+00 4.0912488660e-12 
4.0100000000e+00 4.0758781910e-12 
4.0090000000e+00 4.0606213240e-12 
4.0080000000e+00 4.0454427730e-12 
4.0070000000e+00 4.0303024560e-12 
4.0060000000e+00 4.0152952140e-12 
4.0050000000e+00 4.0003158410e-12 
4.0040000000e+00 3.9854011570e-12 
4.0030000000e+00 3.9704121970e-12 
4.0020000000e+00 3.9556720930e-12 
4.0010000000e+00 3.9409333570e-12 
4.0000000000e+00 3.9263071210e-12 
3.9990000000e+00 3.9116651590e-12 
3.9980000000e+00 3.8970924960e-12 
3.9970000000e+00 3.8826896110e-12 
3.9960000000e+00 3.8682376310e-12 
3.9950000000e+00 3.8539562980e-12 
3.9940000000e+00 3.8395851730e-12 
3.9930000000e+00 3.8253843090e-12 
3.9920000000e+00 3.8111609390e-12 
3.9910000000e+00 3.7971596600e-12 
3.9900000000e+00 3.7831022790e-12 
3.9890000000e+00 3.7691139220e-12 
3.9880000000e+00 3.7551689130e-12 
3.9870000000e+00 3.7413176060e-12 
3.9860000000e+00 3.7275558380e-12 
3.9850000000e+00 3.7137499500e-12 
3.9840000000e+00 3.7001075690e-12 
3.9830000000e+00 3.6865332580e-12 
3.9820000000e+00 3.6728837520e-12 
3.9810000000e+00 3.6594007210e-12 
3.9800000000e+00 3.6459742780e-12 
3.9790000000e+00 3.6326055320e-12 
3.9780000000e+00 3.6191869160e-12 
3.9770000000e+00 3.6059653310e-12 
3.9760000000e+00 3.5926629990e-12 
3.9750000000e+00 3.5795385100e-12 
3.9740000000e+00 3.5664488050e-12 
3.9730000000e+00 3.5533477390e-12 
3.9720000000e+00 3.5404199620e-12 
3.9710000000e+00 3.5274323890e-12 
3.9700000000e+00 3.5145776020e-12 
3.9690000000e+00 3.5017443010e-12 
3.9680000000e+00 3.4889951580e-12 
3.9670000000e+00 3.4762044510e-12 
3.9660000000e+00 3.4635803950e-12 
3.9650000000e+00 3.4510154800e-12 
3.9640000000e+00 3.4385063870e-12 
3.9630000000e+00 3.4260439340e-12 
3.9620000000e+00 3.4135859440e-12 
3.9610000000e+00 3.4012644330e-12 
3.9600000000e+00 3.3889726830e-12 
3.9590000000e+00 3.3766574460e-12 
3.9580000000e+00 3.3644496940e-12 
3.9570000000e+00 3.3523697000e-12 
3.9560000000e+00 3.3401939890e-12 
3.9550000000e+00 3.3281687650e-12 
3.9540000000e+00 3.3161765220e-12 
3.9530000000e+00 3.3042442060e-12 
3.9520000000e+00 3.2922249970e-12 
3.9510000000e+00 3.2803998310e-12 
3.9500000000e+00 3.2685662130e-12 
3.9490000000e+00 3.2568103450e-12 
3.9480000000e+00 3.2450787490e-12 
3.9470000000e+00 3.2334192670e-12 
3.9460000000e+00 3.2217813660e-12 
3.9450000000e+00 3.2102880800e-12 
3.9440000000e+00 3.1987718320e-12 
3.9430000000e+00 3.1873474020e-12 
3.9420000000e+00 3.1757804310e-12 
3.9410000000e+00 3.1644479350e-12 
3.9400000000e+00 3.1531189180e-12 
3.9390000000e+00 3.1417929750e-12 
3.9380000000e+00 3.1305423850e-12 
3.9370000000e+00 3.1193993240e-12 
3.9360000000e+00 3.1083640100e-12 
3.9350000000e+00 3.0971684820e-12 
3.9340000000e+00 3.0860619260e-12 
3.9330000000e+00 3.0750673290e-12 
3.9320000000e+00 3.0640950980e-12 
3.9310000000e+00 3.0531767840e-12 
3.9300000000e+00 3.0423660740e-12 
3.9290000000e+00 3.0315449710e-12 
3.9280000000e+00 3.0207049220e-12 
3.9270000000e+00 3.0099771040e-12 
3.9260000000e+00 2.9992428930e-12 
3.9250000000e+00 2.9886589480e-12 
3.9240000000e+00 2.9780084770e-12 
3.9230000000e+00 2.9675210340e-12 
3.9220000000e+00 2.9569860910e-12 
3.9210000000e+00 2.9464798960e-12 
3.9200000000e+00 2.9360701310e-12 
3.9190000000e+00 2.9256702430e-12 
3.9180000000e+00 2.9152960000e-12 
3.9170000000e+00 2.9049474100e-12 
3.9160000000e+00 2.8947134630e-12 
3.9150000000e+00 2.8845494660e-12 
3.9140000000e+00 2.8743081820e-12 
3.9130000000e+00 2.8640823590e-12 
3.9120000000e+00 2.8540553890e-12 
3.9110000000e+00 2.8440361700e-12 
3.9100000000e+00 2.8340180280e-12 
3.9090000000e+00 2.8239830060e-12 
3.9080000000e+00 2.8141057290e-12 
3.9070000000e+00 2.8042061630e-12 
3.9060000000e+00 2.7943008200e-12 
3.9050000000e+00 2.7844935140e-12 
3.9040000000e+00 2.7746313540e-12 
3.9030000000e+00 2.7650002850e-12 
3.9020000000e+00 2.7552742890e-12 
3.9010000000e+00 2.7455967970e-12 
3.9000000000e+00 2.7359444430e-12 
3.8990000000e+00 2.7264211090e-12 
3.8980000000e+00 2.7169271740e-12 
3.8970000000e+00 2.7074755950e-12 
3.8960000000e+00 2.6980304570e-12 
3.8950000000e+00 2.6886941120e-12 
3.8940000000e+00 2.6792612550e-12 
3.8930000000e+00 2.6699081750e-12 
3.8920000000e+00 2.6606323750e-12 
3.8910000000e+00 2.6514395040e-12 
3.8900000000e+00 2.6421462490e-12 
3.8890000000e+00 2.6329604110e-12 
3.8880000000e+00 2.6238794570e-12 
3.8870000000e+00 2.6147227280e-12 
3.8860000000e+00 2.6056274550e-12 
3.8850000000e+00 2.5965639890e-12 
3.8840000000e+00 2.5876121240e-12 
3.8830000000e+00 2.5786601240e-12 
3.8820000000e+00 2.5697029860e-12 
3.8810000000e+00 2.5608626950e-12 
3.8800000000e+00 2.5519477280e-12 
3.8790000000e+00 2.5431393890e-12 
3.8780000000e+00 2.5344021770e-12 
3.8770000000e+00 2.5255861340e-12 
3.8760000000e+00 2.5169266620e-12 
3.8750000000e+00 2.5082652380e-12 
3.8740000000e+00 2.4994542030e-12 
3.8730000000e+00 2.4908590790e-12 
3.8720000000e+00 2.4823217620e-12 
3.8710000000e+00 2.4738193320e-12 
3.8700000000e+00 2.4653743900e-12 
3.8690000000e+00 2.4567838670e-12 
3.8680000000e+00 2.4482537600e-12 
3.8670000000e+00 2.4399615480e-12 
3.8660000000e+00 2.4315685090e-12 
3.8650000000e+00 2.4231894720e-12 
3.8640000000e+00 2.4149006670e-12 
3.8630000000e+00 2.4065822020e-12 
3.8620000000e+00 2.3984083020e-12 
3.8610000000e+00 2.3901028160e-12 
3.8600000000e+00 2.3819638520e-12 
3.8590000000e+00 2.3737223850e-12 
3.8580000000e+00 2.3656046280e-12 
3.8570000000e+00 2.3575308010e-12 
3.8560000000e+00 2.3495324490e-12 
3.8550000000e+00 2.3414644180e-12 
3.8540000000e+00 2.3335272250e-12 
3.8530000000e+00 2.3254848590e-12 
3.8520000000e+00 2.3175127490e-12 
3.8510000000e+00 2.3096629010e-12 
3.8500000000e+00 2.3017381750e-12 
3.8490000000e+00 2.2938822880e-12 
3.8480000000e+00 2.2860797920e-12 
3.8470000000e+00 2.2783024970e-12 
3.8460000000e+00 2.2706155750e-12 
3.8450000000e+00 2.2628149720e-12 
3.8440000000e+00 2.2551582230e-12 
3.8430000000e+00 2.2474878520e-12 
3.8420000000e+00 2.2397827680e-12 
3.8410000000e+00 2.2322812940e-12 
3.8400000000e+00 2.2245753730e-12 
3.8390000000e+00 2.2171439260e-12 
3.8380000000e+00 2.2096427030e-12 
3.8370000000e+00 2.2020846440e-12 
3.8360000000e+00 2.1946186800e-12 
3.8350000000e+00 2.1871710990e-12 
3.8340000000e+00 2.1797857700e-12 
3.8330000000e+00 2.1724023380e-12 
3.8320000000e+00 2.1650201600e-12 
3.8310000000e+00 2.1577472350e-12 
3.8300000000e+00 2.1504985710e-12 
3.8290000000e+00 2.1432029530e-12 
3.8280000000e+00 2.1358938060e-12 
3.8270000000e+00 2.1287580700e-12 
3.8260000000e+00 2.1215559710e-12 
3.8250000000e+00 2.1143721080e-12 
3.8240000000e+00 2.1072449110e-12 
3.8230000000e+00 2.1001482830e-12 
3.8220000000e+00 2.0931204530e-12 
3.8210000000e+00 2.0860363150e-12 
3.8200000000e+00 2.0791396220e-12 
3.8190000000e+00 2.0720736310e-12 
3.8180000000e+00 2.0650551310e-12 
3.8170000000e+00 2.0581215400e-12 
3.8160000000e+00 2.0512513490e-12 
3.8150000000e+00 2.0443942290e-12 
3.8140000000e+00 2.0374850170e-12 
3.8130000000e+00 2.0306500840e-12 
3.8120000000e+00 2.0238326230e-12 
3.8110000000e+00 2.0170288800e-12 
3.8100000000e+00 2.0103370260e-12 
3.8090000000e+00 2.0035413090e-12 
3.8080000000e+00 1.9968489290e-12 
3.8070000000e+00 1.9902289790e-12 
3.8060000000e+00 1.9835724360e-12 
3.8050000000e+00 1.9769369530e-12 
3.8040000000e+00 1.9702763740e-12 
3.8030000000e+00 1.9637707480e-12 
3.8020000000e+00 1.9571988750e-12 
3.8010000000e+00 1.9506324040e-12 
3.8000000000e+00 1.9441248210e-12 
3.7990000000e+00 1.9376085080e-12 
3.7980000000e+00 1.9312010790e-12 
3.7970000000e+00 1.9247725600e-12 
3.7960000000e+00 1.9183306810e-12 
3.7950000000e+00 1.9119184580e-12 
3.7940000000e+00 1.9056553860e-12 
3.7930000000e+00 1.8991974680e-12 
3.7920000000e+00 1.8929116870e-12 
3.7910000000e+00 1.8866165430e-12 
3.7900000000e+00 1.8803985110e-12 
3.7890000000e+00 1.8741460620e-12 
3.7880000000e+00 1.8679143390e-12 
3.7870000000e+00 1.8617520150e-12 
3.7860000000e+00 1.8555273170e-12 
3.7850000000e+00 1.8494133530e-12 
3.7840000000e+00 1.8433272380e-12 
3.7830000000e+00 1.8372010940e-12 
3.7820000000e+00 1.8311268290e-12 
3.7810000000e+00 1.8250246600e-12 
3.7800000000e+00 1.8189756320e-12 
3.7790000000e+00 1.8129448680e-12 
3.7780000000e+00 1.8070144580e-12 
3.7770000000e+00 1.8009943380e-12 
3.7760000000e+00 1.7950741620e-12 
3.7750000000e+00 1.7891476220e-12 
3.7740000000e+00 1.7832150590e-12 
3.7730000000e+00 1.7774121120e-12 
3.7720000000e+00 1.7715403730e-12 
3.7710000000e+00 1.7657337290e-12 
3.7700000000e+00 1.7599709730e-12 
3.7690000000e+00 1.7541670050e-12 
3.7680000000e+00 1.7484383720e-12 
3.7670000000e+00 1.7427025830e-12 
3.7660000000e+00 1.7369333280e-12 
3.7650000000e+00 1.7312381570e-12 
3.7640000000e+00 1.7256700250e-12 
3.7630000000e+00 1.7201469870e-12 
3.7620000000e+00 1.7144557950e-12 
3.7610000000e+00 1.7089632210e-12 
3.7600000000e+00 1.7033235260e-12 
3.7590000000e+00 1.6978539200e-12 
3.7580000000e+00 1.6923473570e-12 
3.7570000000e+00 1.6867760710e-12 
3.7560000000e+00 1.6813242190e-12 
3.7550000000e+00 1.6759789150e-12 
3.7540000000e+00 1.6705346400e-12 
3.7530000000e+00 1.6651025140e-12 
3.7520000000e+00 1.6596950720e-12 
3.7510000000e+00 1.6542722150e-12 
3.7500000000e+00 1.6489354570e-12 
3.7490000000e+00 1.6436893960e-12 
3.7480000000e+00 1.6383247610e-12 
3.7470000000e+00 1.6330625890e-12 
3.7460000000e+00 1.6277787560e-12 
3.7450000000e+00 1.6225096080e-12 
3.7440000000e+00 1.6173232390e-12 
3.7430000000e+00 1.6120795030e-12 
3.7420000000e+00 1.6068916070e-12 
3.7410000000e+00 1.6017315550e-12 
3.7400000000e+00 1.5965183260e-12 
3.7390000000e+00 1.5914031410e-12 
3.7380000000e+00 1.5862500330e-12 
3.7370000000e+00 1.5811252160e-12 
3.7360000000e+00 1.5760460280e-12 
3.7350000000e+00 1.5709544090e-12 
3.7340000000e+00 1.5659226290e-12 
3.7330000000e+00 1.5609960160e-12 
3.7320000000e+00 1.5559437770e-12 
3.7310000000e+00 1.5510031860e-12 
3.7300000000e+00 1.5459720650e-12 
3.7290000000e+00 1.5410262800e-12 
3.7280000000e+00 1.5360476180e-12 
3.7270000000e+00 1.5310768390e-12 
3.7260000000e+00 1.5261653680e-12 
3.7250000000e+00 1.5213996120e-12 
3.7240000000e+00 1.5164838170e-12 
3.7230000000e+00 1.5116097240e-12 
3.7220000000e+00 1.5068172330e-12 
3.7210000000e+00 1.5018987360e-12 
3.7200000000e+00 1.4971188680e-12 
3.7190000000e+00 1.4923560730e-12 
3.7180000000e+00 1.4875280610e-12 
3.7170000000e+00 1.4828439100e-12 
3.7160000000e+00 1.4781014410e-12 
3.7150000000e+00 1.4733896340e-12 
3.7140000000e+00 1.4686855330e-12 
3.7130000000e+00 1.4640458090e-12 
3.7120000000e+00 1.4593686660e-12 
3.7110000000e+00 1.4547355660e-12 
3.7100000000e+00 1.4500103840e-12 
3.7090000000e+00 1.4454335020e-12 
3.7080000000e+00 1.4408018790e-12 
3.7070000000e+00 1.4362688260e-12 
3.7060000000e+00 1.4316990010e-12 
3.7050000000e+00 1.4270963760e-12 
3.7040000000e+00 1.4225442740e-12 
3.7030000000e+00 1.4180458250e-12 
3.7020000000e+00 1.4135308100e-12 
3.7010000000e+00 1.4090749140e-12 
3.7000000000e+00 1.4046566250e-12 
3.6990000000e+00 1.4001863450e-12 
3.6980000000e+00 1.3957551400e-12 
3.6970000000e+00 1.3914152300e-12 
3.6960000000e+00 1.3868936310e-12 
3.6950000000e+00 1.3825798790e-12 
3.6940000000e+00 1.3781669450e-12 
3.6930000000e+00 1.3738114810e-12 
3.6920000000e+00 1.3695352160e-12 
3.6910000000e+00 1.3651926640e-12 
3.6900000000e+00 1.3608819010e-12 
3.6890000000e+00 1.3565766140e-12 
3.6880000000e+00 1.3522987340e-12 
3.6870000000e+00 1.3480449240e-12 
3.6860000000e+00 1.3437069930e-12 
3.6850000000e+00 1.3394693730e-12 
3.6840000000e+00 1.3353615160e-12 
3.6830000000e+00 1.3311302810e-12 
3.6820000000e+00 1.3269114290e-12 
3.6810000000e+00 1.3227809940e-12 
3.6800000000e+00 1.3186341260e-12 
3.6790000000e+00 1.3144887920e-12 
3.6780000000e+00 1.3103479170e-12 
3.6770000000e+00 1.3062517160e-12 
3.6760000000e+00 1.3021478770e-12 
3.6750000000e+00 1.2980449730e-12 
3.6740000000e+00 1.2940211200e-12 
3.6730000000e+00 1.2899812890e-12 
3.6720000000e+00 1.2859632890e-12 
3.6710000000e+00 1.2819887780e-12 
3.6700000000e+00 1.2779850270e-12 
3.6690000000e+00 1.2739719940e-12 
3.6680000000e+00 1.2699839360e-12 
3.6670000000e+00 1.2659932830e-12 
3.6660000000e+00 1.2621036370e-12 
3.6650000000e+00 1.2581280660e-12 
3.6640000000e+00 1.2542765340e-12 
3.6630000000e+00 1.2503329700e-12 
3.6620000000e+00 1.2465234320e-12 
3.6610000000e+00 1.2425962390e-12 
3.6600000000e+00 1.2387734170e-12 
3.6590000000e+00 1.2349315290e-12 
3.6580000000e+00 1.2311654010e-12 
3.6570000000e+00 1.2273096130e-12 
3.6560000000e+00 1.2235396160e-12 
3.6550000000e+00 1.2197536950e-12 
3.6540000000e+00 1.2159341690e-12 
3.6530000000e+00 1.2122053070e-12 
3.6520000000e+00 1.2084588590e-12 
3.6510000000e+00 1.2047290800e-12 
3.6500000000e+00 1.2010182700e-12 
3.6490000000e+00 1.1972940580e-12 
3.6480000000e+00 1.1935620870e-12 
3.6470000000e+00 1.1899937090e-12 
3.6460000000e+00 1.1861533600e-12 
3.6450000000e+00 1.1825234650e-12 
3.6440000000e+00 1.1789360620e-12 
3.6430000000e+00 1.1753092500e-12 
3.6420000000e+00 1.1717770480e-12 
3.6410000000e+00 1.1681107510e-12 
3.6400000000e+00 1.1644782890e-12 
3.6390000000e+00 1.1609914060e-12 
3.6380000000e+00 1.1574639040e-12 
3.6370000000e+00 1.1539357970e-12 
3.6360000000e+00 1.1504530230e-12 
3.6350000000e+00 1.1469042560e-12 
3.6340000000e+00 1.1433511110e-12 
3.6330000000e+00 1.1398533180e-12 
3.6320000000e+00 1.1363599280e-12 
3.6310000000e+00 1.1328924560e-12 
3.6300000000e+00 1.1295127280e-12 
3.6290000000e+00 1.1260129240e-12 
3.6280000000e+00 1.1225676600e-12 
3.6270000000e+00 1.1191052950e-12 
3.6260000000e+00 1.1157152260e-12 
3.6250000000e+00 1.1123093130e-12 
3.6240000000e+00 1.1089301670e-12 
3.6230000000e+00 1.1055851000e-12 
3.6220000000e+00 1.1022129560e-12 
3.6210000000e+00 1.0988386340e-12 
3.6200000000e+00 1.0954296810e-12 
3.6190000000e+00 1.0921442100e-12 
3.6180000000e+00 1.0887549760e-12 
3.6170000000e+00 1.0854466160e-12 
3.6160000000e+00 1.0821915650e-12 
3.6150000000e+00 1.0789104550e-12 
3.6140000000e+00 1.0755717500e-12 
3.6130000000e+00 1.0723479750e-12 
3.6120000000e+00 1.0690628810e-12 
3.6110000000e+00 1.0658458060e-12 
3.6100000000e+00 1.0625797080e-12 
3.6090000000e+00 1.0593838480e-12 
3.6080000000e+00 1.0561395960e-12 
3.6070000000e+00 1.0529267380e-12 
3.6060000000e+00 1.0497177070e-12 
3.6050000000e+00 1.0465505170e-12 
3.6040000000e+00 1.0433445480e-12 
3.6030000000e+00 1.0401668490e-12 
3.6020000000e+00 1.0369578920e-12 
3.6010000000e+00 1.0339426280e-12 
3.6000000000e+00 1.0308002420e-12 
3.5990000000e+00 1.0275902620e-12 
3.5980000000e+00 1.0245261510e-12 
3.5970000000e+00 1.0214406090e-12 
3.5960000000e+00 1.0183467960e-12 
3.5950000000e+00 1.0152125480e-12 
3.5940000000e+00 1.0122168650e-12 
3.5930000000e+00 1.0090759010e-12 
3.5920000000e+00 1.0060613910e-12 
3.5910000000e+00 1.0029989480e-12 
3.5900000000e+00 9.9998490510e-13 
3.5890000000e+00 9.9695863560e-13 
3.5880000000e+00 9.9399115520e-13 
3.5870000000e+00 9.9092644290e-13 
3.5860000000e+00 9.8792708120e-13 
3.5850000000e+00 9.8493012670e-13 
3.5840000000e+00 9.8197776580e-13 
3.5830000000e+00 9.7906979090e-13 
3.5820000000e+00 9.7599879960e-13 
3.5810000000e+00 9.7307955450e-13 
3.5800000000e+00 9.7022433360e-13 
3.5790000000e+00 9.6721781360e-13 
3.5780000000e+00 9.6432324550e-13 
3.5770000000e+00 9.6139182520e-13 
3.5760000000e+00 9.5853007570e-13 
3.5750000000e+00 9.5558845080e-13 
3.5740000000e+00 9.5274180180e-13 
3.5730000000e+00 9.4993007440e-13 
3.5720000000e+00 9.4709404050e-13 
3.5710000000e+00 9.4426816410e-13 
3.5700000000e+00 9.4147061800e-13 
3.5690000000e+00 9.3861576890e-13 
3.5680000000e+00 9.3572951730e-13 
3.5670000000e+00 9.3301195800e-13 
3.5660000000e+00 9.3020867790e-13 
3.5650000000e+00 9.2738736210e-13 
3.5640000000e+00 9.2464741310e-13 
3.5630000000e+00 9.2192724270e-13 
3.5620000000e+00 9.1908922250e-13 
3.5610000000e+00 9.1639634790e-13 
3.5600000000e+00 9.1375083760e-13 
3.5590000000e+00 9.1094006560e-13 
3.5580000000e+00 9.0827339030e-13 
3.5570000000e+00 9.0558920860e-13 
3.5560000000e+00 9.0290498850e-13 
3.5550000000e+00 9.0028757040e-13 
3.5540000000e+00 8.9756003010e-13 
3.5530000000e+00 8.9498972170e-13 
3.5520000000e+00 8.9229009120e-13 
3.5510000000e+00 8.8964080440e-13 
3.5500000000e+00 8.8701345590e-13 
3.5490000000e+00 8.8438503460e-13 
3.5480000000e+00 8.8171940810e-13 
3.5470000000e+00 8.7918575880e-13 
3.5460000000e+00 8.7661281820e-13 
3.5450000000e+00 8.7395233970e-13 
3.5440000000e+00 8.7145621600e-13 
3.5430000000e+00 8.6887088580e-13 
3.5420000000e+00 8.6623060130e-13 
3.5410000000e+00 8.6368203680e-13 
3.5400000000e+00 8.6113702350e-13 
3.5390000000e+00 8.5857925590e-13 
3.5380000000e+00 8.5610899100e-13 
3.5370000000e+00 8.5354952970e-13 
3.5360000000e+00 8.5109511810e-13 
3.5350000000e+00 8.4854357420e-13 
3.5340000000e+00 8.4602815410e-13 
3.5330000000e+00 8.4353340500e-13 
3.5320000000e+00 8.4114517100e-13 
3.5310000000e+00 8.3860049200e-13 
3.5300000000e+00 8.3612661460e-13 
3.5290000000e+00 8.3372959900e-13 
3.5280000000e+00 8.3118572650e-13 
3.5270000000e+00 8.2875996130e-13 
3.5260000000e+00 8.2628699000e-13 
3.5250000000e+00 8.2388189470e-13 
3.5240000000e+00 8.2143043820e-13 
3.5230000000e+00 8.1908644010e-13 
3.5220000000e+00 8.1657494270e-13 
3.5210000000e+00 8.1424078390e-13 
3.5200000000e+00 8.1182330060e-13 
3.5190000000e+00 8.0946034510e-13 
3.5180000000e+00 8.0710513250e-13 
3.5170000000e+00 8.0466931370e-13 
3.5160000000e+00 8.0233251270e-13 
3.5150000000e+00 7.9990736260e-13 
3.5140000000e+00 7.9766060330e-13 
3.5130000000e+00 7.9529815350e-13 
3.5120000000e+00 7.9294930170e-13 
3.5110000000e+00 7.9067148700e-13 
3.5100000000e+00 7.8827276290e-13 
3.5090000000e+00 7.8591980530e-13 
3.5080000000e+00 7.8361240600e-13 
3.5070000000e+00 7.8139275700e-13 
3.5060000000e+00 7.7909751740e-13 
3.5050000000e+00 7.7678621680e-13 
3.5040000000e+00 7.7451964320e-13 
3.5030000000e+00 7.7226542390e-13 
3.5020000000e+00 7.6993813400e-13 
3.5010000000e+00 7.6774810180e-13 
3.5000000000e+00 7.6542693620e-13 
3.4990000000e+00 7.6327456900e-13 
3.4980000000e+00 7.6099127910e-13 
3.4970000000e+00 7.5873956480e-13 
3.4960000000e+00 7.5654449100e-13 
3.4950000000e+00 7.5437013380e-13 
3.4940000000e+00 7.5210558640e-13 
3.4930000000e+00 7.4990227730e-13 
3.4920000000e+00 7.4771133290e-13 
3.4910000000e+00 7.4551395630e-13 
3.4900000000e+00 7.4332727520e-13 
3.4890000000e+00 7.4113771460e-13 
3.4880000000e+00 7.3896678830e-13 
3.4870000000e+00 7.3692498720e-13 
3.4860000000e+00 7.3466768420e-13 
3.4850000000e+00 7.3251256460e-13 
3.4840000000e+00 7.3043769820e-13 
3.4830000000e+00 7.2827599370e-13 
3.4820000000e+00 7.2611621400e-13 
3.4810000000e+00 7.2401102530e-13 
3.4800000000e+00 7.2194855160e-13 
3.4790000000e+00 7.1976330950e-13 
3.4780000000e+00 7.1770719840e-13 
3.4770000000e+00 7.1555297750e-13 
3.4760000000e+00 7.1349719060e-13 
3.4750000000e+00 7.1139279720e-13 
3.4740000000e+00 7.0933107250e-13 
3.4730000000e+00 7.0724394950e-13 
3.4720000000e+00 7.0516885190e-13 
3.4710000000e+00 7.0311741960e-13 
3.4700000000e+00 7.0114207850e-13 
3.4690000000e+00 6.9912189650e-13 
3.4680000000e+00 6.9701468320e-13 
3.4670000000e+00 6.9499797460e-13 
3.4660000000e+00 6.9293183260e-13 
3.4650000000e+00 6.9093196960e-13 
3.4640000000e+00 6.8893405560e-13 
3.4630000000e+00 6.8698826500e-13 
3.4620000000e+00 6.8492625210e-13 
3.4610000000e+00 6.8288833150e-13 
3.4600000000e+00 6.8088703600e-13 
3.4590000000e+00 6.7899881110e-13 
3.4580000000e+00 6.7693458780e-13 
3.4570000000e+00 6.7500082210e-13 
3.4560000000e+00 6.7300448960e-13 
3.4550000000e+00 6.7110911740e-13 
3.4540000000e+00 6.6912692540e-13 
3.4530000000e+00 6.6717154650e-13 
3.4520000000e+00 6.6529728820e-13 
3.4510000000e+00 6.6331032450e-13 
3.4500000000e+00 6.6131571540e-13 
3.4490000000e+00 6.5940222960e-13 
3.4480000000e+00 6.5753700600e-13 
3.4470000000e+00 6.5554103450e-13 
3.4460000000e+00 6.5365000030e-13 
3.4450000000e+00 6.5185199950e-13 
3.4440000000e+00 6.4987853680e-13 
3.4430000000e+00 6.4797053110e-13 
3.4420000000e+00 6.4615263720e-13 
3.4410000000e+00 6.4423645990e-13 
3.4400000000e+00 6.4232061260e-13 
3.4390000000e+00 6.4044710140e-13 
3.4380000000e+00 6.3865597850e-13 
3.4370000000e+00 6.3681482390e-13 
3.4360000000e+00 6.3495267060e-13 
3.4350000000e+00 6.3312507700e-13 
3.4340000000e+00 6.3123617510e-13 
3.4330000000e+00 6.2941379130e-13 
3.4320000000e+00 6.2761907740e-13 
3.4310000000e+00 6.2582529920e-13 
3.4300000000e+00 6.2391048030e-13 
3.4290000000e+00 6.2211167080e-13 
3.4280000000e+00 6.2032507940e-13 
3.4270000000e+00 6.1844084190e-13 
3.4260000000e+00 6.1674739310e-13 
3.4250000000e+00 6.1491703140e-13 
3.4240000000e+00 6.1316113110e-13 
3.4230000000e+00 6.1139865370e-13 
3.4220000000e+00 6.0957508610e-13 
3.4210000000e+00 6.0777376620e-13 
3.4200000000e+00 6.0609244380e-13 
3.4190000000e+00 6.0432643140e-13 
3.4180000000e+00 6.0259966840e-13 
3.4170000000e+00 6.0075729580e-13 
3.4160000000e+00 5.9909695670e-13 
3.4150000000e+00 5.9728300540e-13 
3.4140000000e+00 5.9561934240e-13 
3.4130000000e+00 5.9390357790e-13 
3.4120000000e+00 5.9210939440e-13 
3.4110000000e+00 5.9042435330e-13 
3.4100000000e+00 5.8875509390e-13 
3.4090000000e+00 5.8704334320e-13 
3.4080000000e+00 5.8535029650e-13 
3.4070000000e+00 5.8365778500e-13 
3.4060000000e+00 5.8198857680e-13 
3.4050000000e+00 5.8028105740e-13 
3.4040000000e+00 5.7862650150e-13 
3.4030000000e+00 5.7693927490e-13 
3.4020000000e+00 5.7524945490e-13 
3.4010000000e+00 5.7359735300e-13 
3.4000000000e+00 5.7196626080e-13 
3.3990000000e+00 5.7024673320e-13 
3.3980000000e+00 5.6863573100e-13 
3.3970000000e+00 5.6706474700e-13 
3.3960000000e+00 5.6531990350e-13 
3.3950000000e+00 5.6376128510e-13 
3.3940000000e+00 5.6208206880e-13 
3.3930000000e+00 5.6054375520e-13 
3.3920000000e+00 5.5885085570e-13 
3.3910000000e+00 5.5723538180e-13 
3.3900000000e+00 5.5563841790e-13 
3.3890000000e+00 5.5406330630e-13 
3.3880000000e+00 5.5245771770e-13 
3.3870000000e+00 5.5085502340e-13 
3.3860000000e+00 5.4923595640e-13 
3.3850000000e+00 5.4768552520e-13 
3.3840000000e+00 5.4611893090e-13 
3.3830000000e+00 5.4460530890e-13 
3.3820000000e+00 5.4294310470e-13 
3.3810000000e+00 5.4141762900e-13 
3.3800000000e+00 5.3986387890e-13 
3.3790000000e+00 5.3830775410e-13 
3.3780000000e+00 5.3674131840e-13 
3.3770000000e+00 5.3524143490e-13 
3.3760000000e+00 5.3367221090e-13 
3.3750000000e+00 5.3210040860e-13 
3.3740000000e+00 5.3070147370e-13 
3.3730000000e+00 5.2906164420e-13 
3.3720000000e+00 5.2762225350e-13 
3.3710000000e+00 5.2605266800e-13 
3.3700000000e+00 5.2454984860e-13 
3.3690000000e+00 5.2301688200e-13 
3.3680000000e+00 5.2148593440e-13 
3.3670000000e+00 5.2010488280e-13 
3.3660000000e+00 5.1851280840e-13 
3.3650000000e+00 5.1704681180e-13 
3.3640000000e+00 5.1557740650e-13 
3.3630000000e+00 5.1406845860e-13 
3.3620000000e+00 5.1255526730e-13 
3.3610000000e+00 5.1114727870e-13 
3.3600000000e+00 5.0970768630e-13 
3.3590000000e+00 5.0817863510e-13 
3.3580000000e+00 5.0672659140e-13 
3.3570000000e+00 5.0530456080e-13 
3.3560000000e+00 5.0376949780e-13 
3.3550000000e+00 5.0241863910e-13 
3.3540000000e+00 5.0093189570e-13 
3.3530000000e+00 4.9955805080e-13 
3.3520000000e+00 4.9802436520e-13 
3.3510000000e+00 4.9664100480e-13 
3.3500000000e+00 4.9522897240e-13 
3.3490000000e+00 4.9381354130e-13 
3.3480000000e+00 4.9246932230e-13 
3.3470000000e+00 4.9098345030e-13 
3.3460000000e+00 4.8961803870e-13 
3.3450000000e+00 4.8822980630e-13 
3.3440000000e+00 4.8675609420e-13 
3.3430000000e+00 4.8541495840e-13 
3.3420000000e+00 4.8396453330e-13 
3.3410000000e+00 4.8262329260e-13 
3.3400000000e+00 4.8122936620e-13 
3.3390000000e+00 4.7988969350e-13 
3.3380000000e+00 4.7846496200e-13 
3.3370000000e+00 4.7710910580e-13 
3.3360000000e+00 4.7572395870e-13 
3.3350000000e+00 4.7440518160e-13 
3.3340000000e+00 4.7295163760e-13 
3.3330000000e+00 4.7159830070e-13 
3.3320000000e+00 4.7037524810e-13 
3.3310000000e+00 4.6895414360e-13 
3.3300000000e+00 4.6761492020e-13 
3.3290000000e+00 4.6628506260e-13 
3.3280000000e+00 4.6498648970e-13 
3.3270000000e+00 4.6364693440e-13 
3.3260000000e+00 4.6229793580e-13 
3.3250000000e+00 4.6097562840e-13 
3.3240000000e+00 4.5964074590e-13 
3.3230000000e+00 4.5832691610e-13 
3.3220000000e+00 4.5700761350e-13 
3.3210000000e+00 4.5569474390e-13 
3.3200000000e+00 4.5442945440e-13 
3.3190000000e+00 4.5310668610e-13 
3.3180000000e+00 4.5183985330e-13 
3.3170000000e+00 4.5051449830e-13 
3.3160000000e+00 4.4921709180e-13 
3.3150000000e+00 4.4805332030e-13 
3.3140000000e+00 4.4672012040e-13 
3.3130000000e+00 4.4541445260e-13 
3.3120000000e+00 4.4415469770e-13 
3.3110000000e+00 4.4285438580e-13 
3.3100000000e+00 4.4163653900e-13 
3.3090000000e+00 4.4039651640e-13 
3.3080000000e+00 4.3912575470e-13 
3.3070000000e+00 4.3782195700e-13 
3.3060000000e+00 4.3655822670e-13 
3.3050000000e+00 4.3537278660e-13 
3.3040000000e+00 4.3417666040e-13 
3.3030000000e+00 4.3286813110e-13 
3.3020000000e+00 4.3162640570e-13 
3.3010000000e+00 4.3039843290e-13 
3.3000000000e+00 4.2922619510e-13 
3.2990000000e+00 4.2800630430e-13 
3.2980000000e+00 4.2678635040e-13 
3.2970000000e+00 4.2561143420e-13 
3.2960000000e+00 4.2434187050e-13 
3.2950000000e+00 4.2313744410e-13 
3.2940000000e+00 4.2197142060e-13 
3.2930000000e+00 4.2072453820e-13 
3.2920000000e+00 4.1956827610e-13 
3.2910000000e+00 4.1833992830e-13 
3.2900000000e+00 4.1718444800e-13 
3.2890000000e+00 4.1607927820e-13 
3.2880000000e+00 4.1476960320e-13 
3.2870000000e+00 4.1367399010e-13 
3.2860000000e+00 4.1244969100e-13 
3.2850000000e+00 4.1128781820e-13 
3.2840000000e+00 4.1009187620e-13 
3.2830000000e+00 4.0897256430e-13 
3.2820000000e+00 4.0774900530e-13 
3.2810000000e+00 4.0660834320e-13 
3.2800000000e+00 4.0554159710e-13 
3.2790000000e+00 4.0433948420e-13 
3.2780000000e+00 4.0314612220e-13 
3.2770000000e+00 4.0203858280e-13 
3.2760000000e+00 4.0092433900e-13 
3.2750000000e+00 3.9977540330e-13 
3.2740000000e+00 3.9860430800e-13 
3.2730000000e+00 3.9748603630e-13 
3.2720000000e+00 3.9635333390e-13 
3.2710000000e+00 3.9521267590e-13 
3.2700000000e+00 3.9410249370e-13 
3.2690000000e+00 3.9304888130e-13 
3.2680000000e+00 3.9186031330e-13 
3.2670000000e+00 3.9082837410e-13 
3.2660000000e+00 3.8977699480e-13 
3.2650000000e+00 3.8862525200e-13 
3.2640000000e+00 3.8747438310e-13 
3.2630000000e+00 3.8637783390e-13 
3.2620000000e+00 3.8535185700e-13 
3.2610000000e+00 3.8419134520e-13 
3.2600000000e+00 3.8310705350e-13 
3.2590000000e+00 3.8205031670e-13 
3.2580000000e+00 3.8090772120e-13 
3.2570000000e+00 3.7985596770e-13 
3.2560000000e+00 3.7885182130e-13 
3.2550000000e+00 3.7773884210e-13 
3.2540000000e+00 3.7670626250e-13 
3.2530000000e+00 3.7564065380e-13 
3.2520000000e+00 3.7459658740e-13 
3.2510000000e+00 3.7353271890e-13 
3.2500000000e+00 3.7245321410e-13 
3.2490000000e+00 3.7140565640e-13 
3.2480000000e+00 3.7033346350e-13 
3.2470000000e+00 3.6933490120e-13 
3.2460000000e+00 3.6823345550e-13 
3.2450000000e+00 3.6723513430e-13 
3.2440000000e+00 3.6615241080e-13 
3.2430000000e+00 3.6512284440e-13 
3.2420000000e+00 3.6414155550e-13 
3.2410000000e+00 3.6304454610e-13 
3.2400000000e+00 3.6200726360e-13 
3.2390000000e+00 3.6102908160e-13 
3.2380000000e+00 3.5996484730e-13 
3.2370000000e+00 3.5894997640e-13 
3.2360000000e+00 3.5790233470e-13 
3.2350000000e+00 3.5694556810e-13 
3.2340000000e+00 3.5597584750e-13 
3.2330000000e+00 3.5488476410e-13 
3.2320000000e+00 3.5383356600e-13 
3.2310000000e+00 3.5288241130e-13 
3.2300000000e+00 3.5187068310e-13 
3.2290000000e+00 3.5086020580e-13 
3.2280000000e+00 3.4991572810e-13 
3.2270000000e+00 3.4889125310e-13 
3.2260000000e+00 3.4785904880e-13 
3.2250000000e+00 3.4689242710e-13 
3.2240000000e+00 3.4600872420e-13 
3.2230000000e+00 3.4495730190e-13 
3.2220000000e+00 3.4390128430e-13 
3.2210000000e+00 3.4296097840e-13 
3.2200000000e+00 3.4205289740e-13 
3.2190000000e+00 3.4101261690e-13 
3.2180000000e+00 3.4006862580e-13 
3.2170000000e+00 3.3907409190e-13 
3.2160000000e+00 3.3807392180e-13 
3.2150000000e+00 3.3714602260e-13 
3.2140000000e+00 3.3629310980e-13 
3.2130000000e+00 3.3521796820e-13 
3.2120000000e+00 3.3424454840e-13 
3.2110000000e+00 3.3331227970e-13 
3.2100000000e+00 3.3248758170e-13 
3.2090000000e+00 3.3149851180e-13 
3.2080000000e+00 3.3047623780e-13 
3.2070000000e+00 3.2959954890e-13 
3.2060000000e+00 3.2862365600e-13 
3.2050000000e+00 3.2767930940e-13 
3.2040000000e+00 3.2678300860e-13 
3.2030000000e+00 3.2593120330e-13 
3.2020000000e+00 3.2505308140e-13 
3.2010000000e+00 3.2403627750e-13 
3.2000000000e+00 3.2314480130e-13 
3.1990000000e+00 3.2223390510e-13 
3.1980000000e+00 3.2125386900e-13 
3.1970000000e+00 3.2032750080e-13 
3.1960000000e+00 3.1953356390e-13 
3.1950000000e+00 3.1856210240e-13 
3.1940000000e+00 3.1767210940e-13 
3.1930000000e+00 3.1679069150e-13 
3.1920000000e+00 3.1579816890e-13 
3.1910000000e+00 3.1489650310e-13 
3.1900000000e+00 3.1402510110e-13 
3.1890000000e+00 3.1315642760e-13 
3.1880000000e+00 3.1228421710e-13 
3.1870000000e+00 3.1136648780e-13 
3.1860000000e+00 3.1055445870e-13 
3.1850000000e+00 3.0969858230e-13 
3.1840000000e+00 3.0875332610e-13 
3.1830000000e+00 3.0780369880e-13 
3.1820000000e+00 3.0699924840e-13 
3.1810000000e+00 3.0615596470e-13 
3.1800000000e+00 3.0522727110e-13 
3.1790000000e+00 3.0438652600e-13 
3.1780000000e+00 3.0355624090e-13 
3.1770000000e+00 3.0267333850e-13 
3.1760000000e+00 3.0183515050e-13 
3.1750000000e+00 3.0105546230e-13 
3.1740000000e+00 3.0014510810e-13 
3.1730000000e+00 2.9929012450e-13 
3.1720000000e+00 2.9848946560e-13 
3.1710000000e+00 2.9760047660e-13 
3.1700000000e+00 2.9677458520e-13 
3.1690000000e+00 2.9589545350e-13 
3.1680000000e+00 2.9505895130e-13 
3.1670000000e+00 2.9427949050e-13 
3.1660000000e+00 2.9340397300e-13 
3.1650000000e+00 2.9267948710e-13 
3.1640000000e+00 2.9178041160e-13 
3.1630000000e+00 2.9087563080e-13 
3.1620000000e+00 2.9009930700e-13 
3.1610000000e+00 2.8929460230e-13 
3.1600000000e+00 2.8844063050e-13 
3.1590000000e+00 2.8761404530e-13 
3.1580000000e+00 2.8676805290e-13 
3.1570000000e+00 2.8611758480e-13 
3.1560000000e+00 2.8516261750e-13 
3.1550000000e+00 2.8449089860e-13 
3.1540000000e+00 2.8351656080e-13 
3.1530000000e+00 2.8273795730e-13 
3.1520000000e+00 2.8201055320e-13 
3.1510000000e+00 2.8116537690e-13 
3.1500000000e+00 2.8044220610e-13 
3.1490000000e+00 2.7967603760e-13 
3.1480000000e+00 2.7875095120e-13 
3.1470000000e+00 2.7795518190e-13 
3.1460000000e+00 2.7717950350e-13 
3.1450000000e+00 2.7650618970e-13 
3.1440000000e+00 2.7564304730e-13 
3.1430000000e+00 2.7486431660e-13 
3.1420000000e+00 2.7408816480e-13 
3.1410000000e+00 2.7333651260e-13 
3.1400000000e+00 2.7255818880e-13 
3.1390000000e+00 2.7175924050e-13 
3.1380000000e+00 2.7097160420e-13 
3.1370000000e+00 2.7028383900e-13 
3.1360000000e+00 2.6947413020e-13 
3.1350000000e+00 2.6873902040e-13 
3.1340000000e+00 2.6798389380e-13 
3.1330000000e+00 2.6724571990e-13 
3.1320000000e+00 2.6645494670e-13 
3.1310000000e+00 2.6569449380e-13 
3.1300000000e+00 2.6494932340e-13 
3.1290000000e+00 2.6415594060e-13 
3.1280000000e+00 2.6346662440e-13 
3.1270000000e+00 2.6263368210e-13 
3.1260000000e+00 2.6195116010e-13 
3.1250000000e+00 2.6126512990e-13 
3.1240000000e+00 2.6048268850e-13 
3.1230000000e+00 2.5969553460e-13 
3.1220000000e+00 2.5896209870e-13 
3.1210000000e+00 2.5822452530e-13 
3.1200000000e+00 2.5751602420e-13 
3.1190000000e+00 2.5680860770e-13 
3.1180000000e+00 2.5604086970e-13 
3.1170000000e+00 2.5532266920e-13 
3.1160000000e+00 2.5457198570e-13 
3.1150000000e+00 2.5389779660e-13 
3.1140000000e+00 2.5315890190e-13 
3.1130000000e+00 2.5241420170e-13 
3.1120000000e+00 2.5172429560e-13 
3.1110000000e+00 2.5104061230e-13 
3.1100000000e+00 2.5026638380e-13 
3.1090000000e+00 2.4960395420e-13 
3.1080000000e+00 2.4887201890e-13 
3.1070000000e+00 2.4813407290e-13 
3.1060000000e+00 2.4739492060e-13 
3.1050000000e+00 2.4679450220e-13 
3.1040000000e+00 2.4611225600e-13 
3.1030000000e+00 2.4536551810e-13 
3.1020000000e+00 2.4467443910e-13 
3.1010000000e+00 2.4387152470e-13 
3.1000000000e+00 2.4325771780e-13 
3.0990000000e+00 2.4251070590e-13 
3.0980000000e+00 2.4185084030e-13 
3.0970000000e+00 2.4116679040e-13 
3.0960000000e+00 2.4047922160e-13 
3.0950000000e+00 2.3977186370e-13 
3.0940000000e+00 2.3914580760e-13 
3.0930000000e+00 2.3847997750e-13 
3.0920000000e+00 2.3771577080e-13 
3.0910000000e+00 2.3707464580e-13 
3.0900000000e+00 2.3640476740e-13 
3.0890000000e+00 2.3567693970e-13 
3.0880000000e+00 2.3501726330e-13 
3.0870000000e+00 2.3435117350e-13 
3.0860000000e+00 2.3369893010e-13 
3.0850000000e+00 2.3306408420e-13 
3.0840000000e+00 2.3238752680e-13 
3.0830000000e+00 2.3167677730e-13 
3.0820000000e+00 2.3097674190e-13 
3.0810000000e+00 2.3042944920e-13 
3.0800000000e+00 2.2966896710e-13 
3.0790000000e+00 2.2904368290e-13 
3.0780000000e+00 2.2839130860e-13 
3.0770000000e+00 2.2771080010e-13 
3.0760000000e+00 2.2700925900e-13 
3.0750000000e+00 2.2642161240e-13 
3.0740000000e+00 2.2578578070e-13 
3.0730000000e+00 2.2508150430e-13 
3.0720000000e+00 2.2441739340e-13 
3.0710000000e+00 2.2381663210e-13 
3.0700000000e+00 2.2318564890e-13 
3.0690000000e+00 2.2262428130e-13 
3.0680000000e+00 2.2187687800e-13 
3.0670000000e+00 2.2126007970e-13 
3.0660000000e+00 2.2058862270e-13 
3.0650000000e+00 2.1999033300e-13 
3.0640000000e+00 2.1935325860e-13 
3.0630000000e+00 2.1869181160e-13 
3.0620000000e+00 2.1813131090e-13 
3.0610000000e+00 2.1749714500e-13 
3.0600000000e+00 2.1685824010e-13 
3.0590000000e+00 2.1618598190e-13 
3.0580000000e+00 2.1563055340e-13 
3.0570000000e+00 2.1504519330e-13 
3.0560000000e+00 2.1433291990e-13 
3.0550000000e+00 2.1377255850e-13 
3.0540000000e+00 2.1309258410e-13 
3.0530000000e+00 2.1253924910e-13 
3.0520000000e+00 2.1190765680e-13 
3.0510000000e+00 2.1131080350e-13 
3.0500000000e+00 2.1065574410e-13 
3.0490000000e+00 2.1010810900e-13 
3.0480000000e+00 2.0943856430e-13 
3.0470000000e+00 2.0882112050e-13 
3.0460000000e+00 2.0822863660e-13 
3.0450000000e+00 2.0762034680e-13 
3.0440000000e+00 2.0702967080e-13 
3.0430000000e+00 2.0643050060e-13 
3.0420000000e+00 2.0583495050e-13 
3.0410000000e+00 2.0525158410e-13 
3.0400000000e+00 2.0467852190e-13 
3.0390000000e+00 2.0406500960e-13 
3.0380000000e+00 2.0349918700e-13 
3.0370000000e+00 2.0294596650e-13 
3.0360000000e+00 2.0231532710e-13 
3.0350000000e+00 2.0173969000e-13 
3.0340000000e+00 2.0114574340e-13 
3.0330000000e+00 2.0058967230e-13 
3.0320000000e+00 1.9999900050e-13 
3.0310000000e+00 1.9941072450e-13 
3.0300000000e+00 1.9885471390e-13 
3.0290000000e+00 1.9823799560e-13 
3.0280000000e+00 1.9767210400e-13 
3.0270000000e+00 1.9711714600e-13 
3.0260000000e+00 1.9649187300e-13 
3.0250000000e+00 1.9595356070e-13 
3.0240000000e+00 1.9536686470e-13 
3.0230000000e+00 1.9478713720e-13 
3.0220000000e+00 1.9427668450e-13 
3.0210000000e+00 1.9370302050e-13 
3.0200000000e+00 1.9308828510e-13 
3.0190000000e+00 1.9256531620e-13 
3.0180000000e+00 1.9195469840e-13 
3.0170000000e+00 1.9145464590e-13 
3.0160000000e+00 1.9086567690e-13 
3.0150000000e+00 1.9032168710e-13 
3.0140000000e+00 1.8976273510e-13 
3.0130000000e+00 1.8922975880e-13 
3.0120000000e+00 1.8867409280e-13 
3.0110000000e+00 1.8812309850e-13 
3.0100000000e+00 1.8758533950e-13 
3.0090000000e+00 1.8700734560e-13 
3.0080000000e+00 1.8647329020e-13 
3.0070000000e+00 1.8595978090e-13 
3.0060000000e+00 1.8542274710e-13 
3.0050000000e+00 1.8489312380e-13 
3.0040000000e+00 1.8433832810e-13 
3.0030000000e+00 1.8381870020e-13 
3.0020000000e+00 1.8326746420e-13 
3.0010000000e+00 1.8277906450e-13 
3.0000000000e+00 1.8213180370e-13 
2.9500000000e+00 1.5758878960e-13 
2.9000000000e+00 1.3598158330e-13 
2.8500000000e+00 1.1724748710e-13 
2.8000000000e+00 1.0060490360e-13 
2.7500000000e+00 8.6034942430e-14 
2.7000000000e+00 7.3369251110e-14 
2.6500000000e+00 6.2381790260e-14 
2.6000000000e+00 5.3024653680e-14 
2.5500000000e+00 4.4783072550e-14 
2.5000000000e+00 3.7885863380e-14 
2.4500000000e+00 3.2014129040e-14 
2.4000000000e+00 2.6986773490e-14 
2.3500000000e+00 2.2750479530e-14 
2.3000000000e+00 1.9246589840e-14 
2.2500000000e+00 1.6253920560e-14 
2.2000000000e+00 1.3923062030e-14 
2.1500000000e+00 1.2072835080e-14 
2.1000000000e+00 1.0497195820e-14 
2.0500000000e+00 9.2480207390e-15 
2.0000000000e+00 8.2392316130e-15 
1.9500000000e+00 7.5193180930e-15 
1.9000000000e+00 6.8150412310e-15 
1.8500000000e+00 6.3043653460e-15 
1.8000000000e+00 5.7788287070e-15 
1.7500000000e+00 5.3181535270e-15 
1.7000000000e+00 4.8885591840e-15 
1.6500000000e+00 4.5429168770e-15 
1.6000000000e+00 4.2272184090e-15 
1.5500000000e+00 3.9674431870e-15 
1.5000000000e+00 3.6772591310e-15 
1.4500000000e+00 3.4370555950e-15 
1.4000000000e+00 3.2472170570e-15 
1.3500000000e+00 3.0389351000e-15 
1.3000000000e+00 2.8050479090e-15 
1.2500000000e+00 2.6928432810e-15 
1.2000000000e+00 2.4475904860e-15 
1.1500000000e+00 2.2883572130e-15 
1.1000000000e+00 2.1127023210e-15 
1.0500000000e+00 1.9918719070e-15 
1.0000000000e+00 1.8705287060e-15 
9.5000000000e-01 1.7193588970e-15 
9.0000000000e-01 1.5374255690e-15 
8.5000000000e-01 1.4675139330e-15 
8.0000000000e-01 1.3487669140e-15 
7.5000000000e-01 1.2395342150e-15 
7.0000000000e-01 1.1242540800e-15 
6.5000000000e-01 1.0008517880e-15 
6.0000000000e-01 8.6915450410e-16 
5.5000000000e-01 8.1001992840e-16 
5.0000000000e-01 6.7030609590e-16 
4.5000000000e-01 5.9812752360e-16 
4.0000000000e-01 5.5082691780e-16 
3.5000000000e-01 4.4151350980e-16 
3.0000000000e-01 3.8970917050e-16 
2.5000000000e-01 2.8458166410e-16 
2.0000000000e-01 2.8048217130e-16 
1.5000000000e-01 2.3908910410e-16 
1.0000000000e-01 1.4424577760e-16 
5.0000000000e-02 6.7002888050e-17 
2.9910447680e-13 1.2519261190e-17 
