EXPORTED XY-GRAPH DATA
4303 2 2
Drain Voltage
Drain Current
0.0000000000e+00 -1.0866352000e-17 
5.0000000000e-02 4.9196909240e-17 
1.0000000000e-01 1.5188033990e-16 
1.5000000000e-01 2.5597525640e-16 
2.0000000000e-01 3.2926445180e-16 
2.5000000000e-01 3.3196532140e-16 
3.0000000000e-01 4.2008947000e-16 
3.5000000000e-01 4.8503577150e-16 
4.0000000000e-01 6.0241233350e-16 
4.2500000000e-01 6.7524176900e-16 
4.5000000000e-01 6.9260863340e-16 
5.0000000000e-01 8.1895331950e-16 
5.5000000000e-01 9.3809340920e-16 
6.0000000000e-01 1.0712419390e-15 
6.5000000000e-01 1.2167868560e-15 
7.0000000000e-01 1.2633341590e-15 
7.5000000000e-01 1.4045180820e-15 
8.0000000000e-01 1.5837976430e-15 
8.5000000000e-01 1.6785352600e-15 
9.0000000000e-01 1.8063887540e-15 
9.5000000000e-01 2.0140763620e-15 
1.0000000000e+00 2.1666200650e-15 
1.0500000000e+00 2.3155765120e-15 
1.1000000000e+00 2.4601230040e-15 
1.1500000000e+00 2.6281116190e-15 
1.2000000000e+00 2.8741606090e-15 
1.2500000000e+00 3.0273682240e-15 
1.3000000000e+00 3.3267837490e-15 
1.3500000000e+00 3.5194046030e-15 
1.4000000000e+00 3.8100959950e-15 
1.4500000000e+00 4.1196795170e-15 
1.5000000000e+00 4.5143206240e-15 
1.5500000000e+00 4.8574921840e-15 
1.6000000000e+00 5.3648953430e-15 
1.6500000000e+00 5.8495610500e-15 
1.7000000000e+00 6.4551964330e-15 
1.7500000000e+00 7.2678771260e-15 
1.8000000000e+00 8.1259375460e-15 
1.8500000000e+00 9.2336302650e-15 
1.9000000000e+00 1.0457800320e-14 
1.9500000000e+00 1.2158150880e-14 
2.0000000000e+00 1.4168023290e-14 
2.0500000000e+00 1.6688538410e-14 
2.1000000000e+00 1.9677964420e-14 
2.1500000000e+00 2.3073279080e-14 
2.2000000000e+00 2.7018689810e-14 
2.2500000000e+00 3.1363388330e-14 
2.3000000000e+00 3.6148299540e-14 
2.3500000000e+00 4.1500655620e-14 
2.4000000000e+00 4.7471653400e-14 
2.4500000000e+00 5.4525683700e-14 
2.5000000000e+00 6.2863338700e-14 
2.5500000000e+00 7.2412006410e-14 
2.6000000000e+00 8.3577270600e-14 
2.6500000000e+00 9.6506002580e-14 
2.7000000000e+00 1.1135939200e-13 
2.7500000000e+00 1.2871436400e-13 
2.8000000000e+00 1.4889255300e-13 
2.8500000000e+00 1.7245665530e-13 
2.9000000000e+00 2.0026355480e-13 
2.9500000000e+00 2.3287125390e-13 
3.0000000000e+00 2.7203402530e-13 
3.0010000000e+00 2.7289108480e-13 
3.0020000000e+00 2.7379188590e-13 
3.0030000000e+00 2.7460317800e-13 
3.0040000000e+00 2.7543273570e-13 
3.0050000000e+00 2.7628431840e-13 
3.0060000000e+00 2.7718716710e-13 
3.0070000000e+00 2.7814002820e-13 
3.0080000000e+00 2.7899460730e-13 
3.0090000000e+00 2.7982476300e-13 
3.0100000000e+00 2.8078010380e-13 
3.0110000000e+00 2.8173824120e-13 
3.0120000000e+00 2.8264444380e-13 
3.0130000000e+00 2.8350081400e-13 
3.0140000000e+00 2.8441011300e-13 
3.0150000000e+00 2.8530007390e-13 
3.0160000000e+00 2.8631403880e-13 
3.0170000000e+00 2.8714992630e-13 
3.0180000000e+00 2.8815281340e-13 
3.0190000000e+00 2.8907165390e-13 
3.0200000000e+00 2.9000083520e-13 
3.0210000000e+00 2.9101593910e-13 
3.0220000000e+00 2.9188554360e-13 
3.0230000000e+00 2.9284272820e-13 
3.0240000000e+00 2.9376051530e-13 
3.0250000000e+00 2.9476798400e-13 
3.0260000000e+00 2.9563036920e-13 
3.0270000000e+00 2.9662713250e-13 
3.0280000000e+00 2.9760041870e-13 
3.0290000000e+00 2.9844534360e-13 
3.0300000000e+00 2.9952617400e-13 
3.0310000000e+00 3.0049663940e-13 
3.0320000000e+00 3.0155177600e-13 
3.0330000000e+00 3.0247065310e-13 
3.0340000000e+00 3.0340950060e-13 
3.0350000000e+00 3.0436033520e-13 
3.0360000000e+00 3.0535238570e-13 
3.0370000000e+00 3.0643912310e-13 
3.0380000000e+00 3.0738452890e-13 
3.0390000000e+00 3.0834107450e-13 
3.0400000000e+00 3.0943407890e-13 
3.0410000000e+00 3.1035483850e-13 
3.0420000000e+00 3.1140286590e-13 
3.0430000000e+00 3.1235467490e-13 
3.0440000000e+00 3.1344294110e-13 
3.0450000000e+00 3.1443060930e-13 
3.0460000000e+00 3.1551093810e-13 
3.0470000000e+00 3.1658108620e-13 
3.0480000000e+00 3.1759134300e-13 
3.0490000000e+00 3.1862274790e-13 
3.0500000000e+00 3.1966443960e-13 
3.0510000000e+00 3.2076863380e-13 
3.0520000000e+00 3.2172646470e-13 
3.0530000000e+00 3.2283076110e-13 
3.0540000000e+00 3.2392069630e-13 
3.0550000000e+00 3.2501341340e-13 
3.0560000000e+00 3.2606926190e-13 
3.0570000000e+00 3.2715920380e-13 
3.0580000000e+00 3.2822809800e-13 
3.0590000000e+00 3.2924087640e-13 
3.0600000000e+00 3.3037506930e-13 
3.0610000000e+00 3.3150951700e-13 
3.0620000000e+00 3.3263878840e-13 
3.0630000000e+00 3.3365218420e-13 
3.0640000000e+00 3.3484503990e-13 
3.0650000000e+00 3.3582928280e-13 
3.0660000000e+00 3.3702139020e-13 
3.0670000000e+00 3.3811520850e-13 
3.0680000000e+00 3.3927237420e-13 
3.0690000000e+00 3.4040013070e-13 
3.0700000000e+00 3.4150432570e-13 
3.0710000000e+00 3.4276249450e-13 
3.0720000000e+00 3.4383209700e-13 
3.0730000000e+00 3.4498215150e-13 
3.0740000000e+00 3.4613370640e-13 
3.0750000000e+00 3.4737323140e-13 
3.0760000000e+00 3.4849687330e-13 
3.0770000000e+00 3.4958943100e-13 
3.0780000000e+00 3.5077705870e-13 
3.0790000000e+00 3.5197829830e-13 
3.0800000000e+00 3.5314385710e-13 
3.0810000000e+00 3.5428417780e-13 
3.0820000000e+00 3.5555924970e-13 
3.0830000000e+00 3.5667123010e-13 
3.0840000000e+00 3.5790710080e-13 
3.0850000000e+00 3.5913193390e-13 
3.0860000000e+00 3.6026886650e-13 
3.0870000000e+00 3.6149042080e-13 
3.0880000000e+00 3.6275732970e-13 
3.0890000000e+00 3.6392965280e-13 
3.0900000000e+00 3.6525719250e-13 
3.0910000000e+00 3.6638116100e-13 
3.0920000000e+00 3.6767292220e-13 
3.0930000000e+00 3.6887594240e-13 
3.0940000000e+00 3.7013559140e-13 
3.0950000000e+00 3.7136748680e-13 
3.0960000000e+00 3.7260588220e-13 
3.0970000000e+00 3.7391093020e-13 
3.0980000000e+00 3.7517736190e-13 
3.0990000000e+00 3.7641603800e-13 
3.1000000000e+00 3.7764617330e-13 
3.1010000000e+00 3.7893669290e-13 
3.1020000000e+00 3.8025501320e-13 
3.1030000000e+00 3.8155058810e-13 
3.1040000000e+00 3.8285643690e-13 
3.1050000000e+00 3.8412535530e-13 
3.1060000000e+00 3.8544546460e-13 
3.1070000000e+00 3.8673154700e-13 
3.1080000000e+00 3.8800657700e-13 
3.1090000000e+00 3.8938668320e-13 
3.1100000000e+00 3.9075573590e-13 
3.1110000000e+00 3.9204230250e-13 
3.1120000000e+00 3.9341848760e-13 
3.1130000000e+00 3.9474560380e-13 
3.1140000000e+00 3.9602866330e-13 
3.1150000000e+00 3.9742306150e-13 
3.1160000000e+00 3.9874081870e-13 
3.1170000000e+00 4.0015153320e-13 
3.1180000000e+00 4.0147349130e-13 
3.1190000000e+00 4.0291924060e-13 
3.1200000000e+00 4.0421131130e-13 
3.1210000000e+00 4.0565940820e-13 
3.1220000000e+00 4.0703712010e-13 
3.1230000000e+00 4.0848856390e-13 
3.1240000000e+00 4.0986254500e-13 
3.1250000000e+00 4.1138002480e-13 
3.1260000000e+00 4.1278952090e-13 
3.1270000000e+00 4.1413368310e-13 
3.1280000000e+00 4.1562804830e-13 
3.1290000000e+00 4.1703492310e-13 
3.1300000000e+00 4.1850173780e-13 
3.1310000000e+00 4.1995455340e-13 
3.1320000000e+00 4.2148276360e-13 
3.1330000000e+00 4.2286413490e-13 
3.1340000000e+00 4.2437771100e-13 
3.1350000000e+00 4.2573107930e-13 
3.1360000000e+00 4.2729727300e-13 
3.1370000000e+00 4.2874962570e-13 
3.1380000000e+00 4.3025773560e-13 
3.1390000000e+00 4.3175894220e-13 
3.1400000000e+00 4.3332593010e-13 
3.1410000000e+00 4.3487473470e-13 
3.1420000000e+00 4.3627126360e-13 
3.1430000000e+00 4.3783215610e-13 
3.1440000000e+00 4.3941120580e-13 
3.1450000000e+00 4.4084591420e-13 
3.1460000000e+00 4.4239235000e-13 
3.1470000000e+00 4.4405384970e-13 
3.1480000000e+00 4.4559439650e-13 
3.1490000000e+00 4.4710338650e-13 
3.1500000000e+00 4.4871867000e-13 
3.1510000000e+00 4.5026563490e-13 
3.1520000000e+00 4.5191053740e-13 
3.1530000000e+00 4.5336138270e-13 
3.1540000000e+00 4.5499830530e-13 
3.1550000000e+00 4.5659447640e-13 
3.1560000000e+00 4.5827980980e-13 
3.1570000000e+00 4.5982204620e-13 
3.1580000000e+00 4.6149438080e-13 
3.1590000000e+00 4.6306539010e-13 
3.1600000000e+00 4.6462446760e-13 
3.1610000000e+00 4.6638590860e-13 
3.1620000000e+00 4.6795746280e-13 
3.1630000000e+00 4.6959979360e-13 
3.1640000000e+00 4.7122893640e-13 
3.1650000000e+00 4.7292843650e-13 
3.1660000000e+00 4.7465652010e-13 
3.1670000000e+00 4.7630666510e-13 
3.1680000000e+00 4.7801881050e-13 
3.1690000000e+00 4.7970815610e-13 
3.1700000000e+00 4.8143067660e-13 
3.1710000000e+00 4.8307567300e-13 
3.1720000000e+00 4.8482903480e-13 
3.1730000000e+00 4.8650991130e-13 
3.1740000000e+00 4.8828830220e-13 
3.1750000000e+00 4.9001924190e-13 
3.1760000000e+00 4.9169938770e-13 
3.1770000000e+00 4.9347494470e-13 
3.1780000000e+00 4.9522811180e-13 
3.1790000000e+00 4.9702906710e-13 
3.1800000000e+00 4.9884898630e-13 
3.1810000000e+00 5.0050239360e-13 
3.1820000000e+00 5.0228253660e-13 
3.1830000000e+00 5.0406580940e-13 
3.1840000000e+00 5.0586726320e-13 
3.1850000000e+00 5.0766971300e-13 
3.1860000000e+00 5.0948694300e-13 
3.1870000000e+00 5.1130934470e-13 
3.1880000000e+00 5.1315279090e-13 
3.1890000000e+00 5.1504944610e-13 
3.1900000000e+00 5.1680924180e-13 
3.1910000000e+00 5.1869409450e-13 
3.1920000000e+00 5.2054067050e-13 
3.1930000000e+00 5.2244964200e-13 
3.1940000000e+00 5.2422425370e-13 
3.1950000000e+00 5.2611597630e-13 
3.1960000000e+00 5.2794936730e-13 
3.1970000000e+00 5.2988984720e-13 
3.1980000000e+00 5.3177282910e-13 
3.1990000000e+00 5.3374911310e-13 
3.2000000000e+00 5.3576731730e-13 
3.2010000000e+00 5.3756301720e-13 
3.2020000000e+00 5.3944783900e-13 
3.2030000000e+00 5.4146230180e-13 
3.2040000000e+00 5.4337419450e-13 
3.2050000000e+00 5.4533139010e-13 
3.2060000000e+00 5.4729248730e-13 
3.2070000000e+00 5.4929340290e-13 
3.2080000000e+00 5.5120004830e-13 
3.2090000000e+00 5.5320603810e-13 
3.2100000000e+00 5.5521425230e-13 
3.2110000000e+00 5.5717079910e-13 
3.2120000000e+00 5.5922961840e-13 
3.2130000000e+00 5.6125724080e-13 
3.2140000000e+00 5.6320980350e-13 
3.2150000000e+00 5.6528635440e-13 
3.2160000000e+00 5.6731144090e-13 
3.2170000000e+00 5.6944672250e-13 
3.2180000000e+00 5.7147811670e-13 
3.2190000000e+00 5.7352008070e-13 
3.2200000000e+00 5.7555381570e-13 
3.2210000000e+00 5.7767539870e-13 
3.2220000000e+00 5.7976535760e-13 
3.2230000000e+00 5.8190661120e-13 
3.2240000000e+00 5.8398365570e-13 
3.2250000000e+00 5.8618530440e-13 
3.2260000000e+00 5.8827157010e-13 
3.2270000000e+00 5.9036046050e-13 
3.2280000000e+00 5.9254345830e-13 
3.2290000000e+00 5.9466709360e-13 
3.2300000000e+00 5.9685893380e-13 
3.2310000000e+00 5.9902102000e-13 
3.2320000000e+00 6.0121016250e-13 
3.2330000000e+00 6.0340798020e-13 
3.2340000000e+00 6.0563535840e-13 
3.2350000000e+00 6.0782462360e-13 
3.2360000000e+00 6.0999937650e-13 
3.2370000000e+00 6.1232754400e-13 
3.2380000000e+00 6.1451378940e-13 
3.2390000000e+00 6.1680101530e-13 
3.2400000000e+00 6.1900771770e-13 
3.2410000000e+00 6.2132522150e-13 
3.2420000000e+00 6.2347719640e-13 
3.2430000000e+00 6.2576921160e-13 
3.2440000000e+00 6.2812064390e-13 
3.2450000000e+00 6.3044021800e-13 
3.2460000000e+00 6.3269785620e-13 
3.2470000000e+00 6.3503600370e-13 
3.2480000000e+00 6.3750060960e-13 
3.2490000000e+00 6.3972093670e-13 
3.2500000000e+00 6.4210740430e-13 
3.2510000000e+00 6.4446305130e-13 
3.2520000000e+00 6.4685784660e-13 
3.2530000000e+00 6.4917607750e-13 
3.2540000000e+00 6.5151611510e-13 
3.2550000000e+00 6.5399199310e-13 
3.2560000000e+00 6.5635497340e-13 
3.2570000000e+00 6.5878366610e-13 
3.2580000000e+00 6.6123772870e-13 
3.2590000000e+00 6.6366140340e-13 
3.2600000000e+00 6.6607304310e-13 
3.2610000000e+00 6.6865874600e-13 
3.2620000000e+00 6.7098010180e-13 
3.2630000000e+00 6.7351895830e-13 
3.2640000000e+00 6.7606080230e-13 
3.2650000000e+00 6.7855196460e-13 
3.2660000000e+00 6.8099327960e-13 
3.2670000000e+00 6.8352531260e-13 
3.2680000000e+00 6.8598498780e-13 
3.2690000000e+00 6.8868325660e-13 
3.2700000000e+00 6.9120154950e-13 
3.2710000000e+00 6.9373076810e-13 
3.2720000000e+00 6.9631226670e-13 
3.2730000000e+00 6.9889675170e-13 
3.2740000000e+00 7.0143160840e-13 
3.2750000000e+00 7.0413617780e-13 
3.2760000000e+00 7.0666327070e-13 
3.2770000000e+00 7.0927542970e-13 
3.2780000000e+00 7.1193610210e-13 
3.2790000000e+00 7.1456508230e-13 
3.2800000000e+00 7.1721207900e-13 
3.2810000000e+00 7.1992137040e-13 
3.2820000000e+00 7.2260376980e-13 
3.2830000000e+00 7.2525363630e-13 
3.2840000000e+00 7.2797164200e-13 
3.2850000000e+00 7.3070368540e-13 
3.2860000000e+00 7.3336996880e-13 
3.2870000000e+00 7.3615138130e-13 
3.2880000000e+00 7.3887163930e-13 
3.2890000000e+00 7.4157312560e-13 
3.2900000000e+00 7.4437575670e-13 
3.2910000000e+00 7.4718285190e-13 
3.2920000000e+00 7.4990518400e-13 
3.2930000000e+00 7.5278461770e-13 
3.2940000000e+00 7.5558033000e-13 
3.2950000000e+00 7.5839257480e-13 
3.2960000000e+00 7.6128818780e-13 
3.2970000000e+00 7.6413307590e-13 
3.2980000000e+00 7.6699386570e-13 
3.2990000000e+00 7.6983400460e-13 
3.3000000000e+00 7.7268732730e-13 
3.3010000000e+00 7.7557137710e-13 
3.3020000000e+00 7.7850390620e-13 
3.3030000000e+00 7.8142225370e-13 
3.3040000000e+00 7.8434374320e-13 
3.3050000000e+00 7.8730972950e-13 
3.3060000000e+00 7.9021767030e-13 
3.3070000000e+00 7.9320086920e-13 
3.3080000000e+00 7.9623755040e-13 
3.3090000000e+00 7.9918213310e-13 
3.3100000000e+00 8.0216828980e-13 
3.3110000000e+00 8.0520165850e-13 
3.3120000000e+00 8.0825799960e-13 
3.3130000000e+00 8.1124791760e-13 
3.3140000000e+00 8.1432618850e-13 
3.3150000000e+00 8.1740807590e-13 
3.3160000000e+00 8.2038634600e-13 
3.3170000000e+00 8.2354031430e-13 
3.3180000000e+00 8.2654811780e-13 
3.3190000000e+00 8.2965389940e-13 
3.3200000000e+00 8.3276452060e-13 
3.3210000000e+00 8.3588102590e-13 
3.3220000000e+00 8.3900988920e-13 
3.3230000000e+00 8.4210286150e-13 
3.3240000000e+00 8.4537047790e-13 
3.3250000000e+00 8.4844952000e-13 
3.3260000000e+00 8.5164158620e-13 
3.3270000000e+00 8.5482133870e-13 
3.3280000000e+00 8.5806649240e-13 
3.3290000000e+00 8.6130726600e-13 
3.3300000000e+00 8.6445051830e-13 
3.3310000000e+00 8.6771952850e-13 
3.3320000000e+00 8.7089456910e-13 
3.3330000000e+00 8.7428015980e-13 
3.3340000000e+00 8.7755983970e-13 
3.3350000000e+00 8.8087231960e-13 
3.3360000000e+00 8.8411672150e-13 
3.3370000000e+00 8.8744447150e-13 
3.3380000000e+00 8.9079645930e-13 
3.3390000000e+00 8.9413446100e-13 
3.3400000000e+00 8.9761491540e-13 
3.3410000000e+00 9.0093643720e-13 
3.3420000000e+00 9.0430833300e-13 
3.3430000000e+00 9.0773704140e-13 
3.3440000000e+00 9.1123383970e-13 
3.3450000000e+00 9.1458108860e-13 
3.3460000000e+00 9.1803945080e-13 
3.3470000000e+00 9.2146146560e-13 
3.3480000000e+00 9.2493193090e-13 
3.3490000000e+00 9.2843455300e-13 
3.3500000000e+00 9.3196536240e-13 
3.3510000000e+00 9.3546984390e-13 
3.3520000000e+00 9.3893253970e-13 
3.3530000000e+00 9.4252095830e-13 
3.3540000000e+00 9.4612314640e-13 
3.3550000000e+00 9.4980552160e-13 
3.3560000000e+00 9.5321969450e-13 
3.3570000000e+00 9.5689790420e-13 
3.3580000000e+00 9.6050299460e-13 
3.3590000000e+00 9.6417259980e-13 
3.3600000000e+00 9.6781481760e-13 
3.3610000000e+00 9.7150379340e-13 
3.3620000000e+00 9.7525289310e-13 
3.3630000000e+00 9.7889940990e-13 
3.3640000000e+00 9.8270887420e-13 
3.3650000000e+00 9.8635204640e-13 
3.3660000000e+00 9.9014284980e-13 
3.3670000000e+00 9.9376088290e-13 
3.3680000000e+00 9.9757019660e-13 
3.3690000000e+00 1.0014128870e-12 
3.3700000000e+00 1.0051072390e-12 
3.3710000000e+00 1.0089909870e-12 
3.3720000000e+00 1.0128713460e-12 
3.3730000000e+00 1.0167009020e-12 
3.3740000000e+00 1.0205477430e-12 
3.3750000000e+00 1.0245062750e-12 
3.3760000000e+00 1.0283118640e-12 
3.3770000000e+00 1.0322525330e-12 
3.3780000000e+00 1.0361814480e-12 
3.3790000000e+00 1.0401069620e-12 
3.3800000000e+00 1.0440865410e-12 
3.3810000000e+00 1.0480410180e-12 
3.3820000000e+00 1.0520194500e-12 
3.3830000000e+00 1.0560201630e-12 
3.3840000000e+00 1.0600828410e-12 
3.3850000000e+00 1.0641519220e-12 
3.3860000000e+00 1.0682361780e-12 
3.3870000000e+00 1.0723844820e-12 
3.3880000000e+00 1.0764468650e-12 
3.3890000000e+00 1.0805160630e-12 
3.3900000000e+00 1.0845747370e-12 
3.3910000000e+00 1.0888150430e-12 
3.3920000000e+00 1.0929282740e-12 
3.3930000000e+00 1.0971665310e-12 
3.3940000000e+00 1.1013518570e-12 
3.3950000000e+00 1.1055882650e-12 
3.3960000000e+00 1.1097675620e-12 
3.3970000000e+00 1.1140334460e-12 
3.3980000000e+00 1.1183587600e-12 
3.3990000000e+00 1.1226259130e-12 
3.4000000000e+00 1.1269656510e-12 
3.4010000000e+00 1.1311216950e-12 
3.4020000000e+00 1.1354971540e-12 
3.4030000000e+00 1.1399397640e-12 
3.4040000000e+00 1.1443173090e-12 
3.4050000000e+00 1.1487386310e-12 
3.4060000000e+00 1.1530195310e-12 
3.4070000000e+00 1.1575603550e-12 
3.4080000000e+00 1.1620768360e-12 
3.4090000000e+00 1.1664637020e-12 
3.4100000000e+00 1.1709999970e-12 
3.4110000000e+00 1.1754680800e-12 
3.4120000000e+00 1.1800298200e-12 
3.4130000000e+00 1.1844976540e-12 
3.4140000000e+00 1.1890156970e-12 
3.4150000000e+00 1.1936384610e-12 
3.4160000000e+00 1.1982519030e-12 
3.4170000000e+00 1.2029201430e-12 
3.4180000000e+00 1.2075531580e-12 
3.4190000000e+00 1.2122059060e-12 
3.4200000000e+00 1.2169042740e-12 
3.4210000000e+00 1.2216171190e-12 
3.4220000000e+00 1.2263358760e-12 
3.4230000000e+00 1.2310450870e-12 
3.4240000000e+00 1.2358289200e-12 
3.4250000000e+00 1.2405555830e-12 
3.4260000000e+00 1.2454746660e-12 
3.4270000000e+00 1.2501920370e-12 
3.4280000000e+00 1.2549457920e-12 
3.4290000000e+00 1.2598552010e-12 
3.4300000000e+00 1.2647788590e-12 
3.4310000000e+00 1.2696238190e-12 
3.4320000000e+00 1.2745642730e-12 
3.4330000000e+00 1.2795087350e-12 
3.4340000000e+00 1.2845000170e-12 
3.4350000000e+00 1.2894432940e-12 
3.4360000000e+00 1.2944022680e-12 
3.4370000000e+00 1.2994448190e-12 
3.4380000000e+00 1.3045717750e-12 
3.4390000000e+00 1.3096168820e-12 
3.4400000000e+00 1.3146854050e-12 
3.4410000000e+00 1.3197393300e-12 
3.4420000000e+00 1.3249292450e-12 
3.4430000000e+00 1.3300512960e-12 
3.4440000000e+00 1.3353469280e-12 
3.4450000000e+00 1.3404617270e-12 
3.4460000000e+00 1.3456507430e-12 
3.4470000000e+00 1.3508145460e-12 
3.4480000000e+00 1.3560882160e-12 
3.4490000000e+00 1.3613211580e-12 
3.4500000000e+00 1.3666616650e-12 
3.4510000000e+00 1.3719944400e-12 
3.4520000000e+00 1.3773785900e-12 
3.4530000000e+00 1.3825373650e-12 
3.4540000000e+00 1.3881004930e-12 
3.4550000000e+00 1.3935219980e-12 
3.4560000000e+00 1.3988338320e-12 
3.4570000000e+00 1.4043908560e-12 
3.4580000000e+00 1.4098246290e-12 
3.4590000000e+00 1.4153671970e-12 
3.4600000000e+00 1.4208105290e-12 
3.4610000000e+00 1.4263906400e-12 
3.4620000000e+00 1.4319550550e-12 
3.4630000000e+00 1.4374993860e-12 
3.4640000000e+00 1.4431589750e-12 
3.4650000000e+00 1.4487968050e-12 
3.4660000000e+00 1.4544955820e-12 
3.4670000000e+00 1.4602074760e-12 
3.4680000000e+00 1.4659498760e-12 
3.4690000000e+00 1.4716684160e-12 
3.4700000000e+00 1.4773486820e-12 
3.4710000000e+00 1.4831728020e-12 
3.4720000000e+00 1.4889308630e-12 
3.4730000000e+00 1.4948411280e-12 
3.4740000000e+00 1.5006508660e-12 
3.4750000000e+00 1.5065595420e-12 
3.4760000000e+00 1.5123866920e-12 
3.4770000000e+00 1.5182772670e-12 
3.4780000000e+00 1.5243812300e-12 
3.4790000000e+00 1.5303932170e-12 
3.4800000000e+00 1.5363280540e-12 
3.4810000000e+00 1.5423375840e-12 
3.4820000000e+00 1.5484295320e-12 
3.4830000000e+00 1.5545092800e-12 
3.4840000000e+00 1.5606213130e-12 
3.4850000000e+00 1.5667161270e-12 
3.4860000000e+00 1.5729516220e-12 
3.4870000000e+00 1.5791132900e-12 
3.4880000000e+00 1.5852055150e-12 
3.4890000000e+00 1.5914150220e-12 
3.4900000000e+00 1.5977408100e-12 
3.4910000000e+00 1.6040270130e-12 
3.4920000000e+00 1.6103446440e-12 
3.4930000000e+00 1.6167064390e-12 
3.4940000000e+00 1.6230532800e-12 
3.4950000000e+00 1.6294002020e-12 
3.4960000000e+00 1.6358929960e-12 
3.4970000000e+00 1.6423261370e-12 
3.4980000000e+00 1.6488178640e-12 
3.4990000000e+00 1.6551994430e-12 
3.5000000000e+00 1.6618743430e-12 
3.5010000000e+00 1.6684118780e-12 
3.5020000000e+00 1.6749931320e-12 
3.5030000000e+00 1.6816279200e-12 
3.5040000000e+00 1.6883243840e-12 
3.5050000000e+00 1.6949407010e-12 
3.5060000000e+00 1.7015787950e-12 
3.5070000000e+00 1.7082958910e-12 
3.5080000000e+00 1.7151143360e-12 
3.5090000000e+00 1.7218419700e-12 
3.5100000000e+00 1.7286897440e-12 
3.5110000000e+00 1.7354962020e-12 
3.5120000000e+00 1.7423104250e-12 
3.5130000000e+00 1.7492057210e-12 
3.5140000000e+00 1.7562508040e-12 
3.5150000000e+00 1.7631336200e-12 
3.5160000000e+00 1.7701793750e-12 
3.5170000000e+00 1.7771284460e-12 
3.5180000000e+00 1.7841986760e-12 
3.5190000000e+00 1.7912275650e-12 
3.5200000000e+00 1.7983335370e-12 
3.5210000000e+00 1.8055073980e-12 
3.5220000000e+00 1.8126244520e-12 
3.5230000000e+00 1.8198260980e-12 
3.5240000000e+00 1.8270791240e-12 
3.5250000000e+00 1.8343262970e-12 
3.5260000000e+00 1.8416079240e-12 
3.5270000000e+00 1.8488958030e-12 
3.5280000000e+00 1.8562617740e-12 
3.5290000000e+00 1.8636567580e-12 
3.5300000000e+00 1.8710711450e-12 
3.5310000000e+00 1.8784378860e-12 
3.5320000000e+00 1.8860248710e-12 
3.5330000000e+00 1.8935200670e-12 
3.5340000000e+00 1.9010814350e-12 
3.5350000000e+00 1.9086646930e-12 
3.5360000000e+00 1.9163201720e-12 
3.5370000000e+00 1.9239231780e-12 
3.5380000000e+00 1.9316687860e-12 
3.5390000000e+00 1.9394308390e-12 
3.5400000000e+00 1.9471759160e-12 
3.5410000000e+00 1.9548225540e-12 
3.5420000000e+00 1.9626917770e-12 
3.5430000000e+00 1.9705045370e-12 
3.5440000000e+00 1.9784431700e-12 
3.5450000000e+00 1.9863898740e-12 
3.5460000000e+00 1.9942404200e-12 
3.5470000000e+00 2.0023162330e-12 
3.5480000000e+00 2.0102806230e-12 
3.5490000000e+00 2.0183758870e-12 
3.5500000000e+00 2.0264345520e-12 
3.5510000000e+00 2.0346685650e-12 
3.5520000000e+00 2.0427491680e-12 
3.5530000000e+00 2.0509531130e-12 
3.5540000000e+00 2.0591024810e-12 
3.5550000000e+00 2.0674612260e-12 
3.5560000000e+00 2.0756888940e-12 
3.5570000000e+00 2.0840526210e-12 
3.5580000000e+00 2.0923658860e-12 
3.5590000000e+00 2.1007702950e-12 
3.5600000000e+00 2.1092543580e-12 
3.5610000000e+00 2.1177654370e-12 
3.5620000000e+00 2.1262158050e-12 
3.5630000000e+00 2.1347180360e-12 
3.5640000000e+00 2.1432919680e-12 
3.5650000000e+00 2.1519319600e-12 
3.5660000000e+00 2.1605985300e-12 
3.5670000000e+00 2.1693211270e-12 
3.5680000000e+00 2.1780617310e-12 
3.5690000000e+00 2.1868209650e-12 
3.5700000000e+00 2.1956309740e-12 
3.5710000000e+00 2.2043885910e-12 
3.5720000000e+00 2.2132807470e-12 
3.5730000000e+00 2.2221403450e-12 
3.5740000000e+00 2.2311818870e-12 
3.5750000000e+00 2.2401958770e-12 
3.5760000000e+00 2.2492063290e-12 
3.5770000000e+00 2.2582662930e-12 
3.5780000000e+00 2.2673985300e-12 
3.5790000000e+00 2.2765282630e-12 
3.5800000000e+00 2.2858374090e-12 
3.5810000000e+00 2.2949719380e-12 
3.5820000000e+00 2.3041568720e-12 
3.5830000000e+00 2.3136010810e-12 
3.5840000000e+00 2.3229790560e-12 
3.5850000000e+00 2.3323407120e-12 
3.5860000000e+00 2.3418282810e-12 
3.5870000000e+00 2.3514030970e-12 
3.5880000000e+00 2.3607700500e-12 
3.5890000000e+00 2.3704248470e-12 
3.5900000000e+00 2.3799770620e-12 
3.5910000000e+00 2.3897370420e-12 
3.5920000000e+00 2.3993346620e-12 
3.5930000000e+00 2.4090970030e-12 
3.5940000000e+00 2.4188327500e-12 
3.5950000000e+00 2.4286895660e-12 
3.5960000000e+00 2.4385600910e-12 
3.5970000000e+00 2.4483561780e-12 
3.5980000000e+00 2.4583911220e-12 
3.5990000000e+00 2.4682983590e-12 
3.6000000000e+00 2.4784212600e-12 
3.6010000000e+00 2.4883755080e-12 
3.6020000000e+00 2.4985936600e-12 
3.6030000000e+00 2.5086872200e-12 
3.6040000000e+00 2.5188581580e-12 
3.6050000000e+00 2.5291695460e-12 
3.6060000000e+00 2.5393742930e-12 
3.6070000000e+00 2.5497645960e-12 
3.6080000000e+00 2.5600998390e-12 
3.6090000000e+00 2.5706436040e-12 
3.6100000000e+00 2.5810584020e-12 
3.6110000000e+00 2.5914991910e-12 
3.6120000000e+00 2.6021516330e-12 
3.6130000000e+00 2.6127093590e-12 
3.6140000000e+00 2.6233312910e-12 
3.6150000000e+00 2.6339967030e-12 
3.6160000000e+00 2.6448073050e-12 
3.6170000000e+00 2.6555210250e-12 
3.6180000000e+00 2.6663072510e-12 
3.6190000000e+00 2.6772064980e-12 
3.6200000000e+00 2.6881055550e-12 
3.6210000000e+00 2.6990938130e-12 
3.6220000000e+00 2.7101934060e-12 
3.6230000000e+00 2.7211259210e-12 
3.6240000000e+00 2.7322174700e-12 
3.6250000000e+00 2.7434299710e-12 
3.6260000000e+00 2.7547477290e-12 
3.6270000000e+00 2.7658891900e-12 
3.6280000000e+00 2.7771634550e-12 
3.6290000000e+00 2.7884556400e-12 
3.6300000000e+00 2.7999391560e-12 
3.6310000000e+00 2.8112937740e-12 
3.6320000000e+00 2.8228129320e-12 
3.6330000000e+00 2.8344496340e-12 
3.6340000000e+00 2.8460820880e-12 
3.6350000000e+00 2.8576797990e-12 
3.6360000000e+00 2.8692974970e-12 
3.6370000000e+00 2.8810644650e-12 
3.6380000000e+00 2.8927971050e-12 
3.6390000000e+00 2.9046754550e-12 
3.6400000000e+00 2.9165250870e-12 
3.6410000000e+00 2.9284310090e-12 
3.6420000000e+00 2.9405576040e-12 
3.6430000000e+00 2.9524833780e-12 
3.6440000000e+00 2.9646285630e-12 
3.6450000000e+00 2.9768360640e-12 
3.6460000000e+00 2.9888857430e-12 
3.6470000000e+00 3.0012888910e-12 
3.6480000000e+00 3.0136411350e-12 
3.6490000000e+00 3.0259543750e-12 
3.6500000000e+00 3.0382787360e-12 
3.6510000000e+00 3.0508819920e-12 
3.6520000000e+00 3.0633855140e-12 
3.6530000000e+00 3.0758732130e-12 
3.6540000000e+00 3.0885706560e-12 
3.6550000000e+00 3.1011265250e-12 
3.6560000000e+00 3.1139468500e-12 
3.6570000000e+00 3.1267344080e-12 
3.6580000000e+00 3.1395891520e-12 
3.6590000000e+00 3.1525543830e-12 
3.6600000000e+00 3.1655390440e-12 
3.6610000000e+00 3.1785855280e-12 
3.6620000000e+00 3.1917683960e-12 
3.6630000000e+00 3.2048002420e-12 
3.6640000000e+00 3.2179887190e-12 
3.6650000000e+00 3.2312594650e-12 
3.6660000000e+00 3.2445886640e-12 
3.6670000000e+00 3.2579894680e-12 
3.6680000000e+00 3.2714549790e-12 
3.6690000000e+00 3.2849350620e-12 
3.6700000000e+00 3.2985080370e-12 
3.6710000000e+00 3.3121390720e-12 
3.6720000000e+00 3.3257951170e-12 
3.6730000000e+00 3.3396545250e-12 
3.6740000000e+00 3.3533563690e-12 
3.6750000000e+00 3.3671861630e-12 
3.6760000000e+00 3.3811574770e-12 
3.6770000000e+00 3.3951186680e-12 
3.6780000000e+00 3.4091263320e-12 
3.6790000000e+00 3.4232433500e-12 
3.6800000000e+00 3.4374095530e-12 
3.6810000000e+00 3.4515958930e-12 
3.6820000000e+00 3.4658838210e-12 
3.6830000000e+00 3.4801778790e-12 
3.6840000000e+00 3.4946202990e-12 
3.6850000000e+00 3.5090748930e-12 
3.6860000000e+00 3.5235297500e-12 
3.6870000000e+00 3.5381989500e-12 
3.6880000000e+00 3.5528709060e-12 
3.6890000000e+00 3.5675215920e-12 
3.6900000000e+00 3.5823421140e-12 
3.6910000000e+00 3.5972213490e-12 
3.6920000000e+00 3.6120827340e-12 
3.6930000000e+00 3.6270343830e-12 
3.6940000000e+00 3.6420628930e-12 
3.6950000000e+00 3.6572559830e-12 
3.6960000000e+00 3.6724425840e-12 
3.6970000000e+00 3.6876732360e-12 
3.6980000000e+00 3.7029544050e-12 
3.6990000000e+00 3.7183485990e-12 
3.7000000000e+00 3.7336936290e-12 
3.7010000000e+00 3.7492838120e-12 
3.7020000000e+00 3.7648501190e-12 
3.7030000000e+00 3.7805289350e-12 
3.7040000000e+00 3.7962895290e-12 
3.7050000000e+00 3.8120987550e-12 
3.7060000000e+00 3.8279392040e-12 
3.7070000000e+00 3.8439942570e-12 
3.7080000000e+00 3.8600207930e-12 
3.7090000000e+00 3.8762496000e-12 
3.7100000000e+00 3.8923239300e-12 
3.7110000000e+00 3.9085516440e-12 
3.7120000000e+00 3.9249851580e-12 
3.7130000000e+00 3.9413642200e-12 
3.7140000000e+00 3.9577433360e-12 
3.7150000000e+00 3.9743555920e-12 
3.7160000000e+00 3.9910230270e-12 
3.7170000000e+00 4.0076545700e-12 
3.7180000000e+00 4.0243487960e-12 
3.7190000000e+00 4.0412556640e-12 
3.7200000000e+00 4.0580812930e-12 
3.7210000000e+00 4.0751149530e-12 
3.7220000000e+00 4.0922066720e-12 
3.7230000000e+00 4.1092779080e-12 
3.7240000000e+00 4.1264573160e-12 
3.7250000000e+00 4.1437302660e-12 
3.7260000000e+00 4.1611199350e-12 
3.7270000000e+00 4.1786302840e-12 
3.7280000000e+00 4.1959841400e-12 
3.7290000000e+00 4.2136128300e-12 
3.7300000000e+00 4.2313071240e-12 
3.7310000000e+00 4.2490410330e-12 
3.7320000000e+00 4.2668613260e-12 
3.7330000000e+00 4.2847201660e-12 
3.7340000000e+00 4.3026396890e-12 
3.7350000000e+00 4.3207780640e-12 
3.7360000000e+00 4.3389232130e-12 
3.7370000000e+00 4.3571018620e-12 
3.7380000000e+00 4.3754088290e-12 
3.7390000000e+00 4.3937774760e-12 
3.7400000000e+00 4.4121599650e-12 
3.7410000000e+00 4.4306755510e-12 
3.7420000000e+00 4.4492405180e-12 
3.7430000000e+00 4.4680100010e-12 
3.7440000000e+00 4.4867980970e-12 
3.7450000000e+00 4.5056256820e-12 
3.7460000000e+00 4.5244991010e-12 
3.7470000000e+00 4.5435868560e-12 
3.7480000000e+00 4.5626929780e-12 
3.7490000000e+00 4.5818542190e-12 
3.7500000000e+00 4.6011319770e-12 
3.7510000000e+00 4.6204727730e-12 
3.7520000000e+00 4.6398757630e-12 
3.7530000000e+00 4.6594259470e-12 
3.7540000000e+00 4.6790686260e-12 
3.7550000000e+00 4.6987687140e-12 
3.7560000000e+00 4.7185711050e-12 
3.7570000000e+00 4.7383792610e-12 
3.7580000000e+00 4.7583757120e-12 
3.7590000000e+00 4.7785349660e-12 
3.7600000000e+00 4.7985677370e-12 
3.7610000000e+00 4.8186555170e-12 
3.7620000000e+00 4.8390481030e-12 
3.7630000000e+00 4.8594931740e-12 
3.7640000000e+00 4.8799155310e-12 
3.7650000000e+00 4.9004960410e-12 
3.7660000000e+00 4.9212773030e-12 
3.7670000000e+00 4.9419744160e-12 
3.7680000000e+00 4.9628935830e-12 
3.7690000000e+00 4.9838117320e-12 
3.7700000000e+00 5.0049176440e-12 
3.7710000000e+00 5.0260584220e-12 
3.7720000000e+00 5.0472698810e-12 
3.7730000000e+00 5.0685964870e-12 
3.7740000000e+00 5.0899604300e-12 
3.7750000000e+00 5.1115588720e-12 
3.7760000000e+00 5.1332192800e-12 
3.7770000000e+00 5.1549893060e-12 
3.7780000000e+00 5.1767471260e-12 
3.7790000000e+00 5.1986278740e-12 
3.7800000000e+00 5.2207491230e-12 
3.7810000000e+00 5.2427731310e-12 
3.7820000000e+00 5.2650192440e-12 
3.7830000000e+00 5.2873099140e-12 
3.7840000000e+00 5.3097813140e-12 
3.7850000000e+00 5.3322538070e-12 
3.7860000000e+00 5.3547900430e-12 
3.7870000000e+00 5.3775800800e-12 
3.7880000000e+00 5.4003607360e-12 
3.7890000000e+00 5.4233607090e-12 
3.7900000000e+00 5.4462854880e-12 
3.7910000000e+00 5.4694966080e-12 
3.7920000000e+00 5.4926433750e-12 
3.7930000000e+00 5.5159835170e-12 
3.7940000000e+00 5.5393257030e-12 
3.7950000000e+00 5.5629696440e-12 
3.7960000000e+00 5.5866341960e-12 
3.7970000000e+00 5.6103156050e-12 
3.7980000000e+00 5.6341981070e-12 
3.7990000000e+00 5.6581291740e-12 
3.8000000000e+00 5.6822094690e-12 
3.8010000000e+00 5.7063332950e-12 
3.8020000000e+00 5.7306641820e-12 
3.8030000000e+00 5.7549917920e-12 
3.8040000000e+00 5.7795567270e-12 
3.8050000000e+00 5.8041179440e-12 
3.8060000000e+00 5.8287842520e-12 
3.8070000000e+00 5.8536638320e-12 
3.8080000000e+00 5.8786355280e-12 
3.8090000000e+00 5.9036393870e-12 
3.8100000000e+00 5.9288117860e-12 
3.8110000000e+00 5.9539603470e-12 
3.8120000000e+00 5.9794543340e-12 
3.8130000000e+00 6.0050510320e-12 
3.8140000000e+00 6.0306190540e-12 
3.8150000000e+00 6.0563434530e-12 
3.8160000000e+00 6.0821209760e-12 
3.8170000000e+00 6.1082077330e-12 
3.8180000000e+00 6.1341786680e-12 
3.8190000000e+00 6.1604128590e-12 
3.8200000000e+00 6.1868428300e-12 
3.8210000000e+00 6.2131849900e-12 
3.8220000000e+00 6.2396322610e-12 
3.8230000000e+00 6.2663824220e-12 
3.8240000000e+00 6.2930116740e-12 
3.8250000000e+00 6.3200315150e-12 
3.8260000000e+00 6.3469828470e-12 
3.8270000000e+00 6.3743370670e-12 
3.8280000000e+00 6.4015631350e-12 
3.8290000000e+00 6.4289794260e-12 
3.8300000000e+00 6.4565092810e-12 
3.8310000000e+00 6.4842604620e-12 
3.8320000000e+00 6.5119242540e-12 
3.8330000000e+00 6.5399054240e-12 
3.8340000000e+00 6.5678843960e-12 
3.8350000000e+00 6.5960591470e-12 
3.8360000000e+00 6.6244225550e-12 
3.8370000000e+00 6.6528645530e-12 
3.8380000000e+00 6.6816071530e-12 
3.8390000000e+00 6.7101079180e-12 
3.8400000000e+00 6.7389857030e-12 
3.8410000000e+00 6.7679622860e-12 
3.8420000000e+00 6.7969881510e-12 
3.8430000000e+00 6.8262493850e-12 
3.8440000000e+00 6.8556020550e-12 
3.8450000000e+00 6.8850607780e-12 
3.8460000000e+00 6.9146579130e-12 
3.8470000000e+00 6.9445304630e-12 
3.8480000000e+00 6.9742694560e-12 
3.8490000000e+00 7.0044266990e-12 
3.8500000000e+00 7.0345520730e-12 
3.8510000000e+00 7.0647238900e-12 
3.8520000000e+00 7.0952236840e-12 
3.8530000000e+00 7.1258576150e-12 
3.8540000000e+00 7.1565960100e-12 
3.8550000000e+00 7.1874277760e-12 
3.8560000000e+00 7.2184840670e-12 
3.8570000000e+00 7.2495167750e-12 
3.8580000000e+00 7.2808790440e-12 
3.8590000000e+00 7.3122400130e-12 
3.8600000000e+00 7.3437682220e-12 
3.8610000000e+00 7.3755252730e-12 
3.8620000000e+00 7.4074159080e-12 
3.8630000000e+00 7.4393062290e-12 
3.8640000000e+00 7.4715345830e-12 
3.8650000000e+00 7.5037241620e-12 
3.8660000000e+00 7.5362108040e-12 
3.8670000000e+00 7.5688560170e-12 
3.8680000000e+00 7.6016073290e-12 
3.8690000000e+00 7.6344595290e-12 
3.8700000000e+00 7.6674545880e-12 
3.8710000000e+00 7.7006987610e-12 
3.8720000000e+00 7.7339695450e-12 
3.8730000000e+00 7.7674977720e-12 
3.8740000000e+00 7.8012586580e-12 
3.8750000000e+00 7.8350795860e-12 
3.8760000000e+00 7.8690796100e-12 
3.8770000000e+00 7.9032267610e-12 
3.8780000000e+00 7.9373846320e-12 
3.8790000000e+00 7.9719205990e-12 
3.8800000000e+00 8.0065258990e-12 
3.8810000000e+00 8.0413194020e-12 
3.8820000000e+00 8.0762019210e-12 
3.8830000000e+00 8.1112699410e-12 
3.8840000000e+00 8.1466566550e-12 
3.8850000000e+00 8.1819572630e-12 
3.8860000000e+00 8.2175575220e-12 
3.8870000000e+00 8.2533283380e-12 
3.8880000000e+00 8.2892137160e-12 
3.8890000000e+00 8.3253109700e-12 
3.8900000000e+00 8.3614903770e-12 
3.8910000000e+00 8.3979985890e-12 
3.8920000000e+00 8.4346467760e-12 
3.8930000000e+00 8.4712687380e-12 
3.8940000000e+00 8.5082241110e-12 
3.8950000000e+00 8.5454041720e-12 
3.8960000000e+00 8.5826000640e-12 
3.8970000000e+00 8.6202178020e-12 
3.8980000000e+00 8.6578177070e-12 
3.8990000000e+00 8.6955601680e-12 
3.9000000000e+00 8.7335807150e-12 
3.9010000000e+00 8.7718810010e-12 
3.9020000000e+00 8.8101974250e-12 
3.9030000000e+00 8.8485696500e-12 
3.9040000000e+00 8.8874153890e-12 
3.9050000000e+00 8.9262905750e-12 
3.9060000000e+00 8.9654420680e-12 
3.9070000000e+00 9.0046348750e-12 
3.9080000000e+00 9.0440958050e-12 
3.9090000000e+00 9.0836458390e-12 
3.9100000000e+00 9.1234510070e-12 
3.9110000000e+00 9.1635365620e-12 
3.9120000000e+00 9.2036219710e-12 
3.9130000000e+00 9.2441530970e-12 
3.9140000000e+00 9.2846662880e-12 
3.9150000000e+00 9.3253755640e-12 
3.9160000000e+00 9.3663597070e-12 
3.9170000000e+00 9.4075241180e-12 
3.9180000000e+00 9.4488672600e-12 
3.9190000000e+00 9.4902729830e-12 
3.9200000000e+00 9.5320297090e-12 
3.9210000000e+00 9.5739699090e-12 
3.9220000000e+00 9.6160582610e-12 
3.9230000000e+00 9.6583035180e-12 
3.9240000000e+00 9.7009247570e-12 
3.9250000000e+00 9.7435516400e-12 
3.9260000000e+00 9.7864711250e-12 
3.9270000000e+00 9.8296727470e-12 
3.9280000000e+00 9.8729720570e-12 
3.9290000000e+00 9.9164183260e-12 
3.9300000000e+00 9.9602212310e-12 
3.9310000000e+00 1.0004148280e-11 
3.9320000000e+00 1.0048253740e-11 
3.9330000000e+00 1.0092622830e-11 
3.9340000000e+00 1.0137170120e-11 
3.9350000000e+00 1.0181973480e-11 
3.9360000000e+00 1.0226952480e-11 
3.9370000000e+00 1.0272103740e-11 
3.9380000000e+00 1.0317596830e-11 
3.9390000000e+00 1.0363214290e-11 
3.9400000000e+00 1.0408972810e-11 
3.9410000000e+00 1.0455078310e-11 
3.9420000000e+00 1.0501318770e-11 
3.9430000000e+00 1.0547770600e-11 
3.9440000000e+00 1.0594552420e-11 
3.9450000000e+00 1.0641601970e-11 
3.9460000000e+00 1.0688683770e-11 
3.9470000000e+00 1.0736090250e-11 
3.9480000000e+00 1.0783753510e-11 
3.9490000000e+00 1.0831629680e-11 
3.9500000000e+00 1.0879747930e-11 
3.9510000000e+00 1.0928046610e-11 
3.9520000000e+00 1.0976616800e-11 
3.9530000000e+00 1.1025399990e-11 
3.9540000000e+00 1.1074395320e-11 
3.9550000000e+00 1.1123612750e-11 
3.9560000000e+00 1.1173107410e-11 
3.9570000000e+00 1.1222949260e-11 
3.9580000000e+00 1.1272749120e-11 
3.9590000000e+00 1.1323007390e-11 
3.9600000000e+00 1.1373541730e-11 
3.9610000000e+00 1.1424199040e-11 
3.9620000000e+00 1.1475109410e-11 
3.9630000000e+00 1.1526312720e-11 
3.9640000000e+00 1.1577734370e-11 
3.9650000000e+00 1.1629453700e-11 
3.9660000000e+00 1.1681344150e-11 
3.9670000000e+00 1.1733620420e-11 
3.9680000000e+00 1.1786095690e-11 
3.9690000000e+00 1.1838696260e-11 
3.9700000000e+00 1.1891717940e-11 
3.9710000000e+00 1.1944945230e-11 
3.9720000000e+00 1.1998559810e-11 
3.9730000000e+00 1.2052319160e-11 
3.9740000000e+00 1.2106284660e-11 
3.9750000000e+00 1.2160555900e-11 
3.9760000000e+00 1.2215060800e-11 
3.9770000000e+00 1.2269946980e-11 
3.9780000000e+00 1.2325112130e-11 
3.9790000000e+00 1.2380382390e-11 
3.9800000000e+00 1.2436175250e-11 
3.9810000000e+00 1.2491955780e-11 
3.9820000000e+00 1.2548118700e-11 
3.9830000000e+00 1.2604576890e-11 
3.9840000000e+00 1.2661416150e-11 
3.9850000000e+00 1.2718420280e-11 
3.9860000000e+00 1.2775651070e-11 
3.9870000000e+00 1.2833208110e-11 
3.9880000000e+00 1.2891187460e-11 
3.9890000000e+00 1.2949365380e-11 
3.9900000000e+00 1.3007719290e-11 
3.9910000000e+00 1.3066242320e-11 
3.9920000000e+00 1.3124675550e-11 
3.9930000000e+00 1.3183584400e-11 
3.9940000000e+00 1.3242691490e-11 
3.9950000000e+00 1.3302041690e-11 
3.9960000000e+00 1.3361866440e-11 
3.9970000000e+00 1.3421765050e-11 
3.9980000000e+00 1.3482173810e-11 
3.9990000000e+00 1.3542603730e-11 
4.0000000000e+00 1.3603445370e-11 
4.0010000000e+00 1.3664640620e-11 
4.0020000000e+00 1.3726081060e-11 
4.0030000000e+00 1.3788001200e-11 
4.0040000000e+00 1.3849940470e-11 
4.0050000000e+00 1.3912442720e-11 
4.0060000000e+00 1.3975026680e-11 
4.0070000000e+00 1.4038055760e-11 
4.0080000000e+00 1.4101371060e-11 
4.0090000000e+00 1.4165082040e-11 
4.0100000000e+00 1.4229027090e-11 
4.0110000000e+00 1.4293237700e-11 
4.0120000000e+00 1.4357855650e-11 
4.0130000000e+00 1.4422712560e-11 
4.0140000000e+00 1.4488038370e-11 
4.0150000000e+00 1.4553546680e-11 
4.0160000000e+00 1.4619559530e-11 
4.0170000000e+00 1.4685726400e-11 
4.0180000000e+00 1.4752206630e-11 
4.0190000000e+00 1.4819098350e-11 
4.0200000000e+00 1.4886326320e-11 
4.0210000000e+00 1.4953823470e-11 
4.0220000000e+00 1.5021741400e-11 
4.0230000000e+00 1.5089864090e-11 
4.0240000000e+00 1.5158571900e-11 
4.0250000000e+00 1.5227362790e-11 
4.0260000000e+00 1.5296718220e-11 
4.0270000000e+00 1.5366410470e-11 
4.0280000000e+00 1.5436395450e-11 
4.0290000000e+00 1.5506745030e-11 
4.0300000000e+00 1.5577375600e-11 
4.0310000000e+00 1.5648414270e-11 
4.0320000000e+00 1.5719909060e-11 
4.0330000000e+00 1.5791665880e-11 
4.0340000000e+00 1.5863691800e-11 
4.0350000000e+00 1.5936241800e-11 
4.0360000000e+00 1.6009015910e-11 
4.0370000000e+00 1.6082235700e-11 
4.0380000000e+00 1.6155859970e-11 
4.0390000000e+00 1.6229760030e-11 
4.0400000000e+00 1.6304176270e-11 
4.0410000000e+00 1.6378931960e-11 
4.0420000000e+00 1.6454046650e-11 
4.0430000000e+00 1.6529533450e-11 
4.0440000000e+00 1.6605447240e-11 
4.0450000000e+00 1.6681579130e-11 
4.0460000000e+00 1.6758326750e-11 
4.0470000000e+00 1.6835275450e-11 
4.0480000000e+00 1.6912771490e-11 
4.0490000000e+00 1.6990664640e-11 
4.0500000000e+00 1.7068793010e-11 
4.0510000000e+00 1.7147498230e-11 
4.0520000000e+00 1.7226505790e-11 
4.0530000000e+00 1.7305993800e-11 
4.0540000000e+00 1.7385747530e-11 
4.0550000000e+00 1.7466181530e-11 
4.0560000000e+00 1.7546763150e-11 
4.0570000000e+00 1.7627934510e-11 
4.0580000000e+00 1.7709509660e-11 
4.0590000000e+00 1.7791444720e-11 
4.0600000000e+00 1.7873846180e-11 
4.0610000000e+00 1.7956617040e-11 
4.0620000000e+00 1.8039848930e-11 
4.0630000000e+00 1.8123521770e-11 
4.0640000000e+00 1.8207676430e-11 
4.0650000000e+00 1.8292174180e-11 
4.0660000000e+00 1.8377157000e-11 
4.0670000000e+00 1.8462698350e-11 
4.0680000000e+00 1.8548632970e-11 
4.0690000000e+00 1.8634802280e-11 
4.0700000000e+00 1.8721732350e-11 
4.0710000000e+00 1.8809003530e-11 
4.0720000000e+00 1.8896768020e-11 
4.0730000000e+00 1.8984933040e-11 
4.0740000000e+00 1.9073558050e-11 
4.0750000000e+00 1.9162692500e-11 
4.0760000000e+00 1.9252269910e-11 
4.0770000000e+00 1.9342430390e-11 
4.0780000000e+00 1.9432973980e-11 
4.0790000000e+00 1.9523885380e-11 
4.0800000000e+00 1.9615439620e-11 
4.0810000000e+00 1.9707446360e-11 
4.0820000000e+00 1.9799984900e-11 
4.0830000000e+00 1.9892926530e-11 
4.0840000000e+00 1.9986502620e-11 
4.0850000000e+00 2.0080428820e-11 
4.0860000000e+00 2.0174933390e-11 
4.0870000000e+00 2.0269967580e-11 
4.0880000000e+00 2.0365543660e-11 
4.0890000000e+00 2.0461560280e-11 
4.0900000000e+00 2.0558064440e-11 
4.0910000000e+00 2.0655183610e-11 
4.0920000000e+00 2.0752743120e-11 
4.0930000000e+00 2.0850866970e-11 
4.0940000000e+00 2.0949424770e-11 
4.0950000000e+00 2.1048781750e-11 
4.0960000000e+00 2.1148536620e-11 
4.0970000000e+00 2.1248735900e-11 
4.0980000000e+00 2.1349610300e-11 
4.0990000000e+00 2.1451018780e-11 
4.1000000000e+00 2.1552917000e-11 
4.1010000000e+00 2.1655577290e-11 
4.1020000000e+00 2.1758672000e-11 
4.1030000000e+00 2.1862327430e-11 
4.1040000000e+00 2.1966385010e-11 
4.1050000000e+00 2.2071268030e-11 
4.1060000000e+00 2.2176737490e-11 
4.1070000000e+00 2.2282595930e-11 
4.1080000000e+00 2.2389041360e-11 
4.1090000000e+00 2.2496214480e-11 
4.1100000000e+00 2.2603975350e-11 
4.1110000000e+00 2.2712263380e-11 
4.1120000000e+00 2.2821258970e-11 
4.1130000000e+00 2.2930746180e-11 
4.1140000000e+00 2.3040960860e-11 
4.1150000000e+00 2.3151688800e-11 
4.1160000000e+00 2.3263097030e-11 
4.1170000000e+00 2.3375124480e-11 
4.1180000000e+00 2.3487887640e-11 
4.1190000000e+00 2.3601091270e-11 
4.1200000000e+00 2.3715021460e-11 
4.1210000000e+00 2.3829602090e-11 
4.1220000000e+00 2.3944886760e-11 
4.1230000000e+00 2.4060714140e-11 
4.1240000000e+00 2.4177213030e-11 
4.1250000000e+00 2.4294466480e-11 
4.1260000000e+00 2.4412471880e-11 
4.1270000000e+00 2.4530883250e-11 
4.1280000000e+00 2.4650148740e-11 
4.1290000000e+00 2.4770115160e-11 
4.1300000000e+00 2.4890574190e-11 
4.1310000000e+00 2.5011993880e-11 
4.1320000000e+00 2.5133961930e-11 
4.1330000000e+00 2.5256851130e-11 
4.1340000000e+00 2.5380239450e-11 
4.1350000000e+00 2.5504340470e-11 
4.1360000000e+00 2.5629297800e-11 
4.1370000000e+00 2.5754902690e-11 
4.1380000000e+00 2.5881285370e-11 
4.1390000000e+00 2.6008397500e-11 
4.1400000000e+00 2.6136194910e-11 
4.1410000000e+00 2.6264746210e-11 
4.1420000000e+00 2.6394143400e-11 
4.1430000000e+00 2.6524264640e-11 
4.1440000000e+00 2.6655052370e-11 
4.1450000000e+00 2.6786784080e-11 
4.1460000000e+00 2.6919069080e-11 
4.1470000000e+00 2.7052418160e-11 
4.1480000000e+00 2.7186267270e-11 
4.1490000000e+00 2.7321060570e-11 
4.1500000000e+00 2.7456644210e-11 
4.1510000000e+00 2.7593122110e-11 
4.1520000000e+00 2.7730210090e-11 
4.1530000000e+00 2.7868370480e-11 
4.1540000000e+00 2.8006773430e-11 
4.1550000000e+00 2.8146372800e-11 
4.1560000000e+00 2.8287061990e-11 
4.1570000000e+00 2.8428305490e-11 
4.1580000000e+00 2.8570661560e-11 
4.1590000000e+00 2.8713790620e-11 
4.1600000000e+00 2.8857857390e-11 
4.1610000000e+00 2.9002691420e-11 
4.1620000000e+00 2.9148482120e-11 
4.1630000000e+00 2.9295038920e-11 
4.1640000000e+00 2.9442487150e-11 
4.1650000000e+00 2.9591026890e-11 
4.1660000000e+00 2.9740394250e-11 
4.1670000000e+00 2.9890575620e-11 
4.1680000000e+00 3.0041816280e-11 
4.1690000000e+00 3.0194065050e-11 
4.1700000000e+00 3.0346948890e-11 
4.1710000000e+00 3.0501225060e-11 
4.1720000000e+00 3.0656143270e-11 
4.1730000000e+00 3.0812138480e-11 
4.1740000000e+00 3.0968904370e-11 
4.1750000000e+00 3.1126871890e-11 
4.1760000000e+00 3.1285737000e-11 
4.1770000000e+00 3.1445630110e-11 
4.1780000000e+00 3.1606533930e-11 
4.1790000000e+00 3.1768509310e-11 
4.1800000000e+00 3.1931341600e-11 
4.1810000000e+00 3.2095523370e-11 
4.1820000000e+00 3.2260401120e-11 
4.1830000000e+00 3.2426492500e-11 
4.1840000000e+00 3.2593567160e-11 
4.1850000000e+00 3.2761752550e-11 
4.1860000000e+00 3.2930975210e-11 
4.1870000000e+00 3.3101431780e-11 
4.1880000000e+00 3.3272839480e-11 
4.1890000000e+00 3.3445407020e-11 
4.1900000000e+00 3.3619101000e-11 
4.1910000000e+00 3.3793971410e-11 
4.1920000000e+00 3.3969925540e-11 
4.1930000000e+00 3.4146964440e-11 
4.1940000000e+00 3.4325242320e-11 
4.1950000000e+00 3.4504696950e-11 
4.1960000000e+00 3.4685039370e-11 
4.1970000000e+00 3.4867030650e-11 
4.1980000000e+00 3.5049942050e-11 
4.1990000000e+00 3.5234186270e-11 
4.2000000000e+00 3.5419752320e-11 
4.2010000000e+00 3.5606402530e-11 
4.2020000000e+00 3.5794268930e-11 
4.2030000000e+00 3.5983481550e-11 
4.2040000000e+00 3.6173929230e-11 
4.2050000000e+00 3.6365572860e-11 
4.2060000000e+00 3.6558617580e-11 
4.2070000000e+00 3.6752801700e-11 
4.2080000000e+00 3.6948498610e-11 
4.2090000000e+00 3.7145475460e-11 
4.2100000000e+00 3.7343819780e-11 
4.2110000000e+00 3.7543367210e-11 
4.2120000000e+00 3.7744525020e-11 
4.2130000000e+00 3.7946912220e-11 
4.2140000000e+00 3.8150622610e-11 
4.2150000000e+00 3.8355785860e-11 
4.2160000000e+00 3.8562384410e-11 
4.2170000000e+00 3.8770570940e-11 
4.2180000000e+00 3.8979923080e-11 
4.2190000000e+00 3.9190964240e-11 
4.2200000000e+00 3.9403457690e-11 
4.2210000000e+00 3.9617311910e-11 
4.2220000000e+00 3.9832620500e-11 
4.2230000000e+00 4.0049604400e-11 
4.2240000000e+00 4.0268214450e-11 
4.2250000000e+00 4.0488252820e-11 
4.2260000000e+00 4.0709805320e-11 
4.2270000000e+00 4.0933313170e-11 
4.2280000000e+00 4.1158151190e-11 
4.2290000000e+00 4.1384434870e-11 
4.2300000000e+00 4.1612512770e-11 
4.2310000000e+00 4.1842228590e-11 
4.2320000000e+00 4.2073400470e-11 
4.2330000000e+00 4.2306630090e-11 
4.2340000000e+00 4.2541177420e-11 
4.2350000000e+00 4.2777650920e-11 
4.2360000000e+00 4.3015679590e-11 
4.2370000000e+00 4.3255594250e-11 
4.2380000000e+00 4.3497439680e-11 
4.2390000000e+00 4.3740874890e-11 
4.2400000000e+00 4.3986201920e-11 
4.2410000000e+00 4.4233242650e-11 
4.2420000000e+00 4.4482286060e-11 
4.2430000000e+00 4.4733120020e-11 
4.2440000000e+00 4.4985687610e-11 
4.2450000000e+00 4.5240325000e-11 
4.2460000000e+00 4.5496840330e-11 
4.2470000000e+00 4.5755434990e-11 
4.2480000000e+00 4.6015822290e-11 
4.2490000000e+00 4.6278186710e-11 
4.2500000000e+00 4.6542814270e-11 
4.2510000000e+00 4.6809357020e-11 
4.2520000000e+00 4.7077743300e-11 
4.2530000000e+00 4.7348353290e-11 
4.2540000000e+00 4.7621304300e-11 
4.2550000000e+00 4.7896078790e-11 
4.2560000000e+00 4.8173102850e-11 
4.2570000000e+00 4.8452264170e-11 
4.2580000000e+00 4.8733664860e-11 
4.2590000000e+00 4.9017260490e-11 
4.2600000000e+00 4.9303114990e-11 
4.2610000000e+00 4.9591246090e-11 
4.2620000000e+00 4.9881517800e-11 
4.2630000000e+00 5.0174346020e-11 
4.2640000000e+00 5.0469587620e-11 
4.2650000000e+00 5.0767087090e-11 
4.2660000000e+00 5.1066964530e-11 
4.2670000000e+00 5.1369327530e-11 
4.2680000000e+00 5.1674202580e-11 
4.2690000000e+00 5.1981541980e-11 
4.2700000000e+00 5.2291308720e-11 
4.2710000000e+00 5.2603751000e-11 
4.2720000000e+00 5.2918718960e-11 
4.2730000000e+00 5.3236311010e-11 
4.2740000000e+00 5.3556594940e-11 
4.2750000000e+00 5.3879581650e-11 
4.2760000000e+00 5.4205318010e-11 
4.2770000000e+00 5.4533631470e-11 
4.2780000000e+00 5.4864863830e-11 
4.2790000000e+00 5.5198887110e-11 
4.2800000000e+00 5.5535791850e-11 
4.2810000000e+00 5.5875469900e-11 
4.2820000000e+00 5.6218222500e-11 
4.2830000000e+00 5.6563732640e-11 
4.2840000000e+00 5.6912443140e-11 
4.2850000000e+00 5.7264200940e-11 
4.2860000000e+00 5.7618931490e-11 
4.2870000000e+00 5.7976674410e-11 
4.2880000000e+00 5.8337826990e-11 
4.2890000000e+00 5.8701933890e-11 
4.2900000000e+00 5.9069557360e-11 
4.2910000000e+00 5.9440159940e-11 
4.2920000000e+00 5.9814259980e-11 
4.2930000000e+00 6.0191737320e-11 
4.2940000000e+00 6.0572530040e-11 
4.2950000000e+00 6.0956861560e-11 
4.2960000000e+00 6.1344666970e-11 
4.2970000000e+00 6.1735989220e-11 
4.2980000000e+00 6.2131005310e-11 
4.2990000000e+00 6.2529690250e-11 
4.3000000000e+00 6.2931879100e-11 
4.3010000000e+00 6.3338041000e-11 
4.3020000000e+00 6.3747992820e-11 
4.3030000000e+00 6.4161664170e-11 
4.3040000000e+00 6.4579235090e-11 
4.3050000000e+00 6.5000834110e-11 
4.3060000000e+00 6.5426563890e-11 
4.3070000000e+00 6.5856333480e-11 
4.3080000000e+00 6.6290178110e-11 
4.3090000000e+00 6.6728273970e-11 
4.3100000000e+00 6.7170521760e-11 
4.3110000000e+00 6.7617179810e-11 
4.3120000000e+00 6.8068309690e-11 
4.3130000000e+00 6.8523879680e-11 
4.3140000000e+00 6.8983848900e-11 
4.3150000000e+00 6.9448614970e-11 
4.3160000000e+00 6.9917759420e-11 
4.3170000000e+00 7.0391808790e-11 
4.3180000000e+00 7.0870660810e-11 
4.3190000000e+00 7.1354342550e-11 
4.3200000000e+00 7.1842907060e-11 
4.3210000000e+00 7.2336571650e-11 
4.3220000000e+00 7.2835300050e-11 
4.3230000000e+00 7.3339222630e-11 
4.3240000000e+00 7.3848421290e-11 
4.3250000000e+00 7.4362976860e-11 
4.3260000000e+00 7.4882836470e-11 
4.3270000000e+00 7.5408396910e-11 
4.3280000000e+00 7.5939522420e-11 
4.3290000000e+00 7.6476216890e-11 
4.3300000000e+00 7.7018864580e-11 
4.3310000000e+00 7.7567202350e-11 
4.3320000000e+00 7.8121674680e-11 
4.3330000000e+00 7.8682270270e-11 
4.3340000000e+00 7.9248819440e-11 
4.3350000000e+00 7.9821955630e-11 
4.3360000000e+00 8.0401300230e-11 
4.3370000000e+00 8.0987081170e-11 
4.3380000000e+00 8.1579652250e-11 
4.3390000000e+00 8.2178824630e-11 
4.3400000000e+00 8.2784974650e-11 
4.3410000000e+00 8.3397971680e-11 
4.3420000000e+00 8.4018059760e-11 
4.3430000000e+00 8.4645359840e-11 
4.3440000000e+00 8.5280126020e-11 
4.3450000000e+00 8.5922573710e-11 
4.3460000000e+00 8.6572505380e-11 
4.3470000000e+00 8.7230307470e-11 
4.3480000000e+00 8.7895763830e-11 
4.3490000000e+00 8.8569381540e-11 
4.3500000000e+00 8.9251275180e-11 
4.3510000000e+00 8.9941376920e-11 
4.3520000000e+00 9.0640010730e-11 
4.3530000000e+00 9.1347386260e-11 
4.3540000000e+00 9.2063418390e-11 
4.3550000000e+00 9.2788658760e-11 
4.3560000000e+00 9.3522855900e-11 
4.3570000000e+00 9.4266380470e-11 
4.3580000000e+00 9.5019411340e-11 
4.3590000000e+00 9.5781609870e-11 
4.3600000000e+00 9.6554393610e-11 
4.3610000000e+00 9.7337237350e-11 
4.3620000000e+00 9.8130453370e-11 
4.3630000000e+00 9.8934231120e-11 
4.3640000000e+00 9.9748723080e-11 
4.3650000000e+00 1.0057423270e-10 
4.3660000000e+00 1.0141089490e-10 
4.3670000000e+00 1.0225905950e-10 
4.3680000000e+00 1.0311861560e-10 
4.3690000000e+00 1.0399023690e-10 
4.3700000000e+00 1.0487405610e-10 
4.3710000000e+00 1.0577026560e-10 
4.3720000000e+00 1.0667906900e-10 
4.3730000000e+00 1.0760117870e-10 
4.3740000000e+00 1.0853633390e-10 
4.3750000000e+00 1.0948511760e-10 
4.3760000000e+00 1.1044906250e-10 
4.3770000000e+00 1.1142597830e-10 
4.3780000000e+00 1.1241748280e-10 
4.3790000000e+00 1.1342371170e-10 
4.3800000000e+00 1.1444516000e-10 
4.3810000000e+00 1.1548231120e-10 
4.3820000000e+00 1.1653533750e-10 
4.3830000000e+00 1.1760511360e-10 
4.3840000000e+00 1.1869171570e-10 
4.3850000000e+00 1.1979540820e-10 
4.3860000000e+00 1.2091661390e-10 
4.3870000000e+00 1.2205585870e-10 
4.3880000000e+00 1.2321348190e-10 
4.3890000000e+00 1.2439011490e-10 
4.3900000000e+00 1.2558600850e-10 
4.3910000000e+00 1.2680160020e-10 
4.3920000000e+00 1.2803788440e-10 
4.3930000000e+00 1.2929491030e-10 
4.3940000000e+00 1.3057338360e-10 
4.3950000000e+00 1.3187405350e-10 
4.3960000000e+00 1.3319735380e-10 
4.3970000000e+00 1.3454380480e-10 
4.3980000000e+00 1.3591418180e-10 
4.3990000000e+00 1.3730927540e-10 
4.4000000000e+00 1.3872951750e-10 
4.4010000000e+00 1.4017562650e-10 
4.4020000000e+00 1.4164861870e-10 
4.4030000000e+00 1.4314984910e-10 
4.4040000000e+00 1.4467927660e-10 
4.4050000000e+00 1.4623867390e-10 
4.4060000000e+00 1.4782750360e-10 
4.4070000000e+00 1.4944730920e-10 
4.4080000000e+00 1.5109888810e-10 
4.4090000000e+00 1.5278344040e-10 
4.4100000000e+00 1.5450182780e-10 
4.4110000000e+00 1.5625519300e-10 
4.4120000000e+00 1.5804454880e-10 
4.4130000000e+00 1.5987104450e-10 
4.4140000000e+00 1.6173683400e-10 
4.4150000000e+00 1.6364247920e-10 
4.4160000000e+00 1.6558898360e-10 
4.4170000000e+00 1.6757821990e-10 
4.4180000000e+00 1.6961130880e-10 
4.4190000000e+00 1.7169018890e-10 
4.4200000000e+00 1.7381595220e-10 
4.4210000000e+00 1.7599022330e-10 
4.4220000000e+00 1.7821590130e-10 
4.4230000000e+00 1.8049401670e-10 
4.4240000000e+00 1.8282631420e-10 
4.4250000000e+00 1.8521467750e-10 
4.4260000000e+00 1.8766111740e-10 
4.4270000000e+00 1.9016796100e-10 
4.4280000000e+00 1.9273748960e-10 
4.4290000000e+00 1.9537241900e-10 
4.4300000000e+00 1.9807622450e-10 
4.4310000000e+00 2.0085057810e-10 
4.4320000000e+00 2.0369816480e-10 
4.4330000000e+00 2.0662387080e-10 
4.4340000000e+00 2.0962758030e-10 
4.4350000000e+00 2.1271361470e-10 
4.4360000000e+00 2.1588578530e-10 
4.4370000000e+00 2.1914787610e-10 
4.4380000000e+00 2.2250345690e-10 
4.4390000000e+00 2.2595706510e-10 
4.4400000000e+00 2.2951447190e-10 
4.4410000000e+00 2.3317852980e-10 
4.4420000000e+00 2.3695421410e-10 
4.4430000000e+00 2.4084656250e-10 
4.4440000000e+00 2.4486077550e-10 
4.4450000000e+00 2.4900279810e-10 
4.4460000000e+00 2.5327839960e-10 
4.4470000000e+00 2.5769424420e-10 
4.4480000000e+00 2.6225684900e-10 
4.4490000000e+00 2.6697772300e-10 
4.4500000000e+00 2.7185677710e-10 
4.4510000000e+00 2.7690565040e-10 
4.4520000000e+00 2.8213284460e-10 
4.4530000000e+00 2.8754832330e-10 
4.4540000000e+00 2.9316312870e-10 
4.4550000000e+00 2.9898564060e-10 
4.4560000000e+00 3.0502664490e-10 
4.4570000000e+00 3.1129783190e-10 
4.4580000000e+00 3.1781127410e-10 
4.4590000000e+00 3.2457982400e-10 
4.4600000000e+00 3.3161751850e-10 
4.4610000000e+00 3.3894524100e-10 
4.4620000000e+00 3.4656645900e-10 
4.4630000000e+00 3.5450524230e-10 
4.4640000000e+00 3.6278265290e-10 
4.4650000000e+00 3.7141220280e-10 
4.4660000000e+00 3.8041288870e-10 
4.4670000000e+00 3.8980554840e-10 
4.4680000000e+00 3.9961132080e-10 
4.4690000000e+00 4.0985228840e-10 
4.4700000000e+00 4.2055281260e-10 
4.4710000000e+00 4.3175356730e-10 
4.4720000000e+00 4.4345463790e-10 
4.4730000000e+00 4.5569102740e-10 
4.4740000000e+00 4.6849001860e-10 
4.4750000000e+00 4.8187939470e-10 
4.4760000000e+00 4.9588781020e-10 
4.4770000000e+00 5.1054444180e-10 
4.4780000000e+00 5.2587762720e-10 
4.4790000000e+00 5.4191657300e-10 
4.4800000000e+00 5.5870685640e-10 
4.4810000000e+00 5.7624620140e-10 
4.4820000000e+00 5.9457740330e-10 
4.4830000000e+00 6.1372742740e-10 
4.4840000000e+00 6.3372209160e-10 
4.4850000000e+00 6.5458641200e-10 
4.4860000000e+00 6.7634357720e-10 
4.4870000000e+00 6.9901479900e-10 
4.4880000000e+00 7.2261954020e-10 
4.4890000000e+00 7.4717522270e-10 
4.4900000000e+00 7.7269722580e-10 
4.4910000000e+00 7.9920611990e-10 
4.4920000000e+00 8.2671467440e-10 
4.4930000000e+00 8.5522439920e-10 
4.4940000000e+00 8.8474272720e-10 
4.4950000000e+00 9.1527443560e-10 
4.4960000000e+00 9.4682272650e-10 
4.4970000000e+00 9.7938907480e-10 
4.4980000000e+00 1.0129742110e-09 
4.4990000000e+00 1.0475824720e-09 
4.5000000000e+00 1.0831974490e-09 
4.5010000000e+00 1.1198979190e-09 
4.5020000000e+00 1.1576193970e-09 
4.5030000000e+00 1.1963584850e-09 
4.5040000000e+00 1.2361122190e-09 
4.5050000000e+00 1.2768775040e-09 
4.5060000000e+00 1.3186512480e-09 
4.5070000000e+00 1.3614305340e-09 
4.5080000000e+00 1.4052128460e-09 
4.5090000000e+00 1.4499958280e-09 
4.5100000000e+00 1.4957779050e-09 
4.5110000000e+00 1.5425015840e-09 
4.5120000000e+00 1.5902791460e-09 
4.5130000000e+00 1.6390530860e-09 
4.5140000000e+00 1.6888237800e-09 
4.5150000000e+00 1.7395918020e-09 
4.5160000000e+00 1.7913631110e-09 
4.5170000000e+00 1.8441373220e-09 
4.5180000000e+00 1.8979152140e-09 
4.5190000000e+00 1.9526998050e-09 
4.5200000000e+00 2.0084943680e-09 
4.5210000000e+00 2.0653210640e-09 
4.5220000000e+00 2.1231680620e-09 
4.5230000000e+00 2.1820396960e-09 
4.5240000000e+00 2.2419448080e-09 
4.5250000000e+00 2.3027999830e-09 
4.5260000000e+00 2.3647886830e-09 
4.5270000000e+00 2.4278272630e-09 
4.5280000000e+00 2.4919223400e-09 
4.5290000000e+00 2.5570813970e-09 
4.5300000000e+00 2.6233141440e-09 
4.5310000000e+00 2.6906332750e-09 
4.5320000000e+00 2.7590420440e-09 
4.5330000000e+00 2.8285505400e-09 
4.5340000000e+00 2.8991661750e-09 
4.5350000000e+00 2.9708981960e-09 
4.5360000000e+00 3.0437559610e-09 
4.5370000000e+00 3.1177497680e-09 
4.5380000000e+00 3.1928918670e-09 
4.5390000000e+00 3.2691903840e-09 
4.5400000000e+00 3.3466557330e-09 
4.5410000000e+00 3.4252988830e-09 
4.5420000000e+00 3.5049859230e-09 
4.5430000000e+00 3.5860310350e-09 
4.5440000000e+00 3.6682903380e-09 
4.5450000000e+00 3.7517738240e-09 
4.5460000000e+00 3.8364934750e-09 
4.5470000000e+00 3.9224609930e-09 
4.5480000000e+00 4.0096884710e-09 
4.5490000000e+00 4.0981915170e-09 
4.5500000000e+00 4.1879813260e-09 
4.5510000000e+00 4.2790777080e-09 
4.5520000000e+00 4.3714863400e-09 
4.5530000000e+00 4.4652200500e-09 
4.5540000000e+00 4.5602980230e-09 
4.5550000000e+00 4.6567365390e-09 
4.5560000000e+00 4.7545457420e-09 
4.5570000000e+00 4.8537421770e-09 
4.5580000000e+00 4.9543404490e-09 
4.5590000000e+00 5.0564710840e-09 
4.5600000000e+00 5.1600523140e-09 
4.5610000000e+00 5.2650839040e-09 
4.5620000000e+00 5.3715808910e-09 
4.5630000000e+00 5.4795652110e-09 
4.5640000000e+00 5.5890464230e-09 
4.5650000000e+00 5.7000405870e-09 
4.5660000000e+00 5.8125636530e-09 
4.5670000000e+00 5.9266315000e-09 
4.5680000000e+00 6.0419687140e-09 
4.5690000000e+00 6.1591777730e-09 
4.5700000000e+00 6.2779813250e-09 
4.5710000000e+00 6.3983958970e-09 
4.5720000000e+00 6.5204384910e-09 
4.5730000000e+00 6.6441258800e-09 
4.5740000000e+00 6.7694759800e-09 
4.5750000000e+00 6.8965084090e-09 
4.5760000000e+00 7.0252387170e-09 
4.5770000000e+00 7.1556848660e-09 
4.5780000000e+00 7.2878647290e-09 
4.5790000000e+00 7.4217966110e-09 
4.5800000000e+00 7.5575171410e-09 
4.5810000000e+00 7.6950344270e-09 
4.5820000000e+00 7.8343612320e-09 
4.5830000000e+00 7.9755284320e-09 
4.5840000000e+00 8.1185444690e-09 
4.5850000000e+00 8.2634286930e-09 
4.5860000000e+00 8.4102009840e-09 
4.5870000000e+00 8.5588809490e-09 
4.5880000000e+00 8.7094895300e-09 
4.5890000000e+00 8.8620458880e-09 
4.5900000000e+00 9.0165705600e-09 
4.5910000000e+00 9.1730840570e-09 
4.5920000000e+00 9.3316072980e-09 
4.5930000000e+00 9.4921609470e-09 
4.5940000000e+00 9.6547665850e-09 
4.5950000000e+00 9.8194455680e-09 
4.5960000000e+00 9.9862199200e-09 
4.5970000000e+00 1.0155110940e-08 
4.5980000000e+00 1.0326140620e-08 
4.5990000000e+00 1.0499331100e-08 
4.6000000000e+00 1.0674704610e-08 
4.6010000000e+00 1.0852283640e-08 
4.6020000000e+00 1.1032091410e-08 
4.6030000000e+00 1.1214150770e-08 
4.6040000000e+00 1.1398484510e-08 
4.6050000000e+00 1.1585116280e-08 
4.6060000000e+00 1.1774070860e-08 
4.6070000000e+00 1.1965386400e-08 
4.6080000000e+00 1.2159078080e-08 
4.6090000000e+00 1.2355164320e-08 
4.6100000000e+00 1.2553671240e-08 
4.6110000000e+00 1.2754623650e-08 
4.6120000000e+00 1.2958046870e-08 
4.6130000000e+00 1.3163965940e-08 
4.6140000000e+00 1.3372395090e-08 
4.6150000000e+00 1.3582596320e-08 
4.6160000000e+00 1.3796136790e-08 
4.6170000000e+00 1.4012276560e-08 
4.6180000000e+00 1.4231041430e-08 
4.6190000000e+00 1.4452457600e-08 
4.6200000000e+00 1.4676552120e-08 
4.6210000000e+00 1.4903351780e-08 
4.6220000000e+00 1.5132884080e-08 
4.6230000000e+00 1.5365176470e-08 
4.6240000000e+00 1.5600258280e-08 
4.6250000000e+00 1.5838156980e-08 
4.6260000000e+00 1.6078917360e-08 
4.6270000000e+00 1.6322559180e-08 
4.6280000000e+00 1.6569109320e-08 
4.6290000000e+00 1.6818592030e-08 
4.6300000000e+00 1.7071037850e-08 
4.6310000000e+00 1.7326475790e-08 
4.6320000000e+00 1.7584935290e-08 
4.6330000000e+00 1.7846447490e-08 
4.6340000000e+00 1.8111047210e-08 
4.6350000000e+00 1.8378760030e-08 
4.6360000000e+00 1.8649616260e-08 
4.6370000000e+00 1.8923646950e-08 
4.6380000000e+00 1.9200883330e-08 
4.6390000000e+00 1.9481356790e-08 
4.6400000000e+00 1.9765114170e-08 
4.6410000000e+00 2.0052189820e-08 
4.6420000000e+00 2.0342601080e-08 
4.6430000000e+00 2.0636380570e-08 
4.6440000000e+00 2.0933561170e-08 
4.6450000000e+00 2.1234175930e-08 
4.6460000000e+00 2.1538275150e-08 
4.6470000000e+00 2.1845886090e-08 
4.6480000000e+00 2.2157040070e-08 
4.6490000000e+00 2.2471772300e-08 
4.6500000000e+00 2.2790134480e-08 
4.6510000000e+00 2.3112155430e-08 
4.6520000000e+00 2.3437855050e-08 
4.6530000000e+00 2.3767278000e-08 
4.6540000000e+00 2.4100459400e-08 
4.6550000000e+00 2.4437427720e-08 
4.6560000000e+00 2.4778219070e-08 
4.6570000000e+00 2.5122891310e-08 
4.6580000000e+00 2.5471479820e-08 
4.6590000000e+00 2.5824006260e-08 
4.6600000000e+00 2.6180539640e-08 
4.6610000000e+00 2.6541096170e-08 
4.6620000000e+00 2.6905706740e-08 
4.6630000000e+00 2.7274414700e-08 
4.6640000000e+00 2.7647255490e-08 
4.6650000000e+00 2.8024267390e-08 
4.6660000000e+00 2.8405490610e-08 
4.6670000000e+00 2.8790964010e-08 
4.6680000000e+00 2.9180727750e-08 
4.6690000000e+00 2.9574821870e-08 
4.6700000000e+00 2.9973287150e-08 
4.6710000000e+00 3.0376164160e-08 
4.6720000000e+00 3.0783494240e-08 
4.6730000000e+00 3.1195272190e-08 
4.6740000000e+00 3.1611560790e-08 
4.6750000000e+00 3.2032427050e-08 
4.6760000000e+00 3.2457913490e-08 
4.6770000000e+00 3.2888061000e-08 
4.6780000000e+00 3.3322927270e-08 
4.6790000000e+00 3.3762554880e-08 
4.6800000000e+00 3.4206974650e-08 
4.6810000000e+00 3.4656211340e-08 
4.6820000000e+00 3.5110157800e-08 
4.6830000000e+00 3.5569024200e-08 
4.6840000000e+00 3.6032854520e-08 
4.6850000000e+00 3.6501695150e-08 
4.6860000000e+00 3.6975592080e-08 
4.6870000000e+00 3.7454588380e-08 
4.6880000000e+00 3.7938927720e-08 
4.6890000000e+00 3.8428541980e-08 
4.6900000000e+00 3.8923401300e-08 
4.6910000000e+00 3.9423558000e-08 
4.6920000000e+00 3.9929058830e-08 
4.6930000000e+00 4.0439951590e-08 
4.6940000000e+00 4.0956283870e-08 
4.6950000000e+00 4.1478103400e-08 
4.6960000000e+00 4.2005458190e-08 
4.6970000000e+00 4.2538396940e-08 
4.6980000000e+00 4.3077035800e-08 
4.6990000000e+00 4.3621398710e-08 
4.7000000000e+00 4.4171502670e-08 
4.7010000000e+00 4.4727393760e-08 
4.7020000000e+00 4.5289121390e-08 
4.7030000000e+00 4.5856735680e-08 
4.7040000000e+00 4.6430314010e-08 
4.7050000000e+00 4.7009892630e-08 
4.7060000000e+00 4.7595513520e-08 
4.7070000000e+00 4.8187228280e-08 
4.7080000000e+00 4.8785088800e-08 
4.7090000000e+00 4.9389146890e-08 
4.7100000000e+00 4.9999454770e-08 
4.7110000000e+00 5.0616065090e-08 
4.7120000000e+00 5.1239030750e-08 
4.7130000000e+00 5.1868404440e-08 
4.7140000000e+00 5.2504239790e-08 
4.7150000000e+00 5.3146590070e-08 
4.7160000000e+00 5.3795508890e-08 
4.7170000000e+00 5.4451050010e-08 
4.7180000000e+00 5.5113267940e-08 
4.7190000000e+00 5.5782240690e-08 
4.7200000000e+00 5.6458032760e-08 
4.7210000000e+00 5.7140683550e-08 
4.7220000000e+00 5.7830233920e-08 
4.7230000000e+00 5.8526743780e-08 
4.7240000000e+00 5.9230311200e-08 
4.7250000000e+00 5.9940950390e-08 
4.7260000000e+00 6.0658714690e-08 
4.7270000000e+00 6.1383660320e-08 
4.7280000000e+00 6.2115844160e-08 
4.7290000000e+00 6.2855331170e-08 
4.7300000000e+00 6.3602177820e-08 
4.7310000000e+00 6.4356434350e-08 
4.7320000000e+00 6.5118158000e-08 
4.7330000000e+00 6.5887406570e-08 
4.7340000000e+00 6.6664237450e-08 
4.7350000000e+00 6.7448704850e-08 
4.7360000000e+00 6.8240890440e-08 
4.7370000000e+00 6.9040859140e-08 
4.7380000000e+00 6.9848703760e-08 
4.7390000000e+00 7.0664452210e-08 
4.7400000000e+00 7.1487881020e-08 
4.7410000000e+00 7.2319239600e-08 
4.7420000000e+00 7.3158651010e-08 
4.7430000000e+00 7.4006197290e-08 
4.7440000000e+00 7.4861916640e-08 
4.7450000000e+00 7.5725859100e-08 
4.7460000000e+00 7.6598094000e-08 
4.7470000000e+00 7.7478737570e-08 
4.7480000000e+00 7.8367862120e-08 
4.7490000000e+00 7.9265511680e-08 
4.7500000000e+00 8.0171716720e-08 
4.7510000000e+00 8.1086528460e-08 
4.7520000000e+00 8.2010026800e-08 
4.7530000000e+00 8.2942249500e-08 
4.7540000000e+00 8.3883323460e-08 
4.7550000000e+00 8.4833267080e-08 
4.7560000000e+00 8.5792136720e-08 
4.7570000000e+00 8.6760053170e-08 
4.7580000000e+00 8.7737013370e-08 
4.7590000000e+00 8.8723079720e-08 
4.7600000000e+00 8.9718313970e-08 
4.7610000000e+00 9.0722781840e-08 
4.7620000000e+00 9.1736581140e-08 
4.7630000000e+00 9.2759736230e-08 
4.7640000000e+00 9.3792309640e-08 
4.7650000000e+00 9.4834363960e-08 
4.7660000000e+00 9.5885961690e-08 
4.7670000000e+00 9.6947201180e-08 
4.7680000000e+00 9.8018111230e-08 
4.7690000000e+00 9.9098765010e-08 
4.7700000000e+00 1.0018925450e-07 
4.7710000000e+00 1.0128960700e-07 
4.7720000000e+00 1.0239988500e-07 
4.7730000000e+00 1.0352014620e-07 
4.7740000000e+00 1.0465045550e-07 
4.7750000000e+00 1.0579087770e-07 
4.7760000000e+00 1.0694147580e-07 
4.7770000000e+00 1.0810231260e-07 
4.7780000000e+00 1.0927345160e-07 
4.7790000000e+00 1.1045495520e-07 
4.7800000000e+00 1.1164688640e-07 
4.7810000000e+00 1.1284930850e-07 
4.7820000000e+00 1.1406228340e-07 
4.7830000000e+00 1.1528586130e-07 
4.7840000000e+00 1.1652012290e-07 
4.7850000000e+00 1.1776514070e-07 
4.7860000000e+00 1.1902096420e-07 
4.7870000000e+00 1.2028765700e-07 
4.7880000000e+00 1.2156528180e-07 
4.7890000000e+00 1.2285394910e-07 
4.7900000000e+00 1.2415374880e-07 
4.7910000000e+00 1.2546467030e-07 
4.7920000000e+00 1.2678677560e-07 
4.7930000000e+00 1.2812012670e-07 
4.7940000000e+00 1.2946480320e-07 
4.7950000000e+00 1.3082089500e-07 
4.7960000000e+00 1.3218842260e-07 
4.7970000000e+00 1.3356744790e-07 
4.7980000000e+00 1.3495804110e-07 
4.7990000000e+00 1.3636026930e-07 
4.8000000000e+00 1.3777418040e-07 
4.8010000000e+00 1.3919983620e-07 
4.8020000000e+00 1.4063729020e-07 
4.8030000000e+00 1.4208660520e-07 
4.8040000000e+00 1.4354785020e-07 
4.8050000000e+00 1.4502108550e-07 
4.8060000000e+00 1.4650643130e-07 
4.8070000000e+00 1.4800389500e-07 
4.8080000000e+00 1.4951352620e-07 
4.8090000000e+00 1.5103538800e-07 
4.8100000000e+00 1.5256955300e-07 
4.8110000000e+00 1.5411606460e-07 
4.8120000000e+00 1.5567498150e-07 
4.8130000000e+00 1.5724641180e-07 
4.8140000000e+00 1.5883038550e-07 
4.8150000000e+00 1.6042696470e-07 
4.8160000000e+00 1.6203619260e-07 
4.8170000000e+00 1.6365812440e-07 
4.8180000000e+00 1.6529281730e-07 
4.8190000000e+00 1.6694030150e-07 
4.8200000000e+00 1.6860057320e-07 
4.8210000000e+00 1.7027380960e-07 
4.8220000000e+00 1.7196008180e-07 
4.8230000000e+00 1.7365940190e-07 
4.8240000000e+00 1.7537182580e-07 
4.8250000000e+00 1.7709740970e-07 
4.8260000000e+00 1.7883624490e-07 
4.8270000000e+00 1.8058839150e-07 
4.8280000000e+00 1.8235400950e-07 
4.8290000000e+00 1.8413311500e-07 
4.8300000000e+00 1.8592557050e-07 
4.8310000000e+00 1.8773153290e-07 
4.8320000000e+00 1.8955107290e-07 
4.8330000000e+00 1.9138422860e-07 
4.8340000000e+00 1.9323041110e-07 
4.8350000000e+00 1.9509025570e-07 
4.8360000000e+00 1.9696387410e-07 
4.8370000000e+00 1.9885130360e-07 
4.8380000000e+00 2.0075261220e-07 
4.8390000000e+00 2.0266785930e-07 
4.8400000000e+00 2.0459720340e-07 
4.8410000000e+00 2.0654061920e-07 
4.8420000000e+00 2.0849818620e-07 
4.8430000000e+00 2.1046990140e-07 
4.8440000000e+00 2.1245580160e-07 
4.8450000000e+00 2.1445593630e-07 
4.8460000000e+00 2.1647035580e-07 
4.8470000000e+00 2.1849932740e-07 
4.8480000000e+00 2.2054292580e-07 
4.8490000000e+00 2.2260095730e-07 
4.8500000000e+00 2.2467345840e-07 
4.8510000000e+00 2.2676049780e-07 
4.8520000000e+00 2.2886218070e-07 
4.8530000000e+00 2.3097850480e-07 
4.8540000000e+00 2.3310951130e-07 
4.8550000000e+00 2.3525524690e-07 
4.8560000000e+00 2.3741593200e-07 
4.8570000000e+00 2.3959171850e-07 
4.8580000000e+00 2.4178237850e-07 
4.8590000000e+00 2.4398819260e-07 
4.8600000000e+00 2.4620903660e-07 
4.8610000000e+00 2.4844489220e-07 
4.8620000000e+00 2.5069580500e-07 
4.8630000000e+00 2.5296185520e-07 
4.8640000000e+00 2.5524309050e-07 
4.8650000000e+00 2.5753969680e-07 
4.8660000000e+00 2.5985153090e-07 
4.8670000000e+00 2.6217863480e-07 
4.8680000000e+00 2.6452104870e-07 
4.8690000000e+00 2.6687883610e-07 
4.8700000000e+00 2.6925202130e-07 
4.8710000000e+00 2.7164063760e-07 
4.8720000000e+00 2.7404479350e-07 
4.8730000000e+00 2.7646451010e-07 
4.8740000000e+00 2.7889977560e-07 
4.8750000000e+00 2.8135069540e-07 
4.8760000000e+00 2.8381724550e-07 
4.8770000000e+00 2.8629955500e-07 
4.8780000000e+00 2.8879761640e-07 
4.8790000000e+00 2.9131141980e-07 
4.8800000000e+00 2.9384098810e-07 
4.8810000000e+00 2.9638634950e-07 
4.8820000000e+00 2.9894761360e-07 
4.8830000000e+00 3.0152478170e-07 
4.8840000000e+00 3.0411785600e-07 
4.8850000000e+00 3.0672689120e-07 
4.8860000000e+00 3.0935192370e-07 
4.8870000000e+00 3.1199297600e-07 
4.8880000000e+00 3.1465008230e-07 
4.8890000000e+00 3.1732334820e-07 
4.8900000000e+00 3.2001274900e-07 
4.8910000000e+00 3.2271820290e-07 
4.8920000000e+00 3.2543986780e-07 
4.8930000000e+00 3.2817774250e-07 
4.8940000000e+00 3.3093185750e-07 
4.8950000000e+00 3.3370225440e-07 
4.8960000000e+00 3.3648903610e-07 
4.8970000000e+00 3.3929218560e-07 
4.8980000000e+00 3.4211173170e-07 
4.8990000000e+00 3.4494767770e-07 
4.9000000000e+00 3.4780018920e-07 
4.9010000000e+00 3.5066915790e-07 
4.9020000000e+00 3.5355461980e-07 
4.9030000000e+00 3.5645663140e-07 
4.9040000000e+00 3.5937518550e-07 
4.9050000000e+00 3.6231041620e-07 
4.9060000000e+00 3.6526224740e-07 
4.9070000000e+00 3.6823073100e-07 
4.9080000000e+00 3.7121587090e-07 
4.9090000000e+00 3.7421766520e-07 
4.9100000000e+00 3.7723616500e-07 
4.9110000000e+00 3.8027148600e-07 
4.9120000000e+00 3.8332358620e-07 
4.9130000000e+00 3.8639243490e-07 
4.9140000000e+00 3.8947761020e-07 
4.9150000000e+00 3.9257935700e-07 
4.9160000000e+00 3.9569796030e-07 
4.9170000000e+00 3.9883339290e-07 
4.9180000000e+00 4.0198567390e-07 
4.9190000000e+00 4.0515482080e-07 
4.9200000000e+00 4.0834085200e-07 
4.9210000000e+00 4.1154388850e-07 
4.9220000000e+00 4.1476409420e-07 
4.9230000000e+00 4.1800124450e-07 
4.9240000000e+00 4.2125535730e-07 
4.9250000000e+00 4.2452648460e-07 
4.9260000000e+00 4.2781466440e-07 
4.9270000000e+00 4.3111986080e-07 
4.9280000000e+00 4.3444207770e-07 
4.9290000000e+00 4.3778132840e-07 
4.9300000000e+00 4.4113762760e-07 
4.9310000000e+00 4.4451099040e-07 
4.9320000000e+00 4.4790143150e-07 
4.9330000000e+00 4.5130897350e-07 
4.9340000000e+00 4.5473363890e-07 
4.9350000000e+00 4.5817545070e-07 
4.9360000000e+00 4.6163439730e-07 
4.9370000000e+00 4.6511049150e-07 
4.9380000000e+00 4.6860374710e-07 
4.9390000000e+00 4.7211417400e-07 
4.9400000000e+00 4.7564179310e-07 
4.9410000000e+00 4.7918661800e-07 
4.9420000000e+00 4.8274864940e-07 
4.9430000000e+00 4.8632789810e-07 
4.9440000000e+00 4.8992437500e-07 
4.9450000000e+00 4.9353809440e-07 
4.9460000000e+00 4.9716910820e-07 
4.9470000000e+00 5.0081737510e-07 
4.9480000000e+00 5.0448290280e-07 
4.9490000000e+00 5.0816570440e-07 
4.9500000000e+00 5.1186594940e-07 
4.9510000000e+00 5.1558360830e-07 
4.9520000000e+00 5.1931883430e-07 
4.9530000000e+00 5.2307155420e-07 
4.9540000000e+00 5.2682914060e-07 
4.9550000000e+00 5.3061657830e-07 
4.9560000000e+00 5.3442135250e-07 
4.9570000000e+00 5.3824347080e-07 
4.9580000000e+00 5.4208292160e-07 
4.9590000000e+00 5.4593970720e-07 
4.9600000000e+00 5.4981404440e-07 
4.9610000000e+00 5.5370469440e-07 
4.9620000000e+00 5.5761202030e-07 
4.9630000000e+00 5.6153676910e-07 
4.9640000000e+00 5.6547896290e-07 
4.9650000000e+00 5.6943874240e-07 
4.9660000000e+00 5.7341588810e-07 
4.9670000000e+00 5.7741089610e-07 
4.9680000000e+00 5.8142335490e-07 
4.9690000000e+00 5.8545316960e-07 
4.9700000000e+00 5.8950035070e-07 
4.9710000000e+00 5.9356492780e-07 
4.9720000000e+00 5.9764678500e-07 
4.9730000000e+00 6.0174573380e-07 
4.9740000000e+00 6.0586203380e-07 
4.9750000000e+00 6.0999569030e-07 
4.9760000000e+00 6.1414672480e-07 
4.9770000000e+00 6.1831516500e-07 
4.9780000000e+00 6.2250096080e-07 
4.9790000000e+00 6.2670413800e-07 
4.9800000000e+00 6.3092471710e-07 
4.9810000000e+00 6.3516290180e-07 
4.9820000000e+00 6.3941851170e-07 
4.9830000000e+00 6.4369148260e-07 
4.9840000000e+00 6.4798181420e-07 
4.9850000000e+00 6.5228960100e-07 
4.9860000000e+00 6.5661477370e-07 
4.9870000000e+00 6.6095722090e-07 
4.9880000000e+00 6.6531708670e-07 
4.9890000000e+00 6.6969470570e-07 
4.9900000000e+00 6.7408985640e-07 
4.9910000000e+00 6.7850238490e-07 
4.9920000000e+00 6.8293226800e-07 
4.9930000000e+00 6.8737968620e-07 
4.9940000000e+00 6.9184507370e-07 
4.9950000000e+00 6.9632782060e-07 
4.9960000000e+00 7.0082791950e-07 
4.9970000000e+00 7.0534536720e-07 
4.9980000000e+00 7.0988016020e-07 
4.9990000000e+00 7.1443229640e-07 
5.0000000000e+00 7.1900176940e-07 
5.0200000000e+00 8.1410197050e-07 
5.0400000000e+00 9.1618541900e-07 
5.0600000000e+00 1.0251655260e-06 
5.0800000000e+00 1.1410113470e-06 
5.1000000000e+00 1.2636427020e-06 
5.1200000000e+00 1.3929735220e-06 
5.1400000000e+00 1.5290018690e-06 
5.1600000000e+00 1.6716824890e-06 
5.1800000000e+00 1.8209521850e-06 
5.2000000000e+00 1.9767416250e-06 
5.2200000000e+00 2.1391007020e-06 
5.2400000000e+00 2.3080331480e-06 
5.2600000000e+00 2.4834427380e-06 
5.2800000000e+00 2.6655087100e-06 
5.3000000000e+00 2.8541288160e-06 
5.3200000000e+00 3.0493947170e-06 
5.3400000000e+00 3.2515877370e-06 
5.3600000000e+00 3.4607408020e-06 
5.3800000000e+00 3.6775058730e-06 
5.4000000000e+00 3.9032785240e-06 
5.4200000000e+00 4.1391160470e-06 
5.4400000000e+00 4.3841941490e-06 
5.4600000000e+00 4.6381486210e-06 
5.4800000000e+00 4.9010270600e-06 
5.5000000000e+00 5.1739696800e-06 
5.5200000000e+00 5.4571699330e-06 
5.5400000000e+00 5.7506752610e-06 
5.5600000000e+00 6.0548211170e-06 
5.5800000000e+00 6.3705089040e-06 
5.6000000000e+00 6.6983275720e-06 
5.6200000000e+00 7.0386881980e-06 
5.6400000000e+00 7.3925144040e-06 
5.6600000000e+00 7.7607013140e-06 
5.6800000000e+00 8.1443678230e-06 
5.7000000000e+00 8.5441148780e-06 
5.7200000000e+00 8.9611693000e-06 
5.7400000000e+00 9.3953140370e-06 
5.7600000000e+00 9.8469479090e-06 
5.7800000000e+00 1.0316001710e-05 
5.8000000000e+00 1.0804571080e-05 
5.8200000000e+00 1.1306826900e-05 
5.8400000000e+00 1.1830651510e-05 
5.8600000000e+00 1.2372355850e-05 
5.8800000000e+00 1.2930512620e-05 
5.9000000000e+00 1.3514679240e-05 
5.9200000000e+00 1.4113508170e-05 
5.9400000000e+00 1.4731883600e-05 
5.9600000000e+00 1.5378368150e-05 
5.9800000000e+00 1.6053653400e-05 
6.0000000000e+00 1.6744938640e-05 
6.0200000000e+00 1.7455786220e-05 
6.0400000000e+00 1.8197137810e-05 
6.0600000000e+00 1.8968054530e-05 
6.0800000000e+00 1.9764445990e-05 
6.1000000000e+00 2.0592902610e-05 
6.1200000000e+00 2.1454322290e-05 
6.1400000000e+00 2.2341393260e-05 
6.1600000000e+00 2.3261578000e-05 
6.1800000000e+00 2.4219064740e-05 
6.2000000000e+00 2.5210765780e-05 
6.2200000000e+00 2.6238901700e-05 
6.2400000000e+00 2.7303839650e-05 
6.2600000000e+00 2.8405941630e-05 
6.2800000000e+00 2.9551177400e-05 
6.3000000000e+00 3.0736890250e-05 
6.3200000000e+00 3.1961779600e-05 
6.3400000000e+00 3.3228303460e-05 
6.3600000000e+00 3.4540110000e-05 
6.3800000000e+00 3.5893600130e-05 
6.4000000000e+00 3.7294596080e-05 
6.4200000000e+00 3.8738381950e-05 
6.4400000000e+00 4.0226880670e-05 
6.4600000000e+00 4.1760842440e-05 
6.4800000000e+00 4.3339593080e-05 
6.5000000000e+00 4.4965916960e-05 
6.5200000000e+00 4.6639216890e-05 
6.5400000000e+00 4.8355437150e-05 
6.5600000000e+00 5.0118806090e-05 
6.5800000000e+00 5.1926008500e-05 
6.6000000000e+00 5.3776403270e-05 
6.6200000000e+00 5.5670342380e-05 
6.6400000000e+00 5.7599578960e-05 
6.6600000000e+00 5.9569998820e-05 
6.6800000000e+00 6.1580793510e-05 
6.7000000000e+00 6.3630236130e-05 
6.7200000000e+00 6.5721136510e-05 
6.7400000000e+00 6.7846984290e-05 
6.7600000000e+00 7.0008307290e-05 
6.7800000000e+00 7.2206574750e-05 
6.7900000000e+00 7.3320139710e-05 
6.7950000000e+00 7.3880170740e-05 
6.7750000000e+00 7.1653812710e-05 
6.7550000000e+00 6.9464969750e-05 
6.7350000000e+00 6.7313346110e-05 
6.7150000000e+00 6.5195931660e-05 
6.6950000000e+00 6.3114764170e-05 
6.6750000000e+00 6.1075981780e-05 
6.6550000000e+00 5.9074300720e-05 
6.6350000000e+00 5.7115094330e-05 
6.6150000000e+00 5.5195022450e-05 
6.5950000000e+00 5.3310796170e-05 
6.5750000000e+00 5.1472053720e-05 
6.5550000000e+00 4.9674620280e-05 
6.5350000000e+00 4.7923326490e-05 
6.5150000000e+00 4.6217315290e-05 
6.4950000000e+00 4.4555722000e-05 
6.4750000000e+00 4.2941002900e-05 
6.4550000000e+00 4.1374237480e-05 
6.4350000000e+00 3.9851052770e-05 
6.4150000000e+00 3.8373971750e-05 
6.3950000000e+00 3.6940877460e-05 
6.3750000000e+00 3.5551602580e-05 
6.3550000000e+00 3.4209410380e-05 
6.3350000000e+00 3.2908133840e-05 
6.3150000000e+00 3.1652733980e-05 
6.2950000000e+00 3.0437848020e-05 
6.2750000000e+00 2.9261304430e-05 
6.2550000000e+00 2.8127275030e-05 
6.2350000000e+00 2.7034491870e-05 
6.2150000000e+00 2.5978627160e-05 
6.1950000000e+00 2.4959557290e-05 
6.1750000000e+00 2.3977206140e-05 
6.1550000000e+00 2.3028333580e-05 
6.1350000000e+00 2.2116816010e-05 
6.1150000000e+00 2.1235958300e-05 
6.0950000000e+00 2.0382525300e-05 
6.0750000000e+00 1.9562910460e-05 
6.0550000000e+00 1.8773588420e-05 
6.0350000000e+00 1.8008870400e-05 
6.0150000000e+00 1.7275340810e-05 
5.9950000000e+00 1.6569955210e-05 
5.9750000000e+00 1.5883145140e-05 
5.9550000000e+00 1.5213999710e-05 
5.9350000000e+00 1.4574748690e-05 
5.9150000000e+00 1.3963003570e-05 
5.8950000000e+00 1.3365954890e-05 
5.8750000000e+00 1.2788613970e-05 
5.8550000000e+00 1.2236549230e-05 
5.8350000000e+00 1.1697286390e-05 
5.8150000000e+00 1.1179747430e-05 
5.7950000000e+00 1.0680529240e-05 
5.7750000000e+00 1.0197239870e-05 
5.7550000000e+00 9.7323165930e-06 
5.7350000000e+00 9.2850417990e-06 
5.7150000000e+00 8.8552311010e-06 
5.6950000000e+00 8.4425894950e-06 
5.6750000000e+00 8.0469022100e-06 
5.6550000000e+00 7.6672217230e-06 
5.6350000000e+00 7.3026717690e-06 
5.6150000000e+00 6.9523493080e-06 
5.5950000000e+00 6.6151830590e-06 
5.5750000000e+00 6.2904329920e-06 
5.5550000000e+00 5.9777142730e-06 
5.5350000000e+00 5.6762762560e-06 
5.5150000000e+00 5.3853630930e-06 
5.4950000000e+00 5.1047530510e-06 
5.4750000000e+00 4.8344227230e-06 
5.4550000000e+00 4.5738046240e-06 
5.4350000000e+00 4.3220429050e-06 
5.4150000000e+00 4.0793240970e-06 
5.3950000000e+00 3.8458102800e-06 
5.3750000000e+00 3.6224786480e-06 
5.3550000000e+00 3.4076052670e-06 
5.3350000000e+00 3.2003090280e-06 
5.3150000000e+00 2.9998685050e-06 
5.2950000000e+00 2.8062746600e-06 
5.2750000000e+00 2.6192989700e-06 
5.2550000000e+00 2.4389199390e-06 
5.2350000000e+00 2.2651461620e-06 
5.2150000000e+00 2.0978501560e-06 
5.1950000000e+00 1.9371468000e-06 
5.1750000000e+00 1.7830075050e-06 
5.1550000000e+00 1.6353858350e-06 
5.1350000000e+00 1.4943816140e-06 
5.1150000000e+00 1.3600389650e-06 
5.0950000000e+00 1.2323823210e-06 
5.0750000000e+00 1.1114527290e-06 
5.0550000000e+00 9.9729689880e-07 
5.0350000000e+00 8.9002085150e-07 
5.0150000000e+00 7.8967608000e-07 
5.0000000000e+00 7.1902009810e-07 
4.9990000000e+00 7.1446067900e-07 
4.9980000000e+00 7.0990861130e-07 
4.9970000000e+00 7.0537388120e-07 
4.9960000000e+00 7.0085649610e-07 
4.9950000000e+00 6.9635645830e-07 
4.9940000000e+00 6.9187377140e-07 
4.9930000000e+00 6.8740843840e-07 
4.9920000000e+00 6.8296101180e-07 
4.9910000000e+00 6.7853118500e-07 
4.9900000000e+00 6.7411870760e-07 
4.9890000000e+00 6.6972360220e-07 
4.9880000000e+00 6.6534600450e-07 
4.9870000000e+00 6.6098619240e-07 
4.9860000000e+00 6.5664379600e-07 
4.9850000000e+00 6.5231867330e-07 
4.9840000000e+00 6.4801092600e-07 
4.9830000000e+00 6.4372064070e-07 
4.9820000000e+00 6.3944771540e-07 
4.9810000000e+00 6.3519215040e-07 
4.9800000000e+00 6.3095401550e-07 
4.9790000000e+00 6.2673345830e-07 
4.9780000000e+00 6.2253029750e-07 
4.9770000000e+00 6.1834454850e-07 
4.9760000000e+00 6.1417615230e-07 
4.9750000000e+00 6.1002512130e-07 
4.9740000000e+00 6.0589150620e-07 
4.9730000000e+00 6.0177524280e-07 
4.9720000000e+00 5.9767632940e-07 
4.9710000000e+00 5.9359450530e-07 
4.9700000000e+00 5.8952995300e-07 
4.9690000000e+00 5.8548278500e-07 
4.9680000000e+00 5.8145300220e-07 
4.9670000000e+00 5.7744057130e-07 
4.9660000000e+00 5.7344554660e-07 
4.9650000000e+00 5.6946839720e-07 
4.9640000000e+00 5.6550864300e-07 
4.9630000000e+00 5.6156647310e-07 
4.9620000000e+00 5.5764173510e-07 
4.9610000000e+00 5.5373442880e-07 
4.9600000000e+00 5.4984379530e-07 
4.9590000000e+00 5.4596945230e-07 
4.9580000000e+00 5.4211268760e-07 
4.9570000000e+00 5.3827325130e-07 
4.9560000000e+00 5.3445114760e-07 
4.9550000000e+00 5.3063368570e-07 
4.9540000000e+00 5.2684625070e-07 
4.9530000000e+00 5.2307613920e-07 
4.9520000000e+00 5.1932342590e-07 
4.9510000000e+00 5.1558820890e-07 
4.9500000000e+00 5.1187056080e-07 
4.9490000000e+00 5.0817032570e-07 
4.9480000000e+00 5.0448753450e-07 
4.9470000000e+00 5.0082201650e-07 
4.9460000000e+00 4.9717375930e-07 
4.9450000000e+00 4.9354275620e-07 
4.9440000000e+00 4.8992904100e-07 
4.9430000000e+00 4.8633257310e-07 
4.9420000000e+00 4.8275333290e-07 
4.9410000000e+00 4.7919130960e-07 
4.9400000000e+00 4.7564649260e-07 
4.9390000000e+00 4.7211888140e-07 
4.9380000000e+00 4.6860846190e-07 
4.9370000000e+00 4.6511521320e-07 
4.9360000000e+00 4.6163912600e-07 
4.9350000000e+00 4.5818018590e-07 
4.9340000000e+00 4.5473838050e-07 
4.9330000000e+00 4.5131371760e-07 
4.9320000000e+00 4.4790618230e-07 
4.9310000000e+00 4.4451574650e-07 
4.9300000000e+00 4.4114238900e-07 
4.9290000000e+00 4.3778609480e-07 
4.9280000000e+00 4.3444684900e-07 
4.9270000000e+00 4.3112463640e-07 
4.9260000000e+00 4.2781944390e-07 
4.9250000000e+00 4.2453126940e-07 
4.9240000000e+00 4.2126014110e-07 
4.9230000000e+00 4.1800603170e-07 
4.9220000000e+00 4.1476888420e-07 
4.9210000000e+00 4.1154868070e-07 
4.9200000000e+00 4.0834564010e-07 
4.9190000000e+00 4.0515961090e-07 
4.9180000000e+00 4.0199046580e-07 
4.9170000000e+00 3.9883818630e-07 
4.9160000000e+00 3.9570275480e-07 
4.9150000000e+00 3.9258415180e-07 
4.9140000000e+00 3.8948240340e-07 
4.9130000000e+00 3.8639722190e-07 
4.9120000000e+00 3.8332837500e-07 
4.9110000000e+00 3.8027627490e-07 
4.9100000000e+00 3.7724095190e-07 
4.9090000000e+00 3.7422244670e-07 
4.9080000000e+00 3.7122065310e-07 
4.9070000000e+00 3.6823551200e-07 
4.9060000000e+00 3.6526702560e-07 
4.9050000000e+00 3.6231519200e-07 
4.9040000000e+00 3.5937995730e-07 
4.9030000000e+00 3.5646140130e-07 
4.9020000000e+00 3.5355938480e-07 
4.9010000000e+00 3.5067392060e-07 
4.9000000000e+00 3.4780494690e-07 
4.8990000000e+00 3.4495243320e-07 
4.8980000000e+00 3.4211648150e-07 
4.8970000000e+00 3.3929693220e-07 
4.8960000000e+00 3.3649377560e-07 
4.8950000000e+00 3.3370698980e-07 
4.8940000000e+00 3.3093658690e-07 
4.8930000000e+00 3.2818246820e-07 
4.8920000000e+00 3.2544458900e-07 
4.8910000000e+00 3.2272291970e-07 
4.8900000000e+00 3.2001745650e-07 
4.8890000000e+00 3.1732805030e-07 
4.8880000000e+00 3.1465477940e-07 
4.8870000000e+00 3.1199766630e-07 
4.8860000000e+00 3.0935660830e-07 
4.8850000000e+00 3.0673156980e-07 
4.8840000000e+00 3.0412252690e-07 
4.8830000000e+00 3.0152944640e-07 
4.8820000000e+00 2.9895227130e-07 
4.8810000000e+00 2.9639099840e-07 
4.8800000000e+00 2.9384562990e-07 
4.8790000000e+00 2.9131605420e-07 
4.8780000000e+00 2.8880224320e-07 
4.8770000000e+00 2.8630417400e-07 
4.8760000000e+00 2.8382185400e-07 
4.8750000000e+00 2.8135529560e-07 
4.8740000000e+00 2.7890436580e-07 
4.8730000000e+00 2.7646909060e-07 
4.8720000000e+00 2.7404936500e-07 
4.8710000000e+00 2.7164519810e-07 
4.8700000000e+00 2.6925657260e-07 
4.8690000000e+00 2.6688337770e-07 
4.8680000000e+00 2.6452558010e-07 
4.8670000000e+00 2.6218315650e-07 
4.8660000000e+00 2.5985604250e-07 
4.8650000000e+00 2.5754419800e-07 
4.8640000000e+00 2.5524758130e-07 
4.8630000000e+00 2.5296633560e-07 
4.8620000000e+00 2.5070027450e-07 
4.8610000000e+00 2.4844934900e-07 
4.8600000000e+00 2.4621348210e-07 
4.8590000000e+00 2.4399262690e-07 
4.8580000000e+00 2.4178679490e-07 
4.8570000000e+00 2.3959612320e-07 
4.8560000000e+00 2.3742032440e-07 
4.8550000000e+00 2.3525961890e-07 
4.8540000000e+00 2.3311387110e-07 
4.8530000000e+00 2.3098285230e-07 
4.8520000000e+00 2.2886651580e-07 
4.8510000000e+00 2.2676481790e-07 
4.8500000000e+00 2.2467776600e-07 
4.8490000000e+00 2.2260525180e-07 
4.8480000000e+00 2.2054720740e-07 
4.8470000000e+00 2.1850359580e-07 
4.8460000000e+00 2.1647460270e-07 
4.8450000000e+00 2.1446016960e-07 
4.8440000000e+00 2.1246002150e-07 
4.8430000000e+00 2.1047410790e-07 
4.8420000000e+00 2.0850237890e-07 
4.8410000000e+00 2.0654479630e-07 
4.8400000000e+00 2.0460136480e-07 
4.8390000000e+00 2.0267200370e-07 
4.8380000000e+00 2.0075674160e-07 
4.8370000000e+00 1.9885541630e-07 
4.8360000000e+00 1.9696797330e-07 
4.8350000000e+00 1.9509434080e-07 
4.8340000000e+00 1.9323447970e-07 
4.8330000000e+00 1.9138828280e-07 
4.8320000000e+00 1.8955511070e-07 
4.8310000000e+00 1.8773555580e-07 
4.8300000000e+00 1.8592957820e-07 
4.8290000000e+00 1.8413710790e-07 
4.8280000000e+00 1.8235798750e-07 
4.8270000000e+00 1.8059235060e-07 
4.8260000000e+00 1.7884018850e-07 
4.8250000000e+00 1.7710133510e-07 
4.8240000000e+00 1.7537573650e-07 
4.8230000000e+00 1.7366329750e-07 
4.8220000000e+00 1.7196396210e-07 
4.8210000000e+00 1.7027767450e-07 
4.8200000000e+00 1.6860442030e-07 
4.8190000000e+00 1.6694413310e-07 
4.8180000000e+00 1.6529663340e-07 
4.8170000000e+00 1.6366192500e-07 
4.8160000000e+00 1.6203997760e-07 
4.8150000000e+00 1.6043073410e-07 
4.8140000000e+00 1.5883413790e-07 
4.8130000000e+00 1.5725014870e-07 
4.8120000000e+00 1.5567870070e-07 
4.8110000000e+00 1.5411976800e-07 
4.8100000000e+00 1.5257324050e-07 
4.8090000000e+00 1.5103905960e-07 
4.8080000000e+00 1.4951718100e-07 
4.8070000000e+00 1.4800753410e-07 
4.8060000000e+00 1.4651005390e-07 
4.8050000000e+00 1.4502469180e-07 
4.8040000000e+00 1.4355144080e-07 
4.8030000000e+00 1.4209018320e-07 
4.8020000000e+00 1.4064085200e-07 
4.8010000000e+00 1.3920338200e-07 
4.8000000000e+00 1.3777770980e-07 
4.7990000000e+00 1.3636378260e-07 
4.7980000000e+00 1.3496153830e-07 
4.7970000000e+00 1.3357092860e-07 
4.7960000000e+00 1.3219188700e-07 
4.7950000000e+00 1.3082434320e-07 
4.7940000000e+00 1.2946823490e-07 
4.7930000000e+00 1.2812353950e-07 
4.7920000000e+00 1.2679017320e-07 
4.7910000000e+00 1.2546805170e-07 
4.7900000000e+00 1.2415711410e-07 
4.7890000000e+00 1.2285729810e-07 
4.7880000000e+00 1.2156861290e-07 
4.7870000000e+00 1.2029097220e-07 
4.7860000000e+00 1.1902426340e-07 
4.7850000000e+00 1.1776842360e-07 
4.7840000000e+00 1.1652339030e-07 
4.7830000000e+00 1.1528911120e-07 
4.7820000000e+00 1.1406551720e-07 
4.7810000000e+00 1.1285252670e-07 
4.7800000000e+00 1.1165008880e-07 
4.7790000000e+00 1.1045814160e-07 
4.7780000000e+00 1.0927662220e-07 
4.7770000000e+00 1.0810546760e-07 
4.7760000000e+00 1.0694461510e-07 
4.7750000000e+00 1.0579400150e-07 
4.7740000000e+00 1.0465356370e-07 
4.7730000000e+00 1.0352323870e-07 
4.7720000000e+00 1.0240296230e-07 
4.7710000000e+00 1.0129266870e-07 
4.7700000000e+00 1.0019230060e-07 
4.7690000000e+00 9.9101795890e-08 
4.7680000000e+00 9.8021125290e-08 
4.7670000000e+00 9.6950200080e-08 
4.7660000000e+00 9.5888945310e-08 
4.7650000000e+00 9.4837332390e-08 
4.7640000000e+00 9.3795263290e-08 
4.7630000000e+00 9.2762675140e-08 
4.7620000000e+00 9.1739505150e-08 
4.7610000000e+00 9.0725690990e-08 
4.7600000000e+00 8.9721208760e-08 
4.7590000000e+00 8.8725959910e-08 
4.7580000000e+00 8.7739879170e-08 
4.7570000000e+00 8.6762904500e-08 
4.7560000000e+00 8.5794973610e-08 
4.7550000000e+00 8.4836086550e-08 
4.7540000000e+00 8.3886130340e-08 
4.7530000000e+00 8.2945039860e-08 
4.7520000000e+00 8.2012802520e-08 
4.7510000000e+00 8.1089290910e-08 
4.7500000000e+00 8.0174465400e-08 
4.7490000000e+00 7.9268246560e-08 
4.7480000000e+00 7.8370583290e-08 
4.7470000000e+00 7.7481443250e-08 
4.7460000000e+00 7.6600786770e-08 
4.7450000000e+00 7.5728539030e-08 
4.7440000000e+00 7.4864583800e-08 
4.7430000000e+00 7.4008851960e-08 
4.7420000000e+00 7.3161292010e-08 
4.7410000000e+00 7.2321868040e-08 
4.7400000000e+00 7.1490497130e-08 
4.7390000000e+00 7.0667055720e-08 
4.7380000000e+00 6.9851295470e-08 
4.7370000000e+00 6.9043436670e-08 
4.7360000000e+00 6.8243454450e-08 
4.7350000000e+00 6.7451257450e-08 
4.7340000000e+00 6.6666777570e-08 
4.7330000000e+00 6.5889935150e-08 
4.7320000000e+00 6.5120675230e-08 
4.7310000000e+00 6.4358940230e-08 
4.7300000000e+00 6.3604672550e-08 
4.7290000000e+00 6.2857814900e-08 
4.7280000000e+00 6.2118315990e-08 
4.7270000000e+00 6.1386121510e-08 
4.7260000000e+00 6.0661164990e-08 
4.7250000000e+00 5.9943390080e-08 
4.7240000000e+00 5.9232740260e-08 
4.7230000000e+00 5.8529160790e-08 
4.7220000000e+00 5.7832639950e-08 
4.7210000000e+00 5.7143079670e-08 
4.7200000000e+00 5.6460418770e-08 
4.7190000000e+00 5.5784616290e-08 
4.7180000000e+00 5.5115633490e-08 
4.7170000000e+00 5.4453405890e-08 
4.7160000000e+00 5.3797855300e-08 
4.7150000000e+00 5.3148926950e-08 
4.7140000000e+00 5.2506567320e-08 
4.7130000000e+00 5.1870722940e-08 
4.7120000000e+00 5.1241340090e-08 
4.7110000000e+00 5.0618365350e-08 
4.7100000000e+00 5.0001746260e-08 
4.7090000000e+00 4.9391429730e-08 
4.7080000000e+00 4.8787363060e-08 
4.7070000000e+00 4.8189493930e-08 
4.7060000000e+00 4.7597770820e-08 
4.7050000000e+00 4.7012141730e-08 
4.7040000000e+00 4.6432555120e-08 
4.7030000000e+00 4.5858967490e-08 
4.7020000000e+00 4.5291345390e-08 
4.7010000000e+00 4.4729610060e-08 
4.7000000000e+00 4.4173711530e-08 
4.6990000000e+00 4.3623600130e-08 
4.6980000000e+00 4.3079231730e-08 
4.6970000000e+00 4.2540578760e-08 
4.6960000000e+00 4.2007633150e-08 
4.6950000000e+00 4.1480271410e-08 
4.6940000000e+00 4.0958445390e-08 
4.6930000000e+00 4.0442106710e-08 
4.6920000000e+00 3.9931207900e-08 
4.6910000000e+00 3.9425700660e-08 
4.6900000000e+00 3.8925537890e-08 
4.6890000000e+00 3.8430672650e-08 
4.6880000000e+00 3.7941057970e-08 
4.6870000000e+00 3.7456693780e-08 
4.6860000000e+00 3.6977690630e-08 
4.6850000000e+00 3.6503788910e-08 
4.6840000000e+00 3.6034943400e-08 
4.6830000000e+00 3.5571108390e-08 
4.6820000000e+00 3.5112237660e-08 
4.6810000000e+00 3.4658286770e-08 
4.6800000000e+00 3.4209045290e-08 
4.6790000000e+00 3.3764621480e-08 
4.6780000000e+00 3.3324990300e-08 
4.6770000000e+00 3.2890118470e-08 
4.6760000000e+00 3.2459967610e-08 
4.6750000000e+00 3.2034477380e-08 
4.6740000000e+00 3.1613607590e-08 
4.6730000000e+00 3.1197315670e-08 
4.6720000000e+00 3.0785534490e-08 
4.6710000000e+00 3.0378201330e-08 
4.6700000000e+00 2.9975321270e-08 
4.6690000000e+00 2.9576853200e-08 
4.6680000000e+00 2.9182756360e-08 
4.6670000000e+00 2.8792990170e-08 
4.6660000000e+00 2.8407514240e-08 
4.6650000000e+00 2.8026288770e-08 
4.6640000000e+00 2.7649274600e-08 
4.6630000000e+00 2.7276431970e-08 
4.6620000000e+00 2.6907721750e-08 
4.6610000000e+00 2.6543109440e-08 
4.6600000000e+00 2.6182551300e-08 
4.6590000000e+00 2.5826014510e-08 
4.6580000000e+00 2.5473486770e-08 
4.6570000000e+00 2.5124897310e-08 
4.6560000000e+00 2.4780222320e-08 
4.6550000000e+00 2.4439430120e-08 
4.6540000000e+00 2.4102461230e-08 
4.6530000000e+00 2.3769279690e-08 
4.6520000000e+00 2.3439855310e-08 
4.6510000000e+00 2.3114155700e-08 
4.6500000000e+00 2.2792134880e-08 
4.6490000000e+00 2.2473771520e-08 
4.6480000000e+00 2.2159039860e-08 
4.6470000000e+00 2.1847886470e-08 
4.6460000000e+00 2.1540275390e-08 
4.6450000000e+00 2.1236176140e-08 
4.6440000000e+00 2.0935562310e-08 
4.6430000000e+00 2.0638382820e-08 
4.6420000000e+00 2.0344604590e-08 
4.6410000000e+00 2.0054194900e-08 
4.6400000000e+00 1.9767121080e-08 
4.6390000000e+00 1.9483363190e-08 
4.6380000000e+00 1.9202891770e-08 
4.6370000000e+00 1.8925657490e-08 
4.6360000000e+00 1.8651629070e-08 
4.6350000000e+00 1.8380775290e-08 
4.6340000000e+00 1.8113065020e-08 
4.6330000000e+00 1.7848467770e-08 
4.6320000000e+00 1.7586958050e-08 
4.6310000000e+00 1.7328501570e-08 
4.6300000000e+00 1.7073066800e-08 
4.6290000000e+00 1.6820624340e-08 
4.6280000000e+00 1.6571144730e-08 
4.6270000000e+00 1.6324598480e-08 
4.6260000000e+00 1.6080960090e-08 
4.6250000000e+00 1.5840202770e-08 
4.6240000000e+00 1.5602308040e-08 
4.6230000000e+00 1.5367230340e-08 
4.6220000000e+00 1.5134942620e-08 
4.6210000000e+00 1.4905415040e-08 
4.6200000000e+00 1.4678620170e-08 
4.6190000000e+00 1.4454530740e-08 
4.6180000000e+00 1.4233119730e-08 
4.6170000000e+00 1.4014360310e-08 
4.6160000000e+00 1.3798225990e-08 
4.6150000000e+00 1.3584690330e-08 
4.6140000000e+00 1.3372960850e-08 
4.6130000000e+00 1.3164535230e-08 
4.6120000000e+00 1.2958620040e-08 
4.6110000000e+00 1.2755200800e-08 
4.6100000000e+00 1.2554252360e-08 
4.6090000000e+00 1.2355749600e-08 
4.6080000000e+00 1.2159667640e-08 
4.6070000000e+00 1.1965979910e-08 
4.6060000000e+00 1.1774668790e-08 
4.6050000000e+00 1.1585718530e-08 
4.6040000000e+00 1.1399091310e-08 
4.6030000000e+00 1.1214762340e-08 
4.6020000000e+00 1.1032708140e-08 
4.6010000000e+00 1.0852905180e-08 
4.6000000000e+00 1.0675331260e-08 
4.5990000000e+00 1.0499963020e-08 
4.5980000000e+00 1.0326777870e-08 
4.5970000000e+00 1.0155753700e-08 
4.5960000000e+00 9.9868681940e-09 
4.5950000000e+00 9.8200995970e-09 
4.5940000000e+00 9.6554264450e-09 
4.5930000000e+00 9.4928268070e-09 
4.5920000000e+00 9.3322791620e-09 
4.5910000000e+00 9.1737621720e-09 
4.5900000000e+00 9.0172549320e-09 
4.5890000000e+00 8.8627367800e-09 
4.5880000000e+00 8.7101870980e-09 
4.5870000000e+00 8.5595855670e-09 
4.5860000000e+00 8.4109124020e-09 
4.5850000000e+00 8.2641472400e-09 
4.5840000000e+00 8.1192703190e-09 
4.5830000000e+00 7.9762618150e-09 
4.5820000000e+00 7.8351020520e-09 
4.5810000000e+00 7.6957828780e-09 
4.5800000000e+00 7.5582764760e-09 
4.5790000000e+00 7.4225629790e-09 
4.5780000000e+00 7.2886395280e-09 
4.5770000000e+00 7.1564681930e-09 
4.5760000000e+00 7.0260310640e-09 
4.5750000000e+00 6.8973099690e-09 
4.5740000000e+00 6.7702867930e-09 
4.5730000000e+00 6.6449461560e-09 
4.5720000000e+00 6.5212684260e-09 
4.5710000000e+00 6.3992359980e-09 
4.5700000000e+00 6.2788315870e-09 
4.5690000000e+00 6.1600385100e-09 
4.5680000000e+00 6.0428397160e-09 
4.5670000000e+00 5.9269246250e-09 
4.5660000000e+00 5.8128618940e-09 
4.5650000000e+00 5.7003443260e-09 
4.5640000000e+00 5.5893558660e-09 
4.5630000000e+00 5.4798803150e-09 
4.5620000000e+00 5.3719019530e-09 
4.5610000000e+00 5.2654110200e-09 
4.5600000000e+00 5.1603859520e-09 
4.5590000000e+00 5.0568112370e-09 
4.5580000000e+00 4.9546831280e-09 
4.5570000000e+00 4.8540910620e-09 
4.5560000000e+00 4.7549017350e-09 
4.5550000000e+00 4.6570996070e-09 
4.5540000000e+00 4.5606687450e-09 
4.5530000000e+00 4.4655983340e-09 
4.5520000000e+00 4.3718728540e-09 
4.5510000000e+00 4.2794727240e-09 
4.5500000000e+00 4.1883846930e-09 
4.5490000000e+00 4.0986039010e-09 
4.5480000000e+00 4.0101097530e-09 
4.5470000000e+00 3.9228918150e-09 
4.5460000000e+00 3.8369339800e-09 
4.5450000000e+00 3.7522244700e-09 
4.5440000000e+00 3.6687512870e-09 
4.5430000000e+00 3.5865026530e-09 
4.5420000000e+00 3.5054680820e-09 
4.5410000000e+00 3.4254891360e-09 
4.5400000000e+00 3.3468516820e-09 
4.5390000000e+00 3.2693923650e-09 
4.5380000000e+00 3.1931001040e-09 
4.5370000000e+00 3.1179643190e-09 
4.5360000000e+00 3.0439771010e-09 
4.5350000000e+00 2.9711261040e-09 
4.5340000000e+00 2.8994012940e-09 
4.5330000000e+00 2.8287928890e-09 
4.5320000000e+00 2.7592919430e-09 
4.5310000000e+00 2.6908908350e-09 
4.5300000000e+00 2.6235796940e-09 
4.5290000000e+00 2.5573551760e-09 
4.5280000000e+00 2.4922045430e-09 
4.5270000000e+00 2.4281182590e-09 
4.5260000000e+00 2.3650888900e-09 
4.5250000000e+00 2.3031091730e-09 
4.5240000000e+00 2.2420825970e-09 
4.5230000000e+00 2.1821825470e-09 
4.5220000000e+00 2.1233160790e-09 
4.5210000000e+00 2.0654746440e-09 
4.5200000000e+00 2.0086533280e-09 
4.5190000000e+00 1.9528640780e-09 
4.5180000000e+00 1.8980853630e-09 
4.5170000000e+00 1.8443133210e-09 
4.5160000000e+00 1.7915448970e-09 
4.5150000000e+00 1.7397793630e-09 
4.5140000000e+00 1.6890170730e-09 
4.5130000000e+00 1.6392521910e-09 
4.5120000000e+00 1.5904840040e-09 
4.5110000000e+00 1.5427119970e-09 
4.5100000000e+00 1.4958800210e-09 
4.5090000000e+00 1.4501008900e-09 
4.5080000000e+00 1.4053205930e-09 
4.5070000000e+00 1.3615407370e-09 
4.5060000000e+00 1.3187637920e-09 
4.5050000000e+00 1.2769920260e-09 
4.5040000000e+00 1.2362284820e-09 
4.5030000000e+00 1.1964758180e-09 
4.5020000000e+00 1.1577373980e-09 
4.5010000000e+00 1.1200161760e-09 
4.5000000000e+00 1.0833147660e-09 
4.4990000000e+00 1.0476973770e-09 
4.4980000000e+00 1.0130878760e-09 
4.4970000000e+00 9.7950076060e-10 
4.4960000000e+00 9.4693179810e-10 
4.4950000000e+00 9.1538032640e-10 
4.4940000000e+00 8.8484489500e-10 
4.4930000000e+00 8.5532214410e-10 
4.4920000000e+00 8.2680773800e-10 
4.4910000000e+00 7.9929393600e-10 
4.4900000000e+00 7.7277911320e-10 
4.4890000000e+00 7.4725144390e-10 
4.4880000000e+00 7.2269002210e-10 
4.4870000000e+00 6.9907951950e-10 
4.4860000000e+00 6.7640230510e-10 
4.4850000000e+00 6.5463949440e-10 
4.4840000000e+00 6.3376967820e-10 
4.4830000000e+00 6.1376966010e-10 
4.4820000000e+00 5.9461469140e-10 
4.4810000000e+00 5.7627895140e-10 
4.4800000000e+00 5.5873536840e-10 
4.4790000000e+00 5.4195552920e-10 
4.4780000000e+00 5.2592447660e-10 
4.4770000000e+00 5.1058494440e-10 
4.4760000000e+00 4.9592277740e-10 
4.4750000000e+00 4.8190921550e-10 
4.4740000000e+00 4.6851555770e-10 
4.4730000000e+00 4.5571283020e-10 
4.4720000000e+00 4.4347285690e-10 
4.4710000000e+00 4.3176893540e-10 
4.4700000000e+00 4.2057503470e-10 
4.4690000000e+00 4.0987929540e-10 
4.4680000000e+00 3.9963430170e-10 
4.4670000000e+00 3.8982512440e-10 
4.4660000000e+00 3.8042934490e-10 
4.4650000000e+00 3.7142608510e-10 
4.4640000000e+00 3.6279439630e-10 
4.4630000000e+00 3.5451495670e-10 
4.4620000000e+00 3.4657430920e-10 
4.4610000000e+00 3.3895197510e-10 
4.4600000000e+00 3.3163431380e-10 
4.4590000000e+00 3.2459386780e-10 
4.4580000000e+00 3.1782317060e-10 
4.4570000000e+00 3.1130797420e-10 
4.4560000000e+00 3.0503526110e-10 
4.4550000000e+00 2.9899297340e-10 
4.4540000000e+00 2.9316944490e-10 
4.4530000000e+00 2.8755363100e-10 
4.4520000000e+00 2.8213730630e-10 
4.4510000000e+00 2.7690941450e-10 
4.4500000000e+00 2.7186003290e-10 
4.4490000000e+00 2.6698034010e-10 
4.4480000000e+00 2.6226568850e-10 
4.4470000000e+00 2.5770178730e-10 
4.4460000000e+00 2.5328501890e-10 
4.4450000000e+00 2.4900847390e-10 
4.4440000000e+00 2.4486568220e-10 
4.4430000000e+00 2.4085061310e-10 
4.4420000000e+00 2.3695789600e-10 
4.4410000000e+00 2.3318176280e-10 
4.4400000000e+00 2.2951713180e-10 
4.4390000000e+00 2.2595944690e-10 
4.4380000000e+00 2.2250562400e-10 
4.4370000000e+00 2.1914964680e-10 
4.4360000000e+00 2.1588735480e-10 
4.4350000000e+00 2.1271501510e-10 
4.4340000000e+00 2.0962878070e-10 
4.4330000000e+00 2.0662541080e-10 
4.4320000000e+00 2.0370109470e-10 
4.4310000000e+00 2.0085460100e-10 
4.4300000000e+00 1.9807969550e-10 
4.4290000000e+00 1.9537544630e-10 
4.4280000000e+00 1.9274033890e-10 
4.4270000000e+00 1.9017048400e-10 
4.4260000000e+00 1.8766338500e-10 
4.4250000000e+00 1.8521668230e-10 
4.4240000000e+00 1.8282796800e-10 
4.4230000000e+00 1.8049545690e-10 
4.4220000000e+00 1.7821729600e-10 
4.4210000000e+00 1.7599138690e-10 
4.4200000000e+00 1.7381699660e-10 
4.4190000000e+00 1.7169099490e-10 
4.4180000000e+00 1.6961220220e-10 
4.4170000000e+00 1.6757894500e-10 
4.4160000000e+00 1.6558975030e-10 
4.4150000000e+00 1.6364298110e-10 
4.4140000000e+00 1.6173736740e-10 
4.4130000000e+00 1.5987176090e-10 
4.4120000000e+00 1.5804528790e-10 
4.4110000000e+00 1.5625589050e-10 
4.4100000000e+00 1.5450238310e-10 
4.4090000000e+00 1.5278402520e-10 
4.4080000000e+00 1.5109948370e-10 
4.4070000000e+00 1.4944764940e-10 
4.4060000000e+00 1.4782787020e-10 
4.4050000000e+00 1.4623972860e-10 
4.4040000000e+00 1.4468084050e-10 
4.4030000000e+00 1.4315112890e-10 
4.4020000000e+00 1.4164968450e-10 
4.4010000000e+00 1.4017667540e-10 
4.4000000000e+00 1.3873052200e-10 
4.3990000000e+00 1.3731002420e-10 
4.3980000000e+00 1.3591510060e-10 
4.3970000000e+00 1.3454455640e-10 
4.3960000000e+00 1.3319797800e-10 
4.3950000000e+00 1.3187462830e-10 
4.3940000000e+00 1.3057402360e-10 
4.3930000000e+00 1.2929540510e-10 
4.3920000000e+00 1.2803829580e-10 
4.3910000000e+00 1.2680197020e-10 
4.3900000000e+00 1.2558626970e-10 
4.3890000000e+00 1.2439040980e-10 
4.3880000000e+00 1.2321388490e-10 
4.3870000000e+00 1.2205610530e-10 
4.3860000000e+00 1.2091694880e-10 
4.3850000000e+00 1.1979552290e-10 
4.3840000000e+00 1.1869190760e-10 
4.3830000000e+00 1.1760530800e-10 
4.3820000000e+00 1.1653551330e-10 
4.3810000000e+00 1.1548253310e-10 
4.3800000000e+00 1.1444539410e-10 
4.3790000000e+00 1.1342388520e-10 
4.3780000000e+00 1.1241751340e-10 
4.3770000000e+00 1.1142593540e-10 
4.3760000000e+00 1.1045019210e-10 
4.3750000000e+00 1.0948748720e-10 
4.3740000000e+00 1.0853850360e-10 
4.3730000000e+00 1.0760324990e-10 
4.3720000000e+00 1.0668130230e-10 
4.3710000000e+00 1.0577233680e-10 
4.3700000000e+00 1.0487591580e-10 
4.3690000000e+00 1.0399219670e-10 
4.3680000000e+00 1.0312037370e-10 
4.3670000000e+00 1.0226081810e-10 
4.3660000000e+00 1.0141259970e-10 
4.3650000000e+00 1.0057587330e-10 
4.3640000000e+00 9.9750490560e-11 
4.3630000000e+00 9.8935855360e-11 
4.3620000000e+00 9.8132212580e-11 
4.3610000000e+00 9.7338774840e-11 
4.3600000000e+00 9.6555293270e-11 
4.3590000000e+00 9.5782568550e-11 
4.3580000000e+00 9.5019618850e-11 
4.3570000000e+00 9.4266433860e-11 
4.3560000000e+00 9.3522832510e-11 
4.3550000000e+00 9.2788551900e-11 
4.3540000000e+00 9.2063447150e-11 
4.3530000000e+00 9.1347336130e-11 
4.3520000000e+00 9.0639967140e-11 
4.3510000000e+00 8.9941421540e-11 
4.3500000000e+00 8.9251231300e-11 
4.3490000000e+00 8.8569423770e-11 
4.3480000000e+00 8.7895792130e-11 
4.3470000000e+00 8.7230182110e-11 
4.3460000000e+00 8.6572368380e-11 
4.3450000000e+00 8.5922496920e-11 
4.3440000000e+00 8.5280223050e-11 
4.3430000000e+00 8.4645249960e-11 
4.3420000000e+00 8.4017885820e-11 
4.3410000000e+00 8.3397977000e-11 
4.3400000000e+00 8.2784933440e-11 
4.3390000000e+00 8.2178812290e-11 
4.3380000000e+00 8.1579629310e-11 
4.3370000000e+00 8.0987091070e-11 
4.3360000000e+00 8.0401222660e-11 
4.3350000000e+00 7.9821730230e-11 
4.3340000000e+00 7.9248797940e-11 
4.3330000000e+00 7.8682103220e-11 
4.3320000000e+00 7.8121584540e-11 
4.3310000000e+00 7.7567055430e-11 
4.3300000000e+00 7.7018601360e-11 
4.3290000000e+00 7.6476174060e-11 
4.3280000000e+00 7.5939296440e-11 
4.3270000000e+00 7.5408191020e-11 
4.3260000000e+00 7.4882778480e-11 
4.3250000000e+00 7.4362798390e-11 
4.3240000000e+00 7.3848327650e-11 
4.3230000000e+00 7.3339162020e-11 
4.3220000000e+00 7.2835205420e-11 
4.3210000000e+00 7.2336445720e-11 
4.3200000000e+00 7.1842791180e-11 
4.3190000000e+00 7.1354176360e-11 
4.3180000000e+00 7.0870557510e-11 
4.3170000000e+00 7.0391681270e-11 
4.3160000000e+00 6.9917627750e-11 
4.3150000000e+00 6.9448424200e-11 
4.3140000000e+00 6.8983684470e-11 
4.3130000000e+00 6.8523729680e-11 
4.3120000000e+00 6.8068196460e-11 
4.3110000000e+00 6.7617192750e-11 
4.3100000000e+00 6.7170510270e-11 
4.3090000000e+00 6.6728107930e-11 
4.3080000000e+00 6.6290093950e-11 
4.3070000000e+00 6.5856195230e-11 
4.3060000000e+00 6.5426350670e-11 
4.3050000000e+00 6.5000794460e-11 
4.3040000000e+00 6.4579103550e-11 
4.3030000000e+00 6.4161556650e-11 
4.3020000000e+00 6.3747685420e-11 
4.3010000000e+00 6.3337924930e-11 
4.3000000000e+00 6.2931784740e-11 
4.2990000000e+00 6.2529487700e-11 
4.2980000000e+00 6.2130906980e-11 
4.2970000000e+00 6.1735843890e-11 
4.2960000000e+00 6.1344485720e-11 
4.2950000000e+00 6.0956700970e-11 
4.2940000000e+00 6.0572466580e-11 
4.2930000000e+00 6.0191426970e-11 
4.2920000000e+00 5.9814114620e-11 
4.2910000000e+00 5.9440077860e-11 
4.2900000000e+00 5.9069235080e-11 
4.2890000000e+00 5.8701868300e-11 
4.2880000000e+00 5.8337561500e-11 
4.2870000000e+00 5.7976576620e-11 
4.2860000000e+00 5.7618705240e-11 
4.2850000000e+00 5.7264022500e-11 
4.2840000000e+00 5.6912263650e-11 
4.2830000000e+00 5.6563689520e-11 
4.2820000000e+00 5.6217969250e-11 
4.2810000000e+00 5.5875315420e-11 
4.2800000000e+00 5.5535621690e-11 
4.2790000000e+00 5.5198719860e-11 
4.2780000000e+00 5.4864624500e-11 
4.2770000000e+00 5.4533507630e-11 
4.2760000000e+00 5.4204977760e-11 
4.2750000000e+00 5.3879445440e-11 
4.2740000000e+00 5.3556503410e-11 
4.2730000000e+00 5.3236180610e-11 
4.2720000000e+00 5.2918578720e-11 
4.2710000000e+00 5.2603609270e-11 
4.2700000000e+00 5.2291227950e-11 
4.2690000000e+00 5.1981385160e-11 
4.2680000000e+00 5.1673984960e-11 
4.2670000000e+00 5.1369223300e-11 
4.2660000000e+00 5.1066771920e-11 
4.2650000000e+00 5.0766886300e-11 
4.2640000000e+00 5.0469495850e-11 
4.2630000000e+00 5.0174414210e-11 
4.2620000000e+00 4.9881555680e-11 
4.2610000000e+00 4.9591162790e-11 
4.2600000000e+00 4.9303043150e-11 
4.2590000000e+00 4.9017185710e-11 
4.2580000000e+00 4.8733623890e-11 
4.2570000000e+00 4.8452207500e-11 
4.2560000000e+00 4.8173018590e-11 
4.2550000000e+00 4.7895959410e-11 
4.2540000000e+00 4.7621180290e-11 
4.2530000000e+00 4.7348330130e-11 
4.2520000000e+00 4.7077634270e-11 
4.2510000000e+00 4.6809202640e-11 
4.2500000000e+00 4.6542702240e-11 
4.2490000000e+00 4.6278204160e-11 
4.2480000000e+00 4.6015707300e-11 
4.2470000000e+00 4.5755292610e-11 
4.2460000000e+00 4.5496729050e-11 
4.2450000000e+00 4.5240308320e-11 
4.2440000000e+00 4.4985611180e-11 
4.2430000000e+00 4.4733004510e-11 
4.2420000000e+00 4.4482238830e-11 
4.2410000000e+00 4.4233189770e-11 
4.2400000000e+00 4.3986032470e-11 
4.2390000000e+00 4.3740814690e-11 
4.2380000000e+00 4.3497446100e-11 
4.2370000000e+00 4.3255611520e-11 
4.2360000000e+00 4.3015721080e-11 
4.2350000000e+00 4.2777605090e-11 
4.2340000000e+00 4.2541166680e-11 
4.2330000000e+00 4.2306499860e-11 
4.2320000000e+00 4.2073518160e-11 
4.2310000000e+00 4.1842193580e-11 
4.2300000000e+00 4.1612484440e-11 
4.2290000000e+00 4.1384439320e-11 
4.2280000000e+00 4.1158033440e-11 
4.2270000000e+00 4.0933240740e-11 
4.2260000000e+00 4.0709942220e-11 
4.2250000000e+00 4.0488399650e-11 
4.2240000000e+00 4.0268331310e-11 
4.2230000000e+00 4.0049838550e-11 
4.2220000000e+00 3.9832912020e-11 
4.2210000000e+00 3.9617497410e-11 
4.2200000000e+00 3.9403629940e-11 
4.2190000000e+00 3.9191096070e-11 
4.2180000000e+00 3.8980199550e-11 
4.2170000000e+00 3.8770640740e-11 
4.2160000000e+00 3.8562608670e-11 
4.2150000000e+00 3.8355956330e-11 
4.2140000000e+00 3.8150998140e-11 
4.2130000000e+00 3.7947129250e-11 
4.2120000000e+00 3.7744784860e-11 
4.2110000000e+00 3.7543754680e-11 
4.2100000000e+00 3.7344100110e-11 
4.2090000000e+00 3.7145722150e-11 
4.2080000000e+00 3.6948797730e-11 
4.2070000000e+00 3.6753164930e-11 
4.2060000000e+00 3.6558899360e-11 
4.2050000000e+00 3.6365838130e-11 
4.2040000000e+00 3.6174210990e-11 
4.2030000000e+00 3.5983594970e-11 
4.2020000000e+00 3.5794512230e-11 
4.2010000000e+00 3.5606644350e-11 
4.2000000000e+00 3.5419843120e-11 
4.1990000000e+00 3.5234332400e-11 
4.1980000000e+00 3.5050194460e-11 
4.1970000000e+00 3.4867181540e-11 
4.1960000000e+00 3.4685383670e-11 
4.1950000000e+00 3.4504911270e-11 
4.1940000000e+00 3.4325402940e-11 
4.1930000000e+00 3.4147119400e-11 
4.1920000000e+00 3.3970074820e-11 
4.1910000000e+00 3.3794115640e-11 
4.1900000000e+00 3.3619166450e-11 
4.1890000000e+00 3.3445644120e-11 
4.1880000000e+00 3.3273047920e-11 
4.1870000000e+00 3.3101520260e-11 
4.1860000000e+00 3.2931143600e-11 
4.1850000000e+00 3.2761794700e-11 
4.1840000000e+00 3.2593664560e-11 
4.1830000000e+00 3.2426491030e-11 
4.1820000000e+00 3.2260361970e-11 
4.1810000000e+00 3.2095496230e-11 
4.1800000000e+00 3.1931521990e-11 
4.1790000000e+00 3.1768517700e-11 
4.1780000000e+00 3.1606562070e-11 
4.1770000000e+00 3.1445751090e-11 
4.1760000000e+00 3.1285757010e-11 
4.1750000000e+00 3.1126970330e-11 
4.1740000000e+00 3.0968966740e-11 
4.1730000000e+00 3.0812088760e-11 
4.1720000000e+00 3.0656189490e-11 
4.1710000000e+00 3.0501249850e-11 
4.1700000000e+00 3.0347170330e-11 
4.1690000000e+00 3.0194074320e-11 
4.1680000000e+00 3.0041836820e-11 
4.1670000000e+00 2.9890709700e-11 
4.1660000000e+00 2.9740461880e-11 
4.1650000000e+00 2.9591238450e-11 
4.1640000000e+00 2.9442752310e-11 
4.1630000000e+00 2.9295276570e-11 
4.1620000000e+00 2.9148564390e-11 
4.1610000000e+00 2.9002956320e-11 
4.1600000000e+00 2.8858069140e-11 
4.1590000000e+00 2.8714193120e-11 
4.1580000000e+00 2.8571185640e-11 
4.1570000000e+00 2.8428786890e-11 
4.1560000000e+00 2.8287475620e-11 
4.1550000000e+00 2.8146927600e-11 
4.1540000000e+00 2.8007276790e-11 
4.1530000000e+00 2.7868441700e-11 
4.1520000000e+00 2.7730175090e-11 
4.1510000000e+00 2.7593088420e-11 
4.1500000000e+00 2.7456627520e-11 
4.1490000000e+00 2.7320982960e-11 
4.1480000000e+00 2.7186228590e-11 
4.1470000000e+00 2.7052242460e-11 
4.1460000000e+00 2.6919038630e-11 
4.1450000000e+00 2.6786591010e-11 
4.1440000000e+00 2.6654959430e-11 
4.1430000000e+00 2.6524178880e-11 
4.1420000000e+00 2.6394020350e-11 
4.1410000000e+00 2.6264665420e-11 
4.1400000000e+00 2.6136023980e-11 
4.1390000000e+00 2.6008344030e-11 
4.1380000000e+00 2.5881106450e-11 
4.1370000000e+00 2.5754868380e-11 
4.1360000000e+00 2.5629091250e-11 
4.1350000000e+00 2.5504289380e-11 
4.1340000000e+00 2.5380068960e-11 
4.1330000000e+00 2.5256582750e-11 
4.1320000000e+00 2.5133940300e-11 
4.1310000000e+00 2.5011812520e-11 
4.1300000000e+00 2.4890484470e-11 
4.1290000000e+00 2.4769871580e-11 
4.1280000000e+00 2.4650032840e-11 
4.1270000000e+00 2.4530693680e-11 
4.1260000000e+00 2.4412336880e-11 
4.1250000000e+00 2.4294319010e-11 
4.1240000000e+00 2.4177049530e-11 
4.1230000000e+00 2.4060613570e-11 
4.1220000000e+00 2.3944684950e-11 
4.1210000000e+00 2.3829441690e-11 
4.1200000000e+00 2.3714843780e-11 
4.1190000000e+00 2.3600931820e-11 
4.1180000000e+00 2.3487541920e-11 
4.1170000000e+00 2.3374921270e-11 
4.1160000000e+00 2.3262951090e-11 
4.1150000000e+00 2.3151509900e-11 
4.1140000000e+00 2.3040759660e-11 
4.1130000000e+00 2.2930562590e-11 
4.1120000000e+00 2.2821072900e-11 
4.1110000000e+00 2.2712185760e-11 
4.1100000000e+00 2.2603784560e-11 
4.1090000000e+00 2.2496031880e-11 
4.1080000000e+00 2.2388945270e-11 
4.1070000000e+00 2.2282334460e-11 
4.1060000000e+00 2.2176440340e-11 
4.1050000000e+00 2.2071069080e-11 
4.1040000000e+00 2.1966246870e-11 
4.1030000000e+00 2.1862125840e-11 
4.1020000000e+00 2.1758457700e-11 
4.1010000000e+00 2.1655375980e-11 
4.1000000000e+00 2.1552869490e-11 
4.0990000000e+00 2.1450963150e-11 
4.0980000000e+00 2.1349687310e-11 
4.0970000000e+00 2.1248689690e-11 
4.0960000000e+00 2.1148386420e-11 
4.0950000000e+00 2.1048718240e-11 
4.0940000000e+00 2.0949454210e-11 
4.0930000000e+00 2.0850695080e-11 
4.0920000000e+00 2.0752666900e-11 
4.0910000000e+00 2.0655092990e-11 
4.0900000000e+00 2.0558030020e-11 
4.0890000000e+00 2.0461420400e-11 
4.0880000000e+00 2.0365430310e-11 
4.0870000000e+00 2.0269837110e-11 
4.0860000000e+00 2.0174910500e-11 
4.0850000000e+00 2.0080434350e-11 
4.0840000000e+00 1.9986420430e-11 
4.0830000000e+00 1.9892961940e-11 
4.0820000000e+00 1.9799874530e-11 
4.0810000000e+00 1.9707352910e-11 
4.0800000000e+00 1.9615302530e-11 
4.0790000000e+00 1.9523828920e-11 
4.0780000000e+00 1.9432868440e-11 
4.0770000000e+00 1.9342274520e-11 
4.0760000000e+00 1.9252090240e-11 
4.0750000000e+00 1.9162682430e-11 
4.0740000000e+00 1.9073368570e-11 
4.0730000000e+00 1.8984733540e-11 
4.0720000000e+00 1.8896707640e-11 
4.0710000000e+00 1.8808894280e-11 
4.0700000000e+00 1.8721699130e-11 
4.0690000000e+00 1.8634755900e-11 
4.0680000000e+00 1.8548573850e-11 
4.0670000000e+00 1.8462573240e-11 
4.0660000000e+00 1.8377039410e-11 
4.0650000000e+00 1.8292240190e-11 
4.0640000000e+00 1.8207724820e-11 
4.0630000000e+00 1.8123611310e-11 
4.0620000000e+00 1.8039850330e-11 
4.0610000000e+00 1.7956589400e-11 
4.0600000000e+00 1.7873921720e-11 
4.0590000000e+00 1.7791467840e-11 
4.0580000000e+00 1.7709483070e-11 
4.0570000000e+00 1.7627976420e-11 
4.0560000000e+00 1.7546795250e-11 
4.0550000000e+00 1.7466190450e-11 
4.0540000000e+00 1.7385837900e-11 
4.0530000000e+00 1.7306092940e-11 
4.0520000000e+00 1.7226484420e-11 
4.0510000000e+00 1.7147430080e-11 
4.0500000000e+00 1.7068919730e-11 
4.0490000000e+00 1.6990668130e-11 
4.0480000000e+00 1.6912834290e-11 
4.0470000000e+00 1.6835308600e-11 
4.0460000000e+00 1.6758302670e-11 
4.0450000000e+00 1.6681623770e-11 
4.0440000000e+00 1.6605338790e-11 
4.0430000000e+00 1.6529556570e-11 
4.0420000000e+00 1.6454073950e-11 
4.0410000000e+00 1.6378910810e-11 
4.0400000000e+00 1.6304198770e-11 
4.0390000000e+00 1.6229827440e-11 
4.0380000000e+00 1.6155891460e-11 
4.0370000000e+00 1.6082262800e-11 
4.0360000000e+00 1.6009047610e-11 
4.0350000000e+00 1.5936211670e-11 
4.0340000000e+00 1.5863794720e-11 
4.0330000000e+00 1.5791562240e-11 
4.0320000000e+00 1.5719855330e-11 
4.0310000000e+00 1.5648456840e-11 
4.0300000000e+00 1.5577429860e-11 
4.0290000000e+00 1.5506652260e-11 
4.0280000000e+00 1.5436461830e-11 
4.0270000000e+00 1.5366489180e-11 
4.0260000000e+00 1.5296758080e-11 
4.0250000000e+00 1.5227425840e-11 
4.0240000000e+00 1.5158465350e-11 
4.0230000000e+00 1.5089807040e-11 
4.0220000000e+00 1.5021630670e-11 
4.0210000000e+00 1.4953913470e-11 
4.0200000000e+00 1.4886262390e-11 
4.0190000000e+00 1.4819142820e-11 
4.0180000000e+00 1.4752211830e-11 
4.0170000000e+00 1.4685769410e-11 
4.0160000000e+00 1.4619475550e-11 
4.0150000000e+00 1.4553610160e-11 
4.0140000000e+00 1.4488124410e-11 
4.0130000000e+00 1.4422798810e-11 
4.0120000000e+00 1.4357871090e-11 
4.0110000000e+00 1.4293305570e-11 
4.0100000000e+00 1.4229112510e-11 
4.0090000000e+00 1.4165167260e-11 
4.0080000000e+00 1.4101530420e-11 
4.0070000000e+00 1.4038168760e-11 
4.0060000000e+00 1.3975073470e-11 
4.0050000000e+00 1.3912471960e-11 
4.0040000000e+00 1.3849998750e-11 
4.0030000000e+00 1.3787937710e-11 
4.0020000000e+00 1.3726108850e-11 
4.0010000000e+00 1.3664735250e-11 
4.0000000000e+00 1.3603415930e-11 
3.9990000000e+00 1.3542588920e-11 
3.9980000000e+00 1.3482067100e-11 
3.9970000000e+00 1.3421796610e-11 
3.9960000000e+00 1.3361720050e-11 
3.9950000000e+00 1.3302071370e-11 
3.9940000000e+00 1.3242743520e-11 
3.9930000000e+00 1.3183605730e-11 
3.9920000000e+00 1.3124763090e-11 
3.9910000000e+00 1.3066146480e-11 
3.9900000000e+00 1.3007768200e-11 
3.9890000000e+00 1.2949349960e-11 
3.9880000000e+00 1.2891149060e-11 
3.9870000000e+00 1.2833293150e-11 
3.9860000000e+00 1.2775792710e-11 
3.9850000000e+00 1.2718492790e-11 
3.9840000000e+00 1.2661320320e-11 
3.9830000000e+00 1.2604590720e-11 
3.9820000000e+00 1.2548182450e-11 
3.9810000000e+00 1.2492133580e-11 
3.9800000000e+00 1.2436106590e-11 
3.9790000000e+00 1.2380442390e-11 
3.9780000000e+00 1.2325086490e-11 
3.9770000000e+00 1.2269977530e-11 
3.9760000000e+00 1.2215119760e-11 
3.9750000000e+00 1.2160671250e-11 
3.9740000000e+00 1.2106348010e-11 
3.9730000000e+00 1.2052259910e-11 
3.9720000000e+00 1.1998503700e-11 
3.9710000000e+00 1.1944958250e-11 
3.9700000000e+00 1.1891688360e-11 
3.9690000000e+00 1.1838667090e-11 
3.9680000000e+00 1.1786050450e-11 
3.9670000000e+00 1.1733594810e-11 
3.9660000000e+00 1.1681350710e-11 
3.9650000000e+00 1.1629458170e-11 
3.9640000000e+00 1.1577790020e-11 
3.9630000000e+00 1.1526375890e-11 
3.9620000000e+00 1.1475116400e-11 
3.9610000000e+00 1.1424181170e-11 
3.9600000000e+00 1.1373521360e-11 
3.9590000000e+00 1.1323047590e-11 
3.9580000000e+00 1.1272768850e-11 
3.9570000000e+00 1.1222949570e-11 
3.9560000000e+00 1.1173143850e-11 
3.9550000000e+00 1.1123633950e-11 
3.9540000000e+00 1.1074406920e-11 
3.9530000000e+00 1.1025324700e-11 
3.9520000000e+00 1.0976544640e-11 
3.9510000000e+00 1.0928117530e-11 
3.9500000000e+00 1.0879734890e-11 
3.9490000000e+00 1.0831655910e-11 
3.9480000000e+00 1.0783762410e-11 
3.9470000000e+00 1.0736114810e-11 
3.9460000000e+00 1.0688779130e-11 
3.9450000000e+00 1.0641582250e-11 
3.9440000000e+00 1.0594571560e-11 
3.9430000000e+00 1.0547846970e-11 
3.9420000000e+00 1.0501364020e-11 
3.9410000000e+00 1.0455146750e-11 
3.9400000000e+00 1.0409000100e-11 
3.9390000000e+00 1.0363263930e-11 
3.9380000000e+00 1.0317534100e-11 
3.9370000000e+00 1.0272138770e-11 
3.9360000000e+00 1.0226879530e-11 
3.9350000000e+00 1.0181930600e-11 
3.9340000000e+00 1.0137227080e-11 
3.9330000000e+00 1.0092638860e-11 
3.9320000000e+00 1.0048244490e-11 
3.9310000000e+00 1.0004063850e-11 
3.9300000000e+00 9.9602199290e-12 
3.9290000000e+00 9.9165030790e-12 
3.9280000000e+00 9.8730068940e-12 
3.9270000000e+00 9.8295795510e-12 
3.9260000000e+00 9.7865093070e-12 
3.9250000000e+00 9.7435018920e-12 
3.9240000000e+00 9.7008708340e-12 
3.9230000000e+00 9.6583400360e-12 
3.9220000000e+00 9.6161160850e-12 
3.9210000000e+00 9.5739859620e-12 
3.9200000000e+00 9.5320503600e-12 
3.9190000000e+00 9.4902326460e-12 
3.9180000000e+00 9.4487715760e-12 
3.9170000000e+00 9.4074904690e-12 
3.9160000000e+00 9.3663108130e-12 
3.9150000000e+00 9.3253375330e-12 
3.9140000000e+00 9.2845752070e-12 
3.9130000000e+00 9.2441196660e-12 
3.9120000000e+00 9.2036687450e-12 
3.9110000000e+00 9.1634795870e-12 
3.9100000000e+00 9.1233954900e-12 
3.9090000000e+00 9.0837099930e-12 
3.9080000000e+00 9.0440149970e-12 
3.9070000000e+00 9.0045557290e-12 
3.9060000000e+00 8.9654222320e-12 
3.9050000000e+00 8.9261654620e-12 
3.9040000000e+00 8.8873063490e-12 
3.9030000000e+00 8.8486320800e-12 
3.9020000000e+00 8.8101664830e-12 
3.9010000000e+00 8.7718061900e-12 
3.9000000000e+00 8.7335403570e-12 
3.8990000000e+00 8.6956820900e-12 
3.8980000000e+00 8.6577102860e-12 
3.8970000000e+00 8.6200930370e-12 
3.8960000000e+00 8.5826766370e-12 
3.8950000000e+00 8.5452823150e-12 
3.8940000000e+00 8.5081931020e-12 
3.8930000000e+00 8.4712774020e-12 
3.8920000000e+00 8.4346291160e-12 
3.8910000000e+00 8.3980352260e-12 
3.8900000000e+00 8.3615387020e-12 
3.8890000000e+00 8.3251867640e-12 
3.8880000000e+00 8.2892684990e-12 
3.8870000000e+00 8.2532765920e-12 
3.8860000000e+00 8.2175467060e-12 
3.8850000000e+00 8.1818954750e-12 
3.8840000000e+00 8.1465791940e-12 
3.8830000000e+00 8.1112334110e-12 
3.8820000000e+00 8.0762798410e-12 
3.8810000000e+00 8.0412970590e-12 
3.8800000000e+00 8.0065258960e-12 
3.8790000000e+00 7.9719362530e-12 
3.8780000000e+00 7.9373662280e-12 
3.8770000000e+00 7.9032150390e-12 
3.8760000000e+00 7.8690459500e-12 
3.8750000000e+00 7.8350645070e-12 
3.8740000000e+00 7.8011733930e-12 
3.8730000000e+00 7.7675081600e-12 
3.8720000000e+00 7.7339226970e-12 
3.8710000000e+00 7.7006015960e-12 
3.8700000000e+00 7.6674630910e-12 
3.8690000000e+00 7.6343995060e-12 
3.8680000000e+00 7.6015399780e-12 
3.8670000000e+00 7.5687777880e-12 
3.8660000000e+00 7.5362240400e-12 
3.8650000000e+00 7.5036726330e-12 
3.8640000000e+00 7.4714573470e-12 
3.8630000000e+00 7.4393221300e-12 
3.8620000000e+00 7.4072951940e-12 
3.8610000000e+00 7.3754876710e-12 
3.8600000000e+00 7.3437857440e-12 
3.8590000000e+00 7.3121367940e-12 
3.8580000000e+00 7.2807735110e-12 
3.8570000000e+00 7.2495465710e-12 
3.8560000000e+00 7.2184004320e-12 
3.8550000000e+00 7.1873242840e-12 
3.8540000000e+00 7.1565037780e-12 
3.8530000000e+00 7.1258267770e-12 
3.8520000000e+00 7.0951773740e-12 
3.8510000000e+00 7.0647805350e-12 
3.8500000000e+00 7.0344178000e-12 
3.8490000000e+00 7.0042349710e-12 
3.8480000000e+00 6.9742257990e-12 
3.8470000000e+00 6.9443652310e-12 
3.8460000000e+00 6.9146898350e-12 
3.8450000000e+00 6.8850473610e-12 
3.8440000000e+00 6.8555620980e-12 
3.8430000000e+00 6.8261574040e-12 
3.8420000000e+00 6.7969381380e-12 
3.8410000000e+00 6.7679130940e-12 
3.8400000000e+00 6.7388978560e-12 
3.8390000000e+00 6.7100660070e-12 
3.8380000000e+00 6.6813206460e-12 
3.8370000000e+00 6.6528405750e-12 
3.8360000000e+00 6.6243724550e-12 
3.8350000000e+00 6.5959877300e-12 
3.8340000000e+00 6.5679535280e-12 
3.8330000000e+00 6.5398460930e-12 
3.8320000000e+00 6.5118968650e-12 
3.8310000000e+00 6.4840114530e-12 
3.8300000000e+00 6.4564553390e-12 
3.8290000000e+00 6.4287932580e-12 
3.8280000000e+00 6.4015421660e-12 
3.8270000000e+00 6.3741435600e-12 
3.8260000000e+00 6.3469839880e-12 
3.8250000000e+00 6.3199171400e-12 
3.8240000000e+00 6.2930309600e-12 
3.8230000000e+00 6.2662563240e-12 
3.8220000000e+00 6.2395573220e-12 
3.8210000000e+00 6.2131382360e-12 
3.8200000000e+00 6.1866540330e-12 
3.8190000000e+00 6.1603878000e-12 
3.8180000000e+00 6.1341544320e-12 
3.8170000000e+00 6.1081719980e-12 
3.8160000000e+00 6.0821788000e-12 
3.8150000000e+00 6.0562832550e-12 
3.8140000000e+00 6.0306476130e-12 
3.8130000000e+00 6.0048947320e-12 
3.8120000000e+00 5.9793471050e-12 
3.8110000000e+00 5.9541079230e-12 
3.8100000000e+00 5.9287504840e-12 
3.8090000000e+00 5.9035753580e-12 
3.8080000000e+00 5.8785777540e-12 
3.8070000000e+00 5.8535632280e-12 
3.8060000000e+00 5.8287828480e-12 
3.8050000000e+00 5.8041405480e-12 
3.8040000000e+00 5.7793575040e-12 
3.8030000000e+00 5.7549111930e-12 
3.8020000000e+00 5.7305662360e-12 
3.8010000000e+00 5.7063184660e-12 
3.8000000000e+00 5.6821587050e-12 
3.7990000000e+00 5.6581038800e-12 
3.7980000000e+00 5.6341055470e-12 
3.7970000000e+00 5.6104133120e-12 
3.7960000000e+00 5.5865077790e-12 
3.7950000000e+00 5.5630038340e-12 
3.7940000000e+00 5.5393402490e-12 
3.7930000000e+00 5.5159535640e-12 
3.7920000000e+00 5.4926909010e-12 
3.7910000000e+00 5.4693536390e-12 
3.7900000000e+00 5.4462394210e-12 
3.7890000000e+00 5.4231868060e-12 
3.7880000000e+00 5.4003165290e-12 
3.7870000000e+00 5.3775005650e-12 
3.7860000000e+00 5.3547938550e-12 
3.7850000000e+00 5.3322342160e-12 
3.7840000000e+00 5.3096560280e-12 
3.7830000000e+00 5.2872731770e-12 
3.7820000000e+00 5.2650516320e-12 
3.7810000000e+00 5.2428541750e-12 
3.7800000000e+00 5.2206204570e-12 
3.7790000000e+00 5.1986082260e-12 
3.7780000000e+00 5.1767953530e-12 
3.7770000000e+00 5.1549218090e-12 
3.7760000000e+00 5.1331475970e-12 
3.7750000000e+00 5.1115283260e-12 
3.7740000000e+00 5.0899779150e-12 
3.7730000000e+00 5.0685020110e-12 
3.7720000000e+00 5.0472063070e-12 
3.7710000000e+00 5.0259900360e-12 
3.7700000000e+00 5.0048764010e-12 
3.7690000000e+00 4.9837320480e-12 
3.7680000000e+00 4.9628573350e-12 
3.7670000000e+00 4.9419625960e-12 
3.7660000000e+00 4.9212466770e-12 
3.7650000000e+00 4.9005433130e-12 
3.7640000000e+00 4.8800233660e-12 
3.7630000000e+00 4.8594288960e-12 
3.7620000000e+00 4.8390239180e-12 
3.7610000000e+00 4.8187541380e-12 
3.7600000000e+00 4.7985239030e-12 
3.7590000000e+00 4.7784303450e-12 
3.7580000000e+00 4.7584080980e-12 
3.7570000000e+00 4.7384795210e-12 
3.7560000000e+00 4.7184533010e-12 
3.7550000000e+00 4.6987461440e-12 
3.7540000000e+00 4.6790865700e-12 
3.7530000000e+00 4.6594142240e-12 
3.7520000000e+00 4.6398546340e-12 
3.7510000000e+00 4.6204311670e-12 
3.7500000000e+00 4.6011365230e-12 
3.7490000000e+00 4.5818476880e-12 
3.7480000000e+00 4.5626277480e-12 
3.7470000000e+00 4.5435199480e-12 
3.7460000000e+00 4.5245393340e-12 
3.7450000000e+00 4.5056122290e-12 
3.7440000000e+00 4.4867808770e-12 
3.7430000000e+00 4.4680094840e-12 
3.7420000000e+00 4.4492984760e-12 
3.7410000000e+00 4.4306656210e-12 
3.7400000000e+00 4.4122197900e-12 
3.7390000000e+00 4.3937021570e-12 
3.7380000000e+00 4.3752812870e-12 
3.7370000000e+00 4.3570010490e-12 
3.7360000000e+00 4.3388662540e-12 
3.7350000000e+00 4.3207405230e-12 
3.7340000000e+00 4.3026086160e-12 
3.7330000000e+00 4.2846517010e-12 
3.7320000000e+00 4.2668536340e-12 
3.7310000000e+00 4.2490222650e-12 
3.7300000000e+00 4.2312923180e-12 
3.7290000000e+00 4.2135842330e-12 
3.7280000000e+00 4.1961136470e-12 
3.7270000000e+00 4.1786083580e-12 
3.7260000000e+00 4.1610583180e-12 
3.7250000000e+00 4.1437321380e-12 
3.7240000000e+00 4.1264733850e-12 
3.7230000000e+00 4.1093282260e-12 
3.7220000000e+00 4.0920389280e-12 
3.7210000000e+00 4.0751640060e-12 
3.7200000000e+00 4.0581040230e-12 
3.7190000000e+00 4.0412990660e-12 
3.7180000000e+00 4.0243284890e-12 
3.7170000000e+00 4.0075793250e-12 
3.7160000000e+00 3.9909456880e-12 
3.7150000000e+00 3.9743530210e-12 
3.7140000000e+00 3.9578048810e-12 
3.7130000000e+00 3.9413273840e-12 
3.7120000000e+00 3.9250141100e-12 
3.7110000000e+00 3.9086106670e-12 
3.7100000000e+00 3.8923885880e-12 
3.7090000000e+00 3.8761515460e-12 
3.7080000000e+00 3.8599960450e-12 
3.7070000000e+00 3.8439699220e-12 
3.7060000000e+00 3.8279963220e-12 
3.7050000000e+00 3.8120884040e-12 
3.7040000000e+00 3.7962401140e-12 
3.7030000000e+00 3.7805551240e-12 
3.7020000000e+00 3.7648539550e-12 
3.7010000000e+00 3.7493045600e-12 
3.7000000000e+00 3.7336487890e-12 
3.6990000000e+00 3.7183862550e-12 
3.6980000000e+00 3.7028763450e-12 
3.6970000000e+00 3.6875398210e-12 
3.6960000000e+00 3.6723689010e-12 
3.6950000000e+00 3.6571923200e-12 
3.6940000000e+00 3.6420418350e-12 
3.6930000000e+00 3.6270573900e-12 
3.6920000000e+00 3.6121550290e-12 
3.6910000000e+00 3.5971681120e-12 
3.6900000000e+00 3.5822734160e-12 
3.6890000000e+00 3.5675055240e-12 
3.6880000000e+00 3.5527735850e-12 
3.6870000000e+00 3.5381818290e-12 
3.6860000000e+00 3.5235842660e-12 
3.6850000000e+00 3.5090598530e-12 
3.6840000000e+00 3.4946131910e-12 
3.6830000000e+00 3.4801452860e-12 
3.6820000000e+00 3.4658884020e-12 
3.6810000000e+00 3.4516574900e-12 
3.6800000000e+00 3.4373527190e-12 
3.6790000000e+00 3.4231833790e-12 
3.6780000000e+00 3.4090696990e-12 
3.6770000000e+00 3.3950229730e-12 
3.6760000000e+00 3.3811534710e-12 
3.6750000000e+00 3.3671930140e-12 
3.6740000000e+00 3.3532857270e-12 
3.6730000000e+00 3.3395680060e-12 
3.6720000000e+00 3.3257553800e-12 
3.6710000000e+00 3.3120546340e-12 
3.6700000000e+00 3.2985507940e-12 
3.6690000000e+00 3.2849723860e-12 
3.6680000000e+00 3.2713824350e-12 
3.6670000000e+00 3.2581266220e-12 
3.6660000000e+00 3.2446424770e-12 
3.6650000000e+00 3.2313034580e-12 
3.6640000000e+00 3.2180842980e-12 
3.6630000000e+00 3.2048448550e-12 
3.6620000000e+00 3.1917860620e-12 
3.6610000000e+00 3.1785455440e-12 
3.6600000000e+00 3.1655629690e-12 
3.6590000000e+00 3.1525350690e-12 
3.6580000000e+00 3.1396613180e-12 
3.6570000000e+00 3.1267495500e-12 
3.6560000000e+00 3.1139281520e-12 
3.6550000000e+00 3.1012089160e-12 
3.6540000000e+00 3.0884974390e-12 
3.6530000000e+00 3.0759541360e-12 
3.6520000000e+00 3.0634273760e-12 
3.6510000000e+00 3.0507910120e-12 
3.6500000000e+00 3.0383306170e-12 
3.6490000000e+00 3.0259193660e-12 
3.6480000000e+00 3.0136090460e-12 
3.6470000000e+00 3.0013071380e-12 
3.6460000000e+00 2.9890042400e-12 
3.6450000000e+00 2.9767809940e-12 
3.6440000000e+00 2.9646338510e-12 
3.6430000000e+00 2.9524491880e-12 
3.6420000000e+00 2.9405973490e-12 
3.6410000000e+00 2.9285580570e-12 
3.6400000000e+00 2.9165247270e-12 
3.6390000000e+00 2.9046838620e-12 
3.6380000000e+00 2.8928297390e-12 
3.6370000000e+00 2.8810523990e-12 
3.6360000000e+00 2.8691876790e-12 
3.6350000000e+00 2.8576844370e-12 
3.6340000000e+00 2.8460077730e-12 
3.6330000000e+00 2.8342652430e-12 
3.6320000000e+00 2.8227816380e-12 
3.6310000000e+00 2.8113240920e-12 
3.6300000000e+00 2.7999245660e-12 
3.6290000000e+00 2.7885609360e-12 
3.6280000000e+00 2.7771273480e-12 
3.6270000000e+00 2.7658622690e-12 
3.6260000000e+00 2.7546220130e-12 
3.6250000000e+00 2.7433600200e-12 
3.6240000000e+00 2.7322788930e-12 
3.6230000000e+00 2.7212136590e-12 
3.6220000000e+00 2.7100359340e-12 
3.6210000000e+00 2.6990530940e-12 
3.6200000000e+00 2.6880982530e-12 
3.6190000000e+00 2.6772207060e-12 
3.6180000000e+00 2.6663596800e-12 
3.6170000000e+00 2.6556001860e-12 
3.6160000000e+00 2.6446974400e-12 
3.6150000000e+00 2.6340353410e-12 
3.6140000000e+00 2.6233350440e-12 
3.6130000000e+00 2.6126456480e-12 
3.6120000000e+00 2.6021347060e-12 
3.6110000000e+00 2.5915069070e-12 
3.6100000000e+00 2.5810840790e-12 
3.6090000000e+00 2.5705922080e-12 
3.6080000000e+00 2.5601833680e-12 
3.6070000000e+00 2.5497501660e-12 
3.6060000000e+00 2.5394482100e-12 
3.6050000000e+00 2.5291739100e-12 
3.6040000000e+00 2.5188107210e-12 
3.6030000000e+00 2.5087237450e-12 
3.6020000000e+00 2.4984898250e-12 
3.6010000000e+00 2.4883867560e-12 
3.6000000000e+00 2.4783765300e-12 
3.5990000000e+00 2.4684365930e-12 
3.5980000000e+00 2.4583365720e-12 
3.5970000000e+00 2.4484137870e-12 
3.5960000000e+00 2.4384284660e-12 
3.5950000000e+00 2.4286989240e-12 
3.5940000000e+00 2.4188964110e-12 
3.5930000000e+00 2.4090104880e-12 
3.5920000000e+00 2.3993348250e-12 
3.5910000000e+00 2.3896375740e-12 
3.5900000000e+00 2.3800077150e-12 
3.5890000000e+00 2.3703320600e-12 
3.5880000000e+00 2.3608719230e-12 
3.5870000000e+00 2.3513589710e-12 
3.5860000000e+00 2.3417503180e-12 
3.5850000000e+00 2.3323201850e-12 
3.5840000000e+00 2.3229391040e-12 
3.5830000000e+00 2.3135550700e-12 
3.5820000000e+00 2.3042063110e-12 
3.5810000000e+00 2.2950255520e-12 
3.5800000000e+00 2.2857395940e-12 
3.5790000000e+00 2.2764920620e-12 
3.5780000000e+00 2.2674093220e-12 
3.5770000000e+00 2.2582557790e-12 
3.5760000000e+00 2.2492283970e-12 
3.5750000000e+00 2.2401947590e-12 
3.5740000000e+00 2.2312171110e-12 
3.5730000000e+00 2.2221565610e-12 
3.5720000000e+00 2.2133040620e-12 
3.5710000000e+00 2.2043799490e-12 
3.5700000000e+00 2.1955492280e-12 
3.5690000000e+00 2.1868116940e-12 
3.5680000000e+00 2.1780265580e-12 
3.5670000000e+00 2.1693494480e-12 
3.5660000000e+00 2.1606291480e-12 
3.5650000000e+00 2.1520112420e-12 
3.5640000000e+00 2.1433021150e-12 
3.5630000000e+00 2.1348313610e-12 
3.5620000000e+00 2.1262190560e-12 
3.5610000000e+00 2.1176508870e-12 
3.5600000000e+00 2.1091151610e-12 
3.5590000000e+00 2.1007898350e-12 
3.5580000000e+00 2.0924048480e-12 
3.5570000000e+00 2.0840207770e-12 
3.5560000000e+00 2.0756771010e-12 
3.5550000000e+00 2.0674607100e-12 
3.5540000000e+00 2.0590510000e-12 
3.5530000000e+00 2.0509943670e-12 
3.5520000000e+00 2.0427814400e-12 
3.5510000000e+00 2.0345748910e-12 
3.5500000000e+00 2.0264835310e-12 
3.5490000000e+00 2.0183569840e-12 
3.5480000000e+00 2.0103024480e-12 
3.5470000000e+00 2.0023873490e-12 
3.5460000000e+00 1.9943182180e-12 
3.5450000000e+00 1.9863586440e-12 
3.5440000000e+00 1.9783793560e-12 
3.5430000000e+00 1.9706226430e-12 
3.5420000000e+00 1.9627169370e-12 
3.5410000000e+00 1.9548608720e-12 
3.5400000000e+00 1.9470970590e-12 
3.5390000000e+00 1.9393996030e-12 
3.5380000000e+00 1.9316028780e-12 
3.5370000000e+00 1.9238821230e-12 
3.5360000000e+00 1.9162020450e-12 
3.5350000000e+00 1.9086338700e-12 
3.5340000000e+00 1.9010946830e-12 
3.5330000000e+00 1.8934658500e-12 
3.5320000000e+00 1.8860021910e-12 
3.5310000000e+00 1.8783767740e-12 
3.5300000000e+00 1.8710432420e-12 
3.5290000000e+00 1.8636334490e-12 
3.5280000000e+00 1.8562192480e-12 
3.5270000000e+00 1.8488935880e-12 
3.5260000000e+00 1.8415223700e-12 
3.5250000000e+00 1.8343113390e-12 
3.5240000000e+00 1.8271078180e-12 
3.5230000000e+00 1.8198163610e-12 
3.5220000000e+00 1.8125710600e-12 
3.5210000000e+00 1.8054492010e-12 
3.5200000000e+00 1.7983962730e-12 
3.5190000000e+00 1.7912579260e-12 
3.5180000000e+00 1.7842018840e-12 
3.5170000000e+00 1.7771268490e-12 
3.5160000000e+00 1.7701334980e-12 
3.5150000000e+00 1.7631307690e-12 
3.5140000000e+00 1.7561880070e-12 
3.5130000000e+00 1.7492141470e-12 
3.5120000000e+00 1.7423130020e-12 
3.5110000000e+00 1.7354801890e-12 
3.5100000000e+00 1.7286467870e-12 
3.5090000000e+00 1.7217883600e-12 
3.5080000000e+00 1.7150128950e-12 
3.5070000000e+00 1.7083030590e-12 
3.5060000000e+00 1.7015646580e-12 
3.5050000000e+00 1.6948641130e-12 
3.5040000000e+00 1.6882319210e-12 
3.5030000000e+00 1.6816666240e-12 
3.5020000000e+00 1.6749286560e-12 
3.5010000000e+00 1.6683553380e-12 
3.5000000000e+00 1.6618290810e-12 
3.4990000000e+00 1.6553973010e-12 
3.4980000000e+00 1.6488225200e-12 
3.4970000000e+00 1.6423665090e-12 
3.4960000000e+00 1.6359191640e-12 
3.4950000000e+00 1.6294660530e-12 
3.4940000000e+00 1.6231166250e-12 
3.4930000000e+00 1.6166125070e-12 
3.4920000000e+00 1.6103538910e-12 
3.4910000000e+00 1.6041072750e-12 
3.4900000000e+00 1.5977876520e-12 
3.4890000000e+00 1.5915188840e-12 
3.4880000000e+00 1.5852874450e-12 
3.4870000000e+00 1.5789780000e-12 
3.4860000000e+00 1.5728274010e-12 
3.4850000000e+00 1.5666416160e-12 
3.4840000000e+00 1.5605802190e-12 
3.4830000000e+00 1.5545287570e-12 
3.4820000000e+00 1.5483763230e-12 
3.4810000000e+00 1.5424019660e-12 
3.4800000000e+00 1.5362570910e-12 
3.4790000000e+00 1.5303247600e-12 
3.4780000000e+00 1.5243019110e-12 
3.4770000000e+00 1.5183681730e-12 
3.4760000000e+00 1.5124339450e-12 
3.4750000000e+00 1.5065006900e-12 
3.4740000000e+00 1.5007678790e-12 
3.4730000000e+00 1.4948044150e-12 
3.4720000000e+00 1.4889476190e-12 
3.4710000000e+00 1.4831860070e-12 
3.4700000000e+00 1.4774663190e-12 
3.4690000000e+00 1.4716187520e-12 
3.4680000000e+00 1.4659599470e-12 
3.4670000000e+00 1.4602321670e-12 
3.4660000000e+00 1.4544594920e-12 
3.4650000000e+00 1.4488260890e-12 
3.4640000000e+00 1.4431707150e-12 
3.4630000000e+00 1.4375796330e-12 
3.4620000000e+00 1.4320100290e-12 
3.4610000000e+00 1.4264527150e-12 
3.4600000000e+00 1.4208667560e-12 
3.4590000000e+00 1.4154267650e-12 
3.4580000000e+00 1.4097707820e-12 
3.4570000000e+00 1.4043564330e-12 
3.4560000000e+00 1.3988936070e-12 
3.4550000000e+00 1.3935111760e-12 
3.4540000000e+00 1.3880232520e-12 
3.4530000000e+00 1.3826575020e-12 
3.4520000000e+00 1.3774235340e-12 
3.4510000000e+00 1.3719171980e-12 
3.4500000000e+00 1.3666924060e-12 
3.4490000000e+00 1.3612946700e-12 
3.4480000000e+00 1.3560991140e-12 
3.4470000000e+00 1.3508448680e-12 
3.4460000000e+00 1.3456110950e-12 
3.4450000000e+00 1.3405077140e-12 
3.4440000000e+00 1.3351725610e-12 
3.4430000000e+00 1.3300302360e-12 
3.4420000000e+00 1.3249234210e-12 
3.4410000000e+00 1.3198024310e-12 
3.4400000000e+00 1.3146041800e-12 
3.4390000000e+00 1.3095851580e-12 
3.4380000000e+00 1.3045563420e-12 
3.4370000000e+00 1.2995081280e-12 
3.4360000000e+00 1.2944733050e-12 
3.4350000000e+00 1.2894646200e-12 
3.4340000000e+00 1.2844728870e-12 
3.4330000000e+00 1.2794824400e-12 
3.4320000000e+00 1.2746008460e-12 
3.4310000000e+00 1.2696213350e-12 
3.4300000000e+00 1.2647928750e-12 
3.4290000000e+00 1.2598531340e-12 
3.4280000000e+00 1.2550024160e-12 
3.4270000000e+00 1.2501857910e-12 
3.4260000000e+00 1.2453863360e-12 
3.4250000000e+00 1.2406019710e-12 
3.4240000000e+00 1.2358314460e-12 
3.4230000000e+00 1.2310215040e-12 
3.4220000000e+00 1.2263549020e-12 
3.4210000000e+00 1.2215845550e-12 
3.4200000000e+00 1.2168959380e-12 
3.4190000000e+00 1.2122401790e-12 
3.4180000000e+00 1.2076114500e-12 
3.4170000000e+00 1.2028942620e-12 
3.4160000000e+00 1.1982974540e-12 
3.4150000000e+00 1.1937005120e-12 
3.4140000000e+00 1.1890781660e-12 
3.4130000000e+00 1.1845106220e-12 
3.4120000000e+00 1.1799272850e-12 
3.4110000000e+00 1.1754518060e-12 
3.4100000000e+00 1.1710010580e-12 
3.4090000000e+00 1.1664584980e-12 
3.4080000000e+00 1.1620240100e-12 
3.4070000000e+00 1.1576265820e-12 
3.4060000000e+00 1.1531615760e-12 
3.4050000000e+00 1.1486912340e-12 
3.4040000000e+00 1.1442968560e-12 
3.4030000000e+00 1.1399140890e-12 
3.4020000000e+00 1.1355867740e-12 
3.4010000000e+00 1.1312919360e-12 
3.4000000000e+00 1.1268950700e-12 
3.3990000000e+00 1.1226102630e-12 
3.3980000000e+00 1.1182881790e-12 
3.3970000000e+00 1.1140677150e-12 
3.3960000000e+00 1.1098112300e-12 
3.3950000000e+00 1.1055239490e-12 
3.3940000000e+00 1.1013873780e-12 
3.3930000000e+00 1.0972158370e-12 
3.3920000000e+00 1.0930009740e-12 
3.3910000000e+00 1.0887793410e-12 
3.3900000000e+00 1.0846305190e-12 
3.3890000000e+00 1.0805662050e-12 
3.3880000000e+00 1.0764606640e-12 
3.3870000000e+00 1.0722226250e-12 
3.3860000000e+00 1.0682428760e-12 
3.3850000000e+00 1.0642381970e-12 
3.3840000000e+00 1.0601187790e-12 
3.3830000000e+00 1.0560993370e-12 
3.3820000000e+00 1.0520104820e-12 
3.3810000000e+00 1.0479510100e-12 
3.3800000000e+00 1.0441506750e-12 
3.3790000000e+00 1.0401522980e-12 
3.3780000000e+00 1.0361820870e-12 
3.3770000000e+00 1.0322667480e-12 
3.3760000000e+00 1.0284060750e-12 
3.3750000000e+00 1.0244446720e-12 
3.3740000000e+00 1.0204646270e-12 
3.3730000000e+00 1.0167190850e-12 
3.3720000000e+00 1.0128041030e-12 
3.3710000000e+00 1.0089711560e-12 
3.3700000000e+00 1.0052116830e-12 
3.3690000000e+00 1.0014296080e-12 
3.3680000000e+00 9.9759840480e-13 
3.3670000000e+00 9.9379869880e-13 
3.3660000000e+00 9.9014181660e-13 
3.3650000000e+00 9.8632574050e-13 
3.3640000000e+00 9.8265353580e-13 
3.3630000000e+00 9.7895644110e-13 
3.3620000000e+00 9.7522742230e-13 
3.3610000000e+00 9.7158171090e-13 
3.3600000000e+00 9.6783299950e-13 
3.3590000000e+00 9.6414587560e-13 
3.3580000000e+00 9.6053308160e-13 
3.3570000000e+00 9.5694365610e-13 
3.3560000000e+00 9.5327233880e-13 
3.3550000000e+00 9.4963676840e-13 
3.3540000000e+00 9.4620837360e-13 
3.3530000000e+00 9.4252431010e-13 
3.3520000000e+00 9.3908293270e-13 
3.3510000000e+00 9.3546212560e-13 
3.3500000000e+00 9.3195116930e-13 
3.3490000000e+00 9.2846986080e-13 
3.3480000000e+00 9.2493173150e-13 
3.3470000000e+00 9.2148298810e-13 
3.3460000000e+00 9.1799204760e-13 
3.3450000000e+00 9.1460616170e-13 
3.3440000000e+00 9.1112941610e-13 
3.3430000000e+00 9.0765893470e-13 
3.3420000000e+00 9.0434468450e-13 
3.3410000000e+00 9.0092997130e-13 
3.3400000000e+00 8.9752615640e-13 
3.3390000000e+00 8.9422845920e-13 
3.3380000000e+00 8.9083803220e-13 
3.3370000000e+00 8.8749502550e-13 
3.3360000000e+00 8.8419526340e-13 
3.3350000000e+00 8.8085353020e-13 
3.3340000000e+00 8.7760224810e-13 
3.3330000000e+00 8.7428706070e-13 
3.3320000000e+00 8.7097206620e-13 
3.3310000000e+00 8.6771306180e-13 
3.3300000000e+00 8.6444446930e-13 
3.3290000000e+00 8.6120576580e-13 
3.3280000000e+00 8.5799757470e-13 
3.3270000000e+00 8.5486980340e-13 
3.3260000000e+00 8.5161068200e-13 
3.3250000000e+00 8.4841965980e-13 
3.3240000000e+00 8.4526605290e-13 
3.3230000000e+00 8.4218202920e-13 
3.3220000000e+00 8.3900321310e-13 
3.3210000000e+00 8.3588166000e-13 
3.3200000000e+00 8.3277873090e-13 
3.3190000000e+00 8.2957036100e-13 
3.3180000000e+00 8.2653935280e-13 
3.3170000000e+00 8.2348914950e-13 
3.3160000000e+00 8.2042374010e-13 
3.3150000000e+00 8.1738510790e-13 
3.3140000000e+00 8.1437277280e-13 
3.3130000000e+00 8.1135193980e-13 
3.3120000000e+00 8.0824380410e-13 
3.3110000000e+00 8.0521398860e-13 
3.3100000000e+00 8.0220798130e-13 
3.3090000000e+00 7.9916208900e-13 
3.3080000000e+00 7.9624549420e-13 
3.3070000000e+00 7.9321173710e-13 
3.3060000000e+00 7.9031229310e-13 
3.3050000000e+00 7.8726608330e-13 
3.3040000000e+00 7.8433205360e-13 
3.3030000000e+00 7.8139260130e-13 
3.3020000000e+00 7.7855905330e-13 
3.3010000000e+00 7.7563111920e-13 
3.3000000000e+00 7.7260608510e-13 
3.2990000000e+00 7.6981521310e-13 
3.2980000000e+00 7.6699449870e-13 
3.2970000000e+00 7.6410885370e-13 
3.2960000000e+00 7.6121049610e-13 
3.2950000000e+00 7.5834349760e-13 
3.2940000000e+00 7.5566367350e-13 
3.2930000000e+00 7.5277961100e-13 
3.2920000000e+00 7.4997536870e-13 
3.2910000000e+00 7.4716614860e-13 
3.2900000000e+00 7.4434673030e-13 
3.2890000000e+00 7.4164456350e-13 
3.2880000000e+00 7.3883739120e-13 
3.2870000000e+00 7.3620214120e-13 
3.2860000000e+00 7.3334783470e-13 
3.2850000000e+00 7.3065878510e-13 
3.2840000000e+00 7.2791567160e-13 
3.2830000000e+00 7.2536914450e-13 
3.2820000000e+00 7.2258623060e-13 
3.2810000000e+00 7.1987563430e-13 
3.2800000000e+00 7.1727996570e-13 
3.2790000000e+00 7.1454232130e-13 
3.2780000000e+00 7.1188201120e-13 
3.2770000000e+00 7.0931094210e-13 
3.2760000000e+00 7.0673261920e-13 
3.2750000000e+00 7.0401712960e-13 
3.2740000000e+00 7.0145333550e-13 
3.2730000000e+00 6.9880694470e-13 
3.2720000000e+00 6.9628720790e-13 
3.2710000000e+00 6.9374518490e-13 
3.2700000000e+00 6.9108291880e-13 
3.2690000000e+00 6.8860117740e-13 
3.2680000000e+00 6.8609443820e-13 
3.2670000000e+00 6.8350129790e-13 
3.2660000000e+00 6.8100978480e-13 
3.2650000000e+00 6.7856533670e-13 
3.2640000000e+00 6.7608670630e-13 
3.2630000000e+00 6.7353024180e-13 
3.2620000000e+00 6.7102793650e-13 
3.2610000000e+00 6.6858898950e-13 
3.2600000000e+00 6.6614635940e-13 
3.2590000000e+00 6.6368856040e-13 
3.2580000000e+00 6.6129830420e-13 
3.2570000000e+00 6.5883045640e-13 
3.2560000000e+00 6.5642996050e-13 
3.2550000000e+00 6.5395586370e-13 
3.2540000000e+00 6.5161929900e-13 
3.2530000000e+00 6.4916292320e-13 
3.2520000000e+00 6.4679477350e-13 
3.2510000000e+00 6.4441313670e-13 
3.2500000000e+00 6.4206793290e-13 
3.2490000000e+00 6.3973284620e-13 
3.2480000000e+00 6.3739701640e-13 
3.2470000000e+00 6.3509010390e-13 
3.2460000000e+00 6.3271248090e-13 
3.2450000000e+00 6.3045567810e-13 
3.2440000000e+00 6.2815448410e-13 
3.2430000000e+00 6.2581453930e-13 
3.2420000000e+00 6.2351730240e-13 
3.2410000000e+00 6.2123248900e-13 
3.2400000000e+00 6.1905325430e-13 
3.2390000000e+00 6.1672206800e-13 
3.2380000000e+00 6.1456496520e-13 
3.2370000000e+00 6.1227825550e-13 
3.2360000000e+00 6.1004136220e-13 
3.2350000000e+00 6.0782316520e-13 
3.2340000000e+00 6.0561468440e-13 
3.2330000000e+00 6.0341759160e-13 
3.2320000000e+00 6.0125005940e-13 
3.2310000000e+00 5.9907052470e-13 
3.2300000000e+00 5.9693747080e-13 
3.2290000000e+00 5.9468297090e-13 
3.2280000000e+00 5.9259212750e-13 
3.2270000000e+00 5.9035231820e-13 
3.2260000000e+00 5.8832378990e-13 
3.2250000000e+00 5.8603847540e-13 
3.2240000000e+00 5.8399807080e-13 
3.2230000000e+00 5.8190577910e-13 
3.2220000000e+00 5.7974238580e-13 
3.2210000000e+00 5.7773471980e-13 
3.2200000000e+00 5.7556384450e-13 
3.2190000000e+00 5.7352405240e-13 
3.2180000000e+00 5.7151696890e-13 
3.2170000000e+00 5.6937007210e-13 
3.2160000000e+00 5.6731541250e-13 
3.2150000000e+00 5.6525586310e-13 
3.2140000000e+00 5.6328207410e-13 
3.2130000000e+00 5.6114654520e-13 
3.2120000000e+00 5.5917949380e-13 
3.2110000000e+00 5.5728087420e-13 
3.2100000000e+00 5.5514386410e-13 
3.2090000000e+00 5.5322107590e-13 
3.2080000000e+00 5.5124934010e-13 
3.2070000000e+00 5.4926500020e-13 
3.2060000000e+00 5.4731379100e-13 
3.2050000000e+00 5.4528042640e-13 
3.2040000000e+00 5.4342097980e-13 
3.2030000000e+00 5.4135202040e-13 
3.2020000000e+00 5.3950590310e-13 
3.2010000000e+00 5.3748531870e-13 
3.2000000000e+00 5.3557474280e-13 
3.1990000000e+00 5.3378963250e-13 
3.1980000000e+00 5.3174692930e-13 
3.1970000000e+00 5.2998676020e-13 
3.1960000000e+00 5.2793683480e-13 
3.1950000000e+00 5.2608715240e-13 
3.1940000000e+00 5.2419459430e-13 
3.1930000000e+00 5.2244629960e-13 
3.1920000000e+00 5.2041117330e-13 
3.1910000000e+00 5.1858088890e-13 
3.1900000000e+00 5.1682803920e-13 
3.1890000000e+00 5.1494835470e-13 
3.1880000000e+00 5.1319539890e-13 
3.1870000000e+00 5.1128428030e-13 
3.1860000000e+00 5.0955085530e-13 
3.1850000000e+00 5.0764339540e-13 
3.1840000000e+00 5.0582674270e-13 
3.1830000000e+00 5.0409922730e-13 
3.1820000000e+00 5.0232180280e-13 
3.1810000000e+00 5.0052077330e-13 
3.1800000000e+00 4.9877922470e-13 
3.1790000000e+00 4.9697267280e-13 
3.1780000000e+00 4.9525066870e-13 
3.1770000000e+00 4.9353133780e-13 
3.1760000000e+00 4.9175202120e-13 
3.1750000000e+00 4.8998958240e-13 
3.1740000000e+00 4.8826449090e-13 
3.1730000000e+00 4.8650239150e-13 
3.1720000000e+00 4.8479603350e-13 
3.1710000000e+00 4.8307483700e-13 
3.1700000000e+00 4.8133042060e-13 
3.1690000000e+00 4.7968810440e-13 
3.1680000000e+00 4.7802424040e-13 
3.1670000000e+00 4.7628327160e-13 
3.1660000000e+00 4.7463939260e-13 
3.1650000000e+00 4.7292885360e-13 
3.1640000000e+00 4.7126569610e-13 
3.1630000000e+00 4.6954674120e-13 
3.1620000000e+00 4.6788310610e-13 
3.1610000000e+00 4.6632951430e-13 
3.1600000000e+00 4.6468253160e-13 
3.1590000000e+00 4.6302862910e-13 
3.1580000000e+00 4.6135903540e-13 
3.1570000000e+00 4.5983332430e-13 
3.1560000000e+00 4.5826560630e-13 
3.1550000000e+00 4.5659781770e-13 
3.1540000000e+00 4.5506806570e-13 
3.1530000000e+00 4.5337600260e-13 
3.1520000000e+00 4.5184662390e-13 
3.1510000000e+00 4.5017540440e-13 
3.1500000000e+00 4.4867982040e-13 
3.1490000000e+00 4.4703529570e-13 
3.1480000000e+00 4.4554886320e-13 
3.1470000000e+00 4.4404089950e-13 
3.1460000000e+00 4.4239527350e-13 
3.1450000000e+00 4.4088518030e-13 
3.1440000000e+00 4.3936400150e-13 
3.1430000000e+00 4.3781628170e-13 
3.1420000000e+00 4.3628337710e-13 
3.1410000000e+00 4.3478742830e-13 
3.1400000000e+00 4.3321523080e-13 
3.1390000000e+00 4.3172594080e-13 
3.1380000000e+00 4.3034002790e-13 
3.1370000000e+00 4.2877635980e-13 
3.1360000000e+00 4.2734531140e-13 
3.1350000000e+00 4.2578078860e-13 
3.1340000000e+00 4.2431379750e-13 
3.1330000000e+00 4.2281358880e-13 
3.1320000000e+00 4.2137791250e-13 
3.1310000000e+00 4.1991779240e-13 
3.1300000000e+00 4.1848753420e-13 
3.1290000000e+00 4.1716191260e-13 
3.1280000000e+00 4.1551734890e-13 
3.1270000000e+00 4.1417127820e-13 
3.1260000000e+00 4.1266628960e-13 
3.1250000000e+00 4.1132363050e-13 
3.1240000000e+00 4.0992269760e-13 
3.1230000000e+00 4.0844177740e-13 
3.1220000000e+00 4.0707179110e-13 
3.1210000000e+00 4.0567904090e-13 
3.1200000000e+00 4.0429276820e-13 
3.1190000000e+00 4.0288665690e-13 
3.1180000000e+00 4.0147892110e-13 
3.1170000000e+00 4.0008887280e-13 
3.1160000000e+00 3.9876379320e-13 
3.1150000000e+00 3.9739925010e-13 
3.1140000000e+00 3.9609174000e-13 
3.1130000000e+00 3.9476732510e-13 
3.1120000000e+00 3.9339342300e-13 
3.1110000000e+00 3.9213169620e-13 
3.1100000000e+00 3.9077871040e-13 
3.1090000000e+00 3.8930856680e-13 
3.1080000000e+00 3.8806171680e-13 
3.1070000000e+00 3.8674407820e-13 
3.1060000000e+00 3.8541789370e-13 
3.1050000000e+00 3.8413913980e-13 
3.1040000000e+00 3.8280463760e-13 
3.1030000000e+00 3.8155058750e-13 
3.1020000000e+00 3.8024540470e-13 
3.1010000000e+00 3.7894003400e-13 
3.1000000000e+00 3.7761442500e-13 
3.0990000000e+00 3.7644444300e-13 
3.0980000000e+00 3.7511971440e-13 
3.0970000000e+00 3.7390090390e-13 
3.0960000000e+00 3.7252108210e-13 
3.0950000000e+00 3.7137500530e-13 
3.0940000000e+00 3.7012055240e-13 
3.0930000000e+00 3.6886967580e-13 
3.0920000000e+00 3.6767626340e-13 
3.0910000000e+00 3.6644423760e-13 
3.0900000000e+00 3.6519996270e-13 
3.0890000000e+00 3.6390082870e-13 
3.0880000000e+00 3.6278949430e-13 
3.0870000000e+00 3.6144446970e-13 
3.0860000000e+00 3.6034907010e-13 
3.0850000000e+00 3.5908305870e-13 
3.0840000000e+00 3.5791169510e-13 
3.0830000000e+00 3.5672845860e-13 
3.0820000000e+00 3.5555590710e-13 
3.0810000000e+00 3.5428626570e-13 
3.0800000000e+00 3.5316641390e-13 
3.0790000000e+00 3.5194446140e-13 
3.0780000000e+00 3.5071899340e-13 
3.0770000000e+00 3.4959945590e-13 
3.0760000000e+00 3.4853613930e-13 
3.0750000000e+00 3.4730346960e-13 
3.0740000000e+00 3.4612033830e-13 
3.0730000000e+00 3.4496377070e-13 
3.0720000000e+00 3.4386509700e-13 
3.0710000000e+00 3.4267978300e-13 
3.0700000000e+00 3.4157241520e-13 
3.0690000000e+00 3.4043563710e-13 
3.0680000000e+00 3.3927362670e-13 
3.0670000000e+00 3.3809306800e-13 
3.0660000000e+00 3.3694285610e-13 
3.0650000000e+00 3.3592285380e-13 
3.0640000000e+00 3.3481287390e-13 
3.0630000000e+00 3.3370648850e-13 
3.0620000000e+00 3.3261121740e-13 
3.0610000000e+00 3.3152413690e-13 
3.0600000000e+00 3.3043563960e-13 
3.0590000000e+00 3.2925131900e-13 
3.0580000000e+00 3.2821556540e-13 
3.0570000000e+00 3.2715502580e-13 
3.0560000000e+00 3.2603166550e-13 
3.0550000000e+00 3.2498124740e-13 
3.0540000000e+00 3.2392153110e-13 
3.0530000000e+00 3.2281655760e-13 
3.0520000000e+00 3.2174985690e-13 
3.0510000000e+00 3.2069720110e-13 
3.0500000000e+00 3.1965274240e-13 
3.0490000000e+00 3.1855632800e-13 
3.0480000000e+00 3.1756586070e-13 
3.0470000000e+00 3.1648333640e-13 
3.0460000000e+00 3.1547793670e-13 
3.0450000000e+00 3.1439886100e-13 
3.0440000000e+00 3.1335772330e-13 
3.0430000000e+00 3.1236469980e-13 
3.0420000000e+00 3.1132725590e-13 
3.0410000000e+00 3.1039577540e-13 
3.0400000000e+00 3.0938896320e-13 
3.0390000000e+00 3.0837115040e-13 
3.0380000000e+00 3.0731434940e-13 
3.0370000000e+00 3.0640862800e-13 
3.0360000000e+00 3.0534695450e-13 
3.0350000000e+00 3.0443051330e-13 
3.0340000000e+00 3.0341117250e-13 
3.0330000000e+00 3.0246981850e-13 
3.0320000000e+00 3.0140598890e-13 
3.0310000000e+00 3.0048745030e-13 
3.0300000000e+00 2.9950612380e-13 
3.0290000000e+00 2.9857901840e-13 
3.0280000000e+00 2.9765012950e-13 
3.0270000000e+00 2.9663632340e-13 
3.0260000000e+00 2.9567966230e-13 
3.0250000000e+00 2.9474626290e-13 
3.0240000000e+00 2.9379727650e-13 
3.0230000000e+00 2.9287907170e-13 
3.0220000000e+00 2.9182580890e-13 
3.0210000000e+00 2.9094283710e-13 
3.0200000000e+00 2.9006140720e-13 
3.0190000000e+00 2.8913765630e-13 
3.0180000000e+00 2.8815782700e-13 
3.0170000000e+00 2.8715118030e-13 
3.0160000000e+00 2.8625472190e-13 
3.0150000000e+00 2.8534727840e-13 
3.0140000000e+00 2.8439424010e-13 
3.0130000000e+00 2.8358310790e-13 
3.0120000000e+00 2.8264736880e-13 
3.0110000000e+00 2.8172696330e-13 
3.0100000000e+00 2.8076840820e-13 
3.0090000000e+00 2.7992209510e-13 
3.0080000000e+00 2.7901006410e-13 
3.0070000000e+00 2.7809324320e-13 
3.0060000000e+00 2.7722225720e-13 
3.0050000000e+00 2.7635282710e-13 
3.0040000000e+00 2.7541936910e-13 
3.0030000000e+00 2.7465163560e-13 
3.0020000000e+00 2.7372588510e-13 
3.0010000000e+00 2.7283636280e-13 
3.0000000000e+00 2.7197722040e-13 
2.9500000000e+00 2.3281152440e-13 
2.9000000000e+00 2.0018586140e-13 
2.8500000000e+00 1.7245039290e-13 
2.8000000000e+00 1.4887375720e-13 
2.7500000000e+00 1.2864961700e-13 
2.7000000000e+00 1.1133391120e-13 
2.6500000000e+00 9.6488040600e-14 
2.6000000000e+00 8.3518371030e-14 
2.5500000000e+00 7.2426627260e-14 
2.5000000000e+00 6.2857490650e-14 
2.4500000000e+00 5.4526101640e-14 
2.4000000000e+00 4.7499641430e-14 
2.3500000000e+00 4.1466401750e-14 
2.3000000000e+00 3.6102349160e-14 
2.2500000000e+00 3.1307412380e-14 
2.2000000000e+00 2.7008664260e-14 
2.1500000000e+00 2.3085393280e-14 
2.1000000000e+00 1.9658331050e-14 
2.0500000000e+00 1.6709007210e-14 
2.0000000000e+00 1.4193087110e-14 
1.9500000000e+00 1.2129327430e-14 
1.9000000000e+00 1.0448610220e-14 
1.8500000000e+00 9.2089841370e-15 
1.8000000000e+00 8.1547609770e-15 
1.7500000000e+00 7.2503324220e-15 
1.7000000000e+00 6.4656397050e-15 
1.6500000000e+00 5.8825617950e-15 
1.6000000000e+00 5.3745031570e-15 
1.5500000000e+00 4.9301773730e-15 
1.5000000000e+00 4.4683702190e-15 
1.4500000000e+00 4.1689717690e-15 
1.4000000000e+00 3.8067541520e-15 
1.3500000000e+00 3.4642641160e-15 
1.3000000000e+00 3.2703900670e-15 
1.2500000000e+00 3.0340519280e-15 
1.2000000000e+00 2.7772470300e-15 
1.1500000000e+00 2.6644542110e-15 
1.1000000000e+00 2.4358946010e-15 
1.0500000000e+00 2.2963608930e-15 
1.0000000000e+00 2.1286065560e-15 
9.5000000000e-01 1.9848351760e-15 
9.0000000000e-01 1.8243511560e-15 
8.5000000000e-01 1.6714337580e-15 
8.0000000000e-01 1.5954939820e-15 
7.5000000000e-01 1.4082776920e-15 
7.0000000000e-01 1.2658405760e-15 
6.5000000000e-01 1.1750138620e-15 
6.0000000000e-01 1.0933813860e-15 
5.5000000000e-01 9.3767542330e-16 
5.0000000000e-01 8.4527072660e-16 
4.5000000000e-01 7.5944461750e-16 
4.0000000000e-01 5.8779169900e-16 
3.5000000000e-01 4.8921257110e-16 
3.0000000000e-01 4.0463668810e-16 
2.5000000000e-01 3.2945648800e-16 
2.0000000000e-01 3.3302464230e-16 
1.5000000000e-01 2.5555834130e-16 
1.0000000000e-01 1.7903733940e-16 
5.0000000000e-02 1.0684990020e-16 
2.9910447680e-13 1.7119990280e-17 
